id,depart,timeloss,espera,paradas,co2
p1_N2_S2.0,0.0,40.0,29.0,1,221.56
p1_N1_S1.0,0.0,38.87,29.0,1,221.38
p1_S2_N2.0,0.0,40.2,30.0,1,227.79
p1_N1_S1.1,10.0,34.54,21.0,1,209.37
p1_S2_N2.1,10.0,34.7,22.0,1,214.74
p1_N2_S2.1,10.0,36.33,24.0,1,219.1
p1_N1_S1.2,20.0,26.4,13.0,1,196.51
p1_N2_S2.2,20.0,28.14,16.0,1,206.06
p1_S1_N1.0,0.0,34.91,25.0,1,210.0
p1_S2_N2.2,20.0,22.01,10.0,1,182.99
p1_S1_N1.1,10.0,33.93,21.0,1,208.46
p1_N1_S1.3,30.0,15.65,4.0,1,179.37
p1_N2_S2.3,30.0,18.88,4.0,1,189.8
p1_S2_N2.3,30.0,21.2,6.0,1,206.34
p1_N1_S1.4,40.0,11.65,0.0,0,172.31
p1_S1_N1.2,20.0,31.75,15.0,1,212.63
p1_S2_N2.4,40.0,13.0,0.0,0,183.13
p1_S1_N1.3,30.0,23.56,7.0,1,210.97
p1_N2_S2.4,40.0,16.53,0.0,0,175.54
p1_S2_N2.5,50.0,5.84,0.0,0,155.19
p1_E_W.0,0.0,27.83,17.0,1,243.29
p1_E_N1.0,3.0,29.42,16.0,1,253.52
p1_W_S2.0,3.0,41.2,23.0,1,262.32
p1_E_W.1,8.0,37.16,16.0,1,262.56
p1_E_W.2,15.0,27.59,13.0,1,246.97
p1_W_E.0,0.0,34.54,22.0,1,244.7
p1_E_W.3,22.0,26.67,11.0,1,261.28
p1_W_E.1,6.0,44.1,21.0,1,286.07
p1_E_W.4,29.0,21.46,5.0,1,248.99
p1_N2_W.0,3.0,49.11,27.0,1,304.84
p1_W_E.2,9.0,42.63,21.0,1,294.05
p1_W_E.3,12.0,40.63,21.0,1,295.4
p1_W_E.4,15.0,40.12,20.0,1,290.45
p1_W_E.5,18.0,39.39,20.0,1,277.09
p1_W_E.6,21.0,38.11,20.0,1,276.59
p1_W_E.7,24.0,36.86,19.0,1,273.07
p1_S1_E.0,3.0,53.32,30.0,2,307.72
p1_S1_E.1,33.0,28.59,4.0,1,276.64
p1_W_E.8,27.0,30.25,18.0,1,247.73
p1_W_E.9,30.0,33.38,18.0,1,256.88
p1_W_S2.1,36.0,34.36,16.0,1,267.0
p1_W_E.10,33.0,38.27,16.0,1,265.68
p1_E_N1.1,32.0,31.62,19.0,1,263.63
p1_W_E.11,39.0,27.89,12.0,1,264.89
p1_W_E.12,42.0,30.51,12.0,1,272.03
p1_N2_W.1,33.0,12.56,0.0,0,222.52
p1_W_E.13,45.0,31.41,12.0,1,284.58
p1_E_W.5,36.0,28.33,13.0,1,242.23
p1_W_E.14,48.0,32.12,9.0,1,293.1
p1_S1_N1.4,40.0,62.41,45.0,2,266.69
p1_E_W.6,44.0,37.11,13.0,1,271.06
p1_N1_S1.5,50.0,52.22,40.0,1,238.29
p1_E_W.7,51.0,31.75,8.0,1,275.58
p1_W_E.15,51.0,20.31,7.0,1,234.49
p1_W_E.16,54.0,33.93,6.0,1,257.59
p1_S1_N1.5,50.0,49.5,39.0,1,221.88
p1_W_E.17,57.0,25.25,5.0,1,249.17
p1_N1_S1.6,60.0,37.05,25.0,1,215.32
p1_S1_N1.6,60.0,52.53,35.0,1,246.8
p1_W_E.18,59.0,32.4,5.0,1,259.35
p1_W_S2.2,69.0,23.2,2.0,1,248.91
p1_N1_S1.7,70.0,43.92,25.0,1,224.72
p1_S1_N1.7,70.0,44.28,27.0,1,233.02
p1_W_E.19,63.0,17.82,3.0,1,237.17
p1_N1_S1.8,80.0,35.69,15.0,1,225.13
p1_W_E.20,66.0,26.8,1.0,1,252.85
p1_S1_N1.8,80.0,35.98,19.0,1,223.02
p1_N1_S1.9,90.0,26.14,7.0,1,213.93
p1_S1_N1.9,90.0,27.66,10.0,1,218.61
p1_W_E.21,72.0,24.82,0.0,0,270.98
p1_N1_S1.10,100.0,19.12,0.0,0,193.78
p1_S1_N1.10,100.0,18.26,2.0,1,190.52
p1_N1_S1.11,110.0,10.73,0.0,0,167.08
p1_S2_N2.6,60.0,62.76,50.0,1,252.99
p1_E_W.8,58.0,46.16,22.0,2,297.2
p1_S2_N2.7,70.0,54.87,42.0,1,245.79
p1_N2_S2.5,50.0,68.37,56.0,1,260.54
p1_S2_N2.8,80.0,45.17,33.0,1,229.59
p1_N2_S2.6,60.0,69.2,54.0,1,274.91
p1_E_W.9,65.0,43.01,19.0,1,290.15
p1_S2_N2.9,90.0,39.04,26.0,1,226.47
p1_E_N1.2,61.0,40.51,21.0,1,288.4
p1_N2_S2.7,70.0,60.87,45.0,1,267.79
p1_E_W.10,72.0,38.31,19.0,1,275.87
p1_N2_S2.8,80.0,51.3,38.0,1,248.09
p1_E_W.11,80.0,32.03,18.0,1,251.72
p1_S2_N2.10,100.0,28.18,16.0,1,207.79
p1_N2_S2.9,90.0,44.54,29.0,1,254.11
p1_S2_N2.11,110.0,24.58,10.0,1,204.77
p1_E_W.12,87.0,26.81,13.0,1,245.64
p1_S2_N2.12,120.0,16.3,1.0,1,187.51
p1_N2_S2.10,100.0,37.05,24.0,1,223.03
p1_S2_N2.13,130.0,6.91,0.0,0,162.19
p1_N2_S2.11,110.0,29.02,14.0,1,206.02
p1_E_N1.3,90.0,24.78,9.0,1,241.13
p1_E_W.13,94.0,26.14,9.0,1,241.73
p1_E_W.14,101.0,20.91,2.0,1,239.5
p1_W_E.22,75.0,49.1,23.0,1,299.47
p1_E_W.15,108.0,15.84,0.0,0,226.93
p1_W_E.23,78.0,48.04,22.0,1,302.03
p1_N2_W.2,63.0,65.08,53.0,1,303.73
p1_W_E.24,81.0,42.54,22.0,1,293.93
p1_W_E.25,84.0,48.5,21.0,1,312.82
p1_W_E.26,87.0,47.22,20.0,1,295.06
p1_S1_E.2,63.0,73.04,47.0,2,349.39
p1_N2_W.3,93.0,43.41,27.0,1,273.52
p1_S1_E.3,93.0,43.37,17.0,2,307.89
p1_W_E.27,90.0,46.98,22.0,2,301.32
p1_W_E.28,93.0,44.8,20.0,1,292.91
p1_W_E.29,96.0,47.03,19.0,1,310.01
p1_N1_S1.12,120.0,48.69,38.0,1,237.49
p1_W_E.30,99.0,35.72,14.0,1,260.08
p1_W_S2.3,102.0,39.29,13.0,1,286.75
p1_N1_S1.13,130.0,40.89,29.0,1,224.34
p1_N1_S1.14,140.0,32.86,19.0,1,208.9
p1_S1_N1.11,110.0,51.98,40.0,1,231.63
p1_S1_N1.12,120.0,56.57,39.0,1,247.27
p1_S1_N1.13,130.0,48.39,32.0,1,235.33
p1_W_E.31,105.0,30.58,10.0,1,258.59
p1_N1_S1.15,150.0,20.98,8.0,1,185.7
p1_S1_N1.14,140.0,40.08,24.0,1,221.99
p1_W_E.32,108.0,51.5,9.0,1,286.97
p1_N1_S1.16,160.0,20.91,2.0,1,192.71
p1_S1_N1.15,150.0,29.56,14.0,1,208.27
p1_W_E.33,111.0,36.14,9.0,1,276.06
p1_N1_S1.17,170.0,8.04,0.0,0,170.68
p1_S1_N1.16,160.0,23.19,8.0,1,199.42
p1_W_E.34,114.0,49.29,9.0,1,287.19
p1_S1_N1.17,170.0,15.6,0.0,0,182.18
p1_W_E.35,117.0,39.0,9.0,1,282.61
p1_W_E.36,120.0,46.72,8.0,1,294.75
p1_W_E.37,123.0,41.91,7.0,1,287.28
p1_W_E.38,126.0,44.14,7.0,1,303.59
p1_E_W.16,116.0,53.91,34.0,2,304.88
p1_W_S2.4,135.0,34.2,3.0,1,280.03
p1_W_E.39,129.0,34.7,5.0,1,296.73
p1_W_E.40,132.0,38.58,3.0,1,306.14
p1_W_E.41,138.0,36.14,3.0,1,290.1
p1_E_N1.4,120.0,45.83,25.0,2,279.49
p1_E_W.17,123.0,48.02,23.0,2,294.34
p1_S2_N2.14,140.0,56.52,45.0,1,245.48
p1_N2_S2.12,120.0,77.13,55.0,2,282.45
p1_E_W.18,130.0,48.54,20.0,2,306.39
p1_E_W.19,137.0,43.15,15.0,2,306.12
p1_S2_N2.15,150.0,48.24,36.0,1,235.9
p1_N2_S2.13,130.0,72.62,51.0,1,281.56
p1_E_W.20,144.0,27.57,12.0,1,240.16
p1_S2_N2.16,160.0,38.14,26.0,1,210.2
p1_E_N1.5,150.0,28.79,10.0,1,259.41
p1_S2_N2.17,170.0,38.73,21.0,1,221.89
p1_E_W.21,153.0,34.51,10.0,1,273.59
p1_S2_N2.18,180.0,30.4,14.0,1,219.88
p1_E_W.22,159.0,29.2,9.0,1,255.96
p1_N2_S2.14,140.0,58.78,45.0,1,244.06
p1_S2_N2.19,190.0,22.14,6.0,1,209.86
p1_N2_S2.15,150.0,59.44,43.0,1,245.07
p1_E_W.23,166.0,19.58,4.0,1,229.72
p1_S2_N2.20,200.0,13.84,0.0,0,203.01
p1_N2_S2.16,160.0,55.4,36.0,1,243.1
p1_E_W.24,173.0,20.44,0.0,0,244.58
p1_S2_N2.21,210.0,5.75,0.0,0,152.41
p1_N2_S2.17,170.0,47.19,29.0,1,252.71
p1_E_W.25,180.0,8.32,0.0,0,204.54
p1_N2_S2.18,180.0,39.0,19.0,1,229.67
p1_E_N1.6,183.0,8.78,0.0,0,215.87
p1_N2_S2.19,190.0,28.92,13.0,1,201.04
p1_N2_W.4,123.0,75.63,53.0,2,328.41
p1_W_E.42,141.0,58.48,30.0,2,330.66
p1_W_E.43,144.0,63.98,29.0,1,346.99
p1_W_E.44,147.0,58.44,28.0,1,323.05
p1_S1_N1.18,180.0,54.4,42.0,1,238.31
p1_S1_E.4,123.0,87.3,63.0,2,352.98
p1_S1_E.5,153.0,62.6,33.0,2,326.36
p1_N1_S1.18,180.0,52.16,40.0,1,238.37
p1_S1_N1.19,190.0,48.77,35.0,1,231.17
p1_W_E.45,150.0,67.42,35.0,2,363.3
p1_W_E.46,153.0,66.11,33.0,2,357.81
p1_N1_S1.19,190.0,42.2,30.0,1,220.76
p1_S1_N1.20,200.0,40.67,29.0,1,225.33
p1_W_E.47,156.0,64.81,31.0,2,354.45
p1_N1_S1.20,200.0,42.15,26.0,1,226.63
p1_S1_N1.21,210.0,32.68,19.0,1,213.62
p1_N1_S1.21,210.0,33.86,18.0,1,225.29
p1_W_E.48,159.0,55.9,30.0,2,307.49
p1_N1_S1.22,220.0,25.59,10.0,1,206.03
p1_W_E.49,162.0,63.29,27.0,2,322.69
p1_S1_N1.22,220.0,27.21,13.0,1,205.53
p1_N1_S1.23,230.0,13.69,0.0,0,183.69
p1_W_E.50,165.0,60.39,27.0,2,323.02
p1_W_S2.5,168.0,59.42,26.0,2,313.33
p1_S1_N1.23,230.0,18.9,4.0,1,192.34
p1_N1_S1.24,240.0,7.42,0.0,0,157.91
p1_W_E.51,171.0,57.75,24.0,2,314.68
p1_S1_N1.24,240.0,10.71,0.0,0,181.26
p1_W_E.52,174.0,51.61,24.0,2,297.86
p1_W_E.53,176.0,54.48,24.0,2,304.8
p1_N2_W.5,152.0,84.33,61.0,2,347.55
p1_W_E.54,179.0,57.83,23.0,3,316.16
p1_W_E.55,183.0,52.71,21.0,2,305.27
p1_N2_W.6,183.0,52.26,27.0,2,305.93
p1_W_E.56,186.0,52.65,19.0,2,300.03
p1_W_E.57,189.0,53.11,18.0,2,313.98
p1_E_W.26,188.0,53.78,32.0,2,319.39
p1_W_E.58,192.0,46.33,16.0,2,291.64
p1_E_W.27,195.0,48.55,28.0,2,302.43
p1_N2_S2.20,200.0,68.82,49.0,2,272.2
p1_E_N1.7,212.0,37.1,8.0,1,274.81
p1_S2_N2.22,220.0,48.65,38.0,1,231.09
p1_E_W.28,202.0,31.43,11.0,1,260.78
p1_S2_N2.23,230.0,42.44,31.0,1,234.81
p1_E_W.29,209.0,43.56,8.0,1,274.39
p1_S2_N2.24,240.0,34.18,20.0,1,220.58
p1_E_W.30,216.0,38.32,6.0,1,291.21
p1_S2_N2.25,250.0,25.95,12.0,1,203.7
p1_E_W.31,224.0,32.08,1.0,1,273.86
p1_N2_S2.21,210.0,55.05,43.0,1,238.33
p1_S2_N2.26,260.0,16.44,3.0,1,186.19
p1_E_W.32,231.0,22.74,0.0,0,263.01
p1_N2_S2.22,220.0,53.09,38.0,1,241.65
p1_E_W.33,238.0,21.53,0.0,0,240.47
p1_S2_N2.27,270.0,7.21,0.0,0,169.41
p1_E_N1.8,241.0,16.61,0.0,0,234.32
p1_E_W.34,245.0,16.3,0.0,0,241.71
p1_N2_S2.23,230.0,42.9,31.0,1,223.08
p1_E_W.35,252.0,7.36,0.0,0,199.8
p1_S2_N2.28,280.0,6.4,0.0,0,151.61
p1_N2_S2.24,240.0,33.35,20.0,1,205.65
p1_N2_S2.25,250.0,40.84,17.0,1,225.51
p1_N2_S2.26,260.0,32.63,12.0,1,219.47
p1_N2_S2.27,270.0,20.99,3.0,1,206.49
p1_N2_W.7,213.0,62.01,42.0,1,281.9
p1_W_E.59,195.0,77.58,41.0,3,357.45
p1_W_S2.6,201.0,77.31,33.0,3,345.73
p1_N1_S1.25,250.0,55.81,45.0,1,250.05
p1_W_E.60,198.0,67.95,34.0,3,324.71
p1_W_E.61,204.0,83.32,32.0,3,365.53
p1_W_E.62,207.0,81.88,31.0,3,355.37
p1_S1_N1.25,250.0,54.65,43.0,1,240.23
p1_N1_S1.26,260.0,42.93,30.0,1,221.15
p1_S1_N1.26,260.0,52.43,37.0,1,235.43
p1_S1_E.6,183.0,93.63,59.0,3,356.9
p1_N1_S1.27,270.0,44.17,28.0,1,233.73
p1_S1_N1.27,270.0,44.1,29.0,1,241.56
p1_S1_E.7,213.0,80.8,40.0,2,354.84
p1_N1_S1.28,280.0,32.33,18.0,1,209.12
p1_W_E.63,210.0,85.96,46.0,3,359.15
p1_S1_N1.28,280.0,35.46,22.0,1,210.72
p1_N1_S1.29,290.0,27.64,10.0,1,217.94
p1_W_E.64,213.0,74.26,40.0,2,347.1
p1_S1_N1.29,290.0,29.15,13.0,1,208.82
p1_N1_S1.30,300.0,18.25,1.0,1,197.59
p1_W_E.65,216.0,72.14,40.0,2,337.99
p1_S1_N1.30,300.0,18.82,5.0,1,195.55
p1_N1_S1.31,310.0,11.14,0.0,0,180.82
p1_W_E.66,219.0,80.03,39.0,2,364.61
p1_W_E.67,221.0,82.25,37.0,2,368.87
p1_W_E.68,225.0,79.95,34.0,2,379.84
p1_W_E.69,228.0,78.76,34.0,2,367.27
p1_W_E.70,231.0,77.52,32.0,2,362.62
p1_N2_W.8,243.0,62.26,34.0,2,311.08
p1_W_S2.7,234.0,68.39,31.0,2,330.02
p1_W_E.71,237.0,69.92,31.0,2,345.11
p1_N2_W.9,273.0,37.41,12.0,2,289.19
p1_E_W.36,260.0,48.63,31.0,2,295.83
p1_W_E.72,240.0,65.98,30.0,2,321.75
p1_W_E.73,243.0,72.18,30.0,2,349.13
p1_E_W.37,267.0,47.35,24.0,2,305.48
p1_W_E.74,246.0,70.92,30.0,2,345.56
p1_W_E.75,249.0,65.56,29.0,2,348.78
p1_E_W.38,274.0,44.69,17.0,2,297.75
p1_W_E.76,252.0,68.43,27.0,2,347.08
p1_W_E.77,255.0,67.1,26.0,2,357.21
p1_E_N1.9,270.0,37.96,18.0,2,282.79
p1_E_W.39,281.0,35.51,10.0,2,285.67
p1_W_E.78,258.0,60.32,24.0,2,330.42
p1_E_W.40,288.0,34.92,5.0,1,282.15
p1_E_W.41,296.0,30.13,1.0,1,286.91
p1_W_E.79,261.0,56.9,25.0,2,298.59
p1_E_N1.10,300.0,27.59,0.0,0,270.86
p1_W_E.80,264.0,58.35,23.0,2,313.51
p1_E_W.42,303.0,25.35,0.0,0,274.32
p1_W_S2.8,267.0,57.92,23.0,2,317.89
p1_E_W.43,310.0,18.75,0.0,0,231.42
p1_S2_N2.29,290.0,65.69,54.0,1,254.38
p1_E_W.44,317.0,16.38,0.0,0,219.22
p1_N2_S2.28,280.0,76.27,58.0,1,273.82
p1_E_W.45,324.0,11.13,0.0,0,220.5
p1_S2_N2.30,300.0,58.15,46.0,1,241.26
p1_S2_N2.31,310.0,48.2,36.0,1,235.14
p1_S2_N2.32,320.0,43.64,30.0,1,227.71
p1_S2_N2.33,330.0,35.42,19.0,1,230.44
p1_N2_S2.29,290.0,60.59,48.0,1,248.2
p1_N2_S2.30,300.0,59.69,43.0,1,259.36
p1_S2_N2.34,340.0,23.3,9.0,1,194.7
p1_N2_S2.31,310.0,60.43,39.0,1,268.38
p1_E_W.46,333.0,15.09,0.0,0,231.97
p1_S2_N2.35,350.0,20.57,5.0,1,200.74
p1_N2_S2.32,320.0,52.2,32.0,1,253.45
p1_E_N1.11,330.0,9.74,0.0,0,214.3
p1_E_W.47,339.0,11.36,0.0,0,217.48
p1_S2_N2.36,360.0,12.34,0.0,0,194.38
p1_N2_S2.33,330.0,43.87,24.0,1,238.95
p1_N2_S2.34,340.0,35.58,19.0,1,240.54
p1_N2_S2.35,350.0,27.34,10.0,1,226.0
p1_N2_S2.36,360.0,17.53,0.0,0,196.62
p1_S1_N1.31,310.0,71.55,54.0,1,278.36
p1_N1_S1.32,320.0,61.53,49.0,1,251.75
p1_S2_N2.37,370.0,6.18,0.0,0,147.54
p1_S1_N1.32,320.0,63.14,51.0,1,243.61
p1_S1_N1.33,330.0,55.42,44.0,1,242.11
p1_N1_S1.33,330.0,50.93,40.0,1,226.23
p1_N1_S1.34,340.0,48.1,32.0,1,242.16
p1_N1_S1.35,350.0,39.89,25.0,1,223.09
p1_W_E.81,270.0,92.98,54.0,3,368.44
p1_W_E.82,273.0,97.98,53.0,3,404.62
p1_N1_S1.36,360.0,28.93,16.0,1,210.85
p1_S1_N1.34,340.0,48.01,34.0,1,232.52
p1_S1_N1.35,350.0,43.17,27.0,1,225.11
p1_N1_S1.37,370.0,17.57,5.0,1,180.49
p1_W_E.83,276.0,87.6,50.0,3,361.57
p1_N1_S1.38,380.0,16.62,0.0,0,194.53
p1_S1_E.8,243.0,126.89,89.0,3,434.98
p1_S1_E.9,273.0,100.66,63.0,3,412.66
p1_N1_S1.39,390.0,5.77,0.0,0,148.23
p1_S1_N1.36,360.0,28.34,14.0,1,203.18
p1_S1_E.10,303.0,68.12,30.0,2,347.37
p1_W_E.84,279.0,103.15,56.0,3,409.95
p1_S1_N1.37,370.0,33.1,12.0,1,215.68
p1_N2_W.10,303.0,79.45,57.0,3,349.05
p1_W_E.85,282.0,90.85,52.0,3,370.4
p1_N2_W.11,333.0,52.02,30.0,2,304.21
p1_W_E.86,285.0,90.82,50.0,3,375.84
p1_N2_W.12,363.0,23.14,0.0,0,266.59
p1_W_E.87,288.0,92.33,49.0,3,377.17
p1_W_E.88,291.0,93.68,46.0,2,377.95
p1_E_W.48,346.0,43.55,31.0,1,267.84
p1_W_E.89,294.0,96.67,44.0,2,389.45
p1_W_S2.9,300.0,93.3,44.0,2,358.29
p1_W_E.90,297.0,78.05,44.0,2,342.05
p1_E_N1.12,363.0,38.23,18.0,1,268.71
p1_W_E.91,303.0,97.8,41.0,2,378.76
p1_E_W.49,353.0,33.51,19.0,1,255.23
p1_W_E.92,306.0,83.41,41.0,2,348.61
p1_E_W.50,360.0,44.72,19.0,1,266.97
p1_W_E.93,310.0,96.04,40.0,2,373.17
p1_E_W.51,368.0,38.54,16.0,1,273.64
p1_W_E.94,313.0,94.6,39.0,2,389.87
p1_E_W.52,375.0,33.23,10.0,1,281.63
p1_W_E.95,316.0,87.16,38.0,2,364.46
p1_W_E.96,319.0,84.31,37.0,2,356.53
p1_W_E.97,322.0,90.46,35.0,2,381.16
p1_E_W.53,382.0,14.53,1.0,1,227.85
p1_W_E.98,325.0,85.16,34.0,2,381.52
p1_W_S2.10,334.0,81.4,34.0,2,349.2
p1_E_W.54,389.0,26.22,0.0,0,250.18
p1_W_E.99,328.0,88.82,33.0,3,373.2
p1_E_N1.13,392.0,11.82,0.0,0,225.89
p1_W_E.100,331.0,87.67,33.0,2,384.18
p1_E_W.55,396.0,8.2,0.0,0,196.42
p1_W_E.101,337.0,83.45,34.0,2,376.44
p1_E_W.56,404.0,8.91,0.0,0,207.55
p1_W_E.102,340.0,76.86,30.0,2,358.23
p1_E_W.57,411.0,12.53,0.0,0,227.86
p1_E_W.58,418.0,7.58,0.0,0,207.73
p1_S2_N2.38,380.0,60.47,48.0,1,249.89
p1_S2_N2.39,390.0,63.25,46.0,1,261.07
p1_N2_S2.37,370.0,66.64,55.0,1,258.59
p1_E_N1.14,421.0,9.14,0.0,0,217.19
p1_E_W.59,425.0,10.35,0.0,0,224.28
p1_S2_N2.40,400.0,44.31,33.0,1,224.35
p1_N2_S2.38,380.0,79.04,54.0,1,270.1
p1_N2_S2.39,390.0,70.66,49.0,1,267.73
p1_S2_N2.41,410.0,44.06,28.0,1,224.66
p1_S2_N2.42,420.0,41.04,22.0,1,220.47
p1_S1_N1.38,380.0,82.07,63.0,2,292.28
p1_N1_S1.40,400.0,62.14,51.0,1,256.17
p1_N2_S2.40,400.0,59.43,39.0,1,253.75
p1_S2_N2.43,430.0,28.88,11.0,1,207.47
p1_S1_N1.39,390.0,74.05,57.0,1,274.61
p1_N1_S1.41,410.0,54.75,43.0,1,242.57
p1_N2_S2.41,410.0,54.25,33.0,1,249.92
p1_S2_N2.44,440.0,24.79,5.0,1,202.22
p1_N1_S1.42,420.0,46.56,36.0,1,236.71
p1_N2_S2.42,420.0,46.01,25.0,1,233.28
p1_S2_N2.45,450.0,15.03,0.0,0,193.56
p1_N1_S1.43,430.0,38.26,24.0,1,223.71
p1_S2_N2.46,460.0,8.65,0.0,0,172.86
p1_S1_N1.40,400.0,66.96,56.0,1,263.27
p1_N1_S1.44,440.0,30.11,18.0,1,215.38
p1_S1_N1.41,410.0,61.28,47.0,1,256.8
p1_N2_S2.43,430.0,30.55,14.0,1,207.57
p1_S1_N1.42,420.0,53.13,38.0,1,252.89
p1_N1_S1.45,450.0,19.93,8.0,1,188.41
p1_W_E.103,343.0,109.92,57.0,4,411.19
p1_N2_S2.44,440.0,34.16,9.0,1,219.23
p1_N1_S1.46,460.0,14.63,0.0,0,185.67
p1_N1_S1.47,470.0,5.59,0.0,0,148.83
p1_W_E.104,346.0,109.36,57.0,3,393.74
p1_S1_E.11,333.0,124.34,88.0,3,421.67
p1_S1_E.12,363.0,96.21,51.0,3,384.39
p1_S1_N1.43,430.0,43.39,29.0,1,224.0
p1_W_E.105,349.0,111.99,61.0,4,434.71
p1_S1_N1.44,440.0,39.4,23.0,1,221.6
p1_S1_N1.45,450.0,34.74,15.0,1,219.89
p1_W_E.106,352.0,108.12,59.0,4,408.54
p1_N1_S1.48,480.0,5.72,0.0,0,151.39
p1_S1_N1.46,460.0,26.47,8.0,1,196.89
p1_W_E.107,355.0,108.44,54.0,4,413.21
p1_S1_N1.47,470.0,18.12,2.0,1,193.63
p1_W_E.108,358.0,109.32,52.0,4,410.16
p1_W_E.109,361.0,108.08,47.0,4,411.97
p1_E_W.60,432.0,40.52,28.0,1,262.7
p1_W_E.110,364.0,96.96,47.0,3,373.54
p1_W_E.111,370.0,108.48,46.0,3,422.48
p1_N2_W.13,393.0,78.25,58.0,2,333.83
p1_W_S2.11,367.0,96.87,44.0,3,388.7
p1_N2_W.14,423.0,43.36,19.0,2,289.88
p1_W_E.112,373.0,90.88,44.0,3,366.68
p1_E_N1.15,450.0,39.58,11.0,1,268.64
p1_W_E.113,376.0,114.69,43.0,4,397.63
p1_W_E.114,379.0,113.3,43.0,4,388.76
p1_W_E.115,382.0,112.03,41.0,3,403.29
p1_W_E.116,385.0,110.84,41.0,3,411.29
p1_W_E.117,388.0,109.66,39.0,3,422.17
p1_W_S2.12,401.0,96.47,37.0,3,377.55
p1_E_W.61,440.0,26.51,12.0,1,244.13
p1_W_E.118,391.0,106.47,39.0,3,410.34
p1_E_W.62,447.0,52.67,11.0,1,271.83
p1_W_E.119,394.0,105.02,38.0,3,414.3
p1_E_W.63,454.0,47.33,10.0,1,286.63
p1_E_N1.16,480.0,19.1,0.0,0,240.4
p1_E_W.64,461.0,42.0,8.0,1,286.62
p1_W_E.120,398.0,95.53,38.0,3,390.38
p1_E_W.65,468.0,36.76,2.0,1,288.09
p1_W_E.121,404.0,101.44,33.0,4,394.36
p1_S2_N2.47,470.0,58.01,45.0,1,242.55
p1_E_W.66,476.0,30.54,0.0,0,268.68
p1_E_W.67,483.0,15.59,0.0,0,232.2
p1_S2_N2.48,480.0,48.07,36.0,1,231.19
p1_E_W.68,490.0,20.32,0.0,0,244.09
p1_E_W.69,497.0,14.96,0.0,0,222.47
p1_N2_S2.45,450.0,73.16,53.0,1,269.63
p1_S2_N2.49,490.0,39.76,28.0,1,225.28
p1_E_W.70,504.0,9.7,0.0,0,205.56
p1_N2_S2.46,460.0,68.41,51.0,1,251.5
p1_S2_N2.50,500.0,29.8,18.0,1,199.16
p1_N2_S2.47,470.0,68.97,50.0,1,271.01
p1_S2_N2.51,510.0,28.67,12.0,1,216.66
p1_N2_S2.48,480.0,60.6,43.0,1,272.04
p1_E_N1.17,510.0,8.52,0.0,0,214.34
p1_N2_S2.49,490.0,52.22,35.0,1,247.87
p1_E_W.71,513.0,7.31,0.0,0,200.37
p1_S2_N2.52,520.0,13.49,0.0,0,171.65
p1_N2_S2.50,500.0,41.1,25.0,1,225.03
p1_S2_N2.53,530.0,15.26,0.0,0,182.72
p1_N2_S2.51,510.0,32.92,18.0,1,210.1
p1_S2_N2.54,540.0,6.49,0.0,0,154.29
p1_N2_S2.52,520.0,29.12,13.0,1,215.26
p1_N1_S1.49,490.0,63.63,52.0,1,254.45
p1_N1_S1.50,500.0,55.38,44.0,1,241.73
p1_W_E.122,407.0,123.65,62.0,5,409.55
p1_N1_S1.51,510.0,47.2,36.0,1,231.59
p1_S1_E.13,393.0,139.38,101.0,3,447.63
p1_S1_N1.48,480.0,67.59,56.0,1,253.88
p1_N1_S1.52,520.0,37.72,26.0,1,213.84
p1_S1_E.14,423.0,116.34,78.0,3,412.67
p1_S1_N1.49,490.0,70.91,55.0,1,276.25
p1_S1_E.15,453.0,88.07,46.0,3,367.56
p1_S1_N1.50,500.0,56.45,43.0,1,243.41
p1_N1_S1.53,530.0,32.17,18.0,1,215.66
p1_S1_N1.51,510.0,54.38,38.0,1,255.8
p1_W_E.123,410.0,126.82,72.0,4,431.73
p1_S1_N1.52,520.0,43.88,30.0,1,228.76
p1_W_E.124,413.0,122.25,68.0,3,425.92
p1_S1_N1.53,530.0,40.65,23.0,1,239.19
p1_W_E.125,416.0,134.35,65.0,3,444.22
p1_S1_N1.54,540.0,32.09,14.0,1,229.89
p1_W_E.126,420.0,131.99,65.0,4,445.63
p1_W_E.127,423.0,130.75,62.0,3,445.06
p1_N1_S1.54,540.0,13.71,2.0,1,176.05
p1_S1_N1.55,550.0,25.27,9.0,1,217.87
p1_N1_S1.55,550.0,26.69,1.0,1,185.2
p1_S1_N1.56,560.0,17.35,1.0,1,197.85
p1_N1_S1.56,560.0,12.35,0.0,0,165.07
p1_W_E.128,426.0,113.74,56.0,4,397.46
p1_W_E.129,429.0,131.11,55.0,4,410.28
p1_S1_N1.57,570.0,7.19,0.0,0,163.6
p1_W_S2.13,435.0,116.53,52.0,3,413.71
p1_W_E.130,432.0,120.9,55.0,4,420.75
p1_W_E.131,438.0,116.76,50.0,4,420.86
p1_W_E.132,441.0,123.89,50.0,3,429.55
p1_W_E.133,444.0,123.08,49.0,2,434.66
p1_N2_W.15,453.0,106.99,78.0,2,378.03
p1_W_E.134,447.0,117.06,46.0,2,423.66
p1_N2_W.16,483.0,86.72,61.0,2,354.61
p1_W_E.135,450.0,120.67,46.0,2,443.26
p1_N2_W.17,513.0,58.53,31.0,2,327.6
p1_W_E.136,453.0,119.32,45.0,3,446.87
p1_W_E.137,456.0,116.73,44.0,2,433.02
p1_E_W.72,519.0,52.17,32.0,2,314.8
p1_E_W.73,526.0,47.44,26.0,2,308.4
p1_E_W.74,533.0,43.79,20.0,2,295.36
p1_W_S2.14,468.0,112.1,42.0,2,383.67
p1_E_W.75,540.0,32.5,10.0,2,269.75
p1_E_N1.18,543.0,36.23,10.0,2,285.84
p1_E_W.76,548.0,32.64,6.0,2,279.89
p1_E_W.77,555.0,29.89,3.0,1,274.1
p1_W_E.138,459.0,97.55,43.0,2,367.69
p1_W_E.139,462.0,113.14,42.0,2,383.17
p1_E_W.78,562.0,20.02,3.0,1,235.56
p1_W_E.140,465.0,123.76,42.0,2,400.56
p1_S2_N2.55,550.0,55.95,45.0,1,242.09
p1_W_E.141,471.0,119.03,43.0,2,405.59
p1_N2_S2.53,530.0,75.32,55.0,2,282.42
p1_E_W.79,569.0,12.45,0.0,0,224.04
p1_S2_N2.56,560.0,53.43,39.0,1,249.02
p1_N2_S2.54,540.0,66.79,52.0,1,262.13
p1_E_W.80,576.0,17.03,0.0,0,241.08
p1_E_N1.19,572.0,13.87,0.0,0,226.07
p1_N2_S2.55,550.0,63.08,49.0,1,253.14
p1_S2_N2.57,570.0,37.5,27.0,1,209.66
p1_E_W.81,584.0,8.59,0.0,0,205.3
p1_S2_N2.58,580.0,39.7,21.0,1,224.64
p1_S2_N2.59,590.0,30.21,13.0,1,218.26
p1_S2_N2.60,600.0,22.41,4.0,1,208.06
p1_N2_S2.56,560.0,49.62,37.0,1,231.13
p1_E_W.82,591.0,7.37,0.0,0,197.63
p1_S2_N2.61,610.0,6.78,0.0,0,154.94
p1_N2_S2.57,570.0,57.54,35.0,1,253.41
p1_N2_S2.58,580.0,49.52,28.0,1,251.17
p1_S2_N2.62,620.0,5.29,0.0,0,149.97
p1_N2_S2.59,590.0,35.41,18.0,1,222.88
p1_N2_S2.60,600.0,22.27,8.0,1,187.36
p1_W_E.142,474.0,140.99,68.0,4,434.67
p1_S1_N1.58,580.0,59.89,49.0,1,256.46
p1_W_E.143,477.0,134.55,68.0,3,424.29
p1_S1_N1.59,590.0,50.32,40.0,1,233.26
p1_W_E.144,480.0,135.7,67.0,4,441.52
p1_S1_N1.60,600.0,45.08,31.0,1,234.42
p1_W_E.145,483.0,141.31,67.0,4,451.38
p1_N1_S1.57,570.0,63.48,53.0,1,256.31
p1_N1_S1.58,580.0,67.64,51.0,1,262.56
p1_W_E.146,486.0,131.45,65.0,4,432.07
p1_N1_S1.59,590.0,59.26,40.0,1,256.03
p1_S1_N1.61,610.0,37.39,24.0,1,219.29
p1_S1_E.16,483.0,137.94,95.0,4,428.96
p1_N1_S1.60,600.0,47.03,30.0,1,245.16
p1_S1_N1.62,620.0,30.9,17.0,1,217.63
p1_S1_E.17,513.0,109.56,71.0,3,395.8
p1_N1_S1.61,610.0,42.76,24.0,1,229.51
p1_S1_N1.63,630.0,21.08,8.0,1,199.68
p1_S1_E.18,543.0,82.82,40.0,3,364.91
p1_N1_S1.62,620.0,34.59,16.0,1,217.4
p1_S1_E.19,573.0,60.71,24.0,2,322.47
p1_N1_S1.63,630.0,25.8,7.0,1,199.6
p1_S1_N1.64,640.0,16.42,1.0,1,188.64
p1_W_E.147,489.0,136.11,73.0,3,443.04
p1_S1_N1.65,650.0,8.51,0.0,0,165.48
p1_N1_S1.64,640.0,8.29,0.0,0,164.68
p1_W_E.148,492.0,146.59,74.0,3,467.29
p1_W_E.149,495.0,145.3,73.0,3,472.82
p1_N1_S1.65,650.0,5.94,0.0,0,154.38
p1_W_E.150,498.0,144.01,71.0,4,492.83
p1_W_E.151,504.0,140.17,68.0,3,467.81
p1_N2_W.18,543.0,102.14,76.0,2,368.12
p1_W_S2.15,501.0,133.18,69.0,3,442.57
p1_W_E.152,507.0,134.48,65.0,4,442.53
p1_N2_W.19,573.0,71.19,51.0,2,330.1
p1_W_E.153,510.0,140.47,65.0,3,456.55
p1_N2_W.20,603.0,47.72,20.0,2,306.18
p1_W_E.154,513.0,135.84,63.0,3,452.49
p1_E_W.83,598.0,54.42,37.0,2,328.97
p1_W_E.155,516.0,138.0,66.0,3,457.1
p1_E_N1.20,601.0,53.61,33.0,2,306.24
p1_E_W.84,605.0,50.8,29.0,2,302.9
p1_W_E.156,519.0,129.97,63.0,3,435.27
p1_W_E.157,522.0,136.19,62.0,3,456.33
p1_W_E.158,525.0,135.03,59.0,3,439.49
p1_E_W.85,612.0,40.83,20.0,2,284.44
p1_W_E.159,528.0,131.18,60.0,4,444.53
p1_E_W.86,620.0,42.03,14.0,2,281.36
p1_W_E.160,531.0,132.58,58.0,4,452.55
p1_E_W.87,627.0,33.12,7.0,2,279.68
p1_E_N1.21,630.0,34.21,4.0,2,277.93
p1_W_S2.16,534.0,125.93,59.0,5,429.41
p1_N2_S2.61,610.0,79.72,57.0,2,295.21
p1_S2_N2.63,630.0,57.03,46.0,1,243.15
p1_N2_S2.62,620.0,70.29,52.0,1,268.61
p1_S2_N2.64,640.0,54.38,40.0,1,248.71
p1_N2_S2.63,630.0,65.25,50.0,1,266.26
p1_N2_S2.64,640.0,58.11,45.0,1,247.04
p1_E_N1.22,660.0,13.93,0.0,0,219.09
p1_N2_S2.65,650.0,49.88,36.0,1,242.08
p1_S2_N2.65,650.0,39.46,26.0,1,212.88
p1_N2_S2.66,660.0,41.7,27.0,1,230.23
p1_S2_N2.66,660.0,39.0,22.0,1,215.85
p1_E_W.88,634.0,10.58,0.0,0,217.0
p1_S2_N2.67,670.0,27.41,12.0,1,209.42
p1_E_W.89,641.0,42.38,0.0,0,236.12
p1_S2_N2.68,680.0,18.73,2.0,1,195.1
p1_E_W.90,648.0,36.19,0.0,0,240.13
p1_S2_N2.69,690.0,7.84,0.0,0,162.88
p1_E_W.91,656.0,30.86,0.0,0,248.12
p1_N2_S2.67,670.0,37.07,20.0,1,217.89
p1_N2_S2.68,680.0,29.67,12.0,1,213.68
p1_E_W.92,663.0,22.33,0.0,0,239.71
p1_S2_N2.70,700.0,6.04,0.0,0,152.68
p1_N2_S2.69,690.0,21.45,6.0,1,199.71
p1_E_W.93,670.0,20.55,0.0,0,239.05
p1_E_W.94,677.0,15.27,0.0,0,216.56
p1_W_E.161,537.0,159.33,86.0,5,486.35
p1_W_E.162,540.0,158.11,85.0,4,471.05
p1_W_E.163,543.0,156.92,85.0,5,474.11
p1_S1_N1.66,660.0,59.98,49.0,1,246.77
p1_N1_S1.66,660.0,60.05,47.0,1,241.26
p1_S1_N1.67,670.0,54.03,43.0,1,247.09
p1_S1_N1.68,680.0,45.9,34.0,1,233.59
p1_W_E.164,546.0,150.22,85.0,4,463.11
p1_S1_N1.69,690.0,38.13,25.0,1,220.11
p1_W_E.165,549.0,155.81,78.0,4,478.2
p1_N1_S1.67,670.0,46.92,35.0,1,236.22
p1_W_E.166,552.0,157.02,78.0,4,475.08
p1_N1_S1.68,680.0,51.39,32.0,1,239.23
p1_S1_E.20,603.0,104.87,68.0,3,397.21
p1_N1_S1.69,690.0,38.96,21.0,1,231.67
p1_S1_E.21,633.0,78.91,38.0,3,369.31
p1_S1_N1.70,700.0,33.87,19.0,1,212.93
p1_N1_S1.70,700.0,34.88,14.0,1,236.28
p1_N1_S1.71,710.0,26.5,7.0,1,218.65
p1_N1_S1.72,720.0,18.32,0.0,0,213.31
p1_N1_S1.73,730.0,10.02,0.0,0,183.11
p1_S1_N1.71,710.0,20.08,5.0,1,193.86
p1_W_E.167,555.0,140.84,84.0,6,455.06
p1_S1_N1.72,720.0,24.17,2.0,1,208.97
p1_W_E.168,558.0,155.04,81.0,4,470.9
p1_S1_N1.73,730.0,9.44,0.0,0,164.81
p1_W_E.169,561.0,165.05,79.0,4,480.32
p1_N2_W.21,633.0,93.62,73.0,2,361.52
p1_W_E.170,564.0,157.16,74.0,4,464.48
p1_W_S2.17,584.0,125.98,64.0,3,431.06
p1_W_E.171,587.0,137.91,62.0,3,445.72
p1_W_E.172,590.0,141.56,59.0,3,453.41
p1_W_E.173,593.0,140.32,58.0,3,453.59
p1_N2_W.22,663.0,56.52,34.0,2,307.5
p1_E_N1.23,690.0,43.31,22.0,2,294.31
p1_W_E.174,596.0,130.33,59.0,3,432.43
p1_W_E.175,599.0,137.99,58.0,3,451.1
p1_E_W.95,684.0,52.5,27.0,2,304.21
p1_W_E.176,602.0,136.76,58.0,4,455.88
p1_E_W.96,693.0,35.2,15.0,2,276.17
p1_W_E.177,605.0,121.71,57.0,5,424.03
p1_E_W.97,699.0,40.12,12.0,2,289.18
p1_W_E.178,608.0,129.18,53.0,3,438.84
p1_W_E.179,611.0,133.81,53.0,3,443.57
p1_W_S2.18,617.0,127.37,51.0,4,431.16
p1_E_W.98,706.0,28.61,4.0,1,271.93
p1_E_W.99,713.0,31.7,1.0,1,282.78
p1_E_N1.24,723.0,22.81,0.0,0,256.92
p1_W_E.180,614.0,132.54,53.0,3,442.59
p1_E_W.100,720.0,27.61,0.0,0,264.68
p1_W_E.181,620.0,128.23,51.0,4,443.28
p1_W_E.182,623.0,126.97,51.0,3,429.29
p1_E_W.101,728.0,15.77,0.0,0,233.25
p1_E_W.102,735.0,16.61,0.0,0,231.17
p1_S2_N2.71,710.0,65.51,56.0,1,264.05
p1_E_W.103,742.0,11.46,0.0,0,223.92
p1_N2_S2.70,700.0,78.03,57.0,1,283.89
p1_S2_N2.72,720.0,58.07,46.0,1,247.06
p1_N2_S2.71,710.0,69.92,56.0,1,262.06
p1_N2_S2.72,720.0,60.93,49.0,1,252.07
p1_S2_N2.73,730.0,45.75,34.0,1,226.82
p1_N2_S2.73,730.0,56.32,42.0,1,238.57
p1_S2_N2.74,740.0,46.12,29.0,1,229.39
p1_S2_N2.75,750.0,37.98,20.0,1,230.83
p1_S2_N2.76,760.0,27.4,10.0,1,225.01
p1_S2_N2.77,770.0,21.42,4.0,1,213.86
p1_S2_N2.78,780.0,13.33,0.0,0,200.9
p1_N2_S2.74,740.0,43.38,29.0,1,222.71
p1_N2_S2.75,750.0,46.03,25.0,1,229.62
p1_E_N1.25,751.0,17.71,0.0,0,229.85
p1_S2_N2.79,790.0,5.37,0.0,0,151.46
p1_N2_S2.76,760.0,37.7,19.0,1,230.5
p1_E_W.104,749.0,8.14,0.0,0,196.62
p1_E_W.105,756.0,21.78,0.0,0,234.71
p1_E_W.106,764.0,16.83,0.0,0,225.99
p1_N2_S2.77,770.0,22.77,9.0,1,200.61
p1_W_E.183,626.0,155.5,76.0,4,491.45
p1_N2_W.23,693.0,89.41,61.0,2,375.47
p1_W_E.184,629.0,154.62,73.0,4,480.36
p1_W_E.185,632.0,153.8,72.0,4,478.17
p1_W_E.186,635.0,152.57,71.0,4,463.84
p1_S1_N1.74,740.0,64.11,54.0,1,254.98
p1_S1_N1.75,750.0,60.73,46.0,1,267.76
p1_S1_E.22,663.0,126.57,88.0,3,433.49
p1_N1_S1.74,740.0,62.84,51.0,1,252.95
p1_S1_N1.76,760.0,52.99,39.0,1,242.59
p1_S1_E.23,693.0,95.28,58.0,3,386.39
p1_N1_S1.75,750.0,63.87,47.0,1,256.03
p1_N1_S1.76,760.0,51.98,38.0,1,244.81
p1_S1_E.24,723.0,71.52,27.0,2,351.97
p1_N1_S1.77,770.0,47.27,30.0,1,246.31
p1_S1_N1.77,770.0,43.48,29.0,1,222.96
p1_N1_S1.78,780.0,39.08,22.0,1,231.61
p1_N1_S1.79,790.0,30.74,13.0,1,224.36
p1_S1_N1.78,780.0,33.58,19.0,1,212.7
p1_N1_S1.80,800.0,19.85,3.0,1,194.07
p1_S1_N1.79,790.0,30.7,14.0,1,209.42
p1_S1_N1.80,800.0,22.71,7.0,1,200.15
p1_N1_S1.81,810.0,7.62,0.0,0,172.09
p1_S1_N1.81,810.0,17.3,0.0,0,197.91
p1_W_S2.19,650.0,152.42,67.0,4,448.23
p1_W_E.187,638.0,140.46,80.0,4,457.78
p1_N1_S1.82,820.0,5.61,0.0,0,153.73
p1_W_E.188,641.0,154.6,76.0,4,479.47
p1_W_E.189,644.0,167.18,73.0,4,489.9
p1_W_E.190,647.0,156.82,71.0,4,481.15
p1_W_E.191,653.0,161.7,67.0,4,478.99
p1_W_E.192,656.0,156.7,65.0,4,468.76
p1_N2_W.24,723.0,83.13,63.0,2,352.43
p1_W_E.193,659.0,159.02,63.0,4,474.27
p1_N2_W.25,753.0,65.64,37.0,2,340.17
p1_W_E.194,674.0,145.77,56.0,3,439.84
p1_W_E.195,678.0,135.77,53.0,3,425.23
p1_E_W.107,771.0,37.87,22.0,2,277.14
p1_W_E.196,681.0,140.43,54.0,3,449.94
p1_E_W.108,778.0,45.82,16.0,2,291.03
p1_W_E.197,684.0,141.33,53.0,4,453.4
p1_W_E.198,687.0,140.08,51.0,4,442.0
p1_E_N1.26,781.0,34.08,10.0,1,276.05
p1_E_W.109,785.0,35.17,10.0,1,279.52
p1_W_S2.20,696.0,130.89,49.0,4,416.64
p1_E_W.110,792.0,32.8,4.0,1,292.34
p1_W_E.199,690.0,125.74,50.0,3,423.87
p1_W_E.200,693.0,138.05,47.0,3,427.36
p1_E_W.111,800.0,21.32,0.0,0,242.65
p1_W_E.201,698.0,135.04,50.0,3,427.46
p1_E_N1.27,810.0,22.68,0.0,0,249.53
p1_E_W.112,807.0,26.66,0.0,0,266.36
p1_N2_S2.78,780.0,74.3,54.0,1,282.51
p1_S2_N2.80,800.0,55.32,44.0,1,240.42
p1_E_W.113,814.0,16.56,0.0,0,229.87
p1_E_W.114,821.0,17.53,0.0,0,236.88
p1_S2_N2.81,810.0,45.43,35.0,1,232.09
p1_E_W.115,828.0,12.36,0.0,0,227.73
p1_S2_N2.82,820.0,37.5,27.0,1,213.24
p1_N2_S2.79,790.0,67.13,51.0,1,259.0
p1_S2_N2.83,830.0,34.81,20.0,1,232.16
p1_S2_N2.84,840.0,21.02,8.0,1,186.23
p1_N2_S2.80,800.0,55.33,43.0,1,237.33
p1_E_W.116,836.0,7.49,0.0,0,198.81
p1_S2_N2.85,850.0,20.26,3.0,1,185.49
p1_N2_S2.81,810.0,56.06,39.0,1,237.72
p1_S2_N2.86,860.0,9.66,0.0,0,178.35
p1_N2_S2.82,820.0,54.13,35.0,1,250.45
p1_N2_S2.83,830.0,45.73,26.0,1,242.16
p1_E_W.117,843.0,11.93,0.0,0,220.03
p1_E_N1.28,840.0,8.31,0.0,0,212.68
p1_S2_N2.87,870.0,5.8,0.0,0,152.72
p1_N2_S2.84,840.0,29.16,15.0,1,203.01
p1_N2_S2.85,850.0,31.23,11.0,1,215.69
p1_N2_W.26,783.0,76.65,53.0,1,327.89
p1_W_E.202,702.0,149.13,75.0,4,453.51
p1_S1_N1.82,820.0,72.1,57.0,1,277.16
p1_W_E.203,705.0,157.09,74.0,5,470.18
p1_W_E.204,708.0,165.14,70.0,5,500.19
p1_N1_S1.83,830.0,61.13,50.0,1,251.98
p1_S1_N1.83,830.0,64.34,54.0,1,260.45
p1_W_E.205,711.0,164.03,69.0,5,508.48
p1_W_E.206,714.0,162.75,67.0,4,504.18
p1_N1_S1.84,840.0,52.14,39.0,1,231.26
p1_S1_N1.84,840.0,54.47,43.0,1,248.03
p1_N1_S1.85,850.0,49.63,34.0,1,248.87
p1_W_E.207,717.0,161.49,68.0,4,503.44
p1_N1_S1.86,860.0,41.33,25.0,1,245.51
p1_W_E.208,720.0,160.31,66.0,4,506.65
p1_W_E.209,723.0,151.74,64.0,4,491.59
p1_N1_S1.87,870.0,27.6,15.0,1,198.32
p1_S1_N1.85,850.0,49.34,35.0,1,237.11
p1_S1_E.25,753.0,125.39,80.0,3,443.44
p1_S1_N1.86,860.0,45.75,28.0,1,235.93
p1_N1_S1.88,880.0,23.62,8.0,1,195.98
p1_S1_E.26,783.0,98.41,50.0,3,406.03
p1_S1_N1.87,870.0,37.46,22.0,1,232.41
p1_N1_S1.89,890.0,17.13,0.0,0,202.5
p1_S1_E.27,813.0,74.22,26.0,2,380.9
p1_N1_S1.90,900.0,8.98,0.0,0,173.92
p1_W_E.210,726.0,162.97,75.0,5,519.07
p1_W_S2.21,729.0,153.35,73.0,5,476.03
p1_S1_N1.88,880.0,28.81,13.0,1,203.86
p1_W_E.211,732.0,151.51,71.0,5,466.64
p1_S1_N1.89,890.0,18.31,3.0,1,191.38
p1_W_E.212,735.0,146.44,69.0,4,472.0
p1_S1_N1.90,900.0,18.61,0.0,0,187.96
p1_W_E.213,738.0,160.13,67.0,5,474.97
p1_N1_S1.91,910.0,5.81,0.0,0,148.58
p1_S1_N1.91,910.0,7.28,0.0,0,169.29
p1_W_E.214,755.0,138.06,58.0,5,445.85
p1_W_E.215,758.0,143.55,55.0,3,450.41
p1_W_E.216,761.0,141.57,58.0,4,451.31
p1_W_E.217,764.0,141.11,57.0,3,454.66
p1_W_E.218,767.0,139.79,55.0,3,441.43
p1_W_S2.22,776.0,132.08,53.0,3,427.62
p1_W_E.219,770.0,138.65,53.0,3,447.44
p1_N2_W.27,813.0,82.06,64.0,2,340.38
p1_W_E.220,773.0,137.43,53.0,3,452.72
p1_N2_W.28,843.0,67.03,34.0,2,332.22
p1_E_W.118,850.0,62.35,38.0,2,329.0
p1_W_E.221,779.0,125.25,51.0,3,420.05
p1_W_E.222,782.0,133.05,49.0,4,437.09
p1_W_E.223,785.0,131.84,47.0,3,439.52
p1_E_W.119,857.0,39.98,21.0,2,274.06
p1_E_N1.29,870.0,40.93,15.0,2,291.69
p1_W_E.224,788.0,130.61,46.0,3,446.49
p1_E_W.120,864.0,55.85,20.0,2,285.26
p1_N2_S2.86,860.0,82.7,59.0,2,300.35
p1_E_W.121,873.0,48.51,13.0,2,308.61
p1_S2_N2.88,880.0,61.02,51.0,1,251.58
p1_N2_S2.87,870.0,74.73,57.0,1,276.31
p1_E_W.122,879.0,44.12,9.0,2,294.04
p1_S2_N2.89,890.0,53.29,42.0,1,239.18
p1_E_W.123,886.0,38.92,7.0,1,291.22
p1_S2_N2.90,900.0,46.57,34.0,1,232.74
p1_N2_S2.88,880.0,68.32,55.0,1,263.56
p1_E_W.124,893.0,30.44,8.0,1,267.9
p1_S2_N2.91,910.0,38.28,25.0,1,222.39
p1_N2_S2.89,890.0,60.26,47.0,1,252.61
p1_E_W.125,900.0,28.06,7.0,1,274.13
p1_S2_N2.92,920.0,30.18,19.0,1,213.89
p1_E_N1.30,903.0,20.83,4.0,1,240.09
p1_N2_S2.90,900.0,51.05,40.0,1,235.41
p1_E_W.126,908.0,20.17,2.0,2,240.5
p1_S2_N2.93,930.0,22.18,9.0,1,192.83
p1_E_W.127,915.0,14.75,0.0,0,225.31
p1_S2_N2.94,940.0,14.05,0.0,0,181.41
p1_E_W.128,922.0,11.77,0.0,0,222.6
p1_E_W.129,929.0,7.17,0.0,0,191.8
p1_S2_N2.95,950.0,6.04,0.0,0,145.95
p1_N2_S2.91,910.0,44.27,28.0,1,225.15
p1_N2_S2.92,920.0,42.66,23.0,1,240.28
p1_E_N1.31,932.0,8.75,0.0,0,214.06
p1_N2_S2.93,930.0,34.43,16.0,1,224.23
p1_N2_S2.94,940.0,22.57,8.0,1,208.4
p1_N2_W.29,873.0,74.86,55.0,1,315.66
p1_N2_S2.95,950.0,20.34,0.0,0,205.34
p1_N2_S2.96,960.0,12.07,0.0,0,189.39
p1_S2_N2.96,960.0,6.69,0.0,0,154.08
p1_W_E.225,791.0,162.6,78.0,4,481.01
p1_W_E.226,794.0,158.2,77.0,4,472.15
p1_N1_S1.92,920.0,57.8,48.0,1,240.42
p1_N1_S1.93,930.0,50.76,38.0,1,233.61
p1_N1_S1.94,940.0,42.54,30.0,1,230.55
p1_S1_N1.92,920.0,53.75,43.0,1,239.98
p1_N1_S1.95,950.0,34.34,20.0,1,212.89
p1_S1_N1.93,930.0,55.04,38.0,1,239.02
p1_S1_N1.94,940.0,46.68,32.0,1,235.7
p1_N1_S1.96,960.0,24.59,12.0,1,190.12
p1_S1_N1.95,950.0,38.35,25.0,1,222.35
p1_N1_S1.97,970.0,19.2,4.0,1,196.98
p1_W_E.227,797.0,142.67,76.0,4,443.22
p1_S1_N1.96,960.0,24.58,12.0,1,194.81
p1_W_E.228,800.0,171.56,73.0,6,455.35
p1_S1_N1.97,970.0,23.68,7.0,1,199.68
p1_W_E.229,804.0,169.23,73.0,4,475.77
p1_W_S2.23,810.0,161.51,84.0,4,467.39
p1_S1_N1.98,980.0,15.45,0.0,0,196.31
p1_W_E.230,807.0,153.58,70.0,5,472.38
p1_N1_S1.98,980.0,6.94,0.0,0,155.76
p1_S1_N1.99,990.0,7.3,0.0,0,171.08
p1_S1_E.28,843.0,123.71,82.0,3,436.08
p1_S1_E.29,873.0,97.47,50.0,3,390.12
p1_N1_S1.99,990.0,6.53,0.0,0,147.47
p1_S1_E.30,903.0,77.47,27.0,2,353.94
p1_W_E.231,813.0,169.3,80.0,4,483.1
p1_W_E.232,816.0,162.65,80.0,4,489.58
p1_N2_W.30,903.0,80.9,60.0,2,345.62
p1_W_E.233,819.0,167.05,79.0,5,485.41
p1_N2_W.31,933.0,53.57,30.0,2,309.83
p1_W_E.234,836.0,151.75,70.0,3,455.05
p1_E_W.130,936.0,52.5,34.0,2,304.98
p1_W_E.235,839.0,144.04,68.0,3,457.15
p1_E_W.131,944.0,46.96,27.0,2,288.05
p1_W_E.236,842.0,149.35,66.0,3,468.32
p1_E_W.132,951.0,41.82,19.0,2,292.23
p1_W_E.237,845.0,132.17,65.0,5,432.42
p1_W_E.238,848.0,123.91,64.0,4,400.59
p1_E_N1.32,961.0,37.16,6.0,1,275.51
p1_E_W.133,958.0,28.33,8.0,2,255.83
p1_W_E.239,851.0,145.89,60.0,3,423.3
p1_W_S2.24,857.0,131.97,61.0,3,422.86
p1_W_E.240,854.0,148.13,61.0,3,432.71
p1_W_E.241,860.0,128.62,60.0,3,429.44
p1_W_E.242,863.0,143.02,57.0,3,448.76
p1_E_W.134,965.0,23.84,2.0,1,260.43
p1_W_E.243,866.0,141.69,58.0,3,445.42
p1_E_W.135,972.0,36.74,0.0,0,276.0
p1_E_N1.33,990.0,18.59,0.0,0,249.05
p1_W_E.244,869.0,140.43,55.0,3,451.83
p1_E_W.136,980.0,20.59,0.0,0,249.01
p1_W_E.245,872.0,127.53,57.0,4,445.09
p1_S2_N2.97,970.0,63.48,53.0,1,250.89
p1_E_W.137,987.0,24.46,0.0,0,253.12
p1_N2_S2.97,970.0,65.44,48.0,1,254.48
p1_S2_N2.98,980.0,55.48,43.0,1,251.98
p1_E_W.138,994.0,14.3,0.0,0,237.91
p1_S2_N2.99,990.0,47.14,36.0,1,235.11
p1_E_W.139,1001.0,11.66,0.0,0,220.56
p1_N2_S2.98,980.0,57.87,47.0,1,244.04
p1_S2_N2.100,1000.0,39.03,28.0,1,220.17
p1_S2_N2.101,1010.0,30.89,19.0,1,209.63
p1_S2_N2.102,1020.0,21.61,11.0,1,192.19
p1_S2_N2.103,1030.0,15.21,1.0,1,195.15
p1_N2_S2.99,990.0,44.08,32.0,1,223.42
p1_N2_S2.100,1000.0,48.29,30.0,1,234.34
p1_N2_S2.101,1010.0,31.22,17.0,1,203.68
p1_E_N1.34,1020.0,11.45,0.0,0,211.93
p1_E_W.140,1008.0,7.67,0.0,0,205.62
p1_N2_S2.102,1020.0,34.22,15.0,1,211.17
p1_E_W.141,1016.0,19.36,0.0,0,211.35
p1_N2_S2.103,1030.0,26.93,7.0,1,218.92
p1_S2_N2.104,1040.0,7.16,0.0,0,152.38
p1_E_W.142,1023.0,14.0,0.0,0,216.52
p1_N2_S2.104,1040.0,18.67,0.0,0,193.74
p1_W_E.246,875.0,165.08,84.0,5,503.23
p1_W_E.247,878.0,164.06,81.0,5,498.8
p1_S1_N1.100,1000.0,68.72,58.0,1,260.92
p1_W_E.248,881.0,151.11,80.0,5,464.92
p1_W_E.249,884.0,159.8,79.0,5,466.45
p1_N1_S1.100,1000.0,65.2,54.0,1,249.31
p1_S1_N1.101,1010.0,58.81,46.0,1,244.9
p1_W_E.250,887.0,161.18,77.0,4,467.94
p1_N1_S1.101,1010.0,61.95,48.0,1,257.6
p1_S1_N1.102,1020.0,53.32,40.0,1,243.33
p1_W_E.251,893.0,156.2,68.0,4,456.26
p1_N1_S1.102,1020.0,56.38,42.0,1,263.37
p1_W_S2.25,890.0,152.69,74.0,4,459.87
p1_S1_N1.103,1030.0,49.45,32.0,1,231.38
p1_S1_E.31,933.0,125.52,77.0,5,433.52
p1_N1_S1.103,1030.0,39.99,30.0,1,218.98
p1_S1_N1.104,1040.0,41.64,27.0,1,215.51
p1_S1_E.32,963.0,97.06,49.0,4,401.23
p1_S1_E.33,993.0,68.97,28.0,3,341.27
p1_N1_S1.104,1040.0,42.91,23.0,1,222.38
p1_N1_S1.105,1050.0,28.13,14.0,1,212.44
p1_W_E.252,896.0,163.68,76.0,5,495.33
p1_S1_N1.105,1050.0,31.46,14.0,1,200.69
p1_N1_S1.106,1060.0,25.86,8.0,1,201.13
p1_W_E.253,899.0,166.71,74.0,5,508.0
p1_N1_S1.107,1070.0,15.95,0.0,0,184.04
p1_W_E.254,902.0,165.39,74.0,6,506.77
p1_S1_N1.106,1060.0,28.4,11.0,1,205.81
p1_N1_S1.108,1080.0,9.63,0.0,0,169.8
p1_W_E.255,905.0,160.32,73.0,5,477.65
p1_S1_N1.107,1070.0,21.02,3.0,1,198.74
p1_W_E.256,908.0,163.08,70.0,5,470.28
p1_W_E.257,922.0,148.79,66.0,4,458.8
p1_S1_N1.108,1080.0,8.79,0.0,0,157.2
p1_W_E.258,925.0,145.44,62.0,5,446.52
p1_W_E.259,929.0,147.55,63.0,3,459.07
p1_W_E.260,932.0,145.6,63.0,4,473.53
p1_W_S2.26,936.0,142.99,61.0,4,458.43
p1_W_E.261,939.0,141.93,58.0,4,448.98
p1_W_E.262,942.0,140.88,56.0,3,434.15
p1_W_E.263,945.0,138.09,53.0,3,436.88
p1_N2_W.32,963.0,94.76,77.0,2,356.34
p1_W_E.264,948.0,135.65,53.0,3,413.96
p1_N2_W.33,993.0,91.1,58.0,2,344.74
p1_W_E.265,951.0,134.22,55.0,3,419.85
p1_N2_W.34,1023.0,65.45,30.0,2,323.45
p1_E_W.143,1030.0,62.31,34.0,2,319.95
p1_E_N1.35,1050.0,31.15,9.0,1,267.74
p1_E_W.144,1037.0,57.1,26.0,2,312.76
p1_W_E.266,954.0,126.62,54.0,3,416.28
p1_E_W.145,1044.0,51.84,20.0,2,318.06
p1_W_E.267,957.0,132.29,54.0,5,412.89
p1_E_W.146,1053.0,44.58,8.0,1,315.48
p1_S2_N2.105,1050.0,68.09,56.0,1,257.51
p1_N2_S2.105,1050.0,68.24,57.0,1,259.42
p1_E_W.147,1059.0,40.26,8.0,1,320.79
p1_E_W.148,1066.0,33.36,6.0,1,282.44
p1_E_N1.36,1083.0,17.67,0.0,0,243.21
p1_E_W.149,1073.0,29.79,5.0,1,277.93
p1_N2_S2.106,1060.0,61.55,48.0,1,247.44
p1_S2_N2.106,1060.0,57.71,47.0,1,243.58
p1_E_W.150,1080.0,24.62,1.0,1,271.73
p1_N2_S2.107,1070.0,57.77,44.0,1,247.12
p1_S2_N2.107,1070.0,57.71,41.0,1,247.34
p1_E_W.151,1088.0,18.46,0.0,0,258.26
p1_S2_N2.108,1080.0,49.46,32.0,1,247.04
p1_E_W.152,1095.0,13.14,0.0,0,231.88
p1_S2_N2.109,1090.0,38.9,23.0,1,232.92
p1_E_W.153,1102.0,7.83,0.0,0,210.9
p1_N2_S2.108,1080.0,43.19,31.0,1,225.26
p1_N2_S2.109,1090.0,42.4,27.0,1,229.54
p1_S2_N2.110,1100.0,29.97,16.0,1,225.71
p1_S2_N2.111,1110.0,24.71,8.0,1,208.24
p1_N2_S2.110,1100.0,35.47,19.0,1,219.57
p1_S2_N2.112,1120.0,16.51,0.0,0,205.25
p1_N2_S2.111,1110.0,24.1,8.0,1,197.25
p1_S2_N2.113,1130.0,7.7,0.0,0,164.12
p1_N2_S2.112,1120.0,17.25,3.0,1,198.55
p1_W_E.268,960.0,164.28,79.0,4,476.55
p1_N2_W.35,1053.0,67.79,55.0,1,308.46
p1_W_E.269,963.0,164.78,75.0,5,469.37
p1_W_E.270,966.0,161.3,73.0,5,465.38
p1_W_S2.27,969.0,162.59,71.0,4,463.59
p1_W_E.271,972.0,161.37,70.0,4,480.98
p1_N1_S1.109,1090.0,65.44,55.0,1,258.28
p1_W_E.272,975.0,160.54,70.0,4,475.4
p1_N1_S1.110,1100.0,57.21,45.0,1,250.21
p1_S1_N1.109,1090.0,66.4,55.0,1,259.63
p1_W_E.273,978.0,159.23,67.0,5,468.51
p1_N1_S1.111,1110.0,46.46,36.0,1,229.42
p1_N1_S1.112,1120.0,43.52,30.0,1,242.99
p1_S1_N1.110,1100.0,54.66,44.0,1,238.53
p1_N1_S1.113,1130.0,35.4,20.0,1,226.14
p1_S1_E.34,1023.0,106.11,70.0,3,395.43
p1_S1_N1.111,1110.0,46.25,33.0,1,228.07
p1_N1_S1.114,1140.0,26.04,11.0,1,228.58
p1_S1_E.35,1053.0,94.06,41.0,3,385.28
p1_S1_N1.112,1120.0,47.94,31.0,1,237.48
p1_N1_S1.115,1150.0,18.87,4.0,1,222.31
p1_W_E.274,981.0,163.43,77.0,4,506.82
p1_N1_S1.116,1160.0,6.38,0.0,0,152.57
p1_W_E.275,984.0,158.31,77.0,4,477.54
p1_S1_N1.113,1130.0,33.12,20.0,1,207.28
p1_W_E.276,987.0,156.38,76.0,4,475.83
p1_S1_N1.114,1140.0,34.97,15.0,1,213.82
p1_W_E.277,990.0,159.15,75.0,4,462.88
p1_S1_N1.115,1150.0,26.58,8.0,1,215.73
p1_W_E.278,1013.0,142.68,61.0,4,434.48
p1_S1_N1.116,1160.0,18.31,0.0,0,208.67
p1_N1_S1.117,1170.0,5.74,0.0,0,150.36
p1_W_E.279,1016.0,141.84,60.0,3,447.24
p1_W_S2.28,1022.0,135.63,59.0,3,441.93
p1_S1_N1.117,1170.0,9.43,0.0,0,190.96
p1_W_E.280,1019.0,140.6,58.0,3,454.66
p1_W_E.281,1025.0,131.93,59.0,3,424.2
p1_W_E.282,1028.0,134.29,56.0,3,441.61
p1_N2_W.36,1083.0,77.67,55.0,2,340.22
p1_W_E.283,1031.0,133.84,54.0,4,446.41
p1_N2_W.37,1113.0,51.43,25.0,2,306.09
p1_W_E.284,1034.0,132.25,52.0,4,444.49
p1_E_W.154,1109.0,57.31,38.0,2,307.35
p1_W_E.285,1037.0,129.68,53.0,4,441.54
p1_E_N1.37,1112.0,53.66,33.0,2,303.64
p1_W_E.286,1040.0,122.46,50.0,3,407.83
p1_E_W.155,1116.0,49.63,29.0,2,294.24
p1_W_E.287,1043.0,122.07,49.0,3,414.76
p1_E_W.156,1124.0,48.97,22.0,2,311.32
p1_W_E.288,1046.0,128.47,48.0,4,405.1
p1_E_W.157,1131.0,46.01,16.0,2,301.92
p1_N2_S2.113,1130.0,70.53,53.0,1,275.49
p1_E_W.158,1138.0,40.79,10.0,2,307.59
p1_S2_N2.114,1140.0,60.71,50.0,1,254.02
p1_E_N1.38,1141.0,38.58,8.0,2,283.39
p1_N2_S2.114,1140.0,62.68,50.0,1,253.19
p1_E_W.159,1145.0,32.75,4.0,1,272.96
p1_S2_N2.115,1150.0,51.05,40.0,1,243.52
p1_E_W.160,1152.0,32.85,4.0,1,271.75
p1_S2_N2.116,1160.0,45.88,32.0,1,232.05
p1_S2_N2.117,1170.0,37.51,25.0,1,224.72
p1_E_W.161,1160.0,19.71,3.0,1,237.93
p1_S2_N2.118,1180.0,29.31,15.0,1,209.19
p1_E_W.162,1167.0,22.09,1.0,1,238.74
p1_E_N1.39,1170.0,18.96,0.0,0,246.51
p1_S2_N2.119,1190.0,18.67,7.0,1,185.08
p1_E_W.163,1174.0,16.93,0.0,0,241.2
p1_S2_N2.120,1200.0,13.14,0.0,0,182.51
p1_E_W.164,1181.0,11.76,0.0,0,218.88
p1_S2_N2.121,1210.0,6.23,0.0,0,151.62
p1_N2_S2.115,1150.0,49.58,36.0,1,230.8
p1_N2_S2.116,1160.0,54.6,34.0,1,242.77
p1_N2_S2.117,1170.0,43.48,22.0,1,229.21
p1_N2_S2.118,1180.0,40.47,19.0,1,229.33
p1_N2_S2.119,1190.0,33.91,12.0,1,232.66
p1_N2_S2.120,1200.0,25.92,3.0,1,221.12
p1_W_E.289,1049.0,157.78,75.0,4,478.53
p1_N2_W.38,1143.0,62.64,48.0,1,295.88
p1_W_E.290,1052.0,156.97,74.0,5,473.03
p1_W_S2.29,1055.0,151.73,72.0,5,463.54
p1_W_E.291,1058.0,155.61,69.0,4,464.09
p1_N1_S1.118,1180.0,56.76,45.0,1,253.62
p1_S1_N1.118,1180.0,58.49,47.0,1,246.2
p1_N1_S1.119,1190.0,48.81,36.0,1,244.54
p1_W_E.292,1061.0,150.03,63.0,5,449.35
p1_S1_N1.119,1190.0,50.4,39.0,1,243.51
p1_N1_S1.120,1200.0,40.64,28.0,1,223.77
p1_W_E.293,1064.0,155.96,64.0,4,442.03
p1_N1_S1.121,1210.0,32.52,20.0,1,217.24
p1_W_E.294,1067.0,147.94,61.0,5,443.63
p1_N1_S1.122,1220.0,24.42,12.0,1,197.24
p1_W_E.295,1070.0,152.97,57.0,4,465.95
p1_S1_N1.120,1200.0,38.56,28.0,1,218.42
p1_N1_S1.123,1230.0,16.14,3.0,1,185.62
p1_W_E.296,1073.0,152.38,57.0,5,469.07
p1_S1_N1.121,1210.0,38.03,24.0,1,221.77
p1_N1_S1.124,1240.0,8.03,0.0,0,156.42
p1_S1_E.36,1083.0,137.81,94.0,3,436.29
p1_S1_N1.122,1220.0,29.67,15.0,1,214.27
p1_S1_E.37,1113.0,116.0,68.0,3,416.04
p1_S1_E.38,1143.0,87.6,43.0,3,371.27
p1_S1_N1.123,1230.0,16.95,4.0,1,180.86
p1_W_E.297,1076.0,156.64,70.0,5,480.91
p1_N1_S1.125,1250.0,5.55,0.0,0,149.89
p1_W_E.298,1079.0,155.03,67.0,6,497.08
p1_S1_N1.124,1240.0,15.49,0.0,0,192.54
p1_W_E.299,1082.0,144.65,62.0,5,447.84
p1_W_S2.30,1101.0,136.88,58.0,3,430.79
p1_S1_N1.125,1250.0,6.97,0.0,0,162.83
p1_W_E.300,1095.0,144.33,60.0,5,443.06
p1_W_E.301,1105.0,129.37,57.0,4,418.65
p1_N2_W.39,1173.0,68.0,44.0,2,322.39
p1_W_E.302,1109.0,133.96,57.0,3,424.54
p1_N2_W.40,1203.0,42.02,17.0,2,299.46
p1_W_E.303,1113.0,128.81,54.0,3,421.76
p1_W_E.304,1116.0,132.73,54.0,3,434.24
p1_E_W.165,1188.0,52.82,33.0,2,295.79
p1_W_E.305,1119.0,131.46,52.0,4,447.58
p1_E_W.166,1196.0,55.65,32.0,2,307.58
p1_W_E.306,1123.0,127.95,51.0,3,438.5
p1_E_N1.40,1200.0,48.69,26.0,2,312.5
p1_W_E.307,1126.0,126.92,51.0,3,431.64
p1_E_W.167,1203.0,48.37,24.0,2,305.56
p1_W_E.308,1129.0,126.73,49.0,3,437.78
p1_E_W.168,1210.0,45.21,19.0,2,310.38
p1_E_W.169,1217.0,39.84,12.0,2,305.97
p1_W_E.309,1132.0,122.68,50.0,3,420.92
p1_S2_N2.122,1220.0,61.14,50.0,1,254.39
p1_E_W.170,1224.0,29.1,5.0,1,260.19
p1_S2_N2.123,1230.0,53.25,40.0,1,253.83
p1_N2_S2.121,1210.0,68.59,52.0,1,265.5
p1_E_W.171,1233.0,30.62,4.0,1,264.89
p1_S2_N2.124,1240.0,45.55,33.0,1,223.45
p1_N2_S2.122,1220.0,65.93,52.0,1,269.02
p1_N2_S2.123,1230.0,57.66,44.0,1,260.69
p1_E_N1.41,1230.0,22.08,5.0,1,253.73
p1_E_W.172,1239.0,22.91,3.0,1,242.68
p1_S2_N2.125,1250.0,34.22,21.0,1,207.01
p1_N2_S2.124,1240.0,50.98,36.0,1,245.57
p1_E_W.173,1246.0,23.36,3.0,2,254.85
p1_E_W.174,1253.0,16.06,0.0,0,238.53
p1_S2_N2.126,1260.0,26.97,15.0,1,207.04
p1_N2_S2.125,1250.0,42.88,28.0,1,230.99
p1_E_W.175,1260.0,12.72,0.0,0,239.28
p1_N2_S2.126,1260.0,34.6,20.0,1,211.35
p1_S2_N2.127,1270.0,17.37,5.0,1,188.8
p1_E_N1.42,1263.0,11.59,0.0,0,232.93
p1_S2_N2.128,1280.0,15.67,0.0,0,183.74
p1_E_W.176,1268.0,7.86,0.0,0,205.72
p1_S2_N2.129,1290.0,8.53,0.0,0,168.29
p1_N2_S2.127,1270.0,24.71,8.0,1,198.28
p1_N2_S2.128,1280.0,18.36,2.0,1,183.27
p1_N2_S2.129,1290.0,17.75,0.0,0,190.27
p1_W_E.310,1135.0,152.99,76.0,4,472.66
p1_W_S2.31,1138.0,151.55,71.0,4,478.83
p1_N1_S1.126,1260.0,57.13,46.0,1,249.61
p1_S1_N1.126,1260.0,57.26,48.0,1,246.77
p1_W_E.311,1141.0,138.83,71.0,5,439.68
p1_N1_S1.127,1270.0,50.14,37.0,1,238.91
p1_S1_N1.127,1270.0,51.1,39.0,1,228.39
p1_W_E.312,1144.0,151.82,68.0,4,451.53
p1_N1_S1.128,1280.0,40.27,28.0,1,226.31
p1_W_E.313,1147.0,155.3,68.0,6,459.6
p1_W_E.314,1150.0,154.07,66.0,4,462.63
p1_N1_S1.129,1290.0,35.01,23.0,1,212.03
p1_N1_S1.130,1300.0,26.68,13.0,1,208.99
p1_W_E.315,1153.0,148.89,63.0,4,469.36
p1_N1_S1.131,1310.0,18.48,4.0,1,193.0
p1_W_E.316,1156.0,151.53,63.0,4,482.17
p1_N1_S1.132,1320.0,10.21,0.0,0,179.65
p1_S1_E.39,1173.0,132.84,83.0,4,445.44
p1_S1_E.40,1203.0,108.06,60.0,3,411.49
p1_S1_N1.128,1280.0,34.18,21.0,1,206.5
p1_S1_E.41,1233.0,68.03,28.0,3,342.47
p1_N1_S1.133,1330.0,5.35,0.0,0,146.14
p1_S1_N1.129,1290.0,39.85,20.0,1,219.56
p1_W_E.317,1159.0,156.46,71.0,5,464.51
p1_S1_N1.130,1300.0,37.76,17.0,1,220.55
p1_W_E.318,1162.0,150.51,70.0,7,476.61
p1_W_E.319,1165.0,153.74,67.0,6,480.02
p1_W_E.320,1168.0,152.68,66.0,5,491.76
p1_W_S2.32,1171.0,142.95,62.0,4,447.7
p1_W_E.321,1185.0,137.45,56.0,3,461.08
p1_W_E.322,1189.0,135.14,55.0,3,446.74
p1_S1_N1.131,1310.0,11.82,0.0,0,179.23
p1_W_E.323,1192.0,133.91,55.0,3,452.48
p1_S1_N1.132,1320.0,19.69,0.0,0,189.21
p1_W_E.324,1195.0,132.8,53.0,3,427.88
p1_S1_N1.133,1330.0,18.94,0.0,0,184.64
p1_N2_W.41,1233.0,83.41,63.0,2,345.29
p1_W_E.325,1198.0,127.33,52.0,3,411.47
p1_N2_W.42,1263.0,67.06,39.0,2,338.77
p1_W_E.326,1201.0,127.05,49.0,3,404.07
p1_E_W.177,1275.0,57.31,33.0,2,312.02
p1_W_E.327,1204.0,126.07,52.0,4,405.73
p1_E_W.178,1282.0,51.94,29.0,2,316.1
p1_W_E.328,1207.0,128.93,50.0,4,428.23
p1_E_W.179,1289.0,46.81,22.0,2,308.96
p1_W_E.329,1210.0,127.63,50.0,4,431.66
p1_E_W.180,1296.0,42.63,9.0,2,275.71
p1_W_E.330,1213.0,123.72,48.0,4,416.12
p1_W_S2.33,1216.0,124.39,46.0,3,418.03
p1_E_W.181,1304.0,36.32,6.0,2,282.1
p1_E_W.182,1311.0,31.26,5.0,1,270.6
p1_E_N1.43,1292.0,32.69,11.0,2,272.59
p1_E_W.183,1318.0,22.71,4.0,1,241.6
p1_S2_N2.130,1300.0,66.97,56.0,1,257.33
p1_E_N1.44,1321.0,25.46,4.0,1,254.82
p1_N2_S2.130,1300.0,68.66,57.0,1,255.75
p1_S2_N2.131,1310.0,60.03,48.0,1,259.84
p1_N2_S2.131,1310.0,62.36,48.0,1,260.91
p1_S2_N2.132,1320.0,51.88,39.0,1,248.29
p1_S2_N2.133,1330.0,43.63,31.0,1,236.68
p1_N2_S2.132,1320.0,51.44,40.0,1,236.58
p1_E_W.184,1325.0,16.95,0.0,0,239.42
p1_E_W.185,1332.0,23.47,0.0,0,256.62
p1_N2_S2.133,1330.0,48.09,34.0,1,241.18
p1_S2_N2.134,1340.0,31.39,20.0,1,205.47
p1_E_W.186,1340.0,13.61,0.0,0,235.61
p1_N2_S2.134,1340.0,39.77,25.0,1,219.56
p1_E_W.187,1347.0,11.92,0.0,0,218.61
p1_S2_N2.135,1350.0,30.21,13.0,1,201.35
p1_E_N1.45,1350.0,8.57,0.0,0,213.84
p1_N2_S2.135,1350.0,31.77,19.0,1,216.12
p1_E_W.188,1354.0,6.79,0.0,0,195.25
p1_S2_N2.136,1360.0,21.93,6.0,1,197.95
p1_N2_S2.136,1360.0,26.99,13.0,1,210.07
p1_S2_N2.137,1370.0,6.59,0.0,0,146.47
p1_N2_S2.137,1370.0,18.85,3.0,1,195.27
p1_N2_W.43,1293.0,75.29,58.0,1,317.08
p1_S2_N2.138,1380.0,6.35,0.0,0,149.02
p1_W_E.331,1219.0,152.07,70.0,4,466.1
p1_W_E.332,1222.0,152.44,70.0,4,473.77
p1_W_E.333,1225.0,153.74,67.0,4,480.5
p1_S1_N1.134,1340.0,56.89,46.0,1,242.92
p1_W_E.334,1228.0,152.57,66.0,4,491.31
p1_W_E.335,1231.0,151.17,63.0,5,479.73
p1_S1_N1.135,1350.0,46.78,36.0,1,228.64
p1_S1_E.42,1263.0,120.97,77.0,3,426.73
p1_N1_S1.134,1340.0,52.72,41.0,1,238.87
p1_S1_N1.136,1360.0,46.18,32.0,1,232.38
p1_N1_S1.135,1350.0,55.68,39.0,1,234.92
p1_S1_E.43,1293.0,88.92,49.0,4,367.28
p1_N1_S1.136,1360.0,48.75,32.0,1,236.07
p1_S1_E.44,1323.0,64.92,22.0,2,338.56
p1_S1_N1.137,1370.0,34.55,22.0,1,210.15
p1_N1_S1.137,1370.0,40.4,21.0,1,234.19
p1_W_E.336,1234.0,155.03,77.0,5,502.54
p1_S1_N1.138,1380.0,29.56,14.0,1,207.09
p1_N1_S1.138,1380.0,27.68,11.0,1,207.99
p1_W_E.337,1237.0,150.84,72.0,4,477.17
p1_N1_S1.139,1390.0,24.16,6.0,1,210.01
p1_W_E.338,1240.0,153.76,71.0,4,486.67
p1_N1_S1.140,1400.0,15.79,0.0,0,207.16
p1_S1_N1.139,1390.0,19.66,6.0,1,188.47
p1_N1_S1.141,1410.0,7.65,0.0,0,159.85
p1_S1_N1.140,1400.0,15.33,0.0,0,190.18
p1_S1_N1.141,1410.0,10.66,0.0,0,167.47
p1_W_S2.34,1249.0,150.53,65.0,5,451.67
p1_W_E.339,1243.0,142.08,69.0,4,443.72
p1_W_E.340,1246.0,156.66,64.0,4,467.45
p1_W_E.341,1252.0,151.63,63.0,6,474.91
p1_N2_W.44,1323.0,81.29,59.0,2,343.18
p1_W_E.342,1255.0,151.16,60.0,6,469.92
p1_N2_W.45,1353.0,53.78,32.0,2,309.53
p1_W_E.343,1258.0,149.87,60.0,5,472.53
p1_W_E.344,1274.0,135.71,55.0,5,447.42
p1_W_E.345,1278.0,129.77,53.0,3,437.35
p1_W_E.346,1281.0,132.26,56.0,4,444.8
p1_W_E.347,1284.0,130.98,54.0,5,453.01
p1_E_N1.46,1380.0,34.65,9.0,1,283.03
p1_E_W.189,1361.0,35.94,18.0,2,262.2
p1_E_W.190,1368.0,50.15,16.0,1,281.35
p1_W_E.348,1287.0,119.75,52.0,3,400.12
p1_W_E.349,1290.0,130.17,51.0,3,414.03
p1_W_S2.35,1296.0,124.05,51.0,4,406.31
p1_E_W.191,1376.0,41.33,11.0,1,291.69
p1_W_E.350,1293.0,125.65,51.0,4,425.56
p1_E_W.192,1383.0,25.72,4.0,1,264.57
p1_W_E.351,1299.0,124.67,49.0,4,414.7
p1_E_W.193,1390.0,34.42,2.0,1,266.92
p1_E_W.194,1397.0,27.39,0.0,0,266.75
p1_W_E.352,1302.0,112.41,49.0,4,402.21
p1_E_N1.47,1410.0,12.39,0.0,0,228.72
p1_E_W.195,1404.0,11.02,0.0,0,224.34
p1_W_E.353,1305.0,125.74,52.0,3,422.33
p1_E_W.196,1413.0,17.94,0.0,0,230.49
p1_S2_N2.139,1390.0,63.57,52.0,1,256.46
p1_N2_S2.138,1380.0,73.13,58.0,1,280.11
p1_S2_N2.140,1400.0,55.06,44.0,1,240.36
p1_S2_N2.141,1410.0,47.44,34.0,1,228.13
p1_N2_S2.139,1390.0,68.91,56.0,1,268.05
p1_S2_N2.142,1420.0,39.17,26.0,1,220.25
p1_E_W.197,1419.0,8.2,0.0,0,201.25
p1_N2_S2.140,1400.0,60.88,46.0,1,251.83
p1_S2_N2.143,1430.0,30.11,18.0,1,205.33
p1_E_W.198,1426.0,14.26,0.0,0,217.7
p1_S2_N2.144,1440.0,21.88,10.0,1,188.92
p1_N2_S2.141,1410.0,50.95,37.0,1,242.12
p1_S2_N2.145,1450.0,13.51,0.0,0,178.51
p1_N2_S2.142,1420.0,46.89,32.0,1,226.0
p1_S2_N2.146,1460.0,7.81,0.0,0,165.38
p1_E_W.199,1433.0,7.54,0.0,0,198.94
p1_E_W.200,1440.0,8.11,0.0,0,207.18
p1_N2_S2.143,1430.0,35.6,20.0,1,205.68
p1_N2_S2.144,1440.0,35.05,14.0,1,213.02
p1_W_E.354,1308.0,150.69,75.0,5,456.33
p1_N1_S1.142,1420.0,64.42,54.0,1,254.77
p1_S1_N1.142,1420.0,64.21,55.0,1,257.91
p1_W_E.355,1311.0,147.89,72.0,4,465.68
p1_W_E.356,1314.0,151.12,72.0,4,472.31
p1_N1_S1.143,1430.0,56.31,46.0,1,242.92
p1_S1_E.45,1353.0,111.28,73.0,3,414.12
p1_S1_N1.143,1430.0,55.42,43.0,1,246.34
p1_S1_E.46,1383.0,85.12,46.0,3,377.45
p1_N1_S1.144,1440.0,45.63,35.0,1,225.07
p1_S1_N1.144,1440.0,50.11,36.0,1,246.62
p1_S1_E.47,1413.0,56.9,23.0,1,326.12
p1_N1_S1.145,1450.0,36.76,24.0,1,214.9
p1_W_E.357,1317.0,150.02,79.0,4,479.86
p1_N1_S1.146,1460.0,28.59,15.0,1,201.34
p1_S1_N1.145,1450.0,40.57,28.0,1,215.89
p1_N1_S1.147,1470.0,27.65,12.0,1,192.97
p1_S1_N1.146,1460.0,38.58,21.0,1,222.31
p1_N1_S1.148,1480.0,15.6,0.0,0,179.12
p1_W_E.358,1320.0,144.23,78.0,4,460.76
p1_S1_N1.147,1470.0,30.32,12.0,1,215.47
p1_W_E.359,1323.0,157.15,73.0,5,468.52
p1_W_E.360,1326.0,154.84,73.0,4,484.7
p1_W_E.361,1332.0,151.69,70.0,4,471.33
p1_S1_N1.148,1480.0,19.45,4.0,1,191.52
p1_S1_N1.149,1490.0,17.58,0.0,0,190.44
p1_W_S2.36,1329.0,143.55,69.0,5,462.96
p1_W_E.362,1335.0,146.99,69.0,4,454.39
p1_N1_S1.149,1490.0,6.21,0.0,0,153.16
p1_S1_N1.150,1500.0,9.06,0.0,0,169.83
p1_N1_S1.150,1500.0,10.69,0.0,0,155.35
p1_W_E.363,1338.0,142.33,65.0,4,449.8
p1_W_E.364,1356.0,124.79,56.0,3,428.04
p1_W_E.365,1360.0,129.81,57.0,3,444.15
p1_N2_W.46,1383.0,100.67,80.0,2,364.69
p1_N2_W.47,1413.0,83.96,55.0,2,355.32
p1_W_E.366,1364.0,133.44,55.0,3,446.7
p1_E_N1.48,1443.0,54.27,35.0,2,308.61
p1_N2_W.48,1443.0,47.23,21.0,2,299.42
p1_W_E.367,1367.0,123.05,54.0,4,430.79
p1_W_E.368,1370.0,126.4,54.0,4,444.98
p1_W_E.369,1373.0,129.86,57.0,4,447.9
p1_W_S2.37,1379.0,125.34,52.0,6,413.03
p1_E_W.201,1448.0,43.62,24.0,2,281.96
p1_E_W.202,1455.0,44.17,18.0,2,286.14
p1_E_N1.49,1472.0,35.26,7.0,2,291.65
p1_E_W.203,1462.0,45.46,16.0,2,303.33
p1_E_W.204,1469.0,40.91,10.0,2,290.3
p1_W_E.370,1376.0,108.93,55.0,6,396.89
p1_E_W.205,1476.0,34.07,5.0,1,299.93
p1_W_E.371,1382.0,131.7,52.0,4,422.37
p1_N2_S2.145,1450.0,82.96,65.0,2,293.1
p1_E_W.206,1484.0,24.51,0.0,0,246.71
p1_N2_S2.146,1460.0,76.68,53.0,1,283.56
p1_E_W.207,1491.0,17.33,0.0,0,227.67
p1_W_E.372,1385.0,108.78,51.0,4,388.31
p1_S2_N2.147,1470.0,60.16,49.0,1,248.32
p1_E_W.208,1498.0,20.14,0.0,0,235.82
p1_E_N1.50,1501.0,17.27,0.0,0,237.37
p1_S2_N2.148,1480.0,61.17,45.0,1,254.79
p1_E_W.209,1505.0,15.1,0.0,0,239.44
p1_N2_S2.147,1470.0,64.88,52.0,1,251.79
p1_S2_N2.149,1490.0,52.86,35.0,1,248.61
p1_S2_N2.150,1500.0,42.45,28.0,1,225.42
p1_N2_S2.148,1480.0,60.91,46.0,1,249.38
p1_E_W.210,1512.0,8.03,0.0,0,196.34
p1_N2_S2.149,1490.0,52.57,38.0,1,233.98
p1_N2_S2.150,1500.0,49.77,33.0,1,240.2
p1_E_W.211,1520.0,7.36,0.0,0,198.57
p1_S2_N2.151,1510.0,24.5,13.0,1,195.83
p1_N2_S2.151,1510.0,41.41,27.0,1,215.79
p1_S2_N2.152,1520.0,32.18,11.0,1,211.11
p1_N2_S2.152,1520.0,33.52,18.0,1,221.71
p1_S2_N2.153,1530.0,17.63,0.0,0,211.27
p1_S2_N2.154,1540.0,7.76,0.0,0,172.03
p1_N2_S2.153,1530.0,23.63,7.0,1,199.38
p1_S2_N2.155,1550.0,7.72,0.0,0,161.81
p1_N2_S2.154,1540.0,18.45,1.0,1,189.43
p1_N2_W.49,1473.0,69.84,50.0,1,299.3
p1_W_E.373,1388.0,158.4,84.0,4,471.98
p1_W_E.374,1391.0,155.72,80.0,4,465.92
p1_N1_S1.151,1510.0,60.19,49.0,1,251.53
p1_W_E.375,1394.0,156.99,79.0,4,477.45
p1_N1_S1.152,1520.0,52.59,41.0,1,241.36
p1_W_E.376,1397.0,152.11,75.0,4,455.92
p1_S1_N1.151,1510.0,60.96,48.0,1,255.21
p1_W_E.377,1400.0,155.38,75.0,4,470.51
p1_N1_S1.153,1530.0,41.64,29.0,1,213.59
p1_S1_N1.152,1520.0,51.99,40.0,1,236.42
p1_W_E.378,1403.0,154.31,70.0,4,457.63
p1_N1_S1.154,1540.0,39.18,24.0,1,221.56
p1_S1_N1.153,1530.0,43.56,30.0,1,219.23
p1_W_E.379,1406.0,147.18,67.0,4,434.42
p1_N1_S1.155,1550.0,31.02,16.0,1,218.02
p1_S1_N1.154,1540.0,42.05,28.0,1,220.32
p1_N1_S1.156,1560.0,22.69,8.0,1,208.5
p1_S1_E.48,1443.0,118.3,74.0,3,412.9
p1_N1_S1.157,1570.0,14.42,0.0,0,198.97
p1_S1_E.49,1473.0,81.81,40.0,3,350.22
p1_W_E.380,1409.0,157.67,78.0,4,472.86
p1_W_S2.38,1412.0,154.31,75.0,5,478.69
p1_S1_N1.155,1550.0,30.32,15.0,1,198.64
p1_W_E.381,1415.0,153.49,71.0,6,476.29
p1_S1_N1.156,1560.0,29.93,12.0,1,205.0
p1_W_E.382,1418.0,152.35,71.0,5,469.42
p1_S1_N1.157,1570.0,19.51,4.0,1,188.2
p1_N1_S1.158,1580.0,6.2,0.0,0,149.4
p1_S1_N1.158,1580.0,13.45,0.0,0,192.46
p1_W_E.383,1434.0,128.02,65.0,3,414.85
p1_N2_W.50,1503.0,70.48,48.0,2,330.19
p1_N2_W.51,1533.0,46.79,19.0,2,308.33
p1_W_E.384,1437.0,122.52,61.0,3,416.14
p1_E_N1.51,1530.0,53.41,25.0,2,301.8
p1_W_E.385,1440.0,145.12,61.0,4,420.85
p1_E_W.212,1527.0,47.13,29.0,2,283.08
p1_W_E.386,1443.0,131.63,60.0,4,432.7
p1_E_W.213,1534.0,52.37,25.0,2,303.23
p1_W_E.387,1446.0,137.49,61.0,4,443.21
p1_E_W.214,1541.0,47.31,20.0,2,300.33
p1_W_E.388,1449.0,128.46,62.0,3,447.82
p1_W_E.389,1452.0,140.54,57.0,3,456.51
p1_W_S2.39,1458.0,127.74,57.0,3,434.96
p1_E_W.215,1548.0,35.94,13.0,2,266.86
p1_W_E.390,1455.0,139.34,58.0,3,463.29
p1_E_W.216,1556.0,39.08,9.0,2,283.42
p1_W_E.391,1461.0,134.88,55.0,3,461.39
p1_W_E.392,1464.0,133.7,54.0,3,460.35
p1_E_W.217,1563.0,34.6,0.0,0,273.62
p1_E_W.218,1570.0,28.04,0.0,0,271.4
p1_S2_N2.156,1560.0,59.61,47.0,1,248.76
p1_E_N1.52,1560.0,27.0,1.0,1,263.12
p1_N2_S2.155,1550.0,67.8,55.0,1,264.34
p1_S2_N2.157,1570.0,53.99,41.0,1,241.51
p1_N2_S2.156,1560.0,59.6,49.0,1,249.2
p1_E_W.219,1577.0,19.31,0.0,0,235.4
p1_E_W.220,1584.0,19.04,0.0,0,235.47
p1_E_N1.53,1590.0,16.65,0.0,0,228.89
p1_N2_S2.157,1570.0,55.32,41.0,1,246.39
p1_S2_N2.158,1580.0,40.68,30.0,1,218.33
p1_E_W.221,1593.0,15.64,0.0,0,230.78
p1_N2_S2.158,1580.0,51.35,35.0,1,242.51
p1_S2_N2.159,1590.0,40.84,24.0,1,230.78
p1_E_W.222,1599.0,11.33,0.0,0,220.11
p1_S2_N2.160,1600.0,27.82,14.0,1,205.34
p1_N2_S2.159,1590.0,43.15,27.0,1,246.63
p1_E_W.223,1606.0,6.83,0.0,0,193.52
p1_S2_N2.161,1610.0,18.52,5.0,1,199.72
p1_S2_N2.162,1620.0,16.3,0.0,0,200.74
p1_S2_N2.163,1630.0,8.04,0.0,0,177.61
p1_N2_S2.160,1600.0,29.34,15.0,1,195.29
p1_N2_S2.161,1610.0,28.88,9.0,1,200.61
p1_N2_S2.162,1620.0,25.6,4.0,1,200.52
p1_N2_S2.163,1630.0,15.12,0.0,0,190.76
p1_W_E.393,1467.0,159.92,83.0,4,491.23
p1_W_E.394,1470.0,158.96,79.0,4,486.59
p1_W_E.395,1473.0,157.69,78.0,5,488.26
p1_W_E.396,1476.0,157.02,73.0,4,485.57
p1_N2_W.52,1562.0,61.24,47.0,1,297.32
p1_S1_N1.159,1590.0,66.36,55.0,1,263.89
p1_W_E.397,1479.0,151.77,70.0,5,476.99
p1_N1_S1.159,1590.0,63.65,53.0,1,256.49
p1_N1_S1.160,1600.0,59.45,47.0,1,261.15
p1_S1_N1.160,1600.0,59.23,48.0,1,241.84
p1_W_E.398,1482.0,157.31,71.0,4,484.0
p1_W_E.399,1485.0,156.05,69.0,5,474.52
p1_N1_S1.161,1610.0,48.98,36.0,1,237.29
p1_N1_S1.162,1620.0,43.99,31.0,1,233.42
p1_S1_N1.161,1610.0,49.06,38.0,1,228.77
p1_W_S2.40,1492.0,152.08,64.0,4,447.57
p1_S1_N1.162,1620.0,47.25,32.0,1,231.98
p1_N1_S1.163,1630.0,29.93,19.0,1,202.78
p1_W_E.400,1489.0,143.27,65.0,4,446.09
p1_S1_N1.163,1630.0,39.46,25.0,1,224.46
p1_N1_S1.164,1640.0,29.13,14.0,1,209.94
p1_W_E.401,1495.0,145.27,62.0,4,440.08
p1_N1_S1.165,1650.0,20.91,3.0,1,198.69
p1_N1_S1.166,1660.0,12.61,0.0,0,194.02
p1_S1_E.50,1503.0,137.75,94.0,4,429.54
p1_S1_E.51,1533.0,117.9,70.0,3,413.03
p1_N1_S1.167,1670.0,5.29,0.0,0,151.46
p1_S1_E.52,1563.0,91.21,44.0,3,386.36
p1_W_E.402,1497.0,157.07,71.0,5,486.35
p1_W_E.403,1500.0,147.57,70.0,5,447.5
p1_S1_N1.164,1640.0,23.94,10.0,1,190.31
p1_W_E.404,1512.0,138.5,67.0,5,424.79
p1_S1_N1.165,1650.0,32.06,6.0,1,205.28
p1_W_E.405,1516.0,146.48,67.0,4,442.95
p1_N2_W.53,1593.0,69.78,48.0,2,322.13
p1_S1_N1.166,1660.0,23.86,0.0,0,217.12
p1_W_E.406,1519.0,135.5,63.0,4,409.92
p1_N2_W.54,1623.0,41.66,19.0,2,292.27
p1_W_E.407,1522.0,138.58,64.0,4,425.71
p1_E_W.224,1613.0,53.77,36.0,2,307.14
p1_W_E.408,1525.0,142.87,61.0,4,434.33
p1_W_E.409,1528.0,141.39,59.0,4,434.81
p1_E_N1.54,1623.0,48.1,23.0,2,301.78
p1_W_E.410,1531.0,140.33,59.0,4,438.71
p1_E_W.225,1620.0,44.06,26.0,2,286.73
p1_W_S2.41,1535.0,134.08,58.0,4,432.6
p1_E_W.226,1628.0,39.99,17.0,2,275.29
p1_W_E.411,1538.0,129.88,56.0,4,417.55
p1_W_E.412,1541.0,136.94,54.0,3,444.48
p1_W_E.413,1544.0,135.75,56.0,3,458.8
p1_E_W.227,1635.0,33.35,13.0,2,266.99
p1_E_W.228,1642.0,39.16,8.0,2,285.35
p1_W_E.414,1547.0,130.79,55.0,3,446.63
p1_W_E.415,1550.0,133.26,54.0,3,452.17
p1_E_W.229,1649.0,22.78,5.0,1,239.34
p1_N2_S2.164,1640.0,67.25,55.0,1,265.21
p1_E_W.230,1656.0,29.31,3.0,1,255.18
p1_E_N1.55,1652.0,22.44,5.0,1,249.38
p1_N2_S2.165,1650.0,59.01,47.0,1,244.24
p1_S2_N2.164,1640.0,62.43,53.0,1,253.92
p1_S2_N2.165,1650.0,62.45,47.0,1,267.14
p1_N2_S2.166,1660.0,52.97,40.0,1,243.9
p1_S2_N2.166,1660.0,54.17,38.0,1,254.07
p1_E_W.231,1664.0,10.93,0.0,0,225.2
p1_E_N1.56,1681.0,11.32,0.0,0,219.0
p1_N2_S2.167,1670.0,43.48,31.0,1,227.62
p1_S2_N2.167,1670.0,45.89,30.0,1,239.91
p1_E_W.232,1671.0,16.59,0.0,0,223.04
p1_S2_N2.168,1680.0,37.62,20.0,1,232.45
p1_E_W.233,1678.0,18.43,0.0,0,230.87
p1_N2_S2.168,1680.0,37.75,22.0,1,219.93
p1_E_W.234,1685.0,13.17,0.0,0,232.0
p1_S2_N2.169,1690.0,27.34,12.0,1,211.63
p1_E_W.235,1692.0,7.98,0.0,0,203.68
p1_S2_N2.170,1700.0,21.14,3.0,1,212.24
p1_N2_S2.169,1690.0,29.53,16.0,1,205.17
p1_S2_N2.171,1710.0,12.89,0.0,0,192.72
p1_N2_S2.170,1700.0,24.7,9.0,1,207.26
p1_S2_N2.172,1720.0,5.87,0.0,0,158.68
p1_N2_S2.171,1710.0,11.11,0.0,0,181.3
p1_W_E.416,1553.0,159.9,79.0,4,490.44
p1_N2_W.55,1653.0,59.38,47.0,1,295.22
p1_W_E.417,1556.0,157.06,75.0,4,488.07
p1_W_E.418,1559.0,159.15,72.0,4,494.16
p1_W_E.419,1562.0,157.88,71.0,6,486.05
p1_S1_N1.167,1670.0,72.46,57.0,1,277.68
p1_W_E.420,1565.0,156.59,69.0,4,467.68
p1_S1_N1.168,1680.0,64.65,53.0,1,255.35
p1_W_S2.42,1568.0,155.83,67.0,5,465.34
p1_S1_E.53,1593.0,132.46,90.0,3,432.95
p1_S1_N1.169,1690.0,59.82,47.0,1,251.78
p1_S1_E.54,1623.0,100.7,63.0,3,386.17
p1_N1_S1.168,1680.0,54.9,44.0,1,238.2
p1_S1_E.55,1653.0,71.38,33.0,3,348.85
p1_N1_S1.169,1690.0,62.98,41.0,1,257.28
p1_W_E.421,1571.0,160.96,79.0,4,509.73
p1_N1_S1.170,1700.0,54.74,35.0,1,238.16
p1_S1_N1.170,1700.0,49.62,35.0,1,236.98
p1_W_E.422,1574.0,160.82,76.0,5,504.7
p1_N1_S1.171,1710.0,45.56,25.0,1,238.9
p1_S1_N1.171,1710.0,42.38,29.0,1,219.33
p1_W_E.423,1577.0,159.53,75.0,4,503.25
p1_N1_S1.172,1720.0,38.2,17.0,1,236.97
p1_S1_N1.172,1720.0,38.16,23.0,1,222.83
p1_W_E.424,1580.0,158.4,72.0,4,493.33
p1_N1_S1.173,1730.0,29.52,10.0,1,219.82
p1_S1_N1.173,1730.0,30.09,16.0,1,210.68
p1_W_E.425,1583.0,157.16,70.0,4,498.25
p1_S1_N1.174,1740.0,21.76,7.0,1,190.85
p1_N1_S1.174,1740.0,19.04,0.0,0,198.71
p1_N1_S1.175,1750.0,13.59,0.0,0,174.89
p1_W_E.426,1586.0,147.32,69.0,4,434.17
p1_W_E.427,1600.0,144.76,63.0,3,447.92
p1_W_E.428,1604.0,143.4,60.0,3,448.95
p1_N2_W.56,1683.0,65.65,43.0,2,325.44
p1_N2_W.57,1713.0,37.86,17.0,1,274.93
p1_W_S2.43,1613.0,136.85,60.0,5,420.11
p1_W_E.429,1607.0,129.97,60.0,3,399.83
p1_E_W.236,1700.0,52.94,34.0,2,304.95
p1_W_E.430,1610.0,144.26,58.0,3,422.74
p1_E_W.237,1707.0,46.51,28.0,2,288.95
p1_W_E.431,1616.0,140.01,58.0,4,435.34
p1_W_E.432,1619.0,138.64,55.0,3,452.88
p1_W_E.433,1622.0,137.47,54.0,3,432.44
p1_E_W.238,1714.0,45.68,19.0,2,288.69
p1_W_E.434,1625.0,136.18,54.0,3,455.72
p1_E_W.239,1721.0,40.6,16.0,2,288.9
p1_W_E.435,1628.0,134.88,53.0,3,459.7
p1_E_N1.57,1710.0,42.5,20.0,2,277.5
p1_E_W.240,1728.0,35.43,8.0,2,289.7
p1_E_W.241,1736.0,26.03,5.0,1,251.51
p1_N2_S2.172,1720.0,72.53,59.0,1,266.35
p1_S2_N2.173,1730.0,62.65,52.0,1,260.26
p1_E_N1.58,1740.0,25.53,4.0,1,246.15
p1_E_W.242,1743.0,27.67,4.0,1,255.5
p1_W_E.436,1631.0,116.68,53.0,3,376.15
p1_S2_N2.174,1740.0,54.56,41.0,1,241.8
p1_N2_S2.173,1730.0,63.71,52.0,1,256.83
p1_E_W.243,1750.0,19.64,2.0,1,236.03
p1_W_E.437,1634.0,140.53,52.0,3,408.39
p1_N2_S2.174,1740.0,56.57,45.0,1,246.52
p1_E_W.244,1757.0,18.37,0.0,0,245.9
p1_E_W.245,1764.0,13.06,0.0,0,228.66
p1_E_N1.59,1770.0,8.65,0.0,0,215.0
p1_N2_S2.175,1750.0,50.93,38.0,1,246.88
p1_S2_N2.175,1750.0,43.07,31.0,1,217.9
p1_E_W.246,1773.0,7.43,0.0,0,207.54
p1_N2_S2.176,1760.0,42.95,29.0,1,230.12
p1_S2_N2.176,1760.0,39.19,25.0,1,220.19
p1_N2_S2.177,1770.0,34.61,22.0,1,209.94
p1_S2_N2.177,1770.0,32.84,17.0,1,211.81
p1_S2_N2.178,1780.0,26.77,9.0,1,206.81
p1_E_W.247,1779.0,6.69,0.0,0,193.63
p1_S2_N2.179,1790.0,18.47,1.0,1,190.09
p1_N2_S2.178,1780.0,30.01,14.0,1,215.49
p2_S2_N2.0,1800.0,10.29,0.0,0,168.05
p1_N1_S1.176,1760.0,57.64,46.0,1,246.29
p1_S1_N1.175,1750.0,62.99,48.0,1,257.58
p1_N1_S1.177,1770.0,48.19,36.0,1,231.47
p1_W_S2.44,1646.0,155.03,67.0,4,459.96
p1_S1_N1.176,1760.0,59.85,46.0,1,253.75
p1_W_E.438,1637.0,143.95,73.0,4,429.25
p1_N1_S1.178,1780.0,37.71,25.0,1,214.1
p1_S1_N1.177,1770.0,53.72,40.0,1,250.21
p1_W_E.439,1640.0,166.4,71.0,4,451.94
p1_S1_N1.178,1780.0,48.5,34.0,1,244.75
p1_N1_S1.179,1790.0,30.52,19.0,1,202.65
p1_W_E.440,1643.0,165.02,70.0,4,470.17
p2_N1_S1.0,1800.0,30.17,14.0,1,211.08
p1_W_E.441,1649.0,158.35,66.0,4,469.85
p1_S1_N1.179,1790.0,36.46,23.0,1,213.08
p1_W_E.442,1652.0,159.69,63.0,5,472.8
p2_S1_N1.0,1800.0,33.04,18.0,1,224.36
p1_S1_E.56,1683.0,122.6,82.0,3,424.5
p2_S1_N1.1,1810.0,19.95,5.0,1,186.01
p1_S1_E.57,1713.0,101.83,57.0,3,406.03
p2_S1_N1.2,1820.0,18.05,0.0,0,190.23
p1_S1_E.58,1742.0,66.26,22.0,3,341.22
p1_W_E.443,1655.0,147.96,73.0,4,471.47
p2_N1_S1.1,1810.0,31.62,12.0,2,209.52
p1_W_E.444,1658.0,146.75,72.0,4,453.71
p2_N1_S1.2,1820.0,23.44,3.0,1,198.68
p1_W_E.445,1661.0,155.7,71.0,4,462.52
p2_N1_S1.3,1830.0,15.39,3.0,1,186.63
p1_W_E.446,1664.0,161.1,67.0,4,471.91
p2_S1_N1.3,1830.0,7.03,0.0,0,153.15
p1_W_E.447,1667.0,151.34,64.0,4,457.03
p1_W_E.448,1670.0,158.65,65.0,4,458.33
p1_W_S2.45,1698.0,132.01,51.0,3,401.77
p1_N2_W.58,1743.0,87.3,67.0,2,353.89
p1_N2_W.59,1773.0,59.64,36.0,2,313.59
p1_W_E.449,1673.0,139.41,60.0,4,411.74
p2_S2_W.0,1803.0,31.12,14.0,2,263.04
p1_W_E.450,1692.0,143.61,53.0,3,416.28
p1_W_E.451,1701.0,126.44,53.0,4,415.84
p1_E_W.248,1786.0,44.5,25.0,2,279.21
p1_E_W.249,1793.0,49.26,22.0,2,296.15
p2_E_W.0,1800.0,43.39,15.0,2,299.78
p1_W_E.452,1704.0,113.07,50.0,4,391.35
p1_W_E.453,1707.0,124.97,48.0,3,396.86
p1_W_E.454,1710.0,139.12,47.0,4,407.99
p1_W_E.455,1713.0,135.23,46.0,3,409.14
p1_W_E.456,1716.0,137.08,46.0,3,420.14
p2_S2_N2.1,1810.0,61.88,50.0,1,249.04
p1_N2_S2.179,1790.0,82.56,62.0,2,291.42
p1_W_E.457,1719.0,135.86,47.0,4,431.69
p2_S2_N2.2,1820.0,55.51,44.0,1,246.59
p2_N2_S2.0,1800.0,76.94,55.0,1,294.58
p1_W_E.458,1722.0,134.56,45.0,4,439.54
p2_S2_N2.3,1830.0,47.85,36.0,1,232.58
p2_N2_S2.1,1810.0,59.07,46.0,1,240.46
p2_N2_S2.2,1820.0,68.13,45.0,1,259.49
p2_N2_S2.3,1830.0,59.92,39.0,1,259.69
p2_E_S1.0,1803.0,67.08,36.0,3,342.54
p2_N2_S2.4,1840.0,43.95,26.0,1,241.1
p2_N2_S2.5,1850.0,43.57,22.0,1,240.91
p2_N2_S2.6,1860.0,35.29,13.0,1,244.25
p2_N2_S2.7,1870.0,27.05,6.0,1,224.63
p2_S1_N1.4,1840.0,50.62,39.0,1,235.62
p2_N2_S2.8,1880.0,18.09,0.0,0,204.4
p2_S1_N1.5,1850.0,49.68,34.0,1,236.17
p2_N2_S2.9,1890.0,10.47,0.0,0,178.51
p2_S1_N1.6,1860.0,41.46,26.0,1,231.69
p2_S1_N1.7,1870.0,29.88,17.0,1,209.79
p1_W_E.459,1725.0,152.32,73.0,4,443.15
p2_S1_N1.8,1880.0,24.38,10.0,1,213.52
p2_S1_N1.9,1890.0,16.51,1.0,1,197.76
p1_W_E.460,1728.0,149.61,72.0,5,460.47
p1_W_S2.46,1731.0,152.2,69.0,4,462.88
p2_S1_N1.10,1900.0,6.38,0.0,0,149.42
p1_S1_E.59,1773.0,114.78,75.0,3,412.95
p2_N1_E.0,1803.0,83.63,44.0,4,376.2
p2_N1_S1.4,1840.0,73.19,55.0,2,270.11
p1_W_E.461,1734.0,159.06,91.0,6,483.86
p2_N1_S1.5,1850.0,65.27,47.0,2,262.06
p1_W_E.462,1737.0,157.8,87.0,5,494.79
p2_S1_N1.11,1910.0,6.59,0.0,0,150.36
p2_N1_S1.6,1860.0,57.64,40.0,2,239.41
p1_W_E.463,1740.0,156.59,90.0,4,478.55
p1_W_E.464,1743.0,155.26,83.0,4,471.0
p1_W_E.465,1746.0,153.92,80.0,4,472.57
p2_N1_S1.7,1870.0,52.18,31.0,2,233.45
p1_W_E.466,1749.0,152.72,78.0,4,458.32
p1_W_E.467,1752.0,148.51,77.0,4,442.66
p2_E_W.1,1806.0,99.83,67.0,4,380.83
p1_W_E.468,1755.0,137.39,75.0,4,426.92
p1_W_S2.47,1781.0,126.87,66.0,3,409.46
p1_W_E.469,1775.0,133.9,66.0,3,420.8
p1_W_E.470,1778.0,137.6,66.0,3,431.19
p2_E_W.2,1809.0,84.01,56.0,3,352.72
p1_W_E.471,1785.0,129.15,64.0,3,438.56
p2_E_W.3,1812.0,106.25,56.0,3,377.87
p1_W_E.472,1788.0,123.56,61.0,3,415.92
p2_E_W.4,1815.0,103.4,55.0,3,382.38
p1_W_E.473,1791.0,127.39,61.0,3,437.87
p2_E_W.5,1818.0,94.4,53.0,3,367.31
p1_W_E.474,1794.0,129.32,60.0,4,450.67
p2_E_W.6,1821.0,101.14,51.0,3,384.29
p1_W_E.475,1798.0,127.07,59.0,3,441.18
p2_E_W.7,1824.0,96.01,50.0,3,385.03
p1_W_E.476,1801.0,125.81,62.0,4,452.12
p2_E_W.8,1827.0,96.03,49.0,3,384.16
p1_W_E.477,1804.0,122.22,61.0,3,437.04
p2_E_W.9,1830.0,99.24,45.0,2,375.23
p1_W_E.478,1807.0,123.42,60.0,4,450.97
p2_E_W.10,1833.0,94.68,45.0,2,352.64
p1_W_E.479,1810.0,121.26,58.0,5,431.64
p2_N1_E.1,1833.0,100.38,64.0,4,411.4
p2_N1_E.2,1863.0,72.07,38.0,2,368.4
p2_N2_S2.10,1900.0,59.73,48.0,1,246.92
p2_E_S1.1,1836.0,99.97,53.0,4,367.83
p2_S1_N1.12,1920.0,41.71,29.0,1,223.51
p2_N1_S1.8,1880.0,80.13,54.0,3,287.78
p2_S2_N2.4,1840.0,116.15,93.0,3,335.75
p2_S1_N1.13,1930.0,33.72,21.0,1,216.63
p2_S2_N2.5,1850.0,114.58,88.0,3,342.27
p2_N1_S1.9,1890.0,73.96,44.0,3,276.59
p2_S1_N1.14,1940.0,25.49,13.0,1,198.02
p2_S2_N2.6,1860.0,106.29,80.0,3,324.58
p2_N2_S2.11,1910.0,47.31,35.0,1,217.59
p2_N2_S2.12,1920.0,44.8,29.0,1,233.42
p2_N2_S2.13,1930.0,39.51,24.0,1,234.69
p2_N2_S2.14,1940.0,22.32,10.0,1,187.85
p2_N2_S2.15,1950.0,24.3,5.0,1,200.41
p2_S1_N1.15,1950.0,10.87,0.0,0,167.08
p2_N2_S2.16,1960.0,16.06,0.0,0,192.38
p2_N1_S1.10,1900.0,74.36,41.0,3,274.81
p2_S1_N1.16,1960.0,12.95,0.0,0,178.31
p2_N1_S1.11,1910.0,68.68,36.0,3,261.82
p2_N2_S2.17,1970.0,7.82,0.0,0,164.54
p2_S1_N1.17,1970.0,8.57,0.0,0,172.64
p2_N1_S1.12,1920.0,60.44,28.0,2,259.54
p2_S2_N2.7,1870.0,109.7,75.0,6,332.62
p2_N1_S1.13,1930.0,55.56,27.0,1,240.85
p2_S2_N2.8,1880.0,99.73,69.0,3,308.29
p2_S1_N1.18,1980.0,5.98,0.0,0,156.9
p2_S2_N2.9,1890.0,97.65,66.0,3,312.63
p2_N1_S1.14,1940.0,47.49,22.0,1,233.82
p2_N2_S2.18,1980.0,6.04,0.0,0,153.6
p2_N1_S1.15,1950.0,39.21,14.0,1,229.86
p2_N2_S2.19,1990.0,5.29,0.0,0,149.75
p2_S2_N2.10,1900.0,89.91,54.0,3,299.29
p2_S2_N2.11,1910.0,81.23,53.0,2,286.6
p2_E_W.11,1839.0,136.2,88.0,5,412.32
p2_S2_N2.12,1920.0,80.43,45.0,2,294.95
p1_W_E.480,1813.0,164.39,112.0,4,498.56
p1_W_S2.48,1816.0,165.27,106.0,4,505.21
p1_W_E.481,1819.0,165.79,105.0,4,507.48
p1_W_E.482,1822.0,162.03,103.0,4,501.28
p2_E_W.12,1842.0,121.12,84.0,5,408.94
p1_W_E.483,1825.0,165.13,101.0,4,500.51
p2_E_W.13,1845.0,145.33,83.0,4,431.52
p2_E_W.14,1848.0,135.44,79.0,4,424.6
p1_W_E.484,1828.0,156.7,99.0,4,478.67
p2_E_W.15,1851.0,142.65,80.0,4,457.17
p1_W_E.485,1831.0,164.27,95.0,4,492.27
p2_E_W.16,1854.0,141.5,78.0,4,452.49
p1_W_E.486,1834.0,162.99,90.0,4,490.44
p2_E_W.17,1857.0,140.06,74.0,5,453.91
p1_W_E.487,1837.0,161.76,90.0,4,490.59
p2_S2_W.1,1833.0,165.28,111.0,5,519.24
p1_W_E.488,1840.0,160.47,89.0,4,492.41
p2_E_W.18,1860.0,140.6,85.0,4,459.97
p1_W_E.489,1843.0,159.11,87.0,4,490.55
p2_E_W.19,1863.0,138.71,85.0,6,459.5
p1_W_E.490,1846.0,156.54,88.0,5,478.66
p2_E_W.20,1866.0,138.06,83.0,4,450.16
p1_W_S2.49,1858.0,146.5,83.0,3,454.4
p2_E_S1.2,1869.0,138.87,83.0,4,444.33
p2_N1_S1.16,1960.0,73.05,39.0,2,278.57
p2_S1_N1.19,1990.0,43.03,31.0,1,228.32
p1_W_E.491,1862.0,132.69,82.0,3,420.74
p2_N1_S1.17,1970.0,65.1,33.0,1,260.23
p1_W_E.492,1865.0,147.76,81.0,3,422.54
p2_N1_E.3,1893.0,123.1,70.0,5,435.38
p2_N1_S1.18,1980.0,54.87,33.0,1,244.35
p2_S1_N1.20,2000.0,30.85,19.0,1,197.04
p2_N1_E.4,1923.0,95.19,45.0,3,385.13
p2_S1_N1.21,2010.0,30.89,14.0,1,196.74
p2_N1_E.5,1953.0,66.78,23.0,2,343.95
p2_S1_N1.22,2020.0,22.62,6.0,1,191.89
p1_W_E.493,1868.0,152.51,88.0,4,484.97
p1_W_E.494,1871.0,152.45,84.0,4,489.25
p2_S1_N1.23,2030.0,6.33,0.0,0,150.85
p2_N1_S1.19,1990.0,56.95,33.0,2,261.4
p1_W_E.495,1874.0,141.66,81.0,4,474.19
p1_W_E.496,1877.0,150.94,76.0,4,475.3
p2_N1_S1.20,2000.0,48.56,28.0,1,236.03
p2_S1_N1.24,2040.0,5.49,0.0,0,149.58
p1_W_E.497,1880.0,149.59,74.0,4,495.12
p1_W_E.498,1883.0,148.32,75.0,4,510.61
p2_N1_S1.21,2010.0,38.51,17.0,1,223.68
p1_W_E.499,1886.0,146.03,72.0,3,506.76
p1_W_S2.50,1892.0,141.22,72.0,4,435.73
p2_E_W.21,1872.0,166.25,108.0,5,492.68
p1_W_E.500,1889.0,125.28,73.0,4,416.97
p2_E_W.22,1875.0,165.75,106.0,5,486.69
p1_W_E.501,1895.0,147.64,72.0,3,460.44
p2_E_W.23,1878.0,164.35,104.0,5,487.56
p1_W_E.502,1898.0,145.26,71.0,3,456.5
p2_E_W.24,1881.0,163.28,100.0,6,485.14
p1_W_E.503,1901.0,145.29,71.0,3,466.32
p2_N2_S2.20,2000.0,63.19,51.0,1,255.15
p2_E_W.25,1884.0,159.21,96.0,5,474.72
p2_N2_S2.21,2010.0,60.23,45.0,1,250.06
p2_E_W.26,1887.0,154.13,90.0,5,470.2
p2_E_W.27,1890.0,164.04,87.0,5,486.51
p2_N2_S2.22,2020.0,44.57,33.0,1,226.45
p2_E_W.28,1893.0,162.82,87.0,4,488.19
p2_N2_S2.23,2030.0,47.01,30.0,1,238.06
p2_N2_S2.24,2040.0,38.7,21.0,1,238.67
p2_E_W.29,1896.0,161.51,86.0,5,502.66
p2_N2_S2.25,2050.0,23.84,9.0,1,205.69
p2_N2_S2.26,2060.0,22.33,3.0,1,217.76
p2_E_W.30,1899.0,148.26,79.0,4,451.44
p2_N2_S2.27,2070.0,10.93,0.0,0,187.15
p2_S2_N2.13,1930.0,154.03,113.0,3,407.25
p2_N2_S2.28,2080.0,5.99,0.0,0,149.68
p2_S2_N2.14,1940.0,146.87,104.0,3,383.68
p1_W_E.504,1904.0,167.67,95.0,4,495.85
p2_E_S1.3,1902.0,175.8,99.0,7,510.25
p1_W_E.505,1907.0,155.14,95.0,5,477.57
p2_N1_S1.22,2020.0,82.49,56.0,2,292.14
p2_S1_N1.25,2050.0,52.64,42.0,1,238.25
p1_W_E.506,1910.0,170.41,89.0,5,483.39
p2_N1_S1.23,2030.0,74.38,46.0,2,275.29
p2_N1_E.6,1983.0,96.28,59.0,3,400.14
p2_N1_S1.24,2040.0,66.27,41.0,1,269.76
p2_S1_N1.26,2060.0,43.96,33.0,1,221.44
p2_N1_E.7,2013.0,72.99,34.0,2,360.09
p2_S1_N1.27,2070.0,37.2,23.0,1,230.81
p1_W_E.507,1913.0,169.71,100.0,6,511.42
p2_S1_N1.28,2080.0,30.2,17.0,1,224.34
p1_W_E.508,1916.0,172.68,96.0,5,499.75
p1_W_S2.51,1946.0,144.12,77.0,5,465.22
p1_W_E.509,1940.0,151.55,80.0,4,486.38
p1_W_E.510,1943.0,150.25,77.0,4,495.45
p2_S1_N1.29,2090.0,17.04,4.0,1,179.66
p1_W_E.511,1950.0,142.65,76.0,4,464.89
p2_S1_N1.30,2100.0,17.14,0.0,0,198.44
p1_W_E.512,1953.0,141.4,77.0,4,468.6
p2_S1_N1.31,2110.0,8.92,0.0,0,169.15
p1_W_E.513,1956.0,142.53,74.0,4,475.77
p1_W_E.514,1959.0,141.29,72.0,5,472.04
p2_N1_S1.25,2050.0,71.35,46.0,2,267.1
p1_W_E.515,1962.0,139.96,75.0,6,473.98
p2_N1_S1.26,2060.0,64.4,44.0,2,256.95
p1_W_E.516,1965.0,136.55,71.0,4,443.43
p2_N1_S1.27,2070.0,56.21,36.0,2,256.58
p1_W_E.517,1968.0,137.56,69.0,5,449.09
p1_W_E.518,1971.0,136.22,69.0,5,447.16
p1_W_E.519,1974.0,135.05,70.0,5,453.28
p1_W_E.520,1977.0,133.77,66.0,4,462.23
p1_W_S2.52,1980.0,132.56,61.0,6,449.27
p2_E_W.31,1905.0,208.92,127.0,9,561.14
p1_W_E.521,1983.0,130.92,60.0,4,433.19
p2_E_W.32,1908.0,208.14,124.0,7,553.88
p2_E_W.33,1911.0,207.11,118.0,8,555.54
p2_E_W.34,1914.0,205.86,116.0,9,558.51
p2_N2_S2.29,2090.0,51.72,40.0,1,242.36
p2_N2_S2.30,2100.0,44.17,32.0,1,225.23
p2_S2_W.2,1863.0,255.07,169.0,10,636.3
p2_S2_N2.15,1950.0,188.6,137.0,4,447.97
p2_N2_S2.31,2110.0,35.99,23.0,1,219.95
p2_S2_W.3,1893.0,224.65,145.0,8,579.61
p2_N2_S2.32,2120.0,25.66,14.0,1,194.55
p2_E_W.35,1917.0,203.19,140.0,6,559.88
p2_E_W.36,1920.0,210.04,136.0,7,572.26
p2_N2_S2.33,2130.0,17.07,3.0,1,178.04
p2_E_W.37,1923.0,208.7,134.0,7,574.94
p2_N2_S2.34,2140.0,8.76,0.0,0,165.2
p2_N2_S2.35,2150.0,6.35,0.0,0,159.41
p2_E_W.38,1926.0,197.31,131.0,5,536.85
p2_E_W.39,1929.0,209.25,124.0,5,560.08
p2_E_W.40,1932.0,207.92,122.0,5,568.68
p1_W_E.522,1986.0,145.41,82.0,5,465.84
p2_E_S1.4,1935.0,202.01,126.0,6,564.26
p2_N1_S1.28,2080.0,86.34,57.0,3,293.79
p1_W_E.523,1989.0,161.55,79.0,6,475.36
p2_N1_S1.29,2090.0,83.2,47.0,3,301.28
p1_W_E.524,1992.0,157.74,74.0,5,475.32
p2_N1_S1.30,2100.0,73.21,38.0,3,278.25
p2_S1_N1.32,2120.0,40.55,30.0,1,219.51
p2_S1_N1.33,2130.0,48.36,29.0,1,230.1
p2_N1_E.8,2043.0,91.04,63.0,3,363.53
p2_S1_N1.34,2140.0,39.98,20.0,1,233.35
p2_N1_E.9,2073.0,80.76,45.0,3,357.18
p2_S1_N1.35,2150.0,31.76,12.0,1,227.36
p1_W_E.525,1995.0,155.63,88.0,5,489.57
p2_S1_N1.36,2160.0,23.62,3.0,1,207.61
p1_W_E.526,1998.0,164.77,86.0,5,477.95
p2_S1_N1.37,2170.0,13.0,0.0,0,173.82
p1_W_E.527,2017.0,138.13,78.0,4,448.6
p1_W_S2.53,2029.0,136.21,71.0,4,446.16
p1_W_E.528,2020.0,141.8,74.0,4,455.76
p2_N1_S1.31,2110.0,69.99,31.0,1,270.99
p1_W_E.529,2023.0,145.28,72.0,4,464.62
p2_S1_N1.38,2180.0,5.98,0.0,0,151.76
p1_W_E.530,2026.0,144.0,71.0,4,470.42
p2_N1_S1.32,2120.0,71.08,30.0,1,270.35
p2_N1_S1.33,2130.0,62.74,28.0,1,262.66
p1_W_E.531,2032.0,136.3,67.0,5,448.65
p2_N1_S1.34,2140.0,54.56,27.0,1,241.7
p1_W_E.532,2035.0,137.64,66.0,4,451.77
p2_S1_N1.39,2190.0,6.03,0.0,0,150.33
p1_W_E.533,2038.0,137.43,64.0,3,481.57
p2_N1_S1.35,2150.0,42.39,19.0,1,227.64
p2_N2_S2.36,2160.0,37.48,26.0,1,215.4
p2_N1_S1.36,2160.0,38.59,12.0,1,222.36
p2_S2_N2.16,1960.0,234.62,176.0,6,521.83
p2_S2_N2.17,1970.0,231.69,170.0,6,516.02
p2_N2_S2.37,2170.0,27.58,15.0,1,191.84
p2_N2_S2.38,2180.0,20.63,7.0,1,194.98
p2_N2_S2.39,2190.0,15.21,0.0,0,187.97
p2_E_W.41,1938.0,247.57,159.0,8,630.97
p2_S2_N2.18,1980.0,214.39,159.0,5,474.96
p2_N2_S2.40,2200.0,6.4,0.0,0,144.72
p2_E_W.42,1941.0,238.29,158.0,8,612.55
p2_E_W.43,1944.0,249.88,155.0,7,634.64
p1_W_E.534,2041.0,153.8,80.0,4,479.75
p2_E_W.44,1947.0,248.64,152.0,6,635.39
p1_W_E.535,2044.0,152.78,77.0,4,469.44
p2_E_W.45,1949.0,238.49,153.0,8,610.95
p1_W_E.536,2047.0,150.4,74.0,5,462.38
p2_E_W.46,1952.0,247.32,152.0,7,624.4
p2_E_W.47,1955.0,245.97,149.0,7,616.28
p2_E_W.48,1958.0,244.83,147.0,6,628.43
p2_E_W.49,1961.0,243.49,145.0,8,624.36
p1_W_E.537,2050.0,140.09,73.0,5,446.84
p2_E_W.50,1964.0,240.59,143.0,7,623.08
p1_W_E.538,2053.0,155.69,70.0,4,471.14
p2_N1_E.10,2103.0,94.3,46.0,5,365.21
p2_N1_E.11,2133.0,78.87,33.0,2,349.37
p2_N1_E.12,2163.0,50.88,12.0,1,323.11
p1_W_E.539,2056.0,153.73,93.0,4,474.36
p1_W_E.540,2059.0,158.95,89.0,4,476.49
p1_W_S2.54,2085.0,127.85,73.0,3,421.54
p1_W_E.541,2088.0,131.76,71.0,3,448.2
p2_E_S1.5,1967.0,244.68,149.0,9,612.72
p2_S1_N1.40,2200.0,41.02,28.0,1,227.24
p1_W_E.542,2092.0,126.35,71.0,3,437.92
p2_N1_S1.37,2170.0,73.9,42.0,2,283.17
p2_S1_N1.41,2210.0,34.06,21.0,1,208.21
p1_W_E.543,2095.0,128.35,71.0,3,434.5
p2_N1_S1.38,2180.0,65.1,32.0,1,268.99
p1_W_E.544,2098.0,127.1,69.0,3,446.25
p2_N1_S1.39,2190.0,57.27,32.0,1,254.49
p2_S1_N1.42,2220.0,25.23,11.0,1,200.64
p1_W_E.545,2101.0,125.9,69.0,3,438.47
p2_S1_N1.43,2230.0,17.09,3.0,1,183.74
p1_W_E.546,2104.0,120.36,66.0,3,409.29
p2_S1_N1.44,2240.0,11.01,0.0,0,177.15
p1_W_E.547,2107.0,121.71,65.0,3,429.24
p1_W_E.548,2110.0,122.5,65.0,3,433.89
p1_W_E.549,2113.0,121.27,61.0,3,425.64
p2_N1_S1.40,2200.0,56.47,31.0,2,244.5
p2_S1_N1.45,2250.0,6.17,0.0,0,155.15
p1_W_E.550,2116.0,115.34,64.0,3,402.73
p2_N1_S1.41,2210.0,48.35,26.0,1,235.9
p1_W_S2.55,2119.0,117.84,61.0,3,390.99
p2_N1_S1.42,2220.0,38.99,16.0,1,219.97
p1_W_E.551,2122.0,112.35,63.0,3,390.19
p1_W_E.552,2125.0,117.99,59.0,4,396.88
p2_S2_W.4,1923.0,316.99,220.0,11,723.47
p2_E_W.51,1970.0,280.77,182.0,9,691.72
p2_E_W.52,1973.0,279.52,180.0,10,672.06
p2_E_W.53,1976.0,278.32,174.0,10,671.85
p2_E_W.54,1979.0,276.89,168.0,9,677.53
p2_E_W.55,1982.0,275.8,165.0,9,667.92
p2_E_W.56,1985.0,274.51,166.0,9,661.03
p2_N2_S2.41,2210.0,71.28,56.0,1,262.96
p2_E_W.57,1988.0,273.33,156.0,9,657.59
p2_S2_N2.19,1990.0,284.6,217.0,7,594.72
p2_E_W.58,1991.0,269.98,151.0,8,644.22
p2_S2_N2.20,2000.0,282.56,213.0,7,595.62
p2_E_W.59,1994.0,270.79,148.0,8,654.31
p2_S2_N2.21,2010.0,275.93,212.0,7,580.48
p2_E_W.60,1997.0,266.16,145.0,8,633.45
p2_N2_S2.42,2220.0,58.34,44.0,1,244.88
p2_N2_S2.43,2230.0,59.86,41.0,1,250.8
p2_N2_S2.44,2240.0,46.13,29.0,1,224.18
p2_N2_S2.45,2250.0,43.31,24.0,1,235.05
p2_N2_S2.46,2260.0,33.49,13.0,1,224.17
p2_N2_S2.47,2270.0,26.74,8.0,1,214.18
p2_N2_S2.48,2280.0,10.2,0.0,0,160.6
p2_N2_S2.49,2290.0,8.3,0.0,0,154.37
p2_E_S1.6,2000.0,282.93,156.0,10,669.09
p2_N2_S2.50,2300.0,5.44,0.0,0,153.36
p2_S1_N1.46,2260.0,47.99,33.0,1,233.17
p2_S1_N1.47,2270.0,39.71,26.0,1,219.69
p2_S1_N1.48,2280.0,29.52,15.0,1,204.18
p2_S1_N1.49,2290.0,25.13,10.0,1,205.54
p2_N1_E.13,2193.0,101.37,67.0,3,386.27
p1_W_E.553,2128.0,169.77,109.0,5,499.91
p2_S1_N1.50,2300.0,10.88,0.0,0,164.13
p1_W_E.554,2147.0,152.74,97.0,4,474.36
p2_S1_N1.51,2310.0,12.34,0.0,0,170.98
p1_W_E.555,2151.0,150.41,93.0,4,469.96
p2_N1_S1.43,2230.0,92.93,60.0,3,302.58
p1_W_E.556,2154.0,149.34,91.0,4,470.46
p2_N1_S1.44,2240.0,84.94,54.0,3,293.89
p2_N1_S1.45,2250.0,76.72,50.0,2,283.65
p2_S1_N1.52,2320.0,5.44,0.0,0,155.64
p1_W_E.557,2157.0,148.33,92.0,5,463.23
p1_W_E.558,2160.0,147.07,88.0,5,465.39
p1_W_E.559,2163.0,145.93,85.0,4,463.44
p2_N1_S1.46,2260.0,70.75,45.0,2,265.31
p1_W_E.560,2166.0,143.97,84.0,4,460.12
p2_S1_N1.53,2330.0,5.15,0.0,0,153.56
p1_W_E.561,2172.0,144.91,81.0,4,463.0
p1_W_E.562,2175.0,143.6,81.0,4,467.28
p1_W_S2.56,2169.0,136.81,81.0,4,450.29
p2_N1_S1.47,2270.0,55.03,36.0,2,241.17
p2_N1_S1.48,2280.0,63.58,35.0,2,256.9
p1_W_E.563,2178.0,133.65,79.0,4,435.02
p1_W_E.564,2181.0,140.39,78.0,4,453.34
p1_W_E.565,2184.0,145.85,77.0,4,461.14
p2_E_W.61,2003.0,305.32,183.0,11,692.97
p1_W_E.566,2187.0,139.47,72.0,4,464.77
p2_S2_W.5,1953.0,359.47,247.0,11,773.81
p1_W_E.567,2190.0,143.45,70.0,4,479.64
p2_E_W.62,2006.0,327.74,196.0,11,720.72
p1_W_E.568,2193.0,142.24,70.0,4,474.26
p2_E_W.63,2009.0,326.51,193.0,9,721.53
p1_W_E.569,2196.0,140.84,68.0,5,473.34
p2_E_W.64,2012.0,324.11,187.0,9,720.66
p2_E_W.65,2015.0,324.29,181.0,9,736.67
p2_E_W.66,2018.0,323.01,176.0,8,738.32
p2_N1_E.14,2223.0,96.79,62.0,3,373.69
p2_E_W.67,2021.0,305.29,173.0,9,699.28
p2_N1_E.15,2253.0,89.44,46.0,2,333.39
p2_E_W.68,2025.0,299.6,170.0,11,696.35
p1_W_S2.57,2202.0,147.63,89.0,4,465.44
p2_S2_W.6,1983.0,358.11,232.0,10,772.25
p2_E_W.69,2028.0,314.75,176.0,10,738.83
p2_N1_E.16,2283.0,51.41,27.0,3,292.29
p1_W_E.570,2199.0,153.38,91.0,4,475.0
p2_E_W.70,2031.0,321.69,172.0,10,736.7
p1_W_E.571,2205.0,149.06,84.0,4,467.83
p2_E_S1.7,2034.0,320.1,170.0,12,731.76
p1_W_E.572,2223.0,132.81,76.0,3,434.1
p2_N1_S1.49,2290.0,88.41,58.0,3,306.2
p2_S1_N1.54,2340.0,38.49,25.0,1,219.74
p2_N2_S2.51,2310.0,69.69,57.0,1,265.97
p2_S2_N2.22,2020.0,359.82,292.0,9,702.51
p2_S1_N1.55,2350.0,30.6,18.0,1,205.25
p2_N1_S1.50,2300.0,78.96,50.0,3,286.69
p2_N2_S2.52,2320.0,61.64,50.0,1,259.98
p2_S2_N2.23,2030.0,351.92,277.0,9,689.1
p2_S2_N2.24,2040.0,343.63,267.0,10,684.75
p2_N1_S1.51,2310.0,72.37,43.0,4,294.43
p2_S1_N1.56,2360.0,20.47,7.0,1,183.72
p2_S1_N1.57,2370.0,15.21,0.0,0,192.2
p2_N2_S2.53,2330.0,48.32,36.0,1,227.75
p2_S1_N1.58,2380.0,7.7,0.0,0,164.99
p2_N2_S2.54,2340.0,50.42,34.0,1,234.96
p2_N1_S1.52,2320.0,72.28,40.0,3,283.14
p2_N2_S2.55,2350.0,33.26,19.0,1,199.84
p2_N1_S1.53,2330.0,64.41,34.0,2,263.99
p2_N2_S2.56,2360.0,29.21,14.0,1,214.1
p2_S1_N1.59,2390.0,5.65,0.0,0,149.06
p2_N1_S1.54,2340.0,56.1,31.0,1,252.45
p2_N2_S2.57,2370.0,26.08,8.0,1,222.7
p2_N2_S2.58,2380.0,9.67,0.0,0,159.92
p2_N1_S1.55,2350.0,49.9,28.0,1,242.5
p2_N2_S2.59,2390.0,6.66,0.0,0,151.75
p2_S2_N2.25,2050.0,355.31,263.0,9,692.52
p2_N1_S1.56,2360.0,37.99,20.0,1,215.75
p2_N1_S1.57,2370.0,36.47,12.0,1,213.84
p2_S2_N2.26,2060.0,345.35,253.0,9,670.92
p2_S2_N2.27,2070.0,341.03,240.0,9,683.57
p2_S1_N1.60,2400.0,6.41,0.0,0,152.42
p2_N2_S2.60,2400.0,6.27,0.0,0,149.79
p2_N2_S2.61,2410.0,10.23,0.0,0,156.62
p2_E_W.71,2037.0,358.16,203.0,12,790.61
p2_S2_N2.28,2080.0,341.78,233.0,11,668.19
p2_E_W.72,2040.0,356.09,198.0,12,791.98
p2_E_W.73,2043.0,360.98,195.0,11,796.84
p2_N1_S1.58,2380.0,24.54,3.0,1,204.06
p2_E_W.74,2046.0,357.29,192.0,11,784.43
p2_E_W.75,2049.0,358.5,189.0,12,780.78
p1_W_E.573,2226.0,172.08,119.0,4,491.34
p2_E_W.76,2052.0,355.33,184.0,12,777.82
p2_E_W.77,2055.0,356.0,181.0,11,771.44
p1_W_E.574,2229.0,182.33,116.0,4,506.08
p1_W_E.575,2232.0,176.52,114.0,4,511.43
p2_E_W.78,2058.0,354.92,182.0,10,762.55
p1_W_E.576,2235.0,179.85,115.0,5,527.63
p2_E_W.79,2061.0,353.82,177.0,11,757.61
p1_W_E.577,2238.0,178.51,112.0,5,529.22
p1_W_E.578,2241.0,177.28,112.0,5,520.41
p1_W_E.579,2244.0,175.96,110.0,4,517.26
p1_W_E.580,2247.0,170.26,108.0,6,505.21
p1_W_S2.58,2250.0,171.21,107.0,5,494.59
p2_E_W.80,2064.0,340.89,174.0,10,731.76
p1_W_E.581,2253.0,169.36,104.0,5,492.89
p1_W_E.582,2256.0,171.33,102.0,5,505.07
p1_W_E.583,2259.0,170.06,102.0,4,493.7
p2_E_S1.8,2067.0,362.2,177.0,11,773.56
p2_N1_E.17,2313.0,113.72,67.0,5,410.39
p2_N1_S1.59,2390.0,63.62,35.0,2,267.17
p2_N1_E.18,2343.0,89.11,53.0,2,373.39
p2_S1_N1.61,2410.0,44.06,32.0,1,225.47
p2_N1_E.19,2373.0,60.82,23.0,3,342.92
p2_S1_N1.62,2420.0,35.87,24.0,1,217.96
p2_S1_N1.63,2430.0,27.68,14.0,1,202.83
p1_W_E.584,2262.0,172.97,105.0,6,515.51
p1_W_E.585,2265.0,173.17,104.0,6,511.58
p2_N1_S1.60,2400.0,51.56,33.0,2,234.64
p2_N1_S1.61,2410.0,57.49,33.0,2,247.23
p2_S1_N1.64,2440.0,12.63,0.0,0,175.14
p2_N1_S1.62,2420.0,50.16,30.0,2,241.07
p2_S1_N1.65,2450.0,20.28,0.0,0,182.7
p2_N1_S1.63,2430.0,42.0,22.0,2,226.93
p2_S1_N1.66,2460.0,6.98,0.0,0,159.82
p2_S1_N1.67,2470.0,5.24,0.0,0,151.74
p1_W_E.586,2295.0,124.08,75.0,3,402.78
p1_W_E.587,2298.0,157.2,74.0,3,444.8
p1_W_S2.59,2310.0,135.09,73.0,3,433.68
p1_W_E.588,2301.0,158.33,75.0,5,451.93
p1_W_E.589,2304.0,154.85,74.0,5,443.78
p1_W_E.590,2307.0,155.92,73.0,4,460.32
p2_E_W.81,2070.0,393.37,205.0,15,818.12
p1_W_E.591,2313.0,143.98,69.0,4,444.03
p1_W_E.592,2316.0,147.53,71.0,4,449.63
p2_E_W.82,2089.0,377.43,189.0,11,781.32
p2_S2_W.7,2013.0,453.15,327.0,13,914.18
p2_N1_S1.64,2440.0,34.79,8.0,2,205.71
p1_W_E.593,2319.0,149.3,70.0,3,456.17
p2_S2_N2.29,2090.0,400.19,282.0,10,772.74
p2_N2_S2.62,2420.0,70.37,59.0,1,261.14
p1_W_E.594,2322.0,142.0,69.0,3,450.13
p2_E_W.83,2093.0,376.13,202.0,10,792.15
p2_E_W.84,2096.0,376.04,200.0,10,806.48
p2_S2_N2.30,2100.0,392.87,275.0,11,751.22
p1_W_E.595,2325.0,135.84,67.0,4,431.34
p2_N2_S2.63,2430.0,62.55,50.0,1,258.3
p2_E_W.85,2099.0,374.89,198.0,11,782.76
p2_N2_S2.64,2440.0,55.76,42.0,1,241.12
p2_N2_S2.65,2450.0,46.58,33.0,1,228.46
p2_E_W.86,2102.0,369.51,195.0,12,784.28
p2_N2_S2.66,2460.0,39.58,26.0,1,225.59
p2_E_W.87,2105.0,374.59,193.0,11,811.9
p2_N2_S2.67,2470.0,29.01,17.0,1,208.71
p2_E_W.88,2108.0,373.26,192.0,14,793.09
p2_N2_S2.68,2480.0,21.28,6.0,1,190.49
p2_E_W.89,2111.0,372.03,187.0,16,770.78
p2_N2_S2.69,2490.0,13.25,1.0,1,183.26
p2_E_W.90,2116.0,368.82,184.0,13,777.77
p2_N2_S2.70,2500.0,7.14,0.0,0,162.58
p2_W_N1.0,2356.0,155.32,99.0,5,415.11
p2_S2_N2.31,2110.0,398.14,284.0,14,754.96
p2_N2_S2.71,2510.0,6.13,0.0,0,152.76
p2_S2_N2.32,2120.0,391.82,277.0,11,740.51
p2_S2_N2.33,2130.0,389.68,270.0,12,746.97
p2_E_S1.9,2128.0,371.34,191.0,15,784.24
p2_N1_S1.65,2450.0,71.7,40.0,3,271.22
p2_S1_N1.68,2480.0,44.09,32.0,1,228.15
p2_S1_N1.69,2490.0,35.75,23.0,1,214.43
p2_N1_S1.66,2460.0,66.04,36.0,2,267.9
p2_S1_N1.70,2500.0,26.92,15.0,1,197.0
p2_N2_S2.72,2520.0,6.56,0.0,0,156.75
p2_S1_N1.71,2510.0,17.48,5.0,1,186.09
p2_S1_N1.72,2520.0,13.14,0.0,0,185.32
p2_S2_N2.34,2140.0,388.41,261.0,11,736.31
p2_S1_N1.73,2530.0,6.17,0.0,0,155.9
p2_S2_N2.35,2150.0,382.46,254.0,11,734.72
p2_S2_N2.36,2160.0,378.16,245.0,10,736.03
p2_N1_S1.67,2470.0,73.0,43.0,2,276.72
p2_S1_N1.74,2540.0,5.96,0.0,0,152.83
p2_N1_S1.68,2480.0,61.77,41.0,2,255.29
p2_N1_S1.69,2490.0,59.54,37.0,2,258.89
p2_N2_S2.73,2530.0,6.17,0.0,0,151.92
p2_N1_S1.70,2500.0,51.29,28.0,2,236.17
p2_N2_S2.74,2540.0,11.51,0.0,0,164.78
p1_W_E.596,2328.0,203.56,128.0,4,530.99
p2_N1_S1.71,2510.0,43.02,18.0,2,232.31
p1_W_E.597,2331.0,203.04,125.0,4,546.81
p2_N1_S1.72,2520.0,34.93,12.0,3,208.17
p2_S1_N1.75,2550.0,5.97,0.0,0,144.52
p2_N1_E.20,2403.0,131.76,98.0,3,431.84
p2_N1_E.21,2433.0,104.65,70.0,3,398.67
p1_W_E.598,2334.0,205.48,138.0,6,550.32
p2_E_W.91,2132.0,407.89,223.0,14,843.16
p2_E_W.92,2135.0,406.9,217.0,12,848.26
p2_S2_W.8,2043.0,499.93,369.0,14,1015.45
p1_W_E.599,2337.0,199.25,135.0,5,540.29
p2_S2_W.9,2073.0,472.04,320.0,14,967.29
p2_W_E.0,2340.0,207.44,130.0,5,553.86
p2_E_W.93,2138.0,409.53,247.0,11,850.85
p2_W_E.1,2359.0,190.14,115.0,5,540.13
p2_W_E.2,2362.0,188.86,113.0,5,541.06
p2_E_W.94,2142.0,403.11,244.0,11,839.89
p2_E_W.95,2145.0,403.13,238.0,11,839.25
p2_N1_E.22,2463.0,78.85,45.0,3,333.76
p2_S2_N2.37,2170.0,406.57,254.0,12,762.48
p2_E_W.96,2148.0,407.78,236.0,12,852.47
p2_E_W.97,2151.0,406.54,232.0,12,852.94
p2_N2_S2.75,2550.0,24.89,13.0,1,192.69
p2_S2_N2.38,2180.0,396.76,241.0,13,747.57
p2_E_W.98,2156.0,401.2,230.0,11,860.3
p2_S2_N2.39,2190.0,391.65,239.0,13,739.72
p2_N2_S2.76,2560.0,20.29,6.0,1,195.43
p2_N2_S2.77,2570.0,10.38,0.0,0,177.67
p2_N2_S2.78,2580.0,5.96,0.0,0,152.65
p2_E_W.99,2183.0,364.49,215.0,10,785.04
p2_W_N1.1,2371.0,217.81,143.0,6,514.84
p2_E_W.100,2188.0,363.04,215.0,10,784.43
p2_E_S1.10,2192.0,377.39,215.0,13,796.17
p2_S1_N1.76,2560.0,34.32,22.0,1,218.6
p2_N2_S2.79,2590.0,5.69,0.0,0,142.15
p2_S1_N1.77,2570.0,25.03,14.0,1,196.4
p2_S1_N1.78,2580.0,18.58,8.0,1,190.28
p2_S1_N1.79,2590.0,10.53,0.0,0,175.35
p2_N2_S2.80,2600.0,5.43,0.0,0,146.38
p2_N1_S1.73,2530.0,77.06,42.0,3,292.01
p2_S2_N2.40,2200.0,408.94,247.0,13,763.64
p2_S2_N2.41,2210.0,404.94,244.0,13,757.74
p2_N1_S1.74,2540.0,63.41,37.0,2,253.42
p2_S1_N1.80,2600.0,6.48,0.0,0,146.67
p2_N1_S1.75,2550.0,67.3,36.0,2,275.23
p2_N2_S2.81,2610.0,6.16,0.0,0,154.44
p2_S1_N1.81,2610.0,5.8,0.0,0,149.54
p2_S2_N2.42,2220.0,389.33,236.0,11,734.51
p2_S2_N2.43,2230.0,393.51,226.0,11,753.28
p2_S2_N2.44,2240.0,383.53,218.0,10,729.1
p2_N1_S1.76,2560.0,59.52,35.0,3,252.75
p2_N2_S2.82,2620.0,5.3,0.0,0,148.25
p2_S2_N2.45,2250.0,376.79,206.0,13,720.99
p2_N1_S1.77,2570.0,57.3,26.0,3,263.46
p2_S1_N1.82,2620.0,4.94,0.0,0,149.26
p2_N1_S1.78,2580.0,43.15,14.0,3,224.22
p2_S2_N2.46,2260.0,371.13,199.0,9,699.91
p2_N1_S1.79,2590.0,38.39,8.0,2,222.09
p2_E_W.101,2195.0,417.12,251.0,12,867.81
p2_N1_E.23,2493.0,123.75,93.0,3,419.62
p2_W_E.3,2365.0,254.26,181.0,6,626.55
p2_S2_N2.47,2270.0,355.52,198.0,9,672.38
p2_W_E.4,2368.0,252.77,176.0,6,621.66
p2_E_W.102,2198.0,412.08,248.0,11,857.84
p2_N1_E.24,2523.0,100.5,57.0,5,386.85
p2_E_W.103,2201.0,421.31,254.0,10,874.56
p2_E_W.104,2205.0,421.26,250.0,11,874.97
p2_E_W.105,2208.0,406.92,246.0,13,837.07
p2_E_W.106,2211.0,420.94,242.0,11,832.15
p2_E_W.107,2214.0,403.58,235.0,12,828.02
p2_E_W.108,2217.0,411.36,236.0,11,850.28
p2_S2_N2.48,2280.0,377.92,212.0,10,721.83
p2_N2_S2.83,2630.0,27.23,16.0,1,203.21
p2_E_W.109,2220.0,417.34,234.0,11,847.45
p2_N2_S2.84,2640.0,19.64,8.0,1,189.93
p2_N1_E.25,2553.0,61.72,35.0,3,302.56
p2_E_W.110,2266.0,373.54,200.0,8,812.57
p2_N1_E.26,2583.0,56.54,13.0,3,298.06
p2_N2_S2.85,2650.0,11.16,0.0,0,180.36
p2_W_N1.2,2386.0,275.55,184.0,9,584.42
p2_N2_S2.86,2660.0,6.03,0.0,0,153.11
p2_E_S1.11,2269.0,375.66,206.0,9,795.67
p2_S2_N2.49,2290.0,381.38,216.0,10,724.54
p2_S1_N1.83,2630.0,41.34,29.0,1,229.16
p2_N1_S1.80,2600.0,70.19,34.0,2,271.23
p2_S2_N2.50,2300.0,373.97,202.0,9,687.73
p2_N1_S1.81,2610.0,64.03,31.0,2,269.72
p2_S2_N2.51,2310.0,365.71,187.0,8,694.22
p2_S1_N1.84,2640.0,30.51,18.0,1,207.17
p2_S1_N1.85,2650.0,24.56,11.0,1,213.78
p2_S1_N1.86,2660.0,16.0,3.0,1,184.14
p2_S1_N1.87,2670.0,9.99,0.0,0,178.9
p2_N2_S2.87,2670.0,6.48,0.0,0,148.71
p2_N2_S2.88,2680.0,5.6,0.0,0,149.5
p2_N1_S1.82,2620.0,65.02,32.0,2,262.49
p2_S2_N2.52,2320.0,358.87,178.0,9,693.84
p2_N1_S1.83,2630.0,54.81,31.0,2,232.31
p2_N1_S1.84,2640.0,52.25,28.0,2,240.94
p2_S2_N2.53,2330.0,347.53,166.0,11,672.18
p2_S2_N2.54,2340.0,354.59,154.0,9,654.85
p2_N1_S1.85,2650.0,45.7,21.0,1,229.81
p2_S1_N1.88,2680.0,6.97,0.0,0,150.94
p2_N2_S2.89,2690.0,5.59,0.0,0,156.44
p2_S2_N2.55,2350.0,346.27,145.0,8,672.15
p2_S2_N2.56,2360.0,338.04,144.0,8,641.0
p2_N1_S1.86,2660.0,38.16,13.0,1,214.09
p2_S2_N2.57,2370.0,329.65,145.0,9,638.32
p2_S2_N2.58,2380.0,321.6,146.0,6,615.39
p2_S2_N2.59,2390.0,313.38,136.0,7,595.41
p2_N1_S1.87,2670.0,26.33,4.0,1,200.54
p2_S1_N1.89,2690.0,6.31,0.0,0,156.1
p2_S2_N2.60,2400.0,305.04,133.0,5,569.82
p2_N2_S2.90,2700.0,5.37,0.0,0,146.7
p2_E_W.111,2272.0,415.12,234.0,11,838.7
p2_S2_W.10,2103.0,585.36,400.0,17,1126.72
p2_S2_W.11,2133.0,557.64,371.0,18,1079.62
p2_S2_N2.61,2468.0,237.97,82.0,6,489.9
p2_S2_N2.62,2471.0,243.47,81.0,6,491.89
p2_N2_S2.91,2710.0,5.47,0.0,0,149.15
p2_S2_W.12,2162.0,524.99,341.0,16,1031.34
p2_S2_N2.63,2476.0,231.49,81.0,4,461.77
p2_E_W.112,2275.0,420.33,265.0,10,859.81
p2_E_W.113,2278.0,421.89,264.0,10,872.54
p2_E_W.114,2281.0,420.69,261.0,10,869.81
p2_E_W.115,2288.0,415.49,251.0,10,878.42
p2_E_W.116,2304.0,401.08,250.0,10,872.09
p2_E_W.117,2308.0,398.76,244.0,11,869.76
p2_E_W.118,2311.0,396.56,248.0,8,848.79
p2_E_W.119,2314.0,391.69,245.0,8,806.7
p2_W_E.5,2374.0,311.26,232.0,9,707.76
p2_E_W.120,2321.0,391.42,241.0,9,809.7
p2_W_E.6,2377.0,336.23,226.0,8,730.05
p2_W_E.7,2380.0,334.89,223.0,9,731.79
p2_W_E.8,2383.0,333.64,217.0,8,738.52
p2_N2_S2.92,2720.0,18.35,7.0,1,184.26
p2_E_S1.12,2338.0,378.68,239.0,7,801.98
p2_S2_N2.64,2494.0,244.91,92.0,5,486.06
p2_W_E.9,2389.0,329.39,211.0,10,731.67
p2_N2_S2.93,2730.0,10.22,0.0,0,176.82
p2_W_N1.3,2401.0,334.22,222.0,10,676.29
p2_S2_N2.65,2498.0,242.84,88.0,5,486.26
p2_N1_E.27,2613.0,106.65,49.0,3,406.5
p2_S2_N2.66,2502.0,240.5,89.0,6,480.29
p2_N1_S1.88,2680.0,62.02,32.0,1,257.87
p2_S1_N1.90,2700.0,42.25,29.0,1,238.44
p2_N1_S1.89,2690.0,53.63,32.0,1,245.9
p2_S1_N1.91,2710.0,34.43,22.0,1,222.57
p2_N2_S2.94,2740.0,6.02,0.0,0,148.45
p2_N1_S1.90,2700.0,44.5,31.0,1,222.18
p2_S1_N1.92,2720.0,24.47,11.0,1,200.27
p2_S1_N1.93,2730.0,15.75,3.0,1,172.15
p2_S1_N1.94,2740.0,11.15,0.0,0,169.65
p2_S2_N2.67,2517.0,235.09,86.0,5,466.07
p2_S2_N2.68,2579.0,175.01,40.0,4,377.19
p2_N1_S1.91,2710.0,44.57,27.0,1,229.51
p2_S1_N1.95,2750.0,5.44,0.0,0,154.37
p2_S2_N2.69,2585.0,170.88,35.0,5,386.17
p2_N2_S2.95,2750.0,5.72,0.0,0,147.85
p2_N1_S1.92,2720.0,34.6,18.0,1,215.37
p2_S2_N2.70,2600.0,160.1,34.0,4,357.44
p2_N1_S1.93,2730.0,30.85,9.0,1,215.01
p2_S2_N2.71,2605.0,155.44,35.0,5,357.68
p2_S2_N2.72,2611.0,152.84,31.0,5,354.98
p2_N1_S1.94,2740.0,19.87,2.0,1,192.19
p2_S1_N1.96,2760.0,5.77,0.0,0,153.26
p2_N2_S2.96,2760.0,5.81,0.0,0,151.27
p2_N1_S1.95,2750.0,17.76,0.0,0,189.01
p2_N1_S1.96,2760.0,8.68,0.0,0,163.44
p2_S2_W.13,2193.0,559.58,348.0,19,1068.33
p2_S2_N2.73,2620.0,149.07,31.0,6,378.96
p2_S2_N2.74,2624.0,152.42,29.0,6,376.7
p2_N2_S2.97,2770.0,5.85,0.0,0,149.92
p2_S2_N2.75,2630.0,148.22,28.0,5,373.91
p2_S2_N2.76,2663.0,117.16,16.0,4,313.75
p2_S2_W.14,2223.0,521.71,322.0,15,1007.94
p2_S2_N2.77,2668.0,114.2,14.0,3,316.91
p2_S2_W.15,2253.0,507.79,285.0,12,1002.7
p2_E_W.121,2341.0,423.38,287.0,9,905.35
p2_E_W.122,2344.0,422.03,285.0,9,893.34
p2_S2_N2.78,2677.0,104.46,14.0,3,300.28
p2_E_W.123,2347.0,417.25,279.0,8,887.73
p2_E_W.124,2350.0,414.67,272.0,8,878.82
p2_N2_S2.98,2780.0,6.3,0.0,0,151.03
p2_E_W.125,2353.0,410.2,269.0,7,862.95
p2_S2_N2.79,2700.0,94.52,11.0,3,282.36
p2_E_W.126,2356.0,413.55,268.0,8,851.42
p2_E_W.127,2359.0,416.12,270.0,7,867.11
p2_N2_S2.99,2790.0,5.91,0.0,0,151.75
p2_S2_W.16,2283.0,493.19,269.0,12,980.1
p2_S2_W.17,2313.0,463.05,241.0,11,944.98
p2_N1_E.28,2643.0,135.64,96.0,3,448.6
p2_S2_W.18,2343.0,436.91,205.0,11,910.72
p2_S2_N2.80,2703.0,86.85,11.0,3,295.94
p2_N1_E.29,2673.0,108.44,68.0,3,397.92
p2_S2_W.19,2373.0,408.82,193.0,9,860.12
p2_W_E.10,2392.0,391.81,272.0,11,825.14
p2_S2_W.20,2404.0,375.47,177.0,10,788.05
p2_W_E.11,2395.0,390.61,267.0,12,828.82
p2_S2_W.21,2484.0,301.18,113.0,7,684.14
p2_W_E.12,2398.0,389.48,266.0,10,819.38
p2_E_W.128,2362.0,423.87,291.0,7,922.38
p2_W_N1.4,2438.0,372.83,240.0,12,720.51
p2_E_W.129,2365.0,418.96,292.0,10,891.01
p2_N1_E.30,2703.0,84.52,57.0,2,355.32
p2_N1_E.31,2733.0,58.54,28.0,2,320.53
p2_S1_N1.97,2770.0,44.09,30.0,1,229.07
p2_W_E.13,2404.0,386.75,261.0,13,802.08
p2_S1_N1.98,2780.0,32.73,20.0,1,209.96
p2_W_E.14,2407.0,383.71,249.0,12,797.01
p2_S1_N1.99,2790.0,30.06,13.0,1,221.28
p2_W_E.15,2432.0,365.18,228.0,12,781.96
p2_S1_N1.100,2800.0,21.88,6.0,1,211.47
p2_S1_N1.101,2810.0,10.25,0.0,0,176.79
p2_S2_N2.81,2706.0,118.29,30.0,4,335.59
p2_N2_S2.100,2800.0,22.41,13.0,1,198.61
p2_S1_N1.102,2820.0,5.67,0.0,0,146.28
p2_N2_S2.101,2810.0,12.98,1.0,1,180.92
p2_N2_S2.102,2820.0,9.6,0.0,0,164.72
p2_S2_N2.82,2712.0,123.09,30.0,4,341.42
p2_N2_S2.103,2830.0,5.75,0.0,0,146.45
p2_S1_N1.103,2830.0,6.51,0.0,0,146.48
p2_N1_S1.97,2770.0,60.15,46.0,2,250.64
p2_S2_N2.83,2715.0,121.02,29.0,4,339.93
p2_N1_S1.98,2780.0,58.74,39.0,2,258.51
p2_N1_S1.99,2790.0,50.5,30.0,2,247.56
p2_N1_S1.100,2800.0,40.48,20.0,2,218.4
p2_S2_N2.84,2718.0,116.12,27.0,3,327.99
p2_S2_N2.85,2724.0,119.51,28.0,4,325.64
p2_N1_S1.101,2810.0,34.45,12.0,2,219.64
p2_S1_N1.104,2840.0,5.25,0.0,0,151.53
p2_N2_S2.104,2840.0,5.4,0.0,0,153.25
p2_S2_N2.86,2729.0,115.59,26.0,3,318.93
p2_E_W.130,2370.0,459.04,327.0,10,950.93
p2_N2_S2.105,2850.0,5.64,0.0,0,154.28
p2_S2_N2.87,2748.0,93.27,25.0,3,293.74
p2_S2_N2.88,2760.0,97.95,24.0,2,305.79
p2_W_N1.5,2453.0,405.83,255.0,15,791.33
p2_S2_N2.89,2764.0,95.88,23.0,2,313.14
p2_S2_N2.90,2767.0,94.56,22.0,2,321.3
p2_S2_N2.91,2773.0,85.93,20.0,2,290.29
p2_S2_N2.92,2775.0,92.77,20.0,2,302.99
p2_N2_S2.106,2860.0,6.46,0.0,0,150.82
p2_S2_N2.93,2779.0,90.53,20.0,2,312.76
p2_W_N1.6,2471.0,399.94,235.0,13,743.82
p2_S2_N2.94,2785.0,86.38,18.0,2,286.87
p2_S2_N2.95,2788.0,85.15,18.0,2,294.94
p2_N2_S2.107,2870.0,6.16,0.0,0,146.68
p2_S2_N2.96,2791.0,81.23,18.0,2,274.57
p2_S2_N2.97,2797.0,83.24,16.0,3,292.9
p2_W_N1.7,2514.0,366.64,202.0,13,693.98
p2_S2_N2.98,2800.0,82.58,14.0,2,278.02
p2_W_E.16,2435.0,430.62,290.0,14,880.67
p2_E_S1.13,2404.0,460.85,333.0,9,954.85
p2_S1_N1.105,2850.0,38.92,28.0,1,218.86
p2_N1_S1.102,2820.0,65.79,48.0,2,259.31
p2_S1_N1.106,2860.0,28.72,17.0,1,203.01
p2_S1_N1.107,2870.0,24.54,11.0,1,208.89
p2_N1_E.32,2763.0,93.41,73.0,3,363.33
p2_S1_N1.108,2880.0,16.32,3.0,1,192.92
p2_N1_E.33,2793.0,82.47,49.0,3,344.19
p2_W_E.17,2441.0,432.48,283.0,16,887.92
p2_S1_N1.109,2890.0,5.3,0.0,0,151.31
p2_W_E.18,2444.0,424.98,277.0,15,887.07
p2_N1_S1.103,2830.0,72.48,47.0,3,277.14
p2_W_E.19,2447.0,431.92,275.0,14,885.77
p2_W_E.20,2450.0,433.16,266.0,16,885.14
p2_N1_S1.104,2840.0,64.34,40.0,2,259.57
p2_S1_N1.110,2900.0,5.56,0.0,0,151.67
p2_W_E.21,2456.0,423.53,260.0,14,868.27
p2_W_E.22,2459.0,415.72,250.0,15,847.16
p2_W_E.23,2462.0,427.08,247.0,14,860.38
p2_W_E.24,2465.0,419.34,244.0,15,858.84
p2_W_E.25,2468.0,411.24,240.0,14,831.33
p2_N1_S1.105,2850.0,50.03,31.0,2,227.43
p2_S2_N2.99,2803.0,112.77,42.0,4,332.51
p2_N1_S1.106,2860.0,56.19,29.0,2,254.87
p2_S1_N1.111,2910.0,5.61,0.0,0,150.27
p2_N1_S1.107,2870.0,41.85,20.0,2,228.65
p2_W_E.26,2474.0,401.68,236.0,15,813.76
p2_N1_S1.108,2880.0,39.54,12.0,2,230.26
p2_N2_S2.108,2880.0,33.4,22.0,1,208.08
p2_E_W.131,2407.0,493.43,357.0,9,1006.28
p2_E_W.132,2410.0,492.54,356.0,9,993.12
p2_S2_W.22,2509.0,394.89,205.0,11,779.07
p2_S2_W.23,2595.0,310.42,149.0,8,674.68
p2_N2_S2.109,2890.0,19.43,7.0,1,178.7
p2_N2_S2.110,2900.0,29.23,7.0,1,203.07
p2_N2_S2.111,2910.0,18.67,0.0,0,201.5
p2_S2_N2.100,2809.0,123.58,46.0,3,356.55
p2_N2_S2.112,2920.0,11.08,0.0,0,167.36
p2_S2_N2.101,2813.0,121.88,44.0,3,332.03
p2_S2_N2.102,2820.0,116.87,44.0,3,335.5
p2_S2_W.24,2616.0,278.84,136.0,8,628.88
p2_N2_S2.113,2930.0,6.24,0.0,0,137.76
p2_S2_W.25,2637.0,280.91,121.0,11,636.93
p2_S2_W.26,2695.0,218.97,99.0,6,564.07
p2_S2_N2.103,2830.0,110.05,40.0,3,318.06
p2_E_W.133,2413.0,499.12,375.0,8,1011.12
p2_S2_N2.104,2840.0,102.02,38.0,3,321.93
p2_E_W.134,2416.0,507.57,376.0,10,1023.7
p2_N2_S2.114,2940.0,6.09,0.0,0,150.43
p2_E_W.135,2419.0,506.4,373.0,9,1030.74
p2_E_W.136,2422.0,505.1,371.0,11,1025.73
p2_E_W.137,2425.0,503.87,368.0,9,1022.91
p2_E_W.138,2428.0,502.54,362.0,8,1019.99
p2_S2_N2.105,2850.0,89.41,38.0,3,308.37
p2_W_E.27,2477.0,454.85,263.0,14,892.75
p2_E_W.139,2431.0,496.61,361.0,8,1011.82
p2_W_E.28,2507.0,426.91,239.0,14,843.72
p2_W_N1.8,2529.0,426.28,243.0,17,790.06
p2_E_W.140,2436.0,498.41,362.0,9,988.11
p2_W_E.29,2510.0,425.75,235.0,16,853.76
p2_E_S1.14,2515.0,420.33,292.0,8,871.07
p2_W_E.30,2517.0,415.49,232.0,15,839.12
p2_S1_N1.112,2920.0,34.23,23.0,1,202.24
p2_N1_E.34,2823.0,105.39,78.0,4,386.0
p2_S1_N1.113,2930.0,38.11,21.0,1,219.54
p2_S1_N1.114,2940.0,29.84,12.0,1,224.79
p2_N1_E.35,2853.0,76.29,47.0,3,334.24
p2_S1_N1.115,2950.0,21.6,2.0,1,211.65
p2_W_E.31,2520.0,431.45,242.0,17,877.78
p2_S1_N1.116,2960.0,9.95,0.0,0,178.52
p2_W_E.32,2523.0,430.14,237.0,14,869.32
p2_N1_S1.109,2890.0,84.43,54.0,3,299.79
p2_S1_N1.117,2970.0,5.53,0.0,0,148.97
p2_W_E.33,2526.0,428.77,236.0,16,863.4
p2_S2_N2.106,2860.0,116.56,60.0,4,360.09
p2_N1_S1.110,2900.0,74.98,45.0,3,280.14
p2_N2_S2.115,2950.0,26.89,15.0,1,198.56
p2_S2_N2.107,2870.0,108.52,53.0,4,342.72
p2_N1_S1.111,2910.0,67.81,45.0,2,277.47
p2_N2_S2.116,2960.0,17.92,6.0,1,185.09
p2_S2_N2.108,2880.0,100.38,45.0,3,330.68
p2_N2_S2.117,2970.0,10.88,0.0,0,181.77
p2_N1_S1.112,2920.0,63.56,43.0,2,256.11
p2_S2_N2.109,2890.0,95.26,45.0,3,312.27
p2_N1_S1.113,2930.0,55.29,35.0,2,245.96
p2_S1_N1.118,2980.0,5.94,0.0,0,150.4
p2_N1_S1.114,2940.0,47.32,25.0,2,231.97
p2_S2_N2.110,2900.0,83.88,44.0,3,278.54
p2_N1_S1.115,2950.0,42.37,20.0,2,223.48
p2_S2_N2.111,2910.0,83.17,42.0,3,293.39
p2_E_W.141,2518.0,455.17,328.0,8,918.27
p2_S2_W.27,2709.0,268.48,135.0,9,641.67
p2_S2_W.28,2721.0,256.56,123.0,7,618.86
p2_N2_S2.118,2980.0,6.88,0.0,0,156.59
p2_N2_S2.119,2990.0,10.08,0.0,0,159.88
p2_S2_W.29,2756.0,219.62,112.0,9,554.2
p2_S2_N2.112,2920.0,81.62,38.0,4,290.59
p2_N2_S2.120,3000.0,6.88,0.0,0,159.61
p2_S2_W.30,2770.0,216.39,102.0,6,573.99
p2_S2_N2.113,2930.0,77.06,29.0,4,296.7
p2_S2_W.31,2782.0,205.97,100.0,6,555.18
p2_S2_N2.114,2940.0,68.75,21.0,2,277.46
p2_S2_W.32,2794.0,187.72,94.0,6,524.19
p2_S2_N2.115,2950.0,63.15,20.0,2,264.62
p2_E_W.142,2521.0,468.58,343.0,8,961.38
p2_N2_S2.121,3010.0,5.11,0.0,0,149.26
p2_E_W.143,2524.0,470.27,341.0,10,968.84
p2_S2_N2.116,2960.0,53.73,18.0,2,255.28
p2_E_W.144,2526.0,469.9,336.0,12,964.13
p2_S2_N2.117,2970.0,47.75,17.0,2,243.5
p2_E_W.145,2530.0,465.81,332.0,8,960.29
p2_N1_E.36,2883.0,119.51,86.0,6,416.57
p2_N1_E.37,2913.0,92.17,62.0,3,374.91
p2_W_N1.9,2545.0,483.82,281.0,17,874.87
p2_E_W.146,2533.0,448.83,329.0,10,921.15
p2_E_W.147,2536.0,466.1,328.0,10,930.96
p2_N1_E.38,2943.0,58.19,28.0,3,311.72
p2_S1_N1.119,2990.0,40.03,29.0,1,221.27
p2_W_E.34,2532.0,479.28,278.0,16,935.84
p2_E_W.148,2539.0,473.25,324.0,9,944.57
p2_S1_N1.120,3000.0,33.99,20.0,1,209.2
p2_W_E.35,2535.0,478.83,278.0,16,942.01
p2_E_W.149,2542.0,472.15,323.0,10,941.04
p2_N1_S1.116,2960.0,66.92,38.0,3,262.25
p2_S1_N1.121,3010.0,25.53,13.0,1,211.47
p2_N1_S1.117,2970.0,67.12,35.0,2,272.41
p2_S1_N1.122,3020.0,16.1,4.0,1,180.54
p2_W_E.36,2539.0,465.29,270.0,17,901.67
p2_S1_N1.123,3030.0,9.49,0.0,0,173.94
p2_W_E.37,2542.0,477.33,265.0,14,910.02
p2_N1_S1.118,2980.0,65.13,33.0,3,261.54
p2_N2_S2.122,3020.0,27.54,16.0,1,198.52
p2_S2_N2.118,2980.0,65.7,30.0,2,276.28
p2_N1_S1.119,2990.0,54.03,28.0,1,232.66
p2_N2_S2.123,3030.0,19.63,7.0,1,187.96
p2_S2_N2.119,2990.0,61.02,25.0,2,279.91
p2_S1_N1.124,3040.0,6.57,0.0,0,147.44
p2_S2_N2.120,3000.0,51.98,21.0,2,256.5
p2_N2_S2.124,3040.0,8.78,0.0,0,172.8
p2_N1_S1.120,3000.0,43.35,23.0,1,229.9
p2_S2_N2.121,3010.0,45.39,19.0,2,233.29
p2_N1_S1.121,3010.0,46.34,21.0,1,235.03
p2_S2_N2.122,3020.0,37.47,18.0,1,211.9
p2_S1_N1.125,3050.0,5.63,0.0,0,141.36
p2_N1_S1.122,3020.0,38.44,14.0,1,220.76
p2_N1_S1.123,3030.0,30.18,4.0,1,219.64
p2_N2_S2.125,3050.0,6.88,0.0,0,148.97
p2_S2_N2.123,3030.0,26.5,12.0,1,196.41
p2_E_W.150,2545.0,497.58,357.0,11,987.9
p2_S2_N2.124,3040.0,23.89,9.0,1,206.48
p2_N2_S2.126,3060.0,5.96,0.0,0,149.07
p2_S2_N2.125,3050.0,13.07,0.0,0,182.18
p2_S2_N2.126,3060.0,7.82,0.0,0,158.16
p2_W_N1.10,2584.0,488.33,277.0,14,864.37
p2_N2_S2.127,3070.0,5.94,0.0,0,150.62
p2_N1_E.39,2973.0,89.58,51.0,4,356.65
p2_N1_E.40,3003.0,62.71,31.0,2,322.09
p2_W_E.38,2548.0,519.92,305.0,18,985.34
p2_W_N1.11,2656.0,422.17,237.0,17,778.21
p2_W_E.39,2551.0,518.74,300.0,17,980.52
p2_W_N1.12,2745.0,351.45,194.0,14,676.25
p2_W_E.40,2574.0,490.77,282.0,16,929.05
p2_W_E.41,2578.0,493.19,280.0,14,947.58
p2_E_S1.15,2551.0,522.95,380.0,14,1031.4
p2_S1_N1.126,3060.0,40.1,30.0,1,219.86
p2_S1_N1.127,3070.0,30.32,19.0,1,200.14
p2_S1_N1.128,3080.0,28.76,14.0,1,212.44
p2_S1_N1.129,3090.0,20.62,5.0,1,198.77
p2_W_E.42,2592.0,477.74,272.0,18,918.26
p2_S1_N1.130,3100.0,8.49,0.0,0,168.43
p2_W_E.43,2607.0,473.79,267.0,14,913.59
p2_W_E.44,2613.0,474.38,266.0,16,928.28
p2_N1_S1.124,3040.0,74.84,45.0,2,279.56
p2_S1_N1.131,3110.0,5.73,0.0,0,148.44
p2_W_E.45,2651.0,441.67,239.0,16,894.89
p2_W_E.46,2666.0,426.73,242.0,17,855.54
p2_W_E.47,2726.0,372.56,196.0,14,782.35
p2_N1_S1.125,3050.0,63.76,44.0,2,252.62
p2_W_E.48,2729.0,371.46,196.0,13,799.98
p2_N1_S1.126,3060.0,61.24,40.0,2,253.14
p2_W_E.49,2733.0,369.19,199.0,14,784.57
p2_W_E.50,2738.0,365.05,202.0,14,769.98
p2_N2_S2.128,3080.0,40.62,30.0,1,218.11
p2_E_W.151,2555.0,544.37,398.0,13,1056.11
p2_N2_S2.129,3090.0,37.44,22.0,1,221.94
p2_S2_N2.127,3070.0,47.73,36.0,1,227.09
p2_N2_S2.130,3100.0,27.74,16.0,1,206.24
p2_E_W.152,2558.0,542.08,391.0,13,1056.35
p2_S2_W.33,2806.0,301.48,172.0,9,703.39
p2_S2_N2.128,3080.0,51.29,32.0,1,245.96
p2_N2_S2.131,3110.0,20.52,6.0,1,203.55
p2_N2_S2.132,3120.0,9.46,0.0,0,161.0
p2_S2_W.34,2823.0,288.51,157.0,9,659.94
p2_S2_N2.129,3090.0,43.09,26.0,1,242.47
p2_S2_W.35,2853.0,260.05,147.0,9,651.91
p2_N2_S2.133,3130.0,5.75,0.0,0,152.95
p2_E_W.153,2561.0,554.29,404.0,13,1091.72
p2_E_W.154,2564.0,550.05,403.0,10,1085.9
p2_E_W.155,2567.0,545.21,394.0,12,1064.65
p2_S2_W.36,2883.0,237.43,135.0,7,610.84
p2_S2_W.37,2913.0,204.2,119.0,8,554.15
p2_S2_W.38,2943.0,180.99,90.0,6,518.22
p2_S2_N2.130,3100.0,45.83,28.0,2,231.16
p2_S2_W.39,2973.0,152.31,79.0,4,498.26
p2_S2_N2.131,3110.0,37.64,20.0,2,216.96
p2_E_W.156,2570.0,550.98,409.0,10,1065.43
p2_S2_N2.132,3120.0,30.43,11.0,2,217.36
p2_E_W.157,2573.0,556.48,406.0,12,1094.72
p2_E_W.158,2576.0,546.85,401.0,10,1060.08
p2_N2_S2.134,3140.0,6.68,0.0,0,151.14
p2_E_W.159,2579.0,556.11,399.0,12,1056.19
p2_W_N1.13,2815.0,345.05,204.0,16,673.61
p2_E_W.160,2640.0,498.42,350.0,9,978.47
p2_N1_E.41,3033.0,103.96,70.0,4,386.64
p2_S1_N1.132,3120.0,41.22,29.0,1,225.2
p2_W_E.51,2758.0,384.95,224.0,15,792.85
p2_S1_N1.133,3130.0,33.8,21.0,1,216.18
p2_W_E.52,2796.0,348.65,195.0,14,744.95
p2_W_E.53,2800.0,346.41,185.0,15,734.0
p2_S1_N1.134,3140.0,24.39,13.0,1,192.92
p2_W_E.54,2806.0,342.01,190.0,16,736.28
p2_S1_N1.135,3150.0,18.92,7.0,1,199.37
p2_S1_N1.136,3160.0,12.05,0.0,0,176.33
p2_S1_N1.137,3170.0,5.92,0.0,0,152.23
p2_N2_S2.135,3150.0,26.26,15.0,1,200.82
p2_N2_S2.136,3160.0,25.86,9.0,1,205.91
p2_S1_N1.138,3180.0,6.4,0.0,0,154.42
p2_N1_S1.127,3070.0,106.18,80.0,4,318.79
p2_N2_S2.137,3170.0,17.7,3.0,1,202.6
p2_N1_S1.128,3080.0,106.65,74.0,4,317.76
p2_N2_S2.138,3180.0,9.47,0.0,0,173.32
p2_S2_N2.133,3130.0,62.34,37.0,3,257.53
p2_N1_S1.129,3090.0,87.47,54.0,4,285.07
p2_S2_N2.134,3140.0,52.6,28.0,3,238.29
p2_N1_S1.130,3100.0,98.26,50.0,3,311.48
p2_S1_N1.139,3190.0,6.43,0.0,0,158.37
p2_N1_S1.131,3110.0,87.63,47.0,3,295.01
p2_N1_S1.132,3120.0,81.74,44.0,3,290.43
p2_S2_N2.135,3150.0,38.47,20.0,2,208.26
p2_N1_S1.133,3130.0,71.21,42.0,2,266.2
p2_S2_N2.136,3160.0,43.27,19.0,2,221.09
p2_N1_S1.134,3140.0,65.06,36.0,2,266.46
p2_S2_N2.137,3170.0,37.84,12.0,2,227.17
p2_S2_N2.138,3180.0,27.99,4.0,1,203.01
p2_N2_S2.139,3190.0,7.2,0.0,0,152.38
p2_S2_N2.139,3190.0,21.47,3.0,1,207.58
p2_N2_S2.140,3200.0,11.28,0.0,0,163.72
p2_N2_S2.141,3210.0,5.48,0.0,0,143.13
p2_S2_N2.140,3200.0,6.99,0.0,0,155.5
p2_W_N1.14,2882.0,336.9,206.0,13,668.06
p2_N1_E.42,3063.0,124.24,96.0,5,418.95
p2_W_N1.15,2951.0,276.69,163.0,8,585.43
p2_N1_E.43,3093.0,110.2,56.0,5,385.74
p2_N1_E.44,3122.0,89.54,41.0,2,374.48
p2_S1_N1.140,3200.0,39.51,26.0,1,222.07
p2_W_E.55,2862.0,346.25,223.0,12,728.71
p2_E_S1.16,2644.0,562.76,420.0,11,1081.19
p2_W_E.56,2865.0,356.91,215.0,12,751.82
p2_S1_N1.141,3210.0,29.49,18.0,1,204.67
p2_N1_S1.135,3150.0,93.84,56.0,3,320.23
p2_W_E.57,2869.0,354.6,212.0,12,767.57
p2_S1_N1.142,3220.0,24.92,11.0,1,211.28
p2_S1_N1.143,3230.0,16.55,2.0,1,204.1
p2_W_E.58,2873.0,352.49,209.0,15,772.67
p2_S1_N1.144,3240.0,8.33,0.0,0,176.71
p2_W_E.59,2938.0,289.3,169.0,11,670.28
p2_W_E.60,2942.0,286.92,171.0,11,668.12
p2_W_E.61,2945.0,282.82,169.0,10,647.88
p2_W_E.62,2948.0,284.54,164.0,10,651.17
p2_N1_S1.136,3160.0,92.84,53.0,4,309.27
p2_N1_S1.137,3170.0,85.72,42.0,4,293.56
p2_N2_S2.142,3220.0,36.27,24.0,1,215.22
p2_N1_S1.138,3180.0,77.51,39.0,3,288.34
p2_S1_N1.145,3250.0,5.63,0.0,0,145.26
p2_N2_S2.143,3230.0,27.16,15.0,1,203.69
p2_S2_N2.141,3210.0,40.24,28.0,1,213.36
p2_N1_S1.139,3190.0,71.73,32.0,3,268.44
p2_N2_S2.144,3240.0,20.9,7.0,1,198.97
p2_N1_S1.140,3200.0,63.6,25.0,2,253.73
p2_N2_S2.145,3250.0,11.35,0.0,0,173.74
p2_S1_N1.146,3260.0,5.64,0.0,0,145.84
p2_N2_S2.146,3260.0,5.86,0.0,0,154.64
p2_N1_S1.141,3210.0,52.59,25.0,2,232.24
p2_N1_S1.142,3220.0,49.14,24.0,2,241.89
p2_E_W.161,2647.0,607.73,454.0,12,1140.35
p2_N2_S2.147,3270.0,6.31,0.0,0,149.94
p2_E_W.162,2650.0,602.32,448.0,12,1139.17
p2_E_W.163,2653.0,605.18,440.0,15,1147.77
p2_E_W.164,2656.0,607.13,433.0,16,1143.83
p2_S2_W.40,3003.0,257.86,171.0,10,633.1
p2_S2_W.41,3033.0,230.69,155.0,8,610.66
p2_S2_N2.142,3220.0,58.88,43.0,2,245.64
p2_S2_W.42,3063.0,202.98,134.0,7,549.28
p2_E_W.165,2659.0,610.35,445.0,14,1179.66
p2_W_E.63,2954.0,307.2,189.0,10,695.21
p2_W_E.64,2957.0,315.47,184.0,11,707.58
p2_E_W.166,2662.0,605.59,438.0,16,1147.12
p2_E_W.167,2665.0,609.71,439.0,16,1165.44
p2_N1_E.45,3153.0,109.18,68.0,5,392.13
p2_E_W.168,2669.0,607.35,436.0,15,1148.02
p2_N1_E.46,3183.0,93.64,40.0,5,374.31
p2_E_W.169,2728.0,549.99,391.0,12,1058.59
p2_N1_E.47,3213.0,63.61,24.0,2,322.18
p2_E_W.170,2731.0,545.74,385.0,14,1048.5
p2_W_E.65,2960.0,320.39,189.0,11,700.12
p2_W_E.66,2963.0,319.09,189.0,9,703.57
p2_W_N1.16,2966.0,339.87,208.0,10,684.36
p2_S2_N2.143,3230.0,75.99,57.0,3,277.8
p2_N2_S2.148,3280.0,27.19,14.0,1,203.26
p2_S2_N2.144,3240.0,68.73,46.0,3,264.6
p2_E_S1.17,2734.0,546.25,379.0,12,1074.24
p2_S1_N1.147,3270.0,39.39,27.0,1,220.58
p2_N2_S2.149,3290.0,19.06,8.0,1,186.98
p2_N1_S1.143,3230.0,80.9,50.0,3,295.74
p2_S1_N1.148,3280.0,31.27,20.0,1,211.23
p2_S1_N1.149,3290.0,23.4,11.0,1,191.59
p2_N2_S2.150,3300.0,7.18,0.0,0,160.93
p2_N1_S1.144,3240.0,66.17,35.0,3,258.84
p2_N1_S1.145,3250.0,70.92,30.0,1,272.31
p2_S1_N1.150,3300.0,9.36,0.0,0,170.97
p2_N2_S2.151,3310.0,6.57,0.0,0,150.36
p2_S2_N2.145,3250.0,74.46,43.0,4,276.56
p2_N1_S1.146,3260.0,61.46,29.0,1,254.06
p2_N1_S1.147,3270.0,56.24,28.0,1,251.36
p2_S2_N2.146,3260.0,65.57,35.0,4,265.44
p2_N2_S2.152,3320.0,6.43,0.0,0,142.9
p2_S2_N2.147,3270.0,59.06,28.0,3,254.67
p2_N1_S1.148,3280.0,46.32,26.0,1,225.77
p2_N1_S1.149,3290.0,43.57,21.0,1,228.39
p2_S1_N1.151,3310.0,6.75,0.0,0,150.54
p2_N1_S1.150,3300.0,34.58,13.0,1,209.84
p2_N2_S2.153,3330.0,5.55,0.0,0,147.98
p2_S2_N2.148,3280.0,50.39,17.0,2,239.32
p2_S1_N1.152,3320.0,6.3,0.0,0,151.4
p2_S1_N1.153,3330.0,7.57,0.0,0,153.0
p2_S2_N2.149,3290.0,44.57,17.0,2,225.56
p2_S2_N2.150,3300.0,39.78,13.0,2,231.51
p2_N1_S1.151,3310.0,32.08,7.0,1,221.07
p2_S2_N2.151,3310.0,32.09,5.0,2,208.37
p2_S2_N2.152,3320.0,23.94,1.0,1,192.69
p2_E_W.171,2737.0,589.01,415.0,14,1110.07
p2_E_W.172,2740.0,587.38,415.0,14,1122.11
p2_N1_E.48,3243.0,84.01,34.0,3,356.66
p2_N1_E.49,3273.0,56.51,27.0,1,286.82
p2_E_W.173,2743.0,584.02,406.0,16,1121.67
p2_E_W.174,2748.0,584.65,404.0,16,1132.04
p2_E_W.175,2810.0,524.34,355.0,12,1041.83
p2_S2_W.43,3093.0,242.4,163.0,7,608.93
p2_E_W.176,2813.0,517.69,377.0,10,1022.15
p2_E_W.177,2817.0,523.83,374.0,11,1041.47
p2_E_W.178,2820.0,524.42,373.0,11,1031.92
p2_S2_W.44,3123.0,222.63,147.0,8,602.9
p2_S2_W.45,3153.0,194.34,118.0,7,561.55
p2_S2_W.46,3183.0,166.06,96.0,5,519.63
p2_N1_E.50,3303.0,32.68,8.0,2,253.86
p2_S2_N2.153,3330.0,42.42,22.0,1,234.38
p2_E_W.179,2823.0,528.35,378.0,13,1065.36
p2_N2_S2.154,3340.0,32.89,21.0,1,206.84
p2_E_W.180,2830.0,523.04,367.0,14,1048.71
p2_W_N1.17,2981.0,395.52,246.0,18,754.5
p2_E_S1.18,2890.0,460.02,322.0,11,938.53
p2_N2_S2.155,3350.0,20.42,9.0,1,187.44
p2_N2_S2.156,3360.0,20.76,5.0,1,196.73
p2_N1_S1.152,3320.0,61.2,34.0,1,258.99
p2_S1_N1.154,3340.0,40.9,29.0,1,228.75
p2_N2_S2.157,3370.0,12.51,0.0,0,181.32
p2_S1_N1.155,3350.0,31.48,20.0,1,207.69
p2_N1_S1.153,3330.0,50.32,32.0,1,233.6
p2_S2_N2.154,3340.0,44.27,23.0,2,234.95
p2_N2_S2.158,3380.0,5.49,0.0,0,150.58
p2_S2_N2.155,3350.0,36.16,19.0,2,221.12
p2_S1_N1.156,3360.0,22.0,10.0,1,187.52
p2_S1_N1.157,3370.0,17.97,4.0,1,190.11
p2_S1_N1.158,3380.0,9.72,0.0,0,171.04
p2_N1_S1.154,3340.0,54.06,34.0,2,236.51
p2_S2_N2.156,3360.0,21.89,2.0,2,196.14
p2_N1_S1.155,3350.0,46.0,27.0,2,232.73
p2_S2_N2.157,3370.0,26.07,1.0,1,207.91
p2_N2_S2.159,3390.0,6.02,0.0,0,147.22
p2_S2_N2.158,3380.0,14.93,0.0,0,189.93
p2_S2_N2.159,3390.0,8.92,0.0,0,173.25
p2_N1_S1.156,3360.0,35.09,17.0,2,218.58
p2_S1_N1.159,3390.0,5.72,0.0,0,148.44
p2_S2_N2.160,3400.0,5.74,0.0,0,142.77
p2_S1_N1.160,3400.0,8.88,0.0,0,154.29
p2_E_W.181,2893.0,498.69,344.0,13,990.95
p2_E_W.182,2896.0,497.6,341.0,12,998.48
p2_E_W.183,2899.0,496.47,339.0,12,1001.27
p2_N2_S2.160,3400.0,5.97,0.0,0,154.21
p2_E_W.184,2902.0,495.3,333.0,14,989.75
p2_W_E.67,2969.0,430.13,286.0,14,883.42
p2_E_W.185,2905.0,494.05,335.0,13,996.72
p2_N2_S2.161,3410.0,10.05,0.0,0,171.92
p2_E_W.186,2908.0,488.6,329.0,14,979.52
p2_W_E.68,2972.0,421.94,280.0,16,867.8
p2_E_W.187,2911.0,489.19,326.0,12,973.61
p2_W_E.69,2975.0,423.25,275.0,14,870.3
p2_E_W.188,2914.0,493.69,321.0,13,983.26
p2_W_E.70,2978.0,426.08,276.0,17,870.82
p2_S2_W.47,3213.0,194.77,131.0,6,523.39
p2_S2_W.48,3243.0,161.82,102.0,6,473.66
p2_N1_E.51,3333.0,64.36,38.0,3,312.43
p2_S2_W.49,3273.0,131.37,77.0,5,433.94
p2_S2_W.50,3303.0,112.09,59.0,4,398.57
p2_E_W.189,2918.0,495.36,365.0,9,1006.97
p2_E_W.190,2975.0,444.09,319.0,8,922.96
p2_N1_E.52,3363.0,45.04,22.0,3,278.36
p2_W_E.71,2984.0,432.15,277.0,15,862.2
p2_N2_S2.162,3420.0,23.54,12.0,1,197.65
p2_W_N1.18,3028.0,412.19,259.0,19,790.7
p2_N2_S2.163,3430.0,15.19,4.0,1,176.57
p2_E_S1.19,2978.0,437.28,318.0,9,916.72
p2_N2_S2.164,3440.0,8.22,0.0,0,167.43
p2_N1_S1.157,3370.0,78.43,46.0,3,285.2
p2_S2_N2.161,3410.0,28.34,17.0,1,201.35
p2_S2_N2.162,3420.0,30.73,13.0,1,214.22
p2_N1_S1.158,3380.0,70.96,39.0,3,283.11
p2_N1_S1.159,3390.0,58.21,37.0,2,243.34
p2_S2_N2.163,3430.0,24.66,8.0,1,196.2
p2_S1_N1.161,3410.0,27.93,17.0,1,193.4
p2_N2_S2.165,3450.0,5.43,0.0,0,142.84
p2_S1_N1.162,3420.0,35.93,17.0,1,221.33
p2_S2_N2.164,3440.0,15.2,0.0,0,181.43
p2_S1_N1.163,3430.0,29.02,10.0,1,216.44
p2_S2_N2.165,3450.0,10.14,0.0,0,171.64
p2_S1_N1.164,3440.0,7.81,0.0,0,160.78
p2_S1_N1.165,3450.0,6.75,0.0,0,156.55
p2_S2_N2.166,3460.0,5.74,0.0,0,145.46
p2_N1_S1.160,3400.0,64.15,39.0,3,254.72
p2_N1_S1.161,3410.0,58.07,33.0,2,256.98
p2_S1_N1.166,3460.0,5.53,0.0,0,149.95
p2_N1_S1.162,3420.0,47.88,27.0,2,241.34
p2_N1_S1.163,3430.0,44.33,20.0,2,238.46
p2_N2_S2.166,3460.0,6.26,0.0,0,150.75
p2_S1_N1.167,3470.0,6.06,0.0,0,152.08
p2_N2_S2.167,3470.0,5.92,0.0,0,149.14
p2_S2_N2.167,3470.0,5.42,0.0,0,151.24
p2_N1_S1.164,3440.0,36.11,9.0,1,212.54
p2_N1_S1.165,3450.0,29.02,1.0,1,217.06
p2_E_W.191,2981.0,481.77,347.0,11,964.25
p2_N2_S2.168,3480.0,6.03,0.0,0,152.48
p2_E_W.192,2984.0,475.76,347.0,13,964.04
p2_W_E.72,2987.0,482.77,317.0,16,944.27
p2_E_W.193,2987.0,477.65,342.0,12,993.67
p2_E_W.194,2990.0,481.08,343.0,12,973.8
p2_E_W.195,2993.0,479.9,342.0,11,978.71
p2_E_W.196,2996.0,477.26,337.0,11,972.3
p2_W_E.73,3010.0,454.71,300.0,16,905.04
p2_E_W.197,2999.0,477.33,334.0,9,975.97
p2_W_E.74,3014.0,454.76,297.0,18,928.4
p2_S2_W.51,3333.0,143.4,80.0,5,472.38
p2_W_E.75,3020.0,459.32,301.0,19,935.39
p2_S2_W.52,3363.0,116.15,54.0,4,419.74
p2_S2_W.53,3393.0,83.11,50.0,2,353.97
p2_N1_E.53,3393.0,75.63,46.0,4,332.03
p2_E_W.198,3002.0,482.13,352.0,10,976.7
p2_N1_E.54,3423.0,60.48,24.0,2,327.39
p2_E_W.199,3005.0,473.01,347.0,9,959.16
p2_S2_N2.168,3480.0,27.87,16.0,1,196.11
p2_N2_S2.169,3490.0,17.71,7.0,1,183.93
p2_E_W.200,3008.0,476.86,347.0,10,966.63
p2_W_N1.19,3104.0,410.17,265.0,16,801.34
p2_N2_S2.170,3500.0,7.94,0.0,0,160.39
p2_S2_N2.169,3490.0,26.83,12.0,1,202.71
p2_S2_N2.170,3500.0,18.53,4.0,1,191.38
p2_S2_N2.171,3510.0,9.47,0.0,0,169.13
p2_E_S1.20,3055.0,440.1,313.0,10,915.26
p2_S1_N1.168,3480.0,39.02,29.0,1,215.74
p2_S1_N1.169,3490.0,31.34,21.0,1,207.9
p2_N2_S2.171,3510.0,7.03,0.0,0,147.94
p2_N2_S2.172,3520.0,10.17,0.0,0,157.63
p2_S1_N1.170,3500.0,20.86,9.0,1,181.82
p2_S2_N2.172,3520.0,12.35,1.0,1,176.06
p2_S1_N1.171,3510.0,23.65,6.0,1,188.93
p2_S1_N1.172,3520.0,12.83,0.0,0,180.11
p2_S1_N1.173,3530.0,7.19,0.0,0,167.88
p2_S2_N2.173,3530.0,5.88,0.0,0,148.64
p2_N1_S1.166,3460.0,72.66,45.0,2,271.1
p2_N1_S1.167,3470.0,73.6,44.0,2,294.18
p2_N1_S1.168,3480.0,65.32,43.0,2,283.56
p2_S1_N1.174,3540.0,5.53,0.0,0,148.13
p2_N2_S2.173,3530.0,7.0,0.0,0,161.36
p2_N1_S1.169,3490.0,62.07,36.0,3,258.49
p2_N2_S2.174,3540.0,11.53,0.0,0,172.65
p2_W_E.76,3085.0,446.24,301.0,16,902.71
p2_W_E.77,3088.0,445.05,298.0,14,885.52
p2_W_E.78,3092.0,437.97,291.0,17,899.75
p2_W_E.79,3096.0,436.74,290.0,17,884.53
p2_N1_S1.170,3500.0,46.25,19.0,3,231.77
p2_W_E.80,3151.0,390.69,253.0,14,828.52
p2_N1_S1.171,3510.0,52.04,16.0,3,240.1
p2_N1_E.55,3453.0,85.81,47.0,2,360.43
p2_N1_S1.172,3520.0,45.44,11.0,2,236.52
p2_E_W.201,3059.0,484.3,353.0,12,977.65
p2_E_W.202,3065.0,477.16,347.0,11,955.05
p2_E_W.203,3113.0,428.73,311.0,10,886.51
p2_E_W.204,3116.0,431.18,306.0,9,907.99
p2_N2_S2.175,3550.0,25.67,15.0,1,191.77
p2_E_W.205,3119.0,431.7,305.0,10,916.03
p2_N2_S2.176,3560.0,17.55,5.0,1,188.49
p2_S2_N2.174,3540.0,32.54,23.0,1,200.12
p2_N2_S2.177,3570.0,9.32,0.0,0,176.0
p2_E_W.206,3122.0,419.4,303.0,10,876.24
p2_S2_W.54,3423.0,137.77,79.0,5,433.5
p2_S2_N2.175,3550.0,34.77,20.0,2,217.73
p2_S2_W.55,3453.0,108.74,65.0,3,398.85
p2_E_W.207,3125.0,433.05,320.0,8,914.35
p2_E_W.208,3128.0,440.02,311.0,10,938.0
p2_N2_S2.178,3580.0,5.8,0.0,0,141.46
p2_S2_N2.176,3560.0,22.2,6.0,2,194.41
p2_E_W.209,3131.0,419.3,307.0,8,874.27
p2_S2_N2.177,3570.0,23.76,3.0,2,201.21
p2_E_W.210,3134.0,439.78,306.0,7,893.66
p2_W_N1.20,3164.0,428.29,288.0,15,824.74
p2_N1_E.56,3483.0,92.35,65.0,4,365.56
p2_N1_E.57,3513.0,74.36,36.0,4,338.82
p2_S2_N2.178,3580.0,7.68,0.0,0,158.52
p2_E_S1.21,3137.0,427.24,313.0,8,898.54
p2_W_E.81,3155.0,433.85,290.0,15,907.59
p2_N1_S1.173,3530.0,71.3,40.0,2,275.42
p2_W_E.82,3158.0,430.94,284.0,18,885.96
p2_N1_S1.174,3540.0,73.63,36.0,1,282.07
p2_S1_N1.175,3550.0,45.89,34.0,1,225.57
p2_W_E.83,3161.0,432.05,282.0,15,899.82
p2_S1_N1.176,3560.0,54.88,32.0,1,241.3
p2_S1_N1.177,3570.0,46.59,25.0,1,227.84
p2_S1_N1.178,3580.0,29.71,13.0,1,214.8
p2_W_E.84,3168.0,430.43,282.0,16,860.76
p2_S1_N1.179,3590.0,30.38,8.0,1,224.17
p2_E_W.211,3140.0,459.99,327.0,9,916.23
p2_E_W.212,3174.0,423.73,297.0,9,856.5
p2_S2_W.56,3483.0,121.11,71.0,4,406.24
p2_S2_W.57,3513.0,92.41,56.0,4,373.02
p2_E_W.213,3178.0,431.46,313.0,11,890.72
p2_E_W.214,3181.0,427.1,311.0,9,878.86
p2_E_W.215,3184.0,429.11,307.0,9,897.46
p2_E_W.216,3187.0,427.88,304.0,9,891.08
p2_E_W.217,3190.0,418.33,300.0,9,865.02
p2_N1_E.58,3543.0,70.38,39.0,2,319.96
p2_E_W.218,3193.0,416.86,298.0,9,868.9
p2_E_W.219,3196.0,415.62,296.0,10,866.73
p2_E_W.220,3198.0,424.22,291.0,11,881.43
p2_W_N1.21,3180.0,470.18,300.0,15,872.38
p2_W_E.85,3171.0,447.13,294.0,18,887.82
p2_W_E.86,3174.0,459.45,290.0,16,908.27
p2_W_E.87,3177.0,458.2,283.0,15,922.0
p2_W_N1.22,3195.0,466.02,276.0,19,842.48
p2_S2_N2.179,3590.0,76.24,62.0,1,272.93
p2_N2_S2.179,3590.0,71.95,61.0,1,262.3
p2_W_N1.23,3223.0,444.02,253.0,17,822.06
p2_W_E.88,3183.0,468.92,295.0,21,918.7
p2_W_E.89,3186.0,472.62,285.0,17,914.74
p2_W_E.90,3189.0,472.27,280.0,18,925.29
p2_E_S1.22,3202.0,458.91,324.0,11,933.3
p2_N1_S1.175,3550.0,135.31,102.0,3,372.19
p2_N1_S1.176,3560.0,127.95,101.0,3,356.86
p2_W_E.91,3192.0,464.17,279.0,18,885.93
p2_N1_S1.177,3570.0,120.2,94.0,3,341.94
p2_W_E.92,3198.0,472.0,268.0,23,901.32
p2_W_E.93,3212.0,459.8,257.0,19,898.51
p2_W_E.94,3215.0,458.32,254.0,17,915.22
p2_W_E.95,3219.0,455.18,250.0,20,897.4
p2_E_W.221,3205.0,470.83,329.0,11,974.3
p2_W_E.96,3233.0,441.67,256.0,19,874.3
p2_S2_W.58,3543.0,134.52,77.0,5,454.56
p2_W_E.97,3298.0,380.58,205.0,15,767.7
p2_S2_W.59,3573.0,106.53,51.0,3,401.96
p2_E_W.222,3208.0,473.89,340.0,10,968.32
p2_E_W.223,3257.0,426.46,294.0,9,900.67
p2_W_E.98,3302.0,373.41,201.0,14,746.6
p2_E_W.224,3262.0,419.03,291.0,10,874.78
p2_W_E.99,3305.0,371.86,196.0,14,746.38
p2_E_W.225,3269.0,419.02,287.0,9,900.21
p2_E_W.226,3310.0,381.3,260.0,8,828.1
p2_E_W.227,3313.0,377.63,257.0,9,827.68
p2_E_W.228,3317.0,377.82,256.0,9,832.45
p2_E_W.229,3320.0,368.52,251.0,9,801.77
p2_E_W.230,3323.0,378.08,252.0,9,811.89
p2_N1_E.59,3573.0,117.29,89.0,4,380.56
p2_W_E.100,3308.0,396.4,209.0,17,804.84
p2_W_N1.24,3311.0,415.32,233.0,20,765.76
p2_W_N1.25,3326.0,410.97,208.0,19,764.45
p2_W_N1.26,3379.0,368.09,166.0,21,676.87
p2_E_S1.23,3326.0,399.23,283.0,10,852.05
p2_N1_S1.178,3580.0,176.02,143.0,3,431.23
p2_W_E.101,3314.0,425.78,231.0,19,839.06
p2_N1_S1.179,3590.0,178.87,136.0,3,437.33
p2_W_E.102,3317.0,420.26,224.0,17,829.63
p2_E_W.231,3329.0,423.37,295.0,13,872.74
p2_W_E.103,3320.0,433.07,217.0,20,850.4
p2_E_W.232,3332.0,422.48,290.0,11,874.06
p2_W_E.104,3323.0,427.78,212.0,21,851.26
p2_W_E.105,3329.0,417.95,204.0,18,852.59
p2_W_E.106,3332.0,409.98,197.0,19,807.38
p2_E_W.233,3335.0,411.23,286.0,12,856.35
p2_W_E.107,3364.0,398.45,175.0,18,774.6
p2_W_E.108,3370.0,394.08,167.0,17,776.53
p2_E_W.234,3338.0,408.49,283.0,13,848.27
p2_W_E.109,3434.0,331.86,136.0,14,702.1
p2_E_W.235,3341.0,419.26,275.0,12,877.57
p2_E_W.236,3437.0,331.17,187.0,11,739.09
p2_W_E.110,3437.0,330.7,132.0,14,705.02
p2_E_W.237,3440.0,329.98,184.0,10,738.53
p2_W_E.111,3442.0,327.46,127.0,14,710.35
p2_E_W.238,3444.0,325.5,183.0,12,720.56
p2_W_E.112,3446.0,312.63,128.0,13,669.32
p2_E_W.239,3447.0,323.05,184.0,10,734.45
p2_E_W.240,3450.0,320.78,179.0,11,729.68
p2_W_N1.27,3456.0,341.54,158.0,16,639.85
p2_W_N1.28,3516.0,291.73,122.0,13,578.5
p2_W_N1.29,3584.0,235.17,79.0,12,505.83
p2_W_N1.30,3671.0,159.69,37.0,7,394.65
p2_E_S1.24,3453.0,358.36,214.0,11,799.13
p2_W_E.113,3501.0,310.73,137.0,14,666.07
p2_W_E.114,3505.0,321.31,133.0,14,685.99
p2_W_E.115,3508.0,311.83,131.0,14,679.49
p2_E_W.241,3456.0,369.36,220.0,14,800.59
p2_W_E.116,3511.0,319.04,132.0,14,696.83
p2_E_W.242,3459.0,372.5,238.0,13,826.92
p2_W_E.117,3525.0,302.59,123.0,14,678.02
p2_E_W.243,3462.0,370.93,240.0,10,813.37
p2_W_E.118,3573.0,257.01,97.0,14,615.9
p2_E_W.244,3465.0,369.9,236.0,13,828.0
p2_W_E.119,3576.0,251.86,87.0,11,579.17
p2_E_W.245,3508.0,328.75,200.0,14,749.21
p2_W_E.120,3580.0,257.09,87.0,13,582.95
p2_W_E.121,3592.0,239.64,80.0,13,582.48
p2_E_W.246,3512.0,320.85,195.0,12,721.12
p2_W_E.122,3610.0,230.47,77.0,11,559.63
p2_W_E.123,3653.0,189.24,45.0,7,504.02
p2_E_W.247,3515.0,318.41,194.0,10,716.95
p2_W_E.124,3657.0,186.97,42.0,9,510.31
p2_E_W.248,3518.0,327.49,189.0,9,734.59
p2_W_E.125,3661.0,184.76,40.0,9,514.47
p2_E_W.249,3521.0,325.51,181.0,9,732.64
p2_W_E.126,3690.0,160.38,44.0,6,454.91
p2_W_E.127,3708.0,144.06,43.0,7,414.02
p2_E_W.250,3524.0,309.58,180.0,11,707.36
p2_W_N1.31,3729.0,145.97,47.0,5,382.94
p2_W_E.128,3713.0,141.96,43.0,6,421.77
p2_W_N1.32,3754.0,132.12,40.0,5,388.91
p2_W_E.129,3719.0,130.51,39.0,6,409.31
p2_W_N1.33,3769.0,126.65,34.0,5,370.66
p2_W_N1.34,3789.0,116.35,27.0,4,338.88
p2_E_S1.25,3527.0,359.85,217.0,12,785.97
p2_W_E.130,3742.0,148.64,56.0,6,456.38
p2_W_E.131,3745.0,156.17,53.0,7,460.72
p2_W_E.132,3748.0,154.9,49.0,6,474.49
p2_W_E.133,3751.0,152.29,48.0,6,481.92
p2_E_W.251,3530.0,367.97,226.0,15,797.62
p2_E_W.252,3533.0,375.41,218.0,11,820.31
p2_W_E.134,3757.0,138.14,42.0,6,443.31
p2_E_W.253,3536.0,371.49,221.0,12,800.15
p2_W_E.135,3760.0,150.35,43.0,7,461.41
p2_E_W.254,3578.0,333.81,187.0,11,748.77
p2_W_E.136,3763.0,148.06,40.0,6,468.95
p2_E_W.255,3581.0,331.26,187.0,12,737.01
p2_W_E.137,3766.0,147.74,38.0,7,478.71
p2_W_E.138,3772.0,133.58,30.0,5,433.93
p2_W_E.139,3775.0,137.29,29.0,5,434.12
p2_W_E.140,3778.0,141.31,26.0,4,448.69
p2_W_E.141,3781.0,140.05,27.0,4,438.93
p2_E_W.256,3584.0,316.07,195.0,12,708.81
p2_E_W.257,3587.0,331.62,194.0,12,718.52
p2_E_W.258,3590.0,335.74,186.0,11,737.51
p2_W_E.142,3798.0,127.97,40.0,5,405.96
p2_E_W.259,3593.0,325.43,183.0,11,743.6
p2_W_E.143,3816.0,112.48,32.0,4,381.67
p2_W_N1.35,3825.0,124.06,41.0,5,364.98
p2_E_W.260,3599.0,329.52,178.0,12,747.45
p2_W_E.144,3819.0,111.74,30.0,4,385.48
p2_W_E.145,3822.0,110.03,30.0,4,379.12
p2_W_N1.36,3843.0,121.48,25.0,4,355.27
p2_W_E.146,3828.0,125.77,36.0,6,402.43
p2_W_N1.37,3869.0,104.03,17.0,4,312.86
p2_W_N1.38,3900.0,84.24,6.0,3,286.02
p2_E_S1.26,3640.0,318.21,186.0,12,727.7
p2_W_E.147,3831.0,140.88,45.0,7,450.04
p2_W_E.148,3834.0,138.89,41.0,7,447.63
p2_W_E.149,3837.0,139.02,39.0,6,452.36
p2_W_E.150,3840.0,137.78,35.0,5,447.12
p2_E_W.261,3643.0,335.78,194.0,13,761.33
p2_W_E.151,3846.0,132.24,28.0,5,431.61
p2_W_E.152,3849.0,132.97,27.0,6,431.95
p2_E_W.262,3646.0,336.42,190.0,12,755.88
p2_E_W.263,3649.0,335.14,187.0,16,750.89
p2_E_W.264,3652.0,333.9,183.0,15,750.69
p2_E_W.265,3655.0,332.71,182.0,17,747.34
p2_E_W.266,3659.0,330.94,176.0,17,730.35
p2_W_E.153,3852.0,122.81,23.0,5,392.36
p2_W_E.154,3855.0,135.19,21.0,6,418.17
p2_W_E.155,3887.0,92.72,7.0,3,366.66
p2_W_E.156,3890.0,104.67,8.0,4,373.29
p2_E_W.267,3662.0,322.08,172.0,15,711.23
p2_W_E.157,3894.0,102.44,6.0,3,384.63
p2_E_W.268,3665.0,333.37,169.0,13,713.88
p2_W_E.158,3897.0,95.65,4.0,2,388.5
p2_E_W.269,3669.0,331.16,173.0,12,753.47
p2_E_W.270,3692.0,309.81,163.0,12,733.48
p2_W_E.159,3903.0,99.56,16.0,3,369.15
p2_W_E.160,3906.0,98.92,14.0,3,368.38
p2_W_N1.39,3915.0,110.87,25.0,6,347.02
p2_W_E.161,3909.0,96.02,14.0,3,354.13
p2_W_E.162,3912.0,99.15,12.0,3,360.05
p2_W_N1.40,3930.0,106.64,14.0,3,320.91
p2_W_N1.41,3949.0,99.14,11.0,2,288.6
p2_E_S1.27,3695.0,346.17,197.0,12,775.72
p2_W_E.163,3918.0,128.97,35.0,5,410.13
p2_W_N1.42,3977.0,75.73,3.0,1,282.11
p2_W_E.164,3921.0,127.48,31.0,5,413.53
p2_W_E.165,3924.0,128.39,26.0,4,420.83
p2_W_E.166,3927.0,127.6,23.0,3,413.79
p2_E_W.271,3698.0,357.75,199.0,14,803.47
p2_E_W.272,3701.0,356.63,193.0,15,786.17
p2_W_E.167,3933.0,118.3,20.0,4,385.42
p2_W_E.168,3937.0,122.85,21.0,6,401.75
p2_E_W.273,3704.0,353.51,190.0,15,770.62
p2_W_E.169,3941.0,120.49,20.0,5,406.34
p2_W_E.170,3944.0,119.33,14.0,3,404.48
p2_W_E.171,3956.0,108.22,13.0,3,393.24
p2_W_E.172,3965.0,97.23,11.0,3,378.33
p2_E_W.274,3707.0,346.12,181.0,18,766.5
p2_E_W.275,3709.0,353.22,189.0,16,782.91
p2_W_E.173,3968.0,98.13,9.0,3,374.42
p2_E_W.276,3712.0,358.73,182.0,16,807.21
p2_W_E.174,3971.0,95.73,6.0,2,357.78
p2_E_W.277,3716.0,355.69,180.0,15,799.16
p2_W_E.175,3974.0,98.22,5.0,2,382.74
p2_E_W.278,3719.0,355.13,179.0,18,779.55
p2_E_W.279,3722.0,353.91,179.0,15,807.59
p2_E_W.280,3725.0,352.66,170.0,18,802.93
p2_W_E.176,3980.0,99.11,16.0,3,360.37
p2_W_N1.43,3992.0,109.74,20.0,4,326.11
p2_W_E.177,3983.0,97.27,12.0,3,340.0
p2_W_E.178,3986.0,98.71,11.0,3,360.28
p2_W_E.179,3989.0,97.37,11.0,2,356.08
p2_W_N1.44,4007.0,102.98,13.0,2,309.57
p2_W_N1.45,4033.0,90.36,9.0,2,289.9
p2_W_E.180,3995.0,109.96,18.0,3,374.03
p2_E_S1.28,3728.0,386.21,199.0,19,852.1
p2_W_N1.46,4052.0,78.17,5.0,3,278.54
p2_W_E.181,3998.0,126.38,30.0,4,410.57
p2_W_E.182,4001.0,118.52,24.0,3,410.43
p2_W_E.183,4004.0,124.77,22.0,3,416.86
p2_E_W.281,3731.0,400.8,204.0,19,859.72
p2_E_W.282,3734.0,398.58,199.0,22,852.24
p2_W_E.184,4012.0,110.83,17.0,3,380.15
p2_W_E.185,4016.0,120.27,15.0,4,389.82
p2_E_W.283,3736.0,397.28,194.0,20,845.26
p2_W_E.186,4019.0,119.07,13.0,3,406.61
p2_E_W.284,3740.0,399.46,187.0,18,841.92
p2_E_W.285,3743.0,398.08,185.0,16,836.23
p2_W_E.187,4024.0,106.19,13.0,3,370.58
p2_E_W.286,3746.0,394.07,184.0,16,838.99
p2_W_E.188,4039.0,90.66,10.0,2,348.97
p2_E_W.287,3749.0,395.74,178.0,17,810.32
p2_W_E.189,4043.0,93.07,9.0,2,374.1
p2_W_E.190,4046.0,100.01,7.0,2,383.77
p2_E_W.288,3752.0,394.49,172.0,17,823.82
p2_E_W.289,3755.0,393.16,172.0,17,816.3
p2_W_E.191,4049.0,98.85,5.0,2,382.27
p2_E_W.290,3769.0,375.99,163.0,16,783.65
p2_W_E.192,4055.0,100.17,20.0,4,362.34
p2_W_E.193,4058.0,97.82,18.0,3,359.73
p2_W_N1.47,4067.0,111.88,26.0,4,329.48
p2_W_E.194,4061.0,98.69,15.0,3,375.81
p2_W_E.195,4064.0,97.42,15.0,3,356.75
p2_W_N1.48,4085.0,104.8,17.0,2,299.03
p2_W_N1.49,4110.0,92.37,14.0,3,297.37
p2_W_N1.50,4128.0,83.11,10.0,2,280.99
p2_E_S1.29,3772.0,409.83,195.0,17,826.37
p2_W_E.196,4070.0,125.34,34.0,5,412.92
p2_W_E.197,4072.0,132.68,29.0,3,440.17
p2_W_E.198,4075.0,129.41,27.0,4,427.32
p2_E_W.291,3775.0,432.8,198.0,20,861.95
p2_W_E.199,4078.0,126.35,26.0,3,432.45
p2_W_E.200,4082.0,128.0,25.0,3,430.81
p2_W_E.201,4090.0,121.66,24.0,3,416.93
p2_E_W.292,3778.0,427.6,192.0,21,867.45
p2_W_E.202,4093.0,120.54,23.0,3,413.16
p2_E_W.293,3781.0,430.05,186.0,19,864.8
p2_E_W.294,3785.0,432.06,181.0,22,864.55
p2_W_E.203,4097.0,110.94,20.0,3,371.73
p2_E_W.295,3788.0,430.81,181.0,21,868.74
p2_W_E.204,4102.0,115.31,19.0,3,385.23
p2_E_W.296,3791.0,429.69,179.0,19,873.49
p2_W_E.205,4116.0,104.23,14.0,3,380.98
p2_E_W.297,3794.0,428.44,174.0,15,846.09
p2_W_E.206,4119.0,92.95,12.0,2,360.27
p2_E_W.298,3797.0,420.76,166.0,15,830.56
p2_W_E.207,4122.0,103.18,12.0,3,396.69
p2_E_W.299,3800.0,426.29,170.0,16,866.82
p2_W_E.208,4125.0,96.05,11.0,2,381.92
p2_E_W.300,3803.0,417.38,155.0,13,840.16
p2_W_E.209,4131.0,100.07,21.0,3,369.98
p2_W_E.210,4134.0,98.97,20.0,4,361.9
p2_W_E.211,4137.0,97.35,20.0,3,354.74
p2_W_N1.51,4143.0,107.34,28.0,5,331.83
p2_W_N1.52,4158.0,107.22,18.0,4,307.03
p2_W_E.212,4140.0,92.97,19.0,4,352.48
p2_W_E.213,4146.0,110.36,26.0,4,375.54
p2_W_N1.53,4178.0,95.24,13.0,4,303.32
p2_E_S1.30,3819.0,446.58,186.0,15,881.63
p2_W_N1.54,4205.0,80.87,5.0,3,286.67
p2_W_E.214,4149.0,113.49,29.0,5,395.21
p2_E_W.301,3824.0,460.13,201.0,17,896.37
p2_W_E.215,4152.0,130.21,27.0,5,424.91
p2_W_E.216,4155.0,128.44,26.0,5,422.31
p2_E_W.302,3831.0,452.88,188.0,15,890.07
p2_E_W.303,3853.0,436.11,177.0,13,883.05
p2_W_E.217,4161.0,127.23,21.0,6,418.37
p2_E_W.304,3856.0,434.86,179.0,17,868.39
p2_W_E.218,4166.0,109.7,18.0,5,388.54
p2_W_E.219,4169.0,120.11,16.0,5,399.21
p2_E_W.305,3859.0,433.62,174.0,15,863.97
p2_W_E.220,4173.0,109.59,17.0,6,389.75
p2_E_W.306,3862.0,432.34,167.0,13,853.56
p2_W_E.221,4186.0,109.78,13.0,5,396.58
p2_E_W.307,3865.0,426.32,160.0,13,826.57
p2_W_E.222,4192.0,90.05,11.0,4,348.33
p2_E_W.308,3868.0,428.85,159.0,13,837.59
p2_W_E.223,4195.0,105.43,7.0,2,378.99
p2_E_W.309,3871.0,430.24,164.0,16,877.51
p2_E_W.310,3874.0,429.05,155.0,15,874.28
p2_W_E.224,4199.0,92.86,8.0,4,380.87
p2_W_E.225,4202.0,101.96,6.0,4,408.54
p2_W_E.226,4208.0,97.94,17.0,4,353.91
p2_W_E.227,4211.0,99.28,13.0,2,357.38
p2_W_N1.55,4220.0,107.01,22.0,3,322.8
p2_W_N1.56,4235.0,105.97,17.0,2,303.77
p2_W_E.228,4214.0,91.39,13.0,2,345.85
p2_W_E.229,4217.0,98.06,12.0,3,365.58
p2_W_N1.57,4259.0,92.03,12.0,3,284.66
p2_W_N1.58,4281.0,79.48,9.0,2,290.39
p2_E_S1.31,3877.0,468.78,190.0,18,926.99
p2_W_E.230,4223.0,123.49,31.0,4,404.06
p2_W_E.231,4226.0,131.0,32.0,5,423.0
p2_W_E.232,4229.0,129.74,27.0,3,435.43
p2_E_W.311,3881.0,471.98,198.0,19,919.7
p2_E_W.312,3895.0,470.5,195.0,21,913.3
p2_E_W.313,3903.0,461.84,185.0,18,894.22
p2_W_E.233,4232.0,111.9,23.0,3,387.77
p2_W_E.234,4241.0,127.02,21.0,3,390.45
p2_E_W.314,3909.0,459.88,181.0,17,903.17
p2_W_E.235,4244.0,125.74,20.0,3,416.72
p2_W_E.236,4248.0,123.59,18.0,3,410.87
p2_W_E.237,4252.0,121.34,16.0,4,406.74
p2_W_E.238,4269.0,102.66,15.0,4,382.72
p2_E_W.315,3917.0,435.76,179.0,16,878.18
p2_W_E.239,4272.0,104.09,13.0,3,391.44
p2_E_W.316,3929.0,449.7,178.0,16,892.47
p2_W_E.240,4275.0,97.91,11.0,3,399.03
p2_E_W.317,3932.0,441.57,170.0,19,875.73
p2_W_E.241,4278.0,102.65,10.0,2,401.29
p2_E_W.318,3935.0,444.8,170.0,21,870.64
p2_W_E.242,4284.0,87.97,11.0,2,380.87
p2_E_W.319,3938.0,442.24,167.0,22,903.26
p2_W_E.243,4287.0,97.32,18.0,3,372.75
p2_W_N1.59,4296.0,110.0,27.0,4,334.56
p2_E_W.320,3941.0,444.54,162.0,18,901.83
p2_E_S1.32,3944.0,450.73,166.0,18,894.74
p2_E_W.321,3950.0,448.52,165.0,20,872.12
p2_E_W.322,3971.0,429.62,161.0,22,858.82
p2_W_E.244,4290.0,88.3,18.0,3,347.3
p2_E_W.323,3981.0,420.82,154.0,19,835.75
p2_W_E.245,4293.0,107.88,16.0,3,363.45
p2_E_W.324,3986.0,418.81,150.0,16,828.39
p2_E_W.325,3994.0,411.77,149.0,16,828.35
p2_W_E.246,4299.0,110.08,26.0,5,362.21
p2_E_W.326,4006.0,400.02,146.0,17,805.82
p2_E_W.327,4009.0,402.15,143.0,19,807.84
p2_E_W.328,4012.0,399.16,138.0,13,790.17
p2_E_W.329,4015.0,399.7,143.0,18,836.89
p2_E_W.330,4018.0,390.99,139.0,20,797.63
p2_E_S1.33,4021.0,396.48,135.0,20,798.4
p2_W_E.247,4302.0,125.87,34.0,5,427.39
p2_W_E.248,4305.0,125.33,31.0,5,415.83
p2_W_E.249,4308.0,124.0,29.0,4,398.99
p2_E_W.331,4028.0,402.16,137.0,18,818.68
p2_E_W.332,4048.0,390.46,128.0,17,786.58
p2_E_W.333,4055.0,383.8,124.0,16,790.49
p2_E_W.334,4059.0,385.45,121.0,16,800.22
p2_E_W.335,4068.0,378.1,122.0,14,793.78
p2_E_W.336,4082.0,365.75,114.0,13,772.36
p2_E_W.337,4085.0,360.13,114.0,16,732.13
p2_E_W.338,4088.0,363.39,107.0,13,744.37
p2_E_W.339,4091.0,355.76,108.0,14,725.04
p2_E_W.340,4094.0,362.35,102.0,16,750.13
p2_E_W.341,4102.0,356.2,95.0,14,736.28
p2_E_S1.34,4097.0,353.15,96.0,15,740.66
p2_E_W.342,4125.0,328.06,82.0,11,697.04
p2_E_W.343,4130.0,325.9,79.0,9,688.32
p2_E_W.344,4137.0,331.65,81.0,11,695.34
p2_E_W.345,4145.0,310.96,85.0,11,667.21
p2_E_W.346,4157.0,312.07,83.0,12,686.29
p2_E_W.347,4161.0,314.58,73.0,11,674.94
p2_E_W.348,4164.0,313.85,68.0,10,665.74
p2_E_W.349,4167.0,309.8,82.0,12,669.38
p2_E_W.350,4170.0,309.33,81.0,11,672.21
p2_E_W.351,4178.0,305.22,75.0,12,676.39
p2_E_W.352,4197.0,287.99,66.0,9,645.65
p2_E_S1.35,4173.0,294.26,79.0,10,644.29
p2_E_W.353,4202.0,282.24,66.0,8,621.4
p2_E_W.354,4210.0,277.98,60.0,9,621.4
p2_E_W.355,4220.0,264.83,59.0,10,607.36
p2_E_W.356,4234.0,252.71,61.0,10,592.89
p2_E_W.357,4238.0,256.24,58.0,11,586.02
p2_E_W.358,4241.0,254.95,50.0,10,580.17
p2_E_W.359,4244.0,266.18,63.0,10,623.45
p2_E_W.360,4247.0,267.01,57.0,8,609.21
p2_E_S1.36,4250.0,262.26,58.0,8,597.27
p2_E_W.361,4254.0,263.06,52.0,9,583.31
p2_E_W.362,4276.0,234.39,48.0,6,555.38
p2_E_W.363,4283.0,245.29,44.0,7,572.04
p2_E_W.364,4287.0,234.98,47.0,8,570.56
p2_E_W.365,4294.0,237.59,43.0,8,568.2
p2_E_W.366,4309.0,224.4,42.0,7,546.79
p2_E_W.367,4312.0,211.41,42.0,8,519.89
p2_E_W.368,4315.0,221.52,39.0,7,530.22
p2_E_W.369,4318.0,220.86,46.0,8,538.38
p2_E_S1.37,4324.0,214.4,40.0,7,519.88
p2_E_W.370,4321.0,219.79,45.0,8,536.74
p2_E_W.371,4330.0,204.04,39.0,7,484.03
p2_E_W.372,4350.0,190.95,35.0,7,488.23
p2_E_W.373,4355.0,185.49,31.0,6,496.71
p2_E_W.374,4362.0,166.91,30.0,5,430.78
p2_E_W.375,4372.0,185.6,32.0,6,436.8
p2_E_W.376,4386.0,177.9,26.0,5,456.87
p2_E_S1.38,4401.0,160.52,23.0,5,435.84
p2_E_W.377,4389.0,176.67,27.0,5,458.08
p2_E_W.378,4392.0,175.44,26.0,5,467.07
p2_E_W.379,4395.0,171.57,27.0,6,459.5
p2_E_W.380,4398.0,167.04,26.0,5,454.41
p2_E_W.381,4406.0,166.92,20.0,5,449.19
p2_E_W.382,4425.0,149.69,17.0,4,422.3
p2_E_W.383,4432.0,144.43,16.0,4,414.17
p2_E_W.384,4439.0,132.04,27.0,4,392.29
p2_E_W.385,4448.0,152.63,27.0,4,400.62
p2_E_W.386,4460.0,142.52,25.0,4,422.17
p2_E_W.387,4464.0,140.24,24.0,4,424.79
p2_E_S1.39,4476.0,126.16,20.0,3,386.61
p2_E_W.388,4467.0,120.02,21.0,5,402.37
p2_E_W.389,4470.0,138.32,18.0,3,404.42
p2_E_W.390,4473.0,131.17,19.0,3,399.53
p2_E_W.391,4481.0,130.76,19.0,4,402.8
p2_E_W.392,4500.0,113.55,13.0,3,378.73
p2_E_W.393,4506.0,106.24,9.0,2,368.76
p2_E_W.394,4512.0,80.47,11.0,3,325.87
p2_E_W.395,4523.0,101.92,17.0,2,361.91
p2_E_W.396,4539.0,83.83,14.0,2,333.73
p2_E_W.397,4543.0,74.35,11.0,2,343.5
p2_E_W.398,4546.0,69.48,10.0,1,320.15
p2_E_W.399,4549.0,73.8,10.0,1,320.54
p2_E_W.400,4552.0,81.94,11.0,2,345.44
p2_E_S1.40,4555.0,61.92,10.0,2,326.38
p2_E_W.401,4557.0,78.67,9.0,1,339.22
p2_E_W.402,4561.0,76.45,9.0,1,344.49
p2_E_W.403,4564.0,75.11,10.0,2,335.02
p2_E_W.404,4567.0,71.91,9.0,2,349.0
p2_E_W.405,4570.0,70.79,8.0,2,355.34
p2_E_W.406,4573.0,71.26,6.0,1,363.79
p2_E_W.407,4576.0,70.04,6.0,1,340.05
p2_E_W.408,4579.0,68.87,6.0,1,344.19
p2_E_W.409,4582.0,67.48,6.0,1,345.52
p2_E_W.410,4585.0,66.47,6.0,1,349.7
p2_E_S1.41,4588.0,75.61,18.0,2,356.34
p2_E_W.411,4591.0,72.73,18.0,2,343.15
p2_E_W.412,4595.0,64.68,16.0,2,331.84
p2_E_W.413,4598.0,67.14,15.0,2,335.04
p2_E_W.414,4601.0,68.45,13.0,2,349.27
p2_E_W.415,4604.0,67.99,13.0,2,341.56
p2_E_W.416,4614.0,66.41,13.0,2,337.64
p2_E_W.417,4617.0,60.21,11.0,3,339.5
p2_E_W.418,4620.0,61.03,11.0,3,344.81
p2_E_W.419,4623.0,62.67,9.0,3,347.11
p2_E_S1.42,4629.0,57.28,9.0,2,324.34
p2_E_W.420,4626.0,57.25,9.0,3,347.33
p2_E_W.421,4632.0,57.3,15.0,3,346.07
p2_E_W.422,4635.0,51.38,14.0,2,307.77
p2_E_W.423,4638.0,57.0,13.0,2,322.98
p2_E_W.424,4641.0,47.11,11.0,2,292.08
p2_E_W.425,4644.0,55.6,10.0,1,314.94
p2_E_W.426,4647.0,49.89,10.0,1,311.5
p2_E_W.427,4650.0,53.22,10.0,1,324.94
p2_E_W.428,4653.0,42.19,10.0,1,286.84
p2_E_W.429,4656.0,51.53,10.0,1,301.14
p2_E_W.430,4659.0,50.24,8.0,1,315.85
p2_E_W.431,4665.0,46.01,7.0,1,296.05
p2_E_S1.43,4662.0,42.02,9.0,1,290.87
p2_E_W.432,4668.0,44.69,7.0,1,313.13
p2_E_W.433,4671.0,43.46,7.0,1,290.27
p2_E_W.434,4674.0,42.25,7.0,1,292.34
p2_E_W.435,4677.0,40.96,8.0,1,284.43
p2_E_W.436,4680.0,39.75,8.0,1,274.91
p2_E_W.437,4683.0,38.53,7.0,1,282.02
p2_E_W.438,4686.0,53.68,18.0,3,330.71
p2_E_W.439,4689.0,52.72,15.0,2,323.19
p2_E_S1.44,4695.0,49.99,12.0,2,305.31
p2_E_W.440,4692.0,41.26,13.0,2,290.81
p2_E_W.441,4698.0,47.02,11.0,2,312.08
p2_E_W.442,4701.0,52.9,10.0,2,324.07
p2_E_W.443,4704.0,51.57,9.0,2,336.03
p2_E_W.444,4707.0,44.26,7.0,1,315.28
p2_E_W.445,4710.0,49.03,7.0,1,325.19
p2_E_W.446,4713.0,47.73,6.0,1,330.34
p2_E_W.447,4716.0,37.51,6.0,1,286.93
p2_E_W.448,4719.0,42.1,13.0,1,297.31
p2_E_W.449,4722.0,41.82,13.0,1,302.31
p2_E_S1.45,4728.0,40.36,11.0,1,311.91
p2_E_W.450,4725.0,44.28,13.0,1,315.15
p2_E_W.451,4731.0,39.95,11.0,1,300.44
p2_E_W.452,4734.0,38.64,9.0,1,312.69
p2_E_W.453,4737.0,37.6,9.0,1,286.26
p2_E_W.454,4740.0,36.34,9.0,2,287.15
p2_E_W.455,4743.0,35.02,9.0,1,287.05
p2_E_W.456,4746.0,33.88,9.0,1,279.04
p2_E_W.457,4749.0,31.77,8.0,1,278.68
p2_E_W.458,4752.0,25.6,6.0,1,249.38
p2_E_W.459,4755.0,26.67,5.0,1,265.55
p2_E_W.460,4758.0,32.32,5.0,1,276.1
p2_E_S1.46,4761.0,28.71,3.0,1,273.45
p2_E_W.461,4764.0,27.96,2.0,1,286.23
p2_E_W.462,4767.0,26.76,1.0,1,268.13
p2_E_W.463,4770.0,24.28,0.0,0,273.0
p2_E_W.464,4773.0,24.53,0.0,0,267.8
p2_E_W.465,4776.0,39.73,12.0,1,307.02
p2_E_W.466,4779.0,31.65,10.0,1,280.91
p2_E_W.467,4782.0,34.41,10.0,1,281.32
p2_E_W.468,4785.0,40.28,9.0,1,292.97
p2_E_W.469,4788.0,39.03,8.0,1,294.53
p2_E_W.470,4791.0,35.16,8.0,1,277.47
p2_E_W.471,4797.0,30.98,7.0,1,256.96
p2_E_W.472,4800.0,34.24,6.0,1,280.74
p2_E_S1.47,4794.0,25.96,8.0,1,248.92
p2_E_W.473,4803.0,25.88,12.0,1,244.1
p2_E_W.474,4806.0,34.18,12.0,1,261.52
p2_E_W.475,4809.0,32.93,11.0,1,273.57
p2_E_W.476,4812.0,31.71,10.0,1,277.36
p2_E_W.477,4815.0,30.51,7.0,1,276.48
p2_E_W.478,4818.0,26.71,7.0,1,268.33
p2_E_W.479,4821.0,28.17,6.0,1,283.35
p2_E_W.480,4824.0,26.94,4.0,1,290.06
p2_E_S1.48,4827.0,18.71,1.0,1,247.47
p2_E_W.481,4830.0,13.36,0.0,0,217.65
p2_E_W.482,4833.0,21.75,0.0,0,251.88
p2_E_W.483,4836.0,24.03,0.0,0,259.14
p2_E_W.484,4839.0,24.57,0.0,0,273.27
p2_E_W.485,4842.0,23.29,0.0,0,279.61
p2_E_W.486,4845.0,8.76,0.0,0,197.73
p2_E_W.487,4848.0,23.31,0.0,0,224.19
p2_E_W.488,4851.0,23.32,0.0,0,240.11
p2_E_W.489,4854.0,20.51,0.0,0,247.94
p2_E_S1.49,4860.0,10.94,0.0,0,228.01
p2_E_W.490,4857.0,17.93,0.0,0,255.08
p2_E_W.491,4862.0,29.74,11.0,1,256.76
p2_E_W.492,4866.0,24.95,10.0,1,238.05
p2_E_W.493,4869.0,25.12,10.0,1,240.87
p2_E_W.494,4872.0,19.37,6.0,1,225.88
p2_E_W.495,4875.0,15.12,2.0,1,223.26
p2_E_W.496,4878.0,29.65,12.0,1,246.73
p2_E_W.497,4881.0,28.31,11.0,1,248.82
p2_E_W.498,4884.0,25.92,10.0,1,238.38
p2_E_W.499,4887.0,22.16,9.0,1,236.8
p2_E_S1.50,4893.0,27.51,8.0,1,263.33
p2_E_W.500,4890.0,29.43,9.0,1,259.69
p2_E_W.501,4896.0,26.95,6.0,1,274.4
p2_E_W.502,4899.0,25.71,6.0,1,274.09
p2_E_W.503,4902.0,24.47,3.0,1,275.6
p2_E_W.504,4905.0,14.44,0.0,0,220.58
p2_E_W.505,4908.0,24.02,0.0,0,251.77
p2_E_W.506,4910.0,29.53,0.0,0,260.9
p2_E_W.507,4914.0,13.14,0.0,0,234.12
p2_E_W.508,4917.0,26.46,0.0,0,252.59
p2_E_S1.51,4926.0,17.47,0.0,0,245.23
p2_E_W.509,4920.0,25.17,0.0,0,250.66
p2_E_W.510,4923.0,23.88,0.0,0,250.09
p2_E_W.511,4929.0,19.72,0.0,0,244.81
p2_E_W.512,4932.0,18.43,0.0,0,261.22
p2_E_W.513,4935.0,17.36,0.0,0,259.59
p2_E_W.514,4938.0,30.2,13.0,1,262.47
p2_E_W.515,4941.0,29.24,11.0,1,265.66
p2_E_W.516,4944.0,28.07,10.0,1,257.74
p2_E_W.517,4947.0,25.62,10.0,1,239.6
p2_E_W.518,4951.0,20.12,7.0,1,232.9
p2_E_W.519,4954.0,25.18,12.0,1,234.61
p2_E_W.520,4957.0,33.66,11.0,1,253.3
p2_E_W.521,4963.0,27.61,8.0,1,255.41
p2_E_S1.52,4960.0,24.62,10.0,1,251.77
p2_E_W.522,4966.0,30.71,8.0,1,278.82
p2_E_W.523,4969.0,29.24,7.0,1,287.86
p2_E_W.524,4972.0,29.18,6.0,1,283.41
p2_E_W.525,4975.0,20.79,3.0,1,250.61
p2_E_W.526,4978.0,26.27,2.0,1,253.78
p2_E_W.527,4981.0,26.77,2.0,1,278.78
p2_E_W.528,4984.0,25.45,1.0,1,278.13
p2_E_W.529,4987.0,21.23,0.0,0,266.91
p2_E_S1.53,4993.0,17.65,0.0,0,226.58
p2_E_W.530,4990.0,9.5,0.0,0,206.06
p2_E_W.531,4996.0,23.68,0.0,0,251.05
p2_E_W.532,4999.0,22.7,0.0,0,261.59
p2_E_W.533,5002.0,25.81,0.0,0,266.58
p2_E_W.534,5005.0,24.54,0.0,0,256.05
p2_E_W.535,5008.0,35.96,12.0,1,273.44
p2_E_W.536,5011.0,34.77,11.0,1,266.76
p2_E_W.537,5014.0,32.52,10.0,1,260.68
p2_E_W.538,5017.0,33.91,10.0,1,270.5
p2_E_W.539,5020.0,32.7,10.0,1,285.9
p2_E_W.540,5023.0,31.38,10.0,1,261.12
p2_E_S1.54,5026.0,26.4,10.0,1,242.47
p2_E_W.541,5029.0,27.18,9.0,1,245.82
p2_E_W.542,5032.0,26.75,8.0,1,242.0
p2_E_W.543,5035.0,28.37,12.0,1,261.18
p2_E_W.544,5038.0,23.09,9.0,1,243.94
p2_E_W.545,5040.0,27.19,7.0,1,259.62
p2_E_W.546,5044.0,25.0,5.0,1,256.16
p2_E_W.547,5047.0,23.06,4.0,1,268.17
p2_E_W.548,5050.0,22.47,4.0,1,264.71
p2_E_W.549,5053.0,21.14,2.0,1,267.73
p2_E_W.550,5056.0,16.74,0.0,0,244.88
p2_E_S1.55,5059.0,18.39,0.0,0,253.7
p2_E_W.551,5062.0,13.38,0.0,0,235.95
p2_E_W.552,5065.0,9.68,0.0,0,200.11
p2_E_W.553,5068.0,12.38,0.0,0,215.85
p2_E_W.554,5071.0,8.95,0.0,0,206.97
p2_E_W.555,5074.0,16.8,0.0,0,239.02
p2_E_W.556,5077.0,8.22,0.0,0,210.25
p2_E_W.557,5080.0,24.22,0.0,0,217.27
p2_E_W.558,5083.0,22.97,0.0,0,243.83
p2_E_W.559,5086.0,21.64,0.0,0,263.92
p2_E_W.560,5089.0,28.72,10.0,1,265.93
p2_E_W.561,5095.0,29.5,3.0,1,236.67
p2_E_W.562,5098.0,28.48,3.0,1,256.58
p2_E_W.563,5101.0,26.04,1.0,1,254.95
p2_E_S1.56,5092.0,17.47,3.0,1,223.33
p2_E_W.564,5104.0,21.88,2.0,2,240.51
p2_E_W.565,5107.0,27.08,0.0,0,259.63
p2_E_W.566,5110.0,22.63,11.0,1,236.64
p2_E_W.567,5113.0,26.92,10.0,1,250.0
p2_E_W.568,5116.0,17.21,4.0,1,234.68
p2_E_S1.57,5125.0,25.5,0.0,0,249.96
p2_E_W.569,5119.0,33.23,3.0,1,254.99
p2_E_W.570,5122.0,31.9,2.0,1,281.97
p2_E_W.571,5128.0,27.64,0.0,0,257.43
p2_E_W.572,5131.0,25.68,0.0,0,278.4
p2_E_W.573,5134.0,25.15,0.0,0,274.15
p2_E_W.574,5137.0,23.92,0.0,0,268.17
p2_E_W.575,5140.0,14.02,0.0,0,237.61
p2_E_W.576,5143.0,21.93,0.0,0,246.27
p2_E_W.577,5145.0,21.72,0.0,0,260.06
p2_E_W.578,5148.0,20.41,0.0,0,258.75
p2_E_W.579,5151.0,19.12,0.0,0,262.92
p2_E_S1.58,5157.0,14.53,0.0,0,221.62
p2_E_W.580,5154.0,7.89,0.0,0,195.63
p2_E_W.581,5160.0,7.32,0.0,0,196.76
p2_E_W.582,5163.0,16.69,0.0,0,219.24
p2_E_W.583,5166.0,13.13,0.0,0,226.49
p2_E_W.584,5169.0,26.61,13.0,1,255.43
p2_E_W.585,5172.0,25.43,11.0,1,243.6
p2_E_W.586,5175.0,22.47,9.0,1,236.32
p2_E_W.587,5178.0,21.73,9.0,1,237.2
p2_E_W.588,5181.0,23.17,9.0,1,250.25
p2_E_W.589,5184.0,21.99,6.0,1,244.84
p2_E_W.590,5187.0,23.55,11.0,1,239.93
p2_E_S1.59,5190.0,22.14,7.0,1,253.71
p2_E_W.591,5193.0,24.7,6.0,1,269.61
p2_E_W.592,5196.0,16.8,3.0,1,216.9
p2_E_W.593,5199.0,28.1,2.0,1,258.05
p2_E_W.594,5202.0,26.7,1.0,1,279.67
p2_E_W.595,5205.0,25.51,1.0,1,276.6
p2_E_W.596,5208.0,11.11,0.0,0,219.52
p2_E_W.597,5211.0,21.76,0.0,0,236.6
p2_E_W.598,5214.0,24.15,0.0,0,249.57
p2_E_W.599,5217.0,22.73,0.0,0,259.96
