id,depart,timeloss,espera,paradas,co2
p1_N1_S1.0,0.0,33.82,24.0,1,210.33
p1_N2_S2.0,0.0,35.53,24.0,1,218.17
p1_S2_N2.0,0.0,35.07,25.0,1,215.62
p1_N1_S1.1,10.0,29.48,16.0,1,202.96
p1_S2_N2.1,10.0,29.54,17.0,1,207.62
p1_N2_S2.1,10.0,30.39,19.0,1,204.91
p1_N1_S1.2,20.0,21.38,8.0,1,199.38
p1_N2_S2.2,20.0,22.45,11.0,1,193.56
p1_S1_N1.0,0.0,29.55,20.0,1,199.02
p1_S2_N2.2,20.0,17.09,5.0,1,177.96
p1_N1_S1.3,30.0,9.85,0.0,0,171.93
p1_S1_N1.1,10.0,28.44,16.0,1,202.47
p1_N2_S2.3,30.0,12.74,0.0,0,182.64
p1_S2_N2.3,30.0,16.27,1.0,1,180.24
p1_N1_S1.4,40.0,5.91,0.0,0,154.23
p1_S1_N1.2,20.0,26.04,10.0,1,209.34
p1_S2_N2.4,40.0,8.1,0.0,0,167.68
p1_S1_N1.3,30.0,17.98,2.0,1,207.66
p1_W_S2.0,3.0,31.37,13.0,1,244.36
p1_W_E.0,0.0,24.99,12.0,1,234.63
p1_E_W.0,0.0,23.11,11.0,1,233.46
p1_E_N1.0,3.0,24.57,11.0,1,243.83
p1_W_E.1,6.0,34.67,11.0,1,273.34
p1_E_W.1,8.0,32.53,9.0,1,256.99
p1_W_E.2,9.0,33.1,10.0,1,284.24
p1_E_W.2,15.0,22.91,6.0,1,245.61
p1_W_E.3,12.0,30.89,10.0,1,279.58
p1_E_W.3,22.0,22.01,5.0,1,232.42
p1_N2_W.0,3.0,42.22,22.0,1,284.61
p1_W_E.4,15.0,30.45,9.0,1,281.51
p1_W_E.5,18.0,29.66,8.0,1,276.26
p1_W_E.6,21.0,28.51,8.0,1,260.7
p1_W_E.7,24.0,27.24,8.0,1,268.37
p1_S1_E.0,3.0,43.68,19.0,1,298.15
p1_S1_E.1,33.0,18.8,0.0,0,260.14
p1_E_W.4,29.0,26.63,15.0,1,243.55
p1_W_E.8,27.0,25.0,13.0,1,230.75
p1_W_E.9,30.0,28.18,13.0,1,251.75
p1_W_E.10,33.0,33.01,11.0,1,260.83
p1_W_S2.1,36.0,29.27,11.0,1,269.58
p1_E_N1.1,32.0,24.51,9.0,1,252.03
p1_W_E.11,39.0,23.05,7.0,1,252.91
p1_E_W.5,36.0,19.24,6.0,1,232.53
p1_W_E.12,42.0,25.65,7.0,1,257.89
p1_E_W.6,44.0,27.88,4.0,1,262.32
p1_W_E.13,45.0,26.44,7.0,1,274.54
p1_E_W.7,51.0,22.71,0.0,0,259.28
p1_S1_N1.4,40.0,57.73,42.0,1,242.91
p1_W_E.14,48.0,27.21,5.0,1,290.67
p1_E_W.8,58.0,17.46,0.0,0,239.24
p1_N1_S1.5,50.0,48.33,36.0,1,227.33
p1_W_E.15,51.0,15.62,0.0,0,216.88
p1_N2_S2.4,40.0,64.71,46.0,1,255.44
p1_S1_N1.5,50.0,44.07,32.0,1,221.67
p1_S2_N2.5,50.0,48.68,39.0,1,231.7
p1_S1_N1.6,60.0,47.06,29.0,1,234.36
p1_N1_S1.6,60.0,32.73,22.0,1,210.08
p1_S2_N2.6,60.0,48.63,32.0,1,238.38
p1_N1_S1.7,70.0,39.69,20.0,1,210.92
p1_S1_N1.7,70.0,38.85,23.0,1,222.91
p1_S2_N2.7,70.0,40.33,25.0,1,235.28
p1_S1_N1.8,80.0,30.61,12.0,1,217.44
p1_N2_S2.5,50.0,51.96,40.0,1,234.82
p1_N1_S1.8,80.0,31.52,11.0,1,218.76
p1_S2_N2.8,80.0,29.95,15.0,1,206.12
p1_S1_N1.9,90.0,22.36,5.0,1,204.16
p1_N2_S2.6,60.0,52.89,37.0,1,249.72
p1_N1_S1.9,90.0,22.1,1.0,1,205.78
p1_N2_S2.7,70.0,44.64,29.0,1,236.57
p1_S2_N2.9,90.0,23.88,6.0,1,204.64
p1_N1_S1.10,100.0,15.06,0.0,0,195.88
p1_N2_S2.8,80.0,35.05,21.0,1,226.69
p1_S2_N2.10,100.0,11.09,0.0,0,179.0
p1_E_N1.2,61.0,27.57,16.0,1,236.19
p1_E_W.9,65.0,30.47,14.0,1,246.15
p1_S2_N2.11,110.0,7.55,0.0,0,164.18
p1_E_W.10,72.0,25.69,13.0,1,248.36
p1_W_E.16,54.0,45.14,17.0,1,281.21
p1_E_W.11,80.0,19.52,7.0,1,231.92
p1_E_W.12,87.0,14.76,1.0,1,226.25
p1_W_E.17,57.0,38.92,15.0,1,272.19
p1_W_E.18,59.0,46.17,15.0,1,293.12
p1_E_N1.3,90.0,12.22,0.0,0,228.89
p1_W_E.19,63.0,34.21,14.0,1,267.54
p1_W_S2.2,69.0,40.96,13.0,1,284.25
p1_W_E.20,66.0,43.22,13.0,1,285.36
p1_W_E.21,72.0,41.28,12.0,1,295.65
p1_W_E.22,75.0,40.05,12.0,1,295.61
p1_W_E.23,78.0,38.7,13.0,1,308.14
p1_W_E.24,81.0,31.82,11.0,1,250.46
p1_W_E.25,84.0,37.91,11.0,1,254.17
p1_S1_E.2,63.0,60.62,34.0,2,325.79
p1_N2_W.1,33.0,60.7,47.0,1,304.53
p1_W_E.26,87.0,38.44,17.0,1,287.46
p1_W_E.27,90.0,34.51,16.0,1,272.27
p1_N2_W.2,63.0,64.36,34.0,1,302.28
p1_W_E.28,93.0,32.3,14.0,1,274.96
p1_E_W.13,94.0,35.2,14.0,1,264.29
p1_W_E.29,96.0,34.65,12.0,1,292.57
p1_E_W.14,101.0,29.93,10.0,1,264.73
p1_E_W.15,108.0,24.74,3.0,1,257.12
p1_E_W.16,116.0,18.52,0.0,0,244.29
p1_W_E.30,99.0,22.08,6.0,1,238.89
p1_W_S2.3,102.0,26.23,5.0,1,243.44
p1_N1_S1.11,110.0,48.26,37.0,1,223.9
p1_N1_S1.12,120.0,40.31,27.0,1,223.74
p1_S1_N1.10,100.0,59.28,40.0,1,254.44
p1_N1_S1.13,130.0,32.14,20.0,1,200.68
p1_N1_S1.14,140.0,23.97,12.0,1,200.5
p1_W_E.31,105.0,17.81,3.0,1,226.95
p1_N2_S2.9,90.0,78.25,60.0,2,291.8
p1_W_E.32,108.0,38.63,1.0,1,254.96
p1_S2_N2.12,120.0,48.41,36.0,1,233.06
p1_S1_N1.11,110.0,46.09,36.0,1,230.93
p1_W_E.33,111.0,23.17,1.0,1,251.64
p1_S1_N1.12,120.0,50.73,31.0,1,246.31
p1_N1_S1.15,150.0,11.89,0.0,0,173.59
p1_S2_N2.13,130.0,40.02,28.0,1,224.5
p1_N1_S1.16,160.0,11.75,0.0,0,172.41
p1_N2_S2.10,100.0,72.46,51.0,2,276.84
p1_W_E.34,114.0,36.3,0.0,0,264.48
p1_S1_N1.13,130.0,42.45,26.0,1,230.06
p1_N2_S2.11,110.0,63.88,45.0,1,261.18
p1_S2_N2.14,140.0,30.83,19.0,1,199.73
p1_S2_N2.15,150.0,22.36,11.0,1,192.35
p1_N2_S2.12,120.0,54.53,41.0,1,242.0
p1_E_N1.4,120.0,27.75,16.0,1,238.94
p1_E_W.17,123.0,29.76,16.0,1,247.59
p1_S2_N2.16,160.0,12.11,0.0,0,169.49
p1_E_W.18,130.0,30.3,14.0,1,252.77
p1_N2_S2.13,130.0,52.17,36.0,1,242.8
p1_S2_N2.17,170.0,12.64,0.0,0,188.29
p1_E_W.19,137.0,24.98,8.0,1,256.23
p1_S2_N2.18,180.0,5.67,0.0,0,154.65
p1_E_W.20,144.0,8.97,0.0,0,208.71
p1_E_N1.5,150.0,11.07,0.0,0,221.59
p1_E_W.21,153.0,15.98,0.0,0,241.6
p1_N2_S2.14,140.0,37.88,23.0,1,219.43
p1_N2_W.3,93.0,78.21,55.0,2,331.19
p1_N2_S2.15,150.0,38.52,19.0,1,219.75
p1_W_E.35,117.0,47.06,21.0,1,293.91
p1_W_E.36,120.0,54.75,21.0,1,297.71
p1_W_E.37,123.0,49.99,20.0,1,315.86
p1_W_E.38,126.0,52.26,19.0,1,320.65
p1_W_E.39,129.0,43.47,18.0,1,300.17
p1_W_E.40,132.0,47.37,18.0,1,308.13
p1_W_S2.4,135.0,48.36,17.0,1,307.54
p1_W_E.41,138.0,45.77,16.0,1,307.78
p1_S1_N1.14,140.0,69.49,49.0,2,280.83
p1_W_E.42,141.0,40.06,16.0,1,274.22
p1_S1_N1.15,150.0,60.1,39.0,2,259.5
p1_N1_S1.17,170.0,37.22,27.0,1,217.7
p1_W_E.43,144.0,45.56,16.0,1,290.27
p1_N1_S1.18,180.0,29.34,18.0,1,203.32
p1_S1_E.3,93.0,99.22,60.0,3,383.53
p1_S1_N1.16,160.0,55.89,33.0,2,247.2
p1_S1_E.4,123.0,68.85,44.0,2,343.92
p1_S1_N1.17,170.0,48.17,30.0,1,233.65
p1_N1_S1.19,190.0,19.65,8.0,1,183.77
p1_W_E.44,147.0,43.59,20.0,2,287.06
p1_N1_S1.20,200.0,19.69,2.0,1,185.6
p1_W_E.45,150.0,49.11,19.0,2,308.82
p1_S1_N1.18,180.0,40.07,26.0,1,221.87
p1_N1_S1.21,210.0,11.39,0.0,0,178.54
p1_W_E.46,153.0,47.83,18.0,2,302.77
p1_W_E.47,156.0,46.62,15.0,2,309.39
p1_W_E.48,159.0,37.75,13.0,2,265.92
p1_S2_N2.19,190.0,39.41,28.0,1,221.55
p1_N2_W.4,123.0,76.47,55.0,2,335.29
p1_N2_S2.16,160.0,71.41,48.0,2,277.29
p1_S2_N2.20,200.0,31.25,21.0,1,210.78
p1_E_W.22,159.0,50.9,31.0,2,303.86
p1_N2_S2.17,170.0,63.29,40.0,2,264.95
p1_S2_N2.21,210.0,23.08,11.0,1,198.36
p1_E_W.23,166.0,40.65,23.0,2,287.57
p1_E_W.24,173.0,41.58,17.0,2,297.36
p1_N2_S2.18,180.0,55.84,35.0,2,246.89
p1_S2_N2.22,220.0,13.75,2.0,1,186.23
p1_S2_N2.23,230.0,7.52,0.0,0,169.34
p1_E_W.25,180.0,29.19,8.0,2,266.1
p1_E_W.26,188.0,31.1,4.0,1,268.68
p1_E_N1.6,183.0,28.89,6.0,2,266.71
p1_E_W.27,195.0,25.97,4.0,1,253.22
p1_N2_S2.19,190.0,50.34,33.0,1,234.19
p1_N2_S2.20,200.0,43.08,27.0,1,236.05
p1_S2_N2.24,240.0,5.17,0.0,0,150.59
p1_E_N1.7,212.0,14.97,0.0,0,219.1
p1_E_W.28,202.0,10.18,0.0,0,210.1
p1_W_E.49,162.0,68.82,32.0,3,332.68
p1_N2_S2.21,210.0,28.77,14.0,1,204.55
p1_E_W.29,209.0,22.49,0.0,0,226.73
p1_W_E.50,165.0,66.49,32.0,3,329.3
p1_E_W.30,216.0,17.09,0.0,0,235.77
p1_W_S2.5,168.0,66.57,28.0,3,336.03
p1_N2_W.5,153.0,81.97,56.0,2,346.04
p1_W_E.51,171.0,65.91,27.0,3,327.88
p1_W_E.52,174.0,59.72,21.0,2,314.9
p1_W_E.53,177.0,61.72,19.0,3,323.46
p1_S1_N1.19,190.0,75.44,54.0,2,284.55
p1_N1_S1.22,220.0,45.42,34.0,1,228.39
p1_W_E.54,180.0,65.05,19.0,2,331.61
p1_S1_N1.20,200.0,67.36,46.0,2,274.31
p1_W_E.55,183.0,60.99,16.0,1,338.02
p1_S1_N1.21,210.0,59.26,37.0,2,258.17
p1_N1_S1.23,230.0,35.68,25.0,1,212.76
p1_W_E.56,186.0,60.81,16.0,1,339.23
p1_W_E.57,189.0,61.09,16.0,1,340.07
p1_N1_S1.24,240.0,29.56,15.0,1,208.91
p1_S1_E.5,153.0,98.87,52.0,3,394.61
p1_N1_S1.25,250.0,23.11,8.0,1,203.23
p1_S1_N1.22,220.0,54.1,33.0,1,249.57
p1_S1_N1.23,230.0,45.81,32.0,1,234.47
p1_S1_N1.24,240.0,37.67,23.0,1,219.99
p1_N1_S1.26,260.0,9.01,0.0,0,167.3
p1_S1_E.6,183.0,60.35,35.0,3,309.57
p1_N1_S1.27,270.0,10.26,0.0,0,158.67
p1_W_E.58,192.0,63.02,31.0,2,339.46
p1_W_E.59,195.0,61.28,29.0,2,324.5
p1_W_S2.6,201.0,58.32,26.0,2,322.49
p1_N2_W.6,183.0,76.58,49.0,2,330.12
p1_N2_W.7,213.0,51.06,20.0,2,306.97
p1_W_E.60,198.0,49.29,27.0,2,291.71
p1_E_W.31,224.0,43.68,25.0,2,295.45
p1_W_E.61,204.0,64.49,24.0,2,326.24
p1_W_E.62,207.0,63.16,24.0,2,329.0
p1_E_W.32,231.0,34.44,16.0,2,273.63
p1_W_E.63,210.0,61.85,22.0,3,340.55
p1_E_W.33,238.0,33.24,10.0,2,287.73
p1_W_E.64,213.0,50.28,20.0,3,307.78
p1_E_N1.8,241.0,30.28,7.0,2,267.15
p1_W_E.65,216.0,48.18,21.0,3,292.43
p1_E_W.34,245.0,30.34,3.0,2,272.45
p1_W_E.66,219.0,56.12,19.0,2,301.76
p1_W_E.67,222.0,57.23,17.0,2,319.35
p1_E_W.35,252.0,21.58,1.0,1,249.18
p1_W_E.68,225.0,55.99,16.0,2,322.52
p1_E_W.36,260.0,16.95,0.0,0,230.03
p1_W_E.69,228.0,54.67,16.0,2,326.64
p1_E_W.37,267.0,15.68,0.0,0,243.97
p1_W_E.70,231.0,53.51,15.0,2,327.48
p1_W_S2.7,234.0,45.5,12.0,2,295.88
p1_S2_N2.25,250.0,60.65,48.0,1,255.83
p1_E_W.38,274.0,17.07,0.0,0,235.59
p1_S2_N2.26,260.0,51.64,40.0,1,237.41
p1_N2_S2.22,220.0,87.42,67.0,2,298.79
p1_E_N1.9,270.0,10.27,0.0,0,208.21
p1_S2_N2.27,270.0,42.31,30.0,1,225.19
p1_E_W.39,281.0,8.09,0.0,0,200.51
p1_N2_S2.23,230.0,77.39,57.0,2,284.44
p1_S2_N2.28,280.0,37.92,24.0,1,221.81
p1_S2_N2.29,290.0,29.52,15.0,1,211.48
p1_S2_N2.30,300.0,20.34,8.0,1,208.1
p1_N2_S2.24,240.0,67.4,55.0,1,249.17
p1_N1_S1.28,280.0,39.61,29.0,1,215.43
p1_S2_N2.31,310.0,9.78,0.0,0,175.52
p1_N2_S2.25,250.0,74.7,53.0,1,275.39
p1_N1_S1.29,290.0,34.9,23.0,1,224.54
p1_S2_N2.32,320.0,5.62,0.0,0,149.91
p1_N2_S2.26,260.0,66.38,47.0,1,274.24
p1_N1_S1.30,300.0,25.56,13.0,1,210.67
p1_S1_N1.25,250.0,70.95,48.0,2,270.62
p1_S1_N1.26,260.0,68.62,43.0,2,273.07
p1_N2_S2.27,270.0,54.91,38.0,1,251.05
p1_N1_S1.31,310.0,18.52,5.0,1,204.74
p1_S1_N1.27,270.0,60.34,34.0,1,263.39
p1_N2_S2.28,280.0,50.07,32.0,1,239.78
p1_N1_S1.32,320.0,10.27,0.0,0,194.34
p1_W_E.71,237.0,72.35,34.0,3,334.91
p1_S1_N1.28,280.0,52.8,32.0,1,241.26
p1_S1_N1.29,290.0,46.53,30.0,1,234.12
p1_S1_N1.30,300.0,36.17,21.0,1,216.41
p1_W_E.72,240.0,69.95,30.0,3,327.36
p1_W_E.73,243.0,76.08,28.0,2,354.7
p1_N1_S1.33,330.0,5.98,0.0,0,152.21
p1_S1_E.7,213.0,107.7,57.0,4,430.38
p1_W_E.74,246.0,76.55,35.0,3,385.32
p1_E_W.40,288.0,33.58,22.0,1,265.52
p1_W_E.75,249.0,71.26,33.0,2,370.31
p1_E_W.41,296.0,28.78,16.0,1,244.88
p1_W_E.76,252.0,74.12,33.0,2,373.96
p1_W_E.77,255.0,72.83,33.0,2,354.97
p1_N2_W.8,243.0,80.39,53.0,1,339.55
p1_N2_W.9,273.0,55.99,36.0,1,307.65
p1_W_E.78,258.0,66.25,32.0,2,328.64
p1_W_E.79,261.0,63.61,31.0,2,311.78
p1_W_E.80,264.0,65.1,29.0,2,329.58
p1_E_N1.10,300.0,35.63,23.0,1,275.13
p1_W_S2.8,267.0,65.47,28.0,2,331.67
p1_E_W.42,303.0,34.42,22.0,1,271.35
p1_W_E.81,270.0,64.23,29.0,2,324.76
p1_E_W.43,310.0,27.61,15.0,1,251.84
p1_W_E.82,273.0,69.32,29.0,2,343.04
p1_E_W.44,317.0,25.29,9.0,1,263.99
p1_E_W.45,324.0,20.0,6.0,1,250.98
p1_W_E.83,276.0,58.4,26.0,2,327.11
p1_W_E.84,279.0,68.51,24.0,2,334.42
p1_W_E.85,282.0,56.21,24.0,2,325.63
p1_E_W.46,333.0,17.38,0.0,0,244.57
p1_W_E.86,285.0,56.17,22.0,2,312.73
p1_E_N1.11,330.0,11.96,0.0,0,226.14
p1_E_W.47,339.0,13.66,0.0,0,231.61
p1_W_E.87,288.0,57.66,20.0,2,308.7
p1_E_W.48,346.0,8.48,0.0,0,207.17
p1_W_E.88,291.0,59.18,18.0,2,322.22
p1_W_E.89,294.0,62.02,17.0,3,349.24
p1_S1_E.8,243.0,108.84,69.0,3,413.31
p1_S1_E.9,273.0,83.11,44.0,2,367.64
p1_S1_E.10,303.0,50.28,20.0,2,315.85
p1_S2_N2.33,330.0,56.25,45.0,1,248.04
p1_S1_N1.31,310.0,77.66,57.0,2,276.03
p1_N1_S1.34,340.0,47.64,36.0,1,238.08
p1_S1_N1.32,320.0,69.13,47.0,2,271.26
p1_N1_S1.35,350.0,39.48,28.0,1,221.34
p1_S1_N1.33,330.0,61.38,40.0,1,255.23
p1_S2_N2.34,340.0,45.56,32.0,1,226.48
p1_N1_S1.36,360.0,29.72,18.0,1,206.03
p1_S2_N2.35,350.0,42.87,28.0,1,228.26
p1_S2_N2.36,360.0,34.56,20.0,1,225.53
p1_N2_S2.29,290.0,89.44,70.0,2,295.43
p1_N2_S2.30,300.0,88.62,64.0,2,297.71
p1_N1_S1.37,370.0,19.9,8.0,1,180.43
p1_S2_N2.37,370.0,21.88,9.0,1,188.26
p1_N2_S2.31,310.0,89.39,59.0,2,311.58
p1_S1_N1.34,340.0,54.24,38.0,1,225.92
p1_N1_S1.38,380.0,18.97,2.0,1,193.01
p1_N1_S1.39,390.0,5.88,0.0,0,158.22
p1_N2_S2.32,320.0,81.25,49.0,2,293.26
p1_S1_N1.35,350.0,49.31,34.0,1,234.42
p1_N2_S2.33,330.0,72.88,48.0,1,279.84
p1_S2_N2.38,380.0,10.44,0.0,0,168.48
p1_N2_S2.34,340.0,64.63,45.0,1,272.64
p1_S2_N2.39,390.0,13.23,0.0,0,168.78
p1_N1_S1.40,400.0,5.44,0.0,0,150.19
p1_N2_S2.35,350.0,56.39,38.0,1,258.86
p1_S1_N1.36,360.0,33.51,20.0,1,207.16
p1_N2_S2.36,360.0,46.52,31.0,1,241.18
p1_S1_N1.37,370.0,38.58,19.0,1,230.12
p1_E_N1.12,363.0,30.65,11.0,1,246.05
p1_W_S2.9,300.0,94.6,46.0,2,366.2
p1_E_W.49,353.0,25.24,14.0,1,239.04
p1_E_W.50,360.0,36.49,12.0,1,268.22
p1_E_W.51,368.0,30.23,11.0,1,255.52
p1_E_W.52,375.0,24.99,7.0,1,237.98
p1_N2_W.10,303.0,98.8,63.0,2,372.01
p1_W_E.90,297.0,80.2,48.0,2,356.82
p1_N2_W.11,333.0,70.07,47.0,1,306.12
p1_W_E.91,303.0,99.88,45.0,2,388.97
p1_W_E.92,306.0,85.65,43.0,2,357.29
p1_W_E.93,308.0,100.12,42.0,2,385.97
p1_W_E.94,312.0,97.92,42.0,2,385.84
p1_N2_W.12,363.0,45.85,28.0,1,285.46
p1_W_E.95,315.0,90.42,40.0,2,389.55
p1_W_E.96,318.0,87.39,38.0,2,380.87
p1_W_E.97,321.0,93.66,38.0,2,380.96
p1_W_S2.10,333.0,84.09,36.0,2,361.92
p1_W_E.98,324.0,88.5,38.0,2,381.58
p1_W_E.99,327.0,92.01,37.0,2,387.03
p1_W_E.100,330.0,90.81,36.0,2,393.36
p1_W_E.101,336.0,86.5,35.0,2,383.88
p1_W_E.102,339.0,80.04,34.0,2,364.11
p1_W_E.103,342.0,84.16,31.0,2,375.96
p1_E_W.53,382.0,27.28,16.0,1,243.22
p1_W_E.104,345.0,82.94,31.0,2,377.84
p1_E_W.54,389.0,38.83,14.0,1,266.28
p1_S1_E.11,333.0,96.18,57.0,2,392.49
p1_E_N1.13,392.0,25.11,10.0,1,246.67
p1_S1_E.12,363.0,68.33,33.0,2,350.18
p1_N1_S1.41,410.0,43.39,32.0,1,227.13
p1_W_E.105,348.0,85.07,43.0,3,392.42
p1_S1_N1.38,380.0,73.96,53.0,2,271.12
p1_S1_N1.39,390.0,65.61,44.0,2,263.61
p1_W_E.106,352.0,79.52,37.0,3,361.81
p1_N1_S1.42,420.0,36.24,23.0,1,212.47
p1_W_E.107,355.0,79.76,36.0,3,375.67
p1_N1_S1.43,430.0,27.96,17.0,1,204.83
p1_W_E.108,358.0,80.62,36.0,3,373.31
p1_N1_S1.44,440.0,19.83,7.0,1,190.92
p1_S1_N1.40,400.0,58.83,39.0,1,251.29
p1_S1_N1.41,410.0,53.27,38.0,1,243.3
p1_N1_S1.45,450.0,10.55,0.0,0,169.66
p1_S1_N1.42,420.0,45.01,31.0,1,231.6
p1_N1_S1.46,460.0,5.46,0.0,0,151.37
p1_S2_N2.40,400.0,55.63,44.0,1,234.26
p1_S2_N2.41,410.0,55.35,40.0,1,251.29
p1_N2_S2.37,370.0,83.22,67.0,2,292.22
p1_S2_N2.42,420.0,52.39,34.0,1,247.44
p1_S2_N2.43,430.0,40.2,24.0,1,232.12
p1_N2_S2.38,380.0,95.06,66.0,2,309.01
p1_S2_N2.44,440.0,35.85,18.0,1,226.02
p1_N2_S2.39,390.0,86.9,55.0,2,305.61
p1_E_W.55,396.0,43.78,26.0,2,276.46
p1_N2_S2.40,400.0,75.55,47.0,1,299.46
p1_S2_N2.45,450.0,26.36,9.0,1,212.25
p1_E_W.56,404.0,44.43,22.0,2,303.39
p1_N2_S2.41,410.0,70.44,46.0,1,272.62
p1_E_W.57,411.0,48.02,18.0,1,323.36
p1_S2_N2.46,460.0,20.0,0.0,0,200.92
p1_S2_N2.47,470.0,11.75,0.0,0,176.72
p1_E_W.58,418.0,42.78,17.0,1,315.74
p1_N2_S2.42,420.0,62.18,39.0,1,272.12
p1_E_N1.14,421.0,34.18,16.0,1,264.02
p1_E_W.59,425.0,37.48,15.0,1,280.56
p1_E_W.60,432.0,29.53,13.0,1,255.95
p1_N2_S2.43,430.0,46.57,28.0,1,225.49
p1_W_E.109,361.0,108.1,57.0,4,415.25
p1_N2_S2.44,440.0,50.08,25.0,1,247.62
p1_N2_W.13,393.0,75.21,50.0,2,323.28
p1_W_E.110,364.0,97.31,52.0,4,383.58
p1_W_E.111,370.0,108.87,45.0,4,402.04
p1_W_S2.11,367.0,96.61,49.0,4,387.15
p1_W_E.112,373.0,89.27,40.0,3,366.32
p1_N1_S1.47,470.0,38.74,28.0,1,215.41
p1_W_E.113,376.0,112.87,40.0,3,374.57
p1_N1_S1.48,480.0,31.42,21.0,1,208.64
p1_W_E.114,379.0,111.79,41.0,3,385.38
p1_N1_S1.49,490.0,23.18,11.0,1,204.15
p1_W_E.115,382.0,110.56,39.0,3,391.26
p1_S1_N1.43,430.0,75.86,55.0,2,274.76
p1_S1_N1.44,440.0,71.84,49.0,2,285.38
p1_N1_S1.50,500.0,15.0,3.0,1,187.33
p1_W_E.116,385.0,109.21,36.0,4,406.81
p1_W_E.117,388.0,107.93,36.0,4,403.88
p1_S1_N1.45,450.0,67.31,41.0,2,280.02
p1_N1_S1.51,510.0,6.97,0.0,0,163.71
p1_W_S2.12,401.0,95.45,34.0,3,364.61
p1_W_E.118,391.0,104.8,36.0,2,400.86
p1_S1_N1.46,460.0,58.93,33.0,1,272.41
p1_S1_N1.47,470.0,50.56,32.0,1,235.68
p1_W_E.119,394.0,103.38,34.0,3,398.3
p1_W_E.120,398.0,93.81,35.0,2,391.32
p1_W_E.121,404.0,99.49,31.0,2,381.6
p1_S1_E.13,393.0,107.05,59.0,2,407.92
p1_S1_N1.48,480.0,35.84,22.0,1,213.91
p1_S1_E.14,423.0,84.04,46.0,2,375.4
p1_N1_S1.52,520.0,5.95,0.0,0,153.27
p1_S1_N1.49,490.0,39.08,21.0,1,236.49
p1_W_E.122,407.0,97.39,49.0,3,412.22
p1_W_E.123,410.0,93.53,49.0,3,390.24
p1_S2_N2.48,480.0,51.94,42.0,1,232.63
p1_S2_N2.49,490.0,43.74,31.0,1,222.73
p1_N2_S2.45,450.0,78.28,59.0,2,284.89
p1_N2_W.14,423.0,75.39,53.0,2,333.73
p1_E_N1.15,450.0,68.4,32.0,2,314.27
p1_N2_S2.46,460.0,73.45,49.0,2,284.26
p1_S2_N2.50,500.0,34.5,21.0,1,204.54
p1_S2_N2.51,510.0,33.38,18.0,1,216.93
p1_N2_S2.47,470.0,74.05,43.0,2,292.06
p1_N2_S2.48,480.0,65.78,40.0,1,267.1
p1_E_W.61,440.0,53.65,37.0,2,299.46
p1_N2_S2.49,490.0,57.44,39.0,1,254.44
p1_S2_N2.52,520.0,17.25,6.0,1,183.59
p1_E_W.62,447.0,79.83,34.0,2,328.94
p1_S2_N2.53,530.0,18.96,1.0,1,188.41
p1_E_W.63,454.0,74.53,30.0,2,344.74
p1_N2_S2.50,500.0,46.04,32.0,1,229.8
p1_S2_N2.54,540.0,10.28,0.0,0,163.71
p1_N2_S2.51,510.0,37.56,23.0,1,219.93
p1_E_W.64,461.0,69.27,28.0,2,349.75
p1_E_N1.16,480.0,47.39,12.0,2,294.86
p1_E_W.65,468.0,63.99,22.0,2,331.73
p1_N2_S2.52,520.0,33.82,16.0,1,219.96
p1_E_W.66,476.0,57.74,16.0,2,321.01
p1_E_W.67,483.0,42.8,11.0,2,299.01
p1_E_W.68,490.0,47.6,6.0,2,301.76
p1_E_N1.17,510.0,28.99,0.0,0,252.86
p1_N2_S2.53,530.0,22.98,8.0,1,191.5
p1_E_W.69,497.0,42.37,2.0,1,305.31
p1_E_W.70,504.0,37.12,2.0,1,298.5
p1_E_W.71,513.0,29.91,1.0,1,249.42
p1_W_E.124,413.0,118.23,72.0,4,431.11
p1_E_W.72,519.0,23.42,0.0,0,247.64
p1_W_E.125,416.0,130.15,71.0,4,438.22
p1_W_E.126,419.0,128.97,70.0,5,452.19
p1_N1_S1.53,530.0,40.0,29.0,1,223.26
p1_W_E.127,422.0,127.67,65.0,4,456.69
p1_S1_N1.50,500.0,67.47,49.0,2,268.65
p1_S1_N1.51,510.0,65.34,43.0,2,287.09
p1_W_E.128,425.0,111.85,63.0,4,410.77
p1_W_E.129,428.0,129.03,64.0,4,418.91
p1_S1_N1.52,520.0,54.49,36.0,1,243.43
p1_W_E.130,431.0,118.92,64.0,4,421.01
p1_W_S2.13,434.0,116.29,59.0,4,403.76
p1_S1_N1.53,530.0,51.29,36.0,1,244.74
p1_W_E.131,437.0,114.81,56.0,4,404.03
p1_S1_N1.54,540.0,42.86,27.0,1,238.2
p1_W_E.132,440.0,122.02,55.0,4,414.62
p1_N1_S1.54,540.0,22.88,12.0,1,193.25
p1_W_E.133,443.0,121.16,52.0,4,421.57
p1_N1_S1.55,550.0,35.64,10.0,1,204.53
p1_S1_N1.55,550.0,36.28,21.0,1,219.34
p1_W_E.134,446.0,115.24,48.0,4,417.03
p1_N1_S1.56,560.0,21.38,1.0,1,192.01
p1_S1_N1.56,560.0,28.17,11.0,1,214.72
p1_W_E.135,449.0,118.86,49.0,5,423.94
p1_N1_S1.57,570.0,7.34,0.0,0,152.27
p1_W_E.136,453.0,116.66,46.0,5,431.84
p1_N1_S1.58,580.0,11.31,0.0,0,164.98
p1_W_E.137,456.0,113.96,46.0,6,424.18
p1_S1_E.15,453.0,120.12,58.0,4,418.3
p1_N2_W.15,453.0,113.9,80.0,3,406.67
p1_S1_E.16,483.0,84.49,40.0,2,341.88
p1_N2_W.16,483.0,93.69,62.0,2,373.81
p1_N2_W.17,513.0,65.09,38.0,2,340.7
p1_E_W.73,526.0,52.5,32.0,2,300.11
p1_W_S2.14,468.0,113.88,44.0,3,398.78
p1_E_W.74,533.0,48.87,27.0,2,300.52
p1_E_W.75,540.0,37.76,17.0,2,276.81
p1_E_N1.18,543.0,41.6,14.0,2,300.8
p1_W_E.138,459.0,99.2,50.0,4,381.76
p1_W_E.139,462.0,114.72,46.0,3,391.83
p1_E_W.76,548.0,37.66,10.0,2,289.67
p1_E_W.77,555.0,34.95,6.0,2,287.07
p1_W_E.140,465.0,125.25,48.0,4,414.32
p1_W_E.141,471.0,120.46,42.0,3,407.76
p1_E_W.78,562.0,25.37,2.0,1,259.22
p1_W_E.142,474.0,119.69,43.0,3,415.72
p1_W_E.143,477.0,109.37,44.0,3,413.67
p1_E_W.79,569.0,18.1,2.0,1,239.53
p1_W_E.144,480.0,110.57,43.0,3,418.68
p1_W_E.145,483.0,116.33,41.0,3,413.99
p1_E_N1.19,572.0,19.21,0.0,0,240.37
p1_E_W.80,576.0,23.42,0.0,0,251.52
p1_S2_N2.55,550.0,66.8,56.0,1,256.75
p1_W_E.146,486.0,106.1,40.0,3,404.61
p1_N2_S2.54,540.0,75.45,55.0,1,279.63
p1_E_W.81,584.0,14.49,0.0,0,231.07
p1_S2_N2.56,560.0,64.27,49.0,1,270.5
p1_N2_S2.55,550.0,71.24,54.0,1,266.21
p1_E_W.82,591.0,7.91,0.0,0,209.55
p1_E_W.83,598.0,9.16,0.0,0,208.66
p1_S2_N2.57,570.0,48.74,37.0,1,222.13
p1_S2_N2.58,580.0,50.95,32.0,1,244.11
p1_S2_N2.59,590.0,41.48,24.0,1,233.06
p1_E_N1.20,601.0,9.36,0.0,0,213.15
p1_N2_S2.56,560.0,57.66,46.0,1,236.49
p1_S2_N2.60,600.0,33.42,16.0,1,220.62
p1_E_W.84,605.0,7.44,0.0,0,198.82
p1_N2_S2.57,570.0,65.57,45.0,1,265.05
p1_N2_S2.58,580.0,57.54,38.0,1,264.5
p1_S2_N2.61,610.0,16.22,4.0,1,176.64
p1_N2_S2.59,590.0,43.54,27.0,1,237.53
p1_S2_N2.62,620.0,14.21,0.0,0,181.77
p1_N2_S2.60,600.0,30.54,16.0,1,206.42
p1_N2_W.18,543.0,79.19,55.0,1,332.81
p1_W_E.147,489.0,124.47,60.0,4,425.66
p1_W_E.148,492.0,135.1,58.0,4,432.31
p1_W_E.149,495.0,133.9,56.0,4,440.76
p1_W_E.150,498.0,132.62,52.0,4,446.89
p1_N1_S1.59,590.0,62.05,50.0,1,248.86
p1_W_E.151,504.0,128.77,50.0,4,419.68
p1_S1_N1.57,570.0,80.05,58.0,2,294.02
p1_S1_N1.58,580.0,76.58,56.0,1,275.15
p1_N1_S1.60,600.0,52.05,39.0,1,234.8
p1_W_S2.15,501.0,121.36,50.0,4,414.52
p1_N1_S1.61,610.0,47.71,33.0,1,240.64
p1_W_E.152,507.0,122.61,48.0,5,409.68
p1_N1_S1.62,620.0,39.42,25.0,1,238.09
p1_S1_E.17,513.0,118.35,67.0,4,406.12
p1_S1_N1.59,590.0,67.21,54.0,1,258.46
p1_N1_S1.63,630.0,30.55,17.0,1,221.68
p1_S1_E.18,543.0,91.62,49.0,3,356.24
p1_S1_N1.60,600.0,62.06,46.0,1,253.62
p1_W_E.153,510.0,132.65,55.0,5,459.01
p1_W_E.154,513.0,128.1,54.0,5,444.89
p1_S1_N1.61,610.0,54.2,40.0,1,241.87
p1_W_E.155,516.0,130.17,58.0,5,459.44
p1_S1_N1.62,620.0,47.7,30.0,1,233.96
p1_N1_S1.64,640.0,16.39,4.0,1,175.58
p1_S1_N1.63,630.0,38.1,21.0,1,217.11
p1_N1_S1.65,650.0,12.54,0.0,0,178.51
p1_W_E.156,519.0,121.96,53.0,5,440.51
p1_N1_S1.66,660.0,7.76,0.0,0,160.11
p1_W_E.157,522.0,128.43,51.0,5,448.53
p1_W_E.158,525.0,127.05,47.0,5,467.3
p1_S1_N1.64,640.0,33.52,17.0,1,224.62
p1_W_E.159,528.0,123.17,44.0,4,464.38
p1_W_E.160,531.0,124.61,44.0,3,466.91
p1_N2_W.19,573.0,81.57,62.0,2,356.83
p1_N2_S2.61,610.0,72.35,49.0,2,269.5
p1_S2_N2.63,630.0,47.54,38.0,1,228.73
p1_E_W.85,612.0,43.74,25.0,2,282.83
p1_S2_N2.64,640.0,44.84,31.0,1,224.43
p1_E_W.86,620.0,44.91,22.0,2,292.55
p1_N2_S2.62,620.0,62.68,40.0,2,256.81
p1_N2_S2.63,630.0,57.69,35.0,1,251.07
p1_E_W.87,627.0,36.01,13.0,2,278.9
p1_E_N1.21,630.0,37.27,12.0,2,275.94
p1_S2_N2.65,650.0,29.16,18.0,1,194.75
p1_N2_S2.64,640.0,50.2,33.0,1,228.5
p1_S2_N2.66,660.0,28.58,14.0,1,205.59
p1_N2_S2.65,650.0,41.93,29.0,1,223.96
p1_S2_N2.67,670.0,17.21,3.0,1,185.05
p1_N2_S2.66,660.0,33.92,20.0,1,211.91
p1_S2_N2.68,680.0,8.59,0.0,0,163.32
p1_E_N1.22,660.0,16.05,0.0,0,233.25
p1_E_W.88,634.0,12.02,0.0,0,224.06
p1_W_S2.16,534.0,143.96,62.0,5,481.08
p1_W_E.161,537.0,147.27,62.0,4,489.48
p1_E_W.89,641.0,43.68,0.0,0,247.8
p1_W_E.162,540.0,146.31,61.0,4,486.05
p1_E_W.90,648.0,37.44,0.0,0,251.37
p1_W_E.163,543.0,144.97,62.0,4,460.91
p1_E_W.91,656.0,32.3,0.0,0,253.6
p1_E_W.92,663.0,23.56,0.0,0,253.39
p1_S1_N1.65,650.0,62.25,41.0,2,272.09
p1_N2_W.20,603.0,88.89,52.0,2,360.71
p1_W_E.164,546.0,137.36,58.0,4,440.54
p1_S1_N1.66,660.0,54.23,31.0,1,258.55
p1_W_E.165,549.0,142.94,52.0,6,442.13
p1_W_E.166,552.0,144.24,55.0,4,451.56
p1_S1_N1.67,670.0,48.14,31.0,1,231.6
p1_N1_S1.67,670.0,36.5,26.0,1,216.01
p1_S1_N1.68,680.0,39.88,28.0,1,216.28
p1_N1_S1.68,680.0,41.01,23.0,1,223.43
p1_N1_S1.69,690.0,28.52,13.0,1,211.63
p1_S1_N1.69,690.0,32.41,19.0,1,211.46
p1_N1_S1.70,700.0,24.28,6.0,1,214.5
p1_N1_S1.71,710.0,16.17,0.0,0,185.37
p1_W_E.167,555.0,124.41,52.0,6,401.18
p1_N1_S1.72,720.0,7.92,0.0,0,160.51
p1_W_E.168,558.0,138.54,50.0,5,426.75
p1_S1_N1.70,700.0,28.85,12.0,1,216.48
p1_W_E.169,561.0,148.47,51.0,7,449.69
p1_W_E.170,564.0,140.47,48.0,5,462.59
p1_W_S2.17,567.0,126.56,49.0,5,432.07
p1_W_E.171,570.0,138.19,46.0,5,455.85
p1_N2_W.21,633.0,80.64,55.0,2,354.29
p1_W_E.172,573.0,141.64,45.0,4,469.0
p1_S1_N1.71,710.0,14.7,0.0,0,180.07
p1_S1_E.19,573.0,143.36,81.0,5,476.57
p1_S1_E.20,603.0,111.87,63.0,4,417.56
p1_S1_E.21,633.0,86.9,33.0,3,386.84
p1_W_E.173,576.0,145.69,59.0,4,481.94
p1_N2_W.22,663.0,43.65,21.0,2,286.75
p1_W_E.174,579.0,135.88,58.0,4,445.07
p1_E_W.93,670.0,53.55,29.0,2,297.29
p1_W_E.175,582.0,143.55,56.0,6,439.45
p1_E_W.94,677.0,48.3,22.0,2,297.67
p1_E_N1.23,690.0,35.01,10.0,2,279.04
p1_E_W.95,684.0,42.99,17.0,2,309.14
p1_W_E.176,586.0,141.38,56.0,5,462.9
p1_W_E.177,589.0,126.62,54.0,5,429.34
p1_W_E.178,592.0,134.12,53.0,6,434.33
p1_E_W.96,693.0,26.28,6.0,2,260.71
p1_E_W.97,699.0,31.12,1.0,1,278.34
p1_W_E.179,595.0,138.8,51.0,5,447.69
p1_E_W.98,706.0,19.35,0.0,0,230.32
p1_W_E.180,598.0,137.59,48.0,4,434.96
p1_N2_S2.67,670.0,85.9,65.0,2,298.98
p1_N2_S2.68,680.0,78.52,58.0,2,291.93
p1_E_W.99,713.0,22.47,0.0,0,243.84
p1_E_N1.24,723.0,13.95,0.0,0,227.47
p1_N2_S2.69,690.0,70.43,52.0,1,268.65
p1_E_W.100,720.0,18.41,0.0,0,238.49
p1_S2_N2.69,690.0,61.71,50.0,1,251.2
p1_S2_N2.70,700.0,59.31,45.0,1,247.3
p1_N2_S2.70,700.0,64.26,49.0,1,254.39
p1_E_W.101,728.0,8.06,0.0,0,203.87
p1_S2_N2.71,710.0,54.91,38.0,1,251.48
p1_E_W.102,735.0,9.0,0.0,0,202.1
p1_N2_S2.71,710.0,56.37,43.0,1,249.54
p1_S2_N2.72,720.0,46.63,31.0,1,238.9
p1_N2_S2.72,720.0,46.83,33.0,1,234.71
p1_S2_N2.73,730.0,30.32,17.0,1,198.18
p1_S2_N2.74,740.0,30.61,13.0,1,199.34
p1_E_W.103,742.0,6.88,0.0,0,194.43
p1_S2_N2.75,750.0,22.35,5.0,1,199.84
p1_N2_S2.73,730.0,43.45,29.0,1,235.17
p1_S2_N2.76,760.0,11.92,0.0,0,186.02
p1_W_S2.18,601.0,156.49,68.0,6,477.26
p1_W_E.181,604.0,155.56,64.0,5,469.24
p1_W_E.182,607.0,154.48,60.0,5,464.97
p1_S1_N1.72,720.0,63.33,46.0,1,252.86
p1_N1_S1.73,730.0,54.6,42.0,1,239.56
p1_W_E.183,610.0,153.54,61.0,4,460.72
p1_W_E.184,613.0,152.42,58.0,5,449.62
p1_W_E.185,621.0,146.07,56.0,4,443.19
p1_W_E.186,625.0,143.91,56.0,4,440.05
p1_S1_N1.73,730.0,54.35,42.0,1,241.04
p1_N1_S1.74,740.0,41.93,30.0,1,218.47
p1_S1_E.22,663.0,107.71,57.0,3,412.09
p1_S1_N1.74,740.0,47.69,35.0,1,242.51
p1_N1_S1.75,750.0,42.88,24.0,1,237.46
p1_S1_N1.75,750.0,44.28,29.0,1,229.17
p1_S1_E.23,693.0,76.5,39.0,3,347.98
p1_N1_S1.76,760.0,31.2,15.0,1,225.84
p1_S1_N1.76,760.0,36.72,21.0,1,219.16
p1_N1_S1.77,770.0,26.58,8.0,1,216.54
p1_N1_S1.78,780.0,18.22,0.0,0,203.92
p1_N1_S1.79,790.0,10.08,0.0,0,186.0
p1_S1_N1.77,770.0,26.98,12.0,1,200.63
p1_S1_N1.78,780.0,17.46,1.0,1,191.0
p1_N2_W.23,693.0,92.23,67.0,2,361.09
p1_W_E.187,628.0,129.86,65.0,6,431.24
p1_W_S2.19,640.0,142.28,59.0,6,437.54
p1_W_E.188,631.0,144.05,61.0,4,428.05
p1_W_E.189,634.0,156.42,59.0,4,458.12
p1_N2_W.24,723.0,57.1,37.0,2,309.88
p1_S2_N2.77,770.0,42.52,33.0,1,222.85
p1_W_E.190,637.0,146.4,58.0,4,465.13
p1_S2_N2.78,780.0,34.91,23.0,1,209.85
p1_E_N1.25,752.0,35.98,11.0,1,262.03
p1_S2_N2.79,790.0,26.45,13.0,1,195.28
p1_E_W.104,749.0,27.82,11.0,1,251.71
p1_N2_S2.74,740.0,68.08,51.0,2,278.63
p1_E_W.105,756.0,41.32,11.0,1,291.43
p1_S2_N2.80,800.0,17.42,5.0,1,185.16
p1_N2_S2.75,750.0,70.84,42.0,2,282.62
p1_N2_S2.76,760.0,62.47,34.0,2,271.06
p1_E_W.106,764.0,36.43,9.0,1,294.2
p1_S2_N2.81,810.0,7.71,0.0,0,163.41
p1_E_W.107,771.0,19.25,0.0,0,242.36
p1_E_W.108,778.0,27.13,0.0,0,257.43
p1_N2_S2.77,770.0,47.38,29.0,1,221.25
p1_N2_S2.78,780.0,45.04,27.0,1,236.09
p1_E_N1.26,781.0,16.14,0.0,0,244.55
p1_E_W.109,785.0,16.53,0.0,0,231.47
p1_S2_N2.82,820.0,6.15,0.0,0,150.09
p1_N2_S2.79,790.0,35.48,20.0,1,215.27
p1_E_W.110,792.0,14.33,0.0,0,227.34
p1_W_E.191,643.0,170.96,81.0,6,487.34
p1_W_E.192,646.0,167.92,79.0,6,491.82
p1_N2_W.25,753.0,65.87,42.0,2,316.08
p1_W_E.193,649.0,170.36,78.0,6,491.35
p1_W_E.194,652.0,169.04,72.0,5,496.18
p1_W_E.195,655.0,162.21,72.0,6,475.81
p1_W_E.196,658.0,166.93,68.0,6,483.92
p1_W_E.197,661.0,167.77,66.0,5,482.06
p1_N1_S1.80,800.0,47.85,36.0,1,237.52
p1_W_E.198,664.0,166.6,64.0,6,473.59
p1_S1_N1.79,790.0,59.61,41.0,1,256.8
p1_S1_N1.80,800.0,51.95,39.0,1,233.25
p1_N1_S1.81,810.0,37.4,26.0,1,211.62
p1_S1_N1.81,810.0,46.56,33.0,1,242.16
p1_N1_S1.82,820.0,32.94,20.0,1,208.5
p1_W_E.199,667.0,155.02,61.0,5,449.19
p1_W_S2.20,684.0,150.8,56.0,5,457.84
p1_N1_S1.83,830.0,25.36,12.0,1,201.39
p1_W_E.200,670.0,167.24,61.0,5,469.3
p1_W_E.201,690.0,149.16,56.0,5,465.03
p1_S1_N1.82,820.0,40.22,26.0,1,221.19
p1_N1_S1.84,840.0,14.58,2.0,1,186.79
p1_S1_N1.83,830.0,32.47,18.0,1,211.25
p1_N1_S1.85,850.0,12.03,0.0,0,185.3
p1_N1_S1.86,860.0,5.33,0.0,0,144.17
p1_S1_N1.84,840.0,22.45,9.0,1,193.86
p1_W_E.202,693.0,134.3,56.0,4,431.14
p1_W_E.203,696.0,142.28,55.0,5,444.4
p1_W_E.204,699.0,150.35,56.0,5,450.64
p1_S1_E.24,723.0,127.68,72.0,3,440.16
p1_N2_W.26,783.0,66.85,44.0,2,338.38
p1_S2_N2.83,830.0,43.53,31.0,1,223.66
p1_S1_E.25,753.0,94.32,49.0,3,389.21
p1_E_W.111,800.0,46.19,28.0,2,291.16
p1_E_N1.27,810.0,46.86,22.0,2,292.9
p1_S2_N2.84,840.0,31.5,20.0,1,207.35
p1_E_W.112,807.0,51.55,24.0,2,305.21
p1_S2_N2.85,850.0,30.65,16.0,1,218.67
p1_N2_S2.80,800.0,66.56,48.0,2,266.87
p1_S2_N2.86,860.0,20.16,6.0,1,195.37
p1_N2_S2.81,810.0,67.36,41.0,2,275.62
p1_E_W.113,814.0,41.1,18.0,2,275.91
p1_S2_N2.87,870.0,12.15,0.0,0,187.66
p1_N2_S2.82,820.0,65.37,36.0,1,263.11
p1_E_W.114,821.0,42.23,14.0,2,284.19
p1_E_W.115,828.0,37.07,9.0,2,282.05
p1_N2_S2.83,830.0,57.07,34.0,1,251.35
p1_S2_N2.88,880.0,5.13,0.0,0,153.4
p1_E_W.116,836.0,26.14,4.0,1,257.13
p1_N2_S2.84,840.0,40.08,28.0,1,212.28
p1_E_W.117,843.0,27.12,3.0,1,248.34
p1_E_N1.28,840.0,23.1,3.0,1,241.85
p1_N2_S2.85,850.0,42.15,24.0,1,238.55
p1_E_W.118,850.0,22.0,3.0,1,238.69
p1_N2_S2.86,860.0,34.0,14.0,1,220.9
p1_N2_S2.87,870.0,25.59,7.0,1,215.21
p1_W_E.205,703.0,176.57,90.0,6,515.41
p1_W_E.206,706.0,175.54,90.0,6,530.44
p1_W_E.207,709.0,174.67,88.0,5,525.18
p1_W_E.208,712.0,173.69,86.0,5,511.89
p1_N2_W.27,813.0,62.04,38.0,2,306.64
p1_W_E.209,715.0,168.23,84.0,5,492.84
p1_S1_N1.85,850.0,58.37,39.0,2,259.44
p1_N1_S1.87,870.0,37.26,26.0,1,213.26
p1_W_E.210,718.0,174.33,81.0,5,506.56
p1_S1_N1.86,860.0,54.89,38.0,1,249.17
p1_N1_S1.88,880.0,33.32,21.0,1,218.05
p1_S1_N1.87,870.0,46.54,32.0,1,229.18
p1_N1_S1.89,890.0,26.83,13.0,1,214.51
p1_W_S2.21,721.0,168.21,78.0,5,498.26
p1_N1_S1.90,900.0,18.48,4.0,1,202.41
p1_W_E.211,724.0,166.58,74.0,5,507.53
p1_N1_S1.91,910.0,6.71,0.0,0,154.8
p1_S1_N1.88,880.0,38.11,25.0,1,212.7
p1_W_E.212,727.0,161.5,71.0,5,507.84
p1_S1_N1.89,890.0,27.57,13.0,1,201.09
p1_N1_S1.92,920.0,5.3,0.0,0,147.92
p1_W_E.213,730.0,175.44,71.0,5,520.18
p1_S1_N1.90,900.0,27.75,8.0,1,213.27
p1_W_E.214,733.0,167.14,69.0,5,496.34
p1_S1_N1.91,910.0,16.27,1.0,1,189.17
p1_W_E.215,735.0,173.92,71.0,5,495.09
p1_W_E.216,739.0,170.66,69.0,5,502.72
p1_W_E.217,742.0,170.34,63.0,6,500.01
p1_N2_W.28,842.0,69.62,44.0,2,330.19
p1_W_E.218,745.0,169.01,62.0,6,493.03
p1_N2_W.29,873.0,40.33,13.0,2,298.88
p1_W_E.219,748.0,167.69,62.0,5,503.16
p1_W_S2.22,768.0,147.21,54.0,5,437.84
p1_W_E.220,751.0,166.5,59.0,5,482.69
p1_S1_E.26,783.0,132.35,71.0,3,438.87
p1_S1_E.27,813.0,108.02,64.0,4,409.32
p1_E_N1.29,870.0,46.71,24.0,2,297.05
p1_S1_E.28,843.0,70.81,30.0,3,328.65
p1_E_W.119,857.0,45.87,30.0,2,281.08
p1_W_E.221,771.0,145.66,69.0,5,457.87
p1_E_W.120,864.0,61.56,27.0,2,303.83
p1_W_E.222,774.0,153.55,68.0,4,458.04
p1_E_W.121,873.0,54.31,24.0,2,322.52
p1_E_W.122,879.0,49.98,17.0,1,320.6
p1_W_E.223,777.0,152.3,62.0,4,462.06
p1_W_E.224,780.0,151.12,61.0,4,460.32
p1_E_W.123,886.0,44.74,12.0,1,318.54
p1_N2_S2.88,880.0,74.74,52.0,1,282.34
p1_E_W.124,893.0,36.28,5.0,1,299.71
p1_S2_N2.89,890.0,63.94,53.0,1,256.15
p1_E_W.125,900.0,33.78,2.0,1,302.95
p1_N2_S2.89,890.0,66.73,51.0,1,258.58
p1_S2_N2.90,900.0,57.25,45.0,1,253.53
p1_E_W.126,908.0,26.06,0.0,0,269.99
p1_E_N1.30,903.0,27.02,0.0,0,274.86
p1_N2_S2.90,900.0,57.81,46.0,1,246.85
p1_S2_N2.91,910.0,49.08,36.0,1,239.6
p1_E_W.127,915.0,20.45,0.0,0,243.54
p1_S2_N2.92,920.0,40.89,28.0,1,218.59
p1_E_W.128,922.0,17.66,0.0,0,246.64
p1_S2_N2.93,930.0,32.61,20.0,1,220.39
p1_E_W.129,929.0,13.12,0.0,0,242.52
p1_S2_N2.94,940.0,24.38,11.0,1,209.29
p1_E_N1.31,932.0,12.38,0.0,0,221.61
p1_N2_S2.91,910.0,50.29,37.0,1,235.97
p1_E_W.130,936.0,9.66,0.0,0,204.88
p1_S2_N2.95,950.0,16.01,2.0,1,183.41
p1_N2_S2.92,920.0,48.82,31.0,1,250.23
p1_N2_S2.93,930.0,40.49,22.0,1,241.2
p1_S2_N2.96,960.0,6.76,0.0,0,154.4
p1_N2_S2.94,940.0,29.11,15.0,1,209.11
p1_W_E.225,783.0,173.02,81.0,5,502.91
p1_W_E.226,786.0,168.37,80.0,5,503.66
p1_N1_S1.93,930.0,56.54,45.0,1,245.1
p1_N1_S1.94,940.0,48.41,37.0,1,236.0
p1_N1_S1.95,950.0,40.53,28.0,1,223.06
p1_S1_N1.92,920.0,61.87,51.0,1,248.83
p1_W_S2.23,801.0,166.78,70.0,5,481.44
p1_W_E.227,789.0,152.71,72.0,5,459.22
p1_S1_N1.93,930.0,63.13,47.0,1,251.25
p1_N1_S1.96,960.0,30.68,18.0,1,199.6
p1_S1_N1.94,940.0,54.74,39.0,1,242.86
p1_W_E.228,792.0,181.44,72.0,6,485.42
p1_N1_S1.97,970.0,25.26,12.0,1,204.41
p1_W_E.229,795.0,180.12,72.0,5,505.28
p1_S1_N1.95,950.0,46.5,32.0,1,236.9
p1_W_E.230,798.0,164.43,72.0,5,487.93
p1_W_E.231,804.0,174.67,66.0,6,497.73
p1_S1_N1.96,960.0,32.95,19.0,1,201.42
p1_N1_S1.98,980.0,11.14,0.0,0,174.33
p1_W_E.232,807.0,167.96,62.0,5,468.15
p1_S1_N1.97,970.0,31.98,17.0,1,216.67
p1_N1_S1.99,990.0,8.3,0.0,0,164.31
p1_S1_E.29,873.0,101.63,57.0,3,402.58
p1_S1_N1.98,980.0,23.92,8.0,1,206.29
p1_S1_E.30,902.0,82.17,30.0,3,372.52
p1_W_E.233,810.0,175.88,71.0,6,506.66
p1_W_E.234,822.0,165.67,64.0,5,494.13
p1_N2_W.30,903.0,84.51,65.0,2,354.94
p1_W_E.235,826.0,156.97,67.0,5,477.98
p1_N2_W.31,933.0,57.04,34.0,2,310.83
p1_W_E.236,829.0,162.3,64.0,6,481.82
p1_E_W.131,944.0,47.92,30.0,2,298.97
p1_W_E.237,832.0,145.09,61.0,5,448.0
p1_E_W.132,951.0,43.44,21.0,2,293.83
p1_E_N1.32,961.0,38.03,10.0,2,281.0
p1_W_E.238,835.0,138.32,59.0,4,431.61
p1_W_S2.24,844.0,145.8,56.0,4,451.36
p1_W_E.239,838.0,160.28,58.0,4,459.06
p1_E_W.133,958.0,30.36,10.0,2,263.08
p1_W_E.240,841.0,162.45,57.0,4,473.65
p1_W_E.241,847.0,142.88,56.0,5,442.11
p1_W_E.242,850.0,157.26,56.0,4,469.62
p1_E_W.134,965.0,24.35,3.0,2,256.51
p1_W_E.243,853.0,155.96,54.0,5,478.59
p1_E_W.135,972.0,37.18,2.0,1,272.28
p1_E_N1.33,990.0,19.36,0.0,0,239.56
p1_W_E.244,856.0,154.75,51.0,5,484.64
p1_E_W.136,980.0,21.11,0.0,0,250.89
p1_W_E.245,859.0,141.89,50.0,4,459.65
p1_E_W.137,987.0,25.01,0.0,0,247.53
p1_N2_S2.95,950.0,85.34,66.0,2,299.42
p1_S2_N2.97,970.0,65.34,54.0,1,259.26
p1_W_E.246,862.0,152.5,49.0,4,475.66
p1_E_W.138,994.0,15.03,0.0,0,238.37
p1_N2_S2.96,960.0,77.47,57.0,1,288.35
p1_S2_N2.98,980.0,57.19,45.0,1,252.67
p1_E_W.139,1001.0,12.62,0.0,0,224.53
p1_S2_N2.99,990.0,49.61,38.0,1,233.45
p1_S2_N2.100,1000.0,41.67,30.0,1,229.65
p1_N2_S2.97,970.0,72.62,54.0,1,268.42
p1_S2_N2.101,1010.0,33.44,20.0,1,205.68
p1_N2_S2.98,980.0,64.77,50.0,1,255.3
p1_S2_N2.102,1020.0,23.95,10.0,1,194.54
p1_S2_N2.103,1030.0,17.52,3.0,1,193.11
p1_N2_S2.99,990.0,50.95,37.0,1,227.94
p1_E_N1.34,1020.0,11.97,0.0,0,213.35
p1_N2_S2.100,1000.0,55.11,35.0,1,254.76
p1_E_W.140,1008.0,8.24,0.0,0,207.38
p1_S2_N2.104,1040.0,6.39,0.0,0,152.49
p1_S1_N1.99,990.0,67.64,47.0,1,260.47
p1_E_W.141,1016.0,19.77,0.0,0,223.05
p1_W_E.247,865.0,172.03,69.0,5,491.89
p1_N2_S2.101,1010.0,37.91,23.0,1,212.85
p1_N1_S1.100,1000.0,53.17,41.0,1,234.28
p1_S1_N1.100,1000.0,61.28,45.0,1,243.48
p1_N1_S1.101,1010.0,49.9,35.0,1,242.41
p1_N1_S1.102,1020.0,44.43,29.0,1,235.1
p1_W_E.248,868.0,159.15,67.0,5,469.98
p1_S1_N1.101,1010.0,50.72,38.0,1,231.19
p1_W_E.249,871.0,167.82,67.0,5,497.44
p1_S1_N1.102,1020.0,45.37,30.0,1,227.32
p1_N1_S1.103,1030.0,28.39,16.0,1,191.07
p1_W_E.250,874.0,169.05,64.0,6,499.64
p1_S1_N1.103,1030.0,41.68,24.0,1,226.14
p1_N1_S1.104,1040.0,31.22,14.0,1,201.1
p1_S1_E.31,933.0,118.22,73.0,4,418.09
p1_S1_N1.104,1040.0,33.47,18.0,1,215.3
p1_N1_S1.105,1050.0,16.69,2.0,1,178.96
p1_W_S2.25,877.0,160.64,62.0,6,471.52
p1_S1_E.32,963.0,89.25,40.0,3,377.05
p1_N1_S1.106,1060.0,14.39,0.0,0,178.21
p1_W_E.251,880.0,167.96,72.0,5,489.25
p1_S1_N1.105,1050.0,23.15,8.0,1,198.76
p1_N1_S1.107,1070.0,5.83,0.0,0,154.63
p1_W_E.252,894.0,159.16,68.0,4,468.45
p1_W_E.253,897.0,162.14,65.0,4,482.71
p1_S1_N1.106,1060.0,19.75,2.0,1,195.8
p1_W_E.254,901.0,159.82,68.0,5,483.04
p1_W_E.255,904.0,154.66,64.0,5,471.35
p1_E_W.142,1023.0,40.57,27.0,1,269.82
p1_W_E.256,907.0,157.43,63.0,5,475.99
p1_W_E.257,910.0,154.0,63.0,5,472.0
p1_W_E.258,913.0,150.78,62.0,5,455.16
p1_W_E.259,916.0,153.79,62.0,6,471.27
p1_W_E.260,919.0,152.0,58.0,5,475.68
p1_W_S2.26,922.0,150.36,60.0,6,462.38
p1_W_E.261,925.0,149.87,61.0,6,445.95
p1_N2_W.32,963.0,85.38,64.0,2,342.58
p1_N2_W.33,993.0,81.46,45.0,2,349.44
p1_N2_S2.102,1020.0,81.02,58.0,2,294.69
p1_S2_N2.105,1050.0,49.93,38.0,1,237.49
p1_E_W.143,1030.0,51.27,21.0,2,310.65
p1_E_N1.35,1050.0,19.71,1.0,1,238.45
p1_E_W.144,1037.0,46.0,14.0,2,291.82
p1_N2_S2.103,1030.0,75.57,52.0,2,278.69
p1_E_W.145,1044.0,40.79,8.0,2,279.25
p1_N2_S2.104,1040.0,67.47,42.0,2,264.59
p1_E_W.146,1053.0,33.65,0.0,0,280.8
p1_S2_N2.106,1060.0,39.59,28.0,1,211.83
p1_S2_N2.107,1070.0,39.62,24.0,1,215.69
p1_N2_S2.105,1050.0,57.6,38.0,1,231.66
p1_E_W.147,1059.0,29.38,0.0,0,272.02
p1_E_W.148,1066.0,22.38,0.0,0,240.33
p1_S2_N2.108,1080.0,31.42,15.0,1,212.67
p1_E_W.149,1073.0,18.79,0.0,0,237.93
p1_E_N1.36,1083.0,8.55,0.0,0,216.9
p1_S2_N2.109,1090.0,20.8,5.0,1,201.43
p1_E_W.150,1080.0,13.41,0.0,0,213.27
p1_S2_N2.110,1100.0,11.88,0.0,0,181.35
p1_S2_N2.111,1110.0,6.66,0.0,0,153.22
p1_N2_S2.106,1060.0,52.27,36.0,1,252.1
p1_E_W.151,1088.0,7.28,0.0,0,206.56
p1_N2_S2.107,1070.0,48.45,31.0,1,251.4
p1_N2_S2.108,1080.0,33.99,20.0,1,213.85
p1_N2_S2.109,1090.0,33.4,17.0,1,226.66
p1_S1_N1.107,1070.0,57.98,42.0,1,253.04
p1_N1_S1.108,1080.0,48.42,36.0,1,237.21
p1_W_E.262,928.0,179.52,82.0,5,511.25
p1_N1_S1.109,1090.0,40.39,28.0,1,216.49
p1_W_E.263,931.0,176.54,81.0,5,492.31
p1_N1_S1.110,1100.0,32.27,19.0,1,216.59
p1_S1_N1.108,1080.0,47.41,36.0,1,222.62
p1_W_E.264,934.0,175.7,77.0,5,492.51
p1_S1_N1.109,1090.0,44.23,32.0,1,230.59
p1_N1_S1.111,1110.0,21.08,10.0,1,190.96
p1_W_E.265,937.0,173.9,75.0,5,491.52
p1_N1_S1.112,1120.0,18.17,3.0,1,200.39
p1_N1_S1.113,1130.0,9.93,0.0,0,176.47
p1_S1_N1.110,1100.0,31.96,19.0,1,202.52
p1_W_E.266,940.0,166.9,74.0,5,493.01
p1_S1_N1.111,1110.0,24.05,11.0,1,186.34
p1_W_E.267,943.0,172.69,73.0,5,486.03
p1_S1_N1.112,1120.0,25.68,8.0,1,209.97
p1_W_E.268,946.0,178.03,72.0,5,498.29
p1_W_E.269,969.0,158.37,56.0,4,457.25
p1_S1_E.33,993.0,135.5,78.0,3,453.42
p1_S1_N1.113,1130.0,10.56,0.0,0,176.45
p1_N2_W.34,1023.0,105.28,76.0,3,386.09
p1_W_S2.27,974.0,158.05,69.0,4,482.86
p1_S1_E.34,1023.0,92.56,55.0,3,375.22
p1_S1_E.35,1053.0,81.02,30.0,3,370.41
p1_N2_W.35,1053.0,75.57,47.0,2,339.84
p1_W_E.270,971.0,162.09,68.0,4,484.73
p1_N2_W.36,1083.0,50.3,23.0,2,313.68
p1_E_W.152,1095.0,42.15,24.0,1,294.4
p1_W_E.271,977.0,160.56,65.0,5,481.51
p1_E_W.153,1102.0,37.04,18.0,1,295.02
p1_W_E.272,980.0,159.45,64.0,4,478.87
p1_W_E.273,983.0,158.08,63.0,4,483.36
p1_E_W.154,1109.0,31.87,11.0,1,276.47
p1_W_E.274,986.0,152.54,61.0,4,464.66
p1_W_E.275,989.0,147.37,58.0,5,457.92
p1_E_N1.37,1112.0,28.13,9.0,1,261.19
p1_W_E.276,992.0,145.47,57.0,4,451.39
p1_E_W.155,1116.0,23.81,7.0,1,252.85
p1_W_E.277,995.0,148.36,56.0,4,456.21
p1_E_W.156,1124.0,23.06,1.0,1,259.19
p1_W_E.278,998.0,151.92,57.0,4,459.12
p1_E_W.157,1131.0,20.03,0.0,0,265.93
p1_W_E.279,1001.0,151.1,56.0,5,491.36
p1_E_W.158,1138.0,14.84,0.0,0,235.29
p1_E_N1.38,1141.0,11.99,0.0,0,215.98
p1_W_E.280,1004.0,149.94,57.0,4,484.98
p1_W_S2.28,1023.0,130.28,49.0,3,445.01
p1_W_E.281,1028.0,124.54,48.0,4,420.24
p1_E_W.159,1145.0,7.02,0.0,0,201.1
p1_E_W.160,1152.0,7.1,0.0,0,199.58
p1_N2_S2.110,1100.0,82.53,61.0,2,301.74
p1_S2_N2.112,1120.0,62.43,51.0,1,256.96
p1_S2_N2.113,1130.0,53.91,43.0,1,242.47
p1_N2_S2.111,1110.0,72.12,51.0,1,274.33
p1_S2_N2.114,1140.0,46.83,34.0,1,228.18
p1_S2_N2.115,1150.0,37.26,25.0,1,210.37
p1_N2_S2.112,1120.0,64.64,50.0,1,246.98
p1_S2_N2.116,1160.0,32.11,17.0,1,214.89
p1_N2_S2.113,1130.0,63.32,48.0,1,260.5
p1_S2_N2.117,1170.0,23.78,9.0,1,199.36
p1_N2_S2.114,1140.0,55.03,40.0,1,263.41
p1_S2_N2.118,1180.0,15.52,0.0,0,189.87
p1_E_W.161,1160.0,8.15,0.0,0,195.75
p1_S2_N2.119,1190.0,5.54,0.0,0,145.96
p1_S1_N1.114,1140.0,59.32,47.0,1,245.02
p1_N1_S1.114,1140.0,59.36,48.0,1,251.28
p1_N1_S1.115,1150.0,51.98,40.0,1,243.83
p1_S1_N1.115,1150.0,54.24,42.0,1,243.35
p1_W_E.282,1032.0,151.31,70.0,4,455.12
p1_N1_S1.116,1160.0,41.17,29.0,1,207.42
p1_S1_N1.116,1160.0,46.21,34.0,1,240.95
p1_W_E.283,1035.0,150.84,66.0,4,455.9
p1_N2_S2.115,1150.0,40.46,27.0,1,218.38
p1_N1_S1.117,1170.0,35.95,23.0,1,219.94
p1_S1_N1.117,1170.0,37.9,25.0,1,211.12
p1_W_E.284,1038.0,149.49,64.0,5,446.05
p1_N2_S2.116,1160.0,45.39,23.0,1,235.1
p1_N1_S1.118,1180.0,30.03,15.0,1,218.13
p1_W_E.285,1041.0,146.99,63.0,5,454.53
p1_N1_S1.119,1190.0,21.72,7.0,1,212.11
p1_S1_N1.118,1180.0,33.2,17.0,1,218.99
p1_N1_S1.120,1200.0,13.49,0.0,0,185.65
p1_S1_N1.119,1190.0,25.41,10.0,1,204.25
p1_N1_S1.121,1210.0,5.47,0.0,0,152.19
p1_W_E.286,1044.0,140.43,62.0,4,444.26
p1_S1_E.36,1083.0,107.56,69.0,4,403.07
p1_S1_E.37,1113.0,85.59,39.0,3,365.74
p1_S1_N1.120,1200.0,13.42,0.0,0,175.58
p1_W_E.287,1047.0,143.85,69.0,5,462.66
p1_E_W.162,1167.0,33.79,22.0,1,261.62
p1_W_E.288,1050.0,150.21,66.0,5,473.85
p1_E_N1.39,1170.0,32.42,19.0,1,251.8
p1_W_E.289,1053.0,150.84,64.0,5,485.68
p1_N2_W.37,1113.0,91.5,63.0,2,366.09
p1_W_E.290,1056.0,150.04,61.0,5,472.71
p1_W_E.291,1062.0,145.91,59.0,4,452.03
p1_N2_W.38,1143.0,62.36,40.0,2,316.02
p1_E_W.163,1174.0,35.08,21.0,1,267.78
p1_W_S2.29,1059.0,142.51,60.0,4,469.08
p1_E_W.164,1181.0,29.82,14.0,1,256.02
p1_W_E.292,1065.0,140.33,59.0,5,463.75
p1_W_E.293,1068.0,146.26,56.0,4,461.5
p1_W_E.294,1071.0,138.19,55.0,4,449.7
p1_E_W.165,1188.0,19.99,5.0,1,228.07
p1_W_E.295,1074.0,143.14,52.0,5,433.72
p1_E_W.166,1196.0,22.75,3.0,1,237.7
p1_W_E.296,1077.0,142.39,50.0,4,463.48
p1_E_N1.40,1200.0,16.02,0.0,0,249.35
p1_W_E.297,1080.0,141.28,48.0,4,457.29
p1_E_W.167,1203.0,16.16,0.0,0,248.32
p1_W_E.298,1083.0,139.73,48.0,5,435.05
p1_E_W.168,1210.0,13.17,0.0,0,238.82
p1_E_W.169,1217.0,7.91,0.0,0,207.64
p1_W_E.299,1097.0,118.76,44.0,4,395.71
p1_W_S2.30,1103.0,123.89,41.0,4,394.54
p1_W_E.300,1100.0,128.36,44.0,4,415.48
p1_S2_N2.120,1200.0,53.89,41.0,1,242.44
p1_S2_N2.121,1210.0,45.74,34.0,1,228.51
p1_N2_S2.117,1170.0,80.45,61.0,2,287.06
p1_S2_N2.122,1220.0,37.41,25.0,1,216.22
p1_N2_S2.118,1180.0,77.3,54.0,2,295.42
p1_S2_N2.123,1230.0,29.25,16.0,1,203.31
p1_N2_S2.119,1190.0,70.79,46.0,1,286.95
p1_E_W.170,1224.0,7.06,0.0,0,192.83
p1_S2_N2.124,1240.0,21.09,8.0,1,192.83
p1_N2_S2.120,1200.0,62.72,45.0,1,262.26
p1_S2_N2.125,1250.0,10.56,0.0,0,171.37
p1_N2_S2.121,1210.0,54.01,40.0,1,241.06
p1_N1_S1.122,1220.0,50.6,40.0,1,240.67
p1_S2_N2.126,1260.0,5.27,0.0,0,147.63
p1_S1_N1.121,1210.0,61.76,45.0,1,266.83
p1_N2_S2.122,1220.0,51.43,34.0,1,241.87
p1_N1_S1.123,1230.0,42.41,31.0,1,222.18
p1_N2_S2.123,1230.0,43.13,24.0,1,237.59
p1_S1_N1.122,1220.0,53.89,42.0,1,244.97
p1_N1_S1.124,1240.0,34.12,22.0,1,212.32
p1_N1_S1.125,1250.0,26.26,13.0,1,201.34
p1_S1_E.38,1143.0,112.2,80.0,3,407.79
p1_N1_S1.126,1260.0,18.37,5.0,1,179.63
p1_S1_N1.123,1230.0,42.55,31.0,1,224.57
p1_S1_E.39,1172.0,82.72,46.0,3,368.54
p1_N1_S1.127,1270.0,10.48,0.0,0,172.27
p1_W_E.301,1106.0,147.64,71.0,4,470.15
p1_S1_N1.124,1240.0,41.84,26.0,1,221.29
p1_S1_N1.125,1250.0,33.26,17.0,1,210.84
p1_W_E.302,1109.0,153.27,69.0,4,469.19
p1_S1_N1.126,1260.0,27.42,10.0,1,219.86
p1_W_E.303,1112.0,149.08,65.0,4,464.14
p1_W_E.304,1115.0,153.04,64.0,4,487.55
p1_N1_S1.128,1280.0,6.27,0.0,0,156.73
p1_W_E.305,1118.0,151.71,60.0,4,487.42
p1_W_E.306,1121.0,149.23,62.0,6,493.52
p1_W_E.307,1124.0,148.25,62.0,5,492.96
p1_W_E.308,1127.0,148.14,59.0,5,481.66
p1_E_W.171,1233.0,41.34,21.0,1,265.89
p1_W_E.309,1130.0,144.03,57.0,5,466.17
p1_E_N1.41,1230.0,32.28,21.0,1,250.63
p1_W_E.310,1133.0,145.21,55.0,5,466.38
p1_E_W.172,1239.0,33.52,19.0,1,253.27
p1_W_S2.31,1136.0,142.73,54.0,5,458.02
p1_N2_W.39,1173.0,104.93,73.0,3,399.32
p1_N2_W.40,1203.0,78.48,50.0,2,346.11
p1_E_W.173,1246.0,37.31,19.0,1,292.58
p1_E_W.174,1253.0,30.06,14.0,1,273.01
p1_E_W.175,1260.0,26.9,10.0,1,268.18
p1_W_E.311,1139.0,130.15,54.0,5,429.66
p1_W_E.312,1142.0,143.23,51.0,6,426.45
p1_E_N1.42,1262.0,27.45,7.0,1,265.75
p1_E_W.176,1268.0,23.18,5.0,1,254.96
p1_W_E.313,1145.0,146.63,49.0,5,428.92
p1_E_W.177,1275.0,17.96,0.0,0,253.53
p1_W_E.314,1148.0,145.44,47.0,4,444.26
p1_E_W.178,1282.0,12.93,0.0,0,228.21
p1_W_E.315,1151.0,140.32,47.0,4,451.35
p1_W_E.316,1154.0,143.01,45.0,5,449.28
p1_E_W.179,1289.0,7.93,0.0,0,192.92
p1_W_E.317,1173.0,125.68,36.0,3,434.06
p1_N2_S2.124,1240.0,81.29,60.0,2,295.12
p1_N2_S2.125,1250.0,73.14,49.0,2,280.43
p1_S2_N2.127,1270.0,46.49,35.0,1,230.75
p1_N2_S2.126,1260.0,64.74,40.0,1,263.93
p1_S2_N2.128,1280.0,44.7,28.0,1,225.89
p1_S2_N2.129,1290.0,37.53,22.0,1,216.46
p1_S2_N2.130,1300.0,27.86,13.0,1,214.29
p1_S2_N2.131,1310.0,20.9,4.0,1,210.75
p1_S2_N2.132,1320.0,12.67,0.0,0,196.03
p1_N2_S2.127,1270.0,55.27,37.0,1,233.74
p1_N2_S2.128,1280.0,48.83,34.0,1,232.39
p1_S2_N2.133,1330.0,5.97,0.0,0,155.01
p1_N2_S2.129,1290.0,48.13,30.0,1,245.9
p1_N1_S1.129,1290.0,51.85,42.0,1,238.62
p1_E_N1.43,1292.0,10.15,0.0,0,207.87
p1_S1_N1.127,1270.0,73.78,49.0,2,283.32
p1_N1_S1.130,1300.0,43.5,32.0,1,222.04
p1_W_E.318,1176.0,142.4,60.0,4,445.43
p1_N1_S1.131,1310.0,35.49,23.0,1,218.13
p1_W_E.319,1180.0,144.7,57.0,5,447.42
p1_N1_S1.132,1320.0,27.6,15.0,1,211.79
p1_W_E.320,1183.0,143.57,55.0,4,455.79
p1_N1_S1.133,1330.0,19.43,8.0,1,195.56
p1_S1_E.40,1203.0,127.21,78.0,3,435.08
p1_W_S2.32,1186.0,138.08,54.0,4,436.29
p1_S1_N1.128,1280.0,53.95,41.0,1,243.42
p1_S1_N1.129,1290.0,59.75,40.0,1,247.97
p1_S1_N1.130,1300.0,57.45,37.0,1,259.51
p1_S1_E.41,1233.0,92.23,59.0,3,366.03
p1_S1_E.42,1263.0,75.95,30.0,3,349.18
p1_N1_S1.134,1340.0,7.56,0.0,0,153.6
p1_W_E.321,1189.0,151.8,62.0,4,473.8
p1_N1_S1.135,1350.0,10.53,0.0,0,161.42
p1_W_E.322,1192.0,150.52,59.0,4,491.65
p1_E_W.180,1296.0,47.02,23.0,1,263.38
p1_S1_N1.131,1310.0,30.93,18.0,1,205.04
p1_W_E.323,1196.0,148.37,57.0,4,493.78
p1_E_W.181,1304.0,40.75,23.0,1,268.15
p1_S1_N1.132,1320.0,38.79,16.0,1,225.52
p1_W_E.324,1199.0,146.99,55.0,4,490.24
p1_S1_N1.133,1330.0,38.17,12.0,1,233.81
p1_W_E.325,1202.0,140.78,52.0,4,472.45
p1_W_E.326,1205.0,140.59,53.0,4,489.8
p1_W_E.327,1208.0,139.72,50.0,4,470.92
p1_N2_W.41,1233.0,106.47,77.0,3,391.59
p1_N2_W.42,1263.0,89.99,50.0,2,385.74
p1_W_E.328,1211.0,142.42,47.0,5,499.38
p1_N2_W.43,1293.0,61.73,35.0,2,336.88
p1_W_E.329,1214.0,141.24,47.0,4,503.76
p1_W_S2.33,1220.0,135.54,43.0,4,428.08
p1_W_E.330,1217.0,137.18,47.0,4,462.34
p1_E_W.182,1311.0,45.48,22.0,2,311.44
p1_E_N1.44,1321.0,36.29,13.0,1,289.76
p1_W_E.331,1223.0,131.7,41.0,4,426.94
p1_E_W.183,1318.0,35.52,15.0,2,286.34
p1_W_E.332,1226.0,132.09,39.0,4,435.88
p1_W_E.333,1229.0,133.6,37.0,3,432.4
p1_E_W.184,1325.0,26.24,7.0,1,262.47
p1_W_E.334,1239.0,125.19,34.0,3,427.16
p1_E_W.185,1332.0,32.7,7.0,1,285.52
p1_E_W.186,1340.0,22.84,0.0,0,261.57
p1_E_N1.45,1350.0,17.12,0.0,0,234.08
p1_E_W.187,1347.0,21.26,0.0,0,267.18
p1_N2_S2.130,1300.0,89.42,70.0,2,311.13
p1_E_W.188,1354.0,15.86,0.0,0,233.15
p1_N2_S2.131,1310.0,83.05,62.0,2,306.42
p1_S2_N2.134,1340.0,46.98,37.0,1,234.91
p1_S2_N2.135,1350.0,45.72,30.0,1,248.0
p1_N2_S2.132,1320.0,72.16,52.0,2,285.51
p1_S2_N2.136,1360.0,37.37,23.0,1,236.92
p1_N2_S2.133,1330.0,69.08,45.0,1,271.42
p1_N2_S2.134,1340.0,60.9,45.0,1,249.35
p1_S2_N2.137,1370.0,20.64,9.0,1,186.26
p1_N2_S2.135,1350.0,52.94,37.0,1,246.05
p1_S2_N2.138,1380.0,20.28,3.0,1,192.04
p1_S2_N2.139,1390.0,15.73,0.0,0,189.01
p1_N2_S2.136,1360.0,47.61,32.0,1,232.37
p1_S2_N2.140,1400.0,6.9,0.0,0,162.24
p1_E_W.189,1361.0,8.36,0.0,0,205.47
p1_E_W.190,1368.0,22.55,0.0,0,234.28
p1_W_E.335,1243.0,149.05,57.0,4,469.04
p1_N1_S1.136,1360.0,52.89,41.0,1,241.52
p1_S1_N1.134,1340.0,71.23,52.0,2,268.59
p1_E_W.191,1376.0,13.72,0.0,0,219.35
p1_W_E.336,1246.0,147.15,54.0,5,451.17
p1_N1_S1.137,1370.0,45.15,34.0,1,230.11
p1_S1_N1.135,1350.0,60.68,47.0,1,247.24
p1_W_E.337,1249.0,144.08,53.0,6,447.74
p1_N1_S1.138,1380.0,34.52,24.0,1,210.15
p1_W_E.338,1252.0,146.9,52.0,5,432.14
p1_S1_N1.136,1360.0,60.14,46.0,1,249.92
p1_N1_S1.139,1390.0,31.12,16.0,1,207.14
p1_S1_E.43,1293.0,103.58,69.0,3,383.9
p1_S1_N1.137,1370.0,48.65,36.0,1,228.47
p1_N1_S1.140,1400.0,22.87,8.0,1,201.03
p1_S1_E.44,1323.0,79.06,35.0,3,366.15
p1_N1_S1.141,1410.0,14.54,0.0,0,188.18
p1_S1_N1.138,1380.0,43.68,29.0,1,242.83
p1_N1_S1.142,1420.0,6.32,0.0,0,156.54
p1_W_S2.34,1264.0,144.26,54.0,6,453.7
p1_W_E.339,1255.0,138.75,61.0,5,433.52
p1_S1_N1.139,1390.0,34.64,19.0,1,209.25
p1_W_E.340,1260.0,151.27,55.0,7,468.37
p1_W_E.341,1267.0,145.13,51.0,5,465.04
p1_S1_N1.140,1400.0,30.49,11.0,1,207.41
p1_N2_W.44,1323.0,90.83,62.0,4,369.23
p1_W_E.342,1270.0,144.69,51.0,5,456.84
p1_N2_W.45,1353.0,62.15,38.0,2,314.79
p1_W_E.343,1273.0,143.45,51.0,4,458.12
p1_W_E.344,1276.0,142.09,46.0,4,449.45
p1_W_E.345,1280.0,136.26,47.0,5,443.5
p1_E_N1.46,1380.0,37.92,23.0,1,271.2
p1_W_E.346,1283.0,138.63,48.0,6,449.39
p1_W_E.347,1286.0,137.43,45.0,5,443.12
p1_E_W.192,1383.0,29.3,16.0,1,248.3
p1_W_E.348,1291.0,125.04,46.0,5,408.8
p1_E_W.193,1390.0,37.99,15.0,1,270.09
p1_W_E.349,1312.0,117.42,39.0,3,401.17
p1_W_S2.35,1318.0,111.35,39.0,3,403.09
p1_E_W.194,1397.0,30.99,10.0,1,272.81
p1_W_E.350,1315.0,112.75,38.0,3,417.77
p1_E_W.195,1404.0,14.09,0.0,0,224.76
p1_E_N1.47,1410.0,15.93,0.0,0,244.85
p1_E_W.196,1413.0,21.02,0.0,0,255.55
p1_N2_S2.137,1370.0,86.74,66.0,2,297.98
p1_S2_N2.141,1410.0,46.88,35.0,1,232.03
p1_S2_N2.142,1420.0,38.77,27.0,1,214.39
p1_N2_S2.138,1380.0,78.47,57.0,2,286.64
p1_E_W.197,1419.0,7.97,0.0,0,210.75
p1_E_W.198,1426.0,14.07,0.0,0,220.68
p1_S2_N2.143,1430.0,30.31,18.0,1,207.23
p1_S2_N2.144,1440.0,21.95,8.0,1,188.04
p1_N2_S2.139,1390.0,74.5,50.0,2,282.3
p1_S2_N2.145,1450.0,13.11,1.0,1,181.3
p1_N2_S2.140,1400.0,66.57,41.0,1,265.87
p1_S2_N2.146,1460.0,7.42,0.0,0,164.93
p1_N2_S2.141,1410.0,56.44,41.0,1,240.92
p1_E_W.199,1433.0,7.87,0.0,0,187.46
p1_E_W.200,1440.0,8.28,0.0,0,210.0
p1_N2_S2.142,1420.0,52.91,36.0,1,241.56
p1_E_N1.48,1443.0,8.31,0.0,0,209.13
p1_W_E.351,1321.0,137.13,62.0,4,449.74
p1_S1_N1.141,1410.0,68.84,45.0,2,279.83
p1_N1_S1.143,1430.0,48.98,36.0,1,241.08
p1_S1_N1.142,1420.0,62.73,40.0,1,261.79
p1_N1_S1.144,1440.0,38.57,27.0,1,214.9
p1_S1_N1.143,1430.0,53.44,40.0,1,243.25
p1_N1_S1.145,1450.0,29.15,17.0,1,200.87
p1_W_E.352,1324.0,127.0,56.0,5,429.63
p1_S1_N1.144,1440.0,48.18,34.0,1,239.21
p1_N1_S1.146,1460.0,20.81,9.0,1,191.08
p1_W_E.353,1327.0,140.29,54.0,4,466.97
p1_W_E.354,1330.0,136.98,53.0,4,462.72
p1_N1_S1.147,1470.0,19.91,4.0,1,203.41
p1_N1_S1.148,1480.0,7.81,0.0,0,175.49
p1_W_E.355,1333.0,133.28,50.0,4,469.1
p1_W_E.356,1336.0,136.6,49.0,4,475.8
p1_S1_N1.145,1450.0,38.45,26.0,1,216.95
p1_S1_E.45,1353.0,118.72,72.0,3,435.93
p1_S1_N1.146,1460.0,36.38,18.0,1,219.89
p1_S1_E.46,1383.0,92.89,51.0,3,406.46
p1_S1_N1.147,1470.0,28.07,11.0,1,210.85
p1_W_E.357,1339.0,132.55,60.0,4,466.07
p1_W_E.358,1342.0,125.22,62.0,4,424.15
p1_W_E.359,1345.0,138.15,59.0,4,460.25
p1_N2_W.46,1383.0,89.17,58.0,3,351.08
p1_W_E.360,1348.0,135.75,56.0,5,471.06
p1_N2_W.47,1413.0,71.95,42.0,2,326.73
p1_E_W.201,1448.0,28.0,17.0,1,238.05
p1_N2_S2.143,1430.0,74.37,51.0,2,273.21
p1_E_W.202,1455.0,28.3,13.0,1,259.79
p1_S2_N2.147,1470.0,32.77,21.0,1,198.84
p1_N2_S2.144,1440.0,73.6,47.0,2,278.66
p1_S2_N2.148,1480.0,33.76,18.0,1,210.47
p1_E_W.203,1462.0,29.78,9.0,1,267.37
p1_E_N1.49,1472.0,20.44,3.0,1,254.64
p1_S2_N2.149,1490.0,25.48,9.0,1,205.45
p1_N2_S2.145,1450.0,63.91,38.0,2,258.3
p1_E_W.204,1469.0,25.25,5.0,1,274.53
p1_N2_S2.146,1460.0,57.62,30.0,2,259.13
p1_E_W.205,1476.0,18.33,0.0,0,255.51
p1_S2_N2.150,1500.0,15.09,0.0,0,190.08
p1_E_W.206,1484.0,9.18,0.0,0,214.5
p1_N2_S2.147,1470.0,44.93,23.0,1,223.98
p1_N2_S2.148,1480.0,41.23,22.0,1,219.85
p1_N2_S2.149,1490.0,33.06,18.0,1,215.21
p1_E_W.207,1491.0,7.21,0.0,0,191.91
p1_N2_S2.150,1500.0,30.13,12.0,1,215.99
p1_S2_N2.151,1510.0,6.63,0.0,0,150.61
p1_S2_N2.152,1520.0,14.24,0.0,0,161.83
p1_W_E.361,1354.0,162.27,80.0,5,505.4
p1_W_S2.36,1351.0,154.01,82.0,5,492.67
p1_W_E.362,1358.0,156.51,72.0,5,489.93
p1_S1_N1.148,1480.0,57.99,36.0,2,251.27
p1_N1_S1.149,1490.0,42.65,31.0,1,217.67
p1_W_E.363,1361.0,152.03,70.0,4,491.36
p1_S1_N1.149,1490.0,56.19,34.0,1,254.71
p1_N1_S1.150,1500.0,47.25,30.0,1,250.09
p1_W_E.364,1364.0,149.56,69.0,4,469.95
p1_S1_N1.150,1500.0,47.67,33.0,1,239.9
p1_N1_S1.151,1510.0,38.42,21.0,1,223.02
p1_W_E.365,1367.0,155.64,68.0,4,488.73
p1_N1_S1.152,1520.0,30.82,13.0,1,219.61
p1_W_E.366,1370.0,160.21,67.0,4,501.85
p1_N1_S1.153,1530.0,16.79,1.0,1,193.76
p1_S1_N1.151,1510.0,39.12,24.0,1,218.94
p1_W_E.367,1373.0,149.89,65.0,4,473.74
p1_N1_S1.154,1540.0,14.41,0.0,0,194.22
p1_W_E.368,1376.0,153.16,63.0,4,467.21
p1_S1_N1.152,1520.0,30.44,16.0,1,198.72
p1_N1_S1.155,1550.0,6.23,0.0,0,150.53
p1_W_E.369,1381.0,154.54,63.0,4,481.09
p1_W_S2.37,1388.0,148.58,58.0,4,452.98
p1_S1_N1.153,1530.0,21.67,6.0,1,195.58
p1_W_E.370,1385.0,133.06,60.0,4,438.5
p1_N2_W.48,1443.0,92.73,61.0,3,359.46
p1_N2_W.49,1473.0,71.73,36.0,2,340.51
p1_W_E.371,1391.0,155.72,58.0,4,484.26
p1_N2_W.50,1503.0,39.56,12.0,2,297.42
p1_E_W.208,1498.0,51.67,28.0,2,323.81
p1_W_E.372,1394.0,132.55,54.0,4,436.29
p1_E_N1.50,1501.0,49.65,27.0,2,301.56
p1_E_W.209,1505.0,46.87,22.0,2,287.51
p1_S1_E.47,1413.0,138.79,77.0,4,442.83
p1_S1_E.48,1443.0,110.94,60.0,3,408.48
p1_W_E.373,1397.0,158.74,66.0,4,504.11
p1_E_W.210,1512.0,38.47,15.0,1,271.16
p1_W_E.374,1400.0,154.86,61.0,4,496.68
p1_E_W.211,1520.0,37.6,12.0,1,293.28
p1_W_E.375,1403.0,156.12,62.0,4,509.4
p1_W_E.376,1406.0,150.28,61.0,4,507.57
p1_E_W.212,1527.0,24.02,3.0,1,248.52
p1_E_N1.51,1530.0,30.93,1.0,1,263.28
p1_W_E.377,1409.0,153.65,58.0,5,518.77
p1_W_S2.38,1421.0,141.99,52.0,4,457.91
p1_E_W.213,1534.0,29.18,1.0,1,265.74
p1_W_E.378,1412.0,152.46,54.0,4,501.53
p1_E_W.214,1541.0,24.01,0.0,0,265.64
p1_W_E.379,1415.0,144.96,55.0,5,493.01
p1_N2_S2.151,1510.0,78.2,57.0,2,289.47
p1_W_E.380,1418.0,150.25,52.0,4,489.13
p1_N2_S2.152,1520.0,70.48,52.0,1,274.02
p1_E_W.215,1548.0,12.23,0.0,0,219.29
p1_S2_N2.153,1530.0,55.43,46.0,1,240.26
p1_E_W.216,1556.0,15.28,0.0,0,225.34
p1_N2_S2.153,1530.0,61.07,48.0,1,252.03
p1_S2_N2.154,1540.0,46.97,35.0,1,227.31
p1_S2_N2.155,1550.0,46.75,31.0,1,238.88
p1_S2_N2.156,1560.0,35.88,20.0,1,222.61
p1_N2_S2.154,1540.0,55.61,43.0,1,246.99
p1_E_W.217,1563.0,15.51,0.0,0,233.18
p1_S2_N2.157,1570.0,30.38,13.0,1,220.9
p1_N2_S2.155,1550.0,46.71,33.0,1,227.1
p1_E_W.218,1570.0,9.03,0.0,0,211.51
p1_S2_N2.158,1580.0,14.77,2.0,1,178.68
p1_N2_S2.156,1560.0,38.48,23.0,1,208.72
p1_E_N1.52,1560.0,9.05,0.0,0,211.69
p1_S2_N2.159,1590.0,15.01,0.0,0,191.72
p1_N2_S2.157,1570.0,34.69,17.0,1,215.2
p1_S1_N1.154,1540.0,70.1,49.0,2,277.58
p1_N1_S1.156,1560.0,50.38,38.0,1,233.56
p1_N2_S2.158,1580.0,30.81,12.0,1,221.95
p1_S2_N2.160,1600.0,6.05,0.0,0,156.81
p1_N1_S1.157,1570.0,42.27,31.0,1,223.34
p1_N2_S2.159,1590.0,22.54,3.0,1,209.04
p1_S1_N1.155,1550.0,58.28,46.0,1,242.29
p1_W_E.381,1424.0,171.47,77.0,5,503.36
p1_N1_S1.158,1580.0,31.3,19.0,1,206.59
p1_S1_N1.156,1560.0,57.85,43.0,1,250.67
p1_W_E.382,1427.0,170.29,75.0,6,517.18
p1_N1_S1.159,1590.0,24.0,12.0,1,197.74
p1_S1_N1.157,1570.0,47.11,33.0,1,232.82
p1_S1_N1.158,1580.0,40.9,28.0,1,230.49
p1_N1_S1.160,1600.0,19.97,4.0,1,196.08
p1_N1_S1.161,1610.0,9.37,0.0,0,178.18
p1_S1_N1.159,1590.0,33.26,17.0,1,223.19
p1_N1_S1.162,1620.0,6.2,0.0,0,150.36
p1_W_E.383,1430.0,159.61,72.0,5,473.92
p1_S1_N1.160,1600.0,25.65,11.0,1,198.74
p1_S1_N1.161,1610.0,15.05,1.0,1,179.19
p1_W_E.384,1433.0,153.72,71.0,5,459.54
p1_S1_N1.162,1620.0,13.16,0.0,0,174.33
p1_W_E.385,1436.0,176.37,68.0,5,492.34
p1_W_E.386,1452.0,149.87,64.0,5,482.0
p1_S1_E.49,1473.0,133.14,80.0,4,458.43
p1_N2_W.51,1533.0,83.45,61.0,2,348.47
p1_S1_E.50,1503.0,104.27,63.0,3,422.54
p1_S1_E.51,1533.0,84.47,36.0,3,377.34
p1_W_E.387,1455.0,160.99,74.0,5,497.2
p1_N2_W.52,1563.0,49.8,28.0,2,295.17
p1_W_E.388,1458.0,152.18,71.0,6,491.93
p1_E_W.219,1577.0,38.79,25.0,1,270.44
p1_W_E.389,1461.0,164.15,69.0,6,505.89
p1_W_S2.39,1467.0,150.63,65.0,6,473.03
p1_E_W.220,1584.0,38.6,21.0,1,296.12
p1_E_N1.53,1590.0,35.43,19.0,1,280.65
p1_W_E.390,1464.0,162.91,65.0,4,504.75
p1_E_W.221,1593.0,34.48,16.0,1,267.95
p1_W_E.391,1471.0,157.7,62.0,7,501.3
p1_E_W.222,1599.0,30.28,13.0,1,281.81
p1_W_E.392,1474.0,156.55,59.0,5,486.24
p1_E_W.223,1606.0,25.13,6.0,1,268.57
p1_W_E.393,1477.0,155.23,59.0,5,479.95
p1_E_W.224,1613.0,20.04,2.0,1,253.53
p1_W_E.394,1480.0,154.05,60.0,6,477.49
p1_W_E.395,1483.0,152.93,58.0,6,491.44
p1_E_W.225,1620.0,9.82,0.0,0,222.65
p1_W_E.396,1486.0,151.67,55.0,5,475.13
p1_E_N1.54,1623.0,14.18,0.0,0,237.03
p1_W_E.397,1489.0,143.9,52.0,4,466.14
p1_W_E.398,1492.0,149.46,52.0,4,468.85
p1_E_W.226,1628.0,7.98,0.0,0,198.57
p1_S2_N2.161,1610.0,51.62,40.0,1,234.87
p1_S2_N2.162,1620.0,49.39,37.0,1,236.46
p1_S2_N2.163,1630.0,41.09,28.0,1,228.75
p1_N2_S2.160,1600.0,60.33,46.0,1,247.01
p1_N2_S2.161,1610.0,59.83,44.0,1,258.65
p1_E_W.227,1635.0,7.68,0.0,0,199.3
p1_S2_N2.164,1640.0,26.43,12.0,1,199.55
p1_N2_S2.162,1620.0,56.61,39.0,1,265.9
p1_S2_N2.165,1650.0,26.52,9.0,1,202.91
p1_E_W.228,1642.0,13.53,0.0,0,222.06
p1_N2_S2.163,1630.0,46.15,30.0,1,244.43
p1_S2_N2.166,1660.0,18.31,1.0,1,179.88
p1_N2_S2.164,1640.0,40.14,20.0,1,236.98
p1_S2_N2.167,1670.0,10.01,0.0,0,175.69
p1_N2_S2.165,1650.0,31.77,14.0,1,235.13
p1_S1_N1.163,1630.0,56.45,46.0,1,248.03
p1_W_E.399,1495.0,170.61,71.0,6,495.38
p1_N1_S1.163,1630.0,52.62,41.0,1,236.36
p1_W_S2.40,1501.0,169.65,69.0,5,464.77
p1_N1_S1.164,1640.0,52.02,38.0,1,243.38
p1_N1_S1.165,1650.0,43.69,28.0,1,230.75
p1_W_E.400,1498.0,161.26,68.0,5,473.78
p1_N1_S1.166,1660.0,35.41,21.0,1,229.17
p1_W_E.401,1504.0,162.87,69.0,5,469.1
p1_S1_N1.164,1640.0,40.78,29.0,1,213.3
p1_N1_S1.167,1670.0,27.09,11.0,1,228.13
p1_S1_E.52,1563.0,113.75,77.0,3,403.61
p1_S1_N1.165,1650.0,49.06,27.0,1,228.31
p1_S1_E.53,1593.0,85.89,45.0,3,366.59
p1_S1_N1.166,1660.0,40.69,21.0,1,228.62
p1_S1_E.54,1623.0,52.54,21.0,2,320.71
p1_S1_N1.167,1670.0,32.39,14.0,1,227.75
p1_W_E.402,1507.0,173.07,75.0,5,503.1
p1_N1_S1.168,1680.0,8.04,0.0,0,150.2
p1_S1_N1.168,1680.0,24.24,5.0,1,211.75
p1_N1_S1.169,1690.0,16.03,0.0,0,181.43
p1_S1_N1.169,1690.0,15.98,0.0,0,196.24
p1_W_E.403,1510.0,164.53,72.0,5,479.84
p1_W_E.404,1523.0,154.58,67.0,4,466.37
p1_W_E.405,1526.0,163.42,64.0,5,484.18
p1_W_E.406,1529.0,152.58,64.0,4,472.88
p1_W_E.407,1532.0,155.57,63.0,4,488.65
p1_E_W.229,1649.0,31.43,20.0,1,244.75
p1_N2_W.53,1593.0,101.0,70.0,3,394.13
p1_W_E.408,1535.0,159.91,61.0,5,501.54
p1_N2_W.54,1623.0,72.73,49.0,2,343.86
p1_W_E.409,1538.0,158.41,60.0,5,508.34
p1_N2_W.55,1653.0,44.09,17.0,2,308.34
p1_W_E.410,1541.0,157.41,62.0,7,507.8
p1_W_S2.41,1544.0,152.2,61.0,5,480.22
p1_E_W.230,1656.0,43.26,21.0,1,299.81
p1_E_N1.55,1652.0,37.52,21.0,1,273.95
p1_W_E.411,1547.0,147.66,58.0,4,469.75
p1_W_E.412,1550.0,154.78,57.0,5,496.89
p1_W_E.413,1553.0,153.6,57.0,5,486.85
p1_E_N1.56,1681.0,26.06,3.0,1,263.8
p1_E_W.231,1664.0,25.61,9.0,1,250.3
p1_W_E.414,1556.0,148.56,54.0,7,478.7
p1_W_E.415,1559.0,151.05,50.0,5,464.27
p1_E_W.232,1671.0,31.3,7.0,1,264.93
p1_W_E.416,1562.0,149.89,49.0,4,473.51
p1_E_W.233,1678.0,33.23,5.0,1,271.56
p1_E_W.234,1685.0,27.92,1.0,1,277.46
p1_W_E.417,1565.0,145.39,49.0,5,470.67
p1_E_W.235,1692.0,22.64,0.0,0,263.49
p1_W_E.418,1568.0,147.5,47.0,6,481.15
p1_E_W.236,1700.0,16.32,0.0,0,243.3
p1_N2_S2.166,1660.0,79.73,62.0,2,302.43
p1_S2_N2.168,1680.0,60.47,49.0,1,248.89
p1_E_W.237,1707.0,9.69,0.0,0,213.62
p1_N2_S2.167,1670.0,70.4,54.0,1,275.58
p1_S2_N2.169,1690.0,51.55,39.0,1,237.48
p1_N2_S2.168,1680.0,64.64,53.0,1,261.69
p1_S2_N2.170,1700.0,45.3,33.0,1,236.67
p1_S2_N2.171,1710.0,37.08,24.0,1,223.62
p1_E_W.238,1714.0,14.04,0.0,0,221.17
p1_S2_N2.172,1720.0,28.89,15.0,1,215.95
p1_S2_N2.173,1730.0,20.61,8.0,1,196.58
p1_N2_S2.169,1690.0,57.62,45.0,1,245.31
p1_E_N1.57,1710.0,9.75,0.0,0,207.55
p1_E_W.239,1721.0,8.85,0.0,0,205.03
p1_N2_S2.170,1700.0,52.76,37.0,1,246.39
p1_S2_N2.174,1740.0,12.3,0.0,0,184.35
p1_N1_S1.170,1700.0,57.66,47.0,1,248.14
p1_N2_S2.171,1710.0,39.23,25.0,1,211.4
p1_S1_N1.170,1700.0,55.28,43.0,1,243.72
p1_N2_S2.172,1720.0,39.12,22.0,1,235.05
p1_N1_S1.171,1710.0,49.17,37.0,1,239.41
p1_S1_N1.171,1710.0,48.11,37.0,1,231.85
p1_N2_S2.173,1730.0,29.78,13.0,1,216.7
p1_N1_S1.172,1720.0,41.86,29.0,1,227.98
p1_N2_S2.174,1740.0,22.6,6.0,1,206.82
p1_S1_N1.172,1720.0,43.32,32.0,1,225.34
p1_N1_S1.173,1730.0,33.38,20.0,1,208.75
p1_S1_N1.173,1730.0,35.13,23.0,1,210.18
p1_S2_N2.175,1750.0,6.87,0.0,0,147.3
p1_N1_S1.174,1740.0,24.14,10.0,1,197.84
p1_S1_N1.174,1740.0,26.93,15.0,1,199.84
p1_W_E.419,1571.0,176.14,75.0,5,513.92
p1_N1_S1.175,1750.0,18.69,5.0,1,190.45
p1_N1_S1.176,1760.0,8.52,0.0,0,169.39
p1_S1_E.55,1653.0,91.95,62.0,3,384.91
p1_S1_E.56,1683.0,62.85,30.0,3,334.33
p1_W_E.420,1574.0,181.16,83.0,6,531.38
p1_W_S2.42,1589.0,165.96,79.0,5,489.94
p1_S1_N1.175,1750.0,17.23,4.0,1,185.79
p1_W_E.421,1592.0,163.97,77.0,5,483.48
p1_S1_N1.176,1760.0,14.08,0.0,0,182.12
p1_W_E.422,1595.0,163.77,74.0,4,484.18
p1_E_W.240,1728.0,30.28,19.0,1,249.83
p1_W_E.423,1598.0,162.58,72.0,4,487.03
p1_N2_W.56,1683.0,76.73,57.0,2,343.81
p1_W_E.424,1601.0,161.29,69.0,4,487.91
p1_N2_W.57,1713.0,49.21,24.0,1,307.63
p1_W_E.425,1604.0,160.09,69.0,4,467.8
p1_N2_W.58,1743.0,21.55,5.0,1,249.61
p1_W_E.426,1607.0,152.83,67.0,4,466.85
p1_W_E.427,1610.0,161.35,70.0,5,483.38
p1_W_E.428,1613.0,160.95,66.0,5,489.05
p1_E_W.241,1736.0,31.84,20.0,1,254.49
p1_E_N1.58,1740.0,32.23,19.0,1,263.21
p1_E_W.242,1743.0,34.59,17.0,1,269.82
p1_W_E.429,1616.0,146.67,64.0,5,454.12
p1_W_S2.43,1622.0,154.06,61.0,4,453.22
p1_W_E.430,1619.0,160.86,63.0,4,460.01
p1_E_W.243,1750.0,26.69,11.0,1,257.37
p1_W_E.431,1625.0,156.51,60.0,4,452.85
p1_W_E.432,1628.0,155.18,61.0,4,460.9
p1_E_W.244,1757.0,25.6,6.0,1,268.28
p1_W_E.433,1631.0,153.91,59.0,4,475.28
p1_E_W.245,1764.0,20.39,0.0,0,261.83
p1_E_N1.59,1770.0,15.89,0.0,0,245.02
p1_W_E.434,1650.0,136.65,49.0,3,444.41
p1_E_W.246,1773.0,14.83,0.0,0,237.09
p1_W_E.435,1654.0,134.39,47.0,3,436.49
p1_E_W.247,1779.0,10.62,0.0,0,214.64
p1_W_E.436,1659.0,114.92,47.0,5,396.76
p1_W_E.437,1662.0,139.05,45.0,3,423.42
p1_E_W.248,1786.0,6.69,0.0,0,196.47
p1_W_E.438,1665.0,114.66,44.0,3,399.31
p1_S1_E.57,1713.0,91.94,51.0,2,356.31
p1_N2_S2.175,1750.0,76.73,57.0,1,288.57
p1_E_W.249,1793.0,11.55,0.0,0,204.15
p1_S1_E.58,1743.0,54.86,22.0,2,334.09
p1_N2_S2.176,1760.0,68.58,56.0,1,265.75
p1_S2_N2.176,1760.0,64.34,53.0,1,256.88
p1_S1_N1.177,1770.0,56.45,47.0,1,245.79
p1_W_E.439,1668.0,140.54,54.0,4,466.84
p1_N2_S2.177,1770.0,60.51,48.0,1,249.34
p1_S2_N2.177,1770.0,58.01,46.0,1,249.14
p1_N1_S1.177,1770.0,56.32,44.0,1,236.05
p1_S1_N1.178,1780.0,52.25,40.0,1,240.93
p1_S2_N2.178,1780.0,51.94,36.0,1,241.47
p1_S2_N2.179,1790.0,43.67,31.0,1,238.68
p1_N2_S2.178,1780.0,54.19,43.0,1,242.76
p1_N1_S1.178,1780.0,46.41,34.0,1,223.37
p2_S2_N2.0,1800.0,35.43,22.0,1,220.57
p1_N1_S1.179,1790.0,39.28,27.0,1,215.5
p1_S1_N1.179,1790.0,41.9,29.0,1,223.72
p1_N2_S2.179,1790.0,44.94,32.0,1,234.01
p2_S1_N1.0,1800.0,38.48,24.0,1,225.61
p2_N1_S1.0,1800.0,39.1,23.0,1,226.62
p2_N2_S2.0,1800.0,39.31,26.0,1,221.87
p2_S1_N1.1,1810.0,25.17,12.0,1,194.24
p2_S1_N1.2,1820.0,23.18,7.0,1,196.98
p2_S1_N1.3,1830.0,6.77,0.0,0,156.41
p2_N1_S1.1,1810.0,38.63,20.0,2,221.88
p2_N2_S2.1,1810.0,22.83,10.0,1,198.01
p2_N1_S1.2,1820.0,30.5,12.0,2,215.35
p1_W_E.440,1671.0,159.0,75.0,5,475.6
p2_N2_S2.2,1820.0,32.05,8.0,1,206.69
p2_N1_S1.3,1830.0,22.38,2.0,1,200.98
p2_S1_N1.4,1840.0,5.71,0.0,0,154.99
p2_N2_S2.3,1830.0,23.91,0.0,0,208.81
p1_W_S2.44,1674.0,158.55,71.0,5,480.18
p1_W_E.441,1677.0,155.28,69.0,5,466.51
p2_S1_N1.5,1850.0,6.0,0.0,0,150.35
p1_W_E.442,1680.0,156.53,65.0,5,452.37
p2_E_W.0,1800.0,41.19,28.0,1,261.94
p1_W_E.443,1683.0,144.47,64.0,4,445.55
p1_W_E.444,1686.0,143.56,63.0,6,443.27
p1_W_E.445,1689.0,152.6,60.0,4,450.32
p1_W_E.446,1692.0,157.97,58.0,4,461.43
p1_W_E.447,1695.0,148.08,59.0,5,467.5
p1_W_E.448,1698.0,155.43,57.0,5,471.65
p1_W_S2.45,1729.0,125.2,43.0,4,408.9
p1_W_E.449,1701.0,135.64,57.0,4,432.65
p1_W_E.450,1726.0,133.93,44.0,4,413.1
p1_W_E.451,1732.0,119.8,43.0,4,428.1
p1_W_E.452,1735.0,105.76,43.0,4,397.23
p1_W_E.453,1738.0,117.61,41.0,4,407.06
p1_W_E.454,1741.0,131.74,40.0,5,405.53
p1_S1_E.59,1773.0,101.83,61.0,2,396.39
p2_N1_E.0,1803.0,68.74,29.0,3,346.72
p2_N1_E.1,1833.0,44.87,2.0,1,323.88
p1_W_E.455,1744.0,133.08,54.0,3,440.21
p1_W_E.456,1747.0,135.05,51.0,3,450.06
p1_W_E.457,1750.0,133.79,51.0,3,444.57
p1_W_E.458,1753.0,132.55,50.0,4,453.19
p2_E_S1.0,1803.0,81.84,64.0,2,332.24
p2_S2_N2.1,1810.0,96.19,75.0,3,302.01
p1_W_E.459,1756.0,125.24,50.0,4,426.44
p2_N1_S1.4,1840.0,69.22,47.0,2,272.59
p2_S1_N1.6,1860.0,49.5,38.0,1,235.81
p2_S2_N2.2,1820.0,89.73,67.0,3,311.01
p1_W_E.460,1759.0,121.53,49.0,3,420.5
p2_N1_S1.5,1850.0,61.5,45.0,1,248.48
p2_S2_N2.3,1830.0,82.1,58.0,2,287.63
p2_N2_S2.4,1840.0,64.27,53.0,1,256.07
p2_N1_S1.6,1860.0,53.37,42.0,1,243.45
p2_S1_N1.7,1870.0,39.94,29.0,1,211.09
p2_N2_S2.5,1850.0,63.88,49.0,1,254.38
p2_N2_S2.6,1860.0,55.49,39.0,1,250.48
p2_S1_N1.8,1880.0,34.48,21.0,1,221.04
p2_S1_N1.9,1890.0,26.63,14.0,1,201.39
p2_N2_S2.7,1870.0,47.29,32.0,1,245.26
p2_N2_S2.8,1880.0,38.36,21.0,1,234.76
p2_N2_S2.9,1890.0,30.84,14.0,1,222.28
p2_N2_S2.10,1900.0,22.5,6.0,1,209.09
p2_E_W.1,1806.0,95.37,73.0,3,347.59
p1_N2_W.59,1773.0,129.99,100.0,4,415.75
p2_S2_W.0,1803.0,101.54,73.0,4,388.81
p2_N2_S2.11,1910.0,7.23,0.0,0,157.4
p1_W_S2.46,1762.0,144.58,73.0,4,461.01
p1_W_E.461,1765.0,145.66,70.0,5,455.62
p1_W_E.462,1768.0,144.88,68.0,4,452.3
p1_W_E.463,1771.0,144.01,68.0,4,450.59
p2_E_W.2,1809.0,83.13,57.0,3,339.77
p1_W_E.464,1774.0,142.67,64.0,4,448.8
p2_E_W.3,1812.0,105.39,56.0,3,363.84
p1_W_E.465,1777.0,142.34,62.0,4,441.42
p2_E_W.4,1815.0,102.54,54.0,3,375.87
p1_W_E.466,1780.0,141.16,61.0,4,427.29
p2_E_W.5,1818.0,93.47,55.0,3,369.68
p2_E_W.6,1821.0,100.13,53.0,3,378.98
p1_W_E.467,1797.0,124.06,53.0,3,410.36
p2_E_W.7,1824.0,94.95,51.0,3,381.55
p2_E_W.8,1827.0,95.05,53.0,3,385.57
p2_E_W.9,1830.0,98.15,50.0,3,395.18
p2_E_W.10,1833.0,93.64,48.0,4,384.13
p1_W_E.468,1800.0,113.53,51.0,3,389.69
p1_W_E.469,1803.0,126.86,50.0,3,424.29
p1_W_S2.47,1809.0,120.0,51.0,3,430.62
p1_W_E.470,1806.0,130.44,51.0,3,439.51
p1_W_E.471,1812.0,123.03,50.0,3,444.95
p1_W_E.472,1816.0,116.47,49.0,3,439.84
p1_W_E.473,1819.0,120.23,47.0,3,446.9
p1_W_E.474,1821.0,123.16,45.0,3,430.8
p2_E_S1.1,1836.0,105.09,59.0,5,398.54
p2_N1_E.2,1863.0,82.29,51.0,2,371.9
p2_N1_S1.7,1870.0,97.37,78.0,2,311.38
p2_S1_N1.10,1900.0,66.06,47.0,2,270.57
p1_W_E.475,1825.0,122.65,55.0,4,455.86
p2_N1_S1.8,1880.0,87.55,66.0,2,295.44
p2_S1_N1.11,1910.0,59.93,43.0,1,258.27
p1_W_E.476,1828.0,121.45,50.0,4,455.13
p2_N1_S1.9,1890.0,81.34,60.0,2,283.78
p2_S1_N1.12,1920.0,51.66,37.0,1,236.3
p1_W_E.477,1831.0,117.8,48.0,4,453.11
p2_S1_N1.13,1930.0,43.51,30.0,1,230.8
p1_W_E.478,1834.0,118.95,48.0,4,445.54
p2_S1_N1.14,1940.0,35.3,20.0,1,213.87
p1_W_E.479,1837.0,116.83,44.0,4,441.41
p1_W_E.480,1840.0,111.43,40.0,4,414.95
p1_W_S2.48,1843.0,111.73,37.0,4,405.34
p1_W_E.481,1846.0,112.27,36.0,5,423.6
p1_W_E.482,1849.0,107.72,34.0,5,405.73
p2_S1_N1.15,1950.0,20.03,6.0,1,188.77
p2_S1_N1.16,1960.0,22.09,3.0,1,199.25
p2_S1_N1.17,1970.0,17.82,0.0,0,191.43
p2_E_W.11,1839.0,125.84,76.0,6,426.99
p2_N2_S2.12,1920.0,67.05,56.0,1,261.95
p2_S2_N2.4,1840.0,144.92,118.0,4,375.89
p2_N2_S2.13,1930.0,61.64,49.0,1,259.52
p2_S2_N2.5,1850.0,143.31,114.0,3,379.64
p2_S2_N2.6,1860.0,135.08,106.0,4,368.31
p2_N2_S2.14,1940.0,47.98,36.0,1,227.12
p2_E_W.12,1842.0,111.05,69.0,5,395.8
p2_N2_S2.15,1950.0,50.02,32.0,1,237.35
p2_N2_S2.16,1960.0,41.67,22.0,1,225.51
p2_E_W.13,1845.0,135.32,67.0,5,424.73
p2_E_W.14,1848.0,125.5,64.0,5,420.71
p2_N2_S2.17,1970.0,33.44,16.0,1,237.18
p2_E_W.15,1851.0,132.62,61.0,5,437.51
p2_N2_S2.18,1980.0,23.84,6.0,1,206.43
p2_E_W.16,1854.0,131.32,59.0,5,436.58
p2_N2_S2.19,1990.0,16.88,0.0,0,200.23
p2_E_W.17,1857.0,130.1,57.0,5,422.37
p2_E_W.18,1859.0,129.84,54.0,5,446.39
p2_N2_S2.20,2000.0,6.04,0.0,0,144.06
p2_E_W.19,1863.0,126.91,54.0,6,430.41
p2_E_W.20,1866.0,126.22,52.0,6,436.18
p2_E_S1.2,1869.0,123.85,51.0,6,425.44
p1_W_E.483,1852.0,142.3,66.0,7,465.85
p2_S1_N1.18,1980.0,37.98,26.0,1,219.23
p2_N1_S1.10,1900.0,116.57,87.0,4,344.24
p2_S1_N1.19,1990.0,29.88,18.0,1,209.82
p1_W_E.484,1855.0,136.23,65.0,7,444.44
p2_N1_S1.11,1910.0,110.91,74.0,4,334.58
p2_N1_S1.12,1920.0,102.56,71.0,3,322.35
p1_W_E.485,1858.0,143.91,57.0,6,439.25
p1_W_E.486,1869.0,134.64,53.0,5,449.43
p2_S1_N1.20,2000.0,17.56,4.0,1,185.86
p1_W_E.487,1872.0,133.37,51.0,3,443.71
p2_S1_N1.21,2010.0,17.55,0.0,0,194.39
p1_W_E.488,1875.0,132.09,51.0,3,420.18
p2_S1_N1.22,2020.0,9.36,0.0,0,170.98
p1_W_E.489,1878.0,130.76,49.0,4,427.66
p1_W_E.490,1881.0,128.19,46.0,4,422.25
p2_N1_S1.13,1930.0,102.4,67.0,3,322.64
p1_W_S2.49,1884.0,127.3,45.0,3,429.53
p2_N1_S1.14,1940.0,94.27,58.0,3,308.89
p2_N1_S1.15,1950.0,86.26,51.0,4,296.42
p1_W_E.491,1887.0,114.4,46.0,4,394.37
p1_W_E.492,1890.0,129.24,42.0,5,417.47
p2_N1_E.3,1893.0,129.68,84.0,4,443.77
p1_W_E.493,1893.0,130.17,61.0,5,446.52
p2_S1_N1.23,2030.0,6.91,0.0,0,155.33
p1_W_E.494,1896.0,130.03,59.0,4,437.56
p2_E_W.21,1872.0,155.57,84.0,7,480.98
p2_N2_S2.21,2010.0,39.58,28.0,1,223.65
p1_W_E.495,1899.0,119.29,54.0,5,424.38
p2_S2_N2.7,1870.0,178.34,143.0,5,431.75
p2_E_W.22,1875.0,154.54,77.0,7,471.74
p2_E_W.23,1878.0,153.96,74.0,6,464.71
p2_S2_N2.8,1880.0,168.31,132.0,5,409.55
p2_E_W.24,1881.0,152.67,72.0,6,457.16
p2_S2_N2.9,1890.0,166.1,123.0,5,415.31
p2_N2_S2.22,2020.0,26.46,15.0,1,197.62
p2_E_W.25,1884.0,148.97,71.0,5,462.48
p2_N2_S2.23,2030.0,29.05,13.0,1,208.14
p2_S2_W.1,1833.0,205.47,118.0,10,559.23
p2_N2_S2.24,2040.0,20.89,4.0,1,203.4
p2_N2_S2.25,2050.0,6.45,0.0,0,153.07
p2_E_W.26,1887.0,145.24,80.0,9,453.97
p2_N2_S2.26,2060.0,5.3,0.0,0,147.39
p2_E_W.27,1890.0,155.14,73.0,8,468.21
p2_E_W.28,1893.0,153.76,70.0,8,483.09
p2_E_W.29,1896.0,152.52,69.0,7,477.62
p2_S2_N2.10,1900.0,167.91,119.0,5,418.52
p2_E_W.30,1899.0,140.18,66.0,6,434.03
p2_E_S1.3,1902.0,152.11,66.0,5,454.13
p2_S2_N2.11,1910.0,159.4,104.0,5,408.33
p2_S2_N2.12,1920.0,158.65,98.0,4,409.28
p2_N1_S1.16,1960.0,118.12,73.0,5,348.2
p2_N1_S1.17,1970.0,110.14,61.0,6,327.46
p2_N2_S2.27,2070.0,6.62,0.0,0,141.84
p2_S1_N1.24,2040.0,36.18,23.0,1,210.95
p2_N1_S1.18,1980.0,100.06,53.0,4,302.97
p2_S1_N1.25,2050.0,33.01,18.0,1,215.19
p2_S1_N1.26,2060.0,21.87,8.0,1,193.85
p2_S2_N2.13,1930.0,153.53,96.0,4,393.12
p2_S1_N1.27,2070.0,15.08,0.0,0,194.49
p2_N2_S2.28,2080.0,6.03,0.0,0,157.69
p2_S2_N2.14,1940.0,146.31,97.0,4,386.89
p2_S1_N1.28,2080.0,8.14,0.0,0,166.19
p2_N1_S1.19,1990.0,101.68,52.0,5,302.36
p1_W_E.496,1902.0,169.23,95.0,6,503.09
p1_W_E.497,1905.0,168.06,92.0,5,487.53
p2_N1_S1.20,2000.0,93.48,49.0,2,292.44
p1_W_E.498,1908.0,166.85,93.0,7,505.16
p1_W_E.499,1911.0,164.9,89.0,6,504.89
p2_N1_S1.21,2010.0,83.05,41.0,2,288.32
p1_W_S2.50,1917.0,165.38,85.0,5,467.35
p2_S1_N1.29,2090.0,6.16,0.0,0,142.89
p2_N1_S1.22,2020.0,86.19,38.0,3,290.11
p2_S1_N1.30,2100.0,6.22,0.0,0,159.43
p2_N1_S1.23,2030.0,78.21,27.0,3,267.4
p2_N1_S1.24,2040.0,70.13,24.0,2,267.36
p1_W_E.500,1914.0,149.39,87.0,5,456.52
p1_W_E.501,1920.0,171.53,82.0,5,486.02
p1_W_E.502,1950.0,142.14,63.0,3,448.99
p2_E_W.31,1905.0,188.71,100.0,6,522.58
p1_W_E.503,1953.0,142.26,64.0,4,435.67
p2_E_W.32,1908.0,188.05,96.0,8,527.51
p2_N1_E.4,1923.0,173.39,106.0,5,513.15
p2_E_W.33,1911.0,186.87,102.0,8,518.35
p2_N1_E.5,1953.0,145.15,85.0,5,466.51
p2_E_W.34,1914.0,185.63,99.0,6,507.72
p1_W_E.504,1957.0,143.37,81.0,3,467.48
p1_W_E.505,1960.0,124.12,73.0,3,423.05
p1_W_E.506,1963.0,139.65,74.0,4,444.98
p2_E_W.35,1917.0,179.21,101.0,7,495.38
p2_E_W.36,1920.0,186.02,96.0,8,514.24
p1_W_E.507,1966.0,135.29,71.0,3,448.28
p1_W_S2.51,1978.0,129.36,67.0,3,437.54
p2_E_W.37,1923.0,184.74,96.0,9,513.07
p1_W_E.508,1969.0,138.25,71.0,4,454.39
p1_W_E.509,1972.0,138.04,69.0,3,442.41
p1_W_E.510,1975.0,136.73,69.0,3,457.35
p2_E_W.38,1926.0,173.35,86.0,8,488.52
p1_W_E.511,1981.0,130.37,67.0,3,449.14
p2_E_W.39,1929.0,185.38,85.0,7,508.84
p1_W_E.512,1984.0,129.26,65.0,3,451.88
p2_E_W.40,1932.0,184.06,84.0,7,518.42
p1_W_E.513,1987.0,130.27,63.0,3,445.51
p2_S2_W.2,1863.0,249.49,171.0,7,616.41
p1_W_E.514,1990.0,128.92,64.0,3,460.14
p1_W_E.515,1993.0,127.72,63.0,3,465.96
p2_N1_E.6,1983.0,134.43,68.0,6,447.01
p2_N1_E.7,2013.0,110.87,45.0,4,405.15
p1_W_E.516,1996.0,127.58,73.0,4,452.96
p1_W_E.517,1999.0,128.66,70.0,3,445.53
p1_W_E.518,2002.0,127.45,71.0,3,474.34
p1_W_E.519,2005.0,126.28,70.0,3,466.66
p2_N2_S2.29,2090.0,65.76,54.0,1,258.83
p2_N2_S2.30,2100.0,57.88,46.0,1,252.96
p2_E_S1.4,1934.0,192.9,109.0,7,538.66
p2_S1_N1.31,2110.0,49.16,37.0,1,240.02
p2_S2_N2.15,1950.0,202.57,151.0,5,471.59
p2_N2_S2.31,2110.0,49.82,38.0,1,237.69
p2_N2_S2.32,2120.0,39.49,27.0,1,216.27
p2_N2_S2.33,2130.0,30.94,17.0,1,201.23
p2_N2_S2.34,2140.0,22.63,11.0,1,186.78
p2_S1_N1.32,2120.0,33.41,22.0,1,208.12
p2_N2_S2.35,2150.0,20.14,4.0,1,207.66
p2_S1_N1.33,2130.0,41.05,20.0,1,227.71
p2_N2_S2.36,2160.0,11.93,0.0,0,195.7
p2_S1_N1.34,2140.0,32.88,12.0,1,218.21
p2_S1_N1.35,2150.0,24.53,3.0,1,220.05
p2_N1_S1.25,2050.0,124.8,73.0,3,336.0
p2_S1_N1.36,2160.0,16.25,0.0,0,198.4
p1_W_E.520,2008.0,148.89,91.0,4,480.15
p2_N1_S1.26,2060.0,117.96,73.0,3,337.89
p2_S1_N1.37,2170.0,6.19,0.0,0,149.65
p2_N1_S1.27,2070.0,109.59,67.0,3,332.35
p1_W_S2.52,2011.0,147.63,90.0,4,472.75
p1_W_E.521,2014.0,146.19,88.0,4,473.89
p2_N1_S1.28,2080.0,102.19,56.0,3,308.96
p2_N1_S1.29,2090.0,98.96,49.0,4,305.3
p2_N1_S1.30,2100.0,89.0,41.0,2,299.48
p1_W_E.522,2017.0,135.14,86.0,4,427.44
p2_S1_N1.38,2180.0,6.6,0.0,0,156.27
p1_W_E.523,2020.0,151.13,84.0,4,460.43
p1_W_E.524,2023.0,147.29,82.0,4,475.45
p1_W_E.525,2026.0,138.41,79.0,4,461.69
p2_E_W.41,1938.0,237.05,137.0,8,598.15
p1_W_E.526,2029.0,147.51,78.0,4,473.12
p1_W_E.527,2032.0,136.94,76.0,5,464.03
p1_W_E.528,2035.0,140.65,75.0,4,478.4
p1_W_E.529,2038.0,144.12,72.0,4,486.48
p1_W_S2.53,2044.0,137.21,67.0,4,456.98
p2_E_W.42,1941.0,227.3,131.0,7,581.39
p2_E_W.43,1944.0,238.99,129.0,8,595.49
p1_W_E.530,2041.0,142.92,69.0,4,488.07
p2_E_W.44,1947.0,237.76,128.0,9,599.5
p1_W_E.531,2047.0,135.03,67.0,4,445.13
p2_E_W.45,1950.0,226.51,124.0,8,576.5
p1_W_E.532,2050.0,136.24,63.0,5,462.34
p1_W_E.533,2053.0,136.02,59.0,3,461.56
p2_E_W.46,1952.0,236.37,121.0,7,599.68
p2_E_W.47,1956.0,234.07,114.0,8,598.44
p2_E_W.48,1959.0,232.77,111.0,7,590.32
p2_S2_W.3,1893.0,292.31,198.0,10,676.2
p2_S2_W.4,1923.0,263.53,160.0,8,631.17
p2_E_W.49,1962.0,235.4,130.0,6,603.16
p2_N1_E.8,2043.0,131.96,77.0,3,419.77
p2_E_W.50,1965.0,232.61,128.0,6,582.05
p2_N1_E.9,2073.0,121.35,63.0,3,409.26
p2_N1_E.10,2103.0,85.92,40.0,2,344.49
p1_W_E.534,2056.0,147.81,82.0,3,465.3
p1_W_E.535,2059.0,146.52,82.0,4,472.16
p1_W_E.536,2062.0,143.14,80.0,3,460.34
p2_S1_N1.39,2190.0,45.54,33.0,1,229.27
p1_W_E.537,2065.0,132.64,78.0,3,421.85
p2_E_S1.5,1968.0,237.26,134.0,7,607.32
p1_W_E.538,2068.0,148.4,81.0,4,434.66
p2_S1_N1.40,2200.0,37.02,24.0,1,215.65
p1_W_E.539,2071.0,140.5,79.0,4,457.8
p2_N1_S1.31,2110.0,120.66,78.0,3,336.79
p1_W_E.540,2074.0,145.71,78.0,4,461.16
p2_N1_S1.32,2120.0,121.67,76.0,3,342.21
p2_S1_N1.41,2210.0,30.5,18.0,1,209.77
p2_N1_S1.33,2130.0,113.46,74.0,3,347.27
p2_S1_N1.42,2220.0,21.41,8.0,1,193.92
p2_S2_N2.16,1960.0,279.13,218.0,8,585.54
p2_N2_S2.37,2170.0,70.06,57.0,1,261.43
p2_N2_S2.38,2180.0,63.02,52.0,1,259.81
p2_S1_N1.43,2230.0,13.01,0.0,0,176.66
p2_S2_N2.17,1970.0,276.39,206.0,7,591.72
p2_N2_S2.39,2190.0,57.5,44.0,1,259.3
p2_S1_N1.44,2240.0,7.0,0.0,0,165.19
p2_N1_S1.34,2140.0,111.73,69.0,4,341.89
p2_N2_S2.40,2200.0,44.03,31.0,1,222.99
p2_N2_S2.41,2210.0,42.02,27.0,1,234.76
p2_S2_N2.18,1980.0,258.61,192.0,7,542.05
p2_N1_S1.35,2150.0,101.5,57.0,4,329.25
p2_S1_N1.45,2250.0,5.69,0.0,0,144.81
p2_N1_S1.36,2160.0,97.75,52.0,4,323.36
p2_N2_S2.42,2220.0,27.09,14.0,1,195.46
p2_N2_S2.43,2230.0,28.66,11.0,1,204.67
p2_N1_S1.37,2170.0,89.86,43.0,4,311.74
p2_N2_S2.44,2240.0,14.79,0.0,0,187.49
p2_N1_S1.38,2180.0,81.4,36.0,2,295.42
p2_N2_S2.45,2250.0,11.94,0.0,0,165.79
p2_N1_S1.39,2190.0,73.77,34.0,2,279.89
p2_S1_N1.46,2260.0,5.42,0.0,0,146.52
p1_W_S2.54,2078.0,161.61,100.0,4,487.08
p1_W_E.541,2081.0,164.22,98.0,4,504.41
p1_W_E.542,2084.0,161.23,96.0,4,483.17
p1_W_E.543,2087.0,163.06,95.0,5,492.85
p2_E_W.51,1971.0,279.54,165.0,10,671.18
p1_W_E.544,2090.0,161.83,90.0,5,491.39
p2_E_W.52,1974.0,278.96,162.0,9,649.18
p1_W_E.545,2093.0,160.62,90.0,5,500.13
p2_E_W.53,1977.0,277.74,165.0,11,652.12
p1_W_E.546,2096.0,155.91,92.0,6,487.18
p2_E_W.54,1980.0,276.63,161.0,9,653.79
p1_W_E.547,2099.0,157.33,91.0,4,482.71
p2_E_W.55,1983.0,275.56,156.0,7,648.49
p1_W_E.548,2102.0,157.92,84.0,5,478.56
p2_E_W.56,1986.0,274.88,154.0,7,643.72
p1_W_E.549,2105.0,156.63,85.0,4,479.32
p2_E_W.57,1989.0,273.64,152.0,8,644.3
p1_W_E.550,2108.0,151.25,85.0,6,459.06
p2_E_W.58,1992.0,270.81,149.0,7,630.4
p2_N1_E.11,2133.0,131.92,82.0,5,436.64
p2_E_W.59,1995.0,271.65,141.0,6,636.78
p2_N1_E.12,2163.0,103.76,48.0,4,394.15
p2_E_W.60,1998.0,267.01,141.0,9,630.07
p2_N1_E.13,2193.0,75.21,30.0,1,334.54
p1_W_S2.55,2111.0,164.19,105.0,6,477.15
p1_W_E.551,2138.0,135.99,88.0,4,425.42
p1_W_E.552,2141.0,141.54,87.0,3,438.81
p1_W_E.553,2144.0,140.26,86.0,3,449.44
p1_W_E.554,2147.0,139.02,85.0,3,455.87
p2_E_S1.6,2001.0,285.08,149.0,9,660.91
p1_W_E.555,2150.0,137.84,83.0,3,448.41
p2_N1_S1.40,2200.0,110.69,69.0,3,342.31
p2_S1_N1.47,2270.0,40.59,30.0,1,225.36
p1_W_E.556,2153.0,136.61,82.0,3,462.08
p2_N1_S1.41,2210.0,102.43,67.0,2,310.22
p1_W_E.557,2156.0,135.33,81.0,3,450.55
p1_W_E.558,2159.0,134.1,81.0,3,440.05
p2_S1_N1.48,2280.0,30.48,20.0,1,211.62
p1_W_E.559,2162.0,132.9,79.0,3,437.29
p2_N1_S1.42,2220.0,93.24,62.0,2,310.19
p2_S1_N1.49,2290.0,26.08,12.0,1,200.98
p1_W_E.560,2165.0,130.81,76.0,4,434.52
p2_S1_N1.50,2300.0,11.66,0.0,0,172.85
p2_N1_S1.43,2230.0,93.68,54.0,2,314.21
p2_N2_S2.46,2260.0,61.6,50.0,1,255.55
p2_S1_N1.51,2310.0,13.15,0.0,0,174.02
p2_N1_S1.44,2240.0,85.42,47.0,2,296.21
p2_N2_S2.47,2270.0,54.93,42.0,1,243.76
p2_S2_N2.19,1990.0,328.32,246.0,9,653.05
p2_N1_S1.45,2250.0,77.17,37.0,2,280.39
p2_S1_N1.52,2320.0,5.95,0.0,0,156.24
p2_S2_N2.20,2000.0,326.25,237.0,10,654.43
p2_S2_N2.21,2010.0,319.67,220.0,10,649.49
p2_N1_S1.46,2260.0,71.0,33.0,1,273.52
p2_N2_S2.48,2280.0,42.06,30.0,1,221.37
p2_N2_S2.49,2290.0,40.14,24.0,1,227.59
p2_N2_S2.50,2300.0,35.72,19.0,1,207.27
p2_S1_N1.53,2330.0,5.63,0.0,0,152.2
p2_N2_S2.51,2310.0,27.45,9.0,1,203.82
p2_N2_S2.52,2320.0,19.17,1.0,1,199.94
p2_S2_N2.22,2020.0,320.06,218.0,11,650.54
p2_S2_N2.23,2030.0,311.74,220.0,11,635.78
p2_N1_S1.47,2270.0,55.65,33.0,1,235.42
p2_S2_N2.24,2040.0,303.65,210.0,9,622.9
p2_N1_S1.48,2280.0,64.2,32.0,1,256.61
p2_N2_S2.53,2330.0,6.63,0.0,0,151.45
p2_N2_S2.54,2340.0,8.84,0.0,0,167.61
p2_E_W.61,2004.0,304.37,181.0,9,689.69
p2_S2_N2.25,2050.0,301.91,201.0,7,617.33
p2_E_W.62,2007.0,324.71,178.0,8,730.01
p2_S2_W.5,1953.0,361.39,258.0,11,795.11
p2_S2_N2.26,2060.0,290.92,196.0,7,606.13
p2_S2_N2.27,2070.0,286.58,186.0,6,587.03
p2_E_W.63,2010.0,325.47,202.0,9,732.4
p2_E_W.64,2013.0,322.95,196.0,7,738.96
p2_S2_N2.28,2080.0,279.13,175.0,6,575.96
p2_E_W.65,2016.0,323.06,194.0,9,761.65
p2_S2_N2.29,2090.0,270.86,170.0,6,565.51
p2_E_W.66,2019.0,321.77,190.0,8,753.69
p2_S2_N2.30,2100.0,262.92,170.0,5,557.25
p2_E_W.67,2022.0,304.21,190.0,7,686.26
p2_N2_S2.55,2350.0,6.74,0.0,0,151.48
p2_E_W.68,2025.0,299.01,187.0,8,676.38
p2_E_W.69,2028.0,312.39,181.0,9,705.04
p1_W_E.561,2171.0,180.08,117.0,4,490.1
p2_E_W.70,2031.0,319.46,181.0,9,712.81
p1_W_E.562,2174.0,178.78,117.0,4,493.43
p2_E_S1.7,2034.0,319.38,185.0,10,715.75
p1_W_S2.56,2168.0,172.02,120.0,5,485.43
p2_N1_S1.49,2290.0,87.32,62.0,2,297.48
p2_S1_N1.54,2340.0,37.84,24.0,1,221.11
p2_S1_N1.55,2350.0,29.63,17.0,1,209.59
p2_N1_S1.50,2300.0,78.31,52.0,2,278.77
p1_W_E.563,2204.0,141.67,96.0,3,433.16
p2_N1_S1.51,2310.0,71.71,43.0,2,278.28
p1_W_E.564,2207.0,148.15,95.0,4,461.25
p2_S1_N1.56,2360.0,19.29,6.0,1,189.33
p1_W_E.565,2210.0,153.65,93.0,3,477.8
p2_S1_N1.57,2370.0,14.08,0.0,0,190.87
p2_S1_N1.58,2380.0,6.73,0.0,0,149.29
p2_N1_E.14,2223.0,123.69,81.0,4,419.54
p2_N1_S1.52,2320.0,71.56,37.0,3,279.79
p2_N1_E.15,2253.0,116.24,57.0,3,395.37
p2_N1_S1.53,2330.0,63.37,31.0,2,264.26
p2_N1_E.16,2283.0,74.25,43.0,2,342.11
p2_N1_S1.54,2340.0,55.72,29.0,1,245.21
p2_S1_N1.59,2390.0,5.64,0.0,0,147.65
p1_W_E.566,2213.0,156.66,94.0,4,506.45
p1_W_E.567,2216.0,160.78,93.0,5,513.21
p1_W_S2.57,2228.0,149.35,88.0,4,483.14
p1_W_E.568,2219.0,159.43,91.0,4,518.32
p1_W_E.569,2222.0,158.11,91.0,5,505.7
p2_N1_S1.55,2350.0,51.35,28.0,2,236.72
p1_W_E.570,2225.0,156.94,90.0,5,513.52
p1_W_E.571,2231.0,152.69,87.0,4,502.79
p1_W_E.572,2234.0,151.53,83.0,4,499.48
p2_N1_S1.56,2360.0,39.92,18.0,1,219.16
p2_E_W.71,2037.0,348.35,211.0,9,749.72
p2_N2_S2.56,2360.0,45.94,35.0,1,229.28
p2_N2_S2.57,2370.0,42.77,29.0,1,229.6
p2_S2_N2.31,2110.0,295.35,200.0,6,590.55
p2_E_W.72,2040.0,346.38,205.0,9,766.61
p2_S2_N2.32,2120.0,288.79,198.0,7,592.64
p2_S2_W.6,1983.0,403.96,281.0,14,844.5
p2_S2_N2.33,2130.0,286.69,199.0,5,601.34
p2_N2_S2.58,2380.0,28.25,16.0,1,204.55
p2_E_W.73,2043.0,353.7,229.0,10,784.29
p2_N2_S2.59,2390.0,24.65,10.0,1,202.16
p2_E_W.74,2046.0,350.05,228.0,9,786.05
p2_E_W.75,2049.0,351.33,222.0,8,785.18
p2_E_W.76,2052.0,348.09,225.0,11,769.32
p2_N2_S2.60,2400.0,11.16,0.0,0,174.27
p2_E_W.77,2055.0,348.74,220.0,11,782.02
p2_N2_S2.61,2410.0,15.06,0.0,0,174.55
p2_E_W.78,2058.0,347.62,218.0,11,785.94
p2_N2_S2.62,2420.0,6.34,0.0,0,149.47
p2_S2_N2.34,2140.0,280.46,192.0,6,581.88
p2_E_W.79,2061.0,346.36,209.0,7,781.48
p2_S2_N2.35,2150.0,274.3,182.0,6,587.36
p2_S2_N2.36,2160.0,269.93,172.0,5,575.72
p2_S2_N2.37,2170.0,263.69,165.0,4,570.37
p2_S2_N2.38,2180.0,252.5,157.0,5,538.05
p2_E_W.80,2064.0,332.09,213.0,9,734.28
p2_S2_N2.39,2190.0,247.34,148.0,4,539.26
p2_N2_S2.63,2430.0,6.24,0.0,0,143.79
p2_S2_N2.40,2200.0,239.08,142.0,4,513.6
p2_E_S1.8,2067.0,356.78,217.0,10,782.85
p2_N1_S1.57,2370.0,78.3,47.0,2,285.53
p1_W_E.573,2237.0,180.24,116.0,5,514.14
p2_S1_N1.60,2400.0,46.03,34.0,1,225.33
p1_W_E.574,2240.0,190.36,115.0,5,534.42
p2_S1_N1.61,2410.0,42.62,27.0,1,223.59
p1_W_E.575,2243.0,184.62,112.0,5,536.87
p2_S1_N1.62,2420.0,34.36,19.0,1,215.14
p1_W_E.576,2246.0,187.91,108.0,5,535.57
p2_S1_N1.63,2430.0,26.08,11.0,1,200.74
p1_W_E.577,2249.0,186.64,109.0,5,540.24
p1_W_E.578,2252.0,185.29,103.0,7,536.24
p1_W_E.579,2255.0,184.15,102.0,6,522.99
p2_N1_E.17,2313.0,123.65,74.0,4,440.69
p2_N1_E.18,2343.0,99.35,61.0,4,401.99
p2_S1_N1.64,2440.0,9.03,0.0,0,168.82
p1_W_E.580,2258.0,182.1,118.0,6,514.84
p2_S1_N1.65,2450.0,16.87,0.0,0,184.74
p1_W_S2.58,2261.0,183.14,115.0,5,526.19
p1_W_E.581,2283.0,163.05,100.0,5,484.63
p2_S1_N1.66,2460.0,5.93,0.0,0,146.53
p1_W_E.582,2286.0,164.92,99.0,6,497.74
p1_W_E.583,2289.0,163.82,98.0,5,515.66
p1_W_E.584,2292.0,161.11,98.0,6,507.74
p2_N1_S1.58,2380.0,74.99,43.0,2,275.97
p1_W_E.585,2295.0,161.32,93.0,5,518.83
p2_N1_S1.59,2390.0,88.29,42.0,2,292.28
p2_N1_S1.60,2400.0,71.4,39.0,2,267.47
p2_E_W.81,2070.0,389.36,246.0,11,835.91
p2_E_W.82,2073.0,388.17,237.0,10,814.74
p2_N1_S1.61,2410.0,71.52,38.0,2,277.75
p2_N1_S1.62,2420.0,63.7,31.0,2,281.77
p2_E_W.83,2076.0,386.21,229.0,10,814.64
p2_E_W.84,2079.0,386.15,233.0,11,818.01
p2_E_W.85,2082.0,384.88,232.0,11,806.71
p2_S2_W.7,2012.0,455.39,301.0,17,916.39
p2_S2_W.8,2043.0,426.87,278.0,13,903.5
p1_W_E.586,2298.0,138.61,88.0,5,439.04
p2_S2_W.9,2073.0,399.23,249.0,11,843.16
p1_W_E.587,2301.0,171.38,89.0,6,467.45
p1_W_S2.59,2313.0,148.87,83.0,5,460.97
p2_S2_W.10,2103.0,370.67,222.0,12,785.11
p1_W_E.588,2304.0,172.44,87.0,5,477.79
p1_W_E.589,2307.0,168.96,84.0,6,479.45
p1_W_E.590,2310.0,169.82,83.0,5,481.11
p2_E_W.86,2085.0,388.09,250.0,12,816.38
p2_E_W.87,2088.0,393.1,247.0,11,829.24
p1_W_E.591,2316.0,158.08,78.0,5,474.04
p2_E_W.88,2105.0,377.89,237.0,10,816.67
p1_W_E.592,2319.0,161.64,77.0,5,481.39
p2_E_W.89,2108.0,376.68,232.0,9,825.62
p1_W_E.593,2322.0,163.4,74.0,4,483.46
p2_E_W.90,2111.0,375.31,229.0,10,817.59
p1_W_E.594,2325.0,155.94,74.0,5,472.72
p2_N2_S2.64,2440.0,69.33,58.0,1,264.84
p2_E_S1.9,2115.0,372.68,227.0,8,806.4
p2_S2_N2.41,2210.0,300.08,202.0,5,613.64
p2_N1_E.19,2373.0,115.41,55.0,3,424.1
p2_N2_S2.65,2450.0,60.47,49.0,1,246.35
p2_W_N1.0,2371.0,138.22,80.0,5,386.69
p2_N1_E.20,2403.0,86.09,38.0,2,366.5
p2_N1_S1.63,2430.0,83.52,59.0,3,300.88
p2_N2_S2.66,2460.0,53.53,41.0,1,247.73
p2_S1_N1.67,2470.0,44.23,32.0,1,230.83
p2_S1_N1.68,2480.0,35.93,24.0,1,212.62
p2_N2_S2.67,2470.0,44.27,32.0,1,228.6
p2_S1_N1.69,2490.0,27.71,15.0,1,200.89
p2_S2_N2.42,2220.0,285.56,200.0,4,600.84
p2_N2_S2.68,2480.0,36.52,23.0,1,214.34
p2_S1_N1.70,2500.0,18.53,6.0,1,194.6
p2_N2_S2.69,2490.0,28.88,15.0,1,205.41
p2_N2_S2.70,2500.0,22.85,9.0,1,200.36
p2_S1_N1.71,2510.0,9.24,0.0,0,167.75
p2_N2_S2.71,2510.0,14.55,0.0,0,181.95
p2_S1_N1.72,2520.0,6.14,0.0,0,157.56
p2_N2_S2.72,2520.0,5.68,0.0,0,152.63
p2_S2_N2.43,2230.0,303.07,204.0,6,624.42
p2_S1_N1.73,2530.0,5.73,0.0,0,153.49
p2_S2_N2.44,2240.0,294.25,205.0,7,610.6
p2_S2_N2.45,2250.0,287.63,195.0,8,609.85
p2_N1_S1.64,2440.0,85.08,52.0,4,293.17
p2_N1_S1.65,2450.0,88.13,44.0,4,301.03
p2_S2_N2.46,2260.0,281.54,185.0,8,578.88
p2_N1_S1.66,2460.0,82.6,38.0,3,285.5
p2_N1_S1.67,2470.0,74.32,36.0,3,290.6
p2_S1_N1.74,2540.0,5.07,0.0,0,147.2
p2_N1_S1.68,2480.0,60.58,34.0,2,256.31
p2_N1_S1.69,2490.0,58.36,30.0,2,263.93
p2_N1_S1.70,2500.0,50.13,23.0,2,241.48
p1_W_E.595,2328.0,191.51,132.0,5,511.05
p1_W_E.596,2331.0,201.67,127.0,6,541.17
p1_W_E.597,2334.0,200.5,124.0,5,532.16
p2_E_W.91,2119.0,415.7,264.0,11,869.09
p1_W_E.598,2361.0,174.74,104.0,4,514.53
p2_E_W.92,2123.0,413.62,264.0,11,862.26
p2_E_W.93,2126.0,413.05,260.0,12,858.6
p2_E_W.94,2131.0,405.53,254.0,11,836.61
p2_E_W.95,2138.0,401.45,256.0,9,846.15
p2_N2_S2.73,2530.0,24.03,12.0,1,194.09
p2_E_W.96,2179.0,368.09,227.0,8,794.55
p2_S2_N2.47,2270.0,282.78,183.0,6,592.37
p2_N2_S2.74,2540.0,29.18,11.0,1,208.26
p2_E_W.97,2183.0,365.69,222.0,10,796.32
p2_S2_N2.48,2280.0,290.89,171.0,6,614.93
p2_N2_S2.75,2550.0,16.57,0.0,0,193.73
p2_S2_W.11,2133.0,416.93,279.0,10,876.64
p2_S2_N2.49,2290.0,282.7,162.0,6,598.81
p2_N2_S2.76,2560.0,11.94,0.0,0,177.43
p2_S2_N2.50,2300.0,274.46,151.0,6,594.81
p2_S2_W.12,2163.0,380.87,243.0,9,806.54
p2_S2_W.13,2193.0,361.62,211.0,10,771.06
p2_S2_N2.51,2310.0,266.42,141.0,6,568.71
p2_E_W.98,2186.0,368.78,234.0,9,784.72
p2_N2_S2.77,2570.0,6.29,0.0,0,152.36
p2_W_N1.1,2385.0,196.99,126.0,7,485.09
p2_S2_N2.52,2320.0,257.16,139.0,7,553.92
p2_N1_S1.71,2510.0,75.53,40.0,3,278.22
p2_S1_N1.75,2550.0,35.33,24.0,1,216.41
p2_N2_S2.78,2580.0,5.03,0.0,0,151.08
p2_E_W.99,2190.0,355.28,232.0,11,773.34
p2_S1_N1.76,2560.0,27.24,15.0,1,200.23
p2_N1_S1.72,2520.0,68.22,31.0,4,269.7
p2_S1_N1.77,2570.0,18.03,6.0,1,191.57
p2_S1_N1.78,2580.0,11.64,0.0,0,178.96
p2_S2_N2.53,2330.0,246.46,135.0,5,542.68
p2_S2_N2.54,2340.0,253.57,135.0,4,530.96
p2_S2_N2.55,2350.0,245.31,132.0,4,525.64
p2_S1_N1.79,2590.0,5.13,0.0,0,152.12
p2_N2_S2.79,2590.0,5.89,0.0,0,152.16
p2_S2_N2.56,2360.0,237.0,123.0,4,509.81
p2_S2_N2.57,2370.0,228.55,116.0,5,499.79
p2_S2_N2.58,2412.0,190.05,82.0,4,437.86
p2_N1_S1.73,2530.0,72.44,34.0,4,275.95
p2_S2_N2.59,2415.0,188.82,83.0,3,424.43
p2_N2_S2.80,2600.0,5.36,0.0,0,141.5
p2_S2_N2.60,2420.0,186.1,81.0,3,436.24
p2_N1_S1.74,2540.0,58.66,29.0,2,253.57
p2_N1_S1.75,2550.0,62.62,28.0,2,254.78
p2_S1_N1.80,2600.0,6.47,0.0,0,152.81
p1_W_E.599,2365.0,221.01,158.0,5,559.19
p2_W_E.0,2368.0,229.02,152.0,5,586.57
p2_N1_S1.76,2560.0,53.09,27.0,3,243.42
p2_S1_N1.81,2610.0,6.34,0.0,0,149.09
p2_N1_E.21,2433.0,165.23,116.0,5,514.05
p2_N1_S1.77,2570.0,50.92,17.0,2,249.51
p2_N1_E.22,2463.0,127.15,83.0,4,414.09
p2_N1_S1.78,2580.0,36.36,6.0,2,219.07
p2_N1_E.23,2493.0,109.9,71.0,3,399.11
p2_W_E.1,2374.0,231.08,154.0,6,597.11
p2_W_E.2,2377.0,229.75,154.0,6,599.23
p2_N2_S2.81,2610.0,20.8,9.0,1,193.24
p2_E_W.100,2193.0,401.61,272.0,10,858.69
p2_N2_S2.82,2620.0,12.53,0.0,0,178.74
p2_S2_N2.61,2429.0,199.71,98.0,5,446.7
p2_N2_S2.83,2630.0,6.06,0.0,0,152.83
p2_W_N1.2,2401.0,234.56,152.0,7,517.15
p2_S2_N2.62,2432.0,205.12,96.0,5,455.97
p2_S2_N2.63,2435.0,195.21,95.0,5,455.28
p2_S2_N2.64,2441.0,202.65,90.0,5,460.58
p2_S2_N2.65,2450.0,195.45,86.0,5,452.56
p2_N2_S2.84,2640.0,6.21,0.0,0,150.48
p2_S2_N2.66,2460.0,187.26,81.0,5,457.99
p2_W_N1.3,2435.0,208.85,126.0,6,471.11
p2_S2_N2.67,2470.0,181.65,73.0,5,442.24
p2_S2_N2.68,2480.0,174.1,66.0,5,419.99
p2_W_N1.4,2450.0,206.1,117.0,7,489.53
p2_S2_N2.69,2490.0,165.84,62.0,4,405.62
p2_N2_S2.85,2650.0,5.94,0.0,0,152.58
p2_S2_N2.70,2500.0,160.1,59.0,5,395.23
p2_S2_N2.71,2510.0,150.46,62.0,4,398.98
p2_E_S1.10,2196.0,446.09,300.0,9,938.14
p2_S2_N2.72,2520.0,143.91,62.0,3,380.9
p2_N2_S2.86,2660.0,6.06,0.0,0,158.14
p2_S1_N1.82,2620.0,45.25,32.0,1,218.73
p2_N1_S1.79,2590.0,73.59,38.0,2,278.39
p2_S1_N1.83,2630.0,39.51,26.0,1,226.64
p2_N1_S1.80,2600.0,68.73,37.0,2,280.6
p2_N1_S1.81,2610.0,62.65,36.0,1,267.11
p2_S1_N1.84,2640.0,27.84,16.0,1,201.85
p2_S2_N2.73,2530.0,138.36,53.0,2,377.48
p2_S2_N2.74,2540.0,135.66,44.0,3,367.3
p2_S1_N1.85,2650.0,21.81,7.0,1,192.93
p2_S1_N1.86,2660.0,13.23,0.0,0,181.51
p2_W_E.3,2380.0,277.8,194.0,7,670.2
p2_S1_N1.87,2670.0,7.35,0.0,0,166.66
p2_W_E.4,2382.0,276.73,192.0,7,666.85
p2_N1_S1.82,2620.0,61.71,38.0,2,258.08
p2_N1_E.24,2523.0,138.48,82.0,5,456.91
p2_N1_S1.83,2630.0,51.49,31.0,2,244.48
p2_N1_S1.84,2640.0,49.0,27.0,2,242.8
p2_E_W.101,2199.0,469.21,319.0,10,976.76
p2_N1_E.25,2553.0,97.0,65.0,4,367.3
p2_N1_E.26,2583.0,91.83,41.0,3,368.79
p2_W_E.5,2389.0,263.11,191.0,8,626.3
p2_E_W.102,2202.0,463.91,313.0,11,958.23
p2_W_E.6,2392.0,287.99,184.0,8,642.92
p2_E_W.103,2205.0,473.1,308.0,12,954.98
p2_W_E.7,2395.0,286.7,183.0,8,660.78
p2_E_W.104,2208.0,474.07,309.0,11,961.73
p2_W_E.8,2398.0,285.35,175.0,8,670.57
p2_W_E.9,2404.0,281.14,174.0,8,657.82
p2_E_W.105,2211.0,459.44,303.0,10,947.4
p2_W_E.10,2407.0,279.95,167.0,8,666.36
p2_E_W.106,2214.0,473.56,300.0,11,949.46
p2_W_E.11,2410.0,278.68,160.0,9,675.89
p2_W_E.12,2432.0,257.93,149.0,8,640.22
p2_E_W.107,2217.0,456.66,298.0,12,905.15
p2_W_E.13,2438.0,250.04,146.0,7,620.71
p2_E_W.108,2220.0,464.46,296.0,13,930.08
p2_E_W.109,2223.0,470.43,294.0,13,936.34
p2_W_E.14,2441.0,245.61,142.0,7,628.61
p2_W_E.15,2444.0,249.13,140.0,7,636.04
p2_S2_W.14,2223.0,457.23,326.0,12,936.65
p2_S2_N2.75,2550.0,167.87,71.0,4,416.2
p2_W_E.16,2447.0,250.69,136.0,9,650.72
p2_S2_W.15,2253.0,442.87,301.0,11,911.73
p2_N2_S2.87,2670.0,45.2,34.0,1,226.35
p2_E_W.110,2226.0,473.47,320.0,10,959.12
p2_N2_S2.88,2680.0,41.34,27.0,1,228.85
p2_W_N1.5,2465.0,256.78,155.0,9,564.93
p2_N2_S2.89,2690.0,33.22,20.0,1,228.02
p2_E_S1.11,2266.0,432.78,287.0,11,889.58
p2_N2_S2.90,2700.0,24.91,11.0,1,214.72
p2_N1_S1.85,2650.0,76.55,49.0,2,280.19
p2_N2_S2.91,2710.0,16.77,4.0,1,192.19
p2_N2_S2.92,2720.0,8.47,0.0,0,167.38
p2_N1_S1.86,2660.0,68.96,39.0,2,267.27
p2_S1_N1.88,2680.0,42.31,31.0,1,219.34
p2_S1_N1.89,2690.0,35.26,22.0,1,212.92
p2_N1_S1.87,2670.0,57.06,31.0,1,244.38
p2_S1_N1.90,2700.0,34.43,19.0,1,217.1
p2_S1_N1.91,2710.0,26.41,10.0,1,219.66
p2_N2_S2.93,2730.0,5.94,0.0,0,147.96
p2_S1_N1.92,2720.0,15.91,1.0,1,193.65
p2_S1_N1.93,2730.0,6.46,0.0,0,157.56
p2_S2_N2.76,2560.0,182.14,79.0,5,436.05
p2_S2_N2.77,2570.0,174.03,68.0,6,407.27
p2_N1_S1.88,2680.0,63.84,32.0,2,262.18
p2_N2_S2.94,2740.0,5.58,0.0,0,155.94
p2_N1_S1.89,2690.0,55.89,30.0,2,252.24
p2_S1_N1.94,2740.0,6.14,0.0,0,153.15
p2_N1_S1.90,2700.0,45.66,26.0,2,230.47
p2_S2_N2.78,2580.0,163.12,59.0,5,401.95
p2_S2_N2.79,2590.0,161.03,53.0,4,388.18
p2_N1_S1.91,2710.0,41.87,19.0,2,228.33
p2_N1_S1.92,2720.0,31.77,7.0,1,211.51
p2_N2_S2.95,2750.0,5.71,0.0,0,153.17
p2_E_W.111,2269.0,469.29,315.0,12,936.0
p2_S2_N2.80,2600.0,146.74,51.0,3,365.98
p2_S2_N2.81,2610.0,152.02,50.0,3,360.95
p2_E_W.112,2272.0,466.42,312.0,11,936.33
p2_S2_N2.82,2621.0,142.62,47.0,3,386.18
p2_S2_W.16,2283.0,459.45,287.0,12,943.47
p2_S2_N2.83,2630.0,132.9,46.0,3,374.65
p2_S2_W.17,2313.0,429.73,246.0,10,883.73
p2_N2_S2.96,2760.0,5.57,0.0,0,150.99
p2_S2_W.18,2343.0,402.85,238.0,8,846.34
p2_S2_W.19,2373.0,374.69,220.0,8,783.68
p2_S2_N2.84,2640.0,120.14,47.0,4,341.51
p2_S2_W.20,2426.0,320.12,177.0,7,703.5
p2_S2_N2.85,2650.0,119.84,44.0,4,344.19
p2_E_W.113,2275.0,477.56,326.0,11,964.35
p2_E_W.114,2278.0,476.3,319.0,12,959.14
p2_W_E.17,2453.0,298.66,197.0,9,704.57
p2_E_W.115,2281.0,474.99,315.0,10,951.71
p2_E_W.116,2284.0,473.83,312.0,12,962.32
p2_W_E.18,2456.0,293.28,195.0,10,699.73
p2_E_W.117,2287.0,472.55,312.0,12,946.32
p2_E_W.118,2290.0,470.3,306.0,10,944.19
p2_N1_E.27,2613.0,148.34,99.0,4,461.73
p2_N1_E.28,2643.0,119.83,77.0,2,429.08
p2_E_W.119,2293.0,466.3,309.0,12,914.6
p2_W_E.19,2459.0,303.8,200.0,10,726.83
p2_S2_W.21,2438.0,327.2,162.0,10,733.7
p2_W_E.20,2462.0,305.04,193.0,9,732.62
p2_S2_W.22,2463.0,304.23,147.0,11,712.13
p2_N1_E.29,2673.0,95.12,50.0,3,391.26
p2_W_N1.6,2503.0,288.1,176.0,11,597.86
p2_N2_S2.97,2770.0,23.65,12.0,1,200.89
p2_N1_S1.93,2730.0,64.48,33.0,2,259.87
p2_S1_N1.95,2750.0,44.37,32.0,2,231.14
p2_S2_N2.86,2660.0,132.64,60.0,4,372.83
p2_S1_N1.96,2760.0,36.2,23.0,1,218.45
p2_S1_N1.97,2770.0,28.21,14.0,1,202.29
p2_N2_S2.98,2780.0,12.69,1.0,1,179.5
p2_N2_S2.99,2790.0,10.12,0.0,0,177.43
p2_S1_N1.98,2780.0,17.66,4.0,1,181.88
p2_S2_N2.87,2670.0,119.19,61.0,4,359.76
p2_S1_N1.99,2790.0,14.96,0.0,0,198.72
p2_S2_N2.88,2680.0,125.91,52.0,5,357.63
p2_S1_N1.100,2800.0,6.62,0.0,0,159.91
p2_S2_N2.89,2690.0,117.47,50.0,3,345.18
p2_S2_N2.90,2700.0,109.36,49.0,3,330.9
p2_N2_S2.100,2800.0,5.47,0.0,0,151.72
p2_S2_N2.91,2710.0,98.09,48.0,3,301.58
p2_N1_S1.94,2740.0,69.78,40.0,2,262.74
p2_S2_N2.92,2720.0,96.92,43.0,3,316.64
p2_N1_S1.95,2750.0,67.63,39.0,2,272.61
p2_S2_N2.93,2730.0,88.73,33.0,4,305.48
p2_N1_S1.96,2760.0,58.51,36.0,2,250.94
p2_S1_N1.101,2810.0,5.63,0.0,0,148.35
p2_N2_S2.101,2810.0,5.27,0.0,0,144.54
p2_N1_S1.97,2770.0,48.26,28.0,2,228.51
p2_N1_S1.98,2780.0,46.77,21.0,2,229.49
p2_N1_E.30,2703.0,100.13,63.0,4,396.1
p2_N1_S1.99,2790.0,38.36,12.0,2,223.08
p2_W_E.21,2468.0,335.26,218.0,11,747.36
p2_S1_N1.102,2820.0,6.03,0.0,0,157.99
p2_W_E.22,2471.0,330.1,217.0,12,726.29
p2_S2_W.23,2493.0,320.63,163.0,7,724.06
p2_W_E.23,2474.0,341.56,214.0,12,731.72
p2_W_E.24,2497.0,313.85,196.0,11,710.97
p2_W_E.25,2500.0,306.03,195.0,11,697.57
p2_N1_E.31,2733.0,87.84,42.0,2,379.71
p2_W_N1.7,2518.0,325.62,200.0,12,670.13
p2_S2_W.24,2523.0,278.74,152.0,7,672.99
p2_E_W.120,2296.0,529.7,357.0,12,1029.78
p2_S2_N2.94,2740.0,109.58,46.0,4,333.35
p2_S2_N2.95,2750.0,101.43,40.0,4,325.57
p2_N2_S2.102,2820.0,27.7,16.0,1,203.23
p2_N2_S2.103,2830.0,22.72,9.0,1,199.15
p2_W_N1.8,2533.0,321.01,188.0,13,634.65
p2_N2_S2.104,2840.0,14.45,3.0,1,197.2
p2_S2_N2.96,2760.0,90.68,39.0,4,304.09
p2_N2_S2.105,2850.0,6.24,0.0,0,157.74
p2_S2_N2.97,2770.0,92.95,35.0,3,318.28
p2_W_N1.9,2568.0,295.86,164.0,10,607.06
p2_S2_N2.98,2780.0,84.63,29.0,2,305.53
p2_S2_N2.99,2790.0,76.5,29.0,2,272.8
p2_N2_S2.106,2860.0,5.71,0.0,0,146.92
p2_S2_N2.100,2800.0,71.36,28.0,2,275.12
p2_E_S1.12,2352.0,498.31,331.0,11,1002.01
p2_S2_N2.101,2810.0,63.13,24.0,2,265.17
p2_N1_S1.100,2800.0,72.69,42.0,2,276.14
p2_S2_N2.102,2820.0,55.03,18.0,1,248.68
p2_S1_N1.103,2830.0,44.95,33.0,1,227.69
p2_N2_S2.107,2870.0,6.56,0.0,0,143.94
p2_N1_S1.101,2810.0,66.61,40.0,2,275.44
p2_S1_N1.104,2840.0,36.89,25.0,1,221.75
p2_S1_N1.105,2850.0,28.46,16.0,1,208.96
p2_N1_S1.102,2820.0,55.0,35.0,1,240.21
p2_S1_N1.106,2860.0,18.23,5.0,1,184.9
p2_S1_N1.107,2870.0,14.05,0.0,0,178.86
p2_S1_N1.108,2880.0,5.83,0.0,0,155.2
p2_N1_E.32,2763.0,85.83,60.0,3,349.16
p2_N1_E.33,2793.0,75.05,33.0,3,356.58
p2_N1_S1.103,2830.0,61.46,39.0,2,251.37
p2_W_E.26,2506.0,346.19,228.0,13,752.01
p2_E_W.121,2356.0,519.13,356.0,13,1013.47
p2_W_E.27,2509.0,366.52,227.0,12,762.09
p2_W_E.28,2512.0,365.54,219.0,14,770.2
p2_E_W.122,2359.0,518.35,348.0,15,1012.08
p2_W_E.29,2515.0,364.29,214.0,12,790.32
p2_E_W.123,2362.0,515.53,346.0,15,1001.5
p2_W_E.30,2521.0,352.25,209.0,14,785.5
p2_W_E.31,2524.0,358.89,201.0,11,761.55
p2_E_W.124,2365.0,513.6,341.0,16,995.81
p2_W_E.32,2527.0,357.55,200.0,12,769.35
p2_W_E.33,2530.0,356.27,197.0,11,771.05
p2_E_W.125,2368.0,510.34,343.0,14,999.95
p2_W_E.34,2536.0,351.14,190.0,11,777.24
p2_S2_W.25,2553.0,335.17,181.0,9,741.32
p2_W_E.35,2539.0,350.75,185.0,12,793.86
p2_S2_W.26,2583.0,301.48,155.0,10,685.26
p2_S2_W.27,2617.0,273.47,137.0,7,661.69
p2_W_E.36,2542.0,337.26,186.0,12,766.29
p2_S2_W.28,2643.0,246.93,125.0,7,639.53
p2_W_E.37,2545.0,349.5,185.0,13,778.22
p2_W_E.38,2572.0,324.13,166.0,10,729.78
p2_E_W.126,2371.0,520.77,359.0,13,1044.89
p2_W_E.39,2575.0,322.81,169.0,13,736.45
p2_E_W.127,2374.0,523.51,356.0,13,1058.1
p2_E_W.128,2377.0,520.69,346.0,13,1051.7
p2_S2_N2.103,2830.0,89.45,53.0,2,298.05
p2_E_W.129,2380.0,515.65,346.0,13,1026.94
p2_S2_N2.104,2840.0,81.6,53.0,2,283.93
p2_N2_S2.108,2880.0,38.06,27.0,1,216.8
p2_E_W.130,2383.0,520.0,338.0,14,1029.71
p2_E_S1.13,2386.0,517.84,336.0,13,1019.25
p2_W_N1.10,2584.0,341.67,188.0,14,670.01
p2_N1_S1.104,2840.0,89.05,64.0,3,299.11
p2_S2_N2.105,2850.0,68.07,44.0,2,270.33
p2_S1_N1.109,2890.0,37.12,26.0,1,215.13
p2_N2_S2.109,2890.0,24.5,12.0,1,191.29
p2_S1_N1.110,2900.0,32.86,20.0,1,221.73
p2_N2_S2.110,2900.0,34.18,12.0,1,215.68
p2_S1_N1.111,2910.0,23.23,11.0,1,207.96
p2_S2_N2.106,2860.0,75.38,40.0,3,277.92
p2_N2_S2.111,2910.0,23.7,4.0,1,203.82
p2_S2_N2.107,2870.0,67.22,34.0,2,270.05
p2_N2_S2.112,2920.0,16.07,0.0,0,185.93
p2_N1_S1.105,2850.0,74.67,49.0,3,267.19
p2_S2_N2.108,2880.0,59.11,32.0,1,245.34
p2_N2_S2.113,2930.0,7.49,0.0,0,166.51
p2_S1_N1.112,2920.0,9.25,0.0,0,165.99
p2_N1_S1.106,2860.0,82.84,46.0,3,288.38
p2_S1_N1.113,2930.0,13.2,0.0,0,164.75
p2_S1_N1.114,2940.0,5.76,0.0,0,153.23
p2_N1_S1.107,2870.0,72.12,37.0,4,268.99
p2_N1_S1.108,2880.0,69.93,31.0,2,272.74
p2_N1_S1.109,2890.0,61.68,28.0,1,244.77
p2_N1_S1.110,2900.0,51.49,28.0,1,235.11
p2_N1_E.34,2823.0,92.95,66.0,3,357.23
p2_N1_S1.111,2910.0,44.17,21.0,1,229.93
p2_S1_N1.115,2950.0,5.82,0.0,0,152.1
p2_W_E.40,2578.0,344.7,199.0,13,755.24
p2_W_E.41,2581.0,348.08,195.0,11,760.8
p2_N1_S1.112,2920.0,40.08,17.0,1,233.55
p2_N1_S1.113,2930.0,31.83,8.0,1,218.13
p2_S2_N2.109,2890.0,76.56,47.0,2,272.75
p2_E_W.131,2406.0,539.97,365.0,15,1046.26
p2_N2_S2.114,2940.0,26.88,17.0,1,196.49
p2_N2_S2.115,2950.0,18.9,6.0,1,191.69
p2_N2_S2.116,2960.0,10.25,0.0,0,166.73
p2_S2_W.29,2673.0,268.3,157.0,11,648.88
p2_S2_N2.110,2900.0,65.19,36.0,2,259.68
p2_S2_W.30,2703.0,249.23,148.0,8,614.63
p2_S2_N2.111,2910.0,64.57,32.0,2,268.06
p2_S2_W.31,2733.0,220.81,118.0,10,595.01
p2_N2_S2.117,2970.0,6.2,0.0,0,147.5
p2_E_W.132,2412.0,544.04,378.0,13,1073.63
p2_S2_N2.112,2920.0,52.97,22.0,2,240.29
p2_S2_N2.113,2930.0,48.34,15.0,1,231.52
p2_E_W.133,2458.0,490.85,339.0,12,965.26
p2_S2_N2.114,2940.0,39.93,14.0,1,219.63
p2_E_W.134,2461.0,499.37,335.0,13,991.59
p2_E_W.135,2465.0,497.07,331.0,12,998.87
p2_S2_N2.115,2950.0,34.45,13.0,1,217.85
p2_E_W.136,2468.0,495.88,331.0,11,983.47
p2_E_W.137,2471.0,494.67,324.0,14,986.54
p2_S2_N2.116,2960.0,24.74,9.0,1,209.42
p2_S2_N2.117,2970.0,18.76,1.0,1,198.12
p2_E_W.138,2474.0,493.57,314.0,12,995.81
p2_E_W.139,2477.0,487.47,313.0,13,969.92
p2_E_W.140,2480.0,491.44,307.0,15,960.07
p2_E_S1.14,2483.0,492.57,311.0,16,968.96
p2_N1_S1.114,2940.0,61.0,33.0,1,271.89
p2_W_N1.11,2657.0,334.76,202.0,13,673.79
p2_N2_S2.118,2980.0,6.65,0.0,0,153.18
p2_S1_N1.116,2960.0,41.49,28.0,1,218.41
p2_N2_S2.119,2990.0,9.84,0.0,0,161.62
p2_S1_N1.117,2970.0,36.67,20.0,1,226.09
p2_S1_N1.118,2980.0,28.3,12.0,1,222.72
p2_S1_N1.119,2990.0,17.93,4.0,1,202.99
p2_N1_E.35,2853.0,117.04,79.0,4,394.88
p2_S1_N1.120,3000.0,11.92,0.0,0,192.8
p2_N1_E.36,2883.0,108.61,58.0,2,384.74
p2_N1_S1.115,2950.0,63.98,34.0,2,260.54
p2_N1_E.37,2913.0,80.4,41.0,2,358.29
p2_S1_N1.121,3010.0,5.88,0.0,0,151.36
p2_W_E.42,2592.0,384.24,234.0,17,798.54
p2_W_E.43,2645.0,342.32,199.0,13,730.76
p2_N1_S1.116,2960.0,51.81,32.0,2,234.16
p2_W_E.44,2649.0,344.81,196.0,11,753.45
p2_N1_S1.117,2970.0,52.08,27.0,2,248.05
p2_W_E.45,2652.0,347.31,197.0,14,761.13
p2_N1_S1.118,2980.0,43.71,19.0,1,232.58
p2_N2_S2.120,3000.0,28.32,17.0,1,198.45
p2_S2_N2.118,2980.0,46.22,28.0,2,239.3
p2_N2_S2.121,3010.0,20.33,7.0,1,193.42
p2_S2_W.32,2763.0,237.68,122.0,9,617.69
p2_S2_N2.119,2990.0,41.5,25.0,2,234.94
p2_N2_S2.122,3020.0,12.36,0.0,0,186.08
p2_S2_W.33,2793.0,216.1,110.0,6,557.12
p2_S2_N2.120,3000.0,32.47,19.0,1,222.83
p2_S2_W.34,2823.0,189.93,101.0,5,547.11
p2_N2_S2.123,3030.0,5.52,0.0,0,151.16
p2_E_W.141,2486.0,524.96,345.0,12,1029.74
p2_E_W.142,2489.0,524.86,346.0,14,1046.23
p2_E_W.143,2493.0,525.68,345.0,15,1033.91
p2_E_W.144,2498.0,522.48,340.0,14,1039.76
p2_S2_N2.121,3010.0,32.03,13.0,1,214.04
p2_E_W.145,2536.0,484.32,312.0,16,971.6
p2_S2_N2.122,3020.0,24.49,4.0,1,201.68
p2_S2_W.35,2853.0,170.46,94.0,5,515.93
p2_S2_W.36,2883.0,142.2,79.0,3,459.32
p2_S2_N2.123,3030.0,13.13,0.0,0,180.46
p2_N2_S2.124,3040.0,5.78,0.0,0,149.24
p2_S2_N2.124,3040.0,14.15,0.0,0,177.58
p2_E_W.146,2541.0,469.87,327.0,11,946.55
p2_W_N1.12,2728.0,331.81,198.0,14,669.16
p2_N2_S2.125,3050.0,5.64,0.0,0,146.27
p2_E_W.147,2544.0,487.07,324.0,13,953.84
p2_E_W.148,2547.0,494.17,327.0,13,955.2
p2_S2_N2.125,3050.0,5.82,0.0,0,145.51
p2_S1_N1.122,3020.0,42.09,29.0,1,219.76
p2_E_W.149,2550.0,492.87,319.0,13,965.23
p2_N1_S1.119,2990.0,70.46,40.0,2,267.85
p2_S1_N1.123,3030.0,35.36,22.0,1,213.09
p2_E_W.150,2553.0,491.71,320.0,12,959.66
p2_N1_E.38,2943.0,95.13,62.0,3,375.17
p2_N1_S1.120,3000.0,58.92,33.0,2,249.97
p2_S1_N1.124,3040.0,23.82,11.0,1,195.7
p2_N1_E.39,2973.0,74.56,40.0,3,338.96
p2_S1_N1.125,3050.0,20.13,4.0,1,199.69
p2_W_E.46,2666.0,380.98,236.0,17,817.31
p2_S1_N1.126,3060.0,10.39,0.0,0,169.43
p2_W_E.47,2716.0,336.84,204.0,14,737.03
p2_W_E.48,2718.0,336.51,202.0,16,741.79
p2_N1_S1.121,3010.0,66.44,32.0,2,256.54
p2_W_E.49,2722.0,334.14,194.0,14,756.96
p2_N1_S1.122,3020.0,58.74,31.0,2,241.17
p2_W_E.50,2725.0,332.17,189.0,13,726.9
p2_N1_S1.123,3030.0,50.55,29.0,2,240.0
p2_S1_N1.127,3070.0,6.52,0.0,0,148.79
p2_N1_S1.124,3040.0,44.72,21.0,1,229.9
p2_S1_N1.128,3080.0,6.24,0.0,0,157.67
p2_N1_S1.125,3050.0,33.44,11.0,1,207.49
p2_N1_S1.126,3060.0,30.98,5.0,1,211.28
p2_N2_S2.126,3060.0,33.48,23.0,1,210.23
p2_S2_N2.126,3060.0,31.78,21.0,1,196.89
p2_N2_S2.127,3070.0,21.8,10.0,1,190.66
p2_N2_S2.128,3080.0,16.66,2.0,1,180.15
p2_N2_S2.129,3090.0,13.43,0.0,0,187.09
p2_W_N1.13,2743.0,361.6,205.0,13,706.29
p2_N2_S2.130,3100.0,6.2,0.0,0,147.38
p2_S2_N2.127,3070.0,30.17,14.0,2,204.39
p2_S2_N2.128,3080.0,33.66,11.0,2,227.98
p2_W_N1.14,2758.0,356.94,189.0,15,693.45
p2_S2_N2.129,3090.0,25.49,2.0,1,204.46
p2_N2_S2.131,3110.0,5.7,0.0,0,150.3
p2_S2_N2.130,3100.0,17.16,1.0,1,204.17
p2_S2_N2.131,3110.0,8.0,0.0,0,161.98
p2_N1_E.40,3003.0,101.44,61.0,3,376.1
p2_W_N1.15,2797.0,327.21,173.0,16,644.41
p2_N1_E.41,3033.0,71.15,40.0,2,332.53
p2_W_E.51,2731.0,379.16,229.0,15,801.29
p2_W_E.52,2734.0,377.96,229.0,19,805.78
p2_W_E.53,2737.0,376.72,221.0,16,801.36
p2_W_N1.16,2861.0,274.92,143.0,14,577.84
p2_W_E.54,2740.0,375.54,211.0,15,791.53
p2_E_S1.15,2556.0,558.13,392.0,14,1068.87
p2_W_E.55,2746.0,363.59,205.0,15,775.84
p2_S1_N1.129,3090.0,52.89,41.0,1,242.72
p2_W_E.56,2749.0,374.06,203.0,17,787.05
p2_W_E.57,2752.0,372.71,201.0,16,791.98
p2_S1_N1.130,3100.0,43.5,31.0,1,224.38
p2_W_E.58,2755.0,371.51,193.0,13,784.04
p2_W_E.59,2761.0,367.14,191.0,17,763.72
p2_S1_N1.131,3110.0,39.21,25.0,1,215.15
p2_W_E.60,2764.0,365.89,188.0,19,779.08
p2_S1_N1.132,3120.0,28.44,14.0,1,209.8
p2_W_E.61,2782.0,346.95,174.0,12,736.1
p2_W_E.62,2787.0,346.57,174.0,16,734.63
p2_W_E.63,2847.0,279.44,143.0,11,613.55
p2_E_W.151,2559.0,571.14,397.0,15,1089.06
p2_W_E.64,2850.0,287.69,142.0,12,651.5
p2_S2_W.37,2913.0,219.95,148.0,7,583.08
p2_W_E.65,2853.0,286.48,145.0,13,633.82
p2_W_E.66,2857.0,284.15,143.0,12,663.67
p2_S2_W.38,2943.0,196.92,121.0,6,547.17
p2_S2_W.39,2973.0,168.4,104.0,5,515.23
p2_E_W.152,2562.0,574.13,401.0,14,1098.94
p2_E_W.153,2565.0,580.94,393.0,14,1100.99
p2_E_W.154,2568.0,576.79,397.0,14,1092.91
p2_S2_N2.132,3120.0,49.57,39.0,1,233.76
p2_E_W.155,2571.0,571.91,385.0,16,1079.98
p2_N2_S2.132,3120.0,47.86,36.0,1,221.67
p2_N2_S2.133,3130.0,42.84,30.0,1,224.76
p2_E_W.156,2574.0,570.64,387.0,15,1075.38
p2_E_W.157,2635.0,518.01,337.0,14,987.91
p2_N2_S2.134,3140.0,28.33,17.0,1,198.36
p2_E_W.158,2638.0,507.78,331.0,17,966.85
p2_N2_S2.135,3150.0,22.37,9.0,1,198.52
p2_E_W.159,2642.0,515.96,323.0,13,987.83
p2_W_N1.17,2932.0,249.56,127.0,11,545.09
p2_N2_S2.136,3160.0,21.98,5.0,1,205.63
p2_E_W.160,2649.0,512.27,325.0,13,983.39
p2_N2_S2.137,3170.0,13.72,0.0,0,190.86
p2_S1_N1.133,3130.0,53.5,35.0,2,239.08
p2_S1_N1.134,3140.0,44.96,26.0,1,221.71
p2_N1_S1.127,3070.0,109.61,80.0,3,323.21
p2_S1_N1.135,3150.0,39.41,25.0,1,221.32
p2_N1_S1.128,3080.0,110.07,76.0,3,331.66
p2_S1_N1.136,3160.0,32.48,16.0,1,226.45
p2_S1_N1.137,3170.0,24.16,9.0,1,211.7
p2_N1_E.42,3063.0,88.8,57.0,3,355.88
p2_W_E.67,2869.0,306.07,153.0,16,682.01
p2_S1_N1.138,3180.0,16.05,0.0,0,205.21
p2_W_E.68,2922.0,243.28,116.0,10,590.64
p2_N1_S1.129,3090.0,89.39,68.0,3,295.31
p2_S1_N1.139,3190.0,5.57,0.0,0,149.34
p2_W_E.69,2925.0,244.71,111.0,9,591.49
p2_W_E.70,2929.0,246.53,113.0,11,599.86
p2_N1_S1.130,3100.0,103.62,69.0,4,309.54
p2_S1_N1.140,3200.0,5.88,0.0,0,157.38
p2_N1_S1.131,3110.0,94.51,60.0,4,305.84
p2_N1_S1.132,3120.0,88.59,52.0,4,292.09
p2_N2_S2.138,3180.0,30.93,20.0,1,209.03
p2_N1_S1.133,3130.0,79.77,43.0,4,283.35
p2_N1_S1.134,3140.0,73.49,34.0,4,274.76
p2_N1_S1.135,3150.0,68.09,27.0,3,285.48
p2_N2_S2.139,3190.0,16.89,6.0,1,183.87
p2_S1_N1.141,3210.0,5.76,0.0,0,155.16
p2_N1_S1.136,3160.0,60.57,25.0,2,252.76
p2_N2_S2.140,3200.0,21.01,3.0,1,203.15
p2_N2_S2.141,3210.0,12.86,0.0,0,185.85
p2_S2_N2.133,3130.0,94.08,72.0,3,297.9
p2_N2_S2.142,3220.0,6.05,0.0,0,152.36
p2_S2_N2.134,3140.0,84.26,61.0,3,280.34
p2_S2_N2.135,3150.0,70.25,46.0,3,261.31
p2_S2_N2.136,3160.0,75.12,42.0,3,280.76
p2_N2_S2.143,3230.0,5.96,0.0,0,151.08
p2_S2_N2.137,3170.0,69.57,33.0,2,278.73
p2_W_N1.18,2950.0,286.06,146.0,12,594.1
p2_S2_N2.138,3180.0,59.82,30.0,2,262.91
p2_S2_N2.139,3190.0,53.25,26.0,2,253.97
p2_N2_S2.144,3240.0,6.1,0.0,0,149.27
p2_S2_N2.140,3200.0,38.36,11.0,1,218.51
p2_W_N1.19,2965.0,284.17,133.0,12,590.73
p2_S2_N2.141,3210.0,30.2,2.0,1,209.05
p2_S2_N2.142,3220.0,26.09,0.0,0,198.45
p2_S2_N2.143,3230.0,26.96,0.0,0,223.15
p2_N1_E.43,3093.0,139.46,99.0,5,445.5
p2_W_N1.20,3001.0,256.59,123.0,18,549.92
p2_N1_E.44,3123.0,117.75,72.0,5,412.96
p2_N1_E.45,3153.0,80.17,35.0,4,337.68
p2_W_E.71,2935.0,308.37,171.0,15,697.67
p2_S1_N1.142,3220.0,50.7,38.0,1,237.56
p2_W_E.72,2938.0,311.97,164.0,15,698.3
p2_S1_N1.143,3230.0,42.66,29.0,1,220.23
p2_E_S1.16,2701.0,536.83,359.0,14,1033.41
p2_W_E.73,2941.0,299.96,159.0,15,700.47
p2_S1_N1.144,3240.0,34.74,23.0,1,218.52
p2_W_E.74,2944.0,301.1,158.0,17,694.24
p2_N1_S1.137,3170.0,104.99,64.0,2,335.01
p2_N1_S1.138,3180.0,96.62,57.0,2,322.56
p2_W_E.75,2947.0,308.46,151.0,13,707.88
p2_S1_N1.145,3250.0,24.47,10.0,1,192.53
p2_W_E.76,2953.0,304.07,147.0,15,684.91
p2_S1_N1.146,3260.0,19.36,5.0,1,203.02
p2_W_E.77,2956.0,302.8,142.0,17,690.3
p2_S1_N1.147,3270.0,11.02,0.0,0,186.71
p2_W_E.78,2959.0,293.91,140.0,16,676.31
p2_W_E.79,2962.0,293.68,135.0,14,676.67
p2_S1_N1.148,3280.0,5.54,0.0,0,147.3
p2_W_E.80,2968.0,296.72,134.0,15,682.9
p2_W_E.81,2971.0,294.63,134.0,17,667.24
p2_W_E.82,2984.0,281.78,127.0,16,625.92
p2_S2_N2.144,3240.0,51.44,32.0,1,247.77
p2_N1_S1.139,3190.0,102.4,58.0,3,323.84
p2_N2_S2.145,3250.0,41.3,29.0,1,223.19
p2_N1_S1.140,3200.0,94.17,50.0,3,317.98
p2_N2_S2.146,3260.0,34.66,23.0,1,218.93
p2_S1_N1.149,3290.0,6.2,0.0,0,147.72
p2_N2_S2.147,3270.0,23.78,12.0,1,193.49
p2_N1_S1.141,3210.0,82.92,47.0,2,287.95
p2_N2_S2.148,3280.0,19.73,6.0,1,200.18
p2_N2_S2.149,3290.0,11.39,0.0,0,200.73
p2_S2_W.40,3003.0,274.5,202.0,9,659.66
p2_S2_W.41,3033.0,247.63,172.0,6,613.69
p2_E_W.161,2704.0,581.39,403.0,15,1094.07
p2_E_W.162,2707.0,575.42,401.0,16,1100.98
p2_E_W.163,2710.0,578.28,396.0,14,1107.4
p2_E_W.164,2713.0,580.37,387.0,15,1125.72
p2_W_E.83,2993.0,300.29,145.0,17,678.11
p2_E_W.165,2716.0,578.22,385.0,14,1112.17
p2_W_E.84,3055.0,240.45,107.0,11,596.98
p2_E_W.166,2721.0,570.47,378.0,13,1107.85
p2_E_W.167,2766.0,532.62,347.0,12,1039.3
p2_E_W.168,2769.0,531.34,341.0,12,1043.12
p2_E_W.169,2773.0,529.03,338.0,12,1035.16
p2_W_E.85,3059.0,229.58,105.0,10,567.54
p2_E_W.170,2776.0,524.57,336.0,15,1025.13
p2_N1_E.46,3183.0,120.41,68.0,4,418.64
p2_W_N1.21,3074.0,252.51,127.0,13,542.86
p2_E_S1.17,2780.0,519.97,332.0,12,998.49
p2_N2_S2.150,3300.0,23.92,12.0,1,193.74
p2_N2_S2.151,3310.0,17.89,5.0,1,188.24
p2_N2_S2.152,3320.0,14.06,0.0,0,192.05
p2_S1_N1.150,3300.0,24.87,12.0,1,195.84
p2_N2_S2.153,3330.0,7.0,0.0,0,150.47
p2_S1_N1.151,3310.0,15.41,2.0,1,171.17
p2_N1_S1.142,3220.0,121.96,79.0,5,346.05
p2_S1_N1.152,3320.0,14.74,0.0,0,187.38
p2_N1_S1.143,3230.0,115.57,76.0,4,344.55
p2_N2_S2.154,3340.0,5.24,0.0,0,147.58
p2_S1_N1.153,3330.0,16.02,0.0,0,186.95
p2_S1_N1.154,3340.0,7.78,0.0,0,178.94
p2_N1_S1.144,3240.0,100.59,65.0,4,307.02
p2_N1_S1.145,3250.0,104.19,62.0,4,321.02
p2_W_E.86,3062.0,272.13,140.0,16,632.63
p2_N1_S1.146,3260.0,92.72,53.0,4,307.76
p2_W_E.87,3066.0,270.14,135.0,15,617.98
p2_N1_S1.147,3270.0,87.69,40.0,4,302.1
p2_S1_N1.155,3350.0,6.16,0.0,0,146.84
p2_N1_S1.148,3280.0,79.57,31.0,4,283.4
p2_N1_S1.149,3290.0,76.97,25.0,3,282.67
p2_N1_S1.150,3300.0,67.86,25.0,3,266.37
p2_S2_N2.145,3250.0,119.31,95.0,3,339.42
p2_S1_N1.156,3360.0,5.94,0.0,0,152.95
p2_S2_N2.146,3260.0,110.18,86.0,3,329.09
p2_S2_N2.147,3270.0,103.65,78.0,3,311.58
p2_N2_S2.155,3350.0,14.43,5.0,1,185.57
p2_E_W.171,2787.0,565.27,364.0,14,1074.32
p2_N2_S2.156,3360.0,14.73,0.0,0,176.33
p2_E_W.172,2804.0,550.65,360.0,13,1048.25
p2_N2_S2.157,3370.0,6.64,0.0,0,149.83
p2_S2_W.42,3063.0,291.62,201.0,9,691.72
p2_S2_W.43,3093.0,265.44,169.0,10,658.66
p2_E_W.173,2862.0,495.85,325.0,15,999.64
p2_E_W.174,2866.0,497.36,320.0,15,994.6
p2_S2_N2.148,3280.0,99.3,67.0,3,311.66
p2_N2_S2.158,3380.0,5.68,0.0,0,147.95
p2_E_W.175,2869.0,496.0,317.0,15,1007.5
p2_S2_N2.149,3290.0,93.48,60.0,4,315.57
p2_S2_N2.150,3300.0,88.76,58.0,3,306.88
p2_S2_N2.151,3310.0,80.52,52.0,3,288.91
p2_E_W.176,2873.0,486.72,316.0,13,966.91
p2_S2_N2.152,3320.0,72.26,42.0,2,278.75
p2_E_W.177,2876.0,493.73,305.0,13,983.75
p2_S2_N2.153,3330.0,64.06,33.0,3,266.57
p2_E_W.178,2879.0,494.33,305.0,16,999.75
p2_E_W.179,2885.0,490.08,316.0,15,987.43
p2_N2_S2.159,3390.0,5.28,0.0,0,147.46
p2_E_W.180,2913.0,463.9,304.0,13,947.71
p2_W_N1.22,3130.0,268.67,152.0,10,559.43
p2_N1_S1.151,3310.0,91.71,45.0,2,304.73
p2_S2_N2.154,3340.0,61.99,29.0,2,269.67
p2_S1_N1.157,3370.0,32.37,20.0,1,207.48
p2_N1_S1.152,3320.0,84.16,44.0,2,287.67
p2_S1_N1.158,3380.0,24.2,12.0,1,197.1
p2_N1_E.47,3213.0,170.8,120.0,5,479.7
p2_N1_S1.153,3330.0,74.17,37.0,2,268.58
p2_N1_E.48,3243.0,143.68,96.0,5,443.11
p2_N1_E.49,3273.0,115.51,60.0,5,406.68
p2_N1_S1.154,3340.0,73.77,28.0,2,281.37
p2_S1_N1.159,3390.0,9.59,0.0,0,166.1
p2_S1_N1.160,3400.0,12.72,0.0,0,178.28
p2_N1_S1.155,3350.0,65.56,22.0,1,264.67
p2_N1_E.50,3303.0,78.42,30.0,2,342.06
p2_W_E.88,3116.0,275.77,149.0,10,644.13
p2_W_E.89,3120.0,278.34,148.0,11,642.7
p2_N1_S1.156,3360.0,54.83,21.0,1,249.16
p2_N1_S1.157,3370.0,51.93,20.0,2,242.56
p2_W_E.90,3123.0,278.04,149.0,11,644.5
p2_N1_S1.158,3380.0,44.52,21.0,1,230.08
p2_W_E.91,3126.0,265.75,146.0,11,624.32
p2_N1_S1.159,3390.0,33.37,16.0,1,216.33
p2_S2_N2.155,3350.0,79.58,41.0,3,284.48
p2_S1_N1.161,3410.0,7.47,0.0,0,160.37
p2_N2_S2.160,3400.0,24.08,11.0,1,188.97
p2_S1_N1.162,3420.0,15.59,0.0,0,170.94
p2_S2_N2.156,3360.0,65.95,31.0,2,261.61
p2_N2_S2.161,3410.0,28.17,9.0,1,207.21
p2_N2_S2.162,3420.0,19.84,0.0,0,199.81
p2_N2_S2.163,3430.0,10.17,0.0,0,168.79
p2_S2_N2.157,3370.0,72.85,30.0,3,272.99
p2_N2_S2.164,3440.0,5.57,0.0,0,153.13
p2_S2_N2.158,3380.0,63.51,23.0,3,268.22
p2_W_N1.23,3193.0,246.28,147.0,8,536.13
p2_S2_N2.159,3390.0,57.67,19.0,1,253.72
p2_S2_N2.160,3400.0,49.51,17.0,1,223.34
p2_W_N1.24,3211.0,243.71,132.0,8,538.34
p2_N2_S2.165,3450.0,5.7,0.0,0,155.04
p2_S2_N2.161,3410.0,38.51,16.0,1,219.12
p2_S2_N2.162,3420.0,40.91,14.0,1,212.62
p2_S2_N2.163,3430.0,32.66,7.0,1,229.99
p2_W_N1.25,3226.0,238.65,128.0,12,517.78
p2_N1_E.51,3333.0,102.96,58.0,3,372.05
p2_W_N1.26,3241.0,233.64,120.0,8,497.73
p2_N1_E.52,3363.0,78.96,36.0,2,352.91
p2_N1_E.53,3393.0,49.03,22.0,2,310.84
p2_W_E.92,3138.0,319.2,193.0,14,713.07
p2_W_E.93,3182.0,276.89,160.0,8,650.25
p2_W_E.94,3187.0,273.56,155.0,10,640.56
p2_E_S1.18,2916.0,538.14,375.0,15,1066.03
p2_W_E.95,3190.0,271.38,156.0,9,630.49
p2_S1_N1.163,3430.0,54.08,41.0,1,239.73
p2_W_E.96,3196.0,265.68,143.0,8,646.28
p2_N1_S1.160,3400.0,83.11,57.0,2,291.81
p2_W_E.97,3199.0,266.8,144.0,8,650.48
p2_N1_S1.161,3410.0,77.12,46.0,1,290.47
p2_N1_S1.162,3420.0,67.04,45.0,1,259.6
p2_W_E.98,3202.0,256.2,142.0,8,610.53
p2_W_E.99,3205.0,253.2,140.0,9,596.93
p2_W_E.100,3208.0,264.01,139.0,9,622.05
p2_S1_N1.164,3440.0,39.77,27.0,1,209.87
p2_W_E.101,3214.0,253.42,130.0,9,631.94
p2_S1_N1.165,3450.0,38.74,22.0,1,217.05
p2_S1_N1.166,3460.0,32.74,15.0,1,220.42
p2_E_W.181,2920.0,555.62,381.0,17,1068.86
p2_W_E.102,3217.0,245.89,126.0,8,594.37
p2_S2_W.44,3123.0,354.0,276.0,10,780.0
p2_W_E.103,3220.0,258.54,128.0,8,611.4
p2_S2_W.45,3153.0,325.75,232.0,11,736.79
p2_W_E.104,3223.0,253.32,128.0,8,610.14
p2_S2_W.46,3183.0,297.81,212.0,10,700.04
p2_W_E.105,3229.0,243.57,123.0,9,617.39
p2_S2_W.47,3213.0,268.67,170.0,8,654.52
p2_E_W.182,2923.0,562.17,389.0,16,1091.72
p2_E_W.183,2926.0,560.85,378.0,16,1090.73
p2_W_E.106,3232.0,236.15,120.0,8,581.74
p2_E_W.184,2929.0,559.71,379.0,15,1088.79
p2_W_E.107,3235.0,253.46,121.0,7,595.05
p2_W_E.108,3238.0,252.15,123.0,8,595.13
p2_E_W.185,2932.0,558.61,376.0,15,1079.71
p2_S2_N2.164,3440.0,69.23,45.0,1,265.02
p2_S2_N2.165,3450.0,64.22,43.0,1,262.88
p2_N2_S2.166,3460.0,46.94,37.0,1,229.7
p2_N2_S2.167,3470.0,46.64,30.0,1,228.85
p2_E_W.186,2935.0,552.95,369.0,19,1068.66
p2_N2_S2.168,3480.0,38.36,22.0,1,222.77
p2_E_W.187,2938.0,553.58,365.0,16,1071.19
p2_E_W.188,2941.0,558.06,371.0,15,1084.56
p2_N2_S2.169,3490.0,26.74,12.0,1,213.97
p2_W_N1.27,3264.0,257.52,140.0,12,545.07
p2_N2_S2.170,3500.0,15.24,2.0,1,181.21
p2_N1_S1.163,3430.0,94.1,69.0,2,305.81
p2_S1_N1.167,3470.0,54.36,34.0,2,255.13
p2_N1_S1.164,3440.0,85.35,64.0,2,292.2
p2_N2_S2.171,3510.0,6.27,0.0,0,152.26
p2_W_E.109,3244.0,263.18,133.0,10,620.13
p2_N1_S1.165,3450.0,78.38,57.0,2,274.85
p2_N1_E.54,3423.0,85.35,52.0,2,356.5
p2_S1_N1.168,3480.0,43.12,25.0,1,226.91
p2_W_E.110,3247.0,263.99,132.0,9,611.15
p2_S1_N1.169,3490.0,35.3,23.0,1,210.66
p2_W_E.111,3250.0,262.81,131.0,10,609.38
p2_S1_N1.170,3500.0,24.62,12.0,1,199.42
p2_S1_N1.171,3510.0,27.44,8.0,1,208.85
p2_S1_N1.172,3520.0,16.62,0.0,0,202.7
p2_W_E.112,3255.0,252.27,126.0,12,587.04
p2_S1_N1.173,3530.0,10.92,0.0,0,181.46
p2_S1_N1.174,3540.0,5.46,0.0,0,153.83
p2_N1_S1.166,3460.0,77.6,50.0,3,283.55
p2_N1_S1.167,3470.0,78.63,42.0,3,300.51
p2_N1_S1.168,3480.0,70.21,34.0,3,288.04
p2_N2_S2.172,3520.0,31.74,19.0,1,211.5
p2_N1_S1.169,3490.0,62.14,26.0,3,259.18
p2_N2_S2.173,3530.0,17.4,5.0,1,181.71
p2_N1_S1.170,3500.0,46.21,22.0,2,225.4
p2_S2_N2.166,3460.0,103.36,81.0,3,319.29
p2_N2_S2.174,3540.0,22.02,2.0,1,190.27
p2_N1_S1.171,3510.0,52.1,19.0,2,246.43
p2_N2_S2.175,3550.0,14.56,0.0,0,170.01
p2_S2_N2.167,3470.0,94.38,73.0,4,303.13
p2_N1_S1.172,3520.0,45.53,11.0,1,240.52
p2_N2_S2.176,3560.0,6.28,0.0,0,155.17
p2_S2_W.48,3243.0,297.5,222.0,8,686.54
p2_S2_N2.168,3480.0,85.47,63.0,3,292.77
p2_E_W.189,2970.0,574.81,401.0,14,1111.88
p2_S2_N2.169,3490.0,81.03,55.0,3,282.84
p2_E_W.190,2974.0,576.64,400.0,14,1117.11
p2_S2_N2.170,3500.0,72.74,45.0,3,262.41
p2_S2_N2.171,3510.0,63.69,33.0,3,258.67
p2_N2_S2.177,3570.0,5.62,0.0,0,145.97
p2_W_N1.28,3327.0,248.5,130.0,8,538.32
p2_S2_N2.172,3520.0,60.29,29.0,3,251.38
p2_S2_N2.173,3530.0,50.17,28.0,3,242.51
p2_S2_N2.174,3540.0,41.3,18.0,3,217.13
p2_W_N1.29,3342.0,246.02,119.0,8,547.09
p2_N2_S2.178,3580.0,5.57,0.0,0,155.04
p2_N1_E.55,3453.0,117.01,83.0,4,404.87
p2_N1_E.56,3483.0,84.97,46.0,4,346.37
p2_W_N1.30,3360.0,239.34,112.0,11,523.52
p2_N1_E.57,3513.0,66.92,31.0,3,334.49
p2_W_E.113,3314.0,256.67,149.0,8,601.23
p2_W_E.114,3318.0,267.25,148.0,8,621.45
p2_W_E.115,3321.0,257.64,140.0,8,623.36
p2_W_E.116,3324.0,264.79,139.0,7,621.41
p2_W_N1.31,3405.0,205.21,91.0,7,471.63
p2_W_E.117,3330.0,256.41,131.0,8,605.65
p2_W_E.118,3333.0,255.8,127.0,9,626.53
p2_W_E.119,3336.0,250.68,130.0,9,609.48
p2_W_E.120,3338.0,258.02,125.0,9,620.5
p2_W_E.121,3345.0,245.61,122.0,9,598.4
p2_W_E.122,3348.0,251.52,122.0,10,602.62
p2_W_N1.32,3482.0,137.94,54.0,3,375.07
p2_W_E.123,3351.0,250.33,118.0,7,600.03
p2_W_E.124,3354.0,249.1,118.0,9,595.75
p2_E_S1.19,2977.0,616.86,442.0,15,1185.54
p2_W_E.125,3357.0,247.82,118.0,9,598.49
p2_W_E.126,3363.0,243.61,110.0,8,592.54
p2_W_E.127,3366.0,241.26,109.0,12,588.0
p2_N1_S1.173,3530.0,90.11,58.0,1,295.17
p2_W_E.128,3390.0,220.04,93.0,8,578.62
p2_N1_S1.174,3540.0,92.3,58.0,1,306.59
p2_S1_N1.175,3550.0,67.04,56.0,1,255.53
p2_S1_N1.176,3560.0,76.04,54.0,1,272.01
p2_E_W.191,2980.0,636.3,446.0,16,1215.79
p2_S1_N1.177,3570.0,67.88,46.0,1,263.74
p2_S1_N1.178,3580.0,50.79,34.0,1,240.68
p2_S2_W.49,3273.0,338.97,247.0,10,763.04
p2_S2_W.50,3303.0,319.72,220.0,10,733.4
p2_W_E.129,3397.0,204.54,91.0,8,509.74
p2_S2_W.51,3333.0,290.82,184.0,9,697.64
p2_W_E.130,3461.0,156.37,55.0,5,439.93
p2_E_W.192,2987.0,632.4,435.0,18,1192.89
p2_W_E.131,3465.0,162.84,59.0,8,438.42
p2_E_W.193,3036.0,588.3,399.0,16,1128.39
p2_W_E.132,3468.0,161.6,57.0,7,456.98
p2_E_W.194,3040.0,590.6,395.0,15,1143.16
p2_S2_N2.175,3550.0,102.52,71.0,3,323.92
p2_W_E.133,3474.0,156.0,55.0,6,465.88
p2_E_W.195,3043.0,589.57,388.0,14,1143.22
p2_E_W.196,3046.0,586.89,388.0,15,1142.22
p2_E_W.197,3049.0,587.03,379.0,14,1127.09
p2_N2_S2.179,3590.0,58.91,49.0,1,244.71
p2_E_W.198,3052.0,585.74,378.0,16,1108.97
p2_S2_N2.176,3560.0,90.02,60.0,2,293.03
p2_S2_N2.177,3570.0,91.52,58.0,2,298.75
p2_E_W.199,3056.0,574.37,372.0,17,1078.49
p2_E_W.200,3093.0,544.0,345.0,14,1040.87
p2_S2_W.52,3363.0,280.25,167.0,9,663.99
p2_S2_W.53,3393.0,246.55,142.0,7,614.98
p2_N1_E.58,3543.0,93.83,59.0,2,358.38
p2_S2_W.54,3423.0,223.04,127.0,8,578.28
p2_W_E.134,3522.0,115.23,49.0,4,389.13
p2_W_N1.33,3535.0,137.76,66.0,4,379.23
p2_W_E.135,3526.0,126.34,49.0,6,404.43
p2_W_E.136,3529.0,124.13,47.0,4,407.5
p2_W_E.137,3532.0,123.88,47.0,4,428.81
p2_E_S1.20,3096.0,562.16,370.0,16,1092.32
p2_S1_N1.179,3590.0,96.47,78.0,2,318.7
p2_N1_S1.175,3550.0,137.1,103.0,3,369.07
p2_N1_S1.176,3560.0,129.29,102.0,2,351.52
p2_N1_S1.177,3570.0,121.07,98.0,2,347.5
p2_N1_S1.178,3580.0,110.16,88.0,2,321.11
p2_N1_S1.179,3590.0,113.01,82.0,2,331.9
p2_E_W.201,3100.0,581.36,380.0,17,1118.06
p2_W_E.138,3538.0,135.44,64.0,3,406.56
p2_E_W.202,3103.0,577.1,375.0,19,1117.77
p2_W_E.139,3541.0,138.96,67.0,6,435.55
p2_W_E.140,3544.0,142.96,62.0,4,452.79
p2_E_W.203,3106.0,573.49,368.0,19,1091.65
p2_E_W.204,3109.0,575.89,363.0,23,1089.56
p2_E_W.205,3112.0,576.27,369.0,17,1096.83
p2_E_W.206,3115.0,564.83,370.0,19,1078.84
p2_E_W.207,3118.0,574.7,365.0,17,1087.83
p2_E_W.208,3121.0,581.8,364.0,19,1092.92
p2_N1_E.59,3573.0,117.5,94.0,2,389.51
p2_S2_W.55,3453.0,248.91,169.0,9,626.42
p2_S2_W.56,3483.0,221.42,137.0,8,585.0
p2_S2_W.57,3513.0,192.86,99.0,8,554.84
p2_S2_W.58,3543.0,166.52,76.0,10,511.65
p2_E_W.209,3154.0,538.5,347.0,17,1048.14
p2_E_W.210,3157.0,559.11,347.0,14,1051.82
p2_W_N1.34,3550.0,184.13,102.0,7,453.65
p2_W_E.141,3547.0,172.46,88.0,7,492.82
p2_W_N1.35,3566.0,180.71,90.0,6,415.04
p2_W_N1.36,3584.0,174.46,77.0,6,420.58
p2_W_E.142,3553.0,186.09,98.0,7,492.39
p2_W_E.143,3556.0,184.96,96.0,7,485.48
p2_W_E.144,3559.0,183.98,93.0,7,493.69
p2_W_E.145,3563.0,180.95,91.0,6,483.75
p2_W_E.146,3569.0,179.91,85.0,7,471.15
p2_E_S1.21,3160.0,566.88,373.0,17,1083.11
p2_W_E.147,3572.0,178.91,84.0,6,463.55
p2_W_E.148,3575.0,177.05,82.0,6,457.31
p2_W_E.149,3578.0,177.33,80.0,6,460.81
p2_W_E.150,3581.0,176.03,79.0,8,462.48
p2_E_W.211,3163.0,594.64,374.0,21,1104.22
p2_E_W.212,3166.0,589.9,368.0,17,1110.85
p2_W_E.151,3587.0,173.44,73.0,6,472.23
p2_E_W.213,3169.0,595.3,361.0,18,1125.84
p2_E_W.214,3172.0,590.71,356.0,20,1100.86
p2_E_W.215,3175.0,592.87,353.0,20,1116.54
p2_E_W.216,3178.0,591.5,356.0,15,1119.15
p2_E_W.217,3181.0,581.17,364.0,18,1095.69
p2_E_W.218,3184.0,579.11,355.0,17,1061.16
p2_E_W.219,3187.0,578.2,350.0,16,1071.71
p2_E_W.220,3190.0,585.77,342.0,17,1071.88
p2_W_N1.37,3603.0,199.3,93.0,8,470.52
p2_W_N1.38,3667.0,148.68,52.0,5,389.91
p2_W_E.152,3590.0,205.76,100.0,8,535.2
p2_S2_N2.178,3580.0,220.63,202.0,2,499.55
p2_S2_N2.179,3590.0,233.84,199.0,2,519.42
p2_W_E.153,3593.0,195.85,94.0,8,510.2
p2_W_N1.39,3682.0,142.96,47.0,6,373.35
p2_W_E.154,3596.0,208.3,86.0,7,529.0
p2_W_N1.40,3697.0,138.07,38.0,6,372.83
p2_W_E.155,3655.0,148.34,60.0,5,440.22
p2_W_E.156,3658.0,160.45,57.0,5,446.45
p2_E_S1.22,3214.0,604.89,365.0,17,1130.41
p2_W_E.157,3661.0,159.16,55.0,6,473.9
p2_W_E.158,3664.0,152.43,53.0,5,458.16
p2_W_E.159,3670.0,153.88,50.0,6,470.35
p2_W_E.160,3673.0,152.56,52.0,5,461.38
p2_W_E.161,3676.0,146.94,49.0,6,454.67
p2_W_E.162,3679.0,150.34,50.0,6,469.26
p2_W_E.163,3685.0,143.94,42.0,5,427.29
p2_W_E.164,3688.0,142.25,41.0,7,428.83
p2_E_W.221,3217.0,617.35,367.0,17,1133.21
p2_W_E.165,3691.0,143.14,42.0,8,447.15
p2_E_W.222,3220.0,616.52,364.0,16,1130.32
p2_W_E.166,3694.0,142.32,41.0,6,454.93
p2_E_W.223,3223.0,615.31,358.0,14,1125.33
p2_E_W.224,3227.0,608.78,355.0,15,1111.32
p2_W_E.167,3700.0,135.68,37.0,5,414.5
p2_E_W.225,3235.0,607.67,352.0,20,1128.15
p2_E_W.226,3281.0,564.95,322.0,14,1053.16
p2_E_W.227,3286.0,559.23,321.0,16,1066.68
p2_E_W.228,3291.0,558.29,315.0,15,1059.11
p2_E_W.229,3298.0,544.83,312.0,15,1018.05
p2_E_W.230,3345.0,510.23,273.0,16,977.86
p2_W_N1.41,3712.0,167.58,59.0,8,424.38
p2_W_E.168,3703.0,169.47,56.0,8,493.26
p2_W_E.169,3706.0,168.12,55.0,7,483.35
p2_W_E.170,3709.0,167.18,51.0,8,473.35
p2_W_N1.42,3730.0,154.11,41.0,8,399.14
p2_W_N1.43,3746.0,157.84,31.0,4,399.2
p2_W_E.171,3715.0,167.53,52.0,7,449.0
p2_W_E.172,3718.0,164.54,50.0,7,448.72
p2_W_E.173,3721.0,165.41,49.0,10,457.88
p2_W_E.174,3724.0,163.19,49.0,8,443.71
p2_W_E.175,3727.0,165.79,48.0,9,463.28
p2_W_E.176,3733.0,162.1,39.0,8,454.64
p2_W_N1.44,3802.0,108.8,22.0,4,320.3
p2_W_E.177,3736.0,159.85,33.0,6,447.83
p2_E_S1.23,3348.0,534.65,308.0,14,1015.02
p2_W_E.178,3739.0,161.31,34.0,5,448.48
p2_W_E.179,3742.0,160.02,31.0,5,436.84
p2_W_E.180,3764.0,142.57,24.0,6,416.51
p2_W_E.181,3770.0,138.32,21.0,3,408.91
p2_E_W.231,3352.0,558.1,318.0,18,1025.16
p2_E_W.232,3355.0,556.98,331.0,16,1038.57
p2_W_E.182,3777.0,129.6,23.0,5,397.09
p2_W_E.183,3793.0,122.87,23.0,4,399.76
p2_E_W.233,3359.0,545.69,325.0,18,1026.13
p2_E_W.234,3365.0,540.19,323.0,18,1012.0
p2_E_W.235,3406.0,512.89,289.0,13,964.96
p2_E_W.236,3444.0,482.86,263.0,12,927.36
p2_E_W.237,3447.0,481.56,264.0,16,945.33
p2_E_W.238,3451.0,476.99,261.0,15,946.89
p2_E_W.239,3459.0,469.39,258.0,15,909.34
p2_E_W.240,3494.0,435.04,235.0,14,863.39
p2_W_N1.45,3839.0,117.84,25.0,4,341.77
p2_W_E.184,3826.0,114.32,26.0,6,394.74
p2_W_N1.46,3854.0,110.19,19.0,3,326.41
p2_W_E.185,3830.0,123.68,25.0,5,406.43
p2_W_E.186,3833.0,122.46,21.0,6,405.72
p2_W_E.187,3836.0,111.99,17.0,4,391.75
p2_W_N1.47,3875.0,104.51,12.0,2,319.31
p2_W_E.188,3842.0,114.62,22.0,3,372.56
p2_W_E.189,3845.0,117.95,22.0,3,395.14
p2_E_S1.24,3498.0,472.06,264.0,14,923.32
p2_W_E.190,3848.0,124.97,19.0,3,396.18
p2_W_E.191,3851.0,123.78,19.0,3,404.19
p2_W_E.192,3857.0,119.52,15.0,3,408.16
p2_W_E.193,3860.0,116.15,12.0,2,373.91
p2_W_E.194,3867.0,112.95,14.0,3,375.8
p2_W_E.195,3870.0,111.79,13.0,3,369.9
p2_E_W.241,3501.0,482.23,271.0,17,936.97
p2_W_E.196,3885.0,95.35,10.0,3,332.09
p2_E_W.242,3504.0,485.34,272.0,19,947.19
p2_W_E.197,3896.0,93.59,8.0,2,355.33
p2_E_W.243,3507.0,483.66,264.0,17,944.55
p2_W_E.198,3899.0,90.35,8.0,2,354.08
p2_E_W.244,3510.0,482.77,262.0,16,931.87
p2_W_E.199,3902.0,87.17,7.0,2,361.83
p2_W_E.200,3905.0,89.78,5.0,1,382.67
p2_S2_W.59,3573.0,420.88,308.0,11,892.4
p2_E_W.245,3513.0,483.38,281.0,13,953.76
p2_E_W.246,3516.0,476.9,275.0,13,923.24
p2_E_W.247,3520.0,473.65,269.0,14,921.07
p2_E_W.248,3555.0,450.75,248.0,13,904.5
p2_E_W.249,3559.0,447.66,240.0,12,892.29
p2_E_W.250,3562.0,431.57,238.0,11,866.15
p2_W_N1.48,3908.0,124.46,42.0,3,358.78
p2_W_N1.49,3923.0,123.05,30.0,3,352.9
p2_W_N1.50,3938.0,116.4,28.0,3,322.26
p2_W_E.201,3911.0,127.55,40.0,4,399.17
p2_W_E.202,3914.0,126.39,38.0,3,403.0
p2_E_S1.25,3567.0,479.99,272.0,13,919.17
p2_W_E.203,3917.0,122.71,38.0,4,393.8
p2_W_N1.51,3960.0,103.6,26.0,5,330.28
p2_W_E.204,3920.0,129.07,32.0,3,395.29
p2_W_E.205,3926.0,126.06,29.0,3,390.75
p2_W_E.206,3929.0,118.33,28.0,3,367.92
p2_W_E.207,3932.0,128.75,28.0,4,391.4
p2_W_E.208,3935.0,121.78,27.0,3,404.44
p2_W_E.209,3941.0,123.34,25.0,3,400.81
p2_E_W.251,3573.0,483.86,281.0,15,929.46
p2_W_E.210,3944.0,122.0,24.0,3,398.48
p2_E_W.252,3621.0,446.42,246.0,13,891.21
p2_W_E.211,3947.0,120.38,23.0,2,395.36
p2_E_W.253,3629.0,437.49,240.0,12,897.72
p2_E_W.254,3633.0,437.85,255.0,12,900.93
p2_E_W.255,3641.0,430.26,251.0,12,895.5
p2_W_E.212,3952.0,108.55,24.0,3,374.23
p2_E_W.256,3681.0,377.41,218.0,11,797.22
p2_E_W.257,3685.0,392.03,216.0,11,806.01
p2_E_W.258,3688.0,396.08,214.0,11,822.84
p2_E_W.259,3691.0,385.89,213.0,11,813.34
p2_E_W.260,3694.0,392.96,209.0,12,819.23
p2_W_N1.52,3982.0,127.15,40.0,4,367.16
p2_W_E.213,3969.0,129.44,45.0,5,442.54
p2_W_N1.53,3997.0,120.46,31.0,4,361.22
p2_W_E.214,3973.0,115.94,34.0,4,410.74
p2_W_E.215,3976.0,133.04,33.0,5,432.36
p2_W_E.216,3979.0,131.06,31.0,4,448.72
p2_W_E.217,3985.0,129.9,38.0,5,430.49
p2_W_N1.54,4015.0,116.16,28.0,4,339.29
p2_W_E.218,3988.0,121.76,37.0,4,402.41
p2_W_E.219,3990.0,133.32,34.0,4,422.41
p2_E_S1.26,3697.0,419.69,245.0,11,864.09
p2_W_E.220,3994.0,122.92,30.0,4,412.59
p2_W_E.221,4000.0,130.34,29.0,4,437.54
p2_W_E.222,4003.0,117.22,30.0,5,396.39
p2_E_W.261,3703.0,433.89,252.0,14,864.86
p2_W_E.223,4006.0,132.42,26.0,3,420.47
p2_E_W.262,3710.0,430.49,249.0,14,873.15
p2_W_E.224,4009.0,121.07,27.0,3,396.77
p2_W_E.225,4012.0,130.17,25.0,3,401.83
p2_E_W.263,3762.0,380.34,213.0,15,795.21
p2_E_W.264,3768.0,376.13,224.0,12,817.33
p2_W_E.226,4018.0,123.37,26.0,4,397.32
p2_E_W.265,3771.0,374.8,220.0,11,808.24
p2_W_E.227,4021.0,124.58,26.0,5,410.26
p2_E_W.266,3775.0,372.53,217.0,10,794.54
p2_W_E.228,4024.0,111.17,25.0,4,366.78
p2_W_E.229,4030.0,114.75,24.0,4,385.72
p2_E_W.267,3778.0,363.79,213.0,11,781.1
p2_E_W.268,3781.0,375.05,210.0,9,792.5
p2_E_W.269,3784.0,373.66,206.0,10,799.37
p2_E_W.270,3787.0,372.56,204.0,10,801.56
p2_W_N1.55,4040.0,140.49,55.0,5,383.59
p2_W_N1.56,4058.0,137.62,42.0,5,380.71
p2_W_N1.57,4073.0,133.02,36.0,5,380.73
p2_W_E.230,4046.0,139.34,53.0,6,415.26
p2_W_E.231,4049.0,146.74,50.0,5,445.95
p2_W_N1.58,4088.0,129.75,30.0,5,360.85
p2_W_E.232,4052.0,145.37,49.0,5,482.26
p2_E_S1.27,3790.0,408.0,237.0,10,846.49
p2_W_E.233,4055.0,131.32,50.0,5,411.64
p2_W_E.234,4061.0,149.43,40.0,6,435.74
p2_W_E.235,4064.0,148.14,38.0,6,437.26
p2_W_E.236,4067.0,146.99,42.0,7,458.85
p2_E_W.271,3793.0,421.95,241.0,11,859.58
p2_W_E.237,4070.0,145.76,42.0,6,474.68
p2_E_W.272,3796.0,421.03,235.0,13,862.18
p2_W_E.238,4076.0,138.07,34.0,5,444.74
p2_E_W.273,3799.0,417.11,237.0,12,850.41
p2_W_E.239,4079.0,139.56,35.0,5,440.02
p2_W_E.240,4082.0,133.14,32.0,3,419.06
p2_W_E.241,4085.0,137.84,30.0,3,433.71
p2_E_W.274,3802.0,409.49,251.0,13,847.54
p2_E_W.275,3805.0,415.55,251.0,14,861.73
p2_E_W.276,3808.0,421.15,245.0,14,855.99
p2_E_W.277,3811.0,419.09,242.0,12,844.81
p2_E_W.278,3814.0,418.51,239.0,12,846.69
p2_E_W.279,3817.0,417.31,230.0,12,858.25
p2_E_W.280,3833.0,403.09,225.0,12,829.61
p2_W_N1.59,4135.0,124.05,35.0,4,354.11
p2_E_S1.28,3837.0,413.21,234.0,13,844.96
p2_W_E.242,4103.0,136.74,41.0,6,443.62
p2_W_E.243,4126.0,125.99,29.0,5,421.13
p2_E_W.281,3840.0,412.35,226.0,14,833.63
p2_E_W.282,3843.0,410.26,230.0,14,832.62
p2_E_W.283,3846.0,407.06,224.0,12,834.31
p2_E_W.284,3849.0,410.33,223.0,11,846.53
p2_W_E.244,4129.0,107.56,26.0,3,387.75
p2_E_W.285,3852.0,409.01,240.0,12,854.21
p2_W_E.245,4132.0,127.22,25.0,4,414.6
p2_E_W.286,3855.0,405.2,237.0,12,834.33
p2_W_E.246,4138.0,125.38,34.0,4,402.21
p2_E_W.287,3858.0,406.87,229.0,11,831.56
p2_W_E.247,4141.0,124.13,30.0,4,401.18
p2_E_W.288,3861.0,405.54,228.0,11,841.44
p2_W_E.248,4144.0,122.86,28.0,4,392.91
p2_E_W.289,3864.0,404.33,222.0,10,833.9
p2_W_E.249,4147.0,121.73,26.0,3,389.19
p2_E_W.290,3867.0,398.06,219.0,10,818.34
p2_E_S1.29,3870.0,392.22,217.0,12,817.62
p2_E_W.291,3874.0,416.14,229.0,13,844.77
p2_E_W.292,3909.0,377.9,204.0,12,792.78
p2_E_W.293,3915.0,377.45,197.0,11,798.11
p2_E_W.294,3918.0,380.47,196.0,13,813.18
p2_E_W.295,3921.0,379.08,208.0,12,804.16
p2_E_W.296,3924.0,377.89,209.0,13,783.0
p2_E_W.297,3927.0,376.59,203.0,10,790.46
p2_E_W.298,3930.0,369.04,204.0,11,779.2
p2_E_W.299,3933.0,374.61,199.0,9,763.92
p2_E_W.300,3936.0,366.36,196.0,9,754.44
p2_E_S1.30,3941.0,367.79,194.0,9,770.2
p2_E_W.301,3981.0,331.5,164.0,9,702.58
p2_E_W.302,3984.0,328.24,164.0,10,690.38
p2_E_W.303,3989.0,328.54,160.0,8,711.03
p2_E_W.304,3992.0,327.29,157.0,7,711.7
p2_E_W.305,3995.0,325.98,171.0,8,722.01
p2_E_W.306,3999.0,323.78,173.0,8,731.1
p2_E_W.307,4002.0,317.3,167.0,7,701.44
p2_E_W.308,4005.0,319.96,163.0,6,699.42
p2_E_W.309,4007.0,322.34,162.0,7,700.19
p2_E_W.310,4010.0,321.11,160.0,8,697.96
p2_E_S1.31,4015.0,316.2,157.0,6,698.84
p2_E_W.311,4058.0,268.72,128.0,5,617.52
p2_E_W.312,4062.0,277.1,125.0,5,624.91
p2_E_W.313,4065.0,273.57,124.0,5,637.53
p2_E_W.314,4068.0,274.55,123.0,4,640.55
p2_E_W.315,4071.0,256.46,124.0,5,602.92
p2_E_W.316,4074.0,279.59,123.0,4,621.7
p2_E_W.317,4077.0,271.38,123.0,4,618.91
p2_E_W.318,4080.0,284.19,135.0,5,628.22
p2_E_W.319,4083.0,282.41,133.0,5,649.25
p2_E_W.320,4087.0,283.73,144.0,7,662.85
p2_E_S1.32,4093.0,277.07,141.0,8,643.54
p2_E_W.321,4134.0,239.15,110.0,5,572.81
p2_E_W.322,4137.0,238.12,109.0,6,568.13
p2_E_W.323,4141.0,235.35,108.0,6,552.09
p2_E_W.324,4144.0,235.46,111.0,7,546.52
p2_E_W.325,4147.0,233.38,103.0,5,549.58
p2_E_W.326,4150.0,230.6,105.0,5,538.27
p2_E_W.327,4153.0,232.7,101.0,5,551.0
p2_E_W.328,4156.0,229.72,101.0,6,551.24
p2_E_W.329,4159.0,230.36,101.0,5,547.5
p2_E_W.330,4162.0,222.35,97.0,5,526.43
p2_E_S1.33,4165.0,227.23,100.0,7,552.55
p2_E_W.331,4170.0,219.95,93.0,6,542.28
p2_E_W.332,4210.0,188.21,66.0,4,488.85
p2_E_W.333,4213.0,185.48,68.0,6,502.02
p2_E_W.334,4216.0,188.17,65.0,4,503.33
p2_E_W.335,4219.0,186.81,66.0,4,517.22
p2_E_W.336,4222.0,185.61,66.0,4,528.42
p2_E_W.337,4225.0,179.89,64.0,4,495.78
p2_E_W.338,4228.0,183.12,64.0,5,495.67
p2_E_W.339,4231.0,174.82,64.0,4,471.19
p2_E_W.340,4234.0,181.46,64.0,4,483.09
p2_E_W.341,4243.0,174.62,66.0,6,467.77
p2_E_S1.34,4237.0,172.19,62.0,4,469.81
p2_E_W.342,4286.0,126.22,30.0,3,390.1
p2_E_W.343,4291.0,124.17,30.0,3,395.74
p2_E_W.344,4294.0,134.03,32.0,3,409.52
p2_E_W.345,4298.0,133.18,45.0,4,423.17
p2_E_W.346,4301.0,143.46,42.0,4,428.68
p2_E_W.347,4304.0,146.94,53.0,4,453.4
p2_E_W.348,4307.0,146.34,50.0,4,465.52
p2_E_W.349,4310.0,142.23,47.0,4,460.32
p2_E_W.350,4313.0,141.68,44.0,4,450.32
p2_E_W.351,4321.0,137.57,42.0,5,425.05
p2_E_W.352,4361.0,99.4,18.0,3,374.01
p2_E_W.353,4365.0,95.09,15.0,3,354.99
p2_E_S1.35,4316.0,128.96,44.0,5,397.83
p2_E_W.354,4368.0,95.76,15.0,2,372.98
p2_E_W.355,4371.0,90.74,15.0,3,361.61
p2_E_W.356,4374.0,89.79,12.0,2,363.17
p2_E_W.357,4377.0,94.15,13.0,2,372.05
p2_E_W.358,4380.0,92.88,12.0,3,364.79
p2_E_W.359,4383.0,89.54,10.0,2,347.5
p2_E_W.360,4386.0,90.43,10.0,2,359.94
p2_E_S1.36,4389.0,83.91,10.0,2,342.51
p2_E_W.361,4392.0,86.4,9.0,4,355.01
p2_E_W.362,4395.0,76.77,9.0,3,320.53
p2_E_W.363,4400.0,89.44,9.0,2,338.95
p2_E_W.364,4406.0,77.37,9.0,3,354.29
p2_E_W.365,4414.0,79.07,5.0,2,362.71
p2_E_W.366,4420.0,74.87,5.0,2,343.08
p2_E_W.367,4432.0,52.72,6.0,2,303.49
p2_E_W.368,4436.0,61.82,5.0,2,309.86
p2_E_W.369,4439.0,61.15,5.0,1,319.11
p2_E_S1.37,4445.0,54.29,5.0,3,317.99
p2_E_W.370,4442.0,59.98,4.0,1,320.92
p2_E_W.371,4448.0,63.5,16.0,3,327.06
p2_E_W.372,4451.0,67.33,15.0,3,331.03
p2_E_W.373,4454.0,63.74,14.0,3,330.91
p2_E_W.374,4457.0,48.59,19.0,2,299.75
p2_E_W.375,4460.0,74.26,16.0,2,328.29
p2_E_S1.38,4478.0,59.54,11.0,2,315.9
p2_E_W.376,4463.0,77.54,14.0,2,343.84
p2_E_W.377,4466.0,76.34,13.0,2,345.28
p2_E_W.378,4469.0,75.17,12.0,2,348.44
p2_E_W.379,4472.0,71.14,10.0,2,337.09
p2_E_W.380,4475.0,66.66,10.0,2,347.29
p2_E_W.381,4481.0,68.53,11.0,2,351.62
p2_E_W.382,4484.0,67.12,9.0,2,342.93
p2_E_W.383,4487.0,65.94,8.0,2,339.54
p2_E_W.384,4490.0,39.89,5.0,2,268.25
p2_E_W.385,4493.0,66.5,5.0,2,306.48
p2_E_W.386,4495.0,66.41,4.0,2,316.76
p2_E_W.387,4499.0,64.14,4.0,1,319.84
p2_E_S1.39,4511.0,49.67,3.0,1,289.4
p2_E_W.388,4502.0,43.99,3.0,1,287.93
p2_E_W.389,4505.0,62.28,4.0,1,297.93
p2_E_W.390,4508.0,55.15,2.0,1,304.71
p2_E_W.391,4514.0,56.69,2.0,1,318.88
p2_E_W.392,4517.0,55.48,3.0,1,314.55
p2_E_W.393,4520.0,51.21,1.0,1,311.9
p2_E_W.394,4523.0,28.13,2.0,1,244.75
p2_E_W.395,4526.0,57.56,1.0,1,268.41
p2_E_W.396,4529.0,52.43,0.0,0,281.39
p2_E_W.397,4532.0,44.0,1.0,1,288.11
p2_E_W.398,4535.0,50.17,13.0,2,293.48
p2_E_W.399,4537.0,55.47,13.0,2,310.36
p2_E_W.400,4541.0,62.51,12.0,1,318.09
p2_E_W.401,4547.0,58.28,21.0,2,316.89
p2_E_W.402,4550.0,57.01,18.0,2,325.65
p2_E_S1.40,4544.0,47.08,22.0,2,290.2
p2_E_W.403,4553.0,55.84,17.0,3,325.42
p2_E_W.404,4556.0,52.75,16.0,2,311.49
p2_E_W.405,4559.0,51.79,14.0,2,297.73
p2_E_W.406,4562.0,52.3,12.0,2,316.28
p2_E_W.407,4565.0,50.97,12.0,2,291.86
p2_E_W.408,4568.0,49.81,9.0,2,303.19
p2_E_W.409,4571.0,48.57,9.0,2,286.17
p2_E_W.410,4574.0,47.43,8.0,2,308.88
p2_E_S1.41,4577.0,45.57,6.0,1,284.67
p2_E_W.411,4580.0,42.24,5.0,1,268.78
p2_E_W.412,4583.0,35.09,4.0,1,274.31
p2_E_W.413,4586.0,37.69,4.0,1,273.78
p2_E_W.414,4589.0,39.27,4.0,1,285.69
p2_E_W.415,4592.0,38.6,3.0,1,288.91
p2_E_W.416,4595.0,43.98,3.0,1,302.94
p2_E_W.417,4598.0,37.84,3.0,1,296.8
p2_E_W.418,4602.0,37.76,3.0,1,300.79
p2_E_S1.42,4611.0,32.4,2.0,2,252.52
p2_E_W.419,4605.0,39.45,1.0,1,295.65
p2_E_W.420,4608.0,34.03,1.0,1,281.08
p2_E_W.421,4614.0,33.97,1.0,1,275.61
p2_E_W.422,4617.0,26.16,0.0,0,254.46
p2_E_W.423,4619.0,32.81,0.0,0,260.31
p2_E_W.424,4622.0,41.95,23.0,2,274.56
p2_E_W.425,4626.0,49.65,20.0,2,283.95
p2_E_W.426,4629.0,43.87,19.0,2,289.8
p2_E_W.427,4632.0,47.12,17.0,2,301.72
p2_E_W.428,4635.0,36.04,13.0,2,268.26
p2_E_W.429,4638.0,45.44,13.0,3,290.44
p2_E_W.430,4641.0,44.17,11.0,3,300.89
p2_E_W.431,4647.0,39.94,7.0,3,298.81
p2_E_S1.43,4644.0,36.24,8.0,2,271.74
p2_E_W.432,4650.0,38.69,6.0,1,301.94
p2_E_W.433,4653.0,37.42,6.0,1,298.64
p2_E_W.434,4656.0,36.17,5.0,1,303.67
p2_E_W.435,4659.0,35.21,5.0,1,294.38
p2_E_W.436,4662.0,34.21,5.0,1,282.24
p2_E_W.437,4665.0,33.07,5.0,1,271.44
p2_E_W.438,4668.0,31.78,5.0,1,276.75
p2_E_W.439,4671.0,30.6,5.0,1,276.18
p2_E_S1.44,4677.0,28.28,2.0,1,244.68
p2_E_W.440,4674.0,18.9,3.0,1,225.92
p2_E_W.441,4680.0,24.56,1.0,1,255.61
p2_E_W.442,4683.0,30.5,1.0,1,269.21
p2_E_W.443,4686.0,29.15,0.0,0,271.31
p2_E_W.444,4689.0,21.89,2.0,1,251.31
p2_E_W.445,4692.0,26.76,1.0,1,258.5
p2_E_W.446,4695.0,25.57,0.0,0,252.17
p2_E_W.447,4698.0,41.54,25.0,2,280.8
p2_E_W.448,4701.0,46.04,21.0,2,290.63
p2_E_W.449,4704.0,45.74,20.0,2,310.1
p2_E_W.450,4707.0,48.09,18.0,2,322.54
p2_E_S1.45,4710.0,44.31,17.0,2,301.42
p2_E_W.451,4713.0,43.87,15.0,2,293.83
p2_E_W.452,4716.0,42.46,11.0,2,308.55
p2_E_W.453,4719.0,41.32,10.0,2,304.42
p2_E_W.454,4722.0,40.1,9.0,2,284.15
p2_E_W.455,4725.0,38.94,7.0,2,281.06
p2_E_W.456,4728.0,37.66,6.0,2,284.59
p2_E_W.457,4731.0,35.55,6.0,2,269.61
p2_E_W.458,4734.0,29.1,4.0,1,250.76
p2_E_W.459,4737.0,30.04,4.0,1,254.65
p2_E_W.460,4740.0,35.69,4.0,1,278.62
p2_E_S1.46,4743.0,32.59,4.0,1,266.8
p2_E_W.461,4746.0,31.52,3.0,1,274.06
p2_E_W.462,4749.0,30.33,3.0,1,277.96
p2_E_W.463,4752.0,28.07,2.0,1,252.9
p2_E_W.464,4755.0,28.21,2.0,1,250.72
p2_E_W.465,4758.0,26.97,2.0,1,247.98
p2_E_W.466,4761.0,18.86,2.0,2,223.14
p2_E_W.467,4764.0,21.51,1.0,1,243.93
p2_E_W.468,4767.0,27.4,0.0,0,256.5
p2_E_W.469,4770.0,26.01,0.0,0,269.51
p2_E_W.470,4773.0,22.07,0.0,0,261.52
p2_E_W.471,4780.0,40.68,17.0,2,281.91
p2_E_W.472,4783.0,43.91,14.0,2,294.03
p2_E_S1.47,4777.0,35.21,17.0,2,269.02
p2_E_W.473,4786.0,35.35,13.0,2,268.67
p2_E_W.474,4789.0,43.66,10.0,2,283.7
p2_E_W.475,4792.0,42.35,10.0,2,289.87
p2_E_W.476,4795.0,41.05,9.0,3,289.25
p2_E_W.477,4798.0,39.78,7.0,2,295.74
p2_E_W.478,4801.0,35.99,6.0,1,286.16
p2_E_W.479,4804.0,37.42,5.0,1,292.81
p2_E_W.480,4807.0,36.16,5.0,1,297.75
p2_E_S1.48,4810.0,28.78,5.0,1,248.02
p2_E_W.481,4813.0,23.13,3.0,1,238.6
p2_E_W.482,4816.0,31.56,3.0,1,263.18
p2_E_W.483,4819.0,33.91,3.0,1,280.5
p2_E_W.484,4822.0,34.29,1.0,1,286.34
p2_E_W.485,4825.0,33.08,1.0,1,279.07
p2_E_W.486,4828.0,16.83,0.0,0,221.97
p2_E_W.487,4831.0,31.24,0.0,0,254.74
p2_E_W.488,4835.0,30.1,0.0,0,266.33
p2_E_W.489,4838.0,27.41,0.0,0,273.34
p2_E_W.490,4841.0,24.97,0.0,0,249.54
p2_E_S1.49,4844.0,18.49,0.0,0,241.99
p2_E_W.491,4847.0,23.57,0.0,0,252.57
p2_E_W.492,4850.0,18.2,0.0,0,247.07
p2_E_W.493,4853.0,23.69,12.0,1,235.4
p2_E_W.494,4856.0,36.02,17.0,2,272.36
p2_E_W.495,4859.0,30.98,12.0,2,255.97
p2_E_W.496,4861.0,46.56,10.0,2,294.95
p2_E_W.497,4864.0,45.33,9.0,2,310.55
p2_E_W.498,4867.0,41.0,8.0,2,294.66
p2_E_S1.50,4876.0,35.8,4.0,1,291.44
p2_E_W.499,4870.0,32.54,6.0,2,272.82
p2_E_W.500,4873.0,39.73,6.0,2,275.82
p2_E_W.501,4879.0,37.34,5.0,1,290.84
p2_E_W.502,4882.0,35.91,4.0,1,281.84
p2_E_W.503,4885.0,34.61,4.0,1,290.43
p2_E_W.504,4888.0,21.3,4.0,1,237.02
p2_E_W.505,4891.0,30.84,4.0,1,254.95
p2_E_W.506,4894.0,35.35,2.0,1,273.19
p2_E_W.507,4897.0,20.07,1.0,1,235.38
p2_E_W.508,4900.0,33.38,1.0,1,249.67
p2_E_W.509,4903.0,32.08,0.0,0,278.53
p2_E_S1.51,4909.0,24.77,0.0,0,243.45
p2_E_W.510,4906.0,30.81,0.0,0,270.15
p2_E_W.511,4912.0,26.59,0.0,0,255.62
p2_E_W.512,4915.0,25.49,0.0,0,272.75
p2_E_W.513,4918.0,24.16,0.0,0,260.09
p2_E_W.514,4921.0,22.99,0.0,0,260.01
p2_E_W.515,4924.0,21.73,0.0,0,270.21
p2_E_W.516,4927.0,20.62,0.0,0,268.02
p2_E_W.517,4930.0,22.68,9.0,1,239.4
p2_E_W.518,4933.0,36.53,19.0,2,285.23
p2_E_W.519,4936.0,33.61,15.0,2,265.19
p2_E_W.520,4939.0,42.15,12.0,2,294.86
p2_E_W.521,4945.0,34.41,10.0,2,263.38
p2_E_S1.52,4942.0,31.65,11.0,2,262.08
p2_E_W.522,4948.0,37.44,8.0,1,287.21
p2_E_W.523,4951.0,35.9,8.0,1,282.58
p2_E_W.524,4954.0,35.79,7.0,1,293.44
p2_E_W.525,4957.0,28.11,7.0,1,260.67
p2_E_W.526,4960.0,33.67,7.0,1,284.3
p2_E_W.527,4963.0,34.25,7.0,1,280.67
p2_E_W.528,4966.0,32.95,6.0,1,279.35
p2_E_W.529,4969.0,28.73,7.0,2,275.55
p2_E_S1.53,4975.0,22.17,0.0,0,242.52
p2_E_W.530,4972.0,14.49,0.0,0,223.26
p2_E_W.531,4978.0,28.63,0.0,0,251.91
p2_E_W.532,4981.0,27.71,0.0,0,256.01
p2_E_W.533,4984.0,30.71,0.0,0,274.74
p2_E_W.534,4987.0,29.49,0.0,0,270.83
p2_E_W.535,4990.0,28.16,0.0,0,280.47
p2_E_W.536,4993.0,26.84,0.0,0,285.8
p2_E_W.537,4996.0,22.79,0.0,0,274.22
p2_E_W.538,4999.0,24.14,0.0,0,282.75
p2_E_W.539,5002.0,23.05,0.0,0,266.38
p2_E_W.540,5005.0,24.49,12.0,1,247.05
p2_E_S1.54,5008.0,37.16,21.0,2,278.23
p2_E_W.541,5011.0,38.63,19.0,2,279.13
p2_E_W.542,5014.0,38.02,17.0,2,289.39
p2_E_W.543,5017.0,39.71,14.0,2,276.92
p2_E_W.544,5020.0,34.85,12.0,2,277.09
p2_E_W.545,5023.0,38.06,11.0,2,283.64
p2_E_W.546,5026.0,36.85,9.0,2,291.07
p2_E_W.547,5029.0,35.07,8.0,1,281.88
p2_E_W.548,5032.0,34.54,8.0,1,289.22
p2_E_W.549,5035.0,33.18,7.0,2,283.91
p2_E_W.550,5038.0,28.69,6.0,1,251.42
p2_E_S1.55,5042.0,29.51,5.0,1,260.82
p2_E_W.551,5045.0,24.54,6.0,1,252.48
p2_E_W.552,5048.0,20.89,3.0,1,241.02
p2_E_W.553,5051.0,23.58,2.0,1,257.35
p2_E_W.554,5054.0,20.31,2.0,1,245.19
p2_E_W.555,5057.0,28.13,1.0,1,273.92
p2_E_W.556,5060.0,12.8,0.0,0,213.17
p2_E_W.557,5063.0,28.6,0.0,0,237.63
p2_E_W.558,5066.0,27.44,0.0,0,263.11
p2_E_W.559,5069.0,26.27,0.0,0,279.54
p2_E_W.560,5072.0,21.26,0.0,0,279.67
p2_E_W.561,5078.0,49.64,20.0,2,299.33
p2_E_W.562,5081.0,48.53,19.0,2,292.82
p2_E_W.563,5084.0,46.52,17.0,2,293.36
p2_E_S1.56,5075.0,38.03,21.0,2,275.44
p2_E_W.564,5087.0,42.83,16.0,3,297.72
p2_E_W.565,5090.0,48.01,14.0,2,298.51
p2_E_W.566,5093.0,41.26,13.0,2,287.13
p2_E_W.567,5096.0,45.59,12.0,2,305.7
p2_E_W.568,5099.0,31.86,6.0,2,264.2
p2_E_S1.57,5108.0,39.83,5.0,2,284.71
p2_E_W.569,5102.0,47.5,5.0,3,293.81
p2_E_W.570,5105.0,46.24,4.0,2,297.23
p2_E_W.571,5111.0,42.0,4.0,1,291.11
p2_E_W.572,5114.0,39.97,3.0,1,294.54
p2_E_W.573,5117.0,39.45,4.0,2,309.01
p2_E_W.574,5120.0,38.25,2.0,1,300.76
p2_E_W.575,5123.0,28.52,3.0,1,277.9
p2_E_W.576,5126.0,36.39,2.0,1,284.59
p2_E_W.577,5129.0,35.11,1.0,1,290.56
p2_E_W.578,5132.0,33.82,0.0,0,300.82
p2_E_W.579,5135.0,32.51,0.0,0,289.64
p2_E_S1.58,5141.0,28.52,1.0,1,253.77
p2_E_W.580,5138.0,21.07,1.0,1,219.78
p2_E_W.581,5144.0,21.04,0.0,0,240.99
p2_E_W.582,5147.0,30.41,0.0,0,268.18
p2_E_W.583,5150.0,26.92,0.0,0,278.18
p2_E_W.584,5153.0,27.84,0.0,0,270.75
p2_E_W.585,5156.0,26.57,0.0,0,273.51
p2_E_W.586,5159.0,22.56,8.0,1,242.24
p2_E_W.587,5162.0,38.76,20.0,2,278.71
p2_E_W.588,5165.0,40.34,17.0,2,286.87
p2_E_W.589,5168.0,39.08,16.0,2,286.01
p2_E_W.590,5171.0,37.76,13.0,2,281.36
p2_E_W.591,5177.0,37.13,8.0,1,274.18
p2_E_S1.59,5174.0,34.7,11.0,2,279.45
p2_E_W.592,5180.0,28.15,7.0,1,252.73
p2_E_W.593,5183.0,39.44,6.0,1,280.39
p2_E_W.594,5186.0,38.14,6.0,1,301.93
p2_E_W.595,5189.0,36.89,5.0,1,299.78
p2_E_W.596,5192.0,21.77,4.0,1,241.79
p2_E_W.597,5195.0,32.37,4.0,1,251.74
p2_E_W.598,5198.0,34.71,4.0,1,270.89
p2_E_W.599,5201.0,33.47,3.0,1,264.34
