id,depart,timeloss,espera,paradas,co2
p1_W_S2.0,3.0,15.25,0.0,0,215.91
p1_W_E.0,0.0,7.37,0.0,0,192.17
p1_W_E.1,6.0,16.99,0.0,0,243.59
p1_E_W.0,0.0,7.68,0.0,0,196.1
p1_E_N1.0,3.0,10.58,0.0,0,218.95
p1_W_E.2,9.0,15.37,0.0,0,249.55
p1_E_W.1,8.0,17.16,0.0,0,230.21
p1_W_E.3,12.0,13.32,0.0,0,238.72
p1_W_E.4,15.0,12.72,0.0,0,246.76
p1_W_E.5,18.0,11.86,0.0,0,230.57
p1_N1_S1.0,0.0,48.91,39.0,1,234.06
p1_W_E.6,21.0,10.62,0.0,0,218.19
p1_N1_S1.1,10.0,44.58,31.0,1,220.65
p1_N1_S1.2,20.0,36.41,23.0,1,220.12
p1_N2_S2.0,0.0,55.58,44.0,1,246.21
p1_S2_N2.0,0.0,55.47,45.0,1,247.6
p1_S1_N1.0,0.0,44.85,35.0,1,222.33
p1_N1_S1.3,30.0,24.87,14.0,1,194.32
p1_S1_N1.1,10.0,43.83,31.0,1,227.41
p1_N2_S2.1,10.0,50.58,39.0,1,241.43
p1_S2_N2.1,10.0,49.89,37.0,1,243.17
p1_N1_S1.4,40.0,20.89,6.0,1,191.21
p1_S1_N1.2,20.0,41.42,25.0,1,234.12
p1_N2_S2.2,20.0,42.56,31.0,1,221.4
p1_N1_S1.5,50.0,12.51,0.0,0,184.73
p1_S2_N2.2,20.0,36.94,25.0,1,202.21
p1_S1_N1.3,30.0,33.16,17.0,1,240.58
p1_N2_S2.3,30.0,33.03,19.0,1,206.15
p1_S1_N1.4,40.0,25.64,10.0,1,217.13
p1_S2_N2.3,30.0,36.08,21.0,1,217.67
p1_S2_N2.4,40.0,27.71,12.0,1,211.48
p1_S2_N2.5,50.0,12.45,0.0,0,167.27
p1_N2_S2.4,40.0,31.95,9.0,1,214.32
p1_S1_N1.5,50.0,10.87,0.0,0,174.42
p1_S2_N2.6,60.0,12.24,0.0,0,169.54
p1_S1_N1.6,60.0,14.04,0.0,0,173.49
p1_S2_N2.7,70.0,5.37,0.0,0,146.18
p1_E_W.2,15.0,35.59,23.0,1,254.12
p1_E_W.3,22.0,34.84,20.0,1,260.51
p1_N2_S2.5,50.0,19.8,3.0,1,193.14
p1_E_W.4,29.0,29.67,13.0,1,261.37
p1_N2_S2.6,60.0,20.78,0.0,0,204.32
p1_W_E.7,24.0,38.76,25.0,1,261.53
p1_E_N1.1,32.0,21.55,8.0,1,234.73
p1_E_W.5,36.0,16.8,2.0,1,231.26
p1_W_E.8,27.0,31.17,19.0,1,247.82
p1_E_W.6,44.0,25.48,1.0,1,252.78
p1_N2_W.0,3.0,68.05,42.0,1,340.78
p1_W_E.9,30.0,34.38,18.0,1,270.31
p1_W_S2.1,36.0,35.18,16.0,1,268.4
p1_W_E.10,33.0,39.34,17.0,1,279.95
p1_S1_E.0,3.0,65.3,42.0,2,313.99
p1_S1_E.1,33.0,39.98,16.0,2,285.64
p1_W_E.11,39.0,33.84,22.0,1,253.15
p1_W_E.12,42.0,36.39,22.0,1,271.35
p1_W_E.13,45.0,37.31,20.0,1,280.46
p1_W_E.14,48.0,38.09,20.0,1,293.34
p1_N2_W.1,33.0,27.89,9.0,1,253.53
p1_W_E.15,51.0,27.67,14.0,1,245.77
p1_N2_W.2,63.0,31.43,0.0,0,262.23
p1_W_E.16,54.0,41.2,14.0,1,274.77
p1_E_W.7,51.0,45.18,21.0,1,274.84
p1_W_E.17,57.0,32.6,14.0,1,282.95
p1_E_N1.2,61.0,28.23,13.0,1,247.55
p1_E_W.8,58.0,39.93,17.0,1,270.03
p1_W_E.18,59.0,39.69,13.0,1,286.48
p1_W_S2.2,69.0,31.02,9.0,1,268.53
p1_E_W.9,65.0,34.69,12.0,1,274.05
p1_W_E.19,63.0,25.34,9.0,1,249.21
p1_W_E.20,66.0,34.4,9.0,1,275.91
p1_S1_N1.7,70.0,55.06,43.0,1,234.29
p1_W_E.21,72.0,32.4,9.0,1,292.25
p1_S1_N1.8,80.0,46.66,36.0,1,236.56
p1_W_E.22,75.0,31.08,6.0,1,294.21
p1_S1_N1.9,90.0,39.0,26.0,1,223.04
p1_N1_S1.6,60.0,55.33,44.0,1,234.83
p1_N1_S1.7,70.0,62.27,43.0,1,257.34
p1_N2_S2.7,70.0,62.34,48.0,1,251.99
p1_S2_N2.8,80.0,50.99,40.0,1,236.75
p1_N1_S1.8,80.0,53.96,36.0,1,257.36
p1_N2_S2.8,80.0,53.1,42.0,1,241.84
p1_N1_S1.9,90.0,44.44,26.0,1,236.71
p1_S2_N2.9,90.0,44.94,33.0,1,236.92
p1_S1_N1.10,100.0,32.45,17.0,1,209.46
p1_N2_S2.9,90.0,46.15,33.0,1,236.13
p1_N1_S1.10,100.0,37.48,19.0,1,229.91
p1_S2_N2.10,100.0,34.22,21.0,1,212.41
p1_N1_S1.11,110.0,29.03,10.0,1,228.19
p1_N2_S2.10,100.0,40.42,26.0,1,224.71
p1_S2_N2.11,110.0,30.78,15.0,1,210.75
p1_N1_S1.12,120.0,21.1,1.0,1,229.97
p1_N2_S2.11,110.0,32.23,18.0,1,204.26
p1_S2_N2.12,120.0,22.45,8.0,1,201.33
p1_S1_N1.11,110.0,20.01,5.0,1,182.42
p1_N1_S1.13,130.0,12.87,0.0,0,193.54
p1_S1_N1.12,120.0,24.72,2.0,1,187.55
p1_S2_N2.13,130.0,13.15,0.0,0,189.05
p1_E_W.10,72.0,51.5,30.0,2,306.98
p1_N2_S2.12,120.0,22.06,9.0,1,186.9
p1_E_W.11,80.0,46.0,24.0,2,292.58
p1_S2_N2.14,140.0,5.66,0.0,0,150.66
p1_E_W.12,87.0,40.87,21.0,1,292.98
p1_N2_S2.13,130.0,20.09,4.0,1,199.46
p1_E_W.13,94.0,37.69,21.0,1,262.74
p1_E_N1.3,90.0,37.75,21.0,1,265.84
p1_W_E.23,78.0,56.0,28.0,2,326.9
p1_E_W.14,101.0,32.59,18.0,1,256.31
p1_E_W.15,108.0,27.42,13.0,1,256.53
p1_E_W.16,116.0,21.14,6.0,1,235.8
p1_W_E.24,81.0,50.33,24.0,2,307.0
p1_N2_W.3,93.0,47.15,32.0,1,273.94
p1_W_E.25,84.0,56.39,23.0,2,324.77
p1_W_E.26,87.0,55.11,22.0,2,326.54
p1_W_E.27,90.0,51.18,20.0,1,310.94
p1_W_E.28,93.0,49.04,20.0,1,327.62
p1_W_E.29,96.0,51.49,19.0,1,312.21
p1_W_E.30,99.0,40.21,19.0,1,272.17
p1_W_S2.3,102.0,44.07,18.0,1,277.73
p1_S1_E.2,63.0,92.68,65.0,2,365.2
p1_N2_W.4,123.0,23.5,7.0,1,242.6
p1_S1_E.3,93.0,63.05,36.0,2,336.24
p1_S1_E.4,123.0,32.59,4.0,1,292.96
p1_E_N1.4,120.0,35.55,21.0,1,264.88
p1_E_W.17,123.0,37.07,20.0,1,272.93
p1_E_W.18,130.0,37.5,18.0,1,278.44
p1_W_E.31,105.0,41.45,21.0,1,281.84
p1_E_W.19,137.0,32.3,11.0,1,285.19
p1_W_E.32,108.0,62.39,20.0,1,305.69
p1_W_E.33,111.0,46.88,19.0,1,308.57
p1_W_E.34,114.0,60.06,19.0,1,328.23
p1_E_W.20,144.0,16.7,3.0,1,228.91
p1_W_E.35,117.0,49.85,17.0,1,313.17
p1_E_N1.5,150.0,18.56,0.0,0,249.97
p1_N1_S1.14,140.0,58.49,47.0,1,246.11
p1_W_E.36,120.0,57.66,16.0,1,338.2
p1_S1_N1.13,130.0,68.84,52.0,1,269.04
p1_S1_N1.14,140.0,60.66,49.0,1,252.9
p1_W_E.37,123.0,52.89,16.0,1,317.67
p1_W_S2.4,135.0,44.47,14.0,1,278.61
p1_W_E.38,126.0,55.1,15.0,1,315.03
p1_S1_N1.15,150.0,51.23,40.0,1,233.61
p1_W_E.39,129.0,45.26,14.0,1,308.85
p1_N1_S1.15,150.0,46.31,35.0,1,223.61
p1_W_E.40,132.0,49.2,13.0,1,308.41
p1_N1_S1.16,160.0,46.16,31.0,1,226.83
p1_S1_N1.16,160.0,47.1,33.0,1,233.75
p1_W_E.41,138.0,46.75,13.0,1,309.65
p1_N1_S1.17,170.0,33.4,20.0,1,206.88
p1_S1_N1.17,170.0,39.43,26.0,1,224.56
p1_N1_S1.18,180.0,24.97,11.0,1,204.21
p1_S2_N2.15,150.0,56.89,45.0,1,240.7
p1_S1_N1.18,180.0,31.38,17.0,1,209.96
p1_N1_S1.19,190.0,14.68,1.0,1,180.6
p1_N1_S1.20,200.0,14.72,0.0,0,177.56
p1_N2_S2.14,140.0,61.8,51.0,1,249.43
p1_S2_N2.16,160.0,46.23,34.0,1,229.06
p1_S2_N2.17,170.0,46.7,31.0,1,224.17
p1_N1_S1.21,210.0,6.39,0.0,0,153.97
p1_N2_S2.15,150.0,62.5,47.0,1,262.33
p1_N2_S2.16,160.0,58.5,41.0,1,261.03
p1_S2_N2.18,180.0,38.4,21.0,1,216.51
p1_N2_S2.17,170.0,50.32,32.0,1,248.01
p1_S2_N2.19,190.0,30.24,13.0,1,217.95
p1_E_W.21,153.0,46.68,22.0,1,302.01
p1_N2_S2.18,180.0,42.06,25.0,1,234.44
p1_S2_N2.20,200.0,22.0,5.0,1,211.5
p1_E_W.22,159.0,42.06,20.0,1,283.71
p1_S2_N2.21,210.0,13.71,0.0,0,205.17
p1_N2_S2.19,190.0,33.19,17.0,1,220.11
p1_E_W.23,166.0,33.88,19.0,1,259.64
p1_N2_S2.20,200.0,26.03,9.0,1,207.37
p1_E_W.24,173.0,34.7,19.0,1,263.82
p1_E_W.25,180.0,23.01,9.0,1,232.4
p1_E_W.26,188.0,25.02,7.0,1,246.93
p1_W_E.42,141.0,63.45,32.0,2,325.16
p1_E_N1.6,183.0,22.85,9.0,1,234.71
p1_E_W.27,195.0,20.16,4.0,1,232.85
p1_W_E.43,145.0,67.83,29.0,2,340.34
p1_W_E.44,148.0,62.26,28.0,2,324.66
p1_N2_W.5,153.0,63.74,45.0,1,319.19
p1_W_E.45,151.0,67.71,27.0,2,339.22
p1_W_E.46,154.0,66.53,26.0,2,345.03
p1_W_E.47,157.0,65.26,24.0,2,347.29
p1_W_E.48,160.0,56.14,20.0,3,296.74
p1_W_E.49,163.0,63.53,19.0,2,328.79
p1_N2_W.6,183.0,38.52,22.0,1,265.14
p1_W_E.50,166.0,60.71,17.0,1,333.56
p1_W_S2.5,169.0,59.36,18.0,2,324.83
p1_W_E.51,172.0,58.16,17.0,1,327.6
p1_W_E.52,175.0,51.93,16.0,1,326.33
p1_W_E.53,178.0,53.95,15.0,1,320.88
p1_S1_E.5,153.0,84.97,52.0,2,355.26
p1_N1_S1.22,220.0,39.66,28.0,1,215.42
p1_S1_N1.19,190.0,69.9,49.0,2,275.5
p1_S1_N1.20,200.0,61.72,38.0,1,257.46
p1_S1_N1.21,210.0,53.71,37.0,1,232.98
p1_N1_S1.23,230.0,29.52,18.0,1,205.6
p1_S1_E.6,183.0,44.58,19.0,2,288.76
p1_N1_S1.24,240.0,23.38,10.0,1,193.03
p1_W_E.54,181.0,64.15,26.0,2,335.04
p1_N1_S1.25,250.0,17.03,3.0,1,189.22
p1_W_E.55,184.0,60.04,26.0,2,330.39
p1_S1_N1.22,220.0,48.27,34.0,1,238.06
p1_W_E.56,187.0,60.06,26.0,2,345.46
p1_S1_N1.23,230.0,40.21,25.0,1,224.14
p1_W_E.57,190.0,60.46,23.0,2,347.71
p1_W_E.58,193.0,53.81,21.0,2,322.17
p1_S2_N2.22,220.0,53.5,42.0,1,236.13
p1_N1_S1.26,260.0,6.55,0.0,0,150.67
p1_S2_N2.23,230.0,47.28,35.0,1,236.38
p1_S2_N2.24,240.0,38.9,24.0,1,227.16
p1_S2_N2.25,250.0,30.58,18.0,1,211.11
p1_N2_S2.21,210.0,57.71,41.0,1,253.33
p1_E_N1.7,212.0,47.58,21.0,2,294.65
p1_N2_S2.22,220.0,55.42,40.0,1,241.29
p1_S2_N2.26,260.0,21.46,8.0,1,194.65
p1_E_W.28,202.0,43.22,24.0,2,284.29
p1_E_W.29,209.0,55.45,22.0,2,299.3
p1_N2_S2.23,230.0,44.87,34.0,1,225.55
p1_S2_N2.27,270.0,12.09,0.0,0,178.97
p1_E_W.30,216.0,50.12,19.0,2,302.68
p1_S2_N2.28,280.0,7.86,0.0,0,163.2
p1_E_W.31,224.0,43.8,14.0,2,300.05
p1_E_W.32,231.0,34.55,8.0,1,294.17
p1_N2_S2.24,240.0,35.34,23.0,1,207.95
p1_N2_S2.25,250.0,42.73,21.0,1,227.06
p1_E_W.33,238.0,33.55,8.0,1,280.97
p1_E_N1.8,241.0,28.7,7.0,1,254.73
p1_N2_S2.26,260.0,34.47,14.0,1,234.29
p1_E_W.34,245.0,28.39,7.0,1,254.69
p1_N2_S2.27,270.0,22.81,7.0,1,204.14
p1_E_W.35,252.0,19.31,1.0,1,234.5
p1_W_E.59,196.0,76.28,41.0,3,346.14
p1_E_W.36,260.0,14.81,0.0,0,234.58
p1_N2_W.7,213.0,65.31,40.0,1,312.33
p1_W_S2.6,202.0,76.16,33.0,2,333.85
p1_W_E.60,199.0,66.73,38.0,4,329.88
p1_W_E.61,205.0,82.26,33.0,2,361.91
p1_W_E.62,208.0,80.92,32.0,3,351.6
p1_N2_W.8,243.0,42.48,21.0,1,280.92
p1_W_E.63,211.0,79.73,30.0,2,364.1
p1_W_E.64,214.0,67.99,27.0,2,333.14
p1_S1_N1.24,240.0,75.56,58.0,2,280.59
p1_N1_S1.27,270.0,45.55,34.0,1,228.65
p1_W_E.65,217.0,65.71,27.0,2,328.35
p1_W_E.66,220.0,73.61,25.0,2,349.34
p1_W_E.67,223.0,74.83,23.0,2,354.26
p1_N1_S1.28,280.0,35.68,24.0,1,213.2
p1_W_E.68,226.0,73.6,22.0,2,355.1
p1_N1_S1.29,290.0,31.08,16.0,1,222.32
p1_S1_N1.25,250.0,66.6,46.0,2,266.42
p1_W_E.69,229.0,72.39,21.0,3,373.26
p1_N1_S1.30,300.0,21.84,9.0,1,201.49
p1_W_E.70,232.0,71.09,22.0,2,378.88
p1_S1_N1.26,260.0,64.27,41.0,2,275.21
p1_N1_S1.31,310.0,14.65,1.0,1,202.87
p1_S1_E.7,213.0,91.33,51.0,2,396.49
p1_S1_N1.27,270.0,56.0,36.0,1,250.29
p1_N1_S1.32,320.0,6.29,0.0,0,162.59
p1_W_S2.7,235.0,64.77,34.0,3,331.46
p1_W_E.71,238.0,66.37,31.0,3,332.4
p1_S1_N1.28,280.0,47.27,33.0,1,231.62
p1_S1_N1.29,290.0,41.09,24.0,1,232.51
p1_W_E.72,241.0,62.64,28.0,2,326.78
p1_S1_N1.30,300.0,30.95,15.0,1,206.08
p1_W_E.73,244.0,68.77,27.0,2,350.8
p1_W_E.74,247.0,67.54,27.0,2,353.68
p1_E_W.37,267.0,49.34,32.0,2,297.21
p1_S2_N2.29,290.0,50.49,40.0,1,233.82
p1_E_W.38,274.0,47.13,21.0,2,283.74
p1_N2_S2.28,280.0,61.86,41.0,1,270.73
p1_S2_N2.30,300.0,42.11,30.0,1,225.59
p1_E_N1.9,270.0,40.78,23.0,2,272.74
p1_E_W.39,281.0,37.68,16.0,2,286.05
p1_S2_N2.31,310.0,32.98,21.0,1,201.38
p1_E_W.40,288.0,37.14,12.0,2,285.02
p1_S2_N2.32,320.0,28.41,14.0,1,205.9
p1_E_W.41,296.0,32.38,6.0,1,289.35
p1_S2_N2.33,330.0,20.27,5.0,1,192.72
p1_E_N1.10,300.0,29.33,6.0,1,273.99
p1_E_W.42,303.0,27.8,4.0,1,265.04
p1_N2_S2.29,290.0,46.73,35.0,1,222.2
p1_S2_N2.34,340.0,7.39,0.0,0,159.08
p1_N2_S2.30,300.0,45.99,30.0,1,226.33
p1_E_W.43,310.0,20.56,3.0,1,236.52
p1_N2_S2.31,310.0,46.73,27.0,1,238.31
p1_E_W.44,317.0,18.16,1.0,1,233.92
p1_S2_N2.35,350.0,5.9,0.0,0,151.8
p1_N2_S2.32,320.0,38.53,19.0,1,232.94
p1_E_W.45,324.0,12.89,0.0,0,230.41
p1_N2_S2.33,330.0,30.37,11.0,1,231.09
p1_N2_W.9,273.0,67.7,47.0,2,315.1
p1_W_E.75,250.0,89.47,48.0,3,385.42
p1_W_E.76,253.0,92.41,47.0,3,396.94
p1_W_E.77,256.0,91.13,43.0,3,391.98
p1_W_E.78,259.0,85.62,42.0,3,363.32
p1_S1_N1.31,310.0,63.63,44.0,2,266.18
p1_N1_S1.33,330.0,39.25,28.0,1,211.76
p1_S1_N1.32,320.0,55.34,35.0,2,255.78
p1_W_E.79,262.0,83.21,43.0,3,338.31
p1_N1_S1.34,340.0,36.28,22.0,1,221.07
p1_W_E.80,265.0,84.47,40.0,3,352.33
p1_S1_N1.33,330.0,47.47,31.0,1,227.24
p1_N1_S1.35,350.0,28.03,13.0,1,215.92
p1_W_S2.8,268.0,85.2,36.0,3,346.25
p1_N1_S1.36,360.0,17.08,4.0,1,193.06
p1_W_E.81,271.0,83.69,36.0,3,338.96
p1_N1_S1.37,370.0,5.85,0.0,0,148.55
p1_W_E.82,274.0,88.85,36.0,3,351.71
p1_S1_N1.34,340.0,39.92,26.0,1,217.41
p1_N1_S1.38,380.0,5.44,0.0,0,147.23
p1_S1_N1.35,350.0,35.14,18.0,1,208.82
p1_W_E.83,277.0,78.54,35.0,3,334.0
p1_W_E.84,280.0,88.61,30.0,3,347.91
p1_W_E.85,283.0,75.83,29.0,3,339.8
p1_S1_N1.36,360.0,19.88,6.0,1,183.55
p1_S1_E.8,243.0,122.26,69.0,4,415.13
p1_N2_W.10,303.0,70.45,45.0,2,320.22
p1_S1_E.9,273.0,96.18,51.0,2,379.59
p1_N2_W.11,333.0,42.24,18.0,2,290.81
p1_W_E.86,286.0,79.63,46.0,3,358.22
p1_W_E.87,289.0,81.18,42.0,3,367.91
p1_W_E.88,292.0,82.61,39.0,3,372.13
p1_W_E.89,295.0,85.6,39.0,3,372.21
p1_E_W.46,333.0,47.72,21.0,2,300.08
p1_W_S2.9,301.0,81.38,33.0,2,347.6
p1_E_N1.11,330.0,41.59,22.0,2,279.13
p1_E_W.47,339.0,44.18,18.0,2,292.17
p1_E_W.48,346.0,38.93,13.0,2,283.44
p1_W_E.90,298.0,66.28,35.0,2,323.51
p1_W_E.91,304.0,85.99,32.0,2,363.52
p1_E_N1.12,363.0,28.48,0.0,0,256.69
p1_E_W.49,353.0,23.37,3.0,2,238.37
p1_W_E.92,307.0,71.66,31.0,2,353.02
p1_W_E.93,310.0,85.15,30.0,2,364.83
p1_N2_S2.34,340.0,76.57,60.0,2,291.0
p1_E_W.50,360.0,34.66,0.0,0,257.36
p1_S2_N2.36,360.0,57.0,46.0,1,247.95
p1_N2_S2.35,350.0,68.49,54.0,1,273.57
p1_E_W.51,368.0,28.34,0.0,0,271.05
p1_E_W.52,375.0,23.01,0.0,0,251.59
p1_N2_S2.36,360.0,59.33,48.0,1,243.76
p1_S2_N2.37,370.0,46.1,35.0,1,224.31
p1_S2_N2.38,380.0,34.37,22.0,1,204.5
p1_E_W.53,382.0,8.15,0.0,0,199.11
p1_S2_N2.39,390.0,37.1,19.0,1,222.64
p1_E_W.54,389.0,19.57,0.0,0,231.94
p1_S2_N2.40,400.0,18.1,6.0,1,179.54
p1_S2_N2.41,410.0,17.83,0.0,0,190.68
p1_S2_N2.42,420.0,14.91,0.0,0,183.17
p1_N2_S2.37,370.0,46.37,32.0,1,232.18
p1_E_N1.13,392.0,8.79,0.0,0,216.77
p1_N2_S2.38,380.0,58.22,31.0,1,238.06
p1_W_E.94,313.0,104.8,53.0,3,382.47
p1_N2_S2.39,390.0,49.97,25.0,1,241.49
p1_E_W.55,396.0,8.54,0.0,0,197.38
p1_N2_S2.40,400.0,38.64,16.0,1,234.29
p1_W_E.95,316.0,99.71,50.0,3,381.67
p1_W_E.96,319.0,97.38,49.0,3,371.51
p1_W_E.97,322.0,103.59,48.0,3,382.09
p1_S1_N1.37,370.0,78.34,54.0,2,285.49
p1_W_E.98,325.0,98.26,46.0,3,377.21
p1_S1_N1.38,380.0,70.08,52.0,1,271.27
p1_N1_S1.39,390.0,54.94,45.0,1,238.78
p1_W_E.99,328.0,101.79,44.0,3,387.22
p1_N1_S1.40,400.0,51.44,37.0,1,237.43
p1_S1_N1.39,390.0,61.87,49.0,1,250.48
p1_N1_S1.41,410.0,43.18,30.0,1,231.66
p1_S1_E.10,303.0,121.11,74.0,4,428.97
p1_N1_S1.42,420.0,34.81,20.0,1,225.86
p1_S1_E.11,333.0,102.09,55.0,3,395.49
p1_N1_S1.43,430.0,26.66,12.0,1,207.46
p1_S1_E.12,363.0,73.28,24.0,2,366.1
p1_S1_N1.40,400.0,55.67,41.0,1,237.79
p1_N1_S1.44,440.0,18.25,4.0,1,215.97
p1_W_E.100,331.0,107.55,54.0,3,412.21
p1_W_S2.10,334.0,104.19,53.0,3,407.21
p1_S1_N1.41,410.0,49.88,35.0,1,244.96
p1_N1_S1.45,450.0,7.36,0.0,0,154.23
p1_S1_N1.42,420.0,41.61,27.0,1,223.17
p1_W_E.101,337.0,103.26,52.0,3,401.53
p1_W_E.102,340.0,98.08,50.0,4,387.45
p1_N1_S1.46,460.0,5.32,0.0,0,149.56
p1_W_E.103,343.0,102.23,46.0,3,406.74
p1_W_E.104,346.0,100.93,47.0,4,410.73
p1_W_E.105,349.0,99.75,45.0,4,406.21
p1_S1_N1.43,430.0,31.89,17.0,1,200.76
p1_S1_N1.44,440.0,27.9,10.0,1,196.32
p1_W_E.106,352.0,94.99,43.0,3,388.45
p1_S1_N1.45,450.0,23.38,2.0,1,205.45
p1_W_E.107,355.0,95.3,42.0,3,382.61
p1_W_E.108,358.0,96.18,41.0,3,380.16
p1_N2_W.12,362.0,91.57,70.0,2,360.58
p1_W_E.109,361.0,94.82,37.0,3,382.9
p1_N2_W.13,393.0,59.17,34.0,2,309.7
p1_E_W.56,404.0,48.72,30.0,2,288.79
p1_W_E.110,364.0,83.13,34.0,3,344.05
p1_E_W.57,411.0,52.36,27.0,2,316.12
p1_E_W.58,418.0,47.06,20.0,2,314.24
p1_W_S2.11,367.0,83.79,32.0,3,350.12
p1_E_N1.14,421.0,41.41,16.0,2,284.46
p1_E_W.59,425.0,43.0,14.0,2,293.24
p1_N2_S2.41,410.0,80.95,56.0,2,300.05
p1_S2_N2.43,430.0,56.39,45.0,1,241.06
p1_N2_S2.42,420.0,72.72,47.0,2,283.54
p1_E_W.60,432.0,35.66,6.0,2,276.41
p1_S2_N2.44,440.0,52.09,37.0,1,244.67
p1_S2_N2.45,450.0,42.36,29.0,1,231.43
p1_S2_N2.46,460.0,36.04,20.0,1,230.77
p1_E_N1.15,450.0,26.05,0.0,0,240.97
p1_S2_N2.47,470.0,27.73,12.0,1,212.43
p1_S2_N2.48,480.0,15.94,2.0,1,176.58
p1_N2_S2.43,430.0,59.31,45.0,1,247.62
p1_N2_S2.44,440.0,62.75,42.0,1,262.6
p1_S2_N2.49,490.0,7.74,0.0,0,167.94
p1_N2_S2.45,450.0,44.23,30.0,1,230.45
p1_E_W.61,440.0,13.2,0.0,0,226.29
p1_E_W.62,447.0,39.49,0.0,0,254.42
p1_N2_S2.46,460.0,39.4,24.0,1,213.4
p1_W_E.111,369.0,119.7,53.0,4,418.82
p1_E_W.63,454.0,34.26,0.0,0,277.57
p1_E_W.64,461.0,29.01,0.0,0,264.6
p1_E_W.65,468.0,23.77,0.0,0,246.79
p1_N1_S1.47,470.0,43.58,32.0,1,232.95
p1_S1_N1.46,460.0,55.32,37.0,1,253.05
p1_E_W.66,476.0,17.47,0.0,0,234.87
p1_N1_S1.48,480.0,36.26,23.0,1,212.9
p1_S1_N1.47,470.0,47.52,34.0,1,228.2
p1_N1_S1.49,490.0,27.91,15.0,1,205.83
p1_N1_S1.50,500.0,19.85,8.0,1,202.96
p1_N1_S1.51,510.0,11.5,0.0,0,185.5
p1_W_E.112,373.0,102.69,47.0,3,397.71
p1_W_E.113,376.0,126.34,47.0,3,419.88
p1_W_E.114,379.0,125.16,47.0,3,422.78
p1_S1_N1.48,480.0,34.36,23.0,1,201.88
p1_W_E.115,382.0,123.95,43.0,3,441.78
p1_S1_N1.49,490.0,37.55,20.0,1,222.47
p1_W_E.116,385.0,122.77,44.0,3,448.45
p1_N1_S1.52,520.0,6.22,0.0,0,150.83
p1_S1_N1.50,500.0,23.99,9.0,1,196.19
p1_W_E.117,388.0,121.51,43.0,3,445.65
p1_S1_N1.51,510.0,21.97,3.0,1,194.33
p1_W_E.118,391.0,118.36,41.0,4,444.36
p1_W_E.119,394.0,116.98,42.0,3,432.11
p1_W_S2.12,400.0,113.46,54.0,3,425.05
p1_N1_S1.53,530.0,5.83,0.0,0,151.26
p1_W_E.120,397.0,108.35,43.0,3,399.06
p1_S1_N1.52,520.0,11.7,0.0,0,176.12
p1_S1_E.13,393.0,119.3,75.0,3,425.28
p1_S1_N1.53,530.0,8.49,0.0,0,159.31
p1_S1_E.14,423.0,95.67,48.0,3,385.09
p1_W_E.121,403.0,117.54,53.0,4,429.31
p1_W_E.122,406.0,111.8,52.0,3,426.33
p1_W_E.123,409.0,107.98,53.0,3,408.77
p1_W_E.124,412.0,101.35,53.0,3,387.1
p1_N2_W.14,423.0,84.27,61.0,2,349.66
p1_E_N1.16,480.0,43.3,22.0,2,279.56
p1_W_E.125,415.0,113.52,51.0,3,405.37
p1_N2_W.15,453.0,67.6,41.0,2,333.42
p1_W_E.126,418.0,112.17,51.0,3,404.36
p1_E_W.67,483.0,37.61,16.0,2,272.82
p1_W_E.127,421.0,110.91,48.0,3,411.15
p1_N2_S2.47,470.0,83.73,65.0,2,294.32
p1_E_W.68,490.0,42.42,13.0,2,297.18
p1_N2_S2.48,480.0,75.54,55.0,2,288.89
p1_E_W.69,497.0,36.96,9.0,2,294.29
p1_E_W.70,504.0,31.73,1.0,1,287.22
p1_E_N1.17,510.0,25.41,0.0,0,264.21
p1_S2_N2.50,500.0,50.59,40.0,1,227.91
p1_N2_S2.49,490.0,69.35,46.0,2,275.68
p1_E_W.71,513.0,24.56,0.0,0,268.88
p1_S2_N2.51,510.0,49.53,34.0,1,243.32
p1_E_W.72,519.0,18.05,0.0,0,231.54
p1_E_W.73,526.0,13.46,0.0,0,227.52
p1_N2_S2.50,500.0,59.39,41.0,1,245.08
p1_S2_N2.52,520.0,33.42,21.0,1,209.95
p1_E_W.74,533.0,9.92,0.0,0,205.35
p1_N2_S2.51,510.0,51.08,38.0,1,234.34
p1_S2_N2.53,530.0,35.28,17.0,1,213.91
p1_N2_S2.52,520.0,47.11,33.0,1,230.26
p1_S2_N2.54,540.0,26.5,9.0,1,208.02
p1_S2_N2.55,550.0,13.0,0.0,0,189.09
p1_S2_N2.56,560.0,10.56,0.0,0,168.09
p1_N2_S2.53,530.0,35.84,21.0,1,208.69
p1_N2_S2.54,540.0,27.42,13.0,1,198.44
p1_E_W.75,540.0,7.34,0.0,0,198.35
p1_N2_S2.55,550.0,23.77,9.0,1,202.62
p1_N2_W.16,483.0,75.91,52.0,2,329.26
p1_W_E.128,424.0,124.24,71.0,6,433.62
p1_W_E.129,427.0,141.54,68.0,4,444.8
p1_S1_N1.54,540.0,49.94,38.0,1,234.13
p1_W_S2.13,433.0,127.43,64.0,4,429.69
p1_W_E.130,430.0,131.39,68.0,5,438.22
p1_W_E.131,436.0,127.21,61.0,4,430.78
p1_S1_N1.55,550.0,44.08,32.0,1,226.82
p1_W_E.132,439.0,134.41,59.0,4,446.56
p1_S1_N1.56,560.0,36.06,23.0,1,216.41
p1_W_E.133,442.0,133.56,57.0,5,458.68
p1_W_E.134,445.0,127.56,54.0,4,457.21
p1_S1_N1.57,570.0,26.07,14.0,1,199.92
p1_W_E.135,448.0,131.25,51.0,4,456.16
p1_N1_S1.54,540.0,39.87,26.0,1,213.85
p1_S1_E.15,453.0,128.1,72.0,5,449.2
p1_S1_N1.58,580.0,22.15,8.0,1,191.72
p1_N1_S1.55,550.0,52.89,26.0,1,236.9
p1_S1_E.16,483.0,91.86,50.0,3,387.26
p1_N1_S1.56,560.0,38.55,16.0,1,223.76
p1_S1_N1.59,590.0,12.31,0.0,0,181.26
p1_S1_E.17,513.0,64.07,23.0,2,330.04
p1_N1_S1.57,570.0,24.46,7.0,1,204.61
p1_S1_N1.60,600.0,7.06,0.0,0,163.37
p1_W_E.136,451.0,135.62,63.0,3,458.79
p1_N1_S1.58,580.0,28.58,5.0,1,212.51
p1_W_E.137,454.0,132.86,63.0,3,479.1
p1_N1_S1.59,590.0,20.37,0.0,0,199.27
p1_N2_W.17,513.0,77.41,56.0,2,339.48
p1_N2_W.18,543.0,49.7,25.0,2,302.89
p1_W_S2.14,466.0,128.95,58.0,4,418.25
p1_E_N1.18,543.0,51.45,34.0,2,293.47
p1_E_W.76,548.0,47.24,28.0,2,299.16
p1_E_W.77,555.0,44.61,24.0,2,301.93
p1_W_E.138,457.0,114.56,62.0,3,415.11
p1_W_E.139,460.0,130.17,60.0,3,429.93
p1_E_W.78,562.0,35.05,13.0,2,272.82
p1_W_E.140,463.0,140.78,58.0,3,431.26
p1_W_E.141,469.0,136.06,59.0,4,431.99
p1_E_W.79,569.0,27.46,5.0,2,256.98
p1_W_E.142,472.0,135.41,55.0,3,439.67
p1_E_W.80,576.0,31.83,3.0,2,276.38
p1_E_N1.19,572.0,29.07,4.0,2,277.78
p1_W_E.143,475.0,124.81,55.0,3,425.82
p1_W_E.144,478.0,126.12,55.0,3,428.44
p1_E_W.81,584.0,23.41,0.0,0,258.48
p1_S2_N2.57,570.0,54.1,44.0,1,238.36
p1_E_W.82,591.0,16.28,0.0,0,228.32
p1_S2_N2.58,580.0,56.28,39.0,1,260.66
p1_E_W.83,598.0,17.61,0.0,0,239.2
p1_N2_S2.56,560.0,61.64,48.0,1,265.03
p1_S2_N2.59,590.0,46.78,29.0,1,250.02
p1_E_N1.20,600.0,16.47,0.0,0,237.58
p1_S2_N2.60,600.0,38.85,23.0,1,236.27
p1_E_W.84,605.0,13.08,0.0,0,235.27
p1_N2_S2.57,570.0,69.74,47.0,1,261.35
p1_N2_S2.58,580.0,61.72,42.0,1,255.01
p1_S2_N2.61,610.0,21.64,9.0,1,187.38
p1_N2_S2.59,590.0,47.58,33.0,1,238.49
p1_S2_N2.62,620.0,19.72,4.0,1,191.1
p1_N2_S2.60,600.0,34.26,21.0,1,208.76
p1_S2_N2.63,630.0,10.58,0.0,0,170.99
p1_N2_S2.61,610.0,37.96,19.0,1,217.33
p1_E_W.85,612.0,7.0,0.0,0,194.9
p1_S2_N2.64,640.0,7.9,0.0,0,170.42
p1_N2_S2.62,620.0,26.35,9.0,1,200.24
p1_W_E.145,481.0,149.93,74.0,4,460.43
p1_W_E.146,484.0,143.74,71.0,5,463.58
p1_W_E.147,487.0,141.22,68.0,4,451.31
p1_N1_S1.60,600.0,58.38,48.0,1,243.31
p1_W_E.148,490.0,151.74,69.0,5,460.23
p1_S1_N1.61,610.0,51.48,40.0,1,236.78
p1_N1_S1.61,610.0,54.17,41.0,1,245.15
p1_W_E.149,493.0,150.47,66.0,4,470.55
p1_S1_N1.62,620.0,45.09,32.0,1,232.5
p1_W_E.150,496.0,149.14,66.0,4,471.94
p1_N1_S1.62,620.0,45.86,31.0,1,244.97
p1_N1_S1.63,630.0,37.08,24.0,1,224.53
p1_S1_N1.63,630.0,35.44,22.0,1,213.97
p1_W_E.151,502.0,144.8,62.0,4,452.83
p1_W_S2.15,499.0,136.6,64.0,4,448.37
p1_S1_N1.64,640.0,31.14,16.0,1,206.9
p1_W_E.152,505.0,138.83,57.0,4,438.11
p1_S1_N1.65,650.0,22.98,9.0,1,194.01
p1_W_E.153,508.0,144.97,55.0,4,447.76
p1_N1_S1.64,640.0,23.07,11.0,1,188.05
p1_S1_N1.66,660.0,14.54,1.0,1,185.78
p1_W_E.154,511.0,140.35,57.0,4,445.98
p1_N1_S1.65,650.0,19.25,6.0,1,191.39
p1_N1_S1.66,660.0,14.39,0.0,0,190.57
p1_S1_E.18,543.0,107.27,65.0,3,404.9
p1_S1_E.19,573.0,85.32,38.0,3,386.05
p1_W_E.155,515.0,145.28,66.0,5,487.95
p1_W_E.156,518.0,136.99,63.0,4,461.65
p1_N2_W.19,573.0,85.99,67.0,2,346.59
p1_W_E.157,521.0,143.32,59.0,4,485.07
p1_W_E.158,524.0,141.97,59.0,5,488.38
p1_N2_W.20,603.0,62.66,36.0,2,315.57
p1_W_E.159,527.0,138.21,57.0,6,476.87
p1_E_W.86,620.0,47.38,29.0,2,305.43
p1_W_E.160,531.0,138.47,55.0,5,463.11
p1_E_W.87,627.0,38.61,18.0,2,288.43
p1_E_N1.21,630.0,40.4,17.0,2,289.19
p1_W_E.161,536.0,135.93,46.0,5,436.98
p1_W_S2.16,534.0,132.52,52.0,6,433.81
p1_W_E.162,540.0,133.85,47.0,6,425.33
p1_W_E.163,543.0,132.61,45.0,4,451.65
p1_W_E.164,546.0,125.52,43.0,4,431.44
p1_W_E.165,549.0,131.05,43.0,5,425.26
p1_N2_S2.63,630.0,75.52,56.0,2,287.65
p1_E_N1.22,660.0,20.08,0.0,0,226.84
p1_E_W.88,634.0,16.63,1.0,1,236.57
p1_N2_S2.64,640.0,69.54,52.0,1,267.3
p1_S2_N2.65,650.0,50.11,40.0,1,230.45
p1_E_W.89,641.0,48.53,0.0,0,261.37
p1_N2_S2.65,650.0,61.35,49.0,1,250.95
p1_E_W.90,648.0,42.0,0.0,0,264.71
p1_S2_N2.66,660.0,49.49,35.0,1,235.47
p1_N2_S2.66,660.0,53.33,41.0,1,238.71
p1_E_W.91,656.0,36.82,0.0,0,254.04
p1_S2_N2.67,670.0,38.04,25.0,1,219.74
p1_E_W.92,663.0,28.24,0.0,0,256.84
p1_S2_N2.68,680.0,29.32,16.0,1,210.76
p1_E_W.93,670.0,26.46,0.0,0,252.35
p1_S2_N2.69,690.0,18.77,6.0,1,188.03
p1_E_W.94,677.0,21.04,0.0,0,241.65
p1_N2_S2.67,670.0,49.06,32.0,1,236.83
p1_S2_N2.70,700.0,16.05,0.0,0,193.85
p1_N2_S2.68,680.0,41.73,26.0,1,232.4
p1_E_W.95,684.0,15.78,0.0,0,217.6
p1_E_N1.23,690.0,9.1,0.0,0,210.65
p1_S2_N2.71,710.0,11.73,0.0,0,169.6
p1_N2_S2.69,690.0,33.4,18.0,1,208.4
p1_W_E.166,552.0,155.4,64.0,5,468.84
p1_N2_W.21,633.0,75.28,53.0,2,325.37
p1_S1_N1.67,670.0,66.51,53.0,1,263.57
p1_S1_N1.68,680.0,58.39,48.0,1,252.91
p1_S1_N1.69,690.0,50.23,38.0,1,240.58
p1_W_E.167,555.0,137.59,62.0,4,429.38
p1_W_E.168,564.0,145.84,58.0,5,438.34
p1_N1_S1.67,670.0,60.7,49.0,1,245.8
p1_W_E.169,568.0,154.94,58.0,5,460.29
p1_N1_S1.68,680.0,65.12,46.0,1,267.84
p1_S1_N1.70,700.0,45.46,32.0,1,227.22
p1_W_E.170,571.0,147.01,55.0,5,464.05
p1_N1_S1.69,690.0,52.75,36.0,1,251.1
p1_W_S2.17,574.0,133.52,55.0,4,441.62
p1_S1_E.20,603.0,120.54,72.0,3,420.33
p1_N1_S1.70,700.0,48.61,30.0,1,267.22
p1_S1_E.21,633.0,95.06,45.0,3,376.65
p1_N1_S1.71,710.0,40.42,23.0,1,257.96
p1_S1_E.22,662.0,67.88,19.0,2,342.17
p1_N1_S1.72,720.0,32.18,14.0,1,246.31
p1_W_E.171,577.0,149.98,65.0,5,474.75
p1_S1_N1.71,710.0,31.14,20.0,1,209.45
p1_N1_S1.73,730.0,23.96,5.0,1,231.31
p1_W_E.172,580.0,153.63,62.0,4,491.58
p1_S1_N1.72,720.0,35.11,15.0,1,219.12
p1_N1_S1.74,740.0,7.42,0.0,0,161.62
p1_W_E.173,583.0,152.33,61.0,4,491.87
p1_S1_N1.73,730.0,20.69,6.0,1,190.29
p1_W_E.174,586.0,142.28,60.0,4,452.47
p1_W_E.175,589.0,150.02,60.0,5,475.7
p1_W_E.176,592.0,148.84,57.0,4,479.66
p1_N2_W.22,663.0,65.22,44.0,2,315.01
p1_W_E.177,595.0,134.66,56.0,4,446.0
p1_W_E.178,598.0,142.12,57.0,4,427.05
p1_E_W.96,693.0,40.14,21.0,2,275.53
p1_W_S2.18,607.0,139.98,49.0,4,434.53
p1_E_W.97,699.0,45.03,18.0,1,301.66
p1_W_E.179,601.0,146.8,53.0,5,438.84
p1_E_W.98,706.0,33.32,13.0,1,273.49
p1_W_E.180,604.0,145.56,51.0,4,459.88
p1_E_W.99,713.0,36.37,8.0,1,286.23
p1_E_N1.24,723.0,27.27,2.0,1,279.78
p1_W_E.181,610.0,141.2,47.0,5,432.7
p1_E_W.100,720.0,32.3,3.0,1,290.77
p1_S2_N2.72,720.0,56.45,45.0,1,247.85
p1_E_W.101,728.0,20.32,0.0,0,254.55
p1_N2_S2.70,700.0,78.65,56.0,2,277.89
p1_E_W.102,735.0,21.37,0.0,0,254.18
p1_E_W.103,742.0,15.96,0.0,0,230.02
p1_N2_S2.71,710.0,70.64,48.0,2,271.95
p1_N2_S2.72,720.0,61.97,45.0,1,254.2
p1_S2_N2.73,730.0,44.52,32.0,1,221.3
p1_S2_N2.74,740.0,44.93,28.0,1,248.03
p1_S2_N2.75,750.0,36.77,21.0,1,222.83
p1_N2_S2.73,730.0,58.44,42.0,1,250.36
p1_S2_N2.76,760.0,26.22,12.0,1,215.21
p1_S2_N2.77,770.0,20.26,4.0,1,214.2
p1_S2_N2.78,780.0,11.95,0.0,0,204.33
p1_N2_S2.74,740.0,45.43,31.0,1,225.36
p1_E_N1.25,752.0,16.72,0.0,0,222.64
p1_N2_S2.75,750.0,48.01,25.0,1,246.43
p1_E_W.104,749.0,8.62,0.0,0,208.01
p1_W_E.182,613.0,165.48,67.0,5,474.7
p1_E_W.105,756.0,22.17,0.0,0,237.57
p1_W_E.183,630.0,150.24,59.0,6,459.59
p1_W_E.184,633.0,149.08,59.0,4,450.48
p1_E_W.106,764.0,17.24,0.0,0,235.79
p1_N2_W.23,693.0,89.9,63.0,2,367.07
p1_W_E.185,637.0,147.13,58.0,4,445.63
p1_W_E.186,640.0,145.96,57.0,4,444.1
p1_N1_S1.75,750.0,57.66,45.0,1,255.26
p1_S1_N1.74,740.0,64.37,49.0,1,263.99
p1_S1_N1.75,750.0,61.07,47.0,1,257.47
p1_N1_S1.76,760.0,48.06,36.0,1,230.25
p1_N1_S1.77,770.0,43.44,29.0,1,243.67
p1_S1_N1.76,760.0,54.61,40.0,1,240.14
p1_N1_S1.78,780.0,35.21,21.0,1,226.01
p1_N1_S1.79,790.0,26.85,13.0,1,223.83
p1_S1_N1.77,770.0,44.44,31.0,1,220.34
p1_N1_S1.80,800.0,16.14,3.0,1,189.29
p1_W_E.187,643.0,127.88,54.0,5,408.11
p1_S1_N1.78,780.0,34.63,22.0,1,207.42
p1_W_E.188,646.0,142.02,53.0,4,422.16
p1_N1_S1.81,810.0,5.88,0.0,0,151.39
p1_W_E.189,649.0,154.46,51.0,4,452.44
p1_W_S2.19,655.0,144.18,63.0,4,457.31
p1_S1_N1.79,790.0,32.17,14.0,1,214.23
p1_W_E.190,652.0,144.43,50.0,4,470.76
p1_S1_N1.80,800.0,24.32,10.0,1,207.33
p1_S1_E.23,693.0,110.3,61.0,3,431.42
p1_S1_N1.81,810.0,18.95,0.0,0,215.73
p1_S1_E.24,723.0,86.02,31.0,3,398.3
p1_N1_S1.82,820.0,6.69,0.0,0,153.09
p1_W_E.191,658.0,152.89,59.0,4,484.4
p1_W_E.192,661.0,147.99,57.0,4,483.06
p1_W_E.193,665.0,149.37,59.0,4,477.65
p1_W_E.194,668.0,148.03,53.0,4,488.22
p1_W_E.195,670.0,139.92,52.0,4,468.19
p1_N2_W.24,723.0,83.98,62.0,2,347.17
p1_N2_W.25,753.0,66.05,38.0,2,331.18
p1_W_E.196,673.0,144.63,53.0,4,452.6
p1_W_E.197,676.0,145.43,51.0,4,454.09
p1_W_E.198,679.0,144.15,49.0,4,446.12
p1_E_W.107,771.0,38.48,19.0,2,274.57
p1_E_W.108,778.0,46.35,18.0,2,286.44
p1_W_E.199,682.0,129.97,46.0,4,424.99
p1_N2_S2.76,760.0,87.63,66.0,2,304.54
p1_S2_N2.79,790.0,57.02,46.0,1,246.1
p1_W_E.200,685.0,142.16,41.0,3,444.23
p1_E_N1.26,781.0,36.09,12.0,2,285.92
p1_E_W.109,785.0,37.08,12.0,2,287.8
p1_S2_N2.80,800.0,48.44,36.0,1,229.56
p1_E_W.110,792.0,34.61,5.0,1,295.87
p1_S2_N2.81,810.0,38.26,25.0,1,216.47
p1_N2_S2.77,770.0,75.38,54.0,2,284.83
p1_E_W.111,800.0,23.03,5.0,1,237.97
p1_E_N1.27,810.0,24.26,4.0,1,246.12
p1_S2_N2.82,820.0,30.8,18.0,1,207.88
p1_N2_S2.78,780.0,73.06,46.0,1,276.79
p1_E_W.112,807.0,28.4,5.0,1,248.1
p1_S2_N2.83,830.0,28.11,13.0,1,220.94
p1_N2_S2.79,790.0,63.77,45.0,1,253.49
p1_E_W.113,814.0,18.14,1.0,1,237.09
p1_S2_N2.84,840.0,13.18,2.0,1,179.59
p1_E_W.114,821.0,19.17,0.0,0,247.49
p1_S2_N2.85,850.0,12.39,0.0,0,173.57
p1_E_W.115,828.0,13.93,0.0,0,215.33
p1_N2_S2.80,800.0,52.26,38.0,1,237.21
p1_N2_S2.81,810.0,52.91,34.0,1,245.22
p1_S2_N2.86,860.0,6.66,0.0,0,152.33
p1_N2_S2.82,820.0,50.99,29.0,1,254.46
p1_N2_S2.83,830.0,42.62,19.0,1,227.85
p1_W_S2.20,688.0,165.04,67.0,4,487.35
p1_W_E.201,691.0,164.81,65.0,4,471.52
p1_S1_N1.82,820.0,59.07,44.0,1,254.22
p1_N1_S1.83,830.0,46.88,36.0,1,228.61
p1_S1_N1.83,830.0,51.1,39.0,1,233.99
p1_N1_S1.84,840.0,37.48,26.0,1,209.64
p1_S1_N1.84,840.0,40.56,28.0,1,216.43
p1_N1_S1.85,850.0,34.98,22.0,1,209.48
p1_W_E.202,700.0,146.42,68.0,7,447.76
p1_N1_S1.86,860.0,26.64,12.0,1,207.02
p1_W_E.203,704.0,153.3,63.0,4,447.09
p1_S1_N1.85,850.0,34.78,21.0,1,209.48
p1_N1_S1.87,870.0,13.22,2.0,1,176.3
p1_W_E.204,707.0,161.47,62.0,5,469.17
p1_W_E.205,711.0,159.17,62.0,4,457.54
p1_S1_N1.86,860.0,31.22,15.0,1,219.95
p1_N1_S1.88,880.0,9.35,0.0,0,164.6
p1_W_E.206,714.0,157.88,59.0,4,456.44
p1_S1_N1.87,870.0,22.99,7.0,1,204.46
p1_W_E.207,717.0,156.65,58.0,4,459.68
p1_N1_S1.89,890.0,5.91,0.0,0,149.98
p1_W_E.208,720.0,155.41,58.0,4,471.69
p1_S1_N1.88,880.0,14.78,0.0,0,192.61
p1_W_E.209,723.0,147.04,58.0,5,456.51
p1_S1_E.25,753.0,120.42,76.0,4,438.41
p1_S1_E.26,783.0,93.38,46.0,3,391.62
p1_S1_E.27,813.0,69.52,20.0,1,358.32
p1_S1_N1.89,890.0,5.65,0.0,0,153.34
p1_W_E.210,727.0,157.32,71.0,4,513.44
p1_N2_W.26,783.0,101.48,67.0,2,372.56
p1_W_S2.21,730.0,148.17,69.0,4,473.52
p1_W_E.211,733.0,146.06,67.0,4,454.65
p1_N2_W.27,813.0,65.17,44.0,2,315.69
p1_W_E.212,736.0,141.54,68.0,4,452.41
p1_E_W.116,836.0,52.72,31.0,2,297.02
p1_W_E.213,739.0,155.38,65.0,5,474.5
p1_E_N1.28,840.0,47.55,26.0,2,289.56
p1_E_W.117,843.0,52.16,24.0,2,300.29
p1_W_E.214,742.0,147.33,64.0,6,456.66
p1_E_W.118,850.0,46.99,22.0,2,289.68
p1_S2_N2.87,870.0,47.04,37.0,1,234.44
p1_S2_N2.88,880.0,39.69,28.0,1,218.07
p1_S2_N2.89,890.0,32.15,19.0,1,207.14
p1_N2_S2.84,840.0,73.39,50.0,2,280.25
p1_N2_S2.85,850.0,75.52,46.0,2,290.3
p1_S2_N2.90,900.0,25.48,11.0,1,203.75
p1_E_N1.29,870.0,28.8,3.0,1,268.37
p1_N2_S2.86,860.0,67.16,40.0,1,285.85
p1_S2_N2.91,910.0,17.32,4.0,1,189.72
p1_E_W.119,857.0,28.14,7.0,1,252.59
p1_E_W.120,864.0,44.02,6.0,1,281.48
p1_N2_S2.87,870.0,59.04,39.0,1,260.77
p1_S2_N2.92,920.0,9.12,0.0,0,170.27
p1_E_W.121,873.0,36.69,1.0,1,290.41
p1_N2_S2.88,880.0,51.75,37.0,1,241.91
p1_E_W.122,879.0,32.37,0.0,0,272.68
p1_N2_S2.89,890.0,43.43,28.0,1,232.89
p1_E_W.123,886.0,27.04,0.0,0,269.4
p1_S2_N2.93,930.0,5.74,0.0,0,153.88
p1_E_W.124,893.0,18.55,0.0,0,251.26
p1_N2_S2.90,900.0,34.44,20.0,1,215.31
p1_E_W.125,900.0,16.37,0.0,0,239.15
p1_E_N1.30,903.0,9.08,0.0,0,214.01
p1_W_E.215,745.0,174.84,85.0,5,501.44
p1_N2_W.28,843.0,78.5,50.0,2,328.71
p1_W_E.216,748.0,173.38,82.0,5,488.14
p1_W_E.217,751.0,172.95,81.0,5,477.31
p1_W_E.218,754.0,171.75,80.0,5,491.93
p1_W_E.219,772.0,155.61,70.0,4,466.4
p1_N1_S1.90,900.0,49.54,38.0,1,228.47
p1_S1_N1.90,900.0,49.6,37.0,1,241.91
p1_W_E.220,775.0,154.57,68.0,4,475.92
p1_N1_S1.91,910.0,39.8,28.0,1,218.57
p1_W_S2.22,778.0,154.79,66.0,5,477.58
p1_S1_N1.91,910.0,41.76,29.0,1,225.15
p1_N1_S1.92,920.0,34.25,22.0,1,214.07
p1_N1_S1.93,930.0,27.17,12.0,1,221.69
p1_W_E.221,781.0,147.7,64.0,4,467.33
p1_N1_S1.94,940.0,19.07,6.0,1,206.83
p1_S1_N1.92,920.0,31.03,20.0,1,204.45
p1_W_E.222,784.0,155.52,64.0,4,456.45
p1_N1_S1.95,950.0,10.94,0.0,0,186.43
p1_S1_N1.93,930.0,32.2,15.0,1,207.94
p1_W_E.223,787.0,154.38,62.0,4,471.21
p1_W_E.224,790.0,153.03,63.0,4,462.98
p1_S1_N1.94,940.0,24.06,8.0,1,197.39
p1_S1_N1.95,950.0,15.71,0.0,0,186.27
p1_W_E.225,793.0,151.69,60.0,4,458.7
p1_S1_E.28,843.0,93.71,57.0,3,369.36
p1_N1_S1.96,960.0,5.88,0.0,0,147.97
p1_S1_E.29,873.0,67.99,27.0,3,342.42
p1_W_E.226,796.0,148.68,68.0,4,482.43
p1_S1_N1.96,960.0,6.53,0.0,0,147.78
p1_N2_W.29,873.0,82.04,59.0,2,359.25
p1_E_W.126,908.0,48.89,31.0,2,290.85
p1_E_W.127,915.0,43.05,23.0,2,284.65
p1_W_E.227,799.0,133.45,67.0,4,439.39
p1_E_W.128,922.0,40.09,16.0,2,285.68
p1_S2_N2.94,940.0,43.96,34.0,1,232.79
p1_W_E.228,802.0,162.18,66.0,5,461.15
p1_E_W.129,929.0,35.48,11.0,2,287.0
p1_W_E.229,805.0,160.94,64.0,4,481.71
p1_S2_N2.95,950.0,36.02,24.0,1,214.33
p1_E_N1.31,932.0,34.81,9.0,2,281.06
p1_W_E.230,808.0,145.35,62.0,4,469.99
p1_N2_S2.91,910.0,73.28,53.0,2,283.15
p1_E_W.130,936.0,32.28,6.0,2,266.42
p1_S2_N2.96,960.0,25.38,14.0,1,197.21
p1_N2_S2.92,920.0,71.91,45.0,2,276.24
p1_E_W.131,944.0,26.46,4.0,1,261.04
p1_S2_N2.97,970.0,22.72,7.0,1,205.62
p1_N2_S2.93,930.0,63.58,40.0,1,270.14
p1_E_W.132,951.0,21.39,4.0,1,233.07
p1_S2_N2.98,980.0,14.47,0.0,0,201.6
p1_S2_N2.99,990.0,6.34,0.0,0,155.83
p1_N2_S2.94,940.0,51.75,37.0,1,241.02
p1_N2_S2.95,950.0,49.52,33.0,1,243.54
p1_E_N1.32,961.0,16.33,0.0,0,230.01
p1_E_W.133,958.0,7.94,0.0,0,210.78
p1_N2_S2.96,960.0,41.28,25.0,1,244.51
p1_N2_S2.97,970.0,34.98,14.0,1,216.61
p1_S2_N2.100,1000.0,6.23,0.0,0,151.05
p1_N2_S2.98,980.0,26.89,11.0,1,211.39
p1_E_W.134,965.0,7.89,0.0,0,189.16
p1_W_S2.23,811.0,178.07,88.0,5,512.76
p1_W_E.231,814.0,179.09,88.0,5,502.98
p1_E_W.135,972.0,20.7,0.0,0,230.62
p1_N2_W.30,903.0,91.42,62.0,2,370.87
p1_W_E.232,817.0,174.2,85.0,5,501.57
p1_W_E.233,820.0,178.65,81.0,5,499.37
p1_N1_S1.97,970.0,50.69,38.0,1,235.61
p1_S1_N1.97,970.0,50.66,40.0,1,234.11
p1_W_E.234,823.0,177.46,81.0,5,490.87
p1_S1_N1.98,980.0,42.57,30.0,1,218.32
p1_S1_N1.99,990.0,34.48,22.0,1,215.49
p1_W_E.235,826.0,171.05,80.0,6,493.11
p1_W_E.236,829.0,176.26,76.0,5,509.37
p1_N1_S1.98,980.0,37.68,28.0,1,215.22
p1_N1_S1.99,990.0,35.07,20.0,1,217.65
p1_S1_N1.100,1000.0,28.92,15.0,1,202.91
p1_N1_S1.100,1000.0,22.36,10.0,1,197.74
p1_W_E.237,832.0,162.38,75.0,5,484.06
p1_N1_S1.101,1010.0,19.06,4.0,1,210.57
p1_S1_N1.101,1010.0,18.31,4.0,1,181.97
p1_N1_S1.102,1020.0,13.59,0.0,0,204.16
p1_S1_N1.102,1020.0,12.92,0.0,0,187.19
p1_S1_N1.103,1030.0,8.46,0.0,0,160.92
p1_W_E.238,847.0,144.53,68.0,5,448.07
p1_W_S2.24,856.0,151.71,66.0,6,460.08
p1_W_E.239,850.0,166.7,67.0,5,468.91
p1_W_E.240,853.0,168.92,68.0,6,481.49
p1_S1_E.30,903.0,120.25,68.0,3,421.25
p1_S1_E.31,933.0,91.94,42.0,3,404.77
p1_N1_S1.103,1030.0,6.38,0.0,0,157.82
p1_N2_W.31,933.0,93.26,67.0,2,372.42
p1_S1_E.32,963.0,63.82,21.0,1,341.31
p1_W_E.241,859.0,154.72,78.0,4,478.58
p1_W_E.242,862.0,169.06,80.0,5,483.68
p1_W_E.243,865.0,167.83,79.0,6,494.32
p1_W_E.244,868.0,166.66,74.0,4,495.74
p1_W_E.245,871.0,153.53,73.0,4,471.47
p1_E_N1.33,990.0,45.77,21.0,2,302.63
p1_W_E.246,874.0,164.28,72.0,5,495.21
p1_W_E.247,877.0,163.03,73.0,5,505.97
p1_N2_W.32,963.0,47.93,26.0,2,297.39
p1_E_W.136,980.0,51.61,25.0,2,289.08
p1_W_E.248,880.0,144.94,70.0,6,452.71
p1_E_W.137,987.0,55.77,23.0,2,302.13
p1_S2_N2.101,1010.0,55.54,46.0,1,246.72
p1_W_E.249,883.0,153.63,67.0,4,479.79
p1_E_W.138,994.0,45.64,16.0,2,304.19
p1_E_W.139,1001.0,43.03,12.0,2,294.4
p1_S2_N2.102,1020.0,46.15,36.0,1,221.95
p1_E_N1.34,1020.0,26.74,3.0,1,249.19
p1_S2_N2.103,1030.0,39.86,28.0,1,223.75
p1_E_W.140,1008.0,23.65,4.0,1,240.71
p1_N2_S2.99,990.0,70.17,52.0,1,274.68
p1_E_W.141,1016.0,35.27,4.0,1,264.78
p1_N2_S2.100,1000.0,74.29,50.0,1,277.63
p1_E_W.142,1023.0,29.97,2.0,1,273.94
p1_E_W.143,1030.0,24.71,2.0,1,270.65
p1_S2_N2.104,1040.0,26.6,13.0,1,190.72
p1_E_W.144,1037.0,19.4,0.0,0,255.93
p1_S2_N2.105,1050.0,25.87,10.0,1,204.02
p1_N2_S2.101,1010.0,56.63,45.0,1,239.54
p1_E_W.145,1044.0,14.16,0.0,0,226.21
p1_N2_S2.102,1020.0,59.68,40.0,1,254.74
p1_S2_N2.106,1060.0,12.01,0.0,0,169.16
p1_N2_S2.103,1030.0,52.33,34.0,1,253.19
p1_S2_N2.107,1070.0,12.09,0.0,0,163.08
p1_N2_S2.104,1040.0,44.11,26.0,1,251.89
p1_W_E.250,886.0,177.4,88.0,5,496.88
p1_E_N1.35,1050.0,9.79,0.0,0,209.87
p1_W_S2.25,889.0,170.88,84.0,5,488.11
p1_W_E.251,892.0,174.94,82.0,5,487.16
p1_N1_S1.104,1040.0,56.74,45.0,1,238.21
p1_S1_N1.104,1040.0,56.07,47.0,1,240.1
p1_W_E.252,895.0,177.2,82.0,5,479.56
p1_W_E.253,898.0,180.21,81.0,5,505.14
p1_W_E.254,901.0,178.88,77.0,5,495.59
p1_N1_S1.105,1050.0,45.22,34.0,1,219.94
p1_S1_N1.105,1050.0,46.42,36.0,1,231.13
p1_W_E.255,904.0,173.77,75.0,5,474.58
p1_N1_S1.106,1060.0,43.02,28.0,1,230.03
p1_S1_N1.106,1060.0,42.24,29.0,1,227.32
p1_W_E.256,907.0,176.52,74.0,5,484.57
p1_N1_S1.107,1070.0,33.17,20.0,1,220.25
p1_S1_N1.107,1070.0,34.99,22.0,1,217.06
p1_W_E.257,923.0,160.24,65.0,4,455.77
p1_N1_S1.108,1080.0,27.03,12.0,1,216.84
p1_W_E.258,926.0,156.77,65.0,4,458.52
p1_N1_S1.109,1090.0,18.68,1.0,1,198.05
p1_S1_E.33,993.0,95.78,55.0,3,380.16
p1_S1_N1.108,1080.0,23.91,8.0,1,191.55
p1_N1_S1.110,1100.0,10.43,0.0,0,186.16
p1_S1_N1.109,1090.0,20.92,5.0,1,194.64
p1_S1_E.34,1023.0,55.14,23.0,2,298.7
p1_W_S2.26,935.0,160.43,70.0,4,477.78
p1_W_E.259,929.0,167.66,74.0,4,480.29
p1_S1_N1.110,1100.0,8.87,0.0,0,166.28
p1_W_E.260,932.0,165.82,72.0,4,488.47
p1_W_E.261,938.0,162.15,68.0,5,489.04
p1_N2_W.33,993.0,102.64,73.0,2,373.92
p1_W_E.262,941.0,161.05,68.0,4,498.74
p1_N2_W.34,1023.0,76.88,54.0,2,351.32
p1_W_E.263,944.0,157.31,68.0,4,498.04
p1_E_W.146,1053.0,50.57,29.0,2,328.97
p1_W_E.264,947.0,154.72,67.0,5,483.47
p1_E_W.147,1059.0,46.39,23.0,2,317.26
p1_E_W.148,1066.0,39.26,18.0,2,302.18
p1_W_E.265,950.0,153.11,65.0,4,474.56
p1_E_W.149,1073.0,35.86,11.0,2,294.76
p1_E_W.150,1080.0,30.51,6.0,2,293.01
p1_W_E.266,953.0,144.09,65.0,4,441.84
p1_E_N1.36,1083.0,29.16,4.0,2,271.61
p1_W_E.267,956.0,149.81,60.0,4,446.73
p1_E_W.151,1088.0,25.45,2.0,1,263.63
p1_S2_N2.108,1080.0,56.34,46.0,1,244.8
p1_W_E.268,959.0,155.24,63.0,4,458.34
p1_E_W.152,1095.0,20.6,2.0,1,241.25
p1_N2_S2.105,1050.0,84.98,64.0,2,302.31
p1_S2_N2.109,1090.0,46.9,36.0,1,231.42
p1_E_W.153,1102.0,15.44,0.0,0,237.53
p1_S2_N2.110,1100.0,38.43,27.0,1,213.1
p1_E_W.154,1109.0,10.28,0.0,0,218.44
p1_N2_S2.106,1060.0,78.1,56.0,2,282.01
p1_S2_N2.111,1110.0,33.18,18.0,1,212.7
p1_N2_S2.107,1070.0,74.35,49.0,2,281.66
p1_S2_N2.112,1120.0,24.95,11.0,1,199.51
p1_E_N1.37,1112.0,7.79,0.0,0,211.99
p1_S2_N2.113,1130.0,16.12,4.0,1,183.27
p1_S2_N2.114,1140.0,7.94,0.0,0,161.74
p1_N2_S2.108,1080.0,60.47,45.0,1,244.99
p1_N2_S2.109,1090.0,59.77,45.0,1,256.15
p1_N2_S2.110,1100.0,52.71,37.0,1,246.2
p1_E_W.155,1116.0,7.51,0.0,0,194.81
p1_N2_S2.111,1110.0,41.64,26.0,1,228.96
p1_W_E.269,962.0,175.81,83.0,5,494.57
p1_W_E.270,965.0,173.11,80.0,6,485.57
p1_W_S2.27,968.0,174.55,77.0,6,492.72
p1_W_E.271,971.0,173.61,75.0,5,486.27
p1_W_E.272,974.0,172.46,74.0,7,471.88
p1_W_E.273,994.0,154.27,65.0,5,449.04
p1_N1_S1.111,1110.0,54.84,44.0,1,238.5
p1_S1_N1.111,1110.0,51.72,42.0,1,233.54
p1_N1_S1.112,1120.0,51.88,39.0,1,243.85
p1_W_E.274,997.0,150.08,66.0,5,460.56
p1_N1_S1.113,1130.0,43.59,30.0,1,238.19
p1_S1_N1.112,1120.0,53.43,39.0,1,242.54
p1_N1_S1.114,1140.0,34.26,22.0,1,220.19
p1_W_E.275,1000.0,146.45,64.0,4,442.9
p1_N1_S1.115,1150.0,26.91,13.0,1,221.73
p1_S1_E.35,1053.0,103.7,63.0,3,389.33
p1_S1_N1.113,1130.0,39.07,26.0,1,216.54
p1_S1_E.36,1083.0,68.61,28.0,3,347.27
p1_S1_N1.114,1140.0,40.72,22.0,1,216.26
p1_N1_S1.116,1160.0,14.66,3.0,1,179.25
p1_N1_S1.117,1170.0,9.32,0.0,0,179.08
p1_W_E.276,1003.0,148.55,72.0,4,475.3
p1_S1_N1.115,1150.0,32.65,15.0,1,218.86
p1_W_E.277,1006.0,151.48,70.0,4,470.36
p1_S1_N1.116,1160.0,24.42,7.0,1,200.44
p1_W_E.278,1009.0,154.99,66.0,4,489.71
p1_S1_N1.117,1170.0,15.64,0.0,0,190.93
p1_N1_S1.118,1180.0,6.03,0.0,0,152.21
p1_W_E.279,1012.0,154.26,65.0,4,494.38
p1_W_E.280,1015.0,152.98,64.0,4,484.91
p1_W_S2.28,1018.0,150.5,64.0,5,476.67
p1_S1_N1.118,1180.0,10.07,0.0,0,173.76
p1_W_E.281,1021.0,147.01,61.0,5,473.24
p1_W_E.282,1024.0,149.51,59.0,4,481.7
p1_W_E.283,1027.0,149.09,60.0,4,479.97
p1_N2_W.35,1053.0,116.97,90.0,3,408.82
p1_W_E.284,1030.0,147.47,58.0,5,476.59
p1_N2_W.36,1083.0,92.24,64.0,2,365.74
p1_E_W.156,1124.0,52.68,33.0,2,300.92
p1_W_E.285,1033.0,144.8,58.0,6,456.38
p1_E_W.157,1131.0,49.83,26.0,2,297.94
p1_E_W.158,1138.0,44.59,21.0,2,296.66
p1_W_E.286,1036.0,136.94,58.0,6,438.46
p1_E_N1.38,1141.0,43.8,19.0,2,284.28
p1_S2_N2.115,1150.0,56.11,45.0,1,247.39
p1_E_W.159,1145.0,38.42,14.0,2,280.26
p1_S2_N2.116,1160.0,50.81,38.0,1,243.13
p1_E_W.160,1152.0,38.54,10.0,2,282.96
p1_S2_N2.117,1170.0,42.49,29.0,1,234.82
p1_N2_S2.112,1120.0,85.99,64.0,2,300.0
p1_N2_S2.113,1130.0,84.77,57.0,2,314.95
p1_S2_N2.118,1180.0,34.32,21.0,1,214.5
p1_E_W.161,1160.0,25.61,5.0,1,242.53
p1_N2_S2.114,1140.0,76.48,50.0,2,303.81
p1_E_W.162,1167.0,28.0,5.0,1,249.28
p1_E_N1.39,1170.0,25.01,4.0,1,252.63
p1_S2_N2.119,1190.0,24.36,12.0,1,196.22
p1_E_W.163,1174.0,22.8,4.0,1,247.76
p1_S2_N2.120,1200.0,18.65,4.0,1,190.12
p1_E_W.164,1181.0,17.73,0.0,0,231.78
p1_S2_N2.121,1210.0,10.36,0.0,0,173.31
p1_S2_N2.122,1220.0,6.08,0.0,0,152.08
p1_N2_S2.115,1150.0,60.24,45.0,1,248.84
p1_E_W.165,1188.0,8.19,0.0,0,202.99
p1_E_W.166,1196.0,11.05,0.0,0,199.88
p1_N2_S2.116,1160.0,65.3,43.0,1,250.49
p1_N2_W.37,1113.0,95.79,72.0,2,360.55
p1_N2_S2.117,1170.0,54.18,33.0,1,240.66
p1_N2_S2.118,1180.0,51.12,29.0,1,246.63
p1_N2_S2.119,1190.0,44.65,22.0,1,237.77
p1_N1_S1.119,1190.0,48.47,37.0,1,233.2
p1_W_E.287,1039.0,168.57,83.0,6,499.53
p1_S1_N1.119,1190.0,48.96,36.0,1,237.66
p1_N1_S1.120,1200.0,40.32,30.0,1,217.79
p1_W_E.288,1042.0,174.97,79.0,5,506.31
p1_W_E.289,1064.0,156.57,66.0,4,465.17
p1_N1_S1.121,1210.0,32.13,20.0,1,202.21
p1_W_E.290,1067.0,155.81,66.0,4,467.28
p1_S1_N1.120,1200.0,36.54,25.0,1,213.84
p1_N1_S1.122,1220.0,24.34,11.0,1,199.23
p1_S1_N1.121,1210.0,35.97,21.0,1,224.56
p1_N1_S1.123,1230.0,16.27,3.0,1,182.87
p1_W_E.291,1074.0,152.13,64.0,4,451.0
p1_S1_N1.122,1220.0,27.71,14.0,1,203.12
p1_W_S2.29,1071.0,148.53,66.0,4,442.0
p1_N1_S1.124,1240.0,8.05,0.0,0,170.1
p1_S1_N1.123,1230.0,14.82,3.0,1,186.07
p1_W_E.292,1077.0,146.4,62.0,4,441.84
p1_W_E.293,1080.0,152.26,63.0,5,472.33
p1_S1_N1.124,1240.0,13.04,0.0,0,181.68
p1_N1_S1.125,1250.0,5.51,0.0,0,149.09
p1_W_E.294,1083.0,144.31,63.0,4,444.74
p1_S1_E.37,1113.0,122.94,71.0,5,417.72
p1_S1_E.38,1143.0,94.48,48.0,3,395.72
p1_S1_E.39,1173.0,62.87,20.0,1,322.39
p1_W_E.295,1086.0,154.44,72.0,4,485.59
p1_N2_W.38,1143.0,95.57,65.0,3,372.43
p1_W_E.296,1089.0,153.88,71.0,6,496.5
p1_N2_W.39,1173.0,67.33,42.0,2,323.14
p1_W_E.297,1092.0,152.67,71.0,4,475.42
p1_W_E.298,1095.0,151.15,71.0,5,470.37
p1_E_N1.40,1200.0,41.76,24.0,2,285.96
p1_E_W.167,1203.0,42.88,21.0,1,290.69
p1_W_E.299,1098.0,141.32,69.0,5,439.0
p1_E_W.168,1210.0,39.79,18.0,1,295.47
p1_W_E.300,1101.0,150.83,66.0,5,445.52
p1_W_S2.30,1104.0,147.37,64.0,4,440.3
p1_E_W.169,1217.0,34.63,13.0,1,277.36
p1_W_E.301,1107.0,140.22,66.0,4,437.51
p1_E_W.170,1224.0,23.58,5.0,1,254.1
p1_W_E.302,1110.0,145.75,63.0,4,446.27
p1_E_W.171,1233.0,25.61,0.0,0,255.3
p1_W_E.303,1113.0,141.6,61.0,4,442.42
p1_N2_S2.120,1200.0,83.5,59.0,2,289.72
p1_S2_N2.123,1230.0,53.68,43.0,1,242.56
p1_E_W.172,1239.0,17.94,0.0,0,250.25
p1_E_N1.41,1230.0,17.63,0.0,0,237.85
p1_S2_N2.124,1240.0,45.37,34.0,1,226.1
p1_E_W.173,1246.0,18.3,0.0,0,240.42
p1_E_W.174,1253.0,10.97,0.0,0,214.41
p1_E_W.175,1260.0,7.79,0.0,0,200.92
p1_N2_S2.121,1210.0,75.05,52.0,2,280.4
p1_S2_N2.125,1250.0,34.21,24.0,1,211.81
p1_N2_S2.122,1220.0,72.47,45.0,1,282.12
p1_S2_N2.126,1260.0,27.01,15.0,1,196.41
p1_E_N1.42,1263.0,7.79,0.0,0,205.05
p1_N2_S2.123,1230.0,64.14,45.0,1,262.57
p1_S2_N2.127,1270.0,17.58,4.0,1,186.1
p1_E_W.176,1268.0,6.51,0.0,0,190.68
p1_N2_S2.124,1240.0,56.99,43.0,1,254.16
p1_S2_N2.128,1280.0,15.78,1.0,1,181.48
p1_S2_N2.129,1290.0,8.56,0.0,0,153.59
p1_N2_S2.125,1250.0,49.0,34.0,1,238.66
p1_N2_S2.126,1260.0,40.54,25.0,1,227.18
p1_N2_W.40,1203.0,83.86,57.0,2,347.26
p1_N2_S2.127,1270.0,30.59,16.0,1,204.84
p1_W_E.304,1116.0,173.81,82.0,5,493.79
p1_W_E.305,1119.0,172.96,82.0,5,483.32
p1_W_E.306,1136.0,157.38,70.0,4,463.42
p1_W_E.307,1140.0,155.29,67.0,4,477.1
p1_W_E.308,1143.0,155.1,67.0,4,472.59
p1_N1_S1.126,1260.0,58.97,47.0,1,251.66
p1_S1_N1.125,1250.0,68.66,58.0,1,263.57
p1_N1_S1.127,1270.0,51.69,41.0,1,242.69
p1_W_E.309,1146.0,151.77,65.0,4,450.04
p1_S1_N1.126,1260.0,62.66,50.0,1,251.51
p1_W_E.310,1149.0,152.95,64.0,4,455.23
p1_N1_S1.128,1280.0,41.74,31.0,1,224.39
p1_S1_N1.127,1270.0,56.2,43.0,1,249.96
p1_N1_S1.129,1290.0,36.32,22.0,1,221.31
p1_W_S2.31,1152.0,153.37,63.0,4,472.62
p1_N1_S1.130,1300.0,28.13,15.0,1,202.98
p1_N1_S1.131,1310.0,19.87,7.0,1,190.9
p1_N1_S1.132,1320.0,11.58,0.0,0,184.85
p1_N1_S1.133,1330.0,5.7,0.0,0,149.05
p1_W_E.311,1155.0,140.62,61.0,4,451.18
p1_W_E.312,1158.0,153.66,60.0,4,466.04
p1_S1_E.40,1203.0,115.06,60.0,3,407.0
p1_S1_N1.128,1280.0,39.02,26.0,1,214.33
p1_S1_N1.129,1290.0,44.76,25.0,1,224.57
p1_S1_E.41,1233.0,75.13,33.0,2,349.2
p1_S1_N1.130,1300.0,42.52,19.0,1,240.9
p1_W_E.313,1161.0,160.94,71.0,7,507.92
p1_W_E.314,1164.0,159.71,65.0,5,494.91
p1_W_E.315,1167.0,154.5,64.0,6,501.26
p1_W_E.316,1170.0,157.18,62.0,6,501.62
p1_W_E.317,1173.0,156.0,62.0,6,491.24
p1_S1_N1.131,1310.0,16.67,0.0,0,184.09
p1_W_E.318,1175.0,151.18,61.0,6,473.47
p1_N2_W.41,1233.0,85.0,65.0,2,358.68
p1_S1_N1.132,1320.0,24.66,0.0,0,198.03
p1_N2_W.42,1263.0,68.98,40.0,2,340.0
p1_W_E.319,1179.0,153.57,58.0,6,487.09
p1_W_S2.32,1185.0,141.85,53.0,6,438.06
p1_E_W.177,1275.0,58.93,36.0,2,320.68
p1_W_E.320,1182.0,152.41,56.0,5,465.26
p1_E_W.178,1282.0,53.69,29.0,2,316.14
p1_E_W.179,1289.0,48.46,21.0,2,300.93
p1_E_W.180,1296.0,43.13,10.0,2,289.06
p1_S2_N2.130,1300.0,59.4,49.0,1,253.01
p1_E_W.181,1304.0,36.94,8.0,2,292.45
p1_S2_N2.131,1310.0,52.57,41.0,1,244.69
p1_N2_S2.128,1280.0,75.84,55.0,2,287.54
p1_E_W.182,1311.0,31.69,4.0,1,281.52
p1_S2_N2.132,1320.0,44.4,31.0,1,233.65
p1_N2_S2.129,1290.0,75.38,50.0,2,291.33
p1_E_N1.43,1292.0,33.46,13.0,2,279.88
p1_S2_N2.133,1330.0,36.22,21.0,1,216.97
p1_N2_S2.130,1300.0,65.14,45.0,1,267.67
p1_E_W.183,1318.0,23.25,4.0,1,246.8
p1_N2_S2.131,1310.0,58.84,44.0,1,261.89
p1_E_N1.44,1321.0,26.47,2.0,1,267.54
p1_N2_S2.132,1320.0,47.23,33.0,1,232.94
p1_S2_N2.134,1340.0,24.47,12.0,1,187.37
p1_N2_S2.133,1330.0,43.16,29.0,1,233.56
p1_S2_N2.135,1350.0,23.24,6.0,1,194.33
p1_E_W.184,1325.0,16.05,0.0,0,234.63
p1_N2_S2.134,1340.0,35.34,20.0,1,218.54
p1_S2_N2.136,1360.0,14.97,0.0,0,187.07
p1_E_W.185,1332.0,22.49,0.0,0,255.58
p1_N2_S2.135,1350.0,27.3,13.0,1,194.64
p1_E_W.186,1340.0,12.75,0.0,0,231.0
p1_E_W.187,1347.0,11.08,0.0,0,227.26
p1_W_E.321,1188.0,172.95,76.0,7,485.85
p1_W_E.322,1191.0,171.8,71.0,5,497.34
p1_W_E.323,1207.0,158.02,66.0,5,466.6
p1_W_E.324,1211.0,155.8,64.0,4,459.97
p1_S1_N1.133,1330.0,60.5,42.0,1,258.78
p1_W_E.325,1214.0,151.24,65.0,4,471.21
p1_W_E.326,1217.0,151.05,61.0,4,457.66
p1_S1_N1.134,1340.0,51.3,40.0,1,237.66
p1_W_E.327,1220.0,150.07,63.0,5,461.51
p1_W_E.328,1223.0,152.89,61.0,5,465.76
p1_N1_S1.134,1340.0,44.78,33.0,1,220.82
p1_S1_N1.135,1350.0,40.61,28.0,1,211.36
p1_W_E.329,1226.0,151.66,58.0,5,479.18
p1_N1_S1.135,1350.0,47.66,31.0,1,236.58
p1_S1_N1.136,1360.0,40.06,26.0,1,232.82
p1_W_E.330,1229.0,147.58,57.0,5,449.13
p1_N1_S1.136,1360.0,40.94,23.0,1,234.38
p1_W_S2.33,1232.0,148.97,55.0,4,460.89
p1_N1_S1.137,1370.0,32.59,15.0,1,232.62
p1_S1_N1.137,1370.0,28.6,14.0,1,201.36
p1_N1_S1.138,1380.0,19.73,4.0,1,202.15
p1_S1_N1.138,1380.0,23.58,8.0,1,203.06
p1_W_E.331,1235.0,145.02,53.0,4,454.41
p1_N1_S1.139,1390.0,16.29,0.0,0,205.79
p1_S1_E.42,1263.0,123.07,80.0,3,431.74
p1_N1_S1.140,1400.0,7.98,0.0,0,177.81
p1_S1_E.43,1293.0,90.56,50.0,3,364.93
p1_S1_E.44,1323.0,66.54,21.0,2,346.69
p1_S1_N1.139,1390.0,14.43,0.0,0,180.22
p1_W_E.332,1238.0,150.9,69.0,4,468.21
p1_N2_W.43,1292.0,99.53,71.0,3,385.93
p1_W_E.333,1241.0,152.34,65.0,4,488.64
p1_N2_W.44,1323.0,70.83,47.0,2,339.93
p1_W_E.334,1244.0,151.02,62.0,4,465.45
p1_W_E.335,1247.0,149.87,62.0,5,459.34
p1_E_N1.45,1350.0,46.66,28.0,2,290.6
p1_W_E.336,1250.0,147.76,59.0,4,451.17
p1_E_W.188,1354.0,44.64,24.0,2,284.51
p1_W_E.337,1253.0,143.88,58.0,5,427.59
p1_W_E.338,1256.0,146.65,56.0,4,447.52
p1_E_W.189,1361.0,27.77,8.0,1,259.85
p1_E_N1.46,1380.0,26.75,0.0,0,275.09
p1_W_E.339,1259.0,134.83,55.0,4,410.75
p1_E_W.190,1368.0,42.08,6.0,1,271.35
p1_N2_S2.136,1360.0,72.92,50.0,2,281.63
p1_E_W.191,1376.0,33.1,1.0,1,282.41
p1_N2_S2.137,1370.0,64.7,45.0,1,274.37
p1_S2_N2.137,1370.0,54.75,43.0,1,238.9
p1_E_W.192,1383.0,17.81,0.0,0,234.2
p1_N2_S2.138,1380.0,56.14,43.0,1,242.99
p1_S2_N2.138,1380.0,54.56,40.0,1,247.74
p1_E_W.193,1390.0,26.37,0.0,0,243.52
p1_E_W.194,1397.0,19.43,0.0,0,250.76
p1_S2_N2.139,1390.0,50.12,32.0,1,254.74
p1_N2_S2.139,1390.0,52.35,38.0,1,247.74
p1_S2_N2.140,1400.0,41.24,24.0,1,242.12
p1_S2_N2.141,1410.0,33.58,16.0,1,227.05
p1_N2_S2.140,1400.0,44.07,30.0,1,224.19
p1_S2_N2.142,1420.0,25.33,7.0,1,221.01
p1_S2_N2.143,1430.0,15.71,0.0,0,212.77
p1_E_W.195,1404.0,8.53,0.0,0,205.85
p1_N2_S2.141,1410.0,34.08,19.0,1,210.58
p1_E_N1.47,1410.0,10.6,0.0,0,214.03
p1_S2_N2.144,1440.0,7.35,0.0,0,157.62
p1_E_W.196,1413.0,15.44,0.0,0,229.17
p1_N2_W.45,1353.0,77.7,58.0,2,337.48
p1_W_E.340,1262.0,169.75,75.0,6,468.28
p1_W_S2.34,1265.0,168.69,74.0,6,474.84
p1_W_E.341,1268.0,167.26,72.0,5,467.36
p1_W_E.342,1282.0,155.89,67.0,4,441.45
p1_W_E.343,1285.0,154.79,64.0,5,450.84
p1_N1_S1.141,1410.0,51.32,40.0,1,240.22
p1_W_E.344,1289.0,152.62,63.0,5,454.94
p1_S1_N1.140,1400.0,59.78,49.0,1,251.11
p1_N1_S1.142,1420.0,43.17,31.0,1,222.31
p1_S1_N1.141,1410.0,55.23,42.0,1,248.32
p1_N1_S1.143,1430.0,34.89,24.0,1,220.66
p1_W_E.345,1292.0,148.95,60.0,5,459.62
p1_W_E.346,1295.0,151.32,58.0,4,468.65
p1_S1_N1.142,1420.0,48.43,35.0,1,225.5
p1_W_E.347,1298.0,150.01,57.0,5,485.97
p1_N1_S1.144,1440.0,24.66,14.0,1,203.14
p1_S1_E.45,1353.0,93.85,54.0,3,382.43
p1_S1_N1.143,1430.0,39.01,25.0,1,214.06
p1_N1_S1.145,1450.0,16.01,4.0,1,167.61
p1_S1_E.46,1383.0,68.6,25.0,3,347.04
p1_S1_N1.144,1440.0,33.68,18.0,1,222.26
p1_N1_S1.146,1460.0,7.62,0.0,0,156.51
p1_N1_S1.147,1470.0,6.62,0.0,0,156.62
p1_W_E.348,1301.0,144.26,63.0,5,465.46
p1_W_E.349,1304.0,154.8,61.0,4,464.08
p1_W_S2.35,1310.0,149.12,61.0,4,454.61
p1_S1_N1.145,1450.0,24.07,9.0,1,203.65
p1_W_E.350,1307.0,150.27,61.0,4,471.2
p1_S1_N1.146,1460.0,22.02,4.0,1,203.04
p1_W_E.351,1313.0,149.39,59.0,4,452.26
p1_W_E.352,1316.0,137.3,58.0,4,434.03
p1_N2_W.46,1383.0,73.27,52.0,2,333.8
p1_W_E.353,1319.0,150.79,57.0,4,447.98
p1_N2_W.47,1413.0,56.28,28.0,2,320.47
p1_W_E.354,1322.0,147.53,55.0,4,463.58
p1_E_W.197,1419.0,41.05,23.0,2,278.97
p1_W_E.355,1325.0,143.95,52.0,4,467.11
p1_E_W.198,1426.0,47.28,20.0,2,297.62
p1_N2_S2.142,1420.0,76.27,55.0,2,291.51
p1_E_W.199,1433.0,33.74,12.0,2,277.96
p1_E_W.200,1440.0,34.3,7.0,2,290.45
p1_E_N1.48,1443.0,33.35,7.0,2,284.91
p1_S2_N2.145,1450.0,45.46,33.0,1,226.95
p1_S2_N2.146,1460.0,39.88,27.0,1,225.54
p1_N2_S2.143,1430.0,64.4,44.0,2,264.16
p1_N2_S2.144,1440.0,63.72,42.0,1,271.01
p1_E_W.201,1448.0,22.15,0.0,0,256.32
p1_S2_N2.147,1470.0,25.75,14.0,1,194.62
p1_N2_S2.145,1450.0,54.71,40.0,1,241.6
p1_E_W.202,1455.0,22.52,0.0,0,249.99
p1_S2_N2.148,1480.0,26.75,10.0,1,202.49
p1_N2_S2.146,1460.0,48.33,33.0,1,246.1
p1_E_W.203,1462.0,23.88,0.0,0,256.51
p1_E_N1.49,1472.0,14.23,0.0,0,234.54
p1_S2_N2.149,1490.0,18.55,0.0,0,202.7
p1_E_W.204,1469.0,19.36,0.0,0,249.35
p1_S2_N2.150,1500.0,8.18,0.0,0,164.86
p1_E_W.205,1476.0,12.33,0.0,0,224.9
p1_N2_S2.147,1470.0,36.13,22.0,1,209.07
p1_N2_S2.148,1480.0,30.86,16.0,1,208.53
p1_E_W.206,1484.0,6.67,0.0,0,205.55
p1_W_E.356,1328.0,170.32,74.0,5,503.63
p1_W_E.357,1331.0,164.57,69.0,5,478.83
p1_S1_N1.147,1470.0,57.6,42.0,1,256.25
p1_W_E.358,1334.0,159.35,67.0,5,467.61
p1_N1_S1.148,1480.0,45.64,34.0,1,229.1
p1_W_E.359,1337.0,172.28,63.0,4,481.73
p1_W_E.360,1340.0,170.05,63.0,4,483.12
p1_W_E.361,1353.0,159.93,58.0,5,474.5
p1_S1_N1.148,1480.0,48.29,36.0,1,228.5
p1_W_S2.36,1350.0,151.19,59.0,4,457.12
p1_S1_N1.149,1490.0,46.32,31.0,1,236.14
p1_W_E.362,1357.0,153.2,59.0,5,474.03
p1_N1_S1.149,1490.0,34.23,21.0,1,206.19
p1_S1_N1.150,1500.0,37.9,21.0,1,232.14
p1_N1_S1.150,1500.0,38.86,20.0,1,219.46
p1_N1_S1.151,1510.0,29.92,10.0,1,199.91
p1_W_E.363,1363.0,146.12,54.0,5,452.91
p1_N1_S1.152,1520.0,22.35,4.0,1,197.2
p1_W_E.364,1368.0,141.72,55.0,5,438.33
p1_S1_N1.151,1510.0,29.77,15.0,1,214.4
p1_N1_S1.153,1530.0,8.32,0.0,0,164.56
p1_S1_E.47,1413.0,110.74,64.0,3,403.56
p1_S1_N1.152,1520.0,20.78,6.0,1,186.54
p1_N1_S1.154,1540.0,5.95,0.0,0,151.96
p1_S1_E.48,1443.0,82.84,32.0,2,374.1
p1_S1_N1.153,1530.0,12.22,0.0,0,175.25
p1_W_E.365,1371.0,151.39,68.0,4,478.63
p1_W_E.366,1374.0,155.95,65.0,5,499.98
p1_W_E.367,1377.0,145.72,64.0,5,488.12
p1_W_E.368,1380.0,149.12,64.0,6,495.72
p1_W_E.369,1383.0,152.58,61.0,6,505.88
p1_W_S2.37,1389.0,147.31,58.0,6,447.7
p1_N2_W.48,1443.0,85.68,62.0,2,356.14
p1_N2_W.49,1473.0,64.66,38.0,2,319.58
p1_E_W.207,1491.0,41.52,24.0,2,284.86
p1_E_N1.50,1501.0,41.06,15.0,2,283.13
p1_E_W.208,1498.0,44.57,18.0,2,293.77
p1_W_E.370,1386.0,130.89,59.0,6,424.22
p1_E_W.209,1505.0,39.27,13.0,2,281.6
p1_W_E.371,1392.0,153.63,56.0,7,472.75
p1_E_W.210,1512.0,30.19,6.0,2,261.18
p1_N2_S2.149,1490.0,74.29,55.0,2,274.84
p1_W_E.372,1395.0,131.05,55.0,7,435.7
p1_N2_S2.150,1500.0,71.52,47.0,2,287.31
p1_E_W.211,1520.0,29.4,3.0,1,261.56
p1_N2_S2.151,1510.0,64.14,45.0,1,255.89
p1_E_N1.51,1530.0,22.66,0.0,0,258.99
p1_E_W.212,1527.0,15.94,0.0,0,233.62
p1_S2_N2.151,1510.0,50.03,39.0,1,239.98
p1_N2_S2.152,1520.0,56.37,41.0,1,244.38
p1_E_W.213,1534.0,21.11,0.0,0,254.1
p1_S2_N2.152,1520.0,57.77,37.0,1,243.02
p1_E_W.214,1541.0,15.74,0.0,0,240.41
p1_N2_S2.153,1530.0,45.62,34.0,1,224.44
p1_S2_N2.153,1530.0,43.13,26.0,1,237.65
p1_S2_N2.154,1540.0,33.32,19.0,1,205.67
p1_S2_N2.155,1550.0,33.26,13.0,1,216.42
p1_N2_S2.154,1540.0,40.79,25.0,1,226.75
p1_S2_N2.156,1560.0,22.4,2.0,1,208.12
p1_E_W.215,1548.0,7.14,0.0,0,196.74
p1_N2_S2.155,1550.0,32.08,16.0,1,201.74
p1_S2_N2.157,1570.0,16.87,0.0,0,192.26
p1_E_W.216,1556.0,10.27,0.0,0,215.79
p1_W_E.373,1398.0,171.29,79.0,7,499.2
p1_W_E.374,1401.0,168.37,73.0,6,482.42
p1_N1_S1.155,1550.0,43.62,32.0,1,227.46
p1_S1_N1.154,1540.0,54.14,41.0,1,248.0
p1_W_E.375,1404.0,169.76,72.0,5,485.51
p1_N1_S1.156,1560.0,36.21,24.0,1,216.87
p1_W_E.376,1407.0,165.0,72.0,5,481.62
p1_N1_S1.157,1570.0,28.33,15.0,1,200.67
p1_W_E.377,1410.0,168.32,68.0,5,478.34
p1_S1_N1.155,1550.0,42.05,29.0,1,217.11
p1_S1_N1.156,1560.0,41.61,25.0,1,233.62
p1_W_E.378,1413.0,167.32,66.0,5,474.99
p1_S1_N1.157,1570.0,30.79,18.0,1,200.69
p1_N1_S1.158,1580.0,17.09,4.0,1,183.62
p1_W_E.379,1416.0,160.29,64.0,5,464.54
p1_S1_N1.158,1580.0,24.62,11.0,1,205.69
p1_N1_S1.159,1590.0,9.74,0.0,0,170.4
p1_W_E.380,1435.0,149.5,54.0,4,444.32
p1_W_S2.38,1439.0,146.42,50.0,4,450.14
p1_S1_N1.159,1590.0,16.99,2.0,1,203.76
p1_N1_S1.160,1600.0,5.92,0.0,0,146.91
p1_W_E.381,1442.0,145.22,48.0,5,432.87
p1_S1_N1.160,1600.0,9.93,0.0,0,167.38
p1_S1_E.49,1473.0,109.57,67.0,3,395.18
p1_S1_E.50,1503.0,81.48,39.0,3,359.8
p1_N2_W.50,1503.0,88.36,60.0,2,368.84
p1_S1_E.51,1533.0,61.19,15.0,1,328.18
p1_N2_W.51,1533.0,65.12,40.0,2,333.51
p1_W_E.382,1446.0,152.49,66.0,5,457.56
p1_E_W.217,1563.0,38.92,14.0,1,275.85
p1_W_E.383,1449.0,137.53,61.0,4,436.18
p1_E_W.218,1570.0,32.93,12.0,1,278.85
p1_E_N1.52,1560.0,32.02,16.0,1,259.4
p1_W_E.384,1452.0,132.66,61.0,5,434.67
p1_W_E.385,1455.0,155.04,57.0,4,444.45
p1_E_W.219,1577.0,24.29,5.0,1,255.14
p1_E_W.220,1584.0,24.09,1.0,1,249.36
p1_W_E.386,1458.0,141.52,56.0,4,444.67
p1_E_N1.53,1590.0,21.31,0.0,0,241.17
p1_E_W.221,1593.0,19.95,0.0,0,241.55
p1_W_E.387,1461.0,147.35,57.0,5,460.03
p1_E_W.222,1599.0,15.72,0.0,0,226.46
p1_W_E.388,1464.0,138.32,55.0,5,454.4
p1_E_W.223,1606.0,10.6,0.0,0,216.09
p1_W_E.389,1467.0,150.29,52.0,5,465.46
p1_W_E.390,1470.0,149.11,52.0,5,462.4
p1_E_W.224,1613.0,6.53,0.0,0,192.97
p1_N2_S2.156,1560.0,76.18,57.0,2,277.33
p1_S2_N2.158,1580.0,54.45,44.0,1,240.57
p1_S2_N2.159,1590.0,54.67,39.0,1,249.55
p1_N2_S2.157,1570.0,71.89,47.0,2,279.32
p1_S2_N2.160,1600.0,41.66,27.0,1,233.15
p1_N2_S2.158,1580.0,67.94,44.0,1,275.21
p1_S2_N2.161,1610.0,32.31,21.0,1,213.92
p1_N2_S2.159,1590.0,59.66,42.0,1,262.4
p1_S2_N2.162,1620.0,30.16,14.0,1,208.35
p1_S2_N2.163,1630.0,21.9,6.0,1,206.14
p1_S2_N2.164,1640.0,6.11,0.0,0,149.38
p1_E_W.225,1620.0,7.5,0.0,0,199.0
p1_S2_N2.165,1650.0,6.33,0.0,0,150.1
p1_E_N1.54,1623.0,12.28,0.0,0,229.45
p1_N2_S2.160,1600.0,45.68,31.0,1,227.98
p1_N2_S2.161,1610.0,45.05,26.0,1,233.24
p1_N2_S2.162,1620.0,41.94,20.0,1,235.37
p1_W_E.391,1476.0,165.84,73.0,6,491.44
p1_W_S2.39,1473.0,162.94,74.0,6,479.82
p1_W_E.392,1479.0,165.59,71.0,5,466.44
p1_W_E.393,1482.0,164.33,69.0,5,465.25
p1_W_E.394,1485.0,163.43,67.0,5,455.28
p1_W_E.395,1501.0,149.11,63.0,6,446.35
p1_N1_S1.161,1610.0,57.45,47.0,1,246.41
p1_S1_N1.161,1610.0,56.09,46.0,1,240.09
p1_N1_S1.162,1620.0,52.51,39.0,1,247.71
p1_W_E.396,1504.0,147.95,58.0,4,448.89
p1_S1_N1.162,1620.0,54.28,39.0,1,241.56
p1_S1_E.52,1563.0,90.6,51.0,3,372.35
p1_S1_N1.163,1630.0,46.13,32.0,1,233.44
p1_S1_E.53,1593.0,62.48,24.0,2,343.48
p1_N1_S1.163,1630.0,39.41,27.0,1,216.38
p1_N1_S1.164,1640.0,38.64,23.0,1,227.97
p1_W_E.397,1507.0,145.21,69.0,7,453.76
p1_N1_S1.165,1650.0,30.39,15.0,1,225.57
p1_W_E.398,1510.0,150.77,66.0,4,467.83
p1_N1_S1.166,1660.0,22.13,6.0,1,210.81
p1_N1_S1.167,1670.0,13.72,0.0,0,199.15
p1_W_E.399,1514.0,148.52,66.0,4,476.84
p1_S1_N1.164,1640.0,30.37,19.0,1,196.43
p1_W_S2.40,1520.0,146.6,65.0,6,447.76
p1_S1_N1.165,1650.0,38.71,16.0,1,218.67
p1_W_E.400,1517.0,137.37,63.0,5,447.0
p1_S1_N1.166,1660.0,30.58,9.0,1,213.21
p1_S1_N1.167,1670.0,22.41,2.0,1,196.66
p1_W_E.401,1523.0,140.27,62.0,5,454.83
p1_S1_N1.168,1680.0,14.1,0.0,0,181.07
p1_W_E.402,1526.0,145.28,58.0,4,460.58
p1_W_E.403,1529.0,136.77,59.0,4,441.73
p1_W_E.404,1532.0,136.58,55.0,5,454.53
p1_N2_W.52,1563.0,105.88,78.0,3,390.67
p1_W_E.405,1535.0,145.53,54.0,4,471.54
p1_N2_W.53,1593.0,87.28,63.0,2,377.01
p1_W_E.406,1538.0,134.73,54.0,6,447.88
p1_E_W.226,1628.0,46.8,28.0,2,289.16
p1_S2_N2.166,1660.0,44.54,32.0,1,231.05
p1_S2_N2.167,1670.0,36.51,26.0,1,210.34
p1_N2_S2.163,1630.0,75.04,56.0,2,280.66
p1_E_W.227,1635.0,39.57,19.0,2,275.14
p1_S2_N2.168,1680.0,28.19,17.0,1,208.78
p1_N2_S2.164,1640.0,68.87,48.0,2,279.42
p1_E_W.228,1642.0,45.43,17.0,2,295.02
p1_N2_S2.165,1650.0,60.35,40.0,1,256.6
p1_E_W.229,1649.0,29.15,7.0,2,257.19
p1_S2_N2.169,1690.0,19.16,5.0,1,187.62
p1_E_W.230,1656.0,35.62,2.0,1,282.55
p1_S2_N2.170,1700.0,12.8,0.0,0,178.87
p1_N2_S2.166,1660.0,54.29,38.0,1,245.41
p1_E_N1.55,1652.0,29.78,4.0,1,262.73
p1_S2_N2.171,1710.0,5.38,0.0,0,146.08
p1_N2_S2.167,1670.0,45.05,34.0,1,231.16
p1_N2_S2.168,1680.0,39.15,25.0,1,212.48
p1_E_W.231,1664.0,18.02,1.0,1,226.98
p1_E_N1.56,1681.0,18.94,0.0,0,242.4
p1_E_W.232,1671.0,23.7,0.0,0,243.37
p1_E_W.233,1678.0,25.56,0.0,0,245.02
p1_E_W.234,1685.0,20.36,0.0,0,242.02
p1_E_W.235,1692.0,15.08,0.0,0,234.06
p1_W_E.407,1541.0,161.22,71.0,5,488.49
p1_N2_W.54,1623.0,86.09,61.0,2,360.12
p1_W_E.408,1544.0,165.45,69.0,6,499.58
p1_W_E.409,1547.0,163.83,69.0,7,485.83
p1_W_E.410,1550.0,162.86,64.0,6,477.18
p1_S1_N1.169,1690.0,45.51,34.0,1,224.14
p1_W_S2.41,1553.0,160.22,64.0,6,480.99
p1_S1_N1.170,1700.0,35.57,23.0,1,206.58
p1_S1_N1.171,1710.0,28.09,16.0,1,200.9
p1_W_E.411,1556.0,156.77,64.0,8,465.75
p1_W_E.412,1572.0,150.97,61.0,4,455.37
p1_N1_S1.168,1680.0,48.0,36.0,1,223.29
p1_S1_N1.172,1720.0,24.52,10.0,1,190.22
p1_W_E.413,1575.0,149.63,58.0,4,466.08
p1_N1_S1.169,1690.0,56.25,36.0,1,239.15
p1_S1_N1.173,1730.0,16.53,2.0,1,189.98
p1_W_E.414,1578.0,144.59,58.0,4,461.16
p1_N1_S1.170,1700.0,47.96,28.0,1,241.48
p1_S1_N1.174,1740.0,8.31,0.0,0,172.17
p1_W_E.415,1581.0,147.17,55.0,4,463.26
p1_N1_S1.171,1710.0,38.66,18.0,1,229.34
p1_W_E.416,1584.0,145.95,54.0,4,483.89
p1_N1_S1.172,1720.0,31.43,11.0,1,223.46
p1_S1_E.54,1623.0,103.65,64.0,3,397.35
p1_N1_S1.173,1730.0,22.67,2.0,1,210.03
p1_S1_E.55,1653.0,74.25,35.0,3,337.83
p1_N1_S1.174,1740.0,12.22,0.0,0,180.79
p1_S1_E.56,1683.0,44.74,14.0,1,282.29
p1_W_E.417,1587.0,147.15,65.0,4,472.0
p1_N2_W.55,1653.0,84.36,55.0,2,350.67
p1_W_E.418,1590.0,149.24,65.0,4,494.0
p1_N2_W.56,1683.0,55.85,32.0,2,317.98
p1_W_E.419,1593.0,147.96,64.0,4,496.11
p1_E_W.236,1700.0,41.25,23.0,2,287.39
p1_W_E.420,1596.0,146.65,59.0,5,497.78
p1_W_S2.42,1599.0,143.36,62.0,5,483.61
p1_E_W.237,1707.0,34.76,14.0,2,276.45
p1_W_E.421,1602.0,141.72,62.0,5,464.28
p1_W_E.422,1605.0,141.7,57.0,4,473.69
p1_W_E.423,1608.0,140.51,56.0,4,466.75
p1_E_W.238,1714.0,34.94,7.0,2,273.73
p1_E_N1.57,1710.0,30.51,10.0,2,257.81
p1_E_W.239,1721.0,29.82,2.0,1,272.17
p1_E_W.240,1728.0,24.48,0.0,0,257.33
p1_N2_S2.169,1690.0,83.18,64.0,2,303.66
p1_S2_N2.172,1720.0,56.5,45.0,1,247.56
p1_N2_S2.170,1700.0,78.42,57.0,2,297.41
p1_S2_N2.173,1730.0,48.47,36.0,1,237.04
p1_E_W.241,1736.0,15.1,0.0,0,221.62
p1_S2_N2.174,1740.0,40.21,28.0,1,222.74
p1_E_N1.58,1740.0,14.19,0.0,0,220.71
p1_E_W.242,1743.0,16.65,0.0,0,227.37
p1_N2_S2.171,1710.0,65.16,45.0,1,264.97
p1_E_W.243,1750.0,8.97,0.0,0,212.07
p1_N2_S2.172,1720.0,65.04,45.0,1,259.55
p1_N2_S2.173,1730.0,55.55,42.0,1,253.9
p1_S2_N2.175,1750.0,27.48,15.0,1,197.04
p1_E_W.244,1757.0,7.95,0.0,0,197.61
p1_S2_N2.176,1760.0,23.54,9.0,1,201.74
p1_N2_S2.174,1740.0,48.51,34.0,1,244.46
p1_S2_N2.177,1770.0,17.13,1.0,1,201.88
p1_S2_N2.178,1780.0,11.07,0.0,0,198.31
p1_N2_S2.175,1750.0,41.91,27.0,1,224.65
p1_E_W.245,1764.0,6.29,0.0,0,189.18
p1_W_E.424,1611.0,165.41,77.0,5,506.18
p1_W_E.425,1614.0,164.92,71.0,6,491.89
p1_W_E.426,1617.0,157.18,68.0,6,483.36
p1_N1_S1.175,1750.0,56.89,44.0,1,246.43
p1_W_E.427,1620.0,165.66,70.0,6,481.9
p1_W_E.428,1623.0,165.18,65.0,6,477.09
p1_N1_S1.176,1760.0,47.51,36.0,1,229.57
p1_S1_N1.175,1750.0,51.32,40.0,1,230.07
p1_N1_S1.177,1770.0,37.99,26.0,1,210.24
p1_W_E.429,1626.0,150.49,68.0,6,451.67
p1_S1_N1.176,1760.0,48.18,33.0,1,234.98
p1_W_S2.43,1647.0,143.12,53.0,5,433.96
p1_W_E.430,1644.0,149.72,57.0,4,464.41
p1_S1_N1.177,1770.0,42.03,26.0,1,236.53
p1_W_E.431,1650.0,145.51,53.0,5,448.59
p1_N1_S1.178,1780.0,28.29,15.0,1,200.25
p1_S1_N1.178,1780.0,36.86,22.0,1,229.43
p1_S1_E.57,1713.0,84.27,40.0,3,370.81
p1_N1_S1.179,1790.0,21.03,8.0,1,189.99
p1_S1_N1.179,1790.0,24.38,11.0,1,192.95
p2_N1_S1.0,1800.0,20.76,3.0,1,193.05
p2_S1_N1.0,1800.0,20.89,3.0,1,199.69
p1_S1_E.58,1743.0,48.52,16.0,2,293.55
p1_W_E.432,1652.0,150.24,62.0,4,485.83
p2_S1_N1.1,1810.0,7.73,0.0,0,163.13
p1_W_E.433,1656.0,147.98,63.0,4,497.53
p1_W_E.434,1659.0,146.84,59.0,5,493.45
p1_W_E.435,1662.0,145.44,58.0,4,487.27
p1_N2_W.57,1713.0,95.06,65.0,2,380.95
p1_N2_W.58,1743.0,67.14,44.0,2,324.88
p1_E_N1.59,1770.0,41.94,25.0,2,289.24
p1_E_W.246,1773.0,41.23,21.0,2,293.75
p1_W_E.436,1665.0,126.56,55.0,5,440.16
p1_E_W.247,1779.0,37.26,14.0,2,276.79
p1_W_E.437,1668.0,150.68,56.0,4,445.3
p1_W_S2.44,1680.0,137.93,48.0,4,440.13
p1_W_E.438,1671.0,126.19,53.0,4,422.59
p1_E_W.248,1786.0,25.83,4.0,2,256.08
p1_W_E.439,1674.0,148.6,51.0,5,440.27
p1_E_W.249,1793.0,30.67,3.0,2,265.84
p1_W_E.440,1677.0,147.29,50.0,5,454.31
p1_N2_S2.176,1760.0,86.45,65.0,2,293.76
p1_S2_N2.179,1790.0,56.52,44.0,1,246.61
p2_E_W.0,1800.0,24.78,0.0,0,267.9
p2_S2_N2.0,1800.0,48.68,36.0,1,234.09
p1_N2_S2.177,1770.0,78.87,59.0,2,283.92
p1_N2_S2.178,1780.0,73.62,49.0,2,277.3
p1_N2_S2.179,1790.0,63.68,45.0,1,262.72
p2_N2_S2.0,1800.0,58.04,42.0,1,255.95
p2_N2_S2.1,1810.0,41.29,28.0,1,222.26
p1_W_E.441,1683.0,163.17,68.0,5,485.55
p2_N2_S2.2,1820.0,50.72,26.0,1,224.96
p1_W_E.442,1686.0,164.55,69.0,5,492.4
p2_N2_S2.3,1830.0,42.46,16.0,1,225.08
p2_E_S1.0,1803.0,50.42,24.0,1,309.32
p2_S1_N1.2,1820.0,57.73,48.0,1,243.7
p2_N1_S1.1,1810.0,68.04,49.0,2,269.98
p1_W_E.443,1689.0,152.76,66.0,5,462.7
p2_N1_S1.2,1820.0,60.38,48.0,1,256.2
p1_W_E.444,1703.0,140.73,62.0,4,441.65
p2_N1_S1.3,1830.0,52.33,38.0,1,244.44
p1_W_E.445,1706.0,149.64,62.0,5,462.86
p1_W_E.446,1710.0,154.16,60.0,5,462.38
p2_S1_N1.3,1830.0,44.73,33.0,1,223.51
p1_W_E.447,1713.0,144.42,57.0,4,456.18
p2_S1_N1.4,1840.0,39.78,26.0,1,222.59
p1_W_E.448,1716.0,151.69,56.0,4,447.84
p2_S1_N1.5,1850.0,38.82,21.0,1,230.36
p2_S1_N1.6,1860.0,30.63,12.0,1,217.08
p2_S1_N1.7,1870.0,19.09,3.0,1,202.13
p1_W_E.449,1719.0,132.18,56.0,5,424.47
p1_W_S2.45,1725.0,147.33,63.0,4,456.05
p2_S1_N1.8,1880.0,13.65,0.0,0,194.14
p2_N1_S1.4,1840.0,54.91,35.0,2,249.85
p1_S1_E.59,1773.0,101.52,51.0,3,371.72
p2_N1_S1.5,1850.0,46.67,26.0,2,239.37
p2_S1_N1.9,1890.0,6.02,0.0,0,144.65
p2_N1_E.0,1803.0,68.46,21.0,2,339.81
p2_N1_S1.6,1860.0,38.67,16.0,2,219.36
p1_W_E.450,1722.0,156.06,66.0,6,482.21
p1_W_E.451,1728.0,141.86,64.0,4,453.92
p2_E_W.1,1806.0,78.71,51.0,2,333.73
p1_W_E.452,1731.0,127.69,62.0,5,424.95
p1_W_E.453,1734.0,139.7,59.0,4,438.71
p1_W_E.454,1737.0,153.49,58.0,4,454.16
p1_W_E.455,1740.0,149.63,58.0,4,465.41
p1_W_E.456,1743.0,151.54,58.0,7,468.52
p2_E_W.2,1809.0,62.76,45.0,2,303.31
p1_W_E.457,1746.0,150.3,56.0,6,460.99
p2_S2_N2.1,1810.0,105.91,86.0,3,320.07
p1_W_E.458,1749.0,149.14,53.0,4,455.07
p2_E_W.3,1812.0,85.04,42.0,2,334.72
p2_E_W.4,1815.0,82.17,42.0,2,339.09
p2_S2_N2.2,1820.0,99.62,76.0,3,313.36
p2_S2_N2.3,1830.0,91.74,67.0,3,304.61
p1_W_E.459,1752.0,141.82,53.0,6,455.26
p2_E_W.5,1818.0,73.19,42.0,2,350.59
p2_N2_S2.4,1840.0,74.12,57.0,2,275.82
p2_N2_S2.5,1850.0,73.54,49.0,2,285.93
p2_E_W.6,1821.0,79.79,41.0,2,355.21
p2_N2_S2.6,1860.0,65.37,47.0,1,269.37
p2_E_W.7,1824.0,74.8,40.0,2,340.74
p2_N2_S2.7,1870.0,57.0,40.0,1,271.57
p2_E_W.8,1827.0,74.87,41.0,2,342.4
p2_E_W.9,1830.0,78.03,40.0,2,361.27
p2_N2_S2.8,1880.0,48.25,32.0,1,258.61
p2_N2_S2.9,1890.0,40.58,24.0,1,239.79
p2_E_W.10,1833.0,73.33,38.0,2,338.03
p2_N2_S2.10,1900.0,32.26,15.0,1,225.85
p1_N2_W.59,1772.0,139.43,91.0,4,466.71
p2_S2_W.0,1803.0,109.78,69.0,3,423.97
p2_N2_S2.11,1910.0,16.89,5.0,1,177.43
p2_N2_S2.12,1920.0,14.61,0.0,0,177.95
p2_E_S1.1,1836.0,83.02,52.0,3,364.15
p1_W_E.460,1755.0,158.46,77.0,6,475.9
p1_W_S2.46,1758.0,160.86,71.0,6,464.95
p1_W_E.461,1761.0,163.0,68.0,5,466.98
p2_S1_N1.10,1900.0,44.49,33.0,1,226.98
p1_W_E.462,1764.0,161.8,66.0,5,461.6
p2_S1_N1.11,1910.0,38.37,24.0,1,220.03
p1_W_E.463,1767.0,160.5,67.0,6,478.87
p2_S1_N1.12,1920.0,30.2,15.0,1,205.33
p1_W_E.464,1784.0,145.25,57.0,5,456.24
p2_S1_N1.13,1930.0,21.88,8.0,1,197.22
p1_W_E.465,1788.0,143.26,55.0,4,448.91
p2_S1_N1.14,1940.0,13.46,1.0,1,183.07
p1_W_E.466,1791.0,141.86,50.0,4,452.37
p1_W_E.467,1794.0,137.8,52.0,6,434.17
p2_N1_S1.7,1870.0,89.42,55.0,3,296.82
p2_N1_S1.8,1880.0,80.02,44.0,2,285.78
p2_N1_S1.9,1890.0,73.77,45.0,2,274.52
p1_W_E.468,1797.0,127.05,51.0,4,423.2
p2_N1_E.1,1833.0,112.29,62.0,4,403.1
p1_W_E.469,1800.0,142.35,68.0,6,457.87
p1_W_S2.47,1806.0,135.58,64.0,4,446.58
p1_W_E.470,1803.0,145.98,67.0,4,478.88
p2_S1_N1.15,1950.0,6.2,0.0,0,155.47
p1_W_E.471,1809.0,138.42,64.0,5,470.66
p2_E_W.11,1839.0,109.27,73.0,4,387.73
p1_W_E.472,1812.0,133.03,61.0,5,453.76
p1_W_E.473,1815.0,136.77,60.0,5,445.86
p1_W_E.474,1818.0,138.71,54.0,4,458.93
p1_W_E.475,1821.0,137.47,53.0,5,462.47
p1_W_E.476,1824.0,136.1,53.0,5,454.1
p1_W_E.477,1827.0,132.5,51.0,4,469.07
p2_E_W.12,1842.0,94.12,61.0,4,366.4
p1_W_E.478,1830.0,133.64,50.0,5,460.53
p2_E_W.13,1845.0,118.36,59.0,4,384.78
p2_E_W.14,1848.0,108.51,56.0,4,401.26
p2_E_W.15,1851.0,115.67,53.0,4,398.43
p2_N2_S2.13,1930.0,57.87,48.0,1,251.56
p2_E_W.16,1854.0,114.34,54.0,5,418.29
p2_S2_N2.4,1840.0,145.16,113.0,5,377.43
p2_E_W.17,1857.0,113.24,51.0,4,403.32
p2_S2_N2.5,1850.0,143.47,105.0,4,385.36
p2_E_W.18,1860.0,112.0,48.0,4,417.19
p2_E_W.19,1863.0,110.02,47.0,4,414.31
p2_S2_N2.6,1860.0,135.35,103.0,4,375.68
p2_N1_S1.10,1900.0,93.04,65.0,3,299.61
p2_N2_S2.14,1940.0,45.12,34.0,1,219.02
p2_E_W.20,1866.0,109.38,45.0,5,417.78
p2_N1_S1.11,1910.0,87.42,58.0,3,289.58
p2_N2_S2.15,1950.0,47.2,28.0,1,236.24
p2_S1_N1.16,1960.0,32.56,22.0,1,209.85
p2_N1_S1.12,1920.0,79.29,50.0,4,294.78
p2_N2_S2.16,1960.0,38.89,22.0,1,228.38
p2_S1_N1.17,1970.0,28.21,14.0,1,204.35
p2_N2_S2.17,1970.0,30.63,15.0,1,217.69
p2_S1_N1.18,1980.0,20.72,6.0,1,211.5
p2_N2_S2.18,1980.0,21.0,3.0,1,216.24
p2_S1_N1.19,1990.0,12.45,0.0,0,201.46
p2_N2_S2.19,1990.0,14.13,0.0,0,199.62
p2_N1_S1.13,1930.0,77.64,41.0,4,285.54
p2_N1_S1.14,1940.0,69.46,31.0,3,275.09
p2_N1_S1.15,1950.0,61.28,22.0,2,249.9
p2_N2_S2.20,2000.0,6.68,0.0,0,158.74
p2_S1_N1.20,2000.0,6.78,0.0,0,148.25
p1_W_E.479,1833.0,161.2,79.0,6,478.82
p2_S1_N1.21,2010.0,6.87,0.0,0,156.69
p1_W_E.480,1846.0,147.64,74.0,4,456.17
p1_W_S2.48,1850.0,148.42,71.0,5,446.54
p1_W_E.481,1853.0,147.93,68.0,5,454.15
p2_N1_S1.16,1960.0,62.22,22.0,3,249.62
p2_N1_S1.17,1970.0,54.06,17.0,1,241.96
p1_W_E.482,1856.0,143.92,66.0,4,444.5
p2_S1_N1.22,2020.0,5.97,0.0,0,145.83
p1_W_E.483,1859.0,147.1,66.0,5,446.74
p2_N1_S1.18,1980.0,44.12,16.0,1,221.34
p1_W_E.484,1862.0,138.85,64.0,4,425.22
p2_N1_E.2,1863.0,147.85,90.0,7,484.92
p2_N1_E.3,1893.0,119.44,66.0,3,446.32
p1_W_E.485,1865.0,149.97,78.0,4,491.14
p1_W_E.486,1868.0,148.66,76.0,4,490.95
p1_W_E.487,1871.0,147.51,76.0,4,490.81
p1_W_E.488,1874.0,146.15,75.0,4,488.41
p1_W_E.489,1877.0,144.95,69.0,5,485.46
p1_W_E.490,1880.0,142.35,72.0,4,473.46
p1_W_S2.49,1883.0,141.17,70.0,4,453.04
p2_N2_S2.21,2010.0,39.48,28.0,1,219.1
p2_N2_S2.22,2020.0,26.39,14.0,1,199.56
p2_N2_S2.23,2030.0,28.96,12.0,1,213.54
p2_N2_S2.24,2040.0,20.86,4.0,1,199.89
p2_E_S1.2,1869.0,171.87,109.0,6,493.71
p2_N2_S2.25,2050.0,6.44,0.0,0,149.01
p2_N2_S2.26,2060.0,5.73,0.0,0,145.61
p2_S1_N1.23,2030.0,30.77,21.0,1,206.73
p2_S1_N1.24,2040.0,27.8,13.0,1,209.26
p2_S1_N1.25,2050.0,24.56,8.0,1,206.71
p2_S1_N1.26,2060.0,13.59,0.0,0,182.05
p2_S1_N1.27,2070.0,6.81,0.0,0,163.26
p2_N2_S2.27,2070.0,6.1,0.0,0,152.1
p2_N1_S1.19,1990.0,91.98,55.0,3,308.87
p2_E_W.21,1872.0,194.67,127.0,7,532.52
p2_E_W.22,1875.0,193.4,120.0,6,515.87
p2_E_W.23,1878.0,192.37,118.0,7,521.05
p2_E_W.24,1881.0,191.11,117.0,7,517.78
p1_W_E.491,1886.0,168.33,106.0,7,487.2
p1_W_E.492,1889.0,183.18,101.0,5,509.79
p2_E_W.25,1884.0,187.66,116.0,6,514.52
p1_W_E.493,1891.0,183.45,101.0,5,519.3
p2_N1_E.4,1923.0,154.46,95.0,6,485.88
p2_N1_E.5,1953.0,126.18,58.0,5,449.41
p2_E_W.26,1886.0,183.32,112.0,6,495.69
p1_W_E.494,1894.0,186.84,117.0,5,510.63
p2_E_W.27,1890.0,192.16,111.0,6,518.53
p1_W_E.495,1897.0,176.26,111.0,5,503.34
p2_E_W.28,1893.0,190.86,109.0,6,524.59
p1_W_E.496,1900.0,185.59,111.0,6,513.62
p2_E_W.29,1896.0,189.64,103.0,6,534.36
p1_W_E.497,1917.0,170.35,99.0,4,496.0
p1_W_E.498,1921.0,168.03,98.0,4,499.03
p2_S1_N1.28,2080.0,31.49,21.0,1,210.64
p1_W_E.499,1924.0,165.6,97.0,4,497.23
p1_W_S2.50,1930.0,160.76,91.0,5,474.52
p2_E_W.30,1899.0,176.35,101.0,5,470.55
p2_N1_S1.20,2000.0,111.4,67.0,4,334.8
p2_N1_S1.21,2010.0,101.14,63.0,3,304.85
p2_S1_N1.29,2090.0,19.09,9.0,1,184.55
p1_W_E.500,1927.0,144.46,93.0,4,445.71
p2_S1_N1.30,2100.0,19.28,4.0,1,190.06
p1_W_E.501,1933.0,166.79,91.0,5,497.37
p2_S1_N1.31,2110.0,10.99,0.0,0,173.41
p1_W_E.502,1936.0,164.26,89.0,4,499.23
p2_N1_S1.22,2020.0,103.96,58.0,3,323.79
p1_W_E.503,1939.0,164.32,87.0,4,513.63
p2_N1_S1.23,2030.0,95.73,57.0,3,297.71
p1_W_E.504,1942.0,163.0,82.0,5,516.58
p2_N1_S1.24,2040.0,87.73,53.0,3,289.87
p1_W_E.505,1945.0,144.05,81.0,4,452.67
p1_W_E.506,1948.0,159.37,80.0,4,466.99
p2_N1_E.6,1983.0,123.38,71.0,4,430.98
p1_W_E.507,1951.0,156.86,84.0,6,512.99
p1_W_E.508,1954.0,159.9,85.0,6,524.45
p1_W_S2.51,1963.0,151.4,73.0,4,481.78
p1_W_E.509,1957.0,159.75,84.0,5,520.28
p1_W_E.510,1960.0,158.47,84.0,6,522.33
p1_W_E.511,1966.0,151.97,72.0,5,508.95
p2_S1_N1.32,2120.0,6.35,0.0,0,159.25
p1_W_E.512,1969.0,150.74,71.0,5,484.47
p2_N1_S1.25,2050.0,91.7,46.0,4,298.95
p2_S1_N1.33,2130.0,14.25,0.0,0,168.37
p2_N1_S1.26,2060.0,84.88,41.0,4,293.32
p2_N2_S2.28,2080.0,65.38,55.0,1,263.19
p2_N1_S1.27,2070.0,76.76,31.0,4,266.2
p2_S1_N1.34,2140.0,6.17,0.0,0,146.17
p2_N2_S2.29,2090.0,57.85,45.0,1,247.53
p2_N2_S2.30,2100.0,49.91,37.0,1,240.65
p2_N2_S2.31,2110.0,41.68,29.0,1,223.59
p2_N1_S1.28,2080.0,68.8,26.0,3,262.65
p2_N1_S1.29,2090.0,65.72,21.0,3,268.7
p2_N2_S2.32,2120.0,31.36,18.0,1,208.29
p2_N2_S2.33,2130.0,22.62,10.0,1,191.11
p2_S2_W.1,1833.0,304.2,205.0,9,700.86
p2_N2_S2.34,2140.0,14.72,2.0,1,179.62
p2_N2_S2.35,2150.0,12.18,0.0,0,176.74
p2_S2_N2.7,1870.0,294.15,250.0,5,611.36
p2_N2_S2.36,2160.0,6.08,0.0,0,157.85
p2_S2_N2.8,1880.0,284.1,243.0,5,598.88
p2_S2_N2.9,1890.0,281.99,235.0,6,599.86
p2_S2_N2.10,1900.0,269.95,226.0,5,571.74
p2_S2_N2.11,1910.0,261.72,212.0,5,555.72
p2_N2_S2.37,2170.0,6.1,0.0,0,152.03
p2_S2_N2.12,1920.0,260.93,205.0,5,558.71
p2_S2_N2.13,1930.0,251.62,192.0,5,546.98
p2_E_S1.3,1902.0,261.17,173.0,7,622.24
p2_S2_N2.14,1940.0,244.44,190.0,4,542.66
p2_N1_S1.30,2100.0,86.97,46.0,2,285.57
p2_S1_N1.35,2150.0,38.08,25.0,1,217.68
p2_N2_S2.38,2180.0,6.68,0.0,0,153.04
p2_S2_N2.15,1950.0,232.86,190.0,4,516.66
p2_S1_N1.36,2160.0,29.91,17.0,1,206.65
p2_S1_N1.37,2170.0,20.7,7.0,1,189.84
p2_S2_N2.16,1960.0,230.12,189.0,3,517.07
p2_S1_N1.38,2180.0,11.4,1.0,1,168.95
p2_S1_N1.39,2190.0,7.41,0.0,0,159.38
p1_W_E.513,1972.0,204.89,118.0,5,553.65
p1_W_E.514,1975.0,204.33,118.0,5,554.91
p1_W_E.515,1978.0,203.04,118.0,5,546.97
p2_N1_E.7,2013.0,169.54,111.0,5,474.25
p2_N1_S1.31,2110.0,86.93,43.0,3,305.6
p2_S1_N1.40,2200.0,5.44,0.0,0,145.85
p2_N1_S1.32,2120.0,88.03,40.0,4,304.34
p2_N1_S1.33,2130.0,79.67,29.0,2,296.53
p2_N1_S1.34,2140.0,71.52,27.0,2,275.01
p2_N1_E.8,2043.0,127.71,82.0,5,408.32
p2_N1_S1.35,2150.0,61.04,26.0,2,253.55
p2_S1_N1.41,2210.0,6.09,0.0,0,148.25
p2_N1_E.9,2073.0,117.31,55.0,4,402.24
p2_N1_S1.36,2160.0,57.25,25.0,2,241.99
p1_W_E.516,1993.0,202.19,125.0,5,557.59
p2_N1_S1.37,2170.0,50.06,24.0,2,236.81
p1_W_E.517,1997.0,202.29,120.0,5,554.41
p1_W_E.518,2001.0,200.02,119.0,6,546.19
p1_W_S2.52,2010.0,189.87,110.0,5,545.21
p1_W_E.519,2004.0,198.71,116.0,5,561.44
p2_E_W.31,1905.0,298.57,208.0,8,672.96
p1_W_E.520,2007.0,197.49,113.0,5,560.22
p2_E_W.32,1908.0,297.67,204.0,9,679.43
p1_W_E.521,2013.0,192.79,109.0,5,560.6
p2_E_W.33,1911.0,296.48,202.0,9,686.92
p2_E_W.34,1914.0,295.13,195.0,8,672.99
p1_W_E.522,2016.0,176.68,109.0,6,500.88
p1_W_E.523,2019.0,192.66,106.0,6,538.05
p1_W_E.524,2022.0,189.02,105.0,5,539.17
p2_E_W.35,1917.0,288.68,193.0,8,657.69
p1_W_E.525,2025.0,180.05,102.0,5,545.69
p2_E_W.36,1920.0,295.59,188.0,8,677.33
p1_W_E.526,2028.0,189.1,99.0,5,557.13
p2_E_W.37,1923.0,294.33,187.0,10,668.14
p2_N1_E.10,2103.0,102.97,50.0,4,410.18
p2_N1_E.11,2133.0,87.46,28.0,2,375.99
p2_E_W.38,1926.0,282.55,180.0,8,640.54
p2_N1_E.12,2163.0,59.25,25.0,2,309.31
p2_E_W.39,1929.0,294.44,178.0,8,658.8
p2_E_W.40,1932.0,293.1,174.0,9,675.99
p1_W_E.527,2031.0,192.28,124.0,5,518.89
p1_W_E.528,2034.0,195.83,121.0,6,536.25
p1_W_E.529,2037.0,199.34,120.0,6,543.98
p1_W_E.530,2040.0,198.07,115.0,6,553.6
p2_S2_N2.17,1970.0,291.52,246.0,4,613.64
p2_N2_S2.39,2190.0,71.38,59.0,1,267.81
p2_E_S1.4,1935.0,297.81,185.0,9,689.75
p2_S1_N1.42,2220.0,44.37,31.0,1,222.52
p2_N1_S1.38,2180.0,86.85,51.0,3,303.44
p2_N2_S2.40,2200.0,60.52,49.0,1,252.01
p2_S1_N1.43,2230.0,36.01,23.0,1,215.04
p2_N1_S1.39,2190.0,79.15,43.0,3,297.46
p2_N2_S2.41,2210.0,58.57,42.0,1,243.35
p2_S1_N1.44,2240.0,30.0,16.0,1,215.54
p2_S2_N2.18,1980.0,276.89,236.0,4,592.45
p2_S1_N1.45,2250.0,21.19,7.0,1,190.99
p2_N2_S2.42,2220.0,43.39,30.0,1,218.82
p2_S1_N1.46,2260.0,13.49,0.0,0,185.39
p2_N2_S2.43,2230.0,44.87,26.0,1,234.4
p2_N2_S2.44,2240.0,31.14,16.0,1,215.33
p2_S1_N1.47,2270.0,5.94,0.0,0,149.05
p2_N2_S2.45,2250.0,28.33,11.0,1,223.61
p2_N2_S2.46,2260.0,18.6,0.0,0,203.67
p2_N1_S1.40,2200.0,81.9,42.0,3,295.34
p2_N2_S2.47,2270.0,11.93,0.0,0,182.1
p2_N1_S1.41,2210.0,73.79,40.0,2,285.75
p2_S2_N2.19,1990.0,288.18,236.0,6,607.15
p2_N1_S1.42,2220.0,63.9,39.0,2,253.82
p1_W_S2.53,2043.0,224.22,141.0,9,584.25
p2_S2_N2.20,2000.0,286.26,230.0,5,609.05
p2_S1_N1.48,2280.0,6.54,0.0,0,145.45
p1_W_E.531,2046.0,221.46,137.0,7,564.39
p1_W_E.532,2059.0,212.76,131.0,6,566.76
p2_N1_S1.43,2230.0,63.96,35.0,2,263.54
p2_S1_N1.49,2290.0,5.24,0.0,0,151.99
p1_W_E.533,2063.0,211.57,131.0,5,546.23
p2_N1_S1.44,2240.0,56.12,28.0,2,247.07
p1_W_E.534,2066.0,210.42,130.0,6,545.0
p2_N1_S1.45,2250.0,47.87,18.0,2,225.82
p1_W_E.535,2069.0,209.17,129.0,6,546.74
p1_W_E.536,2072.0,206.45,126.0,6,530.42
p2_E_W.41,1938.0,347.72,224.0,10,771.72
p1_W_E.537,2075.0,196.93,124.0,5,528.95
p1_W_E.538,2078.0,212.61,122.0,5,555.53
p1_W_E.539,2081.0,205.02,120.0,5,566.38
p2_E_W.42,1941.0,338.62,215.0,12,739.31
p1_W_E.540,2084.0,210.14,121.0,5,574.24
p1_W_S2.54,2087.0,201.62,116.0,6,542.31
p2_E_W.43,1944.0,350.31,212.0,12,765.98
p1_W_E.541,2120.0,176.01,96.0,4,506.79
p2_E_W.44,1947.0,348.97,208.0,11,764.55
p1_W_E.542,2123.0,171.51,96.0,4,504.61
p2_E_W.45,1950.0,337.82,221.0,10,758.17
p2_E_W.46,1953.0,346.59,220.0,10,762.29
p2_N1_E.13,2193.0,105.61,50.0,4,411.83
p2_E_W.47,1956.0,345.38,216.0,11,761.04
p2_E_W.48,1959.0,344.01,211.0,9,779.96
p2_E_W.49,1962.0,342.85,209.0,11,768.67
p2_E_W.50,1965.0,339.98,208.0,9,767.41
p2_N1_E.14,2223.0,62.78,36.0,2,301.9
p2_N1_E.15,2253.0,55.4,17.0,2,290.4
p1_W_E.543,2127.0,185.16,115.0,4,515.57
p1_W_E.544,2130.0,183.74,114.0,4,530.7
p1_W_E.545,2133.0,182.48,112.0,4,535.93
p1_W_E.546,2136.0,176.86,112.0,4,499.89
p1_W_E.547,2139.0,178.36,110.0,4,489.95
p1_W_E.548,2142.0,179.04,108.0,4,513.08
p2_E_S1.5,1968.0,343.58,215.0,10,755.46
p1_W_E.549,2145.0,177.83,107.0,4,510.21
p2_N1_S1.46,2260.0,83.85,45.0,3,294.02
p1_W_E.550,2148.0,171.88,106.0,4,473.13
p1_W_S2.55,2151.0,174.63,107.0,4,486.21
p2_S1_N1.50,2300.0,37.61,25.0,1,204.2
p2_S1_N1.51,2310.0,39.11,20.0,1,221.12
p2_S1_N1.52,2320.0,29.53,12.0,1,212.58
p2_N1_S1.47,2270.0,65.26,34.0,2,253.88
p2_S1_N1.53,2330.0,22.47,3.0,1,207.58
p2_S2_N2.21,2010.0,342.68,282.0,6,689.55
p2_N1_S1.48,2280.0,73.73,32.0,2,269.21
p2_S1_N1.54,2340.0,14.14,0.0,0,209.43
p2_N1_S1.49,2290.0,65.65,30.0,1,264.03
p2_S1_N1.55,2350.0,5.93,0.0,0,148.53
p2_N2_S2.48,2280.0,68.37,56.0,1,256.2
p2_N1_S1.50,2300.0,55.85,30.0,1,241.53
p2_N1_S1.51,2310.0,49.15,28.0,1,238.31
p2_N2_S2.49,2290.0,66.54,51.0,1,260.81
p2_N2_S2.50,2300.0,61.98,45.0,1,264.12
p2_N1_S1.52,2320.0,42.97,22.0,1,222.92
p2_N2_S2.51,2310.0,53.85,35.0,1,255.42
p2_N2_S2.52,2320.0,45.58,28.0,1,239.38
p2_N1_S1.53,2330.0,35.07,14.0,1,208.86
p2_N1_S1.54,2340.0,26.72,5.0,1,201.14
p2_N2_S2.53,2330.0,27.72,14.0,1,197.13
p2_N2_S2.54,2340.0,29.76,9.0,1,207.88
p2_S1_N1.56,2360.0,6.11,0.0,0,160.57
p2_N1_S1.55,2350.0,22.24,0.0,0,198.94
p2_N2_S2.55,2350.0,12.59,0.0,0,168.64
p2_N2_S2.56,2360.0,8.67,0.0,0,151.09
p2_S2_N2.22,2020.0,355.36,280.0,6,712.26
p2_N2_S2.57,2370.0,5.66,0.0,0,156.69
p2_E_W.51,1971.0,384.12,244.0,11,821.27
p2_S2_N2.23,2030.0,347.58,280.0,6,684.98
p2_E_W.52,1974.0,383.29,243.0,12,816.23
p2_S2_N2.24,2040.0,339.59,272.0,6,684.8
p2_E_W.53,1977.0,383.37,241.0,13,818.48
p2_E_W.54,1980.0,382.08,261.0,12,815.1
p2_E_W.55,1983.0,380.93,261.0,12,821.41
p2_E_W.56,1986.0,379.78,254.0,12,807.64
p1_W_E.551,2155.0,204.67,137.0,5,537.61
p2_E_W.57,1989.0,378.53,252.0,10,784.72
p1_W_E.552,2158.0,210.37,133.0,5,563.4
p1_W_E.553,2161.0,208.95,132.0,5,564.26
p2_E_W.58,1992.0,375.6,251.0,12,792.29
p1_W_E.554,2176.0,195.82,122.0,4,543.96
p2_S2_W.2,1862.0,505.13,386.0,14,1017.35
p1_W_E.555,2179.0,194.58,121.0,4,538.39
p1_W_E.556,2182.0,193.35,119.0,4,539.01
p2_S2_W.3,1893.0,473.77,355.0,15,944.19
p1_W_E.557,2185.0,192.06,121.0,5,537.36
p2_S2_W.4,1923.0,446.47,313.0,14,922.32
p2_N1_E.16,2283.0,84.33,43.0,2,356.79
p2_S2_W.5,1953.0,412.18,297.0,14,866.16
p2_N1_E.17,2313.0,68.04,31.0,2,318.1
p2_E_W.59,1995.0,391.57,255.0,10,825.95
p2_N1_E.18,2343.0,43.75,6.0,2,295.13
p1_W_E.558,2188.0,200.73,131.0,4,558.64
p2_E_W.60,1998.0,386.57,251.0,9,816.68
p1_W_E.559,2191.0,199.49,127.0,4,560.36
p1_W_E.560,2194.0,197.23,125.0,4,551.61
p1_W_E.561,2200.0,193.83,123.0,6,525.22
p2_E_S1.6,2001.0,392.34,259.0,10,828.27
p1_W_E.562,2203.0,192.63,123.0,4,520.04
p1_W_S2.56,2197.0,185.05,124.0,5,510.03
p2_S1_N1.57,2370.0,48.06,34.0,1,230.18
p2_N1_S1.56,2360.0,54.19,38.0,2,239.05
p2_S1_N1.58,2380.0,40.77,26.0,1,223.35
p2_S1_N1.59,2390.0,32.77,19.0,1,208.77
p2_N1_S1.57,2370.0,52.66,36.0,1,244.23
p1_W_E.563,2247.0,140.74,89.0,3,422.31
p1_W_E.564,2251.0,146.38,88.0,4,451.38
p2_S1_N1.60,2400.0,21.16,6.0,1,188.28
p1_W_E.565,2254.0,151.84,86.0,3,460.62
p2_S1_N1.61,2410.0,17.84,1.0,1,192.14
p1_W_E.566,2257.0,145.49,86.0,3,462.78
p2_S1_N1.62,2420.0,9.51,0.0,0,181.12
p1_W_E.567,2260.0,149.6,83.0,3,472.55
p1_W_E.568,2263.0,148.38,83.0,3,480.06
p2_S1_N1.63,2430.0,5.4,0.0,0,153.77
p2_N2_S2.58,2380.0,49.69,39.0,1,227.63
p2_N2_S2.59,2390.0,46.12,33.0,1,225.44
p2_N1_S1.58,2380.0,42.82,25.0,2,223.87
p2_N2_S2.60,2400.0,31.9,20.0,1,203.32
p2_N2_S2.61,2410.0,35.74,15.0,1,206.93
p2_N1_S1.59,2390.0,56.07,22.0,2,244.0
p2_N2_S2.62,2420.0,26.9,9.0,1,214.26
p2_N1_S1.60,2400.0,39.16,12.0,2,228.77
p2_N1_S1.61,2410.0,39.2,9.0,2,232.62
p2_N2_S2.63,2430.0,17.9,0.0,0,204.3
p2_N2_S2.64,2440.0,11.04,0.0,0,176.73
p2_S2_N2.25,2050.0,402.24,322.0,8,779.88
p2_E_W.61,2004.0,408.75,291.0,12,858.96
p2_S2_N2.26,2060.0,392.52,309.0,9,756.93
p2_S2_W.6,1983.0,445.12,335.0,12,918.71
p2_N2_S2.65,2450.0,5.54,0.0,0,151.83
p2_S2_N2.27,2070.0,388.26,302.0,9,759.54
p2_E_W.62,2007.0,430.99,310.0,11,897.02
p2_E_W.63,2010.0,429.7,310.0,10,904.59
p2_S2_N2.28,2080.0,381.76,289.0,9,754.55
p2_E_W.64,2013.0,427.03,303.0,10,906.64
p2_S2_N2.29,2090.0,373.21,279.0,9,743.26
p2_E_W.65,2016.0,427.27,303.0,10,918.19
p2_S2_N2.30,2100.0,365.34,272.0,9,722.88
p2_E_W.66,2019.0,425.94,296.0,9,916.18
p2_N2_S2.66,2460.0,5.91,0.0,0,146.23
p2_E_W.67,2022.0,408.45,293.0,11,858.89
p2_E_W.68,2025.0,403.06,286.0,9,843.06
p2_E_W.69,2028.0,416.52,286.0,11,863.21
p2_S2_N2.31,2110.0,356.43,258.0,9,698.69
p2_E_W.70,2031.0,423.51,283.0,9,859.8
p1_W_E.569,2266.0,189.58,123.0,4,528.77
p1_W_E.570,2269.0,188.63,123.0,4,519.38
p1_W_S2.57,2272.0,187.88,122.0,4,525.66
p1_W_E.571,2275.0,187.12,119.0,4,513.7
p2_E_S1.7,2034.0,428.19,288.0,12,866.56
p1_W_E.572,2278.0,185.87,116.0,4,515.61
p2_N1_S1.62,2420.0,66.87,39.0,2,268.95
p2_N1_S1.63,2430.0,58.64,38.0,1,250.93
p1_W_E.573,2281.0,177.78,112.0,4,501.38
p2_N1_E.19,2373.0,98.63,69.0,3,373.66
p2_N1_E.20,2403.0,69.4,32.0,3,341.53
p2_S1_N1.64,2440.0,39.38,25.0,1,208.81
p1_W_E.574,2313.0,162.64,97.0,4,495.79
p2_S1_N1.65,2450.0,47.14,25.0,1,231.57
p1_W_E.575,2317.0,155.87,97.0,4,483.94
p2_S1_N1.66,2460.0,33.84,17.0,1,220.93
p2_S1_N1.67,2470.0,30.59,11.0,1,221.64
p1_W_E.576,2320.0,159.27,95.0,4,503.1
p1_W_E.577,2323.0,157.98,93.0,4,499.05
p2_S1_N1.68,2480.0,22.3,0.0,0,206.54
p1_W_E.578,2326.0,156.69,92.0,4,501.64
p2_S1_N1.69,2490.0,14.03,0.0,0,191.58
p1_W_E.579,2329.0,155.46,90.0,4,499.52
p2_S1_N1.70,2500.0,5.13,0.0,0,141.0
p1_W_E.580,2332.0,149.89,89.0,4,487.93
p1_W_S2.58,2335.0,149.4,86.0,4,483.17
p1_W_E.581,2338.0,147.66,88.0,4,473.23
p2_N1_S1.64,2440.0,56.74,39.0,2,251.44
p1_W_E.582,2341.0,149.51,86.0,4,495.9
p2_N1_S1.65,2450.0,59.92,36.0,2,252.59
p1_W_E.583,2344.0,148.41,85.0,4,472.95
p2_N1_S1.66,2460.0,54.28,27.0,2,252.26
p2_N1_S1.67,2470.0,46.12,20.0,2,252.98
p2_N1_S1.68,2480.0,32.05,10.0,2,209.76
p2_S2_W.7,2013.0,483.64,379.0,11,988.16
p2_N2_S2.67,2470.0,48.34,36.0,1,227.86
p2_E_W.71,2037.0,460.01,339.0,11,931.78
p2_S2_N2.32,2120.0,396.65,290.0,11,760.16
p2_N2_S2.68,2480.0,40.57,29.0,1,222.99
p2_S2_N2.33,2130.0,394.59,281.0,8,771.28
p2_N2_S2.69,2490.0,32.72,20.0,1,209.39
p2_E_W.72,2040.0,458.34,330.0,11,926.03
p2_N2_S2.70,2500.0,26.63,13.0,1,204.01
p2_E_W.73,2043.0,463.37,326.0,11,935.67
p2_N2_S2.71,2510.0,18.4,5.0,1,191.53
p2_E_W.74,2046.0,459.53,322.0,12,947.26
p2_N2_S2.72,2520.0,8.85,0.0,0,168.99
p2_E_W.75,2049.0,460.73,317.0,12,942.3
p2_E_W.76,2052.0,457.47,312.0,11,939.81
p2_E_W.77,2055.0,458.28,305.0,12,939.19
p2_E_W.78,2058.0,457.02,304.0,13,946.06
p2_E_W.79,2061.0,455.72,298.0,12,928.28
p2_S2_N2.34,2140.0,391.25,273.0,11,748.76
p2_S2_N2.35,2150.0,385.15,260.0,10,745.76
p2_S2_N2.36,2160.0,380.86,248.0,10,751.35
p2_E_W.80,2064.0,442.15,292.0,13,893.27
p2_W_N1.0,2429.0,116.27,69.0,4,338.64
p2_N2_S2.73,2530.0,6.66,0.0,0,157.69
p2_N2_S2.74,2540.0,12.07,0.0,0,172.86
p2_E_S1.8,2067.0,466.91,302.0,12,946.47
p1_W_E.584,2347.0,188.3,120.0,6,534.65
p2_N1_S1.69,2490.0,68.34,37.0,1,268.83
p1_W_E.585,2350.0,188.53,115.0,6,548.36
p2_S1_N1.71,2510.0,46.23,34.0,1,226.57
p2_S1_N1.72,2520.0,41.83,29.0,1,228.73
p2_S1_N1.73,2530.0,33.57,19.0,1,214.11
p2_S1_N1.74,2540.0,25.32,11.0,1,199.99
p2_S1_N1.75,2550.0,17.0,4.0,1,184.41
p2_S1_N1.76,2560.0,8.73,0.0,0,175.0
p2_N1_S1.70,2500.0,74.45,42.0,2,278.86
p1_W_E.586,2353.0,164.9,113.0,5,480.43
p2_N1_S1.71,2510.0,66.5,42.0,2,257.11
p1_W_E.587,2356.0,197.88,111.0,5,491.33
p2_S1_N1.77,2570.0,5.51,0.0,0,149.44
p2_N1_S1.72,2520.0,58.18,38.0,2,251.34
p1_W_E.588,2359.0,198.94,104.0,5,503.75
p2_N1_E.21,2433.0,126.09,77.0,4,419.7
p1_W_S2.59,2395.0,152.96,95.0,4,460.85
p2_N1_E.22,2463.0,86.72,51.0,3,339.88
p2_N1_S1.73,2530.0,53.43,30.0,2,240.85
p1_W_E.589,2362.0,199.22,118.0,5,521.1
p2_S1_N1.78,2580.0,4.91,0.0,0,152.52
p1_W_E.590,2365.0,200.08,118.0,5,526.52
p1_W_E.591,2399.0,160.28,93.0,4,471.85
p1_W_E.592,2402.0,163.96,90.0,4,485.84
p1_W_E.593,2405.0,165.58,85.0,4,501.08
p2_N1_S1.74,2540.0,39.67,19.0,2,217.42
p2_N1_S1.75,2550.0,43.55,12.0,2,226.49
p1_W_E.594,2408.0,158.32,86.0,4,469.11
p2_E_W.81,2070.0,503.82,332.0,13,1002.87
p1_W_E.595,2411.0,152.26,86.0,4,470.46
p2_E_W.82,2073.0,502.88,328.0,13,990.42
p1_W_E.596,2414.0,162.54,88.0,5,490.07
p2_E_W.83,2075.0,501.6,323.0,13,983.83
p1_W_E.597,2417.0,161.31,88.0,4,502.14
p1_W_E.598,2420.0,159.47,83.0,4,501.18
p2_S2_W.8,2043.0,536.03,413.0,13,1062.95
p2_S2_W.9,2073.0,507.89,367.0,13,1017.38
p1_W_E.599,2423.0,149.88,84.0,4,464.75
p2_W_E.0,2426.0,158.09,83.0,4,463.31
p2_S2_W.10,2103.0,479.44,329.0,13,966.42
p2_E_W.84,2078.0,507.08,336.0,11,1005.45
p2_W_E.1,2432.0,153.67,80.0,4,491.89
p2_W_E.2,2435.0,152.5,76.0,4,485.29
p2_E_W.85,2081.0,506.3,328.0,11,1003.76
p2_W_E.3,2438.0,151.25,74.0,4,483.02
p2_N1_E.23,2493.0,97.17,44.0,2,383.68
p2_E_W.86,2084.0,501.47,325.0,13,983.68
p2_N2_S2.75,2550.0,58.25,48.0,1,252.6
p2_N1_E.24,2523.0,69.13,35.0,2,328.77
p2_N2_S2.76,2560.0,53.73,41.0,1,237.77
p2_E_W.87,2087.0,506.58,321.0,11,986.33
p2_N2_S2.77,2570.0,43.54,32.0,1,228.47
p2_E_W.88,2090.0,505.37,321.0,13,1011.32
p2_E_W.89,2093.0,504.12,314.0,12,990.46
p2_N2_S2.78,2580.0,38.01,24.0,1,219.69
p2_E_W.90,2096.0,502.75,309.0,13,998.26
p2_N2_S2.79,2590.0,29.88,15.0,1,214.33
p2_N2_S2.80,2600.0,21.52,8.0,1,207.82
p2_N2_S2.81,2610.0,12.5,0.0,0,190.3
p2_W_N1.1,2466.0,158.58,101.0,4,415.46
p2_E_S1.9,2099.0,504.87,308.0,12,1013.37
p2_N2_S2.82,2620.0,5.63,0.0,0,152.0
p2_S1_N1.79,2590.0,38.77,28.0,1,220.22
p2_N1_S1.76,2560.0,65.61,35.0,3,258.1
p2_N1_S1.77,2570.0,63.47,35.0,2,271.54
p2_S1_N1.80,2600.0,26.37,16.0,1,194.24
p2_N1_S1.78,2580.0,49.05,31.0,1,231.2
p2_N2_S2.83,2630.0,5.46,0.0,0,148.43
p2_S1_N1.81,2610.0,23.66,9.0,1,194.3
p2_S1_N1.82,2620.0,15.94,0.0,0,189.05
p2_S1_N1.83,2630.0,10.18,0.0,0,169.29
p2_S2_N2.37,2170.0,470.92,327.0,10,888.29
p2_S2_N2.38,2180.0,461.17,320.0,12,852.84
p2_N1_S1.79,2590.0,49.1,29.0,1,235.87
p2_S2_N2.39,2190.0,456.12,311.0,12,851.85
p2_N1_S1.80,2600.0,44.12,25.0,1,231.28
p2_N2_S2.84,2640.0,6.25,0.0,0,153.74
p2_N1_S1.81,2610.0,37.92,18.0,1,231.71
p2_S2_N2.40,2200.0,448.4,296.0,10,830.74
p2_S1_N1.84,2640.0,6.08,0.0,0,158.89
p2_S2_N2.41,2210.0,444.29,288.0,11,833.44
p2_N1_S1.82,2620.0,34.25,10.0,1,219.33
p2_N2_S2.85,2650.0,5.78,0.0,0,149.5
p2_N1_S1.83,2630.0,23.74,0.0,0,200.66
p2_S1_N1.85,2650.0,6.39,0.0,0,148.2
p2_S2_N2.42,2220.0,428.6,281.0,9,800.41
p2_N1_S1.84,2640.0,21.13,0.0,0,193.61
p2_S2_N2.43,2230.0,432.84,273.0,9,808.79
p2_S2_N2.44,2240.0,423.18,271.0,9,788.65
p2_E_W.91,2103.0,541.97,341.0,16,1048.34
p2_N2_S2.86,2660.0,6.6,0.0,0,156.36
p2_S2_N2.45,2250.0,416.46,274.0,10,796.5
p2_E_W.92,2106.0,541.3,340.0,14,1036.85
p2_E_W.93,2109.0,540.02,336.0,15,1037.03
p2_E_W.94,2112.0,534.54,338.0,16,1036.35
p2_E_W.95,2115.0,534.37,330.0,17,1019.62
p2_E_W.96,2118.0,538.98,324.0,12,1033.05
p2_E_W.97,2121.0,537.7,321.0,13,1034.87
p2_E_W.98,2124.0,534.36,317.0,13,1035.82
p2_N1_E.25,2553.0,83.65,52.0,2,348.55
p2_W_E.4,2441.0,219.55,138.0,5,561.27
p2_N1_E.26,2583.0,80.24,40.0,3,370.63
p2_S2_N2.46,2260.0,427.27,277.0,10,800.24
p2_N1_E.27,2613.0,52.17,15.0,1,325.23
p2_N2_S2.87,2670.0,14.4,2.0,1,178.71
p2_E_W.99,2127.0,522.23,315.0,14,1006.75
p2_N2_S2.88,2680.0,10.7,0.0,0,177.44
p2_W_N1.2,2481.0,208.98,140.0,6,479.14
p2_E_W.100,2130.0,522.72,314.0,14,994.49
p2_E_S1.10,2133.0,536.86,317.0,13,1012.77
p2_N1_S1.85,2650.0,44.58,26.0,1,227.13
p2_N1_S1.86,2660.0,36.78,25.0,1,218.2
p2_S1_N1.86,2660.0,32.59,23.0,1,203.16
p2_N2_S2.89,2690.0,5.92,0.0,0,151.85
p2_S2_N2.47,2270.0,411.26,274.0,8,774.51
p2_S1_N1.87,2670.0,26.77,16.0,1,207.54
p2_S2_N2.48,2280.0,419.28,268.0,8,780.69
p2_S2_N2.49,2290.0,411.67,252.0,10,768.82
p2_N1_S1.87,2670.0,24.98,13.0,1,191.69
p2_S1_N1.88,2680.0,13.99,3.0,1,178.1
p2_S2_N2.50,2300.0,403.51,245.0,9,740.48
p2_S1_N1.89,2690.0,6.63,0.0,0,164.11
p2_N1_S1.88,2680.0,25.29,8.0,1,199.02
p2_N2_S2.90,2700.0,5.49,0.0,0,146.66
p2_S2_N2.51,2310.0,396.03,227.0,8,730.28
p2_S1_N1.90,2700.0,5.87,0.0,0,147.25
p2_N1_S1.89,2690.0,17.32,1.0,1,195.03
p2_N1_S1.90,2700.0,7.93,0.0,0,162.61
p2_N2_S2.91,2710.0,5.39,0.0,0,150.52
p2_S2_N2.52,2320.0,387.99,220.0,8,731.15
p2_N1_S1.91,2710.0,5.97,0.0,0,152.41
p2_S1_N1.91,2710.0,5.88,0.0,0,150.31
p2_S2_N2.53,2330.0,376.31,212.0,7,702.47
p2_S2_N2.54,2340.0,383.31,209.0,9,713.71
p2_S2_N2.55,2350.0,374.88,203.0,6,716.16
p2_N2_S2.92,2720.0,5.65,0.0,0,146.13
p2_S2_N2.56,2360.0,366.76,203.0,6,703.54
p2_S2_W.11,2133.0,572.5,394.0,15,1092.56
p2_S2_N2.57,2370.0,358.38,202.0,7,702.09
p2_E_W.101,2202.0,501.89,311.0,11,991.02
p2_N1_E.28,2643.0,68.99,44.0,1,327.34
p2_E_W.102,2220.0,481.84,307.0,9,956.62
p2_E_W.103,2224.0,490.16,303.0,9,975.54
p2_E_W.104,2227.0,491.12,300.0,13,980.85
p2_E_W.105,2234.0,472.87,295.0,11,936.75
p2_E_W.106,2285.0,439.03,255.0,9,875.6
p2_W_E.5,2469.0,229.48,173.0,7,574.71
p2_W_E.6,2472.0,254.36,168.0,6,605.69
p2_E_W.107,2291.0,418.76,253.0,8,840.35
p2_W_E.7,2475.0,253.13,168.0,7,596.42
p2_E_W.108,2299.0,421.74,251.0,8,851.97
p2_W_E.8,2478.0,251.88,165.0,6,622.4
p2_E_W.109,2323.0,406.71,244.0,8,835.51
p2_S2_N2.58,2380.0,372.09,216.0,7,695.09
p2_N2_S2.93,2730.0,22.75,11.0,1,196.18
p2_E_W.110,2377.0,355.05,208.0,8,762.42
p2_N1_E.29,2673.0,58.01,24.0,2,341.33
p2_S2_N2.59,2390.0,364.42,212.0,7,690.23
p2_N2_S2.94,2740.0,14.58,2.0,1,184.93
p2_N1_E.30,2703.0,27.67,4.0,1,280.38
p2_S2_N2.60,2442.0,314.31,172.0,8,620.97
p2_N2_S2.95,2750.0,5.89,0.0,0,155.81
p2_W_N1.3,2496.0,256.23,174.0,8,568.87
p2_E_S1.11,2381.0,351.85,210.0,8,745.71
p2_S1_N1.92,2720.0,39.49,28.0,1,221.7
p2_N1_S1.92,2720.0,38.37,27.0,1,212.15
p2_S2_N2.61,2463.0,294.6,163.0,5,581.35
p2_N1_S1.93,2730.0,34.49,22.0,1,216.25
p2_S1_N1.93,2730.0,30.64,19.0,1,205.86
p2_S2_N2.62,2469.0,297.14,163.0,5,594.03
p2_S1_N1.94,2740.0,26.19,13.0,1,212.22
p2_N2_S2.96,2760.0,5.9,0.0,0,153.28
p2_S1_N1.95,2750.0,17.93,4.0,1,206.02
p2_S1_N1.96,2760.0,9.16,0.0,0,180.3
p2_S2_N2.63,2476.0,283.4,160.0,6,570.01
p2_S2_N2.64,2540.0,233.06,125.0,6,506.51
p2_S2_N2.65,2544.0,230.77,121.0,4,498.97
p2_S2_N2.66,2547.0,229.39,122.0,3,506.59
p2_S1_N1.97,2770.0,5.68,0.0,0,147.8
p2_N2_S2.97,2770.0,7.08,0.0,0,146.22
p2_N1_S1.94,2740.0,31.77,15.0,2,208.6
p2_N1_S1.95,2750.0,29.66,6.0,2,201.14
p2_N1_S1.96,2760.0,20.56,0.0,0,190.12
p2_S2_N2.67,2553.0,230.67,122.0,5,496.47
p2_S2_N2.68,2556.0,229.53,119.0,3,491.16
p2_S2_N2.69,2559.0,228.29,120.0,3,505.52
p2_E_W.111,2384.0,382.62,233.0,9,802.79
p2_N2_S2.98,2780.0,6.29,0.0,0,147.83
p2_S2_W.12,2163.0,599.54,417.0,15,1139.19
p2_S2_W.13,2193.0,580.48,387.0,14,1122.46
p2_S2_N2.70,2566.0,229.0,119.0,3,502.0
p2_N2_S2.99,2790.0,6.01,0.0,0,147.78
p2_S2_N2.71,2608.0,187.33,91.0,3,437.48
p2_S2_W.14,2223.0,539.47,347.0,14,1062.91
p2_S2_N2.72,2614.0,184.72,89.0,2,443.16
p2_S2_W.15,2253.0,524.88,335.0,12,1016.58
p2_E_W.112,2387.0,391.95,265.0,9,847.9
p2_E_W.113,2390.0,393.65,262.0,7,849.35
p2_W_E.9,2484.0,300.3,222.0,9,691.93
p2_E_W.114,2393.0,392.37,263.0,9,866.19
p2_W_E.10,2487.0,299.33,219.0,9,684.14
p2_W_E.11,2490.0,298.14,217.0,8,688.47
p2_E_W.115,2396.0,391.27,261.0,8,872.0
p2_S2_W.16,2283.0,505.43,312.0,13,1022.19
p2_W_E.12,2493.0,296.5,213.0,9,683.1
p2_S2_W.17,2313.0,475.59,272.0,10,971.45
p2_N1_E.31,2733.0,58.43,35.0,3,324.03
p2_S2_W.18,2343.0,448.77,244.0,7,927.46
p2_W_N1.4,2511.0,303.56,202.0,11,633.7
p2_S2_W.19,2373.0,420.88,237.0,9,895.87
p2_S1_N1.98,2780.0,34.82,21.0,1,213.17
p2_N1_E.32,2763.0,18.68,0.0,0,239.63
p2_N1_S1.97,2770.0,44.18,30.0,1,230.55
p2_N1_S1.98,2780.0,42.71,26.0,1,230.23
p2_S1_N1.99,2790.0,32.16,17.0,1,219.21
p2_W_E.13,2499.0,298.54,200.0,10,706.64
p2_N1_S1.99,2790.0,34.43,19.0,1,227.53
p2_S1_N1.100,2800.0,23.85,9.0,1,210.04
p2_W_E.14,2502.0,294.01,199.0,11,686.51
p2_S1_N1.101,2810.0,12.28,0.0,0,182.01
p2_W_E.15,2505.0,297.55,195.0,11,685.68
p2_W_E.16,2508.0,299.16,190.0,9,706.41
p2_S1_N1.102,2820.0,5.53,0.0,0,149.77
p2_N2_S2.100,2800.0,26.53,16.0,1,200.38
p2_N1_S1.100,2800.0,31.47,12.0,2,213.59
p2_N2_S2.101,2810.0,16.47,5.0,1,184.17
p2_N1_S1.101,2810.0,25.5,5.0,2,212.38
p2_N2_S2.102,2820.0,12.94,0.0,0,186.21
p2_S1_N1.103,2830.0,6.09,0.0,0,148.39
p2_N2_S2.103,2830.0,7.91,0.0,0,157.25
p2_N1_S1.102,2820.0,13.73,1.0,1,182.48
p2_N1_S1.103,2830.0,12.27,0.0,0,175.58
p2_S2_N2.73,2624.0,215.07,116.0,4,484.51
p2_N2_S2.104,2840.0,5.13,0.0,0,148.39
p2_S2_N2.74,2627.0,219.32,117.0,5,491.11
p2_S2_N2.75,2633.0,215.07,113.0,5,488.78
p2_E_W.116,2399.0,429.29,305.0,8,910.15
p2_S2_N2.76,2728.0,122.16,33.0,3,336.75
p2_E_W.117,2402.0,428.36,304.0,9,908.66
p2_S2_N2.77,2731.0,121.06,33.0,3,333.64
p2_E_W.118,2405.0,426.68,299.0,10,905.37
p2_N2_S2.105,2850.0,5.89,0.0,0,150.3
p2_E_W.119,2475.0,355.56,243.0,8,778.0
p2_S2_N2.78,2734.0,117.29,31.0,4,321.0
p2_E_W.120,2478.0,359.24,238.0,8,783.42
p2_S2_N2.79,2740.0,121.69,27.0,3,348.04
p2_W_N1.5,2542.0,323.05,201.0,13,668.63
p2_N2_S2.106,2860.0,5.34,0.0,0,143.96
p2_S2_N2.80,2743.0,114.18,26.0,4,332.46
p2_S2_N2.81,2746.0,126.35,25.0,3,339.46
p2_S2_N2.82,2752.0,122.22,26.0,3,341.62
p2_S2_N2.83,2755.0,118.55,25.0,3,325.8
p2_N2_S2.107,2870.0,6.14,0.0,0,147.39
p2_W_N1.6,2560.0,319.22,175.0,11,644.56
p2_S2_N2.84,2758.0,113.05,26.0,3,305.98
p2_S2_N2.85,2776.0,104.37,22.0,4,314.5
p2_N1_E.33,2793.0,71.26,46.0,3,336.89
p2_E_S1.12,2481.0,387.27,262.0,10,849.05
p2_N1_S1.104,2840.0,52.77,40.0,1,235.41
p2_S1_N1.104,2840.0,52.98,43.0,1,240.58
p2_N1_E.34,2823.0,32.53,15.0,1,271.62
p2_S1_N1.105,2850.0,45.03,32.0,1,227.38
p2_W_E.17,2514.0,356.65,233.0,12,777.04
p2_W_E.18,2517.0,349.1,229.0,13,760.08
p2_S1_N1.106,2860.0,34.49,21.0,1,208.85
p2_W_E.19,2535.0,341.12,213.0,13,747.05
p2_S1_N1.107,2870.0,30.3,16.0,1,209.01
p2_W_E.20,2539.0,341.42,211.0,12,752.2
p2_N1_S1.105,2850.0,38.35,23.0,1,218.46
p2_S1_N1.108,2880.0,22.01,8.0,1,200.39
p2_W_E.21,2545.0,331.87,195.0,12,737.59
p2_S1_N1.109,2890.0,10.96,0.0,0,167.24
p2_W_E.22,2548.0,323.68,186.0,11,720.88
p2_S1_N1.110,2900.0,6.66,0.0,0,152.76
p2_W_E.23,2551.0,335.11,188.0,14,737.54
p2_W_E.24,2554.0,327.55,186.0,13,746.81
p2_W_E.25,2557.0,319.71,179.0,9,692.22
p2_N1_S1.106,2860.0,53.02,30.0,2,238.14
p2_N1_S1.107,2870.0,41.53,19.0,2,218.01
p2_S1_N1.111,2910.0,5.68,0.0,0,144.02
p2_W_E.26,2563.0,312.65,179.0,12,681.44
p2_N1_S1.108,2880.0,39.21,14.0,2,232.05
p2_W_E.27,2566.0,332.87,173.0,11,692.47
p2_S2_N2.86,2780.0,138.22,56.0,4,375.79
p2_W_E.28,2569.0,331.91,175.0,12,696.29
p2_N2_S2.108,2880.0,37.37,25.0,1,214.83
p2_E_W.121,2484.0,419.68,289.0,10,891.43
p2_S2_W.20,2452.0,450.49,269.0,11,915.02
p2_S2_N2.87,2784.0,130.55,53.0,3,361.19
p2_S2_W.21,2530.0,378.22,227.0,8,796.5
p2_N2_S2.109,2890.0,22.93,12.0,1,194.68
p2_S2_W.22,2550.0,359.91,214.0,9,802.62
p2_N2_S2.110,2900.0,32.77,11.0,1,198.94
p2_S2_N2.88,2790.0,143.63,51.0,5,364.56
p2_S2_W.23,2562.0,349.56,197.0,8,765.04
p2_N2_S2.111,2910.0,22.3,2.0,1,202.01
p2_E_W.122,2487.0,426.97,308.0,8,893.37
p2_S2_N2.89,2793.0,142.58,51.0,4,370.81
p2_N2_S2.112,2920.0,14.69,0.0,0,182.45
p2_E_W.123,2490.0,422.93,302.0,8,879.02
p2_S2_N2.90,2796.0,141.81,48.0,5,380.91
p2_N2_S2.113,2930.0,6.26,0.0,0,157.31
p2_E_W.124,2493.0,421.26,299.0,8,875.22
p2_E_W.125,2496.0,417.47,298.0,10,854.44
p2_E_W.126,2499.0,420.72,297.0,9,873.04
p2_N2_S2.114,2940.0,4.97,0.0,0,155.44
p2_S2_N2.91,2802.0,136.62,46.0,5,373.77
p2_E_W.127,2502.0,423.45,295.0,11,880.06
p2_S2_N2.92,2805.0,142.53,43.0,3,383.23
p2_E_W.128,2509.0,416.51,293.0,10,875.24
p2_S2_N2.93,2808.0,141.3,43.0,3,398.15
p2_E_W.129,2512.0,411.57,291.0,9,853.71
p2_E_W.130,2517.0,414.0,285.0,10,855.26
p2_N2_S2.115,2950.0,5.65,0.0,0,153.58
p2_W_N1.7,2575.0,381.39,232.0,12,740.38
p2_E_S1.13,2524.0,417.52,293.0,11,866.1
p2_N1_S1.109,2890.0,76.03,46.0,3,284.79
p2_N2_S2.116,2960.0,6.1,0.0,0,148.89
p2_N1_S1.110,2900.0,66.84,41.0,2,262.32
p2_N1_S1.111,2910.0,59.43,38.0,1,248.6
p2_S1_N1.112,2920.0,39.91,27.0,1,214.31
p2_S2_N2.94,2814.0,159.58,59.0,5,394.06
p2_S1_N1.113,2930.0,43.95,23.0,1,235.82
p2_S2_N2.95,2817.0,158.3,59.0,5,388.74
p2_S1_N1.114,2940.0,35.71,16.0,1,222.15
p2_N2_S2.117,2970.0,6.46,0.0,0,149.12
p2_S1_N1.115,2950.0,27.48,6.0,1,213.32
p2_S1_N1.116,2960.0,15.74,0.0,0,194.59
p2_S2_N2.96,2820.0,154.96,54.0,5,387.61
p2_S1_N1.117,2970.0,11.01,0.0,0,180.88
p2_W_E.29,2572.0,388.76,232.0,12,793.64
p2_N1_S1.112,2920.0,62.19,39.0,2,252.27
p2_N1_S1.113,2930.0,54.2,34.0,2,243.48
p2_S1_N1.118,2980.0,5.44,0.0,0,152.68
p2_N1_S1.114,2940.0,46.02,24.0,2,236.7
p2_N1_S1.115,2950.0,41.28,14.0,1,225.85
p2_N1_E.35,2853.0,97.23,72.0,3,363.87
p2_N1_E.36,2883.0,88.82,49.0,3,355.24
p2_W_E.30,2578.0,387.99,224.0,14,812.23
p2_N1_S1.116,2960.0,28.69,4.0,1,202.31
p2_S1_N1.119,2990.0,5.92,0.0,0,154.39
p2_N1_S1.117,2970.0,28.95,0.0,0,210.6
p2_N2_S2.118,2980.0,7.63,0.0,0,152.2
p2_S2_N2.97,2839.0,166.86,66.0,6,406.69
p2_N2_S2.119,2990.0,10.82,0.0,0,161.19
p2_S2_N2.98,2843.0,164.58,66.0,6,404.88
p2_N2_S2.120,3000.0,7.56,0.0,0,156.12
p2_S2_N2.99,2846.0,163.6,64.0,6,390.94
p2_S2_W.24,2620.0,351.05,224.0,10,774.05
p2_S2_N2.100,2852.0,161.89,60.0,6,391.3
p2_S2_N2.101,2855.0,160.63,58.0,6,400.84
p2_N2_S2.121,3010.0,5.46,0.0,0,158.99
p2_S2_W.25,2725.0,268.75,129.0,8,632.84
p2_S2_N2.102,2858.0,159.6,54.0,6,393.17
p2_S2_W.26,2737.0,253.28,113.0,8,621.54
p2_S2_W.27,2749.0,247.16,109.0,8,602.94
p2_S2_W.28,2764.0,231.99,103.0,9,571.05
p2_E_W.131,2565.0,436.48,317.0,9,923.94
p2_S2_N2.103,2864.0,157.12,53.0,5,388.77
p2_E_W.132,2568.0,435.35,316.0,9,914.47
p2_S2_N2.104,2867.0,156.27,50.0,4,395.97
p2_N2_S2.122,3020.0,6.17,0.0,0,150.03
p2_E_W.133,2571.0,424.74,313.0,8,885.08
p2_E_W.134,2574.0,433.15,307.0,10,908.18
p2_E_W.135,2577.0,431.88,311.0,10,919.26
p2_E_W.136,2580.0,430.7,308.0,11,918.06
p2_S2_N2.105,2870.0,150.14,49.0,5,384.92
p2_E_W.137,2583.0,429.35,303.0,9,919.89
p2_E_W.138,2586.0,428.06,296.0,9,897.15
p2_S2_N2.106,2876.0,158.91,46.0,4,400.96
p2_S2_N2.107,2879.0,157.57,44.0,5,404.59
p2_N2_S2.123,3030.0,6.21,0.0,0,151.56
p2_E_W.139,2589.0,421.89,297.0,9,874.42
p2_S2_N2.108,2882.0,156.26,45.0,4,408.22
p2_E_W.140,2592.0,425.72,292.0,8,911.28
p2_W_N1.8,2614.0,426.58,253.0,14,799.43
p2_E_S1.14,2595.0,425.45,291.0,11,901.21
p2_N1_E.37,2913.0,108.9,77.0,3,391.83
p2_N1_S1.118,2980.0,64.6,41.0,1,267.68
p2_S1_N1.120,3000.0,45.24,34.0,1,227.64
p2_S1_N1.121,3010.0,37.3,24.0,1,218.28
p2_N1_E.38,2943.0,74.81,45.0,3,337.9
p2_N1_S1.119,2990.0,53.86,40.0,1,245.66
p2_S1_N1.122,3020.0,28.13,16.0,1,205.37
p2_N1_E.39,2973.0,53.88,19.0,1,315.53
p2_S1_N1.123,3030.0,21.5,6.0,1,199.84
p2_W_E.31,2581.0,449.36,273.0,14,900.0
p2_W_E.32,2608.0,424.01,256.0,14,873.83
p2_N1_S1.120,3000.0,42.58,32.0,1,223.07
p2_W_E.33,2611.0,422.8,248.0,16,862.55
p2_S1_N1.124,3040.0,9.98,0.0,0,172.23
p2_S1_N1.125,3050.0,6.36,0.0,0,157.49
p2_N1_S1.121,3010.0,51.31,34.0,2,236.96
p2_S2_N2.109,2890.0,171.99,59.0,7,419.19
p2_N1_S1.122,3020.0,43.24,24.0,2,228.71
p2_N2_S2.124,3040.0,19.02,7.0,1,194.87
p2_N1_S1.123,3030.0,35.55,16.0,2,221.01
p2_N2_S2.125,3050.0,11.65,0.0,0,172.43
p2_S2_N2.110,2900.0,159.83,54.0,5,409.11
p2_N2_S2.126,3060.0,7.88,0.0,0,158.02
p2_S2_N2.111,2910.0,159.19,49.0,4,391.95
p2_S1_N1.126,3060.0,5.78,0.0,0,151.0
p2_N1_S1.124,3040.0,31.46,8.0,2,210.7
p2_S2_N2.112,2930.0,137.9,45.0,4,363.82
p2_S2_N2.113,2933.0,140.32,45.0,5,368.47
p2_S2_N2.114,2940.0,134.81,44.0,6,359.34
p2_N1_S1.125,3050.0,20.21,0.0,0,186.65
p2_N1_S1.126,3060.0,17.82,0.0,0,197.27
p2_E_W.141,2598.0,460.24,324.0,10,943.76
p2_N2_S2.127,3070.0,5.89,0.0,0,151.85
p2_E_W.142,2601.0,460.27,318.0,9,962.36
p2_S2_N2.115,2950.0,136.09,43.0,6,375.08
p2_E_W.143,2604.0,462.0,318.0,10,952.26
p2_E_W.144,2607.0,460.74,318.0,10,943.73
p2_S2_N2.116,2960.0,126.73,40.0,7,364.4
p2_N2_S2.128,3080.0,5.58,0.0,0,151.07
p2_E_W.145,2610.0,457.63,311.0,10,931.08
p2_S2_N2.117,2970.0,120.84,28.0,6,362.44
p2_S2_W.29,2787.0,276.86,142.0,8,657.27
p2_S2_W.30,2799.0,275.66,131.0,6,672.13
p2_S2_N2.118,2980.0,112.45,19.0,5,332.66
p2_N2_S2.129,3090.0,6.25,0.0,0,155.32
p2_S2_N2.119,2990.0,107.75,16.0,4,314.94
p2_S2_W.31,2811.0,265.52,126.0,8,658.74
p2_S2_N2.120,3000.0,98.7,13.0,2,304.79
p2_S2_N2.121,3010.0,93.01,12.0,2,306.25
p2_E_W.146,2613.0,447.88,339.0,8,914.39
p2_N1_E.40,3003.0,84.66,58.0,3,354.0
p2_E_W.147,2616.0,465.14,337.0,8,935.6
p2_N1_E.41,3033.0,53.55,25.0,3,310.34
p2_E_W.148,2619.0,472.28,330.0,8,950.61
p2_E_W.149,2652.0,441.07,305.0,7,895.77
p2_W_N1.9,2629.0,485.51,300.0,18,884.99
p2_E_W.150,2655.0,439.7,307.0,9,891.56
p2_S2_W.32,2823.0,264.34,125.0,9,632.11
p2_S2_W.33,2849.0,246.93,109.0,8,615.85
p2_N1_E.42,3063.0,14.73,0.0,0,223.51
p2_S1_N1.127,3070.0,44.24,31.0,2,224.81
p2_W_E.34,2617.0,483.37,290.0,14,932.47
p2_N1_S1.127,3070.0,42.81,29.0,1,212.96
p2_S1_N1.128,3080.0,42.87,25.0,1,221.57
p2_W_E.35,2620.0,483.0,290.0,17,947.13
p2_S1_N1.129,3090.0,34.51,17.0,1,219.64
p2_N1_S1.128,3080.0,43.36,25.0,1,217.1
p2_W_E.36,2623.0,468.65,282.0,15,920.1
p2_S1_N1.130,3100.0,22.43,6.0,1,203.9
p2_W_E.37,2626.0,480.76,281.0,17,940.88
p2_S2_N2.122,3020.0,107.94,27.0,3,338.72
p2_N2_S2.130,3100.0,26.54,15.0,1,203.83
p2_S1_N1.131,3110.0,18.15,1.0,1,205.65
p2_N2_S2.131,3110.0,19.63,8.0,1,194.57
p2_S1_N1.132,3120.0,7.49,0.0,0,160.56
p2_N1_S1.129,3090.0,21.97,8.0,1,185.39
p2_S2_N2.123,3030.0,97.1,26.0,3,313.97
p2_N2_S2.132,3120.0,10.06,0.0,0,171.94
p2_N1_S1.130,3100.0,33.89,9.0,2,210.52
p2_N1_S1.131,3110.0,24.16,6.0,2,204.28
p2_N2_S2.133,3130.0,6.02,0.0,0,152.57
p2_N1_S1.132,3120.0,18.26,3.0,1,191.63
p2_S1_N1.133,3130.0,6.16,0.0,0,151.17
p2_S2_N2.124,3040.0,101.63,26.0,3,332.64
p2_N1_S1.133,3130.0,9.62,0.0,0,169.27
p2_S2_N2.125,3050.0,90.14,23.0,3,304.08
p2_S2_W.34,2861.0,265.39,128.0,8,635.91
p2_S2_N2.126,3060.0,84.93,22.0,3,315.79
p2_S2_W.35,2873.0,254.98,111.0,7,622.32
p2_S2_W.36,2885.0,245.07,100.0,7,606.33
p2_N2_S2.134,3140.0,6.29,0.0,0,153.42
p2_W_N1.10,2644.0,513.68,305.0,18,929.77
p2_S2_N2.127,3070.0,81.26,24.0,4,298.29
p2_N2_S2.135,3150.0,6.34,0.0,0,156.95
p2_S2_N2.128,3080.0,84.87,21.0,4,310.55
p2_S2_N2.129,3090.0,76.67,19.0,4,302.36
p2_N2_S2.136,3160.0,5.87,0.0,0,158.17
p2_W_N1.11,2685.0,479.95,274.0,19,861.71
p2_N1_E.43,3093.0,56.54,26.0,3,311.34
p2_N1_E.44,3123.0,34.37,10.0,2,271.42
p2_W_E.38,2632.0,527.86,329.0,20,1024.6
p2_W_N1.12,2775.0,406.95,219.0,17,765.33
p2_W_E.39,2635.0,526.56,324.0,22,1019.06
p2_E_S1.15,2658.0,500.64,374.0,10,1003.26
p2_W_E.40,2638.0,515.46,320.0,24,999.74
p2_N1_S1.134,3140.0,45.47,34.0,1,220.91
p2_W_E.41,2641.0,518.72,318.0,21,1012.39
p2_S1_N1.134,3140.0,46.23,33.0,1,224.08
p2_N1_S1.135,3150.0,40.06,27.0,1,234.88
p2_S1_N1.135,3150.0,40.73,28.0,1,228.26
p2_S1_N1.136,3160.0,33.78,18.0,1,227.94
p2_S1_N1.137,3170.0,25.49,10.0,1,210.01
p2_W_E.42,2647.0,508.49,302.0,23,967.65
p2_S1_N1.138,3180.0,17.22,1.0,1,197.53
p2_W_E.43,2650.0,516.44,298.0,22,970.69
p2_S2_N2.130,3100.0,98.91,37.0,4,320.09
p2_N2_S2.137,3170.0,29.11,18.0,1,205.88
p2_S1_N1.139,3190.0,6.74,0.0,0,151.8
p2_W_E.44,2653.0,519.86,297.0,20,987.44
p2_S2_N2.131,3110.0,90.26,37.0,3,302.54
p2_N2_S2.138,3180.0,20.99,9.0,1,198.57
p2_S2_N2.132,3120.0,82.98,35.0,3,280.59
p2_E_W.151,2662.0,516.63,388.0,10,1027.35
p2_E_W.152,2665.0,515.15,380.0,10,1017.52
p2_N2_S2.139,3190.0,7.5,0.0,0,160.95
p2_E_W.153,2668.0,522.05,374.0,10,1035.35
p2_N2_S2.140,3200.0,11.55,0.0,0,171.17
p2_W_E.45,2656.0,532.76,309.0,21,994.97
p2_E_W.154,2671.0,517.85,373.0,11,1035.34
p2_W_E.46,2693.0,496.31,281.0,22,958.18
p2_E_W.155,2674.0,512.79,370.0,12,1013.71
p2_W_E.47,2755.0,440.23,241.0,18,879.73
p2_E_W.156,2677.0,510.99,364.0,12,1007.99
p2_W_E.48,2759.0,437.95,232.0,20,875.3
p2_S2_W.37,2923.0,268.7,132.0,8,624.78
p2_W_E.49,2762.0,436.58,232.0,18,891.92
p2_S2_W.38,2943.0,255.62,120.0,12,626.97
p2_W_E.50,2767.0,432.58,231.0,20,870.02
p2_S2_W.39,2973.0,226.89,90.0,10,583.62
p2_S2_W.40,3003.0,195.48,69.0,7,541.69
p2_E_W.157,2680.0,523.32,375.0,11,1047.59
p2_S2_N2.133,3130.0,99.24,50.0,3,318.59
p2_E_W.158,2683.0,513.87,375.0,11,1015.37
p2_N2_S2.141,3210.0,19.88,7.0,1,182.07
p2_W_N1.13,2834.0,396.61,216.0,16,758.16
p2_N2_S2.142,3220.0,11.73,1.0,1,171.81
p2_E_W.159,2686.0,522.99,371.0,11,1021.16
p2_S2_N2.134,3140.0,90.18,43.0,3,296.14
p2_S1_N1.140,3200.0,33.51,22.0,1,212.48
p2_N1_S1.136,3160.0,74.06,53.0,3,278.6
p2_N1_S1.137,3170.0,66.92,42.0,3,261.32
p2_S1_N1.141,3210.0,23.73,11.0,1,193.66
p2_N1_S1.138,3180.0,58.61,33.0,3,252.29
p2_S1_N1.142,3220.0,19.03,5.0,1,193.86
p2_N2_S2.143,3230.0,6.67,0.0,0,154.43
p2_S1_N1.143,3230.0,10.9,0.0,0,180.08
p2_S2_N2.135,3150.0,75.95,36.0,2,275.77
p2_N1_S1.139,3190.0,52.76,28.0,2,239.07
p2_N1_S1.140,3200.0,45.09,25.0,2,235.16
p2_N2_S2.144,3240.0,5.27,0.0,0,150.69
p2_S1_N1.144,3240.0,5.84,0.0,0,154.93
p2_N1_S1.141,3210.0,33.34,19.0,1,202.34
p2_N1_S1.142,3220.0,30.53,14.0,1,205.2
p2_S2_N2.136,3160.0,91.41,42.0,3,293.76
p2_N1_S1.143,3230.0,24.09,6.0,1,202.2
p2_S2_N2.137,3170.0,85.97,37.0,3,284.48
p2_S2_N2.138,3180.0,75.99,37.0,3,277.57
p2_N2_S2.145,3250.0,6.54,0.0,0,144.38
p2_S1_N1.145,3250.0,6.55,0.0,0,148.04
p2_S2_N2.139,3190.0,70.87,31.0,4,268.1
p2_N1_S1.144,3240.0,9.29,0.0,0,161.84
p2_E_W.160,2762.0,481.46,336.0,11,955.72
p2_N1_E.45,3153.0,84.35,62.0,3,352.3
p2_W_E.51,2816.0,436.13,245.0,18,861.28
p2_W_N1.14,2896.0,378.17,206.0,13,714.38
p2_W_E.52,2819.0,434.95,239.0,19,869.77
p2_W_E.53,2822.0,433.61,242.0,17,872.45
p2_W_E.54,2826.0,431.52,243.0,17,891.31
p2_N1_E.46,3183.0,75.87,39.0,4,361.07
p2_N1_E.47,3213.0,45.79,18.0,1,320.19
p2_N2_S2.146,3260.0,25.57,13.0,1,196.15
p2_W_N1.15,2952.0,330.84,181.0,14,660.08
p2_N2_S2.147,3270.0,15.52,5.0,1,176.34
p2_S2_N2.140,3200.0,80.77,42.0,4,276.47
p2_N2_S2.148,3280.0,11.36,0.0,0,191.27
p2_S2_N2.141,3210.0,72.69,33.0,3,269.95
p2_W_N1.16,2969.0,325.24,170.0,12,658.16
p2_N2_S2.149,3290.0,5.11,0.0,0,149.19
p2_S2_N2.142,3220.0,70.12,30.0,3,261.58
p2_S2_N2.143,3230.0,71.01,29.0,3,273.36
p2_N1_E.48,3243.0,38.54,14.0,2,287.72
p2_W_N1.17,2984.0,320.23,155.0,13,637.98
p2_S1_N1.146,3260.0,49.07,38.0,1,226.81
p2_W_E.55,2876.0,400.4,231.0,13,819.61
p2_S1_N1.147,3270.0,40.76,30.0,1,237.82
p2_W_E.56,2880.0,409.96,230.0,13,825.83
p2_E_S1.16,2765.0,510.85,365.0,12,1004.5
p2_S1_N1.148,3280.0,32.75,20.0,1,216.58
p2_W_E.57,2883.0,408.69,226.0,16,839.66
p2_N1_S1.145,3250.0,62.99,43.0,1,261.01
p2_N1_S1.146,3260.0,51.49,38.0,1,238.03
p2_S1_N1.149,3290.0,24.55,10.0,1,201.66
p2_W_E.58,2888.0,405.38,220.0,16,825.78
p2_W_E.59,2938.0,357.05,193.0,13,758.96
p2_N1_S1.147,3270.0,46.45,30.0,1,235.57
p2_W_E.60,2941.0,355.8,187.0,11,752.55
p2_W_E.61,2944.0,351.72,187.0,12,740.51
p2_W_E.62,2948.0,352.4,185.0,14,747.88
p2_W_E.63,2956.0,337.39,185.0,14,719.18
p2_S1_N1.150,3300.0,11.51,0.0,0,167.35
p2_W_E.64,2960.0,344.71,182.0,13,730.05
p2_E_W.161,2769.0,536.31,381.0,14,1053.21
p2_W_E.65,2963.0,343.38,182.0,15,724.1
p2_W_E.66,2966.0,342.02,178.0,13,718.93
p2_W_E.67,2972.0,337.71,170.0,13,740.7
p2_E_W.162,2777.0,525.22,377.0,12,1041.65
p2_S2_W.41,3033.0,275.43,147.0,9,668.15
p2_W_E.68,2975.0,326.37,168.0,13,715.18
p2_S2_W.42,3063.0,247.58,133.0,12,642.73
p2_S2_W.43,3093.0,221.28,117.0,9,588.34
p2_S2_N2.144,3240.0,96.43,51.0,5,311.3
p2_E_W.163,2821.0,492.56,356.0,13,1004.71
p2_E_W.164,2825.0,493.61,350.0,11,1011.86
p2_N2_S2.150,3300.0,32.99,21.0,1,202.41
p2_E_W.165,2828.0,491.51,346.0,11,995.7
p2_N2_S2.151,3310.0,27.04,16.0,1,214.68
p2_E_W.166,2831.0,486.07,337.0,12,976.27
p2_N2_S2.152,3320.0,23.09,8.0,1,223.74
p2_E_W.167,2834.0,490.29,340.0,12,974.32
p2_N2_S2.153,3330.0,15.85,0.0,0,216.84
p2_N2_S2.154,3340.0,7.54,0.0,0,162.49
p2_W_N1.18,3114.0,230.05,115.0,11,502.61
p2_N1_S1.148,3280.0,66.75,48.0,2,258.59
p2_N1_S1.149,3290.0,63.93,38.0,2,277.84
p2_S2_N2.145,3250.0,105.46,59.0,4,311.66
p2_N1_S1.150,3300.0,54.97,30.0,2,249.86
p2_S1_N1.151,3310.0,30.47,18.0,1,203.41
p2_S2_N2.146,3260.0,96.19,56.0,3,311.35
p2_S2_N2.147,3270.0,89.64,55.0,3,285.88
p2_S1_N1.152,3320.0,29.98,15.0,1,204.17
p2_S1_N1.153,3330.0,31.13,11.0,1,215.93
p2_N1_S1.151,3310.0,52.78,23.0,1,242.81
p2_S1_N1.154,3340.0,23.0,3.0,1,199.69
p2_N1_S1.152,3320.0,44.63,22.0,1,222.24
p2_S1_N1.155,3350.0,13.24,0.0,0,173.75
p2_W_E.69,2978.0,359.06,193.0,13,781.57
p2_N1_S1.153,3330.0,34.66,17.0,1,210.32
p2_W_E.70,2981.0,361.93,188.0,11,765.58
p2_N1_E.49,3272.0,76.96,48.0,3,365.91
p2_S1_N1.156,3360.0,6.71,0.0,0,146.83
p2_W_E.71,3022.0,324.75,167.0,14,711.22
p2_N1_S1.154,3340.0,34.66,11.0,1,216.86
p2_W_E.72,3053.0,300.36,153.0,11,686.43
p2_S1_N1.157,3370.0,5.83,0.0,0,149.32
p2_N1_S1.155,3350.0,27.11,3.0,1,214.13
p2_W_E.73,3096.0,249.38,119.0,10,592.81
p2_W_E.74,3099.0,250.57,119.0,12,592.77
p2_W_E.75,3103.0,257.05,115.0,11,606.0
p2_N1_S1.156,3360.0,15.95,0.0,0,180.38
p2_E_W.168,2837.0,528.86,376.0,15,1042.24
p2_N2_S2.155,3350.0,28.21,16.0,1,203.84
p2_N2_S2.156,3360.0,28.58,14.0,1,202.56
p2_E_W.169,2842.0,526.37,369.0,12,1042.57
p2_N2_S2.157,3370.0,20.4,5.0,1,200.55
p2_E_W.170,2894.0,473.81,329.0,13,976.26
p2_N2_S2.158,3380.0,12.09,0.0,0,179.97
p2_W_N1.19,3193.0,203.0,102.0,9,464.79
p2_S2_N2.148,3280.0,111.28,72.0,5,323.34
p2_N2_S2.159,3390.0,6.24,0.0,0,148.73
p2_S2_N2.149,3290.0,105.33,60.0,5,320.69
p2_S2_N2.150,3300.0,100.57,55.0,4,313.34
p2_S2_N2.151,3310.0,93.17,51.0,4,300.62
p2_S2_N2.152,3320.0,85.47,41.0,4,292.85
p2_S2_N2.153,3330.0,77.23,36.0,4,269.95
p2_W_N1.20,3249.0,154.74,68.0,7,397.27
p2_W_N1.21,3264.0,153.0,60.0,7,408.82
p2_N2_S2.160,3400.0,6.42,0.0,0,155.63
p2_E_S1.17,2899.0,497.5,354.0,14,1009.02
p2_N1_E.50,3303.0,85.91,54.0,4,354.78
p2_S1_N1.158,3380.0,46.0,35.0,1,229.94
p2_N1_S1.157,3370.0,56.73,37.0,1,240.55
p2_N1_E.51,3333.0,57.61,29.0,2,312.54
p2_N1_S1.158,3380.0,49.25,35.0,1,235.94
p2_N1_E.52,3363.0,33.99,11.0,1,286.53
p2_W_E.76,3171.0,238.95,125.0,9,587.87
p2_N1_S1.159,3390.0,36.84,25.0,1,210.06
p2_W_E.77,3174.0,237.68,114.0,10,586.05
p2_W_E.78,3177.0,228.25,111.0,11,588.67
p2_S1_N1.159,3390.0,31.85,20.0,1,209.47
p2_W_E.79,3183.0,225.23,109.0,9,582.5
p2_S1_N1.160,3400.0,35.27,17.0,1,220.72
p2_W_E.80,3237.0,180.17,81.0,8,518.62
p2_W_E.81,3240.0,178.14,74.0,6,511.3
p2_S1_N1.161,3410.0,13.45,0.0,0,173.53
p2_W_E.82,3243.0,175.29,73.0,7,492.56
p2_S2_N2.154,3340.0,103.51,52.0,6,325.92
p2_N1_S1.160,3400.0,41.07,24.0,2,221.57
p2_N2_S2.161,3410.0,32.9,23.0,1,210.79
p2_S1_N1.162,3420.0,21.52,0.0,0,190.91
p2_S1_N1.163,3430.0,14.54,0.0,0,180.17
p2_S2_N2.155,3350.0,95.42,40.0,6,308.05
p2_N2_S2.162,3420.0,25.38,14.0,1,207.05
p2_E_W.171,2902.0,524.71,368.0,18,1031.01
p2_N2_S2.163,3430.0,16.63,4.0,1,182.83
p2_N2_S2.164,3440.0,9.66,0.0,0,183.46
p2_S2_W.44,3123.0,304.58,182.0,9,695.36
p2_E_W.172,2905.0,525.05,358.0,16,1038.47
p2_S2_N2.156,3360.0,81.85,38.0,5,291.71
p2_E_W.173,2908.0,521.84,355.0,13,1036.06
p2_W_E.83,3246.0,188.7,85.0,10,523.01
p2_E_W.174,2911.0,524.34,349.0,14,1048.27
p2_E_W.175,2914.0,522.97,345.0,14,1037.16
p2_W_E.84,3252.0,184.69,75.0,8,533.03
p2_E_W.176,2917.0,514.75,340.0,15,1009.59
p2_E_W.177,2920.0,521.81,333.0,14,1031.47
p2_W_E.85,3255.0,175.28,75.0,8,500.92
p2_E_W.178,2923.0,522.32,329.0,17,1037.61
p2_W_E.86,3258.0,187.64,71.0,7,521.23
p2_S2_W.45,3153.0,293.43,165.0,11,688.67
p2_W_E.87,3261.0,186.34,68.0,8,531.64
p2_S2_W.46,3183.0,265.33,154.0,10,659.78
p2_W_E.88,3267.0,175.53,72.0,8,530.02
p2_E_W.179,2974.0,476.61,314.0,13,977.17
p2_N1_E.53,3393.0,45.19,27.0,2,281.67
p2_E_W.180,2978.0,474.42,316.0,14,978.49
p2_W_N1.22,3279.0,194.99,95.0,7,458.91
p2_N2_S2.165,3450.0,23.86,13.0,1,202.57
p2_N1_S1.161,3410.0,67.48,45.0,3,268.47
p2_N1_S1.162,3420.0,58.46,33.0,3,248.51
p2_N2_S2.166,3460.0,12.3,1.0,1,170.31
p2_N2_S2.167,3470.0,11.95,0.0,0,177.32
p2_S1_N1.164,3440.0,30.17,20.0,1,202.87
p2_S1_N1.165,3450.0,29.18,14.0,1,203.31
p2_N2_S2.168,3480.0,5.41,0.0,0,157.51
p2_S1_N1.166,3460.0,23.24,6.0,1,192.68
p2_N1_S1.163,3430.0,58.26,27.0,1,255.8
p2_S1_N1.167,3470.0,18.89,0.0,0,199.81
p2_N1_S1.164,3440.0,49.73,27.0,1,232.56
p2_N1_S1.165,3450.0,42.57,24.0,1,233.55
p2_S1_N1.168,3480.0,5.57,0.0,0,152.0
p2_S2_N2.157,3370.0,123.2,68.0,5,364.03
p2_S2_N2.158,3380.0,113.67,63.0,3,326.62
p2_S2_N2.159,3390.0,107.61,59.0,3,326.05
p2_N2_S2.169,3490.0,5.72,0.0,0,151.35
p2_N1_S1.166,3460.0,32.11,13.0,1,209.91
p2_S1_N1.169,3490.0,5.92,0.0,0,150.68
p2_S2_N2.160,3400.0,99.64,51.0,2,312.54
p2_N1_S1.167,3470.0,33.3,10.0,1,219.22
p2_N1_S1.168,3480.0,24.94,0.0,0,208.81
p2_N1_S1.169,3490.0,16.66,0.0,0,185.17
p2_S2_N2.161,3410.0,88.77,51.0,3,295.45
p2_S2_N2.162,3420.0,91.08,51.0,2,295.88
p2_N2_S2.170,3500.0,5.59,0.0,0,143.43
p2_W_E.89,3270.0,224.98,124.0,6,565.97
p2_W_E.90,3273.0,224.74,116.0,7,568.8
p2_W_E.91,3276.0,216.8,115.0,7,549.31
p2_W_N1.23,3304.0,215.59,114.0,8,484.48
p2_N1_E.54,3423.0,83.03,40.0,5,367.88
p2_S2_N2.163,3430.0,100.93,63.0,3,322.89
p2_S2_N2.164,3440.0,91.66,58.0,3,302.91
p2_W_N1.24,3366.0,169.51,84.0,5,423.59
p2_S2_N2.165,3450.0,86.58,50.0,3,298.85
p2_N2_S2.171,3510.0,15.07,4.0,1,180.68
p2_N2_S2.172,3520.0,18.13,0.0,0,195.46
p2_S2_N2.166,3460.0,79.49,42.0,2,280.66
p2_S2_N2.167,3470.0,70.41,41.0,2,261.22
p2_W_N1.25,3381.0,163.95,80.0,6,431.63
p2_S2_N2.168,3480.0,61.48,33.0,2,252.64
p2_N1_E.55,3453.0,70.37,37.0,2,334.53
p2_N2_S2.173,3530.0,7.15,0.0,0,150.77
p2_E_S1.18,2981.0,543.6,376.0,16,1054.93
p2_N1_E.56,3483.0,38.53,15.0,1,279.62
p2_W_E.92,3282.0,252.5,139.0,10,595.33
p2_W_E.93,3292.0,244.11,133.0,8,593.88
p2_W_E.94,3296.0,241.95,130.0,10,594.72
p2_S1_N1.170,3500.0,48.48,36.0,1,235.14
p2_W_E.95,3299.0,239.76,124.0,10,589.64
p2_N1_S1.170,3500.0,45.77,33.0,1,215.57
p2_S1_N1.171,3510.0,51.35,33.0,1,242.39
p2_W_E.96,3312.0,227.25,117.0,10,597.71
p2_N1_S1.171,3510.0,51.51,32.0,1,237.17
p2_S1_N1.172,3520.0,40.52,24.0,1,235.64
p2_S1_N1.173,3530.0,34.76,16.0,1,227.68
p2_W_E.97,3354.0,189.23,94.0,8,522.12
p2_S1_N1.174,3540.0,26.62,9.0,1,220.47
p2_W_E.98,3357.0,178.74,92.0,8,479.72
p2_W_E.99,3360.0,176.69,93.0,8,476.44
p2_E_W.181,2984.0,565.56,391.0,16,1093.14
p2_W_E.100,3363.0,187.43,89.0,8,514.46
p2_E_W.182,2987.0,564.25,384.0,16,1084.74
p2_W_E.101,3369.0,176.55,84.0,7,509.96
p2_E_W.183,2990.0,562.96,382.0,17,1106.21
p2_S1_N1.175,3550.0,6.76,0.0,0,151.74
p2_E_W.184,2993.0,561.74,371.0,18,1093.0
p2_N2_S2.174,3540.0,36.37,24.0,1,214.2
p2_S2_W.47,3213.0,341.64,204.0,13,748.38
p2_N2_S2.175,3550.0,28.86,18.0,1,218.34
p2_E_W.185,2996.0,562.54,367.0,16,1100.9
p2_N2_S2.176,3560.0,20.83,8.0,1,192.04
p2_N2_S2.177,3570.0,12.72,1.0,1,178.72
p2_E_W.186,2999.0,556.57,359.0,18,1079.67
p2_E_W.187,3002.0,557.12,356.0,17,1071.85
p2_E_W.188,3005.0,561.63,354.0,18,1065.8
p2_S2_W.48,3243.0,319.01,191.0,12,715.73
p2_E_W.189,3008.0,558.12,363.0,17,1078.35
p2_E_W.190,3011.0,560.9,359.0,16,1067.98
p2_W_E.102,3372.0,186.62,97.0,10,506.1
p2_W_N1.26,3396.0,198.91,100.0,6,476.75
p2_W_E.103,3375.0,199.47,95.0,8,548.56
p2_W_E.104,3378.0,194.16,92.0,7,533.82
p2_S1_N1.176,3560.0,38.42,27.0,1,219.9
p2_E_S1.19,3014.0,552.84,356.0,14,1071.01
p2_W_E.105,3384.0,184.29,90.0,6,529.91
p2_N1_S1.172,3520.0,80.71,59.0,3,286.12
p2_S1_N1.177,3570.0,30.25,18.0,1,199.74
p2_N1_E.57,3513.0,66.39,37.0,2,341.31
p2_N2_S2.178,3580.0,20.53,9.0,1,187.39
p2_N1_S1.173,3530.0,65.51,43.0,3,259.5
p2_N1_S1.174,3540.0,67.72,38.0,3,269.04
p2_S1_N1.178,3580.0,17.97,5.0,1,176.34
p2_S1_N1.179,3590.0,18.55,2.0,1,191.37
p2_N2_S2.179,3590.0,9.86,0.0,0,170.81
p2_N1_S1.175,3550.0,59.46,31.0,3,253.57
p2_N1_S1.176,3560.0,51.87,26.0,3,242.34
p2_N1_S1.177,3570.0,43.67,25.0,1,235.39
p2_E_W.191,3017.0,582.49,376.0,18,1092.24
p2_W_E.106,3387.0,195.4,111.0,6,533.02
p2_W_E.107,3390.0,212.5,105.0,6,545.45
p2_W_E.108,3393.0,211.27,101.0,7,568.45
p2_S2_W.49,3273.0,322.63,212.0,13,729.41
p2_S2_W.50,3303.0,303.57,180.0,14,686.0
p2_S2_W.51,3333.0,274.03,143.0,12,663.24
p2_S2_N2.169,3490.0,140.48,102.0,5,388.74
p2_E_W.192,3020.0,582.92,377.0,19,1117.6
p2_S2_N2.170,3500.0,132.46,95.0,4,375.43
p2_E_W.193,3071.0,536.96,329.0,15,1041.1
p2_S2_N2.171,3510.0,123.61,85.0,4,359.84
p2_E_W.194,3074.0,540.43,330.0,15,1027.66
p2_E_W.195,3077.0,539.13,326.0,19,1029.49
p2_E_W.196,3081.0,535.59,323.0,17,1045.57
p2_E_W.197,3087.0,532.71,316.0,15,1021.98
p2_E_W.198,3130.0,491.36,294.0,12,978.47
p2_S2_W.52,3363.0,259.53,143.0,9,656.74
p2_N1_E.58,3543.0,70.57,37.0,5,327.97
p2_S2_W.53,3393.0,225.43,129.0,7,581.04
p2_S2_W.54,3423.0,202.14,121.0,10,555.9
p2_N1_E.59,3573.0,40.97,22.0,1,274.95
p2_W_E.109,3399.0,229.1,123.0,9,567.57
p2_W_E.110,3402.0,227.88,118.0,8,558.17
p2_E_W.199,3134.0,486.2,314.0,15,954.59
p2_W_E.111,3405.0,226.6,115.0,9,552.98
p2_E_W.200,3137.0,490.12,303.0,14,973.34
p2_W_N1.27,3411.0,245.16,133.0,9,534.05
p2_W_E.112,3408.0,216.82,110.0,8,526.8
p2_W_N1.28,3427.0,239.95,119.0,10,535.39
p2_S2_N2.172,3520.0,155.0,112.0,4,417.14
p2_S2_N2.173,3530.0,145.09,112.0,4,395.15
p2_W_N1.29,3486.0,193.19,83.0,8,462.43
p2_S2_N2.174,3540.0,135.83,100.0,3,388.94
p2_E_S1.20,3140.0,516.45,327.0,16,1010.59
p2_W_E.113,3415.0,241.1,132.0,9,583.31
p2_N1_S1.178,3580.0,99.71,79.0,2,308.23
p2_W_E.114,3418.0,252.65,129.0,9,593.99
p2_N1_S1.179,3590.0,102.63,74.0,2,316.71
p2_W_E.115,3421.0,243.08,129.0,11,603.75
p2_W_E.116,3424.0,250.19,125.0,10,625.78
p2_W_E.117,3436.0,235.87,114.0,9,573.25
p2_E_W.201,3143.0,532.19,337.0,15,1025.97
p2_W_E.118,3476.0,198.25,89.0,8,532.08
p2_S2_W.55,3453.0,222.34,129.0,12,580.0
p2_W_E.119,3480.0,192.34,88.0,7,502.57
p2_E_W.202,3146.0,530.08,337.0,16,1039.97
p2_W_E.120,3483.0,198.56,86.0,7,525.81
p2_E_W.203,3154.0,521.76,330.0,15,1028.05
p2_E_W.204,3196.0,485.1,300.0,14,969.19
p2_E_W.205,3200.0,484.52,292.0,15,976.04
p2_E_W.206,3203.0,473.51,289.0,15,931.71
p2_E_W.207,3206.0,483.34,298.0,15,957.4
p2_E_W.208,3209.0,490.32,298.0,14,946.58
p2_E_W.209,3213.0,467.61,293.0,15,910.44
p2_E_W.210,3219.0,485.15,288.0,14,924.82
p2_W_E.121,3489.0,207.13,98.0,8,529.9
p2_W_E.122,3492.0,212.97,95.0,11,551.15
p2_W_N1.30,3504.0,219.96,97.0,13,518.57
p2_W_E.123,3495.0,211.66,91.0,9,548.03
p2_W_E.124,3498.0,210.47,90.0,10,559.48
p2_W_E.125,3501.0,209.07,91.0,12,560.46
p2_W_N1.31,3519.0,216.93,90.0,10,478.86
p2_W_N1.32,3554.0,191.88,70.0,10,440.17
p2_S2_N2.175,3550.0,200.52,160.0,4,472.84
p2_W_N1.33,3616.0,139.86,35.0,10,370.66
p2_S2_N2.176,3560.0,188.32,157.0,4,447.01
p2_S2_N2.177,3570.0,190.0,150.0,4,459.37
p2_W_E.126,3507.0,234.85,104.0,13,593.98
p2_W_E.127,3510.0,233.07,100.0,13,579.53
p2_W_E.128,3513.0,232.95,100.0,12,580.5
p2_E_S1.21,3263.0,459.83,287.0,14,910.61
p2_S2_W.56,3483.0,267.39,191.0,11,651.59
p2_S2_W.57,3512.0,239.94,158.0,9,617.25
p2_E_W.211,3267.0,489.22,300.0,18,971.72
p2_W_E.129,3516.0,217.38,90.0,12,541.42
p2_W_E.130,3522.0,227.23,80.0,9,554.63
p2_W_E.131,3537.0,222.86,73.0,10,538.34
p2_E_W.212,3270.0,483.98,292.0,16,970.1
p2_W_E.132,3540.0,221.63,73.0,12,544.71
p2_E_W.213,3274.0,488.25,289.0,17,960.14
p2_E_W.214,3277.0,483.6,282.0,18,951.79
p2_W_E.133,3546.0,215.94,71.0,12,547.42
p2_E_W.215,3280.0,485.67,275.0,16,949.36
p2_W_E.134,3603.0,148.9,42.0,6,456.14
p2_W_E.135,3606.0,161.1,40.0,8,464.29
p2_E_W.216,3283.0,484.37,277.0,19,944.98
p2_W_E.136,3609.0,158.96,36.0,7,473.56
p2_W_E.137,3613.0,157.6,39.0,8,476.23
p2_E_W.217,3286.0,474.59,272.0,17,925.08
p2_E_W.218,3289.0,472.63,270.0,18,922.13
p2_E_W.219,3292.0,471.7,264.0,17,915.53
p2_E_W.220,3299.0,475.21,253.0,20,914.87
p2_S2_W.58,3543.0,237.6,151.0,9,610.62
p2_W_E.138,3619.0,152.11,46.0,9,441.81
p2_W_E.139,3622.0,155.65,42.0,9,456.38
p2_W_N1.34,3631.0,171.67,52.0,11,422.56
p2_W_E.140,3625.0,159.62,39.0,9,449.59
p2_W_E.141,3628.0,158.42,39.0,9,460.64
p2_W_N1.35,3646.0,169.03,42.0,8,415.91
p2_W_N1.36,3675.0,151.95,34.0,9,408.93
p2_E_S1.22,3302.0,510.83,282.0,19,986.75
p2_S2_N2.178,3580.0,236.59,195.0,4,535.09
p2_W_E.142,3634.0,183.77,50.0,9,497.97
p2_S2_N2.179,3590.0,250.01,194.0,5,543.89
p2_W_E.143,3637.0,182.54,47.0,8,501.16
p2_W_E.144,3640.0,181.47,46.0,11,484.26
p2_W_E.145,3643.0,179.18,46.0,9,484.75
p2_W_E.146,3649.0,176.87,40.0,6,485.75
p2_E_W.221,3306.0,521.48,289.0,20,1001.82
p2_W_E.147,3652.0,175.63,38.0,6,471.47
p2_E_W.222,3308.0,522.12,286.0,20,976.92
p2_W_E.148,3659.0,169.56,36.0,6,466.13
p2_E_W.223,3311.0,520.92,281.0,19,987.38
p2_W_E.149,3663.0,168.65,37.0,9,472.17
p2_W_E.150,3667.0,166.45,33.0,5,478.71
p2_W_E.151,3709.0,124.58,22.0,5,410.2
p2_E_W.224,3314.0,515.66,269.0,17,975.21
p2_W_E.152,3713.0,124.17,18.0,3,416.91
p2_E_W.225,3319.0,517.56,270.0,20,975.91
p2_E_W.226,3357.0,482.89,245.0,20,946.96
p2_E_W.227,3360.0,479.3,236.0,18,931.24
p2_E_W.228,3363.0,480.54,239.0,24,942.5
p2_E_W.229,3366.0,470.8,226.0,18,912.18
p2_E_W.230,3369.0,480.35,225.0,18,916.86
p2_W_N1.37,3729.0,143.69,46.0,8,388.55
p2_W_E.153,3716.0,129.8,30.0,6,414.14
p2_W_E.154,3720.0,141.29,29.0,7,425.32
p2_W_N1.38,3758.0,128.5,32.0,3,342.0
p2_W_N1.39,3775.0,122.01,25.0,3,341.78
p2_W_N1.40,3799.0,108.34,19.0,3,306.82
p2_E_S1.23,3372.0,505.49,256.0,19,967.31
p2_W_E.155,3745.0,139.78,46.0,7,441.35
p2_W_E.156,3749.0,150.78,41.0,5,439.75
p2_W_E.157,3752.0,149.6,38.0,5,444.5
p2_E_W.231,3376.0,527.62,265.0,20,996.62
p2_W_E.158,3755.0,142.81,39.0,5,441.23
p2_W_E.159,3761.0,144.17,33.0,4,454.62
p2_E_W.232,3390.0,515.61,264.0,19,972.87
p2_W_E.160,3764.0,143.01,33.0,4,454.47
p2_W_E.161,3767.0,137.23,30.0,4,441.84
p2_W_E.162,3770.0,140.46,28.0,4,443.5
p2_W_E.163,3785.0,125.05,25.0,4,414.68
p2_E_W.233,3394.0,503.92,259.0,20,961.75
p2_W_E.164,3788.0,123.38,23.0,4,400.59
p2_W_E.165,3792.0,123.26,23.0,4,414.76
p2_E_W.234,3398.0,500.38,258.0,20,951.93
p2_W_E.166,3795.0,122.5,19.0,3,400.97
p2_S2_W.59,3573.0,344.81,241.0,10,768.83
p2_E_W.235,3406.0,507.99,255.0,22,996.42
p2_E_W.236,3456.0,466.01,212.0,20,930.22
p2_E_W.237,3460.0,463.75,207.0,22,928.17
p2_E_W.238,3466.0,457.29,197.0,18,907.47
p2_E_W.239,3473.0,450.83,194.0,23,922.29
p2_E_W.240,3509.0,415.51,170.0,19,871.65
p2_W_N1.41,3825.0,126.83,37.0,6,363.83
p2_W_E.167,3808.0,116.96,31.0,4,373.53
p2_W_E.168,3815.0,118.46,30.0,4,396.33
p2_W_E.169,3819.0,116.15,26.0,4,391.44
p2_W_E.170,3822.0,114.88,25.0,4,410.65
p2_W_N1.42,3844.0,112.89,20.0,4,339.57
p2_W_N1.43,3860.0,116.42,18.0,4,328.73
p2_E_S1.24,3512.0,452.16,202.0,17,893.39
p2_W_E.171,3828.0,141.65,43.0,7,442.37
p2_W_E.172,3832.0,136.94,38.0,6,429.11
p2_W_E.173,3835.0,137.78,34.0,6,433.27
p2_W_E.174,3838.0,135.45,30.0,6,426.67
p2_W_E.175,3841.0,137.99,28.0,6,433.0
p2_E_W.241,3515.0,461.65,210.0,20,911.3
p2_W_E.176,3848.0,132.78,25.0,5,411.52
p2_E_W.242,3518.0,464.69,201.0,21,919.46
p2_W_E.177,3851.0,128.89,22.0,5,403.49
p2_E_W.243,3523.0,461.12,195.0,19,920.75
p2_W_E.178,3854.0,130.29,20.0,7,424.34
p2_E_W.244,3529.0,457.16,185.0,16,917.15
p2_W_E.179,3857.0,128.97,17.0,6,423.97
p2_E_W.245,3562.0,425.91,177.0,15,879.94
p2_W_E.180,3863.0,124.73,15.0,4,416.89
p2_W_E.181,3866.0,123.5,15.0,6,418.23
p2_E_W.246,3606.0,377.84,144.0,13,783.88
p2_W_E.182,3869.0,115.31,14.0,7,386.91
p2_E_W.247,3610.0,375.19,139.0,13,778.08
p2_W_E.183,3872.0,121.5,13.0,6,408.24
p2_E_W.248,3613.0,384.41,137.0,14,771.36
p2_E_W.249,3619.0,379.17,133.0,13,792.27
p2_E_W.250,3636.0,348.71,125.0,12,743.89
p2_W_N1.44,3880.0,142.32,48.0,7,383.29
p2_W_N1.45,3907.0,130.42,35.0,5,354.16
p2_W_N1.46,3922.0,122.32,27.0,5,341.98
p2_W_N1.47,3942.0,117.5,18.0,4,330.96
p2_E_S1.25,3639.0,400.31,157.0,13,815.48
p2_W_E.184,3895.0,143.61,52.0,7,437.01
p2_W_E.185,3898.0,153.9,50.0,7,468.33
p2_W_E.186,3901.0,152.71,47.0,8,453.8
p2_W_E.187,3904.0,142.28,42.0,7,431.59
p2_E_W.251,3642.0,408.36,169.0,14,829.75
p2_W_E.188,3910.0,136.06,37.0,6,433.7
p2_E_W.252,3645.0,415.86,167.0,13,829.15
p2_W_E.189,3913.0,139.56,34.0,6,449.7
p2_E_W.253,3653.0,406.99,161.0,14,840.69
p2_W_E.190,3916.0,146.57,31.0,6,468.67
p2_W_E.191,3919.0,145.16,27.0,5,471.43
p2_E_W.254,3690.0,374.31,145.0,11,802.9
p2_E_W.255,3703.0,361.76,141.0,12,768.62
p2_W_E.192,3925.0,140.95,26.0,6,455.56
p2_W_E.193,3928.0,137.62,20.0,3,448.1
p2_W_E.194,3931.0,138.58,23.0,5,464.31
p2_W_E.195,3938.0,133.4,21.0,4,451.13
p2_E_W.256,3706.0,346.2,136.0,14,733.81
p2_E_W.257,3710.0,360.7,141.0,15,779.19
p2_E_W.258,3718.0,359.9,134.0,14,763.79
p2_E_W.259,3730.0,340.64,129.0,11,764.24
p2_E_W.260,3734.0,346.88,126.0,11,755.75
p2_W_N1.48,3977.0,122.16,36.0,4,356.01
p2_W_E.196,3952.0,123.83,30.0,5,396.64
p2_W_E.197,3965.0,120.12,27.0,3,383.33
p2_W_E.198,3968.0,116.81,28.0,3,388.26
p2_W_E.199,3971.0,113.8,28.0,3,387.81
p2_W_E.200,3974.0,116.44,27.0,3,395.01
p2_W_N1.49,3992.0,121.31,26.0,3,329.43
p2_W_N1.50,4007.0,115.68,19.0,4,326.29
p2_W_N1.51,4034.0,98.16,16.0,4,312.0
p2_E_S1.26,3737.0,373.01,157.0,10,796.49
p2_W_E.201,3980.0,141.7,46.0,5,441.27
p2_W_E.202,3983.0,140.75,41.0,6,437.62
p2_W_E.203,3986.0,133.81,37.0,6,417.03
p2_W_E.204,3989.0,140.12,35.0,5,444.06
p2_W_E.205,3995.0,137.06,31.0,5,429.14
p2_E_W.261,3740.0,390.6,163.0,13,813.72
p2_E_W.262,3743.0,391.26,159.0,13,799.02
p2_E_W.263,3746.0,390.01,157.0,14,810.28
p2_W_E.206,3998.0,125.97,28.0,6,402.7
p2_E_W.264,3750.0,387.82,161.0,13,811.8
p2_W_E.207,4001.0,136.39,24.0,4,415.85
p2_W_E.208,4004.0,129.23,22.0,5,407.97
p2_E_W.265,3754.0,385.63,161.0,11,802.25
p2_W_E.209,4014.0,126.8,21.0,5,413.66
p2_E_W.266,3759.0,382.51,155.0,11,787.08
p2_W_E.210,4017.0,125.66,19.0,5,417.91
p2_W_E.211,4021.0,123.05,18.0,3,412.25
p2_E_W.267,3765.0,370.49,154.0,13,761.91
p2_W_E.212,4027.0,108.42,17.0,5,372.28
p2_E_W.268,3777.0,372.66,150.0,13,783.97
p2_E_W.269,3780.0,371.29,146.0,13,799.14
p2_E_W.270,3784.0,369.12,143.0,14,792.72
p2_W_E.213,4043.0,111.77,25.0,2,385.84
p2_W_N1.52,4055.0,123.11,33.0,4,358.02
p2_W_E.214,4046.0,104.23,24.0,4,380.96
p2_W_N1.53,4070.0,116.57,22.0,4,343.38
p2_W_E.215,4049.0,121.18,23.0,3,399.3
p2_W_E.216,4052.0,119.24,21.0,3,412.82
p2_W_N1.54,4096.0,104.42,16.0,5,324.53
p2_E_S1.27,3787.0,405.02,177.0,15,839.35
p2_W_E.217,4058.0,139.41,42.0,5,433.05
p2_W_E.218,4061.0,129.38,39.0,6,428.1
p2_W_E.219,4064.0,139.94,37.0,5,445.57
p2_E_W.271,3790.0,418.12,186.0,19,854.22
p2_W_E.220,4067.0,130.42,32.0,4,429.87
p2_E_W.272,3793.0,416.84,181.0,16,838.42
p2_W_E.221,4073.0,137.5,28.0,4,451.56
p2_E_W.273,3796.0,413.7,180.0,14,844.42
p2_W_E.222,4076.0,121.41,22.0,4,410.81
p2_W_E.223,4079.0,136.77,22.0,5,424.05
p2_W_E.224,4082.0,125.38,20.0,4,419.39
p2_E_W.274,3799.0,406.5,174.0,14,822.84
p2_W_E.225,4084.0,135.47,15.0,4,422.09
p2_E_W.275,3802.0,412.7,175.0,13,847.14
p2_W_E.226,4115.0,103.83,8.0,3,397.57
p2_W_E.227,4119.0,104.04,7.0,2,398.82
p2_E_W.276,3805.0,418.28,167.0,14,848.25
p2_E_W.277,3808.0,416.2,163.0,14,830.58
p2_E_W.278,3811.0,415.63,163.0,13,847.75
p2_W_E.228,4122.0,87.48,8.0,2,352.67
p2_E_W.279,3819.0,409.41,165.0,13,848.93
p2_W_E.229,4125.0,94.03,9.0,2,366.67
p2_E_W.280,3826.0,404.18,162.0,15,820.22
p2_W_N1.55,4128.0,124.16,44.0,4,353.63
p2_W_N1.56,4143.0,124.08,32.0,4,340.74
p2_W_N1.57,4158.0,118.76,25.0,2,320.07
p2_W_N1.58,4179.0,107.55,24.0,3,310.62
p2_E_S1.28,3832.0,436.1,195.0,14,870.26
p2_W_E.230,4131.0,137.17,47.0,5,431.23
p2_W_E.231,4134.0,144.68,44.0,6,448.51
p2_W_E.232,4137.0,143.36,40.0,5,450.68
p2_E_W.281,3839.0,444.68,199.0,16,901.8
p2_E_W.282,3850.0,434.67,187.0,16,865.86
p2_W_E.233,4140.0,126.24,34.0,5,404.66
p2_E_W.283,3853.0,432.06,183.0,20,861.78
p2_W_E.234,4146.0,144.23,29.0,2,437.9
p2_E_W.284,3856.0,435.26,175.0,17,856.49
p2_W_E.235,4149.0,143.08,28.0,3,427.84
p2_E_W.285,3860.0,433.01,179.0,16,870.34
p2_W_E.236,4152.0,141.93,27.0,3,420.04
p2_E_W.286,3863.0,429.01,183.0,21,855.83
p2_W_E.237,4155.0,140.58,25.0,2,417.66
p2_E_W.287,3866.0,430.54,173.0,17,872.33
p2_W_E.238,4165.0,128.85,26.0,3,406.54
p2_E_W.288,3872.0,426.32,166.0,17,856.78
p2_W_E.239,4169.0,129.35,24.0,2,412.05
p2_E_W.289,3897.0,403.14,163.0,18,821.6
p2_W_E.240,4172.0,123.12,24.0,2,408.11
p2_E_W.290,3903.0,393.55,154.0,16,787.21
p2_W_E.241,4176.0,126.68,25.0,3,424.42
p2_W_N1.59,4201.0,128.98,39.0,4,362.83
p2_W_E.242,4188.0,116.09,34.0,3,369.47
p2_W_E.243,4192.0,124.35,34.0,4,396.71
p2_E_W.291,3916.0,405.83,154.0,20,829.11
p2_E_S1.29,3910.0,398.83,157.0,15,812.92
p2_E_W.292,3927.0,392.08,146.0,18,817.68
p2_W_E.244,4196.0,108.93,28.0,3,381.17
p2_E_W.293,3930.0,394.47,141.0,16,824.15
p2_W_E.245,4199.0,128.32,30.0,4,395.91
p2_E_W.294,3934.0,396.54,138.0,15,823.09
p2_E_W.295,3937.0,395.29,140.0,15,832.67
p2_E_W.296,3940.0,394.08,139.0,18,807.38
p2_E_W.297,3943.0,392.89,135.0,14,799.31
p2_E_W.298,3946.0,386.42,132.0,16,785.48
p2_E_W.299,3949.0,391.95,136.0,17,791.91
p2_E_W.300,3952.0,383.32,131.0,16,774.19
p2_W_E.246,4205.0,145.0,46.0,5,451.49
p2_W_E.247,4208.0,143.74,47.0,5,443.33
p2_W_E.248,4211.0,142.87,45.0,5,439.84
p2_W_E.249,4214.0,142.27,42.0,6,438.94
p2_E_S1.30,3955.0,401.75,137.0,18,819.49
p2_E_W.301,3973.0,388.69,127.0,16,791.16
p2_E_W.302,3979.0,382.53,126.0,19,801.07
p2_E_W.303,3988.0,378.77,119.0,17,801.41
p2_E_W.304,4003.0,365.6,117.0,17,776.52
p2_E_W.305,4007.0,363.32,119.0,16,759.31
p2_E_W.306,4010.0,362.04,115.0,14,750.67
p2_E_W.307,4013.0,356.85,111.0,13,742.05
p2_E_W.308,4016.0,359.27,119.0,14,745.06
p2_E_W.309,4019.0,360.67,116.0,14,744.24
p2_E_W.310,4022.0,359.45,110.0,15,742.04
p2_E_S1.31,4027.0,355.74,101.0,14,747.96
p2_E_W.311,4047.0,331.17,92.0,12,711.0
p2_E_W.312,4053.0,337.51,95.0,16,715.78
p2_E_W.313,4061.0,329.03,92.0,13,690.34
p2_E_W.314,4067.0,327.06,90.0,14,694.12
p2_E_W.315,4079.0,298.61,89.0,12,663.97
p2_E_W.316,4083.0,320.68,81.0,10,676.74
p2_E_W.317,4086.0,312.6,83.0,11,667.08
p2_E_S1.32,4098.0,305.53,83.0,9,665.0
p2_E_W.318,4089.0,315.99,81.0,12,681.62
p2_E_W.319,4092.0,313.35,89.0,12,694.0
p2_E_W.320,4095.0,315.65,81.0,10,707.34
p2_E_W.321,4102.0,310.49,77.0,9,695.82
p2_E_W.322,4122.0,292.3,69.0,8,674.35
p2_E_W.323,4128.0,286.74,64.0,8,652.47
p2_E_W.324,4136.0,281.93,62.0,8,654.88
p2_E_W.325,4142.0,276.57,62.0,11,639.31
p2_E_W.326,4156.0,262.11,55.0,8,613.04
p2_E_W.327,4159.0,264.48,51.0,9,603.2
p2_E_W.328,4163.0,271.67,63.0,8,619.58
p2_E_W.329,4166.0,272.31,63.0,9,619.88
p2_E_W.330,4169.0,264.55,62.0,9,611.68
p2_E_S1.33,4172.0,269.57,57.0,9,584.23
p2_E_W.331,4176.0,262.74,53.0,11,570.08
p2_E_W.332,4199.0,247.99,46.0,7,546.85
p2_E_W.333,4210.0,237.47,43.0,6,558.81
p2_E_W.334,4214.0,239.03,48.0,8,550.67
p2_E_W.335,4221.0,233.7,42.0,7,556.41
p2_E_W.336,4233.0,223.58,39.0,6,536.97
p2_E_W.337,4236.0,218.02,40.0,6,526.16
p2_E_W.338,4239.0,221.32,45.0,7,541.46
p2_E_W.339,4242.0,212.76,44.0,7,500.73
p2_E_W.340,4245.0,219.35,41.0,7,517.68
p2_E_W.341,4253.0,212.97,37.0,6,511.08
p2_E_S1.34,4248.0,209.82,37.0,7,510.64
p2_E_W.342,4274.0,186.78,30.0,5,460.33
p2_E_W.343,4279.0,184.72,27.0,5,471.42
p2_E_W.344,4285.0,191.61,27.0,5,471.18
p2_E_W.345,4296.0,167.79,26.0,5,434.97
p2_E_W.346,4308.0,168.99,26.0,6,439.26
p2_E_W.347,4311.0,172.56,24.0,7,462.12
p2_E_W.348,4314.0,171.92,22.0,5,461.24
p2_E_W.349,4317.0,167.75,24.0,6,456.42
p2_E_W.350,4320.0,167.37,17.0,5,473.2
p2_E_W.351,4331.0,160.36,15.0,5,436.74
p2_E_W.352,4351.0,142.05,10.0,2,412.23
p2_E_S1.35,4323.0,152.42,17.0,6,427.16
p2_E_W.353,4361.0,131.38,8.0,3,403.87
p2_E_W.354,4370.0,141.23,20.0,3,412.08
p2_E_W.355,4382.0,128.15,19.0,3,401.16
p2_E_W.356,4386.0,125.79,17.0,3,407.73
p2_E_W.357,4389.0,130.27,17.0,3,408.49
p2_E_W.358,4392.0,128.88,16.0,3,405.66
p2_E_W.359,4395.0,125.5,11.0,3,405.2
p2_E_W.360,4398.0,126.54,11.0,3,399.58
p2_E_W.361,4406.0,120.07,8.0,3,389.01
p2_E_S1.36,4401.0,120.46,11.0,5,400.17
p2_E_W.362,4424.0,95.64,6.0,1,356.4
p2_E_W.363,4429.0,108.3,5.0,1,375.7
p2_E_W.364,4436.0,95.29,15.0,2,380.89
p2_E_W.365,4445.0,95.96,14.0,2,384.31
p2_E_W.366,4458.0,84.72,12.0,1,372.77
p2_E_W.367,4462.0,70.75,14.0,2,348.39
p2_E_W.368,4465.0,80.9,11.0,1,348.31
p2_E_S1.37,4474.0,73.19,10.0,1,345.15
p2_E_W.369,4468.0,80.29,11.0,1,364.65
p2_E_W.370,4471.0,78.96,10.0,1,353.55
p2_E_W.371,4477.0,66.15,8.0,1,321.59
p2_E_W.372,4480.0,69.92,8.0,1,344.83
p2_E_W.373,4483.0,66.38,7.0,1,332.29
p2_E_W.374,4486.0,52.1,8.0,1,288.8
p2_E_W.375,4489.0,77.84,7.0,1,311.3
p2_E_W.376,4492.0,81.14,7.0,1,316.55
p2_E_W.377,4495.0,79.87,6.0,1,325.9
p2_E_W.378,4498.0,78.5,6.0,1,337.87
p2_E_W.379,4501.0,74.71,6.0,1,339.7
p2_E_W.380,4504.0,70.22,5.0,1,340.23
p2_E_S1.38,4507.0,79.7,16.0,2,346.57
p2_E_W.381,4510.0,79.26,15.0,2,341.12
p2_E_W.382,4513.0,79.0,12.0,2,334.44
p2_E_W.383,4516.0,77.8,12.0,2,335.37
p2_E_W.384,4524.0,55.44,12.0,2,289.96
p2_E_W.385,4536.0,73.08,11.0,2,299.57
p2_E_W.386,4539.0,71.82,9.0,2,311.56
p2_E_S1.39,4554.0,55.54,13.0,1,321.08
p2_E_W.387,4542.0,70.69,9.0,3,326.13
p2_E_W.388,4545.0,50.46,8.0,2,306.15
p2_E_W.389,4548.0,68.6,8.0,2,330.23
p2_E_W.390,4551.0,61.5,7.0,2,324.1
p2_E_W.391,4557.0,63.13,13.0,1,346.41
p2_E_W.392,4560.0,62.0,10.0,1,335.96
p2_E_W.393,4563.0,57.63,11.0,2,334.02
p2_E_W.394,4566.0,34.18,10.0,1,265.25
p2_E_W.395,4569.0,63.75,8.0,1,282.9
p2_E_W.396,4572.0,58.5,8.0,1,301.98
p2_E_W.397,4575.0,50.11,8.0,1,308.58
p2_E_W.398,4578.0,45.34,6.0,1,320.8
p2_E_W.399,4581.0,49.59,6.0,1,312.58
p2_E_S1.40,4587.0,36.99,6.0,1,294.87
p2_E_W.400,4584.0,57.89,6.0,1,329.6
p2_E_W.401,4590.0,53.72,6.0,1,326.59
p2_E_W.402,4593.0,52.47,4.0,1,329.99
p2_E_W.403,4596.0,51.33,4.0,1,315.2
p2_E_W.404,4599.0,48.12,4.0,1,305.92
p2_E_W.405,4602.0,47.05,3.0,1,312.51
p2_E_W.406,4605.0,47.57,4.0,1,323.41
p2_E_W.407,4608.0,55.6,17.0,2,324.3
p2_E_W.408,4611.0,54.38,15.0,2,334.18
p2_E_W.409,4614.0,52.92,13.0,2,338.73
p2_E_W.410,4617.0,51.98,14.0,2,339.92
p2_E_S1.41,4620.0,51.37,14.0,2,329.79
p2_E_W.411,4623.0,48.07,11.0,3,316.02
p2_E_W.412,4625.0,41.69,9.0,1,299.54
p2_E_W.413,4629.0,43.24,8.0,1,299.55
p2_E_W.414,4632.0,44.66,8.0,1,297.28
p2_E_W.415,4635.0,44.01,8.0,1,304.86
p2_E_W.416,4638.0,49.53,6.0,1,316.49
p2_E_W.417,4641.0,43.17,12.0,1,317.03
p2_E_W.418,4644.0,44.04,12.0,1,311.4
p2_E_W.419,4647.0,45.71,11.0,1,316.71
p2_E_S1.42,4653.0,40.56,9.0,1,304.28
p2_E_W.420,4650.0,40.25,10.0,1,325.28
p2_E_W.421,4656.0,40.34,8.0,1,288.05
p2_E_W.422,4659.0,34.06,8.0,1,269.44
p2_E_W.423,4662.0,39.74,8.0,1,283.56
p2_E_W.424,4665.0,29.71,7.0,1,253.76
p2_E_W.425,4668.0,38.37,6.0,1,265.48
p2_E_W.426,4671.0,32.52,6.0,1,275.91
p2_E_W.427,4674.0,35.86,5.0,1,287.49
p2_E_W.428,4677.0,25.12,2.0,1,249.15
p2_E_W.429,4680.0,34.5,3.0,1,264.49
p2_E_W.430,4683.0,33.31,1.0,1,285.91
p2_E_W.431,4689.0,28.88,0.0,0,269.48
p2_E_S1.43,4686.0,24.95,0.0,0,271.84
p2_E_W.432,4692.0,27.73,0.0,0,266.78
p2_E_W.433,4695.0,26.36,0.0,0,280.86
p2_E_W.434,4698.0,41.97,12.0,1,299.79
p2_E_W.435,4701.0,40.9,10.0,1,294.01
p2_E_W.436,4704.0,39.88,9.0,1,297.1
p2_E_W.437,4707.0,39.08,8.0,1,307.13
p2_E_W.438,4710.0,38.45,8.0,1,297.54
p2_E_W.439,4713.0,37.58,7.0,1,277.18
p2_E_S1.44,4719.0,35.24,6.0,1,261.96
p2_E_W.440,4716.0,26.26,7.0,1,232.25
p2_E_W.441,4722.0,31.92,8.0,2,260.56
p2_E_W.442,4725.0,37.92,13.0,1,281.81
p2_E_W.443,4728.0,36.67,13.0,1,282.97
p2_E_W.444,4731.0,29.43,10.0,1,265.57
p2_E_W.445,4734.0,34.33,10.0,1,283.84
p2_E_W.446,4737.0,33.08,8.0,1,281.68
p2_E_W.447,4740.0,22.13,6.0,1,249.74
p2_E_W.448,4743.0,26.72,4.0,1,266.36
p2_E_W.449,4746.0,26.18,4.0,1,270.48
p2_E_W.450,4749.0,28.64,1.0,1,295.09
p2_E_S1.45,4752.0,25.55,1.0,1,280.89
p2_E_W.451,4755.0,24.46,1.0,1,293.56
p2_E_W.452,4758.0,23.37,0.0,0,284.06
p2_E_W.453,4761.0,22.27,0.0,0,282.46
p2_E_W.454,4764.0,21.04,0.0,0,278.12
p2_E_W.455,4767.0,19.83,0.0,0,277.07
p2_E_W.456,4770.0,18.6,0.0,0,266.83
p2_E_W.457,4773.0,16.85,0.0,0,251.22
p2_E_W.458,4776.0,10.74,0.0,0,209.84
p2_E_W.459,4779.0,11.79,0.0,0,219.25
p2_E_W.460,4782.0,17.54,0.0,0,219.31
p2_E_S1.46,4785.0,13.56,0.0,0,229.93
p2_E_W.461,4788.0,27.93,11.0,1,249.39
p2_E_W.462,4791.0,26.68,11.0,1,245.36
p2_E_W.463,4794.0,24.88,10.0,1,235.78
p2_E_W.464,4797.0,25.06,10.0,1,242.61
p2_E_W.465,4800.0,23.88,8.0,1,245.73
p2_E_W.466,4803.0,21.8,11.0,1,235.44
p2_E_W.467,4806.0,24.42,9.0,1,250.45
p2_E_W.468,4809.0,30.31,8.0,1,269.16
p2_E_W.469,4812.0,29.03,7.0,1,263.62
p2_E_W.470,4815.0,25.11,6.0,1,262.42
p2_E_W.471,4821.0,22.21,1.0,1,252.51
p2_E_W.472,4824.0,25.6,0.0,0,252.07
p2_E_S1.47,4818.0,16.93,2.0,1,231.58
p2_E_W.473,4827.0,16.9,0.0,0,245.41
p2_E_W.474,4830.0,25.13,0.0,0,265.39
p2_E_W.475,4833.0,23.98,0.0,0,258.18
p2_E_W.476,4836.0,22.72,0.0,0,276.88
p2_E_W.477,4839.0,21.54,0.0,0,267.35
p2_E_W.478,4842.0,17.44,0.0,0,260.91
p2_E_W.479,4845.0,18.99,0.0,0,272.2
p2_E_W.480,4848.0,17.75,0.0,0,269.73
p2_E_S1.48,4851.0,9.64,0.0,0,219.63
p2_E_W.481,4854.0,7.86,0.0,0,197.31
p2_E_W.482,4857.0,16.38,0.0,0,222.74
p2_E_W.483,4860.0,31.01,12.0,1,257.05
p2_E_W.484,4863.0,31.49,11.0,1,260.15
p2_E_W.485,4866.0,30.15,10.0,1,266.96
p2_E_W.486,4870.0,17.53,3.0,1,224.61
p2_E_W.487,4873.0,31.92,2.0,1,257.86
p2_E_W.488,4876.0,31.87,13.0,1,260.72
p2_E_W.489,4879.0,29.21,12.0,1,261.04
p2_E_W.490,4882.0,26.74,12.0,1,240.3
p2_E_S1.49,4885.0,26.58,10.0,1,258.71
p2_E_W.491,4888.0,29.55,9.0,1,269.25
p2_E_W.492,4891.0,25.17,7.0,1,261.04
p2_E_W.493,4894.0,25.33,6.0,1,263.77
p2_E_W.494,4897.0,19.75,2.0,1,240.4
p2_E_W.495,4900.0,15.62,0.0,0,226.56
p2_E_W.496,4903.0,30.04,0.0,0,248.09
p2_E_W.497,4907.0,27.81,0.0,0,267.33
p2_E_W.498,4910.0,23.6,0.0,0,271.76
p2_E_S1.50,4919.0,18.62,0.0,0,249.89
p2_E_W.499,4913.0,15.31,0.0,0,246.14
p2_E_W.500,4916.0,22.5,0.0,0,257.89
p2_E_W.501,4922.0,20.1,0.0,0,262.07
p2_E_W.502,4925.0,18.79,0.0,0,261.64
p2_E_W.503,4928.0,17.51,0.0,0,273.0
p2_E_W.504,4931.0,7.9,0.0,0,191.68
p2_E_W.505,4934.0,30.73,12.0,1,255.98
p2_E_W.506,4937.0,35.01,11.0,1,270.56
p2_E_W.507,4940.0,22.82,9.0,1,233.96
p2_E_W.508,4943.0,36.3,9.0,1,272.43
p2_E_W.509,4946.0,35.0,7.0,1,280.36
p2_E_S1.51,4952.0,28.38,6.0,1,257.74
p2_E_W.510,4949.0,33.75,7.0,2,295.88
p2_E_W.511,4955.0,29.5,6.0,1,266.25
p2_E_W.512,4958.0,28.33,10.0,1,272.86
p2_E_W.513,4961.0,27.03,9.0,1,268.37
p2_E_W.514,4964.0,25.69,7.0,1,276.94
p2_E_W.515,4967.0,24.55,7.0,1,257.46
p2_E_W.516,4970.0,23.27,4.0,1,260.26
p2_E_W.517,4973.0,19.87,2.0,1,250.27
p2_E_W.518,4976.0,15.34,0.0,0,220.57
p2_E_W.519,4979.0,12.28,0.0,0,216.56
p2_E_W.520,4982.0,20.76,0.0,0,242.58
p2_E_W.521,4988.0,14.16,0.0,0,239.31
p2_E_S1.52,4985.0,11.1,0.0,0,219.11
p2_E_W.522,4991.0,17.1,0.0,0,259.33
p2_E_W.523,4994.0,15.65,0.0,0,250.48
p2_E_W.524,4997.0,15.6,0.0,0,250.47
p2_E_W.525,5000.0,7.82,0.0,0,200.75
p2_E_W.526,5003.0,13.25,0.0,0,219.55
p2_E_W.527,5006.0,13.74,0.0,0,231.93
p2_E_W.528,5009.0,12.45,0.0,0,235.56
p2_E_W.529,5012.0,8.4,0.0,0,214.2
p2_E_S1.53,5018.0,22.28,1.0,1,232.13
p2_E_W.530,5015.0,14.15,2.0,1,223.01
p2_E_W.531,5021.0,28.26,0.0,0,251.07
p2_E_W.532,5024.0,27.3,0.0,0,265.35
p2_E_W.533,5027.0,30.37,0.0,0,279.98
p2_E_W.534,5030.0,29.02,11.0,1,256.37
p2_E_W.535,5034.0,26.76,11.0,1,256.13
p2_E_W.536,5037.0,25.52,10.0,1,255.4
p2_E_W.537,5040.0,21.69,8.0,1,239.47
p2_E_W.538,5043.0,23.16,7.0,1,253.51
p2_E_W.539,5046.0,22.04,5.0,1,244.41
p2_E_W.540,5049.0,20.77,4.0,1,245.43
p2_E_S1.54,5052.0,16.5,1.0,1,232.33
p2_E_W.541,5055.0,17.0,0.0,0,239.57
p2_E_W.542,5058.0,16.61,0.0,0,228.2
p2_E_W.543,5061.0,18.18,0.0,0,236.83
p2_E_W.544,5064.0,12.83,0.0,0,230.85
p2_E_W.545,5067.0,15.96,0.0,0,233.67
p2_E_W.546,5070.0,14.65,0.0,0,239.31
p2_E_W.547,5073.0,12.76,0.0,0,256.86
p2_E_W.548,5076.0,12.16,0.0,0,255.83
p2_E_W.549,5079.0,10.97,0.0,0,240.46
p2_E_W.550,5082.0,7.08,0.0,0,196.02
p2_E_S1.55,5085.0,9.19,0.0,0,226.73
p2_E_W.551,5088.0,8.34,0.0,0,192.51
p2_E_W.552,5091.0,21.82,10.0,1,232.06
p2_E_W.553,5094.0,24.68,9.0,1,231.57
p2_E_W.554,5097.0,21.47,8.0,1,230.09
p2_E_W.555,5100.0,29.32,8.0,1,243.18
p2_E_W.556,5103.0,24.07,10.0,1,251.1
p2_E_W.557,5106.0,39.98,10.0,1,277.47
p2_E_W.558,5109.0,38.71,9.0,1,281.57
p2_E_W.559,5112.0,37.66,8.0,1,287.0
p2_E_W.560,5115.0,32.64,7.0,1,292.93
p2_E_W.561,5122.0,31.05,2.0,1,261.13
p2_E_W.562,5125.0,29.8,2.0,1,255.97
p2_E_W.563,5128.0,27.16,1.0,1,267.41
p2_E_S1.56,5118.0,19.92,4.0,1,250.81
p2_E_W.564,5131.0,22.8,0.0,0,253.53
p2_E_W.565,5134.0,28.03,0.0,0,292.0
p2_E_W.566,5137.0,21.29,0.0,0,276.2
p2_E_W.567,5140.0,25.57,0.0,0,278.24
p2_E_W.568,5143.0,12.42,0.0,0,233.86
p2_E_S1.57,5152.0,20.35,0.0,0,262.54
p2_E_W.569,5146.0,28.12,0.0,0,256.13
p2_E_W.570,5149.0,26.88,0.0,0,267.53
p2_E_W.571,5155.0,22.63,0.0,0,272.7
p2_E_W.572,5158.0,20.6,0.0,0,276.43
p2_E_W.573,5161.0,34.62,11.0,1,278.35
p2_E_W.574,5164.0,34.07,11.0,1,260.1
p2_E_W.575,5167.0,27.57,10.0,1,238.29
p2_E_W.576,5170.0,35.53,9.0,1,247.17
p2_E_W.577,5173.0,34.31,9.0,1,256.12
p2_E_W.578,5176.0,32.92,8.0,1,262.57
p2_E_W.579,5179.0,31.64,7.0,1,268.51
p2_E_S1.58,5185.0,29.59,9.0,1,265.74
p2_E_W.580,5182.0,22.64,11.0,1,239.72
p2_E_W.581,5188.0,21.5,7.0,1,238.32
p2_E_W.582,5191.0,30.74,7.0,1,273.7
p2_E_W.583,5194.0,27.3,5.0,1,259.8
p2_E_W.584,5197.0,28.42,5.0,1,269.06
p2_E_W.585,5200.0,27.1,4.0,1,267.61
p2_E_W.586,5203.0,22.78,5.0,1,283.36
p2_E_W.587,5206.0,21.88,1.0,1,264.65
p2_E_W.588,5209.0,23.46,0.0,0,282.08
p2_E_W.589,5212.0,22.13,0.0,0,295.19
p2_E_W.590,5215.0,20.97,0.0,0,283.82
p2_E_S1.59,5218.0,14.14,0.0,0,237.81
p2_E_W.591,5221.0,16.74,0.0,0,245.23
p2_E_W.592,5224.0,8.17,0.0,0,193.47
p2_E_W.593,5227.0,19.32,0.0,0,226.91
p2_E_W.594,5230.0,18.11,0.0,0,238.57
p2_E_W.595,5233.0,16.76,0.0,0,236.4
p2_E_W.596,5236.0,8.49,0.0,0,199.48
p2_E_W.597,5239.0,30.65,12.0,1,251.41
p2_E_W.598,5242.0,32.89,11.0,1,254.68
p2_E_W.599,5245.0,31.67,10.0,1,269.21
