id,depart,timeloss,espera,paradas,co2
p1_N2_S2.0,0.0,40.0,29.0,1,221.56
p1_N1_S1.0,0.0,38.87,29.0,1,221.38
p1_S2_N2.0,0.0,40.2,30.0,1,227.79
p1_N1_S1.1,10.0,34.54,21.0,1,209.37
p1_S2_N2.1,10.0,34.7,22.0,1,214.74
p1_N2_S2.1,10.0,36.33,24.0,1,219.1
p1_N1_S1.2,20.0,26.4,13.0,1,196.51
p1_N2_S2.2,20.0,28.14,16.0,1,206.06
p1_S1_N1.0,0.0,34.91,25.0,1,210.0
p1_S2_N2.2,20.0,22.01,10.0,1,182.99
p1_S1_N1.1,10.0,33.93,21.0,1,208.46
p1_N1_S1.3,30.0,15.65,4.0,1,179.37
p1_N2_S2.3,30.0,18.88,4.0,1,189.8
p1_S2_N2.3,30.0,21.2,6.0,1,206.34
p1_N1_S1.4,40.0,11.65,0.0,0,172.31
p1_S1_N1.2,20.0,31.75,15.0,1,212.63
p1_S2_N2.4,40.0,13.0,0.0,0,183.13
p1_S1_N1.3,30.0,23.56,7.0,1,210.97
p1_N2_S2.4,40.0,16.53,0.0,0,175.54
p1_S2_N2.5,50.0,5.84,0.0,0,155.19
p1_E_W.0,0.0,27.83,17.0,1,243.29
p1_E_N1.0,3.0,29.42,16.0,1,253.52
p1_W_S2.0,3.0,41.2,23.0,1,262.32
p1_E_W.1,8.0,37.16,16.0,1,262.56
p1_E_W.2,15.0,27.59,13.0,1,246.97
p1_W_E.0,0.0,34.54,22.0,1,244.7
p1_E_W.3,22.0,26.67,11.0,1,261.28
p1_W_E.1,6.0,44.1,21.0,1,286.07
p1_E_W.4,29.0,21.46,5.0,1,248.99
p1_N2_W.0,3.0,49.11,27.0,1,304.84
p1_W_E.2,9.0,42.63,21.0,1,294.05
p1_W_E.3,12.0,40.63,21.0,1,295.4
p1_W_E.4,15.0,40.12,20.0,1,290.45
p1_W_E.5,18.0,39.39,20.0,1,277.09
p1_W_E.6,21.0,38.11,20.0,1,276.59
p1_W_E.7,24.0,36.87,19.0,1,272.84
p1_S1_E.0,3.0,53.49,30.0,2,307.01
p1_S1_E.1,33.0,28.6,4.0,1,280.44
p1_W_E.8,27.0,30.12,18.0,1,250.76
p1_W_E.9,30.0,33.36,18.0,1,260.88
p1_W_S2.1,36.0,34.41,16.0,1,269.7
p1_W_E.10,33.0,38.26,16.0,1,273.55
p1_E_N1.1,32.0,31.62,19.0,1,263.63
p1_W_E.11,39.0,27.76,12.0,1,261.89
p1_W_E.12,42.0,30.41,12.0,1,266.1
p1_N2_W.1,33.0,12.56,0.0,0,222.52
p1_W_E.13,45.0,31.18,12.0,1,287.07
p1_E_W.5,36.0,28.33,13.0,1,242.23
p1_W_E.14,48.0,32.06,9.0,1,290.99
p1_S1_N1.4,40.0,62.41,45.0,2,266.69
p1_E_W.6,44.0,37.11,13.0,1,271.06
p1_N1_S1.5,50.0,52.22,40.0,1,238.29
p1_E_W.7,51.0,31.75,8.0,1,275.58
p1_W_E.15,51.0,20.1,7.0,1,224.11
p1_W_E.16,54.0,33.77,6.0,1,248.48
p1_S1_N1.5,50.0,49.5,39.0,1,221.88
p1_W_E.17,57.0,25.14,5.0,1,258.38
p1_N1_S1.6,60.0,37.05,25.0,1,215.32
p1_S1_N1.6,60.0,52.53,35.0,1,246.8
p1_S2_N2.6,60.0,52.36,40.0,1,240.8
p1_W_E.18,59.0,32.34,5.0,1,271.84
p1_N1_S1.7,70.0,43.92,25.0,1,224.72
p1_S1_N1.7,70.0,44.28,27.0,1,233.02
p1_S2_N2.7,70.0,44.45,32.0,1,229.26
p1_N1_S1.8,80.0,35.69,15.0,1,225.13
p1_S1_N1.8,80.0,35.98,19.0,1,223.02
p1_N2_S2.5,50.0,58.39,46.0,1,242.15
p1_S2_N2.8,80.0,34.92,23.0,1,214.11
p1_N1_S1.9,90.0,26.14,7.0,1,213.93
p1_S1_N1.9,90.0,27.66,10.0,1,218.61
p1_N2_S2.6,60.0,59.27,44.0,1,251.65
p1_S2_N2.9,90.0,28.84,16.0,1,212.11
p1_N1_S1.10,100.0,19.12,0.0,0,193.78
p1_N2_S2.7,70.0,50.96,35.0,1,241.64
p1_S1_N1.10,100.0,18.26,2.0,1,190.52
p1_N1_S1.11,110.0,10.73,0.0,0,167.08
p1_N2_S2.8,80.0,41.36,28.0,1,229.15
p1_S2_N2.10,100.0,17.54,6.0,1,186.64
p1_N2_S2.9,90.0,34.36,19.0,1,242.7
p1_S2_N2.11,110.0,14.0,0.0,0,189.27
p1_E_W.8,58.0,46.08,22.0,2,294.56
p1_S2_N2.12,120.0,5.87,0.0,0,153.07
p1_N2_S2.10,100.0,26.99,14.0,1,213.71
p1_E_W.9,65.0,42.95,19.0,1,289.58
p1_N2_S2.11,110.0,18.67,4.0,1,189.31
p1_E_N1.2,61.0,40.52,21.0,1,288.34
p1_E_W.10,72.0,38.27,19.0,1,276.97
p1_E_W.11,80.0,32.0,18.0,1,248.15
p1_E_W.12,87.0,26.76,13.0,1,242.75
p1_W_S2.2,69.0,48.7,22.0,2,282.23
p1_W_E.19,63.0,42.71,25.0,2,273.27
p1_W_E.20,66.0,51.82,23.0,2,299.04
p1_E_N1.3,90.0,24.36,8.0,1,241.39
p1_E_W.13,94.0,25.94,6.0,1,240.9
p1_W_E.21,72.0,49.77,18.0,1,305.08
p1_E_W.14,101.0,21.04,2.0,1,235.84
p1_N2_W.2,63.0,60.67,43.0,1,319.56
p1_W_E.22,75.0,48.64,18.0,1,311.19
p1_W_E.23,78.0,47.28,18.0,1,306.44
p1_N2_W.3,93.0,32.98,17.0,1,268.04
p1_W_E.24,81.0,40.46,18.0,1,288.1
p1_W_E.25,84.0,46.5,16.0,1,294.7
p1_W_E.26,87.0,45.34,17.0,1,285.15
p1_S1_E.2,63.0,71.0,44.0,2,342.7
p1_S1_E.3,93.0,41.37,15.0,2,300.12
p1_E_W.15,108.0,28.59,17.0,1,249.16
p1_W_E.27,90.0,44.99,21.0,1,298.72
p1_E_W.16,116.0,22.46,9.0,1,241.12
p1_W_E.28,93.0,42.79,20.0,1,307.98
p1_W_E.29,96.0,44.99,19.0,1,309.3
p1_W_E.30,99.0,32.96,14.0,1,260.79
p1_N1_S1.12,120.0,48.69,38.0,1,237.49
p1_W_S2.3,102.0,37.2,13.0,1,273.65
p1_N1_S1.13,130.0,40.89,29.0,1,224.34
p1_N1_S1.14,140.0,32.86,19.0,1,208.9
p1_S1_N1.11,110.0,51.71,40.0,1,231.65
p1_S1_N1.12,120.0,56.26,39.0,1,247.37
p1_W_E.31,105.0,28.33,10.0,1,250.11
p1_S1_N1.13,130.0,47.97,32.0,1,240.96
p1_S2_N2.13,130.0,47.53,37.0,1,230.52
p1_W_E.32,108.0,49.34,9.0,1,280.39
p1_S1_N1.14,140.0,39.64,24.0,1,227.92
p1_N1_S1.15,150.0,20.98,8.0,1,185.7
p1_N2_S2.12,120.0,56.6,42.0,1,250.1
p1_W_E.33,111.0,33.9,9.0,1,279.01
p1_S1_N1.15,150.0,29.18,14.0,1,202.79
p1_N1_S1.16,160.0,20.91,2.0,1,192.71
p1_S2_N2.14,140.0,38.94,26.0,1,226.37
p1_N2_S2.13,130.0,52.39,40.0,1,240.94
p1_N1_S1.17,170.0,8.04,0.0,0,170.68
p1_S1_N1.16,160.0,23.32,8.0,1,201.79
p1_S2_N2.15,150.0,30.86,19.0,1,207.32
p1_S1_N1.17,170.0,15.72,0.0,0,183.72
p1_S2_N2.16,160.0,20.22,7.0,1,190.95
p1_S2_N2.17,170.0,20.75,4.0,1,197.37
p1_N2_S2.14,140.0,38.28,26.0,1,212.25
p1_S2_N2.18,180.0,12.4,0.0,0,187.79
p1_N2_S2.15,150.0,38.89,22.0,1,216.7
p1_E_N1.4,120.0,43.5,26.0,2,278.52
p1_N2_S2.16,160.0,34.93,16.0,1,221.68
p1_S2_N2.19,190.0,5.72,0.0,0,149.45
p1_E_W.17,123.0,45.4,22.0,2,296.03
p1_N2_S2.17,170.0,26.67,8.0,1,212.49
p1_E_W.18,130.0,45.99,20.0,1,294.05
p1_N2_S2.18,180.0,18.41,0.0,0,204.34
p1_E_W.19,137.0,40.74,19.0,1,279.18
p1_W_E.34,114.0,66.22,32.0,2,325.35
p1_E_W.20,144.0,24.45,11.0,1,242.1
p1_E_N1.5,150.0,25.88,10.0,1,245.47
p1_E_W.21,153.0,31.53,10.0,1,263.22
p1_W_E.35,117.0,59.14,30.0,2,316.38
p1_W_E.36,120.0,66.95,29.0,2,327.08
p1_E_W.22,159.0,26.24,8.0,1,249.97
p1_E_W.23,166.0,15.88,3.0,1,236.94
p1_W_E.37,123.0,62.07,27.0,2,327.17
p1_W_E.38,126.0,64.45,26.0,2,336.63
p1_N2_W.4,123.0,57.87,42.0,1,294.64
p1_W_E.39,129.0,55.29,24.0,2,308.62
p1_N2_W.5,153.0,39.87,21.0,1,271.46
p1_W_E.40,132.0,59.18,22.0,2,329.47
p1_W_S2.4,135.0,59.35,21.0,2,327.79
p1_W_E.41,138.0,56.81,19.0,2,324.89
p1_W_E.42,141.0,50.89,18.0,2,315.2
p1_N2_W.6,183.0,13.9,0.0,0,234.88
p1_W_E.43,144.0,56.38,16.0,1,311.44
p1_E_W.24,173.0,30.42,16.0,1,252.8
p1_W_E.44,147.0,50.79,16.0,1,303.3
p1_S1_E.4,123.0,79.77,52.0,2,338.84
p1_S1_E.5,153.0,54.89,24.0,2,311.29
p1_S1_N1.18,180.0,49.4,37.0,1,227.77
p1_W_E.45,150.0,59.7,26.0,2,347.57
p1_N1_S1.18,180.0,47.28,35.0,1,227.38
p1_W_E.46,153.0,58.41,24.0,2,357.42
p1_W_E.47,156.0,57.17,24.0,2,339.25
p1_S1_N1.19,190.0,43.89,30.0,1,226.03
p1_N1_S1.19,190.0,37.32,25.0,1,213.4
p1_S1_N1.20,200.0,35.74,24.0,1,215.68
p1_W_E.48,159.0,48.07,20.0,2,301.07
p1_N1_S1.20,200.0,37.3,21.0,1,224.91
p1_S1_N1.21,210.0,27.6,14.0,1,205.51
p1_W_E.49,162.0,55.51,19.0,2,300.29
p1_N1_S1.21,210.0,29.1,13.0,1,213.87
p1_W_S2.5,168.0,50.49,17.0,1,305.61
p1_N1_S1.22,220.0,20.72,5.0,1,203.39
p1_W_E.50,165.0,52.6,17.0,1,306.22
p1_W_E.51,171.0,50.03,16.0,1,313.75
p1_S1_N1.22,220.0,22.66,8.0,1,196.72
p1_N1_S1.23,230.0,8.64,0.0,0,172.2
p1_S1_N1.23,230.0,14.62,0.0,0,183.88
p1_W_E.52,174.0,42.87,14.0,1,286.15
p1_S1_N1.24,240.0,6.25,0.0,0,162.51
p1_N1_S1.24,240.0,5.55,0.0,0,154.18
p1_S2_N2.20,200.0,49.3,39.0,1,232.03
p1_N2_S2.19,190.0,58.47,47.0,1,248.89
p1_S2_N2.21,210.0,41.48,29.0,1,221.14
p1_N2_S2.20,200.0,51.22,40.0,1,241.56
p1_S2_N2.22,220.0,31.77,20.0,1,210.32
p1_E_W.25,180.0,46.58,29.0,2,284.21
p1_S2_N2.23,230.0,25.5,13.0,1,208.12
p1_E_W.26,188.0,47.73,24.0,2,289.52
p1_S2_N2.24,240.0,17.21,4.0,1,205.81
p1_E_N1.6,183.0,45.32,25.0,2,282.47
p1_E_W.27,195.0,42.5,18.0,1,305.04
p1_S2_N2.25,250.0,8.9,0.0,0,181.56
p1_N2_S2.21,210.0,37.07,27.0,1,212.19
p1_N2_S2.22,220.0,35.13,21.0,1,208.52
p1_E_N1.7,212.0,30.69,11.0,1,257.77
p1_N2_S2.23,230.0,25.28,12.0,1,187.23
p1_E_W.28,202.0,25.9,11.0,1,245.43
p1_S2_N2.26,260.0,5.8,0.0,0,145.62
p1_E_W.29,209.0,38.14,11.0,1,257.45
p1_E_W.30,216.0,32.97,10.0,1,274.83
p1_N2_S2.24,240.0,15.68,1.0,1,178.76
p1_E_W.31,224.0,26.75,9.0,1,265.53
p1_N2_S2.25,250.0,22.93,0.0,0,216.7
p1_W_E.53,176.0,71.96,36.0,2,347.4
p1_E_W.32,231.0,17.45,0.0,0,247.65
p1_W_E.54,180.0,74.23,35.0,2,351.52
p1_E_W.33,238.0,16.32,0.0,0,239.41
p1_W_E.55,183.0,70.21,35.0,2,334.48
p1_W_E.56,186.0,70.15,33.0,2,334.08
p1_W_E.57,189.0,70.59,30.0,2,331.5
p1_N2_W.7,213.0,44.14,25.0,1,276.81
p1_W_E.58,192.0,64.94,29.0,2,324.97
p1_W_E.59,195.0,63.58,25.0,2,322.54
p1_W_S2.6,201.0,64.28,19.0,2,320.81
p1_N2_W.8,243.0,22.28,1.0,1,241.03
p1_W_E.60,198.0,54.45,21.0,2,297.51
p1_S1_E.6,183.0,77.4,48.0,2,349.18
p1_S1_E.7,213.0,65.01,29.0,2,322.67
p1_W_E.61,204.0,75.85,32.0,3,372.31
p1_N1_S1.25,250.0,51.05,39.0,1,235.51
p1_W_E.62,207.0,74.54,29.0,3,371.33
p1_W_E.63,210.0,73.32,28.0,3,369.96
p1_S1_N1.25,250.0,50.21,37.0,1,231.01
p1_W_E.64,213.0,61.74,26.0,2,346.34
p1_N1_S1.26,260.0,38.31,27.0,1,216.82
p1_S1_N1.26,260.0,47.86,34.0,1,235.79
p1_W_E.65,216.0,59.86,23.0,2,324.79
p1_N1_S1.27,270.0,39.6,22.0,1,226.65
p1_S1_N1.27,270.0,39.61,24.0,1,230.8
p1_W_E.66,219.0,67.64,22.0,2,341.5
p1_N1_S1.28,280.0,27.75,11.0,1,214.12
p1_W_E.67,222.0,68.85,20.0,2,336.67
p1_S1_N1.28,280.0,30.77,15.0,1,203.87
p1_N1_S1.29,290.0,23.12,7.0,1,211.24
p1_W_E.68,225.0,67.6,20.0,2,350.27
p1_S1_N1.29,290.0,24.39,8.0,1,205.8
p1_N1_S1.30,300.0,13.73,0.0,0,195.71
p1_W_E.69,228.0,66.34,19.0,2,348.73
p1_N1_S1.31,310.0,6.54,0.0,0,160.58
p1_W_E.70,231.0,65.05,20.0,2,354.6
p1_S1_N1.30,300.0,14.47,0.0,0,182.72
p1_W_S2.7,234.0,55.85,18.0,2,307.84
p1_W_E.71,237.0,57.89,16.0,1,308.7
p1_W_E.72,240.0,54.04,16.0,1,305.47
p1_E_N1.8,241.0,58.57,42.0,2,306.94
p1_E_W.34,245.0,58.93,40.0,2,313.57
p1_N2_S2.26,260.0,65.57,53.0,1,262.11
p1_S2_N2.27,270.0,52.99,42.0,1,239.79
p1_S2_N2.28,280.0,48.69,35.0,1,229.44
p1_E_W.35,252.0,50.78,31.0,2,299.81
p1_N2_S2.27,270.0,56.57,45.0,1,247.53
p1_S2_N2.29,290.0,40.38,28.0,1,231.41
p1_E_W.36,260.0,46.27,24.0,2,290.55
p1_N2_S2.28,280.0,52.29,39.0,1,240.97
p1_S2_N2.30,300.0,31.08,20.0,1,207.09
p1_E_W.37,267.0,44.94,18.0,1,305.36
p1_S2_N2.31,310.0,21.69,8.0,1,189.0
p1_E_W.38,274.0,41.97,16.0,1,272.15
p1_S2_N2.32,320.0,17.21,1.0,1,190.2
p1_S2_N2.33,330.0,9.01,0.0,0,174.29
p1_E_N1.9,270.0,35.22,16.0,1,268.01
p1_E_W.39,281.0,33.31,15.0,1,257.01
p1_N2_S2.29,290.0,36.72,22.0,1,220.71
p1_E_W.40,288.0,32.84,12.0,1,262.54
p1_E_W.41,296.0,28.05,8.0,1,252.22
p1_N2_S2.30,300.0,35.86,19.0,1,221.75
p1_N2_S2.31,310.0,36.61,16.0,1,223.03
p1_E_N1.10,300.0,25.33,7.0,1,247.24
p1_W_E.73,243.0,83.52,38.0,2,365.45
p1_E_W.42,303.0,23.38,5.0,1,240.9
p1_N2_S2.32,320.0,28.36,7.0,1,212.7
p1_W_E.74,246.0,82.91,38.0,2,359.3
p1_E_W.43,310.0,16.5,0.0,0,232.63
p1_N2_W.9,273.0,58.1,44.0,1,289.44
p1_W_E.75,249.0,78.57,35.0,2,348.41
p1_W_E.76,252.0,81.46,33.0,2,359.13
p1_W_E.77,255.0,80.06,31.0,2,360.6
p1_W_E.78,258.0,74.7,27.0,2,340.75
p1_N2_W.10,303.0,37.03,17.0,1,268.75
p1_W_E.79,261.0,71.6,26.0,2,336.66
p1_W_E.80,264.0,72.96,26.0,2,342.35
p1_W_S2.8,267.0,73.12,24.0,3,334.08
p1_W_E.81,270.0,72.25,22.0,2,341.91
p1_S1_N1.31,310.0,61.26,46.0,1,251.88
p1_S1_E.8,243.0,100.67,58.0,2,384.03
p1_N1_S1.32,320.0,51.96,38.0,1,242.57
p1_S1_E.9,273.0,74.23,37.0,3,357.66
p1_S1_N1.32,320.0,53.66,42.0,1,243.79
p1_N1_S1.33,330.0,41.12,29.0,1,219.57
p1_S1_N1.33,330.0,46.02,33.0,1,226.65
p1_S1_E.10,303.0,42.95,15.0,1,290.04
p1_W_E.82,273.0,83.96,43.0,3,375.96
p1_N1_S1.34,340.0,38.24,24.0,1,220.9
p1_N1_S1.35,350.0,29.98,14.0,1,219.74
p1_W_E.83,276.0,72.11,40.0,3,344.38
p1_W_E.84,279.0,82.1,38.0,3,362.22
p1_N1_S1.36,360.0,19.14,4.0,1,189.93
p1_S1_N1.34,340.0,37.96,24.0,1,216.81
p1_W_E.85,282.0,69.65,36.0,3,335.53
p1_S1_N1.35,350.0,33.17,18.0,1,221.14
p1_N1_S1.37,370.0,7.74,0.0,0,163.84
p1_W_E.86,285.0,69.68,32.0,2,333.29
p1_N1_S1.38,380.0,6.96,0.0,0,150.84
p1_W_E.87,288.0,71.25,32.0,3,344.15
p1_W_E.88,291.0,72.65,30.0,2,359.77
p1_S1_N1.36,360.0,18.4,4.0,1,188.64
p1_W_E.89,294.0,75.69,29.0,2,365.02
p1_S1_N1.37,370.0,23.2,2.0,1,200.35
p1_W_S2.9,300.0,72.01,28.0,2,336.35
p1_E_W.44,317.0,55.8,37.0,2,301.13
p1_E_W.45,324.0,50.48,30.0,2,303.68
p1_W_E.90,297.0,56.7,27.0,2,307.48
p1_N2_S2.33,330.0,71.42,52.0,1,283.04
p1_W_E.91,303.0,76.47,25.0,2,349.83
p1_E_W.46,333.0,46.75,19.0,2,296.54
p1_E_N1.11,330.0,40.93,20.0,2,279.99
p1_E_W.47,339.0,43.1,16.0,2,280.66
p1_S2_N2.34,340.0,58.53,47.0,1,250.48
p1_E_W.48,346.0,37.77,12.0,1,285.5
p1_N2_S2.34,340.0,66.32,51.0,1,268.92
p1_S2_N2.35,350.0,55.83,40.0,1,252.88
p1_S2_N2.36,360.0,47.44,32.0,1,248.28
p1_N2_S2.35,350.0,58.52,45.0,1,249.37
p1_N2_S2.36,360.0,48.99,37.0,1,237.24
p1_S2_N2.37,370.0,34.62,23.0,1,208.02
p1_E_N1.12,363.0,27.72,7.0,1,252.99
p1_E_W.49,353.0,22.33,8.0,1,237.84
p1_E_W.50,360.0,33.57,7.0,1,254.82
p1_S2_N2.38,380.0,23.38,12.0,1,184.36
p1_E_W.51,368.0,27.34,7.0,1,259.44
p1_E_W.52,375.0,22.0,2.0,1,254.81
p1_S2_N2.39,390.0,25.96,6.0,1,199.21
p1_S2_N2.40,400.0,7.44,0.0,0,156.0
p1_S2_N2.41,410.0,7.21,0.0,0,157.43
p1_N2_S2.37,370.0,36.39,21.0,1,213.25
p1_N2_S2.38,380.0,48.32,20.0,1,243.42
p1_E_W.53,382.0,8.69,0.0,0,199.06
p1_N2_S2.39,390.0,40.2,13.0,1,231.49
p1_E_W.54,389.0,20.27,0.0,0,216.41
p1_N2_W.11,333.0,77.8,51.0,1,341.78
p1_N2_S2.40,400.0,28.8,5.0,1,227.2
p1_W_E.92,306.0,92.8,51.0,3,370.3
p1_N2_W.12,363.0,51.04,35.0,1,285.39
p1_W_E.93,309.0,106.3,50.0,3,384.29
p1_W_E.94,312.0,104.93,48.0,3,394.82
p1_W_E.95,315.0,97.32,48.0,3,380.0
p1_W_E.96,318.0,94.44,46.0,3,376.78
p1_S1_N1.38,380.0,62.36,46.0,1,255.17
p1_W_E.97,321.0,100.79,45.0,3,391.5
p1_S1_N1.39,390.0,54.37,43.0,1,238.76
p1_N1_S1.39,390.0,50.43,38.0,1,229.24
p1_W_E.98,324.0,95.44,45.0,4,384.32
p1_W_E.99,327.0,98.97,42.0,3,383.33
p1_N1_S1.40,400.0,46.91,33.0,1,229.0
p1_W_S2.10,333.0,93.41,39.0,3,368.5
p1_N1_S1.41,410.0,38.72,25.0,1,218.06
p1_W_E.100,330.0,97.67,40.0,4,396.41
p1_S1_N1.40,400.0,47.33,35.0,1,232.01
p1_N1_S1.42,420.0,30.39,15.0,1,215.59
p1_W_E.101,337.0,92.51,37.0,3,383.78
p1_S1_N1.41,410.0,41.58,28.0,1,236.11
p1_N1_S1.43,430.0,22.09,7.0,1,209.93
p1_S1_E.11,333.0,97.8,53.0,2,394.57
p1_S1_N1.42,420.0,33.27,20.0,1,222.25
p1_S1_E.12,363.0,69.5,24.0,2,348.69
p1_N1_S1.44,440.0,13.87,0.0,0,188.74
p1_W_E.102,340.0,90.13,52.0,3,377.08
p1_W_E.103,343.0,94.28,48.0,3,390.99
p1_N1_S1.45,450.0,6.06,0.0,0,149.48
p1_W_E.104,346.0,93.01,47.0,3,409.51
p1_S1_N1.43,430.0,23.25,9.0,1,196.75
p1_W_E.105,349.0,91.76,44.0,3,390.32
p1_S1_N1.44,440.0,19.2,2.0,1,200.09
p1_W_E.106,352.0,86.86,40.0,3,371.86
p1_W_E.107,355.0,87.16,40.0,3,375.36
p1_W_E.108,358.0,87.94,37.0,4,384.6
p1_N2_W.13,393.0,46.65,21.0,2,296.82
p1_W_E.109,361.0,86.65,35.0,2,380.21
p1_E_N1.13,392.0,45.91,28.0,2,283.9
p1_W_E.110,364.0,75.21,33.0,2,334.34
p1_E_W.55,396.0,43.13,23.0,2,276.73
p1_W_E.111,370.0,86.78,34.0,2,353.5
p1_E_W.56,404.0,43.81,19.0,2,294.21
p1_W_S2.11,367.0,75.29,33.0,2,346.79
p1_E_W.57,411.0,47.39,16.0,2,323.35
p1_E_W.58,418.0,42.12,8.0,2,305.37
p1_N2_S2.41,410.0,72.76,52.0,1,280.14
p1_S2_N2.42,420.0,61.71,51.0,1,254.39
p1_E_N1.14,421.0,34.18,6.0,2,278.64
p1_E_W.59,425.0,36.95,3.0,2,303.1
p1_N2_S2.42,420.0,65.13,52.0,1,247.44
p1_E_W.60,432.0,28.92,0.0,0,264.69
p1_S2_N2.43,430.0,52.26,41.0,1,240.03
p1_S2_N2.44,440.0,48.06,34.0,1,228.5
p1_S2_N2.45,450.0,38.32,25.0,1,223.67
p1_S2_N2.46,460.0,32.1,19.0,1,222.05
p1_S2_N2.47,470.0,23.74,10.0,1,207.89
p1_E_N1.15,450.0,23.42,0.0,0,238.94
p1_N2_S2.43,430.0,54.89,41.0,1,241.82
p1_S2_N2.48,480.0,12.77,0.0,0,168.38
p1_N2_S2.44,440.0,58.37,37.0,1,253.46
p1_N2_S2.45,450.0,39.76,25.0,1,217.7
p1_S2_N2.49,490.0,6.03,0.0,0,156.03
p1_E_W.61,440.0,9.41,0.0,0,212.61
p1_E_W.62,447.0,35.53,0.0,0,238.93
p1_N2_S2.46,460.0,35.71,19.0,1,211.15
p1_E_W.63,454.0,30.33,0.0,0,261.35
p1_N2_S2.47,470.0,36.37,15.0,1,218.56
p1_E_W.64,461.0,24.99,0.0,0,254.51
p1_N2_S2.48,480.0,27.97,6.0,1,214.08
p1_E_W.65,468.0,19.79,0.0,0,233.93
p1_S1_N1.45,450.0,63.16,48.0,1,259.75
p1_N1_S1.46,460.0,53.21,42.0,1,246.23
p1_N1_S1.47,470.0,44.7,33.0,1,222.92
p1_S1_N1.46,460.0,57.33,47.0,1,250.3
p1_N1_S1.48,480.0,37.37,24.0,1,210.24
p1_S1_N1.47,470.0,49.11,35.0,1,232.34
p1_N1_S1.49,490.0,29.05,16.0,1,210.02
p1_W_E.112,373.0,100.79,61.0,3,382.16
p1_N1_S1.50,500.0,21.19,8.0,1,195.84
p1_W_E.113,376.0,124.39,59.0,3,408.76
p1_W_E.114,379.0,123.14,56.0,3,413.28
p1_N1_S1.51,510.0,13.08,0.0,0,181.83
p1_W_E.115,382.0,121.88,55.0,3,418.78
p1_W_E.116,385.0,120.61,55.0,3,420.79
p1_S1_N1.48,480.0,35.75,25.0,1,208.58
p1_N1_S1.52,520.0,5.41,0.0,0,152.05
p1_W_E.117,388.0,119.39,53.0,3,412.12
p1_W_S2.12,400.0,107.26,51.0,4,394.38
p1_S1_N1.49,490.0,39.01,22.0,1,225.24
p1_W_E.118,391.0,116.12,54.0,3,401.83
p1_W_E.119,394.0,114.69,54.0,3,402.54
p1_S1_N1.50,500.0,26.28,10.0,1,193.79
p1_S1_N1.51,510.0,24.15,6.0,1,203.15
p1_W_E.120,397.0,106.15,51.0,3,423.06
p1_N1_S1.53,530.0,5.6,0.0,0,150.88
p1_W_E.121,402.0,112.92,50.0,3,417.82
p1_S1_E.13,393.0,119.01,78.0,3,427.36
p1_S1_E.14,423.0,95.39,47.0,3,391.62
p1_W_E.122,405.0,110.93,55.0,3,417.85
p1_W_E.123,408.0,107.26,53.0,4,409.07
p1_W_E.124,411.0,100.32,52.0,5,393.59
p1_W_E.125,415.0,111.35,51.0,4,405.42
p1_W_E.126,418.0,110.08,47.0,3,405.72
p1_N2_W.14,423.0,84.91,65.0,2,340.43
p1_E_N1.16,480.0,45.18,23.0,2,287.62
p1_W_E.127,421.0,108.8,46.0,3,402.99
p1_N2_W.15,453.0,68.5,40.0,2,329.5
p1_E_W.66,476.0,55.17,28.0,2,318.87
p1_W_E.128,424.0,91.27,41.0,3,361.32
p1_E_W.67,483.0,40.2,17.0,2,277.49
p1_E_W.68,490.0,44.89,15.0,2,292.45
p1_W_E.129,427.0,108.44,40.0,3,379.91
p1_W_S2.13,432.0,95.78,36.0,3,394.2
p1_E_W.69,497.0,39.66,10.0,2,304.97
p1_W_E.130,429.0,99.35,41.0,5,387.27
p1_E_N1.17,510.0,27.85,0.0,0,284.56
p1_E_W.70,504.0,34.45,4.0,2,302.91
p1_W_E.131,435.0,95.47,37.0,3,382.16
p1_E_W.71,513.0,27.3,0.0,0,282.53
p1_E_W.72,519.0,20.72,0.0,0,252.28
p1_N2_S2.49,490.0,75.57,53.0,1,280.14
p1_E_W.73,526.0,16.25,0.0,0,241.47
p1_S2_N2.50,500.0,59.79,49.0,1,246.77
p1_E_W.74,533.0,12.74,0.0,0,225.22
p1_N2_S2.50,500.0,65.59,52.0,1,245.47
p1_S2_N2.51,510.0,58.68,45.0,1,248.93
p1_N2_S2.51,510.0,57.36,46.0,1,243.13
p1_S2_N2.52,520.0,42.72,31.0,1,214.84
p1_N2_S2.52,520.0,54.15,40.0,1,248.15
p1_S2_N2.53,530.0,44.33,25.0,1,223.81
p1_E_W.75,540.0,6.43,0.0,0,201.67
p1_S2_N2.54,540.0,35.64,17.0,1,215.44
p1_E_N1.18,543.0,10.58,0.0,0,217.1
p1_S2_N2.55,550.0,22.38,8.0,1,191.85
p1_N2_S2.53,530.0,42.45,30.0,1,220.56
p1_E_W.76,548.0,7.25,0.0,0,200.57
p1_S2_N2.56,560.0,19.77,2.0,1,203.68
p1_N2_S2.54,540.0,34.27,20.0,1,205.48
p1_N2_S2.55,550.0,31.09,16.0,1,206.6
p1_S2_N2.57,570.0,6.63,0.0,0,150.97
p1_S2_N2.58,580.0,8.88,0.0,0,157.42
p1_W_E.132,438.0,132.16,63.0,3,453.65
p1_S1_N1.52,520.0,67.06,50.0,1,273.4
p1_N2_S2.56,560.0,16.77,3.0,1,186.19
p1_W_E.133,441.0,131.47,61.0,3,433.44
p1_S1_N1.53,530.0,63.91,49.0,1,260.52
p1_S1_N1.54,540.0,55.32,41.0,1,262.0
p1_W_E.134,444.0,126.93,59.0,3,414.68
p1_S1_N1.55,550.0,48.3,34.0,1,234.53
p1_W_E.135,447.0,130.56,59.0,3,423.6
p1_N1_S1.54,540.0,39.3,28.0,1,218.46
p1_S1_N1.56,560.0,40.37,27.0,1,228.41
p1_W_E.136,450.0,129.34,56.0,4,431.71
p1_W_E.137,453.0,126.55,56.0,3,421.07
p1_N1_S1.55,550.0,52.16,26.0,1,233.4
p1_N1_S1.56,560.0,37.74,19.0,1,217.92
p1_S1_N1.57,570.0,30.38,16.0,1,201.46
p1_N1_S1.57,570.0,23.58,8.0,1,204.67
p1_N1_S1.58,580.0,27.72,5.0,1,211.88
p1_S1_N1.58,580.0,27.19,12.0,1,207.09
p1_N1_S1.59,590.0,19.48,0.0,0,193.95
p1_S1_N1.59,590.0,17.89,3.0,1,190.9
p1_N1_S1.60,600.0,7.25,0.0,0,166.17
p1_S1_N1.60,600.0,12.72,0.0,0,174.64
p1_W_E.138,456.0,108.86,56.0,3,365.77
p1_W_S2.14,465.0,129.38,64.0,4,426.03
p1_W_E.139,459.0,124.59,55.0,3,395.88
p1_N2_W.16,483.0,113.01,84.0,3,411.51
p1_S1_E.15,453.0,144.4,89.0,4,448.59
p1_S1_E.16,483.0,108.66,61.0,3,396.2
p1_N2_W.17,513.0,84.98,63.0,2,359.51
p1_N2_W.18,543.0,57.07,32.0,2,314.57
p1_S1_E.17,513.0,79.8,30.0,2,359.29
p1_W_E.140,462.0,140.68,64.0,4,463.39
p1_E_W.77,555.0,47.36,28.0,2,296.08
p1_W_E.141,468.0,135.93,58.0,3,458.02
p1_W_E.142,471.0,135.11,59.0,4,462.43
p1_E_W.78,562.0,38.29,19.0,2,275.19
p1_W_E.143,474.0,124.85,54.0,3,438.63
p1_W_E.144,477.0,126.19,55.0,4,448.01
p1_E_W.79,569.0,31.52,12.0,1,266.59
p1_W_E.145,480.0,131.78,54.0,3,459.11
p1_E_W.80,576.0,36.12,9.0,1,275.93
p1_E_N1.19,572.0,33.01,11.0,1,269.47
p1_W_E.146,483.0,121.43,52.0,4,430.17
p1_E_W.81,584.0,27.25,3.0,1,251.95
p1_W_E.147,486.0,117.7,50.0,3,407.07
p1_W_E.148,489.0,128.36,48.0,3,415.63
p1_E_W.82,591.0,20.37,0.0,0,249.13
p1_W_E.149,492.0,127.02,49.0,3,414.84
p1_E_W.83,598.0,21.65,0.0,0,248.73
p1_W_E.150,495.0,125.81,48.0,3,416.52
p1_E_N1.20,601.0,19.65,0.0,0,243.35
p1_E_W.84,605.0,16.51,0.0,0,239.34
p1_W_S2.15,498.0,110.98,44.0,3,384.31
p1_S2_N2.59,590.0,53.79,42.0,1,239.23
p1_N2_S2.57,570.0,75.63,53.0,1,290.36
p1_S2_N2.60,600.0,45.9,33.0,1,227.26
p1_N2_S2.58,580.0,68.35,51.0,1,258.06
p1_E_W.85,612.0,7.83,0.0,0,200.08
p1_E_W.86,620.0,9.0,0.0,0,200.84
p1_N2_S2.59,590.0,57.49,46.0,1,244.75
p1_S2_N2.61,610.0,33.31,22.0,1,199.22
p1_S2_N2.62,620.0,31.28,16.0,1,213.63
p1_S2_N2.63,630.0,22.13,8.0,1,211.17
p1_N2_S2.60,600.0,46.87,36.0,1,230.97
p1_E_W.87,627.0,6.81,0.0,0,187.27
p1_S2_N2.64,640.0,19.47,1.0,1,209.01
p1_N2_S2.61,610.0,50.3,34.0,1,237.22
p1_E_N1.21,630.0,9.16,0.0,0,220.12
p1_N2_S2.62,620.0,38.83,22.0,1,219.41
p1_N2_S2.63,630.0,33.75,15.0,1,226.67
p1_N1_S1.61,610.0,55.18,43.0,1,240.55
p1_S2_N2.65,650.0,5.82,0.0,0,151.86
p1_N1_S1.62,620.0,47.61,36.0,1,236.96
p1_W_E.151,501.0,145.42,67.0,5,449.26
p1_S1_N1.61,610.0,56.51,46.0,1,241.83
p1_N1_S1.63,630.0,39.1,27.0,1,220.04
p1_S1_N1.62,620.0,50.09,37.0,1,240.64
p1_W_E.152,504.0,139.35,63.0,4,437.53
p1_S1_N1.63,630.0,40.31,27.0,1,219.0
p1_W_E.153,507.0,145.36,60.0,4,455.36
p1_S1_N1.64,640.0,35.4,23.0,1,211.75
p1_W_E.154,510.0,140.79,58.0,4,467.1
p1_W_E.155,513.0,143.02,56.0,4,464.64
p1_S1_N1.65,650.0,27.2,15.0,1,202.33
p1_N1_S1.64,640.0,26.95,14.0,1,197.54
p1_S1_E.18,543.0,108.12,75.0,3,402.26
p1_N1_S1.65,650.0,22.92,8.0,1,194.53
p1_S1_N1.66,660.0,18.29,6.0,1,188.69
p1_S1_E.19,573.0,86.59,46.0,3,387.99
p1_N1_S1.66,660.0,18.09,1.0,1,193.35
p1_S1_N1.67,670.0,13.1,0.0,0,188.43
p1_W_E.156,516.0,138.66,66.0,4,462.72
p1_W_E.157,519.0,144.92,63.0,3,476.9
p1_W_E.158,522.0,143.76,62.0,3,477.87
p1_W_E.159,525.0,139.92,59.0,3,462.37
p1_N1_S1.67,670.0,6.81,0.0,0,149.46
p1_W_E.160,528.0,141.16,61.0,4,456.84
p1_N2_W.19,573.0,90.29,61.0,2,368.76
p1_N2_W.20,603.0,67.4,41.0,2,328.58
p1_W_E.161,534.0,138.09,61.0,3,459.19
p1_N2_W.21,633.0,38.72,14.0,1,297.94
p1_W_S2.16,531.0,135.22,60.0,3,453.83
p1_W_E.162,537.0,137.01,57.0,4,466.55
p1_W_E.163,540.0,135.83,53.0,3,458.53
p1_W_E.164,543.0,129.09,53.0,3,426.54
p1_W_E.165,546.0,134.66,54.0,4,420.96
p1_W_E.166,549.0,135.85,52.0,3,422.31
p1_E_N1.22,660.0,26.67,1.0,1,243.81
p1_W_E.167,552.0,115.98,52.0,3,402.14
p1_E_W.88,634.0,23.71,8.0,1,241.63
p1_W_E.168,555.0,130.28,51.0,3,431.84
p1_E_W.89,641.0,55.39,8.0,1,265.48
p1_E_W.90,648.0,48.9,6.0,1,277.91
p1_W_E.169,558.0,140.42,50.0,3,444.36
p1_E_W.91,656.0,43.66,5.0,1,276.7
p1_W_E.170,561.0,132.46,49.0,3,454.75
p1_S2_N2.66,660.0,59.69,47.0,1,253.36
p1_E_N1.23,690.0,9.71,0.0,0,214.59
p1_W_S2.17,564.0,118.4,50.0,3,411.7
p1_E_W.92,663.0,35.03,0.0,0,279.74
p1_N2_S2.64,640.0,84.78,59.0,2,301.8
p1_E_W.93,670.0,33.15,0.0,0,264.26
p1_N2_S2.65,650.0,76.57,50.0,1,287.53
p1_S2_N2.67,670.0,49.8,38.0,1,235.18
p1_E_W.94,677.0,27.94,0.0,0,247.94
p1_N2_S2.66,660.0,68.24,49.0,1,279.61
p1_S2_N2.68,680.0,41.34,30.0,1,221.91
p1_E_W.95,684.0,22.65,0.0,0,227.3
p1_N2_S2.67,670.0,60.11,46.0,1,259.95
p1_S2_N2.69,690.0,31.75,20.0,1,202.1
p1_N2_S2.68,680.0,52.7,38.0,1,242.36
p1_S2_N2.70,700.0,29.12,13.0,1,207.74
p1_N2_S2.69,690.0,44.54,29.0,1,223.9
p1_S2_N2.71,710.0,24.73,7.0,1,217.51
p1_E_W.96,693.0,8.3,0.0,0,200.18
p1_S2_N2.72,720.0,16.52,0.0,0,213.3
p1_E_W.97,699.0,13.17,0.0,0,207.76
p1_N2_S2.70,700.0,39.77,22.0,1,227.15
p1_N1_S1.68,680.0,61.3,49.0,1,251.96
p1_N2_S2.71,710.0,31.63,12.0,1,215.71
p1_S1_N1.68,680.0,62.02,51.0,1,244.34
p1_S1_N1.69,690.0,53.78,42.0,1,242.71
p1_N1_S1.69,690.0,51.16,40.0,1,238.06
p1_S2_N2.73,730.0,6.15,0.0,0,145.04
p1_N1_S1.70,700.0,47.03,33.0,1,236.07
p1_S1_N1.70,700.0,49.0,36.0,1,229.78
p1_N1_S1.71,710.0,38.92,24.0,1,229.14
p1_W_E.171,567.0,156.94,76.0,4,468.72
p1_N1_S1.72,720.0,30.61,16.0,1,217.78
p1_W_E.172,570.0,160.59,76.0,4,458.04
p1_N1_S1.73,730.0,22.29,8.0,1,217.53
p1_S1_E.20,603.0,126.38,90.0,3,420.75
p1_S1_E.21,633.0,101.02,63.0,3,399.2
p1_S1_E.22,663.0,72.85,32.0,3,362.44
p1_S1_N1.71,710.0,34.88,20.0,1,207.77
p1_N1_S1.74,740.0,9.22,0.0,0,162.4
p1_W_E.173,573.0,164.67,75.0,4,504.03
p1_S1_N1.72,720.0,38.91,17.0,1,221.06
p1_N1_S1.75,750.0,10.12,0.0,0,162.97
p1_S1_N1.73,730.0,24.37,8.0,1,199.48
p1_S1_N1.74,740.0,17.62,0.0,0,187.52
p1_W_E.174,576.0,157.24,75.0,5,484.97
p1_W_E.175,579.0,164.96,74.0,6,511.95
p1_W_E.176,582.0,163.65,72.0,4,512.61
p1_N2_W.22,663.0,69.92,48.0,2,322.05
p1_W_E.177,585.0,150.07,71.0,4,476.87
p1_N2_W.23,693.0,57.22,27.0,1,320.24
p1_W_E.178,588.0,157.49,69.0,4,480.2
p1_W_E.179,591.0,162.09,68.0,4,481.81
p1_W_S2.18,597.0,156.64,62.0,4,461.9
p1_W_E.180,594.0,160.91,65.0,4,492.12
p1_E_W.98,706.0,40.32,29.0,1,265.27
p1_W_E.181,600.0,156.68,60.0,4,486.55
p1_E_W.99,713.0,43.33,25.0,1,285.54
p1_W_E.182,603.0,155.58,60.0,4,480.52
p1_E_N1.24,723.0,35.2,19.0,1,281.29
p1_E_W.100,720.0,39.37,22.0,1,271.23
p1_W_E.183,606.0,154.33,59.0,5,477.22
p1_W_E.184,609.0,153.05,55.0,4,468.25
p1_E_W.101,728.0,28.8,14.0,1,257.91
p1_W_E.185,612.0,151.92,55.0,4,454.95
p1_E_W.102,735.0,29.62,11.0,1,261.96
p1_W_E.186,615.0,150.76,54.0,5,447.13
p1_E_W.103,742.0,24.39,6.0,1,261.58
p1_E_N1.25,752.0,16.78,0.0,0,229.42
p1_E_W.104,749.0,8.4,0.0,0,202.72
p1_W_E.187,629.0,121.26,47.0,4,418.91
p1_S2_N2.74,740.0,61.63,50.0,1,250.41
p1_E_W.105,756.0,22.05,0.0,0,241.52
p1_N2_S2.72,720.0,80.75,57.0,2,294.88
p1_E_W.106,764.0,17.01,0.0,0,236.5
p1_W_E.188,633.0,134.45,49.0,3,418.34
p1_S2_N2.75,750.0,53.6,43.0,1,235.89
p1_W_E.189,636.0,147.05,46.0,4,431.23
p1_N2_S2.73,730.0,75.36,51.0,1,281.15
p1_W_E.190,640.0,135.81,44.0,4,426.3
p1_S2_N2.76,760.0,44.15,32.0,1,223.38
p1_S2_N2.77,770.0,38.16,26.0,1,216.26
p1_S2_N2.78,780.0,29.81,16.0,1,216.66
p1_S2_N2.79,790.0,20.49,7.0,1,197.8
p1_S1_N1.75,750.0,62.18,47.0,1,259.9
p1_N2_S2.74,740.0,62.58,49.0,1,247.85
p1_N1_S1.76,760.0,50.94,38.0,1,231.86
p1_S2_N2.80,800.0,11.58,0.0,0,174.44
p1_N2_S2.75,750.0,65.26,45.0,1,263.79
p1_N1_S1.77,770.0,46.34,34.0,1,229.36
p1_S1_N1.76,760.0,56.92,44.0,1,246.58
p1_N2_S2.76,760.0,56.91,39.0,1,265.32
p1_N1_S1.78,780.0,38.12,25.0,1,226.04
p1_S1_N1.77,770.0,46.82,35.0,1,235.71
p1_N1_S1.79,790.0,29.93,15.0,1,204.85
p1_N2_S2.77,770.0,41.58,27.0,1,222.94
p1_S2_N2.81,810.0,5.61,0.0,0,151.53
p1_N1_S1.80,800.0,19.43,5.0,1,191.35
p1_N2_S2.78,780.0,39.29,22.0,1,225.89
p1_S1_N1.78,780.0,37.03,26.0,1,212.22
p1_N1_S1.81,810.0,9.17,0.0,0,160.58
p1_S1_N1.79,790.0,33.88,18.0,1,211.54
p1_N2_S2.79,790.0,30.23,14.0,1,210.07
p1_S1_N1.80,800.0,26.01,12.0,1,205.4
p1_N1_S1.82,820.0,5.66,0.0,0,153.61
p1_W_S2.19,644.0,160.95,70.0,5,468.84
p1_W_E.191,647.0,162.11,69.0,5,460.19
p1_S1_N1.81,810.0,20.59,4.0,1,204.62
p1_S1_E.23,693.0,115.51,78.0,4,401.17
p1_S1_E.24,723.0,91.76,50.0,3,375.92
p1_W_E.192,650.0,163.1,79.0,6,475.06
p1_W_E.193,653.0,165.46,73.0,6,487.1
p1_E_W.107,771.0,34.97,22.0,1,257.87
p1_W_E.194,656.0,164.21,72.0,6,492.32
p1_E_W.108,778.0,42.98,21.0,1,258.62
p1_E_N1.26,781.0,31.37,18.0,1,251.76
p1_W_E.195,659.0,157.36,68.0,6,474.91
p1_E_W.109,785.0,32.78,15.0,1,254.6
p1_W_E.196,662.0,161.99,66.0,5,481.45
p1_W_E.197,665.0,162.76,61.0,4,487.1
p1_N2_W.24,723.0,93.91,59.0,2,370.62
p1_W_E.198,668.0,161.53,59.0,4,484.0
p1_N2_W.25,753.0,75.87,47.0,2,343.84
p1_N2_W.26,783.0,47.73,22.0,1,308.11
p1_E_W.110,792.0,37.1,26.0,1,256.66
p1_W_E.199,671.0,149.85,60.0,4,454.6
p1_W_S2.20,677.0,156.78,58.0,5,462.3
p1_W_E.200,674.0,162.13,60.0,5,455.05
p1_W_E.201,680.0,158.11,57.0,4,479.35
p1_E_W.111,800.0,28.71,18.0,1,251.78
p1_E_W.112,807.0,34.05,15.0,1,272.35
p1_E_N1.27,810.0,30.35,12.0,1,276.34
p1_E_W.113,814.0,24.18,10.0,1,263.02
p1_W_E.202,683.0,143.83,57.0,6,449.7
p1_W_E.203,705.0,132.73,46.0,4,441.37
p1_E_W.114,821.0,25.37,5.0,1,276.05
p1_E_W.115,828.0,20.11,1.0,1,260.82
p1_W_E.204,709.0,139.82,45.0,4,451.24
p1_E_W.116,836.0,9.33,0.0,0,207.85
p1_W_E.205,712.0,138.55,46.0,3,460.03
p1_W_E.206,715.0,137.33,43.0,3,443.38
p1_W_E.207,718.0,135.98,42.0,3,437.75
p1_S1_E.25,753.0,97.09,66.0,2,386.85
p1_E_W.117,843.0,12.88,0.0,0,222.04
p1_E_N1.28,840.0,9.28,0.0,0,220.53
p1_S1_E.26,783.0,70.44,37.0,2,369.8
p1_W_E.208,721.0,138.38,52.0,4,466.16
p1_W_E.209,724.0,129.94,46.0,4,457.36
p1_S1_N1.82,820.0,65.5,47.0,1,269.71
p1_S2_N2.82,820.0,60.07,47.0,1,248.52
p1_N1_S1.83,830.0,52.14,41.0,1,237.73
p1_S1_N1.83,830.0,57.21,44.0,1,250.09
p1_S2_N2.83,830.0,57.37,42.0,1,259.8
p1_N1_S1.84,840.0,42.82,31.0,1,216.13
p1_N2_S2.80,800.0,74.96,56.0,2,278.82
p1_S2_N2.84,840.0,42.88,32.0,1,218.1
p1_N1_S1.85,850.0,40.22,27.0,1,230.37
p1_S1_N1.84,840.0,47.16,36.0,1,230.38
p1_N2_S2.81,810.0,75.75,53.0,1,282.8
p1_S2_N2.85,850.0,42.04,27.0,1,233.09
p1_N1_S1.86,860.0,31.97,16.0,1,228.28
p1_N2_S2.82,820.0,73.83,51.0,1,268.35
p1_S2_N2.86,860.0,31.7,17.0,1,210.12
p1_N1_S1.87,870.0,18.1,6.0,1,184.06
p1_N2_S2.83,830.0,65.58,47.0,1,276.15
p1_S2_N2.87,870.0,23.52,9.0,1,205.33
p1_S1_N1.85,850.0,41.92,29.0,1,221.43
p1_N1_S1.88,880.0,14.26,0.0,0,188.2
p1_S2_N2.88,880.0,15.35,1.0,1,194.86
p1_N1_S1.89,890.0,7.7,0.0,0,155.59
p1_S1_N1.86,860.0,38.24,20.0,1,230.3
p1_N2_S2.84,840.0,48.52,36.0,1,222.72
p1_S2_N2.89,890.0,7.55,0.0,0,159.95
p1_N2_S2.85,850.0,50.66,33.0,1,243.9
p1_S1_N1.87,870.0,29.97,11.0,1,210.56
p1_N2_S2.86,860.0,42.4,25.0,1,234.6
p1_N2_S2.87,870.0,34.16,15.0,1,227.61
p1_S2_N2.90,900.0,5.38,0.0,0,153.91
p1_E_W.118,850.0,34.68,23.0,1,256.03
p1_W_E.210,727.0,162.22,73.0,5,487.02
p1_W_S2.21,730.0,156.71,70.0,5,489.07
p1_E_W.119,857.0,16.58,4.0,1,230.31
p1_E_N1.29,870.0,18.61,3.0,1,228.28
p1_W_E.211,733.0,154.95,65.0,6,487.08
p1_E_W.120,864.0,32.39,3.0,1,270.63
p1_N2_W.27,813.0,73.41,51.0,1,320.43
p1_W_E.212,736.0,149.41,63.0,5,465.56
p1_N2_W.28,843.0,58.6,35.0,1,299.9
p1_W_E.213,739.0,163.27,61.0,5,473.26
p1_W_E.214,742.0,155.08,57.0,5,480.32
p1_W_E.215,745.0,160.8,57.0,4,495.64
p1_N2_W.29,873.0,33.15,15.0,1,266.9
p1_W_E.216,748.0,158.51,54.0,6,510.61
p1_W_E.217,751.0,158.34,54.0,5,501.24
p1_W_E.218,754.0,157.01,53.0,5,495.01
p1_E_W.121,873.0,38.91,25.0,1,266.16
p1_W_E.219,757.0,155.88,51.0,5,481.87
p1_W_S2.22,776.0,136.66,45.0,3,428.66
p1_E_W.122,879.0,34.8,21.0,1,256.92
p1_W_E.220,760.0,154.59,49.0,4,472.22
p1_E_W.123,886.0,29.55,17.0,1,255.4
p1_W_E.221,780.0,129.09,45.0,4,421.79
p1_E_W.124,893.0,22.56,9.0,1,236.32
p1_W_E.222,783.0,137.02,44.0,3,437.9
p1_E_W.125,900.0,20.28,5.0,1,236.58
p1_W_E.223,786.0,135.75,40.0,3,432.66
p1_S1_E.27,813.0,110.41,70.0,3,420.91
p1_S1_E.28,843.0,72.95,50.0,2,329.3
p1_S1_E.29,873.0,46.71,19.0,2,306.59
p1_N1_S1.90,900.0,49.46,38.0,1,231.47
p1_S1_N1.88,880.0,67.42,49.0,2,270.25
p1_W_E.224,789.0,140.43,55.0,4,444.43
p1_W_E.225,792.0,139.13,52.0,4,447.85
p1_N1_S1.91,910.0,39.51,29.0,1,217.51
p1_W_E.226,795.0,132.14,51.0,4,447.2
p1_S1_N1.89,890.0,57.06,41.0,1,247.26
p1_N1_S1.92,920.0,33.88,21.0,1,220.97
p1_S1_N1.90,900.0,57.25,41.0,1,251.85
p1_N1_S1.93,930.0,26.89,13.0,1,207.39
p1_N1_S1.94,940.0,18.61,5.0,1,199.24
p1_S1_N1.91,910.0,46.35,34.0,1,227.98
p1_N1_S1.95,950.0,10.34,0.0,0,182.03
p1_N2_S2.88,880.0,83.27,63.0,2,301.27
p1_S2_N2.91,910.0,53.57,42.0,1,241.14
p1_S1_N1.92,920.0,34.97,23.0,1,212.53
p1_N2_S2.89,890.0,75.45,51.0,1,282.02
p1_S2_N2.92,920.0,45.54,33.0,1,231.6
p1_S1_N1.93,930.0,36.22,17.0,1,225.38
p1_W_E.227,798.0,117.34,46.0,4,407.56
p1_W_E.228,801.0,146.09,46.0,5,425.21
p1_N2_S2.90,900.0,66.26,51.0,1,249.0
p1_S2_N2.93,930.0,37.94,24.0,1,223.5
p1_S1_N1.94,940.0,27.94,10.0,1,227.47
p1_N1_S1.96,960.0,5.45,0.0,0,147.16
p1_S2_N2.94,940.0,30.16,18.0,1,209.0
p1_S2_N2.95,950.0,21.03,8.0,1,192.84
p1_N2_S2.91,910.0,57.83,45.0,1,250.14
p1_E_N1.30,903.0,44.57,26.0,2,287.86
p1_E_W.126,908.0,44.03,24.0,1,289.39
p1_N2_S2.92,920.0,56.36,39.0,1,249.52
p1_S2_N2.96,960.0,11.01,0.0,0,169.17
p1_E_W.127,915.0,38.1,22.0,1,274.4
p1_N2_S2.93,930.0,48.16,32.0,1,249.5
p1_S2_N2.97,970.0,8.35,0.0,0,156.51
p1_E_W.128,922.0,35.12,20.0,1,265.01
p1_E_W.129,929.0,30.44,17.0,1,255.18
p1_N2_S2.94,940.0,36.33,23.0,1,223.5
p1_E_N1.31,932.0,30.36,14.0,1,259.71
p1_N2_S2.95,950.0,34.2,17.0,1,226.61
p1_S2_N2.98,980.0,5.69,0.0,0,153.24
p1_E_W.130,936.0,28.33,12.0,1,251.86
p1_N2_S2.96,960.0,26.02,9.0,1,220.28
p1_E_W.131,944.0,22.48,5.0,1,243.97
p1_E_W.132,951.0,17.44,0.0,0,233.08
p1_W_E.229,804.0,166.3,72.0,6,475.64
p1_N2_W.30,903.0,68.14,50.0,1,312.55
p1_W_S2.23,810.0,162.85,70.0,5,474.42
p1_W_E.230,807.0,155.89,74.0,6,470.78
p1_W_E.231,813.0,166.13,67.0,4,484.02
p1_N2_W.31,933.0,46.0,30.0,1,281.11
p1_W_E.232,816.0,159.37,65.0,4,486.42
p1_W_E.233,819.0,163.72,61.0,5,495.51
p1_W_E.234,822.0,162.4,61.0,4,506.65
p1_W_E.235,825.0,155.13,59.0,5,465.44
p1_W_E.236,828.0,160.39,59.0,6,476.13
p1_S1_N1.95,950.0,65.66,45.0,2,266.68
p1_N1_S1.97,970.0,45.47,34.0,1,230.14
p1_W_E.237,831.0,147.19,56.0,6,443.34
p1_S1_N1.96,960.0,53.78,41.0,1,238.21
p1_W_E.238,834.0,140.29,56.0,5,429.7
p1_N1_S1.98,980.0,32.16,19.0,1,203.23
p1_S1_N1.97,970.0,52.98,40.0,1,242.28
p1_W_E.239,837.0,162.34,51.0,5,437.26
p1_W_S2.24,855.0,136.12,48.0,3,429.5
p1_S1_N1.98,980.0,44.71,30.0,1,227.06
p1_N1_S1.99,990.0,29.55,16.0,1,212.2
p1_W_E.240,852.0,152.5,46.0,3,432.63
p1_S1_N1.99,990.0,36.46,22.0,1,215.76
p1_N1_S1.100,1000.0,17.04,5.0,1,178.72
p1_S1_E.30,903.0,103.2,60.0,2,399.28
p1_N1_S1.101,1010.0,13.81,0.0,0,183.24
p1_S1_E.31,933.0,75.06,36.0,2,361.82
p1_N1_S1.102,1020.0,8.39,0.0,0,161.39
p1_W_E.241,858.0,136.94,62.0,5,450.04
p1_S1_N1.100,1000.0,30.8,15.0,1,212.89
p1_W_E.242,861.0,151.33,61.0,4,464.35
p1_W_E.243,864.0,150.07,61.0,4,458.17
p1_S1_N1.101,1010.0,20.37,6.0,1,192.04
p1_W_E.244,867.0,148.93,56.0,4,465.89
p1_W_E.245,870.0,135.98,55.0,4,441.19
p1_W_E.246,873.0,146.71,53.0,4,465.21
p1_W_E.247,876.0,145.46,52.0,5,471.7
p1_E_N1.32,961.0,60.4,28.0,2,306.93
p1_N2_S2.97,970.0,74.14,52.0,1,280.52
p1_S2_N2.99,990.0,54.3,42.0,1,239.66
p1_W_E.248,879.0,126.18,50.0,5,403.6
p1_N2_S2.98,980.0,66.23,51.0,1,262.09
p1_S2_N2.100,1000.0,46.36,34.0,1,234.43
p1_S2_N2.101,1010.0,38.22,26.0,1,216.59
p1_N2_W.32,963.0,36.05,15.0,1,269.6
p1_E_W.133,958.0,58.57,29.0,2,297.54
p1_S2_N2.102,1020.0,29.13,16.0,1,206.99
p1_S2_N2.103,1030.0,22.74,11.0,1,207.75
p1_E_W.134,965.0,48.61,24.0,2,287.04
p1_N2_S2.99,990.0,51.89,42.0,1,232.97
p1_E_N1.33,990.0,42.76,11.0,1,276.84
p1_E_W.135,972.0,61.58,25.0,2,312.82
p1_N2_S2.100,1000.0,56.08,38.0,1,244.92
p1_E_W.136,980.0,45.35,17.0,2,293.01
p1_E_W.137,987.0,49.36,12.0,2,303.5
p1_S2_N2.104,1040.0,9.64,0.0,0,165.92
p1_E_W.138,994.0,39.3,9.0,1,282.05
p1_N2_S2.101,1010.0,38.61,25.0,1,216.11
p1_S2_N2.105,1050.0,8.84,0.0,0,170.41
p1_E_W.139,1001.0,36.79,10.0,1,269.7
p1_N2_S2.102,1020.0,41.58,23.0,1,227.63
p1_E_N1.34,1020.0,22.74,1.0,1,232.77
p1_N2_S2.103,1030.0,34.42,15.0,1,223.44
p1_E_W.140,1008.0,19.0,3.0,1,237.75
p1_E_W.141,1016.0,30.52,1.0,1,253.87
p1_E_W.142,1023.0,25.14,0.0,0,252.47
p1_W_E.249,882.0,157.79,73.0,5,473.64
p1_E_W.143,1030.0,19.81,0.0,0,244.68
p1_W_E.250,885.0,159.2,71.0,5,464.06
p1_W_E.251,891.0,157.35,62.0,5,464.76
p1_N2_W.33,993.0,57.74,40.0,1,293.14
p1_W_S2.25,888.0,154.34,67.0,5,456.54
p1_W_E.252,894.0,159.46,61.0,5,461.99
p1_W_E.253,897.0,162.53,60.0,5,464.93
p1_W_E.254,903.0,158.13,60.0,5,470.81
p1_S1_N1.102,1020.0,60.24,41.0,1,257.0
p1_W_E.255,924.0,135.06,55.0,4,459.83
p1_W_E.256,927.0,137.78,53.0,5,471.92
p1_S1_N1.103,1030.0,56.46,41.0,1,242.1
p1_N1_S1.103,1030.0,45.91,35.0,1,228.68
p1_W_E.257,930.0,134.43,52.0,4,473.99
p1_N1_S1.104,1040.0,48.73,32.0,1,234.32
p1_S1_N1.104,1040.0,48.24,34.0,1,239.56
p1_W_E.258,933.0,131.07,54.0,4,452.96
p1_N1_S1.105,1050.0,33.97,22.0,1,219.06
p1_W_E.259,936.0,134.07,50.0,4,463.12
p1_S1_N1.105,1050.0,38.02,25.0,1,212.86
p1_N1_S1.106,1060.0,31.72,16.0,1,220.56
p1_S1_E.32,963.0,108.15,61.0,3,387.21
p1_N1_S1.107,1070.0,21.97,6.0,1,209.48
p1_S1_E.33,993.0,80.41,35.0,2,352.67
p1_N1_S1.108,1080.0,15.6,0.0,0,209.39
p1_S1_N1.106,1060.0,35.27,19.0,1,216.98
p1_W_E.260,939.0,135.72,62.0,4,466.6
p1_N1_S1.109,1090.0,7.27,0.0,0,171.18
p1_W_S2.26,942.0,134.7,61.0,4,478.95
p1_S1_N1.107,1070.0,27.98,11.0,1,206.02
p1_W_E.261,945.0,133.95,61.0,5,457.24
p1_W_E.262,948.0,132.7,60.0,5,457.55
p1_W_E.263,951.0,129.99,63.0,4,449.07
p1_N2_W.34,1023.0,58.29,37.0,2,317.12
p1_W_E.264,954.0,127.72,61.0,5,431.96
p1_E_W.144,1037.0,48.48,30.0,2,299.16
p1_W_E.265,957.0,126.25,57.0,4,424.68
p1_E_W.145,1044.0,43.29,24.0,2,293.18
p1_E_W.146,1053.0,39.5,10.0,2,278.64
p1_W_E.266,960.0,118.99,54.0,4,401.66
p1_E_N1.35,1050.0,32.67,13.0,2,269.39
p1_E_W.147,1059.0,35.37,7.0,2,275.6
p1_W_E.267,963.0,124.79,52.0,4,409.04
p1_E_W.148,1066.0,28.64,5.0,1,264.18
p1_W_E.268,966.0,130.11,54.0,5,430.15
p1_E_W.149,1073.0,25.07,3.0,1,249.15
p1_W_E.269,969.0,130.54,51.0,4,442.89
p1_N2_S2.104,1040.0,80.88,60.0,2,300.48
p1_E_W.150,1080.0,19.82,2.0,1,232.02
p1_E_N1.36,1083.0,19.44,0.0,0,250.92
p1_N2_S2.105,1050.0,71.88,52.0,1,280.76
p1_S2_N2.106,1060.0,56.85,45.0,1,236.81
p1_E_W.151,1088.0,15.35,0.0,0,227.23
p1_S2_N2.107,1070.0,57.04,40.0,1,252.89
p1_E_W.152,1095.0,10.36,0.0,0,222.63
p1_S2_N2.108,1080.0,48.75,33.0,1,242.99
p1_N2_S2.106,1060.0,65.18,51.0,1,256.46
p1_S2_N2.109,1090.0,38.06,23.0,1,231.86
p1_E_W.153,1102.0,6.71,0.0,0,192.44
p1_N2_S2.107,1070.0,61.33,45.0,1,249.89
p1_S2_N2.110,1100.0,29.29,14.0,1,206.22
p1_S2_N2.111,1110.0,24.13,7.0,1,202.58
p1_N2_S2.108,1080.0,46.9,33.0,1,226.24
p1_S2_N2.112,1120.0,15.87,0.0,0,197.64
p1_N2_S2.109,1090.0,46.23,30.0,1,235.98
p1_E_W.154,1109.0,6.67,0.0,0,192.32
p1_S2_N2.113,1130.0,6.93,0.0,0,159.58
p1_N2_S2.110,1100.0,39.35,22.0,1,222.88
p1_N2_S2.111,1110.0,28.09,10.0,1,201.01
p1_W_E.270,972.0,153.29,76.0,6,473.85
p1_W_S2.27,975.0,153.82,74.0,5,469.43
p1_W_E.271,994.0,136.76,64.0,4,452.83
p1_N1_S1.110,1100.0,52.49,42.0,1,240.29
p1_W_E.272,997.0,135.57,63.0,4,446.48
p1_S1_N1.108,1080.0,69.24,49.0,1,270.54
p1_W_E.273,1000.0,134.34,63.0,4,440.95
p1_S1_N1.109,1090.0,65.65,48.0,1,262.9
p1_N1_S1.111,1110.0,41.53,30.0,1,222.32
p1_N1_S1.112,1120.0,38.71,23.0,1,219.86
p1_W_E.274,1003.0,130.23,60.0,4,437.95
p1_N1_S1.113,1130.0,30.37,16.0,1,226.02
p1_N1_S1.114,1140.0,21.25,7.0,1,195.71
p1_W_E.275,1006.0,126.91,58.0,4,420.17
p1_S1_N1.110,1100.0,53.67,43.0,1,239.9
p1_N1_S1.115,1150.0,14.1,0.0,0,188.47
p1_W_E.276,1009.0,125.34,58.0,4,415.59
p1_S1_N1.111,1110.0,45.6,33.0,1,221.29
p1_W_E.277,1012.0,128.16,56.0,5,429.08
p1_S1_N1.112,1120.0,47.32,30.0,1,239.22
p1_N1_S1.116,1160.0,5.82,0.0,0,149.61
p1_S1_E.34,1023.0,110.97,73.0,4,389.41
p1_S1_N1.113,1130.0,32.04,16.0,1,212.15
p1_S1_N1.114,1140.0,33.66,14.0,1,219.49
p1_S1_E.35,1053.0,99.5,48.0,3,375.94
p1_S1_N1.115,1150.0,25.43,7.0,1,217.38
p1_W_E.278,1015.0,138.84,68.0,4,482.6
p1_W_S2.28,1024.0,130.38,62.0,4,456.8
p1_W_E.279,1018.0,138.11,66.0,4,481.17
p1_W_E.280,1021.0,136.82,63.0,4,480.39
p1_W_E.281,1027.0,128.03,60.0,4,467.38
p1_N2_W.35,1053.0,102.35,76.0,2,375.4
p1_W_E.282,1030.0,130.54,57.0,4,460.37
p1_W_E.283,1032.0,131.08,56.0,4,475.14
p1_N2_W.36,1083.0,77.1,50.0,2,349.77
p1_W_E.284,1035.0,129.4,54.0,4,473.27
p1_N2_W.37,1113.0,51.26,23.0,2,322.84
p1_W_E.285,1039.0,126.01,52.0,4,460.72
p1_E_N1.37,1112.0,50.92,30.0,2,296.66
p1_W_E.286,1042.0,117.55,50.0,4,408.88
p1_E_W.155,1116.0,46.91,25.0,2,282.76
p1_W_E.287,1045.0,117.18,48.0,4,412.42
p1_E_W.156,1124.0,46.05,20.0,2,296.27
p1_W_E.288,1048.0,123.56,47.0,4,419.84
p1_E_W.157,1131.0,43.07,15.0,2,298.89
p1_W_E.289,1062.0,113.14,42.0,3,414.91
p1_E_W.158,1138.0,37.81,11.0,2,291.12
p1_E_N1.38,1141.0,35.17,6.0,2,281.11
p1_W_E.290,1065.0,112.36,43.0,3,425.25
p1_W_S2.29,1068.0,104.07,42.0,3,397.65
p1_E_W.159,1145.0,29.72,2.0,1,261.65
p1_S2_N2.114,1140.0,61.57,50.0,1,252.46
p1_E_W.160,1152.0,29.79,2.0,1,273.96
p1_N2_S2.112,1120.0,78.36,59.0,2,292.63
p1_S2_N2.115,1150.0,52.31,41.0,1,235.64
p1_E_W.161,1160.0,16.66,1.0,1,231.76
p1_N2_S2.113,1130.0,77.04,52.0,1,299.77
p1_S2_N2.116,1160.0,47.1,33.0,1,243.25
p1_E_W.162,1167.0,19.02,0.0,0,246.9
p1_E_N1.39,1170.0,16.22,0.0,0,236.65
p1_N2_S2.114,1140.0,68.93,51.0,1,280.43
p1_S2_N2.117,1170.0,38.88,25.0,1,230.44
p1_E_W.163,1174.0,14.78,0.0,0,229.06
p1_S2_N2.118,1180.0,30.56,17.0,1,207.91
p1_E_W.164,1181.0,9.46,0.0,0,204.72
p1_S2_N2.119,1190.0,19.91,6.0,1,186.65
p1_S2_N2.120,1200.0,14.27,1.0,1,181.56
p1_S2_N2.121,1210.0,6.03,0.0,0,152.67
p1_N2_S2.115,1150.0,52.53,39.0,1,231.99
p1_N2_S2.116,1160.0,57.42,36.0,1,246.28
p1_N2_S2.117,1170.0,46.5,27.0,1,234.48
p1_N2_S2.118,1180.0,43.43,23.0,1,245.7
p1_N2_S2.119,1190.0,37.03,14.0,1,235.31
p1_S1_N1.116,1160.0,67.97,47.0,1,273.12
p1_W_E.291,1071.0,136.95,66.0,4,458.48
p1_N2_S2.120,1200.0,28.9,7.0,1,228.26
p1_N1_S1.117,1170.0,57.8,47.0,1,245.92
p1_S1_N1.117,1170.0,59.68,46.0,1,247.26
p1_N1_S1.118,1180.0,51.66,39.0,1,253.73
p1_W_E.292,1074.0,130.78,67.0,4,432.0
p1_N1_S1.119,1190.0,43.54,29.0,1,225.71
p1_S1_N1.118,1180.0,54.55,42.0,1,244.08
p1_W_E.293,1077.0,136.79,61.0,4,443.83
p1_N1_S1.120,1200.0,35.15,23.0,1,219.87
p1_S1_N1.119,1190.0,46.46,33.0,1,222.12
p1_N1_S1.121,1210.0,26.85,14.0,1,204.86
p1_W_E.294,1080.0,129.75,61.0,4,436.63
p1_N1_S1.122,1220.0,18.71,4.0,1,183.24
p1_W_E.295,1083.0,134.71,60.0,4,461.13
p1_N1_S1.123,1230.0,10.46,0.0,0,185.92
p1_S1_E.36,1083.0,130.27,84.0,3,452.85
p1_S1_N1.120,1200.0,34.74,22.0,1,209.78
p1_S1_E.37,1113.0,108.53,67.0,3,418.99
p1_S1_N1.121,1210.0,34.25,19.0,1,213.08
p1_S1_E.38,1143.0,80.63,40.0,3,384.8
p1_S1_N1.122,1220.0,26.04,10.0,1,206.95
p1_N1_S1.124,1240.0,5.93,0.0,0,149.23
p1_W_E.296,1086.0,139.47,72.0,5,489.87
p1_W_E.297,1089.0,138.14,71.0,5,483.21
p1_W_E.298,1092.0,136.59,65.0,4,475.08
p1_S1_N1.123,1230.0,14.34,0.0,0,181.29
p1_W_E.299,1096.0,126.17,63.0,4,427.47
p1_W_S2.30,1102.0,131.12,61.0,4,444.48
p1_W_E.300,1099.0,135.65,61.0,4,449.37
p1_N2_W.38,1143.0,89.88,69.0,2,364.38
p1_N2_W.39,1173.0,61.94,37.0,2,315.51
p1_W_E.301,1105.0,124.79,57.0,4,436.67
p1_W_E.302,1108.0,130.34,54.0,4,454.49
p1_W_E.303,1111.0,126.11,53.0,3,437.5
p1_E_W.165,1188.0,45.11,28.0,1,286.1
p1_W_E.304,1114.0,130.01,53.0,3,439.07
p1_E_W.166,1196.0,47.91,24.0,1,300.51
p1_W_E.305,1117.0,128.83,50.0,4,434.44
p1_E_N1.40,1200.0,40.88,20.0,1,288.44
p1_E_W.167,1203.0,41.33,20.0,1,281.06
p1_W_E.306,1120.0,126.33,49.0,3,435.19
p1_E_W.168,1210.0,38.29,14.0,1,287.33
p1_W_E.307,1127.0,121.35,48.0,3,422.7
p1_E_W.169,1217.0,33.02,11.0,1,279.28
p1_W_E.308,1130.0,121.1,47.0,3,442.66
p1_W_E.309,1133.0,116.98,45.0,3,422.46
p1_E_W.170,1224.0,22.0,1.0,1,251.22
p1_S2_N2.122,1220.0,57.33,47.0,1,249.76
p1_E_W.171,1233.0,23.57,0.0,0,245.79
p1_S2_N2.123,1230.0,49.2,39.0,1,232.59
p1_E_N1.41,1230.0,14.83,0.0,0,240.27
p1_S2_N2.124,1240.0,41.12,29.0,1,235.41
p1_N2_S2.121,1210.0,67.01,47.0,1,269.61
p1_E_W.172,1239.0,16.32,0.0,0,226.46
p1_N2_S2.122,1220.0,64.34,47.0,1,261.66
p1_E_W.173,1246.0,16.77,0.0,0,237.23
p1_N2_S2.123,1230.0,56.12,41.0,1,257.33
p1_S2_N2.125,1250.0,29.91,18.0,1,198.75
p1_E_W.174,1253.0,9.49,0.0,0,224.67
p1_N2_S2.124,1240.0,48.42,33.0,1,237.65
p1_S2_N2.126,1260.0,22.58,10.0,1,206.68
p1_E_W.175,1260.0,7.45,0.0,0,200.36
p1_N2_S2.125,1250.0,40.53,24.0,1,219.32
p1_S2_N2.127,1270.0,12.61,2.0,1,180.99
p1_E_N1.42,1263.0,7.03,0.0,0,204.38
p1_N2_S2.126,1260.0,31.91,17.0,1,207.41
p1_S2_N2.128,1280.0,11.03,0.0,0,173.37
p1_S2_N2.129,1290.0,5.64,0.0,0,148.02
p1_N2_S2.127,1270.0,22.68,7.0,1,196.4
p1_N1_S1.125,1250.0,54.4,42.0,1,234.93
p1_N2_S2.128,1280.0,16.33,0.0,0,191.48
p1_S1_N1.124,1240.0,63.38,48.0,1,263.63
p1_W_E.310,1135.0,149.14,71.0,4,472.95
p1_N1_S1.126,1260.0,46.3,35.0,1,234.43
p1_W_S2.31,1139.0,146.6,69.0,4,479.68
p1_S1_N1.125,1250.0,54.82,43.0,1,243.97
p1_N1_S1.127,1270.0,38.13,26.0,1,219.85
p1_S1_N1.126,1260.0,48.92,36.0,1,229.2
p1_N1_S1.128,1280.0,28.67,17.0,1,205.01
p1_S1_N1.127,1270.0,42.8,30.0,1,227.81
p1_N1_S1.129,1290.0,23.23,8.0,1,202.35
p1_N1_S1.130,1300.0,14.87,2.0,1,203.06
p1_W_E.311,1142.0,133.98,69.0,4,442.35
p1_N1_S1.131,1310.0,6.56,0.0,0,154.75
p1_W_E.312,1145.0,146.99,65.0,4,459.27
p1_W_E.313,1148.0,150.44,66.0,4,473.42
p1_S1_E.39,1173.0,123.24,80.0,3,441.07
p1_S1_E.40,1203.0,98.9,51.0,3,397.68
p1_S1_E.41,1233.0,58.83,20.0,1,343.55
p1_S1_N1.128,1280.0,25.69,13.0,1,190.31
p1_W_E.314,1151.0,154.68,73.0,4,518.03
p1_N2_W.40,1203.0,102.38,76.0,3,389.53
p1_S1_N1.129,1290.0,31.31,10.0,1,211.88
p1_W_E.315,1154.0,149.44,71.0,4,513.54
p1_S1_N1.130,1300.0,28.89,6.0,1,214.82
p1_W_E.316,1157.0,152.1,69.0,4,506.77
p1_W_E.317,1160.0,150.93,69.0,4,503.09
p1_W_E.318,1163.0,145.25,66.0,4,500.89
p1_N2_W.41,1233.0,67.4,47.0,2,321.82
p1_W_E.319,1166.0,148.36,61.0,4,499.65
p1_N2_W.42,1263.0,50.95,21.0,2,295.26
p1_E_W.176,1268.0,48.06,26.0,1,300.83
p1_W_E.320,1169.0,147.26,63.0,4,500.66
p1_W_S2.32,1172.0,137.42,57.0,4,456.83
p1_W_E.321,1175.0,142.98,55.0,4,459.79
p1_E_W.177,1275.0,42.67,21.0,1,304.22
p1_W_E.322,1178.0,141.67,53.0,3,460.16
p1_E_W.178,1282.0,37.41,16.0,1,298.86
p1_W_E.323,1181.0,140.57,54.0,4,459.21
p1_E_W.179,1289.0,32.27,10.0,1,287.24
p1_W_E.324,1184.0,139.13,53.0,4,453.36
p1_E_W.180,1296.0,27.87,0.0,0,248.78
p1_W_E.325,1192.0,128.19,52.0,4,437.4
p1_E_W.181,1304.0,21.67,0.0,0,253.21
p1_W_E.326,1195.0,127.95,52.0,6,413.26
p1_E_W.182,1311.0,16.37,0.0,0,254.6
p1_W_E.327,1199.0,125.92,52.0,3,423.3
p1_E_N1.43,1292.0,18.88,3.0,1,237.35
p1_W_E.328,1203.0,127.64,49.0,3,427.07
p1_E_W.183,1318.0,8.14,0.0,0,209.59
p1_W_E.329,1206.0,126.48,49.0,3,434.62
p1_E_N1.44,1321.0,11.21,0.0,0,215.83
p1_N2_S2.129,1290.0,68.63,52.0,1,264.82
p1_S2_N2.130,1300.0,57.59,46.0,1,244.08
p1_S2_N2.131,1310.0,50.71,39.0,1,242.9
p1_S2_N2.132,1320.0,42.4,31.0,1,220.59
p1_N2_S2.130,1300.0,61.47,50.0,1,248.23
p1_S2_N2.133,1330.0,34.14,21.0,1,209.04
p1_N2_S2.131,1310.0,55.2,43.0,1,241.6
p1_E_W.184,1325.0,7.19,0.0,0,198.7
p1_E_W.185,1332.0,13.59,0.0,0,216.03
p1_N2_S2.132,1320.0,44.66,32.0,1,232.07
p1_S2_N2.134,1340.0,22.61,10.0,1,188.5
p1_N2_S2.133,1330.0,40.99,26.0,1,228.48
p1_S2_N2.135,1350.0,21.26,6.0,1,195.25
p1_N2_S2.134,1340.0,32.71,20.0,1,206.91
p1_S2_N2.136,1360.0,13.18,0.0,0,180.04
p1_N2_S2.135,1350.0,24.51,10.0,1,205.15
p1_N1_S1.132,1320.0,56.18,44.0,1,247.95
p1_N1_S1.133,1330.0,47.98,37.0,1,242.25
p1_N2_S2.136,1360.0,19.24,4.0,1,191.03
p1_N2_S2.137,1370.0,11.14,0.0,0,179.52
p1_N1_S1.134,1340.0,33.95,23.0,1,204.42
p1_W_E.330,1209.0,154.19,77.0,4,490.42
p1_W_S2.33,1212.0,154.68,77.0,5,482.6
p1_S1_N1.131,1310.0,54.46,43.0,1,241.24
p1_N1_S1.135,1350.0,36.85,19.0,1,218.62
p1_S1_N1.132,1320.0,62.48,42.0,1,253.96
p1_N1_S1.136,1360.0,29.99,10.0,1,207.32
p1_N1_S1.137,1370.0,21.69,2.0,1,212.94
p1_W_E.331,1215.0,151.11,76.0,4,466.77
p1_S1_N1.133,1330.0,62.03,38.0,1,270.55
p1_W_E.332,1218.0,151.43,72.0,5,466.16
p1_S1_N1.134,1340.0,50.51,28.0,1,253.42
p1_N1_S1.138,1380.0,9.13,0.0,0,173.64
p1_S1_E.42,1263.0,110.89,74.0,3,416.61
p1_S1_N1.135,1350.0,37.77,19.0,1,228.03
p1_S1_N1.136,1360.0,37.25,15.0,1,233.04
p1_S1_E.43,1293.0,78.73,43.0,3,360.33
p1_W_E.333,1221.0,156.97,80.0,5,499.05
p1_E_W.186,1340.0,34.27,24.0,1,259.55
p1_S1_N1.137,1370.0,24.33,5.0,1,215.23
p1_W_E.334,1224.0,155.69,75.0,5,517.32
p1_E_W.187,1347.0,32.68,19.0,1,264.11
p1_W_E.335,1227.0,154.48,73.0,5,501.83
p1_N2_W.43,1293.0,88.22,66.0,2,364.6
p1_N2_W.44,1323.0,60.03,37.0,2,323.58
p1_W_E.336,1230.0,152.55,69.0,4,492.29
p1_N2_W.45,1353.0,31.83,9.0,1,275.64
p1_W_E.337,1233.0,148.08,69.0,5,466.2
p1_W_E.338,1236.0,150.96,68.0,5,465.44
p1_E_N1.45,1350.0,40.03,25.0,1,270.71
p1_E_W.188,1354.0,37.51,23.0,1,272.67
p1_W_S2.34,1245.0,148.51,60.0,4,447.12
p1_W_E.339,1239.0,139.63,64.0,4,442.78
p1_W_E.340,1242.0,154.26,63.0,5,465.47
p1_W_E.341,1248.0,149.11,61.0,4,452.59
p1_W_E.342,1251.0,148.63,60.0,4,464.68
p1_W_E.343,1267.0,134.44,52.0,4,460.68
p1_W_E.344,1270.0,133.11,49.0,3,458.26
p1_E_W.189,1361.0,24.25,12.0,1,230.62
p1_W_E.345,1274.0,127.53,48.0,3,460.61
p1_E_W.190,1368.0,38.18,11.0,1,263.1
p1_E_N1.46,1380.0,23.97,2.0,1,265.1
p1_W_E.346,1277.0,129.95,49.0,4,438.39
p1_E_W.191,1376.0,29.39,5.0,1,275.77
p1_W_E.347,1280.0,128.63,47.0,4,439.17
p1_E_W.192,1383.0,14.75,0.0,0,241.43
p1_W_E.348,1283.0,117.53,46.0,4,394.35
p1_S1_E.44,1323.0,90.88,58.0,2,369.4
p1_E_W.193,1390.0,23.38,0.0,0,263.41
p1_E_W.194,1397.0,16.42,0.0,0,228.78
p1_S1_E.45,1353.0,59.72,26.0,2,324.0
p1_N2_S2.138,1380.0,59.31,47.0,1,245.17
p1_N2_S2.139,1390.0,54.43,40.0,1,242.09
p1_S2_N2.137,1370.0,64.13,51.0,1,254.67
p1_N1_S1.139,1390.0,56.34,45.0,1,247.31
p1_N2_S2.140,1400.0,46.54,32.0,1,226.44
p1_S1_N1.138,1380.0,65.93,48.0,1,270.15
p1_S2_N2.138,1380.0,63.91,47.0,1,260.93
p1_N1_S1.140,1400.0,48.29,35.0,1,234.28
p1_S2_N2.139,1390.0,59.39,43.0,1,269.84
p1_N1_S1.141,1410.0,40.52,29.0,1,223.69
p1_N2_S2.141,1410.0,36.19,23.0,1,207.42
p1_S2_N2.140,1400.0,50.6,33.0,1,256.74
p1_N1_S1.142,1420.0,32.28,20.0,1,212.02
p1_S2_N2.141,1410.0,42.96,23.0,1,259.95
p1_N2_S2.142,1420.0,33.28,16.0,1,209.42
p1_S2_N2.142,1420.0,34.66,17.0,1,241.01
p1_N1_S1.143,1430.0,24.06,11.0,1,192.11
p1_S1_N1.139,1390.0,57.41,45.0,1,243.72
p1_S2_N2.143,1430.0,25.03,7.0,1,222.15
p1_S1_N1.140,1400.0,53.18,37.0,1,250.67
p1_S1_N1.141,1410.0,48.53,31.0,1,246.46
p1_N1_S1.144,1440.0,13.82,1.0,1,183.93
p1_S2_N2.144,1440.0,16.66,0.0,0,206.68
p1_N2_S2.143,1430.0,21.7,7.0,1,188.22
p1_S1_N1.142,1420.0,40.23,26.0,1,228.34
p1_S2_N2.145,1450.0,7.49,0.0,0,167.94
p1_N2_S2.144,1440.0,21.12,2.0,1,192.99
p1_S1_N1.143,1430.0,30.07,14.0,1,214.24
p1_N1_S1.145,1450.0,6.1,0.0,0,152.71
p1_N2_S2.145,1450.0,11.38,0.0,0,173.5
p1_S1_N1.144,1440.0,24.58,9.0,1,208.56
p1_W_E.349,1286.0,160.06,83.0,5,502.26
p1_W_E.350,1289.0,156.94,76.0,5,498.33
p1_W_S2.35,1291.0,159.71,74.0,4,489.45
p1_W_E.351,1294.0,157.66,70.0,4,497.07
p1_E_W.195,1404.0,34.87,23.0,1,260.82
p1_E_N1.47,1410.0,35.68,22.0,1,268.26
p1_E_W.196,1413.0,41.78,21.0,1,282.26
p1_E_W.197,1419.0,27.66,14.0,1,243.23
p1_W_E.352,1298.0,147.11,69.0,4,477.61
p1_E_W.198,1426.0,33.63,12.0,1,258.14
p1_W_E.353,1301.0,160.5,68.0,4,493.11
p1_N2_W.46,1383.0,67.6,47.0,2,324.19
p1_W_E.354,1304.0,157.34,64.0,5,483.82
p1_N2_W.47,1413.0,50.1,23.0,1,300.76
p1_W_E.355,1307.0,153.59,65.0,5,507.49
p1_W_E.356,1310.0,156.99,63.0,6,495.88
p1_N2_W.48,1443.0,16.34,0.0,0,220.96
p1_W_E.357,1313.0,149.41,62.0,5,476.24
p1_W_E.358,1316.0,140.88,62.0,4,456.03
p1_W_E.359,1319.0,153.7,59.0,4,455.66
p1_E_W.199,1433.0,32.64,21.0,1,241.55
p1_W_E.360,1322.0,151.41,58.0,4,477.57
p1_E_W.200,1440.0,33.22,16.0,1,260.13
p1_E_N1.48,1443.0,32.59,15.0,1,263.13
p1_W_E.361,1344.0,132.37,47.0,3,415.56
p1_W_S2.36,1325.0,138.58,56.0,5,449.15
p1_W_E.362,1347.0,126.15,45.0,3,424.67
p1_W_E.363,1350.0,120.88,45.0,4,400.27
p1_E_W.201,1448.0,21.91,9.0,1,240.36
p1_W_E.364,1353.0,118.69,45.0,5,405.49
p1_E_W.202,1455.0,22.26,5.0,1,251.18
p1_W_E.365,1356.0,124.83,41.0,3,429.43
p1_E_W.203,1462.0,23.73,2.0,1,261.78
p1_E_N1.49,1472.0,14.51,0.0,0,256.18
p1_S1_E.46,1383.0,105.37,68.0,2,419.43
p1_E_W.204,1469.0,19.29,0.0,0,255.04
p1_S1_E.47,1413.0,76.58,44.0,2,373.65
p1_W_E.366,1359.0,132.94,50.0,4,473.54
p1_W_E.367,1362.0,122.66,46.0,5,433.47
p1_N1_S1.146,1460.0,48.27,37.0,1,230.59
p1_W_E.368,1365.0,126.0,45.0,5,439.46
p1_N1_S1.147,1470.0,47.35,32.0,1,232.27
p1_W_E.369,1368.0,129.31,44.0,6,479.74
p1_N1_S1.148,1480.0,35.36,22.0,1,215.65
p1_S1_N1.145,1450.0,63.86,42.0,1,259.35
p1_N2_S2.146,1460.0,60.27,48.0,1,253.54
p1_S2_N2.146,1460.0,60.29,50.0,1,251.34
p1_S1_N1.146,1460.0,61.88,41.0,1,255.37
p1_S1_N1.147,1470.0,53.59,36.0,1,253.19
p1_N1_S1.149,1490.0,22.61,11.0,1,188.53
p1_N2_S2.147,1470.0,48.41,38.0,1,227.55
p1_S2_N2.147,1470.0,47.77,36.0,1,229.61
p1_N1_S1.150,1500.0,27.1,8.0,1,206.95
p1_S1_N1.148,1480.0,43.27,26.0,1,219.68
p1_N2_S2.148,1480.0,43.97,31.0,1,219.37
p1_S2_N2.148,1480.0,48.89,32.0,1,233.69
p1_N1_S1.151,1510.0,18.28,0.0,0,200.1
p1_S2_N2.149,1490.0,40.64,25.0,1,227.9
p1_N1_S1.152,1520.0,10.64,0.0,0,180.88
p1_S1_N1.149,1490.0,41.26,22.0,1,231.37
p1_N2_S2.149,1490.0,35.77,24.0,1,212.66
p1_S2_N2.150,1500.0,30.07,14.0,1,225.67
p1_S1_N1.150,1500.0,32.82,13.0,1,223.32
p1_N2_S2.150,1500.0,33.08,18.0,1,225.52
p1_N2_S2.151,1510.0,25.33,10.0,1,206.38
p1_E_W.205,1476.0,36.72,21.0,1,274.67
p1_N2_S2.152,1520.0,17.56,0.0,0,192.1
p1_E_W.206,1484.0,28.45,17.0,1,242.65
p1_S2_N2.151,1510.0,12.93,1.0,1,171.39
p1_S2_N2.152,1520.0,20.74,0.0,0,190.36
p1_N2_S2.153,1530.0,7.14,0.0,0,166.12
p1_E_W.207,1491.0,21.74,9.0,1,235.31
p1_S2_N2.153,1530.0,6.24,0.0,0,154.56
p1_E_N1.50,1501.0,21.03,7.0,1,235.95
p1_E_W.208,1498.0,24.67,9.0,1,247.27
p1_E_W.209,1505.0,19.33,3.0,1,246.14
p1_N2_W.49,1473.0,52.82,36.0,1,279.56
p1_W_S2.37,1374.0,154.08,65.0,5,462.57
p1_W_E.370,1371.0,139.86,65.0,5,449.22
p1_N2_W.50,1503.0,30.52,15.0,1,250.09
p1_W_E.371,1377.0,162.7,62.0,4,481.46
p1_W_E.372,1380.0,138.06,63.0,4,441.32
p1_W_E.373,1383.0,160.56,59.0,5,465.56
p1_N2_W.51,1533.0,10.33,0.0,0,225.94
p1_W_E.374,1386.0,156.72,57.0,4,480.23
p1_W_E.375,1389.0,158.14,54.0,4,475.12
p1_W_E.376,1392.0,152.13,54.0,5,470.34
p1_W_E.377,1395.0,155.55,52.0,5,480.57
p1_W_S2.38,1416.0,135.51,42.0,3,420.69
p1_W_E.378,1398.0,154.47,51.0,4,487.75
p1_W_E.379,1401.0,146.94,48.0,4,470.74
p1_N1_S1.153,1530.0,40.76,29.0,1,216.14
p1_S1_N1.151,1510.0,63.64,40.0,2,261.57
p1_W_E.380,1404.0,152.35,44.0,3,483.59
p1_N1_S1.154,1540.0,38.13,22.0,1,223.61
p1_W_E.381,1419.0,138.96,41.0,3,451.3
p1_S1_N1.152,1520.0,54.79,35.0,1,235.13
p1_N1_S1.155,1550.0,29.94,16.0,1,210.14
p1_S1_E.48,1443.0,116.53,70.0,3,427.74
p1_N1_S1.156,1560.0,21.7,7.0,1,202.36
p1_S1_E.49,1473.0,79.1,49.0,2,345.84
p1_S1_N1.153,1530.0,46.5,33.0,1,222.96
p1_N1_S1.157,1570.0,13.46,0.0,0,181.88
p1_W_E.382,1422.0,141.53,60.0,4,454.34
p1_S1_N1.154,1540.0,44.88,30.0,1,229.15
p1_W_E.383,1425.0,125.7,55.0,4,423.87
p1_S1_N1.155,1550.0,32.66,18.0,1,208.56
p1_S1_N1.156,1560.0,32.11,14.0,1,215.84
p1_N1_S1.158,1580.0,6.26,0.0,0,155.08
p1_W_E.384,1428.0,120.57,51.0,4,409.55
p1_W_E.385,1431.0,143.08,51.0,4,415.17
p1_W_E.386,1434.0,129.54,48.0,4,415.46
p1_E_W.210,1512.0,59.27,42.0,2,312.72
p1_W_E.387,1437.0,135.3,48.0,4,434.67
p1_E_W.211,1520.0,58.45,34.0,2,306.79
p1_W_E.388,1440.0,126.33,46.0,4,437.48
p1_W_E.389,1443.0,138.31,42.0,4,446.61
p1_E_N1.51,1530.0,51.32,23.0,2,294.43
p1_N2_S2.154,1540.0,59.44,47.0,1,247.03
p1_W_E.390,1446.0,137.09,40.0,4,453.06
p1_E_W.212,1527.0,45.19,24.0,2,288.07
p1_S2_N2.154,1540.0,57.41,47.0,1,250.28
p1_E_W.213,1534.0,50.34,21.0,2,292.57
p1_E_W.214,1541.0,44.93,17.0,2,293.47
p1_N2_S2.155,1550.0,51.76,40.0,1,234.51
p1_S2_N2.155,1550.0,57.3,42.0,1,254.47
p1_N2_S2.156,1560.0,43.45,32.0,1,226.27
p1_S2_N2.156,1560.0,46.47,31.0,1,236.55
p1_S2_N2.157,1570.0,40.92,25.0,1,224.79
p1_E_W.215,1548.0,33.71,13.0,1,254.25
p1_S2_N2.158,1580.0,24.62,12.0,1,202.1
p1_E_W.216,1556.0,36.63,12.0,1,259.81
p1_N2_S2.157,1570.0,39.53,26.0,1,220.22
p1_N2_S2.158,1580.0,35.54,18.0,1,222.87
p1_S2_N2.159,1590.0,24.93,7.0,1,211.83
p1_S2_N2.160,1600.0,11.78,0.0,0,187.28
p1_E_W.217,1563.0,32.23,7.0,1,278.66
p1_N2_S2.159,1590.0,27.29,10.0,1,214.84
p1_E_N1.52,1560.0,24.53,8.0,1,252.58
p1_E_W.218,1570.0,25.67,5.0,1,249.02
p1_S2_N2.161,1610.0,5.94,0.0,0,148.84
p1_E_W.219,1577.0,16.72,0.0,0,228.08
p1_E_W.220,1584.0,16.44,0.0,0,244.07
p1_E_N1.53,1590.0,13.37,0.0,0,232.45
p1_W_S2.39,1449.0,149.45,59.0,6,464.92
p1_W_E.391,1452.0,152.93,60.0,5,468.65
p1_W_E.392,1455.0,151.85,58.0,5,467.8
p1_W_E.393,1458.0,150.98,54.0,5,471.14
p1_W_E.394,1461.0,149.74,56.0,6,467.06
p1_W_E.395,1465.0,147.67,54.0,7,464.7
p1_W_E.396,1485.0,129.77,46.0,5,423.44
p1_W_E.397,1489.0,123.76,46.0,4,420.24
p1_S1_N1.157,1570.0,68.11,47.0,2,270.71
p1_N1_S1.159,1590.0,46.4,37.0,1,232.4
p1_S1_N1.158,1580.0,61.93,41.0,1,259.97
p1_W_E.398,1492.0,129.36,45.0,4,431.56
p1_N1_S1.160,1600.0,42.33,29.0,1,231.27
p1_S1_N1.159,1590.0,54.28,40.0,1,252.86
p1_N1_S1.161,1610.0,31.85,21.0,1,224.52
p1_S1_E.50,1503.0,110.67,62.0,3,388.75
p1_N1_S1.162,1620.0,26.97,12.0,1,214.52
p1_S1_E.51,1533.0,91.29,50.0,2,373.51
p1_S1_N1.160,1600.0,47.25,34.0,1,231.7
p1_S1_E.52,1563.0,64.91,29.0,2,346.06
p1_W_E.399,1495.0,134.74,63.0,4,453.78
p1_N1_S1.163,1630.0,13.63,0.0,0,175.29
p1_W_S2.40,1501.0,130.32,56.0,4,424.79
p1_S1_N1.161,1610.0,37.0,23.0,1,216.66
p1_N1_S1.164,1640.0,12.97,0.0,0,181.03
p1_W_E.400,1498.0,121.78,59.0,4,406.71
p1_S1_N1.162,1620.0,35.25,19.0,1,223.97
p1_N1_S1.165,1650.0,5.59,0.0,0,147.2
p1_W_E.401,1504.0,124.74,56.0,5,426.1
p1_W_E.402,1506.0,130.8,52.0,5,434.34
p1_W_E.403,1509.0,121.62,51.0,4,426.02
p1_W_E.404,1512.0,121.55,53.0,6,421.73
p1_N2_W.52,1563.0,72.19,52.0,2,327.28
p1_W_E.405,1515.0,130.48,45.0,6,431.78
p1_N2_W.53,1593.0,53.08,27.0,2,314.16
p1_W_E.406,1518.0,119.58,46.0,8,419.09
p1_E_W.221,1593.0,54.85,33.0,2,313.04
p1_W_E.407,1521.0,122.7,45.0,8,424.86
p1_E_W.222,1599.0,50.63,28.0,2,295.99
p1_E_W.223,1606.0,45.32,21.0,2,299.86
p1_S2_N2.162,1620.0,53.02,43.0,1,248.19
p1_E_W.224,1613.0,40.07,15.0,2,294.49
p1_S2_N2.163,1630.0,44.84,34.0,1,234.39
p1_E_W.225,1620.0,28.31,9.0,1,264.8
p1_E_N1.54,1623.0,32.71,7.0,1,292.71
p1_N2_S2.160,1600.0,66.6,48.0,1,267.55
p1_N2_S2.161,1610.0,66.24,47.0,1,257.54
p1_S2_N2.164,1640.0,32.69,20.0,1,202.29
p1_E_W.226,1628.0,25.03,7.0,1,242.82
p1_S2_N2.165,1650.0,32.74,15.0,1,204.85
p1_N2_S2.162,1620.0,62.94,45.0,1,260.91
p1_N2_S2.163,1630.0,52.51,38.0,1,258.85
p1_S2_N2.166,1660.0,24.45,7.0,1,204.01
p1_E_W.227,1635.0,17.43,2.0,1,232.98
p1_N2_S2.164,1640.0,46.41,29.0,1,258.95
p1_S2_N2.167,1670.0,16.2,0.0,0,199.14
p1_E_W.228,1642.0,23.2,0.0,0,237.98
p1_N2_S2.165,1650.0,37.98,19.0,1,245.05
p1_S2_N2.168,1680.0,8.06,0.0,0,166.12
p1_E_W.229,1649.0,7.28,0.0,0,197.56
p1_N2_S2.166,1660.0,30.27,13.0,1,212.64
p1_E_W.230,1656.0,13.84,0.0,0,224.09
p1_E_N1.55,1652.0,9.25,0.0,0,212.51
p1_W_E.408,1524.0,150.12,67.0,8,466.83
p1_W_E.409,1527.0,148.9,67.0,8,458.32
p1_W_E.410,1530.0,148.03,62.0,7,460.73
p1_W_S2.41,1533.0,145.37,63.0,8,451.83
p1_S1_N1.163,1630.0,74.76,57.0,2,278.34
p1_N1_S1.166,1660.0,45.57,34.0,1,231.11
p1_W_E.411,1536.0,141.69,61.0,8,437.87
p1_N1_S1.167,1670.0,37.47,26.0,1,217.66
p1_W_E.412,1539.0,148.78,60.0,5,457.45
p1_W_E.413,1558.0,131.5,52.0,4,428.44
p1_W_E.414,1561.0,126.65,53.0,5,432.31
p1_W_E.415,1564.0,129.17,50.0,4,455.81
p1_S1_N1.164,1640.0,59.12,44.0,1,248.21
p1_W_E.416,1567.0,127.95,51.0,4,430.43
p1_S1_N1.165,1650.0,67.4,44.0,1,260.16
p1_W_E.417,1570.0,123.25,50.0,5,418.71
p1_N1_S1.168,1680.0,21.62,11.0,1,186.93
p1_S1_N1.166,1660.0,59.06,40.0,1,254.34
p1_N1_S1.169,1690.0,29.75,8.0,1,204.35
p1_S1_E.53,1593.0,105.29,62.0,3,403.64
p1_S1_N1.167,1670.0,50.87,30.0,1,243.62
p1_N1_S1.170,1700.0,21.54,1.0,1,203.64
p1_S1_E.54,1623.0,72.23,32.0,2,355.19
p1_S1_N1.168,1680.0,42.66,23.0,1,226.86
p1_W_E.418,1573.0,129.12,60.0,4,454.18
p1_N1_S1.171,1710.0,12.24,0.0,0,185.8
p1_S1_N1.169,1690.0,34.44,18.0,1,222.64
p1_W_E.419,1576.0,127.9,59.0,5,454.7
p1_N1_S1.172,1720.0,5.71,0.0,0,148.68
p1_W_E.420,1579.0,126.59,55.0,4,455.7
p1_W_S2.42,1582.0,123.5,55.0,4,444.84
p1_S1_N1.170,1700.0,22.93,8.0,1,189.22
p1_W_E.421,1585.0,121.94,55.0,4,441.75
p1_S1_N1.171,1710.0,15.58,0.0,0,183.96
p1_W_E.422,1588.0,121.78,51.0,4,445.06
p1_W_E.423,1591.0,120.57,50.0,4,443.75
p1_N2_W.54,1623.0,88.36,71.0,2,355.81
p1_W_E.424,1595.0,118.35,48.0,5,442.36
p1_N2_W.55,1653.0,60.27,38.0,2,320.98
p1_W_E.425,1598.0,117.19,45.0,5,432.77
p1_W_E.426,1600.0,109.99,43.0,4,398.85
p1_E_N1.56,1681.0,40.81,13.0,2,282.63
p1_E_W.231,1664.0,40.59,22.0,2,287.13
p1_S2_N2.169,1690.0,52.24,43.0,1,235.77
p1_N2_S2.167,1670.0,72.28,52.0,2,280.22
p1_E_W.232,1671.0,46.31,20.0,2,287.71
p1_S2_N2.170,1700.0,45.97,34.0,1,241.85
p1_E_W.233,1678.0,48.18,17.0,2,296.96
p1_N2_S2.168,1680.0,66.46,47.0,1,271.12
p1_S2_N2.171,1710.0,37.57,25.0,1,222.3
p1_E_W.234,1685.0,43.0,13.0,2,288.78
p1_S2_N2.172,1720.0,29.37,16.0,1,211.06
p1_E_W.235,1692.0,37.85,5.0,1,293.73
p1_S2_N2.173,1730.0,21.21,8.0,1,203.4
p1_N2_S2.169,1690.0,58.36,43.0,1,245.92
p1_E_W.236,1700.0,31.5,3.0,1,290.13
p1_N2_S2.170,1700.0,53.52,38.0,1,252.56
p1_S2_N2.174,1740.0,13.13,0.0,0,183.85
p1_E_W.237,1707.0,24.73,4.0,1,260.52
p1_E_W.238,1714.0,21.12,0.0,0,249.38
p1_N2_S2.171,1710.0,39.73,27.0,1,216.04
p1_E_N1.57,1710.0,16.65,0.0,0,231.55
p1_E_W.239,1721.0,15.84,0.0,0,234.62
p1_N2_S2.172,1720.0,39.64,24.0,1,227.34
p1_E_W.240,1728.0,10.69,0.0,0,212.58
p1_N2_S2.173,1730.0,30.2,14.0,1,216.44
p1_N2_S2.174,1740.0,23.12,8.0,1,198.9
p1_S2_N2.175,1750.0,6.22,0.0,0,149.63
p1_W_E.427,1604.0,145.12,66.0,5,466.46
p1_N2_W.56,1683.0,66.29,46.0,1,301.41
p1_W_E.428,1607.0,145.28,65.0,6,476.17
p1_W_E.429,1610.0,134.41,61.0,5,429.98
p1_W_S2.43,1627.0,130.17,54.0,4,427.49
p1_N1_S1.173,1730.0,50.89,39.0,1,232.18
p1_W_E.430,1624.0,137.58,54.0,4,425.41
p1_S1_N1.172,1720.0,62.98,48.0,1,260.5
p1_N1_S1.174,1740.0,41.76,30.0,1,219.44
p1_W_E.431,1630.0,133.32,52.0,4,446.78
p1_S1_N1.173,1730.0,54.92,44.0,1,243.01
p1_W_E.432,1633.0,131.97,49.0,4,450.05
p1_N1_S1.175,1750.0,36.31,23.0,1,214.53
p1_S1_N1.174,1740.0,46.83,35.0,1,240.97
p1_W_E.433,1636.0,130.64,49.0,5,457.16
p1_N1_S1.176,1760.0,26.48,13.0,1,204.62
p1_W_E.434,1639.0,129.38,47.0,5,450.7
p1_S1_E.55,1653.0,111.06,71.0,3,398.23
p1_N1_S1.177,1770.0,17.59,5.0,1,179.72
p1_S1_E.56,1683.0,82.67,42.0,3,358.86
p1_W_E.435,1642.0,132.93,65.0,5,450.91
p1_N1_S1.178,1780.0,7.25,0.0,0,161.67
p1_S1_N1.175,1750.0,37.63,24.0,1,222.47
p1_S1_N1.176,1760.0,34.48,17.0,1,219.35
p1_S1_N1.177,1770.0,28.41,9.0,1,208.25
p1_S1_N1.178,1780.0,23.28,3.0,1,208.72
p1_N1_S1.179,1790.0,6.16,0.0,0,153.43
p1_W_E.436,1645.0,114.08,62.0,4,412.53
p1_S1_N1.179,1790.0,11.01,0.0,0,165.57
p1_W_S2.44,1660.0,124.73,53.0,4,419.39
p1_W_E.437,1648.0,138.34,59.0,6,432.99
p1_W_E.438,1651.0,113.73,58.0,5,415.04
p1_N2_W.57,1713.0,75.32,52.0,2,354.12
p1_W_E.439,1654.0,136.11,57.0,6,427.14
p1_N2_W.58,1743.0,47.45,24.0,2,302.94
p1_W_E.440,1657.0,134.84,54.0,5,440.21
p1_W_E.441,1663.0,128.21,49.0,3,435.56
p1_E_W.241,1736.0,52.58,35.0,2,298.09
p1_W_E.442,1666.0,129.54,47.0,3,432.63
p1_W_E.443,1669.0,111.95,46.0,3,395.83
p1_E_N1.58,1740.0,52.16,31.0,2,302.1
p1_E_W.242,1743.0,54.96,31.0,2,303.03
p1_W_E.444,1672.0,110.98,49.0,3,394.15
p1_W_E.445,1675.0,119.89,46.0,3,421.46
p1_E_W.243,1750.0,47.47,25.0,2,286.08
p1_N2_S2.175,1750.0,74.69,54.0,1,281.25
p1_W_E.446,1683.0,120.34,45.0,3,413.05
p1_E_W.244,1757.0,46.37,19.0,2,299.23
p1_S2_N2.176,1760.0,62.65,52.0,1,252.78
p1_E_W.245,1764.0,41.1,10.0,2,280.25
p1_W_E.447,1687.0,109.69,43.0,3,410.31
p1_N2_S2.176,1760.0,66.9,52.0,1,257.63
p1_E_N1.59,1770.0,35.66,6.0,1,265.58
p1_N2_S2.177,1770.0,58.72,47.0,1,252.51
p1_S2_N2.177,1770.0,56.28,43.0,1,245.08
p1_E_W.246,1773.0,34.42,5.0,1,274.8
p1_S2_N2.178,1780.0,50.22,36.0,1,239.32
p1_E_W.247,1779.0,30.51,5.0,1,252.25
p1_S2_N2.179,1790.0,41.96,27.0,1,228.02
p1_N2_S2.178,1780.0,53.31,40.0,1,244.36
p2_S2_N2.0,1800.0,33.67,18.0,1,214.67
p1_N2_S2.179,1790.0,43.72,30.0,1,228.32
p1_E_W.248,1786.0,19.18,2.0,1,233.02
p1_E_W.249,1793.0,23.96,2.0,1,246.2
p2_N2_S2.0,1800.0,38.19,23.0,1,219.24
p2_E_W.0,1800.0,17.98,0.0,0,243.53
p1_W_E.448,1690.0,137.18,62.0,5,449.46
p2_N2_S2.1,1810.0,21.96,7.0,1,184.53
p2_N2_S2.2,1820.0,31.11,4.0,1,209.63
p1_W_S2.45,1699.0,134.27,57.0,4,420.39
p2_E_S1.0,1803.0,30.39,12.0,1,251.34
p2_N1_S1.0,1800.0,57.68,48.0,1,251.96
p2_S1_N1.0,1800.0,57.76,47.0,1,245.55
p1_W_E.449,1693.0,122.42,59.0,4,413.53
p1_W_E.450,1696.0,142.65,60.0,4,428.58
p1_W_E.451,1702.0,128.47,56.0,5,431.15
p2_S1_N1.1,1810.0,46.49,35.0,1,222.57
p2_S1_N1.2,1820.0,44.56,30.0,1,223.63
p2_S1_N1.3,1830.0,28.72,16.0,1,201.02
p1_W_E.452,1705.0,114.92,55.0,4,399.97
p2_S1_N1.4,1840.0,23.82,9.0,1,192.84
p1_W_E.453,1708.0,126.98,52.0,5,416.62
p2_S1_N1.5,1850.0,22.73,4.0,1,197.18
p1_W_E.454,1711.0,141.07,50.0,4,430.9
p2_S1_N1.6,1860.0,14.39,0.0,0,185.2
p2_N1_S1.1,1810.0,65.12,50.0,2,260.15
p1_S1_E.57,1713.0,141.52,73.0,3,450.93
p2_N1_S1.2,1820.0,57.17,39.0,2,239.48
p1_S1_E.58,1743.0,104.05,57.0,3,389.05
p1_S1_E.59,1773.0,85.05,27.0,3,368.27
p2_N1_S1.3,1830.0,48.95,29.0,2,232.52
p2_S1_N1.7,1870.0,5.57,0.0,0,152.61
p1_W_E.455,1714.0,142.52,65.0,4,442.28
p1_W_E.456,1717.0,144.45,63.0,5,460.77
p2_N1_S1.4,1840.0,42.95,23.0,2,221.5
p2_N1_S1.5,1850.0,34.77,14.0,2,211.28
p1_W_E.457,1720.0,143.3,64.0,6,448.9
p1_W_S2.46,1732.0,128.32,54.0,4,427.5
p1_W_E.458,1723.0,142.09,60.0,4,436.08
p2_N1_S1.6,1860.0,26.52,6.0,2,200.32
p2_S1_N1.8,1880.0,5.47,0.0,0,146.47
p1_W_E.459,1726.0,134.92,58.0,4,452.09
p1_W_E.460,1729.0,131.3,55.0,4,453.02
p1_W_E.461,1735.0,135.85,55.0,3,454.1
p1_W_E.462,1738.0,134.64,53.0,3,452.43
p2_E_W.1,1806.0,67.98,48.0,2,306.42
p2_N2_S2.3,1830.0,65.7,49.0,1,264.17
p1_W_E.463,1741.0,133.35,51.0,3,456.13
p1_N2_W.59,1773.0,102.38,81.0,2,383.06
p2_S2_N2.1,1810.0,84.63,64.0,3,286.04
p2_S2_N2.2,1820.0,78.18,55.0,3,279.5
p2_S2_W.0,1803.0,74.44,49.0,3,337.95
p2_S2_N2.3,1830.0,70.41,51.0,2,270.5
p2_N2_S2.4,1840.0,54.5,41.0,1,245.71
p2_N2_S2.5,1850.0,53.97,36.0,1,249.23
p2_N2_S2.6,1860.0,45.92,28.0,1,237.8
p2_N2_S2.7,1870.0,37.55,19.0,1,221.81
p2_N2_S2.8,1880.0,28.56,11.0,1,222.8
p2_E_W.2,1809.0,56.08,37.0,2,305.84
p2_N2_S2.9,1890.0,21.0,5.0,1,220.88
p2_E_W.3,1812.0,78.41,36.0,2,340.41
p2_N2_S2.10,1900.0,12.77,0.0,0,191.24
p2_E_W.4,1815.0,75.72,35.0,2,343.52
p2_E_W.5,1818.0,66.61,34.0,2,353.06
p1_W_E.464,1744.0,152.65,72.0,4,471.67
p2_E_W.6,1821.0,73.48,33.0,2,351.97
p2_E_W.7,1824.0,68.28,32.0,2,347.41
p1_W_E.465,1751.0,147.93,70.0,4,475.27
p2_E_W.8,1827.0,68.22,31.0,2,364.4
p1_W_E.466,1754.0,146.93,67.0,4,450.95
p2_E_W.9,1830.0,71.37,30.0,2,373.65
p2_E_W.10,1832.0,67.88,28.0,2,386.44
p1_W_E.467,1757.0,144.15,65.0,4,459.62
p2_E_S1.1,1836.0,67.22,31.0,3,357.34
p2_N1_S1.7,1870.0,59.8,39.0,2,261.51
p2_S1_N1.9,1890.0,39.82,27.0,1,223.52
p2_N1_S1.8,1880.0,50.58,34.0,1,247.82
p2_S1_N1.10,1900.0,30.5,17.0,1,200.02
p1_W_E.468,1760.0,132.95,67.0,5,432.45
p2_N1_S1.9,1890.0,44.36,31.0,1,233.71
p2_S1_N1.11,1910.0,24.39,11.0,1,206.21
p1_W_E.469,1763.0,146.38,64.0,4,454.92
p1_W_S2.47,1769.0,139.74,66.0,4,450.56
p2_S1_N1.12,1920.0,16.16,2.0,1,197.61
p1_W_E.470,1766.0,149.85,66.0,5,466.28
p2_S1_N1.13,1930.0,7.92,0.0,0,158.86
p1_W_E.471,1772.0,142.42,65.0,4,454.24
p1_W_E.472,1775.0,136.75,61.0,4,447.24
p2_N1_E.0,1803.0,113.75,69.0,3,425.18
p2_N1_S1.10,1900.0,41.63,24.0,1,225.78
p2_N1_E.1,1833.0,89.76,43.0,3,365.3
p2_N1_E.2,1863.0,61.38,20.0,3,327.84
p2_N1_S1.11,1910.0,36.11,16.0,1,227.25
p2_S1_N1.14,1940.0,5.99,0.0,0,154.81
p2_N1_S1.12,1920.0,27.76,8.0,1,216.72
p1_W_E.473,1778.0,145.84,83.0,4,480.79
p1_W_E.474,1781.0,147.82,81.0,5,480.99
p2_N1_S1.13,1930.0,21.07,1.0,1,190.66
p1_W_E.475,1784.0,146.56,79.0,4,477.7
p1_W_E.476,1787.0,145.33,78.0,4,496.41
p1_W_E.477,1790.0,141.6,75.0,4,481.45
p1_W_E.478,1793.0,142.77,71.0,4,466.34
p2_E_W.11,1839.0,94.24,55.0,4,389.08
p1_W_E.479,1796.0,140.81,69.0,4,464.27
p1_W_E.480,1799.0,135.4,69.0,4,452.28
p1_W_S2.48,1802.0,137.14,67.0,4,447.88
p2_E_W.12,1842.0,79.85,44.0,4,353.74
p2_S2_N2.4,1840.0,123.0,98.0,3,343.63
p2_E_W.13,1846.0,102.99,42.0,4,374.0
p2_N2_S2.11,1910.0,51.88,41.0,1,230.59
p2_S2_N2.5,1850.0,121.38,96.0,3,340.29
p2_E_W.14,1849.0,93.17,41.0,4,372.47
p2_N2_S2.12,1920.0,49.57,35.0,1,237.05
p2_S2_N2.6,1860.0,113.11,84.0,3,338.91
p2_E_W.15,1852.0,100.53,40.0,3,384.34
p2_N2_S2.13,1930.0,44.21,30.0,1,244.53
p2_E_W.16,1855.0,99.15,37.0,4,386.21
p2_E_W.17,1858.0,97.82,34.0,3,396.6
p2_N2_S2.14,1940.0,27.89,16.0,1,197.33
p2_E_W.18,1861.0,96.63,35.0,3,389.5
p2_N2_S2.15,1950.0,30.08,11.0,1,211.83
p2_E_W.19,1864.0,94.87,32.0,3,390.46
p2_N2_S2.16,1960.0,21.77,3.0,1,203.9
p2_E_W.20,1867.0,94.15,31.0,2,389.05
p2_N2_S2.17,1970.0,13.47,0.0,0,190.36
p2_S2_N2.7,1870.0,113.0,79.0,4,333.33
p2_E_S1.2,1870.0,94.39,35.0,5,380.52
p2_N2_S2.18,1980.0,5.56,0.0,0,147.3
p2_S2_N2.8,1880.0,102.71,63.0,4,321.15
p2_N1_S1.14,1940.0,49.43,31.0,1,237.61
p2_S2_N2.9,1890.0,100.63,59.0,4,319.42
p2_N1_S1.15,1950.0,41.89,29.0,1,222.25
p1_W_E.481,1805.0,168.31,93.0,5,503.86
p1_W_E.482,1822.0,150.14,81.0,4,466.27
p2_S1_N1.15,1950.0,32.99,21.0,1,206.94
p1_W_E.483,1825.0,153.3,83.0,4,470.65
p2_S1_N1.16,1960.0,35.14,18.0,1,205.9
p2_S1_N1.17,1970.0,30.96,10.0,1,212.31
p2_N1_S1.16,1960.0,43.3,23.0,2,228.04
p2_S1_N1.18,1980.0,23.53,2.0,1,209.63
p1_W_E.484,1828.0,146.08,80.0,4,457.14
p2_N1_S1.17,1970.0,35.4,17.0,2,218.32
p2_S1_N1.19,1990.0,15.24,0.0,0,198.57
p1_W_E.485,1831.0,153.61,80.0,5,466.11
p1_W_E.486,1834.0,152.13,80.0,5,475.97
p2_N1_E.3,1893.0,94.35,54.0,3,392.71
p2_N1_S1.18,1980.0,26.43,4.0,1,197.4
p2_N1_E.4,1923.0,66.1,27.0,2,341.48
p1_W_E.487,1838.0,153.49,89.0,4,493.44
p2_S1_N1.20,2000.0,6.26,0.0,0,151.85
p1_W_E.488,1841.0,152.25,88.0,4,492.44
p1_W_E.489,1844.0,150.89,85.0,4,481.67
p2_E_W.21,1873.0,122.42,62.0,5,429.34
p1_W_E.490,1847.0,148.47,87.0,4,478.99
p1_W_S2.49,1850.0,147.48,81.0,4,482.47
p2_S2_W.1,1833.0,163.55,106.0,8,492.09
p2_E_W.22,1876.0,123.38,72.0,5,430.11
p2_E_W.23,1879.0,122.27,71.0,5,437.8
p2_E_W.24,1881.0,121.91,65.0,5,425.71
p1_W_E.491,1853.0,135.16,79.0,4,438.28
p2_E_W.25,1885.0,117.26,65.0,3,409.85
p1_W_E.492,1856.0,150.14,76.0,4,456.61
p1_W_E.493,1859.0,149.46,76.0,4,478.99
p2_E_W.26,1888.0,111.9,64.0,4,397.25
p1_W_E.494,1862.0,149.26,76.0,4,478.1
p2_E_W.27,1891.0,121.58,63.0,4,417.57
p1_W_E.495,1865.0,138.21,76.0,4,470.29
p2_E_W.28,1894.0,120.25,60.0,3,431.37
p1_W_E.496,1868.0,147.59,71.0,4,483.81
p2_E_W.29,1897.0,119.03,59.0,3,427.24
p1_W_E.497,1871.0,146.32,69.0,4,492.07
p1_W_E.498,1874.0,145.09,66.0,4,490.37
p1_W_E.499,1877.0,142.63,66.0,4,477.6
p2_E_W.30,1900.0,105.69,55.0,4,377.35
p2_N2_S2.19,1990.0,53.15,41.0,1,236.32
p2_N2_S2.20,2000.0,42.6,31.0,1,214.2
p2_E_S1.3,1903.0,124.07,59.0,5,425.5
p2_N2_S2.21,2010.0,39.55,25.0,1,220.82
p2_N1_S1.19,1990.0,61.39,32.0,1,260.75
p2_S1_N1.21,2010.0,41.66,30.0,1,227.86
p2_N1_S1.20,2000.0,52.92,32.0,1,236.61
p2_S1_N1.22,2020.0,33.6,21.0,1,217.92
p2_N2_S2.22,2020.0,23.8,12.0,1,193.55
p2_N2_S2.23,2030.0,26.32,8.0,1,203.05
p2_N1_S1.21,2010.0,42.77,30.0,1,222.19
p2_N2_S2.24,2040.0,18.09,0.0,0,197.51
p2_N1_E.5,1953.0,85.09,48.0,4,376.82
p2_S1_N1.23,2030.0,20.23,8.0,1,180.79
p2_S1_N1.24,2040.0,17.27,2.0,1,187.9
p2_N1_E.6,1983.0,54.14,19.0,2,318.62
p2_N1_S1.22,2020.0,44.39,24.0,1,239.22
p2_S1_N1.25,2050.0,14.04,0.0,0,180.7
p2_N1_S1.23,2030.0,36.39,17.0,1,220.8
p1_W_S2.50,1883.0,162.49,86.0,5,455.03
p2_N1_S1.24,2040.0,28.3,9.0,1,208.39
p2_S1_N1.26,2060.0,5.9,0.0,0,147.29
p1_W_E.500,1880.0,146.22,89.0,5,446.49
p1_W_E.501,1886.0,168.54,81.0,5,479.71
p1_W_E.502,1897.0,157.86,79.0,4,476.35
p1_W_E.503,1901.0,157.0,75.0,4,481.77
p2_E_W.31,1906.0,151.39,83.0,6,466.11
p2_E_W.32,1909.0,150.17,82.0,6,466.17
p1_W_E.504,1904.0,155.76,73.0,4,482.17
p2_E_W.33,1912.0,149.12,79.0,6,457.65
p1_W_E.505,1907.0,136.44,70.0,4,424.94
p2_E_W.34,1914.0,148.8,77.0,5,471.86
p1_W_E.506,1910.0,151.94,69.0,4,433.19
p1_W_E.507,1913.0,147.48,67.0,4,457.5
p1_W_E.508,1916.0,150.39,66.0,5,460.23
p1_W_S2.51,1925.0,142.62,67.0,4,456.38
p2_E_W.35,1918.0,141.47,73.0,5,436.38
p2_E_W.36,1921.0,148.18,70.0,5,442.5
p1_W_E.509,1919.0,150.24,64.0,4,474.68
p1_W_E.510,1922.0,149.03,66.0,4,462.59
p2_E_W.37,1924.0,147.01,69.0,4,462.81
p1_W_E.511,1928.0,142.42,66.0,4,456.23
p1_W_E.512,1931.0,141.2,65.0,4,476.33
p2_E_W.38,1927.0,135.12,63.0,4,427.28
p2_E_W.39,1930.0,147.11,65.0,4,451.12
p2_N1_E.7,2013.0,62.8,29.0,1,353.15
p2_E_W.40,1933.0,145.81,63.0,4,464.17
p2_N1_E.8,2043.0,22.75,0.0,0,248.35
p1_W_E.513,1934.0,157.38,85.0,5,476.01
p1_W_E.514,1937.0,156.04,87.0,4,470.96
p1_W_E.515,1940.0,154.68,82.0,5,473.87
p1_W_E.516,1943.0,151.15,83.0,5,462.11
p2_S1_N1.27,2070.0,48.19,35.0,1,234.26
p1_W_E.517,1946.0,152.28,82.0,5,459.72
p2_E_S1.4,1936.0,151.35,70.0,5,467.35
p1_W_E.518,1949.0,150.96,76.0,5,461.52
p2_N1_S1.25,2050.0,70.33,42.0,1,290.62
p2_N2_S2.25,2050.0,64.68,54.0,1,258.09
p2_S1_N1.28,2080.0,41.12,27.0,1,233.25
p2_N1_S1.26,2060.0,63.47,40.0,1,283.74
p2_N2_S2.26,2060.0,63.16,49.0,1,257.19
p2_N1_S1.27,2070.0,55.22,40.0,1,262.54
p2_N2_S2.27,2070.0,51.76,39.0,1,243.89
p2_N2_S2.28,2080.0,46.64,32.0,1,237.72
p2_S1_N1.29,2090.0,28.55,14.0,1,210.35
p2_N2_S2.29,2090.0,38.29,23.0,1,230.31
p2_S1_N1.30,2100.0,28.63,9.0,1,201.38
p2_N2_S2.30,2100.0,30.09,14.0,1,216.92
p2_S1_N1.31,2110.0,20.35,2.0,1,201.42
p2_N2_S2.31,2110.0,21.88,7.0,1,214.32
p2_N2_S2.32,2120.0,9.96,0.0,0,176.23
p2_N1_S1.28,2080.0,50.05,34.0,2,243.89
p2_N1_S1.29,2090.0,46.94,26.0,2,238.98
p2_N1_S1.30,2100.0,37.04,16.0,1,217.31
p2_S2_N2.10,1900.0,234.24,187.0,6,524.43
p2_N2_S2.33,2130.0,6.56,0.0,0,151.44
p2_S2_N2.11,1910.0,225.82,179.0,4,491.62
p2_S1_N1.32,2120.0,7.21,0.0,0,153.03
p2_S2_N2.12,1920.0,224.85,177.0,4,511.37
p2_S1_N1.33,2130.0,15.08,0.0,0,174.03
p1_W_E.519,1952.0,172.78,102.0,5,488.74
p2_N1_S1.31,2110.0,26.79,5.0,1,212.78
p1_W_E.520,1955.0,172.05,99.0,5,489.41
p2_N1_S1.32,2120.0,27.96,1.0,1,214.47
p2_E_W.41,1939.0,189.58,99.0,8,526.98
p1_W_S2.52,1984.0,145.3,76.0,4,450.51
p1_W_E.521,1987.0,143.09,75.0,4,459.73
p2_E_W.42,1942.0,180.33,93.0,6,513.63
p2_S2_W.2,1863.0,268.48,169.0,9,648.73
p2_E_W.43,1945.0,193.68,103.0,6,549.31
p1_W_E.522,1990.0,132.12,75.0,6,423.84
p1_W_E.523,1993.0,148.06,72.0,5,440.9
p2_E_W.44,1948.0,192.46,98.0,5,562.54
p1_W_E.524,1996.0,144.22,71.0,6,462.95
p2_E_W.45,1951.0,181.51,97.0,5,521.6
p1_W_E.525,1999.0,135.38,68.0,5,454.09
p2_E_W.46,1954.0,190.34,95.0,5,543.82
p2_E_W.47,1957.0,188.94,95.0,7,541.03
p1_W_E.526,2002.0,144.41,67.0,5,462.19
p2_E_W.48,1960.0,187.68,91.0,7,527.84
p1_W_E.527,2005.0,133.95,65.0,4,459.26
p2_E_W.49,1963.0,186.49,91.0,7,520.86
p1_W_E.528,2008.0,137.55,63.0,4,454.69
p2_E_W.50,1966.0,183.47,89.0,7,517.67
p1_W_E.529,2011.0,140.89,65.0,5,464.4
p2_N1_E.9,2073.0,75.24,46.0,3,365.34
p1_W_S2.53,2017.0,137.51,74.0,4,442.81
p2_N1_E.10,2103.0,39.86,11.0,1,289.54
p1_W_E.530,2014.0,143.74,74.0,5,449.08
p1_W_E.531,2020.0,135.98,71.0,4,435.41
p1_W_E.532,2023.0,137.27,68.0,4,442.77
p2_E_S1.5,1969.0,183.77,92.0,6,493.14
p2_S1_N1.34,2140.0,43.4,31.0,1,225.56
p1_W_E.533,2026.0,136.94,69.0,4,443.16
p2_N1_S1.33,2130.0,55.38,32.0,1,242.35
p2_S1_N1.35,2150.0,35.25,24.0,1,211.05
p1_W_E.534,2044.0,120.79,60.0,3,415.02
p2_S1_N1.36,2160.0,27.15,14.0,1,200.29
p1_W_E.535,2047.0,119.48,60.0,3,423.32
p1_W_E.536,2050.0,116.13,58.0,3,410.49
p2_S1_N1.37,2170.0,17.92,5.0,1,183.91
p2_S1_N1.38,2180.0,8.22,0.0,0,157.1
p2_S1_N1.39,2190.0,5.61,0.0,0,149.31
p2_N2_S2.34,2140.0,52.34,41.0,1,232.5
p2_N2_S2.35,2150.0,49.89,36.0,1,249.96
p2_N2_S2.36,2160.0,41.63,27.0,1,240.52
p2_N1_S1.34,2140.0,62.15,43.0,2,262.08
p2_N2_S2.37,2170.0,29.54,17.0,1,209.9
p2_N2_S2.38,2180.0,22.58,8.0,1,197.9
p2_N1_S1.35,2150.0,51.58,36.0,2,236.95
p2_S1_N1.40,2200.0,5.61,0.0,0,153.92
p2_N2_S2.39,2190.0,17.08,1.0,1,193.68
p2_N1_S1.36,2160.0,47.96,26.0,2,242.9
p2_N2_S2.40,2200.0,6.46,0.0,0,153.76
p2_E_W.51,1972.0,221.84,123.0,7,553.68
p2_N2_S2.41,2210.0,5.89,0.0,0,151.82
p2_S2_N2.13,1930.0,285.39,241.0,6,598.94
p2_E_W.52,1975.0,220.67,122.0,8,566.13
p2_S2_N2.14,1940.0,278.18,229.0,6,592.5
p2_E_W.53,1978.0,219.61,117.0,8,551.03
p2_E_W.54,1981.0,218.39,130.0,7,558.79
p2_E_W.55,1984.0,218.01,128.0,7,545.02
p2_S2_N2.15,1950.0,266.65,213.0,6,554.12
p2_E_W.56,1987.0,216.76,124.0,6,548.63
p2_E_W.57,1990.0,215.52,115.0,6,555.56
p2_E_W.58,1993.0,212.84,116.0,6,558.21
p2_E_W.59,1996.0,213.55,112.0,6,562.12
p1_W_E.537,2053.0,142.41,86.0,4,430.23
p2_E_W.60,1999.0,209.53,115.0,7,550.55
p1_W_E.538,2056.0,158.13,84.0,4,451.47
p1_W_E.539,2059.0,150.39,85.0,5,451.6
p1_W_S2.54,2065.0,146.39,81.0,4,452.78
p1_W_E.540,2062.0,155.77,83.0,4,460.76
p1_W_E.541,2068.0,151.45,80.0,4,475.4
p2_E_S1.6,2002.0,218.31,111.0,8,571.73
p1_W_E.542,2071.0,147.11,75.0,4,475.78
p2_N1_E.11,2133.0,89.41,54.0,3,385.32
p2_N1_S1.37,2170.0,74.76,48.0,3,277.7
p2_S1_N1.41,2210.0,34.9,21.0,1,221.4
p2_N1_E.12,2163.0,61.31,29.0,3,330.25
p2_N1_S1.38,2180.0,66.02,39.0,3,263.57
p1_W_E.543,2074.0,152.68,82.0,4,481.18
p2_N1_S1.39,2190.0,58.5,34.0,2,246.89
p2_S1_N1.42,2220.0,26.76,13.0,1,197.16
p1_W_E.544,2077.0,151.42,83.0,5,479.5
p2_S1_N1.43,2230.0,18.39,5.0,1,183.25
p1_W_E.545,2080.0,150.07,79.0,4,491.67
p2_S1_N1.44,2240.0,12.35,0.0,0,180.18
p1_W_E.546,2083.0,144.64,77.0,4,463.76
p1_W_E.547,2105.0,126.93,63.0,3,444.18
p2_S1_N1.45,2250.0,5.42,0.0,0,147.49
p1_W_E.548,2108.0,127.62,64.0,3,442.75
p1_W_E.549,2111.0,126.46,62.0,3,440.01
p1_W_E.550,2114.0,120.62,62.0,4,435.0
p1_W_S2.55,2117.0,122.7,60.0,4,437.43
p2_N1_S1.40,2200.0,62.46,32.0,3,260.34
p2_N1_S1.41,2210.0,54.37,27.0,2,234.53
p2_S1_N1.46,2260.0,6.44,0.0,0,154.88
p2_N1_S1.42,2220.0,44.52,24.0,2,227.44
p2_S2_N2.16,1960.0,303.32,242.0,6,620.74
p2_S2_N2.17,1970.0,300.41,233.0,7,611.19
p2_N2_S2.42,2220.0,42.12,31.0,1,224.68
p2_N1_S1.43,2230.0,42.05,17.0,2,222.13
p2_N2_S2.43,2230.0,43.55,27.0,1,238.16
p2_N1_S1.44,2240.0,34.18,7.0,1,212.51
p2_N2_S2.44,2240.0,29.99,13.0,1,213.29
p2_S1_N1.47,2270.0,5.39,0.0,0,149.64
p2_N1_S1.45,2250.0,26.03,0.0,0,194.91
p2_S2_N2.18,1980.0,282.7,220.0,6,592.56
p2_N2_S2.45,2250.0,27.26,10.0,1,217.15
p2_N2_S2.46,2260.0,17.45,1.0,1,197.44
p2_N2_S2.47,2270.0,10.72,0.0,0,188.03
p2_S2_N2.19,1990.0,288.41,216.0,6,596.74
p2_S2_N2.20,2000.0,286.55,215.0,6,595.44
p2_E_W.61,2005.0,242.25,140.0,10,597.65
p2_S2_N2.21,2010.0,279.82,213.0,6,591.25
p2_E_W.62,2008.0,262.47,135.0,8,616.83
p2_E_W.63,2011.0,261.24,134.0,9,632.2
p2_E_W.64,2014.0,258.52,133.0,8,631.77
p2_N2_S2.48,2280.0,6.26,0.0,0,153.39
p2_S2_W.3,1893.0,374.69,275.0,10,844.28
p2_S2_N2.22,2020.0,276.88,205.0,7,583.66
p2_S2_N2.23,2030.0,268.71,195.0,6,567.67
p2_E_W.65,2017.0,260.64,163.0,6,665.8
p2_N2_S2.49,2290.0,5.9,0.0,0,152.46
p2_S2_N2.24,2040.0,260.69,187.0,7,552.24
p2_E_W.66,2020.0,259.45,160.0,6,660.35
p2_E_W.67,2023.0,241.8,150.0,6,616.79
p2_N2_S2.50,2300.0,5.76,0.0,0,148.93
p2_E_W.68,2026.0,236.14,151.0,6,609.06
p2_E_W.69,2029.0,249.45,151.0,6,631.56
p2_E_W.70,2032.0,256.35,149.0,5,635.59
p2_E_S1.7,2035.0,255.27,152.0,6,621.16
p2_S2_N2.25,2050.0,262.37,178.0,8,558.44
p2_S1_N1.48,2280.0,32.7,21.0,1,204.7
p2_S1_N1.49,2290.0,28.2,15.0,1,214.02
p1_W_E.551,2120.0,172.54,112.0,4,513.72
p1_W_E.552,2123.0,178.09,110.0,4,525.38
p2_S1_N1.50,2300.0,13.64,2.0,1,175.46
p1_W_E.553,2126.0,176.84,110.0,5,521.02
p2_S1_N1.51,2310.0,15.07,0.0,0,173.01
p1_W_E.554,2129.0,175.59,106.0,4,521.26
p2_N1_S1.46,2260.0,66.2,37.0,2,257.16
p2_S1_N1.52,2320.0,5.7,0.0,0,160.21
p2_N1_E.13,2193.0,112.57,73.0,4,410.42
p2_S1_N1.53,2330.0,5.87,0.0,0,150.0
p2_N1_E.14,2223.0,69.4,40.0,3,314.89
p2_N1_S1.47,2270.0,50.27,33.0,2,229.61
p1_W_E.555,2132.0,185.03,111.0,5,532.18
p2_N1_S1.48,2280.0,58.81,31.0,2,253.95
p1_W_E.556,2135.0,183.85,110.0,6,529.28
p1_W_E.557,2138.0,182.59,107.0,5,534.97
p2_N1_S1.49,2290.0,52.1,26.0,3,244.24
p1_W_E.558,2141.0,181.36,105.0,5,541.37
p1_W_E.559,2144.0,180.06,103.0,5,517.13
p2_N1_S1.50,2300.0,43.01,16.0,3,224.88
p2_S1_N1.54,2340.0,5.13,0.0,0,154.19
p2_N1_S1.51,2310.0,36.28,8.0,3,223.26
p1_W_E.560,2147.0,177.97,101.0,5,519.67
p1_W_S2.56,2166.0,147.02,90.0,4,457.63
p1_W_E.561,2170.0,157.56,89.0,4,485.74
p1_W_E.562,2173.0,156.29,87.0,4,495.83
p1_W_E.563,2176.0,143.19,86.0,4,445.62
p2_E_W.71,2038.0,290.55,187.0,7,681.9
p1_W_E.564,2179.0,149.77,83.0,4,464.18
p2_E_W.72,2041.0,288.37,180.0,8,678.48
p1_W_E.565,2182.0,155.36,83.0,4,478.19
p2_E_W.73,2044.0,293.37,174.0,8,684.92
p1_W_E.566,2185.0,148.9,81.0,4,474.74
p2_S2_W.4,1923.0,407.78,324.0,9,854.08
p1_W_E.567,2188.0,152.87,80.0,4,490.97
p1_W_E.568,2191.0,151.67,79.0,4,501.55
p2_N1_E.15,2253.0,89.68,39.0,2,386.57
p2_N2_S2.51,2310.0,56.48,46.0,1,249.15
p2_S2_W.5,1953.0,374.65,283.0,9,800.91
p2_N2_S2.52,2320.0,48.41,36.0,1,230.27
p2_S2_N2.26,2060.0,304.89,212.0,7,619.83
p2_E_W.74,2047.0,299.24,194.0,7,710.54
p2_S2_N2.27,2070.0,300.57,207.0,6,626.08
p2_E_W.75,2050.0,300.65,192.0,6,726.35
p2_E_W.76,2053.0,297.34,191.0,6,720.99
p2_E_W.77,2056.0,298.06,189.0,6,720.2
p2_N2_S2.53,2330.0,35.83,23.0,1,218.73
p2_E_W.78,2059.0,296.84,183.0,6,715.35
p2_N2_S2.54,2340.0,38.01,21.0,1,225.58
p2_E_W.79,2062.0,295.56,182.0,6,701.3
p2_N2_S2.55,2350.0,20.41,7.0,1,185.86
p2_N2_S2.56,2360.0,16.47,2.0,1,188.23
p2_N2_S2.57,2370.0,13.34,0.0,0,192.54
p2_E_W.80,2065.0,277.9,178.0,6,660.17
p2_E_S1.8,2068.0,293.76,177.0,9,684.5
p2_S1_N1.55,2350.0,36.3,24.0,1,217.38
p2_S1_N1.56,2360.0,25.78,13.0,1,194.6
p2_S1_N1.57,2370.0,20.52,7.0,1,194.33
p2_S1_N1.58,2380.0,12.99,0.0,0,183.52
p2_N2_S2.58,2380.0,5.78,0.0,0,152.71
p2_S1_N1.59,2390.0,5.75,0.0,0,159.56
p2_N2_S2.59,2390.0,5.8,0.0,0,148.4
p2_N1_S1.52,2320.0,81.91,44.0,3,287.63
p2_N1_S1.53,2330.0,73.95,43.0,2,273.43
p2_N1_S1.54,2340.0,65.82,40.0,3,267.29
p2_N1_E.16,2283.0,89.54,60.0,4,362.96
p1_W_S2.57,2200.0,189.5,122.0,6,538.1
p2_S1_N1.60,2400.0,6.25,0.0,0,154.69
p1_W_E.569,2194.0,196.43,131.0,5,556.86
p1_W_E.570,2197.0,195.27,128.0,5,555.91
p1_W_E.571,2203.0,190.94,119.0,6,550.97
p2_N1_S1.55,2350.0,64.93,38.0,2,260.85
p2_S1_N1.61,2410.0,5.92,0.0,0,149.51
p1_W_E.572,2206.0,189.61,115.0,5,545.77
p1_W_E.573,2210.0,177.54,116.0,6,495.99
p2_N1_S1.56,2360.0,53.21,29.0,2,238.28
p1_W_E.574,2213.0,187.58,113.0,6,502.53
p2_N1_S1.57,2370.0,51.67,22.0,2,239.25
p1_W_E.575,2216.0,181.89,108.0,6,514.88
p1_W_E.576,2219.0,185.24,106.0,5,512.53
p1_W_E.577,2237.0,168.9,97.0,4,484.05
p2_E_W.81,2071.0,336.12,214.0,8,750.09
p1_W_E.578,2241.0,166.73,95.0,4,500.17
p1_W_E.579,2244.0,165.57,97.0,4,526.27
p2_E_W.82,2074.0,335.65,210.0,8,755.74
p1_W_E.580,2247.0,159.76,95.0,5,513.83
p2_E_W.83,2077.0,333.85,216.0,7,740.8
p1_W_S2.58,2250.0,160.25,92.0,4,511.2
p2_E_W.84,2080.0,333.65,210.0,7,736.98
p2_N1_S1.58,2380.0,33.36,7.0,2,212.72
p1_W_E.581,2253.0,158.45,90.0,4,490.98
p1_W_E.582,2256.0,160.33,88.0,4,503.65
p2_S2_W.6,1983.0,427.05,310.0,9,893.56
p2_N1_E.17,2313.0,101.69,49.0,4,382.28
p2_S2_W.7,2013.0,404.84,288.0,12,850.94
p2_N1_E.18,2343.0,76.89,39.0,2,343.25
p2_S2_W.8,2043.0,377.41,254.0,10,819.34
p2_E_W.85,2083.0,340.28,232.0,7,771.57
p2_N1_E.19,2373.0,49.91,20.0,3,283.41
p2_E_W.86,2086.0,332.94,232.0,9,746.97
p2_E_W.87,2089.0,338.08,225.0,7,744.86
p2_E_W.88,2092.0,336.72,226.0,8,758.57
p1_W_E.583,2259.0,170.85,110.0,4,489.94
p2_E_W.89,2095.0,335.51,222.0,7,750.71
p1_W_E.584,2262.0,169.22,109.0,4,489.64
p2_E_W.90,2098.0,334.26,218.0,7,761.21
p1_W_E.585,2265.0,169.46,105.0,4,475.25
p2_E_S1.9,2101.0,335.59,219.0,7,759.13
p2_N1_S1.59,2390.0,71.77,37.0,2,272.7
p2_S1_N1.62,2420.0,41.78,30.0,1,224.17
p2_S1_N1.63,2430.0,33.61,23.0,1,215.1
p2_S2_N2.28,2080.0,387.93,275.0,8,739.8
p2_N1_S1.60,2400.0,59.32,35.0,2,256.6
p2_S2_N2.29,2090.0,379.65,265.0,8,733.48
p2_S2_N2.30,2100.0,371.55,255.0,7,712.07
p2_S1_N1.64,2440.0,17.68,6.0,1,187.97
p2_N2_S2.60,2400.0,61.93,49.0,1,248.92
p2_N1_S1.61,2410.0,64.99,30.0,2,263.46
p2_N2_S2.61,2410.0,65.68,46.0,1,267.64
p2_S1_N1.65,2450.0,25.22,5.0,1,195.39
p2_N1_S1.62,2420.0,57.24,29.0,2,254.38
p2_N2_S2.62,2420.0,56.87,40.0,1,257.1
p2_S1_N1.66,2460.0,12.01,0.0,0,174.83
p2_N1_S1.63,2430.0,49.04,28.0,1,243.0
p2_N2_S2.63,2430.0,47.96,32.0,1,261.18
p2_S1_N1.67,2470.0,8.94,0.0,0,172.45
p2_N2_S2.64,2440.0,41.12,22.0,1,251.39
p2_N2_S2.65,2450.0,31.69,14.0,1,236.54
p2_N2_S2.66,2460.0,24.58,5.0,1,226.89
p2_S1_N1.68,2480.0,5.29,0.0,0,142.3
p2_N2_S2.67,2470.0,13.57,0.0,0,197.45
p2_N2_S2.68,2480.0,6.02,0.0,0,154.25
p2_N1_S1.64,2440.0,37.02,17.0,1,215.0
p2_S2_N2.31,2110.0,374.35,249.0,8,727.74
p2_N1_S1.65,2450.0,39.97,13.0,1,225.05
p2_S2_N2.32,2120.0,367.89,238.0,9,718.37
p2_N1_S1.66,2460.0,34.27,4.0,1,219.6
p2_E_W.91,2104.0,369.48,245.0,8,801.8
p2_E_W.92,2107.0,368.3,244.0,9,817.47
p2_E_W.93,2110.0,367.08,238.0,9,785.33
p2_E_W.94,2113.0,361.85,235.0,9,793.94
p2_E_W.95,2116.0,361.65,234.0,9,801.22
p2_E_W.96,2119.0,366.34,225.0,8,810.99
p2_E_W.97,2122.0,364.97,223.0,8,810.52
p1_W_E.586,2268.0,183.55,128.0,6,509.96
p2_E_W.98,2125.0,361.77,222.0,7,789.17
p1_W_E.587,2271.0,216.47,124.0,6,524.57
p1_W_S2.59,2303.0,175.49,103.0,4,504.3
p1_W_E.588,2274.0,217.48,120.0,5,536.95
p1_W_E.589,2277.0,214.18,117.0,5,528.56
p1_W_E.590,2280.0,215.04,117.0,5,535.68
p1_W_E.591,2307.0,181.98,102.0,4,503.83
p2_E_W.99,2128.0,349.02,217.0,8,765.96
p1_W_E.592,2310.0,185.58,101.0,4,516.89
p2_E_W.100,2131.0,349.5,215.0,10,750.28
p1_W_E.593,2313.0,187.42,101.0,4,523.61
p2_W_N1.0,2337.0,181.61,115.0,5,454.77
p1_W_E.594,2316.0,179.91,101.0,4,503.16
p1_W_E.595,2319.0,173.9,99.0,5,489.93
p2_E_S1.10,2134.0,369.77,223.0,9,783.9
p2_N1_E.20,2403.0,101.63,49.0,5,394.62
p2_N1_S1.67,2470.0,58.17,33.0,1,258.49
p2_S1_N1.69,2490.0,38.27,27.0,1,215.05
p2_N1_E.21,2433.0,74.37,32.0,2,347.17
p2_N1_E.22,2463.0,34.94,1.0,1,275.06
p2_S1_N1.70,2500.0,29.3,18.0,1,201.44
p1_W_E.596,2322.0,189.59,112.0,4,529.65
p2_N1_S1.68,2480.0,47.25,31.0,1,226.29
p2_S2_N2.33,2130.0,403.88,264.0,10,757.07
p2_N2_S2.69,2490.0,42.45,30.0,1,222.42
p2_S1_N1.71,2510.0,20.23,8.0,1,186.52
p1_W_E.597,2325.0,188.37,113.0,4,538.8
p2_N1_S1.69,2490.0,45.04,31.0,1,250.05
p1_W_E.598,2328.0,186.53,109.0,5,530.67
p2_N2_S2.70,2500.0,36.32,24.0,1,219.22
p2_S1_N1.72,2520.0,15.94,1.0,1,195.27
p2_S1_N1.73,2530.0,7.72,0.0,0,171.19
p2_N2_S2.71,2510.0,28.11,16.0,1,198.06
p2_N2_S2.72,2520.0,18.87,5.0,1,183.96
p2_N1_S1.70,2500.0,42.24,22.0,2,228.4
p2_N1_S1.71,2510.0,34.6,14.0,1,216.08
p2_N1_S1.72,2520.0,26.32,7.0,1,208.94
p2_S1_N1.74,2540.0,6.21,0.0,0,151.86
p2_N2_S2.73,2530.0,6.91,0.0,0,153.4
p2_N2_S2.74,2540.0,12.18,0.0,0,162.8
p2_S2_W.9,2073.0,460.33,312.0,12,929.9
p2_S2_N2.34,2140.0,408.67,265.0,10,762.14
p2_S2_N2.35,2150.0,402.61,256.0,12,759.53
p2_E_W.101,2148.0,384.2,256.0,8,813.62
p2_S2_N2.36,2160.0,398.15,243.0,10,759.18
p2_N2_S2.75,2550.0,6.32,0.0,0,151.5
p2_E_W.102,2151.0,378.5,255.0,8,801.93
p2_S2_N2.37,2170.0,394.16,229.0,11,738.82
p2_E_W.103,2155.0,386.78,251.0,8,810.23
p2_N2_S2.76,2560.0,5.6,0.0,0,150.07
p2_E_W.104,2158.0,387.77,252.0,10,809.48
p2_S2_N2.38,2180.0,384.89,220.0,9,718.6
p2_S2_N2.39,2190.0,379.9,214.0,9,724.84
p2_E_W.105,2161.0,373.03,250.0,10,793.7
p2_E_W.106,2164.0,387.04,246.0,9,823.41
p2_E_W.107,2167.0,370.03,241.0,11,792.92
p2_S2_N2.40,2200.0,371.21,208.0,9,702.82
p2_E_W.108,2170.0,377.88,241.0,9,797.79
p2_S2_N2.41,2210.0,367.19,211.0,9,700.42
p2_E_W.109,2172.0,384.79,244.0,11,819.96
p2_N2_S2.77,2570.0,6.35,0.0,0,152.25
p2_E_W.110,2176.0,383.16,239.0,10,813.04
p2_W_N1.1,2379.0,202.15,128.0,6,489.21
p2_S2_N2.42,2220.0,351.14,202.0,9,670.22
p1_W_E.599,2331.0,227.8,160.0,6,591.09
p2_W_E.0,2334.0,235.92,156.0,7,588.64
p2_W_E.1,2340.0,231.53,152.0,7,596.46
p2_E_S1.11,2179.0,388.72,245.0,9,824.16
p2_S1_N1.75,2550.0,44.36,31.0,1,229.68
p2_N1_E.23,2493.0,79.44,54.0,3,367.24
p2_N1_S1.73,2530.0,64.97,40.0,1,271.24
p2_N1_E.24,2523.0,51.34,21.0,2,299.95
p2_S1_N1.76,2560.0,36.27,23.0,1,218.66
p2_W_E.2,2369.0,207.77,131.0,6,557.49
p2_S1_N1.77,2570.0,27.06,14.0,1,196.64
p2_W_E.3,2373.0,205.5,124.0,7,551.24
p2_S1_N1.78,2580.0,20.62,7.0,1,196.06
p2_W_E.4,2376.0,202.84,121.0,7,538.16
p2_N1_S1.74,2540.0,50.38,39.0,1,227.93
p2_S1_N1.79,2590.0,12.31,0.0,0,186.48
p2_N1_S1.75,2550.0,54.16,37.0,1,239.87
p2_S2_N2.43,2230.0,379.13,224.0,11,717.74
p2_N2_S2.78,2580.0,29.12,17.0,1,204.12
p2_N1_S1.76,2560.0,44.83,25.0,1,230.8
p2_N2_S2.79,2590.0,21.45,10.0,1,192.81
p2_N1_S1.77,2570.0,42.77,22.0,1,235.28
p2_S2_N2.44,2240.0,370.75,209.0,11,696.65
p2_N2_S2.80,2600.0,13.66,2.0,1,171.79
p2_S2_N2.45,2250.0,363.98,199.0,10,700.56
p2_S1_N1.80,2600.0,6.37,0.0,0,151.23
p2_N2_S2.81,2610.0,4.92,0.0,0,151.41
p2_N1_S1.78,2580.0,28.73,9.0,1,206.26
p2_N1_S1.79,2590.0,23.56,3.0,1,193.13
p2_S1_N1.81,2610.0,6.2,0.0,0,144.98
p2_N1_S1.80,2600.0,18.67,0.0,0,195.67
p2_S2_N2.46,2260.0,361.83,187.0,10,684.57
p2_N1_S1.81,2610.0,12.57,0.0,0,179.92
p2_E_W.111,2183.0,421.51,272.0,11,872.83
p2_N2_S2.82,2620.0,5.9,0.0,0,146.98
p2_S2_W.10,2103.0,502.44,342.0,13,990.17
p2_E_W.112,2234.0,372.89,256.0,9,806.92
p2_E_W.113,2238.0,373.42,250.0,9,832.3
p2_S2_N2.47,2270.0,346.5,181.0,10,647.72
p2_E_W.114,2241.0,372.13,247.0,9,833.82
p2_S2_N2.48,2280.0,354.53,179.0,9,671.18
p2_E_W.115,2244.0,370.8,244.0,10,816.59
p2_S2_N2.49,2290.0,346.16,170.0,8,666.88
p2_N2_S2.83,2630.0,5.52,0.0,0,148.03
p2_E_W.116,2247.0,369.78,246.0,8,807.26
p2_S2_N2.50,2300.0,337.89,169.0,9,654.33
p2_S2_N2.51,2310.0,329.62,169.0,8,638.3
p2_E_W.117,2250.0,368.56,237.0,9,803.31
p2_E_W.118,2253.0,366.85,235.0,8,795.64
p2_E_W.119,2256.0,363.39,229.0,10,801.13
p2_S2_N2.52,2320.0,317.68,164.0,7,617.15
p2_N2_S2.84,2640.0,5.94,0.0,0,154.38
p2_E_W.120,2259.0,366.99,229.0,9,810.86
p2_S2_N2.53,2330.0,305.98,156.0,7,607.89
p2_W_N1.2,2394.0,258.08,166.0,8,549.36
p2_S2_N2.54,2340.0,313.09,145.0,6,604.8
p2_S2_N2.55,2353.0,301.64,142.0,7,607.39
p2_S2_N2.56,2360.0,296.42,139.0,6,587.65
p2_N2_S2.85,2650.0,5.91,0.0,0,151.77
p2_S2_N2.57,2370.0,288.03,141.0,6,593.51
p2_E_S1.12,2262.0,378.31,238.0,9,817.48
p2_N1_S1.82,2620.0,45.0,33.0,1,225.32
p2_S1_N1.82,2620.0,43.94,33.0,1,221.04
p2_S1_N1.83,2630.0,38.23,24.0,1,219.97
p2_N1_S1.83,2630.0,34.95,22.0,1,206.55
p2_N1_S1.84,2640.0,32.42,16.0,1,208.24
p2_S1_N1.84,2640.0,26.59,13.0,1,195.1
p2_W_E.5,2382.0,243.11,167.0,8,601.49
p2_W_E.6,2385.0,268.12,163.0,8,626.94
p2_S1_N1.85,2650.0,20.57,7.0,1,194.05
p2_W_E.7,2388.0,266.82,160.0,7,630.53
p2_S1_N1.86,2660.0,12.02,0.0,0,180.69
p2_N1_E.25,2553.0,80.34,55.0,3,343.53
p2_S1_N1.87,2670.0,6.26,0.0,0,149.62
p2_N1_E.26,2583.0,74.96,35.0,2,335.76
p2_N1_E.27,2613.0,46.72,18.0,1,293.21
p2_N1_S1.85,2650.0,31.92,16.0,2,215.9
p2_N1_S1.86,2660.0,23.73,4.0,2,195.74
p2_W_E.8,2391.0,271.27,167.0,8,647.65
p2_W_E.9,2397.0,267.06,164.0,8,622.04
p2_S2_N2.58,2380.0,305.37,156.0,6,589.94
p2_N2_S2.86,2660.0,25.64,14.0,1,201.31
p2_W_E.10,2400.0,265.71,158.0,9,614.29
p2_S2_N2.59,2390.0,297.21,157.0,8,589.56
p2_S2_N2.60,2400.0,289.09,155.0,8,590.39
p2_N1_S1.87,2670.0,12.07,0.0,0,175.67
p2_N2_S2.87,2670.0,15.82,4.0,1,180.51
p2_N2_S2.88,2680.0,12.07,0.0,0,180.68
p2_E_W.121,2316.0,355.72,219.0,9,773.42
p2_E_W.122,2319.0,354.94,215.0,10,766.22
p2_N2_S2.89,2690.0,5.22,0.0,0,149.35
p2_S2_N2.61,2410.0,280.85,144.0,9,553.55
p2_E_W.123,2322.0,351.2,210.0,8,773.97
p2_S2_N2.62,2420.0,279.21,132.0,6,555.88
p2_S2_W.11,2133.0,545.24,346.0,15,1085.41
p2_S2_W.12,2163.0,510.27,307.0,16,994.96
p2_S2_N2.63,2430.0,262.54,123.0,6,524.76
p2_N2_S2.90,2700.0,5.64,0.0,0,147.81
p2_S2_W.13,2193.0,491.19,273.0,14,976.58
p2_S2_N2.64,2440.0,266.04,120.0,6,530.86
p2_S2_N2.65,2456.0,251.7,114.0,6,519.58
p2_S2_N2.66,2463.0,246.54,110.0,6,528.62
p2_S2_W.14,2223.0,450.16,256.0,15,894.78
p2_S2_N2.67,2554.0,157.44,50.0,4,386.8
p2_E_W.124,2325.0,361.03,237.0,7,787.27
p2_S2_N2.68,2558.0,155.14,50.0,4,384.25
p2_E_W.125,2328.0,356.37,235.0,8,802.33
p2_S2_N2.69,2564.0,150.93,45.0,3,379.49
p2_N2_S2.91,2710.0,5.61,0.0,0,151.98
p2_E_W.126,2331.0,359.7,233.0,8,798.55
p2_E_W.127,2334.0,362.42,230.0,7,798.65
p2_E_W.128,2337.0,359.65,228.0,9,805.01
p2_E_W.129,2340.0,354.43,224.0,7,791.8
p2_S2_N2.70,2578.0,142.82,45.0,3,362.45
p2_E_W.130,2343.0,358.85,225.0,9,785.36
p2_S2_N2.71,2585.0,136.1,44.0,3,356.86
p2_S2_N2.72,2623.0,101.52,24.0,3,303.0
p2_N2_S2.92,2720.0,5.31,0.0,0,148.53
p2_E_S1.13,2349.0,355.56,223.0,9,775.3
p2_W_N1.3,2409.0,312.81,203.0,10,639.61
p2_S2_N2.73,2641.0,86.87,20.0,2,286.54
p2_S2_N2.74,2644.0,91.13,20.0,3,286.94
p2_S1_N1.88,2680.0,46.67,35.0,1,225.32
p2_S1_N1.89,2690.0,39.38,27.0,1,209.62
p2_W_E.11,2403.0,313.69,203.0,9,691.94
p2_S1_N1.90,2700.0,38.63,22.0,1,233.35
p2_N1_E.28,2643.0,75.21,51.0,3,345.3
p2_S1_N1.91,2710.0,30.64,13.0,1,221.89
p2_W_E.12,2406.0,314.23,199.0,10,708.19
p2_S1_N1.92,2720.0,19.9,5.0,1,220.71
p2_S1_N1.93,2730.0,10.52,0.0,0,189.79
p2_N1_S1.88,2680.0,66.51,49.0,2,261.33
p2_S1_N1.94,2740.0,6.12,0.0,0,154.68
p2_N1_S1.89,2690.0,58.24,43.0,2,248.03
p2_S2_N2.75,2647.0,104.56,33.0,4,310.52
p2_N1_S1.90,2700.0,48.66,32.0,2,224.13
p2_N2_S2.93,2730.0,21.5,11.0,1,191.99
p2_N2_S2.94,2740.0,13.47,2.0,1,176.83
p2_N2_S2.95,2750.0,5.51,0.0,0,150.55
p2_E_W.131,2357.0,379.9,247.0,9,817.16
p2_S2_W.15,2253.0,484.44,269.0,16,960.41
p2_S2_W.16,2283.0,457.45,243.0,12,899.64
p2_S2_N2.76,2653.0,109.41,31.0,4,323.68
p2_S2_W.17,2313.0,427.68,222.0,11,864.06
p2_S2_N2.77,2656.0,108.14,31.0,4,321.17
p2_S2_W.18,2343.0,401.26,194.0,10,819.4
p2_N2_S2.96,2760.0,6.38,0.0,0,157.19
p2_S2_W.19,2373.0,373.09,184.0,8,756.88
p2_S2_N2.78,2659.0,104.05,30.0,4,322.23
p2_E_W.132,2406.0,342.53,239.0,6,768.83
p2_S2_N2.79,2665.0,105.5,27.0,4,320.66
p2_N2_S2.97,2770.0,5.68,0.0,0,147.66
p2_E_W.133,2409.0,336.06,236.0,6,752.49
p2_E_W.134,2412.0,344.58,238.0,8,793.15
p2_S2_N2.80,2668.0,98.0,26.0,3,305.54
p2_E_W.135,2415.0,343.4,233.0,7,776.39
p2_E_W.136,2418.0,342.1,231.0,7,774.64
p2_S2_N2.81,2671.0,110.27,24.0,3,320.54
p2_E_W.137,2421.0,340.78,230.0,6,793.05
p2_S2_N2.82,2697.0,85.9,14.0,3,306.39
p2_E_W.138,2424.0,339.44,227.0,7,813.56
p2_S2_N2.83,2701.0,81.82,15.0,2,289.63
p2_E_W.139,2427.0,333.25,228.0,7,776.44
p2_E_W.140,2430.0,337.28,225.0,6,765.24
p2_W_N1.4,2450.0,339.99,205.0,11,677.28
p2_S2_N2.84,2704.0,76.9,14.0,2,276.01
p2_N1_S1.91,2710.0,82.65,56.0,3,290.34
p2_S1_N1.95,2750.0,42.61,31.0,1,224.98
p2_N2_S2.98,2780.0,6.2,0.0,0,151.4
p2_S1_N1.96,2760.0,34.32,22.0,1,216.16
p2_N1_E.29,2673.0,100.33,72.0,3,382.84
p2_S1_N1.97,2770.0,26.17,15.0,1,203.42
p2_N1_S1.92,2720.0,72.79,46.0,3,273.49
p2_N1_E.30,2703.0,70.61,45.0,3,337.21
p2_N1_S1.93,2730.0,69.03,39.0,2,276.32
p2_W_E.13,2412.0,363.45,235.0,12,753.55
p2_S1_N1.98,2780.0,16.05,1.0,1,179.07
p2_S1_N1.99,2790.0,13.34,0.0,0,186.2
p2_W_E.14,2440.0,335.06,206.0,11,716.38
p2_S1_N1.100,2800.0,6.14,0.0,0,148.67
p2_N2_S2.99,2790.0,17.68,6.0,1,189.32
p2_S2_N2.85,2710.0,96.53,26.0,3,305.98
p2_N1_S1.94,2740.0,62.82,34.0,2,256.83
p2_N1_S1.95,2750.0,60.68,28.0,1,261.84
p2_S2_N2.86,2713.0,95.39,23.0,3,294.26
p2_N2_S2.100,2800.0,7.95,0.0,0,163.09
p2_N1_S1.96,2760.0,51.69,29.0,1,238.1
p2_S1_N1.101,2810.0,5.14,0.0,0,144.51
p2_S2_N2.87,2716.0,88.47,21.0,3,290.73
p2_N1_S1.97,2770.0,42.09,22.0,1,223.36
p2_N1_S1.98,2780.0,40.67,16.0,1,228.57
p2_S2_N2.88,2723.0,98.06,20.0,3,312.64
p2_N1_S1.99,2790.0,32.29,9.0,1,225.89
p2_S2_N2.89,2726.0,96.83,19.0,3,321.83
p2_S2_N2.90,2728.0,96.58,18.0,3,323.35
p2_N2_S2.101,2810.0,5.97,0.0,0,152.31
p2_S2_N2.91,2735.0,86.45,15.0,3,296.2
p2_N2_S2.102,2820.0,5.91,0.0,0,152.69
p2_S2_N2.92,2738.0,92.31,15.0,3,305.24
p2_S2_N2.93,2741.0,91.09,14.0,3,319.15
p2_W_N1.5,2465.0,367.78,215.0,11,718.45
p2_S2_N2.94,2747.0,86.89,12.0,5,317.71
p2_S2_N2.95,2750.0,85.55,9.0,3,311.04
p2_N2_S2.103,2830.0,6.69,0.0,0,148.33
p2_S2_N2.96,2760.0,74.3,7.0,3,277.32
p2_W_N1.6,2484.0,361.05,197.0,12,681.14
p2_W_E.15,2444.0,377.8,238.0,12,807.3
p2_W_E.16,2447.0,379.48,235.0,13,797.73
p2_N1_E.31,2733.0,94.43,54.0,4,373.99
p2_W_N1.7,2525.0,329.5,163.0,12,632.25
p2_N1_E.32,2763.0,55.13,29.0,2,304.17
p2_W_E.17,2453.0,380.93,232.0,11,814.55
p2_E_S1.14,2433.0,406.13,287.0,11,883.9
p2_W_E.18,2456.0,373.37,228.0,11,805.35
p2_W_E.19,2459.0,380.55,222.0,12,816.64
p2_W_E.20,2462.0,381.7,219.0,12,810.38
p2_S1_N1.102,2820.0,42.12,29.0,1,216.9
p2_W_E.21,2468.0,372.12,214.0,12,774.76
p2_S1_N1.103,2830.0,37.5,23.0,1,221.4
p2_W_E.22,2471.0,364.07,209.0,13,768.26
p2_S1_N1.104,2840.0,29.27,15.0,1,222.82
p2_W_E.23,2474.0,375.51,209.0,12,763.66
p2_S1_N1.105,2850.0,20.87,7.0,1,212.28
p2_W_E.24,2477.0,367.74,204.0,11,764.57
p2_S1_N1.106,2860.0,8.97,0.0,0,169.21
p2_S2_N2.97,2772.0,101.81,31.0,3,324.21
p2_N2_S2.104,2840.0,33.86,23.0,1,210.67
p2_S2_N2.98,2780.0,95.48,32.0,3,314.48
p2_S1_N1.107,2870.0,5.59,0.0,0,152.29
p2_N2_S2.105,2850.0,26.21,14.0,1,200.95
p2_S2_N2.99,2790.0,87.27,32.0,3,293.82
p2_N2_S2.106,2860.0,17.18,5.0,1,184.45
p2_N2_S2.107,2870.0,11.17,0.0,0,176.19
p2_N1_S1.100,2800.0,80.81,50.0,3,282.21
p2_N1_S1.101,2810.0,74.72,47.0,2,283.0
p2_S2_N2.100,2800.0,86.36,28.0,2,300.24
p2_S1_N1.108,2880.0,6.18,0.0,0,152.05
p2_S2_N2.101,2810.0,78.13,28.0,3,290.04
p2_N1_S1.102,2820.0,62.84,47.0,2,251.02
p2_S2_N2.102,2820.0,70.45,26.0,3,262.29
p2_N1_S1.103,2830.0,61.0,39.0,2,248.18
p2_N2_S2.108,2880.0,5.94,0.0,0,146.55
p2_N1_S1.104,2840.0,52.89,32.0,2,248.79
p2_S2_N2.103,2830.0,64.66,25.0,3,268.1
p2_S2_N2.104,2840.0,56.72,23.0,1,254.17
p2_S2_W.20,2403.0,473.0,287.0,14,950.32
p2_N1_S1.105,2850.0,37.91,17.0,2,218.61
p2_S2_W.21,2433.0,448.47,259.0,13,887.62
p2_S2_W.22,2490.0,393.24,228.0,13,826.46
p2_S2_N2.105,2850.0,43.42,22.0,1,227.96
p2_S2_W.23,2571.0,314.06,164.0,10,714.51
p2_W_E.25,2481.0,395.46,238.0,12,792.9
p2_S2_W.24,2632.0,241.09,131.0,7,584.23
p2_W_E.26,2487.0,386.42,221.0,12,780.42
p2_W_E.27,2516.0,380.8,199.0,13,741.47
p2_E_W.141,2436.0,456.24,338.0,9,956.7
p2_W_E.28,2519.0,379.69,189.0,11,751.91
p2_E_W.142,2439.0,456.19,337.0,9,959.71
p2_E_W.143,2442.0,458.04,335.0,9,967.0
p2_W_E.29,2522.0,378.67,192.0,12,775.12
p2_E_W.144,2445.0,456.92,333.0,9,957.1
p2_W_E.30,2528.0,366.51,186.0,12,778.8
p2_E_W.145,2448.0,453.79,325.0,9,972.7
p2_N1_E.33,2793.0,110.72,66.0,4,430.09
p2_S2_W.25,2650.0,255.14,133.0,10,658.94
p2_S2_W.26,2662.0,239.51,117.0,8,611.06
p2_S2_W.27,2674.0,233.73,109.0,9,623.8
p2_W_N1.8,2540.0,390.96,206.0,12,724.8
p2_S2_W.28,2707.0,200.44,99.0,7,551.61
p2_N2_S2.109,2890.0,25.97,15.0,1,197.44
p2_N2_S2.110,2900.0,35.98,14.0,1,211.52
p2_S1_N1.109,2890.0,43.06,31.0,1,216.74
p2_N2_S2.111,2910.0,25.36,4.0,1,202.48
p2_S1_N1.110,2900.0,38.69,25.0,1,220.27
p2_E_W.146,2451.0,439.88,342.0,9,913.58
p2_N2_S2.112,2920.0,17.68,0.0,0,186.45
p2_S1_N1.111,2910.0,29.07,16.0,1,211.54
p2_N2_S2.113,2930.0,8.94,0.0,0,163.97
p2_S1_N1.112,2920.0,15.45,1.0,1,178.89
p2_S1_N1.113,2930.0,19.17,0.0,0,190.75
p2_S1_N1.114,2940.0,10.93,0.0,0,161.9
p2_N1_S1.106,2860.0,92.7,56.0,4,295.55
p2_N1_E.34,2823.0,91.42,65.0,3,370.1
p2_W_E.31,2531.0,402.88,217.0,14,817.78
p2_S1_N1.115,2950.0,6.03,0.0,0,154.61
p2_W_E.32,2534.0,401.71,212.0,15,820.76
p2_N1_S1.107,2870.0,81.33,53.0,3,282.74
p2_W_E.33,2537.0,400.41,209.0,14,819.85
p2_N1_S1.108,2880.0,79.21,50.0,3,283.56
p2_N1_S1.109,2890.0,71.4,41.0,2,271.35
p2_N1_S1.110,2900.0,61.93,40.0,2,249.71
p2_S2_N2.106,2860.0,106.33,71.0,4,329.67
p2_N1_S1.111,2910.0,54.77,35.0,2,246.38
p2_N2_S2.114,2940.0,25.99,15.0,1,203.29
p2_S2_N2.107,2870.0,98.06,63.0,4,326.05
p2_N2_S2.115,2950.0,17.99,6.0,1,188.69
p2_S2_N2.108,2880.0,89.75,54.0,4,299.45
p2_S1_N1.116,2960.0,6.18,0.0,0,146.35
p2_N2_S2.116,2960.0,8.87,0.0,0,175.11
p2_S2_N2.109,2890.0,83.89,46.0,3,286.56
p2_N2_S2.117,2970.0,5.63,0.0,0,149.68
p2_E_W.147,2454.0,495.63,377.0,11,1003.52
p2_S2_N2.110,2900.0,72.06,46.0,3,256.43
p2_E_W.148,2457.0,502.6,372.0,10,1011.55
p2_S2_N2.111,2910.0,71.29,42.0,3,283.02
p2_E_W.149,2493.0,468.3,341.0,9,955.55
p2_S2_W.29,2719.0,235.34,126.0,8,586.94
p2_S2_N2.112,2920.0,61.09,37.0,3,258.23
p2_S2_W.30,2732.0,233.07,114.0,7,577.84
p2_S2_W.31,2744.0,222.86,104.0,6,588.05
p2_S2_N2.113,2930.0,56.65,29.0,4,247.8
p2_S2_N2.114,2940.0,48.1,19.0,2,247.32
p2_S2_W.32,2763.0,197.09,98.0,9,534.17
p2_E_W.150,2496.0,474.98,356.0,10,974.19
p2_S2_N2.115,2950.0,42.06,14.0,2,233.49
p2_W_N1.9,2555.0,441.99,235.0,20,786.42
p2_E_S1.15,2499.0,478.6,356.0,11,996.94
p2_S1_N1.117,2970.0,35.33,23.0,1,218.61
p2_N1_E.35,2853.0,111.99,74.0,5,386.24
p2_N1_S1.112,2920.0,86.66,55.0,3,302.09
p2_S1_N1.118,2980.0,27.34,13.0,1,205.63
p2_N1_E.36,2883.0,103.5,59.0,4,387.66
p2_N1_S1.113,2930.0,78.38,46.0,3,283.77
p2_N1_E.37,2913.0,75.07,36.0,4,353.54
p2_N1_S1.114,2940.0,70.14,37.0,3,275.81
p2_S1_N1.119,2990.0,18.14,4.0,1,185.77
p2_W_E.34,2543.0,446.17,241.0,15,879.65
p2_S1_N1.120,3000.0,11.98,0.0,0,187.12
p2_W_E.35,2546.0,445.86,239.0,13,873.58
p2_W_E.36,2549.0,431.82,234.0,14,844.87
p2_S1_N1.121,3010.0,5.86,0.0,0,158.37
p2_W_E.37,2552.0,444.02,232.0,14,846.96
p2_S2_N2.116,2960.0,55.53,30.0,2,258.81
p2_S2_N2.117,2970.0,49.59,25.0,2,248.74
p2_N1_S1.115,2950.0,72.3,37.0,3,280.31
p2_N2_S2.118,2980.0,28.66,18.0,1,200.02
p2_N2_S2.119,2990.0,32.0,14.0,1,199.84
p2_S1_N1.122,3020.0,5.75,0.0,0,151.2
p2_N1_S1.116,2960.0,59.83,28.0,2,251.53
p2_N2_S2.120,3000.0,28.63,8.0,1,213.68
p2_N1_S1.117,2970.0,60.1,27.0,2,254.15
p2_N2_S2.121,3010.0,20.31,0.0,0,204.97
p2_N1_S1.118,2980.0,51.85,26.0,2,250.46
p2_N2_S2.122,3020.0,12.08,0.0,0,173.85
p2_S2_N2.118,2980.0,50.04,19.0,2,245.12
p2_S2_N2.119,2990.0,45.22,19.0,2,237.33
p2_S1_N1.123,3030.0,5.77,0.0,0,146.14
p2_N2_S2.123,3030.0,5.29,0.0,0,151.03
p2_N1_S1.119,2990.0,40.68,17.0,1,226.82
p2_S2_N2.120,3000.0,36.17,15.0,2,223.76
p2_N1_S1.120,3000.0,29.94,6.0,1,202.9
p2_W_E.38,2583.0,439.91,235.0,17,848.72
p2_E_W.151,2502.0,515.03,389.0,12,1038.39
p2_E_W.152,2505.0,513.32,379.0,12,1025.57
p2_E_W.153,2508.0,520.12,376.0,13,1041.02
p2_N1_E.38,2943.0,75.25,39.0,3,321.55
p2_E_W.154,2511.0,515.97,371.0,11,1036.07
p2_E_W.155,2513.0,511.91,372.0,13,1019.22
p2_N1_E.39,2973.0,56.92,25.0,2,287.49
p2_E_W.156,2516.0,510.21,366.0,14,1017.47
p2_E_W.157,2520.0,514.65,363.0,13,1022.0
p2_N1_E.40,3003.0,35.46,6.0,1,260.34
p2_E_W.158,2523.0,504.59,358.0,13,1003.99
p2_E_W.159,2526.0,513.77,356.0,12,1002.02
p2_E_W.160,2584.0,459.11,305.0,11,922.74
p2_S2_N2.121,3010.0,57.51,30.0,3,252.03
p2_W_N1.10,2596.0,470.82,253.0,19,826.74
p2_S2_N2.122,3020.0,49.88,22.0,2,237.88
p2_N2_S2.124,3040.0,25.25,13.0,1,192.02
p2_N2_S2.125,3050.0,17.84,7.0,1,185.98
p2_S2_N2.123,3030.0,38.8,21.0,1,220.64
p2_N2_S2.126,3060.0,13.98,0.0,0,188.38
p2_E_S1.16,2588.0,453.94,309.0,11,931.83
p2_N1_S1.121,3010.0,69.2,36.0,2,274.41
p2_S1_N1.124,3040.0,32.75,21.0,1,208.21
p2_S1_N1.125,3050.0,29.11,15.0,1,214.51
p2_N1_S1.122,3020.0,61.25,31.0,1,266.59
p2_S1_N1.126,3060.0,19.4,5.0,1,203.57
p2_N1_S1.123,3030.0,52.92,30.0,1,257.59
p2_N2_S2.127,3070.0,6.35,0.0,0,152.05
p2_S1_N1.127,3070.0,8.22,0.0,0,159.52
p2_S1_N1.128,3080.0,6.75,0.0,0,155.02
p2_S2_N2.124,3040.0,47.81,28.0,2,230.91
p2_N1_S1.124,3040.0,50.96,30.0,2,237.0
p2_N2_S2.128,3080.0,6.06,0.0,0,145.42
p2_S2_N2.125,3050.0,36.71,18.0,2,215.05
p2_W_E.39,2587.0,487.02,277.0,15,917.77
p2_N1_S1.125,3050.0,39.78,18.0,1,227.45
p2_S1_N1.129,3090.0,6.18,0.0,0,145.36
p2_N1_S1.126,3060.0,37.49,12.0,1,224.76
p2_W_E.40,2590.0,477.9,269.0,16,911.89
p2_W_E.41,2593.0,481.38,263.0,17,918.7
p2_N1_S1.127,3070.0,25.82,4.0,1,191.86
p2_N1_S1.128,3080.0,26.28,0.0,0,201.81
p2_W_E.42,2604.0,463.99,251.0,19,893.88
p2_S2_W.33,2793.0,292.44,164.0,12,702.35
p2_S2_W.34,2823.0,265.98,144.0,9,639.17
p2_E_W.161,2591.0,500.23,341.0,11,1000.63
p2_N2_S2.129,3090.0,23.55,11.0,1,196.26
p2_S2_W.35,2853.0,239.31,151.0,8,618.21
p2_S2_N2.126,3060.0,52.05,27.0,3,241.63
p2_N2_S2.130,3100.0,14.43,4.0,1,185.65
p2_N2_S2.131,3110.0,7.26,0.0,0,160.87
p2_E_W.162,2594.0,496.2,347.0,13,995.08
p2_E_W.163,2597.0,499.17,346.0,11,992.11
p2_E_W.164,2600.0,501.28,341.0,11,990.82
p2_E_W.165,2603.0,499.31,334.0,11,978.4
p2_E_W.166,2606.0,493.5,334.0,12,964.9
p2_E_W.167,2609.0,497.56,326.0,12,979.73
p2_S2_N2.127,3070.0,47.61,22.0,3,234.04
p2_N2_S2.132,3120.0,5.59,0.0,0,151.5
p2_E_W.168,2612.0,496.4,320.0,14,990.17
p2_S2_W.36,2883.0,226.57,134.0,9,606.74
p2_S2_N2.128,3080.0,51.19,18.0,2,251.51
p2_S2_W.37,2913.0,193.63,117.0,9,535.32
p2_S2_N2.129,3090.0,42.9,14.0,1,236.43
p2_S2_N2.130,3100.0,34.62,12.0,1,227.78
p2_S2_W.38,2943.0,170.35,88.0,7,497.12
p2_N2_S2.133,3130.0,5.6,0.0,0,147.52
p2_S2_N2.131,3110.0,25.4,3.0,1,213.38
p2_E_W.169,2615.0,500.6,330.0,14,991.63
p2_S2_N2.132,3120.0,18.1,0.0,0,196.93
p2_E_W.170,2618.0,496.19,327.0,14,978.7
p2_N1_E.41,3033.0,84.24,56.0,3,355.16
p2_E_S1.17,2621.0,496.39,328.0,14,994.45
p2_W_N1.11,2652.0,485.25,281.0,18,863.23
p2_S1_N1.130,3100.0,46.18,33.0,1,230.82
p2_N1_E.42,3063.0,45.87,18.0,2,292.64
p2_S1_N1.131,3110.0,41.98,28.0,1,233.31
p2_W_E.43,2616.0,505.56,283.0,20,974.57
p2_S1_N1.132,3120.0,31.36,17.0,1,217.02
p2_W_E.44,2643.0,485.04,265.0,17,931.38
p2_S1_N1.133,3130.0,23.88,9.0,1,208.73
p2_N1_S1.129,3090.0,47.14,36.0,1,228.36
p2_W_E.45,2647.0,486.44,261.0,15,935.76
p2_S1_N1.134,3140.0,13.37,0.0,0,186.07
p2_S1_N1.135,3150.0,7.88,0.0,0,162.17
p2_N1_S1.130,3100.0,62.44,43.0,2,254.94
p2_N2_S2.134,3140.0,14.37,3.0,1,175.0
p2_N1_S1.131,3110.0,53.21,36.0,2,243.52
p2_N2_S2.135,3150.0,8.38,0.0,0,162.36
p2_S1_N1.136,3160.0,5.95,0.0,0,147.13
p2_N1_S1.132,3120.0,47.42,28.0,2,233.26
p2_N2_S2.136,3160.0,8.0,0.0,0,165.92
p2_S2_N2.133,3130.0,41.1,24.0,2,219.09
p2_E_W.171,2676.0,476.99,308.0,15,961.29
p2_S2_N2.134,3140.0,31.25,16.0,2,200.36
p2_N2_S2.137,3170.0,5.5,0.0,0,147.2
p2_S2_W.39,2973.0,181.26,107.0,7,529.75
p2_S2_W.40,3003.0,150.75,89.0,5,487.99
p2_E_W.172,2679.0,480.61,323.0,12,992.24
p2_S2_N2.135,3150.0,17.41,4.0,1,182.26
p2_E_W.173,2682.0,476.42,314.0,13,978.17
p2_E_W.174,2685.0,479.01,316.0,13,977.18
p2_S2_N2.136,3160.0,22.19,3.0,1,195.94
p2_N2_S2.138,3180.0,6.01,0.0,0,150.36
p2_E_W.175,2688.0,477.66,307.0,11,965.76
p2_S2_N2.137,3170.0,16.69,0.0,0,184.8
p2_S2_N2.138,3180.0,6.87,0.0,0,154.04
p2_E_W.176,2691.0,469.41,308.0,13,925.01
p2_E_W.177,2694.0,476.57,305.0,11,942.88
p2_N1_E.43,3093.0,72.9,45.0,3,325.68
p2_E_W.178,2697.0,477.15,306.0,12,960.79
p2_N1_E.44,3123.0,50.84,26.0,2,302.69
p2_S2_W.41,3033.0,139.73,76.0,4,460.4
p2_E_W.179,2701.0,476.63,313.0,15,1002.19
p2_W_E.46,2662.0,512.19,303.0,19,941.27
p2_W_E.47,2672.0,508.06,298.0,19,932.55
p2_E_W.180,2750.0,429.53,275.0,11,913.68
p2_W_E.48,2676.0,505.74,289.0,23,942.45
p2_W_N1.12,2726.0,477.44,271.0,20,871.78
p2_W_E.49,2683.0,500.66,281.0,23,932.7
p2_W_E.50,2717.0,467.53,260.0,20,899.99
p2_E_S1.18,2753.0,424.94,277.0,10,883.51
p2_S1_N1.137,3170.0,37.54,26.0,1,218.52
p2_S1_N1.138,3180.0,29.33,17.0,1,201.66
p2_N1_S1.133,3130.0,75.68,49.0,3,277.17
p2_N1_S1.134,3140.0,69.39,41.0,3,269.68
p2_S1_N1.139,3190.0,20.29,8.0,1,189.95
p2_N1_S1.135,3150.0,63.9,33.0,2,275.45
p2_S1_N1.140,3200.0,14.65,0.0,0,187.06
p2_S1_N1.141,3210.0,6.06,0.0,0,150.19
p2_N2_S2.139,3190.0,19.78,7.0,1,185.24
p2_N1_S1.136,3160.0,63.55,35.0,3,259.7
p2_N2_S2.140,3200.0,23.84,5.0,1,197.76
p2_N2_S2.141,3210.0,15.57,0.0,0,182.9
p2_S1_N1.142,3220.0,5.33,0.0,0,154.55
p2_N1_S1.137,3170.0,56.43,31.0,2,256.72
p2_S2_N2.139,3190.0,36.17,21.0,2,209.67
p2_N2_S2.142,3220.0,7.23,0.0,0,163.37
p2_N1_S1.138,3180.0,48.29,27.0,2,245.12
p2_N1_S1.139,3190.0,42.12,18.0,1,224.61
p2_N1_S1.140,3200.0,33.73,9.0,1,217.12
p2_S2_N2.140,3200.0,22.99,7.0,2,184.59
p2_S2_N2.141,3210.0,15.04,3.0,1,175.16
p2_S1_N1.143,3230.0,5.23,0.0,0,152.45
p2_E_W.181,2756.0,462.97,306.0,13,931.03
p2_E_W.182,2759.0,462.05,300.0,14,939.05
p2_E_W.183,2762.0,460.87,295.0,14,928.92
p2_E_W.184,2765.0,460.43,292.0,12,928.53
p2_S2_W.42,3063.0,162.19,90.0,7,494.79
p2_S2_W.43,3093.0,135.66,75.0,4,434.81
p2_E_W.185,2768.0,463.16,297.0,13,933.56
p2_N1_E.45,3153.0,65.33,37.0,3,309.38
p2_N1_E.46,3183.0,50.08,25.0,2,292.96
p2_E_W.186,2771.0,456.79,292.0,12,914.57
p2_E_W.187,2774.0,457.42,287.0,13,917.3
p2_S2_W.44,3123.0,115.32,68.0,4,428.21
p2_S2_W.45,3153.0,86.78,38.0,3,380.13
p2_N2_S2.143,3230.0,30.69,19.0,1,206.26
p2_E_W.188,2777.0,465.33,299.0,14,946.27
p2_N2_S2.144,3240.0,24.44,12.0,1,198.96
p2_E_W.189,2826.0,414.29,262.0,13,860.27
p2_N2_S2.145,3250.0,14.87,1.0,1,184.87
p2_E_W.190,2829.0,417.01,257.0,11,865.53
p2_S2_N2.142,3220.0,37.21,22.0,1,210.39
p2_N2_S2.146,3260.0,8.22,0.0,0,169.56
p2_S2_N2.143,3230.0,38.04,21.0,1,223.73
p2_S2_N2.144,3240.0,30.97,14.0,1,211.97
p2_S2_N2.145,3250.0,22.71,7.0,1,206.57
p2_W_N1.13,2793.0,479.59,293.0,16,881.32
p2_S2_N2.146,3260.0,13.36,0.0,0,179.35
p2_S2_N2.147,3270.0,6.76,0.0,0,158.86
p2_S1_N1.144,3240.0,38.63,28.0,1,217.79
p2_E_S1.19,2832.0,414.24,254.0,14,862.09
p2_N2_S2.147,3270.0,5.92,0.0,0,152.81
p2_N1_S1.141,3210.0,64.85,37.0,1,267.4
p2_S1_N1.145,3250.0,29.03,18.0,1,202.89
p2_S1_N1.146,3260.0,23.68,11.0,1,201.12
p2_W_E.51,2744.0,519.09,308.0,22,991.76
p2_S1_N1.147,3270.0,15.37,2.0,1,191.72
p2_W_E.52,2748.0,517.12,303.0,22,991.9
p2_S1_N1.148,3280.0,7.09,0.0,0,176.67
p2_W_E.53,2754.0,513.07,302.0,20,987.33
p2_W_E.54,2783.0,486.28,289.0,17,941.93
p2_N1_S1.142,3220.0,71.45,42.0,2,271.64
p2_N1_S1.143,3230.0,65.06,39.0,2,269.1
p2_S1_N1.149,3290.0,6.0,0.0,0,158.01
p2_N1_S1.144,3240.0,50.21,32.0,2,234.23
p2_N1_S1.145,3250.0,53.9,29.0,2,253.81
p2_N1_S1.146,3260.0,42.36,19.0,2,228.42
p2_N1_S1.147,3270.0,37.19,13.0,2,222.7
p2_N2_S2.148,3280.0,28.08,15.0,1,203.42
p2_N2_S2.149,3290.0,19.92,8.0,1,189.29
p2_E_W.191,2836.0,453.62,282.0,12,917.6
p2_E_W.192,2843.0,443.65,279.0,15,895.18
p2_N2_S2.150,3300.0,8.53,0.0,0,161.37
p2_E_W.193,2883.0,408.61,251.0,14,844.44
p2_E_W.194,2887.0,410.97,243.0,12,849.39
p2_E_W.195,2891.0,408.81,240.0,13,840.28
p2_S2_N2.148,3280.0,35.35,19.0,2,208.69
p2_N2_S2.151,3310.0,5.94,0.0,0,154.09
p2_E_W.196,2897.0,403.11,239.0,12,831.39
p2_S2_N2.149,3290.0,29.53,12.0,2,206.64
p2_S2_W.46,3183.0,119.75,81.0,4,435.97
p2_S2_N2.150,3300.0,24.77,5.0,2,208.72
p2_S2_W.47,3213.0,90.08,49.0,3,373.7
p2_N2_S2.152,3320.0,5.72,0.0,0,155.07
p2_E_W.197,2933.0,373.64,225.0,12,818.75
p2_E_W.198,2938.0,370.55,216.0,11,809.24
p2_S2_N2.151,3310.0,22.03,2.0,1,194.54
p2_S2_N2.152,3320.0,13.72,0.0,0,181.75
p2_E_W.199,2941.0,361.01,213.0,11,765.87
p2_E_W.200,2944.0,364.82,210.0,11,782.04
p2_W_N1.14,2868.0,471.9,288.0,19,864.67
p2_N1_E.47,3213.0,103.97,66.0,3,394.05
p2_E_S1.20,2947.0,368.53,207.0,11,807.84
p2_N1_E.48,3243.0,77.26,46.0,3,336.96
p2_N1_E.49,3273.0,49.13,20.0,3,307.5
p2_N1_S1.148,3280.0,61.7,35.0,3,252.1
p2_N1_S1.149,3290.0,58.99,30.0,1,257.04
p2_W_E.55,2846.0,471.25,293.0,17,925.58
p2_N1_S1.150,3300.0,49.92,29.0,1,246.18
p2_S1_N1.150,3300.0,38.95,28.0,1,212.28
p2_W_E.56,2849.0,481.79,288.0,21,926.9
p2_W_E.57,2852.0,480.64,279.0,20,951.78
p2_W_E.58,2858.0,476.24,276.0,21,964.51
p2_S1_N1.151,3310.0,28.74,17.0,1,204.98
p2_S1_N1.152,3320.0,28.09,12.0,1,214.92
p2_S1_N1.153,3330.0,29.39,7.0,1,222.55
p2_S1_N1.154,3340.0,21.24,1.0,1,216.79
p2_N1_S1.151,3310.0,52.76,32.0,2,243.82
p2_N2_S2.153,3330.0,33.39,21.0,1,215.32
p2_S2_N2.153,3330.0,33.63,22.0,1,210.87
p2_S1_N1.155,3350.0,11.31,0.0,0,164.87
p2_N1_S1.152,3320.0,44.48,24.0,2,228.12
p2_N2_S2.154,3340.0,25.93,13.0,1,191.96
p2_N1_S1.153,3330.0,34.77,16.0,2,220.38
p2_S1_N1.156,3360.0,5.77,0.0,0,150.0
p2_N2_S2.155,3350.0,13.74,1.0,1,170.91
p2_N2_S2.156,3360.0,14.14,0.0,0,183.46
p2_N2_S2.157,3370.0,5.85,0.0,0,146.31
p2_E_W.201,2950.0,404.86,234.0,13,871.87
p2_E_W.202,2953.0,400.86,232.0,12,851.42
p2_S2_N2.154,3340.0,43.36,23.0,2,234.17
p2_E_W.203,2956.0,397.53,228.0,12,844.4
p2_S2_N2.155,3350.0,34.99,14.0,2,216.08
p2_N2_S2.158,3380.0,5.77,0.0,0,148.17
p2_E_W.204,2959.0,399.91,225.0,12,831.46
p2_E_W.205,2962.0,400.33,218.0,12,831.72
p2_S2_W.48,3243.0,119.03,63.0,3,426.53
p2_S2_N2.156,3360.0,21.35,8.0,1,188.48
p2_E_W.206,2965.0,390.62,231.0,13,804.53
p2_E_W.207,2968.0,400.45,228.0,13,813.63
p2_E_W.208,2971.0,407.39,221.0,11,826.29
p2_N1_E.50,3303.0,61.96,36.0,3,311.78
p2_E_W.209,2998.0,362.5,208.0,10,768.54
p2_N1_E.51,3333.0,33.78,10.0,2,254.74
p2_W_N1.15,2923.0,478.6,289.0,17,876.38
p2_E_W.210,3037.0,347.09,183.0,10,742.07
p2_W_E.59,2911.0,473.21,292.0,17,921.22
p2_W_E.60,2914.0,471.93,285.0,17,917.51
p2_W_E.61,2917.0,467.92,281.0,16,892.11
p2_W_E.62,2920.0,469.52,279.0,17,902.84
p2_S1_N1.157,3370.0,42.41,29.0,1,222.42
p2_S1_N1.158,3380.0,34.48,20.0,1,211.39
p2_E_S1.21,3040.0,332.7,184.0,12,727.24
p2_S2_N2.157,3370.0,49.7,29.0,2,231.18
p2_N1_S1.154,3340.0,79.98,44.0,3,277.66
p2_N1_S1.155,3350.0,71.67,35.0,2,275.04
p2_N1_S1.156,3360.0,57.35,33.0,1,250.09
p2_S2_N2.158,3380.0,40.4,22.0,1,223.98
p2_S1_N1.159,3390.0,20.56,6.0,1,186.27
p2_N1_S1.157,3370.0,54.39,33.0,2,246.24
p2_N2_S2.159,3390.0,33.69,18.0,1,207.41
p2_S2_N2.159,3390.0,34.45,21.0,1,207.74
p2_S1_N1.160,3400.0,23.76,2.0,1,194.01
p2_N1_S1.158,3380.0,46.88,27.0,1,233.73
p2_N1_S1.159,3390.0,35.7,15.0,1,210.34
p2_N2_S2.160,3400.0,19.94,5.0,1,188.92
p2_N1_S1.160,3400.0,31.68,11.0,1,215.13
p2_S1_N1.161,3410.0,6.87,0.0,0,150.01
p2_N2_S2.161,3410.0,24.12,2.0,1,206.09
p2_S1_N1.162,3420.0,14.68,0.0,0,163.79
p2_N2_S2.162,3420.0,15.89,0.0,0,201.91
p2_N2_S2.163,3430.0,6.41,0.0,0,154.44
p2_E_W.211,3043.0,373.73,206.0,14,785.98
p2_S2_N2.160,3400.0,34.21,16.0,2,211.08
p2_E_W.212,3046.0,368.38,205.0,12,783.77
p2_E_W.213,3049.0,373.72,204.0,11,794.22
p2_S2_N2.161,3410.0,23.35,3.0,2,194.56
p2_S2_N2.162,3420.0,25.67,1.0,1,205.32
p2_E_W.214,3052.0,369.18,198.0,11,762.76
p2_S2_W.49,3273.0,145.27,93.0,6,454.88
p2_W_E.63,2926.0,494.14,295.0,16,955.23
p2_S2_W.50,3303.0,125.69,58.0,5,437.91
p2_E_W.215,3057.0,374.21,201.0,10,808.92
p2_N1_E.52,3362.0,58.86,33.0,2,304.66
p2_E_W.216,3085.0,347.9,182.0,9,774.31
p2_E_W.217,3088.0,336.18,181.0,10,740.33
p2_E_W.218,3094.0,331.69,174.0,12,721.55
p2_E_W.219,3101.0,326.46,174.0,11,719.62
p2_N1_E.53,3393.0,35.25,12.0,1,257.74
p2_W_E.64,2929.0,514.42,306.0,16,974.4
p2_E_W.220,3132.0,306.01,152.0,10,683.59
p2_W_E.65,2932.0,513.3,307.0,18,956.8
p2_W_N1.16,2938.0,528.49,312.0,20,941.34
p2_W_E.66,2935.0,512.02,296.0,18,972.21
p2_E_S1.22,3135.0,311.39,148.0,10,700.94
p2_S2_N2.163,3430.0,40.55,21.0,1,222.65
p2_N2_S2.164,3440.0,30.18,20.0,1,212.43
p2_S1_N1.163,3430.0,41.75,30.0,1,220.88
p2_N1_S1.161,3410.0,62.03,34.0,2,260.07
p2_N2_S2.165,3450.0,21.34,11.0,1,194.91
p2_S2_N2.164,3440.0,31.29,20.0,1,210.76
p2_N1_S1.162,3420.0,52.97,32.0,1,242.92
p2_S2_N2.165,3450.0,26.17,13.0,1,204.87
p2_N2_S2.166,3460.0,10.39,0.0,0,172.66
p2_N2_S2.167,3470.0,9.97,0.0,0,166.71
p2_S1_N1.164,3440.0,27.77,16.0,1,193.93
p2_S1_N1.165,3450.0,26.84,10.0,1,202.75
p2_S2_N2.166,3460.0,24.58,6.0,1,199.48
p2_S1_N1.166,3460.0,20.89,5.0,1,201.86
p2_N2_S2.168,3480.0,5.35,0.0,0,152.99
p2_N1_S1.163,3430.0,55.89,34.0,2,250.13
p2_S1_N1.167,3470.0,16.58,0.0,0,196.81
p2_S2_N2.167,3470.0,15.81,0.0,0,183.18
p2_N1_S1.164,3440.0,47.47,29.0,2,232.52
p2_N1_S1.165,3450.0,40.48,21.0,2,226.06
p2_S2_N2.168,3480.0,6.46,0.0,0,151.02
p2_S1_N1.168,3480.0,6.25,0.0,0,146.76
p2_N1_S1.166,3460.0,30.27,9.0,1,201.5
p2_N1_S1.167,3470.0,31.22,4.0,1,219.25
p2_S1_N1.169,3490.0,6.05,0.0,0,151.8
p2_N1_S1.168,3480.0,22.94,0.0,0,205.96
p2_E_W.221,3138.0,345.25,178.0,11,744.27
p2_N1_E.54,3423.0,61.07,36.0,2,302.37
p2_E_W.222,3141.0,344.49,175.0,10,731.74
p2_S2_W.51,3333.0,152.7,97.0,5,475.0
p2_S2_W.52,3363.0,126.01,64.0,4,431.53
p2_E_W.223,3144.0,347.3,186.0,11,773.59
p2_E_W.224,3147.0,341.92,179.0,9,756.73
p2_E_W.225,3153.0,342.99,181.0,10,762.9
p2_N1_E.55,3453.0,39.76,17.0,2,267.8
p2_E_W.226,3184.0,315.26,162.0,8,727.72
p2_E_W.227,3187.0,311.63,157.0,9,692.77
p2_E_W.228,3190.0,312.79,154.0,9,697.3
p2_S2_N2.169,3490.0,36.6,26.0,1,218.34
p2_N2_S2.169,3490.0,34.97,23.0,1,204.96
p2_E_W.229,3193.0,304.02,149.0,9,687.23
p2_S2_N2.170,3500.0,28.84,15.0,1,202.9
p2_E_W.230,3196.0,313.5,149.0,8,695.36
p2_S2_N2.171,3510.0,19.95,8.0,1,187.99
p2_N2_S2.170,3500.0,25.2,14.0,1,189.96
p2_W_N1.17,2952.0,582.47,335.0,26,1018.99
p2_N2_S2.171,3510.0,15.29,5.0,1,176.55
p2_N2_S2.172,3520.0,18.27,0.0,0,197.02
p2_E_S1.23,3199.0,308.82,155.0,12,698.82
p2_W_E.67,2941.0,586.74,360.0,24,1091.08
p2_S1_N1.170,3500.0,38.72,25.0,1,214.68
p2_N2_S2.173,3530.0,6.56,0.0,0,154.02
p2_S1_N1.171,3510.0,41.67,24.0,1,220.69
p2_S1_N1.172,3520.0,30.75,14.0,1,213.8
p2_W_E.68,2943.0,579.32,352.0,26,1064.27
p2_S1_N1.173,3530.0,25.1,7.0,1,207.27
p2_S1_N1.174,3540.0,16.76,0.0,0,194.8
p2_W_E.69,2946.0,580.72,339.0,24,1062.55
p2_N1_S1.169,3490.0,68.39,48.0,2,267.81
p2_W_E.70,2949.0,583.57,337.0,24,1076.67
p2_W_E.71,2955.0,582.03,327.0,24,1048.02
p2_N2_S2.174,3540.0,26.8,17.0,1,204.13
p2_N1_S1.170,3500.0,52.54,36.0,2,232.43
p2_N2_S2.175,3550.0,19.3,7.0,1,191.42
p2_N1_S1.171,3510.0,58.39,35.0,2,250.09
p2_N2_S2.176,3560.0,11.05,0.0,0,178.39
p2_N1_S1.172,3520.0,52.82,28.0,3,251.69
p2_S1_N1.175,3550.0,7.31,0.0,0,152.12
p2_S1_N1.176,3560.0,16.29,0.0,0,173.13
p2_N2_S2.177,3570.0,5.98,0.0,0,149.1
p2_E_W.231,3206.0,352.53,189.0,14,749.43
p2_N1_S1.173,3530.0,39.55,16.0,3,221.72
p2_S2_N2.172,3520.0,62.17,41.0,3,259.17
p2_S2_W.53,3393.0,162.92,108.0,6,493.97
p2_S2_N2.173,3530.0,52.0,37.0,2,230.11
p2_S2_W.54,3423.0,139.49,81.0,4,456.68
p2_E_W.232,3233.0,333.03,189.0,12,755.1
p2_S2_N2.174,3540.0,42.84,25.0,2,230.32
p2_N2_S2.178,3580.0,5.91,0.0,0,142.26
p2_E_W.233,3241.0,315.41,183.0,11,730.5
p2_E_W.234,3247.0,310.16,180.0,10,699.97
p2_E_W.235,3281.0,289.85,159.0,10,683.1
p2_N1_E.56,3483.0,84.16,60.0,3,363.11
p2_E_W.236,3284.0,294.85,155.0,9,693.64
p2_N1_E.57,3513.0,66.11,33.0,3,335.12
p2_E_W.237,3287.0,293.59,151.0,11,690.48
p2_W_E.72,2958.0,623.53,362.0,25,1115.9
p2_E_W.238,3290.0,290.13,151.0,10,687.48
p2_E_W.239,3293.0,287.54,145.0,8,686.38
p2_E_W.240,3296.0,285.29,146.0,8,664.57
p2_S2_W.55,3453.0,132.16,68.0,4,438.53
p2_S2_W.56,3483.0,104.71,54.0,3,405.77
p2_W_E.73,2988.0,591.69,335.0,25,1069.7
p2_W_E.74,2992.0,591.64,334.0,24,1067.23
p2_W_E.75,2997.0,597.13,333.0,24,1084.22
p2_W_N1.18,3006.0,603.99,350.0,28,1051.0
p2_E_S1.24,3299.0,292.61,162.0,9,693.59
p2_N1_S1.174,3540.0,79.13,47.0,4,280.17
p2_S1_N1.177,3570.0,48.91,37.0,1,231.33
p2_S2_N2.175,3550.0,73.68,49.0,3,274.0
p2_S1_N1.178,3580.0,36.07,23.0,1,203.7
p2_S1_N1.179,3590.0,36.52,21.0,1,219.02
p2_N1_S1.175,3550.0,78.52,44.0,4,282.39
p2_N2_S2.179,3590.0,29.82,19.0,1,205.74
p2_N1_S1.176,3560.0,70.2,35.0,1,269.21
p2_S2_N2.176,3560.0,60.56,33.0,3,249.16
p2_S2_N2.177,3570.0,62.2,32.0,2,261.38
p2_E_W.241,3302.0,310.03,176.0,10,729.59
p2_E_W.242,3305.0,312.99,170.0,11,731.13
p2_E_W.243,3309.0,310.59,169.0,10,718.27
p2_E_W.244,3325.0,296.75,156.0,9,712.9
p2_E_W.245,3329.0,294.47,155.0,9,688.75
p2_E_W.246,3332.0,287.28,153.0,9,670.49
p2_E_W.247,3335.0,284.7,152.0,9,662.63
p2_E_W.248,3338.0,293.82,149.0,11,679.44
p2_N1_E.58,3543.0,80.05,44.0,3,327.49
p2_E_W.249,3341.0,291.59,147.0,10,682.1
p2_W_E.76,3065.0,572.64,321.0,23,1036.98
p2_W_N1.19,3083.0,577.15,314.0,23,1008.9
p2_W_E.77,3068.0,571.87,318.0,24,1021.52
p2_E_W.250,3344.0,276.27,144.0,9,642.79
p2_W_E.78,3071.0,568.12,310.0,22,1026.5
p2_W_E.79,3075.0,567.08,309.0,24,1024.18
p2_W_N1.20,3146.0,523.58,269.0,23,932.14
p2_W_N1.21,3213.0,469.4,229.0,17,845.42
p2_W_E.80,3092.0,571.85,307.0,26,1055.13
p2_W_E.81,3130.0,535.98,281.0,23,980.79
p2_W_N1.22,3276.0,415.58,193.0,18,762.68
p2_E_S1.25,3347.0,328.28,189.0,10,744.77
p2_N1_S1.177,3570.0,130.22,99.0,2,357.34
p2_S2_N2.178,3580.0,104.08,83.0,2,325.78
p2_S2_N2.179,3590.0,117.56,81.0,2,327.37
p2_W_E.82,3135.0,549.57,292.0,26,1015.38
p2_W_E.83,3139.0,549.72,282.0,26,1008.67
p2_N1_S1.178,3580.0,119.74,95.0,2,345.34
p2_W_E.84,3163.0,527.44,269.0,24,989.75
p2_N1_S1.179,3590.0,122.58,91.0,2,349.28
p2_E_W.251,3350.0,335.32,197.0,10,757.41
p2_E_W.252,3353.0,342.74,190.0,12,752.7
p2_W_E.85,3197.0,486.57,245.0,25,917.44
p2_E_W.253,3372.0,322.98,182.0,10,735.15
p2_W_E.86,3200.0,499.02,242.0,22,932.92
p2_E_W.254,3375.0,324.32,179.0,11,744.64
p2_W_E.87,3205.0,495.68,235.0,21,946.14
p2_E_W.255,3378.0,321.74,174.0,11,730.05
p2_W_E.88,3263.0,432.86,201.0,20,866.07
p2_S2_W.57,3513.0,187.55,123.0,8,534.03
p2_W_E.89,3266.0,436.49,199.0,22,858.23
p2_S2_W.58,3543.0,161.1,91.0,7,497.56
p2_W_E.90,3269.0,436.04,195.0,17,846.55
p2_W_E.91,3272.0,424.26,195.0,19,818.61
p2_W_E.92,3284.0,426.13,189.0,20,841.46
p2_N1_E.59,3573.0,127.07,98.0,3,386.91
p2_E_W.256,3381.0,310.09,184.0,13,704.51
p2_W_E.93,3327.0,387.55,178.0,16,753.95
p2_E_W.257,3384.0,325.6,174.0,11,712.46
p2_W_E.94,3331.0,385.29,177.0,15,775.49
p2_E_W.258,3387.0,329.84,169.0,11,738.56
p2_W_E.95,3335.0,382.08,174.0,20,756.52
p2_E_W.259,3390.0,319.57,169.0,10,728.57
p2_E_W.260,3393.0,326.69,166.0,11,745.13
p2_S2_W.59,3573.0,148.89,78.0,5,479.14
p2_W_N1.23,3340.0,398.66,191.0,19,740.98
p2_W_N1.24,3420.0,335.92,140.0,14,646.57
p2_W_N1.25,3485.0,281.09,106.0,14,565.23
p2_W_E.96,3350.0,395.37,187.0,18,776.86
p2_W_E.97,3399.0,350.54,156.0,15,706.38
p2_E_S1.26,3396.0,349.44,212.0,12,776.64
p2_W_E.98,3403.0,344.4,150.0,16,703.18
p2_W_E.99,3406.0,342.76,149.0,15,700.9
p2_W_E.100,3410.0,352.57,146.0,16,721.97
p2_W_E.101,3466.0,291.83,112.0,12,626.73
p2_E_W.261,3399.0,367.05,218.0,13,794.61
p2_E_W.262,3428.0,341.53,197.0,11,762.15
p2_W_E.102,3469.0,287.9,106.0,10,606.34
p2_E_W.263,3432.0,339.47,195.0,12,752.39
p2_W_E.103,3472.0,300.68,108.0,14,640.41
p2_E_W.264,3435.0,338.3,189.0,12,753.21
p2_W_E.104,3476.0,294.27,105.0,12,647.35
p2_E_W.265,3438.0,337.11,183.0,12,734.99
p2_W_E.105,3499.0,267.35,102.0,13,604.31
p2_E_W.266,3441.0,335.78,179.0,12,752.03
p2_E_W.267,3444.0,326.38,180.0,13,704.65
p2_W_E.106,3527.0,238.15,84.0,9,539.87
p2_E_W.268,3447.0,337.77,176.0,12,720.83
p2_E_W.269,3450.0,336.41,170.0,11,716.46
p2_E_W.270,3455.0,333.13,165.0,14,741.79
p2_W_N1.26,3545.0,267.52,109.0,13,556.49
p2_W_E.107,3530.0,272.91,103.0,10,627.95
p2_W_N1.27,3612.0,211.68,75.0,10,471.12
p2_W_E.108,3535.0,269.84,102.0,11,612.56
p2_W_N1.28,3680.0,152.75,37.0,6,379.66
p2_W_E.109,3591.0,225.03,82.0,8,540.99
p2_W_E.110,3595.0,223.41,78.0,8,534.92
p2_W_E.111,3598.0,222.36,76.0,8,537.72
p2_W_N1.29,3735.0,110.25,22.0,3,332.76
p2_E_S1.27,3484.0,342.37,183.0,11,762.15
p2_W_E.112,3603.0,215.43,76.0,8,513.46
p2_W_E.113,3631.0,191.99,70.0,7,476.78
p2_W_E.114,3669.0,168.6,44.0,7,449.72
p2_W_E.115,3672.0,158.94,40.0,7,448.44
p2_W_E.116,3675.0,166.07,40.0,5,464.51
p2_W_E.117,3688.0,150.69,40.0,8,441.99
p2_E_W.271,3487.0,356.75,196.0,13,774.98
p2_W_E.118,3723.0,118.13,26.0,3,397.56
p2_E_W.272,3490.0,355.56,191.0,13,770.17
p2_W_E.119,3726.0,113.03,23.0,4,373.73
p2_E_W.273,3493.0,351.24,192.0,13,764.01
p2_W_E.120,3730.0,118.38,20.0,4,391.57
p2_E_W.274,3496.0,343.88,191.0,13,750.43
p2_E_W.275,3499.0,350.02,183.0,13,761.35
p2_E_W.276,3502.0,355.5,186.0,13,779.25
p2_E_W.277,3505.0,353.54,183.0,13,781.58
p2_E_W.278,3508.0,352.95,175.0,13,785.78
p2_E_W.279,3511.0,351.66,173.0,13,784.22
p2_E_W.280,3535.0,329.38,152.0,11,750.33
p2_W_N1.30,3764.0,124.93,40.0,6,360.07
p2_W_N1.31,3778.0,122.04,31.0,6,340.39
p2_W_E.121,3744.0,129.96,41.0,5,426.06
p2_W_E.122,3751.0,131.75,38.0,6,443.32
p2_W_E.123,3755.0,129.48,35.0,7,455.44
p2_W_E.124,3758.0,128.33,36.0,7,450.18
p2_W_E.125,3761.0,127.07,34.0,6,437.3
p2_W_N1.32,3794.0,116.9,25.0,5,330.08
p2_W_E.126,3767.0,126.62,38.0,6,406.3
p2_W_E.127,3770.0,124.64,36.0,5,404.88
p2_W_E.128,3773.0,124.44,34.0,4,407.27
p2_W_N1.33,3816.0,104.91,17.0,6,327.91
p2_E_S1.28,3539.0,363.23,182.0,12,789.58
p2_W_E.129,3776.0,115.71,34.0,4,385.39
p2_W_E.130,3782.0,125.41,28.0,5,408.28
p2_W_E.131,3785.0,133.01,29.0,5,421.23
p2_E_W.281,3542.0,376.78,194.0,15,809.32
p2_W_E.132,3788.0,131.77,27.0,5,429.31
p2_E_W.282,3545.0,374.68,193.0,13,802.05
p2_W_E.133,3791.0,129.24,25.0,5,415.55
p2_W_E.134,3797.0,113.45,23.0,4,376.2
p2_E_W.283,3548.0,372.18,202.0,15,816.13
p2_W_E.135,3800.0,125.56,19.0,4,406.4
p2_E_W.284,3551.0,375.42,199.0,16,800.89
p2_E_W.285,3554.0,374.17,193.0,14,792.45
p2_W_E.136,3803.0,123.54,19.0,5,414.47
p2_W_E.137,3808.0,121.14,16.0,5,417.89
p2_E_W.286,3557.0,370.14,184.0,16,785.08
p2_E_W.287,3561.0,370.78,180.0,15,802.15
p2_E_W.288,3586.0,347.46,164.0,16,769.13
p2_E_W.289,3589.0,346.23,162.0,16,766.12
p2_E_W.290,3592.0,339.75,158.0,17,737.76
p2_W_N1.34,3847.0,116.37,29.0,5,345.67
p2_W_E.138,3834.0,109.3,23.0,6,405.62
p2_W_N1.35,3862.0,113.36,17.0,4,329.76
p2_W_E.139,3838.0,111.96,20.0,4,423.61
p2_W_E.140,3841.0,116.01,20.0,4,438.21
p2_W_E.141,3844.0,114.81,19.0,5,425.99
p2_W_N1.36,3888.0,98.95,15.0,4,316.29
p2_W_E.142,3850.0,117.83,26.0,6,392.76
p2_W_E.143,3853.0,116.74,24.0,7,392.85
p2_W_E.144,3856.0,115.86,22.0,8,385.21
p2_W_E.145,3859.0,113.9,19.0,6,378.01
p2_W_E.146,3865.0,112.9,17.0,4,373.99
p2_W_N1.37,3916.0,80.1,9.0,3,288.37
p2_W_E.147,3868.0,112.07,19.0,5,365.12
p2_W_E.148,3871.0,109.84,18.0,5,359.89
p2_W_E.149,3875.0,108.97,17.0,5,359.3
p2_E_S1.29,3595.0,372.54,189.0,16,782.81
p2_W_E.150,3881.0,104.8,15.0,4,363.34
p2_W_E.151,3904.0,85.45,11.0,3,346.54
p2_W_E.152,3907.0,86.15,10.0,2,357.78
p2_E_W.291,3598.0,397.28,199.0,17,812.94
p2_E_W.292,3601.0,391.41,195.0,16,810.44
p2_E_W.293,3604.0,393.75,187.0,14,818.35
p2_E_W.294,3607.0,396.72,179.0,15,835.5
p2_W_E.153,3910.0,79.22,9.0,3,331.22
p2_E_W.295,3610.0,395.38,188.0,16,838.91
p2_W_E.154,3913.0,91.63,7.0,2,353.87
p2_E_W.296,3613.0,394.13,184.0,13,815.25
p2_E_W.297,3617.0,391.89,183.0,14,805.26
p2_E_W.298,3636.0,368.48,173.0,12,770.16
p2_E_W.299,3639.0,374.02,171.0,14,785.77
p2_E_W.300,3642.0,366.05,162.0,12,766.27
p2_W_N1.38,3931.0,110.86,28.0,4,339.39
p2_W_E.155,3919.0,94.18,19.0,3,366.84
p2_W_E.156,3922.0,106.16,20.0,4,381.48
p2_W_E.157,3925.0,104.86,17.0,3,398.52
p2_W_E.158,3928.0,98.07,15.0,4,390.85
p2_W_N1.39,3946.0,107.2,17.0,3,318.51
p2_W_N1.40,3965.0,97.86,13.0,3,305.42
p2_W_E.159,3934.0,111.78,22.0,4,379.34
p2_W_E.160,3937.0,110.79,22.0,5,363.67
p2_W_N1.41,3989.0,84.25,8.0,2,296.76
p2_W_E.161,3940.0,107.74,23.0,5,370.3
p2_W_E.162,3943.0,110.99,21.0,4,380.5
p2_E_S1.30,3646.0,405.61,196.0,14,844.25
p2_W_E.163,3953.0,102.34,16.0,3,370.64
p2_W_E.164,3956.0,101.34,17.0,4,365.35
p2_W_E.165,3959.0,102.14,15.0,3,377.18
p2_W_E.166,3962.0,101.33,15.0,3,375.71
p2_E_W.301,3649.0,421.98,203.0,17,851.9
p2_W_E.167,3974.0,89.81,13.0,2,341.01
p2_E_W.302,3655.0,415.98,198.0,18,850.61
p2_E_W.303,3684.0,392.18,181.0,19,801.5
p2_E_W.304,3688.0,390.06,174.0,15,819.04
p2_E_W.305,3691.0,388.87,191.0,14,821.73
p2_E_W.306,3694.0,387.57,188.0,16,806.98
p2_E_W.307,3701.0,377.14,185.0,13,789.62
p2_E_W.308,3724.0,359.72,173.0,11,761.92
p2_W_E.168,3980.0,107.03,23.0,5,395.15
p2_E_W.309,3727.0,361.01,169.0,11,780.69
p2_W_E.169,3983.0,106.17,23.0,4,389.88
p2_E_W.310,3730.0,359.76,165.0,11,787.71
p2_W_E.170,3986.0,105.0,22.0,4,381.33
p2_W_E.171,3992.0,101.49,21.0,4,385.5
p2_W_E.172,3995.0,99.17,19.0,3,373.4
p2_W_E.173,3998.0,100.03,17.0,3,379.16
p2_W_E.174,4001.0,97.72,15.0,3,359.86
p2_W_E.175,4004.0,100.4,15.0,3,374.62
p2_W_N1.42,4007.0,101.02,22.0,4,331.2
p2_W_N1.43,4022.0,106.32,16.0,3,317.51
p2_W_E.176,4010.0,110.29,21.0,5,360.43
p2_W_N1.44,4049.0,86.94,9.0,2,293.37
p2_W_E.177,4013.0,108.12,18.0,4,366.69
p2_W_E.178,4016.0,109.69,17.0,4,377.62
p2_W_E.179,4019.0,108.33,16.0,3,381.6
p2_W_N1.45,4068.0,81.64,7.0,2,287.08
p2_E_S1.31,3733.0,397.12,200.0,12,845.57
p2_W_E.180,4028.0,103.77,14.0,3,352.05
p2_W_E.181,4032.0,101.76,14.0,3,356.57
p2_W_E.182,4035.0,96.83,14.0,3,350.25
p2_W_E.183,4040.0,101.18,13.0,3,366.01
p2_E_W.311,3736.0,403.82,211.0,13,852.98
p2_E_W.312,3739.0,413.13,203.0,13,857.81
p2_E_W.313,3742.0,409.64,202.0,12,860.41
p2_E_W.314,3745.0,410.7,199.0,12,858.97
p2_E_W.315,3748.0,391.44,205.0,12,824.32
p2_E_W.316,3750.0,415.42,201.0,13,848.97
p2_E_W.317,3754.0,406.19,190.0,12,847.29
p2_W_E.184,4055.0,100.12,22.0,4,370.21
p2_E_W.318,3757.0,409.63,186.0,13,854.93
p2_W_E.185,4059.0,109.56,19.0,2,393.05
p2_E_W.319,3760.0,407.15,187.0,14,850.43
p2_W_E.186,4062.0,108.43,19.0,2,398.08
p2_E_W.320,3763.0,409.52,182.0,11,856.27
p2_W_E.187,4065.0,97.43,17.0,2,370.58
p2_W_N1.46,4083.0,106.16,31.0,3,339.85
p2_W_E.188,4071.0,94.66,21.0,2,352.05
p2_W_E.189,4074.0,97.96,18.0,2,378.88
p2_W_E.190,4077.0,105.01,17.0,2,390.9
p2_W_E.191,4080.0,103.75,17.0,2,397.62
p2_W_N1.47,4098.0,107.15,21.0,3,324.78
p2_W_E.192,4086.0,111.3,26.0,3,386.43
p2_W_N1.48,4125.0,90.85,12.0,2,309.46
p2_W_E.193,4089.0,109.59,24.0,3,378.86
p2_W_E.194,4092.0,110.55,23.0,3,386.24
p2_W_E.195,4095.0,109.32,21.0,3,367.26
p2_E_S1.32,3767.0,438.05,213.0,10,871.57
p2_W_E.196,4101.0,105.04,18.0,4,360.69
p2_W_E.197,4105.0,110.29,17.0,4,376.4
p2_W_E.198,4108.0,106.95,17.0,3,378.73
p2_W_E.199,4112.0,102.99,16.0,3,379.94
p2_W_E.200,4117.0,103.61,13.0,2,389.49
p2_E_W.321,3771.0,451.93,224.0,18,890.25
p2_E_W.322,3775.0,449.98,214.0,15,889.37
p2_E_W.323,3782.0,444.34,215.0,13,878.09
p2_E_W.324,3796.0,433.53,212.0,12,858.91
p2_E_W.325,3800.0,431.19,218.0,14,864.92
p2_E_W.326,3803.0,428.14,215.0,13,846.52
p2_E_W.327,3806.0,430.43,214.0,11,851.82
p2_E_W.328,3810.0,426.36,213.0,13,839.89
p2_W_E.201,4133.0,106.16,23.0,3,387.55
p2_E_W.329,3817.0,422.98,213.0,15,856.79
p2_W_E.202,4136.0,105.44,24.0,3,379.29
p2_E_W.330,3835.0,399.65,209.0,14,822.02
p2_W_E.203,4139.0,98.55,20.0,3,364.35
p2_W_E.204,4142.0,104.95,19.0,3,388.39
p2_W_N1.49,4145.0,124.91,45.0,4,357.46
p2_W_N1.50,4160.0,119.72,36.0,4,346.91
p2_W_E.205,4148.0,124.93,42.0,4,388.84
p2_W_N1.51,4175.0,114.23,27.0,6,333.72
p2_W_N1.52,4194.0,108.69,21.0,5,315.49
p2_W_E.206,4151.0,120.58,41.0,4,399.52
p2_E_S1.33,3850.0,432.79,236.0,12,862.04
p2_W_E.207,4154.0,130.93,39.0,4,400.44
p2_W_E.208,4157.0,123.85,36.0,4,422.2
p2_W_E.209,4163.0,125.51,32.0,4,398.24
p2_W_E.210,4166.0,124.17,28.0,4,399.49
p2_W_E.211,4169.0,122.48,28.0,4,376.96
p2_W_E.212,4172.0,113.2,26.0,5,368.56
p2_W_E.213,4181.0,117.72,25.0,6,391.01
p2_E_W.331,3853.0,440.04,242.0,14,876.55
p2_E_W.332,3856.0,445.22,245.0,14,877.2
p2_E_W.333,3859.0,442.58,235.0,12,874.39
p2_E_W.334,3863.0,444.31,233.0,14,898.37
p2_E_W.335,3866.0,442.99,242.0,14,916.71
p2_E_W.336,3869.0,441.75,240.0,15,922.89
p2_E_W.337,3872.0,435.95,229.0,14,884.03
p2_E_W.338,3875.0,439.23,231.0,14,857.18
p2_E_W.339,3878.0,431.73,227.0,12,859.33
p2_E_W.340,3881.0,438.44,225.0,14,853.56
p2_W_E.214,4185.0,117.18,30.0,5,399.5
p2_W_E.215,4188.0,134.31,28.0,5,434.94
p2_W_E.216,4191.0,132.52,27.0,5,418.32
p2_W_N1.53,4215.0,127.65,37.0,4,368.53
p2_W_E.217,4201.0,127.3,31.0,6,416.48
p2_W_E.218,4206.0,112.94,29.0,3,374.97
p2_W_E.219,4209.0,123.37,29.0,3,392.73
p2_W_E.220,4212.0,114.0,26.0,2,401.31
p2_W_N1.54,4234.0,122.12,30.0,3,345.7
p2_W_E.221,4218.0,130.73,36.0,5,408.34
p2_W_N1.55,4249.0,116.59,26.0,4,317.72
p2_W_N1.56,4275.0,103.41,16.0,4,307.51
p2_W_E.222,4222.0,123.57,34.0,4,403.11
p2_E_S1.34,3884.0,468.6,257.0,17,918.07
p2_W_E.223,4225.0,138.98,33.0,3,409.24
p2_W_E.224,4228.0,127.56,29.0,3,411.89
p2_W_E.225,4231.0,136.6,30.0,4,421.95
p2_W_E.226,4237.0,129.96,31.0,4,417.44
p2_W_E.227,4240.0,131.15,29.0,3,441.95
p2_E_W.341,3887.0,487.61,260.0,15,930.97
p2_W_E.228,4243.0,116.59,27.0,4,371.46
p2_W_E.229,4246.0,123.07,26.0,4,397.78
p2_E_W.342,3913.0,456.05,241.0,12,904.07
p2_E_W.343,3917.0,454.99,241.0,16,916.98
p2_E_W.344,3921.0,464.03,240.0,16,913.95
p2_E_W.345,3924.0,447.73,245.0,12,896.15
p2_E_W.346,3927.0,458.09,245.0,13,898.88
p2_E_W.347,3930.0,461.69,243.0,13,892.91
p2_E_W.348,3933.0,461.1,233.0,13,906.94
p2_W_E.230,4256.0,130.17,32.0,6,411.66
p2_E_W.349,3936.0,457.02,233.0,13,912.03
p2_W_E.231,4260.0,136.57,32.0,5,418.22
p2_E_W.350,3939.0,456.67,227.0,13,916.79
p2_W_E.232,4263.0,135.26,30.0,4,432.55
p2_W_N1.57,4296.0,123.95,37.0,4,359.23
p2_W_E.233,4267.0,116.57,26.0,4,380.38
p2_W_E.234,4283.0,124.57,32.0,6,389.5
p2_W_E.235,4287.0,122.3,26.0,5,395.81
p2_W_E.236,4290.0,121.23,26.0,5,397.48
p2_W_N1.58,4311.0,121.52,28.0,5,343.66
p2_W_E.237,4293.0,120.01,24.0,5,395.45
p2_W_N1.59,4326.0,117.1,22.0,4,319.97
p2_W_E.238,4299.0,124.08,34.0,4,395.99
p2_W_E.239,4302.0,125.44,33.0,4,405.65
p2_W_E.240,4305.0,120.83,30.0,4,394.33
p2_W_E.241,4308.0,125.51,31.0,5,397.24
p2_E_S1.35,3942.0,477.68,260.0,16,920.75
p2_W_E.242,4314.0,118.63,25.0,4,380.1
p2_W_E.243,4317.0,127.96,25.0,3,405.65
p2_E_W.351,3948.0,502.97,277.0,18,954.81
p2_E_W.352,3991.0,462.3,246.0,14,897.64
p2_E_W.353,3995.0,458.54,242.0,14,887.65
p2_W_E.244,4320.0,112.36,25.0,4,378.31
p2_E_W.354,3999.0,458.22,235.0,14,894.99
p2_W_E.245,4323.0,131.94,22.0,3,388.7
p2_E_W.355,4002.0,453.7,241.0,15,896.35
p2_E_W.356,4005.0,452.39,244.0,13,894.13
p2_E_W.357,4008.0,456.72,237.0,14,891.84
p2_E_W.358,4011.0,455.54,235.0,15,888.84
p2_W_E.246,4339.0,128.46,34.0,5,420.08
p2_E_W.359,4014.0,452.2,231.0,14,883.95
p2_E_W.360,4017.0,452.97,232.0,12,875.53
p2_W_E.247,4362.0,107.22,22.0,3,384.41
p2_W_E.248,4365.0,106.09,19.0,3,386.56
p2_W_E.249,4368.0,104.8,17.0,3,374.55
p2_E_W.361,4026.0,446.1,225.0,15,876.62
p2_E_S1.36,4020.0,447.25,231.0,16,881.22
p2_E_W.362,4062.0,403.65,205.0,13,814.05
p2_E_W.363,4066.0,417.22,201.0,16,819.95
p2_E_W.364,4074.0,403.29,199.0,14,825.53
p2_E_W.365,4078.0,408.95,212.0,12,835.07
p2_E_W.366,4081.0,407.74,210.0,13,832.1
p2_E_W.367,4084.0,394.78,207.0,13,819.9
p2_E_W.368,4087.0,404.89,201.0,13,828.38
p2_E_S1.37,4096.0,397.64,188.0,13,809.4
p2_E_W.369,4090.0,404.29,196.0,13,823.16
p2_E_W.370,4093.0,402.97,189.0,12,821.97
p2_E_W.371,4102.0,387.54,187.0,14,789.1
p2_E_W.372,4136.0,360.56,165.0,11,743.84
p2_E_W.373,4147.0,348.88,162.0,9,737.05
p2_E_W.374,4150.0,334.08,162.0,10,713.69
p2_E_W.375,4153.0,359.77,172.0,10,747.74
p2_E_W.376,4156.0,362.99,174.0,12,741.8
p2_E_W.377,4159.0,361.7,172.0,11,749.21
p2_E_W.378,4162.0,365.26,181.0,11,755.42
p2_E_W.379,4165.0,362.26,176.0,9,754.52
p2_E_W.380,4168.0,358.88,175.0,10,748.75
p2_E_S1.38,4171.0,361.21,169.0,10,736.13
p2_E_W.381,4177.0,358.55,165.0,9,731.83
p2_E_W.382,4215.0,322.28,143.0,8,670.14
p2_E_W.383,4219.0,320.34,140.0,8,667.08
p2_E_W.384,4223.0,301.68,144.0,10,666.34
p2_E_W.385,4227.0,327.31,148.0,7,697.33
p2_E_W.386,4230.0,325.94,152.0,8,695.7
p2_E_W.387,4233.0,324.61,151.0,7,697.64
p2_E_S1.39,4245.0,310.57,143.0,7,671.13
p2_E_W.388,4236.0,304.33,151.0,8,679.53
p2_E_W.389,4239.0,322.63,147.0,8,682.7
p2_E_W.390,4242.0,315.47,144.0,7,700.77
p2_E_W.391,4252.0,313.0,137.0,8,685.01
p2_E_W.392,4289.0,277.8,116.0,8,624.1
p2_E_W.393,4296.0,269.56,115.0,8,613.63
p2_E_W.394,4300.0,245.22,113.0,8,571.85
p2_E_W.395,4305.0,272.79,113.0,7,586.23
p2_E_W.396,4308.0,267.6,108.0,7,579.27
p2_E_W.397,4311.0,259.03,117.0,6,607.91
p2_E_W.398,4314.0,254.55,118.0,7,604.62
p2_E_W.399,4317.0,258.79,120.0,6,613.73
p2_E_S1.40,4323.0,245.58,117.0,7,590.88
p2_E_W.400,4320.0,266.93,117.0,6,606.72
p2_E_W.401,4327.0,261.64,114.0,7,601.3
p2_E_W.402,4367.0,223.41,87.0,6,559.79
p2_E_W.403,4377.0,215.28,86.0,7,547.05
p2_E_W.404,4380.0,221.51,100.0,8,555.53
p2_E_W.405,4384.0,219.66,97.0,6,561.86
p2_E_W.406,4387.0,220.25,94.0,6,563.55
p2_E_W.407,4390.0,218.99,91.0,7,547.55
p2_E_W.408,4393.0,217.67,89.0,6,530.27
p2_E_W.409,4396.0,216.47,85.0,7,534.41
p2_E_W.410,4399.0,215.49,86.0,8,524.72
p2_E_S1.41,4402.0,215.41,81.0,6,529.77
p2_E_W.411,4405.0,212.36,78.0,5,531.56
p2_E_W.412,4444.0,169.05,57.0,4,464.19
p2_E_W.413,4452.0,166.73,57.0,5,461.43
p2_E_W.414,4455.0,168.06,57.0,5,484.21
p2_E_W.415,4459.0,166.63,53.0,5,475.89
p2_E_W.416,4462.0,171.94,52.0,5,484.58
p2_E_W.417,4465.0,165.66,52.0,5,470.62
p2_E_W.418,4468.0,166.63,52.0,6,475.06
p2_E_W.419,4471.0,168.33,51.0,5,467.16
p2_E_S1.42,4477.0,162.41,57.0,7,466.85
p2_E_W.420,4474.0,162.95,56.0,6,478.17
p2_E_W.421,4481.0,161.94,51.0,4,465.14
p2_E_W.422,4514.0,124.92,34.0,5,399.12
p2_E_W.423,4522.0,125.59,32.0,4,415.71
p2_E_W.424,4529.0,111.43,27.0,3,381.47
p2_E_W.425,4532.0,120.13,28.0,2,396.62
p2_E_W.426,4536.0,113.31,27.0,2,409.02
p2_E_W.427,4539.0,116.69,27.0,2,399.33
p2_E_W.428,4542.0,105.83,27.0,3,368.74
p2_E_W.429,4545.0,115.16,25.0,3,378.34
p2_E_W.430,4548.0,113.87,25.0,3,384.82
p2_E_S1.43,4551.0,105.42,26.0,2,374.39
p2_E_W.431,4557.0,122.33,36.0,5,402.06
p2_E_W.432,4593.0,88.33,15.0,2,347.9
p2_E_W.433,4605.0,78.23,14.0,2,336.42
p2_E_W.434,4608.0,76.91,14.0,2,342.02
p2_E_W.435,4611.0,75.74,13.0,2,344.79
p2_E_W.436,4614.0,74.83,11.0,3,337.74
p2_E_W.437,4617.0,73.61,10.0,2,337.02
p2_E_W.438,4620.0,72.61,9.0,2,331.15
p2_E_W.439,4623.0,71.76,10.0,2,344.28
p2_E_S1.44,4629.0,69.07,8.0,3,345.36
p2_E_W.440,4626.0,60.7,9.0,2,318.7
p2_E_W.441,4632.0,66.3,7.0,3,335.78
p2_E_W.442,4635.0,72.25,6.0,2,332.31
p2_E_W.443,4638.0,70.9,6.0,2,328.18
p2_E_W.444,4648.0,56.69,3.0,1,326.83
p2_E_W.445,4651.0,61.58,3.0,1,331.54
p2_E_W.446,4654.0,60.29,13.0,2,362.33
p2_E_W.447,4657.0,49.25,12.0,2,292.1
p2_E_W.448,4660.0,53.74,12.0,2,320.5
p2_E_W.449,4663.0,53.32,9.0,1,335.71
p2_E_W.450,4666.0,55.72,9.0,1,335.08
p2_E_S1.45,4669.0,52.35,10.0,2,324.75
p2_E_W.451,4672.0,51.65,8.0,1,330.63
p2_E_W.452,4675.0,50.6,7.0,1,330.89
p2_E_W.453,4678.0,49.27,8.0,1,342.4
p2_E_W.454,4681.0,48.0,7.0,1,326.23
p2_E_W.455,4684.0,46.81,7.0,1,315.2
p2_E_W.456,4687.0,45.77,7.0,1,312.86
p2_E_W.457,4690.0,43.68,5.0,1,310.36
p2_E_W.458,4693.0,37.23,5.0,1,291.06
p2_E_W.459,4696.0,54.85,17.0,2,324.49
p2_E_W.460,4699.0,60.51,16.0,3,336.61
p2_E_S1.46,4702.0,57.55,13.0,2,330.41
p2_E_W.461,4705.0,56.33,14.0,2,323.84
p2_E_W.462,4708.0,55.23,12.0,2,317.39
p2_E_W.463,4711.0,53.31,13.0,2,323.38
p2_E_W.464,4714.0,53.53,12.0,2,326.52
p2_E_W.465,4717.0,52.52,11.0,2,316.05
p2_E_W.466,4720.0,44.43,10.0,2,299.67
p2_E_W.467,4723.0,47.13,8.0,2,311.1
p2_E_W.468,4726.0,53.03,8.0,3,322.55
p2_E_W.469,4729.0,51.85,6.0,2,325.22
p2_E_W.470,4732.0,48.0,7.0,2,331.41
p2_E_W.471,4738.0,43.35,4.0,1,288.06
p2_E_W.472,4741.0,46.71,4.0,1,298.43
p2_E_S1.47,4735.0,38.1,4.0,1,276.99
p2_E_W.473,4744.0,37.64,12.0,1,296.36
p2_E_W.474,4747.0,45.96,11.0,1,311.14
p2_E_W.475,4750.0,44.74,11.0,1,320.65
p2_E_W.476,4753.0,43.51,10.0,1,324.83
p2_E_W.477,4756.0,42.36,9.0,1,328.58
p2_E_W.478,4759.0,38.43,8.0,1,300.63
p2_E_W.479,4762.0,40.0,8.0,1,298.95
p2_E_W.480,4765.0,38.84,7.0,1,301.87
p2_E_S1.48,4768.0,30.97,7.0,1,279.01
p2_E_W.481,4771.0,25.8,4.0,1,267.92
p2_E_W.482,4774.0,34.21,3.0,1,281.42
p2_E_W.483,4777.0,36.42,2.0,1,282.42
p2_E_W.484,4780.0,37.01,3.0,1,300.66
p2_E_W.485,4783.0,47.65,16.0,2,311.1
p2_E_W.486,4786.0,36.1,12.0,1,280.41
p2_E_W.487,4789.0,50.57,12.0,1,296.39
p2_E_W.488,4792.0,50.68,11.0,1,317.73
p2_E_W.489,4795.0,47.89,9.0,1,325.43
p2_E_W.490,4798.0,45.42,8.0,1,325.21
p2_E_S1.49,4801.0,39.63,7.0,1,305.93
p2_E_W.491,4804.0,44.03,7.0,1,330.15
p2_E_W.492,4807.0,38.64,7.0,1,308.9
p2_E_W.493,4810.0,38.86,7.0,1,289.72
p2_E_W.494,4813.0,32.1,6.0,1,264.47
p2_E_W.495,4816.0,27.77,6.0,1,240.6
p2_E_W.496,4819.0,42.18,5.0,1,266.69
p2_E_W.497,4822.0,40.95,5.0,1,265.24
p2_E_W.498,4825.0,36.65,4.0,1,275.21
p2_E_W.499,4828.0,28.37,12.0,1,268.14
p2_E_S1.50,4834.0,31.92,9.0,1,273.09
p2_E_W.500,4830.0,36.74,10.0,1,290.01
p2_E_W.501,4837.0,33.32,9.0,1,301.02
p2_E_W.502,4840.0,31.96,8.0,1,293.99
p2_E_W.503,4843.0,30.64,6.0,1,291.69
p2_E_W.504,4846.0,16.99,0.0,0,227.88
p2_E_W.505,4849.0,26.63,0.0,0,259.49
p2_E_W.506,4853.0,30.03,0.0,0,263.8
p2_E_W.507,4856.0,14.44,0.0,0,228.69
p2_E_W.508,4859.0,27.6,0.0,0,262.45
p2_E_W.509,4862.0,26.39,0.0,0,267.91
p2_E_S1.51,4868.0,19.98,0.0,0,256.28
p2_E_W.510,4865.0,25.11,0.0,0,274.61
p2_E_W.511,4871.0,36.02,13.0,1,283.6
p2_E_W.512,4874.0,34.79,12.0,1,276.59
p2_E_W.513,4877.0,33.64,12.0,1,280.91
p2_E_W.514,4880.0,32.43,11.0,1,264.06
p2_E_W.515,4883.0,31.45,11.0,1,259.33
p2_E_W.516,4886.0,30.18,10.0,1,262.7
p2_E_W.517,4889.0,27.65,9.0,1,251.21
p2_E_W.518,4892.0,24.37,8.0,1,233.0
p2_E_W.519,4895.0,21.58,6.0,1,241.72
p2_E_W.520,4898.0,30.09,5.0,1,265.3
p2_E_W.521,4904.0,30.55,11.0,1,269.3
p2_E_S1.52,4901.0,27.11,14.0,1,260.96
p2_E_W.522,4907.0,33.52,11.0,1,286.11
p2_E_W.523,4910.0,32.1,10.0,1,270.13
p2_E_W.524,4913.0,32.01,10.0,1,289.38
p2_E_W.525,4916.0,24.03,7.0,1,239.49
p2_E_W.526,4919.0,29.52,6.0,1,262.54
p2_E_W.527,4922.0,30.0,6.0,1,274.38
p2_E_W.528,4925.0,28.73,5.0,1,278.43
p2_E_W.529,4928.0,24.57,5.0,1,265.52
p2_E_S1.53,4934.0,20.56,0.0,0,249.89
p2_E_W.530,4931.0,13.31,0.0,0,224.0
p2_E_W.531,4937.0,27.58,0.0,0,257.99
p2_E_W.532,4940.0,26.67,0.0,0,271.42
p2_E_W.533,4943.0,39.79,12.0,1,283.21
p2_E_W.534,4946.0,38.51,10.0,1,278.96
p2_E_W.535,4948.0,38.79,10.0,1,287.23
p2_E_W.536,4952.0,36.71,9.0,1,289.61
p2_E_W.537,4955.0,33.88,8.0,1,266.72
p2_E_W.538,4958.0,35.24,8.0,1,263.97
p2_E_W.539,4961.0,34.22,7.0,1,272.4
p2_E_W.540,4964.0,32.87,6.0,1,261.91
p2_E_S1.54,4967.0,28.6,6.0,1,274.88
p2_E_W.541,4970.0,29.27,5.0,1,254.43
p2_E_W.542,4973.0,28.92,6.0,1,267.86
p2_E_W.543,4976.0,30.54,6.0,1,267.03
p2_E_W.544,4979.0,25.16,6.0,1,242.11
p2_E_W.545,4982.0,28.4,14.0,1,259.8
p2_E_W.546,4985.0,26.98,12.0,1,253.79
p2_E_W.547,4988.0,25.08,10.0,1,253.52
p2_E_W.548,4990.0,25.55,9.0,1,260.82
p2_E_W.549,4993.0,24.37,8.0,1,258.16
p2_E_W.550,4996.0,19.92,6.0,1,243.4
p2_E_S1.55,4999.0,21.31,4.0,1,251.05
p2_E_W.551,5002.0,16.22,1.0,1,243.07
p2_E_W.552,5005.0,14.23,0.0,0,217.18
p2_E_W.553,5008.0,16.97,0.0,0,241.97
p2_E_W.554,5011.0,13.65,0.0,0,229.76
p2_E_W.555,5014.0,21.42,0.0,0,248.14
p2_E_W.556,5017.0,8.84,0.0,0,201.03
p2_E_W.557,5020.0,24.76,0.0,0,226.21
p2_E_W.558,5023.0,23.46,0.0,0,233.23
p2_E_W.559,5026.0,32.95,13.0,1,275.65
p2_E_W.560,5029.0,29.59,12.0,1,276.31
p2_E_W.561,5035.0,29.96,3.0,1,239.98
p2_E_W.562,5038.0,29.12,2.0,1,252.1
p2_E_W.563,5041.0,27.23,1.0,1,253.28
p2_E_S1.56,5032.0,18.71,5.0,1,232.84
p2_E_W.564,5044.0,22.81,1.0,1,243.99
p2_E_W.565,5047.0,28.12,0.0,0,269.68
p2_E_W.566,5050.0,21.57,0.0,0,234.33
p2_E_W.567,5053.0,25.9,0.0,0,237.0
p2_E_W.568,5056.0,21.4,9.0,1,227.37
p2_E_S1.57,5065.0,29.6,7.0,1,271.18
p2_E_W.569,5059.0,37.4,8.0,1,258.7
p2_E_W.570,5062.0,36.12,7.0,1,280.81
p2_E_W.571,5068.0,31.75,6.0,1,278.97
p2_E_W.572,5071.0,29.84,5.0,1,279.5
p2_E_W.573,5074.0,29.36,5.0,1,276.73
p2_E_W.574,5077.0,28.08,4.0,1,268.57
p2_E_W.575,5080.0,18.33,1.0,1,246.57
p2_E_W.576,5083.0,26.32,1.0,1,263.98
p2_E_W.577,5086.0,25.0,0.0,0,263.79
p2_E_W.578,5089.0,23.65,0.0,0,259.33
p2_E_W.579,5092.0,22.4,0.0,0,272.24
p2_E_S1.58,5098.0,18.46,0.0,0,236.8
p2_E_W.580,5095.0,10.97,0.0,0,212.04
p2_E_W.581,5101.0,27.05,13.0,1,251.91
p2_E_W.582,5104.0,36.48,10.0,1,265.4
p2_E_W.583,5107.0,32.96,9.0,1,264.05
p2_E_W.584,5110.0,34.01,9.0,1,259.71
p2_E_W.585,5113.0,32.74,8.0,1,273.66
p2_E_W.586,5116.0,28.49,8.0,1,254.81
p2_E_W.587,5119.0,27.56,8.0,1,254.6
p2_E_W.588,5122.0,29.25,7.0,1,260.13
p2_E_W.589,5124.0,28.9,7.0,1,252.83
p2_E_W.590,5128.0,26.6,5.0,1,258.68
p2_E_S1.59,5131.0,21.63,4.0,1,249.17
p2_E_W.591,5134.0,24.84,12.0,1,235.21
p2_E_W.592,5137.0,19.78,7.0,1,232.68
p2_E_W.593,5140.0,31.02,6.0,1,254.91
p2_E_W.594,5143.0,29.73,5.0,1,269.69
p2_E_W.595,5146.0,28.65,4.0,1,274.24
p2_E_W.596,5149.0,14.95,0.0,0,222.39
p2_E_W.597,5152.0,25.59,0.0,0,247.49
p2_E_W.598,5155.0,27.99,0.0,0,270.38
p2_E_W.599,5158.0,26.77,0.0,0,269.21
