id,depart,timeloss,espera,paradas,co2
p1_W_S2.0,3.0,15.11,0.0,0,212.7
p1_W_E.0,0.0,7.37,0.0,0,191.96
p1_E_W.0,0.0,7.68,0.0,0,196.1
p1_E_N1.0,3.0,10.58,0.0,0,218.95
p1_E_W.1,8.0,17.16,0.0,0,230.21
p1_N2_S2.0,0.0,45.01,34.0,1,224.82
p1_S2_N2.0,0.0,45.17,35.0,1,233.37
p1_S2_N2.1,10.0,39.69,27.0,1,226.84
p1_N2_S2.1,10.0,40.22,29.0,1,220.44
p1_N2_S2.2,20.0,31.93,21.0,1,211.11
p1_N1_S1.0,0.0,48.91,39.0,1,234.06
p1_N1_S1.1,10.0,44.58,31.0,1,220.65
p1_S2_N2.2,20.0,26.51,15.0,1,193.42
p1_N2_S2.3,30.0,22.86,9.0,1,192.44
p1_S2_N2.3,30.0,25.68,11.0,1,207.83
p1_N1_S1.2,20.0,36.41,23.0,1,220.12
p1_S2_N2.4,40.0,17.53,2.0,1,202.41
p1_S1_N1.0,0.0,44.85,35.0,1,222.33
p1_N1_S1.3,30.0,24.87,14.0,1,194.32
p1_S1_N1.1,10.0,43.83,31.0,1,227.41
p1_N2_S2.4,40.0,20.69,0.0,0,192.82
p1_N1_S1.4,40.0,20.89,6.0,1,191.21
p1_S1_N1.2,20.0,41.42,25.0,1,234.12
p1_N1_S1.5,50.0,12.51,0.0,0,184.73
p1_S1_N1.3,30.0,33.16,17.0,1,240.58
p1_S2_N2.5,50.0,5.98,0.0,0,151.56
p1_S1_N1.4,40.0,25.64,10.0,1,217.13
p1_N2_S2.5,50.0,8.29,0.0,0,165.22
p1_W_E.1,6.0,41.91,24.0,1,277.9
p1_W_E.2,9.0,40.51,23.0,1,280.01
p1_S1_N1.5,50.0,10.87,0.0,0,174.42
p1_W_E.3,12.0,38.77,21.0,1,270.44
p1_S1_N1.6,60.0,14.04,0.0,0,173.49
p1_W_E.4,15.0,38.24,21.0,1,277.85
p1_E_W.2,15.0,35.57,23.0,1,255.62
p1_W_E.5,18.0,37.55,21.0,1,262.36
p1_E_W.3,22.0,34.74,20.0,1,264.23
p1_W_E.6,21.0,36.26,20.0,1,263.24
p1_W_E.7,24.0,35.03,19.0,1,252.83
p1_E_W.4,29.0,29.56,14.0,1,250.48
p1_N2_W.0,3.0,59.03,37.0,2,309.54
p1_E_N1.1,32.0,21.76,7.0,1,228.86
p1_W_E.8,27.0,27.33,11.0,1,238.09
p1_W_E.9,30.0,30.65,11.0,1,253.41
p1_W_S2.1,36.0,31.2,11.0,1,262.8
p1_W_E.10,33.0,35.44,11.0,1,278.76
p1_S1_E.0,3.0,62.37,38.0,2,321.07
p1_S1_E.1,33.0,37.06,14.0,1,302.29
p1_W_E.11,39.0,33.74,22.0,1,250.57
p1_N2_W.1,33.0,16.55,1.0,1,238.68
p1_W_E.12,42.0,36.31,22.0,1,261.42
p1_E_W.5,36.0,32.28,16.0,1,257.49
p1_W_E.13,45.0,37.09,20.0,1,270.83
p1_E_W.6,44.0,40.97,16.0,1,274.14
p1_W_E.14,48.0,37.81,20.0,1,301.08
p1_E_W.7,51.0,35.88,12.0,1,269.0
p1_E_N1.2,61.0,18.27,1.0,1,247.46
p1_E_W.8,58.0,30.55,6.0,1,272.33
p1_E_W.9,65.0,25.36,0.0,0,273.91
p1_E_W.10,72.0,19.99,0.0,0,266.82
p1_W_E.15,51.0,27.89,14.0,1,248.17
p1_E_W.11,80.0,13.72,0.0,0,228.81
p1_W_E.16,54.0,41.61,14.0,1,268.8
p1_E_W.12,87.0,8.49,0.0,0,201.22
p1_W_E.17,57.0,33.02,14.0,1,276.36
p1_W_E.18,59.0,40.18,13.0,1,280.11
p1_N2_S2.6,60.0,62.63,51.0,1,256.4
p1_S2_N2.6,60.0,62.28,51.0,1,256.29
p1_W_E.19,63.0,25.89,9.0,1,253.45
p1_S2_N2.7,70.0,54.44,42.0,1,245.66
p1_N2_S2.7,70.0,56.11,45.0,1,247.43
p1_E_N1.3,90.0,9.12,0.0,0,212.99
p1_S2_N2.8,80.0,44.72,34.0,1,230.26
p1_N2_S2.8,80.0,47.13,36.0,1,229.05
p1_S2_N2.9,90.0,38.65,27.0,1,218.58
p1_S1_N1.7,70.0,59.61,48.0,1,246.96
p1_N2_S2.9,90.0,40.13,27.0,1,225.54
p1_S1_N1.8,80.0,51.47,41.0,1,240.58
p1_S2_N2.10,100.0,27.61,15.0,1,191.87
p1_S1_N1.9,90.0,43.26,31.0,1,226.97
p1_N2_S2.10,100.0,33.88,21.0,1,216.0
p1_S2_N2.11,110.0,24.06,9.0,1,203.99
p1_N1_S1.6,60.0,60.36,49.0,1,251.59
p1_S2_N2.12,120.0,15.69,1.0,1,198.16
p1_N2_S2.11,110.0,25.43,12.0,1,200.22
p1_N1_S1.7,70.0,67.23,48.0,1,259.07
p1_S2_N2.13,130.0,6.39,0.0,0,158.36
p1_N1_S1.8,80.0,58.9,41.0,1,245.49
p1_S1_N1.10,100.0,36.27,22.0,1,215.84
p1_N2_S2.12,120.0,15.83,3.0,1,185.42
p1_N1_S1.9,90.0,49.33,31.0,1,231.58
p1_N1_S1.10,100.0,42.3,24.0,1,233.96
p1_N1_S1.11,110.0,33.93,15.0,1,230.07
p1_N1_S1.12,120.0,25.76,5.0,1,224.68
p1_W_E.20,66.0,56.53,31.0,2,303.98
p1_S1_N1.11,110.0,23.49,10.0,1,188.41
p1_W_S2.2,69.0,56.64,30.0,2,310.29
p1_N1_S1.13,130.0,17.53,0.0,0,204.03
p1_S1_N1.12,120.0,27.97,7.0,1,203.93
p1_W_E.21,72.0,55.88,30.0,2,298.84
p1_S1_N1.13,130.0,19.72,1.0,1,203.58
p1_N1_S1.14,140.0,9.23,0.0,0,182.47
p1_S1_N1.14,140.0,11.47,0.0,0,182.43
p1_W_E.22,75.0,55.36,26.0,2,315.89
p1_W_E.23,78.0,54.13,24.0,2,315.17
p1_E_W.13,94.0,40.32,26.0,1,264.85
p1_W_E.24,81.0,48.55,22.0,2,297.92
p1_E_W.14,101.0,35.31,23.0,1,264.82
p1_E_W.15,108.0,30.08,17.0,1,249.83
p1_W_E.25,84.0,54.61,21.0,2,313.59
p1_N2_W.2,63.0,76.86,57.0,2,340.1
p1_W_E.26,87.0,53.28,20.0,2,328.88
p1_N2_W.3,93.0,48.31,27.0,2,306.75
p1_W_E.27,90.0,49.72,17.0,1,320.52
p1_W_E.28,93.0,47.52,17.0,1,323.37
p1_W_E.29,96.0,49.89,16.0,1,319.51
p1_N2_W.4,123.0,16.31,0.0,0,240.32
p1_W_E.30,99.0,37.81,15.0,1,270.41
p1_E_W.16,116.0,35.38,19.0,1,274.06
p1_W_S2.3,102.0,41.58,15.0,1,268.68
p1_E_N1.4,120.0,27.59,13.0,1,252.03
p1_E_W.17,123.0,29.53,11.0,1,267.75
p1_W_E.31,105.0,32.36,13.0,1,259.3
p1_E_W.18,130.0,30.05,8.0,1,276.19
p1_W_E.32,108.0,53.17,13.0,1,290.63
p1_E_W.19,137.0,24.81,3.0,1,271.41
p1_S1_E.2,63.0,99.98,67.0,2,379.73
p1_S1_E.3,93.0,70.38,33.0,2,338.75
p1_S1_E.4,123.0,39.47,4.0,1,297.58
p1_E_W.20,144.0,8.73,0.0,0,211.46
p1_W_E.33,111.0,43.41,28.0,1,285.4
p1_E_N1.5,150.0,11.61,0.0,0,214.19
p1_E_W.21,153.0,15.68,0.0,0,231.15
p1_W_E.34,114.0,56.43,27.0,1,326.34
p1_E_W.22,159.0,10.4,0.0,0,217.64
p1_W_E.35,117.0,46.27,26.0,1,290.78
p1_W_E.36,120.0,53.96,26.0,1,305.87
p1_W_E.37,123.0,49.05,23.0,1,292.27
p1_N2_S2.13,130.0,68.0,53.0,1,266.48
p1_W_E.38,126.0,51.5,22.0,1,298.84
p1_S2_N2.14,140.0,57.1,46.0,1,246.17
p1_S2_N2.15,150.0,48.57,37.0,1,233.32
p1_S1_N1.15,150.0,52.17,42.0,1,238.99
p1_N2_S2.14,140.0,53.83,42.0,1,238.12
p1_N1_S1.15,150.0,49.39,38.0,1,232.31
p1_S2_N2.16,160.0,38.22,26.0,1,213.94
p1_S1_N1.16,160.0,47.8,35.0,1,228.48
p1_N2_S2.15,150.0,54.62,40.0,1,250.13
p1_N1_S1.16,160.0,49.37,34.0,1,238.58
p1_S2_N2.17,170.0,38.79,20.0,1,226.26
p1_N2_S2.16,160.0,50.55,34.0,1,245.46
p1_S1_N1.17,170.0,40.22,27.0,1,221.22
p1_S2_N2.18,180.0,30.38,12.0,1,211.95
p1_N1_S1.17,170.0,36.49,22.0,1,224.15
p1_N2_S2.17,170.0,42.27,26.0,1,235.48
p1_S1_N1.18,180.0,31.95,19.0,1,204.81
p1_S2_N2.19,190.0,22.17,6.0,1,211.52
p1_N1_S1.18,180.0,28.01,14.0,1,212.81
p1_N2_S2.18,180.0,34.04,15.0,1,225.66
p1_S2_N2.20,200.0,13.91,0.0,0,204.7
p1_S2_N2.21,210.0,5.69,0.0,0,150.79
p1_N1_S1.19,190.0,17.81,5.0,1,190.74
p1_N2_S2.19,190.0,24.55,11.0,1,202.25
p1_N1_S1.20,200.0,17.77,0.0,0,190.5
p1_S1_N1.19,190.0,27.89,12.0,1,208.38
p1_S1_N1.20,200.0,19.59,4.0,1,193.53
p1_N2_S2.20,200.0,17.17,1.0,1,187.84
p1_N1_S1.21,210.0,9.56,0.0,0,173.18
p1_S1_N1.21,210.0,11.38,0.0,0,182.58
p1_E_W.23,166.0,35.16,22.0,1,259.1
p1_W_E.39,129.0,70.67,51.0,2,325.25
p1_E_W.24,173.0,36.05,22.0,1,262.02
p1_W_E.40,132.0,74.48,49.0,2,340.43
p1_W_S2.4,135.0,74.39,48.0,2,336.53
p1_W_E.41,138.0,72.01,44.0,2,347.87
p1_E_W.25,180.0,24.4,11.0,1,242.0
p1_N2_W.5,153.0,61.3,38.0,1,331.7
p1_E_N1.6,183.0,24.48,9.0,1,247.61
p1_W_E.42,141.0,66.36,42.0,2,332.56
p1_W_E.43,144.0,71.77,39.0,2,338.85
p1_N2_W.6,183.0,29.9,13.0,1,254.33
p1_W_E.44,147.0,66.35,38.0,2,327.96
p1_W_E.45,150.0,71.67,38.0,2,337.56
p1_W_E.46,153.0,70.48,36.0,2,332.79
p1_W_E.47,156.0,69.29,36.0,2,333.75
p1_W_E.48,159.0,59.89,34.0,2,300.9
p1_E_W.26,188.0,40.42,29.0,1,268.32
p1_W_E.49,162.0,67.47,32.0,2,314.65
p1_W_E.50,165.0,64.47,31.0,2,337.75
p1_W_S2.5,168.0,62.57,30.0,2,339.34
p1_E_W.27,195.0,35.3,23.0,1,258.9
p1_W_E.51,171.0,61.86,27.0,2,334.35
p1_W_E.52,174.0,55.88,22.0,2,303.31
p1_W_E.53,177.0,57.74,23.0,2,324.81
p1_S1_E.5,153.0,87.62,61.0,2,361.72
p1_E_N1.7,212.0,29.84,8.0,1,267.19
p1_E_W.28,202.0,25.27,10.0,1,236.13
p1_S1_E.6,183.0,47.69,25.0,2,292.94
p1_E_W.29,209.0,37.63,9.0,1,266.82
p1_W_E.54,180.0,68.04,29.0,3,340.25
p1_E_W.30,216.0,32.26,6.0,1,294.18
p1_W_E.55,184.0,62.95,25.0,2,345.03
p1_E_W.31,224.0,26.0,1.0,1,298.8
p1_W_E.56,187.0,62.84,23.0,2,353.21
p1_E_W.32,231.0,16.8,0.0,0,272.18
p1_W_E.57,190.0,63.25,22.0,2,355.29
p1_E_W.33,238.0,15.65,0.0,0,258.9
p1_E_N1.8,241.0,9.67,0.0,0,215.69
p1_W_E.58,193.0,56.55,21.0,1,346.53
p1_W_E.59,196.0,54.83,21.0,1,341.05
p1_N1_S1.22,220.0,59.02,49.0,1,254.61
p1_S1_N1.22,220.0,61.48,49.0,1,252.12
p1_S2_N2.22,220.0,58.81,47.0,1,244.86
p1_S2_N2.23,230.0,52.59,40.0,1,251.39
p1_N1_S1.23,230.0,49.38,38.0,1,227.67
p1_S1_N1.23,230.0,53.54,41.0,1,244.46
p1_S2_N2.24,240.0,44.22,31.0,1,235.15
p1_N1_S1.24,240.0,43.14,32.0,1,229.86
p1_S1_N1.24,240.0,45.5,34.0,1,228.83
p1_N2_S2.21,210.0,62.99,53.0,1,248.48
p1_S2_N2.25,250.0,35.98,22.0,1,228.16
p1_N1_S1.25,250.0,36.83,23.0,1,227.38
p1_N2_S2.22,220.0,60.57,48.0,1,246.72
p1_S2_N2.26,260.0,26.34,12.0,1,208.1
p1_N2_S2.23,230.0,50.48,38.0,1,228.32
p1_S2_N2.27,270.0,17.55,4.0,1,182.09
p1_N1_S1.26,260.0,22.89,11.0,1,184.88
p1_S1_N1.25,250.0,37.63,24.0,1,221.15
p1_S2_N2.28,280.0,13.15,0.0,0,185.83
p1_N1_S1.27,270.0,24.1,6.0,1,198.85
p1_S1_N1.26,260.0,35.3,18.0,1,215.74
p1_N2_S2.24,240.0,40.39,28.0,1,220.38
p1_N1_S1.28,280.0,12.31,0.0,0,185.75
p1_S2_N2.29,290.0,6.19,0.0,0,152.41
p1_N2_S2.25,250.0,47.65,26.0,1,240.16
p1_S1_N1.27,270.0,27.13,9.0,1,204.2
p1_N1_S1.29,290.0,7.6,0.0,0,158.85
p1_N2_S2.26,260.0,39.46,19.0,1,232.36
p1_S1_N1.28,280.0,18.51,3.0,1,198.14
p1_N2_S2.27,270.0,27.8,10.0,1,215.91
p1_S1_N1.29,290.0,12.18,0.0,0,184.01
p1_N2_S2.28,280.0,22.93,4.0,1,205.13
p1_E_W.34,245.0,41.57,28.0,1,271.62
p1_W_S2.6,202.0,83.5,45.0,2,347.22
p1_E_W.35,252.0,32.92,19.0,1,251.62
p1_E_W.36,260.0,28.27,13.0,1,254.97
p1_W_E.60,199.0,74.71,48.0,2,330.7
p1_E_W.37,267.0,26.96,11.0,1,263.76
p1_W_E.61,205.0,90.06,43.0,2,348.73
p1_N2_W.7,213.0,80.36,54.0,2,344.51
p1_W_E.62,208.0,88.68,43.0,2,365.87
p1_N2_W.8,243.0,51.1,28.0,1,308.08
p1_W_E.63,211.0,87.4,40.0,2,375.61
p1_W_E.64,214.0,75.94,38.0,2,349.27
p1_N2_W.9,273.0,27.25,9.0,1,245.79
p1_W_E.65,217.0,73.86,37.0,2,335.33
p1_W_E.66,220.0,81.65,36.0,2,367.26
p1_W_E.67,223.0,82.83,35.0,2,375.06
p1_W_E.68,226.0,81.58,33.0,2,380.31
p1_W_E.69,229.0,80.36,32.0,2,384.14
p1_W_E.70,232.0,79.09,31.0,2,377.69
p1_W_S2.7,235.0,70.88,31.0,2,349.77
p1_W_E.71,238.0,72.52,29.0,2,351.72
p1_E_W.38,274.0,42.29,21.0,1,287.36
p1_W_E.72,241.0,69.07,27.0,2,350.79
p1_W_E.73,244.0,75.26,25.0,2,362.02
p1_E_N1.9,270.0,36.38,22.0,1,269.29
p1_S1_E.7,213.0,107.83,72.0,2,408.15
p1_E_W.39,281.0,34.05,18.0,1,269.07
p1_S1_E.8,243.0,72.64,46.0,2,350.65
p1_E_W.40,288.0,33.44,13.0,1,276.87
p1_S1_E.9,273.0,46.55,16.0,2,313.96
p1_E_W.41,296.0,28.59,7.0,1,286.34
p1_E_N1.10,300.0,25.56,5.0,1,272.19
p1_W_E.74,247.0,79.63,35.0,3,384.46
p1_E_W.42,303.0,24.02,3.0,1,264.23
p1_W_E.75,250.0,74.09,32.0,3,374.26
p1_W_E.76,253.0,77.01,30.0,3,374.22
p1_E_W.43,310.0,16.96,0.0,0,259.12
p1_W_E.77,256.0,75.67,27.0,2,383.76
p1_E_W.44,317.0,14.59,0.0,0,232.06
p1_W_E.78,259.0,68.78,24.0,1,335.51
p1_E_W.45,324.0,9.34,0.0,0,216.12
p1_W_E.79,262.0,65.63,23.0,1,326.5
p1_N1_S1.30,300.0,60.42,48.0,1,251.12
p1_S1_N1.30,300.0,59.2,49.0,1,248.68
p1_S2_N2.30,300.0,60.4,48.0,1,248.02
p1_N1_S1.31,310.0,53.28,39.0,1,243.31
p1_S1_N1.31,310.0,54.97,42.0,1,247.04
p1_S2_N2.31,310.0,51.67,40.0,1,233.07
p1_N1_S1.32,320.0,45.0,31.0,1,234.97
p1_S1_N1.32,320.0,46.34,35.0,1,230.18
p1_S2_N2.32,320.0,47.12,32.0,1,238.79
p1_S1_N1.33,330.0,38.67,26.0,1,211.84
p1_S2_N2.33,330.0,38.72,23.0,1,224.38
p1_N2_S2.29,290.0,62.94,51.0,1,246.77
p1_N1_S1.33,330.0,33.77,22.0,1,204.53
p1_N2_S2.30,300.0,62.2,47.0,1,255.27
p1_N1_S1.34,340.0,30.95,16.0,1,209.51
p1_S2_N2.34,340.0,26.59,15.0,1,201.98
p1_N1_S1.35,350.0,22.74,7.0,1,203.88
p1_N2_S2.31,310.0,62.82,44.0,1,261.21
p1_N2_S2.32,320.0,54.57,34.0,1,254.22
p1_S2_N2.35,350.0,23.91,8.0,1,205.01
p1_N1_S1.36,360.0,11.54,0.0,0,179.84
p1_S1_N1.34,340.0,30.39,17.0,1,202.5
p1_S2_N2.36,360.0,15.71,0.0,0,200.73
p1_N2_S2.33,330.0,46.24,28.0,1,244.45
p1_S1_N1.35,350.0,25.52,9.0,1,204.08
p1_N2_S2.34,340.0,38.24,21.0,1,242.65
p1_N2_S2.35,350.0,30.09,12.0,1,231.82
p1_S2_N2.37,370.0,5.53,0.0,0,141.67
p1_N2_S2.36,360.0,20.25,4.0,1,209.13
p1_N1_S1.37,370.0,6.31,0.0,0,150.52
p1_S1_N1.36,360.0,10.79,0.0,0,171.77
p1_S1_N1.37,370.0,15.87,0.0,0,183.5
p1_E_W.46,333.0,35.62,17.0,1,259.1
p1_W_E.80,265.0,97.83,49.0,2,385.42
p1_W_S2.8,268.0,97.84,48.0,2,380.37
p1_E_N1.11,330.0,30.53,17.0,1,236.76
p1_E_W.47,339.0,32.23,17.0,1,244.2
p1_E_W.48,346.0,27.01,13.0,1,242.32
p1_W_E.81,271.0,97.22,49.0,2,387.94
p1_N2_W.10,303.0,71.51,46.0,1,333.63
p1_W_E.82,274.0,102.47,48.0,3,407.02
p1_N2_W.11,333.0,43.7,26.0,1,285.9
p1_W_E.83,277.0,91.99,47.0,3,367.97
p1_W_E.84,280.0,102.12,45.0,2,383.09
p1_W_E.85,283.0,89.35,44.0,2,357.04
p1_N2_W.12,363.0,20.85,1.0,1,248.37
p1_W_E.86,286.0,89.31,42.0,2,358.16
p1_W_E.87,289.0,90.77,43.0,2,366.8
p1_W_E.88,292.0,92.34,41.0,2,365.95
p1_W_E.89,295.0,95.31,40.0,2,383.23
p1_W_S2.9,301.0,91.46,39.0,2,357.98
p1_W_E.90,298.0,76.3,40.0,2,329.41
p1_E_N1.12,363.0,36.83,16.0,1,270.08
p1_W_E.91,304.0,96.01,37.0,2,362.45
p1_E_W.49,353.0,32.15,19.0,1,250.14
p1_W_E.92,307.0,81.78,36.0,2,359.0
p1_E_W.50,360.0,43.51,18.0,1,267.57
p1_W_E.93,310.0,95.29,39.0,2,375.09
p1_E_W.51,368.0,37.28,15.0,1,271.47
p1_E_W.52,375.0,31.99,8.0,1,271.8
p1_S1_E.10,303.0,94.66,66.0,2,379.2
p1_S1_E.11,333.0,76.09,42.0,2,358.34
p1_S1_E.12,363.0,47.77,10.0,1,312.87
p1_W_E.94,313.0,99.56,47.0,3,418.48
p1_E_W.53,382.0,13.33,0.0,0,234.37
p1_E_W.54,389.0,25.03,0.0,0,254.15
p1_W_E.95,316.0,92.05,47.0,3,406.37
p1_W_E.96,319.0,89.0,44.0,3,388.93
p1_N1_S1.38,380.0,58.58,44.0,1,249.45
p1_E_N1.13,392.0,11.06,0.0,0,224.71
p1_W_E.97,322.0,95.24,40.0,3,402.11
p1_S1_N1.38,380.0,60.32,46.0,1,246.04
p1_W_E.98,325.0,89.9,37.0,3,395.33
p1_S1_N1.39,390.0,52.0,37.0,1,235.74
p1_W_E.99,328.0,93.41,35.0,2,420.41
p1_N1_S1.39,390.0,48.05,35.0,1,230.34
p1_N1_S1.40,400.0,44.57,28.0,1,235.62
p1_N1_S1.41,410.0,36.24,19.0,1,228.87
p1_S1_N1.40,400.0,45.54,30.0,1,230.25
p1_N1_S1.42,420.0,27.97,12.0,1,214.2
p1_S2_N2.38,380.0,56.08,43.0,1,236.5
p1_N1_S1.43,430.0,19.63,4.0,1,206.4
p1_S2_N2.39,390.0,58.81,41.0,1,244.82
p1_S1_N1.41,410.0,39.89,22.0,1,230.5
p1_S1_N1.42,420.0,31.49,13.0,1,225.62
p1_N1_S1.44,440.0,11.36,0.0,0,183.33
p1_N2_S2.37,370.0,61.93,51.0,1,255.67
p1_S2_N2.40,400.0,39.19,27.0,1,218.07
p1_N2_S2.38,380.0,73.96,49.0,1,269.66
p1_S2_N2.41,410.0,38.91,22.0,1,225.89
p1_N2_S2.39,390.0,65.66,44.0,1,274.29
p1_S2_N2.42,420.0,35.89,15.0,1,223.91
p1_N2_S2.40,400.0,54.19,36.0,1,253.49
p1_S1_N1.43,430.0,20.64,4.0,1,190.92
p1_S2_N2.43,430.0,23.88,7.0,1,207.57
p1_N1_S1.45,450.0,5.48,0.0,0,149.71
p1_N2_S2.41,410.0,49.25,27.0,1,253.64
p1_S1_N1.44,440.0,16.57,0.0,0,188.34
p1_S2_N2.44,440.0,19.57,1.0,1,203.73
p1_N2_S2.42,420.0,41.12,20.0,1,236.91
p1_S1_N1.45,450.0,11.95,0.0,0,170.39
p1_S2_N2.45,450.0,9.9,0.0,0,166.04
p1_N2_S2.43,430.0,24.24,8.0,1,199.68
p1_N2_S2.44,440.0,27.77,6.0,1,206.57
p1_W_E.100,331.0,117.73,62.0,3,443.3
p1_E_W.55,396.0,37.25,25.0,1,259.02
p1_N2_S2.45,450.0,9.06,0.0,0,177.97
p1_W_S2.10,334.0,116.15,59.0,3,434.7
p1_E_W.56,404.0,37.98,23.0,1,263.24
p1_W_E.101,337.0,114.84,55.0,3,432.27
p1_E_W.57,411.0,41.61,20.0,1,280.08
p1_E_W.58,418.0,36.41,17.0,1,265.44
p1_E_N1.14,421.0,28.06,12.0,1,251.72
p1_W_E.102,340.0,110.26,53.0,3,425.15
p1_E_W.59,425.0,31.11,11.0,1,259.79
p1_W_E.103,343.0,114.49,51.0,3,437.49
p1_N2_W.13,393.0,58.69,40.0,1,305.75
p1_W_E.104,346.0,113.29,51.0,3,434.11
p1_W_E.105,349.0,111.95,48.0,3,416.79
p1_W_E.106,352.0,107.23,43.0,3,415.48
p1_W_E.107,355.0,107.51,44.0,3,400.95
p1_W_E.108,358.0,108.32,41.0,4,402.07
p1_W_E.109,361.0,107.05,39.0,3,418.57
p1_N2_W.14,423.0,30.11,13.0,1,257.56
p1_E_W.60,432.0,39.76,25.0,1,265.45
p1_W_E.110,364.0,95.68,39.0,2,371.92
p1_W_E.111,370.0,107.16,36.0,2,374.62
p1_W_S2.11,367.0,95.92,38.0,3,374.57
p1_W_E.112,373.0,89.08,38.0,3,352.73
p1_E_N1.15,450.0,36.53,8.0,1,252.24
p1_S1_E.13,393.0,90.36,53.0,2,351.56
p1_S1_E.14,423.0,67.36,26.0,2,356.22
p1_W_E.113,376.0,116.14,49.0,3,427.19
p1_N1_S1.46,460.0,52.79,40.0,1,238.91
p1_W_E.114,379.0,114.86,47.0,3,420.85
p1_E_W.61,440.0,22.35,10.0,1,248.45
p1_N1_S1.47,470.0,44.25,34.0,1,230.1
p1_W_E.115,382.0,113.75,50.0,3,410.04
p1_E_W.62,447.0,48.52,9.0,1,270.03
p1_N1_S1.48,480.0,36.95,26.0,1,213.79
p1_N1_S1.49,490.0,28.68,16.0,1,199.26
p1_W_E.116,385.0,112.49,46.0,4,418.48
p1_S1_N1.46,460.0,58.94,44.0,1,249.72
p1_N1_S1.50,500.0,20.55,8.0,1,193.58
p1_W_E.117,388.0,111.31,45.0,4,407.8
p1_S1_N1.47,470.0,50.74,35.0,1,241.33
p1_W_E.118,391.0,108.04,44.0,4,398.72
p1_S2_N2.46,460.0,62.28,51.0,1,260.09
p1_N1_S1.51,510.0,12.46,0.0,0,180.84
p1_W_E.119,394.0,106.61,41.0,3,405.26
p1_S2_N2.47,470.0,54.21,42.0,1,244.61
p1_S2_N2.48,480.0,44.3,33.0,1,228.78
p1_N2_S2.46,460.0,60.11,49.0,1,248.95
p1_S1_N1.48,480.0,37.53,20.0,1,213.48
p1_N1_S1.52,520.0,6.16,0.0,0,156.33
p1_N2_S2.47,470.0,60.72,46.0,1,252.9
p1_S1_N1.49,490.0,40.75,19.0,1,212.73
p1_S2_N2.49,490.0,36.11,24.0,1,213.38
p1_N2_S2.48,480.0,52.5,37.0,1,246.66
p1_S1_N1.50,500.0,27.1,8.0,1,191.27
p1_N2_S2.49,490.0,44.16,30.0,1,224.27
p1_S2_N2.50,500.0,26.56,13.0,1,197.7
p1_E_W.63,454.0,59.99,29.0,2,291.59
p1_S2_N2.51,510.0,25.61,9.0,1,203.03
p1_N2_S2.50,500.0,33.19,19.0,1,205.9
p1_E_W.64,461.0,55.35,26.0,2,298.05
p1_E_W.65,468.0,50.01,21.0,1,292.54
p1_N2_S2.51,510.0,24.99,12.0,1,194.8
p1_S2_N2.52,520.0,9.49,0.0,0,164.65
p1_E_W.66,476.0,44.04,20.0,1,279.74
p1_N2_S2.52,520.0,21.27,5.0,1,205.45
p1_S2_N2.53,530.0,11.2,0.0,0,153.65
p1_E_N1.16,480.0,40.92,20.0,1,268.88
p1_N2_S2.53,530.0,9.76,0.0,0,179.98
p1_E_W.67,483.0,35.91,18.0,1,255.81
p1_E_W.68,490.0,40.59,17.0,1,272.42
p1_W_S2.12,400.0,131.18,69.0,5,431.79
p1_W_E.120,397.0,126.0,70.0,4,426.45
p1_E_W.69,497.0,35.39,15.0,1,268.2
p1_E_N1.17,510.0,23.4,5.0,1,252.7
p1_W_E.121,403.0,131.72,65.0,4,437.47
p1_E_W.70,504.0,30.26,11.0,1,268.36
p1_W_E.122,406.0,126.3,62.0,3,439.19
p1_N2_W.15,453.0,76.72,53.0,1,340.34
p1_N2_W.16,483.0,55.61,34.0,1,304.74
p1_W_E.123,409.0,123.76,64.0,3,419.91
p1_N2_W.17,513.0,27.81,11.0,1,251.6
p1_W_E.124,412.0,118.81,61.0,3,421.51
p1_W_E.125,415.0,130.95,60.0,4,433.89
p1_W_E.126,418.0,129.63,59.0,3,456.08
p1_W_E.127,421.0,128.28,58.0,3,454.75
p1_E_W.71,513.0,38.84,25.0,1,265.78
p1_W_E.128,424.0,111.61,56.0,3,399.77
p1_E_W.72,519.0,33.26,22.0,1,258.98
p1_W_E.129,427.0,128.72,56.0,4,416.73
p1_E_W.73,526.0,28.78,15.0,1,246.0
p1_W_E.130,430.0,118.59,58.0,4,428.03
p1_W_S2.13,432.0,117.14,57.0,3,413.37
p1_W_E.131,436.0,115.22,54.0,5,424.91
p1_W_E.132,439.0,122.42,53.0,4,425.18
p1_S1_N1.51,510.0,73.56,47.0,2,270.72
p1_N1_S1.53,530.0,53.56,43.0,1,239.46
p1_S1_E.15,453.0,110.46,70.0,2,414.88
p1_S1_E.16,483.0,75.37,41.0,2,340.64
p1_W_E.133,442.0,125.57,67.0,4,427.91
p1_W_E.134,445.0,119.54,60.0,4,436.13
p1_W_E.135,448.0,123.05,58.0,4,449.9
p1_W_E.136,451.0,121.78,59.0,5,444.21
p1_W_E.137,454.0,119.1,57.0,4,428.92
p1_N1_S1.54,540.0,35.09,24.0,1,204.64
p1_N1_S1.55,550.0,47.98,23.0,1,237.05
p1_S1_N1.52,520.0,74.52,47.0,2,272.14
p1_N1_S1.56,560.0,33.81,15.0,1,222.13
p1_S1_N1.53,530.0,71.38,48.0,2,269.11
p1_N1_S1.57,570.0,19.5,4.0,1,205.13
p1_S1_N1.54,540.0,62.79,40.0,2,268.9
p1_N1_S1.58,580.0,23.66,0.0,0,199.97
p1_S2_N2.54,540.0,63.7,51.0,1,259.14
p1_N1_S1.59,590.0,15.38,0.0,0,175.73
p1_S1_N1.55,550.0,56.4,35.0,2,251.73
p1_W_E.138,457.0,100.0,55.0,5,375.53
p1_N2_S2.54,540.0,59.19,49.0,1,249.6
p1_S2_N2.55,550.0,52.57,39.0,1,235.03
p1_S1_N1.56,560.0,48.15,26.0,2,240.32
p1_W_E.139,460.0,115.66,51.0,4,382.74
p1_N1_S1.60,600.0,5.66,0.0,0,154.17
p1_N2_S2.55,550.0,55.59,43.0,1,242.45
p1_S2_N2.56,560.0,50.04,35.0,1,234.68
p1_S1_N1.57,570.0,38.13,14.0,2,212.27
p1_S2_N2.57,570.0,34.53,21.0,1,202.39
p1_E_W.74,533.0,62.18,42.0,2,314.94
p1_S2_N2.58,580.0,36.95,19.0,1,215.33
p1_N2_S2.56,560.0,41.86,30.0,1,220.36
p1_S2_N2.59,590.0,27.37,10.0,1,207.93
p1_N2_S2.57,570.0,49.73,29.0,1,242.69
p1_S2_N2.60,600.0,19.42,2.0,1,200.82
p1_E_W.75,540.0,52.88,33.0,2,297.47
p1_E_N1.18,543.0,55.39,32.0,2,297.55
p1_N2_S2.58,580.0,41.73,21.0,1,239.14
p1_N2_S2.59,590.0,27.6,11.0,1,219.19
p1_E_W.76,548.0,51.89,30.0,2,301.39
p1_E_W.77,555.0,49.19,27.0,1,299.09
p1_N2_S2.60,600.0,14.25,0.0,0,185.09
p1_E_W.78,562.0,39.4,25.0,1,257.65
p1_N2_S2.61,610.0,17.99,0.0,0,189.42
p1_S2_N2.61,610.0,7.05,0.0,0,150.06
p1_W_E.140,463.0,146.98,76.0,5,440.79
p1_E_W.79,569.0,31.81,18.0,1,237.7
p1_W_S2.14,466.0,145.78,72.0,4,446.78
p1_E_W.80,576.0,36.98,16.0,1,272.22
p1_W_E.141,476.0,137.22,71.0,5,415.77
p1_E_N1.19,572.0,33.66,16.0,1,261.99
p1_W_E.142,479.0,136.58,68.0,4,423.73
p1_E_W.81,584.0,28.46,10.0,1,243.31
p1_N2_W.18,543.0,74.72,47.0,1,336.27
p1_N2_W.19,573.0,41.81,25.0,1,274.96
p1_W_E.143,482.0,129.61,66.0,4,428.88
p1_W_E.144,485.0,130.88,68.0,5,422.93
p1_W_E.145,488.0,136.35,66.0,5,440.96
p1_W_E.146,491.0,126.72,61.0,4,426.31
p1_N1_S1.61,610.0,39.67,28.0,1,222.74
p1_S1_N1.58,580.0,71.73,42.0,2,275.84
p1_N1_S1.62,620.0,31.53,20.0,1,212.9
p1_W_E.147,494.0,124.54,60.0,4,421.69
p1_W_E.148,497.0,135.21,60.0,4,451.06
p1_N1_S1.63,630.0,23.49,12.0,1,190.42
p1_W_E.149,500.0,133.89,61.0,5,463.19
p1_S1_N1.59,590.0,61.96,29.0,1,252.77
p1_S1_N1.60,600.0,56.65,29.0,1,253.42
p1_W_E.150,503.0,132.77,60.0,4,455.02
p1_W_E.151,509.0,128.41,54.0,4,423.13
p1_S1_N1.61,610.0,49.92,28.0,1,237.02
p1_W_S2.15,506.0,120.73,58.0,4,411.82
p1_N1_S1.64,640.0,11.11,0.0,0,173.03
p1_S1_E.17,513.0,120.75,72.0,4,410.07
p1_S1_N1.62,620.0,43.38,28.0,1,229.41
p1_N1_S1.65,650.0,7.23,0.0,0,157.44
p1_S1_E.18,543.0,93.85,56.0,3,365.44
p1_S1_N1.63,630.0,33.81,18.0,1,217.33
p1_W_E.152,512.0,126.23,75.0,5,445.06
p1_W_E.153,515.0,132.27,69.0,4,457.21
p1_S1_N1.64,640.0,29.26,13.0,1,208.92
p1_N1_S1.66,660.0,6.22,0.0,0,146.86
p1_W_E.154,518.0,127.62,67.0,4,445.16
p1_S1_N1.65,650.0,21.13,5.0,1,199.7
p1_W_E.155,521.0,129.64,64.0,5,442.84
p1_W_E.156,524.0,121.34,63.0,5,427.58
p1_W_E.157,527.0,127.58,59.0,5,429.49
p1_N2_W.20,603.0,52.99,27.0,1,310.06
p1_E_W.82,591.0,62.31,45.0,2,317.14
p1_N2_S2.62,620.0,57.79,49.0,1,251.75
p1_S2_N2.62,620.0,57.51,46.0,1,244.44
p1_E_W.83,598.0,63.52,38.0,2,321.14
p1_N2_S2.63,630.0,52.89,39.0,1,238.01
p1_E_N1.20,601.0,61.62,38.0,2,323.53
p1_S2_N2.63,630.0,49.06,37.0,1,233.07
p1_N2_S2.64,640.0,45.02,33.0,1,225.68
p1_E_W.84,605.0,59.39,35.0,2,319.17
p1_S2_N2.64,640.0,46.45,31.0,1,234.15
p1_N2_S2.65,650.0,36.98,25.0,1,217.68
p1_N2_S2.66,660.0,28.74,17.0,1,205.66
p1_E_W.85,612.0,49.32,27.0,2,292.54
p1_S2_N2.65,650.0,31.1,20.0,1,198.85
p1_E_W.86,620.0,50.49,23.0,2,303.89
p1_S2_N2.66,660.0,30.43,13.0,1,212.31
p1_E_W.87,627.0,41.66,14.0,1,286.66
p1_E_N1.21,630.0,43.44,14.0,1,285.03
p1_N2_S2.67,670.0,24.01,8.0,1,201.97
p1_S2_N2.67,670.0,18.93,2.0,1,193.38
p1_N2_S2.68,680.0,16.85,0.0,0,192.78
p1_S2_N2.68,680.0,10.26,0.0,0,184.6
p1_N2_S2.69,690.0,8.58,0.0,0,171.45
p1_S2_N2.69,690.0,6.48,0.0,0,150.31
p1_W_E.158,530.0,156.0,85.0,5,477.16
p1_E_N1.22,660.0,22.58,0.0,0,234.99
p1_E_W.88,634.0,18.04,1.0,1,233.45
p1_W_E.159,533.0,153.77,84.0,5,481.7
p1_W_E.160,536.0,155.07,80.0,5,484.82
p1_E_W.89,641.0,49.58,1.0,1,260.34
p1_E_W.90,648.0,43.22,1.0,1,267.59
p1_E_W.91,656.0,37.98,0.0,0,269.29
p1_W_E.161,556.0,138.96,69.0,4,457.6
p1_W_S2.16,553.0,136.47,72.0,5,450.6
p1_E_W.92,663.0,29.35,0.0,0,268.94
p1_W_E.162,560.0,136.91,71.0,4,449.95
p1_N2_W.21,633.0,64.53,38.0,1,327.86
p1_W_E.163,563.0,135.6,72.0,4,439.9
p1_S1_N1.66,660.0,60.06,42.0,1,253.21
p1_S1_N1.67,670.0,54.25,41.0,1,244.76
p1_W_E.164,566.0,128.51,72.0,4,421.73
p1_S1_N1.68,680.0,46.19,34.0,1,225.41
p1_W_E.165,569.0,134.04,69.0,6,441.07
p1_N1_S1.67,670.0,44.47,34.0,1,218.38
p1_S1_N1.69,690.0,38.14,26.0,1,218.04
p1_S1_E.19,573.0,133.9,73.0,5,465.64
p1_N1_S1.68,680.0,48.84,32.0,1,237.96
p1_S1_E.20,603.0,102.78,49.0,2,420.86
p1_N1_S1.69,690.0,36.45,20.0,1,235.79
p1_S1_E.21,633.0,77.3,38.0,2,386.09
p1_N1_S1.70,700.0,32.39,14.0,1,219.86
p1_S1_N1.70,700.0,33.64,19.0,1,226.58
p1_W_E.166,572.0,140.65,85.0,4,473.48
p1_N1_S1.71,710.0,24.13,4.0,1,207.35
p1_N1_S1.72,720.0,15.78,0.0,0,197.04
p1_N1_S1.73,730.0,7.54,0.0,0,159.21
p1_S1_N1.71,710.0,19.92,6.0,1,188.69
p1_W_E.167,575.0,121.07,76.0,4,414.7
p1_S1_N1.72,720.0,23.84,2.0,1,200.0
p1_W_E.168,578.0,135.35,76.0,4,428.37
p1_W_E.169,581.0,145.28,72.0,4,462.26
p1_W_E.170,585.0,136.33,69.0,4,466.23
p1_N2_W.22,663.0,48.45,28.0,2,293.61
p1_W_S2.17,588.0,121.88,68.0,4,422.92
p1_N2_W.23,693.0,35.89,16.0,1,270.32
p1_W_E.171,591.0,133.99,64.0,4,455.97
p1_E_W.93,670.0,60.69,35.0,2,320.14
p1_W_E.172,594.0,137.57,68.0,4,457.02
p1_E_W.94,677.0,55.48,30.0,2,310.28
p1_E_N1.23,690.0,42.19,20.0,2,285.42
p1_W_E.173,597.0,136.31,64.0,5,464.56
p1_E_W.95,684.0,50.29,25.0,2,306.1
p1_W_E.174,600.0,126.53,60.0,4,450.66
p1_W_E.175,603.0,134.26,57.0,4,455.0
p1_W_E.176,606.0,132.98,56.0,3,449.9
p1_E_W.96,693.0,34.4,13.0,2,271.54
p1_W_E.177,609.0,117.82,55.0,3,412.49
p1_E_W.97,699.0,39.26,10.0,2,290.75
p1_E_W.98,706.0,27.41,4.0,1,280.34
p1_W_E.178,612.0,125.34,52.0,3,428.67
p1_N2_S2.70,700.0,65.67,53.0,1,258.76
p1_W_E.179,615.0,129.91,52.0,3,426.12
p1_E_W.99,713.0,30.6,5.0,1,253.47
p1_E_N1.24,723.0,21.65,4.0,1,238.33
p1_S2_N2.70,700.0,63.74,54.0,1,254.2
p1_N2_S2.71,710.0,58.25,46.0,1,242.21
p1_E_W.100,720.0,26.51,5.0,1,254.71
p1_S2_N2.71,710.0,59.4,47.0,1,256.32
p1_N2_S2.72,720.0,48.92,36.0,1,232.53
p1_S2_N2.72,720.0,51.14,37.0,1,247.27
p1_E_W.101,728.0,15.07,0.0,0,234.99
p1_E_W.102,735.0,16.05,0.0,0,222.4
p1_E_W.103,742.0,10.78,0.0,0,221.21
p1_S2_N2.73,730.0,36.98,25.0,1,211.41
p1_N2_S2.73,730.0,45.88,29.0,1,224.24
p1_S2_N2.74,740.0,37.4,21.0,1,223.69
p1_S2_N2.75,750.0,29.16,12.0,1,222.83
p1_S2_N2.76,760.0,18.79,2.0,1,203.61
p1_S2_N2.77,770.0,12.75,0.0,0,192.92
p1_N2_S2.74,740.0,32.33,17.0,1,204.39
p1_N2_S2.75,750.0,35.03,14.0,1,217.17
p1_N2_S2.76,760.0,26.69,6.0,1,206.42
p1_S2_N2.78,780.0,6.43,0.0,0,146.17
p1_N2_S2.77,770.0,11.71,0.0,0,166.27
p1_N2_S2.78,780.0,9.36,0.0,0,153.16
p1_W_E.180,618.0,154.41,77.0,4,465.66
p1_W_S2.18,624.0,150.18,76.0,5,452.35
p1_N1_S1.74,740.0,47.13,36.0,1,218.46
p1_S1_N1.73,730.0,60.33,47.0,1,243.69
p1_W_E.181,627.0,149.69,74.0,4,461.12
p1_S1_N1.74,740.0,53.72,42.0,1,243.67
p1_N1_S1.75,750.0,47.91,32.0,1,241.81
p1_N1_S1.76,760.0,36.05,21.0,1,222.74
p1_W_E.182,630.0,148.66,73.0,4,452.87
p1_S1_N1.75,750.0,50.28,36.0,1,253.3
p1_N1_S1.77,770.0,31.31,16.0,1,223.2
p1_W_E.183,633.0,147.32,72.0,4,476.61
p1_S1_N1.76,760.0,42.25,29.0,1,228.72
p1_S1_E.22,663.0,118.77,73.0,3,413.66
p1_N1_S1.78,780.0,23.04,7.0,1,216.83
p1_N1_S1.79,790.0,14.86,0.0,0,206.08
p1_S1_E.23,693.0,87.33,49.0,3,364.57
p1_S1_N1.77,770.0,32.3,17.0,1,211.08
p1_W_E.184,636.0,150.72,82.0,4,486.82
p1_N1_S1.80,800.0,5.46,0.0,0,152.93
p1_S1_N1.78,780.0,22.15,10.0,1,189.95
p1_W_E.185,639.0,149.35,82.0,4,496.99
p1_W_E.186,642.0,148.17,80.0,4,477.37
p1_S1_N1.79,790.0,19.06,3.0,1,195.32
p1_S1_N1.80,800.0,11.16,0.0,0,178.52
p1_N2_W.24,723.0,68.47,48.0,2,316.54
p1_W_E.187,645.0,129.84,77.0,4,421.29
p1_W_S2.19,657.0,142.23,69.0,4,443.32
p1_N2_W.25,753.0,50.11,22.0,2,309.46
p1_W_E.188,648.0,143.98,76.0,4,441.92
p1_W_E.189,651.0,156.53,75.0,4,459.52
p1_E_N1.25,752.0,48.81,26.0,1,290.1
p1_W_E.190,654.0,146.19,72.0,4,455.45
p1_E_W.104,749.0,40.37,27.0,1,266.03
p1_W_E.191,660.0,151.08,69.0,4,471.91
p1_E_W.105,756.0,53.99,26.0,1,292.87
p1_W_E.192,663.0,146.2,68.0,4,469.76
p1_E_W.106,764.0,48.91,23.0,1,301.4
p1_W_E.193,666.0,148.64,65.0,4,465.86
p1_E_W.107,771.0,31.73,13.0,1,269.61
p1_W_E.194,668.0,148.43,65.0,5,476.02
p1_E_W.108,778.0,39.72,12.0,1,285.07
p1_W_E.195,672.0,138.46,63.0,6,466.07
p1_W_E.196,675.0,143.26,61.0,5,471.01
p1_E_N1.26,781.0,28.45,8.0,1,270.77
p1_W_E.197,678.0,144.03,60.0,4,472.34
p1_E_W.109,785.0,29.48,6.0,1,265.72
p1_E_W.110,792.0,27.08,3.0,1,258.57
p1_W_E.198,681.0,142.65,60.0,4,461.8
p1_S2_N2.79,790.0,55.61,45.0,1,252.42
p1_E_W.111,800.0,15.5,0.0,0,228.1
p1_W_E.199,684.0,128.47,58.0,5,421.85
p1_W_E.200,704.0,123.7,41.0,3,410.22
p1_S2_N2.80,800.0,47.09,35.0,1,228.31
p1_E_W.112,807.0,20.68,0.0,0,242.05
p1_E_N1.27,810.0,17.3,0.0,0,248.27
p1_N2_S2.79,790.0,55.15,42.0,1,237.15
p1_S2_N2.81,810.0,37.7,26.0,1,210.55
p1_E_W.113,814.0,11.03,0.0,0,218.73
p1_S2_N2.82,820.0,29.79,17.0,1,211.56
p1_E_W.114,821.0,12.19,0.0,0,227.94
p1_E_W.115,828.0,6.94,0.0,0,200.31
p1_S2_N2.83,830.0,27.02,11.0,1,207.58
p1_N2_S2.80,800.0,42.99,32.0,1,218.79
p1_N2_S2.81,810.0,43.79,26.0,1,218.07
p1_S2_N2.84,840.0,12.28,0.0,0,175.14
p1_S2_N2.85,850.0,11.48,0.0,0,164.25
p1_S1_N1.81,810.0,52.04,42.0,1,245.77
p1_N2_S2.82,820.0,41.88,22.0,1,231.97
p1_N2_S2.83,830.0,33.59,16.0,1,223.87
p1_N1_S1.81,810.0,49.22,38.0,1,224.75
p1_S1_N1.82,820.0,46.3,36.0,1,229.74
p1_N2_S2.84,840.0,17.01,2.0,1,181.27
p1_N1_S1.82,820.0,44.79,30.0,1,233.08
p1_S1_N1.83,830.0,38.13,27.0,1,216.36
p1_S2_N2.86,860.0,5.82,0.0,0,142.89
p1_N2_S2.85,850.0,19.0,0.0,0,195.33
p1_N1_S1.83,830.0,37.24,23.0,1,222.55
p1_N2_S2.86,860.0,10.69,0.0,0,170.79
p1_S1_N1.84,840.0,27.84,16.0,1,201.99
p1_N1_S1.84,840.0,26.37,13.0,1,200.76
p1_W_S2.20,707.0,145.12,69.0,5,457.56
p1_N1_S1.85,850.0,23.82,7.0,1,203.48
p1_N1_S1.86,860.0,15.58,0.0,0,201.49
p1_W_E.201,710.0,144.3,66.0,4,455.52
p1_S1_N1.85,850.0,23.2,9.0,1,195.4
p1_S1_N1.86,860.0,19.6,1.0,1,206.75
p1_N1_S1.87,870.0,5.54,0.0,0,152.83
p1_S1_N1.87,870.0,11.39,0.0,0,180.53
p1_W_E.202,713.0,131.78,64.0,5,437.56
p1_W_E.203,716.0,139.73,63.0,5,459.34
p1_N1_S1.88,880.0,5.83,0.0,0,147.94
p1_S1_E.24,723.0,143.91,88.0,4,455.06
p1_S1_N1.88,880.0,5.52,0.0,0,150.1
p1_S1_E.25,753.0,109.83,70.0,3,429.44
p1_S1_E.26,783.0,83.54,39.0,3,383.92
p1_W_E.204,719.0,153.42,72.0,6,498.52
p1_W_E.205,722.0,152.18,70.0,4,504.55
p1_N2_W.26,783.0,90.18,72.0,2,356.23
p1_W_E.206,725.0,150.77,67.0,5,489.31
p1_W_E.207,728.0,149.72,66.0,5,491.78
p1_W_E.208,731.0,148.41,64.0,5,488.04
p1_N2_W.27,813.0,54.26,34.0,2,302.28
p1_W_E.209,734.0,140.05,61.0,4,465.51
p1_W_E.210,737.0,146.11,63.0,5,474.08
p1_N2_W.28,843.0,39.45,7.0,2,293.33
p1_W_S2.21,740.0,136.08,62.0,6,450.33
p1_E_W.116,836.0,43.57,26.0,1,284.94
p1_W_E.211,743.0,133.87,60.0,4,429.18
p1_E_N1.28,840.0,38.31,24.0,1,269.36
p1_E_W.117,843.0,43.1,23.0,1,294.22
p1_E_W.118,850.0,37.74,17.0,1,287.05
p1_W_E.212,746.0,128.34,58.0,4,408.3
p1_W_E.213,766.0,125.02,47.0,3,405.59
p1_W_E.214,769.0,116.88,49.0,5,417.25
p1_W_E.215,773.0,121.52,47.0,4,432.63
p1_W_E.216,776.0,119.47,45.0,3,432.19
p1_E_N1.29,870.0,20.55,0.0,0,250.79
p1_W_E.217,779.0,118.99,46.0,3,425.46
p1_E_W.119,857.0,19.72,6.0,1,230.85
p1_W_E.218,782.0,117.69,48.0,3,441.77
p1_E_W.120,864.0,35.52,4.0,1,263.78
p1_N2_S2.87,870.0,52.24,41.0,1,236.74
p1_S2_N2.87,870.0,51.51,41.0,1,235.42
p1_E_W.121,873.0,28.21,0.0,0,279.2
p1_E_W.122,879.0,24.04,0.0,0,275.53
p1_N2_S2.88,880.0,46.49,34.0,1,224.17
p1_S2_N2.88,880.0,43.87,31.0,1,223.93
p1_E_W.123,886.0,18.78,0.0,0,260.12
p1_S2_N2.89,890.0,35.98,23.0,1,211.41
p1_N2_S2.89,890.0,38.38,26.0,1,226.12
p1_E_W.124,893.0,10.35,0.0,0,209.8
p1_S2_N2.90,900.0,29.37,14.0,1,207.76
p1_E_W.125,900.0,7.93,0.0,0,205.09
p1_N2_S2.90,900.0,29.04,17.0,1,203.21
p1_S2_N2.91,910.0,21.12,7.0,1,196.01
p1_S2_N2.92,920.0,12.96,0.0,0,175.0
p1_S2_N2.93,930.0,6.3,0.0,0,151.63
p1_N2_S2.91,910.0,21.41,7.0,1,196.42
p1_E_N1.30,903.0,8.16,0.0,0,204.63
p1_E_W.126,908.0,7.42,0.0,0,206.49
p1_N2_S2.92,920.0,19.96,3.0,1,196.79
p1_N2_S2.93,930.0,11.57,0.0,0,180.33
p1_N1_S1.89,890.0,53.84,42.0,1,242.2
p1_N1_S1.90,900.0,45.6,34.0,1,230.17
p1_S1_E.27,813.0,110.79,82.0,3,414.81
p1_S1_N1.89,890.0,49.11,39.0,1,229.72
p1_S1_N1.90,900.0,49.24,33.0,1,235.72
p1_N1_S1.91,910.0,35.49,24.0,1,208.88
p1_S1_E.28,843.0,76.4,49.0,3,355.95
p1_S1_N1.91,910.0,38.39,26.0,1,217.62
p1_N1_S1.92,920.0,29.83,16.0,1,215.55
p1_S1_E.29,873.0,50.22,27.0,2,313.22
p1_N1_S1.93,930.0,22.95,9.0,1,199.25
p1_N1_S1.94,940.0,14.53,0.0,0,192.35
p1_W_E.219,785.0,148.38,81.0,4,498.76
p1_W_S2.22,791.0,142.92,76.0,5,478.83
p1_W_E.220,788.0,147.05,80.0,4,495.79
p1_S1_N1.92,920.0,27.06,14.0,1,190.69
p1_N1_S1.95,950.0,6.27,0.0,0,150.51
p1_S1_N1.93,930.0,28.34,11.0,1,207.88
p1_S1_N1.94,940.0,20.09,3.0,1,202.85
p1_W_E.221,794.0,136.37,75.0,4,439.32
p1_S1_N1.95,950.0,11.87,0.0,0,183.55
p1_W_E.222,797.0,144.29,74.0,4,461.75
p1_W_E.223,800.0,142.97,74.0,4,464.93
p1_W_E.224,803.0,141.81,70.0,4,472.5
p1_N2_W.29,873.0,70.97,54.0,2,337.84
p1_W_E.225,806.0,140.52,67.0,4,454.3
p1_N2_W.30,902.0,44.36,22.0,2,299.44
p1_W_E.226,809.0,133.55,65.0,4,448.1
p1_N2_W.31,933.0,15.54,0.0,0,241.59
p1_E_W.127,915.0,33.68,19.0,1,271.53
p1_E_W.128,922.0,30.79,14.0,1,266.05
p1_E_W.129,929.0,26.11,8.0,1,269.05
p1_E_N1.31,932.0,25.41,7.0,1,257.77
p1_W_S2.23,825.0,130.8,52.0,3,407.27
p1_E_W.130,936.0,22.5,4.0,1,247.61
p1_W_E.227,812.0,118.7,60.0,3,394.2
p1_E_W.131,944.0,16.71,0.0,0,226.52
p1_W_E.228,816.0,146.28,58.0,3,427.5
p1_E_W.132,951.0,11.66,0.0,0,216.5
p1_W_E.229,819.0,145.01,57.0,3,428.39
p1_W_E.230,822.0,129.59,55.0,4,420.51
p1_W_E.231,832.0,135.9,53.0,3,435.12
p1_W_E.232,835.0,129.04,51.0,3,427.04
p1_W_E.233,838.0,133.5,49.0,4,453.8
p1_W_E.234,841.0,132.4,47.0,3,440.48
p1_W_E.235,844.0,124.53,48.0,4,427.42
p1_W_E.236,847.0,129.84,50.0,3,435.67
p1_E_N1.32,961.0,16.07,0.0,0,227.76
p1_E_W.133,958.0,7.53,0.0,0,199.84
p1_W_E.237,850.0,112.41,48.0,3,405.63
p1_S2_N2.94,940.0,63.16,53.0,1,258.85
p1_W_E.238,853.0,103.9,48.0,3,379.39
p1_N2_S2.94,940.0,60.56,49.0,1,252.83
p1_S2_N2.95,950.0,55.41,44.0,1,240.98
p1_S1_E.30,903.0,81.87,41.0,2,353.03
p1_N2_S2.95,950.0,58.35,44.0,1,264.44
p1_N2_S2.96,960.0,50.28,37.0,1,248.64
p1_S2_N2.96,960.0,44.84,33.0,1,224.31
p1_N1_S1.96,960.0,47.92,35.0,1,218.37
p1_N1_S1.97,970.0,42.54,29.0,1,230.03
p1_S2_N2.97,970.0,42.14,25.0,1,231.19
p1_S1_N1.96,960.0,45.72,34.0,1,222.74
p1_S1_N1.97,970.0,44.72,32.0,1,227.45
p1_N2_S2.97,970.0,44.0,24.0,1,230.86
p1_S2_N2.98,980.0,34.02,19.0,1,237.48
p1_S2_N2.99,990.0,25.71,11.0,1,236.37
p1_S1_N1.98,980.0,36.38,22.0,1,224.31
p1_N2_S2.98,980.0,36.17,20.0,1,215.09
p1_S2_N2.100,1000.0,17.48,3.0,1,221.05
p1_S1_N1.99,990.0,28.2,15.0,1,198.93
p1_N1_S1.98,980.0,28.84,17.0,1,201.79
p1_S2_N2.101,1010.0,9.3,0.0,0,198.87
p1_N1_S1.99,990.0,26.33,12.0,1,206.46
p1_N1_S1.100,1000.0,13.37,1.0,1,171.28
p1_S1_N1.100,1000.0,21.94,8.0,1,195.7
p1_N2_S2.99,990.0,21.86,6.0,1,184.98
p1_N1_S1.101,1010.0,10.28,0.0,0,168.75
p1_N1_S1.102,1020.0,5.27,0.0,0,147.22
p1_S1_E.31,933.0,72.38,40.0,3,348.55
p1_S1_N1.101,1010.0,11.56,0.0,0,174.37
p1_S1_N1.102,1020.0,6.16,0.0,0,152.69
p1_W_E.239,856.0,148.97,83.0,6,478.5
p1_W_E.240,859.0,151.04,79.0,4,473.49
p1_W_S2.24,862.0,143.48,77.0,4,459.71
p1_W_E.241,865.0,139.3,73.0,5,447.33
p1_W_E.242,868.0,153.61,73.0,5,472.83
p1_E_W.134,965.0,39.77,28.0,1,260.09
p1_W_E.243,871.0,152.38,69.0,4,476.78
p1_W_E.244,874.0,150.98,69.0,4,475.62
p1_E_W.135,972.0,52.52,28.0,1,281.57
p1_E_N1.33,990.0,35.34,19.0,1,259.9
p1_E_W.136,980.0,36.43,20.0,1,271.06
p1_W_E.245,877.0,138.33,67.0,5,446.69
p1_E_W.137,987.0,40.25,20.0,1,272.39
p1_W_E.246,880.0,149.14,63.0,4,451.6
p1_W_E.247,883.0,147.95,61.0,4,447.54
p1_W_E.248,886.0,130.4,55.0,4,411.61
p1_W_E.249,889.0,139.02,54.0,5,427.63
p1_W_E.250,892.0,140.19,51.0,4,430.73
p1_N2_W.32,963.0,46.53,26.0,1,289.09
p1_W_S2.25,895.0,130.76,51.0,3,414.44
p1_W_E.251,908.0,124.95,50.0,3,412.77
p1_N2_W.33,993.0,43.01,6.0,1,269.54
p1_E_N1.34,1020.0,21.66,1.0,1,250.05
p1_W_E.252,912.0,125.97,48.0,3,423.1
p1_E_W.138,994.0,42.52,21.0,1,273.52
p1_W_E.253,915.0,128.97,49.0,4,437.7
p1_E_W.139,1001.0,39.91,15.0,1,273.25
p1_W_E.254,918.0,127.76,49.0,3,422.02
p1_E_W.140,1008.0,20.45,6.0,1,242.12
p1_W_E.255,921.0,122.67,48.0,3,401.36
p1_E_W.141,1016.0,32.04,3.0,1,253.16
p1_S1_E.32,963.0,85.72,47.0,2,377.42
p1_E_W.142,1023.0,26.81,0.0,0,257.4
p1_S1_E.33,993.0,57.59,27.0,2,336.77
p1_E_W.143,1030.0,21.58,0.0,0,256.57
p1_W_E.256,924.0,128.88,61.0,3,463.47
p1_E_W.144,1037.0,16.25,0.0,0,240.36
p1_W_E.257,927.0,125.66,57.0,3,446.62
p1_E_W.145,1044.0,11.0,0.0,0,212.61
p1_N2_S2.100,1000.0,79.73,56.0,2,283.33
p1_S2_N2.102,1020.0,57.81,47.0,1,249.2
p1_S2_N2.103,1030.0,51.41,39.0,1,238.75
p1_N2_S2.101,1010.0,65.48,52.0,1,254.52
p1_S1_N1.103,1030.0,57.87,45.0,1,243.5
p1_N2_S2.102,1020.0,68.64,51.0,1,264.21
p1_S1_N1.104,1040.0,49.59,37.0,1,240.56
p1_S2_N2.104,1040.0,38.91,27.0,1,213.26
p1_S2_N2.105,1050.0,38.16,22.0,1,220.7
p1_N1_S1.103,1030.0,50.12,39.0,1,232.35
p1_N2_S2.103,1030.0,61.41,45.0,1,248.57
p1_S2_N2.106,1060.0,24.22,12.0,1,201.63
p1_N1_S1.104,1040.0,53.03,36.0,1,240.58
p1_N2_S2.104,1040.0,53.19,35.0,1,246.44
p1_S1_N1.105,1050.0,38.84,26.0,1,214.27
p1_S2_N2.107,1070.0,24.19,6.0,1,216.02
p1_N1_S1.105,1050.0,38.33,25.0,1,223.4
p1_N2_S2.105,1050.0,41.99,28.0,1,229.48
p1_N1_S1.106,1060.0,36.12,19.0,1,219.93
p1_S1_N1.106,1060.0,35.63,23.0,1,214.61
p1_S2_N2.108,1080.0,16.01,0.0,0,196.62
p1_N1_S1.107,1070.0,26.27,10.0,1,218.82
p1_S1_N1.107,1070.0,28.38,14.0,1,210.45
p1_S2_N2.109,1090.0,5.53,0.0,0,149.9
p1_N2_S2.106,1060.0,35.05,20.0,1,217.22
p1_N1_S1.108,1080.0,20.2,3.0,1,213.98
p1_N2_S2.107,1070.0,31.35,12.0,1,212.93
p1_N1_S1.109,1090.0,11.88,0.0,0,209.11
p1_S1_N1.108,1080.0,17.03,2.0,1,183.05
p1_N2_S2.108,1080.0,17.1,0.0,0,192.5
p1_S1_N1.109,1090.0,14.28,0.0,0,187.48
p1_N1_S1.110,1100.0,6.2,0.0,0,152.39
p1_W_E.258,930.0,153.54,81.0,4,494.61
p1_W_E.259,933.0,156.54,80.0,6,499.99
p1_W_E.260,936.0,154.74,76.0,5,497.83
p1_W_S2.26,939.0,154.33,73.0,5,488.88
p1_E_W.146,1053.0,40.96,22.0,1,279.34
p1_W_E.261,942.0,152.74,70.0,4,484.2
p1_E_N1.35,1050.0,34.16,23.0,1,255.9
p1_E_W.147,1059.0,36.83,21.0,1,259.79
p1_W_E.262,945.0,151.67,70.0,4,475.19
p1_E_W.148,1066.0,30.33,17.0,1,253.04
p1_W_E.263,948.0,148.86,69.0,4,474.83
p1_N2_W.34,1023.0,74.66,52.0,2,337.4
p1_W_E.264,951.0,146.59,73.0,5,458.09
p1_N2_W.35,1053.0,44.57,25.0,1,291.69
p1_W_E.265,954.0,145.07,70.0,5,458.4
p1_E_W.149,1073.0,35.23,23.0,1,264.08
p1_W_E.266,983.0,111.87,54.0,4,395.94
p1_E_W.150,1080.0,29.99,18.0,1,247.26
p1_W_E.267,986.0,117.5,54.0,3,412.46
p1_W_E.268,989.0,122.86,52.0,4,437.15
p1_E_N1.36,1083.0,30.6,16.0,1,263.68
p1_W_S2.27,998.0,116.29,49.0,3,416.45
p1_W_E.269,992.0,123.21,50.0,3,443.0
p1_E_W.151,1088.0,27.5,13.0,1,259.84
p1_W_E.270,995.0,119.04,50.0,3,424.24
p1_E_W.152,1095.0,22.42,6.0,1,248.1
p1_W_E.271,1001.0,117.59,49.0,4,423.46
p1_E_W.153,1102.0,17.15,3.0,1,244.06
p1_W_E.272,1004.0,116.31,49.0,3,429.44
p1_E_W.154,1109.0,11.9,0.0,0,227.86
p1_W_E.273,1007.0,114.98,47.0,3,438.44
p1_W_E.274,1010.0,109.54,47.0,3,412.52
p1_E_N1.37,1112.0,9.6,0.0,0,213.58
p1_S1_E.34,1023.0,91.11,68.0,2,345.9
p1_E_W.155,1116.0,6.96,0.0,0,192.74
p1_S1_E.35,1053.0,79.35,46.0,2,358.64
p1_E_W.156,1124.0,6.52,0.0,0,189.56
p1_S1_E.36,1083.0,44.76,14.0,2,316.77
p1_S2_N2.110,1100.0,53.96,41.0,1,239.93
p1_N2_S2.109,1090.0,66.6,47.0,1,275.59
p1_S2_N2.111,1110.0,48.71,35.0,1,232.77
p1_N2_S2.110,1100.0,59.66,46.0,1,254.11
p1_S2_N2.112,1120.0,40.39,28.0,1,223.22
p1_S2_N2.113,1130.0,31.6,18.0,1,207.28
p1_N2_S2.111,1110.0,49.33,38.0,1,230.04
p1_N1_S1.111,1110.0,48.68,38.0,1,225.9
p1_S2_N2.114,1140.0,23.71,10.0,1,195.06
p1_N1_S1.112,1120.0,45.73,31.0,1,241.24
p1_S1_N1.110,1100.0,56.06,45.0,1,235.16
p1_N1_S1.113,1130.0,37.61,24.0,1,227.34
p1_S2_N2.115,1150.0,14.02,2.0,1,182.26
p1_S1_N1.111,1110.0,48.25,37.0,1,230.2
p1_N1_S1.114,1140.0,28.26,16.0,1,219.65
p1_S2_N2.116,1160.0,8.79,0.0,0,170.46
p1_S1_N1.112,1120.0,49.99,35.0,1,235.07
p1_N2_S2.112,1120.0,43.46,29.0,1,232.49
p1_N1_S1.115,1150.0,21.09,6.0,1,211.19
p1_N2_S2.113,1130.0,42.12,23.0,1,225.39
p1_S1_N1.113,1130.0,34.39,22.0,1,206.29
p1_N2_S2.114,1140.0,33.84,15.0,1,222.9
p1_N1_S1.116,1160.0,8.49,0.0,0,167.74
p1_S1_N1.114,1140.0,36.05,17.0,1,216.88
p1_S2_N2.117,1170.0,6.23,0.0,0,150.55
p1_S1_N1.115,1150.0,27.7,11.0,1,208.63
p1_N1_S1.117,1170.0,5.93,0.0,0,148.48
p1_S1_N1.116,1160.0,19.44,2.0,1,193.76
p1_S1_N1.117,1170.0,10.64,0.0,0,185.11
p1_N2_S2.115,1150.0,17.58,3.0,1,187.11
p1_W_E.275,1013.0,143.78,80.0,5,474.05
p1_N2_S2.116,1160.0,22.59,0.0,0,194.84
p1_W_E.276,1016.0,142.11,79.0,5,475.26
p1_E_W.157,1131.0,37.29,25.0,1,261.18
p1_W_E.277,1019.0,144.86,75.0,4,493.01
p1_W_E.278,1022.0,148.41,74.0,4,495.95
p1_E_W.158,1138.0,32.43,18.0,1,253.39
p1_E_N1.38,1141.0,31.08,18.0,1,258.97
p1_W_E.279,1025.0,147.69,72.0,5,505.91
p1_W_E.280,1028.0,146.5,72.0,4,493.83
p1_W_S2.28,1030.0,145.66,69.0,5,474.93
p1_N2_W.36,1083.0,90.35,60.0,2,377.96
p1_N2_W.37,1113.0,63.78,39.0,2,327.57
p1_W_E.281,1034.0,139.95,62.0,3,458.08
p1_N2_W.38,1143.0,34.05,14.0,1,271.03
p1_W_E.282,1037.0,142.31,63.0,4,463.16
p1_W_E.283,1040.0,141.79,61.0,3,462.58
p1_W_E.284,1043.0,140.31,62.0,3,464.2
p1_W_E.285,1046.0,137.73,60.0,3,457.1
p1_E_W.159,1145.0,37.84,25.0,1,262.85
p1_W_E.286,1055.0,124.02,59.0,3,417.12
p1_E_W.160,1152.0,37.96,22.0,1,265.8
p1_W_E.287,1058.0,123.76,58.0,3,414.52
p1_E_W.161,1160.0,25.43,12.0,1,245.36
p1_W_E.288,1061.0,130.2,58.0,3,434.89
p1_E_W.162,1167.0,27.87,9.0,1,248.0
p1_E_N1.39,1170.0,24.9,7.0,1,246.05
p1_W_E.289,1064.0,130.86,56.0,3,441.64
p1_W_E.290,1067.0,129.98,52.0,3,446.76
p1_E_W.163,1174.0,22.56,5.0,1,258.35
p1_W_E.291,1073.0,125.83,50.0,3,448.0
p1_E_W.164,1181.0,17.54,0.0,0,257.92
p1_W_S2.29,1070.0,122.04,50.0,3,431.8
p1_S1_E.37,1113.0,87.66,55.0,2,345.45
p1_S1_E.38,1143.0,59.31,31.0,2,327.93
p1_S1_E.39,1173.0,28.88,9.0,1,264.16
p1_E_W.165,1188.0,8.31,0.0,0,194.49
p1_E_W.166,1196.0,11.18,0.0,0,201.43
p1_W_E.292,1076.0,125.58,63.0,5,444.25
p1_W_E.293,1079.0,131.53,57.0,4,447.72
p1_W_E.294,1081.0,124.65,55.0,5,445.04
p1_E_N1.40,1200.0,8.59,0.0,0,208.31
p1_S2_N2.118,1180.0,56.66,45.0,1,246.41
p1_E_W.167,1203.0,9.45,0.0,0,216.15
p1_N2_S2.117,1170.0,62.6,52.0,1,256.38
p1_S2_N2.119,1190.0,47.45,37.0,1,227.23
p1_N2_S2.118,1180.0,59.47,47.0,1,244.29
p1_N1_S1.118,1180.0,62.6,52.0,1,261.21
p1_S1_N1.118,1180.0,61.84,52.0,1,251.39
p1_S2_N2.120,1200.0,41.8,28.0,1,226.29
p1_N2_S2.119,1190.0,53.01,39.0,1,249.18
p1_S2_N2.121,1210.0,33.48,20.0,1,217.24
p1_S1_N1.119,1190.0,54.45,44.0,1,244.37
p1_N1_S1.119,1190.0,54.88,42.0,1,248.23
p1_N2_S2.120,1200.0,44.97,30.0,1,238.32
p1_S2_N2.122,1220.0,25.2,12.0,1,211.46
p1_N1_S1.120,1200.0,46.75,34.0,1,229.12
p1_S2_N2.123,1230.0,16.95,4.0,1,199.67
p1_N1_S1.121,1210.0,38.55,27.0,1,226.41
p1_S2_N2.124,1240.0,8.63,0.0,0,178.79
p1_S1_N1.120,1200.0,42.95,32.0,1,225.1
p1_N1_S1.122,1220.0,30.54,18.0,1,204.63
p1_S1_N1.121,1210.0,42.49,27.0,1,214.19
p1_N2_S2.121,1210.0,36.48,23.0,1,211.58
p1_N1_S1.123,1230.0,22.34,9.0,1,188.28
p1_N2_S2.122,1220.0,33.76,16.0,1,214.99
p1_S1_N1.122,1220.0,34.17,18.0,1,216.58
p1_N1_S1.124,1240.0,14.49,0.0,0,182.26
p1_N2_S2.123,1230.0,25.48,7.0,1,211.1
p1_N1_S1.125,1250.0,6.23,0.0,0,155.08
p1_S1_N1.123,1230.0,21.75,8.0,1,186.41
p1_N2_S2.124,1240.0,17.95,1.0,1,190.54
p1_S1_N1.124,1240.0,19.43,3.0,1,191.21
p1_S2_N2.125,1250.0,5.82,0.0,0,147.62
p1_S1_N1.125,1250.0,11.13,0.0,0,175.35
p1_W_E.295,1084.0,158.65,83.0,6,491.65
p1_N1_S1.126,1260.0,5.73,0.0,0,147.5
p1_W_E.296,1087.0,158.11,83.0,7,489.2
p1_S1_N1.126,1260.0,6.25,0.0,0,147.75
p1_W_E.297,1090.0,156.93,76.0,5,489.42
p1_W_E.298,1093.0,155.61,74.0,4,486.73
p1_E_W.168,1210.0,43.78,32.0,1,264.99
p1_W_E.299,1096.0,148.2,73.0,4,464.65
p1_W_S2.30,1102.0,153.3,72.0,4,471.82
p1_E_W.169,1217.0,39.07,27.0,1,262.47
p1_W_E.300,1099.0,157.6,73.0,4,497.83
p1_N2_W.39,1173.0,82.9,63.0,2,348.88
p1_N2_W.40,1203.0,56.83,33.0,2,311.2
p1_W_E.301,1105.0,146.94,72.0,4,465.31
p1_W_E.302,1108.0,152.47,68.0,4,472.4
p1_W_E.303,1125.0,134.48,60.0,3,461.72
p1_W_E.304,1128.0,138.43,59.0,3,476.64
p1_N2_W.41,1233.0,21.39,2.0,1,249.56
p1_W_E.305,1131.0,137.04,56.0,4,458.99
p1_W_E.306,1134.0,134.5,55.0,5,452.27
p1_W_E.307,1137.0,133.58,56.0,4,460.17
p1_E_W.170,1224.0,38.6,27.0,1,259.1
p1_W_E.308,1140.0,133.5,56.0,3,457.85
p1_W_E.309,1143.0,129.36,53.0,4,453.8
p1_E_W.171,1233.0,42.79,20.0,1,278.31
p1_W_E.310,1146.0,130.58,53.0,3,447.58
p1_W_S2.31,1149.0,127.94,51.0,3,435.53
p1_S1_E.40,1202.0,76.71,46.0,2,345.31
p1_E_N1.41,1230.0,34.17,20.0,1,259.9
p1_E_W.172,1239.0,35.38,15.0,1,271.76
p1_E_W.173,1246.0,35.84,13.0,1,278.01
p1_E_W.174,1253.0,28.51,9.0,1,280.54
p1_S1_E.41,1233.0,40.05,15.0,2,292.6
p1_E_W.175,1260.0,25.29,3.0,1,295.48
p1_E_N1.42,1263.0,23.1,1.0,1,278.48
p1_S1_E.42,1263.0,24.39,0.0,0,259.57
p1_E_W.176,1268.0,19.61,0.0,0,266.51
p1_E_W.177,1275.0,14.42,0.0,0,236.74
p1_N2_S2.125,1250.0,62.38,49.0,1,251.47
p1_W_E.311,1152.0,120.85,65.0,4,401.82
p1_E_W.178,1282.0,9.2,0.0,0,214.53
p1_N2_S2.126,1260.0,54.37,43.0,1,240.23
p1_S2_N2.126,1260.0,50.27,40.0,1,238.61
p1_E_W.179,1289.0,6.56,0.0,0,194.62
p1_S2_N2.127,1270.0,41.29,29.0,1,226.53
p1_S2_N2.128,1280.0,39.55,23.0,1,227.87
p1_S2_N2.129,1290.0,32.38,15.0,1,214.1
p1_N2_S2.127,1270.0,43.87,31.0,1,220.67
p1_N1_S1.127,1270.0,53.85,42.0,1,237.44
p1_S1_N1.127,1270.0,53.92,43.0,1,238.91
p1_S2_N2.130,1300.0,22.85,8.0,1,209.1
p1_N2_S2.128,1280.0,37.55,24.0,1,215.37
p1_S2_N2.131,1310.0,16.06,0.0,0,201.71
p1_N1_S1.128,1280.0,44.03,32.0,1,224.75
p1_N2_S2.129,1290.0,37.03,20.0,1,225.95
p1_N1_S1.129,1290.0,38.6,25.0,1,218.16
p1_S2_N2.132,1320.0,7.88,0.0,0,167.61
p1_N2_S2.130,1300.0,27.0,12.0,1,209.89
p1_N1_S1.130,1300.0,30.28,16.0,1,216.5
p1_N2_S2.131,1310.0,20.63,5.0,1,199.35
p1_N1_S1.131,1310.0,22.09,10.0,1,209.71
p1_N2_S2.132,1320.0,8.49,0.0,0,172.76
p1_N1_S1.132,1320.0,13.77,0.0,0,186.85
p1_S1_N1.128,1280.0,36.76,25.0,1,207.15
p1_N1_S1.133,1330.0,6.22,0.0,0,149.23
p1_S1_N1.129,1290.0,42.52,22.0,1,219.24
p1_S1_N1.130,1300.0,40.24,18.0,1,232.07
p1_W_E.312,1155.0,160.79,93.0,5,476.64
p1_W_E.313,1158.0,164.32,92.0,4,483.85
p1_W_E.314,1161.0,163.02,88.0,4,498.69
p1_W_E.315,1164.0,158.1,85.0,5,475.68
p1_S1_N1.131,1310.0,13.66,0.0,0,175.54
p1_W_E.316,1166.0,161.87,81.0,5,477.11
p1_S1_N1.132,1320.0,21.67,0.0,0,181.42
p1_W_E.317,1169.0,160.58,78.0,5,481.42
p1_S1_N1.133,1330.0,20.94,0.0,0,200.05
p1_S1_N1.134,1340.0,9.49,0.0,0,156.38
p1_W_E.318,1173.0,155.4,77.0,4,476.24
p1_W_E.319,1176.0,158.63,75.0,4,498.47
p1_W_E.320,1179.0,157.54,70.0,4,479.16
p1_E_W.180,1296.0,41.14,19.0,1,262.32
p1_N2_W.42,1263.0,76.23,56.0,2,334.08
p1_W_E.321,1185.0,155.59,70.0,4,471.92
p1_N2_W.43,1293.0,48.02,27.0,2,306.25
p1_W_S2.32,1182.0,152.48,70.0,4,476.22
p1_E_N1.43,1292.0,31.36,20.0,1,248.04
p1_W_E.322,1202.0,140.44,60.0,3,443.41
p1_N2_W.44,1323.0,19.73,2.0,1,246.85
p1_W_E.323,1205.0,139.24,61.0,4,425.75
p1_E_W.181,1304.0,40.5,25.0,1,279.47
p1_W_E.324,1208.0,138.02,59.0,4,441.07
p1_E_W.182,1311.0,35.18,20.0,1,270.86
p1_W_E.325,1211.0,133.34,58.0,3,411.6
p1_E_W.183,1318.0,27.03,11.0,1,249.25
p1_W_E.326,1214.0,132.97,58.0,3,419.09
p1_E_N1.44,1321.0,30.42,11.0,1,274.86
p1_W_E.327,1217.0,132.07,58.0,3,419.1
p1_W_E.328,1220.0,134.83,59.0,3,437.21
p1_W_E.329,1223.0,133.64,58.0,3,427.57
p1_E_W.184,1325.0,20.17,8.0,1,230.44
p1_W_E.330,1226.0,129.79,55.0,3,429.36
p1_W_S2.33,1229.0,129.93,56.0,3,435.68
p1_E_W.185,1332.0,26.59,5.0,1,254.07
p1_E_W.186,1340.0,16.76,0.0,0,250.25
p1_E_N1.45,1350.0,10.76,0.0,0,233.56
p1_E_W.187,1347.0,15.1,0.0,0,238.25
p1_W_E.331,1232.0,126.04,54.0,3,412.04
p1_E_W.188,1354.0,9.88,0.0,0,229.11
p1_N2_S2.133,1330.0,58.47,47.0,1,254.22
p1_S2_N2.133,1330.0,58.23,48.0,1,250.17
p1_N2_S2.134,1340.0,50.54,38.0,1,236.4
p1_N2_S2.135,1350.0,43.07,31.0,1,234.77
p1_S2_N2.134,1340.0,47.56,35.0,1,226.86
p1_S2_N2.135,1350.0,46.27,30.0,1,233.1
p1_N2_S2.136,1360.0,37.32,23.0,1,218.86
p1_S2_N2.136,1360.0,38.0,23.0,1,234.63
p1_N2_S2.137,1370.0,29.1,15.0,1,205.05
p1_N2_S2.138,1380.0,20.32,8.0,1,189.76
p1_S2_N2.137,1370.0,20.56,9.0,1,192.14
p1_S1_N1.135,1350.0,45.52,35.0,1,225.23
p1_S2_N2.138,1380.0,20.32,3.0,1,189.53
p1_S1_N1.136,1360.0,44.92,31.0,1,226.62
p1_N1_S1.134,1340.0,54.02,42.0,1,241.21
p1_N2_S2.139,1390.0,16.12,0.0,0,200.82
p1_S2_N2.139,1390.0,15.91,0.0,0,196.95
p1_S1_N1.137,1370.0,32.79,21.0,1,206.08
p1_S2_N2.140,1400.0,7.13,0.0,0,168.83
p1_N1_S1.135,1350.0,56.86,41.0,1,245.25
p1_N2_S2.140,1400.0,8.33,0.0,0,168.98
p1_S1_N1.138,1380.0,27.67,15.0,1,206.23
p1_N1_S1.136,1360.0,50.07,32.0,1,232.42
p1_N1_S1.137,1370.0,41.66,22.0,1,227.05
p1_N1_S1.138,1380.0,28.73,12.0,1,211.12
p1_N1_S1.139,1390.0,25.22,7.0,1,209.6
p1_S1_N1.139,1390.0,18.01,4.0,1,191.46
p1_N1_S1.140,1400.0,16.85,0.0,0,203.89
p1_S1_N1.140,1400.0,13.83,0.0,0,185.61
p1_S1_E.43,1293.0,98.66,67.0,3,390.34
p1_N1_S1.141,1410.0,8.71,0.0,0,166.4
p1_S1_N1.141,1410.0,9.24,0.0,0,168.77
p1_S1_E.44,1323.0,74.71,39.0,2,358.96
p1_W_E.332,1235.0,162.54,95.0,5,494.39
p1_W_E.333,1238.0,163.91,90.0,4,515.8
p1_W_E.334,1241.0,162.63,89.0,4,503.37
p1_W_E.335,1244.0,161.35,88.0,4,499.34
p1_W_E.336,1247.0,159.33,86.0,4,486.72
p1_W_E.337,1250.0,155.94,85.0,4,475.98
p1_W_E.338,1253.0,158.79,84.0,5,487.24
p1_E_W.189,1361.0,32.39,21.0,1,253.02
p1_E_W.190,1368.0,46.61,20.0,1,272.85
p1_E_W.191,1376.0,37.79,17.0,1,264.47
p1_W_S2.34,1280.0,137.43,70.0,4,437.15
p1_N2_W.45,1353.0,65.02,39.0,2,323.43
p1_W_E.339,1256.0,146.99,83.0,5,451.92
p1_W_E.340,1277.0,143.62,70.0,4,451.98
p1_E_N1.46,1380.0,39.55,23.0,1,279.64
p1_N2_W.46,1383.0,25.4,2.0,1,273.9
p1_W_E.341,1283.0,138.47,67.0,3,461.16
p1_W_E.342,1286.0,138.08,68.0,4,459.2
p1_W_E.343,1289.0,136.79,66.0,3,453.37
p1_W_E.344,1292.0,135.54,66.0,3,451.56
p1_E_W.192,1383.0,32.18,19.0,1,247.87
p1_W_E.345,1295.0,130.69,64.0,4,432.39
p1_W_E.346,1298.0,133.07,62.0,3,438.48
p1_E_W.193,1390.0,40.88,18.0,1,271.8
p1_W_E.347,1301.0,131.86,61.0,4,443.69
p1_E_W.194,1397.0,33.83,12.0,1,283.83
p1_E_W.195,1404.0,17.46,4.0,1,226.15
p1_E_N1.47,1410.0,19.35,2.0,1,233.95
p1_W_E.348,1304.0,121.2,60.0,3,411.83
p1_E_W.196,1413.0,24.47,1.0,1,257.44
p1_W_E.349,1307.0,131.64,60.0,3,424.57
p1_S1_E.45,1353.0,84.35,55.0,2,356.73
p1_E_W.197,1419.0,10.76,0.0,0,222.2
p1_S1_E.46,1383.0,58.96,28.0,2,334.18
p1_E_W.198,1426.0,16.75,0.0,0,232.34
p1_S1_E.47,1413.0,29.74,6.0,1,280.35
p1_W_E.350,1310.0,132.37,69.0,5,457.18
p1_S2_N2.141,1410.0,59.64,47.0,1,253.08
p1_E_W.199,1433.0,6.82,0.0,0,199.04
p1_N2_S2.141,1410.0,57.24,47.0,1,249.5
p1_E_W.200,1440.0,7.39,0.0,0,190.88
p1_S2_N2.142,1420.0,52.17,40.0,1,230.01
p1_N2_S2.142,1420.0,52.92,41.0,1,241.9
p1_S2_N2.143,1430.0,43.21,32.0,1,226.6
p1_N1_S1.142,1420.0,55.34,45.0,1,245.57
p1_S1_N1.142,1420.0,55.53,44.0,1,242.13
p1_N1_S1.143,1430.0,47.01,37.0,1,233.49
p1_S2_N2.144,1440.0,35.24,22.0,1,209.66
p1_S1_N1.143,1430.0,46.03,34.0,1,224.85
p1_N2_S2.143,1430.0,41.45,29.0,1,214.65
p1_S2_N2.145,1450.0,26.48,14.0,1,196.46
p1_S1_N1.144,1440.0,40.58,26.0,1,223.06
p1_N2_S2.144,1440.0,40.72,25.0,1,233.1
p1_S2_N2.146,1460.0,20.77,6.0,1,189.85
p1_N1_S1.144,1440.0,36.95,25.0,1,215.03
p1_N2_S2.145,1450.0,31.66,17.0,1,210.07
p1_N1_S1.145,1450.0,28.07,15.0,1,196.4
p1_N2_S2.146,1460.0,25.43,10.0,1,220.9
p1_S1_N1.145,1450.0,30.07,17.0,1,196.86
p1_N1_S1.146,1460.0,19.71,8.0,1,184.62
p1_S2_N2.147,1470.0,7.72,0.0,0,155.59
p1_S1_N1.146,1460.0,28.04,11.0,1,201.45
p1_N1_S1.147,1470.0,18.7,3.0,1,190.52
p1_S2_N2.148,1480.0,8.71,0.0,0,158.37
p1_S1_N1.147,1470.0,19.76,4.0,1,201.2
p1_N2_S2.147,1470.0,12.44,0.0,0,163.82
p1_N1_S1.148,1480.0,6.53,0.0,0,160.84
p1_W_S2.35,1313.0,157.76,88.0,4,495.3
p1_W_E.351,1316.0,156.97,88.0,6,494.56
p1_S1_N1.148,1480.0,9.24,0.0,0,171.03
p1_E_N1.48,1443.0,33.44,21.0,1,260.85
p1_W_E.352,1319.0,146.94,85.0,6,471.84
p1_W_E.353,1322.0,160.47,85.0,4,483.91
p1_W_E.354,1325.0,157.18,84.0,5,485.48
p1_E_W.201,1448.0,23.36,9.0,1,247.39
p1_W_E.355,1328.0,153.46,81.0,5,492.12
p1_E_W.202,1455.0,23.86,7.0,1,253.72
p1_W_E.356,1331.0,156.69,77.0,4,489.89
p1_N2_W.47,1413.0,74.71,50.0,2,356.89
p1_W_E.357,1334.0,149.33,75.0,4,479.45
p1_N2_W.48,1443.0,38.06,20.0,1,289.7
p1_W_E.358,1337.0,140.83,76.0,4,430.02
p1_W_E.359,1364.0,129.66,58.0,3,417.32
p1_E_W.203,1462.0,31.2,20.0,1,251.48
p1_W_E.360,1367.0,127.34,55.0,3,424.86
p1_E_W.204,1469.0,26.82,15.0,1,242.83
p1_W_E.361,1373.0,124.17,56.0,4,421.17
p1_W_S2.36,1370.0,115.17,56.0,4,403.23
p1_E_N1.49,1472.0,27.03,12.0,1,258.43
p1_W_E.362,1376.0,118.5,55.0,3,419.79
p1_E_W.205,1476.0,23.68,9.0,1,248.17
p1_W_E.363,1379.0,113.33,51.0,3,407.2
p1_E_W.206,1484.0,15.45,2.0,1,231.27
p1_W_E.364,1382.0,111.38,52.0,3,401.63
p1_W_E.365,1385.0,117.47,49.0,3,416.96
p1_E_W.207,1491.0,9.28,0.0,0,212.63
p1_W_E.366,1388.0,122.06,49.0,3,449.39
p1_E_N1.50,1501.0,8.89,0.0,0,211.58
p1_E_W.208,1498.0,12.38,0.0,0,210.47
p1_S1_E.48,1443.0,68.68,36.0,2,338.71
p1_E_W.209,1505.0,7.44,0.0,0,194.05
p1_S1_E.49,1473.0,31.03,6.0,1,288.67
p1_W_E.367,1391.0,115.42,58.0,3,439.5
p1_W_E.368,1394.0,118.65,56.0,3,438.61
p1_W_E.369,1397.0,122.19,52.0,3,458.77
p1_S2_N2.149,1490.0,55.42,45.0,1,248.83
p1_E_W.210,1512.0,7.9,0.0,0,191.32
p1_S2_N2.150,1500.0,46.58,34.0,1,231.4
p1_W_E.370,1400.0,100.77,50.0,3,380.86
p1_N2_S2.148,1480.0,64.93,52.0,1,262.67
p1_S1_N1.149,1490.0,61.99,51.0,1,249.21
p1_N2_S2.149,1490.0,57.74,45.0,1,242.93
p1_S1_N1.150,1500.0,53.56,41.0,1,239.42
p1_N2_S2.150,1500.0,54.92,38.0,1,258.46
p1_N1_S1.149,1490.0,55.3,44.0,1,239.24
p1_N2_S2.151,1510.0,47.7,33.0,1,236.34
p1_S2_N2.151,1510.0,32.66,19.0,1,208.92
p1_N1_S1.150,1500.0,59.9,42.0,1,252.74
p1_S1_N1.151,1510.0,46.49,33.0,1,224.42
p1_N2_S2.152,1520.0,39.79,25.0,1,222.94
p1_S2_N2.152,1520.0,40.3,18.0,1,216.36
p1_N1_S1.151,1510.0,50.97,34.0,1,243.35
p1_S2_N2.153,1530.0,25.67,7.0,1,199.96
p1_N1_S1.152,1520.0,43.38,23.0,1,229.12
p1_S1_N1.152,1520.0,37.74,24.0,1,210.4
p1_N2_S2.153,1530.0,29.72,14.0,1,204.64
p1_S2_N2.154,1540.0,15.82,0.0,0,192.95
p1_N1_S1.153,1530.0,29.45,13.0,1,203.29
p1_S2_N2.155,1550.0,15.67,0.0,0,183.94
p1_S1_N1.153,1530.0,29.25,16.0,1,193.96
p1_N1_S1.154,1540.0,27.06,8.0,1,202.69
p1_S1_N1.154,1540.0,27.56,11.0,1,206.43
p1_N2_S2.154,1540.0,24.13,7.0,1,196.03
p1_N1_S1.155,1550.0,18.72,0.0,0,203.01
p1_S2_N2.156,1560.0,6.03,0.0,0,152.18
p1_N1_S1.156,1560.0,10.55,0.0,0,168.09
p1_N2_S2.155,1550.0,15.66,0.0,0,186.53
p1_W_S2.37,1403.0,148.48,77.0,4,459.65
p1_S1_N1.155,1550.0,15.42,0.0,0,185.66
p1_W_E.371,1406.0,147.92,76.0,4,448.57
p1_S1_N1.156,1560.0,15.04,0.0,0,179.96
p1_E_W.211,1520.0,37.58,26.0,1,264.06
p1_E_N1.51,1530.0,32.01,13.0,1,265.56
p1_E_W.212,1527.0,26.28,13.0,1,240.27
p1_W_E.372,1409.0,132.8,71.0,4,435.17
p1_E_W.213,1534.0,31.38,12.0,1,269.15
p1_N2_W.49,1473.0,92.88,63.0,2,364.15
p1_W_E.373,1412.0,155.44,71.0,4,459.04
p1_W_E.374,1415.0,151.49,67.0,4,459.4
p1_N2_W.50,1503.0,61.01,38.0,2,311.31
p1_W_E.375,1418.0,152.87,65.0,5,459.98
p1_N2_W.51,1533.0,38.12,13.0,1,281.48
p1_W_E.376,1421.0,147.04,62.0,4,473.22
p1_W_E.377,1424.0,150.46,59.0,4,471.21
p1_W_S2.38,1448.0,126.25,50.0,3,416.24
p1_E_W.214,1541.0,33.87,21.0,1,259.21
p1_W_E.378,1427.0,149.37,59.0,4,459.35
p1_W_E.379,1430.0,141.61,57.0,4,468.57
p1_W_E.380,1445.0,134.86,49.0,3,435.61
p1_W_E.381,1451.0,130.63,51.0,4,448.85
p1_W_E.382,1454.0,129.31,52.0,5,451.79
p1_E_W.215,1548.0,26.32,13.0,1,244.56
p1_E_W.216,1556.0,29.42,8.0,1,264.47
p1_W_E.383,1457.0,113.22,50.0,3,394.24
p1_E_W.217,1563.0,25.66,0.0,0,252.8
p1_E_N1.52,1560.0,17.67,1.0,1,232.78
p1_W_E.384,1460.0,107.6,48.0,3,375.31
p1_E_W.218,1570.0,19.31,0.0,0,245.99
p1_W_E.385,1463.0,130.17,47.0,3,395.69
p1_W_E.386,1466.0,116.75,48.0,3,413.57
p1_E_W.219,1577.0,10.27,0.0,0,224.39
p1_W_E.387,1469.0,122.42,47.0,3,431.18
p1_E_W.220,1584.0,10.08,0.0,0,203.54
p1_S1_E.50,1502.0,85.67,56.0,2,372.49
p1_E_N1.53,1590.0,8.22,0.0,0,215.64
p1_E_W.221,1593.0,7.17,0.0,0,207.98
p1_S1_E.51,1533.0,64.8,27.0,2,342.37
p1_S1_E.52,1563.0,38.95,5.0,1,310.43
p1_W_E.388,1472.0,118.97,57.0,5,437.85
p1_W_E.389,1475.0,130.92,52.0,3,451.61
p1_S2_N2.157,1570.0,56.92,45.0,1,253.03
p1_E_W.222,1599.0,6.68,0.0,0,192.41
p1_W_E.390,1478.0,129.62,51.0,3,462.0
p1_N2_S2.156,1560.0,63.34,52.0,1,255.23
p1_N1_S1.157,1570.0,62.19,50.0,1,258.22
p1_N2_S2.157,1570.0,58.97,46.0,1,243.97
p1_S2_N2.158,1580.0,44.74,32.0,1,224.8
p1_S1_N1.157,1570.0,61.75,51.0,1,248.2
p1_N2_S2.158,1580.0,54.97,39.0,1,246.67
p1_S2_N2.159,1590.0,44.97,28.0,1,238.69
p1_S1_N1.158,1580.0,55.52,42.0,1,245.25
p1_N2_S2.159,1590.0,46.53,32.0,1,239.29
p1_N1_S1.158,1580.0,51.61,40.0,1,236.96
p1_S2_N2.160,1600.0,32.02,18.0,1,221.76
p1_S1_N1.159,1590.0,48.05,34.0,1,232.11
p1_N1_S1.159,1590.0,44.19,32.0,1,230.83
p1_S2_N2.161,1610.0,22.8,10.0,1,202.68
p1_S2_N2.162,1620.0,20.55,3.0,1,205.29
p1_N1_S1.160,1600.0,40.05,26.0,1,227.67
p1_S1_N1.160,1600.0,40.88,27.0,1,232.61
p1_S2_N2.163,1630.0,12.29,0.0,0,176.58
p1_N1_S1.161,1610.0,29.49,17.0,1,215.45
p1_N1_S1.162,1620.0,24.61,9.0,1,215.36
p1_N2_S2.160,1600.0,33.82,19.0,1,205.67
p1_S1_N1.161,1610.0,30.01,16.0,1,201.92
p1_N1_S1.163,1630.0,9.69,0.0,0,162.54
p1_N2_S2.161,1610.0,33.24,15.0,1,212.27
p1_S1_N1.162,1620.0,28.26,10.0,1,212.74
p1_N1_S1.164,1640.0,8.94,0.0,0,158.68
p1_N2_S2.162,1620.0,30.04,7.0,1,218.19
p1_S1_N1.163,1630.0,20.31,3.0,1,195.33
p1_N2_S2.163,1630.0,19.72,0.0,0,201.18
p1_N2_S2.164,1640.0,13.58,0.0,0,178.26
p1_W_S2.39,1481.0,147.5,76.0,4,467.41
p1_W_E.391,1484.0,151.05,73.0,4,461.08
p1_N1_S1.165,1650.0,6.28,0.0,0,153.32
p1_W_E.392,1487.0,150.36,70.0,4,444.94
p1_W_E.393,1490.0,149.05,68.0,4,461.32
p1_W_E.394,1493.0,147.92,67.0,4,462.58
p1_S1_N1.164,1640.0,7.08,0.0,0,150.45
p1_W_E.395,1496.0,146.72,63.0,4,458.03
p1_E_W.223,1606.0,37.77,25.0,1,260.99
p1_S1_N1.165,1650.0,15.26,0.0,0,167.48
p1_W_E.396,1499.0,145.49,63.0,4,451.34
p1_E_W.224,1613.0,32.67,21.0,1,259.84
p1_W_E.397,1515.0,126.91,56.0,3,423.31
p1_W_E.398,1518.0,132.4,54.0,3,428.66
p1_N2_W.52,1563.0,77.95,58.0,2,331.82
p1_W_E.399,1521.0,131.17,53.0,3,442.89
p1_N2_W.53,1593.0,59.32,33.0,2,327.31
p1_N2_W.54,1623.0,30.93,5.0,1,279.84
p1_W_S2.40,1527.0,128.18,51.0,3,422.88
p1_W_E.400,1524.0,119.46,54.0,3,390.27
p1_W_E.401,1530.0,121.42,50.0,3,411.82
p1_E_W.225,1620.0,32.8,22.0,1,253.5
p1_E_N1.54,1623.0,37.02,20.0,1,277.51
p1_W_E.402,1533.0,126.28,49.0,3,425.02
p1_W_E.403,1536.0,117.56,47.0,4,416.86
p1_E_W.226,1628.0,28.64,15.0,1,251.14
p1_W_E.404,1539.0,117.5,45.0,3,424.12
p1_W_E.405,1542.0,126.4,46.0,3,457.28
p1_E_W.227,1635.0,22.07,9.0,1,240.72
p1_E_W.228,1642.0,27.95,7.0,1,253.07
p1_W_E.406,1545.0,115.45,47.0,3,448.23
p1_S1_E.53,1593.0,78.71,48.0,2,361.11
p1_S1_E.54,1623.0,45.37,15.0,2,314.11
p1_E_W.229,1649.0,12.64,0.0,0,216.6
p1_E_W.230,1656.0,19.11,0.0,0,237.24
p1_W_E.407,1548.0,122.38,60.0,3,434.03
p1_E_N1.55,1652.0,13.05,0.0,0,223.66
p1_W_E.408,1551.0,126.66,58.0,3,467.27
p1_W_E.409,1554.0,125.22,55.0,3,450.11
p1_N2_S2.165,1650.0,53.14,42.0,1,248.41
p1_S2_N2.164,1640.0,58.6,47.0,1,250.31
p1_N2_S2.166,1660.0,47.08,34.0,1,229.12
p1_S2_N2.165,1650.0,58.65,43.0,1,248.11
p1_S2_N2.166,1660.0,50.33,34.0,1,248.91
p1_N2_S2.167,1670.0,37.61,25.0,1,218.19
p1_E_W.231,1664.0,8.67,0.0,0,196.08
p1_S2_N2.167,1670.0,42.05,26.0,1,252.15
p1_N2_S2.168,1680.0,31.88,17.0,1,215.49
p1_N1_S1.166,1660.0,52.99,43.0,1,241.87
p1_N1_S1.167,1670.0,44.75,34.0,1,224.47
p1_E_W.232,1671.0,14.38,0.0,0,209.28
p1_S2_N2.168,1680.0,33.86,18.0,1,237.01
p1_S1_N1.166,1660.0,55.53,44.0,1,246.16
p1_S2_N2.169,1690.0,23.6,9.0,1,218.64
p1_N2_S2.169,1690.0,24.08,8.0,1,200.05
p1_S2_N2.170,1700.0,17.39,1.0,1,203.44
p1_S1_N1.167,1670.0,48.0,35.0,1,234.58
p1_S1_N1.168,1680.0,39.77,27.0,1,221.63
p1_N2_S2.170,1700.0,19.31,3.0,1,214.08
p1_S2_N2.171,1710.0,9.13,0.0,0,174.14
p1_S1_N1.169,1690.0,34.53,20.0,1,204.63
p1_N2_S2.171,1710.0,6.11,0.0,0,155.99
p1_N1_S1.168,1680.0,28.75,17.0,1,198.34
p1_S2_N2.172,1720.0,5.27,0.0,0,142.02
p1_N1_S1.169,1690.0,36.86,17.0,1,217.56
p1_N1_S1.170,1700.0,28.49,8.0,1,212.12
p1_S1_N1.170,1700.0,24.61,9.0,1,196.71
p1_W_E.410,1557.0,151.5,79.0,4,462.75
p1_N1_S1.171,1710.0,19.26,0.0,0,196.8
p1_S1_N1.171,1710.0,17.08,2.0,1,185.0
p1_N1_S1.172,1720.0,12.04,0.0,0,163.04
p1_S1_N1.172,1720.0,13.49,0.0,0,186.78
p1_W_S2.41,1560.0,148.47,79.0,4,469.85
p1_S1_N1.173,1730.0,5.4,0.0,0,152.8
p1_W_E.411,1563.0,144.52,77.0,4,446.63
p1_W_E.412,1566.0,151.61,73.0,4,465.38
p1_W_E.413,1568.0,151.31,75.0,5,459.54
p1_E_W.233,1678.0,41.73,29.0,1,266.57
p1_W_E.414,1586.0,131.32,64.0,3,437.77
p1_E_N1.56,1681.0,40.24,29.0,1,270.17
p1_W_E.415,1590.0,132.85,62.0,3,455.66
p1_W_E.416,1593.0,131.6,63.0,3,450.46
p1_E_W.234,1685.0,39.5,26.0,1,263.29
p1_W_E.417,1595.0,128.09,62.0,4,435.87
p1_N2_W.55,1653.0,73.03,53.0,2,330.56
p1_W_E.418,1599.0,129.13,59.0,3,455.07
p1_N2_W.56,1683.0,44.91,19.0,2,293.63
p1_W_E.419,1602.0,127.91,60.0,3,455.07
p1_N2_W.57,1713.0,16.32,0.0,0,228.79
p1_W_E.420,1605.0,126.53,59.0,3,465.88
p1_E_W.235,1692.0,39.58,27.0,1,271.51
p1_W_S2.42,1608.0,124.18,57.0,3,448.47
p1_E_W.236,1700.0,33.69,21.0,1,248.68
p1_W_E.421,1611.0,122.51,60.0,3,444.26
p1_W_E.422,1614.0,122.39,58.0,3,433.14
p1_E_W.237,1707.0,28.26,15.0,1,244.54
p1_W_E.423,1617.0,121.21,56.0,3,432.94
p1_W_E.424,1620.0,119.93,52.0,3,422.56
p1_W_E.425,1623.0,118.72,53.0,3,433.12
p1_E_W.238,1714.0,30.61,10.0,1,265.07
p1_W_E.426,1626.0,110.42,55.0,4,397.38
p1_E_N1.57,1710.0,26.18,12.0,1,249.26
p1_E_W.239,1721.0,25.51,6.0,1,265.04
p1_E_W.240,1728.0,20.1,1.0,1,255.12
p1_W_E.427,1629.0,118.9,52.0,4,411.78
p1_S1_E.55,1653.0,91.16,64.0,3,368.04
p1_E_W.241,1736.0,10.76,0.0,0,212.92
p1_S1_E.56,1683.0,61.51,37.0,2,321.02
p1_S1_E.57,1713.0,40.81,8.0,2,310.65
p1_W_E.428,1632.0,124.01,61.0,3,462.9
p1_E_N1.58,1740.0,10.39,0.0,0,218.77
p1_E_W.242,1743.0,12.9,0.0,0,229.48
p1_W_E.429,1635.0,110.77,57.0,3,402.0
p1_N2_S2.172,1720.0,63.22,53.0,1,260.01
p1_S2_N2.173,1730.0,53.46,41.0,1,243.27
p1_E_W.243,1750.0,7.35,0.0,0,199.73
p1_S2_N2.174,1740.0,45.71,34.0,1,221.33
p1_N2_S2.173,1730.0,55.37,43.0,1,240.32
p1_N2_S2.174,1740.0,48.3,37.0,1,236.4
p1_S1_N1.174,1740.0,49.57,38.0,1,234.44
p1_N1_S1.173,1730.0,60.07,48.0,1,246.32
p1_N2_S2.175,1750.0,41.88,30.0,1,228.74
p1_S2_N2.175,1750.0,33.56,21.0,1,207.74
p1_N1_S1.174,1740.0,50.58,37.0,1,228.37
p1_N2_S2.176,1760.0,33.6,21.0,1,221.43
p1_S2_N2.176,1760.0,29.62,15.0,1,210.57
p1_N1_S1.175,1750.0,45.07,32.0,1,230.24
p1_N2_S2.177,1770.0,25.69,13.0,1,194.36
p1_S2_N2.177,1770.0,23.22,8.0,1,210.12
p1_N1_S1.176,1760.0,35.07,22.0,1,221.49
p1_S2_N2.178,1780.0,17.2,0.0,0,196.26
p1_N1_S1.177,1770.0,24.89,11.0,1,190.65
p1_S2_N2.179,1790.0,8.93,0.0,0,166.63
p1_S1_N1.175,1750.0,39.65,27.0,1,213.72
p1_N2_S2.178,1780.0,20.16,5.0,1,197.38
p1_S1_N1.176,1760.0,36.39,22.0,1,222.48
p1_S1_N1.177,1770.0,30.28,13.0,1,218.79
p1_N1_S1.178,1780.0,14.84,2.0,1,179.57
p1_S1_N1.178,1780.0,25.17,9.0,1,213.89
p1_N1_S1.179,1790.0,7.48,0.0,0,160.93
p1_W_E.430,1638.0,146.69,80.0,4,457.78
p1_S1_N1.179,1790.0,12.22,0.0,0,182.79
p2_N1_S1.0,1800.0,7.2,0.0,0,150.61
p2_S1_N1.0,1800.0,8.77,0.0,0,164.47
p1_W_S2.43,1641.0,144.25,75.0,4,456.64
p1_W_E.431,1644.0,144.54,74.0,4,467.78
p1_W_E.432,1647.0,143.59,72.0,4,465.03
p1_W_E.433,1650.0,142.42,66.0,4,447.35
p1_W_E.434,1653.0,141.1,65.0,4,445.39
p1_W_E.435,1667.0,128.78,58.0,3,434.09
p1_E_W.244,1757.0,38.45,26.0,1,265.28
p1_E_W.245,1764.0,33.47,20.0,1,263.83
p1_E_N1.59,1770.0,29.57,18.0,1,246.96
p1_E_W.246,1773.0,28.32,16.0,1,242.74
p1_N2_W.58,1743.0,60.29,41.0,2,312.61
p1_N2_W.59,1773.0,31.95,11.0,1,278.53
p1_W_E.436,1670.0,112.75,58.0,3,395.63
p1_E_W.247,1779.0,28.46,17.0,1,253.04
p1_W_E.437,1674.0,135.79,57.0,4,423.46
p1_W_S2.44,1686.0,122.27,54.0,3,424.16
p1_W_E.438,1677.0,111.64,59.0,3,390.85
p1_W_E.439,1680.0,134.13,57.0,4,416.99
p1_W_E.440,1683.0,132.76,55.0,3,431.86
p1_E_W.248,1786.0,20.26,8.0,1,225.63
p1_W_E.441,1689.0,126.07,52.0,3,446.05
p1_E_W.249,1793.0,25.09,6.0,1,247.34
p1_W_E.442,1692.0,127.3,54.0,3,461.56
p2_E_W.0,1800.0,19.15,1.0,1,240.29
p1_W_E.443,1695.0,109.8,52.0,3,404.92
p1_W_E.444,1698.0,108.51,50.0,3,400.04
p1_W_E.445,1701.0,117.55,52.0,4,426.05
p1_S1_E.58,1743.0,75.04,48.0,2,350.39
p1_S1_E.59,1773.0,55.64,20.0,2,327.16
p2_N1_E.0,1803.0,22.69,0.0,0,283.01
p1_W_E.446,1704.0,128.35,62.0,4,467.63
p1_W_E.447,1707.0,118.79,62.0,4,443.85
p1_W_E.448,1710.0,126.17,60.0,4,450.14
p2_S2_N2.0,1800.0,59.6,48.0,1,250.02
p1_N2_S2.179,1790.0,68.23,52.0,1,278.79
p1_W_E.449,1713.0,105.92,59.0,4,381.04
p2_N2_S2.0,1800.0,62.71,50.0,1,259.28
p2_E_S1.0,1803.0,38.29,20.0,1,290.96
p2_N1_S1.1,1810.0,55.56,45.0,1,248.82
p2_N1_S1.2,1820.0,47.41,35.0,1,232.9
p2_S1_N1.1,1810.0,52.64,41.0,1,236.47
p2_N1_S1.3,1830.0,39.63,26.0,1,218.35
p2_S1_N1.2,1820.0,50.82,36.0,1,240.35
p2_N2_S2.1,1810.0,45.04,34.0,1,223.15
p2_N2_S2.2,1820.0,54.21,32.0,1,248.97
p2_S1_N1.3,1830.0,34.76,23.0,1,204.75
p2_N2_S2.3,1830.0,45.92,25.0,1,233.54
p2_S1_N1.4,1840.0,29.72,16.0,1,199.22
p2_N2_S2.4,1840.0,30.02,14.0,1,219.91
p2_S1_N1.5,1850.0,28.75,10.0,1,209.12
p2_N2_S2.5,1850.0,29.67,8.0,1,217.08
p2_S1_N1.6,1860.0,20.45,2.0,1,200.28
p2_N2_S2.6,1860.0,21.43,0.0,0,212.16
p2_S1_N1.7,1870.0,9.0,0.0,0,175.12
p1_W_E.450,1716.0,145.88,79.0,5,440.01
p2_N2_S2.7,1870.0,13.12,0.0,0,180.0
p2_N1_S1.4,1840.0,43.87,25.0,2,236.15
p1_W_S2.45,1719.0,144.43,76.0,4,431.79
p2_N1_S1.5,1850.0,35.62,18.0,2,224.17
p2_S1_N1.8,1880.0,5.83,0.0,0,148.35
p2_N1_S1.6,1860.0,27.53,9.0,2,208.12
p1_W_E.451,1722.0,136.64,74.0,4,437.33
p2_N1_S1.7,1870.0,23.56,3.0,1,194.75
p2_E_W.1,1806.0,71.25,53.0,2,322.72
p1_W_E.452,1725.0,124.92,71.0,5,406.36
p1_W_E.453,1728.0,136.79,72.0,5,421.29
p1_W_E.454,1753.0,128.66,56.0,4,398.7
p1_W_E.455,1757.0,123.82,55.0,4,410.13
p1_W_E.456,1760.0,125.83,53.0,3,430.56
p1_W_E.457,1763.0,124.55,52.0,3,416.72
p1_W_S2.46,1775.0,109.0,46.0,4,402.42
p2_E_W.2,1809.0,55.37,38.0,2,286.2
p1_W_E.458,1766.0,123.23,50.0,3,417.3
p2_E_W.3,1812.0,77.77,36.0,2,317.46
p1_W_E.459,1769.0,115.84,49.0,3,429.05
p2_E_W.4,1815.0,74.77,34.0,2,342.47
p1_W_E.460,1772.0,112.38,48.0,3,421.66
p2_E_W.5,1818.0,65.91,34.0,2,357.32
p1_W_E.461,1778.0,116.92,48.0,4,424.85
p2_E_W.6,1821.0,72.66,32.0,2,379.51
p1_W_E.462,1781.0,115.79,46.0,4,407.98
p2_E_W.7,1824.0,67.52,33.0,2,358.23
p1_W_E.463,1784.0,114.43,45.0,3,413.3
p2_E_W.8,1827.0,67.53,32.0,2,345.76
p1_W_E.464,1787.0,113.14,44.0,3,407.62
p2_E_W.9,1830.0,70.83,32.0,2,352.24
p1_W_E.465,1790.0,111.96,42.0,4,414.17
p2_E_W.10,1833.0,66.21,33.0,2,357.38
p2_N1_E.1,1832.0,71.05,33.0,3,352.88
p2_N2_S2.8,1880.0,44.91,34.0,1,227.26
p2_S2_N2.1,1810.0,114.05,96.0,3,333.22
p2_N1_E.2,1863.0,41.85,6.0,2,302.04
p2_N2_S2.9,1890.0,37.45,26.0,1,220.65
p2_S2_N2.2,1820.0,107.92,85.0,3,326.59
p2_S2_N2.3,1830.0,100.25,77.0,3,313.92
p2_N2_S2.10,1900.0,30.05,17.0,1,206.82
p2_E_S1.1,1836.0,75.57,44.0,3,348.78
p2_N2_S2.11,1910.0,17.62,6.0,1,182.71
p2_S1_N1.9,1890.0,47.63,36.0,1,226.13
p2_N1_S1.8,1880.0,56.19,36.0,1,241.81
p2_N2_S2.12,1920.0,15.18,0.0,0,188.98
p2_N1_S1.9,1890.0,50.03,35.0,1,240.13
p2_N2_S2.13,1930.0,9.91,0.0,0,179.71
p2_S1_N1.10,1900.0,38.83,26.0,1,218.89
p2_S1_N1.11,1910.0,32.7,18.0,1,208.62
p2_S1_N1.12,1920.0,24.49,10.0,1,200.35
p2_S2_N2.4,1840.0,98.42,68.0,4,311.43
p2_S1_N1.13,1930.0,16.16,0.0,0,192.4
p2_S2_N2.5,1850.0,96.8,62.0,4,315.92
p2_S2_N2.6,1860.0,88.45,51.0,3,300.4
p2_S1_N1.14,1940.0,7.87,0.0,0,167.47
p1_W_E.466,1793.0,138.74,88.0,5,459.09
p2_N1_S1.10,1900.0,51.81,34.0,2,242.8
p1_W_E.467,1796.0,135.84,85.0,4,449.49
p2_N1_S1.11,1910.0,46.28,25.0,2,243.55
p2_N1_S1.12,1920.0,38.01,14.0,2,218.2
p2_N1_S1.13,1930.0,31.47,9.0,2,205.57
p2_N1_S1.14,1940.0,23.28,1.0,1,200.09
p1_W_E.468,1799.0,124.63,80.0,4,431.16
p1_W_E.469,1802.0,138.26,74.0,4,450.88
p1_W_S2.47,1808.0,130.83,68.0,4,434.21
p1_W_E.470,1805.0,141.98,67.0,4,463.25
p1_W_E.471,1811.0,134.4,65.0,4,446.08
p2_E_W.11,1839.0,107.73,71.0,4,389.64
p2_S1_N1.15,1950.0,6.19,0.0,0,156.71
p1_W_E.472,1814.0,128.89,62.0,4,420.97
p2_S2_W.0,1803.0,147.56,114.0,5,469.97
p1_W_E.473,1817.0,132.7,59.0,4,424.36
p1_W_E.474,1820.0,134.61,60.0,4,428.03
p1_W_E.475,1829.0,127.3,59.0,4,441.95
p1_W_E.476,1833.0,125.06,58.0,3,436.15
p1_W_E.477,1836.0,121.44,57.0,3,444.21
p1_W_E.478,1839.0,122.52,55.0,3,442.4
p2_E_W.12,1842.0,94.33,62.0,4,360.96
p1_W_E.479,1842.0,120.58,56.0,3,440.44
p2_E_W.13,1845.0,118.4,59.0,4,400.43
p1_W_E.480,1845.0,115.24,56.0,3,430.43
p1_W_S2.48,1848.0,116.58,54.0,3,415.59
p2_E_W.14,1848.0,108.77,56.0,4,395.45
p2_E_W.15,1851.0,116.02,57.0,4,419.05
p1_W_E.481,1851.0,116.89,52.0,3,422.06
p2_E_W.16,1854.0,114.69,53.0,5,418.84
p2_N1_E.3,1893.0,76.05,48.0,3,350.86
p2_E_W.17,1857.0,113.58,52.0,4,411.57
p2_N1_E.4,1923.0,48.22,15.0,2,302.12
p2_E_W.18,1860.0,112.28,49.0,4,408.69
p2_E_W.19,1863.0,110.4,47.0,4,411.11
p1_W_E.482,1854.0,116.4,68.0,3,414.73
p2_E_W.20,1866.0,109.71,46.0,4,417.66
p2_S2_N2.7,1870.0,130.83,95.0,3,362.67
p2_E_S1.2,1869.0,114.81,53.0,4,415.69
p2_S2_N2.8,1880.0,120.96,85.0,3,352.01
p2_N2_S2.14,1940.0,56.75,46.0,1,246.02
p2_S2_N2.9,1890.0,118.72,84.0,2,350.35
p2_N1_S1.15,1950.0,58.82,38.0,1,266.01
p2_N2_S2.15,1950.0,58.86,43.0,1,248.91
p2_S1_N1.16,1960.0,45.75,34.0,1,224.08
p2_N2_S2.16,1960.0,50.58,35.0,1,239.9
p2_S1_N1.17,1970.0,41.5,29.0,1,229.16
p2_N2_S2.17,1970.0,42.36,26.0,1,241.54
p2_S1_N1.18,1980.0,34.1,20.0,1,220.03
p2_N2_S2.18,1980.0,32.78,16.0,1,224.95
p2_S1_N1.19,1990.0,25.9,11.0,1,211.55
p2_N2_S2.19,1990.0,25.9,8.0,1,223.75
p2_N2_S2.20,2000.0,12.5,0.0,0,191.08
p1_W_E.483,1857.0,141.11,84.0,4,463.56
p2_S1_N1.20,2000.0,11.67,0.0,0,174.0
p2_S1_N1.21,2010.0,11.83,0.0,0,170.76
p2_N1_S1.16,1960.0,62.84,41.0,2,262.75
p1_W_E.484,1860.0,134.8,84.0,4,446.94
p2_N1_S1.17,1970.0,54.83,37.0,2,246.49
p2_S1_N1.22,2020.0,5.61,0.0,0,149.51
p1_W_E.485,1863.0,142.42,82.0,4,468.61
p1_W_E.486,1866.0,141.14,81.0,4,471.04
p2_N1_S1.18,1980.0,44.82,25.0,2,224.92
p1_W_E.487,1869.0,139.93,81.0,4,458.39
p2_N1_S1.19,1990.0,41.19,18.0,2,227.13
p1_W_E.488,1872.0,138.73,77.0,4,467.21
p2_N1_S1.20,2000.0,32.52,10.0,2,210.81
p1_W_E.489,1875.0,137.43,72.0,6,479.21
p1_W_E.490,1878.0,134.76,71.0,4,465.37
p1_W_S2.49,1881.0,134.13,71.0,4,437.22
p2_N1_S1.21,2010.0,22.41,1.0,1,194.43
p2_N1_S1.22,2020.0,19.08,0.0,0,192.62
p2_E_W.21,1872.0,152.04,88.0,5,468.5
p1_W_E.491,1884.0,122.1,66.0,4,400.39
p2_E_W.22,1875.0,150.83,83.0,6,481.77
p1_W_E.492,1887.0,136.95,66.0,4,419.89
p1_W_E.493,1904.0,122.14,58.0,3,409.38
p2_E_W.23,1878.0,149.72,79.0,7,475.07
p1_W_E.494,1908.0,120.91,55.0,3,433.72
p2_E_W.24,1881.0,148.69,76.0,6,464.66
p1_W_E.495,1911.0,110.16,53.0,3,412.61
p2_N2_S2.21,2010.0,42.89,32.0,1,229.46
p2_E_W.25,1884.0,144.62,74.0,8,445.22
p2_S2_N2.10,1900.0,149.37,109.0,4,388.61
p2_S2_N2.11,1910.0,140.94,98.0,4,369.67
p2_E_W.26,1887.0,139.76,71.0,7,435.4
p2_S2_N2.12,1920.0,140.09,90.0,4,381.57
p2_N2_S2.22,2020.0,29.93,18.0,1,195.38
p2_E_W.27,1890.0,149.59,69.0,6,463.46
p2_N2_S2.23,2030.0,32.24,14.0,1,223.17
p2_E_W.28,1893.0,148.47,66.0,5,477.15
p2_N2_S2.24,2040.0,24.1,5.0,1,204.66
p2_E_W.29,1896.0,147.23,64.0,5,473.74
p2_N2_S2.25,2050.0,9.36,0.0,0,176.45
p2_N2_S2.26,2060.0,7.83,0.0,0,173.49
p2_E_W.30,1899.0,133.28,57.0,5,430.94
p1_W_E.496,1914.0,134.94,69.0,5,453.64
p2_S2_W.1,1833.0,215.58,133.0,8,562.88
p1_W_E.497,1917.0,133.97,70.0,4,456.94
p2_S2_W.2,1863.0,182.56,107.0,6,523.05
p1_W_E.498,1920.0,132.77,67.0,5,444.28
p2_N1_E.5,1953.0,101.15,59.0,3,399.74
p2_N1_E.6,1983.0,69.81,39.0,3,316.89
p2_N1_E.7,2013.0,46.14,13.0,2,308.33
p1_W_E.499,1923.0,137.2,82.0,4,462.59
p1_W_S2.50,1929.0,136.71,76.0,3,433.01
p2_E_S1.3,1902.0,163.02,94.0,5,512.71
p2_N1_S1.23,2030.0,59.17,44.0,1,253.23
p2_N1_S1.24,2040.0,51.14,38.0,1,237.19
p1_W_E.500,1926.0,120.31,79.0,4,424.12
p2_S1_N1.23,2030.0,55.08,41.0,1,239.74
p1_W_E.501,1932.0,142.45,74.0,3,463.17
p1_W_E.502,1935.0,139.86,73.0,3,450.04
p2_S1_N1.24,2040.0,52.01,37.0,1,251.56
p1_W_E.503,1938.0,139.81,72.0,3,455.08
p2_S1_N1.25,2050.0,48.83,31.0,1,251.29
p2_S1_N1.26,2060.0,37.89,22.0,1,230.68
p1_W_E.504,1941.0,138.44,72.0,3,460.93
p2_S1_N1.27,2070.0,31.12,13.0,1,230.18
p1_W_E.505,1944.0,119.47,66.0,3,411.93
p2_S1_N1.28,2080.0,24.13,7.0,1,228.69
p1_W_E.506,1947.0,134.91,64.0,3,436.2
p2_S1_N1.29,2090.0,8.24,0.0,0,169.79
p1_W_E.507,1950.0,130.49,64.0,3,436.98
p2_S1_N1.30,2100.0,8.22,0.0,0,170.72
p1_W_E.508,1953.0,133.49,61.0,3,449.43
p1_W_S2.51,1962.0,125.61,58.0,4,427.74
p1_W_E.509,1956.0,133.37,59.0,3,463.11
p1_W_E.510,1959.0,132.08,58.0,3,463.58
p2_N1_S1.25,2050.0,61.99,39.0,2,245.67
p2_N1_S1.26,2060.0,55.02,34.0,2,253.67
p2_N2_S2.27,2070.0,42.03,31.0,1,221.79
p2_N1_S1.27,2070.0,46.72,26.0,2,240.26
p2_S1_N1.31,2110.0,6.3,0.0,0,149.31
p2_N2_S2.28,2080.0,37.1,24.0,1,218.89
p2_N2_S2.29,2090.0,28.74,15.0,1,209.1
p2_N2_S2.30,2100.0,20.54,7.0,1,192.48
p2_N2_S2.31,2110.0,12.27,0.0,0,181.38
p2_N1_S1.28,2080.0,38.55,14.0,2,215.31
p2_E_W.31,1905.0,199.93,129.0,6,565.79
p2_E_W.32,1908.0,198.99,127.0,6,569.67
p2_S2_N2.13,1930.0,196.4,137.0,5,461.48
p2_N2_S2.32,2120.0,5.32,0.0,0,152.88
p2_E_W.33,1911.0,197.58,121.0,7,574.38
p2_S2_N2.14,1940.0,189.27,129.0,5,441.53
p2_E_W.34,1914.0,196.62,121.0,6,553.36
p2_S2_N2.15,1950.0,178.11,122.0,4,421.16
p1_W_E.511,1965.0,148.35,79.0,4,465.29
p2_E_W.35,1917.0,190.64,117.0,7,531.44
p1_W_E.512,1968.0,147.49,75.0,4,452.9
p2_E_W.36,1920.0,197.47,115.0,7,556.42
p2_E_W.37,1923.0,196.15,114.0,8,547.01
p1_W_E.513,1986.0,133.52,64.0,3,449.08
p1_W_E.514,1989.0,132.27,62.0,3,454.25
p1_W_E.515,1992.0,131.08,61.0,3,450.2
p2_E_W.38,1926.0,184.35,112.0,7,507.78
p1_W_E.516,1995.0,127.9,59.0,3,446.39
p2_E_W.39,1929.0,196.24,110.0,7,542.06
p2_E_W.40,1932.0,194.92,109.0,9,546.67
p2_N1_E.8,2043.0,68.86,46.0,3,328.55
p2_N1_E.9,2073.0,58.45,23.0,2,303.6
p1_W_E.517,1998.0,140.78,77.0,3,459.22
p1_W_S2.52,2010.0,129.6,74.0,3,440.08
p2_E_S1.4,1935.0,193.3,111.0,9,538.99
p1_W_E.518,2001.0,139.43,78.0,3,464.32
p2_N1_S1.29,2090.0,72.64,41.0,3,273.87
p1_W_E.519,2004.0,138.17,76.0,4,459.3
p2_N1_S1.30,2100.0,62.75,39.0,2,266.98
p1_W_E.520,2007.0,136.74,75.0,3,449.6
p1_W_E.521,2013.0,132.08,74.0,3,436.2
p2_S1_N1.32,2120.0,31.51,22.0,1,201.52
p2_S1_N1.33,2130.0,39.29,20.0,1,223.84
p2_S1_N1.34,2140.0,31.01,12.0,1,206.76
p1_W_E.522,2016.0,117.88,74.0,4,395.28
p2_S1_N1.35,2150.0,22.77,4.0,1,214.93
p1_W_E.523,2019.0,133.56,71.0,4,408.74
p2_S1_N1.36,2160.0,14.49,0.0,0,194.95
p1_W_E.524,2022.0,129.9,70.0,4,428.44
p2_N1_S1.31,2110.0,58.0,32.0,2,254.04
p1_W_E.525,2025.0,121.09,66.0,3,419.89
p2_S1_N1.37,2170.0,6.25,0.0,0,149.01
p1_W_E.526,2028.0,130.17,67.0,4,429.38
p2_N1_S1.32,2120.0,59.09,32.0,2,251.67
p2_N1_S1.33,2130.0,50.75,27.0,2,244.43
p2_N1_S1.34,2140.0,42.42,18.0,1,231.49
p2_N2_S2.33,2130.0,47.49,36.0,1,232.47
p2_N2_S2.34,2140.0,39.42,27.0,1,215.5
p2_N1_S1.35,2150.0,30.49,9.0,1,203.48
p2_N1_S1.36,2160.0,26.73,4.0,1,201.2
p2_N2_S2.35,2150.0,36.89,22.0,1,222.19
p2_N2_S2.36,2160.0,28.67,12.0,1,224.94
p2_S1_N1.38,2180.0,5.29,0.0,0,155.36
p2_N2_S2.37,2170.0,16.53,3.0,1,193.2
p2_N2_S2.38,2180.0,9.62,0.0,0,172.44
p2_E_W.41,1938.0,234.88,139.0,9,598.87
p2_N2_S2.39,2190.0,5.98,0.0,0,151.64
p2_E_W.42,1941.0,225.93,137.0,9,574.0
p2_S2_W.3,1893.0,280.62,183.0,10,671.64
p2_E_W.43,1943.0,240.28,145.0,9,617.51
p1_W_E.527,2031.0,144.53,84.0,5,453.53
p2_E_W.44,1947.0,238.05,145.0,8,624.28
p1_W_E.528,2034.0,148.12,83.0,5,447.77
p2_E_W.45,1950.0,227.14,140.0,9,582.66
p1_W_E.529,2037.0,151.61,83.0,5,462.32
p2_E_W.46,1953.0,235.88,137.0,6,614.78
p1_W_E.530,2057.0,133.36,70.0,4,445.93
p2_E_W.47,1956.0,234.68,135.0,7,609.87
p2_E_W.48,1959.0,233.38,136.0,8,589.11
p2_E_W.49,1962.0,232.14,131.0,8,596.71
p2_N1_E.10,2103.0,77.08,47.0,4,342.77
p2_N1_E.11,2133.0,61.35,27.0,3,314.05
p2_E_W.50,1965.0,229.14,130.0,9,602.63
p2_N1_E.12,2163.0,33.32,1.0,1,262.58
p1_W_S2.53,2061.0,135.8,83.0,5,433.68
p1_W_E.531,2064.0,132.24,83.0,5,424.71
p1_W_E.532,2067.0,133.61,78.0,4,431.8
p1_W_E.533,2070.0,133.44,80.0,4,436.41
p1_W_E.534,2073.0,132.09,76.0,5,440.95
p1_W_E.535,2076.0,130.77,78.0,5,439.24
p1_W_E.536,2079.0,127.5,77.0,4,410.95
p2_S1_N1.39,2190.0,45.45,34.0,1,226.91
p2_E_S1.5,1968.0,237.21,136.0,8,608.98
p2_N1_S1.37,2170.0,67.65,39.0,1,264.93
p2_S1_N1.40,2200.0,36.46,26.0,1,216.55
p2_N1_S1.38,2180.0,58.89,39.0,1,259.48
p2_S1_N1.41,2210.0,29.13,16.0,1,207.17
p2_N1_S1.39,2190.0,50.98,38.0,1,246.41
p2_S1_N1.42,2220.0,20.48,8.0,1,189.31
p1_W_E.537,2082.0,122.35,76.0,4,406.39
p1_W_E.538,2085.0,138.12,76.0,4,426.29
p2_S1_N1.43,2230.0,11.9,0.0,0,177.84
p1_W_E.539,2088.0,130.34,75.0,3,426.39
p2_S1_N1.44,2240.0,5.97,0.0,0,146.41
p1_W_S2.54,2094.0,126.73,70.0,3,411.85
p1_W_E.540,2091.0,135.61,71.0,3,440.59
p1_W_E.541,2097.0,131.39,69.0,3,435.14
p1_W_E.542,2100.0,126.83,70.0,3,430.92
p2_N1_S1.40,2200.0,51.96,34.0,2,237.42
p2_N1_S1.41,2210.0,44.23,26.0,2,232.05
p2_S1_N1.45,2250.0,5.17,0.0,0,151.98
p2_N1_S1.42,2220.0,34.69,15.0,2,203.03
p2_S2_N2.16,1960.0,292.8,230.0,7,612.75
p2_N2_S2.40,2200.0,52.38,42.0,1,233.92
p2_S2_N2.17,1970.0,290.11,227.0,7,604.64
p2_N2_S2.41,2210.0,50.43,34.0,1,234.12
p2_E_W.51,1971.0,270.39,159.0,8,657.98
p2_E_W.52,1974.0,269.46,156.0,10,666.2
p2_N2_S2.42,2220.0,35.19,23.0,1,208.4
p2_N2_S2.43,2230.0,36.57,17.0,1,213.69
p2_E_W.53,1977.0,268.41,171.0,9,662.4
p2_S2_N2.18,1980.0,272.79,213.0,7,571.91
p2_E_W.54,1980.0,267.08,166.0,8,670.0
p2_N2_S2.44,2240.0,23.02,9.0,1,201.69
p2_E_W.55,1983.0,265.95,160.0,8,658.14
p2_N2_S2.45,2250.0,20.19,1.0,1,211.41
p2_E_W.56,1986.0,264.7,157.0,9,658.96
p2_N2_S2.46,2260.0,10.32,0.0,0,185.52
p2_E_W.57,1989.0,263.57,154.0,6,652.03
p2_E_W.58,1992.0,260.85,150.0,9,646.24
p2_N2_S2.47,2270.0,6.08,0.0,0,150.5
p2_E_W.59,1995.0,261.64,147.0,6,643.71
p2_S2_N2.19,1990.0,280.41,204.0,9,587.68
p2_E_W.60,1998.0,258.05,149.0,7,634.2
p2_S2_N2.20,2000.0,278.49,197.0,9,583.42
p1_W_E.543,2103.0,159.03,93.0,4,457.79
p1_W_E.544,2106.0,157.69,94.0,4,461.86
p1_W_E.545,2109.0,156.67,95.0,4,468.06
p1_W_E.546,2134.0,130.38,75.0,3,432.32
p1_W_E.547,2138.0,130.81,74.0,3,440.6
p2_N1_E.13,2193.0,78.52,54.0,3,357.16
p2_E_S1.6,2001.0,278.3,158.0,8,680.44
p2_N1_E.14,2223.0,36.15,6.0,2,270.44
p2_N1_S1.43,2230.0,73.27,42.0,4,273.93
p2_S1_N1.46,2260.0,43.75,30.0,1,223.54
p1_W_S2.55,2150.0,132.5,70.0,3,447.94
p1_W_E.548,2141.0,142.58,75.0,3,454.33
p2_N1_S1.44,2240.0,65.33,36.0,2,272.24
p2_S1_N1.47,2270.0,36.24,21.0,1,211.0
p1_W_E.549,2144.0,141.4,73.0,3,454.0
p2_N1_S1.45,2250.0,57.19,35.0,1,258.18
p1_W_E.550,2147.0,135.66,71.0,3,460.53
p2_S1_N1.48,2280.0,26.14,13.0,1,192.88
p1_W_E.551,2153.0,129.35,68.0,3,450.86
p2_S1_N1.49,2290.0,21.76,3.0,1,200.36
p1_W_E.552,2156.0,134.9,70.0,3,465.83
p1_W_E.553,2159.0,133.62,68.0,3,481.2
p1_W_E.554,2162.0,132.52,66.0,3,467.14
p1_W_E.555,2164.0,132.09,67.0,3,474.17
p2_S1_N1.50,2300.0,7.19,0.0,0,159.11
p2_S1_N1.51,2310.0,8.77,0.0,0,156.27
p1_W_E.556,2167.0,130.81,67.0,3,478.73
p1_W_E.557,2170.0,129.63,63.0,3,479.2
p2_N1_S1.46,2260.0,61.3,39.0,2,259.21
p1_W_E.558,2173.0,128.44,63.0,3,465.63
p1_W_E.559,2176.0,127.1,62.0,3,457.58
p1_W_E.560,2179.0,124.93,60.0,3,452.4
p2_S1_N1.52,2320.0,6.06,0.0,0,152.81
p1_W_S2.56,2182.0,112.97,60.0,3,399.05
p2_S2_N2.21,2010.0,321.27,229.0,10,653.13
p2_N1_S1.47,2270.0,45.23,23.0,2,224.38
p2_N1_S1.48,2280.0,54.05,22.0,2,241.98
p2_N2_S2.48,2280.0,46.48,36.0,1,227.19
p2_S2_W.4,1923.0,384.0,270.0,13,818.21
p2_N2_S2.49,2290.0,44.53,28.0,1,245.69
p2_N2_S2.50,2300.0,40.14,24.0,1,230.53
p2_N2_S2.51,2310.0,31.94,14.0,1,221.43
p2_N2_S2.52,2320.0,23.73,8.0,1,212.13
p2_E_W.61,2004.0,297.33,195.0,10,700.83
p2_E_W.62,2007.0,317.6,197.0,11,716.64
p2_N2_S2.53,2330.0,6.51,0.0,0,151.41
p2_E_W.63,2010.0,316.37,192.0,10,723.75
p2_N2_S2.54,2340.0,8.58,0.0,0,152.24
p2_E_W.64,2013.0,313.71,192.0,9,727.34
p2_E_W.65,2016.0,313.86,188.0,11,728.25
p2_S2_N2.22,2020.0,332.3,231.0,11,671.83
p2_E_W.66,2020.0,311.71,185.0,11,728.98
p2_S2_N2.23,2030.0,324.06,223.0,9,636.26
p2_S2_W.5,1953.0,362.3,255.0,11,799.67
p2_S2_N2.24,2040.0,316.01,219.0,12,625.86
p2_E_W.67,2023.0,296.28,189.0,11,713.77
p2_E_W.68,2026.0,289.82,186.0,11,688.27
p2_E_W.69,2029.0,303.13,179.0,11,717.26
p2_E_W.70,2032.0,310.13,177.0,10,715.28
p2_E_S1.7,2035.0,308.19,172.0,11,708.97
p2_N2_S2.55,2350.0,5.55,0.0,0,147.56
p2_S2_N2.25,2050.0,315.87,213.0,8,642.46
p2_N1_S1.49,2290.0,77.35,47.0,3,284.74
p2_S1_N1.53,2330.0,37.93,26.0,1,220.1
p2_S2_N2.26,2060.0,306.44,204.0,8,617.6
p2_N1_S1.50,2300.0,68.08,37.0,3,268.34
p2_S1_N1.54,2340.0,30.06,17.0,1,208.84
p2_N2_S2.56,2360.0,6.29,0.0,0,151.51
p2_N1_S1.51,2310.0,61.53,31.0,1,262.91
p2_S1_N1.55,2350.0,22.45,9.0,1,192.53
p1_W_E.561,2185.0,167.95,99.0,4,475.2
p2_S1_N1.56,2360.0,12.37,0.0,0,171.49
p1_W_E.562,2188.0,167.44,99.0,4,467.49
p2_S1_N1.57,2370.0,7.07,0.0,0,155.05
p2_N1_S1.52,2320.0,61.52,31.0,2,259.12
p2_N1_S1.53,2330.0,53.75,30.0,2,235.28
p1_W_E.563,2191.0,157.04,94.0,5,460.8
p2_N1_S1.54,2340.0,45.44,26.0,1,232.27
p2_N1_E.15,2253.0,109.57,71.0,3,407.45
p2_S1_N1.58,2380.0,6.13,0.0,0,150.61
p2_N1_E.16,2283.0,68.03,34.0,3,324.5
p1_W_E.564,2213.0,149.14,85.0,4,465.29
p1_W_E.565,2216.0,154.49,87.0,4,460.43
p2_N1_S1.55,2350.0,42.03,18.0,1,230.57
p1_W_E.566,2220.0,147.22,86.0,4,468.81
p1_W_E.567,2223.0,151.27,83.0,4,486.99
p2_S1_N1.59,2390.0,5.84,0.0,0,155.83
p1_W_E.568,2226.0,150.0,79.0,4,478.86
p2_N1_S1.56,2360.0,30.38,9.0,1,209.74
p1_W_S2.57,2235.0,142.01,72.0,4,463.2
p1_W_E.569,2229.0,148.81,78.0,5,491.0
p2_N1_S1.57,2370.0,28.9,4.0,1,214.11
p1_W_E.570,2232.0,147.65,74.0,4,497.48
p1_W_E.571,2238.0,143.36,71.0,4,484.01
p1_W_E.572,2241.0,142.01,73.0,6,475.8
p1_W_E.573,2244.0,131.62,71.0,4,418.32
p1_W_E.574,2247.0,141.75,68.0,4,439.17
p2_E_W.71,2038.0,348.13,208.0,16,782.32
p2_N2_S2.57,2370.0,42.53,31.0,1,225.01
p2_N1_S1.58,2380.0,10.36,0.0,0,170.11
p2_S2_N2.27,2070.0,343.01,234.0,9,674.94
p2_N1_S1.59,2390.0,23.91,0.0,0,188.25
p2_E_W.72,2040.0,347.59,205.0,14,777.76
p2_E_W.73,2044.0,351.46,208.0,12,779.56
p2_E_W.74,2047.0,347.76,197.0,11,768.31
p2_N2_S2.58,2380.0,30.89,18.0,1,198.67
p2_E_W.75,2050.0,349.0,196.0,10,765.57
p2_N2_S2.59,2390.0,27.26,12.0,1,200.06
p2_E_W.76,2054.0,344.76,193.0,14,763.85
p2_E_W.77,2057.0,345.52,185.0,12,773.67
p2_N2_S2.60,2400.0,12.98,0.0,0,178.63
p2_E_W.78,2060.0,344.4,185.0,13,764.12
p2_N2_S2.61,2410.0,16.86,0.0,0,194.86
p2_S2_W.6,1983.0,415.45,290.0,12,868.92
p2_N2_S2.62,2420.0,7.96,0.0,0,161.04
p2_E_W.79,2063.0,345.51,196.0,11,764.28
p2_E_W.80,2066.0,330.48,188.0,11,751.59
p2_N2_S2.63,2430.0,6.49,0.0,0,149.98
p1_W_E.575,2250.0,170.92,99.0,5,496.66
p1_W_E.576,2253.0,174.28,99.0,6,498.87
p1_W_E.577,2256.0,172.95,97.0,6,510.65
p2_E_S1.8,2069.0,360.0,198.0,14,806.66
p2_N1_E.17,2313.0,114.08,63.0,3,416.12
p2_N1_E.18,2343.0,89.72,55.0,2,365.39
p2_N1_E.19,2373.0,61.22,28.0,2,328.47
p2_S1_N1.60,2400.0,51.07,39.0,1,237.3
p2_S1_N1.61,2410.0,47.69,35.0,1,238.89
p1_W_E.578,2282.0,154.49,96.0,5,484.64
p2_N1_S1.60,2400.0,49.04,38.0,1,230.68
p1_W_E.579,2285.0,153.17,94.0,5,487.46
p2_S1_N1.62,2420.0,39.35,26.0,1,224.73
p2_S1_N1.63,2430.0,31.07,17.0,1,216.64
p1_W_E.580,2288.0,148.42,96.0,5,456.86
p1_W_S2.58,2291.0,149.99,92.0,4,482.07
p1_W_E.581,2294.0,148.85,90.0,4,489.6
p1_W_E.582,2297.0,150.6,88.0,4,482.93
p2_S1_N1.64,2440.0,14.59,2.0,1,173.29
p1_W_E.583,2300.0,149.63,84.0,4,485.68
p2_S1_N1.65,2450.0,22.4,0.0,0,196.78
p1_W_E.584,2303.0,147.04,81.0,5,463.3
p2_N1_S1.61,2410.0,63.75,48.0,2,262.33
p2_S1_N1.66,2460.0,9.13,0.0,0,161.98
p1_W_E.585,2306.0,147.25,81.0,5,473.5
p2_N1_S1.62,2420.0,56.11,38.0,2,251.89
p2_S1_N1.67,2470.0,6.17,0.0,0,154.94
p2_N1_S1.63,2430.0,47.87,28.0,2,240.85
p2_S1_N1.68,2480.0,5.49,0.0,0,148.59
p2_N1_S1.64,2440.0,35.49,14.0,2,210.99
p2_N1_S1.65,2450.0,38.54,11.0,2,226.46
p1_W_E.586,2309.0,125.19,75.0,4,411.32
p2_N1_S1.66,2460.0,32.96,8.0,1,208.83
p1_W_E.587,2312.0,158.21,74.0,5,436.21
p1_W_S2.59,2324.0,135.39,70.0,4,428.44
p2_N1_S1.67,2470.0,24.66,5.0,1,219.53
p1_W_E.588,2315.0,159.33,72.0,4,446.59
p2_E_W.81,2072.0,402.98,235.0,15,862.39
p2_N2_S2.64,2440.0,55.87,42.0,1,250.5
p1_W_E.589,2318.0,155.94,72.0,4,440.72
p2_N2_S2.65,2450.0,46.25,33.0,1,231.36
p2_E_W.82,2075.0,401.85,230.0,14,851.68
p1_W_E.590,2321.0,156.88,69.0,4,440.41
p2_N2_S2.66,2460.0,39.3,26.0,1,226.26
p2_E_W.83,2078.0,399.7,224.0,13,851.95
p2_N2_S2.67,2470.0,28.25,16.0,1,199.72
p2_E_W.84,2081.0,399.95,217.0,13,835.4
p2_N2_S2.68,2480.0,20.63,6.0,1,191.5
p2_E_W.85,2084.0,398.66,213.0,13,831.09
p2_N2_S2.69,2490.0,12.71,0.0,0,182.06
p2_N2_S2.70,2500.0,6.54,0.0,0,154.26
p2_E_W.86,2087.0,393.45,208.0,16,815.64
p2_E_W.87,2090.0,398.45,202.0,16,823.83
p2_E_W.88,2093.0,397.07,198.0,13,815.28
p2_S2_N2.28,2080.0,431.73,312.0,11,808.77
p2_E_W.89,2096.0,395.9,196.0,13,813.26
p2_S2_N2.29,2090.0,423.81,309.0,11,797.11
p2_E_W.90,2099.0,394.78,191.0,12,807.55
p2_N2_S2.71,2510.0,5.16,0.0,0,146.18
p2_S2_N2.30,2100.0,415.94,300.0,10,795.13
p2_W_N1.0,2369.0,150.15,93.0,4,412.28
p2_N2_S2.72,2520.0,5.09,0.0,0,153.15
p2_E_S1.9,2109.0,396.1,196.0,14,812.63
p2_S1_N1.69,2490.0,38.96,29.0,1,228.65
p2_S1_N1.70,2500.0,30.84,20.0,1,206.49
p2_N1_S1.68,2480.0,47.08,33.0,1,232.43
p1_W_E.591,2327.0,177.82,104.0,5,493.76
p2_N1_S1.69,2490.0,44.98,30.0,1,236.41
p2_S1_N1.71,2510.0,21.22,10.0,1,187.59
p1_W_E.592,2330.0,181.57,102.0,5,509.61
p2_S1_N1.72,2520.0,16.84,2.0,1,189.35
p1_W_E.593,2333.0,183.37,102.0,5,520.33
p2_S1_N1.73,2530.0,8.53,0.0,0,175.99
p1_W_E.594,2336.0,175.97,97.0,5,504.71
p2_N1_E.20,2403.0,115.38,86.0,3,410.51
p2_N1_E.21,2433.0,88.23,56.0,3,387.25
p2_N1_S1.70,2500.0,42.97,24.0,2,224.09
p2_N1_S1.71,2510.0,34.9,15.0,1,210.54
p2_S1_N1.74,2540.0,5.57,0.0,0,149.81
p2_N1_E.22,2463.0,50.79,28.0,2,303.63
p2_N1_S1.72,2520.0,26.79,6.0,1,204.43
p1_W_E.595,2349.0,167.36,109.0,5,482.52
p2_N1_S1.73,2530.0,20.69,0.0,0,189.44
p1_W_E.596,2354.0,175.59,108.0,4,498.13
p1_W_E.597,2357.0,174.35,106.0,4,503.02
p1_W_E.598,2360.0,172.43,105.0,4,501.91
p1_W_E.599,2363.0,162.69,103.0,4,479.06
p2_S1_N1.75,2550.0,5.87,0.0,0,151.46
p2_W_E.0,2366.0,170.81,101.0,5,512.52
p2_N1_S1.74,2540.0,6.89,0.0,0,165.68
p2_N1_S1.75,2550.0,10.87,0.0,0,163.21
p2_S2_W.7,2013.0,530.99,373.0,17,1048.19
p2_N2_S2.73,2530.0,23.34,12.0,1,191.52
p2_N2_S2.74,2540.0,28.67,10.0,1,200.88
p2_S2_W.8,2043.0,503.74,340.0,16,987.82
p2_N2_S2.75,2550.0,15.86,0.0,0,196.78
p2_E_W.91,2112.0,437.86,251.0,16,880.4
p2_N2_S2.76,2560.0,11.2,0.0,0,173.35
p2_E_W.92,2115.0,436.86,243.0,14,882.01
p2_E_W.93,2118.0,435.53,239.0,12,873.32
p2_S2_N2.31,2110.0,458.3,329.0,12,842.28
p2_S2_N2.32,2120.0,451.76,321.0,12,833.48
p2_N2_S2.77,2570.0,5.96,0.0,0,144.95
p2_E_W.94,2121.0,430.06,236.0,13,874.86
p2_S2_N2.33,2130.0,449.65,305.0,13,820.31
p2_E_W.95,2124.0,429.86,230.0,12,874.05
p2_E_W.96,2128.0,433.54,227.0,14,865.66
p2_E_W.97,2131.0,432.17,226.0,15,865.02
p2_N2_S2.78,2580.0,5.47,0.0,0,150.71
p2_E_W.98,2134.0,428.99,222.0,16,884.4
p2_S2_N2.34,2140.0,437.88,290.0,11,813.06
p2_S2_N2.35,2150.0,431.84,277.0,11,807.56
p2_S2_N2.36,2160.0,427.44,272.0,11,814.64
p2_S2_N2.37,2170.0,421.03,268.0,12,814.17
p2_S2_N2.38,2180.0,410.85,266.0,12,762.23
p2_E_W.99,2137.0,417.21,216.0,17,839.61
p2_S2_N2.39,2190.0,405.69,260.0,11,758.73
p2_N2_S2.79,2590.0,5.84,0.0,0,155.78
p2_W_N1.1,2384.0,212.02,140.0,7,493.8
p2_E_W.100,2140.0,417.63,214.0,16,829.95
p2_E_S1.10,2178.0,397.82,189.0,13,807.79
p2_S1_N1.76,2560.0,39.99,30.0,1,225.06
p2_S2_N2.40,2200.0,398.8,248.0,11,763.19
p2_S1_N1.77,2570.0,31.68,22.0,1,207.35
p2_S2_N2.41,2210.0,394.65,242.0,10,756.32
p2_S1_N1.78,2580.0,25.26,12.0,1,199.29
p2_N2_S2.80,2600.0,5.95,0.0,0,148.11
p2_S1_N1.79,2590.0,17.08,4.0,1,183.94
p2_S2_N2.42,2220.0,378.92,231.0,9,729.27
p2_W_E.1,2372.0,218.6,148.0,7,594.98
p2_N1_E.23,2493.0,98.99,76.0,3,381.88
p2_S1_N1.80,2600.0,5.83,0.0,0,150.55
p2_N1_E.24,2523.0,70.91,40.0,2,335.44
p2_W_E.2,2375.0,221.5,153.0,6,582.5
p2_S1_N1.81,2610.0,5.57,0.0,0,152.86
p2_N1_S1.76,2560.0,53.37,37.0,2,227.49
p2_N1_S1.77,2570.0,51.22,32.0,2,243.19
p2_N1_S1.78,2580.0,36.81,20.0,2,209.05
p2_N2_S2.81,2610.0,15.32,3.0,1,185.34
p2_N1_S1.79,2590.0,33.07,14.0,2,200.54
p2_S1_N1.82,2620.0,5.28,0.0,0,149.0
p2_N2_S2.82,2620.0,6.71,0.0,0,163.47
p2_N1_S1.80,2600.0,28.21,7.0,1,205.81
p2_S2_N2.43,2230.0,403.74,233.0,10,777.46
p2_E_W.101,2181.0,427.78,218.0,14,873.39
p2_N2_S2.83,2630.0,5.73,0.0,0,145.72
p2_S2_N2.44,2240.0,395.13,232.0,10,736.44
p2_S2_N2.45,2250.0,388.44,228.0,10,736.44
p2_E_W.102,2184.0,422.64,219.0,14,849.56
p2_S2_N2.46,2260.0,382.11,222.0,10,722.93
p2_E_W.103,2187.0,431.89,223.0,18,880.37
p2_E_W.104,2190.0,432.92,220.0,16,881.17
p2_N2_S2.84,2640.0,5.91,0.0,0,147.36
p2_E_W.105,2193.0,417.49,215.0,15,845.91
p2_E_W.106,2196.0,431.45,217.0,15,850.81
p2_E_W.107,2199.0,414.69,216.0,18,834.94
p2_S2_N2.47,2270.0,366.37,221.0,7,699.78
p2_E_W.108,2204.0,420.6,207.0,14,840.83
p2_S2_N2.48,2280.0,374.26,211.0,7,733.71
p2_E_W.109,2223.0,410.58,197.0,14,828.13
p2_S2_N2.49,2290.0,365.91,203.0,9,718.11
p2_N2_S2.85,2650.0,5.8,0.0,0,156.05
p2_E_W.110,2228.0,407.93,190.0,14,806.25
p2_S2_N2.50,2300.0,357.6,191.0,9,691.01
p2_S2_N2.51,2310.0,349.39,180.0,8,683.28
p2_W_N1.2,2399.0,258.99,168.0,8,569.38
p2_S2_N2.52,2320.0,336.08,175.0,7,649.25
p2_E_S1.11,2235.0,405.05,202.0,15,810.26
p2_N2_S2.86,2660.0,5.73,0.0,0,152.43
p2_S1_N1.83,2630.0,37.08,25.0,1,219.27
p2_N1_S1.81,2610.0,57.85,35.0,2,259.55
p2_S2_N2.53,2330.0,325.02,165.0,7,638.46
p2_S2_N2.54,2340.0,332.11,164.0,7,644.28
p2_S1_N1.84,2640.0,26.65,15.0,1,197.73
p2_S2_N2.55,2350.0,323.89,163.0,6,640.92
p2_S1_N1.85,2650.0,20.73,6.0,1,198.15
p2_S2_N2.56,2360.0,315.58,158.0,7,635.05
p2_S1_N1.86,2660.0,12.03,0.0,0,173.94
p2_S2_N2.57,2370.0,307.22,157.0,5,631.3
p2_W_E.3,2378.0,278.97,201.0,8,663.39
p2_S1_N1.87,2670.0,6.21,0.0,0,153.18
p2_W_E.4,2381.0,276.53,197.0,8,660.95
p2_N1_S1.82,2620.0,62.45,37.0,2,254.76
p2_N1_S1.83,2630.0,51.94,33.0,2,231.39
p2_N1_S1.84,2640.0,49.33,26.0,2,245.91
p2_N1_E.25,2553.0,92.9,73.0,3,355.93
p2_N1_E.26,2583.0,88.18,49.0,3,358.76
p2_S1_N1.88,2680.0,5.36,0.0,0,149.22
p2_N1_S1.85,2650.0,45.55,17.0,2,227.61
p2_W_E.5,2387.0,261.78,187.0,8,633.46
p2_W_E.6,2390.0,286.64,179.0,8,643.76
p2_N1_S1.86,2660.0,38.3,12.0,2,222.78
p2_N2_S2.87,2670.0,23.98,13.0,1,194.39
p2_W_E.7,2392.0,286.35,178.0,11,671.18
p2_N2_S2.88,2680.0,20.14,8.0,1,200.98
p2_N2_S2.89,2690.0,11.82,0.0,0,179.55
p2_E_W.111,2258.0,424.76,226.0,13,829.77
p2_N2_S2.90,2700.0,5.28,0.0,0,146.19
p2_E_W.112,2263.0,420.15,224.0,12,838.39
p2_S2_W.9,2073.0,614.46,437.0,15,1174.41
p2_E_W.113,2270.0,419.66,245.0,12,854.98
p2_S2_N2.58,2380.0,331.2,175.0,9,641.98
p2_E_W.114,2291.0,400.41,234.0,9,836.64
p2_S2_N2.59,2390.0,323.09,166.0,10,627.88
p2_E_W.115,2294.0,399.26,229.0,9,842.1
p2_S2_N2.60,2421.0,293.8,145.0,8,593.15
p2_E_W.116,2298.0,396.9,226.0,9,832.89
p2_N2_S2.91,2710.0,6.09,0.0,0,149.25
p2_E_W.117,2301.0,395.62,222.0,8,832.48
p2_E_W.118,2304.0,393.25,221.0,8,829.24
p2_E_W.119,2307.0,390.19,222.0,10,796.92
p2_S2_N2.61,2441.0,276.73,141.0,10,573.93
p2_S2_W.10,2103.0,600.17,419.0,15,1156.36
p2_N2_S2.92,2720.0,5.29,0.0,0,153.47
p2_S2_N2.62,2444.0,282.22,137.0,9,570.92
p2_S2_W.11,2133.0,572.14,375.0,15,1104.07
p2_S2_W.12,2163.0,537.04,337.0,15,1037.78
p2_S2_N2.63,2448.0,271.2,137.0,11,549.9
p2_S2_W.13,2193.0,517.57,313.0,14,1005.57
p2_S2_N2.64,2456.0,276.86,134.0,10,563.06
p2_E_W.120,2310.0,403.06,242.0,8,820.49
p2_S2_N2.65,2463.0,271.55,133.0,10,572.56
p2_N2_S2.93,2730.0,5.63,0.0,0,149.42
p2_S2_N2.66,2505.0,231.38,103.0,7,512.45
p2_W_N1.3,2431.0,301.28,198.0,9,631.23
p2_N1_S1.87,2670.0,63.27,34.0,2,255.84
p2_S1_N1.89,2690.0,43.73,31.0,1,227.32
p2_S2_N2.67,2599.0,143.72,39.0,7,373.4
p2_S1_N1.90,2700.0,42.94,29.0,1,231.3
p2_S2_N2.68,2603.0,141.52,36.0,5,359.85
p2_S1_N1.91,2710.0,35.0,19.0,1,224.31
p2_S2_N2.69,2610.0,136.29,34.0,4,362.94
p2_S1_N1.92,2720.0,24.18,10.0,1,201.32
p2_N2_S2.94,2740.0,5.85,0.0,0,153.15
p2_S1_N1.93,2730.0,14.81,1.0,1,192.71
p2_S2_N2.70,2660.0,90.45,13.0,3,279.72
p2_S1_N1.94,2740.0,10.24,0.0,0,193.0
p2_N1_S1.88,2680.0,73.32,41.0,3,274.82
p2_S2_N2.71,2663.0,88.42,10.0,2,287.29
p2_N1_S1.89,2690.0,65.21,36.0,2,258.11
p2_S1_N1.95,2750.0,5.69,0.0,0,150.37
p2_N1_S1.90,2700.0,55.74,35.0,2,245.61
p2_W_E.8,2395.0,342.88,237.0,9,753.95
p2_W_E.9,2402.0,337.83,227.0,9,739.37
p2_N1_S1.91,2710.0,52.25,32.0,2,245.19
p2_N1_E.27,2613.0,128.41,95.0,4,426.93
p2_N1_E.28,2643.0,100.15,65.0,3,381.1
p2_N1_S1.92,2720.0,41.76,19.0,2,221.75
p2_S1_N1.96,2760.0,5.46,0.0,0,151.6
p2_W_E.10,2421.0,324.7,221.0,8,722.96
p2_N1_S1.93,2730.0,38.02,13.0,2,222.3
p2_W_E.11,2425.0,322.41,216.0,8,708.18
p2_W_E.12,2428.0,321.01,211.0,8,710.47
p2_N1_S1.94,2740.0,26.97,3.0,1,192.06
p2_N1_S1.95,2750.0,24.84,2.0,1,200.5
p2_N1_S1.96,2760.0,15.71,0.0,0,195.67
p2_S2_N2.72,2666.0,111.25,31.0,6,331.14
p2_N2_S2.95,2750.0,27.04,15.0,1,197.24
p2_N2_S2.96,2760.0,19.69,8.0,1,182.09
p2_N2_S2.97,2770.0,11.98,0.0,0,180.27
p2_W_N1.4,2446.0,342.76,218.0,9,685.15
p2_S2_N2.73,2672.0,113.87,28.0,6,333.71
p2_N2_S2.98,2780.0,5.97,0.0,0,152.24
p2_S2_N2.74,2675.0,118.17,25.0,5,336.69
p2_S2_N2.75,2678.0,116.88,24.0,2,358.02
p2_N2_S2.99,2790.0,6.43,0.0,0,144.98
p2_W_N1.5,2461.0,338.22,205.0,10,665.79
p2_S2_N2.76,2684.0,118.09,24.0,3,333.76
p2_S2_N2.77,2687.0,117.42,21.0,2,337.89
p2_S2_N2.78,2690.0,112.78,20.0,2,328.26
p2_N2_S2.100,2800.0,5.72,0.0,0,152.94
p2_E_S1.12,2326.0,463.22,310.0,10,906.69
p2_S2_N2.79,2696.0,116.14,18.0,2,324.4
p2_S1_N1.97,2770.0,43.8,32.0,1,233.0
p2_S1_N1.98,2780.0,33.06,23.0,1,205.03
p2_S1_N1.99,2790.0,30.36,15.0,1,216.98
p2_S2_N2.80,2699.0,108.81,18.0,2,310.45
p2_S1_N1.100,2800.0,22.08,6.0,1,214.31
p2_S2_N2.81,2702.0,120.98,19.0,3,335.94
p2_S1_N1.101,2810.0,10.49,0.0,0,188.36
p2_N2_S2.101,2810.0,6.15,0.0,0,150.67
p2_N1_E.29,2673.0,131.02,88.0,4,422.43
p2_N1_E.30,2703.0,101.88,73.0,3,372.13
p2_N1_S1.97,2770.0,53.82,39.0,2,239.42
p2_S1_N1.102,2820.0,6.14,0.0,0,153.17
p2_N1_E.31,2733.0,75.88,42.0,3,349.34
p2_N1_S1.98,2780.0,52.26,34.0,2,243.7
p2_W_E.13,2434.0,373.39,251.0,10,781.58
p2_N1_S1.99,2790.0,43.97,25.0,2,243.38
p2_S1_N1.103,2830.0,5.75,0.0,0,145.81
p2_W_E.14,2437.0,370.23,250.0,10,786.21
p2_W_E.15,2440.0,373.71,247.0,10,789.27
p2_W_E.16,2443.0,375.31,241.0,10,795.22
p2_W_E.17,2449.0,366.9,230.0,12,773.95
p2_N1_S1.100,2800.0,40.28,17.0,3,223.15
p2_W_E.18,2452.0,360.71,229.0,11,763.8
p2_N1_S1.101,2810.0,34.23,8.0,3,220.59
p2_S1_N1.104,2840.0,5.75,0.0,0,148.82
p2_W_E.19,2455.0,367.75,220.0,10,767.07
p2_W_E.20,2458.0,369.09,219.0,10,765.54
p2_N1_S1.102,2820.0,22.17,4.0,1,198.13
p2_W_E.21,2464.0,359.41,212.0,10,758.15
p2_E_W.121,2329.0,500.93,342.0,10,972.33
p2_W_E.22,2497.0,321.99,189.0,9,688.05
p2_E_W.122,2332.0,499.82,338.0,10,977.04
p2_S2_N2.82,2722.0,131.39,42.0,4,352.89
p2_N2_S2.102,2820.0,31.74,21.0,1,205.93
p2_S2_N2.83,2725.0,128.84,40.0,3,336.35
p2_E_W.123,2335.0,496.62,336.0,10,967.93
p2_N2_S2.103,2830.0,26.83,15.0,1,202.81
p2_N2_S2.104,2840.0,18.5,5.0,1,197.21
p2_N2_S2.105,2850.0,10.29,0.0,0,172.16
p2_S2_N2.84,2728.0,124.3,39.0,3,344.66
p2_S2_W.14,2223.0,602.51,396.0,16,1150.6
p2_S2_W.15,2253.0,588.55,372.0,14,1113.2
p2_S2_W.16,2283.0,561.53,344.0,13,1090.78
p2_S2_N2.85,2734.0,130.7,38.0,3,348.79
p2_S2_W.17,2313.0,531.66,308.0,13,1024.55
p2_N2_S2.106,2860.0,5.81,0.0,0,147.04
p2_S2_N2.86,2737.0,129.45,37.0,3,346.15
p2_S2_W.18,2343.0,505.12,284.0,10,979.36
p2_E_W.124,2340.0,505.66,354.0,10,1018.86
p2_E_W.125,2347.0,497.06,348.0,12,991.09
p2_E_W.126,2372.0,478.34,337.0,10,961.04
p2_N2_S2.107,2870.0,6.44,0.0,0,151.8
p2_E_W.127,2375.0,481.09,333.0,10,977.94
p2_S2_N2.87,2740.0,122.89,35.0,4,334.28
p2_E_W.128,2378.0,478.17,331.0,10,971.2
p2_E_W.129,2382.0,471.98,331.0,11,951.83
p2_W_N1.6,2509.0,373.53,235.0,13,724.04
p2_E_W.130,2390.0,471.46,323.0,10,946.2
p2_S1_N1.105,2850.0,35.23,24.0,1,212.5
p2_S1_N1.106,2860.0,25.14,12.0,1,205.2
p2_S1_N1.107,2870.0,21.07,6.0,1,195.81
p2_S1_N1.108,2880.0,12.77,0.0,0,186.27
p2_N2_S2.108,2880.0,6.97,0.0,0,155.29
p2_S2_N2.88,2746.0,150.18,47.0,5,370.34
p2_N1_S1.103,2830.0,67.33,38.0,2,265.78
p2_S2_N2.89,2749.0,149.27,48.0,5,375.94
p2_N1_S1.104,2840.0,59.27,36.0,2,253.6
p2_S2_N2.90,2752.0,148.29,47.0,5,375.09
p2_S1_N1.109,2890.0,5.85,0.0,0,151.08
p2_S1_N1.110,2900.0,5.65,0.0,0,150.9
p2_W_E.23,2500.0,384.89,236.0,12,794.21
p2_N1_S1.105,2850.0,44.74,27.0,2,225.06
p2_W_E.24,2503.0,379.82,233.0,11,798.67
p2_N1_S1.106,2860.0,52.36,23.0,3,233.98
p2_N1_E.32,2763.0,114.92,93.0,3,398.54
p2_N1_S1.107,2870.0,41.07,16.0,3,224.89
p2_S1_N1.111,2910.0,5.83,0.0,0,151.73
p2_N1_E.33,2793.0,103.88,68.0,4,388.51
p2_N1_S1.108,2880.0,38.91,9.0,3,221.93
p2_N1_S1.109,2890.0,32.81,5.0,1,221.65
p2_S2_W.19,2373.0,532.66,326.0,13,1038.85
p2_N2_S2.109,2890.0,21.16,10.0,1,194.74
p2_S2_W.20,2433.0,471.0,282.0,15,943.09
p2_N2_S2.110,2900.0,30.96,9.0,1,203.88
p2_S2_W.21,2451.0,459.06,266.0,15,918.21
p2_N2_S2.111,2910.0,20.4,1.0,1,207.52
p2_S2_W.22,2590.0,322.17,165.0,11,728.56
p2_N2_S2.112,2920.0,12.89,0.0,0,187.25
p2_S2_N2.91,2758.0,170.38,61.0,6,416.11
p2_S2_W.23,2653.0,260.76,135.0,9,617.9
p2_S2_N2.92,2761.0,176.16,59.0,6,423.7
p2_N2_S2.113,2930.0,5.9,0.0,0,153.95
p2_S2_N2.93,2764.0,174.92,56.0,6,423.6
p2_S2_N2.94,2770.0,171.84,51.0,6,419.6
p2_W_N1.7,2524.0,418.07,259.0,14,778.9
p2_S2_N2.95,2773.0,170.72,52.0,6,406.8
p2_N2_S2.114,2940.0,5.85,0.0,0,156.86
p2_S2_N2.96,2776.0,167.24,47.0,6,396.71
p2_S2_N2.97,2799.0,151.6,46.0,5,361.99
p2_S2_N2.98,2802.0,150.36,44.0,5,354.01
p2_S2_N2.99,2805.0,149.29,41.0,6,357.5
p2_W_N1.8,2539.0,415.46,239.0,14,770.27
p2_N2_S2.115,2950.0,5.44,0.0,0,151.88
p2_E_S1.13,2394.0,541.07,405.0,12,1061.98
p2_N1_S1.110,2900.0,59.28,32.0,1,250.73
p2_N1_S1.111,2910.0,51.98,31.0,1,238.54
p2_S1_N1.112,2920.0,34.28,23.0,1,207.79
p2_W_E.25,2506.0,425.91,285.0,12,870.4
p2_S1_N1.113,2930.0,38.18,22.0,1,223.92
p2_S1_N1.114,2940.0,30.04,12.0,1,221.66
p2_N1_E.34,2823.0,108.88,77.0,3,381.03
p2_S1_N1.115,2950.0,21.93,2.0,1,220.79
p2_S1_N1.116,2960.0,10.19,0.0,0,184.83
p2_N1_E.35,2853.0,79.94,51.0,4,338.97
p2_N1_S1.112,2920.0,55.04,33.0,2,241.06
p2_S1_N1.117,2970.0,5.64,0.0,0,153.98
p2_N1_E.36,2883.0,70.97,26.0,3,336.01
p2_N1_S1.113,2930.0,46.65,28.0,2,230.44
p2_N1_S1.114,2940.0,38.47,20.0,2,224.1
p2_W_E.26,2512.0,424.22,281.0,13,850.69
p2_W_E.27,2515.0,444.42,274.0,15,872.45
p2_W_E.28,2518.0,443.52,272.0,13,891.12
p2_W_E.29,2521.0,442.26,264.0,14,889.12
p2_S2_N2.100,2811.0,174.93,60.0,6,407.8
p2_N2_S2.116,2960.0,24.88,13.0,1,197.03
p2_W_E.30,2527.0,430.32,250.0,11,886.13
p2_S2_N2.101,2814.0,173.6,57.0,6,404.5
p2_W_E.31,2530.0,437.06,249.0,12,897.7
p2_E_W.131,2397.0,569.79,427.0,12,1095.8
p2_N2_S2.117,2970.0,17.85,7.0,1,192.75
p2_S2_N2.102,2820.0,169.41,55.0,6,409.18
p2_E_W.132,2400.0,569.08,422.0,12,1099.72
p2_E_W.133,2403.0,561.58,421.0,13,1078.6
p2_E_W.134,2406.0,569.94,416.0,12,1096.07
p2_E_W.135,2409.0,568.82,414.0,12,1084.55
p2_E_W.136,2412.0,567.47,407.0,13,1087.11
p2_N2_S2.118,2980.0,7.01,0.0,0,153.93
p2_N2_S2.119,2990.0,10.27,0.0,0,154.37
p2_S2_N2.103,2830.0,174.25,57.0,6,431.37
p2_N2_S2.120,3000.0,7.14,0.0,0,156.31
p2_S2_N2.104,2840.0,166.3,50.0,6,419.54
p2_S2_W.24,2669.0,296.5,164.0,10,693.66
p2_S2_W.25,2681.0,307.59,145.0,9,706.43
p2_S2_W.26,2693.0,292.1,138.0,7,683.2
p2_S2_W.27,2718.0,273.02,130.0,8,653.4
p2_N2_S2.121,3010.0,5.41,0.0,0,149.66
p2_E_W.137,2415.0,579.41,417.0,13,1136.31
p2_S2_N2.105,2850.0,153.04,45.0,6,397.67
p2_E_W.138,2420.0,576.12,410.0,14,1125.92
p2_E_S1.14,2472.0,523.18,360.0,11,1021.42
p2_W_N1.9,2585.0,432.95,251.0,13,795.86
p2_S2_N2.106,2860.0,157.88,42.0,5,409.93
p2_E_W.139,2466.0,526.76,372.0,11,1055.12
p2_S2_N2.107,2870.0,149.55,39.0,5,389.5
p2_E_W.140,2469.0,530.57,366.0,12,1049.43
p2_S2_N2.108,2880.0,141.24,35.0,4,388.58
p2_S1_N1.118,2980.0,41.25,31.0,1,226.98
p2_N1_S1.115,2950.0,71.93,47.0,3,287.98
p2_S1_N1.119,2990.0,33.0,20.0,1,210.34
p2_S1_N1.120,3000.0,26.82,13.0,1,203.33
p2_W_E.32,2533.0,473.92,291.0,15,950.1
p2_N1_S1.116,2960.0,59.69,35.0,2,249.97
p2_S1_N1.121,3010.0,18.67,5.0,1,189.45
p2_W_E.33,2536.0,472.76,283.0,13,936.66
p2_N1_S1.117,2970.0,59.93,33.0,1,253.95
p2_S1_N1.122,3020.0,8.99,0.0,0,167.6
p2_N1_E.37,2913.0,96.89,65.0,3,378.12
p2_N1_S1.118,2980.0,56.0,32.0,2,254.51
p2_S1_N1.123,3030.0,5.88,0.0,0,144.27
p2_N1_E.38,2943.0,63.68,36.0,3,317.78
p2_W_E.34,2542.0,475.0,280.0,13,929.03
p2_N1_S1.119,2990.0,45.36,26.0,1,230.88
p2_W_E.35,2545.0,474.7,282.0,16,935.26
p2_W_E.36,2548.0,462.42,278.0,18,901.29
p2_N1_S1.120,3000.0,33.92,15.0,1,214.94
p2_N2_S2.122,3020.0,26.64,15.0,1,199.04
p2_N1_S1.121,3010.0,36.95,13.0,1,221.11
p2_N2_S2.123,3030.0,18.6,6.0,1,185.94
p2_N1_S1.122,3020.0,28.89,5.0,1,220.08
p2_N1_S1.123,3030.0,20.71,0.0,0,199.5
p2_S1_N1.124,3040.0,5.76,0.0,0,151.15
p2_N2_S2.124,3040.0,7.72,0.0,0,158.34
p2_E_W.141,2475.0,554.59,387.0,12,1077.28
p2_S2_N2.109,2890.0,165.92,60.0,7,424.95
p2_S2_W.28,2731.0,301.56,153.0,9,673.17
p2_N2_S2.125,3050.0,6.41,0.0,0,153.08
p2_S2_W.29,2743.0,288.1,141.0,10,667.47
p2_S2_N2.110,2900.0,154.38,51.0,7,408.06
p2_S2_N2.111,2910.0,153.69,41.0,4,404.45
p2_E_W.142,2478.0,561.18,404.0,11,1108.54
p2_E_W.143,2481.0,563.02,403.0,12,1119.44
p2_N2_S2.126,3060.0,6.43,0.0,0,152.77
p2_E_W.144,2484.0,561.71,397.0,11,1112.76
p2_S2_N2.112,2920.0,141.86,38.0,5,380.96
p2_S2_N2.113,2930.0,137.25,38.0,6,376.48
p2_E_W.145,2487.0,558.58,395.0,12,1089.17
p2_S2_N2.114,2940.0,128.87,33.0,3,378.2
p2_S2_W.30,2755.0,293.9,137.0,10,698.11
p2_S2_W.31,2767.0,283.44,116.0,10,673.18
p2_S2_N2.115,2950.0,122.96,29.0,2,357.39
p2_S2_W.32,2791.0,252.72,99.0,9,605.35
p2_S2_N2.116,2960.0,113.47,30.0,3,335.73
p2_S2_W.33,2808.0,244.34,90.0,10,601.33
p2_S2_N2.117,2970.0,107.49,28.0,2,339.24
p2_N2_S2.127,3070.0,6.49,0.0,0,158.48
p2_W_N1.10,2600.0,484.96,284.0,18,864.75
p2_E_W.146,2490.0,548.2,401.0,13,1079.03
p2_E_W.147,2493.0,565.33,400.0,12,1092.03
p2_S1_N1.125,3050.0,37.01,27.0,1,214.49
p2_S2_N2.118,2980.0,106.13,27.0,3,329.16
p2_E_W.148,2496.0,572.51,394.0,13,1110.37
p2_S1_N1.126,3060.0,28.21,17.0,1,205.57
p2_N2_S2.128,3080.0,5.98,0.0,0,149.34
p2_E_W.149,2499.0,571.3,391.0,13,1107.13
p2_W_E.37,2551.0,522.57,319.0,17,998.82
p2_S1_N1.127,3070.0,18.42,7.0,1,189.39
p2_N1_E.39,2973.0,100.77,70.0,3,385.74
p2_S1_N1.128,3080.0,16.97,1.0,1,194.32
p2_S1_N1.129,3090.0,8.76,0.0,0,165.81
p2_N1_E.40,3003.0,74.03,42.0,2,338.99
p2_W_E.38,2588.0,491.16,295.0,18,931.53
p2_N1_S1.124,3040.0,61.27,40.0,2,266.36
p2_N1_S1.125,3050.0,50.51,35.0,2,226.27
p2_S2_N2.119,2990.0,117.96,46.0,3,348.46
p2_N2_S2.129,3090.0,18.18,6.0,1,191.39
p2_N1_S1.126,3060.0,48.15,27.0,2,235.13
p2_S2_N2.120,3000.0,109.44,42.0,3,335.09
p2_S1_N1.130,3100.0,6.27,0.0,0,143.46
p2_N2_S2.130,3100.0,9.31,0.0,0,165.78
p2_S2_N2.121,3010.0,104.45,37.0,3,322.92
p2_S1_N1.131,3110.0,5.72,0.0,0,147.9
p2_N2_S2.131,3110.0,5.08,0.0,0,148.05
p2_S2_N2.122,3020.0,96.1,32.0,3,322.31
p2_N1_S1.127,3070.0,38.56,17.0,2,218.75
p2_S2_N2.123,3030.0,84.93,27.0,2,290.23
p2_N1_S1.128,3080.0,39.07,11.0,2,223.1
p2_S2_N2.124,3040.0,82.06,24.0,2,287.52
p2_E_W.150,2502.0,601.33,425.0,15,1138.4
p2_S2_N2.125,3050.0,71.17,22.0,2,256.94
p2_N1_S1.129,3090.0,18.47,2.0,1,184.71
p2_W_E.39,2591.0,517.99,315.0,17,982.01
p2_W_E.40,2594.0,509.16,308.0,19,962.07
p2_W_E.41,2597.0,512.56,296.0,17,973.25
p2_W_N1.11,2663.0,466.52,272.0,17,857.29
p2_N1_E.41,3033.0,82.17,48.0,3,364.0
p2_W_N1.12,2743.0,404.39,231.0,12,749.33
p2_N1_E.42,3063.0,42.72,19.0,2,280.64
p2_N1_E.43,3093.0,29.15,0.0,0,245.64
p2_W_N1.13,2810.0,347.43,198.0,12,689.31
p2_W_E.42,2608.0,512.33,315.0,20,953.93
p2_E_S1.15,2542.0,592.74,424.0,13,1133.28
p2_W_E.43,2618.0,513.29,309.0,19,986.41
p2_N1_S1.130,3100.0,63.71,38.0,1,265.07
p2_W_E.44,2654.0,483.79,282.0,18,945.81
p2_S2_N2.126,3060.0,101.93,55.0,3,323.94
p2_S1_N1.132,3120.0,42.34,32.0,1,222.18
p2_N2_S2.132,3120.0,41.71,30.0,1,222.93
p2_N1_S1.131,3110.0,53.81,37.0,1,243.7
p2_S1_N1.133,3130.0,34.69,24.0,1,220.73
p2_N2_S2.133,3130.0,36.7,24.0,1,221.82
p2_N1_S1.132,3120.0,48.06,35.0,1,236.86
p2_S1_N1.134,3140.0,25.16,14.0,1,198.37
p2_S1_N1.135,3150.0,19.74,7.0,1,197.49
p2_N2_S2.134,3140.0,23.06,10.0,1,190.05
p2_S1_N1.136,3160.0,12.82,0.0,0,194.15
p2_N2_S2.135,3150.0,17.21,4.0,1,187.36
p2_N2_S2.136,3160.0,16.67,0.0,0,183.27
p2_N2_S2.137,3170.0,8.36,0.0,0,170.49
p2_E_W.151,2545.0,606.8,432.0,16,1131.58
p2_E_W.152,2548.0,604.37,431.0,15,1131.98
p2_E_W.153,2551.0,611.42,420.0,14,1134.01
p2_E_W.154,2555.0,606.19,416.0,14,1121.05
p2_W_E.45,2659.0,504.2,299.0,18,969.92
p2_S2_W.34,2823.0,342.33,168.0,14,749.21
p2_S2_N2.127,3070.0,106.04,54.0,4,331.69
p2_S2_W.35,2853.0,313.91,144.0,10,729.74
p2_W_E.46,2673.0,491.13,292.0,17,931.48
p2_W_E.47,2723.0,447.04,258.0,14,877.05
p2_E_W.155,2558.0,605.28,438.0,14,1131.71
p2_W_E.48,2727.0,444.74,256.0,16,896.62
p2_E_W.156,2561.0,603.98,432.0,12,1136.39
p2_W_E.49,2730.0,443.44,252.0,12,888.46
p2_W_E.50,2734.0,440.36,252.0,16,877.67
p2_E_W.157,2564.0,609.43,431.0,15,1136.44
p2_W_E.51,2755.0,421.87,246.0,14,848.57
p2_W_E.52,2793.0,385.58,215.0,11,792.57
p2_E_W.158,2567.0,599.25,428.0,12,1129.24
p2_S2_W.36,2883.0,296.69,142.0,12,701.49
p2_W_E.53,2796.0,384.38,216.0,14,788.93
p2_S2_W.37,2913.0,263.39,114.0,9,662.97
p2_W_E.54,2800.0,382.23,215.0,13,786.41
p2_S2_W.38,2943.0,240.43,96.0,6,631.03
p2_N1_E.44,3123.0,60.36,34.0,2,324.25
p2_S2_W.39,2973.0,211.75,88.0,6,589.82
p2_E_W.159,2570.0,615.51,445.0,14,1162.45
p2_E_W.160,2574.0,614.84,442.0,14,1155.58
p2_W_E.55,2869.0,309.96,174.0,10,677.19
p2_W_N1.14,2881.0,332.46,192.0,14,660.52
p2_S2_N2.128,3080.0,134.43,76.0,4,376.01
p2_N2_S2.138,3180.0,35.07,22.0,1,208.62
p2_S2_N2.129,3090.0,126.82,72.0,4,359.61
p2_S1_N1.137,3170.0,49.34,39.0,1,235.83
p2_E_S1.16,2628.0,557.66,398.0,14,1064.11
p2_S1_N1.138,3180.0,41.52,29.0,1,215.79
p2_N1_S1.133,3130.0,88.05,67.0,2,302.5
p2_N2_S2.139,3190.0,21.33,10.0,1,183.84
p2_N1_S1.134,3140.0,81.77,57.0,2,294.58
p2_S1_N1.139,3190.0,31.76,20.0,1,213.84
p2_N2_S2.140,3200.0,25.35,5.0,1,197.06
p2_N1_S1.135,3150.0,76.3,52.0,2,302.01
p2_S1_N1.140,3200.0,26.17,14.0,1,207.12
p2_N2_S2.141,3210.0,17.1,0.0,0,204.91
p2_S1_N1.141,3210.0,15.62,3.0,1,177.91
p2_N2_S2.142,3220.0,8.98,0.0,0,162.86
p2_S2_N2.130,3100.0,131.4,72.0,5,349.02
p2_S1_N1.142,3220.0,11.08,0.0,0,172.52
p2_S2_N2.131,3110.0,123.21,71.0,6,343.26
p2_N1_S1.136,3160.0,74.36,45.0,3,277.18
p2_S1_N1.143,3230.0,5.76,0.0,0,151.65
p2_S2_N2.132,3120.0,116.06,65.0,5,340.63
p2_N1_S1.137,3170.0,67.36,39.0,2,265.67
p2_N2_S2.143,3230.0,5.72,0.0,0,149.89
p2_N1_S1.138,3180.0,59.09,37.0,2,253.44
p2_S2_N2.133,3130.0,112.61,54.0,4,344.77
p2_N1_S1.139,3190.0,54.36,31.0,1,252.79
p2_S2_N2.134,3140.0,103.26,55.0,4,311.43
p2_N1_S1.140,3200.0,46.22,23.0,1,233.47
p2_S1_N1.144,3240.0,6.15,0.0,0,153.3
p2_N2_S2.144,3240.0,5.99,0.0,0,144.81
p2_N1_S1.141,3210.0,35.06,12.0,1,212.62
p2_N1_S1.142,3220.0,31.68,7.0,1,219.01
p2_S2_N2.135,3150.0,89.06,47.0,4,283.39
p2_N1_S1.143,3230.0,25.17,0.0,0,205.73
p2_S2_N2.136,3160.0,93.94,40.0,4,297.28
p2_N2_S2.145,3250.0,5.78,0.0,0,149.37
p2_S2_N2.137,3170.0,88.46,34.0,3,295.61
p2_S2_N2.138,3180.0,78.69,24.0,2,277.9
p2_E_W.161,2631.0,609.95,436.0,13,1141.88
p2_S2_N2.139,3190.0,72.56,21.0,2,268.23
p2_N1_S1.144,3240.0,10.45,0.0,0,170.82
p2_S2_W.40,3003.0,236.84,127.0,8,600.61
p2_W_E.56,2872.0,373.81,226.0,10,784.76
p2_S2_W.41,3033.0,209.66,102.0,6,557.13
p2_W_E.57,2875.0,372.59,225.0,11,791.06
p2_E_W.162,2634.0,607.62,429.0,13,1143.6
p2_W_E.58,2878.0,371.54,219.0,11,794.63
p2_E_W.163,2637.0,610.46,426.0,13,1157.99
p2_E_W.164,2640.0,612.54,424.0,14,1160.4
p2_E_W.165,2643.0,610.53,414.0,15,1153.51
p2_N1_E.45,3153.0,89.64,58.0,4,369.18
p2_E_W.166,2649.0,601.99,414.0,15,1131.8
p2_E_W.167,2699.0,559.14,374.0,14,1049.07
p2_N1_E.46,3183.0,73.89,39.0,2,347.12
p2_N1_E.47,3213.0,44.05,11.0,1,306.09
p2_E_W.168,2703.0,556.88,367.0,14,1052.91
p2_E_W.169,2706.0,555.61,365.0,14,1062.12
p2_E_W.170,2710.0,550.05,362.0,14,1053.63
p2_N2_S2.146,3260.0,25.85,15.0,1,203.29
p2_N2_S2.147,3270.0,15.5,4.0,1,178.62
p2_S2_N2.140,3200.0,80.85,36.0,2,284.08
p2_N2_S2.148,3280.0,11.39,0.0,0,176.83
p2_W_N1.15,2896.0,393.35,232.0,15,748.94
p2_S2_N2.141,3210.0,72.61,35.0,2,268.15
p2_E_S1.17,2716.0,549.2,366.0,13,1054.36
p2_N2_S2.149,3290.0,5.39,0.0,0,147.53
p2_S1_N1.145,3250.0,43.86,32.0,1,223.07
p2_S1_N1.146,3260.0,38.65,25.0,1,218.26
p2_S1_N1.147,3270.0,30.4,17.0,1,216.96
p2_S1_N1.148,3280.0,22.27,9.0,1,211.44
p2_S1_N1.149,3290.0,14.02,1.0,1,204.76
p2_S2_N2.142,3220.0,76.09,33.0,3,279.15
p2_S2_N2.143,3230.0,77.02,25.0,3,288.86
p2_N1_S1.145,3250.0,59.04,39.0,2,253.51
p2_S2_N2.144,3240.0,69.91,18.0,2,285.61
p2_N1_S1.146,3260.0,49.2,32.0,2,231.67
p2_N1_S1.147,3270.0,44.15,25.0,2,233.76
p2_N2_S2.150,3300.0,6.32,0.0,0,154.55
p2_S2_N2.145,3250.0,66.08,15.0,3,254.73
p2_S1_N1.150,3300.0,6.37,0.0,0,154.23
p2_S2_N2.146,3260.0,57.83,14.0,3,238.72
p2_S2_N2.147,3270.0,51.26,14.0,3,231.02
p2_N1_S1.148,3280.0,35.91,15.0,2,214.21
p2_N2_S2.151,3310.0,6.26,0.0,0,145.37
p2_N1_S1.149,3290.0,33.1,9.0,2,211.53
p2_N1_S1.150,3300.0,24.13,4.0,1,209.48
p2_W_E.59,2884.0,422.69,266.0,15,860.19
p2_E_W.171,2766.0,541.05,359.0,15,1037.39
p2_E_W.172,2770.0,538.64,349.0,15,1013.46
p2_W_E.60,2887.0,422.33,261.0,15,855.47
p2_W_E.61,2890.0,419.14,257.0,14,846.06
p2_E_W.173,2773.0,535.11,350.0,15,1015.4
p2_W_E.62,2893.0,420.79,253.0,14,852.08
p2_E_W.174,2776.0,537.54,346.0,15,1030.05
p2_E_W.175,2779.0,536.39,342.0,15,1023.03
p2_N1_E.48,3243.0,71.97,42.0,2,338.32
p2_S2_W.42,3063.0,251.34,143.0,9,629.45
p2_N1_E.49,3273.0,44.91,24.0,2,272.17
p2_E_W.176,2782.0,530.41,354.0,14,1026.16
p2_E_W.177,2788.0,534.52,356.0,15,1044.61
p2_S2_W.43,3093.0,232.42,137.0,7,601.94
p2_S2_W.44,3123.0,204.16,118.0,7,560.65
p2_S2_W.45,3153.0,176.07,96.0,6,509.51
p2_N2_S2.152,3320.0,30.96,20.0,1,204.57
p2_S2_W.46,3183.0,147.95,63.0,4,480.19
p2_W_N1.16,2942.0,412.07,237.0,16,766.59
p2_S2_N2.148,3280.0,68.34,33.0,2,266.65
p2_N2_S2.153,3330.0,23.9,11.0,1,199.78
p2_N2_S2.154,3340.0,15.6,3.0,1,185.0
p2_S2_N2.149,3290.0,62.47,25.0,2,269.32
p2_S2_N2.150,3300.0,57.82,20.0,1,248.16
p2_N2_S2.155,3350.0,6.33,0.0,0,149.84
p2_S1_N1.151,3310.0,38.61,26.0,1,225.02
p2_S2_N2.151,3310.0,56.57,20.0,2,247.26
p2_N2_S2.156,3360.0,6.72,0.0,0,153.21
p2_S1_N1.152,3320.0,38.09,22.0,1,216.58
p2_S2_N2.152,3320.0,48.37,18.0,1,236.17
p2_S1_N1.153,3330.0,39.53,18.0,1,225.79
p2_S2_N2.153,3330.0,40.21,18.0,1,223.05
p2_S1_N1.154,3340.0,31.27,11.0,1,223.37
p2_S1_N1.155,3350.0,21.41,2.0,1,212.65
p2_N1_S1.151,3310.0,63.98,38.0,2,264.39
p2_S1_N1.156,3360.0,10.51,0.0,0,168.9
p2_N2_S2.157,3370.0,5.76,0.0,0,143.99
p2_N1_S1.152,3320.0,56.0,37.0,2,246.59
p2_S1_N1.157,3370.0,6.69,0.0,0,154.82
p2_N1_S1.153,3330.0,46.7,29.0,2,226.49
p2_S2_N2.154,3340.0,42.09,15.0,2,231.29
p2_N1_S1.154,3340.0,43.55,20.0,2,228.6
p2_S2_N2.155,3350.0,34.06,8.0,2,215.47
p2_N1_S1.155,3350.0,35.36,14.0,2,206.31
p2_S1_N1.158,3380.0,5.85,0.0,0,150.2
p2_N1_S1.156,3360.0,24.04,7.0,1,189.68
p2_W_E.63,2899.0,463.17,295.0,22,908.33
p2_E_W.178,2847.0,526.12,368.0,13,1046.89
p2_W_E.64,2902.0,471.4,290.0,21,920.15
p2_W_E.65,2905.0,470.17,278.0,20,916.26
p2_E_W.179,2850.0,525.32,366.0,13,1036.74
p2_W_E.66,2908.0,468.88,281.0,20,911.08
p2_E_W.180,2853.0,524.12,362.0,13,1027.51
p2_W_N1.17,3025.0,378.14,223.0,16,719.0
p2_N1_E.50,3303.0,65.08,40.0,2,306.64
p2_N1_E.51,3333.0,44.42,21.0,2,269.39
p2_W_N1.18,3049.0,364.94,209.0,21,708.33
p2_N1_E.52,3363.0,24.66,5.0,1,234.49
p2_W_E.67,2953.0,447.57,271.0,18,895.16
p2_W_N1.19,3095.0,331.09,182.0,14,649.49
p2_W_E.68,3014.0,379.66,232.0,14,799.68
p2_N2_S2.158,3380.0,47.82,37.0,1,233.32
p2_N2_S2.159,3390.0,39.11,29.0,1,217.94
p2_E_S1.18,2856.0,546.12,381.0,15,1055.16
p2_N1_S1.157,3370.0,62.66,42.0,2,258.56
p2_S2_N2.156,3360.0,61.44,40.0,2,262.71
p2_N1_S1.158,3380.0,55.11,37.0,1,243.49
p2_S1_N1.159,3390.0,35.42,25.0,1,203.5
p2_N2_S2.160,3400.0,25.79,15.0,1,190.56
p2_N1_S1.159,3390.0,43.98,32.0,1,225.64
p2_S1_N1.160,3400.0,38.65,23.0,1,215.59
p2_N2_S2.161,3410.0,29.88,10.0,1,203.5
p2_N2_S2.162,3420.0,21.63,2.0,1,201.01
p2_S2_N2.157,3370.0,73.04,40.0,2,275.66
p2_N2_S2.163,3430.0,12.02,0.0,0,179.1
p2_S1_N1.161,3410.0,18.0,8.0,1,180.5
p2_N2_S2.164,3440.0,5.62,0.0,0,146.74
p2_S2_N2.158,3380.0,63.36,37.0,2,258.74
p2_N1_S1.160,3400.0,45.55,28.0,2,226.3
p2_S1_N1.162,3420.0,25.84,5.0,1,197.04
p2_S2_N2.159,3390.0,57.47,33.0,2,242.43
p2_S1_N1.163,3430.0,18.72,0.0,0,191.17
p2_N1_S1.161,3410.0,39.42,20.0,1,232.34
p2_N1_S1.162,3420.0,29.23,10.0,1,211.13
p2_E_W.181,2859.0,575.6,396.0,14,1097.59
p2_E_W.182,2862.0,574.42,393.0,15,1093.74
p2_W_E.69,3018.0,410.3,253.0,14,837.03
p2_E_W.183,2868.0,570.37,381.0,16,1084.15
p2_W_E.70,3022.0,412.24,250.0,18,846.25
p2_W_E.71,3029.0,407.22,243.0,16,829.03
p2_S2_W.47,3213.0,226.02,139.0,7,568.03
p2_W_E.72,3032.0,410.76,235.0,15,820.02
p2_S2_W.48,3243.0,195.14,110.0,8,546.29
p2_W_E.73,3035.0,400.34,234.0,16,796.7
p2_W_E.74,3038.0,401.36,231.0,16,808.63
p2_S2_W.49,3273.0,165.07,90.0,5,482.14
p2_W_E.75,3042.0,407.83,227.0,17,822.42
p2_E_W.184,2913.0,536.39,359.0,13,1037.78
p2_E_W.185,2917.0,534.0,354.0,13,1046.09
p2_W_E.76,3076.0,375.6,207.0,14,796.12
p2_E_W.186,2920.0,525.44,351.0,14,1020.38
p2_W_E.77,3079.0,374.34,200.0,17,785.55
p2_E_W.187,2923.0,525.99,345.0,13,1014.08
p2_W_E.78,3082.0,364.96,205.0,15,770.51
p2_E_W.188,2926.0,530.51,336.0,15,1009.56
p2_W_E.79,3087.0,362.98,200.0,15,763.68
p2_E_W.189,2931.0,523.21,340.0,16,1020.02
p2_E_W.190,2994.0,465.96,282.0,12,912.41
p2_N1_E.53,3393.0,54.37,30.0,2,312.03
p2_N2_S2.165,3450.0,33.29,22.0,1,207.68
p2_S2_N2.160,3400.0,80.97,51.0,3,283.31
p2_W_N1.20,3163.0,320.69,182.0,15,644.23
p2_N2_S2.166,3460.0,21.38,10.0,1,190.24
p2_S2_N2.161,3410.0,70.3,39.0,2,264.54
p2_N2_S2.167,3470.0,20.98,5.0,1,193.83
p2_S2_N2.162,3420.0,72.67,34.0,2,264.45
p2_N2_S2.168,3480.0,12.66,0.0,0,178.43
p2_E_S1.19,2998.0,465.97,284.0,13,916.92
p2_W_E.80,3144.0,331.07,187.0,13,723.6
p2_W_E.81,3148.0,328.68,181.0,14,714.19
p2_W_E.82,3151.0,326.56,182.0,16,704.59
p2_S1_N1.164,3440.0,48.99,36.0,1,222.37
p2_W_E.83,3155.0,326.76,177.0,14,711.05
p2_S1_N1.165,3450.0,47.98,31.0,1,226.99
p2_S1_N1.166,3460.0,42.03,23.0,1,224.02
p2_S1_N1.167,3470.0,37.61,17.0,1,227.67
p2_S1_N1.168,3480.0,22.62,4.0,1,202.74
p2_N1_S1.163,3430.0,81.75,54.0,3,287.64
p2_S1_N1.169,3490.0,14.67,0.0,0,195.88
p2_N2_S2.169,3490.0,18.43,7.0,1,182.22
p2_N1_S1.164,3440.0,72.86,44.0,2,274.69
p2_N2_S2.170,3500.0,8.69,0.0,0,164.18
p2_N1_S1.165,3450.0,65.96,43.0,2,266.78
p2_S1_N1.170,3500.0,6.13,0.0,0,146.09
p2_S2_N2.163,3430.0,88.97,43.0,4,300.38
p2_S1_N1.171,3510.0,8.92,0.0,0,163.31
p2_S2_N2.164,3440.0,79.54,39.0,3,278.69
p2_S2_N2.165,3450.0,74.39,38.0,3,277.46
p2_N1_S1.166,3460.0,55.72,35.0,2,252.2
p2_N1_S1.167,3470.0,56.88,30.0,2,256.71
p2_N2_S2.171,3510.0,6.2,0.0,0,157.07
p2_N1_S1.168,3480.0,48.53,22.0,2,249.0
p2_S1_N1.172,3520.0,6.3,0.0,0,154.1
p2_N2_S2.172,3520.0,9.28,0.0,0,161.61
p2_S2_N2.166,3460.0,72.48,33.0,2,262.66
p2_S2_N2.167,3470.0,63.94,29.0,2,254.17
p2_E_W.191,3002.0,512.93,319.0,16,992.33
p2_S2_N2.168,3480.0,54.87,18.0,2,242.79
p2_E_W.192,3009.0,502.91,314.0,17,989.45
p2_S2_N2.169,3490.0,51.03,12.0,1,238.38
p2_S2_W.50,3303.0,217.78,123.0,7,552.27
p2_S2_W.51,3333.0,188.75,114.0,9,537.69
p2_E_W.193,3050.0,470.49,305.0,17,957.76
p2_W_E.84,3213.0,312.62,178.0,10,693.37
p2_E_W.194,3053.0,473.86,306.0,17,982.8
p2_N1_E.54,3423.0,104.65,71.0,4,392.05
p2_E_W.195,3056.0,472.61,290.0,14,988.05
p2_E_W.196,3059.0,469.95,285.0,15,963.02
p2_E_W.197,3062.0,470.04,283.0,15,969.93
p2_N1_E.55,3453.0,73.86,45.0,3,335.66
p2_E_W.198,3065.0,468.76,277.0,14,940.52
p2_E_W.199,3068.0,460.25,273.0,15,911.3
p2_N1_E.56,3483.0,45.85,16.0,2,281.18
p2_E_W.200,3071.0,464.03,268.0,16,918.37
p2_S2_N2.170,3500.0,65.25,29.0,2,261.42
p2_W_N1.21,3226.0,339.93,199.0,10,683.57
p2_E_S1.20,3074.0,467.28,267.0,16,954.9
p2_S2_N2.171,3510.0,56.15,23.0,2,255.24
p2_N1_S1.169,3490.0,80.16,47.0,3,293.18
p2_S1_N1.173,3530.0,39.89,27.0,1,219.45
p2_S1_N1.174,3540.0,31.78,20.0,1,209.14
p2_N2_S2.173,3530.0,28.73,16.0,1,202.27
p2_N2_S2.174,3540.0,33.14,15.0,1,212.61
p2_N2_S2.175,3550.0,25.64,7.0,1,218.08
p2_N2_S2.176,3560.0,17.42,0.0,0,205.05
p2_N2_S2.177,3570.0,9.14,0.0,0,174.12
p2_N1_S1.170,3500.0,64.05,39.0,2,265.64
p2_N1_S1.171,3510.0,69.95,37.0,2,271.13
p2_S2_N2.172,3520.0,60.86,19.0,3,258.19
p2_S1_N1.175,3550.0,15.42,5.0,1,179.44
p2_N1_S1.172,3520.0,63.68,32.0,2,262.61
p2_S2_N2.173,3530.0,51.13,17.0,2,240.05
p2_S1_N1.176,3560.0,24.44,2.0,1,196.36
p2_S1_N1.177,3570.0,16.27,0.0,0,173.98
p2_N1_S1.173,3530.0,50.59,30.0,1,240.89
p2_N1_S1.174,3540.0,52.76,27.0,1,240.39
p2_W_E.85,3217.0,341.6,211.0,13,732.39
p2_W_E.86,3220.0,354.03,205.0,12,755.07
p2_S1_N1.178,3580.0,6.03,0.0,0,158.49
p2_S1_N1.179,3590.0,6.52,0.0,0,155.48
p2_W_E.87,3223.0,352.65,201.0,13,751.81
p2_N1_S1.175,3550.0,52.03,24.0,2,258.51
p2_S2_N2.174,3540.0,58.09,29.0,3,254.25
p2_N2_S2.178,3580.0,19.6,8.0,1,180.13
p2_E_W.201,3077.0,507.92,306.0,17,990.7
p2_N2_S2.179,3590.0,9.17,0.0,0,170.1
p2_S2_N2.175,3550.0,59.29,26.0,3,252.83
p2_E_W.202,3120.0,464.1,272.0,16,923.07
p2_N1_E.57,3513.0,79.44,41.0,4,345.11
p2_E_W.203,3124.0,460.04,265.0,15,923.67
p2_E_W.204,3128.0,461.41,263.0,14,925.17
p2_E_W.205,3135.0,457.78,259.0,14,920.29
p2_E_W.206,3184.0,399.92,225.0,13,829.36
p2_E_W.207,3187.0,409.77,223.0,16,839.49
p2_S2_W.52,3363.0,243.25,135.0,9,589.21
p2_N1_E.58,3543.0,54.44,28.0,2,288.45
p2_S2_W.53,3393.0,209.32,122.0,6,562.87
p2_E_W.208,3191.0,419.47,235.0,11,883.95
p2_W_E.88,3229.0,377.56,232.0,13,774.23
p2_W_N1.22,3241.0,394.11,230.0,13,758.81
p2_E_W.209,3197.0,395.48,240.0,13,834.08
p2_W_E.89,3232.0,381.18,228.0,12,791.68
p2_E_W.210,3218.0,398.15,238.0,11,820.14
p2_W_E.90,3235.0,380.81,225.0,12,802.45
p2_W_E.91,3238.0,372.39,218.0,15,762.19
p2_W_N1.23,3256.0,386.38,215.0,18,735.31
p2_W_E.92,3244.0,394.4,231.0,15,801.66
p2_W_N1.24,3286.0,373.43,201.0,15,727.77
p2_W_E.93,3247.0,393.74,222.0,14,789.61
p2_W_E.94,3250.0,392.58,222.0,14,771.09
p2_W_E.95,3253.0,390.98,221.0,15,770.33
p2_W_E.96,3259.0,390.14,209.0,14,785.36
p2_E_S1.21,3221.0,411.84,266.0,12,862.35
p2_N1_S1.176,3560.0,120.15,80.0,3,351.08
p2_N1_S1.177,3570.0,111.88,68.0,3,349.12
p2_S2_N2.176,3560.0,113.16,77.0,3,338.94
p2_E_W.211,3224.0,438.26,268.0,13,894.8
p2_S2_W.54,3423.0,239.48,154.0,9,599.62
p2_S2_N2.177,3570.0,114.88,73.0,2,348.14
p2_S2_W.55,3453.0,210.74,130.0,7,541.45
p2_S2_W.56,3483.0,183.17,101.0,6,514.35
p2_W_E.97,3265.0,404.12,218.0,17,816.54
p2_E_W.212,3227.0,438.3,278.0,14,902.43
p2_E_W.213,3230.0,443.59,264.0,14,917.59
p2_W_E.98,3269.0,395.45,213.0,16,821.95
p2_S2_N2.178,3580.0,94.56,69.0,2,295.33
p2_E_W.214,3233.0,438.93,264.0,14,917.38
p2_E_W.215,3236.0,441.1,260.0,13,919.52
p2_W_E.99,3272.0,393.2,210.0,17,794.85
p2_E_W.216,3239.0,439.79,259.0,14,925.0
p2_W_E.100,3276.0,402.89,212.0,17,814.58
p2_W_E.101,3351.0,323.12,160.0,17,704.18
p2_E_W.217,3242.0,429.3,247.0,14,887.41
p2_W_E.102,3354.0,316.4,160.0,15,687.88
p2_E_W.218,3245.0,427.31,244.0,14,876.5
p2_W_E.103,3357.0,329.38,154.0,14,707.44
p2_S2_W.57,3513.0,172.23,85.0,6,488.9
p2_N1_E.59,3573.0,102.36,61.0,2,373.21
p2_W_E.104,3361.0,324.72,160.0,14,702.38
p2_E_W.219,3248.0,428.42,263.0,14,884.66
p2_E_W.220,3251.0,436.1,263.0,16,898.58
p2_W_N1.25,3372.0,344.07,187.0,15,669.23
p2_W_N1.26,3437.0,289.83,152.0,10,580.04
p2_W_N1.27,3496.0,241.55,115.0,10,519.25
p2_E_S1.22,3254.0,469.05,282.0,16,943.15
p2_S2_N2.179,3590.0,158.28,128.0,3,395.45
p2_N1_S1.178,3580.0,162.91,125.0,3,410.36
p2_N1_S1.179,3590.0,165.87,122.0,3,417.0
p2_E_W.221,3257.0,480.35,285.0,15,974.72
p2_S2_W.58,3543.0,196.08,116.0,8,549.29
p2_E_W.222,3260.0,481.88,287.0,15,968.74
p2_E_W.223,3277.0,467.0,277.0,15,951.91
p2_W_E.105,3415.0,318.76,170.0,14,702.97
p2_E_W.224,3299.0,442.81,273.0,17,910.39
p2_W_E.106,3419.0,311.57,166.0,10,696.3
p2_E_W.225,3355.0,393.8,227.0,15,836.11
p2_W_E.107,3422.0,328.76,166.0,11,705.18
p2_E_W.226,3359.0,393.05,217.0,14,832.61
p2_W_E.108,3427.0,325.45,164.0,12,703.54
p2_E_W.227,3362.0,389.37,214.0,14,824.17
p2_W_E.109,3483.0,271.33,132.0,9,631.91
p2_E_W.228,3365.0,390.43,214.0,15,822.46
p2_W_E.110,3486.0,270.0,131.0,10,625.45
p2_W_E.111,3489.0,268.65,127.0,9,639.08
p2_E_W.229,3368.0,380.85,212.0,15,799.95
p2_W_E.112,3492.0,255.41,124.0,14,600.98
p2_E_W.230,3371.0,390.26,213.0,14,807.21
p2_W_E.113,3499.0,250.14,115.0,11,611.72
p2_W_E.114,3502.0,261.64,119.0,12,639.58
p2_W_N1.28,3511.0,273.02,133.0,11,549.61
p2_W_E.115,3505.0,253.05,122.0,10,592.11
p2_W_E.116,3508.0,260.16,117.0,10,599.44
p2_W_N1.29,3526.0,270.04,114.0,13,538.62
p2_W_N1.30,3564.0,243.47,95.0,10,510.39
p2_W_E.117,3514.0,273.75,129.0,10,604.91
p2_W_E.118,3517.0,273.18,125.0,11,600.74
p2_W_E.119,3520.0,270.49,117.0,10,594.29
p2_W_E.120,3523.0,276.79,119.0,12,597.1
p2_E_S1.23,3378.0,408.88,237.0,15,858.28
p2_E_W.231,3416.0,397.65,220.0,13,815.95
p2_E_W.232,3420.0,395.78,218.0,14,827.42
p2_W_E.121,3529.0,282.28,124.0,14,628.93
p2_W_E.122,3543.0,277.04,111.0,11,645.71
p2_W_E.123,3546.0,275.74,108.0,12,644.35
p2_E_W.233,3423.0,384.93,212.0,15,808.24
p2_W_E.124,3550.0,273.53,105.0,12,638.13
p2_W_E.125,3555.0,270.27,101.0,10,622.79
p2_E_W.234,3426.0,382.37,203.0,16,807.58
p2_W_E.126,3583.0,243.98,100.0,11,596.55
p2_E_W.235,3429.0,393.1,202.0,15,812.38
p2_W_E.127,3625.0,202.75,69.0,8,512.76
p2_E_W.236,3432.0,398.04,193.0,16,826.93
p2_W_E.128,3628.0,202.67,68.0,9,513.72
p2_E_W.237,3435.0,396.84,187.0,14,838.15
p2_E_W.238,3438.0,393.35,184.0,15,821.12
p2_S2_W.59,3573.0,261.9,152.0,8,647.92
p2_E_W.239,3441.0,392.6,194.0,15,842.92
p2_E_W.240,3445.0,389.27,197.0,18,842.65
p2_W_E.129,3633.0,184.74,67.0,10,493.14
p2_W_N1.31,3642.0,219.66,101.0,10,476.58
p2_W_N1.32,3715.0,157.68,55.0,5,386.84
p2_W_N1.33,3737.0,146.18,45.0,4,394.43
p2_W_E.130,3694.0,167.82,64.0,7,452.68
p2_W_E.131,3697.0,175.39,64.0,8,481.48
p2_W_E.132,3702.0,172.02,61.0,6,465.04
p2_W_N1.34,3752.0,140.31,41.0,6,369.02
p2_E_S1.24,3478.0,395.02,205.0,18,832.42
p2_W_E.133,3706.0,168.49,57.0,6,474.57
p2_E_W.241,3481.0,406.45,214.0,19,851.25
p2_E_W.242,3484.0,409.39,199.0,16,850.67
p2_E_W.243,3487.0,407.8,202.0,17,842.95
p2_E_W.244,3490.0,406.84,193.0,16,865.19
p2_W_E.134,3725.0,158.37,63.0,7,462.94
p2_E_W.245,3493.0,405.59,190.0,17,861.48
p2_W_E.135,3728.0,170.58,61.0,6,484.28
p2_W_E.136,3731.0,168.43,54.0,7,503.78
p2_W_E.137,3734.0,168.09,54.0,7,500.46
p2_E_W.246,3496.0,398.34,185.0,17,817.32
p2_W_E.138,3740.0,154.06,49.0,7,476.2
p2_E_W.247,3499.0,396.47,183.0,17,812.56
p2_W_E.139,3743.0,157.62,45.0,5,480.7
p2_E_W.248,3502.0,405.6,184.0,18,838.06
p2_W_E.140,3746.0,161.7,44.0,6,489.18
p2_E_W.249,3505.0,403.45,182.0,20,829.6
p2_W_E.141,3749.0,160.26,42.0,5,487.58
p2_W_E.142,3755.0,157.12,51.0,6,435.4
p2_W_E.143,3758.0,156.03,49.0,6,442.04
p2_W_N1.35,3773.0,162.25,57.0,7,420.17
p2_E_W.250,3508.0,387.32,171.0,15,802.23
p2_W_E.144,3761.0,155.21,48.0,6,438.28
p2_W_E.145,3764.0,153.92,48.0,6,441.75
p2_W_N1.36,3819.0,129.42,32.0,6,351.81
p2_W_E.146,3782.0,157.15,52.0,8,440.96
p2_W_N1.37,3834.0,123.74,25.0,7,346.7
p2_W_E.147,3807.0,134.1,37.0,5,408.1
p2_W_E.148,3810.0,131.94,35.0,5,406.57
p2_W_E.149,3813.0,132.0,34.0,5,407.01
p2_W_E.150,3816.0,130.77,32.0,6,402.52
p2_W_N1.38,3863.0,106.38,18.0,4,321.07
p2_E_S1.25,3511.0,439.18,200.0,21,872.31
p2_W_E.151,3822.0,144.82,42.0,7,443.22
p2_E_W.251,3514.0,446.62,207.0,23,897.81
p2_E_W.252,3517.0,454.0,195.0,21,908.81
p2_W_E.152,3825.0,145.52,37.0,8,451.44
p2_E_W.253,3520.0,450.09,195.0,20,914.17
p2_E_W.254,3523.0,451.47,194.0,21,925.47
p2_E_W.255,3548.0,426.9,176.0,22,873.96
p2_W_E.153,3828.0,135.47,32.0,6,417.07
p2_W_E.154,3831.0,147.88,30.0,7,438.76
p2_W_E.155,3837.0,131.33,24.0,7,426.4
p2_W_E.156,3840.0,143.36,23.0,7,445.54
p2_E_W.256,3567.0,395.59,166.0,19,824.88
p2_W_E.157,3848.0,137.0,20.0,6,445.01
p2_E_W.257,3587.0,394.12,162.0,19,793.6
p2_W_E.158,3854.0,127.22,18.0,5,441.48
p2_E_W.258,3594.0,394.28,156.0,18,787.68
p2_W_E.159,3875.0,113.66,28.0,6,385.91
p2_E_W.259,3600.0,380.78,155.0,18,799.01
p2_W_E.160,3878.0,112.48,23.0,4,390.14
p2_E_W.260,3634.0,356.98,131.0,18,750.59
p2_W_N1.39,3887.0,125.49,34.0,4,364.7
p2_W_E.161,3881.0,109.66,23.0,3,379.14
p2_W_E.162,3884.0,112.91,20.0,3,388.25
p2_W_N1.40,3902.0,122.01,26.0,4,347.51
p2_W_N1.41,3917.0,118.16,19.0,4,333.87
p2_W_E.163,3890.0,125.79,34.0,5,404.48
p2_W_E.164,3893.0,124.35,33.0,5,395.52
p2_W_E.165,3896.0,125.3,30.0,4,395.59
p2_W_E.166,3899.0,124.51,28.0,4,396.91
p2_E_S1.26,3638.0,382.07,167.0,21,796.8
p2_E_W.261,3641.0,399.48,178.0,17,821.99
p2_E_W.262,3644.0,400.0,169.0,18,834.73
p2_E_W.263,3647.0,398.76,169.0,18,816.49
p2_W_E.167,3905.0,134.19,32.0,5,424.57
p2_E_W.264,3650.0,397.69,167.0,19,815.41
p2_W_E.168,3908.0,139.62,28.0,4,426.3
p2_E_W.265,3656.0,393.42,170.0,18,801.62
p2_W_E.169,3911.0,138.32,30.0,7,432.82
p2_W_E.170,3914.0,137.02,26.0,6,427.3
p2_E_W.266,3676.0,375.21,158.0,15,769.52
p2_W_E.171,3931.0,121.05,24.0,5,399.47
p2_W_E.172,3953.0,97.02,13.0,3,368.49
p2_W_E.173,3956.0,97.9,10.0,3,388.97
p2_E_W.267,3680.0,365.09,150.0,16,756.74
p2_W_E.174,3959.0,95.45,10.0,3,355.46
p2_E_W.268,3684.0,375.3,144.0,14,760.6
p2_W_E.175,3962.0,97.98,9.0,3,379.38
p2_E_W.269,3690.0,371.13,141.0,17,754.37
p2_E_W.270,3701.0,361.77,133.0,14,749.31
p2_W_N1.42,3965.0,114.23,38.0,4,342.41
p2_W_N1.43,3980.0,119.84,28.0,3,341.51
p2_W_E.176,3968.0,123.68,36.0,4,388.1
p2_W_N1.44,3995.0,111.93,25.0,3,330.39
p2_W_E.177,3971.0,121.59,32.0,3,392.85
p2_W_E.178,3974.0,123.13,31.0,3,400.3
p2_W_E.179,3977.0,121.92,30.0,3,405.51
p2_W_N1.45,4019.0,102.0,18.0,2,308.53
p2_E_S1.27,3705.0,396.77,172.0,16,803.78
p2_E_W.271,3708.0,409.26,181.0,14,815.31
p2_E_W.272,3711.0,408.98,176.0,18,824.16
p2_W_E.180,3983.0,136.95,37.0,5,428.72
p2_W_E.181,3986.0,136.02,36.0,6,439.3
p2_E_W.273,3714.0,405.17,171.0,19,815.2
p2_W_E.182,3989.0,128.87,33.0,4,414.68
p2_E_W.274,3717.0,397.91,169.0,17,814.17
p2_W_E.183,3992.0,135.38,34.0,5,411.93
p2_E_W.275,3720.0,403.97,165.0,16,815.43
p2_W_E.184,3998.0,122.33,26.0,4,403.83
p2_E_W.276,3726.0,406.56,165.0,15,824.34
p2_W_E.185,4002.0,131.74,26.0,5,419.07
p2_E_W.277,3739.0,394.61,161.0,15,796.38
p2_E_W.278,3742.0,394.01,155.0,13,789.48
p2_W_E.186,4005.0,130.39,23.0,4,418.79
p2_E_W.279,3745.0,392.72,157.0,14,804.14
p2_W_E.187,4009.0,118.66,22.0,4,402.09
p2_E_W.280,3748.0,391.4,151.0,16,801.95
p2_W_E.188,4026.0,110.14,30.0,4,368.78
p2_W_N1.46,4038.0,122.48,37.0,4,357.04
p2_W_E.189,4029.0,113.56,31.0,6,386.19
p2_W_E.190,4032.0,120.42,27.0,3,421.21
p2_W_E.191,4035.0,119.15,23.0,3,421.53
p2_W_N1.47,4053.0,123.12,28.0,5,348.18
p2_W_E.192,4041.0,127.33,37.0,6,408.14
p2_W_N1.48,4071.0,114.91,20.0,6,336.18
p2_W_E.193,4044.0,125.39,37.0,4,407.49
p2_W_E.194,4047.0,126.31,33.0,4,419.14
p2_W_E.195,4050.0,125.0,30.0,4,418.27
p2_E_S1.28,3751.0,426.97,183.0,16,853.31
p2_E_W.281,3754.0,440.21,182.0,17,864.36
p2_E_W.282,3757.0,438.18,183.0,17,845.7
p2_W_E.196,4056.0,135.03,38.0,6,425.27
p2_E_W.283,3760.0,435.17,185.0,17,862.08
p2_W_E.197,4059.0,141.28,35.0,7,447.41
p2_E_W.284,3763.0,438.41,181.0,19,883.35
p2_W_E.198,4062.0,137.92,32.0,6,436.28
p2_E_W.285,3768.0,435.06,177.0,18,848.36
p2_W_E.199,4065.0,134.8,28.0,5,429.09
p2_E_W.286,3783.0,419.04,174.0,16,831.46
p2_W_E.200,4068.0,137.51,25.0,6,447.73
p2_E_W.287,3806.0,400.78,160.0,13,785.59
p2_W_E.201,4075.0,132.15,24.0,5,436.86
p2_E_W.288,3811.0,397.57,160.0,16,796.93
p2_W_E.202,4078.0,131.01,20.0,4,433.87
p2_E_W.289,3816.0,394.32,158.0,16,806.8
p2_W_E.203,4081.0,122.04,19.0,5,400.17
p2_E_W.290,3819.0,387.86,156.0,17,795.2
p2_W_E.204,4086.0,126.46,19.0,4,415.22
p2_W_N1.49,4095.0,144.38,49.0,5,386.91
p2_W_N1.50,4116.0,134.09,42.0,6,388.59
p2_W_E.205,4103.0,140.0,48.0,7,427.92
p2_W_N1.51,4131.0,128.24,34.0,4,369.59
p2_W_N1.52,4146.0,127.34,31.0,5,358.34
p2_W_E.206,4107.0,134.11,46.0,5,430.1
p2_W_E.207,4110.0,144.58,45.0,5,466.3
p2_W_E.208,4113.0,137.54,43.0,6,458.84
p2_E_S1.29,3822.0,420.45,187.0,16,853.07
p2_E_W.291,3826.0,444.06,190.0,17,866.65
p2_W_E.209,4119.0,152.46,51.0,5,463.37
p2_W_E.210,4122.0,151.73,47.0,7,456.2
p2_E_W.292,3829.0,437.79,188.0,15,868.28
p2_W_E.211,4125.0,150.46,49.0,6,455.65
p2_E_W.293,3832.0,440.26,192.0,19,894.51
p2_E_W.294,3839.0,439.29,186.0,18,878.76
p2_E_W.295,3849.0,430.92,188.0,18,867.32
p2_E_W.296,3852.0,429.71,186.0,18,878.27
p2_W_E.212,4128.0,141.57,45.0,5,442.99
p2_E_W.297,3856.0,427.49,175.0,19,879.45
p2_W_E.213,4134.0,149.1,42.0,6,464.43
p2_E_W.298,3859.0,420.32,170.0,17,836.71
p2_E_W.299,3862.0,425.81,164.0,19,845.47
p2_W_E.214,4137.0,131.77,34.0,5,424.57
p2_E_W.300,3869.0,412.94,160.0,16,818.49
p2_W_E.215,4140.0,148.73,32.0,5,442.39
p2_W_E.216,4143.0,146.8,32.0,4,451.17
p2_W_E.217,4158.0,136.49,42.0,6,419.27
p2_W_N1.53,4188.0,124.44,36.0,5,366.56
p2_W_E.218,4179.0,110.87,32.0,4,377.89
p2_W_E.219,4181.0,122.49,29.0,4,396.31
p2_W_E.220,4185.0,111.93,24.0,3,393.68
p2_W_N1.54,4206.0,120.94,28.0,4,349.4
p2_W_E.221,4191.0,128.54,34.0,5,404.49
p2_W_N1.55,4221.0,115.18,24.0,5,328.82
p2_W_N1.56,4246.0,103.9,17.0,3,302.76
p2_E_S1.30,3879.0,449.63,190.0,15,873.92
p2_W_E.222,4194.0,122.58,33.0,6,394.61
p2_W_E.223,4197.0,137.94,33.0,5,418.79
p2_W_E.224,4200.0,126.36,34.0,5,409.5
p2_E_W.301,3883.0,462.96,191.0,17,909.88
p2_W_E.225,4203.0,144.91,41.0,6,448.38
p2_E_W.302,3891.0,454.7,188.0,18,889.4
p2_E_W.303,3895.0,455.94,183.0,19,908.1
p2_W_E.226,4209.0,139.38,38.0,4,423.62
p2_E_W.304,3898.0,454.63,180.0,20,904.46
p2_W_E.227,4212.0,140.68,38.0,4,421.46
p2_E_W.305,3901.0,453.32,184.0,19,884.77
p2_E_W.306,3904.0,452.06,174.0,21,871.73
p2_E_W.307,3909.0,444.84,170.0,18,840.71
p2_W_E.228,4215.0,128.39,30.0,5,413.11
p2_E_W.308,3915.0,444.43,169.0,20,845.33
p2_W_E.229,4218.0,134.84,27.0,4,427.75
p2_E_W.309,3925.0,438.77,159.0,17,846.76
p2_W_E.230,4225.0,130.12,30.0,6,425.67
p2_E_W.310,3929.0,436.58,152.0,18,838.74
p2_W_E.231,4229.0,136.56,27.0,5,425.04
p2_W_E.232,4232.0,135.34,22.0,5,425.47
p2_W_N1.57,4268.0,124.42,32.0,4,367.07
p2_W_E.233,4237.0,113.14,19.0,5,379.66
p2_W_E.234,4256.0,118.0,27.0,4,381.34
p2_W_E.235,4259.0,116.86,25.0,4,380.2
p2_W_E.236,4262.0,115.56,23.0,4,388.29
p2_W_E.237,4265.0,114.28,20.0,4,395.8
p2_W_N1.58,4283.0,120.82,24.0,3,354.93
p2_W_N1.59,4298.0,117.18,19.0,4,336.09
p2_W_E.238,4271.0,124.46,29.0,5,408.69
p2_W_E.239,4274.0,125.91,28.0,4,429.99
p2_W_E.240,4277.0,121.45,27.0,3,405.08
p2_W_E.241,4280.0,126.07,25.0,4,410.81
p2_E_S1.31,3937.0,468.61,184.0,19,902.62
p2_E_W.311,3959.0,456.02,193.0,19,893.92
p2_E_W.312,3968.0,459.4,188.0,18,908.06
p2_W_E.242,4286.0,130.77,30.0,4,434.24
p2_E_W.313,3971.0,455.87,186.0,19,913.53
p2_W_E.243,4289.0,140.09,30.0,4,428.76
p2_E_W.314,3974.0,456.89,179.0,19,925.09
p2_W_E.244,4292.0,120.81,25.0,5,402.88
p2_W_E.245,4295.0,140.33,23.0,4,416.46
p2_E_W.315,3977.0,438.66,175.0,19,887.51
p2_W_E.246,4312.0,127.42,18.0,4,419.39
p2_W_E.247,4331.0,110.05,14.0,4,381.24
p2_E_W.316,3980.0,461.58,169.0,18,908.69
p2_W_E.248,4334.0,108.93,14.0,4,378.24
p2_E_W.317,3983.0,453.47,167.0,20,895.89
p2_E_W.318,3986.0,456.85,160.0,17,882.7
p2_E_S1.32,4007.0,435.39,150.0,16,826.11
p2_W_E.249,4337.0,107.68,11.0,4,395.86
p2_E_W.319,3990.0,453.26,156.0,20,865.12
p2_E_W.320,4002.0,446.53,154.0,17,865.73
p2_E_W.321,4014.0,436.22,144.0,16,821.63
p2_E_W.322,4031.0,420.95,142.0,14,803.63
p2_E_W.323,4043.0,409.25,141.0,15,806.8
p2_E_W.324,4047.0,408.45,137.0,13,810.85
p2_E_W.325,4050.0,406.13,137.0,14,806.39
p2_E_W.326,4053.0,402.61,136.0,13,787.15
p2_E_W.327,4056.0,404.74,128.0,11,801.07
p2_E_W.328,4059.0,401.62,124.0,13,779.85
p2_E_W.329,4062.0,402.17,125.0,14,787.48
p2_E_S1.33,4079.0,385.7,119.0,15,760.22
p2_E_W.330,4067.0,390.3,119.0,13,767.75
p2_E_W.331,4087.0,375.2,111.0,12,760.05
p2_E_W.332,4109.0,361.49,102.0,12,722.76
p2_E_W.333,4121.0,349.86,107.0,14,732.4
p2_E_W.334,4124.0,352.42,100.0,13,730.59
p2_E_W.335,4127.0,351.06,100.0,11,728.56
p2_E_W.336,4130.0,349.82,96.0,10,722.78
p2_E_W.337,4133.0,344.08,94.0,10,726.2
p2_E_W.338,4136.0,361.62,105.0,13,745.35
p2_E_W.339,4139.0,355.71,102.0,18,722.71
p2_E_W.340,4144.0,360.38,101.0,15,721.95
p2_E_W.341,4164.0,342.78,89.0,12,703.83
p2_E_S1.34,4156.0,341.95,94.0,13,714.88
p2_E_W.342,4186.0,314.52,84.0,12,681.1
p2_E_W.343,4193.0,310.56,80.0,11,661.68
p2_E_W.344,4198.0,318.45,77.0,11,670.18
p2_E_W.345,4201.0,302.79,76.0,12,637.71
p2_E_W.346,4204.0,312.96,78.0,13,649.83
p2_E_W.347,4207.0,316.35,73.0,10,661.82
p2_E_W.348,4210.0,315.96,70.0,11,675.03
p2_E_W.349,4213.0,311.63,67.0,9,665.55
p2_E_W.350,4218.0,309.19,64.0,10,657.43
p2_E_W.351,4240.0,290.97,58.0,11,625.42
p2_E_W.352,4258.0,274.72,66.0,9,630.48
p2_E_S1.35,4231.0,283.91,60.0,10,613.78
p2_E_W.353,4267.0,265.21,62.0,8,601.77
p2_E_W.354,4273.0,263.02,60.0,8,619.16
p2_E_W.355,4277.0,256.05,57.0,8,592.18
p2_E_W.356,4280.0,254.83,55.0,8,579.7
p2_E_W.357,4284.0,258.31,47.0,8,573.53
p2_E_W.358,4289.0,255.0,46.0,10,581.82
p2_E_W.359,4295.0,248.64,43.0,8,566.75
p2_E_W.360,4306.0,241.57,44.0,8,555.81
p2_E_W.361,4317.0,232.16,41.0,9,549.56
p2_E_S1.36,4310.0,234.43,47.0,10,537.47
p2_E_W.362,4339.0,203.68,40.0,7,498.57
p2_E_W.363,4345.0,215.33,40.0,7,525.03
p2_E_W.364,4349.0,205.15,37.0,7,501.31
p2_E_W.365,4352.0,221.42,44.0,8,533.01
p2_E_W.366,4356.0,219.94,43.0,8,521.86
p2_E_W.367,4359.0,211.56,40.0,7,501.89
p2_E_W.368,4362.0,221.65,38.0,8,529.7
p2_E_W.369,4364.0,222.11,37.0,8,534.51
p2_E_W.370,4371.0,216.92,36.0,7,530.66
p2_E_S1.37,4383.0,204.55,34.0,7,504.54
p2_E_W.371,4391.0,192.47,31.0,6,477.82
p2_E_W.372,4415.0,175.34,24.0,5,447.89
p2_E_W.373,4421.0,168.67,23.0,4,452.95
p2_E_W.374,4425.0,151.95,23.0,4,422.69
p2_E_W.375,4428.0,177.58,19.0,5,441.24
p2_E_W.376,4431.0,180.83,19.0,4,452.63
p2_E_S1.38,4459.0,150.52,21.0,4,415.3
p2_E_W.377,4434.0,179.54,20.0,5,470.77
p2_E_W.378,4437.0,178.31,17.0,4,484.59
p2_E_W.379,4441.0,173.49,24.0,5,479.41
p2_E_W.380,4447.0,165.79,24.0,6,447.4
p2_E_W.381,4467.0,153.67,22.0,5,440.09
p2_E_W.382,4487.0,135.34,15.0,3,409.42
p2_E_W.383,4492.0,132.1,14.0,5,413.97
p2_E_W.384,4501.0,101.11,14.0,3,330.53
p2_E_W.385,4506.0,125.6,12.0,3,363.07
p2_E_W.386,4509.0,124.33,12.0,3,380.98
p2_E_W.387,4512.0,122.99,8.0,2,373.05
p2_E_W.388,4516.0,101.96,8.0,2,359.18
p2_E_W.389,4522.0,117.18,8.0,2,362.28
p2_E_W.390,4534.0,101.15,7.0,2,369.61
p2_E_S1.39,4539.0,110.28,20.0,3,385.41
p2_E_W.391,4546.0,106.16,17.0,3,364.57
p2_E_W.392,4565.0,89.02,15.0,2,338.17
p2_E_W.393,4574.0,79.98,15.0,2,340.39
p2_E_W.394,4577.0,62.67,12.0,2,307.68
p2_E_W.395,4580.0,92.32,10.0,2,336.23
p2_E_W.396,4584.0,86.1,10.0,2,346.87
p2_E_W.397,4587.0,77.67,8.0,2,346.51
p2_E_W.398,4590.0,72.96,9.0,3,342.31
p2_E_W.399,4596.0,74.14,9.0,4,365.55
p2_E_W.400,4609.0,72.25,8.0,3,337.28
p2_E_S1.40,4612.0,52.09,7.0,3,322.62
p2_E_W.401,4615.0,67.98,6.0,3,341.73
p2_E_W.402,4618.0,66.83,5.0,2,349.09
p2_E_W.403,4621.0,65.51,6.0,2,348.39
p2_E_W.404,4624.0,62.4,4.0,2,339.82
p2_E_W.405,4627.0,61.34,15.0,2,340.64
p2_E_W.406,4630.0,61.82,16.0,3,353.23
p2_E_W.407,4633.0,60.5,15.0,2,348.6
p2_E_W.408,4636.0,59.15,12.0,2,337.9
p2_E_S1.41,4645.0,49.45,8.0,1,308.86
p2_E_W.409,4639.0,57.82,9.0,1,338.43
p2_E_W.410,4642.0,56.7,9.0,1,335.01
p2_E_W.411,4648.0,48.83,8.0,1,309.32
p2_E_W.412,4651.0,39.08,8.0,1,281.02
p2_E_W.413,4653.0,42.75,8.0,1,289.7
p2_E_W.414,4657.0,43.19,7.0,1,297.87
p2_E_W.415,4659.0,43.64,7.0,1,304.72
p2_E_W.416,4663.0,48.04,6.0,1,329.85
p2_E_W.417,4666.0,41.78,6.0,1,304.91
p2_E_W.418,4669.0,54.82,19.0,2,302.44
p2_E_W.419,4672.0,56.51,18.0,2,313.07
p2_E_W.420,4675.0,52.76,15.0,2,294.83
p2_E_S1.42,4678.0,54.23,12.0,2,308.28
p2_E_W.421,4681.0,53.35,12.0,2,300.08
p2_E_W.422,4684.0,47.69,13.0,2,296.81
p2_E_W.423,4687.0,53.35,11.0,2,311.72
p2_E_W.424,4690.0,43.39,8.0,2,294.47
p2_E_W.425,4693.0,51.98,9.0,2,307.94
p2_E_W.426,4696.0,46.13,5.0,2,302.38
p2_E_W.427,4699.0,49.54,6.0,3,323.6
p2_E_W.428,4702.0,38.24,5.0,1,271.82
p2_E_W.429,4705.0,47.57,5.0,1,292.78
p2_E_W.430,4708.0,46.32,3.0,1,309.76
p2_E_W.431,4714.0,42.26,3.0,1,298.99
p2_E_S1.43,4711.0,38.57,4.0,1,288.74
p2_E_W.432,4717.0,41.11,12.0,1,316.22
p2_E_W.433,4720.0,40.08,11.0,1,311.74
p2_E_W.434,4723.0,38.89,11.0,1,307.25
p2_E_W.435,4726.0,37.67,10.0,1,305.23
p2_E_W.436,4729.0,36.46,10.0,1,284.03
p2_E_W.437,4732.0,35.17,8.0,1,271.25
p2_E_W.438,4735.0,33.94,9.0,1,267.61
p2_E_W.439,4739.0,31.71,8.0,1,262.46
p2_E_S1.44,4745.0,30.28,3.0,1,260.25
p2_E_W.440,4742.0,20.9,3.0,1,232.45
p2_E_W.441,4748.0,26.61,3.0,1,266.42
p2_E_W.442,4752.0,31.41,3.0,1,273.78
p2_E_W.443,4755.0,30.09,2.0,1,274.72
p2_E_W.444,4758.0,39.74,13.0,1,285.79
p2_E_W.445,4761.0,44.62,12.0,1,301.0
p2_E_W.446,4764.0,43.37,11.0,1,303.07
p2_E_W.447,4767.0,34.21,10.0,1,268.6
p2_E_W.448,4770.0,38.77,10.0,1,281.43
p2_E_W.449,4773.0,38.33,10.0,1,280.89
p2_E_W.450,4776.0,40.77,8.0,1,293.87
p2_E_S1.45,4779.0,37.8,8.0,1,290.26
p2_E_W.451,4782.0,36.63,7.0,1,281.25
p2_E_W.452,4785.0,35.38,7.0,1,262.99
p2_E_W.453,4788.0,34.47,6.0,1,264.62
p2_E_W.454,4791.0,33.15,5.0,1,257.64
p2_E_W.455,4794.0,32.06,6.0,1,253.68
p2_E_W.456,4797.0,30.85,5.0,1,255.28
p2_E_W.457,4800.0,29.04,5.0,2,236.49
p2_E_W.458,4803.0,22.9,8.0,1,241.1
p2_E_W.459,4806.0,23.96,6.0,1,255.07
p2_E_W.460,4809.0,29.6,6.0,1,269.56
p2_E_S1.46,4812.0,26.86,6.0,1,268.05
p2_E_W.461,4815.0,25.54,6.0,1,262.58
p2_E_W.462,4818.0,24.27,3.0,1,267.56
p2_E_W.463,4821.0,22.23,2.0,1,252.18
p2_E_W.464,4824.0,22.39,0.0,0,265.31
p2_E_W.465,4827.0,21.13,0.0,0,252.09
p2_E_W.466,4830.0,12.51,0.0,0,227.59
p2_E_W.467,4833.0,15.21,0.0,0,247.09
p2_E_W.468,4836.0,21.09,0.0,0,261.43
p2_E_W.469,4839.0,19.79,0.0,0,269.93
p2_E_W.470,4842.0,16.02,0.0,0,256.78
p2_E_W.471,4848.0,28.97,10.0,1,247.81
p2_E_W.472,4851.0,32.28,9.0,1,267.41
p2_E_S1.47,4845.0,23.84,12.0,1,237.14
p2_E_W.473,4854.0,23.32,9.0,1,241.08
p2_E_W.474,4857.0,31.7,8.0,1,267.64
p2_E_W.475,4860.0,30.3,8.0,1,267.05
p2_E_W.476,4863.0,29.05,8.0,1,267.08
p2_E_W.477,4866.0,27.8,7.0,1,256.03
p2_E_W.478,4869.0,23.77,7.0,1,248.81
p2_E_W.479,4872.0,25.47,6.0,1,246.21
p2_E_W.480,4875.0,24.16,5.0,2,242.74
p2_E_S1.48,4878.0,23.85,9.0,1,253.28
p2_E_W.481,4881.0,18.46,5.0,1,231.25
p2_E_W.482,4884.0,26.84,4.0,1,251.21
p2_E_W.483,4887.0,28.99,3.0,1,265.58
p2_E_W.484,4890.0,29.5,2.0,1,278.66
p2_E_W.485,4893.0,28.3,3.0,1,279.56
p2_E_W.486,4896.0,12.45,0.0,0,218.58
p2_E_W.487,4899.0,26.92,0.0,0,250.88
p2_E_W.488,4902.0,26.99,0.0,0,261.44
p2_E_W.489,4905.0,24.21,0.0,0,272.66
p2_E_S1.49,4911.0,14.8,0.0,0,245.5
p2_E_W.490,4908.0,21.73,0.0,0,279.52
p2_E_W.491,4914.0,20.38,0.0,0,268.75
p2_E_W.492,4917.0,15.0,0.0,0,268.56
p2_E_W.493,4920.0,15.07,0.0,0,259.44
p2_E_W.494,4923.0,24.96,13.0,1,243.31
p2_E_W.495,4926.0,20.87,7.0,1,232.16
p2_E_W.496,4929.0,35.18,5.0,1,271.12
p2_E_W.497,4932.0,33.94,4.0,1,282.22
p2_E_W.498,4935.0,29.66,3.0,1,281.18
p2_E_S1.50,4943.0,25.44,2.0,1,246.51
p2_E_W.499,4937.0,22.27,3.0,1,246.72
p2_E_W.500,4940.0,29.48,3.0,1,259.99
p2_E_W.501,4946.0,27.04,3.0,1,247.62
p2_E_W.502,4949.0,25.74,2.0,1,251.2
p2_E_W.503,4952.0,24.48,2.0,1,242.82
p2_E_W.504,4955.0,17.97,4.0,1,229.96
p2_E_W.505,4958.0,27.74,3.0,1,253.62
p2_E_W.506,4961.0,32.14,3.0,1,276.96
p2_E_W.507,4964.0,16.7,1.0,1,233.27
p2_E_W.508,4967.0,29.92,1.0,1,258.87
p2_E_S1.51,4976.0,21.42,0.0,0,252.56
p2_E_W.509,4970.0,28.64,0.0,0,261.85
p2_E_W.510,4973.0,27.33,0.0,0,262.3
p2_E_W.511,4979.0,23.07,0.0,0,266.25
p2_E_W.512,4982.0,21.89,0.0,0,270.52
p2_E_W.513,4985.0,20.63,0.0,0,268.85
p2_E_W.514,4988.0,19.5,0.0,0,265.15
p2_E_W.515,4991.0,18.16,0.0,0,274.06
p2_E_W.516,4994.0,17.08,0.0,0,255.86
p2_E_W.517,4997.0,13.87,0.0,0,238.19
p2_E_W.518,5000.0,25.9,13.0,1,241.81
p2_E_W.519,5003.0,23.15,10.0,1,236.87
p2_E_W.520,5006.0,31.69,10.0,1,260.07
p2_E_W.521,5012.0,23.47,5.0,1,249.44
p2_E_S1.52,5009.0,20.43,5.0,1,237.78
p2_E_W.522,5015.0,26.54,4.0,1,254.2
p2_E_W.523,5018.0,25.05,3.0,1,262.83
p2_E_W.524,5021.0,24.99,2.0,1,275.06
p2_E_W.525,5023.0,17.84,1.0,1,219.22
p2_E_W.526,5027.0,22.33,0.0,0,244.62
p2_E_W.527,5030.0,24.35,11.0,1,246.62
p2_E_W.528,5033.0,23.07,10.0,1,244.57
p2_E_W.529,5036.0,21.03,7.0,1,222.37
p2_E_S1.53,5042.0,22.62,0.0,0,234.71
p2_E_W.530,5039.0,14.35,1.0,1,221.71
p2_E_W.531,5045.0,28.55,0.0,0,248.18
p2_E_W.532,5048.0,27.62,0.0,0,263.09
p2_E_W.533,5051.0,30.65,0.0,0,278.11
p2_E_W.534,5054.0,29.45,0.0,0,273.86
p2_E_W.535,5057.0,28.24,0.0,0,292.06
p2_E_W.536,5060.0,26.96,0.0,0,280.92
p2_E_W.537,5063.0,22.94,0.0,0,278.26
p2_E_W.538,5066.0,24.37,0.0,0,288.89
p2_E_W.539,5069.0,23.23,0.0,0,290.37
p2_E_W.540,5072.0,34.08,13.0,1,276.16
p2_E_S1.54,5075.0,28.77,11.0,1,250.66
p2_E_W.541,5078.0,28.96,11.0,1,257.94
p2_E_W.542,5081.0,29.13,10.0,1,261.36
p2_E_W.543,5085.0,29.67,8.0,1,262.42
p2_E_W.544,5088.0,24.45,8.0,1,236.09
p2_E_W.545,5091.0,27.6,8.0,1,251.66
p2_E_W.546,5094.0,26.35,7.0,1,245.51
p2_E_W.547,5097.0,24.36,6.0,1,233.81
p2_E_W.548,5100.0,23.82,6.0,1,238.64
p2_E_W.549,5103.0,22.58,5.0,1,231.81
p2_E_W.550,5106.0,23.1,11.0,1,237.74
p2_E_S1.55,5109.0,25.04,10.0,1,261.78
p2_E_W.551,5112.0,20.75,9.0,1,233.78
p2_E_W.552,5115.0,17.79,5.0,1,224.6
p2_E_W.553,5118.0,20.49,4.0,1,247.35
p2_E_W.554,5121.0,17.12,2.0,1,247.89
p2_E_W.555,5124.0,24.91,0.0,0,253.07
p2_E_W.556,5127.0,11.76,0.0,0,215.02
p2_E_W.557,5130.0,27.63,0.0,0,243.48
p2_E_W.558,5133.0,26.4,0.0,0,240.05
p2_E_W.559,5136.0,25.01,0.0,0,258.94
p2_E_W.560,5139.0,20.29,0.0,0,253.53
p2_E_S1.56,5142.0,9.26,0.0,0,208.7
p2_E_W.561,5145.0,36.88,13.0,1,256.13
p2_E_W.562,5148.0,36.15,12.0,1,266.62
p2_E_W.563,5151.0,33.95,11.0,1,270.09
p2_E_W.564,5154.0,29.74,10.0,1,261.73
p2_E_W.565,5157.0,34.96,10.0,1,283.67
p2_E_W.566,5160.0,28.18,10.0,1,252.52
p2_E_W.567,5163.0,32.55,9.0,1,263.51
p2_E_W.568,5166.0,18.79,5.0,1,225.18
p2_E_S1.57,5175.0,27.54,4.0,1,263.52
p2_E_W.569,5169.0,34.56,4.0,1,262.22
p2_E_W.570,5172.0,33.36,3.0,1,267.38
p2_E_W.571,5178.0,28.93,3.0,1,274.66
p2_E_W.572,5181.0,26.96,12.0,1,244.81
p2_E_W.573,5184.0,26.66,10.0,1,259.71
p2_E_W.574,5187.0,25.4,10.0,1,251.11
p2_E_W.575,5190.0,19.63,5.0,1,231.06
p2_E_W.576,5193.0,27.47,5.0,1,247.0
p2_E_W.577,5196.0,26.14,5.0,1,247.6
p2_E_W.578,5199.0,24.93,3.0,1,264.47
p2_E_W.579,5202.0,23.55,2.0,1,268.4
p2_E_S1.58,5208.0,20.51,0.0,0,236.78
p2_E_W.580,5205.0,13.23,0.0,0,215.99
p2_E_W.581,5211.0,13.4,0.0,0,219.99
p2_E_W.582,5214.0,22.66,0.0,0,241.26
p2_E_W.583,5217.0,19.17,0.0,0,242.05
p2_E_W.584,5220.0,20.28,0.0,0,253.4
p2_E_W.585,5223.0,19.03,0.0,0,252.89
p2_E_W.586,5226.0,14.92,0.0,0,256.64
p2_E_W.587,5228.0,28.77,11.0,1,257.69
p2_E_W.588,5231.0,30.31,11.0,1,265.76
p2_E_W.589,5235.0,28.12,10.0,1,262.16
p2_E_W.590,5238.0,26.86,10.0,1,249.09
p2_E_W.591,5244.0,24.91,8.0,1,234.78
p2_E_S1.59,5241.0,22.58,8.0,1,238.43
p2_E_W.592,5247.0,16.68,0.0,0,223.91
p2_E_W.593,5250.0,27.88,0.0,0,255.08
p2_E_W.594,5253.0,26.67,0.0,0,264.51
p2_E_W.595,5256.0,25.43,0.0,0,256.32
p2_E_W.596,5259.0,19.22,5.0,1,232.01
p2_E_W.597,5262.0,29.8,5.0,1,257.07
p2_E_W.598,5265.0,32.08,4.0,1,260.62
p2_E_W.599,5268.0,30.91,4.0,1,272.77
