brazo,modelo,base,semilla,timeloss_prom,espera_prom,cola_prom,cola_max,paradas_prom,throughput,co2_prom,nox_prom,recompensa_decision,cambios_fase,no_terminados,viaje_corredor_prom,retraso_corredor_prom,retraso_corredor_punta,paradas_corredor,paradas_corredor_le1,spillback_tasa,spillback_seg,spillback_eventos,cola_max_enlace,veh_max_enlace,ret_retraso,ret_colas,ret_spill,vehiculos,recompensa,decisiones
fijo,fijo,,1001,21.63,7.24,4.04,15,0.61,2095,250.2,86.4,-1.44,490,0,155.41,23.36,24.38,0.497,0.98,0.0,0,0,2,9,-34868.9,-16409.5,-34868.9,2152,-3253.0,2259
fijo,fijo,,1002,21.53,7.23,3.93,15,0.598,2096,249.7,86.2,-1.391,490,0,155.31,23.16,24.18,0.456,0.991,0.0,0,0,2,10,-34206.6,-15893.8,-34206.6,2152,-3138.0,2256
fijo,fijo,,1003,22.39,7.89,4.15,15,0.63,2094,251.7,86.9,-1.486,492,0,155.78,23.65,24.68,0.487,0.984,0.0,0,0,2,9,-35414.4,-16892.8,-35414.4,2152,-3361.6,2262
fijo,fijo,,1004,21.91,7.67,3.94,16,0.618,2093,250.4,86.5,-1.411,490,0,154.78,23.1,24.2,0.477,0.988,0.0,0,0,2,9,-33963.7,-15935.0,-33963.7,2152,-3179.7,2253
fijo,fijo,,1005,21.61,7.35,4.0,15,0.609,2093,250.1,86.4,-1.425,488,0,154.75,23.24,24.37,0.482,0.99,0.0,0,0,1,10,-34251.6,-16142.1,-34251.6,2152,-3205.4,2250
fijo,fijo,,1006,21.76,7.39,4.03,13,0.615,2097,250.5,86.5,-1.434,490,0,155.33,23.52,24.45,0.492,0.983,0.0,0,0,2,9,-34569.3,-16339.9,-34569.3,2152,-3238.5,2259
fijo,fijo,,1007,21.77,7.38,4.01,14,0.61,2094,250.2,86.4,-1.436,488,0,155.29,23.34,24.3,0.473,0.984,0.0,0,0,2,10,-34598.4,-16201.6,-34598.4,2152,-3231.7,2250
fijo,fijo,,1008,21.76,7.37,4.02,16,0.61,2097,250.4,86.4,-1.435,488,0,155.74,23.79,24.89,0.494,0.986,0.0,0,0,2,9,-34535.4,-16239.8,-34535.4,2152,-3229.1,2250
fijo,fijo,,1009,22.15,7.45,4.09,15,0.611,2097,251.2,86.7,-1.451,490,0,156.76,24.43,25.76,0.496,0.986,0.0,0,0,2,10,-35338.0,-16569.4,-35338.0,2152,-3276.7,2259
fijo,fijo,,1010,21.31,7.16,3.92,15,0.595,2095,249.5,86.2,-1.396,490,0,154.54,22.88,24.15,0.463,0.993,0.0,0,0,2,10,-33948.6,-15872.5,-33948.6,2152,-3148.8,2256
fijo,fijo,,1011,21.75,7.28,4.06,16,0.607,2095,250.6,86.5,-1.447,490,0,156.18,23.92,25.27,0.49,0.99,0.0,0,0,2,9,-35144.1,-16479.4,-35144.1,2152,-3268.6,2259
fijo,fijo,,1012,21.5,7.33,4.02,15,0.605,2096,249.5,86.2,-1.433,490,0,154.28,22.87,23.61,0.475,0.976,0.0,0,0,3,9,-34219.5,-16278.9,-34219.5,2152,-3233.6,2256
fijo,fijo,,1013,21.7,7.21,3.99,14,0.599,2093,250.1,86.3,-1.419,490,0,156.19,23.65,24.7,0.476,0.982,0.0,0,0,2,9,-34960.1,-16162.5,-34960.1,2152,-3205.9,2259
fijo,fijo,,1014,21.83,7.35,4.03,14,0.613,2093,250.3,86.4,-1.429,488,0,155.51,23.67,24.95,0.491,0.989,0.0,0,0,2,9,-34676.4,-16277.0,-34676.4,2152,-3216.2,2250
fijo,fijo,,1015,21.63,7.43,3.96,14,0.605,2093,249.7,86.3,-1.408,490,0,154.28,22.93,24.12,0.468,0.987,0.0,0,0,2,9,-33928.6,-16011.5,-33928.6,2152,-3175.5,2256
fijo,fijo,,1016,21.87,7.53,3.93,15,0.617,2098,250.3,86.5,-1.394,488,0,154.52,22.99,24.26,0.461,0.993,0.0,0,0,2,9,-33924.6,-15849.3,-33924.6,2152,-3135.7,2250
fijo,fijo,,1017,21.73,7.49,4.03,15,0.605,2094,249.8,86.3,-1.43,490,0,155.38,23.0,24.08,0.457,0.991,0.0,0,0,2,10,-34786.6,-16299.2,-34786.6,2152,-3217.1,2250
fijo,fijo,,1018,22.02,7.66,4.0,15,0.613,2095,250.4,86.5,-1.423,490,0,155.22,23.29,24.6,0.475,0.989,0.0,0,0,2,9,-34469.2,-16225.4,-34469.2,2152,-3215.6,2259
fijo,fijo,,1019,21.43,7.31,3.94,14,0.597,2098,249.6,86.2,-1.398,490,0,154.56,22.91,23.8,0.469,0.982,0.0,0,0,2,9,-33886.4,-15924.6,-33886.4,2152,-3150.8,2253
fijo,fijo,,1020,21.67,7.36,4.0,15,0.598,2095,250.2,86.4,-1.426,490,0,155.19,23.14,24.37,0.455,0.988,0.0,0,0,2,9,-34267.8,-16177.7,-34267.8,2152,-3212.0,2253
fijo,fijo,,1021,22.41,7.93,4.01,16,0.637,2094,251.8,87.0,-1.42,490,0,155.17,23.53,24.66,0.497,0.987,0.0,0,0,2,9,-34632.2,-16276.2,-34632.2,2152,-3211.2,2262
fijo,fijo,,1022,21.6,7.26,3.98,15,0.606,2094,249.9,86.3,-1.407,492,0,155.53,23.34,24.62,0.478,0.979,0.0,0,0,2,9,-34641.0,-16165.6,-34641.0,2152,-3182.6,2262
fijo,fijo,,1023,21.55,7.42,4.0,15,0.607,2098,250.0,86.4,-1.426,490,0,154.36,22.86,23.64,0.472,0.984,0.0,0,0,3,10,-34268.5,-16196.6,-34268.5,2152,-3216.9,2256
fijo,fijo,,1024,21.53,7.36,3.94,15,0.597,2096,249.7,86.2,-1.398,493,0,155.04,22.84,24.0,0.46,0.986,0.0,0,0,3,9,-34191.9,-16042.3,-34191.9,2152,-3170.1,2268
fijo,fijo,,1025,21.93,7.55,3.97,15,0.604,2092,250.2,86.4,-1.411,488,0,155.09,23.29,24.69,0.455,0.989,0.0,0,0,1,9,-34076.1,-16025.7,-34076.1,2152,-3173.8,2250
fijo,fijo,,1026,21.62,7.3,3.96,16,0.607,2092,250.1,86.3,-1.409,490,0,155.04,23.27,24.51,0.466,0.978,0.0,0,0,3,9,-34006.0,-16016.1,-34006.0,2152,-3178.5,2256
fijo,fijo,,1027,21.46,7.24,3.99,16,0.604,2094,249.8,86.2,-1.413,490,0,154.53,22.84,23.92,0.465,0.991,0.0,0,0,2,9,-34255.2,-16146.6,-34255.2,2152,-3184.1,2253
fijo,fijo,,1028,21.38,7.01,4.01,15,0.599,2091,250.0,86.2,-1.432,487,0,155.97,23.69,24.83,0.496,0.988,0.0,0,0,2,10,-34762.8,-16160.5,-34762.8,2152,-3216.8,2247
fijo,fijo,,1029,21.56,7.28,4.04,16,0.601,2093,249.7,86.2,-1.446,488,0,155.01,23.26,24.58,0.467,0.989,0.0,0,0,2,9,-34567.9,-16335.7,-34567.9,2152,-3254.6,2250
fijo,fijo,,1030,21.57,7.46,4.1,15,0.608,2094,249.9,86.3,-1.464,488,0,154.76,23.17,24.16,0.484,0.988,0.0,0,0,2,9,-34560.0,-16574.7,-34560.0,2152,-3293.8,2250
actuado,actuado,,1001,21.1,5.1,2.84,16,0.801,2090,256.0,87.7,-0.967,787,0,160.46,28.43,27.97,1.028,0.715,0.0,0,0,5,8,-31969.3,-11143.0,-31969.3,2152,-2186.6,2262
actuado,actuado,,1002,21.21,5.29,2.81,18,0.786,2090,256.4,87.9,-0.972,779,0,160.62,28.47,28.53,1.012,0.695,0.0,0,0,5,8,-31882.3,-10969.4,-31882.3,2152,-2187.9,2250
actuado,actuado,,1003,21.62,5.79,2.95,15,0.818,2091,256.5,88.0,-1.015,790,0,160.64,28.51,27.58,1.024,0.734,0.0,0,0,4,8,-32146.7,-11611.3,-32146.7,2152,-2304.8,2271
actuado,actuado,,1004,21.41,5.63,2.88,14,0.789,2094,256.2,87.9,-0.989,786,0,159.97,28.3,27.38,0.99,0.737,0.0,0,0,4,8,-31405.4,-11284.2,-31405.4,2152,-2230.8,2256
actuado,actuado,,1005,21.98,5.76,3.07,14,0.841,2093,258.0,88.4,-1.058,787,0,161.17,29.66,30.45,1.096,0.693,0.0,0,0,4,9,-32993.9,-12030.7,-32993.9,2152,-2386.3,2256
actuado,actuado,,1006,21.11,5.34,2.91,14,0.782,2096,255.5,87.6,-0.997,784,0,160.07,28.26,28.18,1.004,0.737,0.0,0,0,4,8,-31811.0,-11397.0,-31811.0,2152,-2245.7,2253
actuado,actuado,,1007,21.32,5.33,2.95,18,0.8,2093,256.6,87.9,-1.029,773,0,160.96,29.0,29.07,1.035,0.718,0.0,0,0,5,8,-32454.5,-11541.1,-32454.5,2152,-2311.7,2247
actuado,actuado,,1008,21.93,5.77,3.17,15,0.836,2093,257.8,88.3,-1.106,777,0,161.3,29.36,30.18,1.081,0.695,0.0,0,0,5,8,-33550.4,-12392.8,-33550.4,2152,-2484.5,2247
actuado,actuado,,1009,21.42,5.24,2.87,15,0.79,2093,256.7,87.9,-0.968,787,0,161.42,29.13,29.13,1.021,0.721,0.0,0,0,4,8,-32316.0,-11250.5,-32316.0,2152,-2184.7,2256
actuado,actuado,,1010,21.12,5.21,2.82,18,0.785,2097,255.9,87.7,-0.964,790,0,159.97,28.33,28.22,1.007,0.732,0.0,0,0,4,8,-31722.1,-11064.6,-31722.1,2152,-2180.9,2262
actuado,actuado,,1011,21.67,5.52,2.97,15,0.829,2094,257.2,88.1,-1.017,786,0,161.54,29.29,29.56,1.076,0.707,0.0,0,0,4,7,-32825.6,-11627.2,-32825.6,2152,-2294.5,2256
actuado,actuado,,1012,21.88,6.08,3.03,18,0.819,2092,256.7,88.1,-1.043,771,0,159.52,28.13,27.97,1.014,0.726,0.0,0,0,4,8,-32083.1,-11856.6,-32083.1,2152,-2346.5,2250
actuado,actuado,,1013,21.33,5.26,2.94,17,0.806,2094,255.7,87.6,-1.015,775,0,161.64,29.09,29.19,1.058,0.704,0.0,0,0,5,8,-32733.9,-11566.7,-32733.9,2152,-2296.1,2262
actuado,actuado,,1014,21.73,5.51,2.88,15,0.807,2092,257.1,88.1,-0.999,779,0,161.09,29.25,29.47,1.049,0.713,0.0,0,0,5,8,-32268.7,-11249.6,-32268.7,2152,-2248.1,2250
actuado,actuado,,1015,21.4,5.55,2.89,13,0.802,2095,256.3,87.9,-0.998,771,0,159.82,28.46,28.03,1.038,0.713,0.0,0,0,4,10,-31631.6,-11318.3,-31631.6,2152,-2244.4,2250
actuado,actuado,,1016,22.14,5.93,2.91,15,0.841,2093,258.0,88.5,-1.002,783,0,160.21,28.65,28.76,1.052,0.692,0.0,0,0,4,8,-32273.9,-11378.2,-32273.9,2152,-2254.8,2250
actuado,actuado,,1017,20.94,5.29,2.9,15,0.778,2097,255.1,87.5,-0.998,779,0,160.51,28.12,27.07,1.01,0.741,0.0,0,0,5,8,-31842.2,-11359.8,-31842.2,2152,-2254.3,2259
actuado,actuado,,1018,21.29,5.33,2.88,15,0.794,2095,256.3,87.8,-0.98,786,0,160.64,28.71,28.47,1.028,0.72,0.0,0,0,4,8,-31972.5,-11283.3,-31972.5,2152,-2210.3,2256
actuado,actuado,,1019,21.53,5.57,2.99,15,0.814,2096,256.8,88.1,-1.021,774,0,159.89,28.23,27.97,1.025,0.722,0.0,0,0,5,8,-32280.1,-11710.6,-32280.1,2152,-2296.3,2250
actuado,actuado,,1020,21.12,5.03,2.83,17,0.806,2092,257.1,88.0,-0.972,789,0,160.58,28.54,28.83,1.01,0.703,0.0,0,0,5,8,-32080.6,-11061.2,-32080.6,2152,-2190.4,2253
actuado,actuado,,1021,21.82,5.85,2.95,17,0.838,2094,256.8,88.1,-1.022,786,0,160.3,28.7,28.28,1.075,0.69,0.0,0,0,5,9,-32077.5,-11557.0,-32077.5,2152,-2308.3,2259
actuado,actuado,,1022,21.09,5.38,2.78,13,0.771,2092,255.3,87.5,-0.954,784,0,159.88,27.71,27.15,0.969,0.758,0.0,0,0,4,8,-31467.2,-10931.2,-31467.2,2152,-2157.3,2262
actuado,actuado,,1023,21.46,5.65,2.88,18,0.79,2093,256.2,87.9,-0.972,781,0,159.6,28.14,27.35,0.989,0.741,0.0,0,0,4,9,-31438.4,-11262.6,-31438.4,2152,-2187.6,2250
actuado,actuado,,1024,21.9,5.79,3.05,15,0.852,2096,257.5,88.3,-1.045,790,0,161.46,29.23,30.2,1.1,0.688,0.0,0,0,4,7,-33246.3,-12032.3,-33246.3,2152,-2377.4,2274
actuado,actuado,,1025,21.91,5.66,3.03,18,0.853,2090,257.7,88.3,-1.043,779,0,161.08,29.28,29.67,1.09,0.665,0.0,0,0,5,9,-32950.0,-11910.1,-32950.0,2152,-2355.3,2259
actuado,actuado,,1026,21.19,5.35,2.86,15,0.808,2091,256.4,87.9,-0.986,797,0,160.01,28.28,27.8,1.031,0.716,0.0,0,0,4,8,-31672.4,-11189.8,-31672.4,2152,-2223.3,2256
actuado,actuado,,1027,21.85,5.85,3.18,16,0.848,2093,257.4,88.3,-1.101,775,0,161.42,29.71,30.07,1.145,0.665,0.0,0,0,5,9,-33366.8,-12513.0,-33366.8,2152,-2493.3,2265
actuado,actuado,,1028,21.18,5.27,3.01,14,0.795,2092,256.4,87.9,-1.039,780,0,160.65,28.36,28.33,0.993,0.731,0.0,0,0,4,8,-32760.7,-11793.8,-32760.7,2152,-2340.9,2253
actuado,actuado,,1029,21.49,5.26,2.97,16,0.815,2094,257.2,88.1,-1.012,781,0,161.05,29.3,30.04,1.044,0.696,0.0,0,0,5,9,-32766.2,-11612.3,-32766.2,2152,-2276.2,2250
actuado,actuado,,1030,21.26,5.51,3.08,15,0.807,2091,255.9,87.8,-1.066,773,0,160.05,28.49,28.53,1.023,0.714,0.0,0,0,5,8,-32358.6,-12040.0,-32358.6,2152,-2395.8,2247
dqn_s2042,dqn,2042,1001,21.6,6.66,3.53,14,0.705,2093,253.1,87.1,-1.241,663,0,156.4,24.37,24.72,0.656,0.919,0.0,0,0,3,8,-33331.52,-14145.95,-33331.52,2152,-2798.6,1860
dqn_s2042,dqn,2042,1002,21.28,6.57,3.51,13,0.698,2095,252.1,86.8,-1.225,669,0,156.64,24.51,24.41,0.678,0.921,0.0,0,0,3,8,-32857.03,-14052.49,-32857.03,2152,-2773.8,1868
dqn_s2042,dqn,2042,1003,21.42,6.7,3.48,12,0.718,2094,253.1,87.1,-1.221,685,0,156.52,24.4,23.74,0.695,0.911,0.0,0,0,2,8,-32649.32,-13922.03,-32649.32,2152,-2766.2,1858
dqn_s2042,dqn,2042,1004,21.43,6.81,3.43,18,0.709,2092,252.3,86.9,-1.207,655,0,155.72,24.04,23.78,0.68,0.919,0.0,0,0,3,8,-31918.79,-13638.73,-31918.79,2152,-2716.8,1860
dqn_s2042,dqn,2042,1005,20.99,6.27,3.39,13,0.683,2094,252.2,86.8,-1.192,666,0,155.98,24.47,24.65,0.659,0.919,0.0,0,0,3,9,-32140.73,-13499.65,-32140.73,2152,-2682.6,1853
dqn_s2042,dqn,2042,1006,20.76,6.06,3.31,12,0.695,2094,251.9,86.7,-1.156,695,0,156.23,24.39,24.14,0.694,0.912,0.0,0,0,3,8,-31689.92,-13177.46,-31689.92,2152,-2603.7,1840
dqn_s2042,dqn,2042,1007,20.72,6.21,3.39,13,0.694,2092,251.1,86.5,-1.177,676,0,156.15,24.19,23.48,0.716,0.888,0.0,0,0,3,9,-32065.19,-13515.5,-32065.19,2152,-2655.5,1853
dqn_s2042,dqn,2042,1008,21.28,6.42,3.5,13,0.703,2096,253.9,87.4,-1.222,697,0,156.68,24.73,24.28,0.692,0.921,0.0,0,0,3,8,-32878.13,-13901.25,-32878.13,2152,-2745.7,1833
dqn_s2042,dqn,2042,1009,20.89,6.05,3.35,14,0.683,2095,251.8,86.6,-1.171,683,0,157.02,24.68,24.68,0.682,0.912,0.0,0,0,3,8,-32269.54,-13340.16,-32269.54,2152,-2642.7,1850
dqn_s2042,dqn,2042,1010,20.61,6.03,3.3,14,0.682,2095,251.5,86.6,-1.149,696,0,155.71,24.05,23.87,0.671,0.911,0.0,0,0,3,8,-31707.21,-13230.29,-31707.21,2152,-2608.8,1856
dqn_s2042,dqn,2042,1011,21.25,6.68,3.48,12,0.707,2092,251.4,86.6,-1.227,669,0,156.5,24.24,23.47,0.714,0.904,0.0,0,0,3,8,-32531.22,-14019.91,-32531.22,2152,-2789.4,1875
dqn_s2042,dqn,2042,1012,21.01,6.36,3.47,14,0.689,2091,252.0,86.8,-1.209,657,0,155.69,24.27,23.88,0.671,0.922,0.0,0,0,3,8,-32268.58,-13850.97,-32268.58,2152,-2728.5,1866
dqn_s2042,dqn,2042,1013,21.39,6.4,3.41,13,0.702,2092,252.8,86.9,-1.195,683,0,157.49,24.96,25.01,0.707,0.906,0.0,0,0,3,9,-33043.35,-13642.23,-33043.35,2152,-2702.5,1855
dqn_s2042,dqn,2042,1014,21.62,6.6,3.59,13,0.72,2093,253.4,87.2,-1.257,670,0,156.89,25.06,25.09,0.695,0.925,0.0,0,0,3,9,-33209.58,-14329.97,-33209.58,2152,-2831.5,1853
dqn_s2042,dqn,2042,1015,21.63,6.83,3.67,12,0.723,2093,253.2,87.2,-1.294,665,0,156.09,24.71,24.61,0.712,0.9,0.0,0,0,3,8,-33268.12,-14643.28,-33268.12,2152,-2906.9,1852
dqn_s2042,dqn,2042,1016,21.02,6.63,3.42,13,0.681,2096,250.4,86.3,-1.187,649,0,155.19,23.65,23.02,0.645,0.932,0.0,0,0,3,8,-31599.65,-13599.33,-31599.65,2152,-2671.0,1865
dqn_s2042,dqn,2042,1017,21.27,6.74,3.67,13,0.706,2094,251.7,86.7,-1.287,645,0,156.6,24.2,24.1,0.686,0.919,0.0,0,0,3,8,-33147.39,-14614.58,-33147.39,2152,-2896.5,1865
dqn_s2042,dqn,2042,1018,21.14,6.3,3.55,14,0.697,2094,252.6,86.9,-1.242,668,0,156.58,24.64,24.57,0.676,0.906,0.0,0,0,3,8,-33170.15,-14263.81,-33170.15,2152,-2808.4,1866
dqn_s2042,dqn,2042,1019,21.2,6.48,3.35,13,0.678,2096,252.7,87.0,-1.174,682,0,156.01,24.35,24.38,0.649,0.939,0.0,0,0,2,9,-31719.09,-13362.67,-31719.09,2152,-2647.5,1851
dqn_s2042,dqn,2042,1020,20.71,6.11,3.3,15,0.68,2092,251.3,86.5,-1.143,697,0,156.51,24.46,23.89,0.688,0.899,0.0,0,0,3,8,-31642.26,-13105.83,-31642.26,2152,-2578.1,1842
dqn_s2042,dqn,2042,1021,21.45,6.73,3.45,14,0.712,2093,252.5,87.0,-1.215,685,0,155.76,24.13,23.87,0.688,0.91,0.0,0,0,3,9,-32305.69,-13834.6,-32305.69,2152,-2751.1,1858
dqn_s2042,dqn,2042,1022,20.63,6.0,3.27,13,0.678,2095,251.1,86.4,-1.142,701,0,156.29,24.13,23.68,0.683,0.915,0.0,0,0,2,9,-31926.08,-13096.77,-31926.08,2152,-2590.4,1852
dqn_s2042,dqn,2042,1023,21.26,6.49,3.44,14,0.706,2096,252.7,87.0,-1.205,683,0,156.23,24.75,24.01,0.708,0.908,0.0,0,0,3,9,-32133.08,-13698.09,-32133.08,2152,-2715.1,1846
dqn_s2042,dqn,2042,1024,21.12,6.33,3.4,13,0.704,2094,252.1,86.8,-1.187,686,0,156.92,24.68,24.47,0.721,0.9,0.0,0,0,3,9,-32529.26,-13732.58,-32529.26,2152,-2714.4,1876
dqn_s2042,dqn,2042,1025,21.03,6.38,3.43,14,0.697,2091,252.1,86.8,-1.205,688,0,156.06,24.24,23.68,0.675,0.924,0.0,0,0,3,8,-32129.55,-13619.75,-32129.55,2152,-2711.9,1841
dqn_s2042,dqn,2042,1026,20.4,5.92,3.33,13,0.659,2092,250.3,86.2,-1.172,656,0,155.62,23.89,23.32,0.651,0.927,0.0,0,0,2,8,-31468.22,-13299.86,-31468.22,2152,-2647.7,1868
dqn_s2042,dqn,2042,1027,20.96,6.42,3.51,14,0.678,2097,251.1,86.5,-1.232,663,0,156.14,24.44,23.83,0.671,0.914,0.0,0,0,2,9,-32198.23,-13973.64,-32198.23,2152,-2774.9,1859
dqn_s2042,dqn,2042,1028,21.17,6.5,3.63,14,0.681,2090,251.5,86.6,-1.258,639,0,156.28,24.01,23.72,0.647,0.922,0.0,0,0,3,8,-33176.53,-14456.16,-33176.53,2152,-2822.1,1864
dqn_s2042,dqn,2042,1029,20.86,5.95,3.33,14,0.685,2093,252.8,86.9,-1.162,696,0,156.42,24.67,24.9,0.681,0.921,0.0,0,0,3,8,-32274.98,-13321.26,-32274.98,2152,-2628.4,1848
dqn_s2042,dqn,2042,1030,20.43,5.97,3.35,14,0.648,2096,251.4,86.5,-1.179,667,0,155.25,23.67,23.44,0.611,0.926,0.0,0,0,2,8,-31561.38,-13337.02,-31561.38,2152,-2653.6,1853
dqn_s4042,dqn,4042,1001,21.21,6.57,3.68,14,0.617,2095,251.2,86.5,-1.307,567,0,154.97,22.92,23.36,0.507,0.965,0.0,0,0,2,10,-33269.02,-14821.13,-33269.02,2152,-2945.0,1916
dqn_s4042,dqn,4042,1002,21.24,6.66,3.61,13,0.649,2094,251.8,86.7,-1.282,580,0,155.03,22.88,22.79,0.554,0.937,0.0,0,0,4,9,-33193.49,-14545.39,-33193.49,2152,-2895.4,1913
dqn_s4042,dqn,4042,1003,21.16,6.93,3.69,14,0.635,2093,250.5,86.4,-1.309,557,0,153.98,21.85,21.5,0.51,0.962,0.0,0,0,3,8,-32971.86,-14953.44,-32971.86,2152,-2965.0,1933
dqn_s4042,dqn,4042,1004,21.35,6.97,3.71,17,0.651,2093,251.4,86.7,-1.321,570,0,154.03,22.34,22.19,0.529,0.956,0.0,0,0,4,8,-32901.59,-14965.23,-32901.59,2152,-2977.1,1913
dqn_s4042,dqn,4042,1005,21.48,7.05,3.7,12,0.666,2094,251.6,86.8,-1.315,583,0,154.13,22.66,22.65,0.553,0.941,0.0,0,0,3,9,-33039.89,-14904.78,-33039.89,2152,-2962.7,1906
dqn_s4042,dqn,4042,1006,21.01,6.75,3.65,12,0.632,2093,250.5,86.4,-1.294,566,0,153.97,22.15,22.01,0.512,0.961,0.0,0,0,2,8,-32538.62,-14661.91,-32538.62,2152,-2915.8,1915
dqn_s4042,dqn,4042,1007,20.93,6.58,3.47,13,0.625,2092,250.4,86.3,-1.224,585,0,154.4,22.45,22.38,0.523,0.95,0.0,0,0,3,8,-32156.33,-13900.57,-32156.33,2152,-2754.6,1902
dqn_s4042,dqn,4042,1008,21.45,6.82,3.61,14,0.657,2094,252.2,86.9,-1.281,596,0,155.05,23.11,22.7,0.562,0.941,0.0,0,0,2,8,-33160.79,-14572.72,-33160.79,2152,-2901.7,1910
dqn_s4042,dqn,4042,1009,21.33,6.65,3.71,13,0.655,2094,251.8,86.7,-1.318,589,0,155.51,23.18,22.9,0.558,0.938,0.0,0,0,4,8,-33680.3,-14944.21,-33680.3,2152,-2969.2,1902
dqn_s4042,dqn,4042,1010,21.15,6.79,3.67,14,0.655,2092,251.1,86.6,-1.3,577,0,153.96,22.32,22.32,0.531,0.949,0.0,0,0,2,8,-33026.33,-14833.4,-33026.33,2152,-2933.1,1912
dqn_s4042,dqn,4042,1011,20.86,6.52,3.61,13,0.627,2091,250.5,86.3,-1.284,576,0,154.85,22.57,22.47,0.545,0.958,0.0,0,0,2,9,-33006.42,-14596.78,-33006.42,2152,-2907.4,1921
dqn_s4042,dqn,4042,1012,21.28,7.01,3.8,15,0.651,2092,250.8,86.5,-1.352,570,0,153.41,21.99,21.81,0.511,0.965,0.0,0,0,3,9,-33273.2,-15359.65,-33273.2,2152,-3053.1,1920
dqn_s4042,dqn,4042,1013,21.02,6.36,3.47,13,0.632,2093,251.1,86.4,-1.221,594,0,155.9,23.38,23.48,0.555,0.945,0.0,0,0,3,8,-32787.23,-13909.56,-32787.23,2152,-2751.6,1899
dqn_s4042,dqn,4042,1014,21.73,7.14,3.9,13,0.653,2093,252.1,86.9,-1.39,565,0,154.77,22.93,22.82,0.544,0.945,0.0,0,0,3,9,-34058.52,-15747.86,-34058.52,2152,-3127.5,1914
dqn_s4042,dqn,4042,1015,21.47,6.72,3.69,13,0.671,2092,253.0,87.1,-1.31,598,0,154.82,23.47,23.22,0.588,0.938,0.0,0,0,2,8,-33250.12,-14787.79,-33250.12,2152,-2943.2,1892
dqn_s4042,dqn,4042,1016,21.46,6.98,3.71,13,0.664,2090,251.5,86.7,-1.309,572,0,153.85,22.31,22.17,0.54,0.94,0.0,0,0,3,9,-33099.55,-14874.96,-33099.55,2152,-2936.5,1903
dqn_s4042,dqn,4042,1017,21.36,7.01,3.79,12,0.649,2091,251.3,86.6,-1.341,578,0,154.61,22.21,21.85,0.51,0.966,0.0,0,0,3,9,-33591.97,-15305.09,-33591.97,2152,-3024.6,1911
dqn_s4042,dqn,4042,1018,21.23,6.54,3.57,14,0.66,2094,251.8,86.7,-1.261,602,0,155.38,23.45,23.45,0.581,0.925,0.0,0,0,2,8,-33074.26,-14472.75,-33074.26,2152,-2870.8,1918
dqn_s4042,dqn,4042,1019,21.41,6.85,3.65,14,0.674,2094,252.2,86.9,-1.295,592,0,154.4,22.73,22.47,0.56,0.947,0.0,0,0,2,8,-33082.89,-14646.68,-33082.89,2152,-2910.9,1895
dqn_s4042,dqn,4042,1020,21.05,6.68,3.69,13,0.651,2094,251.1,86.5,-1.314,585,0,154.38,22.35,22.27,0.537,0.951,0.0,0,0,3,9,-33271.78,-14877.97,-33271.78,2152,-2959.5,1904
dqn_s4042,dqn,4042,1021,21.86,7.33,3.55,13,0.658,2092,252.5,87.1,-1.263,581,0,153.99,22.37,22.34,0.544,0.948,0.0,0,0,3,9,-32502.17,-14369.87,-32502.17,2152,-2861.7,1920
dqn_s4042,dqn,4042,1022,21.85,7.33,3.85,12,0.691,2096,252.2,86.9,-1.358,589,0,154.75,22.58,22.18,0.548,0.949,0.0,0,0,3,9,-34000.61,-15550.51,-34000.61,2152,-3064.7,1906
dqn_s4042,dqn,4042,1023,21.75,7.23,3.69,13,0.681,2097,252.3,87.0,-1.305,597,0,154.48,23.0,22.5,0.58,0.929,0.0,0,0,3,9,-33107.29,-14791.2,-33107.29,2152,-2935.5,1895
dqn_s4042,dqn,4042,1024,21.34,6.81,3.67,13,0.651,2095,251.9,86.8,-1.304,584,0,154.93,22.71,22.53,0.547,0.948,0.0,0,0,2,9,-33356.11,-14851.97,-33356.11,2152,-2956.5,1920
dqn_s4042,dqn,4042,1025,21.69,7.07,3.66,13,0.663,2093,252.9,87.2,-1.297,603,0,155.03,23.22,23.06,0.575,0.942,0.0,0,0,3,9,-33162.51,-14722.73,-33162.51,2152,-2923.0,1896
dqn_s4042,dqn,4042,1026,21.07,6.71,3.63,13,0.638,2093,250.9,86.5,-1.288,564,0,154.2,22.44,22.27,0.533,0.953,0.0,0,0,2,8,-32805.87,-14639.22,-32805.87,2152,-2906.6,1920
dqn_s4042,dqn,4042,1027,21.4,6.71,3.72,14,0.655,2095,252.1,86.8,-1.32,590,0,154.7,23.01,22.95,0.55,0.94,0.0,0,0,2,8,-33518.81,-15013.98,-33518.81,2152,-2981.5,1908
dqn_s4042,dqn,4042,1028,21.07,6.55,3.74,13,0.652,2091,251.1,86.5,-1.333,572,0,154.98,22.7,22.67,0.551,0.943,0.0,0,0,2,9,-33656.74,-15044.8,-33656.74,2152,-2999.5,1910
dqn_s4042,dqn,4042,1029,21.39,6.92,3.82,14,0.625,2092,251.3,86.6,-1.36,555,0,154.17,22.41,22.75,0.49,0.967,0.0,0,0,3,8,-33686.05,-15393.93,-33686.05,2152,-3060.9,1921
dqn_s4042,dqn,4042,1030,21.05,6.61,3.66,14,0.658,2095,251.5,86.7,-1.297,590,0,154.56,22.97,22.64,0.594,0.939,0.0,0,0,3,9,-32873.24,-14680.14,-32873.24,2152,-2913.3,1896
dqn_s42,dqn,42,1001,21.38,6.47,3.58,12,0.685,2091,252.8,87.0,-1.263,633,0,156.46,24.42,24.5,0.654,0.925,0.0,0,0,3,8,-33164.05,-14382.97,-33164.05,2152,-2852.1,1883
dqn_s42,dqn,42,1002,21.55,6.97,3.73,15,0.685,2096,251.5,86.7,-1.306,606,0,155.75,23.61,23.35,0.619,0.937,0.0,0,0,3,9,-33457.81,-14930.48,-33457.81,2152,-2938.1,1889
dqn_s42,dqn,42,1003,21.84,7.18,3.65,14,0.709,2093,252.9,87.1,-1.286,619,0,155.97,23.84,23.66,0.651,0.924,0.0,0,0,3,9,-33291.88,-14661.86,-33291.88,2152,-2900.3,1888
dqn_s42,dqn,42,1004,21.28,6.66,3.41,13,0.684,2094,252.2,86.9,-1.187,635,0,155.54,23.85,23.36,0.65,0.909,0.0,0,0,4,9,-31834.96,-13594.18,-31834.96,2152,-2670.1,1871
dqn_s42,dqn,42,1005,21.57,6.66,3.58,14,0.708,2095,253.7,87.3,-1.259,640,0,156.32,24.82,24.64,0.697,0.885,0.0,0,0,4,9,-33044.63,-14294.3,-33044.63,2152,-2830.0,1867
dqn_s42,dqn,42,1006,21.03,6.42,3.57,16,0.681,2093,251.7,86.7,-1.254,626,0,155.78,23.97,23.47,0.659,0.918,0.0,0,0,4,9,-32658.01,-14294.02,-32658.01,2152,-2825.3,1882
dqn_s42,dqn,42,1007,21.53,6.76,3.74,14,0.697,2090,252.3,86.9,-1.319,622,0,156.05,24.08,23.68,0.663,0.912,0.0,0,0,3,8,-33797.79,-14980.67,-33797.79,2152,-2963.1,1877
dqn_s42,dqn,42,1008,21.38,6.84,3.75,14,0.674,2093,251.8,86.8,-1.329,610,0,155.69,23.73,23.48,0.621,0.924,0.0,0,0,3,9,-33484.25,-15080.12,-33484.25,2152,-2999.1,1893
dqn_s42,dqn,42,1009,21.73,6.84,3.81,14,0.697,2094,252.6,87.0,-1.362,619,0,156.73,24.39,23.96,0.65,0.91,0.0,0,0,3,9,-34299.47,-15276.56,-34299.47,2152,-3065.2,1881
dqn_s42,dqn,42,1010,21.26,6.63,3.61,13,0.664,2096,251.8,86.7,-1.267,623,0,155.63,23.97,23.39,0.629,0.92,0.0,0,0,3,8,-32927.4,-14523.22,-32927.4,2152,-2870.2,1893
dqn_s42,dqn,42,1011,21.51,6.7,3.6,14,0.715,2092,252.7,87.0,-1.264,650,0,156.05,23.78,23.38,0.647,0.906,0.0,0,0,2,9,-33465.8,-14516.91,-33465.8,2152,-2863.0,1878
dqn_s42,dqn,42,1012,21.84,7.15,3.77,13,0.704,2094,252.7,87.1,-1.338,610,0,155.18,23.75,23.62,0.647,0.931,0.0,0,0,3,9,-33435.4,-15088.01,-33435.4,2152,-3009.8,1888
dqn_s42,dqn,42,1013,21.82,6.95,3.78,13,0.703,2093,252.3,86.9,-1.327,609,0,156.81,24.28,24.52,0.666,0.921,0.0,0,0,4,8,-34186.78,-15191.71,-34186.78,2152,-2998.7,1897
dqn_s42,dqn,42,1014,21.49,6.75,3.74,14,0.686,2091,252.1,86.8,-1.319,616,0,155.75,23.92,23.79,0.631,0.933,0.0,0,0,3,8,-33464.16,-14987.11,-33464.16,2152,-2972.3,1887
dqn_s42,dqn,42,1015,21.59,6.74,3.64,13,0.709,2091,253.1,87.2,-1.294,631,0,155.55,24.2,23.89,0.652,0.915,0.0,0,0,3,8,-33132.67,-14557.91,-33132.67,2152,-2911.8,1874
dqn_s42,dqn,42,1016,21.4,6.8,3.61,14,0.685,2092,251.9,86.8,-1.268,610,0,155.42,23.9,23.57,0.636,0.924,0.0,0,0,4,9,-32857.71,-14456.43,-32857.71,2152,-2857.2,1890
dqn_s42,dqn,42,1017,21.01,6.45,3.51,14,0.667,2093,252.0,86.8,-1.239,636,0,155.99,23.6,23.54,0.618,0.924,0.0,0,0,3,8,-32721.71,-14075.38,-32721.71,2152,-2791.1,1875
dqn_s42,dqn,42,1018,21.41,6.79,3.7,14,0.685,2093,251.7,86.7,-1.314,614,0,155.8,23.85,23.51,0.622,0.933,0.0,0,0,3,10,-33331.09,-14878.29,-33331.09,2152,-2972.8,1897
dqn_s42,dqn,42,1019,21.5,6.57,3.4,13,0.704,2096,253.4,87.2,-1.191,649,0,156.0,24.34,23.97,0.672,0.902,0.0,0,0,3,8,-32325.73,-13533.72,-32325.73,2152,-2680.1,1864
dqn_s42,dqn,42,1020,21.46,6.67,3.62,13,0.69,2092,252.7,87.0,-1.274,638,0,156.4,24.34,23.96,0.635,0.929,0.0,0,0,3,9,-33178.19,-14503.69,-33178.19,2152,-2874.5,1877
dqn_s42,dqn,42,1021,21.86,7.15,3.63,15,0.706,2094,253.3,87.3,-1.269,636,0,155.55,23.91,23.79,0.652,0.922,0.0,0,0,4,9,-33083.83,-14635.28,-33083.83,2152,-2873.2,1887
dqn_s42,dqn,42,1022,21.31,6.72,3.64,16,0.687,2091,251.8,86.7,-1.275,630,0,155.93,23.76,23.3,0.633,0.912,0.0,0,0,3,8,-33349.24,-14685.32,-33349.24,2152,-2887.9,1890
dqn_s42,dqn,42,1023,21.91,7.19,3.76,16,0.71,2097,252.9,87.2,-1.325,620,0,155.14,23.66,23.19,0.635,0.924,0.0,0,0,3,9,-33571.62,-15078.2,-33571.62,2152,-2982.1,1882
dqn_s42,dqn,42,1024,21.92,7.15,3.69,14,0.7,2094,253.2,87.2,-1.299,625,0,156.14,23.9,23.6,0.643,0.919,0.0,0,0,3,9,-33565.55,-14957.72,-33565.55,2152,-2958.0,1904
dqn_s42,dqn,42,1025,21.59,6.74,3.69,14,0.697,2090,253.3,87.2,-1.295,627,0,155.82,24.03,23.45,0.642,0.907,0.0,0,0,3,8,-33519.27,-14782.54,-33519.27,2152,-2918.7,1878
dqn_s42,dqn,42,1026,20.96,6.37,3.59,14,0.67,2091,251.5,86.6,-1.268,635,0,156.13,24.4,23.6,0.667,0.908,0.0,0,0,3,8,-32754.9,-14355.7,-32754.9,2152,-2853.6,1873
dqn_s42,dqn,42,1027,21.83,6.88,3.86,14,0.722,2094,253.7,87.3,-1.362,629,0,156.34,24.63,24.25,0.7,0.884,0.0,0,0,3,8,-34249.06,-15420.16,-34249.06,2152,-3060.2,1874
dqn_s42,dqn,42,1028,21.23,6.58,3.71,14,0.669,2092,252.1,86.8,-1.306,609,0,156.35,24.06,23.86,0.649,0.925,0.0,0,0,2,8,-33622.53,-14827.7,-33622.53,2152,-2934.5,1885
dqn_s42,dqn,42,1029,21.39,6.76,3.72,13,0.691,2092,252.1,86.8,-1.296,629,0,155.7,23.94,23.23,0.652,0.919,0.0,0,0,3,9,-33386.53,-14914.35,-33386.53,2152,-2919.1,1878
dqn_s42,dqn,42,1030,21.19,6.75,3.66,14,0.676,2094,251.5,86.7,-1.294,622,0,154.99,23.4,23.25,0.624,0.941,0.0,0,0,3,9,-32823.6,-14707.1,-32823.6,2152,-2918.8,1887
ippo_local_s2042,ippo_local,2042,1001,22.53,7.39,4.21,20,0.758,2093,253.9,87.5,-1.488,580,0,158.3,26.23,26.12,0.775,0.878,0.0,0,0,5,9,-36120.69,-16925.34,-36120.69,2152,-3361.1,1913
ippo_local_s2042,ippo_local,2042,1002,22.15,7.23,4.02,14,0.717,2092,253.4,87.3,-1.422,582,0,157.18,25.01,25.37,0.7,0.905,0.0,0,0,5,8,-35116.19,-16131.12,-35116.19,2152,-3203.6,1906
ippo_local_s2042,ippo_local,2042,1003,22.34,7.44,3.85,15,0.717,2092,254.0,87.5,-1.362,584,0,156.22,24.06,23.97,0.683,0.898,0.0,0,0,5,9,-34429.1,-15531.42,-34429.1,2152,-3084.6,1916
ippo_local_s2042,ippo_local,2042,1004,21.7,7.02,3.78,15,0.707,2092,252.4,87.0,-1.342,580,0,155.79,24.12,24.17,0.662,0.929,0.0,0,0,4,8,-33396.27,-15112.35,-33396.27,2152,-3020.5,1904
ippo_local_s2042,ippo_local,2042,1005,22.45,7.51,4.03,18,0.739,2096,254.3,87.6,-1.434,580,0,156.28,24.79,24.51,0.726,0.892,0.0,0,0,4,8,-35020.31,-16131.92,-35020.31,2152,-3226.5,1906
ippo_local_s2042,ippo_local,2042,1006,21.85,7.05,3.88,15,0.719,2093,252.9,87.1,-1.375,583,0,156.58,24.77,24.5,0.717,0.897,0.0,0,0,5,8,-34231.75,-15543.32,-34231.75,2152,-3098.3,1907
ippo_local_s2042,ippo_local,2042,1007,22.11,7.17,3.88,16,0.745,2092,253.8,87.4,-1.365,583,0,157.0,25.02,24.84,0.728,0.891,0.0,0,0,5,8,-34581.08,-15465.98,-34581.08,2152,-3063.4,1898
ippo_local_s2042,ippo_local,2042,1008,22.64,7.55,4.18,17,0.764,2093,254.5,87.7,-1.471,577,0,157.76,25.82,25.55,0.809,0.853,0.0,0,0,4,8,-36036.68,-16719.59,-36036.68,2152,-3309.4,1905
ippo_local_s2042,ippo_local,2042,1009,22.22,7.12,3.98,16,0.728,2093,253.8,87.4,-1.395,582,0,157.61,25.29,25.53,0.732,0.882,0.0,0,0,4,9,-35397.88,-16010.04,-35397.88,2152,-3152.3,1911
ippo_local_s2042,ippo_local,2042,1010,21.75,7.04,3.9,16,0.719,2093,252.3,86.9,-1.378,582,0,156.27,24.61,24.41,0.703,0.904,0.0,0,0,4,9,-34006.48,-15656.14,-34006.48,2152,-3112.2,1912
ippo_local_s2042,ippo_local,2042,1011,22.31,7.39,4.03,16,0.727,2093,253.8,87.4,-1.431,583,0,157.06,24.81,24.97,0.708,0.907,0.0,0,0,4,8,-35393.25,-16203.31,-35393.25,2152,-3228.5,1910
ippo_local_s2042,ippo_local,2042,1012,22.62,7.6,4.1,14,0.748,2092,254.8,87.8,-1.442,581,0,156.27,24.86,24.87,0.721,0.898,0.0,0,0,4,8,-35288.47,-16380.73,-35288.47,2152,-3235.4,1899
ippo_local_s2042,ippo_local,2042,1013,22.87,7.45,4.09,16,0.76,2093,255.0,87.7,-1.45,587,0,158.38,25.86,25.89,0.754,0.88,0.0,0,0,5,9,-36024.85,-16486.12,-36024.85,2152,-3280.2,1914
ippo_local_s2042,ippo_local,2042,1014,22.51,7.5,4.11,19,0.743,2093,253.7,87.4,-1.454,576,0,156.76,24.92,24.67,0.722,0.884,0.0,0,0,4,9,-35434.72,-16497.82,-35434.72,2152,-3276.3,1909
ippo_local_s2042,ippo_local,2042,1015,22.12,7.36,4.04,15,0.724,2090,253.1,87.3,-1.437,579,0,155.65,24.28,24.38,0.702,0.914,0.0,0,0,5,9,-34670.33,-16181.73,-34670.33,2152,-3232.4,1906
ippo_local_s2042,ippo_local,2042,1016,23.17,8.09,4.28,17,0.746,2095,255.5,88.1,-1.513,579,0,156.23,24.71,24.51,0.715,0.899,0.0,0,0,4,9,-36118.46,-17238.33,-36118.46,2152,-3409.7,1909
ippo_local_s2042,ippo_local,2042,1017,21.84,7.0,3.8,16,0.712,2092,253.0,87.1,-1.341,580,0,156.84,24.44,24.35,0.678,0.905,0.0,0,0,5,9,-34129.45,-15163.71,-34129.45,2152,-3014.1,1902
ippo_local_s2042,ippo_local,2042,1018,21.53,6.81,3.67,13,0.698,2095,252.3,86.9,-1.302,584,0,156.23,24.28,23.86,0.67,0.894,0.0,0,0,3,8,-33246.8,-14734.97,-33246.8,2152,-2937.9,1910
ippo_local_s2042,ippo_local,2042,1019,22.76,7.84,4.2,14,0.74,2093,254.4,87.7,-1.486,581,0,156.4,24.73,24.41,0.707,0.898,0.0,0,0,5,9,-35517.86,-16866.74,-35517.86,2152,-3348.6,1907
ippo_local_s2042,ippo_local,2042,1020,21.56,6.73,3.77,16,0.704,2094,252.7,87.0,-1.336,584,0,156.6,24.56,24.51,0.686,0.898,0.0,0,0,3,8,-33833.24,-15095.12,-33833.24,2152,-3010.1,1905
ippo_local_s2042,ippo_local,2042,1021,22.68,7.59,3.85,15,0.755,2091,255.0,87.8,-1.36,585,0,156.74,25.11,25.37,0.737,0.885,0.0,0,0,5,9,-34377.11,-15483.68,-34377.11,2152,-3080.3,1917
ippo_local_s2042,ippo_local,2042,1022,21.55,6.98,3.85,15,0.698,2094,251.9,86.8,-1.356,580,0,156.18,24.0,23.57,0.66,0.926,0.0,0,0,4,8,-34000.67,-15489.2,-34000.67,2152,-3063.9,1914
ippo_local_s2042,ippo_local,2042,1023,22.15,7.51,3.94,14,0.732,2095,252.7,87.1,-1.398,580,0,155.77,24.29,23.95,0.698,0.902,0.0,0,0,3,8,-34167.85,-15820.84,-34167.85,2152,-3149.1,1908
ippo_local_s2042,ippo_local,2042,1024,21.58,6.93,3.78,15,0.711,2095,252.5,87.0,-1.332,586,0,156.39,24.16,24.18,0.67,0.912,0.0,0,0,5,9,-33939.33,-15280.97,-33939.33,2152,-3032.2,1929
ippo_local_s2042,ippo_local,2042,1025,22.78,7.72,4.18,16,0.744,2091,255.0,87.8,-1.477,581,0,156.67,24.86,24.77,0.717,0.892,0.0,0,0,6,9,-35792.92,-16794.05,-35792.92,2152,-3322.2,1903
ippo_local_s2042,ippo_local,2042,1026,22.02,7.3,3.94,16,0.727,2095,252.7,87.1,-1.392,578,0,156.36,24.61,24.38,0.704,0.898,0.0,0,0,6,8,-34218.26,-15756.0,-34218.26,2152,-3131.3,1907
ippo_local_s2042,ippo_local,2042,1027,22.33,7.32,4.1,18,0.747,2093,254.3,87.6,-1.438,583,0,156.97,25.27,25.68,0.754,0.889,0.0,0,0,6,9,-35376.82,-16484.78,-35376.82,2152,-3245.2,1910
ippo_local_s2042,ippo_local,2042,1028,21.99,7.12,3.95,16,0.726,2088,252.7,87.0,-1.393,579,0,156.85,24.59,24.66,0.693,0.917,0.0,0,0,3,9,-34868.43,-15803.03,-34868.43,2152,-3138.3,1908
ippo_local_s2042,ippo_local,2042,1029,22.13,7.22,4.05,14,0.72,2091,253.3,87.3,-1.43,582,0,156.74,24.97,25.45,0.715,0.906,0.0,0,0,4,9,-35021.16,-16248.89,-35021.16,2152,-3225.2,1909
ippo_local_s2042,ippo_local,2042,1030,22.13,7.05,4.02,21,0.739,2095,253.7,87.4,-1.421,583,0,157.08,25.52,25.88,0.758,0.881,0.0,0,0,5,8,-35046.28,-16103.31,-35046.28,2152,-3197.4,1903
ippo_local_s4042,ippo_local,4042,1001,22.07,7.11,4.0,18,0.726,2091,253.6,87.3,-1.423,582,0,157.31,25.26,25.01,0.715,0.898,0.0,0,0,4,8,-34996.44,-16023.79,-34996.44,2152,-3201.4,1905
ippo_local_s4042,ippo_local,4042,1002,21.96,7.13,3.81,16,0.72,2096,252.9,87.1,-1.347,580,0,156.58,24.42,24.2,0.682,0.916,0.0,0,0,4,8,-33987.99,-15215.53,-33987.99,2152,-3031.5,1904
ippo_local_s4042,ippo_local,4042,1003,21.8,7.22,3.91,14,0.711,2095,252.5,87.0,-1.381,582,0,156.17,24.04,23.82,0.656,0.918,0.0,0,0,3,9,-34215.28,-15729.98,-34215.28,2152,-3124.4,1915
ippo_local_s4042,ippo_local,4042,1004,22.17,7.24,3.87,19,0.722,2092,253.8,87.4,-1.364,579,0,156.68,25.01,25.0,0.711,0.902,0.0,0,0,5,8,-34107.31,-15502.26,-34107.31,2152,-3070.0,1907
ippo_local_s4042,ippo_local,4042,1005,22.31,7.34,4.02,15,0.734,2094,254.1,87.6,-1.414,581,0,156.74,25.23,24.9,0.756,0.885,0.0,0,0,3,9,-34931.85,-16074.51,-34931.85,2152,-3176.9,1902
ippo_local_s4042,ippo_local,4042,1006,21.97,7.23,3.92,14,0.726,2093,253.0,87.2,-1.386,579,0,156.2,24.38,23.67,0.693,0.901,0.0,0,0,3,9,-34158.86,-15665.75,-34158.86,2152,-3114.8,1901
ippo_local_s4042,ippo_local,4042,1007,22.37,7.2,3.92,16,0.718,2093,254.7,87.7,-1.381,579,0,157.03,25.07,24.9,0.694,0.876,0.0,0,0,4,7,-34982.67,-15677.41,-34982.67,2152,-3103.1,1904
ippo_local_s4042,ippo_local,4042,1008,22.15,6.98,3.92,17,0.726,2096,255.0,87.7,-1.386,580,0,157.39,25.44,25.68,0.739,0.875,0.0,0,0,5,8,-35126.09,-15670.61,-35126.09,2152,-3114.0,1903
ippo_local_s4042,ippo_local,4042,1009,22.49,7.27,4.09,17,0.756,2094,254.7,87.7,-1.449,581,0,158.32,26.0,25.87,0.764,0.877,0.0,0,0,4,8,-35867.8,-16416.23,-35867.8,2152,-3273.8,1913
ippo_local_s4042,ippo_local,4042,1010,21.57,6.94,3.85,14,0.699,2093,252.2,86.9,-1.364,581,0,155.94,24.29,23.71,0.669,0.909,0.0,0,0,5,8,-33801.19,-15455.71,-33801.19,2152,-3076.1,1910
ippo_local_s4042,ippo_local,4042,1011,22.46,7.38,4.04,18,0.724,2095,254.9,87.7,-1.42,583,0,157.12,24.86,24.58,0.694,0.895,0.0,0,0,4,9,-35284.23,-16214.71,-35284.23,2152,-3203.7,1910
ippo_local_s4042,ippo_local,4042,1012,21.98,7.17,3.83,16,0.708,2094,252.9,87.1,-1.355,581,0,155.85,24.45,24.17,0.678,0.916,0.0,0,0,3,9,-33719.5,-15319.51,-33719.5,2152,-3048.0,1905
ippo_local_s4042,ippo_local,4042,1013,22.41,7.34,4.03,16,0.721,2093,254.4,87.6,-1.431,584,0,157.26,24.74,24.83,0.677,0.901,0.0,0,0,4,9,-35632.12,-16249.05,-35632.12,2152,-3241.5,1916
ippo_local_s4042,ippo_local,4042,1014,22.25,7.21,3.93,19,0.749,2091,253.7,87.4,-1.37,579,0,156.9,25.07,24.32,0.731,0.873,0.0,0,0,4,9,-34559.74,-15678.39,-34559.74,2152,-3083.3,1904
ippo_local_s4042,ippo_local,4042,1015,21.37,6.85,3.73,13,0.704,2092,251.3,86.6,-1.31,581,0,155.52,24.16,23.76,0.684,0.921,0.0,0,0,4,8,-32944.05,-14870.84,-32944.05,2152,-2948.1,1905
ippo_local_s4042,ippo_local,4042,1016,22.67,7.62,3.98,14,0.729,2095,254.8,87.8,-1.403,577,0,156.45,24.92,25.01,0.696,0.898,0.0,0,0,5,8,-34708.13,-15932.09,-34708.13,2152,-3160.4,1909
ippo_local_s4042,ippo_local,4042,1017,22.51,7.48,4.15,16,0.726,2090,254.9,87.8,-1.475,584,0,157.4,25.0,25.33,0.707,0.896,0.0,0,0,4,8,-36024.31,-16694.92,-36024.31,2152,-3326.7,1907
ippo_local_s4042,ippo_local,4042,1018,21.56,6.89,3.78,14,0.687,2095,252.0,86.8,-1.341,581,0,155.97,24.03,23.63,0.664,0.916,0.0,0,0,4,9,-33754.74,-15186.64,-33754.74,2152,-3024.4,1911
ippo_local_s4042,ippo_local,4042,1019,22.91,7.54,4.03,19,0.727,2096,256.6,88.3,-1.431,580,0,157.29,25.62,25.9,0.701,0.89,0.0,0,0,3,8,-35290.62,-16129.95,-35290.62,2152,-3215.6,1901
ippo_local_s4042,ippo_local,4042,1020,22.02,7.3,3.93,16,0.725,2094,253.1,87.3,-1.386,581,0,156.43,24.39,24.2,0.69,0.907,0.0,0,0,4,8,-34422.57,-15738.81,-34422.57,2152,-3118.3,1904
ippo_local_s4042,ippo_local,4042,1021,22.56,7.6,4.09,15,0.738,2092,254.5,87.7,-1.445,582,0,156.42,24.81,24.69,0.715,0.871,0.0,0,0,3,8,-35274.69,-16447.71,-35274.69,2152,-3261.0,1911
ippo_local_s4042,ippo_local,4042,1022,21.84,7.03,3.97,14,0.718,2093,253.1,87.2,-1.395,582,0,156.94,24.76,24.83,0.716,0.908,0.0,0,0,4,8,-34744.18,-15889.44,-34744.18,2152,-3139.3,1905
ippo_local_s4042,ippo_local,4042,1023,22.2,7.26,3.9,16,0.754,2095,253.8,87.4,-1.37,579,0,156.43,24.96,24.6,0.758,0.871,0.0,0,0,4,8,-34322.99,-15586.08,-34322.99,2152,-3087.4,1908
ippo_local_s4042,ippo_local,4042,1024,21.64,6.78,3.74,18,0.704,2096,253.0,87.1,-1.325,583,0,157.04,24.84,24.67,0.703,0.89,0.0,0,0,4,8,-33970.4,-15082.94,-33970.4,2152,-3004.5,1921
ippo_local_s4042,ippo_local,4042,1025,22.2,7.13,3.93,18,0.739,2091,254.1,87.5,-1.388,580,0,157.15,25.34,25.13,0.748,0.866,0.0,0,0,4,9,-34586.91,-15725.93,-34586.91,2152,-3126.3,1909
ippo_local_s4042,ippo_local,4042,1026,22.01,7.21,3.91,16,0.718,2092,253.2,87.3,-1.393,581,0,156.25,24.51,23.92,0.684,0.896,0.0,0,0,4,8,-34186.02,-15653.35,-34186.02,2152,-3133.3,1906
ippo_local_s4042,ippo_local,4042,1027,22.04,7.09,3.87,17,0.716,2096,253.8,87.4,-1.366,584,0,156.48,24.8,24.55,0.688,0.909,0.0,0,0,5,9,-34210.96,-15561.61,-34210.96,2152,-3086.1,1910
ippo_local_s4042,ippo_local,4042,1028,21.85,7.12,3.95,13,0.726,2090,252.6,87.0,-1.392,580,0,157.33,25.05,24.61,0.725,0.897,0.0,0,0,4,8,-34544.47,-15756.78,-34544.47,2152,-3127.6,1901
ippo_local_s4042,ippo_local,4042,1029,22.23,6.95,3.88,14,0.73,2093,254.9,87.7,-1.378,579,0,157.39,25.66,25.96,0.742,0.877,0.0,0,0,4,8,-34698.21,-15533.97,-34698.21,2152,-3096.8,1904
ippo_local_s4042,ippo_local,4042,1030,21.21,6.66,3.73,13,0.688,2095,251.6,86.7,-1.304,579,0,155.46,23.9,23.48,0.666,0.916,0.0,0,0,4,8,-33047.56,-14884.01,-33047.56,2152,-2929.6,1904
ippo_local_s42,ippo_local,42,1001,23.18,7.74,4.33,19,0.829,2093,256.5,88.3,-1.524,613,0,159.58,27.51,28.74,0.918,0.835,0.0,0,0,5,8,-37184.74,-17413.04,-37184.74,2152,-3452.8,1901
ippo_local_s42,ippo_local,42,1002,23.89,8.44,4.47,14,0.851,2094,257.6,88.7,-1.587,603,0,159.21,27.05,28.28,0.907,0.854,0.0,0,0,4,8,-37671.04,-17942.24,-37671.04,2152,-3584.0,1900
ippo_local_s42,ippo_local,42,1003,23.37,8.09,4.26,15,0.831,2090,256.6,88.4,-1.498,614,0,158.41,26.29,27.63,0.877,0.861,0.0,0,0,5,8,-36790.92,-17070.17,-36790.92,2152,-3387.6,1896
ippo_local_s42,ippo_local,42,1004,23.43,8.21,4.46,20,0.842,2091,256.5,88.4,-1.571,610,0,158.67,26.99,28.7,0.911,0.844,0.0,0,0,4,8,-37283.54,-17825.75,-37283.54,2152,-3539.0,1889
ippo_local_s42,ippo_local,42,1005,23.65,8.25,4.33,16,0.853,2096,256.9,88.5,-1.525,612,0,158.86,27.37,28.45,0.95,0.819,0.0,0,0,6,9,-36844.4,-17268.57,-36844.4,2152,-3430.4,1885
ippo_local_s42,ippo_local,42,1006,23.71,8.24,4.42,17,0.841,2090,257.3,88.6,-1.551,616,0,159.26,27.44,28.73,0.91,0.858,0.0,0,0,4,8,-37325.54,-17736.05,-37325.54,2152,-3513.9,1898
ippo_local_s42,ippo_local,42,1007,23.51,8.14,4.37,16,0.847,2088,257.2,88.5,-1.531,600,0,158.54,26.58,27.91,0.907,0.836,0.0,0,0,4,9,-37385.65,-17501.89,-37385.65,2152,-3450.3,1896
ippo_local_s42,ippo_local,42,1008,23.66,8.22,4.47,19,0.858,2095,257.4,88.6,-1.583,608,0,159.04,27.09,28.16,0.925,0.834,0.0,0,0,4,8,-37703.69,-17834.98,-37703.69,2152,-3556.4,1887
ippo_local_s42,ippo_local,42,1009,23.77,8.11,4.53,16,0.856,2094,257.6,88.7,-1.593,606,0,160.43,28.1,29.29,0.965,0.823,0.0,0,0,4,9,-38467.21,-18174.02,-38467.21,2152,-3597.6,1899
ippo_local_s42,ippo_local,42,1010,23.01,7.83,4.25,15,0.819,2093,255.7,88.1,-1.493,607,0,157.73,26.08,26.94,0.874,0.855,0.0,0,0,4,8,-36344.74,-17031.46,-36344.74,2152,-3368.4,1897
ippo_local_s42,ippo_local,42,1011,23.79,8.29,4.51,17,0.852,2094,257.8,88.7,-1.585,601,0,159.62,27.34,28.43,0.933,0.83,0.0,0,0,4,8,-38264.07,-18120.67,-38264.07,2152,-3580.2,1901
ippo_local_s42,ippo_local,42,1012,23.72,8.34,4.4,19,0.86,2088,257.3,88.6,-1.547,604,0,158.36,26.94,27.94,0.935,0.828,0.0,0,0,5,8,-37177.92,-17609.84,-37177.92,2152,-3489.3,1898
ippo_local_s42,ippo_local,42,1013,24.21,8.35,4.55,18,0.865,2094,258.6,89.0,-1.609,593,0,160.54,28.01,29.28,0.957,0.804,0.0,0,0,6,9,-38953.66,-18273.89,-38953.66,2152,-3629.1,1905
ippo_local_s42,ippo_local,42,1014,23.31,7.81,4.29,17,0.822,2091,256.6,88.3,-1.504,610,0,159.12,27.27,28.2,0.907,0.837,0.0,0,0,4,8,-36885.54,-17209.23,-36885.54,2152,-3403.2,1900
ippo_local_s42,ippo_local,42,1015,23.18,8.06,4.35,16,0.818,2093,256.0,88.2,-1.529,618,0,157.37,26.0,27.09,0.858,0.876,0.0,0,0,4,8,-36421.28,-17363.76,-36421.28,2152,-3440.9,1882
ippo_local_s42,ippo_local,42,1016,24.15,8.73,4.55,16,0.874,2095,258.0,88.9,-1.609,601,0,158.62,27.12,28.48,0.947,0.82,0.0,0,0,5,8,-37797.73,-18203.26,-37797.73,2152,-3620.4,1892
ippo_local_s42,ippo_local,42,1017,23.2,7.99,4.25,21,0.824,2093,255.9,88.1,-1.502,606,0,158.93,26.54,27.37,0.897,0.848,0.0,0,0,5,9,-36649.35,-17021.16,-36649.35,2152,-3388.7,1895
ippo_local_s42,ippo_local,42,1018,24.24,8.54,4.52,19,0.878,2095,258.6,89.1,-1.586,598,0,160.03,28.08,29.76,0.981,0.796,0.0,0,0,5,9,-38346.97,-18161.82,-38346.97,2152,-3588.1,1906
ippo_local_s42,ippo_local,42,1019,23.8,8.24,4.43,18,0.854,2093,257.9,88.8,-1.554,601,0,159.32,27.66,28.93,0.963,0.81,0.0,0,0,5,8,-37713.43,-17741.23,-37713.43,2152,-3506.2,1898
ippo_local_s42,ippo_local,42,1020,23.37,8.07,4.34,16,0.845,2091,256.5,88.3,-1.53,610,0,158.75,26.71,27.71,0.921,0.836,0.0,0,0,5,8,-36940.96,-17363.58,-36940.96,2152,-3447.5,1891
ippo_local_s42,ippo_local,42,1021,23.37,7.92,4.26,15,0.837,2092,256.6,88.4,-1.496,612,0,158.64,27.02,27.76,0.919,0.851,0.0,0,0,4,8,-36527.46,-17068.44,-36527.46,2152,-3379.9,1896
ippo_local_s42,ippo_local,42,1022,23.5,8.23,4.42,22,0.852,2093,256.4,88.3,-1.547,600,0,159.56,27.37,28.61,0.965,0.815,0.0,0,0,4,8,-37506.46,-17694.96,-37506.46,2152,-3489.0,1898
ippo_local_s42,ippo_local,42,1023,23.49,8.13,4.28,16,0.839,2093,257.1,88.5,-1.506,616,0,158.49,26.99,28.21,0.919,0.847,0.0,0,0,4,8,-36613.27,-17135.63,-36613.27,2152,-3406.4,1894
ippo_local_s42,ippo_local,42,1024,23.44,8.03,4.4,18,0.839,2096,257.0,88.5,-1.558,603,0,159.8,27.59,29.18,0.952,0.823,0.0,0,0,6,8,-37743.56,-17856.25,-37743.56,2152,-3556.6,1925
ippo_local_s42,ippo_local,42,1025,22.77,7.63,4.25,15,0.807,2089,255.1,87.9,-1.491,614,0,157.92,26.11,27.0,0.866,0.874,0.0,0,0,5,9,-36169.94,-17031.17,-36169.94,2152,-3368.5,1895
ippo_local_s42,ippo_local,42,1026,23.45,7.97,4.46,22,0.849,2092,257.2,88.5,-1.577,609,0,159.52,27.78,29.43,0.953,0.818,0.0,0,0,5,8,-37655.15,-17841.51,-37655.15,2152,-3558.5,1894
ippo_local_s42,ippo_local,42,1027,23.17,7.83,4.41,19,0.833,2091,256.5,88.3,-1.553,607,0,159.0,27.31,28.79,0.933,0.825,0.0,0,0,4,8,-37150.37,-17657.91,-37150.37,2152,-3504.1,1896
ippo_local_s42,ippo_local,42,1028,23.24,7.84,4.4,18,0.827,2089,256.5,88.3,-1.563,606,0,159.23,26.94,28.24,0.896,0.838,0.0,0,0,5,8,-37630.8,-17615.62,-37630.8,2152,-3520.8,1893
ippo_local_s42,ippo_local,42,1029,23.77,8.15,4.52,16,0.857,2090,257.7,88.7,-1.586,606,0,159.49,27.74,29.64,0.945,0.841,0.0,0,0,4,8,-38047.9,-18065.88,-38047.9,2152,-3573.7,1891
ippo_local_s42,ippo_local,42,1030,22.53,7.49,4.22,16,0.812,2094,254.8,87.7,-1.496,616,0,157.81,26.24,27.16,0.889,0.85,0.0,0,0,5,9,-36150.67,-16939.39,-36150.67,2152,-3384.1,1897
ippo_spill_s2042,ippo_spill,2042,1001,21.9,7.42,4.06,14,0.658,2096,250.8,86.6,-1.456,560,0,154.77,22.72,23.94,0.514,0.988,0.0,0,0,3,9,-34660.51,-16440.31,-34660.51,2152,-3288.5,1927
ippo_spill_s2042,ippo_spill,2042,1002,21.5,7.19,3.86,13,0.661,2093,250.1,86.3,-1.365,564,0,155.06,22.9,23.78,0.558,0.977,0.0,0,0,4,9,-33538.55,-15551.56,-33538.55,2152,-3082.9,1922
ippo_spill_s2042,ippo_spill,2042,1003,21.77,7.45,4.04,13,0.67,2091,250.7,86.5,-1.44,561,0,154.9,22.77,23.73,0.542,0.989,0.0,0,0,4,9,-34489.94,-16362.89,-34489.94,2152,-3258.2,1928
ippo_spill_s2042,ippo_spill,2042,1004,21.89,7.65,3.92,15,0.67,2095,250.8,86.6,-1.389,561,0,154.34,22.66,23.47,0.552,0.99,0.0,0,0,3,9,-33481.14,-15762.65,-33481.14,2152,-3124.6,1916
ippo_spill_s2042,ippo_spill,2042,1005,21.42,7.15,3.84,14,0.668,2091,250.3,86.4,-1.357,562,0,154.2,22.69,23.49,0.564,0.987,0.0,0,0,3,9,-33254.85,-15433.84,-33254.85,2152,-3061.2,1921
ippo_spill_s2042,ippo_spill,2042,1006,21.4,7.09,3.92,12,0.667,2093,250.2,86.3,-1.387,561,0,154.77,22.93,23.83,0.579,0.981,0.0,0,0,3,8,-33578.73,-15728.44,-33578.73,2152,-3117.3,1914
ippo_spill_s2042,ippo_spill,2042,1007,21.48,7.2,3.91,13,0.665,2091,250.1,86.3,-1.388,562,0,154.89,22.91,23.64,0.576,0.98,0.0,0,0,4,9,-33732.02,-15738.3,-33732.02,2152,-3128.2,1918
ippo_spill_s2042,ippo_spill,2042,1008,21.36,7.04,3.9,15,0.658,2094,250.2,86.3,-1.384,562,0,154.94,23.0,23.95,0.564,0.986,0.0,0,0,4,8,-33859.78,-15671.94,-33859.78,2152,-3117.4,1918
ippo_spill_s2042,ippo_spill,2042,1009,21.85,7.42,4.18,13,0.675,2091,250.8,86.5,-1.489,561,0,155.58,23.23,24.09,0.576,0.982,0.0,0,0,3,9,-35213.0,-16885.84,-35213.0,2152,-3359.9,1923
ippo_spill_s2042,ippo_spill,2042,1010,21.49,7.36,4.08,14,0.673,2093,250.0,86.3,-1.454,561,0,153.91,22.26,23.01,0.553,0.98,0.0,0,0,3,10,-34296.41,-16463.3,-34296.41,2152,-3280.8,1922
ippo_spill_s2042,ippo_spill,2042,1011,21.04,6.8,3.77,12,0.651,2091,249.3,86.0,-1.331,566,0,154.86,22.59,23.27,0.543,0.983,0.0,0,0,3,8,-33367.53,-15230.54,-33367.53,2152,-3014.3,1928
ippo_spill_s2042,ippo_spill,2042,1012,22.11,7.8,4.19,14,0.672,2091,251.1,86.7,-1.508,558,0,153.98,22.56,23.41,0.547,0.987,0.0,0,0,3,8,-34734.64,-16919.16,-34734.64,2152,-3393.0,1919
ippo_spill_s2042,ippo_spill,2042,1013,21.59,7.04,3.83,13,0.658,2093,250.2,86.3,-1.354,564,0,155.85,23.33,24.43,0.565,0.987,0.0,0,0,3,9,-33866.07,-15449.92,-33866.07,2152,-3058.1,1924
ippo_spill_s2042,ippo_spill,2042,1014,22.0,7.51,4.14,14,0.681,2088,250.7,86.5,-1.468,560,0,154.99,23.15,24.02,0.574,0.978,0.0,0,0,4,9,-34770.71,-16680.41,-34770.71,2152,-3303.5,1919
ippo_spill_s2042,ippo_spill,2042,1015,22.06,7.78,4.2,14,0.678,2093,251.0,86.7,-1.512,558,0,153.85,22.52,23.44,0.559,0.982,0.0,0,0,3,8,-34777.83,-16973.8,-34777.83,2152,-3401.2,1919
ippo_spill_s2042,ippo_spill,2042,1016,21.44,7.18,3.83,14,0.667,2093,250.0,86.3,-1.351,562,0,154.14,22.6,23.6,0.555,0.981,0.0,0,0,4,9,-33200.85,-15384.95,-33200.85,2152,-3043.2,1918
ippo_spill_s2042,ippo_spill,2042,1017,22.1,7.73,4.23,13,0.697,2091,251.3,86.7,-1.502,560,0,155.08,22.68,23.4,0.557,0.983,0.0,0,0,3,9,-35423.38,-17053.64,-35423.38,2152,-3380.1,1916
ippo_spill_s2042,ippo_spill,2042,1018,21.99,7.53,4.22,15,0.684,2095,251.0,86.6,-1.508,560,0,155.06,23.1,23.97,0.576,0.981,0.0,0,0,3,8,-35350.27,-17082.62,-35350.27,2152,-3402.2,1925
ippo_spill_s2042,ippo_spill,2042,1019,21.59,7.24,3.89,15,0.66,2097,250.5,86.4,-1.376,561,0,154.62,22.96,24.07,0.561,0.986,0.0,0,0,3,9,-33531.37,-15601.24,-33531.37,2152,-3091.1,1913
ippo_spill_s2042,ippo_spill,2042,1020,22.14,7.86,4.18,13,0.689,2089,251.1,86.7,-1.486,560,0,154.48,22.43,23.12,0.553,0.984,0.0,0,0,3,9,-34772.76,-16867.72,-34772.76,2152,-3347.4,1919
ippo_spill_s2042,ippo_spill,2042,1021,21.83,7.49,3.88,14,0.673,2092,250.6,86.5,-1.374,566,0,154.53,22.89,23.86,0.569,0.99,0.0,0,0,3,9,-33341.86,-15685.41,-33341.86,2152,-3117.2,1931
ippo_spill_s2042,ippo_spill,2042,1022,21.96,7.58,4.11,14,0.684,2092,251.2,86.7,-1.455,564,0,155.43,23.25,24.13,0.592,0.978,0.0,0,0,3,9,-34802.66,-16607.78,-34802.66,2152,-3290.7,1927
ippo_spill_s2042,ippo_spill,2042,1023,21.68,7.46,3.88,13,0.663,2093,250.1,86.4,-1.376,562,0,153.96,22.48,23.36,0.54,0.986,0.0,0,0,4,10,-33364.41,-15598.56,-33364.41,2152,-3099.6,1918
ippo_spill_s2042,ippo_spill,2042,1024,22.25,7.78,4.19,14,0.69,2092,251.4,86.8,-1.494,566,0,155.08,22.84,23.68,0.561,0.982,0.0,0,0,4,9,-35367.97,-17090.35,-35367.97,2152,-3396.6,1937
ippo_spill_s2042,ippo_spill,2042,1025,21.61,7.34,4.11,14,0.676,2090,250.3,86.4,-1.469,558,0,154.42,22.62,23.51,0.573,0.979,0.0,0,0,4,8,-34497.39,-16618.5,-34497.39,2152,-3313.7,1923
ippo_spill_s2042,ippo_spill,2042,1026,21.35,7.12,3.93,14,0.656,2094,249.8,86.2,-1.395,564,0,154.41,22.66,23.53,0.552,0.982,0.0,0,0,4,9,-33693.38,-15869.28,-33693.38,2152,-3150.4,1925
ippo_spill_s2042,ippo_spill,2042,1027,21.37,7.01,3.85,14,0.642,2092,250.0,86.3,-1.361,564,0,154.78,23.07,24.32,0.552,0.982,0.0,0,0,3,9,-33263.79,-15525.66,-33263.79,2152,-3075.3,1924
ippo_spill_s2042,ippo_spill,2042,1028,21.87,7.53,4.19,13,0.681,2087,250.7,86.5,-1.497,558,0,155.23,22.93,23.81,0.571,0.981,0.0,0,0,4,8,-35262.32,-16852.47,-35262.32,2152,-3364.8,1915
ippo_spill_s2042,ippo_spill,2042,1029,21.24,6.96,3.91,14,0.645,2092,249.8,86.2,-1.384,562,0,154.72,22.97,24.01,0.568,0.986,0.0,0,0,3,8,-33482.45,-15707.4,-33482.45,2152,-3118.5,1918
ippo_spill_s2042,ippo_spill,2042,1030,21.6,7.39,4.19,15,0.661,2095,250.3,86.4,-1.503,558,0,154.05,22.47,23.46,0.544,0.986,0.0,0,0,3,9,-34662.65,-16903.15,-34662.65,2152,-3381.3,1919
ippo_spill_s42,ippo_spill,42,1001,20.85,5.91,3.24,14,0.641,2089,252.7,86.9,-1.139,711,0,156.45,24.39,25.47,0.591,0.956,0.0,0,0,4,9,-32047.6,-12951.65,-32047.6,2152,-2573.2,1834
ippo_spill_s42,ippo_spill,42,1002,20.27,4.74,2.37,14,0.615,2093,255.8,87.6,-0.805,867,0,158.25,26.11,26.95,0.634,0.916,0.0,0,0,2,8,-29427.33,-9269.11,-29427.33,2152,-1818.5,1740
ippo_spill_s42,ippo_spill,42,1003,19.54,4.34,2.33,13,0.594,2096,254.2,87.1,-0.803,870,0,157.72,25.57,26.53,0.625,0.94,0.0,0,0,2,7,-29010.98,-9155.95,-29010.98,2152,-1817.8,1746
ippo_spill_s42,ippo_spill,42,1004,20.07,4.66,2.33,12,0.609,2092,255.5,87.6,-0.794,867,0,157.44,25.75,26.61,0.622,0.931,0.0,0,0,3,7,-28723.36,-9111.23,-28723.36,2152,-1792.1,1740
ippo_spill_s42,ippo_spill,42,1005,19.75,4.38,2.34,16,0.591,2095,254.9,87.4,-0.804,867,0,157.11,25.61,26.43,0.595,0.935,0.0,0,0,3,6,-28902.64,-9148.81,-28902.64,2152,-1814.1,1740
ippo_spill_s42,ippo_spill,42,1006,20.98,6.16,3.28,13,0.645,2091,252.9,87.0,-1.149,711,0,155.88,24.06,25.08,0.582,0.971,0.0,0,0,3,8,-31878.66,-13090.59,-31878.66,2152,-2593.1,1833
ippo_spill_s42,ippo_spill,42,1007,19.95,4.54,2.38,13,0.614,2096,255.0,87.4,-0.822,864,0,157.79,25.82,26.44,0.627,0.911,0.0,0,0,4,6,-29209.4,-9290.16,-29209.4,2152,-1852.5,1737
ippo_spill_s42,ippo_spill,42,1008,19.94,4.48,2.37,14,0.609,2096,255.6,87.5,-0.81,864,0,158.09,26.12,27.04,0.661,0.92,0.0,0,0,3,7,-29413.68,-9273.69,-29413.68,2152,-1825.7,1737
ippo_spill_s42,ippo_spill,42,1009,20.01,4.34,2.43,13,0.607,2096,255.3,87.4,-0.833,867,0,159.36,27.01,27.93,0.647,0.925,0.0,0,0,2,7,-29914.5,-9541.92,-29914.5,2152,-1882.0,1743
ippo_spill_s42,ippo_spill,42,1010,19.7,4.34,2.35,13,0.604,2094,255.0,87.3,-0.806,867,0,157.5,25.85,26.99,0.633,0.921,0.0,0,0,2,7,-28989.32,-9202.11,-28989.32,2152,-1820.0,1743
ippo_spill_s42,ippo_spill,42,1011,19.74,4.48,2.31,13,0.604,2095,254.3,87.2,-0.802,870,0,157.8,25.55,26.75,0.623,0.947,0.0,0,0,2,7,-29035.57,-9067.98,-29035.57,2152,-1813.6,1743
ippo_spill_s42,ippo_spill,42,1012,21.35,6.37,3.31,13,0.644,2089,254.1,87.4,-1.169,710,0,155.62,24.21,25.14,0.575,0.956,0.0,0,0,3,8,-32076.58,-13184.99,-32076.58,2152,-2633.5,1829
ippo_spill_s42,ippo_spill,42,1013,20.35,4.53,2.42,14,0.615,2096,255.7,87.5,-0.835,870,0,159.53,27.0,28.45,0.652,0.916,0.0,0,0,4,8,-30169.93,-9518.88,-30169.93,2152,-1889.8,1743
ippo_spill_s42,ippo_spill,42,1014,19.84,4.3,2.32,12,0.593,2095,254.8,87.3,-0.792,867,0,157.97,26.14,27.33,0.612,0.933,0.0,0,0,2,6,-28866.91,-9074.44,-28866.91,2152,-1785.1,1737
ippo_spill_s42,ippo_spill,42,1015,19.92,4.48,2.36,13,0.605,2094,255.4,87.5,-0.814,867,0,157.23,25.87,26.94,0.609,0.938,0.0,0,0,3,7,-29083.7,-9234.11,-29083.7,2152,-1834.3,1737
ippo_spill_s42,ippo_spill,42,1016,21.11,6.22,3.3,13,0.645,2091,253.2,87.1,-1.159,708,0,155.54,24.01,24.86,0.569,0.967,0.0,0,0,4,8,-32096.34,-13136.48,-32096.34,2152,-2605.1,1825
ippo_spill_s42,ippo_spill,42,1017,19.19,4.04,2.31,13,0.579,2094,253.6,86.9,-0.787,867,0,157.69,25.27,26.06,0.581,0.948,0.0,0,0,2,6,-28894.45,-9048.98,-28894.45,2152,-1774.9,1740
ippo_spill_s42,ippo_spill,42,1018,21.02,6.02,3.26,13,0.648,2093,253.3,87.1,-1.139,711,0,156.5,24.57,25.7,0.6,0.952,0.0,0,0,3,8,-32179.45,-13012.06,-32179.45,2152,-2574.0,1835
ippo_spill_s42,ippo_spill,42,1019,20.29,4.75,2.35,13,0.62,2096,255.9,87.7,-0.799,867,0,157.57,25.92,26.93,0.63,0.922,0.0,0,0,3,7,-29120.93,-9184.59,-29120.93,2152,-1799.2,1737
ippo_spill_s42,ippo_spill,42,1020,19.61,4.31,2.33,13,0.595,2094,254.6,87.2,-0.793,867,0,157.77,25.73,26.83,0.624,0.935,0.0,0,0,2,6,-28938.54,-9127.84,-28938.54,2152,-1789.2,1740
ippo_spill_s42,ippo_spill,42,1021,20.54,4.99,2.39,14,0.626,2097,256.3,87.8,-0.812,870,0,157.54,25.91,27.01,0.637,0.915,0.0,0,0,3,8,-29218.82,-9402.09,-29218.82,2152,-1839.7,1746
ippo_spill_s42,ippo_spill,42,1022,19.53,4.23,2.34,13,0.603,2094,254.0,87.0,-0.795,870,0,157.9,25.74,26.8,0.616,0.943,0.0,0,0,2,6,-29026.82,-9173.25,-29026.82,2152,-1799.1,1743
ippo_spill_s42,ippo_spill,42,1023,19.59,4.29,2.33,13,0.592,2098,254.9,87.3,-0.797,867,0,156.99,25.52,26.54,0.602,0.932,0.0,0,0,3,7,-28845.14,-9093.01,-28845.14,2152,-1795.7,1737
ippo_spill_s42,ippo_spill,42,1024,19.79,4.41,2.36,13,0.607,2093,255.1,87.4,-0.807,876,0,158.06,25.83,26.77,0.637,0.921,0.0,0,0,4,7,-29285.33,-9310.28,-29285.33,2152,-1841.1,1758
ippo_spill_s42,ippo_spill,42,1025,19.82,4.46,2.33,12,0.597,2092,254.8,87.3,-0.804,867,0,157.54,25.74,26.66,0.623,0.933,0.0,0,0,2,6,-28942.77,-9101.35,-28942.77,2152,-1810.7,1737
ippo_spill_s42,ippo_spill,42,1026,19.7,4.28,2.38,12,0.606,2094,254.7,87.3,-0.815,867,0,157.99,26.27,27.6,0.65,0.928,0.0,0,0,5,7,-29289.56,-9307.49,-29289.56,2152,-1841.7,1740
ippo_spill_s42,ippo_spill,42,1027,19.47,4.14,2.29,15,0.582,2098,254.5,87.2,-0.782,867,0,157.4,25.71,26.96,0.61,0.933,0.0,0,0,2,7,-28707.78,-8951.8,-28707.78,2152,-1764.1,1740
ippo_spill_s42,ippo_spill,42,1028,19.41,4.13,2.27,14,0.586,2093,253.8,86.9,-0.778,864,0,157.65,25.36,26.19,0.596,0.927,0.0,0,0,3,8,-28742.36,-8875.27,-28742.36,2152,-1753.4,1737
ippo_spill_s42,ippo_spill,42,1029,20.1,4.57,2.46,14,0.604,2094,255.9,87.6,-0.843,867,0,158.1,26.34,27.81,0.634,0.937,0.0,0,0,2,7,-29663.46,-9630.23,-29663.46,2152,-1898.9,1737
ippo_spill_s42,ippo_spill,42,1030,19.38,4.07,2.32,13,0.577,2094,254.3,87.1,-0.794,867,0,157.03,25.45,26.3,0.59,0.937,0.0,0,0,2,7,-28704.03,-9046.29,-28704.03,2152,-1788.4,1737
ippo_vecinos_s2042,ippo_vecinos,2042,1001,21.9,7.42,4.06,14,0.658,2096,250.8,86.6,-1.456,560,0,154.77,22.72,23.94,0.514,0.988,0.0,0,0,3,9,-34660.51,-16440.31,-34660.51,2152,-3288.5,1927
ippo_vecinos_s2042,ippo_vecinos,2042,1002,21.5,7.19,3.86,13,0.661,2093,250.1,86.3,-1.365,564,0,155.06,22.9,23.78,0.558,0.977,0.0,0,0,4,9,-33538.55,-15551.56,-33538.55,2152,-3082.9,1922
ippo_vecinos_s2042,ippo_vecinos,2042,1003,21.77,7.45,4.04,13,0.67,2091,250.7,86.5,-1.44,561,0,154.9,22.77,23.73,0.542,0.989,0.0,0,0,4,9,-34489.94,-16362.89,-34489.94,2152,-3258.2,1928
ippo_vecinos_s2042,ippo_vecinos,2042,1004,21.89,7.65,3.92,15,0.67,2095,250.8,86.6,-1.389,561,0,154.34,22.66,23.47,0.552,0.99,0.0,0,0,3,9,-33481.14,-15762.65,-33481.14,2152,-3124.6,1916
ippo_vecinos_s2042,ippo_vecinos,2042,1005,21.42,7.15,3.84,14,0.668,2091,250.3,86.4,-1.357,562,0,154.2,22.69,23.49,0.564,0.987,0.0,0,0,3,9,-33254.85,-15433.84,-33254.85,2152,-3061.2,1921
ippo_vecinos_s2042,ippo_vecinos,2042,1006,21.4,7.09,3.92,12,0.667,2093,250.2,86.3,-1.387,561,0,154.77,22.93,23.83,0.579,0.981,0.0,0,0,3,8,-33578.73,-15728.44,-33578.73,2152,-3117.3,1914
ippo_vecinos_s2042,ippo_vecinos,2042,1007,21.48,7.2,3.91,13,0.665,2091,250.1,86.3,-1.388,562,0,154.89,22.91,23.64,0.576,0.98,0.0,0,0,4,9,-33732.02,-15738.3,-33732.02,2152,-3128.2,1918
ippo_vecinos_s2042,ippo_vecinos,2042,1008,21.36,7.04,3.9,15,0.658,2094,250.2,86.3,-1.384,562,0,154.94,23.0,23.95,0.564,0.986,0.0,0,0,4,8,-33859.78,-15671.94,-33859.78,2152,-3117.4,1918
ippo_vecinos_s2042,ippo_vecinos,2042,1009,21.85,7.42,4.18,13,0.675,2091,250.8,86.5,-1.489,561,0,155.58,23.23,24.09,0.576,0.982,0.0,0,0,3,9,-35213.0,-16885.84,-35213.0,2152,-3359.9,1923
ippo_vecinos_s2042,ippo_vecinos,2042,1010,21.49,7.36,4.08,14,0.673,2093,250.0,86.3,-1.454,561,0,153.91,22.26,23.01,0.553,0.98,0.0,0,0,3,10,-34296.41,-16463.3,-34296.41,2152,-3280.8,1922
ippo_vecinos_s2042,ippo_vecinos,2042,1011,21.04,6.8,3.77,12,0.651,2091,249.3,86.0,-1.331,566,0,154.86,22.59,23.27,0.543,0.983,0.0,0,0,3,8,-33367.53,-15230.54,-33367.53,2152,-3014.3,1928
ippo_vecinos_s2042,ippo_vecinos,2042,1012,22.11,7.8,4.19,14,0.672,2091,251.1,86.7,-1.508,558,0,153.98,22.56,23.41,0.547,0.987,0.0,0,0,3,8,-34734.64,-16919.16,-34734.64,2152,-3393.0,1919
ippo_vecinos_s2042,ippo_vecinos,2042,1013,21.59,7.04,3.83,13,0.658,2093,250.2,86.3,-1.354,564,0,155.85,23.33,24.43,0.565,0.987,0.0,0,0,3,9,-33866.07,-15449.92,-33866.07,2152,-3058.1,1924
ippo_vecinos_s2042,ippo_vecinos,2042,1014,22.0,7.51,4.14,14,0.681,2088,250.7,86.5,-1.468,560,0,154.99,23.15,24.02,0.574,0.978,0.0,0,0,4,9,-34770.71,-16680.41,-34770.71,2152,-3303.5,1919
ippo_vecinos_s2042,ippo_vecinos,2042,1015,22.06,7.78,4.2,14,0.678,2093,251.0,86.7,-1.512,558,0,153.85,22.52,23.44,0.559,0.982,0.0,0,0,3,8,-34777.83,-16973.8,-34777.83,2152,-3401.2,1919
ippo_vecinos_s2042,ippo_vecinos,2042,1016,21.44,7.18,3.83,14,0.667,2093,250.0,86.3,-1.351,562,0,154.14,22.6,23.6,0.555,0.981,0.0,0,0,4,9,-33200.85,-15384.95,-33200.85,2152,-3043.2,1918
ippo_vecinos_s2042,ippo_vecinos,2042,1017,22.1,7.73,4.23,13,0.697,2091,251.3,86.7,-1.502,560,0,155.08,22.68,23.4,0.557,0.983,0.0,0,0,3,9,-35423.38,-17053.64,-35423.38,2152,-3380.1,1916
ippo_vecinos_s2042,ippo_vecinos,2042,1018,21.99,7.53,4.22,15,0.684,2095,251.0,86.6,-1.508,560,0,155.06,23.1,23.97,0.576,0.981,0.0,0,0,3,8,-35350.27,-17082.62,-35350.27,2152,-3402.2,1925
ippo_vecinos_s2042,ippo_vecinos,2042,1019,21.59,7.24,3.89,15,0.66,2097,250.5,86.4,-1.376,561,0,154.62,22.96,24.07,0.561,0.986,0.0,0,0,3,9,-33531.37,-15601.24,-33531.37,2152,-3091.1,1913
ippo_vecinos_s2042,ippo_vecinos,2042,1020,22.14,7.86,4.18,13,0.689,2089,251.1,86.7,-1.486,560,0,154.48,22.43,23.12,0.553,0.984,0.0,0,0,3,9,-34772.76,-16867.72,-34772.76,2152,-3347.4,1919
ippo_vecinos_s2042,ippo_vecinos,2042,1021,21.83,7.49,3.88,14,0.673,2092,250.6,86.5,-1.374,566,0,154.53,22.89,23.86,0.569,0.99,0.0,0,0,3,9,-33341.86,-15685.41,-33341.86,2152,-3117.2,1931
ippo_vecinos_s2042,ippo_vecinos,2042,1022,21.96,7.58,4.11,14,0.684,2092,251.2,86.7,-1.455,564,0,155.43,23.25,24.13,0.592,0.978,0.0,0,0,3,9,-34802.66,-16607.78,-34802.66,2152,-3290.7,1927
ippo_vecinos_s2042,ippo_vecinos,2042,1023,21.68,7.46,3.88,13,0.663,2093,250.1,86.4,-1.376,562,0,153.96,22.48,23.36,0.54,0.986,0.0,0,0,4,10,-33364.41,-15598.56,-33364.41,2152,-3099.6,1918
ippo_vecinos_s2042,ippo_vecinos,2042,1024,22.25,7.78,4.19,14,0.69,2092,251.4,86.8,-1.494,566,0,155.08,22.84,23.68,0.561,0.982,0.0,0,0,4,9,-35367.97,-17090.35,-35367.97,2152,-3396.6,1937
ippo_vecinos_s2042,ippo_vecinos,2042,1025,21.61,7.34,4.11,14,0.676,2090,250.3,86.4,-1.469,558,0,154.42,22.62,23.51,0.573,0.979,0.0,0,0,4,8,-34497.39,-16618.5,-34497.39,2152,-3313.7,1923
ippo_vecinos_s2042,ippo_vecinos,2042,1026,21.35,7.12,3.93,14,0.656,2094,249.8,86.2,-1.395,564,0,154.41,22.66,23.53,0.552,0.982,0.0,0,0,4,9,-33693.38,-15869.28,-33693.38,2152,-3150.4,1925
ippo_vecinos_s2042,ippo_vecinos,2042,1027,21.37,7.01,3.85,14,0.642,2092,250.0,86.3,-1.361,564,0,154.78,23.07,24.32,0.552,0.982,0.0,0,0,3,9,-33263.79,-15525.66,-33263.79,2152,-3075.3,1924
ippo_vecinos_s2042,ippo_vecinos,2042,1028,21.87,7.53,4.19,13,0.681,2087,250.7,86.5,-1.497,558,0,155.23,22.93,23.81,0.571,0.981,0.0,0,0,4,8,-35262.32,-16852.47,-35262.32,2152,-3364.8,1915
ippo_vecinos_s2042,ippo_vecinos,2042,1029,21.24,6.96,3.91,14,0.645,2092,249.8,86.2,-1.384,562,0,154.72,22.97,24.01,0.568,0.986,0.0,0,0,3,8,-33482.45,-15707.4,-33482.45,2152,-3118.5,1918
ippo_vecinos_s2042,ippo_vecinos,2042,1030,21.6,7.39,4.19,15,0.661,2095,250.3,86.4,-1.503,558,0,154.05,22.47,23.46,0.544,0.986,0.0,0,0,3,9,-34662.65,-16903.15,-34662.65,2152,-3381.3,1919
ippo_vecinos_s4042,ippo_vecinos,4042,1001,19.76,4.25,2.36,14,0.606,2095,254.9,87.3,-0.807,867,0,158.26,26.19,27.4,0.646,0.916,0.0,0,0,2,7,-29304.2,-9244.21,-29304.2,2152,-1822.3,1740
ippo_vecinos_s4042,ippo_vecinos,4042,1002,20.27,4.74,2.37,14,0.615,2093,255.8,87.6,-0.805,867,0,158.25,26.11,26.95,0.634,0.916,0.0,0,0,2,8,-29427.33,-9269.11,-29427.33,2152,-1818.5,1740
ippo_vecinos_s4042,ippo_vecinos,4042,1003,19.54,4.34,2.33,13,0.594,2096,254.2,87.1,-0.803,870,0,157.72,25.57,26.53,0.625,0.94,0.0,0,0,2,7,-29010.98,-9155.95,-29010.98,2152,-1817.8,1746
ippo_vecinos_s4042,ippo_vecinos,4042,1004,20.07,4.66,2.33,12,0.609,2092,255.5,87.6,-0.794,867,0,157.44,25.75,26.61,0.622,0.931,0.0,0,0,3,7,-28723.36,-9111.23,-28723.36,2152,-1792.1,1740
ippo_vecinos_s4042,ippo_vecinos,4042,1005,19.75,4.38,2.34,16,0.591,2095,254.9,87.4,-0.804,867,0,157.11,25.61,26.43,0.595,0.935,0.0,0,0,3,6,-28902.64,-9148.81,-28902.64,2152,-1814.1,1740
ippo_vecinos_s4042,ippo_vecinos,4042,1006,19.62,4.33,2.31,13,0.592,2096,254.3,87.1,-0.786,867,0,157.3,25.48,26.75,0.6,0.94,0.0,0,0,3,6,-28687.82,-9019.07,-28687.82,2152,-1770.7,1737
ippo_vecinos_s4042,ippo_vecinos,4042,1007,19.95,4.54,2.38,13,0.614,2096,255.0,87.4,-0.822,864,0,157.79,25.82,26.44,0.627,0.911,0.0,0,0,4,6,-29209.4,-9290.16,-29209.4,2152,-1852.5,1737
ippo_vecinos_s4042,ippo_vecinos,4042,1008,19.94,4.48,2.37,14,0.609,2096,255.6,87.5,-0.81,864,0,158.09,26.12,27.04,0.661,0.92,0.0,0,0,3,7,-29413.68,-9273.69,-29413.68,2152,-1825.7,1737
ippo_vecinos_s4042,ippo_vecinos,4042,1009,20.01,4.34,2.43,13,0.607,2096,255.3,87.4,-0.833,867,0,159.36,27.01,27.93,0.647,0.925,0.0,0,0,2,7,-29914.5,-9541.92,-29914.5,2152,-1882.0,1743
ippo_vecinos_s4042,ippo_vecinos,4042,1010,19.7,4.34,2.35,13,0.604,2094,255.0,87.3,-0.806,867,0,157.5,25.85,26.99,0.633,0.921,0.0,0,0,2,7,-28989.32,-9202.11,-28989.32,2152,-1820.0,1743
ippo_vecinos_s4042,ippo_vecinos,4042,1011,19.74,4.48,2.31,13,0.604,2095,254.3,87.2,-0.802,870,0,157.8,25.55,26.75,0.623,0.947,0.0,0,0,2,7,-29035.57,-9067.98,-29035.57,2152,-1813.6,1743
ippo_vecinos_s4042,ippo_vecinos,4042,1012,20.0,4.58,2.36,13,0.602,2095,255.7,87.6,-0.812,867,0,157.31,25.89,26.79,0.633,0.925,0.0,0,0,3,6,-28943.53,-9231.89,-28943.53,2152,-1829.9,1737
ippo_vecinos_s4042,ippo_vecinos,4042,1013,20.35,4.53,2.42,14,0.615,2096,255.7,87.5,-0.835,870,0,159.53,27.0,28.45,0.652,0.916,0.0,0,0,4,8,-30169.93,-9518.88,-30169.93,2152,-1889.8,1743
ippo_vecinos_s4042,ippo_vecinos,4042,1014,19.84,4.3,2.32,12,0.593,2095,254.8,87.3,-0.792,867,0,157.97,26.14,27.33,0.612,0.933,0.0,0,0,2,6,-28866.91,-9074.44,-28866.91,2152,-1785.1,1737
ippo_vecinos_s4042,ippo_vecinos,4042,1015,19.92,4.48,2.36,13,0.605,2094,255.4,87.5,-0.814,867,0,157.23,25.87,26.94,0.609,0.938,0.0,0,0,3,7,-29083.7,-9234.11,-29083.7,2152,-1834.3,1737
ippo_vecinos_s4042,ippo_vecinos,4042,1016,19.74,4.42,2.33,12,0.597,2099,254.7,87.3,-0.793,867,0,157.01,25.49,26.35,0.608,0.93,0.0,0,0,3,6,-28784.81,-9084.55,-28784.81,2152,-1787.7,1737
ippo_vecinos_s4042,ippo_vecinos,4042,1017,19.19,4.04,2.31,13,0.579,2094,253.6,86.9,-0.787,867,0,157.69,25.27,26.06,0.581,0.948,0.0,0,0,2,6,-28894.45,-9048.98,-28894.45,2152,-1774.9,1740
ippo_vecinos_s4042,ippo_vecinos,4042,1018,19.72,4.32,2.35,13,0.604,2098,254.6,87.2,-0.803,870,0,157.76,25.83,26.97,0.616,0.925,0.0,0,0,2,7,-29107.55,-9204.82,-29107.55,2152,-1816.2,1743
ippo_vecinos_s4042,ippo_vecinos,4042,1019,20.29,4.75,2.35,13,0.62,2096,255.9,87.7,-0.799,867,0,157.57,25.92,26.93,0.63,0.922,0.0,0,0,3,7,-29120.93,-9184.59,-29120.93,2152,-1799.2,1737
ippo_vecinos_s4042,ippo_vecinos,4042,1020,19.61,4.31,2.33,13,0.595,2094,254.6,87.2,-0.793,867,0,157.77,25.73,26.83,0.624,0.935,0.0,0,0,2,6,-28938.54,-9127.84,-28938.54,2152,-1789.2,1740
ippo_vecinos_s4042,ippo_vecinos,4042,1021,20.54,4.99,2.39,14,0.626,2097,256.3,87.8,-0.812,870,0,157.54,25.91,27.01,0.637,0.915,0.0,0,0,3,8,-29218.82,-9402.09,-29218.82,2152,-1839.7,1746
ippo_vecinos_s4042,ippo_vecinos,4042,1022,19.53,4.23,2.34,13,0.603,2094,254.0,87.0,-0.795,870,0,157.9,25.74,26.8,0.616,0.943,0.0,0,0,2,6,-29026.82,-9173.25,-29026.82,2152,-1799.1,1743
ippo_vecinos_s4042,ippo_vecinos,4042,1023,19.59,4.29,2.33,13,0.592,2098,254.9,87.3,-0.797,867,0,156.99,25.52,26.54,0.602,0.932,0.0,0,0,3,7,-28845.14,-9093.01,-28845.14,2152,-1795.7,1737
ippo_vecinos_s4042,ippo_vecinos,4042,1024,19.79,4.41,2.36,13,0.607,2093,255.1,87.4,-0.807,876,0,158.06,25.83,26.77,0.637,0.921,0.0,0,0,4,7,-29285.33,-9310.28,-29285.33,2152,-1841.1,1758
ippo_vecinos_s4042,ippo_vecinos,4042,1025,19.82,4.46,2.33,12,0.597,2092,254.8,87.3,-0.804,867,0,157.54,25.74,26.66,0.623,0.933,0.0,0,0,2,6,-28942.77,-9101.35,-28942.77,2152,-1810.7,1737
ippo_vecinos_s4042,ippo_vecinos,4042,1026,19.7,4.28,2.38,12,0.606,2094,254.7,87.3,-0.815,867,0,157.99,26.27,27.6,0.65,0.928,0.0,0,0,5,7,-29289.56,-9307.49,-29289.56,2152,-1841.7,1740
ippo_vecinos_s4042,ippo_vecinos,4042,1027,19.47,4.14,2.29,15,0.582,2098,254.5,87.2,-0.782,867,0,157.4,25.71,26.96,0.61,0.933,0.0,0,0,2,7,-28707.78,-8951.8,-28707.78,2152,-1764.1,1740
ippo_vecinos_s4042,ippo_vecinos,4042,1028,19.41,4.13,2.27,14,0.586,2093,253.8,86.9,-0.778,864,0,157.65,25.36,26.19,0.596,0.927,0.0,0,0,3,8,-28742.36,-8875.27,-28742.36,2152,-1753.4,1737
ippo_vecinos_s4042,ippo_vecinos,4042,1029,20.1,4.57,2.46,14,0.604,2094,255.9,87.6,-0.843,867,0,158.1,26.34,27.81,0.634,0.937,0.0,0,0,2,7,-29663.46,-9630.23,-29663.46,2152,-1898.9,1737
ippo_vecinos_s4042,ippo_vecinos,4042,1030,19.38,4.07,2.32,13,0.577,2094,254.3,87.1,-0.794,867,0,157.03,25.45,26.3,0.59,0.937,0.0,0,0,2,7,-28704.03,-9046.29,-28704.03,2152,-1788.4,1737
ippo_vecinos_s42,ippo_vecinos,42,1001,20.85,5.91,3.24,14,0.641,2089,252.7,86.9,-1.139,711,0,156.45,24.39,25.47,0.591,0.956,0.0,0,0,4,9,-32047.6,-12951.65,-32047.6,2152,-2573.2,1834
ippo_vecinos_s42,ippo_vecinos,42,1002,20.27,4.74,2.37,14,0.615,2093,255.8,87.6,-0.805,867,0,158.25,26.11,26.95,0.634,0.916,0.0,0,0,2,8,-29427.33,-9269.11,-29427.33,2152,-1818.5,1740
ippo_vecinos_s42,ippo_vecinos,42,1003,19.54,4.34,2.33,13,0.594,2096,254.2,87.1,-0.803,870,0,157.72,25.57,26.53,0.625,0.94,0.0,0,0,2,7,-29010.98,-9155.95,-29010.98,2152,-1817.8,1746
ippo_vecinos_s42,ippo_vecinos,42,1004,20.07,4.66,2.33,12,0.609,2092,255.5,87.6,-0.794,867,0,157.44,25.75,26.61,0.622,0.931,0.0,0,0,3,7,-28723.36,-9111.23,-28723.36,2152,-1792.1,1740
ippo_vecinos_s42,ippo_vecinos,42,1005,19.75,4.38,2.34,16,0.591,2095,254.9,87.4,-0.804,867,0,157.11,25.61,26.43,0.595,0.935,0.0,0,0,3,6,-28902.64,-9148.81,-28902.64,2152,-1814.1,1740
ippo_vecinos_s42,ippo_vecinos,42,1006,20.98,6.16,3.28,13,0.645,2091,252.9,87.0,-1.149,711,0,155.88,24.06,25.08,0.582,0.971,0.0,0,0,3,8,-31878.66,-13090.59,-31878.66,2152,-2593.1,1833
ippo_vecinos_s42,ippo_vecinos,42,1007,19.95,4.54,2.38,13,0.614,2096,255.0,87.4,-0.822,864,0,157.79,25.82,26.44,0.627,0.911,0.0,0,0,4,6,-29209.4,-9290.16,-29209.4,2152,-1852.5,1737
ippo_vecinos_s42,ippo_vecinos,42,1008,19.94,4.48,2.37,14,0.609,2096,255.6,87.5,-0.81,864,0,158.09,26.12,27.04,0.661,0.92,0.0,0,0,3,7,-29413.68,-9273.69,-29413.68,2152,-1825.7,1737
ippo_vecinos_s42,ippo_vecinos,42,1009,20.01,4.34,2.43,13,0.607,2096,255.3,87.4,-0.833,867,0,159.36,27.01,27.93,0.647,0.925,0.0,0,0,2,7,-29914.5,-9541.92,-29914.5,2152,-1882.0,1743
ippo_vecinos_s42,ippo_vecinos,42,1010,19.7,4.34,2.35,13,0.604,2094,255.0,87.3,-0.806,867,0,157.5,25.85,26.99,0.633,0.921,0.0,0,0,2,7,-28989.32,-9202.11,-28989.32,2152,-1820.0,1743
ippo_vecinos_s42,ippo_vecinos,42,1011,19.74,4.48,2.31,13,0.604,2095,254.3,87.2,-0.802,870,0,157.8,25.55,26.75,0.623,0.947,0.0,0,0,2,7,-29035.57,-9067.98,-29035.57,2152,-1813.6,1743
ippo_vecinos_s42,ippo_vecinos,42,1012,21.35,6.37,3.31,13,0.644,2089,254.1,87.4,-1.169,710,0,155.62,24.21,25.14,0.575,0.956,0.0,0,0,3,8,-32076.58,-13184.99,-32076.58,2152,-2633.5,1829
ippo_vecinos_s42,ippo_vecinos,42,1013,20.35,4.53,2.42,14,0.615,2096,255.7,87.5,-0.835,870,0,159.53,27.0,28.45,0.652,0.916,0.0,0,0,4,8,-30169.93,-9518.88,-30169.93,2152,-1889.8,1743
ippo_vecinos_s42,ippo_vecinos,42,1014,19.84,4.3,2.32,12,0.593,2095,254.8,87.3,-0.792,867,0,157.97,26.14,27.33,0.612,0.933,0.0,0,0,2,6,-28866.91,-9074.44,-28866.91,2152,-1785.1,1737
ippo_vecinos_s42,ippo_vecinos,42,1015,19.92,4.48,2.36,13,0.605,2094,255.4,87.5,-0.814,867,0,157.23,25.87,26.94,0.609,0.938,0.0,0,0,3,7,-29083.7,-9234.11,-29083.7,2152,-1834.3,1737
ippo_vecinos_s42,ippo_vecinos,42,1016,21.11,6.22,3.3,13,0.645,2091,253.2,87.1,-1.159,708,0,155.54,24.01,24.86,0.569,0.967,0.0,0,0,4,8,-32096.34,-13136.48,-32096.34,2152,-2605.1,1825
ippo_vecinos_s42,ippo_vecinos,42,1017,19.19,4.04,2.31,13,0.579,2094,253.6,86.9,-0.787,867,0,157.69,25.27,26.06,0.581,0.948,0.0,0,0,2,6,-28894.45,-9048.98,-28894.45,2152,-1774.9,1740
ippo_vecinos_s42,ippo_vecinos,42,1018,21.02,6.02,3.26,13,0.648,2093,253.3,87.1,-1.139,711,0,156.5,24.57,25.7,0.6,0.952,0.0,0,0,3,8,-32179.45,-13012.06,-32179.45,2152,-2574.0,1835
ippo_vecinos_s42,ippo_vecinos,42,1019,20.29,4.75,2.35,13,0.62,2096,255.9,87.7,-0.799,867,0,157.57,25.92,26.93,0.63,0.922,0.0,0,0,3,7,-29120.93,-9184.59,-29120.93,2152,-1799.2,1737
ippo_vecinos_s42,ippo_vecinos,42,1020,19.61,4.31,2.33,13,0.595,2094,254.6,87.2,-0.793,867,0,157.77,25.73,26.83,0.624,0.935,0.0,0,0,2,6,-28938.54,-9127.84,-28938.54,2152,-1789.2,1740
ippo_vecinos_s42,ippo_vecinos,42,1021,20.54,4.99,2.39,14,0.626,2097,256.3,87.8,-0.812,870,0,157.54,25.91,27.01,0.637,0.915,0.0,0,0,3,8,-29218.82,-9402.09,-29218.82,2152,-1839.7,1746
ippo_vecinos_s42,ippo_vecinos,42,1022,19.53,4.23,2.34,13,0.603,2094,254.0,87.0,-0.795,870,0,157.9,25.74,26.8,0.616,0.943,0.0,0,0,2,6,-29026.82,-9173.25,-29026.82,2152,-1799.1,1743
ippo_vecinos_s42,ippo_vecinos,42,1023,19.59,4.29,2.33,13,0.592,2098,254.9,87.3,-0.797,867,0,156.99,25.52,26.54,0.602,0.932,0.0,0,0,3,7,-28845.14,-9093.01,-28845.14,2152,-1795.7,1737
ippo_vecinos_s42,ippo_vecinos,42,1024,19.79,4.41,2.36,13,0.607,2093,255.1,87.4,-0.807,876,0,158.06,25.83,26.77,0.637,0.921,0.0,0,0,4,7,-29285.33,-9310.28,-29285.33,2152,-1841.1,1758
ippo_vecinos_s42,ippo_vecinos,42,1025,19.82,4.46,2.33,12,0.597,2092,254.8,87.3,-0.804,867,0,157.54,25.74,26.66,0.623,0.933,0.0,0,0,2,6,-28942.77,-9101.35,-28942.77,2152,-1810.7,1737
ippo_vecinos_s42,ippo_vecinos,42,1026,19.7,4.28,2.38,12,0.606,2094,254.7,87.3,-0.815,867,0,157.99,26.27,27.6,0.65,0.928,0.0,0,0,5,7,-29289.56,-9307.49,-29289.56,2152,-1841.7,1740
ippo_vecinos_s42,ippo_vecinos,42,1027,19.47,4.14,2.29,15,0.582,2098,254.5,87.2,-0.782,867,0,157.4,25.71,26.96,0.61,0.933,0.0,0,0,2,7,-28707.78,-8951.8,-28707.78,2152,-1764.1,1740
ippo_vecinos_s42,ippo_vecinos,42,1028,19.41,4.13,2.27,14,0.586,2093,253.8,86.9,-0.778,864,0,157.65,25.36,26.19,0.596,0.927,0.0,0,0,3,8,-28742.36,-8875.27,-28742.36,2152,-1753.4,1737
ippo_vecinos_s42,ippo_vecinos,42,1029,20.1,4.57,2.46,14,0.604,2094,255.9,87.6,-0.843,867,0,158.1,26.34,27.81,0.634,0.937,0.0,0,0,2,7,-29663.46,-9630.23,-29663.46,2152,-1898.9,1737
ippo_vecinos_s42,ippo_vecinos,42,1030,19.38,4.07,2.32,13,0.577,2094,254.3,87.1,-0.794,867,0,157.03,25.45,26.3,0.59,0.937,0.0,0,0,2,7,-28704.03,-9046.29,-28704.03,2152,-1788.4,1737
mappo_s2042,mappo,2042,1001,19.76,4.25,2.36,14,0.606,2095,254.9,87.3,-0.807,867,0,158.26,26.19,27.4,0.646,0.916,0.0,0,0,2,7,-29304.2,-9244.21,-29304.2,2152,-1822.3,1740
mappo_s2042,mappo,2042,1002,20.27,4.74,2.37,14,0.615,2093,255.8,87.6,-0.805,867,0,158.25,26.11,26.95,0.634,0.916,0.0,0,0,2,8,-29427.33,-9269.11,-29427.33,2152,-1818.5,1740
mappo_s2042,mappo,2042,1003,19.54,4.34,2.33,13,0.594,2096,254.2,87.1,-0.803,870,0,157.72,25.57,26.53,0.625,0.94,0.0,0,0,2,7,-29010.98,-9155.95,-29010.98,2152,-1817.8,1746
mappo_s2042,mappo,2042,1004,20.07,4.66,2.33,12,0.609,2092,255.5,87.6,-0.794,867,0,157.44,25.75,26.61,0.622,0.931,0.0,0,0,3,7,-28723.36,-9111.23,-28723.36,2152,-1792.1,1740
mappo_s2042,mappo,2042,1005,19.75,4.38,2.34,16,0.591,2095,254.9,87.4,-0.804,867,0,157.11,25.61,26.43,0.595,0.935,0.0,0,0,3,6,-28902.64,-9148.81,-28902.64,2152,-1814.1,1740
mappo_s2042,mappo,2042,1006,19.62,4.33,2.31,13,0.592,2096,254.3,87.1,-0.786,867,0,157.3,25.48,26.75,0.6,0.94,0.0,0,0,3,6,-28687.82,-9019.07,-28687.82,2152,-1770.7,1737
mappo_s2042,mappo,2042,1007,19.95,4.54,2.38,13,0.614,2096,255.0,87.4,-0.822,864,0,157.79,25.82,26.44,0.627,0.911,0.0,0,0,4,6,-29209.4,-9290.16,-29209.4,2152,-1852.5,1737
mappo_s2042,mappo,2042,1008,19.94,4.48,2.37,14,0.609,2096,255.6,87.5,-0.81,864,0,158.09,26.12,27.04,0.661,0.92,0.0,0,0,3,7,-29413.68,-9273.69,-29413.68,2152,-1825.7,1737
mappo_s2042,mappo,2042,1009,20.01,4.34,2.43,13,0.607,2096,255.3,87.4,-0.833,867,0,159.36,27.01,27.93,0.647,0.925,0.0,0,0,2,7,-29914.5,-9541.92,-29914.5,2152,-1882.0,1743
mappo_s2042,mappo,2042,1010,19.7,4.34,2.35,13,0.604,2094,255.0,87.3,-0.806,867,0,157.5,25.85,26.99,0.633,0.921,0.0,0,0,2,7,-28989.32,-9202.11,-28989.32,2152,-1820.0,1743
mappo_s2042,mappo,2042,1011,19.74,4.48,2.31,13,0.604,2095,254.3,87.2,-0.802,870,0,157.8,25.55,26.75,0.623,0.947,0.0,0,0,2,7,-29035.57,-9067.98,-29035.57,2152,-1813.6,1743
mappo_s2042,mappo,2042,1012,20.0,4.58,2.36,13,0.602,2095,255.7,87.6,-0.812,867,0,157.31,25.89,26.79,0.633,0.925,0.0,0,0,3,6,-28943.53,-9231.89,-28943.53,2152,-1829.9,1737
mappo_s2042,mappo,2042,1013,20.35,4.53,2.42,14,0.615,2096,255.7,87.5,-0.835,870,0,159.53,27.0,28.45,0.652,0.916,0.0,0,0,4,8,-30169.93,-9518.88,-30169.93,2152,-1889.8,1743
mappo_s2042,mappo,2042,1014,19.84,4.3,2.32,12,0.593,2095,254.8,87.3,-0.792,867,0,157.97,26.14,27.33,0.612,0.933,0.0,0,0,2,6,-28866.91,-9074.44,-28866.91,2152,-1785.1,1737
mappo_s2042,mappo,2042,1015,19.92,4.48,2.36,13,0.605,2094,255.4,87.5,-0.814,867,0,157.23,25.87,26.94,0.609,0.938,0.0,0,0,3,7,-29083.7,-9234.11,-29083.7,2152,-1834.3,1737
mappo_s2042,mappo,2042,1016,19.74,4.42,2.33,12,0.597,2099,254.7,87.3,-0.793,867,0,157.01,25.49,26.35,0.608,0.93,0.0,0,0,3,6,-28784.81,-9084.55,-28784.81,2152,-1787.7,1737
mappo_s2042,mappo,2042,1017,19.19,4.04,2.31,13,0.579,2094,253.6,86.9,-0.787,867,0,157.69,25.27,26.06,0.581,0.948,0.0,0,0,2,6,-28894.45,-9048.98,-28894.45,2152,-1774.9,1740
mappo_s2042,mappo,2042,1018,19.72,4.32,2.35,13,0.604,2098,254.6,87.2,-0.803,870,0,157.76,25.83,26.97,0.616,0.925,0.0,0,0,2,7,-29107.55,-9204.82,-29107.55,2152,-1816.2,1743
mappo_s2042,mappo,2042,1019,20.29,4.75,2.35,13,0.62,2096,255.9,87.7,-0.799,867,0,157.57,25.92,26.93,0.63,0.922,0.0,0,0,3,7,-29120.93,-9184.59,-29120.93,2152,-1799.2,1737
mappo_s2042,mappo,2042,1020,19.61,4.31,2.33,13,0.595,2094,254.6,87.2,-0.793,867,0,157.77,25.73,26.83,0.624,0.935,0.0,0,0,2,6,-28938.54,-9127.84,-28938.54,2152,-1789.2,1740
mappo_s2042,mappo,2042,1021,20.54,4.99,2.39,14,0.626,2097,256.3,87.8,-0.812,870,0,157.54,25.91,27.01,0.637,0.915,0.0,0,0,3,8,-29218.82,-9402.09,-29218.82,2152,-1839.7,1746
mappo_s2042,mappo,2042,1022,19.53,4.23,2.34,13,0.603,2094,254.0,87.0,-0.795,870,0,157.9,25.74,26.8,0.616,0.943,0.0,0,0,2,6,-29026.82,-9173.25,-29026.82,2152,-1799.1,1743
mappo_s2042,mappo,2042,1023,19.59,4.29,2.33,13,0.592,2098,254.9,87.3,-0.797,867,0,156.99,25.52,26.54,0.602,0.932,0.0,0,0,3,7,-28845.14,-9093.01,-28845.14,2152,-1795.7,1737
mappo_s2042,mappo,2042,1024,19.79,4.41,2.36,13,0.607,2093,255.1,87.4,-0.807,876,0,158.06,25.83,26.77,0.637,0.921,0.0,0,0,4,7,-29285.33,-9310.28,-29285.33,2152,-1841.1,1758
mappo_s2042,mappo,2042,1025,19.82,4.46,2.33,12,0.597,2092,254.8,87.3,-0.804,867,0,157.54,25.74,26.66,0.623,0.933,0.0,0,0,2,6,-28942.77,-9101.35,-28942.77,2152,-1810.7,1737
mappo_s2042,mappo,2042,1026,19.7,4.28,2.38,12,0.606,2094,254.7,87.3,-0.815,867,0,157.99,26.27,27.6,0.65,0.928,0.0,0,0,5,7,-29289.56,-9307.49,-29289.56,2152,-1841.7,1740
mappo_s2042,mappo,2042,1027,19.47,4.14,2.29,15,0.582,2098,254.5,87.2,-0.782,867,0,157.4,25.71,26.96,0.61,0.933,0.0,0,0,2,7,-28707.78,-8951.8,-28707.78,2152,-1764.1,1740
mappo_s2042,mappo,2042,1028,19.41,4.13,2.27,14,0.586,2093,253.8,86.9,-0.778,864,0,157.65,25.36,26.19,0.596,0.927,0.0,0,0,3,8,-28742.36,-8875.27,-28742.36,2152,-1753.4,1737
mappo_s2042,mappo,2042,1029,20.1,4.57,2.46,14,0.604,2094,255.9,87.6,-0.843,867,0,158.1,26.34,27.81,0.634,0.937,0.0,0,0,2,7,-29663.46,-9630.23,-29663.46,2152,-1898.9,1737
mappo_s2042,mappo,2042,1030,19.38,4.07,2.32,13,0.577,2094,254.3,87.1,-0.794,867,0,157.03,25.45,26.3,0.59,0.937,0.0,0,0,2,7,-28704.03,-9046.29,-28704.03,2152,-1788.4,1737
mappo_s4042,mappo,4042,1001,21.11,6.31,3.53,14,0.654,2096,251.9,86.7,-1.247,663,0,156.33,24.25,25.23,0.602,0.969,0.0,0,0,4,8,-33019.62,-14129.64,-33019.62,2152,-2808.6,1859
mappo_s4042,mappo,4042,1002,20.27,4.74,2.37,14,0.615,2093,255.8,87.6,-0.805,867,0,158.25,26.11,26.95,0.634,0.916,0.0,0,0,2,8,-29427.33,-9269.11,-29427.33,2152,-1818.5,1740
mappo_s4042,mappo,4042,1003,19.54,4.34,2.33,13,0.594,2096,254.2,87.1,-0.803,870,0,157.72,25.57,26.53,0.625,0.94,0.0,0,0,2,7,-29010.98,-9155.95,-29010.98,2152,-1817.8,1746
mappo_s4042,mappo,4042,1004,20.07,4.66,2.33,12,0.609,2092,255.5,87.6,-0.794,867,0,157.44,25.75,26.61,0.622,0.931,0.0,0,0,3,7,-28723.36,-9111.23,-28723.36,2152,-1792.1,1740
mappo_s4042,mappo,4042,1005,20.93,6.11,3.33,16,0.642,2094,252.4,86.8,-1.173,690,0,155.53,24.04,24.7,0.574,0.969,0.0,0,0,4,9,-31933.15,-13277.97,-31933.15,2152,-2640.3,1840
mappo_s4042,mappo,4042,1006,19.62,4.33,2.31,13,0.592,2096,254.3,87.1,-0.786,867,0,157.3,25.48,26.75,0.6,0.94,0.0,0,0,3,6,-28687.82,-9019.07,-28687.82,2152,-1770.7,1737
mappo_s4042,mappo,4042,1007,19.95,4.54,2.38,13,0.614,2096,255.0,87.4,-0.822,864,0,157.79,25.82,26.44,0.627,0.911,0.0,0,0,4,6,-29209.4,-9290.16,-29209.4,2152,-1852.5,1737
mappo_s4042,mappo,4042,1008,19.94,4.48,2.37,14,0.609,2096,255.6,87.5,-0.81,864,0,158.09,26.12,27.04,0.661,0.92,0.0,0,0,3,7,-29413.68,-9273.69,-29413.68,2152,-1825.7,1737
mappo_s4042,mappo,4042,1009,20.01,4.34,2.43,13,0.607,2096,255.3,87.4,-0.833,867,0,159.36,27.01,27.93,0.647,0.925,0.0,0,0,2,7,-29914.5,-9541.92,-29914.5,2152,-1882.0,1743
mappo_s4042,mappo,4042,1010,19.7,4.34,2.35,13,0.604,2094,255.0,87.3,-0.806,867,0,157.5,25.85,26.99,0.633,0.921,0.0,0,0,2,7,-28989.32,-9202.11,-28989.32,2152,-1820.0,1743
mappo_s4042,mappo,4042,1011,19.74,4.48,2.31,13,0.604,2095,254.3,87.2,-0.802,870,0,157.8,25.55,26.75,0.623,0.947,0.0,0,0,2,7,-29035.57,-9067.98,-29035.57,2152,-1813.6,1743
mappo_s4042,mappo,4042,1012,20.0,4.58,2.36,13,0.602,2095,255.7,87.6,-0.812,867,0,157.31,25.89,26.79,0.633,0.925,0.0,0,0,3,6,-28943.53,-9231.89,-28943.53,2152,-1829.9,1737
mappo_s4042,mappo,4042,1013,20.35,4.53,2.42,14,0.615,2096,255.7,87.5,-0.835,870,0,159.53,27.0,28.45,0.652,0.916,0.0,0,0,4,8,-30169.93,-9518.88,-30169.93,2152,-1889.8,1743
mappo_s4042,mappo,4042,1014,19.84,4.3,2.32,12,0.593,2095,254.8,87.3,-0.792,867,0,157.97,26.14,27.33,0.612,0.933,0.0,0,0,2,6,-28866.91,-9074.44,-28866.91,2152,-1785.1,1737
mappo_s4042,mappo,4042,1015,19.92,4.48,2.36,13,0.605,2094,255.4,87.5,-0.814,867,0,157.23,25.87,26.94,0.609,0.938,0.0,0,0,3,7,-29083.7,-9234.11,-29083.7,2152,-1834.3,1737
mappo_s4042,mappo,4042,1016,19.74,4.42,2.33,12,0.597,2099,254.7,87.3,-0.793,867,0,157.01,25.49,26.35,0.608,0.93,0.0,0,0,3,6,-28784.81,-9084.55,-28784.81,2152,-1787.7,1737
mappo_s4042,mappo,4042,1017,19.19,4.04,2.31,13,0.579,2094,253.6,86.9,-0.787,867,0,157.69,25.27,26.06,0.581,0.948,0.0,0,0,2,6,-28894.45,-9048.98,-28894.45,2152,-1774.9,1740
mappo_s4042,mappo,4042,1018,19.72,4.32,2.35,13,0.604,2098,254.6,87.2,-0.803,870,0,157.76,25.83,26.97,0.616,0.925,0.0,0,0,2,7,-29107.55,-9204.82,-29107.55,2152,-1816.2,1743
mappo_s4042,mappo,4042,1019,20.29,4.75,2.35,13,0.62,2096,255.9,87.7,-0.799,867,0,157.57,25.92,26.93,0.63,0.922,0.0,0,0,3,7,-29120.93,-9184.59,-29120.93,2152,-1799.2,1737
mappo_s4042,mappo,4042,1020,19.61,4.31,2.33,13,0.595,2094,254.6,87.2,-0.793,867,0,157.77,25.73,26.83,0.624,0.935,0.0,0,0,2,6,-28938.54,-9127.84,-28938.54,2152,-1789.2,1740
mappo_s4042,mappo,4042,1021,20.54,4.99,2.39,14,0.626,2097,256.3,87.8,-0.812,870,0,157.54,25.91,27.01,0.637,0.915,0.0,0,0,3,8,-29218.82,-9402.09,-29218.82,2152,-1839.7,1746
mappo_s4042,mappo,4042,1022,19.53,4.23,2.34,13,0.603,2094,254.0,87.0,-0.795,870,0,157.9,25.74,26.8,0.616,0.943,0.0,0,0,2,6,-29026.82,-9173.25,-29026.82,2152,-1799.1,1743
mappo_s4042,mappo,4042,1023,19.59,4.29,2.33,13,0.592,2098,254.9,87.3,-0.797,867,0,156.99,25.52,26.54,0.602,0.932,0.0,0,0,3,7,-28845.14,-9093.01,-28845.14,2152,-1795.7,1737
mappo_s4042,mappo,4042,1024,19.79,4.41,2.36,13,0.607,2093,255.1,87.4,-0.807,876,0,158.06,25.83,26.77,0.637,0.921,0.0,0,0,4,7,-29285.33,-9310.28,-29285.33,2152,-1841.1,1758
mappo_s4042,mappo,4042,1025,19.82,4.46,2.33,12,0.597,2092,254.8,87.3,-0.804,867,0,157.54,25.74,26.66,0.623,0.933,0.0,0,0,2,6,-28942.77,-9101.35,-28942.77,2152,-1810.7,1737
mappo_s4042,mappo,4042,1026,21.19,6.44,3.51,13,0.659,2090,252.0,86.7,-1.236,663,0,155.83,24.09,25.05,0.603,0.97,0.0,0,0,3,9,-32584.05,-14042.15,-32584.05,2152,-2784.5,1857
mappo_s4042,mappo,4042,1027,21.53,7.11,3.92,14,0.674,2093,250.9,86.5,-1.389,600,0,155.08,23.36,24.46,0.584,0.976,0.0,0,0,4,8,-33882.94,-15769.94,-33882.94,2152,-3132.7,1900
mappo_s4042,mappo,4042,1028,19.41,4.13,2.27,14,0.586,2093,253.8,86.9,-0.778,864,0,157.65,25.36,26.19,0.596,0.927,0.0,0,0,3,8,-28742.36,-8875.27,-28742.36,2152,-1753.4,1737
mappo_s4042,mappo,4042,1029,20.1,4.57,2.46,14,0.604,2094,255.9,87.6,-0.843,867,0,158.1,26.34,27.81,0.634,0.937,0.0,0,0,2,7,-29663.46,-9630.23,-29663.46,2152,-1898.9,1737
mappo_s4042,mappo,4042,1030,19.38,4.07,2.32,13,0.577,2094,254.3,87.1,-0.794,867,0,157.03,25.45,26.3,0.59,0.937,0.0,0,0,2,7,-28704.03,-9046.29,-28704.03,2152,-1788.4,1737
mappo_s42,mappo,42,1001,21.19,6.55,3.69,15,0.667,2096,251.2,86.5,-1.301,633,0,155.53,23.48,24.48,0.576,0.975,0.0,0,0,4,9,-33552.0,-14796.45,-33552.0,2152,-2930.4,1877
mappo_s42,mappo,42,1002,21.45,7.04,3.89,14,0.666,2089,251.0,86.5,-1.385,609,0,155.37,23.2,24.05,0.57,0.975,0.0,0,0,4,9,-34111.41,-15671.75,-34111.41,2152,-3121.0,1892
mappo_s42,mappo,42,1003,21.63,7.21,3.77,14,0.672,2092,251.2,86.6,-1.34,609,0,155.18,23.04,23.94,0.583,0.972,0.0,0,0,3,8,-33490.28,-15229.05,-33490.28,2152,-3034.7,1902
mappo_s42,mappo,42,1004,21.88,7.51,3.81,13,0.668,2088,251.6,86.8,-1.353,606,0,154.51,22.85,23.61,0.554,0.976,0.0,0,0,3,9,-33348.64,-15299.14,-33348.64,2152,-3047.6,1893
mappo_s42,mappo,42,1005,21.3,6.95,3.8,16,0.645,2091,250.8,86.5,-1.344,607,0,154.28,22.78,23.51,0.532,0.982,0.0,0,0,2,9,-33195.07,-15255.16,-33195.07,2152,-3023.2,1889
mappo_s42,mappo,42,1006,21.82,7.43,4.11,13,0.679,2091,251.2,86.6,-1.457,585,0,154.61,22.79,23.66,0.552,0.988,0.0,0,0,3,8,-34669.05,-16606.93,-34669.05,2152,-3286.6,1907
mappo_s42,mappo,42,1007,21.6,7.31,3.95,15,0.67,2090,250.5,86.4,-1.402,573,0,154.64,22.68,23.38,0.565,0.975,0.0,0,0,3,9,-33848.84,-15844.04,-33848.84,2152,-3146.7,1904
mappo_s42,mappo,42,1008,21.52,7.19,3.97,13,0.662,2094,250.4,86.4,-1.42,572,0,154.61,22.67,23.56,0.554,0.975,0.0,0,0,3,8,-34112.5,-15931.39,-34112.5,2152,-3186.1,1903
mappo_s42,mappo,42,1009,21.77,7.06,3.95,13,0.668,2088,251.6,86.7,-1.409,607,0,156.31,23.97,24.87,0.592,0.971,0.0,0,0,3,9,-34562.35,-15909.35,-34562.35,2152,-3178.1,1893
mappo_s42,mappo,42,1010,21.78,7.3,3.9,13,0.664,2095,251.0,86.6,-1.377,578,0,154.41,22.74,23.62,0.534,0.981,0.0,0,0,3,9,-33805.79,-15785.25,-33805.79,2152,-3119.3,1922
mappo_s42,mappo,42,1011,21.55,7.18,3.92,16,0.671,2090,251.1,86.6,-1.401,609,0,155.42,23.15,24.08,0.571,0.984,0.0,0,0,3,8,-34222.87,-15835.67,-34222.87,2152,-3164.8,1897
mappo_s42,mappo,42,1012,22.03,7.64,4.1,14,0.68,2091,251.5,86.8,-1.455,585,0,153.96,22.56,23.4,0.537,0.991,0.0,0,0,3,8,-34603.57,-16530.7,-34603.57,2152,-3278.3,1904
mappo_s42,mappo,42,1013,21.66,6.94,3.81,13,0.652,2091,251.4,86.6,-1.363,609,0,156.25,23.72,25.06,0.553,0.976,0.0,0,0,3,8,-34155.1,-15363.22,-34155.1,2152,-3074.5,1895
mappo_s42,mappo,42,1014,21.5,7.0,3.87,15,0.658,2088,251.1,86.6,-1.368,608,0,155.29,23.43,24.36,0.569,0.976,0.0,0,0,2,9,-33755.9,-15574.15,-33755.9,2152,-3082.5,1892
mappo_s42,mappo,42,1015,21.72,7.39,4.09,13,0.681,2089,250.8,86.6,-1.453,584,0,153.83,22.47,23.16,0.56,0.981,0.0,0,0,3,9,-34444.94,-16467.39,-34444.94,2152,-3269.4,1903
mappo_s42,mappo,42,1016,21.56,6.85,3.66,14,0.668,2095,252.5,87.0,-1.287,654,0,155.03,23.5,24.46,0.572,0.967,0.0,0,0,4,9,-33224.77,-14614.44,-33224.77,2152,-2887.9,1856
mappo_s42,mappo,42,1017,21.37,6.94,3.75,13,0.641,2094,251.2,86.6,-1.331,606,0,155.59,23.19,24.14,0.562,0.973,0.0,0,0,3,9,-33383.7,-15042.38,-33383.7,2152,-2999.2,1891
mappo_s42,mappo,42,1018,21.62,7.0,3.78,13,0.664,2093,251.8,86.8,-1.34,627,0,155.26,23.33,24.41,0.553,0.973,0.0,0,0,3,10,-33721.05,-15215.21,-33721.05,2152,-3019.4,1881
mappo_s42,mappo,42,1019,21.68,7.32,3.95,14,0.669,2096,250.6,86.5,-1.407,573,0,154.17,22.49,23.3,0.54,0.987,0.0,0,0,2,9,-33915.25,-15864.37,-33915.25,2152,-3160.9,1905
mappo_s42,mappo,42,1020,21.62,7.19,3.82,15,0.666,2089,251.2,86.6,-1.356,608,0,155.05,23.01,23.92,0.558,0.978,0.0,0,0,3,8,-33569.58,-15356.28,-33569.58,2152,-3055.8,1891
mappo_s42,mappo,42,1021,22.09,7.59,3.8,14,0.679,2091,251.9,86.9,-1.346,609,0,154.32,22.71,23.65,0.561,0.971,0.0,0,0,3,9,-33392.09,-15310.97,-33392.09,2152,-3039.8,1898
mappo_s42,mappo,42,1022,21.73,7.35,4.01,15,0.668,2094,250.4,86.4,-1.424,574,0,155.37,23.19,23.99,0.574,0.984,0.0,0,0,3,9,-34341.77,-16147.33,-34341.77,2152,-3211.5,1915
mappo_s42,mappo,42,1023,21.73,7.22,3.9,13,0.669,2093,251.8,86.8,-1.39,608,0,154.73,23.26,24.08,0.558,0.976,0.0,0,0,4,8,-33750.32,-15692.65,-33750.32,2152,-3132.7,1892
mappo_s42,mappo,42,1024,21.46,7.02,3.75,12,0.644,2090,251.0,86.6,-1.333,612,0,155.16,22.93,23.92,0.527,0.991,0.0,0,0,3,9,-33498.99,-15258.35,-33498.99,2152,-3035.8,1912
mappo_s42,mappo,42,1025,21.54,7.03,3.81,14,0.664,2088,251.1,86.6,-1.345,605,0,155.24,23.42,24.13,0.586,0.972,0.0,0,0,3,9,-33467.51,-15314.9,-33467.51,2152,-3027.3,1891
mappo_s42,mappo,42,1026,21.17,6.75,3.72,14,0.645,2091,250.7,86.4,-1.328,607,0,154.9,23.16,24.06,0.565,0.98,0.0,0,0,3,9,-33029.24,-14994.25,-33029.24,2152,-2999.7,1898
mappo_s42,mappo,42,1027,21.23,6.86,3.79,13,0.626,2098,250.5,86.4,-1.353,589,0,154.67,22.97,23.75,0.538,0.986,0.0,0,0,3,9,-32998.66,-15217.29,-32998.66,2152,-3049.2,1904
mappo_s42,mappo,42,1028,21.99,7.53,4.21,14,0.679,2086,251.4,86.7,-1.493,576,0,155.26,22.95,23.93,0.558,0.983,0.0,0,0,3,9,-35557.17,-16925.4,-35557.17,2152,-3351.3,1902
mappo_s42,mappo,42,1029,21.66,7.1,3.9,14,0.661,2090,251.4,86.7,-1.378,604,0,155.12,23.34,24.43,0.565,0.971,0.0,0,0,3,8,-34001.23,-15623.57,-34001.23,2152,-3096.8,1889
mappo_s42,mappo,42,1030,21.69,7.28,4.13,14,0.672,2091,250.9,86.5,-1.469,582,0,154.42,22.84,23.62,0.545,0.984,0.0,0,0,4,8,-34634.66,-16591.34,-34634.66,2152,-3300.9,1900
ql_colas_s2042,ql_colas,2042,1001,24.13,7.09,4.02,17,0.984,2088,262.5,90.0,-1.377,835,0,166.6,34.56,35.96,1.371,0.571,0.0,0,0,5,10,-38269.7,-15855.2,-38269.7,2152,-3119.7,1763
ql_colas_s2042,ql_colas,2042,1002,23.34,6.56,3.64,15,0.934,2085,260.8,89.3,-1.262,832,0,165.08,32.92,34.36,1.283,0.612,0.0,0,0,5,9,-36285.0,-14339.4,-36285.0,2152,-2853.7,1764
ql_colas_s2042,ql_colas,2042,1003,21.67,6.06,3.23,14,0.8,2093,256.8,88.1,-1.121,838,0,160.86,28.72,29.76,0.982,0.769,0.0,0,0,5,8,-33210.6,-12759.6,-33210.6,2152,-2541.8,1767
ql_colas_s2042,ql_colas,2042,1004,23.57,6.99,3.73,17,0.939,2091,261.5,89.7,-1.28,832,0,163.91,32.25,33.08,1.256,0.626,0.0,0,0,5,9,-36032.6,-14653.9,-36032.6,2152,-2890.9,1761
ql_colas_s2042,ql_colas,2042,1005,23.01,6.5,3.58,17,0.916,2089,259.9,89.1,-1.227,832,0,163.03,31.51,32.59,1.202,0.661,0.0,0,0,5,9,-35518.9,-14064.5,-35518.9,2152,-2775.1,1762
ql_colas_s2042,ql_colas,2042,1006,22.89,6.4,3.57,15,0.908,2092,259.9,89.1,-1.222,832,0,163.55,31.75,32.84,1.21,0.651,0.0,0,0,5,10,-35518.1,-14051.0,-35518.1,2152,-2765.0,1763
ql_colas_s2042,ql_colas,2042,1007,23.52,6.83,3.54,14,0.936,2090,261.0,89.5,-1.223,838,0,163.75,31.79,32.62,1.208,0.642,0.0,0,0,6,10,-35706.2,-13936.2,-35706.2,2152,-2767.4,1760
ql_colas_s2042,ql_colas,2042,1008,22.96,6.42,3.62,16,0.926,2094,260.2,89.2,-1.253,830,0,164.02,32.1,33.4,1.261,0.621,0.0,0,0,5,9,-35952.7,-14216.9,-35952.7,2152,-2826.8,1759
ql_colas_s2042,ql_colas,2042,1009,21.88,5.94,3.38,15,0.808,2095,257.5,88.3,-1.167,830,0,162.5,30.18,31.56,1.027,0.735,0.0,0,0,5,8,-34269.5,-13282.0,-34269.5,2152,-2637.3,1760
ql_colas_s2042,ql_colas,2042,1010,22.21,6.27,3.46,13,0.816,2093,258.5,88.7,-1.204,833,0,161.65,30.03,31.3,1.017,0.751,0.0,0,0,4,8,-34327.3,-13657.9,-34327.3,2152,-2727.2,1766
ql_colas_s2042,ql_colas,2042,1011,23.44,6.74,3.73,16,0.94,2090,260.8,89.4,-1.287,832,0,164.87,32.62,33.63,1.287,0.603,0.0,0,0,5,10,-36567.9,-14686.2,-36567.9,2152,-2914.0,1766
ql_colas_s2042,ql_colas,2042,1012,23.31,6.68,3.76,17,0.951,2089,261.2,89.5,-1.286,832,0,164.39,32.95,34.0,1.34,0.594,0.0,0,0,5,10,-36425.0,-14760.5,-36425.0,2152,-2900.6,1758
ql_colas_s2042,ql_colas,2042,1013,23.47,6.6,3.65,17,0.909,2094,260.8,89.3,-1.258,835,0,165.29,32.77,34.31,1.226,0.633,0.0,0,0,5,8,-36660.9,-14433.3,-36660.9,2152,-2853.5,1768
ql_colas_s2042,ql_colas,2042,1014,21.51,5.68,3.16,16,0.778,2092,256.6,88.0,-1.094,831,0,160.81,28.98,30.28,0.957,0.78,0.0,0,0,4,8,-32945.2,-12395.2,-32945.2,2152,-2470.9,1761
ql_colas_s2042,ql_colas,2042,1015,23.05,6.43,3.57,15,0.93,2091,260.1,89.2,-1.229,830,0,163.09,31.76,33.03,1.252,0.618,0.0,0,0,5,9,-35383.2,-13996.8,-35383.2,2152,-2771.8,1759
ql_colas_s2042,ql_colas,2042,1016,23.19,6.73,3.61,15,0.922,2094,260.4,89.3,-1.244,829,0,163.21,31.67,32.75,1.224,0.629,0.0,0,0,5,9,-35666.9,-14170.6,-35666.9,2152,-2805.5,1758
ql_colas_s2042,ql_colas,2042,1017,21.76,5.94,3.33,16,0.803,2094,257.1,88.2,-1.143,831,0,161.74,29.36,30.67,0.999,0.753,0.0,0,0,5,9,-34035.8,-13086.8,-34035.8,2152,-2585.0,1764
ql_colas_s2042,ql_colas,2042,1018,22.03,6.28,3.18,16,0.818,2097,257.5,88.4,-1.086,834,0,160.59,28.65,29.64,0.991,0.757,0.0,0,0,5,9,-33072.3,-12528.7,-33072.3,2152,-2464.1,1767
ql_colas_s2042,ql_colas,2042,1019,22.36,6.42,3.32,14,0.823,2093,258.7,88.8,-1.139,830,0,161.1,29.45,30.9,0.999,0.765,0.0,0,0,5,9,-33594.5,-12998.0,-33594.5,2152,-2565.2,1756
ql_colas_s2042,ql_colas,2042,1020,21.51,5.86,3.23,15,0.786,2091,256.9,88.2,-1.118,832,0,160.68,28.62,29.95,0.965,0.785,0.0,0,0,5,9,-33107.5,-12667.0,-33107.5,2152,-2522.1,1755
ql_colas_s2042,ql_colas,2042,1021,22.81,6.83,3.41,16,0.828,2093,259.3,89.0,-1.168,838,0,161.39,29.79,31.07,1.001,0.764,0.0,0,0,5,9,-34012.0,-13459.5,-34012.0,2152,-2649.5,1767
ql_colas_s2042,ql_colas,2042,1022,22.26,6.25,3.45,14,0.847,2091,258.1,88.5,-1.185,834,0,162.79,30.61,31.39,1.09,0.727,0.0,0,0,5,9,-34529.1,-13592.3,-34529.1,2152,-2683.6,1764
ql_colas_s2042,ql_colas,2042,1023,23.48,6.92,3.72,16,0.94,2094,261.0,89.5,-1.29,832,0,163.5,32.01,32.86,1.252,0.634,0.0,0,0,5,9,-36156.5,-14653.0,-36156.5,2152,-2918.1,1763
ql_colas_s2042,ql_colas,2042,1024,21.91,6.17,3.31,14,0.804,2098,257.7,88.4,-1.138,834,0,161.26,29.05,30.11,0.984,0.757,0.0,0,0,5,9,-33696.6,-13061.5,-33696.6,2152,-2583.9,1769
ql_colas_s2042,ql_colas,2042,1025,22.94,6.38,3.5,14,0.914,2092,260.0,89.1,-1.21,830,0,163.62,31.81,32.74,1.249,0.632,0.0,0,0,5,9,-35221.2,-13759.4,-35221.2,2152,-2733.9,1762
ql_colas_s2042,ql_colas,2042,1026,21.4,5.66,3.21,15,0.8,2093,256.5,88.0,-1.113,833,0,160.5,28.77,30.24,0.98,0.756,0.0,0,0,5,10,-33080.3,-12608.6,-33080.3,2152,-2517.1,1763
ql_colas_s2042,ql_colas,2042,1027,21.59,5.77,3.23,15,0.792,2094,257.4,88.3,-1.111,833,0,160.99,29.27,30.53,1.001,0.751,0.0,0,0,4,8,-33271.4,-12708.0,-33271.4,2152,-2516.3,1765
ql_colas_s2042,ql_colas,2042,1028,22.89,6.35,3.57,17,0.927,2090,259.5,88.9,-1.23,828,0,164.03,31.77,32.39,1.262,0.62,0.0,0,0,5,9,-35800.0,-14019.2,-35800.0,2152,-2779.1,1761
ql_colas_s2042,ql_colas,2042,1029,23.83,7.11,3.96,15,0.959,2090,262.2,89.9,-1.359,832,0,165.44,33.69,34.83,1.329,0.619,0.0,0,0,5,9,-37460.4,-15595.0,-37460.4,2152,-3073.3,1763
ql_colas_s2042,ql_colas,2042,1030,21.85,5.9,3.34,14,0.846,2095,257.6,88.3,-1.16,830,0,161.25,29.68,30.36,1.086,0.721,0.0,0,0,5,9,-33589.5,-13092.4,-33589.5,2152,-2613.7,1757
ql_colas_s4042,ql_colas,4042,1001,23.78,7.23,4.07,24,0.92,2091,260.6,89.4,-1.412,748,0,162.96,30.91,32.82,1.09,0.713,0.0,0,0,5,9,-37557.8,-16002.5,-37557.8,2152,-3182.0,1805
ql_colas_s4042,ql_colas,4042,1002,23.53,7.16,3.94,18,0.891,2087,260.0,89.2,-1.372,744,0,162.23,30.09,31.41,1.024,0.757,0.0,0,0,5,9,-36707.6,-15508.5,-36707.6,2152,-3090.1,1807
ql_colas_s4042,ql_colas,4042,1003,24.24,7.67,4.08,20,0.958,2090,261.9,89.9,-1.415,750,0,163.19,31.08,33.09,1.139,0.675,0.0,0,0,6,9,-37863.3,-16152.7,-37863.3,2152,-3208.2,1818
ql_colas_s4042,ql_colas,4042,1004,24.24,7.64,4.01,18,0.932,2092,262.1,89.9,-1.392,740,0,162.27,30.61,32.38,1.065,0.718,0.0,0,0,6,9,-37149.2,-15776.8,-37149.2,2152,-3131.1,1806
ql_colas_s4042,ql_colas,4042,1005,24.42,7.6,4.18,21,0.997,2087,262.5,90.0,-1.459,750,0,163.26,31.75,34.02,1.2,0.646,0.0,0,0,5,9,-38107.7,-16391.8,-38107.7,2152,-3282.2,1798
ql_colas_s4042,ql_colas,4042,1006,22.97,6.8,3.8,18,0.88,2092,258.9,88.9,-1.312,743,0,161.12,29.29,30.54,1.0,0.758,0.0,0,0,5,10,-35575.3,-14879.5,-35575.3,2152,-2947.7,1801
ql_colas_s4042,ql_colas,4042,1007,23.98,7.45,4.07,18,0.937,2093,261.2,89.6,-1.409,744,0,162.55,30.61,31.91,1.076,0.744,0.0,0,0,5,10,-37481.8,-15969.7,-37481.8,2152,-3166.9,1800
ql_colas_s4042,ql_colas,4042,1008,23.72,7.18,4.0,20,0.908,2094,261.2,89.6,-1.388,743,0,162.83,30.88,32.93,1.07,0.723,0.0,0,0,5,9,-37154.0,-15682.7,-37154.0,2152,-3123.5,1804
ql_colas_s4042,ql_colas,4042,1009,23.47,7.03,3.94,18,0.908,2091,259.8,89.1,-1.366,735,0,162.88,30.54,32.15,1.067,0.729,0.0,0,0,5,9,-36951.0,-15563.3,-36951.0,2152,-3089.3,1820
ql_colas_s4042,ql_colas,4042,1010,24.17,7.5,4.13,16,0.971,2092,261.6,89.8,-1.42,745,0,163.3,31.64,33.7,1.183,0.667,0.0,0,0,4,8,-37889.9,-16338.0,-37889.9,2152,-3215.7,1820
ql_colas_s4042,ql_colas,4042,1011,23.89,7.52,3.96,18,0.924,2092,260.7,89.5,-1.374,747,0,162.37,30.09,31.64,1.055,0.735,0.0,0,0,5,8,-36896.1,-15612.8,-36896.1,2152,-3099.8,1809
ql_colas_s4042,ql_colas,4042,1012,23.85,7.32,4.1,18,0.922,2092,261.4,89.7,-1.423,746,0,162.48,31.06,32.78,1.111,0.695,0.0,0,0,4,9,-37554.2,-16137.8,-37554.2,2152,-3209.8,1808
ql_colas_s4042,ql_colas,4042,1013,24.98,7.83,4.27,20,0.977,2092,263.1,90.2,-1.478,745,0,165.13,32.59,35.67,1.175,0.672,0.0,0,0,7,10,-39484.4,-16823.0,-39484.4,2152,-3329.9,1806
ql_colas_s4042,ql_colas,4042,1014,24.4,7.52,4.24,19,0.956,2091,262.2,89.9,-1.474,742,0,164.03,32.18,34.7,1.152,0.672,0.0,0,0,5,8,-38495.1,-16640.2,-38495.1,2152,-3312.5,1802
ql_colas_s4042,ql_colas,4042,1015,23.54,7.24,3.93,17,0.909,2094,259.9,89.2,-1.362,737,0,161.08,29.7,30.92,1.051,0.746,0.0,0,0,5,9,-36204.1,-15402.0,-36204.1,2152,-3056.1,1804
ql_colas_s4042,ql_colas,4042,1016,24.3,7.68,4.13,17,0.942,2091,261.8,89.9,-1.423,746,0,162.68,31.15,33.13,1.084,0.727,0.0,0,0,4,9,-37602.0,-16162.8,-37602.0,2152,-3197.6,1798
ql_colas_s4042,ql_colas,4042,1017,23.65,7.26,3.97,16,0.919,2093,260.9,89.5,-1.365,750,0,162.66,30.27,31.66,1.06,0.745,0.0,0,0,5,9,-36981.2,-15577.9,-36981.2,2152,-3070.4,1801
ql_colas_s4042,ql_colas,4042,1018,24.22,7.7,4.05,20,0.935,2097,261.0,89.6,-1.415,749,0,162.47,30.51,31.89,1.068,0.738,0.0,0,0,5,8,-37295.1,-16015.9,-37295.1,2152,-3205.1,1816
ql_colas_s4042,ql_colas,4042,1019,23.83,7.28,3.96,21,0.915,2095,261.5,89.7,-1.374,742,0,162.43,30.77,32.37,1.076,0.734,0.0,0,0,5,10,-36988.4,-15565.7,-36988.4,2152,-3094.8,1807
ql_colas_s4042,ql_colas,4042,1020,24.28,7.69,4.21,19,0.957,2092,261.6,89.8,-1.463,744,0,163.64,31.6,34.26,1.161,0.688,0.0,0,0,5,8,-38165.8,-16575.6,-38165.8,2152,-3295.4,1807
ql_colas_s4042,ql_colas,4042,1021,24.44,7.79,4.15,18,0.974,2091,262.4,90.0,-1.436,750,0,162.81,31.18,32.77,1.154,0.685,0.0,0,0,6,9,-37958.9,-16330.1,-37958.9,2152,-3239.7,1807
ql_colas_s4042,ql_colas,4042,1022,24.29,7.59,4.14,22,0.976,2091,261.6,89.7,-1.434,745,0,163.65,31.49,33.31,1.174,0.673,0.0,0,0,6,9,-38011.1,-16309.3,-38011.1,2152,-3234.3,1810
ql_colas_s4042,ql_colas,4042,1023,24.06,7.54,4.08,19,0.957,2093,261.5,89.7,-1.412,743,0,162.14,30.65,32.56,1.113,0.702,0.0,0,0,5,8,-37336.6,-15983.5,-37336.6,2152,-3168.4,1799
ql_colas_s4042,ql_colas,4042,1024,24.05,7.42,4.08,17,0.946,2092,261.7,89.8,-1.41,748,0,163.19,30.99,33.37,1.121,0.713,0.0,0,0,5,9,-37827.0,-16211.4,-37827.0,2152,-3205.5,1826
ql_colas_s4042,ql_colas,4042,1025,23.65,7.19,4.06,16,0.908,2090,260.3,89.3,-1.408,740,0,162.5,30.69,32.55,1.078,0.729,0.0,0,0,5,8,-37150.5,-15905.9,-37150.5,2152,-3163.4,1803
ql_colas_s4042,ql_colas,4042,1026,24.14,7.44,4.07,18,0.934,2093,261.8,89.8,-1.406,751,0,162.79,31.04,33.06,1.075,0.734,0.0,0,0,5,8,-37543.0,-16064.8,-37543.0,2152,-3180.0,1811
ql_colas_s4042,ql_colas,4042,1027,23.55,7.24,3.99,16,0.913,2094,259.8,89.2,-1.38,742,0,161.94,30.24,32.03,1.058,0.726,0.0,0,0,4,9,-36482.2,-15681.9,-36482.2,2152,-3104.2,1805
ql_colas_s4042,ql_colas,4042,1028,23.9,7.33,4.08,19,0.941,2091,261.1,89.6,-1.415,738,0,163.28,31.01,32.91,1.1,0.715,0.0,0,0,5,9,-37714.1,-15999.1,-37714.1,2152,-3174.5,1802
ql_colas_s4042,ql_colas,4042,1029,23.93,7.42,4.11,20,0.935,2091,260.9,89.5,-1.433,748,0,162.77,31.0,33.35,1.103,0.717,0.0,0,0,5,9,-37407.9,-16129.0,-37407.9,2152,-3220.1,1799
ql_colas_s4042,ql_colas,4042,1030,23.53,7.16,4.05,19,0.921,2093,260.5,89.4,-1.395,745,0,162.0,30.43,32.2,1.07,0.735,0.0,0,0,5,9,-36946.6,-15907.5,-36946.6,2152,-3139.2,1802
ql_colas_s42,ql_colas,42,1001,23.6,6.99,4.02,18,0.934,2094,260.6,89.4,-1.392,759,0,163.2,31.16,33.5,1.135,0.694,0.0,0,0,5,8,-37650.2,-15819.1,-37650.2,2152,-3145.4,1803
ql_colas_s42,ql_colas,42,1002,24.29,7.62,3.93,17,0.941,2091,262.0,89.9,-1.36,756,0,163.08,30.91,32.56,1.103,0.71,0.0,0,0,5,8,-37008.5,-15400.8,-37008.5,2152,-3063.5,1798
ql_colas_s42,ql_colas,42,1003,23.74,7.31,3.96,19,0.938,2091,261.0,89.5,-1.364,758,0,163.22,31.1,32.55,1.14,0.69,0.0,0,0,6,9,-36972.3,-15561.6,-36972.3,2152,-3082.1,1803
ql_colas_s42,ql_colas,42,1004,23.88,7.62,3.91,20,0.915,2092,260.7,89.5,-1.345,752,0,161.6,29.93,31.27,1.042,0.736,0.0,0,0,5,8,-36087.7,-15309.0,-36087.7,2152,-3023.0,1796
ql_colas_s42,ql_colas,42,1005,23.99,7.27,4.03,20,0.961,2093,261.4,89.7,-1.396,758,0,162.97,31.46,33.24,1.157,0.686,0.0,0,0,4,9,-37289.6,-15771.2,-37289.6,2152,-3140.4,1794
ql_colas_s42,ql_colas,42,1006,23.5,6.98,3.95,21,0.921,2092,260.4,89.3,-1.365,756,0,162.5,30.69,32.58,1.075,0.714,0.0,0,0,5,9,-36787.4,-15489.3,-36787.4,2152,-3071.7,1795
ql_colas_s42,ql_colas,42,1007,24.49,7.76,4.14,20,0.973,2093,262.5,90.0,-1.449,760,0,163.88,31.93,34.11,1.165,0.701,0.0,0,0,5,8,-38176.9,-16217.8,-38176.9,2152,-3251.3,1789
ql_colas_s42,ql_colas,42,1008,23.75,7.12,3.96,21,0.935,2092,261.4,89.6,-1.375,752,0,162.92,30.95,33.15,1.127,0.694,0.0,0,0,5,10,-37237.0,-15493.7,-37237.0,2152,-3085.9,1793
ql_colas_s42,ql_colas,42,1009,24.2,7.37,4.08,17,0.951,2091,262.1,89.9,-1.408,757,0,164.7,32.36,34.59,1.178,0.693,0.0,0,0,5,10,-38127.8,-16093.7,-38127.8,2152,-3183.9,1807
ql_colas_s42,ql_colas,42,1010,23.48,7.13,3.87,23,0.919,2094,260.1,89.2,-1.343,758,0,161.67,30.01,31.75,1.068,0.714,0.0,0,0,6,9,-36434.2,-15280.3,-36434.2,2152,-3042.2,1812
ql_colas_s42,ql_colas,42,1011,23.36,7.18,3.92,21,0.902,2091,259.9,89.2,-1.353,757,0,162.55,30.3,31.55,1.071,0.727,0.0,0,0,5,8,-36596.5,-15490.2,-36596.5,2152,-3069.6,1813
ql_colas_s42,ql_colas,42,1012,23.29,7.11,3.91,18,0.906,2093,259.2,89.0,-1.36,758,0,161.35,29.91,31.58,1.059,0.738,0.0,0,0,5,9,-36210.8,-15312.5,-36210.8,2152,-3056.8,1793
ql_colas_s42,ql_colas,42,1013,24.27,7.34,4.13,19,0.943,2092,261.8,89.8,-1.437,754,0,164.82,32.29,34.78,1.146,0.683,0.0,0,0,5,9,-38558.0,-16267.2,-38558.0,2152,-3240.9,1804
ql_colas_s42,ql_colas,42,1014,24.2,7.41,4.12,18,0.957,2091,261.7,89.8,-1.424,755,0,163.82,31.98,34.52,1.177,0.664,0.0,0,0,4,9,-37911.5,-16149.3,-37911.5,2152,-3199.7,1795
ql_colas_s42,ql_colas,42,1015,24.53,7.68,4.14,21,0.992,2089,263.0,90.2,-1.439,760,0,163.46,32.1,34.47,1.223,0.644,0.0,0,0,5,8,-37977.1,-16214.5,-37977.1,2152,-3237.3,1794
ql_colas_s42,ql_colas,42,1016,23.82,7.42,4.0,20,0.946,2092,260.8,89.5,-1.386,758,0,162.16,30.64,32.37,1.122,0.702,0.0,0,0,5,10,-36884.9,-15608.9,-36884.9,2152,-3105.5,1787
ql_colas_s42,ql_colas,42,1017,23.45,7.13,4.05,18,0.939,2095,259.8,89.2,-1.401,760,0,163.52,31.09,32.2,1.15,0.684,0.0,0,0,4,9,-37212.5,-15851.6,-37212.5,2152,-3147.6,1791
ql_colas_s42,ql_colas,42,1018,23.97,7.36,4.06,20,0.939,2096,261.2,89.6,-1.396,753,0,163.57,31.64,33.64,1.156,0.682,0.0,0,0,5,8,-37412.6,-15966.0,-37412.6,2152,-3150.2,1805
ql_colas_s42,ql_colas,42,1019,24.3,7.7,4.11,18,0.967,2094,261.7,89.8,-1.416,752,0,163.31,31.66,33.16,1.173,0.673,0.0,0,0,4,9,-37544.4,-16120.1,-37544.4,2152,-3187.1,1797
ql_colas_s42,ql_colas,42,1020,23.69,7.21,4.0,19,0.931,2090,260.8,89.5,-1.382,755,0,163.24,31.19,33.51,1.135,0.703,0.0,0,0,5,8,-37252.8,-15708.4,-37252.8,2152,-3118.4,1803
ql_colas_s42,ql_colas,42,1021,23.65,7.12,3.92,18,0.932,2093,260.9,89.5,-1.357,760,0,162.34,30.73,31.94,1.113,0.712,0.0,0,0,5,8,-36692.0,-15396.1,-36692.0,2152,-3060.4,1801
ql_colas_s42,ql_colas,42,1022,23.22,6.98,3.83,17,0.91,2096,259.2,88.9,-1.329,758,0,162.4,30.23,32.08,1.081,0.716,0.0,0,0,4,8,-36381.8,-15066.2,-36381.8,2152,-2998.4,1802
ql_colas_s42,ql_colas,42,1023,23.43,7.13,3.88,20,0.921,2095,260.2,89.3,-1.338,760,0,161.61,30.14,31.94,1.073,0.721,0.0,0,0,6,9,-36375.7,-15199.9,-36375.7,2152,-3007.4,1792
ql_colas_s42,ql_colas,42,1024,24.21,7.67,4.16,25,0.957,2091,261.8,89.9,-1.439,764,0,163.85,31.65,33.51,1.171,0.672,0.0,0,0,5,9,-38053.7,-16494.6,-38053.7,2152,-3271.6,1816
ql_colas_s42,ql_colas,42,1025,23.62,7.16,4.0,20,0.915,2090,260.4,89.3,-1.393,754,0,162.85,31.04,32.79,1.101,0.706,0.0,0,0,5,9,-36885.1,-15699.8,-36885.1,2152,-3134.8,1797
ql_colas_s42,ql_colas,42,1026,24.17,7.53,4.07,19,0.957,2091,262.1,89.9,-1.413,754,0,163.13,31.41,33.18,1.15,0.691,0.0,0,0,4,9,-37465.7,-15953.3,-37465.7,2152,-3179.7,1798
ql_colas_s42,ql_colas,42,1027,23.29,7.04,3.92,17,0.921,2094,259.8,89.2,-1.345,754,0,162.18,30.46,32.05,1.129,0.696,0.0,0,0,4,8,-36381.8,-15348.2,-36381.8,2152,-3021.3,1796
ql_colas_s42,ql_colas,42,1028,23.82,7.25,4.11,20,0.93,2090,260.6,89.4,-1.425,753,0,163.68,31.41,33.44,1.111,0.708,0.0,0,0,5,9,-37852.1,-16149.3,-37852.1,2152,-3201.1,1796
ql_colas_s42,ql_colas,42,1029,23.39,7.04,3.93,17,0.921,2092,260.2,89.3,-1.354,754,0,162.0,30.26,32.05,1.083,0.726,0.0,0,0,5,9,-36502.2,-15346.0,-36502.2,2152,-3038.2,1791
ql_colas_s42,ql_colas,42,1030,23.67,7.01,4.06,17,0.934,2093,261.4,89.6,-1.405,760,0,163.1,31.53,33.8,1.123,0.702,0.0,0,0,5,8,-37565.7,-15865.1,-37565.7,2152,-3152.1,1788
ql_s2042,ql,2042,1001,24.29,7.91,4.43,19,0.906,2092,260.8,89.6,-1.549,684,0,161.61,29.54,31.55,0.996,0.78,0.0,0,0,4,8,-39010.8,-17637.1,-39010.8,2152,-3494.8,1847
ql_s2042,ql,2042,1002,24.57,7.97,4.26,21,0.928,2090,261.7,89.8,-1.48,688,0,162.09,29.94,31.71,1.01,0.763,0.0,0,0,5,8,-38432.7,-16870.0,-38432.7,2152,-3334.4,1839
ql_s2042,ql,2042,1003,23.86,7.81,4.16,17,0.912,2093,259.8,89.3,-1.459,684,0,160.38,28.24,29.58,0.975,0.775,0.0,0,0,4,9,-37267.3,-16567.9,-37267.3,2152,-3303.9,1854
ql_s2042,ql,2042,1004,24.83,8.41,4.36,20,0.933,2089,262.6,90.2,-1.511,687,0,161.28,29.61,31.87,1.014,0.745,0.0,0,0,6,8,-38301.9,-17287.0,-38301.9,2152,-3403.5,1841
ql_s2042,ql,2042,1005,24.19,8.05,4.3,19,0.912,2092,260.4,89.5,-1.512,674,0,160.16,28.65,29.76,0.99,0.765,0.0,0,0,5,9,-37739.8,-17014.9,-37739.8,2152,-3396.4,1843
ql_s2042,ql,2042,1006,24.26,7.96,4.45,18,0.905,2089,260.9,89.6,-1.544,686,0,161.26,29.44,31.48,0.989,0.768,0.0,0,0,5,8,-38595.2,-17635.8,-38595.2,2152,-3473.5,1837
ql_s2042,ql,2042,1007,24.97,8.4,4.43,21,0.953,2094,262.2,90.1,-1.56,683,0,161.93,29.97,31.4,1.058,0.738,0.0,0,0,5,9,-38936.7,-17546.8,-38936.7,2152,-3500.3,1835
ql_s2042,ql,2042,1008,23.82,7.51,4.31,17,0.902,2093,260.8,89.5,-1.497,680,0,161.45,29.49,31.61,1.029,0.756,0.0,0,0,5,8,-38423.7,-17011.7,-38423.7,2152,-3362.9,1837
ql_s2042,ql,2042,1009,24.91,8.1,4.5,18,0.953,2093,262.4,90.1,-1.567,679,0,163.48,31.14,33.38,1.1,0.721,0.0,0,0,5,9,-39863.3,-17827.4,-39863.3,2152,-3526.4,1841
ql_s2042,ql,2042,1010,23.73,7.54,4.23,17,0.905,2091,259.8,89.2,-1.493,688,0,160.9,29.25,30.71,1.008,0.763,0.0,0,0,5,9,-37671.4,-16782.7,-37671.4,2152,-3367.2,1842
ql_s2042,ql,2042,1011,24.49,8.01,4.3,21,0.945,2088,261.6,89.8,-1.497,696,0,162.15,29.87,31.71,1.045,0.724,0.0,0,0,5,8,-38740.3,-17138.0,-38740.3,2152,-3391.3,1848
ql_s2042,ql,2042,1012,23.97,7.9,4.27,18,0.909,2093,259.7,89.3,-1.496,680,0,160.2,28.76,30.06,0.994,0.776,0.0,0,0,4,9,-37370.7,-16872.4,-37370.7,2152,-3361.4,1839
ql_s2042,ql,2042,1013,24.66,7.93,4.43,17,0.934,2090,261.8,89.9,-1.551,682,0,163.2,30.66,32.45,1.061,0.736,0.0,0,0,5,8,-39436.1,-17554.4,-39436.1,2152,-3494.3,1845
ql_s2042,ql,2042,1014,24.16,7.66,4.32,17,0.912,2092,260.8,89.5,-1.488,694,0,161.58,29.75,31.91,0.998,0.761,0.0,0,0,5,9,-38208.4,-17026.0,-38208.4,2152,-3338.0,1828
ql_s2042,ql,2042,1015,24.05,7.6,4.23,20,0.921,2090,261.1,89.6,-1.47,693,0,160.92,29.57,31.19,1.006,0.772,0.0,0,0,5,9,-37754.5,-16727.1,-37754.5,2152,-3306.5,1833
ql_s2042,ql,2042,1016,24.3,8.07,4.39,18,0.915,2093,260.7,89.6,-1.527,686,0,160.88,29.34,31.19,1.002,0.762,0.0,0,0,6,9,-38245.7,-17335.5,-38245.7,2152,-3426.9,1832
ql_s2042,ql,2042,1017,23.93,7.67,4.25,17,0.899,2092,260.1,89.3,-1.474,680,0,161.56,29.17,30.51,0.971,0.782,0.0,0,0,6,8,-37943.6,-16788.0,-37943.6,2152,-3311.6,1839
ql_s2042,ql,2042,1018,24.43,7.91,4.43,18,0.93,2091,261.7,89.8,-1.541,698,0,161.59,29.65,31.63,1.016,0.765,0.0,0,0,4,8,-39061.7,-17551.6,-39061.7,2152,-3471.7,1834
ql_s2042,ql,2042,1019,24.04,7.77,4.3,20,0.908,2092,260.4,89.5,-1.499,680,0,160.9,29.23,31.1,1.001,0.756,0.0,0,0,6,9,-37975.3,-17021.0,-37975.3,2152,-3371.9,1841
ql_s2042,ql,2042,1020,24.41,8.03,4.33,18,0.926,2088,261.2,89.7,-1.513,700,0,161.62,29.57,31.08,1.034,0.772,0.0,0,0,4,8,-38129.6,-17132.6,-38129.6,2152,-3405.3,1830
ql_s2042,ql,2042,1021,24.65,8.31,4.37,23,0.943,2094,261.5,89.9,-1.528,686,0,161.1,29.48,31.49,1.029,0.759,0.0,0,0,5,9,-38550.9,-17460.8,-38550.9,2152,-3464.9,1856
ql_s2042,ql,2042,1022,24.08,7.82,4.22,16,0.907,2091,260.5,89.5,-1.473,686,0,161.37,29.19,30.75,0.997,0.756,0.0,0,0,5,10,-37975.3,-16742.2,-37975.3,2152,-3323.8,1845
ql_s2042,ql,2042,1023,24.35,7.92,4.3,19,0.929,2093,261.5,89.8,-1.502,686,0,160.99,29.5,31.11,1.029,0.744,0.0,0,0,5,8,-38251.5,-17038.5,-38251.5,2152,-3383.5,1840
ql_s2042,ql,2042,1024,24.3,7.9,4.31,22,0.915,2091,261.0,89.6,-1.512,684,0,162.11,29.92,31.86,1.035,0.746,0.0,0,0,4,9,-38414.6,-17247.2,-38414.6,2152,-3439.0,1864
ql_s2042,ql,2042,1025,24.12,7.74,4.38,20,0.898,2089,260.6,89.5,-1.527,677,0,161.54,29.73,31.69,0.988,0.769,0.0,0,0,6,9,-38476.4,-17376.8,-38476.4,2152,-3436.5,1843
ql_s2042,ql,2042,1026,24.24,7.83,4.29,18,0.912,2094,260.8,89.6,-1.495,681,0,161.29,29.55,31.23,1.002,0.765,0.0,0,0,5,10,-38053.8,-16999.2,-38053.8,2152,-3364.8,1842
ql_s2042,ql,2042,1027,24.6,8.09,4.49,20,0.919,2091,261.6,89.8,-1.564,688,0,161.68,29.99,31.83,1.004,0.755,0.0,0,0,5,9,-38941.7,-17805.2,-38941.7,2152,-3519.3,1836
ql_s2042,ql,2042,1028,24.09,7.62,4.39,18,0.93,2092,260.9,89.5,-1.536,693,0,162.37,30.09,31.87,1.057,0.736,0.0,0,0,5,9,-38954.5,-17323.4,-38954.5,2152,-3447.2,1830
ql_s2042,ql,2042,1029,24.16,7.7,4.25,20,0.903,2093,260.8,89.5,-1.478,692,0,161.65,29.89,31.7,1.009,0.769,0.0,0,0,5,9,-37886.0,-16761.9,-37886.0,2152,-3315.8,1831
ql_s2042,ql,2042,1030,23.96,7.63,4.32,19,0.92,2093,260.3,89.4,-1.516,679,0,161.08,29.51,31.4,1.02,0.756,0.0,0,0,6,9,-38191.4,-17111.9,-38191.4,2152,-3416.6,1844
ql_s4042,ql,4042,1001,24.41,7.91,4.4,21,0.921,2091,261.0,89.6,-1.537,684,0,162.01,29.97,31.97,1.028,0.766,0.0,0,0,4,8,-39003.3,-17514.3,-39003.3,2152,-3467.1,1847
ql_s4042,ql,4042,1002,24.67,7.95,4.3,20,0.929,2092,262.1,90.0,-1.492,689,0,162.42,30.27,31.95,1.029,0.749,0.0,0,0,5,9,-38813.9,-17065.7,-38813.9,2152,-3360.4,1840
ql_s4042,ql,4042,1003,23.98,7.8,4.16,19,0.909,2094,260.0,89.3,-1.459,684,0,160.72,28.58,29.98,0.972,0.776,0.0,0,0,5,9,-37295.9,-16570.9,-37295.9,2152,-3304.7,1854
ql_s4042,ql,4042,1004,24.62,8.34,4.32,20,0.924,2090,261.9,90.0,-1.509,686,0,160.91,29.24,31.27,0.992,0.768,0.0,0,0,4,8,-37951.5,-17143.3,-37951.5,2152,-3399.5,1840
ql_s4042,ql,4042,1005,23.86,7.97,4.2,18,0.882,2092,259.1,89.1,-1.477,672,0,159.28,27.78,28.98,0.906,0.808,0.0,0,0,5,9,-36884.8,-16683.8,-36884.8,2152,-3322.3,1848
ql_s4042,ql,4042,1006,24.27,7.94,4.44,17,0.908,2089,260.8,89.6,-1.548,685,0,161.41,29.59,31.66,0.989,0.775,0.0,0,0,5,8,-38619.3,-17593.9,-38619.3,2152,-3477.5,1835
ql_s4042,ql,4042,1007,26.59,9.37,4.84,29,0.979,2093,265.1,91.1,-1.716,679,0,165.12,33.18,35.64,1.11,0.724,0.0,0,0,10,14,-41428.8,-19373.2,-41428.8,2152,-3850.6,1838
ql_s4042,ql,4042,1008,23.98,7.61,4.38,19,0.908,2093,261.2,89.7,-1.525,680,0,161.62,29.68,31.29,1.028,0.743,0.0,0,0,5,8,-38818.9,-17322.6,-38818.9,2152,-3427.2,1838
ql_s4042,ql,4042,1009,25.15,8.24,4.66,19,0.96,2092,262.7,90.2,-1.635,674,0,164.31,31.97,34.33,1.139,0.704,0.0,0,0,7,11,-40670.7,-18502.0,-40670.7,2152,-3679.8,1846
ql_s4042,ql,4042,1010,23.85,7.67,4.29,18,0.899,2093,259.8,89.2,-1.497,686,0,160.89,29.24,31.03,0.986,0.768,0.0,0,0,5,9,-37785.9,-17009.7,-37785.9,2152,-3377.7,1843
ql_s4042,ql,4042,1011,24.52,7.99,4.3,21,0.947,2090,261.7,89.9,-1.496,696,0,162.34,30.07,31.95,1.053,0.723,0.0,0,0,5,8,-38759.6,-17096.7,-38759.6,2152,-3388.7,1848
ql_s4042,ql,4042,1012,24.25,8.03,4.33,18,0.924,2092,260.4,89.5,-1.511,680,0,160.41,29.0,30.51,1.007,0.772,0.0,0,0,5,9,-37858.1,-17121.3,-37858.1,2152,-3394.2,1839
ql_s4042,ql,4042,1013,24.73,7.96,4.43,17,0.935,2091,262.0,89.9,-1.552,682,0,163.3,30.77,32.64,1.062,0.731,0.0,0,0,5,8,-39506.8,-17556.3,-39506.8,2152,-3500.5,1846
ql_s4042,ql,4042,1014,24.07,7.73,4.31,17,0.897,2089,260.3,89.4,-1.487,686,0,161.06,29.22,31.06,0.958,0.789,0.0,0,0,5,9,-38035.9,-17055.0,-38035.9,2152,-3341.4,1836
ql_s4042,ql,4042,1015,23.89,7.63,4.26,20,0.919,2089,260.3,89.4,-1.484,691,0,160.53,29.17,30.6,1.002,0.772,0.0,0,0,5,9,-37682.4,-16848.7,-37682.4,2152,-3333.5,1832
ql_s4042,ql,4042,1016,24.43,8.12,4.41,18,0.923,2092,261.2,89.7,-1.527,686,0,161.15,29.61,31.71,1.019,0.753,0.0,0,0,6,9,-38453.2,-17409.8,-38453.2,2152,-3426.1,1832
ql_s4042,ql,4042,1017,25.22,8.42,4.67,26,0.955,2089,263.0,90.3,-1.622,677,0,164.17,31.77,34.12,1.105,0.726,0.0,0,0,7,9,-40451.1,-18525.3,-40451.1,2152,-3650.1,1843
ql_s4042,ql,4042,1018,24.54,8.02,4.44,21,0.957,2092,261.9,89.9,-1.555,699,0,161.98,30.04,31.83,1.076,0.735,0.0,0,0,5,9,-39084.9,-17619.0,-39084.9,2152,-3512.9,1838
ql_s4042,ql,4042,1019,24.55,8.05,4.36,23,0.941,2092,261.5,89.8,-1.526,686,0,161.63,29.96,32.24,1.059,0.729,0.0,0,0,6,9,-38514.1,-17231.4,-38514.1,2152,-3423.3,1833
ql_s4042,ql,4042,1020,25.23,8.61,4.66,33,0.942,2091,262.5,90.2,-1.652,697,0,163.45,31.42,33.26,1.068,0.753,0.0,0,0,10,11,-39870.8,-18650.9,-39870.8,2152,-3716.6,1832
ql_s4042,ql,4042,1021,25.24,8.73,4.49,20,0.962,2088,262.6,90.3,-1.566,688,0,161.56,29.93,31.96,1.05,0.752,0.0,0,0,6,9,-39262.8,-17934.5,-39262.8,2152,-3546.8,1853
ql_s4042,ql,4042,1022,24.08,7.82,4.22,16,0.907,2091,260.5,89.5,-1.473,686,0,161.37,29.19,30.75,0.997,0.756,0.0,0,0,5,10,-37975.3,-16742.2,-37975.3,2152,-3323.8,1845
ql_s4042,ql,4042,1023,24.35,7.92,4.3,19,0.929,2093,261.5,89.8,-1.502,686,0,160.99,29.5,31.11,1.029,0.744,0.0,0,0,5,8,-38251.5,-17038.5,-38251.5,2152,-3383.5,1840
ql_s4042,ql,4042,1024,24.4,7.98,4.35,26,0.922,2089,261.2,89.7,-1.518,686,0,162.41,30.21,32.34,1.047,0.751,0.0,0,0,6,9,-38622.3,-17417.6,-38622.3,2152,-3451.9,1863
ql_s4042,ql,4042,1025,24.14,7.76,4.36,20,0.897,2090,260.6,89.5,-1.519,678,0,161.38,29.57,31.63,0.98,0.765,0.0,0,0,6,9,-38270.8,-17271.7,-38270.8,2152,-3412.1,1839
ql_s4042,ql,4042,1026,24.44,8.12,4.42,20,0.915,2094,261.2,89.8,-1.547,673,0,161.12,29.38,31.15,1.008,0.755,0.0,0,0,5,9,-38714.5,-17570.4,-38714.5,2152,-3481.1,1848
ql_s4042,ql,4042,1027,24.5,8.04,4.49,20,0.914,2094,261.5,89.8,-1.568,684,0,161.7,30.01,31.76,0.996,0.756,0.0,0,0,5,9,-38968.1,-17809.4,-38968.1,2152,-3528.6,1839
ql_s4042,ql,4042,1028,24.06,7.59,4.38,18,0.931,2092,260.8,89.5,-1.534,693,0,162.38,30.09,31.86,1.059,0.734,0.0,0,0,6,9,-38949.8,-17296.0,-38949.8,2152,-3442.0,1829
ql_s4042,ql,4042,1029,24.29,7.71,4.31,21,0.91,2089,261.5,89.8,-1.499,689,0,162.14,30.37,32.49,1.029,0.759,0.0,0,0,5,9,-38526.1,-17055.6,-38526.1,2152,-3377.5,1839
ql_s4042,ql,4042,1030,23.7,7.5,4.28,18,0.897,2095,259.5,89.1,-1.498,678,0,160.52,28.95,30.76,0.975,0.786,0.0,0,0,5,9,-37708.4,-16918.2,-37708.4,2152,-3366.4,1840
ql_s42,ql,42,1001,24.29,7.91,4.43,19,0.906,2092,260.8,89.6,-1.549,684,0,161.61,29.54,31.55,0.996,0.78,0.0,0,0,4,8,-39010.8,-17637.1,-39010.8,2152,-3494.8,1847
ql_s42,ql,42,1002,24.56,7.96,4.27,21,0.93,2090,261.6,89.8,-1.481,689,0,162.2,30.03,31.85,1.017,0.758,0.0,0,0,4,8,-38486.2,-16931.0,-38486.2,2152,-3336.0,1840
ql_s42,ql,42,1003,24.23,7.99,4.23,20,0.911,2095,260.5,89.5,-1.478,684,0,161.42,29.27,30.71,0.983,0.774,0.0,0,0,6,10,-37797.8,-16923.2,-37797.8,2152,-3352.8,1857
ql_s42,ql,42,1004,24.05,8.04,4.18,23,0.882,2091,260.2,89.5,-1.45,674,0,159.95,28.29,29.73,0.919,0.797,0.0,0,0,5,8,-36996.1,-16562.1,-36996.1,2152,-3263.1,1845
ql_s42,ql,42,1005,24.19,8.05,4.3,19,0.912,2092,260.4,89.5,-1.512,674,0,160.16,28.65,29.76,0.99,0.765,0.0,0,0,5,9,-37739.8,-17014.9,-37739.8,2152,-3396.4,1843
ql_s42,ql,42,1006,24.26,7.96,4.45,18,0.905,2089,260.9,89.6,-1.544,686,0,161.26,29.44,31.48,0.989,0.768,0.0,0,0,5,8,-38595.2,-17635.8,-38595.2,2152,-3473.5,1837
ql_s42,ql,42,1007,25.1,8.47,4.47,21,0.96,2094,262.5,90.2,-1.573,683,0,162.22,30.25,31.77,1.075,0.728,0.0,0,0,5,9,-39188.2,-17708.7,-39188.2,2152,-3529.0,1836
ql_s42,ql,42,1008,23.82,7.51,4.31,17,0.902,2093,260.8,89.5,-1.497,680,0,161.45,29.49,31.61,1.029,0.756,0.0,0,0,5,8,-38423.7,-17011.7,-38423.7,2152,-3362.9,1837
ql_s42,ql,42,1009,24.99,8.18,4.54,18,0.948,2092,262.6,90.2,-1.59,675,0,163.58,31.24,33.4,1.089,0.729,0.0,0,0,5,9,-39979.5,-17988.0,-39979.5,2152,-3577.9,1845
ql_s42,ql,42,1010,23.73,7.54,4.24,17,0.903,2092,259.7,89.2,-1.496,688,0,161.0,29.35,30.78,1.006,0.765,0.0,0,0,5,9,-37667.4,-16826.8,-37667.4,2152,-3374.4,1842
ql_s42,ql,42,1011,24.49,8.01,4.3,21,0.945,2088,261.6,89.8,-1.497,696,0,162.15,29.87,31.71,1.045,0.724,0.0,0,0,5,8,-38740.3,-17138.0,-38740.3,2152,-3391.3,1848
ql_s42,ql,42,1012,23.93,7.81,4.21,18,0.911,2093,259.6,89.2,-1.474,680,0,160.06,28.64,29.99,0.993,0.782,0.0,0,0,5,8,-37163.5,-16638.4,-37163.5,2152,-3313.1,1839
ql_s42,ql,42,1013,24.99,8.11,4.52,19,0.95,2093,262.6,90.1,-1.582,678,0,163.77,31.23,33.05,1.091,0.723,0.0,0,0,5,8,-40041.3,-17920.1,-40041.3,2152,-3563.4,1847
ql_s42,ql,42,1014,24.17,7.68,4.34,17,0.913,2092,260.8,89.6,-1.496,694,0,161.63,29.8,31.95,1.001,0.761,0.0,0,0,5,9,-38303.0,-17122.7,-38303.0,2152,-3357.7,1828
ql_s42,ql,42,1015,24.05,7.6,4.23,20,0.921,2090,261.1,89.6,-1.47,693,0,160.92,29.57,31.19,1.006,0.772,0.0,0,0,5,9,-37754.5,-16727.1,-37754.5,2152,-3306.5,1833
ql_s42,ql,42,1016,24.3,8.07,4.39,18,0.915,2093,260.7,89.6,-1.527,686,0,160.88,29.34,31.19,1.002,0.762,0.0,0,0,6,9,-38245.7,-17335.5,-38245.7,2152,-3426.9,1832
ql_s42,ql,42,1017,24.33,8.03,4.45,27,0.895,2089,260.4,89.4,-1.558,675,0,162.33,29.94,31.42,0.969,0.772,0.0,0,0,6,10,-38786.5,-17725.7,-38786.5,2152,-3501.8,1843
ql_s42,ql,42,1018,24.43,7.91,4.43,18,0.93,2091,261.7,89.8,-1.541,698,0,161.59,29.65,31.63,1.016,0.765,0.0,0,0,4,8,-39061.7,-17551.6,-39061.7,2152,-3471.7,1834
ql_s42,ql,42,1019,27.25,9.86,5.34,36,0.98,2092,265.9,91.4,-1.921,677,0,167.25,35.6,39.17,1.17,0.683,0.0,0,0,14,17,-43860.1,-21815.5,-43860.1,2152,-4322.8,1843
ql_s42,ql,42,1020,24.41,8.03,4.33,18,0.926,2088,261.2,89.7,-1.513,700,0,161.62,29.57,31.08,1.034,0.772,0.0,0,0,4,8,-38129.6,-17132.6,-38129.6,2152,-3405.3,1830
ql_s42,ql,42,1021,25.21,8.48,4.42,23,0.968,2090,263.0,90.3,-1.538,690,0,162.15,30.53,32.77,1.078,0.727,0.0,0,0,5,9,-38983.6,-17620.3,-38983.6,2152,-3483.7,1851
ql_s42,ql,42,1022,24.08,7.82,4.22,16,0.907,2091,260.5,89.5,-1.473,686,0,161.37,29.19,30.75,0.997,0.756,0.0,0,0,5,10,-37975.3,-16742.2,-37975.3,2152,-3323.8,1845
ql_s42,ql,42,1023,24.21,7.84,4.26,19,0.927,2090,261.1,89.7,-1.485,684,0,160.9,29.42,30.79,1.032,0.745,0.0,0,0,5,8,-37965.0,-16860.5,-37965.0,2152,-3344.7,1841
ql_s42,ql,42,1024,24.26,7.84,4.27,22,0.907,2093,260.8,89.6,-1.493,690,0,162.13,29.94,32.15,1.011,0.762,0.0,0,0,5,9,-38242.1,-17107.1,-38242.1,2152,-3399.8,1863
ql_s42,ql,42,1025,24.12,7.74,4.38,20,0.898,2089,260.6,89.5,-1.527,677,0,161.54,29.73,31.69,0.988,0.769,0.0,0,0,6,9,-38476.4,-17376.8,-38476.4,2152,-3436.5,1843
ql_s42,ql,42,1026,24.24,7.83,4.29,18,0.912,2094,260.8,89.6,-1.495,681,0,161.29,29.55,31.23,1.002,0.765,0.0,0,0,5,10,-38053.8,-16999.2,-38053.8,2152,-3364.8,1842
ql_s42,ql,42,1027,24.6,8.09,4.49,20,0.919,2091,261.6,89.8,-1.564,688,0,161.68,29.99,31.83,1.004,0.755,0.0,0,0,5,9,-38941.7,-17805.2,-38941.7,2152,-3519.3,1836
ql_s42,ql,42,1028,24.09,7.62,4.39,18,0.93,2092,260.9,89.5,-1.536,693,0,162.37,30.09,31.87,1.057,0.736,0.0,0,0,5,9,-38954.5,-17323.4,-38954.5,2152,-3447.2,1830
ql_s42,ql,42,1029,24.16,7.7,4.25,20,0.903,2093,260.8,89.5,-1.478,692,0,161.65,29.89,31.7,1.009,0.769,0.0,0,0,5,9,-37886.0,-16761.9,-37886.0,2152,-3315.8,1831
ql_s42,ql,42,1030,23.7,7.5,4.28,18,0.897,2095,259.5,89.1,-1.498,678,0,160.52,28.95,30.76,0.975,0.786,0.0,0,0,5,9,-37708.4,-16918.2,-37708.4,2152,-3366.4,1840
sarsa_s2042,sarsa,2042,1001,23.82,7.61,4.36,22,0.902,2092,260.0,89.3,-1.52,694,0,161.46,29.39,31.66,1.004,0.773,0.0,0,0,6,9,-38378.0,-17229.6,-38378.0,2152,-3416.5,1830
sarsa_s2042,sarsa,2042,1002,24.01,7.51,4.24,19,0.919,2094,260.6,89.4,-1.47,701,0,162.16,30.02,31.76,1.032,0.749,0.0,0,0,6,9,-38326.9,-16737.5,-38326.9,2152,-3302.3,1827
sarsa_s2042,sarsa,2042,1003,24.02,7.9,4.1,17,0.908,2091,259.8,89.3,-1.435,692,0,160.85,28.72,30.05,0.98,0.759,0.0,0,0,5,8,-37067.4,-16274.7,-37067.4,2152,-3241.1,1844
sarsa_s2042,sarsa,2042,1004,24.65,8.14,4.32,21,0.925,2090,262.0,90.0,-1.512,690,0,161.78,30.1,32.04,1.039,0.743,0.0,0,0,5,8,-38417.5,-17140.2,-38417.5,2152,-3406.0,1840
sarsa_s2042,sarsa,2042,1005,24.25,7.98,4.32,17,0.931,2086,260.9,89.6,-1.501,690,0,161.21,29.69,31.29,1.059,0.743,0.0,0,0,5,9,-38057.7,-17067.0,-38057.7,2152,-3377.6,1834
sarsa_s2042,sarsa,2042,1006,24.01,7.85,4.45,21,0.903,2092,260.3,89.4,-1.548,688,0,161.32,29.49,31.57,1.01,0.769,0.0,0,0,5,8,-38508.0,-17627.0,-38508.0,2152,-3477.9,1834
sarsa_s2042,sarsa,2042,1007,24.08,7.72,4.34,21,0.916,2093,261.0,89.6,-1.52,690,0,162.04,30.09,32.05,1.051,0.757,0.0,0,0,5,9,-38491.2,-17128.8,-38491.2,2152,-3410.4,1832
sarsa_s2042,sarsa,2042,1008,24.31,7.91,4.37,18,0.91,2094,261.7,89.8,-1.52,689,0,162.01,30.06,32.25,1.038,0.753,0.0,0,0,5,9,-38727.3,-17300.4,-38727.3,2152,-3425.7,1840
sarsa_s2042,sarsa,2042,1009,24.23,7.75,4.28,20,0.893,2092,260.8,89.6,-1.491,687,0,162.42,30.1,32.07,1.0,0.755,0.0,0,0,5,9,-38522.1,-16945.5,-38522.1,2152,-3354.4,1839
sarsa_s2042,sarsa,2042,1010,23.82,7.57,4.17,18,0.896,2091,259.6,89.1,-1.445,696,0,161.06,29.42,31.12,0.993,0.78,0.0,0,0,5,9,-37281.6,-16521.8,-37281.6,2152,-3259.0,1837
sarsa_s2042,sarsa,2042,1011,24.3,7.85,4.28,21,0.935,2091,261.0,89.6,-1.485,697,0,162.29,30.02,31.5,1.041,0.739,0.0,0,0,5,8,-38482.9,-17006.1,-38482.9,2152,-3358.3,1845
sarsa_s2042,sarsa,2042,1012,23.84,7.76,4.22,18,0.895,2092,259.4,89.2,-1.477,688,0,160.56,29.16,30.99,1.007,0.764,0.0,0,0,5,9,-37234.3,-16654.3,-37234.3,2152,-3318.3,1834
sarsa_s2042,sarsa,2042,1013,24.52,7.78,4.34,17,0.923,2093,262.0,89.9,-1.52,696,0,163.12,30.59,32.35,1.032,0.745,0.0,0,0,5,10,-39151.2,-17223.4,-39151.2,2152,-3428.3,1839
sarsa_s2042,sarsa,2042,1014,23.87,7.54,4.21,16,0.886,2090,259.9,89.3,-1.451,702,0,161.11,29.26,30.76,0.949,0.798,0.0,0,0,4,8,-37527.3,-16594.3,-37527.3,2152,-3255.4,1824
sarsa_s2042,sarsa,2042,1015,24.62,8.03,4.28,21,0.945,2091,261.9,89.9,-1.494,689,0,161.53,30.18,32.18,1.055,0.748,0.0,0,0,5,10,-38033.8,-16899.5,-38033.8,2152,-3356.5,1833
sarsa_s2042,sarsa,2042,1016,23.79,7.66,4.18,18,0.89,2094,259.7,89.2,-1.457,694,0,160.45,28.9,30.5,0.96,0.778,0.0,0,0,5,10,-37014.5,-16468.4,-37014.5,2152,-3268.8,1827
sarsa_s2042,sarsa,2042,1017,24.38,7.97,4.43,20,0.933,2092,261.6,89.8,-1.536,690,0,162.81,30.39,31.77,1.067,0.736,0.0,0,0,7,9,-38849.8,-17506.0,-38849.8,2152,-3451.0,1833
sarsa_s2042,sarsa,2042,1018,24.45,7.8,4.39,19,0.952,2095,262.2,90.0,-1.536,701,0,162.7,30.78,32.6,1.103,0.722,0.0,0,0,5,8,-39107.8,-17413.3,-39107.8,2152,-3469.1,1837
sarsa_s2042,sarsa,2042,1019,24.27,7.8,4.24,22,0.927,2093,261.3,89.7,-1.473,692,0,161.73,30.07,32.11,1.051,0.738,0.0,0,0,5,8,-37900.5,-16760.1,-37900.5,2152,-3318.3,1837
sarsa_s2042,sarsa,2042,1020,24.32,7.91,4.36,19,0.921,2088,261.4,89.8,-1.519,702,0,162.13,30.09,31.71,1.039,0.745,0.0,0,0,5,9,-38587.3,-17317.0,-38587.3,2152,-3425.9,1835
sarsa_s2042,sarsa,2042,1021,24.47,8.39,4.34,17,0.923,2092,260.6,89.6,-1.508,689,0,160.4,28.79,30.44,1.004,0.779,0.0,0,0,5,9,-37917.5,-17273.7,-37917.5,2152,-3407.2,1846
sarsa_s2042,sarsa,2042,1022,23.98,7.87,4.24,21,0.888,2091,259.8,89.3,-1.477,686,0,161.05,28.85,30.3,0.948,0.807,0.0,0,0,4,8,-37838.8,-16847.1,-37838.8,2152,-3331.9,1845
sarsa_s2042,sarsa,2042,1023,24.18,7.99,4.27,20,0.915,2095,260.8,89.6,-1.489,690,0,160.42,28.94,30.5,0.981,0.789,0.0,0,0,5,9,-37706.2,-16862.8,-37706.2,2152,-3349.7,1835
sarsa_s2042,sarsa,2042,1024,24.23,7.95,4.28,19,0.921,2092,260.7,89.6,-1.51,706,0,161.79,29.59,31.16,1.02,0.753,0.0,0,0,6,9,-37930.1,-17065.8,-37930.1,2152,-3424.0,1844
sarsa_s2042,sarsa,2042,1025,23.95,7.57,4.27,20,0.913,2089,260.4,89.4,-1.498,686,0,161.82,30.0,32.16,1.032,0.757,0.0,0,0,5,9,-38066.1,-16851.2,-38066.1,2152,-3361.1,1832
sarsa_s2042,sarsa,2042,1026,24.59,8.05,4.32,19,0.936,2090,261.8,89.9,-1.502,692,0,161.86,30.11,31.88,1.039,0.739,0.0,0,0,5,9,-38394.1,-17092.9,-38394.1,2152,-3379.0,1836
sarsa_s2042,sarsa,2042,1027,23.71,7.55,4.18,20,0.882,2093,260.0,89.3,-1.461,694,0,160.63,28.92,30.61,0.95,0.787,0.0,0,0,5,8,-37232.2,-16545.1,-37232.2,2152,-3283.0,1832
sarsa_s2042,sarsa,2042,1028,23.94,7.49,4.33,18,0.932,2093,260.8,89.5,-1.507,695,0,162.52,30.24,32.44,1.07,0.735,0.0,0,0,5,9,-38747.8,-17066.9,-38747.8,2152,-3382.7,1828
sarsa_s2042,sarsa,2042,1029,24.28,7.78,4.27,19,0.915,2093,261.3,89.7,-1.486,698,0,161.69,29.94,31.96,1.025,0.748,0.0,0,0,5,8,-38049.7,-16846.2,-38049.7,2152,-3333.6,1827
sarsa_s2042,sarsa,2042,1030,23.67,7.29,4.22,19,0.905,2091,260.0,89.3,-1.466,690,0,161.06,29.5,31.33,1.009,0.769,0.0,0,0,6,9,-37780.0,-16641.2,-37780.0,2152,-3289.8,1830
sarsa_s4042,sarsa,4042,1001,23.85,7.63,4.28,21,0.894,2091,259.7,89.2,-1.485,700,0,161.72,29.66,31.8,1.004,0.779,0.0,0,0,5,9,-38071.1,-16955.7,-38071.1,2152,-3349.5,1835
sarsa_s4042,sarsa,4042,1002,24.73,8.38,4.36,25,0.905,2092,260.8,89.7,-1.536,696,0,162.55,30.39,31.6,0.99,0.783,0.0,0,0,8,11,-38395.7,-17406.9,-38395.7,2152,-3450.9,1830
sarsa_s4042,sarsa,4042,1003,23.98,7.77,4.23,18,0.916,2092,260.6,89.5,-1.475,704,0,161.65,29.5,31.12,1.033,0.751,0.0,0,0,5,8,-37744.3,-16786.3,-37744.3,2152,-3331.3,1837
sarsa_s4042,sarsa,4042,1004,24.34,7.99,4.21,22,0.926,2093,261.3,89.8,-1.468,699,0,161.3,29.61,31.13,1.021,0.753,0.0,0,0,4,8,-37596.9,-16630.0,-37596.9,2152,-3303.0,1830
sarsa_s4042,sarsa,4042,1005,24.22,7.76,4.21,18,0.922,2085,261.4,89.7,-1.468,699,0,161.46,29.94,31.5,1.044,0.753,0.0,0,0,5,9,-37707.1,-16642.9,-37707.1,2152,-3303.3,1832
sarsa_s4042,sarsa,4042,1006,24.4,7.95,4.48,19,0.916,2090,261.3,89.7,-1.566,691,0,162.29,30.46,32.73,1.029,0.758,0.0,0,0,5,9,-38889.4,-17706.3,-38889.4,2152,-3519.8,1832
sarsa_s4042,sarsa,4042,1007,24.59,7.92,4.36,20,0.947,2091,262.3,90.0,-1.513,704,0,162.95,30.97,32.98,1.088,0.735,0.0,0,0,5,8,-38910.3,-17200.6,-38910.3,2152,-3394.1,1823
sarsa_s4042,sarsa,4042,1008,24.47,7.84,4.34,22,0.936,2094,262.1,89.9,-1.516,694,0,163.19,31.26,33.58,1.125,0.711,0.0,0,0,6,9,-38595.4,-17112.7,-38595.4,2152,-3406.3,1829
sarsa_s4042,sarsa,4042,1009,24.43,7.72,4.41,23,0.938,2091,261.6,89.8,-1.538,690,0,163.46,31.11,32.49,1.095,0.721,0.0,0,0,5,8,-39356.9,-17447.0,-39356.9,2152,-3461.2,1837
sarsa_s4042,sarsa,4042,1010,24.58,7.95,4.32,23,0.954,2093,261.8,89.9,-1.494,704,0,162.45,30.8,32.77,1.098,0.728,0.0,0,0,5,11,-38553.5,-17120.1,-38553.5,2152,-3371.6,1833
sarsa_s4042,sarsa,4042,1011,24.27,7.93,4.34,21,0.921,2091,260.8,89.6,-1.507,693,0,162.21,29.96,31.35,1.045,0.743,0.0,0,0,5,9,-38709.4,-17311.4,-38709.4,2152,-3412.3,1850
sarsa_s4042,sarsa,4042,1012,24.42,8.03,4.33,19,0.924,2093,261.1,89.7,-1.506,700,0,161.86,30.46,32.29,1.063,0.736,0.0,0,0,6,9,-38190.8,-17091.9,-38190.8,2152,-3383.0,1827
sarsa_s4042,sarsa,4042,1013,24.09,7.7,4.17,17,0.905,2095,260.6,89.5,-1.45,710,0,162.12,29.6,31.08,1.01,0.764,0.0,0,0,5,9,-37967.2,-16520.4,-37967.2,2152,-3270.3,1831
sarsa_s4042,sarsa,4042,1014,23.71,7.41,4.08,17,0.877,2089,259.7,89.2,-1.415,696,0,161.08,29.24,31.13,0.959,0.782,0.0,0,0,5,8,-37021.2,-16057.8,-37021.2,2152,-3175.8,1828
sarsa_s4042,sarsa,4042,1015,24.11,7.84,4.22,17,0.929,2089,260.3,89.4,-1.464,699,0,161.14,29.79,31.38,1.054,0.749,0.0,0,0,4,9,-37447.0,-16640.5,-37447.0,2152,-3294.2,1830
sarsa_s4042,sarsa,4042,1016,24.76,8.11,4.33,20,0.945,2094,262.2,90.0,-1.504,698,0,162.25,30.72,33.01,1.064,0.712,0.0,0,0,4,9,-38519.0,-17063.5,-38519.0,2152,-3375.0,1826
sarsa_s4042,sarsa,4042,1017,24.8,8.08,4.53,21,0.978,2091,263.1,90.3,-1.577,704,0,163.85,31.46,33.39,1.166,0.683,0.0,0,0,7,10,-39936.8,-17849.5,-39936.8,2152,-3543.4,1825
sarsa_s4042,sarsa,4042,1018,24.07,7.74,4.11,19,0.93,2096,260.5,89.5,-1.422,708,0,161.42,29.47,31.21,1.033,0.758,0.0,0,0,5,9,-37423.7,-16331.9,-37423.7,2152,-3221.4,1841
sarsa_s4042,sarsa,4042,1019,23.94,7.66,4.14,21,0.899,2093,260.5,89.5,-1.449,700,0,161.05,29.39,31.34,0.998,0.767,0.0,0,0,5,8,-37317.2,-16374.5,-37317.2,2152,-3264.6,1834
sarsa_s4042,sarsa,4042,1020,24.03,7.78,4.26,17,0.919,2092,260.4,89.5,-1.477,700,0,161.87,29.85,31.62,1.057,0.742,0.0,0,0,4,9,-37985.5,-16857.3,-37985.5,2152,-3322.2,1830
sarsa_s4042,sarsa,4042,1021,25.02,8.43,4.31,19,0.949,2086,262.5,90.2,-1.493,701,0,161.91,30.29,32.02,1.062,0.745,0.0,0,0,5,12,-38337.7,-17108.8,-38337.7,2152,-3372.3,1839
sarsa_s4042,sarsa,4042,1022,24.02,7.7,4.15,17,0.898,2094,260.2,89.4,-1.449,694,0,161.49,29.31,31.09,0.996,0.765,0.0,0,0,5,8,-37704.3,-16477.0,-37704.3,2152,-3269.0,1841
sarsa_s4042,sarsa,4042,1023,24.56,7.99,4.34,18,0.951,2092,262.5,90.1,-1.507,704,0,161.92,30.45,32.53,1.083,0.732,0.0,0,0,5,9,-38537.5,-17118.7,-38537.5,2152,-3389.7,1826
sarsa_s4042,sarsa,4042,1024,24.19,7.72,4.26,18,0.928,2093,261.1,89.6,-1.489,702,0,162.59,30.37,32.35,1.063,0.724,0.0,0,0,5,9,-38290.0,-17035.8,-38290.0,2152,-3385.8,1853
sarsa_s4042,sarsa,4042,1025,24.21,7.8,4.3,20,0.929,2090,260.7,89.5,-1.497,696,0,161.94,30.14,32.15,1.033,0.746,0.0,0,0,5,11,-38027.1,-16949.4,-38027.1,2152,-3363.8,1829
sarsa_s4042,sarsa,4042,1026,55.35,32.69,17.36,64,1.474,2055,312.7,109.0,-7.046,652,0,229.46,97.71,119.26,2.305,0.42,0.0,0,0,28,30,-117406.2,-84504.6,-119760.2,2152,-16846.0,1999
sarsa_s4042,sarsa,4042,1027,24.13,7.69,4.2,19,0.921,2092,261.1,89.7,-1.463,704,0,161.43,29.73,31.88,1.021,0.761,0.0,0,0,4,9,-37653.3,-16581.1,-37653.3,2152,-3292.5,1826
sarsa_s4042,sarsa,4042,1028,24.15,7.5,4.28,21,0.943,2091,261.8,89.8,-1.477,702,0,163.05,30.79,33.37,1.109,0.718,0.0,0,0,5,9,-38792.7,-16849.6,-38792.7,2152,-3313.7,1823
sarsa_s4042,sarsa,4042,1029,24.31,7.89,4.36,18,0.927,2092,261.1,89.7,-1.52,696,0,162.23,30.49,32.27,1.062,0.743,0.0,0,0,5,9,-38437.4,-17210.4,-38437.4,2152,-3410.7,1826
sarsa_s4042,sarsa,4042,1030,23.4,7.25,4.12,23,0.884,2091,259.4,89.1,-1.428,701,0,160.96,29.39,31.09,0.987,0.78,0.0,0,0,5,8,-36957.7,-16235.5,-36957.7,2152,-3212.9,1828
sarsa_s42,sarsa,42,1001,24.72,8.16,4.5,19,0.928,2088,261.6,89.8,-1.576,684,0,162.26,30.21,32.38,1.032,0.761,0.0,0,0,5,9,-39393.2,-17937.0,-39393.2,2152,-3554.4,1847
sarsa_s42,sarsa,42,1002,24.56,7.96,4.27,21,0.93,2090,261.6,89.8,-1.481,689,0,162.2,30.03,31.85,1.017,0.758,0.0,0,0,4,8,-38486.2,-16931.0,-38486.2,2152,-3336.0,1840
sarsa_s42,sarsa,42,1003,24.84,8.29,4.41,21,0.932,2092,261.8,89.9,-1.545,683,0,162.69,30.57,32.6,1.027,0.744,0.0,0,0,7,10,-38954.2,-17651.5,-38954.2,2152,-3498.7,1856
sarsa_s42,sarsa,42,1004,24.24,8.18,4.24,23,0.885,2092,260.3,89.5,-1.472,672,0,160.29,28.62,30.07,0.929,0.8,0.0,0,0,5,8,-37224.6,-16810.3,-37224.6,2152,-3311.4,1846
sarsa_s42,sarsa,42,1005,24.17,7.98,4.26,19,0.906,2090,260.1,89.4,-1.494,668,0,160.38,28.88,30.19,0.979,0.776,0.0,0,0,5,9,-37469.4,-16858.7,-37469.4,2152,-3356.8,1846
sarsa_s42,sarsa,42,1006,24.26,7.96,4.45,18,0.905,2089,260.9,89.6,-1.544,686,0,161.26,29.44,31.48,0.989,0.768,0.0,0,0,5,8,-38595.2,-17635.8,-38595.2,2152,-3473.5,1837
sarsa_s42,sarsa,42,1007,25.46,8.62,4.53,18,0.977,2090,263.2,90.4,-1.589,680,0,163.13,31.17,33.38,1.109,0.711,0.0,0,0,6,9,-39552.6,-17920.9,-39552.6,2152,-3566.7,1838
sarsa_s42,sarsa,42,1008,24.24,7.65,4.36,19,0.908,2090,261.6,89.8,-1.521,675,0,162.25,30.29,32.53,1.043,0.749,0.0,0,0,5,8,-38864.5,-17241.8,-38864.5,2152,-3418.2,1840
sarsa_s42,sarsa,42,1009,24.82,7.94,4.47,24,0.933,2089,262.5,90.1,-1.56,678,0,163.48,31.15,33.34,1.068,0.734,0.0,0,0,5,9,-39743.6,-17769.3,-39743.6,2152,-3515.6,1847
sarsa_s42,sarsa,42,1010,24.02,7.72,4.31,17,0.925,2093,260.4,89.4,-1.503,686,0,161.57,29.91,31.79,1.052,0.747,0.0,0,0,5,9,-38111.1,-17098.7,-38111.1,2152,-3390.7,1844
sarsa_s42,sarsa,42,1011,24.68,8.05,4.33,21,0.95,2090,261.9,89.9,-1.504,696,0,162.64,30.37,32.11,1.059,0.721,0.0,0,0,4,8,-38854.3,-17256.6,-38854.3,2152,-3407.0,1848
sarsa_s42,sarsa,42,1012,23.87,7.76,4.21,17,0.908,2092,259.6,89.2,-1.47,680,0,160.0,28.59,29.96,0.987,0.784,0.0,0,0,5,9,-37072.6,-16617.4,-37072.6,2152,-3302.1,1839
sarsa_s42,sarsa,42,1013,24.67,7.97,4.43,18,0.943,2092,261.6,89.8,-1.543,690,0,163.05,30.52,32.91,1.062,0.735,0.0,0,0,6,10,-39557.2,-17575.2,-39557.2,2152,-3475.8,1839
sarsa_s42,sarsa,42,1014,23.88,7.54,4.21,20,0.882,2090,259.9,89.3,-1.453,673,0,161.13,29.29,31.52,0.967,0.79,0.0,0,0,5,8,-37667.3,-16667.3,-37667.3,2152,-3270.4,1845
sarsa_s42,sarsa,42,1015,24.09,7.66,4.26,20,0.938,2090,261.0,89.6,-1.475,695,0,161.21,29.85,31.37,1.044,0.747,0.0,0,0,5,8,-37799.6,-16798.5,-37799.6,2152,-3317.7,1832
sarsa_s42,sarsa,42,1016,24.37,7.97,4.33,20,0.915,2092,261.6,89.8,-1.51,682,0,161.27,29.73,31.81,1.017,0.741,0.0,0,0,6,9,-38383.7,-17119.3,-38383.7,2152,-3387.7,1836
sarsa_s42,sarsa,42,1017,25.19,8.33,4.61,23,0.966,2091,263.3,90.4,-1.599,676,0,164.28,31.9,34.05,1.133,0.693,0.0,0,0,7,9,-40143.1,-18274.8,-40143.1,2152,-3592.3,1842
sarsa_s42,sarsa,42,1018,24.82,8.01,4.49,18,0.965,2088,262.7,90.1,-1.559,698,0,162.97,31.04,33.36,1.11,0.707,0.0,0,0,5,10,-39568.1,-17778.6,-39568.1,2152,-3511.8,1834
sarsa_s42,sarsa,42,1019,24.1,7.82,4.3,21,0.908,2092,260.5,89.5,-1.5,680,0,161.33,29.67,31.55,1.019,0.751,0.0,0,0,6,9,-38024.5,-16993.2,-38024.5,2152,-3375.7,1841
sarsa_s42,sarsa,42,1020,24.48,8.06,4.37,18,0.928,2089,261.3,89.8,-1.529,698,0,161.86,29.84,31.33,1.039,0.766,0.0,0,0,5,9,-38341.0,-17300.8,-38341.0,2152,-3441.0,1833
sarsa_s42,sarsa,42,1021,25.6,8.86,4.59,29,0.968,2088,263.5,90.5,-1.609,678,0,162.92,31.28,33.61,1.084,0.731,0.0,0,0,7,10,-39862.3,-18365.2,-39862.3,2152,-3644.8,1857
sarsa_s42,sarsa,42,1022,24.16,7.82,4.22,17,0.908,2092,260.5,89.5,-1.47,687,0,161.64,29.48,31.24,1.01,0.751,0.0,0,0,6,9,-38135.4,-16818.6,-38135.4,2152,-3330.7,1853
sarsa_s42,sarsa,42,1023,24.4,7.91,4.33,19,0.936,2095,261.5,89.8,-1.509,686,0,161.39,29.92,31.73,1.044,0.744,0.0,0,0,5,9,-38360.9,-17110.9,-38360.9,2152,-3391.7,1835
sarsa_s42,sarsa,42,1024,24.19,7.88,4.38,21,0.913,2091,260.8,89.6,-1.529,676,0,161.98,29.78,31.43,1.022,0.763,0.0,0,0,4,9,-38524.6,-17482.2,-38524.6,2152,-3466.8,1862
sarsa_s42,sarsa,42,1025,23.93,7.67,4.25,18,0.885,2089,259.6,89.2,-1.478,672,0,161.05,29.25,31.0,0.972,0.763,0.0,0,0,6,10,-37598.8,-16817.0,-37598.8,2152,-3321.6,1843
sarsa_s42,sarsa,42,1026,24.63,8.23,4.48,24,0.934,2093,262.1,90.0,-1.559,679,0,161.62,29.89,31.46,1.039,0.746,0.0,0,0,5,8,-38988.2,-17780.9,-38988.2,2152,-3511.5,1844
sarsa_s42,sarsa,42,1027,24.7,8.12,4.43,20,0.948,2091,262.1,90.0,-1.536,689,0,162.21,30.5,32.55,1.064,0.733,0.0,0,0,6,9,-38838.7,-17519.4,-38838.7,2152,-3451.8,1835
sarsa_s42,sarsa,42,1028,24.38,7.89,4.51,18,0.943,2094,261.2,89.7,-1.577,682,0,162.78,30.51,32.63,1.081,0.731,0.0,0,0,6,9,-39507.1,-17841.8,-39507.1,2152,-3537.8,1837
sarsa_s42,sarsa,42,1029,24.34,7.85,4.32,20,0.911,2089,261.0,89.6,-1.501,691,0,161.71,29.95,31.84,1.009,0.774,0.0,0,0,6,9,-38269.5,-17063.2,-38269.5,2152,-3368.9,1831
sarsa_s42,sarsa,42,1030,23.75,7.48,4.25,18,0.902,2093,259.6,89.1,-1.493,678,0,160.73,29.17,30.95,0.992,0.775,0.0,0,0,5,9,-37703.9,-16814.9,-37703.9,2152,-3355.8,1838
