brazo,modelo,base,semilla,timeloss_prom,espera_prom,cola_prom,cola_max,paradas_prom,throughput,co2_prom,nox_prom,recompensa_decision,cambios_fase,no_terminados,viaje_corredor_prom,retraso_corredor_prom,retraso_corredor_punta,paradas_corredor,paradas_corredor_le1,spillback_tasa,spillback_seg,spillback_eventos,cola_max_enlace,veh_max_enlace,ret_retraso,ret_colas,ret_spill,vehiculos,recompensa,decisiones
fijo,fijo,,1001,26.72,11.19,5.35,17,0.74,2502,258.3,89.4,-1.873,490,0,153.7,21.82,22.8,0.414,0.984,0.0,0,0,2,10,-44633.4,-21981.7,-44633.4,2582,-4224.7,2256
fijo,fijo,,1002,31.48,15.04,5.35,16,0.838,2504,265.3,92.2,-1.875,490,0,153.14,21.28,22.12,0.4,0.985,0.0,0,0,2,10,-44476.9,-21978.9,-44476.9,2582,-4229.3,2256
fijo,fijo,,1003,34.93,17.12,5.36,18,0.937,2503,270.3,94.1,-1.878,490,0,153.69,21.74,22.93,0.403,0.991,0.0,0,0,2,10,-44805.1,-22051.4,-44805.1,2582,-4241.6,2259
fijo,fijo,,1004,31.0,14.62,5.26,17,0.851,2503,264.8,92.0,-1.84,490,0,152.58,21.16,22.19,0.4,0.992,0.0,0,0,2,10,-43735.0,-21624.2,-43735.0,2582,-4157.3,2259
fijo,fijo,,1005,29.89,13.64,5.35,16,0.801,2504,263.2,91.3,-1.868,490,0,153.25,21.5,22.49,0.39,0.99,0.0,0,0,2,10,-44461.3,-21980.9,-44461.3,2582,-4215.2,2256
fijo,fijo,,1006,29.88,13.64,5.34,16,0.826,2504,263.0,91.3,-1.875,488,0,153.23,21.35,22.21,0.405,0.991,0.0,0,0,2,10,-44147.3,-21881.5,-44147.3,2582,-4219.7,2250
fijo,fijo,,1007,32.67,15.52,5.37,17,0.899,2503,267.3,92.9,-1.879,490,0,154.34,22.33,23.26,0.441,0.987,0.0,0,0,2,9,-44771.4,-22036.2,-44771.4,2582,-4239.6,2256
fijo,fijo,,1008,28.26,12.55,5.4,17,0.756,2504,260.7,90.3,-1.89,488,0,153.75,21.65,22.51,0.41,0.991,0.0,0,0,2,10,-44884.2,-22163.9,-44884.2,2582,-4257.3,2253
fijo,fijo,,1009,25.77,10.36,5.35,16,0.697,2504,256.9,88.8,-1.873,488,0,154.25,22.01,23.03,0.399,0.986,0.0,0,0,3,10,-44826.7,-21908.2,-44826.7,2582,-4215.0,2250
fijo,fijo,,1010,28.07,12.28,5.4,17,0.765,2503,260.4,90.2,-1.89,488,0,153.59,21.77,22.72,0.413,0.988,0.0,0,0,3,10,-44706.4,-22117.5,-44706.4,2582,-4258.5,2253
fijo,fijo,,1011,33.79,16.37,5.34,16,0.912,2504,268.7,93.5,-1.864,488,0,153.76,21.52,22.45,0.403,0.991,0.0,0,0,2,10,-44327.1,-21855.5,-44327.1,2582,-4194.9,2250
fijo,fijo,,1012,33.73,16.51,5.4,17,0.904,2506,268.9,93.5,-1.886,490,0,153.08,21.72,22.65,0.409,0.988,0.0,0,0,3,11,-44517.7,-22190.3,-44517.7,2582,-4260.6,2259
fijo,fijo,,1013,27.89,11.91,5.25,17,0.746,2504,260.4,90.1,-1.832,490,0,154.47,22.25,23.73,0.408,0.992,0.0,0,0,3,10,-44709.2,-21521.1,-44709.2,2582,-4134.0,2256
fijo,fijo,,1014,27.24,11.68,5.36,16,0.742,2502,259.2,89.8,-1.879,490,0,153.39,21.62,22.54,0.397,0.985,0.0,0,0,2,9,-44336.3,-22015.6,-44336.3,2582,-4239.3,2256
fijo,fijo,,1015,33.35,16.45,5.42,16,0.841,2505,268.2,93.3,-1.892,490,0,153.37,21.76,22.84,0.409,0.987,0.0,0,0,2,10,-44612.4,-22252.4,-44612.4,2582,-4274.5,2259
fijo,fijo,,1016,33.45,16.31,5.35,17,0.906,2502,268.0,93.2,-1.871,490,0,152.76,21.17,22.27,0.391,0.993,0.0,0,0,2,10,-44380.9,-21994.7,-44380.9,2582,-4222.1,2256
fijo,fijo,,1017,27.18,11.73,5.27,16,0.748,2505,258.9,89.6,-1.839,494,0,154.17,21.7,22.44,0.396,0.988,0.0,0,0,2,10,-44386.7,-21810.2,-44386.7,2582,-4188.1,2277
fijo,fijo,,1018,31.61,14.84,5.29,17,0.847,2502,266.1,92.4,-1.844,494,0,154.15,22.18,23.2,0.405,0.989,0.0,0,0,2,10,-44659.1,-21946.4,-44659.1,2582,-4204.1,2280
fijo,fijo,,1019,30.04,13.65,5.39,16,0.803,2501,263.8,91.5,-1.886,488,0,154.38,22.55,23.62,0.44,0.984,0.0,0,0,2,11,-44976.7,-22096.0,-44976.7,2582,-4250.1,2253
fijo,fijo,,1020,27.2,11.5,5.26,17,0.745,2501,259.2,89.8,-1.835,490,0,153.73,21.78,23.02,0.405,0.993,0.0,0,0,2,10,-44180.8,-21584.1,-44180.8,2582,-4134.4,2253
fijo,fijo,,1021,32.23,15.36,5.42,18,0.869,2506,266.7,92.7,-1.895,488,0,152.92,21.49,22.48,0.399,0.991,0.0,0,0,2,10,-44507.7,-22216.1,-44507.7,2582,-4269.1,2253
fijo,fijo,,1022,32.29,15.26,5.34,16,0.878,2505,266.5,92.6,-1.859,488,0,153.64,21.57,22.76,0.396,0.994,0.0,0,0,2,10,-44635.9,-21872.5,-44635.9,2582,-4187.8,2253
fijo,fijo,,1023,32.41,15.53,5.4,16,0.852,2501,266.9,92.8,-1.886,490,0,153.39,21.63,22.45,0.404,0.987,0.0,0,0,3,10,-44673.1,-22147.2,-44673.1,2582,-4249.7,2253
fijo,fijo,,1024,31.47,14.75,5.34,16,0.86,2507,265.3,92.2,-1.857,488,0,153.51,21.45,22.51,0.39,0.99,0.0,0,0,2,10,-44347.0,-21898.6,-44347.0,2582,-4179.1,2250
fijo,fijo,,1025,28.65,12.61,5.36,18,0.798,2504,261.4,90.6,-1.872,488,0,153.49,21.79,22.94,0.406,0.993,0.0,0,0,2,10,-44272.8,-21973.0,-44272.8,2582,-4218.4,2253
fijo,fijo,,1026,29.72,13.61,5.23,16,0.79,2504,262.7,91.1,-1.826,488,0,153.14,21.61,22.5,0.395,0.989,0.0,0,0,2,9,-43711.9,-21416.4,-43711.9,2582,-4114.5,2253
fijo,fijo,,1027,28.51,12.64,5.32,16,0.77,2502,261.0,90.5,-1.856,488,0,153.51,21.85,23.09,0.41,0.989,0.0,0,0,2,10,-44167.3,-21784.7,-44167.3,2582,-4176.3,2250
fijo,fijo,,1028,25.98,10.5,5.32,15,0.719,2505,257.3,89.0,-1.856,490,0,154.21,22.2,23.37,0.422,0.983,0.0,0,0,2,10,-44724.1,-21828.7,-44724.1,2582,-4186.1,2256
fijo,fijo,,1029,27.94,12.28,5.36,18,0.75,2502,259.7,90.0,-1.86,488,0,153.73,21.84,22.89,0.421,0.991,0.0,0,0,2,10,-44532.3,-21959.8,-44532.3,2582,-4191.5,2253
fijo,fijo,,1030,28.2,12.5,5.34,16,0.761,2505,260.8,90.4,-1.86,488,0,153.27,21.68,22.78,0.415,0.985,0.0,0,0,2,9,-44182.7,-21858.7,-44182.7,2582,-4190.5,2253
actuado,actuado,,1001,26.36,8.65,4.01,22,0.952,2506,265.4,91.1,-1.322,747,0,163.75,31.86,33.21,1.151,0.674,0.0,0,0,5,11,-42849.0,-15749.8,-42849.0,2582,-2979.3,2253
actuado,actuado,,1002,31.92,12.89,3.67,19,1.06,2510,273.0,94.1,-1.201,749,0,161.85,30.02,30.11,1.029,0.719,0.0,0,0,5,10,-40884.7,-14431.5,-40884.7,2582,-2708.4,2256
actuado,actuado,,1003,33.05,13.64,3.82,19,1.106,2505,274.8,94.8,-1.256,743,0,162.35,30.39,30.8,1.062,0.704,0.0,0,0,5,10,-41737.7,-15095.0,-41737.7,2582,-2844.8,2265
actuado,actuado,,1004,30.75,12.13,3.8,18,1.088,2505,272.0,93.7,-1.245,761,0,162.42,31.01,31.92,1.152,0.656,0.0,0,0,6,11,-41505.3,-14979.8,-41505.3,2582,-2815.8,2262
actuado,actuado,,1005,30.74,11.79,4.09,20,1.104,2504,272.6,93.8,-1.344,756,0,164.83,33.07,34.72,1.264,0.605,0.0,0,0,5,9,-44105.0,-16068.5,-44105.0,2582,-3031.4,2256
actuado,actuado,,1006,31.27,12.57,3.74,19,1.029,2511,271.6,93.7,-1.24,741,0,161.7,29.82,29.1,1.008,0.735,0.0,0,0,5,10,-40723.8,-14694.0,-40723.8,2582,-2790.2,2250
actuado,actuado,,1007,30.72,12.03,3.93,18,1.065,2508,271.8,93.6,-1.284,744,0,163.72,31.7,32.36,1.148,0.672,0.0,0,0,5,9,-42600.4,-15463.6,-42600.4,2582,-2895.7,2256
actuado,actuado,,1008,27.54,9.91,3.73,21,0.93,2510,266.0,91.5,-1.234,739,0,162.04,29.94,29.35,0.996,0.743,0.0,0,0,6,11,-40938.1,-14673.0,-40938.1,2582,-2783.2,2256
actuado,actuado,,1009,25.99,8.36,3.77,19,0.915,2511,265.2,91.0,-1.244,755,0,163.33,31.1,31.47,1.074,0.699,0.0,0,0,5,10,-42007.8,-14829.3,-42007.8,2582,-2811.1,2259
actuado,actuado,,1010,30.73,11.8,3.78,21,1.072,2510,272.3,93.7,-1.243,762,0,163.26,31.42,31.88,1.142,0.651,0.0,0,0,6,9,-41815.6,-14883.3,-41815.6,2582,-2811.5,2262
actuado,actuado,,1011,33.57,14.12,3.95,28,1.128,2511,274.9,94.9,-1.314,735,0,162.63,30.43,30.54,1.073,0.695,0.0,0,0,5,10,-42098.2,-15498.0,-42098.2,2582,-2951.9,2247
actuado,actuado,,1012,32.39,13.58,3.84,18,1.043,2506,273.3,94.3,-1.257,738,0,161.89,30.52,30.6,1.041,0.716,0.0,0,0,5,9,-41098.2,-15124.9,-41098.2,2582,-2835.2,2256
actuado,actuado,,1013,28.96,10.59,3.97,19,0.999,2502,268.5,92.3,-1.3,739,0,164.28,32.05,32.97,1.116,0.693,0.0,0,0,6,11,-42922.0,-15637.2,-42922.0,2582,-2935.8,2259
actuado,actuado,,1014,28.32,10.29,4.01,19,1.007,2505,267.9,92.1,-1.317,752,0,163.86,32.13,33.4,1.194,0.648,0.0,0,0,5,10,-42868.0,-15766.8,-42868.0,2582,-2975.5,2259
actuado,actuado,,1015,30.91,12.72,3.79,18,0.982,2506,270.7,93.4,-1.257,742,0,161.3,29.68,29.25,0.981,0.743,0.0,0,0,5,10,-40544.9,-14941.0,-40544.9,2582,-2842.7,2262
actuado,actuado,,1016,35.12,15.04,4.01,25,1.174,2510,279.0,96.3,-1.32,756,0,163.98,32.4,33.96,1.188,0.635,0.0,0,0,5,12,-43244.5,-15800.5,-43244.5,2582,-2985.2,2262
actuado,actuado,,1017,27.3,9.73,3.95,17,0.977,2511,265.5,91.3,-1.306,743,0,163.38,30.92,30.99,1.096,0.7,0.0,0,0,5,11,-42161.3,-15707.4,-42161.3,2582,-2978.4,2280
actuado,actuado,,1018,30.34,11.77,3.73,18,1.056,2507,271.0,93.3,-1.207,754,0,162.6,30.63,31.05,1.07,0.687,0.0,0,0,4,8,-41386.4,-14765.2,-41386.4,2582,-2744.7,2274
actuado,actuado,,1019,30.85,12.13,4.09,22,1.056,2508,272.0,93.7,-1.359,746,0,163.9,32.1,33.55,1.145,0.681,0.0,0,0,6,10,-43358.8,-16070.6,-43358.8,2582,-3061.3,2253
actuado,actuado,,1020,26.69,8.92,3.76,19,0.954,2508,266.1,91.3,-1.248,755,0,163.76,31.78,31.63,1.163,0.648,0.0,0,0,6,9,-41803.9,-14706.8,-41803.9,2582,-2807.9,2250
actuado,actuado,,1021,31.45,12.73,3.67,19,1.049,2509,271.8,93.7,-1.212,741,0,161.54,30.14,30.85,1.056,0.695,0.0,0,0,5,10,-40557.1,-14380.9,-40557.1,2582,-2731.4,2253
actuado,actuado,,1022,31.67,12.49,4.07,21,1.105,2511,273.3,94.1,-1.344,746,0,164.12,32.04,33.71,1.165,0.652,0.0,0,0,6,10,-43583.1,-16013.4,-43583.1,2582,-3027.0,2253
actuado,actuado,,1023,32.87,13.81,3.81,16,1.054,2506,274.2,94.6,-1.253,733,0,162.26,30.49,30.47,1.034,0.726,0.0,0,0,6,10,-41483.8,-15063.9,-41483.8,2582,-2829.4,2259
actuado,actuado,,1024,31.33,12.39,3.78,19,1.07,2509,272.2,93.8,-1.242,746,0,163.21,31.15,31.46,1.098,0.692,0.0,0,0,6,10,-41594.1,-14845.2,-41594.1,2582,-2806.5,2259
actuado,actuado,,1025,30.6,11.83,3.96,20,1.06,2511,271.6,93.5,-1.292,752,0,163.33,31.64,32.67,1.115,0.669,0.0,0,0,5,11,-42542.0,-15630.3,-42542.0,2582,-2921.7,2262
actuado,actuado,,1026,28.35,10.37,3.82,19,0.977,2507,268.1,92.2,-1.256,758,0,162.73,31.2,31.7,1.11,0.677,0.0,0,0,6,10,-41813.1,-14990.8,-41813.1,2582,-2830.7,2253
actuado,actuado,,1027,30.39,11.54,3.9,18,1.091,2505,271.8,93.5,-1.27,753,0,163.86,32.21,33.36,1.194,0.628,0.0,0,0,5,10,-42688.6,-15283.4,-42688.6,2582,-2864.1,2256
actuado,actuado,,1028,25.69,8.48,3.78,21,0.89,2505,263.1,90.4,-1.258,738,0,162.17,30.16,30.19,1.013,0.738,0.0,0,0,5,10,-41067.9,-14904.2,-41067.9,2582,-2838.9,2256
actuado,actuado,,1029,27.82,9.9,3.87,19,0.96,2508,266.5,91.6,-1.273,737,0,162.08,30.21,30.49,1.006,0.714,0.0,0,0,6,11,-41528.9,-15289.6,-41528.9,2582,-2872.9,2256
actuado,actuado,,1030,27.45,9.8,3.75,20,0.94,2513,266.7,91.7,-1.229,751,0,162.09,30.49,30.73,1.049,0.706,0.0,0,0,5,10,-41065.0,-14710.0,-41065.0,2582,-2769.5,2253
dqn_s2042,dqn,2042,1001,25.61,9.63,4.25,15,0.783,2510,258.4,89.2,-1.417,595,0,157.53,25.65,26.0,0.652,0.93,0.0,0,0,3,10,-39857.91,-16963.06,-39857.91,2582,-3192.5,1901
dqn_s2042,dqn,2042,1002,29.45,12.75,4.44,16,0.861,2509,264.4,91.5,-1.487,600,0,157.11,25.26,25.56,0.638,0.937,0.0,0,0,3,10,-40764.02,-17742.97,-40764.02,2582,-3349.5,1897
dqn_s2042,dqn,2042,1003,33.76,15.45,4.18,17,0.991,2512,270.2,93.8,-1.404,606,0,157.2,25.25,25.08,0.652,0.932,0.0,0,0,4,10,-39687.78,-16789.04,-39687.78,2582,-3185.3,1906
dqn_s2042,dqn,2042,1004,29.37,12.71,4.18,16,0.88,2512,263.6,91.3,-1.396,599,0,155.79,24.39,24.54,0.624,0.934,0.0,0,0,3,9,-39021.45,-16743.46,-39021.45,2582,-3153.7,1902
dqn_s2042,dqn,2042,1005,28.76,12.24,4.25,16,0.833,2510,262.7,91.0,-1.424,592,0,156.39,24.64,24.61,0.616,0.94,0.0,0,0,3,9,-39725.85,-16968.91,-39725.85,2582,-3203.0,1899
dqn_s2042,dqn,2042,1006,28.45,12.01,4.23,16,0.851,2513,261.9,90.7,-1.416,589,0,156.65,24.76,25.17,0.618,0.959,0.0,0,0,3,10,-39333.01,-16838.2,-39333.01,2582,-3186.7,1898
dqn_s2042,dqn,2042,1007,33.54,15.31,4.41,16,1.009,2507,270.5,93.8,-1.477,598,0,157.52,25.51,25.51,0.656,0.943,0.0,0,0,3,9,-41238.47,-17681.47,-41238.47,2582,-3337.3,1902
dqn_s2042,dqn,2042,1008,26.93,10.97,4.32,16,0.788,2510,259.3,89.7,-1.45,580,0,156.68,24.59,24.82,0.591,0.947,0.0,0,0,3,9,-40080.35,-17261.22,-40080.35,2582,-3267.2,1907
dqn_s2042,dqn,2042,1009,23.79,8.28,4.38,17,0.719,2512,255.3,88.0,-1.478,584,0,157.3,25.05,25.64,0.629,0.941,0.0,0,0,3,9,-40738.95,-17527.79,-40738.95,2582,-3325.2,1904
dqn_s2042,dqn,2042,1010,27.81,11.44,4.28,18,0.813,2511,261.5,90.5,-1.432,600,0,156.91,25.08,25.0,0.643,0.937,0.0,0,0,3,9,-39795.9,-17056.9,-39795.9,2582,-3223.0,1894
dqn_s2042,dqn,2042,1011,32.88,14.97,4.37,16,0.962,2508,269.3,93.4,-1.459,607,0,157.77,25.54,25.46,0.659,0.92,0.0,0,0,4,10,-40655.12,-17464.81,-40655.12,2582,-3287.0,1890
dqn_s2042,dqn,2042,1012,34.08,16.3,4.33,17,0.939,2511,270.2,93.9,-1.447,592,0,155.99,24.62,24.54,0.629,0.938,0.0,0,0,3,9,-39876.15,-17350.45,-39876.15,2582,-3268.8,1907
dqn_s2042,dqn,2042,1013,26.69,10.54,4.39,15,0.801,2510,259.8,89.7,-1.474,584,0,157.7,25.46,25.83,0.627,0.935,0.0,0,0,4,10,-41005.84,-17574.62,-41005.84,2582,-3320.5,1907
dqn_s2042,dqn,2042,1014,26.17,10.35,4.25,16,0.769,2507,258.7,89.4,-1.412,599,0,157.16,25.4,25.66,0.627,0.941,0.0,0,0,4,9,-39722.1,-16992.1,-39722.1,2582,-3184.6,1900
dqn_s2042,dqn,2042,1015,30.52,13.42,4.22,15,0.878,2508,265.4,92.0,-1.421,601,0,156.92,25.27,25.75,0.636,0.935,0.0,0,0,4,10,-39753.82,-16947.52,-39753.82,2582,-3219.5,1908
dqn_s2042,dqn,2042,1016,33.6,15.6,4.31,18,0.959,2504,270.7,93.9,-1.445,622,0,156.91,25.3,25.09,0.656,0.922,0.0,0,0,3,10,-40340.48,-17222.44,-40340.48,2582,-3254.9,1882
dqn_s2042,dqn,2042,1017,25.29,9.6,4.34,17,0.763,2511,257.9,89.0,-1.465,596,0,157.72,25.28,25.46,0.647,0.936,0.0,0,0,3,10,-40641.91,-17493.22,-40641.91,2582,-3335.5,1922
dqn_s2042,dqn,2042,1018,30.62,13.38,4.33,16,0.917,2509,266.0,92.1,-1.443,601,0,157.59,25.62,26.07,0.673,0.918,0.0,0,0,4,11,-40697.05,-17452.53,-40697.05,2582,-3276.9,1914
dqn_s2042,dqn,2042,1019,29.1,12.46,4.34,15,0.831,2508,263.3,91.1,-1.457,579,0,157.1,25.27,25.68,0.636,0.938,0.0,0,0,3,9,-40141.92,-17304.98,-40141.92,2582,-3277.3,1906
dqn_s2042,dqn,2042,1020,26.99,10.75,4.38,15,0.785,2510,260.0,89.9,-1.461,582,0,157.3,25.33,25.91,0.631,0.951,0.0,0,0,4,10,-40487.16,-17533.39,-40487.16,2582,-3296.0,1909
dqn_s2042,dqn,2042,1021,30.64,13.68,4.33,15,0.889,2512,265.0,91.9,-1.45,578,0,155.77,24.34,24.58,0.603,0.962,0.0,0,0,3,9,-39590.01,-17349.43,-39590.01,2582,-3272.2,1913
dqn_s2042,dqn,2042,1022,31.54,14.2,4.49,16,0.938,2510,267.0,92.6,-1.505,596,0,156.92,24.82,24.86,0.643,0.944,0.0,0,0,3,10,-41067.82,-17995.72,-41067.82,2582,-3395.6,1902
dqn_s2042,dqn,2042,1023,30.41,13.35,4.38,15,0.914,2507,265.5,92.0,-1.465,603,0,156.96,25.19,24.91,0.674,0.925,0.0,0,0,4,9,-40570.52,-17513.13,-40570.52,2582,-3305.9,1896
dqn_s2042,dqn,2042,1024,31.28,13.95,4.37,16,0.916,2511,266.4,92.4,-1.46,600,0,157.18,25.12,25.18,0.642,0.935,0.0,0,0,3,10,-40419.11,-17467.08,-40419.11,2582,-3290.1,1896
dqn_s2042,dqn,2042,1025,27.02,10.83,4.31,16,0.833,2511,260.0,89.9,-1.444,586,0,156.38,24.69,25.21,0.617,0.945,0.0,0,0,3,9,-39841.59,-17250.41,-39841.59,2582,-3256.8,1907
dqn_s2042,dqn,2042,1026,27.8,11.44,4.41,17,0.822,2512,261.5,90.4,-1.49,585,0,156.72,25.21,25.67,0.639,0.935,0.0,0,0,3,11,-40534.0,-17694.53,-40534.0,2582,-3362.4,1910
dqn_s2042,dqn,2042,1027,27.6,11.35,4.45,17,0.828,2507,261.7,90.5,-1.493,606,0,156.98,25.32,25.38,0.659,0.932,0.0,0,0,2,10,-40876.88,-17810.68,-40876.88,2582,-3363.9,1891
dqn_s2042,dqn,2042,1028,26.01,9.85,4.43,18,0.785,2512,258.7,89.3,-1.494,595,0,158.04,26.02,26.39,0.669,0.935,0.0,0,0,4,9,-41091.09,-17773.67,-41091.09,2582,-3369.8,1902
dqn_s2042,dqn,2042,1029,27.22,10.93,4.28,16,0.802,2509,260.4,90.0,-1.424,599,0,157.39,25.53,25.77,0.655,0.925,0.0,0,0,5,11,-39844.44,-17022.46,-39844.44,2582,-3200.3,1892
dqn_s2042,dqn,2042,1030,25.76,9.91,4.17,15,0.75,2507,258.7,89.4,-1.39,604,0,156.53,24.93,25.04,0.628,0.933,0.0,0,0,3,10,-39310.86,-16633.59,-39310.86,2582,-3128.3,1891
dqn_s4042,dqn,4042,1001,24.8,9.1,4.26,15,0.751,2510,257.4,88.8,-1.414,591,0,156.9,25.02,25.33,0.626,0.931,0.0,0,0,3,9,-40008.93,-16999.81,-40008.93,2582,-3176.4,1896
dqn_s4042,dqn,4042,1002,29.02,12.0,4.15,15,0.84,2512,264.9,91.6,-1.392,613,0,157.76,25.93,25.94,0.651,0.909,0.0,0,0,3,10,-40540.45,-16757.56,-40540.45,2582,-3165.3,1911
dqn_s4042,dqn,4042,1003,35.18,16.61,4.25,19,1.016,2509,272.7,94.8,-1.414,593,0,156.92,24.97,24.52,0.642,0.917,0.0,0,0,3,10,-40370.11,-17117.97,-40370.11,2582,-3210.6,1918
dqn_s4042,dqn,4042,1004,29.44,12.69,4.28,15,0.864,2512,264.3,91.5,-1.44,578,0,156.43,25.0,25.09,0.618,0.921,0.0,0,0,3,10,-40173.75,-17432.24,-40173.75,2582,-3295.3,1944
dqn_s4042,dqn,4042,1005,28.71,12.05,4.33,15,0.829,2510,263.5,91.2,-1.447,565,0,156.38,24.65,24.8,0.602,0.929,0.0,0,0,3,11,-40550.04,-17319.5,-40550.04,2582,-3255.9,1915
dqn_s4042,dqn,4042,1006,30.05,12.93,4.46,17,0.895,2512,265.2,91.8,-1.5,580,0,157.19,25.3,25.45,0.641,0.931,0.0,0,0,3,10,-40997.54,-17849.43,-40997.54,2582,-3374.8,1906
dqn_s4042,dqn,4042,1007,29.73,12.63,4.3,17,0.888,2510,265.0,91.7,-1.437,574,0,157.05,25.03,24.84,0.613,0.902,0.0,0,0,4,9,-40587.2,-17232.02,-40587.2,2582,-3241.1,1916
dqn_s4042,dqn,4042,1008,27.97,11.29,4.16,16,0.83,2510,263.1,90.9,-1.393,595,0,157.38,25.31,25.38,0.631,0.914,0.0,0,0,6,9,-40582.83,-16702.28,-40582.83,2582,-3150.9,1908
dqn_s4042,dqn,4042,1009,24.08,8.34,4.26,15,0.718,2510,256.4,88.4,-1.429,576,0,157.76,25.51,25.32,0.609,0.924,0.0,0,0,3,10,-40466.71,-17136.79,-40466.71,2582,-3231.8,1919
dqn_s4042,dqn,4042,1010,28.3,11.75,4.21,15,0.82,2507,262.8,90.9,-1.403,574,0,156.76,24.92,25.09,0.605,0.924,0.0,0,0,3,11,-39960.4,-16869.53,-39960.4,2582,-3165.6,1915
dqn_s4042,dqn,4042,1011,31.4,13.54,4.27,15,0.925,2511,267.9,92.7,-1.432,596,0,157.69,25.47,25.21,0.618,0.915,0.0,0,0,3,11,-40841.93,-17099.34,-40841.93,2582,-3226.9,1900
dqn_s4042,dqn,4042,1012,33.27,15.17,4.36,21,0.946,2508,271.0,94.0,-1.451,594,0,157.2,25.84,25.97,0.658,0.916,0.0,0,0,3,10,-40887.28,-17480.77,-40887.28,2582,-3272.6,1903
dqn_s4042,dqn,4042,1013,27.22,10.76,4.32,15,0.79,2511,261.4,90.2,-1.45,572,0,157.82,25.6,25.54,0.605,0.933,0.0,0,0,3,9,-41171.58,-17307.98,-41171.58,2582,-3262.3,1911
dqn_s4042,dqn,4042,1014,26.55,10.25,4.21,17,0.794,2512,260.3,89.9,-1.408,601,0,157.72,25.98,26.33,0.661,0.915,0.0,0,0,3,10,-40255.6,-16902.38,-40255.6,2582,-3184.1,1906
dqn_s4042,dqn,4042,1015,31.96,14.35,4.37,19,0.922,2512,268.7,93.1,-1.467,592,0,156.7,25.09,25.0,0.631,0.921,0.0,0,0,3,10,-40696.54,-17483.63,-40696.54,2582,-3305.2,1901
dqn_s4042,dqn,4042,1016,31.94,14.32,4.34,17,0.933,2506,268.3,93.0,-1.462,602,0,156.81,25.22,25.11,0.648,0.928,0.0,0,0,3,10,-40697.43,-17426.23,-40697.43,2582,-3302.1,1900
dqn_s4042,dqn,4042,1017,24.51,8.78,4.34,17,0.728,2512,257.7,88.8,-1.46,585,0,157.99,25.52,25.36,0.639,0.911,0.0,0,0,3,10,-41527.41,-17739.97,-41527.41,2582,-3354.0,1950
dqn_s4042,dqn,4042,1018,30.15,12.75,4.25,16,0.898,2511,266.7,92.2,-1.414,600,0,157.88,25.91,26.15,0.664,0.906,0.0,0,0,3,10,-41234.29,-17288.68,-41234.29,2582,-3241.9,1933
dqn_s4042,dqn,4042,1019,27.0,10.7,4.35,18,0.795,2510,261.1,90.2,-1.465,588,0,157.5,25.67,25.61,0.649,0.905,0.0,0,0,3,9,-40966.24,-17399.77,-40966.24,2582,-3295.1,1899
dqn_s4042,dqn,4042,1020,27.22,10.81,4.23,16,0.819,2506,261.3,90.3,-1.417,603,0,157.37,25.41,25.55,0.661,0.909,0.0,0,0,3,9,-40037.62,-16883.06,-40037.62,2582,-3191.9,1893
dqn_s4042,dqn,4042,1021,29.04,12.22,4.21,15,0.863,2506,264.3,91.4,-1.418,595,0,156.31,24.91,24.94,0.627,0.911,0.0,0,0,3,9,-39755.34,-16839.22,-39755.34,2582,-3190.9,1897
dqn_s4042,dqn,4042,1022,33.26,14.94,4.19,16,0.972,2512,270.9,93.9,-1.401,628,0,157.79,25.74,25.79,0.668,0.895,0.0,0,0,3,10,-40543.8,-16728.94,-40543.8,2582,-3151.7,1875
dqn_s4042,dqn,4042,1023,32.79,14.79,4.21,17,0.942,2505,269.8,93.6,-1.409,607,0,157.39,25.62,25.21,0.66,0.909,0.0,0,0,3,9,-40291.43,-16834.29,-40291.43,2582,-3171.0,1890
dqn_s4042,dqn,4042,1024,30.76,13.41,4.49,15,0.906,2511,266.8,92.3,-1.517,576,0,157.65,25.58,26.11,0.64,0.929,0.0,0,0,3,9,-41390.67,-17993.6,-41390.67,2582,-3418.2,1912
dqn_s4042,dqn,4042,1025,27.87,11.28,4.42,17,0.851,2508,262.6,90.8,-1.482,596,0,156.95,25.28,24.89,0.665,0.915,0.0,0,0,2,9,-40899.09,-17681.43,-40899.09,2582,-3335.5,1895
dqn_s4042,dqn,4042,1026,29.53,12.59,4.33,16,0.838,2510,265.1,91.7,-1.455,584,0,157.26,25.72,25.52,0.637,0.915,0.0,0,0,2,10,-40678.95,-17280.16,-40678.95,2582,-3272.8,1902
dqn_s4042,dqn,4042,1027,29.19,12.24,4.24,17,0.864,2507,265.0,91.6,-1.422,612,0,157.04,25.39,25.2,0.661,0.896,0.0,0,0,3,9,-40478.73,-16953.42,-40478.73,2582,-3199.8,1885
dqn_s4042,dqn,4042,1028,25.67,9.54,4.26,16,0.784,2508,259.4,89.4,-1.428,589,0,158.06,26.07,26.33,0.678,0.9,0.0,0,0,4,10,-41167.14,-17158.49,-41167.14,2582,-3238.6,1916
dqn_s4042,dqn,4042,1029,26.82,10.5,4.31,15,0.791,2510,260.7,90.1,-1.456,570,0,156.74,24.86,25.13,0.606,0.929,0.0,0,0,2,10,-40681.05,-17221.18,-40681.05,2582,-3271.6,1909
dqn_s4042,dqn,4042,1030,27.64,11.17,4.07,16,0.811,2506,262.7,90.8,-1.347,611,0,157.27,25.65,25.41,0.66,0.909,0.0,0,0,3,9,-39569.61,-16292.17,-39569.61,2582,-3042.4,1897
dqn_s42,dqn,42,1001,25.03,8.96,4.44,16,0.74,2507,258.1,89.0,-1.489,586,0,158.21,26.34,26.69,0.646,0.931,0.0,0,0,4,11,-41454.8,-17982.49,-41454.8,2582,-3387.1,1924
dqn_s42,dqn,42,1002,29.33,12.39,4.49,17,0.851,2511,264.5,91.5,-1.518,590,0,157.93,26.08,26.52,0.677,0.927,0.0,0,0,5,9,-41696.74,-17975.75,-41696.74,2582,-3415.0,1898
dqn_s42,dqn,42,1003,34.56,16.27,4.5,16,0.979,2513,271.7,94.4,-1.52,581,0,157.11,25.19,25.24,0.647,0.937,0.0,0,0,5,10,-41382.02,-18096.25,-41382.02,2582,-3434.7,1912
dqn_s42,dqn,42,1004,27.64,11.33,4.34,15,0.83,2510,261.3,90.4,-1.455,596,0,156.14,24.75,24.9,0.605,0.944,0.0,0,0,4,9,-40055.12,-17504.68,-40055.12,2582,-3300.5,1915
dqn_s42,dqn,42,1005,29.38,12.49,4.5,18,0.862,2510,264.4,91.5,-1.52,589,0,157.6,25.86,26.44,0.673,0.91,0.0,0,0,5,10,-41578.01,-18030.16,-41578.01,2582,-3423.7,1901
dqn_s42,dqn,42,1006,26.96,10.64,4.3,19,0.821,2514,260.9,90.1,-1.44,607,0,157.48,25.59,25.73,0.675,0.916,0.0,0,0,3,10,-40380.15,-17204.89,-40380.15,2582,-3243.7,1892
dqn_s42,dqn,42,1007,30.15,12.92,4.29,15,0.873,2510,265.6,91.9,-1.438,599,0,158.0,25.99,26.17,0.638,0.935,0.0,0,0,4,10,-40677.64,-17206.51,-40677.64,2582,-3248.1,1901
dqn_s42,dqn,42,1008,26.93,10.68,4.42,16,0.797,2508,261.4,90.2,-1.492,612,0,157.73,25.64,25.75,0.668,0.918,0.0,0,0,3,11,-41521.76,-17769.12,-41521.76,2582,-3374.0,1898
dqn_s42,dqn,42,1009,25.7,9.55,4.62,17,0.77,2513,259.5,89.5,-1.564,588,0,158.7,26.45,26.95,0.677,0.908,0.0,0,0,6,10,-42381.17,-18517.95,-42381.17,2582,-3522.6,1903
dqn_s42,dqn,42,1010,29.36,12.5,4.57,17,0.863,2508,264.6,91.6,-1.535,588,0,156.91,25.08,25.5,0.63,0.933,0.0,0,0,3,10,-41569.3,-18387.1,-41569.3,2582,-3468.5,1908
dqn_s42,dqn,42,1011,33.69,15.6,4.49,17,0.956,2508,271.0,94.0,-1.526,594,0,158.02,25.79,26.03,0.651,0.926,0.0,0,0,4,10,-41583.21,-18024.98,-41583.21,2582,-3441.8,1902
dqn_s42,dqn,42,1012,32.46,14.56,4.46,15,0.945,2508,269.9,93.5,-1.495,609,0,157.6,26.23,26.57,0.68,0.906,0.0,0,0,4,9,-41599.22,-17947.36,-41599.22,2582,-3385.3,1904
dqn_s42,dqn,42,1013,25.89,9.6,4.31,16,0.766,2509,259.6,89.5,-1.445,603,0,158.67,26.44,26.45,0.663,0.903,0.0,0,0,4,10,-41516.54,-17462.73,-41516.54,2582,-3290.8,1917
dqn_s42,dqn,42,1014,26.37,10.34,4.46,17,0.768,2507,259.2,89.5,-1.49,579,0,157.25,25.49,25.57,0.615,0.943,0.0,0,0,4,10,-40786.89,-17940.9,-40786.89,2582,-3370.6,1919
dqn_s42,dqn,42,1015,30.54,13.35,4.34,16,0.879,2510,266.0,92.1,-1.454,594,0,157.52,25.9,26.35,0.679,0.917,0.0,0,0,5,10,-40824.2,-17411.24,-40824.2,2582,-3293.0,1911
dqn_s42,dqn,42,1016,32.27,14.4,4.47,17,0.949,2507,269.5,93.4,-1.506,610,0,157.64,26.04,26.12,0.696,0.912,0.0,0,0,3,10,-41485.25,-17907.1,-41485.25,2582,-3394.0,1891
dqn_s42,dqn,42,1017,28.03,11.48,4.28,16,0.828,2515,262.2,90.6,-1.439,589,0,157.96,25.5,25.99,0.626,0.935,0.0,0,0,5,10,-40902.74,-17441.02,-40902.74,2582,-3297.8,1940
dqn_s42,dqn,42,1018,29.75,12.75,4.4,15,0.89,2510,265.0,91.7,-1.485,592,0,157.34,25.36,25.52,0.632,0.932,0.0,0,0,4,11,-41218.01,-17922.89,-41218.01,2582,-3390.7,1930
dqn_s42,dqn,42,1019,28.32,11.62,4.35,18,0.834,2507,263.4,91.0,-1.462,601,0,158.08,26.26,26.77,0.688,0.915,0.0,0,0,4,12,-41092.21,-17442.22,-41092.21,2582,-3298.3,1900
dqn_s42,dqn,42,1020,26.92,10.69,4.54,16,0.806,2510,260.5,90.0,-1.538,581,0,157.42,25.46,25.95,0.652,0.932,0.0,0,0,4,10,-41573.33,-18168.03,-41573.33,2582,-3455.4,1902
dqn_s42,dqn,42,1021,31.56,14.35,4.42,16,0.912,2511,266.8,92.5,-1.484,582,0,156.18,24.75,25.01,0.595,0.949,0.0,0,0,4,10,-40153.95,-17659.31,-40153.95,2582,-3333.5,1901
dqn_s42,dqn,42,1022,34.46,15.79,4.47,16,1.013,2513,271.8,94.3,-1.499,593,0,157.6,25.54,25.5,0.644,0.933,0.0,0,0,3,9,-41376.59,-17942.81,-41376.59,2582,-3377.7,1902
dqn_s42,dqn,42,1023,30.98,13.76,4.32,15,0.899,2507,267.4,92.6,-1.444,615,0,157.49,25.73,25.51,0.663,0.915,0.0,0,0,3,11,-40727.15,-17408.91,-40727.15,2582,-3274.5,1903
dqn_s42,dqn,42,1024,30.21,13.12,4.51,16,0.864,2514,265.8,92.0,-1.523,584,0,157.64,25.58,26.28,0.627,0.965,0.0,0,0,3,9,-41308.66,-18042.57,-41308.66,2582,-3421.6,1901
dqn_s42,dqn,42,1025,27.55,10.85,4.47,16,0.829,2511,262.4,90.6,-1.504,601,0,157.21,25.52,26.05,0.631,0.924,0.0,0,0,4,11,-41511.46,-17958.47,-41511.46,2582,-3392.5,1897
dqn_s42,dqn,42,1026,30.33,13.04,4.4,16,0.894,2510,266.8,92.3,-1.478,615,0,157.84,26.31,26.64,0.669,0.917,0.0,0,0,4,10,-41150.58,-17669.21,-41150.58,2582,-3344.2,1895
dqn_s42,dqn,42,1027,27.11,10.7,4.4,20,0.811,2509,261.4,90.2,-1.483,600,0,157.75,26.09,26.56,0.685,0.907,0.0,0,0,3,9,-41188.11,-17745.49,-41188.11,2582,-3358.7,1909
dqn_s42,dqn,42,1028,24.95,8.99,4.52,16,0.76,2509,257.9,88.9,-1.531,594,0,158.15,26.13,26.57,0.67,0.921,0.0,0,0,4,10,-41896.48,-18169.94,-41896.48,2582,-3454.6,1905
dqn_s42,dqn,42,1029,27.75,11.15,4.41,16,0.816,2503,261.9,90.5,-1.481,601,0,157.69,25.8,26.3,0.656,0.935,0.0,0,0,3,10,-41054.92,-17653.16,-41054.92,2582,-3336.5,1896
dqn_s42,dqn,42,1030,25.67,9.71,4.4,16,0.755,2510,258.7,89.3,-1.479,584,0,157.19,25.59,25.97,0.629,0.932,0.0,0,0,3,10,-40654.19,-17609.5,-40654.19,2582,-3328.7,1903
ippo_local_s2042,ippo_local,2042,1001,29.19,11.58,5.3,24,0.983,2504,267.1,92.1,-1.788,586,0,162.27,30.39,32.53,1.007,0.766,0.0,0,0,7,10,-47069.57,-21221.32,-47069.57,2582,-4044.6,1912
ippo_local_s2042,ippo_local,2042,1002,30.61,12.94,4.94,20,0.982,2505,268.5,92.8,-1.659,592,0,160.56,28.73,29.8,0.908,0.815,0.0,0,0,6,11,-44693.64,-19724.92,-44693.64,2582,-3747.3,1906
ippo_local_s2042,ippo_local,2042,1003,36.83,16.8,5.14,24,1.172,2510,278.6,96.5,-1.738,588,0,162.22,30.29,32.1,1.01,0.744,0.0,0,0,6,11,-46589.01,-20607.58,-46589.01,2582,-3941.8,1917
ippo_local_s2042,ippo_local,2042,1004,32.98,14.18,5.45,24,1.137,2502,275.1,94.9,-1.846,587,0,163.61,32.18,33.71,1.179,0.682,0.0,0,0,6,11,-48628.22,-21908.5,-48628.22,2582,-4192.6,1922
ippo_local_s2042,ippo_local,2042,1005,30.07,12.35,4.94,23,0.958,2507,267.9,92.5,-1.658,588,0,160.95,29.22,30.71,0.931,0.782,0.0,0,0,7,10,-44989.85,-19764.86,-44989.85,2582,-3751.3,1914
ippo_local_s2042,ippo_local,2042,1006,30.59,12.59,4.95,24,1.012,2502,269.4,93.0,-1.671,587,0,161.54,29.67,30.99,0.996,0.765,0.0,0,0,6,9,-45254.86,-19770.02,-45254.86,2582,-3780.8,1912
ippo_local_s2042,ippo_local,2042,1007,32.46,14.22,4.87,20,1.027,2508,271.3,93.8,-1.643,588,0,160.09,28.05,28.09,0.87,0.815,0.0,0,0,5,9,-44542.21,-19534.03,-44542.21,2582,-3721.7,1917
ippo_local_s2042,ippo_local,2042,1008,30.11,12.03,5.21,20,1.006,2508,269.9,93.0,-1.759,587,0,162.89,30.79,31.88,1.018,0.754,0.0,0,0,6,10,-47565.53,-20868.67,-47565.53,2582,-3978.1,1914
ippo_local_s2042,ippo_local,2042,1009,27.36,10.0,5.0,24,0.93,2506,264.8,91.1,-1.675,585,0,162.61,30.36,31.63,1.023,0.762,0.0,0,0,5,10,-46246.58,-19948.74,-46246.58,2582,-3779.6,1909
ippo_local_s2042,ippo_local,2042,1010,31.13,13.0,5.0,23,1.024,2506,270.0,93.2,-1.686,588,0,162.04,30.2,31.82,1.016,0.771,0.0,0,0,6,11,-45670.88,-20048.99,-45670.88,2582,-3823.1,1920
ippo_local_s2042,ippo_local,2042,1011,33.72,14.91,4.89,19,1.099,2509,272.8,94.4,-1.645,584,0,160.61,28.4,29.54,0.912,0.822,0.0,0,0,4,9,-44735.11,-19525.23,-44735.11,2582,-3711.9,1910
ippo_local_s2042,ippo_local,2042,1012,34.32,15.66,5.09,25,1.077,2506,274.1,94.9,-1.717,590,0,160.15,28.78,30.54,0.925,0.814,0.0,0,0,6,9,-45279.38,-20372.64,-45279.38,2582,-3878.7,1909
ippo_local_s2042,ippo_local,2042,1013,27.97,10.69,4.9,21,0.921,2505,265.2,91.3,-1.65,586,0,161.44,29.22,30.59,0.933,0.78,0.0,0,0,6,9,-45548.37,-19616.43,-45548.37,2582,-3738.3,1916
ippo_local_s2042,ippo_local,2042,1014,28.67,11.15,5.2,23,0.977,2503,267.0,91.9,-1.75,588,0,162.66,30.9,32.45,1.074,0.718,0.0,0,0,7,10,-46763.96,-20818.89,-46763.96,2582,-3962.9,1917
ippo_local_s2042,ippo_local,2042,1015,34.38,15.63,5.33,26,1.085,2501,275.3,95.2,-1.797,587,0,162.3,30.68,32.44,1.03,0.736,0.0,0,0,6,9,-47265.11,-21328.93,-47265.11,2582,-4070.7,1917
ippo_local_s2042,ippo_local,2042,1016,34.28,15.45,5.22,23,1.123,2503,274.4,95.0,-1.756,583,0,160.89,29.31,30.19,0.973,0.769,0.0,0,0,5,11,-46220.1,-20827.11,-46220.1,2582,-3960.5,1908
ippo_local_s2042,ippo_local,2042,1017,26.22,10.05,4.54,15,0.812,2508,259.7,89.6,-1.523,588,0,158.76,26.28,26.89,0.731,0.917,0.0,0,0,4,10,-41768.51,-18294.78,-41768.51,2582,-3462.2,1925
ippo_local_s2042,ippo_local,2042,1018,32.67,14.5,4.85,24,1.036,2507,271.4,93.9,-1.621,586,0,160.51,28.54,29.58,0.924,0.811,0.0,0,0,5,9,-44557.45,-19521.84,-44557.45,2582,-3690.6,1928
ippo_local_s2042,ippo_local,2042,1019,31.18,13.23,4.87,26,0.988,2506,269.6,93.1,-1.634,586,0,160.76,28.91,30.36,0.915,0.821,0.0,0,0,6,11,-44839.1,-19453.58,-44839.1,2582,-3690.7,1910
ippo_local_s2042,ippo_local,2042,1020,28.2,11.16,4.45,17,0.869,2507,264.6,91.3,-1.485,586,0,158.79,26.81,27.25,0.778,0.843,0.0,0,0,4,9,-42376.4,-17899.12,-42376.4,2582,-3377.1,1927
ippo_local_s2042,ippo_local,2042,1021,31.69,13.67,4.6,17,0.995,2507,269.8,93.3,-1.53,585,0,158.72,27.29,28.25,0.814,0.835,0.0,0,0,4,10,-42816.04,-18327.75,-42816.04,2582,-3447.7,1904
ippo_local_s2042,ippo_local,2042,1022,33.06,14.69,4.67,18,1.022,2509,271.6,94.0,-1.568,582,0,159.83,27.75,28.44,0.852,0.832,0.0,0,0,5,9,-43291.44,-18629.02,-43291.44,2582,-3537.0,1911
ippo_local_s2042,ippo_local,2042,1023,31.83,13.77,4.79,21,0.993,2506,270.3,93.5,-1.599,588,0,160.24,28.46,29.31,0.898,0.809,0.0,0,0,5,9,-44077.57,-19166.4,-44077.57,2582,-3622.5,1915
ippo_local_s2042,ippo_local,2042,1024,33.95,14.98,4.95,22,1.084,2508,274.9,95.1,-1.679,583,0,161.34,29.27,30.22,0.937,0.77,0.0,0,0,6,9,-45503.12,-19791.69,-45503.12,2582,-3792.9,1913
ippo_local_s2042,ippo_local,2042,1025,30.7,12.87,4.98,21,1.007,2508,268.7,92.8,-1.677,589,0,160.08,28.4,29.56,0.896,0.817,0.0,0,0,6,9,-44871.71,-19975.86,-44871.71,2582,-3798.9,1916
ippo_local_s2042,ippo_local,2042,1026,30.23,12.57,4.74,23,0.964,2504,268.4,92.7,-1.588,582,0,159.87,28.35,29.13,0.89,0.794,0.0,0,0,6,9,-43948.06,-18920.55,-43948.06,2582,-3582.5,1908
ippo_local_s2042,ippo_local,2042,1027,32.35,13.84,5.25,24,1.064,2504,271.5,93.8,-1.761,586,0,162.55,30.88,33.66,1.043,0.75,0.0,0,0,7,11,-46720.96,-20929.01,-46720.96,2582,-3973.0,1909
ippo_local_s2042,ippo_local,2042,1028,26.34,9.62,4.99,22,0.869,2507,261.8,90.1,-1.683,590,0,160.99,28.99,30.5,0.908,0.818,0.0,0,0,5,11,-44962.38,-19968.73,-44962.38,2582,-3803.0,1909
ippo_local_s2042,ippo_local,2042,1029,27.95,10.93,4.69,18,0.885,2508,263.8,91.0,-1.585,588,0,159.67,27.79,29.09,0.832,0.846,0.0,0,0,5,10,-43166.78,-18808.55,-43166.78,2582,-3589.4,1917
ippo_local_s2042,ippo_local,2042,1030,26.35,9.66,4.75,18,0.844,2507,262.2,90.3,-1.594,584,0,159.2,27.61,28.41,0.819,0.831,0.0,0,0,5,9,-43393.09,-18961.22,-43393.09,2582,-3591.7,1907
ippo_local_s4042,ippo_local,4042,1001,27.19,10.33,4.72,21,0.853,2507,262.8,90.6,-1.58,596,0,158.98,27.1,27.52,0.76,0.86,0.0,0,0,6,10,-43489.07,-18895.28,-43489.07,2582,-3570.0,1906
ippo_local_s4042,ippo_local,4042,1002,30.85,13.03,4.82,20,0.971,2508,268.9,92.9,-1.614,599,0,159.93,28.11,29.18,0.848,0.829,0.0,0,0,6,10,-43948.57,-19272.24,-43948.57,2582,-3646.5,1904
ippo_local_s4042,ippo_local,4042,1003,35.33,16.28,4.58,17,1.041,2512,274.0,95.1,-1.527,596,0,158.15,26.22,26.84,0.724,0.895,0.0,0,0,6,10,-42177.49,-18297.8,-42177.49,2582,-3450.5,1904
ippo_local_s4042,ippo_local,4042,1004,31.47,13.73,4.54,20,0.961,2507,268.9,93.1,-1.516,595,0,157.76,26.34,26.74,0.755,0.879,0.0,0,0,5,10,-41807.5,-18129.29,-41807.5,2582,-3420.1,1903
ippo_local_s4042,ippo_local,4042,1005,31.44,13.54,4.88,17,0.968,2510,269.5,93.2,-1.64,598,0,159.69,27.96,28.99,0.833,0.844,0.0,0,0,5,9,-44228.72,-19506.79,-44228.72,2582,-3694.6,1899
ippo_local_s4042,ippo_local,4042,1006,29.59,12.12,4.71,18,0.941,2505,266.7,92.1,-1.572,597,0,159.17,27.3,28.02,0.828,0.84,0.0,0,0,6,10,-43356.33,-18775.21,-43356.33,2582,-3545.4,1900
ippo_local_s4042,ippo_local,4042,1007,31.62,13.92,4.56,18,0.956,2510,269.0,93.1,-1.53,594,0,158.43,26.43,26.39,0.751,0.865,0.0,0,0,6,10,-42453.18,-18211.7,-42453.18,2582,-3450.8,1903
ippo_local_s4042,ippo_local,4042,1008,29.63,12.54,4.82,18,0.919,2507,266.2,92.0,-1.618,593,0,159.44,27.36,27.61,0.824,0.847,0.0,0,0,5,10,-43736.68,-19212.58,-43736.68,2582,-3641.1,1897
ippo_local_s4042,ippo_local,4042,1009,25.47,9.08,4.6,17,0.798,2510,260.1,89.6,-1.539,590,0,159.2,26.95,27.24,0.761,0.873,0.0,0,0,5,10,-42823.14,-18310.76,-42823.14,2582,-3457.5,1897
ippo_local_s4042,ippo_local,4042,1010,28.75,11.52,4.79,22,0.919,2512,266.0,91.7,-1.611,595,0,160.11,28.27,28.71,0.873,0.798,0.0,0,0,6,9,-44096.71,-19112.09,-44096.71,2582,-3634.7,1901
ippo_local_s4042,ippo_local,4042,1011,34.35,15.83,4.69,17,1.057,2513,273.7,94.8,-1.566,591,0,158.94,26.71,26.86,0.779,0.853,0.0,0,0,6,9,-43208.39,-18719.1,-43208.39,2582,-3528.0,1900
ippo_local_s4042,ippo_local,4042,1012,33.41,15.32,4.56,17,0.974,2509,270.8,93.9,-1.515,595,0,157.44,26.08,26.49,0.719,0.893,0.0,0,0,5,9,-41802.48,-18340.29,-41802.48,2582,-3435.6,1915
ippo_local_s4042,ippo_local,4042,1013,28.58,11.05,4.85,21,0.917,2508,266.0,91.6,-1.627,601,0,161.31,29.09,29.99,0.872,0.811,0.0,0,0,5,11,-45352.95,-19436.84,-45352.95,2582,-3681.3,1906
ippo_local_s4042,ippo_local,4042,1014,27.1,10.61,4.7,23,0.845,2509,262.2,90.5,-1.576,595,0,158.7,26.94,27.59,0.774,0.872,0.0,0,0,5,10,-42796.91,-18734.07,-42796.91,2582,-3545.7,1895
ippo_local_s4042,ippo_local,4042,1015,31.13,13.66,4.78,18,0.936,2508,267.9,92.7,-1.603,595,0,158.42,26.8,27.65,0.764,0.875,0.0,0,0,7,10,-43244.47,-19142.58,-43244.47,2582,-3621.7,1905
ippo_local_s4042,ippo_local,4042,1016,34.74,15.94,4.9,26,1.055,2509,274.7,95.1,-1.648,598,0,159.96,28.39,29.34,0.884,0.804,0.0,0,0,6,10,-44847.2,-19519.88,-44847.2,2582,-3713.0,1897
ippo_local_s4042,ippo_local,4042,1017,28.35,11.25,4.72,25,0.936,2505,265.0,91.4,-1.59,599,0,160.26,27.8,28.01,0.872,0.815,0.0,0,0,5,10,-44142.63,-19017.59,-44142.63,2582,-3624.9,1923
ippo_local_s4042,ippo_local,4042,1018,32.29,14.22,4.71,18,1.019,2509,270.1,93.5,-1.575,595,0,158.54,26.58,26.83,0.782,0.873,0.0,0,0,5,10,-42987.71,-18950.65,-42987.71,2582,-3577.5,1917
ippo_local_s4042,ippo_local,4042,1019,30.66,13.14,4.64,19,0.936,2507,267.8,92.6,-1.563,596,0,158.99,27.16,28.0,0.79,0.861,0.0,0,0,5,10,-43168.23,-18510.31,-43168.23,2582,-3522.0,1898
ippo_local_s4042,ippo_local,4042,1020,28.16,11.14,4.64,19,0.895,2505,264.1,91.1,-1.553,595,0,158.72,26.76,27.05,0.793,0.865,0.0,0,0,5,10,-42865.64,-18508.52,-42865.64,2582,-3504.0,1900
ippo_local_s4042,ippo_local,4042,1021,32.98,14.66,4.67,19,1.024,2504,272.1,94.2,-1.568,595,0,158.99,27.57,28.19,0.842,0.819,0.0,0,0,5,9,-43426.09,-18630.56,-43426.09,2582,-3532.0,1901
ippo_local_s4042,ippo_local,4042,1022,33.33,15.02,4.68,20,0.994,2510,271.5,94.0,-1.564,593,0,158.95,26.87,27.29,0.783,0.864,0.0,0,0,6,10,-43172.98,-18767.03,-43172.98,2582,-3541.6,1911
ippo_local_s4042,ippo_local,4042,1023,33.19,15.15,4.71,17,0.979,2507,270.7,93.8,-1.58,589,0,158.09,26.32,25.86,0.728,0.896,0.0,0,0,6,10,-42567.1,-18868.24,-42567.1,2582,-3564.1,1907
ippo_local_s4042,ippo_local,4042,1024,31.96,14.11,4.67,16,0.959,2508,269.3,93.2,-1.569,590,0,158.82,26.73,27.2,0.754,0.883,0.0,0,0,6,10,-42792.76,-18642.28,-42792.76,2582,-3531.1,1900
ippo_local_s4042,ippo_local,4042,1025,30.23,12.68,4.74,16,0.952,2508,267.3,92.3,-1.586,597,0,159.35,27.68,28.4,0.827,0.831,0.0,0,0,6,9,-43185.95,-18897.49,-43185.95,2582,-3574.1,1899
ippo_local_s4042,ippo_local,4042,1026,30.84,13.24,4.64,18,0.938,2511,267.6,92.6,-1.558,595,0,157.92,26.4,26.67,0.719,0.89,0.0,0,0,5,10,-42345.24,-18545.64,-42345.24,2582,-3510.7,1898
ippo_local_s4042,ippo_local,4042,1027,28.25,11.47,4.81,17,0.893,2505,264.0,91.1,-1.608,595,0,158.74,27.09,27.81,0.817,0.878,0.0,0,0,6,9,-43308.64,-19200.49,-43308.64,2582,-3623.1,1900
ippo_local_s4042,ippo_local,4042,1028,27.88,10.9,4.86,22,0.899,2508,264.0,91.0,-1.627,601,0,160.47,28.46,29.3,0.869,0.819,0.0,0,0,7,10,-44445.28,-19494.94,-44445.28,2582,-3689.7,1911
ippo_local_s4042,ippo_local,4042,1029,29.08,11.77,4.75,17,0.905,2505,265.2,91.6,-1.598,592,0,159.36,27.51,28.05,0.795,0.857,0.0,0,0,6,10,-43429.92,-18963.28,-43429.92,2582,-3596.6,1899
ippo_local_s4042,ippo_local,4042,1030,26.51,10.29,4.7,17,0.824,2508,261.2,90.1,-1.58,593,0,157.99,26.42,26.24,0.745,0.863,0.0,0,0,5,9,-42653.75,-18808.73,-42653.75,2582,-3564.0,1904
ippo_local_s42,ippo_local,42,1001,28.26,10.99,5.4,25,0.98,2506,265.9,91.6,-1.825,595,0,161.82,29.97,31.31,1.016,0.768,0.0,0,0,6,10,-47377.58,-21574.69,-47377.58,2582,-4110.9,1901
ippo_local_s42,ippo_local,42,1002,32.39,14.16,5.48,22,1.079,2506,271.6,93.9,-1.849,603,0,162.64,30.83,32.51,1.052,0.762,0.0,0,0,5,11,-47466.94,-21882.99,-47466.94,2582,-4164.9,1895
ippo_local_s42,ippo_local,42,1003,37.73,18.16,5.08,23,1.177,2510,278.7,96.8,-1.706,622,0,161.36,29.41,30.82,0.972,0.807,0.0,0,0,6,10,-45360.2,-20398.13,-45360.2,2582,-3873.4,1901
ippo_local_s42,ippo_local,42,1004,31.55,13.78,5.22,20,1.058,2509,270.0,93.3,-1.766,606,0,160.74,29.32,30.65,0.976,0.792,0.0,0,0,6,9,-45599.67,-20900.7,-45599.67,2582,-3995.8,1900
ippo_local_s42,ippo_local,42,1005,32.41,14.25,5.25,18,1.079,2508,271.7,93.9,-1.764,608,0,161.71,29.96,31.7,1.008,0.78,0.0,0,0,6,10,-46270.91,-20914.52,-46270.91,2582,-3973.9,1892
ippo_local_s42,ippo_local,42,1006,32.0,13.94,5.25,20,1.096,2508,270.8,93.6,-1.764,597,0,161.59,29.71,31.05,1.04,0.769,0.0,0,0,7,10,-46332.88,-20978.34,-46332.88,2582,-3985.9,1905
ippo_local_s42,ippo_local,42,1007,32.13,14.09,5.28,20,1.08,2506,270.6,93.5,-1.793,593,0,161.47,29.45,31.31,0.969,0.804,0.0,0,0,5,10,-46617.36,-21186.03,-46617.36,2582,-4055.3,1910
ippo_local_s42,ippo_local,42,1008,31.48,13.48,5.69,23,1.105,2504,271.1,93.6,-1.929,592,0,163.35,31.26,33.04,1.125,0.712,0.0,0,0,6,10,-49223.54,-22780.03,-49223.54,2582,-4352.3,1905
ippo_local_s42,ippo_local,42,1009,27.51,10.27,5.46,23,0.977,2512,265.1,91.2,-1.839,602,0,163.06,30.81,32.47,1.049,0.756,0.0,0,0,6,10,-48144.35,-21829.47,-48144.35,2582,-4149.8,1898
ippo_local_s42,ippo_local,42,1010,29.98,12.52,5.45,21,1.028,2506,268.3,92.6,-1.846,608,0,161.85,30.01,31.19,1.017,0.788,0.0,0,0,6,10,-47080.19,-21872.83,-47080.19,2582,-4187.4,1906
ippo_local_s42,ippo_local,42,1011,33.84,15.22,5.23,23,1.132,2507,273.6,94.7,-1.75,604,0,161.82,29.59,31.26,1.018,0.779,0.0,0,0,6,10,-46385.8,-20900.65,-46385.8,2582,-3953.5,1899
ippo_local_s42,ippo_local,42,1012,32.51,14.56,5.01,22,1.057,2507,270.6,93.7,-1.68,607,0,159.83,28.46,30.19,0.936,0.817,0.0,0,0,6,10,-44533.11,-19983.27,-44533.11,2582,-3795.8,1897
ippo_local_s42,ippo_local,42,1013,29.94,12.23,5.37,22,1.014,2505,267.9,92.4,-1.818,610,0,162.93,30.71,32.71,1.027,0.766,0.0,0,0,6,10,-47978.81,-21499.27,-47978.81,2582,-4111.7,1898
ippo_local_s42,ippo_local,42,1014,29.35,11.83,5.27,21,1.014,2508,267.2,92.1,-1.772,618,0,162.35,30.61,32.27,1.04,0.772,0.0,0,0,6,10,-46675.46,-21214.41,-46675.46,2582,-4035.7,1909
ippo_local_s42,ippo_local,42,1015,33.43,15.08,5.49,20,1.094,2504,273.7,94.6,-1.856,595,0,162.51,30.89,32.62,1.091,0.72,0.0,0,0,6,10,-47646.69,-21909.63,-47646.69,2582,-4188.0,1902
ippo_local_s42,ippo_local,42,1016,36.42,17.05,5.58,29,1.18,2506,277.8,96.2,-1.887,614,0,162.32,30.74,32.4,1.052,0.766,0.0,0,0,7,10,-48100.08,-22313.35,-48100.08,2582,-4261.7,1892
ippo_local_s42,ippo_local,42,1017,28.25,11.13,5.29,21,0.985,2506,265.4,91.5,-1.776,605,0,162.76,30.29,32.08,1.025,0.767,0.0,0,0,6,10,-47233.44,-21389.61,-47233.44,2582,-4060.1,1927
ippo_local_s42,ippo_local,42,1018,33.57,15.07,5.22,21,1.131,2505,273.3,94.5,-1.755,607,0,161.93,29.99,31.71,0.989,0.788,0.0,0,0,7,11,-46670.54,-21135.63,-46670.54,2582,-4012.4,1924
ippo_local_s42,ippo_local,42,1019,31.29,13.43,5.3,19,1.051,2506,270.3,93.3,-1.775,602,0,161.97,30.15,31.45,1.016,0.759,0.0,0,0,6,11,-47066.29,-21174.36,-47066.29,2582,-4010.5,1900
ippo_local_s42,ippo_local,42,1020,29.36,11.95,5.41,23,1.01,2506,267.0,92.1,-1.833,595,0,161.97,29.99,31.44,1.028,0.772,0.0,0,0,7,10,-47523.72,-21649.85,-47523.72,2582,-4140.2,1907
ippo_local_s42,ippo_local,42,1021,31.93,14.18,5.26,19,1.062,2509,270.4,93.5,-1.763,618,0,160.65,29.24,30.64,0.971,0.806,0.0,0,0,5,10,-45888.78,-21067.06,-45888.78,2582,-3993.3,1897
ippo_local_s42,ippo_local,42,1022,34.3,15.51,5.26,25,1.143,2505,274.0,94.9,-1.781,601,0,161.55,29.48,31.19,0.995,0.779,0.0,0,0,6,9,-46584.63,-21058.46,-46584.63,2582,-4024.1,1902
ippo_local_s42,ippo_local,42,1023,34.72,16.08,5.35,22,1.136,2506,275.6,95.4,-1.797,614,0,161.73,29.96,31.33,1.043,0.76,0.0,0,0,6,9,-46943.77,-21335.51,-46943.77,2582,-4053.9,1890
ippo_local_s42,ippo_local,42,1024,32.99,14.9,5.26,25,1.107,2507,272.1,94.1,-1.777,607,0,161.62,29.56,31.47,1.014,0.768,0.0,0,0,5,9,-46283.16,-21004.65,-46283.16,2582,-4015.4,1897
ippo_local_s42,ippo_local,42,1025,30.23,12.29,5.43,24,1.049,2505,269.0,92.7,-1.833,590,0,162.93,31.24,32.74,1.071,0.728,0.0,0,0,6,11,-47586.73,-21726.77,-47586.73,2582,-4141.1,1908
ippo_local_s42,ippo_local,42,1026,31.54,13.78,5.37,21,1.064,2505,270.3,93.4,-1.81,611,0,161.4,29.86,31.28,1.022,0.778,0.0,0,0,6,9,-46567.94,-21450.21,-46567.94,2582,-4083.7,1893
ippo_local_s42,ippo_local,42,1027,33.85,14.97,5.7,25,1.175,2507,275.0,95.0,-1.941,593,0,163.37,31.71,33.93,1.122,0.72,0.0,0,0,6,10,-49245.04,-22776.42,-49245.04,2582,-4373.8,1901
ippo_local_s42,ippo_local,42,1028,27.34,10.36,5.21,26,0.94,2508,263.8,90.8,-1.748,604,0,161.93,29.92,31.65,0.978,0.782,0.0,0,0,6,10,-46434.12,-20867.26,-46434.12,2582,-3948.7,1900
ippo_local_s42,ippo_local,42,1029,30.89,12.86,5.45,24,1.069,2509,270.0,93.2,-1.853,584,0,162.62,30.74,32.45,1.061,0.766,0.0,0,0,6,9,-47992.25,-21799.81,-47992.25,2582,-4174.9,1907
ippo_local_s42,ippo_local,42,1030,29.25,12.05,5.4,24,0.991,2509,266.8,92.1,-1.823,610,0,161.66,30.07,31.56,1.016,0.788,0.0,0,0,7,10,-46794.04,-21588.36,-46794.04,2582,-4118.8,1895
ippo_vecinos_s2042,ippo_vecinos,2042,1001,29.1,12.53,5.75,19,0.911,2505,264.1,91.3,-1.985,560,0,156.39,24.54,25.8,0.585,0.976,0.0,0,0,4,10,-47076.64,-23346.16,-47076.64,2582,-4478.0,1923
ippo_vecinos_s2042,ippo_vecinos,2042,1002,32.32,15.07,5.79,18,0.971,2507,268.7,93.2,-2.008,560,0,156.15,24.31,25.51,0.581,0.986,0.0,0,0,4,10,-47287.57,-23516.2,-47287.57,2582,-4531.1,1923
ippo_vecinos_s2042,ippo_vecinos,2042,1003,33.81,16.01,4.08,14,0.955,2510,267.5,93.1,-1.367,563,0,155.58,23.62,24.71,0.572,0.983,0.0,0,0,4,10,-38123.97,-16270.46,-38123.97,2582,-3089.1,1924
ippo_vecinos_s2042,ippo_vecinos,2042,1004,31.19,14.6,5.37,17,0.945,2504,265.1,92.0,-1.883,563,0,154.84,23.41,24.41,0.56,0.977,0.0,0,0,4,10,-44365.88,-21833.76,-44365.88,2582,-4247.4,1921
ippo_vecinos_s2042,ippo_vecinos,2042,1005,28.08,12.08,5.34,17,0.864,2509,260.5,90.2,-1.863,563,0,155.8,24.08,25.33,0.572,0.978,0.0,0,0,4,11,-44654.9,-21693.28,-44654.9,2582,-4204.0,1921
ippo_vecinos_s2042,ippo_vecinos,2042,1006,28.93,12.67,4.95,16,0.871,2512,261.4,90.6,-1.72,560,0,155.87,24.0,25.21,0.579,0.984,0.0,0,0,4,10,-42385.91,-19959.29,-42385.91,2582,-3869.7,1917
ippo_vecinos_s2042,ippo_vecinos,2042,1007,27.92,11.93,4.44,17,0.823,2511,259.2,89.8,-1.505,563,0,156.27,24.26,25.25,0.57,0.978,0.0,0,0,4,10,-40035.84,-17828.37,-40035.84,2582,-3400.6,1924
ippo_vecinos_s2042,ippo_vecinos,2042,1008,26.42,10.85,4.3,14,0.76,2508,257.4,89.1,-1.457,562,0,156.44,24.34,25.46,0.579,0.98,0.0,0,0,4,10,-39438.11,-17158.36,-39438.11,2582,-3283.0,1918
ippo_vecinos_s2042,ippo_vecinos,2042,1009,22.91,7.94,4.16,16,0.683,2510,251.8,86.9,-1.39,562,0,156.68,24.45,25.55,0.583,0.977,0.0,0,0,4,10,-38735.21,-16574.04,-38735.21,2582,-3135.1,1921
ippo_vecinos_s2042,ippo_vecinos,2042,1010,26.82,10.99,4.17,14,0.768,2509,257.6,89.2,-1.41,562,0,156.18,24.35,25.69,0.562,0.982,0.0,0,0,4,9,-38222.72,-16594.78,-38222.72,2582,-3177.0,1918
ippo_vecinos_s2042,ippo_vecinos,2042,1011,31.98,14.89,4.88,17,0.924,2509,265.8,92.3,-1.679,560,0,156.3,24.08,25.18,0.576,0.984,0.0,0,0,5,10,-42353.57,-19636.87,-42353.57,2582,-3777.4,1918
ippo_vecinos_s2042,ippo_vecinos,2042,1012,33.78,16.19,5.74,19,1.018,2505,270.7,94.0,-2.003,562,0,155.25,23.87,25.09,0.574,0.986,0.0,0,0,4,10,-46747.3,-23355.72,-46747.3,2582,-4525.7,1925
ippo_vecinos_s2042,ippo_vecinos,2042,1013,27.13,11.14,5.43,18,0.826,2508,259.5,89.7,-1.901,563,0,157.22,25.0,26.57,0.591,0.982,0.0,0,0,4,11,-45687.33,-22059.59,-45687.33,2582,-4289.2,1920
ippo_vecinos_s2042,ippo_vecinos,2042,1014,28.44,12.24,5.38,17,0.85,2506,261.2,90.4,-1.881,563,0,156.22,24.48,25.8,0.561,0.979,0.0,0,0,4,10,-44716.26,-21856.64,-44716.26,2582,-4249.4,1923
ippo_vecinos_s2042,ippo_vecinos,2042,1015,32.37,15.5,5.44,16,0.931,2505,267.3,92.8,-1.906,563,0,155.76,24.14,25.08,0.579,0.984,0.0,0,0,4,10,-44979.82,-22154.44,-44979.82,2582,-4305.6,1924
ippo_vecinos_s2042,ippo_vecinos,2042,1016,34.68,16.93,5.26,17,0.998,2508,270.2,94.0,-1.846,563,0,155.62,24.02,25.32,0.574,0.981,0.0,0,0,5,11,-44208.62,-21352.71,-44208.62,2582,-4159.5,1918
ippo_vecinos_s2042,ippo_vecinos,2042,1017,26.82,11.22,4.86,16,0.808,2509,258.1,89.3,-1.679,568,0,156.42,23.95,25.11,0.571,0.977,0.0,0,0,5,10,-42251.63,-19814.31,-42251.63,2582,-3828.6,1942
ippo_vecinos_s2042,ippo_vecinos,2042,1018,32.34,14.79,5.71,21,1.02,2503,268.6,93.1,-1.985,566,0,156.31,24.35,25.72,0.579,0.972,0.0,0,0,4,10,-47309.11,-23445.19,-47309.11,2582,-4519.1,1939
ippo_vecinos_s2042,ippo_vecinos,2042,1019,27.01,11.3,4.22,15,0.778,2510,257.7,89.3,-1.409,562,0,156.15,24.34,25.83,0.576,0.977,0.0,0,0,4,10,-38675.48,-16775.1,-38675.48,2582,-3174.2,1918
ippo_vecinos_s2042,ippo_vecinos,2042,1020,26.36,10.63,4.63,16,0.777,2506,257.5,89.1,-1.585,562,0,156.23,24.28,25.63,0.564,0.987,0.0,0,0,3,9,-40828.09,-18613.83,-40828.09,2582,-3570.3,1918
ippo_vecinos_s2042,ippo_vecinos,2042,1021,30.31,13.72,4.14,13,0.874,2508,262.5,91.2,-1.388,560,0,155.13,23.72,25.0,0.561,0.982,0.0,0,0,4,11,-38053.28,-16463.53,-38053.28,2582,-3123.5,1917
ippo_vecinos_s2042,ippo_vecinos,2042,1022,33.38,15.77,5.72,20,1.011,2508,269.9,93.7,-1.989,560,0,156.1,24.03,25.2,0.561,0.979,0.0,0,0,3,10,-47086.9,-23241.18,-47086.9,2582,-4486.2,1923
ippo_vecinos_s2042,ippo_vecinos,2042,1023,32.42,15.18,4.97,16,0.95,2507,266.8,92.7,-1.712,562,0,156.03,24.28,25.34,0.578,0.983,0.0,0,0,4,10,-42423.88,-20052.06,-42423.88,2582,-3856.2,1918
ippo_vecinos_s2042,ippo_vecinos,2042,1024,29.88,13.48,4.14,14,0.833,2510,262.2,91.0,-1.389,562,0,156.56,24.48,25.87,0.575,0.982,0.0,0,0,4,10,-38145.76,-16500.42,-38145.76,2582,-3134.0,1921
ippo_vecinos_s2042,ippo_vecinos,2042,1025,29.93,13.32,5.67,19,0.94,2509,264.7,91.7,-1.969,560,0,155.07,23.38,24.32,0.565,0.974,0.0,0,0,3,9,-46494.9,-23044.1,-46494.9,2582,-4441.5,1923
ippo_vecinos_s2042,ippo_vecinos,2042,1026,29.76,13.38,4.84,17,0.87,2511,262.6,91.1,-1.664,562,0,155.75,24.21,25.44,0.582,0.978,0.0,0,0,4,10,-41705.72,-19497.93,-41705.72,2582,-3749.1,1919
ippo_vecinos_s2042,ippo_vecinos,2042,1027,27.17,11.43,4.55,16,0.808,2507,258.4,89.5,-1.549,563,0,155.81,24.14,25.35,0.576,0.982,0.0,0,0,4,10,-40136.91,-18262.51,-40136.91,2582,-3494.8,1921
ippo_vecinos_s2042,ippo_vecinos,2042,1028,24.21,8.96,4.21,14,0.707,2511,253.9,87.7,-1.411,563,0,156.9,24.89,26.26,0.602,0.977,0.0,0,0,5,9,-39117.04,-16780.49,-39117.04,2582,-3183.6,1923
ippo_vecinos_s2042,ippo_vecinos,2042,1029,29.99,13.2,5.74,20,0.926,2502,265.2,91.8,-1.999,560,0,156.2,24.33,25.73,0.582,0.982,0.0,0,0,6,10,-47158.62,-23279.41,-47158.62,2582,-4504.0,1918
ippo_vecinos_s2042,ippo_vecinos,2042,1030,28.72,12.37,5.71,20,0.883,2508,263.4,91.1,-1.983,560,0,155.7,24.09,25.3,0.577,0.974,0.0,0,0,4,10,-46791.12,-23196.87,-46791.12,2582,-4473.8,1923
ippo_vecinos_s4042,ippo_vecinos,4042,1001,24.69,9.17,4.51,15,0.747,2510,255.3,88.2,-1.524,572,0,157.02,25.15,26.27,0.626,0.954,0.0,0,0,4,10,-40607.46,-18040.7,-40607.46,2582,-3437.4,1916
ippo_vecinos_s4042,ippo_vecinos,4042,1002,27.98,11.69,4.57,16,0.806,2509,261.2,90.4,-1.533,573,0,156.61,24.77,26.1,0.615,0.974,0.0,0,0,3,10,-41140.06,-18326.64,-41140.06,2582,-3457.6,1916
ippo_vecinos_s4042,ippo_vecinos,4042,1003,33.3,15.44,4.43,13,0.919,2511,268.6,93.3,-1.482,565,0,155.89,23.95,24.98,0.566,0.983,0.0,0,0,5,10,-40156.34,-17768.31,-40156.34,2582,-3346.7,1922
ippo_vecinos_s4042,ippo_vecinos,4042,1004,29.04,12.7,4.17,16,0.842,2509,261.7,90.8,-1.383,572,0,155.72,24.3,25.61,0.597,0.975,0.0,0,0,5,10,-38378.61,-16671.57,-38378.61,2582,-3127.9,1922
ippo_vecinos_s4042,ippo_vecinos,4042,1005,27.11,11.08,4.5,15,0.782,2509,259.2,89.7,-1.512,568,0,156.69,24.95,26.4,0.606,0.976,0.0,0,0,4,10,-40526.42,-17995.27,-40526.42,2582,-3411.6,1917
ippo_vecinos_s4042,ippo_vecinos,4042,1006,27.53,11.5,4.51,15,0.794,2512,259.9,90.0,-1.516,566,0,155.99,24.11,25.37,0.591,0.983,0.0,0,0,3,9,-40383.88,-18036.73,-40383.88,2582,-3410.7,1913
ippo_vecinos_s4042,ippo_vecinos,4042,1007,29.68,13.06,4.66,17,0.874,2510,263.2,91.2,-1.577,572,0,156.61,24.6,25.78,0.608,0.973,0.0,0,0,3,9,-41555.68,-18706.26,-41555.68,2582,-3558.4,1916
ippo_vecinos_s4042,ippo_vecinos,4042,1008,25.67,10.21,4.28,16,0.753,2512,256.5,88.7,-1.429,566,0,156.35,24.27,25.45,0.585,0.981,0.0,0,0,3,10,-39484.1,-17086.92,-39484.1,2582,-3227.2,1922
ippo_vecinos_s4042,ippo_vecinos,4042,1009,24.7,9.21,4.42,16,0.719,2512,255.5,88.2,-1.477,570,0,157.36,25.13,26.27,0.633,0.963,0.0,0,0,4,10,-40344.6,-17649.91,-40344.6,2582,-3327.2,1914
ippo_vecinos_s4042,ippo_vecinos,4042,1010,28.85,12.45,4.56,15,0.829,2512,262.1,90.8,-1.539,565,0,156.14,24.3,25.14,0.602,0.969,0.0,0,0,4,10,-40763.25,-18257.23,-40763.25,2582,-3462.3,1916
ippo_vecinos_s4042,ippo_vecinos,4042,1011,32.86,15.33,4.33,17,0.943,2511,267.4,92.9,-1.452,566,0,156.4,24.17,24.99,0.594,0.978,0.0,0,0,4,10,-39636.08,-17225.15,-39636.08,2582,-3263.4,1912
ippo_vecinos_s4042,ippo_vecinos,4042,1012,31.5,14.34,4.35,15,0.868,2510,266.0,92.3,-1.458,559,0,154.87,23.51,24.51,0.551,0.983,0.0,0,0,3,9,-39797.4,-17439.46,-39797.4,2582,-3289.3,1922
ippo_vecinos_s4042,ippo_vecinos,4042,1013,26.81,10.74,4.61,16,0.76,2510,259.4,89.6,-1.548,568,0,157.59,25.36,26.74,0.63,0.976,0.0,0,0,4,10,-41848.45,-18491.52,-41848.45,2582,-3496.0,1922
ippo_vecinos_s4042,ippo_vecinos,4042,1014,25.75,9.85,4.47,15,0.709,2511,257.9,89.0,-1.492,559,0,156.35,24.61,26.03,0.584,0.977,0.0,0,0,4,9,-40548.44,-17932.0,-40548.44,2582,-3366.3,1923
ippo_vecinos_s4042,ippo_vecinos,4042,1015,31.27,14.2,4.68,21,0.883,2503,265.9,92.2,-1.595,575,0,156.72,25.09,26.48,0.631,0.961,0.0,0,0,4,9,-41721.92,-18800.83,-41721.92,2582,-3602.7,1917
ippo_vecinos_s4042,ippo_vecinos,4042,1016,31.56,14.53,4.27,13,0.874,2510,265.2,92.1,-1.433,559,0,155.3,23.7,24.99,0.56,0.981,0.0,0,0,4,9,-39163.68,-17064.19,-39163.68,2582,-3233.3,1923
ippo_vecinos_s4042,ippo_vecinos,4042,1017,26.5,10.64,4.57,18,0.785,2510,258.8,89.4,-1.538,573,0,157.16,24.67,26.08,0.607,0.97,0.0,0,0,4,10,-41675.38,-18540.14,-41675.38,2582,-3511.0,1942
ippo_vecinos_s4042,ippo_vecinos,4042,1018,28.97,12.42,4.47,14,0.861,2507,262.4,90.9,-1.501,572,0,156.82,24.85,26.12,0.625,0.965,0.0,0,0,5,11,-40640.5,-18022.41,-40640.5,2582,-3412.7,1934
ippo_vecinos_s4042,ippo_vecinos,4042,1019,30.63,13.86,4.69,17,0.863,2510,265.3,92.0,-1.587,574,0,156.65,24.81,26.32,0.632,0.969,0.0,0,0,4,10,-41781.61,-18813.69,-41781.61,2582,-3575.1,1912
ippo_vecinos_s4042,ippo_vecinos,4042,1020,24.59,9.32,4.48,14,0.741,2509,255.1,88.2,-1.517,565,0,155.93,23.94,25.16,0.584,0.982,0.0,0,0,3,10,-40197.63,-17882.97,-40197.63,2582,-3412.2,1913
ippo_vecinos_s4042,ippo_vecinos,4042,1021,31.16,14.25,4.62,16,0.901,2508,265.7,92.2,-1.554,570,0,155.72,24.29,25.59,0.595,0.979,0.0,0,0,4,10,-40955.85,-18497.95,-40955.85,2582,-3500.3,1915
ippo_vecinos_s4042,ippo_vecinos,4042,1022,32.77,15.05,4.58,14,0.955,2509,267.8,92.9,-1.547,578,0,156.51,24.44,25.54,0.593,0.972,0.0,0,0,4,10,-41345.47,-18407.59,-41345.47,2582,-3494.7,1916
ippo_vecinos_s4042,ippo_vecinos,4042,1023,31.94,14.62,4.55,16,0.928,2506,266.8,92.6,-1.526,580,0,156.28,24.52,25.64,0.625,0.965,0.0,0,0,4,10,-40900.41,-18283.93,-40900.41,2582,-3450.8,1917
ippo_vecinos_s4042,ippo_vecinos,4042,1024,30.18,13.34,4.86,17,0.869,2512,264.5,91.6,-1.659,565,0,156.14,24.08,25.27,0.564,0.979,0.0,0,0,4,10,-42465.12,-19522.77,-42465.12,2582,-3732.8,1913
ippo_vecinos_s4042,ippo_vecinos,4042,1025,29.08,12.43,4.59,16,0.865,2511,262.2,90.8,-1.55,571,0,155.91,24.22,25.53,0.59,0.974,0.0,0,0,4,9,-40818.55,-18368.35,-40818.55,2582,-3488.6,1911
ippo_vecinos_s4042,ippo_vecinos,4042,1026,27.37,11.37,4.58,19,0.818,2509,259.5,89.8,-1.552,570,0,155.9,24.37,25.55,0.604,0.97,0.0,0,0,4,10,-40678.89,-18409.7,-40678.89,2582,-3506.0,1921
ippo_vecinos_s4042,ippo_vecinos,4042,1027,29.01,12.57,4.61,15,0.836,2508,262.5,90.9,-1.552,565,0,156.0,24.33,25.77,0.588,0.975,0.0,0,0,4,9,-40918.3,-18454.69,-40918.3,2582,-3495.6,1916
ippo_vecinos_s4042,ippo_vecinos,4042,1028,25.13,9.52,4.45,13,0.705,2513,256.8,88.6,-1.495,559,0,155.88,23.87,25.08,0.557,0.975,0.0,0,0,4,10,-40615.87,-17876.31,-40615.87,2582,-3377.4,1925
ippo_vecinos_s4042,ippo_vecinos,4042,1029,27.2,11.25,4.5,16,0.782,2507,259.3,89.7,-1.502,565,0,155.86,23.98,25.19,0.581,0.979,0.0,0,0,4,9,-40611.93,-18023.69,-40611.93,2582,-3384.4,1916
ippo_vecinos_s4042,ippo_vecinos,4042,1030,27.29,11.39,4.49,15,0.799,2505,259.1,89.7,-1.511,570,0,155.99,24.38,25.58,0.596,0.975,0.0,0,0,5,11,-40079.93,-17934.6,-40079.93,2582,-3399.2,1912
ippo_vecinos_s42,ippo_vecinos,42,1001,25.73,10.09,4.54,16,0.743,2506,257.5,89.0,-1.534,559,0,155.82,23.95,25.1,0.572,0.977,0.0,0,0,3,10,-41037.31,-18240.61,-41037.31,2582,-3460.5,1925
ippo_vecinos_s42,ippo_vecinos,42,1002,28.96,12.5,4.63,18,0.802,2511,262.4,90.9,-1.566,554,0,156.22,24.37,25.63,0.552,0.987,0.0,0,0,3,10,-41292.58,-18536.44,-41292.58,2582,-3518.0,1919
ippo_vecinos_s42,ippo_vecinos,42,1003,33.34,15.73,4.21,17,0.934,2509,267.2,92.9,-1.412,559,0,155.69,23.76,24.92,0.565,0.983,0.0,0,0,4,10,-38871.45,-16886.85,-38871.45,2582,-3198.5,1931
ippo_vecinos_s42,ippo_vecinos,42,1004,30.6,13.87,4.56,17,0.866,2510,265.2,92.0,-1.535,559,0,155.16,23.73,24.63,0.579,0.981,0.0,0,0,2,10,-40669.76,-18375.01,-40669.76,2582,-3472.5,1929
ippo_vecinos_s42,ippo_vecinos,42,1005,29.58,12.98,4.45,19,0.815,2508,262.8,91.1,-1.504,559,0,155.95,24.22,25.69,0.567,0.977,0.0,0,0,3,9,-40468.78,-17889.9,-40468.78,2582,-3396.8,1926
ippo_vecinos_s42,ippo_vecinos,42,1006,30.53,13.59,4.6,17,0.863,2511,264.6,91.8,-1.557,559,0,155.77,23.9,24.97,0.565,0.982,0.0,0,0,4,10,-40794.5,-18402.52,-40794.5,2582,-3502.9,1917
ippo_vecinos_s42,ippo_vecinos,42,1007,28.32,12.14,4.26,16,0.812,2511,260.4,90.2,-1.426,564,0,155.61,23.58,24.56,0.554,0.978,0.0,0,0,3,10,-39420.45,-17143.64,-39420.45,2582,-3233.1,1932
ippo_vecinos_s42,ippo_vecinos,42,1008,26.63,10.88,4.52,17,0.751,2506,258.5,89.4,-1.529,561,0,155.88,23.8,24.9,0.567,0.977,0.0,0,0,5,10,-40942.02,-18185.11,-40942.02,2582,-3462.6,1930
ippo_vecinos_s42,ippo_vecinos,42,1009,24.16,8.83,4.33,18,0.708,2512,254.2,87.8,-1.449,556,0,157.09,24.85,26.01,0.595,0.971,0.0,0,0,3,10,-39722.65,-17258.1,-39722.65,2582,-3265.3,1922
ippo_vecinos_s42,ippo_vecinos,42,1010,27.5,11.36,4.47,15,0.754,2510,260.5,90.1,-1.512,559,0,155.83,24.0,25.1,0.56,0.98,0.0,0,0,3,10,-40321.12,-17907.66,-40321.12,2582,-3405.6,1922
ippo_vecinos_s42,ippo_vecinos,42,1011,32.5,15.24,4.31,15,0.889,2508,266.8,92.7,-1.451,559,0,156.35,24.1,24.96,0.589,0.975,0.0,0,0,3,10,-39475.9,-17205.9,-39475.9,2582,-3265.0,1919
ippo_vecinos_s42,ippo_vecinos,42,1012,31.74,14.77,4.31,18,0.877,2510,265.7,92.3,-1.446,559,0,154.99,23.61,24.92,0.541,0.987,0.0,0,0,3,9,-39452.05,-17304.63,-39452.05,2582,-3270.0,1929
ippo_vecinos_s42,ippo_vecinos,42,1013,28.0,11.61,4.58,20,0.797,2509,260.9,90.2,-1.551,558,0,157.11,24.89,26.53,0.579,0.981,0.0,0,0,4,10,-41837.35,-18385.65,-41837.35,2582,-3504.1,1926
ippo_vecinos_s42,ippo_vecinos,42,1014,27.87,11.71,4.53,16,0.777,2509,261.1,90.3,-1.525,558,0,156.04,24.28,25.63,0.562,0.983,0.0,0,0,3,10,-40885.34,-18181.83,-40885.34,2582,-3439.6,1923
ippo_vecinos_s42,ippo_vecinos,42,1015,31.25,14.47,4.34,18,0.839,2507,265.0,92.0,-1.466,559,0,155.46,23.82,24.84,0.565,0.98,0.0,0,0,4,10,-39436.82,-17369.16,-39436.82,2582,-3306.2,1923
ippo_vecinos_s42,ippo_vecinos,42,1016,34.27,16.28,4.57,17,0.944,2504,270.0,93.9,-1.54,563,0,155.3,23.72,24.96,0.562,0.975,0.0,0,0,3,10,-41195.99,-18469.61,-41195.99,2582,-3492.9,1933
ippo_vecinos_s42,ippo_vecinos,42,1017,26.93,10.97,4.65,17,0.765,2507,259.6,89.7,-1.574,565,0,157.07,24.61,25.9,0.59,0.981,0.0,0,0,4,10,-41843.9,-18879.39,-41843.9,2582,-3585.0,1943
ippo_vecinos_s42,ippo_vecinos,42,1018,29.43,12.68,4.61,16,0.849,2511,263.1,91.1,-1.562,558,0,156.14,24.17,25.45,0.546,0.979,0.0,0,0,4,9,-41435.43,-18661.92,-41435.43,2582,-3548.2,1938
ippo_vecinos_s42,ippo_vecinos,42,1019,27.99,11.82,4.53,16,0.787,2509,261.0,90.3,-1.529,553,0,155.77,23.95,25.27,0.559,0.979,0.0,0,0,3,9,-40904.98,-18173.98,-40904.98,2582,-3443.9,1925
ippo_vecinos_s42,ippo_vecinos,42,1020,26.89,10.85,4.67,16,0.767,2506,259.8,89.8,-1.581,559,0,156.59,24.62,25.86,0.595,0.979,0.0,0,0,4,9,-41716.06,-18760.5,-41716.06,2582,-3566.5,1925
ippo_vecinos_s42,ippo_vecinos,42,1021,29.15,12.75,4.23,18,0.851,2507,261.7,90.8,-1.413,559,0,155.22,23.81,25.11,0.565,0.983,0.0,0,0,3,9,-38582.39,-16839.59,-38582.39,2582,-3184.1,1920
ippo_vecinos_s42,ippo_vecinos,42,1022,31.14,14.07,4.26,16,0.899,2512,264.4,91.8,-1.427,556,0,155.79,23.72,24.83,0.552,0.982,0.0,0,0,3,10,-39418.69,-17050.99,-39418.69,2582,-3218.4,1925
ippo_vecinos_s42,ippo_vecinos,42,1023,31.75,14.55,4.43,17,0.871,2505,266.6,92.5,-1.487,559,0,155.69,23.91,24.85,0.55,0.979,0.0,0,0,5,10,-40260.33,-17747.44,-40260.33,2582,-3353.7,1922
ippo_vecinos_s42,ippo_vecinos,42,1024,29.89,13.23,4.42,18,0.846,2509,263.1,91.2,-1.488,554,0,156.16,24.1,25.4,0.538,0.985,0.0,0,0,5,10,-39957.02,-17691.22,-39957.02,2582,-3352.2,1925
ippo_vecinos_s42,ippo_vecinos,42,1025,27.56,11.52,4.47,16,0.801,2509,259.8,90.0,-1.508,558,0,155.48,23.8,24.92,0.54,0.979,0.0,0,0,4,10,-40124.89,-17910.78,-40124.89,2582,-3401.8,1923
ippo_vecinos_s42,ippo_vecinos,42,1026,28.97,12.6,4.38,16,0.825,2511,261.5,90.6,-1.473,561,0,155.47,23.94,24.88,0.555,0.975,0.0,0,0,5,10,-39637.73,-17558.3,-39637.73,2582,-3326.7,1925
ippo_vecinos_s42,ippo_vecinos,42,1027,29.0,12.59,4.47,16,0.814,2508,262.5,90.9,-1.504,561,0,155.56,23.89,25.11,0.579,0.989,0.0,0,0,4,10,-40490.12,-17886.48,-40490.12,2582,-3389.5,1919
ippo_vecinos_s42,ippo_vecinos,42,1028,24.34,8.99,4.52,16,0.709,2512,255.1,88.1,-1.527,559,0,155.89,23.89,24.98,0.557,0.974,0.0,0,0,4,9,-40770.69,-18178.05,-40770.69,2582,-3448.5,1928
ippo_vecinos_s42,ippo_vecinos,42,1029,28.5,12.14,4.52,18,0.805,2511,261.2,90.5,-1.526,556,0,156.24,24.37,25.6,0.575,0.978,0.0,0,0,3,9,-40717.46,-18113.36,-40717.46,2582,-3438.6,1922
ippo_vecinos_s42,ippo_vecinos,42,1030,26.51,10.77,4.39,16,0.74,2507,258.2,89.3,-1.469,559,0,155.69,24.09,25.35,0.568,0.98,0.0,0,0,4,9,-39795.17,-17528.02,-39795.17,2582,-3310.5,1919
mappo_s2042,mappo,2042,1001,26.95,10.85,4.85,16,0.774,2506,259.7,89.8,-1.646,558,0,156.21,24.33,25.64,0.569,0.982,0.0,0,0,4,10,-42943.6,-19547.82,-42943.6,2582,-3708.4,1922
mappo_s2042,mappo,2042,1002,29.53,12.79,4.72,16,0.84,2512,263.9,91.4,-1.594,561,0,156.16,24.32,25.42,0.575,0.983,0.0,0,0,4,9,-41990.96,-18970.97,-41990.96,2582,-3590.6,1919
mappo_s2042,mappo,2042,1003,33.67,15.55,4.56,18,0.969,2511,269.2,93.5,-1.528,558,0,155.52,23.58,24.55,0.543,0.985,0.0,0,0,3,10,-41062.86,-18371.86,-41062.86,2582,-3457.4,1930
mappo_s2042,mappo,2042,1004,30.95,13.98,4.89,17,0.912,2511,265.8,92.2,-1.656,560,0,155.1,23.66,24.84,0.562,0.982,0.0,0,0,3,10,-42273.56,-19763.79,-42273.56,2582,-3746.9,1928
mappo_s2042,mappo,2042,1005,30.92,13.98,4.66,16,0.859,2508,265.2,92.0,-1.577,556,0,155.72,23.97,25.28,0.571,0.977,0.0,0,0,4,10,-41462.31,-18684.94,-41462.31,2582,-3547.8,1921
mappo_s2042,mappo,2042,1006,30.2,13.42,4.61,15,0.851,2510,264.3,91.6,-1.552,555,0,155.37,23.49,24.68,0.543,0.984,0.0,0,0,3,10,-41157.61,-18511.19,-41157.61,2582,-3490.9,1920
mappo_s2042,mappo,2042,1007,30.53,13.67,4.81,17,0.888,2512,264.8,91.8,-1.643,556,0,156.16,24.14,24.9,0.565,0.973,0.0,0,0,4,9,-42638.75,-19403.17,-42638.75,2582,-3707.4,1926
mappo_s2042,mappo,2042,1008,27.48,11.4,4.62,17,0.782,2510,260.7,90.2,-1.556,560,0,156.04,23.95,24.97,0.573,0.974,0.0,0,0,4,10,-41629.54,-18524.38,-41629.54,2582,-3501.8,1916
mappo_s2042,mappo,2042,1009,25.32,9.55,4.68,15,0.727,2510,257.4,88.8,-1.58,558,0,156.6,24.36,25.43,0.568,0.981,0.0,0,0,3,10,-42084.97,-18832.76,-42084.97,2582,-3564.1,1923
mappo_s2042,mappo,2042,1010,28.89,12.6,4.72,17,0.823,2506,262.2,90.8,-1.604,558,0,155.37,23.52,24.59,0.552,0.982,0.0,0,0,3,10,-41501.93,-19043.59,-41501.93,2582,-3617.7,1925
mappo_s2042,mappo,2042,1011,33.72,15.74,4.77,18,0.97,2513,269.8,93.7,-1.618,559,0,156.28,24.04,25.14,0.569,0.976,0.0,0,0,5,10,-42272.06,-19154.2,-42272.06,2582,-3641.1,1917
mappo_s2042,mappo,2042,1012,31.37,14.37,4.7,17,0.89,2511,266.1,92.3,-1.583,558,0,154.76,23.41,24.66,0.551,0.982,0.0,0,0,3,9,-41517.2,-18924.62,-41517.2,2582,-3571.4,1925
mappo_s2042,mappo,2042,1013,26.79,10.71,4.77,16,0.769,2507,259.8,89.7,-1.607,558,0,156.91,24.69,26.06,0.586,0.984,0.0,0,0,3,10,-42709.66,-19197.87,-42709.66,2582,-3625.8,1924
mappo_s2042,mappo,2042,1014,26.94,11.0,4.7,17,0.77,2509,259.4,89.7,-1.585,561,0,155.95,24.2,25.54,0.567,0.981,0.0,0,0,3,10,-41619.12,-18947.17,-41619.12,2582,-3581.0,1925
mappo_s2042,mappo,2042,1015,33.09,15.75,5.54,17,0.921,2505,269.5,93.5,-1.916,557,0,156.0,24.36,25.49,0.559,0.981,0.0,0,0,5,11,-45948.74,-22517.96,-45948.74,2582,-4327.7,1927
mappo_s2042,mappo,2042,1016,31.88,14.64,4.55,15,0.895,2506,266.1,92.4,-1.538,560,0,155.09,23.5,24.69,0.535,0.985,0.0,0,0,2,10,-40805.52,-18327.75,-40805.52,2582,-3469.6,1925
mappo_s2042,mappo,2042,1017,27.14,11.15,4.61,16,0.792,2509,259.8,89.8,-1.56,566,0,156.7,24.23,25.37,0.584,0.981,0.0,0,0,4,10,-41562.33,-18756.71,-41562.33,2582,-3561.4,1946
mappo_s2042,mappo,2042,1018,30.3,13.53,4.46,16,0.868,2509,264.0,91.6,-1.502,564,0,155.75,23.77,24.87,0.562,0.983,0.0,0,0,4,9,-40368.45,-18060.32,-40368.45,2582,-3416.6,1940
mappo_s2042,mappo,2042,1019,28.75,12.38,4.72,18,0.803,2508,262.3,90.8,-1.607,560,0,156.07,24.26,25.79,0.556,0.979,0.0,0,0,4,10,-41949.83,-19033.74,-41949.83,2582,-3624.4,1925
mappo_s2042,mappo,2042,1020,26.29,10.4,4.85,16,0.768,2507,258.5,89.3,-1.643,558,0,156.3,24.34,25.59,0.579,0.986,0.0,0,0,4,9,-42505.02,-19562.71,-42505.02,2582,-3707.2,1925
mappo_s2042,mappo,2042,1021,31.73,14.62,4.73,16,0.895,2508,266.7,92.5,-1.598,558,0,155.2,23.79,25.15,0.56,0.977,0.0,0,0,3,10,-41511.95,-19034.13,-41511.95,2582,-3600.1,1921
mappo_s2042,mappo,2042,1022,30.73,13.81,4.83,16,0.866,2511,265.3,91.9,-1.646,558,0,156.16,24.09,25.15,0.573,0.977,0.0,0,0,4,10,-42511.3,-19492.66,-42511.3,2582,-3712.5,1924
mappo_s2042,mappo,2042,1023,30.4,13.55,4.82,18,0.876,2506,264.6,91.7,-1.637,557,0,155.62,23.83,24.76,0.56,0.969,0.0,0,0,4,10,-42262.02,-19470.12,-42262.02,2582,-3698.2,1927
mappo_s2042,mappo,2042,1024,31.22,13.97,4.9,15,0.892,2508,266.4,92.3,-1.661,554,0,156.46,24.38,25.73,0.578,0.982,0.0,0,0,3,10,-42853.01,-19694.62,-42853.01,2582,-3726.5,1916
mappo_s2042,mappo,2042,1025,30.51,13.56,4.83,16,0.908,2510,264.4,91.7,-1.649,556,0,155.47,23.81,25.07,0.562,0.972,0.0,0,0,4,10,-42186.29,-19441.06,-42186.29,2582,-3714.6,1922
mappo_s2042,mappo,2042,1026,28.8,12.33,4.65,16,0.808,2512,262.8,91.0,-1.56,561,0,155.51,23.98,25.05,0.565,0.976,0.0,0,0,4,11,-41504.18,-18677.99,-41504.18,2582,-3515.5,1919
mappo_s2042,mappo,2042,1027,28.43,12.16,4.59,15,0.811,2509,262.1,90.7,-1.546,561,0,155.54,23.88,25.06,0.593,0.984,0.0,0,0,3,9,-41163.98,-18417.49,-41163.98,2582,-3482.9,1919
mappo_s2042,mappo,2042,1028,24.81,9.4,4.68,16,0.707,2510,255.8,88.3,-1.587,560,0,155.69,23.69,24.78,0.533,0.982,0.0,0,0,3,10,-41627.57,-18902.99,-41627.57,2582,-3588.9,1928
mappo_s2042,mappo,2042,1029,28.22,11.76,4.89,17,0.82,2506,261.5,90.5,-1.668,557,0,156.15,24.28,25.5,0.563,0.968,0.0,0,0,4,9,-42872.94,-19657.17,-42872.94,2582,-3748.7,1917
mappo_s2042,mappo,2042,1030,27.94,11.99,4.88,17,0.794,2507,260.8,90.3,-1.669,553,0,155.15,23.56,24.57,0.542,0.982,0.0,0,0,3,10,-42100.87,-19622.12,-42100.87,2582,-3751.0,1917
mappo_s4042,mappo,4042,1001,25.98,10.15,4.36,14,0.726,2510,257.6,89.0,-1.46,559,0,156.44,24.58,26.06,0.579,0.97,0.0,0,0,4,10,-40172.83,-17440.11,-40172.83,2582,-3288.6,1922
mappo_s4042,mappo,4042,1002,28.47,12.3,4.34,15,0.792,2513,261.0,90.4,-1.451,559,0,156.3,24.47,25.64,0.591,0.973,0.0,0,0,3,10,-39539.48,-17311.34,-39539.48,2582,-3264.7,1917
mappo_s4042,mappo,4042,1003,33.63,15.71,4.34,17,0.947,2511,268.6,93.4,-1.457,564,0,155.97,24.01,25.2,0.567,0.982,0.0,0,0,4,11,-39604.76,-17473.69,-39604.76,2582,-3305.4,1932
mappo_s4042,mappo,4042,1004,30.07,13.57,4.23,15,0.849,2511,263.4,91.4,-1.412,564,0,155.18,23.78,25.07,0.578,0.975,0.0,0,0,3,10,-38817.88,-16998.45,-38817.88,2582,-3201.7,1932
mappo_s4042,mappo,4042,1005,28.42,12.03,4.37,17,0.801,2510,261.1,90.4,-1.459,560,0,156.21,24.49,25.91,0.586,0.98,0.0,0,0,3,10,-39964.58,-17494.1,-39964.58,2582,-3295.7,1925
mappo_s4042,mappo,4042,1006,30.02,13.34,4.31,15,0.856,2511,263.5,91.4,-1.454,559,0,155.79,23.92,24.88,0.578,0.975,0.0,0,0,3,10,-39261.79,-17198.65,-39261.79,2582,-3266.5,1916
mappo_s4042,mappo,4042,1007,27.84,11.81,3.97,14,0.815,2510,258.7,89.7,-1.314,559,0,155.87,23.86,24.97,0.562,0.985,0.0,0,0,3,10,-37334.1,-15772.73,-37334.1,2582,-2956.5,1919
mappo_s4042,mappo,4042,1008,26.43,10.79,4.35,15,0.746,2510,258.1,89.3,-1.457,559,0,156.17,24.07,25.19,0.579,0.979,0.0,0,0,3,10,-39878.18,-17354.27,-39878.18,2582,-3281.7,1919
mappo_s4042,mappo,4042,1009,24.15,8.76,4.33,17,0.686,2511,254.7,87.9,-1.443,559,0,156.94,24.69,26.04,0.609,0.973,0.0,0,0,4,10,-40054.79,-17268.8,-40054.79,2582,-3246.7,1916
mappo_s4042,mappo,4042,1010,28.88,12.44,4.39,16,0.813,2509,261.8,90.7,-1.473,559,0,156.14,24.29,25.11,0.578,0.971,0.0,0,0,3,10,-39733.52,-17524.67,-39733.52,2582,-3314.6,1917
mappo_s4042,mappo,4042,1011,32.69,15.03,4.31,15,0.93,2512,267.2,92.8,-1.443,559,0,156.36,24.11,25.12,0.588,0.971,0.0,0,0,4,10,-39653.37,-17188.84,-39653.37,2582,-3247.7,1917
mappo_s4042,mappo,4042,1012,30.28,13.58,4.19,16,0.837,2510,263.2,91.3,-1.396,559,0,155.04,23.68,24.76,0.555,0.985,0.0,0,0,4,9,-38618.03,-16728.8,-38618.03,2582,-3145.6,1920
mappo_s4042,mappo,4042,1013,27.09,10.97,4.41,15,0.752,2510,259.5,89.7,-1.479,560,0,157.01,24.76,26.31,0.59,0.984,0.0,0,0,5,9,-40841.32,-17661.16,-40841.32,2582,-3337.6,1924
mappo_s4042,mappo,4042,1014,24.81,9.09,4.46,15,0.689,2509,256.5,88.5,-1.488,560,0,156.38,24.62,26.0,0.578,0.981,0.0,0,0,4,9,-40463.42,-17882.16,-40463.42,2582,-3356.3,1925
mappo_s4042,mappo,4042,1015,31.6,14.62,4.35,16,0.84,2512,265.9,92.3,-1.461,562,0,156.3,24.66,26.05,0.586,0.971,0.0,0,0,5,10,-39775.01,-17453.75,-39775.01,2582,-3305.2,1928
mappo_s4042,mappo,4042,1016,32.05,14.85,4.31,16,0.881,2510,266.0,92.4,-1.455,559,0,155.3,23.71,24.94,0.55,0.976,0.0,0,0,3,10,-39278.59,-17215.7,-39278.59,2582,-3273.5,1917
mappo_s4042,mappo,4042,1017,25.99,10.32,4.25,14,0.761,2511,257.3,89.0,-1.415,571,0,157.05,24.57,25.82,0.618,0.978,0.0,0,0,3,9,-39852.77,-17270.49,-39852.77,2582,-3248.5,1955
mappo_s4042,mappo,4042,1018,27.42,11.24,4.23,15,0.815,2511,259.4,89.8,-1.413,565,0,156.19,24.22,25.57,0.584,0.981,0.0,0,0,4,9,-39292.47,-17081.91,-39292.47,2582,-3216.3,1941
mappo_s4042,mappo,4042,1019,27.5,11.57,4.28,13,0.754,2510,259.8,89.9,-1.432,559,0,156.1,24.26,25.47,0.579,0.977,0.0,0,0,4,10,-39393.37,-17070.68,-39393.37,2582,-3221.6,1916
mappo_s4042,mappo,4042,1020,24.11,9.02,4.03,15,0.711,2511,253.3,87.6,-1.34,559,0,156.45,24.46,25.85,0.591,0.972,0.0,0,0,3,10,-37710.6,-15997.12,-37710.6,2582,-3014.3,1919
mappo_s4042,mappo,4042,1021,29.46,12.96,4.27,16,0.837,2510,262.3,91.0,-1.436,559,0,155.21,23.78,25.16,0.568,0.979,0.0,0,0,3,10,-38828.96,-17015.74,-38828.96,2582,-3227.8,1914
mappo_s4042,mappo,4042,1022,30.37,13.65,4.33,15,0.853,2511,263.7,91.4,-1.448,559,0,156.18,24.09,25.24,0.583,0.978,0.0,0,0,5,10,-39798.08,-17246.07,-39798.08,2582,-3253.7,1914
mappo_s4042,mappo,4042,1023,29.77,13.09,4.36,13,0.815,2510,263.6,91.4,-1.462,559,0,156.1,24.33,25.41,0.581,0.98,0.0,0,0,4,10,-39856.37,-17401.78,-39856.37,2582,-3289.9,1919
mappo_s4042,mappo,4042,1024,30.02,13.22,4.33,17,0.839,2511,263.4,91.3,-1.452,559,0,156.31,24.24,25.6,0.575,0.981,0.0,0,0,4,10,-39726.64,-17258.01,-39726.64,2582,-3261.7,1916
mappo_s4042,mappo,4042,1025,29.07,12.32,4.23,13,0.833,2512,261.7,90.6,-1.411,559,0,155.87,24.18,25.54,0.562,0.982,0.0,0,0,3,9,-39009.99,-16879.62,-39009.99,2582,-3178.8,1919
mappo_s4042,mappo,4042,1026,28.04,11.93,4.31,14,0.787,2512,260.3,90.2,-1.436,560,0,155.73,24.19,25.11,0.589,0.977,0.0,0,0,4,11,-39305.44,-17206.97,-39305.44,2582,-3235.6,1922
mappo_s4042,mappo,4042,1027,28.29,12.03,4.51,16,0.797,2509,261.8,90.6,-1.518,559,0,155.7,24.04,25.3,0.589,0.982,0.0,0,0,3,9,-40907.0,-18083.72,-40907.0,2582,-3424.4,1922
mappo_s4042,mappo,4042,1028,25.03,9.7,4.09,14,0.734,2512,254.6,88.1,-1.37,560,0,156.14,24.12,25.41,0.553,0.985,0.0,0,0,4,9,-38110.55,-16268.25,-38110.55,2582,-3091.1,1922
mappo_s4042,mappo,4042,1029,27.8,11.51,4.39,15,0.788,2508,260.1,90.0,-1.481,559,0,156.59,24.71,26.14,0.593,0.972,0.0,0,0,4,10,-40004.98,-17514.92,-40004.98,2582,-3328.2,1916
mappo_s4042,mappo,4042,1030,24.28,9.22,4.03,14,0.692,2507,253.8,87.8,-1.336,559,0,155.7,24.08,25.39,0.567,0.979,0.0,0,0,4,11,-37531.77,-15961.83,-37531.77,2582,-2996.9,1911
mappo_s42,mappo,42,1001,25.25,9.65,4.43,17,0.73,2506,256.1,88.5,-1.491,559,0,155.77,23.9,25.1,0.551,0.981,0.0,0,0,4,10,-40227.79,-17739.5,-40227.79,2582,-3359.9,1922
mappo_s42,mappo,42,1002,28.84,12.5,4.5,18,0.797,2511,262.0,90.8,-1.502,556,0,155.79,23.96,25.1,0.54,0.989,0.0,0,0,4,9,-40609.45,-18029.19,-40609.45,2582,-3384.6,1923
mappo_s42,mappo,42,1003,31.06,13.88,4.35,17,0.878,2509,265.0,91.9,-1.464,563,0,155.67,23.73,24.66,0.559,0.985,0.0,0,0,4,10,-39926.39,-17538.08,-39926.39,2582,-3321.4,1935
mappo_s42,mappo,42,1004,30.53,13.75,4.44,18,0.855,2511,264.4,91.7,-1.487,558,0,154.85,23.41,24.45,0.537,0.986,0.0,0,0,3,11,-39970.13,-17891.04,-39970.13,2582,-3369.2,1932
mappo_s42,mappo,42,1005,29.43,12.94,4.43,18,0.794,2508,263.0,91.1,-1.482,558,0,155.83,24.09,25.33,0.537,0.987,0.0,0,0,4,11,-40358.85,-17827.29,-40358.85,2582,-3356.6,1932
mappo_s42,mappo,42,1006,29.77,13.06,4.46,16,0.848,2512,263.1,91.2,-1.523,558,0,155.41,23.53,24.62,0.552,0.983,0.0,0,0,3,10,-40123.52,-17863.57,-40123.52,2582,-3427.8,1920
mappo_s42,mappo,42,1007,27.61,11.6,4.34,18,0.799,2510,259.7,89.9,-1.467,563,0,155.68,23.65,24.61,0.558,0.987,0.0,0,0,3,10,-39783.03,-17471.44,-39783.03,2582,-3322.0,1932
mappo_s42,mappo,42,1008,28.07,11.88,4.44,23,0.784,2509,260.7,90.3,-1.507,559,0,155.8,23.7,24.56,0.554,0.986,0.0,0,0,4,10,-40382.1,-17790.73,-40382.1,2582,-3396.1,1922
mappo_s42,mappo,42,1009,24.96,9.4,4.51,19,0.716,2511,256.5,88.6,-1.513,559,0,156.69,24.44,25.65,0.58,0.978,0.0,0,0,3,9,-40941.63,-18028.56,-40941.63,2582,-3409.7,1919
mappo_s42,mappo,42,1010,29.63,12.92,4.36,17,0.826,2509,263.0,91.2,-1.465,558,0,155.42,23.57,24.64,0.554,0.974,0.0,0,0,3,10,-39660.0,-17469.88,-39660.0,2582,-3300.6,1920
mappo_s42,mappo,42,1011,31.48,14.28,4.45,20,0.881,2510,265.9,92.3,-1.494,558,0,156.1,23.86,24.75,0.571,0.981,0.0,0,0,3,9,-40324.98,-17808.82,-40324.98,2582,-3361.3,1920
mappo_s42,mappo,42,1012,31.54,14.32,4.43,18,0.89,2511,265.5,92.2,-1.492,556,0,155.21,23.85,25.1,0.544,0.985,0.0,0,0,4,10,-39993.63,-17797.67,-39993.63,2582,-3369.4,1928
mappo_s42,mappo,42,1013,26.75,10.67,4.47,20,0.771,2510,258.8,89.4,-1.515,559,0,156.71,24.5,25.85,0.567,0.989,0.0,0,0,4,10,-40970.96,-17904.56,-40970.96,2582,-3418.0,1922
mappo_s42,mappo,42,1014,25.47,9.84,4.65,17,0.723,2508,257.5,88.9,-1.575,562,0,156.25,24.48,25.7,0.579,0.973,0.0,0,0,4,10,-41382.44,-18757.2,-41382.44,2582,-3566.6,1931
mappo_s42,mappo,42,1015,31.97,14.99,4.42,18,0.851,2508,266.4,92.5,-1.495,559,0,155.87,24.25,25.43,0.578,0.987,0.0,0,0,4,10,-40130.85,-17718.82,-40130.85,2582,-3373.3,1923
mappo_s42,mappo,42,1016,31.77,14.55,4.46,17,0.868,2506,266.1,92.4,-1.503,559,0,155.43,23.83,25.14,0.54,0.983,0.0,0,0,4,11,-40447.83,-17915.7,-40447.83,2582,-3390.3,1923
mappo_s42,mappo,42,1017,26.34,10.61,4.53,18,0.762,2508,258.4,89.3,-1.525,565,0,156.82,24.35,25.57,0.589,0.983,0.0,0,0,4,10,-41095.08,-18321.72,-41095.08,2582,-3473.3,1941
mappo_s42,mappo,42,1018,29.0,12.54,4.33,18,0.845,2507,261.9,90.7,-1.457,566,0,156.0,24.05,25.13,0.579,0.981,0.0,0,0,4,10,-39879.77,-17538.36,-39879.77,2582,-3322.7,1943
mappo_s42,mappo,42,1019,31.14,14.47,4.41,20,0.839,2508,265.2,92.0,-1.487,559,0,155.59,23.75,24.74,0.567,0.979,0.0,0,0,4,10,-39935.29,-17636.13,-39935.29,2582,-3350.0,1920
mappo_s42,mappo,42,1020,26.27,10.52,4.49,17,0.753,2509,258.1,89.2,-1.52,552,0,156.25,24.28,25.53,0.555,0.987,0.0,0,0,3,10,-40554.5,-18009.38,-40554.5,2582,-3429.6,1929
mappo_s42,mappo,42,1021,30.66,13.88,4.43,18,0.842,2507,264.9,91.9,-1.494,558,0,155.19,23.77,24.9,0.565,0.981,0.0,0,0,4,9,-39850.88,-17715.59,-39850.88,2582,-3360.9,1920
mappo_s42,mappo,42,1022,31.5,14.27,4.44,18,0.893,2509,266.0,92.3,-1.499,559,0,156.02,23.95,24.8,0.567,0.982,0.0,0,0,4,10,-40462.36,-17805.68,-40462.36,2582,-3377.0,1922
mappo_s42,mappo,42,1023,30.74,13.96,4.47,17,0.84,2505,264.9,91.9,-1.501,558,0,155.72,23.95,24.74,0.56,0.982,0.0,0,0,3,10,-40233.16,-17897.02,-40233.16,2582,-3380.9,1920
mappo_s42,mappo,42,1024,28.06,11.68,4.44,16,0.778,2509,260.8,90.3,-1.493,559,0,156.4,24.31,25.65,0.552,0.986,0.0,0,0,4,10,-40264.18,-17782.49,-40264.18,2582,-3367.9,1922
mappo_s42,mappo,42,1025,28.72,12.16,4.5,17,0.847,2509,261.8,90.7,-1.526,559,0,155.64,23.95,24.83,0.567,0.986,0.0,0,0,3,10,-40273.84,-18008.92,-40273.84,2582,-3437.6,1920
mappo_s42,mappo,42,1026,28.09,11.88,4.35,17,0.792,2510,260.7,90.3,-1.456,560,0,155.57,24.05,24.89,0.544,0.975,0.0,0,0,4,10,-39656.49,-17425.63,-39656.49,2582,-3281.1,1922
mappo_s42,mappo,42,1027,28.77,12.36,4.38,20,0.813,2507,261.5,90.6,-1.475,559,0,155.71,24.04,25.26,0.572,0.988,0.0,0,0,3,10,-39855.34,-17526.59,-39855.34,2582,-3327.2,1923
mappo_s42,mappo,42,1028,25.74,10.0,4.49,15,0.735,2510,257.4,88.9,-1.526,559,0,156.15,24.15,25.22,0.552,0.977,0.0,0,0,4,10,-40653.59,-18018.09,-40653.59,2582,-3442.6,1923
mappo_s42,mappo,42,1029,28.55,12.27,4.49,19,0.809,2508,261.4,90.5,-1.522,556,0,156.17,24.28,25.48,0.568,0.983,0.0,0,0,4,10,-40384.12,-17993.96,-40384.12,2582,-3424.6,1920
mappo_s42,mappo,42,1030,24.93,9.52,4.44,19,0.713,2508,255.9,88.4,-1.5,558,0,155.48,23.87,25.06,0.546,0.981,0.0,0,0,3,10,-39964.45,-17789.52,-39964.45,2582,-3374.2,1920
ql_colas_s2042,ql_colas,2042,1001,29.88,11.35,5.39,23,1.145,2503,271.6,93.3,-1.798,725,0,169.06,37.22,39.57,1.467,0.498,0.0,0,0,6,11,-49661.4,-21223.3,-49661.4,2582,-4056.1,1821
ql_colas_s2042,ql_colas,2042,1002,33.16,13.81,5.16,28,1.218,2504,276.1,95.1,-1.721,711,0,168.04,36.21,38.42,1.413,0.54,0.0,0,0,6,11,-48498.5,-20326.2,-48498.5,2582,-3883.7,1830
ql_colas_s2042,ql_colas,2042,1003,38.49,17.34,5.24,18,1.379,2507,283.4,98.0,-1.76,715,0,168.11,36.16,38.83,1.449,0.519,0.0,0,0,7,14,-49051.7,-20730.6,-49051.7,2582,-3990.6,1839
ql_colas_s2042,ql_colas,2042,1004,34.54,14.84,5.38,22,1.285,2506,278.6,96.1,-1.787,735,0,168.64,37.22,39.33,1.5,0.509,0.0,0,0,6,12,-49373.9,-21197.6,-49373.9,2582,-4041.8,1819
ql_colas_s2042,ql_colas,2042,1005,33.61,14.06,5.28,25,1.253,2506,276.9,95.4,-1.753,720,0,168.16,36.44,38.2,1.445,0.53,0.0,0,0,7,10,-49280.4,-20747.1,-49280.4,2582,-3943.5,1819
ql_colas_s2042,ql_colas,2042,1006,32.2,12.89,5.23,26,1.211,2503,274.2,94.4,-1.746,718,0,168.56,36.71,39.25,1.416,0.553,0.0,0,0,6,10,-48742.2,-20506.5,-48742.2,2582,-3923.8,1817
ql_colas_s2042,ql_colas,2042,1007,34.45,14.62,5.23,18,1.25,2507,278.4,96.0,-1.754,732,0,168.69,36.69,38.61,1.405,0.554,0.0,0,0,6,10,-49265.7,-20578.6,-49265.7,2582,-3956.3,1817
ql_colas_s2042,ql_colas,2042,1008,31.16,12.2,5.19,21,1.197,2506,273.3,94.0,-1.731,733,0,168.54,36.46,38.89,1.444,0.519,0.0,0,0,5,13,-49106.0,-20418.5,-49106.0,2582,-3899.3,1813
ql_colas_s2042,ql_colas,2042,1009,29.83,11.01,5.11,22,1.14,2504,271.6,93.3,-1.701,723,0,169.04,36.79,39.17,1.419,0.549,0.0,0,0,6,10,-49002.4,-20075.6,-49002.4,2582,-3831.8,1818
ql_colas_s2042,ql_colas,2042,1010,32.49,13.31,5.11,19,1.198,2504,274.9,94.7,-1.7,726,0,167.69,35.86,37.56,1.39,0.565,0.0,0,0,6,11,-47979.9,-20090.6,-47979.9,2582,-3835.7,1821
ql_colas_s2042,ql_colas,2042,1011,35.83,15.53,5.41,20,1.325,2507,280.8,96.8,-1.818,726,0,169.47,37.25,39.43,1.487,0.506,0.0,0,0,6,12,-50206.9,-21186.4,-50206.9,2582,-4084.3,1812
ql_colas_s2042,ql_colas,2042,1012,34.28,14.75,5.07,23,1.244,2503,277.9,95.8,-1.686,726,0,166.94,35.6,38.16,1.433,0.542,0.0,0,0,7,11,-47929.9,-19975.2,-47929.9,2582,-3807.8,1823
ql_colas_s2042,ql_colas,2042,1013,28.87,10.25,5.25,21,1.097,2507,269.9,92.6,-1.758,725,0,169.45,37.25,39.59,1.417,0.534,0.0,0,0,5,12,-49633.2,-20687.9,-49633.2,2582,-3966.8,1822
ql_colas_s2042,ql_colas,2042,1014,29.85,11.26,5.21,20,1.152,2505,271.1,93.2,-1.725,725,0,168.43,36.67,38.98,1.444,0.548,0.0,0,0,7,11,-48718.8,-20508.9,-48718.8,2582,-3897.5,1823
ql_colas_s2042,ql_colas,2042,1015,35.11,15.29,5.2,22,1.26,2507,279.4,96.4,-1.737,732,0,167.93,36.31,38.37,1.451,0.507,0.0,0,0,7,10,-48824.7,-20385.4,-48824.7,2582,-3908.5,1812
ql_colas_s2042,ql_colas,2042,1016,35.83,15.78,5.11,19,1.287,2507,279.7,96.6,-1.692,724,0,167.17,35.58,37.79,1.384,0.553,0.0,0,0,6,10,-47972.9,-20060.6,-47972.9,2582,-3812.3,1819
ql_colas_s2042,ql_colas,2042,1017,31.08,12.15,4.95,24,1.183,2505,272.9,93.9,-1.641,720,0,168.14,35.67,38.1,1.401,0.535,0.0,0,0,7,11,-48070.9,-19617.2,-48070.9,2582,-3736.5,1844
ql_colas_s2042,ql_colas,2042,1018,33.03,13.41,4.88,21,1.246,2503,276.1,95.1,-1.624,724,0,167.54,35.6,37.73,1.412,0.537,0.0,0,0,5,10,-47727.0,-19404.5,-47727.0,2582,-3703.0,1846
ql_colas_s2042,ql_colas,2042,1019,36.36,16.25,5.63,29,1.301,2506,281.1,97.0,-1.887,720,0,170.38,38.55,40.94,1.54,0.485,0.0,0,0,6,11,-51087.3,-22246.6,-51087.3,2582,-4274.0,1831
ql_colas_s2042,ql_colas,2042,1020,30.95,12.0,5.4,20,1.187,2504,272.6,93.8,-1.802,718,0,169.32,37.37,39.89,1.482,0.511,0.0,0,0,6,11,-49937.3,-21213.5,-49937.3,2582,-4059.3,1821
ql_colas_s2042,ql_colas,2042,1021,35.02,14.87,5.4,23,1.331,2504,280.0,96.5,-1.789,728,0,168.95,37.53,39.98,1.53,0.468,0.0,0,0,7,11,-50070.2,-21190.0,-50070.2,2582,-4024.4,1814
ql_colas_s2042,ql_colas,2042,1022,35.11,15.02,4.98,25,1.267,2507,279.1,96.3,-1.646,725,0,167.59,35.52,37.47,1.381,0.559,0.0,0,0,5,10,-47969.9,-19567.8,-47969.9,2582,-3714.2,1821
ql_colas_s2042,ql_colas,2042,1023,35.46,15.44,5.07,24,1.268,2506,279.3,96.4,-1.68,724,0,167.19,35.41,37.51,1.385,0.56,0.0,0,0,7,10,-47988.6,-19947.8,-47988.6,2582,-3789.9,1823
ql_colas_s2042,ql_colas,2042,1024,35.24,15.28,5.19,24,1.29,2506,278.7,96.2,-1.736,717,0,168.04,35.98,37.74,1.409,0.552,0.0,0,0,5,11,-48476.8,-20419.2,-48476.8,2582,-3916.5,1824
ql_colas_s2042,ql_colas,2042,1025,31.6,12.57,5.11,20,1.199,2507,273.5,94.1,-1.691,733,0,167.77,36.1,38.3,1.419,0.541,0.0,0,0,6,10,-48150.5,-20093.2,-48150.5,2582,-3814.4,1815
ql_colas_s2042,ql_colas,2042,1026,32.18,13.08,5.2,22,1.204,2502,274.3,94.5,-1.743,714,0,167.84,36.31,38.1,1.451,0.522,0.0,0,0,7,10,-48476.3,-20420.7,-48476.3,2582,-3922.1,1822
ql_colas_s2042,ql_colas,2042,1027,33.11,13.71,5.5,19,1.234,2508,276.1,95.1,-1.834,733,0,169.28,37.61,39.44,1.479,0.506,0.0,0,0,6,10,-50074.2,-21645.6,-50074.2,2582,-4132.9,1814
ql_colas_s2042,ql_colas,2042,1028,28.85,10.22,5.31,20,1.153,2508,269.8,92.6,-1.769,722,0,169.77,37.76,40.8,1.532,0.481,0.0,0,0,7,11,-50224.5,-20930.9,-50224.5,2582,-3996.4,1826
ql_colas_s2042,ql_colas,2042,1029,31.58,12.49,5.18,24,1.187,2503,273.8,94.2,-1.722,724,0,168.53,36.64,39.16,1.432,0.538,0.0,0,0,6,10,-48751.0,-20299.9,-48751.0,2582,-3873.8,1816
ql_colas_s2042,ql_colas,2042,1030,30.92,12.07,5.13,26,1.167,2501,272.8,93.8,-1.708,724,0,167.92,36.31,38.87,1.422,0.55,0.0,0,0,6,11,-48217.5,-20117.4,-48217.5,2582,-3843.7,1816
ql_colas_s4042,ql_colas,4042,1001,27.5,9.61,3.99,18,0.99,2509,268.0,92.1,-1.3,833,0,163.96,32.09,34.48,1.132,0.675,0.0,0,0,5,9,-42877.2,-15677.5,-42877.2,2582,-2939.8,1763
ql_colas_s4042,ql_colas,4042,1002,35.02,15.05,5.38,18,1.32,2503,280.6,96.7,-1.788,830,0,170.43,38.6,40.27,1.599,0.444,0.0,0,0,6,9,-50099.2,-21264.2,-50099.2,2582,-4050.2,1768
ql_colas_s4042,ql_colas,4042,1003,37.69,16.45,4.6,18,1.367,2504,283.8,98.0,-1.508,834,0,167.5,35.54,37.92,1.467,0.521,0.0,0,0,6,10,-46803.7,-18152.4,-46803.7,2582,-3424.9,1771
ql_colas_s4042,ql_colas,4042,1004,29.79,11.29,4.17,18,1.082,2507,272.0,93.5,-1.36,832,0,164.91,33.48,35.81,1.227,0.643,0.0,0,0,5,9,-44183.3,-16430.8,-44183.3,2582,-3084.5,1769
ql_colas_s4042,ql_colas,4042,1005,32.03,12.96,4.07,18,1.087,2505,274.6,94.6,-1.329,831,0,164.13,32.4,34.92,1.127,0.698,0.0,0,0,6,10,-43195.7,-15984.5,-43195.7,2582,-3002.6,1761
ql_colas_s4042,ql_colas,4042,1006,31.55,12.22,4.89,17,1.222,2507,275.6,94.7,-1.614,829,0,168.93,37.05,39.87,1.57,0.464,0.0,0,0,7,11,-48333.6,-19177.7,-48333.6,2582,-3640.9,1759
ql_colas_s4042,ql_colas,4042,1007,32.43,13.03,4.6,18,1.197,2503,276.2,95.0,-1.511,831,0,168.0,36.01,38.58,1.428,0.537,0.0,0,0,7,11,-46756.1,-18119.7,-46756.1,2582,-3422.7,1767
ql_colas_s4042,ql_colas,4042,1008,29.73,10.89,4.54,16,1.146,2508,272.3,93.5,-1.503,835,0,168.19,36.11,38.03,1.474,0.518,0.0,0,0,5,10,-46924.4,-17885.2,-46924.4,2582,-3399.8,1762
ql_colas_s4042,ql_colas,4042,1009,27.1,8.8,4.68,18,1.057,2506,268.5,92.0,-1.544,830,0,168.81,36.59,39.55,1.445,0.526,0.0,0,0,6,10,-47372.6,-18393.3,-47372.6,2582,-3493.3,1765
ql_colas_s4042,ql_colas,4042,1010,32.48,13.08,4.87,20,1.24,2504,276.5,95.2,-1.611,831,0,168.53,36.68,38.96,1.497,0.517,0.0,0,0,7,12,-47598.3,-19158.7,-47598.3,2582,-3644.2,1764
ql_colas_s4042,ql_colas,4042,1011,35.98,15.18,4.27,19,1.278,2503,281.0,96.9,-1.401,826,0,166.64,34.42,37.02,1.345,0.576,0.0,0,0,5,9,-45452.6,-16746.5,-45452.6,2582,-3156.3,1757
ql_colas_s4042,ql_colas,4042,1012,32.9,13.8,4.15,19,1.115,2505,276.0,95.2,-1.354,831,0,164.01,32.66,34.48,1.177,0.663,0.0,0,0,5,10,-43211.6,-16339.7,-43211.6,2582,-3062.3,1764
ql_colas_s4042,ql_colas,4042,1013,30.29,11.04,4.72,19,1.193,2505,273.9,93.9,-1.551,834,0,169.45,37.22,40.54,1.544,0.478,0.0,0,0,6,11,-48443.8,-18579.7,-48443.8,2582,-3513.8,1765
ql_colas_s4042,ql_colas,4042,1014,28.5,10.02,4.28,16,1.064,2506,270.2,92.7,-1.405,835,0,166.3,34.54,37.37,1.318,0.584,0.0,0,0,5,10,-44913.7,-16887.3,-44913.7,2582,-3185.6,1767
ql_colas_s4042,ql_colas,4042,1015,32.36,13.42,4.21,16,1.112,2504,274.9,94.7,-1.372,835,0,164.79,33.17,35.08,1.226,0.658,0.0,0,0,5,9,-43612.2,-16656.6,-43612.2,2582,-3119.2,1772
ql_colas_s4042,ql_colas,4042,1016,35.72,15.51,4.66,17,1.289,2504,280.7,96.9,-1.544,832,0,167.76,36.17,39.13,1.494,0.497,0.0,0,0,6,10,-46846.5,-18375.2,-46846.5,2582,-3505.9,1771
ql_colas_s4042,ql_colas,4042,1017,27.59,9.48,4.59,17,1.074,2505,268.9,92.3,-1.523,838,0,168.13,35.68,38.24,1.433,0.531,0.0,0,0,7,12,-46516.9,-18179.5,-46516.9,2582,-3471.9,1776
ql_colas_s4042,ql_colas,4042,1018,32.29,12.98,4.54,19,1.206,2506,275.8,94.9,-1.506,836,0,167.09,35.15,37.57,1.402,0.561,0.0,0,0,6,11,-46239.5,-17921.0,-46239.5,2582,-3420.3,1769
ql_colas_s4042,ql_colas,4042,1019,31.25,11.98,4.77,18,1.192,2508,275.5,94.6,-1.576,836,0,169.34,37.52,40.69,1.565,0.467,0.0,0,0,7,10,-48469.4,-18820.2,-48469.4,2582,-3573.3,1767
ql_colas_s4042,ql_colas,4042,1020,28.43,10.59,3.98,16,0.996,2504,268.5,92.4,-1.307,831,0,163.42,31.46,33.11,1.093,0.727,0.0,0,0,5,8,-42059.8,-15635.5,-42059.8,2582,-2953.0,1762
ql_colas_s4042,ql_colas,4042,1021,32.2,13.01,4.43,16,1.185,2505,275.6,94.9,-1.445,834,0,165.78,34.36,36.93,1.346,0.57,0.0,0,0,6,11,-45169.7,-17390.9,-45169.7,2582,-3267.7,1762
ql_colas_s4042,ql_colas,4042,1022,33.59,13.78,4.27,18,1.199,2509,277.1,95.5,-1.4,835,0,166.21,34.13,36.64,1.306,0.612,0.0,0,0,5,9,-44937.8,-16799.8,-44937.8,2582,-3170.2,1763
ql_colas_s4042,ql_colas,4042,1023,32.3,12.91,4.19,17,1.167,2505,275.7,94.9,-1.381,832,0,165.73,33.97,36.22,1.329,0.57,0.0,0,0,5,8,-44755.1,-16473.2,-44755.1,2582,-3120.2,1761
ql_colas_s4042,ql_colas,4042,1024,32.73,13.6,4.04,18,1.108,2505,275.4,95.0,-1.313,828,0,164.09,32.02,33.77,1.093,0.708,0.0,0,0,5,9,-42690.5,-15880.4,-42690.5,2582,-2965.5,1761
ql_colas_s4042,ql_colas,4042,1025,30.24,11.25,4.79,18,1.187,2506,273.3,93.9,-1.58,833,0,168.31,36.64,38.88,1.494,0.519,0.0,0,0,5,11,-47608.7,-18871.6,-47608.7,2582,-3574.5,1761
ql_colas_s4042,ql_colas,4042,1026,31.16,11.89,4.38,17,1.177,2508,273.8,94.2,-1.444,829,0,166.3,34.78,36.89,1.397,0.543,0.0,0,0,5,10,-45601.7,-17238.0,-45601.7,2582,-3266.1,1766
ql_colas_s4042,ql_colas,4042,1027,30.66,11.88,4.12,17,1.115,2504,272.4,93.8,-1.333,830,0,164.4,32.74,34.65,1.226,0.644,0.0,0,0,5,9,-43371.0,-16168.4,-43371.0,2582,-3012.4,1760
ql_colas_s4042,ql_colas,4042,1028,27.35,9.44,4.12,16,0.992,2504,267.3,91.8,-1.353,830,0,164.75,32.73,35.34,1.145,0.678,0.0,0,0,4,9,-43698.8,-16206.8,-43698.8,2582,-3057.1,1762
ql_colas_s4042,ql_colas,4042,1029,30.64,11.75,4.7,17,1.159,2503,273.7,94.1,-1.542,836,0,167.75,35.87,38.19,1.436,0.53,0.0,0,0,5,10,-46654.4,-18477.8,-46654.4,2582,-3488.8,1761
ql_colas_s4042,ql_colas,4042,1030,28.36,9.95,4.17,19,1.035,2505,269.7,92.6,-1.374,829,0,164.98,33.39,36.18,1.217,0.633,0.0,0,0,5,9,-44215.3,-16374.6,-44215.3,2582,-3099.6,1759
ql_colas_s42,ql_colas,42,1001,30.28,11.39,5.47,21,1.213,2503,272.5,93.6,-1.826,740,0,169.94,38.05,40.65,1.543,0.467,0.0,0,0,6,11,-50489.8,-21515.4,-50489.8,2582,-4124.1,1815
ql_colas_s42,ql_colas,42,1002,33.73,14.13,5.23,23,1.238,2507,277.5,95.6,-1.738,742,0,168.81,36.96,39.47,1.468,0.507,0.0,0,0,6,10,-49133.1,-20472.4,-49133.1,2582,-3911.5,1805
ql_colas_s42,ql_colas,42,1003,40.87,18.75,5.63,28,1.469,2510,288.4,99.8,-1.883,756,0,170.99,39.04,41.92,1.593,0.449,0.0,0,0,7,11,-51731.6,-22251.8,-51731.6,2582,-4264.2,1813
ql_colas_s42,ql_colas,42,1004,34.14,14.42,5.35,22,1.297,2508,278.4,95.9,-1.769,745,0,169.15,37.73,40.08,1.554,0.471,0.0,0,0,6,10,-49525.8,-21065.6,-49525.8,2582,-4000.8,1814
ql_colas_s42,ql_colas,42,1005,32.57,13.2,5.03,22,1.224,2505,275.8,95.0,-1.67,751,0,168.29,36.56,38.72,1.467,0.502,0.0,0,0,7,11,-48495.1,-19819.0,-48495.1,2582,-3778.2,1811
ql_colas_s42,ql_colas,42,1006,33.06,13.53,5.06,23,1.238,2506,276.0,95.1,-1.684,744,0,167.98,36.11,38.01,1.429,0.535,0.0,0,0,7,11,-48017.3,-19826.0,-48017.3,2582,-3788.1,1803
ql_colas_s42,ql_colas,42,1007,32.15,12.94,4.96,20,1.216,2505,275.0,94.7,-1.641,766,0,168.15,36.14,37.45,1.431,0.519,0.0,0,0,6,10,-47843.1,-19513.3,-47843.1,2582,-3706.8,1799
ql_colas_s42,ql_colas,42,1008,30.54,11.67,5.18,19,1.169,2501,273.0,93.8,-1.721,748,0,169.24,37.17,39.31,1.455,0.531,0.0,0,0,5,10,-49167.8,-20285.5,-49167.8,2582,-3872.8,1801
ql_colas_s42,ql_colas,42,1009,30.23,11.15,5.06,19,1.155,2505,272.7,93.6,-1.693,754,0,169.74,37.49,39.76,1.484,0.506,0.0,0,0,5,11,-49307.5,-19897.1,-49307.5,2582,-3818.7,1806
ql_colas_s42,ql_colas,42,1010,33.81,14.11,4.88,25,1.223,2508,277.0,95.5,-1.61,745,0,167.81,35.97,37.97,1.409,0.546,0.0,0,0,6,11,-47045.4,-19107.6,-47045.4,2582,-3621.4,1803
ql_colas_s42,ql_colas,42,1011,36.5,15.91,5.23,28,1.342,2503,281.7,97.2,-1.739,737,0,169.38,37.15,39.62,1.496,0.509,0.0,0,0,7,10,-49642.2,-20511.9,-49642.2,2582,-3923.7,1814
ql_colas_s42,ql_colas,42,1012,36.16,15.81,5.1,26,1.331,2508,281.3,97.1,-1.686,746,0,168.4,37.04,39.79,1.526,0.473,0.0,0,0,6,11,-48676.8,-20022.2,-48676.8,2582,-3804.5,1810
ql_colas_s42,ql_colas,42,1013,29.88,10.84,5.33,21,1.185,2509,272.3,93.4,-1.773,748,0,170.52,38.3,41.23,1.53,0.463,0.0,0,0,7,11,-50783.5,-20920.0,-50783.5,2582,-4000.0,1806
ql_colas_s42,ql_colas,42,1014,28.41,9.91,4.99,18,1.126,2507,269.7,92.5,-1.669,757,0,168.62,36.87,39.41,1.466,0.507,0.0,0,0,6,10,-48222.9,-19638.2,-48222.9,2582,-3776.0,1808
ql_colas_s42,ql_colas,42,1015,35.03,15.35,5.17,24,1.25,2507,279.4,96.4,-1.721,748,0,167.9,36.29,38.13,1.451,0.515,0.0,0,0,6,11,-48540.4,-20245.3,-48540.4,2582,-3872.4,1802
ql_colas_s42,ql_colas,42,1016,37.89,16.86,5.19,21,1.377,2503,284.0,98.1,-1.725,753,0,168.91,37.32,39.8,1.52,0.477,0.0,0,0,6,11,-49285.0,-20435.7,-49285.0,2582,-3903.0,1810
ql_colas_s42,ql_colas,42,1017,29.29,10.71,4.93,21,1.141,2502,270.5,92.9,-1.63,754,0,168.78,36.33,38.54,1.437,0.524,0.0,0,0,6,10,-48222.0,-19536.7,-48222.0,2582,-3705.6,1823
ql_colas_s42,ql_colas,42,1018,32.64,13.22,5.06,20,1.24,2505,276.3,95.1,-1.676,757,0,168.7,36.74,39.17,1.452,0.506,0.0,0,0,6,10,-48522.4,-20006.0,-48522.4,2582,-3805.3,1818
ql_colas_s42,ql_colas,42,1019,33.5,13.7,5.34,23,1.294,2502,277.9,95.6,-1.768,747,0,170.29,38.46,41.18,1.602,0.448,0.0,0,0,7,12,-50486.6,-21045.9,-50486.6,2582,-4005.4,1815
ql_colas_s42,ql_colas,42,1020,31.48,12.34,5.31,20,1.232,2505,274.3,94.3,-1.769,739,0,169.38,37.42,39.73,1.518,0.501,0.0,0,0,7,11,-49940.8,-20890.8,-49940.8,2582,-3990.2,1814
ql_colas_s42,ql_colas,42,1021,36.61,15.82,5.19,22,1.351,2506,282.7,97.5,-1.719,750,0,169.14,37.73,40.71,1.529,0.476,0.0,0,0,6,10,-49474.5,-20399.4,-49474.5,2582,-3878.7,1805
ql_colas_s42,ql_colas,42,1022,38.36,16.82,5.27,27,1.424,2504,284.6,98.3,-1.74,753,0,169.81,37.75,40.88,1.53,0.475,0.0,0,0,8,11,-50084.7,-20678.0,-50084.7,2582,-3920.5,1802
ql_colas_s42,ql_colas,42,1023,35.4,15.42,5.29,20,1.293,2504,279.7,96.5,-1.752,752,0,169.04,37.27,39.89,1.522,0.478,0.0,0,0,6,12,-49389.8,-20804.1,-49389.8,2582,-3958.1,1808
ql_colas_s42,ql_colas,42,1024,34.88,14.6,5.07,21,1.319,2504,279.2,96.2,-1.675,754,0,169.11,37.04,39.33,1.506,0.483,0.0,0,0,7,10,-48641.5,-19946.1,-48641.5,2582,-3783.5,1806
ql_colas_s42,ql_colas,42,1025,32.98,13.37,5.42,22,1.263,2503,276.6,95.2,-1.811,756,0,169.85,38.17,39.65,1.518,0.503,0.0,0,0,5,9,-49764.0,-21328.2,-49764.0,2582,-4091.5,1804
ql_colas_s42,ql_colas,42,1026,32.35,13.05,5.04,18,1.218,2509,275.4,94.8,-1.689,746,0,168.04,36.53,38.76,1.445,0.532,0.0,0,0,6,10,-48466.7,-19787.3,-48466.7,2582,-3805.0,1806
ql_colas_s42,ql_colas,42,1027,31.72,12.56,4.94,20,1.204,2504,274.4,94.4,-1.645,750,0,167.91,36.26,37.86,1.433,0.53,0.0,0,0,6,10,-47571.4,-19348.8,-47571.4,2582,-3705.5,1802
ql_colas_s42,ql_colas,42,1028,29.16,10.54,5.17,20,1.135,2504,270.0,92.7,-1.716,746,0,169.49,37.47,39.92,1.452,0.507,0.0,0,0,7,11,-48880.6,-20407.8,-48880.6,2582,-3887.6,1817
ql_colas_s42,ql_colas,42,1029,30.41,11.36,5.24,20,1.203,2506,272.9,93.7,-1.745,751,0,169.56,37.7,40.73,1.534,0.467,0.0,0,0,6,11,-49620.0,-20547.3,-49620.0,2582,-3925.4,1800
ql_colas_s42,ql_colas,42,1030,31.74,12.76,5.21,20,1.191,2503,274.0,94.3,-1.726,751,0,168.38,36.79,38.61,1.468,0.516,0.0,0,0,7,10,-48397.1,-20448.3,-48397.1,2582,-3884.5,1800
ql_s2042,ql,2042,1001,29.17,10.72,5.37,19,1.101,2504,269.4,92.6,-1.803,644,0,167.75,35.89,38.17,1.345,0.583,0.0,0,0,7,11,-49469.3,-21340.8,-49469.3,2582,-4083.4,1877
ql_s2042,ql,2042,1002,34.61,14.89,5.42,24,1.225,2508,277.1,95.6,-1.832,648,0,167.37,35.53,37.56,1.335,0.583,0.0,0,0,6,10,-49529.5,-21588.2,-49529.5,2582,-4155.5,1879
ql_s2042,ql,2042,1003,38.09,17.64,5.21,27,1.283,2502,281.4,97.5,-1.752,639,0,165.88,33.92,35.89,1.259,0.629,0.0,0,0,6,11,-47876.6,-20779.3,-47876.6,2582,-3983.9,1892
ql_s2042,ql,2042,1004,33.54,14.14,5.43,24,1.217,2507,276.5,95.3,-1.825,651,0,167.01,35.59,37.29,1.367,0.572,0.0,0,0,7,11,-49554.1,-21599.2,-49554.1,2582,-4133.4,1875
ql_s2042,ql,2042,1005,32.84,13.65,5.36,25,1.173,2505,274.6,94.7,-1.796,633,0,166.34,34.61,36.59,1.272,0.597,0.0,0,0,6,11,-49205.0,-21388.8,-49205.0,2582,-4079.8,1890
ql_s2042,ql,2042,1006,32.07,13.13,5.29,22,1.153,2506,273.5,94.2,-1.775,650,0,167.07,35.18,36.96,1.291,0.617,0.0,0,0,6,11,-48285.7,-21059.0,-48285.7,2582,-4024.9,1880
ql_s2042,ql,2042,1007,35.62,15.34,5.6,24,1.265,2505,279.8,96.5,-1.888,642,0,168.71,36.71,38.8,1.368,0.564,0.0,0,0,6,11,-51147.9,-22342.3,-51147.9,2582,-4281.6,1883
ql_s2042,ql,2042,1008,31.82,12.85,5.78,25,1.173,2504,274.1,94.4,-1.95,629,0,168.6,36.53,39.05,1.405,0.53,0.0,0,0,7,11,-51998.4,-23113.2,-51998.4,2582,-4434.9,1895
ql_s2042,ql,2042,1009,30.43,11.56,5.52,24,1.141,2507,271.9,93.4,-1.869,650,0,169.02,36.78,39.05,1.39,0.56,0.0,0,0,7,10,-51062.1,-22010.4,-51062.1,2582,-4239.5,1878
ql_s2042,ql,2042,1010,32.44,13.43,5.46,27,1.199,2506,274.5,94.6,-1.835,644,0,167.39,35.56,38.03,1.371,0.561,0.0,0,0,6,11,-49794.4,-21776.2,-49794.4,2582,-4167.0,1884
ql_s2042,ql,2042,1011,34.82,15.23,5.27,26,1.219,2502,277.0,95.7,-1.769,636,0,166.51,34.28,36.08,1.242,0.629,0.0,0,0,6,10,-48488.2,-20941.7,-48488.2,2582,-4002.0,1880
ql_s2042,ql,2042,1012,38.7,18.04,5.25,29,1.325,2507,283.4,98.1,-1.754,652,0,166.49,35.13,36.67,1.359,0.569,0.0,0,0,7,10,-48492.1,-20865.1,-48492.1,2582,-3984.2,1878
ql_s2042,ql,2042,1013,32.06,12.79,5.63,24,1.182,2505,273.9,94.2,-1.898,648,0,169.12,36.9,39.01,1.393,0.552,0.0,0,0,6,11,-51729.8,-22443.5,-51729.8,2582,-4305.0,1881
ql_s2042,ql,2042,1014,30.1,11.55,5.45,28,1.1,2505,270.6,93.0,-1.835,629,0,167.56,35.84,37.87,1.32,0.583,0.0,0,0,6,11,-49745.1,-21827.7,-49745.1,2582,-4178.0,1900
ql_s2042,ql,2042,1015,35.43,15.4,5.55,28,1.257,2505,279.2,96.4,-1.873,643,0,168.12,36.5,38.32,1.39,0.566,0.0,0,0,6,11,-50579.5,-22158.7,-50579.5,2582,-4258.1,1888
ql_s2042,ql,2042,1016,35.71,15.66,5.72,23,1.292,2504,279.8,96.6,-1.929,649,0,168.44,36.86,39.53,1.427,0.528,0.0,0,0,7,10,-51409.4,-22877.6,-51409.4,2582,-4392.4,1887
ql_s2042,ql,2042,1017,29.91,11.73,5.08,22,1.078,2510,269.3,92.7,-1.713,640,0,165.89,33.43,34.59,1.201,0.664,0.0,0,0,5,10,-47672.8,-20437.0,-47672.8,2582,-3911.7,1900
ql_s2042,ql,2042,1018,35.04,14.99,5.26,29,1.294,2505,278.7,96.2,-1.762,647,0,167.36,35.4,37.73,1.374,0.557,0.0,0,0,6,11,-49407.9,-21060.0,-49407.9,2582,-4022.2,1894
ql_s2042,ql,2042,1019,35.63,15.45,5.71,27,1.27,2505,280.1,96.6,-1.915,647,0,169.39,37.57,39.8,1.448,0.527,0.0,0,0,7,11,-51710.4,-22705.8,-51710.4,2582,-4343.3,1879
ql_s2042,ql,2042,1020,30.25,11.59,5.42,27,1.144,2509,271.1,93.3,-1.82,639,0,167.71,35.73,37.56,1.388,0.563,0.0,0,0,6,10,-49666.5,-21336.6,-49666.5,2582,-4088.6,1864
ql_s2042,ql,2042,1021,34.28,14.89,5.19,24,1.188,2507,276.5,95.5,-1.732,645,0,165.76,34.34,36.15,1.273,0.616,0.0,0,0,6,10,-47854.7,-20648.4,-47854.7,2582,-3921.9,1878
ql_s2042,ql,2042,1022,34.47,14.75,5.48,23,1.256,2506,277.3,95.6,-1.828,646,0,167.9,35.84,37.81,1.365,0.57,0.0,0,0,6,11,-50236.1,-21886.7,-50236.1,2582,-4157.6,1886
ql_s2042,ql,2042,1023,33.43,14.3,5.21,23,1.202,2499,274.9,94.9,-1.736,649,0,165.94,34.18,36.02,1.316,0.585,0.0,0,0,6,10,-48091.1,-20724.0,-48091.1,2582,-3942.3,1881
ql_s2042,ql,2042,1024,34.91,15.21,5.4,24,1.252,2508,277.6,95.8,-1.815,652,0,167.38,35.32,37.5,1.326,0.593,0.0,0,0,6,10,-49209.4,-21522.2,-49209.4,2582,-4122.6,1880
ql_s2042,ql,2042,1025,93.68,61.07,32.22,117,2.207,2371,368.8,130.6,-13.2,641,0,301.84,170.17,218.51,3.653,0.337,0.0,0,0,18,18,-242241.2,-181097.1,-242241.2,2582,-36036.3,2344
ql_s2042,ql,2042,1026,32.34,13.32,5.46,27,1.204,2504,274.7,94.6,-1.834,650,0,167.32,35.79,37.71,1.393,0.552,0.0,0,0,6,10,-49696.3,-21539.3,-49696.3,2582,-4133.1,1862
ql_s2042,ql,2042,1027,33.59,14.29,5.58,26,1.221,2505,276.3,95.3,-1.867,644,0,167.59,35.91,37.91,1.378,0.572,0.0,0,0,6,11,-50094.3,-22206.7,-50094.3,2582,-4233.7,1881
ql_s2042,ql,2042,1028,29.62,11.29,5.52,22,1.11,2506,269.8,92.8,-1.851,645,0,167.91,35.9,38.46,1.351,0.566,0.0,0,0,7,12,-50290.4,-22025.5,-50290.4,2582,-4198.7,1881
ql_s2042,ql,2042,1029,30.48,11.9,5.47,29,1.122,2503,270.9,93.2,-1.832,638,0,167.58,35.72,39.0,1.335,0.569,0.0,0,0,7,12,-49921.1,-21811.1,-49921.1,2582,-4165.0,1891
ql_s2042,ql,2042,1030,31.65,12.9,5.34,30,1.146,2506,273.4,94.2,-1.791,640,0,166.6,34.99,37.11,1.306,0.589,0.0,0,0,6,10,-48958.7,-21272.6,-48958.7,2582,-4055.7,1881
ql_s4042,ql,4042,1001,29.0,10.56,5.54,24,1.115,2501,269.9,92.7,-1.854,662,0,167.88,35.99,38.88,1.377,0.56,0.0,0,0,6,12,-50346.1,-21864.9,-50346.1,2582,-4176.4,1855
ql_s4042,ql,4042,1002,32.49,13.22,5.2,23,1.185,2504,274.4,94.5,-1.745,659,0,167.42,35.58,38.18,1.338,0.588,0.0,0,0,7,11,-48699.1,-20497.9,-48699.1,2582,-3930.4,1857
ql_s4042,ql,4042,1003,37.75,17.06,5.28,23,1.309,2508,281.5,97.4,-1.761,660,0,166.76,34.82,36.17,1.333,0.586,0.0,0,0,6,10,-48730.5,-20954.1,-48730.5,2582,-3987.9,1867
ql_s4042,ql,4042,1004,33.53,14.05,5.34,24,1.227,2505,276.6,95.3,-1.791,670,0,167.18,35.76,38.04,1.381,0.557,0.0,0,0,6,11,-49107.3,-21179.2,-49107.3,2582,-4051.2,1861
ql_s4042,ql,4042,1005,32.52,13.31,5.51,27,1.206,2506,275.1,94.8,-1.849,660,0,167.76,36.04,38.45,1.389,0.567,0.0,0,0,7,11,-50129.3,-21828.1,-50129.3,2582,-4177.4,1863
ql_s4042,ql,4042,1006,32.88,13.81,5.27,27,1.197,2506,274.1,94.6,-1.762,664,0,166.35,34.49,36.17,1.309,0.6,0.0,0,0,6,10,-48069.0,-20769.0,-48069.0,2582,-3964.4,1851
ql_s4042,ql,4042,1007,33.48,13.98,5.38,26,1.24,2502,275.7,95.0,-1.805,659,0,167.67,35.66,38.36,1.37,0.566,0.0,0,0,7,9,-49309.4,-21220.3,-49309.4,2582,-4067.6,1856
ql_s4042,ql,4042,1008,31.18,12.51,5.24,24,1.141,2508,272.0,93.7,-1.758,659,0,166.51,34.43,36.21,1.298,0.602,0.0,0,0,7,10,-48613.8,-20702.8,-48613.8,2582,-3965.5,1859
ql_s4042,ql,4042,1009,28.78,10.49,5.46,25,1.083,2509,269.0,92.4,-1.836,660,0,168.22,35.98,38.64,1.35,0.56,0.0,0,0,7,11,-50074.9,-21599.8,-50074.9,2582,-4135.7,1858
ql_s4042,ql,4042,1010,33.73,14.34,5.28,20,1.206,2505,276.2,95.3,-1.771,660,0,166.44,34.6,36.96,1.295,0.616,0.0,0,0,6,12,-48645.4,-20781.3,-48645.4,2582,-3979.1,1852
ql_s4042,ql,4042,1011,36.15,15.89,5.3,24,1.261,2500,279.5,96.5,-1.784,654,0,167.45,35.23,37.65,1.277,0.6,0.0,0,0,6,10,-48758.9,-20892.1,-48758.9,2582,-4013.7,1858
ql_s4042,ql,4042,1012,34.02,14.42,5.33,20,1.249,2503,276.8,95.5,-1.782,665,0,166.89,35.53,38.35,1.364,0.559,0.0,0,0,6,11,-48940.1,-21120.5,-48940.1,2582,-4035.5,1866
ql_s4042,ql,4042,1013,29.04,10.57,5.41,23,1.091,2507,269.3,92.5,-1.805,668,0,168.46,36.22,38.79,1.351,0.589,0.0,0,0,7,12,-49900.0,-21361.0,-49900.0,2582,-4066.4,1851
ql_s4042,ql,4042,1014,29.9,11.44,5.36,22,1.107,2508,270.5,93.0,-1.797,654,0,167.11,35.36,37.96,1.309,0.595,0.0,0,0,6,10,-49118.5,-21159.3,-49118.5,2582,-4049.2,1860
ql_s4042,ql,4042,1015,35.07,15.41,5.32,25,1.21,2500,277.9,95.9,-1.784,644,0,166.79,35.17,37.28,1.329,0.591,0.0,0,0,6,10,-48708.6,-20995.1,-48708.6,2582,-4018.6,1868
ql_s4042,ql,4042,1016,37.53,17.04,5.41,24,1.298,2506,281.7,97.4,-1.821,650,0,166.88,35.29,37.25,1.326,0.594,0.0,0,0,8,12,-49607.6,-21374.8,-49607.6,2582,-4102.0,1863
ql_s4042,ql,4042,1017,29.39,10.91,5.51,25,1.119,2503,270.2,92.8,-1.853,663,0,168.34,35.89,38.63,1.352,0.567,0.0,0,0,6,10,-50853.7,-22061.9,-50853.7,2582,-4230.6,1885
ql_s4042,ql,4042,1018,33.57,14.06,5.28,23,1.233,2503,275.9,95.1,-1.766,669,0,166.74,34.77,36.5,1.301,0.597,0.0,0,0,7,10,-48863.5,-21118.9,-48863.5,2582,-4026.4,1879
ql_s4042,ql,4042,1019,35.38,15.52,5.43,26,1.253,2505,279.3,96.4,-1.817,660,0,168.09,36.26,38.41,1.404,0.555,0.0,0,0,6,12,-49985.9,-21478.6,-49985.9,2582,-4105.5,1864
ql_s4042,ql,4042,1020,31.8,12.64,5.57,27,1.201,2506,273.6,94.2,-1.869,658,0,168.17,36.21,38.53,1.426,0.534,0.0,0,0,6,10,-50513.8,-21953.7,-50513.8,2582,-4199.7,1854
ql_s4042,ql,4042,1021,33.64,14.33,5.47,23,1.225,2508,276.1,95.2,-1.84,664,0,166.4,34.98,36.76,1.311,0.59,0.0,0,0,6,12,-49248.3,-21559.9,-49248.3,2582,-4128.2,1846
ql_s4042,ql,4042,1022,36.56,16.27,5.61,21,1.282,2507,279.9,96.7,-1.874,656,0,168.57,36.49,39.47,1.394,0.546,0.0,0,0,7,12,-50572.3,-22153.2,-50572.3,2582,-4216.2,1856
ql_s4042,ql,4042,1023,34.98,15.31,5.45,22,1.234,2501,278.1,96.0,-1.826,666,0,167.45,35.68,37.63,1.357,0.591,0.0,0,0,7,11,-49191.4,-21607.2,-49191.4,2582,-4124.9,1860
ql_s4042,ql,4042,1024,33.65,14.01,5.29,28,1.233,2507,276.1,95.2,-1.758,666,0,167.55,35.5,37.57,1.341,0.604,0.0,0,0,7,11,-48689.3,-20832.8,-48689.3,2582,-3950.3,1849
ql_s4042,ql,4042,1025,34.65,14.78,5.44,22,1.261,2502,277.2,95.6,-1.84,655,0,167.07,35.37,37.9,1.333,0.586,0.0,0,0,6,11,-49333.6,-21474.0,-49333.6,2582,-4139.7,1857
ql_s4042,ql,4042,1026,34.86,15.32,5.93,37,1.248,2506,278.3,96.0,-2.016,660,0,169.07,37.52,40.36,1.408,0.567,0.0,0,0,11,14,-52132.4,-23720.6,-52132.4,2582,-4549.1,1859
ql_s4042,ql,4042,1027,35.05,15.41,5.41,22,1.246,2504,278.1,96.0,-1.814,664,0,166.89,35.23,37.21,1.331,0.604,0.0,0,0,7,11,-48836.8,-21409.4,-48836.8,2582,-4098.0,1860
ql_s4042,ql,4042,1028,28.1,10.14,5.27,19,1.049,2508,267.2,91.8,-1.777,654,0,166.63,34.62,36.74,1.26,0.623,0.0,0,0,6,11,-48619.4,-20897.1,-48619.4,2582,-4014.1,1868
ql_s4042,ql,4042,1029,32.3,13.13,5.45,28,1.194,2503,274.6,94.6,-1.811,662,0,167.95,36.08,37.97,1.423,0.538,0.0,0,0,7,10,-50023.6,-21431.7,-50023.6,2582,-4070.2,1849
ql_s4042,ql,4042,1030,29.88,11.24,5.44,23,1.127,2505,271.5,93.3,-1.831,661,0,167.51,35.92,37.59,1.378,0.552,0.0,0,0,6,10,-49910.0,-21471.5,-49910.0,2582,-4124.4,1856
ql_s42,ql,42,1001,29.33,11.01,5.56,22,1.098,2502,269.4,92.6,-1.867,641,0,167.09,35.19,37.41,1.321,0.578,0.0,0,0,6,11,-49942.7,-21993.5,-49942.7,2582,-4201.4,1865
ql_s42,ql,42,1002,32.93,13.88,5.31,23,1.155,2505,274.5,94.7,-1.784,644,0,166.25,34.43,36.97,1.272,0.632,0.0,0,0,6,11,-48719.6,-20942.5,-48719.6,2582,-4009.1,1861
ql_s42,ql,42,1003,38.69,17.73,5.76,50,1.297,2508,283.4,98.0,-1.954,638,0,168.23,36.28,38.78,1.286,0.604,0.0,0,0,15,18,-51539.3,-23276.1,-51539.3,2582,-4432.5,1885
ql_s42,ql,42,1004,32.63,13.53,5.44,23,1.229,2508,274.2,94.5,-1.822,649,0,166.51,35.09,37.69,1.369,0.568,0.0,0,0,6,10,-49207.6,-21489.6,-49207.6,2582,-4105.2,1865
ql_s42,ql,42,1005,34.04,14.82,5.37,22,1.178,2503,276.0,95.3,-1.805,637,0,165.96,34.21,36.15,1.247,0.628,0.0,0,0,7,10,-48599.1,-21236.4,-48599.1,2582,-4061.0,1867
ql_s42,ql,42,1006,33.54,14.1,5.46,25,1.208,2507,275.1,94.9,-1.819,648,0,167.11,35.24,37.57,1.307,0.599,0.0,0,0,6,11,-48989.6,-21510.2,-48989.6,2582,-4093.1,1860
ql_s42,ql,42,1007,33.11,14.02,5.47,25,1.176,2505,274.7,94.7,-1.829,636,0,167.19,35.19,37.58,1.291,0.605,0.0,0,0,7,11,-49448.7,-21645.1,-49448.7,2582,-4126.6,1875
ql_s42,ql,42,1008,31.53,12.75,5.48,19,1.148,2504,272.7,93.9,-1.841,644,0,167.06,34.96,37.54,1.291,0.605,0.0,0,0,7,10,-49916.3,-21708.8,-49916.3,2582,-4159.7,1873
ql_s42,ql,42,1009,29.31,10.87,5.58,24,1.112,2506,269.8,92.7,-1.879,648,0,168.58,36.33,38.61,1.389,0.563,0.0,0,0,6,11,-50743.6,-22120.2,-50743.6,2582,-4243.9,1869
ql_s42,ql,42,1010,35.82,15.45,5.93,29,1.327,2500,280.5,96.8,-2.004,648,0,169.57,37.75,40.76,1.49,0.512,0.0,0,0,6,11,-52630.0,-23402.7,-52630.0,2582,-4509.8,1863
ql_s42,ql,42,1011,37.54,16.98,5.52,24,1.311,2506,281.6,97.4,-1.852,644,0,167.73,35.51,37.32,1.347,0.575,0.0,0,0,6,10,-49796.0,-21734.4,-49796.0,2582,-4160.7,1862
ql_s42,ql,42,1012,36.36,16.46,5.39,33,1.241,2503,279.4,96.6,-1.813,641,0,166.08,34.72,36.71,1.281,0.616,0.0,0,0,6,12,-48474.9,-21334.5,-48474.9,2582,-4083.7,1869
ql_s42,ql,42,1013,31.2,12.03,5.38,21,1.153,2506,272.4,93.6,-1.793,652,0,168.69,36.47,38.88,1.376,0.568,0.0,0,0,7,11,-50275.6,-21239.6,-50275.6,2582,-4039.6,1860
ql_s42,ql,42,1014,30.45,11.79,5.52,26,1.147,2505,271.6,93.4,-1.847,636,0,167.52,35.76,37.77,1.387,0.555,0.0,0,0,6,10,-50096.0,-21870.6,-50096.0,2582,-4171.5,1876
ql_s42,ql,42,1015,38.43,17.89,5.52,29,1.314,2504,283.5,98.1,-1.851,646,0,167.51,35.88,37.89,1.396,0.562,0.0,0,0,7,10,-49666.6,-21829.0,-49666.6,2582,-4176.2,1870
ql_s42,ql,42,1016,38.07,17.62,5.5,24,1.304,2506,282.0,97.6,-1.848,639,0,166.62,35.03,37.42,1.318,0.598,0.0,0,0,7,10,-49388.6,-21720.1,-49388.6,2582,-4163.7,1870
ql_s42,ql,42,1017,30.23,11.85,5.45,24,1.13,2505,270.7,93.1,-1.83,646,0,167.36,34.9,37.04,1.31,0.605,0.0,0,0,6,11,-49971.8,-21866.8,-49971.8,2582,-4176.9,1897
ql_s42,ql,42,1018,33.9,14.44,5.42,28,1.254,2505,276.2,95.3,-1.802,648,0,167.55,35.6,37.12,1.383,0.553,0.0,0,0,6,9,-49598.8,-21633.8,-49598.8,2582,-4107.5,1890
ql_s42,ql,42,1019,33.62,14.08,5.75,28,1.246,2505,277.5,95.6,-1.943,652,0,169.9,38.06,40.62,1.528,0.486,0.0,0,0,6,11,-52191.4,-22742.1,-52191.4,2582,-4383.6,1864
ql_s42,ql,42,1020,30.11,11.62,5.46,31,1.128,2502,270.5,93.1,-1.823,640,0,167.13,35.18,37.41,1.348,0.566,0.0,0,0,6,11,-49482.2,-21561.7,-49482.2,2582,-4106.5,1869
ql_s42,ql,42,1021,35.35,15.61,5.36,26,1.26,2502,277.9,96.0,-1.794,650,0,165.9,34.48,36.28,1.288,0.616,0.0,0,0,7,10,-48483.1,-21123.6,-48483.1,2582,-4030.2,1856
ql_s42,ql,42,1022,37.43,16.71,5.62,24,1.336,2512,281.9,97.4,-1.883,658,0,168.4,36.33,39.04,1.4,0.546,0.0,0,0,6,10,-51069.0,-22251.7,-51069.0,2582,-4254.8,1863
ql_s42,ql,42,1023,35.19,15.56,5.38,22,1.225,2500,277.8,96.0,-1.786,647,0,166.52,34.75,37.22,1.301,0.596,0.0,0,0,6,11,-48884.4,-21334.9,-48884.4,2582,-4033.7,1871
ql_s42,ql,42,1024,34.17,14.7,5.41,29,1.23,2506,276.8,95.5,-1.827,656,0,167.58,35.52,38.3,1.371,0.567,0.0,0,0,6,12,-49423.7,-21306.6,-49423.7,2582,-4111.1,1858
ql_s42,ql,42,1025,31.59,12.7,5.21,19,1.156,2511,272.0,93.7,-1.743,640,0,166.28,34.6,36.99,1.277,0.618,0.0,0,0,6,11,-48044.2,-20636.4,-48044.2,2582,-3931.9,1872
ql_s42,ql,42,1026,32.89,13.66,5.44,22,1.196,2504,275.1,94.8,-1.825,651,0,166.79,35.26,37.47,1.346,0.579,0.0,0,0,6,12,-49473.1,-21463.9,-49473.1,2582,-4106.2,1860
ql_s42,ql,42,1027,32.99,13.73,5.77,26,1.21,2502,275.9,95.0,-1.953,639,0,168.14,36.48,39.34,1.38,0.551,0.0,0,0,7,11,-51477.7,-22856.2,-51477.7,2582,-4406.3,1872
ql_s42,ql,42,1028,30.32,11.61,5.53,24,1.124,2509,271.0,93.2,-1.859,645,0,168.18,36.18,38.63,1.365,0.576,0.0,0,0,6,13,-50293.5,-21879.4,-50293.5,2582,-4187.8,1866
ql_s42,ql,42,1029,31.55,12.67,5.42,21,1.151,2505,272.2,93.8,-1.815,638,0,166.57,34.72,36.9,1.302,0.601,0.0,0,0,7,11,-49214.8,-21354.9,-49214.8,2582,-4077.7,1864
ql_s42,ql,42,1030,30.67,12.25,5.33,28,1.114,2506,271.3,93.4,-1.777,642,0,166.09,34.5,35.92,1.298,0.598,0.0,0,0,6,10,-48559.3,-21089.6,-48559.3,2582,-4008.3,1869
sarsa_s2042,sarsa,2042,1001,29.44,11.1,5.47,28,1.109,2504,269.6,92.7,-1.826,631,0,167.54,35.64,37.78,1.342,0.579,0.0,0,0,6,11,-49557.2,-21638.8,-49557.2,2582,-4119.9,1878
sarsa_s2042,sarsa,2042,1002,34.87,15.12,5.46,24,1.223,2505,278.4,96.0,-1.838,645,0,167.93,36.1,38.04,1.374,0.571,0.0,0,0,6,10,-49908.5,-21506.4,-49908.5,2582,-4130.5,1861
sarsa_s2042,sarsa,2042,1003,38.04,17.17,5.39,26,1.33,2506,282.1,97.6,-1.817,638,0,167.08,35.13,37.43,1.323,0.597,0.0,0,0,6,10,-49072.9,-21357.8,-49072.9,2582,-4098.3,1875
sarsa_s2042,sarsa,2042,1004,32.75,13.73,5.35,25,1.163,2507,274.7,94.7,-1.799,641,0,166.61,35.19,37.14,1.299,0.599,0.0,0,0,7,10,-48709.5,-21159.5,-48709.5,2582,-4053.9,1869
sarsa_s2042,sarsa,2042,1005,32.54,13.59,5.37,24,1.147,2506,273.5,94.3,-1.796,630,0,165.85,34.11,35.97,1.232,0.643,0.0,0,0,7,12,-48531.2,-21253.4,-48531.2,2582,-4042.1,1871
sarsa_s2042,sarsa,2042,1006,31.9,12.93,5.16,22,1.133,2506,272.8,94.0,-1.726,640,0,166.98,35.09,37.19,1.271,0.609,0.0,0,0,6,10,-47867.7,-20573.4,-47867.7,2582,-3920.7,1886
sarsa_s2042,sarsa,2042,1007,33.04,13.8,5.43,24,1.223,2504,274.9,94.8,-1.826,641,0,167.79,35.78,38.58,1.361,0.565,0.0,0,0,6,10,-49544.3,-21578.1,-49544.3,2582,-4136.7,1881
sarsa_s2042,sarsa,2042,1008,30.6,11.99,5.62,24,1.145,2505,272.3,93.7,-1.902,637,0,168.41,36.32,38.86,1.406,0.547,0.0,0,0,7,10,-51047.8,-22451.9,-51047.8,2582,-4324.5,1891
sarsa_s2042,sarsa,2042,1009,31.51,12.34,5.63,26,1.18,2508,273.8,94.1,-1.895,637,0,168.94,36.69,38.19,1.396,0.549,0.0,0,0,7,9,-51279.3,-22223.3,-51279.3,2582,-4264.3,1867
sarsa_s2042,sarsa,2042,1010,33.78,14.29,5.42,25,1.21,2502,276.0,95.2,-1.817,642,0,167.38,35.55,37.74,1.32,0.596,0.0,0,0,6,11,-49395.8,-21633.8,-49395.8,2582,-4126.5,1886
sarsa_s2042,sarsa,2042,1011,36.05,15.94,5.27,20,1.278,2507,279.2,96.5,-1.751,632,0,166.52,34.29,36.41,1.272,0.604,0.0,0,0,6,10,-48503.3,-20824.2,-48503.3,2582,-3950.9,1876
sarsa_s2042,sarsa,2042,1012,34.31,14.94,5.37,26,1.182,2506,277.2,95.6,-1.799,645,0,166.77,35.41,37.25,1.319,0.573,0.0,0,0,6,11,-49081.5,-21440.4,-49081.5,2582,-4086.0,1884
sarsa_s2042,sarsa,2042,1013,30.9,12.17,5.51,26,1.137,2501,271.8,93.5,-1.844,648,0,168.18,35.96,38.18,1.341,0.579,0.0,0,0,7,11,-50145.8,-21791.8,-50145.8,2582,-4155.5,1865
sarsa_s2042,sarsa,2042,1014,29.84,11.26,5.55,24,1.138,2507,270.6,93.0,-1.868,637,0,168.35,36.59,39.17,1.432,0.533,0.0,0,0,6,10,-50574.1,-22129.1,-50574.1,2582,-4242.1,1890
sarsa_s2042,sarsa,2042,1015,35.69,15.96,5.3,26,1.197,2507,278.7,96.3,-1.776,640,0,166.56,34.92,36.83,1.3,0.605,0.0,0,0,6,11,-48570.8,-20996.2,-48570.8,2582,-4005.9,1872
sarsa_s2042,sarsa,2042,1016,37.29,16.82,5.5,25,1.319,2503,281.5,97.3,-1.836,641,0,167.72,36.12,38.94,1.385,0.557,0.0,0,0,6,10,-50070.8,-22088.1,-50070.8,2582,-4201.8,1904
sarsa_s2042,sarsa,2042,1017,30.46,11.65,5.58,27,1.142,2508,272.2,93.5,-1.886,641,0,169.34,36.87,39.67,1.416,0.542,0.0,0,0,7,11,-51692.9,-22621.0,-51692.9,2582,-4346.3,1919
sarsa_s2042,sarsa,2042,1018,32.96,13.66,5.31,29,1.204,2507,274.8,94.7,-1.775,646,0,167.21,35.22,37.33,1.312,0.585,0.0,0,0,6,10,-48943.3,-21139.1,-48943.3,2582,-4030.0,1883
sarsa_s2042,sarsa,2042,1019,35.41,15.47,5.6,26,1.262,2505,279.6,96.4,-1.879,647,0,168.86,37.04,39.4,1.439,0.53,0.0,0,0,6,11,-51106.4,-22259.2,-51106.4,2582,-4262.3,1879
sarsa_s2042,sarsa,2042,1020,29.52,11.3,5.3,21,1.089,2505,268.9,92.5,-1.775,643,0,166.43,34.45,36.42,1.262,0.629,0.0,0,0,6,11,-48248.7,-20916.7,-48248.7,2582,-3994.7,1864
sarsa_s2042,sarsa,2042,1021,34.51,15.02,5.28,24,1.201,2507,277.0,95.6,-1.763,645,0,165.95,34.52,36.43,1.246,0.624,0.0,0,0,7,11,-47846.3,-20821.8,-47846.3,2582,-3956.1,1857
sarsa_s2042,sarsa,2042,1022,35.88,15.92,5.47,23,1.27,2508,279.2,96.4,-1.836,652,0,167.43,35.35,37.63,1.357,0.561,0.0,0,0,6,11,-49747.0,-21814.0,-49747.0,2582,-4170.3,1880
sarsa_s2042,sarsa,2042,1023,34.31,14.92,5.48,23,1.253,2498,276.5,95.5,-1.835,646,0,167.47,35.7,37.64,1.388,0.546,0.0,0,0,6,11,-49841.4,-22041.9,-49841.4,2582,-4205.4,1903
sarsa_s2042,sarsa,2042,1024,34.07,14.62,5.44,23,1.223,2508,276.2,95.3,-1.823,642,0,167.83,35.76,37.9,1.351,0.573,0.0,0,0,7,10,-49376.3,-21689.6,-49376.3,2582,-4145.0,1889
sarsa_s2042,sarsa,2042,1025,32.3,13.29,5.4,21,1.17,2506,273.4,94.2,-1.816,643,0,167.42,35.73,37.83,1.321,0.595,0.0,0,0,7,11,-49022.4,-21601.6,-49022.4,2582,-4130.5,1888
sarsa_s2042,sarsa,2042,1026,31.78,12.99,5.56,24,1.168,2505,273.4,94.2,-1.868,644,0,167.52,36.0,38.47,1.382,0.565,0.0,0,0,7,10,-49933.7,-22191.1,-49933.7,2582,-4248.8,1887
sarsa_s2042,sarsa,2042,1027,32.65,13.55,5.34,27,1.177,2503,274.1,94.5,-1.782,637,0,166.5,34.84,36.61,1.287,0.609,0.0,0,0,6,10,-49126.5,-21395.2,-49126.5,2582,-4062.4,1897
sarsa_s2042,sarsa,2042,1028,28.88,10.78,5.34,23,1.066,2507,267.6,92.0,-1.788,636,0,166.74,34.75,37.54,1.258,0.621,0.0,0,0,7,11,-48852.9,-21285.2,-48852.9,2582,-4055.0,1886
sarsa_s2042,sarsa,2042,1029,31.12,12.41,5.53,23,1.139,2506,272.3,93.7,-1.868,632,0,167.9,36.03,38.16,1.358,0.555,0.0,0,0,6,11,-50028.6,-21979.9,-50028.6,2582,-4225.2,1883
sarsa_s2042,sarsa,2042,1030,31.4,12.64,5.47,25,1.143,2502,272.8,93.9,-1.849,644,0,167.75,36.17,38.11,1.393,0.549,0.0,0,0,6,10,-49789.5,-21803.9,-49789.5,2582,-4199.0,1886
sarsa_s4042,sarsa,4042,1001,29.0,10.79,5.46,21,1.097,2503,268.8,92.4,-1.824,642,0,167.39,35.52,37.67,1.354,0.574,0.0,0,0,6,11,-49415.8,-21577.3,-49415.8,2582,-4110.0,1867
sarsa_s4042,sarsa,4042,1002,33.71,14.29,5.2,22,1.19,2503,276.3,95.3,-1.76,650,0,166.88,35.05,37.05,1.299,0.593,0.0,0,0,6,10,-48704.5,-20749.8,-48704.5,2582,-4001.9,1884
sarsa_s4042,sarsa,4042,1003,36.83,16.46,5.28,23,1.27,2506,280.4,96.9,-1.764,647,0,166.56,34.61,36.94,1.296,0.598,0.0,0,0,6,11,-49006.7,-21004.5,-49006.7,2582,-4000.6,1878
sarsa_s4042,sarsa,4042,1004,34.01,14.55,5.6,24,1.237,2501,277.4,95.6,-1.876,657,0,167.59,36.18,38.59,1.409,0.552,0.0,0,0,6,11,-50278.9,-22213.4,-50278.9,2582,-4242.5,1868
sarsa_s4042,sarsa,4042,1005,63.02,35.73,19.63,90,1.753,2434,322.5,112.5,-7.58,612,0,231.71,99.97,122.04,2.646,0.426,0.0,0,0,12,17,-137872.8,-90425.2,-137872.8,2582,-17895.6,1994
sarsa_s4042,sarsa,4042,1006,32.0,12.96,5.27,23,1.156,2507,273.2,94.1,-1.763,645,0,167.04,35.15,37.09,1.296,0.606,0.0,0,0,6,11,-48246.4,-20806.1,-48246.4,2582,-3972.1,1865
sarsa_s4042,sarsa,4042,1007,31.86,12.93,5.39,24,1.168,2503,273.4,94.2,-1.817,654,0,167.28,35.28,37.92,1.334,0.573,0.0,0,0,6,11,-49263.8,-21346.5,-49263.8,2582,-4104.4,1866
sarsa_s4042,sarsa,4042,1008,30.68,12.16,5.63,22,1.14,2506,271.9,93.6,-1.901,643,0,167.97,35.88,38.66,1.37,0.555,0.0,0,0,6,10,-50925.3,-22484.8,-50925.3,2582,-4322.5,1887
sarsa_s4042,sarsa,4042,1009,31.84,12.62,5.68,25,1.188,2502,274.2,94.3,-1.909,639,0,169.44,37.19,39.97,1.416,0.531,0.0,0,0,7,13,-51546.3,-22467.7,-51546.3,2582,-4306.8,1872
sarsa_s4042,sarsa,4042,1010,33.2,14.12,5.31,25,1.173,2505,274.2,94.6,-1.779,644,0,165.83,34.0,36.18,1.224,0.64,0.0,0,0,6,10,-48269.1,-21179.7,-48269.1,2582,-4039.8,1886
sarsa_s4042,sarsa,4042,1011,48.69,25.06,8.58,51,1.537,2501,299.7,104.0,-3.079,630,0,181.87,49.66,54.65,1.71,0.513,0.0,0,0,10,18,-68798.5,-35845.4,-68798.5,2582,-6963.9,1884
sarsa_s4042,sarsa,4042,1012,34.17,14.7,5.27,22,1.203,2504,276.8,95.5,-1.776,651,0,166.06,34.71,36.73,1.275,0.617,0.0,0,0,7,11,-48529.0,-20983.5,-48529.0,2582,-4032.9,1881
sarsa_s4042,sarsa,4042,1013,31.34,12.18,5.55,29,1.166,2503,273.3,93.9,-1.856,654,0,169.3,37.09,39.2,1.402,0.545,0.0,0,0,7,11,-51057.9,-21918.4,-51057.9,2582,-4181.8,1860
sarsa_s4042,sarsa,4042,1014,29.48,11.02,5.32,22,1.095,2510,269.5,92.7,-1.775,641,0,167.18,35.43,37.79,1.337,0.578,0.0,0,0,7,10,-48961.8,-21022.8,-48961.8,2582,-3999.7,1868
sarsa_s4042,sarsa,4042,1015,35.9,15.97,5.11,26,1.211,2502,279.1,96.4,-1.717,640,0,166.41,34.78,36.64,1.289,0.599,0.0,0,0,6,10,-48040.9,-20417.1,-48040.9,2582,-3904.3,1891
sarsa_s4042,sarsa,4042,1016,37.18,16.95,5.42,23,1.289,2504,281.1,97.2,-1.811,645,0,167.04,35.43,37.76,1.349,0.587,0.0,0,0,7,10,-49256.6,-21531.5,-49256.6,2582,-4102.3,1879
sarsa_s4042,sarsa,4042,1017,29.99,11.34,5.46,24,1.129,2509,271.5,93.3,-1.839,646,0,168.43,35.96,37.84,1.374,0.555,0.0,0,0,6,10,-50681.9,-21899.2,-50681.9,2582,-4199.3,1897
sarsa_s4042,sarsa,4042,1018,33.33,14.09,5.4,29,1.227,2506,275.3,94.9,-1.812,641,0,167.21,35.25,37.49,1.348,0.588,0.0,0,0,7,10,-49609.6,-21629.6,-49609.6,2582,-4131.9,1896
sarsa_s4042,sarsa,4042,1019,35.28,15.43,5.59,26,1.253,2507,279.5,96.4,-1.883,645,0,168.38,36.54,39.36,1.415,0.528,0.0,0,0,7,11,-50758.7,-22060.1,-50758.7,2582,-4241.8,1866
sarsa_s4042,sarsa,4042,1020,40.85,19.28,8.79,48,1.351,2503,288.2,99.5,-3.169,628,0,183.33,51.36,57.46,1.761,0.494,0.0,0,0,8,19,-70030.4,-37007.5,-70030.4,2582,-7197.9,1895
sarsa_s4042,sarsa,4042,1021,35.46,15.63,5.31,24,1.256,2506,279.2,96.4,-1.779,651,0,166.54,35.12,37.29,1.356,0.566,0.0,0,0,6,10,-49000.8,-21123.6,-49000.8,2582,-4029.5,1874
sarsa_s4042,sarsa,4042,1022,35.9,15.96,5.46,22,1.271,2510,279.3,96.5,-1.83,657,0,167.31,35.22,37.61,1.331,0.583,0.0,0,0,6,11,-49564.9,-21773.5,-49564.9,2582,-4156.6,1877
sarsa_s4042,sarsa,4042,1023,33.46,14.18,5.47,23,1.223,2505,275.8,95.1,-1.828,646,0,167.04,35.26,37.72,1.365,0.566,0.0,0,0,6,10,-49780.5,-21738.6,-49780.5,2582,-4140.1,1878
sarsa_s4042,sarsa,4042,1024,33.86,14.36,5.31,26,1.22,2509,276.0,95.2,-1.772,646,0,167.16,35.08,37.07,1.303,0.601,0.0,0,0,6,11,-48843.6,-21184.1,-48843.6,2582,-4030.2,1886
sarsa_s4042,sarsa,4042,1025,31.87,13.03,5.28,22,1.16,2508,272.6,94.0,-1.765,645,0,166.63,34.95,36.75,1.278,0.618,0.0,0,0,7,11,-48215.2,-21075.2,-48215.2,2582,-4014.3,1886
sarsa_s4042,sarsa,4042,1026,31.36,12.88,5.37,22,1.142,2505,272.1,93.8,-1.805,640,0,166.25,34.72,36.58,1.311,0.607,0.0,0,0,6,10,-48340.1,-21189.9,-48340.1,2582,-4066.6,1867
sarsa_s4042,sarsa,4042,1027,32.49,13.6,5.33,26,1.17,2504,274.3,94.5,-1.782,635,0,166.44,34.75,36.92,1.306,0.591,0.0,0,0,6,10,-48864.1,-21242.8,-48864.1,2582,-4046.0,1891
sarsa_s4042,sarsa,4042,1028,30.08,11.5,5.75,27,1.147,2506,271.1,93.2,-1.936,640,0,168.63,36.62,38.71,1.417,0.536,0.0,0,0,6,10,-51390.2,-22785.7,-51390.2,2582,-4368.3,1872
sarsa_s4042,sarsa,4042,1029,30.77,12.2,5.39,23,1.124,2505,271.2,93.4,-1.811,630,0,167.05,35.18,37.38,1.32,0.581,0.0,0,0,6,11,-49116.4,-21278.4,-49116.4,2582,-4075.4,1872
sarsa_s4042,sarsa,4042,1030,29.68,11.45,5.4,24,1.103,2505,270.1,92.9,-1.806,648,0,166.07,34.47,36.4,1.293,0.6,0.0,0,0,6,11,-48903.8,-21401.4,-48903.8,2582,-4080.3,1870
sarsa_s42,sarsa,42,1001,28.83,10.57,5.37,25,1.095,2503,269.0,92.4,-1.8,634,0,167.03,35.15,37.46,1.348,0.567,0.0,0,0,7,10,-49161.5,-21178.8,-49161.5,2582,-4051.0,1870
sarsa_s42,sarsa,42,1002,32.53,13.58,5.31,23,1.146,2505,273.4,94.3,-1.769,643,0,166.63,34.8,37.0,1.283,0.616,0.0,0,0,7,12,-48263.3,-20982.5,-48263.3,2582,-3984.6,1868
sarsa_s42,sarsa,42,1003,38.41,17.59,5.34,26,1.342,2506,282.7,97.9,-1.789,648,0,166.26,34.31,36.36,1.316,0.582,0.0,0,0,7,12,-48972.1,-21243.1,-48972.1,2582,-4057.9,1880
sarsa_s42,sarsa,42,1004,35.77,15.82,5.35,25,1.271,2506,279.7,96.6,-1.783,648,0,166.34,34.93,36.9,1.335,0.585,0.0,0,0,6,11,-49190.8,-21175.3,-49190.8,2582,-4028.6,1871
sarsa_s42,sarsa,42,1005,33.68,14.44,5.46,23,1.204,2505,276.2,95.3,-1.839,636,0,166.03,34.3,36.48,1.291,0.574,0.0,0,0,7,10,-49395.3,-21634.7,-49395.3,2582,-4148.0,1875
sarsa_s42,sarsa,42,1006,33.47,14.03,5.38,19,1.216,2506,275.6,95.1,-1.803,647,0,167.35,35.48,37.25,1.361,0.571,0.0,0,0,6,11,-48827.9,-21220.3,-48827.9,2582,-4055.9,1861
sarsa_s42,sarsa,42,1007,32.66,13.62,5.44,24,1.199,2506,273.8,94.4,-1.828,648,0,166.85,34.84,37.49,1.31,0.596,0.0,0,0,6,11,-49404.1,-21578.8,-49404.1,2582,-4128.5,1868
sarsa_s42,sarsa,42,1008,32.11,13.11,5.65,24,1.176,2506,274.2,94.4,-1.902,640,0,168.4,36.3,38.88,1.377,0.565,0.0,0,0,6,11,-51112.3,-22424.2,-51112.3,2582,-4297.2,1875
sarsa_s42,sarsa,42,1009,29.21,10.9,5.36,30,1.062,2506,268.8,92.4,-1.796,635,0,167.26,35.03,37.66,1.261,0.609,0.0,0,0,7,11,-49093.1,-21206.2,-49093.1,2582,-4046.0,1872
sarsa_s42,sarsa,42,1010,32.95,13.84,5.44,22,1.196,2504,274.9,94.8,-1.82,643,0,166.73,34.88,37.49,1.317,0.589,0.0,0,0,6,11,-49050.5,-21454.3,-49050.5,2582,-4088.7,1863
sarsa_s42,sarsa,42,1011,36.94,16.46,5.55,37,1.311,2504,280.8,97.0,-1.872,634,0,167.62,35.39,37.38,1.337,0.59,0.0,0,0,7,11,-50203.4,-21885.3,-50203.4,2582,-4201.8,1864
sarsa_s42,sarsa,42,1012,33.82,14.71,5.15,24,1.17,2505,275.8,95.2,-1.714,636,0,165.28,33.92,35.74,1.257,0.637,0.0,0,0,7,11,-47554.0,-20364.2,-47554.0,2582,-3867.5,1875
sarsa_s42,sarsa,42,1013,30.44,11.41,5.59,24,1.158,2506,272.1,93.4,-1.871,644,0,169.42,37.2,39.82,1.426,0.528,0.0,0,0,6,12,-51635.8,-22134.0,-51635.8,2582,-4221.3,1870
sarsa_s42,sarsa,42,1014,31.23,12.54,5.52,24,1.162,2505,272.6,93.8,-1.848,650,0,167.24,35.49,38.09,1.364,0.558,0.0,0,0,6,10,-49792.0,-21828.9,-49792.0,2582,-4163.3,1864
sarsa_s42,sarsa,42,1015,37.07,16.79,5.6,24,1.285,2500,281.3,97.2,-1.876,636,0,168.41,36.8,38.85,1.446,0.535,0.0,0,0,6,11,-50497.3,-22144.8,-50497.3,2582,-4227.6,1871
sarsa_s42,sarsa,42,1016,36.25,16.11,5.69,23,1.294,2502,280.2,96.8,-1.911,644,0,167.76,36.18,38.37,1.391,0.555,0.0,0,0,6,10,-50788.9,-22519.9,-50788.9,2582,-4305.1,1868
sarsa_s42,sarsa,42,1017,29.35,10.81,5.4,32,1.108,2506,269.2,92.5,-1.808,639,0,168.0,35.53,37.86,1.344,0.599,0.0,0,0,7,11,-50130.1,-21669.8,-50130.1,2582,-4126.6,1899
sarsa_s42,sarsa,42,1018,33.7,14.18,5.27,26,1.254,2507,275.7,95.1,-1.755,642,0,166.6,34.64,37.11,1.322,0.6,0.0,0,0,6,11,-48775.1,-21001.9,-48775.1,2582,-3991.4,1888
sarsa_s42,sarsa,42,1019,31.13,12.41,5.34,27,1.115,2506,271.9,93.6,-1.797,645,0,166.87,35.04,37.7,1.295,0.593,0.0,0,0,7,11,-49048.1,-21081.2,-49048.1,2582,-4042.8,1864
sarsa_s42,sarsa,42,1020,30.39,11.55,5.47,28,1.139,2500,271.7,93.4,-1.838,639,0,168.06,36.08,38.58,1.388,0.538,0.0,0,0,6,10,-50207.1,-21582.7,-50207.1,2582,-4136.3,1868
sarsa_s42,sarsa,42,1021,33.83,14.34,5.43,24,1.238,2504,276.2,95.3,-1.812,643,0,166.25,34.81,36.68,1.325,0.569,0.0,0,0,6,10,-49135.1,-21344.0,-49135.1,2582,-4065.2,1858
sarsa_s42,sarsa,42,1022,36.45,16.12,5.6,25,1.306,2505,280.4,96.8,-1.879,654,0,168.29,36.21,38.67,1.408,0.541,0.0,0,0,7,11,-50663.3,-22085.8,-50663.3,2582,-4227.2,1858
sarsa_s42,sarsa,42,1023,38.61,18.01,6.51,47,1.329,2505,283.8,98.1,-2.259,638,0,171.68,39.91,42.73,1.497,0.524,0.0,0,0,13,17,-55694.9,-26490.7,-55694.9,2582,-5103.0,1877
sarsa_s42,sarsa,42,1024,34.32,14.76,5.43,26,1.229,2509,276.5,95.4,-1.812,633,0,167.19,35.13,37.56,1.311,0.588,0.0,0,0,6,11,-49215.7,-21390.1,-49215.7,2582,-4072.5,1867
sarsa_s42,sarsa,42,1025,32.24,13.2,5.51,25,1.211,2504,273.9,94.4,-1.842,643,0,167.07,35.37,37.77,1.355,0.588,0.0,0,0,6,10,-49590.1,-21741.0,-49590.1,2582,-4143.7,1864
sarsa_s42,sarsa,42,1026,32.82,13.72,5.46,22,1.199,2506,274.8,94.7,-1.835,660,0,167.28,35.76,38.22,1.384,0.569,0.0,0,0,6,10,-49518.4,-21620.6,-49518.4,2582,-4144.9,1862
sarsa_s42,sarsa,42,1027,35.32,15.49,5.56,23,1.242,2503,278.5,96.1,-1.869,634,0,167.08,35.42,37.72,1.349,0.567,0.0,0,0,7,10,-50054.6,-21945.3,-50054.6,2582,-4204.7,1871
sarsa_s42,sarsa,42,1028,31.62,12.47,5.6,23,1.19,2506,273.3,94.0,-1.877,648,0,168.54,36.53,39.37,1.405,0.564,0.0,0,0,7,11,-51006.9,-22194.7,-51006.9,2582,-4239.1,1872
sarsa_s42,sarsa,42,1029,30.98,12.14,5.43,24,1.144,2503,272.1,93.6,-1.814,643,0,167.66,35.8,38.09,1.36,0.561,0.0,0,0,6,11,-49824.9,-21394.0,-49824.9,2582,-4081.8,1865
sarsa_s42,sarsa,42,1030,29.53,11.27,5.58,28,1.126,2503,270.1,92.9,-1.874,639,0,167.29,35.7,38.1,1.367,0.563,0.0,0,0,6,11,-49981.4,-22033.3,-49981.4,2582,-4221.7,1869
