id,depart,timeloss,espera,paradas,co2
p1_S3_E3.0,3.0,12.7,2.0,1,175.73
p1_E1_N3.0,3.0,26.18,11.0,1,198.18
p1_W3_E3.0,0.0,7.98,0.0,0,243.06
p1_E3_W3.0,0.0,7.99,0.0,0,239.32
p1_W1_E1.1,6.0,8.33,0.0,0,242.37
p1_W3_E3.1,6.0,7.86,0.0,0,242.66
p1_E2_N2.0,3.0,12.0,0.0,0,271.7
p1_S2_N2.0,0.0,17.95,6.0,1,278.98
p1_W3_S3.0,3.0,9.67,0.0,0,258.69
p1_W1_E1.2,12.0,7.46,0.0,0,242.81
p1_W1_S1.0,3.0,19.35,1.0,1,300.22
p1_W1_E1.0,0.0,9.69,0.0,0,247.02
p1_N3_S3.0,0.0,26.67,10.0,2,311.95
p1_W1_E1.3,18.0,7.65,0.0,0,234.46
p1_E1_N3.1,61.0,8.28,0.0,0,169.71
p1_S3_E3.1,63.0,7.96,0.0,0,167.42
p1_S2_E2.0,3.0,26.33,7.0,2,302.31
p1_W_E.0,0.0,23.83,12.0,1,278.21
p1_S1_N1.0,0.0,17.77,5.0,1,267.68
p1_S3_N3.0,0.0,32.16,15.0,2,318.23
p1_E_W.1,15.0,17.37,2.0,1,288.1
p1_E1_W1.1,15.0,19.49,0.0,0,300.81
p1_N2_W2.0,3.0,32.28,12.0,2,310.4
p1_W_E.3,18.0,13.82,0.0,0,273.63
p1_W_E.4,24.0,10.83,0.0,0,262.69
p1_E3_W3.2,29.0,7.77,0.0,0,241.89
p1_W_E.1,6.0,19.13,4.0,1,276.08
p1_N3_W1.0,3.0,23.66,6.0,1,293.68
p1_W_E.2,12.0,15.52,0.0,0,266.39
p1_W2_S2.0,3.0,39.73,20.0,2,339.03
p1_N2_S2.0,0.0,42.88,24.0,2,333.72
p1_S3_N3.1,20.0,17.27,3.0,1,280.28
p1_E_W.0,0.0,19.9,5.0,1,280.26
p1_N2_S2.1,20.0,24.51,10.0,1,295.72
p1_W3_E3.3,18.0,26.61,7.0,2,319.12
p1_W3_E3.4,24.0,20.6,3.0,1,299.8
p1_E1_W1.0,0.0,25.5,11.0,1,289.99
p1_N1_S1.1,20.0,22.41,9.0,1,296.83
p1_N1_W3.0,3.0,43.06,25.0,2,338.45
p1_S2_N2.2,40.0,7.84,0.0,0,249.96
p1_W3_E3.2,12.0,29.03,6.0,2,318.81
p1_N1_S1.0,0.0,43.02,25.0,1,322.98
p1_W1_E1.5,30.0,23.36,10.0,1,275.13
p1_E1_W1.3,44.0,9.2,0.0,0,260.18
p1_E1_W1.2,29.0,26.41,12.0,1,289.98
p1_W_E.6,36.0,19.16,4.0,1,284.54
p1_W_E.5,30.0,25.67,11.0,1,298.71
p1_W1_E1.7,42.0,13.69,0.0,0,265.03
p1_W3_E3.8,48.0,8.29,0.0,0,244.51
p1_E_W.2,29.0,29.25,10.0,2,324.07
p1_W3_E3.5,30.0,9.37,0.0,0,247.54
p1_E_W.3,44.0,14.49,0.0,0,285.15
p1_W1_E1.8,48.0,10.12,0.0,0,260.97
p1_W1_E1.6,36.0,24.0,5.0,1,288.93
p1_E3_W3.3,44.0,17.21,4.0,1,273.77
p1_N3_S3.2,40.0,22.51,10.0,1,283.12
p1_W1_E1.9,54.0,7.91,0.0,0,243.37
p1_E3_W3.1,15.0,40.19,21.0,2,319.12
p1_N3_S3.1,20.0,35.49,17.0,2,315.27
p1_W1_E1.4,24.0,25.02,11.0,1,284.56
p1_E3_N1.0,3.0,23.77,6.0,1,383.62
p1_S1_N1.3,60.0,13.25,0.0,0,261.72
p1_N2_S2.3,60.0,12.94,0.0,0,275.51
p1_N1_W3.1,63.0,9.79,0.0,0,243.48
p1_N2_S2.2,40.0,25.45,9.0,2,303.91
p1_W_E.9,54.0,21.21,8.0,1,268.17
p1_W_E.7,42.0,31.96,12.0,1,323.45
p1_S1_N1.2,40.0,23.19,10.0,1,277.87
p1_N1_S1.3,60.0,8.67,0.0,0,248.88
p1_S1_N1.1,20.0,46.49,30.0,1,327.11
p1_N1_S1.2,40.0,23.61,10.0,1,279.18
p1_W3_E3.10,60.0,19.77,5.0,1,276.21
p1_W_E.8,48.0,23.21,8.0,1,271.2
p1_E_W.5,72.0,9.15,0.0,0,252.33
p1_W3_E3.6,36.0,25.63,10.0,1,291.37
p1_W3_E3.9,54.0,27.65,14.0,1,297.83
p1_W_E.10,60.0,21.95,7.0,1,295.41
p1_E1_W1.4,58.0,25.46,13.0,1,289.56
p1_E_W.4,58.0,25.14,7.0,2,303.76
p1_W_E.11,66.0,12.24,0.0,0,268.65
p1_W1_E1.12,72.0,12.51,0.0,0,273.55
p1_W_E.12,72.0,12.11,0.0,0,273.45
p1_N3_W1.1,63.0,19.39,2.0,1,296.65
p1_E3_W3.4,58.0,28.57,10.0,2,310.46
p1_W1_E1.10,60.0,26.5,7.0,1,322.33
p1_W1_E1.11,66.0,18.91,0.0,0,300.84
p1_W_E.13,78.0,8.14,0.0,0,240.42
p1_W3_S3.1,63.0,23.08,4.0,1,292.34
p1_S1_E1.0,3.0,40.76,11.0,2,438.69
p1_E1_N3.2,120.0,12.38,0.0,0,176.37
p1_W3_E3.11,66.0,12.95,0.0,0,265.14
p1_E3_W3.5,72.0,17.96,4.0,1,270.4
p1_W1_E1.13,78.0,6.9,0.0,0,241.27
p1_S2_N2.1,20.0,32.52,13.0,2,316.96
p1_W3_E3.7,42.0,24.28,9.0,1,288.91
p1_W3_E3.13,78.0,8.33,0.0,0,249.64
p1_S2_N2.4,80.0,17.24,0.0,0,294.37
p1_N3_S3.3,60.0,38.32,12.0,3,345.13
p1_N3_S3.4,80.0,18.65,5.0,1,274.91
p1_S3_N3.3,60.0,39.76,18.0,2,342.44
p1_E2_N2.1,61.0,39.5,13.0,3,345.32
p1_S3_E3.2,123.0,21.11,7.0,1,190.75
p1_S2_N2.3,60.0,40.77,19.0,2,338.79
p1_W2_S2.1,63.0,33.75,13.0,2,323.23
p1_N2_S2.4,80.0,9.77,0.0,0,268.88
p1_S3_N3.2,40.0,48.04,26.0,3,347.29
p1_S2_E2.1,63.0,43.69,13.0,4,361.53
p1_W_E.14,84.0,23.6,8.0,1,297.78
p1_E_W.6,87.0,22.78,8.0,1,287.43
p1_E3_W3.6,87.0,23.43,8.0,1,289.92
p1_W_E.15,90.0,15.26,2.0,1,278.91
p1_N2_W2.1,63.0,29.89,12.0,1,308.87
p1_W3_E3.15,90.0,20.91,1.0,1,310.98
p1_W1_E1.16,96.0,15.47,1.0,1,277.61
p1_W_E.17,102.0,9.63,0.0,0,256.9
p1_W_E.16,96.0,10.58,0.0,0,251.42
p1_W3_E3.17,102.0,9.75,0.0,0,262.36
p1_W3_E3.16,96.0,18.38,0.0,0,304.67
p1_W1_E1.15,90.0,13.61,0.0,0,275.7
p1_S1_N1.4,80.0,36.23,19.0,2,321.83
p1_W3_E3.14,84.0,32.29,9.0,1,322.89
p1_W3_E3.12,72.0,26.3,12.0,1,287.43
p1_W1_E1.14,84.0,14.74,1.0,1,269.18
p1_W_E.19,114.0,8.08,0.0,0,241.1
p1_N3_S3.5,100.0,21.67,4.0,1,294.06
p1_W1_S1.1,63.0,62.74,41.0,3,377.9
p1_W_E.18,108.0,8.25,0.0,0,253.23
p1_S3_N3.4,80.0,45.52,21.0,3,350.96
p1_N1_S1.5,100.0,21.81,3.0,1,303.68
p1_N1_S1.4,80.0,47.0,23.0,2,345.47
p1_E1_W1.6,87.0,36.21,19.0,2,330.28
p1_S3_N3.5,100.0,20.45,2.0,1,297.09
p1_E1_W1.7,101.0,19.5,6.0,1,278.12
p1_E1_W1.8,116.0,17.84,4.0,1,284.31
p1_W_E.21,126.0,7.85,0.0,0,244.66
p1_E1_W1.5,72.0,34.74,9.0,3,323.68
p1_E3_W3.7,101.0,35.54,16.0,2,332.67
p1_W1_E1.20,120.0,16.51,0.0,0,298.85
p1_W3_E3.18,108.0,28.65,10.0,1,323.83
p1_W3_E3.19,114.0,22.89,6.0,1,319.29
p1_E3_W3.8,116.0,17.13,4.0,1,272.17
p1_E_W.7,101.0,34.9,13.0,2,315.58
p1_W1_E1.18,108.0,28.55,9.0,1,320.25
p1_W1_E1.19,114.0,24.62,4.0,1,315.37
p1_W3_S3.2,123.0,14.1,0.0,0,291.01
p1_W3_E3.21,126.0,9.85,0.0,0,265.27
p1_W_E.20,120.0,9.26,0.0,0,242.22
p1_W1_E1.22,132.0,8.47,0.0,0,239.28
p1_S1_E1.1,63.0,31.4,6.0,1,416.74
p1_W1_E1.17,102.0,40.52,16.0,2,341.01
p1_E1_N3.3,180.0,7.11,0.0,0,160.48
p1_W1_E1.23,138.0,7.99,0.0,0,240.32
p1_S1_N1.5,100.0,35.23,14.0,2,312.46
p1_W3_E3.20,120.0,9.61,0.0,0,250.4
p1_S2_N2.5,100.0,36.14,19.0,2,322.8
p1_S2_N2.6,120.0,25.07,11.0,1,293.55
p1_W1_E1.21,126.0,8.78,0.0,0,237.98
p1_N2_S2.5,100.0,51.25,28.0,3,360.48
p1_S1_N1.6,120.0,28.58,12.0,1,304.98
p1_W1_S1.2,123.0,28.05,6.0,1,331.28
p1_E3_N1.1,61.0,48.35,19.0,2,466.55
p1_W2_S2.2,123.0,29.1,9.0,1,308.11
p1_W_E.23,138.0,18.04,0.0,0,309.59
p1_N2_S2.6,120.0,22.95,8.0,1,289.6
p1_N3_W1.2,123.0,34.38,14.0,2,305.41
p1_S2_E2.2,123.0,35.75,15.0,2,343.27
p1_W_E.25,150.0,8.07,0.0,0,233.77
p1_W3_E3.22,132.0,27.12,13.0,1,305.93
p1_W_E.22,132.0,28.15,8.0,2,316.23
p1_W_E.24,144.0,8.56,0.0,0,252.77
p1_E3_W3.10,144.0,18.51,0.0,0,307.1
p1_W3_E3.25,150.0,12.46,0.0,0,266.65
p1_W3_E3.23,138.0,18.08,4.0,1,280.18
p1_E_W.9,130.0,31.88,13.0,2,327.46
p1_E3_W3.9,130.0,26.95,10.0,1,304.21
p1_W3_E3.24,144.0,15.03,2.0,1,280.1
p1_N2_W2.2,123.0,37.51,13.0,2,341.62
p1_S3_N3.7,140.0,27.41,15.0,1,293.11
p1_N3_S3.7,140.0,28.38,13.0,1,302.61
p1_E_W.10,144.0,18.93,5.0,1,289.46
p1_E2_N2.2,120.0,39.2,13.0,2,309.98
p1_S2_N2.8,160.0,8.77,0.0,0,261.46
p1_S3_N3.8,160.0,9.31,0.0,0,260.4
p1_S3_N3.6,120.0,43.62,22.0,2,321.56
p1_N3_S3.8,160.0,8.19,0.0,0,256.32
p1_N3_S3.6,120.0,44.81,26.0,2,332.18
p1_S3_E3.3,183.0,32.33,19.0,1,205.14
p1_E_W.8,116.0,33.75,12.0,1,309.0
p1_S2_N2.7,140.0,24.07,11.0,1,290.78
p1_W1_E1.24,144.0,29.94,16.0,1,295.39
p1_W1_E1.27,162.0,12.8,0.0,0,261.91
p1_W1_E1.25,150.0,25.95,9.0,1,311.32
p1_N1_S1.6,120.0,57.04,32.0,2,367.7
p1_W1_E1.28,168.0,8.67,0.0,0,252.47
p1_N1_W3.2,123.0,56.18,30.0,2,374.3
p1_N1_S1.7,140.0,32.22,11.0,2,305.4
p1_E1_W1.9,130.0,43.17,24.0,2,336.08
p1_W_E.26,156.0,25.11,11.0,1,279.26
p1_W_E.28,168.0,14.47,2.0,1,280.47
p1_W1_E1.29,174.0,8.31,0.0,0,237.46
p1_W1_E1.26,156.0,14.33,0.0,0,286.12
p1_W3_E3.26,156.0,23.88,11.0,1,291.48
p1_W3_E3.28,168.0,16.88,3.0,1,276.82
p1_W_E.29,174.0,11.0,0.0,0,264.22
p1_S1_N1.8,160.0,23.19,7.0,1,304.31
p1_W3_E3.27,162.0,24.45,8.0,1,312.31
p1_W3_E3.29,174.0,14.15,0.0,0,282.13
p1_E_W.12,173.0,16.96,3.0,1,278.1
p1_S1_N1.7,140.0,26.86,11.0,1,296.62
p1_W3_E3.30,180.0,7.82,0.0,0,240.39
p1_E_W.11,159.0,20.95,2.0,1,290.94
p1_E3_W3.11,159.0,20.33,8.0,1,275.92
p1_W3_S3.3,183.0,11.15,0.0,0,263.8
p1_N2_S2.9,180.0,15.52,0.0,0,282.6
p1_E1_W1.12,173.0,25.32,12.0,1,298.19
p1_N2_S2.8,160.0,38.93,14.0,2,335.5
p1_N2_S2.7,140.0,50.76,32.0,2,335.82
p1_E1_W1.11,159.0,41.5,21.0,2,323.97
p1_N1_S1.8,160.0,43.36,20.0,2,354.42
p1_E1_N3.4,240.0,6.86,0.0,0,162.34
p1_E1_W1.10,144.0,41.07,20.0,2,324.27
p1_N1_S1.9,180.0,15.47,1.0,1,274.05
p1_E2_N2.3,180.0,26.28,10.0,1,310.81
p1_E_W.13,188.0,17.92,2.0,1,288.16
p1_S2_N2.9,180.0,27.38,9.0,2,297.52
p1_W1_S1.3,183.0,21.23,5.0,1,276.75
p1_N3_W1.3,183.0,20.12,6.0,1,275.94
p1_N1_W3.3,183.0,17.19,0.0,0,278.43
p1_S2_E2.3,183.0,20.61,1.0,1,295.3
p1_E_W.14,202.0,7.78,0.0,0,245.91
p1_S1_E1.2,123.0,32.17,8.0,2,407.84
p1_W_E.30,180.0,28.61,12.0,1,304.44
p1_S1_N1.9,180.0,31.86,10.0,2,334.49
p1_W1_E1.31,186.0,14.54,0.0,0,271.95
p1_E3_N1.2,120.0,48.76,18.0,3,456.81
p1_W_E.31,186.0,26.6,10.0,1,309.63
p1_W3_E3.32,192.0,16.93,3.0,1,269.73
p1_W1_E1.30,180.0,24.33,6.0,1,290.84
p1_W1_E1.32,192.0,21.83,0.0,0,295.14
p1_W_E.27,162.0,31.34,12.0,2,302.1
p1_W3_E3.31,186.0,22.06,9.0,1,283.06
p1_W_E.32,192.0,15.21,2.0,1,262.72
p1_W1_E1.33,198.0,10.64,0.0,0,272.08
p1_W_E.33,198.0,15.08,0.0,0,285.24
p1_S3_N3.10,200.0,16.68,1.0,1,271.92
p1_W3_E3.34,204.0,7.45,0.0,0,250.78
p1_W3_E3.33,198.0,12.09,0.0,0,272.24
p1_N3_S3.9,180.0,39.55,19.0,2,342.7
p1_N3_S3.10,200.0,12.73,0.0,0,265.62
p1_S3_E3.4,243.0,23.73,13.0,1,197.1
p1_E3_W3.12,173.0,27.34,12.0,1,291.99
p1_W2_S2.3,183.0,41.28,23.0,2,324.07
p1_E1_W1.13,188.0,32.64,16.0,1,317.23
p1_E1_W1.14,202.0,22.22,5.0,1,296.77
p1_E3_W3.13,188.0,9.79,0.0,0,246.93
p1_S3_N3.9,180.0,32.83,19.0,1,299.94
p1_W_E.34,204.0,9.98,0.0,0,254.07
p1_N2_S2.10,200.0,18.44,4.0,1,283.28
p1_E3_W3.14,202.0,25.86,11.0,1,303.04
p1_W1_E1.34,204.0,15.83,1.0,1,276.13
p1_W_E.35,210.0,25.94,13.0,1,299.88
p1_W3_E3.35,210.0,25.83,14.0,1,290.48
p1_W3_E3.36,216.0,19.9,7.0,1,281.89
p1_W_E.37,222.0,15.65,1.0,1,277.7
p1_W3_E3.38,228.0,9.88,0.0,0,262.93
p1_E_W.15,216.0,21.54,8.0,1,284.9
p1_W3_E3.37,222.0,15.13,2.0,1,268.38
p1_E3_W3.16,231.0,7.67,0.0,0,236.78
p1_S1_N1.10,200.0,39.92,22.0,2,326.85
p1_W_E.36,216.0,17.51,4.0,1,276.92
p1_S1_N1.11,220.0,19.92,7.0,1,273.11
p1_W3_E3.39,234.0,7.32,0.0,0,236.22
p1_W1_E1.36,216.0,25.77,12.0,1,287.12
p1_W1_E1.38,228.0,17.3,3.0,1,289.72
p1_N2_W2.3,183.0,44.29,20.0,3,344.74
p1_W1_E1.39,234.0,13.49,0.0,0,267.18
p1_N1_S1.11,220.0,29.0,9.0,2,322.33
p1_W1_E1.37,222.0,27.28,9.0,1,307.15
p1_N1_S1.10,200.0,50.88,23.0,3,361.66
p1_W1_E1.35,210.0,25.62,11.0,1,276.68
p1_E1_W1.16,231.0,14.57,1.0,1,258.12
p1_E1_W1.15,216.0,26.95,9.0,1,302.71
p1_W1_S1.4,243.0,10.32,0.0,0,256.15
p1_E1_W1.17,245.0,8.76,0.0,0,231.96
p1_S1_E1.3,183.0,30.14,9.0,1,403.65
p1_S2_N2.10,200.0,56.49,38.0,2,367.11
p1_W1_E1.40,240.0,8.46,0.0,0,251.15
p1_S2_N2.12,240.0,19.21,5.0,1,284.72
p1_S2_N2.11,220.0,33.2,11.0,2,320.0
p1_E3_W3.17,245.0,15.44,0.0,0,284.47
p1_W_E.39,234.0,20.38,5.0,1,269.32
p1_W3_E3.40,240.0,20.81,6.0,1,278.07
p1_E1_N3.5,300.0,7.0,0.0,0,158.72
p1_W3_E3.42,252.0,12.52,0.0,0,278.06
p1_W_E.38,228.0,18.37,6.0,1,277.61
p1_W3_S3.4,243.0,22.9,6.0,1,297.27
p1_W3_E3.41,246.0,20.46,4.0,1,293.93
p1_N3_W1.4,243.0,22.13,7.0,1,271.12
p1_W_E.41,246.0,23.4,8.0,1,285.53
p1_N3_S3.12,240.0,29.56,10.0,2,317.91
p1_E_W.16,231.0,36.53,18.0,2,315.15
p1_E3_W3.15,216.0,23.92,9.0,1,280.49
p1_N3_S3.11,220.0,46.27,27.0,1,341.98
p1_S1_N1.12,240.0,33.45,21.0,1,296.92
p1_E_W.17,245.0,21.49,8.0,1,287.03
p1_E_W.18,260.0,12.59,0.0,0,261.96
p1_N3_S3.13,260.0,13.54,0.0,0,280.94
p1_S3_E3.5,303.0,14.68,2.0,1,179.1
p1_W_E.40,240.0,24.9,11.0,1,295.3
p1_S3_N3.12,240.0,28.94,12.0,1,310.33
p1_N2_S2.11,220.0,50.42,32.0,2,339.68
p1_N1_W3.4,243.0,36.84,19.0,1,318.49
p1_S3_N3.11,220.0,43.1,29.0,1,306.78
p1_N1_S1.12,240.0,40.51,20.0,2,335.19
p1_N1_S1.13,260.0,22.51,9.0,1,282.97
p1_N2_S2.12,240.0,13.92,0.0,0,272.34
p1_W3_E3.44,264.0,21.41,8.0,1,270.27
p1_W1_E1.43,258.0,28.19,9.0,1,311.29
p1_E1_W1.18,260.0,26.05,8.0,2,299.16
p1_W1_E1.42,252.0,34.79,15.0,2,314.73
p1_W3_E3.43,258.0,24.44,10.0,1,283.9
p1_W3_E3.46,276.0,11.37,0.0,0,264.84
p1_W2_S2.4,243.0,40.93,20.0,3,336.46
p1_N1_S1.14,280.0,8.3,0.0,0,241.05
p1_E2_N2.4,240.0,48.37,25.0,3,352.41
p1_W1_E1.41,246.0,39.88,19.0,2,320.97
p1_S2_N2.13,260.0,30.03,9.0,2,311.86
p1_W3_E3.47,282.0,7.92,0.0,0,241.34
p1_W3_E3.45,270.0,8.85,0.0,0,250.51
p1_S2_E2.4,243.0,33.74,14.0,2,313.07
p1_E3_W3.18,260.0,33.72,16.0,2,317.34
p1_E3_W3.19,274.0,19.3,6.0,1,283.83
p1_E_W.19,274.0,21.58,9.0,1,285.35
p1_W1_E1.46,276.0,20.03,7.0,1,279.62
p1_W1_E1.48,288.0,9.5,0.0,0,249.91
p1_W1_E1.47,282.0,17.34,1.0,1,274.67
p1_W1_E1.44,264.0,26.15,12.0,1,284.53
p1_E1_W1.20,288.0,8.74,0.0,0,242.57
p1_N2_W2.4,243.0,46.8,21.0,2,334.39
p1_W1_E1.45,270.0,31.15,11.0,1,306.31
p1_W1_E1.49,294.0,7.55,0.0,0,242.46
p1_W_E.43,258.0,47.57,25.0,3,358.14
p1_E1_W1.19,274.0,9.7,0.0,0,248.04
p1_E3_N1.3,180.0,75.78,38.0,3,477.03
p1_W_E.45,270.0,36.38,9.0,3,335.96
p1_S1_N1.14,280.0,27.35,7.0,2,303.28
p1_W_E.47,282.0,26.38,4.0,2,307.95
p1_E3_N1.4,240.0,26.22,7.0,2,391.0
p1_W_E.42,252.0,50.98,24.0,3,352.54
p1_S1_N1.13,260.0,46.41,27.0,2,334.15
p1_W_E.48,288.0,22.18,3.0,1,299.63
p1_W_E.44,264.0,47.24,14.0,3,368.98
p1_W1_S1.5,303.0,8.56,0.0,0,252.23
p1_W3_E3.48,288.0,28.31,9.0,2,322.45
p1_W3_E3.49,294.0,12.25,0.0,0,278.43
p1_S3_N3.15,300.0,17.75,3.0,1,270.67
p1_S3_N3.14,280.0,40.13,25.0,1,317.77
p1_W_E.50,300.0,15.36,1.0,1,263.31
p1_W_E.46,276.0,13.69,0.0,0,279.45
p1_W_E.51,306.0,16.23,0.0,0,286.63
p1_W_E.49,294.0,26.15,7.0,1,295.31
p1_E_W.21,303.0,20.58,8.0,1,277.33
p1_E_W.20,288.0,35.82,16.0,2,319.12
p1_E1_W1.21,303.0,21.4,10.0,1,281.58
p1_E3_W3.21,303.0,21.38,8.0,1,289.47
p1_W_E.52,312.0,11.98,0.0,0,269.96
p1_W1_E1.50,300.0,25.3,13.0,1,288.92
p1_S1_E1.4,243.0,39.53,19.0,1,423.85
p1_S3_N3.13,260.0,46.04,32.0,1,318.87
p1_S2_N2.14,280.0,48.37,29.0,2,345.34
p1_N3_W1.5,303.0,16.53,1.0,1,270.73
p1_S2_N2.15,300.0,28.8,9.0,2,314.49
p1_N3_S3.15,300.0,29.57,9.0,2,309.65
p1_E3_W3.20,288.0,22.31,6.0,1,296.79
p1_N3_S3.14,280.0,42.25,23.0,1,322.28
p1_W1_E1.53,318.0,14.19,1.0,1,272.13
p1_S1_N1.15,300.0,33.36,13.0,2,330.48
p1_W1_E1.54,324.0,9.81,0.0,0,262.7
p1_E1_N3.6,363.0,6.77,0.0,0,161.32
p1_N2_S2.13,260.0,75.95,50.0,3,398.21
p1_N1_S1.15,300.0,33.27,12.0,2,322.72
p1_N1_W3.5,303.0,35.29,9.0,1,344.1
p1_S3_E3.6,363.0,7.98,0.0,0,162.82
p1_N2_S2.14,280.0,49.58,25.0,3,350.57
p1_N2_S2.15,300.0,39.04,18.0,2,325.02
p1_S1_N1.16,320.0,9.32,0.0,0,244.05
p1_N2_S2.16,320.0,13.34,1.0,1,265.42
p1_W3_E3.52,312.0,30.96,14.0,1,307.5
p1_W_E.54,324.0,20.48,4.0,1,293.39
p1_W1_E1.55,330.0,8.54,0.0,0,242.69
p1_W1_E1.56,336.0,8.76,0.0,0,241.14
p1_S2_E2.5,303.0,43.55,16.0,3,360.52
p1_W3_S3.5,303.0,26.91,12.0,1,289.57
p1_W_E.56,336.0,10.07,0.0,0,264.59
p1_W1_E1.51,306.0,20.43,6.0,1,286.11
p1_W_E.53,318.0,27.34,11.0,1,312.54
p1_E3_W3.23,332.0,18.37,6.0,1,275.85
p1_W_E.57,342.0,7.74,0.0,0,238.73
p1_E_W.22,317.0,25.64,13.0,1,289.53
p1_E3_W3.22,317.0,33.85,10.0,3,332.88
p1_W3_E3.50,300.0,28.48,11.0,1,303.93
p1_N2_W2.5,303.0,39.62,20.0,2,334.45
p1_W1_E1.52,312.0,16.39,1.0,1,277.25
p1_E1_W1.22,317.0,23.88,7.0,1,296.07
p1_E1_W1.23,332.0,8.87,0.0,0,244.9
p1_W2_S2.5,303.0,36.53,11.0,3,327.99
p1_W3_E3.51,306.0,25.12,11.0,1,278.21
p1_W3_E3.53,318.0,29.48,6.0,1,303.64
p1_E_W.23,332.0,20.75,4.0,1,290.81
p1_W3_E3.54,324.0,25.81,2.0,1,301.65
p1_W3_E3.55,330.0,19.09,0.0,0,291.36
p1_E_W.24,346.0,7.66,0.0,0,241.72
p1_S3_N3.17,340.0,16.53,3.0,1,262.53
p1_W3_E3.57,342.0,14.05,0.0,0,266.75
p1_W3_E3.56,336.0,21.07,0.0,0,303.55
p1_N3_S3.16,320.0,40.19,26.0,1,312.06
p1_S1_N1.17,340.0,19.0,4.0,1,290.48
p1_W1_E1.57,342.0,22.14,6.0,1,288.17
p1_S2_N2.16,320.0,34.07,13.0,1,303.18
p1_E2_N2.5,300.0,30.72,15.0,1,306.49
p1_W1_E1.58,348.0,12.95,0.0,0,273.07
p1_W1_E1.59,354.0,12.65,0.0,0,282.37
p1_N1_S1.16,320.0,31.54,11.0,1,312.61
p1_N1_S1.17,340.0,19.25,2.0,1,293.52
p1_W_E.59,354.0,16.48,1.0,1,295.58
p1_N3_S3.17,340.0,16.29,3.0,1,271.7
p1_W_E.58,348.0,24.17,8.0,1,316.81
p1_E1_W1.25,360.0,12.63,0.0,0,280.48
p1_W3_E3.59,354.0,19.96,1.0,1,293.66
p1_W3_S3.6,363.0,10.76,0.0,0,259.32
p1_E1_W1.24,346.0,28.71,9.0,2,313.57
p1_E3_W3.24,346.0,30.14,5.0,2,335.26
p1_W3_E3.60,360.0,10.53,0.0,0,257.82
p1_W_E.55,330.0,25.6,9.0,1,304.63
p1_S3_N3.16,320.0,42.29,23.0,2,335.86
p1_W_E.60,360.0,8.92,0.0,0,247.41
p1_W3_E3.61,366.0,8.88,0.0,0,241.08
p1_E3_N1.5,300.0,42.67,15.0,2,437.19
p1_N3_S3.18,360.0,26.35,10.0,1,306.43
p1_S3_N3.18,360.0,19.28,2.0,1,292.51
p1_N2_S2.17,340.0,47.12,26.0,2,351.87
p1_S1_N1.18,360.0,26.72,10.0,1,303.83
p1_S2_N2.19,380.0,7.12,0.0,0,245.02
p1_N1_S1.18,360.0,24.84,7.0,1,308.94
p1_S1_N1.19,380.0,8.54,0.0,0,230.93
p1_N1_W3.6,363.0,26.32,5.0,2,317.75
p1_W1_E1.61,366.0,23.17,11.0,1,280.53
p1_W1_S1.6,363.0,27.88,5.0,1,308.6
p1_E1_N3.7,421.0,14.0,0.0,0,183.23
p1_N2_S2.18,360.0,19.98,2.0,1,291.42
p1_S3_E3.7,423.0,7.42,0.0,0,167.92
p1_W1_E1.60,360.0,20.96,8.0,1,283.04
p1_W1_E1.62,372.0,21.7,8.0,1,275.62
p1_S2_N2.17,340.0,18.14,2.0,1,281.49
p1_W1_E1.64,384.0,11.68,0.0,0,259.79
p1_W3_E3.63,378.0,19.56,6.0,1,290.58
p1_W_E.64,384.0,12.65,0.0,0,257.05
p1_W1_E1.65,390.0,7.66,0.0,0,237.63
p1_W_E.65,390.0,8.28,0.0,0,248.85
p1_S2_E2.6,363.0,35.55,10.0,2,338.91
p1_W3_E3.64,384.0,15.04,1.0,1,303.15
p1_N3_W1.6,363.0,37.67,19.0,1,317.58
p1_W_E.63,378.0,22.26,5.0,1,294.25
p1_W_E.62,372.0,28.63,8.0,1,326.79
p1_E1_W1.26,375.0,25.69,9.0,2,305.89
p1_E_W.27,389.0,12.15,0.0,0,281.31
p1_E3_W3.25,360.0,34.55,15.0,2,310.93
p1_W2_S2.6,363.0,40.15,15.0,3,336.58
p1_E2_N2.6,363.0,40.18,16.0,3,338.08
p1_E_W.26,375.0,28.33,5.0,2,331.75
p1_E3_W3.27,389.0,10.71,0.0,0,263.61
p1_N2_W2.6,363.0,35.87,11.0,2,323.39
p1_W1_E1.63,378.0,10.85,0.0,0,263.88
p1_E3_W3.26,375.0,29.86,3.0,1,337.41
p1_W3_E3.62,372.0,24.35,6.0,1,296.32
p1_S3_N3.19,380.0,26.12,14.0,1,289.49
p1_W3_E3.58,348.0,34.32,13.0,2,301.7
p1_W_E.61,366.0,25.21,11.0,1,289.99
p1_S3_N3.20,400.0,7.95,0.0,0,243.4
p1_S2_N2.20,400.0,8.98,0.0,0,268.98
p1_N3_S3.19,380.0,29.91,9.0,2,324.07
p1_E_W.25,360.0,31.09,13.0,1,303.99
p1_N2_S2.20,400.0,14.68,0.0,0,284.77
p1_N2_S2.19,380.0,27.02,8.0,2,302.48
p1_E1_W1.27,389.0,29.25,9.0,2,308.36
p1_W1_E1.67,402.0,17.84,4.0,1,277.6
p1_E1_W1.28,404.0,16.27,1.0,1,276.02
p1_S2_N2.18,360.0,20.98,5.0,1,291.12
p1_N1_S1.20,400.0,18.28,5.0,1,277.32
p1_S1_E1.5,303.0,67.79,33.0,4,493.43
p1_N1_S1.19,380.0,37.49,18.0,2,329.59
p1_W_E.67,402.0,19.98,7.0,1,305.11
p1_W1_E1.69,414.0,8.93,0.0,0,254.34
p1_W1_E1.66,396.0,27.99,10.0,1,299.12
p1_W3_E3.67,402.0,21.99,6.0,1,297.35
p1_W_E.69,414.0,10.06,0.0,0,262.01
p1_W3_E3.68,408.0,16.7,1.0,1,280.37
p1_W_E.66,396.0,23.38,10.0,1,281.52
p1_E_W.28,404.0,21.88,0.0,0,322.65
p1_W_E.68,408.0,15.7,1.0,1,286.7
p1_W_E.70,420.0,8.11,0.0,0,244.98
p1_W1_E1.68,408.0,11.3,0.0,0,261.94
p1_W3_E3.66,396.0,26.29,9.0,1,301.22
p1_W3_E3.70,420.0,11.85,0.0,0,249.9
p1_W3_E3.65,390.0,25.14,10.0,1,282.48
p1_E3_W3.28,404.0,23.97,2.0,1,318.46
p1_W3_E3.69,414.0,10.62,0.0,0,254.6
p1_S1_N1.21,420.0,15.21,2.0,1,279.08
p1_S1_N1.20,400.0,28.32,14.0,1,290.57
p1_N3_S3.21,420.0,16.65,1.0,1,291.58
p1_N2_S2.21,420.0,18.72,3.0,1,303.53
p1_S3_N3.21,420.0,8.86,0.0,0,244.8
p1_N3_S3.20,400.0,28.06,11.0,2,297.02
p1_E1_W1.30,432.0,13.61,0.0,0,285.21
p1_E1_W1.29,418.0,23.52,3.0,1,306.68
p1_W_E.71,426.0,22.27,8.0,1,308.27
p1_S2_E2.7,423.0,27.43,7.0,1,320.79
p1_W3_E3.71,426.0,21.67,8.0,1,283.67
p1_W3_E3.73,438.0,13.0,0.0,0,271.79
p1_N3_W1.7,423.0,29.21,16.0,1,292.33
p1_W3_S3.7,423.0,24.65,9.0,1,293.73
p1_W_E.72,432.0,20.06,3.0,1,284.14
p1_E1_N3.8,480.0,9.21,0.0,0,165.69
p1_N2_W2.7,423.0,26.65,7.0,1,314.13
p1_W1_E1.72,432.0,21.53,1.0,1,275.61
p1_W3_E3.72,432.0,21.4,3.0,1,303.59
p1_W3_E3.74,444.0,8.85,0.0,0,254.46
p1_W_E.74,444.0,8.7,0.0,0,252.91
p1_W1_E1.71,426.0,17.7,2.0,1,272.56
p1_W1_E1.73,438.0,17.35,0.0,0,285.16
p1_W_E.73,438.0,9.08,0.0,0,264.08
p1_S2_N2.21,420.0,29.79,12.0,1,315.52
p1_W3_E3.75,450.0,7.47,0.0,0,237.72
p1_W1_E1.70,420.0,23.34,9.0,1,278.72
p1_N1_S1.21,420.0,30.76,12.0,1,310.24
p1_W1_E1.74,444.0,8.27,0.0,0,235.58
p1_E3_N1.6,363.0,50.41,23.0,2,468.64
p1_S2_N2.22,440.0,21.33,5.0,1,288.58
p1_S1_E1.6,363.0,55.69,21.0,3,510.93
p1_N1_W3.7,423.0,23.73,8.0,1,286.36
p1_S3_N3.22,440.0,24.88,5.0,1,321.35
p1_S3_E3.8,483.0,22.02,12.0,1,189.58
p1_E_W.30,432.0,22.49,7.0,1,285.46
p1_N3_S3.22,440.0,13.05,0.0,0,270.16
p1_S2_N2.23,460.0,7.25,0.0,0,232.89
p1_E_W.29,418.0,36.27,16.0,2,327.97
p1_E2_N2.7,421.0,50.95,24.0,4,364.25
p1_S1_N1.23,460.0,13.21,0.0,0,271.88
p1_W_E.75,450.0,24.18,9.0,1,306.01
p1_E3_W3.30,432.0,24.43,10.0,1,287.48
p1_E3_W3.31,447.0,28.45,12.0,1,307.2
p1_E_W.31,447.0,29.16,11.0,2,312.21
p1_E_W.32,461.0,15.51,1.0,1,265.55
p1_S1_N1.22,440.0,29.02,11.0,1,310.78
p1_W1_E1.76,456.0,21.74,8.0,1,284.15
p1_W1_E1.75,450.0,25.22,11.0,1,283.65
p1_W_E.76,456.0,15.52,1.0,1,266.43
p1_W3_E3.77,462.0,16.87,3.0,1,264.24
p1_E3_W3.29,418.0,27.96,9.0,2,302.98
p1_N1_S1.23,460.0,20.46,4.0,1,289.34
p1_W1_S1.7,423.0,59.54,33.0,3,364.61
p1_E1_W1.31,447.0,35.5,16.0,2,312.98
p1_W_E.79,474.0,8.09,0.0,0,246.55
p1_W2_S2.7,423.0,54.62,32.0,2,361.29
p1_N1_S1.22,440.0,44.13,26.0,2,332.23
p1_W3_E3.76,456.0,21.04,6.0,1,279.08
p1_W_E.77,462.0,8.74,0.0,0,247.76
p1_S3_N3.23,460.0,31.1,11.0,1,315.24
p1_N2_S2.22,440.0,14.92,0.0,0,271.41
p1_E1_W1.33,476.0,16.83,1.0,1,278.3
p1_W3_E3.80,480.0,8.49,0.0,0,232.53
p1_S3_N3.24,480.0,13.18,0.0,0,255.64
p1_E1_W1.34,490.0,7.78,0.0,0,251.1
p1_W3_E3.78,468.0,9.7,0.0,0,250.4
p1_S2_N2.24,480.0,18.91,7.0,1,278.44
p1_W3_S3.8,483.0,16.18,0.0,0,269.17
p1_W3_E3.79,474.0,9.02,0.0,0,245.4
p1_E3_W3.33,476.0,19.69,5.0,1,270.15
p1_W3_E3.81,486.0,8.88,0.0,0,237.88
p1_W_E.80,480.0,23.12,10.0,1,280.87
p1_W1_E1.77,462.0,36.6,18.0,2,310.0
p1_W_E.78,468.0,26.06,13.0,1,289.92
p1_W1_E1.79,474.0,25.0,5.0,2,307.12
p1_S2_E2.8,483.0,18.14,2.0,1,294.19
p1_N2_S2.23,460.0,47.35,28.0,2,329.08
p1_N2_S2.24,480.0,27.41,8.0,2,304.7
p1_W1_E1.81,486.0,21.57,3.0,1,292.07
p1_E1_N3.9,540.0,8.16,0.0,0,161.03
p1_N3_S3.23,460.0,37.78,14.0,2,327.31
p1_W1_E1.78,468.0,28.91,8.0,1,318.25
p1_W1_E1.80,480.0,23.34,1.0,1,323.25
p1_N3_S3.24,480.0,30.08,15.0,1,294.27
p1_W2_S2.8,483.0,27.58,13.0,1,301.88
p1_W_E.81,486.0,24.12,9.0,1,287.43
p1_W1_E1.82,492.0,15.16,0.0,0,279.73
p1_W1_E1.83,498.0,13.22,0.0,0,276.62
p1_N3_S3.25,500.0,11.3,0.0,0,261.02
p1_W_E.82,492.0,20.45,6.0,1,298.63
p1_W_E.83,498.0,14.27,0.0,0,271.52
p1_W_E.84,504.0,10.12,0.0,0,266.41
p1_E1_W1.32,461.0,25.05,10.0,1,287.97
p1_S1_N1.24,480.0,35.25,12.0,3,340.96
p1_W3_E3.83,498.0,18.74,5.0,1,295.2
p1_E_W.33,476.0,32.07,14.0,2,306.01
p1_E3_W3.34,490.0,26.69,12.0,1,299.51
p1_W3_E3.84,504.0,14.42,0.0,0,293.36
p1_S3_E3.9,543.0,8.45,0.0,0,161.44
p1_W3_E3.82,492.0,27.4,9.0,1,317.74
p1_E_W.35,504.0,18.41,5.0,1,279.13
p1_E3_W3.35,504.0,19.2,5.0,1,289.7
p1_W_E.85,510.0,8.4,0.0,0,240.71
p1_E2_N2.8,480.0,33.55,13.0,3,331.46
p1_W_E.86,516.0,8.88,0.0,0,243.21
p1_W3_E3.85,510.0,8.57,0.0,0,235.83
p1_E_W.36,519.0,7.67,0.0,0,239.85
p1_N1_S1.24,480.0,48.05,30.0,2,341.03
p1_W1_S1.8,483.0,45.52,22.0,2,350.08
p1_S3_N3.25,500.0,9.65,0.0,0,251.57
p1_W1_E1.85,510.0,18.86,4.0,1,297.5
p1_S1_N1.26,520.0,8.65,0.0,0,254.38
p1_W1_E1.87,522.0,9.12,0.0,0,258.09
p1_W1_E1.86,516.0,16.82,0.0,0,288.69
p1_W1_E1.84,504.0,30.53,11.0,2,311.97
p1_N1_W3.8,483.0,35.54,16.0,2,315.27
p1_S2_N2.26,520.0,15.7,2.0,1,279.14
p1_N1_S1.25,500.0,13.51,0.0,0,267.5
p1_S1_N1.25,500.0,25.43,13.0,1,293.87
p1_S2_N2.25,500.0,33.88,16.0,2,314.1
p1_E_W.34,490.0,26.95,12.0,1,285.24
p1_N3_W1.8,483.0,53.76,34.0,2,342.98
p1_E3_N1.7,421.0,76.35,31.0,5,524.48
p1_E1_W1.35,504.0,27.23,3.0,2,309.42
p1_E3_W3.37,533.0,8.33,0.0,0,247.69
p1_E1_W1.36,519.0,18.46,0.0,0,294.57
p1_W1_E1.89,534.0,8.08,0.0,0,241.51
p1_S1_E1.7,423.0,44.47,21.0,2,425.71
p1_E3_W3.36,519.0,23.61,11.0,1,290.28
p1_N2_W2.8,483.0,62.61,38.0,3,376.83
p1_N2_S2.25,500.0,48.07,29.0,2,340.48
p1_N2_S2.26,520.0,19.66,4.0,1,293.73
p1_E1_W1.37,533.0,16.39,2.0,1,273.26
p1_W3_E3.89,534.0,15.14,0.0,0,276.49
p1_W1_E1.90,540.0,7.49,0.0,0,237.1
p1_W3_E3.86,516.0,26.9,8.0,1,308.95
p1_E3_W3.32,461.0,55.16,31.0,3,361.93
p1_W3_S3.9,543.0,11.1,0.0,0,254.82
p1_W1_E1.91,546.0,8.08,0.0,0,247.85
p1_W3_E3.91,546.0,8.08,0.0,0,240.17
p1_W1_E1.88,528.0,8.74,0.0,0,253.63
p1_W3_E3.88,528.0,9.62,0.0,0,254.23
p1_W_E.88,528.0,31.44,19.0,1,293.41
p1_E_W.38,548.0,10.96,0.0,0,259.68
p1_E_W.37,533.0,27.34,4.0,2,327.3
p1_W3_E3.92,552.0,8.02,0.0,0,245.71
p1_S3_N3.27,540.0,21.15,3.0,1,304.76
p1_W_E.90,540.0,20.64,7.0,1,281.98
p1_W3_E3.90,540.0,10.14,0.0,0,254.11
p1_S3_N3.26,520.0,34.21,17.0,1,311.76
p1_W_E.91,546.0,17.74,4.0,1,274.89
p1_E3_W3.38,548.0,15.76,3.0,1,269.41
p1_W_E.92,552.0,13.91,0.0,0,267.7
p1_W3_E3.93,558.0,7.74,0.0,0,240.79
p1_W_E.87,522.0,35.71,21.0,1,299.08
p1_W_E.89,534.0,27.1,12.0,1,297.89
p1_W_E.94,564.0,7.44,0.0,0,242.48
p1_N3_S3.26,520.0,52.46,28.0,3,365.35
p1_N1_S1.27,540.0,32.48,13.0,2,313.35
p1_N3_S3.27,540.0,33.11,14.0,2,309.75
p1_S1_N1.27,540.0,33.8,21.0,1,305.91
p1_W1_S1.9,543.0,31.18,12.0,1,322.94
p1_N1_S1.28,560.0,14.24,0.0,0,272.61
p1_N3_S3.28,560.0,14.43,1.0,1,267.71
p1_W_E.93,558.0,9.73,0.0,0,247.37
p1_S3_E3.10,603.0,15.46,0.0,0,197.27
p1_N1_S1.26,520.0,53.56,29.0,2,358.46
p1_S1_N1.28,560.0,16.5,3.0,1,274.56
p1_W_E.95,570.0,7.43,0.0,0,239.4
p1_E1_N3.10,600.0,20.87,8.0,1,190.76
p1_N1_W3.9,543.0,31.61,6.0,2,317.26
p1_S1_E1.8,483.0,47.03,10.0,3,468.16
p1_W3_E3.87,522.0,13.2,0.0,0,265.52
p1_E3_N1.8,480.0,60.83,22.0,5,501.48
p1_W1_E1.93,558.0,25.99,12.0,1,285.45
p1_N3_W1.9,543.0,40.2,14.0,3,354.17
p1_E1_W1.39,562.0,24.23,0.0,0,319.08
p1_S2_N2.27,540.0,47.68,29.0,1,331.8
p1_E2_N2.9,540.0,48.46,29.0,1,347.34
p1_N2_W2.9,543.0,40.41,20.0,2,321.75
p1_E_W.39,562.0,8.75,0.0,0,240.65
p1_W1_E1.95,570.0,14.54,0.0,0,270.3
p1_W3_E3.95,570.0,16.65,2.0,1,272.75
p1_W1_E1.96,576.0,14.45,0.0,0,274.91
p1_W3_E3.97,582.0,7.97,0.0,0,226.13
p1_W1_E1.92,552.0,29.2,16.0,1,289.37
p1_W1_E1.94,564.0,28.33,9.0,1,297.35
p1_W3_E3.96,576.0,15.73,0.0,0,272.36
p1_E1_W1.38,548.0,22.65,7.0,1,284.77
p1_E3_W3.39,562.0,23.5,11.0,1,280.58
p1_W2_S2.9,543.0,51.96,29.0,2,357.07
p1_W3_E3.98,588.0,8.69,0.0,0,238.92
p1_E3_W3.40,576.0,17.78,5.0,1,277.62
p1_N2_S2.29,580.0,17.88,0.0,0,296.3
p1_N2_S2.28,560.0,26.97,7.0,1,306.93
p1_W3_E3.94,564.0,19.18,4.0,1,267.28
p1_E1_W1.40,576.0,9.56,0.0,0,237.79
p1_N2_S2.27,540.0,44.03,23.0,1,329.65
p1_W3_E3.99,594.0,8.33,0.0,0,239.4
p1_W1_E1.97,582.0,8.79,0.0,0,249.87
p1_W_E.96,576.0,27.78,15.0,1,286.91
p1_S2_E2.9,543.0,58.57,39.0,2,360.24
p1_W_E.98,588.0,17.79,5.0,1,277.79
p1_W1_E1.99,594.0,8.68,0.0,0,234.79
p1_W_E.97,582.0,25.85,10.0,1,289.38
p1_W_E.100,600.0,8.32,0.0,0,250.02
p1_W_E.99,594.0,15.43,1.0,1,276.62
p1_W3_E3.100,600.0,8.34,0.0,0,249.69
p1_E_W.41,591.0,19.79,3.0,1,296.8
p1_E_W.40,576.0,29.87,11.0,2,321.48
p1_S3_N3.28,560.0,54.35,34.0,2,351.03
p1_W_E.101,606.0,7.7,0.0,0,248.44
p1_N3_S3.29,580.0,37.16,14.0,1,330.54
p1_S1_N1.29,580.0,39.8,27.0,1,315.09
p1_S1_N1.30,600.0,20.08,5.0,1,281.23
p1_N3_S3.30,600.0,9.01,0.0,0,236.84
p1_S1_E1.9,543.0,38.56,14.0,1,445.05
p1_N1_S1.29,580.0,45.28,25.0,2,351.98
p1_N1_S1.30,600.0,25.79,5.0,2,330.55
p1_W_E.103,618.0,7.79,0.0,0,236.44
p1_N3_W1.10,603.0,27.39,4.0,2,317.01
p1_W1_E1.101,606.0,24.44,11.0,1,278.96
p1_W1_E1.100,600.0,32.3,16.0,1,303.59
p1_N1_W3.10,603.0,13.22,0.0,0,270.23
p1_W_E.104,624.0,7.73,0.0,0,241.89
p1_E1_W1.42,605.0,19.79,0.0,0,300.67
p1_E_W.42,605.0,9.84,0.0,0,253.83
p1_W1_E1.103,618.0,16.44,1.0,1,271.61
p1_E1_W1.43,620.0,13.84,0.0,0,271.26
p1_W1_E1.98,588.0,25.07,10.0,1,281.7
p1_S2_N2.29,580.0,49.27,32.0,1,339.5
p1_E_W.43,620.0,8.87,0.0,0,249.59
p1_E3_W3.42,605.0,32.05,12.0,2,320.37
p1_N2_S2.30,600.0,38.48,18.0,1,335.56
p1_E2_N2.10,600.0,23.11,7.0,1,292.16
p1_E1_W1.41,591.0,25.98,11.0,1,288.96
p1_E3_W3.43,620.0,11.53,0.0,0,270.51
p1_W1_E1.104,624.0,9.13,0.0,0,250.92
p1_E1_N3.11,660.0,8.52,0.0,0,159.35
p1_W1_E1.102,612.0,17.2,1.0,1,271.43
p1_E3_W3.44,634.0,7.98,0.0,0,249.95
p1_N2_S2.31,620.0,13.31,0.0,0,279.32
p1_W2_S2.10,603.0,29.8,13.0,1,299.57
p1_W3_E3.102,612.0,23.4,8.0,1,285.32
p1_W3_E3.104,624.0,20.69,0.0,0,302.35
p1_W3_S3.10,603.0,27.89,11.0,1,299.22
p1_S2_N2.31,620.0,20.81,7.0,1,277.62
p1_W3_E3.106,636.0,10.49,0.0,0,261.87
p1_S3_N3.29,580.0,58.85,39.0,2,350.35
p1_E1_W1.44,634.0,7.97,0.0,0,242.68
p1_W3_E3.105,630.0,18.89,0.0,0,286.08
p1_S2_N2.32,640.0,9.95,0.0,0,252.68
p1_S2_N2.30,600.0,37.22,24.0,1,300.83
p1_S3_N3.30,600.0,30.99,13.0,1,310.84
p1_W3_E3.103,618.0,33.49,2.0,1,316.44
p1_W3_E3.101,606.0,22.07,6.0,1,272.13
p1_S1_N1.31,620.0,33.37,19.0,1,301.98
p1_E3_W3.41,591.0,29.01,15.0,1,294.68
p1_S2_E2.10,603.0,53.22,26.0,3,362.57
p1_E_W.45,648.0,7.98,0.0,0,245.7
p1_E3_W3.45,648.0,7.89,0.0,0,245.37
p1_W_E.105,630.0,27.27,15.0,1,293.05
p1_W3_E3.107,642.0,8.24,0.0,0,240.42
p1_W3_E3.108,648.0,8.64,0.0,0,234.82
p1_S2_N2.28,560.0,59.92,40.0,2,354.29
p1_N2_W2.10,603.0,55.59,27.0,3,370.98
p1_W1_E1.105,630.0,25.16,11.0,1,284.48
p1_E_W.44,634.0,25.43,1.0,1,324.25
p1_W1_E1.106,636.0,17.38,2.0,1,271.25
p1_W1_E1.107,642.0,18.87,3.0,1,280.87
p1_E3_N1.10,600.0,19.13,3.0,1,384.71
p1_W1_S1.10,603.0,61.42,41.0,2,372.15
p1_N3_S3.32,640.0,25.5,7.0,1,293.27
p1_N3_S3.31,620.0,44.82,26.0,2,332.18
p1_N1_S1.32,640.0,25.02,4.0,1,316.75
p1_E3_N1.9,540.0,68.92,40.0,3,474.04
p1_W_E.102,612.0,31.13,16.0,1,291.68
p1_S3_N3.31,620.0,50.52,30.0,1,355.64
p1_N1_S1.33,660.0,7.87,0.0,0,243.96
p1_S3_E3.11,663.0,43.0,31.0,1,219.94
p1_W_E.106,636.0,17.54,2.0,1,268.31
p1_S3_N3.32,640.0,30.09,11.0,1,313.78
p1_W_E.108,648.0,9.53,0.0,0,253.85
p1_E_W.46,663.0,8.04,0.0,0,244.6
p1_N1_S1.31,620.0,34.82,21.0,1,311.2
p1_W_E.107,642.0,17.57,0.0,0,274.99
p1_W_E.109,654.0,19.06,0.0,0,273.41
p1_S1_N1.33,660.0,7.83,0.0,0,238.3
p1_W_E.110,660.0,8.75,0.0,0,239.22
p1_E3_W3.46,663.0,14.19,1.0,1,274.81
p1_W3_E3.109,654.0,20.73,8.0,1,276.57
p1_W_E.112,672.0,7.93,0.0,0,237.61
p1_E1_W1.45,648.0,28.97,8.0,1,308.15
p1_E1_W1.46,663.0,9.89,0.0,0,261.82
p1_W1_E1.111,666.0,16.76,0.0,0,288.82
p1_W1_E1.109,654.0,21.56,7.0,1,296.58
p1_E3_W3.47,677.0,7.46,0.0,0,232.98
p1_E2_N2.11,660.0,25.04,10.0,1,290.76
p1_W3_E3.112,672.0,13.5,0.0,0,270.47
p1_W1_E1.108,648.0,37.93,16.0,1,337.29
p1_W1_E1.110,660.0,25.9,4.0,1,322.35
p1_W3_E3.111,666.0,21.31,5.0,1,288.97
p1_S1_E1.10,603.0,30.75,3.0,1,424.08
p1_W3_S3.11,663.0,21.66,5.0,1,285.36
p1_E1_N3.12,723.0,8.69,0.0,0,174.95
p1_S2_N2.33,660.0,24.43,11.0,1,287.05
p1_W2_S2.11,663.0,16.92,1.0,1,286.52
p1_W1_E1.112,672.0,9.52,0.0,0,252.03
p1_N2_S2.32,640.0,45.48,26.0,2,334.64
p1_N2_S2.33,660.0,26.83,8.0,2,308.98
p1_N2_S2.34,680.0,12.57,0.0,0,264.72
p1_W1_E1.114,684.0,8.17,0.0,0,246.5
p1_W3_E3.114,684.0,7.9,0.0,0,238.29
p1_W3_E3.110,660.0,21.69,8.0,1,277.38
p1_S2_N2.34,680.0,8.6,0.0,0,235.99
p1_N3_W1.11,663.0,28.26,11.0,1,293.14
p1_W3_E3.113,678.0,10.96,0.0,0,254.29
p1_W1_E1.113,678.0,8.94,0.0,0,248.63
p1_W3_E3.115,690.0,7.49,0.0,0,241.7
p1_N2_W2.11,663.0,36.14,9.0,3,339.71
p1_S2_E2.11,663.0,37.4,16.0,2,329.16
p1_W_E.113,678.0,26.38,13.0,1,311.74
p1_E_W.47,677.0,28.46,10.0,1,310.65
p1_W_E.111,666.0,24.12,10.0,1,285.76
p1_W_E.115,690.0,17.23,0.0,0,287.49
p1_E_W.48,692.0,8.5,0.0,0,256.74
p1_S1_N1.32,640.0,52.54,32.0,2,332.22
p1_W_E.114,684.0,17.85,3.0,1,285.27
p1_S3_N3.34,680.0,29.8,17.0,1,299.03
p1_S1_N1.35,700.0,10.31,0.0,0,261.09
p1_W_E.117,702.0,7.81,0.0,0,248.52
p1_W1_S1.11,663.0,42.93,24.0,2,332.47
p1_N3_S3.34,680.0,31.41,17.0,1,293.71
p1_S3_N3.35,700.0,10.96,0.0,0,259.76
p1_N1_S1.35,700.0,12.22,0.0,0,254.46
p1_S3_E3.12,723.0,32.67,18.0,1,211.59
p1_N1_S1.34,680.0,23.28,5.0,2,302.14
p1_E_W.49,706.0,8.48,0.0,0,239.41
p1_W_E.116,696.0,9.0,0.0,0,245.89
p1_N3_S3.35,700.0,16.26,2.0,1,273.44
p1_N1_W3.11,663.0,44.05,23.0,2,335.55
p1_S3_N3.33,660.0,47.5,34.0,1,312.75
p1_W_E.119,714.0,7.86,0.0,0,244.89
p1_N3_S3.33,660.0,43.54,23.0,2,328.07
p1_E3_W3.49,706.0,16.92,3.0,1,276.84
p1_W1_E1.117,702.0,23.89,9.0,1,278.63
p1_W1_E1.115,690.0,30.63,16.0,1,302.11
p1_W3_E3.116,696.0,22.06,8.0,1,285.2
p1_E1_W1.47,677.0,44.79,28.0,2,337.7
p1_W1_E1.119,714.0,13.88,0.0,0,280.27
p1_E3_W3.50,720.0,7.99,0.0,0,244.36
p1_E1_W1.49,706.0,23.95,10.0,1,290.32
p1_E1_W1.48,692.0,28.84,15.0,1,290.73
p1_W3_E3.117,702.0,21.05,8.0,1,275.99
p1_W1_E1.118,708.0,20.7,1.0,1,288.32
p1_W3_E3.119,714.0,17.28,0.0,0,287.15
p1_E3_W3.48,692.0,22.02,7.0,1,278.51
p1_S2_N2.35,700.0,32.33,18.0,1,310.21
p1_W1_E1.116,696.0,23.7,8.0,1,274.65
p1_W1_E1.120,720.0,8.87,0.0,0,258.23
p1_W3_E3.120,720.0,12.75,0.0,0,260.2
p1_N2_S2.36,720.0,14.12,0.0,0,278.29
p1_N2_S2.35,700.0,29.7,15.0,1,293.09
p1_S2_N2.36,720.0,10.78,0.0,0,263.61
p1_W1_E1.121,726.0,8.17,0.0,0,241.49
p1_W3_E3.118,708.0,14.02,0.0,0,270.44
p1_W3_E3.121,726.0,9.7,0.0,0,243.74
p1_E_W.50,720.0,19.15,7.0,1,272.3
p1_N2_W2.12,723.0,12.42,0.0,0,263.25
p1_W3_S3.12,723.0,10.94,0.0,0,249.65
p1_W1_E1.122,732.0,7.67,0.0,0,247.62
p1_W3_E3.122,732.0,7.93,0.0,0,236.41
p1_E1_W1.50,720.0,8.57,0.0,0,240.09
p1_E1_N3.13,781.0,6.68,0.0,0,161.59
p1_E_W.51,735.0,10.41,0.0,0,261.04
p1_E3_W3.51,735.0,7.99,0.0,0,241.57
p1_S1_N1.34,680.0,57.06,38.0,2,348.97
p1_W_E.121,726.0,24.21,3.0,1,313.49
p1_S1_N1.37,740.0,10.26,0.0,0,251.01
p1_E3_N1.11,660.0,48.0,22.0,2,451.33
p1_S1_N1.36,720.0,32.21,14.0,1,318.65
p1_W1_S1.12,723.0,22.38,5.0,1,300.91
p1_N1_S1.37,740.0,13.96,0.0,0,279.93
p1_S3_N3.37,740.0,15.78,1.0,1,276.15
p1_W_E.120,720.0,33.99,9.0,1,315.64
p1_N1_W3.12,723.0,25.86,12.0,1,289.78
p1_N3_S3.37,740.0,16.67,0.0,0,293.66
p1_N1_S1.36,720.0,28.33,14.0,1,303.02
p1_E1_W1.51,735.0,21.67,7.0,1,275.21
p1_N3_S3.36,720.0,30.62,16.0,1,301.72
p1_E_W.52,749.0,8.72,0.0,0,240.87
p1_S3_E3.13,783.0,17.84,5.0,1,183.26
p1_W_E.118,708.0,27.46,12.0,1,284.66
p1_S3_N3.36,720.0,34.82,19.0,1,295.05
p1_W_E.123,738.0,10.43,0.0,0,248.93
p1_W_E.125,750.0,7.61,0.0,0,236.63
p1_W_E.122,732.0,18.26,0.0,0,293.83
p1_W_E.124,744.0,22.99,0.0,0,285.63
p1_W3_E3.124,744.0,23.04,8.0,1,296.7
p1_W_E.126,756.0,10.87,0.0,0,253.26
p1_W3_E3.123,738.0,29.65,15.0,1,318.08
p1_W1_E1.123,738.0,30.89,17.0,1,315.76
p1_W3_E3.126,756.0,13.51,0.0,0,265.81
p1_E3_W3.52,749.0,19.41,6.0,1,275.16
p1_W3_E3.127,762.0,7.9,0.0,0,246.88
p1_N3_W1.12,723.0,49.13,26.0,2,336.39
p1_E2_N2.12,723.0,49.62,29.0,2,351.68
p1_W3_E3.125,750.0,16.44,3.0,1,266.98
p1_E1_W1.53,764.0,7.95,0.0,0,249.99
p1_E3_W3.53,764.0,8.17,0.0,0,253.91
p1_W1_E1.124,744.0,22.46,7.0,1,276.6
p1_S2_N2.37,740.0,32.22,18.0,1,297.55
p1_W1_E1.125,750.0,18.45,5.0,1,267.55
p1_S2_N2.38,760.0,12.36,0.0,0,267.87
p1_W3_E3.128,768.0,7.5,0.0,0,241.85
p1_W2_S2.12,723.0,43.71,22.0,2,342.8
p1_W1_E1.127,762.0,13.74,0.0,0,257.25
p1_N2_S2.38,760.0,15.41,2.0,1,270.12
p1_W1_E1.128,768.0,8.83,0.0,0,246.5
p1_N2_S2.37,740.0,37.73,23.0,1,312.37
p1_S2_E2.12,723.0,56.88,35.0,3,363.99
p1_E1_W1.52,749.0,18.67,5.0,1,284.05
p1_W1_E1.126,756.0,11.31,0.0,0,256.43
p1_W3_E3.129,774.0,7.37,0.0,0,243.57
p1_W1_E1.129,774.0,7.84,0.0,0,248.84
p1_E1_W1.54,778.0,7.43,0.0,0,238.34
p1_E3_W3.54,778.0,7.33,0.0,0,240.09
p1_W3_E3.130,780.0,7.86,0.0,0,227.91
p1_W_E.128,768.0,25.38,6.0,2,302.47
p1_E_W.54,778.0,14.98,2.0,1,259.59
p1_W3_S3.13,783.0,9.57,0.0,0,260.81
p1_S1_E1.11,663.0,80.81,47.0,4,510.69
p1_N1_S1.38,760.0,33.85,18.0,1,320.78
p1_W_E.127,762.0,31.21,12.0,2,310.59
p1_E_W.53,764.0,27.58,13.0,1,287.18
p1_W_E.129,774.0,22.2,1.0,1,300.78
p1_N1_S1.39,780.0,16.03,0.0,0,281.94
p1_E3_N1.12,723.0,26.74,9.0,1,384.52
p1_W_E.130,780.0,12.15,0.0,0,260.02
p1_S1_N1.39,780.0,19.6,5.0,1,276.85
p1_W_E.131,786.0,8.66,0.0,0,249.69
p1_E_W.55,792.0,8.42,0.0,0,242.09
p1_W_E.132,792.0,8.54,0.0,0,242.34
p1_S1_N1.38,760.0,38.28,25.0,1,324.25
p1_N3_S3.39,780.0,23.11,7.0,2,294.79
p1_S3_N3.38,760.0,43.97,29.0,1,331.76
p1_N3_S3.40,800.0,7.75,0.0,0,244.23
p1_S3_N3.40,800.0,7.72,0.0,0,235.69
p1_N3_S3.38,760.0,34.25,18.0,1,303.02
p1_S3_N3.39,780.0,31.12,10.0,2,309.26
p1_N3_W1.13,783.0,29.23,12.0,2,317.04
p1_S3_E3.14,843.0,11.08,0.0,0,175.87
p1_N2_S2.39,780.0,34.29,21.0,1,297.09
p1_W1_E1.131,786.0,28.53,7.0,2,328.04
p1_E3_W3.56,807.0,8.51,0.0,0,245.03
p1_S1_E1.12,723.0,50.1,22.0,2,448.17
p1_W1_E1.133,798.0,19.03,2.0,1,292.56
p1_E2_N2.13,781.0,35.13,15.0,1,327.22
p1_W1_E1.132,792.0,25.69,2.0,1,325.18
p1_E1_N3.14,840.0,17.86,4.0,2,188.13
p1_W3_E3.132,792.0,17.63,3.0,1,271.57
p1_S2_N2.40,800.0,19.23,5.0,1,284.08
p1_W1_E1.135,810.0,8.76,0.0,0,246.0
p1_N2_S2.40,800.0,20.15,2.0,1,296.03
p1_W1_E1.134,804.0,16.48,0.0,0,277.91
p1_E1_W1.55,792.0,20.92,7.0,1,276.0
p1_W3_E3.135,810.0,8.14,0.0,0,244.98
p1_W3_E3.131,786.0,25.03,7.0,1,290.75
p1_W1_E1.136,816.0,7.79,0.0,0,243.98
p1_W3_E3.133,798.0,27.09,3.0,1,327.06
p1_W3_E3.136,816.0,8.75,0.0,0,240.3
p1_W3_E3.134,804.0,17.5,0.0,0,302.9
p1_N2_S2.41,820.0,7.21,0.0,0,238.49
p1_W1_E1.130,780.0,23.55,4.0,1,292.71
p1_S2_N2.39,780.0,37.5,22.0,1,296.9
p1_E1_W1.56,807.0,8.57,0.0,0,245.05
p1_E1_W1.57,821.0,7.85,0.0,0,246.09
p1_W2_S2.13,783.0,48.52,27.0,3,353.0
p1_N2_W2.13,783.0,49.28,26.0,2,360.84
p1_W3_E3.137,822.0,8.22,0.0,0,234.59
p1_E3_W3.57,821.0,8.74,0.0,0,243.9
p1_W1_E1.137,822.0,8.43,0.0,0,257.33
p1_E_W.57,821.0,17.1,4.0,1,269.61
p1_S1_N1.40,800.0,40.02,26.0,1,302.95
p1_W1_S1.13,783.0,59.77,34.0,2,361.22
p1_E3_W3.55,792.0,14.16,0.0,0,273.51
p1_N1_S1.40,800.0,44.0,30.0,1,332.4
p1_E_W.56,807.0,19.22,4.0,1,272.43
p1_W_E.136,816.0,27.97,9.0,2,313.79
p1_N3_S3.41,820.0,24.17,6.0,1,304.0
p1_E_W.58,836.0,8.22,0.0,0,243.45
p1_N1_W3.13,783.0,45.29,32.0,1,317.38
p1_W_E.134,804.0,35.85,18.0,2,323.99
p1_W_E.135,810.0,36.16,11.0,2,334.99
p1_S1_N1.41,820.0,17.85,4.0,1,276.31
p1_S1_N1.42,840.0,7.44,0.0,0,240.43
p1_S3_N3.41,820.0,28.03,15.0,1,292.33
p1_W_E.139,834.0,14.29,0.0,0,273.87
p1_N3_S3.42,840.0,7.9,0.0,0,243.81
p1_N1_S1.41,820.0,25.79,8.0,1,303.64
p1_W_E.137,822.0,19.92,2.0,1,287.91
p1_W_E.138,828.0,10.77,0.0,0,261.14
p1_N3_W1.14,843.0,10.42,0.0,0,261.02
p1_W1_E1.141,846.0,9.38,0.0,0,264.06
p1_W_E.133,798.0,34.47,13.0,2,311.48
p1_W3_E3.139,834.0,18.3,4.0,1,279.38
p1_W1_E1.138,828.0,29.31,11.0,1,312.74
p1_W1_E1.139,834.0,23.28,7.0,1,299.28
p1_W_E.140,840.0,9.88,0.0,0,240.42
p1_W_E.141,846.0,10.88,0.0,0,255.0
p1_E2_N2.14,840.0,18.52,5.0,1,285.35
p1_E3_W3.59,850.0,8.09,0.0,0,252.27
p1_W3_S3.14,843.0,13.56,0.0,0,285.86
p1_S2_N2.42,840.0,20.32,7.0,1,285.68
p1_W1_E1.142,852.0,8.12,0.0,0,244.39
p1_S2_E2.13,783.0,78.7,50.0,4,404.94
p1_W3_E3.138,828.0,30.53,11.0,1,318.47
p1_E1_W1.58,836.0,26.06,13.0,1,283.87
p1_E3_W3.58,836.0,25.06,11.0,1,291.31
p1_W3_E3.140,840.0,12.27,0.0,0,271.7
p1_E1_W1.59,850.0,14.18,0.0,0,263.83
p1_W3_E3.142,852.0,12.16,0.0,0,260.58
p1_E1_N3.15,900.0,7.43,0.0,0,161.99
p1_W1_E1.143,858.0,7.28,0.0,0,247.75
p1_N2_S2.42,840.0,21.79,8.0,1,268.56
p1_W3_E3.143,858.0,8.78,0.0,0,243.59
p1_N2_S2.43,860.0,8.22,0.0,0,243.52
p1_E3_W3.60,864.0,7.34,0.0,0,242.84
p1_W1_E1.140,840.0,11.99,0.0,0,264.69
p1_W3_E3.141,846.0,9.8,0.0,0,249.26
p1_S2_N2.41,820.0,34.02,20.0,1,305.05
p1_W2_S2.14,843.0,29.63,11.0,2,325.26
p1_W1_E1.144,864.0,8.22,0.0,0,246.2
p1_W3_E3.144,864.0,8.26,0.0,0,244.48
p1_N2_W2.14,843.0,34.37,11.0,2,341.26
p1_W_E.143,858.0,19.9,5.0,1,296.81
p1_S2_E2.14,843.0,16.1,0.0,0,286.96
p1_W_E.145,870.0,10.42,0.0,0,265.41
p1_E_W.59,850.0,30.7,16.0,1,287.63
p1_W_E.142,852.0,24.92,10.0,1,297.24
p1_E3_N1.13,781.0,59.39,25.0,3,477.65
p1_N1_S1.43,860.0,25.5,11.0,1,291.74
p1_W_E.144,864.0,12.35,0.0,0,266.04
p1_W_E.146,876.0,8.77,0.0,0,252.57
p1_S3_N3.42,840.0,26.29,13.0,1,282.05
p1_S3_E3.15,903.0,26.41,13.0,1,206.12
p1_W1_S1.14,843.0,44.34,23.0,1,330.81
p1_E_W.61,879.0,9.05,0.0,0,245.81
p1_N1_W3.14,843.0,47.35,28.0,2,357.72
p1_N3_S3.43,860.0,29.65,16.0,1,299.29
p1_S3_N3.44,880.0,8.23,0.0,0,241.4
p1_S1_E1.13,783.0,58.45,21.0,3,485.44
p1_S3_N3.43,860.0,31.56,15.0,1,309.91
p1_N1_S1.44,880.0,10.45,0.0,0,258.77
p1_E_W.60,864.0,25.11,11.0,1,280.74
p1_N3_S3.44,880.0,8.16,0.0,0,239.76
p1_W_E.147,882.0,8.34,0.0,0,243.93
p1_S1_N1.44,880.0,8.34,0.0,0,243.01
p1_W_E.148,888.0,8.51,0.0,0,235.32
p1_N1_S1.42,840.0,37.69,23.0,1,306.19
p1_S1_N1.43,860.0,22.21,8.0,1,276.57
p1_E1_W1.62,893.0,7.54,0.0,0,237.68
p1_W1_E1.146,876.0,25.24,11.0,1,280.36
p1_E3_W3.62,893.0,8.12,0.0,0,238.11
p1_W_E.149,894.0,8.22,0.0,0,238.62
p1_E1_W1.61,879.0,24.52,11.0,1,284.96
p1_E3_W3.61,879.0,23.16,10.0,1,281.58
p1_W1_E1.148,888.0,14.85,1.0,1,270.39
p1_W3_E3.145,870.0,27.42,10.0,1,311.27
p1_W1_E1.149,894.0,10.25,0.0,0,260.65
p1_E1_W1.60,864.0,30.18,17.0,1,285.1
p1_W1_E1.147,882.0,24.63,7.0,1,301.23
p1_W3_E3.148,888.0,10.7,0.0,0,255.98
p1_S2_N2.44,880.0,26.19,10.0,1,290.59
p1_W3_E3.147,882.0,27.06,4.0,2,312.52
p1_W3_E3.149,894.0,16.49,0.0,0,279.28
p1_S2_N2.45,900.0,8.13,0.0,0,241.54
p1_W1_E1.145,870.0,27.72,14.0,1,287.92
p1_W3_E3.150,900.0,12.44,0.0,0,258.4
p1_W3_E3.146,876.0,18.6,6.0,1,279.96
p1_W1_E1.151,906.0,8.67,0.0,0,248.8
p1_S2_N2.43,860.0,41.01,26.0,1,317.62
p1_N2_S2.44,880.0,21.46,7.0,1,274.59
p1_E1_W1.63,908.0,7.83,0.0,0,243.32
p1_E3_W3.63,908.0,8.23,0.0,0,239.0
p1_W1_E1.150,900.0,8.65,0.0,0,233.58
p1_W1_E1.152,912.0,7.73,0.0,0,246.88
p1_E1_N3.16,960.0,7.0,0.0,0,170.68
p1_N2_W2.15,903.0,14.32,0.0,0,267.15
p1_S1_N1.45,900.0,27.15,13.0,1,303.26
p1_S2_E2.15,903.0,20.49,4.0,1,290.77
p1_W_E.151,906.0,15.78,2.0,1,275.35
p1_W1_S1.15,903.0,25.44,9.0,1,308.4
p1_W3_S3.15,903.0,25.68,11.0,1,276.39
p1_E_W.63,908.0,15.83,0.0,0,283.84
p1_E_W.64,922.0,8.18,0.0,0,243.41
p1_W3_E3.151,906.0,13.83,1.0,1,268.9
p1_N1_S1.46,920.0,13.22,0.0,0,262.98
p1_W_E.153,918.0,8.59,0.0,0,253.3
p1_S1_N1.46,920.0,8.53,0.0,0,250.76
p1_N1_S1.45,900.0,26.7,13.0,1,282.98
p1_W_E.150,900.0,20.23,6.0,1,276.54
p1_E_W.62,893.0,26.68,9.0,1,295.33
p1_W2_S2.15,903.0,33.03,6.0,2,320.78
p1_S3_N3.45,900.0,32.5,16.0,1,320.02
p1_W_E.155,930.0,8.8,0.0,0,243.08
p1_N2_S2.45,900.0,25.68,12.0,1,283.4
p1_E_W.65,936.0,7.95,0.0,0,233.35
p1_W3_E3.153,918.0,27.42,14.0,1,294.4
p1_W_E.154,924.0,8.37,0.0,0,247.0
p1_E1_W1.65,936.0,9.92,0.0,0,273.38
p1_W3_E3.155,930.0,16.91,4.0,1,273.56
p1_E3_W3.65,936.0,10.78,0.0,0,261.37
p1_N3_W1.15,903.0,41.19,20.0,2,326.01
p1_E3_W3.64,922.0,26.58,12.0,1,291.44
p1_W1_E1.154,924.0,22.58,8.0,1,283.94
p1_E2_N2.15,900.0,34.53,10.0,2,315.88
p1_E1_W1.64,922.0,19.9,7.0,1,278.23
p1_S2_N2.47,940.0,12.49,0.0,0,284.25
p1_W1_E1.157,942.0,10.29,0.0,0,251.69
p1_W1_E1.156,936.0,10.79,0.0,0,257.87
p1_S2_N2.46,920.0,34.25,19.0,1,313.4
p1_W3_E3.154,924.0,30.29,10.0,1,322.36
p1_W3_E3.152,912.0,33.08,17.0,1,308.63
p1_W1_E1.155,930.0,22.14,4.0,1,286.26
p1_W3_E3.156,936.0,19.32,0.0,0,278.71
p1_W3_E3.157,942.0,13.33,0.0,0,266.92
p1_W_E.152,912.0,10.37,0.0,0,265.5
p1_W1_E1.158,948.0,8.85,0.0,0,247.45
p1_W1_E1.153,918.0,23.83,10.0,1,281.16
p1_E3_N1.14,840.0,77.94,43.0,4,535.22
p1_N3_S3.45,900.0,61.37,36.0,3,375.76
p1_N3_S3.46,920.0,41.42,20.0,2,330.61
p1_W1_E1.159,954.0,7.71,0.0,0,238.86
p1_N1_W3.15,903.0,42.47,24.0,2,324.6
p1_S3_E3.16,963.0,43.3,30.0,1,226.73
p1_W_E.158,948.0,24.55,5.0,2,304.51
p1_E_W.66,951.0,20.94,9.0,1,280.27
p1_W_E.157,942.0,30.99,10.0,2,324.35
p1_W3_E3.158,948.0,25.37,12.0,1,289.72
p1_W3_E3.159,954.0,19.11,6.0,1,276.21
p1_E_W.67,965.0,8.11,0.0,0,241.99
p1_N2_S2.46,920.0,53.67,34.0,2,343.71
p1_E1_W1.66,951.0,20.54,8.0,1,279.32
p1_N2_S2.47,940.0,27.81,9.0,1,303.62
p1_S3_N3.47,940.0,36.52,18.0,2,321.17
p1_S1_E1.14,843.0,89.8,57.0,5,542.04
p1_W_E.156,936.0,25.92,9.0,1,292.83
p1_E3_W3.66,951.0,21.3,8.0,1,261.88
p1_W_E.162,972.0,8.15,0.0,0,242.71
p1_S3_N3.46,920.0,31.03,18.0,1,294.54
p1_E3_N1.15,900.0,39.36,17.0,1,441.79
p1_W_E.161,966.0,15.93,0.0,0,260.13
p1_W_E.159,954.0,8.72,0.0,0,249.35
p1_N1_S1.47,940.0,44.58,22.0,1,347.94
p1_N1_W3.16,963.0,21.19,3.0,2,316.31
p1_E2_N2.16,960.0,26.9,7.0,1,312.47
p1_S1_N1.47,940.0,46.76,21.0,3,358.55
p1_S1_N1.48,960.0,27.04,5.0,2,328.6
p1_W3_E3.162,972.0,16.36,1.0,1,275.32
p1_W_E.163,978.0,7.62,0.0,0,234.13
p1_W3_S3.16,963.0,23.2,7.0,1,292.32
p1_W3_E3.163,978.0,12.3,0.0,0,275.11
p1_W1_E1.160,960.0,31.15,18.0,1,294.61
p1_W3_E3.160,960.0,26.69,11.0,1,303.49
p1_W1_E1.163,978.0,16.21,3.0,1,276.43
p1_E1_N3.17,1020.0,14.62,2.0,1,173.16
p1_W1_E1.161,966.0,26.42,12.0,1,284.01
p1_E_W.68,980.0,15.56,3.0,1,275.53
p1_N2_W2.16,963.0,33.82,10.0,2,325.19
p1_W1_E1.162,972.0,24.33,10.0,1,286.71
p1_S2_N2.49,980.0,15.99,3.0,1,270.53
p1_E3_W3.68,980.0,17.54,4.0,1,279.94
p1_N3_S3.47,940.0,57.77,40.0,2,354.38
p1_W1_E1.165,990.0,8.19,0.0,0,248.0
p1_E1_W1.68,980.0,18.94,2.0,1,289.08
p1_N3_S3.49,980.0,19.03,5.0,1,267.1
p1_N3_S3.48,960.0,30.44,11.0,1,301.84
p1_E3_W3.67,965.0,27.39,13.0,1,286.18
p1_S3_E3.17,1023.0,20.33,7.0,1,188.03
p1_N1_S1.48,960.0,10.62,0.0,0,248.11
p1_N3_W1.16,963.0,31.9,7.0,2,335.22
p1_S2_N2.48,960.0,27.52,9.0,2,305.85
p1_E1_W1.67,965.0,34.0,17.0,1,313.57
p1_W1_E1.164,984.0,11.03,0.0,0,251.94
p1_N2_S2.49,980.0,24.82,5.0,1,307.58
p1_N2_S2.48,960.0,46.68,23.0,2,358.4
p1_S2_E2.16,963.0,45.38,11.0,3,351.7
p1_W3_E3.165,990.0,19.05,6.0,1,277.3
p1_W2_S2.16,963.0,30.47,13.0,1,297.4
p1_W3_E3.161,966.0,44.55,21.0,2,349.84
p1_W_E.164,984.0,26.35,10.0,1,291.21
p1_W3_E3.164,984.0,27.15,11.0,1,306.29
p1_W1_S1.16,963.0,52.58,29.0,3,366.26
p1_N1_S1.49,980.0,35.69,17.0,2,317.65
p1_W3_E3.166,996.0,20.52,8.0,1,277.11
p1_N1_S1.50,1000.0,16.86,3.0,1,277.6
p1_W_E.168,1008.0,9.57,0.0,0,257.48
p1_W_E.160,960.0,26.92,12.0,1,294.84
p1_E_W.69,994.0,25.29,11.0,1,298.79
p1_W_E.166,996.0,18.03,2.0,1,280.57
p1_S3_N3.49,980.0,35.79,18.0,2,322.09
p1_W_E.167,1002.0,17.73,1.0,1,274.53
p1_S1_N1.49,980.0,29.35,10.0,2,313.73
p1_S3_N3.50,1000.0,20.69,4.0,1,296.31
p1_E_W.70,1008.0,13.24,0.0,0,272.0
p1_W_E.169,1014.0,7.45,0.0,0,244.58
p1_W3_E3.169,1014.0,7.95,0.0,0,258.39
p1_W3_E3.167,1002.0,12.51,0.0,0,260.01
p1_S3_N3.48,960.0,56.7,36.0,2,342.52
p1_S1_E1.15,903.0,60.31,28.0,3,479.66
p1_E3_W3.69,994.0,34.28,15.0,2,317.58
p1_E3_W3.70,1008.0,20.33,6.0,1,289.24
p1_W_E.165,990.0,20.96,7.0,1,271.23
p1_W1_E1.166,996.0,33.51,13.0,2,324.07
p1_W1_E1.167,1002.0,29.0,3.0,2,331.92
p1_W1_E1.168,1008.0,23.42,3.0,1,318.0
p1_S2_N2.50,1000.0,29.38,13.0,2,313.65
p1_N3_S3.50,1000.0,17.31,1.0,1,286.53
p1_W1_E1.169,1014.0,18.85,2.0,1,298.94
p1_E1_W1.69,994.0,27.05,12.0,1,279.09
p1_E1_W1.71,1023.0,12.3,0.0,0,272.5
p1_S1_E1.16,963.0,22.64,0.0,0,394.64
p1_N2_S2.51,1020.0,21.07,6.0,1,281.73
p1_N2_S2.50,1000.0,38.92,20.0,2,319.43
p1_N1_S1.51,1020.0,21.51,7.0,1,291.81
p1_W_E.170,1020.0,22.94,8.0,1,296.85
p1_S1_N1.51,1020.0,23.3,9.0,1,300.86
p1_N1_W3.17,1023.0,20.11,6.0,1,288.55
p1_W_E.171,1026.0,16.64,1.0,1,299.76
p1_W3_E3.171,1026.0,17.37,3.0,1,274.69
p1_W1_E1.171,1026.0,18.53,4.0,1,274.29
p1_W_E.172,1032.0,12.43,0.0,0,279.1
p1_W2_S2.17,1023.0,22.48,8.0,1,295.3
p1_W3_E3.168,1008.0,25.27,11.0,1,288.41
p1_W_E.173,1038.0,8.05,0.0,0,242.47
p1_S1_N1.50,1000.0,35.82,19.0,2,316.51
p1_E1_N3.18,1083.0,7.68,0.0,0,163.99
p1_E3_N1.16,960.0,27.88,4.0,2,394.86
p1_W1_E1.170,1020.0,23.16,8.0,1,282.17
p1_W1_E1.172,1032.0,13.76,0.0,0,263.62
p1_W3_E3.170,1020.0,20.78,6.0,1,277.56
p1_N2_W2.17,1023.0,30.05,13.0,1,318.66
p1_W3_S3.17,1023.0,23.54,5.0,1,299.23
p1_W3_E3.172,1032.0,10.11,0.0,0,254.28
p1_S3_N3.51,1020.0,33.88,16.0,2,325.09
p1_E_W.71,1023.0,25.79,10.0,2,308.33
p1_S3_N3.52,1040.0,14.52,1.0,1,264.47
p1_E3_W3.71,1023.0,31.68,12.0,2,315.99
p1_W3_E3.173,1038.0,16.84,0.0,0,279.26
p1_W3_E3.174,1044.0,9.83,0.0,0,251.23
p1_E3_W3.72,1037.0,19.33,5.0,1,279.47
p1_E1_W1.72,1037.0,16.89,4.0,1,272.42
p1_E1_W1.70,1008.0,38.97,20.0,2,306.67
p1_E2_N2.17,1020.0,44.19,27.0,2,331.11
p1_N3_S3.52,1040.0,24.58,6.0,1,302.42
p1_N3_S3.51,1020.0,44.82,24.0,2,336.31
p1_S2_E2.17,1023.0,30.85,9.0,2,321.35
p1_S3_E3.18,1083.0,26.54,15.0,1,206.79
p1_W1_E1.173,1038.0,29.57,12.0,1,315.19
p1_N1_S1.52,1040.0,27.34,9.0,1,307.84
p1_S2_N2.52,1040.0,17.39,2.0,1,288.23
p1_W1_E1.174,1044.0,24.03,12.0,1,292.93
p1_W_E.174,1044.0,23.92,9.0,1,287.28
p1_S2_N2.51,1020.0,37.33,15.0,2,330.65
p1_W_E.175,1050.0,18.81,3.0,1,297.0
p1_W_E.176,1056.0,13.87,0.0,0,280.92
p1_N1_S1.53,1060.0,9.97,0.0,0,253.39
p1_W_E.177,1062.0,8.47,0.0,0,249.4
p1_W1_S1.17,1023.0,33.01,10.0,2,307.23
p1_S1_N1.52,1040.0,34.5,15.0,2,315.06
p1_W3_E3.175,1050.0,26.05,10.0,1,309.39
p1_W3_E3.176,1056.0,19.85,4.0,1,298.39
p1_W1_E1.175,1050.0,26.95,14.0,1,293.66
p1_W3_E3.177,1062.0,15.93,0.0,0,288.88
p1_W3_E3.178,1068.0,9.65,0.0,0,247.64
p1_W1_E1.177,1062.0,15.72,2.0,1,277.42
p1_E_W.72,1037.0,44.52,23.0,3,346.74
p1_E_W.73,1052.0,31.94,12.0,2,311.92
p1_N2_S2.52,1040.0,44.33,24.0,1,350.05
p1_E3_W3.73,1052.0,16.35,3.0,1,271.05
p1_N2_S2.53,1060.0,21.09,5.0,1,307.91
p1_E1_W1.73,1052.0,35.12,15.0,2,319.0
p1_E3_W3.74,1066.0,21.44,7.0,1,281.45
p1_E3_W3.75,1080.0,8.02,0.0,0,248.62
p1_N3_W1.17,1023.0,54.32,31.0,3,350.86
p1_E_W.75,1080.0,16.21,3.0,1,268.77
p1_E_W.74,1066.0,30.72,11.0,2,310.15
p1_W1_E1.178,1068.0,30.26,12.0,1,307.03
p1_W_E.180,1080.0,18.06,4.0,1,274.95
p1_N1_S1.54,1080.0,18.22,2.0,1,288.66
p1_E2_N2.18,1083.0,15.41,1.0,1,268.24
p1_W1_E1.179,1074.0,26.46,10.0,1,286.8
p1_W3_E3.180,1080.0,19.99,7.0,1,279.75
p1_S1_N1.54,1080.0,20.18,2.0,1,305.67
p1_S2_N2.54,1080.0,17.86,4.0,1,271.96
p1_N1_W3.18,1083.0,17.21,0.0,0,289.35
p1_W1_E1.176,1056.0,32.81,13.0,2,302.81
p1_E3_N1.17,1020.0,35.32,11.0,2,416.71
p1_W_E.178,1068.0,24.66,10.0,1,282.76
p1_W_E.179,1074.0,23.3,8.0,1,279.93
p1_W1_E1.182,1092.0,11.04,0.0,0,261.42
p1_E_W.76,1095.0,8.25,0.0,0,240.67
p1_W1_E1.181,1086.0,17.92,3.0,1,285.61
p1_W3_E3.182,1092.0,12.15,0.0,0,265.2
p1_S1_N1.53,1060.0,31.31,11.0,2,318.19
p1_W1_E1.180,1080.0,22.31,8.0,1,287.42
p1_W_E.182,1092.0,12.72,0.0,0,255.82
p1_W3_E3.181,1086.0,13.63,0.0,0,275.75
p1_E1_N3.19,1141.0,8.49,0.0,0,164.84
p1_N3_S3.54,1080.0,30.27,8.0,2,335.25
p1_W_E.181,1086.0,10.44,0.0,0,262.34
p1_N3_S3.53,1060.0,39.58,24.0,1,322.36
p1_E1_W1.75,1080.0,33.81,15.0,2,320.18
p1_S3_N3.55,1100.0,16.33,3.0,1,283.19
p1_S3_N3.53,1060.0,55.65,32.0,3,374.0
p1_E1_W1.76,1095.0,20.6,5.0,1,288.0
p1_W2_S2.18,1083.0,35.17,14.0,2,322.09
p1_N2_S2.55,1100.0,17.93,1.0,1,283.11
p1_S3_E3.19,1143.0,8.12,0.0,0,165.29
p1_E1_W1.74,1066.0,33.52,14.0,2,317.28
p1_S3_N3.54,1080.0,38.74,18.0,2,324.11
p1_N2_S2.54,1080.0,37.28,15.0,1,337.79
p1_E3_W3.77,1109.0,14.36,1.0,1,269.81
p1_E3_W3.76,1095.0,25.78,14.0,1,287.91
p1_W_E.183,1098.0,27.49,10.0,1,309.2
p1_S2_E2.18,1083.0,43.93,22.0,2,321.52
p1_W3_E3.186,1116.0,12.09,0.0,0,260.56
p1_W_E.184,1104.0,25.0,12.0,1,287.34
p1_W3_E3.185,1110.0,19.9,5.0,1,279.06
p1_W_E.186,1116.0,15.02,1.0,1,269.33
p1_W1_E1.184,1104.0,19.87,5.0,1,272.76
p1_W3_E3.184,1104.0,24.11,7.0,1,288.79
p1_W1_E1.187,1122.0,11.4,0.0,0,281.06
p1_W1_S1.18,1083.0,51.95,31.0,2,349.38
p1_N2_W2.18,1083.0,51.9,26.0,3,357.58
p1_W1_E1.183,1098.0,21.48,8.0,1,272.6
p1_N1_S1.55,1100.0,33.97,16.0,2,316.4
p1_S1_N1.55,1100.0,33.85,16.0,1,311.56
p1_W_E.187,1122.0,11.99,0.0,0,258.05
p1_W3_E3.179,1074.0,38.17,18.0,2,323.3
p1_S2_N2.53,1060.0,41.38,17.0,3,337.3
p1_E_W.77,1109.0,21.93,6.0,1,279.14
p1_W_E.185,1110.0,15.97,4.0,1,262.54
p1_W3_S3.18,1083.0,27.78,7.0,2,310.22
p1_W1_E1.188,1128.0,12.75,0.0,0,255.07
p1_W1_E1.185,1110.0,20.12,5.0,1,276.6
p1_W3_E3.183,1098.0,23.41,9.0,1,288.83
p1_N3_S3.56,1120.0,19.66,0.0,0,297.19
p1_E_W.79,1138.0,7.57,0.0,0,232.0
p1_S1_E1.17,1023.0,52.52,26.0,3,439.6
p1_N3_S3.55,1100.0,26.11,11.0,1,287.2
p1_E1_W1.77,1109.0,16.72,2.0,1,273.15
p1_S1_N1.57,1140.0,11.33,0.0,0,261.42
p1_N3_W1.18,1083.0,27.81,10.0,1,297.45
p1_W_E.188,1128.0,24.78,10.0,1,289.36
p1_E3_W3.79,1138.0,15.36,1.0,1,255.88
p1_W3_E3.188,1128.0,25.71,12.0,1,287.87
p1_W1_E1.186,1116.0,11.13,0.0,0,260.85
p1_W_E.190,1140.0,8.06,0.0,0,247.97
p1_S1_N1.56,1120.0,23.62,7.0,1,297.58
p1_W3_E3.190,1140.0,16.85,2.0,1,275.57
p1_E2_N2.19,1141.0,11.84,0.0,0,251.71
p1_W3_E3.189,1134.0,23.76,8.0,1,283.92
p1_N2_S2.56,1120.0,40.47,21.0,2,318.71
p1_W3_E3.187,1122.0,25.56,13.0,1,283.1
p1_N2_S2.57,1140.0,20.89,7.0,1,282.07
p1_W3_S3.19,1143.0,18.63,3.0,1,297.6
p1_S3_N3.56,1120.0,42.0,23.0,1,338.06
p1_W3_E3.192,1152.0,8.42,0.0,0,242.48
p1_E3_W3.78,1124.0,19.72,6.0,1,281.29
p1_E1_W1.78,1124.0,41.02,19.0,2,356.33
p1_E1_W1.79,1138.0,22.61,8.0,1,290.02
p1_W3_E3.193,1158.0,7.98,0.0,0,243.43
p1_S3_N3.57,1140.0,16.71,0.0,0,276.91
p1_S2_E2.19,1143.0,23.11,6.0,1,295.25
p1_W_E.189,1134.0,10.52,0.0,0,256.1
p1_N3_W1.19,1143.0,18.92,6.0,1,274.24
p1_W3_E3.191,1146.0,9.73,0.0,0,238.29
p1_W1_E1.189,1134.0,36.91,17.0,2,334.1
p1_W1_E1.190,1140.0,30.83,9.0,2,315.5
p1_N1_S1.56,1120.0,49.23,29.0,2,336.89
p1_N1_W3.19,1143.0,29.37,17.0,1,292.59
p1_W1_E1.191,1146.0,27.13,6.0,2,322.67
p1_W1_E1.192,1152.0,20.84,3.0,1,298.49
p1_W1_E1.193,1158.0,16.66,1.0,1,270.17
p1_N1_S1.58,1160.0,14.78,0.0,0,281.87
p1_E_W.81,1167.0,9.0,0.0,0,259.33
p1_E1_N3.20,1200.0,12.53,1.0,1,175.67
p1_S2_N2.56,1120.0,57.15,39.0,2,367.84
p1_E_W.78,1124.0,15.9,0.0,0,281.83
p1_S2_N2.55,1100.0,77.71,53.0,3,403.98
p1_E_W.80,1152.0,26.28,8.0,2,310.78
p1_S1_N1.58,1160.0,14.05,0.0,0,267.23
p1_E3_N1.18,1083.0,44.32,22.0,2,421.84
p1_W_E.192,1152.0,27.27,15.0,1,292.35
p1_N3_S3.57,1140.0,31.81,14.0,2,313.87
p1_W1_S1.19,1143.0,28.5,10.0,2,300.34
p1_W_E.191,1146.0,34.01,20.0,1,291.31
p1_S2_N2.57,1140.0,37.3,19.0,2,326.04
p1_W_E.194,1164.0,17.43,3.0,1,268.78
p1_E3_W3.80,1152.0,31.51,12.0,2,309.34
p1_W_E.195,1170.0,14.28,0.0,0,274.31
p1_S3_E3.20,1203.0,16.62,3.0,1,177.55
p1_W1_E1.194,1164.0,21.37,8.0,1,275.53
p1_W_E.193,1158.0,22.52,9.0,1,280.48
p1_E1_W1.80,1152.0,38.23,16.0,2,339.31
p1_E1_W1.81,1167.0,23.07,8.0,1,303.26
p1_W1_E1.195,1170.0,13.63,0.0,0,266.83
p1_W1_E1.196,1176.0,9.92,0.0,0,260.32
p1_E1_W1.82,1181.0,11.04,0.0,0,262.45
p1_W1_E1.197,1182.0,10.87,0.0,0,260.55
p1_W3_E3.195,1170.0,24.0,4.0,2,301.93
p1_W2_S2.19,1143.0,52.22,29.0,2,342.63
p1_W3_E3.196,1176.0,14.59,0.0,0,286.95
p1_N2_S2.59,1180.0,17.36,4.0,1,279.43
p1_E3_W3.81,1167.0,23.59,10.0,1,282.85
p1_W3_E3.194,1164.0,28.18,9.0,1,301.24
p1_E3_W3.82,1181.0,19.1,7.0,1,276.55
p1_S2_N2.59,1180.0,21.82,4.0,1,294.51
p1_W3_E3.197,1182.0,8.66,0.0,0,250.08
p1_E3_W3.83,1196.0,7.73,0.0,0,251.75
p1_N2_S2.58,1160.0,19.8,6.0,1,275.26
p1_W3_E3.198,1188.0,8.43,0.0,0,252.86
p1_W_E.197,1182.0,21.21,7.0,1,287.23
p1_W3_E3.200,1200.0,7.69,0.0,0,237.53
p1_W_E.196,1176.0,23.0,10.0,1,296.28
p1_W3_E3.199,1194.0,9.0,0.0,0,241.15
p1_E_W.82,1181.0,30.32,8.0,3,324.78
p1_W1_E1.199,1194.0,17.19,2.0,1,277.91
p1_W_E.199,1194.0,16.32,4.0,1,272.19
p1_E2_N2.20,1200.0,11.09,0.0,0,262.08
p1_W1_E1.198,1188.0,24.05,9.0,1,302.72
p1_W_E.198,1188.0,23.26,8.0,1,285.34
p1_W1_S1.20,1203.0,11.48,0.0,0,256.03
p1_W_E.201,1206.0,7.77,0.0,0,250.48
p1_N2_W2.19,1143.0,58.26,36.0,3,364.75
p1_E_W.83,1196.0,11.81,0.0,0,269.42
p1_W_E.200,1200.0,13.16,0.0,0,265.29
p1_W1_E1.201,1206.0,10.15,0.0,0,258.74
p1_W1_E1.200,1200.0,16.82,1.0,1,294.3
p1_E1_W1.83,1196.0,19.32,7.0,1,278.37
p1_N3_S3.60,1200.0,12.36,0.0,0,267.64
p1_E1_W1.84,1210.0,8.24,0.0,0,243.0
p1_N3_S3.59,1180.0,38.64,16.0,2,350.5
p1_N3_S3.58,1160.0,55.4,31.0,2,361.5
p1_N1_S1.57,1140.0,62.44,44.0,2,361.76
p1_N1_S1.60,1200.0,23.38,10.0,1,286.86
p1_E3_N1.19,1141.0,41.03,8.0,3,447.51
p1_N1_S1.59,1180.0,30.6,10.0,1,314.3
p1_S1_N1.60,1200.0,23.89,6.0,2,304.2
p1_S1_N1.59,1180.0,47.45,26.0,2,351.64
p1_W2_S2.20,1203.0,19.72,1.0,1,297.21
p1_E1_N3.21,1260.0,7.86,0.0,0,161.19
p1_N2_S2.61,1220.0,7.86,0.0,0,252.67
p1_S1_E1.18,1083.0,58.1,25.0,4,480.37
p1_S3_N3.58,1160.0,69.94,43.0,3,394.05
p1_S3_N3.59,1180.0,50.08,31.0,2,342.56
p1_W3_S3.20,1203.0,26.83,11.0,1,296.27
p1_N2_S2.60,1200.0,20.74,7.0,1,277.64
p1_W3_E3.202,1212.0,20.13,6.0,1,294.0
p1_N2_W2.20,1203.0,21.53,5.0,1,279.01
p1_W3_E3.204,1224.0,9.92,0.0,0,259.17
p1_S2_N2.60,1200.0,34.97,16.0,2,322.02
p1_E_W.84,1210.0,25.16,12.0,1,294.69
p1_W_E.202,1212.0,23.37,9.0,1,281.27
p1_E3_W3.85,1224.0,10.24,0.0,0,257.49
p1_E3_W3.84,1210.0,26.1,12.0,1,290.27
p1_W3_E3.201,1206.0,31.96,9.0,1,315.39
p1_S2_N2.58,1160.0,61.6,38.0,3,372.44
p1_W3_E3.203,1218.0,10.0,0.0,0,255.04
p1_S1_E1.19,1143.0,50.82,27.0,2,461.43
p1_N1_W3.20,1203.0,39.08,17.0,2,338.09
p1_W3_E3.205,1230.0,10.89,0.0,0,249.37
p1_E1_W1.85,1224.0,11.06,0.0,0,263.0
p1_W1_E1.202,1212.0,29.49,10.0,1,312.67
p1_W_E.203,1218.0,8.87,0.0,0,241.41
p1_N1_S1.61,1220.0,22.88,9.0,1,281.84
p1_W1_E1.204,1224.0,18.95,0.0,0,292.55
p1_S3_E3.21,1263.0,22.28,11.0,1,187.43
p1_N3_W1.20,1203.0,39.75,27.0,1,299.49
p1_N3_S3.61,1220.0,22.89,11.0,1,283.05
p1_W1_E1.203,1218.0,15.86,2.0,1,266.44
p1_N3_S3.62,1240.0,8.14,0.0,0,237.86
p1_W1_E1.205,1230.0,11.99,0.0,0,261.19
p1_W1_E1.207,1242.0,8.17,0.0,0,242.97
p1_E_W.86,1239.0,16.33,2.0,1,280.17
p1_S3_N3.61,1220.0,34.19,15.0,2,311.27
p1_S3_N3.60,1200.0,43.67,18.0,3,337.05
p1_E_W.87,1253.0,7.48,0.0,0,238.49
p1_E_W.85,1224.0,28.35,13.0,1,290.5
p1_W_E.204,1224.0,30.53,17.0,1,297.63
p1_W3_E3.206,1236.0,20.71,7.0,1,277.82
p1_E3_N1.20,1200.0,24.15,8.0,1,382.06
p1_W_E.205,1230.0,23.84,9.0,1,277.16
p1_W_E.206,1236.0,31.46,9.0,1,299.66
p1_E3_W3.86,1239.0,17.21,4.0,1,275.06
p1_W3_E3.207,1242.0,12.15,0.0,0,252.25
p1_S1_N1.62,1240.0,26.23,9.0,2,299.0
p1_W_E.207,1242.0,23.26,2.0,1,296.85
p1_W_E.209,1254.0,13.91,0.0,0,279.83
p1_W_E.208,1248.0,22.83,0.0,0,310.45
p1_E1_W1.86,1239.0,32.78,12.0,2,333.63
p1_N1_S1.62,1240.0,31.95,18.0,1,313.12
p1_W1_E1.208,1248.0,24.0,9.0,1,297.73
p1_E1_W1.87,1253.0,19.17,3.0,1,290.23
p1_W1_E1.209,1254.0,18.42,5.0,1,268.32
p1_N2_S2.62,1240.0,32.77,20.0,1,300.11
p1_N1_S1.63,1260.0,7.93,0.0,0,238.53
p1_N1_W3.21,1263.0,10.47,0.0,0,259.71
p1_S2_E2.20,1203.0,63.22,38.0,4,374.96
p1_N3_W1.21,1263.0,13.65,0.0,0,275.91
p1_W3_E3.208,1248.0,24.87,12.0,1,281.84
p1_W3_E3.209,1254.0,19.05,6.0,1,271.05
p1_W3_E3.210,1260.0,20.93,4.0,1,283.58
p1_S2_N2.63,1260.0,20.78,4.0,1,300.21
p1_W3_E3.211,1266.0,15.8,0.0,0,277.46
p1_W1_E1.206,1236.0,24.88,9.0,1,283.53
p1_W1_E1.211,1266.0,17.02,3.0,1,273.15
p1_W3_E3.212,1272.0,10.82,0.0,0,251.17
p1_E1_N3.22,1320.0,6.77,0.0,0,158.91
p1_W1_E1.210,1260.0,24.49,9.0,1,291.23
p1_W1_E1.212,1272.0,12.74,0.0,0,264.57
p1_S2_N2.61,1220.0,43.28,23.0,1,332.61
p1_E3_W3.87,1253.0,32.35,12.0,2,315.65
p1_E3_W3.88,1268.0,16.66,0.0,0,287.06
p1_W3_S3.21,1263.0,14.7,0.0,0,275.23
p1_E1_W1.88,1268.0,19.07,6.0,1,272.42
p1_W_E.212,1272.0,19.81,6.0,1,270.8
p1_E_W.89,1282.0,9.89,0.0,0,267.14
p1_E2_N2.21,1260.0,33.45,12.0,2,339.6
p1_W_E.211,1266.0,27.0,11.0,1,302.28
p1_S3_E3.22,1323.0,11.96,0.0,0,177.82
p1_S2_E2.21,1263.0,17.32,0.0,0,283.37
p1_E_W.88,1268.0,25.78,7.0,1,313.96
p1_W1_E1.213,1278.0,8.13,0.0,0,238.12
p1_N3_S3.63,1260.0,35.53,15.0,2,320.26
p1_W2_S2.21,1263.0,32.64,3.0,1,288.3
p1_S3_N3.62,1240.0,55.32,36.0,2,357.21
p1_N2_W2.21,1263.0,23.37,3.0,1,306.64
p1_S1_N1.61,1220.0,76.99,50.0,3,401.16
p1_S2_N2.62,1240.0,24.31,9.0,1,289.52
p1_N2_S2.63,1260.0,35.33,18.0,2,318.61
p1_S1_E1.20,1202.0,37.15,14.0,1,429.65
p1_S3_N3.63,1260.0,30.81,17.0,1,295.89
p1_W1_S1.21,1263.0,39.97,22.0,2,325.24
p1_S1_N1.64,1280.0,23.05,8.0,1,291.79
p1_W_E.214,1284.0,18.66,6.0,1,280.4
p1_S3_N3.64,1280.0,10.36,0.0,0,249.75
p1_W_E.216,1296.0,8.48,0.0,0,251.09
p1_N1_S1.64,1280.0,25.38,12.0,1,284.01
p1_W3_E3.213,1278.0,29.2,11.0,2,309.67
p1_W3_E3.214,1284.0,23.13,3.0,1,310.11
p1_W_E.215,1290.0,16.7,1.0,1,283.26
p1_W_E.210,1260.0,19.87,5.0,1,278.06
p1_W1_E1.214,1284.0,25.02,12.0,1,289.17
p1_W3_E3.215,1290.0,19.33,0.0,0,294.4
p1_W3_E3.216,1296.0,13.14,0.0,0,277.38
p1_W1_E1.215,1290.0,19.71,7.0,1,281.43
p1_W3_E3.217,1302.0,9.24,0.0,0,247.42
p1_E1_W1.89,1282.0,20.89,7.0,1,282.57
p1_E3_W3.89,1282.0,30.68,9.0,2,329.93
p1_W_E.213,1278.0,21.26,8.0,1,279.2
p1_E3_W3.90,1296.0,9.05,0.0,0,250.15
p1_E1_W1.91,1311.0,7.73,0.0,0,236.41
p1_E_W.90,1296.0,8.62,0.0,0,239.8
p1_N3_S3.64,1280.0,42.48,21.0,2,327.56
p1_E1_W1.90,1296.0,21.93,8.0,1,293.15
p1_W1_E1.217,1302.0,15.95,3.0,1,267.66
p1_W1_E1.219,1314.0,8.71,0.0,0,238.75
p1_S2_N2.65,1300.0,24.0,9.0,1,287.65
p1_W1_E1.218,1308.0,14.15,0.0,0,278.05
p1_W1_E1.216,1296.0,20.83,8.0,1,273.05
p1_N2_S2.64,1280.0,45.18,32.0,1,316.78
p1_N2_S2.66,1320.0,8.9,0.0,0,244.53
p1_S2_N2.64,1280.0,38.28,19.0,2,323.78
p1_N2_W2.22,1323.0,9.63,0.0,0,268.83
p1_W_E.217,1302.0,23.9,9.0,1,279.04
p1_E3_W3.91,1311.0,21.39,9.0,1,273.72
p1_E1_W1.92,1325.0,7.73,0.0,0,241.7
p1_W1_E1.220,1320.0,7.9,0.0,0,240.01
p1_E_W.92,1325.0,10.45,0.0,0,274.86
p1_S3_N3.65,1300.0,41.16,23.0,1,327.21
p1_W3_E3.218,1308.0,22.29,9.0,1,280.56
p1_W3_E3.220,1320.0,21.19,1.0,1,307.39
p1_S3_N3.66,1320.0,21.05,4.0,2,299.66
p1_W3_S3.22,1323.0,16.22,0.0,0,295.36
p1_N2_S2.65,1300.0,20.81,5.0,1,278.8
p1_W3_E3.219,1314.0,16.97,0.0,0,283.34
p1_W_E.220,1320.0,18.98,4.0,1,267.45
p1_S1_N1.65,1300.0,44.19,25.0,2,337.17
p1_W_E.218,1308.0,23.2,9.0,1,279.86
p1_E_W.91,1311.0,22.56,9.0,1,287.39
p1_N1_S1.66,1320.0,23.93,9.0,1,309.13
p1_W_E.221,1326.0,13.55,0.0,0,257.08
p1_N1_S1.65,1300.0,45.31,32.0,1,318.21
p1_W1_S1.22,1323.0,23.37,6.0,1,297.71
p1_W3_E3.221,1326.0,8.66,0.0,0,241.49
p1_N1_S1.67,1340.0,8.31,0.0,0,240.36
p1_S1_N1.63,1260.0,65.37,41.0,3,375.91
p1_S1_N1.67,1340.0,8.76,0.0,0,260.93
p1_E3_N1.21,1260.0,31.58,3.0,1,418.13
p1_W_E.219,1314.0,22.31,8.0,1,274.2
p1_N1_W3.22,1323.0,19.44,3.0,1,292.33
p1_N3_S3.66,1320.0,32.41,12.0,2,315.11
p1_W_E.222,1332.0,9.16,0.0,0,242.5
p1_N3_S3.65,1300.0,50.47,33.0,2,338.72
p1_S1_N1.66,1320.0,23.86,9.0,1,297.25
p1_W_E.223,1338.0,14.99,0.0,0,265.42
p1_E1_N3.23,1380.0,18.17,8.0,1,186.76
p1_W1_E1.223,1338.0,16.88,2.0,1,277.02
p1_E1_W1.93,1340.0,15.13,1.0,1,280.6
p1_N3_S3.67,1340.0,14.91,1.0,1,269.05
p1_N3_W1.22,1323.0,34.38,15.0,2,319.55
p1_W1_E1.224,1344.0,12.64,0.0,0,271.21
p1_S3_E3.23,1383.0,11.97,1.0,1,177.65
p1_E_W.93,1340.0,8.78,0.0,0,239.32
p1_W1_E1.221,1326.0,29.84,16.0,1,292.85
p1_E1_W1.94,1354.0,8.18,0.0,0,243.46
p1_S2_E2.22,1323.0,38.59,15.0,3,344.27
p1_E2_N2.22,1320.0,43.65,20.0,2,337.96
p1_W1_E1.222,1332.0,22.44,7.0,1,287.19
p1_N2_S2.67,1340.0,23.25,10.0,1,299.4
p1_E3_W3.92,1325.0,39.11,20.0,2,321.32
p1_E3_W3.93,1340.0,24.51,9.0,1,306.42
p1_W3_E3.224,1344.0,16.7,0.0,0,290.42
p1_W1_E1.226,1356.0,8.71,0.0,0,243.19
p1_S2_N2.66,1320.0,46.17,25.0,2,331.51
p1_W2_S2.22,1323.0,38.7,16.0,2,330.03
p1_W3_E3.223,1338.0,20.69,5.0,1,292.32
p1_S2_N2.67,1340.0,22.29,9.0,1,273.7
p1_W1_E1.225,1350.0,8.94,0.0,0,240.86
p1_S2_N2.68,1360.0,8.83,0.0,0,246.18
p1_S1_E1.21,1263.0,66.31,28.0,4,507.6
p1_W_E.225,1350.0,22.21,10.0,1,285.11
p1_W_E.224,1344.0,29.13,14.0,1,298.3
p1_W3_E3.225,1350.0,10.14,0.0,0,243.39
p1_W3_E3.227,1362.0,11.04,0.0,0,255.13
p1_W3_E3.222,1332.0,22.58,7.0,1,281.35
p1_W3_E3.228,1368.0,7.65,0.0,0,246.61
p1_E3_W3.95,1368.0,10.16,0.0,0,261.87
p1_E3_W3.94,1354.0,25.42,11.0,1,286.1
p1_W_E.226,1356.0,23.36,11.0,1,278.27
p1_W3_E3.226,1356.0,9.1,0.0,0,245.03
p1_S3_N3.68,1360.0,16.24,4.0,1,263.64
p1_W_E.227,1362.0,18.5,5.0,1,277.5
p1_S3_N3.67,1340.0,34.83,16.0,2,315.79
p1_E1_W1.95,1368.0,8.38,0.0,0,240.6
p1_W_E.228,1368.0,13.8,0.0,0,258.08
p1_E_W.95,1368.0,17.43,3.0,1,272.85
p1_E_W.94,1354.0,28.91,8.0,1,300.17
p1_N3_S3.69,1380.0,8.05,0.0,0,245.54
p1_N1_S1.69,1380.0,9.89,0.0,0,272.54
p1_S1_N1.68,1360.0,31.15,17.0,1,299.07
p1_W1_E1.227,1362.0,29.17,16.0,1,286.92
p1_E_W.96,1383.0,8.17,0.0,0,238.49
p1_N1_S1.68,1360.0,27.62,13.0,1,303.26
p1_S1_N1.69,1380.0,13.58,0.0,0,282.89
p1_N3_S3.68,1360.0,19.39,6.0,1,281.61
p1_N1_W3.23,1383.0,11.57,0.0,0,259.42
p1_W_E.231,1386.0,7.83,0.0,0,244.73
p1_W_E.229,1374.0,8.94,0.0,0,249.96
p1_W3_E3.229,1374.0,23.06,8.0,1,277.45
p1_W_E.230,1380.0,9.18,0.0,0,253.77
p1_W_E.232,1392.0,7.9,0.0,0,235.72
p1_S1_E1.22,1323.0,37.09,14.0,2,430.93
p1_W3_S3.23,1383.0,21.69,5.0,1,293.8
p1_W1_E1.230,1380.0,24.94,6.0,1,309.51
p1_E2_N2.23,1380.0,19.98,4.0,1,289.64
p1_E1_W1.97,1397.0,7.87,0.0,0,246.81
p1_W3_E3.230,1380.0,26.52,11.0,1,309.11
p1_W2_S2.23,1383.0,23.14,6.0,1,296.64
p1_W3_E3.233,1398.0,8.0,0.0,0,244.34
p1_E1_N3.24,1443.0,6.56,0.0,0,167.41
p1_E1_W1.96,1383.0,23.64,4.0,2,305.45
p1_W1_E1.231,1386.0,21.14,3.0,1,289.33
p1_N2_S2.69,1380.0,28.13,15.0,1,287.67
p1_N3_W1.23,1383.0,25.67,7.0,1,321.85
p1_W3_E3.231,1386.0,21.97,6.0,1,291.63
p1_W1_E1.233,1398.0,11.17,0.0,0,265.03
p1_S2_N2.69,1380.0,29.68,16.0,1,289.55
p1_E3_W3.97,1397.0,13.49,1.0,1,257.74
p1_W1_E1.228,1368.0,28.42,15.0,1,290.0
p1_N2_W2.23,1383.0,28.86,14.0,1,308.24
p1_W3_E3.234,1404.0,7.73,0.0,0,249.77
p1_W1_E1.229,1374.0,30.83,12.0,1,315.04
p1_W1_E1.232,1392.0,11.88,0.0,0,273.77
p1_N2_S2.70,1400.0,9.17,0.0,0,252.27
p1_W3_E3.235,1410.0,8.21,0.0,0,246.26
p1_W1_S1.23,1383.0,39.51,19.0,2,319.85
p1_W3_E3.232,1392.0,11.85,0.0,0,256.37
p1_S2_E2.23,1383.0,40.58,14.0,3,341.54
p1_E_W.97,1397.0,27.48,6.0,1,310.53
p1_E_W.98,1412.0,12.49,0.0,0,265.43
p1_S3_E3.24,1443.0,26.52,14.0,1,196.4
p1_W_E.234,1404.0,26.91,13.0,1,293.16
p1_S3_N3.71,1420.0,11.95,0.0,0,267.19
p1_S3_N3.69,1380.0,53.37,34.0,2,348.54
p1_N3_S3.70,1400.0,33.08,14.0,2,321.33
p1_W_E.236,1416.0,16.76,2.0,1,273.82
p1_S3_N3.70,1400.0,34.64,16.0,1,318.81
p1_E3_W3.98,1412.0,23.55,8.0,1,276.34
p1_W_E.238,1428.0,7.66,0.0,0,251.61
p1_W_E.237,1422.0,15.58,0.0,0,275.98
p1_W_E.235,1410.0,29.58,10.0,1,287.85
p1_W1_E1.236,1416.0,23.14,10.0,1,296.15
p1_N3_S3.71,1420.0,9.02,0.0,0,247.91
p1_S2_N2.70,1400.0,33.67,18.0,1,306.86
p1_W1_E1.237,1422.0,20.3,4.0,1,286.56
p1_E3_W3.99,1426.0,15.85,1.0,1,272.56
p1_W_E.239,1434.0,7.72,0.0,0,238.06
p1_E3_W3.96,1383.0,32.6,14.0,2,307.62
p1_W1_E1.234,1404.0,33.75,19.0,1,295.69
p1_W_E.233,1398.0,28.98,15.0,1,291.54
p1_W1_E1.235,1410.0,29.04,13.0,1,310.06
p1_W3_E3.236,1416.0,29.6,11.0,1,309.11
p1_N1_S1.70,1400.0,48.42,29.0,2,346.25
p1_S1_N1.71,1420.0,14.01,0.0,0,270.57
p1_W3_E3.237,1422.0,25.75,7.0,2,299.31
p1_E3_N1.22,1320.0,53.52,24.0,3,451.27
p1_S1_N1.70,1400.0,43.89,22.0,1,329.61
p1_N1_S1.71,1420.0,24.22,6.0,2,295.65
p1_N2_S2.71,1420.0,30.49,16.0,1,306.95
p1_W3_E3.238,1428.0,22.53,6.0,1,275.66
p1_S2_N2.72,1440.0,10.17,0.0,0,265.62
p1_S2_N2.71,1420.0,31.04,19.0,1,303.59
p1_E1_W1.98,1412.0,40.44,23.0,2,326.4
p1_E1_W1.99,1426.0,26.14,8.0,1,317.76
p1_W1_E1.238,1428.0,23.75,10.0,1,283.62
p1_W1_E1.239,1434.0,18.05,4.0,1,275.57
p1_W3_E3.239,1434.0,14.34,1.0,1,268.55
p1_W1_E1.240,1440.0,13.73,0.0,0,266.6
p1_E1_W1.100,1440.0,14.38,1.0,1,269.17
p1_W3_E3.240,1440.0,12.17,0.0,0,257.27
p1_W1_E1.241,1446.0,7.92,0.0,0,252.28
p1_N2_S2.68,1360.0,65.49,46.0,2,362.8
p1_N2_S2.72,1440.0,9.26,0.0,0,254.48
p1_W3_E3.241,1446.0,9.94,0.0,0,255.4
p1_W3_S3.24,1443.0,14.17,0.0,0,272.0
p1_W3_E3.242,1452.0,8.21,0.0,0,240.59
p1_E3_W3.100,1440.0,22.19,9.0,1,275.59
p1_N2_W2.24,1443.0,17.16,2.0,1,281.5
p1_E_W.100,1440.0,25.11,11.0,1,288.07
p1_E_W.99,1426.0,26.82,14.0,1,296.64
p1_W_E.240,1440.0,27.45,12.0,1,312.32
p1_S2_E2.24,1443.0,25.36,10.0,1,305.85
p1_S3_E3.25,1503.0,12.34,1.0,1,187.52
p1_W1_S1.24,1443.0,30.2,11.0,1,315.55
p1_W_E.242,1452.0,19.07,7.0,1,273.93
p1_S1_N1.73,1460.0,12.96,0.0,0,275.27
p1_E3_N1.23,1380.0,51.25,25.0,2,459.57
p1_W2_S2.24,1443.0,24.24,4.0,1,296.44
p1_W_E.244,1464.0,9.65,0.0,0,248.76
p1_N1_S1.72,1440.0,35.31,21.0,1,293.88
p1_S1_N1.72,1440.0,34.85,15.0,1,321.58
p1_W_E.243,1458.0,17.01,2.0,1,273.19
p1_E_W.102,1469.0,7.91,0.0,0,249.43
p1_W_E.245,1470.0,7.48,0.0,0,242.95
p1_N1_W3.24,1443.0,32.53,17.0,1,311.47
p1_N1_S1.73,1460.0,16.8,2.0,1,276.27
p1_N3_S3.73,1460.0,19.76,6.0,1,280.7
p1_N3_S3.72,1440.0,36.55,15.0,2,312.17
p1_S3_N3.72,1440.0,37.09,17.0,2,310.84
p1_S3_N3.73,1460.0,15.62,1.0,1,272.07
p1_W_E.246,1476.0,7.71,0.0,0,242.03
p1_N3_W1.24,1443.0,31.58,13.0,2,300.81
p1_W_E.241,1446.0,22.51,7.0,1,283.94
p1_E1_W1.101,1455.0,32.71,19.0,1,298.19
p1_E3_W3.101,1455.0,29.63,13.0,1,314.58
p1_E1_W1.102,1469.0,18.69,6.0,1,275.74
p1_W3_E3.244,1464.0,21.63,3.0,2,295.66
p1_W3_E3.243,1458.0,25.33,7.0,1,301.48
p1_E2_N2.24,1443.0,48.89,28.0,2,331.05
p1_W1_E1.243,1458.0,23.85,7.0,2,308.03
p1_W3_E3.246,1476.0,15.31,1.0,1,275.2
p1_S2_N2.74,1480.0,11.12,0.0,0,279.88
p1_W3_E3.245,1470.0,13.25,0.0,0,279.52
p1_W1_E1.242,1452.0,26.89,7.0,1,300.7
p1_S2_N2.73,1460.0,31.62,18.0,1,299.98
p1_E1_N3.25,1501.0,22.17,12.0,1,183.05
p1_W1_E1.245,1470.0,27.96,15.0,1,291.35
p1_N2_S2.74,1480.0,18.4,0.0,0,289.73
p1_N2_S2.73,1460.0,38.66,13.0,2,332.53
p1_E1_W1.103,1484.0,8.78,0.0,0,244.74
p1_W1_E1.246,1476.0,22.86,10.0,1,282.3
p1_W1_E1.248,1488.0,16.15,0.0,0,287.14
p1_W1_E1.244,1464.0,37.01,18.0,1,308.79
p1_S1_E1.23,1383.0,47.58,29.0,1,425.3
p1_W3_E3.248,1488.0,18.81,5.0,1,271.74
p1_W_E.247,1482.0,26.58,12.0,1,301.43
p1_W_E.248,1488.0,20.36,5.0,1,291.58
p1_W1_E1.250,1500.0,8.26,0.0,0,244.46
p1_E_W.103,1484.0,20.27,5.0,1,270.06
p1_E3_W3.103,1484.0,24.88,11.0,1,286.94
p1_W1_E1.247,1482.0,15.24,2.0,1,271.31
p1_W_E.249,1494.0,16.38,3.0,1,281.28
p1_W3_E3.249,1494.0,15.16,2.0,1,278.36
p1_W_E.250,1500.0,10.13,0.0,0,264.83
p1_E3_W3.104,1498.0,13.05,0.0,0,270.28
p1_E3_N1.24,1443.0,26.25,7.0,1,392.29
p1_S1_N1.74,1480.0,33.16,14.0,1,314.67
p1_W3_S3.25,1503.0,10.18,0.0,0,263.34
p1_W3_E3.250,1500.0,10.06,0.0,0,248.35
p1_W_E.251,1506.0,8.06,0.0,0,236.49
p1_W1_E1.249,1494.0,8.95,0.0,0,244.89
p1_E_W.104,1498.0,16.71,4.0,1,280.02
p1_E3_W3.102,1469.0,31.95,13.0,2,313.22
p1_N1_S1.75,1500.0,18.35,3.0,1,300.96
p1_W3_E3.247,1482.0,23.29,9.0,1,294.89
p1_S3_N3.75,1500.0,18.5,2.0,1,284.64
p1_N3_S3.75,1500.0,20.3,7.0,1,277.05
p1_E_W.105,1512.0,8.05,0.0,0,240.87
p1_N1_W3.25,1503.0,17.57,0.0,0,295.71
p1_E_W.101,1455.0,21.31,7.0,1,292.51
p1_N1_S1.74,1480.0,28.47,12.0,1,306.05
p1_N3_S3.74,1480.0,36.32,16.0,2,319.97
p1_W_E.252,1512.0,8.13,0.0,0,247.34
p1_W_E.253,1518.0,8.22,0.0,0,248.16
p1_S3_E3.26,1563.0,7.28,0.0,0,169.88
p1_S3_N3.76,1520.0,7.97,0.0,0,243.11
p1_N3_W1.25,1503.0,22.19,7.0,1,289.54
p1_S3_N3.74,1480.0,35.23,18.0,1,318.5
p1_W1_E1.253,1518.0,15.18,0.0,0,293.25
p1_W3_E3.253,1518.0,14.43,2.0,1,265.02
p1_E3_W3.105,1512.0,21.74,7.0,1,286.87
p1_E1_N3.26,1560.0,17.4,3.0,1,180.87
p1_S1_E1.24,1443.0,48.77,15.0,4,473.12
p1_E1_W1.104,1498.0,36.7,23.0,1,298.63
p1_W1_E1.254,1524.0,10.92,0.0,0,268.8
p1_E3_W3.106,1527.0,7.94,0.0,0,243.0
p1_S2_E2.25,1503.0,33.38,6.0,1,298.51
p1_W1_E1.252,1512.0,25.49,5.0,1,316.16
p1_E1_W1.105,1512.0,23.62,9.0,1,281.62
p1_N2_S2.75,1500.0,37.96,23.0,1,323.39
p1_W1_E1.251,1506.0,25.78,7.0,1,297.94
p1_W3_E3.251,1506.0,27.56,13.0,1,303.65
p1_W1_E1.255,1530.0,9.26,0.0,0,252.04
p1_W2_S2.25,1503.0,35.31,21.0,1,319.14
p1_E2_N2.25,1501.0,26.73,8.0,1,306.96
p1_N2_S2.76,1520.0,17.39,2.0,1,296.91
p1_S1_N1.75,1500.0,38.86,22.0,2,317.77
p1_W1_E1.256,1536.0,8.31,0.0,0,241.86
p1_W3_E3.255,1530.0,15.38,0.0,0,262.47
p1_W3_E3.254,1524.0,9.02,0.0,0,244.55
p1_W3_E3.256,1536.0,11.42,0.0,0,264.3
p1_E3_W3.107,1541.0,7.54,0.0,0,237.7
p1_S2_N2.77,1540.0,8.53,0.0,0,240.28
p1_N2_W2.25,1503.0,44.41,19.0,3,348.87
p1_W3_E3.252,1512.0,19.1,4.0,1,283.66
p1_W1_E1.257,1542.0,8.39,0.0,0,240.2
p1_S2_N2.75,1500.0,20.52,7.0,1,278.87
p1_W3_E3.257,1542.0,8.17,0.0,0,239.5
p1_E1_W1.107,1541.0,14.45,1.0,1,270.56
p1_W3_E3.258,1548.0,7.36,0.0,0,242.45
p1_E_W.107,1541.0,14.94,2.0,1,266.95
p1_N1_S1.77,1540.0,16.96,5.0,1,291.78
p1_W1_S1.25,1503.0,56.27,37.0,2,347.09
p1_E1_W1.106,1527.0,20.1,6.0,1,269.29
p1_W_E.258,1548.0,11.37,0.0,0,265.3
p1_N1_S1.76,1520.0,37.42,22.0,1,320.23
p1_W_E.255,1530.0,31.42,11.0,2,325.38
p1_W_E.259,1554.0,7.47,0.0,0,242.6
p1_W_E.256,1536.0,27.24,5.0,1,311.08
p1_E_W.106,1527.0,26.71,14.0,1,289.36
p1_N3_S3.77,1540.0,25.12,10.0,1,308.91
p1_S1_N1.77,1540.0,26.5,13.0,1,294.29
p1_W_E.257,1542.0,18.39,0.0,0,280.81
p1_S3_N3.77,1540.0,27.15,11.0,1,284.53
p1_S1_N1.76,1520.0,48.47,28.0,2,334.64
p1_W_E.260,1560.0,8.01,0.0,0,244.87
p1_N3_S3.78,1560.0,7.55,0.0,0,237.47
p1_S3_N3.78,1560.0,7.66,0.0,0,248.38
p1_W_E.254,1524.0,33.07,12.0,1,306.99
p1_W_E.261,1566.0,8.17,0.0,0,240.87
p1_S2_N2.76,1520.0,23.53,4.0,1,294.47
p1_W1_E1.258,1548.0,28.85,11.0,2,303.35
p1_W1_E1.259,1554.0,23.23,4.0,2,294.28
p1_E3_W3.109,1570.0,8.42,0.0,0,234.16
p1_E1_W1.108,1556.0,23.54,12.0,1,283.25
p1_E3_W3.108,1556.0,23.04,10.0,1,278.36
p1_W1_E1.261,1566.0,13.12,0.0,0,274.03
p1_E_W.109,1570.0,8.65,0.0,0,250.22
p1_W1_E1.260,1560.0,17.2,1.0,1,284.9
p1_W2_S2.26,1563.0,18.24,2.0,1,286.75
p1_E_W.108,1556.0,20.43,7.0,1,284.44
p1_N3_W1.26,1563.0,18.51,0.0,0,300.19
p1_E3_N1.25,1501.0,39.35,7.0,2,478.28
p1_N2_S2.77,1540.0,43.12,28.0,1,327.88
p1_N2_S2.78,1560.0,23.11,9.0,1,299.36
p1_W1_E1.262,1572.0,7.72,0.0,0,251.97
p1_W3_E3.262,1572.0,11.71,0.0,0,262.1
p1_W3_E3.259,1554.0,31.4,13.0,2,322.34
p1_E1_W1.109,1570.0,9.8,0.0,0,257.59
p1_W3_E3.260,1560.0,25.69,6.0,1,311.42
p1_N2_W2.26,1563.0,23.45,8.0,1,305.56
p1_N3_S3.76,1520.0,35.1,20.0,1,298.27
p1_W3_S3.26,1563.0,24.42,5.0,2,308.31
p1_W3_E3.263,1578.0,9.43,0.0,0,262.31
p1_N2_S2.79,1580.0,7.49,0.0,0,241.1
p1_E1_N3.27,1620.0,7.52,0.0,0,161.77
p1_W3_E3.261,1566.0,23.03,1.0,1,304.78
p1_W3_E3.264,1584.0,7.95,0.0,0,236.82
p1_E3_W3.110,1584.0,8.15,0.0,0,245.55
p1_S2_N2.78,1560.0,30.58,13.0,2,314.06
p1_S2_N2.79,1580.0,14.13,0.0,0,276.94
p1_N1_S1.78,1560.0,32.07,13.0,1,316.53
p1_S1_N1.78,1560.0,23.76,9.0,1,280.58
p1_W1_S1.26,1563.0,26.9,8.0,1,319.27
p1_N1_W3.26,1563.0,29.89,9.0,1,306.38
p1_N1_S1.79,1580.0,10.29,0.0,0,262.39
p1_W_E.262,1572.0,27.26,9.0,1,314.37
p1_W_E.265,1590.0,13.83,0.0,0,263.21
p1_E2_N2.26,1560.0,46.22,26.0,3,350.31
p1_N3_S3.79,1580.0,26.34,10.0,1,314.13
p1_E_W.110,1584.0,22.55,8.0,1,281.07
p1_E1_W1.110,1584.0,23.41,7.0,1,302.01
p1_S2_E2.26,1563.0,25.88,6.0,2,317.04
p1_E_W.111,1599.0,8.78,0.0,0,241.44
p1_N3_S3.80,1600.0,7.71,0.0,0,240.1
p1_S3_E3.27,1623.0,28.89,13.0,2,203.76
p1_W1_E1.263,1578.0,20.19,7.0,1,265.74
p1_W_E.263,1578.0,21.9,2.0,1,308.32
p1_W1_E1.264,1584.0,13.76,0.0,0,268.46
p1_W_E.264,1584.0,10.3,0.0,0,248.48
p1_W1_E1.265,1590.0,20.61,0.0,0,277.37
p1_W1_E1.266,1596.0,16.65,0.0,0,269.31
p1_W_E.266,1596.0,9.36,0.0,0,243.94
p1_W3_E3.266,1596.0,25.09,5.0,2,306.85
p1_S3_N3.80,1600.0,21.5,4.0,1,293.77
p1_W3_E3.268,1608.0,13.03,0.0,0,273.04
p1_S1_E1.25,1503.0,59.33,29.0,4,472.14
p1_N2_S2.80,1600.0,22.05,2.0,1,315.16
p1_W3_E3.267,1602.0,21.42,0.0,0,297.49
p1_W3_E3.265,1590.0,30.61,11.0,1,308.79
p1_W3_E3.269,1614.0,11.74,0.0,0,258.87
p1_W_E.267,1602.0,23.62,9.0,1,289.4
p1_W_E.268,1608.0,17.89,4.0,1,275.35
p1_E1_W1.112,1613.0,16.85,3.0,1,273.98
p1_E_W.112,1613.0,17.24,3.0,1,278.76
p1_W_E.269,1614.0,16.3,0.0,0,297.24
p1_W3_E3.270,1620.0,8.32,0.0,0,234.37
p1_S3_N3.79,1580.0,35.16,16.0,1,312.16
p1_W1_E1.269,1614.0,15.95,2.0,1,281.61
p1_W_E.270,1620.0,10.92,0.0,0,257.47
p1_W1_E1.270,1620.0,12.56,0.0,0,271.84
p1_W1_E1.267,1602.0,30.82,13.0,2,326.1
p1_W_E.271,1626.0,8.39,0.0,0,244.89
p1_W3_E3.271,1626.0,7.76,0.0,0,239.29
p1_E3_W3.111,1599.0,30.88,16.0,1,295.76
p1_W1_E1.271,1626.0,8.66,0.0,0,248.1
p1_E3_W3.113,1628.0,9.09,0.0,0,247.64
p1_W1_E1.268,1608.0,17.54,2.0,1,277.9
p1_E1_W1.111,1599.0,26.42,7.0,2,301.69
p1_S1_N1.79,1580.0,56.65,36.0,2,368.58
p1_N1_S1.81,1620.0,22.33,7.0,1,287.79
p1_W3_S3.27,1623.0,10.52,0.0,0,252.74
p1_N2_W2.27,1623.0,20.77,3.0,1,283.5
p1_N1_S1.80,1600.0,44.33,17.0,2,349.1
p1_S1_E1.26,1563.0,40.49,5.0,2,437.62
p1_S3_E3.28,1683.0,8.19,0.0,0,164.95
p1_N1_W3.27,1623.0,25.14,2.0,1,316.76
p1_W1_S1.27,1623.0,15.22,0.0,0,278.52
p1_N2_S2.81,1620.0,32.07,12.0,2,322.86
p1_W2_S2.27,1623.0,29.57,15.0,1,304.61
p1_W_E.273,1638.0,17.18,5.0,1,276.76
p1_E_W.114,1642.0,13.1,0.0,0,268.65
p1_S1_N1.80,1600.0,39.39,25.0,1,299.77
p1_E_W.113,1628.0,26.62,8.0,2,312.36
p1_N3_W1.27,1623.0,33.69,10.0,1,321.79
p1_E1_W1.114,1642.0,14.85,1.0,1,290.65
p1_S2_E2.27,1623.0,19.25,3.0,2,287.63
p1_W_E.274,1644.0,13.7,0.0,0,274.4
p1_E1_N3.28,1680.0,20.59,11.0,1,194.91
p1_E1_W1.113,1628.0,30.69,10.0,1,318.73
p1_W1_E1.272,1632.0,26.71,8.0,1,315.17
p1_W_E.272,1632.0,27.32,11.0,1,297.67
p1_W1_E1.273,1638.0,18.07,1.0,1,294.01
p1_W1_E1.275,1650.0,10.35,0.0,0,259.24
p1_W3_E3.275,1650.0,10.46,0.0,0,259.11
p1_E3_W3.112,1613.0,29.99,13.0,1,302.87
p1_W3_E3.272,1632.0,22.23,9.0,1,286.67
p1_S2_N2.80,1600.0,50.58,27.0,3,350.07
p1_S2_N2.81,1620.0,31.22,12.0,2,309.4
p1_W1_E1.276,1656.0,7.87,0.0,0,241.68
p1_W3_E3.276,1656.0,8.51,0.0,0,247.66
p1_E3_W3.115,1656.0,8.76,0.0,0,256.87
p1_W3_E3.273,1638.0,13.75,0.0,0,271.41
p1_S2_N2.82,1640.0,26.66,14.0,1,285.28
p1_W3_E3.277,1662.0,7.24,0.0,0,251.27
p1_E3_W3.114,1642.0,23.72,9.0,1,281.85
p1_S2_N2.83,1660.0,8.32,0.0,0,244.49
p1_W1_E1.278,1668.0,8.33,0.0,0,245.87
p1_E3_N1.26,1560.0,60.43,28.0,4,484.94
p1_N2_S2.82,1640.0,38.92,15.0,2,339.36
p1_N2_S2.83,1660.0,9.9,0.0,0,257.6
p1_W_E.275,1650.0,29.9,14.0,1,308.08
p1_W_E.276,1656.0,23.05,6.0,1,293.7
p1_E_W.115,1656.0,25.06,12.0,1,286.95
p1_E_W.116,1671.0,8.07,0.0,0,238.05
p1_E2_N2.27,1620.0,62.74,37.0,4,382.54
p1_W1_E1.274,1644.0,10.67,0.0,0,247.05
p1_W3_E3.274,1644.0,10.1,0.0,0,255.26
p1_S3_N3.81,1620.0,63.56,32.0,3,388.65
p1_S3_N3.82,1640.0,34.99,10.0,2,330.23
p1_W_E.278,1668.0,9.68,0.0,0,253.15
p1_N1_S1.83,1660.0,25.82,13.0,1,281.78
p1_W_E.279,1674.0,12.65,0.0,0,263.52
p1_W3_E3.278,1668.0,20.41,8.0,1,278.87
p1_W3_E3.279,1674.0,14.08,0.0,0,270.1
p1_N1_S1.84,1680.0,8.1,0.0,0,253.16
p1_S1_N1.84,1680.0,8.38,0.0,0,250.05
p1_N1_S1.82,1640.0,44.5,32.0,1,311.97
p1_W_E.277,1662.0,16.09,1.0,1,270.64
p1_S1_N1.81,1620.0,43.31,25.0,2,324.48
p1_S3_N3.83,1660.0,30.22,17.0,1,288.7
p1_S1_N1.82,1640.0,44.76,31.0,1,313.55
p1_S3_N3.84,1680.0,8.32,0.0,0,243.1
p1_N1_W3.28,1683.0,9.47,0.0,0,257.3
p1_N3_S3.84,1680.0,15.1,1.0,1,279.63
p1_W_E.281,1686.0,9.0,0.0,0,246.13
p1_E3_W3.116,1671.0,25.18,7.0,2,309.24
p1_E_W.117,1685.0,13.39,0.0,0,257.38
p1_W_E.280,1680.0,8.86,0.0,0,248.67
p1_W_E.282,1692.0,8.52,0.0,0,243.61
p1_E1_W1.116,1671.0,30.12,17.0,1,292.59
p1_N3_S3.81,1620.0,59.32,34.0,2,363.82
p1_N3_W1.28,1683.0,20.39,6.0,1,287.88
p1_N3_S3.82,1640.0,40.01,19.0,2,334.31
p1_W1_E1.279,1674.0,29.27,17.0,1,300.02
p1_E2_N2.28,1680.0,26.54,6.0,2,313.46
p1_E1_N3.29,1740.0,9.32,0.0,0,166.5
p1_N3_S3.83,1660.0,25.38,12.0,1,285.48
p1_N2_S2.84,1680.0,27.41,12.0,1,310.12
p1_W1_E1.281,1686.0,20.76,6.0,1,278.39
p1_W1_E1.283,1698.0,10.64,0.0,0,268.55
p1_N2_S2.85,1700.0,9.07,0.0,0,269.23
p1_E1_W1.115,1656.0,38.05,18.0,2,319.99
p1_S2_E2.28,1683.0,27.63,2.0,1,308.98
p1_W1_E1.282,1692.0,18.23,2.0,1,292.19
p1_E1_W1.118,1700.0,8.5,0.0,0,242.53
p1_W1_E1.280,1680.0,27.06,9.0,1,289.4
p1_W2_S2.28,1683.0,13.47,0.0,0,274.46
p1_W3_S3.28,1683.0,31.98,10.0,2,325.45
p1_W3_E3.281,1686.0,29.98,9.0,2,316.55
p1_W1_E1.277,1662.0,25.37,11.0,1,288.53
p1_E3_W3.118,1700.0,16.61,2.0,1,282.38
p1_W1_E1.285,1710.0,8.17,0.0,0,242.54
p1_S2_N2.84,1680.0,20.33,2.0,1,283.09
p1_E3_W3.117,1685.0,24.98,6.0,2,304.84
p1_W3_E3.280,1680.0,32.08,12.0,2,338.62
p1_W3_E3.284,1704.0,11.5,0.0,0,252.91
p1_E1_W1.117,1685.0,12.01,0.0,0,259.21
p1_W3_E3.283,1698.0,23.72,1.0,1,301.87
p1_W3_E3.285,1710.0,12.05,0.0,0,271.35
p1_E1_W1.119,1714.0,7.87,0.0,0,240.91
p1_E3_W3.119,1714.0,7.82,0.0,0,244.23
p1_N2_W2.28,1683.0,40.92,17.0,2,347.87
p1_W3_E3.286,1716.0,8.18,0.0,0,233.79
p1_S1_N1.85,1700.0,31.28,17.0,1,309.92
p1_S1_N1.83,1660.0,57.19,38.0,2,357.27
p1_W_E.284,1704.0,28.15,9.0,2,308.99
p1_W_E.283,1698.0,34.19,14.0,2,317.1
p1_E_W.118,1700.0,31.13,12.0,2,312.49
p1_E_W.119,1714.0,18.68,4.0,1,288.75
p1_S1_N1.86,1720.0,13.02,0.0,0,271.3
p1_W1_S1.28,1683.0,51.15,32.0,2,351.88
p1_W3_E3.282,1692.0,13.06,0.0,0,256.75
p1_W_E.286,1716.0,17.89,2.0,1,273.11
p1_N1_S1.86,1720.0,8.38,0.0,0,247.49
p1_W_E.288,1728.0,8.48,0.0,0,237.07
p1_E_W.120,1728.0,8.27,0.0,0,236.1
p1_S1_E1.27,1623.0,71.22,33.0,4,495.6
p1_W_E.285,1710.0,21.11,3.0,2,284.12
p1_W_E.287,1722.0,16.37,0.0,0,269.92
p1_N3_S3.85,1700.0,40.18,22.0,2,325.18
p1_N3_S3.86,1720.0,19.75,8.0,1,279.16
p1_N1_S1.85,1700.0,29.38,10.0,1,300.12
p1_S3_E3.29,1743.0,27.57,16.0,1,198.97
p1_S3_N3.86,1720.0,19.75,6.0,1,278.5
p1_S2_N2.85,1700.0,47.88,27.0,2,333.3
p1_S3_N3.85,1700.0,39.7,26.0,1,311.82
p1_W_E.290,1740.0,8.37,0.0,0,244.18
p1_W3_E3.287,1722.0,27.16,10.0,2,312.02
p1_W3_E3.288,1728.0,22.04,4.0,2,307.72
p1_W_E.289,1734.0,8.3,0.0,0,242.0
p1_E2_N2.29,1740.0,10.19,0.0,0,255.13
p1_W1_E1.287,1722.0,28.67,10.0,1,312.18
p1_W1_E1.288,1728.0,24.09,6.0,1,310.48
p1_N2_S2.86,1720.0,33.29,19.0,1,315.25
p1_N2_S2.87,1740.0,13.58,0.0,0,285.27
p1_E3_N1.27,1620.0,77.08,45.0,4,503.24
p1_S2_N2.86,1720.0,34.47,23.0,1,295.92
p1_W1_E1.290,1740.0,14.0,0.0,0,275.17
p1_E1_W1.121,1743.0,7.88,0.0,0,239.67
p1_W1_E1.284,1704.0,34.74,20.0,1,306.01
p1_W1_E1.291,1746.0,9.78,0.0,0,258.82
p1_W1_E1.286,1716.0,41.52,17.0,2,345.86
p1_E1_W1.120,1728.0,19.74,7.0,1,278.98
p1_W1_E1.289,1734.0,15.5,0.0,0,282.2
p1_S2_N2.87,1740.0,15.47,1.0,1,269.48
p1_W3_E3.289,1734.0,8.95,0.0,0,246.04
p1_W1_E1.292,1752.0,8.08,0.0,0,237.3
p1_W3_E3.290,1740.0,9.04,0.0,0,244.61
p1_E1_W1.122,1757.0,7.76,0.0,0,239.14
p1_E3_W3.120,1728.0,41.21,25.0,2,334.83
p1_N2_W2.29,1743.0,26.15,7.0,1,313.23
p1_W3_E3.292,1752.0,9.27,0.0,0,243.16
p1_W3_S3.29,1743.0,11.65,0.0,0,257.24
p1_W_E.291,1746.0,25.26,9.0,1,306.13
p1_S2_E2.29,1743.0,28.89,6.0,1,320.02
p1_W3_E3.291,1746.0,11.93,0.0,0,262.19
p1_E3_W3.121,1743.0,14.45,1.0,1,272.48
p1_W_E.294,1764.0,10.01,0.0,0,259.62
p2_E3_S3.0,1803.0,9.02,0.0,0,184.6
p1_E_W.122,1757.0,18.92,6.0,1,279.09
p1_S1_N1.87,1740.0,37.06,22.0,1,309.92
p1_E_W.121,1743.0,23.75,11.0,1,285.19
p1_W_E.293,1758.0,10.98,0.0,0,263.39
p1_N3_S3.88,1760.0,20.52,3.0,1,292.8
p1_E_W.123,1772.0,7.76,0.0,0,235.55
p1_N1_S1.87,1740.0,40.86,21.0,2,347.57
p1_S3_N3.88,1760.0,22.29,4.0,1,326.95
p1_W_E.295,1770.0,8.06,0.0,0,242.83
p1_S1_E1.28,1683.0,58.1,28.0,3,483.18
p1_S1_N1.88,1760.0,14.06,0.0,0,267.54
p1_W_E.296,1776.0,7.87,0.0,0,247.41
p1_N1_S1.88,1760.0,22.32,0.0,0,314.31
p1_N3_S3.87,1740.0,36.02,18.0,1,308.28
p1_W_E.292,1752.0,15.26,1.0,1,278.51
p1_W3_E3.294,1764.0,25.21,11.0,1,295.93
p1_S3_N3.89,1780.0,9.34,0.0,0,246.19
p1_W1_S1.29,1743.0,25.87,10.0,1,294.18
p1_W3_E3.296,1776.0,16.35,1.0,1,277.76
p1_N1_W3.29,1743.0,33.37,11.0,1,313.38
p1_W3_E3.297,1782.0,11.87,0.0,0,272.33
p1_E1_W1.124,1786.0,8.53,0.0,0,241.77
p2_N3_E1.0,1803.0,30.43,18.0,2,205.88
p1_S3_N3.87,1740.0,31.35,18.0,1,295.46
p1_N3_W1.29,1743.0,53.81,26.0,3,366.76
p1_W3_E3.295,1770.0,25.9,7.0,1,293.86
p1_W_E.297,1782.0,6.62,0.0,0,243.12
p1_E3_W3.124,1786.0,12.52,0.0,0,266.62
p1_W1_E1.293,1758.0,34.05,14.0,2,314.45
p1_W1_E1.294,1764.0,25.61,6.0,2,296.06
p1_E3_W3.123,1772.0,23.44,9.0,1,296.74
p1_E1_W1.123,1772.0,22.39,8.0,1,289.96
p1_S2_N2.88,1760.0,41.29,27.0,1,310.36
p1_W1_E1.296,1776.0,24.99,2.0,1,292.66
p1_W1_E1.297,1782.0,19.08,1.0,1,297.46
p1_W2_S2.29,1743.0,59.28,34.0,2,366.83
p1_N2_S2.88,1760.0,41.34,21.0,2,338.94
p1_S2_N2.89,1780.0,22.47,7.0,1,290.62
p1_W1_E1.298,1788.0,14.86,0.0,0,276.61
p1_W1_E1.299,1794.0,9.63,0.0,0,250.64
p1_W3_E3.293,1758.0,25.9,11.0,1,286.47
p1_W1_E1.295,1770.0,18.17,0.0,0,286.35
p2_S2_N2.0,1800.0,7.56,0.0,0,240.59
p1_N2_S2.89,1780.0,14.27,0.0,0,266.72
p2_W1_E1.0,1800.0,8.46,0.0,0,243.76
p2_E1_W1.0,1800.0,8.35,0.0,0,235.93
p2_E3_W3.0,1800.0,8.43,0.0,0,246.96
p2_W1_N3.0,1803.0,9.02,0.0,0,255.95
p2_E1_W1.1,1806.0,8.15,0.0,0,240.17
p1_W3_E3.299,1794.0,21.23,9.0,1,273.53
p1_W_E.298,1788.0,26.69,11.0,1,302.3
p1_E3_W3.122,1757.0,32.2,16.0,1,300.85
p2_W_E.0,1800.0,14.05,0.0,0,271.69
p2_W3_E3.0,1800.0,17.19,4.0,1,272.57
p1_W_E.299,1794.0,23.79,8.0,1,294.2
p1_E_W.124,1786.0,23.6,9.0,1,280.11
p1_W3_E3.298,1788.0,25.48,12.0,1,284.39
p2_E_W.2,1812.0,8.38,0.0,0,257.52
p2_E_W.1,1806.0,15.08,0.0,0,279.71
p1_N3_S3.89,1780.0,43.71,30.0,1,318.95
p2_W_E.1,1815.0,8.74,0.0,0,243.47
p1_E3_N1.28,1680.0,102.33,61.0,5,577.44
p1_N1_S1.89,1780.0,45.41,26.0,2,334.85
p2_N1_S1.0,1800.0,25.09,5.0,1,297.01
p2_S1_N1.0,1800.0,25.32,11.0,1,287.23
p2_E_W.0,1800.0,14.48,1.0,1,270.7
p2_S3_N3.0,1800.0,26.29,9.0,1,310.48
p2_E_W.3,1818.0,8.21,0.0,0,238.24
p2_S1_N1.1,1820.0,8.34,0.0,0,238.83
p2_S3_N3.1,1820.0,8.19,0.0,0,244.26
p2_N1_S1.1,1820.0,8.38,0.0,0,244.2
p1_S1_N1.89,1780.0,39.96,20.0,2,318.53
p2_W3_N1.0,1803.0,22.0,3.0,1,300.81
p2_N3_E1.1,1863.0,12.1,1.0,1,177.39
p2_N3_S3.0,1800.0,28.07,13.0,1,285.79
p2_E3_W3.3,1818.0,18.23,5.0,1,266.49
p2_W_E.2,1829.0,7.9,0.0,0,243.85
p2_E_W.5,1830.0,8.3,0.0,0,242.28
p2_S1_W1.0,1803.0,28.8,9.0,1,315.05
p2_E3_W3.1,1806.0,25.53,12.0,1,287.98
p2_E3_W3.5,1830.0,8.2,0.0,0,244.96
p2_S3_W3.0,1803.0,32.85,11.0,2,313.57
p2_E1_W1.2,1812.0,28.73,13.0,1,310.88
p2_W1_E1.1,1815.0,26.4,13.0,1,286.97
p2_W3_E3.1,1815.0,26.03,8.0,1,296.46
p2_W1_E1.2,1829.0,12.5,0.0,0,261.31
p2_E3_W3.2,1812.0,29.72,11.0,1,315.9
p2_E1_W1.3,1818.0,24.31,10.0,1,292.27
p2_E1_W1.4,1824.0,17.47,5.0,1,269.51
p2_E3_W3.4,1824.0,12.86,0.0,0,260.53
p2_E1_W1.5,1830.0,14.05,0.0,0,271.66
p2_E3_W3.6,1836.0,8.08,0.0,0,237.5
p2_N2_S2.0,1800.0,45.09,30.0,1,334.3
p2_E_W.4,1824.0,8.96,0.0,0,239.29
p2_W3_E3.2,1829.0,16.48,3.0,1,269.42
p2_E1_W1.6,1836.0,8.12,0.0,0,245.85
p2_W2_N2.0,1803.0,37.09,17.0,2,338.79
p2_E2_S2.0,1803.0,43.68,23.0,2,340.05
p2_S2_N2.2,1840.0,8.91,0.0,0,250.29
p2_W3_E3.3,1844.0,7.29,0.0,0,236.27
p2_E1_W1.7,1842.0,8.94,0.0,0,245.19
p2_S2_N2.1,1820.0,35.63,13.0,1,318.52
p2_E3_W3.8,1848.0,8.05,0.0,0,237.66
p2_E3_S3.1,1863.0,35.91,23.0,2,219.85
p2_N2_S2.1,1820.0,22.85,8.0,1,279.56
p2_N2_E2.0,1803.0,57.07,38.0,2,362.22
p2_E3_W3.9,1854.0,8.49,0.0,0,238.12
p2_W_E.3,1844.0,19.51,3.0,1,292.86
p2_E_W.9,1854.0,11.69,0.0,0,260.59
p2_W_E.4,1858.0,8.14,0.0,0,240.19
p2_E_W.10,1860.0,7.36,0.0,0,238.92
p2_S2_W2.0,1803.0,54.5,30.0,2,362.11
p2_E_W.6,1836.0,34.74,16.0,1,324.98
p2_E_W.8,1848.0,17.55,1.0,1,282.24
p2_N3_S3.2,1840.0,31.66,16.0,1,320.49
p2_S1_N1.3,1860.0,8.0,0.0,0,245.55
p1_E3_N1.29,1740.0,78.67,45.0,4,524.66
p2_N3_S3.1,1820.0,40.66,28.0,1,310.68
p2_N1_S1.2,1840.0,33.5,16.0,1,314.97
p2_S1_N1.2,1840.0,33.52,15.0,1,327.83
p2_E3_W3.7,1842.0,9.29,0.0,0,248.0
p2_S1_W1.1,1863.0,9.88,0.0,0,256.98
p2_S3_N3.2,1840.0,29.88,14.0,1,306.87
p2_S3_N3.3,1860.0,11.15,0.0,0,276.71
p2_E_W.7,1842.0,18.59,4.0,1,283.75
p2_N3_S3.3,1860.0,9.56,0.0,0,249.2
p2_W_E.5,1872.0,7.76,0.0,0,245.65
p2_E_W.12,1872.0,7.99,0.0,0,240.56
p2_W3_E3.4,1858.0,23.75,9.0,1,285.53
p2_E_W.11,1866.0,9.4,0.0,0,249.89
p2_W3_E3.5,1872.0,10.63,0.0,0,247.71
p2_W2_N2.1,1861.0,23.5,10.0,1,300.95
p2_E1_W1.10,1860.0,27.34,9.0,1,311.71
p2_E3_S3.2,1923.0,7.01,0.0,0,174.8
p2_E1_W1.9,1854.0,29.87,16.0,1,287.93
p2_S3_W3.1,1863.0,22.67,4.0,1,308.52
p1_S1_E1.29,1742.0,100.08,65.0,4,557.32
p2_E3_W3.10,1860.0,28.05,14.0,1,295.06
p2_E1_W1.11,1866.0,23.07,4.0,1,306.9
p2_E1_S1.0,1803.0,38.29,12.0,3,443.79
p2_S2_N2.3,1860.0,32.77,20.0,1,298.47
p2_E1_W1.14,1884.0,8.1,0.0,0,240.51
p2_E1_W1.12,1872.0,23.0,0.0,0,306.37
p2_S2_N2.4,1880.0,14.83,0.0,0,262.66
p2_W3_E3.6,1887.0,8.43,0.0,0,250.17
p2_W1_E1.3,1844.0,32.91,19.0,1,309.81
p2_E1_W1.13,1878.0,19.2,0.0,0,312.56
p2_W1_E1.6,1887.0,8.12,0.0,0,241.57
p2_E3_W3.11,1866.0,19.84,6.0,1,272.35
p2_W1_E1.5,1872.0,15.76,1.0,1,274.44
p2_E3_W3.13,1878.0,10.71,0.0,0,270.4
p2_E3_W3.12,1872.0,27.29,9.0,2,295.54
p2_N2_S2.2,1840.0,53.89,35.0,2,345.65
p2_E1_W1.8,1848.0,24.09,10.0,1,290.45
p2_N2_S2.3,1860.0,40.28,21.0,2,326.84
p2_E3_W3.14,1884.0,15.89,0.0,0,258.73
p2_E3_W3.15,1890.0,11.02,0.0,0,268.04
p2_W1_E1.4,1858.0,39.8,20.0,2,323.66
p2_W1_N3.1,1861.0,42.61,26.0,2,337.51
p2_E1_W1.15,1890.0,8.6,0.0,0,251.12
p2_W_E.7,1901.0,8.35,0.0,0,252.17
p2_N2_E2.1,1863.0,46.24,22.0,3,366.13
p2_E_W.16,1896.0,14.33,0.0,0,285.08
p2_S2_W2.1,1863.0,49.09,28.0,2,350.33
p2_W_E.6,1887.0,24.89,10.0,1,286.13
p2_E_W.13,1878.0,31.9,17.0,1,292.41
p2_E2_S2.1,1863.0,52.0,28.0,2,364.03
p2_W3_E3.7,1901.0,8.3,0.0,0,243.04
p2_N3_E1.2,1923.0,36.01,27.0,1,212.92
p2_W3_N1.1,1861.0,52.89,32.0,3,344.62
p2_N1_S1.4,1880.0,40.07,23.0,1,325.05
p2_S1_N1.5,1900.0,19.95,6.0,1,277.55
p2_E_W.14,1884.0,21.96,7.0,1,277.9
p2_N3_S3.4,1880.0,41.85,28.0,1,308.83
p2_E_W.17,1902.0,20.99,0.0,0,278.73
p2_E_W.15,1890.0,16.58,2.0,1,275.39
p2_N3_S3.5,1900.0,19.89,6.0,1,277.11
p2_S3_N3.5,1900.0,10.42,0.0,0,265.32
p2_E_W.18,1908.0,9.99,0.0,0,252.14
p2_E_W.19,1914.0,12.08,0.0,0,245.98
p2_S1_N1.4,1880.0,37.15,24.0,1,306.89
p2_W1_E1.7,1901.0,26.41,13.0,1,295.73
p2_N1_S1.6,1920.0,7.75,0.0,0,238.04
p2_S1_N1.6,1920.0,7.97,0.0,0,234.99
p2_N1_S1.5,1900.0,9.81,0.0,0,250.65
p2_W_E.8,1916.0,7.7,0.0,0,243.98
p2_E_W.20,1920.0,8.16,0.0,0,237.47
p2_N1_E3.0,1803.0,86.59,45.0,6,537.54
p2_W3_E3.8,1916.0,17.08,4.0,1,284.44
p2_E1_W1.16,1896.0,38.56,20.0,2,325.53
p2_W1_E1.8,1916.0,17.87,5.0,1,274.97
p2_E1_W1.17,1902.0,32.63,14.0,2,315.03
p2_W2_N2.2,1920.0,14.23,0.0,0,271.97
p2_N1_S1.3,1860.0,42.12,25.0,1,322.51
p2_N1_E3.1,1863.0,20.83,5.0,1,365.8
p2_E3_W3.20,1920.0,15.86,0.0,0,295.98
p2_W1_N3.2,1920.0,16.26,1.0,1,285.82
p2_E3_W3.21,1926.0,12.05,0.0,0,280.61
p2_W1_E1.9,1930.0,8.0,0.0,0,241.55
p2_E3_W3.17,1902.0,37.24,13.0,2,327.1
p2_E2_S2.2,1923.0,15.86,1.0,1,300.46
p2_N2_S2.5,1900.0,41.4,21.0,2,327.71
p2_E3_W3.19,1914.0,28.04,1.0,1,305.46
p2_E3_W3.16,1896.0,30.79,14.0,1,297.04
p2_E1_W1.18,1908.0,23.1,10.0,1,282.23
p2_E1_W1.20,1920.0,22.89,2.0,1,278.65
p2_N2_S2.6,1920.0,23.4,6.0,1,293.66
p2_E3_W3.22,1932.0,11.96,0.0,0,255.16
p2_E3_W3.18,1908.0,33.43,10.0,3,339.54
p2_S2_N2.6,1920.0,22.75,10.0,1,281.99
p2_E3_W3.23,1938.0,8.2,0.0,0,250.29
p2_E1_W1.19,1914.0,15.7,2.0,1,265.84
p2_E1_W1.22,1932.0,12.62,0.0,0,262.52
p2_N2_S2.4,1880.0,38.37,24.0,1,314.24
p2_S2_N2.7,1940.0,8.17,0.0,0,243.75
p2_E3_S3.3,1983.0,7.28,0.0,0,168.12
p2_E1_W1.21,1926.0,8.73,0.0,0,256.51
p2_E1_W1.23,1938.0,10.71,0.0,0,249.33
p2_S2_N2.5,1900.0,41.47,28.0,1,310.87
p2_E1_W1.24,1944.0,7.85,0.0,0,231.78
p2_W3_E3.10,1944.0,8.29,0.0,0,245.3
p2_E3_W3.24,1944.0,8.14,0.0,0,238.82
p2_N3_E1.3,1983.0,12.03,1.0,1,178.62
p2_S3_N3.4,1880.0,48.06,28.0,2,335.79
p2_N2_E2.2,1923.0,31.19,13.0,2,310.8
p2_W_E.10,1944.0,13.4,0.0,0,273.78
p2_N3_S3.7,1940.0,24.44,8.0,1,307.43
p2_N3_S3.6,1920.0,44.27,31.0,1,324.38
p2_E_W.21,1926.0,26.11,13.0,1,290.71
p2_E_W.22,1932.0,21.92,6.0,1,298.54
p2_S1_N1.7,1940.0,26.39,12.0,1,290.03
p2_W3_E3.9,1930.0,10.4,0.0,0,243.86
p2_E_W.23,1938.0,28.88,6.0,1,312.53
p2_N1_S1.7,1940.0,26.69,8.0,1,298.85
p2_E_W.24,1944.0,22.9,0.0,0,299.59
p2_W3_N1.2,1920.0,47.81,27.0,2,341.19
p2_E_W.25,1950.0,18.51,0.0,0,306.19
p2_E_W.26,1956.0,12.7,0.0,0,271.37
p2_W_E.9,1930.0,23.87,10.0,1,278.96
p2_E1_S1.1,1863.0,51.77,27.0,2,459.1
p2_S3_N3.6,1920.0,45.5,31.0,1,322.23
p2_S3_N3.7,1940.0,26.61,12.0,1,289.06
p2_S1_W1.2,1923.0,45.9,28.0,1,343.0
p2_N1_S1.8,1960.0,8.75,0.0,0,241.77
p2_S1_N1.8,1960.0,8.34,0.0,0,240.94
p2_E_W.28,1968.0,8.02,0.0,0,259.38
p2_E3_W3.26,1956.0,22.7,10.0,1,285.3
p2_E_W.27,1962.0,8.5,0.0,0,240.92
p2_E3_W3.28,1968.0,12.96,0.0,0,270.47
p2_W3_E3.12,1973.0,8.4,0.0,0,241.46
p2_E3_W3.29,1974.0,8.95,0.0,0,255.86
p2_E3_W3.27,1962.0,22.76,5.0,1,284.9
p2_E1_W1.25,1950.0,36.11,16.0,2,321.02
p2_E1_W1.26,1956.0,29.82,12.0,2,311.56
p2_W_E.12,1973.0,13.24,0.0,0,272.92
p2_S3_W3.2,1923.0,48.81,28.0,2,335.37
p2_W1_E1.12,1973.0,13.52,0.0,0,274.44
p2_W1_E1.11,1959.0,29.42,7.0,1,320.16
p2_E1_W1.28,1968.0,19.34,5.0,1,296.38
p2_W1_E1.10,1944.0,36.22,15.0,2,317.53
p2_E1_W1.27,1962.0,22.34,2.0,1,288.87
p2_N2_S2.7,1940.0,50.22,33.0,2,338.06
p2_W_E.11,1959.0,21.21,7.0,1,271.65
p2_N2_S2.8,1960.0,29.85,10.0,2,310.17
p2_E1_W1.30,1980.0,9.74,0.0,0,261.44
p2_W1_N3.3,1980.0,10.94,0.0,0,272.18
p2_E3_W3.25,1950.0,25.32,10.0,1,287.45
p2_S2_N2.9,1980.0,12.06,0.0,0,257.34
p2_W3_E3.11,1959.0,21.45,8.0,1,276.05
p2_S2_N2.8,1960.0,25.24,11.0,1,308.99
p2_N2_E2.3,1983.0,9.7,0.0,0,263.0
p2_E3_W3.30,1980.0,8.4,0.0,0,240.86
p2_E1_W1.29,1974.0,9.04,0.0,0,249.38
p2_W1_E1.13,1988.0,8.34,0.0,0,236.63
p2_E3_W3.32,1992.0,8.46,0.0,0,246.97
p2_E_W.29,1974.0,31.08,19.0,1,292.99
p2_S2_W2.2,1923.0,76.77,51.0,4,411.59
p2_S2_W2.3,1983.0,24.03,5.0,1,312.48
p2_E1_W1.33,1998.0,9.14,0.0,0,259.38
p2_N3_S3.9,1980.0,27.64,4.0,2,306.67
p2_E_W.30,1980.0,19.4,4.0,1,271.22
p2_E_W.31,1986.0,15.71,1.0,1,277.09
p2_E_W.32,1992.0,17.95,1.0,1,277.09
p2_E1_S1.2,1923.0,38.4,13.0,1,418.67
p2_N3_S3.8,1960.0,41.8,23.0,2,330.35
p2_W3_N1.3,1980.0,32.08,10.0,2,332.8
p2_E_W.34,2004.0,8.15,0.0,0,244.44
p2_W_E.13,1988.0,19.6,6.0,1,271.25
p2_S1_N1.9,1980.0,33.86,17.0,1,308.05
p2_S1_N1.10,2000.0,14.08,0.0,0,268.22
p2_E_W.33,1998.0,9.26,0.0,0,252.39
p2_N1_S1.10,2000.0,16.89,1.0,1,288.33
p2_N1_E3.2,1922.0,53.49,25.0,2,481.05
p2_S3_N3.8,1960.0,59.11,35.0,3,381.77
p2_S1_W1.3,1983.0,36.8,16.0,2,326.5
p2_S3_N3.9,1980.0,42.07,23.0,2,321.5
p2_W3_E3.13,1988.0,26.37,14.0,1,280.89
p2_W_E.15,2016.0,7.88,0.0,0,232.51
p2_W3_E3.15,2016.0,8.09,0.0,0,242.08
p2_W3_E3.14,2002.0,23.04,9.0,1,281.75
p2_E3_W3.34,2004.0,20.83,7.0,1,286.78
p2_S3_N3.10,2000.0,18.79,2.0,1,293.58
p2_S3_W3.3,1983.0,30.75,12.0,1,310.29
p2_E1_W1.32,1992.0,30.27,12.0,2,315.24
p2_E3_W3.36,2016.0,10.03,0.0,0,257.2
p2_N3_E1.4,2043.0,28.54,15.0,2,208.46
p2_E3_S3.4,2043.0,28.47,15.0,2,206.71
p2_E3_W3.37,2022.0,8.25,0.0,0,245.07
p2_E1_W1.31,1986.0,29.32,10.0,2,301.93
p2_W1_E1.15,2016.0,15.29,0.0,0,268.42
p2_E1_W1.35,2010.0,21.99,8.0,1,290.49
p2_E3_W3.35,2010.0,22.06,3.0,1,283.42
p2_E_W.36,2016.0,15.86,3.0,1,266.68
p2_E3_W3.31,1986.0,25.26,11.0,1,297.44
p2_W2_N2.3,1980.0,50.65,26.0,2,362.46
p2_E1_W1.34,2004.0,29.72,14.0,1,290.71
p2_E3_W3.33,1998.0,24.79,9.0,1,287.81
p2_N2_S2.9,1980.0,40.99,25.0,1,310.75
p2_W1_E1.14,2002.0,27.83,13.0,1,286.55
p2_W_E.14,2002.0,9.72,0.0,0,249.88
p2_N3_S3.10,2000.0,20.76,3.0,2,292.37
p2_N2_S2.10,2000.0,38.86,24.0,1,308.44
p2_N2_S2.11,2020.0,19.16,5.0,1,288.55
p2_E1_W1.37,2022.0,8.36,0.0,0,238.47
p2_W1_E1.16,2031.0,8.32,0.0,0,249.56
p2_E1_W1.39,2034.0,7.82,0.0,0,236.7
p2_W3_E3.16,2031.0,12.13,0.0,0,269.9
p2_S2_N2.10,2000.0,36.03,16.0,2,321.72
p2_N1_S1.9,1980.0,32.01,12.0,2,316.51
p2_E3_W3.38,2028.0,23.63,12.0,1,278.84
p2_E3_W3.39,2034.0,17.79,6.0,1,268.23
p2_E_W.35,2010.0,32.59,15.0,2,305.12
p2_E_W.37,2022.0,22.83,7.0,1,296.91
p2_E1_W1.40,2040.0,8.81,0.0,0,242.77
p2_E2_S2.3,1983.0,63.59,37.0,5,385.38
p2_E1_W1.36,2016.0,11.1,0.0,0,254.41
p2_W1_N3.4,2040.0,14.05,2.0,1,268.38
p2_W_E.17,2045.0,12.63,0.0,0,279.72
p2_W_E.16,2031.0,26.1,5.0,1,300.78
p2_E_W.39,2034.0,23.7,9.0,1,279.29
p2_S2_N2.11,2020.0,10.91,0.0,0,253.2
p2_E_W.40,2040.0,19.71,6.0,1,275.71
p2_E1_W1.38,2028.0,9.62,0.0,0,257.21
p2_E2_S2.4,2043.0,18.86,4.0,1,304.29
p2_E_W.42,2052.0,10.14,0.0,0,256.72
p2_S1_N1.11,2020.0,43.39,22.0,2,341.95
p2_E_W.41,2046.0,17.46,2.0,1,267.38
p2_S3_N3.11,2020.0,43.65,23.0,2,336.52
p2_N1_S1.12,2040.0,23.89,6.0,1,299.57
p2_S3_N3.12,2040.0,19.68,6.0,1,283.68
p2_E_W.43,2058.0,7.67,0.0,0,248.45
p2_N3_S3.11,2020.0,48.89,32.0,1,337.56
p2_N3_S3.13,2060.0,9.38,0.0,0,249.84
p2_S1_N1.12,2040.0,14.71,0.0,0,272.46
p2_W_E.18,2060.0,8.08,0.0,0,251.7
p2_E_W.44,2064.0,8.11,0.0,0,241.76
p2_S1_W1.4,2043.0,20.7,3.0,1,310.62
p2_N1_S1.11,2020.0,34.3,20.0,1,305.6
p2_E3_W3.40,2040.0,35.9,15.0,2,322.25
p2_S3_W3.4,2043.0,34.37,11.0,3,335.11
p2_E1_W1.42,2052.0,25.43,13.0,1,283.54
p2_W1_E1.18,2060.0,19.11,3.0,1,290.13
p2_E_W.38,2028.0,23.63,9.0,1,285.0
p2_E3_W3.42,2052.0,27.97,5.0,2,309.56
p2_N3_S3.12,2040.0,23.32,9.0,1,287.66
p2_E1_W1.41,2046.0,31.19,19.0,1,291.49
p2_E3_W3.41,2046.0,27.74,7.0,2,317.27
p2_W1_E1.19,2074.0,8.52,0.0,0,244.7
p2_N3_E1.5,2103.0,7.78,0.0,0,162.04
p2_W1_E1.17,2045.0,38.4,22.0,1,304.01
p2_W3_E3.17,2045.0,37.71,18.0,2,324.9
p2_E3_W3.43,2058.0,20.89,1.0,1,299.57
p2_N1_E3.3,1983.0,47.72,26.0,2,447.39
p2_E1_W1.44,2064.0,19.66,2.0,1,293.1
p2_W2_N2.4,2040.0,44.38,22.0,3,349.88
p2_W3_E3.18,2060.0,23.97,1.0,1,306.03
p2_S2_N2.13,2060.0,24.67,5.0,1,312.52
p2_E1_W1.43,2058.0,17.42,3.0,1,273.46
p2_N2_S2.13,2060.0,28.2,8.0,1,306.42
p2_E1_W1.47,2082.0,7.55,0.0,0,238.97
p2_S2_N2.12,2040.0,35.65,20.0,1,309.75
p2_N2_S2.12,2040.0,34.53,22.0,1,296.46
p2_E3_S3.5,2103.0,25.51,13.0,2,193.74
p2_E3_W3.45,2070.0,20.51,8.0,1,281.37
p2_E3_W3.47,2082.0,11.97,0.0,0,262.78
p2_S2_W2.4,2043.0,52.1,27.0,2,357.65
p2_E1_W1.48,2088.0,8.49,0.0,0,238.78
p2_E3_W3.48,2088.0,7.94,0.0,0,239.5
p2_W3_E3.19,2074.0,23.06,10.0,1,288.99
p2_W_E.19,2074.0,25.11,9.0,1,311.99
p2_E3_W3.46,2076.0,20.46,5.0,1,283.21
p2_E_W.45,2070.0,30.26,18.0,1,291.16
p2_W1_E1.20,2088.0,7.57,0.0,0,238.06
p2_W3_E3.20,2088.0,7.79,0.0,0,239.6
p2_E1_W1.45,2070.0,9.78,0.0,0,244.75
p2_N2_E2.4,2043.0,45.17,23.0,3,341.94
p2_E3_W3.44,2064.0,24.75,10.0,1,294.23
p2_E_W.46,2076.0,28.31,14.0,1,292.3
p2_E1_S1.3,1983.0,78.85,48.0,4,528.6
p2_E1_W1.46,2076.0,9.27,0.0,0,257.37
p2_E_W.49,2094.0,13.31,0.0,0,267.55
p2_E_W.47,2082.0,20.53,7.0,1,273.67
p2_N3_S3.15,2100.0,9.11,0.0,0,246.67
p2_W3_N1.4,2040.0,70.08,42.0,3,395.68
p2_N1_S1.13,2060.0,50.1,36.0,1,327.29
p2_N1_S1.14,2080.0,29.84,16.0,1,296.46
p2_E_W.50,2100.0,7.96,0.0,0,249.27
p2_S3_N3.13,2060.0,47.59,29.0,2,332.51
p2_E_W.48,2088.0,20.32,3.0,1,296.52
p2_N1_S1.15,2100.0,12.14,0.0,0,276.93
p2_S1_N1.14,2080.0,33.07,15.0,1,310.93
p2_W_E.20,2088.0,9.2,0.0,0,244.27
p2_S1_N1.13,2060.0,40.14,22.0,2,320.67
p2_S3_N3.14,2080.0,34.48,22.0,1,299.17
p2_S1_W1.5,2103.0,10.75,0.0,0,262.44
p2_S1_N1.15,2100.0,12.87,0.0,0,272.61
p2_E_W.51,2106.0,7.6,0.0,0,244.4
p2_E_W.52,2112.0,7.32,0.0,0,229.38
p2_N3_S3.14,2080.0,27.92,14.0,1,292.45
p2_S3_N3.15,2100.0,12.61,0.0,0,268.2
p2_N1_E3.4,2043.0,36.43,9.0,3,440.74
p2_W3_E3.21,2103.0,20.25,8.0,1,285.51
p2_W1_E1.21,2103.0,21.28,7.0,1,293.9
p2_W_E.21,2103.0,9.14,0.0,0,235.9
p2_W3_E3.22,2117.0,8.12,0.0,0,243.1
p2_E1_W1.51,2106.0,19.74,7.0,1,280.67
p2_E1_W1.49,2094.0,28.23,15.0,1,293.72
p2_E3_W3.49,2094.0,34.18,15.0,2,320.99
p2_E1_W1.50,2100.0,26.36,11.0,1,300.76
p2_E3_S3.6,2163.0,8.21,0.0,0,162.42
p2_E3_W3.52,2112.0,18.26,5.0,1,269.15
p2_N2_S2.15,2100.0,31.97,16.0,1,317.32
p2_N2_S2.16,2120.0,11.93,0.0,0,268.27
p2_W1_N3.5,2100.0,32.64,15.0,2,322.14
p2_W1_E1.22,2117.0,8.33,0.0,0,248.17
p2_E1_W1.53,2118.0,14.96,0.0,0,263.66
p2_W2_N2.5,2100.0,15.12,3.0,1,278.67
p2_S2_N2.15,2100.0,29.41,15.0,1,287.0
p2_E1_W1.54,2124.0,9.52,0.0,0,243.3
p2_S2_N2.14,2080.0,47.81,33.0,1,331.68
p2_E3_W3.54,2124.0,12.48,0.0,0,264.5
p2_S2_N2.16,2120.0,14.15,0.0,0,271.53
p2_E3_W3.51,2106.0,29.28,9.0,2,300.34
p2_W1_E1.23,2132.0,8.21,0.0,0,242.6
p2_N2_S2.14,2080.0,37.88,23.0,1,312.07
p2_E_W.53,2118.0,23.57,10.0,1,279.55
p2_S2_W2.5,2103.0,38.69,15.0,3,348.91
p2_S3_W3.5,2103.0,16.87,3.0,1,279.45
p2_E_W.54,2124.0,20.33,7.0,1,280.92
p2_E_W.55,2130.0,14.08,0.0,0,270.2
p2_W3_E3.23,2132.0,8.92,0.0,0,239.11
p2_E_W.56,2136.0,10.53,0.0,0,258.91
p2_E1_S1.4,2043.0,60.68,29.0,3,496.9
p2_E1_W1.52,2112.0,10.34,0.0,0,256.61
p2_E3_W3.50,2100.0,22.03,9.0,1,295.26
p2_N2_E2.5,2103.0,47.46,26.0,3,355.25
p2_W_E.23,2132.0,16.09,1.0,1,275.31
p2_W3_N1.5,2100.0,51.39,31.0,3,343.31
p2_W_E.22,2117.0,35.81,15.0,2,312.37
p2_N3_E1.6,2163.0,32.55,21.0,1,209.95
p2_N1_S1.17,2140.0,15.84,2.0,1,273.37
p2_E_W.58,2148.0,8.14,0.0,0,249.46
p2_E2_S2.5,2103.0,45.81,20.0,3,345.87
p2_S3_N3.16,2120.0,39.01,22.0,1,315.43
p2_S1_N1.17,2140.0,8.78,0.0,0,243.64
p2_S3_N3.17,2140.0,19.62,3.0,1,301.26
p2_S1_N1.16,2120.0,27.96,14.0,1,290.86
p2_E_W.57,2142.0,8.58,0.0,0,249.7
p2_N1_S1.16,2120.0,33.43,21.0,1,298.82
p2_E1_W1.56,2136.0,30.12,17.0,1,290.1
p2_N3_S3.17,2140.0,13.85,0.0,0,264.28
p2_W_E.24,2146.0,9.11,0.0,0,248.25
p2_W1_E1.25,2160.0,8.23,0.0,0,245.39
p2_W_E.25,2160.0,7.99,0.0,0,243.12
p2_E_W.60,2160.0,8.01,0.0,0,245.91
p2_N1_E3.5,2103.0,23.06,5.0,1,386.35
p2_W1_E1.24,2146.0,22.87,10.0,1,287.78
p2_E1_W1.58,2148.0,20.91,8.0,1,278.14
p2_E3_W3.56,2136.0,28.77,16.0,1,297.93
p2_E3_W3.58,2148.0,23.73,8.0,1,292.01
p2_E_W.59,2154.0,8.54,0.0,0,244.78
p2_E1_W1.57,2142.0,31.81,14.0,1,296.51
p2_W3_E3.24,2146.0,28.56,14.0,1,293.01
p2_E3_W3.59,2154.0,20.05,3.0,1,290.57
p2_W3_E3.25,2160.0,13.78,1.0,1,273.2
p2_E1_W1.60,2160.0,16.25,0.0,0,289.78
p2_E3_W3.57,2142.0,29.17,11.0,1,305.38
p2_E1_W1.61,2166.0,12.19,0.0,0,261.7
p2_E3_W3.53,2118.0,31.42,15.0,1,301.87
p2_E1_W1.55,2130.0,25.59,12.0,1,292.32
p2_S2_N2.17,2140.0,38.53,25.0,1,305.01
p2_S2_N2.18,2160.0,19.1,5.0,1,278.12
p2_N2_S2.17,2140.0,40.0,19.0,2,326.14
p2_E1_W1.59,2154.0,25.93,5.0,1,298.05
p2_E2_S2.6,2163.0,16.74,1.0,1,281.45
p2_E3_W3.61,2166.0,14.46,0.0,0,268.4
p2_W1_N3.6,2163.0,17.52,5.0,1,272.38
p2_E3_W3.60,2160.0,22.37,3.0,1,291.78
p2_W3_E3.26,2175.0,7.39,0.0,0,238.35
p2_E3_W3.55,2130.0,26.84,12.0,1,285.3
p2_E1_W1.62,2172.0,7.94,0.0,0,243.94
p2_E3_W3.62,2172.0,8.56,0.0,0,242.19
p2_W1_E1.26,2175.0,7.46,0.0,0,238.78
p2_E3_S3.7,2223.0,7.02,0.0,0,168.63
p2_N2_S2.18,2160.0,14.23,0.0,0,280.49
p2_N2_E2.6,2163.0,28.68,7.0,3,313.08
p2_W_E.26,2175.0,17.37,0.0,0,303.64
p2_E3_W3.64,2184.0,7.94,0.0,0,249.65
p2_S2_W2.6,2163.0,25.91,5.0,2,313.53
p2_E_W.62,2172.0,23.21,10.0,1,278.74
p2_W_E.27,2189.0,8.17,0.0,0,238.72
p2_E3_W3.63,2178.0,8.91,0.0,0,232.71
p2_N3_E1.7,2223.0,18.22,8.0,1,185.75
p2_N3_S3.16,2120.0,69.89,45.0,3,385.62
p2_E_W.64,2184.0,17.26,0.0,0,291.1
p2_N1_S1.18,2160.0,41.9,18.0,2,353.21
p2_S1_N1.18,2160.0,37.93,23.0,1,317.79
p2_W3_N1.6,2163.0,38.27,12.0,2,347.28
p2_N3_S3.19,2180.0,18.73,4.0,1,281.49
p2_N1_S1.19,2180.0,23.83,2.0,1,320.55
p2_S3_N3.19,2180.0,23.93,9.0,1,280.88
p2_E_W.63,2178.0,19.06,3.0,1,274.55
p2_S1_N1.19,2180.0,15.52,0.0,0,276.04
p2_E_W.66,2196.0,9.97,0.0,0,248.38
p2_S1_N1.20,2200.0,7.53,0.0,0,247.98
p2_S3_N3.20,2200.0,8.4,0.0,0,239.67
p2_E_W.61,2166.0,26.51,12.0,1,290.37
p2_E_W.67,2202.0,8.61,0.0,0,250.42
p2_W_E.28,2204.0,7.74,0.0,0,233.06
p2_S1_W1.6,2163.0,33.31,11.0,1,316.43
p2_S3_N3.18,2160.0,38.11,24.0,1,299.08
p2_E1_W1.64,2184.0,29.67,15.0,1,307.2
p2_E1_W1.65,2190.0,25.39,7.0,1,313.14
p2_W1_E1.28,2204.0,12.42,0.0,0,268.55
p2_E_W.68,2208.0,8.46,0.0,0,238.71
p2_W1_E1.27,2189.0,27.68,10.0,2,308.23
p2_E_W.65,2190.0,9.51,0.0,0,253.15
p2_E1_W1.66,2196.0,17.53,0.0,0,292.96
p2_E1_W1.68,2208.0,8.55,0.0,0,253.57
p2_E1_W1.63,2178.0,24.97,11.0,1,283.51
p2_W2_N2.6,2163.0,56.75,37.0,2,360.27
p2_W3_E3.28,2204.0,8.39,0.0,0,242.86
p2_W3_E3.27,2189.0,23.93,10.0,1,289.13
p2_E1_W1.67,2202.0,14.46,0.0,0,265.81
p2_E1_W1.69,2214.0,8.87,0.0,0,245.6
p2_S2_N2.19,2180.0,44.33,32.0,1,315.91
p2_S3_W3.6,2163.0,62.25,39.0,3,379.11
p2_N2_S2.19,2180.0,45.67,25.0,2,333.3
p2_E3_W3.66,2196.0,29.7,9.0,2,307.65
p2_N2_S2.20,2200.0,24.14,6.0,2,300.44
p2_W1_E1.29,2218.0,8.18,0.0,0,238.29
p2_W3_E3.29,2218.0,7.87,0.0,0,241.51
p2_S2_N2.21,2220.0,7.19,0.0,0,244.08
p2_E3_W3.65,2190.0,34.88,12.0,2,312.45
p2_S2_N2.20,2200.0,23.69,10.0,1,273.8
p2_E3_W3.68,2208.0,14.4,1.0,1,276.16
p2_E3_W3.67,2202.0,24.95,2.0,1,301.29
p2_E3_W3.69,2214.0,17.19,1.0,1,268.73
p2_E3_W3.70,2220.0,9.83,0.0,0,252.92
p2_E1_W1.71,2226.0,8.02,0.0,0,243.32
p2_E1_W1.70,2220.0,8.91,0.0,0,254.55
p2_E1_S1.5,2103.0,91.13,56.0,6,562.62
p2_W_E.29,2218.0,20.7,8.0,1,272.66
p2_S2_W2.7,2223.0,16.25,2.0,1,288.12
p2_W1_E1.30,2232.0,7.7,0.0,0,239.88
p2_W_E.30,2232.0,8.57,0.0,0,241.66
p2_E_W.69,2214.0,21.66,9.0,1,287.05
p2_E_W.72,2232.0,13.99,0.0,0,278.48
p2_N3_S3.20,2200.0,43.0,31.0,1,322.08
p2_S3_N3.21,2220.0,27.23,9.0,1,321.12
p2_E_W.71,2226.0,21.53,0.0,0,307.81
p2_E1_S1.6,2163.0,42.37,24.0,1,417.46
p2_E_W.70,2220.0,16.04,2.0,1,271.7
p2_W3_N1.7,2221.0,27.92,12.0,1,304.86
p2_N3_S3.18,2160.0,66.78,47.0,2,358.02
p2_W1_N3.7,2221.0,18.2,4.0,1,271.88
p2_N3_S3.22,2240.0,7.77,0.0,0,248.43
p2_N1_S1.22,2240.0,11.88,0.0,0,271.7
p2_S3_N3.22,2240.0,8.37,0.0,0,239.04
p2_E_W.74,2244.0,7.98,0.0,0,241.17
p2_N1_S1.20,2200.0,48.78,32.0,1,329.22
p2_S1_W1.7,2223.0,30.99,14.0,2,316.35
p2_S1_N1.22,2240.0,13.96,0.0,0,274.64
p2_W_E.31,2247.0,7.52,0.0,0,234.04
p2_N3_E1.8,2283.0,13.65,0.0,0,183.59
p2_N1_S1.21,2220.0,28.68,14.0,1,298.15
p2_E2_S2.7,2223.0,28.88,8.0,2,327.28
p2_E_W.73,2238.0,9.24,0.0,0,235.48
p2_E_W.75,2250.0,8.2,0.0,0,240.83
p2_E3_S3.8,2283.0,15.71,4.0,1,189.88
p2_N1_E3.6,2163.0,54.75,20.0,3,461.83
p2_S3_W3.7,2223.0,37.77,19.0,3,327.65
p2_E3_W3.72,2232.0,29.43,9.0,1,294.55
p2_W1_E1.31,2247.0,13.92,1.0,1,279.46
p2_E1_W1.73,2238.0,26.75,11.0,1,297.24
p2_E3_W3.74,2244.0,16.89,0.0,0,278.44
p2_E_W.76,2256.0,8.15,0.0,0,240.25
p2_E3_W3.76,2256.0,9.22,0.0,0,251.2
p2_E1_W1.72,2232.0,33.78,16.0,1,328.21
p2_W3_E3.30,2232.0,25.12,11.0,1,285.79
p2_E1_W1.75,2250.0,16.48,0.0,0,293.36
p2_E1_W1.74,2244.0,21.63,5.0,1,295.4
p2_E1_W1.76,2256.0,12.22,0.0,0,282.48
p2_W1_E1.32,2261.0,7.49,0.0,0,240.82
p2_S1_N1.21,2220.0,22.5,8.0,1,280.09
p2_E3_W3.73,2238.0,26.18,4.0,1,302.15
p2_W3_E3.32,2261.0,8.07,0.0,0,244.89
p2_E3_W3.71,2226.0,31.19,13.0,1,302.73
p2_S2_N2.22,2240.0,30.8,18.0,1,309.88
p2_W3_E3.31,2247.0,24.04,9.0,1,283.98
p2_W2_N2.7,2221.0,34.85,16.0,2,326.21
p2_N2_S2.22,2240.0,32.03,17.0,1,299.08
p2_S2_N2.23,2260.0,12.57,0.0,0,276.06
p2_E3_W3.77,2262.0,10.42,0.0,0,251.32
p2_E3_W3.75,2250.0,10.85,0.0,0,247.04
p2_N2_S2.21,2220.0,44.77,31.0,1,316.63
p2_E1_W1.79,2274.0,8.31,0.0,0,246.97
p2_E_W.77,2262.0,21.07,8.0,1,284.35
p2_E1_W1.78,2268.0,8.22,0.0,0,246.08
p2_E_W.78,2268.0,15.28,1.0,1,271.02
p2_W1_E1.33,2276.0,7.7,0.0,0,244.66
p2_E_W.79,2274.0,10.98,0.0,0,271.64
p2_N2_E2.7,2223.0,65.03,40.0,2,379.93
p2_W_E.32,2261.0,23.78,10.0,1,285.01
p2_E_W.80,2280.0,8.37,0.0,0,242.89
p2_N1_S1.23,2260.0,34.27,21.0,1,295.66
p2_S1_N1.24,2280.0,15.05,3.0,1,269.11
p2_E_W.81,2286.0,8.1,0.0,0,246.78
p2_N3_S3.21,2220.0,54.69,34.0,2,351.79
p2_N1_S1.24,2280.0,16.51,0.0,0,288.5
p2_N3_S3.24,2280.0,16.35,1.0,1,280.91
p2_N3_S3.23,2260.0,38.03,22.0,1,328.99
p2_E1_S1.7,2223.0,19.19,4.0,1,373.44
p2_S1_N1.23,2260.0,31.53,14.0,2,309.18
p2_W_E.33,2276.0,9.27,0.0,0,247.59
p2_S1_W1.8,2283.0,15.58,0.0,0,288.67
p2_W_E.34,2290.0,9.08,0.0,0,244.32
p2_E_W.82,2292.0,8.51,0.0,0,238.53
p2_N1_E3.7,2223.0,36.02,14.0,2,428.13
p2_S3_N3.23,2260.0,34.15,16.0,2,315.04
p2_E1_W1.80,2280.0,25.7,11.0,1,302.79
p2_E3_W3.78,2268.0,39.53,22.0,1,324.55
p2_E2_S2.8,2283.0,24.09,7.0,1,297.25
p2_E3_W3.79,2274.0,33.6,17.0,2,315.36
p2_E_W.83,2298.0,8.46,0.0,0,234.24
p2_N2_S2.23,2260.0,44.36,24.0,1,329.08
p2_S3_W3.8,2283.0,24.38,2.0,1,320.35
p2_E1_W1.81,2286.0,22.93,8.0,1,286.88
p2_W3_E3.34,2290.0,18.14,5.0,1,274.61
p2_S2_N2.24,2280.0,32.45,12.0,2,319.57
p2_E3_W3.80,2280.0,22.17,7.0,1,289.28
p2_N2_S2.24,2280.0,33.49,20.0,1,297.44
p2_S2_N2.25,2300.0,14.3,1.0,1,266.21
p2_E1_W1.84,2304.0,8.62,0.0,0,250.47
p2_E3_W3.84,2304.0,10.31,0.0,0,266.17
p2_E3_W3.81,2286.0,20.14,1.0,1,287.85
p2_N2_S2.25,2300.0,15.32,3.0,1,277.39
p2_E1_W1.77,2262.0,25.0,10.0,1,284.58
p2_W3_E3.33,2276.0,28.75,14.0,1,277.87
p2_W2_N2.8,2280.0,27.51,10.0,2,294.69
p2_W1_E1.35,2304.0,8.31,0.0,0,237.5
p2_E3_S3.9,2343.0,16.36,6.0,1,187.53
p2_E3_W3.82,2292.0,8.58,0.0,0,248.6
p2_E1_W1.83,2298.0,19.96,1.0,1,292.19
p2_E1_W1.85,2310.0,8.18,0.0,0,237.99
p2_E3_W3.85,2310.0,8.4,0.0,0,249.67
p2_E3_W3.83,2298.0,9.7,0.0,0,255.12
p2_W1_E1.34,2290.0,20.06,6.0,1,278.34
p2_W3_E3.35,2304.0,8.7,0.0,0,243.61
p2_E1_W1.86,2316.0,7.74,0.0,0,247.84
p2_E1_W1.82,2292.0,12.59,0.0,0,274.36
p2_W1_E1.36,2319.0,7.49,0.0,0,235.65
p2_W1_N3.8,2280.0,50.4,27.0,2,344.62
p2_S2_W2.8,2283.0,47.75,22.0,4,358.39
p2_W_E.36,2319.0,14.27,0.0,0,286.63
p2_W_E.35,2304.0,29.67,13.0,1,309.84
p2_E_W.84,2304.0,21.96,7.0,1,281.79
p2_E_W.85,2310.0,23.63,10.0,1,277.9
p2_S3_N3.25,2300.0,36.8,21.0,1,321.41
p2_E3_W3.86,2316.0,22.4,9.0,1,276.43
p2_E_W.87,2322.0,12.81,0.0,0,265.31
p2_W3_N1.8,2280.0,60.82,42.0,3,366.72
p2_S1_N1.25,2300.0,41.52,21.0,2,329.36
p2_N3_S3.25,2300.0,40.67,29.0,1,315.37
p2_W_E.37,2333.0,8.35,0.0,0,240.57
p2_S1_N1.26,2320.0,23.33,9.0,1,284.46
p2_E_W.88,2328.0,8.45,0.0,0,242.28
p2_E_W.86,2316.0,15.05,1.0,1,270.93
p2_N3_E1.9,2343.0,44.05,30.0,2,230.22
p2_S3_N3.26,2320.0,11.67,0.0,0,270.16
p2_S3_N3.24,2280.0,35.22,21.0,1,306.25
p2_E_W.89,2334.0,11.75,0.0,0,258.87
p2_S1_N1.27,2340.0,7.22,0.0,0,239.55
p2_N3_S3.27,2340.0,7.98,0.0,0,240.24
p2_N3_S3.26,2320.0,18.47,5.0,1,276.73
p2_N1_S1.25,2300.0,51.5,31.0,2,355.47
p2_N1_S1.26,2320.0,29.92,11.0,2,315.38
p2_E1_W1.87,2322.0,27.26,11.0,1,289.96
p2_W3_E3.36,2319.0,34.91,21.0,1,304.92
p2_E1_W1.88,2328.0,26.22,12.0,1,290.09
p2_W3_E3.37,2333.0,21.43,6.0,1,292.93
p2_E1_W1.89,2334.0,19.82,6.0,1,271.91
p2_E1_W1.91,2346.0,9.5,0.0,0,242.38
p2_W1_E1.37,2333.0,18.6,5.0,1,274.56
p2_W1_E1.38,2348.0,7.23,0.0,0,237.9
p2_E1_W1.90,2340.0,13.94,0.0,0,259.99
p2_E1_W1.92,2352.0,8.15,0.0,0,241.57
p2_N2_E2.8,2283.0,76.72,50.0,4,403.59
p2_S2_N2.26,2320.0,43.23,24.0,2,331.47
p2_E3_W3.88,2328.0,36.57,12.0,2,335.79
p2_E3_W3.87,2322.0,38.37,17.0,2,331.66
p2_E2_S2.9,2343.0,17.51,2.0,1,283.14
p2_N2_S2.26,2320.0,43.9,27.0,1,343.1
p2_W1_N3.9,2340.0,25.34,8.0,1,307.05
p2_E1_W1.93,2358.0,8.15,0.0,0,241.42
p2_E3_W3.89,2334.0,31.98,8.0,2,328.37
p2_E3_W3.90,2340.0,26.66,5.0,1,319.07
p2_N2_S2.28,2360.0,7.16,0.0,0,246.39
p2_S2_N2.27,2340.0,18.74,5.0,1,268.71
p2_E3_W3.91,2346.0,22.97,6.0,1,283.29
p2_E3_W3.92,2352.0,16.93,3.0,1,276.62
p2_W1_E1.39,2362.0,7.6,0.0,0,238.6
p2_E3_S3.10,2403.0,7.26,0.0,0,168.72
p2_N2_S2.27,2340.0,32.2,9.0,2,333.21
p2_E3_W3.93,2358.0,9.92,0.0,0,257.53
p2_S2_N2.28,2360.0,8.32,0.0,0,239.53
p2_E1_W1.94,2364.0,7.91,0.0,0,236.57
p2_E_W.91,2346.0,27.32,9.0,1,296.42
p2_W_E.38,2348.0,27.43,13.0,1,303.94
p2_N2_E2.9,2343.0,32.0,7.0,2,335.9
p2_E1_S1.8,2283.0,50.42,24.0,3,458.42
p2_E_W.90,2340.0,23.1,9.0,1,279.68
p2_W_E.39,2362.0,15.1,1.0,1,279.55
p2_S2_W2.9,2343.0,22.11,2.0,1,278.7
p2_W3_E3.38,2348.0,9.79,0.0,0,247.7
p2_E_W.93,2358.0,22.92,7.0,1,292.48
p2_S1_N1.28,2360.0,19.31,1.0,1,297.02
p2_N3_E1.10,2403.0,20.38,8.0,1,192.82
p2_E_W.95,2370.0,11.8,0.0,0,264.93
p2_N1_S1.28,2360.0,23.02,9.0,1,280.57
p2_E_W.96,2376.0,8.52,0.0,0,238.79
p2_E_W.92,2352.0,26.17,13.0,1,283.7
p2_N3_S3.28,2360.0,22.68,8.0,1,296.46
p2_N1_S1.27,2340.0,39.95,26.0,1,305.09
p2_S1_W1.9,2343.0,36.72,12.0,1,328.14
p2_W3_N1.9,2340.0,31.33,10.0,2,306.58
p2_E_W.94,2364.0,21.76,3.0,1,306.52
p2_W_E.40,2376.0,7.46,0.0,0,244.19
p2_N1_S1.29,2380.0,8.01,0.0,0,246.86
p2_E_W.97,2382.0,8.05,0.0,0,235.25
p2_S3_N3.27,2340.0,43.29,30.0,1,309.71
p2_E3_W3.95,2370.0,25.56,12.0,1,292.61
p2_E_W.98,2388.0,7.52,0.0,0,240.36
p2_N1_E3.8,2283.0,68.93,32.0,3,505.83
p2_E1_W1.98,2388.0,12.45,0.0,0,267.19
p2_E1_W1.96,2376.0,26.2,6.0,1,302.7
p2_E3_W3.96,2376.0,21.8,9.0,1,286.89
p2_E1_W1.97,2382.0,19.73,2.0,1,305.96
p2_W1_E1.41,2391.0,8.01,0.0,0,240.22
p2_W1_E1.40,2376.0,27.04,10.0,1,306.76
p2_W3_E3.40,2376.0,19.93,7.0,1,275.49
p2_E1_W1.99,2394.0,9.63,0.0,0,256.86
p2_E1_W1.100,2400.0,7.53,0.0,0,247.17
p2_W2_N2.9,2340.0,45.21,29.0,2,331.8
p2_S2_N2.29,2380.0,27.84,16.0,1,291.27
p2_S3_W3.9,2343.0,50.76,35.0,2,330.41
p2_W3_E3.41,2391.0,18.96,5.0,1,275.55
p2_W3_E3.39,2362.0,26.68,8.0,2,302.09
p2_N2_S2.29,2380.0,23.93,10.0,1,286.05
p2_E3_W3.97,2382.0,28.72,3.0,1,316.52
p2_N2_S2.30,2400.0,8.24,0.0,0,243.83
p2_E3_W3.100,2400.0,12.16,0.0,0,266.62
p2_E3_W3.94,2364.0,24.89,10.0,1,281.04
p2_W3_E3.42,2405.0,7.56,0.0,0,245.19
p2_E3_W3.98,2388.0,26.39,0.0,0,298.47
p2_E1_W1.101,2406.0,8.08,0.0,0,239.27
p2_E3_W3.101,2406.0,8.27,0.0,0,249.69
p2_E1_W1.95,2370.0,21.31,6.0,1,285.89
p2_E3_W3.99,2394.0,12.26,0.0,0,272.19
p2_W_E.41,2391.0,30.14,13.0,1,310.65
p2_N2_E2.10,2403.0,17.62,4.0,1,284.24
p2_E_W.101,2406.0,14.75,0.0,0,275.06
p2_E_W.100,2400.0,23.04,7.0,1,295.52
p2_S2_W2.10,2403.0,20.06,5.0,1,293.2
p2_E_W.99,2394.0,31.83,16.0,1,309.96
p2_E_W.102,2412.0,11.28,0.0,0,257.44
p2_E3_S3.11,2463.0,5.96,0.0,0,163.25
p2_W_E.43,2420.0,7.96,0.0,0,240.39
p2_E1_S1.9,2343.0,34.91,13.0,1,410.14
p2_S1_N1.29,2380.0,50.18,28.0,2,363.83
p2_S3_N3.30,2400.0,31.57,17.0,1,301.68
p2_S3_N3.29,2380.0,41.09,29.0,1,308.08
p2_S1_N1.30,2400.0,32.53,13.0,2,325.9
p2_W3_N1.10,2400.0,31.29,8.0,2,331.75
p2_N3_S3.30,2400.0,30.38,11.0,2,307.17
p2_E_W.103,2418.0,8.39,0.0,0,251.59
p2_N1_S1.30,2400.0,24.87,11.0,1,289.69
p2_W_E.42,2405.0,10.26,0.0,0,263.15
p2_S1_N1.31,2420.0,10.16,0.0,0,255.65
p2_S3_N3.31,2420.0,13.68,0.0,0,267.39
p2_N3_S3.29,2380.0,50.28,30.0,2,341.71
p2_E_W.105,2430.0,7.9,0.0,0,248.21
p2_N3_E1.11,2463.0,19.48,5.0,1,191.63
p2_S1_W1.10,2403.0,30.6,6.0,2,324.39
p2_E2_S2.10,2403.0,29.79,7.0,3,324.03
p2_E_W.106,2436.0,8.05,0.0,0,246.17
p2_W3_E3.44,2434.0,8.61,0.0,0,251.27
p2_S3_W3.10,2403.0,42.88,18.0,2,350.49
p2_E1_W1.103,2418.0,28.12,14.0,1,291.37
p2_N1_S1.31,2420.0,8.82,0.0,0,244.63
p2_W_E.44,2434.0,8.43,0.0,0,245.29
p2_W2_N2.10,2400.0,46.9,21.0,3,358.82
p2_E3_W3.102,2412.0,31.36,14.0,2,317.18
p2_W1_E1.43,2420.0,27.33,10.0,1,299.02
p2_E1_W1.102,2412.0,33.93,21.0,1,295.97
p2_E3_W3.106,2436.0,11.97,0.0,0,270.67
p2_E3_W3.104,2424.0,25.16,8.0,1,308.54
p2_S2_N2.32,2440.0,9.37,0.0,0,256.04
p2_S2_N2.31,2420.0,30.03,16.0,1,287.44
p2_W1_E1.44,2434.0,16.5,0.0,0,272.34
p2_E3_W3.107,2442.0,7.8,0.0,0,251.98
p2_W1_E1.42,2405.0,30.38,18.0,1,302.98
p2_W3_E3.43,2420.0,18.2,4.0,1,270.52
p2_E3_W3.103,2418.0,28.16,11.0,1,291.91
p2_E1_W1.105,2430.0,16.69,2.0,1,267.93
p2_E3_W3.105,2430.0,21.76,2.0,1,302.6
p2_E1_W1.107,2442.0,8.53,0.0,0,252.22
p2_N2_S2.31,2420.0,24.96,10.0,1,286.86
p2_E1_W1.104,2424.0,22.24,9.0,1,281.08
p2_E1_W1.106,2436.0,18.85,0.0,0,288.39
p2_E3_W3.108,2448.0,7.19,0.0,0,230.8
p2_W3_E3.45,2448.0,8.26,0.0,0,242.37
p2_N2_S2.32,2440.0,8.76,0.0,0,251.73
p2_W1_E1.45,2448.0,7.82,0.0,0,242.95
p2_S2_N2.30,2400.0,41.12,26.0,1,297.39
p2_W1_N3.10,2400.0,29.49,11.0,1,303.57
p2_E1_W1.109,2454.0,7.91,0.0,0,245.18
p2_E_W.108,2448.0,19.12,5.0,1,278.8
p2_E1_W1.108,2448.0,9.63,0.0,0,242.23
p2_W_E.45,2448.0,21.33,7.0,1,284.35
p2_W_E.46,2463.0,8.03,0.0,0,246.43
p2_E_W.110,2460.0,13.94,0.0,0,267.21
p2_W3_N1.11,2460.0,13.17,0.0,0,270.66
p2_E_W.109,2454.0,21.88,2.0,1,311.16
p2_S1_N1.33,2460.0,15.66,1.0,1,284.17
p2_E_W.107,2442.0,35.53,11.0,1,325.53
p2_S1_W1.11,2463.0,13.97,0.0,0,291.46
p2_N1_S1.33,2460.0,17.74,5.0,1,273.84
p2_N3_S3.33,2460.0,12.67,0.0,0,268.83
p2_S3_N3.33,2460.0,17.24,4.0,1,269.42
p2_N3_S3.31,2420.0,38.73,26.0,1,309.52
p2_E_W.112,2472.0,7.97,0.0,0,241.0
p2_N1_S1.32,2440.0,37.52,25.0,1,306.0
p2_S1_N1.32,2440.0,33.54,19.0,1,300.13
p2_N3_S3.32,2440.0,40.66,20.0,1,326.38
p2_S3_N3.32,2440.0,41.06,24.0,1,312.57
p2_S3_N3.28,2360.0,96.83,75.0,3,425.99
p2_E_W.111,2466.0,15.71,0.0,0,268.14
p2_E_W.104,2424.0,21.17,4.0,1,275.74
p2_E_W.113,2478.0,7.86,0.0,0,242.51
p2_N1_E3.9,2343.0,99.97,68.0,4,549.54
p2_W_E.47,2477.0,7.92,0.0,0,249.64
p2_E1_W1.110,2460.0,28.86,16.0,1,294.75
p2_W1_E1.46,2463.0,24.83,11.0,1,287.66
p2_E1_W1.111,2466.0,20.68,7.0,1,281.91
p2_N1_E3.10,2403.0,25.12,7.0,1,393.27
p2_W2_N2.11,2460.0,31.01,17.0,1,298.58
p2_E1_W1.113,2478.0,13.03,0.0,0,272.49
p2_E1_W1.112,2472.0,20.27,1.0,1,288.27
p2_E3_W3.109,2454.0,38.64,19.0,1,334.02
p2_S3_W3.11,2463.0,29.73,7.0,3,320.54
p2_W3_E3.46,2463.0,29.77,15.0,1,301.55
p2_E3_W3.111,2466.0,25.63,12.0,1,284.37
p2_W1_E1.47,2477.0,12.0,0.0,0,261.36
p2_E1_W1.114,2484.0,11.83,0.0,0,279.81
p2_E2_S2.11,2463.0,33.53,15.0,1,307.85
p2_N2_S2.33,2460.0,32.27,18.0,1,300.27
p2_W3_E3.48,2492.0,7.73,0.0,0,242.31
p2_E3_S3.12,2523.0,14.0,4.0,1,181.14
p2_S2_N2.34,2480.0,21.4,1.0,1,272.31
p2_W1_E1.48,2492.0,7.94,0.0,0,239.29
p2_N2_S2.34,2480.0,12.9,0.0,0,260.98
p2_S2_N2.33,2460.0,29.2,11.0,2,305.97
p2_E1_W1.117,2502.0,8.51,0.0,0,250.43
p2_N2_E2.11,2463.0,49.62,27.0,3,358.44
p2_W_E.48,2492.0,16.52,3.0,1,279.53
p2_E_W.116,2496.0,17.78,2.0,1,283.93
p2_E_W.117,2502.0,13.29,0.0,0,279.71
p2_W_E.49,2506.0,8.69,0.0,0,238.51
p2_E3_W3.112,2472.0,15.2,0.0,0,273.84
p2_E3_W3.110,2460.0,22.87,8.0,1,287.2
p2_W1_N3.11,2460.0,32.03,12.0,2,313.6
p2_S2_W2.11,2463.0,47.12,20.0,4,340.78
p2_E3_W3.114,2484.0,33.96,0.0,0,304.72
p2_E_W.115,2490.0,28.19,8.0,1,314.43
p2_E1_W1.115,2490.0,9.25,0.0,0,253.03
p2_N1_S1.35,2500.0,18.87,5.0,1,283.21
p2_E1_S1.10,2403.0,73.49,41.0,5,516.4
p2_E3_W3.113,2478.0,37.08,0.0,0,304.44
p2_E3_W3.116,2496.0,15.03,0.0,0,266.02
p2_N3_E1.12,2523.0,31.89,21.0,1,203.83
p2_E_W.114,2484.0,25.07,6.0,1,296.31
p2_N3_S3.35,2500.0,20.96,5.0,1,297.72
p2_E3_W3.117,2502.0,16.9,0.0,0,274.76
p2_E_W.118,2508.0,9.97,0.0,0,256.3
p2_E3_W3.115,2490.0,31.85,0.0,0,303.15
p2_S3_N3.35,2500.0,22.48,5.0,1,304.01
p2_E_W.119,2514.0,8.55,0.0,0,233.22
p2_S1_N1.34,2480.0,40.03,21.0,1,337.75
p2_S1_N1.35,2500.0,25.07,2.0,1,326.81
p2_N1_S1.34,2480.0,36.97,22.0,1,305.63
p2_W_E.50,2520.0,7.77,0.0,0,244.33
p2_E_W.120,2520.0,8.77,0.0,0,241.51
p2_N3_S3.34,2480.0,36.8,21.0,1,304.34
p2_S1_N1.36,2520.0,8.07,0.0,0,233.33
p2_E3_W3.119,2514.0,17.63,3.0,1,275.1
p2_N1_E3.11,2463.0,26.48,7.0,2,401.58
p2_S3_N3.34,2480.0,34.35,20.0,1,304.87
p2_E3_W3.118,2508.0,24.63,11.0,1,287.53
p2_W1_E1.50,2520.0,12.65,0.0,0,279.79
p2_W1_E1.49,2506.0,25.41,11.0,1,295.24
p2_E3_W3.120,2520.0,14.66,0.0,0,271.6
p2_E1_W1.119,2514.0,22.67,5.0,1,303.06
p2_W3_E3.50,2520.0,17.33,4.0,1,269.98
p2_E_W.121,2526.0,8.51,0.0,0,243.24
p2_W3_E3.49,2506.0,33.15,19.0,1,302.2
p2_N2_S2.35,2500.0,40.34,26.0,1,329.86
p2_N2_S2.36,2520.0,22.04,5.0,1,291.26
p2_S2_N2.36,2520.0,22.28,7.0,1,289.7
p2_W3_E3.51,2535.0,7.4,0.0,0,245.89
p2_E3_W3.121,2526.0,9.4,0.0,0,247.61
p2_W3_E3.47,2477.0,28.9,14.0,1,293.62
p2_S2_N2.35,2500.0,45.23,29.0,1,325.2
p2_E3_W3.122,2532.0,8.39,0.0,0,246.6
p2_E1_W1.116,2496.0,28.61,13.0,1,298.25
p2_W2_N2.12,2523.0,12.83,0.0,0,280.25
p2_E1_W1.118,2508.0,39.34,11.0,1,343.38
p2_E1_W1.121,2526.0,9.66,0.0,0,246.02
p2_W1_E1.51,2535.0,8.28,0.0,0,248.35
p2_E3_S3.13,2583.0,7.32,0.0,0,168.16
p2_E1_W1.120,2520.0,29.85,5.0,1,327.25
p2_N2_S2.37,2540.0,7.77,0.0,0,236.04
p2_E3_W3.123,2538.0,7.86,0.0,0,242.96
p2_E1_W1.122,2532.0,9.3,0.0,0,249.35
p2_E1_W1.123,2538.0,10.01,0.0,0,255.03
p2_E1_W1.124,2544.0,10.42,0.0,0,260.19
p2_E2_S2.12,2523.0,35.36,9.0,2,327.53
p2_N2_E2.12,2523.0,35.48,10.0,2,333.35
p2_E_W.123,2538.0,20.83,7.0,1,277.09
p2_W_E.51,2535.0,25.92,13.0,1,293.04
p2_W1_N3.12,2523.0,32.19,19.0,1,289.86
p2_E_W.126,2556.0,7.7,0.0,0,238.78
p2_S2_W2.12,2523.0,30.4,7.0,3,321.43
p2_N3_E1.13,2583.0,23.68,11.0,2,196.77
p2_E_W.122,2532.0,27.87,13.0,1,307.05
p2_E1_S1.11,2462.0,56.97,30.0,2,461.79
p2_S3_N3.36,2520.0,47.33,30.0,1,331.6
p2_W3_N1.12,2523.0,41.0,17.0,3,345.33
p2_E_W.124,2544.0,15.4,1.0,1,260.5
p2_N3_S3.37,2540.0,29.39,9.0,1,300.93
p2_S3_N3.38,2560.0,9.09,0.0,0,242.82
p2_S1_N1.38,2560.0,10.04,0.0,0,252.6
p2_E_W.127,2562.0,7.71,0.0,0,241.24
p2_S1_N1.37,2540.0,25.14,11.0,1,278.56
p2_N3_S3.38,2560.0,11.12,0.0,0,265.93
p2_N3_S3.36,2520.0,46.97,28.0,2,331.38
p2_N1_S1.38,2560.0,10.74,0.0,0,261.93
p2_N1_S1.37,2540.0,34.67,18.0,1,307.84
p2_E_W.128,2568.0,7.98,0.0,0,248.88
p2_W_E.52,2549.0,9.53,0.0,0,249.92
p2_N1_S1.36,2520.0,48.06,33.0,1,323.72
p2_W3_E3.53,2564.0,14.15,2.0,1,267.67
p2_W1_E1.52,2549.0,30.2,18.0,1,293.73
p2_S1_W1.12,2523.0,39.82,25.0,1,318.42
p2_E_W.125,2550.0,9.83,0.0,0,257.04
p2_W1_E1.53,2564.0,18.45,5.0,1,267.44
p2_E1_W1.128,2568.0,13.72,0.0,0,280.28
p2_E1_W1.126,2556.0,23.51,8.0,1,290.09
p2_E1_W1.129,2574.0,9.45,0.0,0,264.13
p2_E3_W3.124,2544.0,40.76,27.0,1,302.51
p2_W3_E3.52,2549.0,23.71,10.0,1,280.24
p2_W3_E3.54,2578.0,7.36,0.0,0,242.35
p2_S3_W3.12,2523.0,54.36,37.0,2,356.84
p2_W1_E1.54,2578.0,7.69,0.0,0,233.9
p2_S2_N2.38,2560.0,27.35,15.0,1,286.2
p2_E3_W3.127,2562.0,25.71,4.0,1,310.18
p2_E1_W1.130,2580.0,7.86,0.0,0,241.52
p2_N2_S2.39,2580.0,7.71,0.0,0,248.06
p2_E3_W3.128,2568.0,21.48,0.0,0,306.14
p2_S2_N2.39,2580.0,9.46,0.0,0,257.3
p2_E1_W1.125,2550.0,25.31,11.0,1,284.79
p2_E3_W3.125,2550.0,27.76,12.0,1,300.47
p2_E3_W3.126,2556.0,30.42,8.0,1,322.75
p2_E1_W1.127,2562.0,16.1,2.0,1,273.26
p2_E3_W3.129,2574.0,10.24,0.0,0,260.37
p2_E3_W3.131,2586.0,7.87,0.0,0,239.64
p2_W1_N3.13,2581.0,13.03,0.0,0,260.2
p2_N2_S2.38,2560.0,27.71,15.0,1,289.2
p2_E3_W3.130,2580.0,9.13,0.0,0,242.82
p2_E1_W1.131,2586.0,7.72,0.0,0,237.13
p2_E3_W3.132,2592.0,8.37,0.0,0,238.33
p2_S2_W2.13,2583.0,19.0,3.0,1,290.14
p2_E_W.131,2586.0,18.89,4.0,1,287.56
p2_S3_N3.37,2540.0,39.63,18.0,2,330.41
p2_N2_E2.13,2583.0,22.23,4.0,1,300.12
p2_E_W.129,2574.0,23.67,8.0,1,281.83
p2_W_E.54,2578.0,29.09,16.0,1,297.19
p2_E_W.130,2580.0,26.79,11.0,1,290.97
p2_E3_S3.14,2643.0,6.82,0.0,0,157.72
p2_W_E.55,2592.0,17.17,2.0,1,277.81
p2_W3_N1.13,2581.0,31.22,13.0,2,312.9
p2_S3_N3.40,2600.0,13.1,0.0,0,269.44
p2_S1_N1.39,2580.0,34.4,15.0,2,318.45
p2_E_W.132,2592.0,12.96,0.0,0,261.53
p2_E1_S1.12,2523.0,41.46,18.0,2,422.74
p2_N3_S3.39,2580.0,34.8,13.0,2,324.05
p2_S3_N3.39,2580.0,35.24,17.0,1,322.18
p2_S1_W1.13,2583.0,31.01,10.0,2,325.75
p2_N3_S3.40,2600.0,15.34,0.0,0,273.9
p2_S1_N1.40,2600.0,15.88,1.0,1,290.95
p2_N1_S1.39,2580.0,34.13,17.0,1,319.85
p2_E_W.133,2598.0,10.72,0.0,0,265.03
p2_N1_S1.40,2600.0,17.27,0.0,0,302.49
p2_E_W.134,2604.0,8.2,0.0,0,246.27
p2_W2_N2.13,2581.0,36.84,19.0,2,314.23
p2_W_E.53,2564.0,22.25,7.0,1,287.04
p2_W_E.56,2607.0,8.31,0.0,0,244.41
p2_N3_E1.14,2643.0,14.04,3.0,1,174.94
p2_N1_E3.12,2523.0,57.61,35.0,2,452.61
p2_E1_W1.134,2604.0,20.23,6.0,1,270.39
p2_E_W.136,2616.0,7.77,0.0,0,250.86
p2_S2_N2.37,2540.0,54.47,36.0,2,337.49
p2_E1_W1.136,2616.0,10.26,0.0,0,265.77
p2_E1_W1.132,2592.0,32.5,20.0,1,296.67
p2_E1_W1.133,2598.0,31.05,13.0,1,319.01
p2_E3_W3.134,2604.0,18.09,4.0,1,268.26
p2_W1_E1.57,2621.0,8.01,0.0,0,239.37
p2_E3_W3.136,2616.0,11.68,0.0,0,263.0
p2_E_W.135,2610.0,8.36,0.0,0,247.21
p2_E1_W1.137,2622.0,8.69,0.0,0,253.85
p2_E1_W1.135,2610.0,15.77,2.0,1,278.53
p2_E3_W3.137,2622.0,9.85,0.0,0,259.05
p2_W1_E1.55,2592.0,28.6,14.0,1,295.38
p2_E3_W3.135,2610.0,19.37,1.0,1,284.2
p2_N2_S2.41,2620.0,14.06,0.0,0,274.68
p2_S2_N2.41,2620.0,13.75,1.0,1,267.21
p2_S3_W3.13,2583.0,30.28,11.0,2,298.02
p2_E3_W3.133,2598.0,34.87,12.0,1,296.52
p2_N2_S2.40,2600.0,35.81,17.0,2,332.48
p2_E2_S2.13,2583.0,41.68,21.0,2,345.29
p2_W3_E3.57,2621.0,16.9,0.0,0,277.97
p2_S2_N2.40,2600.0,32.06,19.0,1,301.77
p2_W3_E3.56,2607.0,19.79,5.0,1,279.57
p2_W3_E3.55,2592.0,35.31,19.0,1,311.14
p2_E3_W3.139,2634.0,8.42,0.0,0,244.16
p2_W1_E1.56,2607.0,18.14,5.0,1,284.12
p2_W3_E3.58,2636.0,7.67,0.0,0,245.59
p2_W_E.58,2636.0,10.27,0.0,0,250.81
p2_E3_W3.138,2628.0,8.62,0.0,0,244.71
p2_E_W.137,2622.0,23.99,11.0,1,280.0
p2_E3_W3.140,2640.0,8.04,0.0,0,242.76
p2_E_W.139,2634.0,17.3,3.0,1,273.91
p2_E_W.140,2640.0,13.93,0.0,0,272.6
p2_E_W.138,2628.0,21.6,8.0,1,281.79
p2_N3_S3.41,2620.0,36.11,18.0,2,321.76
p2_N3_S3.42,2640.0,16.42,2.0,1,276.27
p2_S3_N3.42,2640.0,16.8,4.0,1,276.83
p2_S1_N1.42,2640.0,18.22,1.0,1,290.71
p2_W_E.59,2650.0,9.05,0.0,0,253.94
p2_E1_S1.13,2583.0,27.24,10.0,1,386.76
p2_W_E.57,2621.0,22.81,9.0,1,288.97
p2_E_W.142,2652.0,7.65,0.0,0,245.06
p2_N1_S1.41,2620.0,33.13,14.0,1,304.97
p2_W1_E1.58,2636.0,31.12,17.0,1,292.77
p2_N1_S1.42,2640.0,16.13,0.0,0,291.9
p2_S1_W1.14,2643.0,21.47,5.0,1,292.54
p2_E1_W1.138,2628.0,40.79,26.0,1,329.01
p2_W1_E1.59,2650.0,19.33,7.0,1,276.38
p2_E1_W1.140,2640.0,29.75,12.0,1,306.69
p2_S3_W3.14,2643.0,24.72,3.0,2,307.35
p2_W3_E3.59,2650.0,20.55,6.0,1,277.93
p2_E3_W3.142,2652.0,17.67,4.0,1,278.94
p2_E1_W1.139,2634.0,37.34,20.0,1,326.08
p2_E3_W3.141,2646.0,26.06,9.0,1,294.22
p2_W1_E1.60,2664.0,8.43,0.0,0,235.78
p2_N1_E3.13,2583.0,40.07,16.0,2,423.99
p2_W_E.60,2664.0,8.15,0.0,0,241.79
p2_E3_W3.144,2664.0,7.99,0.0,0,240.97
p2_E2_S2.14,2643.0,32.01,15.0,1,325.81
p2_E1_W1.141,2646.0,24.37,6.0,1,298.96
p2_W1_N3.14,2640.0,35.93,16.0,1,325.4
p2_W2_N2.14,2640.0,36.05,22.0,1,298.83
p2_E3_S3.15,2703.0,16.05,2.0,1,182.53
p2_E_W.141,2646.0,9.83,0.0,0,247.01
p2_E3_W3.145,2670.0,7.69,0.0,0,236.54
p2_S2_N2.42,2640.0,39.5,26.0,1,304.17
p2_E1_W1.143,2658.0,21.27,0.0,0,317.76
p2_E3_W3.143,2658.0,11.69,0.0,0,259.95
p2_E1_W1.142,2652.0,15.64,0.0,0,261.63
p2_N2_S2.43,2660.0,22.34,9.0,1,275.42
p2_N3_E1.15,2703.0,23.0,10.0,2,194.52
p2_S3_N3.41,2620.0,48.49,31.0,2,338.41
p2_N2_S2.42,2640.0,35.81,16.0,2,314.39
p2_S2_N2.43,2660.0,21.32,7.0,1,278.34
p2_E1_W1.146,2676.0,11.4,0.0,0,248.96
p2_E3_W3.146,2676.0,7.94,0.0,0,238.23
p2_E1_W1.145,2670.0,8.56,0.0,0,247.36
p2_W3_E3.60,2664.0,8.57,0.0,0,250.8
p2_N2_E2.14,2643.0,48.84,20.0,4,361.43
p2_E1_W1.144,2664.0,9.56,0.0,0,248.15
p2_W1_E1.61,2679.0,12.87,0.0,0,264.05
p2_W_E.61,2679.0,14.44,0.0,0,274.99
p2_S2_W2.14,2643.0,50.8,29.0,3,357.49
p2_E_W.144,2664.0,30.57,18.0,1,295.31
p2_W3_N1.14,2640.0,57.71,35.0,3,355.82
p2_E_W.146,2676.0,12.49,0.0,0,266.71
p2_N3_S3.44,2680.0,20.46,5.0,1,291.86
p2_E_W.147,2682.0,17.28,0.0,0,292.01
p2_W_E.62,2693.0,7.6,0.0,0,249.83
p2_S1_N1.41,2620.0,53.76,35.0,2,340.68
p2_E_W.143,2658.0,26.64,14.0,1,285.99
p2_N1_S1.43,2660.0,42.78,29.0,1,313.7
p2_N1_S1.44,2680.0,22.88,11.0,1,279.48
p2_S1_N1.44,2680.0,23.44,11.0,1,278.44
p2_S3_N3.44,2680.0,23.24,8.0,1,285.1
p2_E_W.148,2688.0,11.36,0.0,0,257.21
p2_S1_N1.43,2660.0,44.3,30.0,1,318.83
p2_E_W.149,2694.0,10.22,0.0,0,244.58
p2_E_W.145,2670.0,28.8,6.0,1,307.75
p2_S3_N3.43,2660.0,40.94,27.0,1,311.17
p2_N3_S3.43,2660.0,36.81,23.0,1,299.38
p2_N1_S1.45,2700.0,7.84,0.0,0,245.46
p2_S3_N3.45,2700.0,7.79,0.0,0,239.6
p2_N1_E3.14,2643.0,23.31,2.0,1,402.15
p2_E1_W1.149,2694.0,18.25,4.0,1,269.59
p2_E1_W1.147,2682.0,26.8,13.0,1,285.75
p2_E_W.151,2706.0,8.91,0.0,0,242.16
p2_E1_W1.148,2688.0,22.91,8.0,1,284.45
p2_W1_E1.62,2693.0,23.39,10.0,1,281.94
p2_E3_W3.147,2682.0,35.55,23.0,1,296.97
p2_E3_W3.148,2688.0,29.15,11.0,2,315.17
p2_E_W.150,2700.0,9.1,0.0,0,246.17
p2_W3_E3.63,2708.0,10.54,0.0,0,256.79
p2_E3_W3.149,2694.0,25.48,9.0,1,313.9
p2_E1_W1.150,2700.0,11.78,0.0,0,261.6
p2_W1_E1.63,2708.0,9.37,0.0,0,254.99
p2_W3_E3.61,2679.0,23.82,10.0,1,288.07
p2_E2_S2.15,2703.0,17.96,3.0,1,289.45
p2_E3_W3.152,2712.0,8.65,0.0,0,239.4
p2_N2_S2.44,2680.0,42.76,28.0,1,315.72
p2_S2_N2.45,2700.0,25.39,8.0,1,299.42
p2_E3_W3.151,2706.0,17.1,1.0,1,270.72
p2_E3_W3.150,2700.0,15.03,2.0,1,258.3
p2_E1_W1.151,2706.0,8.38,0.0,0,241.4
p2_S2_N2.44,2680.0,47.38,28.0,1,343.47
p2_N2_S2.45,2700.0,21.43,9.0,1,285.94
p2_N2_S2.46,2720.0,7.84,0.0,0,238.42
p2_W1_E1.64,2722.0,8.33,0.0,0,241.12
p2_E3_S3.16,2763.0,10.68,1.0,1,178.43
p2_W2_N2.15,2700.0,9.99,0.0,0,247.67
p2_E3_W3.153,2718.0,7.91,0.0,0,244.98
p2_W3_E3.62,2693.0,19.84,6.0,1,279.6
p2_S2_W2.15,2703.0,30.37,7.0,2,328.19
p2_E1_W1.152,2712.0,25.22,13.0,1,292.03
p2_W1_N3.15,2700.0,37.62,19.0,2,321.23
p2_E_W.153,2718.0,20.39,7.0,1,277.17
p2_N2_E2.15,2703.0,31.06,9.0,2,333.04
p2_W_E.64,2722.0,18.35,4.0,1,266.91
p2_E1_W1.155,2730.0,9.7,0.0,0,251.18
p2_E_W.155,2730.0,10.52,0.0,0,251.89
p2_W3_E3.64,2722.0,8.46,0.0,0,244.63
p2_N3_E1.16,2763.0,21.65,12.0,1,186.78
p2_W_E.63,2708.0,31.43,16.0,1,290.09
p2_E_W.152,2712.0,24.27,9.0,1,282.02
p2_W_E.65,2736.0,8.5,0.0,0,240.7
p2_E_W.156,2736.0,7.78,0.0,0,238.65
p2_E1_S1.14,2643.0,58.43,30.0,3,465.24
p2_N1_S1.46,2720.0,25.01,8.0,2,293.05
p2_E1_W1.153,2718.0,17.15,4.0,1,269.54
p2_S3_N3.47,2740.0,7.91,0.0,0,235.03
p2_N3_S3.45,2700.0,46.87,28.0,2,335.86
p2_W3_N1.15,2700.0,45.85,21.0,3,356.15
p2_S3_N3.46,2720.0,22.09,8.0,1,285.78
p2_E_W.154,2724.0,12.76,0.0,0,256.33
p2_N3_S3.46,2720.0,29.28,15.0,1,296.84
p2_N1_S1.47,2740.0,8.19,0.0,0,242.01
p2_S1_N1.47,2740.0,13.79,0.0,0,265.46
p2_E_W.158,2748.0,7.7,0.0,0,250.78
p2_S1_N1.45,2700.0,37.82,22.0,1,309.01
p2_S1_W1.15,2703.0,50.47,29.0,2,361.7
p2_W1_E1.65,2736.0,21.17,9.0,1,284.02
p2_E_W.157,2742.0,8.95,0.0,0,245.82
p2_S1_N1.46,2720.0,37.89,11.0,2,334.86
p2_W1_E1.66,2751.0,7.55,0.0,0,252.42
p2_W_E.66,2751.0,8.25,0.0,0,241.53
p2_W3_E3.66,2751.0,9.56,0.0,0,262.09
p2_S3_W3.15,2703.0,59.95,39.0,3,375.27
p2_E3_W3.155,2730.0,33.47,19.0,1,299.98
p2_E1_W1.157,2742.0,22.19,9.0,1,285.24
p2_E3_W3.158,2748.0,17.42,1.0,1,285.39
p2_E1_W1.154,2724.0,29.77,11.0,1,303.19
p2_W3_E3.65,2736.0,26.09,13.0,1,277.07
p2_E3_W3.157,2742.0,23.66,6.0,2,296.7
p2_E3_W3.159,2754.0,13.34,0.0,0,267.88
p2_E1_W1.160,2760.0,7.14,0.0,0,237.13
p2_E1_W1.156,2736.0,26.01,12.0,1,284.71
p2_N2_S2.48,2760.0,7.95,0.0,0,237.08
p2_N2_S2.47,2740.0,28.47,15.0,1,288.96
p2_S2_N2.46,2720.0,45.41,33.0,1,308.95
p2_E3_W3.154,2724.0,30.02,11.0,1,307.11
p2_E3_W3.156,2736.0,24.48,4.0,1,295.6
p2_W3_E3.67,2765.0,7.51,0.0,0,240.3
p2_E1_W1.161,2766.0,8.72,0.0,0,245.04
p2_E3_W3.161,2766.0,9.36,0.0,0,234.67
p2_E3_W3.160,2760.0,8.76,0.0,0,240.91
p2_E1_W1.158,2748.0,13.85,0.0,0,264.39
p2_E1_W1.162,2772.0,7.96,0.0,0,244.11
p2_E3_W3.162,2772.0,7.71,0.0,0,242.14
p2_S2_W2.16,2763.0,13.36,0.0,0,279.36
p2_N2_E2.16,2763.0,19.75,3.0,1,295.14
p2_W_E.67,2765.0,17.97,3.0,1,299.31
p2_S2_N2.47,2740.0,21.95,8.0,1,281.8
p2_W_E.68,2780.0,8.04,0.0,0,246.22
p2_N3_S3.47,2740.0,36.59,21.0,1,301.43
p2_E_W.159,2754.0,26.84,12.0,1,286.56
p2_E_W.162,2772.0,17.64,0.0,0,293.57
p2_E_W.163,2778.0,14.09,0.0,0,297.85
p2_E_W.164,2784.0,9.47,0.0,0,256.0
p2_W1_N3.16,2760.0,16.43,4.0,1,278.72
p2_S3_N3.49,2780.0,10.43,0.0,0,250.66
p2_E1_W1.159,2754.0,10.88,0.0,0,246.66
p2_N1_S1.48,2760.0,35.35,22.0,1,303.47
p2_E_W.161,2766.0,29.44,9.0,2,292.73
p2_N3_S3.48,2760.0,33.81,14.0,1,314.47
p2_S3_N3.48,2760.0,35.72,17.0,1,332.46
p2_W3_N1.16,2760.0,25.46,11.0,1,293.67
p2_N3_S3.49,2780.0,8.14,0.0,0,242.95
p2_E_W.165,2790.0,7.36,0.0,0,246.85
p2_N1_S1.49,2780.0,16.66,4.0,1,267.84
p2_N3_E1.17,2823.0,15.65,1.0,1,181.22
p2_E_W.160,2760.0,18.97,3.0,1,270.31
p2_S2_N2.48,2760.0,24.19,10.0,1,287.1
p2_W_E.69,2794.0,8.05,0.0,0,247.24
p2_S1_N1.49,2780.0,9.29,0.0,0,244.78
p2_E_W.166,2796.0,7.71,0.0,0,240.25
p2_N1_E3.15,2703.0,56.05,27.0,3,473.78
p2_S1_N1.48,2760.0,44.28,15.0,3,345.33
p2_S1_W1.16,2763.0,43.53,20.0,3,355.01
p2_W1_E1.68,2780.0,23.97,11.0,1,273.51
p2_E3_W3.163,2778.0,30.06,18.0,1,298.51
p2_W3_E3.68,2780.0,29.32,16.0,1,296.09
p2_W1_E1.69,2794.0,15.47,1.0,1,277.25
p2_S3_W3.16,2763.0,45.18,20.0,3,363.24
p2_W1_E1.67,2765.0,27.25,13.0,1,284.96
p2_E1_W1.164,2784.0,14.49,1.0,1,290.44
p2_E1_W1.165,2790.0,13.35,0.0,0,268.07
p2_E1_W1.167,2802.0,10.82,0.0,0,245.47
p2_N2_S2.49,2780.0,34.36,21.0,1,301.06
p2_E3_W3.166,2796.0,12.27,0.0,0,267.14
p2_E3_W3.164,2784.0,21.88,9.0,1,273.58
p2_W3_E3.70,2808.0,8.35,0.0,0,244.03
p2_E1_W1.166,2796.0,8.88,0.0,0,244.41
p2_W3_E3.69,2794.0,9.66,0.0,0,248.03
p2_E1_W1.163,2778.0,15.67,2.0,1,270.82
p2_W2_N2.16,2760.0,60.86,36.0,3,367.75
p2_S2_N2.50,2800.0,20.6,5.0,1,292.63
p2_E3_W3.167,2802.0,8.92,0.0,0,251.43
p2_E3_W3.168,2808.0,8.87,0.0,0,247.31
p2_S2_N2.49,2780.0,41.58,23.0,2,321.56
p2_E3_W3.169,2814.0,9.65,0.0,0,256.46
p2_E2_S2.16,2763.0,63.26,33.0,4,378.65
p2_E3_W3.165,2790.0,14.65,0.0,0,273.17
p2_E3_S3.17,2823.0,34.62,21.0,2,217.77
p2_W_E.70,2808.0,21.21,7.0,1,299.99
p2_E_W.168,2808.0,22.53,9.0,1,279.72
p2_E1_W1.169,2814.0,17.31,3.0,1,273.11
p2_W1_E1.71,2823.0,8.17,0.0,0,243.17
p2_W_E.71,2823.0,8.2,0.0,0,230.94
p2_E1_W1.168,2808.0,21.5,8.0,1,273.64
p2_E_W.167,2802.0,30.74,12.0,2,313.17
p2_W1_E1.70,2808.0,21.62,7.0,1,281.04
p2_E_W.171,2826.0,8.18,0.0,0,235.45
p2_E1_S1.15,2703.0,79.97,44.0,4,523.81
p2_N3_S3.50,2800.0,37.98,25.0,1,313.38
p2_S1_N1.51,2820.0,15.49,1.0,1,285.15
p2_S1_W1.17,2823.0,15.08,0.0,0,294.06
p2_S1_N1.50,2800.0,38.23,17.0,1,329.72
p2_S3_N3.50,2800.0,39.97,20.0,2,326.13
p2_E_W.169,2814.0,11.87,0.0,0,266.31
p2_W_E.72,2837.0,8.06,0.0,0,240.44
p2_N3_S3.51,2820.0,16.18,1.0,1,273.22
p2_S3_N3.51,2820.0,14.05,1.0,1,267.28
p2_N3_E1.18,2883.0,6.87,0.0,0,160.52
p2_N1_S1.50,2800.0,46.55,27.0,1,344.87
p2_E1_S1.16,2763.0,15.55,0.0,0,366.5
p2_S1_N1.52,2840.0,8.06,0.0,0,237.76
p2_N1_S1.52,2840.0,11.24,0.0,0,259.66
p2_E_W.173,2838.0,12.25,0.0,0,261.78
p2_W3_E3.71,2823.0,31.15,19.0,1,303.52
p2_E_W.172,2832.0,8.44,0.0,0,249.21
p2_N2_S2.50,2800.0,36.49,23.0,1,307.43
p2_W1_E1.72,2837.0,18.21,4.0,1,273.81
p2_E_W.174,2844.0,8.29,0.0,0,236.29
p2_E1_W1.170,2820.0,32.08,15.0,1,309.52
p2_W3_E3.72,2837.0,19.31,6.0,1,278.79
p2_E1_W1.172,2832.0,21.2,7.0,1,292.61
p2_W2_N2.17,2820.0,33.96,16.0,2,316.01
p2_E_W.170,2820.0,10.24,0.0,0,257.0
p2_W1_N3.17,2820.0,33.7,15.0,2,307.86
p2_W1_E1.73,2852.0,7.86,0.0,0,247.65
p2_W3_E3.73,2852.0,8.13,0.0,0,246.67
p2_N1_S1.51,2820.0,17.72,2.0,1,277.43
p2_E2_S2.17,2823.0,16.12,1.0,1,269.15
p2_E3_W3.173,2838.0,22.85,3.0,1,299.25
p2_E1_W1.174,2844.0,13.03,0.0,0,277.14
p2_S3_W3.17,2823.0,31.94,10.0,2,324.92
p2_E3_W3.172,2832.0,30.84,7.0,2,319.53
p2_E1_W1.175,2850.0,13.05,0.0,0,290.69
p2_E3_W3.170,2820.0,35.53,15.0,2,315.62
p2_S2_N2.51,2820.0,37.58,24.0,1,301.09
p2_E3_W3.175,2850.0,13.06,0.0,0,262.09
p2_E1_W1.173,2838.0,24.04,1.0,1,292.09
p2_E3_S3.18,2883.0,22.95,8.0,2,198.1
p2_S2_N2.52,2840.0,19.13,5.0,1,267.91
p2_E1_W1.176,2856.0,10.67,0.0,0,260.4
p2_E3_W3.176,2856.0,9.37,0.0,0,255.96
p2_E3_W3.174,2844.0,25.18,4.0,2,296.31
p2_E3_W3.171,2826.0,25.11,7.0,2,306.42
p2_E1_W1.177,2862.0,8.43,0.0,0,241.0
p2_W1_E1.74,2866.0,7.96,0.0,0,245.48
p2_E1_W1.171,2826.0,18.34,3.0,1,275.04
p2_N2_S2.51,2820.0,55.32,30.0,3,366.15
p2_E_W.176,2856.0,20.38,7.0,1,284.52
p2_S2_W2.17,2823.0,54.94,34.0,2,360.78
p2_N2_E2.17,2823.0,51.4,22.0,4,359.86
p2_N2_S2.52,2840.0,29.23,11.0,1,309.52
p2_E_W.175,2850.0,29.56,11.0,1,308.41
p2_N2_S2.53,2860.0,13.84,0.0,0,260.13
p2_E_W.178,2868.0,10.77,0.0,0,255.82
p2_W_E.73,2852.0,24.15,12.0,1,287.64
p2_S3_N3.53,2860.0,25.31,8.0,1,294.83
p2_N3_S3.52,2840.0,45.81,30.0,1,330.64
p2_S3_N3.52,2840.0,41.79,27.0,1,330.74
p2_W_E.74,2866.0,8.87,0.0,0,253.55
p2_E_W.177,2862.0,13.05,0.0,0,262.32
p2_E_W.179,2874.0,8.04,0.0,0,241.82
p2_S1_N1.53,2860.0,28.26,10.0,2,309.87
p2_N1_S1.54,2880.0,7.72,0.0,0,247.82
p2_S3_N3.54,2880.0,8.08,0.0,0,234.66
p2_W3_N1.17,2820.0,68.49,47.0,3,368.27
p2_S1_W1.18,2883.0,7.73,0.0,0,246.91
p2_N1_E3.16,2763.0,86.02,55.0,4,521.12
p2_W_E.75,2880.0,8.3,0.0,0,242.91
p2_E_W.181,2886.0,11.17,0.0,0,269.4
p2_N1_S1.53,2860.0,16.6,3.0,1,273.14
p2_N3_S3.53,2860.0,19.49,4.0,1,278.19
p2_S1_N1.54,2880.0,9.22,0.0,0,238.21
p2_E3_W3.177,2862.0,36.05,17.0,2,318.02
p2_W2_N2.18,2883.0,18.17,6.0,1,282.47
p2_W1_E1.76,2895.0,7.73,0.0,0,240.16
p2_E_W.180,2880.0,8.98,0.0,0,243.85
p2_S2_N2.54,2880.0,25.39,6.0,2,303.81
p2_S2_N2.53,2860.0,44.88,27.0,2,345.59
p2_E1_W1.178,2868.0,37.7,19.0,2,323.24
p2_W1_E1.75,2880.0,17.75,2.0,1,285.93
p2_E3_S3.19,2943.0,6.73,0.0,0,163.33
p2_E1_W1.181,2886.0,17.54,1.0,1,286.95
p2_N2_S2.54,2880.0,31.27,13.0,2,316.26
p2_E2_S2.18,2883.0,27.65,10.0,1,317.05
p2_W3_E3.75,2880.0,26.33,11.0,1,301.5
p2_W3_E3.76,2895.0,16.56,0.0,0,289.3
p2_E1_W1.180,2880.0,20.37,0.0,0,277.88
p2_W1_N3.18,2883.0,28.02,10.0,2,309.55
p2_E1_W1.183,2898.0,15.67,0.0,0,266.86
p2_N1_E3.17,2823.0,48.4,18.0,3,461.59
p2_W3_E3.74,2866.0,47.45,25.0,1,346.22
p2_E1_W1.179,2874.0,40.55,11.0,2,347.44
p2_E3_W3.179,2874.0,33.42,13.0,2,309.17
p2_E3_W3.182,2892.0,24.33,7.0,1,281.24
p2_N2_S2.55,2900.0,8.39,0.0,0,239.84
p2_W1_E1.77,2909.0,8.31,0.0,0,243.6
p2_E3_W3.178,2868.0,37.72,21.0,2,315.93
p2_E1_W1.185,2910.0,8.34,0.0,0,240.03
p2_E3_W3.183,2898.0,14.92,0.0,0,280.17
p2_E3_W3.180,2880.0,26.88,7.0,1,300.86
p2_S2_N2.55,2900.0,21.31,7.0,1,274.07
p2_E3_W3.185,2910.0,10.71,0.0,0,248.16
p2_E3_W3.181,2886.0,36.45,6.0,1,332.26
p2_S2_W2.18,2883.0,40.95,15.0,2,344.98
p2_E3_W3.184,2904.0,8.53,0.0,0,247.04
p2_W_E.77,2909.0,17.94,3.0,1,298.53
p2_E1_W1.182,2892.0,10.19,0.0,0,245.27
p2_W_E.76,2895.0,33.98,21.0,1,306.63
p2_E_W.182,2892.0,28.48,14.0,1,303.08
p2_E_W.183,2898.0,24.07,7.0,1,297.68
p2_N1_S1.55,2900.0,33.8,20.0,1,311.03
p2_N1_S1.56,2920.0,10.92,0.0,0,260.84
p2_E_W.185,2910.0,25.35,1.0,1,322.35
p2_E_W.186,2916.0,19.18,0.0,0,298.35
p2_S1_N1.56,2920.0,13.24,0.0,0,269.62
p2_S3_N3.56,2920.0,15.13,1.0,1,272.45
p2_N2_E2.18,2883.0,23.89,6.0,1,301.76
p2_S3_N3.55,2900.0,36.33,18.0,1,322.56
p2_S1_N1.55,2900.0,36.67,17.0,2,317.55
p2_N3_S3.56,2920.0,17.54,0.0,0,297.82
p2_E_W.187,2922.0,14.14,0.0,0,260.62
p2_W_E.78,2924.0,8.4,0.0,0,238.46
p2_E_W.184,2904.0,15.98,1.0,1,270.93
p2_E_W.188,2928.0,9.64,0.0,0,258.65
p2_W3_N1.18,2883.0,44.57,23.0,3,337.52
p2_N3_S3.55,2900.0,33.62,16.0,1,314.37
p2_N3_E1.19,2943.0,41.11,27.0,2,218.71
p2_E1_S1.17,2823.0,52.62,28.0,2,457.84
p2_E3_W3.187,2922.0,23.83,11.0,1,285.19
p2_W_E.79,2938.0,7.91,0.0,0,242.91
p2_W3_E3.78,2924.0,23.0,9.0,1,284.17
p2_S3_W3.18,2883.0,64.12,43.0,2,369.34
p2_E3_W3.189,2934.0,13.92,0.0,0,269.58
p2_E_W.190,2940.0,8.24,0.0,0,247.35
p2_N1_E3.18,2883.0,22.39,3.0,1,401.28
p2_E_W.189,2934.0,8.27,0.0,0,242.82
p2_E3_W3.190,2940.0,9.87,0.0,0,273.29
p2_E1_W1.187,2922.0,24.95,6.0,1,300.78
p2_W1_E1.78,2924.0,27.18,13.0,1,290.68
p2_E1_W1.188,2928.0,22.63,3.0,1,306.41
p2_E3_W3.188,2928.0,23.35,6.0,1,284.48
p2_W3_E3.77,2909.0,21.65,7.0,1,274.14
p2_E3_W3.191,2946.0,8.35,0.0,0,243.56
p2_W1_N3.19,2941.0,13.31,0.0,0,275.09
p2_N2_S2.56,2920.0,36.57,17.0,2,320.44
p2_S2_N2.56,2920.0,36.17,22.0,1,302.06
p2_E1_W1.190,2940.0,9.43,0.0,0,252.84
p2_E1_W1.191,2946.0,9.75,0.0,0,251.56
p2_S2_N2.57,2940.0,17.68,4.0,1,282.21
p2_E1_W1.186,2916.0,40.03,16.0,2,321.3
p2_W1_E1.80,2952.0,8.34,0.0,0,249.46
p2_W3_E3.80,2952.0,7.62,0.0,0,249.36
p2_E3_W3.192,2952.0,7.83,0.0,0,238.35
p2_E3_W3.186,2916.0,24.84,12.0,1,278.64
p2_E1_W1.189,2934.0,17.43,0.0,0,290.59
p2_E1_W1.184,2904.0,32.79,18.0,1,296.18
p2_W1_E1.79,2938.0,8.52,0.0,0,254.7
p2_N2_S2.57,2940.0,10.99,0.0,0,259.73
p2_E3_S3.20,3003.0,6.99,0.0,0,166.02
p2_E3_W3.193,2958.0,7.54,0.0,0,246.87
p2_W3_E3.79,2938.0,9.4,0.0,0,242.29
p2_E3_W3.194,2964.0,8.18,0.0,0,241.73
p2_N2_E2.19,2943.0,30.84,10.0,2,305.12
p2_E_W.191,2946.0,27.67,11.0,1,295.42
p2_S2_W2.19,2943.0,17.47,0.0,0,285.43
p2_W_E.80,2952.0,19.01,3.0,1,283.95
p2_E_W.194,2964.0,11.43,0.0,0,271.77
p2_E_W.192,2952.0,24.43,8.0,1,284.57
p2_E_W.193,2958.0,16.48,2.0,1,272.18
p2_N1_S1.57,2940.0,38.9,25.0,1,305.43
p2_N3_E1.20,3003.0,13.53,3.0,1,179.63
p2_W3_N1.19,2941.0,38.54,26.0,1,322.87
p2_E1_S1.18,2883.0,54.14,23.0,3,461.72
p2_N3_S3.57,2940.0,41.58,29.0,1,315.71
p2_N1_S1.58,2960.0,20.79,7.0,1,286.72
p2_S3_N3.58,2960.0,21.34,7.0,1,276.22
p2_S1_N1.57,2940.0,42.1,24.0,2,327.47
p2_S3_N3.57,2940.0,40.95,24.0,1,322.12
p2_N3_S3.58,2960.0,23.57,8.0,1,285.87
p2_S1_N1.58,2960.0,25.33,3.0,1,320.2
p2_N3_S3.54,2880.0,84.18,60.0,2,403.72
p2_S1_W1.19,2943.0,43.5,21.0,2,353.01
p2_N3_S3.59,2980.0,7.32,0.0,0,238.97
p2_W_E.82,2981.0,7.92,0.0,0,243.57
p2_E1_W1.194,2964.0,26.45,13.0,1,300.62
p2_W1_E1.82,2981.0,8.74,0.0,0,251.41
p2_W_E.81,2967.0,9.71,0.0,0,249.61
p2_W3_E3.81,2967.0,25.85,14.0,1,292.24
p2_E1_W1.196,2976.0,17.94,5.0,1,263.25
p2_E_W.197,2982.0,8.61,0.0,0,243.97
p2_E_W.195,2970.0,9.58,0.0,0,245.94
p2_E1_W1.198,2988.0,8.43,0.0,0,242.3
p2_E2_S2.19,2943.0,42.01,24.0,2,327.37
p2_W1_E1.81,2967.0,23.84,10.0,1,283.06
p2_E_W.198,2988.0,8.99,0.0,0,244.22
p2_E1_W1.197,2982.0,15.95,1.0,1,274.5
p2_W2_N2.19,2941.0,43.86,21.0,3,338.03
p2_S3_W3.19,2943.0,55.44,33.0,3,370.85
p2_E1_W1.193,2958.0,23.89,8.0,1,287.36
p2_E3_W3.197,2982.0,17.18,0.0,0,282.58
p2_N2_S2.58,2960.0,39.98,25.0,1,338.31
p2_E1_W1.195,2970.0,30.18,11.0,1,298.36
p2_N2_S2.59,2980.0,20.4,6.0,1,278.4
p2_E3_W3.195,2970.0,30.99,8.0,1,321.87
p2_S2_N2.58,2960.0,42.89,31.0,1,324.41
p2_S2_N2.59,2980.0,22.99,9.0,1,271.24
p2_E3_W3.198,2988.0,14.77,0.0,0,266.54
p2_W1_E1.83,2996.0,7.33,0.0,0,229.96
p2_E3_W3.199,2994.0,10.46,0.0,0,264.86
p2_E3_W3.196,2976.0,13.82,0.0,0,276.37
p2_W3_E3.82,2981.0,9.46,0.0,0,249.27
p2_E1_W1.192,2952.0,26.88,12.0,1,289.69
p2_E3_W3.200,3000.0,7.98,0.0,0,229.55
p2_W3_E3.83,2996.0,8.37,0.0,0,243.1
p2_S2_W2.20,3003.0,11.23,0.0,0,273.22
p2_E1_W1.199,2994.0,8.59,0.0,0,247.47
p2_W_E.83,2996.0,23.33,7.0,1,294.73
p2_E_W.200,3000.0,18.71,6.0,1,270.89
p2_E_W.199,2994.0,26.41,11.0,1,290.01
p2_W1_N3.20,3000.0,20.81,7.0,1,280.49
p2_E_W.196,2976.0,26.92,12.0,1,284.3
p2_N3_S3.60,3000.0,23.32,8.0,1,287.87
p2_S3_N3.60,3000.0,25.2,11.0,1,278.89
p2_W3_N1.20,3000.0,26.17,11.0,1,294.59
p2_E_W.201,3006.0,13.74,0.0,0,272.82
p2_W_E.84,3010.0,8.46,0.0,0,240.79
p2_N3_S3.61,3020.0,8.06,0.0,0,241.73
p2_S3_N3.61,3020.0,7.78,0.0,0,247.1
p2_E_W.202,3012.0,13.01,0.0,0,268.63
p2_E1_S1.19,2943.0,30.64,9.0,2,396.97
p2_S1_N1.60,3000.0,26.54,12.0,1,295.37
p2_N3_E1.21,3063.0,10.67,1.0,1,178.41
p2_N1_S1.59,2980.0,47.12,31.0,1,330.11
p2_S1_W1.20,3003.0,29.03,9.0,1,312.87
p2_E_W.203,3018.0,8.41,0.0,0,245.98
p2_N1_S1.61,3020.0,13.5,0.0,0,270.99
p2_S3_W3.20,3003.0,33.25,16.0,2,301.38
p2_W1_E1.85,3024.0,14.55,2.0,1,280.4
p2_W3_E3.84,3010.0,28.73,10.0,2,316.53
p2_E3_W3.203,3018.0,21.17,7.0,1,277.44
p2_S3_N3.59,2980.0,40.67,26.0,1,306.42
p2_W1_E1.84,3010.0,24.6,9.0,1,293.22
p2_E1_W1.200,3000.0,31.51,17.0,1,293.56
p2_S2_N2.61,3020.0,22.39,7.0,1,292.21
p2_N2_S2.60,3000.0,42.72,29.0,1,342.57
p2_E1_W1.201,3006.0,24.95,10.0,1,287.86
p2_W_E.85,3024.0,8.99,0.0,0,235.38
p2_W2_N2.20,3000.0,35.61,10.0,1,331.14
p2_E1_W1.202,3012.0,26.08,7.0,1,300.94
p2_W3_E3.85,3024.0,19.97,6.0,1,278.51
p2_E2_S2.20,3003.0,41.36,17.0,2,346.94
p2_E1_W1.203,3018.0,20.11,2.0,1,294.28
p2_E1_W1.205,3030.0,12.57,0.0,0,266.53
p2_E1_W1.204,3024.0,22.34,0.0,0,310.98
p2_E3_W3.205,3030.0,16.46,0.0,0,266.22
p2_W1_E1.86,3039.0,8.78,0.0,0,242.65
p2_N2_S2.62,3040.0,8.14,0.0,0,241.96
p2_E3_S3.21,3063.0,28.4,16.0,2,203.03
p2_E3_W3.207,3042.0,8.17,0.0,0,238.54
p2_N2_S2.61,3020.0,21.07,7.0,1,282.24
p2_E1_W1.206,3036.0,7.87,0.0,0,241.75
p2_W3_E3.86,3039.0,8.08,0.0,0,244.17
p2_E3_W3.201,3006.0,26.05,12.0,1,285.93
p2_E3_W3.204,3024.0,13.92,0.0,0,269.21
p2_E1_W1.207,3042.0,8.6,0.0,0,239.13
p2_E3_W3.208,3048.0,8.61,0.0,0,247.09
p2_S2_N2.60,3000.0,32.83,17.0,1,304.48
p2_E3_W3.206,3036.0,9.04,0.0,0,241.38
p2_E1_W1.208,3048.0,7.98,0.0,0,240.48
p2_W3_E3.87,3053.0,8.16,0.0,0,231.3
p2_N1_E3.19,2943.0,33.77,15.0,1,396.98
p2_W_E.86,3039.0,24.94,8.0,1,290.31
p2_E_W.205,3030.0,26.59,9.0,1,298.69
p2_N2_E2.20,3003.0,60.45,37.0,3,368.02
p2_S1_N1.61,3020.0,46.12,30.0,1,323.05
p2_N1_S1.62,3040.0,26.22,13.0,1,291.13
p2_E_W.209,3054.0,11.85,0.0,0,263.31
p2_E_W.206,3036.0,31.51,10.0,2,317.0
p2_S1_N1.63,3060.0,8.34,0.0,0,247.7
p2_E_W.204,3024.0,26.17,11.0,1,310.05
p2_W_E.87,3053.0,8.87,0.0,0,239.74
p2_E_W.207,3042.0,20.08,3.0,1,288.34
p2_E_W.210,3060.0,11.81,0.0,0,259.53
p2_S1_W1.21,3063.0,10.09,0.0,0,267.05
p2_S3_N3.62,3040.0,33.08,16.0,1,314.39
p2_N1_S1.60,3000.0,49.51,30.0,2,333.27
p2_E3_W3.202,3012.0,19.06,2.0,1,274.19
p2_S1_N1.62,3040.0,34.79,14.0,1,324.53
p2_N3_S3.63,3060.0,14.97,2.0,1,279.05
p2_S3_N3.63,3060.0,15.15,0.0,0,285.99
p2_W_E.88,3068.0,7.5,0.0,0,247.27
p2_N3_S3.62,3040.0,35.06,16.0,2,313.9
p2_E_W.208,3048.0,10.04,0.0,0,248.11
p2_E1_W1.209,3054.0,28.72,15.0,1,293.3
p2_N1_E3.20,3003.0,37.62,8.0,1,443.88
p2_W1_E1.87,3053.0,31.97,17.0,1,314.66
p2_E1_W1.210,3060.0,25.72,12.0,1,283.23
p2_S1_N1.59,2980.0,69.15,49.0,2,367.96
p2_W1_E1.88,3068.0,18.86,2.0,1,284.28
p2_E1_W1.211,3066.0,21.66,7.0,1,286.82
p2_E_W.211,3066.0,9.27,0.0,0,240.73
p2_W3_E3.88,3068.0,14.66,3.0,1,276.14
p2_W1_E1.89,3082.0,7.95,0.0,0,237.86
p2_W3_E3.89,3082.0,7.86,0.0,0,238.35
p2_E3_W3.209,3054.0,33.35,15.0,2,313.45
p2_E_W.212,3072.0,9.17,0.0,0,248.37
p2_E1_W1.213,3078.0,10.58,0.0,0,258.04
p2_S2_N2.62,3040.0,52.94,37.0,1,352.87
p2_S3_W3.21,3063.0,21.33,4.0,1,290.72
p2_E1_W1.214,3084.0,9.29,0.0,0,251.4
p2_E3_W3.210,3060.0,34.13,14.0,2,310.78
p2_N2_S2.63,3060.0,34.06,14.0,2,316.81
p2_E2_S2.21,3063.0,15.72,1.0,1,273.33
p2_E3_W3.211,3066.0,28.35,8.0,2,316.57
p2_E3_S3.22,3123.0,13.54,4.0,1,178.1
p2_S2_N2.63,3060.0,29.9,14.0,1,303.06
p2_S2_N2.64,3080.0,14.86,0.0,0,282.29
p2_E3_W3.212,3072.0,24.15,3.0,1,302.97
p2_E3_W3.213,3078.0,17.87,0.0,0,290.83
p2_E1_W1.212,3072.0,16.75,0.0,0,281.36
p2_E3_W3.214,3084.0,13.92,0.0,0,284.47
p2_N2_S2.64,3080.0,20.66,1.0,1,284.46
p2_E1_S1.20,3003.0,57.02,24.0,4,502.11
p2_E1_W1.216,3096.0,8.85,0.0,0,244.22
p2_W3_E3.90,3096.0,7.73,0.0,0,244.58
p2_E_W.214,3084.0,23.53,11.0,1,278.53
p2_S2_W2.21,3063.0,43.95,16.0,2,341.95
p2_N1_S1.63,3060.0,28.2,13.0,1,285.95
p2_E_W.215,3090.0,21.37,9.0,1,275.19
p2_W_E.90,3096.0,13.68,0.0,0,281.06
p2_N2_E2.21,3063.0,48.59,21.0,4,357.35
p2_E_W.213,3078.0,26.0,13.0,1,296.97
p2_E1_W1.215,3090.0,8.56,0.0,0,254.41
p2_W1_N3.21,3060.0,42.51,24.0,2,327.04
p2_E_W.216,3096.0,13.78,0.0,0,262.24
p2_E3_W3.216,3096.0,20.42,7.0,1,275.87
p2_E_W.218,3108.0,8.42,0.0,0,247.04
p2_W2_N2.21,3060.0,56.56,30.0,4,380.48
p2_S3_N3.64,3080.0,36.94,23.0,1,300.49
p2_W_E.89,3082.0,22.72,10.0,1,283.92
p2_W3_N1.21,3060.0,58.06,35.0,2,356.26
p2_S1_N1.65,3100.0,17.82,0.0,0,293.49
p2_S3_N3.65,3100.0,17.58,4.0,1,283.71
p2_N3_S3.64,3080.0,39.1,27.0,1,303.14
p2_W_E.91,3111.0,8.06,0.0,0,238.28
p2_S1_N1.64,3080.0,40.35,22.0,2,326.64
p2_E3_W3.215,3090.0,18.72,4.0,1,269.38
p2_E_W.217,3102.0,8.95,0.0,0,249.83
p2_E_W.219,3114.0,7.94,0.0,0,248.88
p2_N3_E1.22,3123.0,40.38,27.0,2,222.56
p2_N1_S1.65,3100.0,29.13,7.0,2,321.23
p2_N1_S1.64,3080.0,49.81,25.0,3,363.09
p2_W1_E1.90,3096.0,25.74,12.0,1,279.26
p2_E1_W1.219,3114.0,17.51,4.0,1,277.87
p2_E1_W1.217,3102.0,28.32,15.0,1,291.81
p2_E1_W1.218,3108.0,28.55,9.0,1,329.95
p2_W3_E3.91,3111.0,25.03,11.0,1,287.11
p2_W1_E1.91,3111.0,17.18,3.0,1,271.7
p2_S2_N2.65,3100.0,38.33,22.0,1,317.75
p2_E1_W1.220,3120.0,12.61,0.0,0,262.73
p2_N2_S2.66,3120.0,19.37,6.0,1,300.84
p2_W2_N2.22,3120.0,12.48,0.0,0,272.9
p2_N2_S2.65,3100.0,37.58,24.0,1,304.11
p2_E3_W3.217,3102.0,40.02,21.0,2,320.52
p2_W3_E3.92,3125.0,9.86,0.0,0,261.38
p2_E3_W3.218,3108.0,33.8,11.0,2,328.8
p2_S2_N2.66,3120.0,16.95,2.0,1,276.51
p2_E3_W3.219,3114.0,22.93,3.0,2,297.72
p2_E3_W3.222,3132.0,14.45,1.0,1,276.93
p2_E3_W3.220,3120.0,26.69,1.0,1,318.55
p2_E3_W3.223,3138.0,10.2,0.0,0,260.42
p2_S2_N2.67,3140.0,8.28,0.0,0,239.08
p2_E1_W1.223,3138.0,8.49,0.0,0,242.3
p2_E1_W1.221,3127.0,9.02,0.0,0,253.6
p2_E3_W3.221,3126.0,12.46,0.0,0,260.04
p2_E3_S3.23,3183.0,7.2,0.0,0,166.24
p2_W1_E1.93,3140.0,8.31,0.0,0,248.15
p2_E1_W1.222,3132.0,8.4,0.0,0,248.12
p2_E1_W1.224,3144.0,7.75,0.0,0,247.58
p2_W1_N3.22,3120.0,25.22,7.0,2,292.66
p2_S2_W2.22,3123.0,35.55,13.0,2,346.34
p2_S3_N3.66,3120.0,43.02,31.0,1,308.66
p2_N3_S3.65,3100.0,47.33,30.0,2,339.24
p2_W3_N1.22,3120.0,43.65,22.0,3,340.6
p2_N2_E2.22,3123.0,18.73,2.0,1,280.92
p2_S3_N3.67,3140.0,23.7,10.0,1,282.93
p2_E_W.222,3132.0,31.69,11.0,1,329.57
p2_W_E.93,3140.0,9.66,0.0,0,242.78
p2_E_W.220,3120.0,29.2,15.0,1,289.08
p2_W_E.92,3125.0,24.04,10.0,1,296.3
p2_N3_S3.68,3160.0,8.51,0.0,0,238.56
p2_N1_E3.21,3063.0,62.05,31.0,3,500.78
p2_S1_W1.22,3123.0,39.95,19.0,2,336.68
p2_E_W.223,3138.0,31.33,6.0,2,315.75
p2_W_E.94,3154.0,14.62,0.0,0,267.86
p2_N3_S3.66,3120.0,39.75,23.0,1,315.46
p2_E_W.224,3144.0,18.82,1.0,1,285.76
p2_N3_E1.23,3183.0,30.03,16.0,2,205.2
p2_S1_N1.67,3140.0,24.0,8.0,1,309.24
p2_N3_S3.67,3140.0,31.37,8.0,1,335.99
p2_E_W.225,3150.0,21.36,1.0,1,287.63
p2_S1_N1.66,3120.0,40.57,21.0,2,316.37
p2_N1_S1.67,3140.0,23.03,9.0,1,283.95
p2_N1_S1.66,3120.0,40.43,26.0,1,308.5
p2_E_W.227,3162.0,10.53,0.0,0,262.11
p2_S1_N1.68,3160.0,14.79,1.0,1,272.44
p2_W3_E3.93,3140.0,36.51,20.0,2,320.71
p2_N1_S1.68,3160.0,8.49,0.0,0,247.52
p2_W_E.95,3168.0,7.88,0.0,0,242.84
p2_E_W.228,3168.0,8.49,0.0,0,247.18
p2_E_W.221,3126.0,27.68,13.0,1,294.0
p2_W3_E3.94,3154.0,23.19,10.0,1,288.72
p2_E_W.226,3156.0,9.51,0.0,0,239.61
p2_E1_W1.227,3162.0,17.94,3.0,1,294.89
p2_E1_W1.225,3150.0,28.48,8.0,2,309.38
p2_E3_W3.224,3144.0,40.2,25.0,1,304.65
p2_E3_W3.225,3150.0,31.25,13.0,2,309.86
p2_S3_W3.22,3123.0,62.56,32.0,4,378.63
p2_W1_E1.94,3154.0,32.82,13.0,1,295.89
p2_S2_N2.68,3160.0,26.94,15.0,1,281.9
p2_N2_S2.67,3140.0,46.09,31.0,1,317.52
p2_E3_W3.226,3156.0,22.67,5.0,1,293.91
p2_S2_N2.69,3180.0,7.66,0.0,0,244.74
p2_W1_E1.95,3168.0,8.75,0.0,0,249.37
p2_E3_W3.228,3168.0,20.84,1.0,1,306.2
p2_N2_S2.68,3160.0,29.86,10.0,1,311.29
p2_E1_W1.228,3168.0,8.81,0.0,0,241.56
p2_E1_W1.229,3174.0,9.88,0.0,0,253.22
p2_E3_W3.229,3174.0,9.5,0.0,0,242.66
p2_E3_W3.230,3180.0,10.53,0.0,0,260.87
p2_W1_E1.96,3183.0,7.57,0.0,0,236.02
p2_W3_E3.96,3183.0,7.73,0.0,0,238.39
p2_W3_E3.95,3168.0,18.34,4.0,1,270.81
p2_E1_W1.230,3180.0,11.97,0.0,0,248.95
p2_E2_S2.22,3123.0,49.13,26.0,3,345.86
p2_E1_W1.226,3156.0,15.44,0.0,0,277.92
p2_E3_W3.231,3186.0,7.83,0.0,0,252.28
p2_W1_N3.23,3180.0,9.89,0.0,0,259.92
p2_E1_W1.231,3186.0,8.04,0.0,0,245.24
p2_N2_E2.23,3183.0,13.28,0.0,0,272.29
p2_W1_E1.92,3125.0,34.2,19.0,1,298.96
p2_E_W.229,3174.0,29.88,10.0,1,300.18
p2_W_E.96,3183.0,20.8,7.0,1,275.41
p2_E_W.232,3192.0,13.85,0.0,0,283.87
p2_E_W.230,3180.0,27.63,4.0,2,319.92
p2_W_E.97,3197.0,11.18,0.0,0,263.85
p2_E3_S3.24,3243.0,7.38,0.0,0,170.17
p2_S2_W2.23,3183.0,12.6,0.0,0,267.77
p2_N1_S1.70,3200.0,10.4,0.0,0,255.85
p2_S3_N3.69,3180.0,31.11,11.0,1,332.97
p2_N1_S1.69,3180.0,32.84,15.0,1,311.85
p2_S3_N3.68,3160.0,43.81,30.0,1,322.51
p2_S1_N1.69,3180.0,33.69,11.0,2,333.84
p2_N3_S3.69,3180.0,34.41,17.0,2,319.17
p2_W3_N1.23,3180.0,33.32,11.0,2,325.39
p2_E_W.234,3204.0,10.33,0.0,0,267.17
p2_E1_S1.21,3063.0,89.86,55.0,5,536.69
p2_E_W.233,3198.0,8.17,0.0,0,252.37
p2_N3_S3.70,3200.0,14.65,0.0,0,270.8
p2_S1_N1.70,3200.0,15.91,0.0,0,289.39
p2_S3_N3.70,3200.0,8.42,0.0,0,239.17
p2_W_E.98,3212.0,8.15,0.0,0,242.08
p2_N3_E1.24,3243.0,13.88,0.0,0,180.92
p2_E2_S2.23,3183.0,39.77,10.0,4,351.36
p2_E_W.236,3216.0,7.28,0.0,0,249.39
p2_S1_W1.23,3183.0,35.97,12.0,3,334.68
p2_W1_E1.97,3197.0,29.37,17.0,1,293.83
p2_E1_W1.233,3198.0,28.18,8.0,1,317.24
p2_E1_W1.235,3210.0,18.08,0.0,0,290.83
p2_E1_W1.232,3192.0,29.42,12.0,1,303.42
p2_N2_S2.69,3180.0,29.45,14.0,1,287.46
p2_W2_N2.23,3180.0,44.86,27.0,2,345.1
p2_E3_W3.232,3192.0,38.4,18.0,2,327.42
p2_E1_W1.234,3204.0,24.03,3.0,1,301.97
p2_E1_W1.237,3222.0,8.05,0.0,0,246.9
p2_S3_W3.23,3183.0,48.96,26.0,3,376.69
p2_E1_W1.236,3216.0,15.79,0.0,0,281.66
p2_S2_N2.70,3200.0,33.27,18.0,1,302.85
p2_S2_N2.71,3220.0,12.97,1.0,1,263.85
p2_W3_E3.99,3226.0,7.3,0.0,0,237.51
p2_W1_E1.99,3226.0,7.97,0.0,0,244.71
p2_E1_S1.22,3123.0,68.56,33.0,5,504.95
p2_N2_S2.70,3200.0,29.41,10.0,1,308.94
p2_E3_W3.234,3204.0,26.1,6.0,2,301.53
p2_E1_W1.238,3228.0,7.68,0.0,0,243.06
p2_W1_E1.98,3212.0,9.71,0.0,0,255.82
p2_N2_S2.71,3220.0,8.72,0.0,0,244.59
p2_E3_W3.233,3198.0,39.92,12.0,2,359.05
p2_W3_E3.98,3212.0,14.32,1.0,1,274.84
p2_E3_W3.235,3210.0,28.75,1.0,1,337.37
p2_E3_W3.238,3228.0,10.2,0.0,0,252.37
p2_E3_W3.236,3216.0,21.24,0.0,0,286.5
p2_E3_W3.227,3162.0,20.56,1.0,1,297.57
p2_E_W.239,3234.0,11.52,0.0,0,267.86
p2_E1_W1.240,3240.0,8.44,0.0,0,250.53
p2_W_E.100,3240.0,8.21,0.0,0,242.48
p2_E_W.240,3240.0,8.24,0.0,0,250.04
p2_E3_W3.237,3222.0,8.24,0.0,0,243.06
p2_W3_E3.97,3197.0,26.33,10.0,1,287.3
p2_E1_W1.239,3234.0,8.97,0.0,0,250.52
p2_W_E.99,3226.0,17.08,3.0,1,273.31
p2_S1_N1.71,3220.0,37.12,22.0,1,303.07
p2_N3_S3.72,3240.0,17.16,3.0,1,275.68
p2_E_W.237,3222.0,20.04,4.0,1,284.1
p2_S1_W1.24,3243.0,15.13,1.0,1,283.26
p2_N3_S3.71,3220.0,38.11,22.0,1,322.65
p2_S3_N3.72,3240.0,19.58,5.0,1,265.87
p2_E_W.241,3246.0,13.05,0.0,0,258.09
p2_N1_S1.71,3220.0,40.24,26.0,1,314.35
p2_E_W.231,3186.0,29.0,13.0,1,312.39
p2_E_W.238,3228.0,32.79,3.0,1,324.91
p2_W_E.101,3255.0,7.22,0.0,0,243.65
p2_E_W.235,3210.0,27.89,8.0,1,297.02
p2_N1_E3.22,3123.0,96.59,61.0,4,546.95
p2_S1_N1.72,3240.0,17.09,4.0,1,267.96
p2_E_W.243,3258.0,8.28,0.0,0,249.85
p2_W3_E3.100,3240.0,27.89,11.0,1,311.61
p2_E3_W3.241,3246.0,24.42,6.0,1,306.36
p2_W2_N2.24,3243.0,28.68,10.0,2,314.14
p2_E1_W1.242,3252.0,19.92,5.0,1,291.97
p2_E3_S3.25,3303.0,9.6,0.0,0,170.03
p2_E1_S1.23,3183.0,40.93,8.0,1,453.31
p2_E3_W3.239,3234.0,31.96,16.0,2,311.2
p2_E3_W3.244,3264.0,10.19,0.0,0,248.9
p2_S3_W3.24,3243.0,25.7,2.0,1,314.86
p2_E1_W1.241,3246.0,25.05,8.0,1,296.28
p2_W1_E1.100,3240.0,26.55,12.0,1,295.01
p2_E3_W3.242,3252.0,24.48,9.0,1,302.92
p2_E3_W3.243,3258.0,18.35,3.0,1,280.38
p2_E1_W1.244,3264.0,12.9,0.0,0,281.86
p2_W1_E1.102,3269.0,8.24,0.0,0,243.28
p2_W3_E3.102,3269.0,8.32,0.0,0,253.81
p2_S2_N2.72,3240.0,38.5,21.0,2,324.18
p2_E3_W3.245,3270.0,8.28,0.0,0,240.01
p2_N2_S2.72,3240.0,35.67,23.0,1,300.92
p2_N2_S2.73,3260.0,18.82,5.0,1,276.05
p2_W1_E1.101,3255.0,25.51,6.0,2,311.03
p2_S2_N2.73,3260.0,20.28,4.0,1,297.43
p2_E1_W1.243,3258.0,23.97,2.0,1,325.97
p2_E1_W1.246,3276.0,8.42,0.0,0,239.65
p2_E1_W1.245,3270.0,8.18,0.0,0,248.26
p2_W3_E3.101,3255.0,10.14,0.0,0,254.64
p2_E3_W3.240,3240.0,27.5,13.0,1,285.49
p2_W1_N3.24,3243.0,48.07,30.0,2,354.64
p2_N2_E2.24,3243.0,47.05,25.0,3,358.29
p2_W_E.102,3269.0,22.06,8.0,1,271.33
p2_S2_W2.24,3243.0,53.6,28.0,4,369.53
p2_S3_N3.71,3220.0,63.22,45.0,2,354.81
p2_N3_E1.25,3303.0,37.55,26.0,2,218.59
p2_E_W.246,3276.0,22.92,6.0,1,296.98
p2_S3_N3.73,3260.0,40.41,28.0,1,314.3
p2_N1_S1.74,3280.0,20.84,6.0,1,275.3
p2_S3_N3.74,3280.0,21.2,5.0,1,279.62
p2_E_W.248,3288.0,12.91,0.0,0,282.54
p2_N1_S1.73,3260.0,42.85,27.0,1,326.91
p2_S1_N1.74,3280.0,16.73,3.0,1,278.04
p2_E2_S2.24,3243.0,60.18,37.0,4,372.51
p2_E_W.247,3282.0,21.62,0.0,0,301.05
p2_E_W.242,3252.0,29.89,15.0,1,290.89
p2_S1_N1.73,3260.0,44.65,24.0,1,332.03
p2_N3_S3.73,3260.0,42.54,30.0,1,314.04
p2_E_W.245,3270.0,36.01,12.0,1,323.54
p2_W_E.104,3298.0,8.4,0.0,0,238.91
p2_W3_N1.24,3243.0,53.79,36.0,3,345.43
p2_E_W.244,3264.0,30.91,7.0,2,300.94
p2_S1_N1.75,3300.0,7.25,0.0,0,243.61
p2_N1_S1.75,3300.0,7.77,0.0,0,247.73
p2_N1_E3.23,3183.0,80.65,43.0,5,528.63
p2_N3_S3.74,3280.0,21.55,7.0,1,283.9
p2_W1_E1.103,3284.0,27.88,16.0,1,297.27
p2_W_E.103,3284.0,8.27,0.0,0,238.32
p2_S1_W1.25,3303.0,9.0,0.0,0,259.87
p2_E_W.251,3306.0,7.5,0.0,0,252.54
p2_W3_E3.103,3284.0,28.23,15.0,1,287.16
p2_E_W.249,3294.0,8.47,0.0,0,243.32
p2_E1_W1.249,3294.0,23.79,9.0,1,305.26
p2_N2_S2.75,3300.0,18.55,4.0,1,278.55
p2_W2_N2.25,3301.0,16.5,3.0,1,268.75
p2_E1_W1.247,3282.0,37.47,18.0,2,323.47
p2_W1_E1.104,3298.0,20.99,7.0,1,270.23
p2_W3_E3.104,3298.0,16.21,3.0,1,272.86
p2_E1_W1.251,3306.0,13.44,0.0,0,276.96
p2_N1_S1.72,3240.0,46.24,28.0,1,328.61
p2_E3_W3.248,3288.0,30.02,11.0,1,314.02
p2_E1_W1.252,3312.0,9.18,0.0,0,250.5
p2_E1_W1.250,3300.0,24.35,5.0,1,301.92
p2_W3_E3.105,3312.0,7.75,0.0,0,241.95
p2_S2_N2.74,3280.0,45.04,31.0,1,318.34
p2_E1_W1.253,3318.0,8.21,0.0,0,249.01
p2_E1_W1.248,3288.0,23.51,9.0,1,279.17
p2_N2_S2.74,3280.0,35.37,20.0,1,302.76
p2_W1_E1.105,3312.0,15.97,0.0,0,278.74
p2_N2_S2.76,3320.0,8.28,0.0,0,241.51
p2_E3_S3.26,3363.0,6.69,0.0,0,170.67
p2_E3_W3.247,3282.0,27.02,11.0,1,290.36
p2_E3_W3.246,3276.0,26.88,11.0,1,286.36
p2_E3_W3.253,3318.0,12.29,0.0,0,260.94
p2_E3_W3.249,3294.0,24.12,2.0,1,302.98
p2_E3_W3.250,3300.0,32.11,7.0,2,327.75
p2_S2_N2.75,3300.0,24.97,11.0,1,278.02
p2_E1_W1.254,3324.0,7.64,0.0,0,241.69
p2_E3_W3.251,3306.0,27.79,5.0,1,321.04
p2_E3_W3.252,3312.0,13.94,0.0,0,269.11
p2_W1_E1.106,3327.0,7.58,0.0,0,241.3
p2_W3_E3.106,3327.0,7.86,0.0,0,243.84
p2_N2_E2.25,3303.0,33.24,14.0,2,330.13
p2_W1_N3.25,3301.0,36.29,19.0,2,325.21
p2_S2_W2.25,3303.0,33.62,8.0,2,336.17
p2_E_W.253,3318.0,15.45,2.0,1,274.7
p2_S3_N3.76,3320.0,24.08,12.0,1,291.72
p2_E_W.250,3300.0,31.14,17.0,1,292.48
p2_E2_S2.25,3303.0,42.03,21.0,3,341.42
p2_N3_S3.75,3300.0,45.89,33.0,1,317.26
p2_N3_S3.76,3320.0,26.23,6.0,1,304.74
p2_E_W.254,3324.0,11.59,0.0,0,271.26
p2_S3_N3.75,3300.0,41.81,28.0,1,317.71
p2_E_W.252,3312.0,33.35,10.0,1,320.73
p2_S1_N1.76,3320.0,27.52,11.0,1,296.26
p2_E1_S1.24,3243.0,61.53,34.0,3,467.09
p2_W3_N1.25,3301.0,47.04,22.0,3,336.91
p2_E_W.256,3336.0,11.91,0.0,0,256.85
p2_N3_S3.77,3340.0,7.85,0.0,0,240.13
p2_E_W.255,3330.0,12.0,0.0,0,270.93
p2_S1_N1.77,3340.0,9.26,0.0,0,252.06
p2_N3_E1.26,3363.0,29.17,14.0,2,203.39
p2_N1_S1.76,3320.0,30.28,13.0,1,305.98
p2_W_E.105,3312.0,28.54,14.0,1,288.69
p2_W_E.107,3341.0,9.24,0.0,0,249.07
p2_S3_N3.77,3340.0,8.54,0.0,0,258.79
p2_N1_S1.77,3340.0,13.97,0.0,0,269.25
p2_N1_E3.24,3243.0,73.84,36.0,4,520.11
p2_E1_W1.258,3348.0,11.94,0.0,0,260.68
p2_S3_W3.25,3303.0,58.03,39.0,2,370.8
p2_W_E.106,3327.0,9.33,0.0,0,251.13
p2_W3_E3.107,3341.0,21.1,8.0,1,285.5
p2_E_W.257,3342.0,8.44,0.0,0,236.98
p2_W1_E1.108,3356.0,7.55,0.0,0,235.59
p2_E1_W1.256,3336.0,18.49,3.0,1,276.7
p2_W3_E3.108,3356.0,8.38,0.0,0,244.0
p2_E3_W3.257,3342.0,22.69,6.0,1,302.09
p2_E3_W3.254,3324.0,30.27,17.0,1,293.81
p2_E_W.258,3348.0,8.3,0.0,0,246.62
p2_E_W.259,3354.0,8.59,0.0,0,238.49
p2_E3_W3.255,3330.0,30.23,16.0,1,309.5
p2_E1_W1.257,3342.0,15.88,1.0,1,285.44
p2_E1_W1.255,3330.0,23.04,9.0,1,282.1
p2_E1_W1.260,3360.0,9.11,0.0,0,251.04
p2_S2_N2.77,3340.0,27.61,13.0,1,312.91
p2_E1_W1.259,3354.0,11.65,0.0,0,250.75
p2_N2_S2.78,3360.0,9.79,0.0,0,253.51
p2_S2_N2.76,3320.0,50.64,36.0,1,330.75
p2_S2_N2.78,3360.0,12.07,0.0,0,266.19
p2_E3_W3.256,3336.0,30.44,11.0,2,310.07
p2_E3_W3.258,3348.0,19.93,1.0,1,283.35
p2_E3_W3.259,3354.0,20.48,0.0,0,305.31
p2_E3_W3.261,3366.0,8.83,0.0,0,247.86
p2_N2_S2.77,3340.0,23.19,7.0,1,291.85
p2_W1_E1.107,3341.0,20.54,6.0,1,275.42
p2_E1_W1.261,3366.0,7.83,0.0,0,229.83
p2_W1_N3.26,3360.0,9.48,0.0,0,252.49
p2_E1_W1.262,3372.0,7.95,0.0,0,244.63
p2_E3_W3.262,3372.0,8.91,0.0,0,248.23
p2_E3_W3.260,3360.0,8.22,0.0,0,240.79
p2_E_W.261,3366.0,16.85,0.0,0,275.47
p2_W1_E1.109,3370.0,7.78,0.0,0,239.36
p2_S2_W2.26,3363.0,21.53,6.0,1,303.95
p2_E_W.262,3372.0,12.65,0.0,0,267.85
p2_E_W.260,3360.0,26.3,9.0,1,302.42
p2_N2_E2.26,3363.0,23.82,4.0,2,302.05
p2_E_W.263,3378.0,9.75,0.0,0,269.17
p2_E3_S3.27,3423.0,6.84,0.0,0,163.85
p2_W_E.109,3370.0,21.81,3.0,1,297.93
p2_E_W.264,3384.0,8.03,0.0,0,245.1
p2_W3_N1.26,3360.0,33.38,17.0,2,316.96
p2_S3_N3.78,3360.0,35.46,20.0,1,320.3
p2_S3_N3.79,3380.0,15.22,1.0,1,275.47
p2_S1_N1.78,3360.0,36.12,16.0,1,329.1
p2_W_E.108,3356.0,24.2,9.0,1,286.58
p2_N3_S3.79,3380.0,17.55,1.0,1,286.02
p2_N3_S3.78,3360.0,37.7,16.0,2,327.68
p2_N1_S1.79,3380.0,17.97,0.0,0,293.92
p2_E1_S1.25,3303.0,38.41,13.0,1,425.24
p2_N1_S1.78,3360.0,39.57,16.0,2,330.37
p2_S1_W1.26,3363.0,35.12,16.0,2,343.75
p2_S1_N1.79,3380.0,19.9,1.0,1,290.38
p2_W_E.110,3384.0,8.23,0.0,0,246.7
p2_N3_E1.27,3423.0,12.61,1.0,1,174.94
p2_W_E.111,3399.0,8.54,0.0,0,240.46
p2_E3_W3.265,3390.0,15.8,1.0,1,268.39
p2_E3_W3.266,3396.0,13.29,0.0,0,279.17
p2_W3_E3.110,3384.0,23.21,10.0,1,281.03
p2_E3_W3.263,3378.0,28.11,14.0,1,285.05
p2_E3_W3.264,3384.0,27.22,10.0,1,328.4
p2_S3_W3.26,3363.0,48.87,23.0,3,363.23
p2_W1_E1.110,3384.0,30.04,10.0,2,310.09
p2_E1_W1.264,3384.0,30.05,10.0,1,316.89
p2_E2_S2.26,3363.0,42.32,22.0,3,355.84
p2_N2_S2.80,3400.0,13.38,0.0,0,268.08
p2_N2_S2.79,3380.0,36.5,19.0,1,310.65
p2_E1_W1.266,3396.0,20.14,0.0,0,302.46
p2_W1_E1.111,3399.0,11.11,0.0,0,259.41
p2_E1_W1.263,3378.0,33.47,15.0,1,310.11
p2_E_W.265,3390.0,9.4,0.0,0,247.94
p2_W3_E3.111,3399.0,9.54,0.0,0,246.27
p2_S2_N2.80,3400.0,17.49,5.0,1,271.45
p2_E3_W3.267,3402.0,8.18,0.0,0,239.68
p2_E1_W1.265,3390.0,28.39,5.0,1,331.03
p2_E1_W1.268,3408.0,10.09,0.0,0,261.71
p2_W2_N2.26,3360.0,58.51,36.0,3,377.87
p2_E3_W3.268,3408.0,8.07,0.0,0,239.16
p2_W3_E3.109,3370.0,26.39,13.0,1,286.31
p2_S2_N2.79,3380.0,35.16,22.0,1,301.21
p2_W3_E3.112,3413.0,8.38,0.0,0,242.9
p2_E1_W1.267,3402.0,10.05,0.0,0,237.71
p2_W1_E1.112,3413.0,7.84,0.0,0,242.57
p2_E3_W3.270,3420.0,7.51,0.0,0,232.91
p2_E3_W3.269,3414.0,9.41,0.0,0,238.0
p2_W1_N3.27,3420.0,13.85,1.0,1,267.06
p2_N2_E2.27,3423.0,10.27,0.0,0,258.35
p2_E1_W1.270,3420.0,11.54,0.0,0,255.28
p2_E1_S1.26,3363.0,33.85,15.0,1,400.46
p2_E_W.267,3402.0,35.05,21.0,1,302.92
p2_N3_S3.80,3400.0,40.5,28.0,1,304.47
p2_W_E.112,3413.0,23.64,5.0,2,289.33
p2_E1_W1.269,3414.0,9.59,0.0,0,250.68
p2_S3_N3.80,3400.0,43.01,27.0,1,329.23
p2_S1_N1.81,3420.0,24.19,4.0,1,316.4
p2_S3_N3.81,3420.0,19.08,4.0,1,287.18
p2_N1_S1.80,3400.0,46.39,23.0,1,344.56
p2_W3_N1.27,3420.0,26.31,4.0,1,315.79
p2_W_E.113,3428.0,18.8,3.0,2,280.62
p2_N3_S3.82,3440.0,8.32,0.0,0,240.07
p2_N3_E1.28,3483.0,6.38,0.0,0,161.91
p2_N1_E3.25,3303.0,88.87,53.0,4,514.36
p2_W_E.114,3442.0,7.2,0.0,0,234.81
p2_E_W.269,3414.0,20.25,2.0,1,285.1
p2_E_W.266,3396.0,33.58,19.0,1,291.27
p2_N3_S3.81,3420.0,18.5,4.0,1,277.67
p2_E_W.271,3426.0,25.35,0.0,0,291.23
p2_S1_N1.80,3400.0,52.01,25.0,2,367.96
p2_E_W.268,3408.0,33.34,10.0,2,316.14
p2_N1_S1.81,3420.0,18.81,3.0,1,283.06
p2_S1_W1.27,3423.0,23.89,5.0,2,310.17
p2_E_W.272,3432.0,21.07,0.0,0,291.09
p2_N1_S1.82,3440.0,13.54,0.0,0,266.47
p2_E_W.270,3420.0,34.21,1.0,1,335.46
p2_E_W.273,3438.0,13.4,0.0,0,268.65
p2_W3_E3.113,3428.0,27.25,12.0,1,307.4
p2_E_W.274,3444.0,8.03,0.0,0,240.01
p2_W1_E1.113,3428.0,29.58,16.0,1,301.07
p2_W3_E3.114,3442.0,16.02,0.0,0,288.35
p2_E_W.275,3450.0,8.12,0.0,0,244.61
p2_E1_W1.272,3432.0,20.05,7.0,1,280.41
p2_N1_E3.26,3362.0,47.39,15.0,2,475.61
p2_S3_W3.27,3423.0,35.67,7.0,4,346.13
p2_E1_W1.271,3426.0,26.69,13.0,1,294.97
p2_E3_W3.272,3432.0,25.94,8.0,2,309.24
p2_E1_W1.273,3438.0,23.37,5.0,1,298.18
p2_E1_W1.274,3444.0,14.4,0.0,0,271.1
p2_E3_W3.273,3438.0,19.49,1.0,1,297.64
p2_E1_W1.275,3450.0,12.9,0.0,0,275.83
p2_E3_W3.275,3450.0,12.72,0.0,0,265.37
p2_W3_E3.115,3456.0,8.0,0.0,0,245.14
p2_W1_E1.114,3442.0,10.4,0.0,0,260.54
p2_N2_S2.81,3420.0,38.65,24.0,1,308.81
p2_E2_S2.27,3423.0,35.84,8.0,2,338.45
p2_S2_N2.81,3420.0,46.91,30.0,2,331.88
p2_N2_S2.82,3440.0,25.6,11.0,1,299.02
p2_N2_S2.83,3460.0,8.1,0.0,0,250.37
p2_E3_S3.28,3483.0,28.25,11.0,2,200.97
p2_E3_W3.271,3426.0,24.44,8.0,1,295.4
p2_E3_W3.274,3444.0,9.06,0.0,0,245.72
p2_E1_W1.277,3462.0,8.02,0.0,0,240.22
p2_W2_N2.27,3420.0,33.63,20.0,1,306.02
p2_W1_E1.115,3456.0,8.46,0.0,0,245.54
p2_E1_W1.278,3468.0,7.4,0.0,0,243.02
p2_E3_W3.278,3468.0,7.31,0.0,0,245.47
p2_S2_N2.82,3440.0,21.2,1.0,1,290.16
p2_W1_E1.116,3471.0,8.39,0.0,0,235.15
p2_W3_E3.116,3471.0,7.87,0.0,0,237.22
p2_E1_W1.276,3456.0,8.76,0.0,0,243.73
p2_S2_W2.27,3423.0,58.74,27.0,4,381.55
p2_E_W.276,3456.0,27.83,9.0,1,310.05
p2_E_W.279,3474.0,11.82,0.0,0,266.43
p2_S3_N3.82,3440.0,48.19,32.0,1,342.97
p2_S3_N3.83,3460.0,28.49,11.0,1,306.87
p2_E_W.277,3462.0,22.04,4.0,1,298.45
p2_W_E.116,3471.0,8.39,0.0,0,243.49
p2_N3_S3.84,3480.0,8.18,0.0,0,225.76
p2_E_W.280,3480.0,8.92,0.0,0,241.17
p2_S3_N3.84,3480.0,10.24,0.0,0,258.06
p2_N1_S1.83,3460.0,30.75,17.0,1,296.3
p2_E_W.278,3468.0,9.46,0.0,0,247.87
p2_S1_N1.82,3440.0,45.43,30.0,1,328.35
p2_S1_N1.83,3460.0,26.38,11.0,1,299.65
p2_W_E.117,3485.0,7.93,0.0,0,228.74
p2_N3_S3.83,3460.0,25.56,12.0,1,285.67
p2_W_E.115,3456.0,21.75,7.0,1,285.83
p2_S1_N1.84,3480.0,15.41,0.0,0,286.1
p2_N1_S1.84,3480.0,10.13,0.0,0,253.64
p2_S1_W1.28,3483.0,10.1,0.0,0,268.99
p2_N1_E3.27,3423.0,28.82,8.0,2,402.46
p2_E_W.281,3486.0,9.67,0.0,0,248.78
p2_S3_W3.28,3483.0,21.77,3.0,2,293.42
p2_W1_E1.117,3485.0,18.11,5.0,1,278.12
p2_W3_E3.117,3485.0,19.79,7.0,1,280.35
p2_E1_W1.280,3480.0,26.27,8.0,2,307.09
p2_E3_W3.280,3480.0,26.67,9.0,1,306.43
p2_W1_E1.118,3500.0,8.54,0.0,0,246.47
p2_E3_W3.281,3486.0,22.57,6.0,1,293.67
p2_E_W.282,3492.0,8.48,0.0,0,234.81
p2_E1_W1.282,3492.0,18.23,0.0,0,284.73
p2_E3_W3.282,3492.0,19.03,0.0,0,291.14
p2_S2_N2.84,3480.0,31.88,15.0,1,316.47
p2_E1_W1.284,3504.0,8.36,0.0,0,243.7
p2_E3_S3.29,3543.0,7.8,0.0,0,172.74
p2_E2_S2.28,3483.0,13.62,0.0,0,275.66
p2_E3_W3.284,3504.0,8.75,0.0,0,241.93
p2_N2_S2.85,3500.0,13.85,0.0,0,263.15
p2_E3_W3.276,3456.0,29.95,14.0,1,296.94
p2_E1_W1.279,3474.0,28.04,8.0,1,295.28
p2_E3_W3.279,3474.0,39.54,17.0,1,327.57
p2_N2_S2.84,3480.0,31.74,17.0,1,296.32
p2_E3_W3.277,3462.0,33.93,14.0,1,322.64
p2_W2_N2.28,3480.0,20.52,6.0,1,281.45
p2_E1_W1.283,3498.0,18.9,1.0,1,271.66
p2_E1_W1.285,3510.0,8.43,0.0,0,231.28
p2_E1_S1.27,3423.0,51.52,23.0,4,458.99
p2_E1_W1.281,3486.0,23.78,4.0,1,304.83
p2_W1_E1.119,3514.0,7.52,0.0,0,236.15
p2_S2_N2.83,3460.0,45.86,31.0,1,317.51
p2_W3_E3.118,3500.0,9.56,0.0,0,250.86
p2_S2_N2.85,3500.0,18.24,1.0,1,285.17
p2_W3_E3.119,3514.0,8.0,0.0,0,243.18
p2_W1_N3.28,3480.0,44.24,23.0,2,353.7
p2_S2_W2.28,3483.0,42.92,20.0,3,354.45
p2_E_W.286,3516.0,13.23,0.0,0,274.13
p2_N2_E2.28,3483.0,47.41,23.0,3,366.43
p2_E3_W3.285,3510.0,21.34,7.0,1,278.83
p2_E_W.287,3522.0,8.81,0.0,0,265.4
p2_W_E.119,3514.0,16.53,0.0,0,282.91
p2_E3_W3.283,3498.0,30.59,9.0,2,316.45
p2_W_E.118,3500.0,32.65,19.0,1,311.17
p2_E_W.283,3498.0,30.59,14.0,2,306.76
p2_E3_W3.286,3516.0,17.92,4.0,1,273.23
p2_S1_N1.86,3520.0,15.28,0.0,0,285.81
p2_W_E.120,3528.0,7.75,0.0,0,246.09
p2_W3_N1.28,3480.0,57.32,35.0,3,351.58
p2_E_W.284,3504.0,23.58,4.0,1,295.31
p2_N3_E1.29,3543.0,28.57,18.0,1,195.25
p2_S1_N1.85,3500.0,39.76,21.0,2,324.44
p2_S3_N3.86,3520.0,20.54,5.0,1,286.74
p2_E_W.285,3510.0,15.11,0.0,0,273.26
p2_N1_S1.85,3500.0,42.15,17.0,2,347.65
p2_E_W.289,3534.0,8.24,0.0,0,249.32
p2_E_W.290,3540.0,8.01,0.0,0,247.49
p2_N1_S1.86,3520.0,10.44,0.0,0,255.9
p2_W1_E1.120,3528.0,21.74,8.0,1,290.1
p2_W3_E3.120,3528.0,22.69,10.0,1,284.66
p2_E1_W1.289,3534.0,14.89,0.0,0,274.73
p2_E1_W1.288,3528.0,23.83,6.0,1,304.74
p2_W1_E1.121,3543.0,9.36,0.0,0,252.29
p2_E1_W1.287,3522.0,30.99,10.0,1,313.56
p2_W2_N2.29,3540.0,12.05,0.0,0,275.35
p2_W1_N3.29,3540.0,16.03,0.0,0,285.86
p2_W_E.121,3543.0,8.86,0.0,0,250.53
p2_N3_S3.86,3520.0,37.23,13.0,2,339.9
p2_E3_W3.288,3528.0,29.97,11.0,2,311.38
p2_E3_W3.289,3534.0,23.91,7.0,1,295.53
p2_N2_S2.87,3540.0,18.56,4.0,1,294.2
p2_E1_W1.291,3546.0,8.26,0.0,0,249.96
p2_E1_W1.292,3552.0,7.15,0.0,0,242.95
p2_S2_N2.87,3540.0,19.86,1.0,1,293.28
p2_E1_W1.290,3540.0,21.32,0.0,0,274.53
p2_E3_W3.287,3522.0,33.11,12.0,2,314.05
p2_E3_W3.290,3540.0,14.35,1.0,1,274.95
p2_E3_W3.292,3552.0,11.49,0.0,0,257.04
p2_E3_W3.291,3546.0,17.65,0.0,0,266.34
p2_E3_W3.293,3558.0,7.33,0.0,0,234.18
p2_S3_N3.85,3500.0,46.74,23.0,2,341.25
p2_N2_S2.86,3520.0,35.92,20.0,1,308.3
p2_E1_W1.293,3558.0,7.58,0.0,0,238.0
p2_E1_W1.286,3516.0,24.07,9.0,1,296.63
p2_N3_S3.85,3500.0,28.31,9.0,2,311.28
p2_E3_W3.294,3564.0,7.71,0.0,0,245.85
p2_W1_E1.122,3557.0,16.03,2.0,1,277.21
p2_S2_W2.29,3543.0,31.98,8.0,2,324.38
p2_W3_E3.121,3543.0,12.26,0.0,0,265.82
p2_S3_W3.29,3543.0,33.74,21.0,1,301.11
p2_W3_E3.122,3557.0,19.47,7.0,1,273.74
p2_E2_S2.29,3543.0,27.2,11.0,2,320.9
p2_E_W.288,3528.0,31.76,17.0,1,294.88
p2_E_W.293,3558.0,16.69,1.0,1,268.09
p2_E_W.291,3546.0,27.55,15.0,1,289.26
p2_E_W.295,3570.0,7.99,0.0,0,239.48
p2_E_W.292,3552.0,22.12,7.0,1,274.65
p2_N1_S1.88,3560.0,25.19,6.0,2,301.35
p2_E_W.296,3576.0,7.44,0.0,0,241.46
p2_N1_S1.87,3540.0,35.02,20.0,1,303.31
p2_E_W.294,3564.0,22.85,0.0,0,299.06
p2_S1_N1.87,3540.0,47.83,22.0,3,354.23
p2_W3_N1.29,3540.0,44.13,20.0,3,346.84
p2_N1_S1.89,3580.0,7.78,0.0,0,237.68
p2_N1_E3.28,3483.0,57.5,29.0,2,472.78
p2_S1_N1.88,3560.0,29.72,7.0,2,305.88
p2_N2_E2.29,3543.0,32.88,11.0,2,320.86
p2_W_E.122,3557.0,19.65,3.0,1,287.74
p2_S1_N1.89,3580.0,11.41,0.0,0,259.16
p2_S1_W1.29,3543.0,40.04,15.0,3,344.56
p2_N2_S2.88,3560.0,29.55,16.0,1,297.13
p2_N3_S3.87,3540.0,53.41,29.0,3,368.14
p2_N3_S3.88,3560.0,33.2,7.0,2,334.8
p2_W_E.123,3572.0,8.93,0.0,0,245.38
p2_S3_N3.88,3560.0,35.04,10.0,3,336.28
p2_S2_N2.86,3520.0,65.37,41.0,3,377.44
p2_E1_S1.28,3483.0,72.11,38.0,5,495.73
p2_S3_N3.89,3580.0,22.48,8.0,1,291.9
p2_E_W.297,3582.0,8.57,0.0,0,253.18
p2_S3_N3.87,3540.0,39.5,17.0,1,327.13
p2_E1_W1.294,3564.0,39.22,19.0,2,323.3
p2_E1_W1.295,3570.0,32.03,15.0,2,312.6
p2_E3_W3.295,3570.0,38.55,13.0,3,343.4
p2_E1_W1.297,3582.0,23.37,5.0,1,294.69
p2_E3_W3.297,3582.0,26.48,4.0,1,307.27
p2_W1_E1.124,3586.0,22.58,9.0,1,287.03
p2_W1_E1.123,3572.0,37.37,17.0,2,327.17
p2_S2_N2.88,3560.0,45.25,31.0,1,321.21
p2_E1_W1.298,3588.0,21.11,4.0,1,291.05
p2_W3_E3.124,3586.0,25.35,5.0,2,297.94
p2_W3_E3.123,3572.0,39.82,21.0,2,328.34
p2_E1_W1.296,3576.0,21.49,4.0,1,300.15
p2_E3_W3.296,3576.0,31.51,5.0,2,335.85
p2_N2_S2.89,3580.0,37.74,16.0,3,346.17
p2_E3_W3.299,3594.0,33.27,15.0,2,320.56
p2_S2_N2.89,3580.0,19.67,4.0,1,277.64
p2_E3_W3.298,3588.0,34.24,13.0,2,307.78
p2_E1_S1.29,3543.0,45.86,24.0,2,442.24
p2_W_E.124,3586.0,45.39,26.0,2,338.77
p2_E_W.299,3594.0,49.11,31.0,2,342.05
p2_N3_S3.89,3580.0,67.5,49.0,2,366.04
p2_N1_E3.29,3543.0,61.44,32.0,3,486.12
p2_E_W.298,3588.0,38.32,23.0,1,304.9
p2_E1_W1.299,3594.0,102.79,79.0,3,444.6
