id,depart,timeloss,espera,paradas,co2
p1_W_S2.0,3.0,15.11,0.0,0,212.7
p1_W_E.0,0.0,7.37,0.0,0,191.96
p1_N1_S1.0,0.0,38.87,29.0,1,221.38
p1_N1_S1.1,10.0,34.54,21.0,1,209.37
p1_N1_S1.2,20.0,26.4,13.0,1,196.51
p1_N2_S2.0,0.0,45.01,34.0,1,224.82
p1_S2_N2.0,0.0,45.17,35.0,1,233.37
p1_S1_N1.0,0.0,34.93,25.0,1,208.71
p1_S2_N2.1,10.0,39.69,27.0,1,226.84
p1_S1_N1.1,10.0,33.96,21.0,1,209.2
p1_N2_S2.1,10.0,40.22,29.0,1,220.44
p1_N1_S1.3,30.0,15.65,4.0,1,179.37
p1_N1_S1.4,40.0,11.65,0.0,0,172.31
p1_S1_N1.2,20.0,31.51,15.0,1,219.78
p1_N2_S2.2,20.0,31.93,21.0,1,211.11
p1_S2_N2.2,20.0,26.51,15.0,1,193.42
p1_S1_N1.3,30.0,23.25,7.0,1,215.62
p1_N2_S2.3,30.0,22.86,9.0,1,192.44
p1_S2_N2.3,30.0,25.68,11.0,1,207.83
p1_S2_N2.4,40.0,17.53,2.0,1,202.41
p1_N2_S2.4,40.0,20.69,0.0,0,192.82
p1_S2_N2.5,50.0,5.98,0.0,0,151.56
p1_E_W.0,0.0,27.77,17.0,1,243.39
p1_E_N1.0,3.0,29.55,16.0,1,253.35
p1_E_W.1,8.0,37.36,16.0,1,262.67
p1_N2_S2.5,50.0,8.28,0.0,0,161.37
p1_E_W.2,15.0,27.79,12.0,1,248.4
p1_W_E.1,6.0,42.19,23.0,1,285.55
p1_E_W.3,22.0,26.9,11.0,1,259.74
p1_W_E.2,9.0,41.13,22.0,1,279.13
p1_E_W.4,29.0,21.67,6.0,1,236.46
p1_N2_W.0,3.0,49.68,32.0,1,294.63
p1_W_E.3,12.0,39.23,21.0,1,272.32
p1_W_E.4,15.0,38.75,21.0,1,272.73
p1_E_N1.1,32.0,12.62,0.0,0,225.72
p1_W_E.5,18.0,38.01,20.0,1,258.85
p1_W_E.6,21.0,36.87,21.0,1,255.05
p1_W_E.7,24.0,35.57,19.0,1,262.64
p1_S1_E.0,3.0,53.67,30.0,2,303.38
p1_S1_E.1,33.0,28.82,5.0,2,267.6
p1_W_E.8,27.0,31.46,18.0,1,253.27
p1_W_E.9,30.0,34.54,18.0,1,278.01
p1_W_S2.1,36.0,35.26,16.0,1,285.92
p1_W_E.10,33.0,39.47,16.0,1,275.61
p1_W_E.11,39.0,29.08,12.0,1,264.15
p1_W_E.12,42.0,31.6,12.0,1,270.42
p1_W_E.13,45.0,32.44,12.0,1,277.15
p1_S1_N1.4,40.0,62.51,45.0,2,262.37
p1_N1_S1.5,50.0,52.55,40.0,1,235.09
p1_W_E.14,48.0,33.29,9.0,1,279.37
p1_N2_W.1,33.0,17.23,1.0,1,237.64
p1_E_W.5,36.0,33.08,16.0,1,252.92
p1_W_E.15,51.0,20.71,7.0,1,238.96
p1_W_E.16,54.0,34.38,6.0,1,266.34
p1_S1_N1.5,50.0,49.51,39.0,1,225.19
p1_W_E.17,57.0,25.73,5.0,1,257.21
p1_N1_S1.6,60.0,37.11,25.0,1,212.96
p1_S1_N1.6,60.0,52.67,35.0,1,239.81
p1_W_E.18,59.0,33.01,5.0,1,277.05
p1_N1_S1.7,70.0,44.01,25.0,1,227.93
p1_S1_N1.7,70.0,44.33,27.0,1,242.06
p1_W_E.19,63.0,18.33,3.0,1,238.91
p1_W_S2.2,69.0,24.47,2.0,1,268.15
p1_N1_S1.8,80.0,35.96,15.0,1,228.54
p1_S1_N1.8,80.0,36.07,19.0,1,227.46
p1_W_E.20,66.0,27.41,1.0,1,277.06
p1_N1_S1.9,90.0,26.39,7.0,1,216.68
p1_S1_N1.9,90.0,27.86,10.0,1,215.76
p1_W_E.21,72.0,25.33,0.0,0,263.73
p1_N1_S1.10,100.0,19.39,0.0,0,202.82
p1_E_W.6,44.0,54.86,33.0,2,299.93
p1_W_E.22,75.0,24.03,0.0,0,262.51
p1_E_W.7,51.0,50.13,28.0,2,296.35
p1_W_E.23,78.0,22.77,0.0,0,264.39
p1_E_W.8,58.0,44.91,21.0,2,298.69
p1_N2_S2.6,60.0,67.96,56.0,1,265.83
p1_S2_N2.6,60.0,67.82,56.0,1,266.71
p1_S2_N2.7,70.0,59.78,47.0,1,259.01
p1_E_W.9,65.0,44.12,15.0,1,286.45
p1_E_N1.2,61.0,41.04,16.0,2,278.87
p1_N2_S2.7,70.0,61.21,50.0,1,250.17
p1_E_W.10,72.0,38.82,14.0,1,280.73
p1_S2_N2.8,80.0,50.39,39.0,1,237.9
p1_N2_S2.8,80.0,52.0,41.0,1,237.23
p1_E_W.11,80.0,32.73,14.0,1,253.81
p1_S2_N2.9,90.0,44.41,32.0,1,231.79
p1_N2_S2.9,90.0,45.12,32.0,1,232.48
p1_E_W.12,87.0,27.49,10.0,1,248.69
p1_N2_S2.10,100.0,38.62,26.0,1,215.72
p1_S2_N2.10,100.0,33.31,20.0,1,211.02
p1_N2_S2.11,110.0,30.29,17.0,1,209.11
p1_S2_N2.11,110.0,29.87,14.0,1,216.53
p1_E_N1.3,90.0,24.65,7.0,1,243.12
p1_E_W.13,94.0,25.33,7.0,1,249.99
p1_S2_N2.12,120.0,21.49,6.0,1,205.5
p1_E_W.14,101.0,20.3,1.0,1,246.89
p1_S2_N2.13,130.0,12.17,0.0,0,194.3
p1_N2_S2.12,120.0,20.9,7.0,1,188.05
p1_E_W.15,108.0,15.28,0.0,0,240.45
p1_E_W.16,116.0,9.15,0.0,0,214.95
p1_N2_S2.13,130.0,18.06,3.0,1,194.26
p1_S2_N2.14,140.0,5.97,0.0,0,145.19
p1_N2_W.2,63.0,67.15,54.0,1,301.84
p1_W_E.24,81.0,49.03,28.0,1,312.65
p1_W_E.25,84.0,55.01,28.0,1,323.7
p1_W_E.26,87.0,53.8,27.0,1,322.0
p1_S1_E.2,63.0,79.42,56.0,2,369.64
p1_N1_S1.11,110.0,53.7,42.0,1,239.64
p1_N1_S1.12,120.0,45.63,35.0,1,229.22
p1_W_E.27,90.0,51.64,29.0,2,322.87
p1_W_E.28,93.0,49.46,28.0,2,315.28
p1_S1_N1.10,100.0,64.58,44.0,2,260.45
p1_N1_S1.13,130.0,37.46,25.0,1,219.15
p1_W_E.29,96.0,51.84,25.0,2,326.58
p1_N1_S1.14,140.0,29.57,16.0,1,208.81
p1_W_E.30,99.0,39.4,18.0,2,268.79
p1_S1_N1.11,110.0,51.46,40.0,1,231.48
p1_W_S2.3,102.0,43.23,16.0,2,282.57
p1_N1_S1.15,150.0,17.36,6.0,1,183.67
p1_S1_N1.12,120.0,56.12,36.0,1,243.63
p1_N1_S1.16,160.0,17.28,0.0,0,190.1
p1_S1_N1.13,130.0,47.94,29.0,1,239.88
p1_S1_N1.14,140.0,39.67,22.0,1,222.91
p1_N1_S1.17,170.0,5.54,0.0,0,145.94
p1_S1_N1.15,150.0,29.05,13.0,1,207.42
p1_W_E.31,105.0,34.28,11.0,2,266.23
p1_W_E.32,108.0,55.3,11.0,2,296.7
p1_W_E.33,111.0,39.76,10.0,2,293.69
p1_N2_W.3,93.0,72.79,51.0,2,335.33
p1_W_E.34,114.0,52.85,8.0,2,312.73
p1_W_E.35,117.0,42.65,5.0,2,308.93
p1_W_E.36,120.0,50.45,4.0,2,317.94
p1_N2_W.4,123.0,37.85,15.0,2,285.38
p1_W_E.37,123.0,45.49,2.0,1,323.56
p1_W_E.38,126.0,47.95,3.0,2,322.35
p1_W_S2.4,135.0,38.39,2.0,1,286.67
p1_E_N1.4,120.0,43.94,25.0,2,284.08
p1_E_W.17,123.0,46.0,23.0,2,289.92
p1_W_E.39,129.0,38.23,2.0,1,294.29
p1_E_W.18,130.0,46.48,18.0,2,303.89
p1_W_E.40,132.0,42.14,1.0,1,296.42
p1_E_W.19,137.0,41.15,12.0,2,293.35
p1_W_E.41,138.0,39.75,2.0,1,304.71
p1_W_E.42,141.0,31.52,2.0,1,269.67
p1_W_E.43,144.0,37.0,2.0,1,297.27
p1_E_W.20,144.0,25.69,2.0,1,248.16
p1_E_N1.5,150.0,26.95,0.0,0,260.81
p1_W_E.44,147.0,31.49,0.0,0,280.62
p1_E_W.21,153.0,32.57,0.0,0,277.18
p1_S1_E.3,93.0,92.61,52.0,2,397.58
p1_E_W.22,159.0,27.29,0.0,0,261.75
p1_S1_E.4,123.0,62.09,35.0,1,350.45
p1_E_W.23,166.0,17.12,0.0,0,230.64
p1_S1_E.5,153.0,37.37,11.0,1,325.67
p1_E_W.24,173.0,18.01,0.0,0,234.63
p1_W_E.45,150.0,42.32,21.0,1,314.02
p1_W_E.46,153.0,41.08,21.0,1,290.19
p1_E_W.25,180.0,7.32,0.0,0,205.61
p1_W_E.47,156.0,39.86,20.0,1,291.53
p1_S2_N2.15,150.0,66.08,56.0,1,258.35
p1_E_W.26,188.0,10.9,0.0,0,217.74
p1_E_N1.6,183.0,8.82,0.0,0,215.54
p1_E_W.27,195.0,7.05,0.0,0,190.73
p1_N2_S2.14,140.0,72.12,60.0,1,259.35
p1_S2_N2.16,160.0,56.59,44.0,1,244.22
p1_N2_S2.15,150.0,72.76,58.0,1,272.79
p1_S2_N2.17,170.0,57.04,41.0,1,247.44
p1_N2_S2.16,160.0,68.75,52.0,1,262.4
p1_S1_N1.16,160.0,69.15,50.0,2,278.44
p1_S2_N2.18,180.0,48.77,32.0,1,231.19
p1_N2_S2.17,170.0,60.45,44.0,1,260.98
p1_S2_N2.19,190.0,40.53,24.0,1,240.96
p1_S1_N1.17,170.0,61.67,41.0,1,263.49
p1_N1_S1.18,180.0,46.92,35.0,1,229.26
p1_N2_S2.18,180.0,52.31,35.0,1,247.29
p1_S2_N2.20,200.0,32.29,15.0,1,247.7
p1_S1_N1.18,180.0,53.45,41.0,1,242.87
p1_S2_N2.21,210.0,23.96,7.0,1,228.03
p1_N1_S1.19,190.0,37.4,25.0,1,211.95
p1_N2_S2.19,190.0,42.05,27.0,1,224.59
p1_S2_N2.22,220.0,13.78,0.0,0,212.3
p1_N1_S1.20,200.0,37.42,21.0,1,221.19
p1_N2_S2.20,200.0,35.05,21.0,1,226.9
p1_S2_N2.23,230.0,7.65,0.0,0,163.63
p1_S1_N1.19,190.0,48.93,34.0,1,231.3
p1_N1_S1.21,210.0,29.12,12.0,1,225.63
p1_S1_N1.20,200.0,40.73,27.0,1,224.96
p1_N1_S1.22,220.0,20.77,4.0,1,202.93
p1_N1_S1.23,230.0,8.72,0.0,0,171.94
p1_N2_S2.21,210.0,21.28,7.0,1,196.06
p1_N2_W.5,153.0,71.15,56.0,1,302.75
p1_W_E.48,159.0,60.56,42.0,2,309.6
p1_W_E.49,162.0,68.07,41.0,2,335.96
p1_W_E.50,165.0,65.11,39.0,2,333.81
p1_W_S2.5,168.0,63.48,36.0,2,314.24
p1_W_E.51,171.0,62.61,37.0,3,306.52
p1_N2_W.6,183.0,48.23,31.0,1,285.8
p1_W_E.52,174.0,56.46,32.0,2,301.89
p1_W_E.53,177.0,58.35,29.0,2,316.83
p1_W_E.54,180.0,61.68,26.0,2,327.2
p1_W_E.55,183.0,57.52,25.0,2,328.14
p1_N2_W.7,213.0,28.0,6.0,1,246.23
p1_W_E.56,186.0,57.44,23.0,2,329.45
p1_W_E.57,189.0,57.85,23.0,2,326.75
p1_W_E.58,192.0,51.39,20.0,2,297.16
p1_W_E.59,195.0,49.82,18.0,2,295.09
p1_W_S2.6,201.0,50.56,16.0,2,290.91
p1_E_N1.7,212.0,44.86,25.0,1,285.11
p1_W_E.60,198.0,40.36,15.0,1,268.03
p1_W_E.61,205.0,54.69,15.0,2,308.8
p1_E_W.28,202.0,40.09,27.0,1,262.76
p1_W_E.62,208.0,53.46,15.0,1,318.72
p1_E_W.29,209.0,52.25,26.0,1,285.4
p1_E_W.30,216.0,47.0,23.0,1,292.01
p1_S1_N1.21,210.0,75.84,58.0,2,282.16
p1_N1_S1.24,240.0,44.51,34.0,1,226.65
p1_S1_E.6,183.0,66.61,42.0,2,333.1
p1_N1_S1.25,250.0,38.08,26.0,1,227.11
p1_W_E.63,211.0,56.26,18.0,1,330.96
p1_S1_N1.22,220.0,69.58,49.0,2,273.62
p1_W_E.64,214.0,44.37,17.0,1,310.1
p1_W_E.65,217.0,42.45,17.0,1,307.22
p1_S1_N1.23,230.0,62.0,40.0,2,260.07
p1_W_E.66,220.0,50.32,17.0,1,312.05
p1_S1_N1.24,240.0,54.06,34.0,1,242.71
p1_N1_S1.26,260.0,24.64,14.0,1,195.51
p1_W_E.67,223.0,51.58,16.0,1,327.9
p1_N1_S1.27,270.0,25.95,9.0,1,198.9
p1_W_E.68,226.0,50.31,16.0,1,323.33
p1_N1_S1.28,280.0,14.22,0.0,0,193.11
p1_W_E.69,229.0,49.04,14.0,1,317.18
p1_N1_S1.29,290.0,9.57,0.0,0,176.36
p1_W_E.70,232.0,47.76,13.0,1,323.63
p1_W_S2.7,235.0,37.85,11.0,1,288.16
p1_W_E.71,238.0,40.15,10.0,1,294.2
p1_E_W.31,224.0,57.91,34.0,2,311.96
p1_W_E.72,241.0,36.03,8.0,1,282.91
p1_E_W.32,231.0,50.56,26.0,2,310.36
p1_E_W.33,238.0,49.33,21.0,2,304.6
p1_S2_N2.24,240.0,69.47,59.0,1,266.85
p1_S2_N2.25,250.0,61.39,51.0,1,249.8
p1_E_N1.8,241.0,45.76,18.0,2,301.78
p1_E_W.34,245.0,45.88,17.0,3,299.19
p1_N2_S2.22,220.0,85.95,64.0,2,300.72
p1_S2_N2.26,260.0,52.47,39.0,1,237.31
p1_N2_S2.23,230.0,76.21,61.0,1,273.65
p1_E_W.35,252.0,37.77,14.0,1,285.89
p1_S2_N2.27,270.0,43.08,31.0,1,221.19
p1_E_W.36,260.0,33.04,13.0,1,253.35
p1_S2_N2.28,280.0,38.75,24.0,1,211.69
p1_E_W.37,267.0,31.81,13.0,1,261.03
p1_S2_N2.29,290.0,30.36,14.0,1,211.64
p1_N2_S2.24,240.0,65.83,54.0,1,255.53
p1_S2_N2.30,300.0,21.18,6.0,1,198.46
p1_N2_S2.25,250.0,73.29,51.0,1,270.18
p1_E_W.38,274.0,29.1,5.0,1,249.66
p1_S2_N2.31,310.0,10.79,0.0,0,171.24
p1_N2_S2.26,260.0,64.93,45.0,1,272.25
p1_N2_S2.27,270.0,53.23,36.0,1,248.91
p1_S2_N2.32,320.0,6.15,0.0,0,151.88
p1_E_N1.9,270.0,21.8,6.0,1,241.25
p1_N2_S2.28,280.0,48.35,32.0,1,239.96
p1_E_W.39,281.0,19.59,0.0,0,242.25
p1_E_W.40,288.0,18.97,0.0,0,232.61
p1_E_W.41,296.0,14.09,0.0,0,221.8
p1_W_E.73,244.0,72.03,34.0,2,362.79
p1_N2_S2.29,290.0,31.87,16.0,1,205.44
p1_W_E.74,247.0,71.28,33.0,2,356.8
p1_N2_S2.30,300.0,31.03,11.0,1,213.44
p1_N2_W.8,243.0,74.08,53.0,1,312.29
p1_W_E.75,250.0,67.04,31.0,2,343.96
p1_W_E.76,253.0,69.95,30.0,2,352.23
p1_W_E.77,256.0,68.74,29.0,2,339.35
p1_N1_S1.30,300.0,46.33,35.0,1,228.0
p1_S1_N1.25,250.0,93.14,74.0,2,309.74
p1_N1_S1.31,310.0,39.22,27.0,1,216.72
p1_W_E.78,259.0,63.2,27.0,2,314.74
p1_S1_N1.26,260.0,90.73,69.0,2,306.17
p1_S1_E.7,213.0,116.52,79.0,3,401.67
p1_N1_S1.32,320.0,30.95,19.0,1,227.4
p1_S1_N1.27,270.0,82.53,62.0,2,300.55
p1_S1_E.8,243.0,82.53,56.0,2,349.76
p1_N1_S1.33,330.0,19.83,8.0,1,190.78
p1_W_E.79,262.0,63.65,37.0,2,323.66
p1_S1_N1.28,280.0,75.26,50.0,2,284.35
p1_N1_S1.34,340.0,17.07,1.0,1,190.66
p1_W_E.80,265.0,65.08,35.0,2,330.65
p1_N1_S1.35,350.0,8.74,0.0,0,165.31
p1_S1_N1.29,290.0,68.98,44.0,2,275.38
p1_S1_N1.30,300.0,58.38,40.0,1,245.43
p1_W_S2.8,268.0,65.9,34.0,2,343.73
p1_W_E.81,271.0,64.35,30.0,2,336.36
p1_W_E.82,274.0,69.45,31.0,2,355.47
p1_S1_N1.31,310.0,55.13,37.0,1,249.0
p1_S1_N1.32,320.0,47.22,29.0,1,230.72
p1_N1_S1.36,360.0,5.7,0.0,0,148.68
p1_W_E.83,277.0,59.02,28.0,2,322.0
p1_S1_N1.33,330.0,39.41,21.0,1,228.77
p1_W_E.84,280.0,69.07,27.0,2,336.66
p1_W_E.85,283.0,56.37,27.0,2,298.56
p1_N2_W.9,273.0,79.88,54.0,2,346.59
p1_W_E.86,286.0,56.5,26.0,2,306.66
p1_W_E.87,289.0,57.98,26.0,2,305.73
p1_E_N1.10,300.0,54.98,38.0,2,303.57
p1_W_E.88,292.0,59.51,24.0,2,322.23
p1_E_W.42,303.0,53.46,34.0,2,308.81
p1_W_E.89,295.0,62.46,24.0,2,339.62
p1_W_S2.9,301.0,58.57,17.0,2,301.46
p1_E_W.43,310.0,46.71,27.0,2,295.08
p1_E_W.44,317.0,44.32,20.0,2,304.72
p1_E_W.45,324.0,39.09,14.0,2,289.45
p1_W_E.90,298.0,43.37,17.0,2,290.59
p1_E_W.46,333.0,34.57,4.0,1,288.6
p1_W_E.91,305.0,62.08,15.0,2,317.71
p1_E_N1.11,330.0,29.33,5.0,2,266.59
p1_E_W.47,339.0,31.03,4.0,1,267.38
p1_W_E.92,308.0,47.7,13.0,2,301.61
p1_W_E.93,311.0,61.13,13.0,2,314.3
p1_E_W.48,346.0,25.72,3.0,1,255.43
p1_W_E.94,314.0,60.02,12.0,3,326.22
p1_W_E.95,317.0,52.44,9.0,2,317.31
p1_S1_E.9,273.0,99.84,62.0,3,411.87
p1_E_N1.12,363.0,15.36,0.0,0,249.52
p1_S1_E.10,303.0,67.22,39.0,1,339.76
p1_S2_N2.33,330.0,70.99,59.0,1,272.49
p1_E_W.49,353.0,10.51,0.0,0,222.02
p1_N2_S2.31,310.0,92.11,69.0,2,315.62
p1_E_W.50,360.0,21.78,0.0,0,244.79
p1_N2_S2.32,320.0,84.11,61.0,1,298.71
p1_S2_N2.34,340.0,59.8,48.0,1,254.08
p1_E_W.51,368.0,15.48,0.0,0,244.55
p1_N2_S2.33,330.0,75.94,61.0,1,270.63
p1_S2_N2.35,350.0,57.19,42.0,1,258.87
p1_E_W.52,375.0,10.23,0.0,0,213.14
p1_S2_N2.36,360.0,48.92,34.0,1,250.53
p1_N2_S2.34,340.0,70.42,58.0,1,276.11
p1_S2_N2.37,370.0,35.5,22.0,1,214.66
p1_N2_S2.35,350.0,62.29,47.0,1,246.97
p1_N2_S2.36,360.0,53.33,40.0,1,239.43
p1_S2_N2.38,380.0,24.22,12.0,1,193.94
p1_S2_N2.39,390.0,26.95,9.0,1,209.05
p1_S2_N2.40,400.0,8.15,0.0,0,165.11
p1_S2_N2.41,410.0,7.94,0.0,0,155.39
p1_S2_N2.42,420.0,5.67,0.0,0,147.72
p1_S1_N1.34,340.0,82.33,60.0,2,289.27
p1_N1_S1.37,370.0,49.93,38.0,1,240.24
p1_S1_N1.35,350.0,77.44,51.0,2,286.79
p1_N1_S1.38,380.0,48.95,32.0,1,241.31
p1_N2_S2.37,370.0,40.14,26.0,1,220.21
p1_N1_S1.39,390.0,35.97,23.0,1,225.35
p1_N2_S2.38,380.0,52.07,25.0,1,249.71
p1_N1_S1.40,400.0,32.5,14.0,1,231.02
p1_N2_S2.39,390.0,43.73,17.0,1,227.13
p1_N1_S1.41,410.0,24.21,9.0,1,218.71
p1_S1_N1.36,360.0,62.28,46.0,1,246.3
p1_N2_S2.40,400.0,32.32,9.0,1,222.76
p1_W_E.96,320.0,86.7,58.0,3,357.88
p1_N1_S1.42,420.0,15.91,0.0,0,205.04
p1_S1_N1.37,370.0,67.14,44.0,1,264.24
p1_N1_S1.43,430.0,7.68,0.0,0,163.22
p1_W_E.97,323.0,93.1,56.0,3,379.09
p1_S1_N1.38,380.0,58.92,41.0,1,267.03
p1_W_E.98,326.0,87.75,53.0,3,372.97
p1_S1_N1.39,390.0,50.52,31.0,1,249.51
p1_W_E.99,329.0,91.34,51.0,2,386.53
p1_W_E.100,332.0,90.04,50.0,2,397.0
p1_W_S2.10,335.0,88.25,48.0,3,376.94
p1_W_E.101,338.0,86.56,46.0,2,375.11
p1_W_E.102,341.0,82.12,46.0,2,349.09
p1_E_W.53,382.0,30.92,20.0,1,248.95
p1_W_E.103,344.0,86.23,45.0,2,359.45
p1_W_E.104,347.0,84.95,45.0,2,365.59
p1_E_W.54,389.0,42.41,19.0,1,281.81
p1_N2_W.10,303.0,130.17,92.0,3,433.42
p1_W_E.105,350.0,83.7,44.0,2,375.26
p1_N2_W.11,333.0,101.61,73.0,2,387.65
p1_W_E.106,353.0,78.9,42.0,2,347.11
p1_N2_W.12,363.0,71.93,43.0,2,356.23
p1_W_E.107,356.0,79.37,43.0,3,359.71
p1_N2_W.13,393.0,38.67,14.0,1,293.32
p1_W_E.108,359.0,80.25,42.0,2,352.44
p1_W_E.109,361.0,80.08,41.0,2,345.82
p1_E_N1.13,392.0,39.97,25.0,1,266.33
p1_E_W.55,396.0,36.2,20.0,1,262.86
p1_W_E.110,365.0,67.42,39.0,2,322.2
p1_W_E.111,371.0,79.05,39.0,2,338.84
p1_E_W.56,404.0,36.86,18.0,1,269.63
p1_W_S2.11,368.0,67.16,40.0,3,320.02
p1_E_W.57,411.0,40.54,17.0,1,288.32
p1_E_W.58,418.0,35.25,12.0,1,290.67
p1_E_N1.14,421.0,26.75,7.0,1,273.1
p1_E_W.59,425.0,29.96,6.0,1,291.59
p1_E_W.60,432.0,22.03,2.0,1,270.89
p1_W_E.112,374.0,60.96,36.0,2,309.75
p1_W_E.113,377.0,84.53,35.0,2,350.04
p1_W_E.114,380.0,83.29,34.0,3,353.59
p1_W_E.115,383.0,82.09,33.0,2,351.53
p1_S1_E.11,333.0,133.78,88.0,3,455.45
p1_N1_S1.44,440.0,48.91,37.0,1,236.68
p1_S1_E.12,363.0,105.54,57.0,2,405.69
p1_S1_N1.40,400.0,87.32,65.0,2,303.53
p1_S1_N1.41,410.0,81.65,59.0,2,295.24
p1_S1_E.13,393.0,72.67,36.0,2,360.57
p1_N1_S1.45,450.0,39.05,27.0,1,214.07
p1_W_E.116,386.0,86.07,36.0,3,380.31
p1_S1_N1.42,420.0,73.4,50.0,2,281.37
p1_N1_S1.46,460.0,33.98,20.0,1,218.47
p1_W_E.117,389.0,84.92,34.0,3,385.72
p1_N1_S1.47,470.0,24.89,10.0,1,207.21
p1_W_E.118,392.0,81.67,33.0,4,397.62
p1_N2_S2.41,410.0,86.79,64.0,2,299.76
p1_N1_S1.48,480.0,17.33,4.0,1,190.45
p1_N2_S2.42,420.0,78.51,61.0,1,284.41
p1_W_E.119,395.0,80.07,30.0,2,387.82
p1_S2_N2.43,430.0,64.43,52.0,1,255.39
p1_N1_S1.49,490.0,9.12,0.0,0,179.26
p1_S2_N2.44,440.0,60.17,48.0,1,263.77
p1_S1_N1.43,430.0,63.33,39.0,1,251.35
p1_S2_N2.45,450.0,50.54,38.0,1,247.28
p1_S1_N1.44,440.0,59.32,38.0,1,235.16
p1_S2_N2.46,460.0,44.25,31.0,1,240.51
p1_S1_N1.45,450.0,54.84,36.0,1,248.91
p1_S1_N1.46,460.0,46.57,30.0,1,248.03
p1_S2_N2.47,470.0,35.91,21.0,1,224.0
p1_N1_S1.50,500.0,6.14,0.0,0,160.39
p1_S2_N2.48,480.0,24.24,11.0,1,189.02
p1_N2_S2.43,430.0,68.09,54.0,1,259.43
p1_S2_N2.49,490.0,15.72,3.0,1,186.21
p1_N2_S2.44,440.0,71.7,52.0,1,273.95
p1_N2_S2.45,450.0,53.18,38.0,1,246.4
p1_S2_N2.50,500.0,6.44,0.0,0,156.14
p1_E_N1.15,450.0,44.55,14.0,1,261.35
p1_S2_N2.51,510.0,5.65,0.0,0,151.78
p1_N2_S2.46,460.0,48.96,32.0,1,235.26
p1_N2_S2.47,470.0,49.63,27.0,1,236.59
p1_N2_S2.48,480.0,41.36,19.0,1,234.63
p1_E_W.61,440.0,30.36,17.0,1,250.24
p1_N2_S2.49,490.0,33.18,13.0,1,217.22
p1_E_W.62,447.0,56.66,16.0,1,287.64
p1_N2_S2.50,500.0,21.32,3.0,1,195.39
p1_E_W.63,454.0,51.36,13.0,1,286.08
p1_E_W.64,461.0,45.93,13.0,1,287.25
p1_E_N1.16,480.0,23.97,7.0,1,242.02
p1_E_W.65,468.0,40.71,12.0,1,285.86
p1_W_S2.12,401.0,109.3,56.0,3,394.26
p1_E_W.66,476.0,34.35,12.0,1,274.49
p1_W_E.120,398.0,103.26,58.0,4,407.79
p1_W_E.121,404.0,108.96,54.0,3,409.22
p1_W_E.122,407.0,104.43,50.0,3,389.06
p1_N2_W.14,423.0,74.33,60.0,1,314.59
p1_W_E.123,410.0,101.21,49.0,3,399.51
p1_N2_W.15,453.0,58.27,37.0,1,290.75
p1_N2_W.16,483.0,38.02,18.0,1,260.31
p1_W_E.124,413.0,96.72,46.0,3,377.58
p1_W_E.125,416.0,108.66,45.0,3,399.12
p1_W_E.126,419.0,107.55,43.0,2,418.54
p1_S1_N1.47,470.0,79.63,61.0,2,293.51
p1_N1_S1.51,510.0,39.24,28.0,1,222.4
p1_W_E.127,422.0,106.21,42.0,2,422.75
p1_N1_S1.52,520.0,29.84,20.0,1,199.42
p1_W_E.128,425.0,88.99,42.0,2,371.59
p1_N1_S1.53,530.0,24.28,12.0,1,203.75
p1_W_E.129,428.0,106.29,41.0,2,388.57
p1_W_E.130,431.0,96.11,41.0,2,385.69
p1_S1_N1.48,480.0,65.78,45.0,2,258.75
p1_S1_E.14,423.0,114.24,71.0,3,404.14
p1_S1_N1.49,490.0,69.1,42.0,2,275.24
p1_S1_E.15,453.0,86.49,52.0,2,372.79
p1_S1_N1.50,500.0,55.13,35.0,1,242.53
p1_W_S2.13,434.0,97.11,50.0,4,396.04
p1_S1_N1.51,510.0,53.03,34.0,1,249.93
p1_W_E.131,437.0,96.7,46.0,3,378.66
p1_W_E.132,440.0,103.79,43.0,3,406.0
p1_W_E.133,443.0,103.02,43.0,3,409.32
p1_S1_N1.52,520.0,43.32,27.0,1,232.15
p1_W_E.134,446.0,97.07,43.0,3,383.53
p1_N1_S1.54,540.0,7.86,0.0,0,157.05
p1_S1_N1.53,530.0,40.07,20.0,1,237.12
p1_N1_S1.55,550.0,20.78,0.0,0,168.21
p1_W_E.135,449.0,100.63,40.0,3,404.16
p1_S1_N1.54,540.0,31.51,15.0,1,220.03
p1_N1_S1.56,560.0,6.4,0.0,0,150.58
p1_W_E.136,451.0,100.31,40.0,3,391.75
p1_W_E.137,455.0,96.68,39.0,3,394.1
p1_E_W.67,483.0,66.84,49.0,2,311.31
p1_E_W.68,490.0,71.54,44.0,2,333.6
p1_E_W.69,497.0,66.16,37.0,2,337.77
p1_N2_S2.51,510.0,70.05,53.0,1,264.58
p1_W_E.138,458.0,77.48,34.0,3,334.76
p1_E_W.70,504.0,60.96,32.0,2,347.87
p1_N2_S2.52,520.0,66.04,51.0,1,253.73
p1_W_E.139,461.0,93.04,34.0,3,362.2
p1_E_N1.17,510.0,55.13,29.0,2,329.9
p1_E_W.71,513.0,53.86,26.0,2,314.81
p1_S2_N2.52,520.0,58.1,48.0,1,243.04
p1_S2_N2.53,530.0,59.87,42.0,1,247.64
p1_E_W.72,519.0,48.25,18.0,2,305.89
p1_S2_N2.54,540.0,51.01,35.0,1,246.64
p1_N2_S2.53,530.0,54.97,43.0,1,242.15
p1_E_W.73,526.0,43.74,13.0,2,293.45
p1_S2_N2.55,550.0,37.6,24.0,1,228.5
p1_E_W.74,533.0,40.16,12.0,1,301.98
p1_N2_S2.54,540.0,46.41,36.0,1,225.77
p1_S2_N2.56,560.0,35.09,18.0,1,236.19
p1_E_W.75,540.0,29.22,12.0,1,234.48
p1_N2_S2.55,550.0,43.04,29.0,1,222.54
p1_S2_N2.57,570.0,17.44,5.0,1,186.25
p1_E_N1.18,543.0,33.3,11.0,1,259.99
p1_S2_N2.58,580.0,19.57,1.0,1,185.13
p1_E_W.76,548.0,28.93,10.0,1,253.15
p1_S2_N2.59,590.0,10.13,0.0,0,168.12
p1_E_W.77,555.0,26.25,8.0,1,260.04
p1_N2_S2.56,560.0,29.48,15.0,1,206.45
p1_E_W.78,562.0,17.41,0.0,0,235.15
p1_S2_N2.60,600.0,5.59,0.0,0,144.27
p1_N2_W.17,513.0,73.49,52.0,1,317.22
p1_N2_S2.57,570.0,37.63,13.0,1,220.31
p1_N2_S2.58,580.0,29.66,7.0,1,215.06
p1_N2_S2.59,590.0,15.47,0.0,0,203.77
p1_W_E.140,464.0,129.89,68.0,4,417.25
p1_W_S2.14,467.0,128.83,64.0,4,412.66
p1_W_E.141,470.0,127.96,62.0,4,419.16
p1_S1_N1.55,550.0,70.13,49.0,2,282.76
p1_W_E.142,473.0,127.11,59.0,4,412.36
p1_S1_N1.56,560.0,62.3,41.0,1,264.44
p1_S1_N1.57,570.0,52.06,41.0,1,233.29
p1_W_E.143,476.0,120.33,58.0,4,396.66
p1_N1_S1.57,570.0,44.77,35.0,1,229.56
p1_N1_S1.58,580.0,48.76,32.0,1,235.46
p1_W_E.144,479.0,121.55,54.0,4,413.58
p1_S1_N1.58,580.0,49.33,35.0,1,233.94
p1_N1_S1.59,590.0,40.51,22.0,1,236.12
p1_S1_E.16,483.0,118.84,74.0,3,412.71
p1_S1_E.17,513.0,89.78,60.0,2,353.27
p1_S1_N1.59,590.0,39.5,27.0,1,217.07
p1_N1_S1.60,600.0,28.36,12.0,1,208.47
p1_S1_E.18,543.0,62.9,35.0,2,333.77
p1_S1_N1.60,600.0,34.35,19.0,1,213.67
p1_N1_S1.61,610.0,24.11,5.0,1,223.64
p1_W_E.145,482.0,132.5,74.0,4,427.15
p1_N1_S1.62,620.0,15.93,0.0,0,207.22
p1_N1_S1.63,630.0,7.04,0.0,0,159.89
p1_W_E.146,485.0,122.62,70.0,4,406.95
p1_S1_N1.61,610.0,26.83,11.0,1,203.16
p1_S1_N1.62,620.0,20.23,5.0,1,199.67
p1_W_E.147,488.0,120.04,67.0,4,406.73
p1_S1_N1.63,630.0,10.72,0.0,0,176.75
p1_W_E.148,491.0,130.73,62.0,5,428.99
p1_W_E.149,494.0,129.56,59.0,3,429.85
p1_W_E.150,497.0,128.23,58.0,4,436.66
p1_W_E.151,503.0,124.76,54.0,4,419.89
p1_N2_W.18,543.0,83.66,60.0,2,361.08
p1_W_S2.15,500.0,116.33,55.0,3,412.0
p1_N2_W.19,573.0,52.9,28.0,2,309.74
p1_W_E.152,506.0,119.41,52.0,4,418.25
p1_W_E.153,509.0,125.48,51.0,3,441.45
p1_E_W.79,569.0,56.23,36.0,2,298.83
p1_W_E.154,512.0,120.88,52.0,3,428.73
p1_E_W.80,576.0,60.5,32.0,2,318.32
p1_W_E.155,514.0,123.96,51.0,3,449.97
p1_E_N1.19,572.0,57.38,35.0,2,297.07
p1_E_W.81,584.0,51.47,25.0,2,305.82
p1_W_E.156,518.0,114.46,46.0,3,411.33
p1_W_E.157,521.0,120.76,48.0,4,415.14
p1_E_W.82,591.0,44.41,18.0,2,289.52
p1_W_E.158,524.0,119.57,48.0,3,419.22
p1_E_W.83,598.0,45.61,15.0,2,303.47
p1_E_N1.20,601.0,43.45,14.0,2,300.91
p1_W_E.159,527.0,115.84,47.0,3,432.61
p1_W_E.160,530.0,117.11,46.0,4,428.2
p1_E_W.84,605.0,41.34,9.0,1,303.39
p1_W_E.161,536.0,113.93,43.0,3,404.93
p1_W_S2.16,533.0,111.45,44.0,4,399.46
p1_E_W.85,612.0,31.98,3.0,1,260.56
p1_E_W.86,620.0,33.17,0.0,0,258.4
p1_E_W.87,627.0,24.35,0.0,0,250.77
p1_E_N1.21,630.0,25.4,0.0,0,254.07
p1_N2_S2.60,600.0,72.57,62.0,1,270.07
p1_S2_N2.61,610.0,63.46,54.0,1,252.85
p1_N2_S2.61,610.0,76.11,60.0,1,274.27
p1_S2_N2.62,620.0,61.41,46.0,1,252.49
p1_N2_S2.62,620.0,64.55,51.0,1,260.4
p1_S2_N2.63,630.0,52.37,38.0,1,255.07
p1_N2_S2.63,630.0,59.61,44.0,1,262.46
p1_S2_N2.64,640.0,49.9,32.0,1,254.55
p1_N2_S2.64,640.0,51.47,35.0,1,240.66
p1_S2_N2.65,650.0,31.7,19.0,1,204.57
p1_N2_S2.65,650.0,43.26,27.0,1,228.72
p1_S2_N2.66,660.0,31.07,12.0,1,223.07
p1_N2_S2.66,660.0,35.05,18.0,1,216.21
p1_S2_N2.67,670.0,19.55,3.0,1,196.41
p1_S2_N2.68,680.0,10.77,0.0,0,179.88
p1_E_N1.22,660.0,13.55,0.0,0,200.86
p1_N2_S2.67,670.0,29.63,12.0,1,212.4
p1_S1_N1.64,640.0,61.11,50.0,1,253.68
p1_E_W.88,634.0,10.27,0.0,0,216.7
p1_S1_N1.65,650.0,53.3,40.0,1,239.22
p1_E_W.89,641.0,41.75,0.0,0,244.07
p1_S1_N1.66,660.0,44.75,32.0,1,228.17
p1_W_E.162,539.0,145.86,74.0,5,470.32
p1_E_W.90,648.0,35.38,0.0,0,244.37
p1_S2_N2.69,690.0,6.45,0.0,0,154.44
p1_N1_S1.64,640.0,56.06,46.0,1,233.49
p1_W_E.163,542.0,144.78,72.0,5,468.09
p1_E_W.91,656.0,30.28,0.0,0,248.72
p1_N1_S1.65,650.0,52.19,39.0,1,237.03
p1_S1_N1.67,670.0,39.32,28.0,1,216.88
p1_S1_E.19,573.0,115.8,76.0,3,422.01
p1_N1_S1.66,660.0,47.36,31.0,1,229.14
p1_S1_N1.68,680.0,31.29,17.0,1,207.82
p1_S1_N1.69,690.0,23.04,9.0,1,199.65
p1_S1_E.20,603.0,86.58,48.0,3,372.79
p1_N1_S1.67,670.0,31.26,20.0,1,205.11
p1_S1_E.21,633.0,60.99,25.0,1,343.38
p1_N1_S1.68,680.0,35.77,16.0,1,216.42
p1_N1_S1.69,690.0,23.43,7.0,1,208.49
p1_S1_N1.70,700.0,18.31,3.0,1,192.89
p1_N1_S1.70,700.0,19.43,0.0,0,201.55
p1_W_E.164,545.0,144.21,82.0,5,471.29
p1_N1_S1.71,710.0,11.18,0.0,0,175.51
p1_W_E.165,548.0,149.72,84.0,4,477.98
p1_W_E.166,551.0,150.94,81.0,7,486.0
p1_E_W.92,663.0,37.28,21.0,1,252.15
p1_N2_W.20,603.0,102.32,77.0,2,377.5
p1_N2_W.21,633.0,73.63,51.0,2,344.51
p1_W_E.167,554.0,131.68,78.0,5,423.89
p1_W_E.168,557.0,146.14,77.0,5,438.16
p1_N2_W.22,663.0,36.02,14.0,1,273.16
p1_W_E.169,560.0,156.0,73.0,4,446.85
p1_E_W.93,670.0,46.43,26.0,1,306.07
p1_W_E.170,563.0,148.08,71.0,4,462.62
p1_E_W.94,677.0,41.07,20.0,1,292.31
p1_E_N1.23,690.0,27.12,9.0,1,262.64
p1_W_S2.17,566.0,133.61,69.0,4,458.41
p1_W_E.171,569.0,145.8,66.0,4,457.17
p1_E_W.95,684.0,35.89,15.0,1,282.74
p1_W_E.172,572.0,149.31,63.0,5,456.71
p1_W_E.173,575.0,148.03,63.0,4,449.85
p1_E_W.96,693.0,18.86,5.0,1,232.76
p1_W_E.174,578.0,138.28,63.0,4,454.07
p1_E_W.97,699.0,23.74,4.0,1,245.59
p1_W_E.175,581.0,145.97,61.0,4,456.08
p1_E_W.98,706.0,12.21,0.0,0,236.17
p1_W_E.176,584.0,144.71,58.0,4,456.67
p1_E_W.99,713.0,15.45,0.0,0,227.07
p1_E_N1.24,723.0,7.34,0.0,0,213.1
p1_W_E.177,587.0,129.49,57.0,5,428.63
p1_E_W.100,720.0,11.36,0.0,0,231.71
p1_W_E.178,600.0,127.02,52.0,3,422.1
p1_W_S2.18,610.0,122.56,49.0,4,408.9
p1_W_E.179,604.0,130.64,50.0,3,432.55
p1_W_E.180,607.0,129.4,51.0,4,454.25
p1_W_E.181,613.0,125.13,50.0,5,451.12
p1_W_E.182,616.0,123.83,46.0,3,427.88
p1_W_E.183,619.0,122.83,46.0,3,419.2
p1_E_W.101,728.0,7.79,0.0,0,195.88
p1_W_E.184,622.0,121.57,47.0,3,419.28
p1_E_W.102,735.0,8.7,0.0,0,200.25
p1_S1_E.22,663.0,82.32,49.0,2,367.11
p1_N2_S2.68,680.0,89.95,67.0,2,308.32
p1_N2_S2.69,690.0,81.91,61.0,1,287.94
p1_S2_N2.70,700.0,68.72,56.0,1,258.9
p1_N1_S1.72,720.0,52.76,41.0,1,242.52
p1_S2_N2.71,710.0,64.39,51.0,1,263.91
p1_N1_S1.73,730.0,44.73,31.0,1,226.07
p1_N2_S2.70,700.0,75.16,61.0,1,279.87
p1_S2_N2.72,720.0,56.08,42.0,1,250.75
p1_N2_S2.71,710.0,67.04,54.0,1,261.96
p1_S1_N1.71,710.0,56.72,47.0,1,251.09
p1_N2_S2.72,720.0,58.14,45.0,1,249.92
p1_S2_N2.73,730.0,41.48,28.0,1,213.29
p1_S1_N1.72,720.0,60.96,43.0,1,251.18
p1_N1_S1.74,740.0,32.12,20.0,1,200.71
p1_S1_N1.73,730.0,46.22,34.0,1,234.4
p1_S2_N2.74,740.0,42.0,24.0,1,223.6
p1_N1_S1.75,750.0,32.92,15.0,1,216.11
p1_S2_N2.75,750.0,33.6,16.0,1,219.94
p1_N2_S2.73,730.0,54.22,38.0,1,246.82
p1_S1_N1.74,740.0,39.54,24.0,1,224.49
p1_N1_S1.76,760.0,21.28,5.0,1,195.86
p1_S2_N2.76,760.0,23.05,6.0,1,206.82
p1_S1_N1.75,750.0,36.26,20.0,1,224.47
p1_N1_S1.77,770.0,16.48,0.0,0,207.72
p1_S2_N2.77,770.0,17.17,0.0,0,211.39
p1_S1_N1.76,760.0,28.14,13.0,1,210.27
p1_N1_S1.78,780.0,8.17,0.0,0,164.46
p1_S2_N2.78,780.0,9.0,0.0,0,175.6
p1_N2_S2.74,740.0,41.5,29.0,1,222.83
p1_S1_N1.77,770.0,18.09,2.0,1,189.76
p1_N2_S2.75,750.0,44.2,24.0,1,235.36
p1_S1_N1.78,780.0,8.25,0.0,0,155.69
p1_N2_S2.76,760.0,35.93,17.0,1,239.26
p1_S2_N2.79,790.0,5.38,0.0,0,153.21
p1_N2_S2.77,770.0,19.61,4.0,1,192.32
p1_E_W.103,742.0,36.63,26.0,1,262.22
p1_N2_S2.78,780.0,17.31,0.0,0,195.72
p1_S1_E.23,693.0,86.08,48.0,3,372.72
p1_W_E.185,625.0,159.96,87.0,7,496.67
p1_E_N1.25,752.0,27.74,5.0,1,240.52
p1_W_E.186,629.0,157.69,81.0,5,504.71
p1_E_W.104,749.0,19.19,7.0,1,229.35
p1_N2_W.23,693.0,97.13,64.0,2,363.79
p1_N2_W.24,723.0,58.38,42.0,1,305.9
p1_N2_W.25,753.0,40.9,21.0,1,278.56
p1_W_S2.19,644.0,149.97,66.0,4,448.81
p1_W_E.187,632.0,138.14,79.0,5,442.16
p1_W_E.188,635.0,152.41,77.0,5,457.05
p1_W_E.189,638.0,164.92,74.0,5,473.71
p1_E_W.105,756.0,46.87,31.0,1,268.61
p1_W_E.190,641.0,154.66,71.0,5,465.42
p1_E_W.106,764.0,41.84,30.0,1,279.77
p1_W_E.191,647.0,159.51,62.0,4,457.69
p1_W_E.192,665.0,139.59,58.0,4,443.85
p1_W_E.193,669.0,141.0,56.0,5,433.2
p1_W_E.194,672.0,139.76,57.0,5,443.78
p1_W_E.195,675.0,130.86,55.0,4,426.57
p1_W_E.196,678.0,135.63,53.0,3,425.73
p1_E_W.107,771.0,31.67,18.0,1,259.5
p1_W_E.197,681.0,136.43,51.0,3,438.52
p1_E_W.108,778.0,39.75,18.0,1,270.89
p1_W_E.198,684.0,135.1,50.0,4,432.6
p1_E_N1.26,781.0,28.7,14.0,1,255.26
p1_W_E.199,687.0,120.86,50.0,5,407.57
p1_E_W.109,785.0,29.69,10.0,1,258.07
p1_E_W.110,792.0,27.15,9.0,1,266.51
p1_S1_E.24,723.0,100.2,66.0,2,379.87
p1_W_S2.20,693.0,130.58,58.0,5,442.05
p1_S1_E.25,753.0,66.75,35.0,2,341.83
p1_S1_E.26,783.0,39.75,10.0,1,298.04
p1_W_E.200,690.0,138.35,59.0,6,461.8
p1_W_E.201,696.0,134.29,55.0,5,461.2
p1_N1_S1.79,790.0,62.26,46.0,1,256.67
p1_S1_N1.79,790.0,61.28,49.0,2,249.46
p1_N1_S1.80,800.0,52.22,39.0,1,245.62
p1_W_E.202,699.0,117.87,51.0,4,414.54
p1_S1_N1.80,800.0,54.07,38.0,2,242.66
p1_W_E.203,702.0,125.65,50.0,5,420.0
p1_S1_N1.81,810.0,48.63,31.0,1,236.28
p1_N1_S1.81,810.0,41.9,28.0,1,215.59
p1_W_E.204,705.0,133.65,47.0,5,436.69
p1_N1_S1.82,820.0,37.51,20.0,1,218.15
p1_S1_N1.82,820.0,41.41,24.0,1,220.56
p1_W_E.205,708.0,132.4,44.0,4,427.04
p1_W_E.206,711.0,131.18,41.0,4,437.23
p1_N1_S1.83,830.0,29.9,12.0,1,219.31
p1_S1_N1.83,830.0,33.34,15.0,1,206.82
p1_W_E.207,714.0,129.85,42.0,4,436.52
p1_N1_S1.84,840.0,19.12,3.0,1,182.52
p1_S1_N1.84,840.0,22.86,5.0,1,182.7
p1_N1_S1.85,850.0,16.57,0.0,0,196.19
p1_S2_N2.80,800.0,64.52,52.0,1,264.33
p1_N1_S1.86,860.0,8.31,0.0,0,162.12
p1_S2_N2.81,810.0,55.12,42.0,1,242.29
p1_N2_S2.79,790.0,74.82,61.0,1,256.56
p1_S2_N2.82,820.0,47.06,34.0,1,231.48
p1_S2_N2.83,830.0,44.32,29.0,1,239.67
p1_E_W.111,800.0,43.28,23.0,1,286.79
p1_E_N1.27,810.0,44.11,21.0,1,301.12
p1_E_W.112,807.0,48.57,22.0,1,292.77
p1_S2_N2.84,840.0,30.03,16.0,1,197.6
p1_N2_S2.80,800.0,62.96,51.0,1,249.0
p1_S2_N2.85,850.0,29.37,11.0,1,214.09
p1_N2_S2.81,810.0,63.67,48.0,1,260.56
p1_E_W.113,814.0,37.97,20.0,1,274.97
p1_E_W.114,821.0,39.02,20.0,1,253.62
p1_S2_N2.86,860.0,18.7,3.0,1,216.74
p1_N2_S2.82,820.0,61.95,43.0,1,271.47
p1_E_W.115,828.0,33.75,18.0,1,254.75
p1_N2_S2.83,830.0,53.65,35.0,1,249.98
p1_S2_N2.87,870.0,10.68,0.0,0,182.41
p1_E_W.116,836.0,22.99,9.0,1,240.41
p1_N2_S2.84,840.0,35.75,22.0,1,209.03
p1_S2_N2.88,880.0,5.62,0.0,0,154.87
p1_E_N1.28,840.0,20.04,5.0,1,239.6
p1_E_W.117,843.0,23.54,3.0,1,250.62
p1_N2_S2.85,850.0,37.93,18.0,1,224.54
p1_N2_S2.86,860.0,29.6,11.0,1,225.31
p1_E_W.118,850.0,18.79,2.0,1,227.65
p1_N2_S2.87,870.0,21.49,3.0,1,212.94
p1_N2_W.26,783.0,87.2,62.0,1,356.77
p1_W_E.208,717.0,160.25,73.0,5,481.41
p1_W_E.209,720.0,154.35,69.0,5,459.98
p1_W_E.210,723.0,160.52,64.0,5,476.72
p1_N2_W.27,813.0,58.82,44.0,1,300.02
p1_N2_W.28,843.0,44.02,20.0,1,282.45
p1_W_S2.21,726.0,153.35,63.0,5,466.54
p1_W_E.211,735.0,145.64,60.0,5,446.23
p1_W_E.212,738.0,140.67,58.0,3,442.94
p1_W_E.213,741.0,154.55,57.0,3,461.15
p1_N1_S1.87,870.0,41.53,30.0,1,222.67
p1_S1_N1.85,850.0,63.83,42.0,1,260.88
p1_W_E.214,745.0,145.44,58.0,3,472.86
p1_N1_S1.88,880.0,37.61,24.0,1,224.6
p1_W_E.215,748.0,151.11,57.0,3,475.54
p1_S1_N1.86,860.0,60.25,42.0,1,259.63
p1_N1_S1.89,890.0,31.14,17.0,1,221.54
p1_W_E.216,751.0,148.97,58.0,3,494.18
p1_S1_N1.87,870.0,52.12,38.0,1,249.53
p1_N1_S1.90,900.0,22.94,9.0,1,213.85
p1_W_E.217,754.0,148.51,56.0,3,485.43
p1_N1_S1.91,910.0,10.81,0.0,0,183.4
p1_S1_E.27,813.0,91.19,58.0,2,378.4
p1_W_E.218,757.0,149.05,70.0,4,480.19
p1_S1_N1.88,880.0,44.48,31.0,1,229.32
p1_N1_S1.92,920.0,5.58,0.0,0,146.95
p1_W_S2.22,766.0,141.04,63.0,4,456.74
p1_W_E.219,760.0,147.78,70.0,6,486.67
p1_W_E.220,763.0,146.62,68.0,4,485.3
p1_S1_N1.89,890.0,34.04,18.0,1,206.75
p1_W_E.221,769.0,134.58,61.0,4,431.77
p1_S1_N1.90,900.0,34.2,15.0,1,217.97
p1_W_E.222,772.0,142.53,60.0,5,454.83
p1_W_E.223,775.0,141.16,59.0,4,456.94
p1_N2_W.29,873.0,42.84,18.0,2,296.79
p1_W_E.224,778.0,140.01,57.0,4,452.64
p1_W_E.225,781.0,138.74,55.0,4,463.55
p1_W_E.226,784.0,131.81,52.0,4,422.45
p1_E_N1.29,870.0,49.1,25.0,2,293.73
p1_E_W.119,857.0,48.08,32.0,2,291.45
p1_E_W.120,864.0,64.11,29.0,2,304.59
p1_E_W.121,873.0,56.93,24.0,2,321.88
p1_E_W.122,879.0,52.63,19.0,2,323.49
p1_W_S2.23,799.0,131.27,43.0,4,406.65
p1_E_W.123,886.0,47.31,13.0,2,315.36
p1_E_W.124,893.0,38.89,5.0,2,317.78
p1_W_E.227,787.0,118.33,52.0,4,399.44
p1_W_E.228,790.0,147.1,50.0,4,403.74
p1_E_W.125,900.0,36.6,3.0,1,312.18
p1_W_E.229,793.0,145.87,49.0,4,431.3
p1_E_N1.30,903.0,28.98,3.0,1,282.76
p1_E_W.126,908.0,28.63,2.0,1,265.11
p1_N2_S2.88,880.0,81.4,64.0,1,295.01
p1_W_E.230,796.0,130.28,46.0,4,421.72
p1_S2_N2.89,890.0,70.37,60.0,1,263.4
p1_E_W.127,915.0,22.77,3.0,1,247.39
p1_N2_S2.89,890.0,73.17,62.0,1,276.77
p1_S2_N2.90,900.0,63.71,51.0,1,261.66
p1_W_E.231,802.0,140.56,40.0,4,420.38
p1_E_W.128,922.0,19.95,1.0,1,248.79
p1_S2_N2.91,910.0,55.36,42.0,1,249.87
p1_N2_S2.90,900.0,64.77,53.0,1,254.74
p1_E_W.129,929.0,15.38,0.0,0,240.44
p1_S2_N2.92,920.0,47.54,35.0,1,226.09
p1_E_N1.31,932.0,14.36,0.0,0,230.86
p1_S2_N2.93,930.0,39.31,25.0,1,222.39
p1_E_W.130,936.0,12.02,0.0,0,218.39
p1_S2_N2.94,940.0,31.0,19.0,1,210.54
p1_E_W.131,944.0,6.39,0.0,0,199.99
p1_S2_N2.95,950.0,22.2,10.0,1,190.25
p1_N2_S2.91,910.0,57.09,43.0,1,238.74
p1_N2_S2.92,920.0,55.5,39.0,1,263.17
p1_N2_S2.93,930.0,47.28,29.0,1,243.47
p1_S2_N2.96,960.0,11.82,0.0,0,168.37
p1_S2_N2.97,970.0,9.06,0.0,0,165.08
p1_N2_S2.94,940.0,35.78,20.0,1,213.84
p1_N2_S2.95,950.0,33.59,16.0,1,216.52
p1_N1_S1.93,930.0,55.71,43.0,1,245.74
p1_N2_S2.96,960.0,25.36,6.0,1,215.12
p1_S1_N1.91,910.0,73.8,53.0,2,283.54
p1_N1_S1.94,940.0,47.53,36.0,1,230.92
p1_N1_S1.95,950.0,39.22,28.0,1,216.54
p1_W_E.232,811.0,153.28,65.0,5,447.73
p1_W_E.233,814.0,157.57,67.0,5,454.38
p1_S1_N1.92,920.0,63.22,45.0,1,254.43
p1_N1_S1.96,960.0,29.82,17.0,1,206.71
p1_S1_N1.93,930.0,64.54,44.0,1,253.94
p1_N1_S1.97,970.0,24.59,10.0,1,204.31
p1_W_E.234,817.0,156.42,65.0,5,446.7
p1_S1_N1.94,940.0,56.33,39.0,1,252.6
p1_W_E.235,820.0,149.99,65.0,5,426.33
p1_S1_N1.95,950.0,48.05,31.0,1,241.87
p1_N1_S1.98,980.0,10.46,0.0,0,165.38
p1_S1_E.28,843.0,126.5,80.0,4,422.66
p1_S1_N1.96,960.0,34.37,21.0,1,212.37
p1_N1_S1.99,990.0,7.93,0.0,0,155.44
p1_S1_E.29,873.0,100.26,64.0,3,378.49
p1_S1_N1.97,970.0,33.54,15.0,1,216.67
p1_S1_E.30,903.0,79.85,39.0,2,345.65
p1_S1_N1.98,980.0,25.35,10.0,1,205.25
p1_W_E.236,823.0,162.0,74.0,5,488.56
p1_S1_N1.99,990.0,17.02,0.0,0,206.36
p1_W_E.237,826.0,148.07,71.0,6,441.34
p1_N2_W.30,903.0,88.85,67.0,2,358.89
p1_N2_W.31,933.0,61.36,39.0,2,312.05
p1_E_W.132,951.0,45.29,28.0,1,288.47
p1_W_E.238,829.0,141.77,68.0,5,435.36
p1_W_S2.24,840.0,147.12,64.0,7,460.48
p1_W_E.239,832.0,163.85,69.0,6,450.73
p1_W_E.240,837.0,163.95,67.0,6,477.75
p1_E_N1.32,961.0,39.42,15.0,1,279.18
p1_W_E.241,844.0,143.3,63.0,5,425.66
p1_E_W.133,958.0,30.98,17.0,1,254.78
p1_W_E.242,848.0,156.53,62.0,5,453.29
p1_W_E.243,851.0,155.31,60.0,4,459.8
p1_W_E.244,854.0,153.96,58.0,4,452.93
p1_W_E.245,857.0,141.03,59.0,5,439.96
p1_E_W.134,965.0,26.11,12.0,1,250.03
p1_E_W.135,972.0,39.17,12.0,1,260.25
p1_W_E.246,863.0,148.7,59.0,5,434.75
p1_E_N1.33,990.0,21.63,0.0,0,258.19
p1_E_W.136,980.0,22.9,4.0,1,254.09
p1_W_E.247,889.0,124.46,47.0,4,427.21
p1_E_W.137,987.0,26.72,2.0,1,272.04
p1_W_E.248,892.0,105.66,49.0,4,376.81
p1_E_W.138,994.0,16.85,0.0,0,257.63
p1_W_E.249,895.0,114.34,45.0,4,410.59
p1_E_W.139,1001.0,14.18,0.0,0,247.36
p1_W_E.250,898.0,115.73,46.0,3,402.26
p1_W_E.251,904.0,110.39,43.0,3,403.71
p1_W_S2.25,901.0,106.3,45.0,3,387.79
p1_W_E.252,907.0,112.59,43.0,3,419.06
p1_W_E.253,910.0,115.49,40.0,3,411.5
p1_W_E.254,913.0,114.29,41.0,3,416.32
p1_S1_E.31,933.0,95.99,61.0,2,405.48
p1_S2_N2.98,980.0,72.7,61.0,1,271.06
p1_N2_S2.97,970.0,84.74,63.0,1,300.96
p1_E_N1.34,1020.0,12.37,0.0,0,213.96
p1_S2_N2.99,990.0,64.99,52.0,1,261.86
p1_E_W.140,1008.0,8.95,0.0,0,203.62
p1_N2_S2.98,980.0,77.2,63.0,1,272.5
p1_S2_N2.100,1000.0,56.84,44.0,1,251.14
p1_S2_N2.101,1010.0,48.67,37.0,1,234.21
p1_E_W.141,1016.0,20.49,0.0,0,218.56
p1_E_W.142,1023.0,15.15,0.0,0,226.78
p1_S2_N2.102,1020.0,39.73,28.0,1,220.78
p1_E_W.143,1030.0,9.89,0.0,0,215.01
p1_S2_N2.103,1030.0,33.37,19.0,1,219.03
p1_N2_S2.99,990.0,63.38,50.0,1,252.37
p1_S1_N1.100,1000.0,65.82,50.0,1,259.57
p1_N2_S2.100,1000.0,67.61,49.0,1,273.81
p1_S2_N2.104,1040.0,20.08,7.0,1,191.48
p1_N1_S1.100,1000.0,61.62,49.0,1,248.53
p1_S1_N1.101,1010.0,55.42,44.0,1,241.29
p1_S2_N2.105,1050.0,19.31,3.0,1,186.93
p1_N1_S1.101,1010.0,58.31,45.0,1,254.43
p1_N2_S2.101,1010.0,50.76,36.0,1,233.45
p1_S1_N1.102,1020.0,49.92,36.0,1,234.54
p1_N1_S1.102,1020.0,52.97,38.0,1,250.53
p1_S2_N2.106,1060.0,6.25,0.0,0,151.14
p1_N2_S2.102,1020.0,53.91,30.0,1,246.68
p1_S1_N1.103,1030.0,45.88,30.0,1,232.41
p1_N2_S2.103,1030.0,46.67,26.0,1,242.78
p1_S2_N2.107,1070.0,6.33,0.0,0,149.8
p1_N1_S1.103,1030.0,36.62,25.0,1,208.49
p1_S1_N1.104,1040.0,37.83,24.0,1,222.93
p1_N2_S2.104,1040.0,38.34,17.0,1,231.68
p1_N1_S1.104,1040.0,39.33,21.0,1,213.17
p1_N2_S2.105,1050.0,27.21,9.0,1,206.51
p1_N1_S1.105,1050.0,24.75,11.0,1,191.01
p1_S1_N1.105,1050.0,27.43,12.0,1,204.41
p1_N1_S1.106,1060.0,22.58,4.0,1,203.62
p1_N1_S1.107,1070.0,12.69,0.0,0,181.22
p1_S1_E.32,963.0,100.51,58.0,3,396.11
p1_S1_N1.106,1060.0,24.35,8.0,1,199.4
p1_N1_S1.108,1080.0,6.45,0.0,0,156.75
p1_S1_N1.107,1070.0,16.97,0.0,0,195.95
p1_S1_E.33,993.0,72.92,32.0,2,365.9
p1_W_E.255,916.0,149.56,79.0,4,484.2
p1_S1_N1.108,1080.0,6.37,0.0,0,153.54
p1_W_E.256,919.0,152.33,76.0,4,499.21
p1_W_E.257,922.0,148.94,73.0,5,469.81
p1_W_E.258,925.0,145.61,72.0,5,462.06
p1_W_E.259,928.0,148.57,69.0,4,454.97
p1_E_W.144,1037.0,40.86,29.0,1,267.27
p1_W_E.260,931.0,146.95,65.0,4,452.97
p1_W_S2.26,934.0,147.15,63.0,4,449.72
p1_W_E.261,937.0,145.97,62.0,4,448.22
p1_W_E.262,940.0,144.84,59.0,5,455.15
p1_W_E.263,943.0,141.99,56.0,5,448.84
p1_W_E.264,946.0,140.1,58.0,4,452.11
p1_N2_W.32,963.0,98.4,79.0,2,377.79
p1_W_E.265,958.0,129.32,53.0,4,433.46
p1_N2_W.33,992.0,95.88,60.0,2,373.68
p1_N2_W.34,1023.0,69.07,33.0,2,349.01
p1_N2_W.35,1053.0,37.49,7.0,1,294.37
p1_E_W.145,1044.0,53.73,30.0,1,309.15
p1_W_E.266,961.0,122.02,53.0,4,420.35
p1_E_N1.35,1050.0,37.0,23.0,1,273.87
p1_W_E.267,964.0,127.7,51.0,3,424.09
p1_E_W.146,1053.0,46.46,21.0,1,299.15
p1_W_E.268,968.0,132.11,50.0,3,441.89
p1_E_W.147,1059.0,42.33,19.0,1,295.67
p1_W_S2.27,977.0,125.63,49.0,4,430.63
p1_E_W.148,1066.0,35.23,12.0,1,282.43
p1_W_E.269,971.0,132.32,52.0,4,449.61
p1_W_E.270,974.0,128.3,49.0,3,451.45
p1_E_W.149,1073.0,31.73,8.0,1,285.21
p1_W_E.271,980.0,126.94,49.0,3,431.96
p1_E_W.150,1080.0,26.46,3.0,1,281.9
p1_E_N1.36,1083.0,23.22,3.0,1,262.95
p1_W_E.272,983.0,125.6,48.0,3,441.71
p1_E_W.151,1088.0,20.24,0.0,0,265.55
p1_E_W.152,1095.0,14.96,0.0,0,232.76
p1_W_E.273,986.0,124.47,46.0,3,444.65
p1_E_W.153,1102.0,9.81,0.0,0,217.02
p1_E_W.154,1109.0,7.03,0.0,0,194.08
p1_S1_E.34,1023.0,76.86,51.0,2,344.87
p1_S1_E.35,1053.0,64.83,27.0,2,334.5
p1_S1_E.36,1083.0,30.77,8.0,1,279.43
p1_W_E.274,989.0,128.63,60.0,4,454.55
p1_W_E.275,992.0,123.48,59.0,4,450.3
p1_W_E.276,995.0,121.37,55.0,4,440.6
p1_N1_S1.109,1090.0,57.63,46.0,1,252.05
p1_S2_N2.108,1080.0,68.35,57.0,1,260.69
p1_S1_N1.109,1090.0,56.23,45.0,1,244.93
p1_W_E.277,998.0,124.18,52.0,3,448.0
p1_N1_S1.110,1100.0,49.41,37.0,1,236.59
p1_N2_S2.106,1060.0,86.49,64.0,2,296.08
p1_N2_S2.107,1070.0,82.69,61.0,1,293.21
p1_S2_N2.109,1090.0,59.74,48.0,1,257.79
p1_S2_N2.110,1100.0,51.11,39.0,1,234.62
p1_N1_S1.111,1110.0,39.27,27.0,1,218.49
p1_S1_N1.110,1100.0,44.65,33.0,1,227.48
p1_S2_N2.111,1110.0,45.93,32.0,1,234.51
p1_N1_S1.112,1120.0,36.44,19.0,1,219.44
p1_N2_S2.108,1080.0,68.0,55.0,1,257.12
p1_S1_N1.111,1110.0,36.55,26.0,1,208.36
p1_S2_N2.112,1120.0,37.56,23.0,1,225.22
p1_N2_S2.109,1090.0,67.22,53.0,1,261.56
p1_N1_S1.113,1130.0,28.1,13.0,1,216.98
p1_S1_N1.112,1120.0,38.18,22.0,1,226.16
p1_S2_N2.113,1130.0,28.8,15.0,1,208.42
p1_N2_S2.110,1100.0,60.21,44.0,1,263.95
p1_N1_S1.114,1140.0,18.98,5.0,1,206.55
p1_S2_N2.114,1140.0,20.54,8.0,1,194.92
p1_N1_S1.115,1150.0,11.67,0.0,0,188.68
p1_S1_N1.113,1130.0,23.22,10.0,1,191.38
p1_S2_N2.115,1150.0,10.28,0.0,0,168.12
p1_N2_S2.111,1110.0,49.6,34.0,1,236.83
p1_S1_N1.114,1140.0,24.89,7.0,1,191.05
p1_S2_N2.116,1160.0,5.49,0.0,0,148.52
p1_S1_N1.115,1150.0,16.57,0.0,0,207.38
p1_N2_S2.112,1120.0,43.34,28.0,1,231.9
p1_E_N1.37,1112.0,33.62,22.0,1,251.62
p1_N2_S2.113,1130.0,41.98,21.0,1,239.62
p1_N2_S2.114,1140.0,33.66,14.0,1,233.69
p1_E_W.155,1116.0,29.77,18.0,1,247.06
p1_W_E.278,1001.0,153.25,76.0,4,508.83
p1_E_W.156,1124.0,29.07,13.0,1,257.47
p1_W_E.279,1004.0,152.71,73.0,4,485.68
p1_E_W.157,1131.0,26.16,10.0,1,252.89
p1_W_E.280,1007.0,151.45,71.0,4,477.77
p1_N2_W.36,1083.0,73.84,55.0,1,314.92
p1_W_S2.28,1010.0,151.99,66.0,3,473.71
p1_W_E.281,1013.0,147.79,68.0,4,464.95
p1_N2_W.37,1113.0,52.37,33.0,1,287.82
p1_W_E.282,1016.0,150.19,63.0,3,468.51
p1_W_E.283,1025.0,143.71,61.0,3,452.78
p1_W_E.284,1028.0,142.14,60.0,4,448.3
p1_W_E.285,1032.0,138.43,60.0,4,446.59
p1_W_E.286,1035.0,131.1,57.0,3,441.55
p1_E_W.158,1138.0,39.36,27.0,1,261.32
p1_W_E.287,1038.0,130.82,56.0,3,439.35
p1_W_E.288,1041.0,137.26,56.0,3,471.14
p1_E_N1.38,1141.0,40.02,26.0,1,275.54
p1_W_E.289,1044.0,137.81,56.0,4,465.2
p1_W_E.290,1047.0,136.96,56.0,4,468.74
p1_E_W.159,1145.0,34.45,20.0,1,260.97
p1_S1_E.37,1113.0,72.63,41.0,2,382.92
p1_E_W.160,1152.0,34.61,17.0,1,269.15
p1_S1_E.38,1143.0,44.37,15.0,2,330.4
p1_W_E.291,1053.0,136.9,61.0,5,458.5
p1_W_S2.29,1050.0,132.98,61.0,4,461.45
p1_E_W.161,1160.0,23.19,10.0,1,227.48
p1_E_N1.39,1170.0,22.07,4.0,1,250.02
p1_E_W.162,1167.0,25.51,6.0,1,251.23
p1_W_E.292,1056.0,131.34,59.0,5,453.02
p1_W_E.293,1059.0,137.28,55.0,3,461.1
p1_W_E.294,1062.0,129.31,55.0,4,451.61
p1_W_E.295,1065.0,134.2,54.0,3,466.28
p1_W_E.296,1068.0,133.64,51.0,3,450.85
p1_N1_S1.116,1160.0,57.63,46.0,1,252.56
p1_S1_N1.116,1160.0,63.09,46.0,1,257.18
p1_N1_S1.117,1170.0,52.47,37.0,1,248.47
p1_W_E.297,1071.0,132.4,50.0,3,461.37
p1_S1_N1.117,1170.0,55.03,40.0,1,240.6
p1_W_E.298,1074.0,130.71,48.0,4,460.86
p1_N1_S1.118,1180.0,46.44,31.0,1,250.27
p1_N1_S1.119,1190.0,38.17,23.0,1,241.88
p1_S1_N1.118,1180.0,49.57,31.0,1,239.32
p1_W_E.299,1077.0,120.94,47.0,3,403.81
p1_N1_S1.120,1200.0,29.87,13.0,1,223.56
p1_W_S2.30,1083.0,126.23,44.0,3,422.96
p1_S1_N1.119,1190.0,41.61,24.0,1,220.0
p1_N1_S1.121,1210.0,21.65,5.0,1,204.95
p1_W_E.300,1080.0,130.35,45.0,3,430.58
p1_N1_S1.122,1220.0,13.39,0.0,0,198.26
p1_N1_S1.123,1230.0,5.31,0.0,0,147.99
p1_W_E.301,1086.0,119.36,42.0,3,403.31
p1_S1_N1.120,1200.0,30.05,12.0,1,200.5
p1_S2_N2.117,1170.0,69.71,58.0,1,264.68
p1_E_W.163,1174.0,45.77,25.0,2,299.92
p1_S2_N2.118,1180.0,62.07,50.0,1,252.49
p1_E_W.164,1181.0,40.59,21.0,1,300.71
p1_S2_N2.119,1190.0,52.95,41.0,1,235.28
p1_S2_N2.120,1200.0,47.31,33.0,1,238.34
p1_E_W.165,1188.0,30.55,18.0,1,236.82
p1_S2_N2.121,1210.0,39.04,24.0,1,227.56
p1_S2_N2.122,1220.0,30.72,16.0,1,215.78
p1_N2_S2.115,1150.0,83.82,60.0,1,296.34
p1_E_W.166,1196.0,33.33,17.0,1,259.42
p1_E_N1.40,1200.0,26.42,11.0,1,248.34
p1_S2_N2.123,1230.0,22.44,7.0,1,209.0
p1_N2_S2.116,1160.0,88.68,61.0,1,304.28
p1_E_W.167,1203.0,26.43,10.0,1,239.66
p1_N2_S2.117,1170.0,77.52,59.0,1,275.56
p1_S2_N2.124,1240.0,14.35,0.0,0,185.32
p1_E_W.168,1210.0,23.39,7.0,1,241.56
p1_N2_S2.118,1180.0,74.37,56.0,1,288.26
p1_E_W.169,1217.0,18.08,0.0,0,235.45
p1_N2_S2.119,1190.0,67.9,48.0,1,274.6
p1_N2_S2.120,1200.0,59.95,39.0,1,258.7
p1_N2_S2.121,1210.0,46.67,31.0,1,227.27
p1_E_W.170,1224.0,7.7,0.0,0,195.2
p1_S2_N2.125,1250.0,6.18,0.0,0,150.14
p1_N2_W.38,1143.0,97.37,74.0,2,368.59
p1_N2_S2.122,1220.0,44.13,24.0,1,232.01
p1_N2_S2.123,1230.0,35.73,14.0,1,232.65
p1_N2_S2.124,1240.0,28.93,9.0,1,208.34
p1_N2_S2.125,1250.0,20.69,2.0,1,204.34
p1_S2_N2.126,1260.0,5.77,0.0,0,151.8
p1_N2_W.39,1173.0,76.79,58.0,1,320.13
p1_W_E.302,1101.0,153.24,75.0,4,457.43
p1_W_E.303,1105.0,150.07,71.0,3,445.89
p1_W_E.304,1108.0,153.88,69.0,4,457.34
p1_S1_N1.121,1210.0,73.54,52.0,2,279.76
p1_N1_S1.124,1240.0,44.42,35.0,1,226.56
p1_W_E.305,1111.0,152.67,69.0,3,476.22
p1_S1_N1.122,1220.0,66.34,42.0,2,264.34
p1_N1_S1.125,1250.0,36.36,24.0,1,216.78
p1_W_E.306,1114.0,150.18,67.0,4,467.54
p1_W_E.307,1117.0,149.07,68.0,4,455.41
p1_N1_S1.126,1260.0,28.48,17.0,1,195.97
p1_W_E.308,1120.0,148.88,68.0,3,455.37
p1_N1_S1.127,1270.0,20.33,9.0,1,200.29
p1_S1_N1.123,1230.0,54.99,41.0,1,239.05
p1_W_E.309,1123.0,144.78,64.0,3,450.4
p1_N1_S1.128,1280.0,10.64,0.0,0,178.93
p1_W_E.310,1126.0,145.85,64.0,3,456.72
p1_S1_N1.124,1240.0,52.88,38.0,1,234.81
p1_W_S2.31,1129.0,145.51,63.0,3,459.69
p1_N1_S1.129,1290.0,5.99,0.0,0,153.0
p1_S1_N1.125,1250.0,44.46,30.0,1,228.05
p1_S1_E.39,1173.0,99.93,70.0,2,381.66
p1_S1_N1.126,1260.0,38.59,23.0,1,234.05
p1_S1_E.40,1203.0,75.65,42.0,2,335.42
p1_S1_N1.127,1270.0,31.12,16.0,1,208.13
p1_N2_W.40,1203.0,82.66,59.0,2,354.47
p1_W_E.311,1132.0,135.77,77.0,4,442.22
p1_W_E.312,1135.0,148.75,72.0,4,460.06
p1_W_E.313,1138.0,152.17,71.0,4,463.55
p1_W_E.314,1141.0,150.93,71.0,4,463.82
p1_N2_W.41,1233.0,47.22,23.0,2,306.56
p1_W_E.315,1144.0,145.89,68.0,4,464.99
p1_E_W.171,1233.0,60.87,31.0,2,318.12
p1_W_E.316,1147.0,148.62,66.0,4,475.94
p1_W_E.317,1150.0,147.34,65.0,5,467.73
p1_E_N1.41,1230.0,51.78,32.0,2,293.18
p1_E_W.172,1239.0,52.53,27.0,1,309.07
p1_W_E.318,1153.0,141.55,64.0,5,463.99
p1_E_W.173,1246.0,53.08,26.0,1,321.76
p1_W_E.319,1156.0,144.72,61.0,4,466.01
p1_E_W.174,1253.0,45.86,19.0,1,307.45
p1_W_E.320,1159.0,143.64,61.0,4,466.35
p1_W_S2.32,1162.0,133.27,59.0,5,429.99
p1_E_W.175,1260.0,42.47,13.0,1,302.89
p1_W_E.321,1189.0,115.33,43.0,5,407.61
p1_E_N1.42,1263.0,41.31,12.0,1,296.47
p1_W_E.322,1192.0,113.98,42.0,4,403.23
p1_E_W.176,1268.0,37.65,9.0,1,294.88
p1_W_E.323,1195.0,112.75,41.0,4,413.16
p1_E_W.177,1275.0,32.68,3.0,1,284.6
p1_W_E.324,1198.0,111.64,42.0,4,414.16
p1_E_W.178,1282.0,27.45,0.0,0,284.06
p1_E_W.179,1289.0,22.22,0.0,0,259.55
p1_W_E.325,1200.0,107.05,42.0,3,386.07
p1_W_E.326,1203.0,106.67,41.0,3,391.91
p1_W_E.327,1206.0,105.76,41.0,4,381.23
p1_E_W.180,1296.0,20.84,0.0,0,238.6
p1_E_W.181,1304.0,14.97,0.0,0,221.58
p1_N2_S2.126,1260.0,80.45,63.0,1,295.87
p1_E_W.182,1311.0,9.87,0.0,0,219.82
p1_E_N1.43,1292.0,11.3,0.0,0,219.99
p1_S2_N2.127,1270.0,66.79,55.0,1,261.74
p1_S2_N2.128,1280.0,65.05,51.0,1,264.61
p1_S2_N2.129,1290.0,57.9,43.0,1,269.84
p1_N2_S2.127,1270.0,69.98,58.0,1,256.46
p1_S2_N2.130,1300.0,48.36,34.0,1,244.74
p1_N2_S2.128,1280.0,63.72,51.0,1,252.11
p1_S2_N2.131,1310.0,41.47,25.0,1,238.02
p1_E_W.183,1318.0,7.27,0.0,0,197.86
p1_N2_S2.129,1290.0,63.14,46.0,1,268.62
p1_S2_N2.132,1320.0,33.26,18.0,1,221.17
p1_N1_S1.130,1300.0,55.35,45.0,1,246.76
p1_N2_S2.130,1300.0,53.08,37.0,1,243.34
p1_S2_N2.133,1330.0,25.01,8.0,1,204.28
p1_N2_S2.131,1310.0,46.7,30.0,1,233.84
p1_N1_S1.131,1310.0,47.48,37.0,1,237.81
p1_N2_S2.132,1320.0,34.56,22.0,1,216.09
p1_S2_N2.134,1340.0,11.22,0.0,0,165.56
p1_N1_S1.132,1320.0,39.17,28.0,1,225.1
p1_S2_N2.135,1350.0,9.89,0.0,0,163.03
p1_N1_S1.133,1330.0,31.03,19.0,1,214.34
p1_N2_S2.133,1330.0,31.52,16.0,1,221.98
p1_N2_S2.134,1340.0,23.45,8.0,1,200.04
p1_S1_N1.128,1280.0,66.17,47.0,1,268.52
p1_W_E.328,1209.0,137.65,64.0,4,452.67
p1_S1_N1.129,1290.0,71.79,47.0,1,280.24
p1_S1_N1.130,1300.0,69.59,45.0,1,265.28
p1_W_E.329,1212.0,136.94,66.0,4,440.01
p1_N1_S1.134,1340.0,18.04,5.0,1,176.72
p1_N1_S1.135,1350.0,20.91,1.0,1,190.77
p1_W_E.330,1215.0,133.61,66.0,5,437.1
p1_N1_S1.136,1360.0,14.09,0.0,0,177.28
p1_N1_S1.137,1370.0,5.94,0.0,0,151.12
p1_S1_N1.131,1310.0,43.92,31.0,1,222.4
p1_W_S2.33,1218.0,139.34,67.0,5,466.43
p1_S1_E.41,1233.0,111.99,76.0,3,408.69
p1_S1_N1.132,1320.0,51.72,28.0,1,248.64
p1_S1_E.42,1263.0,96.33,53.0,3,395.75
p1_S1_N1.133,1330.0,50.94,23.0,1,245.78
p1_W_E.331,1221.0,135.9,62.0,5,452.05
p1_S1_N1.134,1340.0,39.64,15.0,1,234.04
p1_W_E.332,1224.0,136.33,62.0,4,455.32
p1_S1_N1.135,1350.0,27.12,6.0,1,207.45
p1_W_E.333,1227.0,137.82,60.0,5,466.51
p1_E_N1.44,1321.0,43.98,27.0,1,289.69
p1_W_E.334,1230.0,136.52,58.0,5,475.57
p1_E_W.184,1325.0,31.28,18.0,1,251.19
p1_W_E.335,1233.0,135.31,57.0,5,472.36
p1_W_E.336,1236.0,133.19,56.0,6,458.25
p1_N2_W.42,1263.0,106.52,77.0,2,394.38
p1_N2_W.43,1293.0,78.55,54.0,2,367.02
p1_W_E.337,1239.0,129.05,56.0,6,433.54
p1_W_E.338,1258.0,115.89,47.0,5,409.06
p1_N2_W.44,1323.0,49.73,23.0,2,333.43
p1_E_W.185,1332.0,42.95,25.0,1,292.84
p1_E_W.186,1340.0,33.2,17.0,1,280.12
p1_E_W.187,1347.0,31.58,13.0,1,285.87
p1_E_N1.45,1350.0,28.17,12.0,1,261.2
p1_W_S2.34,1269.0,110.32,44.0,4,395.22
p1_W_E.339,1262.0,102.76,46.0,4,380.43
p1_E_W.188,1354.0,26.43,9.0,1,253.81
p1_W_E.340,1266.0,116.33,46.0,3,389.77
p1_W_E.341,1272.0,111.23,42.0,3,408.11
p1_W_E.342,1275.0,110.79,43.0,3,415.86
p1_W_E.343,1278.0,109.57,41.0,3,419.55
p1_W_E.344,1281.0,108.32,41.0,5,442.48
p1_W_E.345,1284.0,103.42,37.0,4,416.32
p1_W_E.346,1287.0,105.89,37.0,4,408.13
p1_E_W.189,1361.0,13.38,0.0,0,219.95
p1_E_N1.46,1380.0,12.65,0.0,0,239.64
p1_S1_E.43,1293.0,97.36,61.0,2,385.05
p1_E_W.190,1368.0,27.61,0.0,0,251.35
p1_S1_E.44,1323.0,73.51,38.0,2,356.25
p1_E_W.191,1376.0,18.7,0.0,0,245.49
p1_S1_E.45,1353.0,42.31,7.0,2,310.53
p1_W_E.347,1290.0,110.13,45.0,3,442.46
p1_W_E.348,1293.0,99.0,44.0,3,386.07
p1_S1_N1.136,1360.0,66.73,46.0,2,271.97
p1_E_W.192,1383.0,7.8,0.0,0,201.23
p1_W_E.349,1296.0,109.38,41.0,4,412.62
p1_W_S2.35,1302.0,103.5,38.0,3,417.95
p1_W_E.350,1299.0,104.83,40.0,3,410.34
p1_N1_S1.138,1380.0,43.92,34.0,1,221.94
p1_N1_S1.139,1390.0,40.27,27.0,1,227.56
p1_N2_S2.135,1350.0,81.57,61.0,1,295.92
p1_S2_N2.136,1360.0,71.4,61.0,1,269.0
p1_S1_N1.137,1370.0,56.41,42.0,1,251.08
p1_N1_S1.140,1400.0,32.1,19.0,1,223.7
p1_S1_N1.138,1380.0,51.42,36.0,1,241.67
p1_N1_S1.141,1410.0,23.73,9.0,1,201.92
p1_N1_S1.142,1420.0,15.53,1.0,1,186.91
p1_N2_S2.136,1360.0,75.82,61.0,1,275.55
p1_N2_S2.137,1370.0,67.57,53.0,1,264.33
p1_N1_S1.143,1430.0,7.25,0.0,0,159.91
p1_S2_N2.137,1370.0,57.57,46.0,1,237.76
p1_N2_S2.138,1380.0,58.71,46.0,1,248.82
p1_S1_N1.139,1390.0,41.59,29.0,1,215.22
p1_S2_N2.138,1380.0,57.38,41.0,1,254.7
p1_S1_N1.140,1400.0,37.3,21.0,1,220.64
p1_S1_N1.141,1410.0,32.69,16.0,1,225.42
p1_S2_N2.139,1390.0,53.07,36.0,1,256.19
p1_S1_N1.142,1420.0,24.38,9.0,1,205.67
p1_N2_S2.139,1390.0,55.35,39.0,1,248.17
p1_S2_N2.140,1400.0,44.26,25.0,1,251.6
p1_S2_N2.141,1410.0,36.54,17.0,1,240.72
p1_N2_S2.140,1400.0,47.09,32.0,1,239.2
p1_S2_N2.142,1420.0,28.28,10.0,1,231.0
p1_E_W.193,1390.0,37.83,23.0,1,269.81
p1_S2_N2.143,1430.0,18.66,0.0,0,210.77
p1_E_W.194,1397.0,31.45,20.0,1,249.78
p1_N2_S2.141,1410.0,36.64,20.0,1,217.79
p1_S2_N2.144,1440.0,10.27,0.0,0,194.23
p1_N2_S2.142,1420.0,32.96,16.0,1,212.03
p1_E_W.195,1404.0,19.65,7.0,1,226.42
p1_E_N1.47,1410.0,21.02,5.0,1,240.6
p1_N2_S2.143,1430.0,21.46,5.0,1,191.58
p1_S2_N2.145,1450.0,6.24,0.0,0,155.32
p1_E_W.196,1413.0,26.59,5.0,1,242.22
p1_N2_S2.144,1440.0,20.88,0.0,0,196.51
p1_N2_W.45,1353.0,88.0,61.0,1,366.41
p1_W_E.351,1305.0,138.8,65.0,4,464.92
p1_W_E.352,1308.0,128.35,61.0,4,434.02
p1_N2_W.46,1383.0,57.44,42.0,1,289.16
p1_W_E.353,1311.0,141.64,58.0,3,449.86
p1_N2_W.47,1413.0,40.56,19.0,1,275.81
p1_W_E.354,1314.0,138.37,57.0,3,459.41
p1_W_E.355,1317.0,134.74,56.0,3,461.71
p1_W_E.356,1320.0,138.0,57.0,3,469.81
p1_W_E.357,1323.0,130.53,57.0,4,471.33
p1_W_E.358,1326.0,122.22,54.0,3,410.91
p1_W_E.359,1330.0,134.12,53.0,3,434.37
p1_W_E.360,1334.0,130.85,52.0,3,429.76
p1_N2_W.48,1443.0,15.67,0.0,0,240.9
p1_W_E.361,1340.0,127.63,53.0,3,426.42
p1_W_S2.36,1337.0,119.4,53.0,3,408.53
p1_S1_E.46,1383.0,86.06,59.0,2,363.87
p1_S1_E.47,1413.0,57.57,30.0,2,320.35
p1_E_W.197,1419.0,43.2,31.0,1,267.76
p1_W_E.362,1343.0,126.25,56.0,5,436.4
p1_E_W.198,1426.0,49.11,29.0,1,294.04
p1_S1_N1.143,1430.0,66.0,48.0,1,266.13
p1_N1_S1.144,1440.0,55.19,45.0,1,246.88
p1_W_E.363,1346.0,121.51,54.0,4,424.35
p1_S1_N1.144,1440.0,60.66,46.0,1,263.17
p1_W_E.364,1349.0,119.02,51.0,5,412.91
p1_N1_S1.145,1450.0,46.39,35.0,1,221.75
p1_W_E.365,1352.0,125.13,50.0,4,414.28
p1_N1_S1.146,1460.0,37.78,25.0,1,213.24
p1_W_E.366,1355.0,129.67,50.0,4,433.85
p1_S1_N1.145,1450.0,50.57,37.0,1,237.35
p1_N1_S1.147,1470.0,36.88,22.0,1,230.53
p1_W_E.367,1358.0,119.35,47.0,4,419.75
p1_S1_N1.146,1460.0,48.56,32.0,1,239.87
p1_N1_S1.148,1480.0,24.76,10.0,1,207.63
p1_W_E.368,1361.0,122.74,45.0,4,438.66
p1_S1_N1.147,1470.0,40.21,24.0,1,240.02
p1_W_E.369,1364.0,126.2,42.0,4,444.75
p1_W_S2.37,1370.0,121.62,39.0,4,406.94
p1_N1_S1.149,1490.0,11.3,0.0,0,168.69
p1_N1_S1.150,1500.0,15.96,0.0,0,175.26
p1_E_W.199,1433.0,55.43,37.0,2,307.69
p1_W_E.370,1367.0,104.98,43.0,4,384.08
p1_E_W.200,1440.0,55.92,33.0,2,324.87
p1_E_N1.48,1443.0,54.81,31.0,2,311.12
p1_W_E.371,1373.0,127.67,38.0,4,430.37
p1_W_E.372,1376.0,104.94,33.0,3,401.04
p1_E_W.201,1448.0,43.99,23.0,2,284.43
p1_S2_N2.146,1460.0,67.34,56.0,1,265.65
p1_W_E.373,1379.0,127.59,32.0,3,406.97
p1_N2_S2.145,1450.0,76.65,62.0,1,281.17
p1_E_W.202,1455.0,44.48,19.0,2,301.18
p1_E_N1.49,1472.0,36.02,12.0,1,276.79
p1_W_E.374,1382.0,123.68,31.0,3,411.75
p1_N2_S2.146,1460.0,70.42,57.0,1,269.55
p1_E_W.203,1462.0,45.96,15.0,2,300.72
p1_W_E.375,1385.0,124.98,29.0,2,400.01
p1_E_W.204,1469.0,41.32,13.0,1,307.09
p1_E_W.205,1476.0,34.45,12.0,1,290.84
p1_S2_N2.147,1470.0,54.95,44.0,1,238.07
p1_N2_S2.147,1470.0,57.81,45.0,1,236.38
p1_E_W.206,1484.0,24.74,10.0,1,249.68
p1_S2_N2.148,1480.0,56.03,38.0,1,246.0
p1_S2_N2.149,1490.0,47.65,31.0,1,242.93
p1_E_W.207,1491.0,17.34,1.0,1,227.98
p1_N2_S2.148,1480.0,53.81,39.0,1,243.07
p1_S2_N2.150,1500.0,37.17,19.0,1,217.43
p1_E_N1.50,1501.0,16.82,0.0,0,232.4
p1_E_W.208,1498.0,20.25,1.0,1,237.08
p1_N2_S2.149,1490.0,45.49,31.0,1,228.23
p1_E_W.209,1505.0,15.07,0.0,0,228.88
p1_N2_S2.150,1500.0,42.63,24.0,1,232.07
p1_N2_S2.151,1510.0,35.17,19.0,1,221.82
p1_S2_N2.151,1510.0,19.55,8.0,1,183.12
p1_E_W.210,1512.0,7.05,0.0,0,194.93
p1_N2_S2.152,1520.0,27.58,11.0,1,206.17
p1_S2_N2.152,1520.0,27.32,7.0,1,202.94
p1_S2_N2.153,1530.0,12.78,0.0,0,174.9
p1_N2_S2.153,1530.0,17.1,0.0,0,187.89
p1_S2_N2.154,1540.0,6.48,0.0,0,153.43
p1_N2_S2.154,1540.0,11.37,0.0,0,166.89
p1_N1_S1.151,1510.0,48.92,37.0,1,233.87
p1_N1_S1.152,1520.0,41.41,29.0,1,221.74
p1_W_E.376,1388.0,147.93,62.0,4,437.53
p1_W_E.377,1391.0,151.3,61.0,4,438.23
p1_S1_N1.148,1480.0,77.53,57.0,2,279.49
p1_W_E.378,1396.0,148.08,59.0,3,437.11
p1_S1_N1.149,1490.0,75.56,52.0,2,290.22
p1_N1_S1.153,1530.0,30.05,18.0,1,203.56
p1_S1_N1.150,1500.0,67.11,41.0,1,277.42
p1_N1_S1.154,1540.0,27.68,12.0,1,205.13
p1_W_E.379,1400.0,140.64,55.0,3,429.74
p1_N1_S1.155,1550.0,19.49,3.0,1,202.78
p1_W_E.380,1404.0,144.93,54.0,3,436.36
p1_S1_N1.151,1510.0,57.56,40.0,1,244.45
p1_N1_S1.156,1560.0,11.26,0.0,0,189.59
p1_W_S2.38,1408.0,141.79,56.0,3,425.22
p1_W_E.381,1411.0,140.16,57.0,3,422.54
p1_S1_E.48,1442.0,111.39,72.0,2,399.16
p1_S1_N1.152,1520.0,49.05,35.0,1,232.81
p1_W_E.382,1414.0,141.17,75.0,4,430.62
p1_N1_S1.157,1570.0,5.96,0.0,0,150.97
p1_S1_N1.153,1530.0,40.68,26.0,1,214.4
p1_S1_N1.154,1540.0,39.02,21.0,1,231.31
p1_S1_N1.155,1550.0,26.74,11.0,1,202.07
p1_W_E.383,1417.0,130.54,73.0,4,419.28
p1_N2_W.49,1473.0,91.54,67.0,2,364.39
p1_W_E.384,1421.0,123.74,72.0,4,404.72
p1_N2_W.50,1503.0,61.08,37.0,2,316.97
p1_W_E.385,1424.0,146.36,65.0,4,432.75
p1_N2_W.51,1533.0,37.79,10.0,2,289.39
p1_W_E.386,1427.0,133.02,62.0,4,436.5
p1_E_W.211,1520.0,52.53,31.0,2,309.33
p1_W_E.387,1430.0,138.86,59.0,4,452.13
p1_W_E.388,1433.0,129.76,59.0,4,444.65
p1_E_N1.51,1530.0,45.47,19.0,1,298.05
p1_W_S2.39,1442.0,128.0,60.0,4,420.19
p1_E_W.212,1527.0,39.39,21.0,1,271.43
p1_W_E.389,1436.0,141.64,59.0,4,449.05
p1_E_W.213,1534.0,44.51,19.0,1,292.81
p1_W_E.390,1439.0,140.37,57.0,4,446.1
p1_E_W.214,1541.0,39.18,15.0,1,292.72
p1_W_E.391,1445.0,136.08,55.0,4,438.57
p1_W_E.392,1448.0,134.81,53.0,4,437.58
p1_W_E.393,1451.0,133.57,52.0,4,437.49
p1_E_W.215,1548.0,27.76,6.0,1,258.46
p1_W_E.394,1470.0,116.49,41.0,3,403.92
p1_E_W.216,1556.0,30.78,4.0,1,283.53
p1_W_E.395,1473.0,115.11,39.0,4,408.66
p1_E_W.217,1563.0,25.81,0.0,0,256.67
p1_W_E.396,1476.0,114.03,40.0,3,405.96
p1_E_N1.52,1560.0,18.55,0.0,0,256.56
p1_E_W.218,1570.0,19.46,0.0,0,238.88
p1_W_E.397,1479.0,106.39,36.0,4,397.21
p1_W_E.398,1482.0,111.97,36.0,3,396.92
p1_W_E.399,1485.0,110.68,33.0,3,413.07
p1_E_W.219,1577.0,10.42,0.0,0,209.88
p1_E_W.220,1584.0,10.14,0.0,0,217.2
p1_W_E.400,1488.0,96.42,33.0,3,379.21
p1_E_N1.53,1590.0,8.34,0.0,0,218.8
p1_E_W.221,1593.0,7.07,0.0,0,196.67
p1_S1_E.49,1473.0,117.7,80.0,3,422.58
p1_S2_N2.155,1550.0,73.61,63.0,1,275.34
p1_S1_E.50,1503.0,88.31,53.0,2,374.24
p1_N2_S2.155,1550.0,70.84,60.0,1,262.09
p1_S2_N2.156,1560.0,64.45,53.0,1,256.48
p1_N2_S2.156,1560.0,62.31,50.0,1,249.6
p1_S1_N1.156,1560.0,69.61,48.0,2,275.35
p1_S2_N2.157,1570.0,58.95,46.0,1,258.27
p1_N2_S2.157,1570.0,58.33,46.0,1,236.6
p1_N1_S1.158,1580.0,46.54,35.0,1,224.51
p1_S2_N2.158,1580.0,45.11,33.0,1,225.36
p1_S1_N1.157,1570.0,61.96,41.0,1,263.21
p1_N2_S2.158,1580.0,54.3,38.0,1,245.9
p1_N1_S1.159,1590.0,39.12,26.0,1,218.17
p1_S2_N2.159,1590.0,45.24,27.0,1,239.0
p1_S1_N1.158,1580.0,55.87,39.0,1,248.55
p1_N2_S2.159,1590.0,46.02,29.0,1,237.91
p1_N1_S1.160,1600.0,35.04,21.0,1,220.24
p1_S2_N2.160,1600.0,32.3,18.0,1,208.72
p1_S1_N1.159,1590.0,48.14,34.0,1,236.45
p1_N1_S1.161,1610.0,24.54,12.0,1,209.88
p1_S2_N2.161,1610.0,22.95,7.0,1,189.62
p1_N1_S1.162,1620.0,19.69,5.0,1,199.59
p1_S2_N2.162,1620.0,20.76,4.0,1,197.43
p1_S1_N1.160,1600.0,41.47,26.0,1,219.22
p1_S2_N2.163,1630.0,12.43,0.0,0,184.48
p1_N1_S1.163,1630.0,6.09,0.0,0,142.56
p1_N2_S2.160,1600.0,32.54,18.0,1,201.66
p1_N1_S1.164,1640.0,6.02,0.0,0,148.34
p1_S1_N1.161,1610.0,30.77,15.0,1,204.71
p1_N2_S2.161,1610.0,32.0,11.0,1,218.67
p1_S1_N1.162,1620.0,28.99,10.0,1,217.39
p1_N2_S2.162,1620.0,28.9,6.0,1,204.6
p1_S1_E.51,1533.0,95.15,57.0,3,377.62
p1_E_W.222,1599.0,31.73,18.0,1,248.92
p1_W_S2.40,1491.0,140.66,71.0,5,464.23
p1_E_W.223,1606.0,26.84,14.0,1,246.77
p1_E_W.224,1613.0,21.88,10.0,1,236.78
p1_W_E.401,1494.0,134.33,69.0,4,444.86
p1_W_E.402,1497.0,139.34,63.0,4,470.63
p1_N2_W.52,1563.0,68.22,49.0,1,315.85
p1_W_E.403,1500.0,130.23,65.0,5,451.61
p1_N2_W.53,1593.0,49.1,29.0,1,293.36
p1_W_E.404,1503.0,130.4,60.0,4,444.1
p1_W_E.405,1506.0,139.44,58.0,4,457.87
p1_N2_W.54,1623.0,22.72,6.0,1,242.37
p1_W_E.406,1509.0,128.45,57.0,5,441.64
p1_W_E.407,1512.0,131.71,56.0,4,447.1
p1_W_E.408,1515.0,135.87,55.0,4,456.02
p1_W_E.409,1518.0,134.38,56.0,6,455.65
p1_W_E.410,1536.0,118.33,49.0,5,456.94
p1_W_S2.41,1539.0,112.46,47.0,5,412.56
p1_E_W.225,1620.0,29.75,16.0,1,243.68
p1_E_N1.54,1623.0,34.01,15.0,1,271.25
p1_W_E.411,1542.0,108.48,49.0,6,399.79
p1_W_E.412,1545.0,115.53,48.0,4,411.51
p1_E_W.226,1628.0,25.95,13.0,1,240.53
p1_W_E.413,1548.0,114.25,47.0,4,426.3
p1_W_E.414,1551.0,109.23,44.0,3,413.04
p1_W_E.415,1554.0,111.79,44.0,4,418.78
p1_E_W.227,1635.0,20.22,8.0,1,233.88
p1_S1_E.52,1563.0,104.04,65.0,3,426.43
p1_E_W.228,1642.0,26.07,6.0,1,250.42
p1_S1_E.53,1593.0,76.13,50.0,2,371.02
p1_W_E.416,1557.0,113.88,48.0,5,443.55
p1_E_W.229,1649.0,10.0,0.0,0,213.31
p1_W_E.417,1560.0,109.46,45.0,4,429.09
p1_N1_S1.165,1650.0,45.55,34.0,1,231.08
p1_W_E.418,1563.0,111.61,43.0,4,437.67
p1_E_N1.55,1652.0,10.79,0.0,0,221.37
p1_N1_S1.166,1660.0,37.32,26.0,1,216.21
p1_W_E.419,1566.0,110.43,41.0,4,446.92
p1_W_E.420,1569.0,109.11,39.0,3,438.63
p1_N1_S1.167,1670.0,29.48,19.0,1,201.65
p1_W_S2.42,1572.0,106.24,37.0,3,417.58
p1_S1_N1.163,1630.0,70.45,48.0,2,278.51
p1_W_E.421,1575.0,104.6,35.0,3,415.17
p1_W_E.422,1578.0,104.62,34.0,2,405.73
p1_W_E.423,1581.0,103.3,35.0,3,403.25
p1_W_E.424,1584.0,102.0,34.0,3,410.14
p1_W_E.425,1587.0,100.77,34.0,3,388.89
p1_N1_S1.168,1680.0,13.64,1.0,1,185.84
p1_S1_N1.164,1640.0,54.56,41.0,1,235.71
p1_N1_S1.169,1690.0,21.9,0.0,0,189.4
p1_S1_N1.165,1650.0,63.01,41.0,1,252.89
p1_N1_S1.170,1700.0,13.6,0.0,0,178.64
p1_S1_N1.166,1660.0,54.68,35.0,1,242.77
p1_N2_S2.163,1630.0,83.31,65.0,1,293.05
p1_S1_N1.167,1670.0,46.58,26.0,1,235.57
p1_N2_S2.164,1640.0,77.12,63.0,1,281.55
p1_E_W.230,1656.0,41.1,21.0,1,264.66
p1_S1_N1.168,1680.0,38.33,17.0,1,229.02
p1_S2_N2.164,1640.0,70.58,59.0,1,261.33
p1_N2_S2.165,1650.0,68.79,56.0,1,267.76
p1_S2_N2.165,1650.0,70.57,54.0,1,272.6
p1_S2_N2.166,1660.0,62.43,46.0,1,269.64
p1_N2_S2.166,1660.0,63.01,50.0,1,262.62
p1_S2_N2.167,1670.0,54.16,36.0,1,255.39
p1_N2_S2.167,1670.0,53.33,39.0,1,246.25
p1_S2_N2.168,1680.0,45.92,31.0,1,246.95
p1_E_W.231,1664.0,23.68,11.0,1,238.02
p1_S2_N2.169,1690.0,35.72,20.0,1,238.61
p1_N2_S2.168,1680.0,47.6,32.0,1,244.51
p1_E_N1.56,1681.0,25.22,9.0,1,244.02
p1_E_W.232,1671.0,29.32,11.0,1,247.6
p1_S2_N2.170,1700.0,29.36,13.0,1,234.9
p1_E_W.233,1678.0,31.13,10.0,1,254.37
p1_S2_N2.171,1710.0,21.29,4.0,1,221.29
p1_E_W.234,1685.0,25.9,7.0,1,244.62
p1_N2_S2.169,1690.0,39.85,26.0,1,225.54
p1_S2_N2.172,1720.0,13.06,0.0,0,207.55
p1_E_W.235,1692.0,20.68,3.0,1,237.16
p1_N2_S2.170,1700.0,35.13,19.0,1,226.81
p1_E_W.236,1700.0,14.37,0.0,0,217.97
p1_S2_N2.173,1730.0,5.85,0.0,0,150.61
p1_N2_S2.171,1710.0,21.53,7.0,1,192.32
p1_N2_S2.172,1720.0,21.48,2.0,1,204.06
p1_N2_W.55,1653.0,68.97,56.0,1,305.52
p1_W_E.426,1590.0,128.52,67.0,4,434.89
p1_W_E.427,1593.0,136.91,65.0,3,433.82
p1_N2_W.56,1683.0,48.03,30.0,1,276.12
p1_W_E.428,1596.0,136.57,62.0,3,452.45
p1_W_S2.43,1606.0,128.68,59.0,3,414.64
p1_W_E.429,1599.0,122.77,62.0,3,405.43
p1_W_E.430,1602.0,136.97,61.0,4,425.39
p1_W_E.431,1609.0,131.67,58.0,4,434.08
p1_N1_S1.171,1710.0,51.04,41.0,1,237.97
p1_S1_N1.169,1690.0,73.04,53.0,2,278.53
p1_W_E.432,1612.0,130.43,58.0,4,422.64
p1_N1_S1.172,1720.0,43.96,33.0,1,224.88
p1_S1_E.54,1623.0,116.02,80.0,3,411.46
p1_N1_S1.173,1730.0,35.6,24.0,1,215.21
p1_S1_N1.170,1700.0,63.1,44.0,2,259.41
p1_S1_E.55,1653.0,86.69,62.0,2,361.01
p1_W_E.433,1615.0,132.96,72.0,4,448.26
p1_S1_N1.171,1710.0,55.76,41.0,1,245.73
p1_N1_S1.174,1740.0,26.25,13.0,1,199.17
p1_W_E.434,1618.0,131.59,68.0,4,452.76
p1_S1_N1.172,1720.0,51.57,36.0,1,242.19
p1_N1_S1.175,1750.0,20.86,6.0,1,198.02
p1_W_E.435,1621.0,130.36,65.0,4,441.36
p1_S1_N1.173,1730.0,43.53,29.0,1,224.64
p1_N1_S1.176,1760.0,11.02,0.0,0,171.82
p1_S1_N1.174,1740.0,35.34,21.0,1,216.84
p1_N1_S1.177,1770.0,6.66,0.0,0,150.45
p1_W_E.436,1624.0,112.42,60.0,4,401.96
p1_W_E.437,1627.0,136.57,60.0,4,408.37
p1_W_S2.44,1639.0,122.89,50.0,4,416.46
p1_S1_N1.175,1750.0,26.37,12.0,1,202.91
p1_W_E.438,1630.0,112.34,56.0,4,389.98
p1_S1_N1.176,1760.0,23.06,4.0,1,205.99
p1_W_E.439,1633.0,134.55,55.0,4,431.97
p1_N2_W.57,1713.0,54.8,27.0,2,318.46
p1_W_E.440,1636.0,133.21,52.0,4,441.91
p1_E_W.237,1707.0,61.64,44.0,2,318.91
p1_W_E.441,1642.0,126.5,45.0,4,428.58
p1_W_E.442,1645.0,127.77,46.0,4,436.94
p1_E_W.238,1714.0,60.8,35.0,3,316.43
p1_W_E.443,1648.0,110.68,41.0,4,418.25
p1_E_N1.57,1710.0,56.19,37.0,2,298.77
p1_E_W.239,1721.0,55.56,29.0,2,312.47
p1_W_E.444,1651.0,109.63,42.0,4,400.82
p1_E_W.240,1728.0,50.34,25.0,2,304.5
p1_W_E.445,1654.0,118.47,38.0,4,410.82
p1_W_E.446,1657.0,123.96,37.0,4,417.27
p1_E_W.241,1736.0,40.55,17.0,2,270.63
p1_W_E.447,1660.0,114.16,35.0,5,424.86
p1_S2_N2.174,1740.0,65.59,53.0,1,254.81
p1_W_E.448,1674.0,110.52,29.0,3,409.33
p1_N2_S2.173,1730.0,75.38,58.0,1,274.75
p1_E_N1.58,1740.0,40.09,13.0,2,286.37
p1_E_W.242,1743.0,42.68,12.0,2,286.01
p1_N2_S2.174,1740.0,68.15,56.0,1,272.95
p1_E_W.243,1750.0,34.68,8.0,1,280.26
p1_N2_S2.175,1750.0,61.16,48.0,1,257.43
p1_S2_N2.175,1750.0,53.46,41.0,1,233.36
p1_E_W.244,1757.0,33.63,7.0,1,263.92
p1_N2_S2.176,1760.0,52.95,42.0,1,240.32
p1_S2_N2.176,1760.0,49.6,37.0,1,239.4
p1_E_W.245,1764.0,28.34,5.0,1,254.04
p1_N2_S2.177,1770.0,44.74,32.0,1,229.58
p1_S2_N2.177,1770.0,43.26,28.0,1,235.85
p1_E_N1.59,1770.0,23.82,4.0,1,252.3
p1_E_W.246,1773.0,22.52,1.0,1,252.5
p1_S2_N2.178,1780.0,37.1,20.0,1,237.54
p1_S2_N2.179,1790.0,28.78,13.0,1,227.41
p1_E_W.247,1779.0,18.45,0.0,0,244.3
p1_N2_S2.178,1780.0,39.0,24.0,1,219.88
p2_S2_N2.0,1800.0,20.57,3.0,1,209.57
p1_N2_S2.179,1790.0,29.92,15.0,1,201.53
p2_N2_S2.0,1800.0,24.19,7.0,1,204.76
p1_E_W.248,1786.0,7.36,0.0,0,199.24
p1_E_W.249,1793.0,12.09,0.0,0,206.86
p1_S1_N1.177,1770.0,60.54,44.0,1,263.93
p1_S1_N1.178,1780.0,56.1,41.0,1,247.94
p2_N2_S2.1,1810.0,8.49,0.0,0,162.78
p1_N1_S1.178,1780.0,48.23,37.0,1,223.54
p2_N2_S2.2,1820.0,17.74,0.0,0,155.72
p1_N1_S1.179,1790.0,40.99,31.0,1,223.73
p1_W_S2.45,1683.0,134.67,54.0,4,414.99
p1_S1_N1.179,1790.0,45.44,33.0,1,227.72
p2_N1_S1.0,1800.0,40.72,23.0,1,223.27
p2_S1_N1.0,1800.0,42.07,28.0,1,236.25
p1_W_E.449,1677.0,123.06,56.0,4,424.85
p1_W_E.450,1680.0,143.36,56.0,4,425.82
p2_S1_N1.1,1810.0,29.0,16.0,1,201.31
p1_S1_E.56,1683.0,134.45,86.0,4,447.72
p2_S1_N1.2,1820.0,27.07,11.0,1,210.41
p1_S1_E.57,1713.0,113.72,68.0,3,424.81
p1_S1_E.58,1743.0,76.71,42.0,2,365.46
p2_S1_N1.3,1830.0,10.98,0.0,0,173.8
p1_W_E.451,1686.0,134.44,75.0,4,432.28
p2_S1_N1.4,1840.0,6.03,0.0,0,148.94
p1_N2_W.58,1743.0,90.7,71.0,2,360.95
p1_N2_W.59,1773.0,62.81,39.0,2,320.73
p2_S2_W.0,1803.0,34.11,10.0,2,291.13
p1_W_E.452,1689.0,122.12,65.0,4,409.9
p2_E_W.0,1800.0,38.93,21.0,1,277.35
p1_W_E.453,1692.0,134.05,64.0,4,427.36
p1_W_E.454,1695.0,148.07,63.0,4,443.4
p1_W_E.455,1698.0,144.11,60.0,5,463.01
p1_W_E.456,1701.0,146.12,57.0,4,452.9
p1_W_E.457,1704.0,144.9,55.0,4,461.25
p1_W_S2.46,1716.0,129.21,51.0,5,422.95
p1_W_E.458,1707.0,143.59,57.0,6,452.96
p1_W_E.459,1710.0,136.27,52.0,6,453.83
p1_W_E.460,1713.0,132.79,53.0,5,454.79
p1_W_E.461,1719.0,137.28,52.0,5,443.42
p1_W_E.462,1722.0,136.06,50.0,6,421.79
p1_W_E.463,1740.0,119.91,44.0,3,419.2
p1_W_E.464,1743.0,118.86,45.0,4,435.47
p1_W_E.465,1747.0,116.59,44.0,4,431.2
p1_W_E.466,1750.0,115.27,43.0,4,438.46
p1_W_E.467,1753.0,110.9,41.0,4,418.09
p2_E_S1.0,1803.0,66.29,42.0,2,332.93
p1_W_E.468,1756.0,94.96,40.0,3,364.87
p2_N1_S1.1,1810.0,83.7,63.0,3,284.94
p2_S1_N1.5,1850.0,43.68,31.0,1,218.75
p1_W_E.469,1759.0,108.3,40.0,4,390.22
p2_N1_S1.2,1820.0,75.66,53.0,3,285.55
p2_S1_N1.6,1860.0,35.58,24.0,1,213.62
p1_S1_E.59,1773.0,100.8,56.0,2,396.06
p2_N2_S2.3,1830.0,66.35,54.0,1,263.3
p2_N1_E.0,1803.0,67.96,32.0,2,352.12
p2_S2_N2.1,1810.0,85.18,69.0,2,291.75
p2_N1_S1.3,1830.0,67.68,45.0,3,260.77
p2_S2_N2.2,1820.0,78.85,64.0,2,284.11
p2_S1_N1.7,1870.0,25.95,15.0,1,194.96
p2_S2_N2.3,1830.0,71.06,58.0,1,270.66
p2_S1_N1.8,1880.0,20.57,7.0,1,196.89
p2_N2_S2.4,1840.0,54.74,44.0,1,237.62
p2_S1_N1.9,1890.0,12.66,0.0,0,190.2
p2_N2_S2.5,1850.0,54.26,40.0,1,248.54
p2_N2_S2.6,1860.0,45.94,28.0,1,253.58
p2_N1_S1.4,1840.0,67.43,40.0,2,258.64
p2_N2_S2.7,1870.0,37.69,21.0,1,240.03
p2_S1_N1.10,1900.0,6.32,0.0,0,160.99
p2_N1_S1.5,1850.0,59.33,34.0,2,257.04
p2_N2_S2.8,1880.0,28.65,12.0,1,229.3
p2_N1_S1.6,1860.0,51.14,31.0,1,244.81
p2_N2_S2.9,1890.0,21.16,6.0,1,216.65
p2_N2_S2.10,1900.0,13.01,0.0,0,214.71
p2_E_W.1,1806.0,88.34,61.0,3,357.72
p1_W_E.470,1762.0,135.76,74.0,4,463.88
p1_W_S2.47,1765.0,131.41,70.0,4,462.43
p1_W_E.471,1768.0,131.88,65.0,4,465.64
p2_E_W.2,1809.0,73.29,50.0,3,325.72
p1_W_E.472,1772.0,126.91,67.0,4,447.0
p2_E_W.3,1812.0,95.5,47.0,3,348.32
p1_W_E.473,1775.0,130.64,64.0,5,461.06
p2_E_W.4,1815.0,92.62,46.0,3,382.51
p1_W_E.474,1778.0,132.5,61.0,5,465.51
p2_E_W.5,1818.0,83.62,42.0,3,373.24
p1_W_E.475,1781.0,131.31,62.0,4,462.94
p1_W_E.476,1784.0,129.96,58.0,5,456.95
p2_E_W.6,1821.0,90.43,41.0,3,373.72
p2_E_W.7,1824.0,85.12,40.0,3,372.24
p1_W_E.477,1787.0,126.35,54.0,4,451.13
p2_E_W.8,1827.0,85.31,39.0,3,373.51
p1_W_E.478,1790.0,127.59,53.0,4,458.83
p2_E_W.9,1830.0,88.59,36.0,3,396.63
p1_W_E.479,1793.0,125.53,53.0,4,452.89
p2_E_W.10,1833.0,83.91,39.0,4,385.7
p1_W_E.480,1796.0,120.38,49.0,3,432.51
p1_W_S2.48,1806.0,115.88,49.0,3,447.41
p1_W_E.481,1809.0,115.61,46.0,3,439.2
p2_N1_E.1,1833.0,93.09,53.0,3,382.02
p2_E_S1.1,1836.0,88.67,43.0,5,374.46
p2_S1_N1.11,1910.0,40.35,28.0,1,221.64
p1_W_E.482,1812.0,113.86,55.0,3,419.83
p1_W_E.483,1815.0,117.01,53.0,4,430.54
p2_S1_N1.12,1920.0,32.99,19.0,1,210.31
p2_S1_N1.13,1930.0,24.84,10.0,1,195.24
p2_S1_N1.14,1940.0,16.64,3.0,1,181.16
p1_W_E.484,1818.0,108.48,50.0,3,401.8
p1_W_E.485,1821.0,116.07,48.0,3,420.84
p1_W_E.486,1824.0,114.76,47.0,4,412.32
p1_W_E.487,1828.0,112.42,47.0,5,427.82
p2_N1_S1.7,1870.0,93.44,64.0,3,302.52
p1_W_E.488,1831.0,111.28,46.0,3,435.49
p1_W_E.489,1834.0,109.89,46.0,3,439.26
p2_N1_S1.8,1880.0,83.85,51.0,3,291.46
p1_W_E.490,1837.0,107.39,45.0,3,432.45
p2_N1_S1.9,1890.0,77.61,43.0,3,288.11
p1_W_S2.49,1840.0,106.35,40.0,4,421.91
p2_S1_N1.15,1950.0,6.65,0.0,0,154.8
p2_S1_N1.16,1960.0,8.87,0.0,0,150.41
p1_W_E.491,1843.0,93.34,37.0,4,371.59
p1_W_E.492,1846.0,108.26,39.0,4,394.98
p2_E_W.11,1839.0,114.83,65.0,5,416.93
p1_W_E.493,1849.0,107.48,38.0,4,390.54
p1_W_E.494,1852.0,107.35,36.0,3,392.73
p1_W_E.495,1855.0,96.64,34.0,3,390.72
p2_S2_N2.4,1840.0,139.34,119.0,3,368.62
p2_S2_N2.5,1850.0,137.69,112.0,3,373.53
p2_N2_S2.11,1910.0,68.75,55.0,1,259.72
p2_E_W.12,1842.0,100.02,60.0,4,375.03
p2_S2_N2.6,1860.0,129.31,101.0,3,359.61
p2_N2_S2.12,1920.0,66.3,52.0,1,261.82
p2_E_W.13,1845.0,124.19,58.0,4,404.74
p2_N2_S2.13,1930.0,60.99,45.0,1,270.37
p2_E_W.14,1848.0,114.55,57.0,4,411.54
p2_E_W.15,1851.0,121.8,54.0,4,424.52
p2_N2_S2.14,1940.0,44.19,31.0,1,220.03
p2_E_W.16,1854.0,120.56,51.0,4,420.56
p2_N2_S2.15,1950.0,46.25,28.0,1,238.16
p2_E_W.17,1857.0,119.42,51.0,5,425.56
p2_N2_S2.16,1960.0,38.1,19.0,1,229.58
p2_E_W.18,1860.0,118.05,50.0,4,433.55
p2_N2_S2.17,1970.0,29.76,13.0,1,230.62
p2_E_W.19,1863.0,116.17,50.0,4,437.82
p2_N2_S2.18,1980.0,20.1,2.0,1,211.55
p2_E_W.20,1866.0,115.43,46.0,3,435.39
p2_N2_S2.19,1990.0,13.22,0.0,0,196.49
p2_S2_N2.7,1870.0,132.85,99.0,4,364.02
p2_S2_N2.8,1880.0,123.38,91.0,4,346.93
p2_E_S1.2,1869.0,118.96,56.0,5,414.0
p2_S2_N2.9,1890.0,121.23,83.0,4,348.77
p2_N2_S2.20,2000.0,6.15,0.0,0,148.34
p2_S1_N1.17,1970.0,42.52,28.0,1,226.13
p2_N1_S1.10,1900.0,111.45,72.0,4,330.57
p2_N1_S1.11,1910.0,105.76,65.0,3,321.36
p2_S1_N1.18,1980.0,35.09,21.0,1,215.88
p2_N2_S2.21,2010.0,5.4,0.0,0,149.43
p2_S2_N2.10,1900.0,110.79,71.0,4,323.49
p2_N1_S1.12,1920.0,97.44,65.0,3,315.76
p2_S1_N1.19,1990.0,27.16,13.0,1,204.41
p2_S2_N2.11,1910.0,101.9,67.0,3,310.67
p2_S2_N2.12,1920.0,101.04,65.0,2,317.04
p2_S1_N1.20,2000.0,14.98,0.0,0,179.79
p2_N1_E.2,1863.0,140.27,108.0,4,442.02
p2_S1_N1.21,2010.0,14.93,0.0,0,199.25
p2_S1_N1.22,2020.0,6.68,0.0,0,161.34
p2_N1_E.3,1893.0,112.32,68.0,4,396.11
p1_W_E.496,1858.0,149.66,82.0,5,456.36
p1_W_E.497,1861.0,148.46,79.0,6,450.49
p2_N1_S1.13,1930.0,102.25,66.0,4,321.69
p1_W_E.498,1864.0,147.24,77.0,6,449.68
p2_N1_S1.14,1940.0,94.05,53.0,4,310.28
p1_W_E.499,1878.0,134.23,70.0,4,434.31
p2_N1_S1.15,1950.0,85.94,45.0,5,290.4
p1_W_S2.50,1884.0,135.04,61.0,4,420.59
p2_S1_N1.23,2030.0,6.01,0.0,0,143.41
p1_W_E.500,1881.0,118.51,64.0,5,403.6
p2_N1_S1.16,1960.0,87.52,39.0,4,299.52
p1_W_E.501,1887.0,140.65,58.0,5,440.54
p2_N1_S1.17,1970.0,79.61,36.0,5,288.64
p1_W_E.502,1890.0,138.14,57.0,5,447.41
p2_S1_N1.24,2040.0,6.02,0.0,0,151.29
p1_W_E.503,1893.0,138.08,53.0,5,459.52
p2_N1_S1.18,1980.0,69.41,31.0,2,259.54
p1_W_E.504,1896.0,137.0,52.0,4,453.63
p1_W_E.505,1899.0,118.14,53.0,4,412.5
p2_E_W.21,1872.0,164.72,99.0,5,483.22
p1_W_E.506,1902.0,133.56,53.0,4,428.68
p2_E_W.22,1875.0,163.65,97.0,6,474.06
p1_W_E.507,1905.0,129.22,50.0,4,437.28
p2_E_W.23,1878.0,162.39,95.0,7,462.67
p1_W_E.508,1908.0,132.2,51.0,4,448.56
p1_W_E.509,1911.0,131.97,49.0,5,457.83
p2_E_W.24,1881.0,161.47,90.0,6,463.77
p2_S2_N2.13,1930.0,133.05,100.0,3,365.6
p2_S2_N2.14,1940.0,125.85,89.0,3,361.32
p2_E_W.25,1884.0,157.48,89.0,5,460.55
p2_S2_W.1,1833.0,213.93,139.0,6,570.06
p2_N2_S2.22,2020.0,38.15,28.0,1,216.92
p2_N2_S2.23,2030.0,40.6,24.0,1,237.79
p2_S2_N2.15,1950.0,114.08,80.0,4,344.31
p2_N2_S2.24,2040.0,32.45,16.0,1,234.73
p2_E_W.26,1887.0,154.23,92.0,5,477.28
p2_N2_S2.25,2050.0,17.67,4.0,1,190.16
p2_E_W.27,1890.0,164.1,89.0,7,495.04
p2_N2_S2.26,2060.0,16.3,0.0,0,195.54
p2_E_W.28,1893.0,162.91,85.0,6,493.84
p2_E_W.29,1896.0,161.6,82.0,5,500.53
p2_N2_S2.27,2070.0,6.29,0.0,0,156.15
p2_N1_S1.19,1990.0,91.73,53.0,3,307.13
p2_S1_N1.25,2050.0,31.65,18.0,1,203.79
p2_N1_S1.20,2000.0,83.08,44.0,3,286.15
p2_S1_N1.26,2060.0,22.29,12.0,1,191.69
p2_N2_S2.28,2080.0,5.49,0.0,0,146.81
p2_S1_N1.27,2070.0,15.64,3.0,1,180.76
p2_N1_S1.21,2010.0,73.0,32.0,3,265.12
p2_S1_N1.28,2080.0,8.49,0.0,0,162.76
p2_N1_S1.22,2020.0,72.02,26.0,2,267.66
p2_N1_S1.23,2030.0,63.85,19.0,1,271.82
p2_N1_S1.24,2040.0,55.72,18.0,1,248.96
p2_N1_E.4,1923.0,151.55,102.0,5,464.66
p2_N1_E.5,1953.0,123.83,71.0,6,419.89
p2_N1_E.6,1983.0,92.95,48.0,3,353.03
p1_W_E.510,1914.0,168.76,94.0,5,498.01
p2_S1_N1.29,2090.0,6.52,0.0,0,148.72
p1_W_S2.51,1917.0,167.22,91.0,5,492.96
p2_S1_N1.30,2100.0,6.61,0.0,0,157.1
p2_N1_S1.25,2050.0,55.59,18.0,1,238.55
p1_W_E.511,1920.0,164.11,87.0,5,477.73
p2_N1_S1.26,2060.0,48.62,18.0,1,230.15
p1_W_E.512,1923.0,163.23,85.0,6,479.18
p2_N1_S1.27,2070.0,40.46,17.0,1,225.45
p1_W_E.513,1926.0,164.26,82.0,4,483.61
p1_W_E.514,1929.0,162.98,78.0,4,475.48
p1_W_E.515,1932.0,161.59,77.0,4,482.92
p2_N1_S1.28,2080.0,31.33,9.0,1,198.56
p1_W_E.516,1935.0,158.41,77.0,5,463.55
p1_W_E.517,1942.0,155.48,76.0,4,476.27
p2_E_W.30,1899.0,189.93,115.0,6,529.32
p2_N2_S2.29,2090.0,35.65,23.0,1,218.95
p2_N2_S2.30,2100.0,27.53,15.0,1,203.11
p2_N2_S2.31,2110.0,19.23,7.0,1,192.22
p2_N2_S2.32,2120.0,9.01,0.0,0,170.03
p2_S2_N2.16,1960.0,174.49,128.0,5,425.96
p2_S2_N2.17,1970.0,171.61,119.0,5,423.23
p2_N2_S2.33,2130.0,5.79,0.0,0,151.39
p2_S2_N2.18,1980.0,154.39,104.0,4,392.75
p2_E_S1.3,1902.0,227.2,138.0,6,581.22
p2_S2_N2.19,1990.0,152.1,98.0,5,390.22
p2_N2_S2.34,2140.0,5.93,0.0,0,148.75
p2_S2_N2.20,2000.0,150.06,88.0,4,397.84
p2_S1_N1.31,2110.0,43.52,31.0,1,232.56
p2_S2_N2.21,2010.0,143.51,81.0,4,393.13
p2_N1_S1.29,2090.0,63.81,33.0,2,257.84
p2_N1_S1.30,2100.0,54.82,30.0,1,242.66
p1_W_E.518,1946.0,189.7,106.0,5,524.15
p2_N1_E.7,2013.0,124.65,62.0,4,427.91
p2_S1_N1.32,2120.0,27.16,14.0,1,204.07
p2_E_W.31,1905.0,238.88,145.0,9,602.66
p2_S1_N1.33,2130.0,34.97,13.0,1,209.91
p2_S1_N1.34,2140.0,26.6,6.0,1,209.38
p2_E_W.32,1908.0,238.1,141.0,8,594.89
p2_E_W.33,1911.0,237.02,137.0,9,594.9
p2_N1_E.8,2043.0,81.89,41.0,3,347.34
p1_W_S2.52,1955.0,193.9,113.0,6,537.63
p2_E_W.34,1914.0,235.77,138.0,7,597.36
p2_N1_E.9,2073.0,71.17,33.0,2,327.58
p1_W_E.519,1949.0,202.96,116.0,5,561.66
p1_W_E.520,1952.0,201.79,115.0,5,561.81
p2_E_W.35,1917.0,229.71,137.0,7,585.64
p1_W_E.521,1958.0,196.93,109.0,6,551.16
p2_E_W.36,1920.0,236.55,129.0,7,599.31
p1_W_E.522,1961.0,180.8,105.0,6,511.65
p2_E_W.37,1923.0,235.4,128.0,7,612.29
p1_W_E.523,1964.0,196.7,100.0,6,527.95
p1_W_E.524,1967.0,193.01,100.0,7,532.44
p2_E_W.38,1926.0,224.13,124.0,6,578.88
p1_W_E.525,1970.0,184.12,97.0,5,503.68
p2_E_W.39,1929.0,236.03,124.0,6,598.1
p1_W_E.526,1973.0,193.08,94.0,6,526.24
p2_E_W.40,1932.0,234.76,119.0,7,594.89
p1_W_E.527,1976.0,182.45,93.0,5,524.0
p1_W_E.528,1979.0,186.16,92.0,5,520.07
p1_W_E.529,1982.0,189.44,91.0,6,527.29
p1_W_S2.53,2008.0,163.35,80.0,4,471.91
p2_S1_N1.35,2150.0,43.76,28.0,1,224.17
p1_W_E.530,2004.0,169.28,82.0,4,499.8
p2_E_S1.4,1935.0,227.17,121.0,9,588.82
p2_S1_N1.36,2160.0,35.5,25.0,1,213.74
p1_W_E.531,2011.0,160.56,78.0,4,486.16
p2_N1_S1.31,2110.0,79.0,54.0,2,273.86
p2_S1_N1.37,2170.0,26.29,14.0,1,195.73
p2_N1_S1.32,2120.0,79.99,53.0,2,282.88
p2_N1_E.10,2103.0,63.14,31.0,2,316.06
p2_N1_S1.33,2130.0,71.68,43.0,2,272.38
p2_S1_N1.38,2180.0,17.32,7.0,1,180.41
p1_W_E.532,2014.0,166.0,84.0,5,497.03
p2_S1_N1.39,2190.0,13.16,0.0,0,184.95
p1_W_E.533,2017.0,165.72,84.0,5,495.64
p1_W_E.534,2020.0,164.57,82.0,4,507.79
p2_N1_S1.34,2140.0,66.91,34.0,2,269.29
p2_S1_N1.40,2200.0,6.24,0.0,0,144.87
p1_W_E.535,2023.0,163.41,79.0,4,504.79
p1_W_E.536,2026.0,159.66,82.0,5,490.18
p2_N1_S1.35,2150.0,56.48,25.0,2,246.34
p2_N1_S1.36,2160.0,52.74,21.0,1,241.29
p1_W_E.537,2029.0,146.13,77.0,4,461.15
p1_W_E.538,2032.0,161.78,77.0,4,478.63
p1_W_E.539,2035.0,154.13,78.0,5,473.82
p1_W_S2.54,2041.0,150.49,75.0,4,473.71
p2_E_W.41,1938.0,257.6,139.0,10,614.91
p1_W_E.540,2038.0,159.42,76.0,4,480.37
p2_N2_S2.35,2150.0,71.23,58.0,1,264.97
p2_E_W.42,1941.0,248.13,139.0,10,609.65
p2_N2_S2.36,2160.0,62.86,51.0,1,267.41
p2_S2_W.2,1863.0,335.39,224.0,10,756.94
p2_S2_W.3,1893.0,304.19,182.0,11,714.24
p2_N2_S2.37,2170.0,53.29,41.0,1,234.38
p2_S2_W.4,1923.0,275.31,169.0,8,655.19
p2_N2_S2.38,2180.0,46.18,33.0,1,235.76
p2_E_W.43,1944.0,264.99,152.0,9,644.9
p2_N2_S2.39,2190.0,40.51,25.0,1,221.4
p2_E_W.44,1947.0,263.75,147.0,9,652.1
p2_E_W.45,1950.0,252.76,149.0,9,621.3
p2_N2_S2.40,2200.0,27.76,13.0,1,193.08
p2_E_W.46,1953.0,261.52,145.0,10,614.9
p2_N2_S2.41,2210.0,25.76,9.0,1,200.34
p2_E_W.47,1956.0,260.31,140.0,7,625.94
p2_E_W.48,1959.0,259.04,138.0,9,622.92
p2_E_W.49,1962.0,257.76,137.0,10,629.38
p2_N2_S2.42,2220.0,11.21,0.0,0,173.63
p2_N2_S2.43,2230.0,12.75,0.0,0,171.11
p2_E_W.50,1965.0,254.81,133.0,9,624.29
p2_S2_N2.22,2020.0,223.73,163.0,5,503.26
p2_S2_N2.23,2030.0,216.06,156.0,5,498.28
p2_S2_N2.24,2040.0,207.8,152.0,7,481.36
p2_S1_N1.41,2210.0,39.93,28.0,1,225.81
p2_E_S1.5,1968.0,252.16,133.0,10,608.55
p2_N2_S2.44,2240.0,5.92,0.0,0,146.61
p2_S1_N1.42,2220.0,31.48,19.0,1,208.95
p2_S1_N1.43,2230.0,22.74,9.0,1,195.36
p2_S1_N1.44,2240.0,16.7,5.0,1,191.76
p1_W_E.541,2044.0,192.89,111.0,6,530.91
p2_S1_N1.45,2250.0,7.95,0.0,0,162.15
p1_W_E.542,2047.0,189.52,105.0,5,524.03
p2_N1_E.11,2133.0,107.93,67.0,3,399.54
p2_N1_S1.37,2170.0,93.44,60.0,3,310.89
p1_W_E.543,2064.0,179.07,107.0,6,519.8
p1_W_E.544,2068.0,176.87,103.0,6,516.34
p2_N1_S1.38,2180.0,85.38,53.0,3,296.56
p2_S1_N1.46,2260.0,5.92,0.0,0,150.85
p2_N1_S1.39,2190.0,77.69,43.0,3,278.66
p1_W_E.545,2071.0,175.68,102.0,5,510.02
p1_W_E.546,2074.0,171.2,100.0,5,508.46
p2_N1_S1.40,2200.0,72.16,39.0,3,277.83
p1_W_E.547,2077.0,172.62,97.0,5,511.39
p2_N1_S1.41,2210.0,64.26,35.0,2,245.11
p1_W_E.548,2080.0,173.3,94.0,6,508.38
p2_S1_N1.47,2270.0,5.21,0.0,0,145.63
p1_W_E.549,2083.0,172.06,89.0,6,499.56
p2_N1_S1.42,2220.0,54.69,32.0,2,237.82
p1_W_E.550,2086.0,166.66,87.0,5,482.42
p1_W_S2.55,2089.0,170.25,87.0,6,493.7
p2_E_W.51,1971.0,289.55,157.0,9,669.62
p2_E_W.52,1974.0,288.57,175.0,9,680.06
p2_E_W.53,1977.0,287.3,172.0,8,678.61
p2_S2_N2.25,2050.0,236.54,182.0,7,523.27
p2_N2_S2.45,2250.0,36.65,24.0,1,217.47
p2_E_W.54,1980.0,286.57,168.0,8,656.89
p2_N2_S2.46,2260.0,27.98,15.0,1,205.94
p2_E_W.55,1983.0,285.47,164.0,8,661.23
p2_S2_N2.26,2060.0,226.57,169.0,6,503.97
p2_N2_S2.47,2270.0,21.39,8.0,1,202.39
p2_E_W.56,1986.0,284.38,163.0,9,657.67
p2_S2_N2.27,2070.0,222.2,158.0,5,510.96
p2_E_W.57,1989.0,283.58,159.0,9,645.79
p2_E_W.58,1992.0,280.92,156.0,9,650.43
p2_S2_N2.28,2080.0,217.09,148.0,5,488.62
p2_N2_S2.48,2280.0,7.25,0.0,0,159.12
p2_E_W.59,1995.0,281.69,158.0,7,658.55
p2_S2_N2.29,2090.0,208.63,142.0,4,480.74
p2_N2_S2.49,2290.0,5.84,0.0,0,153.32
p2_S2_N2.30,2100.0,200.71,140.0,4,461.78
p2_N2_S2.50,2300.0,5.56,0.0,0,152.22
p2_S2_W.5,1953.0,314.26,205.0,10,706.65
p2_S2_W.6,1983.0,297.55,164.0,10,683.29
p2_E_W.60,1998.0,288.28,164.0,6,690.85
p2_S1_N1.48,2280.0,28.69,16.0,1,194.57
p2_S1_N1.49,2290.0,24.32,11.0,1,205.49
p1_W_E.551,2092.0,196.6,112.0,8,543.03
p1_W_E.552,2095.0,202.3,110.0,6,545.48
p2_S1_N1.50,2300.0,9.74,0.0,0,167.5
p1_W_E.553,2098.0,201.05,105.0,7,565.09
p2_S1_N1.51,2310.0,11.1,0.0,0,165.93
p1_W_E.554,2101.0,199.88,104.0,7,546.47
p2_N1_S1.43,2230.0,92.24,58.0,4,309.54
p1_W_E.555,2104.0,198.57,104.0,7,557.71
p2_N1_S1.44,2240.0,84.1,50.0,4,291.83
p1_W_E.556,2107.0,197.22,102.0,8,547.79
p2_N1_S1.45,2250.0,76.03,39.0,4,279.18
p1_W_E.557,2146.0,160.08,70.0,6,497.22
p2_S1_N1.52,2320.0,5.78,0.0,0,145.79
p2_N1_E.12,2163.0,144.36,83.0,4,464.76
p2_N1_S1.46,2260.0,69.99,28.0,3,270.01
p2_N1_E.13,2193.0,115.61,64.0,4,415.94
p1_W_E.558,2149.0,162.36,84.0,5,492.07
p1_W_E.559,2153.0,160.06,83.0,5,494.7
p1_W_E.560,2156.0,157.98,81.0,4,488.09
p1_W_E.561,2162.0,157.82,75.0,5,470.62
p2_N1_S1.47,2270.0,54.36,25.0,2,246.92
p1_W_E.562,2165.0,156.69,74.0,5,468.53
p1_W_S2.56,2159.0,150.43,77.0,4,467.99
p1_W_E.563,2168.0,146.67,71.0,5,458.11
p1_W_E.564,2171.0,153.25,70.0,4,463.28
p1_W_E.565,2174.0,158.73,68.0,4,481.36
p1_W_E.566,2207.0,122.45,50.0,4,432.48
p1_W_E.567,2210.0,126.37,46.0,3,446.14
p1_W_E.568,2213.0,125.17,45.0,3,454.36
p1_W_E.569,2216.0,123.97,46.0,4,464.82
p2_E_S1.6,2001.0,340.84,226.0,10,777.07
p1_W_S2.57,2222.0,122.02,58.0,3,418.14
p2_N1_S1.48,2280.0,86.77,54.0,3,302.48
p2_S1_N1.53,2330.0,36.25,25.0,1,215.04
p2_N1_E.14,2223.0,99.77,62.0,4,374.6
p2_S1_N1.54,2340.0,28.09,15.0,1,203.62
p2_N1_E.15,2253.0,92.23,35.0,4,359.99
p1_W_E.570,2219.0,130.06,60.0,3,447.46
p2_S1_N1.55,2350.0,20.3,9.0,1,192.13
p1_W_E.571,2225.0,125.88,56.0,3,446.09
p1_W_E.572,2228.0,124.6,56.0,4,457.3
p2_S1_N1.56,2360.0,10.01,0.0,0,175.28
p1_W_E.573,2231.0,112.48,55.0,5,391.77
p2_S1_N1.57,2370.0,6.28,0.0,0,149.17
p2_N2_S2.51,2310.0,68.31,55.0,1,263.83
p2_N2_S2.52,2320.0,60.17,47.0,1,253.86
p2_S2_N2.31,2110.0,263.8,195.0,6,567.14
p2_S2_N2.32,2120.0,257.28,185.0,6,551.26
p2_N1_S1.49,2290.0,92.83,56.0,4,312.94
p2_S2_N2.33,2130.0,255.27,172.0,5,548.84
p2_N1_S1.50,2300.0,83.48,48.0,4,294.2
p2_S1_N1.58,2380.0,6.34,0.0,0,146.9
p2_N1_S1.51,2310.0,76.81,39.0,3,281.42
p2_N2_S2.53,2330.0,46.83,35.0,1,228.49
p2_N2_S2.54,2340.0,49.04,29.0,1,229.52
p2_N1_S1.52,2320.0,71.05,27.0,2,269.85
p2_N2_S2.55,2350.0,31.41,19.0,1,207.19
p2_N2_S2.56,2360.0,27.37,11.0,1,207.65
p2_N1_S1.53,2330.0,62.87,26.0,3,255.18
p2_N1_S1.54,2340.0,54.72,26.0,2,235.94
p2_N2_S2.57,2370.0,24.33,6.0,1,207.32
p2_S1_N1.59,2390.0,5.28,0.0,0,153.82
p2_N2_S2.58,2380.0,7.79,0.0,0,159.53
p2_N1_S1.55,2350.0,48.47,22.0,2,240.25
p2_N2_S2.59,2390.0,6.19,0.0,0,154.33
p2_N1_S1.56,2360.0,37.47,15.0,2,215.71
p2_N1_S1.57,2370.0,35.94,9.0,2,217.81
p2_S2_N2.34,2140.0,267.52,184.0,6,570.7
p2_E_W.61,2004.0,370.39,267.0,11,809.54
p2_S2_N2.35,2150.0,261.4,175.0,6,567.99
p2_E_W.62,2007.0,390.68,266.0,11,817.94
p2_S2_N2.36,2160.0,257.0,167.0,5,564.32
p2_N2_S2.60,2400.0,7.12,0.0,0,153.07
p2_E_W.63,2010.0,389.41,259.0,11,824.33
p2_N2_S2.61,2410.0,11.06,0.0,0,161.16
p2_S2_W.7,2013.0,386.45,277.0,9,831.75
p2_S2_W.8,2043.0,359.07,256.0,9,775.96
p2_E_W.64,2013.0,390.37,280.0,11,830.61
p2_N2_S2.62,2420.0,5.95,0.0,0,148.22
p2_E_W.65,2016.0,390.52,273.0,11,832.97
p2_E_W.66,2019.0,389.31,270.0,13,833.92
p2_E_W.67,2022.0,372.13,261.0,9,799.86
p1_W_E.574,2234.0,180.17,111.0,5,521.27
p2_E_W.68,2025.0,366.79,259.0,11,788.97
p2_E_W.69,2028.0,380.35,257.0,9,790.7
p2_S1_N1.60,2400.0,34.75,24.0,1,208.17
p1_W_E.575,2237.0,176.67,108.0,4,520.45
p2_E_W.70,2030.0,388.34,251.0,9,813.14
p1_W_E.576,2240.0,180.08,107.0,5,518.91
p2_S1_N1.61,2410.0,31.34,18.0,1,217.26
p1_W_E.577,2243.0,178.82,103.0,5,520.24
p2_S1_N1.62,2420.0,23.11,10.0,1,223.23
p1_W_E.578,2246.0,177.64,104.0,4,515.09
p2_S1_N1.63,2430.0,14.98,2.0,1,204.34
p1_W_E.579,2249.0,176.23,103.0,4,517.05
p1_W_E.580,2255.0,168.06,101.0,4,490.7
p2_N1_S1.58,2380.0,47.32,28.0,2,238.26
p2_N1_S1.59,2390.0,60.92,27.0,2,254.88
p2_N1_S1.60,2400.0,43.74,23.0,1,231.2
p2_N1_S1.61,2410.0,43.91,23.0,1,241.68
p2_N1_E.16,2283.0,134.98,90.0,5,428.0
p2_N1_S1.62,2420.0,36.11,13.0,1,235.14
p2_N1_E.17,2313.0,118.57,68.0,5,407.0
p2_N1_S1.63,2430.0,28.0,4.0,1,215.79
p2_N1_E.18,2343.0,94.04,47.0,3,368.54
p1_W_S2.58,2258.0,177.66,108.0,6,535.43
p2_N1_E.19,2373.0,65.83,25.0,3,342.27
p1_W_E.581,2261.0,177.01,100.0,6,528.88
p2_S1_N1.64,2440.0,7.42,0.0,0,156.31
p1_W_E.582,2264.0,178.85,99.0,7,533.14
p2_S1_N1.65,2450.0,14.97,0.0,0,174.28
p1_W_E.583,2267.0,177.77,96.0,6,538.06
p1_W_E.584,2270.0,175.16,95.0,5,526.65
p1_W_E.585,2273.0,175.24,96.0,5,518.77
p1_W_E.586,2276.0,152.04,91.0,5,464.86
p1_W_E.587,2279.0,185.16,83.0,6,487.42
p1_W_E.588,2282.0,186.16,81.0,5,486.35
p2_W_N1.0,2337.0,148.67,81.0,4,400.59
p1_W_E.589,2285.0,182.71,83.0,6,472.29
p1_W_E.590,2288.0,183.61,81.0,7,488.39
p2_N1_E.20,2403.0,68.53,24.0,1,325.68
p2_N1_E.21,2433.0,41.32,6.0,2,287.51
p2_W_N1.1,2369.0,127.33,64.0,4,368.9
p1_W_S2.59,2303.0,161.46,101.0,5,473.29
p2_E_S1.7,2034.0,444.23,313.0,12,901.0
p2_N2_S2.63,2430.0,69.29,55.0,1,266.67
p2_N2_S2.64,2440.0,62.51,49.0,1,256.47
p2_N2_S2.65,2450.0,53.09,39.0,1,249.6
p2_S1_N1.66,2460.0,40.84,29.0,1,221.82
p2_N2_S2.66,2460.0,46.05,32.0,1,237.64
p2_S1_N1.67,2470.0,37.61,23.0,1,223.55
p2_N2_S2.67,2470.0,35.42,22.0,1,208.08
p2_S1_N1.68,2480.0,29.37,16.0,1,207.65
p2_N2_S2.68,2480.0,27.8,13.0,1,203.96
p2_N1_S1.64,2440.0,56.99,40.0,2,249.35
p2_S1_N1.69,2490.0,21.12,6.0,1,204.94
p2_N1_S1.65,2450.0,60.09,39.0,2,252.43
p2_N2_S2.69,2490.0,19.67,5.0,1,195.47
p2_S1_N1.70,2500.0,11.39,0.0,0,193.59
p2_N2_S2.70,2500.0,13.59,0.0,0,188.44
p2_N1_S1.66,2460.0,54.33,36.0,1,248.6
p2_N2_S2.71,2510.0,6.66,0.0,0,151.85
p2_N1_S1.67,2470.0,46.97,28.0,1,236.73
p2_S1_N1.71,2510.0,6.11,0.0,0,147.94
p2_N1_S1.68,2480.0,36.03,18.0,1,216.73
p2_N1_S1.69,2490.0,33.87,13.0,1,214.26
p2_N2_S2.72,2520.0,5.57,0.0,0,150.55
p2_E_W.71,2037.0,464.99,329.0,15,935.74
p2_E_W.72,2040.0,463.15,319.0,13,936.48
p2_E_W.73,2043.0,468.08,313.0,12,948.92
p2_E_W.74,2046.0,464.4,312.0,13,942.85
p2_S2_W.9,2073.0,440.92,309.0,13,917.78
p2_S2_W.10,2103.0,412.37,280.0,12,873.56
p2_E_W.75,2049.0,469.26,317.0,12,962.8
p2_E_W.76,2052.0,465.91,311.0,14,941.48
p2_E_W.77,2055.0,466.61,304.0,13,936.88
p2_E_W.78,2057.0,466.49,298.0,13,931.9
p2_E_W.79,2061.0,464.31,294.0,13,925.39
p2_N2_S2.73,2530.0,6.4,0.0,0,149.13
p2_N2_S2.74,2540.0,11.77,0.0,0,152.52
p2_S2_N2.37,2170.0,381.92,287.0,6,747.75
p2_W_N1.2,2384.0,168.25,94.0,7,452.09
p2_S2_N2.38,2180.0,372.39,286.0,6,728.11
p2_E_W.80,2064.0,451.27,291.0,14,897.06
p2_S1_N1.72,2520.0,35.87,22.0,1,214.64
p2_S2_N2.39,2190.0,367.36,281.0,6,724.98
p2_S1_N1.73,2530.0,28.16,15.0,1,200.32
p2_S1_N1.74,2540.0,20.09,7.0,1,189.95
p2_S1_N1.75,2550.0,11.93,0.0,0,183.19
p1_W_E.591,2307.0,227.91,161.0,5,586.54
p2_S1_N1.76,2560.0,5.33,0.0,0,151.61
p1_W_E.592,2310.0,231.44,158.0,5,605.42
p1_W_E.593,2313.0,233.15,155.0,5,614.91
p1_W_E.594,2316.0,225.97,153.0,5,592.91
p2_N1_S1.70,2500.0,72.14,42.0,3,276.62
p1_W_E.595,2319.0,220.94,150.0,5,552.48
p1_W_E.596,2322.0,231.18,147.0,5,583.63
p2_N1_S1.71,2510.0,64.11,37.0,2,248.73
p1_W_E.597,2325.0,229.95,146.0,5,597.52
p2_N1_S1.72,2520.0,56.27,35.0,2,240.78
p2_S1_N1.77,2570.0,5.8,0.0,0,149.22
p1_W_E.598,2328.0,228.09,143.0,5,594.09
p1_W_E.599,2331.0,218.83,142.0,6,578.78
p2_N1_S1.73,2530.0,50.85,29.0,2,243.97
p2_W_E.0,2334.0,226.95,141.0,5,587.84
p2_W_E.1,2340.0,222.6,134.0,6,590.69
p2_W_E.2,2343.0,221.34,131.0,5,585.66
p2_W_E.3,2346.0,220.1,127.0,6,582.72
p2_W_E.4,2349.0,217.3,127.0,7,574.86
p2_N1_E.22,2463.0,96.72,71.0,2,368.29
p2_W_N1.3,2399.0,194.69,112.0,9,463.85
p2_W_E.5,2372.0,182.5,110.0,7,515.1
p2_W_E.6,2375.0,207.39,107.0,7,533.92
p2_W_E.7,2378.0,206.15,105.0,6,556.88
p2_W_N1.4,2433.0,172.66,96.0,7,423.5
p2_W_E.8,2381.0,204.81,104.0,5,573.66
p2_N2_S2.75,2550.0,52.47,41.0,1,237.37
p2_N2_S2.76,2560.0,47.88,35.0,1,237.48
p2_N2_S2.77,2570.0,37.89,25.0,1,213.83
p2_N2_S2.78,2580.0,32.37,18.0,1,216.77
p2_N2_S2.79,2590.0,24.09,10.0,1,202.43
p2_N2_S2.80,2600.0,15.72,0.0,0,193.98
p2_W_N1.5,2448.0,167.82,86.0,5,417.22
p2_N2_S2.81,2610.0,6.74,0.0,0,150.15
p2_E_S1.8,2067.0,530.2,351.0,18,1034.66
p2_S1_N1.78,2580.0,42.17,29.0,1,222.55
p2_S1_N1.79,2590.0,34.02,21.0,1,210.45
p2_N1_S1.74,2540.0,75.47,49.0,3,271.64
p2_N2_S2.82,2620.0,5.85,0.0,0,147.16
p2_N1_S1.75,2550.0,79.26,42.0,3,293.9
p2_S1_N1.80,2600.0,21.38,9.0,1,189.89
p2_S1_N1.81,2610.0,18.69,3.0,1,197.35
p2_S1_N1.82,2620.0,11.08,0.0,0,183.51
p2_S1_N1.83,2630.0,6.39,0.0,0,153.29
p2_N2_S2.83,2630.0,5.86,0.0,0,152.07
p2_N1_S1.76,2560.0,71.79,41.0,3,275.2
p2_N1_S1.77,2570.0,69.54,37.0,3,280.09
p2_N1_S1.78,2580.0,54.77,32.0,2,238.42
p2_N2_S2.84,2640.0,5.39,0.0,0,150.31
p2_N1_S1.79,2590.0,50.49,28.0,1,233.62
p2_N1_S1.80,2600.0,45.46,22.0,1,249.66
p2_N1_S1.81,2610.0,39.37,15.0,1,239.5
p2_S1_N1.84,2640.0,6.02,0.0,0,150.26
p2_N1_S1.82,2620.0,34.25,7.0,1,219.62
p2_N2_S2.85,2650.0,5.79,0.0,0,146.49
p2_S1_N1.85,2650.0,5.71,0.0,0,154.35
p2_N1_S1.83,2630.0,24.1,0.0,0,201.5
p2_N1_S1.84,2640.0,21.54,0.0,0,206.23
p2_N1_S1.85,2650.0,13.38,0.0,0,169.63
p2_E_W.81,2070.0,576.11,384.0,16,1088.58
p2_N1_E.23,2493.0,152.54,114.0,4,475.9
p2_E_W.82,2073.0,575.74,377.0,16,1093.72
p2_N1_E.24,2523.0,124.8,96.0,3,406.38
p2_W_E.9,2387.0,263.13,180.0,8,641.93
p2_E_W.83,2076.0,574.03,376.0,19,1091.71
p2_W_E.10,2390.0,262.29,169.0,8,635.58
p2_E_W.84,2079.0,573.84,365.0,19,1094.8
p2_W_E.11,2393.0,260.93,164.0,8,625.54
p2_E_W.85,2082.0,572.59,356.0,18,1082.33
p2_W_E.12,2396.0,259.46,164.0,9,621.33
p2_E_W.86,2085.0,567.31,355.0,17,1079.46
p2_W_E.13,2402.0,253.08,159.0,8,613.89
p2_E_W.87,2088.0,572.43,347.0,18,1081.38
p2_E_W.88,2091.0,571.04,352.0,16,1086.35
p2_W_E.14,2405.0,249.82,155.0,7,598.4
p2_E_W.89,2094.0,569.81,345.0,18,1064.75
p2_W_E.15,2426.0,235.35,141.0,7,584.79
p2_W_E.16,2430.0,235.88,140.0,8,582.0
p2_E_W.90,2097.0,568.62,346.0,18,1069.38
p2_W_E.17,2436.0,227.28,140.0,8,575.09
p2_W_E.18,2439.0,221.08,139.0,7,558.68
p2_W_N1.6,2502.0,190.57,105.0,6,458.3
p2_W_E.19,2442.0,228.09,135.0,7,548.66
p2_E_S1.9,2114.0,558.29,331.0,17,1048.21
p2_W_E.20,2445.0,229.4,134.0,7,561.55
p2_N1_S1.86,2660.0,36.64,25.0,1,219.35
p2_S1_N1.86,2660.0,34.49,22.0,1,208.06
p2_S1_N1.87,2670.0,28.52,15.0,1,216.82
p2_N1_S1.87,2670.0,25.36,13.0,1,190.9
p2_N1_E.25,2553.0,105.97,66.0,4,387.65
p2_S1_N1.88,2680.0,16.44,5.0,1,180.32
p2_N1_E.26,2583.0,101.02,51.0,2,385.46
p2_S1_N1.89,2690.0,9.29,0.0,0,172.78
p2_N1_E.27,2613.0,72.87,25.0,2,365.23
p2_S1_N1.90,2700.0,8.41,0.0,0,165.81
p2_N1_E.28,2643.0,44.23,7.0,1,312.36
p2_W_E.21,2451.0,233.26,129.0,10,602.66
p2_N1_S1.88,2680.0,32.24,16.0,2,213.07
p2_W_E.22,2454.0,225.18,130.0,7,583.83
p2_N1_S1.89,2690.0,24.18,5.0,2,202.54
p2_W_E.23,2457.0,236.61,127.0,7,605.56
p2_W_E.24,2460.0,228.86,123.0,7,588.02
p2_W_E.25,2498.0,185.98,96.0,6,526.33
p2_S2_W.11,2133.0,564.31,386.0,17,1095.9
p2_E_W.91,2118.0,582.4,379.0,14,1095.31
p2_E_W.92,2121.0,581.09,375.0,16,1084.9
p2_E_W.93,2124.0,579.96,373.0,15,1093.31
p2_N2_S2.86,2660.0,65.45,53.0,1,257.01
p2_E_W.94,2127.0,574.72,370.0,14,1083.24
p2_N2_S2.87,2670.0,55.35,42.0,1,239.01
p2_N2_S2.88,2680.0,51.64,39.0,1,243.82
p2_E_W.95,2130.0,574.53,372.0,18,1088.31
p2_E_W.96,2133.0,579.13,367.0,16,1078.93
p2_N2_S2.89,2690.0,43.38,29.0,1,236.22
p2_E_W.97,2136.0,577.82,362.0,15,1093.49
p2_N2_S2.90,2700.0,35.09,21.0,1,222.05
p2_E_W.98,2139.0,574.53,359.0,17,1098.21
p2_N2_S2.91,2710.0,26.88,12.0,1,213.97
p2_N2_S2.92,2720.0,18.58,3.0,1,204.78
p2_N2_S2.93,2730.0,10.43,0.0,0,178.96
p2_E_W.99,2144.0,559.76,362.0,19,1067.12
p2_N2_S2.94,2740.0,5.34,0.0,0,147.15
p2_E_W.100,2190.0,517.31,322.0,17,1008.0
p2_S2_N2.40,2200.0,542.31,449.0,9,989.14
p2_W_N1.7,2517.0,228.31,133.0,9,520.62
p2_S2_N2.41,2210.0,538.29,438.0,10,980.15
p2_S2_N2.42,2220.0,522.75,424.0,10,958.02
p2_E_S1.10,2194.0,539.76,329.0,17,1024.82
p2_S2_N2.43,2230.0,526.86,415.0,10,967.76
p2_N2_S2.95,2750.0,6.22,0.0,0,154.29
p2_S2_N2.44,2240.0,516.41,404.0,9,949.83
p2_S1_N1.91,2710.0,48.27,37.0,1,234.47
p2_N1_S1.90,2700.0,57.01,38.0,2,252.62
p2_S2_N2.45,2250.0,509.7,390.0,9,937.82
p2_S1_N1.92,2720.0,39.25,27.0,1,217.41
p2_S2_N2.46,2260.0,503.4,379.0,9,922.97
p2_S1_N1.93,2730.0,30.2,18.0,1,211.88
p2_S1_N1.94,2740.0,25.64,10.0,1,203.21
p2_N2_S2.96,2760.0,6.23,0.0,0,147.71
p2_S1_N1.95,2750.0,17.33,2.0,1,190.49
p2_S1_N1.96,2760.0,8.66,0.0,0,171.17
p2_N1_S1.91,2710.0,62.37,43.0,2,252.81
p2_S2_N2.47,2270.0,487.58,374.0,8,897.19
p2_S2_N2.48,2280.0,495.58,370.0,8,904.43
p2_N2_S2.97,2770.0,5.25,0.0,0,150.61
p2_S1_N1.97,2770.0,5.84,0.0,0,152.03
p2_S2_N2.49,2290.0,487.38,363.0,10,896.57
p2_N1_S1.92,2720.0,53.05,36.0,2,240.05
p2_S2_N2.50,2300.0,479.09,362.0,9,893.36
p2_N1_S1.93,2730.0,49.12,30.0,2,240.41
p2_S2_N2.51,2310.0,470.76,359.0,10,873.25
p2_N1_E.29,2673.0,88.37,63.0,3,372.22
p2_N1_S1.94,2740.0,39.35,20.0,2,210.88
p2_N1_S1.95,2750.0,37.31,12.0,2,214.62
p2_N1_S1.96,2760.0,28.25,5.0,1,209.85
p2_S1_N1.98,2780.0,6.75,0.0,0,148.93
p2_W_E.26,2505.0,245.52,158.0,9,590.07
p2_W_E.27,2508.0,265.78,155.0,10,610.99
p2_W_E.28,2511.0,264.85,153.0,8,617.99
p2_E_W.101,2197.0,573.15,359.0,17,1081.3
p2_W_E.29,2514.0,263.59,149.0,9,634.1
p2_W_E.30,2520.0,251.56,140.0,10,623.42
p2_S2_W.12,2163.0,607.19,441.0,16,1170.59
p2_W_E.31,2523.0,258.35,133.0,10,630.28
p2_E_W.102,2200.0,569.89,391.0,16,1088.01
p2_N2_S2.98,2780.0,18.66,8.0,1,179.83
p2_E_W.103,2203.0,579.22,392.0,16,1106.0
p2_S2_N2.52,2320.0,477.56,368.0,12,890.36
p2_N2_S2.99,2790.0,16.08,2.0,1,191.6
p2_E_W.104,2206.0,580.3,385.0,15,1103.74
p2_N2_S2.100,2800.0,6.04,0.0,0,151.09
p2_E_W.105,2209.0,565.15,381.0,18,1075.04
p2_S2_N2.53,2330.0,466.44,363.0,9,864.29
p2_E_W.106,2215.0,576.33,373.0,19,1093.85
p2_S2_N2.54,2340.0,473.54,354.0,7,874.41
p2_E_W.107,2255.0,521.89,346.0,14,1000.16
p2_S2_N2.55,2350.0,465.22,354.0,9,857.1
p2_E_W.108,2288.0,499.82,329.0,14,950.38
p2_S2_N2.56,2360.0,456.92,346.0,9,855.45
p2_S2_N2.57,2370.0,448.53,348.0,8,834.92
p2_E_W.109,2295.0,501.64,329.0,14,965.8
p2_E_W.110,2301.0,498.01,331.0,14,967.98
p2_W_N1.8,2552.0,269.42,160.0,10,577.58
p2_N2_S2.101,2810.0,6.25,0.0,0,147.92
p2_S2_N2.58,2380.0,445.69,342.0,9,834.02
p2_E_S1.11,2308.0,494.56,334.0,12,973.13
p2_S2_N2.59,2390.0,437.94,332.0,8,826.49
p2_S1_N1.99,2790.0,39.03,27.0,1,221.95
p2_N2_S2.102,2820.0,6.27,0.0,0,150.64
p2_S2_N2.60,2400.0,429.86,324.0,8,803.86
p2_S1_N1.100,2800.0,31.11,20.0,1,218.44
p2_N1_S1.97,2770.0,56.22,33.0,2,254.52
p2_N1_S1.98,2780.0,54.65,30.0,1,253.23
p2_S1_N1.101,2810.0,20.92,10.0,1,187.34
p2_N1_S1.99,2790.0,46.4,28.0,1,228.67
p2_S1_N1.102,2820.0,12.66,1.0,1,174.47
p2_N2_S2.103,2830.0,5.99,0.0,0,150.84
p2_S2_N2.61,2410.0,420.87,314.0,9,788.64
p2_S1_N1.103,2830.0,7.97,0.0,0,163.83
p2_S2_N2.62,2420.0,419.28,306.0,11,793.26
p2_S2_N2.63,2430.0,402.46,296.0,8,756.88
p2_N1_S1.100,2800.0,41.37,23.0,1,219.7
p2_N2_S2.104,2840.0,5.48,0.0,0,152.36
p2_S2_N2.64,2440.0,406.07,288.0,8,772.85
p2_N1_S1.101,2810.0,35.34,14.0,1,224.9
p2_S1_N1.104,2840.0,6.43,0.0,0,147.6
p2_S2_N2.65,2450.0,397.81,287.0,8,745.93
p2_S2_N2.66,2460.0,389.53,283.0,6,751.05
p2_N1_S1.102,2820.0,23.53,4.0,1,195.86
p2_S2_N2.67,2470.0,381.88,281.0,5,727.91
p2_N1_S1.103,2830.0,22.18,0.0,0,195.76
p2_S2_N2.68,2480.0,373.89,273.0,5,716.26
p2_N1_S1.104,2840.0,13.94,0.0,0,180.33
p2_S1_N1.105,2850.0,6.1,0.0,0,151.82
p2_W_E.32,2526.0,312.71,184.0,12,700.06
p2_N1_E.30,2703.0,136.06,101.0,4,440.82
p2_N1_E.31,2733.0,110.14,80.0,3,399.74
p2_E_W.111,2345.0,499.88,347.0,13,964.88
p2_E_W.112,2348.0,497.21,346.0,12,976.53
p2_E_W.113,2351.0,498.84,364.0,12,984.9
p2_S2_N2.69,2490.0,382.41,285.0,7,743.05
p2_N2_S2.105,2850.0,22.78,11.0,1,194.22
p2_E_W.114,2354.0,497.68,366.0,13,971.72
p2_N1_E.32,2763.0,70.51,44.0,3,327.07
p2_E_W.115,2356.0,497.43,362.0,11,977.27
p2_E_W.116,2359.0,496.09,357.0,9,971.51
p2_N2_S2.106,2860.0,14.3,1.0,1,180.24
p2_E_W.117,2363.0,493.82,354.0,10,973.41
p2_N2_S2.107,2870.0,8.37,0.0,0,168.72
p2_S2_W.13,2193.0,665.2,516.0,13,1255.93
p2_S2_N2.70,2500.0,383.24,283.0,7,748.12
p2_S2_N2.71,2510.0,373.55,275.0,7,725.24
p2_S2_W.14,2223.0,627.39,482.0,14,1188.15
p2_S2_N2.72,2520.0,367.06,266.0,6,726.67
p2_S2_W.15,2253.0,613.22,446.0,11,1161.06
p2_S2_W.16,2283.0,585.96,425.0,12,1135.96
p2_N2_S2.108,2880.0,6.1,0.0,0,146.38
p2_S2_W.17,2313.0,556.37,414.0,11,1085.06
p2_E_W.118,2366.0,506.25,387.0,8,1022.61
p2_E_W.119,2369.0,501.06,383.0,8,994.33
p2_W_N1.9,2568.0,328.52,198.0,13,680.19
p2_E_W.120,2372.0,504.7,379.0,9,1004.26
p2_S2_N2.73,2530.0,362.37,259.0,7,717.91
p2_S2_N2.74,2540.0,359.66,253.0,9,701.62
p2_S2_N2.75,2550.0,351.34,242.0,8,702.63
p2_S1_N1.106,2860.0,37.07,27.0,1,212.77
p2_S2_N2.76,2640.0,263.18,160.0,5,551.72
p2_S1_N1.107,2870.0,32.92,18.0,1,210.31
p2_S1_N1.108,2880.0,24.63,11.0,1,204.49
p2_S2_N2.77,2643.0,262.08,163.0,6,531.92
p2_N1_S1.105,2850.0,42.79,32.0,1,217.76
p2_S1_N1.109,2890.0,12.89,2.0,1,176.04
p2_S1_N1.110,2900.0,8.63,0.0,0,170.86
p2_S2_N2.78,2652.0,251.58,159.0,4,527.83
p2_S2_N2.79,2833.0,79.07,10.0,3,277.61
p2_N1_S1.106,2860.0,52.73,34.0,2,238.44
p2_N2_S2.109,2890.0,7.75,0.0,0,157.26
p2_S1_N1.111,2910.0,5.03,0.0,0,149.08
p2_N2_S2.110,2900.0,17.6,0.0,0,159.71
p2_N1_S1.107,2870.0,41.75,25.0,2,224.25
p2_N1_S1.108,2880.0,39.57,17.0,2,226.56
p2_N2_S2.111,2910.0,7.17,0.0,0,151.41
p2_S2_N2.80,2836.0,71.63,10.0,3,271.57
p2_N1_S1.109,2890.0,31.47,9.0,2,211.25
p2_S2_N2.81,2839.0,83.84,9.0,3,280.48
p2_N1_S1.110,2900.0,22.04,1.0,1,182.03
p2_W_E.33,2529.0,374.92,237.0,13,795.95
p2_N1_S1.111,2910.0,14.88,1.0,1,189.47
p2_W_E.34,2556.0,349.15,219.0,12,754.95
p2_N1_E.33,2793.0,114.12,78.0,2,399.95
p2_N1_E.34,2823.0,75.19,47.0,2,329.68
p2_W_E.35,2559.0,358.76,222.0,12,772.12
p2_W_E.36,2562.0,344.21,210.0,11,752.09
p2_W_N1.10,2583.0,358.4,212.0,13,691.36
p2_W_E.37,2565.0,356.45,214.0,14,766.9
p2_S2_N2.82,2845.0,98.97,27.0,4,302.78
p2_N2_S2.112,2920.0,22.92,11.0,1,198.72
p2_N2_S2.113,2930.0,14.27,3.0,1,184.86
p2_S2_N2.83,2848.0,96.65,23.0,4,316.31
p2_N2_S2.114,2940.0,8.13,0.0,0,154.06
p2_S2_N2.84,2851.0,92.61,24.0,4,303.09
p2_S2_N2.85,2857.0,95.81,21.0,3,319.07
p2_N2_S2.115,2950.0,5.72,0.0,0,145.74
p2_S2_N2.86,2860.0,93.86,21.0,3,318.07
p2_W_N1.11,2598.0,349.44,196.0,13,670.28
p2_S2_N2.87,2864.0,85.31,21.0,4,303.93
p2_W_N1.12,2635.0,330.27,178.0,11,635.32
p2_S2_N2.88,2870.0,95.83,16.0,3,314.19
p2_N2_S2.116,2960.0,5.54,0.0,0,147.76
p2_S2_N2.89,2873.0,94.66,16.0,3,321.58
p2_E_S1.12,2375.0,571.24,445.0,12,1105.05
p2_S2_N2.90,2876.0,93.34,15.0,3,307.97
p2_N1_S1.112,2920.0,50.6,37.0,1,230.98
p2_N1_S1.113,2930.0,42.48,31.0,1,224.65
p2_S2_N2.91,2888.0,79.22,10.0,1,277.99
p2_N1_S1.114,2940.0,34.64,22.0,1,212.91
p2_S1_N1.112,2920.0,45.26,34.0,1,227.86
p2_S1_N1.113,2930.0,49.25,32.0,1,235.44
p2_S1_N1.114,2940.0,41.0,22.0,1,229.2
p2_S1_N1.115,2950.0,32.66,14.0,1,215.85
p2_E_W.121,2378.0,583.9,452.0,11,1119.51
p2_N1_E.35,2853.0,89.32,69.0,3,352.2
p2_E_W.122,2401.0,562.82,434.0,10,1082.36
p2_N1_E.36,2883.0,80.8,45.0,3,339.23
p2_N1_E.37,2913.0,52.71,24.0,1,316.02
p2_E_W.123,2405.0,558.37,431.0,10,1092.84
p2_W_E.38,2571.0,396.85,246.0,14,849.64
p2_S2_W.18,2343.0,624.97,460.0,15,1195.75
p2_W_E.39,2574.0,395.61,235.0,12,848.23
p2_S2_W.19,2373.0,597.04,443.0,14,1147.14
p2_W_E.40,2577.0,381.93,231.0,12,814.94
p2_S2_W.20,2403.0,565.13,414.0,13,1073.22
p2_W_E.41,2580.0,385.36,230.0,14,809.19
p2_S2_W.21,2433.0,541.09,388.0,14,1051.77
p2_S2_W.22,2463.0,512.61,372.0,10,1010.5
p2_W_E.42,2586.0,370.75,221.0,12,773.28
p2_W_E.43,2589.0,378.73,216.0,14,769.24
p2_E_W.124,2408.0,565.5,449.0,10,1099.36
p2_W_E.44,2592.0,382.41,211.0,13,771.62
p2_W_E.45,2595.0,384.82,205.0,11,780.28
p2_E_W.125,2411.0,562.45,446.0,10,1092.54
p2_W_E.46,2601.0,378.63,200.0,11,780.49
p2_E_W.126,2414.0,565.66,439.0,10,1089.76
p2_W_E.47,2615.0,370.6,188.0,10,759.38
p2_E_W.127,2417.0,568.49,433.0,10,1121.24
p2_W_E.48,2618.0,369.15,189.0,13,776.53
p2_S2_W.23,2493.0,493.24,350.0,12,1002.47
p2_S2_N2.92,2892.0,117.29,42.0,2,336.84
p2_W_E.49,2622.0,366.95,185.0,12,764.82
p2_N2_S2.117,2970.0,40.33,29.0,1,222.46
p2_S2_N2.93,2896.0,115.68,44.0,3,336.74
p2_S2_W.24,2523.0,451.66,318.0,10,926.48
p2_W_N1.13,2686.0,332.58,181.0,12,653.62
p2_S2_W.25,2636.0,361.47,215.0,9,760.65
p2_N2_S2.118,2980.0,23.91,12.0,1,195.3
p2_S2_W.26,2820.0,173.75,57.0,6,503.86
p2_N1_S1.115,2950.0,71.45,51.0,2,273.86
p2_N2_S2.119,2990.0,27.1,9.0,1,201.54
p2_S2_W.27,2842.0,157.71,51.0,6,484.42
p2_S1_N1.116,2960.0,59.76,42.0,2,247.53
p2_S2_N2.94,2902.0,122.12,41.0,3,345.97
p2_N2_S2.120,3000.0,23.9,3.0,1,195.97
p2_S1_N1.117,2970.0,55.08,37.0,1,256.1
p2_N2_S2.121,3010.0,15.51,0.0,0,180.21
p2_S2_N2.95,2905.0,121.25,40.0,3,348.43
p2_N1_S1.116,2960.0,59.15,38.0,2,242.77
p2_S1_N1.118,2980.0,46.87,34.0,1,237.1
p2_N2_S2.122,3020.0,7.34,0.0,0,156.64
p2_S1_N1.119,2990.0,36.44,25.0,1,218.48
p2_N1_S1.117,2970.0,59.31,34.0,1,258.49
p2_S2_N2.96,2908.0,117.84,40.0,3,329.2
p2_S1_N1.120,3000.0,30.34,16.0,1,216.74
p2_S2_N2.97,2914.0,118.51,37.0,2,334.12
p2_S1_N1.121,3010.0,22.21,8.0,1,195.5
p2_S2_N2.98,2917.0,117.72,39.0,2,336.31
p2_S1_N1.122,3020.0,12.46,0.0,0,174.01
p2_S2_N2.99,2920.0,116.62,38.0,2,332.87
p2_S1_N1.123,3030.0,5.89,0.0,0,152.01
p2_N2_S2.123,3030.0,6.47,0.0,0,150.74
p2_S2_N2.100,2926.0,115.18,35.0,2,347.81
p2_N1_S1.118,2980.0,61.75,39.0,2,254.89
p2_S2_N2.101,2929.0,114.05,34.0,2,343.57
p2_S2_N2.102,2932.0,112.82,35.0,2,344.38
p2_N1_S1.119,2990.0,51.48,31.0,2,242.67
p2_S1_N1.124,3040.0,5.58,0.0,0,143.76
p2_N2_S2.124,3040.0,6.05,0.0,0,150.02
p2_N1_S1.120,3000.0,40.99,21.0,2,223.56
p2_N1_S1.121,3010.0,44.49,17.0,2,231.2
p2_W_E.50,2628.0,407.36,231.0,13,832.79
p2_N1_S1.122,3020.0,36.86,6.0,2,218.43
p2_S1_N1.125,3050.0,5.62,0.0,0,155.52
p2_N1_S1.123,3030.0,28.74,2.0,1,215.27
p2_N1_E.38,2943.0,88.73,64.0,2,357.99
p2_W_E.51,2674.0,368.95,215.0,11,767.07
p2_E_W.128,2420.0,621.66,492.0,11,1189.45
p2_W_E.52,2677.0,367.73,206.0,12,766.29
p2_W_E.53,2680.0,366.42,208.0,10,794.06
p2_E_W.129,2423.0,618.22,486.0,11,1175.13
p2_E_W.130,2426.0,622.62,479.0,11,1182.89
p2_S2_N2.103,2937.0,132.38,47.0,4,369.05
p2_N2_S2.125,3050.0,18.38,8.0,1,188.62
p2_W_N1.14,2701.0,372.52,203.0,12,716.79
p2_S2_N2.104,2941.0,130.69,44.0,4,361.85
p2_N2_S2.126,3060.0,14.6,1.0,1,189.86
p2_S2_N2.105,2944.0,124.39,41.0,4,361.39
p2_N2_S2.127,3070.0,5.87,0.0,0,148.19
p2_W_N1.15,2716.0,366.89,181.0,16,693.13
p2_S2_N2.106,2950.0,136.09,43.0,4,371.76
p2_S2_N2.107,2953.0,135.3,43.0,4,367.22
p2_E_S1.13,2429.0,638.82,489.0,12,1210.78
p2_S2_N2.108,2964.0,126.12,43.0,4,358.23
p2_N2_S2.128,3080.0,5.8,0.0,0,148.87
p2_S2_N2.109,2973.0,120.93,39.0,6,332.78
p2_S1_N1.126,3060.0,30.84,20.0,1,200.18
p2_N2_S2.129,3090.0,5.75,0.0,0,150.6
p2_S1_N1.127,3070.0,21.18,10.0,1,189.68
p2_S2_N2.110,2976.0,116.05,37.0,3,331.17
p2_S1_N1.128,3080.0,19.73,4.0,1,200.88
p2_S2_N2.111,2979.0,122.31,36.0,3,345.77
p2_S1_N1.129,3090.0,11.51,0.0,0,193.6
p2_N1_S1.124,3040.0,63.85,34.0,3,262.4
p2_S2_N2.112,2985.0,114.8,33.0,3,339.93
p2_W_E.54,2683.0,403.84,238.0,11,839.44
p2_N1_S1.125,3050.0,53.0,32.0,2,235.53
p2_S1_N1.130,3100.0,5.85,0.0,0,157.34
p2_N1_E.39,2973.0,114.69,76.0,3,407.19
p2_N1_S1.126,3060.0,50.54,29.0,2,244.93
p2_N1_E.40,3003.0,88.03,50.0,3,356.64
p2_E_W.131,2432.0,662.17,506.0,13,1251.94
p2_E_W.132,2435.0,661.36,502.0,14,1245.07
p2_W_E.55,2689.0,396.5,231.0,13,827.44
p2_W_E.56,2692.0,407.07,229.0,11,823.96
p2_W_E.57,2695.0,405.84,219.0,11,817.51
p2_E_W.133,2437.0,654.93,491.0,13,1231.4
p2_W_E.58,2698.0,404.56,217.0,13,835.83
p2_S2_W.28,2854.0,245.21,117.0,9,621.44
p2_W_E.59,2704.0,400.25,210.0,12,836.17
p2_W_E.60,2707.0,398.94,211.0,12,826.13
p2_S2_W.29,2867.0,229.07,109.0,8,599.27
p2_S2_W.30,2879.0,227.77,97.0,7,587.86
p2_W_E.61,2710.0,394.77,205.0,13,803.35
p2_E_W.134,2440.0,668.79,502.0,15,1279.3
p2_W_E.62,2713.0,396.32,205.0,12,814.95
p2_E_W.135,2444.0,666.5,499.0,15,1273.51
p2_E_W.136,2447.0,665.18,493.0,13,1265.67
p2_W_E.63,2757.0,345.35,170.0,15,725.93
p2_E_W.137,2450.0,663.87,485.0,14,1258.02
p2_N1_E.41,3033.0,76.32,35.0,3,343.14
p2_N2_S2.130,3100.0,35.24,24.0,1,212.46
p2_E_W.138,2453.0,662.62,488.0,14,1260.34
p2_S2_N2.113,2988.0,148.59,62.0,5,387.58
p2_N2_S2.131,3110.0,28.17,17.0,1,208.97
p2_E_W.139,2541.0,571.48,405.0,15,1102.11
p2_S2_N2.114,2991.0,147.26,60.0,5,382.61
p2_E_W.140,2544.0,575.4,398.0,11,1110.86
p2_N2_S2.132,3120.0,18.27,6.0,1,187.33
p2_N2_S2.133,3130.0,13.23,1.0,1,182.41
p2_W_N1.16,2770.0,374.83,191.0,16,707.7
p2_E_S1.14,2547.0,576.72,400.0,15,1102.95
p2_S1_N1.131,3110.0,38.21,28.0,1,217.64
p2_S1_N1.132,3120.0,29.13,17.0,1,203.03
p2_S1_N1.133,3130.0,21.84,10.0,1,188.11
p2_N1_S1.127,3070.0,73.14,47.0,3,272.91
p2_N1_S1.128,3080.0,73.8,43.0,3,278.06
p2_S1_N1.134,3140.0,12.35,1.0,1,174.05
p2_N2_S2.134,3140.0,6.1,0.0,0,151.93
p2_S1_N1.135,3150.0,6.98,0.0,0,155.02
p2_N1_S1.129,3090.0,54.1,30.0,2,243.7
p2_N2_S2.135,3150.0,5.26,0.0,0,153.29
p2_S2_N2.115,2997.0,168.35,72.0,7,419.2
p2_N1_S1.130,3100.0,65.17,30.0,3,261.56
p2_S1_N1.136,3160.0,6.33,0.0,0,152.01
p2_N2_S2.136,3160.0,5.85,0.0,0,158.42
p2_N1_S1.131,3110.0,54.67,28.0,2,243.9
p2_S2_N2.116,3000.0,166.44,71.0,6,403.18
p2_N1_S1.132,3120.0,48.87,26.0,1,239.96
p2_S2_N2.117,3003.0,167.47,64.0,5,404.85
p2_N1_S1.133,3130.0,39.37,20.0,1,218.78
p2_S1_N1.137,3170.0,5.78,0.0,0,151.22
p2_S2_N2.118,3009.0,163.85,62.0,5,389.14
p2_N1_S1.134,3140.0,33.06,11.0,1,213.34
p2_N2_S2.137,3170.0,5.81,0.0,0,152.55
p2_N1_S1.135,3150.0,27.59,3.0,1,214.54
p2_S2_N2.119,3012.0,166.17,60.0,5,394.92
p2_S2_N2.120,3015.0,164.08,58.0,5,397.6
p2_E_W.141,2550.0,607.42,426.0,17,1148.17
p2_E_W.142,2553.0,607.34,420.0,15,1150.66
p2_S2_W.31,2899.0,265.54,128.0,9,637.25
p2_S2_W.32,2911.0,248.74,122.0,8,609.71
p2_S2_W.33,2923.0,245.18,120.0,6,613.51
p2_N1_E.42,3063.0,86.02,61.0,3,343.44
p2_W_E.64,2761.0,411.25,219.0,15,814.82
p2_S2_W.34,2935.0,236.76,108.0,8,605.35
p2_E_W.143,2556.0,618.07,449.0,14,1173.36
p2_W_E.65,2764.0,409.96,212.0,12,798.17
p2_E_W.144,2559.0,616.88,443.0,15,1179.41
p2_W_E.66,2767.0,408.62,209.0,12,823.31
p2_E_W.145,2562.0,613.66,438.0,13,1180.84
p2_N1_E.43,3092.0,78.4,30.0,3,347.22
p2_N1_E.44,3123.0,55.65,27.0,1,314.74
p2_N2_S2.138,3180.0,22.43,11.0,1,198.13
p2_E_W.146,2565.0,596.49,432.0,16,1130.36
p2_N2_S2.139,3190.0,8.36,0.0,0,162.95
p2_E_W.147,2568.0,613.65,436.0,15,1157.52
p2_S2_N2.121,3032.0,180.65,78.0,6,426.95
p2_N2_S2.140,3200.0,12.23,0.0,0,162.87
p2_W_N1.17,2819.0,393.16,215.0,16,741.48
p2_S2_W.35,2947.0,243.9,96.0,9,619.0
p2_S2_N2.122,3035.0,179.41,71.0,8,421.75
p2_S2_W.36,2970.0,223.16,87.0,8,582.59
p2_S1_N1.138,3180.0,35.32,22.0,1,219.24
p2_N2_S2.141,3210.0,6.0,0.0,0,155.23
p2_S2_W.37,2982.0,207.68,78.0,7,554.12
p2_E_W.148,2571.0,626.06,446.0,17,1205.71
p2_S2_N2.123,3038.0,175.98,68.0,6,420.86
p2_S1_N1.139,3190.0,26.22,14.0,1,200.62
p2_S1_N1.140,3200.0,20.65,7.0,1,193.5
p2_S2_N2.124,3044.0,177.26,67.0,7,417.76
p2_S1_N1.141,3210.0,10.05,0.0,0,167.6
p2_S1_N1.142,3220.0,5.67,0.0,0,149.26
p2_N2_S2.142,3220.0,5.6,0.0,0,149.84
p2_S2_N2.125,3050.0,169.88,68.0,7,415.75
p2_S2_N2.126,3060.0,164.58,60.0,7,415.43
p2_N1_S1.136,3160.0,71.41,43.0,2,258.72
p2_N1_S1.137,3170.0,64.26,40.0,2,261.66
p2_S2_N2.127,3070.0,154.58,53.0,6,394.88
p2_N1_S1.138,3180.0,55.96,37.0,2,243.2
p2_S1_N1.143,3230.0,6.11,0.0,0,150.88
p2_S2_N2.128,3080.0,158.15,44.0,7,400.92
p2_N2_S2.143,3230.0,5.68,0.0,0,146.86
p2_S2_N2.129,3090.0,149.9,44.0,7,389.52
p2_N1_S1.139,3190.0,49.9,30.0,2,230.48
p2_N1_S1.140,3200.0,41.68,22.0,2,223.54
p2_S2_N2.130,3100.0,143.21,40.0,5,365.18
p2_S2_N2.131,3110.0,134.51,37.0,5,348.71
p2_S1_N1.144,3240.0,5.7,0.0,0,146.05
p2_N2_S2.144,3240.0,5.49,0.0,0,144.44
p2_S2_N2.132,3120.0,127.21,36.0,5,363.76
p2_N1_S1.141,3210.0,30.71,11.0,2,200.45
p2_E_W.149,2574.0,657.28,480.0,16,1239.21
p2_E_W.150,2659.0,574.05,405.0,14,1106.23
p2_W_E.67,2778.0,455.77,265.0,19,902.66
p2_W_E.68,2808.0,420.44,250.0,17,835.83
p2_W_E.69,2812.0,420.75,243.0,15,841.79
p2_W_E.70,2815.0,423.52,242.0,17,842.64
p2_W_N1.18,2895.0,366.58,207.0,16,716.08
p2_N1_E.45,3153.0,79.73,45.0,4,333.6
p2_N1_E.46,3183.0,63.86,35.0,2,324.92
p2_N1_E.47,3213.0,36.97,10.0,2,279.93
p2_W_N1.19,2972.0,302.98,164.0,13,615.3
p2_W_E.71,2828.0,424.42,246.0,16,844.87
p2_S2_N2.133,3130.0,154.25,59.0,4,410.8
p2_N2_S2.145,3250.0,32.57,21.0,1,206.03
p2_E_S1.15,2662.0,595.67,422.0,13,1142.35
p2_N2_S2.146,3260.0,25.78,13.0,1,201.74
p2_S2_N2.134,3140.0,143.85,55.0,4,384.33
p2_N1_S1.142,3220.0,65.32,40.0,2,266.16
p2_S1_N1.145,3250.0,35.11,22.0,1,206.99
p2_N1_S1.143,3230.0,58.9,33.0,2,258.79
p2_N2_S2.147,3270.0,15.23,4.0,1,183.12
p2_S1_N1.146,3260.0,29.98,15.0,1,213.71
p2_S1_N1.147,3270.0,21.66,6.0,1,209.35
p2_N2_S2.148,3280.0,11.08,0.0,0,180.52
p2_S1_N1.148,3280.0,13.35,0.0,0,188.43
p2_N1_S1.144,3240.0,43.61,31.0,1,218.41
p2_S1_N1.149,3290.0,5.77,0.0,0,146.56
p2_N2_S2.149,3290.0,5.18,0.0,0,146.86
p2_S2_N2.135,3150.0,130.52,53.0,4,362.21
p2_S2_N2.136,3160.0,135.31,56.0,8,368.25
p2_S2_N2.137,3170.0,129.84,49.0,4,369.77
p2_S2_N2.138,3180.0,120.04,40.0,4,364.83
p2_N1_S1.145,3250.0,51.82,33.0,2,246.11
p2_S2_N2.139,3190.0,113.56,36.0,3,345.34
p2_N1_S1.146,3260.0,42.19,22.0,2,223.89
p2_N1_S1.147,3270.0,37.12,16.0,2,230.2
p2_S2_N2.140,3200.0,99.29,34.0,3,305.33
p2_S2_N2.141,3210.0,91.25,31.0,2,295.9
p2_N1_S1.148,3280.0,27.24,6.0,2,199.56
p2_N2_S2.150,3300.0,5.98,0.0,0,145.76
p2_N1_S1.149,3290.0,24.62,1.0,1,195.57
p2_S1_N1.150,3300.0,6.78,0.0,0,154.3
p2_S2_N2.142,3220.0,89.86,28.0,3,307.04
p2_E_W.151,2665.0,627.93,444.0,13,1197.54
p2_N2_S2.151,3310.0,5.79,0.0,0,144.32
p2_S2_N2.143,3230.0,90.87,28.0,2,308.12
p2_E_W.152,2668.0,625.71,439.0,13,1192.97
p2_S2_N2.144,3240.0,83.64,21.0,2,312.53
p2_E_W.153,2671.0,632.57,436.0,14,1194.13
p2_E_W.154,2674.0,628.5,431.0,14,1189.99
p2_W_E.72,2837.0,468.33,282.0,18,925.28
p2_E_W.155,2677.0,623.71,426.0,14,1185.71
p2_E_W.156,2680.0,621.95,421.0,14,1172.77
p2_W_E.73,2842.0,458.38,278.0,17,893.6
p2_S2_W.38,2994.0,317.01,172.0,11,717.63
p2_W_E.74,2848.0,456.33,274.0,21,898.03
p2_S2_W.39,3006.0,306.44,158.0,9,705.66
p2_E_W.157,2683.0,630.84,442.0,13,1218.69
p2_W_E.75,2885.0,429.74,250.0,17,888.12
p2_W_E.76,2918.0,398.5,232.0,15,842.28
p2_W_E.77,2954.0,364.29,202.0,13,794.32
p2_E_W.158,2686.0,621.14,435.0,13,1170.06
p2_E_W.159,2689.0,630.34,436.0,17,1182.96
p2_W_E.78,2959.0,353.04,198.0,10,747.36
p2_W_E.79,2965.0,349.74,200.0,15,741.02
p2_E_W.160,2692.0,630.66,428.0,14,1198.68
p2_W_E.80,3021.0,302.69,169.0,10,712.82
p2_W_E.81,3024.0,300.76,170.0,10,692.09
p2_S2_N2.145,3250.0,99.49,43.0,3,321.94
p2_N2_S2.152,3320.0,29.12,18.0,1,203.44
p2_W_N1.20,3033.0,311.78,187.0,13,656.61
p2_S2_N2.146,3260.0,91.02,41.0,3,301.03
p2_N2_S2.153,3330.0,21.95,9.0,1,196.49
p2_N2_S2.154,3340.0,13.74,2.0,1,190.33
p2_E_S1.16,2759.0,559.38,378.0,17,1083.92
p2_S2_N2.147,3270.0,84.4,40.0,2,287.24
p2_N1_S1.150,3300.0,54.8,32.0,1,259.02
p2_S1_N1.151,3310.0,33.35,21.0,1,206.61
p2_S1_N1.152,3320.0,32.78,19.0,1,209.16
p2_S1_N1.153,3330.0,34.08,13.0,1,227.59
p2_N1_S1.151,3310.0,55.46,36.0,2,238.29
p2_N2_S2.155,3350.0,6.77,0.0,0,152.67
p2_S1_N1.154,3340.0,26.0,4.0,1,210.02
p2_N1_S1.152,3320.0,47.57,30.0,2,239.42
p2_S1_N1.155,3350.0,16.0,0.0,0,193.52
p2_N2_S2.156,3360.0,7.16,0.0,0,157.19
p2_S1_N1.156,3360.0,5.93,0.0,0,148.98
p2_N1_S1.153,3330.0,37.44,20.0,2,215.28
p2_S2_N2.148,3280.0,87.54,40.0,4,297.01
p2_N1_S1.154,3340.0,34.4,14.0,2,208.04
p2_S2_N2.149,3290.0,81.74,36.0,4,293.52
p2_S1_N1.157,3370.0,5.34,0.0,0,153.76
p2_N2_S2.157,3370.0,5.35,0.0,0,146.06
p2_N1_S1.155,3350.0,26.37,4.0,2,211.04
p2_S2_N2.150,3300.0,77.05,29.0,3,291.7
p2_N1_S1.156,3360.0,15.33,0.0,0,185.06
p2_S2_N2.151,3310.0,72.13,19.0,2,276.69
p2_N1_S1.157,3370.0,12.72,0.0,0,182.11
p2_S2_N2.152,3320.0,63.91,16.0,1,260.46
p2_S2_N2.153,3330.0,55.76,17.0,1,249.94
p2_N2_S2.158,3380.0,6.0,0.0,0,154.97
p2_E_W.161,2800.0,567.95,386.0,16,1085.53
p2_S2_N2.154,3340.0,49.95,16.0,1,239.11
p2_S2_N2.155,3350.0,41.87,10.0,1,228.36
p2_E_W.162,2803.0,562.74,378.0,13,1081.91
p2_S2_W.40,3018.0,352.99,186.0,12,752.37
p2_N1_E.48,3242.0,133.1,93.0,4,447.33
p2_S2_W.41,3041.0,332.72,171.0,11,737.44
p2_N1_E.49,3273.0,104.33,68.0,4,400.78
p2_S2_W.42,3063.0,312.96,158.0,11,720.89
p2_W_E.82,3027.0,351.67,212.0,10,774.98
p2_S2_W.43,3093.0,286.67,129.0,12,672.12
p2_S2_W.44,3123.0,258.4,117.0,11,655.31
p2_W_E.83,3030.0,352.76,211.0,11,771.6
p2_E_W.163,2808.0,572.54,395.0,14,1112.17
p2_E_W.164,2814.0,571.56,392.0,13,1098.98
p2_E_W.165,2870.0,516.49,346.0,13,1020.2
p2_E_W.166,2873.0,510.9,341.0,12,992.15
p2_N1_E.50,3303.0,70.64,46.0,3,328.2
p2_E_W.167,2876.0,514.99,335.0,11,992.05
p2_N1_E.51,3333.0,42.29,17.0,3,284.75
p2_E_W.168,2879.0,513.72,336.0,12,997.95
p2_N1_E.52,3363.0,18.98,0.0,0,263.41
p2_E_W.169,2882.0,512.5,337.0,13,999.26
p2_W_E.84,3036.0,358.96,215.0,12,766.93
p2_E_W.170,2886.0,507.08,333.0,13,975.7
p2_W_N1.21,3048.0,370.41,225.0,12,727.25
p2_N2_S2.159,3390.0,29.9,19.0,1,209.16
p2_N1_S1.158,3380.0,42.59,32.0,1,222.9
p2_S1_N1.158,3380.0,42.84,31.0,1,233.99
p2_S2_N2.156,3360.0,54.33,22.0,1,242.18
p2_N1_S1.159,3390.0,31.58,19.0,1,202.64
p2_N2_S2.160,3400.0,16.91,5.0,1,182.15
p2_N2_S2.161,3410.0,20.87,3.0,1,193.66
p2_S1_N1.159,3390.0,28.82,17.0,1,194.28
p2_N2_S2.162,3420.0,12.55,0.0,0,180.81
p2_S1_N1.160,3400.0,32.02,14.0,1,209.72
p2_S2_N2.157,3370.0,63.92,27.0,2,259.84
p2_S2_N2.158,3380.0,54.12,26.0,2,244.47
p2_N2_S2.163,3430.0,5.92,0.0,0,155.54
p2_S2_N2.159,3390.0,48.16,26.0,2,245.44
p2_S1_N1.161,3410.0,10.21,0.0,0,166.34
p2_S1_N1.162,3420.0,18.24,0.0,0,174.04
p2_S1_N1.163,3430.0,11.14,0.0,0,171.87
p2_N1_S1.160,3400.0,39.81,22.0,2,225.12
p2_N1_S1.161,3410.0,33.66,13.0,2,209.89
p2_S2_N2.160,3400.0,41.37,21.0,2,223.29
p2_N1_S1.162,3420.0,24.06,5.0,1,198.19
p2_N2_S2.164,3440.0,5.85,0.0,0,155.96
p2_N1_S1.163,3430.0,19.41,5.0,1,183.28
p2_S2_N2.161,3410.0,30.17,10.0,2,210.57
p2_S2_N2.162,3420.0,32.62,7.0,2,204.43
p2_S2_N2.163,3430.0,24.29,0.0,0,211.38
p2_S2_N2.164,3440.0,12.89,0.0,0,182.01
p2_N2_S2.165,3450.0,5.99,0.0,0,153.21
p2_S2_N2.165,3450.0,7.88,0.0,0,162.79
p2_W_N1.22,3063.0,400.69,240.0,17,757.16
p2_W_E.85,3039.0,399.97,260.0,12,836.67
p2_W_E.86,3042.0,412.31,257.0,13,854.04
p2_W_E.87,3045.0,411.04,258.0,13,846.8
p2_N1_E.53,3393.0,51.56,30.0,3,306.74
p2_W_N1.23,3083.0,387.44,223.0,14,728.08
p2_N1_E.54,3423.0,36.49,5.0,1,281.04
p2_W_E.88,3051.0,404.09,252.0,16,819.02
p2_W_E.89,3054.0,407.64,242.0,14,829.85
p2_W_E.90,3057.0,407.4,243.0,14,836.57
p2_E_S1.17,2892.0,567.79,385.0,15,1097.22
p2_N1_S1.164,3440.0,49.35,33.0,1,231.1
p2_W_E.91,3060.0,398.59,240.0,16,797.53
p2_N1_S1.165,3450.0,42.24,28.0,1,227.14
p2_W_E.92,3066.0,406.55,239.0,16,814.91
p2_W_E.93,3071.0,403.26,233.0,14,806.2
p2_S1_N1.164,3440.0,42.49,31.0,1,216.34
p2_W_E.94,3074.0,401.98,232.0,16,808.17
p2_S1_N1.165,3450.0,41.52,27.0,1,222.17
p2_W_E.95,3077.0,399.79,236.0,15,819.87
p2_S1_N1.166,3460.0,35.51,19.0,1,214.0
p2_W_E.96,3091.0,386.44,227.0,16,772.37
p2_S1_N1.167,3470.0,31.16,12.0,1,211.14
p2_E_W.171,2948.0,532.95,350.0,15,1020.67
p2_S1_N1.168,3480.0,16.21,0.0,0,191.52
p2_E_W.172,2952.0,530.75,348.0,13,1012.47
p2_S2_N2.166,3460.0,46.74,35.0,1,231.75
p2_E_W.173,2956.0,526.45,347.0,17,1018.04
p2_E_W.174,2962.0,526.01,339.0,15,1014.86
p2_S2_N2.167,3470.0,38.18,27.0,1,216.8
p2_S2_W.45,3153.0,336.14,178.0,10,749.82
p2_N2_S2.166,3460.0,42.99,32.0,1,218.55
p2_N2_S2.167,3470.0,42.59,27.0,1,232.66
p2_S2_N2.168,3480.0,29.1,18.0,1,199.95
p2_S2_W.46,3183.0,308.02,161.0,11,711.71
p2_N2_S2.168,3480.0,34.33,19.0,1,220.13
p2_S2_W.47,3213.0,278.11,150.0,11,693.03
p2_N2_S2.169,3490.0,22.72,8.0,1,204.49
p2_S2_W.48,3243.0,247.01,131.0,9,609.53
p2_N2_S2.170,3500.0,11.73,0.0,0,173.54
p2_E_W.175,3013.0,485.28,327.0,14,965.79
p2_S2_W.49,3273.0,218.46,129.0,9,564.41
p2_S2_W.50,3303.0,199.0,110.0,7,559.45
p2_S2_W.51,3333.0,169.99,87.0,5,498.81
p2_N2_S2.171,3510.0,6.57,0.0,0,146.91
p2_E_W.176,3017.0,480.75,347.0,13,962.0
p2_N2_S2.172,3520.0,9.65,0.0,0,161.83
p2_E_W.177,3020.0,487.8,344.0,14,980.49
p2_W_N1.24,3164.0,368.06,212.0,14,711.58
p2_E_W.178,3023.0,488.39,335.0,12,985.46
p2_S2_N2.169,3490.0,43.11,25.0,2,233.84
p2_W_E.97,3151.0,366.96,215.0,12,760.75
p2_S1_N1.169,3490.0,42.31,32.0,1,218.84
p2_N1_S1.166,3460.0,70.8,49.0,2,264.08
p2_N1_S1.167,3470.0,71.86,43.0,2,275.97
p2_N1_S1.168,3480.0,63.64,33.0,2,263.42
p2_S1_N1.170,3500.0,32.0,19.0,1,201.31
p2_W_E.98,3154.0,359.82,209.0,12,745.81
p2_S1_N1.171,3510.0,34.86,17.0,1,219.07
p2_S1_N1.172,3520.0,24.09,7.0,1,203.59
p2_W_E.99,3158.0,356.18,208.0,14,739.59
p2_S1_N1.173,3530.0,18.42,0.0,0,199.96
p2_N1_E.55,3453.0,70.2,44.0,3,330.09
p2_S1_N1.174,3540.0,10.11,0.0,0,175.78
p2_W_E.100,3161.0,368.73,204.0,14,786.36
p2_N1_S1.169,3490.0,62.24,31.0,2,257.4
p2_S2_N2.170,3500.0,62.74,39.0,3,264.91
p2_E_W.179,3026.0,515.36,360.0,14,1018.45
p2_N1_S1.170,3500.0,47.61,27.0,2,241.23
p2_E_W.180,3029.0,514.45,357.0,14,1017.72
p2_N1_S1.171,3510.0,53.35,24.0,2,249.66
p2_S2_N2.171,3510.0,53.93,35.0,2,235.14
p2_N2_S2.173,3530.0,25.89,15.0,1,192.27
p2_W_N1.25,3179.0,392.27,217.0,15,744.22
p2_N2_S2.174,3540.0,30.28,12.0,1,209.7
p2_N2_S2.175,3550.0,22.71,4.0,1,208.06
p2_S2_N2.172,3520.0,53.71,29.0,2,241.89
p2_N2_S2.176,3560.0,14.45,0.0,0,184.13
p2_N2_S2.177,3570.0,6.29,0.0,0,159.81
p2_S2_N2.173,3530.0,44.42,22.0,1,222.4
p2_S2_N2.174,3540.0,34.51,17.0,1,205.5
p2_S2_N2.175,3550.0,31.76,11.0,1,212.74
p2_W_N1.26,3221.0,360.84,192.0,16,699.2
p2_S2_N2.176,3560.0,18.96,0.0,0,182.19
p2_E_S1.18,3033.0,528.23,364.0,14,1050.35
p2_S2_N2.177,3570.0,20.56,0.0,0,192.14
p2_N2_S2.178,3580.0,6.85,0.0,0,154.9
p2_N1_E.56,3483.0,83.83,50.0,3,347.06
p2_S1_N1.175,3550.0,32.73,22.0,1,204.39
p2_W_E.101,3167.0,405.81,242.0,18,825.71
p2_S1_N1.176,3560.0,42.06,22.0,1,220.98
p2_E_W.181,3063.0,518.68,354.0,14,1031.28
p2_S1_N1.177,3570.0,33.78,13.0,1,214.64
p2_E_W.182,3067.0,516.62,350.0,13,1024.8
p2_W_E.102,3170.0,399.24,239.0,17,815.02
p2_S1_N1.178,3580.0,16.84,0.0,0,191.55
p2_W_E.103,3173.0,412.17,232.0,14,829.97
p2_E_W.183,3070.0,515.67,343.0,15,1008.37
p2_W_E.104,3176.0,406.69,225.0,14,830.33
p2_E_W.184,3073.0,514.65,337.0,14,1008.54
p2_W_E.105,3182.0,396.84,213.0,14,822.39
p2_S2_W.52,3363.0,226.19,122.0,9,574.92
p2_W_E.106,3202.0,372.83,204.0,15,758.55
p2_S2_W.53,3393.0,194.21,113.0,8,524.06
p2_W_E.107,3206.0,389.1,204.0,15,790.21
p2_S2_W.54,3423.0,170.41,85.0,7,500.97
p2_W_E.108,3212.0,384.83,196.0,14,787.21
p2_S2_W.55,3453.0,141.36,71.0,6,456.95
p2_E_W.185,3076.0,522.65,353.0,15,1055.18
p2_W_E.109,3269.0,329.62,165.0,11,721.64
p2_N1_E.57,3513.0,87.13,56.0,4,346.58
p2_E_W.186,3079.0,514.8,347.0,16,1016.06
p2_E_W.187,3082.0,515.47,346.0,14,1019.79
p2_E_W.188,3085.0,519.91,344.0,17,1032.12
p2_W_E.110,3272.0,332.78,180.0,12,700.35
p2_E_W.189,3088.0,514.63,336.0,15,1014.22
p2_W_E.111,3276.0,330.59,173.0,11,695.27
p2_E_W.190,3092.0,516.34,335.0,14,1026.2
p2_W_N1.27,3291.0,344.76,184.0,16,673.81
p2_W_E.112,3281.0,324.41,169.0,16,680.49
p2_S1_N1.179,3590.0,57.75,44.0,1,247.54
p2_E_S1.19,3145.0,470.75,299.0,16,964.63
p2_N1_S1.172,3520.0,129.91,92.0,5,379.5
p2_N1_S1.173,3530.0,113.12,79.0,4,341.49
p2_N1_S1.174,3540.0,115.43,71.0,3,339.46
p2_N1_S1.175,3550.0,107.11,68.0,3,325.83
p2_N2_S2.179,3590.0,60.26,43.0,1,248.17
p2_N1_S1.176,3560.0,98.89,65.0,3,311.99
p2_N1_S1.177,3570.0,90.55,61.0,3,302.01
p2_E_W.191,3148.0,494.98,312.0,15,992.79
p2_S2_N2.178,3580.0,62.16,46.0,1,252.69
p2_S2_N2.179,3590.0,75.54,46.0,1,257.99
p2_E_W.192,3152.0,487.82,314.0,15,988.51
p2_W_E.113,3341.0,294.52,154.0,11,639.29
p2_E_W.193,3155.0,489.89,304.0,20,988.54
p2_W_E.114,3344.0,306.18,154.0,12,651.67
p2_E_W.194,3163.0,488.36,301.0,17,1010.18
p2_S2_W.56,3483.0,168.17,78.0,8,499.25
p2_E_W.195,3196.0,458.82,306.0,14,959.24
p2_E_W.196,3200.0,455.22,299.0,12,939.49
p2_E_W.197,3204.0,454.36,297.0,12,937.05
p2_E_W.198,3207.0,452.99,289.0,12,926.84
p2_N1_E.58,3543.0,108.28,68.0,3,368.96
p2_E_W.199,3210.0,443.66,291.0,13,895.78
p2_S2_W.57,3513.0,150.42,68.0,9,458.47
p2_S2_W.58,3543.0,124.0,45.0,6,427.8
p2_S2_W.59,3573.0,95.69,24.0,5,397.38
p2_W_E.115,3347.0,315.47,168.0,14,674.03
p2_E_W.200,3213.0,453.01,299.0,12,931.83
p2_W_E.116,3350.0,322.64,165.0,16,705.08
p2_W_N1.28,3353.0,342.1,189.0,15,680.04
p2_W_N1.29,3368.0,339.26,171.0,18,662.97
p2_W_N1.30,3423.0,295.33,138.0,16,597.91
p2_E_S1.20,3216.0,483.34,321.0,14,975.63
p2_N1_S1.178,3580.0,144.37,111.0,4,382.06
p2_N1_S1.179,3590.0,147.16,106.0,3,405.08
p2_W_E.117,3356.0,357.15,193.0,17,767.2
p2_W_E.118,3359.0,356.57,187.0,18,736.8
p2_E_W.201,3219.0,499.42,330.0,14,991.05
p2_E_W.202,3222.0,495.3,324.0,13,991.17
p2_W_E.119,3362.0,353.68,183.0,19,732.71
p2_W_E.120,3365.0,359.99,180.0,19,752.27
p2_E_W.203,3225.0,491.64,319.0,12,984.75
p2_W_E.121,3371.0,348.56,176.0,17,719.82
p2_E_W.204,3271.0,451.0,284.0,10,907.64
p2_W_E.122,3374.0,354.53,167.0,15,735.62
p2_E_W.205,3275.0,450.38,285.0,12,903.5
p2_W_E.123,3377.0,353.11,165.0,13,741.07
p2_W_E.124,3408.0,323.89,148.0,15,701.84
p2_W_E.125,3413.0,320.59,145.0,17,699.84
p2_W_E.126,3476.0,259.35,100.0,12,616.79
p2_E_W.206,3278.0,439.83,276.0,11,891.25
p2_E_W.207,3281.0,449.79,275.0,11,904.65
p2_E_W.208,3284.0,456.85,282.0,12,931.24
p2_N1_E.59,3573.0,154.93,120.0,4,459.96
p2_W_E.127,3480.0,261.17,111.0,12,577.11
p2_W_E.128,3484.0,259.88,108.0,12,590.45
p2_E_W.209,3287.0,435.48,279.0,11,889.73
p2_E_W.210,3293.0,453.05,272.0,10,891.62
p2_W_N1.31,3497.0,269.43,121.0,16,569.51
p2_W_N1.32,3555.0,222.13,81.0,12,493.14
p2_W_E.129,3489.0,249.56,104.0,15,576.4
p2_W_N1.33,3570.0,217.95,72.0,9,484.97
p2_W_E.130,3543.0,223.97,96.0,11,534.93
p2_W_N1.34,3593.0,204.86,63.0,14,462.07
p2_E_S1.21,3342.0,422.15,283.0,13,885.08
p2_W_E.131,3546.0,246.31,103.0,12,591.75
p2_W_E.132,3549.0,245.02,96.0,11,596.75
p2_E_W.211,3345.0,449.64,289.0,16,905.78
p2_W_E.133,3552.0,243.14,95.0,11,595.32
p2_E_W.212,3348.0,444.52,284.0,15,921.65
p2_E_W.213,3351.0,449.67,284.0,12,920.76
p2_E_W.214,3354.0,445.16,280.0,13,890.64
p2_E_W.215,3357.0,447.12,273.0,13,903.52
p2_W_E.134,3558.0,231.75,88.0,14,559.41
p2_W_E.135,3561.0,243.87,81.0,11,567.43
p2_E_W.216,3360.0,445.94,272.0,12,907.04
p2_W_E.136,3564.0,241.7,80.0,12,585.99
p2_W_E.137,3567.0,241.3,77.0,11,603.62
p2_E_W.217,3363.0,435.54,267.0,12,885.63
p2_W_E.138,3573.0,227.13,75.0,11,566.01
p2_W_E.139,3576.0,230.89,71.0,11,563.72
p2_E_W.218,3366.0,434.11,258.0,12,885.13
p2_W_E.140,3579.0,234.91,71.0,12,568.03
p2_E_W.219,3369.0,432.79,260.0,15,878.62
p2_W_E.141,3582.0,233.68,67.0,13,548.99
p2_E_W.220,3372.0,440.33,260.0,13,895.64
p2_W_E.142,3603.0,214.65,77.0,13,527.43
p2_W_E.143,3649.0,170.61,53.0,7,455.25
p2_W_N1.35,3659.0,181.41,54.0,8,421.14
p2_W_E.144,3653.0,168.38,45.0,6,442.29
p2_W_E.145,3656.0,166.49,45.0,7,433.19
p2_W_N1.36,3677.0,177.22,37.0,6,404.29
p2_W_E.146,3662.0,181.86,50.0,11,463.22
p2_W_E.147,3665.0,181.14,49.0,9,461.62
p2_W_N1.37,3710.0,152.96,28.0,8,377.47
p2_W_E.148,3668.0,179.97,43.0,10,475.87
p2_W_N1.38,3766.0,108.67,14.0,4,309.71
p2_E_S1.22,3375.0,479.46,293.0,14,961.85
p2_W_E.149,3671.0,197.46,52.0,8,495.34
p2_E_W.221,3378.0,492.72,301.0,15,969.12
p2_W_E.150,3674.0,196.25,51.0,8,506.67
p2_E_W.222,3420.0,452.59,274.0,17,923.22
p2_W_E.151,3681.0,189.84,41.0,7,496.65
p2_E_W.223,3485.0,389.67,218.0,14,821.73
p2_W_E.152,3692.0,182.53,39.0,9,487.6
p2_E_W.224,3488.0,384.19,218.0,13,806.43
p2_E_W.225,3491.0,388.26,210.0,15,821.15
p2_W_E.153,3695.0,172.1,36.0,10,461.79
p2_E_W.226,3494.0,388.64,207.0,14,821.83
p2_W_E.154,3700.0,182.56,32.0,9,484.9
p2_E_W.227,3497.0,384.81,206.0,14,840.31
p2_E_W.228,3500.0,385.99,211.0,18,830.35
p2_W_E.155,3728.0,144.06,23.0,7,417.22
p2_W_E.156,3735.0,152.14,17.0,6,448.88
p2_W_E.157,3751.0,137.74,17.0,5,434.86
p2_E_W.229,3503.0,377.26,209.0,17,791.37
p2_W_E.158,3758.0,127.0,18.0,5,423.4
p2_E_W.230,3506.0,386.73,204.0,14,819.73
p2_W_E.159,3787.0,106.33,16.0,5,348.54
p2_W_E.160,3790.0,105.77,15.0,4,349.59
p2_W_N1.39,3799.0,119.01,25.0,5,336.95
p2_W_E.161,3793.0,102.55,14.0,4,359.67
p2_W_E.162,3796.0,105.88,13.0,3,359.11
p2_W_N1.40,3814.0,113.79,14.0,3,332.58
p2_W_N1.41,3837.0,101.93,10.0,2,304.81
p2_W_E.163,3802.0,118.73,22.0,5,382.15
p2_W_E.164,3805.0,117.06,20.0,4,391.25
p2_W_E.165,3808.0,117.96,18.0,3,399.94
p2_E_S1.23,3509.0,412.18,235.0,14,871.18
p2_W_E.166,3811.0,132.55,24.0,3,422.29
p2_E_W.231,3512.0,435.11,243.0,21,882.54
p2_W_E.167,3817.0,124.26,20.0,3,401.9
p2_E_W.232,3556.0,393.16,200.0,17,811.93
p2_W_E.168,3820.0,129.82,19.0,3,413.97
p2_W_E.169,3829.0,122.65,18.0,3,412.2
p2_W_E.170,3832.0,121.34,17.0,4,415.85
p2_W_E.171,3846.0,108.29,13.0,4,388.01
p2_E_W.233,3559.0,381.95,194.0,17,800.64
p2_W_E.172,3858.0,94.3,12.0,3,360.34
p2_W_E.173,3861.0,95.19,9.0,4,372.92
p2_E_W.234,3563.0,378.08,193.0,18,803.34
p2_E_W.235,3566.0,388.89,189.0,17,830.03
p2_W_E.174,3864.0,92.82,6.0,3,372.71
p2_E_W.236,3569.0,393.89,190.0,17,821.27
p2_W_E.175,3867.0,95.5,3.0,1,396.14
p2_E_W.237,3572.0,392.48,182.0,14,838.72
p2_E_W.238,3575.0,389.05,179.0,15,819.79
p2_E_W.239,3578.0,386.34,173.0,15,817.71
p2_E_W.240,3581.0,384.05,173.0,14,820.41
p2_W_N1.42,3870.0,115.05,40.0,3,355.33
p2_W_N1.43,3885.0,120.83,35.0,4,344.35
p2_W_E.176,3873.0,124.39,41.0,4,398.06
p2_W_N1.44,3900.0,113.17,28.0,3,341.29
p2_W_E.177,3876.0,122.12,40.0,4,390.68
p2_W_E.178,3879.0,123.69,40.0,5,399.95
p2_W_N1.45,3925.0,101.65,23.0,2,304.5
p2_E_S1.24,3584.0,421.31,215.0,18,873.47
p2_W_E.179,3882.0,137.61,46.0,6,437.67
p2_W_E.180,3888.0,134.03,42.0,5,426.5
p2_E_W.241,3587.0,432.77,222.0,18,885.59
p2_W_E.181,3891.0,132.88,37.0,4,420.42
p2_E_W.242,3632.0,393.83,179.0,17,844.55
p2_E_W.243,3636.0,391.16,175.0,18,833.43
p2_W_E.182,3894.0,125.37,35.0,5,415.17
p2_E_W.244,3640.0,389.42,176.0,20,818.97
p2_E_W.245,3645.0,386.13,174.0,17,817.69
p2_W_E.183,3897.0,131.68,32.0,5,429.0
p2_W_E.184,3904.0,118.21,29.0,5,392.42
p2_E_W.246,3651.0,376.35,164.0,19,797.24
p2_W_E.185,3907.0,128.49,26.0,4,404.25
p2_W_E.186,3911.0,126.3,26.0,3,401.59
p2_E_W.247,3683.0,345.02,141.0,14,761.38
p2_E_W.248,3687.0,353.14,132.0,14,755.41
p2_W_E.187,3916.0,113.45,25.0,4,376.42
p2_E_W.249,3690.0,350.99,139.0,18,756.39
p2_E_W.250,3693.0,335.54,128.0,12,736.1
p2_W_N1.46,3944.0,121.1,39.0,4,356.4
p2_W_E.188,3932.0,109.38,32.0,3,362.33
p2_W_E.189,3935.0,112.77,30.0,3,368.2
p2_W_E.190,3938.0,119.83,28.0,3,407.49
p2_W_E.191,3941.0,118.45,27.0,3,412.23
p2_W_N1.47,3959.0,121.88,32.0,4,340.0
p2_W_E.192,3947.0,125.82,39.0,5,410.27
p2_W_E.193,3950.0,123.91,37.0,5,408.36
p2_W_N1.48,3977.0,114.11,26.0,5,333.37
p2_W_E.194,3953.0,124.74,34.0,5,416.53
p2_W_N1.49,4001.0,102.25,25.0,3,317.45
p2_E_S1.25,3696.0,387.94,174.0,15,821.11
p2_W_E.195,3956.0,139.08,45.0,6,444.78
p2_W_E.196,3962.0,130.54,33.0,6,423.4
p2_E_W.251,3699.0,393.82,178.0,15,836.55
p2_W_E.197,3965.0,136.77,36.0,5,439.23
p2_E_W.252,3702.0,401.27,166.0,15,841.21
p2_W_E.198,3968.0,133.41,32.0,5,445.27
p2_E_W.253,3705.0,397.48,162.0,16,826.07
p2_W_E.199,3971.0,130.51,31.0,5,413.07
p2_E_W.254,3710.0,396.8,157.0,13,833.74
p2_W_E.200,3974.0,132.98,28.0,5,410.29
p2_E_W.255,3723.0,384.15,158.0,14,811.94
p2_W_E.201,3980.0,128.72,26.0,6,427.51
p2_W_E.202,3983.0,127.5,27.0,6,417.52
p2_W_E.203,3986.0,119.85,23.0,4,403.51
p2_W_E.204,3991.0,124.28,24.0,4,399.24
p2_E_W.256,3728.0,367.33,152.0,18,777.69
p2_E_W.257,3733.0,380.94,153.0,18,778.85
p2_E_W.258,3749.0,372.15,148.0,13,760.74
p2_W_E.205,4008.0,114.0,31.0,4,391.06
p2_E_W.259,3753.0,360.84,139.0,13,786.58
p2_E_W.260,3756.0,367.98,135.0,11,774.51
p2_W_N1.50,4020.0,122.82,34.0,6,362.81
p2_W_E.206,4011.0,108.99,30.0,6,393.94
p2_W_E.207,4014.0,119.39,27.0,6,408.04
p2_W_E.208,4017.0,112.16,25.0,5,400.71
p2_W_N1.51,4035.0,119.53,24.0,4,341.06
p2_W_N1.52,4050.0,117.95,17.0,3,344.7
p2_W_E.209,4023.0,125.7,33.0,7,414.4
p2_W_E.210,4026.0,124.85,28.0,4,396.23
p2_W_E.211,4029.0,123.53,27.0,5,395.66
p2_W_N1.53,4093.0,82.47,5.0,3,302.29
p2_E_S1.26,3759.0,393.54,178.0,16,828.25
p2_E_W.261,3763.0,411.02,185.0,18,831.09
p2_W_E.212,4032.0,131.0,35.0,5,421.53
p2_E_W.262,3766.0,411.64,181.0,17,824.64
p2_W_E.213,4038.0,138.55,32.0,6,442.9
p2_E_W.263,3769.0,410.41,174.0,16,828.31
p2_E_W.264,3772.0,409.06,166.0,16,824.18
p2_E_W.265,3775.0,407.81,167.0,15,822.78
p2_W_E.214,4041.0,121.52,29.0,6,414.1
p2_E_W.266,3778.0,406.62,163.0,14,815.49
p2_W_E.215,4044.0,138.56,25.0,6,426.98
p2_W_E.216,4047.0,136.77,22.0,6,442.64
p2_W_E.217,4063.0,125.58,18.0,4,421.6
p2_W_E.218,4084.0,92.01,9.0,2,375.55
p2_E_W.267,3781.0,398.11,156.0,13,810.04
p2_W_E.219,4087.0,102.37,8.0,2,392.58
p2_E_W.268,3784.0,409.38,148.0,16,793.2
p2_E_W.269,3787.0,408.03,150.0,16,804.19
p2_W_E.220,4090.0,92.89,8.0,2,376.94
p2_E_W.270,3797.0,399.77,145.0,15,785.69
p2_W_E.221,4096.0,102.02,17.0,3,385.93
p2_W_N1.54,4111.0,107.78,19.0,3,344.37
p2_W_E.222,4099.0,95.63,16.0,4,368.65
p2_W_E.223,4102.0,110.89,14.0,3,381.18
p2_W_E.224,4105.0,99.46,11.0,2,371.43
p2_W_N1.55,4126.0,103.28,9.0,2,307.07
p2_W_E.225,4108.0,108.53,12.0,4,387.43
p2_W_N1.56,4154.0,89.34,8.0,2,287.13
p2_W_E.226,4114.0,110.22,18.0,2,383.91
p2_W_E.227,4117.0,111.49,15.0,2,377.87
p2_W_N1.57,4173.0,80.91,5.0,2,294.36
p2_E_S1.27,3801.0,433.58,182.0,16,875.45
p2_E_W.271,3804.0,447.43,190.0,15,875.68
p2_E_W.272,3807.0,446.18,184.0,15,878.74
p2_W_E.228,4120.0,117.49,24.0,3,400.04
p2_E_W.273,3810.0,442.59,176.0,17,858.08
p2_W_E.229,4123.0,124.02,20.0,3,407.09
p2_W_E.230,4132.0,117.27,20.0,4,402.51
p2_W_E.231,4136.0,123.89,19.0,3,395.04
p2_W_E.232,4139.0,122.52,16.0,4,380.12
p2_E_W.274,3817.0,431.26,170.0,19,848.47
p2_E_W.275,3825.0,432.36,172.0,17,850.03
p2_E_W.276,3828.0,437.99,176.0,18,861.55
p2_W_E.233,4143.0,101.67,14.0,5,369.95
p2_E_W.277,3831.0,435.9,168.0,17,857.66
p2_W_E.234,4161.0,107.69,11.0,3,361.4
p2_E_W.278,3834.0,435.47,166.0,19,853.9
p2_E_W.279,3837.0,434.13,157.0,17,860.61
p2_W_E.235,4164.0,106.25,8.0,3,390.72
p2_W_E.236,4167.0,104.98,8.0,3,397.55
p2_E_W.280,3841.0,431.89,158.0,17,849.3
p2_W_E.237,4170.0,103.75,6.0,3,409.08
p2_W_N1.58,4188.0,108.38,23.0,3,325.25
p2_W_E.238,4176.0,96.7,15.0,3,354.39
p2_W_E.239,4179.0,98.17,13.0,2,371.6
p2_W_E.240,4182.0,94.17,13.0,3,352.95
p2_W_E.241,4185.0,98.8,11.0,2,372.39
p2_W_N1.59,4203.0,103.82,15.0,2,314.43
p2_E_S1.28,3844.0,451.97,172.0,18,888.27
p2_E_W.281,3849.0,449.51,166.0,20,880.37
p2_E_W.282,3862.0,437.68,158.0,20,868.38
p2_E_W.283,3872.0,427.81,155.0,21,850.25
p2_E_W.284,3875.0,430.84,150.0,17,851.62
p2_W_E.242,4191.0,105.55,22.0,3,348.32
p2_E_W.285,3879.0,428.71,149.0,15,872.18
p2_W_E.243,4194.0,114.76,18.0,3,383.03
p2_E_W.286,3882.0,424.54,144.0,17,840.42
p2_E_W.287,3890.0,437.04,158.0,19,853.11
p2_E_W.288,3900.0,428.82,148.0,16,835.29
p2_E_W.289,3903.0,427.92,144.0,17,821.67
p2_W_E.244,4197.0,112.71,25.0,3,397.36
p2_E_W.290,3907.0,421.57,143.0,15,832.65
p2_W_E.245,4200.0,132.15,23.0,3,416.47
p2_W_E.246,4206.0,130.14,22.0,4,414.72
p2_E_W.291,3920.0,417.69,139.0,15,826.15
p2_W_E.247,4209.0,128.91,19.0,3,400.72
p2_W_E.248,4212.0,127.72,16.0,3,412.3
p2_W_E.249,4215.0,126.38,15.0,3,424.08
p2_E_W.292,3939.0,395.56,132.0,15,791.09
p2_E_S1.29,3911.0,414.25,144.0,17,845.89
p2_E_W.293,3945.0,394.94,129.0,15,796.91
p2_E_W.294,3949.0,397.0,127.0,17,804.39
p2_E_W.295,3953.0,394.71,121.0,15,807.47
p2_E_W.296,3958.0,391.5,119.0,14,787.8
p2_E_W.297,3965.0,386.18,114.0,14,769.51
p2_E_W.298,3978.0,368.81,106.0,13,748.49
p2_E_W.299,3981.0,374.35,105.0,14,752.34
p2_E_W.300,3985.0,364.02,96.0,16,724.85
p2_E_S1.30,3988.0,367.38,101.0,16,762.31
p2_E_W.301,3994.0,365.26,91.0,16,739.6
p2_E_W.302,4013.0,345.12,86.0,17,706.79
p2_E_W.303,4018.0,345.42,88.0,16,717.54
p2_E_W.304,4024.0,341.07,80.0,13,692.03
p2_E_W.305,4030.0,336.88,83.0,15,693.08
p2_E_W.306,4034.0,334.55,83.0,15,688.83
p2_E_W.307,4039.0,326.99,84.0,12,665.22
p2_E_W.308,4053.0,318.57,75.0,11,661.59
p2_E_W.309,4057.0,318.88,70.0,11,665.14
p2_E_W.310,4060.0,317.71,72.0,11,657.11
p2_E_S1.31,4065.0,313.47,67.0,12,652.89
p2_E_W.311,4071.0,302.81,68.0,12,643.0
p2_E_W.312,4089.0,297.25,62.0,12,652.37
p2_E_W.313,4094.0,291.79,60.0,11,627.94
p2_E_W.314,4101.0,301.94,70.0,11,638.91
p2_E_W.315,4105.0,285.15,70.0,12,623.02
p2_E_W.316,4111.0,305.22,62.0,11,639.92
p2_E_W.317,4117.0,294.13,58.0,10,622.21
p2_E_S1.32,4139.0,276.75,47.0,11,597.13
p2_E_W.318,4129.0,288.62,57.0,11,620.11
p2_E_W.319,4133.0,285.07,50.0,9,597.94
p2_E_W.320,4136.0,287.44,46.0,10,614.29
p2_E_W.321,4146.0,279.23,39.0,7,642.47
p2_E_W.322,4166.0,260.91,38.0,6,619.13
p2_E_W.323,4175.0,252.31,38.0,6,598.44
p2_E_W.324,4178.0,252.41,32.0,6,582.26
p2_E_W.325,4182.0,249.09,35.0,6,576.22
p2_E_W.326,4187.0,243.42,42.0,5,551.68
p2_E_W.327,4195.0,240.71,39.0,7,570.17
p2_E_W.328,4204.0,231.6,35.0,6,539.46
p2_E_W.329,4208.0,231.27,36.0,7,551.35
p2_E_S1.33,4214.0,223.93,29.0,7,499.15
p2_E_W.330,4211.0,220.68,32.0,7,522.41
p2_E_W.331,4221.0,213.94,27.0,8,501.4
p2_E_W.332,4244.0,199.2,23.0,5,486.85
p2_E_W.333,4249.0,194.48,21.0,4,501.43
p2_E_W.334,4255.0,194.08,22.0,4,493.67
p2_E_W.335,4258.0,192.73,18.0,3,509.62
p2_E_W.336,4261.0,191.5,16.0,3,510.53
p2_E_W.337,4269.0,180.92,19.0,4,471.8
p2_E_W.338,4283.0,173.3,17.0,4,467.74
p2_E_W.339,4286.0,164.67,17.0,3,449.81
p2_E_W.340,4289.0,171.25,13.0,3,452.05
p2_E_S1.34,4292.0,162.64,13.0,3,433.84
p2_E_W.341,4299.0,179.54,24.0,5,457.09
p2_E_W.342,4320.0,153.04,21.0,4,423.71
p2_E_W.343,4324.0,152.09,21.0,5,430.51
p2_E_W.344,4330.0,158.99,18.0,3,438.61
p2_E_W.345,4335.0,141.33,16.0,5,401.56
p2_E_W.346,4339.0,150.59,15.0,3,417.85
p2_E_W.347,4346.0,150.06,17.0,4,422.84
p2_E_W.348,4355.0,143.43,15.0,3,429.8
p2_E_W.349,4359.0,138.31,11.0,4,432.81
p2_E_W.350,4363.0,136.82,9.0,4,426.54
p2_E_W.351,4373.0,130.7,7.0,4,392.24
p2_E_W.352,4394.0,111.57,4.0,1,367.95
p2_E_S1.35,4367.0,121.54,9.0,4,366.91
p2_E_W.353,4402.0,102.77,14.0,1,378.46
p2_E_W.354,4406.0,102.52,13.0,1,381.81
p2_E_W.355,4409.0,96.9,12.0,1,364.75
p2_E_W.356,4412.0,95.74,13.0,2,350.71
p2_E_W.357,4416.0,99.21,10.0,1,379.03
p2_E_W.358,4422.0,94.9,11.0,2,375.86
p2_E_W.359,4433.0,83.55,10.0,2,360.67
p2_E_W.360,4437.0,83.5,9.0,1,343.69
p2_E_W.361,4446.0,76.0,10.0,2,340.79
p2_E_S1.36,4441.0,76.34,8.0,1,346.37
p2_E_W.362,4449.0,66.76,8.0,2,303.15
p2_E_W.363,4452.0,81.36,7.0,1,322.57
p2_E_W.364,4455.0,72.16,7.0,2,310.92
p2_E_W.365,4459.0,77.84,6.0,1,320.06
p2_E_W.366,4462.0,76.68,6.0,1,326.4
p2_E_W.367,4465.0,63.83,7.0,1,312.07
p2_E_W.368,4469.0,72.82,7.0,1,322.57
p2_E_W.369,4475.0,79.38,17.0,2,347.33
p2_E_W.370,4481.0,75.28,15.0,2,341.37
p2_E_S1.37,4485.0,73.3,15.0,2,346.39
p2_E_W.371,4489.0,65.46,15.0,2,336.64
p2_E_W.372,4496.0,65.48,13.0,2,350.14
p2_E_W.373,4507.0,53.89,13.0,2,333.04
p2_E_W.374,4511.0,36.97,9.0,2,270.86
p2_E_W.375,4514.0,62.63,8.0,2,293.4
p2_E_W.376,4517.0,65.92,8.0,2,300.96
p2_E_S1.38,4532.0,48.62,14.0,2,295.23
p2_E_W.377,4520.0,64.7,8.0,2,305.38
p2_E_W.378,4523.0,63.45,8.0,2,315.12
p2_E_W.379,4526.0,59.44,6.0,2,319.53
p2_E_W.380,4529.0,54.9,15.0,2,328.77
p2_E_W.381,4535.0,56.67,12.0,2,329.88
p2_E_W.382,4538.0,55.3,11.0,1,326.32
p2_E_W.383,4541.0,54.03,11.0,1,302.21
p2_E_W.384,4544.0,32.52,10.0,1,266.83
p2_E_W.385,4547.0,59.32,9.0,1,288.84
p2_E_W.386,4550.0,58.06,8.0,1,294.7
p2_E_S1.39,4565.0,41.96,7.0,1,281.6
p2_E_W.387,4553.0,56.82,7.0,1,303.47
p2_E_W.388,4556.0,36.65,6.0,1,282.0
p2_E_W.389,4559.0,54.95,8.0,1,298.45
p2_E_W.390,4562.0,47.95,8.0,1,295.46
p2_E_W.391,4568.0,49.56,5.0,1,299.23
p2_E_W.392,4571.0,48.26,4.0,1,298.73
p2_E_W.393,4574.0,55.12,19.0,2,318.43
p2_E_W.394,4577.0,37.46,16.0,2,269.26
p2_E_W.395,4580.0,67.14,15.0,2,286.39
p2_E_W.396,4583.0,62.07,13.0,2,309.24
p2_E_W.397,4586.0,53.5,11.0,2,311.59
p2_E_W.398,4589.0,48.89,11.0,2,313.16
p2_E_W.399,4592.0,53.14,11.0,2,303.13
p2_E_S1.40,4598.0,39.28,6.0,1,292.47
p2_E_W.400,4595.0,61.34,8.0,2,323.95
p2_E_W.401,4601.0,57.05,6.0,1,327.68
p2_E_W.402,4604.0,55.79,5.0,1,337.49
p2_E_W.403,4607.0,54.5,4.0,1,316.68
p2_E_W.404,4610.0,51.16,4.0,1,314.0
p2_E_W.405,4613.0,50.47,4.0,1,300.67
p2_E_W.406,4616.0,50.88,13.0,1,324.84
p2_E_W.407,4619.0,49.63,12.0,1,321.16
p2_E_S1.41,4631.0,37.7,9.0,1,283.87
p2_E_W.408,4622.0,48.46,10.0,1,313.26
p2_E_W.409,4625.0,46.99,10.0,1,308.01
p2_E_W.410,4628.0,45.74,10.0,1,313.75
p2_E_W.411,4634.0,38.24,9.0,1,299.04
p2_E_W.412,4637.0,28.11,7.0,1,266.68
p2_E_W.413,4640.0,30.62,7.0,1,280.97
p2_E_W.414,4643.0,32.05,7.0,1,293.77
p2_E_W.415,4646.0,31.61,5.0,1,288.46
p2_E_W.416,4649.0,36.93,5.0,1,294.03
p2_E_W.417,4652.0,30.61,3.0,1,303.6
p2_E_W.418,4655.0,31.53,3.0,1,304.44
p2_E_W.419,4658.0,33.13,2.0,1,320.52
p2_E_S1.42,4664.0,25.92,0.0,0,270.93
p2_E_W.420,4661.0,27.83,0.0,0,295.61
p2_E_W.421,4667.0,39.55,11.0,1,306.49
p2_E_W.422,4670.0,34.43,9.0,1,294.06
p2_E_W.423,4673.0,40.06,9.0,1,303.3
p2_E_W.424,4676.0,30.43,8.0,1,276.12
p2_E_W.425,4679.0,39.07,7.0,1,288.79
p2_E_W.426,4682.0,33.23,7.0,1,291.15
p2_E_W.427,4685.0,36.54,7.0,1,305.61
p2_E_W.428,4688.0,25.52,7.0,1,242.92
p2_E_W.429,4691.0,35.03,7.0,1,274.03
p2_E_W.430,4694.0,33.7,7.0,1,285.1
p2_E_W.431,4700.0,29.44,5.0,2,250.92
p2_E_S1.43,4697.0,25.0,4.0,1,247.94
p2_E_W.432,4703.0,28.05,11.0,1,271.16
p2_E_W.433,4706.0,26.95,10.0,1,263.6
p2_E_W.434,4709.0,25.66,7.0,1,257.53
p2_E_W.435,4712.0,24.28,6.0,1,274.2
p2_E_W.436,4715.0,23.03,4.0,1,259.33
p2_E_W.437,4719.0,20.76,2.0,1,264.26
p2_E_W.438,4722.0,19.54,1.0,1,251.63
p2_E_W.439,4724.0,19.38,0.0,0,267.4
p2_E_S1.44,4730.0,19.11,0.0,0,233.75
p2_E_W.440,4727.0,10.39,0.0,0,211.77
p2_E_W.441,4733.0,16.21,0.0,0,232.05
p2_E_W.442,4736.0,22.12,0.0,0,247.29
p2_E_W.443,4739.0,20.85,0.0,0,267.56
p2_E_W.444,4742.0,13.71,0.0,0,247.41
p2_E_W.445,4745.0,18.43,0.0,0,260.18
p2_E_W.446,4748.0,17.22,0.0,0,254.28
p2_E_W.447,4751.0,6.92,0.0,0,204.36
p2_E_W.448,4754.0,25.52,12.0,1,256.74
p2_E_W.449,4757.0,25.15,12.0,1,263.53
p2_E_W.450,4760.0,27.64,11.0,1,274.89
p2_E_S1.45,4763.0,26.9,9.0,1,270.85
p2_E_W.451,4766.0,25.82,9.0,1,238.3
p2_E_W.452,4769.0,24.94,8.0,1,240.47
p2_E_W.453,4772.0,23.69,8.0,1,242.92
p2_E_W.454,4775.0,22.56,5.0,1,250.11
p2_E_W.455,4778.0,21.32,4.0,1,237.53
p2_E_W.456,4781.0,21.56,9.0,1,242.54
p2_E_W.457,4784.0,19.86,7.0,1,233.73
p2_E_W.458,4787.0,16.76,3.0,1,221.07
p2_E_W.459,4790.0,17.7,2.0,1,234.07
p2_E_W.460,4793.0,23.4,0.0,0,253.34
p2_E_S1.46,4796.0,20.91,0.0,0,256.26
p2_E_W.461,4799.0,19.9,0.0,0,246.22
p2_E_W.462,4802.0,18.88,0.0,0,250.39
p2_E_W.463,4805.0,16.69,0.0,0,239.55
p2_E_W.464,4808.0,16.89,0.0,0,252.79
p2_E_W.465,4811.0,15.68,0.0,0,252.32
p2_E_W.466,4814.0,7.62,0.0,0,197.18
p2_E_W.467,4817.0,10.39,0.0,0,204.27
p2_E_W.468,4820.0,16.16,0.0,0,224.27
p2_E_W.469,4823.0,14.97,0.0,0,216.08
p2_E_W.470,4827.0,9.96,0.0,0,215.8
p2_E_W.471,4833.0,25.38,6.0,1,245.36
p2_E_S1.47,4830.0,19.19,7.0,1,226.34
p2_E_W.472,4836.0,28.64,5.0,1,272.8
p2_E_W.473,4839.0,20.25,5.0,1,231.76
p2_E_W.474,4842.0,28.62,4.0,1,248.97
p2_E_W.475,4845.0,27.47,2.0,1,249.94
p2_E_W.476,4848.0,26.15,2.0,1,258.25
p2_E_W.477,4851.0,24.91,3.0,2,254.3
p2_E_W.478,4854.0,23.72,11.0,1,235.96
p2_E_W.479,4857.0,25.35,9.0,1,248.43
p2_E_W.480,4860.0,24.05,9.0,1,243.2
p2_E_S1.48,4863.0,20.45,6.0,1,246.3
p2_E_W.481,4866.0,16.11,3.0,1,219.79
p2_E_W.482,4869.0,24.42,2.0,1,235.01
p2_E_W.483,4872.0,26.65,1.0,1,263.53
p2_E_W.484,4875.0,27.27,1.0,1,267.39
p2_E_W.485,4878.0,26.13,0.0,0,269.34
p2_E_W.486,4881.0,10.35,0.0,0,207.16
p2_E_W.487,4884.0,24.85,0.0,0,241.8
p2_E_W.488,4887.0,24.8,0.0,0,257.16
p2_E_W.489,4890.0,21.89,0.0,0,256.91
p2_E_S1.49,4896.0,12.88,0.0,0,217.57
p2_E_W.490,4893.0,19.55,0.0,0,253.87
p2_E_W.491,4899.0,18.15,0.0,0,245.69
p2_E_W.492,4902.0,12.74,0.0,0,229.67
p2_E_W.493,4905.0,28.12,12.0,1,243.02
p2_E_W.494,4908.0,22.48,9.0,1,233.39
p2_E_W.495,4911.0,18.2,6.0,1,229.72
p2_E_W.496,4914.0,32.53,4.0,1,268.46
p2_E_W.497,4917.0,31.27,4.0,1,285.12
p2_E_W.498,4920.0,26.97,3.0,1,275.4
p2_E_W.499,4923.0,18.62,1.0,1,238.0
p2_E_W.500,4926.0,25.86,1.0,1,262.28
p2_E_S1.50,4929.0,27.68,12.0,1,251.86
p2_E_W.501,4932.0,26.33,9.0,1,256.2
p2_E_W.502,4935.0,25.09,9.0,1,247.55
p2_E_W.503,4938.0,23.92,8.0,1,243.48
p2_E_W.504,4941.0,17.45,3.0,1,236.16
p2_E_W.505,4944.0,27.23,1.0,1,247.73
p2_E_W.506,4947.0,31.6,1.0,1,261.94
p2_E_W.507,4950.0,16.04,0.0,0,221.46
p2_E_W.508,4953.0,29.37,0.0,0,255.28
p2_E_W.509,4957.0,26.99,0.0,0,270.32
p2_E_S1.51,4963.0,19.62,0.0,0,258.4
p2_E_W.510,4960.0,25.78,0.0,0,279.4
p2_E_W.511,4966.0,21.53,0.0,0,268.25
p2_E_W.512,4968.0,21.32,0.0,0,278.25
p2_E_W.513,4972.0,18.97,0.0,0,277.36
p2_E_W.514,4975.0,17.93,0.0,0,268.65
p2_E_W.515,4978.0,16.61,0.0,0,269.76
p2_E_W.516,4981.0,30.6,13.0,1,264.19
p2_E_W.517,4984.0,28.11,11.0,1,255.04
p2_E_W.518,4987.0,24.24,9.0,1,240.77
p2_E_W.519,4990.0,21.5,6.0,1,233.67
p2_E_W.520,4993.0,30.01,6.0,1,256.93
p2_E_W.521,4999.0,21.53,2.0,1,241.98
p2_E_S1.52,4996.0,18.51,3.0,1,234.29
p2_E_W.522,5002.0,24.49,1.0,1,264.33
p2_E_W.523,5005.0,25.53,11.0,1,229.96
p2_E_W.524,5008.0,25.52,10.0,1,244.64
p2_E_W.525,5011.0,20.18,7.0,1,233.84
p2_E_W.526,5014.0,25.67,8.0,1,251.11
p2_E_W.527,5017.0,26.27,7.0,1,238.79
p2_E_W.528,5020.0,25.02,6.0,1,252.29
p2_E_W.529,5023.0,20.78,3.0,1,245.39
p2_E_S1.53,5029.0,19.24,0.0,0,245.59
p2_E_W.530,5026.0,11.24,0.0,0,217.35
p2_E_W.531,5032.0,25.37,0.0,0,247.73
p2_E_W.532,5035.0,24.47,0.0,0,265.78
p2_E_W.533,5038.0,27.49,0.0,0,277.22
p2_E_W.534,5041.0,26.26,0.0,0,269.81
p2_E_W.535,5044.0,24.94,0.0,0,270.8
p2_E_W.536,5047.0,23.66,0.0,0,277.81
p2_E_W.537,5050.0,19.64,0.0,0,268.93
p2_E_W.538,5053.0,34.37,12.0,1,287.12
p2_E_W.539,5056.0,33.55,11.0,1,279.44
p2_E_W.540,5059.0,32.35,11.0,1,273.68
p2_E_S1.54,5062.0,27.56,11.0,1,249.46
p2_E_W.541,5065.0,28.23,9.0,1,252.1
p2_E_W.542,5068.0,27.7,9.0,1,248.74
p2_E_W.543,5071.0,29.28,9.0,1,254.3
p2_E_W.544,5074.0,24.37,6.0,1,237.41
p2_E_W.545,5077.0,27.54,6.0,1,247.07
p2_E_W.546,5080.0,26.22,5.0,1,254.14
p2_E_W.547,5083.0,24.33,11.0,1,242.44
p2_E_W.548,5086.0,23.76,10.0,1,259.81
p2_E_W.549,5089.0,22.55,9.0,1,246.72
p2_E_W.550,5092.0,18.49,6.0,1,234.3
p2_E_S1.55,5095.0,20.55,5.0,1,230.49
p2_E_W.551,5098.0,15.7,1.0,1,227.16
p2_E_W.552,5101.0,13.19,0.0,0,221.18
p2_E_W.553,5104.0,15.86,0.0,0,230.19
p2_E_W.554,5107.0,12.52,0.0,0,219.53
p2_E_W.555,5110.0,20.33,0.0,0,245.72
p2_E_W.556,5114.0,8.12,0.0,0,200.53
p2_E_W.557,5117.0,24.08,0.0,0,237.47
p2_E_W.558,5120.0,22.92,0.0,0,252.07
p2_E_W.559,5123.0,21.68,0.0,0,249.1
p2_E_W.560,5126.0,16.71,0.0,0,241.37
p2_E_W.561,5132.0,32.88,8.0,1,250.01
p2_E_W.562,5135.0,31.87,8.0,1,265.75
p2_E_W.563,5138.0,30.08,5.0,1,267.19
p2_E_S1.56,5129.0,21.3,8.0,1,239.25
p2_E_W.564,5141.0,25.53,5.0,1,238.52
p2_E_W.565,5144.0,30.76,5.0,1,257.1
p2_E_W.566,5147.0,24.47,5.0,1,242.51
p2_E_W.567,5150.0,28.81,4.0,1,254.21
p2_E_W.568,5153.0,23.22,12.0,1,238.06
p2_E_S1.57,5162.0,31.44,9.0,1,271.43
p2_E_W.569,5156.0,39.07,11.0,1,263.95
p2_E_W.570,5159.0,37.91,10.0,1,280.31
p2_E_W.571,5165.0,33.69,8.0,1,286.33
p2_E_W.572,5168.0,31.65,8.0,1,299.31
p2_E_W.573,5171.0,31.07,7.0,1,288.74
p2_E_W.574,5174.0,29.84,6.0,1,295.43
p2_E_W.575,5177.0,19.92,2.0,1,240.2
p2_E_W.576,5180.0,27.77,1.0,1,260.31
p2_E_W.577,5183.0,26.45,0.0,0,272.37
p2_E_W.578,5186.0,25.31,0.0,0,273.52
p2_E_W.579,5189.0,24.03,0.0,0,284.6
p2_E_S1.58,5195.0,19.47,0.0,0,246.26
p2_E_W.580,5192.0,12.48,0.0,0,223.22
p2_E_W.581,5198.0,12.06,0.0,0,225.77
p2_E_W.582,5201.0,21.45,0.0,0,237.19
p2_E_W.583,5204.0,17.9,0.0,0,248.43
p2_E_W.584,5207.0,32.17,13.0,1,271.48
p2_E_W.585,5210.0,31.27,11.0,1,270.5
p2_E_W.586,5213.0,28.16,9.0,1,235.64
p2_E_W.587,5216.0,27.32,9.0,1,252.91
p2_E_W.588,5219.0,28.9,9.0,1,267.49
p2_E_W.589,5222.0,27.73,9.0,1,255.07
p2_E_W.590,5225.0,26.56,8.0,1,257.1
p2_E_S1.59,5228.0,22.41,5.0,1,242.95
p2_E_W.591,5231.0,24.7,5.0,1,251.76
p2_E_W.592,5234.0,20.34,7.0,1,231.51
p2_E_W.593,5237.0,31.62,7.0,1,253.19
p2_E_W.594,5240.0,30.39,7.0,1,254.57
p2_E_W.595,5243.0,29.11,7.0,1,263.21
p2_E_W.596,5246.0,15.07,2.0,1,217.27
p2_E_W.597,5249.0,25.84,0.0,0,238.05
p2_E_W.598,5252.0,28.35,0.0,0,273.26
p2_E_W.599,5255.0,27.0,0.0,0,271.71
