id,depart,timeloss,espera,paradas,co2
p1_S2_N2.0,0.0,5.85,0.0,0,149.11
p1_N2_S2.0,0.0,6.63,0.0,0,156.33
p1_N1_S1.0,0.0,19.05,9.0,1,190.19
p1_N1_S1.1,10.0,14.69,1.0,1,182.26
p1_N1_S1.2,20.0,6.54,0.0,0,150.4
p1_S1_N1.0,0.0,15.24,5.0,1,176.53
p1_S1_N1.1,10.0,14.25,1.0,1,181.14
p1_S1_N1.2,20.0,11.84,0.0,0,176.44
p1_W_S2.0,3.0,14.89,0.0,0,217.83
p1_N2_W.0,3.0,14.35,0.0,0,231.89
p1_W_E.0,0.0,7.07,0.0,0,190.04
p1_N2_S2.1,10.0,37.18,24.0,1,219.75
p1_S2_N2.1,10.0,36.82,27.0,1,216.28
p1_N2_S2.2,20.0,29.03,17.0,1,207.86
p1_S2_N2.2,20.0,24.25,14.0,1,192.91
p1_E_W.0,0.0,15.19,3.0,1,224.78
p1_N2_S2.3,30.0,19.87,7.0,1,188.92
p1_S2_N2.3,30.0,23.42,9.0,1,197.35
p1_E_N1.0,3.0,17.61,2.0,1,236.5
p1_E_W.1,8.0,24.64,1.0,1,252.21
p1_S2_N2.4,40.0,15.2,0.0,0,186.36
p1_E_W.2,15.0,14.97,0.0,0,232.36
p1_E_W.3,22.0,14.14,0.0,0,229.2
p1_N2_S2.4,40.0,17.89,0.0,0,185.57
p1_E_W.4,29.0,8.97,0.0,0,219.49
p1_W_E.1,6.0,36.93,18.0,1,277.44
p1_W_E.2,9.0,35.66,18.0,1,280.52
p1_S1_N1.3,30.0,36.88,25.0,1,221.18
p1_N1_S1.3,30.0,35.79,25.0,1,214.63
p1_S1_E.0,3.0,40.26,19.0,2,278.91
p1_N1_S1.4,40.0,31.75,18.0,1,200.84
p1_S1_N1.4,40.0,31.34,21.0,1,209.15
p1_W_E.3,12.0,37.87,19.0,2,278.77
p1_N1_S1.5,50.0,23.35,11.0,1,204.63
p1_W_E.4,15.0,37.31,14.0,1,283.48
p1_W_E.5,18.0,36.55,14.0,1,279.48
p1_W_E.6,21.0,35.37,12.0,1,286.42
p1_W_E.7,24.0,34.11,10.0,1,286.38
p1_S1_N1.5,50.0,18.16,7.0,1,178.5
p1_N1_S1.6,60.0,6.4,0.0,0,152.9
p1_S1_N1.6,60.0,21.1,3.0,1,192.32
p1_N1_S1.7,70.0,13.25,0.0,0,171.97
p1_S1_N1.7,70.0,12.92,0.0,0,197.54
p1_W_E.8,27.0,25.29,6.0,1,246.83
p1_W_E.9,30.0,28.44,5.0,1,262.4
p1_W_S2.1,36.0,28.92,4.0,1,274.29
p1_W_E.10,33.0,33.29,5.0,1,269.39
p1_E_N1.1,32.0,25.29,14.0,1,237.04
p1_S2_N2.5,50.0,38.53,29.0,1,218.45
p1_N2_S2.5,50.0,38.01,26.0,1,209.23
p1_S2_N2.6,60.0,38.41,22.0,1,226.1
p1_N2_S2.6,60.0,38.93,22.0,1,221.85
p1_N2_W.1,33.0,13.69,0.0,0,225.55
p1_N2_S2.7,70.0,30.63,17.0,1,214.67
p1_S2_N2.7,70.0,30.31,15.0,1,228.23
p1_E_W.5,36.0,29.42,12.0,1,252.67
p1_N2_S2.8,80.0,21.12,7.0,1,194.65
p1_S2_N2.8,80.0,19.83,5.0,1,202.57
p1_E_W.6,44.0,38.13,10.0,1,264.17
p1_E_N1.2,61.0,13.19,0.0,0,237.64
p1_S2_N2.9,90.0,13.73,0.0,0,184.31
p1_N2_S2.9,90.0,14.23,0.0,0,188.68
p1_E_W.7,51.0,32.81,4.0,1,262.83
p1_E_W.8,58.0,27.65,0.0,0,270.82
p1_E_W.9,65.0,22.37,0.0,0,270.71
p1_E_W.10,72.0,17.28,0.0,0,256.96
p1_E_W.11,80.0,10.97,0.0,0,206.45
p1_W_E.11,39.0,44.66,21.0,2,305.49
p1_S1_N1.8,80.0,33.58,23.0,1,209.28
p1_N1_S1.8,80.0,34.01,22.0,1,212.29
p1_W_E.12,42.0,47.22,17.0,1,312.97
p1_S1_N1.9,90.0,25.62,14.0,1,199.05
p1_W_E.13,45.0,48.06,16.0,1,331.22
p1_N1_S1.9,90.0,25.41,14.0,1,199.69
p1_W_E.14,48.0,48.93,16.0,1,332.86
p1_N1_S1.10,100.0,18.59,5.0,1,180.37
p1_S1_E.1,33.0,62.06,40.0,2,330.04
p1_N1_S1.11,110.0,10.08,0.0,0,176.16
p1_S1_E.2,63.0,37.42,13.0,2,306.93
p1_S1_N1.10,100.0,19.1,5.0,1,185.59
p1_N1_S1.12,120.0,5.84,0.0,0,147.23
p1_W_E.15,51.0,40.09,18.0,2,281.85
p1_W_E.16,54.0,53.75,18.0,2,310.35
p1_S1_N1.11,110.0,6.78,0.0,0,152.67
p1_W_E.17,57.0,45.11,16.0,2,306.34
p1_N2_W.2,63.0,46.58,26.0,2,300.2
p1_S1_N1.12,120.0,11.33,0.0,0,160.05
p1_W_E.18,60.0,51.25,16.0,2,319.96
p1_N2_W.3,93.0,18.9,0.0,0,243.93
p1_W_E.19,63.0,37.59,13.0,1,271.14
p1_W_S2.2,69.0,44.34,12.0,1,290.32
p1_E_W.12,87.0,26.65,13.0,1,259.09
p1_W_E.20,66.0,46.73,13.0,1,282.9
p1_N2_S2.10,100.0,38.6,28.0,1,223.13
p1_E_N1.3,90.0,24.07,9.0,1,243.13
p1_E_W.13,94.0,25.09,8.0,1,250.78
p1_N2_S2.11,110.0,29.92,18.0,1,206.33
p1_S2_N2.10,100.0,36.01,26.0,1,221.53
p1_E_W.14,101.0,19.9,1.0,1,255.32
p1_S2_N2.11,110.0,32.64,19.0,1,214.88
p1_N2_S2.12,120.0,20.02,8.0,1,186.74
p1_E_W.15,108.0,14.81,0.0,0,240.54
p1_S2_N2.12,120.0,24.31,10.0,1,205.82
p1_E_W.16,116.0,8.53,0.0,0,209.74
p1_S2_N2.13,130.0,14.89,2.0,1,206.91
p1_N2_S2.13,130.0,16.83,3.0,1,185.05
p1_S2_N2.14,140.0,5.88,0.0,0,155.79
p1_W_E.21,72.0,62.9,27.0,2,320.99
p1_W_E.22,75.0,62.15,26.0,2,332.16
p1_N1_S1.13,130.0,29.48,18.0,1,203.17
p1_W_E.23,78.0,60.85,26.0,2,333.2
p1_N1_S1.14,140.0,21.36,10.0,1,190.1
p1_S1_N1.13,130.0,31.83,20.0,1,205.18
p1_S1_N1.14,140.0,23.72,13.0,1,190.79
p1_W_E.24,81.0,55.43,21.0,2,304.38
p1_W_E.25,84.0,61.4,21.0,2,321.93
p1_N1_S1.15,150.0,9.32,0.0,0,168.55
p1_S1_N1.15,150.0,14.45,2.0,1,185.21
p1_W_E.26,87.0,60.06,21.0,2,321.62
p1_N1_S1.16,160.0,9.25,0.0,0,159.51
p1_S1_E.3,93.0,54.52,24.0,2,327.7
p1_S1_N1.16,160.0,10.1,0.0,0,170.36
p1_W_E.27,90.0,58.04,28.0,3,339.51
p1_W_E.28,93.0,55.94,27.0,3,328.09
p1_W_E.29,96.0,58.25,24.0,3,337.96
p1_E_N1.4,120.0,29.12,17.0,1,242.37
p1_W_E.30,99.0,46.69,18.0,2,296.59
p1_W_S2.3,102.0,50.2,15.0,2,303.8
p1_E_W.17,123.0,31.48,16.0,1,242.53
p1_N2_W.4,123.0,30.98,10.0,2,268.73
p1_E_W.18,130.0,35.62,16.0,1,269.45
p1_S2_N2.15,150.0,33.22,22.0,1,203.51
p1_E_W.19,137.0,30.4,10.0,1,275.14
p1_N2_S2.14,140.0,38.27,26.0,1,215.69
p1_S2_N2.16,160.0,22.63,10.0,1,185.84
p1_E_W.20,144.0,12.94,1.0,1,229.32
p1_N2_S2.15,150.0,39.03,23.0,1,217.2
p1_E_N1.5,150.0,15.22,0.0,0,230.68
p1_S2_N2.17,170.0,23.15,7.0,1,206.4
p1_E_W.21,153.0,19.91,0.0,0,256.72
p1_N2_S2.16,160.0,35.04,18.0,1,222.14
p1_S2_N2.18,180.0,14.78,0.0,0,189.64
p1_E_W.22,159.0,14.63,0.0,0,246.97
p1_N2_S2.17,170.0,26.74,10.0,1,218.08
p1_S2_N2.19,190.0,6.49,0.0,0,155.99
p1_N2_S2.18,180.0,18.51,1.0,1,207.86
p1_E_W.23,166.0,6.74,0.0,0,188.83
p1_S1_N1.17,170.0,35.27,23.0,1,216.73
p1_N1_S1.17,170.0,32.59,23.0,1,215.09
p1_S1_N1.18,180.0,27.06,15.0,1,208.38
p1_N1_S1.18,180.0,24.53,14.0,1,194.11
p1_W_E.31,105.0,62.12,28.0,3,324.4
p1_W_E.32,109.0,82.18,25.0,2,344.0
p1_S1_N1.19,190.0,22.75,7.0,1,195.31
p1_N1_S1.19,190.0,15.15,1.0,1,171.77
p1_W_E.33,112.0,66.67,24.0,2,329.33
p1_S1_N1.20,200.0,14.67,1.0,1,177.16
p1_N1_S1.20,200.0,15.17,0.0,0,181.4
p1_W_E.34,115.0,79.85,22.0,2,340.52
p1_S1_N1.21,210.0,6.63,0.0,0,154.69
p1_N1_S1.21,210.0,6.97,0.0,0,156.14
p1_W_E.35,118.0,69.67,23.0,2,331.05
p1_W_E.36,121.0,77.4,20.0,2,355.05
p1_W_E.37,124.0,72.67,23.0,2,363.75
p1_S1_E.4,123.0,75.5,35.0,2,381.34
p1_E_W.24,173.0,29.22,18.0,1,251.46
p1_S1_E.5,153.0,50.15,11.0,1,339.22
p1_N2_W.5,153.0,50.87,31.0,2,298.92
p1_W_E.38,127.0,78.45,36.0,3,395.34
p1_W_S2.4,136.0,69.25,30.0,3,342.37
p1_W_E.39,130.0,68.84,32.0,3,363.56
p1_N2_W.6,183.0,19.85,0.0,0,245.45
p1_S2_N2.20,200.0,30.37,19.0,1,212.49
p1_W_E.40,133.0,72.67,30.0,3,379.1
p1_N2_S2.19,190.0,38.85,28.0,1,212.83
p1_E_W.25,180.0,23.06,9.0,1,239.46
p1_S2_N2.21,210.0,22.28,11.0,1,199.53
p1_N2_S2.20,200.0,31.53,22.0,1,217.21
p1_E_W.26,188.0,24.62,6.0,1,260.15
p1_E_N1.6,183.0,23.09,8.0,1,246.53
p1_S2_N2.22,220.0,12.81,2.0,1,181.77
p1_E_W.27,195.0,19.9,1.0,1,246.57
p1_S2_N2.23,230.0,6.68,0.0,0,156.65
p1_N2_S2.21,210.0,18.06,6.0,1,182.76
p1_N2_S2.22,220.0,16.64,2.0,1,185.53
p1_N2_S2.23,230.0,6.77,0.0,0,152.02
p1_W_E.41,139.0,86.65,43.0,4,373.06
p1_E_W.28,202.0,8.97,0.0,0,195.77
p1_N1_S1.22,220.0,31.4,20.0,1,207.78
p1_S1_N1.22,220.0,31.32,21.0,1,209.98
p1_E_W.29,209.0,21.36,0.0,0,224.93
p1_W_E.42,142.0,81.39,40.0,4,356.75
p1_S1_N1.23,230.0,24.11,12.0,1,200.44
p1_N1_S1.23,230.0,21.22,10.0,1,191.07
p1_W_E.43,145.0,86.8,37.0,4,373.04
p1_S1_N1.24,240.0,15.99,5.0,1,190.49
p1_W_E.44,148.0,81.26,33.0,4,359.97
p1_N1_S1.24,240.0,15.13,2.0,1,182.61
p1_N1_S1.25,250.0,8.71,0.0,0,174.63
p1_W_E.45,151.0,86.64,30.0,4,385.76
p1_W_E.46,154.0,85.43,29.0,4,379.82
p1_W_E.47,157.0,84.13,26.0,3,369.66
p1_S1_N1.25,250.0,8.46,0.0,0,161.27
p1_W_E.48,160.0,75.31,24.0,3,337.45
p1_W_E.49,163.0,82.68,24.0,3,361.21
p1_E_N1.7,212.0,35.31,18.0,1,261.97
p1_S1_E.6,183.0,51.57,18.0,2,307.23
p1_E_W.30,216.0,33.81,18.0,1,264.03
p1_W_S2.5,169.0,81.85,35.0,3,375.56
p1_S1_E.7,213.0,38.71,11.0,1,272.7
p1_N2_W.7,213.0,37.6,12.0,2,283.16
p1_W_E.50,166.0,85.92,36.0,3,373.48
p1_E_W.31,224.0,30.18,14.0,1,262.91
p1_S2_N2.24,240.0,36.37,24.0,1,213.66
p1_S2_N2.25,250.0,28.25,18.0,1,213.33
p1_E_W.32,231.0,22.19,7.0,1,249.62
p1_E_W.33,238.0,20.96,2.0,1,253.82
p1_S2_N2.26,260.0,19.24,8.0,1,190.06
p1_S2_N2.27,270.0,9.63,0.0,0,174.64
p1_E_N1.8,241.0,18.57,0.0,0,249.53
p1_E_W.34,245.0,18.09,0.0,0,254.2
p1_N2_S2.24,240.0,29.48,18.0,1,201.75
p1_S2_N2.28,280.0,5.36,0.0,0,154.29
p1_N2_S2.25,250.0,36.85,17.0,1,223.16
p1_E_W.35,252.0,9.35,0.0,0,205.02
p1_N2_S2.26,260.0,28.52,10.0,1,226.56
p1_N2_S2.27,270.0,16.91,1.0,1,198.23
p1_E_W.36,260.0,6.96,0.0,0,193.09
p1_N2_S2.28,280.0,12.04,0.0,0,183.55
p1_W_E.51,172.0,101.02,51.0,4,410.89
p1_S1_N1.26,260.0,37.4,27.0,1,216.85
p1_W_E.52,175.0,95.12,47.0,4,393.5
p1_S1_N1.27,270.0,29.44,17.0,1,206.93
p1_W_E.53,178.0,97.11,43.0,4,378.43
p1_N1_S1.26,260.0,32.72,23.0,1,205.41
p1_W_E.54,181.0,100.59,42.0,4,404.83
p1_N1_S1.27,270.0,34.01,17.0,1,206.83
p1_W_E.55,184.0,96.38,38.0,4,388.76
p1_S1_N1.28,280.0,23.37,10.0,1,194.01
p1_W_E.56,187.0,96.32,36.0,4,386.96
p1_N1_S1.28,280.0,22.27,7.0,1,197.02
p1_N1_S1.29,290.0,17.57,0.0,0,201.04
p1_S1_N1.29,290.0,17.08,2.0,1,197.51
p1_W_E.57,190.0,96.69,33.0,4,403.3
p1_N1_S1.30,300.0,8.33,0.0,0,164.97
p1_S1_N1.30,300.0,6.59,0.0,0,164.7
p1_W_E.58,193.0,90.21,32.0,4,369.73
p1_W_E.59,196.0,88.81,30.0,4,356.62
p1_N2_W.8,243.0,48.04,25.0,2,294.71
p1_N2_W.9,273.0,23.14,2.0,1,258.09
p1_W_S2.6,202.0,91.61,41.0,4,373.72
p1_W_E.60,199.0,80.11,28.0,4,346.61
p1_E_W.37,267.0,31.24,17.0,1,265.33
p1_S1_E.8,243.0,50.59,11.0,2,310.23
p1_S2_N2.29,290.0,32.45,21.0,1,210.12
p1_S2_N2.30,300.0,24.32,12.0,1,197.26
p1_E_W.38,274.0,32.42,10.0,1,269.36
p1_S2_N2.31,310.0,15.26,3.0,1,183.97
p1_S2_N2.32,320.0,10.6,0.0,0,173.59
p1_E_N1.9,270.0,25.61,11.0,1,251.81
p1_N2_S2.29,290.0,24.92,12.0,1,191.4
p1_E_W.39,281.0,23.3,5.0,1,263.62
p1_N2_S2.30,300.0,24.19,8.0,1,195.71
p1_E_W.40,288.0,22.81,1.0,1,275.91
p1_E_W.41,296.0,18.03,0.0,0,268.93
p1_N2_S2.31,310.0,24.86,5.0,1,200.82
p1_N2_S2.32,320.0,16.58,0.0,0,197.42
p1_E_N1.10,300.0,15.26,0.0,0,235.64
p1_W_E.61,205.0,113.77,55.0,6,411.87
p1_W_E.62,208.0,112.55,51.0,5,419.09
p1_N1_S1.31,310.0,33.45,22.0,1,216.71
p1_W_E.63,211.0,111.82,48.0,5,417.22
p1_N1_S1.32,320.0,25.34,14.0,1,199.95
p1_S1_N1.31,310.0,35.97,23.0,1,217.63
p1_S1_N1.32,320.0,27.66,15.0,1,201.24
p1_W_E.64,214.0,104.06,43.0,5,400.95
p1_N1_S1.33,330.0,14.65,4.0,1,181.56
p1_S1_N1.33,330.0,19.94,8.0,1,191.9
p1_N1_S1.34,340.0,11.68,0.0,0,174.31
p1_W_E.65,217.0,102.28,43.0,4,387.14
p1_W_E.66,220.0,110.11,40.0,4,407.33
p1_W_E.67,223.0,111.33,41.0,4,422.92
p1_S1_N1.34,340.0,11.49,0.0,0,168.57
p1_N1_S1.35,350.0,5.97,0.0,0,153.5
p1_W_E.68,226.0,110.02,37.0,4,421.1
p1_W_E.69,229.0,108.86,35.0,4,436.88
p1_W_E.70,232.0,107.53,33.0,4,410.03
p1_E_W.42,303.0,37.28,19.0,1,282.03
p1_E_W.43,310.0,30.46,18.0,1,246.05
p1_W_S2.7,235.0,101.28,34.0,4,388.33
p1_N2_W.10,303.0,42.21,17.0,2,297.71
p1_S2_N2.33,330.0,37.76,28.0,1,211.81
p1_E_W.44,317.0,29.95,12.0,1,269.52
p1_N2_S2.33,330.0,38.92,28.0,1,218.95
p1_E_W.45,324.0,24.72,6.0,1,254.82
p1_N2_S2.34,340.0,32.6,21.0,1,209.58
p1_S2_N2.34,340.0,27.62,16.0,1,196.4
p1_E_W.46,333.0,19.55,0.0,0,243.04
p1_N2_S2.35,350.0,24.71,12.0,1,197.3
p1_S2_N2.35,350.0,24.92,9.0,1,205.66
p1_E_W.47,339.0,15.92,0.0,0,235.22
p1_S2_N2.36,360.0,16.6,2.0,1,199.8
p1_E_N1.11,330.0,14.9,0.0,0,234.17
p1_N2_S2.36,360.0,15.48,3.0,1,181.48
p1_E_W.48,346.0,10.67,0.0,0,212.08
p1_S2_N2.37,370.0,6.24,0.0,0,158.01
p1_W_E.71,238.0,125.36,51.0,5,432.0
p1_S1_E.9,273.0,91.28,47.0,4,377.05
p1_S1_N1.35,350.0,38.13,28.0,1,224.63
p1_N1_S1.36,360.0,28.38,16.0,1,203.47
p1_W_E.72,241.0,123.65,58.0,5,445.08
p1_W_E.73,244.0,129.77,57.0,5,454.46
p1_N1_S1.37,370.0,18.89,7.0,1,178.13
p1_W_E.74,247.0,128.63,52.0,6,458.56
p1_S1_N1.36,360.0,24.97,13.0,1,190.91
p1_N1_S1.38,380.0,17.97,0.0,0,192.16
p1_W_E.75,250.0,123.26,52.0,5,439.61
p1_W_E.76,253.0,126.17,49.0,5,435.45
p1_S1_N1.37,370.0,29.97,12.0,1,198.75
p1_N1_S1.39,390.0,5.86,0.0,0,146.32
p1_S1_N1.38,380.0,21.57,5.0,1,198.11
p1_W_E.77,256.0,125.03,47.0,6,454.09
p1_S1_N1.39,390.0,13.18,0.0,0,174.13
p1_W_E.78,259.0,117.97,45.0,6,411.74
p1_W_E.79,262.0,114.79,44.0,5,416.06
p1_N2_W.11,333.0,52.67,35.0,2,302.17
p1_W_E.80,265.0,116.16,42.0,5,416.07
p1_N2_W.12,363.0,22.96,2.0,2,274.32
p1_W_S2.8,268.0,116.58,39.0,5,421.32
p1_E_N1.12,363.0,33.91,14.0,1,272.07
p1_E_W.49,353.0,29.37,17.0,1,250.9
p1_S2_N2.38,380.0,28.55,17.0,1,197.25
p1_E_W.50,360.0,40.78,15.0,1,267.62
p1_S2_N2.39,390.0,31.3,15.0,1,211.68
p1_E_W.51,368.0,34.44,13.0,1,282.72
p1_N2_S2.37,370.0,35.0,23.0,1,208.06
p1_E_W.52,375.0,29.37,6.0,1,272.62
p1_S2_N2.40,400.0,12.15,0.0,0,173.82
p1_N2_S2.38,380.0,46.95,21.0,1,227.12
p1_N2_S2.39,390.0,38.65,17.0,1,225.33
p1_S2_N2.41,410.0,11.98,0.0,0,176.59
p1_S2_N2.42,420.0,8.93,0.0,0,163.93
p1_N2_S2.40,400.0,27.42,9.0,1,220.13
p1_E_W.53,382.0,10.75,0.0,0,217.13
p1_N2_S2.41,410.0,22.25,2.0,1,215.34
p1_E_W.54,389.0,22.49,0.0,0,237.71
p1_N2_S2.42,420.0,13.98,0.0,0,184.06
p1_W_E.81,271.0,136.49,55.0,6,450.61
p1_N1_S1.40,400.0,35.2,24.0,1,212.21
p1_W_E.82,274.0,141.56,53.0,6,459.15
p1_S1_N1.40,400.0,34.77,23.0,1,213.95
p1_N1_S1.41,410.0,27.86,15.0,1,208.15
p1_S1_E.10,303.0,105.67,59.0,4,398.78
p1_S1_N1.41,410.0,29.05,15.0,1,205.82
p1_N1_S1.42,420.0,19.74,8.0,1,190.49
p1_S1_N1.42,420.0,20.76,8.0,1,193.44
p1_S1_E.11,333.0,86.72,35.0,4,383.74
p1_N1_S1.43,430.0,11.71,0.0,0,180.08
p1_W_E.83,277.0,135.32,57.0,6,472.26
p1_N1_S1.44,440.0,6.23,0.0,0,149.52
p1_W_E.84,280.0,145.26,58.0,5,483.36
p1_S1_N1.43,430.0,10.11,0.0,0,171.87
p1_W_E.85,283.0,132.49,54.0,5,443.83
p1_S1_N1.44,440.0,5.94,0.0,0,154.9
p1_W_E.86,286.0,132.62,50.0,6,453.11
p1_W_E.87,289.0,134.18,47.0,6,453.22
p1_W_E.88,292.0,135.59,48.0,5,468.67
p1_W_E.89,295.0,138.66,49.0,5,475.35
p1_E_N1.13,392.0,31.85,20.0,1,252.74
p1_E_W.55,396.0,28.31,16.0,1,245.16
p1_N2_W.13,393.0,41.6,18.0,2,287.87
p1_S2_N2.43,430.0,28.44,18.0,1,203.47
p1_W_E.90,298.0,119.43,46.0,5,409.97
p1_S2_N2.44,440.0,24.22,10.0,1,197.13
p1_E_W.56,404.0,30.89,16.0,1,272.61
p1_S2_N2.45,450.0,14.43,1.0,1,186.69
p1_E_W.57,411.0,34.59,12.0,1,274.51
p1_E_W.58,418.0,29.18,7.0,1,278.69
p1_S2_N2.46,460.0,8.01,0.0,0,163.15
p1_E_N1.14,421.0,21.44,3.0,1,253.58
p1_N2_S2.43,430.0,27.08,15.0,1,194.91
p1_E_W.59,425.0,24.0,1.0,1,269.15
p1_N2_S2.44,440.0,30.69,14.0,1,194.84
p1_E_W.60,432.0,16.04,0.0,0,249.4
p1_N2_S2.45,450.0,12.08,0.0,0,179.65
p1_N2_S2.46,460.0,7.11,0.0,0,161.53
p1_W_S2.9,301.0,155.7,62.0,8,469.63
p1_W_E.91,304.0,154.42,61.0,7,477.09
p1_N1_S1.45,450.0,29.55,20.0,1,204.15
p1_S1_N1.45,450.0,32.63,20.0,1,214.71
p1_N1_S1.46,460.0,24.24,12.0,1,203.52
p1_N1_S1.47,470.0,15.28,4.0,1,197.54
p1_S1_N1.46,460.0,27.1,13.0,1,201.71
p1_N1_S1.48,480.0,7.76,0.0,0,169.4
p1_W_E.92,307.0,144.82,60.0,6,464.59
p1_S1_N1.47,470.0,19.02,4.0,1,186.83
p1_W_E.93,310.0,158.25,55.0,6,478.51
p1_S1_E.12,363.0,106.54,46.0,4,388.52
p1_S1_E.13,393.0,73.65,31.0,3,362.3
p1_W_E.94,313.0,160.68,60.0,6,517.03
p1_W_E.95,316.0,153.03,60.0,6,507.79
p1_S1_N1.48,480.0,6.07,0.0,0,151.95
p1_W_E.96,319.0,150.02,57.0,7,501.83
p1_W_E.97,322.0,156.41,51.0,7,504.46
p1_W_E.98,325.0,151.08,50.0,6,499.68
p1_W_E.99,328.0,154.59,47.0,7,502.59
p1_W_E.100,331.0,153.41,42.0,7,498.75
p1_N2_W.14,423.0,42.43,25.0,2,272.64
p1_N2_S2.47,470.0,36.39,25.0,1,210.07
p1_S2_N2.47,470.0,36.41,24.0,1,215.01
p1_N2_W.15,453.0,26.06,2.0,1,259.07
p1_N2_S2.48,480.0,28.07,16.0,1,200.96
p1_S2_N2.48,480.0,26.62,15.0,1,194.05
p1_N2_S2.49,490.0,22.32,10.0,1,197.37
p1_S2_N2.49,490.0,18.33,7.0,1,182.32
p1_E_N1.15,450.0,43.31,14.0,1,277.53
p1_N2_S2.50,500.0,12.28,0.0,0,170.33
p1_S2_N2.50,500.0,8.25,0.0,0,163.3
p1_S2_N2.51,510.0,7.24,0.0,0,156.08
p1_N2_S2.51,510.0,5.84,0.0,0,152.33
p1_E_W.61,440.0,29.79,17.0,1,255.29
p1_W_S2.10,334.0,168.39,56.0,7,519.74
p1_E_W.62,447.0,56.09,15.0,1,270.23
p1_W_E.101,337.0,167.56,55.0,6,511.68
p1_E_W.63,454.0,50.8,14.0,1,287.91
p1_E_W.64,461.0,45.52,11.0,1,303.39
p1_N1_S1.49,490.0,38.21,27.0,1,219.52
p1_S1_N1.49,490.0,38.29,27.0,1,215.31
p1_W_E.102,340.0,163.12,52.0,6,492.97
p1_E_W.65,468.0,40.26,7.0,1,284.18
p1_N1_S1.50,500.0,30.05,19.0,1,202.86
p1_E_W.66,476.0,34.09,1.0,1,266.22
p1_S1_E.14,423.0,86.81,37.0,5,387.91
p1_N1_S1.51,510.0,21.89,8.0,1,193.01
p1_W_E.103,343.0,169.06,64.0,8,524.27
p1_S1_N1.50,500.0,27.3,16.0,1,203.91
p1_W_E.104,346.0,167.8,59.0,9,515.05
p1_S1_N1.51,510.0,25.22,10.0,1,211.7
p1_N1_S1.52,520.0,12.39,0.0,0,176.06
p1_W_E.105,349.0,166.59,59.0,6,502.48
p1_N1_S1.53,530.0,6.88,0.0,0,156.17
p1_W_E.106,352.0,162.39,56.0,6,503.55
p1_S1_N1.52,520.0,14.75,0.0,0,183.67
p1_W_E.107,355.0,162.82,53.0,6,495.21
p1_S1_N1.53,530.0,11.57,0.0,0,176.79
p1_W_E.108,358.0,163.68,52.0,6,502.76
p1_W_E.109,362.0,161.5,51.0,6,487.22
p1_E_N1.16,480.0,42.14,18.0,1,296.03
p1_E_W.67,483.0,36.53,17.0,1,268.15
p1_W_E.110,365.0,150.61,47.0,6,469.19
p1_E_W.68,490.0,41.36,15.0,1,277.1
p1_N2_W.16,483.0,50.1,28.0,2,299.41
p1_N2_S2.52,520.0,34.21,23.0,1,209.69
p1_E_W.69,497.0,37.95,16.0,1,289.24
p1_S2_N2.52,520.0,27.6,17.0,1,198.79
p1_E_W.70,504.0,32.66,11.0,1,277.17
p1_E_N1.17,510.0,26.54,6.0,1,266.1
p1_N2_S2.53,530.0,22.47,12.0,1,191.81
p1_S2_N2.53,530.0,29.26,13.0,1,200.38
p1_E_W.71,513.0,25.6,4.0,1,273.06
p1_S2_N2.54,540.0,20.45,3.0,1,205.75
p1_E_W.72,519.0,19.86,1.0,1,243.36
p1_N2_S2.54,540.0,14.38,2.0,1,178.77
p1_S2_N2.55,550.0,7.13,0.0,0,157.77
p1_E_W.73,526.0,15.48,0.0,0,228.11
p1_N2_S2.55,550.0,10.41,0.0,0,174.51
p1_E_W.74,533.0,11.81,0.0,0,227.3
p1_W_E.111,371.0,179.95,62.0,8,522.54
p1_S1_N1.54,540.0,33.17,21.0,1,214.69
p1_W_S2.11,368.0,170.23,63.0,6,511.85
p1_S1_N1.55,550.0,27.7,15.0,1,205.5
p1_S1_N1.56,560.0,19.5,7.0,1,192.5
p1_S1_N1.57,570.0,8.97,0.0,0,170.43
p1_W_E.112,374.0,164.22,61.0,9,500.93
p1_N1_S1.54,540.0,23.59,12.0,1,195.4
p1_S1_N1.58,580.0,5.71,0.0,0,150.11
p1_S1_E.15,453.0,111.81,46.0,4,399.91
p1_N1_S1.55,550.0,36.59,10.0,1,212.1
p1_S1_E.16,483.0,76.14,22.0,3,358.17
p1_N1_S1.56,560.0,22.3,3.0,1,204.95
p1_W_E.113,377.0,191.36,68.0,7,561.43
p1_N1_S1.57,570.0,8.15,0.0,0,171.15
p1_W_E.114,380.0,190.07,64.0,7,568.16
p1_N2_W.17,513.0,56.85,39.0,2,313.45
p1_N1_S1.58,580.0,12.09,0.0,0,180.93
p1_W_E.115,383.0,188.82,63.0,7,563.16
p1_N2_W.18,543.0,28.78,7.0,2,263.81
p1_W_E.116,386.0,187.57,59.0,8,543.62
p1_W_E.117,389.0,186.33,54.0,8,559.29
p1_W_E.118,392.0,183.02,51.0,6,561.0
p1_E_W.75,540.0,29.86,18.0,1,252.09
p1_S2_N2.56,560.0,38.35,27.0,1,216.97
p1_W_E.119,395.0,181.77,50.0,7,552.61
p1_E_N1.18,543.0,34.05,16.0,1,258.51
p1_E_W.76,548.0,30.36,12.0,1,257.65
p1_E_W.77,555.0,27.54,10.0,1,266.87
p1_S2_N2.57,570.0,25.88,13.0,1,195.94
p1_N2_S2.56,560.0,30.53,19.0,1,201.24
p1_E_W.78,562.0,18.1,2.0,1,233.81
p1_N2_S2.57,570.0,38.39,18.0,1,213.89
p1_S2_N2.58,580.0,27.97,10.0,1,210.73
p1_S2_N2.59,590.0,18.51,0.0,0,186.43
p1_N2_S2.58,580.0,30.33,12.0,1,215.87
p1_E_W.79,569.0,10.82,0.0,0,215.78
p1_S2_N2.60,600.0,10.54,0.0,0,163.37
p1_E_W.80,576.0,15.0,0.0,0,228.73
p1_N2_S2.59,590.0,16.36,1.0,1,195.51
p1_E_N1.19,572.0,11.86,0.0,0,223.77
p1_N2_S2.60,600.0,5.89,0.0,0,151.06
p1_W_S2.12,407.0,190.29,65.0,9,524.2
p1_W_E.120,404.0,184.72,69.0,7,523.47
p1_N1_S1.59,590.0,31.29,20.0,1,211.9
p1_W_E.121,410.0,190.42,61.0,8,530.55
p1_S1_N1.59,590.0,30.36,18.0,1,197.12
p1_S1_E.17,513.0,83.0,37.0,5,369.47
p1_N1_S1.60,600.0,21.3,7.0,1,190.85
p1_S1_N1.60,600.0,25.15,9.0,1,200.41
p1_W_E.122,413.0,187.92,75.0,9,553.63
p1_N1_S1.61,610.0,17.05,0.0,0,197.54
p1_W_E.123,416.0,184.3,67.0,7,530.23
p1_S1_N1.61,610.0,17.24,4.0,1,186.5
p1_N1_S1.62,620.0,8.81,0.0,0,178.38
p1_S1_N1.62,620.0,10.91,0.0,0,170.72
p1_W_E.124,419.0,179.34,63.0,7,505.45
p1_W_E.125,422.0,191.29,63.0,6,534.78
p1_W_E.126,425.0,189.99,64.0,8,531.71
p1_W_E.127,428.0,188.83,58.0,6,535.92
p1_E_W.81,584.0,29.62,19.0,1,255.55
p1_N2_W.19,573.0,41.69,24.0,2,277.55
p1_W_E.128,431.0,172.84,56.0,6,500.57
p1_E_W.82,591.0,24.66,11.0,1,242.1
p1_W_E.129,434.0,190.14,58.0,7,504.85
p1_E_W.83,598.0,25.91,9.0,1,261.88
p1_E_N1.20,601.0,23.64,7.0,1,268.47
p1_N2_S2.61,610.0,36.11,24.0,1,209.47
p1_E_W.84,605.0,21.6,4.0,1,258.23
p1_N2_S2.62,620.0,26.44,15.0,1,199.4
p1_S2_N2.61,610.0,29.28,18.0,1,198.56
p1_N2_S2.63,630.0,21.41,9.0,1,197.86
p1_S2_N2.62,620.0,27.23,13.0,1,201.51
p1_E_W.85,612.0,11.93,0.0,0,220.71
p1_E_W.86,620.0,13.16,0.0,0,222.59
p1_S2_N2.63,630.0,18.23,4.0,1,190.05
p1_N2_S2.64,640.0,14.22,2.0,1,188.8
p1_S2_N2.64,640.0,15.55,0.0,0,191.61
p1_N2_S2.65,650.0,6.21,0.0,0,161.64
p1_E_W.87,627.0,7.23,0.0,0,197.45
p1_E_N1.21,630.0,9.57,0.0,0,213.99
p1_W_E.130,437.0,198.11,72.0,8,528.22
p1_W_S2.13,449.0,188.06,70.0,7,527.3
p1_N1_S1.63,630.0,37.59,25.0,1,224.08
p1_W_E.131,452.0,187.71,68.0,8,530.79
p1_S1_N1.63,630.0,38.53,23.0,1,216.26
p1_S1_E.18,543.0,100.68,50.0,4,393.41
p1_S1_E.19,573.0,78.92,31.0,3,374.52
p1_S1_N1.64,640.0,33.18,17.0,1,198.7
p1_W_E.132,455.0,198.34,76.0,8,562.78
p1_N1_S1.64,640.0,24.08,10.0,1,189.44
p1_S1_N1.65,650.0,25.12,9.0,1,193.08
p1_W_E.133,458.0,197.52,71.0,7,571.4
p1_N1_S1.65,650.0,20.15,5.0,1,197.54
p1_S1_N1.66,660.0,16.3,0.0,0,187.1
p1_N1_S1.66,660.0,15.33,0.0,0,201.38
p1_W_E.134,462.0,190.72,69.0,7,550.77
p1_W_E.135,465.0,194.37,66.0,7,557.05
p1_W_E.136,468.0,193.06,66.0,7,550.97
p1_N2_W.20,603.0,58.75,37.0,2,310.33
p1_W_E.137,471.0,190.38,64.0,7,546.22
p1_N2_W.21,633.0,30.68,11.0,2,275.59
p1_N2_S2.66,660.0,30.68,20.0,1,203.88
p1_N2_S2.67,670.0,24.51,10.0,1,193.98
p1_W_E.138,474.0,172.46,62.0,6,493.82
p1_S2_N2.65,650.0,35.79,25.0,1,205.29
p1_N2_S2.68,680.0,17.17,3.0,1,192.86
p1_S2_N2.66,660.0,35.24,20.0,1,211.07
p1_N2_S2.69,690.0,8.92,0.0,0,174.75
p1_S2_N2.67,670.0,23.77,9.0,1,199.08
p1_S2_N2.68,680.0,15.01,2.0,1,189.21
p1_S2_N2.69,690.0,5.63,0.0,0,152.08
p1_E_N1.22,660.0,22.69,0.0,0,244.13
p1_E_W.88,634.0,18.82,4.0,1,235.4
p1_W_S2.14,483.0,208.07,69.0,8,540.17
p1_W_E.139,477.0,202.75,76.0,7,549.01
p1_E_W.89,641.0,50.32,4.0,1,264.81
p1_S1_N1.67,670.0,43.47,27.0,1,230.66
p1_W_E.140,480.0,213.26,74.0,9,557.1
p1_E_W.90,648.0,44.18,3.0,1,265.37
p1_S1_N1.68,680.0,35.21,24.0,1,211.1
p1_W_E.141,496.0,198.51,65.0,7,540.54
p1_E_W.91,656.0,38.95,1.0,1,262.72
p1_S1_N1.69,690.0,27.01,14.0,1,202.41
p1_S1_E.20,603.0,90.97,36.0,4,372.12
p1_N1_S1.67,670.0,35.98,23.0,1,216.28
p1_W_E.142,499.0,199.59,80.0,11,551.71
p1_N1_S1.68,680.0,40.45,22.0,1,219.88
p1_N1_S1.69,690.0,28.03,11.0,1,211.22
p1_S1_N1.70,700.0,22.45,8.0,1,193.01
p1_W_E.143,502.0,191.05,71.0,8,540.79
p1_N1_S1.70,700.0,23.98,6.0,1,220.05
p1_N1_S1.71,710.0,15.76,0.0,0,202.55
p1_W_E.144,506.0,191.37,70.0,8,528.46
p1_W_E.145,509.0,197.03,68.0,8,535.79
p1_W_E.146,512.0,186.91,61.0,7,511.88
p1_E_W.92,663.0,42.3,17.0,1,277.34
p1_S1_N1.71,710.0,8.6,0.0,0,164.98
p1_W_E.147,515.0,184.11,64.0,8,503.16
p1_E_W.93,670.0,40.56,17.0,1,270.23
p1_W_E.148,518.0,194.65,60.0,8,532.62
p1_E_W.94,677.0,35.32,17.0,1,263.11
p1_W_E.149,521.0,193.42,63.0,8,526.68
p1_N2_S2.70,700.0,36.22,25.0,1,213.23
p1_N2_S2.71,710.0,28.06,17.0,1,207.51
p1_S2_N2.70,700.0,35.19,22.0,1,208.19
p1_S2_N2.71,710.0,30.74,15.0,1,213.68
p1_N2_S2.72,720.0,19.13,8.0,1,187.45
p1_N2_W.22,663.0,40.61,23.0,2,279.37
p1_E_N1.23,690.0,30.15,10.0,1,272.78
p1_N2_W.23,693.0,27.94,6.0,1,272.22
p1_S2_N2.72,720.0,22.49,9.0,1,200.31
p1_E_W.95,684.0,38.75,15.0,2,289.42
p1_N2_S2.73,730.0,15.53,2.0,1,183.5
p1_S2_N2.73,730.0,8.15,0.0,0,161.52
p1_E_W.96,693.0,21.33,2.0,1,252.39
p1_S2_N2.74,740.0,8.55,0.0,0,159.03
p1_E_W.97,699.0,26.14,1.0,1,265.31
p1_E_W.98,706.0,14.7,0.0,0,214.57
p1_E_W.99,713.0,17.8,0.0,0,227.86
p1_W_E.150,525.0,207.98,75.0,9,566.75
p1_E_W.100,720.0,13.74,0.0,0,214.44
p1_W_E.151,546.0,190.72,64.0,7,516.55
p1_N1_S1.72,720.0,39.01,26.0,1,219.49
p1_S1_E.21,633.0,105.26,48.0,4,392.99
p1_S1_N1.72,720.0,40.77,26.0,1,214.15
p1_N1_S1.73,730.0,30.7,18.0,1,203.67
p1_W_S2.15,543.0,183.55,63.0,8,531.22
p1_W_E.152,549.0,187.11,71.0,8,528.79
p1_W_E.153,552.0,193.28,68.0,9,533.12
p1_S1_N1.73,730.0,30.72,17.0,1,200.42
p1_N1_S1.74,740.0,18.5,5.0,1,184.93
p1_W_E.154,555.0,188.55,65.0,8,527.87
p1_S1_N1.74,740.0,24.02,9.0,1,199.51
p1_N1_S1.75,750.0,19.32,2.0,1,199.41
p1_W_E.155,558.0,190.75,64.0,9,535.06
p1_S1_N1.75,750.0,20.63,2.0,1,208.0
p1_N1_S1.76,760.0,7.58,0.0,0,160.79
p1_W_E.156,561.0,182.45,64.0,11,508.28
p1_W_E.157,564.0,188.65,61.0,9,525.53
p1_E_N1.24,723.0,30.62,17.0,1,255.04
p1_W_E.158,567.0,187.47,58.0,9,529.39
p1_W_E.159,570.0,183.49,57.0,9,534.77
p1_W_E.160,573.0,184.96,54.0,9,533.37
p1_N2_W.24,723.0,26.3,6.0,2,256.4
p1_S2_N2.75,750.0,32.23,21.0,1,206.63
p1_E_W.101,728.0,27.2,12.0,1,260.94
p1_E_W.102,735.0,28.11,11.0,1,264.82
p1_S2_N2.76,760.0,23.08,13.0,1,190.3
p1_E_W.103,742.0,22.92,3.0,1,245.8
p1_S2_N2.77,770.0,17.18,5.0,1,188.06
p1_N2_S2.74,740.0,37.73,27.0,1,206.17
p1_S2_N2.78,780.0,8.81,0.0,0,174.15
p1_N2_S2.75,750.0,40.32,22.0,1,214.89
p1_N2_S2.76,760.0,32.07,15.0,1,212.28
p1_E_N1.25,752.0,16.93,0.0,0,226.75
p1_N2_S2.77,770.0,17.05,4.0,1,182.67
p1_N2_S2.78,780.0,14.71,0.0,0,181.15
p1_E_W.104,749.0,8.45,0.0,0,195.52
p1_E_W.105,756.0,22.1,0.0,0,247.48
p1_W_S2.16,588.0,186.59,67.0,7,528.2
p1_W_E.161,591.0,189.62,65.0,7,521.07
p1_S1_N1.76,760.0,43.77,28.0,1,232.8
p1_N1_S1.77,770.0,33.68,22.0,1,205.96
p1_S1_E.22,663.0,120.09,58.0,4,421.07
p1_N1_S1.78,780.0,25.38,14.0,1,207.67
p1_S1_N1.77,770.0,33.89,22.0,1,209.6
p1_N1_S1.79,790.0,17.7,6.0,1,184.47
p1_S1_E.23,693.0,89.24,39.0,5,389.46
p1_W_E.162,594.0,193.99,75.0,10,551.13
p1_W_E.163,597.0,192.62,74.0,11,553.76
p1_S1_N1.78,780.0,23.92,11.0,1,196.3
p1_N1_S1.80,800.0,8.25,0.0,0,169.86
p1_S1_N1.79,790.0,20.89,8.0,1,186.85
p1_W_E.164,600.0,184.87,68.0,9,532.81
p1_S1_N1.80,800.0,13.0,0.0,0,174.67
p1_W_E.165,603.0,190.42,68.0,9,551.14
p1_S1_N1.81,810.0,7.63,0.0,0,164.53
p1_W_E.166,606.0,191.67,62.0,7,540.42
p1_E_W.106,764.0,35.55,20.0,1,258.79
p1_N2_W.25,753.0,47.79,27.0,2,289.06
p1_N2_W.26,783.0,19.89,0.0,0,253.75
p1_W_E.167,609.0,172.28,61.0,7,511.65
p1_S2_N2.79,790.0,38.41,28.0,1,213.99
p1_W_E.168,612.0,186.35,59.0,9,517.72
p1_E_W.107,771.0,26.5,14.0,1,239.27
p1_S2_N2.80,800.0,29.3,18.0,1,202.71
p1_W_E.169,615.0,196.33,58.0,8,531.97
p1_N2_S2.79,790.0,35.97,25.0,1,216.72
p1_E_W.108,778.0,34.43,12.0,1,257.51
p1_S2_N2.81,810.0,19.91,6.0,1,187.6
p1_S2_N2.82,820.0,11.66,0.0,0,172.95
p1_E_N1.26,781.0,24.13,8.0,1,241.23
p1_E_W.109,785.0,24.78,6.0,1,252.97
p1_N2_S2.80,800.0,23.47,12.0,1,186.85
p1_S2_N2.83,830.0,8.82,0.0,0,166.42
p1_E_W.110,792.0,22.44,3.0,1,252.98
p1_N2_S2.81,810.0,24.14,8.0,1,192.64
p1_N2_S2.82,820.0,22.19,3.0,1,200.77
p1_E_W.111,800.0,11.2,0.0,0,224.83
p1_E_N1.27,810.0,12.53,0.0,0,220.13
p1_N2_S2.83,830.0,13.94,0.0,0,188.0
p1_E_W.112,807.0,16.58,0.0,0,234.66
p1_W_E.170,634.0,187.01,66.0,8,521.26
p1_S1_E.24,723.0,107.06,51.0,4,397.77
p1_S1_N1.82,820.0,31.18,20.0,1,209.31
p1_N1_S1.81,810.0,36.21,25.0,1,209.15
p1_S1_N1.83,830.0,23.51,11.0,1,199.58
p1_S1_E.25,753.0,75.26,23.0,3,350.84
p1_N1_S1.82,820.0,31.86,17.0,1,212.47
p1_W_S2.17,637.0,179.63,65.0,7,518.78
p1_W_E.171,640.0,190.57,72.0,7,533.92
p1_N1_S1.83,830.0,24.28,10.0,1,206.79
p1_S1_N1.84,840.0,13.62,2.0,1,182.73
p1_W_E.172,643.0,194.08,72.0,10,559.35
p1_N1_S1.84,840.0,13.38,0.0,0,179.34
p1_W_E.173,646.0,192.72,67.0,8,550.84
p1_N1_S1.85,850.0,10.77,0.0,0,173.9
p1_S1_N1.85,850.0,8.33,0.0,0,167.09
p1_W_E.174,649.0,184.55,66.0,9,528.83
p1_W_E.175,652.0,192.25,66.0,9,530.8
p1_W_E.176,655.0,190.95,61.0,10,524.51
p1_E_W.113,814.0,28.18,16.0,1,248.12
p1_W_E.177,658.0,178.06,60.0,9,508.42
p1_W_E.178,661.0,185.62,61.0,9,492.64
p1_N2_W.27,813.0,27.15,8.0,2,257.57
p1_E_W.114,821.0,34.1,14.0,1,261.9
p1_S2_N2.84,840.0,30.14,20.0,1,197.05
p1_E_W.115,828.0,28.85,9.0,1,273.94
p1_N2_S2.84,840.0,29.21,18.0,1,197.07
p1_S2_N2.85,850.0,29.3,16.0,1,208.87
p1_E_W.116,836.0,17.89,1.0,1,256.58
p1_E_N1.28,840.0,12.15,0.0,0,226.57
p1_N2_S2.85,850.0,31.33,15.0,1,221.02
p1_S2_N2.86,860.0,18.82,6.0,1,187.52
p1_E_W.117,843.0,17.35,0.0,0,241.8
p1_E_W.118,850.0,12.0,0.0,0,232.65
p1_N2_S2.86,860.0,23.19,8.0,1,198.19
p1_S2_N2.87,870.0,10.81,0.0,0,174.48
p1_N2_S2.87,870.0,14.94,0.0,0,203.83
p1_S2_N2.88,880.0,6.0,0.0,0,161.71
p1_W_E.179,664.0,206.95,73.0,10,547.29
p1_W_E.180,678.0,194.85,69.0,8,530.44
p1_N1_S1.86,860.0,35.46,23.0,1,212.46
p1_W_S2.18,682.0,193.25,64.0,8,528.27
p1_S1_N1.86,860.0,36.86,24.0,1,211.5
p1_S1_N1.87,870.0,28.67,16.0,1,200.14
p1_S1_E.26,783.0,90.62,40.0,4,369.93
p1_N1_S1.87,870.0,24.08,13.0,1,194.2
p1_W_E.181,685.0,195.03,70.0,7,565.87
p1_N1_S1.88,880.0,20.06,8.0,1,194.62
p1_W_E.182,688.0,193.8,69.0,7,553.25
p1_N1_S1.89,890.0,13.48,0.0,0,180.6
p1_W_E.183,691.0,192.7,72.0,7,545.81
p1_S1_N1.88,880.0,21.83,9.0,1,187.35
p1_N1_S1.90,900.0,5.46,0.0,0,147.11
p1_W_E.184,694.0,191.42,68.0,8,567.13
p1_W_E.185,697.0,190.06,66.0,10,534.48
p1_S1_N1.89,890.0,11.11,0.0,0,163.96
p1_W_E.186,700.0,188.9,64.0,7,526.55
p1_S1_N1.90,900.0,11.3,0.0,0,174.62
p1_N2_W.28,843.0,48.29,25.0,2,299.59
p1_N2_W.29,873.0,20.78,0.0,0,263.94
p1_N2_S2.88,880.0,40.41,29.0,1,216.75
p1_S2_N2.89,890.0,30.08,19.0,1,211.37
p1_N2_S2.89,890.0,32.53,20.0,1,211.78
p1_S2_N2.90,900.0,23.46,10.0,1,195.85
p1_W_E.187,703.0,170.42,59.0,9,494.58
p1_N2_S2.90,900.0,24.08,12.0,1,193.35
p1_S2_N2.91,910.0,15.14,2.0,1,190.22
p1_W_E.188,706.0,184.53,59.0,8,508.62
p1_S2_N2.92,920.0,7.0,0.0,0,169.67
p1_E_N1.29,870.0,30.85,14.0,1,273.56
p1_E_W.119,857.0,30.1,17.0,1,251.57
p1_E_W.120,864.0,46.03,17.0,1,271.63
p1_N2_S2.91,910.0,15.84,3.0,1,185.1
p1_E_W.121,873.0,38.82,12.0,1,290.73
p1_N2_S2.92,920.0,14.43,0.0,0,184.34
p1_E_W.122,879.0,34.66,9.0,1,293.59
p1_E_W.123,886.0,29.36,2.0,1,286.77
p1_W_E.189,709.0,207.64,74.0,10,558.12
p1_E_W.124,893.0,20.97,0.0,0,255.89
p1_E_W.125,900.0,18.64,0.0,0,241.14
p1_W_E.190,725.0,187.81,65.0,7,523.48
p1_W_S2.19,728.0,190.29,67.0,8,510.0
p1_N1_S1.91,910.0,30.44,18.0,1,204.17
p1_S1_E.27,813.0,110.63,58.0,4,398.71
p1_N1_S1.92,920.0,24.8,12.0,1,195.66
p1_S1_N1.91,910.0,34.3,21.0,1,205.8
p1_N1_S1.93,930.0,17.73,4.0,1,205.55
p1_N1_S1.94,940.0,9.4,0.0,0,178.27
p1_S1_E.28,843.0,75.56,29.0,3,352.58
p1_W_E.191,732.0,198.56,74.0,8,554.87
p1_S1_N1.92,920.0,23.05,8.0,1,183.12
p1_W_E.192,735.0,193.63,75.0,9,546.01
p1_S1_N1.93,930.0,24.22,5.0,1,199.57
p1_W_E.193,738.0,195.85,73.0,7,560.53
p1_S1_N1.94,940.0,16.06,0.0,0,186.23
p1_W_E.194,741.0,194.64,69.0,7,544.62
p1_W_E.195,744.0,185.82,65.0,10,518.9
p1_W_E.196,747.0,190.45,61.0,11,538.8
p1_E_N1.30,903.0,30.45,17.0,1,256.46
p1_E_W.126,908.0,30.31,15.0,1,251.28
p1_W_E.197,750.0,191.34,60.0,11,549.41
p1_N2_W.30,903.0,38.53,17.0,2,283.75
p1_W_E.198,753.0,190.06,61.0,11,550.01
p1_E_W.127,915.0,26.17,12.0,1,258.2
p1_S2_N2.93,930.0,36.25,26.0,1,213.73
p1_E_W.128,922.0,23.19,5.0,1,260.19
p1_N2_S2.93,930.0,37.03,23.0,1,208.48
p1_S2_N2.94,940.0,28.55,16.0,1,197.03
p1_E_W.129,929.0,18.71,1.0,1,246.59
p1_S2_N2.95,950.0,19.74,8.0,1,185.35
p1_E_N1.31,932.0,19.3,0.0,0,251.58
p1_N2_S2.94,940.0,27.19,16.0,1,200.51
p1_E_W.130,936.0,17.12,0.0,0,247.35
p1_N2_S2.95,950.0,25.03,9.0,1,203.35
p1_S2_N2.96,960.0,9.59,0.0,0,166.84
p1_E_W.131,944.0,10.96,0.0,0,220.88
p1_N2_S2.96,960.0,16.76,2.0,1,192.52
p1_S2_N2.97,970.0,6.84,0.0,0,162.37
p1_E_W.132,951.0,6.32,0.0,0,196.01
p1_N1_S1.95,950.0,37.15,25.0,1,217.85
p1_S1_N1.95,950.0,37.28,26.0,1,214.03
p1_W_E.199,756.0,198.11,75.0,12,540.1
p1_W_S2.20,775.0,192.09,68.0,11,536.87
p1_W_E.200,772.0,197.35,71.0,8,542.19
p1_N1_S1.96,960.0,27.84,16.0,1,201.23
p1_N1_S1.97,970.0,22.56,8.0,1,191.33
p1_S1_N1.96,960.0,26.34,15.0,1,196.22
p1_S1_E.29,873.0,92.27,42.0,5,369.54
p1_S1_N1.97,970.0,25.36,11.0,1,195.81
p1_W_E.201,778.0,196.72,75.0,8,566.23
p1_S1_N1.98,980.0,17.21,3.0,1,188.21
p1_N1_S1.98,980.0,7.73,0.0,0,166.9
p1_S1_N1.99,990.0,8.9,0.0,0,172.51
p1_N1_S1.99,990.0,5.96,0.0,0,148.66
p1_W_E.202,781.0,181.09,71.0,9,524.51
p1_W_E.203,784.0,189.01,72.0,8,543.55
p1_W_E.204,787.0,197.16,70.0,8,551.75
p1_N2_W.31,933.0,50.43,30.0,2,295.93
p1_W_E.205,790.0,195.94,67.0,7,550.09
p1_W_E.206,793.0,194.67,62.0,7,546.64
p1_W_E.207,796.0,193.43,58.0,6,543.36
p1_W_E.208,799.0,192.11,53.0,7,539.33
p1_S2_N2.98,980.0,32.51,21.0,1,210.15
p1_E_N1.32,961.0,31.14,11.0,1,270.9
p1_S2_N2.99,990.0,24.4,13.0,1,193.33
p1_N2_S2.97,970.0,44.89,28.0,1,223.84
p1_E_W.133,958.0,23.48,11.0,1,237.85
p1_N2_S2.98,980.0,36.75,26.0,1,215.78
p1_S2_N2.100,1000.0,16.45,5.0,1,181.94
p1_S2_N2.101,1010.0,8.45,0.0,0,168.26
p1_E_W.134,965.0,19.95,5.0,1,219.82
p1_E_W.135,972.0,32.76,5.0,1,239.73
p1_N2_S2.99,990.0,23.54,9.0,1,188.22
p1_E_N1.33,990.0,14.69,0.0,0,227.35
p1_N2_S2.100,1000.0,27.6,7.0,1,203.34
p1_E_W.136,980.0,16.67,0.0,0,227.48
p1_E_W.137,987.0,20.43,0.0,0,237.74
p1_E_W.138,994.0,10.34,0.0,0,217.65
p1_W_E.209,802.0,202.17,68.0,7,552.34
p1_W_E.210,817.0,196.31,68.0,8,543.25
p1_S1_N1.100,1000.0,34.3,21.0,1,205.08
p1_S1_E.30,903.0,112.32,55.0,4,402.1
p1_W_S2.21,820.0,188.78,62.0,7,518.41
p1_N1_S1.100,1000.0,28.99,19.0,1,200.32
p1_S1_E.31,933.0,83.98,30.0,4,369.48
p1_N1_S1.101,1010.0,25.83,12.0,1,198.77
p1_S1_N1.101,1010.0,24.01,12.0,1,189.8
p1_N1_S1.102,1020.0,20.28,6.0,1,192.81
p1_S1_N1.102,1020.0,18.67,4.0,1,196.24
p1_W_E.211,823.0,191.02,73.0,8,535.01
p1_S1_N1.103,1030.0,13.89,0.0,0,183.42
p1_S1_N1.104,1040.0,5.64,0.0,0,148.49
p1_N1_S1.103,1030.0,6.5,0.0,0,152.56
p1_W_E.212,826.0,185.84,69.0,8,516.3
p1_N1_S1.104,1040.0,9.36,0.0,0,154.39
p1_W_E.213,829.0,199.54,67.0,7,544.48
p1_W_E.214,832.0,191.5,60.0,8,537.83
p1_W_E.215,835.0,197.09,59.0,8,540.55
p1_W_E.216,838.0,194.89,57.0,8,532.27
p1_W_E.217,840.0,195.56,56.0,8,528.92
p1_S2_N2.102,1020.0,37.65,27.0,1,218.74
p1_S2_N2.103,1030.0,31.32,18.0,1,213.29
p1_N2_W.32,963.0,48.77,33.0,2,285.79
p1_N2_W.33,993.0,44.92,11.0,2,293.39
p1_N2_S2.101,1010.0,42.61,28.0,1,231.99
p1_E_N1.34,1020.0,23.48,4.0,1,266.13
p1_E_W.139,1001.0,40.58,18.0,1,281.05
p1_N2_S2.102,1020.0,45.63,25.0,1,223.18
p1_E_W.140,1008.0,20.95,7.0,1,231.82
p1_N2_S2.103,1030.0,38.44,21.0,1,225.2
p1_S2_N2.104,1040.0,18.1,5.0,1,180.72
p1_E_W.141,1016.0,32.35,6.0,1,268.3
p1_N2_S2.104,1040.0,30.12,14.0,1,212.41
p1_S2_N2.105,1050.0,17.4,1.0,1,190.17
p1_E_W.142,1023.0,26.98,4.0,1,292.48
p1_N2_S2.105,1050.0,19.02,3.0,1,188.36
p1_E_W.143,1030.0,21.74,0.0,0,276.1
p1_S2_N2.106,1060.0,6.26,0.0,0,149.11
p1_E_W.144,1037.0,16.48,0.0,0,245.37
p1_W_E.218,845.0,210.12,71.0,10,547.71
p1_E_W.145,1044.0,11.26,0.0,0,226.07
p1_W_E.219,864.0,192.84,69.0,9,535.04
p1_W_E.220,867.0,191.82,60.0,9,525.08
p1_S1_E.32,963.0,97.2,43.0,4,383.85
p1_N1_S1.105,1050.0,26.63,15.0,1,199.16
p1_S1_E.33,993.0,69.29,27.0,3,341.78
p1_S1_N1.105,1050.0,29.34,16.0,1,201.39
p1_N1_S1.106,1060.0,24.41,10.0,1,205.85
p1_S1_N1.106,1060.0,24.97,11.0,1,198.83
p1_N1_S1.107,1070.0,14.54,0.0,0,198.65
p1_W_S2.22,870.0,195.42,71.0,8,544.83
p1_S1_N1.107,1070.0,17.62,3.0,1,185.48
p1_N1_S1.108,1080.0,8.32,0.0,0,180.3
p1_W_E.221,873.0,188.84,70.0,8,554.05
p1_S1_N1.108,1080.0,6.48,0.0,0,146.51
p1_W_E.222,876.0,196.81,68.0,9,563.15
p1_W_E.223,879.0,195.45,67.0,9,570.89
p1_W_E.224,882.0,194.15,66.0,8,539.34
p1_N2_W.34,1023.0,51.11,31.0,2,292.67
p1_W_E.225,885.0,192.99,64.0,9,538.45
p1_W_E.226,888.0,186.0,60.0,9,530.72
p1_N2_W.35,1053.0,21.32,2.0,1,262.85
p1_S2_N2.107,1070.0,34.19,22.0,1,216.97
p1_E_W.146,1053.0,31.96,11.0,1,261.9
p1_N2_S2.106,1060.0,42.37,27.0,1,230.88
p1_S2_N2.108,1080.0,27.06,16.0,1,207.6
p1_E_N1.35,1050.0,25.52,12.0,1,244.85
p1_E_W.147,1059.0,27.81,9.0,1,264.53
p1_N2_S2.107,1070.0,38.68,25.0,1,230.11
p1_S2_N2.109,1090.0,17.31,5.0,1,192.11
p1_E_W.148,1066.0,21.23,3.0,1,246.53
p1_E_W.149,1073.0,17.78,0.0,0,246.71
p1_S2_N2.110,1100.0,8.99,0.0,0,162.1
p1_N2_S2.108,1080.0,24.33,13.0,1,193.97
p1_E_W.150,1080.0,12.45,0.0,0,233.01
p1_N2_S2.109,1090.0,23.63,8.0,1,200.22
p1_N2_S2.110,1100.0,16.61,2.0,1,196.18
p1_S2_N2.111,1110.0,6.1,0.0,0,151.41
p1_E_N1.36,1083.0,12.46,0.0,0,226.97
p1_E_W.151,1088.0,9.03,0.0,0,215.73
p1_N1_S1.109,1090.0,35.14,24.0,1,209.13
p1_N1_S1.110,1100.0,27.52,16.0,1,198.88
p1_S1_N1.109,1090.0,36.11,24.0,1,213.95
p1_N1_S1.111,1110.0,16.91,5.0,1,181.64
p1_W_E.227,891.0,192.06,76.0,9,534.27
p1_S1_N1.110,1100.0,24.06,11.0,1,193.31
p1_N1_S1.112,1120.0,14.08,0.0,0,180.51
p1_W_S2.23,915.0,195.4,73.0,8,540.2
p1_W_E.228,894.0,220.68,69.0,9,543.16
p1_S1_N1.111,1110.0,15.86,3.0,1,177.2
p1_N1_S1.113,1130.0,5.96,0.0,0,152.76
p1_W_E.229,909.0,207.49,67.0,8,545.74
p1_S1_N1.112,1120.0,17.34,0.0,0,196.95
p1_W_E.230,912.0,191.96,66.0,8,538.75
p1_S1_E.34,1023.0,80.67,30.0,3,370.06
p1_W_E.231,918.0,204.23,69.0,7,560.11
p1_N2_W.36,1083.0,37.35,15.0,2,273.69
p1_W_E.232,921.0,197.43,67.0,8,565.68
p1_E_W.152,1095.0,29.56,17.0,1,251.04
p1_W_E.233,924.0,201.83,64.0,7,560.25
p1_E_W.153,1102.0,24.36,10.0,1,254.85
p1_W_E.234,927.0,200.65,61.0,8,545.72
p1_E_W.154,1109.0,19.07,6.0,1,235.78
p1_S2_N2.112,1120.0,30.39,18.0,1,206.75
p1_W_E.235,930.0,192.96,58.0,8,542.95
p1_N2_S2.111,1110.0,38.06,27.0,1,218.92
p1_S2_N2.113,1130.0,21.84,11.0,1,192.98
p1_W_E.236,933.0,198.27,58.0,7,565.26
p1_S2_N2.114,1140.0,13.84,2.0,1,182.74
p1_E_N1.37,1112.0,17.38,3.0,1,246.2
p1_N2_S2.112,1120.0,30.89,19.0,1,208.31
p1_E_W.155,1116.0,13.83,0.0,0,215.87
p1_N2_S2.113,1130.0,29.73,15.0,1,202.14
p1_S2_N2.115,1150.0,6.46,0.0,0,152.16
p1_E_W.156,1124.0,13.08,0.0,0,225.75
p1_N2_S2.114,1140.0,21.58,5.0,1,210.24
p1_E_W.157,1131.0,10.16,0.0,0,209.94
p1_E_W.158,1138.0,6.51,0.0,0,203.22
p1_N1_S1.114,1140.0,31.15,19.0,1,206.25
p1_N1_S1.115,1150.0,24.04,11.0,1,190.36
p1_W_E.237,936.0,200.2,71.0,9,558.13
p1_S1_N1.113,1130.0,37.44,26.0,1,208.79
p1_N1_S1.116,1160.0,12.9,1.0,1,176.36
p1_S1_N1.114,1140.0,39.03,22.0,1,221.05
p1_N1_S1.117,1170.0,7.69,0.0,0,161.33
p1_W_E.238,939.0,194.02,71.0,9,531.33
p1_S1_N1.115,1150.0,30.84,15.0,1,214.01
p1_S1_N1.116,1160.0,22.6,7.0,1,201.11
p1_W_E.239,954.0,204.07,63.0,7,526.82
p1_S1_N1.117,1170.0,13.84,0.0,0,194.39
p1_W_E.240,958.0,205.27,60.0,8,526.96
p1_W_S2.24,961.0,192.84,65.0,9,535.36
p1_S1_E.35,1053.0,111.5,45.0,4,396.58
p1_S1_E.36,1083.0,77.28,28.0,4,351.75
p1_N2_W.37,1113.0,54.53,34.0,2,312.71
p1_W_E.241,964.0,189.39,65.0,8,548.71
p1_W_E.242,967.0,203.73,62.0,6,545.46
p1_N2_W.38,1143.0,25.33,3.0,1,255.62
p1_W_E.243,970.0,202.47,62.0,8,559.08
p1_E_N1.38,1141.0,31.42,17.0,1,269.91
p1_W_E.244,973.0,201.15,59.0,8,554.87
p1_S2_N2.116,1160.0,36.43,25.0,1,217.72
p1_E_W.159,1145.0,26.27,12.0,1,252.32
p1_S2_N2.117,1170.0,28.24,16.0,1,206.28
p1_E_W.160,1152.0,26.42,8.0,1,257.89
p1_S2_N2.118,1180.0,20.26,7.0,1,189.63
p1_E_W.161,1160.0,13.78,0.0,0,221.39
p1_S2_N2.119,1190.0,10.77,0.0,0,172.58
p1_E_W.162,1167.0,16.06,0.0,0,231.04
p1_N2_S2.115,1150.0,37.73,26.0,1,207.6
p1_E_N1.39,1170.0,13.38,0.0,0,223.56
p1_E_W.163,1174.0,10.84,0.0,0,213.41
p1_S2_N2.120,1200.0,5.92,0.0,0,149.68
p1_N2_S2.116,1160.0,42.69,25.0,1,225.5
p1_N2_S2.117,1170.0,31.68,15.0,1,209.48
p1_E_W.164,1181.0,6.64,0.0,0,190.92
p1_N2_S2.118,1180.0,28.53,10.0,1,208.42
p1_N2_S2.119,1190.0,22.02,4.0,1,206.29
p1_N2_S2.120,1200.0,14.13,0.0,0,181.65
p1_N1_S1.118,1180.0,37.44,27.0,1,218.77
p1_W_E.245,976.0,209.55,73.0,9,576.46
p1_N1_S1.119,1190.0,29.37,18.0,1,214.89
p1_S1_N1.118,1180.0,40.5,28.0,1,219.19
p1_W_E.246,979.0,220.37,73.0,9,575.87
p1_N1_S1.120,1200.0,21.11,11.0,1,202.39
p1_W_E.247,982.0,219.08,73.0,9,579.98
p1_S1_N1.119,1190.0,32.82,20.0,1,214.69
p1_N1_S1.121,1210.0,13.29,0.0,0,173.46
p1_N1_S1.122,1220.0,5.67,0.0,0,152.01
p1_W_E.248,986.0,201.68,70.0,9,541.66
p1_S1_N1.120,1200.0,20.83,9.0,1,191.31
p1_W_E.249,1001.0,198.33,69.0,8,547.06
p1_S1_N1.121,1210.0,20.37,4.0,1,187.24
p1_S1_E.37,1113.0,96.66,30.0,5,384.75
p1_W_E.250,1004.0,201.55,79.0,10,583.24
p1_W_E.251,1011.0,195.33,69.0,7,527.69
p1_W_S2.25,1007.0,192.91,76.0,10,551.34
p1_N2_W.39,1173.0,39.41,18.0,2,275.83
p1_W_E.252,1014.0,197.51,71.0,10,542.75
p1_W_E.253,1017.0,200.51,68.0,9,538.53
p1_S2_N2.121,1210.0,32.23,22.0,1,221.19
p1_E_W.165,1188.0,24.53,13.0,1,242.66
p1_S2_N2.122,1220.0,24.38,13.0,1,196.51
p1_E_W.166,1196.0,27.48,10.0,1,260.71
p1_S2_N2.123,1230.0,16.2,5.0,1,189.83
p1_E_N1.40,1200.0,20.99,4.0,1,241.75
p1_N2_S2.121,1210.0,32.23,22.0,1,207.09
p1_S2_N2.124,1240.0,8.06,0.0,0,166.79
p1_E_W.167,1203.0,22.0,4.0,1,245.04
p1_N2_S2.122,1220.0,29.69,14.0,1,213.03
p1_E_W.168,1210.0,18.97,0.0,0,251.22
p1_N2_S2.123,1230.0,21.34,7.0,1,202.91
p1_E_W.169,1217.0,13.58,0.0,0,240.79
p1_N2_S2.124,1240.0,14.83,0.0,0,186.75
p1_W_E.254,1020.0,219.39,83.0,8,562.19
p1_E_W.170,1224.0,8.07,0.0,0,202.36
p1_W_E.255,1023.0,215.56,81.0,9,560.82
p1_N1_S1.123,1230.0,35.09,22.0,1,214.19
p1_W_E.256,1026.0,218.32,76.0,9,551.95
p1_S1_N1.122,1220.0,45.93,27.0,1,237.56
p1_W_E.257,1029.0,214.93,75.0,9,548.82
p1_N1_S1.124,1240.0,26.84,14.0,1,204.45
p1_W_E.258,1032.0,211.69,71.0,8,543.72
p1_N1_S1.125,1250.0,19.04,5.0,1,184.98
p1_S1_N1.123,1230.0,34.16,21.0,1,214.4
p1_W_E.259,1047.0,202.72,70.0,9,530.76
p1_N1_S1.126,1260.0,11.06,0.0,0,176.16
p1_S1_E.38,1143.0,108.31,51.0,4,392.01
p1_S1_N1.124,1240.0,31.68,16.0,1,213.81
p1_W_E.260,1050.0,202.55,74.0,8,547.56
p1_S1_N1.125,1250.0,23.33,8.0,1,196.88
p1_N1_S1.127,1270.0,5.52,0.0,0,147.39
p1_W_S2.26,1053.0,203.24,68.0,7,557.2
p1_W_E.261,1056.0,202.67,69.0,8,542.0
p1_N2_W.40,1203.0,56.77,37.0,2,318.23
p1_W_E.262,1059.0,201.44,65.0,7,534.58
p1_N2_W.41,1233.0,21.04,1.0,1,247.53
p1_N2_S2.125,1250.0,38.16,27.0,1,213.65
p1_N2_S2.126,1260.0,29.99,18.0,1,206.27
p1_E_W.171,1233.0,36.83,13.0,1,267.22
p1_S2_N2.125,1250.0,35.51,24.0,1,209.93
p1_S2_N2.126,1260.0,28.29,16.0,1,204.56
p1_E_N1.41,1230.0,28.32,15.0,1,247.96
p1_E_W.172,1239.0,29.65,11.0,1,261.24
p1_S2_N2.127,1270.0,19.11,7.0,1,188.8
p1_E_W.173,1246.0,30.01,8.0,1,278.98
p1_S2_N2.128,1280.0,17.34,2.0,1,194.78
p1_E_W.174,1253.0,22.78,1.0,1,266.68
p1_N2_S2.127,1270.0,19.85,9.0,1,176.56
p1_S2_N2.129,1290.0,10.19,0.0,0,170.86
p1_E_W.175,1260.0,19.48,0.0,0,270.46
p1_E_N1.42,1263.0,16.99,0.0,0,265.62
p1_N2_S2.128,1280.0,13.65,0.0,0,183.59
p1_E_W.176,1268.0,13.35,0.0,0,234.69
p1_N2_S2.129,1290.0,13.07,0.0,0,189.1
p1_W_E.263,1062.0,221.3,83.0,8,581.51
p1_W_E.264,1065.0,219.25,78.0,8,567.05
p1_N1_S1.128,1280.0,28.86,17.0,1,199.05
p1_W_E.265,1068.0,218.05,73.0,8,552.97
p1_S1_N1.126,1260.0,51.85,31.0,2,242.87
p1_N1_S1.129,1290.0,23.49,10.0,1,207.91
p1_S1_N1.127,1270.0,45.31,28.0,1,221.31
p1_N1_S1.130,1300.0,15.15,1.0,1,190.23
p1_N1_S1.131,1310.0,6.98,0.0,0,161.32
p1_W_E.266,1071.0,210.33,71.0,8,544.07
p1_W_E.267,1077.0,213.09,66.0,10,554.57
p1_W_E.268,1093.0,205.44,66.0,7,543.16
p1_W_E.269,1096.0,205.59,63.0,9,553.06
p1_S1_E.39,1173.0,126.48,59.0,4,443.57
p1_W_S2.27,1102.0,203.0,63.0,8,552.07
p1_S1_E.40,1203.0,102.02,36.0,4,415.85
p1_E_W.177,1275.0,30.96,18.0,1,255.48
p1_W_E.270,1099.0,204.88,69.0,8,563.74
p1_S1_N1.128,1280.0,28.26,14.0,1,197.86
p1_N2_W.42,1263.0,44.75,26.0,2,291.83
p1_W_E.271,1105.0,203.49,61.0,8,565.14
p1_S1_N1.129,1290.0,34.03,12.0,1,208.18
p1_N2_W.43,1293.0,16.7,1.0,1,239.11
p1_E_W.178,1282.0,29.71,14.0,1,262.85
p1_E_W.179,1289.0,24.43,7.0,1,254.92
p1_S2_N2.130,1300.0,34.15,23.0,1,213.32
p1_N2_S2.130,1300.0,34.12,23.0,1,210.53
p1_N2_S2.131,1310.0,27.68,15.0,1,203.05
p1_S2_N2.131,1310.0,27.39,15.0,1,208.13
p1_S2_N2.132,1320.0,19.13,6.0,1,192.29
p1_N2_S2.132,1320.0,16.68,6.0,1,178.54
p1_S2_N2.133,1330.0,10.87,0.0,0,181.2
p1_E_W.180,1296.0,25.3,0.0,0,245.13
p1_N2_S2.133,1330.0,13.24,0.0,0,188.53
p1_E_W.181,1304.0,19.09,0.0,0,240.79
p1_E_W.182,1311.0,13.97,0.0,0,224.77
p1_N2_S2.134,1340.0,6.25,0.0,0,148.83
p1_E_N1.43,1292.0,15.12,0.0,0,231.2
p1_E_W.183,1318.0,7.03,0.0,0,203.19
p1_W_E.272,1108.0,222.47,77.0,11,579.62
p1_W_E.273,1111.0,221.95,75.0,10,578.13
p1_N1_S1.132,1320.0,35.66,23.0,1,214.18
p1_S1_N1.130,1300.0,57.26,34.0,2,251.32
p1_N1_S1.133,1330.0,27.57,15.0,1,205.42
p1_W_E.274,1114.0,218.28,70.0,8,566.31
p1_W_E.275,1117.0,214.38,69.0,10,556.39
p1_W_E.276,1120.0,212.89,69.0,9,560.19
p1_W_E.277,1123.0,215.62,63.0,9,573.12
p1_N1_S1.134,1340.0,13.29,1.0,1,175.75
p1_N1_S1.135,1350.0,16.24,0.0,0,191.84
p1_S1_E.41,1233.0,101.17,44.0,4,374.82
p1_N1_S1.136,1360.0,9.32,0.0,0,167.81
p1_W_E.278,1139.0,208.94,75.0,10,560.67
p1_W_E.279,1142.0,208.15,69.0,10,551.15
p1_S1_N1.131,1310.0,38.41,26.0,1,213.0
p1_W_E.280,1146.0,205.82,66.0,9,538.15
p1_W_S2.28,1149.0,201.93,64.0,7,538.07
p1_S1_N1.132,1320.0,46.53,23.0,1,219.6
p1_N2_W.44,1323.0,30.46,10.0,2,274.09
p1_W_E.281,1152.0,198.26,60.0,10,528.77
p1_S1_N1.133,1330.0,46.0,20.0,1,235.91
p1_S1_N1.134,1340.0,34.56,12.0,1,219.94
p1_E_N1.44,1321.0,36.69,17.0,1,285.07
p1_N2_S2.135,1350.0,30.66,19.0,1,209.13
p1_E_W.184,1325.0,24.43,11.0,1,239.48
p1_E_W.185,1332.0,30.88,11.0,1,263.08
p1_S2_N2.134,1340.0,37.09,25.0,1,217.16
p1_N2_S2.136,1360.0,25.46,12.0,1,193.59
p1_E_W.186,1340.0,21.09,4.0,1,248.49
p1_S2_N2.135,1350.0,35.9,21.0,1,226.81
p1_E_N1.45,1350.0,15.32,0.0,0,247.1
p1_S2_N2.136,1360.0,27.64,13.0,1,215.1
p1_N2_S2.137,1370.0,17.14,3.0,1,178.32
p1_E_W.187,1347.0,19.51,0.0,0,262.84
p1_E_W.188,1354.0,14.18,0.0,0,240.81
p1_N2_S2.138,1380.0,8.65,0.0,0,168.36
p1_S2_N2.137,1370.0,10.15,0.0,0,163.86
p1_S2_N2.138,1380.0,9.91,0.0,0,161.81
p1_W_E.282,1155.0,221.21,75.0,8,572.87
p1_W_E.283,1158.0,220.85,72.0,7,575.01
p1_N1_S1.137,1370.0,31.13,19.0,1,206.98
p1_W_E.284,1161.0,219.39,68.0,8,564.31
p1_W_E.285,1164.0,217.04,68.0,8,564.45
p1_S1_N1.135,1350.0,47.82,29.0,2,235.13
p1_N1_S1.138,1380.0,21.41,10.0,1,193.38
p1_S1_N1.136,1360.0,47.3,25.0,1,229.19
p1_N1_S1.139,1390.0,17.91,4.0,1,188.68
p1_W_E.286,1167.0,210.05,65.0,7,540.7
p1_N1_S1.140,1400.0,9.55,0.0,0,176.84
p1_S1_N1.137,1370.0,35.06,23.0,1,214.58
p1_S1_E.42,1263.0,126.13,56.0,4,431.38
p1_S1_N1.138,1380.0,30.08,16.0,1,209.27
p1_S1_E.43,1293.0,93.35,39.0,5,401.04
p1_W_E.287,1170.0,213.47,80.0,10,554.52
p1_W_E.288,1184.0,208.91,76.0,10,534.84
p1_S1_N1.139,1390.0,20.02,7.0,1,191.97
p1_W_E.289,1188.0,208.41,70.0,8,553.06
p1_W_E.290,1191.0,207.65,68.0,8,573.07
p1_W_S2.29,1194.0,200.07,66.0,8,559.92
p1_N2_S2.139,1390.0,36.68,27.0,1,217.99
p1_E_W.189,1361.0,25.04,11.0,1,234.53
p1_S2_N2.139,1390.0,37.12,26.0,1,216.46
p1_N2_W.45,1353.0,54.12,27.0,2,288.76
p1_N2_S2.140,1400.0,29.26,17.0,1,207.99
p1_S2_N2.140,1400.0,28.58,16.0,1,210.11
p1_E_N1.46,1380.0,27.42,11.0,1,259.84
p1_N2_W.46,1383.0,14.2,0.0,0,225.04
p1_S2_N2.141,1410.0,21.23,8.0,1,182.59
p1_E_W.190,1368.0,42.7,17.0,1,269.59
p1_N2_S2.141,1410.0,18.86,5.0,1,184.94
p1_S2_N2.142,1420.0,12.92,0.0,0,180.62
p1_E_W.191,1376.0,33.91,13.0,1,264.88
p1_N2_S2.142,1420.0,14.83,1.0,1,181.01
p1_E_W.192,1383.0,18.74,5.0,1,235.17
p1_S2_N2.143,1430.0,5.72,0.0,0,143.79
p1_E_W.193,1390.0,27.35,4.0,1,239.68
p1_E_W.194,1397.0,20.36,0.0,0,242.6
p1_N2_S2.143,1430.0,5.79,0.0,0,152.95
p1_W_E.291,1197.0,226.42,86.0,10,575.82
p1_E_W.195,1404.0,7.26,0.0,0,193.38
p1_N1_S1.141,1410.0,37.46,27.0,1,219.21
p1_W_E.292,1200.0,220.06,82.0,9,569.72
p1_N1_S1.142,1420.0,29.72,18.0,1,207.83
p1_W_E.293,1203.0,226.11,80.0,9,595.16
p1_S1_N1.140,1400.0,47.7,27.0,1,228.2
p1_N1_S1.143,1430.0,21.45,10.0,1,190.96
p1_W_E.294,1206.0,219.1,77.0,9,574.82
p1_S1_N1.141,1410.0,43.16,27.0,1,233.54
p1_S1_E.44,1322.0,111.11,55.0,4,401.71
p1_S1_N1.142,1420.0,35.57,20.0,1,208.41
p1_N1_S1.144,1440.0,11.2,0.0,0,172.11
p1_W_E.295,1209.0,225.82,82.0,8,612.15
p1_W_E.296,1214.0,223.17,79.0,8,600.77
p1_S1_N1.143,1430.0,26.07,11.0,1,189.95
p1_W_E.297,1230.0,209.01,76.0,7,573.97
p1_S1_N1.144,1440.0,20.87,4.0,1,194.38
p1_W_E.298,1233.0,207.48,75.0,7,565.37
p1_N1_S1.145,1450.0,6.63,0.0,0,151.63
p1_W_E.299,1237.0,196.97,74.0,8,529.66
p1_W_S2.30,1243.0,202.49,66.0,8,534.34
p1_E_N1.47,1410.0,29.45,16.0,1,247.52
p1_E_W.196,1413.0,32.98,15.0,1,247.77
p1_W_E.300,1240.0,206.45,67.0,7,550.65
p1_N2_W.47,1413.0,34.22,12.0,2,278.01
p1_N2_S2.144,1440.0,33.11,22.0,1,209.86
p1_S2_N2.144,1440.0,31.8,21.0,1,203.5
p1_E_W.197,1419.0,23.73,10.0,1,240.88
p1_S2_N2.145,1450.0,23.31,12.0,1,195.99
p1_E_W.198,1426.0,29.59,7.0,1,256.94
p1_N2_S2.145,1450.0,25.37,14.0,1,194.42
p1_S2_N2.146,1460.0,17.58,3.0,1,188.13
p1_E_W.199,1433.0,16.34,2.0,1,240.21
p1_E_N1.48,1443.0,14.89,0.0,0,237.3
p1_N2_S2.146,1460.0,19.12,6.0,1,192.97
p1_E_W.200,1440.0,16.98,0.0,0,244.79
p1_N2_S2.147,1470.0,6.93,0.0,0,153.96
p1_S2_N2.147,1470.0,6.35,0.0,0,152.61
p1_E_W.201,1448.0,7.02,0.0,0,199.15
p1_W_E.301,1246.0,217.14,83.0,8,562.02
p1_W_E.302,1249.0,222.81,80.0,9,588.63
p1_W_E.303,1252.0,218.6,76.0,9,575.79
p1_N1_S1.146,1460.0,29.56,18.0,1,200.56
p1_N1_S1.147,1470.0,28.59,14.0,1,206.33
p1_W_E.304,1254.0,223.59,71.0,8,578.31
p1_N1_S1.148,1480.0,16.39,5.0,1,185.46
p1_S1_E.45,1353.0,123.43,56.0,5,432.04
p1_S1_N1.145,1450.0,44.71,26.0,2,224.21
p1_S1_E.46,1383.0,98.01,44.0,4,412.99
p1_S1_N1.146,1460.0,42.68,26.0,2,225.4
p1_W_E.305,1258.0,224.82,80.0,10,594.71
p1_S1_N1.147,1470.0,34.35,18.0,1,222.61
p1_W_E.306,1263.0,220.39,79.0,9,591.56
p1_W_E.307,1277.0,208.38,69.0,7,576.55
p1_W_E.308,1280.0,208.17,68.0,7,564.79
p1_N1_S1.149,1490.0,6.49,0.0,0,149.68
p1_W_E.309,1283.0,204.04,63.0,7,565.54
p1_N1_S1.150,1500.0,10.99,0.0,0,166.89
p1_W_E.310,1286.0,205.24,64.0,7,568.83
p1_W_S2.31,1289.0,203.43,65.0,8,538.86
p1_E_W.202,1455.0,30.15,18.0,1,250.11
p1_N2_W.48,1443.0,43.24,25.0,2,282.39
p1_N2_W.49,1473.0,22.22,3.0,1,251.23
p1_S2_N2.148,1480.0,39.14,27.0,1,220.6
p1_E_W.203,1462.0,35.66,17.0,1,280.67
p1_E_W.204,1469.0,31.14,12.0,1,267.65
p1_N2_S2.148,1480.0,35.92,25.0,1,216.62
p1_S2_N2.149,1490.0,31.08,19.0,1,211.61
p1_E_N1.49,1472.0,28.28,10.0,1,268.65
p1_N2_S2.149,1490.0,27.84,16.0,1,198.87
p1_E_W.205,1476.0,24.98,8.0,1,266.12
p1_S2_N2.150,1500.0,21.94,10.0,1,190.06
p1_N2_S2.150,1500.0,25.01,12.0,1,200.47
p1_E_W.206,1484.0,17.09,0.0,0,227.65
p1_N2_S2.151,1510.0,17.73,3.0,1,186.19
p1_E_W.207,1491.0,9.58,0.0,0,209.8
p1_N2_S2.152,1520.0,9.96,0.0,0,170.09
p1_E_N1.50,1501.0,8.81,0.0,0,218.28
p1_E_W.208,1498.0,12.49,0.0,0,217.33
p1_E_W.209,1505.0,7.09,0.0,0,197.01
p1_S2_N2.151,1510.0,7.19,0.0,0,159.89
p1_S2_N2.152,1520.0,14.9,0.0,0,167.17
p1_N1_S1.151,1510.0,28.99,18.0,1,202.8
p1_N1_S1.152,1520.0,21.89,9.0,1,195.16
p1_W_E.311,1291.0,211.83,79.0,8,562.01
p1_S1_N1.148,1480.0,56.84,37.0,2,243.53
p1_W_E.312,1294.0,224.88,77.0,8,581.64
p1_S1_N1.149,1490.0,55.02,30.0,2,249.74
p1_W_E.313,1297.0,228.17,70.0,8,584.9
p1_S1_N1.150,1500.0,46.44,27.0,1,241.8
p1_N1_S1.153,1530.0,10.39,0.0,0,169.31
p1_S1_E.47,1413.0,113.22,56.0,4,418.09
p1_N1_S1.154,1540.0,7.9,0.0,0,160.29
p1_W_E.314,1300.0,228.81,80.0,9,613.54
p1_S1_N1.151,1510.0,37.04,23.0,1,211.42
p1_W_E.315,1303.0,223.75,79.0,8,588.63
p1_S1_N1.152,1520.0,27.73,14.0,1,197.21
p1_W_E.316,1307.0,225.37,73.0,8,581.0
p1_W_E.317,1323.0,211.01,70.0,8,573.43
p1_W_E.318,1326.0,205.32,70.0,7,576.0
p1_W_E.319,1329.0,208.64,69.0,9,581.55
p1_N2_W.50,1503.0,29.43,11.0,2,268.25
p1_W_E.320,1332.0,207.44,67.0,8,582.89
p1_W_S2.32,1335.0,198.06,64.0,7,542.91
p1_E_W.210,1512.0,23.57,10.0,1,237.04
p1_E_W.211,1520.0,22.78,4.0,1,244.04
p1_N2_S2.153,1530.0,32.31,22.0,1,204.71
p1_S2_N2.153,1530.0,31.14,19.0,1,204.84
p1_E_N1.51,1530.0,17.46,0.0,0,237.11
p1_E_W.212,1527.0,11.43,0.0,0,212.39
p1_N2_S2.154,1540.0,25.98,14.0,1,201.04
p1_S2_N2.154,1540.0,22.71,11.0,1,191.77
p1_E_W.213,1534.0,16.52,0.0,0,246.28
p1_N2_S2.155,1550.0,17.42,7.0,1,177.81
p1_S2_N2.155,1550.0,22.76,7.0,1,201.76
p1_E_W.214,1541.0,11.23,0.0,0,234.5
p1_S2_N2.156,1560.0,11.74,0.0,0,189.76
p1_N2_S2.156,1560.0,9.23,0.0,0,167.52
p1_S2_N2.157,1570.0,6.14,0.0,0,160.91
p1_W_E.321,1338.0,222.53,81.0,9,583.37
p1_W_E.322,1341.0,221.27,76.0,9,581.74
p1_N1_S1.155,1550.0,35.35,25.0,1,213.56
p1_W_E.323,1345.0,219.42,74.0,8,574.99
p1_N1_S1.156,1560.0,27.08,15.0,1,199.37
p1_S1_E.48,1443.0,123.43,60.0,7,436.37
p1_N1_S1.157,1570.0,18.98,7.0,1,184.96
p1_S1_N1.153,1530.0,53.18,34.0,2,246.5
p1_S1_N1.154,1540.0,51.5,27.0,1,245.4
p1_S1_E.49,1473.0,89.03,41.0,4,373.76
p1_N1_S1.158,1580.0,8.56,0.0,0,161.72
p1_W_E.324,1352.0,221.57,84.0,9,585.26
p1_W_E.325,1368.0,202.16,78.0,9,563.78
p1_S1_N1.155,1550.0,38.94,27.0,1,216.71
p1_S1_N1.156,1560.0,38.51,21.0,1,218.56
p1_W_E.326,1371.0,202.02,75.0,7,555.72
p1_W_E.327,1374.0,201.01,73.0,8,557.05
p1_N1_S1.159,1590.0,5.79,0.0,0,147.32
p1_W_E.328,1377.0,203.77,68.0,9,562.23
p1_W_E.329,1380.0,202.55,66.0,11,562.46
p1_W_E.330,1383.0,198.47,64.0,9,558.83
p1_W_S2.33,1386.0,198.35,63.0,10,532.83
p1_E_W.215,1548.0,28.41,16.0,1,241.55
p1_N2_W.51,1533.0,54.35,30.0,2,304.66
p1_N2_W.52,1563.0,17.14,0.0,0,244.86
p1_E_W.216,1556.0,34.99,14.0,1,274.22
p1_N2_S2.157,1570.0,38.89,27.0,1,225.61
p1_E_W.217,1563.0,29.71,6.0,1,262.34
p1_N2_S2.158,1580.0,34.93,22.0,1,221.87
p1_S2_N2.158,1580.0,26.91,15.0,1,194.27
p1_E_W.218,1570.0,23.17,4.0,1,265.06
p1_N2_S2.159,1590.0,26.68,13.0,1,201.97
p1_S2_N2.159,1590.0,27.13,11.0,1,206.87
p1_E_N1.52,1560.0,23.05,7.0,1,257.52
p1_S2_N2.160,1600.0,14.2,0.0,0,193.72
p1_E_W.219,1577.0,14.93,0.0,0,242.58
p1_S2_N2.161,1610.0,6.21,0.0,0,145.03
p1_E_W.220,1584.0,14.58,0.0,0,231.95
p1_E_N1.53,1590.0,11.31,0.0,0,223.44
p1_E_W.221,1593.0,10.84,0.0,0,224.04
p1_N2_S2.160,1600.0,13.46,0.0,0,174.32
p1_N2_S2.161,1610.0,12.91,0.0,0,181.83
p1_W_E.331,1389.0,215.74,79.0,10,557.7
p1_W_E.332,1392.0,216.25,78.0,9,562.52
p1_N1_S1.160,1600.0,31.53,19.0,1,205.95
p1_S1_N1.157,1570.0,61.68,42.0,2,254.74
p1_S1_N1.158,1580.0,55.65,33.0,2,251.94
p1_N1_S1.161,1610.0,22.59,10.0,1,193.4
p1_S1_E.50,1503.0,101.34,55.0,4,397.25
p1_N1_S1.162,1620.0,17.77,3.0,1,203.43
p1_W_E.333,1397.0,220.09,87.0,8,569.7
p1_S1_N1.159,1590.0,48.06,27.0,1,235.83
p1_W_E.334,1415.0,203.76,77.0,8,545.43
p1_S1_N1.160,1600.0,40.38,24.0,1,219.96
p1_W_E.335,1419.0,201.52,72.0,7,568.0
p1_W_E.336,1422.0,199.57,72.0,7,552.54
p1_N1_S1.163,1630.0,6.22,0.0,0,150.32
p1_W_E.337,1425.0,194.88,67.0,7,533.39
p1_W_E.338,1428.0,197.74,65.0,9,571.67
p1_S1_N1.161,1610.0,30.41,17.0,1,195.84
p1_E_W.222,1599.0,28.99,17.0,1,249.14
p1_W_S2.34,1437.0,192.4,60.0,8,525.75
p1_N2_W.53,1593.0,36.61,16.0,2,290.22
p1_W_E.339,1431.0,183.64,65.0,9,511.99
p1_W_E.340,1434.0,198.1,61.0,8,539.15
p1_E_W.223,1606.0,25.69,11.0,1,248.87
p1_E_W.224,1613.0,20.39,6.0,1,248.92
p1_S2_N2.162,1620.0,36.6,25.0,1,217.85
p1_N2_S2.162,1620.0,37.51,25.0,1,213.31
p1_S2_N2.163,1630.0,28.57,16.0,1,202.15
p1_E_W.225,1620.0,11.64,0.0,0,210.9
p1_E_N1.54,1623.0,15.43,0.0,0,232.77
p1_N2_S2.163,1630.0,29.83,16.0,1,200.6
p1_N2_S2.164,1640.0,23.66,12.0,1,200.9
p1_E_W.226,1628.0,7.45,0.0,0,208.47
p1_S2_N2.164,1640.0,16.5,4.0,1,181.51
p1_N2_S2.165,1650.0,15.26,2.0,1,186.5
p1_S2_N2.165,1650.0,16.56,0.0,0,201.09
p1_S2_N2.166,1660.0,8.35,0.0,0,159.35
p1_W_E.341,1442.0,211.1,76.0,8,554.82
p1_E_W.227,1635.0,7.94,0.0,0,201.39
p1_W_E.342,1462.0,193.78,68.0,7,541.09
p1_S1_N1.162,1620.0,57.53,38.0,2,262.26
p1_N1_S1.164,1640.0,37.33,26.0,1,219.43
p1_W_E.343,1465.0,192.5,66.0,8,531.42
p1_N1_S1.165,1650.0,29.93,17.0,1,212.39
p1_S1_E.51,1533.0,124.21,63.0,5,439.63
p1_S1_N1.163,1630.0,51.71,30.0,2,248.93
p1_N1_S1.166,1660.0,21.99,11.0,1,199.2
p1_S1_E.52,1563.0,97.96,48.0,4,405.48
p1_W_E.344,1469.0,194.17,71.0,9,534.74
p1_N1_S1.167,1670.0,13.86,1.0,1,182.96
p1_W_E.345,1472.0,190.56,67.0,7,535.62
p1_W_E.346,1475.0,193.04,67.0,8,549.85
p1_W_E.347,1478.0,191.73,62.0,7,540.17
p1_S1_N1.164,1640.0,36.35,24.0,1,214.33
p1_S1_N1.165,1650.0,44.71,22.0,1,222.0
p1_E_W.228,1642.0,32.5,17.0,1,253.42
p1_W_E.348,1481.0,182.5,61.0,8,524.48
p1_W_E.349,1484.0,193.1,57.0,8,530.26
p1_W_S2.35,1490.0,187.13,54.0,7,533.37
p1_N2_W.54,1623.0,53.39,33.0,2,304.59
p1_W_E.350,1487.0,188.43,59.0,8,532.73
p1_N2_W.55,1653.0,25.02,1.0,1,271.9
p1_N2_S2.166,1660.0,42.33,29.0,1,222.14
p1_S2_N2.167,1670.0,32.61,20.0,1,209.06
p1_S2_N2.168,1680.0,24.59,12.0,1,194.4
p1_E_W.229,1649.0,23.99,12.0,1,247.76
p1_N2_S2.167,1670.0,33.42,22.0,1,200.49
p1_S2_N2.169,1690.0,15.46,4.0,1,182.02
p1_E_W.230,1656.0,30.46,9.0,1,267.47
p1_N2_S2.168,1680.0,27.6,14.0,1,204.68
p1_S2_N2.170,1700.0,9.12,0.0,0,165.78
p1_E_N1.55,1652.0,24.8,9.0,1,247.28
p1_N2_S2.169,1690.0,19.97,6.0,1,185.97
p1_N2_S2.170,1700.0,15.22,0.0,0,186.24
p1_S2_N2.171,1710.0,5.57,0.0,0,150.05
p1_E_W.231,1664.0,12.85,0.0,0,210.97
p1_E_N1.56,1681.0,13.24,0.0,0,222.51
p1_E_W.232,1671.0,18.52,0.0,0,224.54
p1_E_W.233,1678.0,20.42,0.0,0,233.91
p1_W_E.351,1493.0,206.36,70.0,8,558.76
p1_E_W.234,1685.0,15.13,0.0,0,246.36
p1_S1_N1.166,1660.0,66.16,45.0,2,265.53
p1_W_E.352,1507.0,185.23,71.0,10,521.63
p1_S1_N1.167,1670.0,57.92,34.0,2,257.51
p1_S1_N1.168,1680.0,49.75,27.0,1,246.49
p1_S1_E.53,1593.0,115.04,57.0,4,417.52
p1_W_E.353,1511.0,199.15,76.0,7,572.53
p1_N1_S1.168,1680.0,35.66,24.0,1,214.75
p1_W_E.354,1514.0,195.86,74.0,10,562.64
p1_N1_S1.169,1690.0,43.77,23.0,1,234.08
p1_S1_N1.169,1690.0,44.59,27.0,1,218.81
p1_W_E.355,1517.0,192.25,73.0,10,568.09
p1_N1_S1.170,1700.0,35.59,16.0,1,225.24
p1_W_E.356,1520.0,195.61,73.0,8,577.76
p1_N1_S1.171,1710.0,26.33,6.0,1,220.81
p1_W_E.357,1523.0,188.25,65.0,7,531.35
p1_N1_S1.172,1720.0,19.02,0.0,0,208.76
p1_N1_S1.173,1730.0,10.2,0.0,0,179.49
p1_W_E.358,1526.0,180.01,63.0,8,515.4
p1_N2_W.56,1683.0,36.67,16.0,2,283.37
p1_W_E.359,1529.0,192.98,59.0,8,517.32
p1_E_W.235,1692.0,29.98,17.0,1,253.96
p1_W_E.360,1532.0,190.77,61.0,10,526.4
p1_E_W.236,1700.0,23.82,11.0,1,246.22
p1_E_W.237,1707.0,18.0,5.0,1,234.53
p1_S2_N2.172,1720.0,28.3,18.0,1,198.43
p1_W_S2.36,1535.0,178.33,58.0,10,513.97
p1_S2_N2.173,1730.0,20.43,10.0,1,189.05
p1_N2_S2.171,1710.0,34.18,23.0,1,212.03
p1_S2_N2.174,1740.0,12.48,0.0,0,178.23
p1_N2_S2.172,1720.0,34.07,20.0,1,217.31
p1_E_W.238,1714.0,19.8,0.0,0,250.56
p1_N2_S2.173,1730.0,24.57,12.0,1,198.77
p1_E_N1.57,1710.0,15.56,1.0,1,242.76
p1_E_W.239,1721.0,14.76,0.0,0,242.67
p1_N2_S2.174,1740.0,17.56,4.0,1,202.89
p1_E_W.240,1728.0,9.5,0.0,0,231.72
p1_N2_S2.175,1750.0,10.18,0.0,0,169.57
p1_S2_N2.175,1750.0,6.51,0.0,0,151.52
p1_W_E.361,1552.0,192.87,70.0,10,536.8
p1_W_E.362,1555.0,188.28,68.0,8,521.55
p1_N1_S1.174,1740.0,28.5,17.0,1,198.66
p1_S1_E.54,1623.0,122.01,65.0,5,439.84
p1_S1_N1.170,1700.0,67.75,48.0,2,265.21
p1_N1_S1.175,1750.0,23.05,9.0,1,199.75
p1_S1_E.55,1653.0,93.19,47.0,4,379.63
p1_S1_N1.171,1710.0,60.4,39.0,2,260.09
p1_N1_S1.176,1760.0,13.04,0.0,0,177.68
p1_S1_N1.172,1720.0,56.22,33.0,2,244.13
p1_S1_N1.173,1730.0,47.97,27.0,1,238.33
p1_W_E.363,1558.0,188.04,74.0,8,537.25
p1_S1_N1.174,1740.0,40.03,25.0,1,221.48
p1_N1_S1.177,1770.0,5.71,0.0,0,148.17
p1_W_E.364,1561.0,185.75,68.0,8,520.31
p1_W_E.365,1563.0,192.83,66.0,9,539.45
p1_W_E.366,1567.0,196.38,66.0,7,551.1
p1_W_E.367,1570.0,186.13,64.0,8,544.57
p1_W_E.368,1573.0,189.56,64.0,10,539.6
p1_E_W.241,1736.0,26.44,15.0,1,244.36
p1_W_E.369,1576.0,192.91,59.0,8,556.1
p1_N2_W.57,1713.0,56.03,30.0,2,318.73
p1_N2_W.58,1743.0,28.17,5.0,2,280.48
p1_N2_S2.176,1760.0,34.24,23.0,1,214.22
p1_N2_S2.177,1770.0,26.45,16.0,1,198.7
p1_E_N1.58,1740.0,30.48,15.0,1,248.05
p1_E_W.242,1743.0,32.42,13.0,1,270.04
p1_S2_N2.176,1760.0,33.04,20.0,1,206.48
p1_W_E.370,1579.0,171.77,58.0,8,502.31
p1_S2_N2.177,1770.0,26.63,14.0,1,206.47
p1_E_W.243,1750.0,24.65,8.0,1,255.86
p1_N2_S2.178,1780.0,20.68,9.0,1,193.65
p1_S2_N2.178,1780.0,20.55,8.0,1,192.6
p1_E_W.244,1757.0,23.5,3.0,1,264.58
p1_S2_N2.179,1790.0,12.43,0.0,0,177.13
p1_E_W.245,1764.0,18.28,0.0,0,255.86
p1_N2_S2.179,1790.0,11.39,0.0,0,173.81
p1_E_N1.59,1770.0,14.02,0.0,0,235.36
p2_N2_S2.0,1800.0,5.72,0.0,0,153.6
p2_S2_N2.0,1800.0,6.45,0.0,0,154.21
p1_E_W.246,1773.0,12.58,0.0,0,227.66
p1_E_W.247,1779.0,8.35,0.0,0,203.35
p1_W_S2.37,1582.0,208.6,72.0,8,534.21
p1_W_E.371,1600.0,192.63,67.0,7,529.24
p1_N1_S1.178,1780.0,31.59,20.0,1,205.59
p1_S1_N1.175,1750.0,61.66,40.0,2,262.72
p1_N1_S1.179,1790.0,24.31,11.0,1,191.61
p1_S1_N1.176,1760.0,58.48,33.0,2,261.56
p2_N1_S1.0,1800.0,24.07,6.0,1,195.41
p1_W_E.372,1603.0,177.22,67.0,8,511.24
p1_S1_N1.177,1770.0,52.41,27.0,2,259.18
p1_S1_E.56,1683.0,114.56,53.0,4,406.44
p1_S1_N1.178,1780.0,47.27,24.0,1,240.94
p1_W_E.373,1606.0,201.29,75.0,9,557.69
p1_S1_N1.179,1790.0,34.82,20.0,1,206.54
p1_W_E.374,1609.0,197.63,72.0,7,553.63
p1_W_E.375,1612.0,199.01,71.0,7,569.47
p1_N2_W.59,1773.0,38.75,19.0,2,282.37
p1_W_E.376,1615.0,193.05,68.0,9,555.18
p1_W_E.377,1618.0,196.44,64.0,9,543.91
p1_W_E.378,1621.0,195.33,58.0,8,550.53
p1_W_E.379,1624.0,187.85,59.0,7,558.22
p1_W_E.380,1627.0,192.99,58.0,8,552.18
p1_E_W.248,1786.0,24.41,11.0,1,241.28
p1_E_W.249,1793.0,29.28,10.0,1,269.17
p2_E_W.0,1800.0,23.45,4.0,1,258.87
p2_N2_S2.1,1810.0,22.12,12.0,1,187.53
p2_S2_N2.1,1810.0,38.53,23.0,2,216.45
p2_N2_S2.2,1820.0,31.29,11.0,1,203.73
p2_S2_N2.2,1820.0,32.29,14.0,2,219.96
p2_N2_S2.3,1830.0,23.07,2.0,1,197.63
p2_N2_S2.4,1840.0,7.21,0.0,0,155.01
p1_W_S2.38,1645.0,191.39,67.0,8,539.82
p1_W_E.381,1648.0,190.75,68.0,8,540.39
p1_W_E.382,1651.0,189.96,69.0,7,528.17
p2_E_S1.0,1803.0,37.22,18.0,2,288.15
p2_N1_S1.1,1810.0,54.18,31.0,2,245.62
p2_S1_N1.0,1800.0,64.94,40.0,2,266.84
p2_N1_S1.2,1820.0,46.43,28.0,2,230.83
p2_N1_S1.3,1830.0,38.3,24.0,1,219.65
p2_S1_N1.1,1810.0,53.42,30.0,2,245.72
p1_W_E.383,1654.0,179.3,68.0,7,508.97
p2_S1_N1.2,1820.0,51.52,26.0,1,246.36
p1_S1_E.57,1713.0,138.18,69.0,5,451.94
p1_S1_E.58,1743.0,100.64,46.0,4,399.61
p2_S1_N1.3,1830.0,35.96,19.0,1,202.61
p2_S1_N1.4,1840.0,30.94,14.0,1,212.14
p2_E_W.1,1806.0,51.68,28.0,3,309.05
p1_W_E.384,1657.0,177.58,72.0,9,516.2
p1_W_E.385,1660.0,199.98,68.0,7,529.46
p1_W_E.386,1663.0,186.45,63.0,7,530.35
p1_W_E.387,1666.0,192.28,60.0,8,547.08
p2_N2_S2.5,1850.0,36.32,26.0,1,211.43
p1_W_E.388,1669.0,183.33,64.0,7,536.76
p2_S2_N2.3,1830.0,56.99,36.0,3,248.55
p2_N2_S2.6,1860.0,28.62,18.0,1,205.85
p1_W_E.389,1672.0,195.45,58.0,7,549.49
p2_E_W.2,1809.0,36.15,18.0,2,254.71
p2_N2_S2.7,1870.0,20.55,9.0,1,191.14
p2_E_W.3,1812.0,58.29,17.0,2,290.27
p2_N2_S2.8,1880.0,12.4,0.0,0,178.39
p2_E_W.4,1815.0,55.43,16.0,2,307.23
p2_E_W.5,1818.0,46.39,14.0,2,301.17
p2_N2_S2.9,1890.0,5.83,0.0,0,157.61
p2_E_W.6,1821.0,53.05,13.0,2,310.0
p2_E_W.7,1824.0,47.84,11.0,2,317.19
p2_S2_W.0,1803.0,75.97,42.0,3,353.78
p2_E_W.8,1827.0,49.76,22.0,2,325.34
p2_E_W.9,1830.0,53.03,20.0,2,332.15
p1_W_E.390,1675.0,208.82,70.0,9,545.78
p2_E_W.10,1833.0,48.37,19.0,2,322.24
p1_W_S2.39,1678.0,203.61,66.0,7,538.99
p1_W_E.391,1691.0,196.94,65.0,8,529.13
p1_W_E.392,1695.0,194.59,61.0,7,535.79
p2_E_S1.1,1836.0,50.83,19.0,3,318.26
p2_N1_S1.4,1840.0,72.63,46.0,4,274.74
p1_S1_E.59,1773.0,118.21,53.0,6,422.53
p2_S1_N1.5,1850.0,63.08,39.0,3,267.04
p2_N1_S1.5,1850.0,64.34,37.0,4,256.7
p2_S1_N1.6,1860.0,54.84,30.0,3,251.9
p2_N1_E.0,1803.0,87.24,32.0,5,375.47
p2_N1_S1.6,1860.0,56.29,29.0,2,249.37
p1_W_E.393,1698.0,198.79,72.0,9,562.08
p2_S1_N1.7,1870.0,45.22,27.0,2,224.74
p1_W_E.394,1701.0,197.49,70.0,8,563.67
p2_S1_N1.8,1880.0,39.85,22.0,1,223.64
p1_W_E.395,1704.0,196.28,75.0,8,559.58
p1_W_E.396,1707.0,194.92,71.0,9,543.66
p2_E_W.11,1839.0,63.15,30.0,3,324.78
p1_W_E.397,1710.0,188.49,67.0,7,538.57
p1_W_E.398,1713.0,194.03,64.0,8,539.05
p2_N2_S2.10,1900.0,32.9,20.0,1,205.14
p2_S2_N2.4,1840.0,88.61,62.0,3,301.62
p2_E_W.12,1842.0,48.36,19.0,3,301.21
p2_S2_N2.5,1850.0,87.03,61.0,3,293.0
p2_S2_N2.6,1860.0,78.62,54.0,3,292.91
p2_E_W.13,1845.0,72.47,15.0,3,339.69
p2_N2_S2.11,1910.0,20.67,8.0,1,185.41
p2_E_W.14,1848.0,62.78,16.0,3,351.76
p2_N2_S2.12,1920.0,18.36,3.0,1,190.02
p2_E_W.15,1851.0,70.14,15.0,3,358.81
p2_N2_S2.13,1930.0,13.13,0.0,0,188.0
p2_E_W.16,1854.0,68.85,14.0,2,349.32
p2_E_W.17,1857.0,67.5,10.0,2,362.27
p2_S2_N2.7,1870.0,74.23,43.0,3,276.16
p2_E_W.18,1860.0,66.34,10.0,2,352.8
p2_S2_W.1,1833.0,94.32,49.0,5,396.71
p1_W_E.399,1716.0,213.04,77.0,8,598.88
p2_E_W.19,1863.0,65.97,26.0,2,358.47
p2_E_W.20,1866.0,65.35,25.0,3,355.04
p2_E_S1.2,1869.0,63.13,24.0,3,348.58
p1_W_S2.40,1738.0,195.28,69.0,8,527.59
p2_N1_S1.7,1870.0,86.42,56.0,4,293.63
p2_S1_N1.9,1890.0,66.67,43.0,4,266.26
p1_W_E.400,1719.0,203.03,77.0,8,565.35
p2_N1_S1.8,1880.0,77.45,53.0,4,279.4
p1_W_E.401,1741.0,188.6,65.0,8,530.29
p2_S1_N1.10,1900.0,57.68,31.0,2,258.82
p2_N1_E.1,1833.0,106.26,48.0,4,411.16
p2_N1_S1.9,1890.0,71.31,47.0,4,270.14
p2_S1_N1.11,1910.0,51.53,26.0,1,246.16
p1_W_E.402,1744.0,195.37,74.0,7,543.16
p2_S1_N1.12,1920.0,43.22,26.0,1,228.56
p2_S1_N1.13,1930.0,35.07,20.0,1,220.14
p1_W_E.403,1746.0,187.15,71.0,8,538.01
p2_S1_N1.14,1940.0,26.68,10.0,1,210.32
p1_W_E.404,1749.0,187.09,64.0,8,542.49
p1_W_E.405,1752.0,196.1,63.0,7,528.15
p1_W_E.406,1755.0,185.21,64.0,9,527.26
p2_E_W.21,1872.0,79.08,35.0,4,367.99
p1_W_E.407,1758.0,188.35,62.0,8,537.91
p1_W_E.408,1761.0,192.57,61.0,9,532.23
p2_E_W.22,1875.0,78.3,31.0,4,370.4
p2_E_W.23,1878.0,77.09,28.0,3,360.34
p1_W_E.409,1764.0,191.02,60.0,9,531.71
p2_E_W.24,1881.0,75.94,29.0,3,362.49
p2_E_W.25,1884.0,71.78,28.0,3,345.84
p2_S2_N2.8,1880.0,95.74,61.0,4,313.04
p2_S2_N2.9,1890.0,93.55,57.0,3,313.21
p2_N2_S2.14,1940.0,34.28,23.0,1,204.91
p2_E_W.26,1887.0,66.88,26.0,4,317.92
p2_N2_S2.15,1950.0,36.29,19.0,1,221.9
p2_E_W.27,1890.0,76.6,24.0,4,335.36
p2_N2_S2.16,1960.0,28.02,11.0,1,221.1
p2_N2_S2.17,1970.0,19.74,2.0,1,215.18
p2_E_W.28,1893.0,75.35,24.0,3,343.04
p2_E_W.29,1896.0,74.14,20.0,3,337.87
p2_N2_S2.18,1980.0,10.24,0.0,0,190.65
p2_S2_W.2,1863.0,103.8,59.0,4,391.56
p1_W_E.410,1767.0,207.78,71.0,8,553.79
p2_E_W.30,1899.0,62.65,32.0,3,330.83
p1_W_S2.41,1783.0,191.37,67.0,7,539.04
p2_E_S1.3,1902.0,76.71,34.0,4,366.05
p1_W_E.411,1786.0,187.25,69.0,7,522.1
p2_N1_E.2,1863.0,119.57,53.0,5,425.17
p2_N1_S1.10,1900.0,102.38,65.0,6,313.76
p1_W_E.412,1790.0,195.05,73.0,7,539.75
p2_N1_S1.11,1910.0,96.64,57.0,5,324.74
p1_W_E.413,1793.0,193.81,69.0,9,544.02
p2_N1_S1.12,1920.0,88.36,49.0,3,297.92
p1_W_E.414,1796.0,188.94,64.0,7,546.05
p1_W_E.415,1799.0,191.38,61.0,7,555.03
p2_S1_N1.15,1950.0,46.7,27.0,2,233.02
p1_W_E.416,1802.0,190.09,61.0,7,538.91
p2_S1_N1.16,1960.0,48.83,27.0,1,242.7
p1_W_E.417,1805.0,185.58,60.0,9,523.02
p2_S1_N1.17,1970.0,44.54,22.0,2,234.86
p1_W_E.418,1808.0,187.75,55.0,8,535.44
p2_S1_N1.18,1980.0,36.99,14.0,2,229.81
p2_E_W.31,1905.0,91.33,45.0,4,383.72
p1_W_E.419,1811.0,186.54,55.0,9,549.02
p2_E_W.32,1908.0,90.13,41.0,4,382.33
p2_S1_N1.19,1990.0,28.85,5.0,2,216.52
p1_W_E.420,1814.0,185.22,51.0,7,527.35
p2_E_W.33,1911.0,89.13,39.0,5,385.01
p2_E_W.34,1914.0,88.07,36.0,4,380.89
p2_N2_S2.19,1990.0,34.98,25.0,1,210.27
p2_S2_N2.10,1900.0,121.98,86.0,5,340.61
p2_E_W.35,1917.0,81.93,34.0,4,361.03
p2_N2_S2.20,2000.0,23.94,13.0,1,191.36
p2_E_W.36,1920.0,88.67,33.0,4,374.58
p2_S2_N2.11,1910.0,113.1,79.0,4,322.5
p2_N2_S2.21,2010.0,20.92,6.0,1,203.79
p2_E_W.37,1923.0,87.5,30.0,4,378.07
p2_S2_N2.12,1920.0,112.11,71.0,4,345.18
p2_E_W.38,1926.0,75.54,26.0,3,341.07
p2_N2_S2.22,2020.0,5.97,0.0,0,147.53
p2_E_W.39,1929.0,87.43,22.0,3,360.9
p2_N2_S2.23,2030.0,8.41,0.0,0,157.2
p2_E_W.40,1932.0,86.09,23.0,3,367.66
p2_S2_W.3,1893.0,118.4,66.0,5,420.02
p1_W_S2.42,1829.0,191.66,64.0,7,544.6
p1_W_E.421,1833.0,189.4,63.0,7,532.1
p2_N1_E.3,1893.0,131.77,68.0,6,449.83
p1_W_E.422,1836.0,191.63,72.0,7,547.0
p1_W_E.423,1838.0,191.22,70.0,6,552.73
p2_E_S1.4,1935.0,83.32,39.0,4,376.26
p1_W_E.424,1841.0,190.02,66.0,7,542.47
p2_N1_S1.13,1930.0,122.77,77.0,7,346.49
p1_W_E.425,1844.0,189.14,68.0,7,529.51
p2_N1_S1.14,1940.0,114.43,70.0,5,350.28
p2_S1_N1.20,2000.0,45.8,29.0,2,231.12
p2_S1_N1.21,2010.0,45.76,27.0,2,226.58
p2_N1_S1.15,1950.0,106.31,56.0,5,330.53
p2_S1_N1.22,2020.0,37.42,16.0,1,219.83
p1_W_E.426,1848.0,180.41,63.0,6,524.75
p2_S1_N1.23,2030.0,20.17,4.0,1,189.0
p1_W_E.427,1851.0,188.82,61.0,8,537.55
p2_S1_N1.24,2040.0,17.14,0.0,0,195.35
p1_W_E.428,1854.0,188.4,59.0,8,525.79
p2_E_W.41,1938.0,104.27,47.0,5,413.39
p1_W_E.429,1857.0,174.58,57.0,7,502.28
p1_W_E.430,1860.0,188.65,54.0,9,520.77
p2_E_W.42,1941.0,94.86,45.0,5,382.83
p2_N2_S2.24,2040.0,30.4,19.0,1,205.59
p2_S2_N2.13,1930.0,139.48,91.0,5,373.73
p2_E_W.43,1944.0,106.38,44.0,6,396.49
p2_E_W.44,1947.0,105.14,40.0,5,407.7
p2_S2_N2.14,1940.0,132.39,78.0,5,364.33
p2_N2_S2.25,2050.0,18.89,7.0,1,187.57
p2_E_W.45,1950.0,94.06,36.0,5,377.98
p2_E_W.46,1953.0,102.98,35.0,4,401.07
p2_N2_S2.26,2060.0,17.42,2.0,1,191.41
p2_S2_N2.15,1950.0,121.05,75.0,4,333.54
p2_E_W.47,1956.0,101.68,35.0,5,425.9
p2_N2_S2.27,2070.0,6.0,0.0,0,148.78
p2_E_W.48,1959.0,100.42,32.0,5,435.11
p2_E_W.49,1962.0,99.05,31.0,4,417.5
p2_E_W.50,1965.0,96.29,31.0,4,407.3
p2_S2_N2.16,1960.0,121.96,71.0,5,341.06
p1_W_S2.43,1863.0,202.16,68.0,8,537.3
p1_W_E.431,1875.0,193.87,64.0,8,532.6
p2_N1_E.4,1923.0,147.33,76.0,6,472.2
p2_S1_N1.25,2050.0,42.38,28.0,1,231.97
p2_E_S1.5,1968.0,94.56,31.0,4,398.31
p1_W_E.432,1879.0,194.35,76.0,7,538.05
p2_N1_S1.16,1960.0,134.89,78.0,5,372.27
p2_S1_N1.26,2060.0,32.96,20.0,1,208.96
p1_W_E.433,1882.0,193.13,73.0,8,544.95
p2_N1_S1.17,1970.0,126.51,70.0,3,355.67
p2_S1_N1.27,2070.0,26.16,14.0,1,196.68
p1_W_E.434,1885.0,191.96,68.0,7,542.48
p2_N1_S1.18,1980.0,114.86,72.0,3,342.71
p2_S1_N1.28,2080.0,19.21,6.0,1,191.93
p1_W_E.435,1888.0,190.75,68.0,8,529.32
p2_S1_N1.29,2090.0,6.25,0.0,0,144.53
p2_E_W.51,1971.0,117.12,44.0,5,424.23
p1_W_E.436,1891.0,175.06,63.0,8,514.38
p2_S2_W.4,1923.0,160.82,93.0,7,479.44
p1_W_E.437,1894.0,199.21,61.0,7,536.01
p2_E_W.52,1974.0,120.65,56.0,5,443.46
p2_S2_N2.17,1970.0,146.76,91.0,5,385.04
p2_N2_S2.28,2080.0,36.33,26.0,1,213.81
p1_W_E.438,1897.0,174.72,59.0,9,506.55
p1_W_E.439,1900.0,197.1,58.0,7,513.86
p2_E_W.53,1978.0,118.28,53.0,5,437.07
p2_E_W.54,1981.0,117.05,50.0,5,430.29
p2_N2_S2.29,2090.0,28.97,17.0,1,197.14
p1_W_E.440,1903.0,195.71,53.0,10,532.81
p2_E_W.55,1984.0,115.78,49.0,6,434.78
p2_N2_S2.30,2100.0,21.18,8.0,1,194.35
p2_E_W.56,1987.0,114.54,43.0,5,441.39
p2_N2_S2.31,2110.0,13.05,0.0,0,184.81
p2_E_W.57,1990.0,113.3,42.0,4,431.2
p2_E_W.58,1993.0,110.09,42.0,5,427.32
p2_S2_N2.18,1980.0,131.83,75.0,5,354.4
p2_E_W.59,1996.0,110.9,39.0,4,428.35
p2_E_W.60,1999.0,106.2,36.0,4,397.51
p2_N2_S2.32,2120.0,5.77,0.0,0,155.72
p2_E_S1.6,2002.0,110.42,38.0,5,418.77
p1_W_S2.44,1922.0,190.63,64.0,8,520.86
p2_N1_S1.19,1990.0,147.11,98.0,4,388.17
p2_S1_N1.30,2100.0,36.94,25.0,1,217.19
p1_W_E.441,1925.0,188.7,60.0,7,531.79
p1_W_E.442,1928.0,189.98,57.0,7,532.37
p2_S1_N1.31,2110.0,29.47,17.0,1,205.58
p2_N1_S1.20,2000.0,139.19,85.0,4,376.96
p2_N1_E.5,1953.0,166.15,83.0,7,506.66
p2_N1_S1.21,2010.0,128.85,72.0,3,355.86
p1_W_E.443,1931.0,179.45,70.0,7,519.63
p2_S1_N1.32,2120.0,13.04,0.0,0,178.36
p1_W_E.444,1934.0,178.4,66.0,8,503.13
p2_S1_N1.33,2130.0,20.95,0.0,0,206.3
p1_W_E.445,1937.0,187.41,63.0,8,540.13
p2_S1_N1.34,2140.0,12.61,0.0,0,176.51
p1_W_E.446,1940.0,192.99,61.0,8,527.36
p1_W_E.447,1943.0,183.31,59.0,9,515.63
p1_W_E.448,1946.0,190.59,58.0,9,531.51
p1_W_E.449,1949.0,170.22,53.0,8,481.83
p1_W_E.450,1967.0,175.46,49.0,8,491.3
p2_E_W.61,2005.0,115.62,50.0,5,415.91
p2_E_W.62,2008.0,136.03,50.0,5,432.66
p2_N2_S2.33,2130.0,30.32,19.0,1,201.09
p2_S2_N2.19,1990.0,168.45,103.0,6,414.77
p2_N2_S2.34,2140.0,21.91,9.0,1,192.29
p2_S2_W.5,1953.0,173.69,97.0,8,505.06
p2_E_W.63,2011.0,137.03,55.0,5,459.61
p2_S2_N2.20,2000.0,166.51,100.0,5,410.99
p2_N2_S2.35,2150.0,19.42,4.0,1,204.87
p2_E_W.64,2014.0,134.31,55.0,5,458.63
p2_S2_N2.21,2010.0,159.92,95.0,5,403.34
p2_N2_S2.36,2160.0,11.09,0.0,0,180.84
p2_S2_N2.22,2020.0,152.56,89.0,5,389.09
p2_E_W.65,2017.0,134.52,50.0,5,450.78
p2_S2_N2.23,2030.0,144.29,77.0,5,373.27
p2_E_W.66,2020.0,133.33,47.0,5,453.95
p2_E_W.67,2023.0,115.53,47.0,5,413.87
p1_W_S2.45,1970.0,188.66,68.0,9,529.86
p2_E_W.68,2026.0,109.71,47.0,5,398.94
p2_E_S1.7,2035.0,123.03,44.0,6,429.96
p2_E_W.69,2029.0,123.09,47.0,6,409.26
p2_E_W.70,2032.0,130.13,44.0,6,428.66
p2_N1_S1.22,2020.0,163.19,100.0,5,412.04
p2_N1_S1.23,2030.0,155.54,96.0,6,398.64
p2_S1_N1.35,2150.0,35.59,24.0,1,208.72
p1_W_E.451,1973.0,181.42,63.0,7,522.96
p2_N1_S1.24,2040.0,147.64,92.0,6,382.81
p2_S1_N1.36,2160.0,27.73,13.0,1,201.68
p2_S1_N1.37,2170.0,18.04,5.0,1,187.95
p2_S1_N1.38,2180.0,9.04,0.0,0,163.88
p1_W_E.452,1976.0,169.5,59.0,7,513.99
p2_S1_N1.39,2190.0,5.84,0.0,0,152.31
p2_N1_E.6,1983.0,188.36,95.0,7,518.58
p1_W_E.453,1979.0,183.58,69.0,8,536.54
p1_W_E.454,1982.0,197.72,69.0,9,527.24
p1_W_E.455,1985.0,193.75,61.0,8,524.07
p2_E_W.71,2038.0,140.15,56.0,6,456.56
p1_W_E.456,1988.0,195.82,61.0,7,535.31
p1_W_E.457,1991.0,194.46,58.0,7,527.31
p2_E_W.72,2041.0,138.29,57.0,6,454.39
p2_E_W.73,2044.0,143.14,56.0,6,482.26
p2_S2_N2.24,2040.0,168.56,101.0,6,410.72
p1_W_E.458,1994.0,193.26,56.0,8,521.13
p1_W_E.459,1997.0,185.76,56.0,9,499.78
p2_N2_S2.37,2170.0,36.78,25.0,1,213.69
p2_S2_W.6,1983.0,198.65,103.0,7,548.72
p1_W_E.460,2013.0,169.14,52.0,7,497.61
p2_N2_S2.38,2180.0,29.8,18.0,1,202.76
p2_E_W.74,2047.0,141.9,62.0,6,491.72
p2_E_W.75,2050.0,143.07,58.0,5,499.49
p2_N2_S2.39,2190.0,24.12,11.0,1,195.14
p2_E_W.76,2053.0,139.9,54.0,5,484.98
p2_N2_S2.40,2200.0,10.78,0.0,0,177.89
p2_E_W.77,2056.0,140.68,50.0,5,479.24
p2_N2_S2.41,2210.0,8.75,0.0,0,167.5
p2_E_W.78,2059.0,139.5,50.0,5,490.34
p2_E_W.79,2062.0,138.25,47.0,5,485.11
p2_S2_N2.25,2050.0,172.19,96.0,7,410.31
p1_W_S2.46,2016.0,186.44,66.0,9,501.26
p1_W_E.461,2020.0,187.22,63.0,8,507.2
p2_E_W.80,2065.0,123.37,45.0,5,431.59
p1_W_E.462,2023.0,185.94,61.0,9,527.66
p2_E_S1.8,2068.0,141.23,47.0,6,453.02
p2_N1_E.7,2012.0,198.49,99.0,9,548.28
p1_W_E.463,2026.0,186.84,72.0,7,535.14
p2_N1_S1.25,2050.0,183.1,117.0,10,437.14
p2_S1_N1.40,2200.0,32.94,17.0,1,209.14
p2_S1_N1.41,2210.0,25.33,11.0,2,199.48
p1_W_E.464,2029.0,185.74,69.0,8,528.93
p2_N1_S1.26,2060.0,176.17,106.0,8,432.22
p1_W_E.465,2032.0,184.65,66.0,7,529.98
p2_N1_S1.27,2070.0,167.87,95.0,6,422.07
p2_S1_N1.42,2220.0,16.73,3.0,2,186.1
p1_W_E.466,2035.0,183.4,62.0,8,532.37
p2_S1_N1.43,2230.0,8.43,0.0,0,156.6
p1_W_E.467,2038.0,179.84,57.0,7,516.41
p2_E_W.81,2071.0,154.78,54.0,7,471.64
p2_E_W.82,2074.0,153.81,55.0,9,465.31
p1_W_E.468,2041.0,169.27,56.0,7,504.1
p2_E_W.83,2078.0,151.25,47.0,6,449.32
p1_W_E.469,2044.0,182.84,56.0,8,517.25
p2_E_W.84,2081.0,151.1,49.0,7,466.58
p1_W_E.470,2059.0,174.49,51.0,6,480.98
p2_S2_W.7,2013.0,219.02,117.0,10,573.98
p2_S2_N2.26,2060.0,192.57,116.0,7,442.4
p2_E_W.85,2084.0,151.69,58.0,8,483.39
p2_S2_N2.27,2070.0,188.24,117.0,7,446.72
p2_N2_S2.42,2220.0,29.64,18.0,1,202.16
p2_E_W.86,2087.0,146.12,55.0,6,471.59
p2_N2_S2.43,2230.0,31.12,14.0,1,210.06
p2_E_W.87,2090.0,151.11,53.0,6,488.71
p2_N2_S2.44,2240.0,17.43,4.0,1,195.89
p2_E_W.88,2093.0,149.85,45.0,6,488.14
p2_N2_S2.45,2250.0,14.67,0.0,0,195.66
p2_E_W.89,2096.0,148.63,42.0,6,494.29
p2_S2_N2.28,2080.0,186.16,106.0,7,442.3
p2_N2_S2.46,2260.0,6.07,0.0,0,149.05
p2_E_W.90,2099.0,147.4,42.0,6,482.63
p1_W_S2.47,2062.0,184.97,66.0,7,525.82
p1_W_E.471,2066.0,184.66,66.0,7,525.17
p2_E_S1.9,2102.0,152.95,42.0,8,490.38
p1_W_E.472,2069.0,180.94,58.0,8,517.55
p2_S1_N1.44,2240.0,39.91,26.0,2,222.73
p1_W_E.473,2072.0,184.54,54.0,8,537.24
p2_N1_S1.28,2080.0,197.42,121.0,7,458.28
p2_S1_N1.45,2250.0,31.78,18.0,2,210.46
p2_N1_S1.29,2090.0,194.2,121.0,7,456.44
p2_S1_N1.46,2260.0,24.14,9.0,2,196.59
p2_N1_S1.30,2100.0,184.22,113.0,8,446.5
p2_S1_N1.47,2270.0,15.96,0.0,0,179.57
p2_N1_E.8,2043.0,202.32,115.0,9,535.49
p2_S1_N1.48,2280.0,5.93,0.0,0,150.05
p1_W_E.474,2075.0,195.67,66.0,8,545.14
p1_W_E.475,2078.0,194.29,63.0,9,545.82
p2_E_W.91,2105.0,167.64,50.0,8,510.69
p1_W_E.476,2081.0,193.02,58.0,7,535.36
p2_E_W.92,2108.0,166.53,48.0,7,500.84
p1_W_E.477,2084.0,189.32,54.0,7,545.77
p2_E_W.93,2111.0,165.35,43.0,6,497.22
p1_W_E.478,2087.0,190.41,57.0,8,544.14
p2_S2_N2.29,2090.0,210.33,121.0,7,482.92
p2_N2_S2.47,2270.0,30.43,19.0,1,206.97
p1_W_E.479,2090.0,188.43,53.0,6,530.73
p1_W_E.480,2104.0,171.97,54.0,6,520.43
p2_E_W.94,2114.0,159.55,42.0,8,486.56
p2_S2_N2.30,2100.0,202.59,114.0,6,451.64
p2_S2_W.8,2043.0,238.33,119.0,10,613.66
p2_E_W.95,2117.0,161.2,57.0,6,489.88
p2_E_W.96,2120.0,165.84,53.0,6,499.21
p2_N2_S2.48,2280.0,17.38,7.0,1,172.45
p2_E_W.97,2123.0,164.64,53.0,6,507.67
p2_N2_S2.49,2290.0,15.45,1.0,1,179.06
p2_E_W.98,2126.0,161.37,48.0,6,496.0
p2_N2_S2.50,2300.0,11.03,0.0,0,164.28
p2_S2_N2.31,2110.0,198.36,109.0,5,444.06
p1_W_S2.48,2107.0,188.52,68.0,7,522.28
p2_E_W.99,2129.0,149.36,46.0,7,473.3
p1_W_E.481,2110.0,189.51,69.0,7,521.18
p2_E_W.100,2132.0,149.88,44.0,8,463.93
p2_E_S1.10,2135.0,165.8,43.0,8,490.93
p1_W_E.482,2113.0,184.94,65.0,6,526.84
p1_W_E.483,2116.0,188.16,62.0,7,542.81
p2_S1_N1.49,2290.0,35.55,22.0,2,213.57
p2_N1_E.9,2073.0,227.57,119.0,8,594.55
p2_N1_S1.31,2110.0,210.61,121.0,9,485.98
p1_W_E.484,2119.0,181.87,67.0,8,530.8
p2_N1_S1.32,2120.0,211.65,119.0,8,483.39
p1_W_E.485,2122.0,189.34,63.0,7,532.16
p2_N1_S1.33,2130.0,203.33,117.0,10,466.16
p2_S1_N1.50,2300.0,23.18,10.0,2,193.77
p1_W_E.486,2125.0,188.18,63.0,7,523.55
p2_S1_N1.51,2310.0,24.63,3.0,2,196.51
p1_W_E.487,2128.0,186.79,63.0,7,529.08
p2_S1_N1.52,2320.0,15.23,0.0,0,193.74
p1_W_E.488,2131.0,185.55,58.0,6,522.41
p1_W_E.489,2134.0,184.25,57.0,7,532.05
p1_W_E.490,2138.0,180.72,56.0,6,535.66
p1_W_S2.49,2151.0,169.06,54.0,6,500.97
p2_E_W.101,2138.0,176.02,53.0,9,505.34
p2_E_W.102,2141.0,170.93,55.0,11,493.09
p2_N2_S2.51,2310.0,36.61,25.0,1,224.37
p2_E_W.103,2144.0,180.26,51.0,8,519.83
p2_N2_S2.52,2320.0,28.5,16.0,1,202.31
p2_E_W.104,2147.0,181.3,49.0,7,523.79
p2_S2_N2.32,2120.0,223.81,132.0,6,497.47
p2_S2_W.9,2073.0,256.57,133.0,11,644.45
p2_S2_N2.33,2130.0,221.63,123.0,6,501.41
p2_E_W.105,2150.0,168.08,62.0,8,507.41
p2_E_W.106,2153.0,182.11,53.0,8,517.48
p2_N2_S2.53,2330.0,15.89,3.0,1,177.75
p2_N2_S2.54,2340.0,17.9,1.0,1,188.37
p2_E_W.107,2156.0,165.42,54.0,8,489.93
p2_E_W.108,2159.0,173.37,54.0,7,497.44
p2_S2_N2.34,2140.0,214.65,113.0,7,469.82
p2_E_W.109,2162.0,179.34,52.0,6,510.52
p2_E_W.110,2165.0,178.58,52.0,6,502.54
p2_E_S1.11,2177.0,167.9,51.0,7,508.28
p1_W_E.491,2154.0,177.09,67.0,7,519.79
p2_S1_N1.53,2330.0,41.66,26.0,2,224.52
p2_N1_S1.34,2140.0,232.13,141.0,9,513.9
p1_W_E.492,2157.0,191.96,67.0,8,543.38
p2_S1_N1.54,2340.0,33.61,18.0,2,208.64
p1_W_E.493,2160.0,191.06,64.0,7,547.78
p2_S1_N1.55,2350.0,25.76,10.0,1,201.32
p2_N1_E.10,2103.0,239.02,128.0,10,624.46
p2_N1_S1.35,2150.0,221.64,127.0,8,492.6
p1_W_E.494,2163.0,193.15,70.0,9,555.84
p2_N1_S1.36,2160.0,217.98,122.0,9,497.38
p1_W_E.495,2166.0,182.19,66.0,7,548.18
p2_S1_N1.56,2360.0,16.01,0.0,0,182.94
p1_W_E.496,2169.0,191.62,68.0,8,548.95
p2_S1_N1.57,2370.0,10.84,0.0,0,173.05
p1_W_E.497,2172.0,190.39,65.0,8,544.47
p1_W_E.498,2175.0,189.11,62.0,8,543.29
p2_E_W.111,2180.0,184.85,62.0,11,523.64
p1_W_E.499,2178.0,186.66,61.0,7,532.28
p1_W_S2.50,2197.0,169.5,55.0,6,472.24
p2_E_W.112,2183.0,182.2,58.0,8,517.12
p2_E_W.113,2186.0,183.71,54.0,9,520.84
p2_E_W.114,2189.0,182.61,52.0,10,532.0
p1_W_E.500,2182.0,164.88,61.0,8,476.7
p2_S2_W.10,2103.0,269.28,130.0,10,641.72
p2_E_W.115,2192.0,182.98,65.0,8,524.24
p2_S2_N2.35,2150.0,239.96,138.0,7,502.41
p2_S2_N2.36,2160.0,235.62,136.0,7,502.72
p2_N2_S2.55,2350.0,37.6,27.0,1,213.47
p2_E_W.116,2195.0,181.81,59.0,7,511.94
p2_N2_S2.56,2360.0,33.71,21.0,1,207.09
p2_E_W.117,2198.0,180.49,54.0,7,520.95
p2_N2_S2.57,2370.0,30.58,16.0,1,219.57
p2_E_W.118,2201.0,178.33,54.0,10,507.43
p2_N2_S2.58,2380.0,14.41,3.0,1,174.08
p2_E_W.119,2204.0,174.7,53.0,9,495.48
p2_N2_S2.59,2390.0,10.69,0.0,0,171.64
p2_S2_N2.37,2170.0,236.35,129.0,7,502.04
p2_E_W.120,2207.0,178.37,51.0,8,504.49
p1_W_E.501,2200.0,188.64,68.0,7,522.05
p2_E_S1.12,2210.0,179.93,49.0,10,516.95
p1_W_E.502,2203.0,187.05,64.0,7,516.27
p1_W_E.503,2206.0,187.11,60.0,7,506.89
p2_N1_S1.37,2170.0,244.19,142.0,8,526.68
p2_S1_N1.58,2380.0,34.34,23.0,1,215.17
p2_N1_E.11,2133.0,261.22,135.0,10,629.97
p2_N1_S1.38,2180.0,235.74,137.0,6,518.14
p2_S1_N1.59,2390.0,26.38,15.0,1,195.3
p1_W_E.504,2209.0,187.93,71.0,8,526.1
p2_N1_S1.39,2190.0,228.06,132.0,6,505.21
p2_S1_N1.60,2400.0,16.34,3.0,1,183.36
p2_S1_N1.61,2410.0,13.08,0.0,0,186.47
p2_S1_N1.62,2420.0,5.46,0.0,0,145.29
p2_N1_S1.40,2200.0,225.95,125.0,8,499.85
p1_W_E.505,2212.0,174.95,70.0,8,507.95
p1_W_E.506,2215.0,190.35,66.0,8,526.42
p1_W_E.507,2218.0,186.11,60.0,8,520.36
p2_E_W.121,2222.0,187.99,59.0,7,518.79
p1_W_E.508,2221.0,189.0,58.0,8,534.65
p1_W_S2.51,2243.0,168.42,53.0,6,499.54
p2_E_W.122,2226.0,186.05,59.0,7,521.04
p1_W_E.509,2224.0,188.9,60.0,8,523.38
p1_W_E.510,2226.0,188.56,59.0,8,546.93
p2_E_W.123,2229.0,182.43,58.0,7,511.17
p2_E_W.124,2232.0,180.21,56.0,8,506.73
p2_S2_W.11,2133.0,285.36,140.0,10,673.41
p2_S2_N2.38,2180.0,256.68,150.0,8,532.39
p2_S2_N2.39,2190.0,251.54,136.0,8,531.27
p2_E_W.125,2235.0,179.12,68.0,7,510.73
p2_N2_S2.60,2400.0,32.5,23.0,1,208.01
p2_E_W.126,2238.0,182.43,64.0,8,531.05
p2_N2_S2.61,2410.0,36.23,19.0,1,223.49
p2_E_W.127,2241.0,185.13,61.0,6,528.19
p2_N2_S2.62,2420.0,27.41,10.0,1,212.95
p2_E_W.128,2244.0,182.24,57.0,7,521.16
p2_N2_S2.63,2430.0,18.54,1.0,1,208.32
p2_E_W.129,2247.0,177.12,54.0,8,512.25
p2_N2_S2.64,2440.0,11.7,0.0,0,171.97
p2_E_W.130,2250.0,181.48,53.0,7,521.38
p2_S2_N2.40,2200.0,249.35,134.0,8,508.35
p1_W_E.511,2246.0,187.79,70.0,7,532.91
p1_W_E.512,2249.0,186.85,68.0,7,536.59
p1_W_E.513,2252.0,187.88,66.0,7,529.72
p2_E_S1.13,2253.0,186.32,51.0,8,526.37
p2_N1_E.12,2163.0,278.03,141.0,10,684.98
p2_N1_S1.41,2210.0,254.18,145.0,8,535.9
p2_S1_N1.63,2430.0,34.15,20.0,2,211.48
p1_W_E.514,2255.0,188.54,73.0,7,552.07
p1_W_E.515,2258.0,187.1,73.0,9,558.36
p1_W_E.516,2261.0,183.6,67.0,8,534.29
p2_N1_S1.42,2220.0,245.0,136.0,7,521.89
p1_W_E.517,2264.0,184.72,66.0,7,527.79
p1_W_E.518,2267.0,183.44,65.0,8,531.62
p1_W_E.519,2270.0,182.28,60.0,7,528.45
p2_S1_N1.64,2440.0,18.03,4.0,2,186.36
p1_W_E.520,2273.0,180.96,60.0,8,504.36
p2_S1_N1.65,2450.0,25.64,3.0,2,197.35
p2_S1_N1.66,2460.0,12.35,0.0,0,178.43
p2_E_W.131,2256.0,200.41,63.0,8,544.85
p1_W_S2.52,2276.0,180.74,56.0,7,529.24
p2_E_W.132,2268.0,190.03,62.0,9,523.78
p2_E_W.133,2272.0,181.99,57.0,10,514.61
p2_S2_N2.41,2210.0,274.9,155.0,9,559.38
p2_N2_S2.65,2450.0,33.65,23.0,1,204.12
p2_E_W.134,2275.0,190.5,49.0,7,516.9
p2_N2_S2.66,2460.0,26.93,14.0,1,205.39
p2_S2_W.12,2163.0,295.01,157.0,11,687.24
p2_N2_S2.67,2470.0,17.15,6.0,1,187.25
p2_E_W.135,2278.0,191.22,62.0,7,544.34
p2_E_W.136,2281.0,189.91,60.0,7,534.58
p2_N2_S2.68,2480.0,9.56,0.0,0,166.33
p2_S2_N2.42,2220.0,260.61,150.0,8,545.1
p2_E_W.137,2284.0,188.7,57.0,7,530.52
p2_E_W.138,2287.0,187.47,56.0,6,521.08
p2_S2_N2.43,2230.0,266.01,140.0,8,553.42
p2_E_W.139,2290.0,181.15,56.0,6,519.31
p2_N2_S2.69,2490.0,5.77,0.0,0,149.73
p2_E_W.140,2293.0,185.07,54.0,9,529.67
p1_W_E.521,2289.0,191.87,69.0,7,527.41
p2_E_S1.14,2296.0,187.96,55.0,8,524.38
p2_N1_S1.43,2230.0,278.11,167.0,8,586.38
p2_S1_N1.67,2470.0,38.9,24.0,2,217.26
p2_N1_S1.44,2240.0,269.92,164.0,8,577.44
p2_S1_N1.68,2480.0,30.57,16.0,1,206.27
p1_W_E.522,2292.0,180.38,70.0,9,514.28
p2_N1_S1.45,2250.0,262.08,155.0,7,556.34
p2_S1_N1.69,2490.0,22.34,7.0,1,198.31
p1_W_E.523,2296.0,195.27,65.0,7,516.18
p2_N1_E.13,2193.0,298.97,160.0,9,700.48
p2_S1_N1.70,2500.0,13.17,0.0,0,183.48
p1_W_E.524,2299.0,193.21,76.0,7,554.21
p1_W_E.525,2302.0,184.41,70.0,8,543.47
p1_W_E.526,2305.0,193.48,70.0,8,552.0
p2_S1_N1.71,2510.0,6.55,0.0,0,149.15
p1_W_E.527,2308.0,182.89,69.0,8,536.0
p1_W_E.528,2311.0,186.6,66.0,8,542.63
p1_W_E.529,2314.0,189.94,64.0,7,531.65
p1_W_S2.53,2320.0,183.55,58.0,8,514.53
p2_E_W.141,2299.0,201.67,66.0,9,555.51
p1_W_E.530,2317.0,188.68,58.0,8,525.69
p2_E_W.142,2313.0,190.6,61.0,8,536.51
p2_E_W.143,2316.0,192.48,59.0,8,542.51
p2_N2_S2.70,2500.0,30.25,21.0,1,204.28
p2_S2_N2.44,2240.0,289.12,159.0,9,573.87
p2_E_W.144,2319.0,191.23,61.0,7,542.31
p2_N2_S2.71,2510.0,22.49,10.0,1,197.11
p2_S2_W.13,2193.0,318.49,159.0,13,714.08
p2_S2_N2.45,2250.0,282.45,155.0,8,565.64
p2_E_W.145,2322.0,189.75,70.0,8,553.24
p2_N2_S2.72,2520.0,13.51,1.0,1,177.71
p2_S2_N2.46,2260.0,279.74,152.0,9,568.17
p2_E_W.146,2325.0,174.1,66.0,7,506.95
p2_E_W.147,2328.0,191.28,62.0,7,525.09
p1_W_E.531,2335.0,189.75,71.0,8,545.62
p2_S2_N2.47,2270.0,264.13,146.0,8,542.25
p2_N2_S2.73,2530.0,6.92,0.0,0,149.27
p1_W_E.532,2338.0,191.03,66.0,7,527.1
p2_E_W.148,2331.0,198.34,59.0,8,527.92
p2_E_W.149,2334.0,197.04,57.0,7,524.92
p1_W_E.533,2341.0,190.8,67.0,8,544.42
p2_E_W.150,2337.0,195.66,55.0,8,534.28
p1_W_E.534,2344.0,189.53,62.0,7,531.0
p2_E_S1.15,2340.0,188.88,55.0,8,519.56
p2_S1_N1.72,2520.0,36.58,23.0,2,218.61
p2_N1_S1.46,2260.0,297.97,176.0,10,625.58
p2_S1_N1.73,2530.0,28.48,13.0,2,213.74
p2_S1_N1.74,2540.0,20.41,5.0,2,189.23
p2_S1_N1.75,2550.0,12.3,0.0,0,179.22
p2_N1_E.14,2223.0,298.21,168.0,12,693.6
p1_W_E.535,2347.0,198.57,69.0,7,539.95
p2_N1_S1.47,2270.0,280.32,164.0,9,567.38
p1_W_E.536,2351.0,193.95,68.0,6,547.76
p2_N1_S1.48,2280.0,288.98,164.0,14,583.39
p1_W_E.537,2354.0,178.46,65.0,10,515.8
p1_W_E.538,2357.0,194.13,64.0,6,523.38
p2_E_W.151,2343.0,200.8,66.0,10,540.75
p1_W_E.539,2360.0,186.5,59.0,6,534.68
p1_W_S2.54,2366.0,181.37,55.0,9,520.23
p2_E_W.152,2360.0,184.55,57.0,8,507.05
p1_W_E.540,2363.0,191.78,57.0,7,542.67
p2_E_W.153,2363.0,191.47,57.0,8,532.42
p2_S2_N2.48,2280.0,296.49,170.0,9,609.8
p2_E_W.154,2367.0,186.15,51.0,7,526.57
p2_N2_S2.74,2540.0,37.1,27.0,1,214.34
p2_N2_S2.75,2550.0,26.52,14.0,1,197.85
p2_S2_W.14,2223.0,323.16,166.0,12,702.25
p2_N2_S2.76,2560.0,22.03,8.0,1,185.84
p2_N2_S2.77,2570.0,12.0,0.0,0,177.72
p2_E_W.155,2370.0,186.82,65.0,7,524.73
p2_N2_S2.78,2580.0,6.47,0.0,0,169.13
p2_E_W.156,2373.0,184.94,63.0,7,533.06
p2_E_W.157,2376.0,190.47,61.0,8,543.74
p2_E_W.158,2379.0,178.33,60.0,7,528.35
p2_E_W.159,2382.0,187.68,59.0,7,516.92
p1_W_E.541,2382.0,191.15,73.0,7,544.25
p2_E_W.160,2385.0,187.96,57.0,7,530.96
p1_W_E.542,2386.0,187.04,70.0,7,531.94
p1_W_E.543,2389.0,189.12,67.0,6,529.49
p1_W_E.544,2392.0,187.84,65.0,6,546.0
p2_S1_N1.76,2560.0,42.54,28.0,2,225.68
p2_N1_E.15,2253.0,326.7,179.0,12,732.59
p1_W_E.545,2395.0,188.41,69.0,6,548.0
p2_E_S1.16,2388.0,181.52,58.0,9,539.88
p2_N1_S1.49,2290.0,316.77,188.0,14,646.03
p2_S1_N1.77,2570.0,34.14,21.0,2,210.46
p2_S1_N1.78,2580.0,27.66,12.0,2,205.7
p1_W_E.546,2398.0,183.57,66.0,7,547.96
p2_N1_S1.50,2300.0,306.35,187.0,12,638.08
p1_W_E.547,2401.0,184.95,66.0,6,544.35
p2_S1_N1.79,2590.0,19.34,5.0,2,199.44
p2_N1_S1.51,2310.0,299.81,176.0,11,610.89
p1_W_E.548,2405.0,184.54,64.0,7,535.14
p1_W_E.549,2408.0,183.29,59.0,7,523.61
p1_W_E.550,2411.0,178.03,57.0,6,509.05
p2_E_W.161,2391.0,203.3,67.0,10,560.91
p1_W_S2.55,2414.0,181.53,55.0,7,517.23
p2_E_W.162,2407.0,184.49,63.0,8,523.34
p2_E_W.163,2410.0,187.43,64.0,10,526.93
p2_S2_N2.49,2290.0,332.28,191.0,11,651.07
p2_N2_S2.79,2590.0,32.3,23.0,1,212.06
p2_E_W.164,2413.0,189.45,57.0,10,542.97
p2_S2_N2.50,2300.0,324.18,181.0,9,624.98
p2_N2_S2.80,2600.0,24.18,12.0,1,199.24
p2_S2_W.15,2253.0,349.12,174.0,13,766.08
p2_S2_N2.51,2310.0,315.98,178.0,9,627.77
p2_E_W.165,2416.0,189.19,69.0,7,549.03
p2_N2_S2.81,2610.0,16.15,5.0,1,187.16
p2_E_W.166,2419.0,183.43,64.0,8,519.36
p2_N2_S2.82,2620.0,7.61,0.0,0,165.09
p2_E_W.167,2422.0,187.65,59.0,9,516.13
p2_E_W.168,2424.0,187.35,59.0,8,530.53
p2_E_W.169,2427.0,186.1,58.0,8,517.22
p2_E_W.170,2431.0,180.8,56.0,8,492.28
p2_S2_N2.52,2320.0,309.66,169.0,9,608.79
p1_W_E.551,2428.0,186.91,71.0,7,540.12
p2_S2_N2.53,2330.0,298.59,159.0,9,588.2
p1_W_E.552,2431.0,192.4,67.0,7,573.27
p1_W_E.553,2435.0,190.1,67.0,8,555.49
p1_W_E.554,2438.0,188.85,63.0,7,564.67
p2_E_S1.17,2434.0,184.63,56.0,9,521.34
p2_N1_S1.52,2320.0,329.77,188.0,13,649.51
p2_N1_S1.53,2330.0,321.58,184.0,12,644.04
p2_S1_N1.80,2600.0,43.24,28.0,2,231.16
p2_N1_S1.54,2340.0,313.29,179.0,10,629.46
p2_S1_N1.81,2610.0,40.5,23.0,1,218.97
p2_N1_E.16,2283.0,333.23,183.0,12,740.74
p1_W_E.555,2441.0,193.13,69.0,7,553.02
p2_S1_N1.82,2620.0,32.72,16.0,2,220.12
p1_W_E.556,2443.0,192.78,69.0,8,561.47
p2_S1_N1.83,2630.0,27.08,9.0,2,217.46
p1_W_E.557,2446.0,191.66,66.0,7,557.56
p2_S1_N1.84,2640.0,13.41,1.0,1,176.31
p1_W_E.558,2449.0,190.47,66.0,7,558.15
p1_W_E.559,2453.0,188.18,64.0,8,554.89
p2_E_W.171,2437.0,204.25,67.0,10,550.21
p1_W_E.560,2456.0,186.05,62.0,8,550.18
p2_E_W.172,2453.0,189.71,56.0,8,512.73
p2_E_W.173,2457.0,185.59,52.0,6,511.5
p2_S2_N2.54,2340.0,328.64,183.0,12,638.02
p1_W_S2.56,2459.0,174.4,58.0,8,517.17
p2_E_W.174,2460.0,188.11,50.0,6,520.77
p2_S2_W.16,2283.0,366.17,184.0,11,794.98
p2_N2_S2.83,2630.0,40.69,28.0,1,223.0
p2_E_W.175,2463.0,188.62,67.0,7,562.93
p2_N2_S2.84,2640.0,32.98,19.0,1,221.72
p2_N2_S2.85,2650.0,24.34,9.0,1,204.56
p2_N2_S2.86,2660.0,16.4,1.0,1,189.32
p2_E_W.176,2466.0,179.55,67.0,7,523.13
p2_E_W.177,2469.0,186.69,61.0,7,528.28
p2_N2_S2.87,2670.0,5.64,0.0,0,145.23
p2_E_W.178,2472.0,187.3,58.0,8,538.54
p2_E_W.179,2475.0,186.05,57.0,7,533.24
p2_E_W.180,2478.0,184.7,54.0,7,520.09
p1_W_E.561,2473.0,191.85,67.0,8,533.28
p1_W_E.562,2477.0,189.94,65.0,9,511.67
p2_E_S1.18,2481.0,182.79,54.0,9,524.59
p2_N1_S1.55,2350.0,345.15,196.0,10,686.83
p2_S1_N1.85,2650.0,41.51,28.0,2,224.41
p1_W_E.563,2480.0,179.7,62.0,8,515.03
p1_W_E.564,2483.0,186.23,62.0,13,534.66
p2_S1_N1.86,2660.0,33.98,17.0,2,210.2
p2_N1_E.17,2313.0,360.43,189.0,14,796.6
p2_N1_S1.56,2360.0,332.67,189.0,11,653.7
p2_S1_N1.87,2670.0,28.23,13.0,2,218.62
p1_W_E.565,2486.0,193.46,69.0,9,569.19
p2_N1_S1.57,2370.0,331.2,179.0,11,647.92
p1_W_E.566,2489.0,187.02,67.0,7,552.74
p1_W_E.567,2493.0,190.01,64.0,8,565.39
p2_S1_N1.88,2680.0,15.41,1.0,1,177.77
p1_W_E.568,2496.0,188.72,61.0,7,564.23
p2_S1_N1.89,2690.0,8.17,0.0,0,168.51
p2_E_W.181,2484.0,201.92,64.0,10,558.64
p1_W_E.569,2499.0,187.55,59.0,8,537.71
p1_W_S2.57,2505.0,182.34,55.0,8,514.84
p2_E_W.182,2498.0,190.05,54.0,7,526.2
p1_W_E.570,2502.0,186.32,58.0,8,544.55
p2_E_W.183,2501.0,189.49,53.0,7,525.19
p2_S2_N2.55,2350.0,364.03,202.0,11,696.98
p2_E_W.184,2504.0,188.53,48.0,7,517.32
p2_N2_S2.88,2680.0,34.48,25.0,1,216.9
p2_S2_W.17,2313.0,379.52,191.0,13,791.16
p2_S2_N2.56,2360.0,356.6,199.0,11,663.39
p2_N2_S2.89,2690.0,26.38,13.0,1,200.61
p2_E_W.185,2507.0,189.66,65.0,7,522.85
p2_S2_N2.57,2370.0,348.37,196.0,13,657.61
p2_N2_S2.90,2700.0,18.21,6.0,1,192.41
p2_N2_S2.91,2710.0,10.04,0.0,0,172.33
p2_E_W.186,2510.0,182.98,66.0,7,509.3
p2_E_W.187,2513.0,183.59,62.0,9,517.55
p2_E_W.188,2516.0,188.09,58.0,9,534.82
p2_S2_N2.58,2380.0,345.33,185.0,11,658.79
p2_N2_S2.92,2720.0,5.58,0.0,0,147.13
p2_E_W.189,2519.0,182.74,53.0,6,534.22
p2_S2_N2.59,2390.0,337.37,174.0,12,627.43
p2_E_W.190,2522.0,185.55,52.0,7,519.5
p1_W_E.571,2519.0,192.56,68.0,7,535.56
p1_W_E.572,2522.0,191.33,63.0,7,551.16
p1_W_E.573,2526.0,182.07,65.0,8,522.79
p2_E_S1.19,2525.0,184.43,52.0,8,529.97
p2_S1_N1.90,2700.0,40.87,26.0,2,222.75
p1_W_E.574,2529.0,192.34,58.0,8,534.62
p2_S1_N1.91,2710.0,33.15,18.0,2,209.64
p2_N1_E.18,2343.0,379.5,196.0,11,819.82
p1_W_E.575,2532.0,188.17,67.0,8,554.71
p2_S1_N1.92,2720.0,23.43,4.0,1,192.17
p1_W_E.576,2535.0,191.5,66.0,8,576.04
p2_S1_N1.93,2730.0,14.45,0.0,0,178.7
p1_W_E.577,2538.0,190.21,60.0,7,561.08
p1_W_E.578,2541.0,188.98,59.0,7,548.6
p2_N1_S1.58,2380.0,350.04,202.0,13,672.0
p1_W_E.579,2544.0,187.65,56.0,8,542.04
p2_E_W.191,2528.0,204.07,59.0,8,556.34
p2_N1_S1.59,2390.0,363.35,200.0,11,688.46
p1_W_E.580,2547.0,182.21,51.0,7,528.09
p2_N1_S1.60,2400.0,346.49,194.0,11,667.32
p1_W_S2.58,2550.0,183.06,53.0,8,510.89
p2_E_W.192,2544.0,185.23,57.0,8,534.62
p2_E_W.193,2547.0,187.19,52.0,8,554.72
p2_S2_N2.60,2400.0,360.28,191.0,10,682.9
p2_N2_S2.93,2730.0,31.18,19.0,1,209.13
p2_E_W.194,2550.0,190.61,51.0,9,557.46
p2_N2_S2.94,2740.0,22.86,10.0,1,194.11
p2_E_W.195,2553.0,189.4,47.0,7,555.8
p2_S2_W.18,2343.0,400.33,193.0,13,828.18
p2_N2_S2.95,2750.0,14.35,1.0,1,178.31
p2_E_W.196,2556.0,188.42,60.0,7,561.24
p2_N2_S2.96,2760.0,6.92,0.0,0,147.07
p2_E_W.197,2559.0,188.58,55.0,7,555.78
p2_E_W.198,2562.0,187.42,52.0,7,544.03
p2_E_W.199,2565.0,178.18,52.0,8,517.9
p2_S2_N2.61,2410.0,359.64,186.0,11,667.15
p2_E_W.200,2568.0,181.98,51.0,6,523.02
p2_E_S1.20,2571.0,181.72,47.0,8,518.27
p1_W_E.581,2553.0,202.1,68.0,10,541.04
p2_W_N1.0,2640.0,136.63,44.0,7,369.58
p1_W_E.582,2566.0,193.87,64.0,9,536.48
p2_N1_S1.61,2410.0,370.89,213.0,13,710.06
p2_S1_N1.94,2740.0,42.0,28.0,1,232.34
p1_W_E.583,2569.0,192.77,63.0,9,549.69
p2_N1_S1.62,2420.0,363.26,199.0,12,705.36
p2_S1_N1.95,2750.0,33.93,22.0,1,218.68
p1_W_E.584,2572.0,189.95,60.0,10,549.01
p2_N1_S1.63,2430.0,355.05,199.0,15,686.33
p2_N1_E.19,2373.0,391.44,199.0,12,819.91
p2_S1_N1.96,2760.0,25.39,13.0,1,205.26
p2_S1_N1.97,2770.0,17.4,6.0,1,185.08
p1_W_E.585,2575.0,191.89,69.0,8,555.93
p2_S1_N1.98,2780.0,6.35,0.0,0,149.73
p2_E_W.201,2574.0,203.2,64.0,10,549.3
p2_N1_S1.64,2440.0,348.46,190.0,12,684.64
p2_E_W.202,2589.0,186.9,56.0,9,520.44
p1_W_E.586,2578.0,168.85,67.0,7,496.29
p1_W_E.587,2581.0,201.84,63.0,7,522.36
p2_N2_S2.97,2770.0,36.58,26.0,1,213.64
p2_E_W.203,2592.0,183.6,54.0,9,527.5
p2_S2_N2.62,2420.0,386.88,212.0,12,726.72
p1_W_E.588,2584.0,202.93,64.0,8,518.09
p2_E_W.204,2595.0,186.11,50.0,8,532.48
p1_W_E.589,2587.0,199.52,63.0,9,526.75
p2_S2_W.19,2373.0,415.62,212.0,17,856.53
p1_W_E.590,2590.0,200.42,61.0,9,542.25
p2_E_W.205,2598.0,188.22,69.0,9,545.44
p2_N2_S2.98,2780.0,26.16,16.0,1,199.65
p2_N2_S2.99,2790.0,23.56,8.0,1,206.8
p2_S2_N2.63,2430.0,373.36,207.0,13,695.4
p2_N2_S2.100,2800.0,11.91,0.0,0,186.91
p2_E_W.206,2601.0,176.65,68.0,8,511.96
p2_S2_N2.64,2440.0,378.66,201.0,13,713.86
p2_E_W.207,2604.0,186.44,63.0,8,523.38
p2_E_W.208,2608.0,192.43,60.0,8,521.43
p2_W_N1.1,2666.0,157.48,60.0,8,405.47
p2_E_W.209,2611.0,171.6,58.0,9,495.23
p2_S1_N1.99,2790.0,37.2,27.0,1,219.68
p2_E_W.210,2614.0,192.26,57.0,9,523.14
p2_S1_N1.100,2800.0,29.49,18.0,1,201.05
p1_W_S2.59,2593.0,202.54,81.0,9,546.21
p1_W_E.591,2596.0,204.75,76.0,10,546.66
p1_W_E.592,2611.0,196.35,70.0,7,537.33
p1_W_E.593,2616.0,196.1,67.0,9,536.12
p2_E_S1.21,2617.0,170.75,55.0,7,504.33
p2_S1_N1.101,2810.0,19.75,8.0,1,189.89
p1_W_E.594,2619.0,188.57,66.0,8,513.68
p2_N1_S1.65,2450.0,382.39,215.0,14,735.27
p2_S1_N1.102,2820.0,11.62,0.0,0,170.42
p2_N1_S1.66,2460.0,376.62,201.0,13,739.7
p2_N1_E.20,2403.0,410.99,220.0,17,847.95
p2_S1_N1.103,2830.0,7.1,0.0,0,162.01
p1_W_E.595,2622.0,185.96,75.0,9,518.64
p1_W_E.596,2625.0,196.17,70.0,8,540.89
p1_W_E.597,2628.0,194.91,66.0,9,542.61
p2_E_W.211,2620.0,203.54,66.0,11,535.76
p1_W_E.598,2631.0,193.15,64.0,9,549.59
p1_W_E.599,2634.0,183.41,63.0,7,522.17
p2_E_W.212,2638.0,183.61,60.0,9,525.01
p2_W_E.0,2637.0,191.54,60.0,11,533.35
p2_E_W.213,2641.0,188.78,58.0,7,534.34
p2_S2_N2.65,2450.0,402.32,209.0,11,742.27
p2_E_W.214,2644.0,184.25,58.0,10,533.48
p2_S2_N2.66,2460.0,394.32,206.0,13,729.86
p2_S2_W.20,2403.0,425.9,215.0,15,875.18
p2_N2_S2.101,2810.0,38.55,27.0,1,210.76
p2_E_W.215,2647.0,188.23,70.0,8,569.82
p2_E_W.216,2650.0,187.0,71.0,10,571.38
p2_N2_S2.102,2820.0,34.99,21.0,1,219.78
p2_N2_S2.103,2830.0,29.94,15.0,1,222.29
p2_N2_S2.104,2840.0,21.61,6.0,1,212.36
p2_E_W.217,2653.0,176.42,67.0,10,525.93
p2_N2_S2.105,2850.0,13.27,0.0,0,206.15
p2_E_W.218,2656.0,174.66,62.0,8,511.87
p2_S2_N2.67,2470.0,396.11,206.0,13,742.49
p2_E_W.219,2660.0,172.54,61.0,9,493.39
p2_W_N1.2,2681.0,187.61,74.0,9,459.7
p2_E_W.220,2663.0,180.12,60.0,8,507.29
p2_E_S1.22,2666.0,182.64,59.0,9,515.48
p2_N1_E.21,2433.0,416.58,224.0,16,870.8
p2_W_E.1,2643.0,208.76,90.0,11,555.84
p2_N1_S1.67,2470.0,402.97,227.0,17,751.19
p2_S1_N1.104,2840.0,33.73,23.0,1,206.58
p2_W_E.2,2657.0,196.62,83.0,10,525.21
p2_S1_N1.105,2850.0,25.29,13.0,1,195.67
p2_W_E.3,2660.0,195.49,83.0,11,522.6
p2_N1_S1.68,2480.0,391.79,225.0,16,738.71
p2_W_E.4,2663.0,192.91,73.0,11,510.28
p2_N1_S1.69,2490.0,389.59,222.0,15,751.03
p2_S1_N1.106,2860.0,15.07,2.0,1,179.5
p2_S1_N1.107,2870.0,10.9,0.0,0,183.69
p2_N1_E.22,2463.0,387.89,211.0,17,783.25
p2_N1_S1.70,2500.0,385.28,212.0,12,721.53
p2_S1_N1.108,2880.0,5.84,0.0,0,154.92
p2_E_W.221,2669.0,200.74,74.0,10,540.29
p2_W_E.5,2669.0,176.14,75.0,8,500.15
p2_E_W.222,2681.0,190.83,71.0,7,532.12
p2_W_E.6,2672.0,201.17,77.0,10,512.49
p2_W_E.7,2675.0,199.92,69.0,7,522.94
p2_E_W.223,2685.0,189.33,70.0,7,522.43
p2_W_E.8,2678.0,198.68,64.0,9,541.38
p2_S2_N2.68,2480.0,418.53,228.0,12,777.54
p2_N2_S2.106,2860.0,37.4,28.0,1,208.93
p2_E_W.224,2688.0,183.91,69.0,8,517.1
p2_S2_N2.69,2490.0,411.08,218.0,11,754.57
p2_N2_S2.107,2870.0,31.34,19.0,1,208.8
p2_S2_W.21,2433.0,446.6,235.0,17,889.66
p2_E_W.225,2691.0,189.56,76.0,7,538.24
p2_E_W.226,2694.0,189.91,72.0,7,522.17
p2_N2_S2.108,2880.0,19.86,7.0,1,190.71
p2_E_W.227,2697.0,186.32,72.0,7,532.78
p2_E_W.228,2701.0,186.41,66.0,8,554.21
p2_E_W.229,2704.0,178.36,65.0,7,504.76
p2_N2_S2.109,2890.0,7.17,0.0,0,160.13
p2_E_W.230,2707.0,187.77,63.0,8,520.38
p2_N1_E.23,2493.0,400.65,227.0,17,823.51
p2_N2_S2.110,2900.0,17.08,0.0,0,172.17
p2_W_E.9,2684.0,212.61,87.0,10,555.75
p2_W_N1.3,2709.0,204.45,83.0,11,473.16
p2_W_E.10,2688.0,210.42,82.0,9,538.24
p2_S1_N1.109,2890.0,27.58,17.0,1,203.91
p2_W_E.11,2703.0,197.33,77.0,8,518.27
p2_E_S1.23,2710.0,173.23,59.0,10,507.12
p2_S1_N1.110,2900.0,23.37,10.0,1,199.83
p2_W_E.12,2706.0,195.84,78.0,8,511.85
p2_N1_S1.71,2510.0,414.92,236.0,14,776.71
p2_S1_N1.111,2910.0,13.7,1.0,1,182.12
p2_N1_S1.72,2520.0,406.72,222.0,14,767.92
p2_N1_S1.73,2530.0,398.56,215.0,11,744.0
p2_N1_S1.74,2540.0,384.4,210.0,11,720.74
p2_E_W.231,2713.0,202.79,74.0,8,543.24
p2_N1_S1.75,2550.0,388.22,207.0,10,723.31
p2_S1_N1.112,2920.0,6.64,0.0,0,149.71
p2_E_W.232,2728.0,190.29,65.0,9,526.54
p2_S2_N2.70,2500.0,444.61,238.0,14,806.81
p2_N2_S2.111,2910.0,33.78,23.0,1,207.03
p2_S2_N2.71,2510.0,434.91,234.0,15,782.54
p2_E_W.233,2732.0,178.86,64.0,7,488.2
p2_N2_S2.112,2920.0,26.27,14.0,1,200.97
p2_S2_N2.72,2520.0,428.25,230.0,13,785.48
p2_N2_S2.113,2930.0,18.05,5.0,1,177.42
p2_E_W.234,2735.0,176.08,61.0,7,486.24
p2_E_W.235,2738.0,186.83,60.0,8,500.53
p2_N2_S2.114,2940.0,12.02,0.0,0,179.28
p2_S2_W.22,2463.0,469.36,228.0,16,920.13
p2_N2_S2.115,2950.0,5.3,0.0,0,149.0
p2_E_W.236,2741.0,193.75,65.0,7,525.84
p2_E_W.237,2744.0,192.56,61.0,7,520.95
p2_E_W.238,2747.0,189.02,59.0,8,521.36
p2_E_W.239,2750.0,186.37,58.0,10,524.35
p2_W_N1.4,2724.0,237.73,96.0,12,512.76
p2_N1_E.24,2523.0,417.14,226.0,14,842.77
p2_E_W.240,2753.0,184.31,55.0,7,529.94
p2_E_S1.24,2756.0,182.98,57.0,8,527.21
p2_S1_N1.113,2930.0,35.35,25.0,1,219.64
p2_W_E.13,2712.0,228.15,97.0,11,566.94
p2_S1_N1.114,2940.0,27.26,15.0,1,197.83
p2_W_E.14,2715.0,224.81,97.0,10,566.81
p2_S1_N1.115,2950.0,19.08,8.0,1,183.43
p2_W_E.15,2718.0,228.42,92.0,11,570.22
p2_W_E.16,2721.0,229.92,89.0,12,569.57
p2_S1_N1.116,2960.0,8.8,0.0,0,162.29
p2_S1_N1.117,2970.0,5.49,0.0,0,146.28
p2_E_W.241,2759.0,200.26,71.0,9,529.14
p2_E_W.242,2762.0,203.31,69.0,11,523.52
p2_E_W.243,2774.0,192.62,65.0,9,516.54
p2_E_W.244,2777.0,191.65,65.0,10,519.67
p2_N2_S2.116,2960.0,30.24,19.0,1,199.15
p2_E_W.245,2780.0,190.4,59.0,11,522.37
p2_S2_W.23,2493.0,478.48,238.0,16,949.79
p2_S2_N2.73,2530.0,457.54,252.0,15,825.42
p2_N2_S2.117,2970.0,23.21,11.0,1,192.93
p2_S2_N2.74,2540.0,454.73,240.0,14,807.23
p2_S2_N2.75,2550.0,446.41,230.0,14,822.72
p2_E_W.246,2783.0,185.01,64.0,8,527.53
p2_E_W.247,2786.0,182.28,61.0,8,513.25
p2_E_W.248,2789.0,191.26,64.0,8,518.75
p2_E_W.249,2792.0,189.17,63.0,8,525.86
p2_N2_S2.118,2980.0,7.4,0.0,0,156.41
p2_N2_S2.119,2990.0,10.68,0.0,0,156.52
p2_W_N1.5,2754.0,253.71,96.0,13,543.96
p2_E_S1.25,2798.0,188.17,55.0,7,505.64
p2_E_W.250,2795.0,174.29,59.0,8,495.73
p2_S1_N1.118,2980.0,31.68,21.0,1,206.4
p2_N1_S1.76,2560.0,448.91,257.0,14,824.05
p2_S1_N1.119,2990.0,22.66,10.0,1,193.15
p2_N1_S1.77,2570.0,446.71,240.0,14,833.88
p2_S1_N1.120,3000.0,16.59,3.0,1,192.5
p2_S1_N1.121,3010.0,8.35,0.0,0,165.5
p2_N1_E.25,2553.0,420.77,240.0,15,831.3
p2_N1_S1.78,2580.0,431.66,240.0,14,798.38
p2_W_E.17,2727.0,267.99,109.0,14,617.17
p2_W_E.18,2730.0,260.46,105.0,15,616.55
p2_W_E.19,2733.0,267.54,97.0,12,612.07
p2_N1_S1.79,2590.0,429.55,232.0,14,778.14
p2_W_E.20,2751.0,253.78,86.0,11,595.07
p2_N1_S1.80,2600.0,424.57,233.0,14,778.64
p2_E_W.251,2802.0,200.75,66.0,9,526.14
p2_E_W.252,2820.0,193.17,61.0,8,533.34
p2_E_W.253,2824.0,188.24,60.0,9,538.46
p2_S2_N2.76,2560.0,476.43,251.0,14,846.71
p2_N2_S2.120,3000.0,36.22,26.0,1,216.25
p2_E_W.254,2827.0,189.55,56.0,7,521.47
p2_S2_N2.77,2570.0,468.86,248.0,16,830.22
p2_N2_S2.121,3010.0,28.98,17.0,1,206.02
p2_N2_S2.122,3020.0,20.87,8.0,1,190.29
p2_N2_S2.123,3030.0,12.46,0.0,0,182.0
p2_S2_N2.78,2580.0,457.74,246.0,15,826.17
p2_S2_W.24,2523.0,478.88,255.0,17,944.18
p2_E_W.255,2830.0,194.19,72.0,8,533.49
p2_S2_N2.79,2590.0,457.34,229.0,13,799.94
p2_E_W.256,2833.0,173.41,66.0,7,508.16
p2_N2_S2.124,3040.0,5.72,0.0,0,152.34
p2_E_W.257,2836.0,189.02,65.0,9,516.42
p2_E_W.258,2839.0,193.13,60.0,8,527.68
p2_W_N1.6,2772.0,281.16,101.0,15,578.15
p2_E_W.259,2842.0,182.84,61.0,9,518.82
p2_N1_E.26,2583.0,449.63,241.0,14,869.98
p2_S2_N2.80,2600.0,442.6,209.0,13,788.57
p2_E_W.260,2845.0,189.96,57.0,8,541.9
p2_W_E.21,2757.0,274.57,110.0,13,627.26
p2_E_S1.26,2848.0,178.21,55.0,7,517.45
p2_S1_N1.122,3020.0,37.17,25.0,1,210.41
p2_N1_S1.81,2610.0,450.43,246.0,16,829.5
p2_S1_N1.123,3030.0,30.45,16.0,1,213.85
p2_W_E.22,2760.0,269.23,103.0,15,602.9
p2_S1_N1.124,3040.0,18.47,8.0,1,190.11
p2_W_E.23,2763.0,280.59,97.0,14,629.48
p2_S1_N1.125,3050.0,14.83,0.0,0,188.54
p2_W_E.24,2766.0,272.91,98.0,13,630.73
p2_W_E.25,2769.0,265.25,95.0,13,595.67
p2_S1_N1.126,3060.0,6.15,0.0,0,159.47
p2_E_W.261,2851.0,201.67,68.0,8,526.32
p2_E_W.262,2866.0,190.18,61.0,7,511.42
p2_E_W.263,2870.0,187.94,60.0,8,515.82
p2_E_W.264,2873.0,186.72,60.0,8,498.96
p2_S2_N2.81,2610.0,471.99,243.0,14,834.85
p2_S2_W.25,2553.0,507.81,255.0,17,1001.72
p2_E_W.265,2876.0,187.28,69.0,7,533.21
p2_N2_S2.125,3050.0,30.6,18.0,1,199.63
p2_E_W.266,2879.0,186.25,66.0,8,525.68
p2_N2_S2.126,3060.0,26.89,13.0,1,207.06
p2_N2_S2.127,3070.0,12.65,0.0,0,171.67
p2_N2_S2.128,3080.0,7.52,0.0,0,159.39
p2_S2_N2.82,2620.0,473.38,244.0,15,827.44
p2_E_W.267,2882.0,178.17,66.0,8,511.43
p2_E_W.268,2885.0,189.47,62.0,7,527.18
p2_S2_N2.83,2630.0,464.42,232.0,15,822.63
p2_E_W.269,2888.0,188.2,60.0,6,535.6
p2_E_W.270,2891.0,186.96,60.0,6,536.94
p2_W_N1.7,2798.0,301.16,109.0,16,605.97
p2_E_S1.27,2894.0,184.68,55.0,7,536.05
p2_N1_E.27,2613.0,465.47,256.0,15,901.52
p2_N1_S1.82,2620.0,482.72,274.0,15,860.88
p2_S1_N1.127,3070.0,30.16,20.0,1,199.18
p2_N1_S1.83,2630.0,472.18,263.0,18,836.68
p2_S1_N1.128,3080.0,28.7,13.0,1,207.34
p2_N1_S1.84,2640.0,469.72,260.0,18,814.72
p2_S1_N1.129,3090.0,20.44,6.0,1,209.08
p2_W_E.26,2775.0,294.31,115.0,15,651.07
p2_S1_N1.130,3100.0,8.46,0.0,0,173.28
p2_W_E.27,2778.0,314.53,107.0,16,680.75
p2_N1_S1.85,2650.0,464.5,245.0,16,824.52
p2_W_E.28,2781.0,313.66,102.0,16,691.58
p2_S1_N1.131,3110.0,6.27,0.0,0,151.12
p2_W_E.29,2794.0,302.42,98.0,15,681.48
p2_E_W.271,2897.0,203.56,68.0,8,556.87
p2_E_W.272,2912.0,190.49,69.0,7,534.46
p2_E_W.273,2915.0,186.51,69.0,7,515.0
p2_N2_S2.129,3090.0,38.47,28.0,1,227.94
p2_N2_S2.130,3100.0,29.49,19.0,1,203.96
p2_E_W.274,2918.0,178.86,66.0,8,506.11
p2_N2_S2.131,3110.0,22.28,12.0,1,199.03
p2_S2_N2.84,2640.0,483.76,252.0,15,852.94
p2_S2_W.26,2583.0,523.21,263.0,16,995.4
p2_E_W.275,2921.0,186.77,74.0,8,537.57
p2_N2_S2.132,3120.0,12.55,1.0,1,176.7
p2_N2_S2.133,3130.0,7.53,0.0,0,162.63
p2_E_W.276,2924.0,192.29,73.0,8,532.02
p2_E_W.277,2927.0,190.16,67.0,7,541.21
p2_E_W.278,2930.0,189.75,66.0,8,539.25
p2_E_W.279,2933.0,188.5,60.0,7,547.15
p2_S2_N2.85,2650.0,491.45,246.0,17,866.37
p2_E_W.280,2936.0,187.14,58.0,8,538.59
p2_W_N1.8,2813.0,332.66,115.0,18,647.1
p2_E_S1.28,2939.0,185.29,58.0,8,541.23
p2_N1_E.28,2643.0,481.7,257.0,18,916.97
p2_N1_S1.86,2660.0,489.87,267.0,17,881.0
p2_S1_N1.132,3120.0,27.8,18.0,1,198.74
p2_W_E.30,2801.0,320.9,121.0,17,696.42
p2_S1_N1.133,3130.0,20.44,10.0,1,188.25
p2_W_E.31,2804.0,327.51,117.0,19,703.25
p2_W_E.32,2807.0,326.26,111.0,17,696.86
p2_N1_S1.87,2670.0,477.97,258.0,19,851.07
p2_S1_N1.134,3140.0,10.84,0.0,0,171.46
p2_W_E.33,2810.0,324.97,105.0,17,705.52
p2_S1_N1.135,3150.0,6.01,0.0,0,144.6
p2_N1_S1.88,2691.0,471.9,242.0,20,842.57
p2_E_W.281,2942.0,203.77,74.0,7,546.93
p2_E_W.282,2945.0,202.02,70.0,7,539.88
p2_E_W.283,2958.0,189.45,66.0,7,524.27
p2_E_W.284,2961.0,192.68,65.0,8,525.17
p2_S2_N2.86,2660.0,512.96,263.0,18,887.98
p2_E_W.285,2964.0,191.39,58.0,8,540.48
p2_S2_W.27,2613.0,542.39,273.0,19,1023.58
p2_N2_S2.134,3140.0,29.19,17.0,1,202.09
p2_E_W.286,2968.0,188.23,66.0,9,545.21
p2_N2_S2.135,3150.0,23.22,12.0,1,197.85
p2_E_W.287,2971.0,189.84,62.0,7,533.9
p2_N2_S2.136,3160.0,22.85,6.0,1,200.25
p2_E_W.288,2974.0,188.64,63.0,7,532.35
p2_S2_N2.87,2670.0,499.74,261.0,18,873.11
p2_N2_S2.137,3170.0,14.55,0.0,0,185.9
p2_E_W.289,2977.0,187.3,62.0,7,535.46
p2_N2_S2.138,3180.0,6.36,0.0,0,157.5
p2_E_W.290,2980.0,180.94,58.0,7,495.31
p2_W_N1.9,2842.0,349.64,123.0,18,662.36
p2_N1_E.29,2673.0,497.93,259.0,20,936.56
p2_W_E.34,2816.0,356.71,129.0,19,742.79
p2_S1_N1.136,3160.0,35.59,25.0,1,216.43
p2_W_E.35,2819.0,356.54,120.0,18,738.73
p2_S1_N1.137,3170.0,27.88,14.0,1,203.18
p2_E_S1.29,2983.0,176.08,56.0,7,530.47
p2_S1_N1.138,3180.0,19.63,8.0,1,180.49
p2_N1_S1.89,2694.0,506.57,268.0,19,890.08
p2_N1_S1.90,2700.0,499.64,259.0,15,891.73
p2_S1_N1.139,3190.0,10.05,0.0,0,174.99
p2_W_E.36,2822.0,346.45,118.0,18,698.98
p2_W_E.37,2825.0,358.59,114.0,18,712.08
p2_S1_N1.140,3200.0,5.85,0.0,0,155.93
p2_E_W.291,2986.0,206.9,68.0,8,543.33
p2_E_W.292,2991.0,198.63,63.0,7,542.48
p2_S2_N2.88,2710.0,510.66,262.0,15,896.36
p2_E_W.293,3003.0,192.15,61.0,7,541.66
p2_E_W.294,3007.0,194.15,57.0,8,548.13
p2_S2_N2.89,2714.0,508.6,263.0,19,878.04
p2_E_W.295,3010.0,192.91,55.0,8,561.38
p2_S2_N2.90,2717.0,507.37,256.0,17,871.75
p2_S2_W.28,2642.0,559.13,272.0,20,1065.01
p2_N2_S2.139,3190.0,24.58,14.0,1,192.48
p2_E_W.296,3013.0,193.59,69.0,10,551.33
p2_N2_S2.140,3200.0,28.75,11.0,1,208.99
p2_E_W.297,3016.0,192.37,69.0,11,551.94
p2_N2_S2.141,3210.0,20.44,3.0,1,215.99
p2_E_W.298,3019.0,184.69,64.0,9,530.84
p2_N2_S2.142,3220.0,12.15,0.0,0,192.7
p2_E_W.299,3022.0,190.12,60.0,8,530.25
p2_E_W.300,3025.0,180.74,57.0,8,501.64
p2_S2_N2.91,2724.0,503.97,243.0,22,857.16
p2_N1_E.30,2706.0,507.22,257.0,19,952.96
p2_W_E.38,2845.0,372.89,132.0,19,762.3
p2_W_N1.10,2858.0,379.97,131.0,19,695.59
p2_E_S1.30,3028.0,186.56,59.0,8,536.32
p2_W_E.39,2849.0,370.73,128.0,20,771.6
p2_N1_S1.91,2736.0,506.05,265.0,20,894.66
p2_S1_N1.141,3210.0,29.84,20.0,1,204.27
p2_N1_S1.92,2740.0,501.12,259.0,18,870.14
p2_S1_N1.142,3220.0,25.24,11.0,1,213.3
p2_N1_S1.93,2744.0,503.25,255.0,18,891.09
p2_S1_N1.143,3230.0,17.12,3.0,1,193.54
p2_W_E.40,2852.0,362.2,127.0,19,736.81
p2_S1_N1.144,3240.0,8.84,0.0,0,166.47
p2_W_E.41,2855.0,365.58,127.0,18,732.86
p2_N1_S1.94,2781.0,467.26,239.0,14,827.9
p2_N1_S1.95,2784.0,472.16,235.0,16,841.02
p2_E_W.301,3031.0,207.22,74.0,8,559.37
p2_E_W.302,3050.0,188.06,70.0,7,529.39
p2_E_W.303,3054.0,189.26,68.0,8,545.54
p2_E_W.304,3057.0,188.02,61.0,8,536.01
p2_S2_N2.92,2732.0,534.68,268.0,22,905.52
p2_N2_S2.143,3230.0,35.48,24.0,1,212.28
p2_E_W.305,3060.0,186.76,60.0,8,538.81
p2_S2_N2.93,2759.0,509.7,250.0,20,877.83
p2_N2_S2.144,3240.0,29.34,17.0,1,211.66
p2_N2_S2.145,3250.0,19.82,7.0,1,205.64
p2_S2_W.29,2676.0,565.98,283.0,20,1057.67
p2_N2_S2.146,3260.0,13.11,0.0,0,187.63
p2_E_W.306,3063.0,190.13,68.0,7,554.67
p2_E_W.307,3066.0,182.6,64.0,8,532.52
p2_E_W.308,3069.0,185.16,61.0,9,548.97
p2_E_W.309,3072.0,186.56,55.0,9,537.66
p2_N2_S2.147,3270.0,5.78,0.0,0,151.15
p2_E_W.310,3075.0,185.35,54.0,8,539.19
p2_E_S1.31,3078.0,184.14,56.0,10,530.03
p2_N1_E.31,2753.0,509.85,258.0,17,956.67
p2_N1_S1.96,2790.0,497.16,261.0,18,883.12
p2_W_N1.11,2900.0,378.12,131.0,21,717.23
p2_S1_N1.145,3250.0,38.19,25.0,1,216.58
p2_S1_N1.146,3260.0,33.0,18.0,1,222.77
p2_S1_N1.147,3270.0,24.73,9.0,1,207.77
p2_W_E.42,2864.0,390.65,148.0,23,763.3
p2_S1_N1.148,3280.0,16.4,1.0,1,200.94
p2_W_E.43,2887.0,378.63,134.0,21,754.05
p2_S1_N1.149,3290.0,8.2,0.0,0,175.57
p2_W_E.44,2891.0,381.08,125.0,23,762.84
p2_W_E.45,2894.0,383.48,123.0,21,755.37
p2_E_W.311,3081.0,196.17,70.0,10,529.58
p2_E_W.312,3097.0,192.63,63.0,7,525.41
p2_N2_S2.148,3280.0,32.58,21.0,1,200.63
p2_E_W.313,3100.0,189.16,59.0,7,518.14
p2_S2_N2.94,2803.0,509.9,265.0,19,878.61
p2_S2_N2.95,2807.0,507.59,259.0,16,867.84
p2_N2_S2.149,3290.0,24.37,13.0,1,188.85
p2_E_W.314,3103.0,190.2,57.0,8,514.77
p2_S2_N2.96,2810.0,504.24,249.0,15,861.22
p2_N2_S2.150,3300.0,12.52,2.0,1,172.98
p2_N2_S2.151,3310.0,6.81,0.0,0,145.57
p2_E_W.315,3106.0,172.01,55.0,7,519.5
p2_S2_W.30,2720.0,583.76,274.0,19,1075.39
p2_S2_N2.97,2816.0,509.43,244.0,17,858.98
p2_E_W.316,3109.0,196.8,61.0,7,545.25
p2_E_W.317,3112.0,188.82,63.0,10,543.68
p2_W_N1.12,2953.0,376.47,131.0,19,706.86
p2_E_S1.32,3124.0,181.91,51.0,8,500.95
p2_E_W.318,3115.0,192.26,59.0,7,534.84
p2_E_W.319,3118.0,189.65,58.0,8,521.29
p2_E_W.320,3121.0,192.02,54.0,9,533.26
p2_N1_E.32,2796.0,499.95,262.0,19,938.69
p2_W_E.46,2908.0,403.61,148.0,21,804.24
p2_N1_S1.97,2829.0,501.53,264.0,19,884.8
p2_W_E.47,2933.0,384.57,136.0,23,773.91
p2_N1_S1.98,2833.0,506.06,264.0,21,882.32
p2_N1_S1.99,2837.0,503.74,251.0,15,891.19
p2_S1_N1.150,3300.0,27.66,17.0,1,204.15
p2_W_E.48,2936.0,383.26,134.0,20,778.53
p2_W_E.49,2939.0,382.04,129.0,22,783.1
p2_W_E.50,2944.0,377.96,126.0,21,765.34
p2_S1_N1.151,3310.0,17.48,7.0,1,175.8
p2_N1_S1.100,2869.0,474.04,229.0,15,837.05
p2_S1_N1.152,3320.0,16.84,0.0,0,187.66
p2_N1_S1.101,2872.0,474.95,232.0,17,852.42
p2_S1_N1.153,3330.0,17.96,0.0,0,183.84
p2_S1_N1.154,3340.0,9.56,0.0,0,166.04
p2_E_W.321,3127.0,202.8,68.0,9,539.14
p2_E_W.322,3142.0,189.6,63.0,7,533.29
p2_E_W.323,3145.0,187.77,58.0,8,526.3
p2_E_W.324,3148.0,188.02,54.0,7,513.18
p2_S2_N2.98,2823.0,535.39,269.0,16,901.15
p2_N2_S2.152,3320.0,38.38,27.0,1,217.32
p2_E_W.325,3151.0,186.12,53.0,9,514.57
p2_S2_N2.99,2850.0,510.69,250.0,16,873.28
p2_S2_W.31,2768.0,571.6,270.0,19,1052.03
p2_N2_S2.153,3330.0,31.2,19.0,1,198.56
p2_N2_S2.154,3340.0,22.96,11.0,1,191.3
p2_E_W.326,3154.0,185.24,60.0,7,538.98
p2_E_W.327,3157.0,187.52,59.0,7,534.69
p2_E_W.328,3160.0,184.4,56.0,8,537.84
p2_N2_S2.155,3350.0,9.99,0.0,0,160.95
p2_E_W.329,3163.0,185.04,52.0,7,526.07
p2_N2_S2.156,3360.0,10.33,0.0,0,168.32
p2_S2_N2.100,2866.0,506.45,244.0,18,872.2
p2_E_W.330,3166.0,177.13,53.0,6,501.89
p2_W_N1.13,3000.0,375.91,132.0,24,707.49
p2_N1_E.33,2844.0,510.08,253.0,19,967.33
p2_E_S1.33,3168.0,185.56,47.0,6,532.01
p2_W_E.51,2979.0,377.82,135.0,19,771.24
p2_W_E.52,2982.0,376.71,131.0,17,761.03
p2_S1_N1.155,3350.0,28.57,18.0,1,203.78
p2_W_E.53,2986.0,374.45,127.0,24,760.75
p2_N1_S1.102,2876.0,500.73,254.0,18,877.83
p2_W_E.54,2990.0,372.33,125.0,22,763.07
p2_S1_N1.156,3360.0,19.46,9.0,1,184.21
p2_S1_N1.157,3370.0,15.44,2.0,1,192.05
p2_S1_N1.158,3380.0,7.18,0.0,0,160.5
p2_N1_S1.103,2889.0,502.35,244.0,19,875.4
p2_E_W.331,3171.0,200.16,61.0,7,548.52
p2_E_W.332,3175.0,204.43,62.0,8,540.56
p2_S2_N2.101,2894.0,510.68,253.0,19,877.9
p2_N2_S2.157,3370.0,34.71,24.0,1,215.13
p2_E_W.333,3189.0,190.82,62.0,7,527.32
p2_N2_S2.158,3380.0,26.46,15.0,1,205.96
p2_E_W.334,3192.0,193.36,58.0,7,537.24
p2_S2_N2.102,2900.0,506.88,247.0,19,874.45
p2_E_W.335,3195.0,192.09,55.0,8,527.56
p2_N2_S2.159,3390.0,17.65,7.0,1,188.24
p2_S2_W.32,2813.0,567.03,276.0,20,1055.23
p2_E_W.336,3198.0,193.1,66.0,7,549.51
p2_E_W.337,3201.0,187.36,64.0,9,531.33
p2_E_W.338,3204.0,190.74,67.0,9,526.21
p2_E_W.339,3207.0,181.86,62.0,8,516.62
p2_N2_S2.160,3400.0,6.11,0.0,0,150.01
p2_E_W.340,3210.0,188.34,60.0,7,509.53
p2_N2_S2.161,3410.0,10.07,0.0,0,163.15
p2_W_N1.14,3047.0,374.75,134.0,21,717.83
p2_E_S1.34,3213.0,179.68,56.0,8,512.71
p2_N1_S1.104,2917.0,510.65,265.0,17,884.48
p2_N1_E.34,2882.0,508.68,249.0,18,957.03
p2_W_E.55,3025.0,373.46,137.0,21,775.83
p2_W_E.56,3029.0,383.04,128.0,21,777.95
p2_S1_N1.159,3390.0,29.64,17.0,1,194.47
p2_N1_S1.105,2923.0,497.27,255.0,16,878.92
p2_S1_N1.160,3400.0,32.91,15.0,1,209.67
p2_W_E.57,3033.0,380.88,125.0,21,762.68
p2_W_E.58,3038.0,377.6,127.0,21,777.05
p2_S1_N1.161,3410.0,11.93,0.0,0,178.6
p2_S1_N1.162,3420.0,19.78,0.0,0,193.22
p2_S1_N1.163,3430.0,12.78,0.0,0,175.83
p2_E_W.341,3216.0,205.85,71.0,8,538.59
p2_E_W.342,3220.0,195.96,65.0,8,539.79
p2_N2_S2.162,3420.0,30.55,17.0,1,205.56
p2_E_W.343,3234.0,184.85,64.0,9,518.5
p2_S2_N2.103,2915.0,534.43,274.0,20,915.8
p2_E_W.344,3238.0,193.8,60.0,8,522.31
p2_S2_N2.104,2941.0,510.5,256.0,17,884.29
p2_N2_S2.163,3430.0,22.31,10.0,1,189.73
p2_N2_S2.164,3440.0,15.39,3.0,1,189.3
p2_N2_S2.165,3450.0,6.17,0.0,0,150.35
p2_E_W.345,3241.0,178.27,57.0,7,492.66
p2_S2_W.33,2858.0,577.52,276.0,22,1063.89
p2_E_W.346,3244.0,190.35,66.0,8,555.83
p2_S2_N2.105,2946.0,502.29,254.0,19,870.14
p2_E_W.347,3247.0,193.71,62.0,8,567.79
p2_S2_N2.106,2961.0,502.17,243.0,17,876.13
p2_E_W.348,3250.0,193.16,60.0,7,557.21
p2_E_W.349,3253.0,189.1,57.0,6,555.03
p2_E_W.350,3256.0,188.62,57.0,7,554.39
p2_W_N1.15,3092.0,374.32,132.0,20,721.23
p2_E_S1.35,3259.0,176.06,55.0,6,498.77
p2_N1_E.35,2930.0,504.89,261.0,18,950.2
p2_N1_S1.106,2961.0,516.75,262.0,17,911.81
p2_W_E.59,3071.0,386.07,136.0,21,768.88
p2_S1_N1.164,3440.0,25.24,14.0,1,191.14
p2_N1_S1.107,2965.0,508.54,259.0,16,907.4
p2_W_E.60,3075.0,383.71,133.0,19,787.17
p2_S1_N1.165,3450.0,24.22,9.0,1,192.55
p2_N1_S1.108,2968.0,513.29,256.0,14,901.07
p2_W_E.61,3079.0,378.76,121.0,17,794.53
p2_S1_N1.166,3460.0,18.31,2.0,1,191.51
p2_N1_S1.109,2979.0,504.17,241.0,18,882.87
p2_W_E.62,3083.0,379.35,120.0,20,778.3
p2_S1_N1.167,3470.0,13.98,0.0,0,174.23
p2_E_W.351,3262.0,206.61,66.0,7,531.25
p2_E_W.352,3265.0,205.38,65.0,8,531.07
p2_E_W.353,3280.0,190.96,63.0,8,510.46
p2_E_W.354,3284.0,190.57,62.0,8,521.03
p2_S2_N2.107,2987.0,509.69,257.0,16,895.53
p2_S2_N2.108,2991.0,507.99,248.0,16,889.05
p2_E_W.355,3287.0,185.77,59.0,9,513.03
p2_S2_W.34,2906.0,573.38,274.0,21,1060.76
p2_N2_S2.166,3460.0,33.21,21.0,1,199.96
p2_N2_S2.167,3470.0,32.78,17.0,1,214.83
p2_E_W.356,3290.0,186.47,64.0,8,518.83
p2_N2_S2.168,3480.0,24.45,9.0,1,200.91
p2_E_W.357,3293.0,190.96,63.0,8,526.26
p2_N2_S2.169,3490.0,12.97,0.0,0,189.92
p2_E_W.358,3296.0,189.65,58.0,8,530.91
p2_E_W.359,3299.0,186.28,55.0,8,534.34
p2_S2_N2.109,3033.0,476.26,233.0,18,837.34
p2_E_W.360,3302.0,187.25,50.0,8,527.65
p2_N2_S2.170,3500.0,6.08,0.0,0,151.31
p2_W_N1.16,3131.0,382.16,131.0,22,709.6
p2_N1_E.36,2972.0,521.17,256.0,20,956.59
p2_E_S1.36,3305.0,182.87,51.0,8,513.66
p2_N1_S1.110,3007.0,510.05,257.0,16,886.71
p2_W_E.63,3116.0,373.18,136.0,19,768.97
p2_N1_S1.111,3010.0,509.79,253.0,16,901.12
p2_S1_N1.168,3480.0,34.57,21.0,1,211.48
p2_W_E.64,3119.0,381.52,132.0,21,768.06
p2_W_E.65,3122.0,380.15,128.0,19,782.4
p2_S1_N1.169,3490.0,26.6,15.0,1,202.46
p2_W_E.66,3126.0,377.92,124.0,20,774.96
p2_S1_N1.170,3500.0,16.11,4.0,1,175.83
p2_S1_N1.171,3510.0,18.9,0.0,0,196.41
p2_S1_N1.172,3520.0,8.0,0.0,0,160.38
p2_E_W.361,3308.0,204.25,65.0,9,536.25
p2_E_W.362,3312.0,193.56,62.0,9,533.74
p2_E_W.363,3326.0,197.29,56.0,8,536.7
p2_E_W.364,3329.0,188.06,56.0,7,516.97
p2_S2_N2.110,3036.0,502.49,249.0,19,893.39
p2_E_W.365,3333.0,193.64,51.0,7,534.5
p2_S2_N2.111,3041.0,506.84,244.0,18,886.4
p2_N2_S2.171,3510.0,27.37,17.0,1,187.02
p2_S2_W.35,2953.0,574.93,271.0,20,1061.0
p2_N2_S2.172,3520.0,30.43,12.0,1,208.7
p2_E_W.366,3336.0,194.1,61.0,7,567.76
p2_N2_S2.173,3530.0,10.04,0.0,0,171.38
p2_E_W.367,3339.0,181.47,56.0,8,532.91
p2_N2_S2.174,3540.0,14.34,0.0,0,180.04
p2_E_W.368,3342.0,191.56,55.0,9,548.26
p2_S2_N2.112,3078.0,473.58,230.0,15,844.05
p2_E_W.369,3345.0,191.07,55.0,8,546.09
p2_E_W.370,3348.0,189.76,53.0,8,526.25
p2_W_N1.17,3176.0,382.75,126.0,17,714.88
p2_N1_E.37,3014.0,524.51,261.0,21,978.83
p2_E_S1.37,3351.0,187.95,51.0,8,533.15
p2_W_E.67,3138.0,403.26,140.0,18,794.65
p2_N1_S1.112,3017.0,546.49,279.0,19,945.74
p2_S1_N1.173,3530.0,33.69,22.0,1,212.48
p2_N1_S1.113,3020.0,545.45,278.0,16,933.81
p2_S1_N1.174,3540.0,25.5,13.0,1,200.19
p2_N1_S1.114,3028.0,539.3,273.0,16,924.03
p2_W_E.68,3164.0,371.9,126.0,17,744.93
p2_W_E.69,3168.0,372.14,124.0,18,755.63
p2_W_E.70,3171.0,374.95,121.0,18,740.52
p2_N1_S1.115,3100.0,474.5,239.0,20,821.13
p2_S1_N1.175,3550.0,9.79,0.0,0,164.47
p2_S1_N1.176,3560.0,18.7,0.0,0,179.43
p2_N1_S1.116,3104.0,467.87,232.0,18,823.27
p2_S1_N1.177,3570.0,10.44,0.0,0,156.99
p2_E_W.371,3354.0,200.15,63.0,8,541.58
p2_E_W.372,3357.0,204.06,60.0,7,550.13
p2_N2_S2.175,3550.0,38.2,27.0,1,218.01
p2_E_W.373,3371.0,189.39,61.0,7,527.31
p2_S2_N2.113,3082.0,505.89,255.0,19,886.69
p2_N2_S2.176,3560.0,30.28,19.0,1,206.79
p2_S2_N2.114,3085.0,504.55,250.0,17,881.55
p2_N2_S2.177,3570.0,22.23,10.0,1,195.69
p2_N2_S2.178,3580.0,12.08,0.0,0,176.4
p2_E_W.374,3375.0,172.01,60.0,8,507.26
p2_S2_N2.115,3123.0,476.85,224.0,14,843.36
p2_E_W.375,3378.0,197.71,55.0,7,506.06
p2_S2_W.36,3000.0,581.46,276.0,23,1069.07
p2_E_W.376,3381.0,202.85,59.0,6,552.07
p2_N2_S2.179,3590.0,6.76,0.0,0,153.36
p2_E_W.377,3384.0,201.61,61.0,10,530.36
p2_E_S1.38,3396.0,187.44,56.0,7,513.14
p2_W_N1.18,3228.0,375.18,123.0,22,712.42
p2_E_W.378,3387.0,200.38,58.0,10,538.54
p2_N1_E.38,3060.0,518.14,263.0,19,965.41
p2_N1_S1.117,3107.0,502.74,255.0,17,872.59
p2_W_E.71,3182.0,402.63,138.0,22,812.2
p2_E_W.379,3390.0,196.58,57.0,8,518.33
p2_E_W.380,3393.0,192.0,55.0,6,507.94
p2_W_E.72,3207.0,384.26,134.0,18,786.19
p2_S1_N1.178,3580.0,25.44,15.0,1,194.21
p2_W_E.73,3210.0,373.34,126.0,19,754.1
p2_S1_N1.179,3590.0,25.99,9.0,1,209.22
p2_W_E.74,3214.0,373.33,119.0,17,766.86
p2_N1_S1.118,3114.0,503.59,248.0,15,867.43
p2_W_E.75,3219.0,378.72,117.0,17,758.33
p2_N1_S1.119,3120.0,496.87,242.0,17,866.28
p2_E_W.381,3399.0,206.77,69.0,7,525.37
p2_N1_S1.120,3148.0,467.61,224.0,17,820.09
p2_E_W.382,3403.0,204.94,65.0,9,524.22
p2_E_W.383,3418.0,191.86,63.0,9,522.03
p2_S2_N2.116,3127.0,506.87,252.0,15,881.21
p2_S2_N2.117,3130.0,507.85,247.0,16,887.09
p2_S2_N2.118,3137.0,502.16,236.0,16,860.38
p2_E_W.384,3421.0,173.61,60.0,7,519.98
p2_S2_N2.119,3144.0,500.47,228.0,15,855.14
p2_E_W.385,3425.0,199.31,56.0,7,537.79
p2_S2_N2.120,3172.0,473.42,212.0,13,822.41
p2_S2_W.37,3049.0,571.38,270.0,24,1082.91
p2_E_W.386,3428.0,199.6,62.0,7,551.57
p2_E_W.387,3431.0,198.39,58.0,9,557.99
p2_W_N1.19,3276.0,376.2,125.0,18,710.09
p2_E_W.388,3434.0,178.23,57.0,8,530.3
p2_E_S1.39,3443.0,186.66,50.0,9,511.17
p2_N1_E.39,3110.0,519.5,258.0,18,950.67
p2_W_E.76,3255.0,378.16,134.0,21,774.27
p2_E_W.389,3437.0,196.32,59.0,9,526.63
p2_W_E.77,3259.0,376.0,129.0,20,756.91
p2_E_W.390,3440.0,189.41,56.0,10,532.25
p2_N1_S1.121,3192.0,465.38,231.0,15,815.19
p2_N1_S1.122,3195.0,464.45,232.0,15,816.33
p2_W_E.78,3262.0,369.7,125.0,22,730.46
p2_N1_S1.123,3199.0,462.27,223.0,15,802.63
p2_W_E.79,3267.0,367.63,120.0,22,737.32
p2_N1_S1.124,3212.0,453.92,216.0,16,803.79
p2_N1_S1.125,3239.0,425.97,203.0,19,767.14
p2_E_W.391,3446.0,205.66,64.0,7,553.68
p2_E_W.392,3449.0,204.62,61.0,8,548.93
p2_E_W.393,3464.0,189.53,58.0,8,526.04
p2_S2_N2.121,3183.0,497.55,238.0,14,843.3
p2_S2_N2.122,3190.0,492.76,235.0,18,846.8
p2_S2_N2.123,3218.0,463.82,220.0,15,810.12
p2_S2_N2.124,3237.0,451.93,216.0,15,801.79
p2_E_W.394,3468.0,170.78,58.0,7,495.7
p2_E_W.395,3471.0,200.26,54.0,8,522.26
p2_S2_W.38,3093.0,579.44,272.0,20,1080.37
p2_S2_N2.125,3263.0,425.03,201.0,15,751.01
p2_E_W.396,3474.0,196.84,67.0,8,539.82
p2_S2_N2.126,3268.0,424.94,197.0,14,751.76
p2_E_W.397,3477.0,188.51,66.0,8,538.2
p2_N1_E.40,3156.0,520.31,265.0,17,950.05
p2_E_W.398,3480.0,183.73,61.0,7,524.67
p2_W_N1.20,3323.0,372.47,128.0,19,698.38
p2_N1_E.41,3204.0,471.56,224.0,15,898.21
p2_E_W.399,3483.0,188.0,62.0,7,558.79
p2_W_E.80,3302.0,379.68,140.0,19,782.6
p2_E_W.400,3486.0,196.26,61.0,8,542.14
p2_E_S1.40,3489.0,176.7,58.0,9,522.83
p2_W_E.81,3305.0,377.54,135.0,23,782.72
p2_N1_S1.126,3244.0,461.38,230.0,15,815.97
p2_W_E.82,3309.0,373.87,130.0,20,758.4
p2_W_E.83,3314.0,373.02,116.0,19,759.79
p2_N1_S1.127,3257.0,443.11,221.0,15,790.19
p2_N1_S1.128,3284.0,426.78,203.0,14,760.47
p2_E_W.401,3492.0,205.56,69.0,8,538.53
p2_N1_S1.129,3289.0,411.85,205.0,16,744.01
p2_E_W.402,3496.0,203.65,68.0,8,530.88
p2_N1_S1.130,3329.0,392.65,184.0,12,705.7
p2_E_W.403,3512.0,189.55,61.0,7,513.45
p2_E_W.404,3515.0,186.82,62.0,7,526.14
p2_E_W.405,3518.0,185.98,57.0,10,511.89
p2_S2_W.39,3134.0,573.06,272.0,19,1056.77
p2_S2_W.40,3179.0,526.97,238.0,17,971.27
p2_E_W.406,3521.0,190.97,63.0,9,531.48
p2_E_W.407,3524.0,189.66,59.0,7,534.06
p2_S2_N2.127,3308.0,414.98,204.0,14,747.54
p2_S2_N2.128,3312.0,424.57,196.0,14,755.6
p2_E_W.408,3527.0,188.47,61.0,10,523.07
p2_E_W.409,3530.0,187.05,57.0,8,525.19
p2_S2_N2.129,3315.0,423.28,193.0,15,756.74
p2_E_W.410,3533.0,185.92,55.0,8,521.55
p2_S2_N2.130,3325.0,415.11,188.0,13,751.85
p2_S2_N2.131,3356.0,384.79,173.0,11,706.47
p2_E_S1.41,3536.0,185.42,50.0,8,512.91
p2_W_N1.21,3367.0,376.5,127.0,20,718.95
p2_N1_S1.131,3332.0,414.26,208.0,15,737.23
p2_N1_S1.132,3336.0,414.41,205.0,14,738.53
p2_N1_E.42,3249.0,459.76,234.0,17,871.8
p2_N1_E.43,3298.0,427.25,204.0,15,838.56
p2_W_E.84,3347.0,387.14,137.0,19,788.27
p2_N1_S1.133,3343.0,407.49,200.0,15,733.2
p2_N1_S1.134,3349.0,405.19,196.0,15,725.02
p2_W_E.85,3350.0,372.66,136.0,20,768.32
p2_W_E.86,3354.0,383.97,127.0,21,780.13
p2_N1_S1.135,3378.0,380.92,177.0,12,688.52
p2_W_E.87,3358.0,381.74,126.0,18,799.34
p2_E_W.411,3539.0,202.15,66.0,8,531.88
p2_E_W.412,3542.0,195.25,62.0,7,530.81
p2_S2_N2.132,3361.0,410.97,198.0,18,736.04
p2_E_W.413,3557.0,185.84,57.0,7,526.36
p2_S2_N2.133,3402.0,373.73,179.0,16,697.1
p2_S2_W.41,3227.0,524.16,243.0,16,989.91
p2_E_W.414,3560.0,189.13,68.0,7,531.97
p2_S2_N2.134,3405.0,371.37,173.0,12,675.84
p2_E_W.415,3563.0,188.58,66.0,7,543.24
p2_E_W.416,3566.0,193.96,66.0,8,536.13
p2_E_W.417,3569.0,187.78,67.0,6,526.34
p2_E_W.418,3572.0,188.67,61.0,6,531.5
p2_E_W.419,3575.0,190.3,55.0,8,544.0
p2_E_W.420,3578.0,184.81,52.0,7,532.99
p2_S2_N2.135,3408.0,365.02,168.0,16,684.16
p2_W_N1.22,3407.0,383.1,130.0,18,729.43
p2_N1_E.44,3339.0,429.35,215.0,15,817.77
p2_E_S1.42,3581.0,188.28,50.0,8,532.11
p2_S2_N2.136,3418.0,369.91,165.0,12,694.22
p2_N1_S1.136,3421.0,372.32,184.0,12,693.96
p2_N1_S1.137,3425.0,371.28,180.0,12,698.96
p2_N1_E.45,3387.0,375.63,175.0,14,756.94
p2_N1_S1.138,3428.0,370.09,180.0,13,693.61
p2_W_E.88,3395.0,375.72,127.0,18,780.94
p2_W_E.89,3398.0,379.22,121.0,19,785.32
p2_W_E.90,3401.0,378.92,121.0,19,792.16
p2_N1_S1.139,3436.0,366.14,175.0,17,677.59
p2_N1_S1.140,3441.0,363.07,171.0,14,699.89
p2_W_E.91,3404.0,367.05,118.0,18,770.99
p2_N1_S1.141,3470.0,332.97,157.0,13,622.6
p2_E_W.421,3583.0,206.86,63.0,9,564.59
p2_E_W.422,3587.0,200.59,61.0,10,552.75
p2_E_W.423,3602.0,194.27,61.0,8,555.78
p2_S2_N2.137,3447.0,370.9,179.0,12,677.62
p2_E_W.424,3607.0,182.8,57.0,7,508.88
p2_S2_N2.138,3452.0,367.4,171.0,11,680.59
p2_S2_W.42,3277.0,521.87,252.0,18,988.06
p2_S2_W.43,3318.0,484.64,218.0,19,964.98
p2_S2_N2.139,3466.0,359.55,169.0,15,673.47
p2_E_W.425,3610.0,194.95,69.0,7,568.8
p2_E_W.426,3613.0,189.14,66.0,7,535.27
p2_E_W.427,3616.0,192.54,60.0,7,523.42
p2_S2_N2.140,3492.0,330.73,158.0,13,633.06
p2_E_W.428,3619.0,182.91,61.0,8,533.08
p2_S2_N2.141,3498.0,326.6,154.0,13,627.26
p2_E_W.429,3622.0,192.4,56.0,6,546.71
p2_N1_E.46,3431.0,383.52,186.0,13,763.62
p2_E_W.430,3625.0,191.08,57.0,8,534.87
p2_W_E.92,3417.0,399.88,136.0,18,817.87
p2_W_E.93,3439.0,379.73,136.0,18,791.53
p2_W_N1.23,3450.0,381.81,134.0,17,710.46
p2_W_E.94,3443.0,377.6,126.0,19,765.12
p2_N1_S1.142,3485.0,355.77,181.0,12,685.77
p2_W_E.95,3446.0,375.51,127.0,21,761.1
p2_N1_S1.143,3514.0,330.37,167.0,12,632.63
p2_N1_S1.144,3519.0,320.76,162.0,11,629.17
p2_N1_S1.145,3559.0,294.39,145.0,11,606.82
p2_N1_S1.146,3562.0,289.9,143.0,11,597.09
p2_W_N1.24,3506.0,362.31,116.0,21,686.64
p2_S2_N2.142,3540.0,319.63,160.0,9,633.48
p2_S2_N2.143,3543.0,327.61,158.0,9,632.5
p2_S2_N2.144,3546.0,327.33,159.0,9,647.28
p2_S2_N2.145,3557.0,318.09,153.0,12,624.39
p2_S2_N2.146,3585.0,290.19,138.0,8,579.13
p2_S2_N2.147,3591.0,287.68,135.0,9,567.85
p2_W_N1.25,3552.0,326.96,91.0,17,623.73
p2_N1_E.47,3477.0,382.95,201.0,14,782.44
p2_E_S1.43,3628.0,227.31,94.0,10,593.62
p2_N1_E.48,3527.0,335.96,164.0,11,722.89
p2_N1_S1.147,3565.0,321.53,168.0,9,642.01
p2_W_E.96,3459.0,404.7,148.0,20,802.8
p2_W_E.97,3485.0,382.7,135.0,20,774.58
p2_N1_S1.148,3577.0,309.81,160.0,12,611.75
p2_W_E.98,3489.0,373.14,132.0,23,762.85
p2_N1_S1.149,3606.0,288.09,146.0,10,598.49
p2_N1_S1.150,3612.0,283.02,145.0,10,602.31
p2_W_E.99,3492.0,371.13,127.0,19,747.51
p2_W_E.100,3496.0,380.91,123.0,17,737.38
p2_N1_S1.151,3651.0,247.51,126.0,8,536.93
p2_W_E.101,3531.0,341.2,108.0,17,706.85
p2_W_E.102,3535.0,333.81,103.0,17,680.39
p2_E_W.431,3631.0,251.35,109.0,11,619.77
p2_W_E.103,3538.0,346.6,101.0,19,692.66
p2_E_W.432,3634.0,250.82,100.0,9,614.11
p2_W_E.104,3543.0,339.37,99.0,18,700.99
p2_E_W.433,3649.0,237.74,96.0,9,602.9
p2_S2_W.44,3369.0,518.89,259.0,20,990.61
p2_S2_W.45,3413.0,476.7,224.0,18,914.23
p2_E_W.434,3652.0,240.37,104.0,10,590.95
p2_E_W.435,3656.0,237.99,99.0,10,596.8
p2_E_W.436,3659.0,236.84,97.0,10,593.04
p2_E_W.437,3662.0,235.64,93.0,10,581.53
p2_E_W.438,3665.0,234.54,90.0,11,601.82
p2_E_W.439,3668.0,233.34,87.0,10,590.26
p2_N1_E.49,3569.0,337.4,178.0,10,721.45
p2_W_N1.26,3595.0,333.78,101.0,17,656.34
p2_E_W.440,3671.0,222.28,84.0,10,561.85
p2_N1_S1.152,3654.0,278.18,150.0,8,582.43
p2_N1_E.50,3620.0,278.76,143.0,10,643.58
p2_N1_S1.153,3658.0,274.71,144.0,8,564.02
p2_W_E.105,3578.0,328.51,101.0,18,690.54
p2_N1_S1.154,3665.0,273.71,135.0,9,551.81
p2_N1_S1.155,3672.0,268.43,135.0,8,546.51
p2_W_E.106,3581.0,320.39,96.0,17,667.41
p2_W_E.107,3584.0,337.59,93.0,15,700.96
p2_W_E.108,3587.0,336.32,88.0,17,712.82
p2_N1_S1.156,3700.0,239.26,118.0,7,513.95
p2_W_N1.27,3645.0,313.19,93.0,19,607.86
p2_S2_N2.148,3604.0,350.94,199.0,11,676.67
p2_S2_N2.149,3631.0,328.09,184.0,10,635.96
p2_S2_N2.150,3635.0,329.43,182.0,9,650.77
p2_S2_N2.151,3649.0,317.41,178.0,9,620.54
p2_S2_N2.152,3675.0,293.15,159.0,8,583.95
p2_W_N1.28,3683.0,284.07,80.0,16,579.92
p2_E_S1.44,3674.0,278.52,122.0,11,664.69
p2_N1_S1.157,3707.0,271.82,141.0,9,559.12
p2_N1_E.51,3661.0,281.48,143.0,11,638.52
p2_N1_S1.158,3710.0,271.35,140.0,10,565.44
p2_N1_E.52,3703.0,246.13,116.0,7,591.71
p2_W_E.109,3625.0,337.17,108.0,17,715.68
p2_W_E.110,3629.0,334.87,103.0,18,718.19
p2_N1_S1.159,3716.0,264.39,138.0,10,553.77
p2_W_E.111,3632.0,333.61,101.0,18,721.39
p2_N1_S1.160,3746.0,240.32,122.0,8,518.7
p2_W_E.112,3636.0,318.95,98.0,19,686.61
p2_N1_S1.161,3749.0,241.14,121.0,8,521.42
p2_W_E.113,3669.0,288.19,85.0,13,636.01
p2_W_E.114,3672.0,299.82,85.0,13,664.42
p2_W_E.115,3676.0,289.3,84.0,13,652.79
p2_W_E.116,3679.0,296.46,82.0,16,653.2
p2_E_W.441,3677.0,291.89,134.0,13,673.65
p2_W_E.117,3691.0,282.11,73.0,15,630.63
p2_E_W.442,3680.0,297.63,128.0,12,679.3
p2_W_E.118,3715.0,260.4,66.0,16,611.66
p2_E_W.443,3694.0,285.42,121.0,11,683.15
p2_S2_W.46,3458.0,522.76,266.0,21,1016.3
p2_S2_N2.153,3682.0,320.65,187.0,11,637.78
p2_S2_W.47,3505.0,475.93,236.0,20,934.51
p2_E_W.444,3697.0,281.88,123.0,13,641.72
p2_E_W.445,3701.0,285.86,120.0,11,659.1
p2_E_W.446,3704.0,284.53,119.0,12,660.81
p2_E_W.447,3707.0,274.93,117.0,12,635.82
p2_E_W.448,3710.0,279.53,117.0,13,638.42
p2_E_W.449,3713.0,279.06,113.0,12,665.93
p2_E_W.450,3716.0,281.49,111.0,12,651.1
p2_W_N1.29,3726.0,293.27,98.0,15,596.54
p2_E_S1.45,3719.0,279.42,105.0,12,670.71
p2_N1_S1.162,3752.0,270.38,146.0,9,563.96
p2_N1_E.53,3743.0,246.7,127.0,9,593.65
p2_W_E.119,3718.0,279.88,83.0,14,629.88
p2_N1_S1.163,3758.0,269.44,133.0,9,566.74
p2_W_E.120,3721.0,286.18,72.0,16,635.07
p2_N1_S1.164,3764.0,264.63,133.0,10,559.6
p2_N1_S1.165,3789.0,242.71,120.0,8,515.77
p2_E_W.451,3722.0,297.9,121.0,14,686.89
p2_E_W.452,3725.0,296.84,123.0,15,675.41
p2_S2_W.48,3550.0,469.47,236.0,19,932.67
p2_E_W.453,3741.0,286.64,123.0,14,683.08
p2_S2_N2.154,3694.0,356.01,217.0,12,690.32
p2_E_W.454,3744.0,285.41,117.0,13,674.16
p2_E_W.455,3747.0,284.15,116.0,13,668.34
p2_S2_N2.155,3722.0,329.87,201.0,13,667.23
p2_E_W.456,3750.0,282.92,118.0,11,679.94
p2_E_W.457,3753.0,280.82,113.0,14,671.97
p2_E_W.458,3756.0,273.45,108.0,14,642.26
p2_S2_N2.156,3725.0,323.37,197.0,12,649.23
p2_E_W.459,3759.0,274.48,105.0,14,643.91
p2_S2_N2.157,3732.0,330.71,193.0,12,666.11
p2_E_W.460,3762.0,280.07,102.0,14,656.36
p2_S2_N2.158,3735.0,326.58,189.0,13,666.97
p2_W_N1.30,3781.0,283.45,92.0,15,569.84
p2_E_S1.46,3766.0,278.22,110.0,13,667.79
p2_N1_E.54,3755.0,289.53,153.0,10,648.75
p2_N1_E.55,3793.0,250.63,120.0,8,585.64
p2_W_E.121,3735.0,309.84,107.0,14,671.98
p2_N1_S1.166,3797.0,268.05,145.0,8,560.14
p2_W_E.122,3761.0,292.61,96.0,16,640.76
p2_N1_S1.167,3800.0,276.05,141.0,8,559.74
p2_W_E.123,3764.0,291.39,88.0,12,655.9
p2_N1_S1.168,3803.0,274.66,138.0,9,588.24
p2_W_E.124,3767.0,290.07,88.0,15,639.28
p2_N1_S1.169,3809.0,270.53,133.0,9,562.57
p2_W_E.125,3772.0,286.91,83.0,12,650.4
p2_E_W.461,3786.0,279.87,124.0,12,657.68
p2_N1_S1.170,3835.0,237.65,124.0,8,522.64
p2_E_W.462,3789.0,279.35,122.0,12,660.04
p2_N1_S1.171,3839.0,249.38,118.0,7,529.71
p2_E_W.463,3792.0,277.09,118.0,14,651.56
p2_S2_N2.159,3738.0,355.99,216.0,13,679.89
p2_S2_W.49,3596.0,469.46,255.0,16,928.6
p2_S2_W.50,3641.0,435.25,235.0,16,879.52
p2_E_W.464,3795.0,283.7,120.0,15,675.83
p2_S2_N2.160,3768.0,328.04,199.0,11,649.97
p2_E_W.465,3798.0,282.45,109.0,12,686.18
p2_S2_N2.161,3771.0,324.08,198.0,13,658.49
p2_E_W.466,3801.0,272.27,115.0,17,655.69
p2_E_W.467,3804.0,274.99,108.0,14,665.6
p2_S2_N2.162,3774.0,333.35,193.0,10,660.53
p2_E_W.468,3807.0,280.9,105.0,14,662.23
p2_S2_N2.163,3780.0,329.13,186.0,12,650.31
p2_E_W.469,3810.0,279.59,101.0,12,673.1
p2_W_N1.31,3829.0,283.41,101.0,15,582.48
p2_E_W.470,3813.0,275.82,101.0,13,664.14
p2_N1_E.56,3806.0,277.92,137.0,11,645.72
p2_N1_S1.172,3845.0,272.05,143.0,10,560.61
p2_W_E.126,3808.0,288.62,101.0,15,649.07
p2_W_E.127,3811.0,286.33,99.0,14,646.53
p2_W_E.128,3814.0,286.08,96.0,17,651.06
p2_N1_S1.173,3848.0,266.0,142.0,9,563.57
p2_N1_S1.174,3851.0,275.31,136.0,10,575.99
p2_N1_S1.175,3882.0,246.08,118.0,7,531.67
p2_N1_S1.176,3886.0,243.84,116.0,7,525.17
p2_W_E.129,3819.0,268.9,93.0,15,603.41
p2_W_N1.32,3874.0,268.13,89.0,16,569.46
p2_S2_N2.164,3783.0,356.07,215.0,13,692.97
p2_S2_N2.165,3789.0,354.97,214.0,12,682.02
p2_S2_N2.166,3817.0,330.86,194.0,10,649.16
p2_S2_N2.167,3820.0,329.62,193.0,10,640.59
p2_W_N1.33,3922.0,230.79,72.0,10,514.72
p2_S2_N2.168,3823.0,327.19,190.0,14,640.88
p2_N1_E.57,3842.0,294.37,155.0,13,671.01
p2_N1_E.58,3857.0,275.93,138.0,9,642.28
p2_E_S1.47,3815.0,313.0,149.0,16,705.26
p2_W_E.130,3852.0,283.62,110.0,16,646.05
p2_N1_S1.177,3889.0,277.77,139.0,9,564.55
p2_W_E.131,3856.0,290.28,101.0,15,643.39
p2_W_E.132,3859.0,288.93,102.0,16,645.5
p2_W_E.133,3864.0,284.4,98.0,14,652.53
p2_N1_S1.178,3895.0,265.07,138.0,8,560.27
p2_N1_S1.179,3898.0,274.96,139.0,8,575.53
p2_W_E.134,3901.0,240.31,84.0,12,570.52
p2_W_E.135,3904.0,252.4,82.0,13,567.82
p2_W_E.136,3907.0,250.25,80.0,11,585.86
p2_W_E.137,3913.0,246.98,73.0,12,587.31
p2_E_W.471,3818.0,337.42,167.0,16,736.1
p2_E_W.472,3832.0,329.66,162.0,15,729.51
p2_W_E.138,3945.0,207.93,68.0,12,529.12
p2_E_W.473,3836.0,320.05,158.0,13,719.74
p2_S2_W.51,3687.0,479.04,285.0,15,958.5
p2_S2_W.52,3728.0,440.36,257.0,17,909.32
p2_E_W.474,3839.0,331.66,158.0,15,740.63
p2_E_W.475,3842.0,330.44,155.0,15,737.43
p2_E_W.476,3845.0,329.29,152.0,15,725.69
p2_E_W.477,3848.0,327.99,147.0,15,730.36
p2_E_W.478,3851.0,324.14,141.0,14,722.47
p2_E_W.479,3854.0,325.67,142.0,14,723.62
p2_E_W.480,3857.0,324.39,135.0,17,717.57
p2_W_N1.34,3959.0,243.35,85.0,13,531.9
p2_E_S1.48,3862.0,315.5,127.0,14,694.06
p2_N1_E.59,3892.0,282.84,149.0,11,651.91
p2_W_E.139,3950.0,233.65,84.0,14,576.08
p2_W_E.140,3953.0,237.68,77.0,12,584.18
p2_W_E.141,3956.0,236.34,73.0,13,589.0
p2_E_W.481,3878.0,317.32,138.0,13,704.63
p2_E_W.482,3882.0,324.7,131.0,14,711.66
p2_S2_N2.169,3829.0,404.52,255.0,13,762.5
p2_E_W.483,3885.0,326.96,129.0,16,721.49
p2_S2_N2.170,3835.0,400.9,252.0,12,745.31
p2_S2_W.53,3743.0,466.16,270.0,21,943.61
p2_S2_W.54,3777.0,438.41,250.0,17,901.82
p2_S2_N2.171,3860.0,377.07,239.0,11,713.17
p2_E_W.484,3888.0,330.89,138.0,15,741.18
p2_E_W.485,3891.0,329.61,130.0,14,762.44
p2_S2_N2.172,3867.0,375.34,232.0,12,711.52
p2_S2_N2.173,3870.0,372.8,229.0,15,708.39
p2_E_W.486,3894.0,314.56,124.0,13,701.25
p2_W_E.142,3962.0,264.67,100.0,14,610.42
p2_E_W.487,3897.0,329.03,123.0,13,725.0
p2_W_E.143,3965.0,263.7,92.0,12,597.76
p2_E_W.488,3900.0,329.03,119.0,13,716.57
p2_W_E.144,3968.0,262.48,93.0,14,595.71
p2_W_N1.35,3974.0,276.77,100.0,13,566.9
p2_E_W.489,3903.0,326.15,116.0,16,720.32
p2_E_W.490,3906.0,323.83,113.0,12,710.06
p2_W_E.145,3971.0,260.56,84.0,13,586.89
p2_S2_N2.174,3873.0,403.0,253.0,15,756.44
p2_W_N1.36,4011.0,270.82,83.0,17,557.77
p2_S2_N2.175,3882.0,401.24,253.0,14,763.4
p2_S2_N2.176,3907.0,372.64,238.0,13,720.41
p2_S2_N2.177,3911.0,380.23,236.0,14,736.88
p2_W_E.146,3977.0,296.01,109.0,13,647.5
p2_W_N1.37,4050.0,241.96,72.0,13,512.85
p2_W_E.147,3991.0,283.72,104.0,14,634.04
p2_W_E.148,3995.0,280.73,98.0,13,606.84
p2_E_S1.49,3909.0,362.0,149.0,18,763.36
p2_W_E.149,3998.0,280.77,94.0,14,622.27
p2_W_E.150,4003.0,277.62,92.0,14,619.69
p2_S2_N2.178,3917.0,364.21,228.0,11,717.4
p2_W_E.151,4037.0,247.73,77.0,13,566.74
p2_W_E.152,4040.0,248.5,71.0,11,590.72
p2_E_W.491,3925.0,371.71,158.0,16,779.47
p2_W_E.153,4044.0,240.34,74.0,13,558.54
p2_S2_W.55,3814.0,482.65,286.0,17,952.28
p2_W_E.154,4047.0,252.72,71.0,13,582.0
p2_E_W.492,3929.0,368.63,163.0,14,771.31
p2_S2_N2.179,3920.0,403.83,252.0,12,770.16
p2_E_W.493,3932.0,368.86,158.0,14,781.45
p2_E_W.494,3935.0,363.11,147.0,15,773.87
p2_E_W.495,3938.0,358.65,151.0,17,754.76
p2_E_W.496,3941.0,373.17,145.0,13,762.67
p2_E_W.497,3944.0,371.95,145.0,15,783.77
p2_E_W.498,3947.0,367.75,137.0,14,788.56
p2_E_W.499,3950.0,359.49,138.0,15,776.46
p2_W_N1.38,4065.0,276.86,83.0,17,580.18
p2_E_S1.50,3968.0,352.13,144.0,14,748.72
p2_E_W.500,3954.0,365.85,137.0,14,780.28
p2_W_E.155,4053.0,261.34,84.0,14,587.62
p2_W_E.156,4056.0,273.33,77.0,14,609.39
p2_W_E.157,4059.0,272.01,78.0,13,619.39
p2_W_E.158,4062.0,265.28,77.0,16,620.0
p2_E_W.501,3972.0,369.89,160.0,15,777.45
p2_E_W.502,3975.0,368.85,156.0,13,756.55
p2_E_W.503,3978.0,367.91,151.0,15,769.76
p2_S2_W.56,3826.0,520.56,316.0,19,1011.8
p2_S2_W.57,3864.0,483.91,290.0,16,948.99
p2_E_W.504,3980.0,361.81,156.0,15,765.28
p2_E_W.505,3984.0,370.5,153.0,14,779.29
p2_E_W.506,3987.0,374.87,148.0,14,789.2
p2_E_W.507,3992.0,357.41,145.0,14,771.62
p2_W_E.159,4068.0,296.56,99.0,20,641.49
p2_E_W.508,4021.0,344.73,126.0,13,729.5
p2_W_E.160,4071.0,295.51,95.0,22,628.46
p2_W_N1.39,4099.0,289.89,104.0,20,589.77
p2_E_W.509,4034.0,333.45,128.0,13,725.54
p2_E_W.510,4039.0,330.11,123.0,15,724.34
p2_W_E.161,4084.0,282.82,89.0,19,610.57
p2_W_E.162,4090.0,283.02,89.0,19,634.24
p2_W_N1.40,4143.0,275.24,83.0,17,570.58
p2_W_N1.41,4186.0,243.2,68.0,18,506.86
p2_W_E.163,4127.0,282.67,103.0,16,616.77
p2_W_E.164,4131.0,280.93,102.0,17,615.05
p2_E_S1.51,4045.0,368.69,161.0,16,792.65
p2_W_E.165,4134.0,281.89,97.0,18,625.08
p2_W_E.166,4138.0,280.04,87.0,16,629.68
p2_W_E.167,4152.0,266.76,83.0,19,606.04
p2_W_E.168,4175.0,252.31,81.0,17,578.61
p2_W_E.169,4179.0,250.02,78.0,17,593.8
p2_W_E.170,4182.0,248.71,72.0,18,594.92
p2_W_E.171,4195.0,237.56,67.0,15,549.64
p2_E_W.511,4063.0,370.69,172.0,16,788.9
p2_E_W.512,4066.0,369.83,164.0,15,782.17
p2_S2_W.58,3876.0,561.36,339.0,22,1078.02
p2_S2_W.59,3914.0,524.83,315.0,19,1042.11
p2_E_W.513,4069.0,372.33,166.0,16,812.48
p2_E_W.514,4072.0,371.17,162.0,16,787.65
p2_E_W.515,4075.0,370.07,154.0,17,772.61
p2_E_W.516,4078.0,368.95,152.0,17,776.14
p2_E_W.517,4086.0,361.27,151.0,17,770.09
p2_E_W.518,4115.0,330.87,134.0,16,727.36
p2_E_W.519,4126.0,320.09,126.0,16,718.3
p2_E_W.520,4132.0,325.75,124.0,15,719.09
p2_W_E.172,4220.0,234.94,84.0,18,550.85
p2_W_E.173,4224.0,234.86,76.0,12,543.31
p2_E_S1.52,4138.0,312.26,139.0,14,716.16
p2_W_E.174,4226.0,233.51,75.0,16,541.98
p2_W_E.175,4230.0,235.05,71.0,13,559.92
p2_W_N1.42,4233.0,237.5,75.0,10,536.19
p2_E_W.521,4155.0,321.52,152.0,13,714.44
p2_E_W.522,4158.0,324.44,142.0,13,735.41
p2_E_W.523,4162.0,321.92,142.0,13,718.98
p2_E_W.524,4165.0,321.88,146.0,13,751.24
p2_E_W.525,4168.0,314.17,141.0,13,716.54
p2_E_W.526,4171.0,319.78,136.0,13,722.14
p2_E_W.527,4174.0,320.26,129.0,14,713.93
p2_E_W.528,4177.0,319.01,125.0,13,726.68
p2_E_W.529,4180.0,314.74,125.0,17,715.73
p2_W_E.176,4236.0,267.13,92.0,14,610.31
p2_W_N1.43,4248.0,277.67,90.0,16,577.86
p2_W_E.177,4239.0,264.87,93.0,13,611.4
p2_E_W.530,4183.0,300.75,118.0,15,676.09
p2_W_E.178,4242.0,266.4,85.0,13,628.97
p2_W_E.179,4245.0,265.04,83.0,13,600.2
p2_E_S1.53,4186.0,311.91,117.0,15,704.78
p2_E_W.531,4199.0,323.74,131.0,15,696.09
p2_E_W.532,4202.0,322.99,126.0,18,706.7
p2_E_W.533,4205.0,325.93,122.0,14,704.6
p2_E_W.534,4208.0,324.65,132.0,17,723.95
p2_E_W.535,4212.0,322.46,125.0,15,726.91
p2_E_W.536,4215.0,321.17,122.0,18,726.75
p2_E_W.537,4218.0,317.72,119.0,16,713.54
p2_E_W.538,4221.0,319.02,115.0,17,720.38
p2_E_W.539,4227.0,314.88,112.0,18,688.8
p2_E_W.540,4246.0,297.63,96.0,13,680.63
p2_W_E.180,4252.0,296.79,101.0,16,653.62
p2_W_E.181,4266.0,285.12,95.0,13,628.17
p2_W_N1.44,4284.0,284.38,101.0,16,585.32
p2_E_S1.54,4249.0,298.19,90.0,14,696.44
p2_W_E.182,4270.0,279.83,92.0,16,620.64
p2_W_E.183,4276.0,283.12,91.0,18,626.47
p2_E_W.541,4252.0,318.06,107.0,16,706.1
p2_E_W.542,4255.0,317.56,112.0,17,697.58
p2_E_W.543,4258.0,319.18,114.0,15,712.5
p2_E_W.544,4261.0,314.47,109.0,13,704.56
p2_E_W.545,4264.0,317.54,107.0,11,720.3
p2_E_W.546,4267.0,316.35,101.0,11,720.83
p2_E_W.547,4272.0,312.34,117.0,12,726.45
p2_E_W.548,4295.0,291.86,107.0,12,677.16
p2_E_W.549,4310.0,278.61,100.0,11,647.81
p2_E_W.550,4315.0,271.91,97.0,10,628.76
p2_W_N1.45,4333.0,284.6,100.0,13,591.77
p2_E_S1.55,4323.0,273.4,96.0,10,653.23
p2_W_E.184,4313.0,277.74,110.0,14,622.98
p2_W_E.185,4317.0,287.16,104.0,12,629.94
p2_W_E.186,4320.0,285.93,99.0,14,637.81
p2_W_E.187,4325.0,273.03,97.0,15,619.51
p2_E_W.551,4340.0,274.03,107.0,11,646.2
p2_E_W.552,4343.0,269.79,102.0,11,636.39
p2_E_W.553,4346.0,272.53,100.0,10,639.7
p2_E_W.554,4350.0,268.15,94.0,12,641.99
p2_E_W.555,4353.0,275.89,93.0,12,632.75
p2_E_W.556,4356.0,260.8,88.0,10,604.97
p2_E_W.557,4359.0,276.68,88.0,11,632.04
p2_E_W.558,4362.0,275.45,93.0,14,650.22
p2_E_W.559,4365.0,274.13,93.0,14,657.27
p2_E_W.560,4368.0,269.18,88.0,13,669.89
p2_W_N1.46,4372.0,287.68,111.0,17,599.47
p2_W_E.188,4359.0,277.91,114.0,16,622.96
p2_W_E.189,4362.0,281.26,105.0,15,625.03
p2_E_S1.56,4385.0,244.83,91.0,10,620.08
p2_W_E.190,4366.0,287.31,102.0,15,654.54
p2_W_E.191,4369.0,286.05,101.0,17,656.92
p2_E_W.561,4388.0,276.54,99.0,11,643.97
p2_E_W.562,4391.0,275.31,92.0,10,645.26
p2_E_W.563,4394.0,273.23,89.0,12,638.39
p2_E_W.564,4397.0,268.59,85.0,11,632.21
p2_E_W.565,4400.0,273.85,82.0,10,624.99
p2_E_W.566,4403.0,267.34,79.0,13,609.85
p2_E_W.567,4409.0,268.72,75.0,10,634.2
p2_E_W.568,4434.0,233.7,66.0,9,569.61
p2_W_E.192,4375.0,311.78,122.0,17,674.8
p2_E_W.569,4448.0,238.62,74.0,9,586.27
p2_W_N1.47,4388.0,321.92,120.0,21,624.83
p2_E_W.570,4453.0,235.34,70.0,8,579.79
p2_W_E.193,4378.0,309.69,116.0,17,669.3
p2_E_S1.57,4461.0,228.33,65.0,10,579.55
p2_W_E.194,4382.0,309.56,113.0,15,665.52
p2_W_E.195,4385.0,308.15,108.0,17,652.17
p2_E_W.571,4477.0,232.51,80.0,9,599.02
p2_E_W.572,4480.0,231.9,74.0,8,584.16
p2_E_W.573,4483.0,231.39,77.0,10,596.98
p2_E_W.574,4486.0,230.15,70.0,9,578.95
p2_E_W.575,4489.0,223.03,65.0,9,564.33
p2_E_W.576,4492.0,230.86,65.0,8,581.76
p2_E_W.577,4495.0,229.62,62.0,8,592.19
p2_E_W.578,4498.0,228.41,59.0,9,581.74
p2_E_W.579,4501.0,227.13,68.0,8,595.52
p2_E_W.580,4504.0,216.82,68.0,8,563.15
p2_E_S1.58,4508.0,226.89,67.0,8,584.63
p2_W_E.196,4391.0,338.98,126.0,21,699.23
p2_W_N1.48,4425.0,328.27,112.0,20,650.89
p2_W_E.197,4405.0,334.27,118.0,19,688.84
p2_W_E.198,4409.0,330.01,115.0,17,681.13
p2_W_E.199,4412.0,326.99,105.0,19,688.72
p2_W_E.200,4417.0,327.65,102.0,19,685.3
p2_E_W.581,4522.0,227.5,81.0,9,592.7
p2_E_W.582,4525.0,236.81,77.0,10,613.86
p2_E_W.583,4528.0,233.23,76.0,9,594.44
p2_E_W.584,4531.0,234.28,73.0,10,610.49
p2_E_W.585,4534.0,232.98,73.0,9,595.48
p2_E_W.586,4537.0,228.8,69.0,9,585.41
p2_E_W.587,4540.0,227.86,64.0,9,587.28
p2_E_W.588,4543.0,229.53,58.0,10,603.47
p2_E_W.589,4546.0,228.32,72.0,10,600.44
p2_E_W.590,4549.0,227.01,69.0,10,595.17
p2_W_E.201,4451.0,328.34,116.0,19,695.96
p2_W_E.202,4454.0,327.08,113.0,22,692.94
p2_W_N1.49,4471.0,330.65,118.0,26,658.62
p2_E_S1.59,4572.0,205.67,62.0,11,560.19
p2_W_E.203,4458.0,322.4,111.0,20,689.27
p2_W_E.204,4462.0,327.83,104.0,19,690.33
p2_E_W.591,4585.0,216.77,72.0,9,567.57
p2_E_W.592,4589.0,207.22,73.0,10,553.68
p2_E_W.593,4596.0,214.48,69.0,9,569.05
p2_E_W.594,4615.0,197.12,65.0,8,528.01
p2_E_W.595,4618.0,195.87,63.0,7,547.63
p2_E_W.596,4621.0,181.43,61.0,9,520.68
p2_E_W.597,4624.0,192.04,56.0,8,524.06
p2_E_W.598,4628.0,193.39,54.0,10,541.52
p2_W_N1.50,4509.0,331.17,111.0,18,649.55
p2_E_W.599,4631.0,192.26,62.0,9,551.4
p2_W_E.205,4497.0,328.42,118.0,18,671.17
p2_W_E.206,4500.0,322.94,115.0,17,681.85
p2_W_E.207,4503.0,333.25,112.0,18,697.69
p2_W_E.208,4506.0,326.21,108.0,17,681.68
p2_W_E.209,4512.0,334.6,104.0,14,694.3
p2_W_N1.51,4524.0,348.42,105.0,19,662.13
p2_W_N1.52,4554.0,332.01,86.0,16,617.62
p2_W_E.210,4515.0,356.13,121.0,17,730.37
p2_W_E.211,4518.0,354.5,114.0,16,721.61
p2_W_E.212,4521.0,349.19,110.0,21,717.32
p2_W_E.213,4527.0,356.72,101.0,21,736.25
p2_W_E.214,4544.0,330.59,96.0,15,687.77
p2_W_E.215,4547.0,347.47,91.0,13,694.3
p2_W_E.216,4551.0,344.56,90.0,16,705.99
p2_W_N1.53,4601.0,313.66,91.0,17,615.93
p2_W_E.217,4563.0,337.53,84.0,15,716.58
p2_W_E.218,4590.0,297.86,77.0,13,637.41
p2_W_N1.54,4656.0,271.89,65.0,13,559.73
p2_W_E.219,4593.0,324.08,92.0,16,678.77
p2_W_E.220,4596.0,317.43,88.0,15,661.79
p2_W_E.221,4610.0,316.54,85.0,15,673.97
p2_W_E.222,4636.0,280.67,74.0,17,621.44
p2_W_E.223,4640.0,295.15,74.0,14,611.0
p2_W_E.224,4643.0,283.68,71.0,16,630.64
p2_W_E.225,4647.0,291.71,66.0,14,630.87
p2_W_E.226,4682.0,256.0,60.0,14,585.79
p2_W_E.227,4685.0,257.16,60.0,12,587.51
p2_W_N1.55,4702.0,256.14,69.0,14,533.12
p2_W_E.228,4688.0,243.97,61.0,17,550.77
p2_W_N1.56,4747.0,224.86,54.0,9,486.52
p2_W_N1.57,4793.0,189.15,42.0,10,436.05
p2_W_E.229,4693.0,266.25,73.0,20,594.7
p2_W_E.230,4727.0,235.04,58.0,10,549.94
p2_W_E.231,4730.0,242.47,60.0,11,551.98
p2_W_E.232,4734.0,240.1,59.0,10,563.3
p2_W_E.233,4739.0,224.62,55.0,10,536.41
p2_W_E.234,4774.0,213.56,49.0,9,507.29
p2_W_E.235,4778.0,211.21,43.0,9,520.34
p2_W_E.236,4781.0,209.99,43.0,9,526.45
p2_W_E.237,4785.0,207.77,46.0,10,527.01
p2_W_N1.58,4832.0,181.98,44.0,8,416.77
p2_W_E.238,4818.0,173.31,38.0,8,466.87
p2_W_N1.59,4876.0,147.82,35.0,8,375.48
p2_W_E.239,4822.0,187.05,53.0,7,466.63
p2_W_E.240,4825.0,183.94,49.0,8,469.37
p2_W_E.241,4828.0,188.62,47.0,8,490.15
p2_W_E.242,4843.0,170.68,47.0,12,437.61
p2_W_E.243,4866.0,160.03,43.0,7,429.63
p2_W_E.244,4869.0,145.18,36.0,5,417.12
p2_W_E.245,4872.0,164.82,35.0,6,443.23
p2_W_E.246,4885.0,155.93,34.0,8,453.07
p2_W_E.247,4912.0,130.66,26.0,4,440.99
p2_W_E.248,4915.0,141.7,41.0,5,434.94
p2_W_E.249,4918.0,140.93,41.0,5,438.47
