id,depart,timeloss,espera,paradas,co2
p1_S2_N2.0,0.0,5.96,0.0,0,146.14
p1_N2_S2.0,0.0,6.65,0.0,0,157.42
p1_N1_S1.0,0.0,24.32,14.0,1,196.45
p1_N1_S1.1,10.0,20.02,6.0,1,185.86
p1_N1_S1.2,20.0,11.78,0.0,0,187.54
p1_N2_S2.1,10.0,22.68,10.0,1,193.86
p1_S2_N2.1,10.0,22.29,13.0,1,193.31
p1_S1_N1.0,0.0,19.59,10.0,1,180.99
p1_S1_N1.1,10.0,18.54,6.0,1,191.45
p1_N2_S2.2,20.0,14.99,3.0,1,182.6
p1_S1_N1.2,20.0,16.13,0.0,0,192.43
p1_S2_N2.2,20.0,10.42,0.0,0,177.29
p1_N2_S2.3,30.0,6.21,0.0,0,152.37
p1_N2_W.0,3.0,14.48,0.0,0,235.62
p1_S2_N2.3,30.0,9.62,0.0,0,156.95
p1_W_S2.0,3.0,21.82,2.0,1,229.3
p1_E_W.0,0.0,9.74,0.0,0,216.9
p1_E_N1.0,3.0,12.75,0.0,0,232.28
p1_E_W.1,8.0,19.27,0.0,0,239.02
p1_E_W.2,15.0,9.57,0.0,0,201.89
p1_W_E.0,0.0,15.33,3.0,1,214.35
p1_W_E.1,6.0,24.93,1.0,1,244.12
p1_E_W.3,22.0,8.72,0.0,0,209.85
p1_W_E.2,9.0,23.36,1.0,1,249.57
p1_W_E.3,12.0,21.12,0.0,0,254.31
p1_W_E.4,15.0,20.63,0.0,0,233.9
p1_S1_E.0,3.0,28.38,9.0,1,255.3
p1_W_E.5,18.0,22.6,10.0,1,244.5
p1_W_E.6,21.0,21.87,9.0,1,236.01
p1_W_E.7,24.0,20.63,7.0,1,238.37
p1_E_W.4,29.0,17.93,6.0,1,232.06
p1_W_E.8,27.0,16.5,3.0,1,226.09
p1_W_E.9,30.0,19.7,2.0,1,237.95
p1_W_S2.1,36.0,20.03,2.0,1,251.62
p1_W_E.10,33.0,24.44,2.0,1,253.77
p1_E_N1.1,32.0,14.94,2.0,1,232.23
p1_E_W.5,36.0,9.79,0.0,0,210.55
p1_S2_N2.4,40.0,43.7,32.0,1,222.51
p1_E_W.6,44.0,18.45,0.0,0,232.45
p1_N2_S2.4,40.0,45.56,27.0,1,225.07
p1_E_W.7,51.0,13.26,0.0,0,233.34
p1_S1_N1.3,30.0,56.86,46.0,1,247.07
p1_N1_S1.3,30.0,55.22,44.0,1,236.24
p1_S2_N2.5,50.0,31.7,19.0,1,200.49
p1_N1_S1.4,40.0,51.24,38.0,1,243.94
p1_S2_N2.6,60.0,31.56,17.0,1,213.32
p1_S1_N1.4,40.0,52.29,41.0,1,241.16
p1_N2_S2.5,50.0,33.34,21.0,1,206.26
p1_N1_S1.5,50.0,43.03,29.0,1,226.65
p1_S2_N2.7,70.0,23.32,5.0,1,213.36
p1_N2_S2.6,60.0,34.16,16.0,1,210.87
p1_W_E.11,39.0,30.96,14.0,1,269.14
p1_S1_N1.5,50.0,39.06,26.0,1,212.07
p1_W_E.12,42.0,33.58,13.0,1,281.23
p1_N1_S1.6,60.0,26.22,14.0,1,194.89
p1_S1_N1.6,60.0,42.18,23.0,1,231.69
p1_W_E.13,45.0,34.46,13.0,1,305.44
p1_N1_S1.7,70.0,33.26,12.0,1,204.61
p1_W_E.14,48.0,35.17,12.0,1,301.79
p1_S1_N1.7,70.0,33.9,15.0,1,213.94
p1_N1_S1.8,80.0,24.86,5.0,1,211.59
p1_S1_N1.8,80.0,25.52,6.0,1,203.29
p1_N1_S1.9,90.0,15.37,0.0,0,198.97
p1_S1_N1.9,90.0,17.26,0.0,0,194.61
p1_E_W.8,58.0,30.89,19.0,1,254.21
p1_W_E.15,51.0,23.41,9.0,1,232.54
p1_W_E.16,54.0,37.07,7.0,1,250.65
p1_W_E.17,57.0,28.32,6.0,1,256.45
p1_E_W.9,65.0,27.57,12.0,1,231.03
p1_W_E.18,60.0,34.52,6.0,1,266.8
p1_E_N1.2,61.0,25.26,12.0,1,241.63
p1_E_W.10,72.0,22.48,9.0,1,240.33
p1_W_E.19,63.0,21.13,6.0,1,237.76
p1_W_S2.2,69.0,27.27,4.0,1,259.62
p1_W_E.20,66.0,30.2,5.0,1,255.52
p1_W_E.21,72.0,28.13,4.0,1,271.82
p1_S2_N2.8,80.0,43.17,29.0,1,228.69
p1_N2_S2.7,70.0,56.38,38.0,2,260.57
p1_S2_N2.9,90.0,37.46,25.0,1,217.6
p1_E_N1.3,90.0,12.53,0.0,0,232.11
p1_N2_S2.8,80.0,47.57,27.0,2,231.66
p1_N2_S2.9,90.0,40.64,26.0,1,226.22
p1_N2_W.1,33.0,44.38,27.0,1,283.6
p1_S2_N2.10,100.0,27.04,15.0,1,197.77
p1_E_W.11,80.0,31.47,4.0,1,250.47
p1_S2_N2.11,110.0,23.54,7.0,1,202.16
p1_E_W.12,87.0,26.03,1.0,1,254.72
p1_N2_S2.10,100.0,34.99,21.0,1,214.64
p1_S2_N2.12,120.0,15.24,0.0,0,192.26
p1_E_W.13,94.0,20.77,0.0,0,242.02
p1_N2_S2.11,110.0,26.52,13.0,1,205.56
p1_S2_N2.13,130.0,6.23,0.0,0,150.13
p1_E_W.14,101.0,15.58,0.0,0,221.09
p1_N2_S2.12,120.0,16.17,4.0,1,187.21
p1_E_W.15,108.0,10.24,0.0,0,205.87
p1_N2_W.2,63.0,62.39,45.0,2,314.06
p1_W_E.22,75.0,51.11,25.0,2,299.29
p1_S1_E.1,33.0,92.84,64.0,2,374.39
p1_S1_E.2,63.0,67.71,41.0,2,331.15
p1_W_E.23,78.0,54.55,34.0,2,308.0
p1_W_E.24,81.0,48.03,30.0,2,288.74
p1_N1_S1.10,100.0,58.33,49.0,1,249.07
p1_W_E.25,84.0,53.99,27.0,2,309.15
p1_N1_S1.11,110.0,50.29,39.0,1,233.54
p1_W_E.26,87.0,52.6,25.0,2,304.72
p1_S1_N1.10,100.0,59.92,46.0,1,252.88
p1_N1_S1.12,120.0,42.33,30.0,1,224.17
p1_W_E.27,90.0,48.9,23.0,2,308.22
p1_N1_S1.13,130.0,34.49,22.0,1,212.89
p1_W_E.28,93.0,46.82,21.0,2,294.87
p1_W_E.29,96.0,49.15,19.0,2,296.89
p1_N1_S1.14,140.0,26.3,13.0,1,199.17
p1_S1_N1.11,110.0,47.12,35.0,1,227.7
p1_S1_N1.12,120.0,51.74,32.0,1,231.82
p1_W_E.30,99.0,37.8,14.0,2,273.51
p1_W_S2.3,102.0,41.27,13.0,2,297.02
p1_S1_N1.13,130.0,43.51,25.0,1,233.64
p1_N1_S1.15,150.0,14.75,0.0,0,174.94
p1_N1_S1.16,160.0,14.59,0.0,0,177.44
p1_N2_W.3,93.0,61.95,39.0,2,315.48
p1_W_E.31,105.0,32.48,6.0,2,266.34
p1_N2_S2.13,130.0,50.63,32.0,1,244.61
p1_N2_W.4,123.0,27.74,6.0,1,267.14
p1_S2_N2.14,140.0,39.36,27.0,1,219.6
p1_W_E.32,108.0,53.4,5.0,1,291.38
p1_E_W.16,116.0,46.56,25.0,2,296.68
p1_S2_N2.15,150.0,30.42,17.0,1,204.43
p1_E_N1.4,120.0,35.27,15.0,2,273.57
p1_E_W.17,123.0,37.17,13.0,1,283.92
p1_E_W.18,130.0,37.69,10.0,1,289.81
p1_N2_S2.14,140.0,36.26,25.0,1,208.7
p1_S2_N2.16,160.0,20.56,10.0,1,189.82
p1_E_W.19,137.0,32.4,5.0,1,293.79
p1_N2_S2.15,150.0,36.87,21.0,1,216.31
p1_S2_N2.17,170.0,21.02,4.0,1,199.51
p1_S2_N2.18,180.0,12.55,0.0,0,183.55
p1_N2_S2.16,160.0,32.92,15.0,1,214.32
p1_N2_S2.17,170.0,24.61,7.0,1,213.11
p1_E_W.20,144.0,16.84,0.0,0,232.91
p1_N2_S2.18,180.0,16.51,0.0,0,196.73
p1_E_N1.5,150.0,18.35,0.0,0,232.3
p1_E_W.21,153.0,23.77,0.0,0,244.75
p1_E_W.22,159.0,18.45,0.0,0,228.6
p1_E_W.23,166.0,8.5,0.0,0,195.31
p1_W_E.33,111.0,56.94,22.0,2,308.17
p1_W_E.34,114.0,70.05,21.0,2,319.12
p1_W_E.35,117.0,59.88,19.0,2,311.17
p1_W_E.36,120.0,67.62,18.0,2,331.54
p1_N2_W.5,153.0,35.43,20.0,1,253.36
p1_W_E.37,123.0,62.98,17.0,2,336.06
p1_W_E.38,126.0,65.37,16.0,2,352.02
p1_W_E.39,129.0,55.48,15.0,3,326.82
p1_W_S2.4,135.0,58.34,14.0,2,317.95
p1_W_E.40,132.0,59.36,14.0,2,341.82
p1_W_E.41,138.0,56.97,15.0,2,327.03
p1_W_E.42,141.0,50.1,13.0,2,316.34
p1_S1_E.3,93.0,107.64,58.0,2,416.11
p1_S1_N1.14,140.0,84.58,67.0,2,301.06
p1_S1_E.4,123.0,77.12,40.0,2,365.34
p1_N1_S1.17,170.0,51.89,41.0,1,234.72
p1_W_E.43,144.0,59.25,27.0,2,325.35
p1_S1_N1.15,150.0,75.5,58.0,2,287.22
p1_W_E.44,147.0,53.86,27.0,2,311.07
p1_N1_S1.18,180.0,44.19,32.0,1,231.8
p1_W_E.45,150.0,59.37,26.0,2,323.58
p1_S1_N1.16,160.0,70.7,49.0,2,267.93
p1_W_E.46,153.0,58.13,23.0,2,323.9
p1_S1_N1.17,170.0,63.09,46.0,1,258.27
p1_N1_S1.19,190.0,35.18,22.0,1,208.0
p1_W_E.47,156.0,56.86,21.0,2,321.04
p1_S1_N1.18,180.0,54.89,41.0,1,241.81
p1_N1_S1.20,200.0,35.23,19.0,1,214.21
p1_W_E.48,159.0,47.29,22.0,2,293.98
p1_N1_S1.21,210.0,26.93,11.0,1,224.49
p1_W_E.49,162.0,54.62,20.0,2,310.43
p1_N1_S1.22,220.0,18.67,2.0,1,207.28
p1_W_E.50,165.0,51.82,19.0,2,289.64
p1_S1_N1.19,190.0,50.15,35.0,1,229.89
p1_N1_S1.23,230.0,6.58,0.0,0,154.54
p1_S2_N2.19,190.0,51.53,40.0,1,239.88
p1_S1_N1.20,200.0,42.17,26.0,1,233.45
p1_S2_N2.20,200.0,43.45,31.0,1,224.64
p1_N2_S2.19,190.0,51.94,40.0,1,237.28
p1_S2_N2.21,210.0,35.29,23.0,1,218.27
p1_N2_S2.20,200.0,44.74,33.0,1,233.13
p1_E_W.24,173.0,53.29,35.0,2,304.95
p1_S2_N2.22,220.0,26.42,15.0,1,201.16
p1_S2_N2.23,230.0,20.23,6.0,1,198.08
p1_E_W.25,180.0,43.22,24.0,2,288.24
p1_S2_N2.24,240.0,11.88,0.0,0,190.13
p1_E_W.26,188.0,44.76,20.0,2,280.91
p1_N2_S2.21,210.0,31.3,19.0,1,201.12
p1_E_N1.6,183.0,43.17,22.0,2,277.34
p1_E_W.27,195.0,39.56,16.0,1,286.75
p1_N2_S2.22,220.0,29.22,16.0,1,197.32
p1_S2_N2.25,250.0,6.18,0.0,0,153.3
p1_N2_S2.23,230.0,19.08,5.0,1,187.01
p1_E_N1.7,212.0,29.02,7.0,1,252.66
p1_E_W.28,202.0,23.86,8.0,1,235.94
p1_N2_S2.24,240.0,9.41,0.0,0,164.29
p1_W_S2.5,168.0,77.09,40.0,3,339.06
p1_E_W.29,209.0,36.06,7.0,1,251.14
p1_W_E.51,171.0,74.6,34.0,3,347.7
p1_E_W.30,216.0,30.75,7.0,1,257.56
p1_E_W.31,224.0,24.43,3.0,1,247.95
p1_W_E.52,174.0,68.47,32.0,3,334.9
p1_N2_W.6,183.0,62.65,41.0,1,331.01
p1_W_E.53,177.0,70.38,29.0,3,337.12
p1_N2_W.7,213.0,37.79,19.0,1,263.4
p1_W_E.54,180.0,73.73,29.0,3,352.61
p1_W_E.55,183.0,69.62,26.0,3,344.98
p1_W_E.56,186.0,69.45,24.0,3,345.03
p1_W_E.57,189.0,69.94,21.0,3,351.71
p1_W_E.58,192.0,63.43,21.0,2,324.51
p1_W_E.59,195.0,61.87,19.0,3,320.05
p1_N2_W.8,243.0,16.05,0.0,0,223.79
p1_W_S2.6,201.0,62.34,19.0,3,317.89
p1_E_W.32,231.0,33.13,21.0,1,250.44
p1_E_W.33,238.0,31.99,17.0,1,269.57
p1_W_E.60,198.0,52.97,19.0,3,287.27
p1_W_E.61,204.0,68.39,20.0,3,336.1
p1_W_E.62,207.0,67.06,20.0,3,329.14
p1_E_N1.8,241.0,28.8,15.0,1,260.1
p1_E_W.34,245.0,28.91,12.0,1,258.54
p1_W_E.63,210.0,65.71,19.0,2,342.08
p1_S1_E.5,153.0,124.26,71.0,4,429.96
p1_E_W.35,252.0,20.32,5.0,1,234.17
p1_E_W.36,260.0,15.71,1.0,1,245.94
p1_S1_E.6,183.0,82.7,49.0,2,338.47
p1_W_E.64,213.0,59.76,32.0,2,321.92
p1_S1_N1.21,210.0,95.01,73.0,2,307.16
p1_N1_S1.24,240.0,64.45,54.0,1,255.68
p1_W_E.65,216.0,57.74,30.0,2,312.26
p1_W_E.66,219.0,65.63,30.0,2,328.42
p1_N1_S1.25,250.0,57.97,46.0,1,253.02
p1_W_E.67,222.0,66.81,30.0,2,354.42
p1_W_E.68,225.0,65.56,28.0,2,349.67
p1_S1_N1.22,220.0,92.56,68.0,2,304.16
p1_N2_S2.25,250.0,62.44,49.0,1,265.26
p1_S2_N2.26,260.0,51.84,41.0,1,240.03
p1_S1_N1.23,230.0,84.25,56.0,2,298.24
p1_N1_S1.26,260.0,44.85,33.0,1,219.85
p1_N2_S2.26,260.0,54.17,43.0,1,241.19
p1_S1_N1.24,240.0,76.62,53.0,1,266.13
p1_N1_S1.27,270.0,46.15,29.0,1,235.61
p1_S2_N2.27,270.0,42.55,30.0,1,225.13
p1_N2_S2.27,270.0,43.99,34.0,1,230.57
p1_N1_S1.28,280.0,34.26,20.0,1,224.43
p1_S2_N2.28,280.0,38.22,24.0,1,219.74
p1_N1_S1.29,290.0,29.62,12.0,1,216.44
p1_N2_S2.28,280.0,39.89,27.0,1,225.66
p1_S2_N2.29,290.0,29.97,15.0,1,209.7
p1_N1_S1.30,300.0,20.25,4.0,1,215.32
p1_N1_S1.31,310.0,13.09,0.0,0,207.92
p1_S1_N1.25,250.0,68.65,50.0,1,265.2
p1_W_E.69,228.0,75.3,39.0,3,350.38
p1_S1_N1.26,260.0,66.3,45.0,1,278.56
p1_N1_S1.32,320.0,5.87,0.0,0,151.06
p1_W_E.70,231.0,74.97,37.0,3,345.4
p1_S1_N1.27,270.0,58.02,37.0,1,251.76
p1_W_S2.7,234.0,69.81,32.0,4,338.07
p1_W_E.71,237.0,71.61,31.0,3,356.05
p1_E_W.37,267.0,44.35,29.0,1,277.3
p1_W_E.72,240.0,68.08,29.0,3,322.8
p1_E_W.38,274.0,42.99,21.0,1,267.27
p1_W_E.73,243.0,74.21,29.0,3,338.74
p1_W_E.74,246.0,72.9,26.0,3,372.72
p1_E_N1.9,270.0,36.13,23.0,1,267.98
p1_W_E.75,249.0,67.71,24.0,3,349.7
p1_E_W.39,281.0,33.93,19.0,1,260.82
p1_W_E.76,252.0,70.7,23.0,3,362.32
p1_E_W.40,288.0,33.35,16.0,1,256.7
p1_W_E.77,255.0,69.5,22.0,3,346.84
p1_E_W.41,296.0,28.58,12.0,1,254.43
p1_E_N1.10,300.0,25.59,10.0,1,246.14
p1_W_E.78,258.0,62.4,18.0,3,337.15
p1_N2_W.9,273.0,54.61,32.0,1,304.68
p1_W_E.79,261.0,58.91,16.0,2,318.84
p1_E_W.42,303.0,26.58,9.0,1,257.97
p1_W_E.80,264.0,60.23,16.0,2,316.03
p1_E_W.43,310.0,19.41,5.0,1,245.97
p1_W_S2.8,267.0,60.26,17.0,2,327.88
p1_E_W.44,317.0,17.03,2.0,1,249.17
p1_W_E.81,270.0,58.93,13.0,2,316.17
p1_E_W.45,324.0,11.86,0.0,0,223.09
p1_W_E.82,273.0,64.02,12.0,2,318.55
p1_S1_E.7,213.0,125.45,77.0,3,415.48
p1_S1_E.8,242.0,91.67,57.0,2,358.75
p1_S1_E.9,273.0,64.67,34.0,1,338.16
p1_W_E.83,276.0,59.21,40.0,1,308.67
p1_W_E.84,279.0,69.13,38.0,1,321.41
p1_E_W.46,333.0,14.79,0.0,0,229.2
p1_W_E.85,282.0,56.53,38.0,1,294.76
p1_E_N1.11,330.0,9.66,0.0,0,216.21
p1_S2_N2.30,300.0,72.82,54.0,2,276.21
p1_S2_N2.31,310.0,63.42,47.0,1,258.15
p1_S1_N1.28,280.0,96.09,73.0,2,310.48
p1_S1_N1.29,290.0,89.73,64.0,2,306.87
p1_S2_N2.32,320.0,59.02,45.0,1,246.11
p1_N1_S1.33,330.0,43.89,33.0,1,223.08
p1_S2_N2.33,330.0,50.6,36.0,1,239.36
p1_N1_S1.34,340.0,40.92,26.0,1,226.52
p1_S1_N1.30,300.0,79.64,52.0,2,282.8
p1_N1_S1.35,350.0,32.67,19.0,1,216.27
p1_N2_S2.29,290.0,76.41,60.0,2,273.9
p1_N2_S2.30,300.0,75.52,52.0,2,278.63
p1_S2_N2.34,340.0,39.06,27.0,1,217.95
p1_N1_S1.36,360.0,21.71,10.0,1,200.09
p1_S1_N1.31,310.0,75.88,45.0,2,281.7
p1_N2_S2.31,310.0,76.32,48.0,2,287.36
p1_S2_N2.35,350.0,36.34,20.0,1,219.0
p1_S1_N1.32,320.0,67.58,38.0,1,273.15
p1_N2_S2.32,320.0,68.06,45.0,1,277.71
p1_S2_N2.36,360.0,28.14,11.0,1,203.39
p1_N1_S1.37,370.0,10.9,0.0,0,169.09
p1_N2_S2.33,330.0,59.66,39.0,1,272.15
p1_S1_N1.33,330.0,59.82,37.0,1,258.11
p1_S2_N2.37,370.0,15.07,0.0,0,184.46
p1_N1_S1.38,380.0,9.97,0.0,0,163.14
p1_N2_S2.34,340.0,51.4,32.0,1,262.66
p1_N2_S2.35,350.0,43.32,26.0,1,241.38
p1_S1_N1.34,340.0,52.06,35.0,1,235.05
p1_S1_N1.35,350.0,47.25,28.0,1,237.93
p1_W_E.86,285.0,83.11,62.0,2,355.24
p1_N1_S1.39,390.0,5.88,0.0,0,149.83
p1_W_E.87,288.0,84.66,59.0,2,355.06
p1_W_E.88,291.0,86.29,58.0,2,359.89
p1_W_E.89,294.0,89.22,58.0,2,376.22
p1_S1_N1.36,360.0,32.77,17.0,1,207.46
p1_W_S2.9,300.0,85.73,48.0,2,345.98
p1_S1_N1.37,370.0,37.74,14.0,1,223.66
p1_E_W.47,339.0,48.77,34.0,1,275.11
p1_E_W.48,346.0,43.62,30.0,1,272.75
p1_W_E.90,297.0,70.13,50.0,2,322.55
p1_W_E.91,303.0,89.91,46.0,2,369.48
p1_W_E.92,306.0,75.53,44.0,2,353.92
p1_W_E.93,309.0,89.15,41.0,2,359.63
p1_E_W.49,353.0,28.62,14.0,1,244.55
p1_W_E.94,312.0,87.84,40.0,2,364.15
p1_E_W.50,360.0,39.99,13.0,1,266.18
p1_W_E.95,315.0,80.37,39.0,2,372.66
p1_N2_W.10,303.0,98.73,59.0,3,392.17
p1_E_N1.12,363.0,38.53,22.0,1,280.53
p1_W_E.96,318.0,77.24,39.0,2,379.04
p1_N2_W.11,333.0,70.26,39.0,2,357.75
p1_W_E.97,321.0,83.44,38.0,3,396.28
p1_E_W.51,368.0,37.24,20.0,1,273.88
p1_W_E.98,324.0,78.13,36.0,2,370.1
p1_E_W.52,375.0,31.89,14.0,1,267.77
p1_W_S2.10,333.0,74.39,33.0,3,355.21
p1_W_E.99,327.0,81.7,34.0,2,383.5
p1_W_E.100,330.0,80.48,33.0,2,383.0
p1_S1_E.10,303.0,100.58,62.0,3,380.03
p1_S1_E.11,333.0,82.05,40.0,2,355.34
p1_E_W.53,382.0,16.02,1.0,1,221.38
p1_S1_E.12,363.0,53.79,16.0,1,331.17
p1_E_W.54,389.0,27.54,1.0,1,263.02
p1_W_E.101,336.0,82.54,49.0,2,377.04
p1_E_N1.13,392.0,13.63,0.0,0,232.79
p1_W_E.102,339.0,76.0,47.0,2,357.45
p1_E_W.55,396.0,10.3,0.0,0,212.26
p1_W_E.103,342.0,80.26,48.0,2,375.95
p1_W_E.104,345.0,78.99,45.0,2,375.82
p1_E_W.56,404.0,10.9,0.0,0,207.97
p1_W_E.105,348.0,77.7,43.0,3,374.48
p1_E_W.57,411.0,14.58,0.0,0,224.42
p1_W_E.106,351.0,72.91,39.0,3,369.36
p1_E_W.58,418.0,9.36,0.0,0,203.8
p1_W_E.107,354.0,73.07,38.0,2,390.55
p1_W_E.108,357.0,73.93,37.0,2,397.48
p1_N2_S2.36,360.0,94.23,73.0,2,309.56
p1_E_N1.14,421.0,9.4,0.0,0,208.16
p1_S2_N2.38,380.0,68.23,57.0,1,261.49
p1_N1_S1.40,400.0,62.64,50.0,1,256.47
p1_S1_N1.38,380.0,82.89,59.0,2,299.66
p1_S2_N2.39,390.0,70.93,54.0,1,275.69
p1_N1_S1.41,410.0,54.77,43.0,1,240.07
p1_S1_N1.39,390.0,74.8,52.0,1,274.81
p1_S2_N2.40,400.0,51.49,40.0,1,227.51
p1_N1_S1.42,420.0,46.61,34.0,1,234.92
p1_S2_N2.41,410.0,51.21,35.0,1,243.82
p1_S2_N2.42,420.0,48.18,29.0,1,235.39
p1_N1_S1.43,430.0,38.19,26.0,1,226.72
p1_N2_S2.37,370.0,79.18,56.0,2,285.35
p1_S1_N1.40,400.0,67.8,49.0,1,256.64
p1_S2_N2.43,430.0,36.07,18.0,1,228.99
p1_N1_S1.44,440.0,30.08,18.0,1,205.57
p1_N2_S2.38,380.0,91.3,54.0,1,305.19
p1_S1_N1.41,410.0,62.02,48.0,1,248.26
p1_S2_N2.44,440.0,31.8,12.0,1,232.94
p1_N2_S2.39,390.0,83.05,53.0,1,275.04
p1_N1_S1.45,450.0,20.65,7.0,1,183.8
p1_S1_N1.42,420.0,53.81,38.0,1,247.83
p1_S2_N2.45,450.0,22.1,4.0,1,219.81
p1_N2_S2.40,400.0,71.85,52.0,1,268.48
p1_N1_S1.46,460.0,15.41,0.0,0,183.58
p1_S2_N2.46,460.0,15.76,0.0,0,202.17
p1_N2_S2.41,410.0,66.66,44.0,1,264.04
p1_N1_S1.47,470.0,6.3,0.0,0,157.3
p1_S2_N2.47,470.0,7.6,0.0,0,167.13
p1_N2_S2.42,420.0,58.51,37.0,1,257.14
p1_S1_N1.43,430.0,43.45,28.0,1,225.71
p1_S1_N1.44,440.0,39.45,22.0,1,222.34
p1_N2_S2.43,430.0,42.22,26.0,1,228.98
p1_E_W.59,425.0,39.27,25.0,1,266.69
p1_N2_S2.44,440.0,45.89,21.0,1,242.53
p1_W_E.109,360.0,106.23,67.0,3,418.37
p1_N2_S2.45,450.0,27.11,9.0,1,210.53
p1_E_W.60,432.0,32.49,18.0,1,250.78
p1_N2_W.12,363.0,104.76,75.0,3,385.68
p1_N2_W.13,393.0,72.62,53.0,1,312.17
p1_W_E.110,363.0,95.22,62.0,3,359.0
p1_W_E.111,369.0,106.8,59.0,3,385.47
p1_W_S2.11,366.0,94.87,60.0,3,371.25
p1_W_E.112,372.0,88.03,54.0,4,348.28
p1_W_E.113,375.0,111.49,53.0,3,386.18
p1_W_E.114,378.0,110.27,50.0,2,390.19
p1_W_E.115,381.0,108.89,48.0,2,402.96
p1_N2_W.14,423.0,47.69,30.0,1,283.43
p1_W_E.116,384.0,107.74,48.0,2,414.48
p1_W_E.117,387.0,106.46,46.0,2,426.91
p1_W_S2.12,399.0,94.19,45.0,2,393.61
p1_W_E.118,390.0,103.25,44.0,2,434.6
p1_W_E.119,393.0,101.85,45.0,2,421.18
p1_W_E.120,396.0,93.25,45.0,2,418.73
p1_W_E.121,402.0,98.93,43.0,3,412.35
p1_W_E.122,405.0,93.21,43.0,3,408.55
p1_E_N1.15,450.0,52.41,24.0,1,273.17
p1_W_E.123,408.0,89.3,41.0,2,403.86
p1_W_E.124,411.0,82.61,43.0,3,366.23
p1_S1_E.13,393.0,110.52,70.0,2,406.59
p1_S1_E.14,423.0,87.42,54.0,2,380.17
p1_E_W.61,440.0,39.16,25.0,1,267.93
p1_W_E.125,414.0,98.24,47.0,3,420.3
p1_E_W.62,447.0,65.55,24.0,1,290.28
p1_W_E.126,417.0,97.07,45.0,3,427.93
p1_E_W.63,454.0,60.38,22.0,1,303.41
p1_E_N1.16,480.0,31.77,6.0,1,277.3
p1_W_E.127,420.0,95.79,44.0,4,423.01
p1_E_W.64,461.0,55.26,20.0,1,305.74
p1_E_W.65,468.0,50.01,15.0,1,297.39
p1_W_E.128,423.0,78.37,40.0,3,346.05
p1_E_W.66,476.0,43.67,9.0,1,301.71
p1_W_E.129,426.0,95.56,38.0,4,375.06
p1_E_W.67,483.0,28.63,3.0,1,278.76
p1_W_E.130,430.0,84.52,38.0,4,363.8
p1_W_S2.13,433.0,81.2,37.0,4,357.62
p1_E_W.68,490.0,33.3,2.0,1,280.67
p1_E_W.69,497.0,28.05,0.0,0,269.49
p1_W_E.131,436.0,80.53,36.0,3,369.84
p1_S1_N1.45,450.0,98.59,80.0,2,318.85
p1_N1_S1.48,480.0,68.41,57.0,1,258.59
p1_E_W.70,504.0,22.85,0.0,0,248.23
p1_N1_S1.49,490.0,60.12,50.0,1,257.04
p1_S1_N1.46,460.0,92.26,70.0,2,312.03
p1_S2_N2.48,480.0,68.36,57.0,1,260.63
p1_N1_S1.50,500.0,52.01,40.0,1,240.74
p1_S1_N1.47,470.0,84.2,60.0,1,298.69
p1_S2_N2.49,490.0,60.33,49.0,1,241.57
p1_N1_S1.51,510.0,44.23,32.0,1,224.09
p1_N2_S2.46,460.0,88.0,66.0,2,303.43
p1_N1_S1.52,520.0,34.81,23.0,1,209.35
p1_N2_S2.47,470.0,88.65,61.0,1,302.83
p1_S2_N2.50,500.0,50.91,38.0,1,227.94
p1_N1_S1.53,530.0,29.27,16.0,1,207.98
p1_N2_S2.48,480.0,80.48,60.0,1,279.23
p1_S2_N2.51,510.0,49.79,34.0,1,237.02
p1_S1_N1.48,480.0,70.95,59.0,1,265.61
p1_N2_S2.49,490.0,72.19,57.0,1,277.14
p1_S2_N2.52,520.0,33.27,21.0,1,199.7
p1_S1_N1.49,490.0,74.23,55.0,1,277.64
p1_N2_S2.50,500.0,60.42,47.0,1,253.17
p1_S2_N2.53,530.0,34.88,17.0,1,228.15
p1_S1_N1.50,500.0,60.24,47.0,1,255.54
p1_N2_S2.51,510.0,52.26,38.0,1,241.07
p1_S2_N2.54,540.0,26.09,9.0,1,210.39
p1_S1_N1.51,510.0,58.04,39.0,1,260.7
p1_N2_S2.52,520.0,48.74,33.0,1,240.25
p1_S2_N2.55,550.0,12.68,0.0,0,184.61
p1_S2_N2.56,560.0,10.18,0.0,0,167.19
p1_S1_N1.52,520.0,47.98,31.0,1,244.44
p1_N1_S1.54,540.0,11.67,0.0,0,167.68
p1_N2_S2.53,530.0,37.45,24.0,1,217.97
p1_N1_S1.55,550.0,24.66,0.0,0,179.6
p1_E_N1.17,510.0,44.17,27.0,1,277.22
p1_N1_S1.56,560.0,10.38,0.0,0,154.91
p1_N2_S2.54,540.0,29.34,13.0,1,203.29
p1_E_W.71,513.0,43.77,26.0,1,273.18
p1_W_E.132,439.0,117.82,64.0,4,419.59
p1_W_E.133,442.0,117.57,59.0,4,434.51
p1_E_W.72,519.0,38.37,25.0,1,262.27
p1_E_W.73,526.0,33.71,21.0,1,258.25
p1_E_W.74,533.0,30.09,14.0,1,249.44
p1_W_E.134,445.0,113.52,56.0,4,429.52
p1_W_E.135,448.0,117.07,52.0,3,421.23
p1_W_E.136,451.0,115.76,52.0,3,444.32
p1_N2_W.15,453.0,106.89,76.0,3,392.36
p1_W_E.137,454.0,113.18,49.0,3,431.71
p1_N2_W.16,483.0,86.33,60.0,1,348.07
p1_N2_W.17,513.0,57.97,37.0,1,314.31
p1_W_S2.14,466.0,109.73,42.0,3,404.61
p1_W_E.138,457.0,95.63,46.0,3,374.88
p1_W_E.139,460.0,111.21,46.0,3,399.01
p1_E_W.75,540.0,37.04,25.0,1,255.16
p1_W_E.140,463.0,121.74,42.0,4,417.76
p1_E_N1.18,543.0,40.81,24.0,1,285.11
p1_W_E.141,469.0,117.02,41.0,3,421.97
p1_W_E.142,472.0,116.15,39.0,3,419.8
p1_E_W.76,548.0,37.35,23.0,1,282.57
p1_W_E.143,475.0,105.74,34.0,3,408.1
p1_E_W.77,555.0,34.71,18.0,1,277.6
p1_W_E.144,478.0,106.93,34.0,3,411.97
p1_E_W.78,562.0,25.33,8.0,1,244.8
p1_W_E.145,481.0,112.54,33.0,2,414.59
p1_W_E.146,484.0,102.36,33.0,2,400.57
p1_E_W.79,569.0,17.29,4.0,1,232.99
p1_S1_E.15,453.0,144.4,97.0,3,462.31
p1_E_W.80,576.0,22.44,1.0,1,256.55
p1_S1_E.16,483.0,108.27,76.0,2,404.53
p1_E_N1.19,572.0,19.36,2.0,1,264.45
p1_S1_E.17,513.0,80.47,48.0,2,351.88
p1_E_W.81,584.0,13.93,0.0,0,231.87
p1_W_E.147,487.0,104.51,42.0,3,386.83
p1_W_E.148,490.0,115.31,40.0,3,408.49
p1_E_W.82,591.0,7.8,0.0,0,200.74
p1_W_E.149,496.0,110.99,39.0,4,393.15
p1_W_E.150,500.0,108.82,37.0,3,406.04
p1_W_S2.15,503.0,92.37,35.0,3,359.76
p1_S1_N1.53,530.0,99.9,78.0,2,325.0
p1_W_E.151,506.0,104.29,34.0,3,389.01
p1_S1_N1.54,540.0,91.59,70.0,2,308.28
p1_W_E.152,509.0,96.01,32.0,2,381.7
p1_W_E.153,512.0,102.1,31.0,2,396.62
p1_N1_S1.57,570.0,53.25,42.0,1,241.03
p1_S1_N1.55,550.0,86.64,61.0,3,291.25
p1_N1_S1.58,580.0,57.31,40.0,1,251.3
p1_S1_N1.56,560.0,78.63,52.0,2,291.79
p1_N1_S1.59,590.0,48.94,32.0,1,247.15
p1_N2_S2.55,550.0,86.38,67.0,2,302.45
p1_N1_S1.60,600.0,36.87,21.0,1,232.05
p1_S2_N2.57,570.0,61.38,51.0,1,245.53
p1_N1_S1.61,610.0,32.59,14.0,1,240.76
p1_S1_N1.57,570.0,68.99,50.0,1,269.06
p1_S2_N2.58,580.0,63.58,47.0,1,270.33
p1_N1_S1.62,620.0,24.44,5.0,1,231.51
p1_S2_N2.59,590.0,53.99,38.0,1,261.12
p1_N1_S1.63,630.0,15.64,0.0,0,215.39
p1_E_W.83,598.0,27.71,17.0,1,243.49
p1_S2_N2.60,600.0,46.23,30.0,1,250.1
p1_N2_S2.56,560.0,73.16,55.0,1,272.3
p1_E_N1.20,601.0,26.66,15.0,1,251.21
p1_S2_N2.61,610.0,29.42,18.0,1,199.59
p1_N2_S2.57,570.0,80.98,55.0,1,282.85
p1_E_W.84,605.0,24.59,11.0,1,247.47
p1_S2_N2.62,620.0,27.39,10.0,1,195.93
p1_N2_S2.58,580.0,73.04,52.0,1,285.39
p1_S2_N2.63,630.0,18.31,2.0,1,204.81
p1_N2_S2.59,590.0,59.01,41.0,1,258.28
p1_S2_N2.64,640.0,15.61,0.0,0,201.93
p1_E_W.85,612.0,14.93,1.0,1,225.84
p1_N2_S2.60,600.0,45.36,32.0,1,234.61
p1_E_W.86,620.0,16.15,0.0,0,235.3
p1_N2_W.18,543.0,94.73,69.0,2,356.16
p1_N2_S2.61,610.0,48.98,29.0,1,248.36
p1_N2_S2.62,620.0,37.41,20.0,1,221.62
p1_N2_S2.63,630.0,32.28,14.0,1,211.31
p1_W_E.154,515.0,125.38,57.0,3,431.19
p1_W_E.155,518.0,127.55,55.0,3,425.95
p1_W_E.156,521.0,121.62,53.0,3,423.0
p1_S1_N1.58,580.0,92.6,70.0,2,299.95
p1_W_E.157,524.0,127.97,52.0,3,441.64
p1_W_E.158,527.0,126.57,50.0,3,448.12
p1_S1_N1.59,590.0,82.96,61.0,2,287.62
p1_N1_S1.64,640.0,25.22,13.0,1,198.68
p1_W_E.159,530.0,122.84,48.0,3,442.29
p1_S1_N1.60,600.0,77.77,51.0,2,281.23
p1_W_E.160,533.0,124.09,46.0,3,445.98
p1_N1_S1.65,650.0,21.36,8.0,1,193.01
p1_N1_S1.66,660.0,16.46,1.0,1,193.78
p1_W_S2.16,536.0,118.86,44.0,3,419.94
p1_W_E.161,539.0,121.41,42.0,3,437.86
p1_S1_N1.61,610.0,70.18,44.0,2,277.43
p1_S1_N1.62,620.0,63.68,37.0,2,261.76
p1_W_E.162,542.0,120.41,39.0,3,427.8
p1_W_E.163,545.0,119.1,38.0,3,426.55
p1_S1_N1.63,630.0,54.19,29.0,2,242.61
p1_N1_S1.67,670.0,7.16,0.0,0,153.37
p1_W_E.164,548.0,111.98,38.0,3,407.71
p1_N1_S1.68,680.0,11.65,0.0,0,164.99
p1_W_E.165,551.0,117.41,38.0,2,432.17
p1_S1_E.18,543.0,123.01,86.0,4,434.02
p1_N2_W.19,573.0,95.12,73.0,2,370.15
p1_W_E.166,554.0,120.54,51.0,3,433.55
p1_N2_W.20,602.0,73.34,45.0,2,348.92
p1_E_W.87,627.0,46.61,30.0,2,294.18
p1_E_N1.21,630.0,49.23,26.0,2,302.7
p1_W_E.167,557.0,100.65,46.0,3,359.2
p1_W_E.168,560.0,114.83,45.0,3,391.39
p1_W_E.169,563.0,124.8,43.0,4,409.23
p1_N2_S2.64,640.0,68.95,49.0,2,281.61
p1_W_E.170,566.0,116.8,41.0,3,405.07
p1_N2_S2.65,650.0,61.11,40.0,1,270.96
p1_S2_N2.65,650.0,52.36,42.0,1,229.92
p1_N2_S2.66,660.0,52.88,39.0,1,240.45
p1_E_N1.22,660.0,28.49,2.0,1,253.02
p1_S2_N2.66,660.0,51.74,37.0,1,245.13
p1_S2_N2.67,670.0,40.21,26.0,1,229.83
p1_E_W.88,634.0,24.96,11.0,1,254.58
p1_N2_S2.67,670.0,47.63,33.0,1,234.29
p1_S2_N2.68,680.0,31.57,16.0,1,207.38
p1_E_W.89,641.0,56.61,8.0,1,257.69
p1_N2_S2.68,680.0,40.3,26.0,1,224.78
p1_S2_N2.69,690.0,20.77,7.0,1,190.59
p1_E_W.90,648.0,50.29,8.0,1,255.63
p1_N2_S2.69,690.0,32.16,16.0,1,210.63
p1_S2_N2.70,700.0,18.13,2.0,1,188.85
p1_E_W.91,656.0,45.25,4.0,1,264.01
p1_E_N1.23,690.0,10.44,0.0,0,212.65
p1_S2_N2.71,710.0,13.73,0.0,0,181.79
p1_E_W.92,663.0,36.38,0.0,0,267.95
p1_E_W.93,670.0,34.63,0.0,0,259.52
p1_E_W.94,677.0,29.33,0.0,0,252.84
p1_E_W.95,684.0,24.12,0.0,0,246.05
p1_N2_W.21,633.0,76.78,54.0,2,346.81
p1_W_E.171,572.0,135.86,61.0,4,429.15
p1_W_E.172,575.0,139.51,58.0,5,429.21
p1_W_S2.17,569.0,127.88,61.0,4,420.73
p1_S1_N1.64,640.0,97.2,63.0,3,320.48
p1_W_E.173,578.0,138.38,54.0,4,440.12
p1_S1_N1.65,650.0,88.94,59.0,2,308.4
p1_N1_S1.69,690.0,44.83,33.0,1,224.95
p1_N1_S1.70,700.0,40.68,27.0,1,224.7
p1_S1_N1.66,660.0,80.16,57.0,3,292.4
p1_W_E.174,581.0,130.59,54.0,6,417.05
p1_N1_S1.71,710.0,32.39,18.0,1,221.26
p1_S1_E.19,573.0,149.22,92.0,4,463.16
p1_N1_S1.72,720.0,24.21,10.0,1,204.17
p1_S1_E.20,603.0,118.22,66.0,4,423.68
p1_S1_N1.67,670.0,75.07,51.0,2,285.48
p1_N1_S1.73,730.0,15.92,1.0,1,192.29
p1_S1_E.21,633.0,92.82,42.0,4,380.62
p1_S1_N1.68,680.0,66.89,39.0,2,263.71
p1_W_E.175,584.0,143.68,70.0,5,450.72
p1_S1_N1.69,690.0,58.81,37.0,1,245.05
p1_W_E.176,587.0,142.39,68.0,4,468.01
p1_S1_N1.70,700.0,54.18,36.0,1,248.87
p1_W_E.177,590.0,130.0,67.0,4,426.26
p1_N1_S1.74,740.0,6.86,0.0,0,148.92
p1_W_E.178,593.0,137.53,62.0,5,451.3
p1_W_S2.18,603.0,133.81,59.0,4,464.71
p1_N1_S1.75,750.0,7.85,0.0,0,155.4
p1_W_E.179,596.0,142.14,61.0,5,462.88
p1_W_E.180,599.0,140.84,59.0,4,475.21
p1_S1_N1.71,710.0,39.97,26.0,1,211.6
p1_W_E.181,606.0,135.53,61.0,4,472.73
p1_S1_N1.72,720.0,44.04,23.0,1,230.53
p1_W_E.182,609.0,134.33,57.0,5,479.49
p1_W_E.183,612.0,132.96,56.0,4,460.21
p1_W_E.184,615.0,131.77,57.0,4,460.02
p1_W_E.185,618.0,130.61,56.0,4,459.86
p1_N2_W.22,663.0,70.16,52.0,2,324.86
p1_N2_W.23,693.0,56.94,28.0,2,306.64
p1_E_W.96,693.0,46.87,28.0,2,285.03
p1_N2_S2.70,700.0,73.32,54.0,2,282.78
p1_S2_N2.72,720.0,53.58,43.0,1,242.38
p1_E_W.97,699.0,51.69,26.0,2,303.32
p1_N2_S2.71,710.0,65.9,45.0,2,267.67
p1_E_W.98,706.0,40.09,17.0,2,293.49
p1_E_W.99,713.0,43.19,13.0,2,305.79
p1_N2_S2.72,720.0,57.33,42.0,1,247.53
p1_E_N1.24,723.0,34.41,7.0,2,286.43
p1_E_W.100,720.0,39.02,9.0,2,311.35
p1_S2_N2.73,730.0,41.4,30.0,1,211.97
p1_E_W.101,728.0,26.86,2.0,1,271.13
p1_S2_N2.74,740.0,41.87,25.0,1,224.54
p1_S2_N2.75,750.0,33.52,17.0,1,219.66
p1_N2_S2.73,730.0,54.21,38.0,1,239.17
p1_E_W.102,735.0,27.83,1.0,1,263.64
p1_S2_N2.76,760.0,22.99,9.0,1,214.45
p1_E_W.103,742.0,22.6,1.0,1,240.49
p1_S2_N2.77,770.0,17.1,0.0,0,195.87
p1_S2_N2.78,780.0,8.74,0.0,0,180.56
p1_N2_S2.74,740.0,40.4,26.0,1,220.22
p1_N2_S2.75,750.0,43.17,22.0,1,241.13
p1_E_N1.25,752.0,16.55,0.0,0,233.38
p1_W_E.186,621.0,154.64,79.0,7,492.71
p1_E_W.104,749.0,8.43,0.0,0,198.97
p1_E_W.105,756.0,22.03,0.0,0,258.18
p1_W_S2.19,636.0,147.99,62.0,5,452.99
p1_N1_S1.76,760.0,45.44,35.0,1,229.3
p1_W_E.187,624.0,135.48,74.0,7,431.34
p1_N1_S1.77,770.0,40.74,29.0,1,226.36
p1_W_E.188,627.0,149.77,72.0,5,460.51
p1_S1_N1.73,730.0,75.95,55.0,2,280.11
p1_N1_S1.78,780.0,32.38,19.0,1,217.99
p1_W_E.189,630.0,162.36,67.0,5,480.5
p1_S1_N1.74,740.0,69.31,45.0,2,275.39
p1_N1_S1.79,790.0,24.11,11.0,1,199.94
p1_W_E.190,633.0,152.11,63.0,5,474.57
p1_S1_N1.75,750.0,66.04,40.0,1,274.48
p1_N1_S1.80,800.0,13.82,2.0,1,185.08
p1_W_E.191,639.0,156.98,59.0,5,463.64
p1_S1_E.22,663.0,134.61,73.0,4,448.62
p1_S1_N1.76,760.0,59.04,39.0,1,240.69
p1_S1_E.23,693.0,102.28,52.0,2,413.83
p1_S1_N1.77,770.0,48.57,34.0,1,238.89
p1_W_E.192,642.0,155.56,76.0,6,499.63
p1_N1_S1.81,810.0,6.01,0.0,0,146.05
p1_W_E.193,645.0,157.89,78.0,5,491.7
p1_W_E.194,666.0,138.64,66.0,4,454.62
p1_S1_N1.78,780.0,38.59,25.0,1,219.51
p1_W_E.195,669.0,129.57,64.0,4,428.91
p1_W_E.196,672.0,134.24,62.0,4,443.27
p1_W_E.197,675.0,135.26,61.0,4,448.36
p1_W_E.198,678.0,133.97,59.0,4,447.53
p1_W_S2.20,687.0,125.41,55.0,5,435.03
p1_N2_W.24,723.0,79.35,58.0,2,333.86
p1_W_E.199,681.0,119.86,57.0,4,425.32
p1_N2_W.25,753.0,60.86,34.0,2,314.57
p1_E_W.106,764.0,52.09,32.0,2,321.66
p1_W_E.200,684.0,132.15,57.0,5,429.65
p1_W_E.201,690.0,128.07,54.0,6,448.51
p1_E_W.107,771.0,35.55,16.0,2,263.38
p1_E_W.108,778.0,43.5,15.0,2,292.27
p1_W_E.202,693.0,112.21,52.0,4,397.28
p1_W_E.203,696.0,119.97,53.0,4,424.17
p1_E_N1.26,781.0,33.23,10.0,2,271.76
p1_E_W.109,785.0,33.82,8.0,2,272.51
p1_W_E.204,699.0,128.1,49.0,4,429.85
p1_E_W.110,792.0,31.45,4.0,2,271.19
p1_W_E.205,702.0,126.83,48.0,4,437.4
p1_W_E.206,704.0,126.6,45.0,4,435.93
p1_E_W.111,800.0,19.79,1.0,1,230.46
p1_E_W.112,807.0,25.04,0.0,0,249.3
p1_E_N1.27,810.0,21.4,0.0,0,241.22
p1_W_E.207,707.0,125.3,45.0,5,434.01
p1_W_E.208,711.0,123.11,43.0,4,434.18
p1_E_W.113,814.0,14.69,0.0,0,224.35
p1_W_E.209,714.0,114.63,37.0,4,423.23
p1_E_W.114,821.0,15.83,0.0,0,229.03
p1_W_E.210,717.0,120.75,37.0,4,414.93
p1_N2_S2.76,760.0,100.24,79.0,2,318.54
p1_E_W.115,828.0,10.56,0.0,0,224.58
p1_S2_N2.79,790.0,69.6,58.0,1,265.47
p1_S2_N2.80,800.0,60.66,48.0,1,247.97
p1_N2_S2.77,770.0,86.87,65.0,2,295.85
p1_S2_N2.81,810.0,50.68,38.0,1,240.47
p1_N2_S2.78,780.0,84.46,62.0,1,289.48
p1_S2_N2.82,820.0,42.85,30.0,1,226.06
p1_S2_N2.83,830.0,40.13,25.0,1,230.81
p1_E_W.116,836.0,7.61,0.0,0,202.26
p1_N2_S2.79,790.0,75.49,60.0,1,274.19
p1_S2_N2.84,840.0,26.4,12.0,1,199.16
p1_S2_N2.85,850.0,25.65,9.0,1,201.06
p1_E_N1.28,840.0,8.66,0.0,0,211.76
p1_S2_N2.86,860.0,15.03,0.0,0,198.04
p1_N2_S2.80,800.0,63.39,51.0,1,254.66
p1_S2_N2.87,870.0,6.89,0.0,0,158.27
p1_S1_N1.79,790.0,86.69,67.0,2,295.21
p1_N2_S2.81,810.0,63.93,45.0,1,264.26
p1_N1_S1.82,820.0,56.8,46.0,1,232.82
p1_S1_E.24,723.0,137.93,94.0,4,453.3
p1_S1_N1.80,800.0,79.04,56.0,2,290.24
p1_N1_S1.83,830.0,49.2,38.0,1,240.79
p1_S1_N1.81,810.0,73.7,49.0,2,288.95
p1_N1_S1.84,840.0,39.34,27.0,1,216.21
p1_S1_E.25,753.0,106.1,66.0,3,389.63
p1_N1_S1.85,850.0,36.75,21.0,1,215.35
p1_S1_N1.82,820.0,67.43,44.0,1,269.95
p1_S1_E.26,783.0,79.53,45.0,2,348.77
p1_N1_S1.86,860.0,28.5,14.0,1,213.05
p1_S1_N1.83,830.0,59.38,44.0,1,247.16
p1_N1_S1.87,870.0,14.81,3.0,1,187.55
p1_N1_S1.88,880.0,10.85,0.0,0,175.16
p1_W_S2.21,720.0,144.22,70.0,5,457.01
p1_S1_N1.84,840.0,49.39,35.0,1,229.13
p1_W_E.211,723.0,142.64,66.0,5,456.83
p1_N1_S1.89,890.0,5.64,0.0,0,143.81
p1_S1_N1.85,850.0,43.81,28.0,1,228.79
p1_W_E.212,726.0,137.7,66.0,4,443.45
p1_S1_N1.86,860.0,40.25,22.0,1,239.16
p1_W_E.213,735.0,145.52,64.0,5,443.11
p1_S1_N1.87,870.0,32.02,13.0,1,223.25
p1_W_E.214,738.0,137.47,62.0,4,447.9
p1_W_E.215,741.0,143.07,61.0,4,453.97
p1_E_W.117,843.0,42.03,25.0,1,261.03
p1_W_E.216,744.0,140.97,61.0,4,466.98
p1_N2_W.26,783.0,103.28,74.0,2,381.35
p1_W_E.217,747.0,140.59,60.0,5,462.0
p1_W_E.218,750.0,139.32,60.0,5,467.13
p1_W_E.219,753.0,138.15,57.0,4,463.59
p1_W_S2.22,759.0,131.43,54.0,4,451.08
p1_W_E.220,756.0,136.81,55.0,4,478.04
p1_N2_W.27,813.0,67.41,43.0,2,315.15
p1_W_E.221,762.0,124.76,52.0,5,433.56
p1_E_W.118,850.0,45.73,21.0,1,289.1
p1_W_E.222,780.0,117.59,48.0,3,412.67
p1_W_E.223,784.0,115.49,46.0,5,418.02
p1_W_E.224,787.0,114.16,44.0,3,416.02
p1_E_N1.29,870.0,24.45,6.0,1,263.68
p1_E_W.119,857.0,23.54,10.0,1,241.11
p1_W_E.225,790.0,112.9,44.0,4,432.94
p1_E_W.120,864.0,39.38,9.0,1,265.43
p1_W_E.226,793.0,105.89,44.0,3,422.17
p1_E_W.121,873.0,32.1,4.0,1,278.53
p1_E_W.122,879.0,27.94,1.0,1,271.66
p1_N2_S2.82,820.0,110.52,90.0,2,342.67
p1_E_W.123,886.0,22.64,0.0,0,260.27
p1_S2_N2.88,880.0,48.93,38.0,1,240.06
p1_E_W.124,893.0,14.13,0.0,0,224.44
p1_N2_S2.83,830.0,102.86,79.0,2,322.29
p1_S2_N2.89,890.0,41.28,29.0,1,220.87
p1_E_W.125,900.0,11.8,0.0,0,215.13
p1_S2_N2.90,900.0,34.49,23.0,1,217.1
p1_S2_N2.91,910.0,26.25,13.0,1,208.54
p1_S2_N2.92,920.0,18.15,5.0,1,193.77
p1_N2_S2.84,840.0,89.69,66.0,2,291.98
p1_E_N1.30,903.0,8.86,0.0,0,210.78
p1_E_W.126,908.0,8.69,0.0,0,211.84
p1_S2_N2.93,930.0,9.91,0.0,0,178.24
p1_N2_S2.85,850.0,91.91,63.0,2,305.68
p1_N2_S2.86,860.0,83.54,52.0,2,298.32
p1_N2_S2.87,870.0,75.33,46.0,2,292.46
p1_E_W.127,915.0,7.14,0.0,0,198.53
p1_S2_N2.94,940.0,5.84,0.0,0,151.07
p1_N2_S2.88,880.0,67.98,43.0,1,269.71
p1_N2_S2.89,890.0,59.68,42.0,1,255.11
p1_N2_S2.90,900.0,50.46,34.0,1,240.51
p1_N1_S1.90,900.0,54.75,44.0,1,242.12
p1_S2_N2.95,950.0,6.1,0.0,0,153.92
p1_S1_N1.88,880.0,75.03,53.0,2,280.36
p1_N1_S1.91,910.0,44.65,32.0,1,228.52
p1_N2_S2.91,910.0,43.31,26.0,1,230.21
p1_N1_S1.92,920.0,39.01,25.0,1,228.59
p1_N2_S2.92,920.0,41.85,20.0,1,247.05
p1_N1_S1.93,930.0,32.05,18.0,1,219.73
p1_S1_N1.89,890.0,64.37,46.0,1,256.39
p1_S1_N1.90,900.0,64.63,45.0,1,257.37
p1_N1_S1.94,940.0,23.82,10.0,1,217.89
p1_N1_S1.95,950.0,15.47,2.0,1,198.05
p1_S1_N1.91,910.0,53.22,39.0,1,247.86
p1_N1_S1.96,960.0,5.95,0.0,0,151.37
p1_S1_N1.92,920.0,41.88,29.0,1,221.6
p1_S1_N1.93,930.0,43.12,24.0,1,231.81
p1_W_E.227,796.0,127.62,78.0,5,407.74
p1_W_E.228,799.0,156.41,72.0,4,444.91
p1_N2_W.28,843.0,112.33,79.0,3,390.27
p1_W_E.229,802.0,155.17,71.0,5,453.46
p1_W_S2.23,808.0,145.99,81.0,5,465.17
p1_N2_W.29,873.0,84.92,49.0,3,366.15
p1_W_E.230,805.0,139.38,70.0,5,458.33
p1_N2_W.30,903.0,56.78,34.0,1,314.69
p1_S1_E.27,813.0,147.22,86.0,4,462.19
p1_S1_E.28,843.0,109.33,64.0,3,411.42
p1_W_E.231,811.0,153.29,78.0,5,482.39
p1_E_W.128,922.0,42.43,29.0,1,267.7
p1_W_E.232,814.0,146.43,76.0,4,470.39
p1_E_W.129,929.0,38.01,25.0,1,263.49
p1_W_E.233,817.0,150.86,76.0,4,469.96
p1_W_E.234,820.0,149.56,79.0,4,475.76
p1_E_N1.31,932.0,38.55,23.0,1,268.64
p1_W_E.235,823.0,142.09,73.0,4,458.84
p1_E_W.130,936.0,36.03,20.0,1,271.19
p1_W_E.236,826.0,147.4,73.0,4,444.76
p1_E_W.131,944.0,29.92,13.0,1,260.6
p1_E_W.132,951.0,24.67,8.0,1,264.55
p1_W_E.237,829.0,129.97,70.0,4,409.56
p1_W_S2.24,857.0,113.07,52.0,3,386.88
p1_W_E.238,832.0,122.62,67.0,4,398.55
p1_W_E.239,835.0,144.81,63.0,4,431.71
p1_E_N1.32,961.0,22.27,0.0,0,245.39
p1_W_E.240,853.0,131.87,51.0,3,409.26
p1_E_W.133,958.0,13.88,0.0,0,219.16
p1_W_E.241,860.0,111.23,52.0,3,390.64
p1_W_E.242,863.0,125.66,52.0,4,398.44
p1_W_E.243,866.0,124.44,51.0,3,418.24
p1_W_E.244,869.0,123.21,52.0,4,434.68
p1_E_W.134,965.0,9.39,0.0,0,205.17
p1_E_W.135,972.0,22.18,0.0,0,230.45
p1_W_E.245,872.0,110.36,49.0,4,425.05
p1_W_E.246,875.0,121.08,48.0,4,439.78
p1_W_E.247,878.0,119.74,48.0,5,441.87
p1_E_W.136,980.0,7.77,0.0,0,203.39
p1_E_W.137,987.0,11.65,0.0,0,214.03
p1_E_N1.33,990.0,9.9,0.0,0,208.78
p1_W_E.248,881.0,100.65,45.0,4,384.33
p1_W_E.249,884.0,109.37,47.0,5,402.73
p1_W_E.250,887.0,110.54,44.0,3,425.49
p1_S1_N1.94,940.0,85.41,67.0,2,297.6
p1_N1_S1.97,970.0,55.27,44.0,1,245.07
p1_N2_S2.93,930.0,96.35,75.0,2,314.74
p1_S1_E.29,873.0,124.98,81.0,3,451.11
p1_S1_N1.95,950.0,77.29,57.0,2,287.37
p1_S2_N2.96,960.0,63.56,52.0,1,258.89
p1_S2_N2.97,970.0,60.9,47.0,1,257.9
p1_S2_N2.98,980.0,52.54,38.0,1,250.02
p1_N2_S2.94,940.0,87.19,64.0,2,299.64
p1_S1_N1.96,960.0,65.61,47.0,1,266.83
p1_N1_S1.98,980.0,42.98,31.0,1,221.87
p1_S1_N1.97,970.0,64.67,47.0,1,265.53
p1_S2_N2.99,990.0,44.32,30.0,1,235.7
p1_N2_S2.95,950.0,85.09,58.0,1,302.94
p1_N1_S1.99,990.0,40.37,24.0,1,220.15
p1_N2_S2.96,960.0,76.77,57.0,1,289.63
p1_S1_N1.98,980.0,56.5,43.0,1,251.68
p1_S2_N2.100,1000.0,36.01,20.0,1,226.83
p1_N1_S1.100,1000.0,27.53,15.0,1,206.61
p1_S2_N2.101,1010.0,27.69,13.0,1,212.94
p1_S1_N1.99,990.0,48.11,34.0,1,225.79
p1_N1_S1.101,1010.0,24.3,9.0,1,220.13
p1_S2_N2.102,1020.0,17.49,5.0,1,191.13
p1_N2_S2.97,970.0,70.37,51.0,1,267.47
p1_N1_S1.102,1020.0,18.84,2.0,1,206.54
p1_S2_N2.103,1030.0,11.21,0.0,0,179.65
p1_N2_S2.98,980.0,62.48,46.0,1,253.0
p1_S1_N1.100,1000.0,42.63,27.0,1,229.81
p1_N1_S1.103,1030.0,6.31,0.0,0,154.97
p1_S1_N1.101,1010.0,32.05,15.0,1,196.06
p1_N1_S1.104,1040.0,9.08,0.0,0,170.85
p1_S1_N1.102,1020.0,26.65,9.0,1,198.78
p1_N2_S2.99,990.0,48.65,32.0,1,229.67
p1_S1_E.30,903.0,129.78,92.0,3,433.13
p1_S1_E.31,933.0,101.84,66.0,3,390.85
p1_E_W.138,994.0,34.57,22.0,1,256.14
p1_E_W.139,1001.0,31.88,18.0,1,260.69
p1_W_E.251,894.0,141.26,74.0,4,468.38
p1_E_W.140,1008.0,16.69,4.0,1,223.14
p1_W_S2.25,890.0,138.99,78.0,5,466.37
p1_N2_W.31,933.0,110.68,73.0,3,397.41
p1_W_E.252,897.0,143.33,74.0,4,486.53
p1_W_E.253,900.0,146.43,70.0,4,494.12
p1_W_E.254,903.0,145.15,70.0,4,485.71
p1_W_E.255,906.0,139.88,70.0,4,452.85
p1_W_E.256,909.0,142.55,66.0,4,471.56
p1_W_E.257,912.0,139.31,69.0,5,458.96
p1_W_E.258,919.0,132.02,64.0,4,455.17
p1_W_E.259,922.0,135.15,63.0,4,458.57
p1_W_E.260,925.0,133.28,63.0,4,465.09
p1_N2_W.32,963.0,67.09,52.0,1,313.68
p1_E_N1.34,1020.0,39.72,26.0,1,270.68
p1_W_S2.26,927.0,133.11,62.0,5,462.78
p1_W_E.261,931.0,131.1,62.0,5,447.53
p1_N2_W.33,993.0,63.94,32.0,1,305.0
p1_S1_E.32,963.0,100.96,66.0,2,393.31
p1_E_W.141,1016.0,47.33,28.0,1,285.19
p1_S1_E.33,993.0,72.95,44.0,2,354.18
p1_E_W.142,1023.0,42.23,22.0,1,285.79
p1_E_W.143,1030.0,36.84,17.0,1,274.33
p1_W_E.262,934.0,133.83,70.0,5,474.01
p1_E_W.144,1037.0,31.56,12.0,1,265.44
p1_W_E.263,937.0,130.8,65.0,4,450.2
p1_E_W.145,1044.0,26.45,6.0,1,258.49
p1_W_E.264,940.0,128.51,62.0,4,433.72
p1_W_E.265,943.0,126.72,62.0,4,443.11
p1_E_W.146,1053.0,21.74,0.0,0,238.28
p1_E_W.147,1059.0,17.52,0.0,0,255.36
p1_E_N1.35,1050.0,15.28,0.0,0,227.48
p1_E_W.148,1066.0,11.54,0.0,0,219.84
p1_W_E.266,946.0,119.55,61.0,4,407.49
p1_W_E.267,949.0,125.22,58.0,4,412.84
p1_W_E.268,952.0,130.57,58.0,4,436.74
p1_W_E.269,955.0,130.88,54.0,4,444.73
p1_W_S2.27,961.0,124.48,51.0,4,424.37
p1_S1_N1.103,1030.0,78.28,56.0,2,292.58
p1_W_E.270,958.0,126.75,52.0,4,440.86
p1_N1_S1.105,1050.0,53.18,43.0,1,240.18
p1_S1_N1.104,1040.0,70.04,52.0,1,270.59
p1_N1_S1.106,1060.0,50.96,37.0,1,238.79
p1_N2_S2.100,1000.0,112.31,91.0,2,348.11
p1_N1_S1.107,1070.0,41.1,29.0,1,227.12
p1_S1_N1.105,1050.0,59.54,48.0,1,245.82
p1_N1_S1.108,1080.0,34.73,20.0,1,213.11
p1_N1_S1.109,1090.0,26.6,11.0,1,207.86
p1_S2_N2.104,1040.0,67.66,57.0,1,255.78
p1_S1_N1.106,1060.0,56.96,43.0,1,255.92
p1_N1_S1.110,1100.0,18.39,4.0,1,210.49
p1_S2_N2.105,1050.0,66.76,52.0,1,262.48
p1_S1_N1.107,1070.0,49.65,35.0,1,237.25
p1_N2_S2.101,1010.0,98.86,79.0,2,309.62
p1_S2_N2.106,1060.0,52.93,40.0,1,235.81
p1_N1_S1.111,1110.0,5.92,0.0,0,146.54
p1_N2_S2.102,1020.0,101.91,73.0,2,313.99
p1_S2_N2.107,1070.0,52.94,36.0,1,236.59
p1_N2_S2.103,1030.0,94.62,66.0,2,322.85
p1_S1_N1.108,1080.0,37.82,23.0,1,217.99
p1_S2_N2.108,1080.0,44.57,27.0,1,238.75
p1_N1_S1.112,1120.0,5.23,0.0,0,153.71
p1_N2_S2.104,1040.0,86.35,57.0,2,303.01
p1_S2_N2.109,1090.0,34.1,18.0,1,224.42
p1_S1_N1.109,1090.0,35.23,17.0,1,214.42
p1_N2_S2.105,1050.0,75.13,56.0,1,269.93
p1_S2_N2.110,1100.0,25.29,9.0,1,223.39
p1_S2_N2.111,1110.0,20.05,2.0,1,228.84
p1_S2_N2.112,1120.0,11.89,0.0,0,206.78
p1_N2_S2.106,1060.0,68.5,51.0,1,269.68
p1_S1_N1.110,1100.0,23.55,7.0,1,194.6
p1_N2_S2.107,1070.0,64.64,44.0,1,268.82
p1_E_W.149,1073.0,39.98,27.0,1,254.71
p1_E_W.150,1080.0,34.78,21.0,1,258.06
p1_S2_N2.113,1130.0,5.75,0.0,0,156.93
p1_N2_S2.108,1080.0,50.38,33.0,1,238.52
p1_E_N1.36,1083.0,34.47,21.0,1,255.02
p1_E_W.151,1088.0,31.1,18.0,1,258.19
p1_N2_S2.109,1090.0,49.58,30.0,1,241.49
p1_E_W.152,1095.0,26.44,13.0,1,246.49
p1_W_E.271,964.0,159.7,79.0,7,472.73
p1_N2_W.34,1023.0,98.58,69.0,2,373.98
p1_W_E.272,967.0,158.74,78.0,6,477.16
p1_W_E.273,970.0,157.93,72.0,5,462.61
p1_W_E.274,973.0,154.03,72.0,5,463.04
p1_N2_W.35,1053.0,74.93,55.0,1,316.54
p1_W_E.275,976.0,150.12,71.0,5,464.06
p1_W_E.276,979.0,148.8,68.0,6,445.41
p1_W_E.277,982.0,151.61,66.0,5,451.06
p1_N2_W.36,1083.0,54.45,33.0,1,295.65
p1_W_E.278,994.0,146.11,59.0,4,453.66
p1_W_E.279,998.0,144.45,56.0,4,461.09
p1_W_E.280,1001.0,143.03,56.0,5,448.83
p1_W_S2.28,1004.0,140.51,55.0,6,452.63
p1_E_W.153,1102.0,44.07,32.0,1,271.46
p1_W_E.281,1007.0,135.96,56.0,6,437.55
p1_E_W.154,1109.0,39.38,28.0,1,264.99
p1_W_E.282,1010.0,138.36,54.0,5,456.87
p1_W_E.283,1013.0,137.87,53.0,4,445.5
p1_E_N1.37,1112.0,38.58,25.0,1,270.25
p1_S1_E.34,1023.0,118.16,82.0,3,407.13
p1_E_W.155,1116.0,34.62,19.0,1,259.81
p1_S1_E.35,1053.0,106.43,71.0,2,403.16
p1_E_W.156,1124.0,33.79,16.0,1,272.38
p1_S1_E.36,1083.0,71.96,42.0,2,343.23
p1_E_W.157,1131.0,30.95,10.0,1,274.37
p1_W_E.284,1016.0,146.72,64.0,5,467.74
p1_E_W.158,1138.0,25.72,5.0,1,273.29
p1_E_N1.38,1141.0,22.73,4.0,1,261.48
p1_W_E.285,1019.0,144.09,64.0,6,471.2
p1_W_E.286,1022.0,134.09,63.0,6,433.16
p1_E_W.159,1145.0,17.31,1.0,1,254.59
p1_W_E.287,1025.0,133.79,61.0,6,450.48
p1_E_W.160,1152.0,17.48,0.0,0,255.9
p1_W_E.288,1028.0,140.33,56.0,6,473.92
p1_W_E.289,1031.0,140.82,55.0,5,483.11
p1_W_E.290,1034.0,139.95,52.0,5,482.41
p1_W_S2.29,1037.0,130.18,50.0,6,441.73
p1_N2_S2.110,1100.0,98.74,74.0,2,315.44
p1_N1_S1.113,1130.0,67.99,54.0,1,263.95
p1_S2_N2.114,1140.0,58.59,47.0,1,245.2
p1_N1_S1.114,1140.0,58.87,48.0,1,250.65
p1_N1_S1.115,1150.0,51.64,40.0,1,238.96
p1_S2_N2.115,1150.0,48.9,37.0,1,233.6
p1_S1_N1.111,1110.0,82.49,62.0,1,289.37
p1_N2_S2.111,1110.0,88.61,63.0,2,299.54
p1_S2_N2.116,1160.0,43.67,31.0,1,226.18
p1_S1_N1.112,1120.0,84.15,61.0,1,301.93
p1_S2_N2.117,1170.0,35.41,22.0,1,221.64
p1_N1_S1.116,1160.0,41.07,30.0,1,217.74
p1_S2_N2.118,1180.0,27.15,14.0,1,203.68
p1_N1_S1.117,1170.0,35.85,21.0,1,221.46
p1_N2_S2.112,1120.0,81.98,56.0,2,283.89
p1_S1_N1.113,1130.0,69.19,57.0,1,264.13
p1_S2_N2.119,1190.0,16.77,5.0,1,184.56
p1_N2_S2.113,1130.0,80.65,49.0,1,288.62
p1_N1_S1.118,1180.0,29.86,15.0,1,232.37
p1_S1_N1.114,1140.0,70.89,53.0,1,274.57
p1_N1_S1.119,1190.0,21.65,6.0,1,218.69
p1_S2_N2.120,1200.0,11.05,0.0,0,176.07
p1_N2_S2.114,1140.0,72.4,48.0,1,274.34
p1_S1_N1.115,1150.0,62.51,46.0,1,267.17
p1_N1_S1.120,1200.0,13.32,0.0,0,196.48
p1_S1_N1.116,1160.0,54.19,37.0,1,258.21
p1_S2_N2.121,1210.0,5.19,0.0,0,155.37
p1_S1_N1.117,1170.0,45.41,29.0,1,244.73
p1_N1_S1.121,1210.0,6.01,0.0,0,146.01
p1_S1_N1.118,1180.0,39.88,23.0,1,223.2
p1_N2_S2.115,1150.0,55.77,40.0,1,242.75
p1_N2_S2.116,1160.0,60.68,39.0,1,250.96
p1_W_E.291,1040.0,165.14,75.0,7,472.17
p1_N2_S2.117,1170.0,49.65,30.0,1,240.8
p1_E_W.161,1160.0,39.21,26.0,1,266.11
p1_E_N1.39,1170.0,37.83,25.0,1,261.73
p1_E_W.162,1167.0,41.47,26.0,1,267.83
p1_W_E.292,1043.0,159.57,70.0,4,475.14
p1_E_W.163,1174.0,36.31,22.0,1,258.64
p1_W_E.293,1046.0,165.46,71.0,4,508.33
p1_E_W.164,1181.0,31.01,17.0,1,249.0
p1_W_E.294,1049.0,157.78,67.0,4,462.28
p1_N2_W.37,1113.0,100.66,66.0,3,381.91
p1_W_E.295,1052.0,162.82,66.0,4,488.17
p1_N2_W.38,1143.0,70.74,48.0,2,320.47
p1_W_E.296,1055.0,162.25,64.0,4,476.42
p1_W_E.297,1058.0,160.9,62.0,5,473.35
p1_W_E.298,1063.0,157.33,61.0,5,479.47
p1_N2_W.39,1173.0,47.31,29.0,1,275.54
p1_W_E.299,1067.0,147.36,58.0,4,439.65
p1_W_S2.30,1073.0,152.6,59.0,5,445.84
p1_W_E.300,1070.0,156.97,59.0,5,449.15
p1_W_E.301,1076.0,145.74,57.0,4,436.15
p1_W_E.302,1079.0,151.35,54.0,5,451.54
p1_E_W.165,1188.0,36.53,24.0,1,259.99
p1_W_E.303,1084.0,145.17,59.0,4,448.35
p1_W_E.304,1094.0,141.95,58.0,4,465.52
p1_E_W.166,1196.0,39.23,21.0,1,267.04
p1_E_N1.40,1200.0,32.7,16.0,1,261.98
p1_S1_E.37,1113.0,124.23,82.0,2,436.22
p1_E_W.167,1203.0,33.34,15.0,1,270.43
p1_S1_E.38,1143.0,96.43,66.0,2,410.22
p1_E_W.168,1210.0,30.38,10.0,1,266.25
p1_S1_E.39,1173.0,64.44,36.0,2,351.12
p1_E_W.169,1217.0,25.08,6.0,1,266.0
p1_W_E.305,1098.0,145.17,71.0,6,483.55
p1_W_E.306,1101.0,142.58,70.0,6,464.52
p1_W_E.307,1104.0,141.63,70.0,5,470.5
p1_E_W.170,1224.0,13.88,0.0,0,221.3
p1_W_E.308,1108.0,140.36,69.0,5,461.16
p1_W_E.309,1115.0,132.34,63.0,4,441.19
p1_W_E.310,1142.0,109.49,49.0,3,418.53
p1_E_W.171,1233.0,18.73,0.0,0,230.03
p1_W_S2.31,1145.0,107.39,45.0,3,405.96
p1_E_N1.41,1230.0,9.58,0.0,0,217.1
p1_S1_N1.119,1190.0,88.61,68.0,2,308.17
p1_N1_S1.122,1220.0,58.57,46.0,1,245.2
p1_N1_S1.123,1230.0,50.25,39.0,1,239.12
p1_N1_S1.124,1240.0,42.15,30.0,1,219.73
p1_W_E.311,1148.0,94.75,47.0,4,360.65
p1_S2_N2.122,1220.0,64.19,53.0,1,259.04
p1_N1_S1.125,1250.0,33.97,23.0,1,219.62
p1_W_E.312,1150.0,108.75,45.0,3,383.31
p1_N2_S2.118,1180.0,103.11,81.0,2,313.6
p1_S1_N1.120,1200.0,77.1,55.0,2,281.93
p1_N1_S1.126,1260.0,25.74,13.0,1,192.78
p1_S1_N1.121,1210.0,76.49,50.0,1,283.86
p1_S2_N2.123,1230.0,56.6,44.0,1,246.04
p1_N2_S2.119,1190.0,96.59,74.0,2,316.29
p1_N1_S1.127,1270.0,17.58,6.0,1,188.61
p1_N2_S2.120,1200.0,88.49,65.0,2,308.24
p1_S1_N1.122,1220.0,68.22,50.0,1,272.46
p1_S2_N2.124,1240.0,48.98,37.0,1,234.82
p1_N1_S1.128,1280.0,8.16,0.0,0,155.08
p1_S1_N1.123,1230.0,55.58,42.0,1,242.83
p1_S2_N2.125,1250.0,37.86,24.0,1,218.31
p1_N2_S2.121,1210.0,79.66,56.0,1,286.83
p1_S2_N2.126,1260.0,30.52,17.0,1,206.27
p1_N2_S2.122,1220.0,77.01,54.0,1,281.99
p1_N2_S2.123,1230.0,68.76,51.0,1,274.83
p1_E_W.172,1239.0,32.1,16.0,1,246.74
p1_S2_N2.127,1270.0,20.93,7.0,1,183.88
p1_E_W.173,1246.0,32.61,15.0,1,247.33
p1_S2_N2.128,1280.0,19.11,2.0,1,194.91
p1_N2_S2.124,1240.0,62.46,45.0,1,261.72
p1_E_W.174,1253.0,25.16,11.0,1,242.01
p1_S2_N2.129,1290.0,11.84,0.0,0,191.16
p1_E_W.175,1260.0,21.97,8.0,1,232.54
p1_N2_S2.125,1250.0,54.31,39.0,1,249.85
p1_E_N1.42,1263.0,20.44,6.0,1,244.88
p1_N2_S2.126,1260.0,45.63,30.0,1,230.46
p1_E_W.176,1268.0,17.8,0.0,0,234.83
p1_S2_N2.130,1300.0,5.75,0.0,0,144.07
p1_W_E.313,1154.0,136.74,75.0,5,438.72
p1_N2_W.40,1203.0,88.59,65.0,2,349.45
p1_W_E.314,1157.0,135.97,72.0,5,438.29
p1_W_E.315,1160.0,132.47,70.0,4,441.97
p1_N1_S1.129,1290.0,29.35,19.0,1,206.32
p1_W_E.316,1163.0,135.29,68.0,4,452.14
p1_S1_N1.124,1240.0,78.17,60.0,2,281.57
p1_W_E.317,1165.0,135.0,65.0,4,449.69
p1_N1_S1.130,1300.0,21.34,10.0,1,196.07
p1_S1_N1.125,1250.0,70.54,49.0,2,278.54
p1_N1_S1.131,1310.0,13.07,2.0,1,181.02
p1_W_E.318,1168.0,129.83,64.0,3,433.54
p1_S1_N1.126,1260.0,64.66,42.0,2,273.61
p1_W_E.319,1172.0,132.09,59.0,3,445.56
p1_N1_S1.132,1320.0,5.56,0.0,0,147.42
p1_W_E.320,1175.0,130.84,60.0,4,459.83
p1_S1_N1.127,1270.0,58.58,35.0,2,253.22
p1_W_E.321,1181.0,128.5,57.0,3,441.84
p1_W_S2.32,1178.0,125.3,57.0,3,435.02
p1_W_E.322,1184.0,127.62,58.0,3,434.76
p1_W_E.323,1187.0,126.5,56.0,3,424.78
p1_W_E.324,1190.0,125.34,54.0,3,434.2
p1_S1_E.40,1203.0,113.99,73.0,3,409.43
p1_S1_N1.128,1280.0,41.37,19.0,2,227.38
p1_N2_W.41,1233.0,75.13,53.0,2,330.95
p1_S1_N1.129,1290.0,47.11,18.0,1,230.13
p1_E_W.177,1275.0,47.19,26.0,1,297.97
p1_S1_E.41,1233.0,78.45,55.0,2,342.2
p1_E_W.178,1282.0,41.96,21.0,1,287.59
p1_W_E.325,1193.0,127.05,60.0,4,438.25
p1_E_W.179,1289.0,36.68,16.0,1,284.79
p1_W_E.326,1196.0,126.81,60.0,4,432.24
p1_S2_N2.131,1310.0,40.64,30.0,1,223.78
p1_E_W.180,1296.0,33.58,7.0,1,267.21
p1_S2_N2.132,1320.0,32.64,21.0,1,213.38
p1_E_W.181,1304.0,27.83,4.0,1,264.68
p1_S2_N2.133,1330.0,24.6,12.0,1,203.94
p1_E_W.182,1311.0,22.66,0.0,0,261.09
p1_E_N1.43,1292.0,23.8,8.0,1,253.57
p1_N2_S2.127,1270.0,78.35,58.0,2,280.29
p1_E_W.183,1318.0,14.18,0.0,0,237.81
p1_N2_S2.128,1280.0,72.07,47.0,2,277.5
p1_E_N1.44,1321.0,17.24,0.0,0,241.57
p1_S2_N2.134,1340.0,12.89,0.0,0,178.91
p1_N2_S2.129,1290.0,71.59,43.0,2,292.66
p1_S2_N2.135,1350.0,11.57,0.0,0,180.56
p1_N2_S2.130,1300.0,61.46,35.0,1,269.95
p1_N2_S2.131,1310.0,55.16,34.0,1,244.86
p1_S2_N2.136,1360.0,5.52,0.0,0,149.23
p1_E_W.184,1325.0,7.91,0.0,0,193.38
p1_N2_S2.132,1320.0,42.93,28.0,1,233.96
p1_E_W.185,1332.0,14.36,0.0,0,218.0
p1_N2_W.42,1263.0,88.66,67.0,2,349.45
p1_W_E.327,1199.0,150.48,82.0,5,468.92
p1_W_E.328,1202.0,153.08,77.0,6,483.91
p1_W_E.329,1204.0,152.88,74.0,6,478.68
p1_W_E.330,1207.0,148.99,73.0,6,456.6
p1_N1_S1.133,1330.0,50.51,40.0,1,233.61
p1_S1_N1.130,1300.0,82.62,59.0,2,282.99
p1_W_S2.33,1210.0,150.9,68.0,5,467.84
p1_W_E.331,1222.0,137.79,68.0,4,438.65
p1_W_E.332,1226.0,137.21,63.0,5,452.59
p1_W_E.333,1229.0,138.55,61.0,5,462.14
p1_N1_S1.134,1340.0,36.52,26.0,1,210.01
p1_S1_E.42,1263.0,105.83,60.0,3,418.06
p1_N1_S1.135,1350.0,39.48,22.0,1,214.84
p1_W_E.334,1232.0,139.09,67.0,4,470.96
p1_N1_S1.136,1360.0,32.53,13.0,1,212.41
p1_W_E.335,1235.0,137.84,66.0,4,456.58
p1_N1_S1.137,1370.0,24.3,6.0,1,218.13
p1_W_E.336,1238.0,135.88,67.0,5,464.03
p1_N1_S1.138,1380.0,11.52,0.0,0,194.47
p1_S1_N1.131,1310.0,63.37,44.0,2,261.49
p1_W_E.337,1241.0,131.47,65.0,5,436.86
p1_N1_S1.139,1390.0,8.01,0.0,0,162.99
p1_S1_N1.132,1320.0,71.37,40.0,2,269.25
p1_W_E.338,1244.0,134.45,62.0,6,436.68
p1_S1_N1.133,1330.0,70.62,37.0,1,282.68
p1_S1_N1.134,1340.0,59.23,37.0,1,257.73
p1_N2_W.43,1293.0,89.06,58.0,3,359.45
p1_S1_N1.135,1350.0,46.46,28.0,1,238.79
p1_N2_W.44,1323.0,60.29,36.0,2,321.81
p1_W_E.339,1247.0,122.3,60.0,4,417.88
p1_W_S2.34,1253.0,130.8,58.0,4,430.76
p1_W_E.340,1250.0,136.7,60.0,5,450.48
p1_E_W.186,1340.0,43.32,25.0,2,291.89
p1_W_E.341,1256.0,131.59,56.0,4,452.21
p1_E_W.187,1347.0,41.71,19.0,2,292.37
p1_W_E.342,1259.0,131.24,56.0,5,455.36
p1_W_E.343,1262.0,129.97,54.0,5,460.57
p1_E_N1.45,1350.0,41.02,15.0,2,283.0
p1_E_W.188,1354.0,38.96,14.0,2,277.2
p1_W_E.344,1265.0,128.65,52.0,5,464.11
p1_W_E.345,1268.0,123.93,52.0,4,462.17
p1_W_E.346,1271.0,126.35,51.0,4,467.83
p1_W_E.347,1275.0,124.04,48.0,5,448.17
p1_E_N1.46,1380.0,20.28,0.0,0,249.59
p1_E_W.189,1361.0,21.95,3.0,1,254.97
p1_W_E.348,1278.0,113.76,48.0,4,390.72
p1_E_W.190,1368.0,36.12,0.0,0,261.79
p1_N2_S2.133,1330.0,96.57,77.0,2,322.39
p1_E_W.191,1376.0,27.3,0.0,0,260.65
p1_N2_S2.134,1340.0,88.57,68.0,2,305.38
p1_N2_S2.135,1350.0,80.43,58.0,2,298.67
p1_E_W.192,1383.0,11.81,0.0,0,222.68
p1_E_W.193,1390.0,20.42,0.0,0,235.57
p1_S2_N2.137,1370.0,50.98,39.0,1,238.08
p1_E_W.194,1397.0,13.36,0.0,0,214.54
p1_N2_S2.136,1360.0,74.02,50.0,2,284.1
p1_S2_N2.138,1380.0,50.8,35.0,1,237.43
p1_N2_S2.137,1370.0,66.24,49.0,1,259.61
p1_S2_N2.139,1390.0,46.32,28.0,1,246.11
p1_N2_S2.138,1380.0,57.24,44.0,1,246.47
p1_S2_N2.140,1400.0,37.48,19.0,1,231.69
p1_S2_N2.141,1410.0,29.74,11.0,1,210.47
p1_S2_N2.142,1420.0,21.55,4.0,1,198.77
p1_N2_S2.139,1390.0,53.62,39.0,1,245.69
p1_S2_N2.143,1430.0,12.0,0.0,0,176.99
p1_N2_S2.140,1400.0,45.53,29.0,1,232.35
p1_E_W.195,1404.0,7.69,0.0,0,188.71
p1_S2_N2.144,1440.0,5.98,0.0,0,150.41
p1_E_N1.47,1410.0,9.7,0.0,0,212.2
p1_N2_S2.141,1410.0,35.26,19.0,1,217.15
p1_S1_N1.136,1360.0,91.68,70.0,2,314.0
p1_N1_S1.140,1400.0,52.1,41.0,1,236.45
p1_N1_S1.141,1410.0,44.0,31.0,1,231.72
p1_W_E.349,1281.0,152.49,73.0,5,465.12
p1_N1_S1.142,1420.0,35.61,23.0,1,217.0
p1_S1_N1.137,1370.0,81.44,59.0,2,288.03
p1_N1_S1.143,1430.0,27.4,16.0,1,209.89
p1_W_E.350,1284.0,148.95,70.0,6,466.08
p1_S1_N1.138,1380.0,76.37,53.0,2,283.28
p1_W_S2.35,1287.0,150.17,67.0,5,465.32
p1_W_E.351,1290.0,148.71,67.0,5,442.05
p1_N1_S1.144,1440.0,17.2,4.0,1,182.72
p1_S1_E.43,1293.0,145.61,94.0,4,455.65
p1_S1_N1.139,1390.0,66.24,44.0,1,267.58
p1_N1_S1.145,1450.0,7.82,0.0,0,159.33
p1_S1_N1.140,1400.0,62.05,43.0,1,248.42
p1_S1_E.44,1323.0,121.23,69.0,4,433.29
p1_S1_N1.141,1410.0,57.53,41.0,1,256.4
p1_S1_E.45,1353.0,91.02,49.0,2,380.0
p1_S1_N1.142,1420.0,49.16,31.0,1,253.19
p1_S1_N1.143,1430.0,39.32,24.0,1,220.41
p1_N1_S1.146,1460.0,5.87,0.0,0,148.21
p1_W_E.352,1313.0,125.02,59.0,4,428.0
p1_S1_N1.144,1440.0,33.98,17.0,1,230.34
p1_W_E.353,1316.0,138.39,56.0,4,446.03
p1_W_E.354,1319.0,135.13,53.0,4,451.64
p1_W_E.355,1322.0,131.38,53.0,6,442.79
p1_E_W.196,1413.0,44.57,29.0,1,274.88
p1_W_E.356,1325.0,134.74,52.0,6,457.63
p1_N2_W.45,1353.0,106.33,74.0,3,394.01
p1_W_E.357,1328.0,127.09,52.0,5,460.79
p1_W_E.358,1331.0,119.08,52.0,4,423.37
p1_W_E.359,1334.0,132.04,51.0,4,439.98
p1_N2_W.46,1383.0,70.83,50.0,2,327.25
p1_W_E.360,1337.0,129.78,52.0,4,438.47
p1_N2_W.47,1413.0,54.26,23.0,2,322.86
p1_W_E.361,1343.0,126.57,47.0,5,435.34
p1_E_W.197,1419.0,39.4,21.0,2,275.98
p1_W_S2.36,1340.0,117.28,50.0,4,418.22
p1_W_E.362,1346.0,120.85,49.0,4,401.48
p1_E_W.198,1426.0,45.47,18.0,1,296.42
p1_E_W.199,1433.0,32.14,11.0,1,269.38
p1_E_N1.48,1443.0,30.52,7.0,1,279.85
p1_W_E.363,1349.0,115.67,45.0,5,409.38
p1_E_W.200,1440.0,32.84,8.0,1,286.38
p1_W_E.364,1352.0,113.7,43.0,6,395.2
p1_W_E.365,1355.0,119.71,40.0,5,417.25
p1_E_W.201,1448.0,19.54,0.0,0,254.41
p1_W_E.366,1358.0,124.42,39.0,4,437.76
p1_E_W.202,1455.0,20.13,0.0,0,249.2
p1_W_E.367,1361.0,114.07,39.0,4,410.83
p1_E_W.203,1462.0,21.52,0.0,0,259.98
p1_E_N1.49,1472.0,12.46,0.0,0,224.06
p1_E_W.204,1469.0,16.98,0.0,0,239.83
p1_W_E.368,1364.0,117.51,36.0,5,403.94
p1_W_E.369,1367.0,120.88,31.0,3,426.11
p1_E_W.205,1476.0,9.93,0.0,0,217.31
p1_N2_S2.142,1420.0,92.31,71.0,2,318.01
p1_S2_N2.145,1450.0,61.38,50.0,1,250.05
p1_S2_N2.146,1460.0,55.63,42.0,1,249.68
p1_W_E.370,1370.0,99.45,31.0,3,359.62
p1_N2_S2.143,1430.0,80.81,59.0,2,294.11
p1_E_W.206,1484.0,6.97,0.0,0,199.79
p1_N2_S2.144,1440.0,80.15,55.0,1,301.65
p1_N2_S2.145,1450.0,70.58,53.0,1,264.03
p1_S2_N2.147,1470.0,42.68,31.0,1,222.05
p1_S2_N2.148,1480.0,43.62,25.0,1,235.85
p1_N2_S2.146,1460.0,64.29,49.0,1,265.81
p1_S2_N2.149,1490.0,35.41,17.0,1,229.69
p1_S2_N2.150,1500.0,25.08,8.0,1,212.4
p1_E_W.207,1491.0,7.84,0.0,0,196.25
p1_N2_S2.147,1470.0,52.07,37.0,1,231.97
p1_E_W.208,1498.0,10.7,0.0,0,207.42
p1_N1_S1.147,1470.0,62.24,52.0,1,256.43
p1_N2_S2.148,1480.0,48.05,31.0,1,236.7
p1_S2_N2.151,1510.0,7.94,0.0,0,163.11
p1_S1_N1.145,1450.0,79.42,58.0,2,283.53
p1_N2_S2.149,1490.0,39.8,22.0,1,217.0
p1_S2_N2.152,1520.0,15.52,0.0,0,169.74
p1_N1_S1.148,1480.0,52.58,41.0,1,234.95
p1_S1_N1.146,1460.0,77.38,50.0,1,283.56
p1_N2_S2.150,1500.0,37.09,17.0,1,228.94
p1_S1_N1.147,1470.0,69.08,49.0,1,281.38
p1_W_S2.37,1373.0,145.47,58.0,4,416.56
p1_S1_E.46,1383.0,137.97,90.0,5,437.92
p1_N1_S1.149,1490.0,40.81,28.0,1,212.39
p1_S1_E.47,1413.0,109.68,71.0,3,405.5
p1_S1_N1.148,1480.0,58.77,45.0,1,257.46
p1_N1_S1.150,1500.0,45.33,25.0,1,238.06
p1_S1_E.48,1443.0,81.29,40.0,3,359.8
p1_S1_N1.149,1490.0,56.91,40.0,1,245.5
p1_N1_S1.151,1510.0,36.42,17.0,1,226.02
p1_W_E.371,1376.0,150.82,67.0,4,461.59
p1_S1_N1.150,1500.0,48.36,31.0,1,247.97
p1_N1_S1.152,1520.0,28.84,10.0,1,224.12
p1_N1_S1.153,1530.0,14.97,0.0,0,199.37
p1_N1_S1.154,1540.0,12.52,0.0,0,186.11
p1_S1_N1.151,1510.0,39.31,23.0,1,226.39
p1_N1_S1.155,1550.0,5.47,0.0,0,152.45
p1_S1_N1.152,1520.0,30.27,13.0,1,205.71
p1_S1_N1.153,1530.0,21.59,5.0,1,191.49
p1_W_E.372,1383.0,131.31,62.0,5,429.82
p1_E_N1.50,1501.0,37.47,26.0,1,263.95
p1_W_E.373,1386.0,153.89,64.0,5,438.12
p1_W_E.374,1390.0,148.89,64.0,6,438.52
p1_W_E.375,1393.0,150.31,60.0,5,456.8
p1_W_E.376,1396.0,144.27,60.0,4,454.76
p1_N2_W.48,1443.0,92.59,66.0,2,359.93
p1_N2_W.49,1473.0,71.54,42.0,2,337.77
p1_W_E.377,1399.0,147.57,60.0,5,445.38
p1_W_S2.38,1411.0,136.34,54.0,4,413.32
p1_E_W.209,1505.0,42.71,25.0,1,299.87
p1_W_E.378,1402.0,146.35,55.0,4,448.21
p1_E_W.210,1512.0,32.21,17.0,1,259.7
p1_W_E.379,1405.0,138.82,55.0,4,455.23
p1_W_E.380,1408.0,144.0,54.0,5,439.4
p1_E_W.211,1520.0,31.39,13.0,1,260.73
p1_W_E.381,1426.0,127.68,51.0,4,419.64
p1_E_W.212,1527.0,16.71,4.0,1,218.29
p1_E_N1.51,1530.0,23.61,3.0,1,248.3
p1_W_E.382,1429.0,126.52,50.0,4,423.3
p1_E_W.213,1534.0,21.97,2.0,1,249.44
p1_E_W.214,1541.0,16.63,0.0,0,251.35
p1_W_E.383,1432.0,111.01,48.0,3,405.86
p1_W_E.384,1435.0,105.78,48.0,3,391.3
p1_E_W.215,1548.0,7.71,0.0,0,198.03
p1_W_E.385,1439.0,127.26,45.0,3,415.48
p1_E_W.216,1556.0,10.69,0.0,0,211.5
p1_W_E.386,1442.0,113.73,46.0,4,410.8
p1_W_E.387,1445.0,119.48,44.0,3,406.97
p1_W_E.388,1448.0,110.47,44.0,3,402.23
p1_W_E.389,1451.0,122.49,40.0,3,427.01
p1_W_E.390,1454.0,121.21,41.0,3,443.27
p1_W_S2.39,1457.0,112.85,56.0,3,434.31
p1_S1_E.49,1473.0,94.31,60.0,2,394.83
p1_E_W.217,1563.0,15.54,0.0,0,220.56
p1_S1_E.50,1503.0,65.25,34.0,2,359.4
p1_W_E.391,1460.0,120.98,54.0,4,452.41
p1_E_N1.52,1560.0,8.49,0.0,0,202.01
p1_E_W.218,1570.0,9.4,0.0,0,209.96
p1_N2_S2.151,1510.0,95.1,72.0,2,311.84
p1_S2_N2.153,1530.0,70.01,58.0,1,266.21
p1_N2_S2.152,1520.0,87.33,64.0,2,302.14
p1_S2_N2.154,1540.0,61.31,51.0,1,246.88
p1_N2_S2.153,1530.0,76.75,60.0,1,273.69
p1_S2_N2.155,1550.0,61.18,46.0,1,256.81
p1_S2_N2.156,1560.0,50.35,37.0,1,250.53
p1_S2_N2.157,1570.0,44.74,28.0,1,246.56
p1_E_W.219,1577.0,7.49,0.0,0,196.23
p1_N2_S2.154,1540.0,71.46,57.0,1,261.4
p1_N1_S1.156,1560.0,57.72,48.0,1,242.64
p1_S2_N2.158,1580.0,28.76,16.0,1,198.97
p1_N2_S2.155,1550.0,62.94,50.0,1,253.85
p1_S2_N2.159,1590.0,29.04,11.0,1,207.88
p1_S1_N1.154,1540.0,80.32,56.0,1,284.89
p1_N2_S2.156,1560.0,54.39,42.0,1,235.91
p1_N1_S1.157,1570.0,50.59,40.0,1,236.65
p1_S2_N2.160,1600.0,15.91,1.0,1,189.69
p1_S2_N2.161,1610.0,6.55,0.0,0,158.3
p1_N2_S2.157,1570.0,51.28,35.0,1,235.43
p1_N1_S1.158,1580.0,39.79,28.0,1,211.68
p1_S1_N1.155,1550.0,68.23,55.0,1,259.94
p1_S2_N2.162,1620.0,6.18,0.0,0,148.79
p1_N2_S2.158,1580.0,47.22,28.0,1,246.5
p1_N1_S1.159,1590.0,32.23,21.0,1,213.47
p1_S1_N1.156,1560.0,67.84,51.0,1,263.51
p1_S1_N1.157,1570.0,56.92,43.0,1,249.92
p1_N1_S1.160,1600.0,28.12,13.0,1,216.06
p1_W_E.392,1463.0,146.73,77.0,5,487.18
p1_S1_N1.158,1580.0,50.8,38.0,1,243.6
p1_N1_S1.161,1610.0,17.6,4.0,1,195.94
p1_N1_S1.162,1620.0,12.58,0.0,0,186.81
p1_W_E.393,1466.0,145.46,76.0,4,476.47
p1_S1_N1.159,1590.0,43.15,29.0,1,222.08
p1_W_E.394,1469.0,144.62,73.0,4,464.45
p1_W_E.395,1472.0,143.57,69.0,4,479.66
p1_S1_N1.160,1600.0,35.82,20.0,1,225.8
p1_W_E.396,1475.0,142.53,67.0,4,468.63
p1_S1_N1.161,1610.0,25.25,11.0,1,200.24
p1_W_E.397,1478.0,137.04,64.0,3,455.16
p1_S1_N1.162,1620.0,23.42,4.0,1,202.48
p1_N1_S1.163,1630.0,5.52,0.0,0,148.26
p1_W_E.398,1481.0,142.55,64.0,3,466.46
p1_W_E.399,1484.0,141.37,62.0,3,467.15
p1_E_W.220,1584.0,39.38,27.0,1,273.99
p1_W_S2.40,1495.0,133.11,60.0,3,449.52
p1_E_N1.53,1590.0,36.92,23.0,1,261.2
p1_W_E.400,1491.0,125.56,61.0,4,430.99
p1_N2_W.50,1503.0,122.52,94.0,3,413.97
p1_N2_W.51,1533.0,99.06,71.0,2,368.18
p1_W_E.401,1498.0,127.22,58.0,3,438.7
p1_W_E.402,1500.0,133.13,59.0,4,458.08
p1_N2_W.52,1563.0,63.8,41.0,2,321.4
p1_E_W.221,1593.0,45.14,27.0,1,285.02
p1_W_E.403,1504.0,123.37,56.0,3,429.97
p1_E_W.222,1599.0,40.9,23.0,1,299.09
p1_W_E.404,1507.0,123.2,54.0,3,412.47
p1_W_E.405,1510.0,132.13,56.0,5,444.21
p1_E_W.223,1606.0,35.72,17.0,1,297.3
p1_W_E.406,1514.0,120.13,52.0,3,424.62
p1_E_W.224,1613.0,30.49,12.0,1,287.45
p1_W_E.407,1517.0,123.25,55.0,4,439.12
p1_E_W.225,1620.0,18.42,5.0,1,240.25
p1_E_N1.54,1623.0,22.47,3.0,1,258.25
p1_W_E.408,1520.0,127.55,53.0,5,449.52
p1_W_E.409,1523.0,125.99,50.0,5,449.78
p1_W_E.410,1526.0,124.97,49.0,3,450.12
p1_E_W.226,1628.0,14.92,0.0,0,235.23
p1_W_S2.41,1529.0,119.47,50.0,3,438.09
p1_E_W.227,1635.0,7.51,0.0,0,202.5
p1_W_E.411,1532.0,114.46,47.0,4,413.25
p1_E_W.228,1642.0,13.17,0.0,0,214.49
p1_W_E.412,1535.0,121.63,47.0,3,425.09
p1_W_E.413,1538.0,120.42,47.0,3,430.37
p1_S1_E.51,1533.0,125.11,80.0,3,415.85
p1_S1_E.52,1563.0,98.88,68.0,2,402.17
p1_S1_E.53,1593.0,70.73,37.0,2,358.76
p1_W_E.414,1541.0,120.97,55.0,4,438.55
p1_N2_S2.159,1590.0,100.06,78.0,2,317.98
p1_S2_N2.163,1630.0,60.16,48.0,1,249.76
p1_E_W.229,1649.0,7.75,0.0,0,208.32
p1_E_W.230,1656.0,15.11,0.0,0,224.95
p1_E_N1.55,1652.0,9.55,0.0,0,218.86
p1_S2_N2.164,1640.0,48.05,36.0,1,227.58
p1_S2_N2.165,1650.0,48.02,31.0,1,238.51
p1_N1_S1.164,1640.0,59.59,48.0,1,251.21
p1_S2_N2.166,1660.0,39.68,22.0,1,230.79
p1_N2_S2.160,1600.0,87.63,66.0,2,298.85
p1_S1_N1.163,1630.0,71.0,52.0,1,276.01
p1_N1_S1.165,1650.0,51.46,40.0,1,239.11
p1_S2_N2.167,1670.0,31.32,16.0,1,216.0
p1_N2_S2.161,1610.0,87.13,61.0,2,298.27
p1_N1_S1.166,1660.0,43.27,31.0,1,220.86
p1_S2_N2.168,1680.0,23.09,5.0,1,214.69
p1_N2_S2.162,1620.0,83.93,55.0,1,308.74
p1_N2_S2.163,1630.0,73.52,54.0,1,272.38
p1_N1_S1.167,1670.0,35.15,23.0,1,221.46
p1_S2_N2.169,1690.0,13.03,0.0,0,192.38
p1_S2_N2.170,1700.0,6.71,0.0,0,159.64
p1_N2_S2.164,1640.0,67.52,50.0,1,271.67
p1_N2_S2.165,1650.0,59.06,40.0,1,275.95
p1_N2_S2.166,1660.0,50.63,34.0,1,248.53
p1_S1_N1.164,1640.0,55.28,44.0,1,242.6
p1_S1_N1.165,1650.0,63.57,41.0,1,255.01
p1_S1_N1.166,1660.0,55.23,35.0,1,245.04
p1_N1_S1.168,1680.0,19.24,8.0,1,189.59
p1_W_E.415,1544.0,151.82,79.0,6,482.94
p1_S1_N1.167,1670.0,46.97,28.0,1,246.01
p1_N1_S1.169,1690.0,27.23,7.0,1,212.21
p1_W_E.416,1547.0,150.78,77.0,6,478.3
p1_N1_S1.170,1700.0,19.09,0.0,0,199.82
p1_W_E.417,1550.0,147.36,74.0,4,475.2
p1_W_E.418,1553.0,149.48,71.0,5,486.51
p1_E_W.231,1664.0,20.36,7.0,1,236.66
p1_W_E.419,1566.0,138.39,65.0,3,455.13
p1_E_W.232,1671.0,26.15,6.0,1,242.45
p1_W_E.420,1570.0,135.98,65.0,3,461.02
p1_E_W.233,1678.0,28.02,6.0,1,253.09
p1_N2_W.53,1593.0,114.37,76.0,3,415.43
p1_W_S2.42,1573.0,135.26,61.0,3,455.4
p1_N2_W.54,1623.0,86.57,55.0,1,366.67
p1_W_E.421,1576.0,134.02,61.0,4,431.7
p1_N2_W.55,1653.0,58.13,38.0,1,308.61
p1_W_E.422,1579.0,133.89,60.0,3,428.22
p1_W_E.423,1582.0,132.7,57.0,3,424.18
p1_W_E.424,1585.0,131.46,56.0,4,410.27
p1_W_E.425,1588.0,130.26,56.0,3,412.51
p1_E_N1.56,1681.0,38.93,24.0,1,267.87
p1_E_W.234,1685.0,36.61,23.0,1,262.66
p1_W_E.426,1591.0,122.13,54.0,4,396.32
p1_E_W.235,1692.0,31.47,17.0,1,262.1
p1_W_E.427,1594.0,130.49,54.0,5,419.73
p1_E_W.236,1700.0,25.46,12.0,1,248.58
p1_W_E.428,1597.0,130.09,58.0,3,414.91
p1_E_W.237,1707.0,19.43,6.0,1,228.85
p1_W_E.429,1600.0,116.15,58.0,3,392.6
p1_W_S2.43,1606.0,123.06,53.0,3,407.76
p1_W_E.430,1603.0,130.23,55.0,3,418.77
p1_W_E.431,1609.0,125.97,52.0,4,421.77
p1_E_W.238,1714.0,20.6,0.0,0,252.72
p1_W_E.432,1612.0,124.7,51.0,3,411.3
p1_E_N1.57,1710.0,16.39,1.0,1,238.94
p1_E_W.239,1721.0,15.3,0.0,0,243.16
p1_S1_E.54,1623.0,110.11,70.0,3,406.44
p1_E_W.240,1728.0,10.36,0.0,0,214.01
p1_S1_E.55,1653.0,80.97,55.0,2,354.72
p1_W_E.433,1615.0,127.27,61.0,4,455.4
p1_W_E.434,1618.0,125.98,58.0,4,440.39
p1_S1_N1.168,1680.0,84.89,67.0,2,306.78
p1_N1_S1.171,1710.0,54.11,44.0,1,236.12
p1_W_E.435,1621.0,124.78,53.0,4,417.34
p1_N1_S1.172,1720.0,47.07,36.0,1,236.75
p1_S1_N1.169,1690.0,79.55,57.0,2,279.18
p1_N1_S1.173,1730.0,39.12,28.0,1,216.8
p1_S2_N2.171,1710.0,61.0,49.0,1,252.73
p1_N2_S2.167,1670.0,98.99,80.0,2,330.63
p1_N2_S2.168,1680.0,93.12,73.0,2,325.4
p1_S1_N1.170,1700.0,69.27,47.0,2,259.55
p1_S2_N2.172,1720.0,53.07,40.0,1,239.03
p1_N1_S1.174,1740.0,30.24,18.0,1,199.07
p1_S2_N2.173,1730.0,44.74,32.0,1,233.17
p1_S1_N1.171,1710.0,61.95,44.0,1,259.03
p1_N1_S1.175,1750.0,24.85,12.0,1,196.32
p1_S2_N2.174,1740.0,36.57,23.0,1,217.74
p1_S1_N1.172,1720.0,57.66,42.0,1,249.43
p1_N1_S1.176,1760.0,14.95,2.0,1,181.57
p1_N2_S2.169,1690.0,85.47,62.0,2,301.23
p1_S1_N1.173,1730.0,49.39,35.0,1,237.77
p1_N2_S2.170,1700.0,80.74,57.0,2,294.43
p1_N1_S1.177,1770.0,5.43,0.0,0,145.99
p1_S1_N1.174,1740.0,41.4,27.0,1,224.33
p1_S2_N2.175,1750.0,24.4,12.0,1,191.88
p1_S2_N2.176,1760.0,20.55,5.0,1,191.58
p1_N2_S2.171,1710.0,66.73,52.0,1,258.7
p1_S2_N2.177,1770.0,14.23,0.0,0,195.29
p1_N2_S2.172,1720.0,66.87,51.0,1,268.57
p1_N2_S2.173,1730.0,57.28,40.0,1,250.59
p1_S2_N2.178,1780.0,8.14,0.0,0,171.82
p1_S1_N1.175,1750.0,32.43,17.0,1,211.08
p1_E_W.241,1736.0,32.57,20.0,1,252.02
p1_E_W.242,1743.0,32.62,16.0,1,252.03
p1_E_N1.58,1740.0,30.47,18.0,1,247.16
p1_E_W.243,1750.0,24.93,12.0,1,242.26
p1_E_W.244,1757.0,23.74,10.0,1,244.92
p1_W_E.436,1624.0,132.44,73.0,5,443.87
p1_W_S2.44,1658.0,124.01,51.0,5,451.41
p1_N2_W.56,1683.0,99.42,70.0,2,396.79
p1_W_E.437,1627.0,156.56,69.0,5,438.8
p1_W_E.438,1647.0,114.94,55.0,5,404.48
p1_N2_W.57,1713.0,72.23,52.0,1,315.47
p1_W_E.439,1651.0,136.37,52.0,4,431.84
p1_W_E.440,1655.0,133.9,51.0,4,450.98
p1_W_E.441,1661.0,127.32,51.0,5,451.5
p1_W_E.442,1664.0,128.54,49.0,4,450.59
p1_E_W.245,1764.0,30.41,18.0,1,246.31
p1_W_E.443,1667.0,111.53,45.0,4,420.07
p1_W_E.444,1670.0,110.43,44.0,5,412.66
p1_W_E.445,1673.0,119.29,42.0,4,411.84
p1_E_N1.59,1770.0,28.35,13.0,1,265.68
p1_W_E.446,1676.0,124.74,41.0,5,424.36
p1_W_E.447,1679.0,114.92,39.0,5,421.59
p1_W_E.448,1682.0,122.18,40.0,4,442.95
p1_S1_E.56,1683.0,115.1,72.0,3,397.08
p1_S1_E.57,1713.0,94.82,56.0,2,378.63
p1_S1_N1.176,1760.0,63.93,42.0,2,261.96
p1_W_S2.45,1691.0,119.06,48.0,4,413.49
p1_S1_E.58,1743.0,57.78,29.0,2,322.61
p1_S1_N1.177,1770.0,57.84,34.0,2,257.42
p1_N1_S1.178,1780.0,42.71,32.0,1,228.17
p1_S1_N1.178,1780.0,52.59,30.0,1,252.16
p1_N1_S1.179,1790.0,35.33,24.0,1,205.16
p2_N1_S1.0,1800.0,35.16,18.0,1,219.51
p1_W_E.449,1685.0,107.99,52.0,4,391.28
p1_W_E.450,1688.0,128.32,52.0,4,415.46
p1_E_W.246,1773.0,44.88,25.0,2,286.36
p1_W_E.451,1694.0,114.31,47.0,4,426.67
p1_N2_S2.174,1740.0,101.76,81.0,2,319.14
p1_E_W.247,1779.0,40.97,20.0,2,284.26
p1_S2_N2.179,1790.0,51.43,39.0,1,235.11
p2_S2_N2.0,1800.0,43.23,31.0,1,228.75
p1_N2_S2.175,1750.0,95.34,71.0,2,322.43
p1_W_E.452,1697.0,99.52,46.0,4,367.77
p1_N2_S2.176,1760.0,87.44,64.0,2,301.76
p1_E_W.248,1786.0,29.73,11.0,1,261.64
p1_E_W.249,1793.0,34.49,10.0,1,277.23
p2_E_W.0,1800.0,28.57,9.0,1,264.36
p1_W_E.453,1700.0,123.39,57.0,5,421.64
p1_W_E.454,1703.0,137.43,55.0,5,438.26
p1_W_E.455,1706.0,133.4,51.0,5,446.51
p1_W_E.456,1709.0,135.44,48.0,4,449.49
p2_E_S1.0,1803.0,41.17,18.0,3,272.77
p1_W_E.457,1712.0,134.29,49.0,4,441.12
p2_N1_S1.1,1810.0,58.48,37.0,2,250.79
p1_W_E.458,1715.0,133.02,47.0,5,442.9
p2_N1_S1.2,1820.0,50.39,27.0,2,238.17
p1_W_E.459,1718.0,125.54,42.0,5,435.33
p1_S1_N1.179,1790.0,76.0,59.0,2,276.53
p2_S1_N1.0,1800.0,72.51,53.0,2,283.6
p2_N1_S1.3,1830.0,42.16,25.0,2,226.81
p1_W_E.460,1721.0,121.92,40.0,3,425.97
p1_W_S2.46,1724.0,124.08,39.0,3,415.54
p1_W_E.461,1735.0,118.63,38.0,3,431.91
p2_S1_N1.1,1810.0,58.96,41.0,2,255.23
p1_S1_E.59,1773.0,82.24,39.0,4,372.67
p2_S1_N1.2,1820.0,57.08,34.0,2,260.95
p2_N1_E.0,1803.0,49.33,22.0,2,303.45
p1_W_E.462,1738.0,120.81,47.0,4,427.12
p2_E_W.1,1806.0,53.29,29.0,3,290.85
p1_W_E.463,1741.0,119.56,44.0,4,426.73
p1_W_E.464,1744.0,118.42,42.0,4,436.88
p1_W_E.465,1747.0,116.99,42.0,5,422.22
p1_W_E.466,1750.0,115.89,39.0,5,418.72
p1_W_E.467,1753.0,111.7,36.0,4,393.32
p2_E_W.2,1809.0,37.29,18.0,2,264.61
p2_E_W.3,1812.0,59.57,19.0,2,288.77
p2_E_W.4,1815.0,56.74,16.0,2,302.02
p2_E_W.5,1818.0,47.83,15.0,2,283.86
p1_W_E.468,1756.0,100.93,34.0,4,369.96
p2_E_W.6,1821.0,54.47,14.0,2,311.07
p1_W_E.469,1759.0,114.44,32.0,4,377.88
p1_W_S2.47,1765.0,107.26,31.0,5,390.69
p2_E_W.7,1824.0,49.33,14.0,2,303.6
p1_W_E.470,1762.0,118.15,30.0,4,413.63
p2_E_W.8,1827.0,49.39,13.0,2,308.89
p1_W_E.471,1768.0,110.7,30.0,3,417.6
p1_N2_W.58,1743.0,139.31,91.0,5,454.46
p1_W_E.472,1771.0,105.07,27.0,3,404.31
p2_S2_W.0,1803.0,80.82,40.0,4,371.93
p1_W_E.473,1774.0,108.81,26.0,3,408.39
p2_E_W.9,1830.0,56.13,19.0,3,326.27
p2_E_W.10,1833.0,51.6,15.0,2,312.78
p2_N1_E.1,1833.0,54.25,25.0,2,321.19
p1_W_E.474,1777.0,112.58,34.0,5,407.44
p1_W_E.475,1780.0,111.43,31.0,5,407.84
p1_W_E.476,1783.0,110.26,32.0,4,412.73
p1_W_E.477,1786.0,106.6,31.0,4,388.81
p1_N2_S2.177,1770.0,147.51,119.0,3,400.59
p2_S2_N2.1,1810.0,106.72,86.0,3,320.0
p1_N2_S2.178,1780.0,141.61,109.0,4,380.53
p2_S2_N2.2,1820.0,100.42,80.0,3,321.84
p2_S2_N2.3,1830.0,92.54,69.0,2,312.06
p2_E_S1.1,1836.0,63.01,28.0,3,333.35
p1_N2_S2.179,1790.0,131.93,103.0,2,361.62
p2_N1_S1.4,1840.0,85.12,63.0,2,299.04
p2_N2_S2.0,1800.0,126.3,102.0,2,356.04
p2_N1_S1.5,1850.0,77.24,56.0,2,274.36
p2_N1_S1.6,1860.0,69.08,46.0,2,269.99
p1_W_E.478,1789.0,120.54,42.0,4,405.93
p2_S1_N1.3,1830.0,90.89,70.0,2,293.65
p1_W_E.479,1792.0,119.17,39.0,6,410.81
p2_S1_N1.4,1840.0,85.85,64.0,2,286.98
p2_S1_N1.5,1850.0,84.91,58.0,2,299.72
p2_S1_N1.6,1860.0,76.61,50.0,2,295.86
p1_W_E.480,1795.0,115.61,36.0,5,400.78
p1_W_S2.48,1806.0,109.49,34.0,3,390.96
p2_E_W.11,1839.0,75.47,39.0,4,353.3
p1_W_E.481,1809.0,109.4,33.0,3,391.82
p1_W_E.482,1812.0,105.52,32.0,3,387.28
p1_W_E.483,1815.0,108.69,31.0,3,401.88
p1_W_E.484,1818.0,100.37,30.0,3,369.7
p2_E_W.12,1842.0,60.34,26.0,3,316.92
p1_W_E.485,1821.0,107.89,29.0,3,396.39
p2_E_W.13,1845.0,84.4,24.0,3,342.53
p1_W_E.486,1824.0,106.75,27.0,3,389.46
p2_E_W.14,1848.0,74.5,23.0,3,340.13
p1_W_E.487,1827.0,105.43,27.0,3,403.37
p2_E_W.15,1851.0,81.75,23.0,3,347.24
p1_W_E.488,1830.0,104.12,26.0,3,402.42
p2_E_W.16,1854.0,80.47,21.0,3,355.07
p1_W_E.489,1833.0,102.66,26.0,4,411.77
p2_E_W.17,1857.0,79.3,18.0,3,351.17
p1_W_E.490,1836.0,100.25,24.0,3,397.55
p2_E_W.18,1860.0,78.02,16.0,4,351.4
p2_N1_S1.7,1870.0,89.45,60.0,2,297.58
p1_W_S2.49,1839.0,99.4,23.0,4,388.74
p2_S1_N1.7,1870.0,87.29,61.0,2,293.28
p2_E_W.19,1863.0,76.17,16.0,4,361.73
p2_N1_S1.8,1880.0,80.36,57.0,2,285.01
p2_S1_N1.8,1880.0,81.99,60.0,2,282.22
p2_E_W.20,1866.0,75.53,16.0,3,354.39
p2_N1_S1.9,1890.0,74.13,52.0,2,287.63
p2_S1_N1.9,1890.0,74.3,53.0,2,280.48
p2_S1_N1.10,1900.0,64.72,44.0,2,265.05
p1_W_E.491,1842.0,86.65,21.0,3,353.0
p2_N1_E.2,1863.0,84.95,45.0,3,363.13
p1_W_E.492,1845.0,103.35,25.0,3,387.28
p1_W_E.493,1848.0,102.66,25.0,3,382.57
p1_W_E.494,1851.0,102.37,26.0,3,396.51
p1_W_E.495,1854.0,91.76,24.0,3,374.19
p1_W_E.496,1881.0,77.25,9.0,2,368.31
p2_S2_N2.4,1840.0,134.72,107.0,2,359.38
p2_S2_N2.5,1850.0,133.2,105.0,2,365.59
p2_S2_N2.6,1860.0,124.87,98.0,2,358.02
p2_N2_S2.1,1810.0,166.45,135.0,4,424.51
p2_N2_S2.2,1820.0,175.63,134.0,4,430.17
p2_N2_S2.3,1830.0,167.5,122.0,4,422.9
p2_N2_S2.4,1840.0,151.48,113.0,4,403.69
p2_N2_S2.5,1850.0,151.09,105.0,4,414.72
p2_N2_S2.6,1860.0,142.92,101.0,3,400.6
p2_E_S1.2,1869.0,112.96,56.0,5,411.21
p2_N2_S2.7,1870.0,134.77,98.0,3,394.61
p1_W_E.497,1885.0,99.61,35.0,3,401.47
p2_N2_S2.8,1880.0,125.9,88.0,2,375.81
p2_S1_N1.11,1910.0,96.75,70.0,3,315.93
p2_N1_S1.10,1900.0,104.92,77.0,3,332.02
p1_W_E.498,1888.0,98.84,33.0,2,408.63
p2_N2_S2.9,1890.0,118.25,78.0,2,378.24
p2_S1_N1.12,1920.0,88.54,60.0,3,304.37
p2_N1_S1.11,1910.0,99.4,65.0,3,309.48
p1_W_E.499,1891.0,96.66,32.0,2,401.6
p2_S1_N1.13,1930.0,80.33,51.0,2,286.98
p2_N1_S1.12,1920.0,91.05,55.0,3,317.16
p2_S1_N1.14,1940.0,72.24,49.0,2,266.76
p1_W_S2.50,1897.0,98.13,33.0,3,389.72
p2_E_W.21,1872.0,124.53,64.0,6,427.01
p2_E_W.22,1875.0,123.7,59.0,6,422.65
p1_W_E.500,1894.0,80.2,31.0,2,350.05
p2_E_W.23,1878.0,122.61,57.0,7,418.94
p2_E_W.24,1881.0,121.46,53.0,6,415.98
p2_N1_E.3,1893.0,109.19,64.0,3,403.8
p1_W_E.501,1900.0,104.5,32.0,3,402.45
p1_W_E.502,1903.0,101.88,30.0,3,410.07
p2_E_W.25,1884.0,117.24,52.0,7,399.76
p1_W_E.503,1906.0,101.84,28.0,3,415.77
p1_W_E.504,1909.0,100.66,26.0,3,411.99
p2_E_W.26,1887.0,112.1,46.0,5,391.0
p2_E_W.27,1890.0,121.88,46.0,6,412.07
p1_W_E.505,1912.0,81.39,22.0,3,356.96
p2_N2_S2.10,1900.0,134.25,97.0,3,381.89
p1_W_E.506,1915.0,96.75,19.0,3,384.3
p2_S2_N2.7,1870.0,163.25,130.0,4,416.66
p2_E_W.28,1893.0,120.6,46.0,6,410.98
p2_E_W.29,1896.0,119.24,42.0,7,416.34
p2_S2_N2.8,1880.0,153.31,120.0,4,393.43
p2_E_W.30,1899.0,105.88,39.0,6,377.99
p2_S2_N2.9,1890.0,151.13,110.0,4,393.83
p2_N2_S2.11,1910.0,122.3,85.0,3,354.75
p2_N2_S2.12,1920.0,119.92,79.0,3,355.93
p2_N2_S2.13,1930.0,114.63,67.0,3,358.88
p2_N2_S2.14,1940.0,97.47,65.0,2,304.14
p1_W_E.507,1918.0,104.17,28.0,4,401.79
p2_E_S1.3,1902.0,126.07,48.0,7,427.15
p1_W_E.508,1921.0,107.19,27.0,4,398.63
p1_W_E.509,1924.0,106.94,25.0,4,391.57
p2_N1_S1.13,1930.0,122.66,78.0,4,355.76
p1_W_E.510,1927.0,105.66,23.0,3,383.03
p2_N1_S1.14,1940.0,114.73,76.0,4,331.5
p1_W_S2.51,1930.0,104.68,22.0,3,390.68
p2_N1_S1.15,1950.0,106.87,72.0,3,322.1
p1_W_E.511,1934.0,101.54,22.0,3,384.54
p2_S1_N1.15,1950.0,95.36,67.0,3,308.65
p1_W_E.512,1937.0,100.61,17.0,4,375.91
p2_S1_N1.16,1960.0,97.46,62.0,2,319.85
p1_W_E.513,1940.0,101.62,16.0,3,393.28
p2_S1_N1.17,1970.0,93.38,58.0,2,311.27
p2_N1_E.4,1923.0,119.83,62.0,4,420.14
p1_W_E.514,1943.0,102.15,25.0,3,412.83
p2_S1_N1.18,1980.0,85.9,54.0,2,308.26
p2_S1_N1.19,1990.0,77.65,48.0,2,304.92
p1_W_E.515,1946.0,100.95,21.0,3,402.9
p2_S1_N1.20,2000.0,61.39,34.0,2,275.36
p1_W_E.516,1949.0,97.52,19.0,3,392.66
p1_N2_W.59,1773.0,276.1,178.0,12,662.15
p2_S1_N1.21,2010.0,61.28,28.0,1,277.3
p1_W_E.517,1952.0,98.61,18.0,3,409.32
p2_S2_W.1,1833.0,217.29,128.0,13,562.59
p1_W_E.518,1955.0,97.46,19.0,3,389.45
p2_E_W.31,1905.0,147.88,63.0,9,454.87
p1_W_E.519,1958.0,96.26,18.0,3,396.44
p2_E_W.32,1908.0,146.77,62.0,10,454.11
p2_E_W.33,1911.0,145.8,60.0,9,454.48
p2_E_W.34,1914.0,144.98,53.0,7,449.16
p2_N2_S2.15,1950.0,130.18,95.0,3,368.96
p2_N2_S2.16,1960.0,121.92,85.0,3,352.78
p2_N2_S2.17,1970.0,113.75,73.0,3,342.07
p2_E_W.35,1917.0,138.62,50.0,10,442.62
p2_N2_S2.18,1980.0,105.0,65.0,3,333.14
p2_E_W.36,1921.0,144.46,45.0,12,447.65
p2_N2_S2.19,1990.0,98.15,57.0,3,326.63
p2_E_W.37,1924.0,143.27,44.0,9,459.77
p2_E_W.38,1927.0,130.99,41.0,9,411.29
p1_W_E.520,1961.0,111.91,27.0,4,417.84
p2_E_W.39,1930.0,142.94,41.0,10,451.0
p1_W_S2.52,1964.0,110.73,25.0,4,394.01
p2_E_W.40,1933.0,141.74,37.0,7,439.21
p1_W_E.521,1968.0,108.01,25.0,4,401.18
p2_S1_N1.22,2020.0,83.04,61.0,2,294.52
p2_E_S1.4,1936.0,135.39,41.0,9,434.62
p2_N1_S1.16,1960.0,145.78,101.0,5,396.48
p1_W_E.522,1971.0,96.87,21.0,5,381.47
p2_N1_S1.17,1970.0,137.57,88.0,4,377.76
p1_W_E.523,1974.0,112.83,24.0,5,402.34
p2_N1_S1.18,1980.0,125.76,87.0,4,361.33
p1_W_E.524,1978.0,108.17,21.0,4,407.22
p2_S1_N1.23,2030.0,69.79,50.0,2,269.8
p1_W_E.525,1981.0,99.22,20.0,4,412.33
p2_S1_N1.24,2040.0,66.84,45.0,2,284.65
p2_S1_N1.25,2050.0,63.62,37.0,2,272.46
p1_W_E.526,1984.0,108.34,19.0,4,427.31
p1_W_E.527,1987.0,97.56,13.0,4,411.59
p2_S1_N1.26,2060.0,52.67,28.0,1,259.51
p2_E_W.41,1939.0,156.4,48.0,8,464.4
p2_N1_E.5,1953.0,142.1,81.0,5,475.71
p1_W_E.528,1990.0,102.88,27.0,3,421.23
p1_W_S2.53,1999.0,99.79,24.0,4,403.42
p1_W_E.529,1993.0,106.39,27.0,3,436.69
p1_W_E.530,1996.0,105.08,26.0,4,433.33
p1_W_E.531,2002.0,97.33,24.0,3,401.86
p2_E_W.42,1942.0,147.49,47.0,6,433.2
p2_E_W.43,1945.0,159.15,46.0,7,452.76
p1_W_E.532,2005.0,98.78,21.0,3,398.24
p2_E_W.44,1948.0,157.8,54.0,7,468.27
p1_W_E.533,2008.0,98.49,20.0,3,402.85
p1_W_E.534,2011.0,97.14,19.0,3,405.67
p2_S2_W.2,1863.0,239.36,150.0,9,617.34
p1_W_E.535,2014.0,95.9,15.0,3,405.13
p2_E_W.45,1951.0,148.61,76.0,5,474.94
p1_W_E.536,2017.0,92.29,15.0,3,387.97
p2_E_W.46,1954.0,157.35,72.0,6,488.55
p2_E_W.47,1957.0,156.16,72.0,7,487.34
p2_E_W.48,1960.0,155.0,72.0,7,480.43
p2_E_W.49,1963.0,153.71,66.0,5,496.51
p2_S2_N2.10,1900.0,233.16,185.0,7,507.61
p2_E_W.50,1966.0,150.82,62.0,6,492.96
p2_N2_S2.20,2000.0,134.83,90.0,3,382.17
p2_N2_S2.21,2010.0,131.74,89.0,3,385.19
p2_S2_N2.11,1910.0,224.84,170.0,7,503.5
p2_S2_N2.12,1920.0,224.05,160.0,8,513.94
p2_N2_S2.22,2020.0,115.64,84.0,3,339.25
p2_N2_S2.23,2030.0,118.14,79.0,3,354.08
p2_E_S1.5,1969.0,154.76,71.0,7,479.86
p2_S1_N1.27,2070.0,83.33,66.0,2,288.32
p1_W_E.537,2020.0,97.72,24.0,3,384.43
p2_N1_S1.19,1990.0,165.91,118.0,5,429.41
p2_S1_N1.28,2080.0,76.35,57.0,2,295.01
p2_N1_S1.20,2000.0,156.95,105.0,5,408.32
p1_W_E.538,2023.0,113.48,26.0,5,406.22
p2_N1_S1.21,2010.0,144.75,93.0,5,379.37
p1_W_E.539,2026.0,105.7,22.0,3,412.31
p1_W_E.540,2029.0,110.99,23.0,4,435.62
p2_S1_N1.29,2090.0,63.82,44.0,2,255.48
p1_W_S2.54,2032.0,104.85,32.0,4,413.08
p2_N1_E.6,1983.0,153.94,93.0,6,478.22
p2_S1_N1.30,2100.0,63.9,39.0,2,269.33
p1_W_E.541,2035.0,108.5,30.0,4,413.23
p2_E_W.51,1972.0,173.01,76.0,8,502.94
p1_W_E.542,2038.0,104.04,27.0,3,399.38
p1_W_E.543,2041.0,106.06,25.0,3,394.99
p2_E_W.52,1975.0,172.32,77.0,7,506.7
p1_W_E.544,2044.0,104.85,24.0,3,415.05
p2_E_W.53,1978.0,171.39,77.0,7,502.14
p1_W_E.545,2047.0,103.69,23.0,4,409.4
p2_E_W.54,1981.0,170.09,72.0,7,491.87
p1_W_E.546,2050.0,97.87,21.0,4,385.23
p2_E_W.55,1984.0,168.91,71.0,7,496.1
p1_W_E.547,2053.0,99.3,21.0,4,379.34
p2_E_W.56,1987.0,167.68,67.0,6,488.11
p1_W_E.548,2061.0,95.03,20.0,3,384.88
p2_E_W.57,1990.0,166.89,68.0,6,492.2
p1_W_E.549,2064.0,93.71,17.0,4,395.72
p1_W_E.550,2068.0,87.07,18.0,4,372.47
p2_E_W.58,1993.0,164.43,64.0,6,485.83
p1_W_S2.55,2071.0,89.66,18.0,5,374.84
p2_S2_W.3,1893.0,262.13,175.0,10,643.1
p2_E_W.59,1996.0,168.96,72.0,10,505.25
p1_W_E.551,2074.0,84.66,18.0,4,366.99
p1_W_E.552,2077.0,90.14,17.0,4,377.84
p2_E_W.60,1999.0,164.03,70.0,8,500.92
p1_W_E.553,2080.0,88.82,13.0,2,393.02
p1_W_E.554,2083.0,87.59,12.0,3,389.77
p2_E_S1.6,2002.0,169.61,65.0,8,516.85
p1_W_E.555,2086.0,86.29,14.0,4,389.02
p2_N1_S1.22,2020.0,175.71,111.0,5,426.39
p2_S1_N1.31,2110.0,86.75,61.0,2,296.36
p2_N1_S1.23,2030.0,167.76,110.0,4,415.26
p2_S2_N2.13,1930.0,266.52,195.0,8,572.24
p2_N2_S2.24,2040.0,158.36,121.0,4,423.69
p2_S2_N2.14,1940.0,259.62,190.0,8,545.31
p2_N1_S1.24,2040.0,160.15,103.0,4,406.73
p2_N2_S2.25,2050.0,146.82,109.0,3,388.84
p2_S2_N2.15,1950.0,248.17,187.0,7,532.39
p2_N2_S2.26,2060.0,145.34,108.0,3,390.23
p2_N2_S2.27,2070.0,133.95,99.0,3,369.67
p2_S1_N1.32,2120.0,71.52,49.0,2,272.7
p2_N2_S2.28,2080.0,128.89,91.0,3,374.32
p2_S1_N1.33,2130.0,79.27,46.0,2,279.28
p2_N2_S2.29,2090.0,120.55,81.0,3,371.95
p2_S1_N1.34,2140.0,70.94,39.0,2,285.09
p2_N2_S2.30,2100.0,112.26,79.0,2,349.55
p2_S1_N1.35,2150.0,62.54,32.0,2,271.02
p2_S1_N1.36,2160.0,54.32,25.0,1,260.9
p2_N1_E.7,2013.0,181.86,107.0,7,526.29
p2_S1_N1.37,2170.0,43.81,22.0,1,259.33
p1_W_E.556,2089.0,107.88,38.0,4,429.27
p2_S1_N1.38,2180.0,34.02,13.0,1,238.5
p1_W_E.557,2092.0,106.9,37.0,5,421.07
p2_S1_N1.39,2190.0,30.0,6.0,1,237.49
p1_W_E.558,2094.0,106.84,35.0,4,419.88
p2_S1_N1.40,2200.0,20.7,0.0,0,217.89
p2_N1_S1.25,2050.0,171.7,108.0,5,417.41
p2_S1_N1.41,2210.0,13.11,0.0,0,188.2
p1_W_E.559,2098.0,104.48,30.0,5,406.35
p2_N1_S1.26,2060.0,164.74,99.0,5,413.08
p1_W_E.560,2101.0,102.41,29.0,4,402.04
p2_N1_S1.27,2070.0,156.52,91.0,5,406.37
p2_S1_N1.42,2220.0,6.05,0.0,0,147.49
p1_W_E.561,2107.0,103.08,23.0,4,390.94
p1_W_E.562,2110.0,102.02,23.0,6,384.28
p2_N1_S1.28,2080.0,149.02,87.0,5,378.87
p1_W_S2.56,2104.0,95.27,26.0,4,387.74
p1_W_E.563,2114.0,90.27,24.0,7,373.73
p1_W_E.564,2117.0,97.0,25.0,5,373.83
p2_N2_S2.31,2110.0,134.22,102.0,3,378.0
p2_E_W.61,2005.0,197.38,98.0,8,538.59
p2_S2_N2.16,1960.0,280.74,205.0,11,583.44
p2_E_W.62,2008.0,217.56,100.0,7,559.07
p2_S2_N2.17,1970.0,277.91,195.0,9,594.05
p2_N2_S2.32,2120.0,124.13,91.0,3,351.79
p2_E_W.63,2011.0,216.27,96.0,8,564.64
p2_E_W.64,2014.0,213.64,91.0,7,565.2
p2_N2_S2.33,2130.0,115.28,83.0,3,336.54
p2_E_W.65,2017.0,213.69,92.0,7,583.03
p2_N2_S2.34,2140.0,107.54,74.0,3,323.01
p2_E_W.66,2020.0,212.43,88.0,7,574.31
p2_S2_N2.18,1980.0,261.14,177.0,8,553.78
p2_N2_S2.35,2150.0,105.03,67.0,2,327.88
p2_E_W.67,2023.0,194.92,83.0,8,527.42
p2_N2_S2.36,2160.0,96.76,64.0,2,323.62
p2_N2_S2.37,2170.0,84.82,60.0,2,298.98
p2_E_W.68,2026.0,189.91,79.0,8,506.9
p1_W_E.565,2120.0,120.24,42.0,6,419.67
p2_E_W.69,2029.0,203.3,78.0,9,530.26
p2_E_W.70,2032.0,210.29,73.0,9,535.14
p1_W_E.566,2123.0,116.0,40.0,7,418.8
p2_S2_W.4,1923.0,312.01,194.0,10,710.84
p1_W_E.567,2126.0,120.05,37.0,5,415.73
p2_N1_E.8,2043.0,188.51,121.0,6,504.89
p2_E_S1.7,2035.0,220.3,95.0,9,565.82
p1_W_S2.57,2138.0,118.84,50.0,5,424.88
p2_N1_E.9,2073.0,177.97,94.0,5,486.2
p1_W_E.568,2129.0,129.39,54.0,5,450.41
p1_W_E.569,2132.0,128.07,50.0,5,458.43
p2_N1_S1.29,2090.0,190.83,127.0,5,457.65
p2_S1_N1.43,2230.0,49.63,38.0,1,235.46
p1_W_E.570,2135.0,126.9,49.0,5,466.45
p2_N1_S1.30,2100.0,181.74,118.0,5,431.38
p2_S1_N1.44,2240.0,43.61,31.0,1,226.22
p1_W_E.571,2141.0,122.67,44.0,4,437.55
p2_S1_N1.45,2250.0,34.7,22.0,1,221.83
p1_W_E.572,2144.0,121.36,42.0,4,453.76
p2_S1_N1.46,2260.0,27.2,14.0,1,211.04
p1_W_E.573,2147.0,109.19,39.0,2,413.38
p2_S1_N1.47,2270.0,18.95,6.0,1,197.87
p1_W_E.574,2150.0,119.25,40.0,3,436.36
p2_S1_N1.48,2280.0,7.7,0.0,0,158.5
p1_W_E.575,2159.0,107.53,36.0,2,414.54
p1_W_E.576,2162.0,110.88,37.0,2,426.75
p2_S1_N1.49,2290.0,5.71,0.0,0,151.47
p1_W_E.577,2165.0,109.61,36.0,1,422.92
p1_W_E.578,2168.0,108.31,37.0,2,418.71
p1_W_E.579,2171.0,106.98,36.0,2,432.99
p1_W_E.580,2174.0,101.5,36.0,1,404.52
p1_W_S2.58,2177.0,100.06,35.0,1,397.14
p1_W_E.581,2180.0,98.75,34.0,1,388.0
p1_W_E.582,2183.0,100.48,34.0,1,394.77
p2_N1_S1.31,2110.0,188.54,120.0,6,443.77
p2_N1_S1.32,2120.0,189.67,112.0,6,447.2
p2_N1_S1.33,2130.0,181.32,101.0,5,436.84
p2_N2_S2.38,2180.0,128.1,97.0,3,372.87
p2_N2_S2.39,2190.0,122.49,88.0,3,364.7
p2_N2_S2.40,2200.0,109.67,78.0,3,331.86
p2_S1_N1.50,2300.0,6.22,0.0,0,157.39
p2_S1_N1.51,2310.0,7.65,0.0,0,148.92
p2_N2_S2.41,2210.0,107.68,70.0,3,334.03
p2_N1_S1.34,2140.0,181.61,104.0,6,439.05
p2_N2_S2.42,2220.0,92.59,65.0,2,309.6
p2_N2_S2.43,2230.0,94.06,63.0,2,311.01
p2_N1_S1.35,2150.0,171.66,100.0,6,423.01
p2_N2_S2.44,2240.0,80.47,56.0,2,303.37
p2_S1_N1.52,2320.0,5.55,0.0,0,156.13
p2_N2_S2.45,2250.0,77.71,48.0,3,303.69
p2_N1_S1.36,2160.0,168.01,92.0,6,411.79
p2_N2_S2.46,2260.0,67.88,42.0,1,288.72
p2_N2_S2.47,2270.0,61.29,41.0,2,266.14
p2_N2_S2.48,2280.0,43.65,31.0,1,223.6
p2_E_W.71,2038.0,270.68,143.0,9,652.59
p2_N2_S2.49,2290.0,41.78,24.0,1,220.97
p2_E_W.72,2041.0,268.81,139.0,10,642.46
p2_N2_S2.50,2300.0,37.42,18.0,1,228.05
p2_E_W.73,2044.0,273.81,131.0,9,643.03
p2_N2_S2.51,2310.0,29.03,9.0,1,225.73
p2_N2_S2.52,2320.0,20.75,2.0,1,225.99
p2_E_W.74,2047.0,270.15,128.0,10,641.1
p2_E_W.75,2050.0,271.35,124.0,9,669.22
p2_E_W.76,2053.0,268.07,121.0,8,645.75
p2_E_W.77,2056.0,268.8,118.0,8,645.3
p2_N2_S2.53,2330.0,6.66,0.0,0,151.4
p2_E_W.78,2059.0,267.6,116.0,7,644.76
p2_N2_S2.54,2340.0,8.68,0.0,0,159.14
p2_E_W.79,2062.0,266.3,115.0,9,623.45
p2_S2_N2.19,1990.0,358.21,258.0,12,704.04
p2_S2_N2.20,2000.0,356.3,248.0,12,704.21
p2_E_W.80,2065.0,253.28,111.0,9,610.11
p2_S2_N2.21,2010.0,349.6,240.0,12,682.31
p2_E_S1.8,2068.0,273.51,122.0,9,641.95
p2_N2_S2.55,2350.0,6.0,0.0,0,152.51
p2_N1_S1.37,2170.0,196.51,115.0,9,460.76
p2_S1_N1.53,2330.0,36.38,24.0,1,214.23
p1_W_E.583,2186.0,159.98,90.0,2,476.14
p2_N1_S1.38,2180.0,187.96,101.0,8,446.02
p2_S1_N1.54,2340.0,28.28,16.0,1,209.5
p1_W_E.584,2189.0,158.41,89.0,2,483.67
p2_N1_S1.39,2190.0,180.46,97.0,7,430.06
p2_S1_N1.55,2350.0,20.38,9.0,1,191.91
p1_W_E.585,2192.0,158.55,88.0,2,468.45
p2_S1_N1.56,2360.0,10.5,0.0,0,170.4
p2_S1_N1.57,2370.0,5.48,0.0,0,149.43
p2_N1_E.10,2103.0,240.59,169.0,7,584.47
p2_N1_E.11,2133.0,224.9,134.0,7,575.62
p2_N1_E.12,2163.0,196.55,107.0,7,524.09
p2_N1_S1.40,2200.0,182.28,94.0,7,431.77
p2_N1_S1.41,2210.0,174.1,89.0,7,432.99
p2_S1_N1.58,2380.0,5.81,0.0,0,154.98
p2_N1_S1.42,2220.0,164.59,77.0,6,415.81
p2_N1_S1.43,2230.0,161.55,69.0,5,409.75
p2_N1_S1.44,2240.0,153.58,71.0,5,397.72
p1_W_E.586,2195.0,142.07,91.0,3,444.5
p2_N1_S1.45,2250.0,145.31,65.0,5,394.92
p2_S1_N1.59,2390.0,5.7,0.0,0,149.29
p1_W_E.587,2198.0,175.3,89.0,3,463.81
p1_W_S2.59,2214.0,148.46,83.0,3,450.25
p1_W_E.588,2204.0,173.47,86.0,3,459.82
p2_N1_S1.46,2260.0,140.58,63.0,3,376.85
p1_W_E.589,2207.0,170.08,86.0,3,470.17
p1_W_E.590,2211.0,169.96,83.0,3,469.23
p1_W_E.591,2217.0,157.95,84.0,3,473.43
p1_W_E.592,2220.0,161.58,83.0,3,495.91
p1_W_E.593,2223.0,163.23,84.0,3,488.44
p1_W_E.594,2226.0,155.8,82.0,3,479.47
p2_E_W.81,2071.0,317.32,159.0,9,718.64
p2_E_W.82,2074.0,316.12,154.0,9,708.46
p2_N1_S1.47,2270.0,124.77,61.0,3,355.15
p1_W_E.595,2229.0,149.95,80.0,3,472.17
p1_W_E.596,2232.0,160.12,76.0,3,483.65
p2_N1_S1.48,2280.0,133.25,57.0,3,362.3
p2_N2_S2.56,2360.0,48.1,38.0,1,235.19
p2_E_W.83,2077.0,314.45,148.0,10,696.97
p1_W_E.597,2235.0,158.8,76.0,3,477.7
p2_N2_S2.57,2370.0,44.98,30.0,1,239.83
p2_N2_S2.58,2380.0,30.61,18.0,1,199.3
p2_N2_S2.59,2390.0,26.84,12.0,1,210.17
p2_S2_W.5,1953.0,429.03,310.0,14,881.52
p2_E_W.84,2080.0,322.95,164.0,10,715.9
p2_N2_S2.60,2400.0,12.86,0.0,0,175.37
p2_E_W.85,2083.0,321.72,161.0,11,721.13
p2_N2_S2.61,2410.0,16.72,0.0,0,187.97
p2_E_W.86,2086.0,314.36,161.0,9,714.87
p2_N2_S2.62,2420.0,7.84,0.0,0,160.11
p2_E_W.87,2089.0,319.46,153.0,9,733.97
p2_E_W.88,2092.0,318.29,151.0,8,736.31
p2_E_W.89,2095.0,317.0,151.0,7,719.89
p2_W_N1.0,2247.0,185.4,128.0,4,451.02
p2_E_W.90,2098.0,315.63,150.0,10,714.45
p2_E_S1.9,2101.0,312.0,144.0,9,698.59
p2_N2_S2.63,2430.0,6.2,0.0,0,147.33
p2_S1_N1.60,2400.0,34.67,25.0,1,209.35
p2_S1_N1.61,2410.0,31.32,19.0,1,215.08
p2_S1_N1.62,2420.0,23.02,9.0,1,197.46
p2_N2_S2.64,2440.0,4.67,0.0,0,151.84
p2_S1_N1.63,2430.0,14.88,1.0,1,193.12
p2_N1_S1.49,2290.0,159.47,86.0,5,394.7
p2_N1_S1.50,2300.0,150.16,74.0,5,384.22
p2_S2_N2.22,2020.0,433.76,324.0,9,819.97
p2_N1_S1.51,2310.0,143.55,65.0,5,388.89
p2_S2_N2.23,2030.0,426.0,318.0,10,806.48
p2_N2_S2.65,2450.0,5.58,0.0,0,151.49
p2_S2_N2.24,2040.0,417.92,313.0,8,802.71
p2_N1_S1.52,2320.0,141.31,53.0,4,381.61
p2_S2_N2.25,2050.0,412.44,300.0,9,777.84
p2_N1_S1.53,2330.0,133.26,48.0,3,363.11
p2_S1_N1.64,2440.0,7.06,0.0,0,156.33
p2_N1_S1.54,2340.0,125.15,48.0,3,349.82
p2_S1_N1.65,2450.0,14.91,0.0,0,160.03
p2_N2_S2.66,2460.0,5.47,0.0,0,152.92
p2_S2_N2.26,2060.0,402.33,286.0,9,762.81
p2_S2_N2.27,2070.0,397.99,282.0,9,751.68
p2_S1_N1.66,2460.0,6.23,0.0,0,148.98
p1_W_E.598,2238.0,213.73,135.0,4,549.45
p2_N1_S1.55,2350.0,125.04,45.0,3,345.72
p2_S1_N1.67,2470.0,5.15,0.0,0,149.98
p2_N1_E.13,2193.0,260.26,158.0,8,628.86
p2_E_W.91,2104.0,355.08,183.0,11,771.1
p2_E_W.92,2106.0,355.12,181.0,10,761.13
p2_E_W.93,2110.0,352.99,180.0,9,759.85
p2_N1_E.14,2223.0,218.74,123.0,7,555.6
p2_N1_E.15,2253.0,211.54,114.0,5,537.52
p2_E_W.94,2113.0,347.28,184.0,8,755.6
p1_W_E.599,2241.0,217.88,157.0,4,569.92
p2_W_E.0,2244.0,226.0,156.0,4,575.04
p2_E_W.95,2116.0,347.45,183.0,9,751.26
p2_E_W.96,2119.0,352.05,180.0,8,767.19
p2_E_W.97,2122.0,350.87,173.0,9,744.48
p2_N1_E.16,2283.0,172.92,92.0,6,503.33
p2_N1_E.17,2313.0,156.5,58.0,4,478.04
p2_S2_N2.28,2080.0,416.48,296.0,9,791.24
p2_E_W.98,2125.0,347.46,170.0,8,739.35
p2_S2_N2.29,2090.0,408.2,294.0,8,786.52
p2_N2_S2.67,2470.0,25.43,14.0,1,191.47
p2_S2_N2.30,2100.0,400.38,286.0,10,769.31
p2_N2_S2.68,2480.0,17.79,6.0,1,184.13
p2_N2_S2.69,2490.0,9.94,0.0,0,173.11
p2_E_W.99,2128.0,334.26,172.0,9,724.5
p2_E_W.100,2139.0,326.95,169.0,9,706.34
p2_W_N1.1,2262.0,242.51,170.0,7,546.4
p2_N2_S2.70,2500.0,6.47,0.0,0,152.12
p2_E_S1.10,2145.0,343.96,174.0,8,735.5
p2_S1_N1.68,2480.0,33.95,21.0,1,210.51
p2_S1_N1.69,2490.0,25.75,12.0,1,197.4
p2_N2_S2.71,2510.0,5.62,0.0,0,155.59
p2_N1_S1.56,2360.0,149.82,77.0,3,396.85
p2_N1_S1.57,2370.0,148.35,74.0,3,396.01
p2_S1_N1.70,2500.0,16.82,6.0,1,180.59
p2_S1_N1.71,2510.0,7.39,0.0,0,161.91
p2_S1_N1.72,2520.0,5.75,0.0,0,148.06
p2_N2_S2.72,2520.0,6.02,0.0,0,157.76
p2_S2_N2.31,2110.0,411.13,291.0,12,780.96
p2_S2_N2.32,2120.0,404.51,281.0,11,782.71
p2_S2_N2.33,2130.0,402.32,275.0,9,796.74
p2_N1_S1.58,2380.0,134.52,68.0,3,365.94
p2_S1_N1.73,2530.0,6.15,0.0,0,146.27
p2_S2_N2.34,2140.0,389.32,267.0,8,748.87
p2_N1_S1.59,2390.0,147.83,64.0,3,391.79
p2_S2_N2.35,2150.0,383.25,267.0,8,735.27
p2_N1_S1.60,2400.0,130.79,54.0,3,362.59
p2_S2_N2.36,2160.0,379.05,255.0,10,737.93
p2_N1_S1.61,2410.0,130.74,47.0,2,378.26
p2_N1_S1.62,2420.0,122.93,46.0,2,361.95
p2_N1_S1.63,2430.0,114.68,46.0,2,340.95
p2_N1_S1.64,2440.0,95.97,47.0,2,302.19
p2_N2_S2.73,2530.0,6.77,0.0,0,156.91
p2_N1_S1.65,2450.0,99.07,44.0,2,313.77
p2_S2_N2.37,2170.0,382.23,254.0,10,726.52
p2_N2_S2.74,2540.0,12.11,0.0,0,166.68
p2_N1_S1.66,2460.0,93.44,31.0,2,310.4
p2_E_W.101,2151.0,375.58,210.0,10,791.61
p2_S2_N2.38,2180.0,372.16,240.0,10,706.08
p2_E_W.102,2154.0,369.92,204.0,9,787.11
p2_N1_E.18,2343.0,194.71,105.0,4,522.29
p2_E_W.103,2158.0,378.2,200.0,8,785.22
p2_W_E.1,2250.0,289.95,220.0,6,673.84
p2_S2_W.6,1983.0,549.59,395.0,16,1084.3
p2_E_W.104,2163.0,379.13,219.0,8,807.51
p2_W_E.2,2253.0,289.29,219.0,6,684.25
p2_W_E.3,2256.0,287.98,216.0,6,677.95
p2_W_N1.2,2277.0,288.82,197.0,9,613.16
p2_E_W.105,2168.0,362.17,215.0,7,763.9
p2_W_E.4,2258.0,286.93,212.0,6,669.68
p2_E_W.106,2182.0,365.21,211.0,7,754.37
p2_S1_N1.74,2540.0,29.31,17.0,1,205.18
p2_S1_N1.75,2550.0,21.19,10.0,1,193.66
p2_S1_N1.76,2560.0,13.27,1.0,1,183.3
p2_S1_N1.77,2570.0,5.64,0.0,0,146.38
p2_W_E.5,2265.0,266.95,193.0,7,654.37
p2_N1_E.19,2373.0,186.17,92.0,5,513.23
p2_S2_N2.39,2190.0,392.12,252.0,11,752.65
p2_N1_E.20,2403.0,156.97,61.0,4,472.09
p2_N1_S1.67,2470.0,112.87,53.0,3,349.07
p2_N1_E.21,2433.0,129.58,50.0,3,429.99
p2_N2_S2.75,2550.0,29.89,18.0,1,195.45
p2_W_E.6,2268.0,296.64,204.0,8,692.91
p2_N2_S2.76,2560.0,25.29,12.0,1,204.16
p2_S1_N1.78,2580.0,6.07,0.0,0,154.58
p2_N1_S1.68,2480.0,101.52,52.0,3,327.78
p2_N2_S2.77,2570.0,15.32,3.0,1,182.28
p2_N1_S1.69,2490.0,99.18,50.0,3,326.08
p2_N2_S2.78,2580.0,9.74,0.0,0,175.14
p2_N1_S1.70,2500.0,90.93,46.0,3,310.77
p2_N1_S1.71,2510.0,82.84,41.0,3,297.67
p2_N1_S1.72,2520.0,74.61,34.0,3,290.17
p2_S1_N1.79,2590.0,5.56,0.0,0,148.97
p2_N2_S2.79,2590.0,5.46,0.0,0,153.96
p2_N1_S1.73,2530.0,70.44,25.0,3,282.57
p2_S2_N2.40,2200.0,400.63,258.0,13,758.96
p2_N2_S2.80,2600.0,5.56,0.0,0,142.7
p2_S2_N2.41,2210.0,396.68,254.0,12,754.6
p2_N1_S1.74,2540.0,56.87,15.0,2,263.6
p2_E_W.107,2186.0,389.01,246.0,9,817.77
p2_S2_N2.42,2220.0,380.39,244.0,11,727.3
p2_S2_N2.43,2230.0,384.53,233.0,10,748.1
p2_E_W.108,2191.0,394.96,244.0,7,832.05
p2_S2_N2.44,2240.0,374.08,223.0,9,732.38
p2_N2_S2.81,2610.0,5.78,0.0,0,149.01
p2_E_W.109,2197.0,397.92,239.0,8,840.23
p2_E_W.110,2201.0,396.16,240.0,7,847.63
p2_S2_N2.45,2250.0,367.36,214.0,9,720.41
p2_S2_N2.46,2260.0,360.25,204.0,10,691.55
p2_W_N1.3,2292.0,326.65,216.0,10,662.34
p2_N2_S2.82,2620.0,6.07,0.0,0,148.88
p2_E_S1.11,2204.0,400.76,241.0,10,851.25
p2_S2_N2.47,2270.0,344.26,202.0,8,667.56
p2_S2_N2.48,2280.0,352.15,196.0,7,686.16
p2_N1_S1.75,2550.0,82.17,38.0,4,299.04
p2_S2_N2.49,2290.0,343.83,189.0,10,680.42
p2_S2_N2.50,2300.0,335.64,184.0,8,665.82
p2_N2_S2.83,2630.0,5.08,0.0,0,153.83
p2_S1_N1.80,2600.0,27.24,16.0,1,198.33
p2_S2_N2.51,2310.0,327.33,176.0,8,648.31
p2_S1_N1.81,2610.0,24.51,9.0,1,203.59
p2_S1_N1.82,2620.0,16.76,2.0,1,197.51
p2_S1_N1.83,2630.0,11.1,0.0,0,184.1
p2_W_E.7,2271.0,353.17,262.0,9,764.05
p2_N1_S1.76,2560.0,79.24,36.0,5,276.22
p2_W_E.8,2274.0,351.92,258.0,9,750.99
p2_N1_S1.77,2570.0,77.11,33.0,5,287.38
p2_N1_S1.78,2580.0,62.98,23.0,4,260.23
p2_S1_N1.84,2640.0,5.68,0.0,0,151.14
p2_N1_E.22,2463.0,157.6,93.0,5,472.46
p2_N1_E.23,2493.0,140.27,81.0,4,437.55
p2_N1_E.24,2523.0,112.15,56.0,4,427.62
p2_N1_S1.79,2590.0,62.77,20.0,2,256.87
p2_W_E.9,2280.0,357.5,247.0,10,796.02
p2_W_E.10,2283.0,356.11,244.0,10,796.12
p2_N1_S1.80,2600.0,57.93,19.0,1,257.1
p2_S1_N1.85,2650.0,6.32,0.0,0,153.07
p2_W_E.11,2286.0,354.96,237.0,10,789.22
p2_E_W.111,2207.0,435.16,271.0,12,885.27
p2_W_E.12,2289.0,353.11,235.0,11,791.52
p2_W_E.13,2324.0,316.42,200.0,10,713.31
p2_E_W.112,2210.0,431.77,268.0,13,881.15
p2_E_W.113,2213.0,433.34,265.0,12,878.13
p2_N2_S2.84,2640.0,28.21,17.0,1,203.84
p2_S2_W.7,2013.0,633.82,458.0,17,1187.65
p2_N2_S2.85,2650.0,20.21,9.0,1,186.74
p2_S2_W.8,2043.0,606.65,436.0,15,1165.83
p2_N2_S2.86,2660.0,12.33,0.0,0,177.94
p2_S2_N2.52,2320.0,344.83,192.0,9,673.26
p2_S2_W.9,2073.0,579.03,400.0,13,1119.1
p2_E_W.114,2216.0,437.93,288.0,11,899.96
p2_E_W.115,2219.0,436.75,279.0,10,886.53
p2_E_W.116,2222.0,435.59,274.0,11,888.89
p2_S2_N2.53,2330.0,333.55,191.0,7,667.32
p2_S2_N2.54,2340.0,340.71,187.0,8,677.01
p2_E_W.117,2228.0,431.39,274.0,11,870.32
p2_N2_S2.87,2670.0,6.68,0.0,0,155.36
p2_S2_N2.55,2350.0,332.47,177.0,8,655.85
p2_W_N1.4,2336.0,348.12,226.0,9,688.55
p2_S2_N2.56,2360.0,324.16,165.0,8,641.94
p2_N2_S2.88,2680.0,5.54,0.0,0,153.01
p2_S2_N2.57,2370.0,315.8,158.0,8,646.29
p2_N1_S1.81,2610.0,76.72,41.0,2,278.77
p2_S1_N1.86,2660.0,24.13,14.0,1,197.14
p2_S1_N1.87,2670.0,18.29,6.0,1,188.8
p2_S1_N1.88,2680.0,6.43,0.0,0,156.58
p2_N2_S2.89,2690.0,5.62,0.0,0,152.2
p2_N1_S1.82,2620.0,75.28,37.0,3,283.05
p2_N1_S1.83,2630.0,65.65,28.0,3,254.95
p2_N1_S1.84,2640.0,63.27,22.0,2,255.89
p2_S1_N1.89,2690.0,5.54,0.0,0,148.9
p2_S1_N1.90,2700.0,5.12,0.0,0,151.86
p2_N2_S2.90,2700.0,6.33,0.0,0,150.76
p2_N1_S1.85,2650.0,60.68,22.0,2,258.66
p2_S2_N2.58,2441.0,270.5,128.0,7,547.8
p2_N1_S1.86,2660.0,52.67,18.0,2,240.16
p2_S2_N2.59,2446.0,267.55,127.0,7,549.16
p2_S2_N2.60,2451.0,264.54,128.0,9,540.83
p2_N2_S2.91,2710.0,5.45,0.0,0,146.16
p2_S1_N1.91,2710.0,5.98,0.0,0,149.08
p2_N1_S1.87,2670.0,41.03,15.0,1,222.04
p2_N1_S1.88,2680.0,40.28,12.0,1,216.36
p2_E_W.118,2237.0,465.01,309.0,10,941.27
p2_S2_N2.61,2543.0,174.43,48.0,5,415.4
p2_N2_S2.92,2720.0,5.38,0.0,0,149.41
p2_S2_N2.62,2546.0,179.9,44.0,5,413.75
p2_E_W.119,2241.0,460.4,306.0,11,934.81
p2_E_W.120,2245.0,463.05,300.0,11,936.66
p2_S2_N2.63,2549.0,169.19,46.0,4,398.07
p2_W_N1.5,2351.0,382.32,247.0,10,743.04
p2_W_E.14,2327.0,378.52,258.0,10,814.75
p2_N1_E.25,2553.0,144.06,95.0,5,452.93
p2_N1_E.26,2583.0,139.0,75.0,4,465.13
p2_W_N1.6,2369.0,376.01,231.0,12,726.86
p2_W_E.15,2330.0,391.57,262.0,9,839.1
p2_W_E.16,2333.0,393.27,260.0,9,848.7
p2_N1_E.27,2613.0,114.3,58.0,4,434.13
p2_E_S1.12,2248.0,480.54,313.0,11,972.45
p2_N1_E.28,2642.0,87.02,28.0,3,376.86
p2_N1_E.29,2673.0,58.07,14.0,1,338.89
p2_N1_S1.89,2690.0,63.62,30.0,2,258.86
p2_W_E.17,2339.0,389.89,257.0,10,814.3
p2_S1_N1.92,2720.0,32.4,20.0,1,201.59
p2_N1_S1.90,2700.0,53.83,26.0,1,243.07
p2_W_E.18,2342.0,382.85,256.0,9,791.8
p2_S1_N1.93,2730.0,23.63,11.0,1,194.74
p2_W_E.19,2345.0,389.91,252.0,9,811.83
p2_S1_N1.94,2740.0,19.23,6.0,1,199.92
p2_W_E.20,2348.0,391.07,250.0,10,813.33
p2_S1_N1.95,2750.0,11.0,0.0,0,178.93
p2_W_E.21,2354.0,381.39,249.0,11,795.1
p2_S2_N2.64,2555.0,209.1,73.0,5,455.06
p2_N1_S1.91,2710.0,54.33,26.0,2,245.7
p2_N2_S2.93,2730.0,34.57,24.0,1,209.21
p2_S2_N2.65,2558.0,208.01,71.0,6,460.85
p2_N2_S2.94,2740.0,26.9,16.0,1,200.41
p2_S2_N2.66,2561.0,207.2,70.0,6,451.76
p2_N2_S2.95,2750.0,18.16,7.0,1,182.36
p2_E_W.121,2251.0,498.13,331.0,12,989.24
p2_N2_S2.96,2760.0,10.62,0.0,0,177.65
p2_S2_W.10,2103.0,647.0,445.0,17,1208.94
p2_S2_W.11,2133.0,619.15,414.0,14,1184.73
p2_S2_N2.67,2584.0,191.68,61.0,5,446.57
p2_N2_S2.97,2770.0,6.22,0.0,0,149.35
p2_S2_N2.68,2589.0,188.75,58.0,5,440.41
p2_S2_W.12,2163.0,585.54,392.0,17,1114.53
p2_S2_N2.69,2595.0,184.67,60.0,5,433.0
p2_E_W.122,2254.0,505.68,343.0,13,1029.75
p2_E_W.123,2257.0,500.89,337.0,11,1012.54
p2_S2_N2.70,2613.0,171.28,56.0,6,401.33
p2_E_W.124,2260.0,498.42,330.0,11,1006.23
p2_E_W.125,2263.0,493.81,328.0,12,983.56
p2_S2_N2.71,2616.0,168.68,54.0,6,401.18
p2_E_W.126,2266.0,497.09,327.0,12,998.78
p2_S2_N2.72,2619.0,169.12,58.0,4,390.0
p2_E_W.127,2269.0,499.78,322.0,13,994.21
p2_N2_S2.98,2780.0,5.85,0.0,0,149.21
p2_E_W.128,2272.0,496.96,318.0,12,990.4
p2_E_W.129,2275.0,491.95,317.0,12,975.13
p2_S2_W.13,2193.0,580.96,355.0,18,1091.14
p2_N2_S2.99,2790.0,6.03,0.0,0,148.22
p2_S2_N2.73,2625.0,166.37,55.0,5,386.28
p2_W_N1.7,2422.0,374.58,219.0,11,719.29
p2_S2_N2.74,2628.0,170.68,53.0,4,393.84
p2_S1_N1.96,2760.0,39.26,27.0,1,223.8
p2_S2_N2.75,2631.0,169.34,53.0,4,404.57
p2_S2_N2.76,2641.0,161.32,49.0,5,392.36
p2_S1_N1.97,2770.0,31.83,17.0,1,209.62
p2_N1_S1.92,2720.0,78.55,54.0,2,269.74
p2_S2_N2.77,2647.0,157.08,49.0,5,392.04
p2_N1_S1.93,2730.0,74.69,45.0,2,281.25
p2_S1_N1.98,2780.0,20.69,10.0,1,198.39
p2_S1_N1.99,2790.0,18.13,2.0,1,194.47
p2_S2_N2.78,2674.0,129.21,40.0,4,346.64
p2_S1_N1.100,2800.0,9.72,0.0,0,179.19
p2_N2_S2.100,2800.0,5.93,0.0,0,150.49
p2_S2_N2.79,2692.0,121.58,39.0,4,342.34
p2_N1_S1.94,2740.0,69.89,38.0,3,269.37
p2_N1_S1.95,2750.0,67.88,30.0,3,264.09
p2_N1_S1.96,2760.0,58.79,26.0,2,253.94
p2_S1_N1.101,2810.0,5.52,0.0,0,149.78
p2_S2_N2.80,2695.0,114.91,41.0,3,342.12
p2_N2_S2.101,2810.0,5.83,0.0,0,155.56
p2_S2_N2.81,2698.0,127.04,41.0,3,358.77
p2_N1_S1.97,2770.0,48.35,25.0,1,230.01
p2_N1_S1.98,2780.0,46.92,20.0,1,239.75
p2_N1_S1.99,2790.0,38.58,13.0,1,242.79
p2_W_E.22,2357.0,440.81,302.0,11,895.05
p2_W_E.23,2360.0,452.31,298.0,13,900.28
p2_W_E.24,2363.0,444.53,287.0,11,898.89
p2_S2_W.14,2223.0,576.33,362.0,16,1102.74
p2_W_E.25,2366.0,436.87,287.0,12,865.15
p2_S2_W.15,2253.0,562.45,326.0,18,1080.0
p2_S2_W.16,2283.0,535.5,295.0,16,1038.41
p2_S2_W.17,2313.0,505.54,264.0,13,977.08
p2_W_E.26,2372.0,428.44,273.0,11,861.4
p2_E_W.130,2278.0,544.61,369.0,12,1086.69
p2_N1_E.30,2703.0,118.02,71.0,3,402.24
p2_W_E.27,2375.0,450.52,275.0,12,898.34
p2_W_N1.8,2437.0,410.35,237.0,13,776.36
p2_W_E.28,2378.0,449.68,269.0,11,901.28
p2_S2_N2.82,2705.0,145.22,62.0,4,391.97
p2_W_E.29,2381.0,448.45,271.0,12,887.27
p2_N1_E.31,2733.0,97.52,46.0,4,399.54
p2_N2_S2.102,2820.0,29.45,17.0,1,199.65
p2_S2_N2.83,2708.0,142.99,61.0,4,386.27
p2_E_S1.13,2281.0,551.25,373.0,14,1076.58
p2_N2_S2.103,2830.0,24.4,12.0,1,208.96
p2_N2_S2.104,2840.0,16.13,2.0,1,188.21
p2_S1_N1.102,2820.0,34.9,22.0,1,214.75
p2_N2_S2.105,2850.0,7.91,0.0,0,179.76
p2_S2_N2.84,2711.0,138.21,57.0,5,377.21
p2_S1_N1.103,2830.0,30.28,15.0,1,208.6
p2_S1_N1.104,2840.0,21.91,7.0,1,198.13
p2_S1_N1.105,2850.0,13.52,0.0,0,179.26
p2_S2_N2.85,2717.0,145.27,58.0,6,377.79
p2_S2_N2.86,2720.0,143.59,53.0,5,384.42
p2_N2_S2.106,2860.0,6.26,0.0,0,147.98
p2_S1_N1.106,2860.0,5.97,0.0,0,151.45
p2_S2_N2.87,2723.0,137.12,52.0,4,378.72
p2_N1_S1.100,2800.0,72.21,38.0,4,272.68
p2_S1_N1.107,2870.0,5.85,0.0,0,154.27
p2_N2_S2.107,2870.0,5.97,0.0,0,152.44
p2_N1_S1.101,2810.0,66.2,34.0,2,274.81
p2_N1_S1.102,2820.0,54.63,33.0,2,240.85
p2_S2_N2.88,2729.0,153.18,49.0,5,387.29
p2_N1_S1.103,2830.0,52.71,29.0,2,234.18
p2_S2_N2.89,2732.0,151.92,47.0,4,386.87
p2_N1_S1.104,2840.0,44.39,23.0,2,229.63
p2_S2_N2.90,2735.0,150.63,48.0,6,381.04
p2_S1_N1.108,2880.0,5.39,0.0,0,148.58
p2_E_W.131,2305.0,565.96,388.0,13,1068.57
p2_N2_S2.108,2880.0,6.29,0.0,0,148.56
p2_E_W.132,2308.0,564.86,383.0,13,1074.44
p2_N1_S1.105,2850.0,30.09,10.0,1,202.92
p2_S2_N2.91,2756.0,135.63,35.0,4,365.41
p2_E_W.133,2311.0,558.34,381.0,14,1074.06
p2_S2_N2.92,2760.0,140.55,36.0,4,364.88
p2_E_W.134,2314.0,566.86,379.0,15,1072.88
p2_S2_N2.93,2763.0,139.2,38.0,4,368.81
p2_S2_W.18,2343.0,538.81,299.0,19,1037.15
p2_S2_N2.94,2769.0,134.98,38.0,5,362.62
p2_S2_W.19,2414.0,470.06,242.0,17,918.16
p2_S2_W.20,2539.0,342.66,149.0,14,765.04
p2_S2_W.21,2552.0,335.19,133.0,10,758.31
p2_E_W.135,2318.0,571.61,403.0,12,1123.43
p2_E_W.136,2321.0,570.32,398.0,13,1122.2
p2_E_W.137,2325.0,568.0,391.0,15,1108.64
p2_N1_E.32,2763.0,112.52,80.0,2,388.61
p2_E_W.138,2328.0,566.78,387.0,15,1101.48
p2_W_E.30,2425.0,462.73,296.0,14,905.58
p2_W_N1.9,2452.0,466.08,269.0,14,846.74
p2_W_E.31,2428.0,469.3,289.0,13,939.06
p2_W_E.32,2431.0,468.04,289.0,12,946.95
p2_W_E.33,2434.0,466.74,284.0,12,948.8
p2_S1_N1.109,2890.0,28.89,17.0,1,205.96
p2_W_E.34,2440.0,461.65,266.0,15,932.42
p2_S1_N1.110,2900.0,24.67,11.0,1,201.42
p2_S2_N2.95,2772.0,154.66,52.0,5,376.67
p2_N1_E.33,2793.0,110.69,62.0,4,414.48
p2_S1_N1.111,2910.0,15.01,2.0,1,193.79
p2_N1_S1.106,2860.0,71.01,40.0,3,278.0
p2_S2_N2.96,2777.0,150.07,52.0,6,377.15
p2_N1_S1.107,2870.0,60.44,34.0,3,252.74
p2_N2_S2.109,2890.0,28.57,17.0,1,194.74
p2_N1_S1.108,2880.0,58.2,28.0,2,263.64
p2_N2_S2.110,2900.0,38.37,16.0,1,211.66
p2_S1_N1.112,2920.0,6.88,0.0,0,149.01
p2_N1_S1.109,2890.0,49.93,26.0,2,233.24
p2_N2_S2.111,2910.0,27.85,8.0,1,210.45
p2_S1_N1.113,2930.0,10.74,0.0,0,168.46
p2_N1_S1.110,2900.0,39.87,19.0,2,223.51
p2_N2_S2.112,2920.0,20.31,0.0,0,199.99
p2_S2_N2.97,2801.0,142.37,49.0,4,374.55
p2_N1_S1.111,2910.0,32.67,10.0,2,215.75
p2_N2_S2.113,2930.0,11.69,0.0,0,179.46
p2_S2_N2.98,2804.0,141.14,45.0,4,372.6
p2_S1_N1.114,2940.0,6.15,0.0,0,152.29
p2_N2_S2.114,2940.0,6.27,0.0,0,153.33
p2_S2_N2.99,2807.0,139.98,45.0,3,364.88
p2_S2_N2.100,2813.0,138.33,41.0,3,370.03
p2_S2_N2.101,2816.0,137.17,42.0,3,367.89
p2_E_W.139,2331.0,597.81,417.0,13,1155.9
p2_S2_N2.102,2820.0,134.87,41.0,3,355.56
p2_N2_S2.115,2950.0,6.01,0.0,0,151.13
p2_E_W.140,2334.0,601.61,409.0,13,1150.49
p2_S2_N2.103,2853.0,105.94,24.0,3,314.8
p2_W_N1.10,2505.0,456.83,251.0,14,833.01
p2_S2_N2.104,2857.0,104.14,22.0,2,311.12
p2_N2_S2.116,2960.0,5.52,0.0,0,151.57
p2_S2_N2.105,2860.0,97.5,20.0,3,304.46
p2_S2_N2.106,2866.0,106.57,21.0,3,318.21
p2_S2_N2.107,2870.0,104.6,20.0,3,307.67
p2_E_S1.14,2337.0,616.01,425.0,15,1173.84
p2_S2_N2.108,2880.0,96.42,21.0,3,300.29
p2_N2_S2.117,2970.0,5.98,0.0,0,149.52
p2_N1_S1.112,2920.0,57.63,27.0,3,253.69
p2_W_N1.11,2581.0,386.71,194.0,10,728.55
p2_N1_S1.113,2930.0,49.54,23.0,2,231.93
p2_S1_N1.115,2950.0,31.06,14.0,1,209.4
p2_N1_S1.114,2940.0,41.8,21.0,1,223.38
p2_S1_N1.116,2960.0,19.25,3.0,1,201.61
p2_S1_N1.117,2970.0,14.46,0.0,0,189.62
p2_S2_W.22,2565.0,402.04,184.0,16,831.36
p2_S2_W.23,2608.0,361.31,175.0,14,776.29
p2_N1_E.34,2823.0,128.39,92.0,4,423.79
p2_W_E.35,2443.0,528.47,325.0,16,1022.1
p2_W_E.36,2446.0,514.09,315.0,16,1002.4
p2_W_E.37,2449.0,526.21,308.0,17,998.76
p2_N1_E.35,2853.0,105.06,76.0,4,388.54
p2_S2_W.24,2622.0,336.42,164.0,13,743.81
p2_N1_E.36,2883.0,96.72,52.0,3,366.53
p2_S2_W.25,2637.0,344.31,156.0,10,731.25
p2_N1_E.37,2913.0,68.3,25.0,3,343.9
p2_W_E.38,2455.0,528.45,308.0,19,1013.62
p2_S2_W.26,2688.0,289.56,141.0,11,671.36
p2_W_E.39,2458.0,527.27,306.0,20,1003.97
p2_S2_W.27,2702.0,281.73,139.0,11,685.91
p2_W_E.40,2461.0,513.59,296.0,16,988.02
p2_E_W.141,2369.0,613.93,454.0,13,1195.08
p2_E_W.142,2372.0,613.91,448.0,12,1187.09
p2_W_E.41,2498.0,483.06,263.0,16,947.89
p2_E_W.143,2375.0,615.75,442.0,12,1184.82
p2_W_E.42,2512.0,460.28,253.0,15,905.59
p2_E_W.144,2378.0,614.41,440.0,11,1177.34
p2_W_E.43,2568.0,415.1,214.0,14,811.45
p2_E_W.145,2381.0,611.14,439.0,11,1171.54
p2_W_E.44,2571.0,418.58,210.0,13,848.46
p2_W_E.45,2575.0,420.2,205.0,13,852.62
p2_W_N1.12,2657.0,362.54,183.0,14,705.58
p2_N1_E.38,2943.0,47.1,21.0,1,302.87
p2_W_E.46,2587.0,409.93,208.0,13,831.42
p2_E_W.146,2384.0,589.73,429.0,12,1129.09
p2_S2_N2.109,2890.0,132.42,57.0,3,370.87
p2_N1_S1.115,2950.0,72.72,52.0,2,272.79
p2_S1_N1.118,2980.0,42.14,32.0,1,224.54
p2_W_E.47,2601.0,401.89,207.0,13,821.38
p2_E_W.147,2387.0,607.04,431.0,12,1144.29
p2_E_W.148,2390.0,614.32,422.0,12,1159.3
p2_S1_N1.119,2990.0,33.91,23.0,1,207.43
p2_S2_N2.110,2900.0,120.79,48.0,3,357.66
p2_S1_N1.120,3000.0,27.89,16.0,1,211.45
p2_N1_S1.116,2960.0,60.23,42.0,2,258.59
p2_S1_N1.121,3010.0,19.51,5.0,1,194.7
p2_S2_N2.111,2910.0,120.08,43.0,2,355.18
p2_N1_S1.117,2970.0,60.47,37.0,2,258.13
p2_N2_S2.118,2980.0,34.31,24.0,1,214.11
p2_S1_N1.122,3020.0,9.82,0.0,0,167.13
p2_N2_S2.119,2990.0,37.85,21.0,1,220.93
p2_N2_S2.120,3000.0,34.61,16.0,1,229.73
p2_N1_S1.118,2980.0,56.45,30.0,1,250.86
p2_N2_S2.121,3010.0,26.4,6.0,1,222.59
p2_S1_N1.123,3030.0,6.25,0.0,0,162.49
p2_S2_N2.112,2920.0,113.06,43.0,2,333.13
p2_N2_S2.122,3020.0,18.15,0.0,0,216.99
p2_S2_N2.113,2930.0,108.47,42.0,2,326.21
p2_N2_S2.123,3030.0,9.83,0.0,0,161.87
p2_S2_N2.114,2940.0,100.01,40.0,2,313.1
p2_N1_S1.119,2990.0,45.75,27.0,1,230.19
p2_S2_N2.115,2950.0,94.15,39.0,2,304.82
p2_N1_S1.120,3000.0,34.19,15.0,1,212.15
p2_S2_N2.116,2960.0,84.9,37.0,2,289.96
p2_N1_S1.121,3010.0,37.25,13.0,1,221.49
p2_S2_N2.117,2970.0,78.85,32.0,1,288.6
p2_N1_S1.122,3020.0,29.25,5.0,1,216.98
p2_N1_S1.123,3030.0,21.06,0.0,0,214.42
p2_N2_S2.124,3040.0,6.11,0.0,0,148.3
p2_S1_N1.124,3040.0,5.94,0.0,0,154.02
p2_E_W.149,2393.0,640.7,455.0,12,1202.93
p2_S2_N2.118,2980.0,71.62,31.0,1,269.03
p2_E_W.150,2396.0,640.06,453.0,12,1193.65
p2_S2_N2.119,2990.0,67.09,31.0,1,254.79
p2_S2_N2.120,3000.0,57.87,32.0,1,256.59
p2_S2_W.28,2713.0,322.01,160.0,12,716.71
p2_N2_S2.125,3050.0,5.97,0.0,0,149.42
p2_S2_W.29,2726.0,307.96,140.0,13,701.41
p2_W_E.48,2640.0,404.48,219.0,13,829.04
p2_S2_W.30,2738.0,306.7,134.0,10,683.21
p2_W_E.49,2644.0,402.39,211.0,13,824.95
p2_S2_W.31,2766.0,280.27,124.0,10,645.87
p2_W_E.50,2650.0,397.5,210.0,13,808.81
p2_N1_E.39,2973.0,75.81,41.0,3,334.67
p2_W_N1.13,2708.0,364.89,185.0,16,706.95
p2_N1_E.40,3003.0,48.72,15.0,1,296.65
p2_N1_E.41,3033.0,18.41,0.0,0,235.34
p2_W_E.51,2695.0,362.49,190.0,14,757.3
p2_W_E.52,2698.0,361.26,188.0,13,750.01
p2_W_E.53,2702.0,358.91,190.0,17,722.11
p2_W_N1.14,2765.0,318.44,145.0,14,632.44
p2_W_E.54,2705.0,357.76,185.0,15,702.42
p2_E_S1.15,2400.0,660.93,487.0,15,1228.5
p2_N1_S1.124,3040.0,49.62,30.0,1,245.48
p2_S1_N1.125,3050.0,38.43,26.0,1,223.11
p2_S1_N1.126,3060.0,28.99,15.0,1,204.86
p2_S2_N2.121,3010.0,83.22,54.0,2,300.23
p2_N1_S1.125,3050.0,37.0,26.0,1,216.29
p2_N2_S2.126,3060.0,33.86,21.0,1,213.42
p2_S2_N2.122,3020.0,74.98,46.0,2,292.12
p2_N1_S1.126,3060.0,34.51,20.0,1,229.33
p2_S1_N1.127,3070.0,19.18,6.0,1,186.68
p2_S1_N1.128,3080.0,17.86,1.0,1,191.37
p2_S2_N2.123,3030.0,64.9,37.0,2,259.61
p2_N2_S2.127,3070.0,21.54,10.0,1,192.39
p2_N2_S2.128,3080.0,16.62,3.0,1,191.03
p2_E_W.151,2465.0,610.64,442.0,17,1171.53
p2_N2_S2.129,3090.0,13.28,0.0,0,182.07
p2_S2_N2.124,3040.0,64.23,28.0,2,267.85
p2_E_W.152,2469.0,607.88,432.0,17,1161.75
p2_N2_S2.130,3100.0,5.83,0.0,0,151.66
p2_S2_W.32,2797.0,280.68,129.0,13,654.4
p2_S2_N2.125,3050.0,52.88,24.0,1,241.93
p2_S2_W.33,2810.0,276.09,116.0,9,655.79
p2_S2_N2.126,3060.0,47.58,23.0,1,245.32
p2_S2_W.34,2824.0,266.03,105.0,8,647.55
p2_S2_W.35,2863.0,228.75,77.0,8,587.87
p2_S2_W.36,2883.0,210.4,71.0,8,561.63
p2_N2_S2.131,3110.0,5.45,0.0,0,151.14
p2_E_W.153,2472.0,623.65,449.0,13,1203.62
p2_E_W.154,2475.0,619.54,446.0,13,1192.89
p2_S2_N2.127,3070.0,37.73,19.0,1,210.54
p2_E_W.155,2478.0,614.99,442.0,12,1164.62
p2_S2_N2.128,3080.0,41.35,16.0,1,233.71
p2_E_W.156,2481.0,613.42,439.0,14,1172.74
p2_S2_N2.129,3090.0,33.19,10.0,1,234.21
p2_E_W.157,2484.0,618.79,434.0,14,1162.52
p2_E_W.158,2487.0,608.4,429.0,13,1151.89
p2_W_E.55,2714.0,383.62,199.0,16,788.55
p2_W_N1.15,2825.0,302.45,137.0,15,621.64
p2_W_E.56,2720.0,391.17,198.0,21,816.98
p2_S1_N1.129,3090.0,42.76,30.0,2,225.58
p2_W_E.57,2751.0,362.01,173.0,20,772.42
p2_W_E.58,2757.0,357.7,168.0,16,784.36
p2_S1_N1.130,3100.0,32.38,19.0,1,212.53
p2_N1_S1.127,3070.0,56.53,36.0,2,246.33
p2_S1_N1.131,3110.0,28.1,11.0,1,208.71
p2_N1_S1.128,3080.0,56.96,31.0,2,248.04
p2_S1_N1.132,3120.0,17.48,2.0,1,180.92
p2_N1_E.42,3063.0,36.12,12.0,2,279.09
p2_S1_N1.133,3130.0,10.1,0.0,0,173.36
p2_W_E.59,2813.0,309.55,133.0,12,658.96
p2_S2_N2.130,3100.0,44.55,19.0,2,230.37
p2_N1_S1.129,3090.0,36.51,23.0,1,213.42
p2_W_E.60,2816.0,308.38,131.0,14,672.83
p2_N2_S2.132,3120.0,22.86,11.0,1,190.87
p2_N1_S1.130,3100.0,47.43,21.0,1,229.45
p2_S2_N2.131,3110.0,36.04,17.0,1,211.14
p2_N2_S2.133,3130.0,17.75,5.0,1,195.82
p2_S2_N2.132,3120.0,28.75,16.0,1,202.12
p2_N1_S1.131,3110.0,36.87,14.0,1,220.04
p2_S1_N1.134,3140.0,6.42,0.0,0,148.9
p2_N1_S1.132,3120.0,31.09,6.0,1,212.86
p2_S2_N2.133,3130.0,26.61,11.0,1,207.0
p2_N2_S2.134,3140.0,6.31,0.0,0,149.76
p2_N1_S1.133,3130.0,22.69,0.0,0,192.58
p2_S1_N1.135,3150.0,5.81,0.0,0,156.59
p2_N1_S1.134,3140.0,16.42,0.0,0,183.83
p2_S2_N2.134,3140.0,16.88,0.0,0,189.78
p2_E_W.159,2490.0,649.24,462.0,15,1211.45
p2_N2_S2.135,3150.0,6.18,0.0,0,151.54
p2_E_W.160,2493.0,650.31,460.0,15,1220.81
p2_N2_S2.136,3160.0,5.68,0.0,0,154.85
p2_W_N1.16,2840.0,330.09,154.0,19,631.09
p2_S2_N2.135,3150.0,6.9,0.0,0,153.86
p2_S2_N2.136,3160.0,11.92,0.0,0,181.56
p2_W_E.61,2819.0,334.65,165.0,17,726.22
p2_W_E.62,2822.0,336.37,159.0,18,720.65
p2_W_N1.17,2866.0,314.82,141.0,16,620.85
p2_N1_E.43,3093.0,61.96,29.0,3,320.05
p2_N1_E.44,3123.0,40.02,6.0,1,294.85
p2_S1_N1.136,3160.0,30.46,20.0,1,204.84
p2_W_E.63,2828.0,332.18,162.0,15,708.74
p2_E_S1.16,2496.0,659.99,471.0,13,1247.54
p2_S1_N1.137,3170.0,22.27,11.0,1,194.42
p2_W_E.64,2831.0,340.52,159.0,14,708.97
p2_N1_S1.135,3150.0,43.25,28.0,1,231.94
p2_W_E.65,2834.0,339.24,159.0,18,725.11
p2_S1_N1.138,3180.0,14.93,0.0,0,180.9
p2_W_E.66,2837.0,337.95,150.0,15,723.23
p2_W_E.67,2843.0,333.66,148.0,16,702.98
p2_S1_N1.139,3190.0,5.66,0.0,0,154.6
p2_E_W.161,2562.0,620.51,430.0,14,1170.16
p2_W_E.68,2846.0,325.36,146.0,17,657.67
p2_S2_N2.137,3170.0,35.33,23.0,1,212.91
p2_S2_W.37,2913.0,267.9,130.0,8,641.26
p2_S2_N2.138,3180.0,26.54,15.0,1,202.47
p2_S2_W.38,2943.0,244.69,127.0,9,590.32
p2_N2_S2.137,3170.0,39.04,25.0,1,221.54
p2_S2_W.39,2973.0,216.19,111.0,7,580.29
p2_N2_S2.138,3180.0,31.21,16.0,1,201.22
p2_S2_W.40,3003.0,184.88,100.0,7,517.56
p2_E_W.162,2565.0,622.73,454.0,14,1178.61
p2_E_W.163,2568.0,625.65,446.0,13,1185.2
p2_E_W.164,2571.0,627.7,446.0,13,1180.32
p2_N2_S2.139,3190.0,17.72,2.0,1,184.01
p2_N2_S2.140,3200.0,21.73,0.0,0,188.01
p2_E_W.165,2574.0,625.62,439.0,14,1174.37
p2_N2_S2.141,3210.0,13.45,0.0,0,180.24
p2_E_W.166,2577.0,620.03,434.0,15,1150.4
p2_E_W.167,2580.0,624.17,436.0,17,1163.03
p2_E_W.168,2583.0,622.93,427.0,15,1162.46
p2_W_E.69,2857.0,340.26,161.0,16,697.58
p2_W_E.70,2861.0,342.1,155.0,15,708.9
p2_W_E.71,2875.0,330.05,151.0,13,702.64
p2_W_N1.18,2936.0,289.89,130.0,11,588.72
p2_N1_S1.136,3160.0,71.73,49.0,3,266.52
p2_S1_N1.140,3200.0,33.39,21.0,1,228.23
p2_N1_S1.137,3170.0,64.62,40.0,3,256.66
p2_S1_N1.141,3210.0,21.62,11.0,1,193.58
p2_N1_E.45,3153.0,48.11,27.0,2,295.41
p2_N1_S1.138,3180.0,56.42,32.0,3,249.58
p2_W_E.72,2920.0,296.1,127.0,13,653.37
p2_S1_N1.142,3220.0,17.02,4.0,1,189.15
p2_S1_N1.143,3230.0,8.63,0.0,0,172.09
p2_W_E.73,2923.0,284.32,126.0,12,635.31
p2_W_E.74,2927.0,284.32,117.0,12,634.81
p2_N1_S1.139,3190.0,51.31,25.0,2,238.66
p2_S2_N2.139,3190.0,51.57,33.0,3,241.08
p2_N1_S1.140,3200.0,43.06,24.0,1,232.79
p2_S1_N1.144,3240.0,5.7,0.0,0,142.89
p2_N1_S1.141,3210.0,31.57,18.0,1,209.02
p2_S2_N2.140,3200.0,38.62,23.0,2,211.23
p2_N2_S2.142,3220.0,29.55,14.0,2,206.73
p2_S2_N2.141,3210.0,30.72,16.0,1,208.68
p2_N1_S1.142,3220.0,29.56,13.0,1,210.32
p2_N2_S2.143,3230.0,20.49,3.0,1,182.91
p2_N1_S1.143,3230.0,23.17,5.0,1,212.98
p2_N2_S2.144,3240.0,14.31,1.0,1,187.87
p2_N2_S2.145,3250.0,6.17,0.0,0,148.62
p2_S1_N1.145,3250.0,5.59,0.0,0,148.22
p2_N1_S1.144,3240.0,8.69,0.0,0,163.49
p2_E_W.169,2587.0,655.83,457.0,15,1219.24
p2_N2_S2.146,3260.0,5.5,0.0,0,155.75
p2_E_W.170,2646.0,596.52,411.0,14,1128.96
p2_S2_N2.142,3220.0,38.09,20.0,2,228.4
p2_S2_N2.143,3230.0,39.01,15.0,2,229.54
p2_S2_N2.144,3240.0,31.89,7.0,1,217.42
p2_S2_N2.145,3250.0,23.54,5.0,1,195.43
p2_W_N1.19,2998.0,275.41,124.0,15,584.07
p2_W_E.75,2932.0,326.35,155.0,14,704.7
p2_N1_E.46,3183.0,76.72,42.0,4,352.08
p2_N1_E.47,3212.0,48.58,23.0,2,299.49
p2_N1_E.48,3243.0,20.44,0.0,0,248.46
p2_W_E.76,2945.0,320.91,158.0,12,680.45
p2_W_N1.20,3053.0,228.76,93.0,10,484.11
p2_W_E.77,2979.0,288.65,134.0,11,635.98
p2_E_S1.17,2650.0,613.08,418.0,16,1139.05
p2_S1_N1.146,3260.0,32.56,19.0,1,207.76
p2_N1_S1.145,3250.0,43.92,27.0,1,239.19
p2_S1_N1.147,3270.0,25.08,14.0,1,194.98
p2_W_E.78,2983.0,283.38,128.0,11,632.57
p2_N1_S1.146,3260.0,32.94,23.0,1,204.67
p2_S1_N1.148,3280.0,17.06,6.0,1,188.96
p2_W_E.79,2990.0,279.18,131.0,12,619.86
p2_N1_S1.147,3270.0,27.87,14.0,1,209.41
p2_S1_N1.149,3290.0,8.9,0.0,0,175.39
p2_S2_N2.146,3260.0,41.89,25.0,1,229.76
p2_N2_S2.147,3270.0,30.52,19.0,1,203.63
p2_S2_N2.147,3270.0,35.42,23.0,1,218.42
p2_S2_W.41,3033.0,248.46,135.0,11,619.51
p2_N2_S2.148,3280.0,26.39,12.0,1,204.78
p2_S2_W.42,3063.0,221.03,121.0,11,566.51
p2_N2_S2.149,3290.0,18.2,3.0,1,197.4
p2_S2_W.43,3093.0,194.92,99.0,7,536.08
p2_E_W.171,2653.0,637.07,447.0,14,1204.57
p2_E_W.172,2656.0,635.38,443.0,16,1190.82
p2_N2_S2.150,3300.0,5.93,0.0,0,149.32
p2_E_W.173,2659.0,631.93,435.0,15,1190.84
p2_E_W.174,2662.0,634.39,432.0,16,1192.63
p2_S2_N2.148,3280.0,32.07,14.0,1,211.18
p2_S2_W.44,3123.0,174.66,94.0,8,501.35
p2_S2_N2.149,3290.0,26.14,5.0,1,199.91
p2_S2_W.45,3153.0,146.16,71.0,6,457.19
p2_S2_N2.150,3300.0,21.34,0.0,0,198.11
p2_N2_S2.151,3310.0,6.36,0.0,0,149.3
p2_E_W.175,2665.0,636.73,451.0,17,1189.89
p2_W_E.80,3040.0,264.0,121.0,10,607.82
p2_E_W.176,2669.0,627.42,441.0,14,1175.38
p2_W_E.81,3044.0,261.53,117.0,9,602.89
p2_E_W.177,2732.0,574.46,387.0,13,1089.0
p2_W_E.82,3047.0,259.26,114.0,10,593.3
p2_E_W.178,2735.0,574.99,382.0,14,1093.11
p2_W_E.83,3050.0,260.42,114.0,9,603.07
p2_E_W.179,2740.0,571.76,383.0,13,1110.48
p2_W_E.84,3056.0,256.2,109.0,10,601.65
p2_E_W.180,2743.0,570.58,376.0,14,1092.82
p2_N1_E.49,3273.0,39.97,17.0,2,290.49
p2_W_N1.21,3068.0,270.71,119.0,11,572.66
p2_E_S1.18,2748.0,565.0,373.0,16,1088.0
p2_W_E.85,3059.0,248.17,99.0,10,583.16
p2_N2_S2.152,3320.0,22.94,13.0,1,198.53
p2_N2_S2.153,3330.0,15.76,2.0,1,180.48
p2_N1_S1.148,3280.0,60.57,44.0,2,254.51
p2_N2_S2.154,3340.0,7.51,0.0,0,159.68
p2_N1_S1.149,3290.0,57.86,37.0,1,251.67
p2_N1_S1.150,3300.0,48.82,35.0,1,236.33
p2_S1_N1.150,3300.0,37.82,27.0,1,213.57
p2_S1_N1.151,3310.0,27.44,17.0,1,195.41
p2_S2_N2.151,3310.0,44.51,24.0,2,236.68
p2_S1_N1.152,3320.0,26.88,11.0,1,193.13
p2_S2_N2.152,3320.0,36.34,19.0,2,214.98
p2_S1_N1.153,3330.0,28.13,7.0,1,206.59
p2_S2_N2.153,3330.0,28.34,9.0,1,198.2
p2_S1_N1.154,3340.0,19.89,0.0,0,203.55
p2_S1_N1.155,3350.0,10.01,0.0,0,167.88
p2_N1_S1.151,3310.0,52.44,33.0,2,246.82
p2_N1_S1.152,3320.0,44.48,25.0,2,232.34
p2_N2_S2.155,3350.0,5.67,0.0,0,150.05
p2_S2_N2.154,3340.0,26.07,5.0,1,204.83
p2_N2_S2.156,3360.0,6.08,0.0,0,153.08
p2_N1_S1.153,3330.0,34.68,16.0,2,207.67
p2_S2_N2.155,3350.0,18.02,0.0,0,189.23
p2_S1_N1.156,3360.0,5.51,0.0,0,144.01
p2_N2_S2.157,3370.0,5.68,0.0,0,151.15
p2_E_W.181,2755.0,599.55,400.0,15,1134.27
p2_E_W.182,2819.0,537.38,348.0,12,1023.92
p2_S2_N2.156,3360.0,6.57,0.0,0,154.87
p2_E_W.183,2823.0,535.65,339.0,12,1043.78
p2_E_W.184,2826.0,534.88,337.0,13,1041.14
p2_S2_N2.157,3370.0,11.83,0.0,0,177.15
p2_E_W.185,2829.0,533.72,336.0,15,1022.3
p2_W_E.86,3062.0,303.17,137.0,11,674.68
p2_S2_W.46,3183.0,180.98,91.0,11,501.62
p2_W_E.87,3065.0,301.95,141.0,15,669.24
p2_E_W.186,2832.0,529.48,349.0,13,1027.11
p2_E_W.187,2835.0,530.07,352.0,14,1028.72
p2_S2_W.47,3213.0,157.81,86.0,6,473.34
p2_S2_W.48,3243.0,124.94,55.0,6,419.84
p2_N1_E.50,3303.0,56.05,35.0,2,312.12
p2_E_W.188,2841.0,535.21,363.0,16,1054.45
p2_E_W.189,2914.0,459.84,301.0,12,934.53
p2_E_W.190,2917.0,462.73,293.0,14,929.52
p2_W_N1.22,3091.0,311.35,145.0,13,633.04
p2_N1_E.51,3333.0,33.84,10.0,2,262.45
p2_N1_S1.154,3340.0,65.33,34.0,3,264.85
p2_S1_N1.157,3370.0,35.34,23.0,1,214.15
p2_W_E.88,3077.0,300.49,154.0,12,652.7
p2_W_E.89,3080.0,304.14,142.0,14,658.03
p2_N1_S1.155,3350.0,57.07,28.0,2,251.64
p2_S1_N1.158,3380.0,27.16,15.0,1,198.4
p2_N2_S2.158,3380.0,29.95,20.0,1,206.35
p2_S2_N2.158,3380.0,27.84,17.0,1,197.75
p2_N1_S1.156,3360.0,46.42,26.0,1,221.07
p2_N2_S2.159,3390.0,21.0,7.0,1,184.0
p2_S2_N2.159,3390.0,21.8,11.0,1,196.78
p2_S1_N1.159,3390.0,13.0,0.0,0,169.37
p2_N1_S1.157,3370.0,46.38,26.0,1,226.73
p2_S1_N1.160,3400.0,16.11,0.0,0,184.5
p2_N1_S1.158,3380.0,38.9,21.0,1,218.47
p2_N2_S2.160,3400.0,6.93,0.0,0,150.26
p2_N2_S2.161,3410.0,11.01,0.0,0,158.87
p2_N1_S1.159,3390.0,28.05,10.0,1,196.32
p2_S2_N2.160,3400.0,21.11,6.0,2,191.94
p2_N2_S2.162,3420.0,5.17,0.0,0,150.73
p2_S2_N2.161,3410.0,9.58,0.0,0,165.13
p2_S2_N2.162,3420.0,11.98,0.0,0,167.53
p2_S2_N2.163,3430.0,6.12,0.0,0,149.89
p2_N2_S2.163,3430.0,6.23,0.0,0,151.45
p2_W_N1.23,3154.0,277.95,134.0,12,568.63
p2_W_E.90,3083.0,337.69,173.0,14,724.42
p2_W_N1.24,3178.0,269.88,122.0,13,554.21
p2_W_E.91,3087.0,328.26,167.0,13,707.9
p2_N1_E.52,3363.0,54.97,26.0,1,304.95
p2_N1_E.53,3393.0,26.89,8.0,1,242.48
p2_W_E.92,3098.0,337.26,168.0,16,703.2
p2_E_S1.19,2920.0,505.94,335.0,17,996.64
p2_W_E.93,3142.0,294.94,140.0,9,649.94
p2_W_E.94,3145.0,293.64,134.0,10,641.03
p2_N1_S1.160,3400.0,57.76,32.0,2,240.65
p2_N1_S1.161,3410.0,51.61,26.0,1,252.2
p2_W_E.95,3149.0,290.59,135.0,12,649.8
p2_N1_S1.162,3420.0,41.21,25.0,1,227.37
p2_N2_S2.164,3440.0,25.78,14.0,1,202.13
p2_S1_N1.161,3410.0,38.31,26.0,1,212.16
p2_S1_N1.162,3420.0,46.33,25.0,1,231.01
p2_S2_N2.164,3440.0,23.88,13.0,1,194.18
p2_E_W.191,2924.0,522.69,342.0,19,1033.78
p2_N2_S2.165,3450.0,17.37,6.0,1,176.83
p2_S1_N1.163,3430.0,39.35,16.0,1,220.91
p2_S2_N2.165,3450.0,18.82,5.0,1,200.94
p2_S1_N1.164,3440.0,18.1,3.0,1,193.31
p2_E_W.192,2927.0,516.68,340.0,19,999.62
p2_N2_S2.166,3460.0,6.11,0.0,0,148.21
p2_E_W.193,2930.0,518.61,330.0,16,1021.26
p2_E_W.194,2933.0,522.04,325.0,15,1013.36
p2_E_W.195,2936.0,520.73,323.0,17,1017.1
p2_W_E.96,3159.0,296.43,145.0,15,662.88
p2_W_E.97,3162.0,297.47,143.0,15,690.86
p2_S2_W.49,3273.0,177.06,101.0,8,489.35
p2_E_W.196,2939.0,521.24,330.0,17,1026.47
p2_E_W.197,2942.0,521.32,331.0,16,1017.69
p2_W_E.98,3165.0,289.36,139.0,14,645.92
p2_S2_W.50,3303.0,161.36,91.0,6,490.16
p2_S2_W.51,3333.0,132.31,69.0,5,459.26
p2_W_E.99,3168.0,287.41,136.0,12,644.69
p2_W_E.100,3172.0,297.17,129.0,13,658.33
p2_S2_W.52,3363.0,104.69,47.0,4,421.39
p2_E_W.198,2997.0,473.38,308.0,15,975.89
p2_W_E.101,3189.0,275.38,126.0,12,640.95
p2_N1_E.54,3423.0,49.02,25.0,1,297.49
p2_E_W.199,3000.0,463.29,303.0,14,925.32
p2_W_N1.25,3210.0,285.17,136.0,16,598.81
p2_N1_S1.163,3430.0,68.35,46.0,2,269.44
p2_W_E.102,3192.0,273.32,127.0,10,609.52
p2_N1_S1.164,3440.0,59.9,37.0,2,252.25
p2_S2_N2.166,3460.0,41.52,24.0,2,227.85
p2_N2_S2.167,3470.0,31.45,20.0,1,207.3
p2_S1_N1.165,3450.0,45.88,28.0,1,229.28
p2_N1_S1.165,3450.0,52.91,29.0,2,251.61
p2_N2_S2.168,3480.0,23.17,12.0,1,194.15
p2_S1_N1.166,3460.0,39.97,26.0,1,215.06
p2_S2_N2.167,3470.0,33.18,22.0,1,210.27
p2_S1_N1.167,3470.0,35.65,19.0,1,226.22
p2_S2_N2.168,3480.0,23.72,11.0,1,192.97
p2_N2_S2.169,3490.0,14.03,2.0,1,176.03
p2_S1_N1.168,3480.0,21.45,6.0,1,182.08
p2_S1_N1.169,3490.0,13.54,0.0,0,181.31
p2_N2_S2.170,3500.0,6.45,0.0,0,152.2
p2_S2_N2.169,3490.0,26.18,8.0,2,207.7
p2_S1_N1.170,3500.0,6.48,0.0,0,144.11
p2_S2_N2.170,3500.0,18.01,0.0,0,188.29
p2_S1_N1.171,3510.0,9.21,0.0,0,158.78
p2_S2_N2.171,3510.0,8.49,0.0,0,165.82
p2_N1_S1.166,3460.0,56.95,34.0,2,231.49
p2_N1_S1.167,3470.0,57.84,32.0,2,250.86
p2_N2_S2.171,3510.0,6.92,0.0,0,151.22
p2_S1_N1.172,3520.0,6.15,0.0,0,145.19
p2_N1_S1.168,3480.0,49.58,23.0,2,249.15
p2_N2_S2.172,3520.0,9.94,0.0,0,165.7
p2_W_E.103,3197.0,315.56,158.0,15,679.91
p2_E_W.200,3007.0,502.35,339.0,16,989.02
p2_W_E.104,3202.0,310.04,155.0,14,693.23
p2_W_N1.26,3263.0,279.87,138.0,14,572.82
p2_N1_E.55,3453.0,64.65,36.0,3,303.15
p2_W_N1.27,3278.0,274.93,121.0,14,559.18
p2_N1_E.56,3483.0,46.22,20.0,3,287.32
p2_W_E.105,3250.0,282.32,147.0,11,634.52
p2_W_N1.28,3301.0,261.5,113.0,14,551.17
p2_E_S1.20,3071.0,469.87,305.0,15,953.88
p2_S1_N1.173,3530.0,38.56,25.0,1,216.89
p2_N1_S1.169,3490.0,79.5,48.0,4,287.08
p2_S1_N1.174,3540.0,30.84,19.0,1,210.03
p2_W_E.106,3254.0,277.75,142.0,10,633.24
p2_W_E.107,3257.0,294.99,142.0,13,653.75
p2_W_E.108,3260.0,293.86,136.0,11,647.85
p2_W_E.109,3266.0,289.56,130.0,11,658.62
p2_S2_N2.172,3520.0,57.89,44.0,1,248.82
p2_W_E.110,3269.0,288.3,126.0,10,669.81
p2_N1_S1.170,3500.0,63.0,38.0,2,246.18
p2_N1_S1.171,3510.0,68.88,37.0,2,267.97
p2_S2_N2.173,3530.0,47.93,37.0,1,237.57
p2_S1_N1.175,3550.0,13.85,1.0,1,177.92
p2_N1_S1.172,3520.0,63.05,35.0,3,255.82
p2_S1_N1.176,3560.0,22.87,0.0,0,199.04
p2_N2_S2.173,3530.0,40.56,30.0,1,218.82
p2_S2_N2.174,3540.0,38.96,26.0,1,220.87
p2_S1_N1.177,3570.0,14.65,0.0,0,177.6
p2_N2_S2.174,3540.0,44.96,27.0,1,222.96
p2_N2_S2.175,3550.0,37.44,21.0,1,221.69
p2_N2_S2.176,3560.0,29.07,11.0,1,217.36
p2_N1_S1.173,3530.0,50.03,31.0,2,237.87
p2_N2_S2.177,3570.0,20.78,3.0,1,213.49
p2_E_W.201,3074.0,494.44,316.0,14,989.57
p2_N2_S2.178,3580.0,9.26,0.0,0,170.07
p2_E_W.202,3077.0,489.99,305.0,13,980.27
p2_S2_N2.175,3550.0,44.1,25.0,2,232.28
p2_E_W.203,3081.0,485.85,304.0,13,959.98
p2_E_W.204,3084.0,488.25,295.0,14,967.13
p2_W_E.111,3272.0,306.63,149.0,15,680.36
p2_E_W.205,3087.0,488.69,295.0,15,976.55
p2_W_E.112,3275.0,298.23,145.0,15,659.87
p2_E_W.206,3090.0,477.0,294.0,14,942.51
p2_W_E.113,3281.0,294.13,134.0,14,654.19
p2_S2_W.53,3393.0,188.55,111.0,9,522.65
p2_W_E.114,3291.0,298.76,133.0,14,667.87
p2_S2_W.54,3423.0,165.21,93.0,8,475.69
p2_E_W.207,3093.0,490.45,305.0,15,966.95
p2_W_E.115,3295.0,288.26,128.0,10,668.52
p2_E_W.208,3096.0,497.48,294.0,15,987.42
p2_W_E.116,3298.0,295.36,126.0,9,669.18
p2_N1_E.57,3513.0,81.69,38.0,4,377.86
p2_E_W.209,3099.0,476.27,294.0,14,948.1
p2_W_E.117,3310.0,282.66,130.0,11,656.93
p2_E_W.210,3152.0,446.71,250.0,12,876.27
p2_W_E.118,3351.0,244.11,112.0,11,592.87
p2_W_N1.29,3361.0,258.63,112.0,9,554.35
p2_W_E.119,3355.0,238.35,107.0,10,557.51
p2_W_E.120,3358.0,244.58,104.0,9,586.04
p2_W_N1.30,3379.0,253.59,107.0,11,534.48
p2_W_N1.31,3411.0,233.19,104.0,12,519.12
p2_W_E.121,3364.0,257.42,112.0,11,603.26
p2_W_E.122,3367.0,263.3,113.0,14,594.56
p2_W_E.123,3370.0,261.89,113.0,12,603.11
p2_W_E.124,3373.0,260.64,109.0,9,608.67
p2_S1_N1.178,3580.0,70.34,59.0,1,263.72
p2_E_S1.21,3155.0,460.35,280.0,13,911.79
p2_S1_N1.179,3590.0,70.88,53.0,1,273.59
p2_N2_S2.179,3590.0,64.47,52.0,1,258.52
p2_N1_S1.174,3540.0,123.02,88.0,3,350.83
p2_S2_N2.176,3560.0,93.76,69.0,3,306.35
p2_N1_S1.175,3550.0,114.7,79.0,2,345.29
p2_S2_N2.177,3570.0,95.32,64.0,2,317.59
p2_E_W.211,3158.0,486.79,286.0,17,926.12
p2_E_W.212,3161.0,481.58,278.0,15,932.89
p2_W_E.125,3376.0,273.86,124.0,10,640.57
p2_E_W.213,3164.0,486.78,275.0,16,952.66
p2_E_W.214,3167.0,482.27,271.0,15,937.1
p2_W_E.126,3382.0,270.49,116.0,12,619.1
p2_E_W.215,3170.0,484.4,271.0,15,928.56
p2_W_E.127,3392.0,261.29,110.0,9,618.45
p2_W_E.128,3396.0,260.16,107.0,11,607.95
p2_S2_W.55,3453.0,200.61,109.0,8,546.59
p2_S2_N2.178,3580.0,75.23,56.0,1,262.66
p2_E_W.216,3173.0,484.72,268.0,15,945.21
p2_E_W.217,3176.0,475.4,259.0,17,937.39
p2_E_W.218,3180.0,472.39,264.0,17,927.6
p2_W_E.129,3401.0,243.49,106.0,10,592.63
p2_S2_W.56,3483.0,183.05,100.0,9,500.42
p2_W_E.130,3465.0,195.32,68.0,9,514.75
p2_S2_W.57,3513.0,154.25,86.0,7,469.46
p2_W_E.131,3468.0,202.9,67.0,9,522.62
p2_E_W.219,3215.0,442.91,260.0,14,882.87
p2_N1_E.58,3543.0,120.08,85.0,2,412.95
p2_E_W.220,3218.0,450.39,250.0,13,906.6
p2_W_E.132,3471.0,203.59,74.0,8,540.31
p2_W_E.133,3475.0,200.02,71.0,8,534.61
p2_W_N1.32,3486.0,211.52,90.0,12,472.61
p2_W_N1.33,3528.0,180.04,71.0,7,440.44
p2_W_N1.34,3543.0,174.2,63.0,7,437.69
p2_E_S1.22,3222.0,482.89,275.0,16,947.1
p2_N1_S1.176,3560.0,170.09,133.0,3,433.44
p2_W_E.134,3516.0,180.77,78.0,7,479.62
p2_N1_S1.177,3570.0,161.88,123.0,3,412.96
p2_W_E.135,3519.0,193.06,77.0,7,491.14
p2_S2_N2.179,3590.0,144.85,119.0,2,378.15
p2_E_W.221,3229.0,491.92,284.0,18,968.64
p2_N1_S1.178,3580.0,150.94,119.0,2,375.45
p2_E_W.222,3264.0,458.74,254.0,16,917.86
p2_E_W.223,3267.0,457.43,248.0,16,929.34
p2_W_E.136,3522.0,203.53,91.0,9,539.21
p2_E_W.224,3270.0,451.92,242.0,16,915.83
p2_W_E.137,3525.0,203.21,85.0,8,525.99
p2_E_W.225,3273.0,455.88,245.0,17,915.42
p2_E_W.226,3276.0,456.27,243.0,20,929.61
p2_E_W.227,3279.0,452.52,237.0,20,916.73
p2_W_E.138,3531.0,192.5,78.0,9,509.06
p2_E_W.228,3282.0,453.7,235.0,17,916.48
p2_W_E.139,3534.0,196.1,79.0,10,518.43
p2_W_E.140,3537.0,200.27,74.0,9,521.25
p2_W_E.141,3540.0,198.99,73.0,8,536.97
p2_W_E.142,3546.0,194.62,72.0,10,530.63
p2_E_W.229,3285.0,445.44,232.0,18,885.6
p2_W_E.143,3549.0,193.41,70.0,10,523.33
p2_S2_W.58,3543.0,199.6,107.0,11,534.27
p2_W_E.144,3556.0,188.13,69.0,9,527.59
p2_E_W.230,3288.0,456.71,244.0,15,932.16
p2_N1_E.59,3573.0,162.58,120.0,2,459.35
p2_W_N1.35,3566.0,203.33,89.0,9,476.52
p2_W_E.145,3559.0,188.93,72.0,8,491.32
p2_W_N1.36,3636.0,147.08,50.0,7,383.97
p2_W_E.146,3576.0,196.87,88.0,9,516.21
p2_W_E.147,3624.0,150.7,62.0,7,437.26
p2_W_N1.37,3651.0,142.07,42.0,8,394.51
p2_W_E.148,3627.0,149.04,59.0,7,425.04
p2_W_E.149,3630.0,149.12,58.0,7,422.85
p2_W_E.150,3633.0,148.04,51.0,6,425.97
p2_E_S1.23,3291.0,480.63,279.0,15,960.15
p2_N1_S1.179,3590.0,222.9,182.0,3,509.44
p2_E_W.231,3294.0,502.94,283.0,16,980.33
p2_E_W.232,3297.0,502.02,282.0,16,968.3
p2_W_E.151,3639.0,161.11,59.0,8,473.37
p2_W_E.152,3642.0,161.91,55.0,6,470.07
p2_E_W.233,3315.0,476.88,274.0,15,934.28
p2_E_W.234,3329.0,463.21,269.0,16,922.65
p2_W_E.153,3645.0,151.71,49.0,6,460.43
p2_E_W.235,3367.0,439.01,244.0,17,889.03
p2_W_E.154,3648.0,164.21,46.0,8,475.6
p2_E_W.236,3370.0,443.94,240.0,12,899.12
p2_W_E.155,3654.0,147.52,45.0,9,451.58
p2_E_W.237,3373.0,442.65,237.0,13,886.42
p2_W_E.156,3657.0,159.47,39.0,7,463.61
p2_E_W.238,3376.0,439.14,231.0,12,895.14
p2_W_E.157,3660.0,158.16,34.0,7,466.03
p2_E_W.239,3379.0,436.56,227.0,11,884.59
p2_S2_W.59,3573.0,247.4,142.0,7,631.07
p2_E_W.240,3382.0,436.08,226.0,12,924.51
p2_W_E.158,3663.0,154.81,43.0,6,443.78
p2_W_N1.38,3666.0,179.59,63.0,7,435.17
p2_W_N1.39,3698.0,157.86,48.0,7,388.92
p2_W_N1.40,3723.0,143.08,44.0,5,377.21
p2_W_E.159,3678.0,171.12,59.0,6,451.78
p2_W_E.160,3681.0,170.04,55.0,7,450.46
p2_W_E.161,3684.0,167.31,52.0,7,447.84
p2_W_N1.41,3738.0,138.71,35.0,5,370.52
p2_E_S1.24,3385.0,470.87,262.0,16,942.23
p2_W_E.162,3690.0,167.57,50.0,7,460.0
p2_W_E.163,3711.0,147.19,46.0,5,424.38
p2_E_W.241,3388.0,481.93,271.0,18,954.04
p2_E_W.242,3393.0,482.94,266.0,17,942.19
p2_E_W.243,3417.0,460.32,248.0,16,918.69
p2_W_E.164,3714.0,161.63,58.0,6,467.07
p2_E_W.244,3428.0,451.4,243.0,17,900.88
p2_W_E.165,3717.0,162.52,55.0,5,458.61
p2_E_W.245,3474.0,407.12,214.0,14,847.09
p2_W_E.166,3720.0,161.93,54.0,5,466.94
p2_E_W.246,3478.0,399.22,205.0,13,824.54
p2_W_E.167,3726.0,152.92,44.0,5,457.03
p2_W_E.168,3729.0,158.51,44.0,6,472.08
p2_E_W.247,3481.0,397.13,205.0,14,816.15
p2_E_W.248,3484.0,406.16,201.0,14,824.81
p2_W_E.169,3732.0,157.29,43.0,6,461.07
p2_W_E.170,3735.0,155.99,42.0,6,478.62
p2_E_W.249,3487.0,404.07,201.0,14,836.45
p2_W_E.171,3741.0,154.25,45.0,5,431.09
p2_E_W.250,3490.0,387.96,202.0,13,826.66
p2_W_E.172,3744.0,152.11,40.0,5,431.49
p2_W_E.173,3747.0,152.87,39.0,5,448.18
p2_W_E.174,3755.0,145.49,42.0,6,423.48
p2_W_E.175,3760.0,146.13,40.0,5,419.82
p2_W_N1.42,3768.0,143.06,50.0,6,380.11
p2_W_N1.43,3800.0,130.76,34.0,5,366.48
p2_W_E.176,3788.0,134.78,42.0,5,406.75
p2_W_N1.44,3815.0,121.98,26.0,6,342.52
p2_W_E.177,3791.0,132.72,38.0,5,406.14
p2_W_E.178,3794.0,134.26,33.0,4,426.35
p2_W_E.179,3797.0,132.93,33.0,5,417.87
p2_W_N1.45,3843.0,107.3,22.0,6,322.85
p2_W_E.180,3803.0,129.88,33.0,6,409.62
p2_E_S1.25,3493.0,440.78,229.0,16,902.46
p2_W_E.181,3806.0,129.08,30.0,5,412.74
p2_E_W.251,3496.0,447.18,240.0,16,901.1
p2_E_W.252,3499.0,454.55,234.0,17,916.66
p2_E_W.253,3502.0,450.8,238.0,16,913.91
p2_E_W.254,3530.0,427.13,218.0,16,882.84
p2_W_E.182,3809.0,139.26,37.0,7,430.55
p2_E_W.255,3533.0,424.44,218.0,18,873.8
p2_W_E.183,3812.0,145.54,36.0,6,456.59
p2_W_E.184,3818.0,132.55,31.0,7,421.37
p2_W_E.185,3821.0,143.0,27.0,6,435.68
p2_W_E.186,3824.0,141.79,25.0,7,440.48
p2_E_W.256,3536.0,409.32,210.0,18,841.19
p2_W_E.187,3833.0,124.87,24.0,7,429.19
p2_E_W.257,3539.0,424.86,204.0,19,845.04
p2_W_E.188,3861.0,96.85,18.0,4,366.52
p2_E_W.258,3543.0,428.19,200.0,20,858.76
p2_E_W.259,3546.0,417.73,190.0,15,848.8
p2_E_W.260,3548.0,425.84,196.0,20,862.93
p2_W_E.189,3864.0,104.74,27.0,4,357.44
p2_W_E.190,3867.0,111.71,25.0,4,367.63
p2_W_N1.46,3874.0,116.28,36.0,6,349.12
p2_W_E.191,3871.0,109.29,22.0,4,392.11
p2_W_N1.47,3889.0,117.39,29.0,5,344.3
p2_W_E.192,3877.0,121.86,35.0,5,384.66
p2_W_N1.48,3917.0,99.0,19.0,3,315.87
p2_W_E.193,3880.0,119.62,33.0,5,390.83
p2_W_E.194,3883.0,120.47,30.0,5,389.73
p2_W_E.195,3886.0,119.26,30.0,5,381.83
p2_W_N1.49,3948.0,80.51,10.0,2,289.08
p2_E_S1.26,3551.0,450.76,228.0,17,896.12
p2_W_E.196,3892.0,114.75,25.0,5,381.52
p2_E_W.261,3554.0,469.26,234.0,18,926.28
p2_E_W.262,3558.0,469.51,231.0,17,934.88
p2_E_W.263,3567.0,462.42,228.0,18,926.28
p2_W_E.197,3895.0,135.83,33.0,5,413.44
p2_E_W.264,3572.0,459.31,227.0,18,926.92
p2_E_W.265,3578.0,455.11,227.0,17,920.56
p2_W_E.198,3898.0,133.4,31.0,5,411.68
p2_E_W.266,3622.0,412.81,190.0,16,853.16
p2_W_E.199,3901.0,130.96,31.0,5,416.48
p2_W_E.200,3907.0,130.62,30.0,5,432.01
p2_W_E.201,3936.0,103.28,20.0,4,382.43
p2_W_E.202,3939.0,102.0,18.0,4,377.1
p2_E_W.267,3625.0,403.97,190.0,17,838.15
p2_E_W.268,3628.0,415.28,179.0,17,840.98
p2_E_W.269,3631.0,414.0,176.0,17,822.0
p2_W_E.203,3942.0,94.22,16.0,4,352.6
p2_E_W.270,3634.0,412.7,172.0,14,822.26
p2_W_E.204,3945.0,100.65,16.0,3,380.97
p2_W_E.205,3951.0,97.58,20.0,3,366.84
p2_W_N1.50,3963.0,105.73,27.0,4,341.78
p2_W_E.206,3954.0,91.08,20.0,3,360.97
p2_W_E.207,3957.0,101.51,17.0,3,376.45
p2_W_E.208,3960.0,94.49,17.0,3,393.3
p2_W_N1.51,3978.0,100.06,17.0,5,311.74
p2_W_N1.52,3996.0,95.27,13.0,5,304.69
p2_W_E.209,3966.0,107.45,23.0,5,373.84
p2_W_E.210,3969.0,106.25,23.0,4,377.55
p2_W_E.211,3972.0,105.19,22.0,4,365.79
p2_W_N1.53,4018.0,82.23,7.0,3,293.69
p2_E_S1.27,3637.0,448.64,207.0,15,897.29
p2_W_E.212,3975.0,100.46,19.0,4,369.02
p2_W_E.213,3983.0,106.07,17.0,4,366.69
p2_E_W.271,3640.0,460.76,210.0,14,903.27
p2_E_W.272,3643.0,460.14,201.0,15,881.27
p2_E_W.273,3646.0,456.77,207.0,17,895.91
p2_E_W.274,3649.0,449.19,199.0,16,887.38
p2_E_W.275,3652.0,455.26,198.0,14,877.63
p2_W_E.214,3986.0,106.8,25.0,6,378.65
p2_E_W.276,3655.0,460.79,192.0,12,903.98
p2_W_E.215,3989.0,123.89,24.0,4,396.33
p2_W_E.216,3992.0,122.0,22.0,4,408.21
p2_E_W.277,3704.0,412.81,155.0,14,832.41
p2_W_E.217,4003.0,115.82,14.0,3,416.05
p2_E_W.278,3722.0,397.34,149.0,13,809.53
p2_E_W.279,3725.0,396.05,140.0,15,810.68
p2_W_E.218,4009.0,97.21,16.0,4,361.55
p2_E_W.280,3728.0,394.77,135.0,12,825.89
p2_W_E.219,4012.0,107.68,15.0,3,389.58
p2_W_E.220,4015.0,98.15,15.0,4,389.43
p2_W_E.221,4021.0,105.47,11.0,4,403.42
p2_W_N1.54,4036.0,108.36,24.0,4,339.13
p2_W_E.222,4024.0,94.17,15.0,3,354.21
p2_W_E.223,4027.0,109.6,15.0,4,372.11
p2_W_E.224,4030.0,98.22,13.0,3,370.56
p2_W_E.225,4033.0,107.29,12.0,4,374.64
p2_W_N1.55,4051.0,103.92,16.0,3,313.9
p2_W_N1.56,4076.0,93.2,11.0,2,295.89
p2_W_E.226,4039.0,111.06,23.0,4,377.79
p2_W_E.227,4042.0,112.27,21.0,4,383.51
p2_E_S1.28,3731.0,425.89,162.0,12,850.45
p2_W_E.228,4045.0,104.02,20.0,4,367.39
p2_W_E.229,4048.0,110.47,17.0,3,373.85
p2_W_E.230,4054.0,106.97,14.0,2,359.1
p2_E_W.281,3734.0,438.13,169.0,12,863.87
p2_E_W.282,3737.0,436.09,165.0,13,842.38
p2_E_W.283,3740.0,433.04,163.0,15,860.34
p2_E_W.284,3743.0,436.17,166.0,15,872.92
p2_E_W.285,3746.0,434.97,168.0,15,869.14
p2_E_W.286,3751.0,429.21,169.0,14,837.25
p2_W_E.231,4058.0,124.27,23.0,3,392.98
p2_W_E.232,4062.0,121.93,22.0,3,397.57
p2_E_W.287,3764.0,420.84,166.0,15,825.45
p2_E_W.288,3786.0,400.69,157.0,12,781.74
p2_E_W.289,3791.0,397.45,152.0,14,778.39
p2_E_W.290,3798.0,387.58,148.0,14,774.13
p2_W_E.233,4068.0,104.28,18.0,3,366.36
p2_W_E.234,4085.0,111.24,16.0,3,391.1
p2_W_E.235,4088.0,110.07,15.0,3,397.25
p2_W_N1.57,4097.0,121.42,34.0,4,353.36
p2_W_E.236,4091.0,108.78,15.0,4,404.74
p2_W_E.237,4094.0,107.58,19.0,4,396.61
p2_W_N1.58,4112.0,118.04,25.0,4,353.92
p2_W_N1.59,4128.0,112.8,21.0,3,328.13
p2_W_E.238,4100.0,121.36,34.0,4,387.95
p2_W_E.239,4103.0,122.82,35.0,4,406.23
p2_W_E.240,4106.0,118.48,34.0,4,385.99
p2_W_E.241,4109.0,123.12,27.0,4,408.05
p2_E_S1.29,3805.0,411.19,173.0,13,829.88
p2_W_E.242,4115.0,114.53,26.0,4,387.75
p2_W_E.243,4118.0,123.81,27.0,4,402.21
p2_E_W.291,3808.0,434.59,177.0,14,854.96
p2_E_W.292,3811.0,428.53,175.0,14,850.71
p2_E_W.293,3814.0,430.94,169.0,15,861.88
p2_E_W.294,3817.0,433.95,164.0,15,868.38
p2_E_W.295,3820.0,432.66,172.0,15,876.35
p2_E_W.296,3825.0,429.51,168.0,14,863.3
p2_E_W.297,3835.0,421.32,164.0,14,828.97
p2_E_W.298,3839.0,413.17,158.0,12,816.07
p2_E_W.299,3843.0,417.73,156.0,11,826.51
p2_E_W.300,3850.0,404.91,154.0,14,797.9
p2_E_S1.30,3865.0,396.76,148.0,15,799.7
p2_E_W.301,3872.0,393.87,144.0,14,797.6
p2_W_E.244,4121.0,122.81,33.0,4,402.74
p2_E_W.302,3875.0,390.42,142.0,15,800.89
p2_W_E.245,4125.0,141.22,32.0,4,414.91
p2_E_W.303,3878.0,392.71,145.0,16,807.3
p2_W_E.246,4131.0,139.29,27.0,4,425.5
p2_W_E.247,4134.0,137.95,26.0,4,412.36
p2_E_W.304,3881.0,391.43,140.0,16,796.9
p2_E_W.305,3885.0,389.14,154.0,17,802.17
p2_W_E.248,4137.0,136.63,32.0,4,421.13
p2_E_W.306,3888.0,387.94,145.0,13,791.56
p2_W_E.249,4140.0,135.55,29.0,4,437.15
p2_E_W.307,3891.0,381.85,142.0,12,763.1
p2_E_W.308,3894.0,384.29,140.0,13,777.69
p2_E_W.309,3901.0,381.76,136.0,11,774.76
p2_E_W.310,3913.0,371.55,133.0,12,758.96
p2_E_S1.31,3921.0,363.77,131.0,13,755.03
p2_E_W.311,3941.0,339.53,131.0,13,714.4
p2_E_W.312,3949.0,343.93,128.0,10,717.07
p2_E_W.313,3953.0,339.46,127.0,10,710.41
p2_E_W.314,3956.0,340.38,127.0,12,746.05
p2_E_W.315,3959.0,321.42,125.0,10,706.97
p2_E_W.316,3962.0,351.9,126.0,11,719.19
p2_E_W.317,3965.0,346.75,128.0,12,742.25
p2_E_W.318,3968.0,350.16,122.0,12,711.4
p2_E_W.319,3971.0,347.53,117.0,10,715.0
p2_E_W.320,3976.0,347.76,119.0,11,720.96
p2_E_S1.32,3989.0,334.29,119.0,16,715.84
p2_E_W.321,3997.0,329.11,114.0,10,691.41
p2_E_W.322,4017.0,311.03,106.0,8,677.99
p2_E_W.323,4022.0,307.16,106.0,8,661.68
p2_E_W.324,4027.0,305.14,108.0,9,652.8
p2_E_W.325,4031.0,301.88,112.0,9,646.79
p2_E_W.326,4034.0,299.31,110.0,8,657.51
p2_E_W.327,4037.0,301.42,109.0,8,651.6
p2_E_W.328,4040.0,298.35,110.0,8,627.52
p2_E_W.329,4043.0,298.91,105.0,9,656.19
p2_E_W.330,4046.0,290.71,105.0,7,643.43
p2_E_S1.33,4052.0,293.03,99.0,9,636.17
p2_E_W.331,4069.0,273.46,104.0,9,616.69
p2_E_W.332,4091.0,259.64,93.0,8,587.43
p2_E_W.333,4096.0,255.04,89.0,6,575.12
p2_E_W.334,4101.0,255.56,90.0,7,577.57
p2_E_W.335,4106.0,252.49,86.0,8,567.38
p2_E_W.336,4109.0,251.17,84.0,8,570.34
p2_E_W.337,4113.0,244.52,82.0,6,576.38
p2_E_W.338,4116.0,247.77,80.0,7,578.12
p2_E_W.339,4119.0,239.02,80.0,9,545.01
p2_E_W.340,4122.0,245.49,88.0,7,562.11
p2_E_W.341,4129.0,240.33,84.0,8,558.29
p2_E_S1.34,4125.0,236.07,84.0,7,564.59
p2_E_W.342,4165.0,198.89,62.0,5,505.99
p2_E_W.343,4169.0,213.83,69.0,5,515.88
p2_E_W.344,4177.0,218.74,68.0,5,529.31
p2_E_W.345,4183.0,200.62,63.0,6,516.82
p2_E_W.346,4186.0,210.83,63.0,6,529.31
p2_E_W.347,4189.0,214.35,61.0,5,537.48
p2_E_W.348,4192.0,213.65,63.0,6,555.48
p2_E_W.349,4195.0,209.53,61.0,5,561.37
p2_E_W.350,4198.0,208.96,57.0,7,553.17
p2_E_W.351,4208.0,202.76,55.0,7,503.6
p2_E_W.352,4241.0,171.48,34.0,4,475.11
p2_E_W.353,4247.0,165.05,34.0,4,454.26
p2_E_S1.35,4201.0,194.46,53.0,5,492.86
p2_E_W.354,4254.0,161.85,31.0,4,448.59
p2_E_W.355,4260.0,152.83,30.0,4,433.77
p2_E_W.356,4263.0,151.67,28.0,4,424.55
p2_E_W.357,4266.0,156.13,26.0,5,441.62
p2_E_W.358,4269.0,154.78,26.0,4,443.27
p2_E_W.359,4272.0,151.61,28.0,4,432.38
p2_E_W.360,4275.0,152.38,23.0,5,438.48
p2_E_S1.36,4280.0,144.19,22.0,4,438.35
p2_E_W.361,4296.0,133.35,20.0,4,422.51
p2_E_W.362,4314.0,108.72,18.0,3,375.72
p2_E_W.363,4320.0,120.25,16.0,1,374.82
p2_E_W.364,4327.0,107.2,18.0,2,384.39
p2_E_W.365,4333.0,111.0,18.0,2,384.34
p2_E_W.366,4336.0,109.73,17.0,1,385.38
p2_E_W.367,4339.0,96.48,29.0,2,380.24
p2_E_W.368,4342.0,106.71,27.0,2,385.5
p2_E_W.369,4345.0,106.1,27.0,2,411.2
p2_E_W.370,4348.0,104.74,25.0,2,401.59
p2_E_S1.37,4351.0,114.46,35.0,3,411.8
p2_E_W.371,4355.0,106.76,33.0,3,396.8
p2_E_W.372,4383.0,85.65,17.0,2,365.82
p2_E_W.373,4388.0,80.11,16.0,2,370.33
p2_E_W.374,4395.0,59.62,15.0,2,307.15
p2_E_W.375,4400.0,83.05,15.0,2,323.15
p2_E_W.376,4403.0,86.28,14.0,2,348.23
p2_E_S1.38,4418.0,69.8,7.0,2,334.07
p2_E_W.377,4406.0,85.03,10.0,2,371.5
p2_E_W.378,4409.0,83.82,10.0,2,367.62
p2_E_W.379,4412.0,79.98,9.0,2,353.96
p2_E_W.380,4415.0,75.37,10.0,2,354.19
p2_E_W.381,4421.0,77.14,6.0,2,369.04
p2_E_W.382,4424.0,75.93,7.0,3,353.44
p2_E_W.383,4427.0,74.69,6.0,2,356.3
p2_E_W.384,4430.0,49.61,6.0,2,286.93
p2_E_W.385,4433.0,76.33,6.0,3,315.56
p2_E_W.386,4436.0,75.17,4.0,3,319.76
p2_E_S1.39,4456.0,53.93,1.0,1,313.86
p2_E_W.387,4444.0,68.79,4.0,2,335.9
p2_E_W.388,4447.0,48.51,3.0,2,304.55
p2_E_W.389,4450.0,66.75,2.0,1,322.74
p2_E_W.390,4453.0,59.76,1.0,1,327.15
p2_E_W.391,4459.0,61.49,1.0,1,333.5
p2_E_W.392,4462.0,60.16,0.0,0,331.53
p2_E_W.393,4465.0,55.82,11.0,1,350.62
p2_E_W.394,4468.0,33.64,10.0,1,273.83
p2_E_W.395,4471.0,63.09,9.0,1,282.43
p2_E_W.396,4474.0,58.07,9.0,1,303.26
p2_E_W.397,4477.0,58.16,21.0,2,324.78
p2_E_W.398,4480.0,54.94,18.0,3,317.93
p2_E_W.399,4483.0,59.37,17.0,2,326.68
p2_E_W.400,4486.0,67.42,16.0,2,350.68
p2_E_W.401,4492.0,63.13,15.0,2,335.81
p2_E_W.402,4495.0,61.94,13.0,2,341.72
p2_E_S1.40,4489.0,51.66,15.0,2,319.4
p2_E_W.403,4498.0,60.66,13.0,2,325.52
p2_E_W.404,4501.0,57.41,13.0,2,332.84
p2_E_W.405,4504.0,56.25,11.0,2,317.23
p2_E_W.406,4507.0,56.8,13.0,2,332.34
p2_E_W.407,4510.0,55.52,10.0,3,323.54
p2_E_W.408,4513.0,54.22,11.0,2,333.03
p2_E_W.409,4516.0,52.84,10.0,3,328.11
p2_E_W.410,4519.0,51.59,8.0,3,329.32
p2_E_S1.41,4522.0,50.39,8.0,2,316.09
p2_E_W.411,4525.0,47.2,7.0,2,305.59
p2_E_W.412,4528.0,40.17,5.0,2,292.75
p2_E_W.413,4531.0,42.71,4.0,3,284.76
p2_E_W.414,4534.0,44.26,2.0,1,309.21
p2_E_W.415,4537.0,43.7,2.0,1,315.64
p2_E_W.416,4540.0,49.05,0.0,0,325.53
p2_E_W.417,4543.0,42.87,1.0,1,312.54
p2_E_W.418,4546.0,43.85,12.0,1,320.16
p2_E_W.419,4549.0,45.52,11.0,1,328.69
p2_E_S1.42,4555.0,39.71,9.0,1,298.36
p2_E_W.420,4552.0,40.07,10.0,1,321.19
p2_E_W.421,4558.0,40.02,9.0,1,315.86
p2_E_W.422,4561.0,33.28,8.0,1,254.94
p2_E_W.423,4564.0,54.3,20.0,2,299.25
p2_E_W.424,4567.0,46.71,18.0,2,291.98
p2_E_W.425,4570.0,55.32,16.0,2,302.03
p2_E_W.426,4573.0,49.52,16.0,2,303.15
p2_E_W.427,4576.0,52.86,13.0,3,323.12
p2_E_W.428,4579.0,41.82,12.0,2,289.63
p2_E_W.429,4582.0,51.23,11.0,2,314.98
p2_E_W.430,4585.0,49.91,10.0,2,307.18
p2_E_W.431,4591.0,46.54,6.0,1,294.47
p2_E_S1.43,4588.0,42.24,7.0,1,292.16
p2_E_W.432,4594.0,45.26,6.0,1,311.92
p2_E_W.433,4597.0,44.09,6.0,1,302.72
p2_E_W.434,4600.0,42.9,6.0,2,297.14
p2_E_W.435,4603.0,41.79,6.0,1,289.88
p2_E_W.436,4606.0,40.54,5.0,1,298.57
p2_E_W.437,4609.0,39.49,5.0,1,287.83
p2_E_W.438,4612.0,38.19,4.0,1,291.91
p2_E_W.439,4615.0,36.98,5.0,1,281.01
p2_E_S1.44,4621.0,35.1,9.0,1,272.06
p2_E_W.440,4618.0,25.69,9.0,1,253.06
p2_E_W.441,4624.0,31.45,8.0,1,282.21
p2_E_W.442,4627.0,37.4,8.0,1,305.88
p2_E_W.443,4630.0,36.12,7.0,1,304.78
p2_E_W.444,4633.0,28.86,6.0,1,284.44
p2_E_W.445,4636.0,33.76,5.0,1,293.52
p2_E_W.446,4639.0,32.49,4.0,1,289.34
p2_E_W.447,4642.0,21.91,1.0,1,254.77
p2_E_W.448,4645.0,26.6,0.0,0,269.06
p2_E_W.449,4648.0,26.16,0.0,0,287.68
p2_E_W.450,4651.0,28.6,0.0,0,306.58
p2_E_S1.45,4654.0,39.99,11.0,1,311.56
p2_E_W.451,4657.0,38.44,10.0,1,311.07
p2_E_W.452,4660.0,37.57,9.0,1,295.73
p2_E_W.453,4663.0,36.6,7.0,1,285.06
p2_E_W.454,4666.0,35.45,7.0,1,289.0
p2_E_W.455,4670.0,33.25,7.0,1,276.09
p2_E_W.456,4673.0,32.13,6.0,1,259.22
p2_E_W.457,4676.0,30.28,7.0,1,259.84
p2_E_W.458,4679.0,24.34,7.0,1,229.56
p2_E_W.459,4682.0,25.26,5.0,1,246.27
p2_E_W.460,4685.0,30.96,5.0,1,249.53
p2_E_S1.46,4688.0,27.18,4.0,1,250.18
p2_E_W.461,4691.0,26.63,4.0,1,251.36
p2_E_W.462,4694.0,25.48,10.0,1,262.75
p2_E_W.463,4697.0,22.87,9.0,1,254.4
p2_E_W.464,4700.0,23.01,7.0,1,255.29
p2_E_W.465,4703.0,21.8,5.0,1,249.1
p2_E_W.466,4706.0,15.27,1.0,1,222.73
p2_E_W.467,4709.0,17.88,0.0,0,234.23
p2_E_W.468,4712.0,23.72,0.0,0,255.42
p2_E_W.469,4715.0,22.47,0.0,0,282.44
p2_E_W.470,4718.0,18.49,0.0,0,271.05
p2_E_W.471,4724.0,14.82,0.0,0,215.78
p2_E_W.472,4727.0,18.13,0.0,0,224.43
p2_E_S1.47,4721.0,9.99,0.0,0,216.01
p2_E_W.473,4730.0,9.4,0.0,0,211.43
p2_E_W.474,4733.0,17.68,0.0,0,231.6
p2_E_W.475,4736.0,16.49,0.0,0,253.3
p2_E_W.476,4739.0,15.14,0.0,0,256.59
p2_E_W.477,4742.0,28.06,13.0,1,248.73
p2_E_W.478,4745.0,25.57,11.0,1,238.45
p2_E_W.479,4748.0,27.12,10.0,1,249.98
p2_E_W.480,4751.0,25.84,9.0,1,245.8
p2_E_S1.48,4754.0,19.88,4.0,1,234.59
p2_E_W.481,4757.0,14.56,0.0,0,226.45
p2_E_W.482,4760.0,22.86,0.0,0,256.47
p2_E_W.483,4763.0,25.09,0.0,0,258.64
p2_E_W.484,4766.0,25.51,0.0,0,261.76
p2_E_W.485,4769.0,24.28,12.0,1,247.46
p2_E_W.486,4772.0,17.57,3.0,1,224.21
p2_E_W.487,4775.0,32.03,3.0,1,248.72
p2_E_W.488,4778.0,32.03,3.0,1,270.24
p2_E_W.489,4781.0,29.12,1.0,1,282.21
p2_E_W.490,4784.0,26.83,1.0,1,274.99
p2_E_S1.49,4787.0,20.79,0.0,0,251.34
p2_E_W.491,4790.0,25.3,0.0,0,280.82
p2_E_W.492,4793.0,19.88,0.0,0,272.1
p2_E_W.493,4797.0,19.01,0.0,0,257.59
p2_E_W.494,4800.0,12.17,0.0,0,221.09
p2_E_W.495,4803.0,8.33,0.0,0,200.39
p2_E_W.496,4806.0,22.79,0.0,0,232.17
p2_E_W.497,4809.0,21.44,0.0,0,246.38
p2_E_W.498,4812.0,17.28,0.0,0,257.62
p2_E_W.499,4815.0,24.54,12.0,1,234.0
p2_E_S1.50,4821.0,28.74,9.0,1,264.0
p2_E_W.500,4818.0,31.75,10.0,1,256.33
p2_E_W.501,4824.0,29.22,9.0,1,259.52
p2_E_W.502,4827.0,27.95,9.0,1,251.05
p2_E_W.503,4830.0,26.7,11.0,1,274.97
p2_E_W.504,4833.0,17.32,6.0,1,234.01
p2_E_W.505,4836.0,26.98,5.0,1,256.08
p2_E_W.506,4839.0,31.37,4.0,1,265.42
p2_E_W.507,4842.0,15.97,1.0,1,234.49
p2_E_W.508,4845.0,29.38,0.0,0,253.3
p2_E_W.509,4848.0,27.98,0.0,0,265.41
p2_E_S1.51,4854.0,21.46,0.0,0,261.12
p2_E_W.510,4851.0,26.75,0.0,0,269.56
p2_E_W.511,4857.0,22.39,0.0,0,282.98
p2_E_W.512,4860.0,21.06,0.0,0,286.89
p2_E_W.513,4863.0,20.0,0.0,0,272.3
p2_E_W.514,4866.0,18.72,0.0,0,284.37
p2_E_W.515,4869.0,17.61,0.0,0,260.91
p2_E_W.516,4872.0,16.33,0.0,0,264.03
p2_E_W.517,4875.0,12.91,0.0,0,232.62
p2_E_W.518,4878.0,7.67,0.0,0,203.54
p2_E_W.519,4881.0,7.92,0.0,0,198.63
p2_E_W.520,4884.0,16.45,0.0,0,230.3
p2_E_W.521,4890.0,25.67,9.0,1,238.9
p2_E_S1.52,4887.0,21.86,10.0,1,240.08
p2_E_W.522,4893.0,28.7,8.0,1,255.57
p2_E_W.523,4896.0,27.31,7.0,1,252.16
p2_E_W.524,4899.0,27.34,6.0,1,268.88
p2_E_W.525,4902.0,19.93,8.0,1,233.7
p2_E_W.526,4905.0,25.55,7.0,1,261.39
p2_E_W.527,4908.0,25.9,6.0,1,264.45
p2_E_W.528,4911.0,24.68,5.0,1,258.45
p2_E_W.529,4914.0,20.43,4.0,1,260.0
p2_E_S1.53,4920.0,19.11,0.0,0,231.38
p2_E_W.530,4917.0,11.37,0.0,0,212.46
p2_E_W.531,4923.0,25.37,0.0,0,243.27
p2_E_W.532,4926.0,24.56,0.0,0,256.81
p2_E_W.533,4929.0,27.67,0.0,0,284.79
p2_E_W.534,4932.0,26.44,0.0,0,272.3
p2_E_W.535,4935.0,25.15,0.0,0,265.44
p2_E_W.536,4938.0,23.83,0.0,0,265.13
p2_E_W.537,4941.0,19.9,0.0,0,267.39
p2_E_W.538,4944.0,21.31,0.0,0,267.36
p2_E_W.539,4947.0,30.59,11.0,1,276.59
p2_E_W.540,4950.0,29.38,9.0,1,265.85
p2_E_W.541,4956.0,25.31,10.0,1,238.52
p2_E_S1.54,4953.0,25.2,9.0,1,240.16
p2_E_W.542,4959.0,25.03,7.0,1,242.41
p2_E_W.543,4962.0,26.6,10.0,1,265.38
p2_E_W.544,4965.0,21.35,8.0,1,240.49
p2_E_W.545,4968.0,24.58,8.0,1,254.28
p2_E_W.546,4971.0,23.28,6.0,1,267.52
p2_E_W.547,4974.0,21.36,6.0,1,262.78
p2_E_W.548,4977.0,20.76,4.0,1,253.8
p2_E_W.549,4980.0,19.6,1.0,1,258.81
p2_E_W.550,4984.0,13.98,0.0,0,229.71
p2_E_S1.55,4987.0,15.18,0.0,0,238.52
p2_E_W.551,4990.0,11.23,0.0,0,213.45
p2_E_W.552,4993.0,8.49,0.0,0,200.38
p2_E_W.553,4996.0,11.14,0.0,0,231.9
p2_E_W.554,4999.0,7.73,0.0,0,197.6
p2_E_W.555,5002.0,15.43,0.0,0,209.65
p2_E_W.556,5005.0,8.45,0.0,0,200.78
p2_E_W.557,5008.0,24.33,0.0,0,228.61
p2_E_W.558,5011.0,23.01,0.0,0,229.76
p2_E_W.559,5014.0,21.77,0.0,0,248.48
p2_E_W.560,5017.0,29.53,13.0,1,265.44
p2_E_W.561,5023.0,30.41,3.0,1,246.3
p2_E_W.562,5026.0,29.27,2.0,1,248.18
p2_E_W.563,5029.0,27.19,2.0,1,250.83
p2_E_S1.56,5020.0,18.9,4.0,1,235.07
p2_E_W.564,5032.0,22.73,2.0,1,255.19
p2_E_W.565,5035.0,27.96,12.0,1,258.04
p2_E_W.566,5038.0,24.12,11.0,1,239.61
p2_E_W.567,5041.0,28.49,10.0,1,264.73
p2_E_W.568,5044.0,18.47,5.0,1,229.16
p2_E_S1.57,5053.0,26.5,3.0,1,258.59
p2_E_W.569,5047.0,34.34,4.0,1,252.56
p2_E_W.570,5050.0,32.99,3.0,1,272.16
p2_E_W.571,5056.0,28.84,1.0,1,285.0
p2_E_W.572,5059.0,26.83,2.0,1,305.27
p2_E_W.573,5062.0,26.26,2.0,1,287.46
p2_E_W.574,5065.0,24.98,0.0,0,288.01
p2_E_W.575,5068.0,15.14,0.0,0,245.72
p2_E_W.576,5071.0,23.06,0.0,0,265.17
p2_E_W.577,5074.0,21.73,0.0,0,268.44
p2_E_W.578,5077.0,20.52,0.0,0,279.71
p2_E_W.579,5080.0,19.29,0.0,0,273.78
p2_E_W.580,5083.0,8.04,0.0,0,199.33
p2_E_S1.58,5086.0,15.79,0.0,0,217.15
p2_E_W.581,5089.0,25.1,11.0,1,230.57
p2_E_W.582,5092.0,34.4,11.0,1,261.56
p2_E_W.583,5095.0,30.76,10.0,1,262.88
p2_E_W.584,5098.0,31.72,9.0,2,289.72
p2_E_W.585,5101.0,30.55,8.0,1,270.96
p2_E_W.586,5104.0,26.45,9.0,1,274.19
p2_E_W.587,5107.0,25.31,7.0,1,276.69
p2_E_W.588,5110.0,26.85,7.0,1,274.11
p2_E_W.589,5113.0,25.6,6.0,1,298.38
p2_E_W.590,5116.0,24.47,5.0,1,274.18
p2_E_W.591,5122.0,20.91,2.0,1,257.8
p2_E_S1.59,5119.0,18.67,2.0,1,244.54
p2_E_W.592,5125.0,12.32,0.0,0,223.04
p2_E_W.593,5128.0,23.58,0.0,0,240.58
p2_E_W.594,5131.0,34.73,12.0,1,268.59
p2_E_W.595,5134.0,34.31,12.0,1,276.51
p2_E_W.596,5137.0,23.07,9.0,1,233.45
p2_E_W.597,5140.0,33.78,11.0,1,265.55
p2_E_W.598,5143.0,36.08,10.0,1,278.62
p2_E_W.599,5146.0,34.88,10.0,1,280.88
