id,depart,timeloss,espera,paradas,co2
p1_N2_S2.0,0.0,35.56,24.0,1,216.43
p1_S2_N2.0,0.0,35.07,25.0,1,215.62
p1_S2_N2.1,10.0,29.54,17.0,1,207.62
p1_N2_S2.1,10.0,30.36,19.0,1,207.66
p1_N2_S2.2,20.0,22.39,11.0,1,197.39
p1_S2_N2.2,20.0,17.09,5.0,1,177.96
p1_E_W.0,0.0,7.84,0.0,0,202.9
p1_N2_S2.3,30.0,12.82,0.0,0,178.86
p1_E_N1.0,3.0,10.48,0.0,0,218.76
p1_S2_N2.3,30.0,16.27,1.0,1,180.24
p1_N1_S1.0,0.0,43.87,34.0,1,227.0
p1_S2_N2.4,40.0,8.1,0.0,0,167.68
p1_N1_S1.1,10.0,39.53,26.0,1,220.5
p1_N1_S1.2,20.0,31.32,18.0,1,225.09
p1_S1_N1.0,0.0,39.89,30.0,1,212.51
p1_N1_S1.3,30.0,20.29,9.0,1,186.8
p1_S1_N1.1,10.0,38.9,26.0,1,216.2
p1_N1_S1.4,40.0,16.31,1.0,1,189.45
p1_S1_N1.2,20.0,36.41,20.0,1,222.99
p1_N1_S1.5,50.0,7.89,0.0,0,155.05
p1_S1_N1.3,30.0,28.15,12.0,1,217.48
p1_W_S2.0,3.0,36.45,17.0,1,255.55
p1_S1_N1.4,40.0,20.85,5.0,1,206.78
p1_W_E.0,0.0,29.49,17.0,1,241.38
p1_W_E.1,6.0,39.16,17.0,1,285.77
p1_W_E.2,9.0,37.75,16.0,1,285.66
p1_S1_N1.5,50.0,6.9,0.0,0,160.78
p1_E_W.1,8.0,40.35,22.0,1,264.85
p1_W_E.3,12.0,35.55,16.0,1,285.79
p1_W_E.4,15.0,35.05,15.0,1,277.34
p1_E_W.2,15.0,32.42,20.0,1,255.61
p1_W_E.5,18.0,34.27,15.0,1,267.01
p1_W_E.6,21.0,33.0,13.0,1,258.51
p1_E_W.3,22.0,31.68,18.0,1,247.41
p1_N2_W.0,3.0,51.9,28.0,2,302.44
p1_W_E.7,24.0,31.73,12.0,1,260.6
p1_W_E.8,27.0,21.6,8.0,1,232.45
p1_W_E.9,30.0,24.68,6.0,1,252.21
p1_W_E.10,33.0,29.44,6.0,1,267.01
p1_S1_E.0,3.0,55.31,30.0,2,315.18
p1_S1_E.1,33.0,30.0,9.0,1,270.86
p1_W_S2.1,36.0,35.89,23.0,1,268.74
p1_E_N1.1,32.0,30.45,14.0,1,256.01
p1_N2_W.1,33.0,10.96,0.0,0,224.02
p1_E_W.4,29.0,48.72,20.0,1,272.57
p1_W_E.11,39.0,31.15,19.0,1,246.79
p1_E_W.5,36.0,28.46,11.0,1,256.97
p1_N2_S2.4,40.0,62.6,45.0,1,249.44
p1_E_W.6,44.0,37.24,9.0,1,276.16
p1_E_N1.2,61.0,13.61,0.0,0,241.89
p1_E_W.7,51.0,31.84,4.0,1,269.25
p1_E_W.8,58.0,26.74,0.0,0,266.33
p1_S2_N2.5,50.0,48.68,39.0,1,231.7
p1_S2_N2.6,60.0,48.63,32.0,1,238.38
p1_E_W.9,65.0,21.55,0.0,0,245.28
p1_N2_S2.5,50.0,50.47,37.0,1,227.72
p1_S2_N2.7,70.0,40.33,25.0,1,235.28
p1_E_W.10,72.0,16.38,0.0,0,231.81
p1_N2_S2.6,60.0,51.4,34.0,1,239.66
p1_E_W.11,80.0,10.1,0.0,0,205.08
p1_S2_N2.8,80.0,29.95,15.0,1,206.12
p1_N2_S2.7,70.0,43.1,25.0,1,228.36
p1_N2_S2.8,80.0,33.33,18.0,1,222.53
p1_S2_N2.9,90.0,23.88,6.0,1,204.64
p1_N2_S2.9,90.0,26.46,11.0,1,212.6
p1_S2_N2.10,100.0,11.09,0.0,0,179.0
p1_S2_N2.11,110.0,7.55,0.0,0,164.18
p1_S1_N1.6,60.0,57.97,46.0,1,244.25
p1_N2_S2.10,100.0,19.26,4.0,1,182.69
p1_S1_N1.7,70.0,51.17,41.0,1,233.91
p1_S1_N1.8,80.0,43.12,30.0,1,229.21
p1_N1_S1.6,60.0,50.12,39.0,1,230.46
p1_S1_N1.9,90.0,35.09,22.0,1,206.29
p1_W_E.12,42.0,59.38,38.0,2,309.81
p1_N1_S1.7,70.0,56.96,37.0,1,253.21
p1_N1_S1.8,80.0,48.59,29.0,1,253.25
p1_W_E.13,45.0,60.22,36.0,2,319.93
p1_W_E.14,48.0,60.97,35.0,2,318.12
p1_N1_S1.9,90.0,39.07,21.0,1,236.96
p1_S1_N1.10,100.0,28.58,15.0,1,208.07
p1_N1_S1.10,100.0,32.14,12.0,1,227.77
p1_N1_S1.11,110.0,23.65,4.0,1,218.23
p1_N1_S1.12,120.0,15.51,0.0,0,209.9
p1_W_E.15,51.0,49.79,32.0,2,289.65
p1_N1_S1.13,130.0,7.4,0.0,0,174.98
p1_S1_N1.11,110.0,15.77,3.0,1,174.31
p1_W_E.16,54.0,63.38,27.0,2,313.39
p1_S1_N1.12,120.0,20.31,0.0,0,194.86
p1_W_E.17,57.0,54.84,26.0,2,321.13
p1_W_E.18,59.0,61.98,26.0,2,324.68
p1_S1_N1.13,130.0,11.99,0.0,0,194.97
p1_W_S2.2,69.0,52.99,19.0,2,305.22
p1_W_E.19,63.0,47.43,22.0,2,295.85
p1_E_W.12,87.0,36.84,25.0,1,263.48
p1_W_E.20,66.0,56.53,21.0,2,312.35
p1_W_E.21,72.0,54.49,17.0,2,322.14
p1_N2_W.2,63.0,64.45,43.0,2,325.36
p1_W_E.22,75.0,53.31,16.0,2,328.24
p1_E_N1.3,90.0,33.11,21.0,1,254.41
p1_W_E.23,78.0,51.98,17.0,2,329.88
p1_N2_W.3,93.0,36.78,12.0,2,287.96
p1_E_W.13,94.0,37.68,19.0,1,280.18
p1_W_E.24,81.0,43.97,14.0,1,287.49
p1_W_E.25,84.0,50.02,14.0,1,299.74
p1_E_W.14,101.0,32.52,16.0,1,282.22
p1_W_E.26,87.0,48.77,13.0,1,325.76
p1_E_W.15,108.0,27.28,8.0,1,268.54
p1_E_W.16,116.0,21.08,3.0,1,247.84
p1_W_E.27,90.0,44.94,13.0,1,300.31
p1_W_E.28,93.0,42.76,11.0,1,301.64
p1_W_E.29,96.0,45.16,11.0,1,305.38
p1_E_N1.4,120.0,14.57,0.0,0,229.75
p1_E_W.17,123.0,16.69,0.0,0,235.79
p1_W_E.30,99.0,32.87,11.0,1,246.72
p1_E_W.18,130.0,17.16,0.0,0,255.48
p1_W_S2.3,102.0,36.32,11.0,1,278.4
p1_S1_E.2,63.0,85.3,55.0,2,372.52
p1_E_W.19,137.0,12.0,0.0,0,240.08
p1_N2_S2.11,110.0,63.11,48.0,1,259.24
p1_S2_N2.12,120.0,53.65,41.0,1,244.04
p1_S2_N2.13,130.0,44.73,33.0,1,233.72
p1_N2_S2.12,120.0,53.59,42.0,1,241.75
p1_S2_N2.14,140.0,35.85,24.0,1,202.81
p1_N2_S2.13,130.0,50.37,37.0,1,237.41
p1_S2_N2.15,150.0,27.16,16.0,1,199.59
p1_S2_N2.16,160.0,16.98,5.0,1,181.75
p1_S2_N2.17,170.0,17.6,0.0,0,188.81
p1_E_W.20,144.0,8.18,0.0,0,197.53
p1_N2_S2.14,140.0,35.91,24.0,1,206.96
p1_E_N1.5,150.0,10.32,0.0,0,219.12
p1_E_W.21,153.0,15.16,0.0,0,218.84
p1_S2_N2.18,180.0,9.19,0.0,0,162.93
p1_N2_S2.15,150.0,36.57,19.0,1,219.05
p1_S1_E.3,93.0,76.09,47.0,3,372.68
p1_N1_S1.14,140.0,53.24,43.0,1,242.4
p1_S1_N1.14,140.0,53.01,42.0,1,247.65
p1_S1_E.4,123.0,47.11,18.0,1,321.88
p1_S1_N1.15,150.0,43.63,32.0,1,231.09
p1_N1_S1.15,150.0,41.63,30.0,1,219.14
p1_S1_N1.16,160.0,39.8,26.0,1,221.36
p1_N1_S1.16,160.0,41.57,24.0,1,230.63
p1_S1_N1.17,170.0,32.18,20.0,1,214.48
p1_N1_S1.17,170.0,28.7,15.0,1,212.81
p1_W_E.31,105.0,55.72,36.0,2,291.62
p1_S1_N1.18,180.0,23.88,10.0,1,196.13
p1_N1_S1.18,180.0,20.34,7.0,1,195.04
p1_W_E.32,108.0,76.6,34.0,2,343.81
p1_N1_S1.19,190.0,9.38,0.0,0,158.38
p1_W_E.33,111.0,61.14,33.0,2,330.73
p1_S1_N1.19,190.0,19.43,3.0,1,191.61
p1_N1_S1.20,200.0,9.35,0.0,0,153.06
p1_W_E.34,114.0,74.28,32.0,2,354.13
p1_S1_N1.20,200.0,11.03,0.0,0,184.33
p1_W_E.35,117.0,64.17,32.0,2,333.64
p1_W_E.36,120.0,71.94,31.0,2,354.37
p1_W_E.37,123.0,67.1,29.0,2,359.14
p1_W_S2.4,135.0,59.41,25.0,2,314.64
p1_E_W.22,159.0,35.05,21.0,1,246.0
p1_W_E.38,126.0,69.3,29.0,2,358.64
p1_W_E.39,129.0,59.81,26.0,2,348.45
p1_W_E.40,132.0,63.68,24.0,2,361.71
p1_N2_W.4,123.0,67.45,49.0,2,320.47
p1_W_E.41,138.0,61.21,22.0,2,335.98
p1_N2_W.5,153.0,49.06,21.0,2,296.95
p1_W_E.42,141.0,53.31,20.0,2,324.09
p1_E_W.23,166.0,31.82,11.0,1,269.95
p1_W_E.43,144.0,58.65,19.0,2,340.65
p1_E_W.24,173.0,32.76,8.0,1,286.12
p1_W_E.44,147.0,53.14,19.0,2,320.89
p1_E_W.25,180.0,20.32,0.0,0,250.36
p1_W_E.45,150.0,58.64,18.0,2,338.13
p1_E_W.26,188.0,21.93,0.0,0,254.73
p1_W_E.46,153.0,57.37,17.0,2,343.73
p1_W_E.47,156.0,56.06,15.0,2,326.84
p1_E_N1.6,183.0,20.28,0.0,0,246.48
p1_E_W.27,195.0,16.71,0.0,0,249.94
p1_W_E.48,159.0,46.32,14.0,2,294.45
p1_W_E.49,162.0,53.82,12.0,2,323.24
p1_N2_S2.16,160.0,79.23,63.0,2,291.53
p1_S2_N2.19,190.0,49.34,39.0,1,240.05
p1_N2_S2.17,170.0,71.42,51.0,2,276.45
p1_S2_N2.20,200.0,41.47,30.0,1,220.36
p1_N2_S2.18,180.0,63.27,46.0,1,260.02
p1_S2_N2.21,210.0,33.15,21.0,1,217.49
p1_E_N1.7,212.0,12.9,0.0,0,224.28
p1_S2_N2.22,220.0,23.99,12.0,1,198.77
p1_S2_N2.23,230.0,17.78,4.0,1,187.82
p1_E_W.28,202.0,7.97,0.0,0,197.19
p1_S2_N2.24,240.0,9.43,0.0,0,175.15
p1_N2_S2.19,190.0,58.17,43.0,1,249.82
p1_E_W.29,209.0,20.33,0.0,0,224.02
p1_N2_S2.20,200.0,50.82,36.0,1,245.02
p1_E_W.30,216.0,15.12,0.0,0,229.78
p1_E_W.31,224.0,8.98,0.0,0,202.03
p1_S2_N2.25,250.0,6.0,0.0,0,161.24
p1_N2_S2.21,210.0,36.92,23.0,1,211.31
p1_W_E.50,165.0,74.89,35.0,3,357.13
p1_W_S2.5,168.0,74.63,33.0,3,377.27
p1_N1_S1.21,210.0,54.47,42.0,1,241.08
p1_S1_N1.21,210.0,54.68,43.0,1,244.64
p1_W_E.51,171.0,73.73,30.0,3,365.04
p1_N1_S1.22,220.0,46.54,34.0,1,230.21
p1_S1_E.5,153.0,93.49,57.0,3,390.01
p1_S1_N1.22,220.0,48.51,36.0,1,232.84
p1_N1_S1.23,230.0,36.69,25.0,1,210.43
p1_S1_N1.23,230.0,40.28,28.0,1,228.04
p1_N1_S1.24,240.0,30.41,18.0,1,205.33
p1_S1_N1.24,240.0,32.09,20.0,1,215.57
p1_N1_S1.25,250.0,24.05,8.0,1,205.55
p1_S1_E.6,183.0,55.99,25.0,2,322.15
p1_W_E.52,174.0,74.58,39.0,2,360.85
p1_W_E.53,178.0,75.48,39.0,2,364.44
p1_N1_S1.26,260.0,9.44,0.0,0,172.36
p1_S1_N1.25,250.0,24.56,9.0,1,199.12
p1_W_E.54,181.0,78.73,37.0,2,375.18
p1_N1_S1.27,270.0,10.84,0.0,0,161.7
p1_S1_N1.26,260.0,22.24,4.0,1,201.53
p1_W_E.55,184.0,74.72,35.0,2,370.97
p1_S1_N1.27,270.0,13.99,0.0,0,196.65
p1_W_E.56,187.0,74.74,36.0,3,367.84
p1_W_E.57,190.0,75.09,35.0,2,364.93
p1_W_E.58,193.0,68.34,36.0,2,322.56
p1_N2_W.6,183.0,80.46,56.0,2,333.89
p1_W_E.59,196.0,66.75,34.0,3,322.39
p1_N2_W.7,213.0,55.02,28.0,2,314.19
p1_W_S2.6,202.0,65.68,25.0,2,318.15
p1_E_W.32,231.0,36.8,19.0,1,273.28
p1_E_W.33,238.0,35.65,14.0,1,278.22
p1_W_E.60,199.0,56.1,27.0,2,288.96
p1_W_E.61,205.0,71.41,25.0,2,340.23
p1_E_N1.8,241.0,33.06,12.0,1,274.83
p1_E_W.34,245.0,32.02,10.0,1,262.41
p1_W_E.62,208.0,70.06,23.0,2,345.35
p1_W_E.63,211.0,68.84,23.0,2,326.24
p1_E_W.35,252.0,23.32,5.0,1,256.62
p1_W_E.64,214.0,57.45,21.0,2,307.4
p1_E_W.36,260.0,18.76,0.0,0,245.8
p1_W_E.65,217.0,55.48,20.0,2,298.56
p1_E_W.37,267.0,17.46,0.0,0,249.36
p1_W_E.66,220.0,63.38,18.0,2,336.88
p1_W_E.67,223.0,64.52,18.0,2,336.73
p1_W_E.68,226.0,63.28,18.0,2,355.4
p1_E_W.38,274.0,15.84,0.0,0,232.51
p1_W_E.69,229.0,62.02,16.0,2,352.56
p1_W_E.70,232.0,60.77,16.0,2,344.0
p1_E_N1.9,270.0,9.28,0.0,0,201.48
p1_E_W.39,281.0,6.64,0.0,0,196.03
p1_S2_N2.26,260.0,54.29,44.0,1,245.39
p1_E_W.40,288.0,6.57,0.0,0,194.19
p1_N2_S2.22,220.0,92.18,72.0,2,304.49
p1_S2_N2.27,270.0,45.17,34.0,1,229.22
p1_S2_N2.28,280.0,40.77,27.0,1,227.99
p1_S2_N2.29,290.0,32.45,18.0,1,212.95
p1_N2_S2.23,230.0,82.58,61.0,2,282.24
p1_E_W.41,296.0,6.54,0.0,0,197.48
p1_S2_N2.30,300.0,23.29,10.0,1,195.2
p1_S2_N2.31,310.0,12.85,0.0,0,177.01
p1_N2_S2.24,240.0,71.78,52.0,1,275.58
p1_S2_N2.32,320.0,8.23,0.0,0,160.84
p1_N2_S2.25,250.0,79.11,50.0,1,293.6
p1_E_N1.10,300.0,8.58,0.0,0,208.63
p1_N2_S2.26,260.0,70.9,50.0,1,267.58
p1_E_W.42,303.0,7.14,0.0,0,209.55
p1_N2_S2.27,270.0,59.36,42.0,1,257.91
p1_N2_S2.28,280.0,54.43,36.0,1,248.04
p1_W_S2.7,235.0,77.47,34.0,3,353.24
p1_W_E.71,238.0,79.49,32.0,3,357.28
p1_N1_S1.28,280.0,58.39,49.0,1,253.55
p1_N1_S1.29,290.0,53.66,41.0,1,254.72
p1_S1_N1.28,280.0,61.97,50.0,1,253.53
p1_W_E.72,241.0,75.7,29.0,2,352.2
p1_S1_N1.29,290.0,55.63,41.0,1,265.5
p1_N1_S1.30,300.0,44.26,33.0,1,247.39
p1_S1_E.7,213.0,112.33,70.0,3,422.62
p1_S1_N1.30,300.0,45.25,33.0,1,234.69
p1_N1_S1.31,310.0,37.12,24.0,1,226.92
p1_S1_E.8,243.0,77.41,41.0,3,369.24
p1_N1_S1.32,320.0,28.91,14.0,1,211.94
p1_W_E.73,244.0,85.44,35.0,2,385.33
p1_S1_N1.31,310.0,42.71,27.0,1,226.76
p1_N1_S1.33,330.0,17.26,4.0,1,185.27
p1_W_E.74,247.0,84.2,35.0,2,387.64
p1_W_E.75,250.0,78.8,32.0,2,377.9
p1_N1_S1.34,340.0,14.33,0.0,0,188.41
p1_S1_N1.32,320.0,34.49,17.0,1,214.28
p1_W_E.76,253.0,81.7,33.0,3,397.23
p1_S1_N1.33,330.0,26.73,10.0,1,198.17
p1_N1_S1.35,350.0,6.13,0.0,0,147.65
p1_W_E.77,256.0,80.43,31.0,2,394.51
p1_W_E.78,259.0,73.64,31.0,2,330.64
p1_W_E.79,262.0,70.37,29.0,3,331.1
p1_N2_W.8,243.0,96.29,62.0,2,360.67
p1_W_E.80,265.0,71.81,28.0,2,355.47
p1_N2_W.9,273.0,71.55,46.0,2,336.94
p1_W_S2.8,268.0,71.88,28.0,2,343.79
p1_E_W.43,310.0,33.93,16.0,1,265.64
p1_W_E.81,271.0,70.44,28.0,2,336.95
p1_E_W.44,317.0,31.59,12.0,1,272.96
p1_W_E.82,274.0,75.61,28.0,3,344.55
p1_E_W.45,324.0,26.28,7.0,1,272.0
p1_W_E.83,277.0,65.67,27.0,2,328.91
p1_W_E.84,280.0,75.72,26.0,2,349.04
p1_E_W.46,333.0,22.35,0.0,0,245.98
p1_W_E.85,283.0,62.89,21.0,2,322.72
p1_E_N1.11,330.0,17.1,0.0,0,241.14
p1_E_W.47,339.0,18.69,0.0,0,241.25
p1_W_E.86,286.0,62.98,20.0,2,324.57
p1_E_W.48,346.0,13.43,0.0,0,224.16
p1_W_E.87,289.0,64.41,19.0,2,339.89
p1_W_E.88,292.0,66.02,17.0,2,328.01
p1_S2_N2.33,330.0,56.99,45.0,1,252.62
p1_S2_N2.34,340.0,46.47,34.0,1,221.53
p1_S2_N2.35,350.0,43.74,28.0,1,233.31
p1_N2_S2.29,290.0,88.9,71.0,2,296.88
p1_S2_N2.36,360.0,35.46,19.0,1,214.32
p1_N2_S2.30,300.0,88.2,65.0,2,301.05
p1_N2_S2.31,310.0,88.76,58.0,2,310.84
p1_S2_N2.37,370.0,22.56,9.0,1,189.57
p1_E_N1.12,363.0,13.71,0.0,0,228.08
p1_N2_S2.32,320.0,80.59,51.0,2,291.85
p1_E_W.49,353.0,8.65,0.0,0,207.95
p1_E_W.50,360.0,20.09,0.0,0,216.54
p1_N2_S2.33,330.0,72.32,44.0,1,294.19
p1_E_W.51,368.0,13.77,0.0,0,236.19
p1_S2_N2.38,380.0,10.77,0.0,0,165.26
p1_N2_S2.34,340.0,64.12,43.0,1,273.14
p1_E_W.52,375.0,8.53,0.0,0,203.83
p1_S2_N2.39,390.0,13.52,0.0,0,176.27
p1_N2_S2.35,350.0,55.84,38.0,1,279.56
p1_W_E.89,295.0,92.33,40.0,3,382.63
p1_W_S2.9,301.0,91.25,35.0,3,360.32
p1_N1_S1.36,360.0,55.2,44.0,1,248.32
p1_W_E.90,298.0,76.23,35.0,3,334.23
p1_S1_N1.34,340.0,75.62,55.0,2,280.65
p1_S1_N1.35,350.0,70.73,53.0,1,261.12
p1_N1_S1.37,370.0,45.25,32.0,1,222.15
p1_W_E.91,304.0,95.91,31.0,3,383.87
p1_N1_S1.38,380.0,44.27,29.0,1,231.58
p1_W_E.92,307.0,81.53,28.0,2,358.09
p1_W_E.93,310.0,95.08,28.0,2,373.49
p1_N1_S1.39,390.0,31.25,18.0,1,204.87
p1_S1_E.9,273.0,129.14,79.0,3,428.28
p1_N1_S1.40,400.0,27.83,11.0,1,203.87
p1_N1_S1.41,410.0,19.53,3.0,1,203.73
p1_S1_E.10,303.0,96.32,55.0,3,394.23
p1_S1_N1.36,360.0,56.87,45.0,1,235.04
p1_S1_N1.37,370.0,61.69,43.0,1,256.96
p1_N1_S1.42,420.0,11.24,0.0,0,183.98
p1_W_E.94,313.0,97.48,39.0,2,409.95
p1_S1_N1.38,380.0,53.45,35.0,1,247.79
p1_W_E.95,316.0,90.04,37.0,2,405.22
p1_W_E.96,319.0,86.88,37.0,2,387.36
p1_S1_N1.39,390.0,45.09,28.0,1,235.15
p1_N1_S1.43,430.0,5.8,0.0,0,154.78
p1_W_E.97,322.0,93.1,34.0,2,388.87
p1_S1_N1.40,400.0,34.99,19.0,1,210.38
p1_W_E.98,325.0,87.8,33.0,2,392.19
p1_W_S2.10,334.0,83.53,31.0,2,363.59
p1_S1_N1.41,410.0,29.28,12.0,1,219.49
p1_W_E.99,328.0,91.46,33.0,2,406.76
p1_W_E.100,331.0,90.2,31.0,2,413.02
p1_N2_W.10,303.0,119.29,88.0,3,405.31
p1_W_E.101,337.0,85.81,33.0,2,383.89
p1_W_E.102,340.0,79.25,31.0,2,361.46
p1_N2_W.11,333.0,91.42,62.0,2,371.21
p1_W_E.103,343.0,83.43,28.0,3,370.56
p1_W_E.104,346.0,82.16,28.0,3,377.91
p1_W_E.105,349.0,80.95,28.0,2,364.14
p1_W_E.106,352.0,76.11,28.0,2,343.7
p1_W_E.107,355.0,76.46,27.0,2,356.24
p1_E_W.53,382.0,34.53,17.0,2,264.3
p1_E_W.54,389.0,46.06,13.0,2,286.95
p1_N2_S2.36,360.0,96.48,78.0,2,315.88
p1_E_N1.13,392.0,31.83,10.0,2,269.35
p1_E_W.55,396.0,28.94,5.0,2,258.65
p1_S2_N2.40,400.0,50.35,39.0,1,230.97
p1_E_W.56,404.0,29.68,2.0,1,266.5
p1_S2_N2.41,410.0,50.13,35.0,1,233.45
p1_E_W.57,411.0,33.28,0.0,0,274.03
p1_E_W.58,418.0,27.9,0.0,0,261.57
p1_S2_N2.42,420.0,47.04,28.0,1,239.16
p1_E_N1.14,421.0,19.28,0.0,0,240.93
p1_E_W.59,425.0,22.7,0.0,0,269.22
p1_S2_N2.43,430.0,34.97,19.0,1,219.01
p1_E_W.60,432.0,14.68,0.0,0,231.9
p1_S2_N2.44,440.0,30.68,13.0,1,215.27
p1_N2_S2.37,370.0,82.79,61.0,2,278.63
p1_S2_N2.45,450.0,21.08,3.0,1,197.67
p1_S2_N2.46,460.0,14.62,0.0,0,191.69
p1_N2_S2.38,380.0,95.04,60.0,2,303.11
p1_N2_S2.39,390.0,86.67,54.0,2,296.7
p1_S2_N2.47,470.0,6.45,0.0,0,170.01
p1_N2_S2.40,400.0,75.31,45.0,1,280.85
p1_N2_S2.41,410.0,70.18,45.0,1,276.69
p1_N2_S2.42,420.0,61.96,39.0,1,267.86
p1_N2_W.12,363.0,97.22,75.0,2,352.49
p1_W_E.108,358.0,105.62,52.0,3,388.16
p1_W_E.109,361.0,104.74,52.0,4,395.67
p1_S1_N1.42,420.0,72.21,53.0,2,279.85
p1_N1_S1.44,440.0,53.2,42.0,1,242.31
p1_W_E.110,364.0,94.08,49.0,3,368.13
p1_N1_S1.45,450.0,43.08,31.0,1,224.69
p1_W_E.111,370.0,105.55,48.0,4,383.0
p1_N1_S1.46,460.0,37.76,25.0,1,221.81
p1_W_S2.11,367.0,93.91,48.0,3,371.14
p1_N1_S1.47,470.0,28.76,15.0,1,209.79
p1_S1_N1.43,430.0,62.59,47.0,1,259.15
p1_N1_S1.48,480.0,21.38,8.0,1,213.36
p1_S1_N1.44,440.0,58.54,45.0,1,250.27
p1_N1_S1.49,490.0,13.17,0.0,0,187.36
p1_S1_N1.45,450.0,54.06,39.0,1,252.0
p1_S1_N1.46,460.0,45.71,32.0,1,248.76
p1_W_E.112,374.0,85.53,40.0,3,359.98
p1_N1_S1.50,500.0,6.56,0.0,0,152.81
p1_W_E.113,377.0,109.0,38.0,3,380.91
p1_S1_N1.47,470.0,37.5,22.0,1,220.87
p1_S1_E.11,333.0,154.68,91.0,4,468.87
p1_S1_E.12,363.0,125.82,73.0,3,422.03
p1_S1_E.13,392.0,94.54,47.0,3,385.6
p1_W_E.114,381.0,111.98,51.0,3,416.12
p1_S1_N1.48,480.0,22.91,9.0,1,186.91
p1_N1_S1.51,510.0,5.35,0.0,0,156.84
p1_W_E.115,384.0,110.72,49.0,3,402.16
p1_S1_N1.49,490.0,26.13,7.0,1,211.63
p1_W_E.116,387.0,109.47,48.0,3,399.59
p1_W_E.117,390.0,108.3,47.0,4,405.49
p1_W_E.118,393.0,104.97,46.0,3,402.41
p1_W_S2.12,402.0,97.47,40.0,2,382.62
p1_W_E.119,396.0,103.57,44.0,3,398.18
p1_N2_W.13,393.0,101.52,72.0,3,372.81
p1_W_E.120,399.0,95.11,43.0,2,391.25
p1_W_E.121,405.0,100.89,40.0,2,405.68
p1_N2_W.14,423.0,65.83,43.0,2,323.63
p1_E_N1.15,450.0,57.79,24.0,2,310.1
p1_S2_N2.48,480.0,46.66,37.0,1,226.36
p1_S2_N2.49,490.0,38.49,26.0,1,217.87
p1_N2_S2.43,430.0,92.62,74.0,2,299.21
p1_N2_S2.44,440.0,96.05,68.0,2,314.91
p1_S2_N2.50,500.0,28.67,17.0,1,195.89
p1_E_W.61,440.0,44.2,26.0,2,288.15
p1_N2_S2.45,450.0,77.41,55.0,2,275.3
p1_S2_N2.51,510.0,27.63,11.0,1,211.02
p1_E_W.62,447.0,70.31,24.0,2,318.39
p1_E_W.63,454.0,65.1,21.0,2,318.54
p1_E_N1.16,480.0,36.89,4.0,1,283.21
p1_N2_S2.46,460.0,73.46,48.0,2,273.58
p1_E_W.64,461.0,59.87,21.0,2,316.48
p1_S2_N2.52,520.0,11.91,0.0,0,171.11
p1_S2_N2.53,530.0,13.64,0.0,0,182.76
p1_E_W.65,468.0,54.6,15.0,2,318.76
p1_N2_S2.47,470.0,73.94,43.0,2,282.38
p1_N2_S2.48,480.0,65.6,40.0,1,269.36
p1_E_W.66,476.0,48.28,8.0,1,315.97
p1_S2_N2.54,540.0,5.48,0.0,0,152.22
p1_N2_S2.49,490.0,57.29,39.0,1,258.37
p1_E_W.67,483.0,33.44,1.0,1,280.69
p1_E_W.68,490.0,38.09,0.0,0,296.91
p1_N2_S2.50,500.0,45.54,29.0,1,234.36
p1_E_W.69,497.0,32.81,0.0,0,274.43
p1_N2_S2.51,510.0,36.86,23.0,1,215.75
p1_E_N1.17,510.0,19.28,0.0,0,245.09
p1_E_W.70,504.0,27.57,0.0,0,258.67
p1_E_W.71,513.0,20.33,0.0,0,251.61
p1_W_E.122,408.0,123.62,68.0,3,413.19
p1_W_E.123,411.0,120.67,67.0,3,416.62
p1_W_E.124,414.0,116.08,66.0,3,414.37
p1_N1_S1.52,520.0,42.21,31.0,1,221.52
p1_W_E.125,417.0,128.14,64.0,4,420.78
p1_N1_S1.53,530.0,36.65,25.0,1,210.48
p1_S1_N1.50,500.0,60.64,43.0,1,270.18
p1_W_E.126,420.0,126.91,61.0,3,432.78
p1_S1_N1.51,510.0,58.57,43.0,1,252.87
p1_W_E.127,423.0,125.69,61.0,3,422.47
p1_S1_N1.52,520.0,47.56,36.0,1,229.56
p1_S1_N1.53,530.0,44.55,27.0,1,225.41
p1_W_E.128,426.0,109.22,59.0,3,382.17
p1_S1_N1.54,540.0,35.98,19.0,1,216.87
p1_W_E.129,429.0,126.48,60.0,3,398.73
p1_W_S2.13,435.0,112.53,56.0,3,402.42
p1_W_E.130,432.0,116.22,59.0,3,400.75
p1_N1_S1.54,540.0,18.36,5.0,1,183.14
p1_S1_N1.55,550.0,29.69,13.0,1,203.64
p1_W_E.131,438.0,112.11,55.0,3,392.38
p1_N1_S1.55,550.0,31.21,3.0,1,204.69
p1_S1_N1.56,560.0,21.45,4.0,1,197.56
p1_W_E.132,441.0,119.26,55.0,3,409.35
p1_N1_S1.56,560.0,16.95,0.0,0,188.77
p1_W_E.133,444.0,118.48,56.0,3,407.64
p1_S1_E.14,423.0,140.71,85.0,4,468.23
p1_S1_N1.57,570.0,11.49,0.0,0,174.83
p1_S1_E.15,453.0,112.78,69.0,3,411.16
p1_N1_S1.57,570.0,6.94,0.0,0,155.31
p1_S1_E.16,483.0,77.38,33.0,3,349.23
p1_W_E.134,447.0,118.23,66.0,4,417.8
p1_N1_S1.58,580.0,11.04,0.0,0,168.41
p1_W_E.135,450.0,121.73,64.0,3,434.44
p1_W_E.136,453.0,120.54,61.0,3,420.45
p1_N2_W.15,453.0,112.09,81.0,3,393.52
p1_N2_W.16,483.0,91.87,62.0,2,362.36
p1_W_E.137,456.0,117.85,60.0,3,426.28
p1_N2_W.17,513.0,63.6,37.0,2,327.33
p1_E_W.72,519.0,57.3,37.0,2,309.15
p1_E_W.73,526.0,52.77,31.0,2,309.59
p1_E_W.74,533.0,49.06,24.0,2,317.1
p1_N2_S2.52,520.0,84.48,65.0,2,296.44
p1_E_W.75,540.0,37.17,17.0,2,275.97
p1_E_N1.18,543.0,41.12,16.0,2,293.32
p1_S2_N2.55,550.0,51.45,40.0,1,240.54
p1_W_E.138,459.0,99.57,57.0,3,367.32
p1_S2_N2.56,560.0,49.0,35.0,1,244.13
p1_W_E.139,462.0,115.16,57.0,3,387.86
p1_N2_S2.53,530.0,72.92,53.0,2,277.78
p1_E_W.76,548.0,37.55,12.0,2,293.04
p1_E_W.77,555.0,34.79,7.0,1,297.11
p1_N2_S2.54,540.0,65.36,44.0,1,263.53
p1_S2_N2.57,570.0,33.24,23.0,1,206.07
p1_N2_S2.55,550.0,61.29,44.0,1,242.1
p1_E_W.78,562.0,25.61,7.0,1,251.7
p1_S2_N2.58,580.0,35.35,18.0,1,214.64
p1_S2_N2.59,590.0,25.89,10.0,1,213.77
p1_E_W.79,569.0,18.29,1.0,1,229.81
p1_S2_N2.60,600.0,18.13,0.0,0,205.95
p1_E_W.80,576.0,23.09,0.0,0,245.65
p1_E_N1.19,572.0,19.96,0.0,0,239.54
p1_N2_S2.56,560.0,47.72,34.0,1,224.82
p1_E_W.81,584.0,15.0,0.0,0,226.6
p1_N2_S2.57,570.0,55.63,32.0,1,249.14
p1_W_E.140,465.0,140.78,76.0,4,418.31
p1_N2_S2.58,580.0,47.7,24.0,1,242.22
p1_E_W.82,591.0,7.76,0.0,0,203.81
p1_S2_N2.61,610.0,6.62,0.0,0,149.71
p1_W_S2.14,468.0,139.64,73.0,4,439.01
p1_W_E.141,471.0,138.38,72.0,5,429.71
p1_W_E.142,474.0,137.71,67.0,4,437.5
p1_S1_N1.58,580.0,54.24,43.0,1,231.03
p1_N1_S1.59,590.0,44.66,32.0,1,228.59
p1_S1_N1.59,590.0,44.92,33.0,1,233.82
p1_N1_S1.60,600.0,34.1,24.0,1,203.84
p1_W_E.143,477.0,130.97,64.0,4,430.09
p1_S1_N1.60,600.0,39.6,25.0,1,231.35
p1_W_E.144,480.0,132.25,63.0,4,448.06
p1_N1_S1.61,610.0,29.89,16.0,1,209.71
p1_N1_S1.62,620.0,21.63,8.0,1,208.88
p1_W_E.145,483.0,137.92,62.0,4,450.08
p1_S1_N1.61,610.0,31.61,19.0,1,205.2
p1_N1_S1.63,630.0,12.67,0.0,0,193.82
p1_W_E.146,486.0,128.01,58.0,4,422.75
p1_S1_N1.62,620.0,25.11,12.0,1,201.34
p1_S1_N1.63,630.0,15.5,0.0,0,181.97
p1_W_E.147,489.0,125.38,57.0,4,417.82
p1_W_E.148,492.0,135.89,56.0,4,432.21
p1_S1_N1.64,640.0,10.41,0.0,0,181.66
p1_W_E.149,495.0,134.71,52.0,4,433.64
p1_S1_E.17,513.0,110.38,70.0,3,404.65
p1_S1_E.18,543.0,84.02,38.0,3,373.22
p1_S1_E.19,573.0,62.01,18.0,2,332.94
p1_N2_W.18,543.0,92.87,62.0,2,360.92
p1_W_E.150,498.0,138.81,66.0,5,476.68
p1_N1_S1.64,640.0,6.95,0.0,0,148.39
p1_W_E.151,504.0,135.13,59.0,3,442.25
p1_N2_W.19,573.0,61.09,39.0,2,324.52
p1_W_S2.15,501.0,127.16,64.0,3,439.71
p1_E_W.83,598.0,43.24,21.0,2,301.41
p1_W_E.152,507.0,129.57,60.0,3,433.36
p1_E_N1.20,601.0,42.05,19.0,2,284.55
p1_E_W.84,605.0,39.97,17.0,2,280.74
p1_W_E.153,510.0,135.56,58.0,3,446.19
p1_E_W.85,612.0,29.83,8.0,2,268.78
p1_E_W.86,620.0,30.96,3.0,2,282.63
p1_N2_S2.59,590.0,77.64,61.0,2,287.85
p1_S2_N2.62,620.0,48.36,38.0,1,230.67
p1_E_W.87,627.0,21.99,0.0,0,264.97
p1_S2_N2.63,630.0,39.46,28.0,1,212.64
p1_E_N1.21,630.0,23.64,0.0,0,274.63
p1_S2_N2.64,640.0,36.66,22.0,1,219.77
p1_N2_S2.60,600.0,67.26,46.0,2,266.7
p1_N2_S2.61,610.0,70.86,42.0,2,279.02
p1_N2_S2.62,620.0,59.19,39.0,1,255.02
p1_S2_N2.65,650.0,21.57,8.0,1,189.22
p1_S2_N2.66,660.0,20.89,6.0,1,188.57
p1_N2_S2.63,630.0,54.17,36.0,1,244.51
p1_S2_N2.67,670.0,9.44,0.0,0,168.65
p1_N2_S2.64,640.0,45.88,30.0,1,235.34
p1_N2_S2.65,650.0,37.54,23.0,1,229.25
p1_W_E.154,513.0,156.29,80.0,5,492.87
p1_W_E.155,516.0,158.49,78.0,4,483.36
p1_W_E.156,519.0,151.76,77.0,5,467.56
p1_S1_N1.65,650.0,50.46,39.0,1,240.2
p1_W_E.157,522.0,158.04,74.0,5,469.03
p1_S1_N1.66,660.0,41.76,30.0,1,214.57
p1_W_E.158,525.0,156.76,73.0,4,468.65
p1_E_W.88,634.0,10.64,0.0,0,213.64
p1_N1_S1.65,650.0,47.38,36.0,1,229.41
p1_W_E.159,528.0,152.89,72.0,4,462.55
p1_E_W.89,641.0,42.26,0.0,0,252.22
p1_W_E.160,531.0,154.15,70.0,5,458.37
p1_E_W.90,648.0,35.86,0.0,0,234.94
p1_N1_S1.66,660.0,42.7,30.0,1,224.1
p1_S1_N1.67,670.0,35.83,25.0,1,221.05
p1_E_W.91,656.0,30.68,0.0,0,236.81
p1_S1_N1.68,680.0,28.03,16.0,1,206.93
p1_W_S2.16,534.0,148.88,67.0,4,445.3
p1_W_E.161,537.0,151.47,68.0,5,445.37
p1_S1_N1.69,690.0,19.99,7.0,1,190.86
p1_N1_S1.67,670.0,28.39,17.0,1,201.45
p1_W_E.162,540.0,150.52,67.0,5,461.64
p1_N1_S1.68,680.0,32.9,14.0,1,215.25
p1_W_E.163,543.0,149.3,65.0,4,457.73
p1_N1_S1.69,690.0,20.46,4.0,1,191.06
p1_S1_N1.70,700.0,15.73,0.0,0,187.53
p1_S1_E.20,603.0,89.07,50.0,3,375.53
p1_N1_S1.70,700.0,16.2,0.0,0,195.66
p1_S1_E.21,633.0,63.66,21.0,2,345.45
p1_N1_S1.71,710.0,7.94,0.0,0,163.56
p1_W_E.164,546.0,145.97,74.0,4,463.8
p1_N2_W.20,603.0,98.88,61.0,3,373.53
p1_W_E.165,549.0,151.46,73.0,6,481.0
p1_N2_W.21,633.0,70.86,48.0,2,337.64
p1_W_E.166,552.0,152.77,71.0,4,507.68
p1_E_N1.22,660.0,44.69,25.0,2,283.8
p1_E_W.92,663.0,44.03,23.0,2,286.26
p1_E_W.93,670.0,42.11,18.0,2,287.87
p1_E_W.94,677.0,36.83,12.0,3,281.74
p1_W_E.167,555.0,132.82,69.0,4,442.8
p1_E_W.95,684.0,31.55,7.0,2,281.99
p1_W_E.168,558.0,147.12,68.0,5,451.34
p1_W_E.169,561.0,157.08,67.0,4,467.05
p1_E_N1.23,690.0,27.63,2.0,2,264.97
p1_W_E.170,564.0,149.1,64.0,4,479.84
p1_W_S2.17,567.0,135.05,61.0,4,441.32
p1_N2_S2.66,660.0,84.11,60.0,2,299.95
p1_S2_N2.68,680.0,57.94,46.0,1,242.21
p1_E_W.96,693.0,19.16,0.0,0,243.77
p1_N2_S2.67,670.0,76.38,51.0,2,287.35
p1_E_W.97,699.0,24.03,0.0,0,248.22
p1_S2_N2.69,690.0,48.5,36.0,1,230.67
p1_N2_S2.68,680.0,69.14,45.0,1,274.9
p1_E_W.98,706.0,12.35,0.0,0,211.99
p1_S2_N2.70,700.0,46.01,32.0,1,230.58
p1_N2_S2.69,690.0,60.96,44.0,1,250.03
p1_S2_N2.71,710.0,41.66,27.0,1,231.37
p1_E_W.99,713.0,15.51,0.0,0,236.83
p1_E_W.100,720.0,11.52,0.0,0,227.94
p1_S2_N2.72,720.0,33.34,16.0,1,231.19
p1_E_N1.24,723.0,8.62,0.0,0,208.94
p1_N2_S2.70,700.0,55.92,39.0,1,245.02
p1_S2_N2.73,730.0,17.14,4.0,1,190.01
p1_N2_S2.71,710.0,47.61,31.0,1,235.23
p1_S2_N2.74,740.0,17.72,0.0,0,189.97
p1_S2_N2.75,750.0,9.45,0.0,0,167.71
p1_N2_S2.72,720.0,38.33,23.0,1,222.83
p1_E_W.101,728.0,6.77,0.0,0,188.44
p1_W_E.171,570.0,170.24,82.0,5,495.59
p1_W_E.172,573.0,173.76,79.0,5,508.32
p1_W_E.173,576.0,172.53,76.0,6,495.27
p1_N1_S1.72,720.0,52.17,39.0,1,243.68
p1_W_E.174,579.0,164.63,74.0,6,484.69
p1_N1_S1.73,730.0,44.01,32.0,1,225.6
p1_W_E.175,582.0,172.45,73.0,5,491.14
p1_W_E.176,585.0,171.09,69.0,6,509.04
p1_S1_N1.71,710.0,55.64,44.0,1,233.52
p1_S1_N1.72,720.0,59.65,42.0,1,255.17
p1_N1_S1.74,740.0,31.42,17.0,1,197.8
p1_S1_N1.73,730.0,45.07,32.0,1,235.81
p1_W_E.177,588.0,158.21,66.0,5,483.75
p1_N1_S1.75,750.0,32.36,14.0,1,215.3
p1_S1_N1.74,740.0,38.39,24.0,1,239.45
p1_W_E.178,591.0,165.63,64.0,5,494.41
p1_N1_S1.76,760.0,20.62,7.0,1,198.0
p1_S1_N1.75,750.0,35.01,18.0,1,232.35
p1_W_E.179,594.0,170.34,62.0,4,497.16
p1_N1_S1.77,770.0,15.99,0.0,0,186.25
p1_W_E.180,597.0,169.04,61.0,6,495.56
p1_S1_N1.76,760.0,26.88,11.0,1,209.35
p1_N1_S1.78,780.0,7.8,0.0,0,159.93
p1_W_S2.18,600.0,167.77,67.0,4,497.6
p1_S1_E.22,663.0,104.37,56.0,4,408.09
p1_S1_N1.77,770.0,16.43,2.0,1,190.34
p1_S1_E.23,693.0,72.53,26.0,3,360.15
p1_W_E.181,609.0,162.38,66.0,4,480.98
p1_W_E.182,612.0,161.3,62.0,4,487.82
p1_W_E.183,615.0,159.88,62.0,4,486.37
p1_W_E.184,618.0,158.73,59.0,4,482.16
p1_W_E.185,621.0,157.48,60.0,5,479.4
p1_N2_W.22,663.0,100.38,72.0,3,371.43
p1_W_E.186,624.0,156.26,59.0,5,477.17
p1_N2_W.23,693.0,87.67,56.0,2,360.9
p1_E_W.102,735.0,47.57,24.0,2,304.28
p1_E_W.103,742.0,42.32,16.0,2,299.57
p1_E_N1.25,752.0,27.69,1.0,1,245.73
p1_E_W.104,749.0,19.4,1.0,1,235.74
p1_E_W.105,756.0,33.01,1.0,1,262.3
p1_E_W.106,764.0,27.91,0.0,0,258.05
p1_S2_N2.76,760.0,51.94,40.0,1,236.22
p1_W_E.187,627.0,137.3,59.0,4,443.25
p1_N2_S2.73,730.0,84.82,63.0,2,304.79
p1_S2_N2.77,770.0,46.05,34.0,1,233.23
p1_E_W.107,771.0,10.7,0.0,0,210.23
p1_W_E.188,630.0,151.46,57.0,4,463.36
p1_E_W.108,778.0,18.67,0.0,0,222.04
p1_S2_N2.78,780.0,37.87,25.0,1,231.47
p1_S2_N2.79,790.0,28.47,15.0,1,203.77
p1_N2_S2.74,740.0,71.32,48.0,2,274.29
p1_E_N1.26,781.0,8.6,0.0,0,208.88
p1_S2_N2.80,800.0,19.6,6.0,1,189.26
p1_E_W.109,785.0,9.89,0.0,0,217.72
p1_N2_S2.75,750.0,73.89,46.0,1,280.47
p1_N2_S2.76,760.0,65.6,43.0,1,272.59
p1_E_W.110,792.0,7.39,0.0,0,202.84
p1_S2_N2.81,810.0,9.94,0.0,0,164.22
p1_N2_S2.77,770.0,50.6,36.0,1,236.37
p1_S2_N2.82,820.0,5.92,0.0,0,151.52
p1_N2_S2.78,780.0,48.36,30.0,1,241.87
p1_W_E.189,633.0,180.89,77.0,7,504.71
p1_W_E.190,636.0,173.84,76.0,6,501.49
p1_W_S2.19,638.0,178.28,76.0,5,505.3
p1_W_E.191,642.0,178.89,75.0,5,511.18
p1_N1_S1.79,790.0,52.34,40.0,1,243.99
p1_W_E.192,645.0,175.17,71.0,6,497.66
p1_S1_N1.78,780.0,58.38,47.0,1,240.76
p1_N1_S1.80,800.0,43.21,31.0,1,226.82
p1_W_E.193,648.0,177.57,70.0,5,505.44
p1_S1_N1.79,790.0,54.66,42.0,1,235.14
p1_W_E.194,651.0,176.37,67.0,6,492.8
p1_S1_N1.80,800.0,46.73,34.0,1,229.69
p1_N1_S1.81,810.0,32.96,22.0,1,210.54
p1_S1_N1.81,810.0,41.32,28.0,1,236.89
p1_W_E.195,654.0,169.01,65.0,8,475.86
p1_N1_S1.82,820.0,28.61,14.0,1,209.35
p1_W_E.196,657.0,173.71,60.0,6,482.24
p1_N1_S1.83,830.0,21.09,6.0,1,197.12
p1_S1_N1.82,820.0,35.23,20.0,1,222.08
p1_W_E.197,680.0,154.56,49.0,4,440.07
p1_N1_S1.84,840.0,10.14,0.0,0,174.16
p1_S1_N1.83,830.0,27.15,11.0,1,208.44
p1_N1_S1.85,850.0,7.57,0.0,0,164.31
p1_W_E.198,684.0,152.22,50.0,6,455.08
p1_S1_E.24,723.0,114.51,71.0,4,415.05
p1_S1_E.25,753.0,81.28,42.0,3,358.13
p1_S1_N1.84,840.0,17.29,2.0,1,186.13
p1_W_E.199,687.0,144.32,58.0,5,442.89
p1_W_S2.20,695.0,149.03,57.0,6,463.4
p1_W_E.200,691.0,155.53,60.0,7,465.0
p1_N2_W.24,723.0,114.09,88.0,3,408.06
p1_W_E.201,698.0,150.57,53.0,5,467.01
p1_N2_W.25,753.0,95.71,58.0,2,379.64
p1_N2_W.26,783.0,67.63,40.0,2,331.53
p1_E_W.111,800.0,42.87,28.0,2,281.57
p1_E_N1.27,810.0,43.76,21.0,2,284.37
p1_E_W.112,807.0,48.14,25.0,2,294.73
p1_W_E.202,701.0,136.26,55.0,5,444.33
p1_W_E.203,704.0,144.24,54.0,4,449.61
p1_E_W.113,814.0,38.06,17.0,2,267.64
p1_W_E.204,707.0,152.5,52.0,5,458.24
p1_E_W.114,821.0,39.12,10.0,2,266.59
p1_W_E.205,710.0,151.06,50.0,4,472.07
p1_E_W.115,828.0,33.87,5.0,2,271.59
p1_S2_N2.83,830.0,53.34,42.0,1,242.88
p1_W_E.206,713.0,149.83,50.0,4,459.43
p1_E_W.116,836.0,22.95,0.0,0,250.17
p1_N2_S2.79,790.0,89.57,72.0,2,304.52
p1_E_W.117,843.0,23.99,0.0,0,254.71
p1_S2_N2.84,840.0,41.71,31.0,1,220.6
p1_E_N1.28,840.0,20.24,0.0,0,240.53
p1_E_W.118,850.0,18.96,0.0,0,235.18
p1_S2_N2.85,850.0,41.08,25.0,1,235.92
p1_S2_N2.86,860.0,30.42,16.0,1,224.28
p1_N2_S2.80,800.0,77.99,60.0,2,277.06
p1_S2_N2.87,870.0,22.28,8.0,1,197.14
p1_N2_S2.81,810.0,78.68,53.0,2,297.47
p1_N2_S2.82,820.0,76.68,49.0,2,291.44
p1_S2_N2.88,880.0,14.17,0.0,0,187.29
p1_N2_S2.83,830.0,68.41,44.0,1,287.97
p1_S2_N2.89,890.0,6.31,0.0,0,155.65
p1_N2_S2.84,840.0,51.23,38.0,1,232.39
p1_N2_S2.85,850.0,53.39,33.0,1,247.9
p1_W_E.207,716.0,168.61,70.0,6,492.6
p1_E_W.119,857.0,7.92,0.0,0,202.12
p1_E_N1.29,870.0,8.94,0.0,0,210.81
p1_W_E.208,719.0,168.12,67.0,6,493.08
p1_E_W.120,864.0,23.69,0.0,0,231.18
p1_W_E.209,722.0,162.3,66.0,6,486.37
p1_N1_S1.86,860.0,54.07,41.0,1,243.72
p1_W_E.210,725.0,168.47,64.0,6,472.91
p1_W_S2.21,728.0,161.15,61.0,5,466.26
p1_S1_N1.85,850.0,63.4,46.0,1,254.05
p1_N1_S1.87,870.0,42.69,31.0,1,219.95
p1_S1_N1.86,860.0,59.93,44.0,1,252.27
p1_N1_S1.88,880.0,38.82,24.0,1,224.11
p1_W_E.211,746.0,145.31,52.0,4,449.17
p1_S1_N1.87,870.0,51.69,37.0,1,237.01
p1_N1_S1.89,890.0,32.4,17.0,1,227.28
p1_N1_S1.90,900.0,24.22,8.0,1,218.92
p1_W_E.212,749.0,140.28,52.0,4,432.03
p1_S1_N1.88,880.0,42.79,29.0,1,226.21
p1_N1_S1.91,910.0,12.1,0.0,0,179.99
p1_W_E.213,753.0,153.06,52.0,4,439.77
p1_N1_S1.92,920.0,6.44,0.0,0,151.8
p1_W_E.214,756.0,144.83,49.0,5,443.49
p1_W_E.215,759.0,150.58,49.0,4,453.03
p1_S1_N1.89,890.0,32.28,20.0,1,207.83
p1_S1_N1.90,900.0,32.49,14.0,1,215.47
p1_S1_E.26,783.0,124.19,74.0,3,420.62
p1_S1_E.27,813.0,99.61,51.0,3,397.1
p1_W_E.216,762.0,151.89,57.0,4,479.94
p1_W_E.217,765.0,151.65,56.0,4,474.46
p1_W_E.218,768.0,150.37,55.0,4,497.1
p1_W_E.219,772.0,148.14,55.0,4,489.55
p1_W_S2.22,778.0,141.22,52.0,4,446.86
p1_N2_W.27,813.0,93.78,64.0,3,366.25
p1_W_E.220,775.0,146.93,52.0,4,489.32
p1_N2_W.28,843.0,78.42,47.0,2,344.52
p1_E_W.121,873.0,50.26,27.0,2,311.33
p1_W_E.221,781.0,134.08,49.0,4,448.78
p1_E_W.122,879.0,45.99,21.0,2,307.36
p1_E_W.123,886.0,40.83,16.0,2,291.65
p1_S2_N2.90,900.0,49.23,37.0,1,237.14
p1_N2_S2.86,860.0,89.84,69.0,2,298.82
p1_E_W.124,893.0,32.41,9.0,2,282.2
p1_N2_S2.87,870.0,81.77,61.0,2,289.48
p1_S2_N2.91,910.0,41.64,30.0,1,224.06
p1_E_W.125,900.0,30.06,3.0,2,291.5
p1_E_N1.30,903.0,23.06,1.0,1,256.9
p1_S2_N2.92,920.0,33.56,22.0,1,211.12
p1_E_W.126,908.0,22.69,0.0,0,258.14
p1_S2_N2.93,930.0,25.34,12.0,1,197.84
p1_N2_S2.88,880.0,76.37,53.0,2,284.84
p1_E_W.127,915.0,16.54,0.0,0,222.27
p1_S2_N2.94,940.0,17.5,4.0,1,189.69
p1_N2_S2.89,890.0,68.34,44.0,2,272.06
p1_E_W.128,922.0,13.57,0.0,0,226.28
p1_E_W.129,929.0,9.04,0.0,0,221.02
p1_S2_N2.95,950.0,8.72,0.0,0,168.29
p1_N2_S2.90,900.0,59.31,40.0,1,252.82
p1_E_N1.31,932.0,8.78,0.0,0,206.87
p1_E_W.130,936.0,6.45,0.0,0,197.99
p1_N2_S2.91,910.0,51.16,36.0,1,237.86
p1_N2_S2.92,920.0,49.61,31.0,1,240.49
p1_N2_S2.93,930.0,41.3,22.0,1,244.28
p1_S2_N2.96,960.0,6.36,0.0,0,147.22
p1_W_E.222,783.0,173.0,75.0,5,487.66
p1_N2_W.29,873.0,82.15,57.0,2,340.46
p1_W_E.223,787.0,170.91,75.0,5,491.3
p1_W_E.224,790.0,170.06,72.0,5,490.18
p1_W_E.225,793.0,169.06,71.0,6,490.75
p1_N1_S1.93,930.0,54.75,43.0,1,249.24
p1_S1_N1.91,910.0,73.39,55.0,2,273.52
p1_N1_S1.94,940.0,46.44,35.0,1,236.09
p1_W_E.226,796.0,164.3,65.0,5,477.34
p1_N1_S1.95,950.0,38.27,25.0,1,216.54
p1_S1_N1.92,920.0,62.09,47.0,1,256.26
p1_N1_S1.96,960.0,29.3,17.0,1,197.22
p1_S1_N1.93,930.0,63.22,46.0,1,263.62
p1_N1_S1.97,970.0,24.04,10.0,1,209.05
p1_S1_N1.94,940.0,55.14,39.0,1,249.23
p1_S1_N1.95,950.0,46.75,31.0,1,242.31
p1_W_S2.23,820.0,153.31,55.0,5,447.47
p1_W_E.227,799.0,149.68,65.0,5,453.98
p1_S1_N1.96,960.0,33.34,20.0,1,198.63
p1_N1_S1.98,980.0,9.63,0.0,0,164.03
p1_N1_S1.99,990.0,7.0,0.0,0,154.79
p1_W_E.228,811.0,169.57,59.0,4,463.78
p1_S1_N1.97,970.0,32.45,16.0,1,202.78
p1_W_E.229,814.0,168.29,57.0,4,476.72
p1_S1_N1.98,980.0,24.15,9.0,1,200.76
p1_W_E.230,817.0,152.67,55.0,5,480.01
p1_S1_N1.99,990.0,15.92,0.0,0,192.89
p1_W_E.231,823.0,163.08,53.0,4,469.56
p1_S1_E.28,843.0,135.12,79.0,3,447.71
p1_S1_E.29,873.0,108.49,63.0,3,402.83
p1_N2_W.30,903.0,87.95,61.0,2,359.04
p1_S1_E.30,903.0,88.42,36.0,3,381.99
p1_N2_W.31,933.0,59.8,36.0,2,333.46
p1_W_E.232,827.0,160.74,67.0,4,483.2
p1_W_E.233,830.0,165.08,63.0,5,498.45
p1_E_W.131,944.0,51.0,32.0,2,301.03
p1_W_E.234,833.0,163.87,59.0,5,492.66
p1_E_W.132,951.0,45.75,25.0,2,295.93
p1_W_E.235,836.0,156.11,60.0,4,487.85
p1_W_E.236,839.0,161.36,60.0,5,497.92
p1_E_N1.32,961.0,41.54,10.0,2,276.95
p1_W_E.237,842.0,144.21,57.0,4,462.45
p1_E_W.133,958.0,32.82,12.0,2,268.15
p1_W_E.238,845.0,137.04,58.0,5,437.33
p1_S2_N2.97,970.0,60.67,49.0,1,243.06
p1_W_E.239,848.0,159.11,55.0,5,449.96
p1_E_W.134,965.0,27.65,5.0,2,260.68
p1_S2_N2.98,980.0,52.37,41.0,1,239.65
p1_N2_S2.94,940.0,87.14,69.0,2,306.07
p1_W_E.240,851.0,161.32,53.0,5,453.56
p1_E_W.135,972.0,40.48,4.0,2,288.57
p1_S2_N2.99,990.0,44.46,32.0,1,224.52
p1_E_N1.33,990.0,22.46,1.0,1,241.47
p1_N2_S2.95,950.0,84.89,63.0,2,311.04
p1_N2_S2.96,960.0,76.62,52.0,1,305.38
p1_E_W.136,980.0,24.47,4.0,1,253.45
p1_E_W.137,987.0,28.25,1.0,1,256.52
p1_S2_N2.100,1000.0,36.86,23.0,1,219.8
p1_S2_N2.101,1010.0,28.66,16.0,1,214.13
p1_E_W.138,994.0,18.31,0.0,0,250.24
p1_N2_S2.97,970.0,70.43,51.0,1,267.13
p1_E_W.139,1001.0,15.69,0.0,0,245.76
p1_S2_N2.102,1020.0,19.19,6.0,1,183.25
p1_N2_S2.98,980.0,62.29,47.0,1,256.17
p1_S2_N2.103,1030.0,12.68,0.0,0,185.49
p1_N2_S2.99,990.0,48.35,34.0,1,233.25
p1_E_W.140,1008.0,7.79,0.0,0,208.59
p1_E_W.141,1016.0,19.43,0.0,0,221.35
p1_W_S2.24,854.0,171.26,77.0,5,505.1
p1_W_E.241,857.0,167.21,80.0,7,497.23
p1_W_E.242,860.0,181.57,76.0,6,514.94
p1_S1_N1.100,1000.0,62.04,47.0,1,254.12
p1_W_E.243,863.0,180.35,73.0,5,523.86
p1_N1_S1.100,1000.0,56.29,45.0,1,241.02
p1_W_E.244,865.0,180.06,71.0,6,532.5
p1_N1_S1.101,1010.0,53.09,38.0,1,237.15
p1_S1_N1.101,1010.0,51.6,39.0,1,232.25
p1_W_E.245,868.0,167.24,67.0,7,494.71
p1_N1_S1.102,1020.0,47.62,32.0,1,241.43
p1_S1_N1.102,1020.0,46.22,33.0,1,228.65
p1_W_E.246,883.0,166.01,63.0,4,478.1
p1_S1_N1.103,1030.0,41.49,26.0,1,222.82
p1_W_E.247,886.0,164.79,62.0,4,473.87
p1_N1_S1.103,1030.0,31.16,19.0,1,203.63
p1_S1_N1.104,1040.0,33.44,18.0,1,211.9
p1_N1_S1.104,1040.0,34.01,15.0,1,224.04
p1_N1_S1.105,1050.0,19.35,4.0,1,211.67
p1_W_E.248,889.0,147.39,61.0,4,432.75
p1_S1_N1.105,1050.0,22.86,7.0,1,186.66
p1_N1_S1.106,1060.0,17.09,0.0,0,218.45
p1_W_E.249,892.0,156.26,59.0,4,442.28
p1_N1_S1.107,1070.0,7.33,0.0,0,148.14
p1_W_E.250,895.0,157.49,59.0,4,462.35
p1_S1_E.31,933.0,127.33,80.0,3,424.69
p1_S1_E.32,963.0,99.29,48.0,3,378.22
p1_W_E.251,902.0,154.96,64.0,4,472.15
p1_W_S2.25,899.0,151.45,67.0,5,462.98
p1_W_E.252,905.0,157.08,63.0,5,475.5
p1_E_N1.34,1020.0,46.37,27.0,2,292.3
p1_W_E.253,908.0,160.01,64.0,5,478.5
p1_W_E.254,911.0,158.83,61.0,6,479.87
p1_W_E.255,914.0,153.68,60.0,4,468.89
p1_N2_W.32,963.0,80.94,61.0,2,338.71
p1_W_E.256,917.0,156.45,58.0,4,478.43
p1_N2_W.33,993.0,77.11,43.0,2,334.25
p1_W_E.257,920.0,153.16,56.0,4,476.74
p1_W_E.258,923.0,149.85,55.0,5,466.63
p1_E_W.142,1023.0,53.36,24.0,2,316.12
p1_E_W.143,1030.0,48.02,21.0,2,310.52
p1_N2_S2.100,1000.0,101.56,80.0,2,318.92
p1_E_W.144,1037.0,42.74,13.0,2,304.92
p1_E_W.145,1044.0,37.38,7.0,2,294.92
p1_E_N1.35,1050.0,19.66,0.0,0,249.28
p1_E_W.146,1053.0,30.18,0.0,0,268.36
p1_S2_N2.104,1040.0,56.42,46.0,1,244.71
p1_E_W.147,1059.0,26.0,0.0,0,247.63
p1_S2_N2.105,1050.0,55.79,41.0,1,244.09
p1_E_W.148,1066.0,18.98,0.0,0,235.31
p1_N2_S2.101,1010.0,88.04,69.0,2,295.92
p1_S2_N2.106,1060.0,41.71,29.0,1,219.52
p1_E_W.149,1073.0,15.42,0.0,0,231.63
p1_S2_N2.107,1070.0,41.72,23.0,1,229.16
p1_N2_S2.102,1020.0,91.08,62.0,2,309.65
p1_E_W.150,1080.0,10.43,0.0,0,210.07
p1_S2_N2.108,1080.0,33.44,16.0,1,216.21
p1_N2_S2.103,1030.0,83.83,55.0,2,295.06
p1_E_N1.36,1083.0,8.79,0.0,0,208.02
p1_N2_S2.104,1040.0,75.67,47.0,2,279.78
p1_S2_N2.109,1090.0,22.85,7.0,1,207.17
p1_N2_S2.105,1050.0,64.42,44.0,1,254.78
p1_E_W.151,1088.0,7.61,0.0,0,197.29
p1_S2_N2.110,1100.0,14.08,0.0,0,186.75
p1_S2_N2.111,1110.0,8.78,0.0,0,165.66
p1_N2_S2.106,1060.0,57.29,40.0,1,253.55
p1_N2_S2.107,1070.0,53.52,36.0,1,243.16
p1_N2_S2.108,1080.0,39.2,23.0,1,224.92
p1_W_E.259,926.0,182.22,84.0,6,509.77
p1_W_E.260,929.0,180.5,79.0,6,491.73
p1_W_S2.26,932.0,180.32,74.0,5,503.37
p1_W_E.261,936.0,177.73,73.0,5,490.13
p1_N1_S1.108,1080.0,56.31,45.0,1,246.57
p1_W_E.262,939.0,176.92,73.0,5,473.15
p1_S1_N1.106,1060.0,76.03,57.0,2,291.69
p1_S1_N1.107,1070.0,68.65,52.0,1,268.7
p1_N1_S1.109,1090.0,48.3,37.0,1,234.94
p1_W_E.263,955.0,161.13,65.0,4,454.54
p1_N1_S1.110,1100.0,40.55,30.0,1,228.53
p1_W_E.264,958.0,159.4,62.0,4,466.04
p1_S1_N1.108,1080.0,57.76,46.0,1,249.87
p1_W_E.265,961.0,157.87,63.0,4,462.33
p1_N1_S1.111,1110.0,29.77,17.0,1,203.69
p1_S1_N1.109,1090.0,54.49,41.0,1,233.41
p1_N1_S1.112,1120.0,26.77,11.0,1,209.96
p1_N1_S1.113,1130.0,18.62,3.0,1,188.21
p1_N1_S1.114,1140.0,9.27,0.0,0,165.09
p1_W_E.266,964.0,150.51,61.0,4,468.87
p1_S1_N1.110,1100.0,42.28,29.0,1,215.83
p1_S1_E.33,993.0,138.28,79.0,3,452.85
p1_S1_N1.111,1110.0,34.26,20.0,1,209.21
p1_S1_E.34,1023.0,94.47,56.0,3,383.76
p1_S1_N1.112,1120.0,35.95,18.0,1,215.63
p1_N1_S1.115,1150.0,6.22,0.0,0,153.18
p1_S1_E.35,1053.0,83.02,30.0,3,356.52
p1_W_E.267,967.0,162.57,70.0,4,499.75
p1_W_E.268,970.0,168.01,69.0,4,509.49
p1_W_S2.27,979.0,161.04,62.0,4,485.62
p1_S1_N1.113,1130.0,20.94,6.0,1,189.88
p1_S1_N1.114,1140.0,22.67,1.0,1,198.19
p1_W_E.269,973.0,168.21,66.0,4,528.06
p1_W_E.270,976.0,164.09,65.0,4,501.86
p1_N2_W.34,1023.0,118.05,87.0,3,397.09
p1_W_E.271,982.0,162.66,63.0,4,510.29
p1_W_E.272,985.0,161.46,58.0,4,504.18
p1_N2_W.35,1053.0,87.93,63.0,2,355.05
p1_W_E.273,988.0,160.17,60.0,5,493.83
p1_E_W.152,1095.0,53.13,34.0,2,305.31
p1_W_E.274,991.0,154.57,60.0,4,467.53
p1_E_W.153,1102.0,47.86,27.0,2,305.81
p1_E_W.154,1109.0,42.47,21.0,2,307.52
p1_W_E.275,994.0,150.19,57.0,6,445.77
p1_E_N1.37,1112.0,38.93,17.0,2,280.48
p1_S2_N2.112,1120.0,57.72,46.0,1,252.59
p1_N2_S2.109,1090.0,88.55,66.0,2,302.75
p1_E_W.155,1116.0,34.72,10.0,2,276.79
p1_S2_N2.113,1130.0,49.77,36.0,1,234.68
p1_N2_S2.110,1100.0,81.69,57.0,2,290.95
p1_E_W.156,1124.0,33.92,6.0,2,283.29
p1_S2_N2.114,1140.0,41.62,30.0,1,223.74
p1_E_W.157,1131.0,30.99,4.0,1,278.06
p1_N2_S2.111,1110.0,71.14,48.0,2,274.62
p1_E_W.158,1138.0,25.7,4.0,2,262.47
p1_E_N1.38,1141.0,22.45,3.0,1,243.3
p1_S2_N2.115,1150.0,31.95,19.0,1,211.06
p1_S2_N2.116,1160.0,26.86,12.0,1,199.25
p1_S2_N2.117,1170.0,18.49,4.0,1,195.63
p1_E_W.159,1145.0,17.71,1.0,1,236.77
p1_S2_N2.118,1180.0,10.28,0.0,0,183.19
p1_N2_S2.112,1120.0,64.67,44.0,1,256.82
p1_E_W.160,1152.0,17.8,0.0,0,233.72
p1_N2_S2.113,1130.0,63.33,43.0,1,261.37
p1_N2_S2.114,1140.0,55.17,38.0,1,255.86
p1_E_W.161,1160.0,6.77,0.0,0,193.22
p1_S2_N2.119,1190.0,5.34,0.0,0,146.04
p1_N2_W.36,1083.0,93.95,69.0,2,363.07
p1_N2_S2.115,1150.0,39.54,24.0,1,217.12
p1_W_E.276,997.0,180.97,85.0,5,515.26
p1_N2_S2.116,1160.0,44.59,22.0,1,232.48
p1_W_E.277,1000.0,183.75,85.0,7,523.13
p1_W_E.278,1002.0,188.37,84.0,7,525.27
p1_S1_N1.115,1150.0,62.74,47.0,1,261.74
p1_W_E.279,1006.0,186.58,83.0,6,532.75
p1_N1_S1.116,1160.0,49.35,40.0,1,237.2
p1_S1_N1.116,1160.0,54.5,43.0,1,243.81
p1_W_E.280,1024.0,170.32,72.0,5,517.99
p1_N1_S1.117,1170.0,44.16,33.0,1,245.59
p1_S1_N1.117,1170.0,46.02,35.0,1,225.7
p1_W_S2.28,1028.0,166.73,72.0,4,497.43
p1_N1_S1.118,1180.0,38.19,23.0,1,230.14
p1_W_E.281,1031.0,162.94,69.0,6,481.27
p1_N1_S1.119,1190.0,29.96,16.0,1,229.82
p1_W_E.282,1034.0,165.32,67.0,6,477.27
p1_S1_N1.118,1180.0,41.02,29.0,1,224.88
p1_N1_S1.120,1200.0,21.65,8.0,1,219.13
p1_W_E.283,1037.0,164.83,65.0,5,485.47
p1_S1_N1.119,1190.0,33.03,19.0,1,218.24
p1_N1_S1.121,1210.0,13.41,0.0,0,198.06
p1_W_E.284,1040.0,163.22,62.0,4,483.16
p1_N1_S1.122,1220.0,5.5,0.0,0,159.04
p1_W_E.285,1043.0,160.63,62.0,5,482.09
p1_S1_E.36,1083.0,118.13,80.0,3,399.81
p1_S1_N1.120,1200.0,21.4,8.0,1,185.4
p1_S1_E.37,1113.0,96.73,46.0,4,374.97
p1_S1_N1.121,1210.0,20.91,5.0,1,201.64
p1_S1_E.38,1143.0,68.35,22.0,2,343.87
p1_N2_W.37,1113.0,100.52,67.0,3,381.69
p1_W_E.286,1046.0,158.72,73.0,6,467.77
p1_W_E.287,1049.0,158.69,70.0,4,482.39
p1_N2_W.38,1143.0,72.33,49.0,2,333.42
p1_E_W.162,1167.0,51.97,33.0,2,302.23
p1_W_E.288,1052.0,165.03,71.0,5,493.06
p1_W_E.289,1055.0,165.54,69.0,5,505.69
p1_E_N1.39,1170.0,50.34,27.0,2,301.68
p1_W_E.290,1058.0,164.78,71.0,5,502.28
p1_E_W.163,1174.0,49.06,24.0,2,297.34
p1_W_E.291,1064.0,160.64,66.0,5,472.17
p1_E_W.164,1181.0,43.85,19.0,2,295.36
p1_W_S2.29,1061.0,157.09,68.0,5,471.98
p1_W_E.292,1067.0,155.11,69.0,5,470.25
p1_E_W.165,1188.0,32.98,10.0,1,263.31
p1_E_W.166,1196.0,35.77,6.0,1,270.5
p1_S2_N2.120,1200.0,53.36,42.0,1,239.63
p1_E_N1.40,1200.0,28.9,2.0,1,265.71
p1_S2_N2.121,1210.0,45.23,34.0,1,233.5
p1_E_W.167,1203.0,29.33,0.0,0,272.5
p1_N2_S2.117,1170.0,79.91,59.0,2,285.64
p1_S2_N2.122,1220.0,37.1,26.0,1,212.97
p1_E_W.168,1210.0,26.27,0.0,0,271.54
p1_N2_S2.118,1180.0,77.25,52.0,2,280.57
p1_E_W.169,1217.0,21.02,0.0,0,249.16
p1_S2_N2.123,1230.0,29.02,17.0,1,204.4
p1_N2_S2.119,1190.0,70.67,44.0,1,276.3
p1_S2_N2.124,1240.0,21.0,9.0,1,191.18
p1_N2_S2.120,1200.0,62.67,44.0,1,251.88
p1_E_W.170,1224.0,9.41,0.0,0,210.05
p1_S2_N2.125,1250.0,9.83,0.0,0,178.17
p1_N2_S2.121,1210.0,54.95,38.0,1,246.06
p1_S2_N2.126,1260.0,5.84,0.0,0,153.01
p1_N2_S2.122,1220.0,52.41,34.0,1,249.46
p1_E_W.171,1232.0,18.03,0.0,0,222.39
p1_N2_S2.123,1230.0,44.1,25.0,1,236.75
p1_E_N1.41,1230.0,8.48,0.0,0,203.19
p1_W_E.293,1070.0,184.55,88.0,6,508.74
p1_E_W.172,1239.0,9.48,0.0,0,210.15
p1_W_E.294,1073.0,179.61,84.0,5,501.41
p1_W_E.295,1076.0,184.62,82.0,5,510.76
p1_W_E.296,1079.0,183.94,78.0,5,516.23
p1_S1_N1.122,1220.0,63.91,47.0,1,264.25
p1_N1_S1.123,1230.0,54.42,41.0,1,242.83
p1_W_E.297,1082.0,182.63,76.0,6,510.18
p1_N1_S1.124,1240.0,46.25,35.0,1,234.91
p1_W_E.298,1102.0,164.09,67.0,5,493.45
p1_N1_S1.125,1250.0,38.13,27.0,1,219.16
p1_S1_N1.123,1230.0,52.62,42.0,1,242.38
p1_N1_S1.126,1260.0,30.11,17.0,1,215.93
p1_S1_N1.124,1240.0,49.0,36.0,1,235.99
p1_W_E.299,1107.0,153.32,64.0,5,447.15
p1_N1_S1.127,1270.0,21.84,8.0,1,195.58
p1_W_S2.30,1113.0,159.13,62.0,4,463.48
p1_S1_N1.125,1250.0,40.97,29.0,1,218.98
p1_W_E.300,1110.0,162.77,62.0,5,462.27
p1_S1_N1.126,1260.0,35.15,19.0,1,215.77
p1_N1_S1.128,1280.0,12.27,0.0,0,175.43
p1_N1_S1.129,1290.0,6.84,0.0,0,160.51
p1_S1_N1.127,1270.0,28.48,13.0,1,213.73
p1_W_E.301,1116.0,152.43,61.0,4,463.42
p1_W_E.302,1119.0,157.87,59.0,4,468.02
p1_S1_E.39,1173.0,103.82,60.0,3,399.02
p1_S1_E.40,1203.0,79.59,31.0,3,365.04
p1_W_E.303,1122.0,157.32,68.0,5,487.87
p1_W_E.304,1125.0,161.15,66.0,5,504.44
p1_N2_W.39,1173.0,110.49,77.0,3,391.86
p1_N2_W.40,1203.0,84.01,58.0,2,354.87
p1_W_E.305,1128.0,159.91,64.0,5,488.68
p1_E_W.173,1246.0,42.98,25.0,2,302.41
p1_W_E.306,1131.0,157.51,64.0,5,489.76
p1_S1_N1.128,1280.0,11.41,0.0,0,165.31
p1_E_W.174,1253.0,35.87,16.0,2,281.19
p1_W_E.307,1134.0,156.47,65.0,5,470.98
p1_E_W.175,1260.0,32.66,10.0,2,279.93
p1_W_E.308,1137.0,156.31,61.0,5,475.23
p1_W_E.309,1140.0,152.2,60.0,5,465.37
p1_E_N1.42,1263.0,32.4,7.0,2,277.15
p1_E_W.176,1268.0,29.0,6.0,2,269.33
p1_E_W.177,1275.0,23.78,1.0,1,258.5
p1_N2_S2.124,1240.0,81.69,61.0,2,295.94
p1_E_W.178,1282.0,18.68,0.0,0,223.44
p1_N2_S2.125,1250.0,73.44,52.0,2,282.42
p1_S2_N2.127,1270.0,45.46,36.0,1,229.35
p1_E_W.179,1289.0,13.46,0.0,0,225.22
p1_N2_S2.126,1260.0,65.09,43.0,2,274.44
p1_S2_N2.128,1280.0,43.8,29.0,1,226.98
p1_S2_N2.129,1290.0,36.64,22.0,1,220.52
p1_S2_N2.130,1300.0,26.89,13.0,1,205.04
p1_S2_N2.131,1310.0,20.03,4.0,1,205.71
p1_S2_N2.132,1320.0,11.69,0.0,0,182.03
p1_N2_S2.127,1270.0,55.72,37.0,1,238.69
p1_S2_N2.133,1330.0,5.63,0.0,0,153.18
p1_E_W.180,1296.0,18.58,0.0,0,228.99
p1_N2_S2.128,1280.0,49.4,34.0,1,243.87
p1_E_W.181,1304.0,12.36,0.0,0,211.6
p1_N2_S2.129,1290.0,48.87,31.0,1,250.39
p1_E_N1.43,1292.0,8.76,0.0,0,209.02
p1_W_E.310,1143.0,177.93,81.0,6,498.79
p1_W_S2.31,1146.0,177.36,79.0,6,496.1
p1_N1_S1.130,1300.0,49.46,38.0,1,230.86
p1_N1_S1.131,1310.0,41.19,29.0,1,226.32
p1_S1_N1.129,1290.0,56.28,42.0,1,245.39
p1_N1_S1.132,1320.0,33.22,21.0,1,202.97
p1_W_E.311,1149.0,164.24,74.0,5,478.87
p1_S1_N1.130,1300.0,53.94,41.0,1,242.02
p1_N1_S1.133,1330.0,25.56,13.0,1,194.7
p1_W_E.312,1152.0,177.51,67.0,5,487.79
p1_W_E.313,1155.0,180.99,66.0,5,477.88
p1_W_E.314,1171.0,166.83,60.0,4,473.57
p1_W_E.315,1175.0,160.59,59.0,4,476.21
p1_W_E.316,1178.0,163.37,59.0,5,481.23
p1_W_E.317,1181.0,162.12,54.0,4,473.91
p1_N1_S1.134,1340.0,11.47,0.0,0,172.26
p1_W_E.318,1184.0,156.35,55.0,4,471.15
p1_N1_S1.135,1350.0,14.45,0.0,0,174.26
p1_N1_S1.136,1360.0,7.58,0.0,0,155.55
p1_S1_E.41,1233.0,101.4,62.0,3,397.42
p1_S1_N1.131,1310.0,34.45,23.0,1,209.32
p1_S1_E.42,1263.0,85.74,37.0,3,375.85
p1_S1_N1.132,1320.0,42.32,21.0,1,219.22
p1_S1_N1.133,1330.0,41.58,17.0,1,239.5
p1_W_E.319,1188.0,162.36,64.0,4,492.23
p1_W_S2.32,1193.0,151.85,64.0,4,474.88
p1_S1_N1.134,1340.0,30.27,7.0,1,215.24
p1_W_E.320,1191.0,161.28,62.0,4,488.6
p1_W_E.321,1197.0,156.9,62.0,4,482.59
p1_S1_N1.135,1350.0,17.56,0.0,0,196.78
p1_N2_W.41,1233.0,110.02,85.0,3,391.56
p1_W_E.322,1200.0,155.56,60.0,4,489.67
p1_N2_W.42,1263.0,93.77,58.0,3,384.3
p1_W_E.323,1203.0,154.28,57.0,5,474.13
p1_W_E.324,1206.0,153.17,56.0,5,491.28
p1_N2_W.43,1293.0,65.14,41.0,2,331.96
p1_E_W.182,1311.0,49.28,27.0,2,309.82
p1_W_E.325,1209.0,147.12,56.0,4,469.93
p1_E_W.183,1318.0,39.3,17.0,2,289.72
p1_E_N1.44,1321.0,40.54,15.0,2,290.96
p1_N2_S2.130,1300.0,84.38,64.0,2,294.32
p1_N2_S2.131,1310.0,78.04,57.0,2,293.81
p1_E_W.184,1325.0,30.61,10.0,2,269.83
p1_S2_N2.134,1340.0,41.97,32.0,1,217.72
p1_E_W.185,1332.0,37.12,7.0,2,273.99
p1_S2_N2.135,1350.0,40.63,25.0,1,222.97
p1_N2_S2.132,1320.0,66.99,46.0,2,272.12
p1_E_W.186,1340.0,27.18,0.0,0,271.64
p1_S2_N2.136,1360.0,32.46,17.0,1,209.98
p1_N2_S2.133,1330.0,63.78,40.0,1,266.74
p1_E_N1.45,1350.0,21.39,0.0,0,254.68
p1_E_W.187,1347.0,25.53,0.0,0,272.54
p1_N2_S2.134,1340.0,55.55,40.0,1,242.77
p1_E_W.188,1354.0,20.29,0.0,0,254.73
p1_N2_S2.135,1350.0,47.41,35.0,1,232.04
p1_S2_N2.137,1370.0,16.22,3.0,1,185.64
p1_S2_N2.138,1380.0,16.04,0.0,0,189.24
p1_S2_N2.139,1390.0,11.61,0.0,0,167.63
p1_N2_S2.136,1360.0,42.48,27.0,1,231.47
p1_E_W.189,1361.0,7.6,0.0,0,196.54
p1_W_E.326,1212.0,171.95,77.0,5,504.27
p1_W_E.327,1215.0,170.94,74.0,5,513.1
p1_E_W.190,1368.0,21.58,0.0,0,229.12
p1_W_E.328,1218.0,173.68,72.0,6,517.7
p1_W_E.329,1221.0,172.49,68.0,6,499.02
p1_N1_S1.137,1370.0,45.93,34.0,1,224.53
p1_W_E.330,1224.0,168.79,67.0,5,487.06
p1_S1_N1.136,1360.0,57.44,43.0,1,251.04
p1_W_S2.33,1227.0,170.27,63.0,6,494.03
p1_N1_S1.138,1380.0,35.31,24.0,1,211.08
p1_N1_S1.139,1390.0,31.73,18.0,1,220.68
p1_W_E.331,1230.0,165.95,59.0,6,479.96
p1_S1_N1.137,1370.0,47.06,36.0,1,228.56
p1_W_E.332,1233.0,166.25,60.0,5,488.19
p1_S1_N1.138,1380.0,42.04,29.0,1,224.69
p1_N1_S1.140,1400.0,23.57,8.0,1,207.15
p1_W_E.333,1253.0,150.71,53.0,4,466.07
p1_N1_S1.141,1410.0,15.26,0.0,0,194.85
p1_W_E.334,1256.0,149.47,51.0,4,460.25
p1_N1_S1.142,1420.0,7.09,0.0,0,157.84
p1_S1_E.43,1293.0,109.62,68.0,3,391.25
p1_S1_N1.139,1390.0,31.78,19.0,1,204.03
p1_S1_E.44,1323.0,86.24,42.0,3,378.7
p1_S1_N1.140,1400.0,27.46,12.0,1,206.65
p1_W_E.335,1260.0,150.96,61.0,5,478.78
p1_S1_N1.141,1410.0,22.86,6.0,1,211.8
p1_W_E.336,1263.0,148.93,60.0,5,477.9
p1_W_E.337,1266.0,144.69,55.0,5,458.12
p1_W_E.338,1269.0,147.64,54.0,4,462.45
p1_N2_W.44,1323.0,93.89,64.0,3,368.54
p1_N2_W.45,1353.0,66.0,45.0,2,331.28
p1_E_W.191,1376.0,43.18,25.0,2,287.74
p1_W_S2.34,1278.0,144.41,50.0,4,454.49
p1_W_E.339,1272.0,136.09,55.0,4,434.03
p1_E_N1.46,1380.0,43.04,19.0,2,285.97
p1_W_E.340,1275.0,150.46,52.0,4,460.18
p1_W_E.341,1281.0,145.34,49.0,4,474.97
p1_W_E.342,1284.0,144.99,47.0,4,464.36
p1_W_E.343,1287.0,143.77,46.0,4,474.14
p1_E_W.192,1383.0,34.34,13.0,2,269.46
p1_W_E.344,1290.0,142.47,46.0,5,489.29
p1_E_W.193,1390.0,42.98,11.0,1,284.99
p1_E_W.194,1397.0,36.0,6.0,1,289.1
p1_S2_N2.140,1400.0,56.2,44.0,1,243.43
p1_N2_S2.137,1370.0,86.92,67.0,2,306.94
p1_E_W.195,1404.0,18.67,0.0,0,233.53
p1_S2_N2.141,1410.0,48.64,37.0,1,230.17
p1_E_N1.47,1410.0,20.4,0.0,0,243.93
p1_N2_S2.138,1380.0,78.0,58.0,2,284.67
p1_E_W.196,1413.0,25.47,0.0,0,256.36
p1_S2_N2.142,1420.0,40.35,29.0,1,219.71
p1_N2_S2.139,1390.0,73.6,49.0,2,272.11
p1_S2_N2.143,1430.0,31.59,19.0,1,201.57
p1_E_W.197,1419.0,12.49,0.0,0,225.9
p1_N2_S2.140,1400.0,65.47,45.0,1,261.05
p1_S2_N2.144,1440.0,23.64,11.0,1,195.02
p1_E_W.198,1426.0,18.46,0.0,0,237.38
p1_S2_N2.145,1450.0,14.64,1.0,1,181.83
p1_N2_S2.141,1410.0,54.93,41.0,1,234.32
p1_S2_N2.146,1460.0,8.99,0.0,0,170.06
p1_E_W.199,1433.0,8.28,0.0,0,194.5
p1_N2_S2.142,1420.0,51.92,36.0,1,239.88
p1_E_W.200,1440.0,8.85,0.0,0,201.9
p1_E_N1.48,1443.0,8.97,0.0,0,209.05
p1_N2_S2.143,1430.0,40.55,24.0,1,222.26
p1_W_E.345,1293.0,162.93,66.0,5,490.28
p1_W_E.346,1296.0,165.34,62.0,5,495.39
p1_W_E.347,1299.0,164.02,63.0,6,489.92
p1_S1_N1.142,1420.0,66.06,49.0,1,276.2
p1_N1_S1.143,1430.0,56.23,46.0,1,249.38
p1_W_E.348,1302.0,154.96,57.0,5,473.75
p1_S1_N1.143,1430.0,56.85,46.0,1,247.49
p1_N1_S1.144,1440.0,45.59,34.0,1,230.12
p1_S1_N1.144,1440.0,51.63,39.0,1,235.57
p1_W_E.349,1305.0,165.37,60.0,5,485.42
p1_W_S2.35,1322.0,148.77,53.0,6,458.23
p1_W_E.350,1308.0,160.73,58.0,6,474.84
p1_N1_S1.145,1450.0,36.84,27.0,1,209.49
p1_W_E.351,1328.0,145.76,49.0,4,461.41
p1_N1_S1.146,1460.0,28.5,16.0,1,203.75
p1_S1_E.45,1353.0,119.98,68.0,3,420.19
p1_N1_S1.147,1470.0,27.47,13.0,1,207.56
p1_S1_E.46,1383.0,94.44,53.0,3,376.09
p1_S1_N1.145,1450.0,42.67,29.0,1,221.27
p1_N1_S1.148,1480.0,15.4,2.0,1,194.11
p1_S1_E.47,1413.0,65.58,24.0,3,352.71
p1_S1_N1.146,1460.0,40.64,23.0,1,226.3
p1_S1_N1.147,1470.0,32.38,16.0,1,216.69
p1_W_E.352,1333.0,138.08,58.0,4,441.64
p1_S1_N1.148,1480.0,22.22,6.0,1,206.67
p1_W_E.353,1337.0,150.38,58.0,4,449.65
p1_N1_S1.149,1490.0,6.89,0.0,0,149.36
p1_W_E.354,1341.0,146.02,54.0,4,445.34
p1_S1_N1.149,1490.0,20.25,0.0,0,207.33
p1_N1_S1.150,1500.0,11.24,0.0,0,169.8
p1_W_E.355,1344.0,142.26,51.0,4,458.68
p1_S1_N1.150,1500.0,11.77,0.0,0,181.98
p1_W_E.356,1347.0,145.63,50.0,4,456.24
p1_W_E.357,1350.0,138.09,49.0,6,457.17
p1_W_E.358,1353.0,130.34,50.0,4,427.15
p1_N2_W.46,1383.0,102.55,78.0,3,387.36
p1_N2_W.47,1413.0,85.85,57.0,2,357.4
p1_W_E.359,1356.0,143.23,47.0,4,449.79
p1_W_E.360,1359.0,140.93,46.0,4,445.48
p1_N2_S2.144,1440.0,82.51,59.0,2,296.05
p1_E_W.201,1448.0,41.14,24.0,2,281.75
p1_E_W.202,1455.0,41.66,20.0,2,280.06
p1_N2_S2.145,1450.0,74.89,53.0,2,277.23
p1_E_W.203,1462.0,42.87,17.0,2,302.41
p1_S2_N2.147,1470.0,48.12,36.0,1,225.76
p1_N2_S2.146,1460.0,68.58,44.0,2,273.88
p1_E_N1.49,1472.0,34.43,8.0,2,281.73
p1_E_W.204,1469.0,38.47,10.0,2,294.8
p1_S2_N2.148,1480.0,49.18,33.0,1,230.77
p1_E_W.205,1476.0,31.74,5.0,1,280.05
p1_S2_N2.149,1490.0,40.96,26.0,1,234.36
p1_S2_N2.150,1500.0,30.52,14.0,1,219.32
p1_E_W.206,1484.0,22.83,4.0,1,237.3
p1_N2_S2.147,1470.0,56.89,38.0,1,236.11
p1_E_W.207,1491.0,16.0,0.0,0,220.7
p1_N2_S2.148,1480.0,52.94,37.0,1,242.66
p1_E_W.208,1498.0,18.93,0.0,0,241.35
p1_E_N1.50,1501.0,15.59,0.0,0,231.5
p1_S2_N2.151,1510.0,12.66,1.0,1,175.32
p1_N2_S2.149,1490.0,44.68,30.0,1,231.08
p1_E_W.209,1505.0,13.97,0.0,0,219.92
p1_S2_N2.152,1520.0,20.31,0.0,0,191.19
p1_N2_S2.150,1500.0,41.96,23.0,1,227.1
p1_S2_N2.153,1530.0,6.24,0.0,0,147.11
p1_W_E.361,1365.0,161.07,63.0,5,469.24
p1_W_S2.36,1362.0,152.97,65.0,5,466.39
p1_W_E.362,1368.0,156.63,64.0,9,476.91
p1_N1_S1.151,1510.0,42.01,32.0,1,220.57
p1_N1_S1.152,1520.0,34.48,23.0,1,209.47
p1_W_E.363,1371.0,152.55,60.0,8,474.08
p1_S1_N1.151,1510.0,42.67,29.0,1,220.59
p1_W_E.364,1374.0,150.3,62.0,7,454.26
p1_S1_N1.152,1520.0,33.54,23.0,1,210.94
p1_N1_S1.153,1530.0,23.17,12.0,1,186.48
p1_N1_S1.154,1540.0,20.75,7.0,1,195.68
p1_W_E.365,1377.0,156.47,60.0,7,465.1
p1_W_E.366,1394.0,147.03,52.0,4,462.15
p1_S1_N1.153,1530.0,25.39,13.0,1,198.55
p1_N1_S1.155,1550.0,12.45,0.0,0,187.37
p1_W_E.367,1397.0,136.56,48.0,4,434.51
p1_S1_N1.154,1540.0,24.21,9.0,1,201.31
p1_W_E.368,1400.0,139.89,47.0,4,453.42
p1_N1_S1.156,1560.0,6.1,0.0,0,149.11
p1_W_E.369,1404.0,142.3,46.0,5,460.59
p1_S1_E.48,1443.0,105.01,61.0,3,402.47
p1_S1_N1.155,1550.0,11.95,0.0,0,179.56
p1_S1_N1.156,1560.0,11.65,0.0,0,172.56
p1_S1_E.49,1473.0,67.56,29.0,3,348.97
p1_W_S2.37,1410.0,141.22,61.0,4,438.38
p1_N2_W.48,1443.0,105.05,76.0,3,381.69
p1_N2_W.49,1473.0,84.12,53.0,2,353.4
p1_W_E.370,1407.0,125.21,62.0,4,428.99
p1_W_E.371,1413.0,148.0,58.0,5,443.77
p1_E_W.210,1512.0,42.9,24.0,2,289.58
p1_E_W.211,1520.0,42.07,18.0,2,298.9
p1_W_E.372,1416.0,125.01,59.0,4,433.79
p1_E_N1.51,1530.0,34.52,8.0,2,286.35
p1_E_W.212,1527.0,28.35,9.0,2,256.74
p1_W_E.373,1419.0,147.59,56.0,4,450.85
p1_E_W.213,1534.0,33.48,7.0,1,292.92
p1_W_E.374,1422.0,143.77,55.0,4,453.85
p1_N2_S2.151,1510.0,80.06,57.0,2,288.99
p1_E_W.214,1541.0,28.12,1.0,1,281.66
p1_W_E.375,1425.0,145.07,54.0,4,466.97
p1_N2_S2.152,1520.0,72.3,51.0,2,278.11
p1_S2_N2.154,1540.0,44.32,33.0,1,223.5
p1_S2_N2.155,1550.0,44.16,29.0,1,233.32
p1_E_W.215,1548.0,16.55,0.0,0,223.32
p1_N2_S2.153,1530.0,62.0,41.0,1,261.0
p1_S2_N2.156,1560.0,33.25,19.0,1,227.88
p1_E_W.216,1556.0,19.52,0.0,0,230.46
p1_S2_N2.157,1570.0,27.72,12.0,1,222.0
p1_E_W.217,1563.0,15.83,0.0,0,224.81
p1_S2_N2.158,1580.0,12.22,0.0,0,168.84
p1_N2_S2.154,1540.0,57.02,39.0,1,242.58
p1_S2_N2.159,1590.0,12.42,0.0,0,167.55
p1_E_N1.52,1560.0,8.64,0.0,0,214.21
p1_E_W.218,1570.0,9.36,0.0,0,220.82
p1_N2_S2.155,1550.0,48.69,34.0,1,225.89
p1_N2_S2.156,1560.0,40.11,26.0,1,220.0
p1_W_E.376,1428.0,158.82,77.0,5,474.49
p1_N2_W.50,1503.0,84.21,64.0,2,343.77
p1_W_E.377,1431.0,162.25,76.0,5,479.39
p1_W_E.378,1434.0,161.0,72.0,5,469.36
p1_W_E.379,1437.0,154.67,71.0,5,465.88
p1_W_E.380,1439.0,160.95,67.0,5,482.23
p1_W_S2.38,1443.0,157.8,63.0,5,467.59
p1_N1_S1.157,1570.0,53.66,41.0,1,238.26
p1_W_E.381,1446.0,156.61,61.0,6,466.35
p1_S1_N1.157,1570.0,52.57,41.0,1,239.64
p1_W_E.382,1459.0,145.49,53.0,4,446.32
p1_S1_N1.158,1580.0,46.35,33.0,1,228.02
p1_S1_N1.159,1590.0,38.7,24.0,1,225.15
p1_N1_S1.158,1580.0,42.94,30.0,1,222.77
p1_N1_S1.159,1590.0,35.42,23.0,1,209.2
p1_N1_S1.160,1600.0,31.29,17.0,1,217.27
p1_S1_N1.160,1600.0,31.82,17.0,1,213.67
p1_W_E.383,1463.0,133.36,54.0,5,433.04
p1_N1_S1.161,1610.0,20.89,6.0,1,194.89
p1_N1_S1.162,1620.0,15.96,0.0,0,193.78
p1_S1_N1.161,1610.0,21.32,7.0,1,192.76
p1_W_E.384,1467.0,127.35,53.0,4,411.57
p1_S1_N1.162,1620.0,19.66,1.0,1,189.91
p1_S1_E.50,1503.0,106.16,61.0,3,381.09
p1_S1_N1.163,1630.0,11.4,0.0,0,185.43
p1_S1_E.51,1533.0,86.1,33.0,3,378.29
p1_N1_S1.163,1630.0,5.88,0.0,0,147.41
p1_S1_E.52,1563.0,60.25,16.0,1,317.72
p1_W_E.385,1470.0,154.98,63.0,5,469.33
p1_N2_W.51,1533.0,91.63,62.0,2,368.44
p1_W_E.386,1473.0,141.96,60.0,4,463.06
p1_W_E.387,1476.0,147.79,60.0,4,469.06
p1_W_E.388,1479.0,138.59,60.0,4,435.87
p1_N2_W.52,1563.0,58.21,35.0,2,309.01
p1_W_E.389,1482.0,150.48,60.0,4,460.8
p1_W_S2.39,1488.0,137.94,54.0,5,470.49
p1_E_W.219,1577.0,47.31,27.0,2,292.41
p1_E_W.220,1584.0,47.0,22.0,2,293.95
p1_E_N1.53,1590.0,43.27,18.0,2,294.67
p1_W_E.390,1485.0,149.38,56.0,4,470.88
p1_W_E.391,1491.0,144.99,53.0,4,469.63
p1_E_W.221,1593.0,42.82,15.0,2,292.73
p1_E_W.222,1599.0,38.58,11.0,2,291.23
p1_N2_S2.157,1570.0,87.36,67.0,2,295.87
p1_E_W.223,1606.0,33.36,5.0,2,276.89
p1_S2_N2.160,1600.0,57.24,46.0,1,246.4
p1_N2_S2.158,1580.0,83.22,60.0,2,297.56
p1_E_W.224,1613.0,28.2,3.0,1,271.98
p1_S2_N2.161,1610.0,48.21,36.0,1,226.72
p1_N2_S2.159,1590.0,74.94,50.0,2,291.31
p1_S2_N2.162,1620.0,45.97,31.0,1,238.95
p1_E_W.225,1620.0,18.13,2.0,1,229.33
p1_E_N1.54,1623.0,22.92,1.0,1,237.87
p1_S2_N2.163,1630.0,37.77,22.0,1,218.71
p1_S2_N2.164,1640.0,23.33,11.0,1,187.87
p1_E_W.226,1628.0,14.91,0.0,0,224.02
p1_S2_N2.165,1650.0,23.34,6.0,1,201.44
p1_N2_S2.160,1600.0,62.11,44.0,1,251.84
p1_S2_N2.166,1660.0,15.18,0.0,0,189.54
p1_N2_S2.161,1610.0,61.59,44.0,1,257.58
p1_E_W.227,1635.0,8.17,0.0,0,200.72
p1_E_W.228,1642.0,13.98,0.0,0,217.0
p1_S2_N2.167,1670.0,6.85,0.0,0,168.61
p1_N2_S2.162,1620.0,58.43,38.0,1,262.68
p1_N2_S2.163,1630.0,47.93,30.0,1,246.01
p1_N2_S2.164,1640.0,41.76,23.0,1,237.6
p1_N2_S2.165,1650.0,33.39,15.0,1,224.11
p1_W_E.392,1494.0,172.52,79.0,8,493.79
p1_N2_W.53,1593.0,74.07,47.0,2,324.53
p1_W_E.393,1497.0,171.3,75.0,5,506.97
p1_W_E.394,1500.0,170.05,77.0,6,498.11
p1_W_E.395,1503.0,168.96,74.0,5,489.67
p1_N1_S1.164,1640.0,54.28,44.0,1,251.05
p1_W_E.396,1506.0,167.74,69.0,6,480.2
p1_N1_S1.165,1650.0,46.36,35.0,1,229.98
p1_N1_S1.166,1660.0,38.33,27.0,1,220.26
p1_W_E.397,1509.0,162.43,68.0,6,476.95
p1_N1_S1.167,1670.0,30.05,17.0,1,207.54
p1_W_E.398,1512.0,168.05,67.0,6,491.59
p1_W_E.399,1515.0,166.88,63.0,6,505.19
p1_S1_N1.164,1640.0,46.81,33.0,1,224.75
p1_S1_N1.165,1650.0,55.03,33.0,1,235.31
p1_S1_N1.166,1660.0,46.67,29.0,1,234.51
p1_W_S2.40,1530.0,154.95,61.0,5,470.33
p1_S1_N1.167,1670.0,38.51,19.0,1,221.46
p1_W_E.400,1527.0,146.6,62.0,6,449.61
p1_S1_N1.168,1680.0,30.25,11.0,1,218.73
p1_W_E.401,1533.0,148.33,63.0,6,459.83
p1_N1_S1.168,1680.0,14.64,2.0,1,178.93
p1_N1_S1.169,1690.0,22.7,2.0,1,193.37
p1_S1_N1.169,1690.0,21.89,5.0,1,206.14
p1_W_E.402,1536.0,153.3,62.0,7,460.34
p1_N1_S1.170,1700.0,14.54,0.0,0,174.88
p1_S1_N1.170,1700.0,10.03,0.0,0,163.42
p1_W_E.403,1539.0,144.29,61.0,6,446.59
p1_N2_W.54,1623.0,72.8,51.0,2,333.29
p1_S1_E.53,1593.0,103.23,55.0,3,386.4
p1_S1_E.54,1623.0,69.28,25.0,2,333.41
p1_N2_W.55,1653.0,44.18,19.0,2,292.27
p1_W_E.404,1542.0,147.72,72.0,4,443.12
p1_W_E.405,1546.0,155.69,68.0,5,469.74
p1_W_E.406,1549.0,144.92,69.0,4,451.62
p1_E_W.229,1649.0,43.57,24.0,2,278.06
p1_W_E.407,1552.0,147.97,67.0,5,460.54
p1_E_W.230,1656.0,49.99,21.0,2,288.17
p1_W_E.408,1555.0,152.21,62.0,6,478.64
p1_E_N1.55,1652.0,44.07,22.0,2,289.74
p1_W_E.409,1558.0,150.7,62.0,7,488.66
p1_W_E.410,1561.0,149.69,62.0,6,481.54
p1_W_S2.41,1564.0,144.19,62.0,5,460.45
p1_E_N1.56,1681.0,32.01,4.0,1,271.57
p1_E_W.231,1664.0,31.87,13.0,2,256.11
p1_N2_S2.166,1660.0,75.48,55.0,2,291.06
p1_S2_N2.168,1680.0,56.01,45.0,1,237.97
p1_E_W.232,1671.0,37.49,10.0,1,279.23
p1_N2_S2.167,1670.0,66.35,46.0,1,267.25
p1_E_W.233,1678.0,39.36,7.0,1,286.23
p1_S2_N2.169,1690.0,47.07,36.0,1,229.81
p1_E_W.234,1685.0,34.04,2.0,1,286.91
p1_S2_N2.170,1700.0,40.76,26.0,1,224.04
p1_N2_S2.168,1680.0,60.44,46.0,1,255.85
p1_E_W.235,1692.0,28.88,0.0,0,290.67
p1_S2_N2.171,1710.0,32.46,17.0,1,203.38
p1_E_W.236,1700.0,22.66,0.0,0,258.99
p1_S2_N2.172,1720.0,24.08,9.0,1,198.64
p1_N2_S2.169,1690.0,52.43,38.0,1,237.69
p1_E_W.237,1707.0,15.91,0.0,0,230.55
p1_S2_N2.173,1730.0,15.94,2.0,1,183.91
p1_N2_S2.170,1700.0,47.62,33.0,1,234.3
p1_S2_N2.174,1740.0,7.88,0.0,0,163.49
p1_E_W.238,1714.0,13.26,0.0,0,217.81
p1_E_N1.57,1710.0,8.51,0.0,0,210.44
p1_E_W.239,1721.0,8.07,0.0,0,202.69
p1_N2_S2.171,1710.0,33.86,21.0,1,200.63
p1_N2_S2.172,1720.0,33.7,17.0,1,226.39
p1_W_E.411,1567.0,164.87,82.0,6,500.51
p1_W_E.412,1570.0,172.0,80.0,6,507.06
p1_W_E.413,1573.0,170.67,77.0,5,521.02
p1_N1_S1.171,1710.0,55.49,45.0,1,242.92
p1_W_E.414,1576.0,165.87,76.0,6,497.78
p1_S1_N1.171,1710.0,54.32,43.0,1,244.54
p1_N1_S1.172,1720.0,48.24,35.0,1,235.19
p1_W_E.415,1579.0,168.42,73.0,5,506.15
p1_S1_N1.172,1720.0,49.62,37.0,1,237.01
p1_W_E.416,1582.0,167.1,73.0,7,497.93
p1_N1_S1.173,1730.0,39.63,28.0,1,216.33
p1_S1_N1.173,1730.0,41.69,30.0,1,225.56
p1_W_E.417,1602.0,145.43,63.0,6,444.85
p1_N1_S1.174,1740.0,29.7,16.0,1,198.27
p1_S1_N1.174,1740.0,33.37,19.0,1,212.22
p1_W_E.418,1605.0,147.55,62.0,4,460.22
p1_N1_S1.175,1750.0,24.16,10.0,1,200.99
p1_W_E.419,1608.0,146.25,58.0,5,458.37
p1_N1_S1.176,1760.0,14.31,1.0,1,179.41
p1_W_E.420,1611.0,145.0,56.0,6,466.43
p1_W_S2.42,1614.0,143.04,57.0,4,453.7
p1_N1_S1.177,1770.0,6.42,0.0,0,148.59
p1_S1_E.55,1653.0,101.64,60.0,4,383.87
p1_S1_N1.175,1750.0,24.08,10.0,1,201.17
p1_S1_E.56,1683.0,72.52,33.0,3,337.46
p1_S1_N1.176,1760.0,20.93,4.0,1,198.4
p1_W_E.421,1617.0,147.11,68.0,5,475.56
p1_W_E.422,1620.0,147.04,68.0,5,473.12
p1_S1_N1.177,1770.0,14.96,0.0,0,194.77
p1_N2_W.56,1683.0,83.85,62.0,2,342.92
p1_W_E.423,1623.0,145.8,64.0,5,481.93
p1_N2_W.57,1713.0,55.8,30.0,2,312.34
p1_W_E.424,1626.0,144.55,60.0,5,481.81
p1_E_W.240,1728.0,43.1,25.0,2,291.0
p1_W_E.425,1629.0,143.31,62.0,5,492.18
p1_E_W.241,1736.0,33.07,13.0,2,270.42
p1_W_E.426,1633.0,132.13,61.0,5,427.88
p1_W_E.427,1636.0,140.45,57.0,5,462.14
p1_E_W.242,1743.0,34.86,10.0,2,279.07
p1_W_E.428,1639.0,140.15,53.0,7,457.64
p1_E_N1.58,1740.0,32.45,10.0,2,281.7
p1_E_W.243,1750.0,26.91,4.0,2,265.55
p1_W_S2.43,1648.0,132.87,44.0,4,416.89
p1_E_W.244,1757.0,25.8,0.0,0,272.87
p1_W_E.429,1642.0,125.91,49.0,5,391.57
p1_W_E.430,1645.0,140.08,45.0,6,426.49
p1_E_W.245,1764.0,20.53,0.0,0,254.16
p1_E_N1.59,1770.0,15.71,0.0,0,233.3
p1_W_E.431,1651.0,135.9,43.0,5,425.16
p1_E_W.246,1773.0,14.93,0.0,0,228.6
p1_E_W.247,1779.0,10.64,0.0,0,214.71
p1_N2_S2.173,1730.0,80.86,61.0,2,292.17
p1_N2_S2.174,1740.0,73.88,52.0,2,287.38
p1_S2_N2.175,1750.0,58.25,45.0,1,242.57
p1_N2_S2.175,1750.0,67.06,49.0,1,266.45
p1_S2_N2.176,1760.0,54.34,40.0,1,242.68
p1_N2_S2.176,1760.0,58.83,46.0,1,259.07
p1_N2_S2.177,1770.0,50.68,39.0,1,234.19
p1_S2_N2.177,1770.0,47.88,34.0,1,240.88
p1_S2_N2.178,1780.0,41.84,25.0,1,234.51
p1_S2_N2.179,1790.0,33.65,15.0,1,222.94
p1_N2_S2.178,1780.0,45.5,30.0,1,232.14
p1_E_W.248,1786.0,7.23,0.0,0,203.18
p2_S2_N2.0,1800.0,25.47,9.0,1,220.39
p1_E_W.249,1793.0,12.05,0.0,0,202.34
p1_N2_S2.179,1790.0,36.26,22.0,1,210.65
p2_E_W.0,1800.0,6.89,0.0,0,194.51
p2_N2_S2.0,1800.0,30.6,15.0,1,216.32
p1_W_E.432,1663.0,150.97,63.0,4,449.78
p1_W_E.433,1666.0,149.76,61.0,5,447.84
p1_W_E.434,1669.0,148.54,59.0,5,451.37
p1_W_E.435,1672.0,147.53,58.0,5,456.7
p1_S1_N1.178,1780.0,62.63,51.0,1,254.69
p1_N1_S1.178,1780.0,57.48,48.0,1,242.88
p1_S1_N1.179,1790.0,52.29,41.0,1,239.41
p1_N1_S1.179,1790.0,50.09,38.0,1,234.68
p2_S1_N1.0,1800.0,48.91,36.0,1,253.73
p2_N1_S1.0,1800.0,50.06,33.0,1,248.52
p2_S1_N1.1,1810.0,35.55,24.0,1,211.44
p1_W_E.436,1675.0,130.93,54.0,4,418.13
p2_S1_N1.2,1820.0,33.7,18.0,1,221.59
p1_S1_E.57,1713.0,119.78,70.0,3,391.49
p1_S1_E.58,1743.0,82.54,40.0,3,373.78
p1_W_E.437,1678.0,158.75,63.0,4,473.54
p1_W_S2.44,1690.0,145.8,59.0,5,464.81
p2_S1_N1.3,1830.0,18.04,6.0,1,184.94
p2_S1_N1.4,1840.0,13.07,0.0,0,173.83
p1_W_E.438,1681.0,134.55,63.0,6,436.09
p1_W_E.439,1684.0,157.0,59.0,4,452.07
p2_S1_N1.5,1850.0,12.12,0.0,0,174.33
p2_N1_S1.1,1810.0,53.11,33.0,2,243.77
p1_W_E.440,1687.0,155.73,59.0,5,466.29
p2_N1_S1.2,1820.0,44.91,26.0,2,231.36
p2_S1_N1.6,1860.0,5.04,0.0,0,150.06
p1_W_E.441,1693.0,149.1,56.0,5,474.42
p2_N1_S1.3,1830.0,37.48,17.0,2,216.75
p1_W_E.442,1696.0,150.29,55.0,4,471.28
p1_W_E.443,1699.0,133.16,53.0,5,433.66
p1_W_E.444,1702.0,132.2,49.0,4,426.38
p2_N1_S1.4,1840.0,32.16,8.0,2,212.74
p1_W_E.445,1705.0,141.17,50.0,4,453.88
p2_N1_S1.5,1850.0,24.03,5.0,1,192.68
p1_W_E.446,1708.0,146.57,47.0,4,459.76
p1_W_E.447,1711.0,136.95,49.0,5,449.48
p2_S2_N2.1,1810.0,65.96,44.0,2,274.77
p1_N2_W.58,1743.0,114.84,86.0,2,403.96
p2_S2_N2.2,1820.0,59.77,41.0,2,250.24
p1_N2_W.59,1773.0,87.22,65.0,2,360.02
p2_S2_N2.3,1830.0,51.85,37.0,1,248.07
p2_S2_W.0,1803.0,58.48,34.0,3,323.14
p2_N2_S2.1,1810.0,59.68,41.0,1,258.14
p2_N2_S2.2,1820.0,68.72,40.0,1,281.54
p2_N2_S2.3,1830.0,60.53,38.0,1,259.96
p2_N2_S2.4,1840.0,44.73,28.0,1,245.03
p2_N2_S2.5,1850.0,44.18,22.0,1,248.78
p2_N2_S2.6,1860.0,36.06,14.0,1,231.15
p2_N2_S2.7,1870.0,27.68,6.0,1,218.15
p2_N2_S2.8,1880.0,18.83,0.0,0,211.36
p1_W_E.448,1714.0,165.28,69.0,5,475.87
p1_W_S2.45,1723.0,162.29,60.0,5,461.32
p1_W_E.449,1717.0,150.36,66.0,5,462.41
p2_E_S1.0,1803.0,85.8,59.0,3,362.76
p1_W_E.450,1720.0,170.75,61.0,6,471.89
p2_N1_S1.6,1860.0,53.62,34.0,2,251.29
p1_W_E.451,1735.0,147.62,54.0,4,437.85
p2_S1_N1.7,1870.0,41.83,31.0,1,225.98
p2_S1_N1.8,1880.0,36.41,23.0,1,214.5
p2_S1_N1.9,1890.0,28.5,14.0,1,216.07
p2_S1_N1.10,1900.0,18.57,5.0,1,181.58
p1_W_E.452,1738.0,133.95,53.0,4,417.72
p2_S1_N1.11,1910.0,12.37,0.0,0,184.19
p1_W_E.453,1742.0,144.87,53.0,4,440.73
p2_S1_N1.12,1920.0,5.23,0.0,0,151.08
p1_W_E.454,1746.0,157.82,53.0,4,456.43
p1_W_E.455,1749.0,153.87,50.0,4,444.29
p1_W_E.456,1752.0,155.78,49.0,4,460.31
p1_W_E.457,1755.0,154.57,48.0,4,464.74
p2_N1_S1.7,1870.0,61.68,41.0,2,259.76
p1_S1_E.59,1773.0,138.16,80.0,3,461.65
p2_N1_E.0,1803.0,105.23,57.0,3,414.22
p2_E_W.1,1806.0,108.1,76.0,4,388.01
p2_N1_E.1,1833.0,81.5,28.0,3,358.05
p1_W_S2.46,1767.0,144.34,65.0,4,460.95
p1_W_E.458,1758.0,158.73,71.0,4,491.48
p1_W_E.459,1761.0,151.33,70.0,6,471.39
p1_W_E.460,1764.0,147.78,67.0,4,463.86
p1_W_E.461,1770.0,152.42,65.0,4,483.37
p1_W_E.462,1773.0,151.15,63.0,4,488.14
p1_W_E.463,1776.0,149.79,61.0,4,468.24
p2_E_W.2,1809.0,92.79,61.0,4,354.57
p1_W_E.464,1779.0,148.55,59.0,5,460.05
p2_E_W.3,1812.0,115.07,60.0,4,386.74
p2_E_W.4,1815.0,112.17,57.0,4,389.84
p1_W_E.465,1782.0,147.25,58.0,4,463.63
p1_W_E.466,1785.0,145.96,55.0,5,456.43
p2_E_W.5,1818.0,103.02,56.0,4,394.54
p1_W_E.467,1788.0,141.39,57.0,4,448.01
p2_E_W.6,1821.0,109.66,53.0,5,402.56
p2_E_W.7,1824.0,104.56,52.0,4,390.99
p2_E_W.8,1827.0,104.54,49.0,4,385.76
p1_W_E.468,1791.0,125.91,54.0,4,397.22
p2_E_W.9,1830.0,107.71,50.0,4,384.86
p1_W_E.469,1807.0,126.38,49.0,3,395.0
p1_W_S2.47,1818.0,114.08,44.0,3,396.45
p2_E_W.10,1833.0,103.15,48.0,4,370.18
p1_W_E.470,1814.0,125.96,45.0,4,398.73
p2_N2_S2.9,1890.0,73.76,62.0,1,273.24
p2_S2_N2.4,1840.0,119.74,101.0,3,343.09
p2_N2_S2.10,1900.0,66.05,53.0,1,260.17
p2_E_S1.1,1836.0,106.74,52.0,5,382.92
p2_S2_N2.5,1850.0,118.26,95.0,3,345.0
p2_N1_S1.8,1880.0,87.6,65.0,3,291.13
p2_S1_N1.13,1930.0,39.04,28.0,1,217.24
p2_S2_N2.6,1860.0,109.97,87.0,3,343.56
p2_N1_S1.9,1890.0,81.26,53.0,3,285.13
p2_S1_N1.14,1940.0,30.94,18.0,1,209.26
p2_N2_S2.11,1910.0,53.76,40.0,1,241.82
p2_N2_S2.12,1920.0,51.39,36.0,1,242.15
p2_N2_S2.13,1930.0,46.06,29.0,1,235.25
p2_N2_S2.14,1940.0,28.77,15.0,1,201.19
p2_S1_N1.15,1950.0,16.3,3.0,1,175.85
p2_N2_S2.15,1950.0,30.93,11.0,1,213.7
p2_N2_S2.16,1960.0,22.72,2.0,1,195.65
p2_S1_N1.16,1960.0,18.5,0.0,0,185.25
p2_N1_S1.10,1900.0,81.68,49.0,4,289.52
p2_N2_S2.17,1970.0,14.4,0.0,0,190.46
p2_S1_N1.17,1970.0,14.33,0.0,0,179.8
p2_S2_N2.7,1870.0,113.96,77.0,4,333.72
p2_N1_S1.11,1910.0,76.12,39.0,4,282.63
p2_S1_N1.18,1980.0,6.73,0.0,0,160.5
p2_N2_S2.18,1980.0,5.72,0.0,0,151.26
p2_N1_S1.12,1920.0,67.9,35.0,3,265.81
p2_S2_N2.8,1880.0,103.89,69.0,3,322.96
p2_S2_N2.9,1890.0,101.7,68.0,3,309.95
p2_N1_S1.13,1930.0,62.6,30.0,2,259.22
p2_N1_S1.14,1940.0,54.39,27.0,1,235.27
p2_N1_S1.15,1950.0,46.06,23.0,1,238.94
p2_S1_N1.19,1990.0,5.9,0.0,0,156.97
p2_N1_E.2,1863.0,111.35,74.0,3,411.48
p1_W_E.471,1821.0,154.24,91.0,4,467.68
p2_N1_S1.16,1960.0,41.59,15.0,1,230.03
p2_N1_S1.17,1970.0,33.52,6.0,1,217.43
p1_W_E.472,1824.0,149.99,88.0,6,470.21
p1_W_E.473,1827.0,153.69,86.0,6,471.97
p1_W_E.474,1830.0,155.68,82.0,5,492.11
p2_N1_S1.18,1980.0,23.49,0.0,0,202.83
p1_W_E.475,1833.0,154.51,80.0,4,487.16
p1_W_E.476,1836.0,153.33,77.0,4,483.36
p2_E_W.11,1839.0,148.97,88.0,6,448.24
p1_W_E.477,1839.0,149.79,75.0,4,487.09
p1_W_E.478,1842.0,150.88,77.0,4,469.75
p1_W_E.479,1845.0,148.99,76.0,4,470.32
p1_W_E.480,1849.0,142.65,74.0,5,436.28
p1_W_S2.48,1852.0,144.57,73.0,4,449.05
p2_E_W.12,1842.0,133.94,81.0,5,426.49
p2_E_W.13,1845.0,158.17,79.0,5,444.01
p2_N2_S2.19,1990.0,34.05,24.0,1,211.69
p2_E_W.14,1848.0,148.27,78.0,5,466.4
p2_E_W.15,1851.0,155.56,77.0,5,463.29
p2_S2_N2.10,1900.0,121.72,89.0,3,347.74
p2_N2_S2.20,2000.0,23.82,13.0,1,196.09
p2_E_W.16,1854.0,154.26,74.0,5,473.68
p2_S2_N2.11,1910.0,112.98,81.0,3,329.64
p2_N2_S2.21,2010.0,20.76,8.0,1,200.75
p2_E_W.17,1857.0,153.05,73.0,5,488.58
p2_S2_N2.12,1920.0,112.15,77.0,2,347.57
p2_S2_W.1,1833.0,178.0,112.0,5,548.16
p2_E_W.18,1860.0,153.56,89.0,4,504.1
p2_E_W.19,1863.0,151.48,87.0,6,506.24
p2_N2_S2.22,2020.0,6.3,0.0,0,148.87
p2_E_W.20,1866.0,150.87,82.0,4,508.91
p2_N2_S2.23,2030.0,8.77,0.0,0,153.83
p2_N2_S2.24,2040.0,5.99,0.0,0,153.28
p2_E_S1.2,1869.0,157.12,93.0,5,489.44
p1_W_E.481,1855.0,176.04,99.0,5,494.28
p2_S1_N1.20,2000.0,46.65,35.0,1,225.74
p1_W_E.482,1858.0,172.06,101.0,5,485.76
p2_S1_N1.21,2010.0,46.61,30.0,1,238.4
p1_W_E.483,1861.0,175.3,99.0,5,490.99
p2_S1_N1.22,2020.0,38.47,22.0,1,228.77
p1_W_E.484,1876.0,154.88,93.0,5,459.25
p2_S1_N1.23,2030.0,21.63,9.0,1,191.15
p2_N1_E.3,1893.0,147.98,96.0,6,482.47
p2_S1_N1.24,2040.0,18.65,1.0,1,192.51
p2_N1_E.4,1923.0,119.74,66.0,5,445.21
p2_S1_N1.25,2050.0,15.4,0.0,0,189.97
p2_N1_E.5,1953.0,91.5,43.0,2,400.66
p2_N1_S1.19,1990.0,76.02,48.0,2,284.53
p1_W_E.485,1879.0,167.75,105.0,6,495.14
p2_N1_S1.20,2000.0,67.49,45.0,2,265.97
p2_S1_N1.26,2060.0,5.64,0.0,0,148.66
p1_W_E.486,1882.0,166.52,100.0,5,500.38
p1_W_E.487,1885.0,165.16,98.0,4,507.79
p2_N1_S1.21,2010.0,57.2,41.0,2,236.77
p1_W_E.488,1888.0,164.01,97.0,4,497.15
p2_N1_S1.22,2020.0,53.94,34.0,2,243.33
p1_W_E.489,1890.0,163.7,95.0,5,507.93
p2_N1_S1.23,2030.0,45.76,24.0,2,226.71
p1_W_E.490,1894.0,160.3,92.0,4,502.9
p2_N1_S1.24,2040.0,37.48,16.0,2,216.27
p2_S1_N1.27,2070.0,6.02,0.0,0,146.8
p1_W_S2.49,1897.0,159.38,92.0,5,480.04
p1_W_E.491,1900.0,146.92,88.0,4,456.52
p2_E_W.21,1872.0,193.32,125.0,7,548.82
p1_W_E.492,1903.0,161.88,86.0,4,467.67
p2_E_W.22,1875.0,192.23,121.0,9,526.82
p1_W_E.493,1906.0,161.25,85.0,5,486.31
p2_E_W.23,1878.0,191.28,121.0,7,529.76
p1_W_E.494,1909.0,161.01,86.0,6,508.13
p2_E_W.24,1881.0,190.44,119.0,7,529.42
p1_W_E.495,1912.0,150.16,86.0,6,490.87
p1_W_E.496,1915.0,159.54,86.0,5,492.27
p2_E_W.25,1884.0,186.25,113.0,7,523.12
p1_W_E.497,1918.0,158.27,84.0,5,491.1
p1_W_E.498,1921.0,156.93,83.0,5,489.24
p1_W_E.499,1924.0,154.42,79.0,4,505.14
p2_E_W.26,1887.0,181.45,114.0,8,511.8
p2_E_W.27,1890.0,191.39,107.0,6,526.5
p2_E_W.28,1893.0,190.08,101.0,6,521.58
p2_E_W.29,1897.0,187.88,99.0,6,533.17
p1_W_E.500,1927.0,133.87,77.0,4,440.37
p2_E_W.30,1900.0,173.73,95.0,8,489.81
p2_N1_E.6,1983.0,101.25,52.0,3,369.18
p2_N1_E.7,2013.0,77.55,38.0,2,339.15
p2_E_S1.3,1903.0,192.71,101.0,7,535.62
p2_N2_S2.25,2050.0,62.03,51.0,1,257.27
p2_N2_S2.26,2060.0,60.57,45.0,1,252.63
p2_N1_S1.25,2050.0,70.11,41.0,2,270.77
p2_S1_N1.28,2080.0,41.06,29.0,1,225.91
p2_N2_S2.27,2070.0,49.11,36.0,1,228.11
p2_N1_S1.26,2060.0,63.24,40.0,2,267.23
p2_N2_S2.28,2080.0,44.09,29.0,1,228.54
p2_N1_S1.27,2070.0,55.2,33.0,1,250.98
p2_N2_S2.29,2090.0,35.9,21.0,1,222.73
p2_S1_N1.29,2090.0,28.63,17.0,1,199.98
p2_N2_S2.30,2100.0,27.58,13.0,1,222.7
p2_S1_N1.30,2100.0,28.74,12.0,1,210.33
p2_N2_S2.31,2110.0,19.29,4.0,1,210.1
p2_S1_N1.31,2110.0,20.47,4.0,1,203.44
p2_N2_S2.32,2120.0,7.16,0.0,0,154.6
p2_N1_S1.28,2080.0,47.94,31.0,1,226.94
p2_N1_S1.29,2090.0,44.72,29.0,1,235.04
p2_S2_N2.13,1930.0,204.26,159.0,4,477.82
p2_N1_S1.30,2100.0,34.86,17.0,1,222.82
p2_S2_N2.14,1940.0,197.06,151.0,3,464.87
p2_S2_N2.15,1950.0,185.38,139.0,3,429.68
p2_N2_S2.33,2130.0,6.31,0.0,0,151.56
p2_S1_N1.32,2120.0,6.73,0.0,0,159.89
p2_S1_N1.33,2130.0,14.67,0.0,0,166.59
p2_S2_N2.16,1960.0,180.89,129.0,3,430.97
p2_N1_S1.31,2110.0,27.12,9.0,1,202.93
p2_S1_N1.34,2140.0,6.48,0.0,0,150.81
p2_N1_S1.32,2120.0,28.29,6.0,1,210.92
p1_W_S2.50,1930.0,198.68,126.0,5,525.59
p2_N1_S1.33,2130.0,20.16,0.0,0,208.5
p2_E_W.31,1906.0,226.07,125.0,9,592.15
p2_E_W.32,1909.0,225.56,126.0,9,581.75
p2_N1_E.8,2043.0,68.33,41.0,3,320.97
p1_W_E.501,1933.0,204.07,122.0,5,527.7
p2_E_W.33,1912.0,224.44,123.0,8,575.65
p2_E_W.34,1915.0,223.13,129.0,9,590.41
p1_W_E.502,1936.0,201.62,123.0,5,540.72
p1_W_E.503,1939.0,201.57,122.0,6,538.73
p1_W_E.504,1942.0,200.16,120.0,6,562.95
p2_S2_W.2,1863.0,273.65,180.0,10,648.83
p2_S2_W.3,1893.0,243.06,158.0,8,598.57
p1_W_E.505,1967.0,160.08,100.0,4,469.01
p1_W_E.506,1970.0,175.38,97.0,4,494.44
p2_E_W.35,1918.0,221.15,140.0,7,573.68
p2_E_W.36,1921.0,228.0,135.0,6,594.92
p1_W_E.507,1973.0,170.99,96.0,4,512.48
p1_W_E.508,1976.0,174.04,93.0,5,530.36
p2_E_W.37,1924.0,226.73,134.0,6,604.63
p1_W_S2.51,1986.0,165.67,94.0,6,507.78
p1_W_E.509,1980.0,172.88,94.0,5,534.67
p1_W_E.510,1983.0,171.63,93.0,4,537.81
p2_E_W.38,1927.0,214.57,133.0,6,562.64
p1_W_E.511,1989.0,165.23,91.0,4,522.85
p2_E_W.39,1930.0,226.44,129.0,5,592.98
p2_E_W.40,1933.0,225.14,130.0,6,594.69
p1_W_E.512,1992.0,164.1,89.0,4,518.99
p1_W_E.513,1995.0,165.13,92.0,4,506.83
p2_N1_E.9,2073.0,83.46,49.0,2,377.69
p2_N1_E.10,2103.0,49.58,20.0,2,301.08
p2_N1_E.11,2133.0,33.68,2.0,1,286.89
p1_W_E.514,1998.0,171.11,99.0,4,533.09
p1_W_E.515,2001.0,169.7,97.0,4,515.76
p1_W_E.516,2004.0,166.17,95.0,4,517.81
p2_S1_N1.35,2150.0,44.34,30.0,1,229.52
p2_E_S1.4,1936.0,226.52,139.0,6,597.62
p1_W_E.517,2007.0,167.34,95.0,4,523.09
p2_N1_S1.34,2140.0,56.76,37.0,1,255.77
p2_S1_N1.36,2160.0,36.32,22.0,1,215.43
p1_W_E.518,2010.0,166.1,89.0,4,513.08
p2_N1_S1.35,2150.0,43.98,30.0,1,235.03
p1_W_E.519,2023.0,154.84,86.0,4,521.76
p2_N1_S1.36,2160.0,40.21,22.0,1,227.89
p2_S1_N1.37,2170.0,27.48,12.0,1,197.02
p1_W_E.520,2027.0,152.55,85.0,3,512.3
p1_W_S2.52,2030.0,149.44,83.0,3,481.77
p1_W_E.521,2033.0,147.84,84.0,4,478.77
p2_S1_N1.38,2180.0,18.79,3.0,1,191.47
p2_S1_N1.39,2190.0,14.68,0.0,0,181.14
p2_S1_N1.40,2200.0,5.47,0.0,0,150.47
p1_W_E.522,2036.0,136.42,85.0,4,459.79
p2_S2_N2.17,1970.0,241.47,183.0,4,532.26
p2_N1_S1.37,2170.0,41.54,22.0,2,222.29
p2_N1_S1.38,2180.0,33.34,12.0,2,219.03
p2_N2_S2.34,2140.0,69.11,58.0,1,263.03
p2_N2_S2.35,2150.0,66.66,52.0,1,276.25
p2_N1_S1.39,2190.0,26.13,3.0,1,207.39
p2_S1_N1.41,2210.0,5.96,0.0,0,154.97
p2_N2_S2.36,2160.0,58.44,43.0,1,262.86
p2_N2_S2.37,2170.0,46.48,33.0,1,231.44
p2_S2_N2.18,1980.0,226.61,171.0,3,505.98
p2_N2_S2.38,2180.0,39.41,24.0,1,227.97
p2_N2_S2.39,2190.0,33.76,18.0,1,227.01
p2_E_W.41,1939.0,263.89,161.0,8,637.79
p2_N2_S2.40,2200.0,20.76,6.0,1,189.97
p2_N2_S2.41,2210.0,18.75,1.0,1,191.39
p2_E_W.42,1942.0,255.33,162.0,9,621.4
p2_E_W.43,1945.0,266.94,164.0,7,642.27
p2_E_W.44,1948.0,265.73,157.0,7,657.32
p2_N2_S2.42,2220.0,6.45,0.0,0,154.1
p2_E_W.45,1951.0,254.63,157.0,8,624.75
p1_W_E.523,2038.0,179.74,113.0,4,523.91
p2_E_W.46,1954.0,263.5,154.0,7,645.86
p2_E_W.47,1957.0,262.17,152.0,10,646.91
p1_W_E.524,2042.0,176.56,111.0,4,528.21
p2_E_W.48,1960.0,260.9,147.0,7,661.61
p2_E_W.49,1963.0,259.72,147.0,9,644.58
p2_E_W.50,1966.0,256.69,142.0,9,634.95
p1_W_E.525,2045.0,170.44,107.0,4,507.63
p1_W_E.526,2048.0,179.6,107.0,4,511.7
p1_W_E.527,2051.0,169.14,103.0,5,491.5
p1_W_E.528,2054.0,172.78,105.0,5,487.83
p1_W_E.529,2057.0,176.11,101.0,5,501.82
p1_W_E.530,2060.0,174.86,99.0,5,496.29
p2_N1_E.12,2163.0,73.11,45.0,3,359.91
p1_W_S2.53,2063.0,175.29,110.0,6,514.66
p2_N1_E.13,2193.0,44.71,10.0,2,319.56
p1_W_E.531,2065.0,172.85,105.0,7,495.7
p2_E_S1.5,1969.0,265.03,153.0,9,637.9
p1_W_E.532,2101.0,141.18,78.0,4,455.19
p2_S1_N1.42,2220.0,43.23,30.0,1,222.03
p1_W_E.533,2104.0,140.94,76.0,3,467.56
p2_N1_S1.40,2200.0,66.37,41.0,2,261.28
p2_S1_N1.43,2230.0,35.01,21.0,1,213.7
p1_W_E.534,2107.0,139.64,75.0,4,472.51
p2_N1_S1.41,2210.0,58.16,37.0,1,256.6
p2_S1_N1.44,2240.0,29.02,14.0,1,210.64
p1_W_E.535,2110.0,138.51,74.0,3,463.3
p2_N1_S1.42,2220.0,46.84,33.0,1,235.73
p2_S1_N1.45,2250.0,20.31,8.0,1,206.94
p1_W_E.536,2113.0,134.87,72.0,3,464.25
p2_S1_N1.46,2260.0,12.59,0.0,0,185.32
p2_S1_N1.47,2270.0,5.53,0.0,0,145.3
p1_W_E.537,2116.0,125.05,72.0,4,408.52
p1_W_E.538,2119.0,140.67,69.0,3,448.17
p2_N1_S1.43,2230.0,51.49,28.0,2,235.27
p2_N2_S2.43,2230.0,52.69,41.0,1,234.17
p1_W_E.539,2122.0,132.89,69.0,4,451.24
p2_N1_S1.44,2240.0,43.39,22.0,2,224.91
p2_N1_S1.45,2250.0,35.52,12.0,2,210.5
p2_S2_N2.19,1990.0,288.08,225.0,5,601.76
p2_N2_S2.44,2240.0,42.16,30.0,1,222.57
p2_S2_N2.20,2000.0,286.02,224.0,5,618.02
p2_N2_S2.45,2250.0,39.34,24.0,1,229.75
p2_S1_N1.48,2280.0,5.06,0.0,0,146.61
p2_S2_N2.21,2010.0,279.43,222.0,5,595.95
p2_N2_S2.46,2260.0,29.52,15.0,1,201.38
p2_N2_S2.47,2270.0,22.74,8.0,1,197.82
p2_E_W.51,1972.0,302.04,176.0,12,695.78
p2_E_W.52,1975.0,301.02,174.0,9,700.74
p2_N2_S2.48,2280.0,8.02,0.0,0,164.75
p2_E_W.53,1978.0,299.78,169.0,9,695.34
p2_N2_S2.49,2290.0,6.22,0.0,0,158.09
p2_S2_N2.22,2020.0,283.6,222.0,6,593.52
p2_S2_W.4,1923.0,350.6,248.0,10,761.28
p2_S2_N2.23,2030.0,275.32,213.0,7,600.27
p2_N2_S2.50,2300.0,5.89,0.0,0,154.46
p2_S2_N2.24,2040.0,267.63,204.0,6,574.6
p2_S2_W.5,1953.0,315.67,215.0,7,704.21
p2_E_W.54,1981.0,308.75,200.0,9,703.56
p2_S2_N2.25,2050.0,262.41,197.0,5,564.34
p2_E_W.55,1984.0,307.54,198.0,9,702.73
p2_E_W.56,1987.0,306.35,192.0,7,710.07
p2_E_W.57,1990.0,305.0,190.0,8,715.17
p2_S2_N2.26,2060.0,252.26,198.0,5,537.08
p2_N2_S2.51,2310.0,6.23,0.0,0,150.3
p2_E_W.58,1993.0,301.81,189.0,8,711.36
p2_S2_N2.27,2070.0,248.03,191.0,6,551.42
p2_E_W.59,1996.0,302.43,184.0,8,712.56
p2_S2_N2.28,2080.0,241.58,178.0,5,529.75
p2_E_W.60,1999.0,297.63,189.0,9,713.29
p2_S2_N2.29,2090.0,233.03,169.0,6,511.11
p2_S2_N2.30,2100.0,225.11,160.0,6,507.57
p2_N2_S2.52,2320.0,5.55,0.0,0,150.68
p2_E_S1.6,2002.0,308.63,192.0,10,720.45
p2_S2_N2.31,2110.0,216.6,153.0,6,493.64
p2_N1_S1.46,2260.0,74.76,44.0,3,275.64
p2_S1_N1.49,2290.0,45.27,33.0,1,230.03
p2_S2_N2.32,2120.0,210.1,145.0,4,488.0
p2_S2_N2.33,2130.0,208.07,135.0,6,481.31
p2_S2_N2.34,2140.0,194.28,124.0,4,455.39
p2_S1_N1.50,2300.0,32.52,19.0,1,201.89
p2_S2_N2.35,2150.0,188.31,117.0,4,445.25
p2_S1_N1.51,2310.0,33.93,14.0,1,221.45
p1_W_E.540,2125.0,198.96,130.0,4,552.56
p2_N1_S1.47,2270.0,58.67,37.0,1,251.38
p2_S1_N1.52,2320.0,24.4,8.0,1,209.17
p2_N2_S2.53,2330.0,6.02,0.0,0,156.5
p2_N1_S1.48,2280.0,67.07,37.0,1,258.31
p2_S1_N1.53,2330.0,17.36,0.0,0,201.37
p1_W_E.541,2131.0,196.42,128.0,4,534.96
p2_S1_N1.54,2340.0,9.14,0.0,0,173.32
p1_W_S2.54,2128.0,195.05,129.0,5,540.65
p1_W_E.542,2134.0,193.51,127.0,4,532.27
p2_N1_S1.49,2290.0,62.08,39.0,2,249.68
p1_W_E.543,2137.0,195.47,124.0,5,535.94
p1_W_E.544,2140.0,194.18,123.0,5,542.03
p2_N1_S1.50,2300.0,53.06,33.0,2,242.99
p2_S1_N1.55,2350.0,5.54,0.0,0,151.12
p1_W_E.545,2143.0,193.01,120.0,4,546.61
p2_N1_S1.51,2310.0,46.46,23.0,2,237.54
p1_W_E.546,2146.0,187.84,119.0,4,513.39
p2_N1_S1.52,2320.0,40.7,18.0,2,228.03
p2_N1_E.14,2223.0,101.88,74.0,3,372.17
p2_N1_E.15,2253.0,94.43,52.0,3,367.13
p1_W_E.547,2149.0,200.34,130.0,5,550.41
p1_W_S2.55,2184.0,167.52,107.0,4,501.38
p1_W_E.548,2174.0,178.95,110.0,4,495.16
p2_E_W.61,2005.0,326.84,220.0,9,736.23
p1_W_E.549,2178.0,176.71,110.0,5,492.75
p2_E_W.62,2008.0,347.24,226.0,9,761.69
p1_W_E.550,2181.0,170.97,108.0,4,500.45
p2_E_W.63,2011.0,345.93,218.0,10,773.27
p1_W_E.551,2187.0,164.85,104.0,4,490.5
p2_E_W.64,2014.0,343.24,213.0,9,776.94
p1_W_E.552,2190.0,170.39,102.0,4,533.81
p2_E_W.65,2017.0,343.39,210.0,11,767.71
p1_W_E.553,2193.0,169.15,99.0,4,526.67
p2_S2_W.6,1983.0,371.02,255.0,9,816.94
p1_W_E.554,2196.0,167.88,100.0,4,529.51
p2_E_W.66,2020.0,343.82,220.0,11,802.69
p1_W_E.555,2199.0,166.73,95.0,4,528.64
p2_E_W.67,2023.0,326.42,214.0,10,746.37
p1_W_E.556,2202.0,165.52,98.0,4,516.49
p1_W_E.557,2205.0,164.07,95.0,5,531.08
p2_E_W.68,2026.0,320.94,210.0,10,729.8
p1_W_E.558,2208.0,162.82,91.0,4,513.03
p2_E_W.69,2029.0,334.41,206.0,10,744.49
p1_W_E.559,2211.0,161.55,90.0,5,485.13
p2_E_W.70,2032.0,341.39,203.0,12,754.7
p1_W_E.560,2214.0,159.59,85.0,5,478.27
p1_W_E.561,2240.0,136.34,70.0,3,427.57
p2_E_S1.7,2034.0,342.02,200.0,13,756.3
p1_W_E.562,2243.0,135.12,71.0,3,424.81
p2_N1_S1.53,2330.0,70.16,43.0,3,282.69
p1_W_S2.56,2217.0,148.71,84.0,4,439.52
p2_N1_S1.54,2340.0,61.89,31.0,1,264.08
p2_S1_N1.56,2360.0,38.25,27.0,1,217.19
p2_S1_N1.57,2370.0,32.9,18.0,1,208.95
p2_S1_N1.58,2380.0,25.32,11.0,1,201.98
p2_N1_E.16,2283.0,86.2,54.0,3,359.26
p2_S1_N1.59,2390.0,17.38,3.0,1,196.71
p2_N2_S2.54,2340.0,68.73,57.0,1,266.87
p2_S2_N2.36,2160.0,247.3,170.0,5,539.25
p2_N1_E.17,2313.0,70.02,28.0,3,359.48
p2_S1_N1.60,2400.0,6.11,0.0,0,153.45
p2_N1_S1.55,2350.0,64.12,34.0,2,257.31
p2_N2_S2.55,2350.0,55.98,45.0,1,248.22
p2_S1_N1.61,2410.0,5.41,0.0,0,151.69
p2_N2_S2.56,2360.0,52.08,38.0,1,242.94
p2_N1_S1.56,2360.0,52.64,30.0,2,238.88
p2_N2_S2.57,2370.0,48.97,33.0,1,251.68
p2_N1_S1.57,2370.0,51.12,27.0,1,243.25
p2_N2_S2.58,2380.0,32.63,19.0,1,203.77
p2_N2_S2.59,2390.0,28.93,14.0,1,202.73
p2_S1_N1.62,2420.0,5.58,0.0,0,147.56
p2_N2_S2.60,2400.0,14.81,1.0,1,178.44
p1_W_E.563,2246.0,149.84,93.0,5,471.3
p1_W_E.564,2249.0,156.49,89.0,4,480.0
p2_N1_S1.58,2380.0,32.47,13.0,1,209.25
p1_W_E.565,2252.0,161.91,88.0,4,503.32
p2_N1_S1.59,2390.0,45.91,11.0,1,219.73
p1_W_E.566,2255.0,155.52,88.0,5,499.77
p2_N1_S1.60,2400.0,28.8,0.0,0,201.68
p1_W_E.567,2258.0,159.54,84.0,5,504.77
p2_N1_S1.61,2410.0,28.83,0.0,0,216.81
p1_W_E.568,2261.0,158.17,83.0,5,497.63
p2_E_W.71,2038.0,375.69,227.0,11,806.11
p2_N1_S1.62,2420.0,21.09,0.0,0,203.83
p1_W_E.569,2264.0,157.04,79.0,4,518.66
p2_E_W.72,2041.0,373.36,220.0,11,800.88
p2_E_W.73,2044.0,378.3,223.0,11,810.72
p2_N2_S2.61,2410.0,34.68,16.0,1,219.41
p2_E_W.74,2047.0,374.42,221.0,12,831.01
p2_S2_N2.37,2170.0,275.12,190.0,9,586.42
p2_E_W.75,2050.0,375.72,213.0,11,826.3
p2_N2_S2.62,2420.0,26.54,14.0,1,201.08
p2_S2_N2.38,2180.0,265.37,179.0,8,561.66
p2_E_W.76,2053.0,372.46,208.0,10,815.56
p2_N2_S2.63,2430.0,18.0,4.0,1,190.42
p2_S2_N2.39,2190.0,260.39,174.0,6,563.57
p2_S2_W.7,2012.0,415.07,303.0,10,890.15
p2_N2_S2.64,2440.0,11.1,0.0,0,176.58
p2_S2_W.8,2043.0,387.31,267.0,10,841.0
p2_S2_W.9,2073.0,359.2,247.0,8,797.56
p2_S2_W.10,2103.0,330.7,210.0,6,752.19
p2_S2_N2.40,2200.0,252.79,169.0,7,546.77
p2_N2_S2.65,2450.0,5.75,0.0,0,150.37
p2_S2_W.11,2133.0,302.72,187.0,9,693.85
p2_E_W.77,2056.0,381.94,242.0,9,825.94
p2_S2_N2.41,2210.0,248.91,162.0,8,542.15
p2_E_W.78,2059.0,380.86,238.0,10,825.2
p2_E_W.79,2061.0,380.57,236.0,11,814.22
p2_S2_N2.42,2220.0,233.56,152.0,7,513.13
p2_N2_S2.66,2460.0,6.18,0.0,0,153.89
p2_S2_N2.43,2230.0,237.72,142.0,7,517.95
p2_S2_N2.44,2240.0,227.38,131.0,9,511.99
p2_S2_N2.45,2250.0,220.76,122.0,7,499.31
p2_E_W.80,2065.0,367.21,230.0,9,791.17
p2_E_S1.8,2068.0,382.69,232.0,11,812.74
p2_S2_N2.46,2260.0,213.21,112.0,7,479.86
p2_N1_S1.63,2430.0,45.29,35.0,1,234.11
p2_S1_N1.63,2430.0,45.96,34.0,1,230.57
p2_N2_S2.67,2470.0,5.31,0.0,0,148.32
p2_S2_N2.47,2270.0,197.59,103.0,5,461.6
p2_S2_N2.48,2280.0,205.82,104.0,6,473.82
p2_S1_N1.64,2440.0,30.21,18.0,1,206.44
p2_S2_N2.49,2290.0,197.46,103.0,6,463.83
p2_N2_S2.68,2480.0,5.24,0.0,0,145.36
p2_S1_N1.65,2450.0,37.83,16.0,1,227.59
p2_S2_N2.50,2300.0,189.11,96.0,4,473.75
p2_S1_N1.66,2460.0,24.54,6.0,1,202.07
p2_S2_N2.51,2310.0,181.07,94.0,5,467.13
p2_S1_N1.67,2470.0,21.27,1.0,1,204.13
p1_W_E.570,2267.0,204.86,127.0,5,580.25
p2_S1_N1.68,2480.0,12.94,0.0,0,166.33
p1_W_S2.57,2270.0,203.46,122.0,5,572.78
p2_S1_N1.69,2490.0,5.2,0.0,0,148.39
p1_W_E.571,2273.0,201.97,123.0,5,562.73
p1_W_E.572,2276.0,200.97,119.0,6,557.08
p2_N1_S1.64,2440.0,45.28,27.0,2,221.91
p2_N1_E.18,2343.0,135.15,83.0,4,446.55
p2_N1_S1.65,2450.0,48.52,27.0,2,244.47
p2_N1_E.19,2373.0,107.43,67.0,2,389.96
p2_N1_S1.66,2460.0,42.74,19.0,2,229.96
p2_N1_E.20,2403.0,78.37,44.0,1,333.46
p2_N1_S1.67,2470.0,34.49,8.0,2,228.42
p2_N1_S1.68,2480.0,20.4,4.0,1,195.89
p2_E_W.81,2071.0,415.71,260.0,11,848.64
p2_E_W.82,2084.0,404.54,250.0,11,830.57
p1_W_E.573,2279.0,199.27,136.0,5,533.89
p2_E_W.83,2087.0,402.42,246.0,11,839.4
p1_W_E.574,2282.0,209.48,133.0,5,546.66
p2_E_W.84,2090.0,402.35,242.0,11,838.82
p1_W_E.575,2285.0,203.63,129.0,5,557.64
p2_E_W.85,2093.0,401.15,238.0,8,833.06
p1_W_E.576,2288.0,206.96,125.0,5,547.48
p1_W_E.577,2291.0,205.73,121.0,5,550.49
p2_E_W.86,2096.0,395.6,235.0,9,841.32
p1_W_E.578,2312.0,186.51,109.0,4,543.42
p2_E_W.87,2099.0,400.7,231.0,9,826.32
p1_W_E.579,2315.0,185.3,107.0,4,550.55
p1_W_E.580,2318.0,179.68,103.0,4,535.88
p2_E_W.88,2102.0,399.54,230.0,10,832.66
p1_W_S2.58,2321.0,179.11,105.0,5,510.63
p2_E_W.89,2105.0,398.27,233.0,9,841.74
p1_W_E.581,2324.0,177.33,104.0,4,517.53
p2_E_W.90,2111.0,393.92,229.0,9,827.65
p1_W_E.582,2327.0,179.25,102.0,4,524.94
p1_W_E.583,2330.0,178.03,99.0,4,523.24
p2_S2_W.12,2163.0,336.55,231.0,8,747.72
p1_W_E.584,2333.0,175.38,100.0,4,518.68
p1_W_E.585,2336.0,175.67,98.0,4,524.12
p2_W_N1.0,2404.0,133.07,72.0,3,385.05
p2_E_S1.9,2145.0,377.23,243.0,9,807.43
p2_N1_S1.69,2490.0,56.28,38.0,1,250.74
p2_S1_N1.70,2500.0,46.44,34.0,1,223.39
p2_S1_N1.71,2510.0,36.68,25.0,1,207.42
p1_W_E.586,2339.0,154.18,97.0,4,455.97
p2_S1_N1.72,2520.0,32.33,18.0,1,209.59
p1_W_E.587,2342.0,187.14,96.0,5,503.09
p2_N1_E.21,2433.0,99.63,56.0,3,379.77
p2_S1_N1.73,2530.0,24.01,10.0,1,200.06
p2_S1_N1.74,2540.0,15.62,1.0,1,187.34
p2_N1_E.22,2463.0,59.89,16.0,3,331.36
p2_N2_S2.69,2490.0,65.29,53.0,1,251.15
p2_S1_N1.75,2550.0,7.34,0.0,0,163.93
p1_W_E.588,2345.0,191.86,98.0,4,542.43
p2_N2_S2.70,2500.0,59.25,45.0,1,258.22
p1_W_E.589,2348.0,188.49,96.0,5,521.22
p2_S2_N2.52,2320.0,231.35,149.0,4,518.31
p2_N2_S2.71,2510.0,51.04,38.0,1,243.21
p1_W_E.590,2351.0,189.38,93.0,4,518.54
p2_N1_S1.70,2500.0,62.24,44.0,2,259.08
p2_N2_S2.72,2520.0,41.49,28.0,1,221.64
p2_N1_S1.71,2510.0,53.99,37.0,2,238.71
p2_S2_N2.53,2330.0,220.17,140.0,5,498.88
p2_N1_S1.72,2520.0,45.7,26.0,2,230.8
p2_S1_N1.76,2560.0,6.0,0.0,0,152.43
p2_S2_N2.54,2340.0,227.17,131.0,5,502.94
p2_N1_S1.73,2530.0,40.37,19.0,2,225.67
p2_N2_S2.73,2530.0,28.35,16.0,1,201.1
p2_N2_S2.74,2540.0,33.7,12.0,1,206.7
p2_S2_N2.55,2350.0,225.6,131.0,7,503.65
p2_N2_S2.75,2550.0,20.79,1.0,1,193.77
p2_S2_N2.56,2360.0,217.73,126.0,6,487.12
p2_N2_S2.76,2560.0,16.27,0.0,0,185.06
p2_N1_S1.74,2540.0,26.7,6.0,2,201.43
p2_N2_S2.77,2570.0,6.38,0.0,0,153.94
p2_E_W.91,2149.0,409.27,271.0,10,876.6
p2_S2_N2.57,2370.0,209.77,125.0,6,478.65
p2_N1_S1.75,2550.0,30.56,4.0,1,207.9
p2_E_W.92,2152.0,408.42,267.0,12,872.03
p2_E_W.93,2155.0,407.18,265.0,12,866.09
p2_S2_N2.58,2380.0,204.86,123.0,4,469.21
p2_N2_S2.78,2580.0,6.54,0.0,0,148.68
p2_S2_N2.59,2390.0,196.91,120.0,4,451.07
p2_E_W.94,2158.0,401.33,261.0,11,863.24
p2_E_W.95,2161.0,401.15,259.0,11,846.34
p2_S2_N2.60,2400.0,188.98,117.0,5,461.17
p2_E_W.96,2164.0,405.79,256.0,11,838.01
p2_S2_W.13,2192.0,378.84,243.0,11,822.24
p2_N2_S2.79,2590.0,6.48,0.0,0,148.8
p2_S2_N2.61,2410.0,181.07,113.0,4,449.34
p2_S2_N2.62,2420.0,179.59,103.0,4,448.87
p2_S2_W.14,2223.0,339.34,207.0,12,744.54
p2_S2_W.15,2253.0,325.45,176.0,10,729.31
p2_S2_W.16,2283.0,298.58,159.0,11,668.45
p2_S2_N2.63,2430.0,162.57,93.0,5,407.06
p2_S2_W.17,2313.0,268.33,146.0,9,661.06
p2_S2_N2.64,2440.0,166.14,85.0,4,426.42
p2_E_W.97,2167.0,418.57,270.0,11,878.35
p2_E_W.98,2170.0,415.25,266.0,11,891.44
p2_W_N1.1,2419.0,191.33,118.0,6,471.3
p2_E_W.99,2173.0,398.46,264.0,11,831.21
p1_W_S2.59,2354.0,224.66,146.0,5,576.17
p1_W_E.591,2357.0,226.98,144.0,5,572.01
p2_E_W.100,2176.0,399.09,257.0,9,826.73
p2_S1_N1.77,2570.0,42.47,32.0,1,218.37
p1_W_E.592,2360.0,230.62,139.0,5,574.51
p2_S1_N1.78,2580.0,36.11,23.0,1,215.06
p1_W_E.593,2363.0,232.38,140.0,6,591.99
p2_S1_N1.79,2590.0,28.11,13.0,1,208.62
p1_W_E.594,2383.0,208.04,128.0,6,545.33
p1_W_E.595,2386.0,203.39,126.0,4,538.31
p1_W_E.596,2389.0,213.59,122.0,4,538.15
p2_S1_N1.80,2600.0,15.84,2.0,1,179.17
p1_W_E.597,2392.0,212.41,126.0,5,551.78
p2_S1_N1.81,2610.0,12.98,0.0,0,179.3
p1_W_E.598,2395.0,210.6,120.0,4,567.99
p2_S1_N1.82,2620.0,5.63,0.0,0,147.4
p1_W_E.599,2398.0,200.95,122.0,5,550.32
p2_W_E.0,2401.0,209.06,122.0,4,561.85
p2_W_E.1,2407.0,204.91,116.0,4,554.15
p2_N1_E.23,2493.0,119.96,85.0,3,448.57
p2_S1_N1.83,2630.0,5.66,0.0,0,151.36
p2_S2_N2.65,2450.0,186.65,102.0,7,449.36
p2_N1_S1.76,2560.0,70.09,48.0,3,271.59
p2_N2_S2.80,2600.0,36.49,25.0,1,217.88
p2_S2_N2.66,2460.0,178.5,93.0,5,436.92
p2_N1_S1.77,2570.0,67.9,47.0,2,268.33
p2_N2_S2.81,2610.0,27.69,17.0,1,196.56
p2_N1_S1.78,2580.0,53.25,36.0,2,238.12
p2_N2_S2.82,2620.0,20.1,8.0,1,188.8
p2_N1_S1.79,2590.0,48.16,28.0,2,227.96
p2_N2_S2.83,2630.0,12.55,0.0,0,181.92
p2_N1_S1.80,2600.0,43.22,21.0,2,233.43
p2_N2_S2.84,2640.0,5.96,0.0,0,155.52
p2_N1_S1.81,2610.0,37.24,13.0,2,223.31
p2_S2_N2.67,2470.0,181.75,87.0,4,448.01
p2_S2_N2.68,2480.0,173.66,86.0,5,424.77
p2_S2_N2.69,2490.0,165.38,83.0,5,426.28
p2_N2_S2.85,2650.0,5.87,0.0,0,156.59
p2_W_N1.2,2434.0,224.51,141.0,6,503.73
p2_S2_N2.70,2500.0,160.01,79.0,4,411.95
p2_S2_N2.71,2510.0,150.9,74.0,2,392.83
p2_S2_N2.72,2520.0,144.35,74.0,2,371.04
p2_N2_S2.86,2660.0,5.86,0.0,0,146.4
p2_W_N1.3,2466.0,201.95,122.0,6,482.54
p2_S2_N2.73,2530.0,138.78,73.0,2,385.38
p2_S2_N2.74,2540.0,136.14,71.0,2,376.23
p2_S2_N2.75,2550.0,127.84,66.0,3,373.04
p2_W_N1.4,2482.0,199.22,115.0,6,469.69
p2_N2_S2.87,2670.0,6.46,0.0,0,148.88
p2_N1_E.24,2523.0,140.42,106.0,4,456.29
p2_E_S1.10,2179.0,485.94,327.0,12,946.26
p2_W_E.2,2409.0,257.56,173.0,7,653.69
p2_W_E.3,2412.0,256.37,167.0,7,654.82
p2_W_E.4,2415.0,254.27,165.0,7,643.28
p2_S1_N1.84,2640.0,47.09,34.0,1,226.84
p2_S1_N1.85,2650.0,41.08,27.0,1,225.33
p2_S1_N1.86,2660.0,32.57,18.0,1,208.58
p2_S1_N1.87,2670.0,26.77,11.0,1,220.8
p2_N1_E.25,2553.0,104.5,76.0,4,383.3
p2_S1_N1.88,2680.0,13.56,0.0,0,177.47
p2_N1_E.26,2583.0,99.07,60.0,3,365.01
p2_S1_N1.89,2690.0,6.32,0.0,0,150.85
p2_W_E.5,2422.0,238.31,163.0,7,598.27
p2_E_W.101,2235.0,445.96,295.0,14,899.82
p2_W_E.6,2425.0,263.3,159.0,8,615.69
p2_W_E.7,2428.0,261.97,157.0,8,628.15
p2_W_E.8,2431.0,260.65,152.0,7,619.85
p2_E_W.102,2239.0,439.9,287.0,12,886.41
p2_W_E.9,2454.0,239.54,138.0,8,598.44
p2_E_W.103,2242.0,449.09,283.0,14,906.88
p2_E_W.104,2245.0,450.12,283.0,14,889.25
p2_W_E.10,2457.0,238.19,136.0,6,605.89
p2_W_E.11,2460.0,236.89,133.0,6,594.61
p2_W_E.12,2463.0,235.07,131.0,6,602.98
p2_E_W.105,2248.0,434.87,280.0,13,865.15
p2_E_W.106,2251.0,448.83,275.0,14,886.33
p2_W_E.13,2469.0,227.35,127.0,8,599.72
p2_W_E.14,2472.0,222.89,124.0,6,585.84
p2_E_W.107,2254.0,432.51,270.0,12,868.82
p2_W_E.15,2475.0,226.52,125.0,7,600.09
p2_W_E.16,2478.0,228.0,123.0,6,594.5
p2_E_W.108,2257.0,440.34,267.0,12,887.45
p2_W_N1.5,2535.0,193.1,110.0,6,465.32
p2_E_W.109,2260.0,446.25,262.0,10,913.72
p2_W_E.17,2488.0,215.41,118.0,8,579.41
p2_E_W.110,2287.0,421.68,247.0,10,854.08
p2_N1_E.27,2613.0,96.2,61.0,3,388.81
p2_S1_N1.90,2700.0,30.51,19.0,1,206.09
p2_S2_N2.76,2560.0,172.23,108.0,3,440.94
p2_N1_S1.82,2620.0,110.85,78.0,4,330.65
p2_N2_S2.88,2680.0,52.11,41.0,1,238.74
p2_S1_N1.91,2710.0,22.64,9.0,1,198.94
p2_S2_N2.77,2570.0,164.05,95.0,3,414.75
p2_N2_S2.89,2690.0,44.54,32.0,1,227.07
p2_N1_S1.83,2630.0,100.4,69.0,4,315.6
p2_N2_S2.90,2700.0,36.7,25.0,1,211.26
p2_S1_N1.92,2720.0,13.58,0.0,0,177.3
p2_N1_S1.84,2640.0,97.86,64.0,3,321.13
p2_S2_N2.78,2580.0,153.37,84.0,4,396.93
p2_N2_S2.91,2710.0,29.09,17.0,1,206.5
p2_S1_N1.93,2730.0,6.18,0.0,0,154.58
p2_N2_S2.92,2720.0,21.02,7.0,1,187.86
p2_N2_S2.93,2730.0,13.2,0.0,0,178.59
p2_N1_S1.85,2650.0,94.22,62.0,3,296.56
p2_S1_N1.94,2740.0,5.6,0.0,0,147.76
p2_N2_S2.94,2740.0,5.31,0.0,0,146.9
p2_N1_S1.86,2660.0,86.0,56.0,3,285.25
p2_S2_N2.79,2590.0,160.49,81.0,4,412.77
p2_N1_S1.87,2670.0,74.0,44.0,3,265.13
p2_N1_S1.88,2680.0,73.13,36.0,3,276.87
p2_N1_S1.89,2690.0,64.83,27.0,3,257.02
p2_S1_N1.95,2750.0,6.11,0.0,0,151.94
p2_N1_S1.90,2700.0,54.18,22.0,2,247.49
p2_W_E.18,2526.0,201.65,128.0,7,535.33
p2_N1_S1.91,2710.0,50.04,22.0,3,251.64
p2_W_E.19,2529.0,208.64,121.0,6,548.88
p2_W_E.20,2532.0,209.83,118.0,6,566.03
p2_N1_S1.92,2720.0,40.07,16.0,1,220.11
p2_N1_S1.93,2730.0,36.24,12.0,1,223.75
p2_S1_N1.96,2760.0,5.64,0.0,0,152.85
p2_N2_S2.95,2750.0,17.87,8.0,1,182.61
p2_N2_S2.96,2760.0,10.22,0.0,0,175.44
p2_S2_N2.80,2600.0,162.05,83.0,5,412.41
p2_N2_S2.97,2770.0,5.7,0.0,0,147.48
p2_S2_N2.81,2610.0,167.12,72.0,4,416.78
p2_S2_N2.82,2620.0,158.88,72.0,4,393.41
p2_S2_N2.83,2630.0,148.19,70.0,5,397.83
p2_W_N1.6,2553.0,230.19,138.0,8,501.85
p2_S2_N2.84,2640.0,134.33,68.0,5,360.82
p2_S2_N2.85,2650.0,133.8,64.0,3,354.85
p2_S2_N2.86,2660.0,124.95,60.0,4,345.97
p2_N2_S2.98,2780.0,6.29,0.0,0,151.31
p2_W_N1.7,2568.0,226.1,128.0,7,488.46
p2_N2_S2.99,2790.0,5.48,0.0,0,153.97
p2_S2_N2.87,2670.0,111.03,45.0,2,326.8
p2_S2_N2.88,2680.0,117.72,45.0,2,339.21
p2_S2_N2.89,2690.0,109.4,45.0,3,327.37
p2_S2_N2.90,2700.0,101.09,43.0,2,312.32
p2_W_N1.8,2606.0,198.94,107.0,8,474.67
p2_S2_N2.91,2710.0,88.56,41.0,2,292.13
p2_S2_N2.92,2720.0,87.36,40.0,2,291.45
p2_S2_N2.93,2730.0,79.16,31.0,2,282.49
p2_N1_E.28,2643.0,146.58,103.0,4,453.43
p2_E_S1.11,2291.0,497.97,335.0,12,991.91
p2_N1_E.29,2673.0,118.73,75.0,4,404.21
p2_N1_E.30,2703.0,89.06,48.0,4,354.99
p2_S1_N1.97,2770.0,45.78,34.0,1,223.14
p2_N1_E.31,2732.0,64.17,29.0,2,335.25
p2_N1_S1.94,2740.0,72.94,47.0,2,274.66
p2_S1_N1.98,2780.0,35.1,22.0,1,206.86
p2_W_E.21,2538.0,256.51,164.0,9,613.45
p2_N1_S1.95,2750.0,70.98,41.0,1,268.01
p2_N1_S1.96,2760.0,61.79,40.0,1,258.88
p2_S1_N1.99,2790.0,32.33,16.0,1,215.49
p2_S1_N1.100,2800.0,24.2,9.0,1,214.19
p2_W_E.22,2541.0,250.92,162.0,8,601.02
p2_S1_N1.101,2810.0,12.55,0.0,0,178.63
p2_W_E.23,2544.0,262.36,157.0,9,621.9
p2_W_E.24,2547.0,254.62,152.0,9,616.86
p2_S1_N1.102,2820.0,6.01,0.0,0,154.52
p2_W_E.25,2550.0,248.01,151.0,9,589.6
p2_S2_W.18,2343.0,469.84,320.0,15,946.1
p2_S2_W.19,2373.0,441.88,299.0,12,926.84
p2_W_E.26,2556.0,239.71,146.0,8,573.29
p2_S2_W.20,2403.0,411.08,280.0,11,879.92
p2_W_E.27,2559.0,260.01,141.0,10,597.31
p2_W_E.28,2562.0,259.02,136.0,9,613.2
p2_S2_W.21,2433.0,386.87,244.0,12,832.41
p2_E_W.111,2294.0,527.92,361.0,13,1038.34
p2_W_E.29,2565.0,257.75,137.0,8,626.82
p2_E_W.112,2301.0,519.99,354.0,14,1022.95
p2_W_E.30,2571.0,245.58,132.0,8,621.05
p2_E_W.113,2328.0,497.55,335.0,13,987.79
p2_W_E.31,2597.0,229.31,115.0,7,603.08
p2_W_E.32,2600.0,228.01,111.0,7,609.43
p2_E_W.114,2331.0,496.36,332.0,13,993.17
p2_E_W.115,2334.0,495.01,328.0,14,1002.92
p2_W_E.33,2603.0,226.79,109.0,7,593.76
p2_E_W.116,2337.0,493.87,327.0,14,995.4
p2_W_E.34,2609.0,221.59,113.0,9,597.59
p2_E_W.117,2340.0,492.54,325.0,16,986.98
p2_W_E.35,2612.0,221.31,101.0,8,597.37
p2_E_W.118,2343.0,490.43,322.0,13,958.26
p2_N2_S2.100,2800.0,53.39,41.0,1,239.15
p2_W_N1.9,2621.0,238.02,129.0,10,539.03
p2_N2_S2.101,2810.0,43.08,31.0,1,220.51
p2_S1_N1.103,2830.0,32.36,20.0,1,210.35
p2_N2_S2.102,2820.0,39.65,25.0,1,222.41
p2_N2_S2.103,2830.0,34.61,17.0,1,228.91
p2_S1_N1.104,2840.0,24.47,11.0,1,196.27
p2_N1_S1.97,2770.0,89.29,68.0,3,298.67
p2_N2_S2.104,2840.0,26.33,10.0,1,222.38
p2_S1_N1.105,2850.0,16.19,4.0,1,182.62
p2_N1_S1.98,2780.0,87.95,63.0,3,309.87
p2_N2_S2.105,2850.0,17.99,2.0,1,217.56
p2_N1_S1.99,2790.0,79.56,52.0,3,291.64
p2_S1_N1.106,2860.0,5.96,0.0,0,149.23
p2_N2_S2.106,2860.0,7.66,0.0,0,172.38
p2_S2_N2.94,2740.0,133.5,73.0,5,355.2
p2_S2_N2.95,2750.0,125.43,66.0,5,360.06
p2_N1_S1.100,2800.0,72.38,40.0,3,270.56
p2_S1_N1.107,2870.0,5.76,0.0,0,149.14
p2_N2_S2.107,2870.0,6.19,0.0,0,147.93
p2_N1_S1.101,2810.0,66.28,34.0,3,264.21
p2_S2_N2.96,2760.0,114.64,54.0,5,337.97
p2_N1_S1.102,2820.0,54.42,23.0,2,240.57
p2_S2_N2.97,2770.0,112.02,48.0,5,339.48
p2_N1_S1.103,2830.0,52.52,22.0,1,228.17
p2_N1_S1.104,2840.0,44.16,22.0,1,231.8
p2_S1_N1.108,2880.0,5.52,0.0,0,151.27
p2_N1_S1.105,2850.0,28.9,12.0,1,207.01
p2_N1_E.32,2763.0,91.26,66.0,3,359.02
p2_W_E.36,2615.0,245.55,134.0,9,612.39
p2_E_W.119,2346.0,523.8,355.0,15,1026.06
p2_W_E.37,2618.0,257.88,135.0,8,614.45
p2_E_W.120,2349.0,527.55,349.0,15,1050.26
p2_N1_E.33,2793.0,83.96,49.0,3,350.48
p2_S2_N2.98,2780.0,120.66,59.0,6,353.38
p2_S2_N2.99,2790.0,112.46,53.0,3,336.16
p2_W_N1.10,2637.0,265.66,146.0,8,561.56
p2_N2_S2.108,2880.0,18.13,5.0,1,187.06
p2_S2_N2.100,2800.0,112.99,54.0,5,328.11
p2_S2_N2.101,2810.0,104.98,51.0,4,325.21
p2_N2_S2.109,2890.0,7.44,0.0,0,158.41
p2_S2_N2.102,2820.0,97.05,50.0,4,303.96
p2_N2_S2.110,2900.0,17.22,0.0,0,179.9
p2_N2_S2.111,2910.0,6.74,0.0,0,161.12
p2_W_N1.11,2674.0,235.46,122.0,7,523.56
p2_S2_N2.103,2830.0,89.95,44.0,4,303.43
p2_S2_N2.104,2840.0,82.05,37.0,4,287.75
p2_E_S1.12,2355.0,548.3,366.0,15,1073.91
p2_N2_S2.112,2920.0,5.98,0.0,0,147.39
p2_N1_S1.106,2860.0,68.65,42.0,2,270.08
p2_S2_N2.105,2850.0,68.66,26.0,5,261.46
p2_S1_N1.109,2890.0,36.89,24.0,1,213.95
p2_S1_N1.110,2900.0,32.58,17.0,1,202.44
p2_S2_N2.106,2860.0,73.19,21.0,3,282.14
p2_N1_S1.107,2870.0,57.68,32.0,1,248.8
p2_S1_N1.111,2910.0,22.92,9.0,1,205.8
p2_S2_N2.107,2870.0,64.92,15.0,4,265.93
p2_N1_S1.108,2880.0,55.43,30.0,1,250.93
p2_S2_N2.108,2880.0,56.63,10.0,2,248.87
p2_N2_S2.113,2930.0,5.93,0.0,0,158.83
p2_S1_N1.112,2920.0,8.01,0.0,0,163.37
p2_N1_S1.109,2890.0,51.99,30.0,2,240.69
p2_S1_N1.113,2930.0,12.03,0.0,0,164.47
p2_N1_S1.110,2900.0,43.17,24.0,2,222.99
p2_S1_N1.114,2940.0,5.98,0.0,0,154.29
p2_N1_S1.111,2910.0,35.99,16.0,1,219.12
p2_N1_E.34,2823.0,88.52,51.0,2,345.94
p2_N1_E.35,2853.0,59.15,32.0,2,305.78
p2_W_E.38,2624.0,309.96,179.0,12,692.52
p2_S2_W.22,2463.0,470.89,296.0,15,970.73
p2_W_E.39,2627.0,308.63,174.0,11,708.86
p2_S2_W.23,2493.0,442.55,273.0,14,928.31
p2_W_E.40,2630.0,294.75,172.0,11,683.29
p2_W_E.41,2633.0,298.2,166.0,9,689.79
p2_W_E.42,2640.0,282.67,157.0,10,633.44
p2_W_E.43,2643.0,290.65,155.0,10,651.69
p2_W_E.44,2666.0,274.12,139.0,9,635.63
p2_S2_W.24,2523.0,401.15,257.0,14,857.24
p2_W_E.45,2670.0,275.53,137.0,10,652.05
p2_S2_W.25,2553.0,394.34,243.0,11,847.53
p2_W_E.46,2684.0,261.48,135.0,12,646.55
p2_E_W.121,2360.0,589.55,409.0,16,1146.05
p2_S2_N2.109,2890.0,81.47,34.0,3,292.48
p2_E_W.122,2363.0,588.14,397.0,16,1118.22
p2_N2_S2.114,2940.0,31.89,21.0,1,206.83
p2_W_E.47,2737.0,214.48,96.0,6,561.75
p2_E_W.123,2373.0,576.37,391.0,15,1126.45
p2_N2_S2.115,2950.0,24.03,12.0,1,196.86
p2_E_W.124,2433.0,517.1,344.0,16,1030.01
p2_N2_S2.116,2960.0,15.06,3.0,1,186.68
p2_S2_N2.110,2900.0,69.42,32.0,2,270.43
p2_E_W.125,2436.0,512.36,335.0,13,1041.9
p2_S2_N2.111,2910.0,68.67,31.0,2,276.84
p2_N2_S2.117,2970.0,7.92,0.0,0,169.51
p2_E_W.126,2439.0,515.65,333.0,16,1025.2
p2_E_W.127,2442.0,518.31,330.0,16,1024.12
p2_W_N1.12,2750.0,232.74,129.0,7,514.01
p2_S2_W.26,2583.0,373.21,216.0,11,804.78
p2_E_W.128,2445.0,517.44,355.0,15,1051.99
p2_N1_S1.112,2920.0,65.57,40.0,2,267.95
p2_S2_N2.112,2920.0,60.15,25.0,2,264.85
p2_S1_N1.115,2950.0,35.08,24.0,2,212.08
p2_N1_S1.113,2930.0,57.61,28.0,2,260.03
p2_S2_N2.113,2930.0,55.71,24.0,1,259.4
p2_S2_N2.114,2940.0,47.21,23.0,1,241.86
p2_N1_S1.114,2940.0,49.58,27.0,1,238.54
p2_S1_N1.116,2960.0,25.44,12.0,1,196.08
p2_S1_N1.117,2970.0,20.58,6.0,1,198.05
p2_S1_N1.118,2980.0,12.37,0.0,0,185.86
p2_N1_S1.115,2950.0,46.85,26.0,1,222.69
p2_S1_N1.119,2990.0,6.08,0.0,0,150.57
p2_N1_S1.116,2960.0,34.62,18.0,1,214.52
p2_S2_N2.115,2950.0,54.36,27.0,2,251.09
p2_N2_S2.118,2980.0,7.43,0.0,0,146.46
p2_N1_S1.117,2970.0,35.05,12.0,1,212.67
p2_N2_S2.119,2990.0,10.66,0.0,0,160.9
p2_S1_N1.120,3000.0,5.68,0.0,0,156.31
p2_W_E.48,2740.0,247.73,132.0,7,603.17
p2_W_E.49,2743.0,246.9,133.0,8,612.4
p2_N1_S1.118,2980.0,32.74,8.0,2,220.06
p2_N1_E.36,2883.0,108.24,69.0,3,420.44
p2_N1_E.37,2913.0,80.25,50.0,2,351.0
p2_S1_N1.121,3010.0,5.24,0.0,0,151.64
p2_N1_S1.119,2990.0,22.0,1.0,1,189.49
p2_N1_S1.120,3000.0,10.97,0.0,0,173.08
p2_N2_S2.120,3000.0,22.35,10.0,1,187.81
p2_S2_N2.116,2960.0,62.31,30.0,3,257.42
p2_N1_S1.121,3010.0,13.87,0.0,0,192.51
p2_N2_S2.121,3010.0,14.36,2.0,1,183.64
p2_S2_N2.117,2970.0,56.29,21.0,3,253.61
p2_N1_S1.122,3020.0,5.91,0.0,0,150.72
p2_N2_S2.122,3020.0,6.17,0.0,0,150.6
p2_S1_N1.122,3020.0,5.97,0.0,0,146.57
p2_E_W.129,2448.0,557.87,396.0,14,1103.47
p2_S2_N2.118,2980.0,49.69,11.0,2,233.63
p2_E_W.130,2451.0,562.27,390.0,17,1099.0
p2_S2_N2.119,2990.0,45.04,9.0,2,227.79
p2_N2_S2.123,3030.0,5.96,0.0,0,149.99
p2_S2_N2.120,3000.0,36.05,8.0,1,218.94
p2_S2_N2.121,3010.0,30.01,6.0,1,210.26
p2_W_N1.13,2765.0,275.21,163.0,12,581.07
p2_S2_N2.122,3020.0,21.87,5.0,1,191.21
p2_S2_N2.123,3030.0,11.39,0.0,0,165.44
p2_W_N1.14,2780.0,269.83,146.0,9,565.7
p2_N2_S2.124,3040.0,5.97,0.0,0,145.33
p2_W_E.50,2747.0,286.07,173.0,10,664.27
p2_N1_E.38,2943.0,86.39,59.0,2,352.95
p2_W_N1.15,2812.0,246.65,138.0,8,541.15
p2_N1_E.39,2973.0,65.81,33.0,3,325.37
p2_N1_E.40,3003.0,38.85,12.0,1,284.47
p2_W_E.51,2753.0,290.97,174.0,11,658.12
p2_W_E.52,2756.0,289.64,166.0,10,669.01
p2_W_E.53,2759.0,288.36,166.0,8,677.95
p2_W_E.54,2762.0,287.17,169.0,10,679.19
p2_W_N1.16,2873.0,196.88,102.0,10,466.96
p2_E_S1.13,2454.0,597.15,419.0,16,1146.51
p2_W_E.55,2768.0,273.36,158.0,11,620.31
p2_N1_S1.123,3030.0,45.67,31.0,1,225.33
p2_S1_N1.123,3030.0,45.5,34.0,1,234.44
p2_W_E.56,2771.0,283.94,154.0,11,640.68
p2_W_E.57,2774.0,282.68,155.0,10,646.37
p2_W_E.58,2777.0,281.38,150.0,10,644.48
p2_W_E.59,2783.0,276.99,148.0,9,628.83
p2_S1_N1.124,3040.0,35.1,23.0,1,206.68
p2_W_E.60,2795.0,266.76,147.0,9,617.72
p2_S1_N1.125,3050.0,31.57,16.0,1,213.98
p2_W_E.61,2798.0,262.77,143.0,10,624.78
p2_S1_N1.126,3060.0,21.81,7.0,1,202.91
p2_W_E.62,2804.0,261.45,139.0,8,627.23
p2_S1_N1.127,3070.0,10.39,0.0,0,167.5
p2_S2_N2.124,3040.0,48.14,33.0,2,233.81
p2_S1_N1.128,3080.0,8.89,0.0,0,156.29
p2_N2_S2.125,3050.0,35.91,26.0,1,212.66
p2_E_W.131,2457.0,613.75,426.0,16,1172.1
p2_N2_S2.126,3060.0,32.08,18.0,1,219.86
p2_S2_W.27,2613.0,458.35,282.0,14,934.27
p2_S2_N2.125,3050.0,37.37,25.0,1,215.88
p2_S2_N2.126,3060.0,32.26,19.0,1,204.44
p2_N2_S2.127,3070.0,17.7,5.0,1,179.76
p2_S2_W.28,2643.0,428.86,262.0,14,877.56
p2_N2_S2.128,3080.0,12.54,0.0,0,182.13
p2_N2_S2.129,3090.0,9.25,0.0,0,181.92
p2_S2_W.29,2673.0,397.07,234.0,11,833.94
p2_S2_W.30,2703.0,377.72,228.0,12,802.77
p2_E_W.132,2460.0,622.84,421.0,19,1194.69
p2_S2_W.31,2733.0,351.15,217.0,12,768.86
p2_S2_W.32,2763.0,315.73,179.0,11,703.78
p2_W_E.63,2861.0,218.06,122.0,9,546.08
p2_E_W.133,2463.0,617.16,452.0,14,1186.25
p2_W_E.64,2864.0,226.38,119.0,8,561.85
p2_E_W.134,2466.0,625.62,443.0,16,1177.45
p2_W_E.65,2867.0,225.01,117.0,8,579.93
p2_E_W.135,2469.0,624.37,444.0,17,1186.46
p2_W_E.66,2870.0,223.78,114.0,9,568.38
p2_E_W.136,2472.0,622.99,437.0,15,1178.55
p2_N1_E.41,3033.0,58.23,37.0,2,310.9
p2_W_N1.17,2888.0,229.35,123.0,10,519.01
p2_W_E.67,2876.0,221.34,119.0,9,575.39
p2_N1_S1.124,3040.0,79.61,60.0,3,276.05
p2_S1_N1.129,3090.0,30.43,19.0,1,213.43
p2_S1_N1.130,3100.0,20.73,9.0,1,188.59
p2_W_E.68,2879.0,212.69,118.0,10,531.68
p2_N1_S1.125,3050.0,68.57,47.0,3,266.98
p2_W_E.69,2882.0,213.97,117.0,9,544.74
p2_S1_N1.131,3110.0,16.47,1.0,1,183.82
p2_N1_S1.126,3060.0,66.1,41.0,3,264.17
p2_W_E.70,2885.0,216.93,113.0,9,563.77
p2_S1_N1.132,3120.0,5.97,0.0,0,153.59
p2_N2_S2.130,3100.0,28.43,17.0,1,202.6
p2_N2_S2.131,3110.0,21.29,10.0,1,194.27
p2_N2_S2.132,3120.0,11.53,0.0,0,174.77
p2_N2_S2.133,3130.0,6.55,0.0,0,159.7
p2_N1_S1.127,3070.0,56.84,29.0,2,237.16
p2_S1_N1.133,3130.0,5.58,0.0,0,148.27
p2_N1_S1.128,3080.0,57.28,29.0,2,250.31
p2_N1_S1.129,3090.0,36.96,21.0,1,213.17
p2_S2_N2.127,3070.0,65.92,45.0,3,263.15
p2_N1_S1.130,3100.0,47.93,21.0,1,236.17
p2_S2_N2.128,3080.0,69.63,40.0,3,271.64
p2_N1_S1.131,3110.0,37.18,13.0,1,222.99
p2_S1_N1.134,3140.0,6.08,0.0,0,151.69
p2_S2_N2.129,3090.0,61.46,34.0,2,264.22
p2_N1_S1.132,3120.0,31.35,6.0,1,218.48
p2_N1_S1.133,3130.0,21.34,0.0,0,194.65
p2_N2_S2.134,3140.0,6.65,0.0,0,152.77
p2_S1_N1.135,3150.0,6.27,0.0,0,156.59
p2_N1_S1.134,3140.0,15.16,0.0,0,188.17
p2_N1_S1.135,3150.0,9.66,0.0,0,173.66
p2_S2_W.33,2793.0,346.88,210.0,13,779.09
p2_S2_W.34,2823.0,320.62,195.0,11,727.86
p2_S2_W.35,2853.0,292.61,172.0,13,699.64
p2_N1_E.42,3063.0,61.55,32.0,3,294.86
p2_S2_W.36,2883.0,264.47,156.0,9,665.48
p2_N1_E.43,3093.0,48.26,20.0,1,273.97
p2_S2_N2.130,3100.0,70.71,45.0,3,277.94
p2_E_W.137,2475.0,674.7,487.0,16,1278.31
p2_E_W.138,2514.0,637.38,454.0,15,1213.89
p2_S2_N2.131,3110.0,61.82,39.0,3,251.41
p2_S2_N2.132,3120.0,54.56,25.0,2,249.09
p2_N2_S2.135,3150.0,16.85,6.0,1,177.44
p2_E_W.139,2517.0,632.78,453.0,16,1194.88
p2_N2_S2.136,3160.0,16.27,1.0,1,182.38
p2_E_W.140,2520.0,636.68,446.0,17,1205.94
p2_N2_S2.137,3170.0,7.96,0.0,0,159.71
p2_S2_N2.133,3130.0,50.88,19.0,2,236.6
p2_S2_N2.134,3140.0,41.89,7.0,1,218.63
p2_N2_S2.138,3180.0,6.28,0.0,0,150.51
p2_W_N1.18,2906.0,275.3,153.0,11,574.67
p2_S2_N2.135,3150.0,27.46,8.0,2,196.69
p2_W_N1.19,2936.0,258.69,136.0,12,565.12
p2_S2_N2.136,3160.0,32.29,7.0,2,208.6
p2_S2_N2.137,3170.0,26.86,4.0,1,206.68
p2_E_S1.14,2523.0,652.91,455.0,17,1227.36
p2_N1_E.44,3123.0,53.71,23.0,3,310.02
p2_S1_N1.136,3160.0,40.89,31.0,1,225.27
p2_W_E.71,2891.0,285.61,169.0,10,658.81
p2_S1_N1.137,3170.0,33.15,21.0,1,209.7
p2_W_E.72,2894.0,289.15,166.0,10,657.62
p2_S1_N1.138,3180.0,26.01,15.0,1,199.51
p2_W_E.73,2897.0,278.86,159.0,10,636.08
p2_S1_N1.139,3190.0,16.74,4.0,1,186.61
p2_W_E.74,2900.0,280.12,156.0,13,629.47
p2_S1_N1.140,3200.0,11.13,0.0,0,172.2
p2_W_E.75,2903.0,287.59,152.0,11,657.05
p2_W_E.76,2909.0,283.21,149.0,12,653.49
p2_N1_S1.136,3160.0,55.21,41.0,2,241.19
p2_S2_N2.138,3180.0,35.56,17.0,1,212.52
p2_N1_S1.137,3170.0,48.37,32.0,2,232.12
p2_S1_N1.141,3210.0,5.89,0.0,0,146.16
p2_N1_S1.138,3180.0,40.23,23.0,2,215.16
p2_N1_S1.139,3190.0,33.52,14.0,2,209.59
p2_N2_S2.139,3190.0,21.14,10.0,1,184.82
p2_N1_S1.140,3200.0,25.38,7.0,2,201.81
p2_N2_S2.140,3200.0,25.0,6.0,1,198.31
p2_N2_S2.141,3210.0,16.72,0.0,0,180.87
p2_S1_N1.142,3220.0,6.17,0.0,0,147.08
p2_N2_S2.142,3220.0,8.49,0.0,0,158.76
p2_N1_S1.141,3210.0,14.44,2.0,1,181.21
p2_S2_N2.139,3190.0,43.38,23.0,2,218.89
p2_S2_W.37,2913.0,296.44,194.0,11,704.45
p2_S2_W.38,2943.0,273.26,178.0,10,676.46
p2_N2_S2.143,3230.0,6.49,0.0,0,148.34
p2_E_W.141,2526.0,688.3,508.0,18,1286.1
p2_S2_N2.140,3200.0,30.3,13.0,2,199.95
p2_E_W.142,2529.0,688.33,499.0,18,1279.4
p2_S2_N2.141,3210.0,22.16,5.0,1,185.66
p2_E_W.143,2534.0,688.04,496.0,18,1269.39
p2_W_E.77,2912.0,310.84,170.0,12,681.8
p2_E_W.144,2581.0,642.84,459.0,17,1222.87
p2_E_W.145,2585.0,638.73,455.0,17,1215.72
p2_W_E.78,2922.0,297.32,168.0,13,662.93
p2_S2_W.39,2973.0,253.41,150.0,9,647.5
p2_W_E.79,2928.0,294.24,160.0,11,667.35
p2_S2_W.40,3003.0,222.31,129.0,8,570.27
p2_S2_W.41,3033.0,194.96,112.0,7,528.01
p2_N1_E.45,3153.0,67.04,48.0,3,327.9
p2_N1_E.46,3183.0,51.11,20.0,2,294.56
p2_N1_E.47,3213.0,21.32,1.0,1,252.66
p2_N2_S2.144,3240.0,22.53,10.0,1,195.13
p2_E_W.146,2588.0,628.58,450.0,18,1192.51
p2_N2_S2.145,3250.0,13.74,3.0,1,175.87
p2_E_W.147,2591.0,645.79,447.0,16,1218.96
p2_N2_S2.146,3260.0,7.01,0.0,0,167.02
p2_E_W.148,2594.0,652.93,439.0,18,1208.42
p2_S2_N2.142,3220.0,37.83,18.0,2,217.87
p2_S2_N2.143,3230.0,38.64,16.0,1,234.68
p2_E_W.149,2597.0,651.79,434.0,17,1212.94
p2_S2_N2.144,3240.0,31.38,14.0,1,212.78
p2_E_W.150,2600.0,650.67,429.0,17,1218.67
p2_E_S1.15,2603.0,641.65,423.0,17,1205.04
p2_W_N1.20,2993.0,273.22,157.0,12,579.43
p2_N1_S1.142,3220.0,52.07,37.0,1,251.58
p2_S1_N1.143,3230.0,43.89,33.0,1,243.13
p2_N1_S1.143,3230.0,45.64,31.0,1,233.55
p2_S1_N1.144,3240.0,35.59,23.0,1,209.75
p2_S1_N1.145,3250.0,24.91,13.0,1,192.06
p2_S1_N1.146,3260.0,19.67,7.0,1,197.08
p2_N2_S2.147,3270.0,6.03,0.0,0,154.45
p2_S1_N1.147,3270.0,11.44,0.0,0,183.13
p2_N1_S1.144,3240.0,30.57,19.0,1,196.02
p2_S2_N2.145,3250.0,34.14,10.0,2,211.92
p2_S1_N1.148,3280.0,5.63,0.0,0,150.79
p2_N2_S2.148,3280.0,5.54,0.0,0,146.46
p2_S2_N2.146,3260.0,25.15,2.0,1,202.07
p2_S2_N2.147,3270.0,18.6,0.0,0,186.58
p2_N1_S1.145,3250.0,42.34,23.0,2,227.57
p2_W_E.80,2981.0,293.25,177.0,10,675.25
p2_N1_S1.146,3260.0,32.85,11.0,2,209.62
p2_S1_N1.149,3290.0,5.93,0.0,0,146.57
p2_N1_S1.147,3270.0,27.72,4.0,1,207.65
p2_W_E.81,2984.0,291.55,174.0,9,678.97
p2_W_E.82,2987.0,289.62,173.0,10,643.77
p2_W_E.83,2990.0,290.8,163.0,9,655.38
p2_N1_S1.148,3280.0,18.4,3.0,1,186.72
p2_N1_S1.149,3290.0,15.72,0.0,0,185.03
p2_N1_S1.150,3300.0,6.64,0.0,0,157.31
p2_N2_S2.149,3290.0,19.31,7.0,1,191.66
p2_S2_N2.148,3280.0,25.5,12.0,1,194.16
p2_S2_N2.149,3290.0,19.67,8.0,1,190.39
p2_N2_S2.150,3300.0,7.51,0.0,0,153.28
p2_S2_N2.150,3300.0,14.81,1.0,1,191.88
p2_S2_N2.151,3310.0,6.58,0.0,0,156.28
p2_E_W.151,2606.0,684.09,480.0,19,1259.65
p2_S2_W.42,3063.0,232.73,160.0,7,594.2
p2_S2_W.43,3093.0,206.35,132.0,7,574.47
p2_N2_S2.151,3310.0,6.25,0.0,0,151.23
p2_E_W.152,2609.0,686.27,489.0,19,1273.74
p2_S2_N2.152,3320.0,5.6,0.0,0,143.2
p2_E_W.153,2612.0,693.18,482.0,18,1275.51
p2_N2_S2.152,3320.0,6.12,0.0,0,149.61
p2_E_W.154,2615.0,689.0,478.0,20,1263.73
p2_E_W.155,2618.0,683.92,469.0,19,1266.06
p2_E_W.156,2621.0,682.2,459.0,18,1238.14
p2_S2_W.44,3123.0,188.95,99.0,6,531.83
p2_S2_W.45,3153.0,160.82,75.0,6,497.02
p2_N1_E.48,3243.0,71.37,43.0,3,330.19
p2_E_W.157,2624.0,691.03,459.0,18,1278.93
p2_N1_E.49,3273.0,43.46,15.0,2,292.52
p2_E_W.158,2642.0,665.78,450.0,16,1214.2
p2_W_E.84,2996.0,323.23,195.0,11,713.65
p2_W_N1.21,3008.0,333.31,195.0,10,667.65
p2_E_W.159,2697.0,623.02,406.0,13,1152.49
p2_W_E.85,2999.0,315.36,194.0,12,682.11
p2_N2_S2.153,3330.0,19.3,7.0,1,189.38
p2_S2_N2.153,3330.0,19.82,8.0,1,195.45
p2_S1_N1.150,3300.0,38.97,26.0,1,216.35
p2_N2_S2.154,3340.0,11.33,0.0,0,176.79
p2_S1_N1.151,3310.0,28.85,15.0,1,200.76
p2_S2_N2.154,3340.0,17.16,1.0,1,184.79
p2_S1_N1.152,3320.0,28.41,12.0,1,199.06
p2_S1_N1.153,3330.0,29.67,8.0,1,212.07
p2_S2_N2.155,3350.0,9.16,0.0,0,169.01
p2_S1_N1.154,3340.0,21.26,0.0,0,214.82
p2_N1_S1.151,3310.0,51.99,38.0,2,239.49
p2_S1_N1.155,3350.0,11.52,0.0,0,179.51
p2_N1_S1.152,3320.0,44.17,28.0,2,226.81
p2_N2_S2.155,3350.0,6.58,0.0,0,152.99
p2_N1_S1.153,3330.0,34.09,17.0,2,209.71
p2_N2_S2.156,3360.0,6.92,0.0,0,150.88
p2_S1_N1.156,3360.0,6.5,0.0,0,151.56
p2_E_W.160,2701.0,653.69,436.0,15,1207.25
p2_N2_S2.157,3370.0,6.09,0.0,0,149.86
p2_S2_N2.156,3360.0,6.77,0.0,0,158.34
p2_W_E.86,3002.0,358.99,223.0,12,754.09
p2_W_E.87,3005.0,358.09,216.0,12,772.31
p2_W_N1.22,3046.0,338.77,195.0,13,663.52
p2_N1_E.50,3303.0,53.25,39.0,2,281.82
p2_W_N1.23,3128.0,264.39,143.0,7,546.64
p2_N1_E.51,3333.0,34.81,11.0,1,262.26
p2_S2_N2.157,3370.0,35.02,22.0,1,215.17
p2_N2_S2.158,3380.0,25.88,15.0,1,197.94
p2_S2_N2.158,3380.0,26.12,15.0,1,196.63
p2_N2_S2.159,3390.0,17.55,5.0,1,184.73
p2_S1_N1.157,3370.0,40.58,29.0,1,215.32
p2_S2_N2.159,3390.0,20.1,8.0,1,191.22
p2_S1_N1.158,3380.0,32.3,20.0,1,216.63
p2_E_S1.16,2704.0,673.31,458.0,17,1244.44
p2_N1_S1.154,3340.0,74.62,44.0,2,282.25
p2_N1_S1.155,3350.0,66.36,40.0,2,273.01
p2_N1_S1.156,3360.0,52.21,32.0,1,244.78
p2_N2_S2.160,3400.0,6.68,0.0,0,149.88
p2_N2_S2.161,3410.0,10.71,0.0,0,150.0
p2_N1_S1.157,3370.0,50.56,31.0,1,227.47
p2_S1_N1.159,3390.0,17.79,6.0,1,184.52
p2_S1_N1.160,3400.0,20.99,3.0,1,203.8
p2_N1_S1.158,3380.0,43.26,27.0,1,229.12
p2_S2_N2.160,3400.0,21.03,3.0,1,198.52
p2_N1_S1.159,3390.0,32.17,18.0,1,204.3
p2_W_E.88,3011.0,392.42,244.0,12,810.18
p2_E_W.161,2707.0,704.41,470.0,17,1276.11
p2_W_E.89,3014.0,395.97,238.0,13,814.59
p2_S1_N1.161,3410.0,6.79,0.0,0,152.41
p2_W_E.90,3017.0,395.77,234.0,13,818.44
p2_S2_W.46,3183.0,230.22,156.0,8,605.68
p2_S1_N1.162,3420.0,14.84,0.0,0,165.32
p2_S2_W.47,3213.0,201.62,133.0,6,529.01
p2_W_E.91,3020.0,386.12,231.0,15,795.71
p2_W_E.92,3057.0,363.1,210.0,14,767.34
p2_E_W.162,2710.0,703.28,489.0,19,1289.31
p2_W_E.93,3118.0,303.91,168.0,12,687.35
p2_E_W.163,2713.0,706.22,479.0,18,1278.83
p2_E_W.164,2716.0,708.11,474.0,18,1284.56
p2_W_E.94,3122.0,301.65,168.0,10,688.93
p2_E_W.165,2719.0,706.16,466.0,18,1286.82
p2_W_E.95,3125.0,299.35,163.0,9,676.01
p2_W_E.96,3131.0,293.76,155.0,10,679.25
p2_S2_W.48,3243.0,178.53,114.0,7,507.23
p2_W_E.97,3134.0,294.8,152.0,10,684.14
p2_N2_S2.162,3420.0,31.35,21.0,1,209.24
p2_S2_W.49,3273.0,148.26,95.0,4,451.94
p2_E_W.166,2722.0,705.3,486.0,18,1305.8
p2_N2_S2.163,3430.0,22.61,12.0,1,199.99
p2_N2_S2.164,3440.0,15.72,3.0,1,188.85
p2_E_W.167,2725.0,709.41,478.0,19,1283.87
p2_E_W.168,2728.0,708.17,473.0,17,1288.87
p2_S2_N2.161,3410.0,37.01,23.0,1,209.71
p2_N2_S2.165,3450.0,6.57,0.0,0,158.79
p2_E_W.169,2773.0,664.97,434.0,17,1224.77
p2_S2_N2.162,3420.0,39.36,22.0,1,231.46
p2_E_W.170,2776.0,660.43,428.0,19,1204.98
p2_S2_N2.163,3430.0,32.74,15.0,1,210.58
p2_S2_W.50,3303.0,137.64,82.0,4,456.33
p2_W_N1.24,3146.0,317.41,184.0,11,643.59
p2_S1_N1.163,3430.0,36.31,24.0,1,215.87
p2_S2_N2.164,3440.0,22.71,5.0,1,190.68
p2_N1_S1.160,3400.0,65.29,41.0,2,261.67
p2_S2_N2.165,3450.0,17.64,0.0,0,192.56
p2_N1_S1.161,3410.0,59.09,32.0,2,259.59
p2_N1_S1.162,3420.0,49.06,29.0,1,232.81
p2_N2_S2.166,3460.0,5.74,0.0,0,147.7
p2_S1_N1.164,3440.0,21.76,9.0,1,187.8
p2_N2_S2.167,3470.0,5.85,0.0,0,155.44
p2_S1_N1.165,3450.0,20.74,5.0,1,200.09
p2_S1_N1.166,3460.0,14.73,0.0,0,194.35
p2_S1_N1.167,3470.0,10.45,0.0,0,178.46
p2_N1_S1.163,3430.0,51.94,29.0,2,244.95
p2_N1_S1.164,3440.0,42.95,24.0,2,222.89
p2_N1_S1.165,3450.0,35.97,16.0,2,211.25
p2_W_E.98,3137.0,319.45,181.0,9,707.48
p2_W_E.99,3140.0,317.26,178.0,12,703.78
p2_N1_E.52,3363.0,96.63,61.0,2,380.2
p2_S1_N1.168,3480.0,6.03,0.0,0,150.4
p2_N1_E.53,3393.0,66.87,39.0,2,324.31
p2_W_E.100,3143.0,332.09,184.0,11,729.66
p2_S2_N2.166,3460.0,37.69,17.0,2,223.06
p2_N2_S2.168,3480.0,17.45,7.0,1,191.66
p2_N1_S1.166,3460.0,30.83,5.0,2,213.13
p2_S2_N2.167,3470.0,29.52,13.0,1,200.35
p2_N2_S2.169,3490.0,7.88,0.0,0,170.16
p2_N1_S1.167,3470.0,31.82,1.0,1,220.28
p2_S2_N2.168,3480.0,20.48,8.0,1,185.41
p2_S2_N2.169,3490.0,15.82,3.0,1,187.95
p2_S2_N2.170,3500.0,7.54,0.0,0,158.34
p2_W_N1.25,3161.0,350.85,204.0,11,684.32
p2_N2_S2.170,3500.0,6.22,0.0,0,155.83
p2_S2_N2.171,3510.0,6.5,0.0,0,150.88
p2_W_N1.26,3176.0,346.57,189.0,10,681.58
p2_N2_S2.171,3510.0,6.21,0.0,0,147.65
p2_N1_E.54,3423.0,85.19,55.0,3,349.06
p2_N1_E.55,3453.0,54.53,21.0,4,315.41
p2_E_S1.17,2780.0,727.79,489.0,20,1304.76
p2_W_E.101,3149.0,359.89,216.0,10,767.83
p2_N1_S1.168,3480.0,58.62,32.0,1,259.45
p2_S1_N1.169,3490.0,43.52,33.0,1,225.92
p2_W_E.102,3152.0,353.83,215.0,13,760.01
p2_W_E.103,3155.0,366.57,208.0,11,773.6
p2_S1_N1.170,3500.0,33.53,20.0,1,207.9
p2_W_E.104,3158.0,361.33,206.0,9,781.44
p2_S1_N1.171,3510.0,36.39,19.0,1,217.28
p2_W_E.105,3164.0,351.4,202.0,15,743.42
p2_S1_N1.172,3520.0,25.67,11.0,1,205.64
p2_S1_N1.173,3530.0,20.09,1.0,1,198.4
p2_W_E.106,3167.0,344.15,193.0,10,729.65
p2_S1_N1.174,3540.0,11.77,0.0,0,177.8
p2_W_E.107,3170.0,361.42,191.0,12,754.94
p2_N1_S1.169,3490.0,63.3,38.0,2,249.85
p2_N2_S2.172,3520.0,33.54,22.0,1,213.79
p2_S2_N2.172,3520.0,33.46,22.0,1,211.64
p2_W_E.108,3173.0,360.11,188.0,12,753.3
p2_S2_N2.173,3530.0,23.14,12.0,1,194.09
p2_S2_N2.174,3540.0,14.38,4.0,1,179.67
p2_N2_S2.173,3530.0,19.0,7.0,1,183.04
p2_N1_S1.170,3500.0,48.15,29.0,2,228.37
p2_N2_S2.174,3540.0,23.38,6.0,1,200.78
p2_E_W.171,2783.0,760.42,504.0,19,1353.29
p2_N1_S1.171,3510.0,53.98,26.0,2,240.34
p2_N2_S2.175,3550.0,15.97,0.0,0,193.04
p2_E_W.172,2786.0,758.85,502.0,19,1359.95
p2_N2_S2.176,3560.0,7.65,0.0,0,173.49
p2_E_W.173,2789.0,755.65,496.0,21,1352.67
p2_W_E.109,3179.0,370.82,204.0,13,771.72
p2_E_W.174,2794.0,756.26,492.0,19,1354.89
p2_W_E.110,3183.0,368.76,198.0,14,773.66
p2_S2_W.51,3333.0,217.48,146.0,7,564.25
p2_W_E.111,3186.0,367.66,199.0,16,760.36
p2_S2_W.52,3363.0,189.75,124.0,7,524.69
p2_E_W.175,2843.0,712.41,465.0,22,1278.55
p2_E_W.176,2846.0,704.54,458.0,21,1277.87
p2_W_E.112,3191.0,357.1,194.0,13,750.03
p2_E_W.177,2850.0,710.66,455.0,22,1270.09
p2_N2_S2.177,3570.0,14.52,2.0,1,179.99
p2_E_W.178,2855.0,709.15,449.0,21,1273.5
p2_E_W.179,2862.0,703.99,443.0,21,1278.75
p2_E_W.180,2905.0,662.75,407.0,18,1212.21
p2_N2_S2.178,3580.0,6.02,0.0,0,152.96
p2_W_N1.27,3201.0,391.51,235.0,14,757.43
p2_E_S1.18,2974.0,593.54,347.0,21,1107.42
p2_N1_S1.172,3520.0,78.67,50.0,3,287.3
p2_N1_S1.173,3530.0,64.94,38.0,3,259.58
p2_N1_E.56,3483.0,90.68,58.0,3,362.22
p2_N1_S1.174,3540.0,67.07,34.0,2,272.28
p2_S1_N1.175,3550.0,39.8,28.0,1,215.0
p2_N1_E.57,3513.0,73.1,42.0,3,332.51
p2_S1_N1.176,3560.0,48.75,27.0,1,225.54
p2_S1_N1.177,3570.0,40.44,19.0,1,222.02
p2_N1_S1.175,3550.0,61.51,32.0,3,261.45
p2_S1_N1.178,3580.0,23.53,7.0,1,198.69
p2_N1_S1.176,3560.0,53.38,28.0,1,248.81
p2_S1_N1.179,3590.0,24.14,3.0,1,213.38
p2_N1_S1.177,3570.0,45.21,25.0,1,229.62
p2_N2_S2.179,3590.0,21.24,11.0,1,188.49
p2_E_W.181,2978.0,620.7,365.0,20,1144.48
p2_S2_N2.175,3550.0,71.34,51.0,1,277.58
p2_E_W.182,2982.0,619.1,366.0,19,1136.36
p2_E_W.183,2990.0,613.11,359.0,20,1120.05
p2_S2_N2.176,3560.0,58.65,42.0,1,243.67
p2_S2_W.53,3393.0,207.63,127.0,9,557.97
p2_E_W.184,3032.0,576.91,345.0,23,1087.71
p2_S2_N2.177,3570.0,60.22,40.0,1,250.3
p2_E_W.185,3035.0,575.64,341.0,21,1086.79
p2_E_W.186,3038.0,567.75,327.0,20,1043.64
p2_E_W.187,3041.0,568.39,322.0,20,1064.85
p2_N1_E.58,3543.0,62.9,36.0,3,298.78
p2_S2_W.54,3423.0,192.08,115.0,8,534.11
p2_S2_W.55,3453.0,163.36,89.0,6,486.69
p2_E_W.188,3048.0,572.5,347.0,17,1074.19
p2_E_W.189,3097.0,521.28,301.0,17,986.56
p2_E_W.190,3101.0,523.01,301.0,15,993.25
p2_W_E.113,3252.0,365.84,224.0,13,755.88
p2_W_N1.28,3266.0,383.7,225.0,15,737.39
p2_W_E.114,3256.0,376.51,218.0,13,771.27
p2_W_E.115,3259.0,366.97,215.0,13,762.31
p2_W_E.116,3262.0,374.04,214.0,14,767.02
p2_W_N1.29,3285.0,378.16,207.0,14,717.82
p2_W_N1.30,3341.0,333.56,186.0,17,652.49
p2_W_E.117,3272.0,381.42,228.0,16,765.24
p2_W_E.118,3275.0,380.81,218.0,17,790.57
p2_E_S1.19,3104.0,548.82,327.0,17,1044.49
p2_W_E.119,3279.0,377.18,217.0,15,769.64
p2_W_E.120,3282.0,383.51,212.0,17,777.65
p2_N1_S1.178,3580.0,100.26,77.0,2,322.26
p2_W_E.121,3291.0,372.64,206.0,16,760.98
p2_N1_S1.179,3590.0,103.21,73.0,2,322.16
p2_E_W.191,3107.0,568.76,336.0,17,1073.04
p2_S2_W.56,3483.0,192.85,118.0,8,536.79
p2_S2_W.57,3513.0,164.44,95.0,6,493.94
p2_E_W.192,3113.0,562.89,332.0,21,1068.99
p2_E_W.193,3143.0,537.81,314.0,16,1044.45
p2_S2_N2.178,3580.0,106.28,85.0,2,326.32
p2_E_W.194,3147.0,540.27,301.0,17,1040.51
p2_W_E.122,3322.0,365.72,204.0,15,770.57
p2_E_W.195,3150.0,538.88,298.0,19,1029.02
p2_S2_N2.179,3590.0,119.62,84.0,2,336.63
p2_W_E.123,3325.0,365.11,200.0,18,781.29
p2_E_W.196,3158.0,531.27,294.0,18,1029.18
p2_W_E.124,3329.0,363.08,198.0,18,771.18
p2_E_W.197,3165.0,527.46,289.0,18,1019.02
p2_E_W.198,3173.0,521.14,287.0,16,1027.4
p2_W_E.125,3332.0,362.02,194.0,14,768.52
p2_W_E.126,3403.0,292.84,150.0,15,650.11
p2_E_W.199,3211.0,477.01,274.0,17,944.12
p2_E_W.200,3244.0,450.91,255.0,15,886.65
p2_N1_E.59,3573.0,117.56,86.0,3,396.43
p2_W_E.127,3407.0,296.54,151.0,12,659.2
p2_W_N1.31,3423.0,302.87,162.0,15,614.18
p2_W_E.128,3410.0,296.55,147.0,12,657.47
p2_W_N1.32,3477.0,259.92,132.0,13,564.9
p2_W_E.129,3414.0,280.0,147.0,14,632.16
p2_W_N1.33,3492.0,255.07,121.0,13,535.65
p2_W_E.130,3464.0,261.89,140.0,12,604.94
p2_E_S1.20,3248.0,483.46,282.0,16,956.66
p2_W_E.131,3467.0,269.44,134.0,11,615.33
p2_W_E.132,3471.0,267.12,133.0,11,625.83
p2_W_E.133,3474.0,264.58,131.0,11,629.94
p2_W_E.134,3480.0,255.9,130.0,12,604.92
p2_W_E.135,3483.0,268.13,125.0,13,618.89
p2_S2_W.58,3543.0,207.13,138.0,7,572.22
p2_S2_W.59,3573.0,179.29,118.0,6,528.87
p2_E_W.201,3251.0,502.71,300.0,20,998.19
p2_E_W.202,3255.0,497.91,296.0,18,977.94
p2_E_W.203,3262.0,490.8,283.0,17,969.67
p2_E_W.204,3286.0,472.25,273.0,19,922.18
p2_W_E.136,3486.0,277.42,139.0,15,630.03
p2_E_W.205,3290.0,471.56,259.0,16,941.4
p2_W_E.137,3489.0,277.01,138.0,11,638.14
p2_W_E.138,3495.0,266.91,128.0,14,621.35
p2_E_W.206,3293.0,459.95,260.0,17,916.05
p2_W_E.139,3498.0,270.51,123.0,14,626.94
p2_E_W.207,3296.0,469.91,257.0,17,913.98
p2_E_W.208,3299.0,476.9,251.0,18,932.0
p2_W_E.140,3500.0,275.56,122.0,14,635.09
p2_W_E.141,3503.0,274.29,127.0,15,634.99
p2_E_W.209,3306.0,451.97,246.0,17,881.13
p2_E_W.210,3332.0,449.56,237.0,16,883.12
p2_W_N1.34,3523.0,277.24,142.0,19,585.73
p2_W_N1.35,3602.0,210.74,92.0,11,489.93
p2_W_N1.36,3620.0,205.33,84.0,10,464.24
p2_W_E.142,3534.0,271.25,139.0,18,623.43
p2_W_E.143,3593.0,214.1,96.0,10,533.39
p2_W_E.144,3596.0,212.72,95.0,9,526.41
p2_W_E.145,3599.0,211.28,95.0,10,517.03
p2_W_E.146,3605.0,211.48,89.0,13,527.55
p2_W_E.147,3608.0,210.29,93.0,14,530.88
p2_E_S1.21,3335.0,461.1,261.0,20,922.3
p2_W_E.148,3611.0,208.37,89.0,10,515.31
p2_E_W.211,3339.0,487.36,273.0,18,936.6
p2_E_W.212,3347.0,477.48,262.0,20,942.1
p2_E_W.213,3383.0,449.69,238.0,17,891.94
p2_E_W.214,3386.0,445.18,231.0,18,870.6
p2_E_W.215,3389.0,447.27,225.0,16,885.66
p2_E_W.216,3393.0,444.95,224.0,21,886.47
p2_W_E.149,3614.0,225.93,102.0,12,562.7
p2_W_E.150,3617.0,224.85,96.0,12,559.41
p2_E_W.217,3399.0,432.27,222.0,18,855.83
p2_W_E.151,3623.0,219.66,89.0,12,558.43
p2_E_W.218,3423.0,408.95,205.0,17,825.01
p2_W_E.152,3626.0,220.28,85.0,13,562.68
p2_E_W.219,3427.0,407.06,195.0,17,822.82
p2_E_W.220,3430.0,414.56,198.0,19,822.11
p2_W_N1.37,3660.0,211.53,89.0,13,488.57
p2_W_E.153,3629.0,215.74,88.0,14,534.82
p2_W_E.154,3632.0,228.18,84.0,15,556.75
p2_W_N1.38,3728.0,157.32,50.0,7,401.06
p2_W_N1.39,3754.0,142.02,41.0,6,367.3
p2_W_N1.40,3769.0,137.38,29.0,5,363.88
p2_W_E.155,3708.0,164.41,60.0,7,458.03
p2_E_S1.22,3435.0,451.85,228.0,18,889.0
p2_W_E.156,3711.0,176.48,56.0,7,481.16
p2_W_E.157,3715.0,174.3,53.0,6,494.61
p2_W_E.158,3720.0,165.65,53.0,6,496.95
p2_W_E.159,3742.0,150.92,47.0,5,480.72
p2_W_E.160,3745.0,149.64,42.0,5,473.28
p2_W_E.161,3748.0,143.87,47.0,6,436.06
p2_W_E.162,3751.0,147.06,42.0,6,435.97
p2_E_W.221,3442.0,460.73,248.0,19,917.25
p2_E_W.222,3468.0,437.32,239.0,18,874.69
p2_E_W.223,3471.0,436.4,236.0,16,869.38
p2_E_W.224,3474.0,430.89,226.0,17,858.72
p2_E_W.225,3478.0,433.92,221.0,17,872.01
p2_E_W.226,3481.0,434.3,219.0,17,881.89
p2_E_W.227,3484.0,430.59,210.0,15,869.07
p2_W_E.163,3757.0,157.35,48.0,6,460.13
p2_E_W.228,3487.0,431.76,210.0,17,868.88
p2_W_E.164,3760.0,156.06,45.0,8,455.33
p2_W_E.165,3763.0,156.95,43.0,7,456.13
p2_W_E.166,3766.0,156.11,41.0,6,465.82
p2_E_W.229,3490.0,422.64,208.0,16,852.36
p2_E_W.230,3493.0,432.06,204.0,17,866.12
p2_W_N1.41,3793.0,156.86,49.0,9,400.67
p2_W_E.167,3772.0,152.34,43.0,7,432.91
p2_W_E.168,3775.0,157.84,41.0,7,445.73
p2_W_E.169,3784.0,150.56,37.0,7,441.29
p2_W_E.170,3788.0,148.32,37.0,7,442.37
p2_W_E.171,3802.0,151.24,48.0,8,425.23
p2_W_N1.42,3828.0,128.7,30.0,5,363.43
p2_W_N1.43,3843.0,133.43,25.0,6,351.89
p2_W_E.172,3816.0,138.21,41.0,6,404.44
p2_W_E.173,3819.0,139.19,38.0,5,414.51
p2_W_E.174,3822.0,136.91,38.0,6,424.22
p2_W_E.175,3825.0,139.43,34.0,6,418.02
p2_W_E.176,3831.0,137.0,31.0,6,398.27
p2_E_S1.23,3497.0,455.61,238.0,15,898.53
p2_W_E.177,3834.0,135.02,29.0,6,399.14
p2_W_E.178,3837.0,136.66,28.0,6,408.73
p2_E_W.231,3516.0,462.98,234.0,15,895.84
p2_E_W.232,3520.0,460.91,232.0,18,895.74
p2_E_W.233,3523.0,450.12,234.0,16,908.46
p2_E_W.234,3531.0,442.74,235.0,16,877.24
p2_W_E.179,3840.0,152.3,38.0,6,436.84
p2_E_W.235,3573.0,414.38,200.0,16,844.13
p2_W_E.180,3846.0,148.4,35.0,6,437.81
p2_E_W.236,3577.0,418.37,197.0,18,852.73
p2_E_W.237,3580.0,417.05,193.0,17,856.56
p2_W_E.181,3849.0,147.5,30.0,5,436.68
p2_E_W.238,3583.0,413.49,190.0,18,851.33
p2_E_W.239,3589.0,407.94,186.0,17,848.13
p2_W_E.182,3852.0,139.4,29.0,7,433.22
p2_E_W.240,3618.0,379.73,170.0,16,812.56
p2_W_E.183,3862.0,139.16,37.0,8,424.82
p2_W_N1.44,3873.0,147.77,50.0,8,405.73
p2_W_N1.45,3904.0,131.77,34.0,7,350.26
p2_W_N1.46,3919.0,123.45,24.0,5,344.04
p2_W_N1.47,3943.0,112.78,17.0,2,324.45
p2_W_E.184,3891.0,133.47,41.0,5,421.68
p2_W_E.185,3895.0,142.87,39.0,6,439.5
p2_W_E.186,3898.0,141.61,37.0,5,446.61
p2_E_S1.24,3622.0,417.35,203.0,16,847.51
p2_W_E.187,3901.0,130.82,36.0,6,416.99
p2_W_E.188,3907.0,127.26,32.0,5,392.09
p2_W_E.189,3910.0,130.66,28.0,6,399.99
p2_W_E.190,3913.0,137.72,30.0,5,415.18
p2_W_E.191,3916.0,136.39,26.0,4,423.5
p2_W_E.192,3922.0,132.15,20.0,2,413.54
p2_E_W.241,3625.0,427.27,207.0,14,863.96
p2_E_W.242,3628.0,430.35,207.0,19,869.9
p2_E_W.243,3631.0,428.65,207.0,19,860.37
p2_E_W.244,3634.0,427.77,193.0,17,868.54
p2_E_W.245,3640.0,423.55,206.0,16,867.54
p2_E_W.246,3673.0,386.31,194.0,13,797.37
p2_W_E.193,3925.0,141.53,30.0,4,444.05
p2_E_W.247,3698.0,362.21,174.0,14,752.84
p2_W_E.194,3928.0,142.46,30.0,5,440.88
p2_E_W.248,3704.0,368.22,172.0,13,761.39
p2_W_E.195,3936.0,136.24,26.0,3,422.25
p2_E_W.249,3722.0,351.12,171.0,13,754.78
p2_W_E.196,3952.0,116.85,25.0,4,408.2
p2_W_E.197,3964.0,114.26,31.0,4,390.06
p2_E_W.250,3725.0,334.85,166.0,11,737.0
p2_W_E.198,3967.0,111.6,27.0,4,376.23
p2_W_N1.48,3975.0,123.1,38.0,4,371.22
p2_W_E.199,3970.0,110.54,26.0,4,375.47
p2_W_E.200,3973.0,113.05,27.0,3,394.74
p2_W_N1.49,3991.0,120.83,27.0,5,355.0
p2_W_N1.50,4006.0,114.72,19.0,4,316.42
p2_W_E.201,3978.0,127.39,33.0,4,405.25
p2_W_E.202,3982.0,125.41,31.0,4,401.4
p2_W_N1.51,4033.0,96.53,11.0,4,300.46
p2_W_E.203,3985.0,121.3,31.0,4,397.26
p2_E_S1.25,3728.0,387.86,201.0,13,811.16
p2_W_E.204,3987.0,128.68,29.0,6,412.05
p2_W_E.205,3994.0,124.48,25.0,4,404.83
p2_W_E.206,3997.0,116.17,22.0,3,385.17
p2_W_E.207,4000.0,126.61,23.0,6,385.28
p2_W_E.208,4003.0,119.69,20.0,4,384.55
p2_W_E.209,4013.0,117.22,15.0,4,383.94
p2_E_W.251,3731.0,393.82,206.0,13,815.36
p2_E_W.252,3734.0,401.36,203.0,14,836.96
p2_E_W.253,3737.0,397.41,203.0,12,811.72
p2_E_W.254,3740.0,398.84,200.0,15,830.68
p2_E_W.255,3743.0,396.27,203.0,15,831.93
p2_W_E.210,4016.0,128.41,27.0,5,401.73
p2_W_E.211,4019.0,126.99,23.0,4,394.92
p2_E_W.256,3747.0,380.44,206.0,12,805.05
p2_E_W.257,3752.0,394.06,200.0,15,826.28
p2_E_W.258,3756.0,397.17,198.0,12,832.24
p2_W_E.212,4024.0,116.06,19.0,5,384.46
p2_E_W.259,3759.0,386.81,192.0,13,814.38
p2_W_E.213,4040.0,113.63,16.0,6,398.25
p2_E_W.260,3762.0,393.91,191.0,13,816.53
p2_W_N1.52,4053.0,125.31,30.0,5,363.33
p2_W_E.214,4044.0,103.69,19.0,3,375.9
p2_W_E.215,4047.0,120.69,18.0,3,386.32
p2_W_E.216,4050.0,118.76,14.0,3,397.85
p2_W_N1.53,4068.0,118.59,23.0,4,338.61
p2_W_E.217,4056.0,125.51,27.0,3,410.77
p2_W_N1.54,4099.0,101.19,16.0,5,304.29
p2_W_E.218,4059.0,119.2,25.0,4,393.27
p2_W_E.219,4062.0,129.73,24.0,3,397.49
p2_E_S1.26,3765.0,419.96,226.0,14,858.93
p2_W_E.220,4065.0,120.27,23.0,4,386.88
p2_W_E.221,4071.0,127.53,21.0,3,391.56
p2_W_E.222,4074.0,116.17,20.0,3,370.15
p2_E_W.261,3768.0,437.73,230.0,12,884.41
p2_W_E.223,4077.0,131.51,16.0,3,385.28
p2_E_W.262,3771.0,438.32,223.0,12,878.88
p2_E_W.263,3774.0,437.1,219.0,12,866.0
p2_E_W.264,3777.0,435.82,215.0,13,868.87
p2_E_W.265,3780.0,435.02,219.0,12,876.16
p2_E_W.266,3783.0,433.89,214.0,11,872.7
p2_E_W.267,3786.0,425.21,212.0,12,851.89
p2_W_E.224,4080.0,133.4,27.0,5,399.31
p2_E_W.268,3789.0,436.48,209.0,14,859.75
p2_W_E.225,4089.0,136.58,29.0,5,420.43
p2_E_W.269,3818.0,409.27,195.0,14,812.9
p2_W_E.226,4116.0,108.94,23.0,3,393.26
p2_E_W.270,3828.0,400.96,193.0,14,815.38
p2_W_E.227,4119.0,110.13,20.0,3,387.82
p2_W_E.228,4123.0,94.48,20.0,3,354.12
p2_W_N1.55,4129.0,120.55,40.0,4,347.4
p2_W_E.229,4126.0,101.09,18.0,3,370.7
p2_W_N1.56,4144.0,119.23,32.0,3,335.53
p2_W_N1.57,4159.0,113.69,25.0,3,319.21
p2_W_N1.58,4176.0,106.55,18.0,3,308.59
p2_W_E.230,4132.0,121.82,39.0,4,383.46
p2_W_E.231,4135.0,129.26,36.0,4,406.87
p2_W_E.232,4138.0,127.99,35.0,3,412.89
p2_E_S1.27,3831.0,435.78,227.0,12,858.3
p2_W_E.233,4141.0,113.96,31.0,3,373.36
p2_W_E.234,4147.0,132.05,30.0,3,403.27
p2_W_E.235,4150.0,130.66,29.0,3,426.62
p2_E_W.271,3835.0,447.87,236.0,12,902.74
p2_W_E.236,4153.0,129.48,27.0,3,418.98
p2_W_E.237,4156.0,128.16,27.0,4,398.65
p2_E_W.272,3838.0,446.95,233.0,14,890.47
p2_W_E.238,4162.0,120.48,22.0,3,386.53
p2_E_W.273,3841.0,443.46,230.0,13,890.4
p2_E_W.274,3844.0,436.7,222.0,13,884.79
p2_W_E.239,4165.0,129.93,33.0,4,420.02
p2_E_W.275,3847.0,442.77,232.0,11,892.31
p2_E_W.276,3850.0,448.29,230.0,11,897.83
p2_E_W.277,3853.0,446.27,232.0,10,905.44
p2_W_E.240,4168.0,125.54,31.0,4,402.19
p2_W_E.241,4171.0,130.17,28.0,4,414.23
p2_E_W.278,3856.0,445.79,224.0,10,885.16
p2_E_W.279,3859.0,444.44,219.0,12,890.57
p2_E_W.280,3862.0,443.18,214.0,11,890.48
p2_W_E.242,4185.0,109.83,24.0,4,376.79
p2_W_E.243,4191.0,116.07,29.0,4,389.78
p2_W_N1.59,4200.0,129.46,40.0,5,371.55
p2_E_S1.28,3892.0,427.89,214.0,10,850.21
p2_E_W.281,3897.0,425.11,212.0,12,853.66
p2_W_E.244,4194.0,105.93,27.0,4,368.46
p2_E_W.282,3904.0,419.32,210.0,10,849.57
p2_W_E.245,4197.0,125.47,27.0,4,398.52
p2_E_W.283,3910.0,413.08,204.0,12,848.8
p2_E_W.284,3913.0,416.18,201.0,11,843.61
p2_E_W.285,3916.0,414.87,205.0,11,853.11
p2_E_W.286,3919.0,410.99,202.0,10,831.48
p2_W_E.246,4203.0,130.39,37.0,6,406.14
p2_E_W.287,3922.0,412.54,198.0,11,854.37
p2_W_E.247,4206.0,129.82,35.0,4,408.01
p2_E_W.288,3925.0,411.3,202.0,10,854.1
p2_E_W.289,3928.0,409.98,197.0,11,845.94
p2_W_E.248,4209.0,128.88,34.0,3,411.63
p2_W_E.249,4212.0,127.53,31.0,4,408.98
p2_E_W.290,3931.0,403.95,192.0,13,829.87
p2_E_W.291,3937.0,423.77,197.0,13,848.9
p2_E_S1.29,3934.0,414.23,198.0,13,847.88
p2_E_W.292,3973.0,384.4,174.0,11,785.99
p2_E_W.293,3980.0,383.04,172.0,11,796.12
p2_E_W.294,3983.0,385.97,174.0,13,797.6
p2_E_W.295,3986.0,384.69,182.0,15,806.03
p2_E_W.296,3989.0,383.47,178.0,11,816.33
p2_E_W.297,3992.0,382.23,172.0,10,812.55
p2_E_W.298,3995.0,374.47,169.0,12,777.81
p2_E_W.299,3998.0,379.98,167.0,13,781.93
p2_E_W.300,4001.0,371.62,168.0,12,764.78
p2_E_S1.30,4004.0,374.24,169.0,12,781.54
p2_E_W.301,4010.0,372.7,160.0,10,770.69
p2_E_W.302,4048.0,334.25,140.0,8,710.69
p2_E_W.303,4055.0,332.57,138.0,12,700.74
p2_E_W.304,4058.0,331.23,136.0,11,705.64
p2_E_W.305,4062.0,328.98,145.0,9,709.47
p2_E_W.306,4065.0,327.79,151.0,10,713.5
p2_E_W.307,4068.0,321.14,143.0,9,678.83
p2_E_W.308,4071.0,323.74,142.0,9,689.22
p2_E_W.309,4074.0,325.12,139.0,8,705.32
p2_E_W.310,4077.0,323.76,133.0,9,703.9
p2_E_S1.31,4081.0,320.62,126.0,6,679.53
p2_E_W.311,4087.0,310.05,128.0,8,669.02
p2_E_W.312,4118.0,291.45,115.0,7,625.91
p2_E_W.313,4124.0,284.83,109.0,6,627.99
p2_E_W.314,4130.0,282.76,107.0,5,634.92
p2_E_W.315,4135.0,262.35,124.0,7,601.03
p2_E_W.316,4139.0,284.23,125.0,6,611.58
p2_E_W.317,4142.0,276.14,125.0,7,614.8
p2_E_W.318,4145.0,288.8,134.0,8,614.15
p2_E_W.319,4148.0,286.88,130.0,8,620.65
p2_E_W.320,4151.0,289.22,127.0,8,636.79
p2_E_S1.32,4154.0,286.09,124.0,7,642.7
p2_E_W.321,4159.0,284.25,123.0,8,633.76
p2_E_W.322,4196.0,249.26,102.0,6,596.0
p2_E_W.323,4201.0,244.92,99.0,6,573.94
p2_E_W.324,4209.0,239.96,98.0,6,562.46
p2_E_W.325,4214.0,235.92,95.0,5,557.01
p2_E_W.326,4217.0,233.39,97.0,6,558.05
p2_E_W.327,4220.0,235.65,92.0,5,561.58
p2_E_W.328,4223.0,232.4,94.0,5,573.46
p2_E_W.329,4226.0,233.04,90.0,6,579.59
p2_E_W.330,4229.0,224.73,89.0,6,535.86
p2_E_S1.33,4232.0,230.82,85.0,6,556.58
p2_E_W.331,4239.0,221.64,86.0,5,546.81
p2_E_W.332,4272.0,196.93,65.0,5,496.83
p2_E_W.333,4278.0,191.25,66.0,4,489.74
p2_E_W.334,4285.0,189.94,68.0,5,498.36
p2_E_W.335,4288.0,188.63,64.0,4,519.74
p2_E_W.336,4291.0,187.43,62.0,5,518.52
p2_E_W.337,4295.0,180.88,61.0,5,508.9
p2_E_W.338,4298.0,184.01,67.0,6,527.21
p2_E_W.339,4301.0,175.12,68.0,4,508.93
p2_E_W.340,4304.0,181.63,63.0,5,506.96
p2_E_W.341,4311.0,176.26,60.0,5,479.4
p2_E_S1.34,4307.0,172.09,62.0,4,492.19
p2_E_W.342,4351.0,130.42,39.0,3,406.23
p2_E_W.343,4356.0,128.45,35.0,3,403.64
p2_E_W.344,4361.0,150.61,50.0,4,448.0
p2_E_W.345,4365.0,137.74,48.0,4,432.55
p2_E_W.346,4368.0,147.96,47.0,4,432.07
p2_E_W.347,4371.0,151.31,43.0,4,443.23
p2_E_W.348,4374.0,150.72,43.0,4,458.82
p2_E_W.349,4376.0,147.52,39.0,4,455.06
p2_E_W.350,4380.0,146.19,36.0,4,453.42
p2_E_W.351,4387.0,143.18,40.0,5,427.8
p2_E_W.352,4427.0,104.92,16.0,4,376.1
p2_E_W.353,4436.0,95.12,15.0,3,364.61
p2_E_S1.35,4383.0,132.2,36.0,4,412.08
p2_E_W.354,4440.0,94.78,13.0,3,364.08
p2_E_W.355,4443.0,89.59,11.0,3,348.37
p2_E_W.356,4446.0,88.19,11.0,3,355.03
p2_E_W.357,4449.0,92.66,11.0,3,359.68
p2_E_W.358,4452.0,91.43,9.0,2,365.83
p2_E_W.359,4455.0,88.01,10.0,3,350.79
p2_E_W.360,4458.0,88.91,6.0,2,372.65
p2_E_S1.36,4461.0,83.04,6.0,2,356.07
p2_E_W.361,4466.0,82.83,6.0,2,347.5
p2_E_W.362,4483.0,59.75,5.0,1,318.31
p2_E_W.363,4486.0,74.44,5.0,1,330.67
p2_E_W.364,4489.0,65.31,4.0,1,319.32
p2_E_W.365,4492.0,71.96,13.0,1,354.02
p2_E_W.366,4496.0,69.74,12.0,1,365.19
p2_E_W.367,4499.0,56.81,11.0,1,333.57
p2_E_W.368,4502.0,66.75,10.0,1,350.19
p2_E_S1.37,4511.0,58.38,7.0,1,329.75
p2_E_W.369,4505.0,66.17,9.0,1,341.2
p2_E_W.370,4508.0,64.89,8.0,1,358.1
p2_E_W.371,4514.0,66.24,19.0,3,343.55
p2_E_W.372,4517.0,70.18,16.0,2,357.06
p2_E_W.373,4520.0,66.66,16.0,2,356.82
p2_E_W.374,4523.0,51.31,12.0,2,307.86
p2_E_W.375,4526.0,76.95,13.0,2,328.72
p2_E_S1.38,4544.0,62.57,8.0,2,317.14
p2_E_W.376,4529.0,80.27,12.0,2,342.87
p2_E_W.377,4532.0,78.95,10.0,2,343.78
p2_E_W.378,4535.0,77.64,9.0,2,364.32
p2_E_W.379,4538.0,73.69,8.0,2,347.72
p2_E_W.380,4541.0,69.09,9.0,2,352.49
p2_E_W.381,4547.0,70.88,8.0,2,356.48
p2_E_W.382,4550.0,69.68,5.0,2,350.85
p2_E_W.383,4553.0,68.39,4.0,2,349.75
p2_E_W.384,4556.0,42.88,2.0,1,279.19
p2_E_W.385,4559.0,69.65,3.0,1,293.19
p2_E_W.386,4562.0,68.28,3.0,1,311.61
p2_E_W.387,4564.0,67.94,2.0,1,319.11
p2_E_S1.39,4576.0,54.05,14.0,1,326.5
p2_E_W.388,4567.0,47.7,1.0,1,312.2
p2_E_W.389,4570.0,65.93,1.0,1,324.23
p2_E_W.390,4573.0,58.76,0.0,0,332.36
p2_E_W.391,4580.0,59.37,12.0,1,348.25
p2_E_W.392,4583.0,58.16,11.0,1,330.1
p2_E_W.393,4586.0,53.88,11.0,1,323.18
p2_E_W.394,4589.0,32.55,11.0,1,266.36
p2_E_W.395,4592.0,62.18,11.0,1,296.1
p2_E_W.396,4595.0,57.15,11.0,1,311.04
p2_E_W.397,4598.0,58.18,22.0,2,322.67
p2_E_W.398,4601.0,55.77,21.0,2,311.5
p2_E_W.399,4604.0,60.1,20.0,2,319.78
p2_E_W.400,4607.0,68.34,19.0,2,320.31
p2_E_W.401,4613.0,63.97,18.0,2,322.26
p2_E_W.402,4616.0,62.69,17.0,2,310.37
p2_E_S1.40,4610.0,52.73,19.0,2,311.03
p2_E_W.403,4619.0,61.45,17.0,2,316.93
p2_E_W.404,4622.0,58.28,15.0,2,301.98
p2_E_W.405,4625.0,57.24,13.0,2,301.42
p2_E_W.406,4628.0,57.74,12.0,2,313.26
p2_E_W.407,4631.0,56.56,12.0,2,310.86
p2_E_W.408,4634.0,55.31,11.0,2,311.54
p2_E_W.409,4637.0,53.84,10.0,2,309.07
p2_E_W.410,4640.0,52.7,10.0,2,319.72
p2_E_S1.41,4643.0,50.13,9.0,2,300.38
p2_E_W.411,4646.0,46.91,7.0,2,304.63
p2_E_W.412,4649.0,39.85,5.0,1,286.11
p2_E_W.413,4652.0,42.46,5.0,1,280.73
p2_E_W.414,4655.0,44.15,5.0,1,292.81
p2_E_W.415,4658.0,43.57,4.0,2,297.54
p2_E_W.416,4661.0,48.9,3.0,1,318.13
p2_E_W.417,4664.0,42.66,13.0,1,307.22
p2_E_W.418,4667.0,43.55,11.0,1,314.52
p2_E_W.419,4670.0,45.29,10.0,1,314.39
p2_E_S1.42,4676.0,38.83,9.0,1,292.61
p2_E_W.420,4673.0,40.1,10.0,1,297.73
p2_E_W.421,4679.0,40.08,10.0,1,292.96
p2_E_W.422,4682.0,32.16,8.0,1,263.63
p2_E_W.423,4685.0,37.85,8.0,1,272.12
p2_E_W.424,4688.0,44.3,19.0,2,290.64
p2_E_W.425,4691.0,52.84,17.0,2,312.39
p2_E_W.426,4694.0,47.15,17.0,2,302.78
p2_E_W.427,4697.0,50.48,15.0,2,320.71
p2_E_W.428,4700.0,40.24,14.0,2,284.62
p2_E_W.429,4703.0,49.65,12.0,2,302.72
p2_E_W.430,4706.0,48.41,11.0,3,316.05
p2_E_W.431,4712.0,44.83,9.0,1,293.8
p2_E_S1.43,4709.0,41.42,8.0,1,291.64
p2_E_W.432,4715.0,43.67,9.0,1,291.4
p2_E_W.433,4718.0,42.72,7.0,1,291.76
p2_E_W.434,4721.0,41.58,7.0,1,291.69
p2_E_W.435,4724.0,40.44,6.0,1,291.59
p2_E_W.436,4727.0,39.17,6.0,1,298.88
p2_E_W.437,4730.0,37.99,6.0,1,295.47
p2_E_W.438,4733.0,36.7,6.0,1,278.99
p2_E_W.439,4736.0,35.45,5.0,1,277.13
p2_E_S1.44,4742.0,33.12,5.0,1,263.0
p2_E_W.440,4739.0,24.06,5.0,1,240.54
p2_E_W.441,4745.0,29.85,4.0,1,263.19
p2_E_W.442,4748.0,35.72,12.0,1,288.58
p2_E_W.443,4751.0,34.44,12.0,1,306.27
p2_E_W.444,4754.0,27.24,9.0,1,258.62
p2_E_W.445,4757.0,32.04,7.0,1,281.74
p2_E_W.446,4760.0,30.8,7.0,1,290.83
p2_E_W.447,4763.0,19.87,3.0,1,242.01
p2_E_W.448,4766.0,24.41,3.0,1,259.77
p2_E_W.449,4769.0,23.92,2.0,1,260.62
p2_E_S1.45,4775.0,21.87,0.0,0,258.31
p2_E_W.450,4772.0,26.47,1.0,1,267.61
p2_E_W.451,4778.0,36.8,11.0,1,296.84
p2_E_W.452,4781.0,35.63,9.0,1,294.79
p2_E_W.453,4784.0,34.5,9.0,1,284.88
p2_E_W.454,4787.0,33.79,9.0,1,281.02
p2_E_W.455,4790.0,32.63,7.0,1,275.55
p2_E_W.456,4793.0,31.62,7.0,1,269.43
p2_E_W.457,4796.0,29.96,8.0,1,261.83
p2_E_W.458,4799.0,23.74,8.0,1,224.46
p2_E_W.459,4802.0,24.74,6.0,1,239.3
p2_E_W.460,4805.0,30.36,6.0,1,256.22
p2_E_S1.46,4808.0,26.95,5.0,1,257.49
p2_E_W.461,4811.0,26.13,5.0,1,254.75
p2_E_W.462,4814.0,24.93,5.0,1,252.55
p2_E_W.463,4817.0,22.3,5.0,1,248.44
p2_E_W.464,4820.0,22.43,4.0,1,247.95
p2_E_W.465,4823.0,21.26,3.0,1,249.11
p2_E_W.466,4826.0,21.35,8.0,1,233.01
p2_E_W.467,4829.0,24.07,8.0,1,247.55
p2_E_W.468,4832.0,29.99,7.0,1,273.63
p2_E_W.469,4835.0,28.7,7.0,1,275.49
p2_E_W.470,4838.0,24.95,6.0,1,270.5
p2_E_W.471,4844.0,21.54,0.0,0,236.81
p2_E_W.472,4847.0,24.83,0.0,0,257.73
p2_E_S1.47,4841.0,16.15,0.0,0,231.94
p2_E_W.473,4850.0,16.37,0.0,0,242.23
p2_E_W.474,4853.0,38.17,12.0,1,294.94
p2_E_W.475,4856.0,37.19,11.0,1,294.77
p2_E_W.476,4859.0,36.05,11.0,1,272.06
p2_E_W.477,4862.0,34.87,10.0,1,270.97
p2_E_W.478,4865.0,32.08,9.0,1,265.6
p2_E_W.479,4868.0,33.72,8.0,1,269.48
p2_E_W.480,4871.0,32.5,8.0,1,269.3
p2_E_S1.48,4874.0,27.12,7.0,1,246.22
p2_E_W.481,4877.0,21.45,6.0,1,241.9
p2_E_W.482,4880.0,29.86,5.0,1,259.25
p2_E_W.483,4883.0,32.05,4.0,1,272.34
p2_E_W.484,4886.0,32.44,2.0,1,293.11
p2_E_W.485,4889.0,31.1,2.0,1,297.63
p2_E_W.486,4892.0,14.83,0.0,0,231.37
p2_E_W.487,4895.0,29.29,0.0,0,259.55
p2_E_W.488,4898.0,29.34,11.0,1,253.8
p2_E_W.489,4901.0,27.18,11.0,1,244.61
p2_E_W.490,4904.0,25.26,10.0,1,244.69
p2_E_W.491,4910.0,27.96,9.0,1,265.01
p2_E_S1.49,4907.0,25.83,9.0,1,250.48
p2_E_W.492,4913.0,24.16,8.0,1,246.77
p2_E_W.493,4916.0,24.25,7.0,1,258.11
p2_E_W.494,4919.0,18.87,4.0,1,227.36
p2_E_W.495,4922.0,16.64,2.0,1,225.31
p2_E_W.496,4925.0,42.29,14.0,2,286.54
p2_E_W.497,4928.0,41.25,12.0,2,286.51
p2_E_W.498,4931.0,38.34,10.0,1,289.77
p2_E_W.499,4934.0,32.93,10.0,1,282.52
p2_E_W.500,4937.0,40.17,9.0,1,297.92
p2_E_S1.50,4940.0,38.82,7.0,1,290.04
p2_E_W.501,4943.0,37.81,8.0,1,295.23
p2_E_W.502,4946.0,36.55,7.0,1,300.43
p2_E_W.503,4949.0,35.36,6.0,1,294.56
p2_E_W.504,4952.0,23.96,6.0,1,245.84
p2_E_W.505,4955.0,33.77,6.0,1,257.81
p2_E_W.506,4958.0,38.09,5.0,1,286.13
p2_E_W.507,4961.0,22.81,3.0,1,240.96
p2_E_W.508,4964.0,36.05,4.0,1,261.06
p2_E_S1.51,4973.0,27.36,10.0,1,255.94
p2_E_W.509,4967.0,34.67,3.0,1,267.53
p2_E_W.510,4970.0,33.47,3.0,1,281.68
p2_E_W.511,4976.0,29.27,10.0,1,272.53
p2_E_W.512,4979.0,27.91,9.0,1,277.46
p2_E_W.513,4982.0,26.75,7.0,1,267.44
p2_E_W.514,4985.0,25.55,5.0,1,262.26
p2_E_W.515,4988.0,24.22,5.0,1,265.48
p2_E_W.516,4991.0,22.99,4.0,1,253.21
p2_E_W.517,4994.0,19.63,1.0,1,242.25
p2_E_W.518,4997.0,14.57,0.0,0,222.6
p2_E_W.519,5000.0,12.49,0.0,0,227.64
p2_E_W.520,5003.0,21.11,0.0,0,235.18
p2_E_S1.52,5006.0,11.03,0.0,0,216.84
p2_E_W.521,5009.0,30.53,12.0,1,265.18
p2_E_W.522,5012.0,33.44,12.0,1,275.45
p2_E_W.523,5015.0,31.9,12.0,1,271.72
p2_E_W.524,5018.0,31.94,10.0,1,276.91
p2_E_W.525,5021.0,24.36,10.0,1,237.28
p2_E_W.526,5024.0,29.91,9.0,1,266.98
p2_E_W.527,5027.0,30.35,9.0,1,268.78
p2_E_W.528,5030.0,29.07,7.0,1,267.54
p2_E_W.529,5033.0,24.78,8.0,1,244.91
p2_E_W.530,5036.0,25.05,11.0,1,228.64
p2_E_S1.53,5039.0,33.04,10.0,1,267.81
p2_E_W.531,5042.0,39.11,9.0,1,274.44
p2_E_W.532,5045.0,38.28,8.0,1,287.7
p2_E_W.533,5048.0,41.27,8.0,1,308.77
p2_E_W.534,5051.0,39.97,7.0,1,307.08
p2_E_W.535,5054.0,38.7,7.0,2,313.72
p2_E_W.536,5057.0,37.56,6.0,1,300.82
p2_E_W.537,5060.0,33.47,6.0,1,294.74
p2_E_W.538,5063.0,34.93,6.0,1,311.28
p2_E_W.539,5066.0,33.77,5.0,1,308.96
p2_E_W.540,5069.0,32.53,4.0,1,298.6
p2_E_S1.54,5072.0,23.59,3.0,1,278.51
p2_E_W.541,5075.0,41.49,14.0,2,303.64
p2_E_W.542,5078.0,41.15,13.0,2,295.59
p2_E_W.543,5081.0,42.76,12.0,1,307.5
p2_E_W.544,5084.0,37.66,11.0,1,293.15
p2_E_W.545,5087.0,40.91,10.0,1,295.62
p2_E_W.546,5090.0,39.69,10.0,1,298.26
p2_E_W.547,5093.0,37.77,9.0,1,282.58
p2_E_W.548,5096.0,37.25,10.0,1,287.96
p2_E_W.549,5099.0,35.96,10.0,1,275.02
p2_E_W.550,5102.0,32.2,10.0,1,265.56
p2_E_S1.55,5105.0,34.41,9.0,1,273.02
p2_E_W.551,5108.0,29.5,8.0,1,248.43
p2_E_W.552,5111.0,25.5,7.0,1,240.34
p2_E_W.553,5114.0,28.18,7.0,1,250.89
p2_E_W.554,5117.0,24.79,12.0,1,237.11
p2_E_W.555,5120.0,32.62,11.0,1,255.68
p2_E_W.556,5123.0,20.2,7.0,1,230.83
p2_E_W.557,5126.0,36.33,6.0,1,259.92
p2_E_W.558,5129.0,35.02,6.0,1,261.55
p2_E_W.559,5132.0,33.82,4.0,1,280.84
p2_E_W.560,5134.0,29.83,3.0,1,276.67
p2_E_W.561,5141.0,28.27,0.0,0,261.12
p2_E_W.562,5144.0,27.04,0.0,0,268.32
p2_E_W.563,5147.0,24.39,0.0,0,259.64
p2_E_S1.56,5137.0,16.53,0.0,0,236.54
p2_E_W.564,5150.0,18.92,0.0,0,251.26
p2_E_W.565,5153.0,24.17,0.0,0,257.44
p2_E_W.566,5156.0,17.39,0.0,0,236.35
p2_E_W.567,5159.0,35.9,11.0,1,293.13
p2_E_W.568,5162.0,24.1,9.0,1,245.78
p2_E_S1.57,5171.0,32.41,7.0,1,273.77
p2_E_W.569,5165.0,40.0,9.0,1,262.0
p2_E_W.570,5168.0,38.72,8.0,1,278.72
p2_E_W.571,5174.0,34.4,8.0,1,278.13
p2_E_W.572,5176.0,33.56,7.0,1,274.0
p2_E_W.573,5179.0,32.98,8.0,1,269.22
p2_E_W.574,5182.0,31.68,7.0,1,271.31
p2_E_W.575,5185.0,21.89,6.0,1,229.75
p2_E_W.576,5188.0,29.76,4.0,1,257.16
p2_E_W.577,5191.0,28.49,3.0,1,270.14
p2_E_W.578,5194.0,27.13,3.0,1,285.79
p2_E_W.579,5197.0,25.82,12.0,1,260.39
p2_E_W.580,5200.0,18.83,7.0,1,238.83
p2_E_S1.58,5203.0,26.96,6.0,1,252.42
p2_E_W.581,5206.0,19.64,4.0,1,247.29
p2_E_W.582,5209.0,29.03,2.0,1,283.84
p2_E_W.583,5212.0,25.4,2.0,1,271.45
p2_E_W.584,5215.0,26.56,1.0,1,277.13
p2_E_W.585,5218.0,25.38,0.0,0,270.83
p2_E_W.586,5221.0,21.09,0.0,0,262.84
p2_E_W.587,5224.0,19.99,0.0,0,244.88
p2_E_W.588,5227.0,21.55,0.0,0,258.02
p2_E_W.589,5230.0,20.21,0.0,0,270.37
p2_E_W.590,5233.0,19.04,0.0,0,259.16
p2_E_S1.59,5236.0,12.86,0.0,0,230.35
p2_E_W.591,5239.0,31.81,13.0,1,250.69
p2_E_W.592,5242.0,22.79,11.0,1,238.17
p2_E_W.593,5245.0,34.03,10.0,1,260.62
p2_E_W.594,5248.0,32.81,10.0,1,270.82
p2_E_W.595,5252.0,30.48,7.0,1,272.25
p2_E_W.596,5255.0,16.5,2.0,1,227.82
p2_E_W.597,5258.0,27.15,2.0,1,248.7
p2_E_W.598,5261.0,29.45,1.0,1,276.15
p2_E_W.599,5264.0,28.25,0.0,0,291.98
