id,depart,timeloss,espera,paradas,co2
p1_N2_S2.0,0.0,40.03,29.0,1,220.64
p1_N1_S1.0,0.0,38.87,29.0,1,221.38
p1_S2_N2.0,0.0,40.26,30.0,1,225.69
p1_N1_S1.1,10.0,34.54,21.0,1,209.37
p1_S2_N2.1,10.0,34.7,22.0,1,216.03
p1_N2_S2.1,10.0,36.25,24.0,1,220.28
p1_N1_S1.2,20.0,26.4,13.0,1,196.51
p1_N2_S2.2,20.0,28.23,16.0,1,200.3
p1_S1_N1.0,0.0,34.99,25.0,1,205.07
p1_S2_N2.2,20.0,22.03,10.0,1,182.51
p1_S1_N1.1,10.0,33.9,21.0,1,207.2
p1_N1_S1.3,30.0,15.65,4.0,1,179.37
p1_S2_N2.3,30.0,21.27,6.0,1,196.99
p1_N1_S1.4,40.0,11.65,0.0,0,172.31
p1_S1_N1.2,20.0,31.65,15.0,1,208.52
p1_S2_N2.4,40.0,12.97,0.0,0,185.73
p1_W_S2.0,3.0,32.17,13.0,1,248.33
p1_W_E.0,0.0,24.8,12.0,1,231.87
p1_E_W.0,0.0,22.84,12.0,1,238.7
p1_E_N1.0,3.0,24.37,11.0,1,249.56
p1_W_E.1,6.0,34.46,11.0,1,281.32
p1_E_W.1,8.0,32.43,11.0,1,256.0
p1_W_E.2,9.0,32.88,11.0,1,282.22
p1_E_W.2,15.0,22.77,8.0,1,238.85
p1_W_E.3,12.0,30.69,11.0,1,283.11
p1_E_W.3,22.0,21.99,6.0,1,248.55
p1_W_E.4,15.0,30.07,10.0,1,279.97
p1_E_W.4,29.0,16.75,0.0,0,241.69
p1_N2_W.0,3.0,44.45,27.0,1,275.32
p1_W_E.5,18.0,29.34,10.0,1,267.62
p1_W_E.6,21.0,28.05,10.0,1,254.98
p1_W_E.7,24.0,26.99,9.0,1,254.98
p1_S1_E.0,3.0,43.59,24.0,1,295.59
p1_W_E.8,27.0,24.94,13.0,1,239.3
p1_W_E.9,30.0,28.04,13.0,1,249.03
p1_E_N1.1,32.0,21.65,9.0,1,241.85
p1_W_S2.1,36.0,28.85,11.0,1,257.17
p1_W_E.10,33.0,32.83,11.0,1,269.2
p1_E_W.5,36.0,17.31,3.0,1,241.26
p1_W_E.11,39.0,22.71,7.0,1,251.14
p1_E_W.6,44.0,26.09,3.0,1,247.88
p1_S1_N1.3,30.0,61.83,45.0,2,263.28
p1_N1_S1.5,50.0,42.28,30.0,1,226.59
p1_W_E.12,42.0,25.28,7.0,1,255.16
p1_W_E.13,45.0,26.1,7.0,1,272.49
p1_W_E.14,48.0,26.89,5.0,1,277.41
p1_S1_N1.4,40.0,57.03,38.0,2,252.25
p1_N2_S2.3,30.0,70.93,52.0,2,275.31
p1_W_E.15,51.0,15.4,0.0,0,222.22
p1_N1_S1.6,60.0,28.05,15.0,1,197.54
p1_S1_N1.5,50.0,43.26,31.0,1,217.26
p1_N1_S1.7,70.0,35.05,15.0,1,215.14
p1_S2_N2.5,50.0,48.27,39.0,1,228.51
p1_S1_N1.6,60.0,46.29,28.0,1,241.39
p1_N1_S1.8,80.0,26.74,5.0,1,214.27
p1_N2_S2.4,40.0,68.07,46.0,1,256.95
p1_S2_N2.6,60.0,48.15,34.0,1,236.9
p1_S1_N1.7,70.0,38.08,20.0,1,229.52
p1_N1_S1.9,90.0,17.17,0.0,0,204.33
p1_S1_N1.8,80.0,29.74,13.0,1,213.76
p1_S2_N2.7,70.0,40.13,24.0,1,234.01
p1_N1_S1.10,100.0,10.18,0.0,0,175.35
p1_S1_N1.9,90.0,21.42,5.0,1,214.29
p1_S2_N2.8,80.0,29.61,16.0,1,232.37
p1_S2_N2.9,90.0,23.51,7.0,1,220.7
p1_N2_S2.5,50.0,55.37,42.0,1,236.24
p1_E_W.7,51.0,42.52,24.0,1,286.25
p1_S2_N2.10,100.0,10.64,0.0,0,170.11
p1_N2_S2.6,60.0,56.26,37.0,1,241.53
p1_E_W.8,58.0,38.11,23.0,1,260.87
p1_S2_N2.11,110.0,7.18,0.0,0,158.52
p1_N2_S2.7,70.0,48.0,30.0,1,237.41
p1_N2_S2.8,80.0,38.31,23.0,1,219.31
p1_N2_S2.9,90.0,31.43,13.0,1,224.42
p1_E_W.9,65.0,35.39,18.0,1,253.6
p1_E_N1.2,61.0,33.15,18.0,1,245.97
p1_E_W.10,72.0,30.25,16.0,1,252.63
p1_W_E.16,54.0,49.85,22.0,1,292.39
p1_E_W.11,80.0,24.11,9.0,1,231.82
p1_E_W.12,87.0,18.82,4.0,1,231.77
p1_W_E.17,57.0,44.0,21.0,1,288.82
p1_W_E.18,59.0,51.23,20.0,1,309.35
p1_W_E.19,63.0,38.75,19.0,1,275.71
p1_W_S2.2,69.0,45.42,19.0,1,296.39
p1_W_E.20,66.0,47.87,19.0,1,299.34
p1_W_E.21,72.0,45.89,19.0,1,308.56
p1_W_E.22,75.0,44.65,17.0,1,308.37
p1_W_E.23,78.0,43.4,16.0,1,309.29
p1_S1_E.1,33.0,87.16,58.0,3,356.81
p1_S1_E.2,63.0,61.59,37.0,2,325.46
p1_S1_E.3,93.0,32.44,4.0,2,290.41
p1_N2_W.1,33.0,64.33,48.0,1,309.74
p1_W_E.24,81.0,41.61,21.0,1,287.26
p1_N2_W.2,63.0,68.2,36.0,1,308.88
p1_W_E.25,84.0,47.54,20.0,1,290.33
p1_N1_S1.11,110.0,43.28,33.0,1,226.89
p1_W_E.26,87.0,46.3,19.0,1,288.43
p1_S1_N1.10,100.0,52.25,35.0,1,251.25
p1_N1_S1.12,120.0,35.39,24.0,1,212.64
p1_W_E.27,90.0,42.4,17.0,1,288.7
p1_N1_S1.13,130.0,27.11,15.0,1,203.69
p1_W_E.28,93.0,40.34,16.0,1,277.11
p1_N1_S1.14,140.0,18.87,7.0,1,188.77
p1_W_E.29,96.0,42.64,15.0,1,293.26
p1_S1_N1.11,110.0,39.32,27.0,1,213.65
p1_S2_N2.12,120.0,43.34,33.0,1,233.63
p1_S1_N1.12,120.0,43.97,26.0,1,225.35
p1_N2_S2.10,100.0,65.68,46.0,2,271.12
p1_N1_S1.15,150.0,7.0,0.0,0,157.98
p1_S2_N2.13,130.0,35.15,22.0,1,216.45
p1_N2_S2.11,110.0,57.15,36.0,1,260.52
p1_E_N1.3,90.0,51.75,34.0,2,299.33
p1_E_W.13,94.0,52.69,31.0,2,300.38
p1_S2_N2.14,140.0,26.05,14.0,1,192.31
p1_E_W.14,101.0,47.66,26.0,2,301.07
p1_N2_S2.12,120.0,47.64,34.0,1,232.76
p1_S2_N2.15,150.0,16.98,5.0,1,177.9
p1_E_W.15,108.0,42.67,22.0,2,291.37
p1_E_W.16,116.0,36.5,12.0,2,278.45
p1_N2_S2.13,130.0,44.16,30.0,1,234.86
p1_S2_N2.16,160.0,7.01,0.0,0,155.12
p1_S2_N2.17,170.0,7.54,0.0,0,155.13
p1_E_W.17,123.0,30.9,7.0,1,269.1
p1_E_N1.4,120.0,29.58,8.0,1,266.41
p1_E_W.18,130.0,31.53,8.0,1,270.9
p1_N2_S2.14,140.0,30.25,17.0,1,208.41
p1_E_W.19,137.0,26.26,7.0,1,249.83
p1_N2_S2.15,150.0,30.87,12.0,1,209.77
p1_E_W.20,144.0,10.68,0.0,0,204.47
p1_W_E.30,99.0,57.04,32.0,2,313.49
p1_W_S2.3,102.0,59.19,30.0,2,317.99
p1_N2_W.3,93.0,77.7,49.0,2,342.25
p1_S1_N1.13,130.0,64.52,47.0,2,263.63
p1_N1_S1.16,160.0,34.64,22.0,1,211.8
p1_S1_N1.14,140.0,56.31,36.0,2,251.65
p1_W_E.31,105.0,50.57,27.0,2,295.41
p1_N1_S1.17,170.0,24.28,12.0,1,194.39
p1_S1_N1.15,150.0,47.54,26.0,1,229.4
p1_W_E.32,108.0,71.44,24.0,2,332.63
p1_N1_S1.18,180.0,15.88,4.0,1,187.29
p1_W_E.33,111.0,56.1,22.0,2,327.49
p1_W_E.34,114.0,69.12,22.0,2,342.21
p1_N1_S1.19,190.0,6.91,0.0,0,152.21
p1_W_E.35,117.0,58.9,21.0,3,328.29
p1_W_E.36,120.0,66.61,18.0,2,344.43
p1_W_E.37,123.0,61.82,15.0,1,329.29
p1_W_E.38,126.0,64.16,14.0,1,352.92
p1_N2_W.4,123.0,56.09,37.0,2,310.5
p1_W_S2.4,135.0,55.83,22.0,2,328.61
p1_N2_W.5,153.0,38.07,11.0,1,299.48
p1_W_E.39,129.0,54.4,14.0,1,339.77
p1_W_E.40,132.0,58.31,15.0,1,360.41
p1_E_W.21,153.0,41.1,21.0,1,283.45
p1_E_N1.5,150.0,37.63,24.0,1,281.95
p1_S1_E.4,123.0,69.09,37.0,2,364.78
p1_E_W.22,159.0,35.98,20.0,1,276.17
p1_W_E.41,138.0,57.65,22.0,2,364.02
p1_W_E.42,141.0,49.6,18.0,2,318.31
p1_E_W.23,166.0,27.65,12.0,1,259.64
p1_W_E.43,144.0,55.07,16.0,2,324.65
p1_E_W.24,173.0,28.55,8.0,1,265.62
p1_W_E.44,147.0,49.55,17.0,2,312.99
p1_E_W.25,180.0,16.68,2.0,1,231.07
p1_W_E.45,150.0,54.99,16.0,2,322.85
p1_W_E.46,153.0,53.76,17.0,2,311.08
p1_E_W.26,188.0,18.59,0.0,0,254.52
p1_E_N1.6,183.0,16.88,0.0,0,246.11
p1_W_E.47,156.0,52.49,15.0,2,320.18
p1_E_W.27,195.0,13.35,0.0,0,242.42
p1_W_E.48,159.0,43.13,14.0,3,278.17
p1_W_E.49,162.0,50.55,13.0,2,301.8
p1_W_S2.5,168.0,44.51,8.0,2,303.95
p1_W_E.50,165.0,47.67,11.0,2,296.5
p1_W_E.51,171.0,45.08,9.0,2,312.71
p1_S1_E.5,153.0,64.38,26.0,2,355.67
p1_N2_S2.16,160.0,84.17,64.0,2,298.0
p1_S2_N2.18,180.0,64.19,53.0,1,264.36
p1_N2_S2.17,170.0,76.56,56.0,1,287.46
p1_S2_N2.19,190.0,56.16,44.0,1,242.56
p1_N2_S2.18,180.0,68.28,55.0,1,266.29
p1_S2_N2.20,200.0,48.15,36.0,1,237.51
p1_E_W.28,202.0,8.03,0.0,0,201.72
p1_N1_S1.20,200.0,50.58,39.0,1,238.16
p1_S2_N2.21,210.0,40.09,28.0,1,218.89
p1_S1_N1.16,160.0,90.28,67.0,2,290.38
p1_E_W.29,209.0,20.29,0.0,0,227.34
p1_N1_S1.21,210.0,42.63,30.0,1,226.71
p1_S2_N2.22,220.0,30.66,18.0,1,205.48
p1_S1_N1.17,170.0,82.85,65.0,2,296.6
p1_S1_N1.18,180.0,74.69,56.0,2,277.09
p1_N1_S1.22,220.0,34.67,22.0,1,210.07
p1_S2_N2.23,230.0,24.4,12.0,1,208.91
p1_N2_S2.19,190.0,62.47,48.0,1,251.87
p1_S2_N2.24,240.0,16.21,2.0,1,189.38
p1_N2_S2.20,200.0,55.19,40.0,1,254.4
p1_N1_S1.23,230.0,24.63,13.0,1,193.27
p1_S2_N2.25,250.0,8.0,0.0,0,183.43
p1_S1_N1.19,190.0,70.61,46.0,2,276.25
p1_N1_S1.24,240.0,18.46,5.0,1,187.43
p1_S1_N1.20,200.0,62.57,40.0,1,251.15
p1_N1_S1.25,250.0,12.05,0.0,0,190.4
p1_S1_N1.21,210.0,54.42,39.0,1,237.64
p1_N2_S2.21,210.0,41.68,28.0,1,217.76
p1_W_E.52,174.0,66.88,35.0,3,356.6
p1_W_E.53,177.0,68.81,32.0,2,354.66
p1_W_E.54,180.0,72.09,30.0,2,357.75
p1_E_N1.7,212.0,39.36,22.0,1,268.35
p1_W_E.55,183.0,68.05,29.0,2,348.53
p1_E_W.30,216.0,38.09,22.0,1,259.88
p1_W_E.56,186.0,67.98,28.0,2,360.23
p1_E_W.31,224.0,32.08,17.0,1,254.74
p1_W_E.57,189.0,68.42,25.0,2,376.84
p1_E_W.32,231.0,23.98,11.0,1,233.7
p1_W_E.58,192.0,62.8,25.0,2,325.09
p1_N2_W.6,183.0,73.6,54.0,1,320.56
p1_W_E.59,195.0,61.26,25.0,2,316.49
p1_N2_W.7,213.0,48.37,28.0,1,280.16
p1_W_S2.6,201.0,62.64,22.0,2,314.42
p1_E_W.33,238.0,30.94,18.0,1,244.13
p1_W_E.60,198.0,52.38,22.0,2,296.82
p1_W_E.61,204.0,67.47,21.0,2,334.34
p1_W_E.62,207.0,66.32,20.0,2,336.28
p1_W_E.63,210.0,65.05,19.0,2,339.71
p1_E_N1.8,241.0,30.64,16.0,1,256.11
p1_E_W.34,245.0,30.39,15.0,1,268.68
p1_W_E.64,213.0,53.6,16.0,2,319.8
p1_W_E.65,217.0,50.9,15.0,1,284.05
p1_E_W.35,252.0,21.66,8.0,1,236.57
p1_E_W.36,260.0,17.05,1.0,1,239.18
p1_W_E.66,220.0,58.98,15.0,1,311.44
p1_W_E.67,223.0,60.08,14.0,1,303.54
p1_W_E.68,226.0,58.9,14.0,1,329.76
p1_S1_N1.22,220.0,86.07,65.0,2,301.85
p1_S1_N1.23,230.0,78.11,56.0,2,285.95
p1_S1_E.6,183.0,89.46,56.0,3,361.7
p1_S1_N1.24,240.0,70.16,48.0,2,268.05
p1_S1_E.7,213.0,77.01,41.0,2,355.3
p1_N1_S1.26,260.0,42.3,30.0,1,226.1
p1_W_E.69,229.0,62.87,22.0,1,346.54
p1_N1_S1.27,270.0,43.75,26.0,1,231.32
p1_W_E.70,232.0,61.52,21.0,1,339.14
p1_N1_S1.28,280.0,31.81,18.0,1,214.36
p1_S2_N2.26,260.0,54.34,43.0,1,242.36
p1_N1_S1.29,290.0,27.19,9.0,1,218.93
p1_N2_S2.22,220.0,91.96,72.0,2,299.68
p1_S1_N1.25,250.0,62.83,38.0,2,268.91
p1_S2_N2.27,270.0,45.27,33.0,1,225.5
p1_N1_S1.30,300.0,17.94,2.0,1,217.41
p1_S1_N1.26,260.0,60.52,32.0,2,271.73
p1_N1_S1.31,310.0,10.68,0.0,0,190.78
p1_S2_N2.28,280.0,40.91,27.0,1,221.58
p1_S1_N1.27,270.0,52.36,29.0,1,258.2
p1_S2_N2.29,290.0,32.66,19.0,1,213.52
p1_N2_S2.23,230.0,81.97,62.0,2,283.24
p1_S2_N2.30,300.0,23.34,8.0,1,195.49
p1_S1_N1.28,280.0,43.71,26.0,1,226.58
p1_S2_N2.31,310.0,12.92,1.0,1,176.58
p1_N2_S2.24,240.0,72.35,50.0,2,266.0
p1_S2_N2.32,320.0,8.31,0.0,0,167.67
p1_N2_S2.25,250.0,79.71,47.0,2,278.0
p1_E_W.37,267.0,40.36,22.0,1,286.9
p1_N2_S2.26,260.0,71.48,44.0,1,274.13
p1_N2_S2.27,270.0,59.96,41.0,1,266.08
p1_E_W.38,274.0,39.07,17.0,1,270.56
p1_N2_S2.28,280.0,55.1,37.0,1,249.51
p1_E_N1.9,270.0,32.22,18.0,1,252.14
p1_E_W.39,281.0,30.17,16.0,1,241.99
p1_E_W.40,288.0,29.53,13.0,1,253.85
p1_W_S2.7,235.0,76.79,44.0,2,358.38
p1_W_E.71,238.0,79.34,42.0,2,371.53
p1_E_W.41,296.0,24.62,8.0,1,253.15
p1_E_N1.10,300.0,21.02,4.0,1,245.1
p1_E_W.42,303.0,19.65,2.0,1,242.17
p1_W_E.72,241.0,75.03,41.0,3,347.28
p1_W_E.73,244.0,81.12,40.0,3,361.55
p1_N2_W.8,243.0,79.12,48.0,2,321.52
p1_W_E.74,247.0,79.86,38.0,2,363.39
p1_W_E.75,250.0,74.48,38.0,2,343.93
p1_W_E.76,253.0,77.49,35.0,2,358.55
p1_W_E.77,256.0,76.13,36.0,2,362.06
p1_W_E.78,259.0,69.44,34.0,2,334.45
p1_S1_N1.29,290.0,67.47,45.0,2,263.84
p1_N1_S1.32,320.0,37.47,26.0,1,219.97
p1_W_E.79,262.0,66.26,35.0,2,333.69
p1_S1_N1.30,300.0,58.16,38.0,2,255.33
p1_W_E.80,265.0,67.68,31.0,3,337.85
p1_N1_S1.33,330.0,26.75,15.0,1,207.41
p1_W_S2.8,268.0,67.49,29.0,2,345.33
p1_N1_S1.34,340.0,24.0,9.0,1,203.51
p1_W_E.81,271.0,66.32,27.0,2,327.74
p1_S1_N1.31,310.0,54.94,29.0,2,242.13
p1_N1_S1.35,350.0,15.67,2.0,1,189.86
p1_W_E.82,274.0,71.45,26.0,2,343.16
p1_S1_N1.32,320.0,46.46,23.0,1,231.31
p1_S1_E.8,243.0,97.22,58.0,3,380.51
p1_S1_N1.33,330.0,38.91,23.0,1,219.36
p1_N1_S1.36,360.0,6.21,0.0,0,148.66
p1_S1_E.9,273.0,71.74,41.0,2,341.15
p1_W_E.83,277.0,64.16,37.0,3,326.31
p1_N2_W.9,273.0,80.79,57.0,2,347.38
p1_W_E.84,280.0,74.24,35.0,3,354.95
p1_S2_N2.33,330.0,46.49,34.0,1,233.51
p1_E_W.43,310.0,43.71,27.0,2,288.92
p1_E_W.44,317.0,41.36,21.0,2,294.22
p1_E_W.45,324.0,36.18,14.0,2,295.37
p1_S2_N2.34,340.0,35.98,25.0,1,207.24
p1_S2_N2.35,350.0,33.16,17.0,1,212.74
p1_N2_S2.29,290.0,78.53,62.0,2,287.46
p1_S2_N2.36,360.0,24.97,9.0,1,208.05
p1_N2_S2.30,300.0,77.66,55.0,2,284.73
p1_E_W.46,333.0,32.39,5.0,1,272.68
p1_N2_S2.31,310.0,78.44,50.0,2,299.33
p1_S2_N2.37,370.0,12.46,0.0,0,177.79
p1_E_N1.11,330.0,26.3,7.0,1,267.89
p1_E_W.47,339.0,28.87,5.0,1,267.45
p1_N2_S2.32,320.0,70.14,40.0,2,294.17
p1_E_W.48,346.0,23.66,5.0,1,236.59
p1_N2_S2.33,330.0,61.89,34.0,1,290.15
p1_N2_S2.34,340.0,53.72,33.0,1,253.31
p1_N2_S2.35,350.0,45.35,28.0,1,250.66
p1_N2_S2.36,360.0,35.57,18.0,1,224.08
p1_E_N1.12,363.0,13.67,0.0,0,220.04
p1_E_W.49,353.0,8.47,0.0,0,201.63
p1_S2_N2.38,380.0,6.85,0.0,0,153.73
p1_E_W.50,360.0,19.85,0.0,0,232.31
p1_S2_N2.39,390.0,9.56,0.0,0,156.97
p1_N2_W.10,303.0,78.58,53.0,2,322.95
p1_W_E.85,283.0,92.07,58.0,4,380.68
p1_W_E.86,286.0,92.14,54.0,4,380.65
p1_S1_N1.34,340.0,65.75,46.0,2,269.18
p1_W_E.87,288.0,94.65,49.0,4,397.01
p1_S1_N1.35,350.0,60.86,41.0,2,266.79
p1_N1_S1.37,370.0,35.16,24.0,1,211.92
p1_W_E.88,292.0,95.09,46.0,4,400.57
p1_N1_S1.38,380.0,34.12,19.0,1,210.54
p1_W_E.89,295.0,98.02,42.0,4,399.26
p1_N1_S1.39,390.0,21.27,8.0,1,190.86
p1_W_S2.9,301.0,94.79,38.0,3,372.94
p1_N1_S1.40,400.0,17.69,2.0,1,197.04
p1_S1_N1.36,360.0,46.18,32.0,1,229.77
p1_N1_S1.41,410.0,9.51,0.0,0,161.37
p1_S1_N1.37,370.0,51.03,30.0,1,231.54
p1_S1_N1.38,380.0,42.86,25.0,1,227.41
p1_W_E.90,298.0,79.04,37.0,3,347.55
p1_S1_N1.39,390.0,34.45,16.0,1,224.94
p1_W_E.91,304.0,98.8,38.0,3,401.67
p1_N2_W.11,333.0,71.55,41.0,2,341.84
p1_W_E.92,307.0,84.45,36.0,3,380.0
p1_W_E.93,310.0,98.01,36.0,3,393.24
p1_N2_W.12,363.0,42.76,19.0,2,300.15
p1_S1_E.10,303.0,97.44,52.0,3,394.87
p1_E_W.51,368.0,41.23,25.0,1,282.02
p1_E_W.52,375.0,35.91,21.0,1,280.32
p1_S1_E.11,333.0,78.35,40.0,2,351.91
p1_W_E.94,313.0,100.17,53.0,3,422.69
p1_W_E.95,316.0,92.84,49.0,3,402.21
p1_W_E.96,319.0,90.05,50.0,3,402.87
p1_W_E.97,322.0,96.27,50.0,4,414.02
p1_W_E.98,325.0,90.92,46.0,3,401.29
p1_E_W.53,382.0,21.71,9.0,1,239.15
p1_W_S2.10,334.0,87.4,41.0,3,388.94
p1_W_E.99,328.0,94.43,45.0,3,405.97
p1_E_W.54,389.0,33.55,8.0,1,276.49
p1_W_E.100,331.0,93.13,43.0,3,419.18
p1_E_N1.13,392.0,19.6,4.0,1,253.35
p1_W_E.101,337.0,88.92,39.0,3,389.83
p1_W_E.102,340.0,82.39,41.0,3,373.7
p1_E_W.55,396.0,16.04,0.0,0,243.48
p1_W_E.103,343.0,86.57,39.0,3,384.4
p1_E_W.56,404.0,16.7,0.0,0,233.64
p1_W_E.104,346.0,85.44,36.0,3,364.53
p1_E_W.57,411.0,20.34,0.0,0,249.07
p1_W_E.105,349.0,84.06,33.0,4,388.96
p1_E_W.58,418.0,14.98,0.0,0,243.45
p1_W_E.106,352.0,79.34,31.0,3,375.66
p1_E_N1.14,421.0,9.42,0.0,0,217.32
p1_E_W.59,425.0,10.92,0.0,0,220.73
p1_W_E.107,355.0,79.67,30.0,3,370.76
p1_W_E.108,358.0,80.43,29.0,4,407.64
p1_E_W.60,432.0,6.49,0.0,0,198.2
p1_S2_N2.40,400.0,56.22,45.0,1,243.49
p1_S2_N2.41,410.0,55.9,40.0,1,244.3
p1_N2_S2.37,370.0,83.0,67.0,2,290.55
p1_S2_N2.42,420.0,52.87,34.0,1,231.2
p1_N2_S2.38,380.0,95.0,63.0,2,312.76
p1_S2_N2.43,430.0,40.7,23.0,1,225.68
p1_N2_S2.39,390.0,86.85,58.0,1,306.54
p1_S2_N2.44,440.0,36.43,17.0,1,225.37
p1_N2_S2.40,400.0,75.47,57.0,1,291.09
p1_S2_N2.45,450.0,26.64,9.0,1,200.46
p1_N1_S1.42,420.0,59.21,48.0,1,254.09
p1_N2_S2.41,410.0,70.41,48.0,1,281.59
p1_S2_N2.46,460.0,20.23,1.0,1,211.99
p1_N1_S1.43,430.0,51.42,39.0,1,235.12
p1_S1_N1.40,400.0,79.91,60.0,2,294.43
p1_N2_S2.42,420.0,62.2,41.0,1,271.48
p1_S2_N2.47,470.0,12.06,0.0,0,178.87
p1_N1_S1.44,440.0,43.31,32.0,1,228.16
p1_S1_N1.41,410.0,74.28,51.0,2,284.69
p1_S1_N1.42,420.0,65.9,49.0,1,257.45
p1_N1_S1.45,450.0,33.65,20.0,1,209.99
p1_N2_S2.43,430.0,45.85,28.0,1,222.22
p1_N1_S1.46,460.0,28.37,16.0,1,225.75
p1_N2_S2.44,440.0,49.36,25.0,1,245.91
p1_S1_E.12,363.0,106.05,68.0,3,406.24
p1_N1_S1.47,470.0,19.41,6.0,1,195.1
p1_W_E.109,361.0,109.95,57.0,4,433.78
p1_N1_S1.48,480.0,12.02,0.0,0,188.68
p1_S1_N1.43,430.0,56.16,44.0,1,237.7
p1_S1_N1.44,440.0,52.19,36.0,1,245.88
p1_N1_S1.49,490.0,6.34,0.0,0,144.75
p1_S1_N1.45,450.0,47.54,29.0,1,250.94
p1_S1_N1.46,460.0,39.3,23.0,1,227.96
p1_W_E.110,364.0,99.58,52.0,4,398.62
p1_S1_N1.47,470.0,30.94,15.0,1,224.49
p1_W_E.111,370.0,111.12,45.0,3,409.25
p1_W_S2.11,367.0,98.57,47.0,3,395.55
p1_S1_N1.48,480.0,16.79,2.0,1,182.43
p1_W_E.112,373.0,92.02,43.0,3,368.54
p1_W_E.113,375.0,116.45,42.0,3,410.58
p1_W_E.114,379.0,114.28,41.0,3,427.77
p1_W_E.115,382.0,112.96,39.0,3,433.07
p1_E_N1.15,450.0,45.62,24.0,1,277.31
p1_W_E.116,385.0,111.54,38.0,3,447.96
p1_E_W.61,440.0,26.68,12.0,1,247.49
p1_W_E.117,388.0,110.27,36.0,3,446.62
p1_W_S2.12,400.0,98.53,30.0,4,384.09
p1_W_E.118,391.0,107.06,35.0,3,427.6
p1_N2_W.13,393.0,99.26,67.0,2,378.06
p1_W_E.119,394.0,105.62,35.0,3,407.36
p1_N2_W.14,423.0,59.28,33.0,1,312.76
p1_W_E.120,397.0,97.06,32.0,3,395.03
p1_E_W.62,447.0,56.32,26.0,1,294.81
p1_E_W.63,454.0,51.07,24.0,1,292.59
p1_W_E.121,403.0,102.78,31.0,4,414.01
p1_E_W.64,461.0,45.8,23.0,1,291.18
p1_E_N1.16,480.0,24.36,8.0,1,254.39
p1_W_E.122,406.0,97.24,31.0,4,410.72
p1_E_W.65,468.0,40.59,17.0,1,287.8
p1_W_E.123,409.0,93.33,30.0,3,396.78
p1_E_W.66,476.0,34.33,12.0,1,281.09
p1_W_E.124,412.0,86.56,30.0,3,361.29
p1_E_W.67,483.0,19.49,6.0,1,228.19
p1_W_E.125,415.0,98.6,29.0,3,383.25
p1_E_W.68,490.0,24.12,4.0,1,244.66
p1_W_E.126,418.0,97.39,26.0,3,392.49
p1_E_W.69,497.0,18.79,0.0,0,255.64
p1_W_E.127,421.0,96.11,25.0,3,390.45
p1_E_W.70,504.0,13.67,0.0,0,237.79
p1_E_N1.17,510.0,8.07,0.0,0,211.89
p1_E_W.71,513.0,6.87,0.0,0,197.2
p1_W_E.128,424.0,78.44,24.0,3,342.54
p1_S1_E.13,393.0,124.91,82.0,3,410.38
p1_S2_N2.48,480.0,61.55,50.0,1,248.79
p1_S2_N2.49,490.0,53.44,41.0,1,232.68
p1_N2_S2.45,450.0,88.49,68.0,2,295.85
p1_E_W.72,519.0,6.72,0.0,0,201.55
p1_S2_N2.50,500.0,43.61,32.0,1,225.62
p1_N2_S2.46,460.0,83.98,62.0,2,291.09
p1_S2_N2.51,510.0,42.53,27.0,1,235.09
p1_N2_S2.47,470.0,84.55,56.0,2,297.25
p1_N2_S2.48,480.0,76.2,52.0,1,294.67
p1_E_W.73,526.0,6.8,0.0,0,198.96
p1_S2_N2.52,520.0,26.92,14.0,1,194.68
p1_N2_S2.49,490.0,67.99,51.0,1,270.92
p1_S2_N2.53,530.0,28.52,10.0,1,203.63
p1_N1_S1.50,500.0,60.72,50.0,1,250.64
p1_N2_S2.50,500.0,56.42,40.0,1,246.63
p1_S2_N2.54,540.0,19.83,1.0,1,199.65
p1_N1_S1.51,510.0,52.63,40.0,1,239.42
p1_N2_S2.51,510.0,47.75,35.0,1,239.29
p1_S2_N2.55,550.0,6.88,0.0,0,145.6
p1_S1_N1.49,490.0,72.92,51.0,1,287.86
p1_N2_S2.52,520.0,44.33,28.0,1,227.98
p1_N1_S1.52,520.0,43.5,31.0,1,228.34
p1_S1_N1.50,500.0,61.99,49.0,1,250.91
p1_N1_S1.53,530.0,38.01,25.0,1,232.24
p1_S1_N1.51,510.0,59.89,43.0,1,254.89
p1_N2_S2.53,530.0,32.73,17.0,1,208.86
p1_S1_E.14,423.0,126.12,92.0,3,423.34
p1_S1_E.15,453.0,98.87,65.0,3,390.06
p1_S1_N1.52,520.0,49.22,35.0,1,233.88
p1_W_E.129,427.0,126.63,60.0,4,445.07
p1_S1_N1.53,530.0,46.02,29.0,1,237.87
p1_S1_N1.54,540.0,37.46,20.0,1,235.21
p1_W_E.130,430.0,120.01,56.0,3,440.61
p1_N1_S1.54,540.0,18.97,6.0,1,179.9
p1_S1_N1.55,550.0,31.01,15.0,1,218.19
p1_N1_S1.55,550.0,32.15,5.0,1,195.56
p1_N1_S1.56,560.0,17.5,0.0,0,187.68
p1_S1_N1.56,560.0,23.12,7.0,1,200.9
p1_W_S2.13,433.0,120.06,55.0,3,429.65
p1_W_E.131,436.0,119.17,54.0,3,428.25
p1_W_E.132,439.0,126.27,52.0,3,451.75
p1_W_E.133,442.0,125.45,49.0,4,460.26
p1_N1_S1.57,570.0,6.57,0.0,0,156.8
p1_W_E.134,445.0,119.54,49.0,3,432.62
p1_N2_W.15,453.0,108.69,79.0,3,389.35
p1_W_E.135,448.0,123.15,46.0,3,442.84
p1_N2_W.16,483.0,87.99,59.0,2,359.45
p1_W_E.136,451.0,121.78,44.0,4,438.01
p1_N2_W.17,513.0,60.21,34.0,1,331.34
p1_W_E.137,454.0,119.16,45.0,3,430.72
p1_E_W.74,533.0,41.97,29.0,1,288.98
p1_E_W.75,540.0,31.95,20.0,1,257.06
p1_E_N1.18,543.0,35.6,18.0,1,277.78
p1_W_S2.14,466.0,114.89,42.0,2,398.79
p1_E_W.76,548.0,31.51,16.0,1,264.03
p1_E_W.77,555.0,28.85,12.0,1,266.44
p1_W_E.138,457.0,99.79,46.0,3,389.43
p1_E_W.78,562.0,19.24,5.0,1,240.69
p1_W_E.139,460.0,115.42,44.0,3,407.08
p1_W_E.140,463.0,125.92,40.0,2,427.06
p1_W_E.141,469.0,121.15,44.0,4,432.46
p1_E_W.79,569.0,12.15,0.0,0,222.42
p1_W_E.142,473.0,119.68,41.0,3,429.9
p1_E_W.80,576.0,17.04,0.0,0,245.82
p1_E_N1.19,572.0,13.66,0.0,0,235.13
p1_W_E.143,476.0,109.22,38.0,2,415.53
p1_W_E.144,479.0,110.54,39.0,2,432.65
p1_E_W.81,584.0,8.58,0.0,0,211.46
p1_W_E.145,482.0,116.06,39.0,2,431.98
p1_W_E.146,485.0,105.87,37.0,2,412.21
p1_W_E.147,488.0,102.2,37.0,2,400.67
p1_S2_N2.56,560.0,64.41,53.0,1,255.8
p1_W_E.148,491.0,112.7,38.0,3,415.93
p1_E_W.82,591.0,6.81,0.0,0,196.45
p1_S1_E.16,483.0,115.09,69.0,4,417.78
p1_E_W.83,598.0,8.08,0.0,0,198.48
p1_N2_S2.54,540.0,80.34,62.0,2,293.93
p1_N2_S2.55,550.0,76.61,54.0,2,289.47
p1_S2_N2.57,570.0,51.08,39.0,1,233.38
p1_E_N1.20,601.0,8.19,0.0,0,217.72
p1_S2_N2.58,580.0,53.26,36.0,1,241.03
p1_S2_N2.59,590.0,43.76,28.0,1,240.55
p1_N1_S1.58,580.0,56.22,46.0,1,246.92
p1_S2_N2.60,600.0,35.94,20.0,1,235.47
p1_S1_N1.57,570.0,64.33,46.0,1,266.16
p1_N1_S1.59,590.0,48.59,38.0,1,233.61
p1_N2_S2.56,560.0,62.84,48.0,1,250.66
p1_S2_N2.61,610.0,18.82,5.0,1,184.04
p1_S1_N1.58,580.0,60.7,45.0,1,245.49
p1_N2_S2.57,570.0,70.83,48.0,1,275.23
p1_S2_N2.62,620.0,16.76,1.0,1,193.38
p1_N2_S2.58,580.0,62.91,42.0,1,268.66
p1_N1_S1.60,600.0,38.86,27.0,1,220.18
p1_S2_N2.63,630.0,7.69,0.0,0,159.67
p1_S1_N1.59,590.0,50.92,39.0,1,228.17
p1_N2_S2.59,590.0,48.7,32.0,1,234.01
p1_N1_S1.61,610.0,34.52,21.0,1,230.27
p1_S1_N1.60,600.0,45.59,31.0,1,233.31
p1_S2_N2.64,640.0,5.14,0.0,0,145.31
p1_N1_S1.62,620.0,26.27,10.0,1,221.87
p1_N2_S2.60,600.0,35.61,21.0,1,205.54
p1_N1_S1.63,630.0,17.61,2.0,1,205.51
p1_N2_S2.61,610.0,39.09,19.0,1,222.62
p1_S1_N1.61,610.0,39.13,24.0,1,228.53
p1_N2_S2.62,620.0,27.54,11.0,1,212.52
p1_S1_N1.62,620.0,32.62,16.0,1,211.82
p1_S1_N1.63,630.0,22.88,6.0,1,194.03
p1_S1_E.17,513.0,112.91,81.0,3,412.21
p1_S1_E.18,543.0,86.05,53.0,3,374.04
p1_N1_S1.64,640.0,6.34,0.0,0,153.67
p1_W_E.149,494.0,143.08,72.0,3,484.22
p1_E_W.84,605.0,32.81,19.0,1,253.95
p1_W_E.150,497.0,141.81,69.0,3,492.62
p1_N2_W.18,543.0,96.19,67.0,3,380.68
p1_W_E.151,503.0,138.94,67.0,3,447.82
p1_N2_W.19,573.0,64.62,47.0,1,311.94
p1_N2_W.20,603.0,41.8,19.0,1,261.1
p1_W_S2.15,500.0,131.83,67.0,3,452.26
p1_W_E.152,506.0,133.7,67.0,3,444.29
p1_W_E.153,509.0,139.74,64.0,3,483.6
p1_W_E.154,512.0,135.37,61.0,4,448.57
p1_W_E.155,515.0,137.49,59.0,3,458.76
p1_W_E.156,518.0,128.87,60.0,3,429.1
p1_W_E.157,521.0,135.16,60.0,3,438.67
p1_W_E.158,524.0,133.9,57.0,3,433.79
p1_W_E.159,527.0,130.16,56.0,4,445.27
p1_E_W.85,612.0,39.69,27.0,1,262.73
p1_E_W.86,620.0,40.98,23.0,1,282.31
p1_W_E.160,530.0,131.36,58.0,4,446.45
p1_E_W.87,627.0,32.04,16.0,1,278.77
p1_W_S2.16,533.0,125.1,55.0,3,430.76
p1_W_E.161,536.0,127.5,54.0,3,433.89
p1_E_N1.21,630.0,33.4,15.0,1,266.32
p1_W_E.162,539.0,126.49,53.0,5,425.38
p1_W_E.163,543.0,124.18,53.0,3,427.06
p1_W_E.164,546.0,117.42,52.0,4,404.94
p1_W_E.165,549.0,122.91,50.0,3,413.75
p1_S1_E.19,573.0,102.74,62.0,2,381.95
p1_S1_E.20,603.0,71.43,42.0,2,356.84
p1_W_E.166,552.0,127.63,58.0,4,464.23
p1_S1_N1.64,640.0,65.67,42.0,2,262.05
p1_N1_S1.65,650.0,49.27,38.0,1,230.39
p1_S1_N1.65,650.0,57.56,41.0,1,245.68
p1_N1_S1.66,660.0,44.46,32.0,1,235.05
p1_E_W.88,634.0,17.16,2.0,1,230.38
p1_S1_N1.66,660.0,48.67,36.0,1,230.5
p1_N2_S2.63,630.0,80.04,60.0,2,296.54
p1_E_W.89,641.0,48.82,1.0,1,251.81
p1_W_E.167,555.0,108.54,53.0,3,403.7
p1_W_E.168,558.0,122.77,51.0,3,413.79
p1_N2_S2.64,640.0,73.76,55.0,1,272.71
p1_N1_S1.67,670.0,30.61,18.0,1,199.15
p1_S1_N1.67,670.0,43.08,29.0,1,229.12
p1_W_E.169,561.0,132.61,48.0,3,438.09
p1_N2_S2.65,650.0,65.49,53.0,1,257.39
p1_N1_S1.68,680.0,35.09,16.0,1,218.57
p1_S1_N1.68,680.0,35.05,20.0,1,216.47
p1_S2_N2.65,650.0,55.34,44.0,1,244.68
p1_S1_N1.69,690.0,26.75,13.0,1,201.4
p1_N2_S2.66,660.0,57.25,45.0,1,252.77
p1_S2_N2.66,660.0,54.8,39.0,1,247.22
p1_N1_S1.69,690.0,22.71,6.0,1,206.16
p1_N1_S1.70,700.0,18.59,0.0,0,200.99
p1_S2_N2.67,670.0,43.15,29.0,1,227.76
p1_N1_S1.71,710.0,10.27,0.0,0,179.96
p1_S2_N2.68,680.0,34.6,20.0,1,220.7
p1_S2_N2.69,690.0,23.68,11.0,1,192.32
p1_N2_S2.67,670.0,53.08,36.0,1,247.2
p1_E_W.90,648.0,54.48,21.0,1,298.41
p1_N2_S2.68,680.0,45.62,30.0,1,227.85
p1_S2_N2.70,700.0,21.11,6.0,1,196.63
p1_S2_N2.71,710.0,16.69,0.0,0,198.9
p1_E_W.91,656.0,49.27,21.0,1,291.41
p1_N2_S2.69,690.0,37.37,22.0,1,225.83
p1_S2_N2.72,720.0,8.44,0.0,0,169.22
p1_E_N1.22,660.0,46.0,20.0,1,264.69
p1_E_W.92,663.0,44.92,19.0,1,268.84
p1_E_W.93,670.0,43.14,19.0,1,267.12
p1_W_E.170,564.0,144.01,68.0,4,442.93
p1_E_W.94,677.0,37.89,19.0,1,261.73
p1_E_W.95,684.0,32.74,16.0,1,257.92
p1_W_E.171,570.0,143.11,64.0,4,441.21
p1_W_E.172,573.0,146.65,61.0,4,443.18
p1_E_N1.23,690.0,28.6,13.0,1,252.95
p1_W_S2.17,567.0,135.46,66.0,4,440.39
p1_W_E.173,576.0,145.43,59.0,4,436.94
p1_W_E.174,580.0,136.1,54.0,4,429.71
p1_E_W.96,693.0,20.51,4.0,1,242.92
p1_W_E.175,583.0,143.72,54.0,4,453.33
p1_N2_W.21,633.0,94.39,56.0,1,388.6
p1_W_E.176,595.0,133.5,51.0,3,436.75
p1_W_E.177,599.0,119.44,48.0,3,413.48
p1_N2_W.22,663.0,54.28,39.0,1,293.44
p1_W_E.178,602.0,126.84,49.0,3,412.23
p1_W_S2.18,611.0,124.86,46.0,3,424.64
p1_E_W.97,699.0,33.59,23.0,1,245.82
p1_W_E.179,605.0,131.5,49.0,3,429.49
p1_W_E.180,608.0,130.28,48.0,3,430.14
p1_S1_E.21,633.0,107.05,62.0,3,424.3
p1_S1_E.22,663.0,78.66,48.0,2,369.82
p1_S1_N1.70,700.0,63.09,45.0,2,267.65
p1_N1_S1.72,720.0,43.68,32.0,1,221.62
p1_S1_E.23,693.0,46.4,21.0,2,320.77
p1_N1_S1.73,730.0,35.52,22.0,1,214.14
p1_W_E.181,614.0,131.34,58.0,4,434.23
p1_W_E.182,617.0,130.06,57.0,4,447.56
p1_W_E.183,620.0,128.98,57.0,5,437.1
p1_S1_N1.71,710.0,49.18,37.0,1,233.81
p1_W_E.184,623.0,127.68,57.0,5,434.98
p1_N1_S1.74,740.0,23.14,11.0,1,190.54
p1_S1_N1.72,720.0,53.34,34.0,1,247.36
p1_N1_S1.75,750.0,24.09,6.0,1,187.28
p1_N1_S1.76,760.0,12.29,0.0,0,171.32
p1_N2_S2.70,700.0,78.27,57.0,2,291.54
p1_E_W.98,706.0,43.43,26.0,2,276.01
p1_N2_S2.71,710.0,70.19,47.0,2,279.2
p1_S2_N2.73,730.0,42.35,31.0,1,211.38
p1_E_W.99,713.0,46.47,20.0,2,301.93
p1_N2_S2.72,720.0,61.66,40.0,1,255.87
p1_E_N1.24,723.0,38.41,14.0,2,279.69
p1_S2_N2.74,740.0,42.95,26.0,1,217.3
p1_E_W.100,720.0,42.42,16.0,2,295.41
p1_S2_N2.75,750.0,34.62,18.0,1,223.5
p1_S2_N2.76,760.0,24.17,10.0,1,216.13
p1_E_W.101,728.0,32.36,6.0,1,274.01
p1_N2_S2.73,730.0,58.53,39.0,1,248.81
p1_S2_N2.77,770.0,18.17,2.0,1,214.12
p1_E_W.102,735.0,33.16,6.0,1,267.37
p1_S2_N2.78,780.0,10.01,0.0,0,180.12
p1_E_W.103,742.0,27.86,5.0,1,246.89
p1_N2_S2.74,740.0,45.44,30.0,1,228.96
p1_E_N1.25,752.0,16.83,0.0,0,222.49
p1_S2_N2.79,790.0,5.73,0.0,0,145.53
p1_N2_S2.75,750.0,48.08,27.0,1,240.96
p1_E_W.104,749.0,8.32,0.0,0,209.5
p1_N2_S2.76,760.0,39.88,21.0,1,230.77
p1_E_W.105,756.0,21.96,0.0,0,251.25
p1_E_W.106,764.0,17.03,0.0,0,237.09
p1_N2_W.23,693.0,89.71,63.0,2,385.64
p1_N2_S2.77,770.0,24.07,8.0,1,197.99
p1_W_E.185,626.0,157.51,84.0,6,485.37
p1_W_E.186,629.0,156.77,78.0,7,477.86
p1_N1_S1.77,770.0,39.68,28.0,1,219.77
p1_N1_S1.78,780.0,31.49,19.0,1,208.82
p1_S1_N1.73,730.0,75.79,61.0,2,278.46
p1_S1_N1.74,740.0,69.05,54.0,2,270.52
p1_N1_S1.79,790.0,23.97,12.0,1,196.31
p1_S1_N1.75,750.0,65.72,45.0,2,275.96
p1_N1_S1.80,800.0,13.71,1.0,1,180.57
p1_S1_N1.76,760.0,57.71,37.0,2,252.07
p1_W_S2.19,644.0,150.21,64.0,4,456.62
p1_W_E.187,632.0,138.54,74.0,5,443.52
p1_S1_N1.77,770.0,47.59,32.0,1,228.41
p1_W_E.188,635.0,152.75,71.0,4,471.79
p1_N1_S1.81,810.0,5.6,0.0,0,150.44
p1_W_E.189,638.0,165.27,70.0,4,477.05
p1_S1_N1.78,780.0,37.83,23.0,1,213.33
p1_W_E.190,641.0,154.97,66.0,4,462.33
p1_W_E.191,647.0,159.75,64.0,4,493.68
p1_S1_N1.79,790.0,35.76,20.0,1,216.09
p1_W_E.192,650.0,154.99,61.0,5,473.32
p1_W_E.193,653.0,157.42,61.0,5,483.71
p1_W_E.194,656.0,156.09,58.0,4,489.89
p1_W_E.195,659.0,147.04,56.0,4,462.5
p1_N2_W.24,723.0,80.63,56.0,2,336.65
p1_W_E.196,676.0,137.81,46.0,3,445.0
p1_N2_W.25,753.0,63.03,35.0,2,324.11
p1_S1_E.24,723.0,94.64,52.0,3,376.13
p1_W_E.197,680.0,139.38,58.0,4,457.2
p1_E_W.107,771.0,35.17,18.0,1,273.39
p1_W_E.198,683.0,138.13,55.0,4,453.1
p1_W_S2.20,692.0,128.28,53.0,5,412.76
p1_E_W.108,778.0,43.15,17.0,1,277.95
p1_W_E.199,686.0,123.99,54.0,6,416.51
p1_E_N1.26,781.0,31.74,11.0,1,261.09
p1_E_W.109,785.0,32.93,11.0,1,263.27
p1_W_E.200,689.0,136.16,53.0,6,424.72
p1_W_E.201,695.0,132.18,52.0,5,423.57
p1_E_W.110,792.0,30.52,7.0,1,269.68
p1_E_W.111,800.0,18.89,0.0,0,238.73
p1_E_N1.27,810.0,20.3,0.0,0,236.94
p1_W_E.202,698.0,115.01,52.0,6,395.94
p1_E_W.112,807.0,24.26,0.0,0,244.59
p1_W_E.203,701.0,122.96,49.0,5,420.48
p1_W_E.204,704.0,131.07,47.0,5,438.47
p1_E_W.113,814.0,13.79,0.0,0,237.25
p1_E_W.114,821.0,14.91,0.0,0,230.07
p1_W_E.205,707.0,129.76,47.0,5,441.36
p1_E_W.115,828.0,9.7,0.0,0,226.39
p1_W_E.206,710.0,128.52,45.0,4,445.9
p1_W_E.207,713.0,127.37,44.0,6,430.94
p1_W_E.208,716.0,126.15,42.0,5,422.72
p1_W_E.209,719.0,117.78,39.0,4,418.53
p1_W_E.210,722.0,123.9,39.0,4,429.43
p1_N2_S2.78,780.0,85.24,64.0,2,297.87
p1_S2_N2.80,800.0,66.61,55.0,1,255.74
p1_E_W.116,836.0,6.85,0.0,0,201.38
p1_S2_N2.81,810.0,57.18,45.0,1,240.03
p1_N2_S2.79,790.0,78.16,60.0,1,268.94
p1_S2_N2.82,820.0,49.35,36.0,1,228.01
p1_S2_N2.83,830.0,46.61,30.0,1,239.97
p1_E_N1.28,840.0,9.32,0.0,0,204.49
p1_S2_N2.84,840.0,31.74,19.0,1,203.09
p1_S1_N1.80,800.0,78.7,59.0,2,282.38
p1_S2_N2.85,850.0,31.08,15.0,1,209.96
p1_N2_S2.80,800.0,66.74,54.0,1,254.92
p1_N1_S1.82,820.0,58.73,48.0,1,245.62
p1_S2_N2.86,860.0,20.41,6.0,1,200.27
p1_S1_N1.81,810.0,73.26,50.0,2,272.22
p1_N2_S2.81,810.0,67.6,49.0,1,270.4
p1_N1_S1.83,830.0,51.29,40.0,1,236.45
p1_S2_N2.87,870.0,12.39,0.0,0,193.1
p1_N2_S2.82,820.0,65.64,46.0,1,275.67
p1_S1_N1.82,820.0,66.42,45.0,1,268.34
p1_N2_S2.83,830.0,57.39,36.0,1,264.33
p1_N1_S1.84,840.0,42.0,31.0,1,218.1
p1_S2_N2.88,880.0,5.2,0.0,0,150.6
p1_S1_N1.83,830.0,58.26,45.0,1,244.64
p1_N1_S1.85,850.0,39.36,24.0,1,213.69
p1_N2_S2.84,840.0,40.19,25.0,1,222.82
p1_N1_S1.86,860.0,31.17,16.0,1,206.55
p1_S1_N1.84,840.0,48.17,37.0,1,231.6
p1_N2_S2.85,850.0,42.23,22.0,1,243.96
p1_N1_S1.87,870.0,17.08,5.0,1,178.32
p1_N1_S1.88,880.0,13.19,0.0,0,177.84
p1_N1_S1.89,890.0,6.55,0.0,0,156.35
p1_S1_E.25,753.0,117.34,77.0,4,424.29
p1_S1_N1.85,850.0,42.55,28.0,1,231.45
p1_S1_E.26,783.0,89.77,50.0,3,384.32
p1_S1_N1.86,860.0,39.08,22.0,1,233.07
p1_W_S2.21,725.0,149.12,70.0,5,480.18
p1_E_W.117,843.0,39.18,23.0,1,254.91
p1_W_E.211,728.0,147.34,67.0,6,458.32
p1_E_W.118,850.0,34.02,21.0,1,255.05
p1_N2_W.26,783.0,102.18,70.0,3,377.56
p1_W_E.212,731.0,142.37,64.0,5,453.14
p1_W_E.213,747.0,143.07,57.0,5,458.75
p1_W_E.214,750.0,135.0,57.0,4,450.93
p1_N2_W.27,813.0,66.6,46.0,1,311.72
p1_W_E.215,753.0,140.61,57.0,4,464.15
p1_N2_W.28,843.0,51.28,25.0,1,294.44
p1_W_E.216,756.0,138.49,53.0,4,452.78
p1_W_E.217,759.0,138.14,52.0,3,459.78
p1_W_E.218,762.0,136.82,51.0,3,462.47
p1_W_E.219,765.0,135.57,49.0,3,465.78
p1_W_S2.22,771.0,129.41,48.0,4,439.78
p1_W_E.220,768.0,134.47,50.0,3,470.22
p1_W_E.221,774.0,122.75,49.0,4,424.44
p1_W_E.222,777.0,130.53,49.0,3,439.83
p1_W_E.223,780.0,129.25,47.0,4,426.13
p1_E_N1.29,870.0,33.89,16.0,1,271.04
p1_W_E.224,783.0,128.08,44.0,4,422.53
p1_E_W.119,857.0,33.42,19.0,1,250.11
p1_W_E.225,786.0,126.7,46.0,3,423.06
p1_E_W.120,864.0,49.33,18.0,1,274.25
p1_W_E.226,789.0,119.93,45.0,3,424.43
p1_E_W.121,873.0,42.01,14.0,1,287.78
p1_E_W.122,879.0,37.7,11.0,1,291.14
p1_E_W.123,886.0,32.43,6.0,1,284.7
p1_E_W.124,893.0,24.21,0.0,0,281.7
p1_E_W.125,900.0,21.92,0.0,0,289.73
p1_E_N1.30,903.0,13.9,0.0,0,251.8
p1_S1_N1.87,870.0,76.39,56.0,2,289.02
p1_N1_S1.90,900.0,46.27,36.0,1,235.58
p1_W_E.227,792.0,105.13,43.0,3,366.9
p1_W_E.228,795.0,133.72,44.0,3,404.78
p1_N1_S1.91,910.0,36.72,24.0,1,211.47
p1_W_S2.23,820.0,106.3,40.0,3,404.52
p1_W_E.229,813.0,117.68,34.0,2,402.99
p1_S1_N1.88,880.0,69.04,46.0,3,271.71
p1_N1_S1.92,920.0,31.05,18.0,1,208.23
p1_N2_S2.86,860.0,93.27,71.0,2,313.81
p1_S1_E.27,813.0,118.83,68.0,3,407.72
p1_S2_N2.89,890.0,62.73,51.0,1,254.12
p1_N1_S1.93,930.0,24.09,11.0,1,203.93
p1_N2_S2.87,870.0,85.32,63.0,2,311.53
p1_S1_E.28,843.0,81.67,49.0,2,358.65
p1_S2_N2.90,900.0,56.13,43.0,1,250.07
p1_N1_S1.94,940.0,15.88,1.0,1,192.85
p1_S1_N1.89,890.0,58.57,39.0,1,241.53
p1_N1_S1.95,950.0,7.61,0.0,0,167.03
p1_W_E.230,817.0,104.77,39.0,3,413.66
p1_S2_N2.91,910.0,47.89,36.0,1,240.05
p1_N2_S2.88,880.0,79.1,55.0,1,287.51
p1_S1_N1.90,900.0,59.05,39.0,1,246.03
p1_S2_N2.92,920.0,39.61,28.0,1,218.51
p1_N2_S2.89,890.0,71.39,55.0,1,269.17
p1_S1_N1.91,910.0,47.75,33.0,1,234.44
p1_S2_N2.93,930.0,31.67,18.0,1,209.45
p1_S2_N2.94,940.0,23.72,11.0,1,194.76
p1_N2_S2.90,900.0,62.35,50.0,1,255.72
p1_S2_N2.95,950.0,14.77,1.0,1,179.27
p1_S1_N1.92,920.0,36.84,23.0,1,216.36
p1_S1_N1.93,930.0,38.14,17.0,1,216.5
p1_E_W.126,908.0,38.19,21.0,1,270.74
p1_N2_S2.91,910.0,54.78,41.0,1,249.93
p1_S2_N2.96,960.0,6.07,0.0,0,149.04
p1_E_W.127,915.0,33.08,20.0,1,250.58
p1_N2_S2.92,920.0,53.1,35.0,1,264.91
p1_E_W.128,922.0,30.12,16.0,1,261.27
p1_N2_S2.93,930.0,44.82,27.0,1,253.85
p1_S2_N2.97,970.0,5.64,0.0,0,148.56
p1_E_W.129,929.0,25.73,13.0,1,243.07
p1_E_N1.31,932.0,24.92,9.0,1,240.28
p1_E_W.130,936.0,22.16,7.0,1,236.01
p1_W_E.231,823.0,136.7,62.0,4,446.58
p1_N2_W.29,873.0,86.35,61.0,2,360.03
p1_W_E.232,826.0,131.94,62.0,4,437.54
p1_W_E.233,829.0,136.28,59.0,4,449.23
p1_W_E.234,832.0,135.09,56.0,4,452.62
p1_N2_W.30,903.0,64.36,48.0,1,308.57
p1_W_E.235,835.0,128.75,55.0,4,438.73
p1_W_E.236,838.0,134.07,54.0,4,456.76
p1_W_E.237,841.0,120.48,54.0,4,429.1
p1_N1_S1.96,960.0,40.55,29.0,1,218.65
p1_S1_N1.94,940.0,64.01,43.0,2,267.9
p1_N1_S1.97,970.0,35.29,22.0,1,207.32
p1_W_E.238,844.0,113.98,52.0,4,411.5
p1_S1_N1.95,950.0,55.88,33.0,2,254.99
p1_W_S2.24,853.0,121.6,44.0,3,416.73
p1_W_E.239,847.0,136.15,48.0,4,427.51
p1_W_E.240,850.0,138.41,46.0,5,430.81
p1_S1_N1.96,960.0,44.36,31.0,1,225.34
p1_W_E.241,856.0,118.72,46.0,4,421.44
p1_N1_S1.98,980.0,22.12,9.0,1,188.89
p1_W_E.242,859.0,133.22,44.0,5,426.67
p1_N1_S1.99,990.0,19.38,3.0,1,194.04
p1_S1_E.29,873.0,112.71,71.0,3,408.15
p1_N2_W.31,933.0,61.22,40.0,2,322.84
p1_S1_E.30,903.0,92.66,57.0,2,385.64
p1_E_W.131,944.0,52.37,34.0,2,302.74
p1_W_E.243,862.0,135.46,56.0,6,468.73
p1_E_W.132,951.0,47.11,28.0,2,298.12
p1_W_E.244,865.0,134.26,53.0,6,464.0
p1_W_E.245,868.0,121.49,48.0,4,433.7
p1_W_E.246,871.0,132.21,47.0,5,445.59
p1_E_N1.32,961.0,42.66,13.0,2,282.08
p1_W_E.247,874.0,130.99,42.0,4,448.07
p1_E_W.133,958.0,33.41,15.0,2,264.64
p1_W_E.248,877.0,113.02,42.0,4,412.18
p1_W_E.249,880.0,121.59,42.0,4,428.37
p1_W_E.250,883.0,122.93,41.0,5,439.37
p1_E_W.134,965.0,29.76,8.0,2,256.26
p1_W_S2.25,886.0,113.54,39.0,4,431.63
p1_W_E.251,889.0,117.72,39.0,5,433.5
p1_E_W.135,972.0,42.72,5.0,1,278.4
p1_E_N1.33,990.0,24.34,0.0,0,248.76
p1_W_E.252,892.0,119.83,38.0,5,419.01
p1_E_W.136,980.0,26.65,0.0,0,262.68
p1_W_E.253,895.0,122.95,37.0,5,429.38
p1_E_W.137,987.0,30.41,0.0,0,269.75
p1_W_E.254,898.0,121.7,36.0,4,423.3
p1_E_W.138,994.0,20.38,0.0,0,250.59
p1_E_W.139,1001.0,17.87,0.0,0,249.1
p1_S2_N2.98,980.0,64.39,54.0,1,261.5
p1_S2_N2.99,990.0,57.01,45.0,1,246.31
p1_N2_S2.94,940.0,101.95,82.0,2,318.56
p1_S2_N2.100,1000.0,48.7,37.0,1,235.24
p1_N2_S2.95,950.0,99.74,75.0,2,324.8
p1_N2_S2.96,960.0,91.4,66.0,2,317.13
p1_S2_N2.101,1010.0,41.12,28.0,1,216.04
p1_S2_N2.102,1020.0,31.58,19.0,1,213.33
p1_E_N1.34,1020.0,11.4,0.0,0,217.68
p1_N2_S2.97,970.0,85.4,60.0,1,294.29
p1_E_W.140,1008.0,8.01,0.0,0,203.84
p1_S2_N2.103,1030.0,25.22,11.0,1,202.9
p1_N2_S2.98,980.0,77.43,59.0,1,278.67
p1_E_W.141,1016.0,19.6,0.0,0,213.62
p1_E_W.142,1023.0,14.26,0.0,0,232.11
p1_E_W.143,1030.0,9.04,0.0,0,200.62
p1_S2_N2.104,1040.0,11.67,0.0,0,174.31
p1_S1_N1.97,970.0,93.45,76.0,2,309.26
p1_S2_N2.105,1050.0,10.89,0.0,0,170.11
p1_S1_N1.98,980.0,85.71,67.0,2,292.68
p1_N2_S2.99,990.0,62.82,48.0,1,251.69
p1_N2_S2.100,1000.0,67.01,46.0,1,270.08
p1_S1_N1.99,990.0,78.53,58.0,2,281.59
p1_N1_S1.100,1000.0,59.27,49.0,1,242.34
p1_N1_S1.101,1010.0,56.08,41.0,1,245.2
p1_N2_S2.101,1010.0,50.3,35.0,1,237.55
p1_N1_S1.102,1020.0,50.55,34.0,1,260.61
p1_S1_N1.100,1000.0,71.74,48.0,2,267.81
p1_W_E.255,901.0,147.36,60.0,4,465.11
p1_W_E.256,904.0,150.12,59.0,4,469.29
p1_N1_S1.103,1030.0,34.42,21.0,1,204.62
p1_S1_E.31,933.0,122.73,74.0,3,439.89
p1_S1_N1.101,1010.0,61.38,42.0,1,244.72
p1_N1_S1.104,1040.0,37.14,17.0,1,222.06
p1_S1_E.32,963.0,94.25,55.0,2,383.06
p1_S1_N1.102,1020.0,55.95,40.0,1,245.41
p1_N1_S1.105,1050.0,22.53,7.0,1,199.97
p1_N1_S1.106,1060.0,20.25,2.0,1,200.29
p1_W_E.257,907.0,150.16,71.0,5,466.86
p1_N1_S1.107,1070.0,10.46,0.0,0,187.55
p1_W_E.258,920.0,137.6,63.0,4,440.0
p1_S1_N1.103,1030.0,52.85,35.0,1,245.81
p1_S1_N1.104,1040.0,44.58,26.0,1,233.11
p1_W_E.259,924.0,139.53,61.0,4,450.08
p1_N1_S1.108,1080.0,6.04,0.0,0,150.92
p1_W_E.260,927.0,137.88,58.0,4,446.18
p1_S1_N1.105,1050.0,33.75,18.0,1,215.05
p1_W_S2.26,930.0,137.44,56.0,4,440.1
p1_W_E.261,933.0,136.12,57.0,4,459.71
p1_W_E.262,936.0,134.81,53.0,4,456.48
p1_W_E.263,939.0,131.75,51.0,4,428.71
p1_W_E.264,942.0,129.65,53.0,4,434.51
p1_W_E.265,945.0,128.33,52.0,4,432.08
p1_N2_W.32,963.0,88.22,65.0,2,345.89
p1_N2_W.33,993.0,84.88,50.0,2,357.82
p1_W_E.266,948.0,120.63,49.0,4,412.23
p1_E_W.144,1037.0,47.09,25.0,1,288.39
p1_W_E.267,951.0,126.39,47.0,4,409.37
p1_E_W.145,1044.0,41.81,19.0,1,289.22
p1_E_N1.35,1050.0,25.05,11.0,1,253.95
p1_W_E.268,954.0,131.8,47.0,4,422.71
p1_E_W.146,1053.0,34.54,9.0,1,270.35
p1_W_E.269,957.0,132.09,47.0,5,439.84
p1_W_S2.27,963.0,125.59,46.0,4,407.36
p1_E_W.147,1059.0,30.16,9.0,1,267.16
p1_W_E.270,960.0,127.96,46.0,5,446.95
p1_E_W.148,1066.0,23.29,3.0,1,275.06
p1_W_E.271,966.0,126.51,44.0,6,437.15
p1_E_W.149,1073.0,19.72,0.0,0,264.49
p1_W_E.272,969.0,125.21,40.0,5,438.48
p1_E_W.150,1080.0,14.45,0.0,0,238.33
p1_W_E.273,972.0,124.01,38.0,4,439.19
p1_E_N1.36,1083.0,12.6,0.0,0,235.47
p1_E_W.151,1088.0,8.66,0.0,0,211.12
p1_W_E.274,975.0,118.53,37.0,4,423.19
p1_W_E.275,978.0,114.25,34.0,4,395.33
p1_E_W.152,1095.0,7.23,0.0,0,196.08
p1_N2_S2.102,1020.0,105.0,84.0,2,327.16
p1_S2_N2.106,1060.0,61.18,50.0,1,248.22
p1_N2_S2.103,1030.0,99.94,76.0,2,314.57
p1_E_W.153,1102.0,6.33,0.0,0,201.24
p1_N2_S2.104,1040.0,91.64,66.0,2,308.57
p1_S2_N2.107,1070.0,61.2,46.0,1,249.51
p1_S2_N2.108,1080.0,52.9,38.0,1,251.02
p1_N2_S2.105,1050.0,81.89,56.0,2,284.88
p1_S2_N2.109,1090.0,42.43,28.0,1,237.2
p1_S2_N2.110,1100.0,33.52,18.0,1,216.82
p1_S2_N2.111,1110.0,28.37,13.0,1,212.07
p1_N1_S1.109,1090.0,49.47,39.0,1,242.66
p1_S2_N2.112,1120.0,20.07,4.0,1,200.14
p1_N2_S2.106,1060.0,76.75,49.0,1,279.11
p1_N1_S1.110,1100.0,41.45,31.0,1,225.4
p1_S2_N2.113,1130.0,11.08,0.0,0,186.25
p1_S1_N1.106,1060.0,81.27,58.0,2,290.16
p1_N2_S2.107,1070.0,73.03,48.0,1,281.42
p1_S1_N1.107,1070.0,73.93,49.0,2,284.87
p1_N1_S1.111,1110.0,30.15,19.0,1,204.38
p1_S2_N2.114,1140.0,5.59,0.0,0,152.0
p1_N2_S2.108,1080.0,58.59,43.0,1,248.05
p1_N1_S1.112,1120.0,27.2,13.0,1,202.79
p1_S1_N1.108,1080.0,62.75,44.0,1,255.69
p1_N2_S2.109,1090.0,57.79,39.0,1,253.74
p1_N1_S1.113,1130.0,18.98,5.0,1,195.41
p1_N1_S1.114,1140.0,9.79,0.0,0,182.39
p1_S1_N1.109,1090.0,60.3,43.0,1,250.68
p1_N1_S1.115,1150.0,6.36,0.0,0,145.26
p1_W_E.276,981.0,145.56,60.0,4,443.1
p1_S1_E.33,993.0,144.48,98.0,4,453.31
p1_S1_N1.110,1100.0,48.63,33.0,1,233.29
p1_S1_N1.111,1110.0,40.38,25.0,1,222.74
p1_S1_N1.112,1120.0,42.22,23.0,1,226.55
p1_S1_E.34,1023.0,102.47,66.0,3,389.56
p1_W_E.277,992.0,146.65,68.0,4,481.76
p1_S1_N1.113,1130.0,26.25,10.0,1,202.07
p1_W_E.278,996.0,149.22,66.0,4,481.72
p1_W_S2.28,1005.0,141.4,58.0,4,475.48
p1_E_W.154,1109.0,37.68,24.0,1,252.96
p1_W_E.279,999.0,148.32,63.0,4,479.47
p1_W_E.280,1002.0,147.04,60.0,4,498.4
p1_E_N1.37,1112.0,33.69,20.0,1,258.41
p1_W_E.281,1008.0,138.23,56.0,4,462.48
p1_N2_W.34,1023.0,125.99,95.0,3,417.99
p1_W_E.282,1011.0,140.7,57.0,4,474.19
p1_W_E.283,1014.0,140.36,58.0,4,467.09
p1_N2_W.35,1053.0,95.69,61.0,3,371.19
p1_W_E.284,1017.0,138.73,55.0,3,460.43
p1_N2_W.36,1083.0,70.37,42.0,1,340.46
p1_W_E.285,1020.0,136.11,56.0,4,463.05
p1_E_W.155,1116.0,36.1,24.0,1,253.35
p1_W_E.286,1023.0,127.6,55.0,4,423.96
p1_E_W.156,1124.0,35.31,20.0,1,261.35
p1_W_E.287,1026.0,127.75,53.0,3,430.16
p1_E_W.157,1131.0,32.48,14.0,1,281.49
p1_W_E.288,1029.0,134.24,53.0,4,438.07
p1_E_W.158,1138.0,27.23,10.0,1,280.18
p1_E_N1.38,1141.0,24.37,8.0,1,269.52
p1_W_E.289,1032.0,134.69,50.0,3,457.94
p1_W_E.290,1035.0,133.86,48.0,3,456.02
p1_E_W.159,1145.0,18.39,4.0,1,244.7
p1_W_E.291,1060.0,110.75,38.0,2,398.53
p1_E_W.160,1152.0,18.45,0.0,0,257.46
p1_W_S2.29,1057.0,107.33,39.0,2,404.36
p1_E_W.161,1160.0,7.38,0.0,0,197.2
p1_W_E.292,1063.0,105.05,40.0,2,399.0
p1_W_E.293,1066.0,111.13,36.0,2,414.89
p1_E_W.162,1167.0,9.76,0.0,0,217.86
p1_S1_E.35,1053.0,125.73,81.0,3,453.32
p1_E_N1.39,1170.0,8.18,0.0,0,207.58
p1_S1_E.36,1083.0,91.43,57.0,2,367.22
p1_E_W.163,1174.0,6.45,0.0,0,200.08
p1_N2_S2.110,1100.0,106.01,84.0,2,335.95
p1_S2_N2.115,1150.0,54.89,44.0,1,240.9
p1_S2_N2.116,1160.0,49.58,36.0,1,244.77
p1_E_W.164,1181.0,7.11,0.0,0,192.44
p1_N2_S2.111,1110.0,95.51,74.0,2,307.51
p1_S2_N2.117,1170.0,41.26,28.0,1,234.69
p1_S2_N2.118,1180.0,33.16,20.0,1,220.18
p1_S2_N2.119,1190.0,22.24,9.0,1,194.07
p1_N2_S2.112,1120.0,89.35,66.0,2,299.28
p1_S2_N2.120,1200.0,16.6,4.0,1,184.48
p1_N2_S2.113,1130.0,88.07,58.0,2,303.07
p1_S2_N2.121,1210.0,8.41,0.0,0,166.26
p1_S1_N1.114,1140.0,80.3,60.0,2,295.13
p1_N2_S2.114,1140.0,79.9,49.0,1,291.98
p1_N1_S1.116,1160.0,58.03,47.0,1,244.62
p1_S1_N1.115,1150.0,74.43,53.0,2,281.37
p1_N1_S1.117,1170.0,52.76,40.0,1,244.66
p1_S2_N2.122,1220.0,5.58,0.0,0,148.85
p1_S1_N1.116,1160.0,66.33,51.0,1,255.37
p1_N1_S1.118,1180.0,46.72,34.0,1,240.61
p1_S1_N1.117,1170.0,57.84,46.0,1,249.09
p1_N1_S1.119,1190.0,38.45,25.0,1,236.8
p1_N1_S1.120,1200.0,30.25,16.0,1,225.94
p1_N2_S2.115,1150.0,63.84,47.0,1,256.82
p1_N1_S1.121,1210.0,22.06,8.0,1,210.18
p1_N2_S2.116,1160.0,68.67,45.0,1,272.62
p1_S1_N1.118,1180.0,52.84,37.0,1,247.37
p1_N1_S1.122,1220.0,13.74,0.0,0,194.2
p1_S1_E.37,1113.0,100.22,60.0,3,404.9
p1_N2_S2.117,1170.0,57.71,37.0,1,247.01
p1_S1_N1.119,1190.0,45.07,31.0,1,234.37
p1_N1_S1.123,1230.0,5.55,0.0,0,151.36
p1_W_E.294,1069.0,141.66,70.0,3,486.06
p1_S1_N1.120,1200.0,32.78,18.0,1,209.71
p1_W_E.295,1072.0,146.67,69.0,3,489.47
p1_W_E.296,1075.0,146.13,68.0,3,485.9
p1_W_E.297,1078.0,144.93,65.0,3,494.66
p1_W_E.298,1081.0,143.41,64.0,3,491.25
p1_E_W.165,1188.0,28.29,16.0,1,247.71
p1_N2_W.37,1113.0,113.49,77.0,4,410.12
p1_W_E.299,1084.0,133.78,63.0,3,450.95
p1_N2_W.38,1143.0,83.42,48.0,1,358.7
p1_W_S2.30,1090.0,139.33,63.0,4,450.71
p1_W_E.300,1087.0,143.31,61.0,4,459.44
p1_N2_W.39,1173.0,56.46,36.0,1,289.8
p1_W_E.301,1093.0,132.64,58.0,3,438.55
p1_E_W.166,1196.0,39.12,29.0,1,259.92
p1_W_E.302,1096.0,138.17,58.0,3,453.43
p1_W_E.303,1099.0,134.01,59.0,4,441.4
p1_W_E.304,1103.0,136.86,57.0,4,459.58
p1_W_E.305,1106.0,135.74,55.0,3,445.89
p1_E_N1.40,1200.0,37.86,24.0,1,265.78
p1_W_E.306,1109.0,133.13,55.0,5,460.98
p1_E_W.167,1203.0,38.49,22.0,1,273.45
p1_W_E.307,1112.0,132.2,55.0,3,455.4
p1_E_W.168,1210.0,35.46,16.0,1,286.52
p1_W_E.308,1115.0,131.95,53.0,3,453.56
p1_E_W.169,1217.0,30.32,12.0,1,272.42
p1_W_E.309,1118.0,127.76,51.0,3,442.39
p1_W_E.310,1121.0,128.89,52.0,3,439.92
p1_W_S2.31,1123.0,127.43,53.0,3,429.86
p1_E_W.170,1224.0,19.42,5.0,1,246.34
p1_E_W.171,1233.0,23.11,0.0,0,245.67
p1_W_E.311,1127.0,114.0,54.0,3,385.25
p1_E_N1.41,1230.0,14.73,0.0,0,226.78
p1_E_W.172,1239.0,15.2,0.0,0,242.3
p1_W_E.312,1130.0,127.01,54.0,3,403.27
p1_W_E.313,1133.0,130.37,52.0,4,435.91
p1_S1_E.38,1143.0,121.47,77.0,3,448.94
p1_N1_S1.124,1240.0,46.52,35.0,1,225.28
p1_S2_N2.123,1230.0,57.5,46.0,1,246.54
p1_S1_E.39,1173.0,90.16,59.0,2,397.26
p1_N2_S2.118,1180.0,106.56,85.0,2,331.61
p1_S1_N1.121,1210.0,78.57,58.0,2,292.42
p1_S2_N2.124,1240.0,49.16,39.0,1,240.86
p1_N1_S1.125,1250.0,39.02,28.0,1,217.69
p1_N2_S2.119,1190.0,100.09,76.0,2,324.05
p1_S1_N1.122,1220.0,70.86,50.0,2,274.82
p1_N1_S1.126,1260.0,30.97,18.0,1,205.85
p1_N2_S2.120,1200.0,92.03,68.0,2,312.22
p1_N1_S1.127,1270.0,22.75,10.0,1,192.34
p1_S2_N2.125,1250.0,37.99,26.0,1,217.86
p1_S1_N1.123,1230.0,59.7,40.0,1,248.94
p1_S2_N2.126,1260.0,30.8,18.0,1,203.49
p1_N1_S1.128,1280.0,13.38,0.0,0,181.95
p1_N1_S1.129,1290.0,7.93,0.0,0,161.61
p1_N2_S2.121,1210.0,83.97,57.0,2,302.54
p1_S1_N1.124,1240.0,57.61,41.0,1,244.79
p1_S2_N2.127,1270.0,21.66,10.0,1,187.61
p1_N2_S2.122,1220.0,81.34,50.0,2,296.35
p1_S1_N1.125,1250.0,49.11,34.0,1,241.01
p1_S2_N2.128,1280.0,19.88,3.0,1,194.65
p1_S2_N2.129,1290.0,12.64,0.0,0,179.32
p1_N2_S2.123,1230.0,73.11,48.0,1,268.73
p1_S1_N1.126,1260.0,43.15,25.0,1,238.6
p1_N2_S2.124,1240.0,65.26,48.0,1,265.15
p1_S1_N1.127,1270.0,36.13,20.0,1,211.31
p1_N1_S1.130,1300.0,5.89,0.0,0,154.08
p1_N2_S2.125,1250.0,57.34,41.0,1,252.29
p1_S2_N2.130,1300.0,5.54,0.0,0,157.51
p1_N2_S2.126,1260.0,48.94,34.0,1,241.05
p1_E_W.173,1246.0,47.05,28.0,1,289.37
p1_W_E.314,1136.0,158.1,85.0,6,504.43
p1_E_W.174,1253.0,40.47,27.0,1,262.51
p1_W_E.315,1139.0,154.3,79.0,5,493.82
p1_E_W.175,1260.0,37.25,24.0,1,258.26
p1_W_E.316,1142.0,156.93,74.0,6,487.39
p1_S1_N1.128,1280.0,19.94,5.0,1,183.87
p1_E_N1.42,1263.0,37.05,21.0,1,260.06
p1_W_E.317,1145.0,155.8,74.0,5,477.5
p1_E_W.176,1268.0,33.69,17.0,1,258.04
p1_W_E.318,1148.0,150.55,70.0,5,474.16
p1_E_W.177,1275.0,28.47,14.0,1,249.86
p1_W_E.319,1151.0,153.74,66.0,5,480.01
p1_N2_W.40,1202.0,102.67,67.0,3,389.36
p1_W_E.320,1154.0,152.45,63.0,5,479.28
p1_W_E.321,1160.0,150.46,56.0,5,467.74
p1_W_S2.32,1156.0,148.09,61.0,5,482.47
p1_W_E.322,1163.0,149.47,57.0,5,477.67
p1_N2_W.41,1233.0,68.26,47.0,1,311.45
p1_W_E.323,1166.0,148.27,53.0,4,466.7
p1_W_E.324,1180.0,135.98,49.0,4,447.8
p1_E_W.178,1282.0,34.45,22.0,1,259.02
p1_E_W.179,1289.0,29.88,17.0,1,254.79
p1_W_E.325,1183.0,131.03,46.0,3,426.18
p1_W_E.326,1186.0,130.75,44.0,3,429.95
p1_W_E.327,1189.0,129.92,44.0,4,434.55
p1_W_E.328,1192.0,132.81,42.0,3,429.55
p1_S1_E.40,1203.0,123.35,78.0,3,419.41
p1_N1_S1.131,1310.0,42.7,30.0,1,222.07
p1_S1_E.41,1233.0,86.59,56.0,2,358.29
p1_N1_S1.132,1320.0,34.6,23.0,1,216.84
p1_S1_E.42,1263.0,70.29,40.0,2,338.28
p1_W_E.329,1195.0,140.1,54.0,4,455.54
p1_E_N1.43,1292.0,24.48,10.0,1,246.11
p1_N1_S1.133,1330.0,26.49,14.0,1,199.05
p1_W_S2.33,1201.0,134.23,48.0,4,442.16
p1_W_E.330,1198.0,136.12,53.0,5,449.27
p1_S1_N1.129,1290.0,62.28,40.0,2,266.63
p1_S1_N1.130,1300.0,59.9,36.0,1,268.81
p1_S2_N2.131,1310.0,53.49,41.0,1,244.09
p1_E_W.180,1296.0,47.6,17.0,2,286.8
p1_S2_N2.132,1320.0,45.62,34.0,1,228.02
p1_N1_S1.134,1340.0,12.93,2.0,1,170.5
p1_S2_N2.133,1330.0,37.71,26.0,1,205.91
p1_E_W.181,1304.0,42.47,15.0,2,283.56
p1_E_W.182,1311.0,37.91,10.0,3,285.84
p1_N2_S2.127,1270.0,91.34,71.0,2,312.66
p1_S1_N1.131,1310.0,38.26,25.0,1,210.92
p1_N2_S2.128,1280.0,85.11,61.0,2,302.62
p1_E_W.183,1318.0,29.13,8.0,1,255.92
p1_S2_N2.134,1340.0,26.55,15.0,1,195.04
p1_N2_S2.129,1290.0,84.57,56.0,2,305.37
p1_E_N1.44,1321.0,32.38,7.0,1,260.45
p1_S2_N2.135,1350.0,25.21,8.0,1,212.03
p1_N2_S2.130,1300.0,74.36,50.0,2,288.37
p1_S2_N2.136,1360.0,17.0,0.0,0,204.92
p1_N2_S2.131,1310.0,68.06,45.0,1,275.31
p1_N2_S2.132,1320.0,56.01,41.0,1,241.96
p1_E_W.184,1325.0,22.77,6.0,1,234.85
p1_E_W.185,1332.0,29.31,6.0,1,236.31
p1_E_W.186,1340.0,19.4,1.0,1,222.25
p1_E_N1.45,1350.0,13.52,0.0,0,223.32
p1_E_W.187,1347.0,17.81,0.0,0,236.66
p1_S2_N2.137,1370.0,5.85,0.0,0,152.87
p1_W_E.331,1204.0,157.99,72.0,7,483.68
p1_N2_W.42,1263.0,103.52,78.0,2,390.8
p1_W_E.332,1207.0,158.4,72.0,7,486.85
p1_W_E.333,1210.0,159.85,69.0,6,492.46
p1_W_E.334,1213.0,158.61,71.0,7,491.29
p1_W_E.335,1216.0,157.35,66.0,5,490.01
p1_W_E.336,1219.0,155.25,67.0,6,477.97
p1_W_E.337,1222.0,150.8,60.0,4,479.85
p1_N1_S1.135,1350.0,47.62,35.0,1,235.01
p1_W_E.338,1225.0,153.77,61.0,5,478.71
p1_N1_S1.136,1360.0,40.71,28.0,1,219.1
p1_S1_N1.132,1320.0,74.8,58.0,2,284.72
p1_N1_S1.137,1370.0,32.56,21.0,1,206.96
p1_S1_N1.133,1330.0,74.08,51.0,2,286.47
p1_W_S2.34,1234.0,150.65,58.0,4,461.4
p1_S1_N1.134,1340.0,62.88,43.0,2,262.21
p1_N1_S1.138,1380.0,21.94,9.0,1,190.54
p1_W_E.339,1228.0,142.28,58.0,4,440.9
p1_N1_S1.139,1390.0,18.44,4.0,1,189.53
p1_W_E.340,1231.0,156.65,59.0,5,459.64
p1_S1_N1.135,1350.0,52.47,31.0,1,239.59
p1_N1_S1.140,1400.0,10.18,0.0,0,185.09
p1_W_E.341,1255.0,133.59,51.0,3,453.45
p1_W_E.342,1258.0,133.16,48.0,3,443.09
p1_S1_N1.136,1360.0,51.9,29.0,1,239.37
p1_W_E.343,1261.0,131.83,45.0,3,454.2
p1_W_E.344,1264.0,130.6,45.0,3,456.89
p1_N2_W.43,1293.0,102.52,69.0,3,390.68
p1_S1_E.43,1293.0,98.72,54.0,2,399.73
p1_N2_W.44,1323.0,74.31,50.0,2,350.64
p1_W_E.345,1267.0,127.57,56.0,4,464.73
p1_E_W.188,1354.0,45.12,26.0,2,293.22
p1_W_E.346,1270.0,130.0,55.0,4,441.8
p1_W_E.347,1273.0,128.74,50.0,4,436.54
p1_W_E.348,1276.0,118.18,49.0,4,410.75
p1_W_E.349,1279.0,128.59,46.0,4,424.59
p1_W_S2.35,1285.0,123.03,43.0,4,434.76
p1_E_W.189,1361.0,28.22,9.0,1,259.02
p1_E_N1.46,1380.0,27.35,1.0,1,270.18
p1_W_E.350,1282.0,124.04,45.0,4,435.98
p1_W_E.351,1288.0,123.06,44.0,4,438.31
p1_E_W.190,1368.0,42.3,8.0,1,282.15
p1_E_W.191,1376.0,33.45,4.0,1,272.87
p1_E_W.192,1383.0,18.33,0.0,0,246.93
p1_W_E.352,1291.0,111.4,45.0,4,388.92
p1_E_W.193,1390.0,26.94,0.0,0,269.47
p1_W_E.353,1294.0,124.72,40.0,4,404.47
p1_E_W.194,1397.0,19.94,0.0,0,251.92
p1_W_E.354,1297.0,121.5,39.0,4,428.28
p1_W_E.355,1300.0,117.81,40.0,4,416.7
p1_N2_S2.133,1330.0,114.31,95.0,2,355.29
p1_N2_S2.134,1340.0,106.3,86.0,2,331.15
p1_S2_N2.138,1380.0,63.45,51.0,1,250.83
p1_N2_S2.135,1350.0,98.23,78.0,2,315.83
p1_E_W.195,1404.0,8.33,0.0,0,197.36
p1_E_N1.47,1410.0,10.53,0.0,0,214.05
p1_S2_N2.139,1390.0,58.89,45.0,1,253.52
p1_S2_N2.140,1400.0,50.08,36.0,1,241.6
p1_E_W.196,1413.0,15.25,0.0,0,232.98
p1_S2_N2.141,1410.0,42.43,28.0,1,245.63
p1_N2_S2.136,1360.0,93.15,68.0,2,307.79
p1_S2_N2.142,1420.0,34.2,20.0,1,229.82
p1_N2_S2.137,1370.0,85.26,58.0,2,303.2
p1_S2_N2.143,1430.0,24.75,11.0,1,215.48
p1_N2_S2.138,1380.0,76.41,53.0,1,279.72
p1_S2_N2.144,1440.0,16.24,1.0,1,199.21
p1_E_W.197,1419.0,7.71,0.0,0,199.38
p1_S2_N2.145,1450.0,7.03,0.0,0,165.4
p1_E_W.198,1426.0,13.79,0.0,0,212.84
p1_N2_S2.139,1390.0,72.3,52.0,1,268.56
p1_N2_S2.140,1400.0,64.29,48.0,1,263.3
p1_S2_N2.146,1460.0,6.6,0.0,0,156.54
p1_N2_S2.141,1410.0,54.02,37.0,1,246.12
p1_N1_S1.141,1410.0,59.84,49.0,1,251.43
p1_N1_S1.142,1420.0,51.64,41.0,1,243.44
p1_N2_S2.142,1420.0,50.6,33.0,1,248.98
p1_S1_N1.137,1370.0,97.15,76.0,2,313.4
p1_S1_N1.138,1380.0,92.15,70.0,2,301.53
p1_N1_S1.143,1430.0,43.89,31.0,1,229.61
p1_W_E.356,1303.0,153.82,69.0,5,473.24
p1_N1_S1.144,1440.0,33.6,22.0,1,216.47
p1_S1_N1.139,1390.0,82.25,60.0,2,288.5
p1_N1_S1.145,1450.0,24.57,12.0,1,195.75
p1_W_E.357,1307.0,147.27,67.0,5,467.2
p1_S1_N1.140,1400.0,78.07,53.0,2,292.13
p1_S1_N1.141,1410.0,73.52,49.0,1,285.68
p1_N1_S1.146,1460.0,16.02,3.0,1,183.05
p1_S1_N1.142,1420.0,65.23,47.0,1,265.31
p1_N1_S1.147,1470.0,15.05,0.0,0,183.58
p1_W_E.358,1310.0,141.46,64.0,5,431.69
p1_S1_N1.143,1430.0,54.69,40.0,1,248.03
p1_S1_E.44,1323.0,143.9,91.0,4,451.42
p1_S1_N1.144,1440.0,49.35,32.0,1,248.53
p1_N1_S1.148,1480.0,5.66,0.0,0,153.95
p1_S1_E.45,1353.0,112.95,59.0,3,421.45
p1_W_E.359,1313.0,157.8,68.0,5,493.81
p1_W_E.360,1316.0,155.48,65.0,5,497.03
p1_W_E.361,1332.0,142.18,60.0,4,456.51
p1_N2_W.45,1353.0,122.59,93.0,3,420.44
p1_W_S2.36,1319.0,144.38,65.0,5,468.89
p1_W_E.362,1335.0,137.54,56.0,3,452.81
p1_W_E.363,1338.0,132.37,56.0,3,433.81
p1_N2_W.46,1383.0,87.78,61.0,2,352.89
p1_N2_W.47,1413.0,70.61,41.0,2,347.27
p1_W_E.364,1341.0,130.39,55.0,4,431.96
p1_E_W.199,1433.0,44.36,31.0,1,268.99
p1_E_N1.48,1443.0,42.96,24.0,1,289.25
p1_W_E.365,1344.0,136.46,55.0,3,442.26
p1_W_E.366,1347.0,141.08,52.0,5,468.33
p1_E_W.200,1440.0,44.9,27.0,1,293.78
p1_W_E.367,1350.0,130.63,51.0,3,438.58
p1_W_E.368,1353.0,133.86,48.0,3,465.0
p1_W_E.369,1356.0,137.25,47.0,3,459.85
p1_W_S2.37,1362.0,132.44,43.0,3,408.34
p1_E_W.201,1448.0,33.5,19.0,1,254.31
p1_E_W.202,1455.0,33.96,15.0,1,261.92
p1_E_N1.49,1471.0,25.96,6.0,1,252.64
p1_E_W.203,1462.0,35.33,12.0,1,276.38
p1_E_W.204,1469.0,30.69,6.0,1,268.84
p1_E_W.205,1476.0,23.91,4.0,1,270.61
p1_W_E.370,1359.0,116.38,46.0,3,398.91
p1_W_E.371,1365.0,139.13,45.0,3,413.69
p1_E_W.206,1484.0,14.43,0.0,0,244.09
p1_E_W.207,1491.0,7.35,0.0,0,201.29
p1_W_E.372,1368.0,115.75,44.0,3,399.24
p1_E_W.208,1498.0,10.28,0.0,0,210.65
p1_W_E.373,1371.0,138.34,42.0,3,407.24
p1_W_E.374,1374.0,134.4,41.0,4,422.93
p1_E_N1.50,1501.0,9.15,0.0,0,215.52
p1_E_W.209,1505.0,6.69,0.0,0,191.46
p1_W_E.375,1378.0,134.67,40.0,4,432.88
p1_W_E.376,1403.0,106.87,29.0,2,400.49
p1_W_E.377,1406.0,110.21,28.0,2,407.26
p1_N2_S2.143,1430.0,102.05,80.0,2,321.28
p1_S2_N2.147,1470.0,60.76,50.0,1,252.22
p1_N2_S2.144,1440.0,101.42,73.0,2,319.71
p1_S2_N2.148,1480.0,61.65,46.0,1,257.6
p1_S2_N2.149,1490.0,53.28,38.0,1,251.34
p1_N2_S2.145,1450.0,92.53,65.0,2,304.39
p1_S2_N2.150,1500.0,42.94,27.0,1,240.79
p1_N2_S2.146,1460.0,86.27,56.0,2,304.43
p1_E_W.210,1512.0,7.82,0.0,0,199.37
p1_N2_S2.147,1470.0,73.48,54.0,1,263.5
p1_S2_N2.151,1510.0,25.61,13.0,1,194.71
p1_S1_N1.145,1450.0,97.19,77.0,2,312.56
p1_S2_N2.152,1520.0,33.38,11.0,1,216.85
p1_S1_N1.146,1460.0,95.14,71.0,2,319.23
p1_N2_S2.148,1480.0,69.93,52.0,1,262.6
p1_S2_N2.153,1530.0,18.73,0.0,0,188.44
p1_S1_N1.147,1470.0,86.84,62.0,2,304.77
p1_N1_S1.149,1490.0,54.18,42.0,1,228.86
p1_N2_S2.149,1490.0,61.45,45.0,1,251.3
p1_S2_N2.154,1540.0,8.87,0.0,0,161.43
p1_N1_S1.150,1500.0,58.66,40.0,1,252.62
p1_N2_S2.150,1500.0,58.75,39.0,1,258.33
p1_S2_N2.155,1550.0,8.76,0.0,0,161.49
p1_N1_S1.151,1510.0,49.73,33.0,1,245.9
p1_N1_S1.152,1520.0,42.19,25.0,1,239.83
p1_W_E.378,1409.0,132.5,58.0,4,437.71
p1_S1_N1.148,1480.0,77.41,52.0,2,288.05
p1_N1_S1.153,1530.0,28.24,14.0,1,211.71
p1_S1_E.46,1383.0,160.47,116.0,4,493.36
p1_S1_N1.149,1490.0,75.54,51.0,1,282.99
p1_N1_S1.154,1540.0,25.73,7.0,1,224.35
p1_S1_E.47,1413.0,132.5,89.0,3,446.61
p1_S1_N1.150,1500.0,67.06,49.0,1,274.17
p1_N1_S1.155,1550.0,17.4,0.0,0,209.45
p1_S1_E.48,1443.0,104.78,64.0,3,415.39
p1_N1_S1.156,1560.0,9.17,0.0,0,168.75
p1_S1_N1.151,1510.0,57.26,41.0,1,244.85
p1_W_E.379,1412.0,134.01,63.0,4,458.48
p1_S1_N1.152,1520.0,49.11,31.0,1,234.16
p1_W_E.380,1415.0,139.28,60.0,4,461.49
p1_W_S2.38,1418.0,137.23,58.0,4,465.1
p1_W_E.381,1421.0,136.14,54.0,3,465.75
p1_E_W.211,1520.0,37.0,25.0,1,259.97
p1_W_E.382,1424.0,135.09,54.0,4,460.12
p1_N2_W.48,1443.0,110.41,78.0,3,390.77
p1_N2_W.49,1473.0,89.34,56.0,2,374.35
p1_N2_W.50,1503.0,57.03,37.0,1,301.78
p1_W_E.383,1427.0,124.35,52.0,4,432.57
p1_E_N1.51,1530.0,41.19,21.0,1,264.49
p1_W_E.384,1430.0,118.6,52.0,4,413.23
p1_E_W.212,1527.0,34.76,22.0,1,258.94
p1_E_W.213,1534.0,39.94,20.0,1,281.69
p1_W_E.385,1433.0,141.27,52.0,4,437.73
p1_W_E.386,1436.0,127.67,51.0,5,446.88
p1_E_W.214,1541.0,34.58,16.0,1,287.62
p1_W_E.387,1439.0,133.52,49.0,6,442.58
p1_W_E.388,1442.0,124.53,50.0,5,443.37
p1_W_S2.39,1451.0,122.87,45.0,4,418.32
p1_E_W.215,1548.0,23.11,8.0,1,243.02
p1_W_E.389,1445.0,136.58,48.0,5,441.84
p1_E_W.216,1556.0,26.12,5.0,1,270.77
p1_W_E.390,1448.0,135.27,48.0,5,437.84
p1_W_E.391,1454.0,131.05,46.0,4,455.19
p1_E_W.217,1563.0,21.09,0.0,0,256.41
p1_W_E.392,1457.0,129.67,45.0,4,460.6
p1_E_W.218,1570.0,14.69,0.0,0,230.97
p1_E_N1.52,1560.0,14.31,0.0,0,228.44
p1_W_E.393,1460.0,128.48,44.0,4,450.27
p1_W_E.394,1463.0,127.12,42.0,4,448.03
p1_W_E.395,1466.0,125.94,41.0,4,442.71
p1_E_W.219,1577.0,7.37,0.0,0,201.21
p1_E_W.220,1584.0,7.14,0.0,0,199.85
p1_S1_E.49,1473.0,111.49,74.0,3,410.68
p1_N2_S2.151,1510.0,106.42,82.0,2,330.29
p1_S2_N2.156,1560.0,54.62,44.0,1,253.24
p1_N2_S2.152,1520.0,98.7,73.0,2,307.35
p1_S2_N2.157,1570.0,49.08,37.0,1,235.71
p1_E_N1.53,1590.0,8.4,0.0,0,218.17
p1_N2_S2.153,1530.0,88.38,63.0,2,293.03
p1_S2_N2.158,1580.0,36.6,26.0,1,218.06
p1_N2_S2.154,1540.0,82.64,57.0,2,287.16
p1_N1_S1.157,1570.0,56.9,46.0,1,250.91
p1_S2_N2.159,1590.0,36.87,20.0,1,222.72
p1_S2_N2.160,1600.0,23.7,11.0,1,196.54
p1_N2_S2.155,1550.0,74.09,47.0,1,268.5
p1_S1_N1.153,1530.0,93.93,74.0,2,309.05
p1_S2_N2.161,1610.0,14.44,1.0,1,183.93
p1_N2_S2.156,1560.0,65.54,47.0,1,252.96
p1_S1_N1.154,1540.0,92.22,65.0,2,309.86
p1_N1_S1.158,1580.0,45.96,34.0,1,225.32
p1_S2_N2.162,1620.0,12.3,0.0,0,181.3
p1_N1_S1.159,1590.0,38.43,25.0,1,219.18
p1_N1_S1.160,1600.0,34.38,19.0,1,228.6
p1_N2_S2.157,1570.0,61.72,46.0,1,256.48
p1_S2_N2.163,1630.0,5.9,0.0,0,153.38
p1_S1_N1.155,1550.0,79.14,54.0,2,279.86
p1_N2_S2.158,1580.0,57.69,41.0,1,259.82
p1_N1_S1.161,1610.0,23.79,10.0,1,212.22
p1_S1_N1.156,1560.0,78.85,48.0,2,285.07
p1_N2_S2.159,1590.0,49.49,32.0,1,244.58
p1_N1_S1.162,1620.0,18.82,2.0,1,211.18
p1_S1_N1.157,1570.0,67.95,45.0,1,265.1
p1_S1_N1.158,1580.0,61.87,45.0,1,265.75
p1_S1_N1.159,1590.0,54.26,37.0,1,249.79
p1_N1_S1.163,1630.0,6.34,0.0,0,148.79
p1_N1_S1.164,1640.0,5.63,0.0,0,146.61
p1_S1_E.50,1503.0,112.84,79.0,3,419.72
p1_S1_N1.160,1600.0,46.75,32.0,1,238.41
p1_W_E.396,1469.0,159.47,74.0,5,506.84
p1_W_E.397,1472.0,151.39,69.0,5,505.32
p1_S1_N1.161,1610.0,36.15,22.0,1,219.17
p1_W_E.398,1475.0,156.99,69.0,5,491.78
p1_E_W.221,1593.0,39.75,26.0,1,265.45
p1_W_E.399,1478.0,155.69,66.0,4,508.03
p1_E_W.222,1599.0,36.38,23.0,1,259.6
p1_W_S2.40,1484.0,152.01,62.0,4,471.37
p1_N2_W.51,1533.0,104.37,68.0,3,377.17
p1_W_E.400,1481.0,143.37,63.0,3,464.54
p1_W_E.401,1487.0,145.36,60.0,3,471.93
p1_W_E.402,1490.0,150.36,60.0,3,472.83
p1_N2_W.52,1563.0,69.61,47.0,1,325.44
p1_E_W.223,1606.0,39.25,27.0,1,269.69
p1_W_E.403,1493.0,141.97,58.0,3,446.97
p1_W_E.404,1496.0,141.74,58.0,3,442.89
p1_E_W.224,1613.0,34.27,23.0,1,259.4
p1_W_E.405,1499.0,150.83,57.0,3,440.0
p1_W_E.406,1504.0,137.82,54.0,4,433.73
p1_W_E.407,1507.0,141.01,51.0,3,440.14
p1_E_W.225,1620.0,27.08,16.0,1,249.01
p1_E_N1.54,1623.0,31.28,13.0,1,272.66
p1_W_E.408,1511.0,144.31,50.0,3,458.56
p1_W_E.409,1514.0,142.71,49.0,3,465.53
p1_W_E.410,1517.0,141.76,52.0,3,452.87
p1_W_S2.41,1520.0,136.43,51.0,3,426.56
p1_E_W.226,1628.0,23.52,9.0,1,246.14
p1_W_E.411,1523.0,132.59,51.0,3,426.16
p1_E_W.227,1635.0,17.07,3.0,1,231.8
p1_E_W.228,1642.0,22.97,0.0,0,247.94
p1_W_E.412,1526.0,139.78,51.0,3,423.53
p1_W_E.413,1529.0,138.57,47.0,3,444.36
p1_E_W.229,1649.0,7.81,0.0,0,194.93
p1_S1_E.51,1533.0,133.84,88.0,3,450.09
p1_S1_E.52,1563.0,107.38,64.0,4,412.29
p1_S1_E.53,1593.0,79.61,47.0,2,379.64
p1_N1_S1.165,1650.0,44.27,31.0,1,231.9
p1_W_E.414,1532.0,138.74,59.0,5,475.58
p1_S1_N1.162,1620.0,75.9,53.0,2,287.17
p1_N1_S1.166,1660.0,36.35,22.0,1,209.82
p1_W_E.415,1535.0,141.34,57.0,4,490.41
p1_N1_S1.167,1670.0,28.08,15.0,1,216.24
p1_W_E.416,1538.0,140.03,55.0,5,484.56
p1_S1_N1.163,1630.0,70.4,41.0,2,274.28
p1_S2_N2.164,1640.0,58.82,46.0,1,245.37
p1_S2_N2.165,1650.0,58.89,42.0,1,250.84
p1_N1_S1.168,1680.0,12.64,0.0,0,178.57
p1_S1_N1.164,1640.0,54.04,34.0,1,244.82
p1_S2_N2.166,1660.0,50.68,34.0,1,246.99
p1_N2_S2.160,1600.0,98.37,77.0,2,319.63
p1_N1_S1.169,1690.0,20.93,0.0,0,188.4
p1_S1_N1.165,1650.0,62.39,34.0,1,251.41
p1_S2_N2.167,1670.0,42.41,26.0,1,247.12
p1_N1_S1.170,1700.0,12.54,0.0,0,168.12
p1_N2_S2.161,1610.0,97.88,71.0,2,316.79
p1_N2_S2.162,1620.0,94.68,65.0,2,321.47
p1_S1_N1.166,1660.0,54.13,32.0,1,256.73
p1_S2_N2.168,1680.0,34.15,17.0,1,229.98
p1_N2_S2.163,1630.0,84.26,56.0,2,302.26
p1_S2_N2.169,1690.0,23.92,7.0,1,214.91
p1_E_W.230,1656.0,39.94,22.0,1,274.17
p1_S2_N2.170,1700.0,17.64,0.0,0,209.04
p1_N2_S2.164,1640.0,78.14,52.0,1,293.1
p1_S2_N2.171,1710.0,9.41,0.0,0,178.32
p1_N2_S2.165,1650.0,69.75,51.0,1,278.69
p1_E_N1.55,1652.0,34.78,23.0,1,260.23
p1_N2_S2.166,1660.0,61.24,46.0,1,259.37
p1_N2_S2.167,1670.0,51.62,38.0,1,247.68
p1_N2_S2.168,1680.0,45.71,30.0,1,250.5
p1_E_N1.56,1681.0,23.85,6.0,1,243.6
p1_E_W.231,1664.0,23.29,10.0,1,240.8
p1_E_W.232,1671.0,29.05,9.0,1,244.46
p1_E_W.233,1678.0,31.02,7.0,1,255.2
p1_W_E.417,1541.0,165.98,78.0,5,517.8
p1_E_W.234,1685.0,25.74,6.0,1,247.28
p1_W_E.418,1544.0,168.17,77.0,5,519.75
p1_N2_W.53,1593.0,119.49,88.0,2,436.49
p1_W_E.419,1547.0,166.88,76.0,6,519.93
p1_N2_W.54,1623.0,91.09,61.0,2,362.07
p1_W_E.420,1550.0,165.76,73.0,6,502.26
p1_W_S2.42,1553.0,164.71,71.0,5,492.54
p1_W_E.421,1556.0,162.86,71.0,5,476.15
p1_W_E.422,1559.0,162.74,67.0,5,481.07
p1_N2_W.55,1653.0,67.92,51.0,1,308.99
p1_W_E.423,1562.0,161.44,66.0,5,487.66
p1_W_E.424,1565.0,160.26,65.0,5,489.73
p1_W_E.425,1568.0,159.08,64.0,4,477.12
p1_S1_N1.167,1670.0,78.07,56.0,2,289.44
p1_N1_S1.171,1710.0,37.91,28.0,1,218.4
p1_S1_N1.168,1680.0,69.82,45.0,2,273.18
p1_N1_S1.172,1720.0,30.65,19.0,1,211.26
p1_N1_S1.173,1730.0,22.48,11.0,1,192.66
p1_W_E.426,1585.0,136.98,54.0,4,427.42
p1_S1_N1.169,1690.0,64.55,37.0,2,261.44
p1_N1_S1.174,1740.0,12.58,2.0,1,181.17
p1_W_E.427,1589.0,144.4,54.0,3,443.92
p1_W_E.428,1592.0,144.03,52.0,3,445.05
p1_N1_S1.175,1750.0,7.17,0.0,0,167.38
p1_S1_E.54,1623.0,109.69,67.0,3,405.45
p1_S1_N1.170,1700.0,54.6,30.0,1,243.45
p1_S1_N1.171,1710.0,47.22,30.0,1,226.4
p1_S1_E.55,1653.0,80.17,51.0,2,365.81
p1_S2_N2.172,1720.0,43.29,31.0,1,225.99
p1_S2_N2.173,1730.0,35.59,25.0,1,208.87
p1_E_W.235,1692.0,52.95,37.0,2,297.71
p1_N2_S2.169,1690.0,73.52,51.0,2,283.03
p1_S2_N2.174,1740.0,27.31,16.0,1,204.87
p1_N2_S2.170,1700.0,68.71,45.0,2,277.35
p1_E_W.236,1700.0,47.61,28.0,2,299.51
p1_E_W.237,1707.0,41.01,22.0,2,282.54
p1_N2_S2.171,1710.0,55.27,32.0,2,251.77
p1_S2_N2.175,1750.0,15.12,2.0,1,174.91
p1_E_W.238,1714.0,40.14,13.0,2,277.47
p1_N2_S2.172,1720.0,55.22,26.0,1,255.89
p1_S2_N2.176,1760.0,11.26,0.0,0,177.26
p1_E_N1.57,1710.0,35.56,14.0,2,270.08
p1_E_W.239,1721.0,35.16,10.0,2,264.4
p1_N2_S2.173,1730.0,45.79,26.0,1,229.35
p1_N2_S2.174,1740.0,38.67,23.0,1,229.4
p1_S2_N2.177,1770.0,5.83,0.0,0,155.17
p1_E_W.240,1728.0,29.81,1.0,1,273.21
p1_N2_S2.175,1750.0,32.31,16.0,1,214.97
p1_E_W.241,1736.0,19.96,0.0,0,231.42
p1_N2_S2.176,1760.0,24.19,8.0,1,200.6
p1_E_N1.58,1740.0,18.98,0.0,0,242.06
p1_E_W.242,1743.0,21.77,0.0,0,242.5
p1_N2_S2.177,1770.0,15.93,0.0,0,199.81
p1_S2_N2.178,1780.0,6.37,0.0,0,148.13
p1_E_W.243,1750.0,13.9,0.0,0,230.42
p1_N2_W.56,1683.0,86.59,60.0,2,369.89
p1_W_S2.43,1601.0,172.13,84.0,5,486.14
p1_W_E.429,1595.0,165.91,90.0,5,478.37
p1_W_E.430,1598.0,180.16,89.0,5,498.91
p1_S1_N1.172,1720.0,79.4,61.0,2,285.98
p1_N1_S1.176,1760.0,38.78,28.0,1,215.82
p1_W_E.431,1604.0,176.05,82.0,5,501.63
p1_S1_N1.173,1730.0,71.82,50.0,2,280.57
p1_W_E.432,1607.0,174.73,79.0,5,505.83
p1_S1_N1.174,1740.0,63.74,41.0,2,270.33
p1_N1_S1.177,1770.0,29.22,17.0,1,201.08
p1_W_E.433,1610.0,173.5,79.0,5,511.19
p1_W_E.434,1613.0,172.25,75.0,5,499.43
p1_W_E.435,1616.0,170.9,73.0,5,505.2
p1_N1_S1.178,1780.0,19.24,7.0,1,181.81
p1_N1_S1.179,1790.0,11.85,0.0,0,179.9
p2_N1_S1.0,1800.0,11.67,0.0,0,166.45
p1_S1_N1.175,1750.0,53.59,31.0,2,246.3
p1_S1_N1.176,1760.0,50.47,29.0,1,235.59
p1_S1_N1.177,1770.0,44.37,27.0,1,235.01
p1_W_E.436,1619.0,152.19,72.0,5,450.4
p1_W_S2.44,1635.0,161.99,63.0,5,480.61
p1_S1_N1.178,1780.0,39.3,22.0,1,229.19
p1_W_E.437,1623.0,175.33,72.0,6,465.58
p1_W_E.438,1626.0,150.85,73.0,5,450.07
p1_W_E.439,1629.0,173.31,67.0,5,481.82
p1_N2_W.57,1713.0,88.66,51.0,3,373.04
p1_W_E.440,1632.0,172.06,65.0,5,484.12
p1_N2_W.58,1743.0,61.12,37.0,2,317.78
p1_W_E.441,1638.0,165.34,61.0,5,508.3
p1_E_W.244,1757.0,49.24,28.0,2,305.84
p1_S1_E.56,1683.0,116.65,61.0,3,431.9
p1_E_W.245,1764.0,44.07,22.0,2,287.19
p1_S1_E.57,1713.0,96.37,48.0,2,383.74
p1_W_E.442,1643.0,168.18,74.0,6,498.95
p1_E_N1.59,1770.0,40.91,19.0,2,291.65
p1_E_W.246,1773.0,39.79,17.0,2,286.55
p1_W_E.443,1666.0,131.04,66.0,4,434.71
p1_E_W.247,1779.0,35.65,9.0,2,278.93
p1_W_E.444,1669.0,129.76,63.0,4,426.1
p1_W_E.445,1672.0,138.6,62.0,4,438.4
p1_W_E.446,1676.0,142.97,59.0,4,453.95
p1_E_W.248,1786.0,23.91,4.0,1,256.52
p1_W_E.447,1679.0,133.44,58.0,4,451.09
p1_E_W.249,1793.0,28.76,3.0,1,251.04
p1_W_E.448,1682.0,140.71,57.0,4,482.16
p1_W_S2.45,1691.0,132.08,54.0,4,444.16
p2_E_W.0,1800.0,22.86,0.0,0,244.95
p1_W_E.449,1685.0,120.24,53.0,5,409.16
p1_W_E.450,1688.0,140.64,55.0,5,430.36
p1_W_E.451,1694.0,126.36,51.0,4,441.52
p1_S2_N2.179,1790.0,64.44,53.0,1,255.76
p1_N2_S2.178,1780.0,75.98,61.0,1,281.15
p2_S2_N2.0,1800.0,56.37,46.0,1,242.99
p1_W_E.452,1697.0,112.02,52.0,5,392.26
p1_N2_S2.179,1790.0,66.74,56.0,1,261.2
p2_N2_S2.0,1800.0,61.04,47.0,1,249.93
p2_N2_S2.1,1810.0,43.88,31.0,1,215.09
p2_E_S1.0,1803.0,48.29,25.0,1,285.74
p2_N2_S2.2,1820.0,53.04,30.0,1,239.01
p2_N1_S1.1,1810.0,65.23,52.0,2,260.43
p2_N2_S2.3,1830.0,44.87,23.0,1,229.27
p2_N1_S1.2,1820.0,57.54,45.0,1,245.96
p2_N2_S2.4,1840.0,29.05,11.0,1,207.91
p1_S1_N1.179,1790.0,83.01,61.0,2,298.51
p2_N2_S2.5,1850.0,28.58,5.0,1,212.87
p2_S1_N1.0,1800.0,79.62,55.0,2,290.49
p2_N1_S1.3,1830.0,49.47,38.0,1,238.31
p2_N2_S2.6,1860.0,20.45,0.0,0,210.1
p2_S1_N1.1,1810.0,65.57,49.0,1,253.22
p2_N2_S2.7,1870.0,12.07,0.0,0,169.58
p2_S1_N1.2,1820.0,63.74,49.0,1,259.65
p2_S1_N1.3,1830.0,47.51,35.0,1,226.31
p1_W_E.453,1700.0,151.79,78.0,5,452.59
p2_S1_N1.4,1840.0,42.47,29.0,1,232.75
p1_W_E.454,1703.0,165.79,75.0,8,476.04
p2_S1_N1.5,1850.0,41.55,22.0,1,237.93
p1_W_E.455,1706.0,161.81,73.0,8,473.32
p2_S1_N1.6,1860.0,33.28,15.0,1,234.85
p1_S1_E.58,1743.0,120.45,73.0,4,423.63
p2_S1_N1.7,1870.0,21.88,5.0,1,215.23
p1_S1_E.59,1773.0,101.54,54.0,3,399.9
p2_S1_N1.8,1880.0,16.45,0.0,0,205.65
p2_N1_E.0,1803.0,68.62,28.0,2,339.86
p2_S1_N1.9,1890.0,8.67,0.0,0,176.92
p1_W_E.456,1709.0,169.14,74.0,6,499.08
p1_W_E.457,1712.0,167.93,74.0,6,518.41
p1_W_E.458,1715.0,166.77,74.0,7,517.64
p2_E_W.1,1806.0,76.1,49.0,2,328.16
p1_W_E.459,1718.0,159.41,71.0,6,491.71
p1_W_S2.46,1724.0,157.31,69.0,6,460.78
p1_W_E.460,1721.0,155.78,69.0,6,468.01
p1_W_E.461,1742.0,145.35,56.0,4,462.48
p1_W_E.462,1745.0,144.1,55.0,4,447.51
p1_W_E.463,1748.0,142.76,52.0,5,464.62
p1_W_E.464,1751.0,141.54,53.0,5,446.9
p2_E_W.2,1809.0,60.28,44.0,2,288.37
p1_W_E.465,1754.0,140.3,49.0,6,450.26
p2_E_W.3,1812.0,82.69,42.0,2,323.64
p1_W_E.466,1757.0,138.96,49.0,8,441.81
p2_E_W.4,1815.0,80.01,41.0,2,337.0
p1_W_E.467,1760.0,134.62,49.0,6,433.74
p2_E_W.5,1818.0,70.88,41.0,2,337.07
p2_E_W.6,1821.0,77.51,38.0,2,352.83
p2_E_W.7,1824.0,72.46,37.0,2,338.91
p2_E_W.8,1827.0,72.48,38.0,2,338.84
p2_E_W.9,1830.0,75.64,37.0,2,349.84
p1_W_E.468,1763.0,123.44,48.0,4,417.32
p1_W_S2.47,1772.0,129.31,43.0,4,422.92
p2_E_W.10,1833.0,71.11,37.0,2,336.95
p1_W_E.469,1766.0,136.96,47.0,5,422.9
p1_W_E.470,1769.0,140.6,43.0,5,416.88
p1_W_E.471,1775.0,133.06,44.0,6,430.72
p1_W_E.472,1778.0,127.36,42.0,5,434.58
p1_W_E.473,1781.0,131.15,40.0,5,445.6
p2_E_S1.1,1836.0,76.65,41.0,3,346.12
p2_N1_E.1,1833.0,83.37,49.0,2,383.92
p2_N1_S1.4,1840.0,98.64,78.0,4,316.08
p1_W_E.474,1784.0,134.88,52.0,4,474.05
p2_N1_S1.5,1850.0,90.36,66.0,3,301.04
p2_S1_N1.10,1900.0,37.86,25.0,1,215.51
p2_S1_N1.11,1910.0,31.72,15.0,1,209.37
p1_W_E.475,1787.0,133.71,49.0,6,462.51
p2_N1_S1.6,1860.0,82.12,57.0,3,287.23
p2_S1_N1.12,1920.0,23.45,9.0,1,199.52
p1_W_E.476,1804.0,118.45,43.0,4,429.13
p2_S1_N1.13,1930.0,15.16,0.0,0,190.98
p2_N2_S2.8,1880.0,65.49,54.0,1,263.59
p2_S2_N2.1,1810.0,134.33,114.0,3,369.13
p2_S1_N1.14,1940.0,6.92,0.0,0,164.02
p2_S2_N2.2,1820.0,128.0,107.0,3,359.74
p2_N2_S2.9,1890.0,58.1,45.0,1,246.37
p2_S2_N2.3,1830.0,120.24,97.0,3,354.59
p2_N2_S2.10,1900.0,49.93,36.0,1,230.26
p2_N1_S1.7,1870.0,82.94,50.0,4,291.02
p2_N1_S1.8,1880.0,73.88,41.0,3,273.76
p2_N2_S2.11,1910.0,37.33,25.0,1,221.74
p2_N1_S1.9,1890.0,67.68,38.0,2,265.8
p2_N2_S2.12,1920.0,35.04,20.0,1,231.23
p2_N2_S2.13,1930.0,29.67,12.0,1,227.34
p2_N1_S1.10,1900.0,61.04,32.0,2,248.84
p2_N2_S2.14,1940.0,12.58,0.0,0,178.67
p2_N1_S1.11,1910.0,55.51,30.0,1,248.81
p2_N2_S2.15,1950.0,14.87,0.0,0,181.88
p2_N2_S2.16,1960.0,6.54,0.0,0,163.72
p2_N1_S1.12,1920.0,47.21,23.0,1,238.09
p2_S2_N2.4,1840.0,121.24,92.0,4,347.15
p2_S2_N2.5,1850.0,119.65,85.0,4,347.21
p2_S2_N2.6,1860.0,111.4,77.0,3,347.62
p2_S1_N1.15,1950.0,6.31,0.0,0,154.25
p2_S1_N1.16,1960.0,8.4,0.0,0,163.69
p2_S2_N2.7,1870.0,102.16,73.0,3,320.62
p2_E_W.11,1839.0,111.94,76.0,4,386.84
p1_N2_W.59,1773.0,182.46,132.0,5,534.18
p1_W_E.477,1807.0,148.45,74.0,5,453.9
p2_S2_W.0,1803.0,153.78,115.0,5,482.89
p1_W_E.478,1810.0,149.65,71.0,4,465.72
p1_W_E.479,1813.0,147.55,69.0,4,468.26
p1_W_E.480,1816.0,143.39,68.0,5,463.74
p1_W_S2.48,1819.0,145.64,68.0,5,463.59
p1_W_E.481,1822.0,145.43,64.0,4,461.68
p2_E_W.12,1842.0,101.58,70.0,4,377.96
p1_W_E.482,1825.0,141.55,66.0,5,465.49
p2_E_W.13,1845.0,125.45,66.0,4,401.31
p1_W_E.483,1828.0,144.73,62.0,4,472.44
p2_E_W.14,1848.0,115.7,64.0,4,413.15
p2_E_W.15,1851.0,122.97,61.0,4,415.47
p2_E_W.16,1854.0,121.77,60.0,4,427.17
p1_W_E.484,1831.0,136.38,60.0,4,449.88
p1_W_E.485,1834.0,143.9,60.0,4,456.55
p2_E_W.17,1857.0,120.42,57.0,3,417.5
p2_E_W.18,1860.0,119.18,57.0,3,430.57
p1_W_E.486,1837.0,142.64,60.0,5,467.82
p2_E_W.19,1863.0,117.31,55.0,3,432.82
p2_N1_S1.13,1930.0,72.49,41.0,2,280.77
p2_N1_E.2,1863.0,117.71,73.0,5,406.75
p2_S1_N1.17,1970.0,32.64,22.0,1,214.54
p2_E_W.20,1866.0,116.69,52.0,3,442.68
p2_N1_E.3,1893.0,89.58,48.0,3,368.52
p2_N1_S1.14,1940.0,64.71,32.0,2,260.55
p2_S1_N1.18,1980.0,25.56,13.0,1,200.59
p2_N1_E.4,1923.0,61.19,21.0,1,339.77
p2_N1_S1.15,1950.0,56.54,25.0,1,246.07
p2_S1_N1.19,1990.0,17.36,3.0,1,191.12
p1_W_E.487,1840.0,146.45,68.0,3,477.65
p1_W_E.488,1843.0,145.13,67.0,3,458.55
p1_W_E.489,1846.0,143.96,64.0,3,470.55
p1_W_E.490,1854.0,136.39,64.0,4,467.69
p2_S1_N1.20,2000.0,5.73,0.0,0,148.74
p2_N2_S2.17,1970.0,46.46,35.0,1,230.84
p2_S2_N2.8,1880.0,133.47,101.0,4,365.87
p2_N2_S2.18,1980.0,38.2,27.0,1,212.59
p2_S2_N2.9,1890.0,131.2,95.0,3,371.69
p2_N2_S2.19,1990.0,31.31,19.0,1,213.84
p2_N2_S2.20,2000.0,19.8,7.0,1,188.84
p2_N2_S2.21,2010.0,16.73,1.0,1,191.38
p2_S2_N2.10,1900.0,126.59,91.0,4,357.46
p2_S2_N2.11,1910.0,117.97,78.0,4,341.66
p2_S2_N2.12,1920.0,117.23,72.0,4,353.0
p2_N2_S2.22,2020.0,7.01,0.0,0,154.69
p2_N2_S2.23,2030.0,9.57,0.0,0,160.9
p1_W_S2.49,1857.0,165.11,89.0,5,499.1
p2_E_S1.2,1869.0,157.3,93.0,5,489.52
p2_N1_S1.16,1960.0,90.33,55.0,4,304.7
p2_S1_N1.21,2010.0,41.28,28.0,1,218.6
p2_N1_S1.17,1970.0,82.68,53.0,2,284.07
p1_W_E.491,1860.0,152.9,84.0,4,461.33
p2_S1_N1.22,2020.0,33.16,18.0,1,217.16
p1_W_E.492,1863.0,167.78,85.0,4,493.15
p1_W_E.493,1866.0,166.95,83.0,4,503.91
p2_N1_S1.18,1980.0,72.36,48.0,2,270.07
p1_W_E.494,1869.0,166.76,79.0,4,507.23
p1_W_E.495,1872.0,155.98,80.0,5,485.11
p2_S1_N1.23,2030.0,20.6,5.0,1,188.88
p1_W_E.496,1875.0,165.29,77.0,5,518.13
p2_S1_N1.24,2040.0,17.61,0.0,0,183.51
p1_W_E.497,1878.0,164.01,74.0,5,529.02
p2_S1_N1.25,2050.0,14.31,0.0,0,177.68
p2_N1_E.5,1953.0,90.0,40.0,3,410.04
p2_N1_S1.19,1990.0,74.98,44.0,3,280.9
p1_W_E.498,1881.0,164.42,80.0,6,531.72
p2_N1_S1.20,2000.0,66.79,33.0,2,269.23
p2_S1_N1.26,2060.0,5.52,0.0,0,152.21
p1_W_E.499,1884.0,162.02,79.0,6,526.75
p1_W_S2.50,1890.0,157.21,72.0,5,459.28
p2_N1_S1.21,2010.0,56.3,27.0,1,242.88
p2_N1_S1.22,2020.0,53.3,28.0,1,243.29
p2_N1_S1.23,2030.0,45.05,23.0,1,240.16
p1_W_E.500,1887.0,141.62,75.0,6,454.0
p2_N1_S1.24,2040.0,36.79,15.0,1,224.07
p2_S1_N1.27,2070.0,5.84,0.0,0,145.47
p1_W_E.501,1893.0,163.85,69.0,6,466.51
p2_S2_N2.13,1930.0,146.19,97.0,4,396.82
p2_N2_S2.24,2040.0,38.05,26.0,1,217.81
p2_S2_N2.14,1940.0,139.02,88.0,3,375.62
p1_W_E.502,1896.0,161.41,70.0,6,476.48
p2_N1_S1.25,2050.0,31.27,7.0,1,216.01
p2_N2_S2.25,2050.0,26.78,13.0,1,193.15
p2_N1_S1.26,2060.0,24.5,0.0,0,205.27
p2_S2_N2.15,1950.0,127.96,76.0,4,363.25
p2_N2_S2.26,2060.0,25.15,10.0,1,203.95
p2_S1_N1.28,2080.0,5.39,0.0,0,152.78
p2_N1_S1.27,2070.0,16.32,0.0,0,188.23
p2_N2_S2.27,2070.0,13.86,0.0,0,196.83
p2_N2_S2.28,2080.0,8.86,0.0,0,178.68
p2_E_W.21,1872.0,197.89,129.0,6,527.91
p2_E_W.22,1875.0,196.96,124.0,6,516.23
p2_E_W.23,1878.0,195.65,120.0,6,520.04
p2_N2_S2.29,2090.0,5.66,0.0,0,152.24
p2_E_W.24,1881.0,194.52,117.0,6,517.42
p2_S2_N2.16,1960.0,132.53,76.0,4,368.19
p2_S2_N2.17,1970.0,129.65,65.0,3,367.07
p2_E_W.25,1884.0,190.92,115.0,6,510.74
p2_E_W.26,1887.0,185.45,111.0,6,511.44
p1_W_E.503,1910.0,174.43,87.0,5,497.07
p2_E_W.27,1890.0,195.25,108.0,6,515.22
p2_S2_N2.18,1980.0,112.43,66.0,3,340.85
p1_W_E.504,1913.0,173.48,82.0,6,497.66
p2_E_W.28,1893.0,193.89,105.0,7,521.85
p2_E_W.29,1896.0,192.74,103.0,7,524.81
p2_E_W.30,1899.0,179.31,99.0,7,494.63
p1_W_E.505,1917.0,159.53,83.0,5,495.39
p1_W_E.506,1921.0,173.93,79.0,5,489.89
p1_W_E.507,1925.0,168.48,80.0,7,513.64
p1_W_E.508,1929.0,170.38,76.0,6,518.23
p1_W_S2.51,1938.0,161.98,71.0,5,494.68
p2_E_S1.3,1902.0,197.82,102.0,8,523.95
p1_W_E.509,1932.0,170.26,75.0,5,523.29
p1_W_E.510,1935.0,169.02,74.0,5,517.61
p2_N1_E.6,1983.0,117.98,71.0,4,415.36
p2_N1_E.7,2013.0,94.28,48.0,2,393.1
p2_S1_N1.29,2090.0,30.81,19.0,1,200.04
p2_S1_N1.30,2100.0,30.87,14.0,1,208.28
p2_S1_N1.31,2110.0,22.59,6.0,1,212.46
p2_N1_E.8,2043.0,48.91,19.0,2,302.09
p1_W_E.511,1941.0,173.68,90.0,5,518.76
p1_W_E.512,1944.0,172.45,90.0,5,519.9
p1_W_E.513,1947.0,173.37,87.0,5,526.29
p2_S1_N1.32,2120.0,6.36,0.0,0,160.37
p1_W_E.514,1950.0,172.12,87.0,5,509.5
p2_S1_N1.33,2130.0,14.12,0.0,0,156.73
p1_W_E.515,1953.0,170.8,84.0,6,529.59
p2_N1_S1.28,2080.0,60.91,46.0,2,252.78
p2_S1_N1.34,2140.0,5.94,0.0,0,158.99
p1_W_E.516,1956.0,167.26,82.0,6,520.69
p2_N1_S1.29,2090.0,57.84,39.0,2,252.31
p1_W_E.517,1959.0,168.45,83.0,6,523.4
p2_N1_S1.30,2100.0,47.9,30.0,2,232.97
p2_N2_S2.30,2100.0,49.22,36.0,1,229.28
p1_W_E.518,1962.0,167.14,79.0,4,517.81
p2_N2_S2.31,2110.0,41.14,30.0,1,219.34
p2_N2_S2.32,2120.0,30.84,19.0,1,205.82
p2_N1_S1.31,2110.0,37.23,17.0,2,214.79
p2_S1_N1.35,2150.0,6.06,0.0,0,146.56
p2_N2_S2.33,2130.0,21.97,9.0,1,188.24
p2_N1_S1.32,2120.0,38.32,13.0,2,220.97
p2_N1_S1.33,2130.0,30.01,9.0,1,222.8
p2_N2_S2.34,2140.0,14.13,2.0,1,176.02
p2_N2_S2.35,2150.0,11.65,0.0,0,186.78
p2_N1_S1.34,2140.0,21.81,6.0,1,211.3
p2_N1_S1.35,2150.0,9.87,0.0,0,171.2
p2_N2_S2.36,2160.0,5.81,0.0,0,159.83
p2_E_W.31,1905.0,241.06,138.0,8,602.32
p2_E_W.32,1908.0,239.85,136.0,9,604.34
p2_S2_N2.19,1990.0,170.68,112.0,6,418.52
p2_E_W.33,1911.0,238.69,134.0,8,611.86
p2_S2_N2.20,2000.0,168.72,110.0,6,415.75
p2_S2_W.1,1833.0,317.77,232.0,10,730.96
p2_S2_N2.21,2010.0,162.09,104.0,6,410.57
p2_S2_N2.22,2020.0,154.75,93.0,6,399.86
p2_S2_W.2,1863.0,286.05,198.0,10,682.07
p2_S2_N2.23,2030.0,146.46,83.0,5,380.2
p2_E_W.34,1914.0,242.08,162.0,7,631.9
p2_S2_N2.24,2040.0,138.16,70.0,4,357.56
p2_N2_S2.37,2170.0,6.5,0.0,0,154.96
p2_E_W.35,1917.0,235.23,155.0,6,607.89
p2_E_W.36,1920.0,242.09,154.0,7,624.33
p2_E_W.37,1923.0,240.77,153.0,8,614.69
p1_W_E.519,1965.0,199.65,114.0,5,557.41
p1_W_E.520,1968.0,198.51,113.0,6,557.19
p2_E_W.38,1926.0,229.38,148.0,7,565.69
p1_W_S2.52,1971.0,198.31,109.0,5,537.54
p1_W_E.521,1992.0,178.41,94.0,6,516.64
p2_E_W.39,1929.0,241.37,147.0,7,583.66
p2_E_W.40,1932.0,239.98,148.0,6,588.11
p2_N1_S1.36,2160.0,35.26,25.0,1,217.6
p2_S1_N1.36,2160.0,35.36,25.0,1,207.95
p2_S1_N1.37,2170.0,26.9,15.0,1,198.12
p1_W_E.522,1995.0,166.83,94.0,4,481.33
p1_W_E.523,1998.0,182.73,93.0,4,498.24
p2_S1_N1.38,2180.0,17.87,5.0,1,178.56
p2_S1_N1.39,2190.0,13.76,0.0,0,179.79
p1_W_E.524,2001.0,179.01,91.0,4,514.56
p2_N1_E.9,2073.0,105.98,73.0,3,402.01
p2_N1_E.10,2103.0,70.25,43.0,3,337.6
p2_N1_E.11,2133.0,54.56,23.0,2,330.64
p1_W_E.525,2004.0,175.78,105.0,5,517.39
p1_W_E.526,2007.0,184.98,103.0,4,534.23
p1_W_E.527,2010.0,174.23,101.0,5,519.52
p1_W_E.528,2013.0,177.82,100.0,5,523.32
p1_W_S2.53,2022.0,174.56,94.0,4,504.72
p1_W_E.529,2016.0,181.29,103.0,5,535.07
p1_W_E.530,2019.0,179.98,99.0,5,539.01
p1_W_E.531,2025.0,172.12,93.0,4,507.65
p1_W_E.532,2028.0,173.59,91.0,3,512.13
p1_W_E.533,2031.0,173.32,91.0,4,529.62
p1_W_E.534,2062.0,144.06,69.0,3,480.96
p1_W_E.535,2065.0,142.81,69.0,2,487.19
p2_N1_E.12,2163.0,46.09,27.0,2,294.03
p1_W_E.536,2068.0,141.27,82.0,3,446.31
p1_W_E.537,2071.0,135.06,79.0,3,434.79
p1_W_E.538,2074.0,150.82,78.0,3,440.58
p1_W_E.539,2077.0,143.12,77.0,3,459.81
p1_W_E.540,2080.0,148.45,74.0,3,477.41
p2_S2_N2.25,2050.0,200.05,132.0,4,465.41
p2_N2_S2.38,2180.0,68.44,57.0,1,264.52
p2_N2_S2.39,2190.0,62.92,50.0,1,260.13
p2_S2_N2.26,2060.0,189.97,130.0,4,444.74
p2_S2_N2.27,2070.0,185.71,127.0,5,446.87
p2_S1_N1.40,2200.0,55.49,46.0,1,249.23
p2_N2_S2.40,2200.0,50.2,36.0,1,233.34
p2_E_S1.4,1935.0,290.72,199.0,10,691.03
p2_S1_N1.41,2210.0,48.57,37.0,1,230.31
p2_N2_S2.41,2210.0,48.18,33.0,1,229.88
p2_N1_S1.37,2170.0,89.89,65.0,3,301.2
p2_N1_S1.38,2180.0,81.18,57.0,3,286.41
p2_S1_N1.42,2220.0,39.71,28.0,1,222.75
p2_N1_S1.39,2190.0,73.35,48.0,3,272.08
p2_N2_S2.42,2220.0,33.74,19.0,1,199.97
p2_S1_N1.43,2230.0,31.45,18.0,1,213.62
p2_N2_S2.43,2230.0,35.22,15.0,1,219.3
p2_S1_N1.44,2240.0,25.39,12.0,1,206.81
p2_N2_S2.44,2240.0,21.54,6.0,1,200.94
p2_S1_N1.45,2250.0,16.66,3.0,1,192.79
p2_N2_S2.45,2250.0,18.75,0.0,0,190.02
p2_S1_N1.46,2260.0,9.01,0.0,0,169.71
p2_N2_S2.46,2260.0,8.88,0.0,0,166.49
p2_N1_S1.40,2200.0,74.19,46.0,2,267.95
p2_S1_N1.47,2270.0,5.54,0.0,0,144.33
p2_N1_S1.41,2210.0,66.03,44.0,2,265.71
p1_W_S2.54,2083.0,169.67,100.0,5,498.46
p1_W_E.541,2086.0,171.4,97.0,4,509.44
p2_N1_S1.42,2220.0,56.52,37.0,2,246.11
p1_W_E.542,2089.0,168.4,96.0,4,505.26
p2_N1_S1.43,2230.0,53.36,27.0,2,243.55
p1_W_E.543,2092.0,170.34,94.0,4,513.21
p1_W_E.544,2095.0,169.05,92.0,4,490.27
p2_N1_S1.44,2240.0,45.19,19.0,1,237.45
p1_W_E.545,2105.0,160.85,90.0,4,499.56
p2_N1_S1.45,2250.0,37.11,12.0,1,227.65
p1_W_E.546,2108.0,156.19,89.0,4,479.02
p2_S1_N1.48,2280.0,6.21,0.0,0,146.8
p1_W_E.547,2110.0,158.57,87.0,4,492.29
p1_W_E.548,2113.0,159.18,87.0,4,488.16
p2_E_W.41,1938.0,334.32,236.0,9,760.89
p1_W_E.549,2116.0,157.9,86.0,5,476.31
p1_W_E.550,2119.0,152.23,84.0,5,461.26
p1_W_S2.55,2122.0,155.38,85.0,6,483.42
p2_S2_W.3,1893.0,376.03,276.0,11,819.48
p2_S2_W.4,1923.0,347.95,242.0,12,779.38
p1_W_E.551,2125.0,149.27,84.0,5,480.81
p1_W_E.552,2128.0,154.83,85.0,4,487.93
p1_W_E.553,2131.0,153.47,81.0,4,490.74
p2_E_W.42,1941.0,330.34,253.0,8,752.27
p2_E_W.43,1944.0,341.95,250.0,11,780.2
p1_W_E.554,2134.0,152.33,80.0,4,480.88
p1_W_E.555,2137.0,151.1,80.0,5,480.2
p2_E_W.44,1947.0,340.77,246.0,10,790.06
p1_W_E.556,2140.0,149.86,81.0,4,478.07
p2_E_W.45,1950.0,329.63,239.0,10,749.63
p2_E_W.46,1953.0,338.43,237.0,10,757.06
p2_N1_E.13,2193.0,97.67,58.0,4,396.35
p2_E_W.47,1956.0,337.15,233.0,9,762.88
p2_E_W.48,1959.0,335.88,234.0,11,748.93
p2_E_W.49,1962.0,334.55,230.0,10,761.41
p2_E_W.50,1965.0,331.67,225.0,9,759.06
p2_N1_E.14,2223.0,55.08,29.0,2,294.26
p2_N1_E.15,2253.0,47.48,10.0,1,281.33
p1_W_E.557,2143.0,161.3,97.0,5,491.09
p1_W_E.558,2147.0,159.0,97.0,5,496.4
p2_S1_N1.49,2290.0,38.48,28.0,1,222.01
p1_W_E.559,2179.0,128.82,69.0,3,444.94
p2_E_S1.5,1968.0,330.62,226.0,10,758.0
p1_W_E.560,2182.0,126.78,65.0,3,432.02
p2_N1_S1.46,2260.0,70.83,39.0,2,288.99
p1_W_E.561,2189.0,123.02,65.0,3,414.57
p2_S1_N1.50,2300.0,26.12,13.0,1,187.11
p1_W_S2.56,2186.0,115.23,64.0,3,392.41
p2_S1_N1.51,2310.0,27.48,9.0,1,201.64
p2_N1_S1.47,2270.0,52.69,32.0,1,239.04
p2_S1_N1.52,2320.0,18.13,0.0,0,188.54
p2_N2_S2.47,2270.0,70.34,58.0,1,268.0
p2_N1_S1.48,2280.0,61.18,32.0,1,256.44
p2_S1_N1.53,2330.0,11.09,0.0,0,179.43
p2_N1_S1.49,2290.0,53.03,31.0,2,253.99
p2_N1_S1.50,2300.0,42.97,25.0,1,229.57
p2_N1_S1.51,2310.0,36.28,16.0,1,229.41
p2_S1_N1.54,2340.0,5.94,0.0,0,154.2
p2_N2_S2.48,2280.0,57.55,47.0,1,242.15
p2_N2_S2.49,2290.0,55.65,41.0,1,249.39
p2_N2_S2.50,2300.0,51.21,34.0,1,246.47
p2_N1_S1.52,2320.0,31.39,9.0,1,215.46
p2_N2_S2.51,2310.0,42.97,25.0,1,231.91
p2_N1_S1.53,2330.0,23.47,1.0,1,211.9
p2_N2_S2.52,2320.0,34.67,16.0,1,216.84
p2_N1_S1.54,2340.0,15.27,0.0,0,175.64
p2_S1_N1.55,2350.0,5.64,0.0,0,148.83
p2_N2_S2.53,2330.0,17.79,5.0,1,176.36
p1_W_E.562,2192.0,146.39,82.0,3,465.28
p2_N1_S1.55,2350.0,10.14,0.0,0,175.84
p1_W_E.563,2195.0,136.34,82.0,3,436.58
p1_W_E.564,2198.0,143.02,80.0,3,445.07
p1_W_E.565,2201.0,148.44,78.0,4,464.05
p2_S2_W.5,1953.0,378.31,248.0,12,817.43
p1_W_E.566,2204.0,142.12,76.0,4,466.73
p1_W_E.567,2207.0,146.12,77.0,3,469.79
p2_E_W.51,1971.0,381.44,272.0,9,818.14
p1_W_E.568,2210.0,144.87,75.0,3,459.2
p2_E_W.52,1974.0,380.26,264.0,8,827.68
p2_E_W.53,1977.0,378.93,262.0,8,847.96
p1_W_E.569,2213.0,143.68,75.0,3,449.57
p2_E_W.54,1980.0,377.71,258.0,10,842.16
p1_W_E.570,2216.0,142.44,75.0,4,461.01
p2_S2_W.6,1983.0,368.34,244.0,10,835.23
p2_N2_S2.54,2340.0,41.32,23.0,1,237.21
p2_S2_N2.28,2080.0,301.99,234.0,7,617.53
p2_S2_W.7,2013.0,346.34,220.0,11,782.15
p2_S2_W.8,2043.0,319.39,183.0,8,735.3
p2_S2_N2.29,2090.0,293.91,220.0,7,604.96
p2_E_W.55,1983.0,381.86,268.0,9,832.78
p2_S2_N2.30,2100.0,285.92,211.0,7,595.91
p2_E_W.56,1986.0,380.76,264.0,10,832.33
p2_N2_S2.55,2350.0,29.11,17.0,1,199.77
p2_E_W.57,1989.0,379.54,262.0,10,829.1
p2_N2_S2.56,2360.0,25.08,12.0,1,197.68
p2_E_W.58,1992.0,376.26,255.0,10,827.7
p2_N2_S2.57,2370.0,22.06,6.0,1,207.57
p2_E_W.59,1995.0,376.98,257.0,10,813.22
p2_E_W.60,1998.0,372.07,246.0,11,803.83
p2_N2_S2.58,2380.0,6.17,0.0,0,148.31
p2_E_S1.6,2001.0,377.09,244.0,10,811.58
p2_N2_S2.59,2390.0,5.84,0.0,0,150.7
p2_S2_N2.31,2110.0,283.1,202.0,7,586.18
p2_S2_N2.32,2120.0,276.62,198.0,7,581.55
p2_S2_N2.33,2130.0,274.61,197.0,7,573.37
p2_S1_N1.56,2360.0,41.4,32.0,1,223.29
p2_N1_S1.56,2360.0,40.02,28.0,1,211.21
p2_S1_N1.57,2370.0,36.18,23.0,1,215.74
p2_N1_S1.57,2370.0,38.51,23.0,1,222.22
p2_S2_N2.34,2140.0,261.03,187.0,6,558.59
p2_S1_N1.58,2380.0,28.76,17.0,1,215.4
p2_S1_N1.59,2390.0,20.63,8.0,1,190.79
p2_S2_N2.35,2150.0,255.04,178.0,6,553.93
p2_S2_N2.36,2160.0,250.67,169.0,6,561.71
p2_S1_N1.60,2400.0,8.78,0.0,0,165.04
p2_S1_N1.61,2410.0,5.48,0.0,0,150.67
p2_N2_S2.60,2400.0,6.92,0.0,0,154.86
p2_N1_E.16,2283.0,104.8,71.0,4,389.17
p1_W_S2.57,2218.0,187.56,125.0,4,517.59
p2_N1_E.17,2313.0,88.43,50.0,2,373.09
p2_N1_E.18,2343.0,63.81,34.0,1,330.94
p1_W_E.571,2221.0,187.97,121.0,5,510.11
p2_E_W.61,2004.0,383.6,259.0,10,834.05
p1_W_E.572,2254.0,156.73,94.0,3,476.51
p2_E_W.62,2007.0,404.09,251.0,10,839.84
p2_E_W.63,2010.0,402.87,248.0,12,825.65
p1_W_E.573,2258.0,145.51,93.0,3,451.58
p2_E_W.64,2013.0,400.21,244.0,13,847.9
p1_W_E.574,2261.0,155.65,91.0,3,474.22
p2_E_W.65,2016.0,400.25,243.0,12,838.73
p2_E_W.66,2019.0,398.98,240.0,10,838.06
p1_W_E.575,2264.0,149.85,87.0,3,475.85
p1_W_E.576,2267.0,153.24,85.0,3,485.18
p2_E_W.67,2022.0,381.42,232.0,11,810.02
p1_W_E.577,2270.0,151.89,86.0,3,495.02
p1_W_E.578,2273.0,150.77,86.0,3,505.68
p2_E_W.68,2025.0,375.39,231.0,9,799.37
p2_E_W.69,2028.0,388.83,229.0,9,807.99
p1_W_E.579,2276.0,149.51,86.0,3,505.48
p2_E_S1.7,2034.0,391.75,264.0,9,852.59
p2_E_W.70,2031.0,395.78,251.0,9,823.44
p1_W_E.580,2279.0,143.93,87.0,3,459.45
p1_W_S2.58,2282.0,143.3,85.0,4,451.45
p2_S2_W.9,2073.0,355.0,253.0,8,797.21
p1_W_E.581,2285.0,141.92,83.0,3,445.18
p2_S1_N1.62,2420.0,30.99,19.0,1,207.07
p1_W_E.582,2288.0,143.81,81.0,3,451.4
p2_S1_N1.63,2430.0,23.01,10.0,1,203.04
p1_W_E.583,2296.0,137.74,80.0,4,440.92
p1_W_E.584,2300.0,134.17,81.0,4,445.83
p1_W_E.585,2304.0,133.33,79.0,4,440.54
p2_N1_E.19,2373.0,65.8,36.0,3,334.42
p2_N1_S1.58,2380.0,59.89,40.0,3,248.69
p2_N1_S1.59,2390.0,73.22,37.0,3,258.14
p2_S1_N1.64,2440.0,7.5,0.0,0,159.34
p2_N1_S1.60,2400.0,56.38,30.0,2,238.29
p2_S1_N1.65,2450.0,15.18,0.0,0,166.53
p2_N1_S1.61,2410.0,56.49,29.0,2,253.97
p2_N1_S1.62,2420.0,48.71,23.0,1,242.16
p2_N1_S1.63,2430.0,40.35,18.0,1,243.61
p2_S1_N1.66,2460.0,5.78,0.0,0,151.91
p2_S2_N2.37,2170.0,302.18,214.0,7,635.59
p2_N2_S2.61,2410.0,62.45,52.0,1,253.39
p2_N2_S2.62,2420.0,54.47,43.0,1,244.23
p2_S1_N1.67,2470.0,5.17,0.0,0,156.95
p2_S2_N2.38,2180.0,292.78,203.0,6,625.46
p2_S2_N2.39,2190.0,287.7,200.0,6,616.35
p2_N2_S2.63,2430.0,45.75,35.0,1,227.75
p2_N2_S2.64,2440.0,38.76,27.0,1,216.57
p1_W_E.586,2307.0,113.75,72.0,3,400.8
p1_W_E.587,2310.0,146.73,72.0,4,428.28
p2_N2_S2.65,2450.0,29.45,15.0,1,200.45
p2_N1_S1.64,2440.0,27.86,7.0,1,208.62
p2_N2_S2.66,2460.0,22.48,10.0,1,195.07
p2_N1_S1.65,2450.0,31.22,2.0,1,217.44
p2_N1_S1.66,2460.0,25.51,0.0,0,213.89
p2_N2_S2.67,2470.0,12.96,0.0,0,178.0
p2_N2_S2.68,2480.0,5.52,0.0,0,148.95
p2_E_W.71,2037.0,425.88,295.0,10,894.95
p2_E_W.72,2040.0,424.04,293.0,9,902.1
p2_E_W.73,2043.0,429.01,292.0,9,897.72
p1_W_E.588,2313.0,160.71,92.0,4,468.27
p2_E_W.74,2045.0,426.22,287.0,11,891.69
p2_E_W.75,2048.0,427.4,282.0,10,892.52
p1_W_E.589,2316.0,158.82,90.0,4,473.7
p2_E_W.76,2051.0,424.11,279.0,10,887.1
p1_W_E.590,2319.0,159.65,91.0,4,486.45
p2_E_W.77,2055.0,423.88,272.0,11,877.98
p2_E_W.78,2058.0,422.63,272.0,12,884.03
p2_S2_W.10,2103.0,378.23,252.0,11,810.25
p2_S2_W.11,2133.0,350.47,237.0,8,772.01
p1_W_E.591,2325.0,153.23,85.0,4,465.1
p1_W_S2.59,2322.0,151.56,89.0,4,460.33
p1_W_E.592,2328.0,156.79,83.0,4,494.6
p2_S2_W.12,2163.0,315.17,209.0,11,724.19
p1_W_E.593,2331.0,158.57,81.0,4,500.42
p2_E_W.79,2061.0,428.43,292.0,11,892.2
p1_W_E.594,2334.0,151.27,77.0,5,475.7
p1_W_E.595,2337.0,146.26,78.0,4,455.57
p1_W_E.596,2340.0,156.59,74.0,5,463.0
p2_E_S1.8,2067.0,428.99,285.0,11,902.92
p2_W_N1.0,2355.0,160.57,98.0,5,417.92
p2_E_W.80,2064.0,413.86,289.0,10,866.42
p2_N1_E.20,2403.0,93.87,48.0,4,401.19
p2_S1_N1.68,2480.0,40.76,29.0,1,215.82
p2_N1_E.21,2433.0,66.49,30.0,2,348.93
p2_N1_S1.67,2470.0,50.87,32.0,1,232.08
p2_S1_N1.69,2490.0,32.52,20.0,1,208.43
p2_N1_E.22,2463.0,27.68,1.0,1,264.45
p2_S1_N1.70,2500.0,23.06,12.0,1,190.25
p1_W_E.597,2343.0,161.14,92.0,4,488.06
p2_N1_S1.68,2480.0,39.65,27.0,1,218.19
p1_W_E.598,2346.0,159.26,86.0,4,494.17
p2_N1_S1.69,2490.0,37.41,23.0,1,213.62
p2_S1_N1.71,2510.0,13.59,3.0,1,179.74
p2_S1_N1.72,2520.0,9.15,0.0,0,158.43
p2_N2_S2.69,2490.0,37.71,24.0,1,220.78
p2_S2_N2.40,2200.0,326.63,239.0,8,665.21
p2_N2_S2.70,2500.0,31.62,21.0,1,216.87
p2_S2_N2.41,2210.0,322.58,234.0,7,659.63
p2_N2_S2.71,2510.0,23.38,8.0,1,199.49
p2_E_W.81,2070.0,443.36,292.0,11,918.97
p2_N2_S2.72,2520.0,13.73,1.0,1,175.01
p2_E_W.82,2073.0,442.69,286.0,12,914.7
p2_S2_N2.42,2220.0,306.63,231.0,7,636.72
p2_E_W.83,2076.0,441.15,285.0,13,905.08
p2_E_W.84,2079.0,440.97,280.0,12,902.93
p2_S2_N2.43,2230.0,310.86,222.0,7,647.76
p2_S2_N2.44,2240.0,300.53,210.0,8,628.95
p2_E_W.85,2082.0,439.79,278.0,10,904.0
p2_S2_N2.45,2250.0,293.86,200.0,8,618.75
p2_E_W.86,2085.0,434.11,273.0,10,876.73
p2_E_W.87,2088.0,439.13,269.0,11,868.97
p2_E_W.88,2091.0,437.95,266.0,9,875.2
p2_S2_N2.46,2260.0,291.49,194.0,9,615.86
p2_N2_S2.73,2530.0,7.23,0.0,0,152.88
p2_E_W.89,2094.0,436.57,265.0,10,884.12
p2_N2_S2.74,2540.0,12.69,0.0,0,169.61
p2_E_W.90,2132.0,400.34,232.0,9,824.57
p2_W_N1.1,2386.0,173.37,102.0,7,426.67
p2_N2_S2.75,2550.0,6.47,0.0,0,149.65
p2_S2_N2.47,2270.0,276.24,181.0,8,574.18
p2_S2_N2.48,2280.0,284.4,174.0,10,586.48
p2_E_S1.9,2135.0,408.79,242.0,9,835.41
p2_N1_S1.70,2500.0,68.26,49.0,2,268.11
p2_S1_N1.73,2530.0,38.25,26.0,1,211.34
p1_W_E.599,2349.0,190.4,122.0,5,543.56
p2_N1_S1.71,2510.0,60.39,38.0,2,255.39
p2_S1_N1.74,2540.0,30.02,17.0,1,204.21
p2_W_E.0,2352.0,198.59,118.0,5,559.98
p2_N1_S1.72,2520.0,52.43,30.0,1,247.11
p2_S1_N1.75,2550.0,21.96,9.0,1,196.57
p2_N1_E.23,2493.0,58.7,32.0,3,331.14
p2_S1_N1.76,2560.0,14.33,0.0,0,181.91
p2_W_E.1,2358.0,196.11,113.0,7,532.1
p2_S1_N1.77,2570.0,5.42,0.0,0,147.05
p2_S2_N2.49,2290.0,289.77,182.0,9,601.68
p2_N2_S2.76,2560.0,18.99,8.0,1,188.28
p2_S2_N2.50,2300.0,281.5,175.0,9,595.21
p2_N2_S2.77,2570.0,9.96,0.0,0,170.0
p2_S2_N2.51,2310.0,273.42,172.0,9,568.96
p2_N1_S1.73,2530.0,54.02,30.0,2,249.3
p2_S1_N1.78,2580.0,5.54,0.0,0,152.59
p2_N2_S2.78,2580.0,6.17,0.0,0,157.38
p2_N1_S1.74,2540.0,40.15,19.0,2,220.96
p2_N1_S1.75,2550.0,43.99,16.0,2,230.07
p2_N2_S2.79,2590.0,5.04,0.0,0,153.04
p2_N1_S1.76,2560.0,30.4,5.0,1,209.05
p2_S1_N1.79,2590.0,6.35,0.0,0,145.69
p2_S2_N2.52,2320.0,268.5,165.0,8,569.5
p2_N1_S1.77,2570.0,28.28,1.0,1,211.89
p2_N1_S1.78,2580.0,13.27,0.0,0,175.86
p2_S2_N2.53,2330.0,257.23,153.0,8,546.81
p2_S2_N2.54,2340.0,264.24,143.0,7,562.36
p2_N1_S1.79,2590.0,9.5,0.0,0,167.67
p2_S2_N2.55,2350.0,255.94,136.0,8,558.42
p2_N2_S2.80,2600.0,6.06,0.0,0,151.26
p2_S2_N2.56,2360.0,247.61,126.0,7,552.67
p2_S2_N2.57,2370.0,239.23,113.0,7,541.33
p2_E_W.91,2138.0,450.45,277.0,11,911.7
p2_E_W.92,2141.0,449.14,281.0,11,922.09
p2_S2_N2.58,2380.0,231.11,108.0,9,526.02
p2_S2_W.13,2193.0,398.55,267.0,10,865.06
p2_S2_N2.59,2390.0,222.91,99.0,9,509.37
p2_S2_N2.60,2400.0,214.63,88.0,8,487.56
p2_E_W.93,2144.0,450.2,286.0,12,922.15
p2_N2_S2.81,2610.0,5.76,0.0,0,151.78
p2_E_W.94,2147.0,444.42,280.0,13,906.06
p2_E_W.95,2150.0,444.29,270.0,12,915.21
p2_E_W.96,2153.0,449.03,265.0,11,905.08
p2_E_W.97,2156.0,447.7,263.0,14,912.93
p2_S2_N2.61,2410.0,208.3,83.0,7,473.32
p2_W_E.2,2361.0,244.74,156.0,8,595.58
p2_E_W.98,2159.0,444.37,258.0,12,890.32
p2_W_E.3,2364.0,243.95,153.0,8,593.56
p2_W_E.4,2383.0,226.13,142.0,7,567.39
p2_E_S1.10,2230.0,382.36,204.0,11,794.09
p2_W_N1.2,2401.0,232.02,140.0,10,534.52
p2_E_W.99,2223.0,370.99,209.0,10,795.34
p2_E_W.100,2227.0,370.64,208.0,10,780.99
p2_N1_S1.80,2600.0,36.8,25.0,1,213.37
p2_N1_S1.81,2610.0,30.67,17.0,1,206.27
p2_S1_N1.80,2600.0,34.02,22.0,1,212.09
p2_W_E.5,2389.0,207.42,134.0,8,534.46
p2_S1_N1.81,2610.0,31.3,16.0,1,208.65
p2_N1_E.24,2523.0,100.9,57.0,3,390.55
p2_S1_N1.82,2620.0,23.61,9.0,1,206.18
p2_N1_E.25,2553.0,49.43,18.0,3,297.52
p2_S1_N1.83,2630.0,17.96,0.0,0,208.33
p2_S2_N2.62,2420.0,230.52,108.0,8,508.75
p2_N1_E.26,2583.0,44.8,8.0,1,303.66
p2_W_E.6,2392.0,237.89,139.0,7,602.9
p2_N2_S2.82,2620.0,30.33,17.0,1,201.96
p2_E_W.101,2238.0,386.95,212.0,14,811.86
p2_W_E.7,2395.0,236.78,136.0,7,608.13
p2_N2_S2.83,2630.0,22.87,11.0,1,189.35
p2_N2_S2.84,2640.0,15.27,2.0,1,184.99
p2_N2_S2.85,2650.0,6.74,0.0,0,160.46
p2_S2_W.14,2223.0,397.1,271.0,10,846.93
p2_S2_W.15,2253.0,383.26,238.0,11,842.92
p2_S2_N2.63,2430.0,217.15,100.0,6,497.26
p2_S2_W.16,2283.0,356.02,218.0,11,776.24
p2_E_W.102,2274.0,355.09,226.0,10,759.42
p2_S2_N2.64,2440.0,223.6,101.0,6,491.3
p2_E_W.103,2278.0,363.32,220.0,12,790.26
p2_S2_N2.65,2450.0,215.51,96.0,7,468.66
p2_N2_S2.86,2660.0,5.6,0.0,0,155.26
p2_E_W.104,2282.0,363.43,217.0,9,800.36
p2_S2_N2.66,2460.0,207.43,90.0,4,447.0
p2_E_W.105,2288.0,345.27,217.0,8,763.02
p2_S2_W.17,2313.0,335.16,202.0,11,741.17
p2_S2_N2.67,2470.0,202.04,88.0,5,439.02
p2_S2_W.18,2343.0,308.4,168.0,8,692.41
p2_S2_N2.68,2480.0,193.84,85.0,4,438.67
p2_S2_W.19,2373.0,280.41,131.0,11,675.27
p2_S2_N2.69,2490.0,185.71,86.0,5,436.45
p2_S2_W.20,2403.0,247.92,90.0,10,627.18
p2_E_W.106,2300.0,357.18,227.0,9,793.13
p2_N2_S2.87,2670.0,5.7,0.0,0,152.34
p2_E_W.107,2303.0,340.77,224.0,8,738.44
p2_W_N1.3,2416.0,262.87,153.0,11,577.75
p2_E_W.108,2306.0,348.74,221.0,8,746.48
p2_S2_N2.70,2500.0,184.54,81.0,5,436.68
p2_N1_S1.82,2620.0,64.45,43.0,2,263.58
p2_N2_S2.88,2680.0,5.86,0.0,0,151.57
p2_S2_N2.71,2510.0,174.85,72.0,5,414.28
p2_S1_N1.84,2640.0,41.49,29.0,1,224.74
p2_S2_N2.72,2520.0,168.19,65.0,4,403.14
p2_S1_N1.85,2650.0,35.46,23.0,1,222.02
p2_N1_S1.83,2630.0,54.39,33.0,2,240.8
p2_S1_N1.86,2660.0,26.93,15.0,1,203.73
p2_N1_S1.84,2640.0,51.9,30.0,1,241.05
p2_S1_N1.87,2670.0,21.05,7.0,1,201.32
p2_S2_N2.73,2530.0,160.7,57.0,5,398.9
p2_S1_N1.88,2680.0,7.59,0.0,0,163.72
p2_N2_S2.89,2690.0,6.11,0.0,0,154.61
p2_N1_S1.85,2650.0,47.65,28.0,1,240.57
p2_S2_N2.74,2540.0,158.0,51.0,6,375.13
p2_N1_S1.86,2660.0,39.62,20.0,1,226.42
p2_S2_N2.75,2550.0,149.81,39.0,3,378.45
p2_S2_N2.76,2560.0,141.73,37.0,3,355.17
p2_S2_N2.77,2570.0,133.56,38.0,3,349.41
p2_S1_N1.89,2690.0,6.29,0.0,0,151.05
p2_N1_S1.87,2670.0,27.53,8.0,1,199.22
p2_N2_S2.90,2700.0,5.62,0.0,0,156.19
p2_S1_N1.90,2700.0,5.82,0.0,0,154.89
p2_S2_N2.78,2580.0,122.87,38.0,3,329.1
p2_W_E.8,2398.0,293.71,196.0,8,695.95
p2_N1_S1.88,2680.0,33.15,7.0,2,209.55
p2_N1_E.27,2613.0,80.42,58.0,3,350.51
p2_E_W.109,2309.0,385.34,247.0,10,806.07
p2_W_E.9,2404.0,292.14,184.0,11,686.28
p2_W_E.10,2407.0,290.89,181.0,10,668.97
p2_E_W.110,2312.0,385.3,244.0,9,808.16
p2_W_E.11,2410.0,289.67,178.0,10,664.99
p2_W_E.12,2413.0,288.25,172.0,11,653.32
p2_W_N1.4,2457.0,267.94,141.0,10,575.39
p2_N1_E.28,2643.0,59.91,30.0,1,315.41
p2_N1_E.29,2673.0,38.07,10.0,2,266.47
p2_E_S1.11,2315.0,393.55,250.0,11,826.57
p2_N1_S1.89,2690.0,45.72,17.0,2,230.8
p2_S1_N1.91,2710.0,25.26,12.0,1,197.42
p2_N1_S1.90,2700.0,35.89,16.0,1,209.93
p2_S1_N1.92,2720.0,16.07,3.0,1,189.78
p2_S1_N1.93,2730.0,7.46,0.0,0,158.48
p2_W_E.13,2419.0,297.1,180.0,13,664.79
p2_N2_S2.91,2710.0,36.49,25.0,1,217.7
p2_E_W.111,2318.0,408.11,258.0,11,836.0
p2_S2_N2.79,2617.0,129.83,49.0,3,357.52
p2_N2_S2.92,2720.0,28.48,16.0,1,203.93
p2_E_W.112,2321.0,404.79,253.0,12,831.56
p2_N2_S2.93,2730.0,20.38,9.0,1,182.54
p2_E_W.113,2324.0,406.47,249.0,12,836.17
p2_N2_S2.94,2740.0,12.35,0.0,0,178.76
p2_E_W.114,2327.0,405.33,246.0,14,834.78
p2_S2_W.21,2432.0,301.01,139.0,10,696.1
p2_S2_N2.80,2620.0,121.75,47.0,2,338.26
p2_N2_S2.95,2750.0,5.47,0.0,0,146.73
p2_S2_W.22,2463.0,272.11,127.0,8,615.05
p2_S2_N2.81,2623.0,133.98,46.0,2,363.47
p2_S2_W.23,2493.0,243.53,112.0,7,610.18
p2_S2_N2.82,2629.0,133.02,45.0,3,359.67
p2_S2_N2.83,2632.0,130.93,45.0,3,363.11
p2_N2_S2.96,2760.0,6.52,0.0,0,147.94
p2_S2_W.24,2523.0,203.2,82.0,9,542.81
p2_S2_N2.84,2640.0,121.54,44.0,2,343.34
p2_S2_W.25,2553.0,196.56,51.0,6,516.35
p2_S2_W.26,2583.0,162.71,43.0,5,459.99
p2_S2_N2.85,2650.0,120.83,41.0,2,333.12
p2_S2_N2.86,2660.0,111.7,40.0,2,329.1
p2_E_W.115,2330.0,423.77,273.0,12,866.98
p2_E_W.116,2334.0,421.44,269.0,10,865.39
p2_W_N1.5,2472.0,306.62,164.0,16,635.64
p2_E_W.117,2392.0,365.33,225.0,10,786.63
p2_E_W.118,2449.0,308.95,182.0,7,716.58
p2_N1_S1.91,2710.0,71.27,49.0,2,270.59
p2_S1_N1.94,2740.0,41.5,29.0,1,219.64
p2_E_W.119,2453.0,302.96,182.0,8,700.4
p2_W_E.14,2422.0,331.7,202.0,12,730.0
p2_S1_N1.95,2750.0,33.75,22.0,1,210.17
p2_W_E.15,2425.0,335.38,199.0,12,734.73
p2_S1_N1.96,2760.0,25.24,10.0,1,198.43
p2_W_E.16,2454.0,310.81,174.0,13,704.22
p2_N1_S1.92,2720.0,61.53,41.0,2,253.13
p2_N1_S1.93,2730.0,57.73,34.0,1,254.15
p2_S1_N1.97,2770.0,17.23,5.0,1,180.7
p2_W_E.17,2460.0,302.28,168.0,11,697.06
p2_W_E.18,2463.0,296.51,164.0,12,676.37
p2_S1_N1.98,2780.0,6.59,0.0,0,159.59
p2_N1_E.30,2703.0,66.29,32.0,3,324.93
p2_W_E.19,2466.0,305.37,164.0,13,683.79
p2_S1_N1.99,2790.0,5.91,0.0,0,155.33
p2_W_E.20,2469.0,306.57,160.0,15,712.27
p2_N1_S1.94,2740.0,52.26,32.0,1,237.96
p2_N1_S1.95,2750.0,50.15,29.0,1,243.34
p2_N1_S1.96,2760.0,41.09,20.0,1,242.3
p2_N2_S2.97,2770.0,32.92,22.0,1,209.81
p2_S1_N1.100,2800.0,5.57,0.0,0,146.96
p2_N2_S2.98,2780.0,21.87,11.0,1,199.74
p2_N1_S1.97,2770.0,31.38,11.0,1,204.81
p2_N2_S2.99,2790.0,19.23,5.0,1,191.67
p2_S2_N2.87,2670.0,125.38,60.0,3,356.52
p2_N1_S1.98,2780.0,29.88,5.0,1,212.62
p2_N1_S1.99,2790.0,21.58,0.0,0,186.56
p2_N2_S2.100,2800.0,7.54,0.0,0,157.98
p2_E_W.120,2456.0,335.83,211.0,9,758.05
p2_S2_N2.88,2680.0,134.07,63.0,4,367.77
p2_S2_N2.89,2690.0,126.26,60.0,4,354.87
p2_S2_N2.90,2700.0,118.22,50.0,4,357.77
p2_N2_S2.101,2810.0,6.71,0.0,0,142.87
p2_W_N1.6,2490.0,334.43,173.0,17,668.12
p2_N2_S2.102,2820.0,5.37,0.0,0,142.76
p2_S2_N2.91,2710.0,112.89,42.0,3,341.23
p2_S2_N2.92,2720.0,111.76,39.0,2,327.66
p2_S2_N2.93,2730.0,103.47,40.0,2,327.12
p2_W_N1.7,2510.0,324.0,157.0,15,644.46
p2_S2_N2.94,2740.0,95.23,38.0,2,303.26
p2_N2_S2.103,2830.0,5.72,0.0,0,150.9
p2_S2_N2.95,2750.0,86.87,36.0,2,306.38
p2_S2_N2.96,2760.0,75.18,26.0,2,267.13
p2_S2_N2.97,2770.0,72.83,21.0,2,278.32
p2_S2_N2.98,2780.0,64.63,16.0,1,254.72
p2_W_N1.8,2527.0,317.77,145.0,14,638.4
p2_N2_S2.104,2840.0,5.71,0.0,0,150.18
p2_S2_N2.99,2790.0,56.58,15.0,1,252.63
p2_S2_N2.100,2800.0,50.96,14.0,1,231.85
p2_S2_N2.101,2810.0,42.7,12.0,1,235.28
p2_S2_N2.102,2820.0,34.57,4.0,1,210.43
p2_W_N1.9,2542.0,312.89,131.0,14,618.64
p2_N1_E.31,2733.0,104.83,72.0,3,390.85
p2_E_S1.12,2459.0,382.62,247.0,9,818.0
p2_S1_N1.101,2810.0,54.07,43.0,1,240.59
p2_N1_E.32,2763.0,66.33,40.0,2,325.58
p2_S1_N1.102,2820.0,46.22,36.0,1,229.65
p2_W_E.21,2475.0,368.72,210.0,15,799.38
p2_S1_N1.103,2830.0,41.69,27.0,1,223.96
p2_W_E.22,2478.0,360.43,202.0,15,785.47
p2_S1_N1.104,2840.0,33.32,20.0,1,217.44
p2_W_E.23,2481.0,371.79,201.0,13,789.54
p2_S1_N1.105,2850.0,25.04,12.0,1,205.18
p2_W_E.24,2484.0,364.25,193.0,16,780.84
p2_W_E.25,2487.0,356.26,186.0,18,772.51
p2_S1_N1.106,2860.0,14.8,1.0,1,176.11
p2_S1_N1.107,2870.0,10.59,0.0,0,168.36
p2_W_E.26,2493.0,347.1,182.0,17,740.01
p2_W_E.27,2496.0,367.42,176.0,17,768.33
p2_N1_S1.100,2800.0,82.17,61.0,2,285.05
p2_S1_N1.108,2880.0,5.35,0.0,0,144.09
p2_N1_S1.101,2810.0,76.05,59.0,2,272.06
p2_W_E.28,2499.0,366.41,173.0,16,770.58
p2_W_E.29,2502.0,365.37,171.0,18,773.79
p2_N1_S1.102,2820.0,64.32,48.0,2,247.48
p2_W_E.30,2514.0,347.33,165.0,15,755.84
p2_W_E.31,2517.0,353.92,161.0,16,766.83
p2_N1_S1.103,2830.0,63.04,40.0,2,257.11
p2_N2_S2.105,2850.0,43.69,31.0,1,223.88
p2_W_E.32,2521.0,351.73,158.0,15,767.43
p2_N1_S1.104,2840.0,54.94,34.0,2,242.76
p2_W_E.33,2524.0,350.48,153.0,15,790.26
p2_N2_S2.106,2860.0,34.38,23.0,1,211.74
p2_N2_S2.107,2870.0,28.47,16.0,1,202.66
p2_S1_N1.109,2890.0,5.01,0.0,0,150.7
p2_N2_S2.108,2880.0,16.88,4.0,1,184.65
p2_N1_S1.105,2850.0,40.68,18.0,2,217.63
p2_N1_S1.106,2860.0,46.66,15.0,2,239.5
p2_N1_S1.107,2870.0,32.44,8.0,1,216.35
p2_E_W.121,2462.0,425.67,291.0,10,881.3
p2_E_W.122,2465.0,424.51,283.0,9,868.78
p2_E_W.123,2468.0,421.34,281.0,11,855.88
p2_S2_N2.103,2830.0,81.65,44.0,2,282.25
p2_N2_S2.109,2890.0,6.51,0.0,0,146.88
p2_S2_N2.104,2840.0,73.74,42.0,2,275.28
p2_N2_S2.110,2900.0,16.22,0.0,0,172.11
p2_E_W.124,2471.0,419.62,279.0,10,844.8
p2_E_W.125,2474.0,415.98,274.0,11,849.79
p2_W_E.34,2530.0,368.78,177.0,20,778.95
p2_E_W.126,2507.0,389.21,252.0,8,809.64
p2_W_E.35,2533.0,368.55,173.0,16,771.79
p2_E_W.127,2511.0,390.99,248.0,8,829.15
p2_E_W.128,2514.0,388.07,245.0,8,827.41
p2_S2_W.27,2626.0,278.13,150.0,7,669.53
p2_S2_W.28,2643.0,260.74,148.0,5,631.65
p2_W_E.36,2536.0,359.37,166.0,16,756.77
p2_E_W.129,2517.0,386.7,270.0,9,820.98
p2_W_E.37,2539.0,371.43,163.0,19,764.18
p2_E_W.130,2520.0,391.08,266.0,9,826.86
p2_W_E.38,2545.0,367.26,164.0,18,781.96
p2_W_E.39,2575.0,339.0,133.0,15,739.56
p2_W_E.40,2578.0,325.48,139.0,22,695.76
p2_W_N1.10,2586.0,351.35,166.0,15,664.44
p2_E_S1.13,2523.0,394.57,265.0,10,835.84
p2_N1_E.33,2793.0,124.5,86.0,3,420.02
p2_N1_S1.108,2880.0,62.51,38.0,2,266.13
p2_S1_N1.110,2900.0,42.48,31.0,1,221.47
p2_N1_E.34,2823.0,80.38,52.0,3,333.28
p2_S1_N1.111,2910.0,33.68,21.0,1,211.16
p2_N1_E.35,2853.0,51.68,16.0,3,295.85
p2_W_E.41,2582.0,336.26,147.0,13,716.32
p2_N2_S2.111,2910.0,39.2,27.0,1,220.87
p2_S1_N1.112,2920.0,20.35,10.0,1,185.36
p2_N2_S2.112,2920.0,31.68,19.0,1,214.35
p2_S1_N1.113,2930.0,24.08,6.0,1,209.55
p2_N2_S2.113,2930.0,22.97,11.0,1,192.65
p2_S2_N2.105,2850.0,93.33,70.0,3,298.12
p2_S1_N1.114,2940.0,15.9,0.0,0,197.04
p2_N2_S2.114,2940.0,16.87,2.0,1,188.39
p2_S1_N1.115,2950.0,7.56,0.0,0,168.25
p2_N2_S2.115,2950.0,8.63,0.0,0,164.88
p2_N1_S1.109,2890.0,70.73,40.0,3,279.97
p2_S2_N2.106,2860.0,102.88,69.0,4,317.29
p2_S2_N2.107,2870.0,94.65,61.0,4,304.68
p2_N1_S1.110,2900.0,62.05,39.0,3,257.39
p2_S2_N2.108,2880.0,86.62,50.0,5,293.01
p2_N1_S1.111,2910.0,54.83,35.0,2,246.77
p2_N2_S2.116,2960.0,6.28,0.0,0,150.93
p2_S1_N1.116,2960.0,5.75,0.0,0,148.12
p2_S2_N2.109,2890.0,81.08,46.0,5,281.08
p2_N1_S1.112,2920.0,53.64,29.0,3,245.1
p2_N2_S2.117,2970.0,5.37,0.0,0,146.37
p2_S2_N2.110,2900.0,68.94,34.0,4,265.95
p2_N1_S1.113,2930.0,46.56,19.0,2,229.57
p2_S1_N1.117,2970.0,6.24,0.0,0,154.75
p2_S2_N2.111,2910.0,68.23,31.0,2,265.72
p2_N1_S1.114,2940.0,38.29,12.0,2,222.46
p2_S2_N2.112,2920.0,58.03,24.0,1,261.64
p2_S2_N2.113,2930.0,53.47,23.0,1,251.58
p2_E_W.131,2526.0,437.94,304.0,10,903.55
p2_S2_N2.114,2940.0,44.91,18.0,1,249.09
p2_E_W.132,2529.0,437.05,301.0,11,907.91
p2_S2_N2.115,2950.0,39.51,12.0,1,228.55
p2_E_W.133,2532.0,429.31,297.0,11,873.82
p2_S2_N2.116,2960.0,30.2,3.0,1,210.42
p2_E_W.134,2535.0,437.64,291.0,9,888.1
p2_S2_N2.117,2970.0,24.15,0.0,0,212.9
p2_E_W.135,2538.0,436.43,290.0,10,888.69
p2_E_W.136,2541.0,435.09,286.0,9,899.09
p2_E_W.137,2544.0,433.86,281.0,9,897.61
p2_S2_W.29,2673.0,297.53,182.0,8,669.24
p2_S2_W.30,2703.0,278.42,152.0,9,681.19
p2_N2_S2.118,2980.0,7.28,0.0,0,160.76
p2_S2_W.31,2733.0,249.98,149.0,5,622.83
p2_N2_S2.119,2990.0,10.65,0.0,0,156.67
p2_S2_W.32,2763.0,214.1,131.0,5,556.75
p2_N1_E.36,2883.0,103.02,67.0,4,397.86
p2_S2_W.33,2793.0,192.43,117.0,4,531.88
p2_N1_E.37,2913.0,74.73,43.0,3,350.19
p2_E_W.138,2547.0,442.79,305.0,10,929.0
p2_N1_E.38,2943.0,41.05,6.0,1,283.56
p2_N1_S1.115,2950.0,65.42,34.0,2,263.67
p2_W_N1.11,2636.0,370.66,199.0,14,712.21
p2_S1_N1.118,2980.0,40.09,22.0,1,225.5
p2_N1_S1.116,2960.0,52.72,27.0,2,244.68
p2_S1_N1.119,2990.0,29.46,14.0,1,204.33
p2_W_E.42,2595.0,385.72,209.0,17,783.67
p2_N1_S1.117,2970.0,53.02,25.0,1,257.23
p2_S1_N1.120,3000.0,23.37,7.0,1,197.07
p2_W_E.43,2623.0,368.58,201.0,14,758.09
p2_W_E.44,2627.0,371.09,195.0,14,758.59
p2_S1_N1.121,3010.0,15.14,0.0,0,202.45
p2_W_E.45,2630.0,373.57,191.0,14,773.48
p2_S1_N1.122,3020.0,5.38,0.0,0,156.84
p2_N1_S1.118,2980.0,51.95,28.0,2,238.75
p2_S2_N2.118,2980.0,48.84,26.0,2,251.74
p2_N2_S2.120,3000.0,33.09,19.0,1,212.0
p2_S2_N2.119,2990.0,44.12,24.0,2,224.3
p2_N2_S2.121,3010.0,25.21,12.0,1,194.37
p2_S1_N1.123,3030.0,5.65,0.0,0,150.41
p2_N1_S1.119,2990.0,41.21,22.0,2,222.59
p2_S2_N2.120,3000.0,34.95,20.0,1,223.48
p2_N2_S2.122,3020.0,16.98,2.0,1,184.33
p2_N2_S2.123,3030.0,8.9,0.0,0,165.84
p2_N1_S1.120,3000.0,30.47,8.0,2,205.0
p2_N1_S1.121,3010.0,33.37,4.0,2,215.02
p2_S2_N2.121,3010.0,35.15,18.0,2,212.74
p2_N1_S1.122,3020.0,25.3,0.0,0,210.15
p2_S2_N2.122,3020.0,27.08,9.0,1,203.66
p2_N1_S1.123,3030.0,16.91,0.0,0,200.97
p2_N2_S2.124,3040.0,6.33,0.0,0,153.53
p2_S2_N2.123,3030.0,16.04,0.0,0,181.53
p2_S1_N1.124,3040.0,6.47,0.0,0,149.29
p2_S2_N2.124,3040.0,13.12,0.0,0,181.98
p2_E_W.139,2550.0,481.29,341.0,10,981.78
p2_E_W.140,2558.0,480.28,336.0,13,974.7
p2_N2_S2.125,3050.0,5.95,0.0,0,148.14
p2_S2_N2.125,3050.0,5.96,0.0,0,151.02
p2_N2_S2.126,3060.0,4.82,0.0,0,149.24
p2_W_N1.12,2715.0,352.32,196.0,11,680.96
p2_S2_N2.126,3060.0,5.88,0.0,0,148.43
p2_N1_E.39,2973.0,77.71,47.0,3,339.69
p2_N1_E.40,3003.0,50.74,14.0,3,299.83
p2_W_N1.13,2760.0,318.23,188.0,15,619.36
p2_N1_E.41,3033.0,19.94,2.0,1,254.43
p2_W_E.46,2643.0,413.42,239.0,13,803.92
p2_W_E.47,2655.0,407.41,231.0,12,812.32
p2_W_E.48,2697.0,366.98,200.0,13,762.34
p2_W_E.49,2701.0,364.71,199.0,11,757.88
p2_E_S1.14,2583.0,482.48,348.0,11,988.85
p2_W_E.50,2706.0,360.73,198.0,12,747.3
p2_N1_S1.124,3040.0,50.01,33.0,1,234.69
p2_W_E.51,2740.0,330.02,194.0,13,681.88
p2_S1_N1.125,3050.0,40.13,27.0,1,218.8
p2_W_E.52,2743.0,329.03,193.0,12,692.58
p2_S1_N1.126,3060.0,31.03,20.0,1,205.54
p2_W_E.53,2746.0,327.76,196.0,14,670.55
p2_N1_S1.125,3050.0,38.78,25.0,1,215.73
p2_W_E.54,2749.0,326.7,193.0,15,687.48
p2_N1_S1.126,3060.0,36.32,19.0,1,221.8
p2_S1_N1.127,3070.0,21.15,8.0,1,195.56
p2_S1_N1.128,3080.0,19.7,2.0,1,199.8
p2_E_W.141,2586.0,492.8,352.0,14,1000.89
p2_E_W.142,2589.0,492.77,351.0,14,986.9
p2_E_W.143,2592.0,494.53,343.0,15,1012.54
p2_E_W.144,2595.0,493.21,338.0,15,1006.35
p2_W_E.55,2804.0,273.4,155.0,9,606.5
p2_E_W.145,2598.0,490.13,335.0,13,980.16
p2_W_E.56,2807.0,284.05,152.0,9,612.14
p2_W_E.57,2810.0,282.79,153.0,7,642.52
p2_E_W.146,2601.0,474.14,331.0,14,950.02
p2_E_W.147,2604.0,491.51,330.0,16,963.43
p2_E_W.148,2607.0,498.63,328.0,14,980.82
p2_W_N1.14,2817.0,311.92,188.0,11,631.41
p2_S2_W.34,2823.0,283.98,170.0,9,673.67
p2_S2_W.35,2853.0,255.49,165.0,9,628.97
p2_N2_S2.127,3070.0,51.97,40.0,1,234.4
p2_S1_N1.129,3090.0,41.56,27.0,1,220.84
p2_S2_W.36,2883.0,227.37,140.0,8,593.69
p2_N2_S2.128,3080.0,46.88,33.0,1,237.74
p2_N2_S2.129,3090.0,43.51,27.0,1,245.62
p2_S2_W.37,2913.0,194.21,106.0,6,542.38
p2_S1_N1.130,3100.0,31.67,18.0,1,203.34
p2_N2_S2.130,3100.0,33.86,18.0,1,231.01
p2_S1_N1.131,3110.0,27.34,11.0,1,206.66
p2_N2_S2.131,3110.0,26.73,10.0,1,220.91
p2_N1_S1.127,3070.0,57.24,37.0,2,246.91
p2_N1_S1.128,3080.0,57.8,31.0,2,258.93
p2_S1_N1.132,3120.0,16.75,2.0,1,179.36
p2_N2_S2.132,3120.0,15.67,1.0,1,187.69
p2_N2_S2.133,3130.0,10.67,0.0,0,179.91
p2_S1_N1.133,3130.0,9.19,0.0,0,172.04
p2_N1_S1.129,3090.0,38.08,23.0,1,215.5
p2_N1_S1.130,3100.0,49.04,22.0,1,230.7
p2_S2_N2.127,3070.0,68.44,52.0,3,262.42
p2_N1_S1.131,3110.0,38.31,17.0,1,225.37
p2_S1_N1.134,3140.0,5.99,0.0,0,151.32
p2_S2_N2.128,3080.0,72.13,47.0,3,273.03
p2_N1_S1.132,3120.0,32.43,9.0,1,216.67
p2_S2_N2.129,3090.0,63.83,36.0,3,270.06
p2_N1_S1.133,3130.0,20.18,0.0,0,189.96
p2_N2_S2.134,3140.0,5.89,0.0,0,151.63
p2_S2_N2.130,3100.0,57.48,28.0,3,247.38
p2_S2_W.38,2943.0,193.23,116.0,6,545.58
p2_S2_W.39,2973.0,164.86,88.0,6,515.1
p2_S2_N2.131,3110.0,48.8,20.0,4,235.35
p2_S2_N2.132,3120.0,41.58,12.0,3,223.32
p2_E_W.149,2612.0,528.42,383.0,14,1050.41
p2_E_W.150,2654.0,488.13,347.0,10,988.33
p2_N2_S2.135,3150.0,6.71,0.0,0,148.82
p2_N2_S2.136,3160.0,6.22,0.0,0,153.86
p2_W_N1.15,2851.0,319.64,199.0,15,639.58
p2_E_S1.15,2658.0,496.41,353.0,10,1012.35
p2_N1_E.42,3063.0,76.61,53.0,2,347.25
p2_N1_S1.134,3140.0,40.77,21.0,1,218.58
p2_S1_N1.135,3150.0,31.62,20.0,1,213.86
p2_W_E.58,2814.0,348.77,205.0,14,743.09
p2_S1_N1.136,3160.0,24.73,11.0,1,207.36
p2_N1_S1.135,3150.0,35.38,21.0,1,217.8
p2_N1_E.43,3092.0,65.71,28.0,2,321.31
p2_S1_N1.137,3170.0,16.34,5.0,1,180.38
p2_N1_E.44,3123.0,42.56,7.0,1,295.15
p2_S1_N1.138,3180.0,8.21,0.0,0,166.61
p2_W_E.59,2820.0,347.97,210.0,10,744.4
p2_W_E.60,2825.0,344.63,207.0,11,732.83
p2_W_E.61,2836.0,332.68,205.0,11,713.2
p2_N1_S1.136,3160.0,32.99,16.0,2,212.2
p2_W_E.62,2842.0,331.38,200.0,12,710.41
p2_N1_S1.137,3170.0,26.06,7.0,1,207.42
p2_N1_S1.138,3180.0,17.74,0.0,0,197.28
p2_S1_N1.139,3190.0,6.3,0.0,0,149.84
p2_N1_S1.139,3190.0,12.08,0.0,0,180.85
p2_S2_N2.133,3130.0,75.96,37.0,4,277.61
p2_N2_S2.137,3170.0,38.67,21.0,1,216.27
p2_S2_N2.134,3140.0,66.38,30.0,3,263.13
p2_N2_S2.138,3180.0,30.45,14.0,1,206.9
p2_E_W.151,2662.0,521.21,374.0,12,1034.76
p2_E_W.152,2668.0,516.4,369.0,13,1035.9
p2_E_W.153,2715.0,479.5,334.0,10,989.21
p2_E_W.154,2718.0,475.14,331.0,12,996.44
p2_N2_S2.139,3190.0,16.1,0.0,0,183.35
p2_E_W.155,2721.0,470.1,330.0,12,959.75
p2_S2_N2.135,3150.0,53.21,28.0,1,232.43
p2_N2_S2.140,3200.0,20.14,0.0,0,196.86
p2_E_W.156,2724.0,468.24,323.0,11,956.31
p2_N2_S2.141,3210.0,11.88,0.0,0,179.86
p2_S2_W.40,3003.0,194.57,111.0,9,534.55
p2_S2_N2.136,3160.0,60.73,28.0,2,249.5
p2_S2_W.41,3033.0,167.53,81.0,6,494.52
p2_S2_N2.137,3170.0,55.29,27.0,2,251.41
p2_E_W.157,2727.0,477.04,331.0,10,984.1
p2_E_W.158,2730.0,467.16,327.0,11,956.77
p2_E_W.159,2733.0,476.4,320.0,12,957.62
p2_W_E.63,2901.0,302.21,188.0,12,683.63
p2_E_W.160,2736.0,476.69,318.0,12,971.01
p2_W_N1.16,2914.0,319.7,195.0,12,653.14
p2_W_E.64,2905.0,309.54,183.0,11,686.52
p2_S1_N1.140,3200.0,36.84,27.0,1,216.61
p2_E_S1.16,2739.0,464.66,313.0,11,945.59
p2_N1_E.45,3153.0,52.5,27.0,3,286.9
p2_N1_E.46,3183.0,36.56,7.0,1,273.67
p2_N1_S1.140,3200.0,40.89,26.0,1,228.12
p2_S1_N1.141,3210.0,27.09,17.0,1,205.44
p2_N1_S1.141,3210.0,26.28,14.0,1,199.27
p2_S1_N1.142,3220.0,22.53,9.0,1,199.09
p2_W_E.65,2908.0,313.84,188.0,12,698.83
p2_S1_N1.143,3230.0,14.28,2.0,1,192.46
p2_W_E.66,2911.0,312.59,180.0,11,693.61
p2_E_W.161,2743.0,485.59,324.0,15,982.04
p2_E_W.162,2801.0,424.56,273.0,11,880.14
p2_E_W.163,2805.0,426.52,272.0,9,882.03
p2_E_W.164,2808.0,428.61,270.0,11,907.5
p2_N2_S2.142,3220.0,38.59,27.0,1,220.7
p2_S2_N2.138,3180.0,77.61,50.0,3,283.11
p2_E_W.165,2811.0,426.43,272.0,9,907.56
p2_E_W.166,2814.0,420.84,263.0,10,894.93
p2_N2_S2.143,3230.0,29.78,19.0,1,199.01
p2_E_W.167,2817.0,424.95,262.0,10,893.25
p2_N2_S2.144,3240.0,23.55,11.0,1,196.85
p2_S2_W.42,3063.0,178.25,105.0,6,501.5
p2_N2_S2.145,3250.0,14.04,2.0,1,180.79
p2_S2_W.43,3093.0,152.07,73.0,7,465.16
p2_N2_S2.146,3260.0,7.26,0.0,0,152.38
p2_S2_W.44,3123.0,123.69,41.0,7,424.37
p2_E_W.168,2820.0,429.14,302.0,10,909.86
p2_E_W.169,2823.0,427.92,297.0,8,902.83
p2_S2_N2.139,3190.0,83.7,46.0,3,285.34
p2_E_W.170,2826.0,423.54,299.0,7,883.42
p2_W_N1.17,2929.0,350.3,203.0,15,702.72
p2_S2_N2.140,3200.0,70.34,31.0,2,265.78
p2_N2_S2.147,3270.0,6.13,0.0,0,148.2
p2_E_S1.17,2829.0,425.12,298.0,9,897.35
p2_S2_N2.141,3210.0,62.49,30.0,2,254.94
p2_S1_N1.144,3240.0,43.66,31.0,1,229.88
p2_N1_S1.142,3220.0,63.41,45.0,3,254.38
p2_N2_S2.148,3280.0,5.54,0.0,0,147.61
p2_N1_S1.143,3230.0,56.92,35.0,3,249.89
p2_S1_N1.145,3250.0,34.31,23.0,1,205.69
p2_S2_N2.142,3220.0,57.74,27.0,2,245.74
p2_S2_N2.143,3230.0,58.56,24.0,2,236.66
p2_S1_N1.146,3260.0,29.08,15.0,1,209.16
p2_S2_N2.144,3240.0,51.42,21.0,2,241.49
p2_S1_N1.147,3270.0,20.87,7.0,1,208.75
p2_N1_E.47,3213.0,55.44,34.0,3,308.03
p2_S1_N1.148,3280.0,12.64,0.0,0,195.58
p2_N1_S1.144,3240.0,41.33,30.0,1,218.44
p2_W_E.67,2917.0,355.39,223.0,16,766.31
p2_S1_N1.149,3290.0,5.68,0.0,0,150.58
p2_W_E.68,2920.0,347.18,213.0,15,748.06
p2_N1_S1.145,3250.0,51.33,32.0,2,241.21
p2_W_E.69,2923.0,348.5,212.0,16,751.66
p2_W_E.70,2926.0,351.31,204.0,15,756.72
p2_N1_S1.146,3260.0,41.89,25.0,2,218.63
p2_N1_S1.147,3270.0,36.75,16.0,2,225.09
p2_N2_S2.149,3290.0,19.74,9.0,1,192.64
p2_N1_S1.148,3280.0,28.36,6.0,2,206.92
p2_N1_S1.149,3290.0,25.7,1.0,1,204.6
p2_N2_S2.150,3300.0,7.73,0.0,0,152.3
p2_S2_N2.145,3250.0,67.01,31.0,3,273.57
p2_N1_S1.150,3300.0,16.68,0.0,0,200.83
p2_S1_N1.150,3300.0,6.82,0.0,0,146.1
p2_S2_N2.146,3260.0,59.05,22.0,2,244.52
p2_E_W.171,2832.0,468.11,329.0,9,937.78
p2_S2_N2.147,3270.0,52.56,16.0,1,244.82
p2_N2_S2.151,3310.0,6.73,0.0,0,147.12
p2_E_W.172,2835.0,466.65,327.0,9,949.9
p2_E_W.173,2838.0,463.73,324.0,9,948.01
p2_N2_S2.152,3320.0,6.3,0.0,0,156.44
p2_E_W.174,2841.0,466.28,317.0,8,941.13
p2_E_W.175,2844.0,465.06,313.0,8,932.88
p2_E_W.176,2867.0,436.55,303.0,8,897.88
p2_S2_N2.148,3280.0,49.29,15.0,1,243.6
p2_N2_S2.153,3330.0,5.91,0.0,0,154.48
p2_E_W.177,2870.0,443.8,301.0,8,908.59
p2_S2_N2.149,3290.0,43.36,14.0,1,224.97
p2_S2_N2.150,3300.0,38.54,10.0,1,211.01
p2_E_W.178,2873.0,444.3,301.0,8,919.75
p2_S2_W.45,3153.0,165.42,78.0,6,501.52
p2_S2_N2.151,3310.0,30.4,2.0,1,204.53
p2_E_W.179,2876.0,444.75,315.0,8,944.68
p2_S2_N2.152,3320.0,22.14,0.0,0,201.8
p2_E_W.180,2879.0,443.46,308.0,8,935.76
p2_N1_E.48,3243.0,82.31,56.0,3,355.47
p2_E_S1.18,2882.0,437.12,306.0,10,926.73
p2_W_N1.18,2947.0,396.1,230.0,17,775.4
p2_N1_E.49,3273.0,54.17,24.0,3,306.74
p2_W_E.71,2932.0,394.87,238.0,20,833.34
p2_W_E.72,2935.0,398.4,238.0,20,850.3
p2_S1_N1.151,3310.0,30.93,20.0,1,204.91
p2_W_E.73,2938.0,388.97,234.0,17,808.5
p2_S1_N1.152,3320.0,30.57,15.0,1,212.15
p2_W_E.74,2941.0,390.03,231.0,16,813.23
p2_S1_N1.153,3330.0,31.71,11.0,1,214.89
p2_W_E.75,2944.0,397.43,229.0,16,837.76
p2_S1_N1.154,3340.0,23.43,4.0,1,212.0
p2_N1_S1.151,3310.0,53.91,34.0,2,247.72
p2_N1_S1.152,3320.0,45.73,29.0,2,226.85
p2_S1_N1.155,3350.0,13.5,0.0,0,188.8
p2_N1_S1.153,3330.0,36.22,18.0,2,210.34
p2_S1_N1.156,3360.0,6.09,0.0,0,153.78
p2_N1_S1.154,3340.0,32.21,10.0,2,204.73
p2_N1_S1.155,3350.0,24.18,5.0,1,200.82
p2_S2_N2.153,3330.0,45.55,27.0,1,243.64
p2_N2_S2.154,3340.0,35.24,25.0,1,214.12
p2_S1_N1.157,3370.0,5.83,0.0,0,156.13
p2_N1_S1.156,3360.0,12.73,0.0,0,174.15
p2_N1_S1.157,3370.0,10.59,0.0,0,170.77
p2_N2_S2.155,3350.0,23.35,11.0,1,183.89
p2_N2_S2.156,3360.0,23.55,8.0,1,199.36
p2_N2_S2.157,3370.0,15.38,0.0,0,178.84
p2_S2_W.46,3183.0,182.27,122.0,6,513.85
p2_N2_S2.158,3380.0,7.1,0.0,0,153.58
p2_S2_W.47,3213.0,153.71,94.0,4,461.16
p2_E_W.181,2885.0,485.46,369.0,10,992.93
p2_S2_N2.154,3340.0,52.1,33.0,2,237.28
p2_S2_N2.155,3350.0,43.76,25.0,2,231.32
p2_E_W.182,2888.0,484.21,366.0,10,1006.47
p2_E_W.183,2891.0,483.04,365.0,11,978.01
p2_N2_S2.159,3390.0,5.32,0.0,0,142.95
p2_E_W.184,2894.0,482.02,357.0,11,982.27
p2_E_W.185,2948.0,429.85,316.0,8,897.97
p2_S2_N2.156,3360.0,30.0,12.0,2,206.74
p2_E_W.186,2952.0,422.92,315.0,9,892.87
p2_S2_N2.157,3370.0,34.09,10.0,2,215.54
p2_E_W.187,2955.0,423.48,311.0,9,885.57
p2_S2_N2.158,3380.0,22.98,5.0,1,194.65
p2_S2_W.48,3243.0,136.61,84.0,5,448.19
p2_S2_N2.159,3390.0,16.96,1.0,1,193.02
p2_S2_W.49,3273.0,105.79,50.0,3,389.15
p2_S2_W.50,3303.0,87.19,39.0,2,369.08
p2_S2_N2.160,3400.0,8.36,0.0,0,164.6
p2_E_W.188,2958.0,434.39,322.0,11,906.55
p2_E_W.189,2961.0,429.07,318.0,9,898.33
p2_E_W.190,2964.0,431.9,314.0,8,905.87
p2_N2_S2.160,3400.0,6.83,0.0,0,157.97
p2_W_N1.19,2962.0,459.66,274.0,18,851.65
p2_N1_E.50,3303.0,83.65,62.0,3,344.0
p2_N1_E.51,3333.0,55.15,29.0,3,303.44
p2_S1_N1.158,3380.0,45.92,35.0,1,226.82
p2_E_S1.19,2967.0,427.45,313.0,10,896.63
p2_N1_E.52,3363.0,31.9,11.0,1,273.43
p2_N1_S1.158,3380.0,48.6,35.0,1,235.54
p2_W_E.76,2950.0,457.82,274.0,19,916.18
p2_N1_S1.159,3390.0,35.21,24.0,1,214.81
p2_W_E.77,2953.0,456.7,267.0,17,917.74
p2_W_E.78,2956.0,447.23,263.0,20,887.98
p2_W_E.79,2959.0,447.09,258.0,19,895.32
p2_S1_N1.159,3390.0,32.39,20.0,1,200.77
p2_S1_N1.160,3400.0,35.54,17.0,1,204.83
p2_S1_N1.161,3410.0,13.98,2.0,1,175.55
p2_E_W.191,2970.0,451.1,327.0,11,915.94
p2_S1_N1.162,3420.0,22.01,0.0,0,192.11
p2_S1_N1.163,3430.0,15.09,0.0,0,191.68
p2_N2_S2.161,3410.0,36.53,25.0,1,213.68
p2_E_W.192,2973.0,445.82,321.0,11,907.38
p2_N2_S2.162,3420.0,28.5,17.0,1,204.34
p2_E_W.193,2976.0,447.76,318.0,11,901.56
p2_N2_S2.163,3430.0,19.29,7.0,1,182.89
p2_E_W.194,2979.0,451.29,313.0,12,893.76
p2_S2_N2.161,3410.0,31.47,20.0,1,200.21
p2_N2_S2.164,3440.0,12.34,0.0,0,185.54
p2_E_W.195,2982.0,449.96,305.0,12,917.52
p2_S2_N2.162,3420.0,33.88,17.0,1,212.88
p2_E_W.196,3095.0,337.23,202.0,8,734.81
p2_N2_S2.165,3450.0,5.51,0.0,0,149.01
p2_E_W.197,3099.0,336.39,203.0,9,734.72
p2_E_W.198,3102.0,335.08,199.0,9,733.38
p2_E_W.199,3105.0,325.6,197.0,8,700.19
p2_S2_N2.163,3430.0,32.76,16.0,2,215.86
p2_S2_W.51,3333.0,108.18,55.0,4,416.82
p2_S2_W.52,3363.0,81.07,23.0,4,360.01
p2_S2_N2.164,3440.0,23.44,4.0,1,196.92
p2_S2_W.53,3393.0,47.06,10.0,1,315.28
p2_S2_N2.165,3450.0,18.32,3.0,1,184.63
p2_E_W.200,3108.0,334.69,214.0,8,734.67
p2_W_N1.20,3011.0,455.36,267.0,22,836.18
p2_N1_S1.160,3400.0,70.98,52.0,3,269.12
p2_N2_S2.166,3460.0,6.24,0.0,0,142.57
p2_N1_S1.161,3410.0,64.87,43.0,3,259.29
p2_N1_S1.162,3420.0,55.44,32.0,3,242.67
p2_S1_N1.164,3440.0,25.87,14.0,1,194.92
p2_S1_N1.165,3450.0,24.86,9.0,1,197.3
p2_S1_N1.166,3460.0,18.9,3.0,1,202.97
p2_S1_N1.167,3470.0,14.64,0.0,0,180.06
p2_N1_E.53,3393.0,56.79,36.0,3,311.15
p2_N1_S1.163,3430.0,55.17,29.0,2,241.13
p2_W_E.80,2965.0,499.89,293.0,21,963.04
p2_N1_S1.164,3440.0,46.26,25.0,1,225.76
p2_W_E.81,2968.0,497.75,286.0,21,949.15
p2_N1_S1.165,3450.0,39.25,22.0,1,224.52
p2_W_E.82,2971.0,494.87,286.0,25,958.34
p2_W_E.83,3000.0,470.27,257.0,23,922.23
p2_S1_N1.168,3480.0,6.09,0.0,0,150.06
p2_N1_S1.166,3460.0,28.64,11.0,1,198.97
p2_N1_S1.167,3470.0,29.59,5.0,1,210.25
p2_N1_S1.168,3480.0,21.38,0.0,0,215.28
p2_S2_N2.166,3460.0,42.44,25.0,1,216.34
p2_N2_S2.167,3470.0,32.53,21.0,1,211.18
p2_S1_N1.169,3490.0,6.42,0.0,0,155.38
p2_N1_S1.169,3490.0,14.29,0.0,0,187.13
p2_S2_N2.167,3470.0,34.1,22.0,1,208.43
p2_N2_S2.168,3480.0,24.99,13.0,1,205.19
p2_S2_N2.168,3480.0,25.1,12.0,1,194.36
p2_N2_S2.169,3490.0,14.93,4.0,1,181.95
p2_N2_S2.170,3500.0,5.65,0.0,0,150.06
p2_S2_N2.169,3490.0,24.74,9.0,1,205.34
p2_S2_N2.170,3500.0,16.82,0.0,0,191.74
p2_W_N1.21,3093.0,426.05,227.0,19,799.98
p2_S2_N2.171,3510.0,7.22,0.0,0,161.22
p2_N2_S2.171,3510.0,6.35,0.0,0,154.69
p2_N2_S2.172,3520.0,9.23,0.0,0,165.31
p2_W_N1.22,3158.0,372.03,187.0,17,702.79
p2_N1_E.54,3423.0,90.81,53.0,3,369.76
p2_N1_E.55,3453.0,60.05,34.0,2,314.02
p2_E_S1.20,3111.0,402.52,275.0,11,837.38
p2_N1_E.56,3483.0,27.97,6.0,1,270.28
p2_W_E.84,3074.0,449.82,254.0,18,877.27
p2_S1_N1.170,3500.0,36.98,26.0,1,204.99
p2_W_E.85,3078.0,435.72,241.0,17,864.47
p2_W_E.86,3081.0,447.96,240.0,18,877.75
p2_S1_N1.171,3510.0,40.01,23.0,1,224.9
p2_N1_S1.170,3500.0,35.25,23.0,1,211.93
p2_S1_N1.172,3520.0,29.14,13.0,1,211.57
p2_W_E.87,3085.0,445.78,238.0,18,870.03
p2_N1_S1.171,3510.0,41.06,22.0,1,224.92
p2_S1_N1.173,3530.0,23.61,5.0,1,215.74
p2_W_E.88,3144.0,381.89,195.0,13,786.39
p2_S1_N1.174,3540.0,15.33,0.0,0,200.24
p2_W_E.89,3148.0,384.57,194.0,15,798.53
p2_E_W.201,3114.0,420.54,286.0,12,853.78
p2_W_E.90,3151.0,384.3,184.0,15,802.69
p2_W_E.91,3155.0,371.14,182.0,14,774.73
p2_E_W.202,3117.0,416.64,278.0,12,842.73
p2_W_E.92,3161.0,379.02,181.0,13,792.49
p2_W_E.93,3164.0,377.78,179.0,14,780.41
p2_E_W.203,3122.0,411.04,271.0,12,841.46
p2_W_E.94,3167.0,376.53,183.0,14,786.19
p2_E_W.204,3161.0,377.33,244.0,13,818.04
p2_E_W.205,3164.0,377.8,238.0,12,815.35
p2_E_W.206,3167.0,365.91,233.0,11,776.95
p2_E_W.207,3170.0,375.86,227.0,10,781.91
p2_E_W.208,3173.0,382.88,223.0,12,801.36
p2_N1_E.57,3513.0,41.87,24.0,2,266.49
p2_E_W.209,3176.0,362.38,221.0,11,767.16
p2_E_W.210,3179.0,383.0,217.0,13,794.19
p2_S2_N2.172,3520.0,63.53,51.0,2,260.01
p2_S2_W.54,3423.0,138.75,81.0,5,456.21
p2_S2_W.55,3453.0,109.8,59.0,4,401.27
p2_S2_N2.173,3530.0,53.63,41.0,1,234.01
p2_W_N1.23,3173.0,406.98,213.0,16,759.02
p2_S2_N2.174,3540.0,44.15,32.0,1,217.73
p2_N2_S2.173,3530.0,47.11,36.0,1,222.82
p2_N2_S2.174,3540.0,51.58,33.0,1,235.73
p2_E_S1.21,3182.0,367.12,238.0,11,797.16
p2_N2_S2.175,3550.0,44.14,25.0,1,228.29
p2_N1_S1.172,3520.0,76.14,49.0,3,283.8
p2_N2_S2.176,3560.0,36.0,17.0,1,221.32
p2_W_E.95,3170.0,404.48,206.0,16,816.81
p2_N1_S1.173,3530.0,57.57,33.0,3,248.22
p2_S1_N1.175,3550.0,30.85,19.0,1,199.12
p2_N1_S1.174,3540.0,59.77,31.0,2,245.64
p2_S1_N1.176,3560.0,39.71,18.0,1,211.8
p2_N1_S1.175,3550.0,51.74,29.0,2,241.56
p2_S1_N1.177,3570.0,31.56,9.0,1,204.78
p2_S1_N1.178,3580.0,14.54,0.0,0,182.96
p2_S1_N1.179,3590.0,15.12,0.0,0,182.1
p2_E_W.211,3185.0,400.51,248.0,13,826.27
p2_E_W.212,3188.0,394.97,246.0,12,826.25
p2_E_W.213,3191.0,400.31,243.0,13,827.23
p2_E_W.214,3194.0,395.63,235.0,12,815.91
p2_E_W.215,3262.0,332.74,177.0,11,725.55
p2_E_W.216,3265.0,331.48,173.0,11,746.64
p2_E_W.217,3268.0,320.67,170.0,11,712.39
p2_E_W.218,3271.0,319.06,168.0,10,713.46
p2_S2_W.56,3483.0,120.59,58.0,6,430.25
p2_N1_E.58,3543.0,53.97,29.0,2,280.49
p2_S2_W.57,3513.0,91.86,42.0,4,388.49
p2_E_W.219,3274.0,321.86,179.0,10,718.13
p2_W_E.96,3176.0,431.06,225.0,21,845.94
p2_W_E.97,3179.0,431.92,220.0,18,839.69
p2_E_W.220,3277.0,329.41,177.0,10,738.29
p2_W_N1.24,3202.0,432.17,219.0,19,799.07
p2_N2_S2.177,3570.0,69.32,52.0,2,270.82
p2_S2_N2.175,3550.0,89.99,69.0,2,309.72
p2_N2_S2.178,3580.0,59.29,43.0,1,245.8
p2_W_N1.25,3259.0,386.03,179.0,21,720.28
p2_S2_N2.176,3560.0,77.37,54.0,2,270.07
p2_N2_S2.179,3590.0,49.0,38.0,1,229.24
p2_S2_N2.177,3570.0,79.01,52.0,2,290.85
p2_W_N1.26,3313.0,341.83,151.0,14,636.68
p2_W_E.98,3182.0,442.73,228.0,23,862.54
p2_E_S1.22,3280.0,356.16,196.0,13,798.71
p2_W_E.99,3185.0,440.02,221.0,22,855.87
p2_W_E.100,3192.0,446.7,218.0,19,883.05
p2_N1_S1.176,3560.0,101.24,76.0,2,316.65
p2_N1_S1.177,3570.0,93.29,68.0,2,298.55
p2_W_E.101,3246.0,390.29,186.0,13,780.68
p2_W_E.102,3250.0,385.62,183.0,17,781.91
p2_E_W.221,3283.0,368.05,207.0,12,812.4
p2_W_E.103,3253.0,398.41,181.0,17,803.6
p2_N1_S1.178,3580.0,81.95,55.0,2,281.73
p2_E_W.222,3286.0,366.9,201.0,14,793.85
p2_W_E.104,3256.0,393.18,179.0,19,795.9
p2_E_W.223,3289.0,365.61,202.0,13,793.21
p2_W_E.105,3263.0,382.44,175.0,21,765.64
p2_E_W.224,3292.0,360.19,193.0,14,770.82
p2_E_W.225,3296.0,363.26,189.0,14,790.83
p2_E_W.226,3319.0,343.64,177.0,10,751.81
p2_W_E.106,3271.0,373.09,167.0,17,758.91
p2_E_W.227,3328.0,333.81,174.0,15,757.04
p2_W_E.107,3298.0,366.27,159.0,18,742.88
p2_E_W.228,3344.0,321.99,168.0,12,720.51
p2_W_E.108,3305.0,360.95,152.0,14,745.81
p2_E_W.229,3380.0,279.97,149.0,11,646.44
p2_E_W.230,3383.0,289.47,146.0,11,669.53
p2_W_N1.27,3358.0,338.92,151.0,17,672.67
p2_N1_E.59,3573.0,89.59,60.0,2,338.37
p2_W_E.109,3338.0,338.99,150.0,17,701.16
p2_W_E.110,3342.0,336.72,152.0,17,709.3
p2_W_E.111,3345.0,335.44,150.0,19,708.42
p2_W_E.112,3349.0,326.62,147.0,19,688.4
p2_W_N1.28,3424.0,282.7,118.0,16,587.08
p2_W_N1.29,3487.0,232.07,82.0,18,512.29
p2_S2_N2.178,3580.0,127.54,104.0,2,354.42
p2_S2_N2.179,3590.0,140.93,103.0,2,373.19
p2_W_E.113,3409.0,288.29,122.0,16,650.61
p2_W_E.114,3412.0,299.99,121.0,15,662.15
p2_W_E.115,3415.0,290.43,124.0,15,658.33
p2_W_E.116,3418.0,297.68,117.0,15,669.66
p2_E_S1.23,3386.0,313.65,182.0,11,723.94
p2_W_E.117,3431.0,282.26,118.0,14,643.14
p2_W_E.118,3475.0,240.56,83.0,12,572.9
p2_N1_S1.179,3590.0,151.05,111.0,3,397.33
p2_W_E.119,3478.0,235.38,90.0,19,555.26
p2_W_E.120,3481.0,241.76,82.0,14,569.8
p2_W_E.121,3496.0,223.78,77.0,15,542.38
p2_S2_W.58,3543.0,183.35,106.0,6,516.13
p2_E_W.231,3389.0,340.09,202.0,10,750.29
p2_W_E.122,3531.0,197.63,62.0,14,501.13
p2_E_W.232,3392.0,339.13,202.0,12,743.92
p2_W_E.123,3535.0,195.36,62.0,12,515.99
p2_W_E.124,3538.0,194.03,57.0,7,523.23
p2_W_E.125,3542.0,191.76,56.0,9,517.95
p2_E_W.233,3395.0,328.5,193.0,11,735.96
p2_E_W.234,3399.0,325.19,192.0,11,729.08
p2_E_W.235,3436.0,301.96,165.0,10,675.01
p2_E_W.236,3439.0,306.99,163.0,10,698.44
p2_E_W.237,3442.0,305.76,159.0,10,701.18
p2_E_W.238,3445.0,302.26,157.0,9,705.57
p2_E_W.239,3448.0,299.53,156.0,10,704.95
p2_E_W.240,3451.0,297.32,152.0,10,705.72
p2_W_N1.30,3551.0,223.19,89.0,12,505.25
p2_W_N1.31,3611.0,175.01,54.0,7,420.61
p2_W_N1.32,3626.0,170.2,50.0,7,410.45
p2_W_E.126,3598.0,182.97,63.0,10,505.2
p2_W_E.127,3601.0,181.3,61.0,10,496.4
p2_W_E.128,3605.0,180.15,62.0,9,478.6
p2_W_N1.33,3654.0,151.91,44.0,7,377.75
p2_E_S1.24,3454.0,332.18,185.0,10,747.5
p2_W_E.129,3608.0,169.57,57.0,9,462.94
p2_W_E.130,3614.0,179.37,50.0,7,476.87
p2_E_W.241,3457.0,342.74,192.0,12,762.72
p2_W_E.131,3617.0,186.98,51.0,7,482.8
p2_E_W.242,3460.0,345.8,189.0,15,759.62
p2_W_E.132,3620.0,185.71,49.0,6,495.01
p2_E_W.243,3463.0,344.11,197.0,12,780.78
p2_W_E.133,3623.0,183.11,49.0,7,501.0
p2_E_W.244,3466.0,343.17,193.0,14,766.85
p2_W_E.134,3629.0,167.2,46.0,6,462.71
p2_E_W.245,3469.0,342.16,189.0,13,754.81
p2_W_E.135,3632.0,179.41,46.0,6,483.1
p2_W_E.136,3635.0,177.38,43.0,5,469.27
p2_W_E.137,3646.0,168.85,44.0,6,489.83
p2_E_W.246,3472.0,336.15,190.0,15,748.6
p2_E_W.247,3507.0,301.54,166.0,12,686.85
p2_E_W.248,3510.0,310.62,163.0,12,709.12
p2_E_W.249,3513.0,308.55,158.0,12,709.28
p2_E_W.250,3516.0,292.79,155.0,10,676.17
p2_W_N1.34,3709.0,139.77,41.0,7,375.54
p2_W_E.138,3694.0,127.46,34.0,6,394.21
p2_W_E.139,3698.0,130.2,32.0,5,413.61
p2_W_E.140,3701.0,134.18,30.0,3,435.34
p2_W_E.141,3704.0,132.9,29.0,3,436.4
p2_W_N1.35,3733.0,127.79,34.0,4,354.68
p2_W_N1.36,3752.0,122.35,24.0,5,330.71
p2_W_E.142,3717.0,141.5,37.0,5,433.29
p2_W_E.143,3724.0,136.14,34.0,5,425.09
p2_W_E.144,3727.0,135.01,31.0,3,428.33
p2_E_S1.25,3519.0,345.38,190.0,13,755.25
p2_W_E.145,3730.0,132.83,35.0,6,405.99
p2_W_E.146,3736.0,130.37,30.0,4,415.22
p2_W_E.147,3739.0,129.06,27.0,4,413.38
p2_W_E.148,3742.0,126.78,27.0,5,398.13
p2_W_E.149,3745.0,126.72,27.0,5,406.24
p2_W_E.150,3748.0,125.54,27.0,4,394.34
p2_W_E.151,3761.0,115.13,23.0,4,376.45
p2_W_E.152,3764.0,115.77,21.0,3,383.42
p2_E_W.251,3522.0,351.99,196.0,14,773.14
p2_E_W.252,3525.0,359.41,192.0,14,774.64
p2_E_W.253,3528.0,355.69,188.0,14,762.8
p2_E_W.254,3531.0,356.97,197.0,14,779.31
p2_S2_W.59,3573.0,316.03,218.0,9,714.36
p2_W_E.153,3767.0,109.23,20.0,4,354.77
p2_E_W.255,3534.0,356.09,209.0,13,787.34
p2_W_E.154,3772.0,119.63,20.0,5,377.43
p2_E_W.256,3537.0,340.74,203.0,13,748.27
p2_E_W.257,3540.0,356.24,202.0,14,767.61
p2_E_W.258,3568.0,335.38,177.0,11,758.66
p2_E_W.259,3571.0,325.21,174.0,11,751.02
p2_E_W.260,3574.0,332.31,176.0,11,754.17
p2_W_N1.37,3779.0,146.49,62.0,6,390.35
p2_W_N1.38,3799.0,139.13,47.0,5,376.43
p2_W_N1.39,3814.0,134.7,38.0,5,378.93
p2_W_N1.40,3830.0,127.93,34.0,6,364.57
p2_W_E.155,3787.0,139.35,59.0,5,421.37
p2_W_E.156,3790.0,151.45,57.0,8,430.59
p2_W_E.157,3793.0,150.09,52.0,8,441.61
p2_E_S1.26,3577.0,355.84,206.0,14,779.93
p2_W_E.158,3796.0,143.2,48.0,7,428.41
p2_W_E.159,3802.0,144.46,44.0,5,462.75
p2_W_E.160,3805.0,143.28,41.0,4,465.15
p2_W_E.161,3808.0,137.7,40.0,5,441.56
p2_W_E.162,3811.0,140.99,37.0,5,432.05
p2_W_E.163,3817.0,134.73,37.0,5,429.27
p2_E_W.261,3580.0,374.15,209.0,15,799.89
p2_W_E.164,3820.0,132.94,36.0,5,411.08
p2_E_W.262,3583.0,374.89,204.0,14,804.83
p2_W_E.165,3823.0,133.85,37.0,4,425.8
p2_W_E.166,3827.0,131.94,36.0,5,420.17
p2_E_W.263,3586.0,373.76,207.0,15,807.06
p2_E_W.264,3589.0,372.58,218.0,14,798.92
p2_E_W.265,3592.0,371.58,211.0,16,791.85
p2_E_W.266,3623.0,342.49,189.0,13,753.07
p2_E_W.267,3627.0,332.4,180.0,16,738.71
p2_E_W.268,3630.0,343.5,179.0,13,751.2
p2_E_W.269,3633.0,342.34,179.0,14,746.87
p2_E_W.270,3636.0,341.07,175.0,14,751.49
p2_W_E.167,3844.0,131.22,45.0,5,418.93
p2_W_N1.41,3877.0,125.94,44.0,4,373.78
p2_W_E.168,3867.0,116.66,32.0,3,406.39
p2_W_E.169,3871.0,114.47,31.0,4,417.24
p2_W_E.170,3874.0,113.32,31.0,4,417.25
p2_W_N1.42,3895.0,112.61,35.0,3,335.16
p2_W_N1.43,3910.0,117.2,28.0,4,328.98
p2_W_E.171,3880.0,130.11,40.0,4,438.03
p2_W_E.172,3883.0,126.23,39.0,5,421.48
p2_W_E.173,3886.0,127.07,36.0,5,420.54
p2_E_S1.27,3639.0,377.19,207.0,13,817.06
p2_W_E.174,3889.0,124.81,35.0,5,417.15
p2_W_E.175,3892.0,127.39,35.0,6,422.79
p2_W_E.176,3898.0,123.07,33.0,5,387.57
p2_W_E.177,3901.0,119.34,30.0,5,381.86
p2_W_E.178,3904.0,120.92,26.0,3,392.35
p2_W_E.179,3907.0,119.66,27.0,4,367.43
p2_W_E.180,3913.0,116.06,26.0,4,379.69
p2_E_W.271,3642.0,388.68,214.0,15,836.93
p2_W_E.181,3916.0,115.14,26.0,3,370.57
p2_E_W.272,3645.0,387.72,205.0,15,837.56
p2_E_W.273,3648.0,384.51,201.0,15,822.07
p2_W_E.182,3919.0,110.52,24.0,3,368.82
p2_W_E.183,3923.0,115.75,25.0,4,392.32
p2_E_W.274,3651.0,377.17,203.0,16,815.76
p2_E_W.275,3654.0,383.31,211.0,14,833.81
p2_E_W.276,3657.0,388.96,202.0,13,830.98
p2_E_W.277,3660.0,386.87,206.0,16,830.27
p2_E_W.278,3663.0,386.37,201.0,14,819.75
p2_E_W.279,3685.0,366.05,183.0,15,800.68
p2_E_W.280,3689.0,363.71,179.0,17,793.21
p2_W_N1.44,3931.0,143.29,61.0,7,391.61
p2_W_N1.45,3953.0,135.68,46.0,5,384.31
p2_W_N1.46,3968.0,126.83,40.0,4,367.97
p2_W_N1.47,3983.0,126.2,32.0,5,360.22
p2_W_E.184,3940.0,137.77,54.0,5,438.37
p2_E_S1.28,3692.0,397.69,208.0,17,846.24
p2_W_E.185,3944.0,147.26,51.0,4,454.8
p2_W_E.186,3947.0,145.94,50.0,5,463.34
p2_W_E.187,3950.0,134.96,49.0,5,428.79
p2_W_E.188,3956.0,130.92,43.0,4,427.51
p2_W_E.189,3959.0,134.43,43.0,5,433.45
p2_W_E.190,3962.0,141.47,38.0,4,455.66
p2_W_E.191,3965.0,140.11,38.0,5,442.74
p2_W_E.192,3971.0,135.77,38.0,5,434.75
p2_E_W.281,3695.0,412.73,222.0,16,864.1
p2_W_E.193,3974.0,132.45,35.0,5,428.02
p2_E_W.282,3698.0,411.21,217.0,15,870.05
p2_W_E.194,3977.0,133.31,33.0,5,452.55
p2_W_E.195,3980.0,132.05,33.0,4,448.55
p2_E_W.283,3701.0,407.87,210.0,17,857.52
p2_E_W.284,3704.0,411.06,212.0,17,862.81
p2_E_W.285,3707.0,409.82,210.0,16,869.83
p2_E_W.286,3710.0,405.9,205.0,17,849.95
p2_E_W.287,3713.0,407.54,213.0,20,867.4
p2_E_W.288,3716.0,406.36,209.0,21,850.69
p2_E_W.289,3719.0,405.05,213.0,19,847.33
p2_E_W.290,3724.0,396.46,204.0,17,833.43
p2_W_E.196,3995.0,132.09,43.0,5,413.91
p2_W_N1.48,4030.0,121.18,37.0,4,356.22
p2_W_E.197,4018.0,118.36,30.0,3,386.13
p2_W_E.198,4021.0,114.97,31.0,4,398.61
p2_W_E.199,4024.0,111.98,28.0,5,394.26
p2_W_E.200,4027.0,114.51,28.0,5,394.7
p2_W_N1.49,4045.0,120.22,25.0,3,361.6
p2_W_N1.50,4060.0,114.5,22.0,3,334.07
p2_W_E.201,4033.0,129.84,34.0,5,434.14
p2_W_E.202,4036.0,128.65,31.0,4,445.25
p2_W_N1.51,4084.0,100.01,17.0,4,316.51
p2_W_E.203,4039.0,122.38,29.0,3,414.49
p2_W_E.204,4042.0,128.81,26.0,3,433.18
p2_W_E.205,4048.0,125.72,24.0,3,433.88
p2_E_S1.29,3741.0,416.79,229.0,16,877.2
p2_W_E.206,4051.0,116.15,24.0,5,381.61
p2_W_E.207,4054.0,126.55,24.0,4,397.39
p2_W_E.208,4057.0,119.43,24.0,4,389.05
p2_E_W.291,3745.0,438.4,236.0,21,880.24
p2_W_E.209,4065.0,119.04,21.0,4,397.28
p2_W_E.210,4068.0,117.67,18.0,3,402.43
p2_E_W.292,3748.0,432.02,240.0,22,887.45
p2_W_E.211,4072.0,115.0,19.0,3,401.48
p2_E_W.293,3751.0,434.47,237.0,22,888.4
p2_E_W.294,3754.0,437.53,234.0,21,906.05
p2_E_W.295,3757.0,436.33,235.0,17,910.87
p2_E_W.296,3760.0,434.96,226.0,20,913.56
p2_W_E.212,4076.0,105.2,17.0,3,358.3
p2_E_W.297,3763.0,433.75,231.0,18,908.43
p2_E_W.298,3766.0,426.04,228.0,19,883.27
p2_E_W.299,3769.0,431.59,223.0,21,887.04
p2_E_W.300,3772.0,422.47,220.0,20,857.24
p2_W_E.213,4094.0,111.06,29.0,4,385.99
p2_W_N1.52,4106.0,122.74,30.0,4,363.74
p2_W_E.214,4097.0,103.58,27.0,5,376.06
p2_W_N1.53,4121.0,115.51,24.0,6,333.1
p2_W_E.215,4100.0,120.68,24.0,4,390.8
p2_W_E.216,4103.0,118.71,21.0,4,407.42
p2_W_N1.54,4148.0,101.98,15.0,4,321.7
p2_W_E.217,4109.0,129.96,33.0,6,429.3
p2_E_S1.30,3775.0,465.4,246.0,19,947.04
p2_W_N1.55,4182.0,77.81,6.0,2,281.51
p2_W_E.218,4112.0,119.48,32.0,5,415.48
p2_W_E.219,4115.0,129.9,27.0,5,431.55
p2_W_E.220,4118.0,120.42,25.0,4,413.07
p2_W_E.221,4124.0,127.59,24.0,4,415.21
p2_W_E.222,4127.0,112.46,22.0,3,366.92
p2_W_E.223,4130.0,127.72,19.0,3,385.47
p2_E_W.301,3796.0,463.84,248.0,17,924.25
p2_W_E.224,4133.0,116.3,20.0,4,373.4
p2_W_E.225,4136.0,125.43,14.0,3,398.58
p2_E_W.302,3816.0,442.99,236.0,18,891.99
p2_W_E.226,4169.0,91.73,6.0,2,367.61
p2_E_W.303,3819.0,445.34,232.0,18,899.04
p2_W_E.227,4172.0,92.82,5.0,2,378.61
p2_E_W.304,3822.0,444.0,225.0,16,887.14
p2_E_W.305,3825.0,442.78,226.0,17,905.06
p2_E_W.306,3828.0,441.58,240.0,17,925.93
p2_W_E.228,4176.0,78.43,5.0,2,326.12
p2_E_W.307,3831.0,435.6,235.0,17,895.37
p2_W_E.229,4179.0,84.97,7.0,2,347.67
p2_E_W.308,3834.0,438.13,233.0,18,906.76
p2_E_W.309,3837.0,439.51,230.0,20,901.44
p2_E_W.310,3842.0,436.12,226.0,20,901.06
p2_W_N1.56,4197.0,108.95,22.0,3,325.94
p2_W_E.230,4185.0,94.0,17.0,3,350.98
p2_W_E.231,4188.0,101.44,14.0,4,381.74
p2_W_E.232,4191.0,100.28,14.0,4,380.47
p2_W_N1.57,4212.0,104.2,15.0,2,319.63
p2_W_E.233,4194.0,87.49,12.0,3,342.72
p2_W_N1.58,4230.0,96.73,13.0,2,303.97
p2_W_E.234,4200.0,114.47,22.0,5,393.42
p2_W_E.235,4203.0,113.42,19.0,2,387.95
p2_W_N1.59,4252.0,85.56,8.0,3,289.26
p2_E_S1.31,3871.0,446.98,241.0,17,940.34
p2_W_E.236,4206.0,112.36,16.0,2,376.32
p2_W_E.237,4209.0,111.43,16.0,3,386.76
p2_W_E.238,4217.0,102.65,15.0,3,357.21
p2_W_E.239,4220.0,104.15,13.0,2,363.48
p2_W_E.240,4223.0,98.87,13.0,2,337.76
p2_W_E.241,4226.0,103.53,12.0,2,355.73
p2_W_E.242,4237.0,90.19,13.0,2,355.06
p2_E_W.311,3893.0,434.84,234.0,16,901.38
p2_W_E.243,4243.0,96.45,10.0,2,350.82
p2_E_W.312,3896.0,444.29,237.0,19,913.02
p2_E_W.313,3899.0,440.7,228.0,17,897.34
p2_E_W.314,3902.0,441.74,225.0,19,902.63
p2_W_E.244,4246.0,80.92,9.0,2,336.58
p2_E_W.315,3905.0,421.84,224.0,19,891.44
p2_W_E.245,4249.0,100.49,8.0,2,346.58
p2_E_W.316,3908.0,444.76,234.0,19,900.26
p2_E_W.317,3911.0,436.64,229.0,17,899.92
p2_E_W.318,3914.0,440.09,225.0,16,926.48
p2_E_S1.32,3923.0,430.17,218.0,15,895.28
p2_E_W.319,3917.0,437.46,226.0,16,907.21
p2_W_E.246,4255.0,102.77,19.0,4,369.82
p2_E_W.320,3920.0,439.78,216.0,16,910.22
p2_W_E.247,4258.0,102.06,20.0,3,349.09
p2_E_W.321,3945.0,416.48,200.0,16,884.62
p2_W_E.248,4261.0,100.94,16.0,3,352.52
p2_E_W.322,3968.0,395.3,191.0,15,838.34
p2_W_E.249,4264.0,99.9,14.0,3,355.67
p2_E_W.323,3971.0,392.63,189.0,14,831.74
p2_E_W.324,3974.0,392.66,188.0,13,818.12
p2_E_W.325,3977.0,390.42,190.0,14,820.91
p2_E_W.326,3980.0,386.83,189.0,15,812.46
p2_E_W.327,3983.0,389.01,196.0,17,831.13
p2_E_W.328,3986.0,386.01,188.0,14,833.78
p2_E_W.329,3989.0,386.72,178.0,18,843.1
p2_E_S1.33,3995.0,379.64,175.0,17,803.73
p2_E_W.330,3992.0,376.37,175.0,16,805.7
p2_E_W.331,4021.0,351.21,162.0,18,750.53
p2_E_W.332,4027.0,353.49,155.0,15,762.45
p2_E_W.333,4034.0,346.79,155.0,16,768.82
p2_E_W.334,4044.0,342.48,153.0,14,771.42
p2_E_W.335,4048.0,340.24,154.0,16,765.93
p2_E_W.336,4051.0,338.87,166.0,14,767.69
p2_E_W.337,4054.0,333.09,170.0,14,735.28
p2_E_W.338,4057.0,336.48,160.0,12,746.49
p2_E_W.339,4060.0,327.6,159.0,12,715.43
p2_E_W.340,4063.0,348.32,166.0,14,763.65
p2_E_W.341,4069.0,345.83,149.0,15,716.18
p2_E_S1.34,4066.0,340.83,161.0,15,738.36
p2_E_W.342,4099.0,310.54,138.0,14,671.32
p2_E_W.343,4105.0,307.48,135.0,12,666.5
p2_E_W.344,4120.0,305.48,133.0,12,673.73
p2_E_W.345,4124.0,288.34,137.0,13,661.53
p2_E_W.346,4127.0,298.53,146.0,13,673.39
p2_E_W.347,4130.0,301.98,141.0,12,679.79
p2_E_W.348,4133.0,301.39,141.0,15,675.5
p2_E_W.349,4136.0,297.34,136.0,13,681.15
p2_E_W.350,4139.0,296.82,132.0,13,665.68
p2_E_W.351,4145.0,294.56,125.0,11,669.18
p2_E_W.352,4177.0,264.4,108.0,10,608.59
p2_E_W.353,4196.0,244.6,104.0,8,590.03
p2_E_S1.35,4142.0,282.49,128.0,11,640.69
p2_E_W.354,4200.0,244.29,102.0,8,599.53
p2_E_W.355,4203.0,238.9,101.0,7,580.95
p2_E_W.356,4206.0,237.43,102.0,10,580.51
p2_E_W.357,4209.0,241.86,91.0,7,593.89
p2_E_W.358,4212.0,240.57,90.0,8,611.25
p2_E_W.359,4215.0,237.22,91.0,10,594.15
p2_E_W.360,4218.0,238.01,88.0,8,581.22
p2_E_S1.36,4221.0,232.06,88.0,9,580.83
p2_E_W.361,4225.0,232.76,85.0,9,573.73
p2_E_W.362,4251.0,200.53,77.0,8,514.29
p2_E_W.363,4272.0,197.17,68.0,5,495.82
p2_E_W.364,4275.0,188.03,65.0,6,512.02
p2_E_W.365,4278.0,194.71,66.0,6,522.84
p2_E_W.366,4281.0,193.52,65.0,6,526.7
p2_E_W.367,4284.0,195.36,76.0,8,528.05
p2_E_W.368,4287.0,205.53,72.0,8,561.01
p2_E_W.369,4290.0,204.93,71.0,6,560.67
p2_E_S1.37,4296.0,199.43,67.0,7,525.98
p2_E_W.370,4293.0,203.67,69.0,8,551.95
p2_E_W.371,4300.0,191.3,67.0,7,507.94
p2_E_W.372,4329.0,169.16,50.0,6,466.4
p2_E_W.373,4338.0,159.52,55.0,8,461.99
p2_E_W.374,4348.0,136.75,49.0,6,419.51
p2_E_W.375,4352.0,161.29,49.0,6,460.83
p2_E_W.376,4355.0,164.58,49.0,5,458.9
p2_E_S1.38,4370.0,147.38,47.0,7,427.9
p2_E_W.377,4358.0,163.33,47.0,5,457.96
p2_E_W.378,4361.0,161.91,49.0,5,461.2
p2_E_W.379,4364.0,158.06,47.0,5,462.15
p2_E_W.380,4367.0,153.43,46.0,7,456.82
p2_E_W.381,4374.0,154.28,41.0,6,444.93
p2_E_W.382,4405.0,124.94,27.0,7,401.5
p2_E_W.383,4423.0,108.62,23.0,4,395.32
p2_E_W.384,4426.0,83.85,20.0,4,345.12
p2_E_W.385,4430.0,109.5,18.0,3,359.96
p2_E_W.386,4433.0,108.09,19.0,4,373.44
p2_E_W.387,4436.0,106.87,17.0,4,394.58
p2_E_S1.39,4448.0,92.44,17.0,6,363.3
p2_E_W.388,4439.0,86.61,17.0,4,374.84
p2_E_W.389,4442.0,104.93,18.0,5,378.63
p2_E_W.390,4445.0,97.91,16.0,5,386.75
p2_E_W.391,4451.0,99.47,14.0,5,376.95
p2_E_W.392,4478.0,74.3,4.0,3,330.77
p2_E_W.393,4499.0,62.27,11.0,1,315.39
p2_E_W.394,4502.0,44.52,10.0,1,287.25
p2_E_W.395,4505.0,74.11,10.0,1,307.32
p2_E_W.396,4508.0,68.92,8.0,1,312.58
p2_E_W.397,4511.0,60.27,8.0,1,307.45
p2_E_W.398,4514.0,55.59,7.0,1,313.48
p2_E_W.399,4517.0,59.76,7.0,1,322.69
p2_E_S1.40,4523.0,46.48,11.0,1,303.51
p2_E_W.400,4520.0,67.97,15.0,2,346.05
p2_E_W.401,4526.0,63.72,10.0,1,334.01
p2_E_W.402,4528.0,63.46,9.0,1,339.02
p2_E_W.403,4532.0,61.1,9.0,1,339.19
p2_E_W.404,4535.0,57.88,8.0,1,344.64
p2_E_W.405,4538.0,56.91,7.0,1,336.35
p2_E_W.406,4541.0,57.37,7.0,1,337.48
p2_E_W.407,4544.0,56.0,8.0,1,352.28
p2_E_W.408,4547.0,54.8,6.0,1,347.63
p2_E_S1.41,4556.0,45.55,5.0,1,304.89
p2_E_W.409,4550.0,53.46,5.0,1,346.62
p2_E_W.410,4553.0,52.33,5.0,1,334.16
p2_E_W.411,4559.0,44.52,6.0,1,312.4
p2_E_W.412,4562.0,35.58,5.0,1,264.26
p2_E_W.413,4565.0,38.08,7.0,1,286.94
p2_E_W.414,4568.0,39.62,5.0,2,301.31
p2_E_W.415,4571.0,39.07,5.0,1,306.07
p2_E_W.416,4574.0,44.55,3.0,1,305.86
p2_E_W.417,4577.0,38.28,3.0,1,302.1
p2_E_W.418,4580.0,39.13,3.0,1,296.05
p2_E_W.419,4583.0,40.77,3.0,1,302.89
p2_E_W.420,4586.0,35.26,3.0,1,298.12
p2_E_S1.42,4589.0,49.81,12.0,1,312.35
p2_E_W.421,4592.0,49.29,12.0,1,318.26
p2_E_W.422,4595.0,43.28,11.0,1,304.69
p2_E_W.423,4598.0,49.02,9.0,1,319.9
p2_E_W.424,4601.0,39.36,9.0,1,283.74
p2_E_W.425,4604.0,47.95,9.0,1,301.81
p2_E_W.426,4607.0,42.17,8.0,1,302.3
p2_E_W.427,4610.0,45.51,14.0,2,324.24
p2_E_W.428,4613.0,34.9,13.0,1,267.77
p2_E_W.429,4616.0,44.29,12.0,1,285.57
p2_E_W.430,4619.0,42.92,11.0,1,274.15
p2_E_W.431,4625.0,38.78,10.0,1,301.02
p2_E_S1.43,4622.0,35.05,10.0,1,286.02
p2_E_W.432,4628.0,37.59,9.0,1,301.23
p2_E_W.433,4631.0,36.37,8.0,1,295.11
p2_E_W.434,4634.0,35.06,6.0,1,294.28
p2_E_W.435,4637.0,33.79,6.0,1,293.86
p2_E_W.436,4640.0,32.53,6.0,1,287.19
p2_E_W.437,4644.0,30.29,3.0,1,283.56
p2_E_W.438,4647.0,29.04,0.0,0,272.81
p2_E_W.439,4650.0,27.82,0.0,0,262.35
p2_E_S1.44,4656.0,25.62,0.0,0,256.2
p2_E_W.440,4653.0,16.9,0.0,0,240.86
p2_E_W.441,4659.0,22.57,0.0,0,262.0
p2_E_W.442,4662.0,28.52,0.0,0,273.06
p2_E_W.443,4665.0,27.33,0.0,0,264.16
p2_E_W.444,4668.0,19.88,0.0,0,252.45
p2_E_W.445,4671.0,24.81,0.0,0,270.63
p2_E_W.446,4674.0,23.57,0.0,0,271.71
p2_E_W.447,4677.0,12.34,0.0,0,228.55
p2_E_W.448,4680.0,31.47,12.0,1,275.82
p2_E_W.449,4683.0,31.1,11.0,1,266.1
p2_E_W.450,4686.0,33.66,10.0,1,276.75
p2_E_S1.45,4689.0,32.64,9.0,1,266.64
p2_E_W.451,4692.0,32.26,8.0,1,273.07
p2_E_W.452,4695.0,30.87,10.0,1,278.19
p2_E_W.453,4698.0,29.6,9.0,1,278.64
p2_E_W.454,4701.0,29.02,6.0,1,266.42
p2_E_W.455,4704.0,27.85,6.0,1,256.54
p2_E_W.456,4707.0,26.73,4.0,1,253.15
p2_E_W.457,4710.0,24.83,2.0,1,256.54
p2_E_W.458,4713.0,18.94,0.0,0,230.52
p2_E_W.459,4716.0,19.96,0.0,0,240.28
p2_E_W.460,4719.0,25.64,0.0,0,261.81
p2_E_S1.46,4722.0,21.9,0.0,0,262.53
p2_E_W.461,4725.0,21.27,0.0,0,257.11
p2_E_W.462,4729.0,19.02,0.0,0,254.17
p2_E_W.463,4732.0,16.28,0.0,0,231.34
p2_E_W.464,4735.0,16.39,0.0,0,230.73
p2_E_W.465,4738.0,15.04,0.0,0,234.73
p2_E_W.466,4740.0,8.0,0.0,0,200.93
p2_E_W.467,4744.0,9.82,0.0,0,212.18
p2_E_W.468,4747.0,15.69,0.0,0,224.39
p2_E_W.469,4750.0,14.47,0.0,0,217.17
p2_E_W.470,4753.0,10.49,0.0,0,213.12
p2_E_W.471,4759.0,30.8,11.0,1,256.09
p2_E_W.472,4762.0,34.1,11.0,1,273.63
p2_E_S1.47,4756.0,25.18,12.0,1,244.02
p2_E_W.473,4765.0,25.65,10.0,1,238.09
p2_E_W.474,4768.0,33.9,11.0,1,279.22
p2_E_W.475,4771.0,32.65,11.0,1,280.33
p2_E_W.476,4774.0,31.44,9.0,1,284.27
p2_E_W.477,4777.0,30.32,8.0,1,270.58
p2_E_W.478,4780.0,26.17,7.0,1,260.96
p2_E_W.479,4783.0,27.73,5.0,1,279.13
p2_E_W.480,4786.0,26.52,5.0,1,284.01
p2_E_S1.48,4789.0,18.53,2.0,1,251.95
p2_E_W.481,4792.0,13.6,0.0,0,219.23
p2_E_W.482,4795.0,21.95,0.0,0,255.34
p2_E_W.483,4799.0,23.18,0.0,0,267.41
p2_E_W.484,4802.0,23.61,0.0,0,280.98
p2_E_W.485,4805.0,22.29,0.0,0,276.84
p2_E_W.486,4808.0,8.67,0.0,0,191.98
p2_E_W.487,4811.0,23.11,0.0,0,225.17
p2_E_W.488,4814.0,23.2,0.0,0,248.47
p2_E_W.489,4818.0,19.28,0.0,0,265.79
p2_E_W.490,4821.0,16.83,0.0,0,256.88
p2_E_S1.49,4824.0,10.6,0.0,0,221.47
p2_E_W.491,4827.0,15.41,0.0,0,254.95
p2_E_W.492,4830.0,10.1,0.0,0,218.95
p2_E_W.493,4833.0,10.22,0.0,0,208.87
p2_E_W.494,4836.0,24.9,13.0,1,239.7
p2_E_W.495,4839.0,25.39,14.0,1,243.13
p2_E_W.496,4842.0,39.75,13.0,1,270.91
p2_E_W.497,4845.0,38.54,12.0,1,281.66
p2_E_W.498,4848.0,34.25,12.0,1,294.67
p2_E_S1.50,4857.0,28.71,8.0,1,260.41
p2_E_W.499,4851.0,25.74,10.0,1,268.92
p2_E_W.500,4854.0,32.93,9.0,1,273.99
p2_E_W.501,4860.0,30.38,8.0,1,290.6
p2_E_W.502,4863.0,29.06,5.0,1,281.24
p2_E_W.503,4866.0,27.76,6.0,1,288.37
p2_E_W.504,4869.0,15.13,1.0,1,222.77
p2_E_W.505,4872.0,24.91,0.0,0,247.24
p2_E_W.506,4875.0,29.31,0.0,0,267.22
p2_E_W.507,4878.0,13.9,0.0,0,227.32
p2_E_W.508,4881.0,27.09,0.0,0,255.52
p2_E_W.509,4884.0,25.95,0.0,0,247.46
p2_E_S1.51,4890.0,19.09,0.0,0,265.78
p2_E_W.510,4887.0,24.69,0.0,0,268.9
p2_E_W.511,4893.0,20.58,0.0,0,281.61
p2_E_W.512,4896.0,19.29,0.0,0,285.3
p2_E_W.513,4899.0,18.07,0.0,0,254.02
p2_E_W.514,4902.0,16.87,0.0,0,255.99
p2_E_W.515,4905.0,15.63,0.0,0,239.85
p2_E_W.516,4908.0,14.5,0.0,0,244.69
p2_E_W.517,4911.0,11.04,0.0,0,235.37
p2_E_W.518,4914.0,24.1,11.0,1,236.91
p2_E_W.519,4917.0,26.05,14.0,1,242.71
p2_E_W.520,4920.0,34.57,11.0,1,276.99
p2_E_W.521,4926.0,27.5,9.0,1,244.87
p2_E_S1.52,4923.0,23.87,10.0,1,248.43
p2_E_W.522,4929.0,30.42,8.0,1,265.3
p2_E_W.523,4932.0,28.9,8.0,1,259.37
p2_E_W.524,4935.0,28.89,6.0,1,281.58
p2_E_W.525,4938.0,20.73,4.0,1,238.17
p2_E_W.526,4941.0,26.29,3.0,1,259.8
p2_E_W.527,4944.0,26.8,1.0,1,255.38
p2_E_W.528,4947.0,25.48,2.0,1,260.56
p2_E_W.529,4950.0,21.35,0.0,0,271.49
p2_E_W.530,4953.0,10.02,0.0,0,202.91
p2_E_S1.53,4957.0,17.01,0.0,0,242.19
p2_E_W.531,4960.0,23.0,0.0,0,239.91
p2_E_W.532,4963.0,22.02,0.0,0,246.16
p2_E_W.533,4966.0,25.16,0.0,0,238.8
p2_E_W.534,4969.0,23.85,0.0,0,255.57
p2_E_W.535,4972.0,22.58,0.0,0,254.47
p2_E_W.536,4975.0,21.27,0.0,0,269.66
p2_E_W.537,4978.0,17.47,0.0,0,241.5
p2_E_W.538,4981.0,18.85,0.0,0,239.31
p2_E_W.539,4984.0,17.71,0.0,0,244.4
p2_E_W.540,4987.0,16.38,0.0,0,237.4
p2_E_S1.54,4990.0,24.6,11.0,1,245.92
p2_E_W.541,4993.0,25.75,11.0,1,249.95
p2_E_W.542,4996.0,25.37,12.0,1,238.08
p2_E_W.543,4999.0,26.93,11.0,1,251.71
p2_E_W.544,5002.0,22.13,9.0,1,246.9
p2_E_W.545,5005.0,25.32,7.0,1,272.36
p2_E_W.546,5008.0,23.98,6.0,1,262.91
p2_E_W.547,5011.0,22.15,5.0,1,251.18
p2_E_W.548,5014.0,21.54,3.0,1,269.52
p2_E_W.549,5017.0,20.3,3.0,1,258.36
p2_E_W.550,5020.0,15.81,1.0,1,229.34
p2_E_S1.55,5023.0,17.35,0.0,0,247.77
p2_E_W.551,5026.0,12.35,0.0,0,223.42
p2_E_W.552,5029.0,9.43,0.0,0,209.96
p2_E_W.553,5032.0,12.2,0.0,0,220.79
p2_E_W.554,5035.0,8.81,0.0,0,201.59
p2_E_W.555,5038.0,16.62,0.0,0,231.36
p2_E_W.556,5041.0,7.92,0.0,0,198.24
p2_E_W.557,5044.0,23.71,0.0,0,229.76
p2_E_W.558,5047.0,22.45,0.0,0,239.59
p2_E_W.559,5050.0,21.24,0.0,0,255.74
p2_E_W.560,5053.0,16.32,0.0,0,239.41
p2_E_S1.56,5056.0,8.99,0.0,0,216.58
p2_E_W.561,5058.0,36.9,12.0,1,261.06
p2_E_W.562,5061.0,35.99,11.0,1,264.31
p2_E_W.563,5064.0,33.96,11.0,1,270.9
p2_E_W.564,5067.0,29.78,9.0,1,257.07
p2_E_W.565,5070.0,35.0,13.0,1,290.02
p2_E_W.566,5073.0,28.23,12.0,1,257.26
p2_E_W.567,5076.0,32.58,10.0,1,290.81
p2_E_W.568,5079.0,19.42,7.0,1,226.65
p2_E_W.569,5082.0,35.12,5.0,1,256.37
p2_E_S1.57,5088.0,27.78,3.0,1,257.32
p2_E_W.570,5085.0,33.84,4.0,2,254.79
p2_E_W.571,5091.0,29.55,1.0,1,258.62
p2_E_W.572,5094.0,27.63,2.0,1,259.93
p2_E_W.573,5097.0,27.09,1.0,1,264.98
p2_E_W.574,5100.0,25.83,0.0,0,266.18
p2_E_W.575,5103.0,16.29,0.0,0,244.63
p2_E_W.576,5106.0,24.14,0.0,0,262.61
p2_E_W.577,5109.0,22.85,1.0,1,276.93
p2_E_W.578,5112.0,21.53,0.0,0,273.75
p2_E_W.579,5115.0,20.14,0.0,0,269.39
p2_E_W.580,5118.0,8.65,0.0,0,209.89
p2_E_S1.58,5121.0,17.06,0.0,0,238.47
p2_E_W.581,5124.0,9.72,0.0,0,225.64
p2_E_W.582,5127.0,19.14,0.0,0,223.31
p2_E_W.583,5130.0,15.54,0.0,0,245.13
p2_E_W.584,5133.0,16.65,0.0,0,253.4
p2_E_W.585,5136.0,15.36,0.0,0,252.15
p2_E_W.586,5139.0,11.02,0.0,0,218.51
p2_E_W.587,5142.0,10.12,0.0,0,221.01
p2_E_W.588,5145.0,11.54,0.0,0,239.96
p2_E_W.589,5148.0,23.31,11.0,1,232.61
p2_E_W.590,5151.0,22.8,10.0,1,241.69
p2_E_W.591,5157.0,23.14,5.0,1,254.07
p2_E_S1.59,5154.0,21.7,6.0,1,245.09
p2_E_W.592,5160.0,15.84,2.0,1,223.96
p2_E_W.593,5163.0,27.1,1.0,1,245.47
p2_E_W.594,5166.0,25.82,0.0,0,255.13
p2_E_W.595,5169.0,24.49,0.0,0,262.39
p2_E_W.596,5172.0,9.76,0.0,0,210.34
p2_E_W.597,5175.0,20.49,0.0,0,228.09
p2_E_W.598,5178.0,22.82,0.0,0,247.78
p2_E_W.599,5181.0,21.66,0.0,0,254.47
