id,depart,timeloss,espera,paradas,co2
p1_S3_E3.0,3.0,7.01,0.0,0,159.45
p1_E1_N3.0,3.0,25.92,11.0,1,205.43
p1_S3_N3.0,0.0,7.18,0.0,0,238.18
p1_W3_E3.0,0.0,8.03,0.0,0,248.48
p1_W2_S2.0,3.0,10.83,0.0,0,262.17
p1_W3_E3.1,6.0,7.81,0.0,0,242.33
p1_W_E.0,0.0,8.24,0.0,0,236.44
p1_S2_E2.0,3.0,15.45,1.0,1,272.01
p1_N2_S2.0,0.0,19.24,6.0,1,275.41
p1_W3_S3.0,3.0,10.61,0.0,0,263.41
p1_S2_N2.0,0.0,20.49,7.0,1,294.31
p1_E2_N2.0,3.0,19.11,5.0,1,292.11
p1_N2_W2.0,3.0,19.25,4.0,1,285.83
p1_N3_S3.0,0.0,22.79,9.0,1,284.61
p1_S3_E3.1,63.0,6.78,0.0,0,161.05
p1_E1_N3.1,61.0,8.22,0.0,0,162.84
p1_E1_W1.1,15.0,15.39,0.0,0,291.58
p1_W1_S1.0,3.0,28.94,11.0,1,305.41
p1_W1_E1.1,6.0,26.2,14.0,1,294.43
p1_W1_E1.2,12.0,22.57,9.0,1,274.4
p1_W1_E1.3,18.0,17.96,1.0,1,278.68
p1_N1_W3.0,3.0,34.74,19.0,1,307.39
p1_W1_E1.0,0.0,24.36,10.0,1,287.46
p1_S1_N1.0,0.0,27.6,9.0,2,288.85
p1_N1_S1.1,20.0,17.88,4.0,1,270.6
p1_N1_S1.0,0.0,34.83,20.0,1,306.64
p1_E_W.2,29.0,14.95,3.0,1,269.83
p1_E_W.0,0.0,21.04,7.0,1,277.8
p1_E_W.1,15.0,30.8,16.0,1,297.34
p1_W3_E3.3,18.0,29.24,12.0,2,306.19
p1_W_E.1,6.0,29.38,11.0,2,301.01
p1_W_E.2,12.0,22.97,4.0,1,282.97
p1_W3_E3.4,24.0,24.99,7.0,1,307.05
p1_E3_W3.0,0.0,45.63,28.0,2,330.61
p1_W_E.3,18.0,28.2,12.0,1,292.2
p1_W_E.4,24.0,23.43,6.0,1,298.39
p1_E_W.3,44.0,7.58,0.0,0,240.36
p1_W3_E3.2,12.0,31.84,11.0,2,314.33
p1_E3_W3.1,15.0,29.16,14.0,1,293.08
p1_W_E.5,30.0,21.87,2.0,1,299.01
p1_W_E.6,36.0,15.75,0.0,0,286.44
p1_N3_W1.0,3.0,38.07,18.0,2,326.21
p1_E3_W3.2,29.0,24.46,4.0,1,300.47
p1_W_E.7,42.0,8.63,0.0,0,247.48
p1_E3_W3.3,44.0,8.92,0.0,0,256.12
p1_E1_W1.0,0.0,35.11,16.0,2,314.16
p1_S3_N3.1,20.0,31.0,12.0,2,313.77
p1_W3_E3.8,48.0,8.85,0.0,0,239.15
p1_W1_E1.5,30.0,28.56,10.0,2,309.55
p1_S2_N2.2,40.0,17.76,5.0,1,293.09
p1_W1_E1.7,42.0,16.38,3.0,1,285.3
p1_W3_E3.5,30.0,9.84,0.0,0,259.96
p1_N2_S2.1,20.0,40.45,20.0,2,328.9
p1_W1_E1.6,36.0,24.83,3.0,2,304.87
p1_W3_E3.9,54.0,7.86,0.0,0,247.38
p1_W1_E1.9,54.0,8.72,0.0,0,243.44
p1_E1_W1.3,44.0,20.22,7.0,1,275.54
p1_W1_E1.8,48.0,16.28,0.0,0,274.63
p1_E1_W1.2,29.0,36.07,22.0,1,306.26
p1_W3_E3.6,36.0,10.33,0.0,0,252.86
p1_E1_W1.4,58.0,8.31,0.0,0,247.13
p1_W1_E1.10,60.0,8.05,0.0,0,250.54
p1_W1_E1.4,24.0,27.51,9.0,2,296.41
p1_E_W.4,58.0,15.48,1.0,1,280.3
p1_W_E.10,60.0,13.75,0.0,0,283.94
p1_W_E.9,54.0,20.89,3.0,1,302.58
p1_W1_E1.11,66.0,8.38,0.0,0,241.57
p1_N3_S3.2,40.0,38.56,20.0,2,324.22
p1_W_E.8,48.0,21.06,5.0,1,281.43
p1_W3_E3.7,42.0,10.32,0.0,0,255.47
p1_W_E.11,66.0,8.52,0.0,0,240.65
p1_W_E.12,72.0,8.0,0.0,0,231.77
p1_N3_S3.1,20.0,51.13,25.0,3,347.84
p1_S3_N3.3,60.0,25.12,12.0,1,286.06
p1_W_E.13,78.0,8.03,0.0,0,235.19
p1_S1_N1.3,60.0,27.3,4.0,1,320.08
p1_W1_S1.1,63.0,24.85,4.0,2,311.75
p1_N3_S3.3,60.0,28.32,14.0,1,292.05
p1_N3_S3.4,80.0,7.94,0.0,0,250.08
p1_S3_E3.2,123.0,8.37,0.0,0,169.91
p1_N1_W3.1,63.0,26.79,4.0,1,301.33
p1_S1_N1.4,80.0,9.44,0.0,0,251.63
p1_S1_N1.2,40.0,35.39,20.0,1,313.77
p1_N1_S1.3,60.0,21.16,7.0,1,279.66
p1_E_W.5,72.0,18.35,6.0,1,278.18
p1_N1_S1.4,80.0,10.31,0.0,0,249.11
p1_E3_N1.0,3.0,45.36,16.0,3,465.45
p1_S1_N1.1,20.0,61.06,40.0,1,364.66
p1_N2_S2.3,60.0,33.07,20.0,1,292.44
p1_W_E.14,84.0,8.33,0.0,0,241.85
p1_S3_N3.2,40.0,37.59,18.0,2,321.02
p1_E_W.6,87.0,7.55,0.0,0,234.31
p1_W3_E3.10,60.0,34.97,19.0,1,322.9
p1_W2_S2.1,63.0,27.9,12.0,1,303.85
p1_E1_N3.2,120.0,18.84,9.0,1,188.63
p1_N1_S1.2,40.0,39.74,24.0,1,310.03
p1_W3_S3.1,63.0,33.62,18.0,1,302.42
p1_W3_E3.15,90.0,8.96,0.0,0,256.36
p1_W1_E1.12,72.0,28.57,10.0,1,311.58
p1_E3_W3.5,72.0,28.16,6.0,1,318.56
p1_W1_E1.13,78.0,16.77,3.0,1,287.04
p1_S1_E1.0,3.0,53.41,23.0,3,471.45
p1_N3_W1.1,63.0,35.07,15.0,2,315.2
p1_W3_E3.14,84.0,17.15,1.0,1,285.16
p1_E3_W3.4,58.0,44.13,18.0,3,363.86
p1_E3_W3.6,87.0,15.02,0.0,0,286.87
p1_W1_E1.16,96.0,7.17,0.0,0,251.19
p1_W3_E3.11,66.0,26.61,11.0,1,294.39
p1_W3_E3.16,96.0,7.91,0.0,0,250.46
p1_W3_E3.13,78.0,18.98,3.0,1,290.64
p1_E3_W3.7,101.0,7.49,0.0,0,236.94
p1_E2_N2.1,61.0,48.31,27.0,1,342.17
p1_E1_W1.6,87.0,17.78,4.0,1,274.23
p1_W1_E1.17,102.0,8.03,0.0,0,252.21
p1_N2_S2.2,40.0,61.9,44.0,2,358.82
p1_W1_E1.15,90.0,10.15,0.0,0,255.33
p1_W3_E3.12,72.0,21.5,6.0,1,277.41
p1_S2_N2.4,80.0,31.73,5.0,1,331.39
p1_W3_E3.17,102.0,8.84,0.0,0,244.89
p1_S2_N2.3,60.0,53.27,26.0,2,355.5
p1_N2_S2.4,80.0,21.61,7.0,1,281.09
p1_N2_S2.5,100.0,13.13,0.0,0,261.21
p1_W1_E1.14,84.0,8.97,0.0,0,238.44
p1_S2_E2.1,63.0,53.94,23.0,4,373.85
p1_W1_E1.18,108.0,7.59,0.0,0,244.21
p1_E1_W1.7,101.0,8.42,0.0,0,240.54
p1_S2_N2.1,20.0,61.78,41.0,2,365.79
p1_W1_E1.19,114.0,8.06,0.0,0,242.07
p1_E1_W1.8,116.0,7.56,0.0,0,240.24
p1_W_E.15,90.0,29.79,17.0,1,295.73
p1_E_W.7,101.0,19.8,5.0,1,279.52
p1_W_E.16,96.0,23.54,10.0,1,275.31
p1_W_E.17,102.0,24.02,6.0,1,310.9
p1_W_E.19,114.0,13.56,0.0,0,281.87
p1_N2_W2.1,63.0,46.1,26.0,2,348.98
p1_E1_W1.5,72.0,28.05,14.0,1,279.03
p1_S3_N3.4,80.0,48.96,30.0,1,344.81
p1_S3_N3.5,100.0,22.69,8.0,1,285.28
p1_W_E.18,108.0,13.2,0.0,0,272.31
p1_N3_S3.5,100.0,28.35,14.0,1,280.18
p1_N1_S1.6,120.0,12.44,0.0,0,270.44
p1_S1_N1.6,120.0,11.71,0.0,0,260.26
p1_W_E.21,126.0,7.73,0.0,0,237.75
p1_N3_S3.6,120.0,7.83,0.0,0,241.9
p1_S3_N3.6,120.0,8.28,0.0,0,240.86
p1_N1_W3.2,123.0,13.16,0.0,0,275.82
p1_N1_S1.5,100.0,33.0,17.0,1,303.73
p1_W3_E3.18,108.0,32.24,18.0,1,304.42
p1_W_E.20,120.0,8.56,0.0,0,238.47
p1_E_W.9,130.0,8.02,0.0,0,248.43
p1_W3_E3.19,114.0,27.03,11.0,1,301.58
p1_W_E.22,132.0,8.91,0.0,0,240.05
p1_S1_N1.5,100.0,29.69,16.0,1,293.42
p1_W1_E1.20,120.0,24.67,10.0,1,283.58
p1_E1_N3.3,180.0,8.58,0.0,0,164.02
p1_S1_E1.1,63.0,36.84,2.0,1,436.09
p1_E3_W3.8,116.0,25.07,11.0,1,283.09
p1_N3_W1.2,122.0,24.15,9.0,1,302.59
p1_E1_W1.9,130.0,9.36,0.0,0,258.38
p1_W1_E1.22,132.0,14.9,1.0,1,267.35
p1_W3_S3.2,123.0,24.24,9.0,1,293.98
p1_W3_E3.22,132.0,15.64,1.0,1,279.36
p1_E_W.8,116.0,9.99,0.0,0,250.08
p1_S2_N2.6,120.0,25.34,5.0,2,307.55
p1_W2_S2.2,123.0,27.34,9.0,1,306.15
p1_E3_W3.9,130.0,11.81,0.0,0,260.64
p1_W1_E1.23,138.0,11.76,0.0,0,258.37
p1_E3_W3.10,144.0,7.86,0.0,0,249.63
p1_E2_N2.2,120.0,24.06,5.0,1,288.06
p1_W1_E1.24,144.0,8.88,0.0,0,238.21
p1_S2_N2.5,100.0,41.71,22.0,1,321.03
p1_W3_E3.21,126.0,25.53,6.0,1,293.79
p1_W3_E3.23,138.0,9.9,0.0,0,248.99
p1_S2_N2.7,140.0,8.79,0.0,0,244.34
p1_W1_E1.25,150.0,7.34,0.0,0,240.6
p1_W1_E1.21,126.0,16.24,4.0,1,275.55
p1_W3_E3.24,144.0,8.26,0.0,0,242.73
p1_W3_E3.25,150.0,9.91,0.0,0,257.99
p1_W3_E3.20,120.0,22.74,8.0,1,294.08
p1_S2_E2.2,123.0,39.96,13.0,2,332.96
p1_N2_S2.7,140.0,15.26,2.0,1,272.88
p1_W_E.23,138.0,27.74,14.0,1,287.11
p1_W_E.25,150.0,17.0,5.0,1,271.72
p1_E1_W1.11,159.0,9.09,0.0,0,248.79
p1_W_E.26,156.0,13.17,0.0,0,262.26
p1_W3_E3.26,156.0,8.23,0.0,0,243.36
p1_E1_W1.10,144.0,9.28,0.0,0,253.76
p1_E_W.10,144.0,25.35,7.0,2,300.81
p1_N2_W2.2,123.0,46.28,20.0,3,349.33
p1_N3_S3.7,140.0,35.03,22.0,1,308.56
p1_S3_N3.7,140.0,34.63,21.0,1,307.21
p1_W_E.24,144.0,21.16,7.0,1,284.92
p1_S3_N3.8,160.0,15.92,1.0,1,281.28
p1_W_E.28,168.0,8.26,0.0,0,250.22
p1_E3_N1.1,60.0,73.93,41.0,4,511.71
p1_N3_S3.8,160.0,14.27,0.0,0,269.28
p1_S3_E3.3,183.0,37.47,23.0,1,210.51
p1_W1_S1.2,123.0,54.97,37.0,2,349.82
p1_N1_S1.8,160.0,19.04,7.0,1,272.11
p1_S1_N1.8,160.0,17.57,5.0,1,273.15
p1_E_W.12,173.0,8.44,0.0,0,240.67
p1_E_W.11,159.0,9.23,0.0,0,237.17
p1_W_E.29,174.0,8.46,0.0,0,252.13
p1_N1_S1.7,140.0,37.11,23.0,1,299.59
p1_W1_E1.27,162.0,24.0,10.0,1,288.15
p1_E1_W1.12,173.0,14.85,2.0,1,271.4
p1_W3_E3.27,162.0,28.18,16.0,1,293.54
p1_W_E.30,180.0,7.95,0.0,0,247.42
p1_W3_E3.29,174.0,17.33,4.0,1,283.79
p1_W3_E3.28,168.0,24.11,10.0,1,284.53
p1_W1_E1.29,174.0,18.3,5.0,1,283.27
p1_W1_E1.26,156.0,23.08,9.0,1,285.81
p1_W1_E1.28,168.0,26.28,11.0,1,284.77
p1_S1_E1.2,123.0,17.3,0.0,0,371.66
p1_W_E.27,162.0,10.39,0.0,0,256.81
p1_W3_S3.3,183.0,12.76,0.0,0,270.69
p1_S2_N2.8,160.0,35.93,21.0,1,319.06
p1_S2_N2.9,180.0,15.8,3.0,1,291.0
p1_W3_E3.30,180.0,12.82,0.0,0,258.23
p1_N2_S2.8,160.0,38.17,22.0,1,324.38
p1_E3_W3.11,159.0,25.41,10.0,1,282.42
p1_E1_W1.13,188.0,8.3,0.0,0,242.84
p1_W1_E1.32,192.0,7.96,0.0,0,244.37
p1_W1_E1.30,180.0,11.81,0.0,0,253.68
p1_W2_S2.3,183.0,18.49,1.0,1,286.27
p1_N2_S2.9,180.0,21.83,1.0,1,297.47
p1_W3_E3.31,186.0,8.4,0.0,0,250.25
p1_E1_N3.4,240.0,7.19,0.0,0,166.55
p1_W3_E3.32,192.0,8.59,0.0,0,245.7
p1_W1_E1.31,186.0,8.36,0.0,0,243.8
p1_N2_S2.6,120.0,72.3,51.0,2,392.14
p1_E3_W3.12,173.0,11.01,0.0,0,247.63
p1_E2_N2.3,180.0,31.73,10.0,2,320.14
p1_W1_E1.33,198.0,8.13,0.0,0,239.06
p1_W3_E3.33,198.0,8.83,0.0,0,235.15
p1_S2_E2.3,183.0,25.93,8.0,1,314.79
p1_E_W.14,202.0,13.99,0.0,0,274.57
p1_W_E.31,186.0,30.65,16.0,1,295.29
p1_W3_E3.34,204.0,7.98,0.0,0,238.04
p1_E_W.13,188.0,29.86,10.0,2,310.88
p1_E3_W3.14,202.0,8.83,0.0,0,247.3
p1_N2_W2.3,183.0,16.82,0.0,0,277.0
p1_W_E.35,210.0,9.95,0.0,0,259.2
p1_S1_N1.9,180.0,40.85,27.0,1,321.13
p1_W_E.33,198.0,18.61,4.0,1,271.91
p1_S3_N3.10,200.0,20.9,8.0,1,292.66
p1_N3_S3.9,180.0,43.0,25.0,2,331.99
p1_S1_N1.10,200.0,22.71,8.0,1,297.53
p1_S3_E3.4,243.0,23.42,11.0,1,201.87
p1_E3_N1.2,120.0,60.19,33.0,2,467.0
p1_N1_S1.10,200.0,23.88,6.0,1,295.61
p1_E3_W3.13,188.0,10.07,0.0,0,245.63
p1_W_E.32,192.0,24.15,10.0,1,280.6
p1_E_W.15,216.0,7.57,0.0,0,238.16
p1_N1_W3.3,183.0,36.78,21.0,1,319.63
p1_S1_N1.7,140.0,63.32,43.0,2,353.53
p1_W1_S1.3,183.0,41.33,21.0,1,337.64
p1_S1_N1.11,220.0,8.45,0.0,0,238.72
p1_N3_S3.10,200.0,18.46,0.0,0,293.33
p1_N1_S1.9,180.0,40.93,23.0,1,323.8
p1_N1_S1.11,220.0,9.7,0.0,0,259.24
p1_W_E.37,222.0,7.98,0.0,0,245.62
p1_S3_N3.9,180.0,38.09,24.0,1,299.79
p1_W_E.34,204.0,12.87,0.0,0,261.83
p1_E1_W1.14,202.0,30.28,18.0,1,292.46
p1_W_E.36,216.0,9.23,0.0,0,238.63
p1_N3_W1.3,183.0,46.71,29.0,2,320.88
p1_W3_E3.36,216.0,22.55,9.0,1,299.54
p1_W3_E3.35,210.0,29.1,15.0,1,303.47
p1_E1_W1.15,216.0,13.05,0.0,0,272.02
p1_E3_W3.16,231.0,7.66,0.0,0,244.7
p1_W3_E3.38,228.0,12.87,0.0,0,271.06
p1_W3_E3.37,222.0,17.92,2.0,1,288.0
p1_S2_N2.10,200.0,42.99,29.0,1,311.03
p1_W3_E3.39,234.0,8.62,0.0,0,253.06
p1_W1_E1.34,204.0,25.37,12.0,1,291.42
p1_W1_E1.35,210.0,19.02,4.0,1,276.83
p1_W1_E1.36,216.0,27.11,5.0,1,291.51
p1_E1_W1.16,231.0,8.55,0.0,0,237.62
p1_W1_E1.37,222.0,25.71,0.0,0,309.44
p1_W1_E1.39,234.0,13.96,0.0,0,265.12
p1_S2_N2.12,240.0,8.08,0.0,0,247.24
p1_W1_E1.38,228.0,21.46,0.0,0,295.92
p1_W3_E3.40,240.0,8.26,0.0,0,235.7
p1_N2_S2.11,220.0,25.54,7.0,2,295.63
p1_S2_N2.11,220.0,24.3,10.0,1,283.8
p1_W3_S3.4,243.0,9.81,0.0,0,258.28
p1_E3_W3.17,245.0,7.81,0.0,0,246.29
p1_E1_W1.17,245.0,8.69,0.0,0,234.98
p1_W3_E3.41,246.0,7.68,0.0,0,240.31
p1_N2_S2.10,200.0,42.16,26.0,2,330.13
p1_W1_E1.40,240.0,8.91,0.0,0,242.52
p1_W1_E1.41,246.0,8.46,0.0,0,242.65
p1_E3_W3.15,216.0,10.76,0.0,0,254.69
p1_W1_E1.42,252.0,8.04,0.0,0,241.98
p1_W3_E3.42,252.0,8.5,0.0,0,232.45
p1_E_W.16,231.0,26.24,13.0,1,288.01
p1_E_W.17,245.0,12.41,0.0,0,267.98
p1_W_E.39,234.0,23.68,9.0,1,288.15
p1_E_W.18,260.0,7.66,0.0,0,245.76
p1_S3_E3.5,303.0,8.8,0.0,0,163.11
p1_N3_S3.12,240.0,28.48,9.0,1,309.51
p1_N1_S1.12,240.0,30.52,13.0,1,330.01
p1_N3_S3.13,260.0,10.36,0.0,0,258.89
p1_S1_N1.12,240.0,31.37,17.0,1,300.75
p1_S3_N3.12,240.0,25.38,10.0,1,280.45
p1_W_E.41,246.0,25.15,1.0,1,319.96
p1_W1_S1.4,243.0,29.2,7.0,2,314.05
p1_E3_N1.3,180.0,43.12,14.0,1,429.91
p1_N3_S3.11,220.0,47.37,27.0,2,323.01
p1_N1_W3.4,243.0,30.25,9.0,2,319.82
p1_N1_S1.13,260.0,12.72,0.0,0,259.16
p1_W_E.38,228.0,27.24,12.0,1,287.51
p1_W_E.42,252.0,16.57,0.0,0,279.55
p1_S1_N1.13,260.0,12.53,0.0,0,259.96
p1_W_E.40,240.0,25.38,5.0,1,309.87
p1_W_E.43,258.0,18.78,0.0,0,282.05
p1_W_E.44,264.0,13.52,0.0,0,267.89
p1_W_E.45,270.0,8.49,0.0,0,250.1
p1_S3_N3.11,220.0,43.52,30.0,1,318.0
p1_E1_W1.18,260.0,22.58,6.0,1,308.32
p1_E_W.19,274.0,7.75,0.0,0,239.82
p1_W1_E1.43,258.0,25.68,7.0,1,322.26
p1_W1_E1.45,270.0,13.91,0.0,0,283.21
p1_N3_W1.4,243.0,40.1,19.0,2,330.19
p1_E3_W3.18,260.0,25.28,13.0,1,299.35
p1_W3_E3.44,264.0,21.3,8.0,1,296.85
p1_E1_N3.5,300.0,28.75,19.0,1,201.43
p1_W1_E1.46,276.0,9.81,0.0,0,253.25
p1_W3_E3.43,258.0,24.8,12.0,1,281.94
p1_E3_W3.19,274.0,12.17,0.0,0,273.23
p1_W3_E3.46,276.0,10.86,0.0,0,271.01
p1_W1_E1.44,264.0,15.88,0.0,0,284.28
p1_W1_E1.47,282.0,8.42,0.0,0,243.71
p1_W3_E3.47,282.0,7.97,0.0,0,246.09
p1_N2_S2.13,260.0,31.88,15.0,1,318.84
p1_S2_N2.13,260.0,32.17,18.0,1,298.48
p1_S2_N2.14,280.0,12.24,0.0,0,268.21
p1_W2_S2.4,243.0,46.24,21.0,2,352.81
p1_W1_E1.48,288.0,8.29,0.0,0,249.84
p1_W3_E3.48,288.0,7.68,0.0,0,242.13
p1_W3_E3.45,270.0,13.19,0.0,0,256.94
p1_N2_S2.14,280.0,8.32,0.0,0,232.37
p1_E1_W1.20,288.0,7.84,0.0,0,243.26
p1_W1_E1.49,294.0,7.88,0.0,0,241.94
p1_E1_W1.19,274.0,9.8,0.0,0,254.41
p1_W_E.48,288.0,20.51,5.0,1,283.5
p1_W1_E1.50,300.0,8.3,0.0,0,239.02
p1_E2_N2.4,240.0,66.69,41.0,4,394.05
p1_N2_S2.12,240.0,41.66,26.0,1,317.74
p1_E_W.20,288.0,22.31,3.0,1,296.47
p1_S2_E2.4,243.0,52.16,32.0,2,341.31
p1_W_E.49,294.0,14.07,0.0,0,262.37
p1_E_W.21,303.0,8.1,0.0,0,242.52
p1_S1_E1.3,183.0,85.63,47.0,5,549.41
p1_W_E.50,300.0,9.05,0.0,0,236.97
p1_W3_E3.49,294.0,8.69,0.0,0,242.7
p1_W_E.51,306.0,8.98,0.0,0,249.47
p1_W_E.47,282.0,33.93,10.0,2,327.82
p1_S1_N1.14,280.0,37.71,23.0,1,315.6
p1_S1_N1.15,300.0,18.28,2.0,1,279.48
p1_N3_S3.15,300.0,18.24,1.0,1,297.86
p1_S3_N3.15,300.0,16.55,0.0,0,286.93
p1_S3_N3.14,280.0,38.96,19.0,1,325.89
p1_E3_W3.20,288.0,10.0,0.0,0,253.99
p1_N3_S3.14,280.0,30.57,15.0,1,295.41
p1_W1_S1.5,303.0,17.63,4.0,1,294.04
p1_W_E.52,312.0,8.27,0.0,0,240.52
p1_N1_S1.14,280.0,42.2,23.0,1,341.8
p1_N1_S1.15,300.0,19.08,2.0,1,299.7
p1_N1_W3.5,303.0,20.93,2.0,1,303.93
p1_S3_N3.13,260.0,46.92,31.0,1,317.98
p1_W_E.46,276.0,22.21,6.0,1,282.84
p1_W_E.53,318.0,8.51,0.0,0,243.48
p1_W_E.54,324.0,7.54,0.0,0,243.98
p1_E3_N1.4,240.0,51.38,19.0,2,480.27
p1_N3_W1.5,303.0,22.3,6.0,1,282.73
p1_E3_W3.21,303.0,31.32,15.0,1,319.52
p1_E_W.22,317.0,8.23,0.0,0,245.24
p1_E3_W3.22,317.0,17.36,0.0,0,297.6
p1_W1_E1.54,324.0,11.29,0.0,0,259.87
p1_W1_E1.53,318.0,18.5,3.0,1,298.59
p1_S2_N2.15,300.0,38.83,23.0,1,323.34
p1_E3_W3.23,332.0,8.39,0.0,0,236.29
p1_E1_W1.21,303.0,38.24,16.0,2,344.52
p1_E1_W1.22,317.0,13.38,0.0,0,260.35
p1_N2_S2.15,300.0,42.62,27.0,1,337.28
p1_E1_N3.6,363.0,14.25,2.0,1,170.76
p1_W3_S3.5,303.0,25.51,9.0,1,303.55
p1_W3_E3.52,312.0,33.2,6.0,1,319.66
p1_W1_E1.55,330.0,9.2,0.0,0,251.98
p1_N2_W2.4,243.0,91.48,62.0,4,411.9
p1_W1_E1.56,336.0,10.54,0.0,0,245.53
p1_W2_S2.5,303.0,31.38,17.0,1,298.66
p1_W1_E1.51,306.0,18.47,4.0,1,264.25
p1_N2_S2.16,320.0,18.58,4.0,1,293.58
p1_W3_E3.54,324.0,19.14,0.0,0,299.61
p1_E2_N2.5,300.0,13.6,0.0,0,274.48
p1_S2_N2.16,320.0,17.27,3.0,1,281.03
p1_W3_E3.50,300.0,26.79,11.0,1,302.53
p1_W1_E1.52,312.0,14.36,1.0,1,266.51
p1_W3_E3.53,318.0,26.43,0.0,0,313.45
p1_W1_E1.57,342.0,8.46,0.0,0,240.41
p1_W3_E3.51,306.0,24.41,7.0,1,293.96
p1_W3_E3.56,336.0,16.11,0.0,0,280.55
p1_E1_W1.23,332.0,9.37,0.0,0,248.81
p1_W3_E3.55,330.0,17.53,0.0,0,270.81
p1_W3_E3.57,342.0,11.84,0.0,0,254.61
p1_E3_W3.24,346.0,8.23,0.0,0,240.5
p1_E_W.23,332.0,23.26,6.0,1,309.61
p1_E_W.24,346.0,7.82,0.0,0,239.18
p1_S2_E2.5,303.0,53.85,29.0,3,362.05
p1_S1_E1.4,243.0,72.6,36.0,5,508.26
p1_W_E.56,336.0,22.36,5.0,1,285.84
p1_W_E.58,348.0,9.75,0.0,0,237.86
p1_W_E.57,342.0,17.47,2.0,1,277.95
p1_N3_S3.16,320.0,39.42,26.0,1,314.62
p1_W_E.59,354.0,8.15,0.0,0,244.38
p1_S3_N3.17,340.0,23.51,12.0,1,273.98
p1_S3_E3.6,363.0,34.06,25.0,1,206.77
p1_N3_S3.18,360.0,7.49,0.0,0,236.94
p1_S1_N1.17,340.0,27.08,14.0,1,287.44
p1_S1_N1.18,360.0,10.15,0.0,0,261.04
p1_N1_S1.17,340.0,20.5,7.0,1,278.91
p1_N3_S3.17,340.0,15.74,2.0,1,269.86
p1_N1_S1.18,360.0,7.92,0.0,0,244.45
p1_W_E.55,330.0,20.58,6.0,1,275.06
p1_S3_N3.18,360.0,8.26,0.0,0,241.95
p1_N3_W1.6,363.0,12.13,0.0,0,281.64
p1_N1_S1.16,320.0,39.35,24.0,1,300.5
p1_E3_N1.5,300.0,33.26,7.0,1,427.97
p1_W3_E3.59,354.0,24.72,12.0,1,291.44
p1_S3_N3.16,320.0,40.17,25.0,1,305.19
p1_W_E.62,372.0,8.34,0.0,0,242.17
p1_E1_W1.24,346.0,36.24,22.0,1,307.33
p1_E1_W1.25,360.0,22.16,7.0,1,275.78
p1_W_E.60,360.0,8.48,0.0,0,247.44
p1_W1_E1.59,354.0,28.12,8.0,2,318.71
p1_W3_S3.6,363.0,20.18,4.0,1,293.66
p1_E3_W3.26,375.0,8.08,0.0,0,237.63
p1_W1_E1.58,348.0,29.98,12.0,1,314.04
p1_E3_W3.25,360.0,15.49,1.0,1,271.8
p1_E2_N2.6,363.0,21.74,0.0,0,291.81
p1_E1_W1.26,375.0,9.5,0.0,0,249.86
p1_W1_E1.61,366.0,18.63,0.0,0,295.18
p1_E1_N3.7,421.0,7.71,0.0,0,162.14
p1_W1_E1.62,372.0,14.39,0.0,0,265.48
p1_W1_E1.60,360.0,15.81,0.0,0,283.09
p1_N2_S2.17,340.0,48.72,32.0,1,341.8
p1_E_W.25,360.0,9.41,0.0,0,241.14
p1_W3_E3.61,366.0,14.1,0.0,0,266.05
p1_W3_E3.63,378.0,13.49,1.0,1,270.52
p1_S2_N2.19,380.0,10.83,0.0,0,261.04
p1_W1_E1.64,384.0,8.69,0.0,0,245.05
p1_N2_S2.18,360.0,22.31,8.0,1,278.68
p1_N2_W2.5,303.0,82.69,56.0,4,405.03
p1_W3_E3.60,360.0,29.43,7.0,1,298.13
p1_E1_W1.27,389.0,8.14,0.0,0,241.72
p1_N2_S2.19,380.0,8.72,0.0,0,245.02
p1_W1_E1.65,390.0,7.81,0.0,0,238.79
p1_W3_E3.62,372.0,18.08,0.0,0,284.37
p1_W3_E3.58,348.0,27.89,14.0,1,294.52
p1_W3_E3.64,384.0,17.2,0.0,0,281.4
p1_E3_W3.27,389.0,8.39,0.0,0,239.66
p1_S2_E2.6,363.0,40.0,21.0,2,347.46
p1_W1_E1.63,378.0,9.58,0.0,0,255.57
p1_W2_S2.6,363.0,40.92,14.0,3,348.52
p1_W_E.64,384.0,20.55,3.0,1,307.47
p1_W_E.65,390.0,14.93,1.0,1,286.76
p1_E_W.27,389.0,17.57,0.0,0,307.33
p1_N2_W2.6,363.0,40.96,21.0,2,339.0
p1_E_W.26,375.0,33.76,13.0,2,337.27
p1_S1_N1.19,380.0,30.05,15.0,1,309.73
p1_W_E.66,396.0,8.27,0.0,0,236.34
p1_W1_S1.6,363.0,49.77,30.0,1,337.44
p1_N1_S1.19,380.0,27.89,13.0,1,278.29
p1_S3_N3.19,380.0,31.62,12.0,2,315.77
p1_W_E.67,402.0,10.03,0.0,0,243.81
p1_E_W.28,404.0,7.92,0.0,0,244.43
p1_N3_S3.19,380.0,31.87,12.0,2,310.68
p1_S1_N1.16,320.0,82.22,64.0,2,391.64
p1_W_E.63,378.0,35.91,11.0,1,339.87
p1_N1_S1.20,400.0,10.97,0.0,0,261.1
p1_S3_N3.20,400.0,14.39,0.0,0,269.75
p1_W_E.61,366.0,31.96,17.0,1,295.68
p1_S3_E3.7,423.0,30.36,17.0,1,200.91
p1_S1_E1.5,303.0,62.12,29.0,4,480.03
p1_S1_N1.20,400.0,8.33,0.0,0,242.77
p1_N1_W3.6,363.0,54.58,32.0,1,347.0
p1_W_E.68,408.0,8.27,0.0,0,246.47
p1_N3_S3.20,400.0,8.73,0.0,0,245.18
p1_W_E.69,414.0,7.73,0.0,0,243.13
p1_W3_E3.67,402.0,21.45,7.0,1,284.36
p1_W3_E3.68,408.0,17.1,3.0,1,278.35
p1_W1_E1.69,414.0,12.68,0.0,0,278.84
p1_W1_E1.67,402.0,26.41,6.0,1,310.91
p1_E1_W1.28,404.0,23.92,10.0,1,288.18
p1_W_E.70,420.0,8.07,0.0,0,244.17
p1_E3_W3.28,404.0,17.07,4.0,1,275.9
p1_W1_E1.66,396.0,34.56,16.0,1,301.88
p1_W1_E1.68,408.0,11.78,0.0,0,269.73
p1_W3_E3.66,396.0,27.51,10.0,1,302.23
p1_E1_W1.29,418.0,8.55,0.0,0,246.63
p1_W3_E3.70,420.0,13.39,0.0,0,265.93
p1_N2_S2.20,400.0,33.89,17.0,1,311.04
p1_N2_S2.21,420.0,13.89,0.0,0,293.45
p1_W3_E3.65,390.0,26.22,12.0,1,282.73
p1_W3_E3.71,426.0,8.93,0.0,0,248.57
p1_S2_N2.20,400.0,38.31,21.0,1,303.14
p1_W3_E3.69,414.0,13.36,0.0,0,260.23
p1_W3_S3.7,423.0,10.23,0.0,0,258.38
p1_S2_N2.17,340.0,62.31,42.0,2,365.09
p1_S2_N2.21,420.0,12.95,0.0,0,267.66
p1_W1_E1.72,432.0,8.46,0.0,0,238.56
p1_E1_W1.30,432.0,7.96,0.0,0,238.28
p1_W3_E3.72,432.0,8.32,0.0,0,239.5
p1_W1_E1.70,420.0,9.13,0.0,0,245.88
p1_W1_E1.71,426.0,8.49,0.0,0,243.67
p1_W3_E3.73,438.0,7.74,0.0,0,241.04
p1_S2_E2.7,423.0,25.8,5.0,1,314.05
p1_N2_W2.7,423.0,23.48,8.0,1,289.41
p1_E1_N3.8,480.0,7.33,0.0,0,161.75
p1_W_E.71,426.0,26.55,13.0,1,287.69
p1_W_E.72,432.0,22.79,10.0,1,282.75
p1_E_W.31,447.0,8.02,0.0,0,242.39
p1_S2_N2.18,360.0,55.61,36.0,2,355.23
p1_S1_N1.21,420.0,35.98,22.0,1,314.47
p1_N3_S3.21,420.0,36.33,22.0,1,296.17
p1_S3_N3.22,440.0,15.99,3.0,1,276.67
p1_W_E.74,444.0,11.55,0.0,0,264.64
p1_E_W.29,418.0,27.04,14.0,1,278.67
p1_W1_S1.7,423.0,35.52,19.0,1,318.45
p1_S1_E1.6,363.0,52.85,24.0,3,475.12
p1_E3_N1.6,363.0,49.08,29.0,1,450.75
p1_E_W.30,432.0,15.67,0.0,0,269.12
p1_W_E.75,450.0,10.08,0.0,0,249.4
p1_W_E.73,438.0,15.03,2.0,1,279.76
p1_S3_E3.8,483.0,17.36,5.0,1,184.08
p1_N1_S1.22,440.0,23.16,4.0,1,291.11
p1_N1_S1.21,420.0,35.62,18.0,1,306.59
p1_S3_N3.21,420.0,33.78,19.0,1,302.08
p1_S1_N1.22,440.0,15.99,1.0,1,274.55
p1_N3_S3.22,440.0,11.25,0.0,0,267.51
p1_E_W.32,461.0,7.69,0.0,0,250.63
p1_N1_W3.7,423.0,30.86,14.0,1,300.61
p1_E1_W1.31,447.0,24.55,9.0,1,322.15
p1_W_E.76,456.0,7.92,0.0,0,241.51
p1_N3_W1.7,423.0,48.94,31.0,2,342.48
p1_W1_E1.76,456.0,16.23,0.0,0,289.06
p1_W1_E1.75,450.0,19.3,4.0,1,291.19
p1_W1_E1.73,438.0,36.09,20.0,1,317.39
p1_W3_E3.74,444.0,30.49,15.0,1,305.95
p1_W3_E3.75,450.0,24.19,8.0,1,300.14
p1_W3_E3.77,462.0,14.12,0.0,0,276.28
p1_E3_W3.31,447.0,29.85,11.0,2,312.5
p1_E2_N2.7,421.0,57.26,32.0,3,370.67
p1_W1_E1.74,444.0,26.44,8.0,1,293.93
p1_W1_E1.77,462.0,9.01,0.0,0,253.46
p1_E3_W3.30,432.0,28.15,14.0,1,295.24
p1_N2_S2.23,460.0,19.4,4.0,1,299.46
p1_S2_N2.22,440.0,40.35,27.0,1,306.32
p1_S2_N2.23,460.0,20.85,6.0,1,277.33
p1_W3_E3.76,456.0,16.5,3.0,1,264.84
p1_E3_W3.29,418.0,31.62,18.0,1,299.25
p1_E1_W1.33,476.0,7.79,0.0,0,250.5
p1_N2_S2.24,480.0,8.18,0.0,0,244.71
p1_S2_N2.24,480.0,7.82,0.0,0,248.54
p1_W1_E1.78,468.0,9.12,0.0,0,248.01
p1_E3_W3.33,476.0,7.87,0.0,0,246.19
p1_W1_E1.79,474.0,9.91,0.0,0,247.27
p1_W3_E3.80,480.0,8.22,0.0,0,238.61
p1_W1_E1.81,486.0,7.16,0.0,0,253.25
p1_W1_E1.80,480.0,8.38,0.0,0,244.66
p1_W_E.81,486.0,9.13,0.0,0,260.71
p1_W_E.80,480.0,16.83,2.0,1,276.17
p1_W3_S3.8,483.0,15.74,0.0,0,259.23
p1_W3_E3.78,468.0,9.27,0.0,0,243.65
p1_W2_S2.7,423.0,71.23,44.0,4,381.36
p1_E1_W1.32,461.0,10.04,0.0,0,248.26
p1_W_E.82,492.0,8.07,0.0,0,235.18
p1_E_W.33,476.0,15.38,1.0,1,267.76
p1_W3_E3.81,486.0,7.94,0.0,0,247.67
p1_N2_S2.22,440.0,24.48,9.0,1,279.18
p1_S3_N3.23,460.0,42.05,29.0,1,315.17
p1_W3_E3.79,474.0,9.56,0.0,0,244.18
p1_S3_N3.24,480.0,21.83,9.0,1,285.03
p1_N3_S3.24,480.0,25.57,6.0,2,317.36
p1_S1_N1.23,460.0,46.05,29.0,1,341.26
p1_S1_N1.24,480.0,25.78,7.0,1,309.51
p1_E3_N1.7,421.0,43.37,22.0,1,427.5
p1_W_E.77,462.0,27.14,13.0,1,284.42
p1_W_E.78,468.0,28.43,8.0,1,296.75
p1_W_E.79,474.0,34.01,7.0,1,323.28
p1_N3_S3.25,500.0,7.89,0.0,0,232.07
p1_N3_S3.23,460.0,39.38,21.0,1,322.32
p1_E3_W3.32,461.0,11.71,0.0,0,257.11
p1_W_E.83,498.0,11.72,0.0,0,266.22
p1_N1_S1.23,460.0,51.29,29.0,2,358.15
p1_E_W.35,504.0,7.56,0.0,0,238.29
p1_N1_S1.24,480.0,31.7,11.0,2,329.33
p1_W_E.84,504.0,8.36,0.0,0,235.82
p1_W1_S1.8,483.0,30.74,6.0,2,325.91
p1_E1_N3.9,540.0,16.93,5.0,1,178.91
p1_E1_W1.34,490.0,27.78,10.0,1,314.39
p1_N3_W1.8,483.0,34.2,14.0,2,316.75
p1_E_W.34,490.0,8.53,0.0,0,249.38
p1_W1_E1.83,498.0,21.09,8.0,1,286.59
p1_S3_E3.9,543.0,8.51,0.0,0,162.38
p1_W1_E1.85,510.0,10.71,0.0,0,258.91
p1_N1_W3.8,483.0,21.63,3.0,1,293.86
p1_W1_E1.84,504.0,18.31,3.0,1,279.24
p1_E3_W3.35,504.0,18.44,2.0,1,303.03
p1_E3_W3.34,490.0,32.41,15.0,1,315.32
p1_W3_E3.82,492.0,31.26,13.0,1,308.27
p1_E1_W1.35,504.0,10.0,0.0,0,251.21
p1_W1_E1.86,516.0,8.46,0.0,0,250.97
p1_W3_E3.83,498.0,27.83,7.0,1,324.97
p1_W3_E3.84,504.0,21.98,3.0,1,290.73
p1_E2_N2.8,480.0,36.29,17.0,1,333.71
p1_W1_E1.82,492.0,31.41,11.0,1,298.9
p1_S2_N2.26,520.0,8.25,0.0,0,233.71
p1_S2_N2.25,500.0,25.93,12.0,1,287.91
p1_E3_W3.36,519.0,8.63,0.0,0,245.91
p1_W3_E3.85,510.0,11.52,0.0,0,271.69
p1_W1_E1.87,522.0,7.7,0.0,0,245.6
p1_W2_S2.8,483.0,49.71,23.0,1,343.97
p1_S1_E1.7,423.0,32.93,12.0,1,393.93
p1_N2_S2.25,500.0,32.84,16.0,2,327.63
p1_W3_E3.86,516.0,7.69,0.0,0,242.81
p1_E1_W1.36,519.0,9.08,0.0,0,250.6
p1_N2_S2.26,520.0,8.04,0.0,0,235.24
p1_W_E.86,516.0,23.76,11.0,1,285.42
p1_E_W.36,519.0,20.69,7.0,1,275.02
p1_N2_W2.8,483.0,56.63,34.0,2,365.68
p1_E_W.37,533.0,8.37,0.0,0,252.8
p1_E3_W3.37,533.0,7.99,0.0,0,243.05
p1_S2_E2.8,483.0,54.18,35.0,2,343.57
p1_W_E.88,528.0,14.06,1.0,1,267.26
p1_W3_E3.89,534.0,8.13,0.0,0,246.84
p1_W_E.85,510.0,28.61,12.0,1,307.32
p1_W_E.87,522.0,15.08,2.0,1,269.08
p1_E3_N1.8,480.0,26.45,0.0,0,360.17
p1_W_E.90,540.0,7.87,0.0,0,237.05
p1_W_E.89,534.0,8.29,0.0,0,242.11
p1_S3_N3.27,540.0,12.22,0.0,0,261.83
p1_W_E.91,546.0,7.15,0.0,0,243.79
p1_N1_S1.26,520.0,31.41,17.0,1,293.22
p1_S1_N1.25,500.0,44.39,31.0,1,310.84
p1_W3_E3.88,528.0,8.98,0.0,0,247.93
p1_S1_N1.27,540.0,16.58,3.0,1,271.45
p1_E_W.38,548.0,8.18,0.0,0,230.33
p1_N1_S1.27,540.0,17.15,0.0,0,282.78
p1_S1_N1.26,520.0,38.09,24.0,1,309.58
p1_N3_S3.26,520.0,39.15,20.0,2,333.24
p1_N3_S3.27,540.0,19.03,5.0,1,277.6
p1_N1_W3.9,543.0,12.04,0.0,0,260.02
p1_S3_N3.25,500.0,40.99,28.0,1,313.77
p1_S3_N3.26,520.0,30.97,19.0,1,291.24
p1_W_E.92,552.0,8.1,0.0,0,237.16
p1_E1_W1.37,533.0,32.94,15.0,2,320.06
p1_W1_E1.89,534.0,32.04,13.0,2,320.65
p1_N3_W1.9,543.0,21.92,2.0,1,309.06
p1_S1_E1.8,483.0,34.43,5.0,1,448.69
p1_W1_E1.91,546.0,21.85,5.0,1,298.07
p1_E1_N3.10,600.0,11.38,0.0,0,174.58
p1_W1_E1.93,558.0,11.31,0.0,0,268.39
p1_W3_S3.9,543.0,27.33,13.0,1,303.91
p1_E1_W1.39,562.0,8.53,0.0,0,241.09
p1_E3_W3.38,548.0,22.06,8.0,1,290.71
p1_W3_E3.92,552.0,20.03,4.0,1,282.76
p1_W1_E1.94,564.0,8.05,0.0,0,234.46
p1_W1_E1.88,528.0,26.9,8.0,1,294.69
p1_W2_S2.9,543.0,30.89,17.0,1,308.35
p1_E2_N2.9,540.0,34.64,21.0,1,309.42
p1_W3_E3.90,540.0,23.48,9.0,1,282.23
p1_W3_E3.91,546.0,29.12,11.0,1,294.76
p1_W1_E1.90,540.0,34.61,11.0,1,315.88
p1_W1_E1.92,552.0,13.06,0.0,0,274.03
p1_W3_E3.93,558.0,18.8,0.0,0,292.6
p1_E3_W3.39,562.0,9.01,0.0,0,240.56
p1_S2_N2.27,540.0,39.15,26.0,1,315.97
p1_N2_S2.28,560.0,8.72,0.0,0,246.64
p1_E1_W1.38,548.0,11.01,0.0,0,253.66
p1_W3_E3.95,570.0,8.55,0.0,0,248.33
p1_N2_S2.27,540.0,24.71,10.0,1,292.67
p1_W1_E1.95,570.0,8.69,0.0,0,247.36
p1_W1_E1.96,576.0,7.83,0.0,0,243.55
p1_W3_E3.96,576.0,8.95,0.0,0,246.03
p1_N2_W2.9,543.0,40.54,14.0,3,334.43
p1_E3_W3.40,576.0,8.25,0.0,0,243.12
p1_W_E.94,564.0,26.23,8.0,1,308.69
p1_W3_E3.94,564.0,10.27,0.0,0,243.66
p1_W3_E3.97,582.0,9.03,0.0,0,244.9
p1_W_E.96,576.0,16.0,0.0,0,295.52
p1_E_W.40,576.0,9.04,0.0,0,246.92
p1_S2_E2.9,543.0,45.17,21.0,3,349.13
p1_W_E.97,582.0,12.1,0.0,0,262.53
p1_W_E.93,558.0,29.17,11.0,1,308.29
p1_W1_S1.9,543.0,53.21,33.0,2,350.44
p1_W_E.95,570.0,25.54,4.0,1,320.59
p1_W_E.98,588.0,8.22,0.0,0,245.08
p1_W3_E3.87,522.0,27.95,9.0,1,292.63
p1_N1_S1.28,560.0,37.9,20.0,1,324.34
p1_S1_N1.29,580.0,18.46,5.0,1,279.75
p1_S1_N1.28,560.0,39.57,26.0,1,322.5
p1_E_W.39,562.0,19.74,5.0,1,273.17
p1_N1_S1.29,580.0,19.78,0.0,0,313.23
p1_E_W.41,591.0,7.83,0.0,0,253.79
p1_N1_S1.25,500.0,77.13,61.0,2,383.41
p1_W_E.99,594.0,7.46,0.0,0,244.04
p1_N3_S3.28,560.0,42.47,21.0,1,346.63
p1_N3_S3.29,580.0,22.71,3.0,2,313.78
p1_S3_N3.28,560.0,43.87,30.0,1,313.16
p1_S3_E3.10,603.0,46.16,30.0,1,226.42
p1_W_E.100,600.0,8.07,0.0,0,238.85
p1_E3_W3.42,605.0,10.57,0.0,0,262.63
p1_E1_W1.40,576.0,24.43,9.0,1,282.57
p1_W3_E3.99,594.0,23.55,4.0,1,312.94
p1_W3_E3.98,588.0,29.73,10.0,2,325.51
p1_N2_S2.29,580.0,40.4,25.0,1,306.55
p1_W1_E1.99,594.0,21.21,5.0,1,292.7
p1_W3_E3.100,600.0,17.47,0.0,0,296.87
p1_N2_S2.30,600.0,20.06,7.0,1,277.78
p1_W1_E1.97,582.0,26.54,12.0,1,282.51
p1_E1_W1.42,605.0,7.5,0.0,0,249.77
p1_W1_E1.101,606.0,15.27,0.0,0,257.66
p1_W1_E1.100,600.0,23.01,0.0,0,280.34
p1_S2_N2.29,580.0,37.22,23.0,1,305.39
p1_W1_E1.103,618.0,8.37,0.0,0,240.44
p1_W3_E3.103,618.0,7.98,0.0,0,241.11
p1_W1_E1.98,588.0,18.43,4.0,1,280.26
p1_E1_W1.41,591.0,15.42,2.0,1,273.88
p1_E1_W1.43,620.0,8.19,0.0,0,241.6
p1_W3_S3.10,603.0,10.89,0.0,0,252.9
p1_W3_E3.102,612.0,8.58,0.0,0,255.93
p1_S2_N2.30,600.0,16.17,3.0,1,272.33
p1_W1_E1.102,612.0,8.49,0.0,0,240.97
p1_W3_E3.104,624.0,8.03,0.0,0,243.49
p1_N2_W2.10,603.0,30.29,10.0,2,325.04
p1_W_E.101,606.0,31.14,14.0,2,313.37
p1_E3_W3.43,620.0,8.91,0.0,0,239.74
p1_S2_N2.28,560.0,39.88,23.0,1,322.33
p1_S2_E2.10,603.0,35.26,12.0,2,332.86
p1_W_E.104,624.0,15.38,0.0,0,279.59
p1_E_W.42,605.0,16.16,3.0,1,271.73
p1_W3_E3.101,606.0,9.94,0.0,0,246.74
p1_W_E.103,618.0,21.61,2.0,2,308.57
p1_E2_N2.10,600.0,25.12,6.0,1,301.76
p1_W_E.105,630.0,11.43,0.0,0,255.58
p1_E1_N3.11,660.0,9.2,0.0,0,163.47
p1_W1_S1.10,603.0,39.63,21.0,1,328.36
p1_E_W.43,620.0,15.61,3.0,1,266.26
p1_S1_N1.31,620.0,22.28,6.0,1,311.32
p1_E_W.44,634.0,8.28,0.0,0,242.49
p1_S3_N3.29,580.0,54.57,39.0,2,355.62
p1_E3_W3.41,591.0,18.7,4.0,1,287.62
p1_N1_S1.30,600.0,44.26,31.0,1,317.63
p1_S1_N1.30,600.0,43.65,25.0,1,353.79
p1_E3_N1.9,540.0,48.66,24.0,2,440.21
p1_S3_N3.31,620.0,30.13,16.0,1,286.8
p1_N3_S3.31,620.0,29.25,8.0,2,313.84
p1_N1_S1.32,640.0,8.12,0.0,0,247.86
p1_W_E.102,612.0,14.62,0.0,0,261.39
p1_S3_N3.32,640.0,11.25,0.0,0,263.84
p1_N3_S3.32,640.0,12.77,0.0,0,270.83
p1_N3_S3.30,600.0,41.06,23.0,1,320.3
p1_N3_W1.10,603.0,53.13,33.0,2,347.72
p1_S3_E3.11,663.0,29.2,17.0,1,196.69
p1_N1_W3.10,603.0,37.84,22.0,1,318.38
p1_E3_W3.44,634.0,26.61,12.0,1,296.25
p1_W_E.106,636.0,8.96,0.0,0,244.69
p1_E1_W1.45,648.0,8.45,0.0,0,240.84
p1_W3_E3.105,630.0,33.28,14.0,1,337.66
p1_W3_E3.106,636.0,27.54,8.0,1,314.02
p1_E3_W3.45,648.0,14.74,1.0,1,278.78
p1_E1_W1.44,634.0,24.56,10.0,1,305.36
p1_W_E.107,642.0,9.28,0.0,0,246.09
p1_S3_N3.30,600.0,45.48,32.0,1,313.65
p1_S2_N2.32,640.0,25.55,12.0,1,297.22
p1_W3_E3.108,648.0,17.5,0.0,0,292.6
p1_W3_E3.107,642.0,18.41,2.0,1,286.19
p1_W3_E3.109,654.0,11.18,0.0,0,257.6
p1_W2_S2.10,603.0,54.39,36.0,2,343.35
p1_S1_E1.9,543.0,83.92,49.0,4,531.05
p1_E3_W3.46,663.0,7.4,0.0,0,242.48
p1_S2_N2.31,620.0,45.47,32.0,1,316.6
p1_W1_E1.104,624.0,40.65,19.0,2,321.29
p1_N2_S2.32,640.0,25.31,6.0,1,306.23
p1_W1_E1.105,630.0,38.73,18.0,2,334.5
p1_N2_S2.33,660.0,8.14,0.0,0,236.83
p1_N2_S2.31,620.0,44.19,26.0,1,334.7
p1_W1_E1.106,636.0,30.98,11.0,2,306.87
p1_W1_E1.107,642.0,32.55,7.0,2,327.4
p1_S2_N2.33,660.0,8.37,0.0,0,248.2
p1_W1_E1.108,648.0,27.4,5.0,1,321.11
p1_W3_E3.111,666.0,8.77,0.0,0,261.93
p1_W1_E1.109,654.0,14.96,0.0,0,262.75
p1_W1_E1.110,660.0,17.12,0.0,0,284.07
p1_N2_W2.11,663.0,13.55,0.0,0,276.96
p1_W3_S3.11,663.0,10.2,0.0,0,260.75
p1_W1_E1.111,666.0,12.93,0.0,0,260.13
p1_W3_E3.112,672.0,7.77,0.0,0,240.8
p1_W3_E3.110,660.0,8.9,0.0,0,249.23
p1_E1_W1.46,663.0,8.62,0.0,0,246.59
p1_E_W.45,648.0,34.82,21.0,1,295.22
p1_E_W.46,663.0,20.06,6.0,1,275.0
p1_S2_E2.11,663.0,19.56,2.0,1,290.41
p1_W_E.112,672.0,13.52,0.0,0,281.92
p1_E_W.47,677.0,7.72,0.0,0,247.12
p1_W_E.108,648.0,25.94,12.0,1,288.07
p1_W_E.113,678.0,9.63,0.0,0,269.25
p1_W_E.109,654.0,35.41,11.0,1,345.5
p1_W_E.110,660.0,23.87,3.0,1,306.08
p1_W1_E1.112,672.0,8.4,0.0,0,242.63
p1_W1_S1.11,663.0,23.29,10.0,1,299.94
p1_E2_N2.11,660.0,31.58,13.0,2,335.05
p1_N1_S1.33,660.0,30.02,15.0,1,297.25
p1_S1_N1.33,660.0,28.22,16.0,1,296.58
p1_N3_S3.34,680.0,13.29,0.0,0,272.77
p1_S3_E3.12,723.0,13.4,2.0,1,183.86
p1_S3_N3.34,680.0,15.42,4.0,1,277.39
p1_N1_S1.31,620.0,57.38,38.0,2,345.26
p1_W_E.111,666.0,13.67,0.0,0,271.49
p1_W_E.115,690.0,8.15,0.0,0,242.21
p1_N1_W3.11,663.0,25.14,10.0,1,291.43
p1_W_E.114,684.0,8.3,0.0,0,247.37
p1_N1_S1.34,680.0,9.61,0.0,0,259.98
p1_S1_N1.34,680.0,8.73,0.0,0,254.74
p1_S1_N1.32,640.0,45.8,32.0,1,322.87
p1_N3_S3.33,660.0,23.38,7.0,1,303.62
p1_W3_E3.114,684.0,19.47,5.0,1,287.61
p1_N3_W1.11,663.0,37.55,15.0,2,327.68
p1_E3_N1.10,600.0,62.49,22.0,4,492.73
p1_S3_N3.33,660.0,32.84,18.0,1,298.44
p1_E3_W3.47,677.0,29.02,16.0,1,302.35
p1_W3_E3.115,690.0,15.91,0.0,0,279.87
p1_E_W.48,692.0,7.93,0.0,0,238.37
p1_E1_N3.12,723.0,29.44,15.0,1,200.03
p1_W1_E1.114,684.0,26.17,8.0,2,301.89
p1_W1_E1.115,690.0,14.41,0.0,0,265.12
p1_W3_E3.113,678.0,27.43,9.0,1,311.68
p1_N2_S2.34,680.0,32.49,19.0,1,296.41
p1_W1_E1.117,702.0,10.26,0.0,0,250.61
p1_W3_E3.116,696.0,8.74,0.0,0,253.49
p1_S2_N2.35,700.0,14.22,0.0,0,279.3
p1_E3_W3.49,706.0,7.87,0.0,0,241.95
p1_W2_S2.11,663.0,41.26,21.0,2,350.47
p1_W1_E1.113,678.0,27.0,8.0,1,300.23
p1_S2_N2.34,680.0,30.07,16.0,1,298.34
p1_N2_S2.35,700.0,10.07,0.0,0,261.77
p1_E1_W1.49,706.0,10.5,0.0,0,254.75
p1_E1_W1.47,677.0,34.71,21.0,1,303.52
p1_W1_E1.116,696.0,8.51,0.0,0,251.63
p1_W1_E1.118,708.0,7.85,0.0,0,241.88
p1_W3_E3.117,702.0,8.55,0.0,0,244.34
p1_E1_W1.48,692.0,19.8,5.0,1,280.97
p1_W1_E1.119,714.0,7.68,0.0,0,244.76
p1_W3_E3.119,714.0,8.03,0.0,0,242.46
p1_E3_W3.48,692.0,12.37,0.0,0,264.98
p1_E3_W3.50,720.0,8.39,0.0,0,244.32
p1_E_W.50,720.0,8.95,0.0,0,245.96
p1_W3_E3.120,720.0,8.1,0.0,0,242.5
p1_E_W.49,706.0,24.32,9.0,1,291.19
p1_W3_E3.118,708.0,9.59,0.0,0,242.23
p1_W1_E1.120,720.0,7.83,0.0,0,251.2
p1_W_E.117,702.0,31.91,13.0,2,324.0
p1_W_E.119,714.0,20.31,4.0,1,299.92
p1_N1_S1.35,700.0,37.12,22.0,1,320.22
p1_S3_N3.35,700.0,37.42,24.0,1,307.79
p1_W_E.120,720.0,14.11,0.0,0,262.07
p1_W_E.121,726.0,12.26,0.0,0,272.58
p1_S1_E1.10,603.0,81.35,44.0,4,525.68
p1_W_E.116,696.0,31.7,12.0,1,296.96
p1_S1_N1.35,700.0,41.22,23.0,1,337.98
p1_S1_N1.36,720.0,20.68,3.0,1,302.15
p1_N3_S3.35,700.0,41.86,23.0,2,326.49
p1_S3_N3.36,720.0,15.22,1.0,1,264.87
p1_E_W.51,735.0,8.06,0.0,0,231.16
p1_N1_S1.36,720.0,13.15,0.0,0,270.61
p1_N3_S3.36,720.0,14.74,2.0,1,272.5
p1_N1_W3.12,723.0,13.8,0.0,0,281.32
p1_W_E.118,708.0,11.83,0.0,0,261.49
p1_N3_S3.37,740.0,8.7,0.0,0,240.5
p1_E3_N1.11,660.0,47.22,19.0,2,440.13
p1_W1_E1.123,738.0,12.99,0.0,0,269.08
p1_S3_E3.13,783.0,8.0,0.0,0,163.17
p1_W1_E1.121,726.0,25.09,11.0,1,296.72
p1_E3_W3.51,735.0,13.31,0.0,0,262.61
p1_W_E.124,744.0,7.95,0.0,0,235.73
p1_W1_E1.122,732.0,21.31,5.0,1,288.72
p1_E1_N3.13,781.0,14.93,4.0,1,184.38
p1_W3_E3.121,726.0,29.25,9.0,1,320.12
p1_W3_S3.12,723.0,27.44,11.0,1,310.24
p1_W_E.122,732.0,9.41,0.0,0,249.08
p1_W3_E3.122,732.0,25.03,5.0,1,294.34
p1_W3_E3.123,738.0,19.32,0.0,0,297.98
p1_E1_W1.51,735.0,20.39,7.0,1,287.98
p1_W3_E3.124,744.0,15.55,0.0,0,279.43
p1_N3_W1.12,723.0,36.73,10.0,2,339.99
p1_W2_S2.12,723.0,28.28,13.0,1,298.31
p1_N2_S2.37,740.0,19.94,5.0,1,277.86
p1_W1_E1.124,744.0,8.55,0.0,0,243.19
p1_E3_W3.52,749.0,7.97,0.0,0,241.41
p1_W_E.123,738.0,9.0,0.0,0,241.71
p1_N2_S2.36,720.0,41.78,24.0,1,331.48
p1_S2_E2.12,723.0,40.9,23.0,1,341.45
p1_E2_N2.12,723.0,40.85,24.0,1,320.82
p1_W3_E3.126,756.0,7.17,0.0,0,241.74
p1_S2_N2.37,740.0,21.34,4.0,1,295.23
p1_W3_E3.125,750.0,8.31,0.0,0,245.85
p1_E1_W1.50,720.0,32.25,14.0,1,303.1
p1_W1_E1.125,750.0,8.32,0.0,0,241.48
p1_S2_N2.36,720.0,42.88,23.0,1,337.81
p1_E1_W1.52,749.0,8.06,0.0,0,241.61
p1_N2_S2.38,760.0,8.03,0.0,0,245.64
p1_S2_N2.38,760.0,8.28,0.0,0,234.54
p1_W1_E1.127,762.0,7.94,0.0,0,244.91
p1_W3_E3.127,762.0,7.54,0.0,0,245.44
p1_E1_W1.53,764.0,8.17,0.0,0,246.32
p1_E3_W3.53,764.0,7.66,0.0,0,243.97
p1_W_E.126,756.0,19.93,3.0,1,282.66
p1_W1_E1.128,768.0,7.69,0.0,0,244.41
p1_W1_E1.126,756.0,9.32,0.0,0,243.86
p1_W_E.128,768.0,9.77,0.0,0,265.64
p1_W_E.125,750.0,23.42,10.0,1,284.56
p1_W_E.127,762.0,16.71,0.0,0,282.45
p1_N2_W2.12,723.0,56.41,33.0,3,370.47
p1_E_W.53,764.0,14.49,3.0,1,264.4
p1_W_E.129,774.0,8.25,0.0,0,234.45
p1_E_W.52,749.0,32.25,16.0,1,308.47
p1_E_W.54,778.0,7.98,0.0,0,232.33
p1_N1_S1.38,760.0,27.07,15.0,1,292.84
p1_S3_N3.38,760.0,27.97,14.0,1,292.04
p1_N3_S3.39,780.0,7.93,0.0,0,245.01
p1_N1_S1.39,780.0,9.26,0.0,0,245.29
p1_S1_E1.11,663.0,75.98,43.0,4,514.55
p1_W1_S1.12,723.0,57.73,41.0,2,350.49
p1_S3_N3.37,740.0,50.43,34.0,1,350.3
p1_S3_N3.39,780.0,9.92,0.0,0,257.0
p1_N1_S1.37,740.0,50.53,33.0,1,336.02
p1_S1_N1.37,740.0,52.56,33.0,2,355.62
p1_S1_N1.38,760.0,29.54,12.0,2,313.08
p1_S1_N1.39,780.0,14.46,0.0,0,262.15
p1_W_E.130,780.0,8.67,0.0,0,237.97
p1_N3_S3.38,760.0,19.27,5.0,1,279.17
p1_W3_E3.129,774.0,25.05,7.0,1,313.24
p1_W_E.131,786.0,7.98,0.0,0,245.46
p1_E3_W3.54,778.0,22.5,8.0,1,280.88
p1_E_W.55,792.0,7.78,0.0,0,238.33
p1_W3_E3.130,780.0,21.55,1.0,1,319.34
p1_W_E.132,792.0,8.81,0.0,0,242.96
p1_W3_E3.128,768.0,35.23,16.0,1,324.89
p1_W3_S3.13,783.0,20.35,1.0,1,308.09
p1_W1_E1.129,774.0,30.44,17.0,1,298.23
p1_E1_W1.54,778.0,26.23,8.0,2,303.86
p1_S1_E1.12,723.0,38.62,11.0,2,438.81
p1_W3_E3.133,798.0,7.56,0.0,0,246.73
p1_W1_E1.131,786.0,20.3,5.0,1,289.62
p1_S2_E2.13,783.0,24.38,6.0,1,305.92
p1_W1_E1.132,792.0,14.69,0.0,0,264.89
p1_E1_N3.14,840.0,7.16,0.0,0,159.97
p1_S2_N2.40,800.0,7.73,0.0,0,248.73
p1_W2_S2.13,783.0,25.79,10.0,1,312.47
p1_W3_E3.131,786.0,10.07,0.0,0,255.02
p1_E1_W1.55,792.0,7.64,0.0,0,238.43
p1_W1_E1.133,798.0,10.64,0.0,0,263.09
p1_E2_N2.13,781.0,27.38,15.0,1,302.32
p1_W3_E3.132,792.0,9.14,0.0,0,246.55
p1_N2_S2.40,800.0,9.94,0.0,0,263.79
p1_N2_S2.39,780.0,31.02,17.0,1,316.99
p1_S2_N2.39,780.0,22.19,6.0,1,282.0
p1_W1_E1.134,804.0,8.66,0.0,0,244.58
p1_E3_W3.56,807.0,7.94,0.0,0,242.2
p1_W3_E3.134,804.0,8.94,0.0,0,247.43
p1_W1_E1.135,810.0,8.2,0.0,0,250.7
p1_W1_E1.130,780.0,20.01,5.0,1,280.8
p1_W3_E3.135,810.0,8.91,0.0,0,241.4
p1_W3_E3.136,816.0,8.58,0.0,0,251.86
p1_N2_W2.13,783.0,44.24,20.0,3,338.4
p1_W_E.136,816.0,12.41,0.0,0,258.9
p1_E1_W1.56,807.0,9.12,0.0,0,240.44
p1_E_W.57,821.0,8.53,0.0,0,249.63
p1_W_E.135,810.0,20.15,5.0,1,273.58
p1_W_E.134,804.0,20.27,6.0,1,280.88
p1_S1_N1.40,800.0,32.98,18.0,1,305.5
p1_S3_N3.41,820.0,13.44,0.0,0,259.59
p1_E3_N1.12,723.0,62.67,34.0,2,476.46
p1_N3_S3.40,800.0,34.33,20.0,1,307.15
p1_S3_N3.40,800.0,34.24,22.0,1,297.1
p1_E_W.56,807.0,9.32,0.0,0,241.26
p1_N3_S3.41,820.0,16.2,2.0,1,269.05
p1_W_E.137,822.0,8.23,0.0,0,247.46
p1_S3_E3.14,843.0,36.51,20.0,1,209.06
p1_N1_S1.40,800.0,37.83,24.0,1,302.52
p1_W1_S1.13,783.0,56.29,24.0,3,345.17
p1_E3_W3.55,792.0,10.77,0.0,0,258.08
p1_N1_S1.41,820.0,18.05,3.0,1,271.52
p1_S1_N1.41,820.0,13.74,0.0,0,270.43
p1_W_E.139,834.0,8.0,0.0,0,242.94
p1_W_E.133,798.0,22.34,9.0,1,287.45
p1_W1_E1.136,816.0,26.71,14.0,1,290.05
p1_E_W.58,836.0,8.47,0.0,0,242.33
p1_N3_W1.13,783.0,62.42,44.0,2,359.87
p1_E1_W1.57,821.0,23.83,11.0,1,289.86
p1_N1_W3.13,783.0,46.63,26.0,1,327.27
p1_E1_W1.58,836.0,10.87,0.0,0,266.37
p1_W1_E1.137,822.0,20.88,8.0,1,286.93
p1_W1_E1.138,828.0,22.26,9.0,1,279.21
p1_W1_E1.139,834.0,16.3,4.0,1,268.56
p1_E3_W3.58,836.0,12.95,0.0,0,289.18
p1_E3_W3.57,821.0,24.51,10.0,1,288.01
p1_W3_E3.137,822.0,27.74,9.0,1,321.57
p1_W_E.138,828.0,8.92,0.0,0,246.49
p1_W3_E3.138,828.0,22.76,5.0,1,302.58
p1_S2_N2.42,840.0,14.32,1.0,1,272.36
p1_W1_E1.141,846.0,8.57,0.0,0,236.11
p1_W3_E3.139,834.0,17.67,0.0,0,304.34
p1_W3_S3.14,843.0,11.55,0.0,0,257.99
p1_N2_S2.41,820.0,38.54,21.0,1,322.49
p1_E1_W1.59,850.0,8.29,0.0,0,237.3
p1_E3_W3.59,850.0,7.88,0.0,0,237.6
p1_W3_E3.140,840.0,8.37,0.0,0,249.06
p1_N2_S2.42,840.0,13.77,1.0,1,262.59
p1_W1_E1.142,852.0,8.76,0.0,0,244.81
p1_W3_E3.142,852.0,8.81,0.0,0,244.25
p1_E1_N3.15,900.0,7.5,0.0,0,161.89
p1_W3_E3.143,858.0,7.2,0.0,0,242.3
p1_W1_E1.143,858.0,8.14,0.0,0,248.67
p1_W_E.141,846.0,26.45,13.0,1,296.76
p1_E3_W3.60,864.0,8.38,0.0,0,238.45
p1_W1_E1.140,840.0,10.18,0.0,0,253.9
p1_W3_E3.141,846.0,10.79,0.0,0,252.68
p1_W3_E3.144,864.0,8.24,0.0,0,239.24
p1_E3_N1.13,781.0,53.35,29.0,2,452.55
p1_W1_S1.14,843.0,34.11,13.0,1,314.73
p1_E_W.59,850.0,27.57,8.0,2,316.36
p1_W_E.142,852.0,20.82,6.0,1,276.48
p1_S2_E2.14,843.0,14.53,0.0,0,283.47
p1_N2_W2.14,843.0,35.2,14.0,1,326.65
p1_W_E.143,858.0,21.35,4.0,1,286.13
p1_W_E.140,840.0,32.46,15.0,1,290.21
p1_N1_W3.14,843.0,37.71,21.0,1,317.85
p1_S3_N3.43,860.0,19.79,7.0,1,285.6
p1_E_W.60,864.0,11.72,0.0,0,257.61
p1_W_E.145,870.0,11.21,0.0,0,260.78
p1_W_E.144,864.0,10.65,0.0,0,255.09
p1_S1_N1.42,840.0,44.05,31.0,1,317.76
p1_W_E.146,876.0,7.92,0.0,0,252.14
p1_N3_S3.43,860.0,25.23,6.0,2,301.94
p1_N3_S3.42,840.0,45.78,22.0,3,362.15
p1_E2_N2.14,840.0,47.55,28.0,2,332.19
p1_E_W.61,879.0,8.12,0.0,0,237.04
p1_S3_E3.15,903.0,26.97,16.0,1,196.91
p1_N1_S1.43,860.0,27.7,8.0,2,306.57
p1_S3_N3.44,880.0,8.21,0.0,0,239.11
p1_S2_N2.41,820.0,50.93,33.0,2,341.41
p1_W_E.147,882.0,8.66,0.0,0,242.76
p1_S3_N3.42,840.0,35.34,22.0,1,298.75
p1_N1_S1.42,840.0,33.96,20.0,1,302.68
p1_S1_N1.44,880.0,8.04,0.0,0,240.63
p1_W3_E3.147,882.0,15.93,1.0,1,293.45
p1_E3_W3.61,879.0,19.27,6.0,1,278.3
p1_S1_E1.13,783.0,66.95,38.0,3,485.02
p1_S1_N1.43,860.0,22.53,6.0,1,278.97
p1_W1_E1.144,864.0,31.57,12.0,1,317.38
p1_W1_E1.146,876.0,25.56,2.0,1,319.55
p1_E3_W3.62,893.0,7.75,0.0,0,245.39
p1_W3_E3.145,870.0,25.79,13.0,1,288.26
p1_W1_E1.147,882.0,19.68,0.0,0,311.17
p1_W3_E3.149,894.0,7.97,0.0,0,251.4
p1_N3_W1.14,843.0,57.89,34.0,3,376.88
p1_E1_W1.61,879.0,24.03,7.0,1,299.52
p1_W1_E1.148,888.0,15.34,0.0,0,274.45
p1_W3_E3.148,888.0,8.86,0.0,0,254.33
p1_E1_W1.62,893.0,11.86,0.0,0,267.31
p1_W1_E1.149,894.0,9.86,0.0,0,257.51
p1_W1_E1.145,870.0,21.79,4.0,1,289.07
p1_N2_S2.43,860.0,48.11,31.0,2,334.95
p1_E1_W1.60,864.0,32.83,11.0,2,317.28
p1_W3_E3.150,900.0,7.85,0.0,0,239.18
p1_S2_N2.45,900.0,8.77,0.0,0,249.36
p1_W3_S3.15,903.0,9.68,0.0,0,253.48
p1_W3_E3.146,876.0,18.33,4.0,1,278.71
p1_S2_N2.44,880.0,31.22,13.0,2,322.51
p1_E3_W3.63,908.0,7.31,0.0,0,231.8
p1_S2_N2.43,860.0,41.99,27.0,1,321.07
p1_N2_S2.44,880.0,22.15,5.0,1,293.0
p1_E1_W1.63,908.0,14.13,0.0,0,269.37
p1_W_E.149,894.0,28.98,16.0,1,279.22
p1_E_W.63,908.0,8.64,0.0,0,251.22
p1_W2_S2.14,843.0,77.26,50.0,4,408.56
p1_W_E.148,888.0,35.84,22.0,1,305.77
p1_S2_E2.15,903.0,18.65,3.0,1,280.88
p1_N3_W1.15,903.0,20.5,4.0,1,286.05
p1_W3_E3.151,906.0,8.9,0.0,0,240.57
p1_W_E.151,906.0,17.52,4.0,1,274.54
p1_W1_S1.15,903.0,27.6,6.0,2,324.55
p1_W1_E1.151,906.0,23.9,6.0,2,303.76
p1_E_W.64,922.0,7.94,0.0,0,243.8
p1_E1_N3.16,960.0,13.85,4.0,1,184.95
p1_N1_S1.44,880.0,49.4,30.0,1,334.83
p1_E_W.62,893.0,20.96,7.0,1,290.55
p1_W1_E1.150,900.0,21.26,3.0,1,298.2
p1_N3_S3.45,900.0,33.46,13.0,2,312.74
p1_W_E.153,918.0,7.69,0.0,0,245.32
p1_N1_S1.46,920.0,12.64,0.0,0,268.55
p1_S3_E3.16,963.0,13.9,0.0,0,180.22
p1_N1_S1.45,900.0,26.56,9.0,1,297.69
p1_E3_N1.14,840.0,53.05,28.0,2,463.43
p1_S1_N1.45,900.0,35.74,19.0,2,319.67
p1_N3_S3.46,920.0,16.48,0.0,0,280.88
p1_N3_S3.44,880.0,50.78,30.0,2,336.63
p1_W_E.150,900.0,21.11,7.0,1,278.71
p1_S1_N1.46,920.0,14.01,0.0,0,270.72
p1_N1_W3.15,903.0,21.24,5.0,1,288.18
p1_W_E.155,930.0,9.85,0.0,0,247.11
p1_S3_N3.45,900.0,37.8,21.0,2,326.16
p1_E3_W3.64,922.0,21.97,9.0,1,292.7
p1_W3_E3.155,930.0,14.46,1.0,1,268.93
p1_E_W.65,936.0,8.19,0.0,0,234.79
p1_E3_W3.65,936.0,8.12,0.0,0,248.29
p1_W_E.154,924.0,9.14,0.0,0,236.81
p1_E1_W1.65,936.0,10.18,0.0,0,276.25
p1_W3_E3.156,936.0,9.78,0.0,0,251.78
p1_W3_E3.154,924.0,24.38,8.0,1,295.35
p1_E2_N2.15,900.0,32.29,11.0,2,323.26
p1_W3_E3.153,918.0,30.74,12.0,2,313.17
p1_S2_N2.47,940.0,9.0,0.0,0,257.09
p1_N2_S2.46,920.0,29.96,10.0,1,318.33
p1_S2_N2.46,920.0,31.18,17.0,1,290.22
p1_W3_E3.157,942.0,7.94,0.0,0,246.46
p1_W2_S2.15,903.0,47.51,18.0,2,355.16
p1_E1_W1.64,922.0,19.62,6.0,1,287.83
p1_W3_E3.152,912.0,33.85,14.0,1,305.46
p1_S1_E1.14,842.0,67.38,35.0,3,494.69
p1_W1_E1.154,924.0,30.45,10.0,2,310.55
p1_W3_E3.158,948.0,8.07,0.0,0,248.69
p1_W1_E1.152,912.0,45.41,22.0,2,345.95
p1_W_E.152,912.0,10.73,0.0,0,257.1
p1_W1_E1.155,930.0,24.79,4.0,1,307.17
p1_W1_E1.157,942.0,17.14,0.0,0,286.52
p1_N2_S2.45,900.0,43.2,21.0,2,338.57
p1_W1_E1.156,936.0,18.8,0.0,0,299.36
p1_W1_E1.158,948.0,13.09,0.0,0,258.97
p1_W3_E3.159,954.0,8.26,0.0,0,241.6
p1_E3_W3.66,951.0,8.49,0.0,0,244.33
p1_N2_W2.15,903.0,56.56,26.0,4,368.71
p1_W1_E1.153,918.0,30.11,13.0,1,299.76
p1_W_E.158,948.0,19.2,5.0,1,298.67
p1_W_E.157,942.0,25.7,8.0,1,324.69
p1_E_W.66,951.0,18.06,4.0,1,266.04
p1_E_W.67,965.0,8.44,0.0,0,239.94
p1_E3_N1.15,900.0,31.66,14.0,1,403.1
p1_E2_N2.16,960.0,14.05,0.0,0,291.64
p1_W_E.161,966.0,8.03,0.0,0,250.54
p1_W1_S1.16,963.0,12.02,0.0,0,278.87
p1_S1_N1.47,940.0,36.4,23.0,1,302.88
p1_S1_N1.48,960.0,16.2,3.0,1,273.36
p1_W_E.156,936.0,23.79,10.0,1,278.35
p1_N3_S3.47,940.0,39.43,20.0,2,333.98
p1_W1_E1.159,954.0,25.07,12.0,1,277.89
p1_W1_E1.160,960.0,19.57,5.0,1,278.01
p1_W_E.162,972.0,7.42,0.0,0,242.36
p1_N1_S1.47,940.0,40.58,27.0,1,308.12
p1_W1_E1.161,966.0,13.65,0.0,0,265.78
p1_N1_W3.16,963.0,20.7,4.0,1,295.66
p1_W_E.159,954.0,9.53,0.0,0,236.4
p1_E1_W1.66,951.0,31.91,11.0,2,331.75
p1_E1_W1.67,965.0,16.12,1.0,1,281.22
p1_E1_N3.17,1020.0,6.73,0.0,0,168.61
p1_S3_E3.17,1023.0,6.79,0.0,0,163.81
p1_E3_W3.68,980.0,8.01,0.0,0,241.6
p1_S3_N3.47,940.0,47.54,26.0,2,345.2
p1_W3_E3.160,960.0,24.84,10.0,1,284.49
p1_W_E.163,978.0,8.29,0.0,0,247.45
p1_S3_N3.48,960.0,22.25,4.0,2,299.74
p1_W3_S3.16,963.0,26.36,12.0,1,291.88
p1_N3_W1.16,963.0,24.86,11.0,1,281.88
p1_W3_E3.162,972.0,22.71,5.0,1,294.28
p1_W3_E3.161,966.0,30.18,9.0,1,321.97
p1_E3_W3.67,965.0,23.63,8.0,1,275.23
p1_W3_E3.165,990.0,7.13,0.0,0,245.4
p1_W3_E3.163,978.0,20.45,0.0,0,304.66
p1_S2_N2.49,980.0,19.07,5.0,1,281.98
p1_S3_N3.46,920.0,49.27,30.0,1,335.72
p1_N2_S2.47,940.0,51.44,31.0,2,339.89
p1_W3_E3.164,984.0,16.2,0.0,0,295.87
p1_W_E.160,960.0,10.46,0.0,0,259.99
p1_N2_S2.48,960.0,41.5,16.0,2,352.1
p1_E1_W1.68,980.0,21.21,8.0,1,278.96
p1_W2_S2.16,963.0,22.46,3.0,1,299.98
p1_W1_E1.162,972.0,29.71,9.0,2,310.85
p1_E3_W3.69,994.0,7.78,0.0,0,236.98
p1_N2_S2.49,980.0,23.43,1.0,1,313.82
p1_W1_E1.165,990.0,13.52,0.0,0,269.75
p1_W1_E1.166,996.0,9.29,0.0,0,255.69
p1_W3_E3.166,996.0,8.71,0.0,0,239.35
p1_S1_E1.15,903.0,39.3,7.0,2,422.71
p1_W1_E1.163,978.0,29.48,7.0,2,310.92
p1_S2_N2.48,960.0,33.66,18.0,1,300.86
p1_W1_E1.164,984.0,16.18,0.0,0,280.95
p1_W1_E1.167,1002.0,7.96,0.0,0,241.27
p1_N2_W2.16,963.0,52.25,22.0,4,372.56
p1_S2_E2.16,963.0,53.17,26.0,3,358.67
p1_E_W.68,980.0,35.66,20.0,1,304.13
p1_N1_S1.49,980.0,35.85,22.0,1,307.86
p1_W_E.164,984.0,31.93,12.0,2,311.35
p1_E_W.69,994.0,23.43,9.0,1,294.94
p1_N1_S1.50,1000.0,16.74,4.0,1,276.81
p1_E_W.70,1008.0,8.69,0.0,0,260.67
p1_W_E.167,1002.0,15.82,1.0,1,280.09
p1_W_E.166,996.0,17.25,0.0,0,289.98
p1_N3_S3.49,980.0,39.73,27.0,1,312.74
p1_W_E.168,1008.0,11.74,0.0,0,267.8
p1_W_E.169,1014.0,8.47,0.0,0,241.42
p1_S3_N3.50,1000.0,22.64,9.0,1,287.98
p1_W_E.165,990.0,16.32,2.0,1,277.06
p1_N3_S3.48,960.0,55.76,36.0,2,347.74
p1_S3_N3.49,980.0,41.33,28.0,1,308.61
p1_S3_N3.51,1020.0,7.77,0.0,0,242.13
p1_E1_W1.69,994.0,21.54,9.0,1,287.73
p1_N1_S1.48,960.0,41.36,23.0,2,326.55
p1_E3_W3.70,1008.0,25.2,12.0,1,285.58
p1_W1_E1.168,1008.0,27.46,10.0,1,307.77
p1_W1_E1.169,1014.0,21.42,3.0,1,309.12
p1_E3_W3.71,1023.0,12.34,0.0,0,258.98
p1_W3_E3.171,1026.0,10.52,0.0,0,265.59
p1_W1_E1.171,1026.0,11.44,0.0,0,252.5
p1_W3_E3.167,1002.0,26.24,14.0,1,285.21
p1_W3_E3.169,1014.0,24.38,8.0,1,292.08
p1_W1_E1.170,1020.0,12.95,0.0,0,272.88
p1_S1_N1.50,1000.0,30.52,12.0,2,308.13
p1_S1_N1.49,980.0,50.23,32.0,2,345.17
p1_S1_N1.51,1020.0,23.13,4.0,1,281.2
p1_W3_E3.168,1008.0,23.68,11.0,1,273.61
p1_W2_S2.17,1023.0,20.53,5.0,1,292.1
p1_W1_E1.172,1032.0,8.26,0.0,0,242.21
p1_W3_S3.17,1023.0,15.53,0.0,0,281.0
p1_E3_W3.72,1037.0,7.93,0.0,0,248.35
p1_S2_N2.50,1000.0,42.61,27.0,1,323.26
p1_N2_S2.51,1020.0,26.19,9.0,2,307.95
p1_W1_E1.173,1038.0,8.24,0.0,0,245.89
p1_W3_E3.173,1038.0,8.37,0.0,0,242.03
p1_W3_E3.170,1020.0,15.83,1.0,1,282.98
p1_E1_N3.18,1083.0,7.67,0.0,0,162.35
p1_N2_S2.50,1000.0,44.79,27.0,2,328.74
p1_N2_W2.17,1023.0,27.19,6.0,1,309.37
p1_N2_S2.52,1040.0,8.82,0.0,0,253.26
p1_W3_E3.172,1032.0,8.38,0.0,0,243.65
p1_S2_N2.51,1020.0,20.53,5.0,1,282.77
p1_N3_S3.51,1020.0,32.39,12.0,2,331.53
p1_E_W.71,1023.0,24.97,10.0,1,286.82
p1_E1_W1.70,1008.0,34.36,17.0,2,317.1
p1_N3_W1.17,1023.0,17.84,3.0,1,286.49
p1_S3_E3.18,1083.0,16.63,5.0,1,186.52
p1_S1_E1.16,963.0,39.77,7.0,2,451.19
p1_W_E.170,1020.0,36.98,23.0,1,313.24
p1_E1_W1.72,1037.0,15.87,0.0,0,282.11
p1_E1_W1.71,1023.0,34.69,11.0,1,334.56
p1_S2_N2.52,1040.0,8.75,0.0,0,242.99
p1_N3_S3.50,1000.0,44.37,25.0,2,325.28
p1_S2_E2.17,1023.0,25.68,6.0,1,314.03
p1_E1_W1.73,1052.0,8.12,0.0,0,238.43
p1_E_W.73,1052.0,7.83,0.0,0,243.13
p1_W_E.171,1026.0,35.16,20.0,1,302.67
p1_W_E.172,1032.0,28.79,17.0,1,294.8
p1_N1_S1.52,1040.0,21.44,6.0,1,295.61
p1_N1_S1.51,1020.0,43.11,25.0,1,330.74
p1_E2_N2.17,1020.0,43.24,19.0,3,340.81
p1_N1_W3.17,1023.0,40.63,21.0,1,335.22
p1_E_W.72,1037.0,23.52,10.0,1,278.0
p1_W_E.173,1038.0,25.06,11.0,1,289.29
p1_W_E.174,1044.0,19.21,5.0,1,282.54
p1_W_E.175,1050.0,15.16,1.0,1,268.05
p1_W_E.176,1056.0,8.87,0.0,0,252.68
p1_W1_S1.17,1023.0,28.53,10.0,1,314.13
p1_W1_E1.174,1044.0,24.37,12.0,1,282.03
p1_S1_N1.52,1040.0,29.47,10.0,2,308.97
p1_N3_S3.52,1040.0,29.41,16.0,1,294.03
p1_W_E.177,1062.0,7.99,0.0,0,233.85
p1_E3_N1.16,960.0,52.31,24.0,3,454.17
p1_W3_E3.176,1056.0,21.06,8.0,1,298.1
p1_W3_E3.174,1044.0,32.76,20.0,1,297.14
p1_E3_W3.74,1066.0,12.26,0.0,0,274.96
p1_W3_E3.178,1068.0,11.17,0.0,0,264.88
p1_W3_E3.175,1050.0,29.95,13.0,1,321.08
p1_W3_E3.177,1062.0,18.92,3.0,1,299.16
p1_S3_N3.52,1040.0,41.76,20.0,2,318.76
p1_S3_N3.53,1060.0,20.06,8.0,1,280.1
p1_E3_W3.75,1080.0,7.43,0.0,0,235.37
p1_E1_W1.75,1080.0,8.22,0.0,0,233.15
p1_W3_E3.180,1080.0,8.15,0.0,0,249.61
p1_E3_W3.73,1052.0,20.51,9.0,1,274.62
p1_S2_N2.54,1080.0,8.21,0.0,0,239.93
p1_N2_S2.54,1080.0,8.29,0.0,0,244.26
p1_W1_E1.175,1050.0,44.71,19.0,3,344.7
p1_N2_W2.18,1083.0,11.79,0.0,0,275.1
p1_E1_W1.74,1066.0,11.5,0.0,0,261.05
p1_W1_E1.178,1068.0,28.7,7.0,1,309.13
p1_W1_E1.176,1056.0,29.03,8.0,1,313.1
p1_W1_E1.179,1074.0,24.58,10.0,1,291.2
p1_N1_S1.54,1080.0,19.06,3.0,1,300.59
p1_N1_S1.53,1060.0,39.67,15.0,3,346.45
p1_W1_E1.177,1062.0,36.86,8.0,1,324.48
p1_W3_E3.182,1092.0,8.27,0.0,0,239.37
p1_W_E.179,1074.0,21.34,8.0,1,290.77
p1_W1_E1.182,1092.0,8.77,0.0,0,244.67
p1_W1_E1.180,1080.0,19.02,2.0,1,292.09
p1_W1_S1.18,1083.0,18.79,1.0,1,288.69
p1_N1_W3.18,1083.0,18.81,2.0,1,287.83
p1_W_E.180,1080.0,22.95,5.0,1,292.13
p1_W1_E1.181,1086.0,17.49,0.0,0,301.83
p1_W3_E3.181,1086.0,11.06,0.0,0,249.2
p1_W_E.178,1068.0,26.23,14.0,1,293.98
p1_W_E.182,1092.0,13.9,0.0,0,257.81
p1_E3_N1.17,1020.0,38.36,13.0,3,437.81
p1_W3_E3.179,1074.0,9.72,0.0,0,251.66
p1_S3_N3.54,1080.0,27.09,8.0,2,309.77
p1_S3_N3.55,1100.0,7.35,0.0,0,237.55
p1_W_E.183,1098.0,10.45,0.0,0,257.62
p1_W_E.181,1086.0,9.77,0.0,0,248.73
p1_N3_S3.54,1080.0,31.34,11.0,2,309.8
p1_N3_S3.53,1060.0,40.8,23.0,1,317.51
p1_S2_E2.18,1083.0,32.67,9.0,1,278.78
p1_E_W.75,1080.0,38.36,22.0,2,325.83
p1_E_W.74,1066.0,52.99,34.0,2,348.48
p1_S3_E3.19,1143.0,9.77,0.0,0,155.59
p1_W2_S2.18,1083.0,37.58,15.0,2,334.67
p1_E_W.76,1095.0,25.41,10.0,1,294.97
p1_E1_N3.19,1141.0,21.81,12.0,1,192.7
p1_N2_S2.53,1060.0,56.92,36.0,2,351.62
p1_E3_W3.77,1109.0,14.14,2.0,1,267.77
p1_W3_E3.186,1116.0,8.03,0.0,0,236.89
p1_E3_W3.76,1095.0,27.28,13.0,1,294.79
p1_W3_E3.185,1110.0,16.06,0.0,0,273.09
p1_E2_N2.18,1083.0,44.73,24.0,2,337.18
p1_E1_W1.76,1095.0,31.8,14.0,2,311.73
p1_W3_E3.184,1104.0,20.42,4.0,1,282.97
p1_S2_N2.56,1120.0,9.27,0.0,0,244.34
p1_S2_N2.55,1100.0,31.56,17.0,1,302.53
p1_W1_E1.183,1098.0,22.06,9.0,1,287.87
p1_W3_E3.188,1128.0,7.99,0.0,0,233.54
p1_S1_E1.17,1023.0,43.15,21.0,1,428.11
p1_W1_E1.184,1104.0,24.33,9.0,1,290.84
p1_W_E.184,1104.0,32.73,14.0,2,313.74
p1_S2_N2.53,1060.0,43.2,18.0,2,343.12
p1_W3_S3.18,1083.0,24.85,9.0,1,289.85
p1_W1_E1.188,1128.0,10.53,0.0,0,256.34
p1_W3_E3.183,1098.0,20.11,6.0,1,279.53
p1_W1_E1.185,1110.0,16.48,1.0,1,265.83
p1_W_E.186,1116.0,22.85,1.0,1,304.57
p1_W1_E1.187,1122.0,18.27,0.0,0,285.1
p1_E1_W1.78,1124.0,15.93,2.0,1,269.46
p1_N1_S1.55,1100.0,40.88,14.0,2,350.77
p1_W_E.185,1110.0,20.84,2.0,2,294.68
p1_W_E.187,1122.0,19.74,0.0,0,284.94
p1_W3_E3.187,1122.0,8.39,0.0,0,250.2
p1_W_E.188,1128.0,15.38,0.0,0,288.23
p1_W1_E1.189,1134.0,8.64,0.0,0,245.37
p1_E_W.77,1109.0,31.67,13.0,2,306.65
p1_N3_S3.56,1120.0,26.28,13.0,1,287.37
p1_N3_W1.18,1083.0,25.48,8.0,1,300.05
p1_S1_N1.54,1080.0,71.42,49.0,3,388.98
p1_S1_N1.55,1100.0,51.02,31.0,2,360.79
p1_W1_E1.186,1116.0,10.9,0.0,0,248.35
p1_S1_N1.57,1140.0,14.39,1.0,1,266.98
p1_S3_N3.56,1120.0,35.75,22.0,1,304.58
p1_E3_W3.79,1138.0,18.15,4.0,1,267.34
p1_S1_N1.53,1060.0,83.87,59.0,3,396.5
p1_N2_S2.55,1100.0,56.95,33.0,3,382.17
p1_N2_S2.56,1120.0,37.57,8.0,2,338.59
p1_W3_E3.189,1134.0,24.37,11.0,1,282.04
p1_N3_S3.55,1100.0,38.11,21.0,2,325.94
p1_S1_N1.56,1120.0,27.55,10.0,2,304.59
p1_W3_S3.19,1143.0,19.09,3.0,1,293.63
p1_E_W.79,1138.0,24.66,11.0,1,283.37
p1_W3_E3.190,1140.0,23.92,4.0,1,299.17
p1_W3_E3.192,1152.0,9.59,0.0,0,254.82
p1_E_W.80,1152.0,13.04,0.0,0,262.56
p1_W3_E3.193,1158.0,7.55,0.0,0,250.56
p1_E3_W3.78,1124.0,22.72,8.0,1,280.5
p1_W_E.191,1146.0,21.43,5.0,1,288.38
p1_W1_E1.190,1140.0,30.1,10.0,1,319.7
p1_W_E.190,1140.0,22.02,9.0,1,272.75
p1_E1_W1.77,1109.0,39.68,21.0,2,323.52
p1_N3_W1.19,1143.0,21.73,6.0,1,281.87
p1_N1_W3.19,1143.0,28.04,14.0,1,313.67
p1_W1_E1.191,1146.0,25.4,3.0,1,312.37
p1_W1_E1.193,1158.0,14.07,0.0,0,281.22
p1_W_E.194,1164.0,7.84,0.0,0,240.25
p1_N1_S1.56,1120.0,50.18,29.0,2,341.06
p1_E1_W1.79,1138.0,30.49,15.0,1,300.2
p1_W1_E1.192,1152.0,21.34,0.0,0,311.23
p1_E1_W1.80,1152.0,20.67,0.0,0,312.24
p1_W_E.193,1158.0,8.25,0.0,0,238.75
p1_W3_E3.191,1146.0,14.1,0.0,0,276.13
p1_W_E.192,1152.0,21.91,3.0,1,301.15
p1_W1_E1.194,1164.0,9.95,0.0,0,259.91
p1_E2_N2.19,1141.0,29.62,9.0,2,321.21
p1_E1_W1.81,1167.0,8.18,0.0,0,241.49
p1_E1_N3.20,1200.0,14.81,2.0,1,174.36
p1_N1_S1.57,1140.0,18.7,5.0,1,283.92
p1_N3_S3.57,1140.0,31.81,17.0,1,307.3
p1_E_W.78,1124.0,20.97,4.0,1,279.77
p1_S2_N2.57,1140.0,38.45,20.0,2,333.87
p1_W_E.189,1134.0,24.06,10.0,1,280.9
p1_E3_N1.18,1083.0,49.58,30.0,2,431.55
p1_E3_W3.80,1152.0,31.88,15.0,2,307.57
p1_S3_E3.20,1203.0,17.2,4.0,1,176.16
p1_W1_E1.195,1170.0,7.85,0.0,0,236.66
p1_W1_E1.196,1176.0,7.54,0.0,0,241.85
p1_W1_E1.197,1182.0,8.16,0.0,0,239.18
p1_S2_N2.58,1160.0,13.34,0.0,0,264.46
p1_W2_S2.19,1143.0,49.36,24.0,2,354.11
p1_W3_E3.195,1170.0,22.04,8.0,1,278.05
p1_N2_S2.57,1140.0,52.75,29.0,3,363.61
p1_E_W.82,1181.0,11.92,0.0,0,267.83
p1_N2_W2.19,1143.0,37.88,10.0,2,344.98
p1_E_W.81,1167.0,27.34,7.0,2,305.74
p1_E1_W1.82,1181.0,14.16,0.0,0,272.56
p1_S2_E2.19,1143.0,51.6,25.0,3,359.89
p1_W3_E3.194,1164.0,24.52,10.0,1,286.33
p1_W_E.197,1182.0,8.6,0.0,0,251.79
p1_E3_W3.81,1167.0,21.73,7.0,1,287.23
p1_W_E.195,1170.0,27.46,5.0,1,310.31
p1_W_E.198,1188.0,8.23,0.0,0,247.8
p1_W_E.196,1176.0,14.06,0.0,0,287.26
p1_N1_S1.58,1160.0,40.9,24.0,1,341.48
p1_W3_E3.196,1176.0,21.87,8.0,1,278.99
p1_N2_S2.58,1160.0,17.56,1.0,1,271.74
p1_W_E.199,1194.0,8.01,0.0,0,251.34
p1_S3_N3.57,1140.0,52.22,29.0,2,354.18
p1_S3_N3.59,1180.0,25.14,8.0,1,303.06
p1_S3_N3.58,1160.0,46.49,25.0,2,342.97
p1_N1_S1.59,1180.0,13.82,0.0,0,264.96
p1_W3_E3.199,1194.0,7.61,0.0,0,249.69
p1_W3_E3.197,1182.0,13.85,0.0,0,269.07
p1_W1_S1.19,1143.0,58.45,33.0,2,359.91
p1_W3_E3.200,1200.0,9.84,0.0,0,247.95
p1_W3_E3.198,1188.0,12.56,0.0,0,267.93
p1_W_E.200,1200.0,8.23,0.0,0,235.01
p1_W1_E1.199,1194.0,19.28,2.0,1,293.85
p1_N3_S3.59,1180.0,33.96,9.0,3,330.25
p1_W_E.201,1206.0,7.93,0.0,0,244.28
p1_N3_S3.58,1160.0,48.41,25.0,2,358.99
p1_E3_W3.82,1181.0,33.93,16.0,2,318.49
p1_E3_W3.83,1196.0,19.42,5.0,1,285.42
p1_W1_E1.200,1200.0,14.88,0.0,0,281.09
p1_W1_E1.201,1206.0,10.48,0.0,0,260.31
p1_N3_S3.60,1200.0,11.42,0.0,0,269.67
p1_E_W.84,1210.0,7.44,0.0,0,245.83
p1_E1_W1.84,1210.0,7.88,0.0,0,238.56
p1_E1_W1.83,1196.0,20.07,6.0,1,283.8
p1_W1_E1.198,1188.0,29.32,9.0,1,306.67
p1_E2_N2.20,1200.0,20.0,2.0,1,287.42
p1_E_W.83,1196.0,17.17,4.0,1,277.3
p1_W1_E1.202,1212.0,7.77,0.0,0,241.91
p1_N2_S2.59,1180.0,46.23,29.0,2,330.81
p1_S1_E1.19,1143.0,37.78,15.0,2,420.68
p1_E3_W3.84,1210.0,17.75,4.0,1,272.88
p1_E1_N3.21,1260.0,7.79,0.0,0,166.22
p1_S1_N1.58,1160.0,65.25,40.0,3,381.31
p1_S1_N1.59,1180.0,48.83,29.0,2,339.82
p1_N2_S2.61,1220.0,8.25,0.0,0,238.21
p1_W3_S3.20,1203.0,27.18,12.0,1,306.02
p1_S1_E1.18,1083.0,58.72,25.0,3,473.92
p1_E3_N1.19,1141.0,47.37,15.0,2,447.63
p1_S1_N1.60,1200.0,29.26,7.0,2,328.72
p1_N2_S2.60,1200.0,21.28,2.0,1,288.95
p1_W3_E3.201,1206.0,24.75,11.0,1,284.94
p1_N1_S1.60,1200.0,33.13,16.0,1,314.06
p1_W1_S1.20,1203.0,31.42,9.0,2,324.12
p1_N2_W2.20,1203.0,21.22,2.0,1,289.24
p1_W3_E3.204,1224.0,9.96,0.0,0,250.25
p1_N1_W3.20,1203.0,32.16,12.0,1,320.81
p1_N1_S1.61,1220.0,15.16,0.0,0,288.78
p1_W3_E3.202,1212.0,26.04,4.0,1,306.24
p1_W3_E3.205,1230.0,9.43,0.0,0,257.66
p1_S2_N2.59,1180.0,59.66,34.0,3,380.76
p1_S2_N2.60,1200.0,40.72,21.0,2,324.53
p1_W_E.202,1212.0,28.63,12.0,1,327.04
p1_W3_E3.203,1218.0,10.51,0.0,0,261.78
p1_W2_S2.20,1203.0,34.79,14.0,3,333.94
p1_W_E.204,1224.0,10.89,0.0,0,256.13
p1_E3_W3.85,1224.0,21.26,8.0,1,291.13
p1_S3_N3.61,1220.0,25.18,13.0,1,284.41
p1_W_E.206,1236.0,11.77,0.0,0,261.38
p1_E_W.86,1239.0,9.13,0.0,0,244.75
p1_N3_S3.62,1240.0,8.03,0.0,0,244.2
p1_W_E.203,1218.0,14.32,0.0,0,267.73
p1_N3_S3.61,1220.0,25.75,12.0,1,306.75
p1_E_W.85,1224.0,15.34,0.0,0,260.69
p1_N3_W1.20,1203.0,45.98,30.0,2,339.42
p1_W1_E1.204,1224.0,25.76,5.0,2,308.76
p1_W_E.205,1230.0,8.89,0.0,0,245.67
p1_E1_W1.85,1224.0,22.45,7.0,1,272.13
p1_W1_E1.205,1230.0,17.15,0.0,0,292.91
p1_W1_E1.207,1242.0,12.07,0.0,0,281.39
p1_S3_E3.21,1263.0,30.06,19.0,1,203.1
p1_W1_E1.208,1248.0,8.58,0.0,0,240.51
p1_E1_W1.86,1239.0,18.54,4.0,1,276.0
p1_W1_E1.203,1218.0,28.14,9.0,2,301.66
p1_S2_E2.20,1203.0,53.05,36.0,2,340.88
p1_S3_N3.62,1240.0,26.35,8.0,2,303.03
p1_W1_E1.206,1236.0,9.34,0.0,0,253.83
p1_E3_N1.20,1200.0,27.84,1.0,1,433.8
p1_E3_W3.86,1239.0,20.31,6.0,1,275.28
p1_W3_E3.209,1254.0,9.14,0.0,0,251.36
p1_S3_N3.60,1200.0,55.51,32.0,3,354.96
p1_W3_E3.207,1242.0,16.55,3.0,1,280.29
p1_W3_E3.210,1260.0,12.07,0.0,0,249.99
p1_E3_W3.87,1253.0,18.25,5.0,1,287.61
p1_W3_E3.206,1236.0,27.96,9.0,1,310.04
p1_W3_E3.208,1248.0,19.69,0.0,0,310.38
p1_E_W.87,1253.0,22.68,9.0,1,276.3
p1_S2_N2.63,1260.0,16.5,2.0,1,281.13
p1_S1_N1.61,1220.0,57.26,38.0,2,352.33
p1_W1_E1.209,1254.0,23.5,9.0,1,288.22
p1_W1_E1.210,1260.0,16.84,1.0,1,270.2
p1_N1_S1.62,1240.0,38.05,22.0,1,338.99
p1_S1_N1.62,1240.0,36.41,23.0,1,307.61
p1_N2_S2.62,1240.0,39.25,20.0,2,337.03
p1_N1_S1.63,1260.0,12.84,0.0,0,288.66
p1_N1_W3.21,1263.0,15.87,0.0,0,284.34
p1_W_E.207,1242.0,37.6,15.0,3,338.22
p1_W_E.208,1248.0,34.66,9.0,2,339.8
p1_S2_N2.61,1220.0,40.46,19.0,2,324.03
p1_W_E.209,1254.0,29.35,7.0,1,320.03
p1_E1_N3.22,1320.0,7.35,0.0,0,158.82
p1_W2_S2.21,1263.0,22.89,0.0,0,276.19
p1_W_E.211,1266.0,18.8,0.0,0,288.57
p1_W_E.212,1272.0,14.4,0.0,0,271.77
p1_W1_E1.211,1266.0,21.06,7.0,1,276.63
p1_E_W.88,1268.0,19.01,5.0,1,273.49
p1_W1_E1.212,1272.0,16.74,3.0,1,282.47
p1_E_W.89,1282.0,7.85,0.0,0,248.11
p1_E3_W3.89,1282.0,8.84,0.0,0,260.06
p1_E1_W1.87,1253.0,39.45,21.0,2,330.27
p1_W3_E3.211,1266.0,26.54,12.0,1,286.46
p1_W1_E1.214,1284.0,8.23,0.0,0,247.29
p1_W_E.214,1284.0,8.08,0.0,0,238.76
p1_E1_W1.88,1268.0,22.86,8.0,1,283.03
p1_E3_W3.88,1268.0,22.97,7.0,1,284.46
p1_W1_E1.213,1278.0,8.69,0.0,0,261.7
p1_W3_E3.213,1278.0,16.28,1.0,1,268.62
p1_N3_W1.21,1263.0,30.62,10.0,1,306.03
p1_W3_E3.214,1284.0,12.44,0.0,0,265.07
p1_W_E.210,1260.0,10.38,0.0,0,255.91
p1_W3_E3.212,1272.0,25.81,9.0,1,298.97
p1_S1_E1.20,1203.0,36.92,8.0,2,443.38
p1_E2_N2.21,1260.0,42.51,22.0,2,348.25
p1_W3_S3.21,1263.0,28.18,12.0,1,295.38
p1_S3_N3.63,1260.0,32.28,19.0,1,297.38
p1_S3_N3.64,1280.0,10.33,0.0,0,250.14
p1_N3_S3.63,1260.0,45.47,20.0,2,357.81
p1_N3_S3.64,1280.0,25.76,8.0,1,311.36
p1_S3_E3.22,1323.0,25.18,10.0,2,203.21
p1_W1_E1.215,1290.0,23.29,10.0,1,292.82
p1_W_E.216,1296.0,17.38,3.0,1,271.07
p1_E1_W1.90,1296.0,13.36,0.0,0,264.22
p1_W_E.215,1290.0,25.12,8.0,1,293.72
p1_N2_W2.21,1263.0,43.25,17.0,3,347.04
p1_W1_E1.216,1296.0,9.89,0.0,0,268.74
p1_S2_N2.62,1240.0,43.59,22.0,2,336.08
p1_S2_E2.21,1263.0,41.1,22.0,2,323.47
p1_W1_E1.217,1302.0,10.01,0.0,0,255.49
p1_E1_W1.89,1282.0,26.62,8.0,2,300.71
p1_W1_E1.218,1308.0,7.44,0.0,0,239.46
p1_W_E.213,1278.0,27.61,11.0,1,287.18
p1_W3_E3.215,1290.0,29.75,16.0,1,291.37
p1_E3_W3.91,1311.0,7.85,0.0,0,235.73
p1_W_E.217,1302.0,11.16,0.0,0,257.46
p1_E_W.90,1296.0,9.25,0.0,0,245.55
p1_W3_E3.217,1302.0,20.26,7.0,1,279.13
p1_W3_E3.216,1296.0,26.77,12.0,1,295.92
p1_S1_N1.65,1300.0,24.97,13.0,1,282.31
p1_S1_N1.64,1280.0,46.57,33.0,1,324.39
p1_E3_W3.90,1296.0,18.91,2.0,1,286.81
p1_W3_E3.218,1308.0,9.46,0.0,0,247.39
p1_S3_N3.65,1300.0,28.68,11.0,1,308.52
p1_W1_S1.21,1263.0,67.94,46.0,3,389.69
p1_S1_E1.21,1263.0,24.25,0.0,0,391.6
p1_W_E.218,1308.0,8.66,0.0,0,244.79
p1_N1_S1.65,1300.0,30.04,12.0,1,312.88
p1_N1_S1.66,1320.0,12.56,0.0,0,261.39
p1_S1_N1.63,1260.0,48.85,30.0,1,331.58
p1_N1_S1.64,1280.0,53.52,32.0,2,358.68
p1_W_E.220,1320.0,8.84,0.0,0,237.34
p1_E_W.92,1325.0,7.7,0.0,0,241.4
p1_N2_S2.63,1260.0,73.5,52.0,3,400.19
p1_E_W.91,1311.0,14.28,0.0,0,261.77
p1_N2_S2.64,1280.0,53.63,35.0,2,356.0
p1_W3_E3.220,1320.0,17.51,4.0,1,275.29
p1_W1_E1.219,1314.0,25.08,11.0,1,290.55
p1_N2_S2.66,1320.0,19.03,5.0,1,272.33
p1_W2_S2.22,1323.0,11.13,0.0,0,265.11
p1_E1_W1.91,1311.0,29.52,8.0,2,317.53
p1_E3_N1.21,1260.0,21.89,0.0,0,398.28
p1_W1_E1.220,1320.0,16.37,3.0,1,275.96
p1_W1_E1.221,1327.0,12.89,0.0,0,275.21
p1_N3_W1.22,1322.0,22.31,9.0,1,282.64
p1_E3_W3.92,1325.0,18.92,6.0,1,270.86
p1_E1_N3.23,1380.0,7.75,0.0,0,167.55
p1_S2_E2.22,1323.0,21.96,4.0,1,305.23
p1_W1_E1.223,1338.0,8.36,0.0,0,247.9
p1_W3_E3.219,1314.0,20.71,7.0,1,276.19
p1_W3_S3.22,1323.0,22.13,3.0,1,296.01
p1_E1_W1.92,1325.0,22.19,3.0,2,309.95
p1_E2_N2.22,1320.0,28.32,11.0,1,311.43
p1_N2_S2.67,1340.0,7.77,0.0,0,247.28
p1_S2_N2.65,1300.0,48.85,22.0,3,363.39
p1_W3_E3.221,1326.0,11.12,0.0,0,260.03
p1_W1_E1.222,1332.0,8.45,0.0,0,241.4
p1_N2_S2.65,1300.0,28.54,8.0,2,300.21
p1_S2_N2.66,1320.0,30.41,10.0,2,311.72
p1_W1_E1.224,1344.0,8.05,0.0,0,245.52
p1_S2_N2.64,1280.0,62.32,36.0,3,379.16
p1_N3_S3.65,1300.0,54.48,33.0,2,359.04
p1_N3_S3.66,1320.0,38.81,22.0,2,322.01
p1_N3_S3.67,1340.0,19.46,4.0,1,265.06
p1_W_E.221,1326.0,28.15,15.0,1,303.07
p1_E1_W1.93,1340.0,20.78,8.0,1,271.31
p1_W_E.225,1350.0,10.95,0.0,0,257.12
p1_S3_E3.23,1383.0,16.28,5.0,1,175.38
p1_E1_W1.94,1354.0,7.93,0.0,0,241.48
p1_W_E.224,1344.0,18.77,4.0,1,292.85
p1_W1_E1.226,1356.0,7.4,0.0,0,238.22
p1_W_E.219,1314.0,35.25,21.0,1,306.25
p1_W1_S1.22,1323.0,41.61,20.0,2,341.9
p1_W_E.226,1356.0,8.56,0.0,0,246.44
p1_W_E.223,1338.0,27.97,8.0,1,315.41
p1_E_W.93,1340.0,16.44,1.0,1,266.24
p1_E_W.94,1354.0,8.57,0.0,0,253.68
p1_W_E.222,1332.0,25.07,9.0,1,288.71
p1_W1_E1.225,1350.0,9.04,0.0,0,257.19
p1_W_E.227,1362.0,7.2,0.0,0,236.7
p1_N1_S1.67,1340.0,31.03,17.0,1,290.76
p1_W3_E3.223,1338.0,25.29,12.0,1,289.32
p1_S1_N1.66,1320.0,45.44,28.0,2,331.72
p1_S3_N3.66,1320.0,54.26,29.0,3,366.69
p1_W3_E3.222,1332.0,22.55,7.0,1,279.73
p1_S1_N1.67,1340.0,36.26,22.0,1,308.52
p1_S1_N1.68,1360.0,16.31,3.0,1,273.94
p1_E_W.95,1368.0,8.54,0.0,0,239.91
p1_N1_S1.68,1360.0,10.93,0.0,0,265.27
p1_S3_N3.67,1340.0,32.27,10.0,2,328.16
p1_W3_E3.224,1344.0,30.08,17.0,1,290.07
p1_N1_W3.22,1323.0,47.74,33.0,1,333.46
p1_W3_E3.225,1350.0,20.96,5.0,1,277.79
p1_E3_W3.94,1354.0,30.54,11.0,2,314.4
p1_E3_W3.93,1340.0,44.97,22.0,3,358.26
p1_W3_E3.226,1356.0,15.76,0.0,0,270.47
p1_W3_E3.227,1362.0,23.9,2.0,1,299.78
p1_E3_W3.95,1368.0,18.58,2.0,1,292.99
p1_W3_E3.228,1368.0,20.69,9.0,1,279.9
p1_W3_E3.229,1374.0,15.21,2.0,1,271.86
p1_W3_E3.230,1380.0,10.81,0.0,0,278.17
p1_E1_W1.96,1383.0,8.19,0.0,0,239.62
p1_E1_W1.95,1368.0,18.36,5.0,1,274.68
p1_W3_S3.23,1383.0,10.21,0.0,0,265.1
p1_N2_W2.22,1323.0,71.19,45.0,4,387.0
p1_S2_N2.68,1360.0,34.09,11.0,2,337.19
p1_N2_S2.69,1380.0,13.7,1.0,1,264.74
p1_W3_E3.231,1386.0,8.39,0.0,0,237.77
p1_S2_N2.67,1340.0,48.05,29.0,2,346.05
p1_W_E.228,1368.0,27.64,14.0,1,290.55
p1_S2_N2.69,1380.0,15.77,0.0,0,280.48
p1_W1_E1.230,1380.0,17.5,3.0,1,296.27
p1_W1_E1.228,1368.0,19.25,2.0,1,289.55
p1_W1_E1.229,1374.0,19.57,0.0,0,288.61
p1_N2_W2.23,1383.0,20.81,0.0,0,295.5
p1_W1_E1.231,1386.0,17.52,0.0,0,276.71
p1_W1_E1.227,1362.0,41.83,9.0,2,357.22
p1_E_W.96,1383.0,22.19,9.0,1,291.94
p1_E1_W1.97,1397.0,8.69,0.0,0,242.34
p1_W1_E1.233,1398.0,7.82,0.0,0,241.68
p1_E1_N3.24,1443.0,6.92,0.0,0,157.44
p1_N3_S3.68,1360.0,32.26,18.0,1,293.64
p1_E_W.97,1397.0,9.91,0.0,0,248.04
p1_S3_E3.24,1443.0,7.95,0.0,0,169.68
p1_W_E.231,1386.0,23.41,5.0,1,293.3
p1_W1_E1.232,1392.0,8.42,0.0,0,250.1
p1_W_E.230,1380.0,23.47,10.0,1,282.88
p1_W_E.234,1404.0,8.23,0.0,0,247.44
p1_S1_E1.22,1323.0,48.81,23.0,2,450.26
p1_W_E.232,1392.0,22.02,2.0,1,308.93
p1_W_E.229,1374.0,27.09,13.0,1,289.84
p1_W1_S1.23,1383.0,32.8,19.0,1,314.73
p1_W3_E3.233,1398.0,17.67,4.0,1,277.06
p1_E2_N2.23,1380.0,31.56,11.0,2,326.92
p1_W_E.235,1410.0,7.24,0.0,0,240.64
p1_S3_N3.68,1360.0,55.87,38.0,2,354.77
p1_S1_N1.69,1380.0,37.74,19.0,1,336.22
p1_N1_W3.23,1383.0,36.01,19.0,1,312.66
p1_N1_S1.70,1400.0,18.73,5.0,1,276.46
p1_S1_N1.70,1400.0,13.26,0.0,0,261.39
p1_N1_S1.69,1380.0,40.46,23.0,1,338.75
p1_S3_N3.70,1400.0,19.93,4.0,1,274.18
p1_W2_S2.23,1383.0,39.92,17.0,2,345.96
p1_S3_N3.69,1380.0,42.83,19.0,3,337.65
p1_W_E.233,1398.0,9.63,0.0,0,250.57
p1_S2_E2.23,1383.0,45.25,23.0,2,347.31
p1_E3_W3.97,1397.0,31.69,13.0,2,330.59
p1_E3_W3.98,1412.0,16.8,2.0,1,288.28
p1_N3_W1.23,1383.0,46.84,29.0,2,338.87
p1_W3_E3.235,1410.0,20.27,6.0,1,284.31
p1_N2_S2.68,1360.0,41.96,23.0,2,330.78
p1_W3_E3.237,1422.0,9.98,0.0,0,255.34
p1_W3_E3.236,1416.0,16.5,1.0,1,281.32
p1_W1_E1.234,1404.0,24.32,10.0,1,273.18
p1_E3_W3.99,1426.0,8.77,0.0,0,248.06
p1_W1_E1.235,1410.0,18.37,4.0,1,272.58
p1_W3_E3.238,1428.0,8.21,0.0,0,244.28
p1_W3_E3.232,1392.0,27.11,13.0,1,281.65
p1_W1_E1.236,1416.0,19.01,2.0,1,285.48
p1_S2_N2.71,1420.0,16.77,4.0,1,274.78
p1_W3_E3.234,1404.0,33.93,12.0,1,305.72
p1_W1_E1.237,1422.0,15.66,0.0,0,275.27
p1_W1_E1.238,1428.0,10.67,0.0,0,268.78
p1_W1_E1.239,1434.0,7.56,0.0,0,241.41
p1_E1_W1.99,1426.0,16.38,3.0,1,265.21
p1_E1_W1.98,1412.0,30.68,18.0,1,294.42
p1_S2_N2.70,1400.0,35.41,21.0,1,297.45
p1_E3_N1.22,1320.0,50.09,18.0,3,454.06
p1_E3_W3.96,1383.0,33.29,13.0,2,299.89
p1_W_E.237,1422.0,24.15,10.0,1,282.44
p1_W_E.236,1416.0,30.97,16.0,1,290.58
p1_W1_E1.240,1440.0,7.35,0.0,0,242.02
p1_E1_W1.100,1440.0,7.58,0.0,0,242.06
p1_N2_S2.70,1400.0,45.67,28.0,2,330.27
p1_N2_S2.71,1420.0,28.65,9.0,2,314.96
p1_E_W.98,1412.0,37.86,19.0,2,318.63
p1_N3_S3.70,1400.0,51.24,32.0,2,356.74
p1_W_E.238,1428.0,22.78,10.0,1,286.98
p1_E_W.100,1440.0,11.39,0.0,0,253.69
p1_N3_S3.69,1380.0,71.05,52.0,2,376.97
p1_W_E.240,1440.0,12.5,0.0,0,269.59
p1_W_E.239,1434.0,21.03,4.0,1,286.17
p1_S3_N3.71,1420.0,36.25,14.0,2,328.78
p1_E_W.99,1426.0,16.57,3.0,1,274.31
p1_S3_N3.72,1440.0,12.12,0.0,0,265.69
p1_N3_S3.71,1420.0,27.22,13.0,1,285.11
p1_W3_E3.239,1434.0,21.42,9.0,1,288.85
p1_E3_W3.100,1440.0,20.84,8.0,1,280.78
p1_W_E.242,1452.0,8.05,0.0,0,242.36
p1_S1_N1.72,1440.0,22.8,8.0,1,280.84
p1_W3_S3.24,1443.0,20.26,3.0,1,292.41
p1_W_E.243,1458.0,8.0,0.0,0,242.77
p1_W3_E3.240,1440.0,25.21,4.0,1,301.18
p1_W1_S1.24,1443.0,25.91,5.0,2,315.65
p1_N1_S1.72,1440.0,28.74,9.0,1,306.96
p1_S1_N1.73,1460.0,8.74,0.0,0,250.07
p1_W3_E3.241,1446.0,24.19,0.0,0,301.41
p1_N1_S1.71,1420.0,46.2,27.0,1,333.15
p1_N1_W3.24,1443.0,26.61,7.0,1,290.47
p1_W_E.241,1446.0,9.59,0.0,0,241.41
p1_S1_N1.71,1420.0,40.17,27.0,1,311.46
p1_S3_E3.25,1503.0,15.99,7.0,1,179.29
p1_N3_S3.72,1440.0,30.11,12.0,2,309.05
p1_E3_N1.23,1380.0,54.83,25.0,4,475.09
p1_W1_E1.241,1446.0,31.9,16.0,1,303.15
p1_E1_W1.102,1469.0,9.68,0.0,0,251.45
p1_E1_W1.101,1455.0,25.4,6.0,1,303.99
p1_E2_N2.24,1443.0,39.39,23.0,1,319.82
p1_E3_W3.101,1455.0,23.94,10.0,1,285.21
p1_W1_E1.244,1464.0,12.8,0.0,0,269.36
p1_N3_W1.24,1443.0,29.02,8.0,2,302.58
p1_W1_E1.243,1458.0,16.14,1.0,1,258.58
p1_S2_N2.72,1440.0,43.84,22.0,2,339.71
p1_N2_S2.73,1460.0,23.86,8.0,1,286.34
p1_S2_N2.73,1460.0,21.63,7.0,1,285.39
p1_W1_E1.245,1470.0,14.03,0.0,0,285.8
p1_W2_S2.24,1443.0,36.89,21.0,1,320.75
p1_N2_W2.24,1443.0,38.48,19.0,2,327.05
p1_W3_E3.242,1452.0,33.66,12.0,2,324.55
p1_W1_E1.242,1452.0,21.2,6.0,1,276.67
p1_W3_E3.243,1458.0,22.74,6.0,2,303.17
p1_W_E.244,1464.0,24.01,11.0,1,280.98
p1_W3_E3.244,1464.0,20.51,1.0,1,305.74
p1_W1_E1.246,1476.0,8.14,0.0,0,247.91
p1_N2_S2.74,1480.0,8.12,0.0,0,244.32
p1_N2_S2.72,1440.0,41.84,27.0,1,322.45
p1_W3_E3.245,1470.0,11.31,0.0,0,265.19
p1_W3_E3.246,1476.0,14.86,0.0,0,269.06
p1_E1_N3.25,1500.0,17.08,5.0,1,178.35
p1_E3_W3.102,1469.0,8.14,0.0,0,238.4
p1_W_E.245,1470.0,25.85,11.0,1,281.21
p1_W_E.247,1482.0,15.02,2.0,1,260.79
p1_W3_E3.248,1488.0,8.56,0.0,0,246.56
p1_W_E.246,1476.0,21.76,7.0,1,298.29
p1_W_E.248,1488.0,11.04,0.0,0,262.36
p1_S3_N3.73,1460.0,32.5,19.0,1,292.05
p1_E1_W1.103,1484.0,8.93,0.0,0,244.12
p1_E_W.102,1469.0,33.53,16.0,2,327.68
p1_S1_E1.23,1383.0,44.49,17.0,3,448.13
p1_S3_N3.74,1480.0,9.36,0.0,0,259.37
p1_E_W.103,1484.0,15.38,2.0,1,270.65
p1_N3_S3.73,1460.0,45.41,26.0,2,336.23
p1_S2_E2.24,1443.0,60.07,34.0,4,366.72
p1_E_W.104,1498.0,7.94,0.0,0,239.74
p1_N3_S3.74,1480.0,19.78,7.0,1,274.09
p1_W1_E1.248,1488.0,22.75,8.0,1,290.31
p1_N1_S1.75,1500.0,11.16,0.0,0,269.97
p1_N1_S1.73,1460.0,51.35,38.0,1,331.05
p1_S1_N1.74,1480.0,33.78,22.0,1,298.83
p1_W1_E1.247,1482.0,19.45,6.0,1,264.84
p1_S1_E1.24,1443.0,31.56,8.0,2,415.55
p1_N1_W3.25,1503.0,13.3,0.0,0,270.23
p1_W_E.250,1500.0,18.5,5.0,1,272.81
p1_S1_N1.75,1500.0,13.02,0.0,0,263.36
p1_W_E.249,1494.0,24.98,11.0,1,285.99
p1_E3_W3.104,1498.0,22.43,10.0,1,284.38
p1_N1_S1.74,1480.0,25.35,12.0,1,299.58
p1_E3_W3.103,1484.0,36.79,17.0,2,326.98
p1_W1_E1.250,1500.0,21.09,8.0,1,276.65
p1_W_E.251,1506.0,15.13,1.0,1,268.2
p1_W3_E3.250,1500.0,17.57,6.0,1,269.27
p1_W3_E3.247,1482.0,26.74,14.0,1,291.72
p1_E1_N3.26,1560.0,7.04,0.0,0,162.52
p1_W3_E3.249,1494.0,29.0,12.0,1,294.62
p1_E2_N2.25,1501.0,10.98,0.0,0,260.3
p1_W_E.252,1512.0,8.55,0.0,0,244.65
p1_E1_W1.105,1512.0,12.05,0.0,0,277.77
p1_E_W.101,1455.0,26.85,10.0,1,303.53
p1_S2_N2.74,1480.0,48.07,28.0,1,338.8
p1_E1_W1.104,1498.0,30.56,13.0,1,311.96
p1_N3_W1.25,1503.0,21.98,5.0,1,307.46
p1_N2_W2.25,1503.0,24.46,7.0,1,300.74
p1_W3_S3.25,1503.0,26.0,10.0,1,300.47
p1_W1_E1.251,1506.0,15.76,1.0,1,271.35
p1_N2_S2.75,1500.0,30.16,14.0,1,314.93
p1_W1_E1.253,1518.0,12.1,0.0,0,266.54
p1_W1_E1.249,1494.0,25.13,12.0,1,284.66
p1_W3_E3.251,1506.0,19.08,5.0,1,274.51
p1_W3_E3.253,1518.0,11.72,0.0,0,265.24
p1_N2_S2.76,1520.0,8.16,0.0,0,251.3
p1_W1_E1.254,1524.0,8.26,0.0,0,240.17
p1_W1_E1.252,1512.0,20.84,0.0,0,308.87
p1_E3_W3.105,1512.0,21.23,7.0,1,274.1
p1_E3_W3.106,1527.0,8.12,0.0,0,242.71
p1_W3_E3.255,1530.0,7.47,0.0,0,250.15
p1_W1_E1.255,1530.0,8.37,0.0,0,233.68
p1_E3_N1.24,1443.0,53.35,19.0,4,493.28
p1_S3_N3.75,1500.0,42.96,21.0,3,342.11
p1_W2_S2.25,1503.0,37.73,18.0,3,342.81
p1_W3_E3.252,1512.0,12.72,0.0,0,270.86
p1_S2_E2.25,1503.0,41.93,13.0,2,354.08
p1_E_W.105,1512.0,34.43,16.0,2,326.96
p1_W_E.253,1518.0,28.46,14.0,1,301.55
p1_N3_S3.75,1500.0,46.64,29.0,2,339.31
p1_W_E.255,1530.0,17.43,6.0,1,272.86
p1_S3_E3.26,1563.0,28.1,16.0,1,200.86
p1_W_E.256,1536.0,13.75,1.0,1,266.36
p1_S3_N3.76,1520.0,32.33,16.0,1,307.16
p1_E_W.106,1527.0,14.14,0.0,0,264.59
p1_S3_N3.77,1540.0,14.24,1.0,1,275.15
p1_N3_S3.77,1540.0,14.86,2.0,1,271.79
p1_E1_W1.107,1541.0,14.56,0.0,0,270.47
p1_W_E.257,1542.0,8.27,0.0,0,244.53
p1_W_E.258,1548.0,9.52,0.0,0,245.65
p1_W1_S1.25,1503.0,55.55,37.0,2,345.82
p1_W_E.254,1524.0,21.05,8.0,1,282.98
p1_W1_E1.256,1536.0,23.56,9.0,1,304.87
p1_N1_S1.77,1540.0,20.02,8.0,1,281.77
p1_W1_E1.257,1542.0,17.68,2.0,1,286.27
p1_N1_S1.76,1520.0,39.59,26.0,1,308.61
p1_W_E.259,1554.0,7.93,0.0,0,241.61
p1_W3_E3.256,1536.0,28.43,16.0,1,293.87
p1_E_W.107,1541.0,22.68,10.0,1,286.22
p1_E1_W1.108,1556.0,8.06,0.0,0,239.78
p1_E1_W1.106,1527.0,26.41,12.0,1,294.17
p1_E3_W3.107,1541.0,26.57,9.0,1,321.65
p1_E3_W3.108,1556.0,10.9,0.0,0,270.81
p1_W3_E3.258,1548.0,20.16,6.0,1,274.49
p1_W_E.260,1560.0,8.16,0.0,0,234.32
p1_W3_E3.254,1524.0,31.16,18.0,1,291.09
p1_W3_E3.260,1560.0,10.45,0.0,0,248.4
p1_E2_N2.26,1560.0,9.89,0.0,0,255.81
p1_S1_N1.76,1520.0,51.51,32.0,2,364.45
p1_W3_E3.257,1542.0,26.78,13.0,1,282.07
p1_S2_N2.75,1500.0,42.12,22.0,2,324.21
p1_S1_N1.77,1540.0,31.77,11.0,1,323.59
p1_W1_E1.259,1554.0,18.46,5.0,1,269.0
p1_W3_E3.259,1554.0,18.36,2.0,1,288.45
p1_N2_S2.77,1540.0,34.04,15.0,2,317.95
p1_N2_S2.78,1560.0,14.17,1.0,1,281.34
p1_W3_S3.26,1563.0,11.52,0.0,0,273.55
p1_W1_E1.261,1566.0,8.42,0.0,0,236.52
p1_W3_E3.261,1566.0,7.68,0.0,0,234.43
p1_S1_E1.25,1503.0,15.01,0.0,0,354.19
p1_W1_E1.260,1560.0,14.49,0.0,0,266.1
p1_W1_E1.258,1548.0,31.04,11.0,1,307.04
p1_E3_W3.109,1570.0,8.66,0.0,0,249.16
p1_W3_E3.262,1572.0,7.92,0.0,0,240.82
p1_E1_W1.109,1570.0,8.86,0.0,0,251.38
p1_W3_E3.263,1578.0,8.03,0.0,0,244.48
p1_E1_N3.27,1620.0,8.27,0.0,0,165.53
p1_N2_W2.26,1563.0,27.6,9.0,1,304.78
p1_E_W.108,1556.0,29.35,16.0,1,290.87
p1_W_E.261,1566.0,26.48,13.0,1,288.39
p1_E_W.110,1584.0,7.89,0.0,0,241.48
p1_E_W.109,1570.0,23.05,6.0,1,303.37
p1_S2_N2.77,1540.0,53.5,34.0,2,353.58
p1_S2_E2.26,1563.0,12.71,0.0,0,270.48
p1_S2_N2.78,1560.0,31.95,12.0,2,316.6
p1_W_E.262,1572.0,20.82,7.0,1,282.41
p1_W_E.265,1590.0,8.35,0.0,0,245.62
p1_S3_E3.27,1623.0,20.07,6.0,1,184.94
p1_N3_S3.79,1580.0,20.32,7.0,1,279.53
p1_W_E.263,1578.0,13.61,0.0,0,269.64
p1_E3_N1.25,1501.0,58.56,29.0,3,464.86
p1_N3_S3.78,1560.0,41.33,21.0,2,324.33
p1_N1_W3.26,1563.0,31.48,10.0,2,331.94
p1_N1_S1.79,1580.0,12.6,0.0,0,270.04
p1_N1_S1.78,1560.0,38.33,16.0,2,342.1
p1_S3_N3.78,1560.0,42.79,22.0,2,361.25
p1_W1_S1.26,1563.0,33.19,10.0,1,323.3
p1_S1_N1.79,1580.0,22.02,8.0,1,279.19
p1_S2_N2.76,1520.0,53.97,34.0,2,354.18
p1_N3_S3.76,1520.0,54.68,33.0,1,358.81
p1_E_W.111,1599.0,7.8,0.0,0,243.91
p1_S3_N3.79,1580.0,12.78,0.0,0,270.01
p1_W_E.264,1584.0,9.38,0.0,0,242.4
p1_S1_N1.78,1560.0,37.7,23.0,1,303.15
p1_W_E.267,1602.0,7.81,0.0,0,241.68
p1_E1_W1.110,1584.0,31.48,12.0,2,313.01
p1_W_E.266,1596.0,8.33,0.0,0,239.31
p1_W3_E3.266,1596.0,19.44,4.0,1,282.41
p1_N3_W1.26,1563.0,52.34,30.0,3,364.66
p1_W3_E3.264,1584.0,33.07,19.0,1,298.72
p1_E3_W3.110,1584.0,32.86,15.0,2,318.29
p1_W1_E1.266,1596.0,21.45,8.0,1,277.12
p1_W3_E3.268,1608.0,8.94,0.0,0,261.59
p1_W1_E1.265,1590.0,27.9,10.0,1,309.0
p1_W3_E3.267,1602.0,17.31,0.0,0,292.3
p1_E3_W3.111,1599.0,15.58,2.0,1,267.01
p1_W1_E1.262,1572.0,44.05,21.0,2,351.29
p1_N2_S2.80,1600.0,20.76,8.0,1,282.2
p1_W3_E3.269,1614.0,7.48,0.0,0,241.66
p1_W3_E3.265,1590.0,26.96,10.0,1,304.15
p1_W2_S2.26,1563.0,60.2,41.0,2,353.88
p1_N2_S2.79,1580.0,43.36,20.0,2,359.89
p1_W1_E1.264,1584.0,25.88,4.0,1,307.09
p1_W1_E1.267,1602.0,21.48,3.0,1,278.47
p1_W1_E1.263,1578.0,35.99,12.0,2,325.25
p1_S2_N2.79,1580.0,46.06,27.0,2,354.68
p1_S2_N2.80,1600.0,14.22,0.0,0,271.03
p1_E1_W1.112,1613.0,17.22,3.0,1,273.46
p1_W3_E3.270,1620.0,8.01,0.0,0,242.12
p1_W1_E1.269,1614.0,15.77,2.0,1,265.84
p1_W1_E1.270,1620.0,11.67,0.0,0,269.25
p1_W3_E3.271,1626.0,7.41,0.0,0,240.48
p1_W1_E1.271,1626.0,8.19,0.0,0,241.92
p1_E3_W3.113,1628.0,8.22,0.0,0,242.86
p1_E1_W1.111,1599.0,25.32,12.0,1,286.69
p1_E1_W1.113,1628.0,8.66,0.0,0,243.31
p1_W1_E1.268,1608.0,18.58,5.0,1,280.58
p1_E3_W3.112,1613.0,9.89,0.0,0,250.52
p1_S2_N2.81,1620.0,8.21,0.0,0,248.0
p1_W1_E1.272,1632.0,8.65,0.0,0,243.93
p1_W3_S3.27,1623.0,11.33,0.0,0,256.14
p1_E_W.112,1613.0,30.09,12.0,2,312.58
p1_W_E.269,1614.0,29.91,11.0,2,314.54
p1_E_W.113,1628.0,14.8,0.0,0,274.75
p1_W_E.268,1608.0,33.96,16.0,2,312.78
p1_E1_N3.28,1680.0,6.57,0.0,0,169.22
p1_W_E.271,1626.0,19.93,2.0,1,286.39
p1_W_E.270,1620.0,26.94,3.0,2,303.32
p1_W_E.272,1632.0,15.74,1.0,1,277.1
p1_W_E.273,1638.0,11.23,0.0,0,260.65
p1_N1_S1.80,1600.0,50.44,32.0,2,347.19
p1_S3_N3.80,1600.0,50.96,32.0,2,340.12
p1_S3_N3.81,1620.0,30.93,12.0,2,311.15
p1_E_W.114,1642.0,8.74,0.0,0,237.6
p1_N3_S3.80,1600.0,51.79,36.0,1,343.24
p1_N1_S1.81,1620.0,32.2,15.0,1,315.63
p1_W_E.274,1644.0,8.68,0.0,0,237.73
p1_N1_W3.27,1623.0,32.86,10.0,1,329.93
p1_S1_N1.82,1640.0,8.31,0.0,0,249.56
p1_W1_S1.27,1623.0,23.29,7.0,1,285.44
p1_S3_E3.28,1683.0,16.12,3.0,1,179.17
p1_N1_S1.82,1640.0,12.41,0.0,0,274.44
p1_E3_N1.26,1560.0,40.74,21.0,1,412.14
p1_S3_N3.82,1640.0,8.99,0.0,0,252.84
p1_W_E.275,1650.0,7.79,0.0,0,238.23
p1_S1_N1.80,1600.0,44.47,28.0,1,320.26
p1_E_W.115,1656.0,7.54,0.0,0,245.33
p1_E3_W3.115,1656.0,8.23,0.0,0,239.05
p1_E1_W1.114,1642.0,22.64,7.0,1,305.52
p1_E3_W3.114,1642.0,17.93,4.0,1,274.05
p1_W3_E3.275,1650.0,14.7,0.0,0,285.5
p1_W1_E1.275,1650.0,16.27,1.0,1,282.59
p1_W_E.276,1656.0,8.16,0.0,0,237.12
p1_S1_E1.26,1563.0,60.86,35.0,2,464.37
p1_N3_W1.27,1623.0,43.86,20.0,2,325.59
p1_W3_E3.276,1656.0,10.7,0.0,0,264.0
p1_W3_E3.272,1632.0,27.48,12.0,1,302.23
p1_W1_E1.276,1656.0,12.21,0.0,0,264.64
p1_N3_S3.81,1620.0,24.83,10.0,1,291.27
p1_S1_N1.81,1620.0,22.9,7.0,1,275.52
p1_W1_E1.273,1638.0,29.07,11.0,2,301.3
p1_W3_E3.277,1662.0,8.4,0.0,0,247.5
p1_E2_N2.27,1620.0,51.91,24.0,3,361.08
p1_N2_S2.82,1640.0,31.75,19.0,1,302.24
p1_N2_S2.81,1620.0,53.43,32.0,2,364.16
p1_W3_E3.273,1638.0,18.14,2.0,1,281.91
p1_S2_N2.83,1660.0,8.55,0.0,0,253.53
p1_W2_S2.27,1623.0,51.32,21.0,2,359.4
p1_S2_N2.82,1640.0,31.62,13.0,1,309.7
p1_W1_E1.278,1668.0,8.4,0.0,0,247.63
p1_W3_E3.278,1668.0,8.17,0.0,0,234.33
p1_N2_S2.83,1660.0,8.91,0.0,0,249.29
p1_E1_W1.116,1671.0,8.72,0.0,0,240.25
p1_E1_W1.115,1656.0,9.56,0.0,0,250.71
p1_E3_W3.116,1671.0,7.92,0.0,0,240.88
p1_W3_E3.279,1674.0,8.51,0.0,0,242.61
p1_S2_E2.27,1623.0,43.85,27.0,1,327.13
p1_W3_E3.274,1644.0,11.22,0.0,0,253.51
p1_W1_E1.279,1674.0,8.61,0.0,0,241.81
p1_W1_E1.274,1644.0,14.25,0.0,0,266.55
p1_N2_W2.27,1623.0,64.06,39.0,3,378.34
p1_E_W.116,1671.0,14.97,2.0,1,265.49
p1_W3_S3.28,1683.0,9.88,0.0,0,251.08
p1_W_E.278,1668.0,16.35,2.0,1,260.82
p1_E_W.117,1685.0,7.82,0.0,0,234.76
p1_W_E.277,1662.0,21.8,8.0,1,284.54
p1_W_E.279,1674.0,20.74,0.0,0,282.76
p1_W1_S1.28,1682.0,14.8,0.0,0,297.26
p1_W_E.281,1686.0,9.97,0.0,0,258.36
p1_S1_N1.84,1680.0,17.9,5.0,1,276.1
p1_N3_S3.84,1680.0,18.08,3.0,1,294.66
p1_W_E.280,1680.0,9.34,0.0,0,243.81
p1_N1_S1.84,1680.0,19.56,5.0,1,274.41
p1_W_E.282,1692.0,8.39,0.0,0,249.44
p1_E3_N1.27,1620.0,24.88,5.0,1,373.37
p1_N1_S1.83,1660.0,39.88,25.0,1,307.18
p1_S3_N3.83,1660.0,40.92,25.0,1,302.97
p1_S3_N3.84,1680.0,18.09,5.0,1,279.27
p1_N1_W3.28,1683.0,20.21,4.0,1,287.27
p1_W1_E1.281,1686.0,21.44,8.0,1,281.83
p1_W_E.283,1698.0,7.72,0.0,0,233.96
p1_S1_E1.27,1623.0,43.59,17.0,3,446.42
p1_S1_N1.83,1660.0,34.58,21.0,1,295.66
p1_N3_S3.82,1640.0,44.73,32.0,1,322.57
p1_E_W.118,1700.0,7.69,0.0,0,229.14
p1_W_E.284,1704.0,7.55,0.0,0,231.82
p1_E1_N3.29,1740.0,14.86,3.0,1,186.22
p1_N3_W1.28,1683.0,29.35,6.0,2,326.1
p1_W1_E1.283,1698.0,14.02,2.0,1,264.33
p1_W3_E3.283,1698.0,14.42,0.0,0,293.13
p1_N3_S3.83,1660.0,30.97,17.0,1,295.66
p1_E3_W3.118,1700.0,12.94,0.0,0,276.49
p1_W1_E1.282,1692.0,21.86,6.0,1,291.41
p1_E1_W1.118,1700.0,13.66,0.0,0,265.32
p1_W1_E1.280,1680.0,30.34,12.0,1,300.35
p1_W3_E3.280,1680.0,30.29,18.0,1,298.55
p1_N2_W2.28,1683.0,35.86,17.0,2,312.64
p1_E3_W3.117,1685.0,24.43,12.0,1,289.05
p1_W1_E1.285,1710.0,8.06,0.0,0,246.61
p1_W1_E1.277,1662.0,27.97,12.0,1,293.46
p1_N2_S2.85,1700.0,18.94,4.0,1,279.31
p1_W3_E3.284,1704.0,10.14,0.0,0,265.47
p1_N2_S2.84,1680.0,40.35,24.0,1,345.1
p1_W3_E3.281,1686.0,33.75,11.0,1,327.53
p1_S2_N2.85,1700.0,19.78,6.0,1,281.24
p1_W3_E3.285,1710.0,10.82,0.0,0,276.67
p1_E1_W1.119,1714.0,8.49,0.0,0,241.69
p1_E3_W3.119,1714.0,7.84,0.0,0,243.06
p1_W2_S2.28,1683.0,24.49,9.0,1,295.09
p1_W1_E1.286,1716.0,8.73,0.0,0,238.61
p1_W3_E3.286,1716.0,8.2,0.0,0,236.5
p1_S2_N2.86,1720.0,7.9,0.0,0,235.51
p1_W1_E1.284,1704.0,8.87,0.0,0,246.36
p1_W1_E1.287,1722.0,7.82,0.0,0,243.19
p1_W3_E3.287,1722.0,7.72,0.0,0,247.9
p1_S2_N2.84,1680.0,34.02,19.0,1,295.14
p1_E1_W1.117,1685.0,23.1,7.0,1,282.08
p1_W_E.286,1716.0,17.3,2.0,1,288.57
p1_E2_N2.28,1680.0,55.03,32.0,3,365.8
p1_W_E.287,1722.0,12.83,0.0,0,264.05
p1_W3_E3.282,1692.0,15.19,0.0,0,282.71
p1_E_W.120,1728.0,7.78,0.0,0,247.95
p1_W3_E3.288,1728.0,8.18,0.0,0,254.23
p1_E3_W3.120,1728.0,8.46,0.0,0,240.25
p1_E_W.119,1714.0,23.08,5.0,1,307.12
p1_W_E.288,1728.0,8.87,0.0,0,241.58
p1_W_E.285,1710.0,21.83,7.0,1,287.12
p1_N3_S3.85,1700.0,43.52,30.0,1,321.61
p1_N3_S3.86,1720.0,23.04,5.0,2,305.08
p1_S1_N1.86,1720.0,25.28,10.0,1,293.31
p1_E3_N1.28,1680.0,24.76,8.0,1,375.36
p1_S1_N1.85,1700.0,48.47,31.0,1,327.97
p1_W_E.290,1740.0,8.21,0.0,0,240.61
p1_S3_N3.86,1720.0,23.55,10.0,1,286.27
p1_W_E.289,1734.0,8.87,0.0,0,246.6
p1_S1_N1.87,1740.0,9.49,0.0,0,253.79
p1_S3_N3.85,1700.0,42.89,30.0,1,310.06
p1_N1_S1.87,1740.0,13.37,0.0,0,272.64
p1_N1_S1.85,1700.0,41.64,22.0,1,324.8
p1_W_E.291,1746.0,7.82,0.0,0,250.81
p1_N1_S1.86,1720.0,29.62,7.0,2,322.12
p1_S3_E3.29,1743.0,41.06,29.0,1,214.68
p1_S1_E1.28,1683.0,32.82,5.0,2,410.37
p1_E1_W1.121,1743.0,13.47,0.0,0,274.22
p1_W1_E1.288,1728.0,32.65,16.0,1,312.17
p1_W1_E1.290,1740.0,22.38,5.0,1,285.22
p1_E1_W1.120,1728.0,27.11,11.0,1,294.38
p1_W1_E1.291,1746.0,18.25,0.0,0,287.39
p1_W1_E1.289,1734.0,22.02,7.0,1,278.59
p1_E1_W1.122,1757.0,7.67,0.0,0,241.72
p1_S2_E2.28,1683.0,83.18,53.0,4,406.34
p1_E_W.121,1743.0,9.33,0.0,0,245.14
p1_W1_E1.292,1752.0,13.93,0.0,0,277.02
p1_N2_S2.86,1720.0,48.53,31.0,2,347.1
p1_N2_S2.87,1740.0,28.37,10.0,2,315.16
p1_S2_N2.87,1740.0,25.32,11.0,1,290.35
p1_S2_N2.88,1760.0,8.38,0.0,0,236.57
p1_W3_E3.289,1734.0,18.38,6.0,1,270.13
p1_E3_W3.121,1743.0,9.46,0.0,0,250.34
p1_N2_S2.88,1760.0,9.66,0.0,0,250.73
p1_W3_S3.29,1743.0,13.18,0.0,0,270.02
p1_W3_E3.292,1752.0,11.74,0.0,0,263.68
p1_W3_E3.290,1740.0,18.44,0.0,0,303.25
p1_W3_E3.294,1764.0,9.0,0.0,0,256.93
p1_W1_E1.293,1758.0,8.46,0.0,0,242.27
p1_W3_E3.291,1746.0,15.35,0.0,0,274.4
p1_W3_E3.295,1770.0,8.04,0.0,0,236.21
p1_S2_E2.29,1743.0,36.65,14.0,2,341.11
p1_E2_N2.29,1740.0,41.08,18.0,3,340.51
p1_E_W.123,1772.0,9.84,0.0,0,267.09
p1_W2_S2.29,1743.0,39.91,19.0,3,339.36
p1_W1_E1.294,1764.0,8.85,0.0,0,247.02
p1_N2_W2.29,1743.0,41.78,18.0,2,340.14
p1_W3_E3.296,1776.0,7.75,0.0,0,245.71
p1_E_W.122,1757.0,28.57,10.0,2,315.58
p1_E3_W3.123,1772.0,9.0,0.0,0,247.98
p1_W3_E3.293,1758.0,9.8,0.0,0,250.57
p1_W_E.295,1770.0,14.96,0.0,0,268.69
p1_N3_W1.29,1743.0,47.32,25.0,1,330.08
p1_N3_S3.88,1760.0,29.78,11.0,2,308.53
p1_W_E.296,1776.0,14.5,0.0,0,275.29
p2_E3_S3.0,1803.0,25.7,14.0,1,196.19
p1_W_E.293,1758.0,22.22,8.0,1,275.75
p1_S3_N3.88,1760.0,31.16,17.0,1,303.11
p1_W_E.294,1764.0,28.39,7.0,1,296.25
p1_N1_S1.88,1760.0,30.28,16.0,1,293.39
p1_N1_S1.89,1780.0,13.35,0.0,0,262.66
p1_N3_S3.89,1780.0,12.69,0.0,0,265.4
p1_S3_N3.89,1780.0,12.75,0.0,0,272.82
p1_N3_S3.87,1740.0,44.21,27.0,1,325.3
p1_W_E.298,1788.0,7.88,0.0,0,235.14
p1_W_E.292,1752.0,26.7,11.0,1,286.76
p1_W_E.297,1782.0,9.26,0.0,0,255.23
p2_N3_E1.0,1803.0,35.21,21.0,2,208.02
p1_W1_E1.296,1776.0,25.36,13.0,1,285.62
p1_W_E.299,1794.0,7.95,0.0,0,243.65
p1_W1_E1.298,1788.0,15.8,2.0,1,270.11
p1_W1_S1.29,1743.0,39.5,21.0,1,319.12
p1_S1_N1.88,1760.0,35.26,17.0,2,315.01
p1_E_W.124,1786.0,8.55,0.0,0,241.95
p1_N1_W3.29,1743.0,47.11,30.0,1,325.26
p1_S1_N1.89,1780.0,15.48,1.0,1,277.53
p1_W1_E1.299,1794.0,11.06,0.0,0,260.94
p1_W3_E3.297,1782.0,25.76,12.0,1,286.09
p1_E3_W3.124,1786.0,22.03,5.0,1,301.14
p2_W1_E1.0,1800.0,7.94,0.0,0,243.51
p1_W1_E1.297,1782.0,27.69,10.0,1,314.74
p1_W3_E3.299,1794.0,15.75,2.0,1,279.4
p2_E3_W3.0,1800.0,9.76,0.0,0,251.31
p1_W3_E3.298,1788.0,18.5,5.0,1,275.23
p2_W3_E3.0,1800.0,12.72,0.0,0,265.12
p2_N2_S2.0,1800.0,14.47,0.0,0,265.49
p2_W1_N3.0,1803.0,10.19,0.0,0,258.09
p1_W1_E1.295,1770.0,26.61,12.0,1,280.57
p1_E1_W1.124,1786.0,29.43,11.0,2,330.2
p1_S2_N2.89,1780.0,35.83,23.0,1,302.66
p2_S2_N2.0,1800.0,16.12,2.0,1,267.39
p1_E3_W3.122,1757.0,31.95,16.0,1,300.93
p1_E1_W1.123,1772.0,39.6,19.0,2,339.15
p2_E1_W1.0,1800.0,17.67,4.0,1,278.21
p2_E1_W1.1,1806.0,13.49,0.0,0,270.9
p2_E1_W1.2,1812.0,7.47,0.0,0,241.02
p2_E3_W3.2,1812.0,7.99,0.0,0,252.69
p2_E3_W3.1,1806.0,9.01,0.0,0,246.34
p2_W3_E3.1,1815.0,7.55,0.0,0,242.33
p1_N2_S2.89,1780.0,30.62,16.0,1,297.13
p2_N2_E2.0,1803.0,20.97,0.0,0,322.49
p2_E1_W1.3,1818.0,8.03,0.0,0,240.0
p2_E3_W3.3,1818.0,8.61,0.0,0,243.72
p2_W_E.0,1800.0,25.09,13.0,1,277.4
p2_E3_S3.1,1863.0,6.99,0.0,0,169.37
p2_W_E.1,1815.0,13.78,1.0,1,262.15
p2_N1_S1.0,1800.0,34.58,17.0,2,324.34
p2_E_W.1,1806.0,26.44,7.0,1,321.44
p2_E_W.2,1812.0,23.86,0.0,0,299.74
p2_W_E.2,1829.0,7.36,0.0,0,236.79
p2_S3_N3.0,1800.0,37.31,24.0,1,299.22
p2_N1_S1.1,1820.0,16.37,1.0,1,277.1
p2_N3_S3.0,1800.0,33.36,19.0,1,294.98
p2_S2_W2.0,1803.0,23.21,4.0,1,310.86
p2_W3_N1.0,1803.0,29.16,13.0,1,318.82
p2_E_W.3,1818.0,19.64,0.0,0,296.73
p1_S1_E1.29,1743.0,48.51,19.0,3,462.49
p1_E3_N1.29,1740.0,45.37,18.0,2,436.91
p2_S3_N3.1,1820.0,19.54,5.0,1,274.88
p2_E_W.5,1830.0,9.51,0.0,0,243.58
p2_E_W.0,1800.0,28.35,8.0,2,309.74
p2_S1_N1.0,1800.0,40.45,23.0,1,324.51
p2_S1_N1.1,1820.0,20.29,3.0,1,297.44
p1_S3_N3.87,1740.0,77.23,57.0,2,376.02
p2_E_W.6,1836.0,7.77,0.0,0,239.98
p2_E_W.4,1824.0,8.51,0.0,0,244.81
p2_N3_E1.1,1863.0,24.6,11.0,2,199.93
p2_N3_S3.1,1820.0,13.22,0.0,0,260.15
p2_S1_N1.2,1840.0,7.43,0.0,0,235.9
p2_N1_S1.2,1840.0,8.15,0.0,0,239.44
p2_S1_W1.0,1803.0,38.91,22.0,2,325.94
p2_W1_E1.1,1815.0,34.82,17.0,2,325.5
p2_W1_E1.2,1829.0,21.19,9.0,1,283.52
p2_E3_W3.6,1836.0,16.53,3.0,1,281.03
p2_W_E.3,1844.0,7.9,0.0,0,240.52
p2_E3_W3.5,1830.0,22.55,5.0,1,293.16
p2_W3_E3.2,1829.0,25.4,12.0,1,275.82
p2_W3_E3.3,1844.0,9.72,0.0,0,258.26
p2_S3_W3.0,1803.0,48.04,24.0,3,340.38
p2_E1_W1.5,1830.0,26.35,8.0,2,319.58
p2_W2_N2.0,1803.0,48.14,26.0,3,363.82
p2_E1_W1.4,1824.0,31.12,12.0,2,316.96
p2_S2_N2.1,1820.0,38.5,23.0,1,315.68
p2_E3_W3.4,1824.0,26.57,10.0,1,296.47
p2_S2_N2.2,1840.0,17.95,5.0,1,287.46
p2_E3_W3.8,1848.0,10.08,0.0,0,263.27
p2_E1_W1.6,1836.0,21.68,3.0,1,301.73
p2_E1_W1.7,1842.0,14.34,0.0,0,273.81
p2_E2_S2.0,1803.0,59.08,35.0,3,368.35
p2_E3_W3.9,1854.0,8.71,0.0,0,248.67
p2_N2_S2.2,1840.0,18.85,5.0,1,265.79
p2_W3_E3.4,1858.0,7.4,0.0,0,247.12
p2_E1_W1.9,1854.0,8.83,0.0,0,241.0
p2_E1_W1.10,1860.0,8.17,0.0,0,236.16
p2_N2_S2.3,1860.0,8.16,0.0,0,245.27
p2_E3_W3.10,1860.0,8.41,0.0,0,240.09
p2_N2_S2.1,1820.0,36.87,21.0,1,303.63
p2_W1_E1.4,1858.0,9.75,0.0,0,250.69
p2_E3_W3.7,1842.0,9.96,0.0,0,260.6
p2_W1_E1.3,1844.0,11.32,0.0,0,267.42
p2_E_W.10,1860.0,18.56,0.0,0,292.16
p2_W1_N3.1,1861.0,17.64,3.0,1,272.25
p2_E_W.9,1854.0,26.52,5.0,1,317.22
p2_W_E.4,1858.0,21.93,8.0,1,288.73
p2_E_W.8,1848.0,27.44,9.0,2,309.59
p2_S2_N2.3,1860.0,21.27,8.0,1,279.45
p2_W_E.5,1872.0,9.82,0.0,0,251.49
p2_E_W.12,1872.0,10.33,0.0,0,261.55
p2_S3_N3.3,1860.0,21.78,8.0,1,292.39
p2_N3_S3.2,1840.0,46.35,27.0,2,341.3
p2_E1_W1.8,1848.0,10.1,0.0,0,256.5
p2_W2_N2.1,1861.0,23.98,7.0,2,297.95
p2_E1_S1.0,1803.0,34.2,15.0,1,399.32
p2_S3_N3.2,1840.0,42.11,28.0,1,318.52
p2_W3_N1.1,1861.0,20.43,2.0,2,291.71
p2_E_W.11,1866.0,13.44,0.0,0,258.05
p2_E_W.7,1842.0,30.1,12.0,1,302.94
p2_N1_S1.4,1880.0,9.06,0.0,0,241.8
p2_N3_S3.4,1880.0,9.4,0.0,0,258.42
p2_N3_E1.2,1923.0,8.3,0.0,0,178.8
p2_N3_S3.3,1860.0,20.26,4.0,1,276.1
p2_S1_W1.1,1863.0,26.39,6.0,2,316.15
p2_E_W.13,1878.0,8.15,0.0,0,239.91
p2_S1_N1.3,1860.0,29.15,8.0,1,318.45
p2_W_E.6,1887.0,8.31,0.0,0,242.07
p2_E1_W1.11,1866.0,30.84,12.0,2,315.51
p2_N1_E3.0,1803.0,51.96,18.0,4,464.29
p2_E1_W1.12,1872.0,28.05,8.0,1,321.62
p2_W3_E3.6,1887.0,13.22,0.0,0,269.0
p2_W3_E3.5,1872.0,27.22,14.0,1,290.07
p2_E1_W1.13,1878.0,25.36,1.0,1,296.75
p2_E1_W1.14,1884.0,19.03,0.0,0,297.6
p2_E_W.16,1896.0,7.69,0.0,0,252.21
p2_E3_W3.12,1872.0,32.93,14.0,1,311.83
p2_S3_W3.1,1863.0,41.0,15.0,4,353.11
p2_E3_S3.2,1923.0,25.62,10.0,2,202.8
p2_E3_W3.15,1890.0,16.99,0.0,0,287.94
p2_E_W.14,1884.0,9.58,0.0,0,243.4
p2_S2_N2.4,1880.0,29.67,15.0,1,299.93
p2_N1_S1.3,1860.0,16.78,2.0,1,273.71
p2_E3_W3.11,1866.0,32.92,14.0,2,315.87
p2_E3_W3.13,1878.0,24.4,6.0,1,293.39
p2_E3_W3.14,1884.0,28.9,6.0,1,313.62
p2_E3_W3.17,1902.0,9.97,0.0,0,253.32
p2_W3_E3.7,1901.0,7.76,0.0,0,236.34
p2_E1_W1.16,1896.0,21.14,8.0,1,281.91
p2_N2_S2.5,1900.0,18.27,1.0,1,275.43
p2_S2_N2.5,1900.0,8.93,0.0,0,243.06
p2_W1_E1.6,1887.0,29.65,10.0,2,309.2
p2_E1_W1.17,1902.0,17.52,2.0,1,278.43
p2_W1_E1.7,1901.0,19.09,5.0,1,278.52
p2_E3_W3.18,1908.0,8.49,0.0,0,249.43
p2_E1_W1.15,1890.0,24.35,12.0,1,284.39
p2_N2_E2.1,1863.0,58.95,31.0,3,374.67
p2_E3_W3.16,1896.0,9.44,0.0,0,247.07
p2_E3_W3.19,1914.0,8.48,0.0,0,244.3
p2_W1_E1.5,1872.0,40.61,22.0,2,326.93
p2_E_W.17,1902.0,22.34,5.0,1,301.23
p2_W1_E1.8,1916.0,8.57,0.0,0,246.31
p2_W3_E3.8,1916.0,8.14,0.0,0,247.77
p2_N2_S2.4,1880.0,16.95,0.0,0,287.72
p2_W_E.7,1901.0,24.64,12.0,1,283.81
p2_S2_W2.1,1863.0,63.06,38.0,3,379.04
p2_E1_W1.18,1908.0,8.64,0.0,0,241.21
p2_E_W.19,1914.0,14.96,0.0,0,262.77
p2_E_W.18,1908.0,14.79,0.0,0,276.97
p2_W_E.8,1916.0,10.11,0.0,0,244.07
p2_E_W.20,1920.0,8.18,0.0,0,243.28
p2_N3_S3.6,1920.0,12.27,0.0,0,289.17
p2_N3_S3.5,1900.0,30.04,15.0,1,297.15
p2_E_W.15,1890.0,27.34,10.0,1,289.44
p2_S1_N1.6,1920.0,15.17,0.0,0,277.34
p2_N1_S1.6,1920.0,16.09,2.0,1,286.39
p2_W3_N1.2,1920.0,16.71,3.0,1,285.86
p2_E2_S2.1,1863.0,74.75,46.0,3,406.74
p2_S1_N1.4,1880.0,48.95,35.0,1,320.38
p2_S1_N1.5,1900.0,39.01,20.0,1,332.24
p2_S3_N3.6,1920.0,10.17,0.0,0,256.86
p2_S3_N3.5,1900.0,25.61,10.0,1,287.53
p2_S1_W1.2,1923.0,12.33,0.0,0,277.93
p2_E_W.23,1938.0,7.61,0.0,0,248.73
p2_E1_W1.20,1920.0,27.31,10.0,1,309.44
p2_E1_W1.23,1938.0,9.42,0.0,0,250.02
p2_E_W.21,1926.0,8.71,0.0,0,249.19
p2_N1_S1.5,1900.0,28.93,11.0,1,299.85
p2_W1_E1.9,1930.0,19.15,1.0,1,305.95
p2_E3_W3.21,1926.0,25.19,6.0,2,313.84
p2_E1_W1.22,1932.0,16.86,1.0,1,278.47
p2_S3_N3.4,1880.0,43.23,27.0,1,320.57
p2_N2_S2.6,1920.0,32.41,19.0,1,290.68
p2_E_W.22,1932.0,9.05,0.0,0,245.95
p2_E1_W1.24,1944.0,8.03,0.0,0,237.29
p2_W3_E3.10,1944.0,8.53,0.0,0,253.98
p2_N1_E3.1,1863.0,36.33,9.0,3,433.56
p2_W2_N2.2,1920.0,32.65,16.0,2,313.21
p2_E3_W3.23,1938.0,14.97,0.0,0,267.56
p2_E2_S2.2,1923.0,30.42,16.0,1,302.39
p2_N2_S2.7,1940.0,14.42,0.0,0,279.1
p2_E3_W3.24,1944.0,10.99,0.0,0,255.46
p2_S2_N2.6,1920.0,33.49,20.0,1,302.32
p2_S2_N2.7,1940.0,16.02,3.0,1,271.28
p2_S3_W3.2,1923.0,18.34,4.0,1,290.02
p2_E3_S3.3,1983.0,16.87,4.0,1,179.04
p2_E1_W1.19,1914.0,26.9,11.0,1,285.92
p2_E3_W3.20,1920.0,37.88,13.0,3,313.75
p2_E1_W1.21,1926.0,19.1,2.0,1,277.34
p2_E1_W1.25,1950.0,9.72,0.0,0,252.2
p2_E3_W3.22,1932.0,30.5,2.0,2,313.98
p2_W1_E1.10,1944.0,9.63,0.0,0,237.78
p2_E3_W3.26,1956.0,7.14,0.0,0,247.44
p2_E1_W1.26,1956.0,8.16,0.0,0,240.32
p2_W_E.10,1944.0,22.55,7.0,1,287.1
p2_W1_E1.11,1959.0,7.79,0.0,0,236.97
p2_N2_E2.2,1923.0,44.27,22.0,3,332.5
p2_E3_W3.27,1962.0,7.7,0.0,0,249.07
p2_W3_E3.9,1930.0,14.75,0.0,0,271.73
p2_E_W.25,1950.0,22.56,4.0,1,294.16
p2_S2_W2.2,1923.0,46.1,25.0,2,352.82
p2_E_W.26,1956.0,18.91,1.0,1,290.17
p2_W1_N3.2,1920.0,55.86,33.0,2,369.69
p2_W_E.9,1930.0,27.66,12.0,1,292.57
p2_E_W.24,1944.0,32.16,12.0,2,322.93
p2_E3_W3.25,1950.0,9.32,0.0,0,234.85
p2_N3_S3.7,1940.0,36.83,24.0,1,299.71
p2_W_E.11,1959.0,8.97,0.0,0,253.86
p2_E_W.28,1968.0,8.39,0.0,0,247.93
p2_S3_N3.8,1960.0,20.47,6.0,1,271.31
p2_W_E.12,1973.0,7.33,0.0,0,239.11
p2_N1_S1.7,1940.0,40.78,27.0,1,303.43
p2_E_W.27,1962.0,9.29,0.0,0,251.86
p2_E_W.29,1974.0,7.87,0.0,0,237.84
p2_E1_S1.1,1863.0,61.27,34.0,3,461.63
p2_S1_N1.7,1940.0,43.9,32.0,1,314.07
p2_N3_S3.8,1960.0,14.25,1.0,1,272.72
p2_S3_N3.7,1940.0,37.75,23.0,1,303.65
p2_N1_S1.8,1960.0,19.36,6.0,1,279.66
p2_N3_E1.3,1983.0,47.62,34.0,2,234.4
p2_S1_N1.9,1980.0,8.29,0.0,0,246.45
p2_S1_N1.8,1960.0,22.32,8.0,1,277.72
p2_W1_E1.12,1973.0,20.86,9.0,1,277.63
p2_N1_E3.2,1923.0,28.33,9.0,1,396.14
p2_E3_W3.28,1968.0,28.52,13.0,1,310.59
p2_E3_W3.29,1974.0,21.86,5.0,1,296.21
p2_W1_E1.13,1988.0,7.81,0.0,0,258.0
p2_E1_W1.28,1968.0,29.11,13.0,1,306.85
p2_W3_E3.12,1973.0,24.45,10.0,1,280.09
p2_E_W.30,1980.0,8.24,0.0,0,239.3
p2_E1_W1.30,1980.0,19.44,3.0,1,298.0
p2_W2_N2.3,1980.0,15.1,3.0,1,273.8
p2_E1_W1.27,1962.0,33.07,15.0,1,320.66
p2_E3_W3.30,1980.0,13.82,0.0,0,270.99
p2_W3_E3.11,1959.0,30.56,17.0,1,293.98
p2_S2_N2.9,1980.0,21.81,5.0,1,297.17
p2_W1_N3.3,1980.0,21.39,3.0,2,289.23
p2_N2_S2.8,1960.0,44.77,25.0,1,352.85
p2_E1_W1.29,1974.0,17.9,4.0,1,271.64
p2_E3_W3.32,1992.0,12.03,0.0,0,257.95
p2_W3_E3.13,1988.0,9.21,0.0,0,243.52
p2_E1_W1.32,1992.0,8.24,0.0,0,245.71
p2_E1_W1.33,1998.0,8.17,0.0,0,246.99
p2_S2_N2.8,1960.0,39.97,25.0,1,326.65
p2_E2_S2.3,1983.0,16.25,1.0,1,280.55
p2_E3_S3.4,2043.0,6.89,0.0,0,168.49
p2_N2_S2.10,2000.0,8.08,0.0,0,249.64
p2_E1_W1.31,1986.0,8.67,0.0,0,252.33
p2_W3_E3.14,2002.0,9.04,0.0,0,240.49
p2_E1_W1.34,2004.0,7.45,0.0,0,246.91
p2_N2_S2.9,1980.0,17.43,2.0,1,274.52
p2_E3_W3.34,2004.0,7.94,0.0,0,243.22
p2_N2_E2.3,1983.0,31.62,8.0,3,340.31
p2_W1_E1.14,2002.0,8.56,0.0,0,239.18
p2_E3_W3.31,1986.0,9.62,0.0,0,251.31
p2_E1_W1.35,2010.0,7.07,0.0,0,236.57
p2_E3_W3.33,1998.0,9.52,0.0,0,246.28
p2_S2_N2.10,2000.0,8.65,0.0,0,248.12
p2_W_E.13,1988.0,28.9,15.0,1,289.72
p2_E_W.32,1992.0,29.04,9.0,1,304.54
p2_S3_N3.9,1980.0,41.72,27.0,1,327.98
p2_S2_W2.3,1983.0,40.57,15.0,3,344.34
p2_E_W.34,2004.0,19.69,0.0,0,302.27
p2_W_E.15,2016.0,8.13,0.0,0,237.99
p2_N3_S3.9,1980.0,44.66,29.0,1,318.12
p2_E_W.36,2016.0,9.4,0.0,0,260.86
p2_E_W.31,1986.0,33.08,13.0,2,321.58
p2_N3_S3.11,2020.0,7.82,0.0,0,241.23
p2_S3_N3.10,2000.0,21.19,7.0,1,281.62
p2_S3_N3.11,2020.0,8.8,0.0,0,242.6
p2_E_W.33,1998.0,24.24,2.0,1,307.8
p2_S1_N1.10,2000.0,29.79,13.0,1,305.34
p2_N1_S1.10,2000.0,29.9,14.0,1,301.03
p2_E_W.35,2010.0,10.23,0.0,0,253.84
p2_W3_N1.3,1980.0,51.51,27.0,3,359.08
p2_N3_E1.4,2043.0,32.83,19.0,2,214.59
p2_S1_W1.3,1983.0,49.72,30.0,1,339.45
p2_W_E.14,2002.0,10.56,0.0,0,249.89
p2_S1_N1.11,2020.0,16.79,0.0,0,281.62
p2_E_W.37,2022.0,8.45,0.0,0,238.42
p2_W_E.16,2031.0,9.24,0.0,0,244.89
p2_W3_E3.15,2016.0,27.2,14.0,1,289.81
p2_E1_W1.39,2034.0,9.29,0.0,0,262.19
p2_W1_E1.15,2016.0,28.52,15.0,1,284.6
p2_W3_E3.16,2031.0,8.45,0.0,0,251.18
p2_W1_E1.16,2031.0,14.2,0.0,0,271.46
p2_E3_W3.36,2016.0,30.39,5.0,2,342.04
p2_N2_S2.11,2020.0,29.52,11.0,1,331.17
p2_E1_W1.37,2022.0,19.18,3.0,1,296.87
p2_E3_W3.35,2010.0,41.85,12.0,2,340.01
p2_W3_E3.17,2045.0,7.58,0.0,0,239.66
p2_W1_E1.17,2045.0,7.86,0.0,0,242.83
p2_S3_W3.3,1983.0,57.05,31.0,3,367.9
p2_E3_W3.39,2034.0,19.75,0.0,0,298.25
p2_E1_W1.40,2040.0,9.03,0.0,0,244.44
p2_W1_N3.4,2040.0,13.58,1.0,1,265.63
p2_E1_S1.2,1923.0,82.37,48.0,5,531.31
p2_E3_W3.38,2028.0,28.82,3.0,1,319.7
p2_E3_W3.37,2022.0,37.39,3.0,2,348.2
p2_E1_W1.41,2046.0,7.49,0.0,0,234.88
p2_E1_W1.36,2016.0,18.32,0.0,0,281.17
p2_E3_W3.40,2040.0,19.5,1.0,1,280.06
p2_E1_W1.38,2028.0,10.9,0.0,0,257.85
p2_E3_W3.41,2046.0,8.57,0.0,0,242.73
p2_E3_W3.42,2052.0,11.48,0.0,0,260.23
p2_E1_W1.42,2052.0,9.84,0.0,0,239.62
p2_S2_N2.12,2040.0,9.77,0.0,0,243.88
p2_S3_W3.4,2043.0,22.89,11.0,1,282.53
p2_W1_E1.18,2060.0,7.4,0.0,0,241.14
p2_N3_S3.10,2000.0,50.69,32.0,2,336.05
p2_N2_E2.4,2043.0,10.55,0.0,0,251.04
p2_E_W.42,2052.0,16.97,0.0,0,283.04
p2_S2_W2.4,2043.0,26.34,12.0,1,309.91
p2_E_W.43,2058.0,12.97,0.0,0,263.82
p2_N3_S3.13,2060.0,11.27,0.0,0,261.51
p2_E_W.39,2034.0,36.89,15.0,2,332.65
p2_W_E.18,2060.0,9.37,0.0,0,249.59
p2_E_W.41,2046.0,26.87,4.0,1,312.56
p2_W_E.17,2045.0,30.27,10.0,1,302.65
p2_E_W.44,2064.0,10.93,0.0,0,247.47
p2_S3_N3.12,2040.0,29.0,12.0,1,307.16
p2_S3_N3.13,2060.0,11.8,0.0,0,271.76
p2_E_W.45,2070.0,8.12,0.0,0,243.23
p2_W3_N1.4,2040.0,38.76,20.0,2,323.67
p2_N1_S1.11,2020.0,38.95,22.0,1,315.31
p2_E_W.40,2040.0,39.85,9.0,1,313.13
p2_N1_S1.12,2040.0,39.68,21.0,2,335.45
p2_W_E.19,2074.0,8.57,0.0,0,236.45
p2_N3_S3.12,2040.0,24.98,9.0,1,277.77
p2_N1_S1.13,2060.0,23.45,1.0,1,321.58
p2_N1_S1.9,1980.0,66.43,46.0,2,373.41
p2_E_W.38,2028.0,28.03,10.0,1,295.2
p2_E_W.46,2076.0,8.07,0.0,0,253.75
p2_N3_E1.5,2103.0,10.77,0.0,0,174.06
p2_S1_N1.12,2040.0,33.69,14.0,2,306.22
p2_E3_S3.5,2103.0,22.62,12.0,1,188.49
p2_N1_E3.3,1983.0,53.91,34.0,2,444.11
p2_W1_E1.19,2074.0,16.98,5.0,1,281.04
p2_E3_W3.43,2058.0,29.33,10.0,2,308.58
p2_S1_N1.13,2060.0,18.13,0.0,0,296.79
p2_E1_S1.3,1983.0,66.23,30.0,4,505.75
p2_S1_W1.4,2043.0,40.65,16.0,2,331.75
p2_E2_S2.4,2043.0,49.53,24.0,2,357.57
p2_E3_W3.46,2076.0,14.01,0.0,0,281.23
p2_W3_E3.19,2074.0,19.7,7.0,1,281.04
p2_E1_W1.47,2082.0,12.37,0.0,0,271.54
p2_W3_E3.18,2060.0,33.97,20.0,1,296.7
p2_E3_W3.45,2070.0,22.41,0.0,0,306.7
p2_N2_S2.13,2060.0,36.24,23.0,1,309.33
p2_E1_W1.48,2088.0,8.17,0.0,0,248.95
p2_E1_W1.44,2064.0,32.78,11.0,3,336.03
p2_E3_W3.47,2082.0,14.72,0.0,0,278.18
p2_N2_S2.12,2040.0,40.51,27.0,1,313.19
p2_E3_W3.48,2088.0,10.54,0.0,0,252.66
p2_E3_W3.44,2064.0,19.74,1.0,1,324.81
p2_W3_E3.20,2088.0,7.43,0.0,0,242.47
p2_E1_W1.43,2058.0,32.77,10.0,2,325.7
p2_W1_E1.20,2088.0,8.21,0.0,0,241.12
p2_E3_W3.49,2094.0,7.25,0.0,0,238.96
p2_W2_N2.4,2040.0,61.28,38.0,3,375.45
p2_E1_W1.45,2070.0,12.44,0.0,0,269.9
p2_E1_W1.46,2076.0,10.53,0.0,0,255.61
p2_S2_N2.14,2080.0,18.2,1.0,1,275.41
p2_S2_N2.13,2060.0,47.23,25.0,2,342.31
p2_E1_W1.49,2094.0,8.2,0.0,0,240.94
p2_S2_N2.11,2020.0,61.19,43.0,2,354.9
p2_E1_W1.50,2100.0,8.14,0.0,0,238.41
p2_W1_E1.21,2103.0,7.76,0.0,0,241.62
p2_E1_W1.51,2106.0,7.58,0.0,0,231.96
p2_E_W.48,2088.0,23.59,6.0,2,306.35
p2_E_W.47,2082.0,30.34,13.0,2,314.93
p2_W1_N3.5,2100.0,19.46,7.0,1,272.24
p2_E_W.52,2112.0,7.86,0.0,0,248.05
p2_E_W.50,2100.0,20.57,2.0,1,297.11
p2_N3_S3.15,2100.0,22.24,6.0,1,292.7
p2_N1_S1.14,2080.0,43.56,30.0,1,306.78
p2_E_W.49,2094.0,29.11,2.0,1,328.06
p2_N1_S1.15,2100.0,23.34,11.0,1,285.18
p2_N2_S2.15,2100.0,23.41,10.0,1,285.27
p2_W3_N1.5,2100.0,23.85,3.0,2,313.81
p2_E_W.51,2106.0,18.04,0.0,0,292.77
p2_S1_N1.14,2080.0,46.45,26.0,1,332.23
p2_W_E.22,2117.0,9.27,0.0,0,239.58
p2_E_W.53,2118.0,8.41,0.0,0,237.05
p2_W_E.20,2088.0,23.56,10.0,1,277.86
p2_N3_S3.14,2080.0,36.68,23.0,1,309.34
p2_S1_W1.5,2103.0,25.72,2.0,2,310.03
p2_S3_N3.14,2080.0,50.23,25.0,3,360.11
p2_N2_S2.14,2080.0,27.58,13.0,1,285.49
p2_W_E.21,2103.0,15.1,0.0,0,259.63
p2_S1_N1.15,2100.0,30.1,5.0,2,329.79
p2_E_W.54,2124.0,8.15,0.0,0,241.49
p2_S3_N3.15,2100.0,24.76,5.0,2,296.33
p2_W3_E3.21,2103.0,31.15,17.0,1,308.0
p2_N1_E3.4,2043.0,48.42,21.0,3,481.97
p2_N3_E1.6,2163.0,15.41,1.0,1,184.17
p2_E3_W3.51,2106.0,26.08,10.0,1,285.78
p2_W3_E3.22,2117.0,19.67,6.0,1,300.67
p2_E3_W3.54,2124.0,13.33,0.0,0,271.66
p2_E3_W3.52,2112.0,27.24,6.0,1,294.9
p2_E_W.55,2130.0,7.59,0.0,0,244.7
p2_E3_S3.6,2163.0,19.62,8.0,2,195.66
p2_E1_W1.53,2118.0,24.39,6.0,1,302.23
p2_E1_W1.54,2124.0,16.09,0.0,0,269.71
p2_W1_E1.23,2132.0,9.87,0.0,0,261.71
p2_S3_W3.5,2103.0,18.06,5.0,1,279.65
p2_E1_W1.56,2136.0,8.08,0.0,0,248.61
p2_W1_E1.22,2117.0,23.29,9.0,1,279.21
p2_S2_N2.16,2120.0,25.81,7.0,2,306.51
p2_N2_S2.17,2140.0,8.82,0.0,0,245.47
p2_E1_W1.57,2142.0,8.28,0.0,0,241.8
p2_N2_S2.16,2120.0,30.92,14.0,1,323.18
p2_S2_N2.17,2140.0,9.7,0.0,0,250.88
p2_E2_S2.5,2103.0,38.88,19.0,2,314.71
p2_W2_N2.5,2100.0,33.49,20.0,1,301.74
p2_E3_W3.50,2100.0,25.71,9.0,1,287.85
p2_S2_N2.15,2100.0,47.16,26.0,2,330.99
p2_W1_E1.24,2146.0,8.36,0.0,0,238.65
p2_E1_W1.52,2112.0,20.08,6.0,1,274.79
p2_E1_W1.58,2148.0,8.51,0.0,0,245.73
p2_W3_E3.24,2146.0,13.65,0.0,0,271.34
p2_S2_W2.5,2103.0,58.37,34.0,3,374.79
p2_W3_E3.23,2132.0,25.04,12.0,1,281.67
p2_E_W.56,2136.0,25.93,13.0,1,294.52
p2_E1_W1.59,2154.0,7.86,0.0,0,244.81
p2_N2_E2.5,2103.0,59.85,35.0,2,380.17
p2_E1_W1.55,2130.0,9.41,0.0,0,251.66
p2_E3_W3.56,2136.0,20.25,7.0,1,278.81
p2_W_E.23,2132.0,28.99,14.0,1,297.0
p2_E_W.58,2148.0,16.23,2.0,1,274.46
p2_E3_W3.57,2142.0,16.51,1.0,1,271.83
p2_E3_W3.59,2154.0,12.16,0.0,0,256.26
p2_E3_W3.58,2148.0,20.05,1.0,1,287.22
p2_W_E.25,2160.0,8.57,0.0,0,240.27
p2_E_W.60,2160.0,8.3,0.0,0,235.25
p2_E_W.57,2142.0,17.1,3.0,1,273.91
p2_W_E.24,2146.0,10.31,0.0,0,262.13
p2_S3_N3.16,2120.0,50.14,35.0,1,333.14
p2_S3_N3.17,2140.0,30.3,15.0,1,301.86
p2_E1_S1.5,2103.0,25.08,6.0,1,386.96
p2_E_W.59,2154.0,9.18,0.0,0,245.53
p2_E1_S1.4,2043.0,87.38,55.0,3,554.05
p2_N1_S1.18,2160.0,14.55,1.0,1,270.17
p2_E3_W3.53,2118.0,27.56,13.0,1,300.36
p2_N1_S1.17,2140.0,36.46,16.0,1,322.56
p2_S1_N1.16,2120.0,44.1,32.0,1,317.13
p2_E3_W3.55,2130.0,18.68,4.0,1,269.93
p2_S1_N1.17,2140.0,25.22,11.0,1,291.18
p2_N3_S3.16,2120.0,47.03,33.0,1,322.4
p2_N1_S1.16,2120.0,48.0,34.0,1,332.79
p2_S1_N1.18,2160.0,14.91,0.0,0,277.13
p2_E_W.62,2172.0,7.95,0.0,0,242.73
p2_W_E.26,2175.0,6.98,0.0,0,242.49
p2_E1_W1.60,2160.0,23.67,11.0,1,293.69
p2_W3_E3.25,2160.0,25.52,7.0,1,319.12
p2_N1_E3.5,2103.0,39.66,16.0,2,431.19
p2_N3_S3.17,2140.0,33.54,19.0,1,296.33
p2_W1_E1.25,2160.0,27.46,16.0,1,292.86
p2_W3_E3.26,2175.0,12.33,0.0,0,278.12
p2_E1_W1.61,2166.0,22.93,10.0,1,286.4
p2_W1_E1.26,2175.0,14.14,2.0,1,264.39
p2_E3_S3.7,2223.0,10.98,0.0,0,176.18
p2_E3_W3.60,2160.0,31.64,12.0,2,324.5
p2_S2_N2.18,2160.0,31.96,20.0,1,292.31
p2_E_W.61,2166.0,9.52,0.0,0,243.47
p2_E3_W3.61,2166.0,25.91,3.0,2,310.72
p2_E1_W1.64,2184.0,8.56,0.0,0,239.89
p2_S3_W3.6,2163.0,29.8,8.0,1,314.04
p2_E1_W1.62,2172.0,16.91,2.0,1,273.03
p2_E3_W3.64,2184.0,9.76,0.0,0,257.33
p2_E2_S2.6,2163.0,32.25,15.0,1,317.08
p2_S2_N2.19,2180.0,14.67,0.0,0,264.82
p2_E3_W3.62,2172.0,20.47,1.0,1,294.37
p2_W1_E1.27,2189.0,8.0,0.0,0,246.25
p2_E1_W1.65,2190.0,7.57,0.0,0,245.87
p2_E3_W3.63,2178.0,9.8,0.0,0,245.51
p2_E3_W3.65,2190.0,7.47,0.0,0,240.69
p2_N2_S2.19,2180.0,22.02,0.0,0,298.76
p2_W1_N3.6,2163.0,40.91,24.0,2,325.38
p2_E3_W3.66,2196.0,7.69,0.0,0,243.91
p2_N2_S2.18,2160.0,29.54,16.0,1,288.09
p2_E1_W1.63,2178.0,9.74,0.0,0,254.11
p2_W_E.27,2189.0,19.12,6.0,1,291.72
p2_W3_E3.27,2189.0,8.94,0.0,0,236.76
p2_N2_E2.6,2163.0,45.13,20.0,3,354.9
p2_E1_W1.66,2196.0,7.97,0.0,0,241.23
p2_E_W.64,2184.0,26.78,10.0,1,312.32
p2_W_E.28,2204.0,8.02,0.0,0,241.16
p2_E3_W3.67,2202.0,8.21,0.0,0,237.58
p2_S2_W2.6,2163.0,45.71,25.0,2,335.87
p2_E_W.63,2178.0,29.1,15.0,1,288.88
p2_E_W.67,2202.0,13.99,0.0,0,268.64
p2_W3_N1.6,2163.0,54.11,36.0,3,352.54
p2_N1_S1.19,2180.0,37.48,23.0,1,305.6
p2_E_W.68,2208.0,9.73,0.0,0,251.12
p2_N1_S1.20,2200.0,14.01,0.0,0,266.79
p2_S3_N3.20,2200.0,19.33,5.0,1,280.15
p2_S3_N3.19,2180.0,40.56,27.0,1,321.61
p2_E_W.65,2190.0,13.95,0.0,0,273.65
p2_E_W.66,2196.0,24.69,0.0,0,309.15
p2_N3_S3.20,2200.0,16.13,2.0,1,267.87
p2_N3_S3.19,2180.0,38.1,23.0,1,311.35
p2_S1_N1.20,2200.0,21.91,8.0,1,283.89
p2_S3_N3.18,2160.0,47.07,32.0,1,317.99
p2_N3_E1.7,2223.0,43.55,29.0,2,229.33
p2_S1_N1.19,2180.0,35.85,23.0,1,300.34
p2_W2_N2.6,2163.0,61.92,34.0,4,374.64
p2_W_E.29,2218.0,8.85,0.0,0,242.77
p2_W1_E1.28,2204.0,25.39,12.0,1,286.75
p2_E_W.69,2214.0,9.72,0.0,0,243.57
p2_W1_E1.29,2218.0,10.6,0.0,0,279.67
p2_N3_S3.18,2160.0,47.18,31.0,1,329.87
p2_E1_W1.69,2214.0,18.83,3.0,1,294.25
p2_E3_W3.69,2214.0,18.73,6.0,1,275.0
p2_S1_W1.6,2163.0,53.83,37.0,1,343.56
p2_E1_W1.67,2202.0,26.66,10.0,1,307.3
p2_E1_W1.68,2208.0,24.59,7.0,1,320.48
p2_W3_E3.29,2218.0,19.22,5.0,1,274.71
p2_E3_W3.68,2208.0,23.02,10.0,1,281.1
p2_E1_W1.70,2220.0,9.58,0.0,0,245.72
p2_E3_W3.70,2220.0,15.18,1.0,1,265.94
p2_E1_W1.71,2226.0,12.12,0.0,0,277.13
p2_W1_E1.30,2232.0,8.0,0.0,0,249.91
p2_E3_W3.72,2232.0,7.79,0.0,0,246.13
p2_N2_S2.20,2200.0,39.23,25.0,1,313.0
p2_S2_N2.21,2220.0,20.77,8.0,1,279.28
p2_E1_W1.72,2232.0,9.15,0.0,0,241.7
p2_W3_E3.28,2204.0,30.61,17.0,1,293.16
p2_S2_N2.20,2200.0,39.37,26.0,1,313.06
p2_E1_W1.73,2238.0,7.25,0.0,0,248.6
p2_S2_N2.22,2240.0,7.15,0.0,0,249.87
p2_N2_S2.21,2220.0,18.02,4.0,1,281.43
p2_E3_W3.71,2226.0,9.42,0.0,0,248.36
p2_W3_E3.30,2232.0,8.77,0.0,0,240.5
p2_E3_S3.8,2283.0,7.76,0.0,0,168.4
p2_N2_E2.7,2223.0,28.87,9.0,2,317.7
p2_E3_W3.73,2238.0,9.31,0.0,0,237.8
p2_E1_W1.74,2244.0,7.63,0.0,0,236.82
p2_W1_E1.31,2247.0,7.37,0.0,0,248.06
p2_W_E.31,2247.0,8.5,0.0,0,246.22
p2_W3_E3.31,2247.0,7.71,0.0,0,243.35
p2_W1_N3.7,2221.0,24.36,10.0,1,282.93
p2_E3_W3.74,2244.0,7.35,0.0,0,243.87
p2_W_E.30,2232.0,25.45,13.0,1,283.18
p2_S2_W2.7,2223.0,34.76,13.0,2,340.45
p2_E_W.72,2232.0,26.31,8.0,1,307.49
p2_E_W.74,2244.0,16.64,0.0,0,296.32
p2_E_W.70,2220.0,30.91,17.0,1,293.08
p2_S3_N3.21,2220.0,44.38,30.0,1,307.78
p2_E_W.71,2226.0,37.61,20.0,2,310.03
p2_S3_N3.22,2240.0,19.95,6.0,1,279.34
p2_S1_N1.22,2240.0,25.88,12.0,1,297.4
p2_E_W.75,2250.0,15.98,0.0,0,264.28
p2_E_W.76,2256.0,9.01,0.0,0,239.55
p2_N1_S1.22,2240.0,26.68,10.0,1,318.01
p2_N3_S3.22,2240.0,24.72,11.0,1,285.55
p2_S1_W1.7,2222.0,45.92,27.0,2,319.08
p2_W3_N1.7,2221.0,47.06,23.0,3,335.47
p2_N3_S3.23,2260.0,7.82,0.0,0,243.15
p2_E1_S1.6,2163.0,62.36,33.0,3,475.83
p2_N3_E1.8,2283.0,27.67,16.0,2,207.21
p2_N1_S1.23,2260.0,10.55,0.0,0,255.65
p2_E_W.73,2238.0,22.01,1.0,1,301.85
p2_E_W.77,2262.0,8.95,0.0,0,235.37
p2_W_E.32,2261.0,7.77,0.0,0,243.51
p2_N1_S1.21,2220.0,46.36,27.0,2,331.04
p2_E_W.78,2268.0,7.38,0.0,0,240.95
p2_S1_N1.23,2260.0,8.09,0.0,0,244.85
p2_S3_W3.7,2223.0,54.36,34.0,2,350.02
p2_W3_E3.32,2261.0,17.23,4.0,1,285.93
p2_N1_E3.6,2163.0,73.0,38.0,3,511.53
p2_E3_W3.76,2256.0,23.38,10.0,1,277.3
p2_N3_S3.21,2220.0,38.06,23.0,1,313.04
p2_W1_E1.32,2261.0,18.87,6.0,1,282.03
p2_E3_W3.78,2268.0,12.83,0.0,0,260.59
p2_E3_W3.79,2274.0,8.85,0.0,0,238.93
p2_W1_E1.33,2276.0,7.81,0.0,0,240.22
p2_S1_N1.21,2220.0,38.93,24.0,1,302.97
p2_E3_W3.77,2262.0,22.76,5.0,1,300.16
p2_E1_W1.75,2250.0,35.8,15.0,2,347.8
p2_E1_W1.76,2256.0,30.22,9.0,2,327.67
p2_N2_S2.23,2260.0,23.19,9.0,1,271.94
p2_S2_N2.24,2280.0,7.31,0.0,0,244.76
p2_W2_N2.7,2221.0,51.85,35.0,2,334.74
p2_E3_W3.75,2250.0,25.89,12.0,1,287.66
p2_E1_W1.79,2274.0,14.1,0.0,0,275.73
p2_N2_S2.24,2280.0,8.27,0.0,0,245.71
p2_E2_S2.7,2223.0,60.38,41.0,3,351.65
p2_S2_N2.23,2260.0,29.04,13.0,1,300.83
p2_N2_S2.22,2240.0,50.12,32.0,1,345.13
p2_E1_W1.78,2268.0,15.1,0.0,0,278.58
p2_E1_W1.80,2280.0,10.0,0.0,0,266.23
p2_E1_W1.81,2286.0,8.34,0.0,0,245.49
p2_W3_E3.33,2276.0,9.62,0.0,0,247.89
p2_E3_W3.80,2280.0,8.56,0.0,0,244.94
p2_W3_E3.34,2290.0,8.16,0.0,0,235.67
p2_E1_W1.77,2262.0,10.46,0.0,0,250.45
p2_W1_N3.8,2280.0,21.27,8.0,1,276.86
p2_E_W.80,2280.0,20.62,6.0,1,293.98
p2_E3_W3.81,2286.0,8.7,0.0,0,246.29
p2_S2_W2.8,2283.0,21.76,5.0,1,301.29
p2_E_W.81,2286.0,18.25,1.0,1,293.99
p2_N2_E2.8,2283.0,19.64,5.0,1,295.36
p2_E_W.79,2274.0,33.05,14.0,1,319.66
p2_E_W.82,2292.0,14.9,0.0,0,282.55
p2_E_W.83,2298.0,9.26,0.0,0,255.54
p2_E3_S3.9,2343.0,8.08,0.0,0,174.94
p2_W_E.34,2290.0,22.31,2.0,1,293.93
p2_W_E.33,2276.0,24.59,11.0,1,286.06
p2_S1_N1.24,2280.0,34.2,16.0,2,320.08
p2_N1_S1.25,2300.0,13.72,0.0,0,278.09
p2_W_E.35,2304.0,10.12,0.0,0,253.04
p2_E1_S1.7,2223.0,34.78,12.0,2,415.64
p2_W3_N1.8,2280.0,34.15,13.0,2,330.66
p2_S3_N3.25,2300.0,13.88,0.0,0,268.97
p2_S3_N3.23,2260.0,47.39,33.0,1,321.94
p2_N1_S1.24,2280.0,36.0,17.0,2,325.54
p2_S1_N1.25,2300.0,16.16,3.0,1,269.51
p2_N3_E1.9,2343.0,17.05,5.0,1,186.11
p2_N3_S3.24,2280.0,38.32,19.0,2,325.1
p2_N3_S3.25,2300.0,19.4,1.0,1,291.67
p2_S1_W1.8,2283.0,36.64,12.0,2,335.93
p2_E_W.85,2310.0,8.33,0.0,0,239.91
p2_E_W.84,2304.0,8.42,0.0,0,237.13
p2_E3_W3.86,2316.0,11.04,0.0,0,266.93
p2_W_E.36,2319.0,7.89,0.0,0,244.33
p2_E3_W3.85,2310.0,18.81,3.0,1,284.35
p2_W3_E3.36,2319.0,9.76,0.0,0,257.43
p2_S3_W3.8,2283.0,44.69,24.0,2,336.75
p2_W1_E1.36,2319.0,11.33,0.0,0,270.45
p2_E1_W1.85,2310.0,21.56,2.0,1,306.33
p2_W3_E3.35,2304.0,17.67,4.0,1,268.44
p2_E1_W1.86,2316.0,15.94,0.0,0,292.64
p2_E1_W1.83,2298.0,35.35,10.0,1,334.08
p2_E1_W1.84,2304.0,29.04,6.0,1,320.56
p2_S2_N2.26,2320.0,14.27,0.0,0,286.3
p2_E3_W3.83,2298.0,25.1,11.0,1,295.13
p2_W1_E1.35,2304.0,26.77,12.0,1,292.34
p2_S3_N3.24,2280.0,25.1,11.0,1,292.83
p2_E3_W3.82,2292.0,26.54,10.0,1,301.17
p2_W1_E1.34,2290.0,36.22,16.0,1,318.62
p2_N2_S2.25,2300.0,37.47,17.0,1,339.22
p2_E3_W3.84,2304.0,33.5,8.0,1,315.06
p2_N2_S2.26,2320.0,14.92,1.0,1,282.76
p2_E1_W1.87,2322.0,12.04,0.0,0,260.21
p2_E3_W3.87,2322.0,9.61,0.0,0,254.19
p2_S2_N2.25,2300.0,37.91,21.0,1,323.92
p2_E1_W1.88,2328.0,10.44,0.0,0,250.63
p2_E3_W3.88,2328.0,10.49,0.0,0,234.68
p2_W2_N2.8,2280.0,49.73,27.0,2,355.12
p2_W3_E3.37,2333.0,8.06,0.0,0,244.01
p2_E1_W1.82,2292.0,28.1,10.0,1,305.03
p2_E1_W1.89,2334.0,8.24,0.0,0,248.03
p2_E3_W3.89,2334.0,7.7,0.0,0,237.29
p2_W1_E1.37,2333.0,8.73,0.0,0,238.72
p2_E3_W3.90,2340.0,8.14,0.0,0,240.2
p2_E1_W1.90,2340.0,8.47,0.0,0,237.74
p2_W1_N3.9,2340.0,13.33,0.0,0,270.88
p2_E1_W1.91,2346.0,7.65,0.0,0,242.49
p2_E3_W3.91,2346.0,7.94,0.0,0,244.22
p2_E_W.88,2328.0,21.7,8.0,1,283.3
p2_W_E.37,2333.0,23.26,4.0,2,295.35
p2_E_W.89,2334.0,23.14,5.0,1,300.02
p2_W_E.38,2348.0,8.94,0.0,0,246.05
p2_E_W.86,2316.0,29.47,13.0,1,306.78
p2_E_W.87,2322.0,32.58,14.0,1,314.09
p2_N1_S1.26,2320.0,38.79,24.0,1,316.68
p2_E_W.91,2346.0,16.45,1.0,1,281.13
p2_E1_S1.8,2283.0,36.48,14.0,2,420.81
p2_N1_S1.27,2340.0,18.04,3.0,1,284.77
p2_S1_N1.27,2340.0,24.89,5.0,2,307.73
p2_E_W.90,2340.0,12.56,0.0,0,257.47
p2_E_W.93,2358.0,9.13,0.0,0,244.44
p2_E_W.92,2352.0,9.38,0.0,0,254.53
p2_E2_S2.8,2283.0,85.6,56.0,5,413.35
p2_N3_S3.27,2340.0,29.13,8.0,2,304.3
p2_N1_S1.28,2360.0,8.11,0.0,0,253.14
p2_S1_N1.28,2360.0,8.05,0.0,0,247.33
p2_W_E.39,2362.0,8.04,0.0,0,245.76
p2_S3_N3.27,2340.0,20.34,7.0,1,274.06
p2_W3_N1.9,2340.0,16.55,0.0,0,270.3
p2_S3_N3.26,2320.0,40.32,25.0,1,306.08
p2_E_W.94,2364.0,8.49,0.0,0,236.49
p2_N3_E1.10,2403.0,12.82,1.0,1,179.8
p2_S1_N1.26,2320.0,54.09,28.0,2,351.05
p2_N1_E3.7,2223.0,108.16,69.0,6,569.38
p2_N3_S3.26,2320.0,43.34,25.0,2,325.61
p2_S1_W1.9,2343.0,25.13,5.0,1,296.98
p2_W1_E1.39,2362.0,14.36,1.0,1,263.37
p2_E_W.95,2370.0,8.56,0.0,0,240.34
p2_N3_S3.28,2360.0,15.91,2.0,1,272.16
p2_W1_E1.38,2348.0,27.97,15.0,1,296.16
p2_E1_W1.92,2352.0,28.52,13.0,1,306.21
p2_E3_W3.92,2352.0,29.64,10.0,1,311.32
p2_E3_S3.10,2403.0,20.06,9.0,1,192.0
p2_E3_W3.95,2370.0,13.76,0.0,0,267.33
p2_W1_E1.40,2376.0,8.03,0.0,0,237.68
p2_E1_W1.96,2376.0,7.91,0.0,0,235.49
p2_E1_W1.94,2364.0,22.41,1.0,1,314.51
p2_S3_W3.9,2343.0,29.1,6.0,3,310.21
p2_N2_S2.27,2340.0,48.76,30.0,1,353.47
p2_E3_W3.96,2376.0,9.51,0.0,0,249.52
p2_N2_S2.28,2360.0,30.2,10.0,1,331.45
p2_S2_N2.28,2360.0,26.29,11.0,1,297.57
p2_E1_W1.97,2382.0,7.73,0.0,0,246.88
p2_E2_S2.9,2343.0,43.49,24.0,2,335.9
p2_E1_W1.93,2358.0,33.06,10.0,2,308.83
p2_W3_E3.40,2376.0,7.91,0.0,0,247.38
p2_S2_N2.29,2380.0,9.58,0.0,0,250.65
p2_E3_W3.97,2382.0,9.28,0.0,0,241.15
p2_W3_E3.38,2348.0,22.02,7.0,1,282.81
p2_W2_N2.9,2340.0,32.01,18.0,1,302.67
p2_S2_N2.27,2340.0,44.54,27.0,1,321.84
p2_W3_E3.39,2362.0,10.0,0.0,0,252.18
p2_N2_S2.29,2380.0,8.66,0.0,0,241.49
p2_E1_W1.98,2388.0,7.82,0.0,0,239.0
p2_E3_W3.98,2388.0,8.16,0.0,0,244.0
p2_E3_W3.93,2358.0,36.44,13.0,2,331.71
p2_E3_W3.94,2364.0,10.44,0.0,0,259.47
p2_W3_E3.41,2391.0,7.46,0.0,0,239.99
p2_W_E.41,2391.0,10.17,0.0,0,258.02
p2_E_W.97,2382.0,19.88,7.0,1,278.22
p2_W1_E1.41,2391.0,8.02,0.0,0,243.92
p2_E1_W1.99,2394.0,7.6,0.0,0,250.38
p2_N2_E2.9,2343.0,59.41,33.0,3,374.16
p2_W_E.40,2376.0,24.29,10.0,1,297.42
p2_S2_W2.9,2343.0,46.49,28.0,2,343.7
p2_E_W.99,2394.0,9.76,0.0,0,256.01
p2_E1_W1.95,2370.0,10.21,0.0,0,253.33
p2_E_W.96,2376.0,29.52,12.0,1,302.44
p2_E_W.98,2388.0,17.53,1.0,1,282.49
p2_E_W.100,2400.0,8.64,0.0,0,241.54
p2_N1_S1.29,2380.0,31.82,17.0,1,304.8
p2_S1_N1.29,2380.0,34.37,15.0,2,330.51
p2_S1_N1.30,2400.0,14.94,0.0,0,277.64
p2_S3_N3.30,2400.0,16.14,4.0,1,273.82
p2_E_W.101,2406.0,8.68,0.0,0,250.07
p2_N1_S1.30,2400.0,8.67,0.0,0,242.15
p2_N3_S3.30,2400.0,17.33,4.0,1,278.88
p2_S1_W1.10,2403.0,10.66,0.0,0,259.64
p2_S3_N3.29,2380.0,31.04,16.0,1,289.43
p2_E_W.102,2412.0,8.09,0.0,0,242.16
p2_N3_S3.29,2380.0,35.95,17.0,2,334.27
p2_W_E.43,2420.0,8.36,0.0,0,247.73
p2_N1_E3.8,2283.0,99.96,57.0,6,561.73
p2_N3_E1.11,2463.0,9.6,0.0,0,177.04
p2_S3_W3.10,2403.0,27.34,5.0,1,326.4
p2_W3_E3.42,2405.0,25.12,8.0,1,310.38
p2_E_W.103,2418.0,8.19,0.0,0,236.98
p2_W1_E1.43,2420.0,12.53,0.0,0,278.92
p2_S3_N3.28,2360.0,48.49,35.0,1,324.74
p2_E1_W1.100,2400.0,33.92,12.0,2,314.07
p2_W_E.42,2405.0,10.35,0.0,0,255.25
p2_E3_W3.99,2394.0,31.62,16.0,1,291.98
p2_E3_W3.103,2418.0,11.62,0.0,0,259.17
p2_E3_S3.11,2463.0,15.15,1.0,1,188.56
p2_E1_W1.101,2406.0,29.94,8.0,2,304.5
p2_E3_W3.100,2400.0,36.74,16.0,1,318.93
p2_S2_N2.31,2420.0,16.96,4.0,1,278.68
p2_E3_W3.104,2424.0,13.04,0.0,0,277.36
p2_W2_N2.10,2400.0,37.89,19.0,1,323.44
p2_E1_W1.102,2412.0,24.4,2.0,1,311.09
p2_E1_W1.103,2418.0,19.92,1.0,1,292.15
p2_E3_W3.101,2406.0,32.74,7.0,1,337.71
p2_E3_W3.105,2430.0,8.69,0.0,0,260.71
p2_N2_S2.30,2400.0,37.01,20.0,1,328.61
p2_W1_E1.42,2405.0,19.48,5.0,1,272.5
p2_E3_W3.102,2412.0,24.48,2.0,1,313.96
p2_W3_E3.43,2420.0,8.97,0.0,0,247.82
p2_E1_W1.104,2424.0,9.37,0.0,0,247.15
p2_W1_E1.44,2434.0,8.1,0.0,0,247.76
p2_E3_W3.106,2436.0,7.45,0.0,0,243.53
p2_E2_S2.10,2403.0,30.13,17.0,1,296.22
p2_N2_S2.31,2420.0,14.93,0.0,0,289.03
p2_E1_W1.105,2430.0,8.74,0.0,0,233.24
p2_E1_W1.106,2436.0,7.78,0.0,0,240.57
p2_W3_E3.44,2434.0,8.4,0.0,0,250.26
p2_S2_N2.32,2440.0,8.1,0.0,0,250.86
p2_E3_W3.107,2442.0,7.77,0.0,0,238.64
p2_S2_N2.30,2400.0,30.77,15.0,1,298.5
p2_E1_W1.107,2442.0,8.61,0.0,0,251.58
p2_E_W.105,2430.0,25.72,4.0,1,306.82
p2_W_E.45,2448.0,8.33,0.0,0,252.14
p2_E3_W3.108,2448.0,8.23,0.0,0,239.98
p2_E_W.108,2448.0,9.41,0.0,0,264.51
p2_S2_W2.10,2403.0,54.31,30.0,3,366.21
p2_N2_E2.10,2403.0,54.71,30.0,3,378.06
p2_W_E.44,2434.0,21.57,3.0,1,309.66
p2_E_W.107,2442.0,17.19,0.0,0,292.8
p2_E_W.106,2436.0,23.95,3.0,1,311.11
p2_W1_N3.10,2400.0,28.37,8.0,2,303.4
p2_N1_S1.32,2440.0,19.66,7.0,1,291.65
p2_E_W.109,2454.0,8.68,0.0,0,239.49
p2_E1_S1.9,2343.0,69.9,41.0,3,469.49
p2_W3_N1.10,2400.0,65.61,37.0,3,383.76
p2_S3_N3.32,2440.0,26.18,11.0,1,299.09
p2_E_W.110,2460.0,7.25,0.0,0,242.36
p2_S3_N3.31,2420.0,44.96,31.0,1,317.44
p2_S1_N1.32,2440.0,20.65,4.0,1,293.43
p2_N1_S1.33,2460.0,8.02,0.0,0,239.94
p2_S1_N1.33,2460.0,7.99,0.0,0,242.91
p2_N1_E3.9,2343.0,83.55,48.0,4,522.52
p2_S1_N1.31,2420.0,43.59,23.0,1,331.21
p2_N3_S3.32,2440.0,29.66,7.0,1,317.05
p2_S3_N3.33,2460.0,9.17,0.0,0,248.8
p2_S1_W1.11,2463.0,8.81,0.0,0,257.18
p2_W_E.46,2463.0,8.13,0.0,0,244.14
p2_E_W.111,2466.0,7.65,0.0,0,246.72
p2_N1_S1.31,2420.0,37.65,23.0,1,310.85
p2_N3_S3.33,2460.0,8.73,0.0,0,247.4
p2_W1_E1.46,2463.0,15.16,2.0,1,268.76
p2_W1_E1.45,2448.0,29.89,14.0,1,306.28
p2_E1_W1.109,2454.0,25.84,12.0,1,284.67
p2_E_W.112,2472.0,8.25,0.0,0,247.25
p2_N3_S3.31,2420.0,39.97,23.0,1,314.36
p2_E3_W3.109,2454.0,27.51,11.0,1,311.49
p2_E_W.104,2424.0,18.03,2.0,1,287.96
p2_W3_E3.46,2463.0,19.0,2.0,1,285.41
p2_S3_W3.11,2463.0,18.97,4.0,1,302.14
p2_W3_E3.45,2448.0,35.75,17.0,2,311.03
p2_E3_W3.111,2466.0,15.92,0.0,0,286.78
p2_E1_W1.110,2460.0,26.85,6.0,1,293.88
p2_N1_E3.10,2403.0,21.75,3.0,1,398.57
p2_E1_W1.108,2448.0,29.23,16.0,1,295.55
p2_W2_N2.11,2460.0,28.95,14.0,1,314.7
p2_E1_W1.111,2466.0,20.55,3.0,1,300.56
p2_E2_S2.11,2463.0,28.06,11.0,1,313.91
p2_W1_E1.47,2477.0,7.77,0.0,0,244.1
p2_E3_W3.113,2478.0,7.86,0.0,0,238.71
p2_E1_W1.114,2484.0,7.53,0.0,0,241.39
p2_E3_W3.114,2484.0,7.19,0.0,0,237.84
p2_N2_S2.33,2460.0,27.26,9.0,1,315.95
p2_E1_W1.112,2472.0,21.46,2.0,1,298.49
p2_E3_S3.12,2523.0,7.99,0.0,0,165.99
p2_E1_W1.113,2478.0,17.22,0.0,0,293.79
p2_N2_S2.32,2440.0,48.23,31.0,1,333.2
p2_S2_N2.34,2480.0,16.31,1.0,1,272.69
p2_N2_S2.34,2480.0,8.47,0.0,0,240.11
p2_E3_W3.115,2490.0,7.46,0.0,0,242.36
p2_S2_N2.33,2460.0,22.82,9.0,1,282.71
p2_W3_E3.48,2492.0,8.05,0.0,0,240.4
p2_W1_E1.48,2492.0,8.37,0.0,0,239.92
p2_E_W.113,2478.0,26.1,12.0,1,306.05
p2_S2_W2.11,2463.0,34.53,12.0,3,341.8
p2_E_W.115,2490.0,16.49,2.0,1,273.62
p2_E3_W3.110,2460.0,12.11,0.0,0,265.27
p2_E_W.116,2496.0,12.86,0.0,0,269.21
p2_N2_E2.11,2463.0,46.34,22.0,3,356.07
p2_W_E.48,2492.0,13.76,0.0,0,290.0
p2_E3_W3.112,2472.0,10.44,0.0,0,248.14
p2_E_W.117,2502.0,8.79,0.0,0,240.72
p2_W_E.47,2477.0,32.07,12.0,2,320.74
p2_N3_E1.12,2523.0,24.66,14.0,1,194.05
p2_E1_S1.10,2403.0,66.99,37.0,3,500.81
p2_E_W.114,2484.0,16.96,4.0,1,266.56
p2_S1_N1.35,2500.0,13.1,0.0,0,266.0
p2_W1_N3.11,2460.0,28.15,14.0,1,295.42
p2_W3_N1.11,2460.0,53.29,32.0,3,352.6
p2_W_E.49,2506.0,7.8,0.0,0,246.88
p2_N1_S1.35,2500.0,15.67,1.0,1,292.53
p2_S1_N1.34,2480.0,32.94,13.0,1,320.58
p2_E_W.118,2508.0,7.77,0.0,0,246.08
p2_N1_S1.34,2480.0,30.74,16.0,1,300.69
p2_N3_S3.35,2500.0,19.42,2.0,2,300.11
p2_S3_N3.35,2500.0,19.95,6.0,1,284.47
p2_E_W.119,2514.0,8.17,0.0,0,245.96
p2_N3_S3.34,2480.0,30.69,16.0,1,301.41
p2_E1_W1.117,2502.0,24.05,11.0,1,289.91
p2_W1_E1.49,2506.0,17.82,4.0,1,274.93
p2_E1_W1.119,2514.0,14.22,1.0,1,266.68
p2_W1_E1.50,2520.0,8.42,0.0,0,238.43
p2_W_E.50,2520.0,7.81,0.0,0,246.93
p2_E_W.120,2520.0,8.28,0.0,0,239.96
p2_W3_E3.47,2477.0,12.47,0.0,0,255.73
p2_E1_W1.120,2520.0,10.4,0.0,0,249.31
p2_E3_W3.119,2514.0,17.33,2.0,1,277.24
p2_E3_W3.117,2502.0,27.5,12.0,1,308.36
p2_W3_E3.49,2506.0,26.87,8.0,1,317.44
p2_W3_E3.50,2520.0,12.94,0.0,0,291.73
p2_E3_W3.120,2520.0,13.5,0.0,0,265.98
p2_E3_W3.118,2508.0,27.3,10.0,1,303.09
p2_E1_W1.115,2490.0,25.75,12.0,1,289.36
p2_E3_W3.116,2496.0,32.25,18.0,1,304.32
p2_S2_N2.35,2500.0,37.1,23.0,1,315.35
p2_S2_N2.36,2520.0,17.22,4.0,1,273.66
p2_E1_W1.118,2508.0,29.73,6.0,1,319.54
p2_N2_S2.36,2520.0,21.32,2.0,1,308.14
p2_E1_W1.116,2496.0,24.82,11.0,1,296.55
p2_E2_S2.12,2523.0,19.07,3.0,1,293.24
p2_E3_W3.121,2526.0,9.39,0.0,0,246.17
p2_W3_E3.51,2535.0,8.04,0.0,0,237.62
p2_N2_S2.35,2500.0,44.46,21.0,1,343.24
p2_E3_W3.122,2532.0,8.49,0.0,0,238.81
p2_E1_W1.121,2526.0,9.26,0.0,0,249.74
p2_W1_E1.51,2535.0,8.72,0.0,0,245.87
p2_E3_S3.13,2583.0,7.14,0.0,0,170.72
p2_E3_W3.123,2538.0,8.54,0.0,0,242.5
p2_E3_W3.124,2544.0,7.92,0.0,0,249.43
p2_W1_N3.12,2523.0,23.44,11.0,1,279.12
p2_E1_W1.122,2532.0,9.24,0.0,0,252.83
p2_E_W.121,2526.0,25.33,12.0,1,286.86
p2_N2_E2.12,2523.0,30.94,10.0,2,339.93
p2_W_E.51,2535.0,19.79,1.0,1,309.46
p2_E_W.123,2538.0,15.83,4.0,1,268.85
p2_S2_W2.12,2523.0,22.72,5.0,1,306.18
p2_N3_E1.13,2583.0,16.14,5.0,1,192.37
p2_S3_N3.34,2480.0,61.26,40.0,2,370.11
p2_E1_S1.11,2463.0,48.55,21.0,3,448.91
p2_W3_N1.12,2523.0,34.08,16.0,2,322.9
p2_E_W.122,2532.0,22.32,8.0,1,283.32
p2_E_W.124,2544.0,10.41,0.0,0,253.56
p2_S1_N1.36,2520.0,40.6,27.0,1,312.14
p2_E_W.126,2556.0,7.67,0.0,0,242.69
p2_N3_S3.37,2540.0,25.04,2.0,1,307.95
p2_N1_S1.36,2520.0,36.56,16.0,2,316.63
p2_S3_N3.36,2520.0,46.55,34.0,1,316.51
p2_N1_S1.37,2540.0,27.24,0.0,0,339.26
p2_N3_S3.36,2520.0,43.15,23.0,2,328.87
p2_S1_N1.37,2540.0,21.79,8.0,1,283.58
p2_S1_N1.38,2560.0,8.0,0.0,0,243.22
p2_E_W.127,2562.0,7.9,0.0,0,239.77
p2_S3_N3.38,2560.0,11.93,0.0,0,257.16
p2_S1_W1.12,2523.0,35.03,21.0,1,307.58
p2_E1_W1.124,2544.0,32.35,15.0,1,314.46
p2_E_W.128,2568.0,7.83,0.0,0,245.69
p2_W1_E1.53,2564.0,13.17,0.0,0,269.39
p2_N1_E3.11,2463.0,71.14,46.0,3,487.19
p2_E1_W1.123,2538.0,34.59,17.0,1,310.11
p2_W1_E1.52,2549.0,29.19,11.0,2,310.79
p2_W_E.52,2549.0,9.97,0.0,0,246.75
p2_E1_W1.126,2556.0,19.8,4.0,1,280.4
p2_W3_E3.53,2564.0,14.73,2.0,1,273.78
p2_E1_W1.128,2568.0,12.17,0.0,0,272.34
p2_E_W.125,2550.0,9.89,0.0,0,245.15
p2_E1_W1.125,2550.0,18.79,6.0,1,272.19
p2_E1_W1.129,2574.0,8.8,0.0,0,253.16
p2_E1_W1.127,2562.0,9.83,0.0,0,252.93
p2_W1_E1.54,2578.0,7.82,0.0,0,243.33
p2_W3_E3.54,2578.0,7.91,0.0,0,244.64
p2_S3_W3.12,2523.0,54.76,30.0,2,371.8
p2_N2_S2.37,2540.0,44.08,24.0,2,337.17
p2_E3_W3.125,2550.0,24.06,9.0,1,295.41
p2_S2_N2.38,2560.0,27.58,14.0,1,289.82
p2_W2_N2.12,2523.0,55.12,32.0,2,366.35
p2_W3_E3.52,2549.0,27.27,13.0,1,295.22
p2_E3_W3.127,2562.0,26.5,5.0,1,308.87
p2_E3_W3.128,2568.0,20.45,1.0,1,290.9
p2_E1_W1.130,2580.0,7.94,0.0,0,237.5
p2_N2_S2.39,2580.0,8.41,0.0,0,237.09
p2_E3_W3.126,2556.0,28.36,8.0,1,302.96
p2_E3_W3.129,2574.0,8.31,0.0,0,244.21
p2_N2_S2.38,2560.0,22.0,2.0,2,293.96
p2_S2_N2.39,2580.0,13.49,0.0,0,265.09
p2_E3_W3.131,2586.0,8.53,0.0,0,243.59
p2_E3_W3.130,2580.0,8.85,0.0,0,248.71
p2_E3_W3.132,2592.0,7.58,0.0,0,247.11
p2_S2_W2.13,2583.0,16.61,3.0,1,291.85
p2_W_E.54,2578.0,23.07,8.0,1,277.51
p2_E_W.130,2580.0,22.03,8.0,1,286.09
p2_E_W.131,2586.0,16.71,4.0,1,277.11
p2_W1_N3.13,2581.0,23.97,12.0,1,282.73
p2_E3_S3.14,2643.0,6.98,0.0,0,165.12
p2_E_W.129,2574.0,25.15,12.0,1,291.69
p2_S3_N3.39,2580.0,29.09,16.0,1,303.22
p2_W3_N1.13,2581.0,28.46,12.0,1,304.03
p2_W_E.55,2592.0,19.29,1.0,1,300.32
p2_S3_N3.40,2600.0,11.09,0.0,0,261.68
p2_N3_S3.38,2560.0,51.73,33.0,2,341.75
p2_N1_S1.39,2580.0,29.09,10.0,1,305.4
p2_S1_N1.39,2580.0,32.29,14.0,1,314.64
p2_N3_S3.39,2580.0,31.59,12.0,2,325.82
p2_E_W.132,2592.0,11.38,0.0,0,254.23
p2_E1_S1.12,2523.0,39.6,21.0,1,413.93
p2_N3_S3.40,2600.0,13.51,0.0,0,262.67
p2_N1_S1.38,2560.0,51.27,31.0,2,344.69
p2_S1_W1.13,2583.0,31.83,12.0,2,321.04
p2_N1_S1.40,2600.0,15.52,0.0,0,266.99
p2_S1_N1.40,2600.0,15.29,0.0,0,300.63
p2_E_W.133,2598.0,9.12,0.0,0,244.11
p2_E_W.134,2604.0,8.37,0.0,0,244.66
p2_N3_E1.14,2643.0,8.9,0.0,0,169.46
p2_W_E.56,2607.0,8.56,0.0,0,244.57
p2_E_W.136,2616.0,8.23,0.0,0,249.13
p2_S3_N3.37,2540.0,59.7,40.0,2,361.05
p2_W_E.53,2564.0,29.33,13.0,1,297.86
p2_E1_W1.132,2592.0,32.23,16.0,1,309.96
p2_E1_W1.131,2586.0,36.58,21.0,1,314.14
p2_N1_E3.12,2523.0,62.31,29.0,3,476.82
p2_E1_W1.133,2598.0,31.12,12.0,1,327.55
p2_E1_W1.134,2604.0,26.15,7.0,1,307.7
p2_E_W.135,2610.0,8.7,0.0,0,238.41
p2_W1_E1.57,2621.0,10.17,0.0,0,247.75
p2_W2_N2.13,2581.0,50.66,27.0,3,363.71
p2_W1_E1.55,2592.0,27.38,12.0,1,292.39
p2_E1_W1.136,2616.0,15.91,0.0,0,276.69
p2_E3_W3.136,2616.0,14.03,0.0,0,268.17
p2_E3_W3.134,2604.0,21.58,2.0,2,302.52
p2_E1_W1.135,2610.0,16.97,1.0,1,288.36
p2_E1_W1.137,2622.0,11.73,0.0,0,276.37
p2_E3_W3.137,2622.0,12.22,0.0,0,263.25
p2_W1_E1.56,2607.0,10.37,0.0,0,259.91
p2_N2_S2.40,2600.0,36.48,20.0,1,328.25
p2_E1_W1.138,2628.0,8.45,0.0,0,240.85
p2_E3_W3.135,2610.0,22.53,2.0,1,298.08
p2_S2_N2.41,2620.0,16.8,3.0,1,264.62
p2_E2_S2.13,2583.0,42.29,19.0,3,343.92
p2_N2_S2.41,2620.0,18.26,0.0,0,283.04
p2_E3_W3.133,2598.0,37.77,9.0,2,323.1
p2_S2_N2.40,2600.0,32.68,14.0,2,325.03
p2_W3_E3.56,2607.0,19.95,5.0,1,276.91
p2_S3_W3.13,2583.0,35.76,11.0,3,319.98
p2_W3_E3.55,2592.0,34.61,22.0,1,309.07
p2_S2_N2.37,2540.0,71.19,52.0,2,363.32
p2_W3_E3.57,2621.0,21.01,0.0,0,292.25
p2_E3_W3.139,2634.0,8.17,0.0,0,243.09
p2_E1_W1.139,2634.0,8.67,0.0,0,244.9
p2_W3_E3.58,2636.0,7.54,0.0,0,235.47
p2_W1_E1.58,2636.0,7.82,0.0,0,239.48
p2_E3_W3.138,2628.0,8.6,0.0,0,244.82
p2_E1_W1.140,2640.0,7.18,0.0,0,236.09
p2_N2_E2.13,2583.0,64.73,40.0,3,392.13
p2_W_E.58,2636.0,12.72,0.0,0,271.48
p2_E3_W3.140,2640.0,7.5,0.0,0,246.58
p2_E_W.137,2622.0,26.26,10.0,1,307.81
p2_E_W.138,2628.0,17.94,4.0,1,278.35
p2_E_W.139,2634.0,18.21,1.0,1,306.49
p2_E_W.140,2640.0,12.58,0.0,0,281.46
p2_N3_S3.42,2640.0,17.38,2.0,1,280.76
p2_W_E.59,2650.0,7.81,0.0,0,232.59
p2_N3_S3.41,2620.0,38.69,22.0,1,318.65
p2_W_E.57,2621.0,21.78,7.0,1,273.45
p2_S3_N3.42,2640.0,19.32,6.0,1,287.83
p2_E_W.142,2652.0,6.91,0.0,0,249.58
p2_W1_N3.14,2640.0,20.58,7.0,1,276.9
p2_E1_S1.13,2583.0,31.3,10.0,2,411.44
p2_S1_N1.42,2640.0,25.45,6.0,2,307.69
p2_W3_N1.14,2640.0,22.6,4.0,1,319.1
p2_N1_S1.43,2660.0,7.67,0.0,0,249.87
p2_N1_S1.41,2620.0,35.63,19.0,1,318.14
p2_S1_W1.14,2643.0,22.04,4.0,2,296.53
p2_S1_N1.43,2660.0,9.16,0.0,0,244.96
p2_N3_E1.15,2703.0,8.37,0.0,0,167.36
p2_S3_N3.41,2620.0,35.2,22.0,1,301.56
p2_E_W.144,2664.0,8.04,0.0,0,236.56
p2_E3_S3.15,2703.0,12.39,1.0,1,185.73
p2_W_E.60,2664.0,8.54,0.0,0,247.86
p2_N1_S1.42,2640.0,23.53,4.0,1,296.82
p2_E3_W3.141,2646.0,29.38,17.0,1,287.59
p2_S3_W3.14,2643.0,30.71,8.0,2,308.53
p2_W3_E3.59,2650.0,25.85,13.0,1,285.66
p2_E_W.141,2646.0,9.31,0.0,0,252.05
p2_N1_E3.13,2583.0,44.33,14.0,2,456.41
p2_W1_E1.59,2650.0,28.22,8.0,1,314.98
p2_W1_E1.60,2664.0,14.5,1.0,1,265.11
p2_E3_W3.144,2664.0,12.15,0.0,0,268.24
p2_E3_W3.142,2652.0,27.26,7.0,1,308.79
p2_S1_N1.41,2620.0,32.32,16.0,1,304.43
p2_E2_S2.14,2643.0,36.7,22.0,1,313.86
p2_E1_W1.141,2646.0,29.54,11.0,2,311.25
p2_E1_W1.143,2658.0,22.5,2.0,1,298.14
p2_S2_N2.42,2640.0,41.51,28.0,1,321.84
p2_E3_W3.145,2670.0,11.25,0.0,0,247.17
p2_E3_W3.143,2658.0,15.03,0.0,0,279.44
p2_W2_N2.14,2640.0,42.59,25.0,2,341.77
p2_N2_S2.42,2640.0,36.33,21.0,1,304.52
p2_E_W.143,2658.0,9.19,0.0,0,250.61
p2_S2_N2.43,2660.0,21.58,9.0,1,286.73
p2_E1_W1.142,2652.0,19.88,2.0,1,293.07
p2_W1_E1.61,2679.0,8.01,0.0,0,236.97
p2_E1_W1.145,2670.0,8.76,0.0,0,250.02
p2_E1_W1.146,2676.0,11.6,0.0,0,260.18
p2_E3_W3.146,2676.0,8.59,0.0,0,243.08
p2_S2_N2.44,2680.0,8.35,0.0,0,233.04
p2_E3_W3.147,2682.0,7.71,0.0,0,245.8
p2_E1_W1.144,2664.0,10.14,0.0,0,247.16
p2_W3_E3.60,2664.0,9.28,0.0,0,239.06
p2_E1_W1.147,2682.0,8.03,0.0,0,239.22
p2_W_E.61,2679.0,17.58,6.0,1,274.5
p2_E3_W3.148,2688.0,7.92,0.0,0,246.02
p2_N2_E2.14,2643.0,55.23,31.0,3,379.78
p2_E1_W1.148,2688.0,8.49,0.0,0,243.04
p2_W1_E1.62,2693.0,7.77,0.0,0,240.69
p2_W_E.62,2693.0,7.9,0.0,0,240.6
p2_S2_W2.14,2643.0,59.49,33.0,2,373.38
p2_E_W.145,2670.0,30.23,9.0,2,312.06
p2_W3_E3.61,2679.0,9.41,0.0,0,244.18
p2_S3_N3.44,2680.0,26.07,11.0,1,292.49
p2_E_W.147,2682.0,23.17,0.0,0,313.91
p2_E_W.149,2694.0,13.91,0.0,0,264.67
p2_N3_S3.44,2680.0,29.1,13.0,2,304.03
p2_S3_N3.45,2700.0,8.65,0.0,0,250.97
p2_S3_N3.43,2660.0,43.81,30.0,1,317.07
p2_S1_N1.44,2680.0,30.39,16.0,1,302.11
p2_N1_S1.45,2700.0,10.51,0.0,0,272.97
p2_N1_S1.44,2680.0,30.64,17.0,1,303.25
p2_E_W.148,2688.0,20.26,1.0,1,293.41
p2_E_W.146,2676.0,24.61,2.0,1,320.8
p2_N3_S3.45,2700.0,10.74,0.0,0,247.51
p2_E_W.151,2706.0,8.81,0.0,0,242.32
p2_S1_W1.15,2703.0,10.06,0.0,0,254.34
p2_N3_S3.43,2660.0,46.07,30.0,1,309.18
p2_E_W.150,2700.0,8.71,0.0,0,244.22
p2_W_E.63,2708.0,8.3,0.0,0,240.53
p2_N1_E3.14,2643.0,36.89,13.0,3,441.45
p2_E1_W1.149,2694.0,30.27,13.0,1,310.83
p2_W3_E3.63,2708.0,16.25,3.0,1,268.75
p2_E1_W1.150,2700.0,17.99,4.0,1,278.87
p2_E3_W3.149,2694.0,33.32,16.0,2,317.48
p2_S2_N2.45,2700.0,27.29,12.0,1,323.36
p2_W1_E1.63,2708.0,17.05,1.0,1,290.47
p2_E3_S3.16,2763.0,6.7,0.0,0,160.52
p2_S3_W3.15,2703.0,24.54,7.0,1,311.76
p2_E1_W1.152,2712.0,16.04,0.0,0,288.89
p2_E3_W3.152,2712.0,17.55,1.0,1,282.44
p2_E1_W1.151,2706.0,12.99,0.0,0,272.42
p2_E3_W3.151,2706.0,22.14,1.0,1,294.56
p2_W1_E1.64,2722.0,8.32,0.0,0,236.49
p2_N2_S2.43,2660.0,71.42,45.0,3,391.33
p2_E2_S2.15,2703.0,28.03,14.0,1,300.95
p2_E3_W3.153,2718.0,8.3,0.0,0,246.99
p2_S2_N2.46,2720.0,8.1,0.0,0,246.61
p2_N2_S2.44,2680.0,51.25,34.0,1,347.86
p2_E3_W3.150,2700.0,24.3,3.0,1,294.31
p2_N2_S2.45,2700.0,28.53,14.0,1,300.73
p2_N2_S2.46,2720.0,15.51,0.0,0,280.28
p2_W2_N2.15,2700.0,14.48,1.0,1,279.77
p2_E1_W1.153,2718.0,8.64,0.0,0,236.66
p2_E1_W1.155,2730.0,8.12,0.0,0,237.91
p2_E3_W3.155,2730.0,8.15,0.0,0,237.98
p2_W3_E3.62,2693.0,24.98,10.0,1,287.17
p2_W1_N3.15,2700.0,38.77,21.0,2,323.65
p2_W3_E3.64,2722.0,8.46,0.0,0,245.57
p2_W1_E1.65,2736.0,7.76,0.0,0,234.11
p2_E1_W1.154,2724.0,8.81,0.0,0,252.56
p2_N2_E2.15,2703.0,37.05,15.0,2,333.54
p2_W_E.65,2736.0,10.11,0.0,0,255.16
p2_W_E.64,2722.0,26.3,12.0,1,279.08
p2_W3_E3.65,2736.0,7.83,0.0,0,233.79
p2_E1_S1.14,2643.0,64.09,32.0,4,495.22
p2_E_W.153,2718.0,35.0,17.0,2,319.06
p2_S2_W2.15,2703.0,50.45,25.0,3,360.62
p2_E_W.155,2730.0,24.95,5.0,1,317.18
p2_S3_N3.47,2740.0,15.45,3.0,1,275.16
p2_N3_S3.46,2720.0,32.19,20.0,1,294.83
p2_S1_N1.45,2700.0,39.43,24.0,1,308.22
p2_E_W.152,2712.0,38.38,18.0,2,318.27
p2_N1_S1.46,2720.0,38.36,19.0,2,334.65
p2_S1_N1.46,2720.0,38.24,22.0,1,318.61
p2_E_W.156,2736.0,21.69,5.0,1,291.09
p2_E_W.158,2748.0,11.55,0.0,0,258.75
p2_W_E.66,2751.0,7.65,0.0,0,244.77
p2_W3_N1.15,2700.0,56.78,34.0,3,362.09
p2_S1_N1.47,2740.0,17.86,2.0,1,283.41
p2_E_W.154,2724.0,23.37,3.0,1,297.86
p2_N1_S1.47,2740.0,14.32,1.0,1,274.99
p2_E_W.157,2742.0,14.06,0.0,0,267.98
p2_S3_N3.46,2720.0,33.37,19.0,1,299.94
p2_N3_S3.47,2740.0,9.38,0.0,0,249.33
p2_N3_E1.16,2763.0,45.03,30.0,2,227.93
p2_E3_W3.157,2742.0,24.72,12.0,1,296.78
p2_E3_W3.159,2754.0,14.99,1.0,1,270.21
p2_E1_W1.157,2742.0,28.09,11.0,1,310.91
p2_W1_E1.66,2751.0,19.14,6.0,1,275.32
p2_E1_W1.156,2736.0,28.78,14.0,1,300.0
p2_E3_W3.158,2748.0,23.04,9.0,1,290.11
p2_E_W.159,2754.0,8.65,0.0,0,246.87
p2_E1_W1.160,2760.0,12.16,0.0,0,273.76
p2_W3_E3.66,2751.0,21.68,8.0,1,281.31
p2_E1_W1.161,2766.0,7.94,0.0,0,244.63
p2_E3_W3.161,2766.0,8.38,0.0,0,242.65
p2_E3_W3.154,2724.0,30.63,15.0,1,291.87
p2_N2_S2.48,2760.0,15.37,2.0,1,282.51
p2_E3_W3.156,2736.0,27.24,12.0,1,288.61
p2_N2_S2.47,2740.0,34.76,20.0,1,306.53
p2_W3_E3.67,2765.0,9.4,0.0,0,240.13
p2_E3_W3.160,2760.0,9.82,0.0,0,247.07
p2_E1_W1.158,2748.0,13.12,0.0,0,272.89
p2_E1_W1.162,2772.0,8.35,0.0,0,243.74
p2_E3_W3.162,2772.0,7.85,0.0,0,237.46
p2_E3_W3.163,2778.0,7.79,0.0,0,235.78
p2_N2_E2.16,2763.0,25.09,6.0,1,306.05
p2_W3_E3.68,2780.0,8.19,0.0,0,246.41
p2_E2_S2.16,2763.0,26.9,10.0,2,321.26
p2_W_E.67,2765.0,26.58,14.0,1,280.17
p2_W1_E1.68,2780.0,7.73,0.0,0,245.23
p2_S2_N2.48,2760.0,15.76,0.0,0,268.37
p2_W1_E1.67,2765.0,9.11,0.0,0,247.4
p2_S2_N2.47,2740.0,32.2,19.0,1,298.39
p2_E1_W1.159,2754.0,10.55,0.0,0,260.18
p2_S2_W2.16,2763.0,26.5,7.0,1,315.58
p2_E_W.161,2766.0,31.09,12.0,1,320.02
p2_N1_S1.48,2760.0,37.96,24.0,1,306.05
p2_W_E.68,2780.0,19.13,6.0,1,276.34
p2_E_W.164,2784.0,15.05,0.0,0,278.89
p2_E3_S3.17,2823.0,6.56,0.0,0,162.46
p2_N3_S3.48,2760.0,39.35,24.0,1,316.74
p2_S3_N3.48,2760.0,42.54,28.0,1,319.5
p2_N1_S1.49,2780.0,18.98,6.0,1,273.57
p2_W_E.69,2794.0,7.71,0.0,0,245.46
p2_S1_N1.48,2760.0,42.99,29.0,1,323.33
p2_W2_N2.16,2760.0,42.61,19.0,3,349.77
p2_E_W.162,2772.0,33.09,10.0,2,319.79
p2_E_W.160,2760.0,26.03,9.0,1,280.63
p2_W1_N3.16,2760.0,29.11,15.0,1,281.1
p2_N3_S3.49,2780.0,18.75,5.0,1,272.93
p2_E_W.165,2790.0,17.4,2.0,1,279.0
p2_S3_N3.50,2800.0,7.72,0.0,0,237.87
p2_N1_E3.15,2703.0,59.52,33.0,3,476.56
p2_W3_N1.16,2760.0,36.75,15.0,2,330.55
p2_E_W.163,2778.0,30.83,4.0,1,308.62
p2_S3_N3.49,2780.0,24.76,8.0,1,288.31
p2_N1_S1.50,2800.0,7.95,0.0,0,239.3
p2_S1_N1.50,2800.0,7.91,0.0,0,235.54
p2_S1_W1.16,2763.0,46.44,24.0,3,349.48
p2_E_W.166,2796.0,14.56,0.0,0,261.16
p2_E_W.167,2802.0,7.99,0.0,0,246.31
p2_N3_E1.17,2823.0,29.72,15.0,2,205.11
p2_W_E.70,2808.0,7.31,0.0,0,235.18
p2_E_W.168,2808.0,7.54,0.0,0,239.73
p2_S1_N1.49,2780.0,20.99,1.0,1,296.38
p2_W3_E3.70,2808.0,8.72,0.0,0,248.06
p2_S3_W3.16,2763.0,53.96,29.0,2,370.53
p2_W1_E1.69,2794.0,24.13,9.0,1,291.92
p2_E3_W3.164,2784.0,27.11,11.0,1,301.56
p2_E3_W3.168,2808.0,8.51,0.0,0,249.38
p2_E1_W1.164,2784.0,26.71,12.0,1,293.21
p2_E3_W3.166,2796.0,20.87,4.0,1,290.09
p2_E3_W3.169,2814.0,10.41,0.0,0,241.55
p2_N2_S2.49,2780.0,44.76,29.0,1,338.77
p2_E1_W1.166,2796.0,15.51,1.0,1,268.53
p2_S2_N2.50,2800.0,23.32,8.0,1,296.91
p2_E1_W1.168,2808.0,14.74,0.0,0,266.14
p2_S2_N2.49,2780.0,42.81,29.0,1,316.79
p2_W3_E3.69,2794.0,16.8,3.0,1,277.72
p2_E3_W3.167,2802.0,13.52,0.0,0,264.98
p2_W1_E1.70,2808.0,15.4,1.0,1,274.36
p2_E1_W1.169,2814.0,12.73,0.0,0,275.99
p2_E1_W1.167,2802.0,26.19,0.0,0,314.46
p2_N2_S2.51,2820.0,7.94,0.0,0,243.97
p2_E1_W1.165,2790.0,32.53,8.0,1,301.92
p2_W1_E1.71,2823.0,7.23,0.0,0,238.65
p2_E3_W3.165,2790.0,19.88,5.0,1,278.39
p2_E1_W1.170,2820.0,8.39,0.0,0,249.86
p2_W3_E3.71,2823.0,8.78,0.0,0,244.12
p2_E1_W1.163,2778.0,28.89,14.0,1,291.98
p2_N2_S2.50,2800.0,16.9,2.0,1,270.57
p2_S2_N2.51,2820.0,8.54,0.0,0,244.14
p2_E3_W3.170,2820.0,8.53,0.0,0,242.11
p2_E_W.171,2826.0,12.46,0.0,0,275.1
p2_E3_W3.172,2832.0,8.03,0.0,0,234.48
p2_W1_N3.17,2820.0,16.08,3.0,1,280.96
p2_N2_E2.17,2823.0,15.88,1.0,1,293.76
p2_E1_W1.172,2832.0,8.2,0.0,0,242.03
p2_W_E.72,2837.0,8.4,0.0,0,240.41
p2_E_W.169,2814.0,18.61,5.0,1,280.55
p2_W_E.71,2823.0,23.75,4.0,1,320.02
p2_E1_S1.15,2703.0,94.26,56.0,6,544.52
p2_W3_N1.17,2820.0,30.05,10.0,2,312.94
p2_N1_S1.52,2840.0,11.3,0.0,0,252.51
p2_E3_S3.18,2883.0,7.65,0.0,0,165.33
p2_S1_N1.51,2820.0,31.26,13.0,2,324.15
p2_E_W.173,2838.0,13.22,0.0,0,280.6
p2_E_W.172,2832.0,9.77,0.0,0,249.54
p2_S3_N3.52,2840.0,10.37,0.0,0,270.69
p2_E_W.174,2844.0,8.34,0.0,0,255.16
p2_S1_W1.17,2823.0,32.78,8.0,2,330.61
p2_N3_S3.50,2800.0,58.23,40.0,2,359.66
p2_N3_S3.52,2840.0,18.34,1.0,1,282.11
p2_E_W.175,2850.0,8.14,0.0,0,237.87
p2_S3_N3.51,2820.0,25.49,12.0,1,286.31
p2_S1_N1.52,2840.0,17.63,0.0,0,297.88
p2_N3_E1.18,2883.0,19.15,6.0,1,192.11
p2_E1_S1.16,2763.0,26.89,8.0,1,383.53
p2_E_W.170,2820.0,12.25,0.0,0,262.7
p2_N3_S3.51,2820.0,32.65,15.0,1,301.61
p2_E_W.176,2856.0,7.64,0.0,0,240.36
p2_W_E.73,2852.0,7.5,0.0,0,237.73
p2_E1_W1.173,2838.0,23.92,11.0,1,280.89
p2_E3_W3.174,2844.0,22.58,4.0,1,293.28
p2_E1_W1.176,2856.0,9.89,0.0,0,248.29
p2_N1_S1.51,2820.0,23.41,8.0,1,280.5
p2_S3_W3.17,2823.0,37.26,14.0,3,319.85
p2_E1_W1.175,2850.0,17.7,1.0,1,296.07
p2_W1_E1.73,2852.0,16.23,1.0,1,283.09
p2_E3_W3.176,2856.0,11.28,0.0,0,263.69
p2_W1_E1.72,2837.0,33.1,12.0,2,331.13
p2_E1_W1.177,2862.0,7.96,0.0,0,248.61
p2_W3_E3.72,2837.0,34.33,17.0,2,320.31
p2_E3_W3.175,2850.0,18.95,0.0,0,295.86
p2_W3_E3.73,2852.0,19.52,1.0,1,296.3
p2_E1_W1.174,2844.0,25.19,4.0,1,298.79
p2_W1_E1.74,2866.0,8.46,0.0,0,243.38
p2_E3_W3.171,2826.0,30.17,15.0,1,296.19
p2_E3_W3.177,2862.0,8.48,0.0,0,241.39
p2_E3_W3.173,2838.0,38.56,10.0,1,319.72
p2_W3_E3.74,2866.0,8.13,0.0,0,240.97
p2_E1_W1.178,2868.0,8.42,0.0,0,246.88
p2_W2_N2.17,2820.0,53.91,30.0,3,361.16
p2_E1_W1.171,2826.0,22.49,8.0,1,283.84
p2_S2_N2.52,2840.0,31.54,14.0,1,302.0
p2_N2_S2.53,2860.0,15.37,1.0,1,274.38
p2_S2_N2.53,2860.0,20.48,0.0,0,317.09
p2_E1_W1.179,2874.0,7.74,0.0,0,243.4
p2_N2_S2.52,2840.0,35.38,17.0,1,316.93
p2_E2_S2.17,2823.0,41.24,22.0,2,322.87
p2_E3_W3.178,2868.0,8.36,0.0,0,237.38
p2_E3_W3.179,2874.0,8.59,0.0,0,239.83
p2_S2_W2.17,2823.0,68.02,40.0,3,399.65
p2_W_E.74,2866.0,17.51,3.0,1,271.84
p2_E_W.178,2868.0,23.2,10.0,1,284.91
p2_E3_W3.181,2886.0,8.45,0.0,0,241.88
p2_W_E.75,2880.0,8.77,0.0,0,250.6
p2_E_W.179,2874.0,19.18,4.0,1,271.77
p2_E_W.181,2886.0,11.52,0.0,0,257.06
p2_S1_N1.53,2860.0,40.37,22.0,2,335.42
p2_E_W.177,2862.0,27.74,14.0,1,292.0
p2_E3_W3.180,2880.0,8.3,0.0,0,241.57
p2_N1_S1.54,2880.0,23.41,4.0,2,301.72
p2_S3_N3.54,2880.0,23.35,10.0,1,278.88
p2_W_E.76,2895.0,7.75,0.0,0,250.85
p2_S3_N3.53,2860.0,44.51,31.0,1,311.63
p2_S1_N1.54,2880.0,14.03,0.0,0,299.96
p2_N1_E3.16,2763.0,100.11,63.0,4,556.12
p2_S1_W1.18,2883.0,24.18,3.0,1,300.25
p2_E_W.180,2880.0,11.6,0.0,0,269.24
p2_S3_N3.55,2900.0,7.99,0.0,0,240.78
p2_E1_S1.17,2823.0,20.65,2.0,1,379.27
p2_E_W.182,2892.0,8.26,0.0,0,238.09
p2_W1_E1.76,2895.0,17.65,0.0,0,308.97
p2_N3_E1.19,2943.0,12.73,3.0,1,181.01
p2_S3_W3.18,2883.0,31.73,11.0,3,316.71
p2_E1_W1.183,2898.0,17.58,3.0,1,282.94
p2_E1_W1.181,2886.0,24.34,10.0,1,291.91
p2_W3_E3.76,2895.0,19.56,3.0,1,293.17
p2_E3_W3.182,2892.0,25.29,13.0,1,288.1
p2_N1_S1.53,2860.0,34.77,16.0,1,321.02
p2_N3_S3.53,2860.0,36.05,20.0,1,309.24
p2_W3_E3.75,2880.0,30.66,17.0,1,317.99
p2_E1_W1.185,2910.0,8.39,0.0,0,243.87
p2_E3_W3.185,2910.0,10.5,0.0,0,256.78
p2_E3_S3.19,2943.0,18.49,6.0,2,188.23
p2_W1_E1.75,2880.0,29.86,11.0,1,307.14
p2_E1_W1.180,2880.0,27.3,11.0,1,287.04
p2_E3_W3.183,2898.0,17.31,5.0,1,278.28
p2_W1_E1.77,2909.0,12.03,0.0,0,272.08
p2_N2_S2.54,2880.0,43.5,30.0,1,323.2
p2_S2_N2.54,2880.0,44.94,31.0,1,308.2
p2_W2_N2.18,2883.0,41.12,22.0,2,333.36
p2_S2_N2.55,2900.0,26.95,14.0,1,281.57
p2_E1_W1.186,2916.0,7.85,0.0,0,241.31
p2_E3_W3.184,2904.0,11.57,0.0,0,267.54
p2_N2_S2.56,2920.0,8.68,0.0,0,247.17
p2_S2_N2.56,2920.0,8.73,0.0,0,253.05
p2_E3_W3.187,2922.0,8.26,0.0,0,237.65
p2_N2_S2.55,2900.0,23.15,9.0,1,277.86
p2_W1_E1.78,2924.0,8.29,0.0,0,240.4
p2_E1_W1.182,2892.0,16.39,2.0,1,263.41
p2_E_W.185,2910.0,25.49,11.0,1,293.86
p2_E1_W1.187,2922.0,8.14,0.0,0,250.48
p2_E1_W1.188,2928.0,8.35,0.0,0,245.64
p2_E3_W3.188,2928.0,7.76,0.0,0,252.07
p2_W_E.77,2909.0,30.92,13.0,1,299.62
p2_W_E.78,2924.0,11.21,0.0,0,258.19
p2_E_W.183,2898.0,31.81,18.0,1,295.49
p2_E_W.186,2916.0,25.3,9.0,1,306.61
p2_N3_S3.54,2880.0,39.84,21.0,2,328.58
p2_E1_W1.184,2904.0,10.12,0.0,0,257.21
p2_E3_W3.189,2934.0,7.95,0.0,0,235.28
p2_W1_N3.18,2883.0,57.12,32.0,2,367.15
p2_E_W.188,2928.0,14.14,0.0,0,275.61
p2_E_W.184,2904.0,22.52,7.0,1,280.28
p2_E3_W3.186,2916.0,9.83,0.0,0,260.84
p2_E_W.187,2922.0,22.94,3.0,1,288.41
p2_N2_E2.18,2883.0,34.63,19.0,1,315.31
p2_W_E.79,2938.0,8.73,0.0,0,248.84
p2_E2_S2.18,2883.0,64.87,42.0,3,385.8
p2_N1_S1.56,2920.0,25.41,13.0,1,292.54
p2_W3_E3.78,2924.0,24.23,11.0,1,280.47
p2_E_W.190,2940.0,7.96,0.0,0,235.21
p2_W3_N1.18,2883.0,53.11,30.0,3,347.17
p2_S1_N1.55,2900.0,48.76,35.0,1,326.25
p2_N1_S1.57,2940.0,9.43,0.0,0,248.13
p2_E1_S1.18,2883.0,23.6,4.0,1,403.39
p2_S3_N3.56,2920.0,30.2,16.0,1,286.96
p2_E_W.189,2934.0,8.48,0.0,0,241.74
p2_S3_N3.57,2940.0,8.46,0.0,0,239.2
p2_N1_S1.55,2900.0,51.46,33.0,2,333.07
p2_S1_N1.56,2920.0,29.22,16.0,1,290.28
p2_S1_N1.57,2940.0,10.59,0.0,0,254.07
p2_S1_W1.19,2943.0,10.72,0.0,0,265.09
p2_W3_E3.77,2909.0,24.4,9.0,1,286.26
p2_E_W.191,2946.0,9.78,0.0,0,252.29
p2_E_W.192,2952.0,7.78,0.0,0,243.45
p2_N3_S3.56,2920.0,41.49,21.0,2,328.94
p2_W1_E1.80,2952.0,8.84,0.0,0,252.48
p2_N3_S3.55,2900.0,58.23,38.0,2,352.66
p2_E1_W1.190,2940.0,19.81,5.0,1,270.99
p2_N1_E3.17,2823.0,100.82,64.0,6,556.03
p2_E3_W3.190,2940.0,27.05,10.0,1,312.13
p2_N3_S3.57,2940.0,27.03,6.0,1,310.21
p2_S3_W3.19,2943.0,24.57,6.0,2,319.24
p2_E1_W1.191,2946.0,22.44,2.0,1,293.17
p2_E1_W1.189,2934.0,23.14,9.0,1,286.4
p2_E3_W3.191,2946.0,23.58,4.0,1,295.5
p2_W1_N3.19,2941.0,28.72,13.0,2,302.85
p2_E3_W3.193,2958.0,8.68,0.0,0,250.51
p2_W2_N2.19,2941.0,16.39,2.0,1,276.54
p2_S2_N2.57,2940.0,31.93,17.0,1,306.21
p2_E1_W1.194,2964.0,8.22,0.0,0,242.27
p2_E3_W3.194,2964.0,8.02,0.0,0,250.22
p2_W1_E1.79,2938.0,16.94,1.0,1,276.28
p2_E3_W3.192,2952.0,21.44,1.0,1,297.1
p2_S2_N2.58,2960.0,13.62,0.0,0,264.18
p2_N1_E3.18,2883.0,47.96,15.0,4,477.8
p2_W3_E3.80,2952.0,23.01,6.0,1,291.56
p2_W3_E3.81,2967.0,9.73,0.0,0,249.24
p2_S2_W2.18,2883.0,96.65,69.0,5,438.09
p2_E1_W1.195,2970.0,10.03,0.0,0,243.02
p2_N2_S2.58,2960.0,21.13,0.0,0,310.91
p2_E3_S3.20,3003.0,20.65,9.0,2,196.18
p2_W1_E1.81,2967.0,8.74,0.0,0,245.19
p2_W3_E3.79,2938.0,22.6,5.0,1,282.02
p2_E1_W1.196,2976.0,7.75,0.0,0,247.11
p2_E2_S2.19,2943.0,30.48,15.0,1,300.89
p2_E1_W1.193,2958.0,10.46,0.0,0,260.51
p2_N2_S2.57,2940.0,33.6,14.0,2,307.24
p2_N2_E2.19,2943.0,45.67,22.0,3,356.82
p2_W_E.80,2952.0,33.91,16.0,1,329.96
p2_W_E.82,2981.0,10.56,0.0,0,261.48
p2_E1_W1.192,2952.0,10.88,0.0,0,253.73
p2_E_W.194,2964.0,29.49,12.0,2,314.38
p2_E3_W3.195,2970.0,24.3,12.0,1,290.01
p2_S1_N1.58,2960.0,35.47,20.0,1,305.57
p2_W_E.81,2967.0,13.49,0.0,0,268.91
p2_E_W.197,2982.0,9.92,0.0,0,255.17
p2_N3_E1.20,3003.0,30.68,20.0,1,203.45
p2_W3_N1.19,2941.0,55.4,28.0,3,369.83
p2_S2_W2.19,2943.0,40.38,19.0,3,335.04
p2_E_W.198,2988.0,10.26,0.0,0,242.9
p2_E_W.193,2958.0,37.9,16.0,2,325.87
p2_S3_N3.58,2960.0,39.87,21.0,2,321.91
p2_N1_S1.59,2980.0,14.17,0.0,0,277.6
p2_N1_S1.58,2960.0,40.89,22.0,2,322.15
p2_E_W.195,2970.0,16.17,0.0,0,283.71
p2_E_W.199,2994.0,7.76,0.0,0,236.65
p2_W_E.83,2996.0,8.11,0.0,0,240.64
p2_E_W.196,2976.0,10.12,0.0,0,256.65
p2_N3_S3.58,2960.0,47.22,22.0,3,356.41
p2_N3_S3.59,2980.0,27.3,2.0,1,324.33
p2_E_W.200,3000.0,8.34,0.0,0,242.54
p2_W1_E1.82,2981.0,28.69,15.0,1,293.29
p2_W1_E1.83,2996.0,14.25,2.0,1,265.02
p2_E3_W3.197,2982.0,31.58,12.0,2,312.48
p2_E3_W3.198,2988.0,25.23,10.0,1,295.28
p2_E1_W1.198,2988.0,27.13,5.0,1,317.43
p2_E1_W1.197,2982.0,33.38,11.0,2,338.19
p2_S3_W3.20,3003.0,10.94,0.0,0,270.91
p2_E3_W3.199,2994.0,23.39,10.0,1,286.76
p2_W2_N2.20,3000.0,8.99,0.0,0,253.74
p2_W3_E3.84,3010.0,8.34,0.0,0,264.07
p2_E3_W3.196,2976.0,28.85,9.0,1,311.76
p2_E3_W3.200,3000.0,19.77,4.0,1,284.36
p2_W3_E3.83,2996.0,16.71,1.0,1,296.08
p2_E1_W1.199,2994.0,14.65,0.0,0,270.93
p2_E1_W1.200,3000.0,13.66,0.0,0,258.14
p2_W1_E1.84,3010.0,8.02,0.0,0,240.93
p2_W3_E3.82,2981.0,29.72,15.0,1,298.03
p2_E1_W1.202,3012.0,8.78,0.0,0,241.8
p2_S2_N2.59,2980.0,46.74,32.0,1,322.45
p2_N2_S2.60,3000.0,27.52,6.0,2,330.86
p2_E3_W3.203,3018.0,8.93,0.0,0,257.98
p2_E3_S3.21,3063.0,6.09,0.0,0,165.87
p2_E2_S2.20,3003.0,24.34,10.0,1,298.78
p2_E1_W1.201,3006.0,9.92,0.0,0,249.18
p2_N2_S2.59,2980.0,49.74,28.0,2,356.37
p2_S2_N2.61,3020.0,10.9,0.0,0,269.67
p2_W1_E1.85,3024.0,7.13,0.0,0,247.58
p2_E1_W1.203,3018.0,7.87,0.0,0,242.2
p2_E1_W1.204,3024.0,8.3,0.0,0,235.2
p2_W3_E3.85,3024.0,8.17,0.0,0,241.71
p2_W1_N3.20,3000.0,32.68,16.0,1,317.82
p2_N2_E2.20,3003.0,30.47,9.0,2,322.53
p2_E3_W3.201,3006.0,11.09,0.0,0,257.02
p2_E3_W3.205,3030.0,9.04,0.0,0,249.48
p2_E_W.203,3018.0,15.17,2.0,1,273.27
p2_E_W.202,3012.0,24.87,8.0,1,291.5
p2_S2_W2.20,3003.0,38.13,16.0,2,339.71
p2_E_W.201,3006.0,31.37,15.0,1,316.75
p2_N3_S3.61,3020.0,24.17,7.0,1,293.3
p2_N3_S3.60,3000.0,45.16,28.0,2,331.31
p2_S3_N3.60,3000.0,45.43,31.0,1,318.56
p2_W_E.84,3010.0,27.33,14.0,1,290.75
p2_W_E.85,3024.0,11.42,0.0,0,260.4
p2_E_W.206,3036.0,9.63,0.0,0,249.04
p2_E_W.205,3030.0,9.19,0.0,0,247.25
p2_W_E.86,3039.0,7.66,0.0,0,249.93
p2_N1_S1.61,3020.0,28.21,11.0,1,304.79
p2_E1_S1.19,2943.0,48.41,20.0,2,443.89
p2_W3_N1.20,3000.0,48.48,18.0,3,357.61
p2_S1_N1.60,3000.0,46.96,33.0,1,327.08
p2_S3_N3.62,3040.0,11.4,0.0,0,262.08
p2_S1_W1.20,3003.0,50.61,29.0,1,347.95
p2_E_W.204,3024.0,10.04,0.0,0,248.89
p2_N1_S1.62,3040.0,14.79,2.0,1,275.07
p2_S3_N3.59,2980.0,55.79,37.0,2,346.4
p2_S1_N1.61,3020.0,35.93,14.0,1,322.79
p2_N3_E1.21,3063.0,34.67,20.0,2,213.98
p2_S1_N1.62,3040.0,17.67,0.0,0,280.51
p2_S1_N1.59,2980.0,41.61,25.0,1,315.99
p2_W1_E1.86,3039.0,22.26,9.0,1,284.29
p2_E_W.207,3042.0,8.52,0.0,0,239.05
p2_W1_E1.87,3053.0,8.19,0.0,0,236.78
p2_W3_E3.87,3053.0,8.21,0.0,0,254.66
p2_E_W.209,3054.0,8.37,0.0,0,245.3
p2_N1_S1.60,3000.0,37.2,22.0,1,311.6
p2_E1_W1.205,3030.0,30.04,9.0,2,316.15
p2_E1_W1.206,3036.0,21.08,4.0,2,291.2
p2_W3_E3.86,3039.0,21.84,4.0,1,293.91
p2_E1_W1.208,3048.0,13.54,0.0,0,267.11
p2_E1_W1.207,3042.0,18.3,2.0,1,279.81
p2_E3_W3.207,3042.0,26.36,9.0,1,304.08
p2_E1_W1.209,3054.0,13.66,0.0,0,268.75
p2_E1_W1.210,3060.0,8.43,0.0,0,239.8
p2_E3_W3.204,3024.0,28.05,13.0,1,291.0
p2_N2_S2.62,3040.0,29.86,13.0,2,312.91
p2_E3_W3.210,3060.0,11.66,0.0,0,254.72
p2_N2_S2.63,3060.0,12.03,0.0,0,261.82
p2_E1_W1.211,3066.0,8.1,0.0,0,242.81
p2_E3_W3.211,3066.0,8.34,0.0,0,232.95
p2_N2_S2.61,3020.0,46.01,26.0,2,333.73
p2_S2_N2.62,3040.0,35.68,21.0,1,311.08
p2_E3_W3.208,3048.0,27.29,5.0,1,297.85
p2_S2_N2.63,3060.0,10.74,0.0,0,260.73
p2_W1_E1.88,3068.0,7.93,0.0,0,244.26
p2_N1_E3.19,2943.0,47.48,27.0,1,435.48
p2_E3_W3.202,3012.0,22.19,6.0,1,292.42
p2_E3_W3.206,3036.0,28.66,11.0,1,301.78
p2_E3_W3.209,3054.0,21.01,0.0,0,280.97
p2_N2_E2.21,3063.0,16.18,3.0,1,292.18
p2_E3_W3.212,3072.0,9.05,0.0,0,247.22
p2_W3_E3.88,3068.0,8.64,0.0,0,238.28
p2_S2_N2.60,3000.0,58.29,41.0,2,351.53
p2_E_W.210,3060.0,25.04,6.0,1,305.87
p2_S2_W2.21,3063.0,21.56,4.0,1,309.0
p2_E3_S3.22,3123.0,7.32,0.0,0,173.17
p2_E1_W1.212,3072.0,8.55,0.0,0,236.08
p2_W_E.87,3053.0,30.29,16.0,1,293.05
p2_W1_N3.21,3060.0,20.71,7.0,1,272.37
p2_N3_S3.62,3040.0,52.41,35.0,1,352.93
p2_E_W.211,3066.0,13.84,0.0,0,270.01
p2_N3_S3.63,3060.0,34.28,16.0,1,319.22
p2_W3_N1.21,3060.0,33.64,15.0,1,336.25
p2_W_E.88,3068.0,26.47,4.0,1,305.08
p2_S3_N3.64,3080.0,13.84,0.0,0,290.43
p2_E_W.214,3084.0,9.74,0.0,0,245.78
p2_E_W.208,3048.0,24.86,9.0,1,284.65
p2_S1_N1.63,3060.0,35.58,19.0,1,318.21
p2_S3_N3.63,3060.0,35.9,15.0,1,321.71
p2_E_W.213,3078.0,10.17,0.0,0,249.71
p2_N3_S3.64,3080.0,16.25,0.0,0,285.45
p2_E1_S1.20,3003.0,50.82,21.0,2,449.13
p2_S3_N3.61,3020.0,77.1,51.0,2,400.19
p2_E_W.215,3090.0,7.93,0.0,0,247.77
p2_E_W.212,3072.0,16.64,0.0,0,274.49
p2_N1_S1.64,3080.0,19.79,2.0,1,293.3
p2_S1_W1.21,3063.0,37.53,17.0,2,316.92
p2_S1_N1.64,3080.0,23.05,2.0,2,299.99
p2_W_E.89,3082.0,8.73,0.0,0,249.06
p2_N3_E1.22,3123.0,20.74,6.0,2,188.54
p2_W_E.90,3096.0,7.65,0.0,0,232.08
p2_E1_W1.214,3084.0,21.68,6.0,1,303.07
p2_E1_W1.213,3078.0,25.37,9.0,1,289.21
p2_W1_E1.89,3082.0,24.73,11.0,1,281.35
p2_E1_W1.216,3096.0,11.44,0.0,0,255.37
p2_E_W.216,3096.0,7.65,0.0,0,245.53
p2_N1_E3.20,3003.0,61.97,35.0,3,463.67
p2_W3_E3.89,3082.0,28.49,15.0,1,290.49
p2_E3_W3.214,3084.0,25.7,8.0,2,317.36
p2_N1_S1.63,3060.0,28.81,14.0,1,298.17
p2_W3_E3.90,3096.0,13.04,0.0,0,262.23
p2_W2_N2.21,3060.0,52.06,28.0,3,360.17
p2_E3_W3.216,3096.0,15.87,1.0,1,289.04
p2_S3_W3.21,3063.0,41.79,20.0,3,328.91
p2_N2_S2.64,3080.0,34.09,18.0,1,318.46
p2_W1_E1.90,3096.0,9.1,0.0,0,250.82
p2_S2_N2.65,3100.0,14.14,1.0,1,274.28
p2_E3_W3.217,3102.0,11.62,0.0,0,268.01
p2_E3_W3.213,3078.0,37.08,15.0,2,341.49
p2_S2_N2.64,3080.0,34.64,19.0,1,305.26
p2_E1_W1.215,3090.0,12.54,0.0,0,269.89
p2_E1_W1.218,3108.0,8.23,0.0,0,249.6
p2_E1_W1.217,3102.0,10.03,0.0,0,252.49
p2_E3_W3.218,3108.0,7.44,0.0,0,242.3
p2_W3_E3.91,3111.0,7.47,0.0,0,246.82
p2_E2_S2.21,3063.0,40.4,16.0,2,346.56
p2_N2_S2.65,3100.0,14.09,0.0,0,281.21
p2_E3_W3.215,3090.0,17.53,2.0,1,275.4
p2_E1_W1.219,3114.0,8.73,0.0,0,242.36
p2_W1_E1.91,3111.0,8.47,0.0,0,237.49
p2_E3_W3.220,3120.0,7.62,0.0,0,240.69
p2_E_W.219,3114.0,15.19,1.0,1,279.14
p2_E_W.218,3108.0,22.29,5.0,1,305.81
p2_E3_W3.219,3114.0,8.48,0.0,0,239.38
p2_W_E.91,3111.0,19.7,6.0,1,267.57
p2_E_W.217,3102.0,22.51,10.0,1,288.66
p2_S3_N3.65,3100.0,39.45,27.0,1,318.18
p2_S3_N3.66,3120.0,20.01,7.0,1,273.24
p2_W3_N1.22,3120.0,20.9,5.0,1,292.55
p2_N1_S1.65,3100.0,41.62,27.0,1,329.88
p2_S1_N1.65,3100.0,42.43,30.0,1,307.35
p2_E_W.222,3132.0,9.58,0.0,0,242.55
p2_N3_E1.23,3183.0,6.6,0.0,0,160.81
p2_E1_S1.21,3063.0,22.95,6.0,1,377.45
p2_E_W.220,3120.0,9.6,0.0,0,247.52
p2_E_W.223,3138.0,11.0,0.0,0,264.0
p2_S1_W1.22,3123.0,21.28,8.0,1,291.94
p2_N3_S3.67,3140.0,10.5,0.0,0,252.34
p2_N3_S3.66,3120.0,20.9,8.0,1,281.5
p2_N1_S1.66,3120.0,19.61,5.0,1,273.08
p2_S1_N1.66,3120.0,20.92,8.0,1,287.84
p2_N3_S3.65,3100.0,37.35,23.0,1,299.26
p2_W_E.92,3125.0,9.5,0.0,0,243.66
p2_E3_W3.222,3132.0,22.2,8.0,1,292.48
p2_W1_E1.93,3140.0,9.92,0.0,0,254.97
p2_E3_W3.224,3144.0,11.31,0.0,0,265.29
p2_S3_W3.22,3123.0,32.66,10.0,2,327.97
p2_W3_E3.93,3140.0,16.53,1.0,1,285.27
p2_N1_E3.21,3063.0,50.79,25.0,2,455.65
p2_E3_W3.223,3138.0,19.43,3.0,1,273.94
p2_E1_W1.220,3120.0,33.51,17.0,1,308.42
p2_E_W.221,3126.0,9.47,0.0,0,246.12
p2_E_W.224,3144.0,8.56,0.0,0,245.99
p2_E3_W3.225,3150.0,7.73,0.0,0,240.75
p2_W3_E3.92,3125.0,27.58,12.0,1,288.25
p2_W3_E3.94,3154.0,7.04,0.0,0,237.99
p2_W1_E1.94,3154.0,7.69,0.0,0,236.62
p2_E3_W3.221,3126.0,25.36,9.0,1,279.18
p2_E1_W1.223,3138.0,22.6,4.0,1,295.0
p2_N2_S2.66,3120.0,44.95,26.0,1,347.98
p2_S2_N2.66,3120.0,37.42,24.0,1,307.09
p2_W2_N2.22,3120.0,39.06,23.0,1,319.67
p2_E1_W1.221,3126.0,24.53,12.0,1,276.93
p2_E1_W1.224,3144.0,19.07,0.0,0,299.39
p2_N2_S2.67,3140.0,25.09,5.0,1,292.59
p2_S2_N2.68,3160.0,7.1,0.0,0,237.79
p2_E3_S3.23,3183.0,23.8,9.0,2,190.78
p2_E1_W1.225,3150.0,15.04,0.0,0,278.72
p2_W1_N3.22,3120.0,37.26,21.0,2,325.03
p2_N2_S2.68,3160.0,9.07,0.0,0,248.58
p2_E1_W1.222,3132.0,23.9,5.0,2,291.81
p2_E1_W1.227,3162.0,8.66,0.0,0,247.09
p2_E2_S2.22,3123.0,28.04,9.0,1,300.52
p2_E3_W3.226,3156.0,8.03,0.0,0,239.92
p2_E3_W3.228,3168.0,8.04,0.0,0,245.68
p2_E_W.225,3150.0,31.31,15.0,1,324.82
p2_W3_E3.95,3168.0,8.28,0.0,0,237.3
p2_S2_W2.22,3123.0,59.25,35.0,3,379.69
p2_W_E.95,3168.0,14.3,0.0,0,290.52
p2_E_W.228,3168.0,14.95,0.0,0,271.46
p2_W_E.94,3154.0,30.79,10.0,1,327.35
p2_E_W.227,3162.0,21.48,3.0,1,300.39
p2_E_W.229,3174.0,10.66,0.0,0,251.63
p2_W1_E1.92,3125.0,17.87,2.0,1,279.22
p2_E1_W1.226,3156.0,9.72,0.0,0,257.01
p2_E_W.230,3180.0,8.06,0.0,0,241.44
p2_S2_N2.67,3140.0,49.19,23.0,3,362.68
p2_S1_N1.69,3180.0,8.69,0.0,0,243.2
p2_N2_E2.22,3123.0,43.35,23.0,2,331.59
p2_E_W.226,3156.0,19.98,6.0,1,288.36
p2_S1_N1.68,3160.0,30.54,16.0,1,295.7
p2_W_E.93,3140.0,33.39,19.0,1,301.54
p2_N1_S1.69,3180.0,11.27,0.0,0,241.11
p2_S1_N1.67,3140.0,44.46,31.0,1,311.96
p2_N1_S1.68,3160.0,24.31,11.0,1,284.75
p2_W_E.96,3183.0,7.82,0.0,0,240.34
p2_N3_S3.68,3160.0,34.46,14.0,2,326.14
p2_W2_N2.23,3180.0,9.29,0.0,0,253.55
p2_N1_S1.67,3140.0,44.29,29.0,1,320.66
p2_N3_S3.69,3180.0,16.03,0.0,0,290.16
p2_S3_N3.67,3140.0,54.81,36.0,1,347.33
p2_S3_N3.68,3160.0,28.91,14.0,1,288.9
p2_S3_N3.69,3180.0,19.76,0.0,0,293.32
p2_S1_W1.23,3183.0,9.98,0.0,0,261.41
p2_E_W.232,3192.0,8.54,0.0,0,248.16
p2_E1_W1.230,3180.0,24.33,5.0,1,296.16
p2_E1_W1.231,3186.0,15.0,3.0,1,268.95
p2_S3_W3.23,3183.0,23.35,3.0,2,301.2
p2_N1_E3.22,3123.0,42.57,14.0,3,459.7
p2_E1_W1.228,3168.0,28.15,11.0,1,308.79
p2_E3_W3.229,3174.0,28.21,11.0,1,300.16
p2_E3_W3.230,3180.0,29.45,10.0,1,315.49
p2_W3_E3.96,3183.0,25.71,7.0,2,302.34
p2_E1_W1.229,3174.0,29.44,12.0,1,313.13
p2_W1_E1.96,3183.0,27.42,9.0,2,304.73
p2_E3_W3.231,3186.0,24.73,5.0,1,305.95
p2_E2_S2.23,3183.0,28.75,10.0,1,317.33
p2_E3_W3.232,3192.0,20.38,2.0,1,298.47
p2_E1_W1.233,3198.0,13.87,0.0,0,270.27
p2_E3_S3.24,3243.0,11.48,0.0,0,169.26
p2_E3_W3.233,3198.0,14.84,0.0,0,265.53
p2_W1_E1.95,3168.0,33.17,15.0,2,303.84
p2_S2_N2.69,3180.0,34.49,18.0,1,313.97
p2_W1_E1.97,3197.0,18.11,0.0,0,296.28
p2_N2_S2.70,3200.0,8.82,0.0,0,260.98
p2_S2_N2.70,3200.0,14.69,0.0,0,268.21
p2_E1_W1.232,3192.0,16.39,0.0,0,278.68
p2_E3_W3.234,3204.0,8.52,0.0,0,236.16
p2_E3_W3.235,3210.0,7.77,0.0,0,247.69
p2_E1_W1.235,3210.0,15.35,2.0,1,264.87
p2_N2_S2.69,3180.0,25.67,9.0,1,288.63
p2_W1_N3.23,3180.0,39.46,18.0,3,334.05
p2_E1_W1.234,3204.0,19.73,6.0,1,278.25
p2_E1_W1.236,3216.0,11.37,0.0,0,270.28
p2_E_W.234,3204.0,25.73,12.0,1,292.64
p2_E1_W1.237,3222.0,7.79,0.0,0,236.35
p2_E_W.236,3216.0,15.56,1.0,1,278.29
p2_E3_W3.236,3216.0,7.89,0.0,0,251.66
p2_S2_W2.23,3183.0,36.01,12.0,2,327.84
p2_W3_E3.97,3197.0,10.04,0.0,0,256.14
p2_N1_S1.70,3200.0,33.24,18.0,1,317.83
p2_W3_E3.98,3212.0,9.17,0.0,0,244.72
p2_E_W.233,3198.0,26.61,10.0,1,311.17
p2_N2_E2.23,3183.0,49.89,25.0,3,360.48
p2_W1_E1.98,3212.0,7.86,0.0,0,240.53
p2_W_E.98,3212.0,23.35,3.0,2,295.89
p2_N1_S1.71,3220.0,14.91,0.0,0,291.35
p2_S1_N1.71,3220.0,15.58,2.0,1,281.89
p2_E1_S1.22,3123.0,69.44,38.0,3,493.76
p2_E_W.238,3228.0,8.01,0.0,0,241.69
p2_W3_N1.23,3180.0,56.84,32.0,3,374.66
p2_W_E.97,3197.0,39.74,20.0,2,335.25
p2_S1_N1.70,3200.0,38.16,21.0,1,321.99
p2_N3_S3.70,3200.0,43.74,31.0,1,319.5
p2_N3_S3.71,3220.0,22.81,10.0,1,277.94
p2_W_E.99,3226.0,8.13,0.0,0,244.4
p2_S3_N3.70,3200.0,39.59,27.0,1,304.68
p2_E_W.237,3222.0,9.97,0.0,0,247.47
p2_E_W.239,3234.0,13.73,0.0,0,260.3
p2_W_E.100,3240.0,8.53,0.0,0,246.83
p2_N3_S3.72,3240.0,8.23,0.0,0,238.94
p2_S3_N3.72,3240.0,8.03,0.0,0,244.43
p2_E_W.240,3240.0,9.41,0.0,0,243.69
p2_E_W.231,3186.0,19.62,2.0,1,279.75
p2_E1_W1.238,3228.0,23.39,9.0,1,287.14
p2_E_W.235,3210.0,17.19,1.0,1,290.34
p2_E_W.241,3246.0,7.48,0.0,0,243.11
p2_S3_N3.71,3220.0,19.04,4.0,1,269.26
p2_W3_E3.99,3226.0,27.67,14.0,1,315.16
p2_W3_E3.100,3240.0,14.41,0.0,0,285.74
p2_W1_E1.99,3226.0,30.01,10.0,1,315.76
p2_E1_W1.240,3240.0,15.83,2.0,1,269.25
p2_N3_E1.24,3243.0,50.47,36.0,2,231.8
p2_E3_W3.238,3228.0,26.64,11.0,1,291.92
p2_S2_N2.71,3220.0,40.54,25.0,1,327.78
p2_W2_N2.24,3243.0,16.31,3.0,1,282.21
p2_E3_W3.241,3246.0,14.09,0.0,0,277.01
p2_E1_W1.239,3234.0,20.1,6.0,1,279.33
p2_W1_E1.100,3240.0,10.87,0.0,0,263.24
p2_E1_W1.241,3246.0,10.31,0.0,0,265.03
p2_E1_W1.242,3252.0,10.39,0.0,0,257.39
p2_E3_W3.242,3252.0,9.82,0.0,0,250.77
p2_W1_E1.101,3255.0,7.57,0.0,0,240.87
p2_S2_N2.72,3240.0,22.66,4.0,1,315.91
p2_E3_W3.239,3234.0,23.21,5.0,1,290.62
p2_N2_S2.72,3240.0,20.52,6.0,1,293.6
p2_N2_S2.71,3220.0,36.87,18.0,1,321.15
p2_E1_W1.243,3258.0,7.22,0.0,0,240.91
p2_E3_W3.243,3258.0,7.9,0.0,0,245.2
p2_E3_W3.227,3162.0,43.33,22.0,2,338.87
p2_E3_W3.237,3222.0,26.87,7.0,1,280.18
p2_N2_S2.73,3260.0,7.96,0.0,0,239.46
p2_S2_N2.73,3260.0,8.31,0.0,0,239.76
p2_E3_S3.25,3303.0,7.03,0.0,0,159.79
p2_S2_W2.24,3243.0,28.41,9.0,2,328.27
p2_E1_W1.244,3264.0,8.01,0.0,0,244.69
p2_E3_W3.244,3264.0,7.74,0.0,0,245.59
p2_W1_N3.24,3243.0,30.2,15.0,2,298.53
p2_E3_W3.240,3240.0,11.81,0.0,0,256.19
p2_N2_E2.24,3243.0,31.98,12.0,2,325.26
p2_W_E.101,3255.0,20.57,5.0,1,287.36
p2_W1_E1.102,3269.0,7.38,0.0,0,246.0
p2_E_W.243,3258.0,21.5,8.0,1,281.7
p2_W_E.102,3269.0,7.74,0.0,0,234.46
p2_E2_S2.24,3243.0,36.31,17.0,3,337.56
p2_E_W.245,3270.0,12.08,0.0,0,263.35
p2_E_W.246,3276.0,7.93,0.0,0,251.56
p2_N3_E1.25,3303.0,24.09,13.0,1,199.72
p2_N1_S1.73,3260.0,24.6,11.0,1,290.07
p2_S1_N1.73,3260.0,24.65,9.0,1,285.55
p2_E1_S1.23,3183.0,53.55,26.0,2,462.83
p2_S3_N3.73,3260.0,27.68,15.0,1,295.35
p2_N1_S1.74,3280.0,8.09,0.0,0,244.37
p2_S1_W1.24,3243.0,45.49,25.0,2,348.16
p2_W3_N1.24,3243.0,35.64,18.0,2,311.59
p2_S3_N3.74,3280.0,9.5,0.0,0,248.77
p2_S1_N1.72,3240.0,43.04,25.0,1,323.58
p2_W3_E3.101,3255.0,9.72,0.0,0,259.39
p2_N3_S3.73,3260.0,28.38,15.0,1,295.01
p2_E_W.247,3282.0,8.36,0.0,0,255.1
p2_E_W.244,3264.0,17.47,0.0,0,277.55
p2_N1_E3.23,3183.0,65.85,30.0,4,497.35
p2_W1_E1.103,3284.0,11.57,0.0,0,279.33
p2_E_W.248,3288.0,7.82,0.0,0,240.62
p2_E1_W1.246,3276.0,21.05,9.0,1,277.25
p2_N3_S3.74,3280.0,9.72,0.0,0,245.31
p2_E_W.242,3252.0,23.88,7.0,1,286.19
p2_W3_E3.102,3269.0,31.3,12.0,1,334.52
p2_E1_W1.245,3270.0,23.03,9.0,1,276.36
p2_W3_E3.103,3284.0,14.02,0.0,0,269.12
p2_E1_W1.247,3282.0,20.31,5.0,1,281.05
p2_E3_W3.245,3270.0,34.39,22.0,1,294.1
p2_E1_W1.249,3294.0,10.79,0.0,0,255.36
p2_S3_W3.24,3243.0,57.12,38.0,2,351.98
p2_W1_E1.104,3298.0,7.72,0.0,0,242.44
p2_E3_W3.248,3288.0,16.57,1.0,1,273.92
p2_S2_N2.74,3280.0,28.27,14.0,1,295.17
p2_E1_W1.250,3300.0,8.13,0.0,0,241.61
p2_E3_W3.250,3300.0,7.9,0.0,0,244.96
p2_N2_S2.75,3300.0,7.87,0.0,0,242.61
p2_N1_S1.72,3240.0,35.59,19.0,1,307.16
p2_W3_E3.104,3298.0,8.39,0.0,0,242.85
p2_E1_W1.248,3288.0,9.75,0.0,0,254.67
p2_W1_N3.25,3301.0,12.05,0.0,0,268.27
p2_S2_W2.25,3303.0,8.97,0.0,0,244.91
p2_E1_W1.251,3306.0,8.57,0.0,0,254.9
p2_E3_W3.247,3282.0,14.37,1.0,1,282.24
p2_S2_N2.75,3300.0,9.0,0.0,0,249.29
p2_N2_S2.74,3280.0,24.5,10.0,1,281.48
p2_E3_W3.249,3294.0,9.65,0.0,0,257.06
p2_E3_W3.251,3306.0,12.46,0.0,0,258.5
p2_W_E.104,3298.0,22.07,8.0,1,284.9
p2_W1_E1.105,3312.0,7.69,0.0,0,238.66
p2_N2_E2.25,3303.0,17.62,0.0,0,292.52
p2_E3_W3.246,3276.0,18.91,4.0,1,277.76
p2_E_W.251,3306.0,18.52,3.0,1,287.75
p2_W3_E3.105,3312.0,8.14,0.0,0,246.65
p2_E3_W3.253,3318.0,8.18,0.0,0,236.39
p2_S1_N1.75,3300.0,27.4,12.0,1,288.3
p2_E_W.252,3312.0,13.62,0.0,0,272.96
p2_E3_W3.252,3312.0,8.29,0.0,0,232.94
p2_E3_S3.26,3363.0,6.87,0.0,0,162.52
p2_W_E.103,3284.0,25.64,12.0,1,284.47
p2_S1_N1.76,3320.0,9.24,0.0,0,260.03
p2_W3_N1.25,3301.0,28.26,11.0,2,307.22
p2_E_W.249,3294.0,24.26,11.0,1,282.42
p2_N1_S1.75,3300.0,32.45,16.0,1,313.54
p2_S1_N1.74,3280.0,46.77,33.0,1,322.87
p2_N3_S3.75,3300.0,33.25,17.0,1,309.18
p2_W_E.105,3312.0,9.06,0.0,0,240.44
p2_N3_S3.76,3320.0,12.68,0.0,0,271.53
p2_E_W.250,3300.0,19.77,7.0,1,279.7
p2_N1_S1.76,3320.0,14.51,0.0,0,278.66
p2_S1_W1.25,3303.0,32.09,12.0,2,330.06
p2_S3_N3.76,3320.0,16.06,1.0,1,282.85
p2_S3_N3.75,3300.0,32.86,21.0,1,299.77
p2_E_W.253,3318.0,9.27,0.0,0,247.72
p2_N3_E1.26,3363.0,20.85,4.0,1,192.51
p2_W1_E1.106,3327.0,15.09,1.0,1,271.24
p2_E1_W1.252,3312.0,31.39,17.0,1,286.18
p2_E1_W1.254,3324.0,19.22,5.0,1,266.96
p2_E_W.254,3324.0,8.97,0.0,0,243.13
p2_E_W.256,3336.0,8.12,0.0,0,241.61
p2_E1_W1.253,3318.0,27.34,10.0,1,307.31
p2_E_W.255,3330.0,8.41,0.0,0,247.51
p2_W2_N2.25,3301.0,46.44,28.0,2,338.8
p2_S3_W3.25,3303.0,45.46,24.0,2,339.99
p2_W3_E3.106,3327.0,22.34,8.0,1,278.76
p2_W3_E3.107,3341.0,8.11,0.0,0,236.89
p2_E1_S1.24,3243.0,65.65,33.0,4,515.0
p2_S2_N2.76,3320.0,34.25,21.0,1,304.89
p2_E1_W1.256,3336.0,8.46,0.0,0,250.66
p2_E2_S2.25,3303.0,51.35,29.0,2,358.71
p2_E1_W1.258,3348.0,7.11,0.0,0,239.65
p2_N2_S2.76,3320.0,36.12,19.0,2,319.69
p2_E3_W3.255,3330.0,19.63,1.0,1,293.88
p2_S2_N2.77,3340.0,13.68,0.0,0,269.0
p2_E3_W3.254,3324.0,21.66,6.0,1,293.02
p2_E1_W1.255,3330.0,11.68,0.0,0,257.27
p2_E3_W3.257,3342.0,16.06,0.0,0,287.97
p2_E3_W3.256,3336.0,16.48,0.0,0,285.37
p2_E1_W1.257,3342.0,8.8,0.0,0,238.64
p2_E3_W3.258,3348.0,8.76,0.0,0,249.31
p2_N2_S2.77,3340.0,9.62,0.0,0,252.11
p2_E3_W3.259,3354.0,8.64,0.0,0,243.09
p2_W3_E3.108,3356.0,7.16,0.0,0,241.75
p2_W1_E1.107,3341.0,9.1,0.0,0,246.95
p2_W1_E1.108,3356.0,8.42,0.0,0,237.74
p2_E1_W1.259,3354.0,8.05,0.0,0,242.54
p2_W_E.107,3341.0,27.52,8.0,2,310.49
p2_E_W.258,3348.0,16.36,2.0,1,266.72
p2_W_E.106,3327.0,23.69,10.0,1,287.69
p2_E_W.260,3360.0,15.1,0.0,0,262.56
p2_E_W.257,3342.0,22.32,8.0,1,283.01
p2_W3_N1.26,3360.0,16.46,2.0,1,271.66
p2_E_W.261,3366.0,10.9,0.0,0,269.37
p2_E_W.259,3354.0,20.68,1.0,1,313.4
p2_S1_N1.77,3340.0,38.7,23.0,1,311.99
p2_S1_N1.78,3360.0,18.72,3.0,1,277.92
p2_N3_S3.78,3360.0,19.49,3.0,1,299.23
p2_S3_N3.78,3360.0,19.67,7.0,1,277.66
p2_W_E.109,3370.0,8.1,0.0,0,243.17
p2_E_W.262,3372.0,8.12,0.0,0,241.36
p2_W_E.108,3356.0,9.08,0.0,0,247.32
p2_N3_S3.77,3340.0,41.73,23.0,1,354.41
p2_N1_S1.78,3360.0,23.42,3.0,1,303.75
p2_S1_W1.26,3363.0,18.37,2.0,1,283.88
p2_N1_S1.77,3340.0,42.05,22.0,2,330.56
p2_S3_N3.77,3340.0,38.91,25.0,1,308.79
p2_E_W.263,3378.0,8.34,0.0,0,241.62
p2_N1_E3.24,3243.0,101.48,67.0,5,550.7
p2_W1_E1.109,3370.0,15.94,2.0,1,262.97
p2_W1_E1.110,3384.0,8.55,0.0,0,246.7
p2_E1_W1.260,3360.0,32.78,16.0,1,313.28
p2_E_W.264,3384.0,7.81,0.0,0,235.02
p2_E1_W1.262,3372.0,22.48,6.0,1,322.52
p2_N1_E3.25,3303.0,35.04,10.0,1,420.97
p2_E1_W1.261,3366.0,28.5,10.0,1,310.28
p2_E3_W3.261,3366.0,30.73,13.0,2,312.52
p2_W3_E3.110,3384.0,9.49,0.0,0,243.84
p2_W2_N2.26,3360.0,37.17,23.0,1,312.44
p2_N2_S2.78,3360.0,39.12,20.0,1,327.75
p2_S2_N2.78,3360.0,39.89,27.0,1,315.64
p2_E1_W1.263,3378.0,16.7,0.0,0,280.31
p2_E1_W1.264,3384.0,16.93,1.0,1,291.21
p2_E3_S3.27,3422.0,18.76,4.0,2,193.01
p2_E3_W3.263,3378.0,19.91,0.0,0,290.5
p2_E3_W3.260,3360.0,29.27,11.0,1,310.62
p2_E2_S2.26,3363.0,30.14,14.0,2,307.81
p2_N2_S2.79,3380.0,23.53,4.0,2,300.83
p2_E1_W1.265,3390.0,13.01,0.0,0,274.11
p2_E1_S1.25,3303.0,42.04,13.0,3,443.81
p2_S3_W3.26,3363.0,40.74,9.0,2,356.15
p2_E1_W1.266,3396.0,8.08,0.0,0,238.66
p2_E3_W3.265,3390.0,11.87,0.0,0,260.8
p2_E3_W3.264,3384.0,21.99,0.0,0,308.79
p2_E3_W3.266,3396.0,10.46,0.0,0,246.67
p2_S2_N2.79,3380.0,20.74,6.0,1,275.17
p2_S2_N2.80,3400.0,6.96,0.0,0,234.29
p2_E3_W3.262,3372.0,35.6,8.0,1,346.54
p2_N2_E2.26,3363.0,47.74,29.0,2,345.23
p2_W1_E1.111,3399.0,7.7,0.0,0,247.84
p2_W3_E3.109,3370.0,20.61,6.0,1,281.5
p2_W3_E3.111,3399.0,9.08,0.0,0,249.5
p2_E1_W1.268,3408.0,8.4,0.0,0,238.62
p2_S2_W2.26,3363.0,54.22,31.0,3,368.08
p2_W_E.111,3399.0,18.47,3.0,1,280.18
p2_E_W.267,3402.0,11.05,0.0,0,279.25
p2_E3_W3.267,3402.0,8.34,0.0,0,241.09
p2_E3_W3.268,3408.0,7.64,0.0,0,240.59
p2_W1_N3.26,3360.0,50.59,31.0,2,344.06
p2_S3_N3.80,3400.0,25.49,14.0,1,295.83
p2_S3_N3.79,3380.0,45.68,32.0,1,331.28
p2_W_E.110,3384.0,29.56,15.0,1,286.15
p2_S1_N1.79,3380.0,44.77,31.0,1,313.17
p2_E_W.265,3390.0,18.74,4.0,1,289.08
p2_N1_S1.80,3400.0,27.2,9.0,1,308.71
p2_W_E.112,3413.0,8.55,0.0,0,236.27
p2_N1_S1.79,3380.0,47.64,29.0,2,341.84
p2_E_W.268,3408.0,8.49,0.0,0,252.82
p2_S1_N1.81,3420.0,8.42,0.0,0,242.63
p2_S1_N1.80,3400.0,29.05,16.0,1,297.98
p2_E_W.270,3420.0,9.26,0.0,0,244.81
p2_N3_E1.27,3423.0,36.27,26.0,1,214.36
p2_N3_S3.79,3380.0,51.15,32.0,2,346.68
p2_E_W.266,3396.0,13.66,0.0,0,259.07
p2_N3_S3.80,3400.0,30.39,11.0,2,313.27
p2_S3_N3.81,3420.0,8.59,0.0,0,243.66
p2_E_W.271,3426.0,8.19,0.0,0,244.09
p2_W_E.113,3428.0,8.36,0.0,0,251.86
p2_E_W.269,3414.0,8.5,0.0,0,238.81
p2_S1_W1.27,3423.0,10.09,0.0,0,266.34
p2_E3_W3.270,3420.0,18.98,7.0,1,283.38
p2_W1_E1.113,3428.0,12.68,0.0,0,266.63
p2_S3_W3.27,3423.0,18.64,3.0,1,307.05
p2_W3_E3.112,3413.0,31.36,13.0,2,311.08
p2_N1_E3.26,3363.0,31.8,2.0,1,425.85
p2_W1_E1.112,3413.0,23.73,10.0,1,286.34
p2_E3_W3.272,3432.0,10.5,0.0,0,248.96
p2_S2_N2.81,3420.0,25.87,13.0,1,297.37
p2_W3_E3.113,3428.0,18.09,1.0,1,291.31
p2_E3_W3.269,3414.0,23.32,9.0,1,280.07
p2_E1_W1.267,3402.0,31.1,11.0,1,307.76
p2_W2_N2.27,3420.0,11.44,0.0,0,277.85
p2_E1_W1.272,3432.0,11.17,0.0,0,266.97
p2_W3_E3.114,3442.0,8.12,0.0,0,240.48
p2_N2_S2.80,3400.0,49.92,32.0,2,338.04
p2_E1_W1.269,3414.0,19.37,3.0,1,288.13
p2_E3_W3.273,3438.0,8.56,0.0,0,243.42
p2_E2_S2.27,3423.0,23.18,5.0,2,301.22
p2_E3_S3.28,3483.0,12.95,1.0,1,182.72
p2_E1_W1.271,3426.0,21.12,0.0,0,282.17
p2_N2_S2.82,3440.0,11.9,0.0,0,271.03
p2_N2_S2.81,3420.0,27.8,11.0,1,298.64
p2_E3_W3.271,3426.0,10.36,0.0,0,263.67
p2_E1_W1.274,3444.0,9.23,0.0,0,256.26
p2_E1_W1.270,3420.0,30.43,5.0,2,303.85
p2_E1_W1.275,3450.0,8.56,0.0,0,238.74
p2_E3_W3.275,3450.0,7.93,0.0,0,242.3
p2_E1_W1.273,3438.0,20.87,0.0,0,282.64
p2_S2_W2.27,3423.0,40.0,16.0,3,359.6
p2_W1_E1.114,3442.0,9.42,0.0,0,246.1
p2_W_E.114,3442.0,22.38,8.0,1,295.48
p2_W3_E3.115,3456.0,7.78,0.0,0,228.23
p2_W1_N3.27,3420.0,44.79,26.0,2,328.32
p2_N2_E2.27,3423.0,40.19,18.0,2,341.01
p2_E_W.272,3432.0,33.91,22.0,1,305.51
p2_E1_S1.26,3363.0,61.86,35.0,3,475.71
p2_W3_N1.27,3420.0,48.43,26.0,3,350.89
p2_E_W.274,3444.0,20.29,3.0,2,293.65
p2_E3_W3.274,3444.0,8.67,0.0,0,246.2
p2_N3_E1.28,3483.0,27.47,15.0,1,200.57
p2_E_W.273,3438.0,28.44,7.0,2,311.14
p2_E_W.275,3450.0,20.46,0.0,0,322.6
p2_E_W.276,3456.0,15.52,0.0,0,280.23
p2_N1_S1.83,3460.0,10.95,0.0,0,272.62
p2_N1_S1.82,3440.0,32.66,17.0,1,308.99
p2_E_W.277,3462.0,8.62,0.0,0,241.64
p2_N1_S1.81,3420.0,41.16,27.0,1,307.37
p2_N3_S3.82,3440.0,35.53,16.0,1,320.38
p2_S1_N1.83,3460.0,8.32,0.0,0,245.17
p2_S1_N1.82,3440.0,28.24,15.0,1,285.95
p2_S3_N3.82,3440.0,36.99,24.0,1,303.42
p2_S3_N3.83,3460.0,17.38,4.0,1,276.32
p2_N3_S3.83,3460.0,9.37,0.0,0,265.62
p2_N3_S3.81,3420.0,48.95,32.0,1,328.78
p2_E_W.279,3474.0,7.82,0.0,0,243.2
p2_W_E.115,3456.0,9.51,0.0,0,248.5
p2_E1_W1.277,3462.0,23.36,10.0,1,282.79
p2_W3_E3.116,3471.0,17.28,3.0,1,276.84
p2_E_W.280,3480.0,8.27,0.0,0,249.5
p2_N1_E3.27,3423.0,19.55,2.0,1,377.29
p2_W_E.116,3471.0,8.78,0.0,0,247.12
p2_E3_W3.278,3468.0,21.63,8.0,1,278.37
p2_W1_E1.116,3471.0,19.54,5.0,1,274.67
p2_E_W.278,3468.0,9.48,0.0,0,248.02
p2_E3_W3.279,3474.0,16.86,3.0,1,272.38
p2_N2_E2.28,3483.0,9.78,0.0,0,262.09
p2_W3_E3.117,3485.0,7.64,0.0,0,236.84
p2_E3_W3.280,3480.0,14.0,0.0,0,269.08
p2_W1_N3.28,3480.0,13.83,0.0,0,282.66
p2_S2_N2.82,3440.0,39.23,26.0,1,307.04
p2_N2_S2.83,3460.0,35.77,19.0,1,320.56
p2_N2_S2.84,3480.0,13.31,0.0,0,285.09
p2_W1_E1.117,3485.0,9.44,0.0,0,249.33
p2_E3_W3.281,3486.0,9.74,0.0,0,263.5
p2_W1_E1.115,3456.0,31.57,18.0,1,296.39
p2_E1_W1.279,3474.0,10.65,0.0,0,252.08
p2_S2_N2.84,3480.0,17.65,4.0,1,276.95
p2_E1_W1.276,3456.0,26.0,11.0,1,287.13
p2_E1_W1.280,3480.0,19.42,0.0,0,289.4
p2_E1_W1.278,3468.0,32.39,6.0,1,294.19
p2_E1_W1.282,3492.0,9.16,0.0,0,260.77
p2_E1_W1.281,3486.0,8.77,0.0,0,238.26
p2_E1_W1.283,3498.0,7.87,0.0,0,236.43
p2_S2_N2.83,3460.0,32.55,20.0,1,293.52
p2_E3_W3.282,3492.0,17.19,0.0,0,262.88
p2_E3_W3.277,3462.0,27.35,10.0,1,297.25
p2_E3_W3.283,3498.0,9.01,0.0,0,250.17
p2_E3_S3.29,3543.0,6.7,0.0,0,158.27
p2_E3_W3.276,3456.0,27.82,13.0,1,283.47
p2_W_E.118,3500.0,13.51,0.0,0,272.04
p2_E3_W3.284,3504.0,9.04,0.0,0,255.35
p2_W_E.117,3485.0,30.58,10.0,1,314.79
p2_S2_W2.28,3483.0,29.49,8.0,2,320.98
p2_W3_N1.28,3480.0,39.11,21.0,2,319.42
p2_E_W.281,3486.0,26.02,8.0,1,302.0
p2_E_W.282,3492.0,18.71,4.0,1,279.91
p2_E1_S1.27,3423.0,52.28,24.0,3,451.03
p2_S1_N1.85,3500.0,21.34,4.0,1,298.31
p2_S3_N3.84,3480.0,42.83,29.0,1,323.34
p2_E_W.283,3498.0,19.22,0.0,0,297.1
p2_W_E.119,3514.0,7.67,0.0,0,238.12
p2_N1_S1.84,3480.0,38.41,19.0,2,320.45
p2_N3_S3.84,3480.0,44.98,24.0,2,340.01
p2_E_W.284,3504.0,9.18,0.0,0,255.92
p2_E_W.286,3516.0,8.77,0.0,0,251.03
p2_S1_N1.84,3480.0,47.13,25.0,2,352.33
p2_S1_W1.28,3483.0,41.32,22.0,2,341.73
p2_N1_S1.85,3500.0,24.88,1.0,1,315.55
p2_S1_N1.86,3520.0,8.36,0.0,0,249.16
p2_S3_N3.86,3520.0,8.13,0.0,0,246.41
p2_E_W.287,3522.0,7.82,0.0,0,241.84
p2_E1_W1.284,3504.0,31.18,13.0,1,305.38
p2_W_E.120,3528.0,7.48,0.0,0,237.72
p2_E1_W1.285,3510.0,26.12,8.0,1,300.61
p2_W3_E3.120,3528.0,7.92,0.0,0,256.1
p2_E1_W1.287,3522.0,15.01,0.0,0,280.14
p2_E_W.285,3510.0,9.69,0.0,0,253.78
p2_W3_E3.119,3514.0,22.6,6.0,1,289.46
p2_E3_W3.286,3516.0,22.01,6.0,1,297.91
p2_E1_W1.288,3528.0,9.95,0.0,0,264.16
p2_E3_W3.288,3528.0,9.79,0.0,0,264.6
p2_S3_W3.28,3483.0,56.77,32.0,2,356.57
p2_S3_N3.85,3500.0,20.59,6.0,1,273.41
p2_E3_W3.285,3510.0,31.78,12.0,1,315.37
p2_W1_E1.119,3514.0,28.34,6.0,2,321.82
p2_E3_W3.287,3522.0,14.69,0.0,0,274.19
p2_N3_E1.29,3543.0,32.31,17.0,2,208.21
p2_W1_E1.118,3500.0,44.08,20.0,3,356.64
p2_W3_E3.118,3500.0,32.04,16.0,1,303.08
p2_E1_W1.289,3534.0,7.99,0.0,0,245.7
p2_E3_W3.289,3534.0,10.58,0.0,0,261.74
p2_S2_N2.85,3500.0,41.54,28.0,1,319.64
p2_N2_S2.85,3500.0,45.98,27.0,2,337.7
p2_W1_E1.120,3528.0,16.99,3.0,1,272.18
p2_W2_N2.28,3480.0,50.08,28.0,3,357.25
p2_E2_S2.28,3483.0,47.87,26.0,2,360.14
p2_E1_W1.290,3540.0,7.86,0.0,0,239.65
p2_S2_N2.87,3540.0,8.05,0.0,0,245.54
p2_N2_S2.87,3540.0,8.92,0.0,0,249.78
p2_W1_E1.121,3543.0,7.85,0.0,0,245.01
p2_N2_S2.86,3520.0,21.24,0.0,0,290.5
p2_S2_N2.86,3520.0,21.28,7.0,1,275.62
p2_S2_W2.29,3543.0,9.85,0.0,0,268.9
p2_W1_N3.29,3540.0,13.63,2.0,1,270.12
p2_E3_W3.291,3546.0,7.81,0.0,0,243.82
p2_E3_W3.290,3540.0,8.49,0.0,0,242.14
p2_E1_W1.286,3516.0,11.52,0.0,0,266.06
p2_E1_W1.291,3546.0,8.32,0.0,0,242.7
p2_E1_W1.292,3552.0,7.57,0.0,0,239.93
p2_E_W.289,3534.0,22.69,9.0,1,280.2
p2_E_W.290,3540.0,21.27,8.0,1,278.76
p2_W_E.121,3543.0,16.73,2.0,1,281.8
p2_E1_S1.28,3483.0,37.55,17.0,1,412.21
p2_N3_S3.85,3500.0,25.31,8.0,1,286.18
p2_E_W.288,3528.0,20.5,6.0,1,283.22
p2_S1_N1.87,3540.0,27.82,13.0,1,289.67
p2_E_W.291,3546.0,15.52,1.0,1,274.21
p2_E2_S2.29,3543.0,18.76,1.0,1,297.21
p2_S3_N3.88,3560.0,9.98,0.0,0,250.5
p2_W3_N1.29,3540.0,26.54,8.0,1,299.74
p2_S1_N1.88,3560.0,11.83,0.0,0,265.48
p2_E_W.292,3552.0,9.64,0.0,0,246.39
p2_E_W.293,3558.0,8.79,0.0,0,243.82
p2_E_W.294,3564.0,10.31,0.0,0,262.01
p2_S1_W1.29,3543.0,23.46,9.0,1,293.22
p2_E3_W3.292,3552.0,23.83,11.0,1,298.87
p2_S3_W3.29,3543.0,35.57,15.0,2,315.23
p2_N3_S3.86,3520.0,60.17,42.0,2,356.46
p2_W_E.122,3557.0,8.61,0.0,0,242.14
p2_N3_S3.87,3540.0,40.69,19.0,2,328.91
p2_E3_W3.293,3558.0,24.0,11.0,1,274.73
p2_N3_S3.88,3560.0,22.4,3.0,1,301.39
p2_E3_W3.294,3564.0,18.14,4.0,1,276.79
p2_E_W.295,3570.0,8.29,0.0,0,244.59
p2_S3_N3.87,3540.0,23.31,8.0,1,287.9
p2_E1_W1.293,3558.0,29.44,17.0,1,283.48
p2_E1_W1.294,3564.0,23.11,10.0,1,284.78
p2_N1_S1.87,3540.0,40.25,19.0,2,319.46
p2_E1_W1.295,3570.0,18.65,4.0,1,274.85
p2_N1_S1.86,3520.0,55.59,37.0,2,351.42
p2_N1_S1.88,3560.0,33.85,10.0,1,302.05
p2_N2_S2.88,3560.0,31.52,13.0,1,315.31
p2_W3_E3.123,3572.0,21.67,2.0,1,299.03
p2_N1_E3.28,3483.0,63.94,27.0,3,506.89
p2_E1_W1.297,3582.0,10.33,0.0,0,253.75
p2_W3_E3.122,3557.0,37.85,15.0,2,323.17
p2_N2_S2.89,3580.0,15.9,0.0,0,284.33
p2_E1_W1.298,3588.0,7.51,0.0,0,239.08
p2_W1_E1.122,3557.0,41.2,25.0,2,322.21
p2_W1_E1.123,3572.0,26.68,11.0,1,302.95
p2_W1_E1.124,3586.0,14.38,2.0,1,265.72
p2_E3_W3.295,3570.0,31.56,13.0,2,310.6
p2_E1_W1.296,3576.0,10.54,0.0,0,247.47
p2_W3_E3.121,3543.0,38.66,17.0,2,309.76
p2_E1_W1.299,3594.0,7.93,0.0,0,234.53
p2_E3_W3.296,3576.0,22.74,9.0,1,266.42
p2_E3_W3.297,3582.0,23.37,10.0,1,279.1
p2_W3_E3.124,3586.0,19.5,6.0,1,275.06
p2_W2_N2.29,3540.0,68.18,45.0,3,393.17
p2_S2_N2.88,3560.0,45.92,26.0,2,333.38
p2_N1_E3.29,3543.0,23.62,8.0,1,382.41
p2_E_W.296,3576.0,44.26,28.0,2,340.32
p2_E_W.299,3594.0,25.82,6.0,2,307.87
p2_E_W.297,3582.0,33.26,15.0,2,299.81
p2_E3_W3.299,3594.0,36.91,17.0,2,325.32
p2_E_W.298,3588.0,15.67,0.0,0,268.13
p2_N2_E2.29,3543.0,79.24,60.0,2,393.6
p2_W_E.123,3572.0,50.79,28.0,2,358.09
p2_N3_S3.89,3580.0,56.63,30.0,3,374.58
p2_E3_W3.298,3588.0,38.82,20.0,2,327.1
p2_W_E.124,3586.0,46.46,20.0,2,351.64
p2_S1_N1.89,3580.0,70.3,44.0,3,389.69
p2_N1_S1.89,3580.0,79.45,53.0,2,405.45
p2_E1_S1.29,3543.0,69.0,47.0,2,469.93
p2_S3_N3.89,3580.0,81.04,60.0,3,411.46
p2_S2_N2.89,3580.0,108.48,86.0,3,440.23
