id,depart,timeloss,espera,paradas,co2
p1_S3_E3.0,3.0,6.89,0.0,0,158.49
p1_E1_N3.0,3.0,12.08,0.0,0,175.51
p1_S2_N2.0,0.0,12.16,0.0,0,268.76
p1_N2_S2.0,0.0,13.4,1.0,1,269.7
p1_N2_W2.0,3.0,10.28,0.0,0,242.4
p1_S3_N3.0,0.0,14.21,2.0,1,264.51
p1_N1_W3.0,3.0,9.23,0.0,0,256.29
p1_N3_S3.0,0.0,14.67,1.0,1,276.18
p1_N1_S1.0,0.0,8.57,0.0,0,240.89
p1_E2_N2.0,3.0,15.51,2.0,1,277.92
p1_W1_S1.0,3.0,17.69,0.0,0,272.07
p1_W2_S2.0,3.0,18.58,2.0,1,298.19
p1_S1_N1.0,0.0,8.68,0.0,0,249.28
p1_S3_E3.1,63.0,6.98,0.0,0,163.7
p1_S2_E2.0,3.0,24.45,9.0,1,297.54
p1_W_E.0,0.0,22.94,6.0,2,306.23
p1_W1_E1.1,6.0,24.66,3.0,1,312.93
p1_W1_E1.2,12.0,18.97,4.0,1,285.64
p1_W_E.3,18.0,9.51,0.0,0,245.85
p1_W_E.1,6.0,13.62,0.0,0,267.18
p1_W3_E3.1,6.0,27.66,7.0,2,325.45
p1_E1_W1.1,15.0,18.74,5.0,1,272.32
p1_W1_E1.3,18.0,14.3,0.0,0,273.13
p1_E1_N3.1,61.0,13.61,2.0,1,175.03
p1_E3_W3.0,0.0,29.98,11.0,2,320.5
p1_W_E.2,12.0,9.31,0.0,0,255.8
p1_W3_E3.2,12.0,15.51,1.0,1,272.64
p1_E3_W3.1,15.0,13.29,0.0,0,271.46
p1_W3_S3.0,3.0,28.05,9.0,2,313.52
p1_E_W.1,15.0,22.35,8.0,1,289.7
p1_W3_E3.3,18.0,18.65,1.0,1,291.29
p1_W1_E1.0,0.0,20.1,0.0,0,295.85
p1_W3_E3.0,0.0,34.16,8.0,2,332.99
p1_E1_W1.0,0.0,20.12,4.0,1,292.29
p1_E_W.0,0.0,20.24,6.0,1,276.34
p1_S3_N3.1,20.0,19.78,1.0,1,306.84
p1_N2_S2.1,20.0,26.55,5.0,2,313.68
p1_N1_S1.1,20.0,25.48,7.0,2,312.34
p1_N3_S3.1,20.0,19.34,3.0,1,288.69
p1_E_W.2,29.0,20.44,2.0,1,306.27
p1_E_W.3,44.0,8.09,0.0,0,244.1
p1_S1_N1.1,20.0,21.25,9.0,1,277.78
p1_W_E.4,24.0,27.63,13.0,1,300.88
p1_W_E.5,30.0,24.99,8.0,1,309.17
p1_W1_E1.6,36.0,18.92,0.0,0,306.66
p1_W_E.6,36.0,20.04,2.0,1,279.0
p1_W1_E1.8,48.0,8.53,0.0,0,251.12
p1_W1_E1.7,42.0,14.82,0.0,0,284.0
p1_W3_E3.4,24.0,33.91,13.0,2,332.35
p1_W1_E1.5,30.0,28.4,4.0,1,327.41
p1_W_E.7,42.0,12.82,0.0,0,272.24
p1_E1_W1.2,29.0,33.5,9.0,3,345.09
p1_E1_W1.3,44.0,18.49,4.0,1,278.88
p1_E3_W3.3,44.0,19.51,3.0,1,290.24
p1_E3_W3.2,29.0,34.97,12.0,3,333.44
p1_W1_E1.4,24.0,21.89,4.0,1,289.03
p1_W3_E3.5,30.0,17.16,3.0,1,281.89
p1_N3_W1.0,3.0,53.38,30.0,3,348.46
p1_S2_N2.3,60.0,7.65,0.0,0,239.29
p1_W3_E3.6,36.0,13.21,0.0,0,263.61
p1_S3_N3.3,60.0,8.62,0.0,0,239.52
p1_S2_N2.2,40.0,30.27,10.0,2,327.56
p1_N3_S3.3,60.0,11.99,0.0,0,262.7
p1_N3_S3.2,40.0,32.76,10.0,2,336.06
p1_S3_N3.2,40.0,16.71,1.0,1,280.26
p1_N2_S2.3,60.0,15.9,3.0,1,270.9
p1_N2_S2.2,40.0,28.85,8.0,2,317.2
p1_E_W.4,58.0,20.9,2.0,2,293.54
p1_W1_E1.10,60.0,20.53,4.0,1,285.66
p1_E_W.5,72.0,8.19,0.0,0,243.97
p1_W1_E1.11,66.0,14.89,1.0,1,265.15
p1_S1_E1.0,3.0,34.72,11.0,2,410.34
p1_W1_E1.9,54.0,30.45,11.0,1,329.74
p1_W_E.9,54.0,30.46,12.0,2,315.17
p1_W3_E3.10,60.0,24.25,7.0,1,302.11
p1_S1_N1.3,60.0,23.93,12.0,1,278.1
p1_S2_E2.1,63.0,21.44,6.0,1,291.66
p1_W1_E1.12,72.0,12.28,0.0,0,279.85
p1_E1_N3.2,120.0,8.15,0.0,0,157.88
p1_S2_N2.1,20.0,24.53,8.0,1,288.37
p1_N1_W3.1,63.0,23.0,8.0,1,295.25
p1_E3_N1.0,3.0,40.48,10.0,2,447.21
p1_W3_E3.8,48.0,37.62,16.0,1,336.98
p1_W_E.10,60.0,26.25,10.0,1,295.86
p1_W1_S1.1,63.0,23.21,5.0,1,298.04
p1_W3_E3.9,54.0,33.54,12.0,1,308.86
p1_W_E.12,72.0,16.11,0.0,0,287.26
p1_W_E.8,48.0,31.45,12.0,1,310.79
p1_W2_S2.1,63.0,22.89,7.0,1,288.67
p1_W_E.11,66.0,18.69,2.0,1,283.63
p1_W_E.13,78.0,12.0,0.0,0,281.3
p1_S1_N1.2,40.0,37.46,20.0,2,321.6
p1_N1_S1.3,60.0,22.37,8.0,1,276.33
p1_W3_E3.11,66.0,14.54,0.0,0,265.68
p1_N1_S1.2,40.0,36.71,18.0,2,315.68
p1_S3_N3.4,80.0,13.09,0.0,0,297.13
p1_W3_S3.1,63.0,30.02,4.0,1,320.27
p1_W3_E3.13,78.0,8.81,0.0,0,251.55
p1_E1_W1.4,58.0,38.23,17.0,2,347.92
p1_E3_W3.4,58.0,38.0,16.0,2,332.47
p1_E3_W3.5,72.0,24.86,10.0,1,306.78
p1_W3_E3.7,42.0,30.52,16.0,1,295.86
p1_W3_E3.12,72.0,10.8,0.0,0,254.82
p1_S2_N2.4,80.0,21.51,1.0,1,318.66
p1_E2_N2.1,61.0,41.55,17.0,2,347.54
p1_N3_S3.4,80.0,22.43,3.0,1,301.97
p1_N2_W2.1,63.0,23.09,7.0,1,289.91
p1_E1_W1.6,87.0,13.77,0.0,0,273.06
p1_S3_E3.2,123.0,25.57,12.0,1,189.83
p1_N3_W1.1,63.0,40.77,23.0,2,329.28
p1_E_W.6,87.0,21.67,1.0,1,290.2
p1_W1_E1.13,78.0,27.19,11.0,1,303.65
p1_N1_S1.4,80.0,30.22,11.0,2,318.71
p1_W1_E1.17,102.0,9.35,0.0,0,246.57
p1_N2_S2.4,80.0,20.8,8.0,1,279.39
p1_E_W.7,101.0,7.54,0.0,0,249.42
p1_W1_E1.16,96.0,17.26,0.0,0,272.98
p1_S1_N1.4,80.0,33.79,11.0,2,333.55
p1_W_E.14,84.0,28.99,12.0,2,309.96
p1_W_E.15,90.0,19.68,3.0,1,300.99
p1_W1_E1.15,90.0,15.31,1.0,1,270.3
p1_W3_E3.14,84.0,34.11,15.0,2,319.0
p1_W3_E3.15,90.0,28.21,10.0,2,318.79
p1_W1_E1.18,108.0,7.65,0.0,0,229.75
p1_W3_E3.16,96.0,24.09,4.0,1,308.04
p1_W3_E3.17,102.0,17.52,3.0,1,275.86
p1_W3_E3.18,108.0,13.87,0.0,0,268.85
p1_E3_W3.6,87.0,36.14,12.0,2,339.06
p1_E3_W3.7,101.0,22.26,4.0,1,299.94
p1_W1_E1.14,84.0,18.63,6.0,1,285.02
p1_S3_N3.5,100.0,18.35,3.0,1,298.17
p1_N2_S2.5,100.0,34.33,9.0,2,335.39
p1_N3_S3.5,100.0,31.96,9.0,3,335.73
p1_E1_W1.8,116.0,21.06,5.0,1,294.87
p1_S1_E1.1,63.0,28.26,10.0,1,392.54
p1_E1_W1.5,72.0,38.82,19.0,2,322.69
p1_W_E.17,102.0,36.67,18.0,2,321.64
p1_S2_N2.6,120.0,14.93,1.0,1,266.88
p1_S2_E2.2,123.0,17.33,1.0,1,292.35
p1_E_W.9,130.0,8.2,0.0,0,253.76
p1_S2_N2.5,100.0,28.88,10.0,2,294.01
p1_W_E.19,114.0,27.0,13.0,1,286.78
p1_W1_E1.19,114.0,27.91,15.0,1,300.68
p1_W1_E1.20,120.0,22.25,8.0,1,278.78
p1_W_E.16,96.0,41.24,23.0,2,331.11
p1_E1_W1.7,101.0,30.78,13.0,2,311.2
p1_N1_S1.6,120.0,23.4,9.0,1,277.42
p1_N3_W1.2,123.0,19.81,5.0,1,290.78
p1_W3_E3.19,114.0,30.49,15.0,1,321.94
p1_E1_N3.3,180.0,7.38,0.0,0,162.45
p1_N1_S1.5,100.0,40.98,22.0,2,337.81
p1_W1_S1.2,123.0,22.2,7.0,1,295.46
p1_W3_S3.2,123.0,21.08,5.0,1,304.79
p1_W_E.18,108.0,29.13,11.0,1,304.53
p1_E2_N2.2,120.0,16.51,0.0,0,272.63
p1_W_E.21,126.0,20.52,6.0,1,284.46
p1_W1_E1.22,132.0,13.81,0.0,0,271.61
p1_W3_E3.22,132.0,14.52,0.0,0,279.4
p1_N1_W3.2,123.0,24.63,8.0,1,294.28
p1_W3_E3.21,126.0,18.61,2.0,1,284.59
p1_W_E.22,132.0,16.12,3.0,1,276.68
p1_W1_E1.23,138.0,10.66,0.0,0,246.85
p1_E_W.8,116.0,10.98,0.0,0,254.94
p1_W_E.23,138.0,12.16,0.0,0,265.39
p1_W1_E1.24,144.0,8.14,0.0,0,238.11
p1_W3_E3.23,138.0,8.17,0.0,0,243.72
p1_W_E.20,120.0,23.44,9.0,1,285.33
p1_E3_N1.1,60.0,52.75,19.0,3,477.58
p1_S1_N1.6,120.0,33.72,16.0,2,316.69
p1_W1_E1.21,126.0,14.16,0.0,0,266.81
p1_E3_W3.9,130.0,17.61,0.0,0,293.13
p1_E3_W3.8,116.0,35.44,12.0,2,345.62
p1_W3_E3.20,120.0,19.56,5.0,1,283.76
p1_N3_S3.7,140.0,19.28,7.0,1,288.15
p1_S3_N3.7,140.0,19.92,6.0,1,279.7
p1_S1_N1.5,100.0,48.53,25.0,3,356.35
p1_S3_E3.3,183.0,21.68,7.0,1,194.35
p1_N3_S3.6,120.0,34.27,14.0,3,333.5
p1_S3_N3.6,120.0,34.46,16.0,2,327.8
p1_W2_S2.2,123.0,39.89,16.0,2,337.61
p1_N2_S2.6,120.0,32.02,12.0,2,307.74
p1_N2_S2.7,140.0,17.64,2.0,1,275.82
p1_W3_E3.25,150.0,20.18,7.0,1,296.56
p1_N2_W2.2,123.0,42.74,18.0,3,345.88
p1_S2_N2.7,140.0,22.38,4.0,1,301.34
p1_W3_E3.27,162.0,9.55,0.0,0,254.89
p1_W_E.25,150.0,21.7,7.0,1,280.57
p1_E_W.10,144.0,24.58,5.0,1,303.39
p1_W3_E3.24,144.0,23.88,10.0,1,295.35
p1_W1_E1.25,150.0,25.5,11.0,1,289.23
p1_W3_E3.26,156.0,14.65,0.0,0,271.44
p1_W3_E3.28,168.0,7.58,0.0,0,239.49
p1_W_E.24,144.0,22.46,9.0,1,280.01
p1_E1_W1.9,130.0,39.11,21.0,2,323.3
p1_W_E.28,168.0,8.8,0.0,0,246.44
p1_W1_E1.27,162.0,15.73,2.0,1,270.92
p1_W_E.26,156.0,23.68,9.0,1,279.42
p1_W1_E1.28,168.0,12.43,0.0,0,257.98
p1_E1_W1.12,173.0,8.91,0.0,0,247.73
p1_W1_E1.29,174.0,8.27,0.0,0,239.89
p1_W_E.29,174.0,8.03,0.0,0,244.88
p1_E3_W3.10,144.0,39.44,17.0,3,346.76
p1_E1_W1.10,144.0,20.32,5.0,1,281.99
p1_E1_W1.11,159.0,25.02,11.0,1,287.29
p1_N3_S3.8,160.0,22.48,5.0,1,294.06
p1_W1_E1.26,156.0,16.38,3.0,1,263.69
p1_E3_W3.11,159.0,13.63,1.0,1,274.75
p1_S3_N3.8,160.0,30.02,8.0,2,324.83
p1_S1_N1.8,160.0,30.27,11.0,2,302.38
p1_W2_S2.3,183.0,10.07,0.0,0,255.52
p1_E2_N2.3,180.0,12.66,0.0,0,277.48
p1_E_W.12,173.0,22.91,7.0,1,298.72
p1_E_W.11,159.0,25.63,9.0,1,290.17
p1_W3_E3.29,174.0,24.49,10.0,1,278.39
p1_N1_S1.8,160.0,38.83,19.0,2,319.85
p1_E_W.13,188.0,10.72,0.0,0,250.98
p1_S1_N1.7,140.0,35.13,16.0,2,320.48
p1_N1_S1.7,140.0,53.51,27.0,3,352.38
p1_W3_E3.30,180.0,18.02,5.0,1,273.66
p1_W3_S3.3,183.0,19.26,3.0,1,290.87
p1_S2_N2.8,160.0,43.01,23.0,2,328.46
p1_W_E.30,180.0,20.5,7.0,1,286.41
p1_S2_N2.9,180.0,23.42,9.0,1,287.57
p1_E1_N3.4,240.0,7.6,0.0,0,162.92
p1_W_E.31,186.0,18.65,4.0,1,281.51
p1_W3_E3.32,192.0,9.8,0.0,0,261.99
p1_E1_W1.13,188.0,14.63,1.0,1,269.11
p1_W3_E3.31,186.0,12.58,0.0,0,264.28
p1_S2_N2.10,200.0,7.2,0.0,0,236.23
p1_W1_E1.30,180.0,19.62,6.0,1,276.51
p1_N1_W3.3,183.0,18.91,3.0,1,293.46
p1_N1_S1.10,200.0,9.18,0.0,0,256.49
p1_W_E.27,162.0,25.39,6.0,1,295.79
p1_N1_S1.9,180.0,20.5,5.0,1,287.42
p1_W1_S1.3,183.0,25.0,4.0,1,307.38
p1_S1_E1.2,123.0,33.65,8.0,2,399.88
p1_N3_S3.9,180.0,31.83,12.0,2,325.59
p1_N3_W1.3,183.0,23.64,9.0,1,268.24
p1_S3_E3.4,243.0,14.06,1.0,1,176.72
p1_S2_E2.3,183.0,25.13,10.0,1,291.37
p1_N2_S2.8,160.0,55.89,33.0,3,378.09
p1_N2_S2.9,180.0,36.8,18.0,2,321.54
p1_S3_N3.10,200.0,18.89,0.0,0,279.8
p1_S3_N3.9,180.0,26.6,8.0,1,310.7
p1_N3_S3.10,200.0,10.27,0.0,0,244.75
p1_E3_N1.2,120.0,58.39,25.0,4,497.21
p1_S1_N1.9,180.0,42.75,21.0,2,332.64
p1_E_W.14,202.0,21.0,0.0,0,306.16
p1_E3_W3.12,173.0,27.41,8.0,1,310.75
p1_E_W.15,216.0,8.12,0.0,0,248.27
p1_E3_W3.14,202.0,18.85,2.0,1,290.98
p1_W3_E3.33,198.0,22.69,9.0,1,289.83
p1_W3_E3.35,210.0,19.35,5.0,1,287.17
p1_S1_N1.10,200.0,30.76,14.0,2,318.29
p1_W3_E3.34,204.0,23.15,10.0,1,294.54
p1_W3_E3.37,222.0,8.27,0.0,0,244.79
p1_W_E.35,210.0,24.4,11.0,1,288.51
p1_W3_E3.36,216.0,18.09,1.0,1,287.86
p1_W_E.33,198.0,33.46,14.0,2,310.14
p1_N1_S1.11,220.0,17.83,3.0,1,275.24
p1_E3_W3.13,188.0,23.95,10.0,1,295.08
p1_W_E.32,192.0,38.54,17.0,2,327.47
p1_E1_W1.14,202.0,38.36,21.0,2,325.21
p1_W_E.34,204.0,22.52,7.0,1,283.25
p1_N3_S3.11,220.0,19.16,1.0,1,294.02
p1_E1_W1.15,216.0,19.53,7.0,1,273.28
p1_S2_N2.11,220.0,19.81,3.0,1,288.62
p1_S3_N3.11,220.0,13.68,1.0,1,268.23
p1_E_W.16,231.0,17.01,4.0,1,272.2
p1_W3_E3.38,228.0,25.31,12.0,1,281.39
p1_E3_W3.16,231.0,21.7,6.0,1,303.13
p1_N2_W2.3,183.0,51.85,28.0,3,357.35
p1_E2_N2.4,240.0,12.33,0.0,0,271.19
p1_W1_E1.32,192.0,64.5,42.0,3,389.96
p1_S1_N1.12,240.0,18.23,6.0,1,279.1
p1_S1_N1.11,220.0,39.09,17.0,2,331.13
p1_N2_S2.11,220.0,33.36,15.0,2,303.83
p1_W1_E1.31,186.0,62.41,40.0,3,367.91
p1_W_E.37,222.0,38.44,14.0,3,339.37
p1_E_W.17,245.0,8.2,0.0,0,240.8
p1_W1_E1.33,198.0,56.79,30.0,3,375.95
p1_N2_S2.10,200.0,47.28,27.0,2,334.3
p1_W1_E1.34,204.0,43.54,23.0,2,341.65
p1_W_E.36,216.0,39.92,16.0,2,341.38
p1_E1_N3.5,300.0,6.97,0.0,0,158.66
p1_W1_E1.36,216.0,44.98,19.0,2,320.22
p1_W_E.39,234.0,23.12,4.0,1,289.32
p1_W1_E1.35,210.0,39.49,20.0,2,318.48
p1_W1_E1.37,222.0,43.73,15.0,2,339.35
p1_S3_E3.5,303.0,7.12,0.0,0,163.92
p1_W1_E1.39,234.0,33.51,9.0,2,325.73
p1_E1_W1.17,245.0,22.26,9.0,1,268.43
p1_W1_E1.38,228.0,40.11,12.0,2,330.12
p1_W_E.38,228.0,21.18,3.0,1,294.59
p1_W1_S1.4,243.0,24.66,6.0,1,313.52
p1_N3_S3.13,260.0,8.12,0.0,0,245.01
p1_E1_W1.16,231.0,31.72,10.0,1,304.27
p1_W1_E1.41,246.0,19.77,2.0,1,293.29
p1_E3_W3.15,216.0,21.42,6.0,1,280.21
p1_W1_E1.40,240.0,21.78,2.0,1,287.3
p1_N3_S3.12,240.0,29.49,10.0,2,300.56
p1_W1_E1.42,252.0,19.26,0.0,0,278.66
p1_S3_N3.12,240.0,27.49,9.0,2,310.13
p1_S2_N2.13,260.0,14.27,0.0,0,266.96
p1_S2_N2.12,240.0,34.78,17.0,2,320.83
p1_W3_E3.39,234.0,44.63,25.0,2,338.75
p1_W3_E3.40,240.0,37.32,20.0,2,320.23
p1_N2_S2.12,240.0,9.85,0.0,0,259.78
p1_W3_S3.4,243.0,37.34,16.0,2,328.29
p1_E3_W3.17,245.0,34.98,17.0,2,318.98
p1_E3_W3.18,260.0,20.26,6.0,1,279.23
p1_W3_E3.41,246.0,34.97,15.0,2,318.2
p1_N2_W2.4,243.0,27.52,8.0,2,295.37
p1_E_W.19,274.0,7.74,0.0,0,253.23
p1_W3_E3.42,252.0,30.91,8.0,1,314.85
p1_W3_E3.43,258.0,20.9,8.0,1,269.37
p1_E_W.18,260.0,22.8,6.0,1,288.73
p1_S1_E1.3,183.0,58.19,27.0,3,473.61
p1_E3_N1.3,180.0,54.2,19.0,3,480.54
p1_W1_E1.43,258.0,26.64,14.0,1,295.39
p1_W3_E3.44,264.0,20.74,5.0,1,284.5
p1_W1_E1.45,270.0,16.53,2.0,1,276.38
p1_S1_N1.14,280.0,7.88,0.0,0,254.29
p1_S1_N1.13,260.0,26.29,8.0,1,307.09
p1_W1_E1.46,276.0,12.85,0.0,0,263.47
p1_W1_E1.47,282.0,8.98,0.0,0,246.76
p1_N2_S2.13,260.0,32.13,17.0,1,309.15
p1_W1_E1.44,264.0,18.15,4.0,1,267.59
p1_W_E.41,246.0,48.3,25.0,3,355.74
p1_N1_W3.4,243.0,52.25,25.0,3,368.29
p1_N1_S1.13,260.0,34.82,14.0,1,333.44
p1_E1_W1.18,260.0,36.52,13.0,3,341.04
p1_N1_S1.12,240.0,57.25,30.0,3,374.28
p1_N3_W1.4,243.0,52.23,28.0,3,364.13
p1_S3_N3.14,280.0,17.47,2.0,1,275.2
p1_N2_S2.14,280.0,8.97,0.0,0,238.61
p1_S2_E2.4,243.0,40.85,20.0,2,333.33
p1_N3_S3.14,280.0,9.42,0.0,0,250.01
p1_W_E.40,240.0,49.04,23.0,3,349.09
p1_W_E.43,258.0,42.98,13.0,2,355.63
p1_W_E.44,264.0,37.34,10.0,2,329.44
p1_W_E.42,252.0,44.28,15.0,3,359.12
p1_W_E.45,270.0,33.28,14.0,2,319.27
p1_W_E.47,282.0,22.5,5.0,1,312.1
p1_W3_E3.46,276.0,29.03,6.0,2,330.45
p1_S1_E1.4,243.0,19.98,3.0,1,382.41
p1_W_E.48,288.0,18.15,1.0,1,285.95
p1_E_W.20,288.0,17.92,5.0,1,275.17
p1_W2_S2.4,243.0,59.75,30.0,4,378.68
p1_S3_N3.13,260.0,27.06,8.0,2,299.13
p1_W3_E3.48,288.0,18.84,3.0,2,290.18
p1_W_E.49,294.0,9.81,0.0,0,259.88
p1_S3_N3.15,300.0,8.92,0.0,0,252.03
p1_E_W.21,303.0,7.45,0.0,0,240.1
p1_E3_N1.4,240.0,29.51,5.0,1,435.76
p1_W3_E3.45,270.0,29.47,9.0,1,308.38
p1_E3_W3.19,274.0,39.12,19.0,2,323.81
p1_W3_E3.49,294.0,9.1,0.0,0,245.51
p1_S1_N1.15,300.0,16.36,0.0,0,294.48
p1_W1_E1.48,288.0,28.91,11.0,1,308.13
p1_E3_W3.20,288.0,9.33,0.0,0,253.3
p1_W1_E1.49,294.0,21.3,3.0,1,294.04
p1_W1_E1.50,300.0,19.17,0.0,0,286.29
p1_N2_S2.15,300.0,19.64,7.0,1,271.58
p1_E1_W1.21,303.0,22.38,7.0,1,279.2
p1_E1_W1.20,288.0,34.88,11.0,2,318.56
p1_N1_S1.14,280.0,46.69,22.0,3,353.45
p1_W1_S1.5,303.0,24.1,4.0,1,294.89
p1_W_E.51,306.0,25.03,6.0,2,307.01
p1_E1_W1.19,274.0,38.37,16.0,2,327.5
p1_W3_E3.47,282.0,50.92,22.0,3,341.88
p1_W_E.52,312.0,21.16,1.0,1,291.49
p1_S2_N2.15,300.0,35.35,15.0,2,325.26
p1_W_E.54,324.0,11.05,0.0,0,252.97
p1_S2_N2.14,280.0,55.78,32.0,3,364.73
p1_W_E.53,318.0,16.06,0.0,0,276.03
p1_W_E.50,300.0,34.24,10.0,2,312.04
p1_W2_S2.5,303.0,22.52,5.0,1,303.49
p1_W_E.46,276.0,32.69,10.0,1,319.33
p1_N2_W2.5,303.0,27.81,7.0,2,310.57
p1_E3_W3.21,303.0,36.82,11.0,2,338.46
p1_E3_W3.22,317.0,22.79,6.0,1,303.23
p1_N3_W1.5,303.0,28.99,7.0,1,303.26
p1_E1_W1.22,317.0,12.35,0.0,0,281.78
p1_W3_S3.5,303.0,21.76,5.0,1,298.18
p1_W1_E1.53,318.0,23.79,10.0,1,290.1
p1_S2_E2.5,303.0,41.83,20.0,3,339.73
p1_W3_E3.50,300.0,22.89,6.0,1,300.35
p1_N3_S3.16,320.0,25.13,10.0,1,289.73
p1_W1_E1.56,336.0,10.09,0.0,0,264.69
p1_N3_S3.15,300.0,47.42,23.0,3,355.36
p1_W1_E1.51,306.0,19.72,5.0,1,294.38
p1_W3_E3.51,306.0,20.68,2.0,1,298.16
p1_S2_N2.16,320.0,17.07,3.0,1,283.77
p1_W1_E1.54,324.0,24.34,7.0,1,287.54
p1_N2_S2.17,340.0,8.05,0.0,0,247.61
p1_E1_N3.6,363.0,19.74,9.0,1,185.92
p1_S1_N1.17,340.0,7.65,0.0,0,240.12
p1_W1_E1.55,330.0,14.42,0.0,0,279.91
p1_W1_E1.57,342.0,8.35,0.0,0,238.07
p1_S1_N1.16,320.0,20.37,3.0,1,283.91
p1_S3_E3.6,363.0,22.29,11.0,1,190.59
p1_N2_S2.16,320.0,24.17,10.0,1,288.65
p1_N1_W3.5,303.0,51.44,26.0,3,365.34
p1_N1_S1.15,300.0,52.37,28.0,3,357.98
p1_W_E.56,336.0,24.45,3.0,1,316.99
p1_W_E.58,348.0,12.1,0.0,0,263.59
p1_W1_E1.52,312.0,25.61,11.0,1,285.66
p1_W3_E3.52,312.0,48.63,23.0,3,352.8
p1_N1_S1.16,320.0,24.82,6.0,1,289.31
p1_W_E.57,342.0,19.97,0.0,0,280.13
p1_W3_E3.53,318.0,38.7,13.0,2,325.19
p1_W_E.59,354.0,9.44,0.0,0,259.68
p1_W3_E3.54,324.0,35.12,12.0,1,308.08
p1_W3_E3.55,330.0,28.24,13.0,1,289.07
p1_W3_E3.56,336.0,29.4,10.0,1,322.05
p1_S3_N3.16,320.0,26.23,11.0,1,294.97
p1_W3_E3.57,342.0,24.03,5.0,1,302.49
p1_E_W.23,332.0,35.55,14.0,2,337.02
p1_E_W.24,346.0,20.54,2.0,1,291.19
p1_W3_E3.59,354.0,13.21,0.0,0,286.6
p1_S3_N3.17,340.0,28.57,11.0,1,313.71
p1_E_W.22,317.0,46.16,20.0,3,348.46
p1_W_E.55,330.0,18.03,4.0,1,278.15
p1_E3_W3.23,332.0,40.47,16.0,2,345.08
p1_E3_W3.24,346.0,26.64,13.0,1,296.96
p1_W1_E1.59,354.0,21.64,6.0,2,297.76
p1_S1_N1.18,360.0,17.17,2.0,1,287.18
p1_W1_E1.58,348.0,23.42,8.0,1,305.02
p1_N3_S3.18,360.0,18.16,2.0,1,292.02
p1_W1_E1.61,366.0,11.95,0.0,0,260.82
p1_E2_N2.5,300.0,44.89,23.0,2,337.32
p1_W1_E1.62,372.0,7.75,0.0,0,245.54
p1_W1_E1.60,360.0,10.98,0.0,0,265.21
p1_E3_W3.26,375.0,7.75,0.0,0,242.65
p1_N3_S3.17,340.0,29.0,10.0,2,308.74
p1_E1_N3.7,421.0,7.94,0.0,0,161.24
p1_E1_W1.24,346.0,39.75,14.0,3,351.74
p1_E3_W3.25,360.0,17.32,1.0,1,284.23
p1_E1_W1.25,360.0,27.75,8.0,2,313.93
p1_E1_W1.23,332.0,45.57,22.0,3,343.26
p1_N3_W1.6,363.0,27.42,0.0,0,304.3
p1_W_E.62,372.0,19.23,0.0,0,308.43
p1_S3_N3.18,360.0,26.43,13.0,1,286.48
p1_W2_S2.6,363.0,29.81,6.0,2,315.28
p1_S3_E3.7,423.0,8.31,0.0,0,165.05
p1_E2_N2.6,363.0,31.13,2.0,2,303.08
p1_W1_S1.6,363.0,33.94,17.0,1,310.26
p1_S3_N3.19,380.0,15.77,0.0,0,291.09
p1_W_E.60,360.0,23.37,5.0,1,297.69
p1_W3_S3.6,363.0,34.3,8.0,2,330.39
p1_W_E.61,366.0,14.22,0.0,0,274.78
p1_W3_E3.60,360.0,29.97,11.0,2,314.44
p1_E_W.26,375.0,22.99,9.0,1,297.57
p1_N1_S1.17,340.0,49.11,25.0,3,353.09
p1_W_E.63,378.0,21.17,0.0,0,288.75
p1_W_E.64,384.0,14.75,0.0,0,259.77
p1_W3_E3.62,372.0,18.79,0.0,0,304.4
p1_S2_N2.19,380.0,20.57,1.0,1,306.38
p1_E3_N1.5,300.0,58.65,26.0,4,488.99
p1_S1_E1.5,303.0,47.43,17.0,3,466.58
p1_W3_E3.64,384.0,17.78,0.0,0,292.2
p1_W3_E3.58,348.0,29.86,10.0,2,305.56
p1_W3_E3.63,378.0,25.55,0.0,0,304.37
p1_E_W.25,360.0,23.11,4.0,2,294.17
p1_S2_E2.6,363.0,41.04,10.0,2,339.24
p1_W3_E3.61,366.0,28.71,6.0,1,312.49
p1_W1_E1.64,384.0,20.0,6.0,1,276.68
p1_N2_W2.6,363.0,36.83,13.0,2,318.61
p1_S2_N2.17,340.0,29.17,11.0,2,301.59
p1_W1_E1.66,396.0,10.2,0.0,0,245.66
p1_S1_N1.19,380.0,27.43,9.0,2,307.2
p1_N3_S3.19,380.0,25.53,11.0,1,276.95
p1_N1_S1.18,360.0,45.61,26.0,2,333.15
p1_W1_E1.67,402.0,7.49,0.0,0,236.78
p1_N1_W3.6,363.0,47.5,24.0,2,349.58
p1_N2_S2.19,380.0,20.42,2.0,1,300.71
p1_N2_S2.18,360.0,39.14,15.0,2,326.75
p1_W1_E1.65,390.0,21.36,3.0,1,289.64
p1_N1_S1.19,380.0,27.51,9.0,1,309.91
p1_N2_S2.20,400.0,11.88,0.0,0,271.7
p1_E1_W1.27,389.0,26.54,7.0,1,295.52
p1_E1_W1.26,375.0,40.96,15.0,2,347.54
p1_W1_E1.63,378.0,22.05,8.0,1,281.25
p1_E3_W3.27,389.0,25.66,8.0,2,303.36
p1_E3_W3.28,404.0,8.25,0.0,0,237.83
p1_W_E.68,408.0,9.35,0.0,0,259.73
p1_W3_E3.68,408.0,12.74,0.0,0,254.86
p1_W_E.66,396.0,19.28,3.0,1,305.06
p1_W_E.67,402.0,20.09,0.0,0,315.94
p1_W3_E3.67,402.0,20.98,4.0,1,278.12
p1_W_E.65,390.0,34.04,10.0,2,348.54
p1_W_E.69,414.0,9.98,0.0,0,253.96
p1_W3_E3.66,396.0,19.47,5.0,1,271.19
p1_E_W.27,389.0,37.02,15.0,3,346.77
p1_S3_N3.20,400.0,26.33,11.0,1,298.95
p1_E_W.28,404.0,22.06,2.0,1,304.61
p1_S1_N1.20,400.0,23.67,10.0,1,284.42
p1_S2_N2.20,400.0,31.33,13.0,2,323.36
p1_W1_E1.69,414.0,18.07,3.0,1,281.53
p1_W3_E3.65,390.0,23.44,9.0,1,282.57
p1_N1_S1.20,400.0,32.16,11.0,2,312.65
p1_N3_S3.20,400.0,23.74,8.0,1,295.12
p1_S2_N2.21,420.0,8.32,0.0,0,248.56
p1_W1_S1.7,423.0,12.65,0.0,0,268.76
p1_S2_N2.18,360.0,36.89,15.0,2,321.29
p1_N3_S3.21,420.0,16.69,4.0,1,273.45
p1_N2_S2.21,420.0,19.48,6.0,1,275.49
p1_W1_E1.68,408.0,20.1,6.0,1,271.34
p1_W1_E1.72,432.0,8.02,0.0,0,240.94
p1_E1_W1.28,404.0,37.38,13.0,3,347.86
p1_E1_W1.29,418.0,18.47,5.0,1,278.18
p1_W1_E1.70,420.0,9.68,0.0,0,253.01
p1_N3_W1.7,423.0,20.56,1.0,1,289.56
p1_W1_E1.71,426.0,8.82,0.0,0,251.63
p1_W_E.71,426.0,23.51,5.0,2,307.25
p1_W3_E3.70,420.0,30.56,9.0,2,314.67
p1_E1_N3.8,480.0,8.01,0.0,0,157.76
p1_S2_E2.7,423.0,28.76,12.0,1,303.31
p1_W3_E3.71,426.0,23.3,4.0,1,288.86
p1_E2_N2.7,421.0,31.19,5.0,1,311.07
p1_W_E.72,432.0,19.93,0.0,0,286.88
p1_W_E.70,420.0,33.27,13.0,2,342.75
p1_E3_N1.6,363.0,42.65,13.0,2,433.55
p1_S3_N3.21,420.0,25.51,12.0,1,288.06
p1_S3_N3.22,440.0,14.8,0.0,0,282.58
p1_W3_E3.69,414.0,31.22,10.0,1,314.72
p1_W3_S3.7,423.0,28.75,7.0,1,300.5
p1_W_E.73,438.0,12.3,0.0,0,267.14
p1_S1_N1.21,420.0,38.69,21.0,2,332.67
p1_E3_W3.30,432.0,10.29,0.0,0,239.13
p1_N2_W2.7,423.0,37.11,17.0,2,338.85
p1_S2_N2.22,440.0,23.39,4.0,1,299.31
p1_W1_E1.73,438.0,26.73,7.0,1,312.69
p1_S3_E3.8,483.0,20.98,11.0,1,186.57
p1_S1_E1.6,363.0,57.71,22.0,4,472.1
p1_W2_S2.7,423.0,36.48,14.0,3,335.3
p1_E_W.30,432.0,21.63,5.0,1,286.26
p1_E3_W3.29,418.0,14.75,1.0,1,268.96
p1_W1_E1.75,450.0,14.93,0.0,0,278.58
p1_E_W.29,418.0,37.5,12.0,3,332.27
p1_W1_E1.74,444.0,17.16,1.0,1,275.79
p1_N2_S2.23,460.0,8.55,0.0,0,249.1
p1_N1_S1.22,440.0,30.31,12.0,1,325.22
p1_N1_S1.21,420.0,42.78,24.0,2,327.37
p1_E1_W1.30,432.0,38.96,14.0,3,344.52
p1_W1_E1.76,456.0,14.73,0.0,0,265.96
p1_E1_W1.31,447.0,25.16,6.0,2,303.58
p1_N1_S1.23,460.0,13.39,1.0,1,265.71
p1_N3_S3.22,440.0,20.23,7.0,1,286.03
p1_W3_E3.72,432.0,44.17,25.0,2,360.25
p1_W_E.75,450.0,26.54,8.0,1,313.16
p1_W_E.74,444.0,30.86,15.0,1,312.36
p1_N1_W3.7,423.0,37.44,16.0,2,323.12
p1_W3_E3.73,438.0,40.07,16.0,2,332.77
p1_W3_E3.74,444.0,34.39,11.0,2,331.56
p1_W3_E3.75,450.0,29.94,6.0,2,329.74
p1_E3_W3.31,447.0,34.42,12.0,3,335.14
p1_W_E.76,456.0,17.32,2.0,1,281.84
p1_W3_E3.77,462.0,19.82,1.0,1,307.6
p1_W3_E3.76,456.0,16.6,2.0,1,273.1
p1_W_E.79,474.0,8.39,0.0,0,239.96
p1_S1_N1.23,460.0,26.72,9.0,2,313.59
p1_S2_N2.24,480.0,8.29,0.0,0,236.85
p1_E_W.32,461.0,27.68,8.0,2,306.2
p1_W_E.77,462.0,9.64,0.0,0,248.94
p1_W_E.78,468.0,9.3,0.0,0,245.81
p1_S1_N1.22,440.0,40.93,22.0,2,321.78
p1_E_W.31,447.0,43.37,18.0,3,353.58
p1_S2_N2.23,460.0,30.23,12.0,2,311.36
p1_N3_S3.23,460.0,22.74,10.0,1,283.64
p1_W1_E1.77,462.0,28.53,11.0,2,308.15
p1_W1_S1.8,483.0,15.94,0.0,0,273.27
p1_E1_W1.33,476.0,23.2,5.0,1,304.09
p1_N2_S2.24,480.0,19.34,5.0,1,272.69
p1_W1_E1.78,468.0,20.2,3.0,1,293.58
p1_W1_E1.79,474.0,18.98,0.0,0,301.12
p1_W1_E1.80,480.0,15.85,0.0,0,289.8
p1_N3_W1.8,483.0,16.39,2.0,1,271.22
p1_W1_E1.81,486.0,15.65,0.0,0,287.46
p1_N1_S1.24,480.0,23.18,11.0,1,283.98
p1_W3_S3.8,483.0,22.73,0.0,0,289.97
p1_S3_N3.24,480.0,27.47,15.0,1,289.79
p1_S3_N3.23,460.0,47.74,22.0,3,360.39
p1_W3_E3.79,474.0,16.72,0.0,0,286.1
p1_N2_S2.22,440.0,33.23,14.0,2,321.05
p1_W3_E3.78,468.0,19.91,3.0,1,286.99
p1_E1_W1.32,461.0,20.68,4.0,1,293.78
p1_W3_E3.80,480.0,26.27,0.0,0,287.76
p1_W3_E3.82,492.0,18.6,0.0,0,279.07
p1_W3_E3.81,486.0,19.58,0.0,0,285.65
p1_W_E.80,480.0,33.97,15.0,2,320.56
p1_W_E.81,486.0,27.63,7.0,1,311.31
p1_E3_W3.34,490.0,22.34,9.0,1,281.43
p1_E3_W3.33,476.0,34.63,14.0,2,313.66
p1_N3_S3.24,480.0,36.49,17.0,2,330.9
p1_W_E.82,492.0,23.73,4.0,1,311.73
p1_W_E.84,504.0,11.79,0.0,0,269.14
p1_E3_N1.7,421.0,52.88,20.0,3,481.73
p1_E_W.33,476.0,31.32,11.0,2,334.3
p1_E2_N2.8,480.0,26.26,7.0,2,297.37
p1_N2_W2.8,483.0,31.85,7.0,2,322.88
p1_W_E.83,498.0,19.35,1.0,1,301.59
p1_W1_E1.83,498.0,22.01,6.0,1,294.7
p1_W1_E1.82,492.0,25.6,10.0,1,299.79
p1_E1_N3.9,540.0,21.59,11.0,1,192.36
p1_W2_S2.8,483.0,39.72,18.0,2,327.24
p1_E_W.34,490.0,11.53,0.0,0,255.11
p1_W1_E1.85,510.0,12.23,0.0,0,275.56
p1_N2_S2.25,500.0,22.91,9.0,1,279.51
p1_W1_E1.84,504.0,18.87,0.0,0,299.04
p1_S1_N1.24,480.0,44.48,26.0,2,336.49
p1_S2_E2.8,483.0,36.09,19.0,2,319.71
p1_N3_S3.25,500.0,24.07,11.0,1,280.66
p1_W1_E1.86,516.0,8.07,0.0,0,249.42
p1_E3_W3.32,461.0,28.32,11.0,1,304.61
p1_S3_E3.9,543.0,15.91,4.0,1,179.54
p1_W3_E3.83,498.0,34.46,16.0,1,321.21
p1_W3_E3.84,504.0,27.94,9.0,1,310.66
p1_N1_S1.26,520.0,9.36,0.0,0,256.23
p1_S1_N1.25,500.0,21.26,6.0,1,277.72
p1_N1_W3.8,483.0,34.93,13.0,2,332.17
p1_E1_W1.34,490.0,46.8,21.0,3,360.24
p1_W3_E3.85,510.0,19.56,3.0,1,291.31
p1_S3_N3.25,500.0,19.92,7.0,1,266.78
p1_E1_W1.35,504.0,25.79,10.0,1,301.33
p1_W3_E3.86,516.0,13.55,0.0,0,277.01
p1_S2_N2.25,500.0,37.03,17.0,2,326.12
p1_E3_W3.35,504.0,37.02,11.0,3,332.87
p1_W_E.86,516.0,27.18,9.0,2,306.75
p1_E3_W3.36,519.0,22.64,2.0,1,299.62
p1_W_E.88,528.0,15.42,3.0,1,268.79
p1_W1_E1.87,522.0,23.42,9.0,1,293.12
p1_E_W.35,504.0,43.04,19.0,3,347.0
p1_W_E.85,510.0,31.55,14.0,2,314.61
p1_N3_S3.26,520.0,27.21,14.0,1,284.32
p1_W1_E1.89,534.0,13.33,0.0,0,260.37
p1_S2_N2.27,540.0,7.43,0.0,0,244.27
p1_E_W.36,519.0,29.01,9.0,2,304.35
p1_S2_N2.26,520.0,28.06,11.0,2,311.11
p1_W_E.87,522.0,16.06,0.0,0,277.08
p1_W1_E1.90,540.0,8.78,0.0,0,244.72
p1_S1_N1.26,520.0,32.69,14.0,2,316.87
p1_S1_N1.27,540.0,13.06,0.0,0,262.28
p1_N3_S3.27,540.0,13.2,0.0,0,265.37
p1_W1_S1.9,543.0,10.31,0.0,0,257.74
p1_W1_E1.91,546.0,7.77,0.0,0,237.06
p1_N2_S2.26,520.0,28.5,11.0,1,303.17
p1_S1_E1.7,423.0,60.07,25.0,3,461.26
p1_W1_E1.88,528.0,13.5,0.0,0,269.84
p1_W3_E3.89,534.0,26.77,12.0,1,285.48
p1_E1_W1.37,533.0,29.03,12.0,2,314.82
p1_N1_S1.27,540.0,21.78,9.0,1,288.33
p1_E2_N2.9,540.0,22.93,8.0,1,306.12
p1_E1_W1.36,519.0,40.35,14.0,3,340.55
p1_W3_S3.9,543.0,21.87,7.0,1,297.58
p1_W3_E3.92,552.0,12.45,0.0,0,268.76
p1_S3_N3.26,520.0,35.16,13.0,2,337.96
p1_N3_W1.9,543.0,20.52,4.0,1,283.73
p1_N1_S1.25,500.0,42.52,23.0,2,330.18
p1_N1_W3.9,543.0,19.25,4.0,1,292.29
p1_W3_E3.93,558.0,8.85,0.0,0,249.17
p1_W_E.90,540.0,28.15,10.0,2,300.14
p1_W3_E3.91,546.0,22.72,2.0,1,279.48
p1_W_E.91,546.0,24.29,3.0,2,294.43
p1_W_E.92,552.0,20.04,0.0,0,298.35
p1_W3_E3.88,528.0,26.24,12.0,1,283.13
p1_E_W.37,533.0,40.19,22.0,2,326.72
p1_E_W.38,548.0,25.49,8.0,1,315.11
p1_W_E.89,534.0,31.23,12.0,2,312.17
p1_W_E.93,558.0,9.9,0.0,0,254.09
p1_E3_N1.8,480.0,53.6,12.0,2,427.97
p1_E3_W3.37,533.0,42.74,20.0,3,355.86
p1_E3_W3.38,548.0,26.29,12.0,1,293.41
p1_W3_E3.90,540.0,24.87,5.0,1,277.35
p1_E1_N3.10,600.0,20.71,8.0,1,188.38
p1_S1_E1.8,483.0,46.95,22.0,2,453.67
p1_S2_E2.9,543.0,31.6,13.0,2,310.33
p1_N3_S3.28,560.0,19.19,6.0,1,272.66
p1_W2_S2.9,543.0,38.24,17.0,2,347.34
p1_N2_W2.9,543.0,34.14,13.0,1,305.14
p1_W1_E1.93,558.0,23.82,11.0,1,276.92
p1_S3_E3.10,603.0,22.84,7.0,1,187.61
p1_S1_N1.28,560.0,23.81,3.0,1,308.5
p1_N2_S2.27,540.0,28.58,13.0,1,299.75
p1_N1_S1.28,560.0,27.68,10.0,1,310.05
p1_W1_E1.95,570.0,13.0,0.0,0,260.87
p1_W1_E1.96,576.0,13.5,0.0,0,278.65
p1_W1_E1.92,552.0,27.14,14.0,1,287.62
p1_W1_E1.94,564.0,27.32,5.0,1,296.33
p1_W3_E3.97,582.0,10.08,0.0,0,245.22
p1_W3_E3.96,576.0,17.83,0.0,0,286.42
p1_S3_N3.27,540.0,55.27,30.0,3,373.69
p1_E1_W1.39,562.0,33.35,16.0,2,320.8
p1_S3_N3.28,560.0,35.82,19.0,2,320.64
p1_W_E.94,564.0,35.48,17.0,2,317.03
p1_W_E.95,570.0,28.18,10.0,1,317.98
p1_W3_E3.94,564.0,19.9,6.0,1,282.84
p1_W3_E3.95,570.0,27.61,2.0,1,325.85
p1_W_E.97,582.0,18.95,0.0,0,295.96
p1_E1_W1.38,548.0,31.78,12.0,2,316.79
p1_W_E.96,576.0,25.85,5.0,1,294.66
p1_E3_W3.40,576.0,22.56,4.0,1,298.18
p1_W_E.98,588.0,15.13,0.0,0,267.12
p1_E3_W3.39,562.0,35.08,11.0,2,336.36
p1_E_W.40,576.0,21.79,7.0,1,291.94
p1_S2_N2.29,580.0,19.09,6.0,1,276.0
p1_N3_S3.29,580.0,26.68,14.0,1,289.81
p1_W3_E3.87,522.0,39.06,18.0,2,320.19
p1_E_W.39,562.0,27.3,8.0,1,304.76
p1_S1_E1.9,543.0,23.21,0.0,0,400.25
p1_W1_E1.100,600.0,10.54,0.0,0,257.13
p1_S1_N1.30,600.0,11.22,0.0,0,259.11
p1_S1_N1.29,580.0,32.06,13.0,2,319.05
p1_W1_E1.99,594.0,13.95,1.0,1,270.68
p1_N1_S1.29,580.0,33.05,11.0,2,319.43
p1_W1_S1.10,603.0,9.82,0.0,0,260.01
p1_W1_E1.101,606.0,8.25,0.0,0,252.88
p1_N2_S2.29,580.0,35.29,17.0,2,326.25
p1_W1_E1.97,582.0,24.1,9.0,1,288.35
p1_N2_S2.28,560.0,47.67,23.0,3,347.73
p1_W3_E3.99,594.0,27.25,14.0,1,284.75
p1_W3_E3.98,588.0,33.66,18.0,1,304.65
p1_N3_W1.10,603.0,21.54,5.0,1,293.98
p1_W3_E3.100,600.0,22.77,9.0,1,284.5
p1_W1_E1.98,588.0,16.64,2.0,1,277.66
p1_W_E.100,600.0,26.03,8.0,2,317.59
p1_W_E.99,594.0,32.72,13.0,2,319.89
p1_E_W.41,591.0,35.91,18.0,2,325.69
p1_W_E.101,606.0,22.32,3.0,2,293.34
p1_W_E.103,618.0,10.4,0.0,0,256.56
p1_E1_W1.40,576.0,37.33,16.0,2,341.01
p1_S3_N3.29,580.0,40.73,21.0,2,321.49
p1_W2_S2.10,603.0,17.26,2.0,1,285.6
p1_W3_E3.103,618.0,13.23,0.0,0,263.45
p1_S2_E2.10,603.0,29.91,8.0,2,312.87
p1_W3_E3.102,612.0,11.5,0.0,0,246.5
p1_E_W.42,605.0,9.11,0.0,0,257.09
p1_E3_W3.42,605.0,29.39,12.0,1,312.0
p1_N2_W2.10,603.0,32.05,10.0,2,307.31
p1_S3_N3.31,620.0,15.04,2.0,1,269.27
p1_W3_S3.10,603.0,18.2,0.0,0,277.35
p1_E2_N2.10,600.0,22.08,2.0,1,297.9
p1_S1_N1.31,620.0,17.15,2.0,1,299.06
p1_S2_N2.31,620.0,11.27,0.0,0,266.45
p1_S2_N2.30,600.0,28.17,10.0,1,309.0
p1_N3_S3.30,600.0,29.27,16.0,1,291.01
p1_N3_S3.31,620.0,20.45,8.0,1,283.92
p1_E3_N1.9,540.0,43.98,16.0,2,433.19
p1_S2_N2.28,560.0,46.35,24.0,2,340.28
p1_S3_N3.30,600.0,24.46,7.0,1,293.79
p1_S3_E3.11,663.0,17.2,5.0,1,182.99
p1_W1_E1.103,618.0,27.08,11.0,1,307.27
p1_W1_E1.105,630.0,11.62,0.0,0,268.21
p1_E3_W3.41,591.0,21.64,5.0,1,282.26
p1_W1_E1.104,624.0,18.5,4.0,1,290.88
p1_N1_S1.30,600.0,49.8,26.0,3,356.58
p1_W1_E1.102,612.0,26.54,13.0,1,287.63
p1_W1_E1.106,636.0,8.58,0.0,0,247.99
p1_W_E.104,624.0,27.6,10.0,1,303.71
p1_E1_N3.11,660.0,21.55,7.0,1,185.96
p1_E1_W1.43,620.0,33.64,11.0,2,324.22
p1_W_E.105,630.0,23.63,4.0,1,301.61
p1_N2_S2.30,600.0,55.56,32.0,3,361.02
p1_N1_S1.31,620.0,16.74,0.0,0,284.73
p1_N1_W3.10,603.0,37.75,11.0,3,342.87
p1_E1_W1.42,605.0,42.34,18.0,2,346.65
p1_W3_E3.101,606.0,28.12,9.0,1,301.32
p1_W3_E3.105,630.0,27.62,7.0,2,309.35
p1_W3_E3.106,636.0,23.27,5.0,1,303.78
p1_W3_E3.104,624.0,35.93,14.0,2,327.23
p1_E1_W1.41,591.0,49.51,26.0,3,351.16
p1_W_E.102,612.0,23.86,8.0,1,287.66
p1_S2_N2.32,640.0,22.13,8.0,1,298.12
p1_E3_W3.43,620.0,35.25,15.0,2,340.68
p1_E3_W3.44,634.0,29.36,9.0,1,306.13
p1_W_E.106,636.0,10.1,0.0,0,244.76
p1_S3_N3.32,640.0,22.52,7.0,1,295.29
p1_W3_E3.107,642.0,13.97,0.0,0,260.41
p1_W_E.107,642.0,9.47,0.0,0,252.84
p1_E3_W3.45,648.0,17.16,3.0,1,282.71
p1_N2_S2.32,640.0,22.04,9.0,1,274.93
p1_N3_S3.32,640.0,28.3,11.0,1,311.01
p1_N2_S2.31,620.0,39.61,20.0,2,325.85
p1_W1_E1.108,648.0,21.65,9.0,1,275.11
p1_E_W.44,634.0,36.66,22.0,1,322.18
p1_E3_W3.46,663.0,8.0,0.0,0,235.08
p1_S1_E1.10,603.0,14.24,0.0,0,355.41
p1_E_W.43,620.0,45.01,27.0,2,326.55
p1_W1_E1.110,660.0,11.85,0.0,0,266.73
p1_W1_E1.107,642.0,31.36,15.0,1,312.11
p1_S1_N1.33,660.0,7.72,0.0,0,244.3
p1_W1_E1.111,666.0,8.1,0.0,0,248.05
p1_S1_N1.32,640.0,21.05,3.0,1,291.2
p1_E3_N1.10,600.0,36.69,17.0,2,414.73
p1_W1_E1.109,654.0,16.94,3.0,1,269.98
p1_E_W.45,648.0,32.01,11.0,2,316.66
p1_E_W.46,663.0,17.47,4.0,1,272.59
p1_W_E.110,660.0,15.43,0.0,0,286.38
p1_S2_E2.11,663.0,16.19,0.0,0,286.27
p1_W_E.109,654.0,28.97,7.0,2,314.17
p1_W_E.112,672.0,10.77,0.0,0,255.78
p1_N1_S1.32,640.0,41.49,18.0,3,347.09
p1_W1_S1.11,663.0,16.94,1.0,1,277.73
p1_N1_S1.33,660.0,24.52,9.0,1,296.74
p1_E2_N2.11,660.0,28.41,4.0,3,319.94
p1_S3_N3.34,680.0,8.02,0.0,0,245.99
p1_E1_W1.44,634.0,49.72,27.0,3,363.53
p1_E1_W1.45,648.0,36.09,18.0,2,322.16
p1_W_E.108,648.0,27.89,9.0,1,302.65
p1_S2_N2.33,660.0,24.21,10.0,1,288.25
p1_W2_S2.11,663.0,17.08,0.0,0,275.91
p1_N3_W1.11,663.0,23.59,4.0,1,303.97
p1_W_E.111,666.0,9.49,0.0,0,246.66
p1_N1_W3.11,663.0,19.38,5.0,1,283.67
p1_S3_E3.12,723.0,14.04,0.0,0,177.77
p1_N2_S2.33,660.0,31.18,12.0,2,311.69
p1_S3_N3.33,660.0,22.43,7.0,1,294.97
p1_E3_W3.47,677.0,20.08,7.0,1,283.07
p1_E1_W1.47,677.0,15.27,0.0,0,270.98
p1_N3_S3.33,660.0,20.99,6.0,1,280.22
p1_E1_N3.12,723.0,20.47,6.0,1,189.07
p1_E1_W1.46,663.0,28.24,12.0,1,301.75
p1_N2_W2.11,663.0,41.74,13.0,3,350.64
p1_W1_E1.112,672.0,25.15,12.0,1,281.4
p1_W1_E1.113,678.0,18.52,4.0,1,273.62
p1_W1_E1.114,684.0,23.0,4.0,1,302.46
p1_W1_E1.115,690.0,11.91,0.0,0,257.96
p1_W3_E3.108,648.0,62.08,40.0,3,378.45
p1_E_W.47,677.0,33.06,16.0,2,323.6
p1_W3_E3.109,654.0,54.17,28.0,3,357.45
p1_W3_E3.112,672.0,41.09,13.0,2,341.83
p1_E_W.48,692.0,14.11,2.0,1,271.73
p1_W3_S3.11,663.0,47.39,21.0,3,350.0
p1_W3_E3.111,666.0,48.32,13.0,3,362.72
p1_S2_N2.34,680.0,29.9,11.0,2,310.28
p1_S3_N3.35,700.0,15.31,0.0,0,282.79
p1_W_E.113,678.0,38.33,24.0,1,307.84
p1_W3_E3.110,660.0,45.82,22.0,3,347.85
p1_W3_E3.113,678.0,34.45,11.0,2,311.3
p1_W_E.115,690.0,28.1,14.0,1,282.39
p1_N1_S1.35,700.0,18.13,3.0,1,277.97
p1_N1_S1.34,680.0,29.18,15.0,1,297.63
p1_W_E.114,684.0,29.76,17.0,1,282.74
p1_W_E.117,702.0,18.19,5.0,1,283.13
p1_S1_N1.34,680.0,29.07,12.0,1,297.79
p1_E3_N1.11,660.0,20.22,2.0,1,400.43
p1_W_E.119,714.0,9.07,0.0,0,244.35
p1_N3_S3.34,680.0,43.63,19.0,3,354.04
p1_N3_S3.35,700.0,22.87,5.0,2,303.38
p1_W1_E1.117,702.0,21.86,8.0,1,279.91
p1_E1_W1.49,706.0,19.87,2.0,1,307.4
p1_E1_W1.48,692.0,25.18,9.0,1,298.29
p1_W_E.116,696.0,19.73,5.0,1,277.05
p1_E3_W3.50,720.0,7.72,0.0,0,246.77
p1_W1_E1.116,696.0,21.28,7.0,1,281.93
p1_E3_W3.49,706.0,23.2,8.0,1,296.66
p1_W_E.120,720.0,8.35,0.0,0,233.08
p1_E3_W3.48,692.0,24.51,11.0,1,291.19
p1_E_W.50,720.0,15.41,1.0,1,277.69
p1_W3_E3.115,690.0,46.35,21.0,3,361.8
p1_E_W.49,706.0,30.06,10.0,2,311.91
p1_W3_E3.114,684.0,52.31,29.0,3,363.01
p1_W3_E3.116,696.0,36.22,14.0,2,327.64
p1_W3_E3.117,702.0,30.76,10.0,2,307.46
p1_W3_E3.119,714.0,28.9,5.0,2,321.25
p1_N2_S2.35,700.0,38.5,21.0,1,323.9
p1_W3_E3.118,708.0,22.56,2.0,1,295.11
p1_N2_S2.36,720.0,24.26,1.0,1,325.23
p1_S2_N2.36,720.0,20.32,1.0,1,301.79
p1_E2_N2.12,723.0,21.23,5.0,1,287.88
p1_N2_W2.12,723.0,18.44,0.0,0,288.08
p1_S1_N1.36,720.0,25.35,12.0,1,283.26
p1_N2_S2.34,680.0,66.05,41.0,2,390.62
p1_S1_N1.35,700.0,45.88,25.0,2,331.04
p1_S2_N2.35,700.0,45.81,28.0,2,350.05
p1_W1_S1.12,723.0,17.96,0.0,0,285.22
p1_S2_E2.12,723.0,30.15,7.0,2,323.66
p1_S1_E1.11,662.0,41.41,16.0,3,439.59
p1_W1_E1.119,714.0,39.65,19.0,2,317.22
p1_W_E.121,726.0,28.48,10.0,1,304.14
p1_E1_N3.13,781.0,16.91,4.0,1,184.99
p1_W1_E1.118,708.0,45.32,22.0,2,336.16
p1_S3_E3.13,783.0,11.75,1.0,1,183.46
p1_W1_E1.121,726.0,28.81,13.0,1,288.53
p1_W_E.124,744.0,13.07,0.0,0,267.55
p1_W1_E1.120,720.0,33.64,12.0,1,316.83
p1_N3_W1.12,723.0,35.91,13.0,1,324.86
p1_W1_E1.123,738.0,19.28,5.0,1,270.65
p1_W1_E1.122,732.0,27.4,11.0,1,285.67
p1_E1_W1.51,735.0,21.63,5.0,1,301.3
p1_E3_W3.51,735.0,19.77,7.0,1,279.57
p1_W_E.118,708.0,25.44,11.0,1,294.56
p1_N3_S3.37,740.0,19.69,5.0,1,294.22
p1_E3_W3.52,749.0,9.01,0.0,0,244.02
p1_W_E.123,738.0,10.34,0.0,0,248.52
p1_S3_N3.37,740.0,23.22,8.0,1,288.28
p1_E1_W1.50,720.0,31.52,10.0,2,315.02
p1_W_E.122,732.0,17.5,2.0,1,279.55
p1_N3_S3.36,720.0,36.39,22.0,1,291.59
p1_S3_N3.36,720.0,37.91,19.0,2,330.03
p1_S3_N3.38,760.0,7.8,0.0,0,243.13
p1_W3_E3.120,720.0,49.75,27.0,3,349.43
p1_S2_N2.38,760.0,7.68,0.0,0,243.87
p1_W3_E3.121,726.0,44.98,23.0,3,338.96
p1_S2_N2.37,740.0,28.5,8.0,2,305.38
p1_W3_E3.122,732.0,40.67,15.0,2,346.01
p1_W3_S3.12,723.0,45.52,21.0,3,346.12
p1_E_W.51,735.0,38.85,18.0,2,326.68
p1_E_W.52,749.0,22.59,10.0,1,271.29
p1_W3_E3.123,738.0,37.11,13.0,2,323.75
p1_N2_S2.38,760.0,13.08,0.0,0,266.84
p1_N2_S2.37,740.0,36.69,12.0,3,345.01
p1_W2_S2.12,723.0,45.99,23.0,2,344.06
p1_W3_E3.124,744.0,35.26,16.0,2,321.43
p1_S1_N1.37,740.0,40.33,16.0,1,345.5
p1_W3_E3.126,756.0,25.05,4.0,2,301.74
p1_W3_E3.125,750.0,26.11,10.0,2,300.05
p1_W_E.127,762.0,18.87,5.0,1,274.48
p1_E3_W3.53,764.0,17.63,5.0,1,274.15
p1_W1_E1.125,750.0,26.31,6.0,2,306.21
p1_W3_E3.127,762.0,20.12,2.0,1,285.74
p1_W1_E1.124,744.0,32.19,13.0,2,310.58
p1_W_E.125,750.0,26.92,12.0,1,272.59
p1_W1_E1.127,762.0,22.56,1.0,1,302.85
p1_W3_E3.128,768.0,16.47,1.0,1,283.81
p1_W_E.129,774.0,10.03,0.0,0,257.14
p1_W_E.126,756.0,29.48,10.0,1,310.82
p1_S1_N1.38,760.0,22.65,10.0,1,284.67
p1_W1_E1.128,768.0,17.73,0.0,0,286.46
p1_W_E.128,768.0,17.76,1.0,1,294.67
p1_E3_W3.54,778.0,8.25,0.0,0,241.6
p1_W1_E1.126,756.0,19.84,1.0,1,290.16
p1_S1_N1.39,780.0,8.12,0.0,0,244.18
p1_N3_S3.39,780.0,11.98,0.0,0,270.91
p1_E1_W1.53,764.0,31.95,13.0,2,325.31
p1_N3_S3.38,760.0,20.37,6.0,1,274.16
p1_S3_N3.39,780.0,16.73,4.0,1,272.23
p1_N1_S1.37,740.0,57.69,31.0,3,371.76
p1_E1_W1.52,749.0,38.14,17.0,3,339.88
p1_N2_S2.39,780.0,19.27,6.0,1,286.74
p1_N1_W3.12,723.0,68.95,45.0,3,381.53
p1_E_W.53,764.0,32.75,13.0,2,315.34
p1_W2_S2.13,783.0,17.86,2.0,1,286.75
p1_N1_S1.38,760.0,40.76,23.0,2,321.04
p1_N1_S1.39,780.0,23.03,8.0,1,279.21
p1_N1_S1.36,720.0,73.1,47.0,3,387.91
p1_W1_E1.131,786.0,17.83,4.0,1,278.62
p1_S1_E1.12,723.0,39.68,15.0,2,427.37
p1_S2_N2.39,780.0,14.38,1.0,1,264.72
p1_W1_E1.132,792.0,13.72,0.0,0,269.84
p1_W1_E1.129,774.0,33.37,16.0,1,308.29
p1_W1_S1.13,783.0,25.44,5.0,1,279.73
p1_S2_E2.13,782.0,26.11,1.0,1,300.66
p1_W1_E1.133,798.0,9.93,0.0,0,256.08
p1_E1_N3.14,840.0,7.95,0.0,0,163.99
p1_W_E.130,780.0,22.91,10.0,1,278.89
p1_W3_E3.129,774.0,36.33,18.0,2,321.86
p1_W3_E3.130,780.0,30.13,12.0,2,316.51
p1_E_W.54,778.0,34.15,14.0,2,310.59
p1_W1_E1.134,804.0,7.66,0.0,0,242.82
p1_W3_S3.13,783.0,30.86,8.0,2,326.36
p1_E_W.55,792.0,20.66,7.0,1,281.96
p1_S1_N1.40,800.0,13.28,0.0,0,261.94
p1_E3_W3.56,807.0,7.46,0.0,0,239.44
p1_W3_E3.133,798.0,17.03,0.0,0,260.83
p1_W3_E3.132,792.0,17.33,0.0,0,292.2
p1_E1_W1.54,778.0,43.27,20.0,3,344.46
p1_W3_E3.131,786.0,22.53,3.0,1,295.34
p1_N3_W1.13,783.0,39.09,21.0,2,331.47
p1_N2_W2.13,783.0,39.87,22.0,2,343.37
p1_S3_N3.40,800.0,23.48,3.0,2,302.11
p1_N3_S3.40,800.0,24.36,6.0,2,318.43
p1_W1_E1.130,780.0,20.4,6.0,1,274.03
p1_E1_W1.55,792.0,24.64,9.0,1,284.87
p1_S3_E3.14,843.0,26.58,11.0,1,189.99
p1_E2_N2.13,781.0,46.81,22.0,3,354.63
p1_N1_W3.13,783.0,33.13,15.0,2,302.68
p1_N2_S2.40,800.0,33.35,15.0,2,314.21
p1_W_E.132,792.0,41.75,24.0,2,331.24
p1_S2_N2.40,800.0,33.75,11.0,2,317.46
p1_W_E.131,786.0,43.67,26.0,2,330.6
p1_W1_E1.135,810.0,25.74,13.0,1,288.7
p1_E3_N1.12,723.0,65.79,34.0,4,491.72
p1_W_E.136,816.0,20.6,5.0,1,284.88
p1_W_E.134,804.0,27.36,6.0,2,304.96
p1_W_E.135,810.0,28.36,3.0,1,312.2
p1_W3_E3.134,804.0,29.58,8.0,2,304.48
p1_W3_E3.135,810.0,24.15,5.0,2,302.85
p1_W1_E1.136,816.0,24.72,13.0,1,288.47
p1_W3_E3.136,816.0,23.85,3.0,1,311.68
p1_W3_E3.137,822.0,15.27,2.0,1,286.81
p1_W3_E3.138,828.0,12.01,0.0,0,259.62
p1_E3_W3.57,821.0,16.38,1.0,1,284.51
p1_W1_E1.139,834.0,9.23,0.0,0,246.01
p1_W_E.133,798.0,23.21,4.0,1,295.7
p1_W1_E1.137,822.0,17.76,4.0,1,271.74
p1_W1_E1.138,828.0,16.95,2.0,1,275.75
p1_E_W.57,821.0,25.35,11.0,1,286.49
p1_E3_N1.13,781.0,22.91,5.0,1,386.9
p1_S1_N1.42,840.0,7.97,0.0,0,246.71
p1_N3_S3.41,820.0,30.86,6.0,3,326.72
p1_S1_N1.41,820.0,24.36,8.0,1,287.5
p1_S3_N3.41,820.0,32.9,8.0,2,337.57
p1_E_W.58,836.0,17.1,3.0,1,276.22
p1_N1_S1.40,800.0,54.2,32.0,3,365.32
p1_E3_W3.55,792.0,27.46,9.0,2,313.19
p1_E_W.56,807.0,31.26,11.0,2,303.18
p1_N1_S1.41,820.0,32.08,14.0,1,307.2
p1_E2_N2.14,840.0,16.8,0.0,0,289.56
p1_N1_W3.14,843.0,13.16,0.0,0,281.75
p1_W2_S2.14,843.0,10.3,0.0,0,267.72
p1_E1_W1.57,821.0,39.27,21.0,2,326.66
p1_W_E.139,834.0,27.71,8.0,1,315.93
p1_N2_W2.14,843.0,19.18,2.0,1,304.95
p1_W_E.137,822.0,33.93,15.0,2,317.59
p1_W_E.141,846.0,17.34,3.0,1,279.89
p1_W3_E3.142,852.0,11.12,0.0,0,262.3
p1_E1_W1.56,807.0,44.5,21.0,2,340.12
p1_E1_W1.58,836.0,28.22,8.0,1,313.11
p1_S2_N2.42,840.0,24.93,12.0,1,283.63
p1_W3_S3.14,843.0,18.93,3.0,1,295.59
p1_W3_E3.139,834.0,28.65,13.0,1,303.5
p1_E1_W1.59,850.0,15.94,0.0,0,270.04
p1_W3_E3.143,858.0,7.98,0.0,0,240.44
p1_E1_N3.15,900.0,10.18,0.0,0,176.07
p1_S1_E1.13,783.0,33.7,13.0,2,404.87
p1_W1_E1.141,846.0,20.91,7.0,1,285.58
p1_W_E.138,828.0,23.65,6.0,1,300.52
p1_W_E.140,840.0,20.37,6.0,1,273.96
p1_W1_E1.142,852.0,16.63,3.0,1,270.28
p1_E3_W3.58,836.0,34.12,9.0,3,333.5
p1_E3_W3.59,850.0,20.95,2.0,1,301.05
p1_W1_E1.143,858.0,12.84,0.0,0,266.25
p1_W3_E3.140,840.0,20.74,6.0,1,280.33
p1_N3_W1.14,843.0,27.42,13.0,1,292.78
p1_E_W.59,850.0,23.52,11.0,1,275.17
p1_S2_N2.41,820.0,35.67,16.0,2,321.03
p1_S3_N3.43,860.0,18.56,4.0,1,291.91
p1_N2_S2.41,820.0,59.16,34.0,3,376.54
p1_N2_S2.42,840.0,35.06,16.0,2,310.71
p1_W3_E3.141,846.0,14.15,0.0,0,270.66
p1_N3_S3.42,840.0,40.85,23.0,2,335.69
p1_N2_S2.43,860.0,21.06,2.0,2,305.69
p1_N3_S3.43,860.0,20.69,6.0,1,290.67
p1_S3_E3.15,903.0,22.94,10.0,1,193.34
p1_E_W.60,864.0,15.06,1.0,1,280.18
p1_S3_N3.42,840.0,24.78,11.0,1,288.33
p1_N1_S1.43,860.0,26.99,8.0,1,324.15
p1_W1_S1.14,843.0,44.99,17.0,2,343.48
p1_W_E.146,876.0,12.1,0.0,0,264.22
p1_W_E.144,864.0,16.53,4.0,1,268.56
p1_W_E.145,870.0,20.07,1.0,1,312.26
p1_N1_S1.44,880.0,8.84,0.0,0,249.54
p1_S1_N1.43,860.0,15.42,0.0,0,274.42
p1_W1_E1.144,864.0,25.0,10.0,1,285.95
p1_S2_E2.14,843.0,30.59,11.0,1,314.82
p1_W3_E3.144,864.0,25.54,8.0,1,304.06
p1_W3_E3.145,870.0,17.73,2.0,1,281.11
p1_W_E.147,882.0,8.17,0.0,0,243.33
p1_N1_S1.42,840.0,33.62,20.0,1,299.32
p1_W_E.143,858.0,37.5,11.0,1,342.47
p1_W_E.142,852.0,38.89,17.0,1,332.73
p1_W3_E3.147,882.0,13.83,0.0,0,263.62
p1_W1_E1.140,840.0,35.86,16.0,2,316.09
p1_E1_W1.61,879.0,20.99,8.0,1,287.34
p1_E3_W3.60,864.0,37.57,13.0,2,344.17
p1_E3_W3.61,879.0,21.72,7.0,1,282.51
p1_S2_N2.44,880.0,18.48,4.0,1,275.54
p1_S1_E1.14,843.0,11.98,0.0,0,343.63
p1_E_W.61,879.0,24.51,11.0,1,284.56
p1_W3_E3.146,876.0,9.38,0.0,0,253.93
p1_S2_N2.43,860.0,29.96,16.0,1,304.73
p1_E1_W1.60,864.0,30.41,13.0,2,295.5
p1_N3_S3.44,880.0,22.91,3.0,2,301.18
p1_S3_N3.44,880.0,26.9,7.0,2,307.5
p1_S1_N1.45,900.0,12.48,0.0,0,273.01
p1_N2_S2.44,880.0,20.92,6.0,1,278.61
p1_W_E.148,888.0,28.37,14.0,1,293.29
p1_W1_S1.15,903.0,13.83,0.0,0,278.83
p1_W3_E3.149,894.0,23.28,9.0,1,293.65
p1_E3_N1.14,840.0,34.76,6.0,1,429.93
p1_S1_N1.44,880.0,29.77,11.0,2,298.82
p1_W_E.149,894.0,24.86,10.0,1,283.81
p1_W3_E3.150,900.0,20.04,5.0,1,277.68
p1_W3_S3.15,903.0,17.1,1.0,1,289.3
p1_W1_E1.146,876.0,45.13,28.0,2,330.87
p1_W1_E1.148,888.0,33.32,14.0,2,315.28
p1_W1_E1.147,882.0,41.66,15.0,2,319.27
p1_W3_E3.148,888.0,27.66,13.0,1,299.66
p1_W1_E1.149,894.0,28.48,7.0,1,309.08
p1_E1_N3.16,960.0,7.42,0.0,0,168.55
p1_E1_W1.62,893.0,32.4,14.0,2,320.21
p1_E1_W1.63,908.0,17.36,4.0,1,276.92
p1_W3_E3.153,918.0,8.03,0.0,0,246.49
p1_W1_E1.150,900.0,17.94,2.0,1,281.49
p1_W3_E3.151,906.0,11.06,0.0,0,254.84
p1_W1_E1.145,870.0,44.86,24.0,2,337.22
p1_E3_W3.62,893.0,37.38,14.0,2,336.77
p1_E3_W3.63,908.0,22.16,10.0,1,280.9
p1_W1_E1.151,906.0,24.69,5.0,1,297.39
p1_W3_E3.152,912.0,9.43,0.0,0,238.52
p1_S2_N2.46,920.0,14.57,0.0,0,279.61
p1_N3_S3.45,900.0,36.57,16.0,2,318.15
p1_E_W.62,893.0,25.86,8.0,1,301.96
p1_S2_N2.45,900.0,34.86,13.0,2,329.92
p1_N2_W2.15,903.0,26.56,8.0,1,288.17
p1_N3_S3.46,920.0,16.79,3.0,1,272.88
p1_S3_N3.45,900.0,31.7,13.0,2,310.88
p1_N3_W1.15,903.0,31.1,12.0,2,313.52
p1_S3_E3.16,963.0,18.52,6.0,1,185.96
p1_E2_N2.15,900.0,23.75,8.0,1,290.21
p1_W2_S2.15,903.0,35.96,12.0,2,335.25
p1_N1_S1.46,920.0,21.37,4.0,1,308.4
p1_E1_W1.64,922.0,12.33,0.0,0,271.06
p1_E1_W1.65,936.0,8.44,0.0,0,244.52
p1_W_E.151,906.0,33.44,12.0,2,318.23
p1_N1_S1.45,900.0,37.8,17.0,2,320.22
p1_N2_S2.45,900.0,28.31,8.0,1,304.09
p1_W_E.150,900.0,32.14,13.0,2,314.19
p1_W_E.153,918.0,22.26,9.0,1,284.61
p1_S2_E2.15,903.0,42.0,10.0,2,357.78
p1_W1_E1.152,912.0,38.51,20.0,2,327.07
p1_W1_E1.154,924.0,25.94,6.0,2,304.05
p1_W_E.157,942.0,9.03,0.0,0,251.58
p1_W3_E3.154,924.0,27.99,9.0,1,297.28
p1_W3_E3.155,930.0,22.42,4.0,1,300.08
p1_S1_N1.46,920.0,27.81,8.0,2,320.79
p1_W1_E1.155,930.0,20.15,2.0,1,291.11
p1_W_E.155,930.0,20.5,4.0,1,283.74
p1_N1_W3.15,903.0,33.6,10.0,2,324.14
p1_W1_E1.156,936.0,12.17,0.0,0,260.71
p1_W3_E3.157,942.0,11.41,0.0,0,258.48
p1_W3_E3.156,936.0,17.7,0.0,0,292.96
p1_E3_W3.64,922.0,34.25,14.0,3,336.51
p1_E3_W3.65,936.0,20.07,6.0,1,287.26
p1_W1_E1.157,942.0,13.99,0.0,0,268.22
p1_W_E.158,948.0,8.42,0.0,0,240.74
p1_W3_E3.158,948.0,8.08,0.0,0,244.56
p1_W1_E1.153,918.0,23.11,4.0,1,293.65
p1_W_E.154,924.0,23.78,8.0,1,282.09
p1_E_W.64,922.0,40.0,21.0,2,340.3
p1_E_W.63,908.0,49.39,23.0,3,350.12
p1_W_E.152,912.0,16.25,2.0,1,282.57
p1_W_E.156,936.0,10.69,0.0,0,256.99
p1_E_W.65,936.0,28.36,10.0,1,304.22
p1_S3_N3.47,940.0,22.23,7.0,1,289.31
p1_N3_S3.47,940.0,25.55,6.0,2,302.21
p1_E_W.66,951.0,14.24,0.0,0,279.44
p1_N2_S2.46,920.0,45.99,25.0,2,328.7
p1_S2_N2.47,940.0,26.12,7.0,2,308.1
p1_N1_S1.47,940.0,27.52,8.0,2,331.8
p1_N2_S2.47,940.0,22.44,9.0,1,285.59
p1_E1_W1.66,951.0,20.67,3.0,1,293.71
p1_W1_S1.16,963.0,12.39,0.0,0,260.22
p1_S3_N3.46,920.0,25.33,11.0,1,292.6
p1_W1_E1.159,954.0,22.52,4.0,1,308.13
p1_W3_E3.159,954.0,22.3,9.0,1,288.94
p1_W1_E1.158,948.0,28.83,9.0,1,307.75
p1_E1_W1.67,965.0,8.14,0.0,0,250.44
p1_W1_E1.160,960.0,18.5,0.0,0,288.3
p1_W_E.161,966.0,11.81,0.0,0,254.3
p1_W1_E1.161,966.0,10.46,0.0,0,251.67
p1_W1_E1.162,972.0,8.43,0.0,0,245.42
p1_W_E.162,972.0,8.84,0.0,0,263.34
p1_W3_S3.16,963.0,15.71,0.0,0,281.94
p1_S1_N1.47,940.0,43.77,20.0,2,351.84
p1_E3_W3.66,951.0,26.28,5.0,1,313.05
p1_S1_N1.48,960.0,23.69,10.0,1,286.83
p1_E3_W3.67,965.0,10.8,0.0,0,266.36
p1_W3_E3.162,972.0,11.84,0.0,0,262.21
p1_E3_N1.15,900.0,43.3,11.0,2,444.04
p1_E1_N3.17,1020.0,7.28,0.0,0,162.43
p1_W3_E3.160,960.0,22.66,3.0,2,296.32
p1_E_W.67,965.0,22.83,10.0,1,279.27
p1_E2_N2.16,960.0,29.74,14.0,1,300.77
p1_E_W.68,980.0,9.88,0.0,0,259.3
p1_W_E.159,954.0,19.02,4.0,1,276.35
p1_N3_S3.49,980.0,12.28,0.0,0,264.88
p1_S3_N3.49,980.0,9.07,0.0,0,256.83
p1_S3_N3.48,960.0,25.67,8.0,1,314.96
p1_S3_E3.17,1023.0,15.67,3.0,1,183.77
p1_N3_S3.48,960.0,26.16,6.0,1,318.14
p1_W2_S2.16,963.0,17.15,2.0,1,284.84
p1_N2_S2.49,980.0,17.21,5.0,1,281.91
p1_S2_N2.49,980.0,16.85,5.0,1,274.74
p1_N1_W3.16,963.0,35.04,21.0,1,317.73
p1_N1_S1.49,980.0,18.56,4.0,1,272.04
p1_N2_S2.48,960.0,38.82,19.0,2,322.41
p1_E1_W1.68,980.0,18.73,2.0,1,295.55
p1_N3_W1.16,963.0,34.58,14.0,2,313.99
p1_S2_N2.48,960.0,30.04,11.0,2,301.76
p1_W_E.164,984.0,24.03,10.0,1,293.93
p1_W1_E1.163,978.0,32.06,12.0,2,319.59
p1_W_E.163,978.0,28.96,15.0,1,290.69
p1_W3_E3.164,984.0,26.08,7.0,2,313.61
p1_W3_E3.161,966.0,44.85,17.0,2,344.04
p1_E3_W3.68,980.0,31.15,10.0,2,325.49
p1_E3_W3.69,994.0,16.67,4.0,1,285.73
p1_W3_E3.163,978.0,34.47,16.0,2,329.91
p1_W3_E3.166,996.0,15.91,2.0,1,292.04
p1_W_E.167,1002.0,10.15,0.0,0,258.15
p1_S1_N1.49,980.0,21.45,7.0,1,292.74
p1_W3_E3.165,990.0,23.95,2.0,1,303.23
p1_W_E.166,996.0,12.92,0.0,0,263.92
p1_W_E.160,960.0,26.35,10.0,1,305.78
p1_N2_W2.16,963.0,54.18,29.0,3,365.1
p1_E_W.69,994.0,23.64,5.0,2,306.49
p1_S1_E1.15,903.0,53.15,22.0,4,466.45
p1_W_E.165,990.0,14.18,0.0,0,267.01
p1_S2_E2.16,963.0,60.99,30.0,4,382.62
p1_S3_N3.50,1000.0,23.63,4.0,1,316.78
p1_N2_S2.50,1000.0,21.74,9.0,1,278.27
p1_N1_S1.51,1020.0,7.87,0.0,0,237.02
p1_N1_S1.50,1000.0,29.71,15.0,1,295.87
p1_N3_S3.50,1000.0,16.78,3.0,1,277.24
p1_S2_N2.50,1000.0,28.86,9.0,2,328.25
p1_N1_W3.17,1023.0,9.42,0.0,0,257.76
p1_N1_S1.48,960.0,44.11,25.0,2,334.82
p1_W1_E1.165,990.0,44.24,23.0,2,350.12
p1_W1_E1.167,1002.0,32.44,17.0,1,310.36
p1_W_E.168,1008.0,27.58,13.0,1,301.29
p1_W1_E1.166,996.0,40.11,15.0,2,347.41
p1_W_E.169,1014.0,21.65,7.0,1,294.74
p1_W_E.170,1020.0,17.38,2.0,1,273.61
p1_W_E.171,1026.0,11.31,0.0,0,279.34
p1_W1_E1.169,1014.0,24.14,10.0,1,291.35
p1_E2_N2.17,1020.0,17.73,3.0,1,279.69
p1_W1_E1.164,984.0,46.56,25.0,2,332.54
p1_E3_W3.70,1008.0,30.85,7.0,2,328.73
p1_E3_W3.71,1023.0,16.42,2.0,1,261.79
p1_W_E.172,1032.0,7.45,0.0,0,240.2
p1_E3_N1.16,960.0,19.3,0.0,0,390.22
p1_W1_E1.168,1008.0,33.16,15.0,1,305.99
p1_W1_E1.171,1026.0,15.19,1.0,1,272.82
p1_S1_N1.50,1000.0,31.38,9.0,2,322.24
p1_W3_E3.167,1002.0,31.62,12.0,2,309.04
p1_W3_E3.168,1008.0,23.48,6.0,2,300.14
p1_W3_S3.17,1023.0,14.47,1.0,1,265.16
p1_E_W.70,1008.0,38.06,12.0,3,344.15
p1_W3_E3.169,1014.0,31.92,5.0,2,309.56
p1_W1_E1.172,1032.0,10.23,0.0,0,258.61
p1_E_W.71,1023.0,19.27,5.0,1,287.36
p1_W3_E3.171,1026.0,21.55,0.0,0,279.73
p1_E1_N3.18,1083.0,7.32,0.0,0,158.18
p1_W1_E1.170,1020.0,21.2,7.0,1,277.0
p1_W3_E3.170,1020.0,16.66,2.0,1,261.01
p1_N2_W2.17,1023.0,25.57,3.0,1,310.05
p1_W1_E1.173,1038.0,9.8,0.0,0,251.73
p1_N2_S2.51,1020.0,28.66,10.0,2,318.47
p1_W2_S2.17,1023.0,25.77,5.0,2,310.86
p1_N2_S2.52,1040.0,10.56,0.0,0,259.58
p1_S3_N3.51,1020.0,33.98,9.0,3,335.87
p1_S3_N3.52,1040.0,14.22,1.0,1,276.32
p1_N3_S3.51,1020.0,34.67,10.0,3,339.3
p1_N1_S1.52,1040.0,15.36,2.0,1,268.09
p1_N3_S3.52,1040.0,14.82,1.0,1,277.69
p1_S2_E2.17,1023.0,21.82,0.0,0,310.16
p1_S3_E3.18,1083.0,16.71,5.0,1,180.0
p1_E1_W1.70,1008.0,36.03,18.0,2,320.57
p1_E1_W1.69,994.0,50.26,27.0,3,350.97
p1_E1_W1.71,1023.0,35.92,13.0,1,326.85
p1_N3_W1.17,1023.0,22.14,3.0,2,298.15
p1_S2_N2.51,1020.0,32.4,9.0,3,318.46
p1_W1_S1.17,1023.0,25.49,5.0,2,296.07
p1_W_E.173,1038.0,26.38,11.0,1,304.54
p1_W_E.174,1044.0,20.58,6.0,1,290.71
p1_S1_N1.52,1040.0,26.14,9.0,2,311.83
p1_W_E.175,1050.0,16.36,2.0,1,282.08
p1_S1_N1.51,1020.0,46.81,22.0,3,349.65
p1_W_E.176,1056.0,10.66,0.0,0,264.23
p1_W1_E1.175,1050.0,17.76,4.0,1,269.07
p1_E3_W3.72,1037.0,32.42,13.0,2,318.71
p1_W3_E3.173,1038.0,31.4,12.0,2,307.27
p1_W3_E3.175,1050.0,19.37,6.0,1,282.64
p1_W_E.177,1062.0,8.04,0.0,0,239.13
p1_W1_E1.177,1062.0,8.26,0.0,0,244.02
p1_S1_E1.16,963.0,55.93,24.0,4,464.98
p1_W3_E3.174,1044.0,26.34,6.0,2,325.03
p1_W1_E1.174,1044.0,29.24,11.0,1,305.24
p1_W3_E3.176,1056.0,17.67,3.0,1,270.39
p1_W3_E3.172,1032.0,31.92,11.0,2,308.12
p1_E_W.73,1052.0,24.19,11.0,1,292.51
p1_W1_E1.178,1068.0,8.26,0.0,0,249.46
p1_E_W.72,1037.0,37.55,13.0,3,335.5
p1_E1_W1.73,1052.0,27.16,9.0,2,309.9
p1_W1_E1.176,1056.0,9.9,0.0,0,254.07
p1_N2_S2.53,1060.0,14.86,1.0,1,267.52
p1_E1_W1.72,1037.0,39.9,17.0,3,353.39
p1_N1_S1.53,1060.0,24.82,9.0,1,287.68
p1_N3_S3.53,1060.0,12.12,0.0,0,276.04
p1_S3_N3.53,1060.0,24.27,5.0,1,315.79
p1_N1_S1.54,1080.0,8.78,0.0,0,243.65
p1_S2_N2.52,1040.0,40.94,15.0,3,345.33
p1_N1_W3.18,1083.0,9.85,0.0,0,251.26
p1_E3_N1.17,1020.0,26.63,4.0,2,391.76
p1_W_E.180,1080.0,14.04,0.0,0,279.24
p1_E2_N2.18,1083.0,11.08,0.0,0,258.2
p1_W3_E3.178,1068.0,27.24,8.0,2,313.47
p1_W_E.179,1074.0,15.8,1.0,1,267.25
p1_W3_E3.177,1062.0,33.76,15.0,2,318.6
p1_S1_N1.53,1060.0,24.54,5.0,1,295.34
p1_W3_E3.180,1080.0,17.77,3.0,1,279.95
p1_W_E.178,1068.0,20.73,5.0,1,287.63
p1_W1_E1.179,1074.0,25.26,12.0,1,285.47
p1_E3_W3.75,1080.0,19.05,6.0,1,276.43
p1_E3_W3.74,1066.0,33.88,13.0,2,325.22
p1_W_E.182,1092.0,8.0,0.0,0,246.05
p1_W1_E1.180,1080.0,17.93,5.0,1,276.63
p1_W1_E1.181,1086.0,16.29,0.0,0,273.55
p1_W1_E1.182,1092.0,10.52,0.0,0,264.81
p1_E_W.74,1066.0,39.98,13.0,3,340.07
p1_E_W.75,1080.0,25.64,11.0,1,294.29
p1_E1_N3.19,1141.0,7.99,0.0,0,166.14
p1_E3_W3.73,1052.0,37.64,15.0,2,313.03
p1_E1_W1.75,1080.0,27.47,7.0,2,300.79
p1_N2_S2.54,1080.0,25.06,11.0,1,286.94
p1_N2_S2.55,1100.0,7.82,0.0,0,243.9
p1_W_E.181,1086.0,9.46,0.0,0,240.42
p1_E1_W1.74,1066.0,26.24,5.0,1,293.61
p1_N3_S3.54,1080.0,31.62,13.0,2,317.26
p1_S3_N3.54,1080.0,31.78,11.0,2,322.98
p1_S2_E2.18,1083.0,29.11,9.0,1,321.53
p1_S2_N2.54,1080.0,31.81,8.0,1,320.68
p1_N1_S1.55,1100.0,14.04,0.0,0,283.04
p1_S3_N3.55,1100.0,13.96,0.0,0,262.73
p1_W1_S1.18,1083.0,32.56,13.0,2,320.68
p1_S3_E3.19,1143.0,9.78,0.0,0,163.17
p1_N2_W2.18,1083.0,38.19,15.0,3,335.09
p1_S1_N1.54,1080.0,42.48,19.0,3,354.87
p1_W2_S2.18,1083.0,39.51,14.0,3,348.56
p1_S1_N1.55,1100.0,22.08,4.0,2,307.67
p1_W_E.183,1098.0,26.25,11.0,1,303.65
p1_W_E.184,1104.0,19.62,4.0,1,302.29
p1_W3_E3.182,1092.0,32.73,13.0,2,323.41
p1_W_E.186,1116.0,9.48,0.0,0,263.19
p1_S2_N2.53,1060.0,32.03,13.0,2,313.99
p1_E3_W3.77,1109.0,17.74,4.0,1,273.19
p1_E3_W3.76,1095.0,29.73,8.0,2,314.36
p1_W3_E3.181,1086.0,35.74,16.0,2,311.53
p1_W3_E3.185,1110.0,20.14,0.0,0,301.58
p1_W_E.187,1122.0,8.26,0.0,0,240.83
p1_W1_E1.184,1104.0,18.75,4.0,1,282.97
p1_W1_E1.187,1122.0,9.11,0.0,0,240.32
p1_W3_E3.179,1074.0,34.72,15.0,2,315.47
p1_W3_E3.184,1104.0,23.37,0.0,0,306.26
p1_W_E.185,1110.0,11.06,0.0,0,259.58
p1_W3_E3.183,1098.0,14.68,0.0,0,268.0
p1_W3_E3.186,1116.0,17.75,0.0,0,275.92
p1_S1_E1.17,1023.0,41.61,8.0,3,432.14
p1_E1_W1.76,1095.0,39.33,14.0,3,347.57
p1_E_W.76,1095.0,40.31,15.0,3,347.09
p1_W1_E1.183,1098.0,24.13,10.0,1,277.54
p1_E_W.77,1109.0,22.51,10.0,1,288.9
p1_W1_E1.185,1110.0,14.75,0.0,0,281.01
p1_S2_N2.55,1100.0,38.42,19.0,2,323.99
p1_N2_S2.56,1120.0,17.78,0.0,0,298.61
p1_S2_N2.56,1120.0,18.44,6.0,1,274.08
p1_N3_S3.56,1120.0,15.89,1.0,1,288.87
p1_S3_N3.56,1120.0,20.29,2.0,1,297.76
p1_E1_W1.77,1109.0,10.65,0.0,0,253.58
p1_W3_S3.18,1083.0,29.84,12.0,1,309.62
p1_N3_S3.55,1100.0,25.61,12.0,1,276.35
p1_N1_S1.56,1120.0,24.14,6.0,2,308.41
p1_N3_W1.18,1083.0,26.0,4.0,1,303.1
p1_W_E.188,1128.0,22.7,10.0,1,286.0
p1_W3_E3.190,1140.0,11.12,0.0,0,265.62
p1_W1_E1.188,1128.0,23.72,11.0,1,291.85
p1_W3_E3.188,1128.0,25.33,5.0,2,302.11
p1_W3_E3.189,1134.0,18.64,0.0,0,302.28
p1_E3_W3.79,1138.0,15.62,2.0,1,281.82
p1_W1_E1.191,1146.0,8.25,0.0,0,238.22
p1_S1_N1.56,1120.0,21.37,5.0,1,285.13
p1_W1_E1.190,1140.0,16.5,0.0,0,281.59
p1_W3_S3.19,1143.0,13.78,0.0,0,258.08
p1_W_E.191,1146.0,11.31,0.0,0,248.69
p1_W1_E1.189,1134.0,24.13,5.0,1,296.44
p1_W3_E3.187,1122.0,24.19,6.0,1,293.67
p1_E3_W3.78,1124.0,15.18,0.0,0,275.15
p1_W_E.190,1140.0,10.53,0.0,0,242.25
p1_W_E.192,1152.0,7.89,0.0,0,240.55
p1_E1_W1.78,1124.0,41.09,18.0,2,346.35
p1_W1_E1.186,1116.0,22.03,6.0,1,291.04
p1_E1_W1.79,1138.0,25.08,10.0,1,287.15
p1_E_W.79,1138.0,28.8,10.0,1,316.05
p1_N2_S2.57,1140.0,27.67,8.0,2,315.22
p1_N3_S3.57,1140.0,20.26,0.0,0,295.07
p1_W_E.189,1134.0,10.32,0.0,0,256.7
p1_S3_N3.57,1140.0,18.11,2.0,1,295.29
p1_S3_E3.20,1203.0,8.4,0.0,0,160.86
p1_S1_N1.57,1140.0,36.49,18.0,2,320.6
p1_S2_N2.57,1140.0,32.43,8.0,2,335.64
p1_W2_S2.19,1143.0,33.82,9.0,3,322.3
p1_E2_N2.19,1141.0,30.76,13.0,1,297.48
p1_N1_S1.58,1160.0,15.72,0.0,0,279.11
p1_E_W.78,1124.0,16.88,2.0,1,285.64
p1_W1_E1.192,1152.0,25.93,11.0,1,304.95
p1_W3_E3.195,1170.0,9.49,0.0,0,244.97
p1_W1_S1.19,1143.0,28.83,12.0,1,300.05
p1_N1_W3.19,1143.0,37.87,17.0,2,341.98
p1_W1_E1.194,1164.0,16.36,5.0,1,279.73
p1_W3_E3.194,1164.0,8.15,0.0,0,253.03
p1_W3_E3.192,1152.0,27.22,8.0,2,308.84
p1_W3_E3.193,1158.0,23.27,2.0,1,295.76
p1_W_E.194,1164.0,17.29,3.0,1,284.05
p1_W1_E1.193,1158.0,24.04,9.0,1,286.28
p1_E1_N3.20,1200.0,19.1,9.0,1,185.69
p1_S2_E2.19,1143.0,38.66,15.0,2,341.26
p1_W_E.195,1170.0,13.6,0.0,0,274.9
p1_W3_E3.191,1146.0,25.93,8.0,1,289.27
p1_N2_W2.19,1143.0,28.45,6.0,3,316.61
p1_W_E.193,1158.0,22.44,7.0,1,284.14
p1_W1_E1.195,1170.0,10.55,0.0,0,260.26
p1_W1_E1.196,1176.0,8.41,0.0,0,247.52
p1_N1_S1.57,1140.0,28.8,9.0,1,301.39
p1_E3_W3.80,1152.0,38.52,19.0,2,336.28
p1_E1_W1.81,1167.0,24.2,8.0,1,293.02
p1_W1_E1.197,1182.0,8.83,0.0,0,257.31
p1_E3_N1.18,1083.0,57.53,26.0,5,484.03
p1_E1_W1.80,1152.0,41.21,13.0,3,357.54
p1_E3_W3.81,1167.0,17.56,3.0,1,266.96
p1_N2_S2.59,1180.0,13.37,0.0,0,274.59
p1_N3_S3.59,1180.0,12.9,0.0,0,264.41
p1_N3_W1.19,1143.0,45.16,19.0,2,353.62
p1_S3_N3.58,1160.0,35.41,14.0,2,342.83
p1_S3_N3.59,1180.0,16.4,1.0,1,290.73
p1_S1_E1.18,1083.0,24.97,4.0,1,393.66
p1_N3_S3.58,1160.0,30.12,11.0,2,303.45
p1_E_W.80,1152.0,45.99,21.0,3,356.0
p1_E3_W3.82,1181.0,16.79,4.0,1,286.47
p1_E_W.81,1167.0,31.17,14.0,1,314.38
p1_S2_N2.59,1180.0,22.73,6.0,2,303.48
p1_E3_W3.83,1196.0,7.36,0.0,0,243.71
p1_S1_N1.59,1180.0,24.98,11.0,1,286.56
p1_N2_S2.58,1160.0,20.88,4.0,1,280.2
p1_E_W.82,1181.0,24.71,7.0,2,303.68
p1_S1_N1.58,1160.0,43.83,22.0,2,331.2
p1_S2_N2.58,1160.0,30.81,5.0,2,319.57
p1_W_E.197,1182.0,21.72,8.0,1,287.19
p1_W3_E3.196,1176.0,31.15,13.0,2,303.11
p1_W1_E1.199,1194.0,17.11,5.0,1,285.1
p1_E2_N2.20,1200.0,11.4,0.0,0,265.15
p1_W_E.196,1176.0,25.88,11.0,1,279.88
p1_W1_E1.198,1188.0,22.83,9.0,1,285.86
p1_W_E.199,1194.0,18.39,5.0,1,274.48
p1_W1_E1.200,1200.0,13.24,0.0,0,270.76
p1_W1_S1.20,1203.0,10.39,0.0,0,253.93
p1_W3_E3.197,1182.0,18.8,1.0,1,288.56
p1_W_E.198,1188.0,23.74,9.0,1,278.54
p1_W3_E3.198,1188.0,16.69,3.0,1,283.63
p1_W1_E1.201,1206.0,8.93,0.0,0,245.53
p1_W_E.201,1206.0,9.21,0.0,0,259.34
p1_E3_N1.19,1141.0,32.42,12.0,1,412.91
p1_W3_E3.199,1194.0,15.47,1.0,1,275.22
p1_W_E.200,1200.0,13.83,0.0,0,267.74
p1_W3_E3.200,1200.0,16.79,0.0,0,274.94
p1_W3_S3.20,1203.0,14.04,0.0,0,260.0
p1_E1_W1.82,1181.0,38.53,13.0,2,339.67
p1_N1_S1.59,1180.0,25.8,2.0,1,322.16
p1_N3_W1.20,1203.0,16.04,0.0,0,284.46
p1_N3_S3.60,1200.0,18.05,4.0,1,286.59
p1_E1_W1.83,1196.0,26.13,3.0,2,308.27
p1_S3_N3.60,1200.0,10.03,0.0,0,264.95
p1_W2_S2.20,1203.0,19.56,1.0,1,298.56
p1_E_W.83,1196.0,25.26,12.0,1,283.44
p1_N2_S2.61,1220.0,8.34,0.0,0,242.73
p1_S2_N2.60,1200.0,29.93,13.0,1,313.91
p1_E3_W3.84,1210.0,21.56,3.0,2,296.72
p1_S3_E3.21,1263.0,7.72,0.0,0,158.66
p1_N2_S2.60,1200.0,21.75,4.0,1,287.18
p1_E3_W3.85,1224.0,7.92,0.0,0,246.86
p1_W_E.202,1212.0,24.32,12.0,1,283.72
p1_W3_E3.202,1212.0,24.22,11.0,1,281.51
p1_S1_N1.61,1220.0,16.42,1.0,1,269.33
p1_S1_N1.60,1200.0,34.87,16.0,2,321.0
p1_W3_E3.201,1206.0,30.04,15.0,1,280.88
p1_W3_E3.204,1224.0,14.4,0.0,0,276.23
p1_E1_N3.21,1260.0,17.79,5.0,1,182.45
p1_S2_E2.20,1203.0,25.22,8.0,1,301.53
p1_W3_E3.205,1230.0,9.95,0.0,0,249.17
p1_W1_E1.202,1212.0,27.04,9.0,1,298.21
p1_N1_W3.20,1203.0,39.38,15.0,3,344.58
p1_N1_S1.61,1220.0,22.07,4.0,1,301.54
p1_W1_E1.204,1224.0,16.74,0.0,0,291.49
p1_N1_S1.60,1200.0,44.11,18.0,2,361.34
p1_W1_E1.203,1218.0,15.95,2.0,1,276.04
p1_W3_E3.203,1218.0,16.87,4.0,1,275.52
p1_W1_E1.205,1230.0,10.28,0.0,0,271.24
p1_W_E.206,1236.0,11.12,0.0,0,253.24
p1_E1_W1.84,1210.0,40.48,19.0,3,347.12
p1_N3_S3.62,1240.0,11.23,0.0,0,278.67
p1_W_E.204,1224.0,17.2,4.0,1,267.95
p1_N3_S3.61,1220.0,30.2,11.0,2,317.31
p1_E1_W1.85,1224.0,21.82,2.0,1,294.53
p1_S1_E1.19,1143.0,65.87,31.0,4,495.0
p1_W_E.203,1218.0,22.71,8.0,1,283.37
p1_S3_N3.61,1220.0,34.98,9.0,3,335.2
p1_W_E.205,1230.0,13.5,0.0,0,272.2
p1_S3_N3.62,1240.0,16.79,2.0,1,276.9
p1_E_W.84,1210.0,48.02,22.0,3,355.91
p1_W_E.207,1242.0,13.07,0.0,0,257.94
p1_E_W.85,1224.0,26.84,12.0,1,307.08
p1_E_W.86,1239.0,20.94,1.0,1,300.58
p1_S1_N1.62,1240.0,21.33,7.0,1,288.49
p1_E3_W3.87,1253.0,8.33,0.0,0,241.62
p1_E3_W3.86,1239.0,15.5,2.0,1,269.0
p1_W3_E3.206,1236.0,20.71,7.0,1,280.54
p1_W3_E3.207,1242.0,12.34,0.0,0,260.52
p1_S2_N2.63,1260.0,9.29,0.0,0,250.8
p1_W1_E1.207,1242.0,28.49,9.0,1,322.62
p1_W1_E1.209,1254.0,16.47,0.0,0,299.59
p1_N1_S1.62,1240.0,32.2,12.0,2,310.06
p1_W1_E1.208,1248.0,24.31,4.0,1,312.78
p1_W1_E1.210,1260.0,11.65,0.0,0,272.14
p1_W1_S1.21,1263.0,10.59,0.0,0,250.55
p1_W1_E1.211,1266.0,8.32,0.0,0,236.73
p1_S2_N2.61,1220.0,31.75,13.0,2,299.16
p1_W_E.208,1248.0,26.63,10.0,1,299.93
p1_N2_W2.20,1203.0,64.23,36.0,4,383.05
p1_E1_W1.86,1239.0,38.26,15.0,3,338.44
p1_N2_S2.62,1240.0,36.84,17.0,2,322.29
p1_E1_W1.87,1253.0,23.74,3.0,2,301.15
p1_W_E.209,1254.0,23.69,3.0,1,291.96
p1_N3_W1.21,1263.0,15.28,0.0,0,278.49
p1_W1_E1.206,1236.0,22.29,8.0,1,282.22
p1_W_E.211,1266.0,14.82,1.0,1,270.3
p1_N3_S3.63,1260.0,24.2,10.0,1,287.36
p1_W2_S2.21,1263.0,22.64,0.0,0,265.67
p1_E3_N1.20,1200.0,44.7,16.0,3,461.22
p1_E_W.87,1253.0,34.41,16.0,2,313.61
p1_E_W.88,1268.0,19.72,1.0,1,287.15
p1_S3_E3.22,1323.0,7.07,0.0,0,166.43
p1_S3_N3.63,1260.0,18.96,7.0,1,281.83
p1_E2_N2.21,1260.0,29.86,7.0,1,316.52
p1_E3_W3.88,1268.0,17.88,0.0,0,288.35
p1_E3_W3.89,1282.0,8.78,0.0,0,244.63
p1_W3_E3.209,1254.0,35.37,12.0,2,331.82
p1_E1_N3.22,1320.0,19.65,10.0,1,186.17
p1_W3_E3.208,1248.0,42.49,17.0,2,342.7
p1_W1_E1.212,1272.0,24.74,10.0,1,291.31
p1_W3_E3.210,1260.0,38.55,9.0,2,342.51
p1_W3_E3.211,1266.0,32.14,7.0,1,328.55
p1_S1_N1.64,1280.0,18.04,5.0,1,268.41
p1_N2_W2.21,1263.0,25.63,7.0,2,297.46
p1_N1_S1.64,1280.0,19.31,5.0,1,272.17
p1_W1_E1.214,1284.0,15.12,0.0,0,285.7
p1_N1_W3.21,1263.0,35.13,13.0,2,331.47
p1_W3_E3.212,1272.0,27.9,6.0,1,316.92
p1_W1_E1.213,1278.0,15.74,3.0,1,268.64
p1_W1_E1.215,1290.0,11.84,0.0,0,278.26
p1_N1_S1.63,1260.0,36.47,15.0,2,321.77
p1_W3_S3.21,1263.0,30.63,5.0,1,318.54
p1_S2_N2.64,1280.0,13.57,0.0,0,267.47
p1_S2_E2.21,1263.0,29.78,7.0,1,299.32
p1_W_E.212,1272.0,35.45,21.0,2,300.65
p1_N2_S2.63,1260.0,45.05,20.0,3,351.53
p1_S1_N1.63,1260.0,25.11,8.0,1,297.38
p1_W_E.216,1296.0,13.34,0.0,0,273.75
p1_S2_N2.62,1240.0,35.84,18.0,2,320.0
p1_W_E.210,1260.0,22.76,8.0,1,285.6
p1_W_E.215,1290.0,21.11,1.0,1,294.5
p1_E1_W1.88,1268.0,41.09,17.0,2,351.78
p1_N3_S3.64,1280.0,32.22,14.0,2,319.32
p1_N3_S3.65,1300.0,9.2,0.0,0,251.03
p1_E1_W1.89,1282.0,21.44,6.0,1,290.96
p1_W_E.214,1284.0,28.71,4.0,1,306.01
p1_W_E.213,1278.0,22.82,7.0,1,286.45
p1_S3_N3.64,1280.0,25.48,7.0,2,297.4
p1_E3_W3.91,1311.0,8.5,0.0,0,253.2
p1_E3_W3.90,1296.0,14.05,0.0,0,280.34
p1_W3_E3.213,1278.0,45.89,22.0,3,356.25
p1_W3_E3.214,1284.0,39.69,14.0,3,339.4
p1_S2_N2.65,1300.0,23.65,10.0,1,285.6
p1_W3_E3.216,1296.0,29.47,9.0,2,312.0
p1_W3_E3.215,1290.0,35.81,9.0,1,332.15
p1_W3_E3.217,1302.0,25.44,4.0,1,293.47
p1_S1_E1.20,1203.0,64.17,28.0,4,496.03
p1_S2_N2.66,1320.0,7.94,0.0,0,241.59
p1_N1_S1.65,1300.0,30.3,18.0,1,295.07
p1_S1_N1.65,1300.0,31.11,12.0,2,314.56
p1_E_W.89,1282.0,50.52,33.0,2,343.57
p1_N2_S2.64,1280.0,50.01,27.0,3,349.58
p1_W1_S1.22,1323.0,9.78,0.0,0,257.08
p1_W1_E1.217,1302.0,27.43,9.0,2,303.25
p1_W_E.217,1302.0,24.66,11.0,1,289.69
p1_W1_E1.219,1314.0,20.33,4.0,1,282.96
p1_N2_S2.66,1320.0,14.79,2.0,1,276.47
p1_S2_E2.22,1323.0,10.34,0.0,0,264.88
p1_W1_E1.216,1296.0,31.43,13.0,2,313.49
p1_E1_W1.91,1311.0,27.34,9.0,1,307.93
p1_N2_W2.22,1323.0,15.94,1.0,1,286.25
p1_W1_E1.221,1326.0,8.62,0.0,0,244.88
p1_N2_S2.65,1300.0,17.46,4.0,1,288.22
p1_W1_E1.218,1308.0,28.34,5.0,2,323.84
p1_E1_W1.90,1296.0,39.63,15.0,3,334.01
p1_W1_E1.220,1320.0,14.45,0.0,0,269.25
p1_N3_W1.22,1323.0,16.97,0.0,0,302.22
p1_N3_S3.66,1320.0,21.18,8.0,1,283.07
p1_S3_N3.65,1300.0,43.85,24.0,2,355.32
p1_S3_N3.66,1320.0,23.89,8.0,1,296.78
p1_E3_W3.92,1325.0,20.45,3.0,2,300.12
p1_E3_W3.93,1340.0,7.62,0.0,0,245.21
p1_E2_N2.22,1320.0,33.99,15.0,2,312.29
p1_W3_E3.218,1308.0,36.48,11.0,3,327.33
p1_W3_E3.219,1314.0,29.36,6.0,3,326.65
p1_W3_E3.220,1320.0,36.56,2.0,1,330.4
p1_W3_S3.22,1323.0,32.08,1.0,1,325.14
p1_W3_E3.221,1326.0,19.92,0.0,0,302.28
p1_S1_N1.67,1340.0,16.88,3.0,1,282.4
p1_E1_N3.23,1380.0,21.65,10.0,1,196.22
p1_S1_E1.21,1263.0,52.97,16.0,2,476.7
p1_N1_S1.66,1320.0,39.19,19.0,2,320.93
p1_W1_E1.223,1338.0,21.21,4.0,1,297.5
p1_N1_S1.67,1340.0,19.45,4.0,1,274.24
p1_E3_N1.21,1260.0,41.23,12.0,2,428.51
p1_W_E.218,1308.0,40.16,18.0,3,336.15
p1_S1_N1.66,1320.0,32.02,9.0,2,315.37
p1_N2_S2.67,1340.0,20.78,7.0,1,283.66
p1_W1_E1.224,1344.0,17.09,0.0,0,296.41
p1_W_E.219,1314.0,32.86,9.0,2,316.47
p1_W2_S2.22,1322.0,35.19,7.0,2,330.12
p1_E_W.92,1325.0,37.51,19.0,2,334.99
p1_W_E.220,1320.0,39.15,8.0,3,343.78
p1_N1_W3.22,1323.0,32.03,11.0,2,299.43
p1_W_E.221,1326.0,31.49,7.0,2,324.68
p1_W1_E1.222,1332.0,22.34,8.0,1,298.86
p1_S2_N2.67,1340.0,16.8,5.0,1,280.28
p1_W1_E1.226,1356.0,7.46,0.0,0,233.58
p1_E_W.91,1311.0,43.68,25.0,2,331.74
p1_W_E.222,1332.0,22.25,3.0,1,295.19
p1_W_E.223,1338.0,27.22,4.0,1,306.65
p1_E_W.93,1340.0,17.81,3.0,1,281.14
p1_N3_S3.67,1340.0,27.07,8.0,2,306.25
p1_E_W.90,1296.0,56.34,33.0,3,367.17
p1_E3_W3.94,1354.0,15.24,1.0,1,288.79
p1_E1_W1.92,1325.0,45.28,21.0,3,352.16
p1_E1_W1.93,1340.0,30.49,11.0,2,309.84
p1_W1_E1.225,1350.0,9.34,0.0,0,242.35
p1_S3_E3.23,1383.0,25.55,14.0,1,198.89
p1_E1_W1.94,1354.0,18.26,2.0,1,287.11
p1_S3_N3.67,1340.0,28.84,5.0,1,327.61
p1_E3_W3.95,1368.0,8.28,0.0,0,235.34
p1_W3_E3.224,1344.0,33.0,10.0,2,325.81
p1_W3_E3.223,1338.0,36.55,13.0,3,330.61
p1_W_E.224,1344.0,39.42,21.0,2,321.9
p1_W3_E3.227,1362.0,20.82,4.0,1,308.06
p1_W_E.225,1350.0,33.63,16.0,1,320.18
p1_W_E.226,1356.0,29.21,10.0,1,307.07
p1_W_E.227,1362.0,23.52,4.0,1,301.44
p1_W3_E3.225,1350.0,22.71,5.0,2,303.81
p1_W_E.228,1368.0,18.88,1.0,1,305.01
p1_N1_S1.68,1360.0,22.21,9.0,1,277.69
p1_S1_N1.68,1360.0,27.68,10.0,2,302.37
p1_W3_E3.226,1356.0,18.5,2.0,1,272.3
p1_S2_N2.68,1360.0,29.41,9.0,2,305.37
p1_W3_E3.222,1332.0,37.9,11.0,3,330.97
p1_W1_E1.227,1362.0,30.85,10.0,2,307.43
p1_E_W.95,1368.0,27.53,14.0,1,295.32
p1_N3_S3.69,1380.0,13.97,0.0,0,296.39
p1_E_W.94,1354.0,38.67,19.0,2,322.13
p1_W1_E1.230,1380.0,15.34,1.0,1,276.58
p1_W1_E1.231,1386.0,11.28,0.0,0,267.33
p1_N3_W1.23,1382.0,18.68,1.0,1,298.27
p1_W1_E1.229,1374.0,18.89,3.0,1,282.78
p1_W1_E1.228,1368.0,18.69,2.0,1,287.66
p1_E1_W1.95,1368.0,28.17,11.0,2,308.27
p1_N3_S3.68,1360.0,28.3,14.0,1,297.57
p1_E_W.96,1383.0,20.05,6.0,1,273.0
p1_N2_S2.68,1360.0,15.45,0.0,0,283.49
p1_S3_N3.69,1380.0,25.36,6.0,1,311.55
p1_E3_W3.97,1397.0,8.09,0.0,0,248.18
p1_S3_N3.68,1360.0,43.72,19.0,3,355.14
p1_E_W.97,1397.0,8.78,0.0,0,236.15
p1_S3_E3.24,1443.0,7.17,0.0,0,158.3
p1_W_E.232,1392.0,18.52,4.0,1,277.01
p1_E2_N2.23,1380.0,26.14,8.0,1,310.52
p1_W3_E3.228,1368.0,45.3,22.0,2,351.63
p1_W_E.234,1404.0,8.96,0.0,0,246.82
p1_W3_E3.229,1374.0,39.76,14.0,2,336.75
p1_S1_N1.69,1380.0,35.2,16.0,2,323.61
p1_W3_E3.231,1386.0,29.5,10.0,1,305.35
p1_W_E.229,1374.0,28.09,10.0,2,302.66
p1_W3_E3.230,1380.0,35.95,10.0,1,332.44
p1_W3_S3.23,1383.0,34.27,10.0,1,333.96
p1_E1_N3.24,1443.0,18.1,4.0,1,184.76
p1_W_E.230,1380.0,29.38,12.0,1,305.2
p1_W2_S2.23,1383.0,35.85,12.0,2,338.96
p1_W_E.231,1386.0,30.96,8.0,1,324.5
p1_W1_E1.233,1398.0,20.8,5.0,1,291.73
p1_S1_N1.70,1400.0,13.36,0.0,0,265.82
p1_S1_E1.22,1322.0,55.77,24.0,3,459.75
p1_E3_N1.22,1320.0,26.9,3.0,1,406.15
p1_W1_S1.23,1383.0,39.29,20.0,2,330.09
p1_S2_E2.23,1383.0,39.67,17.0,2,323.52
p1_E3_W3.96,1383.0,10.51,0.0,0,254.05
p1_N1_S1.69,1380.0,42.92,23.0,2,326.82
p1_N2_S2.69,1380.0,43.16,22.0,2,326.88
p1_N1_W3.23,1383.0,41.49,21.0,2,334.12
p1_W1_E1.234,1404.0,13.16,0.0,0,281.32
p1_N1_S1.70,1400.0,24.82,12.0,1,278.82
p1_N2_S2.70,1400.0,21.42,9.0,1,283.95
p1_W_E.233,1398.0,8.93,0.0,0,247.69
p1_N2_W2.23,1383.0,45.05,20.0,2,343.71
p1_W1_E1.232,1392.0,25.76,7.0,1,299.92
p1_N3_S3.70,1400.0,26.99,7.0,2,314.28
p1_W1_E1.235,1410.0,9.21,0.0,0,245.9
p1_W1_E1.236,1416.0,10.54,0.0,0,249.95
p1_E1_W1.97,1397.0,34.39,15.0,2,329.43
p1_E1_W1.96,1383.0,49.1,22.0,3,348.28
p1_S3_N3.70,1400.0,33.48,9.0,3,332.0
p1_E3_W3.99,1426.0,8.04,0.0,0,243.69
p1_E3_W3.98,1412.0,22.9,4.0,2,300.64
p1_E_W.98,1412.0,23.81,3.0,2,308.32
p1_S2_N2.69,1380.0,58.79,36.0,3,369.05
p1_W3_E3.233,1398.0,42.07,16.0,3,341.63
p1_W3_E3.235,1410.0,29.67,10.0,2,318.46
p1_S2_N2.70,1400.0,32.12,12.0,2,311.14
p1_W3_E3.234,1404.0,37.42,10.0,3,342.05
p1_W_E.235,1410.0,30.77,18.0,1,298.21
p1_W_E.236,1416.0,25.1,12.0,1,283.3
p1_W3_E3.236,1416.0,25.75,6.0,1,309.59
p1_W_E.237,1422.0,21.0,6.0,1,281.32
p1_W_E.238,1428.0,15.45,0.0,0,270.76
p1_N2_S2.71,1420.0,24.31,11.0,1,281.3
p1_W1_E1.237,1422.0,23.21,9.0,1,277.72
p1_W_E.239,1434.0,10.87,0.0,0,261.71
p1_E3_N1.23,1380.0,23.74,4.0,1,397.25
p1_W1_E1.238,1428.0,18.08,6.0,1,278.38
p1_W3_E3.232,1392.0,37.07,13.0,3,318.55
p1_W1_E1.239,1434.0,13.74,1.0,1,276.35
p1_W1_E1.240,1440.0,8.15,0.0,0,241.02
p1_N1_S1.71,1420.0,24.81,4.0,1,316.96
p1_S1_N1.71,1420.0,18.05,3.0,1,274.2
p1_W1_E1.241,1446.0,7.46,0.0,0,251.78
p1_N3_S3.72,1440.0,9.16,0.0,0,246.04
p1_E1_W1.98,1412.0,48.34,24.0,3,358.51
p1_N3_S3.71,1420.0,27.7,14.0,1,283.94
p1_E1_W1.99,1426.0,34.56,16.0,2,315.68
p1_E3_W3.100,1440.0,19.8,7.0,1,289.75
p1_S3_N3.71,1420.0,41.88,16.0,3,359.68
p1_N2_W2.24,1443.0,15.68,0.0,0,290.28
p1_S3_N3.72,1440.0,18.46,5.0,1,283.94
p1_E_W.99,1426.0,23.22,10.0,1,290.74
p1_S2_N2.71,1420.0,46.79,20.0,3,350.82
p1_E_W.100,1440.0,27.32,8.0,2,307.83
p1_S3_E3.25,1503.0,7.61,0.0,0,161.04
p1_W_E.240,1440.0,26.72,14.0,1,287.9
p1_E2_N2.24,1443.0,26.13,4.0,2,308.3
p1_S1_N1.73,1460.0,12.35,0.0,0,260.73
p1_W2_S2.24,1443.0,23.1,9.0,1,276.61
p1_W3_E3.237,1422.0,52.08,29.0,3,367.25
p1_W3_E3.238,1428.0,46.24,23.0,3,349.12
p1_N2_S2.72,1440.0,27.14,8.0,2,315.08
p1_S1_N1.72,1440.0,35.46,13.0,1,336.79
p1_W_E.242,1452.0,21.68,8.0,1,278.89
p1_W_E.244,1464.0,12.16,0.0,0,265.84
p1_W3_E3.240,1440.0,35.25,17.0,2,320.77
p1_W3_E3.239,1434.0,37.83,15.0,2,330.65
p1_W3_S3.24,1443.0,35.07,14.0,2,314.4
p1_W_E.245,1470.0,8.27,0.0,0,252.35
p1_N1_W3.24,1443.0,31.2,8.0,3,331.06
p1_W3_E3.241,1446.0,33.11,14.0,1,323.53
p1_N1_S1.73,1460.0,16.37,1.0,1,283.22
p1_W_E.243,1458.0,22.3,4.0,1,284.53
p1_W1_E1.245,1470.0,10.04,0.0,0,261.13
p1_N1_S1.72,1440.0,40.64,12.0,2,356.64
p1_W1_S1.24,1443.0,38.42,14.0,2,348.78
p1_W3_E3.242,1452.0,28.78,11.0,1,300.21
p1_W1_E1.243,1458.0,17.09,3.0,1,266.81
p1_W3_E3.244,1464.0,15.91,4.0,1,267.72
p1_E1_N3.25,1501.0,9.1,0.0,0,165.7
p1_S1_E1.23,1383.0,27.27,3.0,2,393.13
p1_E1_W1.100,1440.0,46.54,23.0,3,347.27
p1_E1_W1.101,1455.0,31.13,9.0,2,329.13
p1_W1_E1.244,1464.0,16.65,0.0,0,282.67
p1_W3_E3.243,1458.0,21.57,8.0,1,273.0
p1_W3_E3.246,1476.0,10.89,0.0,0,257.46
p1_W_E.241,1446.0,23.89,9.0,1,281.95
p1_W1_E1.242,1452.0,22.01,9.0,1,284.14
p1_W3_E3.245,1470.0,10.34,0.0,0,262.41
p1_N3_W1.24,1443.0,38.3,14.0,2,332.44
p1_E3_W3.101,1455.0,34.58,14.0,2,314.28
p1_S2_N2.72,1440.0,54.72,30.0,3,379.07
p1_S2_N2.73,1460.0,32.83,13.0,1,307.6
p1_S3_N3.73,1460.0,26.39,9.0,2,300.71
p1_E3_W3.102,1469.0,10.99,0.0,0,260.97
p1_S2_N2.74,1480.0,17.3,0.0,0,279.13
p1_N3_S3.73,1460.0,37.81,19.0,2,321.36
p1_S1_N1.74,1480.0,18.69,0.0,0,296.83
p1_E_W.102,1469.0,31.32,11.0,2,316.34
p1_W_E.246,1476.0,24.55,11.0,1,276.4
p1_S2_E2.24,1443.0,57.82,34.0,3,385.66
p1_E_W.103,1484.0,14.11,1.0,1,266.7
p1_E3_N1.24,1443.0,19.18,0.0,0,375.45
p1_W1_E1.246,1476.0,25.04,10.0,1,285.99
p1_W_E.247,1482.0,23.17,8.0,1,283.2
p1_W_E.248,1488.0,17.35,3.0,1,274.56
p1_N2_S2.74,1480.0,26.49,14.0,1,293.78
p1_W1_E1.248,1488.0,17.73,3.0,1,270.55
p1_N2_S2.73,1460.0,47.17,27.0,2,355.53
p1_W_E.249,1494.0,12.79,0.0,0,266.51
p1_W1_E1.250,1500.0,8.36,0.0,0,248.43
p1_W_E.250,1500.0,7.98,0.0,0,240.61
p1_W3_E3.248,1488.0,20.22,6.0,1,289.34
p1_N1_S1.74,1480.0,15.74,0.0,0,265.69
p1_W3_E3.249,1494.0,18.56,2.0,1,274.99
p1_W3_E3.250,1500.0,8.62,0.0,0,241.13
p1_E1_W1.102,1469.0,44.73,19.0,3,351.05
p1_W1_E1.247,1482.0,20.49,8.0,1,274.01
p1_N2_S2.75,1500.0,15.37,0.0,0,290.91
p1_E1_W1.103,1484.0,23.26,6.0,2,295.58
p1_W3_S3.25,1503.0,13.15,0.0,0,264.49
p1_W3_E3.247,1482.0,21.43,7.0,1,277.94
p1_W1_E1.249,1494.0,11.01,0.0,0,252.11
p1_E3_W3.103,1484.0,35.69,18.0,2,321.0
p1_W3_E3.251,1506.0,8.08,0.0,0,244.68
p1_S3_N3.75,1500.0,20.99,3.0,1,296.83
p1_E3_W3.105,1512.0,9.53,0.0,0,260.59
p1_E3_W3.104,1498.0,24.89,9.0,1,308.38
p1_S3_N3.74,1480.0,29.61,8.0,2,319.37
p1_N3_S3.75,1500.0,26.32,10.0,1,321.91
p1_S2_E2.25,1503.0,23.85,0.0,0,273.41
p1_S3_E3.26,1563.0,8.3,0.0,0,164.87
p1_N3_S3.74,1480.0,41.18,20.0,2,329.87
p1_S1_E1.24,1443.0,46.74,18.0,2,452.75
p1_W1_E1.252,1512.0,19.65,5.0,1,285.06
p1_W_E.251,1506.0,26.88,13.0,1,288.11
p1_W1_E1.254,1524.0,9.47,0.0,0,263.15
p1_N1_S1.75,1500.0,33.92,13.0,2,336.52
p1_S1_N1.75,1500.0,28.53,9.0,2,309.0
p1_W2_S2.25,1503.0,29.41,16.0,1,294.38
p1_S1_N1.76,1520.0,14.18,0.0,0,278.21
p1_E1_N3.26,1560.0,18.95,5.0,1,185.32
p1_E_W.101,1455.0,34.07,10.0,2,339.46
p1_N1_W3.25,1503.0,32.33,8.0,2,337.37
p1_W1_E1.253,1518.0,17.8,2.0,1,288.2
p1_W_E.253,1518.0,18.3,5.0,1,274.8
p1_N2_W2.25,1503.0,31.54,14.0,2,326.8
p1_W1_S1.25,1503.0,35.19,13.0,1,347.19
p1_W1_E1.255,1530.0,8.19,0.0,0,242.5
p1_W_E.255,1530.0,7.92,0.0,0,238.88
p1_W1_E1.251,1506.0,25.29,11.0,1,288.7
p1_W_E.252,1512.0,23.31,8.0,1,277.58
p1_E1_W1.104,1498.0,43.48,18.0,3,357.83
p1_S2_N2.75,1500.0,10.71,0.0,0,256.79
p1_N3_W1.25,1503.0,35.59,15.0,2,332.43
p1_E1_W1.105,1512.0,30.02,11.0,2,331.28
p1_S3_N3.76,1520.0,24.46,10.0,1,293.27
p1_W3_E3.255,1530.0,15.17,0.0,0,271.54
p1_W3_E3.253,1518.0,26.96,9.0,2,314.7
p1_S2_N2.77,1540.0,9.7,0.0,0,257.69
p1_E_W.104,1498.0,53.39,29.0,3,371.96
p1_E3_W3.106,1527.0,24.52,7.0,2,295.99
p1_W3_E3.256,1536.0,14.83,0.0,0,264.08
p1_E_W.105,1512.0,39.94,20.0,2,319.7
p1_W3_E3.254,1524.0,16.61,0.0,0,283.66
p1_E2_N2.25,1501.0,41.4,18.0,2,332.87
p1_W3_E3.252,1512.0,27.0,6.0,1,300.65
p1_W_E.256,1536.0,22.49,9.0,1,282.01
p1_S1_N1.77,1540.0,18.92,2.0,1,290.07
p1_W1_E1.257,1542.0,17.31,3.0,1,277.74
p1_W1_E1.256,1536.0,23.74,8.0,1,285.77
p1_W_E.254,1524.0,25.27,9.0,1,301.26
p1_W1_E1.258,1548.0,13.75,0.0,0,270.41
p1_W1_E1.259,1554.0,8.24,0.0,0,246.32
p1_N2_S2.77,1540.0,23.94,8.0,1,291.21
p1_N2_S2.76,1520.0,41.22,18.0,3,342.66
p1_N1_S1.76,1520.0,43.39,22.0,2,342.26
p1_N1_S1.77,1540.0,26.46,8.0,2,306.03
p1_N3_S3.77,1540.0,26.52,12.0,1,294.73
p1_E3_N1.25,1501.0,22.58,2.0,1,376.51
p1_W_E.258,1548.0,18.72,6.0,1,275.52
p1_N3_S3.76,1520.0,15.52,3.0,1,281.77
p1_N3_S3.78,1560.0,7.7,0.0,0,239.42
p1_W_E.260,1560.0,8.88,0.0,0,253.58
p1_W_E.257,1542.0,23.55,10.0,1,281.34
p1_W_E.259,1554.0,17.04,1.0,1,282.65
p1_S3_N3.78,1560.0,9.82,0.0,0,261.61
p1_S3_N3.77,1540.0,31.77,15.0,1,317.11
p1_W2_S2.26,1563.0,9.13,0.0,0,263.36
p1_W3_E3.258,1548.0,25.57,6.0,2,300.79
p1_E1_W1.107,1541.0,33.19,16.0,2,317.28
p1_W3_E3.257,1542.0,30.25,13.0,2,313.12
p1_W_E.261,1566.0,7.92,0.0,0,235.89
p1_W3_E3.260,1560.0,15.46,1.0,1,272.49
p1_W3_E3.259,1554.0,22.01,2.0,1,313.24
p1_E_W.107,1541.0,36.2,17.0,2,316.36
p1_W3_E3.261,1566.0,11.43,0.0,0,265.51
p1_E1_W1.106,1527.0,38.96,15.0,3,331.75
p1_E2_N2.26,1560.0,18.3,2.0,1,281.53
p1_W3_S3.26,1563.0,15.6,0.0,0,283.73
p1_E3_W3.107,1541.0,38.86,16.0,3,352.88
p1_E3_W3.108,1556.0,23.6,7.0,2,309.14
p1_E_W.106,1527.0,42.73,20.0,3,340.78
p1_E_W.108,1556.0,18.69,3.0,1,289.71
p1_E_W.109,1570.0,12.32,0.0,0,269.5
p1_S2_N2.78,1560.0,21.27,8.0,1,298.16
p1_N2_W2.26,1563.0,23.94,9.0,1,282.96
p1_W1_E1.261,1566.0,21.32,7.0,1,280.26
p1_S2_N2.79,1580.0,7.84,0.0,0,235.57
p1_S2_N2.76,1520.0,35.46,16.0,2,321.32
p1_E1_N3.27,1620.0,8.57,0.0,0,170.46
p1_W1_E1.260,1560.0,26.96,13.0,1,296.76
p1_S3_E3.27,1623.0,10.71,0.0,0,172.07
p1_S1_E1.25,1503.0,30.23,1.0,1,426.44
p1_N2_S2.78,1560.0,32.4,12.0,2,305.93
p1_S1_N1.79,1580.0,8.69,0.0,0,253.46
p1_W1_E1.262,1572.0,16.28,0.0,0,276.77
p1_S1_N1.78,1560.0,19.52,5.0,1,276.25
p1_W1_S1.26,1563.0,23.94,9.0,1,297.25
p1_N1_S1.78,1560.0,33.68,13.0,2,315.48
p1_S2_E2.26,1563.0,18.83,1.0,1,295.54
p1_W_E.265,1590.0,10.79,0.0,0,267.99
p1_N1_W3.26,1563.0,30.17,7.0,2,309.42
p1_W3_E3.262,1572.0,29.7,10.0,1,309.98
p1_W3_E3.263,1578.0,23.91,7.0,1,300.94
p1_E1_W1.108,1556.0,47.46,25.0,3,358.13
p1_W_E.262,1572.0,26.91,11.0,1,288.89
p1_W3_E3.264,1584.0,19.39,1.0,1,297.94
p1_N3_W1.26,1563.0,40.42,22.0,2,333.3
p1_W_E.263,1578.0,16.68,3.0,1,272.88
p1_W3_E3.266,1596.0,9.43,0.0,0,254.86
p1_E1_W1.109,1570.0,31.58,13.0,2,327.13
p1_W3_E3.265,1590.0,11.53,0.0,0,249.46
p1_E_W.111,1599.0,8.74,0.0,0,244.57
p1_E_W.110,1584.0,25.75,6.0,1,305.25
p1_E3_W3.110,1584.0,27.32,9.0,2,302.4
p1_E3_W3.109,1570.0,41.83,16.0,2,350.65
p1_W_E.264,1584.0,11.21,0.0,0,247.43
p1_N3_S3.79,1580.0,34.51,13.0,2,339.64
p1_W1_E1.263,1578.0,25.88,10.0,1,292.56
p1_W1_E1.265,1590.0,28.23,14.0,1,276.09
p1_W1_E1.267,1602.0,18.1,5.0,1,276.71
p1_N2_S2.79,1580.0,40.95,15.0,2,348.31
p1_W1_E1.269,1614.0,8.21,0.0,0,250.35
p1_N2_S2.80,1600.0,23.71,11.0,1,292.18
p1_S2_N2.80,1600.0,10.08,0.0,0,252.29
p1_W1_E1.264,1584.0,27.82,14.0,1,292.22
p1_W1_E1.266,1596.0,29.14,11.0,1,299.23
p1_S1_N1.80,1600.0,9.34,0.0,0,253.39
p1_N1_S1.80,1600.0,26.83,7.0,2,311.34
p1_W3_E3.267,1602.0,27.49,8.0,1,312.27
p1_W3_E3.268,1608.0,21.22,5.0,1,304.91
p1_N1_S1.79,1580.0,39.49,14.0,2,333.75
p1_S3_N3.80,1600.0,30.23,18.0,1,300.68
p1_W3_E3.269,1614.0,17.22,0.0,0,301.88
p1_W3_E3.270,1620.0,9.66,0.0,0,267.61
p1_W_E.267,1602.0,28.07,9.0,2,303.95
p1_W_E.269,1614.0,19.44,1.0,1,291.1
p1_W3_E3.271,1626.0,7.51,0.0,0,240.15
p1_E1_W1.110,1584.0,50.22,26.0,3,365.52
p1_E_W.112,1613.0,21.05,5.0,1,293.04
p1_S3_N3.81,1620.0,14.49,1.0,1,273.91
p1_S3_N3.79,1580.0,39.64,21.0,2,303.76
p1_W_E.270,1620.0,15.54,0.0,0,275.06
p1_E1_W1.112,1613.0,23.01,5.0,1,295.34
p1_W_E.266,1596.0,30.86,11.0,2,308.23
p1_W_E.271,1626.0,11.3,0.0,0,264.95
p1_E1_W1.111,1599.0,25.64,10.0,1,293.75
p1_W_E.268,1608.0,28.02,4.0,2,330.23
p1_E1_W1.113,1628.0,10.97,0.0,0,272.11
p1_E3_W3.111,1599.0,35.87,10.0,2,340.04
p1_W3_S3.27,1623.0,10.71,0.0,0,257.94
p1_E3_W3.112,1613.0,13.21,0.0,0,272.81
p1_W1_E1.270,1620.0,24.39,9.0,1,281.82
p1_N3_S3.80,1600.0,45.46,23.0,3,354.3
p1_S1_E1.26,1563.0,40.36,11.0,2,458.25
p1_W1_E1.268,1608.0,26.06,11.0,1,295.31
p1_E1_N3.28,1680.0,8.79,0.0,0,171.95
p1_S3_E3.28,1683.0,7.41,0.0,0,163.97
p1_N2_S2.81,1620.0,31.33,12.0,2,313.28
p1_W2_S2.27,1623.0,29.03,10.0,1,311.97
p1_S1_N1.82,1640.0,7.99,0.0,0,254.54
p1_S2_N2.81,1620.0,22.08,0.0,0,298.43
p1_W_E.273,1638.0,17.42,4.0,1,282.35
p1_N1_S1.81,1620.0,36.55,12.0,3,350.53
p1_E2_N2.27,1620.0,37.34,17.0,2,325.93
p1_W1_S1.27,1623.0,24.84,9.0,1,306.66
p1_W_E.275,1650.0,8.25,0.0,0,250.19
p1_N1_W3.27,1623.0,35.6,10.0,2,348.38
p1_N3_W1.27,1623.0,37.18,11.0,2,340.84
p1_E1_W1.114,1642.0,18.4,1.0,1,295.43
p1_W3_E3.275,1650.0,10.12,0.0,0,246.65
p1_N2_W2.27,1623.0,38.73,17.0,2,329.13
p1_E_W.113,1628.0,31.27,9.0,2,330.63
p1_W_E.274,1644.0,16.72,0.0,0,286.46
p1_S2_E2.27,1623.0,23.12,2.0,1,302.22
p1_W_E.272,1632.0,30.43,10.0,1,324.38
p1_S1_N1.81,1620.0,16.22,1.0,1,280.21
p1_W3_E3.272,1632.0,22.66,8.0,1,279.9
p1_E_W.114,1642.0,21.29,4.0,1,297.29
p1_W3_E3.276,1656.0,7.77,0.0,0,239.99
p1_E3_W3.113,1628.0,42.55,18.0,3,350.4
p1_W3_E3.273,1638.0,15.07,1.0,1,275.25
p1_W1_E1.271,1626.0,44.86,21.0,3,351.95
p1_W1_E1.273,1638.0,31.34,8.0,1,325.46
p1_E3_W3.114,1642.0,24.82,9.0,1,292.63
p1_W1_E1.272,1632.0,40.86,13.0,3,347.72
p1_W1_E1.275,1650.0,23.7,8.0,1,295.74
p1_E3_N1.26,1560.0,58.7,29.0,4,476.82
p1_S2_N2.82,1640.0,35.93,12.0,2,325.62
p1_N3_S3.81,1620.0,35.57,16.0,2,307.81
p1_N2_S2.82,1640.0,39.41,18.0,2,341.95
p1_S2_N2.83,1660.0,14.96,1.0,1,270.99
p1_N2_S2.83,1660.0,11.72,0.0,0,264.86
p1_W1_E1.274,1644.0,11.19,0.0,0,259.94
p1_S1_N1.83,1660.0,8.54,0.0,0,244.29
p1_S3_N3.83,1660.0,24.79,10.0,1,283.07
p1_W3_E3.278,1668.0,17.47,4.0,1,279.98
p1_W_E.276,1656.0,28.94,10.0,1,315.05
p1_E_W.115,1656.0,30.38,8.0,2,328.78
p1_N1_S1.83,1660.0,26.17,11.0,1,291.41
p1_E_W.116,1671.0,14.8,1.0,1,283.17
p1_W3_E3.279,1674.0,13.54,0.0,0,278.74
p1_S3_N3.82,1640.0,38.26,15.0,3,342.53
p1_N1_S1.82,1640.0,44.29,24.0,2,334.11
p1_W_E.277,1662.0,16.15,3.0,1,270.2
p1_W3_E3.277,1662.0,27.35,9.0,1,304.47
p1_W_E.279,1674.0,15.37,0.0,0,270.69
p1_E1_W1.116,1671.0,18.89,3.0,1,269.96
p1_W_E.278,1668.0,14.1,0.0,0,275.76
p1_W3_S3.28,1683.0,9.12,0.0,0,251.43
p1_S3_N3.84,1680.0,9.58,0.0,0,267.37
p1_W3_E3.274,1644.0,22.36,6.0,1,285.95
p1_W3_E3.281,1686.0,8.42,0.0,0,237.94
p1_E1_W1.115,1656.0,24.74,9.0,1,287.85
p1_W3_E3.280,1680.0,8.56,0.0,0,237.89
p1_N1_S1.84,1680.0,17.14,0.0,0,294.57
p1_N1_W3.28,1683.0,14.18,0.0,0,294.63
p1_W1_E1.278,1668.0,31.39,9.0,2,330.32
p1_W1_E1.276,1656.0,44.07,19.0,3,349.76
p1_W1_E1.279,1674.0,26.84,6.0,2,312.93
p1_S1_N1.84,1680.0,21.78,8.0,1,278.23
p1_S1_E1.27,1623.0,36.6,10.0,2,441.3
p1_N3_S3.84,1680.0,22.85,9.0,1,284.54
p1_E1_N3.29,1740.0,6.79,0.0,0,164.26
p1_E3_W3.115,1656.0,48.77,24.0,3,363.69
p1_E3_W3.116,1671.0,32.0,13.0,2,322.2
p1_E2_N2.28,1680.0,28.6,10.0,2,313.87
p1_N3_S3.82,1640.0,43.67,23.0,2,340.48
p1_N3_S3.83,1660.0,28.23,9.0,1,300.7
p1_N2_S2.84,1680.0,30.43,12.0,2,309.65
p1_S2_N2.84,1680.0,12.09,0.0,0,265.23
p1_W_E.281,1686.0,26.33,8.0,2,306.5
p1_W1_E1.277,1662.0,21.4,2.0,1,300.06
p1_S2_E2.28,1683.0,30.69,4.0,1,303.55
p1_N3_W1.28,1683.0,30.83,12.0,2,315.21
p1_W_E.282,1692.0,22.46,1.0,1,293.3
p1_N2_W2.28,1683.0,32.7,11.0,2,343.43
p1_E_W.117,1685.0,30.35,8.0,3,330.91
p1_W_E.284,1704.0,12.21,0.0,0,266.1
p1_E1_W1.118,1700.0,15.67,1.0,1,268.88
p1_W_E.280,1680.0,27.66,11.0,1,304.49
p1_E_W.118,1700.0,15.69,1.0,1,280.51
p1_E3_W3.118,1700.0,18.37,4.0,1,295.64
p1_W3_E3.285,1710.0,8.13,0.0,0,245.39
p1_E3_W3.117,1685.0,25.49,7.0,2,297.81
p1_W_E.283,1698.0,19.67,0.0,0,291.27
p1_W3_E3.283,1698.0,21.93,3.0,1,291.49
p1_S3_E3.29,1743.0,7.44,0.0,0,158.57
p1_E1_W1.119,1714.0,8.23,0.0,0,237.68
p1_W1_S1.28,1683.0,40.59,21.0,2,322.9
p1_N2_S2.85,1700.0,23.07,9.0,1,286.66
p1_W3_E3.284,1704.0,14.51,0.0,0,263.94
p1_W2_S2.28,1683.0,23.77,7.0,1,291.17
p1_S3_N3.85,1700.0,16.68,1.0,1,282.49
p1_W3_E3.286,1716.0,8.17,0.0,0,240.56
p1_N1_S1.85,1700.0,17.12,4.0,1,276.84
p1_W1_E1.281,1686.0,44.17,22.0,3,360.16
p1_W1_E1.282,1692.0,38.34,15.0,2,337.57
p1_W1_E1.283,1698.0,34.48,10.0,1,327.61
p1_W1_E1.280,1680.0,47.75,22.0,3,359.93
p1_E1_W1.117,1685.0,25.76,9.0,1,280.96
p1_S1_N1.85,1700.0,36.32,18.0,2,320.47
p1_S2_N2.85,1700.0,36.54,18.0,2,319.43
p1_N3_S3.85,1700.0,36.47,17.0,2,320.34
p1_S2_N2.86,1720.0,16.82,4.0,1,269.09
p1_N3_S3.86,1720.0,16.68,3.0,1,268.69
p1_S1_N1.86,1720.0,18.36,2.0,1,286.8
p1_E3_N1.27,1620.0,62.65,30.0,4,478.64
p1_W3_E3.282,1692.0,17.61,3.0,1,284.76
p1_W_E.286,1716.0,24.38,6.0,2,309.7
p1_W_E.288,1728.0,11.85,0.0,0,276.53
p1_W_E.287,1722.0,19.68,0.0,0,307.39
p1_W_E.285,1710.0,27.38,8.0,1,307.82
p1_E_W.119,1714.0,36.9,15.0,2,334.09
p1_W3_E3.287,1722.0,29.05,15.0,1,302.29
p1_E_W.120,1728.0,23.25,9.0,1,282.84
p1_W3_E3.288,1728.0,22.68,10.0,1,295.71
p1_S3_N3.86,1720.0,26.16,12.0,1,286.61
p1_E1_W1.120,1728.0,14.76,1.0,1,262.89
p1_N2_S2.87,1740.0,12.16,0.0,0,265.91
p1_N2_S2.86,1720.0,33.2,20.0,1,305.83
p1_E1_W1.121,1743.0,7.87,0.0,0,238.85
p1_N2_W2.29,1743.0,12.65,0.0,0,270.17
p1_N1_S1.87,1740.0,17.12,4.0,1,272.36
p1_W1_E1.285,1710.0,48.49,23.0,3,361.48
p1_W1_E1.287,1722.0,36.66,12.0,2,337.56
p1_W1_E1.288,1728.0,32.51,9.0,2,321.39
p1_N1_S1.86,1720.0,34.98,16.0,2,327.54
p1_E3_N1.28,1680.0,39.35,17.0,2,435.95
p1_W1_E1.286,1716.0,46.66,14.0,3,353.09
p1_S1_E1.28,1683.0,38.49,4.0,2,437.22
p1_W3_E3.290,1740.0,9.55,0.0,0,251.09
p1_S2_N2.87,1740.0,21.03,3.0,2,304.56
p1_W1_E1.284,1704.0,44.04,21.0,3,331.77
p1_W3_E3.289,1734.0,14.44,0.0,0,273.07
p1_W_E.290,1740.0,26.01,9.0,1,306.05
p1_E2_N2.29,1740.0,25.3,7.0,2,303.8
p1_S2_E2.29,1743.0,24.97,3.0,1,320.56
p1_W_E.291,1746.0,21.77,3.0,1,307.07
p1_W3_E3.292,1752.0,8.22,0.0,0,244.88
p1_W3_S3.29,1743.0,11.49,0.0,0,256.96
p1_E3_W3.119,1714.0,56.88,30.0,3,370.71
p1_E3_W3.120,1728.0,42.79,24.0,2,331.87
p1_W3_E3.291,1746.0,11.19,0.0,0,259.54
p1_W_E.289,1734.0,30.1,13.0,1,315.02
p1_W1_E1.290,1740.0,32.21,16.0,2,319.88
p1_W1_E1.291,1746.0,26.36,7.0,2,309.46
p1_W_E.294,1764.0,7.72,0.0,0,244.57
p2_E3_S3.0,1803.0,7.13,0.0,0,171.81
p1_W1_E1.292,1752.0,22.19,6.0,1,285.69
p1_E1_W1.122,1757.0,19.02,6.0,1,277.75
p1_N3_S3.88,1760.0,15.9,4.0,1,273.19
p1_N3_W1.29,1743.0,35.08,8.0,2,340.86
p1_E3_W3.121,1743.0,18.12,3.0,1,283.68
p1_E_W.122,1757.0,20.95,4.0,1,293.78
p1_W1_E1.289,1734.0,35.88,16.0,2,319.95
p1_W_E.293,1758.0,9.92,0.0,0,260.17
p1_W1_E1.293,1758.0,14.73,1.0,1,268.87
p1_E_W.121,1743.0,24.46,5.0,2,314.35
p1_W_E.292,1752.0,9.42,0.0,0,253.36
p1_N3_S3.87,1740.0,31.23,13.0,2,301.63
p1_W2_S2.29,1743.0,39.69,17.0,2,345.0
p1_N2_S2.88,1760.0,21.73,8.0,1,280.06
p1_W1_E1.294,1764.0,8.77,0.0,0,245.73
p1_S1_N1.87,1740.0,47.94,28.0,2,342.34
p1_S2_N2.88,1760.0,28.54,10.0,2,310.13
p1_W3_E3.296,1776.0,12.46,0.0,0,278.14
p1_N1_S1.89,1780.0,7.8,0.0,0,236.83
p1_S3_N3.88,1760.0,28.73,10.0,2,315.85
p1_W3_E3.294,1764.0,25.26,6.0,1,301.61
p1_N1_S1.88,1760.0,27.05,7.0,1,305.0
p1_W3_E3.295,1770.0,20.67,0.0,0,300.23
p1_W1_S1.29,1743.0,27.0,9.0,1,295.62
p1_W3_E3.297,1782.0,10.44,0.0,0,252.65
p1_S1_N1.88,1760.0,24.67,10.0,1,282.68
p2_N3_E1.0,1803.0,30.63,18.0,2,208.96
p1_S3_N3.87,1740.0,31.39,12.0,2,308.88
p1_W_E.296,1776.0,20.11,6.0,1,271.48
p1_N1_W3.29,1743.0,39.93,22.0,1,328.05
p1_W_E.295,1770.0,24.61,11.0,1,286.97
p1_E3_W3.124,1786.0,13.45,0.0,0,272.36
p1_W_E.298,1788.0,9.49,0.0,0,251.76
p1_W1_E1.298,1788.0,11.87,0.0,0,274.66
p1_W3_E3.293,1758.0,22.57,5.0,1,293.09
p1_E3_W3.123,1772.0,26.5,8.0,1,303.09
p1_W1_E1.296,1776.0,26.1,9.0,2,307.64
p1_W1_E1.297,1782.0,19.73,2.0,1,297.04
p1_W_E.299,1794.0,8.05,0.0,0,239.73
p1_W_E.297,1782.0,13.36,0.0,0,272.58
p1_E1_W1.124,1786.0,17.53,4.0,1,279.85
p1_E1_W1.123,1772.0,27.01,9.0,1,296.69
p1_W1_E1.299,1794.0,9.0,0.0,0,240.64
p1_E_W.123,1772.0,32.74,7.0,3,332.61
p1_N3_S3.89,1780.0,25.34,12.0,1,283.27
p1_E3_W3.122,1757.0,22.88,4.0,1,290.7
p2_N2_S2.0,1800.0,7.71,0.0,0,234.39
p1_W1_E1.295,1770.0,21.74,8.0,1,275.96
p2_N1_S1.0,1800.0,13.53,0.0,0,256.7
p1_S2_N2.89,1780.0,34.67,10.0,3,334.61
p1_S3_N3.89,1780.0,34.81,16.0,2,314.96
p1_W3_E3.299,1794.0,22.18,7.0,1,305.11
p2_W3_E3.0,1800.0,18.01,4.0,1,268.47
p1_N2_S2.89,1780.0,24.74,11.0,1,286.17
p2_S1_N1.0,1800.0,19.91,2.0,1,293.61
p1_W3_E3.298,1788.0,26.73,14.0,1,293.8
p1_S1_N1.89,1780.0,31.5,11.0,2,330.02
p2_W3_E3.1,1815.0,8.1,0.0,0,242.38
p1_E3_N1.29,1740.0,29.9,9.0,1,395.95
p2_N2_E2.0,1803.0,19.56,5.0,1,291.22
p2_W_E.1,1815.0,9.9,0.0,0,257.62
p2_W_E.0,1800.0,23.23,9.0,1,289.96
p2_W1_E1.0,1800.0,27.85,9.0,1,304.13
p2_E3_S3.1,1863.0,6.92,0.0,0,160.83
p2_E_W.2,1812.0,17.51,0.0,0,281.42
p2_W1_E1.1,1815.0,15.1,0.0,0,273.46
p2_E3_W3.0,1800.0,32.62,15.0,2,323.21
p2_E_W.1,1806.0,24.68,0.0,0,301.73
p1_E_W.124,1786.0,37.67,13.0,3,331.26
p2_E1_W1.0,1800.0,34.42,16.0,2,312.15
p2_E3_W3.1,1806.0,21.31,9.0,1,289.44
p2_E1_W1.1,1806.0,28.98,10.0,2,306.91
p2_E_W.0,1800.0,24.88,4.0,2,299.89
p2_E1_W1.3,1818.0,18.4,2.0,1,286.27
p2_E1_W1.2,1812.0,24.69,1.0,1,302.1
p2_N3_S3.0,1800.0,33.32,19.0,1,299.17
p2_E2_S2.0,1803.0,34.45,11.0,3,323.73
p2_W1_N3.0,1803.0,35.73,15.0,2,320.23
p2_S3_N3.0,1800.0,42.52,18.0,3,345.43
p2_S3_N3.1,1820.0,22.84,6.0,1,295.42
p2_N2_S2.1,1820.0,9.56,0.0,0,250.01
p2_N1_S1.1,1820.0,25.67,2.0,2,323.29
p2_N3_S3.1,1820.0,13.56,0.0,0,265.36
p2_S1_N1.1,1820.0,27.45,5.0,1,315.1
p2_N3_E1.1,1863.0,26.65,14.0,2,209.72
p2_S2_N2.0,1800.0,47.73,22.0,3,353.84
p2_W3_E3.2,1829.0,19.04,2.0,1,302.47
p2_W2_N2.0,1803.0,40.51,21.0,3,341.92
p2_W3_N1.0,1803.0,40.05,13.0,3,339.86
p2_S2_N2.1,1820.0,30.04,7.0,1,334.93
p2_W_E.2,1829.0,21.08,7.0,1,272.98
p2_W3_E3.3,1844.0,7.55,0.0,0,247.18
p2_S1_W1.0,1803.0,41.28,17.0,2,333.54
p2_W_E.3,1844.0,8.2,0.0,0,240.99
p2_W1_E1.2,1829.0,26.91,8.0,2,313.21
p1_S1_E1.29,1743.0,67.52,35.0,3,492.77
p2_S3_W3.0,1803.0,51.16,29.0,4,362.44
p2_E_W.3,1818.0,41.54,16.0,3,339.33
p2_E3_W3.3,1818.0,40.7,12.0,3,335.01
p2_E1_W1.4,1824.0,33.58,11.0,2,332.62
p2_E1_W1.5,1830.0,29.46,7.0,2,325.4
p2_N3_S3.2,1840.0,20.47,6.0,1,292.27
p2_E3_W3.2,1812.0,49.19,22.0,3,355.72
p2_E3_W3.5,1830.0,30.1,6.0,1,311.39
p2_S2_W2.0,1803.0,47.89,21.0,3,354.2
p2_E1_W1.6,1836.0,24.79,2.0,1,319.25
p2_E3_W3.6,1836.0,26.48,6.0,1,306.22
p2_E1_W1.7,1842.0,16.91,1.0,1,290.95
p2_E3_W3.4,1824.0,32.69,8.0,2,322.21
p2_E_W.5,1830.0,34.02,4.0,1,332.47
p2_E_W.4,1824.0,29.23,4.0,1,321.37
p2_N2_S2.2,1840.0,18.85,5.0,1,280.71
p2_E_W.6,1836.0,29.82,4.0,1,320.36
p2_N2_S2.3,1860.0,8.16,0.0,0,240.26
p2_S3_N3.2,1840.0,25.03,7.0,2,302.03
p2_N1_E3.0,1803.0,26.59,6.0,2,415.81
p2_S1_N1.2,1840.0,33.37,8.0,2,332.66
p2_S2_N2.2,1840.0,33.11,9.0,3,326.81
p2_N1_S1.2,1840.0,33.8,16.0,2,309.8
p2_S1_W1.1,1863.0,13.75,2.0,1,270.47
p2_W_E.4,1858.0,19.66,6.0,1,292.15
p2_W3_E3.4,1858.0,19.97,6.0,1,281.17
p2_S1_N1.3,1860.0,16.2,0.0,0,266.39
p2_N2_E2.1,1863.0,16.35,1.0,1,288.06
p2_W_E.5,1872.0,7.84,0.0,0,244.77
p2_W3_E3.5,1872.0,7.64,0.0,0,239.97
p2_W1_E1.4,1858.0,22.31,6.0,1,287.42
p2_E1_W1.11,1866.0,16.67,3.0,1,288.84
p2_E1_W1.9,1854.0,27.59,10.0,2,324.75
p2_E_W.10,1860.0,25.95,2.0,1,320.53
p2_W1_E1.3,1844.0,24.04,10.0,1,284.85
p2_E_W.8,1848.0,33.61,9.0,2,329.67
p2_E_W.9,1854.0,33.71,4.0,2,324.64
p2_E3_S3.2,1923.0,8.65,0.0,0,177.6
p2_E3_W3.9,1854.0,36.5,14.0,2,338.71
p2_W2_N2.1,1861.0,27.31,9.0,1,314.04
p2_E3_W3.8,1848.0,42.86,17.0,3,357.71
p2_E2_S2.1,1863.0,27.63,5.0,2,321.58
p2_W1_E1.5,1872.0,8.68,0.0,0,244.03
p2_E1_W1.12,1872.0,19.18,0.0,0,295.27
p2_E_W.7,1842.0,32.99,12.0,2,323.86
p2_E1_W1.10,1860.0,32.39,1.0,1,318.66
p2_S2_N2.3,1860.0,31.72,14.0,2,311.91
p2_W1_N3.1,1861.0,30.66,11.0,2,319.15
p2_E_W.11,1866.0,17.66,0.0,0,283.83
p2_S3_W3.1,1863.0,28.13,10.0,2,309.92
p2_E3_W3.10,1860.0,31.33,12.0,1,320.76
p2_S2_W2.1,1863.0,30.36,9.0,2,315.63
p2_S2_N2.4,1880.0,14.17,1.0,1,266.12
p2_S3_N3.3,1860.0,32.63,9.0,2,328.07
p2_N3_S3.4,1880.0,16.06,3.0,1,284.79
p2_N3_S3.3,1860.0,28.83,13.0,1,306.78
p2_N3_E1.2,1923.0,18.31,5.0,2,193.64
p2_E1_W1.8,1848.0,23.57,3.0,1,293.22
p2_W3_N1.1,1860.0,34.92,12.0,3,331.84
p2_E3_W3.14,1884.0,15.63,0.0,0,289.71
p2_E3_W3.7,1842.0,37.31,13.0,3,330.67
p2_E3_W3.15,1890.0,12.1,0.0,0,270.03
p2_E3_W3.12,1872.0,30.9,9.0,2,321.71
p2_S1_N1.4,1880.0,13.77,0.0,0,258.86
p2_W_E.6,1887.0,17.95,4.0,1,277.51
p2_E3_W3.13,1878.0,22.26,2.0,1,301.67
p2_W_E.7,1901.0,8.39,0.0,0,240.74
p2_E3_W3.11,1866.0,31.42,12.0,1,316.55
p2_W3_E3.6,1887.0,25.22,8.0,2,302.19
p2_E_W.12,1872.0,41.83,17.0,3,347.22
p2_E_W.13,1878.0,33.46,11.0,3,336.91
p2_N1_S1.4,1880.0,34.61,16.0,2,324.04
p2_E1_S1.0,1803.0,62.57,27.0,3,473.78
p2_E_W.16,1896.0,20.3,1.0,1,291.86
p2_N2_S2.5,1900.0,19.38,6.0,1,283.85
p2_E_W.14,1884.0,21.0,0.0,0,296.52
p2_E1_W1.13,1878.0,46.09,28.0,2,342.25
p2_E_W.15,1890.0,15.74,0.0,0,274.51
p2_S2_N2.5,1900.0,14.05,0.0,0,271.67
p2_E1_W1.14,1884.0,39.62,19.0,2,326.46
p2_E1_W1.16,1896.0,30.0,17.0,1,291.45
p2_E3_W3.19,1914.0,11.76,0.0,0,273.76
p2_N1_S1.3,1860.0,33.2,13.0,2,316.65
p2_E1_W1.17,1902.0,25.87,11.0,1,288.78
p2_E3_W3.17,1902.0,25.18,5.0,2,303.76
p2_N3_S3.5,1900.0,24.53,7.0,1,297.48
p2_E1_W1.15,1890.0,33.36,16.0,1,311.02
p2_E3_W3.18,1908.0,18.03,1.0,1,300.7
p2_E1_W1.20,1920.0,10.08,0.0,0,250.92
p2_S3_N3.5,1900.0,16.49,2.0,1,275.35
p2_E3_W3.20,1920.0,10.1,0.0,0,268.11
p2_N2_S2.4,1880.0,24.57,11.0,1,283.05
p2_E3_W3.21,1926.0,8.01,0.0,0,235.36
p2_S3_N3.4,1880.0,26.54,6.0,2,313.18
p2_E1_W1.18,1908.0,16.48,1.0,1,272.82
p2_W_E.8,1916.0,14.64,0.0,0,277.49
p2_E3_W3.16,1896.0,25.17,7.0,1,299.89
p2_W1_E1.6,1887.0,51.0,28.0,3,359.46
p2_W1_E1.7,1901.0,39.08,20.0,2,327.55
p2_N1_E3.1,1863.0,24.99,8.0,1,389.36
p2_W3_E3.7,1901.0,33.39,13.0,2,315.37
p2_E1_W1.19,1914.0,11.02,0.0,0,251.44
p2_W1_E1.8,1916.0,25.66,7.0,2,302.04
p2_W3_E3.8,1916.0,26.78,7.0,1,320.33
p2_S1_N1.5,1900.0,44.76,23.0,2,342.87
p2_S1_N1.6,1920.0,25.25,10.0,1,289.59
p2_E_W.17,1902.0,43.6,20.0,3,352.34
p2_E_W.18,1908.0,32.58,10.0,2,343.0
p2_E_W.19,1914.0,33.37,8.0,1,335.61
p2_E3_S3.3,1983.0,7.11,0.0,0,162.2
p2_N1_S1.5,1900.0,29.32,11.0,1,305.66
p2_E_W.20,1920.0,25.15,6.0,1,309.13
p2_N2_E2.2,1923.0,23.59,10.0,2,285.67
p2_N1_S1.7,1940.0,9.31,0.0,0,266.61
p2_W1_N3.2,1920.0,29.45,9.0,2,312.36
p2_N2_S2.6,1920.0,31.36,12.0,2,318.16
p2_E2_S2.2,1923.0,27.92,12.0,1,311.21
p2_S2_W2.2,1923.0,22.83,5.0,2,300.53
p2_N1_S1.6,1920.0,31.73,11.0,1,319.03
p2_S2_N2.6,1920.0,30.34,5.0,3,331.99
p2_W2_N2.2,1920.0,31.84,11.0,2,316.35
p2_N3_S3.6,1920.0,32.67,14.0,2,321.84
p2_N3_S3.7,1940.0,13.26,0.0,0,262.77
p2_E1_S1.1,1863.0,32.9,6.0,1,428.9
p2_S3_N3.6,1920.0,27.25,9.0,2,308.79
p2_W3_N1.2,1920.0,36.13,20.0,2,303.72
p2_S3_N3.7,1940.0,8.03,0.0,0,237.91
p2_E3_W3.23,1938.0,19.72,6.0,1,276.97
p2_N3_E1.3,1983.0,17.73,5.0,2,190.89
p2_S1_N1.7,1940.0,19.99,7.0,1,272.48
p2_E3_W3.24,1944.0,16.02,1.0,1,281.89
p2_E3_W3.22,1932.0,29.75,12.0,1,302.79
p2_S3_W3.2,1923.0,26.65,9.0,3,301.51
p2_E3_W3.26,1956.0,8.66,0.0,0,243.41
p2_W1_E1.9,1930.0,36.87,19.0,2,316.19
p2_W3_E3.10,1944.0,22.66,4.0,1,301.59
p2_W1_E1.10,1944.0,15.49,0.0,0,285.21
p2_W1_E1.11,1959.0,10.54,0.0,0,266.22
p2_S1_W1.2,1923.0,40.39,21.0,1,328.0
p2_W3_E3.9,1930.0,15.25,1.0,1,281.72
p2_E1_W1.22,1932.0,37.82,19.0,2,321.86
p2_E1_W1.23,1938.0,33.96,13.0,2,309.85
p2_W_E.10,1944.0,27.84,9.0,2,302.83
p2_E1_W1.24,1944.0,30.27,4.0,1,318.03
p2_E1_W1.25,1950.0,23.85,8.0,1,301.67
p2_W_E.9,1930.0,27.86,10.0,1,302.89
p2_E1_W1.26,1956.0,20.08,3.0,1,275.18
p2_N2_S2.8,1960.0,18.34,6.0,1,285.66
p2_S2_N2.8,1960.0,10.33,0.0,0,257.77
p2_E1_W1.21,1926.0,39.25,19.0,2,322.3
p2_N2_S2.7,1940.0,38.96,11.0,2,341.86
p2_S2_N2.7,1940.0,38.67,17.0,2,347.47
p2_S3_N3.8,1960.0,21.39,5.0,1,304.68
p2_E_W.21,1926.0,44.3,24.0,2,340.97
p2_E_W.22,1932.0,39.66,19.0,2,326.67
p2_E_W.24,1944.0,40.56,14.0,1,326.26
p2_E_W.23,1938.0,46.92,16.0,2,360.03
p2_E3_W3.28,1968.0,17.32,3.0,1,272.1
p2_E_W.26,1956.0,30.31,11.0,1,310.48
p2_E_W.25,1950.0,36.73,13.0,1,332.64
p2_N3_S3.8,1960.0,16.52,1.0,1,268.26
p2_E3_W3.29,1974.0,12.79,0.0,0,265.82
p2_E_W.28,1968.0,18.65,0.0,0,285.78
p2_E_W.27,1962.0,17.27,5.0,1,277.39
p2_E3_W3.27,1962.0,26.76,9.0,1,301.96
p2_S1_N1.9,1980.0,8.24,0.0,0,251.13
p2_E_W.29,1974.0,16.19,0.0,0,296.5
p2_E3_W3.25,1950.0,24.11,10.0,1,280.17
p2_W3_E3.12,1973.0,20.05,1.0,1,286.82
p2_W1_E1.12,1973.0,20.65,1.0,1,300.17
p2_S1_N1.8,1960.0,26.32,12.0,1,287.0
p2_E3_W3.30,1980.0,8.82,0.0,0,245.59
p2_S1_W1.3,1983.0,9.61,0.0,0,253.76
p2_N1_E3.2,1923.0,28.93,10.0,1,408.06
p2_W3_E3.11,1959.0,24.98,8.0,1,310.03
p2_W_E.12,1973.0,26.4,7.0,2,299.72
p2_E1_W1.28,1968.0,32.14,13.0,2,322.26
p2_E1_W1.30,1980.0,20.51,7.0,1,275.15
p2_W_E.11,1959.0,33.38,17.0,1,311.98
p2_N2_E2.3,1983.0,20.08,0.0,0,301.28
p2_E1_S1.2,1923.0,30.44,11.0,2,407.37
p2_N1_S1.8,1960.0,36.93,17.0,2,319.04
p2_E1_W1.27,1962.0,36.6,17.0,2,313.85
p2_S2_W2.3,1983.0,22.44,1.0,1,318.79
p2_E1_W1.29,1974.0,21.59,7.0,1,273.45
p2_N2_S2.9,1980.0,13.0,1.0,1,269.22
p2_S2_N2.9,1980.0,28.79,8.0,2,324.99
p2_S3_N3.9,1980.0,28.4,11.0,2,309.97
p2_W2_N2.3,1980.0,25.61,6.0,1,313.37
p2_N3_S3.9,1980.0,29.87,12.0,2,308.92
p2_E_W.30,1980.0,20.84,7.0,1,275.66
p2_N3_E1.4,2043.0,13.47,3.0,1,182.62
p2_W3_N1.3,1980.0,35.0,16.0,2,301.88
p2_E3_W3.34,2004.0,9.64,0.0,0,254.08
p2_W1_E1.13,1988.0,29.28,16.0,1,291.24
p2_E3_W3.32,1992.0,23.26,7.0,1,308.5
p2_E_W.32,1992.0,24.89,12.0,1,279.58
p2_S1_N1.10,2000.0,17.95,5.0,1,279.25
p2_E_W.31,1986.0,24.11,11.0,1,277.71
p2_W3_E3.13,1988.0,23.59,2.0,1,302.7
p2_W3_E3.14,2002.0,17.72,2.0,1,294.95
p2_E_W.34,2004.0,16.0,1.0,1,275.58
p2_S3_W3.3,1983.0,24.3,6.0,2,298.83
p2_E3_W3.35,2010.0,12.43,0.0,0,265.5
p2_E_W.33,1998.0,17.64,3.0,1,273.05
p2_W1_E1.14,2002.0,15.66,2.0,1,267.23
p2_W1_E1.15,2016.0,7.84,0.0,0,249.14
p2_E_W.36,2016.0,8.53,0.0,0,246.49
p2_E3_S3.4,2043.0,23.7,11.0,2,197.82
p2_E2_S2.3,1983.0,33.82,11.0,2,338.06
p2_E3_W3.33,1998.0,14.35,0.0,0,271.67
p2_W_E.15,2016.0,11.57,0.0,0,271.65
p2_E_W.35,2010.0,8.26,0.0,0,242.02
p2_E3_W3.31,1986.0,22.25,6.0,1,290.51
p2_W_E.13,1988.0,37.03,18.0,2,322.73
p2_N2_S2.11,2020.0,10.5,0.0,0,252.42
p2_N1_S1.10,2000.0,30.18,12.0,2,306.14
p2_E1_W1.34,2004.0,27.1,10.0,1,295.11
p2_E1_W1.32,1992.0,33.99,14.0,2,316.85
p2_N2_S2.10,2000.0,32.21,13.0,2,317.74
p2_E1_W1.35,2010.0,22.94,8.0,1,278.03
p2_W1_N3.3,1980.0,53.55,34.0,2,340.58
p2_E1_W1.33,1998.0,36.79,9.0,2,322.62
p2_E1_W1.31,1986.0,35.68,17.0,2,320.15
p2_N3_S3.11,2020.0,18.37,5.0,1,278.43
p2_S3_N3.11,2020.0,18.58,5.0,1,288.27
p2_S2_N2.10,2000.0,28.61,8.0,2,319.39
p2_N1_S1.9,1980.0,23.95,5.0,1,302.99
p2_S3_N3.10,2000.0,34.4,15.0,2,308.03
p2_E3_W3.38,2028.0,13.74,0.0,0,267.26
p2_E_W.39,2034.0,8.62,0.0,0,255.21
p2_E3_W3.37,2022.0,23.29,5.0,1,302.41
p2_E3_W3.36,2016.0,27.63,9.0,2,315.99
p2_W1_E1.16,2031.0,14.98,0.0,0,269.99
p2_N3_S3.10,2000.0,29.67,11.0,2,306.23
p2_E3_W3.39,2034.0,13.72,0.0,0,265.81
p2_E_W.40,2040.0,8.44,0.0,0,253.92
p2_W3_E3.15,2016.0,34.85,11.0,3,339.79
p2_E_W.37,2022.0,20.75,7.0,1,280.42
p2_W3_E3.16,2031.0,16.48,3.0,1,274.01
p2_W1_E1.17,2045.0,8.31,0.0,0,240.15
p2_W1_N3.4,2040.0,13.79,0.0,0,268.62
p2_E_W.41,2046.0,8.31,0.0,0,238.83
p2_E1_W1.39,2034.0,23.25,9.0,1,291.97
p2_E1_S1.3,1983.0,31.37,11.0,2,388.78
p2_W_E.16,2031.0,24.91,9.0,1,300.96
p2_E1_W1.37,2022.0,29.34,9.0,2,310.51
p2_N1_S1.12,2040.0,20.49,6.0,1,280.43
p2_W_E.14,2002.0,38.73,17.0,3,328.12
p2_N1_S1.11,2020.0,25.15,11.0,1,287.83
p2_E1_W1.38,2028.0,13.83,0.0,0,272.92
p2_S3_N3.12,2040.0,20.71,7.0,1,276.56
p2_E1_W1.36,2016.0,24.12,5.0,2,306.06
p2_E_W.38,2028.0,11.55,0.0,0,267.16
p2_W2_N2.4,2040.0,27.1,5.0,2,330.91
p2_S2_W2.4,2043.0,25.39,7.0,1,308.3
p2_S2_N2.12,2040.0,15.83,1.0,1,274.56
p2_N1_E3.3,1983.0,34.36,8.0,3,421.39
p2_N2_S2.12,2040.0,14.04,0.0,0,268.32
p2_S1_N1.11,2020.0,54.14,30.0,3,361.37
p2_E3_W3.40,2040.0,31.88,12.0,2,314.16
p2_N3_S3.12,2040.0,16.11,2.0,1,283.83
p2_S3_W3.4,2043.0,30.24,7.0,3,330.72
p2_W1_E1.18,2060.0,15.65,2.0,1,275.18
p2_E3_W3.43,2058.0,14.44,0.0,0,272.59
p2_S2_N2.11,2020.0,28.19,9.0,2,303.99
p2_E3_W3.41,2046.0,23.59,5.0,1,289.95
p2_E_W.42,2052.0,26.49,9.0,1,308.61
p2_E3_W3.42,2052.0,26.33,3.0,2,319.67
p2_E_W.43,2058.0,20.54,4.0,1,291.62
p2_S1_W1.4,2043.0,26.55,12.0,2,299.63
p2_S1_N1.12,2040.0,24.57,9.0,1,293.55
p2_E2_S2.4,2043.0,36.39,19.0,2,333.96
p2_W3_E3.17,2045.0,35.07,11.0,2,340.45
p2_W3_E3.18,2060.0,19.35,8.0,1,276.36
p2_E_W.44,2064.0,16.82,0.0,0,281.35
p2_E_W.45,2070.0,10.65,0.0,0,257.27
p2_W1_E1.19,2074.0,8.56,0.0,0,241.7
p2_W_E.18,2060.0,22.27,3.0,2,306.12
p2_E1_W1.40,2040.0,42.93,19.0,3,347.08
p2_W_E.17,2045.0,41.69,20.0,2,338.24
p2_N2_S2.13,2060.0,26.9,10.0,1,300.69
p2_E3_S3.5,2103.0,20.57,10.0,2,188.82
p2_N2_E2.4,2043.0,30.83,11.0,2,317.42
p2_E1_W1.41,2046.0,37.1,11.0,3,336.28
p2_N1_S1.13,2060.0,28.33,15.0,1,283.99
p2_N1_S1.14,2080.0,8.76,0.0,0,245.07
p2_E1_W1.44,2064.0,25.95,4.0,1,311.14
p2_E1_W1.42,2052.0,37.7,7.0,2,341.12
p2_E1_W1.43,2058.0,23.2,4.0,1,299.65
p2_N3_S3.13,2060.0,34.23,13.0,2,328.81
p2_S3_N3.14,2080.0,14.83,0.0,0,266.62
p2_S2_N2.13,2060.0,35.7,11.0,3,333.19
p2_S3_N3.13,2060.0,32.07,14.0,2,320.84
p2_E3_W3.45,2070.0,25.63,13.0,1,282.57
p2_N3_E1.5,2103.0,24.24,13.0,1,190.92
p2_W3_N1.4,2040.0,61.43,32.0,4,378.71
p2_E3_W3.46,2076.0,23.53,7.0,1,289.61
p2_E_W.46,2076.0,27.75,15.0,1,290.29
p2_E3_W3.47,2082.0,22.67,2.0,2,297.54
p2_S1_N1.13,2060.0,31.89,9.0,2,322.04
p2_W1_E1.20,2088.0,13.11,0.0,0,268.28
p2_E3_W3.49,2094.0,12.31,0.0,0,269.26
p2_E3_W3.44,2064.0,28.58,14.0,1,292.22
p2_E_W.48,2088.0,16.54,2.0,1,268.89
p2_E_W.50,2100.0,7.37,0.0,0,244.33
p2_E_W.47,2082.0,21.13,7.0,1,281.49
p2_W3_E3.19,2074.0,36.92,12.0,3,340.38
p2_W1_E1.21,2103.0,7.82,0.0,0,238.86
p2_W3_E3.20,2088.0,19.1,7.0,1,276.34
p2_E_W.49,2094.0,17.73,0.0,0,290.68
p2_W_E.19,2074.0,39.65,14.0,3,334.9
p2_E1_W1.47,2082.0,32.38,14.0,2,329.93
p2_E1_W1.48,2088.0,26.73,1.0,1,310.36
p2_W1_N3.5,2100.0,15.43,3.0,1,268.3
p2_N1_S1.15,2100.0,18.56,6.0,1,274.19
p2_N2_S2.15,2100.0,17.99,0.0,0,297.11
p2_W_E.20,2088.0,16.72,1.0,1,267.9
p2_N2_E2.5,2103.0,17.86,1.0,1,286.52
p2_E1_W1.45,2070.0,31.47,7.0,3,315.82
p2_E1_W1.46,2076.0,27.0,2.0,1,312.6
p2_N3_S3.15,2100.0,23.45,10.0,1,291.15
p2_E3_W3.48,2088.0,35.98,15.0,1,323.77
p2_S2_N2.15,2100.0,20.49,2.0,1,290.84
p2_S2_N2.14,2080.0,38.77,16.0,3,336.91
p2_W_E.22,2117.0,9.96,0.0,0,256.34
p2_S3_N3.15,2100.0,19.23,7.0,1,271.71
p2_N3_E1.6,2163.0,7.84,0.0,0,171.34
p2_N3_S3.14,2080.0,37.49,18.0,2,309.88
p2_E1_S1.4,2043.0,44.19,15.0,3,451.29
p2_S2_W2.5,2103.0,27.13,6.0,2,323.58
p2_N2_S2.14,2080.0,28.45,12.0,1,286.13
p2_E_W.51,2106.0,25.38,10.0,1,298.81
p2_S1_N1.14,2080.0,53.12,29.0,3,363.91
p2_E_W.52,2112.0,20.65,5.0,1,287.35
p2_E3_W3.52,2112.0,20.77,3.0,1,298.27
p2_S1_N1.15,2100.0,32.87,13.0,2,311.49
p2_E3_W3.54,2124.0,11.04,0.0,0,259.84
p2_S1_W1.5,2103.0,32.25,12.0,2,319.12
p2_S3_W3.5,2103.0,11.17,0.0,0,256.82
p2_E_W.54,2124.0,11.98,0.0,0,265.52
p2_W3_E3.21,2103.0,34.33,14.0,2,341.94
p2_E3_W3.51,2106.0,25.68,6.0,1,288.9
p2_W3_E3.22,2117.0,20.48,7.0,1,279.49
p2_E_W.53,2118.0,19.08,0.0,0,287.5
p2_W1_E1.22,2117.0,12.7,0.0,0,277.49
p2_E_W.55,2130.0,7.68,0.0,0,244.97
p2_W1_E1.23,2132.0,7.64,0.0,0,241.68
p2_W3_N1.5,2100.0,41.77,23.0,3,333.97
p2_E3_S3.6,2163.0,21.21,9.0,2,196.6
p2_N2_S2.16,2120.0,25.47,8.0,1,313.76
p2_E3_W3.50,2100.0,19.88,7.0,1,279.72
p2_N2_S2.17,2140.0,8.23,0.0,0,238.69
p2_S1_N1.16,2120.0,16.06,2.0,1,263.51
p2_N1_S1.17,2140.0,8.73,0.0,0,241.52
p2_E2_S2.5,2103.0,36.69,16.0,2,334.29
p2_W_E.21,2103.0,35.47,13.0,2,330.82
p2_E1_W1.50,2100.0,50.3,27.0,3,360.16
p2_N1_E3.4,2043.0,67.81,35.0,5,502.28
p2_E1_W1.49,2094.0,54.37,29.0,3,364.43
p2_E1_W1.51,2106.0,48.79,22.0,3,379.92
p2_N1_S1.16,2120.0,24.16,12.0,1,288.84
p2_E1_W1.53,2118.0,38.17,15.0,2,333.35
p2_S2_N2.16,2120.0,33.26,14.0,2,334.61
p2_S3_N3.17,2140.0,17.0,4.0,1,278.9
p2_S3_N3.16,2120.0,37.95,16.0,2,318.18
p2_E_W.56,2136.0,22.51,10.0,1,275.23
p2_E3_W3.58,2148.0,10.04,0.0,0,264.21
p2_W2_N2.5,2100.0,41.74,16.0,3,329.25
p2_E_W.58,2148.0,12.42,0.0,0,268.96
p2_E1_W1.54,2124.0,35.64,15.0,2,318.54
p2_N3_S3.16,2120.0,32.05,15.0,1,319.44
p2_E1_W1.57,2142.0,20.9,5.0,1,294.12
p2_E3_W3.59,2154.0,10.58,0.0,0,263.65
p2_E1_W1.52,2112.0,26.91,8.0,1,301.98
p2_E3_W3.57,2142.0,15.97,0.0,0,275.41
p2_W1_E1.24,2146.0,20.26,1.0,1,295.74
p2_E1_W1.58,2148.0,15.38,0.0,0,270.4
p2_E1_W1.56,2136.0,30.73,7.0,1,308.15
p2_E_W.57,2142.0,15.21,1.0,1,273.24
p2_W3_E3.23,2132.0,31.46,7.0,2,322.46
p2_E3_W3.56,2136.0,25.35,4.0,1,298.45
p2_E_W.60,2160.0,7.63,0.0,0,245.19
p2_W1_E1.25,2160.0,8.61,0.0,0,252.61
p2_E_W.59,2154.0,8.65,0.0,0,246.45
p2_E3_W3.53,2118.0,25.51,10.0,1,286.35
p2_W_E.23,2132.0,39.06,14.0,3,337.53
p2_E1_W1.55,2130.0,21.26,0.0,0,291.77
p2_S1_N1.17,2140.0,24.4,5.0,2,311.18
p2_W1_N3.6,2163.0,12.13,1.0,1,274.33
p2_E2_S2.6,2163.0,12.3,0.0,0,281.58
p2_W_E.24,2146.0,18.5,6.0,1,273.32
p2_E3_W3.55,2130.0,19.39,5.0,1,289.36
p2_S2_N2.17,2140.0,42.69,19.0,2,348.77
p2_S2_N2.18,2160.0,23.94,4.0,1,303.44
p2_N2_S2.18,2160.0,9.29,0.0,0,247.5
p2_N1_E3.5,2103.0,41.48,9.0,3,456.22
p2_S2_W2.6,2163.0,17.18,2.0,1,302.76
p2_N3_S3.17,2140.0,37.08,19.0,2,315.19
p2_N2_E2.6,2163.0,26.72,11.0,1,311.89
p2_N3_E1.7,2223.0,11.06,0.0,0,172.82
p2_S3_N3.18,2160.0,15.64,1.0,1,273.33
p2_E1_W1.59,2154.0,38.99,20.0,2,318.44
p2_E1_W1.60,2160.0,33.05,15.0,2,319.43
p2_E1_W1.61,2166.0,29.1,8.0,2,306.77
p2_E_W.62,2172.0,20.92,7.0,1,285.18
p2_E_W.64,2184.0,11.25,0.0,0,261.99
p2_S3_W3.6,2163.0,32.54,10.0,2,335.63
p2_W1_E1.27,2189.0,7.31,0.0,0,246.75
p2_W3_E3.24,2146.0,51.52,27.0,3,353.67
p2_W3_E3.25,2160.0,37.92,14.0,2,335.14
p2_E3_W3.60,2160.0,38.3,16.0,2,332.71
p2_N3_S3.18,2160.0,14.54,0.0,0,275.89
p2_W_E.25,2160.0,39.49,16.0,3,336.98
p2_E1_W1.62,2172.0,22.33,4.0,1,300.98
p2_W1_E1.26,2175.0,22.11,8.0,1,281.22
p2_W_E.26,2175.0,24.3,6.0,2,297.82
p2_W3_E3.26,2175.0,24.52,7.0,1,299.93
p2_E3_W3.62,2172.0,24.93,5.0,2,295.57
p2_E_W.63,2178.0,15.63,2.0,1,276.87
p2_E1_S1.5,2103.0,55.24,18.0,5,487.03
p2_E3_W3.61,2166.0,37.69,12.0,3,343.55
p2_N2_S2.19,2180.0,24.56,9.0,1,313.54
p2_E3_S3.7,2223.0,23.85,8.0,2,193.16
p2_S1_N1.18,2160.0,41.74,19.0,2,332.32
p2_W2_N2.6,2163.0,40.22,14.0,4,345.77
p2_W3_N1.6,2163.0,41.4,16.0,2,346.38
p2_E_W.61,2166.0,23.75,9.0,1,281.19
p2_S1_N1.19,2180.0,19.35,1.0,1,298.87
p2_N1_S1.18,2160.0,50.15,24.0,3,359.48
p2_S2_N2.19,2180.0,28.61,9.0,1,326.99
p2_S3_N3.19,2180.0,29.41,10.0,2,306.81
p2_N2_S2.20,2200.0,8.29,0.0,0,240.69
p2_N1_S1.19,2180.0,30.76,10.0,2,307.6
p2_N3_S3.19,2180.0,26.68,10.0,2,297.45
p2_S1_W1.6,2163.0,36.78,14.0,3,330.34
p2_E_W.66,2196.0,22.91,9.0,1,287.46
p2_W1_E1.28,2204.0,15.47,2.0,1,272.28
p2_E_W.68,2208.0,12.32,0.0,0,260.02
p2_E1_W1.66,2196.0,21.23,2.0,2,303.77
p2_E_W.67,2202.0,20.59,5.0,1,274.98
p2_E1_W1.63,2178.0,27.62,11.0,1,296.61
p2_E3_W3.65,2190.0,30.0,11.0,2,325.56
p2_E1_W1.64,2184.0,41.42,15.0,1,319.67
p2_E1_W1.67,2202.0,16.52,0.0,0,277.41
p2_E3_W3.63,2178.0,37.11,15.0,3,309.06
p2_W_E.27,2189.0,37.48,12.0,3,330.2
p2_W3_E3.27,2189.0,27.07,3.0,1,318.46
p2_E3_W3.67,2202.0,20.0,3.0,1,304.05
p2_W3_E3.28,2204.0,12.56,0.0,0,267.93
p2_E3_W3.64,2184.0,43.49,18.0,2,352.91
p2_E1_W1.65,2190.0,37.03,12.0,2,334.93
p2_W_E.28,2204.0,22.88,4.0,1,295.31
p2_E1_W1.68,2208.0,14.91,0.0,0,283.96
p2_E_W.69,2214.0,8.57,0.0,0,242.38
p2_E3_W3.66,2196.0,33.26,9.0,2,340.67
p2_E3_W3.68,2208.0,13.63,0.0,0,270.3
p2_S1_N1.20,2200.0,29.86,11.0,2,317.33
p2_E_W.65,2190.0,25.55,11.0,1,283.2
p2_S2_N2.21,2220.0,13.83,0.0,0,286.85
p2_S2_N2.20,2200.0,29.83,11.0,2,315.96
p2_N2_E2.7,2223.0,11.76,0.0,0,271.69
p2_S3_N3.20,2200.0,36.57,18.0,2,320.78
p2_S3_N3.21,2220.0,16.01,3.0,1,278.39
p2_S1_W1.7,2223.0,12.32,0.0,0,267.99
p2_N1_S1.20,2200.0,31.35,10.0,2,329.33
p2_N3_S3.20,2200.0,33.67,15.0,2,322.93
p2_N2_S2.21,2220.0,9.45,0.0,0,244.11
p2_N1_E3.6,2163.0,35.92,9.0,3,440.55
p2_E1_W1.71,2226.0,17.13,2.0,1,275.42
p2_E1_W1.69,2214.0,29.91,14.0,1,313.18
p2_S2_W2.7,2223.0,22.97,3.0,1,302.13
p2_E1_W1.72,2232.0,14.21,0.0,0,280.33
p2_W1_E1.29,2218.0,31.03,11.0,2,325.0
p2_E1_W1.70,2220.0,21.88,6.0,1,292.02
p2_E_W.71,2226.0,23.97,5.0,1,288.41
p2_N3_S3.21,2220.0,9.46,0.0,0,257.4
p2_W1_E1.30,2232.0,19.01,0.0,0,289.92
p2_E_W.72,2232.0,19.87,1.0,1,297.52
p2_S3_W3.7,2223.0,29.97,12.0,2,318.04
p2_W3_E3.29,2218.0,35.74,18.0,2,322.59
p2_E3_W3.70,2220.0,31.73,9.0,2,309.65
p2_E_W.74,2244.0,9.98,0.0,0,260.69
p2_E3_W3.69,2214.0,41.58,23.0,2,328.21
p2_W3_N1.7,2221.0,33.99,15.0,2,319.82
p2_E_W.70,2220.0,22.4,7.0,1,274.68
p2_W3_E3.30,2232.0,15.72,0.0,0,277.3
p2_E3_W3.72,2232.0,24.33,3.0,2,303.17
p2_S1_N1.22,2240.0,16.1,1.0,1,286.95
p2_W_E.30,2232.0,25.32,8.0,2,303.48
p2_E1_S1.6,2163.0,51.67,17.0,4,476.96
p2_W_E.29,2218.0,40.19,15.0,3,340.06
p2_E_W.73,2238.0,8.98,0.0,0,253.41
p2_E3_S3.8,2283.0,15.32,1.0,1,179.66
p2_N2_S2.22,2240.0,19.29,1.0,1,302.19
p2_W1_N3.7,2221.0,27.8,10.0,2,305.05
p2_E2_S2.7,2223.0,33.18,11.0,2,338.1
p2_E3_W3.71,2226.0,22.32,2.0,2,290.04
p2_N3_E1.8,2283.0,21.21,10.0,1,192.62
p2_N1_S1.22,2240.0,25.75,7.0,1,315.67
p2_S2_N2.22,2240.0,26.43,4.0,2,319.41
p2_N1_S1.21,2220.0,41.15,21.0,2,329.57
p2_N3_S3.22,2240.0,27.12,7.0,1,301.34
p2_S3_N3.22,2240.0,25.28,7.0,2,296.34
p2_S1_N1.21,2220.0,24.54,10.0,1,294.22
p2_W2_N2.7,2221.0,34.75,13.0,2,325.03
p2_E_W.76,2256.0,17.93,2.0,1,281.65
p2_W1_E1.31,2247.0,28.85,9.0,2,310.5
p2_E_W.75,2250.0,26.16,8.0,1,305.79
p2_E1_W1.73,2238.0,38.6,19.0,2,325.66
p2_E_W.78,2268.0,8.98,0.0,0,251.84
p2_E1_W1.75,2250.0,28.36,5.0,2,309.97
p2_W1_E1.32,2261.0,17.08,4.0,1,275.63
p2_E_W.77,2262.0,15.95,0.0,0,287.77
p2_E1_W1.74,2244.0,32.08,12.0,2,310.28
p2_E3_W3.74,2244.0,31.84,12.0,2,308.07
p2_W3_E3.31,2247.0,33.05,12.0,2,318.9
p2_E1_W1.76,2256.0,24.37,2.0,1,308.84
p2_W3_E3.32,2261.0,18.61,6.0,1,280.12
p2_E3_W3.73,2238.0,38.4,14.0,2,339.09
p2_E3_W3.76,2256.0,26.29,4.0,2,330.47
p2_W_E.31,2247.0,37.46,12.0,3,333.91
p2_E3_W3.78,2268.0,16.07,2.0,1,287.61
p2_E3_W3.75,2250.0,22.64,4.0,2,286.04
p2_W_E.32,2261.0,20.49,8.0,1,284.13
p2_E3_W3.77,2262.0,24.87,0.0,0,283.76
p2_S1_N1.24,2280.0,8.08,0.0,0,250.62
p2_N2_S2.24,2280.0,7.8,0.0,0,240.46
p2_N2_S2.23,2260.0,24.3,6.0,1,313.1
p2_S1_N1.23,2260.0,23.62,6.0,1,296.92
p2_N1_S1.23,2260.0,31.8,8.0,3,329.97
p2_S2_N2.23,2260.0,32.1,10.0,3,336.3
p2_N3_S3.23,2260.0,33.53,13.0,2,312.77
p2_N3_S3.24,2280.0,13.17,0.0,0,268.06
p2_S1_W1.8,2283.0,10.06,0.0,0,258.33
p2_N2_E2.8,2283.0,9.52,0.0,0,252.75
p2_S3_N3.23,2260.0,29.53,12.0,2,315.38
p2_E_W.79,2274.0,26.55,12.0,1,281.3
p2_E1_W1.80,2280.0,22.3,4.0,1,307.63
p2_W1_E1.33,2276.0,26.65,8.0,1,302.0
p2_E_W.80,2280.0,22.24,10.0,1,280.26
p2_S3_W3.8,2283.0,20.23,5.0,1,309.88
p2_E1_W1.81,2286.0,17.84,0.0,0,298.47
p2_E1_W1.78,2268.0,31.43,13.0,2,313.98
p2_E1_W1.79,2274.0,32.42,10.0,1,315.06
p2_E3_W3.79,2274.0,31.66,12.0,1,318.58
p2_E_W.82,2292.0,14.17,0.0,0,281.58
p2_E_W.81,2286.0,19.99,5.0,1,287.21
p2_W3_E3.34,2290.0,14.18,0.0,0,279.15
p2_W3_E3.33,2276.0,20.79,7.0,1,283.97
p2_E_W.83,2298.0,9.15,0.0,0,246.11
p2_E3_W3.80,2280.0,18.96,3.0,1,287.23
p2_E3_W3.81,2286.0,15.5,0.0,0,274.82
p2_E3_S3.9,2343.0,8.95,0.0,0,174.06
p2_W1_N3.8,2280.0,32.54,14.0,2,312.91
p2_N2_S2.25,2300.0,15.39,0.0,0,296.49
p2_N3_E1.9,2343.0,15.0,3.0,1,185.02
p2_S2_N2.24,2280.0,36.21,17.0,2,329.14
p2_E2_S2.8,2283.0,34.32,11.0,2,330.18
p2_N1_S1.25,2300.0,17.92,3.0,1,290.11
p2_S2_N2.25,2300.0,18.25,4.0,1,283.98
p2_N1_S1.24,2280.0,39.07,13.0,2,345.48
p2_S1_N1.25,2300.0,19.41,3.0,1,298.14
p2_W3_N1.8,2280.0,39.91,14.0,3,352.05
p2_W_E.34,2290.0,29.83,11.0,1,309.38
p2_E1_W1.77,2262.0,30.07,12.0,1,297.42
p2_W2_N2.8,2280.0,31.68,11.0,2,317.15
p2_W_E.33,2276.0,33.81,13.0,2,332.16
p2_N1_E3.7,2223.0,58.41,31.0,3,481.83
p2_N3_S3.25,2300.0,25.98,13.0,1,289.73
p2_S3_N3.25,2300.0,24.93,10.0,1,297.73
p2_W_E.36,2319.0,8.49,0.0,0,241.03
p2_W_E.35,2304.0,24.69,6.0,2,303.95
p2_S2_W2.8,2283.0,47.52,20.0,4,357.65
p2_E1_W1.83,2298.0,33.46,13.0,2,342.49
p2_E3_W3.86,2316.0,14.95,0.0,0,276.07
p2_W1_E1.35,2304.0,25.06,6.0,1,310.69
p2_E1_W1.85,2310.0,22.89,0.0,0,314.4
p2_E_W.85,2310.0,20.77,4.0,1,284.84
p2_E3_W3.85,2310.0,22.74,3.0,1,309.87
p2_E1_W1.86,2316.0,18.48,0.0,0,304.09
p2_W1_E1.36,2319.0,15.14,0.0,0,281.11
p2_E3_W3.82,2292.0,26.02,11.0,1,302.83
p2_E1_W1.84,2304.0,31.4,5.0,1,327.63
p2_E3_W3.87,2322.0,9.09,0.0,0,244.71
p2_E3_W3.84,2304.0,33.02,9.0,1,317.57
p2_W1_E1.34,2290.0,37.46,17.0,2,333.85
p2_E_W.84,2304.0,24.18,10.0,1,275.94
p2_W3_E3.36,2319.0,18.92,4.0,1,280.18
p2_E_W.87,2322.0,10.97,0.0,0,261.16
p2_E3_W3.83,2298.0,28.7,10.0,1,309.14
p2_E1_W1.82,2292.0,27.44,10.0,1,296.49
p2_W3_E3.35,2304.0,26.83,7.0,2,307.48
p2_E_W.86,2316.0,13.28,0.0,0,256.86
p2_S2_N2.26,2320.0,22.74,3.0,2,294.82
p2_N2_S2.26,2320.0,22.79,4.0,1,314.73
p2_S1_N1.26,2320.0,26.32,9.0,2,314.46
p2_N1_S1.26,2320.0,27.11,4.0,2,325.79
p2_E1_S1.7,2223.0,71.45,34.0,5,517.94
p2_W_E.37,2333.0,22.37,3.0,2,296.28
p2_S3_N3.24,2280.0,45.14,20.0,3,340.66
p2_N3_S3.26,2320.0,24.15,9.0,1,290.75
p2_W_E.38,2348.0,9.43,0.0,0,254.45
p2_E_W.89,2334.0,24.46,7.0,1,300.15
p2_E1_W1.88,2328.0,31.45,9.0,2,341.76
p2_E_W.88,2328.0,24.8,12.0,1,298.88
p2_E1_W1.87,2322.0,34.49,11.0,1,338.94
p2_W1_E1.37,2333.0,20.36,0.0,0,305.51
p2_E1_W1.89,2334.0,27.36,2.0,1,323.57
p2_N3_S3.27,2340.0,21.18,8.0,1,288.64
p2_E3_W3.88,2328.0,33.81,15.0,2,337.55
p2_E3_W3.89,2334.0,26.42,6.0,2,297.91
p2_W1_E1.38,2348.0,9.5,0.0,0,258.38
p2_E1_W1.90,2340.0,17.2,0.0,0,274.65
p2_E1_W1.91,2346.0,16.97,0.0,0,293.83
p2_E3_W3.91,2346.0,17.39,2.0,1,296.72
p2_E3_W3.90,2340.0,23.64,4.0,1,313.8
p2_E3_W3.92,2352.0,13.96,0.0,0,269.9
p2_S2_N2.27,2340.0,22.33,6.0,1,297.8
p2_W1_N3.9,2340.0,31.37,11.0,2,315.79
p2_S2_N2.28,2360.0,9.2,0.0,0,245.45
p2_W3_E3.37,2333.0,40.82,20.0,2,342.94
p2_E1_S1.8,2283.0,48.8,15.0,3,474.47
p2_N2_S2.27,2340.0,36.29,11.0,2,331.05
p2_N2_S2.28,2360.0,15.68,1.0,1,270.96
p2_S3_N3.27,2340.0,26.53,12.0,1,289.52
p2_S1_W1.9,2343.0,27.75,6.0,1,318.97
p2_W2_N2.9,2340.0,14.5,0.0,0,283.6
p2_W3_N1.9,2340.0,22.16,4.0,2,292.56
p2_E3_S3.10,2403.0,14.66,1.0,1,185.47
p2_S1_N1.28,2360.0,15.45,0.0,0,273.53
p2_N1_S1.27,2340.0,33.53,14.0,2,319.9
p2_S1_N1.27,2340.0,38.94,12.0,2,352.77
p2_S3_N3.26,2320.0,46.81,23.0,3,357.0
p2_N1_S1.28,2360.0,20.21,1.0,1,298.61
p2_N3_E1.10,2403.0,20.55,4.0,1,192.08
p2_N2_E2.9,2343.0,40.95,16.0,3,341.91
p2_E_W.91,2346.0,37.63,12.0,2,314.26
p2_W_E.39,2362.0,22.15,1.0,1,308.66
p2_E1_W1.93,2358.0,27.34,8.0,2,304.15
p2_E_W.94,2364.0,20.63,6.0,1,274.31
p2_E1_W1.92,2352.0,33.97,15.0,2,318.62
p2_E_W.95,2370.0,17.32,3.0,1,275.36
p2_E1_W1.96,2376.0,11.12,0.0,0,270.01
p2_W_E.40,2376.0,8.0,0.0,0,250.97
p2_E1_W1.94,2364.0,23.68,4.0,2,303.92
p2_W1_E1.40,2376.0,12.07,0.0,0,268.53
p2_W1_E1.39,2362.0,26.51,6.0,2,307.77
p2_S2_W2.9,2343.0,32.48,9.0,3,321.94
p2_N3_S3.28,2360.0,27.6,14.0,1,282.38
p2_E_W.90,2340.0,37.61,15.0,2,334.64
p2_E3_W3.93,2358.0,31.77,12.0,2,307.75
p2_E3_W3.95,2370.0,22.83,4.0,1,300.27
p2_N3_S3.29,2380.0,8.25,0.0,0,252.95
p2_E3_W3.96,2376.0,15.74,0.0,0,274.64
p2_N1_E3.8,2283.0,68.0,30.0,4,506.76
p2_E3_W3.97,2382.0,15.03,0.0,0,277.67
p2_S3_W3.9,2343.0,40.18,15.0,3,332.0
p2_S1_N1.29,2380.0,18.14,0.0,0,283.96
p2_S2_N2.29,2380.0,17.0,0.0,0,304.72
p2_E3_W3.94,2364.0,16.47,0.0,0,273.43
p2_N1_S1.29,2380.0,26.32,5.0,1,338.26
p2_S3_N3.29,2380.0,15.09,2.0,1,268.4
p2_S3_N3.28,2360.0,22.14,6.0,1,295.59
p2_W3_E3.38,2348.0,39.45,22.0,2,317.52
p2_E_W.93,2358.0,51.7,24.0,3,366.14
p2_W3_E3.39,2362.0,25.28,10.0,1,290.89
p2_W3_E3.40,2376.0,27.69,9.0,1,291.78
p2_E1_W1.98,2388.0,23.28,4.0,2,303.28
p2_E1_W1.99,2394.0,16.76,0.0,0,292.2
p2_E_W.92,2352.0,52.65,30.0,3,358.7
p2_E_W.96,2376.0,35.92,12.0,2,337.62
p2_E_W.98,2388.0,25.57,2.0,2,315.69
p2_W3_E3.41,2391.0,21.9,1.0,1,291.5
p2_E1_W1.100,2400.0,12.75,0.0,0,275.25
p2_E_W.97,2382.0,32.5,11.0,2,313.28
p2_W3_E3.42,2405.0,8.51,0.0,0,247.15
p2_E2_S2.9,2343.0,68.01,42.0,4,395.63
p2_E1_W1.97,2382.0,32.72,10.0,1,335.88
p2_W1_E1.41,2391.0,21.65,3.0,1,299.74
p2_E_W.100,2400.0,15.35,0.0,0,285.82
p2_N2_S2.29,2380.0,28.75,15.0,1,294.35
p2_E_W.99,2394.0,22.5,3.0,1,298.04
p2_E1_W1.101,2406.0,10.49,0.0,0,249.86
p2_S3_W3.10,2403.0,14.82,0.0,0,291.76
p2_E3_W3.98,2388.0,31.0,17.0,1,284.94
p2_N2_S2.30,2400.0,17.14,1.0,1,277.08
p2_E1_W1.95,2370.0,26.28,9.0,1,289.08
p2_W_E.41,2391.0,29.84,10.0,1,316.82
p2_E3_W3.100,2400.0,20.75,7.0,1,274.87
p2_N2_E2.10,2403.0,17.21,0.0,0,301.01
p2_W3_N1.10,2400.0,22.63,3.0,2,312.17
p2_E3_W3.101,2406.0,17.13,2.0,1,270.17
p2_S1_N1.30,2400.0,24.67,7.0,1,307.72
p2_W2_N2.10,2400.0,24.37,5.0,2,307.11
p2_E3_W3.99,2394.0,22.75,8.0,1,279.73
p2_E3_W3.102,2412.0,10.65,0.0,0,261.85
p2_S2_N2.31,2420.0,8.18,0.0,0,249.08
p2_N3_S3.30,2400.0,27.94,10.0,2,301.5
p2_S1_W1.10,2403.0,20.97,4.0,1,300.2
p2_W1_E1.43,2420.0,12.97,0.0,0,259.36
p2_N1_S1.30,2400.0,27.0,10.0,2,300.56
p2_S2_N2.30,2400.0,15.96,2.0,1,259.78
p2_E_W.101,2406.0,28.92,8.0,1,312.46
p2_E1_W1.102,2412.0,22.02,7.0,1,288.29
p2_E1_W1.103,2418.0,18.33,2.0,1,293.44
p2_N1_E3.9,2343.0,50.36,20.0,4,473.25
p2_S2_W2.10,2403.0,34.3,15.0,2,341.11
p2_E_W.102,2412.0,23.67,6.0,1,290.76
p2_E1_S1.9,2343.0,43.18,14.0,2,443.43
p2_E_W.105,2430.0,9.85,0.0,0,260.44
p2_W1_E1.42,2405.0,21.78,7.0,1,278.07
p2_E3_S3.11,2463.0,21.61,8.0,2,196.99
p2_E1_W1.104,2424.0,10.43,0.0,0,242.97
p2_E2_S2.10,2403.0,30.66,12.0,2,302.15
p2_E1_W1.105,2430.0,7.89,0.0,0,249.73
p2_E_W.106,2436.0,8.01,0.0,0,249.76
p2_E_W.103,2418.0,20.58,0.0,0,288.9
p2_S3_N3.30,2400.0,47.49,27.0,2,335.24
p2_E3_W3.103,2418.0,24.64,12.0,1,277.25
p2_E3_W3.105,2430.0,17.81,4.0,1,273.92
p2_S3_N3.31,2420.0,25.8,8.0,2,302.62
p2_W_E.43,2420.0,29.75,10.0,2,322.21
p2_S1_N1.31,2420.0,24.11,11.0,1,284.0
p2_E3_W3.104,2424.0,26.02,10.0,1,302.87
p2_W3_E3.44,2434.0,14.11,0.0,0,273.92
p2_E3_W3.107,2442.0,7.97,0.0,0,242.95
p2_E3_W3.106,2436.0,15.77,1.0,1,293.22
p2_N3_E1.11,2463.0,32.51,18.0,2,211.79
p2_W_E.42,2405.0,31.29,13.0,2,306.98
p2_S1_N1.32,2440.0,7.71,0.0,0,244.03
p2_E3_W3.108,2448.0,7.95,0.0,0,241.3
p2_W3_E3.43,2420.0,24.16,5.0,2,298.22
p2_W1_E1.44,2434.0,24.37,9.0,1,309.05
p2_S2_N2.32,2440.0,18.91,5.0,1,274.86
p2_N3_S3.32,2440.0,19.53,4.0,1,280.87
p2_W1_E1.45,2448.0,11.61,0.0,0,280.18
p2_E1_W1.106,2436.0,26.05,10.0,1,306.27
p2_E1_W1.107,2442.0,17.24,5.0,1,276.28
p2_E1_W1.109,2454.0,9.44,0.0,0,262.14
p2_N1_S1.32,2440.0,21.41,9.0,1,275.57
p2_E_W.108,2448.0,18.18,4.0,1,272.67
p2_N2_S2.32,2440.0,20.55,8.0,1,289.41
p2_E1_W1.110,2460.0,7.74,0.0,0,240.72
p2_N1_S1.31,2420.0,32.45,12.0,2,307.33
p2_N2_S2.31,2420.0,39.89,17.0,2,339.08
p2_N3_S3.31,2420.0,29.3,12.0,2,304.35
p2_E1_W1.108,2448.0,11.93,0.0,0,265.12
p2_E_W.109,2454.0,19.11,1.0,1,304.14
p2_E_W.110,2460.0,13.78,0.0,0,284.73
p2_E_W.107,2442.0,32.85,12.0,1,326.79
p2_W3_N1.11,2460.0,14.63,2.0,1,268.35
p2_E3_W3.109,2454.0,21.94,9.0,1,281.96
p2_W3_E3.46,2463.0,13.03,0.0,0,262.64
p2_W3_E3.45,2448.0,28.99,10.0,2,312.04
p2_E_W.111,2466.0,10.85,0.0,0,266.25
p2_S1_N1.33,2460.0,19.11,6.0,1,276.34
p2_S3_W3.11,2463.0,15.09,1.0,1,273.97
p2_W1_N3.10,2400.0,47.66,26.0,3,330.36
p2_S1_W1.11,2463.0,16.79,3.0,1,272.35
p2_W_E.44,2434.0,45.68,25.0,3,355.08
p2_W_E.45,2448.0,34.7,16.0,2,328.27
p2_N2_E2.11,2463.0,21.2,5.0,1,301.31
p2_E2_S2.11,2463.0,23.5,6.0,1,324.2
p2_E_W.104,2424.0,24.74,8.0,1,294.76
p2_N1_S1.33,2460.0,29.78,12.0,2,305.81
p2_S2_N2.34,2480.0,10.18,0.0,0,263.1
p2_E1_S1.10,2403.0,48.23,25.0,3,454.36
p2_N2_S2.33,2460.0,28.16,10.0,2,304.86
p2_W1_E1.46,2463.0,29.43,12.0,2,309.92
p2_E1_W1.111,2466.0,26.58,12.0,1,283.35
p2_E_W.113,2478.0,16.7,3.0,1,283.24
p2_E1_W1.112,2472.0,24.1,10.0,1,285.91
p2_N3_S3.33,2460.0,31.0,18.0,1,288.06
p2_S2_W2.11,2463.0,26.26,8.0,1,312.33
p2_W1_E1.47,2477.0,13.57,0.0,0,260.94
p2_E_W.115,2490.0,7.58,0.0,0,243.88
p2_S2_N2.33,2460.0,22.74,9.0,1,285.85
p2_E_W.112,2472.0,27.34,9.0,1,307.02
p2_W3_E3.48,2492.0,9.47,0.0,0,253.18
p2_E3_W3.113,2478.0,21.47,8.0,1,282.61
p2_E_W.116,2496.0,7.85,0.0,0,234.29
p2_E3_W3.111,2466.0,34.95,16.0,2,323.97
p2_E_W.114,2484.0,9.59,0.0,0,249.83
p2_E3_W3.114,2484.0,22.22,6.0,1,294.39
p2_E3_W3.115,2490.0,16.77,1.0,1,272.91
p2_S1_N1.35,2500.0,7.8,0.0,0,235.28
p2_N1_E3.10,2403.0,43.66,18.0,3,424.32
p2_W_E.46,2463.0,45.79,18.0,3,347.96
p2_W_E.47,2477.0,29.43,7.0,2,304.66
p2_S1_N1.34,2480.0,28.64,13.0,1,290.46
p2_S3_N3.32,2440.0,73.58,49.0,3,396.87
p2_E3_S3.12,2523.0,27.24,14.0,2,200.69
p2_S3_N3.33,2460.0,53.4,31.0,2,362.44
p2_W1_N3.11,2460.0,31.75,6.0,3,317.25
p2_N1_S1.34,2480.0,29.13,5.0,2,316.9
p2_W2_N2.11,2460.0,59.01,30.0,4,374.21
p2_E1_W1.113,2478.0,41.33,20.0,2,331.65
p2_N3_S3.35,2500.0,18.67,4.0,1,270.74
p2_S3_N3.35,2500.0,18.74,6.0,1,286.48
p2_S2_N2.35,2500.0,19.7,1.0,1,302.69
p2_N3_S3.34,2480.0,26.25,10.0,1,292.58
p2_N2_S2.35,2500.0,22.48,5.0,2,309.93
p2_E1_W1.114,2484.0,39.19,20.0,2,330.44
p2_E1_W1.117,2502.0,21.31,7.0,1,272.79
p2_N2_S2.34,2480.0,36.39,13.0,3,337.61
p2_E_W.117,2502.0,25.42,11.0,1,285.0
p2_W3_E3.50,2520.0,8.35,0.0,0,249.26
p2_S3_N3.34,2480.0,30.23,12.0,2,304.27
p2_E_W.118,2508.0,18.54,6.0,1,270.75
p2_W3_E3.49,2506.0,24.58,4.0,2,317.43
p2_E_W.119,2514.0,15.9,2.0,1,275.84
p2_W1_E1.49,2506.0,22.83,6.0,2,306.78
p2_E_W.120,2520.0,11.05,0.0,0,277.06
p2_N3_E1.12,2523.0,43.59,30.0,2,223.55
p2_W1_E1.48,2492.0,39.48,11.0,3,350.52
p2_E1_W1.115,2490.0,25.72,11.0,1,292.33
p2_E1_W1.116,2496.0,19.51,6.0,1,277.93
p2_E1_W1.118,2508.0,30.09,10.0,1,306.37
p2_E1_W1.119,2514.0,23.79,3.0,1,286.85
p2_E3_W3.112,2472.0,38.49,18.0,2,323.01
p2_W_E.49,2506.0,33.44,15.0,2,312.17
p2_E1_W1.120,2520.0,19.35,0.0,0,288.56
p2_E3_W3.110,2460.0,45.45,21.0,2,346.53
p2_W_E.48,2492.0,45.02,20.0,3,344.28
p2_E3_W3.119,2514.0,27.14,1.0,1,309.7
p2_W3_E3.47,2477.0,26.29,9.0,1,294.6
p2_E3_W3.117,2502.0,38.32,6.0,2,332.67
p2_E3_W3.120,2520.0,22.89,0.0,0,300.15
p2_S2_N2.36,2520.0,23.18,6.0,1,313.42
p2_E2_S2.12,2523.0,18.01,3.0,1,300.15
p2_E3_W3.116,2496.0,40.0,9.0,2,329.29
p2_E3_W3.118,2508.0,36.72,0.0,0,330.23
p2_S1_N1.36,2520.0,21.89,3.0,2,303.08
p2_S3_W3.12,2523.0,14.06,0.0,0,275.79
p2_N2_E2.12,2523.0,23.01,9.0,2,289.24
p2_N2_S2.36,2520.0,28.24,10.0,2,314.91
p2_N1_E3.11,2463.0,41.83,15.0,3,430.43
p2_S3_N3.36,2520.0,29.16,8.0,2,306.21
p2_N1_S1.35,2500.0,52.04,25.0,3,355.65
p2_S1_W1.12,2523.0,11.29,0.0,0,265.07
p2_N1_S1.36,2520.0,24.19,12.0,1,285.13
p2_E_W.121,2526.0,25.78,13.0,1,283.77
p2_W1_E1.50,2520.0,35.52,14.0,2,336.27
p2_N3_E1.13,2583.0,13.5,4.0,1,181.91
p2_S2_W2.12,2523.0,21.72,2.0,1,309.01
p2_E_W.123,2538.0,17.71,3.0,1,275.89
p2_W3_E3.51,2535.0,23.36,6.0,1,302.2
p2_E_W.122,2532.0,21.07,9.0,1,276.95
p2_W1_E1.51,2535.0,20.36,8.0,1,286.25
p2_N1_S1.37,2540.0,20.32,5.0,1,288.19
p2_E1_W1.121,2526.0,23.56,10.0,1,280.09
p2_E1_W1.122,2532.0,18.04,5.0,1,264.01
p2_E1_S1.11,2463.0,49.93,22.0,3,451.56
p2_E1_W1.123,2538.0,19.55,3.0,1,301.31
p2_E1_W1.124,2544.0,19.13,0.0,0,296.27
p2_E_W.124,2544.0,10.4,0.0,0,256.09
p2_E3_S3.13,2583.0,21.12,8.0,1,191.87
p2_E_W.126,2556.0,7.93,0.0,0,247.87
p2_W3_N1.12,2522.0,44.58,21.0,3,347.96
p2_E3_W3.124,2544.0,26.05,7.0,1,306.76
p2_S2_N2.38,2560.0,9.85,0.0,0,262.92
p2_S1_N1.37,2540.0,24.87,5.0,1,310.52
p2_W1_N3.12,2523.0,42.98,19.0,3,348.19
p2_W2_N2.12,2523.0,39.94,18.0,3,324.74
p2_E3_W3.121,2526.0,38.77,14.0,3,340.74
p2_N2_S2.37,2540.0,30.57,11.0,1,324.07
p2_S1_N1.38,2560.0,12.81,0.0,0,269.15
p2_E3_W3.122,2532.0,37.4,8.0,2,347.29
p2_E3_W3.123,2538.0,30.46,8.0,2,318.26
p2_W_E.50,2520.0,56.12,28.0,3,365.43
p2_W_E.51,2535.0,40.94,19.0,2,322.41
p2_N2_S2.38,2560.0,9.04,0.0,0,244.58
p2_N3_S3.37,2540.0,39.15,19.0,2,326.67
p2_S3_N3.38,2560.0,19.79,7.0,1,292.03
p2_E1_W1.128,2568.0,12.53,0.0,0,282.06
p2_N1_E3.12,2523.0,15.57,0.0,0,384.37
p2_N3_S3.36,2520.0,57.91,38.0,2,359.53
p2_E1_W1.126,2556.0,23.76,5.0,1,304.69
p2_N3_S3.38,2560.0,23.81,8.0,1,289.72
p2_E_W.128,2568.0,16.27,3.0,1,274.14
p2_E1_W1.129,2574.0,11.5,0.0,0,257.24
p2_E_W.127,2562.0,24.13,8.0,1,286.83
p2_E1_W1.127,2562.0,12.63,0.0,0,267.46
p2_N3_S3.39,2580.0,8.86,0.0,0,234.14
p2_S3_N3.39,2580.0,10.25,0.0,0,260.31
p2_E1_W1.125,2550.0,26.54,8.0,1,298.36
p2_S2_N2.37,2540.0,21.14,5.0,1,291.1
p2_S3_N3.37,2540.0,27.04,6.0,2,309.22
p2_E_W.129,2574.0,10.02,0.0,0,250.72
p2_W3_N1.13,2580.0,13.07,0.0,0,294.58
p2_E_W.130,2580.0,14.44,0.0,0,272.68
p2_N1_S1.39,2580.0,12.64,0.0,0,271.42
p2_E1_S1.12,2523.0,22.36,4.0,1,389.12
p2_E_W.125,2550.0,25.05,10.0,1,290.65
p2_W3_E3.53,2564.0,32.5,13.0,2,329.12
p2_N2_E2.13,2583.0,11.8,0.0,0,288.76
p2_W1_E1.52,2549.0,48.48,24.0,3,353.81
p2_W1_E1.53,2564.0,33.31,15.0,2,319.35
p2_S1_N1.39,2580.0,17.05,3.0,1,270.37
p2_N1_S1.38,2560.0,34.58,17.0,2,319.89
p2_W3_E3.54,2578.0,20.57,7.0,1,291.85
p2_S1_W1.13,2583.0,14.94,1.0,1,284.98
p2_W3_E3.52,2549.0,39.18,16.0,3,339.23
p2_E3_W3.128,2568.0,36.5,15.0,1,334.77
p2_E3_W3.127,2562.0,43.89,16.0,2,353.52
p2_S2_N2.39,2580.0,25.67,6.0,2,318.49
p2_W_E.52,2549.0,39.47,14.0,3,337.39
p2_E3_W3.126,2556.0,45.18,20.0,3,342.08
p2_N2_S2.39,2580.0,26.64,6.0,2,316.17
p2_E3_S3.14,2643.0,7.12,0.0,0,172.73
p2_E3_W3.125,2550.0,47.89,21.0,2,348.02
p2_E3_W3.129,2574.0,28.63,12.0,1,291.99
p2_W_E.54,2578.0,32.39,13.0,2,318.77
p2_S2_W2.13,2583.0,26.89,6.0,2,327.77
p2_E_W.131,2586.0,24.09,10.0,1,287.99
p2_E1_W1.130,2580.0,33.19,13.0,2,320.99
p2_W2_N2.13,2581.0,31.81,13.0,3,323.48
p2_E3_W3.131,2586.0,27.11,9.0,2,311.54
p2_E1_W1.133,2598.0,15.02,0.0,0,275.95
p2_W_E.55,2592.0,23.27,3.0,1,289.1
p2_E3_W3.132,2592.0,22.94,0.0,0,296.24
p2_E1_W1.134,2604.0,10.85,0.0,0,259.38
p2_E1_W1.131,2586.0,26.71,8.0,2,303.44
p2_E1_W1.132,2592.0,24.25,3.0,2,301.38
p2_E3_W3.134,2604.0,9.75,0.0,0,239.95
p2_W1_E1.54,2578.0,44.09,18.0,3,351.36
p2_W1_E1.55,2592.0,17.24,3.0,1,279.45
p2_E3_W3.133,2598.0,20.63,2.0,1,293.9
p2_E2_S2.13,2583.0,26.74,11.0,1,305.52
p2_E3_W3.130,2580.0,37.54,11.0,2,323.75
p2_W1_N3.13,2581.0,42.73,19.0,3,367.98
p2_S3_W3.13,2583.0,19.27,5.0,1,277.61
p2_S1_N1.40,2600.0,25.78,8.0,1,300.31
p2_N1_S1.40,2600.0,27.44,4.0,2,323.51
p2_S2_N2.41,2620.0,13.5,0.0,0,267.07
p2_N3_E1.14,2643.0,23.93,13.0,1,189.58
p2_W3_E3.55,2592.0,28.47,11.0,2,301.0
p2_S2_N2.40,2600.0,28.25,12.0,2,311.06
p2_W3_E3.56,2607.0,15.51,0.0,0,269.31
p2_N2_S2.40,2600.0,38.33,14.0,2,342.25
p2_W_E.56,2607.0,26.44,9.0,2,300.65
p2_N2_S2.41,2620.0,18.9,5.0,1,270.68
p2_E_W.132,2592.0,39.29,22.0,2,325.29
p2_E1_W1.135,2610.0,24.39,10.0,1,280.0
p2_E_W.133,2598.0,34.57,12.0,2,307.8
p2_E_W.134,2604.0,33.22,12.0,2,324.01
p2_E1_W1.136,2616.0,26.97,14.0,1,287.2
p2_W1_E1.57,2621.0,22.48,8.0,1,277.99
p2_E1_W1.137,2622.0,21.26,8.0,1,284.11
p2_E_W.136,2616.0,27.94,7.0,1,308.76
p2_N3_S3.40,2600.0,45.1,26.0,2,332.68
p2_E_W.135,2610.0,22.75,6.0,1,283.75
p2_E3_W3.135,2610.0,30.28,16.0,1,297.87
p2_E3_W3.136,2616.0,26.36,11.0,1,293.67
p2_N3_S3.41,2620.0,25.04,12.0,1,286.68
p2_E1_W1.138,2628.0,16.98,2.0,1,270.41
p2_E1_W1.139,2634.0,11.21,0.0,0,254.59
p2_E3_W3.139,2634.0,12.46,0.0,0,280.96
p2_W_E.57,2621.0,9.34,0.0,0,241.19
p2_E3_W3.137,2622.0,24.8,8.0,1,287.99
p2_W_E.53,2564.0,50.25,26.0,2,343.52
p2_E1_W1.140,2640.0,7.91,0.0,0,247.97
p2_E3_W3.140,2640.0,7.8,0.0,0,248.58
p2_W1_E1.56,2607.0,27.79,9.0,2,297.35
p2_E3_W3.138,2628.0,13.54,0.0,0,267.17
p2_S3_N3.40,2600.0,54.69,31.0,3,370.1
p2_S3_N3.41,2620.0,23.38,4.0,2,295.97
p2_W3_E3.57,2621.0,39.32,21.0,2,327.66
p2_W3_E3.58,2636.0,24.35,7.0,1,301.46
p2_S2_N2.42,2640.0,19.73,4.0,1,293.25
p2_N1_S1.41,2620.0,27.02,7.0,2,313.88
p2_S2_W2.14,2643.0,19.32,1.0,1,295.68
p2_S1_N1.41,2620.0,15.94,0.0,0,284.95
p2_E_W.137,2622.0,41.37,17.0,2,328.91
p2_E_W.138,2628.0,31.97,15.0,2,307.91
p2_W_E.58,2636.0,29.27,7.0,2,319.87
p2_E_W.139,2634.0,33.06,9.0,2,322.79
p2_E_W.140,2640.0,26.56,7.0,1,305.46
p2_E2_S2.14,2643.0,23.43,5.0,1,281.5
p2_W_E.59,2650.0,16.79,1.0,1,298.96
p2_N2_S2.42,2640.0,18.92,6.0,1,283.49
p2_E3_S3.15,2703.0,7.03,0.0,0,175.41
p2_E_W.142,2652.0,16.63,1.0,1,294.78
p2_N3_E1.15,2703.0,8.41,0.0,0,165.04
p2_E3_W3.141,2646.0,23.87,11.0,1,285.92
p2_W1_E1.58,2636.0,35.7,15.0,2,327.51
p2_E1_W1.141,2646.0,22.55,8.0,1,287.82
p2_W1_E1.59,2650.0,23.43,8.0,1,291.72
p2_E1_W1.143,2658.0,15.55,0.0,0,279.34
p2_N3_S3.42,2640.0,34.55,22.0,1,316.06
p2_S3_W3.14,2643.0,30.43,11.0,2,326.91
p2_E3_W3.142,2652.0,25.4,11.0,1,293.69
p2_E1_S1.13,2583.0,44.78,14.0,3,455.04
p2_E1_W1.142,2652.0,12.32,0.0,0,278.68
p2_E_W.141,2646.0,11.77,0.0,0,259.73
p2_N1_E3.13,2583.0,46.5,20.0,2,446.61
p2_W2_N2.14,2640.0,39.15,17.0,3,353.6
p2_E3_W3.144,2664.0,15.23,0.0,0,268.54
p2_W1_N3.14,2640.0,42.05,16.0,3,353.34
p2_E3_W3.145,2670.0,13.27,0.0,0,277.14
p2_N2_E2.14,2643.0,40.36,18.0,3,350.42
p2_E3_W3.143,2658.0,17.27,4.0,1,266.51
p2_N3_S3.43,2660.0,13.07,0.0,0,263.8
p2_S3_N3.42,2640.0,46.22,20.0,3,354.05
p2_W3_N1.14,2640.0,44.5,24.0,2,332.41
p2_S3_N3.43,2660.0,21.74,4.0,1,290.35
p2_S1_N1.42,2640.0,49.22,27.0,2,349.27
p2_S1_W1.14,2643.0,43.55,22.0,3,335.83
p2_N1_S1.43,2660.0,30.27,9.0,1,316.54
p2_S1_N1.43,2660.0,31.17,7.0,2,316.57
p2_W3_E3.59,2650.0,42.24,23.0,2,335.51
p2_W_E.61,2679.0,13.97,1.0,1,267.0
p2_N1_S1.42,2640.0,42.57,24.0,2,322.93
p2_N2_S2.43,2660.0,33.76,13.0,2,330.4
p2_W_E.60,2664.0,28.74,6.0,2,321.04
p2_E_W.144,2664.0,32.1,7.0,2,335.17
p2_E_W.145,2670.0,22.42,4.0,1,293.07
p2_E1_W1.146,2676.0,21.62,2.0,1,308.22
p2_W1_E1.61,2679.0,18.65,4.0,1,278.94
p2_W1_E1.60,2664.0,35.4,14.0,2,338.03
p2_E_W.146,2676.0,13.75,0.0,0,270.17
p2_E1_W1.147,2682.0,15.87,1.0,1,263.47
p2_E1_W1.145,2670.0,23.16,4.0,2,288.82
p2_E3_W3.146,2676.0,23.73,8.0,1,279.67
p2_E_W.143,2658.0,27.75,7.0,1,315.51
p2_N3_S3.44,2680.0,25.16,7.0,1,315.76
p2_E_W.147,2682.0,20.91,0.0,0,281.46
p2_E3_W3.147,2682.0,23.67,10.0,1,279.67
p2_E1_S1.14,2643.0,20.83,2.0,1,401.79
p2_E3_W3.149,2694.0,14.23,1.0,1,262.65
p2_E3_W3.148,2688.0,21.1,3.0,1,286.55
p2_E1_W1.144,2664.0,27.29,5.0,2,303.28
p2_N3_S3.45,2700.0,8.13,0.0,0,238.61
p2_S1_N1.44,2680.0,32.94,14.0,2,316.43
p2_S3_N3.44,2680.0,32.71,12.0,2,328.74
p2_S2_N2.43,2660.0,50.44,25.0,3,369.34
p2_S2_N2.44,2680.0,34.22,15.0,2,320.14
p2_S2_N2.45,2700.0,15.58,1.0,1,292.3
p2_N1_S1.44,2680.0,36.75,15.0,2,336.45
p2_N1_S1.45,2700.0,16.66,2.0,1,269.84
p2_W_E.62,2693.0,26.16,8.0,2,311.63
p2_N2_S2.44,2680.0,38.13,20.0,2,321.81
p2_N2_S2.45,2700.0,14.89,1.0,1,267.05
p2_W1_E1.62,2693.0,30.28,13.0,1,323.78
p2_E_W.149,2694.0,29.18,6.0,2,321.65
p2_W_E.63,2708.0,11.33,0.0,0,263.25
p2_W3_E3.60,2664.0,41.48,17.0,3,337.29
p2_W3_E3.61,2679.0,26.66,7.0,1,301.0
p2_E1_W1.149,2694.0,29.84,12.0,1,320.56
p2_E2_S2.15,2703.0,20.81,2.0,1,304.35
p2_S2_W2.15,2703.0,20.61,4.0,1,296.42
p2_E1_W1.148,2688.0,32.05,16.0,1,325.59
p2_W1_E1.63,2708.0,15.93,0.0,0,296.78
p2_E_W.151,2706.0,20.46,2.0,1,284.35
p2_E1_W1.152,2712.0,13.69,0.0,0,283.33
p2_E_W.148,2688.0,35.45,9.0,2,326.09
p2_E1_W1.150,2700.0,20.63,5.0,1,287.59
p2_W3_E3.63,2708.0,21.18,7.0,1,285.59
p2_E_W.150,2700.0,21.85,0.0,0,306.88
p2_E1_W1.151,2706.0,13.99,0.0,0,270.1
p2_E3_W3.151,2706.0,24.72,7.0,1,303.65
p2_E3_S3.16,2763.0,12.72,2.0,1,180.14
p2_S3_W3.15,2703.0,30.93,10.0,2,315.89
p2_E3_W3.150,2700.0,24.2,11.0,1,287.16
p2_W1_N3.15,2700.0,34.38,12.0,2,338.91
p2_N3_S3.46,2720.0,13.7,0.0,0,281.71
p2_S3_N3.45,2700.0,38.94,13.0,3,340.99
p2_S3_N3.46,2720.0,9.72,0.0,0,256.83
p2_N1_E3.14,2643.0,53.39,20.0,4,467.88
p2_W3_N1.15,2700.0,38.19,17.0,2,323.24
p2_N2_E2.15,2703.0,33.3,14.0,3,336.24
p2_S1_N1.46,2720.0,22.76,4.0,1,294.18
p2_N3_E1.16,2763.0,23.24,10.0,2,199.06
p2_W_E.64,2722.0,25.47,7.0,1,310.02
p2_S1_W1.15,2703.0,41.51,23.0,2,324.56
p2_S2_N2.46,2720.0,22.33,4.0,1,299.71
p2_N1_S1.46,2720.0,29.4,13.0,1,302.74
p2_W_E.65,2736.0,13.24,0.0,0,280.52
p2_S1_N1.45,2700.0,31.37,17.0,1,299.27
p2_W2_N2.15,2700.0,30.41,11.0,2,306.89
p2_N2_S2.46,2720.0,32.84,14.0,1,320.75
p2_E_W.155,2730.0,25.47,2.0,2,311.14
p2_E_W.153,2718.0,38.08,13.0,3,339.18
p2_W1_E1.64,2722.0,33.99,15.0,2,315.96
p2_W1_E1.65,2736.0,20.52,6.0,1,270.93
p2_E_W.156,2736.0,21.33,0.0,0,306.06
p2_W3_E3.62,2693.0,43.8,22.0,3,334.91
p2_E_W.152,2712.0,40.59,14.0,3,337.17
p2_E3_W3.155,2730.0,31.22,12.0,1,309.83
p2_W3_E3.65,2736.0,21.22,4.0,1,292.18
p2_E3_W3.152,2712.0,50.01,26.0,2,359.76
p2_E1_W1.153,2718.0,33.09,15.0,2,313.9
p2_E1_W1.154,2724.0,26.51,8.0,2,305.81
p2_W3_E3.64,2722.0,31.42,11.0,2,313.16
p2_E_W.154,2724.0,25.64,0.0,0,314.62
p2_E1_W1.155,2730.0,34.5,2.0,2,327.93
p2_E1_W1.156,2736.0,22.1,3.0,1,297.33
p2_E3_W3.159,2754.0,11.29,0.0,0,257.46
p2_E3_W3.153,2718.0,41.42,18.0,2,346.35
p2_E1_W1.157,2742.0,24.09,2.0,1,311.34
p2_E3_W3.158,2748.0,19.5,3.0,1,272.75
p2_E3_W3.157,2742.0,27.3,8.0,1,292.83
p2_S1_N1.48,2760.0,8.23,0.0,0,244.77
p2_N3_S3.47,2740.0,16.61,1.0,1,278.35
p2_S1_N1.47,2740.0,28.32,10.0,2,311.67
p2_E3_W3.154,2724.0,27.78,11.0,1,297.9
p2_S3_N3.47,2740.0,32.57,12.0,2,332.38
p2_S1_W1.16,2763.0,10.42,0.0,0,265.62
p2_E3_W3.156,2736.0,25.82,11.0,1,269.09
p2_N2_E2.16,2763.0,11.26,0.0,0,280.04
p2_N1_E3.15,2703.0,32.07,10.0,2,400.33
p2_N1_S1.47,2740.0,33.21,15.0,2,309.96
p2_S2_W2.16,2763.0,11.68,0.0,0,271.6
p2_S2_N2.47,2740.0,20.12,6.0,1,278.04
p2_E1_W1.160,2760.0,22.01,7.0,1,296.74
p2_E1_W1.161,2766.0,16.13,1.0,1,279.75
p2_E_W.158,2748.0,35.17,17.0,2,321.12
p2_W_E.66,2751.0,32.57,14.0,2,315.94
p2_W1_E1.66,2751.0,32.72,12.0,2,326.53
p2_S2_N2.48,2760.0,8.65,0.0,0,251.65
p2_W_E.67,2765.0,20.37,6.0,1,267.52
p2_E_W.161,2766.0,19.56,4.0,1,285.25
p2_E1_S1.15,2703.0,31.03,3.0,1,414.85
p2_E_W.157,2742.0,38.46,22.0,2,308.5
p2_N2_S2.47,2740.0,45.95,23.0,2,360.63
p2_W3_E3.66,2751.0,36.46,19.0,2,315.23
p2_N2_S2.48,2760.0,27.37,14.0,1,295.31
p2_W3_E3.68,2780.0,9.22,0.0,0,243.14
p2_E_W.159,2754.0,26.76,10.0,1,293.31
p2_W3_E3.67,2765.0,23.13,6.0,2,295.5
p2_E1_W1.158,2748.0,27.52,7.0,2,298.29
p2_E3_W3.160,2760.0,27.17,10.0,1,303.25
p2_E3_W3.161,2766.0,27.7,9.0,2,308.69
p2_W1_E1.67,2765.0,10.63,0.0,0,248.01
p2_S3_W3.16,2763.0,31.06,7.0,2,341.38
p2_E3_W3.162,2772.0,25.03,11.0,1,285.75
p2_E3_W3.163,2778.0,19.57,6.0,1,274.57
p2_E1_W1.159,2754.0,16.03,0.0,0,279.5
p2_W1_N3.16,2760.0,22.71,3.0,1,301.7
p2_S3_N3.49,2780.0,16.38,3.0,1,263.45
p2_E3_S3.17,2823.0,7.49,0.0,0,163.16
p2_S3_N3.48,2760.0,42.0,18.0,2,347.92
p2_W3_N1.16,2760.0,29.91,2.0,1,321.7
p2_N3_S3.48,2760.0,41.02,23.0,2,328.19
p2_E2_S2.16,2763.0,39.51,17.0,2,341.89
p2_S1_N1.49,2780.0,9.56,0.0,0,263.68
p2_N3_S3.49,2780.0,16.4,2.0,1,265.77
p2_N3_E1.17,2823.0,21.15,8.0,2,198.36
p2_W2_N2.16,2760.0,46.91,25.0,3,341.29
p2_N1_S1.48,2760.0,48.1,24.0,2,350.99
p2_E_W.163,2778.0,31.35,12.0,2,314.21
p2_S2_N2.49,2780.0,26.08,6.0,2,307.51
p2_W_E.69,2794.0,15.31,3.0,1,266.44
p2_W_E.68,2780.0,29.74,9.0,2,309.53
p2_N1_S1.49,2780.0,27.67,9.0,1,306.03
p2_E_W.165,2790.0,21.41,8.0,1,289.55
p2_E_W.164,2784.0,29.22,8.0,1,321.02
p2_E_W.162,2772.0,43.09,18.0,2,351.73
p2_N1_S1.50,2800.0,14.31,3.0,1,277.15
p2_E_W.160,2760.0,35.55,17.0,2,311.49
p2_E1_W1.162,2772.0,45.24,25.0,2,333.4
p2_W1_E1.69,2794.0,23.22,9.0,1,280.3
p2_N2_S2.49,2780.0,37.78,15.0,1,346.0
p2_W1_E1.68,2780.0,36.27,16.0,2,309.92
p2_W3_E3.70,2808.0,15.0,1.0,1,268.63
p2_S1_N1.50,2800.0,23.97,10.0,1,278.35
p2_E3_W3.164,2784.0,31.72,13.0,1,307.69
p2_E3_W3.166,2796.0,23.6,9.0,1,282.9
p2_S3_N3.50,2800.0,26.8,8.0,1,324.9
p2_N2_S2.51,2820.0,8.49,0.0,0,246.36
p2_W3_E3.69,2794.0,21.01,7.0,1,282.21
p2_E3_W3.169,2814.0,15.82,1.0,1,278.46
p2_N2_S2.50,2800.0,12.76,0.0,0,267.4
p2_S2_N2.50,2800.0,31.12,18.0,1,295.22
p2_N3_S3.50,2800.0,33.22,16.0,2,316.26
p2_E3_W3.165,2790.0,21.69,7.0,1,284.7
p2_E3_W3.167,2802.0,21.97,7.0,1,280.88
p2_E3_W3.168,2808.0,22.29,4.0,1,296.69
p2_S2_N2.51,2820.0,8.7,0.0,0,243.45
p2_S2_W2.17,2823.0,12.4,0.0,0,277.04
p2_N2_E2.17,2823.0,9.21,0.0,0,255.87
p2_E3_W3.170,2820.0,8.35,0.0,0,244.09
p2_E_W.166,2796.0,44.41,24.0,2,326.81
p2_E_W.167,2802.0,37.68,18.0,2,320.75
p2_W_E.70,2808.0,32.21,14.0,2,317.35
p2_E1_W1.164,2784.0,45.24,20.0,2,338.58
p2_E_W.168,2808.0,34.14,12.0,2,320.59
p2_W_E.71,2823.0,18.64,5.0,1,277.83
p2_E1_W1.166,2796.0,34.8,14.0,2,321.71
p2_W1_E1.71,2823.0,20.65,8.0,1,282.9
p2_W1_E1.70,2808.0,33.66,13.0,2,314.0
p2_E1_W1.163,2778.0,41.35,18.0,2,326.33
p2_E1_W1.168,2808.0,35.76,16.0,2,318.72
p2_E1_W1.165,2790.0,49.77,15.0,2,343.12
p2_E1_W1.170,2820.0,24.05,4.0,1,298.66
p2_N3_S3.52,2840.0,7.88,0.0,0,234.08
p2_E1_W1.167,2802.0,47.11,12.0,2,348.43
p2_E1_W1.169,2814.0,35.56,13.0,2,339.86
p2_E_W.169,2814.0,20.91,7.0,1,271.97
p2_N3_S3.51,2820.0,21.79,8.0,1,283.13
p2_E1_S1.16,2763.0,20.75,0.0,0,404.21
p2_W1_N3.17,2820.0,29.71,10.0,2,305.21
p2_S1_N1.51,2820.0,34.73,16.0,2,309.78
p2_W3_N1.17,2820.0,38.56,15.0,3,330.59
p2_E3_W3.172,2832.0,27.08,12.0,1,302.76
p2_W3_E3.72,2837.0,22.18,8.0,1,284.02
p2_S3_N3.52,2840.0,14.68,0.0,0,269.9
p2_S3_N3.51,2820.0,26.83,11.0,1,296.13
p2_W3_E3.71,2823.0,36.66,17.0,2,319.11
p2_N3_E1.18,2883.0,20.57,8.0,2,193.99
p2_N1_E3.16,2763.0,55.04,22.0,3,469.13
p2_N2_S2.52,2840.0,13.63,0.0,0,279.34
p2_W2_N2.17,2820.0,39.07,17.0,3,318.93
p2_S3_W3.17,2823.0,34.41,14.0,3,313.59
p2_S1_N1.52,2840.0,23.24,2.0,1,311.94
p2_W_E.72,2837.0,29.58,12.0,2,311.97
p2_E3_W3.173,2838.0,27.86,10.0,1,314.85
p2_S1_W1.17,2823.0,43.93,22.0,3,331.86
p2_W_E.73,2852.0,9.4,0.0,0,258.5
p2_E3_S3.18,2883.0,23.87,10.0,2,198.54
p2_E_W.174,2844.0,20.8,3.0,1,290.05
p2_E_W.175,2850.0,18.27,2.0,1,274.27
p2_E3_W3.176,2856.0,9.72,0.0,0,244.88
p2_E3_W3.171,2826.0,24.25,10.0,1,287.91
p2_E3_W3.174,2844.0,26.43,3.0,1,295.17
p2_E_W.173,2838.0,31.06,2.0,1,303.84
p2_E3_W3.175,2850.0,19.17,0.0,0,297.41
p2_W1_E1.72,2837.0,34.96,16.0,2,315.23
p2_W1_E1.73,2852.0,20.04,7.0,1,279.59
p2_E_W.171,2826.0,47.08,12.0,2,345.27
p2_E_W.172,2832.0,27.96,8.0,2,302.53
p2_N1_S1.52,2840.0,33.18,15.0,1,310.97
p2_E1_W1.172,2832.0,38.19,21.0,2,327.3
p2_E1_W1.174,2844.0,26.49,6.0,1,298.51
p2_E1_W1.175,2850.0,25.89,6.0,1,314.43
p2_E1_W1.176,2856.0,20.83,4.0,1,284.49
p2_E2_S2.17,2823.0,34.49,15.0,2,319.12
p2_E1_W1.173,2838.0,37.98,10.0,2,312.02
p2_N1_S1.51,2820.0,37.36,18.0,2,319.17
p2_W3_E3.73,2852.0,30.61,12.0,2,327.2
p2_W3_E3.74,2866.0,15.34,2.0,1,267.66
p2_E_W.170,2820.0,34.18,13.0,2,316.41
p2_S3_N3.53,2860.0,27.2,11.0,2,308.27
p2_E3_W3.177,2862.0,21.6,7.0,1,284.27
p2_S2_N2.53,2860.0,28.82,10.0,2,308.76
p2_E1_W1.171,2826.0,34.54,16.0,2,317.59
p2_S2_N2.52,2840.0,42.78,18.0,3,341.34
p2_N2_S2.54,2880.0,13.11,1.0,1,267.35
p2_E_W.176,2856.0,39.34,20.0,2,329.81
p2_N2_S2.53,2860.0,29.88,12.0,2,304.42
p2_E_W.178,2868.0,28.11,9.0,2,311.48
p2_E1_W1.177,2862.0,37.34,18.0,2,331.53
p2_W1_E1.74,2866.0,32.73,12.0,2,312.1
p2_E1_W1.178,2868.0,31.57,10.0,2,321.0
p2_W_E.74,2866.0,24.13,5.0,1,301.77
p2_E1_W1.179,2874.0,26.6,7.0,1,310.15
p2_E_W.177,2862.0,28.05,7.0,2,305.91
p2_E_W.179,2874.0,22.89,5.0,1,284.37
p2_W_E.75,2880.0,13.19,0.0,0,263.83
p2_N3_S3.53,2860.0,22.71,9.0,1,281.16
p2_N1_S1.54,2880.0,25.52,7.0,1,306.41
p2_W1_E1.75,2880.0,15.37,0.0,0,277.16
p2_E1_W1.181,2886.0,13.73,0.0,0,260.77
p2_N1_S1.53,2860.0,23.21,7.0,1,286.14
p2_E1_W1.180,2880.0,14.28,0.0,0,263.5
p2_N1_S1.55,2900.0,8.28,0.0,0,239.28
p2_E1_S1.17,2823.0,22.75,0.0,0,399.51
p2_W1_N3.18,2883.0,28.31,9.0,1,305.58
p2_W2_N2.18,2883.0,30.89,8.0,2,317.78
p2_W3_E3.76,2895.0,17.36,4.0,1,266.9
p2_S1_N1.53,2860.0,55.04,31.0,3,369.77
p2_S2_N2.54,2880.0,34.9,14.0,2,328.89
p2_S3_W3.18,2883.0,31.79,14.0,2,320.19
p2_S3_N3.55,2900.0,15.33,2.0,1,269.09
p2_W3_E3.75,2880.0,29.48,10.0,2,304.81
p2_S2_W2.18,2883.0,31.68,12.0,2,333.1
p2_S2_N2.55,2900.0,16.29,3.0,1,264.99
p2_S3_N3.54,2880.0,36.66,18.0,2,320.26
p2_E3_W3.179,2874.0,35.81,15.0,2,311.67
p2_E3_W3.181,2886.0,32.5,9.0,2,324.61
p2_E3_S3.19,2943.0,15.89,2.0,1,183.73
p2_S1_N1.54,2880.0,28.83,10.0,2,305.49
p2_S1_W1.18,2883.0,36.96,15.0,3,325.49
p2_N3_E1.19,2943.0,19.58,5.0,1,199.38
p2_E3_W3.178,2868.0,41.11,23.0,2,333.84
p2_E3_W3.183,2898.0,17.16,1.0,1,273.87
p2_E_W.181,2886.0,34.48,14.0,2,319.96
p2_N2_S2.55,2900.0,14.32,2.0,1,268.72
p2_E_W.185,2910.0,12.71,0.0,0,271.75
p2_E3_W3.180,2880.0,30.03,10.0,2,306.32
p2_W3_N1.18,2883.0,29.96,5.0,3,318.29
p2_W1_E1.76,2895.0,34.31,12.0,2,329.58
p2_W_E.76,2895.0,33.63,7.0,2,333.56
p2_W_E.77,2909.0,20.2,2.0,1,296.33
p2_E_W.183,2898.0,20.61,1.0,1,294.94
p2_W1_E1.77,2909.0,20.69,2.0,1,307.24
p2_E1_W1.186,2916.0,10.94,0.0,0,263.68
p2_N1_E3.17,2823.0,64.13,31.0,4,511.04
p2_E_W.180,2880.0,34.65,13.0,2,307.51
p2_E1_W1.183,2898.0,33.83,6.0,2,330.78
p2_N3_S3.55,2900.0,24.39,10.0,1,291.77
p2_E1_W1.185,2910.0,21.71,2.0,1,318.82
p2_E2_S2.18,2883.0,49.49,23.0,4,358.86
p2_E_W.182,2892.0,27.86,6.0,2,309.36
p2_N3_S3.56,2920.0,13.07,0.0,0,274.63
p2_E_W.184,2904.0,11.71,0.0,0,259.21
p2_N3_S3.54,2880.0,34.09,15.0,2,311.93
p2_N1_S1.56,2920.0,13.75,1.0,1,275.08
p2_N2_E2.18,2882.0,28.28,8.0,2,315.69
p2_E1_W1.182,2892.0,23.4,6.0,1,298.02
p2_W3_E3.78,2924.0,18.19,5.0,1,277.22
p2_E3_W3.182,2892.0,51.57,28.0,3,352.49
p2_E1_W1.184,2904.0,11.16,0.0,0,260.43
p2_E3_W3.185,2910.0,33.58,14.0,2,317.33
p2_S1_N1.55,2900.0,43.66,18.0,3,359.57
p2_S2_N2.56,2920.0,24.0,6.0,1,302.37
p2_S3_N3.56,2920.0,24.27,10.0,1,280.97
p2_E3_W3.187,2922.0,23.89,6.0,1,291.47
p2_W3_E3.77,2909.0,17.61,4.0,1,274.5
p2_E3_W3.188,2928.0,19.76,5.0,1,286.78
p2_E3_W3.184,2904.0,33.08,12.0,2,307.25
p2_N2_S2.56,2920.0,32.3,15.0,2,316.44
p2_E_W.186,2916.0,37.47,17.0,2,328.1
p2_E3_W3.186,2916.0,17.53,2.0,1,283.37
p2_W1_E1.78,2924.0,29.32,11.0,2,321.86
p2_E1_W1.188,2928.0,26.26,6.0,2,316.48
p2_E_W.187,2922.0,31.69,14.0,2,321.28
p2_E_W.188,2928.0,26.45,6.0,2,309.14
p2_E1_W1.187,2922.0,29.58,11.0,2,312.2
p2_E_W.190,2940.0,16.41,0.0,0,281.67
p2_E_W.189,2934.0,17.55,1.0,1,278.77
p2_E1_W1.190,2940.0,12.45,0.0,0,254.06
p2_N1_S1.57,2940.0,19.3,6.0,1,282.83
p2_E1_W1.191,2946.0,13.52,0.0,0,280.52
p2_W_E.78,2924.0,31.93,9.0,3,338.6
p2_E1_W1.189,2934.0,15.66,0.0,0,288.67
p2_W_E.79,2938.0,23.94,4.0,1,302.78
p2_N2_E2.19,2943.0,19.23,3.0,1,299.58
p2_W1_E1.79,2938.0,8.73,0.0,0,243.5
p2_W1_N3.19,2941.0,23.45,8.0,1,310.6
p2_N3_S3.57,2940.0,25.73,8.0,1,302.83
p2_S2_N2.57,2940.0,27.45,12.0,1,295.28
p2_S3_N3.57,2940.0,25.43,12.0,1,281.26
p2_N1_S1.58,2960.0,8.13,0.0,0,244.76
p2_N3_S3.58,2960.0,8.21,0.0,0,246.65
p2_S2_N2.58,2960.0,10.39,0.0,0,261.19
p2_S1_N1.56,2920.0,49.04,25.0,3,356.72
p2_S1_N1.57,2940.0,30.75,10.0,2,316.31
p2_S1_W1.19,2943.0,30.13,7.0,2,314.79
p2_W3_N1.19,2941.0,31.44,10.0,2,315.07
p2_N3_E1.20,3003.0,8.12,0.0,0,162.87
p2_S3_W3.19,2943.0,32.33,16.0,1,333.77
p2_W3_E3.80,2952.0,23.11,9.0,1,288.99
p2_S3_N3.58,2960.0,14.76,1.0,1,268.93
p2_E3_W3.189,2934.0,43.45,23.0,2,336.69
p2_E_W.192,2952.0,25.12,11.0,1,303.1
p2_E3_S3.20,3003.0,18.06,6.0,1,193.38
p2_E3_W3.191,2946.0,33.29,14.0,2,305.95
p2_E_W.194,2964.0,15.53,0.0,0,282.18
p2_E_W.191,2946.0,35.29,12.0,1,328.96
p2_N2_S2.58,2960.0,21.03,7.0,1,276.0
p2_E1_S1.18,2883.0,54.42,22.0,4,496.74
p2_W3_E3.79,2938.0,20.25,3.0,1,294.17
p2_W1_E1.80,2952.0,30.12,12.0,1,327.42
p2_E3_W3.193,2958.0,21.04,7.0,1,279.63
p2_S2_W2.19,2943.0,25.7,6.0,1,315.5
p2_E1_W1.194,2964.0,19.42,0.0,0,301.06
p2_W1_E1.81,2967.0,9.42,0.0,0,244.66
p2_E3_W3.190,2940.0,43.97,17.0,3,344.69
p2_E1_W1.195,2970.0,13.82,0.0,0,273.87
p2_N2_S2.57,2940.0,29.98,13.0,2,301.06
p2_E_W.193,2958.0,23.08,3.0,2,280.4
p2_W_E.80,2952.0,31.19,6.0,3,336.1
p2_E1_W1.193,2958.0,14.94,0.0,0,284.8
p2_N1_E3.18,2883.0,64.22,26.0,6,509.55
p2_N1_S1.59,2980.0,8.05,0.0,0,235.15
p2_N3_S3.59,2980.0,15.22,3.0,1,278.01
p2_E2_S2.19,2943.0,41.62,17.0,2,332.32
p2_W2_N2.19,2941.0,42.19,21.0,3,340.27
p2_S1_N1.58,2960.0,36.62,11.0,2,340.48
p2_E1_W1.192,2952.0,16.31,1.0,1,276.3
p2_S2_N2.59,2980.0,18.12,4.0,1,279.05
p2_E3_W3.192,2952.0,49.55,24.0,3,335.99
p2_E3_W3.194,2964.0,37.82,19.0,2,321.58
p2_W3_E3.81,2967.0,36.12,19.0,2,318.44
p2_E3_W3.195,2970.0,34.19,15.0,2,322.58
p2_E3_W3.197,2982.0,21.76,5.0,1,290.28
p2_E3_W3.198,2988.0,17.35,4.0,1,272.72
p2_W3_E3.82,2981.0,11.91,0.0,0,262.97
p2_E_W.199,2994.0,13.26,0.0,0,269.61
p2_E_W.200,3000.0,9.05,0.0,0,259.15
p2_E_W.195,2970.0,24.24,10.0,1,284.4
p2_E1_W1.196,2976.0,34.27,10.0,1,332.69
p2_E3_W3.196,2976.0,18.92,2.0,1,282.13
p2_W1_E1.82,2981.0,29.33,8.0,2,331.41
p2_E1_W1.197,2982.0,27.96,4.0,1,317.93
p2_W1_E1.83,2996.0,14.33,2.0,1,273.85
p2_E_W.198,2988.0,23.3,5.0,1,289.16
p2_N2_S2.59,2980.0,32.07,13.0,1,311.43
p2_E_W.197,2982.0,25.35,7.0,1,277.87
p2_E1_W1.198,2988.0,24.25,2.0,1,321.97
p2_E1_W1.199,2994.0,9.71,0.0,0,248.35
p2_N2_S2.60,3000.0,18.13,3.0,1,305.04
p2_W_E.82,2981.0,38.89,15.0,3,351.55
p2_W_E.83,2996.0,23.8,6.0,1,300.86
p2_E_W.196,2976.0,25.24,10.0,1,284.84
p2_W1_N3.20,3000.0,20.56,5.0,1,290.93
p2_N2_E2.20,3003.0,16.81,2.0,1,300.9
p2_S1_N1.60,3000.0,19.86,0.0,0,295.58
p2_W_E.81,2967.0,44.01,23.0,2,339.4
p2_S2_N2.61,3020.0,7.97,0.0,0,241.36
p2_S3_N3.60,3000.0,28.9,17.0,1,289.31
p2_W3_E3.84,3010.0,21.45,3.0,1,299.91
p2_S1_W1.20,3003.0,28.93,10.0,2,304.4
p2_E2_S2.20,3003.0,28.76,9.0,2,323.34
p2_S3_N3.61,3020.0,13.41,1.0,1,267.64
p2_E3_W3.199,2994.0,40.19,21.0,2,330.05
p2_W3_E3.83,2996.0,29.55,12.0,2,311.07
p2_E3_S3.21,3063.0,14.38,2.0,1,179.42
p2_N1_S1.60,3000.0,10.55,0.0,0,254.83
p2_E3_W3.203,3018.0,17.94,5.0,1,273.46
p2_S1_N1.59,2980.0,18.69,1.0,1,293.16
p2_E1_W1.203,3018.0,12.32,0.0,0,278.43
p2_E1_W1.200,3000.0,27.3,11.0,1,298.13
p2_S3_N3.59,2980.0,39.51,20.0,2,315.07
p2_S2_W2.20,3003.0,35.42,14.0,2,334.77
p2_E1_W1.202,3012.0,20.94,4.0,1,283.55
p2_N3_E1.21,3063.0,17.75,5.0,1,188.37
p2_E1_W1.201,3006.0,22.56,7.0,1,279.44
p2_E1_W1.204,3024.0,16.33,0.0,0,287.24
p2_E3_W3.200,3000.0,42.06,18.0,3,325.85
p2_E_W.202,3012.0,25.32,7.0,2,300.52
p2_W1_E1.85,3024.0,18.02,4.0,1,273.49
p2_E1_S1.19,2943.0,41.36,17.0,3,434.28
p2_E_W.201,3006.0,30.65,11.0,2,306.99
p2_W1_E1.84,3010.0,27.19,10.0,2,312.22
p2_S3_W3.20,3003.0,38.87,14.0,3,333.56
p2_E3_W3.201,3006.0,16.94,0.0,0,282.04
p2_E_W.203,3018.0,20.0,3.0,2,295.08
p2_E_W.206,3036.0,10.55,0.0,0,249.72
p2_W_E.84,3010.0,29.12,7.0,1,316.77
p2_E_W.205,3030.0,9.43,0.0,0,238.36
p2_N3_S3.60,3000.0,48.49,25.0,2,351.46
p2_N1_S1.61,3020.0,28.18,10.0,2,307.91
p2_N1_S1.62,3040.0,7.94,0.0,0,244.85
p2_S1_N1.61,3020.0,29.47,10.0,1,331.32
p2_W3_N1.20,3000.0,49.17,29.0,3,361.73
p2_N2_S2.62,3040.0,11.76,0.0,0,275.17
p2_W2_N2.20,3000.0,45.28,24.0,3,346.95
p2_E_W.204,3024.0,10.28,0.0,0,251.22
p2_N3_S3.61,3020.0,35.29,15.0,2,323.25
p2_N3_S3.62,3040.0,15.21,2.0,1,268.18
p2_S2_N2.60,3000.0,31.15,12.0,2,302.25
p2_N2_S2.61,3020.0,28.14,8.0,2,302.9
p2_S2_N2.62,3040.0,18.16,5.0,1,283.5
p2_E3_W3.207,3042.0,17.51,0.0,0,311.84
p2_E3_W3.208,3048.0,12.58,0.0,0,272.74
p2_E3_W3.205,3030.0,33.34,7.0,1,329.58
p2_W3_E3.85,3024.0,39.61,23.0,2,335.22
p2_E3_W3.204,3024.0,22.9,6.0,1,287.95
p2_E1_W1.205,3030.0,32.09,14.0,2,321.54
p2_W3_E3.86,3039.0,20.45,6.0,1,273.92
p2_E1_W1.206,3036.0,22.7,5.0,1,296.31
p2_E3_W3.206,3036.0,15.66,0.0,0,283.31
p2_W1_E1.86,3039.0,28.26,9.0,2,325.3
p2_E_W.209,3054.0,13.46,0.0,0,284.75
p2_E1_W1.207,3042.0,19.8,0.0,0,288.29
p2_E1_W1.208,3048.0,15.55,0.0,0,280.44
p2_W1_E1.87,3053.0,14.99,2.0,1,268.44
p2_E_W.210,3060.0,8.78,0.0,0,245.8
p2_E1_W1.209,3054.0,15.75,0.0,0,260.46
p2_W_E.86,3039.0,33.4,13.0,1,336.4
p2_E_W.207,3042.0,20.52,7.0,1,271.59
p2_N1_E3.19,2943.0,44.2,16.0,3,434.06
p2_W_E.85,3024.0,41.91,19.0,2,346.18
p2_W_E.87,3053.0,16.33,0.0,0,283.53
p2_S1_N1.62,3040.0,38.44,20.0,2,315.89
p2_S1_N1.63,3060.0,18.13,5.0,1,272.56
p2_N2_S2.63,3060.0,19.46,6.0,1,266.99
p2_N2_E2.21,3063.0,15.58,3.0,1,273.71
p2_N3_S3.63,3060.0,22.37,8.0,1,282.3
p2_S3_N3.63,3060.0,21.85,9.0,1,275.7
p2_S1_W1.21,3063.0,18.99,3.0,1,292.98
p2_E_W.208,3048.0,12.6,0.0,0,264.08
p2_E3_W3.202,3012.0,28.27,12.0,1,294.64
p2_S3_N3.62,3040.0,42.47,23.0,2,341.27
p2_N3_E1.22,3122.0,8.09,0.0,0,166.27
p2_N1_S1.63,3060.0,9.5,0.0,0,255.68
p2_N1_E3.20,3003.0,46.17,19.0,2,453.42
p2_E1_W1.210,3060.0,33.17,15.0,2,319.15
p2_E1_W1.211,3066.0,27.13,9.0,1,315.02
p2_W1_E1.88,3068.0,24.9,1.0,1,315.92
p2_W3_E3.87,3053.0,40.79,16.0,2,335.96
p2_E3_W3.210,3060.0,34.69,8.0,3,335.51
p2_E1_W1.214,3084.0,11.02,0.0,0,265.33
p2_E_W.214,3084.0,10.83,0.0,0,252.04
p2_E3_W3.209,3054.0,36.88,13.0,3,339.18
p2_E1_W1.213,3078.0,14.31,0.0,0,272.8
p2_E3_W3.211,3066.0,30.88,4.0,2,325.48
p2_W3_E3.88,3068.0,22.49,2.0,1,308.13
p2_E3_W3.212,3072.0,25.74,1.0,1,321.7
p2_E3_W3.213,3078.0,20.71,2.0,1,295.08
p2_E3_S3.22,3123.0,18.53,4.0,1,191.3
p2_W_E.88,3068.0,31.89,7.0,3,343.23
p2_W1_E1.89,3082.0,18.32,1.0,1,269.2
p2_E_W.211,3066.0,21.69,9.0,1,285.75
p2_E1_W1.212,3072.0,20.22,2.0,2,274.24
p2_E_W.212,3072.0,19.03,5.0,1,280.05
p2_E_W.215,3090.0,12.5,0.0,0,250.88
p2_W_E.89,3082.0,8.41,0.0,0,244.21
p2_E_W.213,3078.0,17.77,0.0,0,279.5
p2_W2_N2.21,3060.0,44.59,20.0,3,350.15
p2_W3_N1.21,3060.0,45.21,25.0,3,345.7
p2_S1_N1.64,3080.0,25.42,7.0,1,308.04
p2_S2_N2.63,3060.0,43.72,24.0,2,340.79
p2_W1_N3.21,3060.0,37.34,16.0,2,338.52
p2_N1_S1.64,3080.0,28.85,6.0,2,324.34
p2_N2_S2.64,3080.0,29.34,8.0,2,330.49
p2_N3_S3.64,3080.0,29.49,9.0,2,303.14
p2_S3_N3.64,3080.0,29.17,12.0,2,311.41
p2_E2_S2.21,3063.0,31.54,13.0,2,310.15
p2_S2_N2.64,3080.0,31.7,11.0,1,314.27
p2_E1_W1.218,3108.0,10.78,0.0,0,263.02
p2_W3_E3.89,3082.0,39.28,15.0,2,347.94
p2_E1_W1.216,3096.0,25.01,4.0,2,311.1
p2_E_W.216,3096.0,20.92,9.0,1,282.2
p2_S2_W2.21,3063.0,58.43,30.0,4,374.36
p2_W3_E3.90,3096.0,23.54,5.0,1,307.58
p2_E1_W1.217,3102.0,13.97,0.0,0,272.41
p2_W1_E1.90,3096.0,18.38,2.0,1,294.32
p2_S3_W3.21,3063.0,52.58,28.0,3,367.57
p2_E_W.218,3108.0,16.08,0.0,0,285.95
p2_N1_E3.21,3063.0,18.62,2.0,1,368.03
p2_E3_W3.214,3084.0,41.35,12.0,1,337.79
p2_E_W.217,3102.0,12.82,0.0,0,267.09
p2_W_E.91,3111.0,14.46,0.0,0,266.43
p2_E1_S1.20,3003.0,79.3,41.0,5,519.68
p2_W_E.90,3096.0,28.62,5.0,2,323.53
p2_E_W.219,3114.0,12.57,0.0,0,253.26
p2_E1_W1.215,3090.0,23.35,6.0,1,289.73
p2_E3_W3.215,3090.0,25.09,3.0,1,299.18
p2_E3_W3.217,3102.0,26.22,2.0,1,303.39
p2_E3_W3.216,3096.0,34.04,3.0,2,338.65
p2_S1_N1.65,3100.0,32.28,14.0,2,317.39
p2_S2_N2.65,3100.0,32.5,14.0,2,313.7
p2_E3_W3.218,3108.0,21.86,0.0,0,287.08
p2_S3_N3.65,3100.0,35.31,16.0,2,315.52
p2_S3_N3.66,3120.0,15.47,3.0,1,267.4
p2_N2_S2.65,3100.0,31.28,11.0,1,318.95
p2_N2_S2.66,3120.0,16.19,1.0,1,279.33
p2_S2_N2.66,3120.0,11.05,0.0,0,253.55
p2_S1_W1.22,3123.0,8.52,0.0,0,248.01
p2_N3_S3.66,3120.0,9.51,0.0,0,250.84
p2_N1_S1.65,3100.0,40.44,14.0,3,342.9
p2_S1_N1.66,3120.0,9.68,0.0,0,243.5
p2_N3_S3.65,3100.0,27.77,9.0,2,309.79
p2_N1_S1.66,3120.0,12.68,0.0,0,262.23
p2_N3_E1.23,3183.0,7.38,0.0,0,167.93
p2_E1_W1.219,3114.0,30.42,11.0,2,320.41
p2_E1_W1.220,3120.0,24.37,6.0,1,297.45
p2_S2_W2.22,3123.0,27.57,10.0,1,303.16
p2_W3_E3.91,3111.0,41.96,17.0,2,356.31
p2_E3_W3.220,3120.0,34.17,9.0,3,328.88
p2_S3_W3.22,3123.0,31.7,11.0,2,332.57
p2_E1_W1.221,3126.0,14.54,0.0,0,271.63
p2_E1_W1.223,3138.0,14.18,0.0,0,274.32
p2_W1_E1.91,3111.0,35.75,17.0,2,318.62
p2_W_E.92,3125.0,11.79,0.0,0,269.96
p2_W3_E3.92,3125.0,22.39,2.0,1,292.94
p2_E_W.222,3132.0,20.24,1.0,1,306.84
p2_W3_E3.93,3140.0,15.84,1.0,1,259.38
p2_E_W.223,3138.0,19.56,0.0,0,303.49
p2_E3_W3.219,3114.0,37.36,13.0,2,340.34
p2_E_W.220,3120.0,20.44,7.0,1,274.5
p2_S2_N2.67,3140.0,19.54,3.0,1,294.49
p2_W3_N1.22,3120.0,39.68,19.0,3,334.83
p2_E3_W3.221,3126.0,21.97,1.0,1,299.63
p2_E3_S3.23,3183.0,16.82,3.0,2,189.59
p2_E3_W3.223,3138.0,23.0,0.0,0,301.85
p2_W2_N2.22,3120.0,36.06,14.0,2,317.73
p2_E3_W3.222,3132.0,29.88,0.0,0,327.63
p2_N2_S2.67,3140.0,19.86,6.0,1,301.48
p2_S1_N1.67,3140.0,15.58,0.0,0,282.42
p2_E_W.221,3126.0,15.59,1.0,1,268.28
p2_W1_N3.22,3120.0,36.17,16.0,3,310.99
p2_E2_S2.22,3123.0,24.7,5.0,2,311.71
p2_N3_S3.67,3140.0,28.89,6.0,3,331.24
p2_N1_S1.67,3140.0,19.62,1.0,1,291.06
p2_S3_N3.67,3140.0,26.8,1.0,1,321.89
p2_E1_W1.225,3150.0,18.73,3.0,1,292.08
p2_E1_W1.227,3162.0,10.8,0.0,0,264.82
p2_E1_W1.224,3144.0,28.19,9.0,2,299.9
p2_E1_W1.222,3132.0,31.16,13.0,1,302.78
p2_W_E.94,3154.0,22.89,0.0,0,316.68
p2_E3_W3.224,3144.0,36.8,12.0,2,344.13
p2_E3_W3.225,3150.0,28.8,6.0,3,323.23
p2_W3_E3.94,3154.0,27.28,3.0,2,332.53
p2_E_W.225,3150.0,32.42,13.0,2,314.36
p2_W1_E1.94,3154.0,28.03,10.0,1,323.19
p2_W3_E3.95,3168.0,8.35,0.0,0,246.79
p2_W1_E1.93,3140.0,38.59,15.0,2,325.21
p2_E_W.227,3162.0,19.88,3.0,1,284.73
p2_E3_W3.228,3168.0,15.13,0.0,0,268.03
p2_N2_E2.22,3123.0,37.1,13.0,2,338.36
p2_W_E.93,3140.0,26.76,8.0,1,308.66
p2_E3_W3.226,3156.0,19.81,0.0,0,301.62
p2_E_W.228,3168.0,17.03,1.0,1,276.74
p2_E_W.224,3144.0,34.96,16.0,2,319.49
p2_W_E.95,3168.0,17.41,0.0,0,282.73
p2_E1_W1.226,3156.0,9.45,0.0,0,255.74
p2_S1_N1.69,3180.0,8.16,0.0,0,250.86
p2_E_W.226,3156.0,20.43,1.0,1,285.06
p2_S1_N1.68,3160.0,30.1,12.0,1,309.79
p2_S2_N2.69,3180.0,9.71,0.0,0,262.29
p2_S2_N2.68,3160.0,31.72,11.0,2,334.64
p2_N2_S2.68,3160.0,33.35,7.0,3,338.05
p2_S3_N3.69,3180.0,14.5,0.0,0,271.8
p2_W1_E1.92,3125.0,27.95,5.0,1,306.86
p2_S3_N3.68,3160.0,27.31,10.0,2,305.15
p2_N1_S1.68,3160.0,31.26,9.0,2,322.79
p2_N3_S3.69,3180.0,19.17,5.0,1,279.15
p2_S1_W1.23,3182.0,9.87,0.0,0,262.31
p2_E1_S1.22,3123.0,33.82,3.0,2,425.01
p2_N3_S3.68,3160.0,39.84,13.0,2,345.91
p2_E1_S1.21,3063.0,75.42,42.0,6,520.94
p2_E2_S2.23,3183.0,18.16,2.0,1,295.8
p2_W_E.96,3183.0,17.24,0.0,0,298.62
p2_E1_W1.229,3174.0,23.37,10.0,1,283.06
p2_W_E.97,3197.0,7.87,0.0,0,245.49
p2_E1_W1.230,3180.0,27.01,6.0,1,307.14
p2_E1_W1.228,3168.0,27.38,14.0,1,297.93
p2_W1_E1.96,3183.0,27.54,11.0,1,311.04
p2_E1_W1.231,3186.0,21.18,2.0,1,296.03
p2_E_W.230,3180.0,32.23,12.0,2,323.56
p2_E_W.229,3174.0,38.61,17.0,2,327.83
p2_E3_W3.230,3180.0,33.46,14.0,2,319.24
p2_S3_W3.23,3183.0,29.88,11.0,2,336.48
p2_N1_E3.22,3123.0,48.92,24.0,3,437.92
p2_E3_W3.231,3186.0,29.32,9.0,2,314.72
p2_E_W.232,3192.0,22.93,8.0,1,281.82
p2_W1_E1.95,3168.0,35.9,14.0,2,322.75
p2_W3_E3.96,3183.0,32.49,14.0,2,306.76
p2_E3_W3.229,3174.0,36.69,17.0,2,315.78
p2_E3_W3.233,3198.0,19.19,2.0,1,285.33
p2_S2_N2.70,3200.0,16.88,3.0,1,281.3
p2_W2_N2.23,3180.0,34.05,10.0,3,335.98
p2_E3_W3.232,3192.0,27.03,4.0,1,309.49
p2_E3_S3.24,3243.0,19.74,6.0,2,190.29
p2_W1_N3.23,3180.0,35.22,17.0,2,312.5
p2_W3_N1.23,3180.0,41.63,19.0,3,338.44
p2_S1_N1.70,3200.0,22.01,2.0,1,295.04
p2_N1_S1.69,3180.0,45.11,23.0,2,345.71
p2_S3_N3.70,3200.0,18.01,2.0,1,292.01
p2_N2_S2.70,3200.0,22.03,3.0,1,289.75
p2_N3_S3.70,3200.0,28.72,9.0,2,309.82
p2_E1_W1.233,3198.0,33.2,13.0,2,318.38
p2_N3_E1.24,3243.0,23.18,12.0,2,191.33
p2_N1_S1.70,3200.0,31.92,12.0,1,304.46
p2_N2_S2.69,3180.0,32.29,13.0,2,320.98
p2_E1_W1.232,3192.0,33.58,18.0,1,308.35
p2_E1_W1.235,3210.0,23.07,3.0,2,304.77
p2_W_E.98,3212.0,21.42,3.0,1,289.08
p2_N2_E2.23,3183.0,49.09,23.0,4,362.45
p2_E1_W1.234,3204.0,28.34,9.0,1,315.04
p2_E1_W1.236,3216.0,19.13,0.0,0,285.14
p2_W1_E1.97,3197.0,39.12,14.0,3,348.71
p2_E1_W1.237,3222.0,14.43,0.0,0,276.41
p2_E3_W3.235,3210.0,26.28,7.0,2,315.78
p2_E_W.236,3216.0,24.28,10.0,1,293.98
p2_W1_E1.98,3212.0,13.29,0.0,0,281.0
p2_E3_W3.236,3216.0,18.74,2.0,1,280.76
p2_W3_E3.99,3226.0,15.45,0.0,0,284.46
p2_E3_W3.238,3228.0,10.18,0.0,0,257.23
p2_E_W.234,3204.0,38.61,9.0,2,327.05
p2_W3_E3.98,3212.0,19.52,4.0,1,293.5
p2_S2_W2.23,3183.0,48.6,25.0,3,357.39
p2_S2_N2.71,3220.0,24.9,6.0,2,323.53
p2_E_W.233,3198.0,39.03,17.0,2,333.82
p2_S1_N1.71,3220.0,27.42,9.0,2,312.44
p2_E3_W3.234,3204.0,38.05,12.0,2,330.75
p2_S2_N2.72,3240.0,8.5,0.0,0,242.89
p2_W3_E3.97,3197.0,26.97,10.0,1,289.52
p2_E3_W3.237,3222.0,10.37,0.0,0,249.1
p2_E_W.235,3210.0,17.56,0.0,0,282.04
p2_S3_N3.72,3240.0,11.73,0.0,0,257.94
p2_S1_W1.24,3243.0,9.12,0.0,0,248.3
p2_N1_S1.71,3220.0,36.3,12.0,2,341.84
p2_N2_S2.71,3220.0,27.5,10.0,2,318.98
p2_S3_N3.71,3220.0,21.1,8.0,1,278.21
p2_S1_N1.72,3240.0,8.3,0.0,0,252.98
p2_E1_S1.23,3183.0,26.0,5.0,2,403.68
p2_N3_S3.72,3240.0,18.43,5.0,1,272.04
p2_E_W.231,3186.0,26.84,11.0,1,298.03
p2_N3_S3.71,3220.0,37.42,19.0,2,321.6
p2_E1_W1.238,3228.0,31.5,14.0,1,301.15
p2_E1_W1.239,3234.0,20.06,6.0,1,273.7
p2_W_E.100,3240.0,21.12,5.0,1,295.92
p2_E1_W1.240,3240.0,22.31,5.0,1,305.8
p2_E1_W1.241,3246.0,13.12,0.0,0,281.51
p2_W_E.101,3255.0,8.12,0.0,0,245.93
p2_W1_E1.99,3226.0,39.53,16.0,3,349.7
p2_W_E.99,3226.0,28.35,15.0,1,291.55
p2_E_W.240,3240.0,26.89,5.0,2,320.95
p2_S2_W2.24,3243.0,23.48,7.0,1,294.62
p2_E1_W1.242,3252.0,15.7,0.0,0,266.84
p2_E_W.238,3228.0,40.93,17.0,3,360.8
p2_E_W.239,3234.0,34.7,4.0,2,328.17
p2_W1_E1.100,3240.0,20.03,5.0,1,270.95
p2_E3_W3.227,3162.0,47.69,24.0,2,341.83
p2_W3_E3.100,3240.0,32.25,14.0,2,326.71
p2_S3_W3.24,3243.0,25.59,7.0,2,311.09
p2_E_W.237,3222.0,37.77,13.0,2,325.28
p2_E3_W3.239,3234.0,34.17,15.0,2,311.2
p2_W1_N3.24,3243.0,31.7,15.0,2,317.96
p2_W2_N2.24,3243.0,32.12,8.0,3,332.78
p2_S1_N1.73,3260.0,15.29,0.0,0,295.15
p2_S2_N2.73,3260.0,15.11,0.0,0,284.95
p2_E3_W3.241,3246.0,29.93,7.0,3,310.84
p2_E3_S3.25,3303.0,13.11,1.0,1,180.36
p2_E3_W3.242,3252.0,24.85,2.0,1,307.53
p2_E3_W3.243,3258.0,20.51,2.0,1,288.77
p2_S3_N3.73,3260.0,18.56,1.0,1,297.67
p2_W3_N1.24,3243.0,27.68,7.0,2,304.64
p2_N3_E1.25,3303.0,21.72,10.0,2,196.5
p2_E3_W3.240,3240.0,20.55,3.0,1,289.67
p2_N1_S1.73,3260.0,25.35,5.0,2,303.58
p2_N2_S2.73,3260.0,25.57,6.0,1,302.73
p2_E2_S2.24,3243.0,42.36,16.0,3,341.52
p2_W_E.102,3269.0,16.54,2.0,1,274.18
p2_N2_S2.72,3240.0,45.66,22.0,3,358.53
p2_N2_E2.24,3243.0,46.41,18.0,3,350.25
p2_E1_W1.243,3258.0,31.77,9.0,1,314.76
p2_N3_S3.73,3260.0,26.94,14.0,1,288.58
p2_E1_W1.244,3264.0,25.8,7.0,2,303.02
p2_W1_E1.101,3255.0,36.47,15.0,3,332.5
p2_W1_E1.102,3269.0,22.72,7.0,1,301.32
p2_E1_W1.246,3276.0,15.97,0.0,0,273.86
p2_E1_W1.245,3270.0,15.71,0.0,0,282.18
p2_E1_W1.247,3282.0,12.01,0.0,0,258.86
p2_E_W.241,3246.0,51.3,23.0,4,362.19
p2_E_W.243,3258.0,39.12,15.0,3,343.45
p2_E3_W3.244,3264.0,34.54,16.0,2,315.12
p2_E3_W3.245,3270.0,28.58,7.0,2,322.11
p2_N1_S1.72,3240.0,23.61,5.0,1,297.97
p2_E_W.245,3270.0,28.98,7.0,2,320.11
p2_E_W.246,3276.0,23.67,5.0,1,309.52
p2_S2_N2.74,3280.0,20.91,7.0,1,298.77
p2_E3_W3.248,3288.0,10.73,0.0,0,253.76
p2_N1_E3.23,3183.0,73.97,34.0,5,516.47
p2_W3_E3.102,3269.0,32.98,10.0,2,336.41
p2_E_W.244,3264.0,29.0,4.0,2,320.43
p2_W3_E3.103,3284.0,17.46,3.0,1,283.51
p2_S1_N1.74,3280.0,20.21,7.0,1,271.84
p2_S1_N1.75,3300.0,8.03,0.0,0,239.35
p2_E_W.242,3252.0,33.37,8.0,2,325.11
p2_S3_N3.74,3280.0,28.69,10.0,1,309.88
p2_W3_E3.101,3255.0,30.71,11.0,1,309.65
p2_E1_S1.24,3243.0,25.48,2.0,2,393.34
p2_E3_W3.247,3282.0,9.9,0.0,0,249.67
p2_S1_W1.25,3303.0,8.96,0.0,0,252.26
p2_E3_W3.246,3276.0,9.74,0.0,0,252.46
p2_N1_S1.74,3280.0,33.07,12.0,2,314.99
p2_N2_S2.74,3280.0,22.75,6.0,1,293.7
p2_N3_S3.74,3280.0,29.3,10.0,2,300.63
p2_E1_W1.251,3306.0,10.88,0.0,0,265.97
p2_E1_W1.249,3294.0,24.43,6.0,2,307.46
p2_W_E.104,3298.0,19.98,1.0,1,285.3
p2_E2_S2.25,3303.0,15.39,3.0,1,273.46
p2_W1_E1.103,3284.0,37.13,12.0,2,340.84
p2_W1_E1.104,3298.0,23.73,6.0,2,295.76
p2_N2_S2.75,3300.0,22.49,8.0,1,294.02
p2_N2_E2.25,3303.0,19.87,4.0,1,285.41
p2_E1_W1.248,3288.0,21.18,5.0,1,294.67
p2_E3_W3.250,3300.0,25.2,5.0,2,308.62
p2_E3_W3.251,3306.0,18.82,1.0,1,309.25
p2_E_W.247,3282.0,43.34,18.0,2,357.08
p2_E_W.248,3288.0,38.01,13.0,3,345.89
p2_W_E.103,3284.0,23.24,8.0,1,281.67
p2_E1_W1.250,3300.0,26.89,1.0,1,306.65
p2_N3_S3.75,3300.0,26.67,10.0,1,304.56
p2_S3_W3.25,3303.0,23.94,2.0,1,321.55
p2_N2_S2.76,3320.0,7.93,0.0,0,249.96
p2_E3_W3.252,3312.0,8.89,0.0,0,253.63
p2_N3_S3.76,3320.0,9.0,0.0,0,242.42
p2_E_W.249,3294.0,24.84,5.0,1,293.16
p2_E3_W3.253,3318.0,12.66,0.0,0,249.78
p2_E_W.250,3300.0,17.69,3.0,1,276.72
p2_E3_W3.249,3294.0,25.37,5.0,1,297.45
p2_W1_N3.25,3300.0,32.75,7.0,2,317.86
p2_S2_W2.25,3303.0,28.59,14.0,1,306.07
p2_W2_N2.25,3301.0,32.32,9.0,2,337.32
p2_W3_N1.25,3301.0,33.88,11.0,3,313.53
p2_S1_N1.76,3320.0,14.72,1.0,1,278.55
p2_S2_N2.76,3320.0,14.65,0.0,0,275.86
p2_S3_N3.76,3320.0,14.85,2.0,1,284.71
p2_W3_E3.104,3298.0,34.44,17.0,2,320.11
p2_N1_S1.75,3300.0,37.09,17.0,2,338.54
p2_N1_S1.76,3320.0,17.42,4.0,1,286.48
p2_S2_N2.75,3300.0,30.97,14.0,1,302.59
p2_S3_N3.75,3300.0,33.26,16.0,2,313.31
p2_W3_E3.105,3312.0,21.97,9.0,1,279.86
p2_E3_S3.26,3363.0,18.5,7.0,1,190.56
p2_N3_E1.26,3363.0,20.03,8.0,2,195.99
p2_E1_W1.252,3312.0,32.86,15.0,2,316.51
p2_E1_W1.253,3318.0,26.85,7.0,2,311.89
p2_E1_W1.254,3324.0,22.68,2.0,1,304.41
p2_W1_E1.105,3312.0,39.52,20.0,2,331.97
p2_W1_E1.106,3327.0,24.21,10.0,1,298.77
p2_W_E.105,3312.0,28.53,14.0,1,294.59
p2_E_W.251,3306.0,48.48,30.0,3,335.44
p2_E1_W1.255,3330.0,8.63,0.0,0,248.58
p2_E1_W1.256,3336.0,8.43,0.0,0,247.11
p2_N3_S3.77,3340.0,13.73,0.0,0,263.97
p2_E_W.252,3312.0,41.73,16.0,3,348.44
p2_E_W.253,3318.0,30.84,8.0,2,327.31
p2_E_W.254,3324.0,25.13,7.0,1,304.45
p2_W_E.106,3327.0,9.7,0.0,0,246.69
p2_E_W.255,3330.0,24.61,6.0,1,292.52
p2_E3_W3.255,3330.0,24.59,7.0,2,295.99
p2_E_W.256,3336.0,25.32,6.0,1,295.97
p2_E3_W3.257,3342.0,18.66,4.0,1,277.44
p2_N1_E3.24,3243.0,75.61,40.0,5,531.76
p2_W3_E3.106,3327.0,35.44,13.0,2,339.64
p2_S1_N1.77,3340.0,24.14,5.0,1,304.77
p2_W3_E3.107,3341.0,23.25,5.0,1,298.08
p2_E3_W3.254,3324.0,29.85,11.0,2,301.56
p2_E3_W3.256,3336.0,22.78,2.0,1,293.06
p2_S2_N2.77,3340.0,22.17,5.0,2,302.35
p2_S3_N3.77,3340.0,19.07,4.0,1,287.54
p2_W2_N2.26,3360.0,10.31,0.0,0,275.43
p2_N1_S1.77,3340.0,29.02,10.0,2,313.87
p2_E1_W1.258,3348.0,25.04,7.0,2,299.74
p2_E1_W1.260,3360.0,13.03,0.0,0,271.7
p2_W_E.107,3341.0,30.08,12.0,1,311.24
p2_N2_S2.77,3340.0,25.51,12.0,1,277.7
p2_W1_E1.108,3356.0,21.82,4.0,1,302.64
p2_N2_S2.78,3360.0,19.16,6.0,1,276.78
p2_E1_W1.261,3366.0,11.78,0.0,0,268.13
p2_E1_W1.257,3342.0,29.16,10.0,1,308.49
p2_E3_W3.259,3354.0,28.44,13.0,1,297.87
p2_W_E.108,3356.0,9.7,0.0,0,259.01
p2_N3_S3.78,3360.0,22.13,9.0,1,281.67
p2_E1_W1.259,3354.0,24.87,1.0,1,307.84
p2_W1_E1.107,3341.0,28.63,7.0,2,308.88
p2_N2_E2.26,3363.0,20.78,3.0,1,299.05
p2_S3_W3.26,3363.0,20.79,3.0,1,312.89
p2_E_W.257,3342.0,32.48,13.0,2,308.04
p2_E_W.258,3348.0,28.57,9.0,2,299.72
p2_E3_W3.258,3348.0,33.12,19.0,1,308.56
p2_E3_W3.262,3372.0,14.68,0.0,0,262.5
p2_E_W.259,3354.0,30.82,8.0,1,310.9
p2_E_W.260,3360.0,27.79,7.0,1,302.2
p2_N2_S2.79,3380.0,7.69,0.0,0,242.13
p2_S2_W2.26,3363.0,26.16,4.0,1,302.24
p2_N3_S3.79,3380.0,8.97,0.0,0,235.95
p2_S2_N2.78,3360.0,31.4,11.0,2,309.07
p2_W1_N3.26,3360.0,24.06,7.0,1,285.71
p2_W3_N1.26,3360.0,31.42,15.0,2,322.99
p2_E3_W3.263,3378.0,9.22,0.0,0,258.21
p2_E3_W3.261,3366.0,26.82,5.0,1,288.8
p2_S1_N1.78,3360.0,34.07,15.0,2,315.92
p2_S3_N3.78,3360.0,33.76,14.0,2,325.46
p2_E_W.262,3372.0,22.18,8.0,1,289.4
p2_E3_W3.260,3360.0,21.62,5.0,1,277.39
p2_S1_W1.26,3363.0,30.17,9.0,2,327.04
p2_E_W.264,3384.0,11.01,0.0,0,264.45
p2_W3_E3.108,3356.0,40.72,17.0,3,348.79
p2_S1_N1.79,3380.0,14.39,0.0,0,275.37
p2_E_W.261,3366.0,31.95,11.0,1,330.98
p2_N1_S1.78,3360.0,39.59,14.0,3,341.12
p2_E3_S3.27,3423.0,17.75,5.0,1,186.08
p2_E1_W1.265,3390.0,12.43,0.0,0,289.9
p2_E1_W1.264,3384.0,19.51,2.0,1,307.81
p2_E1_W1.262,3372.0,32.79,11.0,1,334.47
p2_N3_E1.27,3423.0,11.39,1.0,1,174.76
p2_E1_W1.263,3378.0,23.62,4.0,1,309.41
p2_E1_W1.266,3396.0,10.6,0.0,0,256.51
p2_E1_S1.25,3303.0,47.88,19.0,4,446.61
p2_W1_E1.110,3384.0,25.52,6.0,2,310.09
p2_N2_S2.80,3400.0,7.95,0.0,0,248.89
p2_E2_S2.26,3363.0,37.95,18.0,2,317.99
p2_W1_E1.109,3370.0,35.13,12.0,3,329.9
p2_W_E.109,3370.0,40.0,20.0,2,331.42
p2_N1_E3.25,3303.0,54.67,18.0,5,479.17
p2_W_E.110,3384.0,18.22,2.0,1,291.99
p2_E3_W3.264,3384.0,34.88,14.0,2,323.99
p2_S2_N2.79,3380.0,34.05,13.0,2,329.62
p2_S3_N3.79,3380.0,40.42,19.0,2,337.29
p2_E3_W3.265,3390.0,26.82,7.0,2,296.7
p2_E3_W3.266,3396.0,24.77,4.0,1,304.27
p2_W3_E3.110,3384.0,35.14,17.0,1,319.39
p2_W_E.111,3399.0,23.05,11.0,1,286.03
p2_E_W.263,3378.0,44.81,15.0,3,347.08
p2_W3_E3.111,3399.0,17.06,3.0,1,268.08
p2_E3_W3.267,3402.0,15.23,3.0,1,264.24
p2_E3_W3.268,3408.0,12.95,0.0,0,256.74
p2_S3_N3.80,3400.0,25.06,13.0,1,287.0
p2_N1_S1.79,3380.0,48.18,30.0,2,354.09
p2_N1_S1.80,3400.0,28.19,15.0,1,302.22
p2_E1_W1.268,3408.0,22.03,2.0,1,328.54
p2_W3_E3.109,3370.0,37.01,17.0,2,315.11
p2_W_E.112,3413.0,12.79,0.0,0,267.94
p2_E1_S1.26,3363.0,25.84,5.0,1,395.98
p2_E_W.265,3390.0,25.37,11.0,1,289.31
p2_E_W.266,3396.0,17.49,3.0,1,270.89
p2_E_W.267,3402.0,29.41,5.0,1,296.97
p2_E1_W1.267,3402.0,18.86,4.0,1,274.49
p2_E_W.268,3408.0,17.51,0.0,0,298.93
p2_E1_W1.270,3420.0,10.8,0.0,0,252.12
p2_N3_S3.80,3400.0,36.91,18.0,2,332.75
p2_W1_E1.112,3413.0,16.93,3.0,1,274.51
p2_E_W.270,3420.0,18.37,0.0,0,276.62
p2_E_W.269,3414.0,9.33,0.0,0,246.69
p2_W1_E1.111,3399.0,34.95,7.0,3,332.5
p2_E1_W1.269,3414.0,9.08,0.0,0,251.72
p2_N2_S2.81,3420.0,14.95,2.0,1,267.49
p2_S1_N1.80,3400.0,43.36,21.0,3,350.31
p2_E3_W3.270,3420.0,21.43,7.0,1,274.4
p2_S2_N2.80,3400.0,44.33,22.0,3,356.74
p2_S2_N2.81,3420.0,24.18,6.0,2,301.53
p2_S3_W3.27,3423.0,20.52,4.0,2,297.31
p2_E3_W3.272,3432.0,12.13,0.0,0,268.99
p2_W_E.113,3428.0,22.25,9.0,1,288.2
p2_W1_N3.27,3420.0,30.73,16.0,2,300.46
p2_N2_E2.27,3423.0,26.1,4.0,2,322.02
p2_E3_W3.269,3414.0,27.52,12.0,1,298.69
p2_W3_E3.113,3428.0,25.19,6.0,2,306.01
p2_E3_W3.273,3438.0,8.87,0.0,0,243.09
p2_W3_E3.112,3413.0,40.63,17.0,3,340.56
p2_E3_S3.28,3483.0,14.84,5.0,1,183.84
p2_S2_W2.27,3423.0,32.52,9.0,2,310.71
p2_E_W.271,3426.0,30.37,11.0,2,310.94
p2_N3_E1.28,3483.0,13.59,2.0,1,178.48
p2_E3_W3.271,3426.0,13.23,0.0,0,269.7
p2_E_W.272,3432.0,26.28,10.0,1,297.24
p2_E_W.273,3438.0,18.06,4.0,1,277.39
p2_E1_W1.271,3426.0,26.92,14.0,1,288.17
p2_E1_W1.272,3432.0,20.71,8.0,1,281.41
p2_S3_N3.82,3440.0,19.92,2.0,1,298.84
p2_E1_W1.274,3444.0,14.92,0.0,0,265.34
p2_E_W.275,3450.0,11.15,0.0,0,256.91
p2_N1_S1.81,3420.0,28.63,12.0,1,301.22
p2_S3_N3.81,3420.0,37.55,24.0,1,307.48
p2_E1_W1.273,3438.0,23.76,5.0,1,297.59
p2_E_W.274,3444.0,13.52,0.0,0,260.65
p2_E1_W1.275,3450.0,13.34,0.0,0,261.76
p2_N1_S1.82,3440.0,24.48,8.0,1,301.74
p2_E2_S2.27,3423.0,36.65,17.0,3,319.79
p2_N2_S2.82,3440.0,23.9,9.0,1,288.29
p2_W1_E1.113,3428.0,40.52,17.0,2,340.6
p2_N1_S1.83,3460.0,8.31,0.0,0,236.06
p2_N2_S2.83,3460.0,8.11,0.0,0,251.57
p2_W3_N1.27,3420.0,48.36,27.0,2,349.16
p2_S1_N1.81,3420.0,50.37,28.0,2,362.36
p2_N3_S3.82,3440.0,29.86,11.0,2,318.4
p2_N3_S3.81,3420.0,41.01,16.0,3,333.94
p2_W1_E1.114,3442.0,18.33,3.0,1,274.04
p2_S1_W1.27,3423.0,47.37,25.0,3,352.45
p2_E3_W3.278,3468.0,8.32,0.0,0,245.85
p2_E3_W3.275,3450.0,26.87,6.0,2,328.13
p2_S1_N1.82,3440.0,31.11,10.0,2,296.36
p2_W_E.114,3442.0,36.98,17.0,2,325.12
p2_E1_W1.277,3462.0,19.14,6.0,1,291.59
p2_W3_E3.114,3442.0,40.52,13.0,3,342.92
p2_N1_E3.26,3363.0,70.12,32.0,4,510.35
p2_E3_W3.274,3444.0,22.45,5.0,1,295.6
p2_E1_W1.278,3468.0,15.29,2.0,1,279.35
p2_W2_N2.27,3420.0,47.22,27.0,3,331.97
p2_S2_N2.82,3440.0,27.31,10.0,2,296.44
p2_W3_E3.115,3456.0,28.44,9.0,2,297.96
p2_S3_N3.83,3460.0,24.85,10.0,1,295.41
p2_S3_N3.84,3480.0,7.1,0.0,0,249.0
p2_E1_W1.280,3480.0,8.43,0.0,0,249.54
p2_W_E.115,3456.0,15.68,0.0,0,274.35
p2_W_E.116,3471.0,9.2,0.0,0,249.74
p2_E_W.276,3456.0,36.41,17.0,2,326.1
p2_E3_W3.277,3462.0,9.59,0.0,0,245.96
p2_N2_S2.84,3480.0,9.03,0.0,0,248.37
p2_E1_W1.276,3456.0,20.22,8.0,1,272.56
p2_E_W.277,3462.0,27.77,8.0,2,294.44
p2_E3_W3.276,3456.0,10.01,0.0,0,257.58
p2_W1_E1.116,3471.0,24.41,11.0,1,275.52
p2_N1_S1.84,3480.0,8.14,0.0,0,251.7
p2_E1_W1.279,3474.0,9.34,0.0,0,248.21
p2_W1_E1.115,3456.0,30.68,11.0,2,314.36
p2_S1_N1.83,3460.0,33.72,11.0,2,335.97
p2_N3_S3.83,3460.0,31.74,13.0,2,302.3
p2_W3_N1.28,3480.0,21.03,8.0,1,275.3
p2_S1_N1.84,3480.0,24.25,11.0,1,279.95
p2_S2_N2.84,3480.0,25.86,9.0,1,297.78
p2_N2_E2.28,3483.0,23.66,5.0,2,307.04
p2_E3_W3.280,3480.0,27.7,10.0,2,306.34
p2_W_E.118,3500.0,8.01,0.0,0,251.98
p2_S1_N1.85,3500.0,7.69,0.0,0,241.64
p2_E1_S1.27,3423.0,40.91,18.0,3,447.62
p2_W_E.117,3485.0,23.82,5.0,2,321.59
p2_S2_N2.83,3460.0,33.65,9.0,3,326.68
p2_S3_W3.28,3483.0,26.59,3.0,2,324.24
p2_S1_W1.28,3483.0,23.98,7.0,1,305.62
p2_E3_W3.281,3486.0,24.28,3.0,3,298.6
p2_E3_W3.279,3474.0,37.04,12.0,2,333.02
p2_E3_W3.282,3492.0,21.2,0.0,0,298.09
p2_E1_W1.282,3492.0,22.03,9.0,1,282.13
p2_E1_W1.284,3504.0,11.52,0.0,0,258.14
p2_W3_E3.116,3471.0,45.54,21.0,3,353.54
p2_W3_E3.117,3485.0,31.36,13.0,2,315.46
p2_E_W.279,3474.0,44.41,20.0,3,358.11
p2_E1_W1.285,3510.0,7.8,0.0,0,240.56
p2_E1_W1.283,3498.0,21.52,3.0,1,278.16
p2_E_W.280,3480.0,41.17,11.0,3,346.51
p2_E_W.281,3486.0,28.41,7.0,1,311.78
p2_E3_S3.29,3543.0,17.57,5.0,1,186.16
p2_E1_W1.281,3486.0,25.66,11.0,1,287.02
p2_N3_E1.29,3543.0,12.54,2.0,1,178.9
p2_E_W.278,3468.0,42.14,18.0,3,339.49
p2_E2_S2.28,3483.0,25.18,1.0,1,306.09
p2_E_W.282,3492.0,24.75,2.0,1,297.81
p2_N2_S2.85,3500.0,25.23,13.0,1,288.0
p2_N3_S3.84,3480.0,49.24,25.0,3,362.69
p2_S3_N3.85,3500.0,10.36,0.0,0,248.19
p2_E3_W3.285,3510.0,20.41,5.0,1,298.67
p2_W1_E1.118,3500.0,30.97,13.0,2,311.82
p2_N1_E3.27,3423.0,62.71,26.0,5,505.59
p2_E3_W3.286,3516.0,16.17,1.0,1,286.45
p2_W1_E1.117,3485.0,46.49,19.0,3,356.51
p2_E3_W3.283,3498.0,30.35,12.0,1,294.52
p2_S2_N2.85,3500.0,29.55,11.0,2,301.16
p2_E3_W3.284,3504.0,30.02,11.0,1,323.33
p2_S2_W2.28,3483.0,50.21,25.0,4,365.85
p2_W_E.120,3528.0,7.99,0.0,0,242.56
p2_E3_W3.288,3528.0,8.03,0.0,0,247.6
p2_W2_N2.28,3480.0,40.22,17.0,3,347.87
p2_E3_W3.287,3522.0,8.54,0.0,0,241.62
p2_W1_N3.28,3480.0,57.49,31.0,4,369.88
p2_W_E.119,3514.0,23.58,8.0,1,279.09
p2_E1_W1.287,3522.0,18.32,4.0,1,282.06
p2_S3_N3.86,3520.0,22.44,9.0,1,282.15
p2_W3_E3.119,3514.0,27.65,10.0,1,309.22
p2_N1_S1.85,3500.0,42.57,17.0,3,346.66
p2_E1_W1.288,3528.0,17.04,0.0,0,266.16
p2_E1_W1.289,3534.0,8.43,0.0,0,242.6
p2_W3_E3.118,3500.0,33.88,11.0,2,325.92
p2_E1_W1.290,3540.0,7.84,0.0,0,245.65
p2_N2_S2.87,3540.0,10.57,0.0,0,275.38
p2_E_W.283,3498.0,50.19,30.0,3,352.69
p2_N2_S2.86,3520.0,23.28,8.0,1,294.75
p2_N3_S3.86,3520.0,35.36,17.0,2,318.82
p2_E_W.284,3504.0,40.27,15.0,3,347.07
p2_W1_E1.119,3514.0,42.56,17.0,3,348.91
p2_W1_E1.120,3528.0,27.67,11.0,1,304.5
p2_E_W.286,3516.0,40.65,12.0,1,341.6
p2_N1_E3.28,3483.0,26.55,6.0,1,420.08
p2_S1_N1.86,3520.0,38.88,16.0,3,343.62
p2_E_W.287,3522.0,36.66,12.0,1,328.87
p2_E_W.285,3510.0,31.52,11.0,1,316.21
p2_S3_W3.29,3543.0,16.42,0.0,0,293.41
p2_E1_S1.28,3483.0,33.82,11.0,2,428.81
p2_E_W.289,3534.0,23.96,5.0,2,297.06
p2_E3_W3.289,3534.0,27.9,16.0,1,290.56
p2_E1_W1.286,3516.0,16.82,2.0,1,281.81
p2_E2_S2.29,3543.0,11.85,0.0,0,262.8
p2_E_W.290,3540.0,23.77,1.0,1,294.53
p2_S1_N1.87,3540.0,23.83,10.0,1,280.41
p2_E_W.291,3546.0,10.22,0.0,0,257.78
p2_E3_W3.291,3546.0,17.85,4.0,1,281.79
p2_W3_N1.29,3540.0,20.7,8.0,1,276.04
p2_E3_W3.292,3552.0,13.66,1.0,1,271.22
p2_E3_W3.290,3540.0,20.11,7.0,1,278.49
p2_W_E.121,3543.0,19.65,6.0,1,283.48
p2_N3_S3.85,3500.0,25.91,0.0,0,306.55
p2_E3_W3.293,3558.0,10.38,0.0,0,254.39
p2_S1_N1.88,3560.0,8.43,0.0,0,244.18
p2_S2_N2.86,3520.0,37.61,14.0,3,346.56
p2_W3_E3.120,3528.0,40.61,16.0,2,343.04
p2_E_W.288,3528.0,24.13,6.0,1,295.47
p2_S2_N2.87,3540.0,32.22,12.0,2,314.72
p2_S1_W1.29,3543.0,20.29,6.0,1,288.62
p2_S2_N2.88,3560.0,7.9,0.0,0,239.85
p2_W3_E3.121,3543.0,10.14,0.0,0,249.16
p2_S3_N3.88,3560.0,14.76,0.0,0,274.23
p2_E1_W1.291,3546.0,25.68,8.0,2,309.67
p2_E1_W1.293,3558.0,17.26,3.0,1,268.46
p2_N1_S1.87,3540.0,25.76,12.0,1,285.77
p2_E1_W1.292,3552.0,26.43,10.0,1,295.06
p2_N1_S1.86,3520.0,41.96,19.0,2,336.95
p2_N2_S2.88,3560.0,17.56,5.0,1,271.24
p2_E1_W1.294,3564.0,12.52,1.0,1,264.82
p2_N3_S3.88,3560.0,21.42,8.0,1,286.0
p2_N3_S3.87,3540.0,42.02,16.0,3,345.68
p2_W1_N3.29,3540.0,41.85,18.0,3,346.7
p2_W1_E1.121,3543.0,39.38,17.0,3,342.37
p2_S3_N3.87,3540.0,19.81,5.0,1,286.33
p2_E1_W1.295,3570.0,7.91,0.0,0,242.7
p2_W1_E1.122,3557.0,27.11,7.0,1,328.53
p2_S2_W2.29,3543.0,42.42,19.0,4,352.8
p2_W2_N2.29,3540.0,47.09,21.0,3,353.47
p2_E3_W3.294,3564.0,24.29,12.0,1,292.42
p2_E3_W3.295,3570.0,18.19,5.0,1,282.12
p2_N2_E2.29,3543.0,32.6,12.0,3,303.83
p2_E_W.293,3558.0,25.94,6.0,1,299.47
p2_E3_W3.297,3582.0,8.41,0.0,0,249.96
p2_E_W.295,3570.0,16.48,0.0,0,278.64
p2_E_W.292,3552.0,28.76,8.0,1,306.61
p2_W_E.122,3557.0,22.4,8.0,1,279.15
p2_W3_E3.122,3557.0,34.99,14.0,2,323.65
p2_E_W.296,3576.0,15.45,0.0,0,281.58
p2_E3_W3.296,3576.0,12.97,0.0,0,276.49
p2_E_W.294,3564.0,29.8,1.0,1,316.07
p2_W3_E3.123,3572.0,21.8,4.0,1,296.42
p2_S1_N1.89,3580.0,15.46,2.0,1,273.19
p2_N1_S1.88,3560.0,40.52,16.0,1,343.44
p2_S3_N3.89,3580.0,20.89,8.0,1,286.21
p2_E1_W1.299,3594.0,9.4,0.0,0,256.22
p2_E1_W1.297,3582.0,18.69,5.0,1,273.33
p2_N1_S1.89,3580.0,24.79,13.0,1,292.28
p2_E1_W1.298,3588.0,16.8,3.0,1,267.81
p2_N3_S3.89,3580.0,27.33,8.0,2,313.42
p2_W1_E1.123,3572.0,36.55,14.0,3,342.92
p2_W1_E1.124,3586.0,22.57,4.0,2,299.21
p2_E1_W1.296,3576.0,22.66,10.0,1,282.02
p2_E_W.299,3594.0,17.97,3.0,1,297.03
p2_E3_W3.299,3594.0,20.45,5.0,1,275.1
p2_W_E.124,3586.0,23.78,9.0,1,290.38
p2_E_W.297,3582.0,23.87,7.0,1,299.69
p2_W_E.123,3572.0,33.91,13.0,2,307.3
p2_W3_E3.124,3586.0,34.2,11.0,2,328.66
p2_E3_W3.298,3588.0,23.08,8.0,1,286.82
p2_S2_N2.89,3580.0,18.03,3.0,1,286.8
p2_E_W.298,3588.0,12.11,0.0,0,266.5
p2_N2_S2.89,3580.0,53.32,28.0,3,362.93
p2_N1_E3.29,3543.0,47.67,17.0,4,482.34
p2_E1_S1.29,3543.0,50.29,21.0,4,446.95
