id,depart,timeloss,espera,paradas,co2
p1_S2_N2.0,0.0,5.85,0.0,0,149.11
p1_N2_S2.0,0.0,6.62,0.0,0,156.33
p1_N1_S1.0,0.0,14.07,4.0,1,177.32
p1_N1_S1.1,10.0,9.75,0.0,0,174.28
p1_S1_N1.0,0.0,8.26,0.0,0,167.89
p1_S1_N1.1,10.0,7.25,0.0,0,161.25
p1_N1_S1.2,20.0,5.41,0.0,0,147.15
p1_S1_N1.2,20.0,5.55,0.0,0,152.47
p1_N2_W.0,3.0,8.8,0.0,0,206.64
p1_S2_N2.1,10.0,27.53,18.0,1,200.53
p1_N2_S2.1,10.0,27.9,15.0,1,202.94
p1_N2_S2.2,20.0,19.91,8.0,1,193.66
p1_N2_S2.3,30.0,9.87,0.0,0,171.18
p1_S2_N2.2,20.0,15.76,5.0,1,181.59
p1_S2_N2.3,30.0,14.92,0.0,0,180.45
p1_S2_N2.4,40.0,6.69,0.0,0,156.31
p1_E_W.0,0.0,15.85,4.0,1,224.91
p1_E_N1.0,3.0,18.55,3.0,1,240.91
p1_E_W.1,8.0,25.47,2.0,1,260.17
p1_E_W.2,15.0,15.75,0.0,0,245.53
p1_E_W.3,22.0,14.91,0.0,0,238.99
p1_W_S2.0,3.0,34.61,17.0,1,270.27
p1_W_E.0,0.0,25.47,12.0,1,234.13
p1_S1_E.0,3.0,31.39,9.0,1,275.81
p1_W_E.1,6.0,36.81,17.0,1,286.02
p1_W_E.2,9.0,35.26,17.0,1,286.81
p1_W_E.3,12.0,33.05,13.0,1,286.65
p1_W_E.4,15.0,32.56,12.0,1,275.17
p1_W_E.5,18.0,31.73,12.0,1,273.06
p1_S1_N1.3,30.0,41.9,32.0,1,227.43
p1_W_E.6,21.0,30.55,10.0,1,275.72
p1_N1_S1.3,30.0,40.36,30.0,1,217.58
p1_W_E.7,24.0,29.39,9.0,1,270.37
p1_N1_S1.4,40.0,36.21,23.0,1,213.63
p1_S1_N1.4,40.0,36.35,25.0,1,220.8
p1_N1_S1.5,50.0,28.01,15.0,1,210.6
p1_W_E.8,27.0,20.5,6.0,1,237.7
p1_W_E.9,30.0,23.76,6.0,1,240.58
p1_W_S2.1,36.0,23.97,6.0,1,264.41
p1_W_E.10,33.0,28.64,6.0,1,260.53
p1_S1_N1.5,50.0,23.08,10.0,1,184.47
p1_W_E.11,39.0,17.86,0.0,0,236.05
p1_N1_S1.6,60.0,10.94,0.0,0,166.67
p1_S1_N1.6,60.0,26.32,6.0,1,199.56
p1_N1_S1.7,70.0,17.65,0.0,0,190.09
p1_W_E.12,42.0,20.32,0.0,0,252.36
p1_S1_N1.7,70.0,18.06,1.0,1,198.29
p1_W_E.13,45.0,21.34,0.0,0,261.81
p1_E_W.4,29.0,40.49,21.0,2,284.69
p1_E_N1.1,32.0,33.24,16.0,2,258.35
p1_N2_S2.4,40.0,56.03,39.0,1,248.42
p1_S2_N2.5,50.0,39.49,29.0,1,218.72
p1_S2_N2.6,60.0,39.34,23.0,1,228.49
p1_E_W.5,36.0,28.16,8.0,2,258.67
p1_S2_N2.7,70.0,31.08,14.0,1,220.09
p1_E_W.6,44.0,36.91,6.0,2,277.47
p1_N2_S2.5,50.0,43.36,32.0,1,221.53
p1_S2_N2.8,80.0,20.71,5.0,1,211.46
p1_E_W.7,51.0,31.79,0.0,0,274.96
p1_N2_S2.6,60.0,44.22,26.0,1,232.98
p1_S2_N2.9,90.0,14.64,0.0,0,196.95
p1_E_W.8,58.0,26.42,0.0,0,262.92
p1_N2_S2.7,70.0,35.97,20.0,1,225.11
p1_E_N1.2,61.0,16.96,0.0,0,235.13
p1_E_W.9,65.0,21.07,0.0,0,250.74
p1_N2_S2.8,80.0,26.37,10.0,1,210.5
p1_E_W.10,72.0,15.79,0.0,0,237.62
p1_N2_S2.9,90.0,19.57,3.0,1,205.55
p1_S2_N2.10,100.0,5.63,0.0,0,156.85
p1_E_W.11,80.0,9.62,0.0,0,210.53
p1_W_E.14,48.0,46.78,23.0,1,308.14
p1_W_E.15,51.0,36.64,21.0,1,257.17
p1_W_E.16,54.0,50.34,20.0,1,292.54
p1_S1_E.1,33.0,69.5,46.0,2,336.25
p1_S1_E.2,63.0,44.83,17.0,2,307.54
p1_W_E.17,57.0,45.42,20.0,2,311.04
p1_W_E.18,59.0,52.6,18.0,2,334.88
p1_S1_N1.8,80.0,53.62,41.0,1,247.47
p1_N1_S1.8,80.0,53.84,42.0,1,248.42
p1_W_E.19,62.0,39.42,16.0,2,275.74
p1_W_S2.2,68.0,45.36,14.0,1,289.98
p1_S1_N1.9,90.0,45.74,34.0,1,228.3
p1_N1_S1.9,90.0,44.97,34.0,1,228.75
p1_W_E.20,65.0,48.53,16.0,2,286.0
p1_N1_S1.10,100.0,38.12,27.0,1,218.09
p1_N2_W.1,33.0,52.33,38.0,1,283.54
p1_W_E.21,71.0,46.56,13.0,1,291.13
p1_N1_S1.11,110.0,29.83,18.0,1,208.62
p1_N2_W.2,63.0,56.18,25.0,1,290.33
p1_W_E.22,74.0,45.32,13.0,1,287.59
p1_W_E.23,77.0,43.98,12.0,1,298.36
p1_S1_N1.10,100.0,39.45,26.0,1,220.41
p1_N1_S1.12,120.0,21.8,9.0,1,196.75
p1_N1_S1.13,130.0,13.53,0.0,0,177.32
p1_W_E.24,80.0,36.88,10.0,1,280.86
p1_N1_S1.14,140.0,6.28,0.0,0,148.98
p1_W_E.25,83.0,42.88,9.0,1,292.32
p1_W_E.26,86.0,41.72,9.0,1,306.53
p1_S1_N1.11,110.0,26.58,14.0,1,194.07
p1_W_E.27,89.0,37.9,7.0,1,290.51
p1_S1_N1.12,120.0,31.03,10.0,1,210.1
p1_N2_W.3,93.0,37.2,13.0,2,290.74
p1_W_E.28,92.0,35.74,5.0,1,283.68
p1_E_W.12,87.0,45.02,26.0,2,302.9
p1_W_E.29,95.0,38.01,4.0,1,291.41
p1_E_W.13,94.0,42.63,20.0,2,280.89
p1_E_N1.3,90.0,42.09,23.0,2,281.58
p1_N2_S2.10,100.0,59.72,44.0,1,259.85
p1_S2_N2.11,110.0,49.31,39.0,1,242.91
p1_W_E.30,98.0,26.09,0.0,0,257.06
p1_E_W.14,101.0,37.55,15.0,2,286.16
p1_N2_S2.11,110.0,51.37,39.0,1,239.3
p1_S2_N2.12,120.0,41.56,29.0,1,224.49
p1_E_W.15,108.0,32.39,9.0,2,278.87
p1_E_W.16,116.0,26.32,4.0,1,268.7
p1_S2_N2.13,130.0,33.12,20.0,1,207.53
p1_N2_S2.12,120.0,41.51,31.0,1,224.42
p1_S2_N2.14,140.0,23.62,11.0,1,186.18
p1_N2_S2.13,130.0,38.13,24.0,1,218.88
p1_S2_N2.15,150.0,15.24,2.0,1,184.74
p1_E_N1.4,120.0,19.5,3.0,1,243.43
p1_E_W.17,123.0,21.64,1.0,1,240.72
p1_E_W.18,130.0,22.13,0.0,0,243.74
p1_E_W.19,137.0,16.8,0.0,0,244.21
p1_S2_N2.16,160.0,6.41,0.0,0,152.55
p1_N2_S2.14,140.0,24.43,11.0,1,187.14
p1_N2_S2.15,150.0,24.98,7.0,1,195.78
p1_W_S2.3,101.0,49.38,16.0,1,308.99
p1_W_E.31,104.0,40.23,14.0,1,288.69
p1_S1_N1.13,130.0,59.02,40.0,2,256.58
p1_W_E.32,107.0,61.29,14.0,1,316.5
p1_S1_N1.14,140.0,51.11,36.0,1,237.2
p1_W_E.33,110.0,45.97,13.0,1,303.3
p1_W_E.34,113.0,59.03,13.0,1,318.9
p1_N1_S1.15,150.0,35.61,26.0,1,206.8
p1_S1_N1.15,150.0,41.89,30.0,1,226.31
p1_S1_E.3,93.0,79.51,45.0,2,361.35
p1_N1_S1.16,160.0,35.62,19.0,1,212.9
p1_S1_E.4,123.0,48.62,15.0,2,325.09
p1_N1_S1.17,170.0,22.68,7.0,1,190.78
p1_S1_N1.16,160.0,38.04,25.0,1,217.33
p1_W_E.35,116.0,52.65,26.0,2,326.42
p1_N1_S1.18,180.0,14.19,0.0,0,184.46
p1_S1_N1.17,170.0,30.48,16.0,1,207.12
p1_W_E.36,120.0,59.51,25.0,2,340.09
p1_S1_N1.18,180.0,22.22,9.0,1,209.07
p1_W_E.37,123.0,54.73,22.0,2,336.34
p1_W_S2.4,135.0,46.87,16.0,2,306.73
p1_W_E.38,126.0,57.08,20.0,2,340.71
p1_N1_S1.19,190.0,5.83,0.0,0,152.54
p1_W_E.39,129.0,47.38,19.0,2,318.15
p1_W_E.40,132.0,51.28,18.0,2,332.16
p1_W_E.41,138.0,48.82,14.0,2,325.49
p1_N2_W.4,123.0,56.36,37.0,2,309.09
p1_W_E.42,141.0,40.55,11.0,2,280.19
p1_W_E.43,144.0,46.01,9.0,2,301.2
p1_E_N1.5,150.0,35.84,14.0,1,269.73
p1_E_W.20,144.0,35.16,18.0,1,276.11
p1_W_E.44,147.0,40.67,7.0,2,292.2
p1_E_W.21,153.0,42.16,14.0,1,285.84
p1_W_E.45,150.0,46.09,6.0,1,313.1
p1_E_W.22,159.0,36.73,12.0,1,297.3
p1_W_E.46,153.0,44.94,6.0,2,327.28
p1_E_W.23,166.0,26.81,3.0,1,252.91
p1_W_E.47,156.0,43.69,6.0,2,330.82
p1_E_W.24,173.0,27.67,0.0,0,265.42
p1_W_E.48,159.0,34.02,4.0,2,276.05
p1_E_W.25,180.0,15.22,0.0,0,229.56
p1_W_E.49,162.0,41.46,1.0,1,296.2
p1_S2_N2.17,170.0,55.93,44.0,1,244.06
p1_N2_S2.16,160.0,67.63,46.0,2,273.64
p1_S2_N2.18,180.0,47.6,36.0,1,221.97
p1_E_W.26,188.0,17.7,0.0,0,226.42
p1_E_N1.6,183.0,15.86,0.0,0,220.62
p1_N2_S2.17,170.0,59.55,45.0,1,245.65
p1_S2_N2.19,190.0,39.55,27.0,1,223.35
p1_E_W.27,195.0,12.54,0.0,0,219.24
p1_S2_N2.20,200.0,31.48,20.0,1,210.76
p1_N2_S2.18,180.0,51.79,38.0,1,243.9
p1_S2_N2.21,210.0,23.2,10.0,1,202.28
p1_S2_N2.22,220.0,13.97,2.0,1,182.92
p1_N2_S2.19,190.0,44.95,32.0,1,231.03
p1_S2_N2.23,230.0,7.74,0.0,0,162.61
p1_N2_S2.20,200.0,37.77,24.0,1,224.18
p1_E_N1.7,212.0,13.14,0.0,0,224.44
p1_N2_S2.21,210.0,24.09,10.0,1,188.26
p1_W_E.50,165.0,60.93,22.0,1,344.35
p1_E_W.28,202.0,8.5,0.0,0,197.58
p1_W_S2.5,168.0,60.73,21.0,1,345.08
p1_E_W.29,209.0,20.75,0.0,0,215.41
p1_S1_E.5,153.0,77.59,51.0,2,361.57
p1_N2_W.5,153.0,78.13,52.0,2,349.8
p1_W_E.51,171.0,61.83,35.0,2,334.56
p1_N1_S1.20,200.0,55.15,44.0,1,240.8
p1_S1_N1.19,190.0,67.51,47.0,1,266.79
p1_N1_S1.21,210.0,48.12,36.0,1,228.93
p1_W_E.52,174.0,56.13,31.0,2,309.13
p1_S1_N1.20,200.0,59.24,44.0,1,246.01
p1_N1_S1.22,220.0,39.77,27.0,1,224.45
p1_W_E.53,177.0,58.06,28.0,2,323.53
p1_S1_N1.21,210.0,51.05,39.0,1,244.9
p1_W_E.54,180.0,61.36,28.0,3,319.59
p1_N1_S1.23,230.0,29.75,18.0,1,204.16
p1_W_E.55,184.0,56.26,24.0,2,314.33
p1_N1_S1.24,240.0,23.56,10.0,1,194.78
p1_W_E.56,187.0,56.23,22.0,2,314.43
p1_S1_N1.22,220.0,46.52,32.0,1,229.23
p1_N1_S1.25,250.0,17.11,2.0,1,198.76
p1_W_E.57,190.0,56.61,22.0,3,323.3
p1_S1_N1.23,230.0,38.16,23.0,1,210.58
p1_W_E.58,193.0,50.01,21.0,2,297.48
p1_S1_N1.24,240.0,29.85,14.0,1,210.61
p1_W_E.59,196.0,48.54,22.0,2,292.82
p1_N1_S1.26,260.0,6.21,0.0,0,155.0
p1_W_S2.6,202.0,49.28,14.0,2,298.97
p1_W_E.60,199.0,39.72,15.0,3,269.4
p1_N2_W.6,183.0,70.46,48.0,2,328.18
p1_W_E.61,205.0,55.13,15.0,2,305.62
p1_N2_W.7,213.0,44.43,17.0,2,296.7
p1_W_E.62,208.0,53.8,13.0,2,319.6
p1_E_W.30,216.0,45.66,27.0,2,305.26
p1_W_E.63,211.0,52.65,11.0,2,312.22
p1_E_W.31,224.0,39.35,19.0,2,289.01
p1_W_E.64,214.0,41.09,8.0,2,298.88
p1_E_W.32,231.0,30.82,12.0,2,260.15
p1_W_E.65,217.0,39.13,8.0,2,303.37
p1_E_W.33,238.0,29.69,6.0,2,267.66
p1_W_E.66,220.0,47.03,7.0,2,315.28
p1_W_E.67,223.0,48.14,6.0,1,332.17
p1_E_N1.8,241.0,27.15,5.0,2,264.24
p1_E_W.34,245.0,26.94,1.0,1,270.39
p1_W_E.68,226.0,46.81,7.0,1,333.38
p1_S2_N2.24,240.0,56.37,45.0,1,246.02
p1_E_W.35,252.0,18.35,0.0,0,229.23
p1_S2_N2.25,250.0,48.34,36.0,1,230.04
p1_E_W.36,260.0,13.85,0.0,0,224.47
p1_N2_S2.22,220.0,73.06,55.0,2,273.08
p1_S2_N2.26,260.0,38.9,27.0,1,220.36
p1_E_W.37,267.0,12.64,0.0,0,215.92
p1_N2_S2.23,230.0,62.81,46.0,1,259.52
p1_S2_N2.27,270.0,30.13,19.0,1,205.15
p1_S2_N2.28,280.0,25.85,11.0,1,200.87
p1_S2_N2.29,290.0,17.54,2.0,1,194.85
p1_N2_S2.24,240.0,53.28,41.0,1,235.68
p1_S2_N2.30,300.0,8.23,0.0,0,165.13
p1_N2_S2.25,250.0,60.68,39.0,1,246.22
p1_E_W.38,274.0,15.31,0.0,0,222.84
p1_N2_S2.26,260.0,52.47,31.0,1,247.55
p1_N2_S2.27,270.0,40.86,23.0,1,228.62
p1_E_N1.9,270.0,8.75,0.0,0,203.55
p1_E_W.39,281.0,6.93,0.0,0,187.72
p1_N2_S2.28,280.0,35.93,17.0,1,227.65
p1_S2_N2.31,310.0,5.98,0.0,0,147.5
p1_W_E.69,229.0,73.65,34.0,2,359.72
p1_N2_S2.29,290.0,17.5,3.0,1,180.56
p1_N2_S2.30,300.0,16.68,0.0,0,184.74
p1_W_E.70,232.0,73.32,33.0,2,358.22
p1_N1_S1.27,270.0,61.28,51.0,1,247.86
p1_W_S2.7,235.0,68.52,31.0,2,337.53
p1_W_E.71,238.0,71.08,32.0,2,343.69
p1_S1_N1.25,250.0,78.41,58.0,2,284.5
p1_N1_S1.28,280.0,51.55,40.0,1,237.41
p1_S1_N1.26,260.0,76.18,51.0,1,287.06
p1_N1_S1.29,290.0,46.96,35.0,1,249.64
p1_S1_N1.27,270.0,67.81,52.0,1,269.38
p1_N1_S1.30,300.0,37.78,24.0,1,216.32
p1_N1_S1.31,310.0,30.53,17.0,1,207.74
p1_S1_E.6,183.0,120.26,77.0,5,414.17
p1_S1_N1.28,280.0,59.51,45.0,1,251.39
p1_S1_E.7,213.0,107.36,64.0,3,400.96
p1_N1_S1.32,320.0,22.29,7.0,1,193.61
p1_S1_N1.29,290.0,53.2,38.0,1,255.83
p1_S1_E.8,243.0,72.9,36.0,2,346.94
p1_S1_N1.30,300.0,43.22,29.0,1,231.59
p1_W_E.72,241.0,76.11,44.0,2,358.97
p1_N1_S1.33,330.0,10.43,0.0,0,173.03
p1_N1_S1.34,340.0,7.64,0.0,0,149.13
p1_W_E.73,244.0,82.31,44.0,2,374.99
p1_W_E.74,247.0,81.0,43.0,2,369.57
p1_S1_N1.31,310.0,39.48,24.0,1,225.33
p1_W_E.75,250.0,75.68,43.0,2,354.84
p1_W_E.76,253.0,78.65,42.0,2,348.31
p1_W_E.77,256.0,77.47,40.0,2,345.44
p1_N2_W.8,243.0,87.0,64.0,2,354.91
p1_N2_W.9,273.0,62.12,37.0,2,311.85
p1_W_E.78,259.0,70.31,38.0,2,331.41
p1_N2_W.10,303.0,33.89,10.0,1,274.02
p1_W_E.79,262.0,66.35,36.0,2,320.4
p1_E_W.40,288.0,49.47,32.0,2,302.63
p1_W_E.80,265.0,67.8,34.0,2,320.09
p1_W_S2.8,268.0,65.52,30.0,2,313.61
p1_E_W.41,296.0,44.7,24.0,2,285.05
p1_W_E.81,271.0,64.14,30.0,2,311.49
p1_W_E.82,274.0,69.17,28.0,2,322.97
p1_E_N1.10,300.0,42.89,20.0,2,295.63
p1_E_W.42,303.0,41.75,18.0,2,285.31
p1_W_E.83,277.0,58.61,26.0,2,306.93
p1_E_W.43,310.0,34.19,11.0,2,271.68
p1_W_E.84,280.0,68.68,25.0,2,327.06
p1_E_W.44,317.0,31.84,4.0,2,278.26
p1_W_E.85,283.0,56.01,23.0,2,295.16
p1_E_W.45,324.0,26.57,0.0,0,277.33
p1_W_E.86,286.0,56.05,19.0,2,312.75
p1_W_E.87,289.0,57.6,20.0,2,312.67
p1_N2_S2.31,310.0,67.6,51.0,1,266.63
p1_S2_N2.32,320.0,58.08,47.0,1,251.28
p1_E_W.46,333.0,23.57,0.0,0,248.45
p1_N2_S2.32,320.0,59.51,47.0,1,248.54
p1_S2_N2.33,330.0,49.94,38.0,1,235.79
p1_E_N1.11,330.0,17.71,0.0,0,242.42
p1_E_W.47,339.0,19.87,0.0,0,238.51
p1_N2_S2.33,330.0,51.28,40.0,1,237.98
p1_E_W.48,346.0,14.65,0.0,0,234.07
p1_S2_N2.34,340.0,38.67,26.0,1,214.68
p1_N2_S2.34,340.0,46.21,32.0,1,227.83
p1_S2_N2.35,350.0,36.12,21.0,1,215.93
p1_N2_S2.35,350.0,38.27,23.0,1,225.95
p1_S2_N2.36,360.0,27.83,13.0,1,215.23
p1_S2_N2.37,370.0,14.49,0.0,0,184.19
p1_N2_S2.36,360.0,29.56,14.0,1,204.13
p1_E_N1.12,363.0,13.12,0.0,0,218.0
p1_E_W.49,353.0,7.83,0.0,0,199.32
p1_E_W.50,360.0,19.09,0.0,0,218.43
p1_S2_N2.38,380.0,6.93,0.0,0,155.74
p1_W_E.88,292.0,84.43,40.0,3,365.9
p1_W_E.89,295.0,87.42,38.0,2,365.03
p1_N2_S2.37,370.0,16.15,0.0,0,185.16
p1_S1_N1.32,320.0,87.38,69.0,2,303.12
p1_N1_S1.35,350.0,57.08,46.0,1,251.6
p1_W_S2.9,300.0,86.73,35.0,2,346.54
p1_S1_N1.33,330.0,79.71,60.0,2,288.63
p1_N1_S1.36,360.0,48.33,37.0,1,231.68
p1_W_E.90,298.0,70.27,37.0,2,324.35
p1_N1_S1.37,370.0,38.17,27.0,1,214.95
p1_S1_N1.34,340.0,70.93,49.0,1,265.75
p1_W_E.91,304.0,89.93,33.0,2,354.21
p1_N1_S1.38,380.0,37.14,22.0,1,221.17
p1_S1_N1.35,350.0,65.97,49.0,1,261.71
p1_W_E.92,307.0,75.49,32.0,2,330.95
p1_N1_S1.39,390.0,24.19,11.0,1,210.05
p1_W_E.93,310.0,89.12,30.0,2,357.32
p1_N1_S1.40,400.0,20.71,4.0,1,207.2
p1_S1_E.9,273.0,123.24,80.0,3,440.22
p1_N1_S1.41,410.0,12.48,0.0,0,191.58
p1_S1_E.10,303.0,90.55,47.0,3,384.04
p1_S1_N1.36,360.0,51.12,40.0,1,234.25
p1_W_E.94,313.0,91.71,38.0,2,391.91
p1_S1_N1.37,370.0,56.05,37.0,1,257.25
p1_N1_S1.42,420.0,6.14,0.0,0,157.44
p1_S1_N1.38,380.0,47.73,29.0,1,251.63
p1_W_E.95,316.0,83.94,39.0,2,365.92
p1_S1_N1.39,390.0,39.39,20.0,1,243.49
p1_W_E.96,319.0,81.12,38.0,2,366.3
p1_W_E.97,322.0,87.33,36.0,2,369.11
p1_S1_N1.40,400.0,28.77,13.0,1,220.38
p1_W_S2.10,334.0,77.0,32.0,2,342.24
p1_W_E.98,325.0,82.07,36.0,2,348.72
p1_W_E.99,328.0,85.51,35.0,2,370.7
p1_N2_W.11,333.0,80.75,60.0,2,350.82
p1_W_E.100,331.0,84.43,35.0,2,344.1
p1_W_E.101,337.0,79.99,32.0,2,355.09
p1_N2_W.12,363.0,52.49,27.0,2,307.82
p1_W_E.102,340.0,73.52,30.0,3,341.24
p1_E_W.51,368.0,50.35,33.0,2,302.92
p1_E_W.52,375.0,45.12,22.0,2,296.5
p1_W_E.103,343.0,77.7,29.0,2,353.42
p1_W_E.104,346.0,76.45,28.0,2,351.67
p1_W_E.105,349.0,75.14,27.0,2,366.67
p1_N2_S2.38,380.0,68.27,46.0,1,267.44
p1_E_W.53,382.0,29.22,10.0,2,258.02
p1_N2_S2.39,390.0,60.11,46.0,1,249.8
p1_S2_N2.39,390.0,58.31,47.0,1,251.69
p1_E_W.54,389.0,40.79,9.0,2,275.89
p1_E_N1.13,392.0,27.14,5.0,1,264.22
p1_E_W.55,396.0,23.67,4.0,1,249.9
p1_N2_S2.40,400.0,54.1,40.0,1,237.33
p1_S2_N2.40,400.0,44.16,33.0,1,226.79
p1_E_W.56,404.0,24.22,3.0,1,254.63
p1_N2_S2.41,410.0,48.96,35.0,1,236.76
p1_S2_N2.41,410.0,44.08,27.0,1,224.79
p1_E_W.57,411.0,27.83,3.0,1,266.47
p1_N2_S2.42,420.0,40.76,24.0,1,230.82
p1_S2_N2.42,420.0,40.97,21.0,1,234.99
p1_E_W.58,418.0,22.63,0.0,0,261.56
p1_E_N1.14,420.0,14.95,0.0,0,233.52
p1_S2_N2.43,430.0,28.91,12.0,1,214.21
p1_E_W.59,425.0,17.38,0.0,0,255.5
p1_S2_N2.44,440.0,24.62,6.0,1,204.91
p1_E_W.60,432.0,9.41,0.0,0,216.75
p1_S2_N2.45,450.0,14.83,0.0,0,200.69
p1_S2_N2.46,460.0,8.46,0.0,0,172.1
p1_N2_S2.43,430.0,29.17,14.0,1,203.13
p1_N2_S2.44,440.0,32.76,11.0,1,213.69
p1_N2_S2.45,450.0,13.99,0.0,0,188.94
p1_W_E.106,352.0,100.69,51.0,3,389.97
p1_W_E.107,355.0,100.96,49.0,3,391.98
p1_W_E.108,358.0,101.76,45.0,4,392.35
p1_N2_W.13,393.0,59.33,44.0,1,280.78
p1_W_E.109,361.0,100.6,46.0,4,401.16
p1_S1_N1.41,410.0,73.16,54.0,2,289.41
p1_N1_S1.43,430.0,53.61,43.0,1,244.15
p1_S1_N1.42,420.0,65.2,47.0,1,275.4
p1_N1_S1.44,440.0,45.66,34.0,1,225.93
p1_N1_S1.45,450.0,36.24,25.0,1,213.24
p1_W_E.110,364.0,88.84,40.0,4,366.88
p1_N1_S1.46,460.0,30.94,18.0,1,213.07
p1_W_E.111,370.0,100.39,37.0,4,388.13
p1_N1_S1.47,470.0,21.84,8.0,1,193.17
p1_W_S2.11,367.0,88.5,40.0,4,362.84
p1_S1_N1.43,430.0,55.61,44.0,1,240.45
p1_N1_S1.48,480.0,14.45,2.0,1,186.28
p1_S1_N1.44,440.0,51.44,36.0,1,248.59
p1_N1_S1.49,490.0,6.11,0.0,0,153.94
p1_S1_N1.45,450.0,46.99,32.0,1,249.69
p1_S1_N1.46,460.0,38.82,22.0,1,237.65
p1_W_E.112,373.0,81.29,35.0,5,346.05
p1_S1_N1.47,470.0,30.44,14.0,1,223.09
p1_W_E.113,376.0,104.84,34.0,3,375.02
p1_S1_E.11,333.0,149.54,91.0,4,475.75
p1_N1_S1.50,500.0,5.1,0.0,0,146.76
p1_S1_E.12,363.0,121.39,66.0,3,421.54
p1_S1_N1.48,480.0,15.94,2.0,1,177.54
p1_S1_E.13,392.0,89.53,40.0,3,384.4
p1_W_E.114,379.0,108.99,48.0,2,410.42
p1_W_E.115,382.0,107.75,46.0,3,420.84
p1_W_E.116,385.0,106.39,45.0,2,408.56
p1_W_E.117,388.0,105.29,44.0,2,399.83
p1_W_E.118,391.0,101.95,43.0,2,409.51
p1_W_S2.12,400.0,94.58,40.0,2,363.7
p1_W_E.119,394.0,100.48,40.0,2,400.72
p1_N2_W.14,423.0,54.15,33.0,2,302.82
p1_E_N1.15,450.0,48.68,12.0,1,283.78
p1_N2_W.15,453.0,37.76,11.0,1,277.97
p1_W_E.120,397.0,92.24,41.0,2,375.97
p1_W_E.121,403.0,97.9,40.0,2,393.58
p1_S2_N2.47,470.0,54.4,43.0,1,245.68
p1_E_W.61,440.0,35.08,17.0,2,269.35
p1_S2_N2.48,480.0,44.32,32.0,1,228.3
p1_N2_S2.46,460.0,59.99,48.0,1,251.62
p1_E_W.62,447.0,61.47,14.0,2,294.1
p1_N2_S2.47,470.0,60.64,44.0,1,262.16
p1_S2_N2.49,490.0,36.09,24.0,1,215.25
p1_E_W.63,454.0,56.22,11.0,1,301.14
p1_N2_S2.48,480.0,52.51,36.0,1,258.13
p1_E_W.64,461.0,50.94,11.0,1,297.16
p1_E_N1.16,480.0,28.19,0.0,0,264.49
p1_N2_S2.49,490.0,44.32,30.0,1,234.28
p1_S2_N2.50,500.0,26.94,16.0,1,194.53
p1_E_W.65,468.0,45.62,5.0,1,295.53
p1_N2_S2.50,500.0,32.69,19.0,1,203.96
p1_S2_N2.51,510.0,25.8,10.0,1,200.45
p1_E_W.66,476.0,39.31,0.0,0,288.62
p1_N2_S2.51,510.0,24.55,11.0,1,195.09
p1_E_W.67,483.0,24.34,0.0,0,247.48
p1_S2_N2.52,520.0,9.37,0.0,0,169.94
p1_E_W.68,490.0,29.06,0.0,0,255.34
p1_E_N1.17,510.0,9.97,0.0,0,206.37
p1_N2_S2.52,520.0,21.09,5.0,1,202.0
p1_S2_N2.53,530.0,11.05,0.0,0,159.22
p1_E_W.69,497.0,23.79,0.0,0,245.12
p1_E_W.70,504.0,18.58,0.0,0,230.3
p1_E_W.71,513.0,11.35,0.0,0,226.86
p1_W_E.122,406.0,116.74,62.0,3,411.87
p1_W_E.123,409.0,113.75,59.0,3,396.13
p1_S1_N1.49,490.0,64.53,45.0,1,273.76
p1_N1_S1.51,510.0,44.72,34.0,1,220.44
p1_W_E.124,412.0,108.99,56.0,3,382.29
p1_W_E.125,415.0,121.0,58.0,3,404.39
p1_N1_S1.52,520.0,35.26,23.0,1,213.97
p1_W_E.126,418.0,119.79,54.0,3,410.79
p1_S1_N1.50,500.0,53.29,40.0,1,241.97
p1_N1_S1.53,530.0,29.86,17.0,1,213.99
p1_W_E.127,421.0,118.49,54.0,3,398.89
p1_S1_N1.51,510.0,51.24,36.0,1,242.79
p1_W_E.128,424.0,101.87,55.0,3,362.91
p1_S1_N1.52,520.0,42.56,28.0,1,227.57
p1_W_E.129,427.0,119.2,54.0,3,391.75
p1_W_E.130,430.0,108.91,51.0,3,394.28
p1_W_S2.13,433.0,105.51,52.0,3,381.96
p1_S1_N1.53,530.0,39.25,21.0,1,223.71
p1_W_E.131,436.0,105.04,51.0,3,383.26
p1_S1_N1.54,540.0,30.75,12.0,1,218.82
p1_N1_S1.54,540.0,10.78,0.0,0,168.47
p1_W_E.132,439.0,112.23,52.0,3,393.52
p1_N1_S1.55,550.0,23.72,0.0,0,187.68
p1_S1_E.14,423.0,129.98,80.0,3,441.75
p1_N1_S1.56,560.0,9.22,0.0,0,164.17
p1_S1_E.15,453.0,102.13,57.0,3,392.08
p1_N2_W.16,483.0,72.32,52.0,2,341.94
p1_S1_E.16,483.0,66.27,21.0,3,338.39
p1_N2_W.17,513.0,44.59,20.0,2,300.03
p1_W_E.133,442.0,117.08,61.0,3,415.62
p1_E_W.72,519.0,38.76,20.0,2,280.87
p1_W_E.134,445.0,111.02,57.0,3,406.52
p1_E_W.73,526.0,34.46,15.0,2,280.18
p1_W_E.135,448.0,114.54,55.0,3,429.95
p1_E_W.74,533.0,30.91,9.0,2,269.09
p1_W_E.136,451.0,113.33,55.0,3,435.11
p1_W_E.137,454.0,110.65,50.0,3,415.58
p1_E_W.75,540.0,21.51,1.0,1,245.76
p1_E_N1.18,543.0,25.64,1.0,1,268.21
p1_E_W.76,548.0,21.23,1.0,1,259.27
p1_S2_N2.54,540.0,55.33,44.0,1,247.39
p1_E_W.77,555.0,18.5,1.0,1,239.23
p1_E_W.78,562.0,9.4,0.0,0,210.13
p1_W_E.138,457.0,92.06,46.0,3,357.68
p1_N2_S2.53,530.0,62.05,48.0,1,252.66
p1_S2_N2.55,550.0,44.55,34.0,1,225.89
p1_W_E.139,460.0,107.67,43.0,3,372.13
p1_N2_S2.54,540.0,53.69,42.0,1,230.46
p1_S2_N2.56,560.0,42.09,27.0,1,238.1
p1_N2_S2.55,550.0,49.27,37.0,1,233.2
p1_S2_N2.57,570.0,25.76,14.0,1,195.92
p1_E_W.79,569.0,6.9,0.0,0,192.53
p1_S2_N2.58,580.0,27.87,11.0,1,206.45
p1_S2_N2.59,590.0,18.4,1.0,1,191.56
p1_E_W.80,576.0,12.7,0.0,0,222.33
p1_E_N1.19,572.0,9.88,0.0,0,217.72
p1_S2_N2.60,600.0,10.43,0.0,0,170.75
p1_N2_S2.56,560.0,35.71,24.0,1,209.78
p1_N2_S2.57,570.0,43.87,22.0,1,230.57
p1_N2_S2.58,580.0,35.91,15.0,1,227.4
p1_N2_S2.59,590.0,21.72,4.0,1,201.92
p1_W_E.140,463.0,134.05,63.0,4,433.28
p1_W_S2.14,466.0,132.52,63.0,4,422.22
p1_W_E.141,469.0,131.47,62.0,4,408.32
p1_W_E.142,472.0,130.86,58.0,4,422.08
p1_S1_N1.55,550.0,75.17,54.0,2,287.04
p1_S1_N1.56,560.0,67.09,49.0,1,272.98
p1_W_E.143,475.0,123.61,54.0,4,432.2
p1_W_E.144,478.0,124.9,55.0,4,424.42
p1_N1_S1.57,570.0,49.0,39.0,1,229.26
p1_S1_N1.57,570.0,57.19,46.0,1,246.88
p1_W_E.145,481.0,130.5,53.0,4,434.75
p1_N1_S1.58,580.0,52.96,36.0,1,243.57
p1_S1_N1.58,580.0,53.31,40.0,1,240.41
p1_N1_S1.59,590.0,44.67,27.0,1,228.36
p1_W_E.146,484.0,120.81,52.0,3,421.17
p1_S1_N1.59,590.0,43.51,31.0,1,221.59
p1_N1_S1.60,600.0,32.43,16.0,1,222.12
p1_W_E.147,487.0,117.93,51.0,3,408.89
p1_S1_N1.60,600.0,38.41,23.0,1,219.12
p1_N1_S1.61,610.0,28.2,11.0,1,226.88
p1_W_E.148,490.0,128.54,49.0,3,424.94
p1_N1_S1.62,620.0,19.94,2.0,1,222.34
p1_N1_S1.63,630.0,11.03,0.0,0,189.12
p1_S1_E.17,513.0,99.7,60.0,3,392.54
p1_S1_N1.61,610.0,31.4,17.0,1,212.55
p1_S1_E.18,543.0,72.35,27.0,3,333.42
p1_W_E.149,493.0,130.98,56.0,3,447.57
p1_W_E.150,496.0,129.79,54.0,3,455.14
p1_N2_W.18,543.0,83.43,61.0,2,352.75
p1_W_E.151,502.0,125.61,51.0,3,440.71
p1_N2_W.19,573.0,52.31,30.0,2,302.81
p1_W_S2.15,499.0,118.57,53.0,3,424.08
p1_W_E.152,505.0,119.98,51.0,3,414.26
p1_E_W.81,584.0,44.94,27.0,2,288.05
p1_W_E.153,508.0,126.12,50.0,3,443.92
p1_W_E.154,511.0,121.44,49.0,3,426.89
p1_E_W.82,591.0,37.81,17.0,2,280.33
p1_E_W.83,598.0,39.08,13.0,2,283.8
p1_W_E.155,514.0,123.48,45.0,4,423.96
p1_E_N1.20,601.0,37.72,12.0,2,274.88
p1_W_E.156,517.0,115.23,46.0,3,388.6
p1_E_W.84,605.0,34.98,9.0,2,275.52
p1_W_E.157,520.0,121.46,45.0,3,421.75
p1_E_W.85,612.0,25.22,3.0,2,255.3
p1_E_W.86,620.0,26.44,0.0,0,260.68
p1_E_W.87,627.0,17.4,0.0,0,232.09
p1_E_N1.21,630.0,18.37,0.0,0,237.18
p1_N2_S2.60,600.0,60.55,46.0,1,252.76
p1_S2_N2.61,610.0,51.1,41.0,1,224.72
p1_S2_N2.62,620.0,49.09,35.0,1,236.78
p1_N2_S2.61,610.0,64.05,45.0,1,262.49
p1_S2_N2.63,630.0,39.87,26.0,1,228.2
p1_N2_S2.62,620.0,52.58,39.0,1,250.44
p1_N2_S2.63,630.0,47.66,31.0,1,237.48
p1_S2_N2.64,640.0,37.12,20.0,1,240.16
p1_N2_S2.64,640.0,39.41,25.0,1,230.81
p1_S2_N2.65,650.0,19.83,6.0,1,185.26
p1_S2_N2.66,660.0,19.28,2.0,1,186.04
p1_S2_N2.67,670.0,7.81,0.0,0,162.56
p1_W_E.158,523.0,140.42,64.0,4,464.0
p1_W_E.159,526.0,137.3,60.0,4,448.95
p1_W_E.160,529.0,138.71,57.0,4,471.44
p1_S1_N1.62,620.0,71.86,52.0,2,276.49
p1_W_E.161,535.0,137.93,56.0,4,458.91
p1_S1_N1.63,630.0,62.72,41.0,1,262.7
p1_W_S2.16,532.0,135.23,54.0,4,448.53
p1_W_E.162,538.0,136.96,56.0,4,459.93
p1_W_E.163,541.0,135.73,53.0,5,447.63
p1_N1_S1.64,640.0,46.83,35.0,1,229.0
p1_S1_N1.64,640.0,58.37,39.0,1,243.09
p1_N1_S1.65,650.0,42.9,29.0,1,232.31
p1_S1_N1.65,650.0,50.14,37.0,1,243.74
p1_N1_S1.66,660.0,38.2,22.0,1,229.08
p1_S1_N1.66,660.0,41.26,28.0,1,217.23
p1_W_E.164,544.0,128.53,49.0,4,440.57
p1_N1_S1.67,670.0,21.96,10.0,1,195.61
p1_W_E.165,547.0,134.05,49.0,4,460.25
p1_N1_S1.68,680.0,26.3,6.0,1,208.17
p1_S1_E.19,573.0,112.19,70.0,3,423.77
p1_S1_E.20,603.0,81.18,38.0,3,362.93
p1_N1_S1.69,690.0,14.02,0.0,0,185.47
p1_W_E.166,550.0,138.91,59.0,4,480.1
p1_W_E.167,553.0,118.96,56.0,4,421.86
p1_W_E.168,556.0,133.27,54.0,4,447.03
p1_W_E.169,559.0,143.26,52.0,4,464.0
p1_E_W.88,634.0,31.56,16.0,1,253.87
p1_W_E.170,562.0,135.09,50.0,4,477.09
p1_E_W.89,641.0,63.06,14.0,1,276.84
p1_E_N1.22,660.0,39.88,18.0,2,287.43
p1_W_S2.17,565.0,121.18,44.0,4,439.63
p1_W_E.171,568.0,132.84,40.0,5,455.37
p1_E_W.90,648.0,56.82,14.0,1,286.97
p1_N2_S2.65,650.0,78.23,57.0,2,290.51
p1_N2_W.20,603.0,104.73,60.0,3,393.51
p1_N2_S2.66,660.0,70.01,49.0,2,280.54
p1_N2_W.21,633.0,76.24,41.0,2,356.74
p1_S2_N2.68,680.0,44.72,33.0,1,228.1
p1_E_W.91,656.0,55.27,21.0,2,319.6
p1_E_W.92,663.0,46.49,16.0,2,310.29
p1_S2_N2.69,690.0,34.75,23.0,1,212.32
p1_E_N1.23,690.0,21.17,0.0,0,237.65
p1_N2_S2.67,670.0,64.04,42.0,2,269.24
p1_E_W.93,670.0,44.63,9.0,2,312.76
p1_N2_S2.68,680.0,56.69,39.0,1,244.19
p1_S2_N2.70,700.0,32.17,18.0,1,218.86
p1_E_W.94,677.0,39.33,1.0,1,299.97
p1_N2_S2.69,690.0,48.36,34.0,1,240.51
p1_S2_N2.71,710.0,27.92,11.0,1,214.03
p1_E_W.95,684.0,34.02,0.0,0,294.59
p1_S2_N2.72,720.0,19.52,3.0,1,207.7
p1_E_W.96,693.0,15.34,0.0,0,228.62
p1_N2_S2.70,700.0,42.47,27.0,1,231.72
p1_E_W.97,699.0,20.34,0.0,0,243.26
p1_N2_S2.71,710.0,34.41,21.0,1,222.69
p1_S2_N2.73,730.0,6.2,0.0,0,152.34
p1_E_W.98,706.0,8.59,0.0,0,198.94
p1_S2_N2.74,740.0,6.69,0.0,0,151.44
p1_E_W.99,713.0,11.81,0.0,0,207.72
p1_N2_S2.72,720.0,25.42,11.0,1,194.2
p1_W_E.172,571.0,162.95,65.0,5,480.2
p1_W_E.173,574.0,161.87,65.0,5,476.65
p1_W_E.174,577.0,155.11,62.0,4,470.53
p1_S1_N1.67,670.0,92.21,71.0,2,305.64
p1_N1_S1.70,700.0,62.12,51.0,1,256.63
p1_W_E.175,580.0,162.69,62.0,5,490.11
p1_S1_N1.68,680.0,84.73,64.0,3,295.74
p1_N1_S1.71,710.0,54.61,43.0,1,247.02
p1_W_E.176,583.0,161.49,59.0,4,483.96
p1_S1_N1.69,690.0,76.41,55.0,2,289.38
p1_N1_S1.72,720.0,46.74,33.0,1,224.53
p1_N1_S1.73,730.0,38.57,25.0,1,218.47
p1_W_E.177,586.0,148.89,58.0,4,463.96
p1_S1_N1.70,700.0,71.04,49.0,1,275.55
p1_W_E.178,589.0,156.43,60.0,5,454.87
p1_W_E.179,592.0,161.1,60.0,4,474.27
p1_W_S2.18,599.0,153.27,54.0,6,445.39
p1_N1_S1.74,740.0,26.22,13.0,1,192.3
p1_W_E.180,595.0,159.86,57.0,4,452.38
p1_N1_S1.75,750.0,27.2,7.0,1,206.99
p1_S1_E.21,633.0,123.61,69.0,3,441.52
p1_N1_S1.76,760.0,15.34,0.0,0,195.93
p1_S1_E.22,663.0,95.27,50.0,3,409.95
p1_S1_N1.71,710.0,57.76,44.0,1,243.58
p1_N1_S1.77,770.0,10.71,0.0,0,177.78
p1_W_E.181,602.0,158.16,60.0,4,488.6
p1_S1_N1.72,720.0,61.7,41.0,1,256.12
p1_W_E.182,607.0,155.0,58.0,4,493.15
p1_S1_N1.73,730.0,46.99,31.0,1,239.4
p1_W_E.183,611.0,152.79,57.0,4,476.98
p1_S1_N1.74,740.0,40.41,23.0,1,226.39
p1_N1_S1.78,780.0,5.33,0.0,0,152.51
p1_W_E.184,613.0,152.55,53.0,4,468.08
p1_S1_N1.75,750.0,37.04,17.0,1,234.89
p1_W_E.185,616.0,151.24,53.0,5,470.75
p1_W_E.186,619.0,150.01,48.0,4,469.8
p1_N2_W.22,663.0,96.25,71.0,3,370.21
p1_N2_W.23,693.0,83.61,54.0,2,351.69
p1_E_N1.24,723.0,54.24,33.0,2,309.89
p1_N2_W.24,723.0,44.85,19.0,2,300.02
p1_E_W.100,720.0,60.46,34.0,2,326.67
p1_W_E.187,622.0,130.58,49.0,5,418.33
p1_N2_S2.73,730.0,73.67,51.0,2,277.2
p1_S2_N2.75,750.0,53.7,42.0,1,241.35
p1_E_W.101,728.0,48.24,27.0,2,297.34
p1_W_E.188,625.0,144.74,49.0,5,450.76
p1_E_W.102,735.0,49.17,22.0,2,303.07
p1_W_E.189,628.0,157.25,48.0,5,475.52
p1_E_W.103,742.0,43.81,16.0,2,297.08
p1_S2_N2.76,760.0,45.05,32.0,1,227.15
p1_W_E.190,632.0,146.19,45.0,4,467.78
p1_S2_N2.77,770.0,39.12,27.0,1,224.75
p1_N2_S2.74,740.0,60.45,46.0,1,242.16
p1_S2_N2.78,780.0,30.83,17.0,1,216.6
p1_E_N1.25,752.0,32.7,5.0,1,262.71
p1_S2_N2.79,790.0,21.47,10.0,1,203.14
p1_N2_S2.75,750.0,63.2,44.0,1,260.71
p1_E_W.104,749.0,23.63,5.0,1,243.64
p1_S2_N2.80,800.0,11.86,0.0,0,176.6
p1_N2_S2.76,760.0,54.93,40.0,1,254.48
p1_E_W.105,756.0,37.38,4.0,1,293.75
p1_E_W.106,764.0,32.5,4.0,1,290.34
p1_N2_S2.77,770.0,39.57,25.0,1,226.22
p1_E_W.107,771.0,15.18,0.0,0,220.81
p1_N2_S2.78,780.0,37.24,20.0,1,223.51
p1_E_W.108,778.0,23.11,0.0,0,239.9
p1_S2_N2.81,810.0,6.54,0.0,0,155.17
p1_N2_S2.79,790.0,27.78,11.0,1,209.3
p1_E_N1.26,781.0,12.53,0.0,0,224.74
p1_E_W.109,785.0,13.11,0.0,0,221.84
p1_W_S2.19,635.0,167.47,68.0,5,492.7
p1_W_E.191,638.0,169.39,64.0,7,490.7
p1_W_E.192,641.0,166.09,62.0,5,483.27
p1_S1_N1.76,760.0,73.24,53.0,2,289.45
p1_W_E.193,644.0,168.48,60.0,5,488.8
p1_N1_S1.79,790.0,44.04,32.0,1,220.06
p1_W_E.194,647.0,167.19,58.0,5,489.21
p1_S1_N1.77,770.0,63.54,41.0,2,265.25
p1_N1_S1.80,800.0,34.61,24.0,1,208.15
p1_W_E.195,650.0,160.21,57.0,5,455.02
p1_W_E.196,665.0,152.95,50.0,4,451.7
p1_S1_N1.78,780.0,53.42,39.0,1,235.22
p1_N1_S1.81,810.0,24.06,12.0,1,189.14
p1_W_E.197,669.0,152.86,49.0,4,459.7
p1_N1_S1.82,820.0,19.71,4.0,1,195.47
p1_S1_N1.79,790.0,50.79,37.0,1,236.9
p1_W_E.198,672.0,151.6,47.0,4,475.77
p1_S1_N1.80,800.0,42.83,28.0,1,224.65
p1_N1_S1.83,830.0,12.19,0.0,0,191.47
p1_S1_N1.81,810.0,37.49,21.0,1,217.98
p1_W_E.199,675.0,139.96,43.0,4,442.35
p1_W_S2.20,681.0,147.17,47.0,5,447.26
p1_S1_N1.82,820.0,30.49,15.0,1,212.33
p1_W_E.200,678.0,152.24,45.0,5,449.83
p1_N1_S1.84,840.0,6.18,0.0,0,147.1
p1_S1_E.23,693.0,135.27,80.0,5,436.7
p1_S1_E.24,723.0,111.0,63.0,3,398.28
p1_N2_W.25,753.0,81.28,62.0,2,349.39
p1_S1_E.25,753.0,77.4,31.0,3,349.86
p1_N2_W.26,783.0,53.58,31.0,2,310.89
p1_W_E.201,684.0,154.04,56.0,5,469.8
p1_E_W.110,792.0,44.29,26.0,2,285.23
p1_W_E.202,687.0,140.03,59.0,6,436.73
p1_E_W.111,800.0,34.64,14.0,2,268.41
p1_E_N1.27,810.0,35.41,11.0,2,286.91
p1_E_W.112,807.0,39.92,13.0,2,285.28
p1_W_E.203,690.0,147.89,56.0,6,453.6
p1_W_E.204,693.0,155.95,54.0,6,465.53
p1_W_E.205,696.0,154.68,52.0,6,450.78
p1_E_W.113,814.0,29.86,5.0,1,268.43
p1_E_W.114,821.0,30.9,2.0,1,269.49
p1_W_E.206,699.0,153.53,51.0,5,472.84
p1_E_W.115,828.0,25.7,0.0,0,276.42
p1_W_E.207,702.0,152.24,47.0,5,473.84
p1_W_E.208,705.0,150.96,49.0,5,455.91
p1_E_W.116,836.0,14.8,0.0,0,232.77
p1_W_E.209,708.0,142.58,48.0,5,448.77
p1_E_W.117,843.0,15.99,0.0,0,233.1
p1_E_N1.28,840.0,12.39,0.0,0,227.45
p1_S2_N2.82,820.0,56.49,46.0,1,242.44
p1_E_W.118,850.0,10.97,0.0,0,208.68
p1_S2_N2.83,830.0,53.81,40.0,1,242.42
p1_N2_S2.80,800.0,72.43,52.0,1,264.77
p1_S2_N2.84,840.0,39.47,28.0,1,215.57
p1_S2_N2.85,850.0,38.68,23.0,1,222.57
p1_N2_S2.81,810.0,73.19,52.0,1,280.55
p1_S2_N2.86,860.0,28.16,14.0,1,214.78
p1_N2_S2.82,820.0,71.23,50.0,1,278.84
p1_S2_N2.87,870.0,20.04,6.0,1,195.21
p1_N2_S2.83,830.0,63.06,43.0,1,268.64
p1_S2_N2.88,880.0,11.91,0.0,0,189.21
p1_N2_S2.84,840.0,45.91,30.0,1,225.77
p1_S2_N2.89,890.0,5.8,0.0,0,150.99
p1_N2_S2.85,850.0,48.17,28.0,1,232.56
p1_N2_S2.86,860.0,39.78,22.0,1,232.73
p1_N2_S2.87,870.0,31.46,14.0,1,212.59
p1_W_E.210,711.0,174.69,75.0,6,500.5
p1_E_W.119,857.0,8.49,0.0,0,207.79
p1_S1_N1.83,830.0,79.06,59.0,2,287.47
p1_N1_S1.85,850.0,59.24,48.0,1,252.95
p1_E_W.120,864.0,24.42,0.0,0,235.75
p1_N1_S1.86,860.0,51.36,40.0,1,232.1
p1_W_S2.21,714.0,169.36,70.0,5,482.05
p1_S1_N1.84,840.0,69.25,52.0,1,278.09
p1_W_E.211,717.0,167.78,71.0,5,475.13
p1_N1_S1.87,870.0,40.28,30.0,1,215.98
p1_N1_S1.88,880.0,36.37,22.0,1,209.77
p1_S1_N1.85,850.0,64.41,51.0,1,253.68
p1_W_E.212,720.0,163.11,70.0,5,475.87
p1_S1_N1.86,860.0,60.75,44.0,1,255.58
p1_N1_S1.89,890.0,29.91,15.0,1,210.43
p1_W_E.213,738.0,161.96,63.0,4,446.78
p1_N1_S1.90,900.0,21.56,6.0,1,204.93
p1_S1_N1.87,870.0,52.5,37.0,1,240.8
p1_W_E.214,742.0,152.74,63.0,6,452.09
p1_N1_S1.91,910.0,9.65,0.0,0,162.94
p1_W_E.215,745.0,158.42,61.0,6,470.38
p1_S1_E.26,783.0,117.93,73.0,3,415.88
p1_S1_N1.88,880.0,44.35,30.0,1,225.29
p1_N1_S1.92,920.0,5.72,0.0,0,141.62
p1_S1_E.27,813.0,93.57,48.0,3,407.95
p1_W_E.216,748.0,159.72,71.0,5,502.76
p1_W_E.217,751.0,159.46,69.0,5,519.3
p1_S1_N1.89,890.0,33.78,19.0,1,207.6
p1_W_E.218,754.0,158.12,68.0,4,506.42
p1_S1_N1.90,900.0,34.05,13.0,1,219.29
p1_W_E.219,757.0,156.81,67.0,4,516.95
p1_W_S2.22,763.0,151.26,60.0,6,481.51
p1_W_E.220,760.0,155.62,63.0,6,493.51
p1_W_E.221,766.0,144.16,60.0,4,457.41
p1_W_E.222,769.0,152.1,60.0,4,474.27
p1_N2_W.27,813.0,93.86,73.0,2,366.91
p1_N2_W.28,843.0,78.61,46.0,2,350.95
p1_W_E.223,771.0,151.82,57.0,4,486.61
p1_N2_W.29,873.0,50.9,22.0,2,324.9
p1_W_E.224,775.0,149.62,58.0,4,481.24
p1_E_N1.29,870.0,49.34,31.0,2,293.58
p1_E_W.121,873.0,52.67,29.0,2,312.11
p1_W_E.225,778.0,148.33,54.0,4,469.35
p1_E_W.122,879.0,48.5,26.0,2,309.87
p1_W_E.226,781.0,141.45,52.0,4,465.34
p1_E_W.123,886.0,43.23,21.0,2,301.66
p1_E_W.124,893.0,35.35,13.0,2,279.36
p1_N2_S2.88,880.0,75.27,52.0,2,292.63
p1_E_W.125,900.0,33.0,6.0,2,293.18
p1_S2_N2.90,900.0,55.24,44.0,1,251.32
p1_N2_S2.89,890.0,67.16,46.0,1,273.33
p1_S2_N2.91,910.0,47.41,35.0,1,236.22
p1_S2_N2.92,920.0,39.26,28.0,1,219.07
p1_N2_S2.90,900.0,58.56,45.0,1,246.44
p1_E_N1.30,903.0,29.05,4.0,2,270.78
p1_E_W.126,908.0,29.08,1.0,1,265.63
p1_S2_N2.93,930.0,31.4,18.0,1,208.81
p1_E_W.127,915.0,22.94,0.0,0,249.1
p1_W_E.227,784.0,127.29,51.0,4,425.69
p1_S2_N2.94,940.0,23.57,9.0,1,193.99
p1_E_W.128,922.0,19.96,0.0,0,256.27
p1_S2_N2.95,950.0,14.59,2.0,1,178.74
p1_E_W.129,929.0,15.52,0.0,0,239.47
p1_N2_S2.91,910.0,50.34,38.0,1,237.29
p1_E_N1.31,932.0,14.43,0.0,0,238.75
p1_N2_S2.92,920.0,49.01,31.0,1,240.46
p1_N2_S2.93,930.0,40.74,23.0,1,232.81
p1_E_W.130,936.0,12.4,0.0,0,232.13
p1_S2_N2.96,960.0,5.74,0.0,0,140.36
p1_E_W.131,944.0,6.96,0.0,0,193.82
p1_N2_S2.94,940.0,29.17,15.0,1,199.77
p1_W_E.228,787.0,169.79,70.0,4,477.75
p1_W_E.229,797.0,161.86,71.0,4,468.92
p1_N1_S1.93,930.0,55.6,43.0,1,244.88
p1_W_S2.23,804.0,158.23,69.0,4,457.56
p1_W_E.230,801.0,150.26,70.0,4,458.82
p1_S1_N1.91,910.0,73.91,51.0,2,274.45
p1_N1_S1.94,940.0,47.84,36.0,1,232.55
p1_W_E.231,807.0,160.74,64.0,4,464.43
p1_N1_S1.95,950.0,39.67,28.0,1,217.86
p1_W_E.232,810.0,154.18,64.0,5,450.54
p1_S1_N1.92,920.0,62.72,46.0,1,257.64
p1_N1_S1.96,960.0,29.45,18.0,1,198.55
p1_W_E.233,813.0,158.66,64.0,4,459.57
p1_S1_N1.93,930.0,63.87,46.0,1,268.74
p1_N1_S1.97,970.0,24.18,9.0,1,206.72
p1_W_E.234,816.0,157.44,62.0,4,462.96
p1_S1_N1.94,940.0,55.59,39.0,1,257.86
p1_S1_N1.95,950.0,47.33,34.0,1,244.86
p1_S1_E.28,843.0,123.41,84.0,3,426.94
p1_S1_E.29,873.0,97.11,57.0,3,381.08
p1_S1_N1.96,960.0,33.24,21.0,1,206.73
p1_N1_S1.98,980.0,10.24,0.0,0,170.32
p1_S1_E.30,903.0,76.51,28.0,3,359.72
p1_N1_S1.99,990.0,7.52,0.0,0,158.49
p1_W_E.235,819.0,156.32,71.0,5,485.02
p1_S1_N1.97,970.0,33.35,18.0,1,217.5
p1_W_E.236,822.0,161.67,70.0,5,496.51
p1_S1_N1.98,980.0,25.08,8.0,1,202.36
p1_S1_N1.99,990.0,16.95,1.0,1,188.28
p1_W_E.237,825.0,146.9,68.0,5,461.2
p1_N2_W.30,903.0,88.56,68.0,2,355.98
p1_N2_W.31,933.0,60.28,38.0,2,316.5
p1_S2_N2.97,970.0,46.18,34.0,1,222.05
p1_W_E.238,828.0,140.99,67.0,4,440.69
p1_N2_S2.95,950.0,67.03,45.0,2,266.78
p1_E_W.132,951.0,44.61,26.0,2,300.86
p1_N2_S2.96,960.0,58.77,37.0,1,250.94
p1_S2_N2.98,980.0,38.62,25.0,1,221.47
p1_W_E.239,831.0,162.93,64.0,6,481.42
p1_W_E.240,834.0,164.95,64.0,4,492.46
p1_S2_N2.99,990.0,30.42,19.0,1,212.77
p1_E_N1.32,961.0,39.23,10.0,2,284.73
p1_S2_N2.100,1000.0,22.24,10.0,1,193.11
p1_E_W.133,958.0,30.96,14.0,2,266.44
p1_N2_S2.97,970.0,54.56,35.0,1,245.68
p1_S2_N2.101,1010.0,14.11,2.0,1,181.76
p1_N2_S2.98,980.0,46.59,31.0,1,239.64
p1_S2_N2.102,1020.0,5.73,0.0,0,151.36
p1_E_W.134,965.0,26.28,5.0,2,261.64
p1_E_W.135,972.0,39.28,4.0,2,281.34
p1_E_N1.33,990.0,21.4,2.0,1,243.48
p1_E_W.136,980.0,22.96,3.0,1,251.71
p1_N2_S2.99,990.0,33.07,18.0,1,208.23
p1_E_W.137,987.0,26.76,2.0,1,263.11
p1_S2_N2.103,1030.0,6.17,0.0,0,144.67
p1_N2_S2.100,1000.0,37.33,17.0,1,218.22
p1_E_W.138,994.0,16.82,0.0,0,253.05
p1_E_W.139,1001.0,14.11,0.0,0,248.93
p1_N2_S2.101,1010.0,19.78,2.0,1,187.82
p1_N2_S2.102,1020.0,22.95,0.0,0,195.83
p1_W_S2.24,837.0,179.52,89.0,6,523.03
p1_S1_N1.100,1000.0,50.71,36.0,1,234.58
p1_W_E.241,841.0,174.93,88.0,6,523.37
p1_W_E.242,844.0,189.33,87.0,6,519.52
p1_W_E.243,847.0,188.03,83.0,5,527.14
p1_N1_S1.100,1000.0,47.03,34.0,1,220.28
p1_S1_N1.101,1010.0,40.25,28.0,1,220.61
p1_W_E.244,850.0,186.84,81.0,6,536.88
p1_N1_S1.101,1010.0,43.76,30.0,1,236.23
p1_S1_N1.102,1020.0,34.99,21.0,1,210.37
p1_N1_S1.102,1020.0,38.27,23.0,1,226.48
p1_W_E.245,853.0,173.89,77.0,6,514.26
p1_S1_N1.103,1030.0,31.03,16.0,1,211.12
p1_W_E.246,856.0,184.7,75.0,5,506.54
p1_N1_S1.103,1030.0,22.07,9.0,1,185.15
p1_S1_N1.104,1040.0,23.27,9.0,1,190.64
p1_W_E.247,859.0,183.42,75.0,6,494.34
p1_N1_S1.104,1040.0,24.74,4.0,1,204.32
p1_N1_S1.105,1050.0,10.1,0.0,0,185.43
p1_W_E.248,862.0,164.97,73.0,5,463.38
p1_W_E.249,881.0,157.66,61.0,4,458.57
p1_W_E.250,884.0,158.97,60.0,4,464.43
p1_W_S2.25,888.0,148.81,59.0,4,446.65
p1_W_E.251,891.0,152.69,57.0,5,446.41
p1_W_E.252,894.0,154.81,57.0,4,455.35
p1_S1_E.31,933.0,121.8,76.0,3,428.33
p1_S1_E.32,963.0,93.58,41.0,3,392.5
p1_N2_W.32,963.0,66.75,48.0,2,323.71
p1_S1_E.33,993.0,64.89,18.0,1,350.95
p1_E_N1.34,1020.0,38.67,17.0,1,285.24
p1_W_E.253,897.0,163.29,70.0,4,508.71
p1_N2_W.33,993.0,62.68,27.0,2,311.13
p1_W_E.254,900.0,161.91,64.0,4,505.29
p1_N2_W.34,1023.0,37.17,4.0,1,301.12
p1_W_E.255,903.0,157.11,65.0,4,487.81
p1_E_W.140,1008.0,38.88,19.0,1,290.61
p1_N2_S2.103,1030.0,57.54,42.0,1,259.89
p1_E_W.141,1016.0,50.26,19.0,1,294.67
p1_E_W.142,1023.0,44.95,15.0,1,298.83
p1_N2_S2.104,1040.0,49.3,37.0,1,243.01
p1_E_W.143,1030.0,39.79,9.0,1,305.62
p1_S2_N2.104,1040.0,42.27,33.0,1,222.81
p1_N2_S2.105,1050.0,39.64,29.0,1,218.56
p1_E_W.144,1037.0,34.53,3.0,1,296.49
p1_S2_N2.105,1050.0,41.58,26.0,1,229.89
p1_E_W.145,1044.0,29.31,0.0,0,302.1
p1_E_N1.35,1050.0,12.83,0.0,0,224.77
p1_E_W.146,1053.0,22.04,0.0,0,246.66
p1_S2_N2.106,1060.0,27.63,15.0,1,202.87
p1_S2_N2.107,1070.0,27.73,11.0,1,214.31
p1_E_W.147,1059.0,17.79,0.0,0,240.2
p1_N2_S2.106,1060.0,34.47,20.0,1,215.85
p1_S2_N2.108,1080.0,19.4,3.0,1,213.09
p1_E_W.148,1066.0,10.67,0.0,0,219.79
p1_N2_S2.107,1070.0,30.71,15.0,1,216.97
p1_S2_N2.109,1090.0,8.85,0.0,0,163.22
p1_E_W.149,1073.0,7.25,0.0,0,204.0
p1_N2_S2.108,1080.0,15.91,1.0,1,177.53
p1_W_E.256,906.0,177.85,78.0,5,520.85
p1_W_E.257,909.0,175.64,77.0,6,502.06
p1_W_E.258,912.0,173.43,77.0,7,512.09
p1_N1_S1.106,1060.0,52.19,42.0,1,231.24
p1_W_E.259,915.0,176.41,76.0,5,521.76
p1_W_E.260,918.0,174.59,76.0,7,499.95
p1_S1_N1.105,1050.0,59.98,43.0,1,253.12
p1_N1_S1.107,1070.0,43.35,30.0,1,228.79
p1_S1_N1.106,1060.0,55.49,42.0,1,240.32
p1_W_S2.26,921.0,174.57,73.0,7,491.17
p1_N1_S1.108,1080.0,37.13,25.0,1,215.46
p1_W_E.261,924.0,172.59,71.0,6,487.61
p1_S1_N1.107,1070.0,48.04,36.0,1,241.04
p1_N1_S1.109,1090.0,28.85,17.0,1,208.37
p1_W_E.262,927.0,171.89,69.0,6,482.43
p1_N1_S1.110,1100.0,20.59,7.0,1,197.36
p1_W_E.263,944.0,155.21,61.0,5,464.65
p1_S1_N1.108,1080.0,36.59,24.0,1,209.74
p1_W_E.264,948.0,151.93,60.0,4,455.52
p1_S1_N1.109,1090.0,33.7,19.0,1,210.48
p1_N1_S1.111,1110.0,9.4,0.0,0,165.48
p1_N1_S1.112,1120.0,6.49,0.0,0,152.8
p1_W_E.265,951.0,150.63,59.0,4,458.81
p1_S1_N1.110,1100.0,21.78,8.0,1,194.67
p1_W_E.266,954.0,142.87,57.0,4,444.17
p1_S1_N1.111,1110.0,13.53,1.0,1,179.53
p1_W_E.267,957.0,148.56,58.0,5,454.92
p1_N2_W.35,1053.0,57.69,39.0,2,300.14
p1_S1_E.34,1023.0,76.88,40.0,3,347.07
p1_E_W.150,1080.0,37.49,18.0,2,284.84
p1_W_E.268,960.0,156.94,62.0,5,468.6
p1_E_N1.36,1083.0,35.4,15.0,2,276.42
p1_W_E.269,963.0,157.08,60.0,5,484.55
p1_W_S2.27,969.0,150.21,56.0,5,459.53
p1_E_W.151,1088.0,32.66,11.0,2,281.37
p1_W_E.270,966.0,153.06,58.0,5,472.85
p1_E_W.152,1095.0,27.6,5.0,1,272.81
p1_W_E.271,972.0,151.59,57.0,5,484.21
p1_E_W.153,1102.0,22.49,0.0,0,260.41
p1_W_E.272,975.0,150.35,56.0,5,460.03
p1_W_E.273,978.0,148.99,52.0,5,460.73
p1_E_W.154,1109.0,17.48,0.0,0,229.69
p1_W_E.274,981.0,143.4,49.0,5,451.78
p1_E_N1.37,1112.0,14.11,0.0,0,225.73
p1_E_W.155,1116.0,10.02,0.0,0,214.85
p1_N2_S2.109,1090.0,64.76,46.0,1,265.48
p1_S2_N2.110,1100.0,52.77,40.0,1,235.77
p1_S2_N2.111,1110.0,47.55,34.0,1,239.04
p1_E_W.156,1124.0,9.31,0.0,0,208.68
p1_N2_S2.110,1100.0,57.89,44.0,1,249.01
p1_S2_N2.112,1120.0,39.26,24.0,1,232.66
p1_E_W.157,1131.0,7.34,0.0,0,197.28
p1_N2_S2.111,1110.0,47.2,35.0,1,237.95
p1_S2_N2.113,1130.0,30.48,18.0,1,215.11
p1_S2_N2.114,1140.0,22.39,7.0,1,205.93
p1_S2_N2.115,1150.0,11.95,0.0,0,173.11
p1_E_W.158,1138.0,6.49,0.0,0,199.03
p1_S2_N2.116,1160.0,6.75,0.0,0,161.88
p1_N2_S2.112,1120.0,40.95,27.0,1,219.56
p1_N2_S2.113,1130.0,39.61,22.0,1,233.46
p1_N2_S2.114,1140.0,31.29,14.0,1,227.63
p1_E_N1.38,1141.0,8.83,0.0,0,214.08
p1_N2_W.36,1083.0,70.71,47.0,1,301.62
p1_W_E.275,984.0,165.79,71.0,6,487.46
p1_W_E.276,987.0,164.4,69.0,8,471.74
p1_N1_S1.113,1130.0,53.46,43.0,1,247.91
p1_W_E.277,991.0,166.29,67.0,7,494.3
p1_S1_N1.112,1120.0,63.61,47.0,1,263.81
p1_W_E.278,994.0,169.77,65.0,8,504.37
p1_N1_S1.114,1140.0,45.06,34.0,1,223.9
p1_W_E.279,997.0,169.03,60.0,7,506.56
p1_N1_S1.115,1150.0,37.66,26.0,1,218.12
p1_S1_E.35,1053.0,114.69,67.0,3,435.26
p1_S1_E.36,1083.0,80.22,43.0,3,372.3
p1_S1_N1.113,1130.0,50.89,40.0,1,225.46
p1_S1_N1.114,1140.0,52.52,37.0,1,243.89
p1_N1_S1.116,1160.0,26.97,15.0,1,197.34
p1_S1_E.37,1113.0,58.32,18.0,1,326.44
p1_W_E.280,1000.0,173.12,77.0,6,501.98
p1_S1_N1.115,1150.0,44.19,28.0,1,235.21
p1_N1_S1.117,1170.0,21.68,7.0,1,197.17
p1_W_S2.28,1003.0,170.57,74.0,5,497.89
p1_N1_S1.118,1180.0,15.7,2.0,1,202.14
p1_S1_N1.116,1160.0,35.93,20.0,1,227.87
p1_S1_N1.117,1170.0,27.19,11.0,1,202.5
p1_N1_S1.119,1190.0,7.44,0.0,0,165.38
p1_W_E.281,1006.0,166.4,70.0,5,493.38
p1_W_E.282,1024.0,153.85,63.0,4,471.91
p1_S1_N1.118,1180.0,21.51,6.0,1,199.36
p1_W_E.283,1028.0,152.51,62.0,4,470.1
p1_W_E.284,1031.0,150.8,57.0,5,461.83
p1_S1_N1.119,1190.0,13.37,0.0,0,189.51
p1_W_E.285,1034.0,148.36,54.0,5,454.17
p1_N1_S1.120,1200.0,6.23,0.0,0,148.06
p1_W_E.286,1037.0,140.64,54.0,4,434.8
p1_N2_W.37,1113.0,76.24,53.0,2,343.62
p1_W_E.287,1040.0,140.34,54.0,4,449.23
p1_W_E.288,1043.0,146.72,51.0,4,453.61
p1_N2_W.38,1143.0,47.71,27.0,2,299.89
p1_W_E.289,1046.0,147.28,48.0,4,454.55
p1_W_E.290,1049.0,146.55,45.0,4,454.94
p1_E_W.159,1145.0,45.15,28.0,2,288.29
p1_W_E.291,1055.0,142.38,49.0,5,445.8
p1_E_W.160,1152.0,45.23,24.0,2,302.16
p1_W_S2.29,1052.0,138.71,45.0,5,427.02
p1_E_W.161,1160.0,32.77,11.0,2,272.0
p1_E_W.162,1167.0,35.16,7.0,2,279.75
p1_E_N1.39,1170.0,31.71,4.0,1,274.6
p1_S2_N2.117,1170.0,54.43,44.0,1,247.58
p1_E_W.163,1174.0,30.03,4.0,1,271.43
p1_S2_N2.118,1180.0,46.4,35.0,1,230.78
p1_E_W.164,1181.0,24.73,4.0,1,244.8
p1_S2_N2.119,1190.0,37.54,25.0,1,214.91
p1_E_W.165,1188.0,14.02,0.0,0,218.27
p1_S2_N2.120,1200.0,31.84,17.0,1,214.13
p1_S2_N2.121,1210.0,23.57,11.0,1,213.26
p1_N2_S2.115,1150.0,66.57,49.0,2,263.96
p1_E_W.166,1196.0,16.87,0.0,0,225.34
p1_E_N1.40,1200.0,9.57,0.0,0,213.55
p1_S2_N2.122,1220.0,15.33,0.0,0,193.84
p1_N2_S2.116,1160.0,71.53,48.0,1,277.71
p1_E_W.167,1203.0,9.43,0.0,0,216.9
p1_S2_N2.123,1230.0,7.12,0.0,0,170.27
p1_N2_S2.117,1170.0,60.67,44.0,1,256.99
p1_E_W.168,1210.0,6.91,0.0,0,193.6
p1_N2_S2.118,1180.0,57.44,39.0,1,262.02
p1_N2_S2.119,1190.0,51.09,32.0,1,252.5
p1_N2_S2.120,1200.0,43.11,22.0,1,237.09
p1_N2_S2.121,1210.0,29.79,14.0,1,198.25
p1_W_E.292,1058.0,163.08,71.0,6,488.25
p1_W_E.293,1061.0,169.02,67.0,6,500.87
p1_W_E.294,1064.0,161.41,68.0,5,492.64
p1_N1_S1.121,1210.0,44.57,33.0,1,226.32
p1_W_E.295,1067.0,166.4,66.0,5,482.0
p1_N1_S1.122,1220.0,36.62,25.0,1,213.07
p1_W_E.296,1070.0,165.8,65.0,5,477.42
p1_S1_N1.120,1200.0,50.71,41.0,1,233.2
p1_N1_S1.123,1230.0,28.4,16.0,1,203.73
p1_W_E.297,1073.0,164.6,64.0,5,496.87
p1_S1_N1.121,1210.0,50.01,36.0,1,244.19
p1_N1_S1.124,1240.0,20.22,8.0,1,192.3
p1_W_E.298,1076.0,163.05,60.0,6,491.19
p1_S1_N1.122,1220.0,41.72,27.0,1,238.54
p1_N1_S1.125,1250.0,12.25,0.0,0,181.48
p1_W_E.299,1079.0,152.85,58.0,7,438.92
p1_S1_N1.123,1230.0,29.18,16.0,1,201.27
p1_N1_S1.126,1260.0,5.15,0.0,0,151.21
p1_W_E.300,1082.0,162.36,55.0,6,475.44
p1_S1_E.38,1143.0,102.99,61.0,3,397.52
p1_W_S2.30,1101.0,145.83,62.0,5,457.91
p1_S1_E.39,1173.0,70.89,31.0,3,362.63
p1_S1_N1.124,1240.0,27.22,12.0,1,204.37
p1_S1_N1.125,1250.0,18.88,2.0,1,190.22
p1_W_E.301,1105.0,138.08,59.0,4,450.78
p1_S1_N1.126,1260.0,12.97,0.0,0,193.33
p1_W_E.302,1108.0,143.72,58.0,4,464.08
p1_W_E.303,1111.0,139.42,53.0,4,459.21
p1_N2_W.39,1173.0,81.0,59.0,2,345.75
p1_N2_W.40,1203.0,54.96,32.0,2,308.89
p1_N2_S2.122,1220.0,60.65,39.0,2,255.21
p1_S2_N2.124,1240.0,40.14,28.0,1,223.12
p1_E_W.169,1217.0,42.93,24.0,2,290.67
p1_N2_S2.123,1230.0,52.85,30.0,1,258.91
p1_E_W.170,1224.0,31.39,15.0,2,264.55
p1_S2_N2.125,1250.0,29.04,18.0,1,197.41
p1_N2_S2.124,1240.0,47.5,28.0,1,235.44
p1_S2_N2.126,1260.0,21.7,10.0,1,192.64
p1_E_W.171,1233.0,33.62,3.0,1,271.7
p1_N2_S2.125,1250.0,39.29,26.0,1,217.47
p1_S2_N2.127,1270.0,11.93,2.0,1,178.64
p1_N2_S2.126,1260.0,31.14,16.0,1,206.79
p1_S2_N2.128,1280.0,10.32,0.0,0,178.8
p1_E_N1.41,1230.0,25.42,5.0,1,257.91
p1_E_W.172,1239.0,26.68,1.0,1,266.47
p1_E_W.173,1246.0,27.18,0.0,0,273.73
p1_E_W.174,1253.0,19.85,0.0,0,240.44
p1_S2_N2.129,1290.0,6.06,0.0,0,148.89
p1_E_W.175,1260.0,16.67,0.0,0,237.45
p1_E_N1.42,1263.0,14.61,0.0,0,229.9
p1_N2_S2.127,1270.0,21.52,8.0,1,184.75
p1_E_W.176,1268.0,12.27,0.0,0,225.65
p1_W_E.304,1114.0,168.13,76.0,6,511.85
p1_N2_S2.128,1280.0,15.27,0.0,0,182.99
p1_W_E.305,1117.0,166.91,76.0,5,506.93
p1_W_E.306,1120.0,165.09,73.0,5,511.7
p1_W_E.307,1123.0,164.1,74.0,7,497.43
p1_N1_S1.127,1270.0,40.55,29.0,1,220.49
p1_W_E.308,1126.0,163.87,69.0,5,490.44
p1_S1_N1.127,1270.0,43.07,30.0,1,225.81
p1_W_E.309,1129.0,160.29,68.0,5,485.65
p1_N1_S1.128,1280.0,31.52,19.0,1,204.48
p1_W_E.310,1132.0,161.43,67.0,6,501.9
p1_N1_S1.129,1290.0,26.03,12.0,1,211.06
p1_W_S2.31,1136.0,160.35,66.0,5,500.77
p1_N1_S1.130,1300.0,17.82,5.0,1,199.39
p1_N1_S1.131,1310.0,9.52,0.0,0,180.12
p1_W_E.311,1139.0,146.83,63.0,4,441.41
p1_S1_N1.128,1280.0,26.16,14.0,1,191.67
p1_S1_N1.129,1290.0,31.78,11.0,1,201.06
p1_W_E.312,1142.0,159.9,62.0,5,452.56
p1_S1_N1.130,1300.0,29.6,7.0,1,210.52
p1_W_E.313,1145.0,163.35,60.0,4,475.16
p1_W_E.314,1148.0,162.06,62.0,4,470.22
p1_W_E.315,1156.0,151.9,57.0,4,461.44
p1_N2_W.41,1233.0,65.9,41.0,2,332.22
p1_N2_W.42,1263.0,49.46,24.0,2,305.22
p1_W_E.316,1160.0,153.44,54.0,4,454.37
p1_W_E.317,1165.0,150.11,54.0,5,471.33
p1_E_W.177,1275.0,39.63,17.0,1,295.38
p1_W_E.318,1172.0,140.45,52.0,4,460.02
p1_E_W.178,1282.0,34.42,12.0,1,295.53
p1_E_W.179,1289.0,29.12,7.0,1,276.27
p1_S1_E.40,1203.0,115.31,65.0,3,418.28
p1_S1_E.41,1233.0,75.9,33.0,3,356.24
p1_E_W.180,1296.0,24.31,0.0,0,243.73
p1_W_E.319,1177.0,145.61,61.0,5,479.12
p1_E_W.181,1304.0,18.33,0.0,0,242.26
p1_E_W.182,1311.0,13.08,0.0,0,215.44
p1_W_E.320,1181.0,143.47,58.0,4,493.63
p1_N2_S2.129,1290.0,56.42,42.0,1,244.34
p1_E_N1.43,1292.0,14.42,0.0,0,221.61
p1_S2_N2.130,1300.0,45.48,35.0,1,239.49
p1_S2_N2.131,1310.0,38.55,27.0,1,228.78
p1_S2_N2.132,1320.0,30.3,17.0,1,206.34
p1_N2_S2.130,1300.0,49.1,38.0,1,231.48
p1_E_W.183,1318.0,6.7,0.0,0,197.42
p1_N2_S2.131,1310.0,42.69,31.0,1,224.28
p1_S2_N2.133,1330.0,22.21,11.0,1,196.69
p1_E_N1.44,1321.0,9.72,0.0,0,225.01
p1_N2_S2.132,1320.0,32.11,19.0,1,204.87
p1_S2_N2.134,1340.0,10.65,0.0,0,170.97
p1_N2_S2.133,1330.0,28.52,14.0,1,201.97
p1_S2_N2.135,1350.0,9.4,0.0,0,155.96
p1_W_E.321,1187.0,157.91,73.0,5,494.38
p1_E_W.184,1325.0,7.49,0.0,0,196.08
p1_W_S2.32,1184.0,154.06,76.0,5,490.76
p1_E_W.185,1332.0,14.04,0.0,0,219.09
p1_W_E.322,1190.0,157.11,73.0,6,489.05
p1_W_E.323,1193.0,156.17,72.0,6,479.87
p1_N1_S1.132,1320.0,51.69,40.0,1,233.53
p1_W_E.324,1196.0,154.93,64.0,6,478.17
p1_N1_S1.133,1330.0,43.73,32.0,1,229.26
p1_W_E.325,1199.0,150.43,65.0,7,463.96
p1_W_E.326,1202.0,150.27,62.0,5,459.13
p1_W_E.327,1224.0,130.33,53.0,5,427.62
p1_W_E.328,1228.0,132.01,52.0,5,436.78
p1_N1_S1.134,1340.0,30.0,18.0,1,201.49
p1_W_E.329,1231.0,130.82,51.0,4,452.76
p1_S1_N1.131,1310.0,50.18,39.0,1,236.56
p1_N1_S1.135,1350.0,32.92,16.0,1,206.81
p1_S1_E.42,1263.0,100.34,52.0,3,400.95
p1_S1_N1.132,1320.0,58.09,37.0,1,243.06
p1_N1_S1.136,1360.0,26.07,6.0,1,205.16
p1_S1_E.43,1293.0,68.0,27.0,3,330.08
p1_S1_N1.133,1330.0,57.38,34.0,1,262.78
p1_N1_S1.137,1370.0,17.74,0.0,0,200.72
p1_W_E.330,1234.0,130.32,54.0,4,443.11
p1_N2_W.43,1293.0,74.44,56.0,2,334.65
p1_S1_N1.134,1340.0,45.88,24.0,1,240.27
p1_W_S2.33,1237.0,131.3,54.0,4,461.94
p1_N2_W.44,1323.0,46.4,24.0,2,301.83
p1_S1_N1.135,1350.0,33.33,16.0,1,220.26
p1_W_E.331,1240.0,126.83,54.0,4,455.48
p1_W_E.332,1243.0,127.23,54.0,4,456.1
p1_E_W.186,1340.0,29.07,12.0,1,262.02
p1_W_E.333,1246.0,128.66,50.0,4,455.21
p1_E_W.187,1347.0,27.47,7.0,1,272.42
p1_W_E.334,1249.0,127.45,49.0,4,445.14
p1_E_N1.45,1350.0,26.46,6.0,1,254.79
p1_W_E.335,1252.0,126.06,45.0,5,451.39
p1_E_W.188,1354.0,24.0,5.0,1,259.55
p1_W_E.336,1255.0,123.91,44.0,6,447.92
p1_W_E.337,1258.0,119.99,42.0,4,410.87
p1_N2_S2.134,1340.0,67.43,48.0,2,267.12
p1_S2_N2.136,1360.0,47.71,36.0,1,230.63
p1_N2_S2.135,1350.0,59.27,42.0,1,258.82
p1_E_W.189,1361.0,7.39,0.0,0,207.82
p1_E_W.190,1368.0,21.48,0.0,0,231.38
p1_E_N1.46,1380.0,8.28,0.0,0,212.39
p1_N2_S2.136,1360.0,53.46,39.0,1,239.72
p1_E_W.191,1376.0,12.7,0.0,0,212.58
p1_N2_S2.137,1370.0,45.23,32.0,1,231.62
p1_S2_N2.137,1370.0,33.66,22.0,1,207.5
p1_N2_S2.138,1380.0,36.6,23.0,1,218.43
p1_S2_N2.138,1380.0,33.48,18.0,1,210.41
p1_S2_N2.139,1390.0,28.97,10.0,1,222.74
p1_S2_N2.140,1400.0,20.07,2.0,1,213.12
p1_S2_N2.141,1410.0,12.33,0.0,0,195.95
p1_W_E.338,1261.0,143.41,57.0,5,462.63
p1_E_W.192,1383.0,7.67,0.0,0,194.63
p1_E_W.193,1390.0,16.18,0.0,0,217.6
p1_W_S2.34,1270.0,140.67,47.0,5,445.35
p1_S1_N1.136,1360.0,73.16,52.0,2,283.68
p1_W_E.339,1264.0,132.59,52.0,5,439.23
p1_W_E.340,1267.0,147.11,52.0,5,456.57
p1_N1_S1.138,1380.0,50.21,39.0,1,237.36
p1_N1_S1.139,1390.0,46.67,32.0,1,231.57
p1_W_E.341,1273.0,141.95,45.0,5,473.51
p1_S1_N1.137,1370.0,62.14,42.0,2,256.06
p1_S1_N1.138,1380.0,57.11,41.0,1,239.52
p1_N1_S1.140,1400.0,38.49,25.0,1,226.54
p1_W_E.342,1276.0,141.54,44.0,5,470.76
p1_N1_S1.141,1410.0,30.22,16.0,1,215.86
p1_S1_E.44,1323.0,95.82,55.0,4,388.46
p1_S1_E.45,1353.0,65.56,25.0,2,363.48
p1_N1_S1.142,1420.0,21.92,7.0,1,205.64
p1_N1_S1.143,1430.0,13.67,0.0,0,195.62
p1_W_E.343,1279.0,143.82,49.0,5,498.01
p1_S1_N1.139,1390.0,47.51,34.0,1,233.99
p1_W_E.344,1282.0,142.56,48.0,5,489.0
p1_S1_N1.140,1400.0,43.31,29.0,1,232.89
p1_W_E.345,1285.0,137.85,46.0,4,456.04
p1_S1_N1.141,1410.0,38.75,20.0,1,224.34
p1_W_E.346,1288.0,140.36,43.0,4,467.42
p1_S1_N1.142,1420.0,30.57,13.0,1,215.09
p1_N1_S1.144,1440.0,5.69,0.0,0,149.2
p1_W_E.347,1291.0,138.94,39.0,5,474.78
p1_S1_N1.143,1430.0,20.47,3.0,1,198.14
p1_W_E.348,1300.0,121.6,39.0,4,425.99
p1_S1_N1.144,1440.0,15.13,0.0,0,197.81
p1_W_E.349,1304.0,131.05,35.0,4,418.05
p1_W_S2.35,1310.0,125.03,34.0,4,422.76
p1_W_E.350,1307.0,126.53,36.0,5,426.23
p1_W_E.351,1313.0,125.67,34.0,5,433.07
p1_N2_W.45,1353.0,85.64,62.0,2,355.94
p1_W_E.352,1316.0,113.69,33.0,6,399.9
p1_W_E.353,1319.0,127.1,32.0,4,411.57
p1_N2_W.46,1383.0,50.65,31.0,2,303.14
p1_E_W.194,1397.0,48.47,27.0,2,297.23
p1_S2_N2.142,1420.0,48.7,38.0,1,235.26
p1_N2_S2.139,1390.0,78.98,58.0,2,291.01
p1_N2_S2.140,1400.0,70.85,50.0,2,273.54
p1_E_W.195,1404.0,31.83,15.0,2,261.15
p1_E_N1.47,1410.0,33.45,12.0,2,273.08
p1_S2_N2.143,1430.0,39.75,29.0,1,223.11
p1_E_W.196,1413.0,38.77,11.0,2,293.55
p1_S2_N2.144,1440.0,31.33,20.0,1,206.81
p1_N2_S2.141,1410.0,61.05,40.0,1,255.1
p1_S2_N2.145,1450.0,22.92,10.0,1,192.73
p1_N2_S2.142,1420.0,56.97,38.0,1,242.59
p1_S2_N2.146,1460.0,17.24,5.0,1,188.3
p1_E_W.197,1419.0,25.9,5.0,1,250.87
p1_E_W.198,1426.0,32.0,5.0,1,257.27
p1_E_W.199,1433.0,18.54,2.0,1,236.04
p1_E_N1.48,1442.0,18.43,0.0,0,238.93
p1_N2_S2.143,1430.0,45.61,33.0,1,221.64
p1_E_W.200,1440.0,18.98,0.0,0,246.2
p1_N2_S2.144,1440.0,44.92,26.0,1,227.41
p1_S2_N2.147,1470.0,6.24,0.0,0,151.82
p1_N2_S2.145,1450.0,35.58,19.0,1,220.14
p1_S2_N2.148,1480.0,7.26,0.0,0,161.76
p1_E_W.201,1448.0,8.67,0.0,0,199.9
p1_W_E.354,1322.0,147.31,51.0,7,465.06
p1_W_E.355,1325.0,144.4,50.0,5,453.86
p1_W_E.356,1328.0,147.67,47.0,5,463.95
p1_W_E.357,1331.0,141.0,46.0,5,447.76
p1_N1_S1.145,1450.0,45.64,34.0,1,224.79
p1_S1_N1.145,1450.0,47.27,35.0,1,222.33
p1_N1_S1.146,1460.0,37.02,26.0,1,210.93
p1_W_E.358,1334.0,135.08,47.0,5,445.94
p1_S1_N1.146,1460.0,45.25,31.0,1,238.13
p1_W_E.359,1337.0,148.08,42.0,5,447.88
p1_N1_S1.147,1470.0,35.97,21.0,1,223.48
p1_S1_N1.147,1470.0,36.94,23.0,1,223.67
p1_W_E.360,1340.0,145.69,38.0,6,450.57
p1_N1_S1.148,1480.0,23.99,11.0,1,202.36
p1_S1_E.46,1383.0,105.33,62.0,3,402.99
p1_S1_E.47,1413.0,76.81,36.0,2,379.17
p1_W_E.361,1346.0,145.98,51.0,4,450.3
p1_N1_S1.149,1490.0,10.41,0.0,0,167.17
p1_S1_N1.148,1480.0,27.7,12.0,1,203.39
p1_W_S2.36,1343.0,137.41,54.0,4,448.98
p1_S1_N1.149,1490.0,25.64,7.0,1,205.96
p1_N1_S1.150,1500.0,15.06,0.0,0,178.41
p1_W_E.362,1349.0,140.34,50.0,4,436.19
p1_N1_S1.151,1510.0,6.09,0.0,0,149.17
p1_S1_N1.150,1500.0,17.24,0.0,0,206.52
p1_W_E.363,1352.0,135.69,49.0,4,425.29
p1_N2_W.47,1413.0,86.4,58.0,2,354.47
p1_W_E.364,1356.0,132.51,46.0,4,411.17
p1_W_E.365,1359.0,138.57,47.0,5,421.32
p1_W_E.366,1366.0,139.14,45.0,4,416.43
p1_N2_W.48,1443.0,53.78,31.0,2,304.56
p1_E_W.202,1455.0,44.5,25.0,2,282.51
p1_W_E.367,1369.0,128.85,44.0,4,414.6
p1_W_E.368,1372.0,132.11,39.0,4,428.16
p1_E_W.203,1462.0,45.87,21.0,2,302.5
p1_W_E.369,1376.0,134.53,38.0,4,431.41
p1_E_W.204,1469.0,41.35,16.0,2,306.81
p1_E_N1.49,1472.0,38.22,15.0,2,296.96
p1_N2_S2.146,1460.0,74.35,56.0,2,281.88
p1_E_W.205,1476.0,35.45,10.0,1,272.95
p1_S2_N2.149,1490.0,45.07,33.0,1,229.66
p1_E_W.206,1484.0,27.19,3.0,1,258.54
p1_S2_N2.150,1500.0,35.69,24.0,1,216.3
p1_N2_S2.147,1470.0,62.85,44.0,2,260.73
p1_E_W.207,1491.0,20.22,0.0,0,249.42
p1_E_W.208,1498.0,23.08,0.0,0,242.77
p1_E_N1.50,1501.0,19.43,0.0,0,242.17
p1_N2_S2.148,1480.0,58.94,41.0,1,253.05
p1_E_W.209,1505.0,17.85,0.0,0,242.78
p1_N2_S2.149,1490.0,50.91,38.0,1,227.35
p1_S2_N2.151,1510.0,20.97,9.0,1,189.33
p1_N2_S2.150,1500.0,48.07,30.0,1,237.32
p1_E_W.210,1512.0,8.91,0.0,0,205.17
p1_S2_N2.152,1520.0,28.78,7.0,1,197.47
p1_E_W.211,1520.0,8.06,0.0,0,211.98
p1_N2_S2.151,1510.0,40.27,25.0,1,225.1
p1_S2_N2.153,1530.0,14.17,0.0,0,182.32
p1_N2_S2.152,1520.0,32.42,17.0,1,216.71
p1_S2_N2.154,1540.0,6.17,0.0,0,155.12
p1_W_S2.37,1382.0,155.05,56.0,5,449.91
p1_N1_S1.152,1520.0,44.77,33.0,1,222.81
p1_W_E.370,1379.0,139.8,59.0,5,440.55
p1_W_E.371,1385.0,162.49,54.0,6,461.2
p1_S1_N1.151,1510.0,55.4,42.0,1,236.93
p1_N1_S1.153,1530.0,33.99,22.0,1,208.84
p1_N1_S1.154,1540.0,31.57,18.0,1,209.79
p1_W_E.372,1388.0,139.08,53.0,6,440.92
p1_S1_N1.152,1520.0,46.39,33.0,1,223.58
p1_N1_S1.155,1550.0,23.23,7.0,1,195.01
p1_W_E.373,1391.0,161.47,53.0,6,450.29
p1_S1_N1.153,1530.0,37.64,25.0,1,214.09
p1_W_E.374,1394.0,157.52,51.0,5,463.88
p1_N1_S1.156,1560.0,14.9,0.0,0,198.02
p1_S1_N1.154,1540.0,36.01,21.0,1,220.46
p1_N1_S1.157,1570.0,6.76,0.0,0,143.2
p1_W_E.375,1397.0,158.87,51.0,6,462.84
p1_S1_E.48,1443.0,114.6,64.0,3,428.28
p1_S1_E.49,1473.0,76.84,35.0,3,372.6
p1_S1_N1.155,1550.0,23.64,10.0,1,192.26
p1_W_E.376,1403.0,153.6,64.0,6,473.99
p1_S1_N1.156,1560.0,23.25,4.0,1,193.63
p1_W_E.377,1416.0,146.86,64.0,5,448.29
p1_W_E.378,1419.0,145.72,61.0,4,455.88
p1_W_S2.38,1428.0,136.26,56.0,4,434.63
p1_W_E.379,1422.0,138.05,59.0,4,449.31
p1_N2_W.49,1473.0,92.69,63.0,2,369.97
p1_W_E.380,1425.0,143.41,58.0,5,470.46
p1_W_E.381,1430.0,139.99,53.0,4,460.55
p1_N2_W.50,1503.0,61.21,40.0,2,321.08
p1_W_E.382,1433.0,138.67,52.0,5,457.92
p1_E_W.212,1527.0,36.5,18.0,2,283.68
p1_E_N1.51,1530.0,42.6,16.0,2,302.73
p1_W_E.383,1437.0,122.83,49.0,5,402.08
p1_E_W.213,1534.0,41.7,13.0,2,298.28
p1_E_W.214,1541.0,36.39,9.0,1,305.12
p1_W_E.384,1440.0,117.56,50.0,5,393.77
p1_E_W.215,1548.0,24.35,1.0,1,260.67
p1_W_E.385,1443.0,140.1,48.0,4,412.85
p1_S2_N2.155,1550.0,55.76,45.0,1,240.51
p1_E_W.216,1556.0,27.41,0.0,0,276.63
p1_W_E.386,1447.0,125.59,48.0,5,414.82
p1_E_W.217,1563.0,22.81,0.0,0,241.95
p1_W_E.387,1450.0,131.32,45.0,3,428.29
p1_N2_S2.153,1530.0,74.08,54.0,2,279.29
p1_S2_N2.156,1560.0,46.11,35.0,1,233.5
p1_E_N1.52,1560.0,15.54,0.0,0,234.16
p1_E_W.218,1570.0,16.37,0.0,0,233.71
p1_S2_N2.157,1570.0,40.54,28.0,1,228.91
p1_N2_S2.154,1540.0,67.39,45.0,1,264.02
p1_N2_S2.155,1550.0,59.04,44.0,1,240.69
p1_E_W.219,1577.0,7.67,0.0,0,195.67
p1_N2_S2.156,1560.0,50.72,38.0,1,235.04
p1_S2_N2.158,1580.0,27.42,14.0,1,197.31
p1_E_W.220,1584.0,7.65,0.0,0,195.08
p1_S2_N2.159,1590.0,27.61,10.0,1,208.53
p1_S2_N2.160,1600.0,14.7,0.0,0,188.06
p1_E_N1.53,1590.0,8.88,0.0,0,212.09
p1_N2_S2.157,1570.0,47.75,30.0,1,241.36
p1_E_W.221,1593.0,7.47,0.0,0,207.12
p1_S2_N2.161,1610.0,5.95,0.0,0,147.63
p1_N2_S2.158,1580.0,43.81,25.0,1,243.31
p1_N2_S2.159,1590.0,35.49,19.0,1,242.69
p1_S2_N2.162,1620.0,6.18,0.0,0,149.75
p1_N2_S2.160,1600.0,22.42,7.0,1,198.46
p1_S1_N1.157,1570.0,64.26,48.0,1,267.42
p1_W_E.388,1453.0,150.74,70.0,4,459.39
p1_N1_S1.158,1580.0,52.68,42.0,1,231.79
p1_S1_N1.158,1580.0,58.14,46.0,1,246.94
p1_W_E.389,1456.0,162.67,69.0,5,473.39
p1_N1_S1.159,1590.0,45.21,34.0,1,222.63
p1_S1_N1.159,1590.0,50.45,39.0,1,250.58
p1_W_E.390,1461.0,159.47,68.0,5,485.2
p1_N1_S1.160,1600.0,41.1,27.0,1,222.4
p1_W_S2.39,1477.0,138.41,65.0,4,438.25
p1_W_E.391,1480.0,142.26,66.0,4,445.41
p1_S1_N1.160,1600.0,43.53,31.0,1,229.42
p1_N1_S1.161,1610.0,30.49,18.0,1,212.53
p1_W_E.392,1483.0,141.0,63.0,5,445.14
p1_N1_S1.162,1620.0,25.53,10.0,1,210.15
p1_W_E.393,1486.0,139.75,63.0,4,441.9
p1_N1_S1.163,1630.0,11.33,0.0,0,175.23
p1_S1_N1.161,1610.0,33.45,19.0,1,207.22
p1_N1_S1.164,1640.0,10.48,0.0,0,154.73
p1_S1_N1.162,1620.0,31.57,14.0,1,206.08
p1_S1_E.50,1503.0,117.98,79.0,3,406.29
p1_S1_N1.163,1630.0,23.41,6.0,1,202.32
p1_S1_E.51,1533.0,97.7,53.0,3,396.72
p1_S1_E.52,1563.0,71.77,24.0,3,363.6
p1_W_E.394,1489.0,147.63,73.0,5,489.32
p1_N2_W.51,1533.0,103.65,74.0,3,384.94
p1_W_E.395,1492.0,146.25,69.0,5,493.87
p1_W_E.396,1495.0,145.07,66.0,4,472.76
p1_W_E.397,1498.0,137.39,65.0,4,456.44
p1_N2_W.52,1563.0,70.12,48.0,2,332.76
p1_W_E.398,1501.0,142.97,64.0,5,468.16
p1_N2_W.53,1593.0,50.99,22.0,2,309.81
p1_W_E.399,1504.0,141.67,60.0,5,470.94
p1_E_W.222,1599.0,46.72,25.0,2,305.5
p1_W_S2.40,1510.0,137.37,57.0,4,426.39
p1_E_W.223,1606.0,41.5,19.0,2,302.22
p1_W_E.400,1507.0,128.54,58.0,4,419.14
p1_E_W.224,1613.0,36.23,12.0,2,288.95
p1_E_W.225,1620.0,23.79,4.0,1,259.03
p1_E_N1.54,1623.0,28.52,4.0,1,270.34
p1_W_E.401,1513.0,130.74,57.0,6,435.89
p1_W_E.402,1516.0,135.64,56.0,4,447.66
p1_W_E.403,1519.0,126.79,54.0,6,417.12
p1_E_W.226,1628.0,20.29,0.0,0,253.92
p1_W_E.404,1522.0,126.61,54.0,4,408.79
p1_S2_N2.163,1630.0,51.55,39.0,1,237.89
p1_E_W.227,1635.0,13.72,0.0,0,220.97
p1_E_W.228,1642.0,19.58,0.0,0,240.83
p1_N2_S2.161,1610.0,69.11,47.0,1,276.82
p1_N2_S2.162,1620.0,65.85,47.0,1,271.13
p1_N2_S2.163,1630.0,56.23,44.0,1,242.66
p1_S2_N2.164,1640.0,39.86,27.0,1,215.09
p1_E_W.229,1649.0,7.32,0.0,0,191.03
p1_N2_S2.164,1640.0,50.11,37.0,1,250.81
p1_S2_N2.165,1650.0,40.02,22.0,1,220.22
p1_N2_S2.165,1650.0,41.69,29.0,1,238.25
p1_E_W.230,1656.0,14.3,0.0,0,226.79
p1_S2_N2.166,1660.0,31.87,15.0,1,210.05
p1_S2_N2.167,1670.0,23.55,6.0,1,205.26
p1_E_N1.55,1652.0,8.88,0.0,0,211.44
p1_S2_N2.168,1680.0,15.33,0.0,0,199.13
p1_N2_S2.166,1660.0,35.84,22.0,1,223.83
p1_S2_N2.169,1690.0,6.15,0.0,0,152.32
p1_N2_S2.167,1670.0,26.62,11.0,1,197.17
p1_W_E.405,1525.0,157.83,73.0,6,479.81
p1_W_E.406,1528.0,149.95,71.0,5,474.84
p1_W_E.407,1531.0,153.09,67.0,5,485.34
p1_N1_S1.165,1650.0,60.92,50.0,1,254.0
p1_E_W.231,1664.0,8.56,0.0,0,201.31
p1_W_E.408,1547.0,144.45,62.0,4,472.08
p1_N1_S1.166,1660.0,53.5,42.0,1,239.19
p1_W_E.409,1550.0,142.86,61.0,4,461.88
p1_N1_S1.167,1670.0,45.19,33.0,1,236.03
p1_W_E.410,1553.0,141.86,58.0,4,447.76
p1_W_S2.41,1556.0,137.25,55.0,4,449.06
p1_S1_N1.164,1640.0,63.76,52.0,1,249.27
p1_W_E.411,1559.0,132.53,54.0,4,421.97
p1_S1_N1.165,1650.0,72.06,51.0,1,257.73
p1_W_E.412,1562.0,139.64,54.0,4,449.75
p1_S1_N1.166,1660.0,63.72,45.0,1,258.44
p1_S1_E.53,1593.0,110.39,68.0,3,401.32
p1_S1_N1.167,1670.0,55.51,37.0,1,252.62
p1_N1_S1.168,1680.0,29.97,18.0,1,200.21
p1_S1_E.54,1623.0,77.03,35.0,3,345.88
p1_S1_N1.168,1680.0,47.33,29.0,1,237.13
p1_W_E.413,1565.0,141.89,60.0,5,476.46
p1_N1_S1.169,1690.0,37.93,17.0,1,224.19
p1_S1_N1.169,1690.0,39.06,20.0,1,226.64
p1_N1_S1.170,1700.0,29.77,7.0,1,205.62
p1_W_E.414,1568.0,136.99,58.0,5,460.54
p1_S1_N1.170,1700.0,27.04,10.0,1,209.03
p1_N1_S1.171,1710.0,20.54,0.0,0,196.66
p1_W_E.415,1571.0,139.48,56.0,4,467.34
p1_W_E.416,1574.0,138.09,52.0,5,469.3
p1_S1_N1.171,1710.0,19.54,3.0,1,196.69
p1_N1_S1.172,1720.0,13.27,0.0,0,171.37
p1_W_E.417,1577.0,133.64,53.0,5,456.71
p1_W_E.418,1580.0,135.82,51.0,6,462.78
p1_W_E.419,1583.0,134.57,49.0,4,455.35
p1_N2_W.54,1623.0,94.96,72.0,2,360.47
p1_N2_W.55,1653.0,66.12,46.0,2,324.79
p1_S2_N2.170,1700.0,42.47,30.0,1,224.2
p1_N2_S2.168,1680.0,62.4,42.0,2,261.51
p1_S2_N2.171,1710.0,34.42,23.0,1,215.68
p1_E_W.232,1671.0,46.82,26.0,2,287.98
p1_S2_N2.172,1720.0,26.07,14.0,1,206.22
p1_E_W.233,1678.0,48.87,25.0,2,293.83
p1_E_N1.56,1681.0,46.1,21.0,2,285.68
p1_N2_S2.169,1690.0,55.25,36.0,1,243.23
p1_S2_N2.173,1730.0,18.03,5.0,1,189.28
p1_E_W.234,1685.0,43.78,19.0,2,282.78
p1_N2_S2.170,1700.0,50.51,36.0,1,243.16
p1_S2_N2.174,1740.0,9.91,0.0,0,173.3
p1_E_W.235,1692.0,38.6,11.0,2,274.89
p1_E_W.236,1700.0,32.56,4.0,1,267.24
p1_N2_S2.171,1710.0,36.78,23.0,1,214.54
p1_E_W.237,1707.0,26.03,4.0,1,254.8
p1_N2_S2.172,1720.0,36.66,20.0,1,221.55
p1_N2_S2.173,1730.0,27.61,12.0,1,207.16
p1_N2_S2.174,1740.0,20.55,5.0,1,200.93
p1_E_W.238,1714.0,25.76,3.0,1,251.34
p1_E_N1.57,1710.0,21.87,4.0,1,247.86
p1_E_W.239,1721.0,21.19,2.0,1,250.4
p1_E_W.240,1728.0,15.97,0.0,0,233.53
p1_S2_N2.175,1750.0,6.51,0.0,0,149.64
p1_W_E.420,1586.0,158.23,70.0,5,489.69
p1_W_S2.42,1589.0,157.04,70.0,5,475.02
p1_N2_W.56,1683.0,62.71,40.0,2,309.53
p1_W_E.421,1592.0,155.4,66.0,5,465.35
p1_W_E.422,1595.0,155.26,64.0,5,460.32
p1_W_E.423,1609.0,143.07,59.0,5,443.66
p1_W_E.424,1613.0,141.04,57.0,4,440.19
p1_W_E.425,1616.0,139.84,56.0,4,439.91
p1_S1_N1.172,1720.0,57.56,37.0,1,260.08
p1_N1_S1.173,1730.0,47.25,36.0,1,236.67
p1_S1_N1.173,1730.0,49.92,36.0,1,235.82
p1_N1_S1.174,1740.0,38.02,26.0,1,216.23
p1_S1_N1.174,1740.0,41.61,31.0,1,230.13
p1_N1_S1.175,1750.0,32.56,19.0,1,213.94
p1_W_E.426,1619.0,132.15,56.0,5,428.73
p1_N1_S1.176,1760.0,22.5,10.0,1,192.43
p1_W_E.427,1622.0,140.63,55.0,4,449.97
p1_W_E.428,1625.0,140.39,53.0,4,454.53
p1_N1_S1.177,1770.0,13.39,1.0,1,171.0
p1_W_S2.43,1635.0,131.69,49.0,5,437.66
p1_W_E.429,1629.0,125.27,53.0,5,422.39
p1_S1_N1.175,1750.0,32.12,17.0,1,204.56
p1_W_E.430,1632.0,139.55,51.0,4,430.9
p1_S1_N1.176,1760.0,29.03,12.0,1,210.12
p1_S1_E.55,1653.0,113.95,71.0,3,418.85
p1_N1_S1.178,1780.0,6.35,0.0,0,154.57
p1_S1_N1.177,1770.0,22.87,6.0,1,197.89
p1_S1_E.56,1683.0,84.66,43.0,3,371.21
p1_S1_N1.178,1780.0,17.62,0.0,0,203.03
p1_S1_E.57,1713.0,63.84,14.0,2,357.71
p1_W_E.431,1638.0,140.58,63.0,4,501.14
p1_N2_W.57,1713.0,65.9,42.0,2,333.31
p1_W_E.432,1641.0,139.38,61.0,4,494.27
p1_W_E.433,1644.0,138.07,57.0,4,495.08
p1_E_W.241,1736.0,41.72,24.0,2,284.38
p1_W_E.434,1647.0,136.87,54.0,4,508.16
p1_W_E.435,1650.0,135.62,52.0,4,479.83
p1_E_N1.58,1740.0,40.04,20.0,2,283.98
p1_E_W.242,1743.0,42.65,20.0,2,281.02
p1_E_W.243,1750.0,34.39,11.0,2,270.62
p1_E_W.244,1757.0,33.28,9.0,2,264.09
p1_E_W.245,1764.0,27.99,3.0,1,278.8
p1_E_N1.59,1770.0,23.91,3.0,1,243.13
p1_E_W.246,1773.0,22.86,3.0,1,238.67
p1_W_E.436,1653.0,118.35,51.0,4,418.08
p1_W_S2.44,1668.0,128.76,44.0,3,431.81
p1_E_W.247,1779.0,18.57,1.0,1,235.98
p1_W_E.437,1656.0,142.39,45.0,4,439.06
p1_W_E.438,1659.0,118.0,42.0,3,416.61
p1_W_E.439,1662.0,140.43,43.0,3,437.35
p1_W_E.440,1665.0,139.09,41.0,3,447.32
p1_E_W.248,1786.0,7.37,0.0,0,201.07
p1_W_E.441,1676.0,127.29,43.0,3,436.52
p1_E_W.249,1793.0,12.24,0.0,0,214.5
p1_W_E.442,1679.0,128.62,43.0,3,444.55
p1_N2_S2.175,1750.0,80.66,60.0,1,294.01
p1_S2_N2.176,1760.0,66.73,57.0,1,264.77
p1_S1_N1.179,1790.0,36.04,25.0,1,213.74
p1_N2_S2.176,1760.0,72.72,59.0,1,268.0
p1_S2_N2.177,1770.0,60.41,48.0,1,254.38
p1_N1_S1.179,1790.0,34.09,23.0,1,203.83
p2_S1_N1.0,1800.0,32.59,19.0,1,215.27
p1_N2_S2.177,1770.0,64.57,53.0,1,263.7
p1_S2_N2.178,1780.0,54.37,40.0,1,242.78
p2_N1_S1.0,1800.0,33.86,18.0,1,224.32
p1_S2_N2.179,1790.0,46.2,33.0,1,227.38
p2_S1_N1.1,1810.0,20.19,6.0,1,184.49
p2_S2_N2.0,1800.0,37.99,23.0,1,225.64
p2_S1_N1.2,1820.0,18.33,1.0,1,197.1
p1_N2_S2.178,1780.0,59.39,44.0,1,255.88
p1_N2_S2.179,1790.0,49.7,36.0,1,236.53
p2_S1_N1.3,1830.0,5.95,0.0,0,149.01
p2_E_W.0,1800.0,25.41,13.0,1,242.69
p1_W_E.443,1682.0,134.46,58.0,5,438.04
p1_W_E.444,1685.0,133.67,55.0,4,438.72
p1_W_E.445,1689.0,141.55,52.0,4,453.95
p1_S1_E.58,1743.0,87.0,47.0,3,388.47
p1_S1_E.59,1773.0,67.16,17.0,2,354.14
p1_W_E.446,1692.0,150.39,62.0,4,491.78
p1_W_E.447,1695.0,141.05,61.0,4,482.35
p1_W_E.448,1698.0,148.45,61.0,4,505.87
p1_W_S2.45,1707.0,140.63,55.0,4,440.85
p1_W_E.449,1701.0,128.78,58.0,4,425.34
p2_E_S1.0,1803.0,47.8,27.0,2,281.02
p1_W_E.450,1704.0,149.12,59.0,4,441.35
p2_N1_S1.1,1810.0,65.17,45.0,3,260.42
p1_W_E.451,1710.0,134.95,52.0,5,446.41
p2_N1_S1.2,1820.0,56.9,35.0,3,249.72
p2_N1_S1.3,1830.0,48.66,30.0,2,245.44
p2_S1_N1.4,1840.0,31.12,19.0,1,202.36
p2_S1_N1.5,1850.0,30.13,15.0,1,202.01
p2_S1_N1.6,1860.0,21.72,6.0,1,195.3
p2_S1_N1.7,1870.0,10.23,0.0,0,169.04
p1_W_E.452,1713.0,121.01,52.0,4,418.42
p1_W_E.453,1716.0,132.96,49.0,4,420.95
p2_E_W.1,1806.0,59.53,36.0,3,299.63
p1_W_E.454,1719.0,146.97,47.0,4,437.24
p1_N2_W.58,1743.0,125.03,93.0,4,421.44
p2_N1_E.0,1803.0,60.22,25.0,2,337.39
p1_W_E.455,1722.0,144.71,53.0,4,467.22
p1_N2_W.59,1773.0,96.71,75.0,3,372.27
p1_W_E.456,1725.0,146.78,51.0,4,457.04
p2_S2_W.0,1803.0,68.24,38.0,4,332.28
p1_W_E.457,1728.0,145.5,52.0,4,449.12
p1_W_S2.46,1748.0,121.78,44.0,3,400.88
p1_W_E.458,1731.0,144.23,47.0,4,460.2
p1_W_E.459,1734.0,136.99,47.0,4,445.23
p1_W_E.460,1737.0,133.34,46.0,4,436.03
p1_W_E.461,1751.0,129.97,42.0,3,443.02
p1_W_E.462,1754.0,128.74,42.0,3,445.21
p2_E_W.2,1809.0,50.2,27.0,2,287.44
p1_W_E.463,1757.0,127.45,40.0,3,425.96
p2_E_W.3,1812.0,72.39,26.0,2,321.71
p1_W_E.464,1760.0,126.14,40.0,4,429.19
p2_E_W.4,1815.0,69.47,24.0,2,317.26
p1_W_E.465,1764.0,123.99,37.0,4,434.88
p2_N2_S2.0,1800.0,110.08,91.0,2,337.32
p2_S2_N2.1,1810.0,98.07,77.0,2,319.13
p2_E_W.5,1818.0,60.52,24.0,2,338.53
p2_E_W.6,1821.0,67.14,22.0,2,336.03
p2_S2_N2.2,1820.0,91.92,68.0,2,311.8
p2_E_W.7,1824.0,62.03,23.0,2,326.58
p2_S2_N2.3,1830.0,84.13,59.0,1,295.46
p2_E_W.8,1827.0,62.1,22.0,2,313.4
p2_E_W.9,1830.0,65.33,21.0,2,336.13
p2_E_W.10,1833.0,60.6,19.0,2,335.46
p2_E_S1.1,1836.0,58.78,18.0,3,346.38
p2_N1_S1.4,1840.0,80.64,56.0,3,285.43
p2_N2_S2.1,1810.0,93.55,74.0,2,311.47
p2_S1_N1.8,1880.0,40.37,28.0,1,224.94
p2_N1_S1.5,1850.0,72.35,54.0,2,285.25
p2_S1_N1.9,1890.0,32.57,20.0,1,205.46
p2_N2_S2.2,1820.0,102.85,73.0,2,323.73
p2_N2_S2.3,1830.0,94.67,64.0,2,320.54
p2_N1_S1.6,1860.0,64.29,46.0,2,263.04
p2_S1_N1.10,1900.0,23.3,12.0,1,195.73
p2_N2_S2.4,1840.0,78.78,59.0,1,274.66
p2_S1_N1.11,1910.0,17.22,5.0,1,198.74
p2_N2_S2.5,1850.0,78.27,56.0,1,283.2
p2_S1_N1.12,1920.0,9.02,0.0,0,175.25
p2_N2_S2.6,1860.0,69.9,47.0,1,276.91
p2_N2_S2.7,1870.0,61.66,40.0,1,266.18
p2_N2_S2.8,1880.0,52.66,30.0,1,249.83
p2_N1_S1.7,1870.0,64.51,36.0,2,262.75
p2_N2_S2.9,1890.0,45.1,22.0,1,248.12
p2_S1_N1.13,1930.0,5.7,0.0,0,152.39
p2_N1_E.1,1833.0,81.99,57.0,3,349.37
p2_N1_S1.8,1880.0,54.91,30.0,1,243.96
p2_N2_S2.10,1900.0,36.8,12.0,1,236.85
p2_N1_S1.9,1890.0,48.76,28.0,1,236.87
p1_W_E.466,1768.0,149.77,70.0,7,449.07
p2_N2_S2.11,1910.0,20.83,3.0,1,216.88
p1_W_E.467,1771.0,146.5,66.0,6,455.63
p2_E_W.11,1839.0,81.04,39.0,4,374.19
p1_W_E.468,1775.0,134.44,61.0,6,443.36
p1_W_E.469,1778.0,148.08,56.0,5,445.06
p1_W_S2.47,1784.0,140.95,54.0,5,451.74
p1_W_E.470,1781.0,151.72,58.0,6,450.22
p2_E_W.12,1842.0,65.95,30.0,3,319.95
p1_W_E.471,1787.0,144.17,52.0,5,448.53
p2_E_W.13,1845.0,90.0,28.0,3,356.39
p1_W_E.472,1790.0,138.52,52.0,5,442.5
p2_E_W.14,1848.0,80.3,26.0,4,356.95
p1_W_E.473,1793.0,142.16,50.0,5,453.06
p2_E_W.15,1851.0,87.66,25.0,3,370.55
p1_W_E.474,1796.0,144.11,50.0,5,461.41
p2_E_W.16,1854.0,86.35,25.0,3,382.38
p1_W_E.475,1799.0,142.89,45.0,5,461.5
p2_E_W.17,1857.0,84.98,23.0,4,377.47
p1_W_E.476,1802.0,141.6,43.0,5,466.97
p2_E_W.18,1860.0,83.81,22.0,3,381.03
p1_W_E.477,1805.0,137.92,44.0,5,471.12
p2_E_W.19,1863.0,81.93,21.0,3,376.5
p1_W_E.478,1808.0,139.07,41.0,5,453.09
p2_E_W.20,1866.0,81.23,21.0,2,396.29
p1_W_E.479,1827.0,120.92,30.0,4,421.32
p2_N1_E.2,1863.0,86.92,48.0,3,391.07
p1_W_E.480,1830.0,117.39,40.0,4,412.15
p1_W_S2.48,1833.0,118.9,41.0,4,415.66
p1_W_E.481,1836.0,118.87,38.0,4,410.83
p2_E_S1.2,1869.0,87.4,32.0,3,382.56
p1_W_E.482,1839.0,115.31,36.0,4,405.49
p2_S1_N1.14,1940.0,41.58,29.0,1,223.35
p1_W_E.483,1842.0,118.53,33.0,4,407.19
p1_W_E.484,1845.0,109.79,33.0,5,398.91
p1_W_E.485,1848.0,117.35,33.0,4,420.67
p1_W_E.486,1851.0,115.97,30.0,4,430.1
p1_W_E.487,1854.0,114.69,29.0,4,428.66
p2_S1_N1.15,1950.0,26.21,15.0,1,192.71
p1_W_E.488,1857.0,113.54,28.0,6,443.96
p2_S1_N1.16,1960.0,28.4,11.0,1,205.66
p2_S1_N1.17,1970.0,24.19,5.0,1,192.0
p2_N2_S2.12,1920.0,73.68,59.0,1,276.22
p2_S1_N1.18,1980.0,16.63,0.0,0,196.5
p2_N1_S1.10,1900.0,94.35,66.0,3,298.9
p2_N1_S1.11,1910.0,88.78,57.0,3,294.93
p2_N2_S2.13,1930.0,68.44,55.0,1,263.93
p2_S1_N1.19,1990.0,8.44,0.0,0,165.34
p2_S2_N2.4,1840.0,152.44,130.0,3,384.35
p2_N1_S1.12,1920.0,80.47,47.0,4,283.03
p2_S2_N2.5,1850.0,150.83,127.0,3,405.26
p2_S2_N2.6,1860.0,142.6,118.0,3,400.11
p2_N1_S1.13,1930.0,73.85,38.0,2,266.53
p2_N2_S2.14,1940.0,54.33,43.0,1,243.36
p2_N1_S1.14,1940.0,65.92,38.0,2,259.06
p2_N2_S2.15,1950.0,56.45,39.0,1,244.8
p2_N1_S1.15,1950.0,57.74,35.0,2,242.37
p2_N2_S2.16,1960.0,48.28,31.0,1,240.2
p2_N2_S2.17,1970.0,40.0,22.0,1,234.38
p2_N2_S2.18,1980.0,30.35,13.0,1,221.89
p2_N2_S2.19,1990.0,23.49,6.0,1,224.99
p2_S1_N1.20,2000.0,6.39,0.0,0,152.68
p2_N2_S2.20,2000.0,10.36,0.0,0,184.66
p2_S1_N1.21,2010.0,6.48,0.0,0,156.97
p2_N2_S2.21,2010.0,7.35,0.0,0,161.08
p2_S2_N2.7,1870.0,150.82,122.0,4,392.49
p2_E_W.21,1872.0,130.78,72.0,4,442.45
p2_E_W.22,1875.0,130.05,69.0,4,441.46
p1_W_E.489,1860.0,146.71,60.0,7,472.47
p2_E_W.23,1878.0,129.11,67.0,4,445.06
p2_E_W.24,1881.0,127.96,68.0,4,445.68
p1_W_E.490,1862.0,145.99,59.0,6,475.84
p1_W_S2.49,1865.0,146.24,56.0,5,466.36
p2_E_W.25,1884.0,123.84,63.0,4,420.58
p2_E_W.26,1887.0,118.56,64.0,4,412.48
p2_E_W.27,1890.0,128.46,63.0,5,424.14
p1_W_E.491,1869.0,132.14,53.0,5,413.82
p2_E_W.28,1893.0,127.03,62.0,4,416.79
p1_W_E.492,1872.0,147.1,53.0,6,445.12
p2_S2_W.1,1833.0,188.4,130.0,5,533.9
p1_W_E.493,1889.0,132.26,46.0,4,434.65
p2_E_W.29,1896.0,127.72,83.0,4,450.7
p1_W_E.494,1892.0,132.07,45.0,4,449.44
p2_N1_E.3,1893.0,133.13,90.0,4,441.19
p2_E_W.30,1899.0,113.71,78.0,4,392.2
p2_N1_E.4,1923.0,104.77,52.0,4,404.06
p2_N1_E.5,1953.0,76.42,40.0,3,365.84
p2_S2_N2.8,1880.0,168.18,133.0,5,424.13
p2_S2_N2.9,1890.0,165.94,126.0,5,427.99
p2_N2_S2.22,2020.0,26.09,14.0,1,192.64
p2_N2_S2.23,2030.0,28.53,12.0,1,207.39
p2_E_S1.3,1902.0,136.09,85.0,5,440.85
p2_N2_S2.24,2040.0,20.34,2.0,1,193.55
p2_N1_S1.16,1960.0,102.93,73.0,4,325.8
p2_S1_N1.22,2020.0,43.14,31.0,1,227.3
p2_N2_S2.25,2050.0,6.08,0.0,0,151.88
p2_N1_S1.17,1970.0,94.71,63.0,4,315.68
p2_N1_S1.18,1980.0,84.51,49.0,4,291.2
p2_S1_N1.23,2030.0,30.18,18.0,1,201.28
p2_S1_N1.24,2040.0,27.3,14.0,1,208.53
p1_W_E.495,1895.0,146.17,73.0,4,450.42
p2_S1_N1.25,2050.0,23.95,6.0,1,208.46
p1_W_E.496,1898.0,155.42,71.0,5,480.43
p2_S1_N1.26,2060.0,12.94,0.0,0,179.57
p1_W_E.497,1901.0,154.12,69.0,4,478.03
p2_S1_N1.27,2070.0,6.03,0.0,0,155.53
p1_W_E.498,1904.0,152.89,69.0,4,473.96
p1_W_E.499,1907.0,150.49,65.0,4,472.18
p2_N1_S1.19,1990.0,92.02,49.0,6,312.67
p1_W_S2.50,1913.0,148.75,61.0,6,439.92
p2_N1_S1.20,2000.0,83.59,46.0,4,294.89
p2_S1_N1.28,2080.0,6.31,0.0,0,151.73
p2_N1_S1.21,2010.0,73.33,40.0,2,272.76
p1_W_E.500,1910.0,132.61,61.0,5,421.23
p2_N1_S1.22,2020.0,70.02,38.0,2,261.42
p1_W_E.501,1919.0,151.78,58.0,6,453.45
p2_N1_S1.23,2030.0,62.27,35.0,3,258.34
p1_W_E.502,1935.0,136.27,54.0,3,443.91
p2_N1_S1.24,2040.0,53.98,32.0,2,251.62
p1_W_E.503,1939.0,135.31,56.0,4,456.26
p1_W_E.504,1942.0,134.04,55.0,3,442.93
p1_W_E.505,1945.0,114.8,54.0,3,420.56
p2_N2_S2.26,2060.0,40.84,27.0,1,220.17
p2_S1_N1.29,2090.0,6.13,0.0,0,146.26
p2_N2_S2.27,2070.0,31.75,17.0,1,204.35
p2_N2_S2.28,2080.0,26.65,11.0,1,205.93
p2_E_W.31,1905.0,180.41,127.0,6,509.12
p2_N2_S2.29,2090.0,18.34,0.0,0,199.22
p2_E_W.32,1908.0,179.61,120.0,6,515.74
p2_N2_S2.30,2100.0,10.11,0.0,0,178.82
p2_E_W.33,1911.0,178.47,119.0,6,500.54
p2_E_W.34,1914.0,177.28,116.0,7,497.48
p2_S2_N2.10,1900.0,211.38,162.0,7,481.64
p2_E_W.35,1917.0,170.85,113.0,7,489.56
p2_E_W.36,1920.0,177.59,108.0,6,502.13
p2_S2_N2.11,1910.0,202.67,152.0,7,466.2
p2_E_W.37,1923.0,176.28,106.0,6,514.14
p2_S2_N2.12,1920.0,201.75,143.0,7,463.09
p2_E_W.38,1926.0,164.55,102.0,6,469.56
p1_W_E.506,1948.0,154.16,79.0,4,474.79
p2_E_W.39,1929.0,176.53,99.0,6,505.37
p1_W_E.507,1951.0,150.86,75.0,4,482.51
p2_E_W.40,1932.0,175.34,95.0,8,514.49
p1_W_E.508,1954.0,153.85,72.0,4,479.74
p1_W_E.509,1957.0,153.68,72.0,4,485.19
p1_W_E.510,1960.0,152.47,71.0,4,482.13
p2_N1_E.6,1983.0,126.39,78.0,6,426.33
p2_N1_E.7,2013.0,102.82,57.0,3,389.53
p1_W_S2.51,1963.0,156.93,88.0,4,481.19
p2_N1_E.8,2043.0,59.47,29.0,3,316.74
p2_S1_N1.30,2100.0,48.78,38.0,1,237.31
p1_W_E.511,1966.0,159.76,85.0,3,472.95
p2_E_S1.4,1935.0,182.3,107.0,8,533.37
p2_S1_N1.31,2110.0,40.51,29.0,1,224.1
p1_W_E.512,1969.0,158.49,84.0,3,482.83
p2_N1_S1.25,2050.0,100.19,66.0,4,321.92
p1_W_E.513,1976.0,155.52,84.0,4,484.62
p2_N1_S1.26,2060.0,93.32,54.0,4,328.76
p1_W_E.514,1979.0,154.09,81.0,3,480.67
p2_N1_S1.27,2070.0,85.16,46.0,4,320.93
p1_W_E.515,1982.0,152.86,80.0,3,485.4
p1_W_E.516,1985.0,149.23,81.0,3,495.31
p1_W_E.517,1988.0,150.36,80.0,4,502.94
p2_E_W.41,1938.0,201.88,117.0,9,548.03
p2_S1_N1.32,2120.0,25.63,14.0,1,198.71
p1_W_E.518,1991.0,149.26,79.0,5,484.33
p2_S1_N1.33,2130.0,33.44,12.0,1,201.74
p1_W_E.519,1994.0,150.05,79.0,4,477.59
p2_E_W.42,1941.0,192.98,110.0,9,530.33
p1_W_E.520,1997.0,150.82,78.0,3,483.78
p2_E_W.43,1944.0,204.47,105.0,9,545.86
p2_E_W.44,1947.0,203.1,105.0,10,541.99
p2_E_W.45,1950.0,192.35,108.0,8,537.4
p2_E_W.46,1953.0,201.08,101.0,6,554.62
p2_S2_W.2,1863.0,287.55,205.0,8,698.67
p2_E_W.47,1956.0,201.74,114.0,8,581.03
p2_E_W.48,1959.0,200.54,111.0,7,591.72
p2_E_W.49,1962.0,199.32,106.0,7,584.76
p2_N2_S2.31,2110.0,73.03,62.0,2,275.52
p2_E_W.50,1965.0,196.38,104.0,7,570.15
p2_N2_S2.32,2120.0,63.26,50.0,2,252.69
p2_N2_S2.33,2130.0,54.26,42.0,2,231.53
p2_N2_S2.34,2140.0,46.64,32.0,2,234.64
p2_N2_S2.35,2150.0,44.08,24.0,1,231.6
p2_S1_N1.34,2140.0,55.56,36.0,2,254.79
p2_N2_S2.36,2160.0,35.75,15.0,1,225.14
p2_E_S1.5,1968.0,197.64,106.0,8,564.94
p2_S1_N1.35,2150.0,47.69,32.0,1,222.07
p2_N2_S2.37,2170.0,23.8,7.0,2,193.81
p2_N1_S1.28,2080.0,113.04,70.0,3,341.98
p2_S1_N1.36,2160.0,39.55,26.0,1,220.5
p2_N1_S1.29,2090.0,110.03,65.0,2,341.28
p1_W_S2.52,2000.0,179.29,104.0,4,530.69
p2_N1_S1.30,2100.0,99.99,65.0,2,335.52
p2_S1_N1.37,2170.0,30.01,17.0,1,202.59
p1_W_E.521,2003.0,177.73,99.0,4,526.33
p2_S1_N1.38,2180.0,21.1,8.0,1,193.18
p2_S1_N1.39,2190.0,17.06,1.0,1,194.77
p2_S1_N1.40,2200.0,7.76,0.0,0,166.76
p1_W_E.522,2006.0,166.88,97.0,4,473.39
p1_W_E.523,2009.0,182.78,96.0,4,498.44
p1_W_E.524,2012.0,178.95,98.0,4,499.85
p2_S1_N1.41,2210.0,5.69,0.0,0,154.89
p1_W_E.525,2015.0,170.11,93.0,4,496.2
p2_N1_S1.31,2110.0,98.78,67.0,3,315.81
p1_W_E.526,2018.0,179.23,93.0,4,497.86
p2_N1_S1.32,2120.0,99.76,61.0,3,324.51
p1_W_E.527,2033.0,156.57,88.0,3,471.3
p2_N1_S1.33,2130.0,91.48,51.0,3,311.35
p2_N1_E.9,2073.0,122.22,65.0,4,442.89
p2_N1_S1.34,2140.0,83.18,44.0,3,304.18
p1_W_E.528,2036.0,161.94,98.0,5,520.33
p2_N1_S1.35,2150.0,70.69,34.0,3,280.7
p1_W_E.529,2039.0,165.44,98.0,6,525.23
p1_W_S2.53,2045.0,159.51,94.0,4,491.12
p1_W_E.530,2042.0,164.13,97.0,6,514.75
p2_N1_S1.36,2160.0,66.93,25.0,1,270.26
p2_S1_N1.42,2220.0,6.04,0.0,0,145.86
p1_W_E.531,2048.0,156.25,91.0,6,488.26
p1_W_E.532,2051.0,157.73,91.0,5,479.11
p1_W_E.533,2054.0,157.56,90.0,4,483.51
p2_E_W.51,1971.0,240.53,138.0,9,625.6
p1_W_E.534,2057.0,156.39,89.0,4,495.06
p2_E_W.52,1974.0,239.38,131.0,9,607.49
p2_E_W.53,1977.0,238.55,132.0,10,589.65
p2_E_W.54,1980.0,237.52,134.0,9,607.55
p2_S2_N2.13,1930.0,308.25,238.0,10,630.61
p2_N2_S2.38,2180.0,58.05,38.0,1,254.57
p2_S2_N2.14,1940.0,300.99,234.0,10,627.95
p2_E_W.55,1983.0,236.49,130.0,8,577.92
p2_N2_S2.39,2190.0,52.45,37.0,1,242.11
p2_E_W.56,1986.0,235.23,128.0,9,591.47
p2_E_W.57,1989.0,234.05,124.0,9,578.31
p2_S2_N2.15,1950.0,289.59,222.0,9,595.45
p2_E_W.58,1992.0,231.42,118.0,8,569.64
p2_N2_S2.40,2200.0,39.86,29.0,1,221.34
p2_E_W.59,1995.0,232.14,117.0,9,581.2
p2_N2_S2.41,2210.0,37.91,23.0,1,223.41
p2_E_W.60,1999.0,227.21,114.0,9,567.27
p2_N2_S2.42,2220.0,22.76,10.0,1,185.71
p2_N2_S2.43,2230.0,24.23,6.0,1,203.43
p2_N2_S2.44,2240.0,10.61,0.0,0,180.65
p1_W_E.535,2060.0,176.11,105.0,5,525.87
p1_W_E.536,2063.0,173.34,104.0,5,508.35
p1_W_E.537,2066.0,163.46,101.0,5,487.93
p1_W_E.538,2069.0,179.11,96.0,5,495.24
p2_E_S1.6,2002.0,245.39,125.0,9,601.11
p1_W_E.539,2072.0,171.43,92.0,5,500.67
p2_N1_S1.37,2170.0,102.05,61.0,2,321.82
p1_W_E.540,2075.0,176.66,91.0,6,498.07
p1_W_S2.54,2078.0,168.79,89.0,5,479.04
p2_N1_S1.38,2180.0,93.85,58.0,2,316.6
p2_S1_N1.43,2230.0,41.81,28.0,1,224.81
p2_N1_S1.39,2190.0,86.11,51.0,2,300.19
p2_S1_N1.44,2240.0,35.86,20.0,1,214.04
p2_S1_N1.45,2250.0,27.01,11.0,1,206.78
p2_N1_E.10,2103.0,140.53,83.0,4,461.7
p2_S1_N1.46,2260.0,19.27,3.0,1,202.11
p2_N1_E.11,2133.0,124.92,63.0,4,433.42
p2_N1_E.12,2163.0,96.12,36.0,2,397.2
p2_S1_N1.47,2270.0,11.1,0.0,0,183.57
p1_W_E.541,2081.0,180.67,103.0,5,521.38
p1_W_E.542,2112.0,148.21,82.0,4,483.03
p2_N1_S1.40,2200.0,85.56,47.0,3,305.31
p1_W_E.543,2115.0,150.16,79.0,4,479.5
p1_W_E.544,2118.0,148.85,78.0,4,497.98
p2_N1_S1.41,2210.0,77.89,35.0,2,295.23
p1_W_E.545,2121.0,147.64,76.0,4,488.45
p2_S1_N1.48,2280.0,6.0,0.0,0,144.87
p2_N1_S1.42,2220.0,68.28,33.0,1,259.77
p1_W_E.546,2124.0,142.11,76.0,4,468.15
p1_W_E.547,2127.0,143.61,75.0,4,479.89
p2_S1_N1.49,2290.0,5.43,0.0,0,150.96
p1_W_E.548,2130.0,144.24,73.0,4,468.36
p1_W_E.549,2133.0,142.89,72.0,5,476.19
p1_W_E.550,2136.0,137.04,71.0,4,457.76
p1_W_S2.55,2139.0,138.21,68.0,4,456.01
p2_N1_S1.43,2230.0,70.99,35.0,2,277.85
p2_N1_S1.44,2240.0,62.63,33.0,1,256.21
p2_N1_S1.45,2250.0,54.49,24.0,1,242.41
p2_N2_S2.45,2250.0,55.71,44.0,1,241.06
p2_N2_S2.46,2260.0,46.3,34.0,1,225.38
p2_N1_S1.46,2260.0,48.99,19.0,1,239.92
p2_N2_S2.47,2270.0,39.75,28.0,1,220.05
p2_S1_N1.50,2300.0,6.06,0.0,0,158.0
p2_N2_S2.48,2280.0,26.93,16.0,1,198.52
p2_N1_S1.47,2270.0,33.45,5.0,1,209.7
p1_W_E.551,2142.0,150.87,81.0,5,481.63
p2_N1_S1.48,2280.0,42.12,3.0,1,228.24
p1_W_E.552,2145.0,156.45,80.0,5,479.36
p1_W_E.553,2148.0,155.13,75.0,5,478.28
p1_W_E.554,2151.0,153.92,72.0,5,485.98
p2_E_W.61,2005.0,278.61,168.0,11,651.83
p1_W_E.555,2154.0,152.73,70.0,5,478.84
p2_E_W.62,2008.0,299.08,163.0,9,659.86
p1_W_E.556,2157.0,151.52,68.0,5,493.64
p2_E_W.63,2011.0,297.86,161.0,8,672.29
p1_W_E.557,2160.0,150.28,69.0,5,476.35
p2_E_W.64,2014.0,295.22,161.0,8,685.81
p2_N1_E.13,2193.0,117.7,60.0,4,438.76
p2_S2_W.3,1893.0,411.23,291.0,13,881.33
p2_E_W.65,2017.0,297.26,174.0,9,697.26
p2_E_W.66,2020.0,295.96,175.0,10,688.26
p2_E_W.67,2023.0,278.35,169.0,10,655.19
p2_E_W.68,2026.0,273.12,168.0,10,638.51
p2_N1_E.14,2223.0,75.62,37.0,3,353.12
p2_S2_N2.16,1960.0,379.15,299.0,12,727.37
p2_E_W.69,2029.0,286.43,166.0,9,665.76
p2_N1_E.15,2253.0,68.49,23.0,1,324.05
p2_S2_N2.17,1970.0,376.26,287.0,13,725.58
p2_E_W.70,2032.0,293.42,161.0,9,683.02
p2_S2_N2.18,1980.0,358.9,265.0,12,695.29
p2_E_S1.7,2035.0,302.7,173.0,9,696.61
p2_S1_N1.51,2310.0,52.57,40.0,1,244.02
p2_S1_N1.52,2320.0,43.86,32.0,1,227.24
p2_S1_N1.53,2330.0,36.82,24.0,1,225.34
p2_S1_N1.54,2340.0,28.62,14.0,1,211.85
p2_S1_N1.55,2350.0,20.32,6.0,1,193.19
p2_N2_S2.49,2290.0,77.4,57.0,3,285.63
p2_S2_N2.19,1990.0,374.11,259.0,13,717.55
p2_N2_S2.50,2300.0,72.99,49.0,3,278.03
p2_S1_N1.56,2360.0,9.44,0.0,0,176.06
p2_S2_N2.20,2000.0,372.12,252.0,14,729.25
p2_N2_S2.51,2310.0,64.71,47.0,2,258.5
p2_S2_N2.21,2010.0,365.48,239.0,13,721.9
p2_N2_S2.52,2320.0,56.48,42.0,2,251.62
p2_S1_N1.57,2370.0,6.11,0.0,0,149.28
p2_N2_S2.53,2330.0,42.67,27.0,2,213.71
p2_N2_S2.54,2340.0,44.73,23.0,2,223.74
p2_E_W.71,2038.0,321.87,190.0,10,731.04
p2_N2_S2.55,2350.0,27.4,15.0,1,195.65
p2_N2_S2.56,2360.0,23.45,6.0,1,198.49
p2_E_W.72,2041.0,320.08,189.0,11,719.81
p2_N2_S2.57,2370.0,20.37,0.0,0,196.54
p2_S2_W.4,1923.0,438.24,315.0,15,898.11
p1_W_E.558,2193.0,177.52,117.0,4,521.08
p2_E_W.73,2044.0,327.82,198.0,9,725.3
p1_W_E.559,2197.0,175.74,114.0,4,515.66
p2_E_W.74,2047.0,324.03,189.0,10,731.8
p1_W_E.560,2200.0,173.69,114.0,3,501.18
p2_E_W.75,2050.0,325.29,186.0,10,726.16
p2_E_W.76,2053.0,322.04,188.0,9,721.81
p2_E_W.77,2056.0,322.82,182.0,9,724.09
p1_W_E.561,2206.0,174.55,106.0,3,505.88
p2_E_W.78,2059.0,321.62,175.0,10,739.95
p1_W_E.562,2209.0,173.55,105.0,3,516.4
p2_E_W.79,2062.0,320.36,168.0,12,733.78
p1_W_S2.56,2203.0,166.3,108.0,4,480.11
p1_W_E.563,2212.0,163.3,102.0,3,482.34
p2_E_W.80,2065.0,306.09,167.0,11,693.77
p1_W_E.564,2215.0,169.99,101.0,3,492.76
p1_W_E.565,2218.0,175.39,101.0,3,525.25
p1_W_E.566,2221.0,168.99,102.0,3,509.51
p1_W_E.567,2224.0,173.04,99.0,3,511.84
p2_E_S1.8,2068.0,329.53,174.0,11,735.3
p1_W_E.568,2227.0,171.79,97.0,3,511.18
p1_W_S2.57,2236.0,164.08,96.0,3,498.38
p1_W_E.569,2230.0,170.5,96.0,3,504.1
p2_N1_S1.49,2290.0,131.96,92.0,3,364.85
p2_S1_N1.58,2380.0,42.15,30.0,1,227.14
p1_W_E.570,2233.0,169.12,98.0,3,497.32
p2_S1_N1.59,2390.0,34.25,24.0,1,211.22
p1_W_E.571,2239.0,164.93,93.0,3,483.96
p2_N1_S1.50,2300.0,123.23,91.0,3,338.32
p1_W_E.572,2242.0,163.77,96.0,3,491.84
p2_N1_S1.51,2310.0,116.57,89.0,3,339.47
p2_S1_N1.60,2400.0,23.92,14.0,1,195.39
p2_S1_N1.61,2410.0,20.54,5.0,1,191.93
p1_W_E.573,2245.0,154.28,97.0,3,457.42
p2_S1_N1.62,2420.0,12.28,0.0,0,185.39
p1_W_E.574,2247.0,165.54,94.0,3,474.1
p1_W_E.575,2251.0,158.82,95.0,3,494.01
p2_S1_N1.63,2430.0,5.91,0.0,0,156.41
p1_W_E.576,2254.0,162.09,92.0,3,512.46
p2_N1_E.16,2283.0,120.69,73.0,3,417.27
p2_N1_S1.52,2320.0,122.77,87.0,5,344.85
p1_W_E.577,2257.0,164.56,97.0,5,512.8
p2_N1_S1.53,2330.0,114.66,77.0,4,339.16
p1_W_E.578,2260.0,163.24,93.0,4,517.2
p1_W_E.579,2263.0,161.94,92.0,4,507.55
p2_N1_S1.54,2340.0,106.42,68.0,4,322.27
p2_S2_N2.22,2020.0,427.68,289.0,14,796.97
p2_S2_N2.23,2030.0,419.45,278.0,14,796.28
p2_S2_N2.24,2040.0,411.37,273.0,13,783.91
p2_N1_S1.55,2350.0,101.05,59.0,4,305.0
p2_N2_S2.58,2380.0,63.16,51.0,1,250.86
p2_N2_S2.59,2390.0,59.5,45.0,1,260.95
p2_N1_S1.56,2360.0,89.48,45.0,4,293.77
p2_N2_S2.60,2400.0,45.51,33.0,1,229.13
p2_N1_S1.57,2370.0,87.94,41.0,2,300.55
p2_N2_S2.61,2410.0,49.34,31.0,2,238.15
p2_N2_S2.62,2420.0,40.65,20.0,1,223.71
p2_S1_N1.64,2440.0,6.2,0.0,0,147.74
p2_N2_S2.63,2430.0,31.67,13.0,1,207.4
p2_N2_S2.64,2440.0,24.65,5.0,1,209.29
p2_S1_N1.65,2450.0,13.86,0.0,0,163.82
p2_E_W.81,2071.0,372.87,210.0,14,800.07
p1_W_E.580,2266.0,175.04,109.0,5,530.07
p2_E_W.82,2074.0,372.05,209.0,12,797.76
p1_W_S2.58,2269.0,175.63,108.0,6,523.34
p2_E_W.83,2077.0,370.15,204.0,13,796.21
p1_W_E.581,2272.0,174.01,102.0,6,523.6
p2_E_W.84,2080.0,369.98,210.0,11,812.09
p1_W_E.582,2275.0,175.79,100.0,5,531.71
p2_E_W.85,2083.0,368.86,204.0,11,805.32
p1_W_E.583,2278.0,174.66,97.0,5,536.54
p1_W_E.584,2281.0,171.97,97.0,7,519.88
p1_W_E.585,2284.0,172.09,95.0,6,523.0
p2_E_W.86,2086.0,363.36,200.0,11,785.13
p2_E_W.87,2089.0,368.55,197.0,11,791.36
p2_E_W.88,2092.0,367.16,189.0,11,795.9
p2_E_W.89,2095.0,365.83,181.0,11,799.58
p2_E_W.90,2098.0,364.69,182.0,12,772.38
p2_W_N1.0,2362.0,127.35,74.0,4,379.28
p1_W_E.586,2287.0,149.41,90.0,5,464.55
p1_W_E.587,2290.0,182.39,88.0,6,474.5
p1_W_S2.59,2328.0,133.74,66.0,4,428.54
p2_E_S1.9,2101.0,374.45,186.0,12,793.93
p1_W_E.588,2293.0,183.29,86.0,6,494.07
p1_W_E.589,2321.0,154.9,67.0,4,445.47
p1_W_E.590,2325.0,154.78,65.0,4,451.49
p2_S1_N1.66,2460.0,37.63,24.0,1,216.46
p2_N1_E.17,2313.0,164.28,103.0,6,465.18
p2_S1_N1.67,2470.0,34.32,18.0,1,214.18
p2_N1_E.18,2343.0,139.94,74.0,6,460.3
p2_N1_E.19,2373.0,111.54,41.0,2,415.28
p2_S1_N1.68,2480.0,26.08,10.0,1,201.79
p2_S1_N1.69,2490.0,17.76,1.0,1,191.99
p1_W_E.591,2331.0,148.2,89.0,3,462.16
p2_S2_N2.25,2050.0,458.43,305.0,14,849.65
p2_S1_N1.70,2500.0,8.01,0.0,0,167.92
p1_W_E.592,2334.0,151.87,86.0,3,466.62
p2_N2_S2.65,2450.0,58.73,42.0,1,251.0
p2_N1_S1.58,2380.0,109.5,69.0,3,327.37
p2_N2_S2.66,2460.0,51.65,39.0,1,237.35
p1_W_E.593,2337.0,153.61,85.0,3,489.55
p2_S2_N2.26,2060.0,449.08,300.0,15,834.52
p2_N1_S1.59,2390.0,122.91,67.0,3,356.62
p2_S2_N2.27,2070.0,444.71,288.0,13,817.1
p2_N1_S1.60,2400.0,105.71,60.0,2,329.78
p2_N2_S2.67,2470.0,41.41,30.0,1,221.41
p2_N1_S1.61,2410.0,105.9,56.0,2,327.77
p2_N2_S2.68,2480.0,33.7,21.0,1,216.11
p2_N1_S1.62,2420.0,98.07,47.0,2,325.73
p2_N2_S2.69,2490.0,25.98,13.0,1,200.95
p2_N2_S2.70,2500.0,19.75,4.0,1,191.35
p2_N1_S1.63,2430.0,89.86,41.0,2,310.05
p2_S1_N1.71,2510.0,5.89,0.0,0,149.64
p2_N2_S2.71,2510.0,11.64,0.0,0,182.71
p2_S1_N1.72,2520.0,5.25,0.0,0,154.14
p1_W_E.594,2340.0,161.26,101.0,4,490.71
p2_N1_S1.64,2440.0,76.01,30.0,2,279.49
p2_N1_S1.65,2450.0,79.24,28.0,1,273.1
p1_W_E.595,2343.0,156.72,97.0,5,487.7
p2_N1_S1.66,2460.0,73.51,28.0,1,284.41
p1_W_E.596,2346.0,166.97,95.0,4,494.77
p2_N1_S1.67,2470.0,65.24,28.0,1,269.78
p1_W_E.597,2350.0,164.86,92.0,5,505.11
p2_S1_N1.73,2530.0,5.89,0.0,0,149.84
p2_N1_S1.68,2480.0,51.19,26.0,1,236.14
p1_W_E.598,2353.0,163.01,89.0,5,507.2
p2_N1_S1.69,2490.0,49.02,21.0,1,251.57
p1_W_E.599,2356.0,153.31,86.0,4,469.96
p2_N1_S1.70,2500.0,40.85,16.0,1,238.16
p2_W_E.0,2359.0,161.47,85.0,4,497.03
p2_W_E.1,2365.0,157.28,82.0,4,481.69
p2_N1_E.20,2403.0,119.14,62.0,4,418.54
p2_E_W.91,2104.0,420.83,228.0,13,854.65
p2_N1_E.21,2433.0,92.17,40.0,2,366.8
p2_E_W.92,2107.0,420.05,224.0,13,862.56
p2_S2_N2.28,2080.0,469.84,300.0,13,872.82
p2_N2_S2.72,2520.0,29.29,16.0,1,203.02
p2_S2_N2.29,2090.0,461.64,292.0,14,857.9
p2_S2_N2.30,2100.0,453.73,289.0,14,835.9
p2_S2_W.5,1953.0,563.59,417.0,19,1092.05
p2_E_W.93,2110.0,427.98,226.0,15,862.37
p2_N2_S2.73,2530.0,15.35,4.0,1,182.82
p2_N2_S2.74,2540.0,20.77,1.0,1,190.6
p2_S2_W.6,1983.0,548.78,366.0,21,1049.17
p2_N2_S2.75,2550.0,7.77,0.0,0,161.06
p2_S2_W.7,2013.0,526.46,324.0,19,1053.65
p2_E_W.94,2115.0,421.32,247.0,13,884.55
p2_E_W.95,2119.0,420.29,248.0,11,870.98
p2_N2_S2.76,2560.0,6.42,0.0,0,146.77
p2_E_W.96,2122.0,424.87,246.0,12,868.97
p2_E_W.97,2125.0,423.61,244.0,12,869.77
p2_E_W.98,2128.0,420.17,241.0,11,865.42
p2_E_W.99,2131.0,403.98,242.0,11,836.23
p2_W_N1.1,2406.0,170.37,112.0,5,441.97
p2_E_W.100,2134.0,404.62,237.0,11,834.23
p2_N2_S2.77,2570.0,6.23,0.0,0,152.83
p2_E_S1.10,2139.0,422.41,240.0,12,863.92
p2_S1_N1.74,2540.0,45.35,34.0,1,230.49
p2_N1_S1.71,2510.0,76.04,44.0,2,287.54
p2_N2_S2.78,2580.0,6.73,0.0,0,146.36
p2_N1_S1.72,2520.0,68.0,36.0,1,272.0
p2_S1_N1.75,2550.0,37.97,24.0,1,217.21
p2_S1_N1.76,2560.0,29.58,16.0,1,202.18
p2_S1_N1.77,2570.0,20.43,7.0,1,193.99
p2_S1_N1.78,2580.0,14.03,0.0,0,176.91
p2_N2_S2.79,2590.0,5.57,0.0,0,143.55
p2_S1_N1.79,2590.0,5.88,0.0,0,143.85
p2_S2_N2.31,2110.0,479.11,303.0,13,882.71
p2_S2_N2.32,2120.0,472.55,296.0,14,869.28
p2_S2_N2.33,2130.0,470.3,285.0,13,877.44
p2_N1_S1.73,2530.0,71.7,40.0,2,270.56
p2_S2_N2.34,2140.0,457.34,273.0,14,832.93
p2_N2_S2.80,2600.0,5.71,0.0,0,151.07
p2_S2_N2.35,2150.0,451.43,271.0,13,824.58
p2_S2_N2.36,2160.0,447.08,271.0,12,838.42
p2_N1_S1.74,2540.0,57.8,38.0,2,245.96
p2_N1_S1.75,2550.0,61.68,36.0,2,258.82
p2_S1_N1.80,2600.0,6.58,0.0,0,142.71
p2_N1_E.22,2463.0,120.76,81.0,2,412.85
p2_N1_E.23,2493.0,103.78,67.0,2,385.62
p2_N1_S1.76,2560.0,52.81,24.0,2,239.59
p2_S1_N1.81,2610.0,5.84,0.0,0,151.38
p2_W_E.2,2368.0,230.86,159.0,5,607.25
p2_N1_S1.77,2570.0,50.68,18.0,2,241.81
p2_W_E.3,2371.0,229.65,156.0,5,608.44
p2_N1_S1.78,2580.0,36.23,5.0,2,207.19
p2_W_E.4,2374.0,226.94,154.0,6,601.73
p2_E_W.101,2159.0,443.48,277.0,13,892.97
p2_S2_N2.37,2170.0,460.31,281.0,15,848.34
p2_N2_S2.81,2610.0,20.71,8.0,1,179.59
p2_W_E.5,2409.0,176.39,116.0,6,489.28
p2_S2_N2.38,2180.0,450.23,277.0,14,826.7
p2_N2_S2.82,2620.0,12.15,1.0,1,177.5
p2_E_W.102,2163.0,437.1,277.0,12,880.9
p2_S2_N2.39,2190.0,445.21,268.0,11,828.09
p2_N1_E.24,2523.0,89.88,41.0,2,360.27
p2_E_W.103,2166.0,446.45,273.0,13,891.81
p2_N2_S2.83,2630.0,5.76,0.0,0,149.13
p2_E_W.104,2169.0,447.37,267.0,11,907.49
p2_E_W.105,2172.0,432.23,268.0,12,893.71
p2_E_W.106,2175.0,446.27,263.0,10,899.07
p2_S2_N2.40,2200.0,440.0,260.0,10,816.95
p2_E_W.107,2178.0,429.56,260.0,13,887.47
p2_S2_N2.41,2210.0,436.04,248.0,12,822.97
p2_N2_S2.84,2640.0,6.12,0.0,0,153.23
p2_E_W.108,2181.0,437.56,263.0,11,890.68
p2_S2_W.8,2043.0,584.21,382.0,16,1127.26
p2_E_W.109,2184.0,445.17,276.0,10,931.48
p2_S2_N2.42,2220.0,420.27,237.0,12,775.5
p2_E_W.110,2187.0,444.59,270.0,12,925.57
p2_W_N1.2,2421.0,231.57,161.0,6,514.18
p2_S2_N2.43,2230.0,424.2,231.0,12,796.34
p2_S2_N2.44,2240.0,413.87,221.0,12,777.97
p2_N2_S2.85,2650.0,5.96,0.0,0,151.44
p2_S2_N2.45,2250.0,407.17,212.0,11,763.25
p2_S2_N2.46,2260.0,401.01,205.0,11,755.24
p2_N2_S2.86,2660.0,5.8,0.0,0,157.37
p2_W_N1.3,2436.0,225.77,147.0,7,518.83
p2_E_S1.11,2190.0,452.82,280.0,14,904.01
p2_S2_N2.47,2270.0,385.67,202.0,9,736.34
p2_S1_N1.82,2620.0,49.58,39.0,1,232.7
p2_S2_N2.48,2280.0,393.75,205.0,12,739.55
p2_N1_S1.79,2590.0,77.71,43.0,2,281.71
p2_S1_N1.83,2630.0,43.86,30.0,1,235.77
p2_S2_N2.49,2290.0,385.55,191.0,8,722.82
p2_N1_S1.80,2600.0,72.8,42.0,2,273.02
p2_N1_S1.81,2610.0,66.59,40.0,1,278.18
p2_S2_N2.50,2300.0,377.16,186.0,11,710.63
p2_S1_N1.84,2640.0,31.4,19.0,1,210.1
p2_S2_N2.51,2310.0,368.95,178.0,10,705.47
p2_S1_N1.85,2650.0,25.53,13.0,1,201.56
p2_S1_N1.86,2660.0,16.91,4.0,1,188.9
p2_N2_S2.87,2670.0,6.4,0.0,0,154.06
p2_S1_N1.87,2670.0,10.97,0.0,0,186.54
p2_N1_S1.82,2620.0,65.68,40.0,2,254.78
p2_S2_N2.52,2327.0,352.54,170.0,9,683.76
p2_N1_S1.83,2630.0,55.04,36.0,1,245.56
p2_N1_S1.84,2640.0,52.54,29.0,2,248.23
p2_N1_S1.85,2650.0,45.55,21.0,1,239.85
p2_S1_N1.88,2680.0,6.93,0.0,0,149.59
p2_N1_E.25,2553.0,98.76,69.0,4,373.1
p2_N1_S1.86,2660.0,37.69,12.0,1,217.1
p2_N1_E.26,2583.0,93.57,44.0,3,370.26
p2_W_E.6,2412.0,266.77,183.0,6,628.52
p2_W_E.7,2415.0,265.55,181.0,6,646.56
p2_N1_S1.87,2670.0,25.81,1.0,1,198.16
p2_W_E.8,2418.0,264.42,177.0,6,664.42
p2_S1_N1.89,2690.0,6.61,0.0,0,149.68
p2_W_E.9,2424.0,260.18,169.0,7,648.57
p2_W_E.10,2427.0,258.83,167.0,7,640.63
p2_E_W.111,2193.0,493.24,311.0,14,988.91
p2_W_E.11,2430.0,257.49,164.0,8,638.79
p2_S2_W.9,2073.0,614.87,413.0,20,1166.75
p2_W_E.12,2433.0,255.75,160.0,9,639.09
p2_N1_E.27,2613.0,77.52,42.0,2,335.66
p2_E_W.112,2241.0,447.39,286.0,11,917.06
p2_E_W.113,2245.0,447.98,281.0,12,901.66
p2_E_W.114,2248.0,446.74,275.0,13,888.46
p2_N2_S2.88,2680.0,37.04,24.0,1,217.69
p2_E_W.115,2252.0,444.57,267.0,14,877.0
p2_E_W.116,2255.0,443.14,269.0,15,894.1
p2_N2_S2.89,2690.0,29.12,16.0,1,205.5
p2_E_W.117,2259.0,440.91,263.0,11,886.02
p2_N2_S2.90,2700.0,20.98,10.0,1,192.36
p2_E_W.118,2262.0,438.92,261.0,13,872.42
p2_N2_S2.91,2710.0,12.99,1.0,1,176.7
p2_S2_N2.53,2333.0,375.8,196.0,10,720.84
p2_S2_N2.54,2340.0,385.84,196.0,10,719.81
p2_N2_S2.92,2720.0,5.87,0.0,0,151.87
p2_E_W.119,2267.0,433.81,259.0,12,857.83
p2_E_W.120,2272.0,435.43,254.0,12,866.79
p2_W_N1.4,2451.0,284.05,180.0,8,605.01
p2_N2_S2.93,2730.0,6.23,0.0,0,149.95
p2_E_S1.12,2291.0,429.59,263.0,11,897.72
p2_N1_S1.88,2680.0,66.11,39.0,1,266.23
p2_N2_S2.94,2740.0,6.02,0.0,0,148.64
p2_S1_N1.90,2700.0,46.54,35.0,1,235.13
p2_N1_S1.89,2690.0,58.22,37.0,1,259.78
p2_S1_N1.91,2710.0,38.61,26.0,1,220.78
p2_N1_S1.90,2700.0,48.76,36.0,1,235.05
p2_S1_N1.92,2720.0,28.97,16.0,1,201.02
p2_S2_N2.55,2430.0,323.08,162.0,8,635.69
p2_S1_N1.93,2730.0,20.49,10.0,1,185.77
p2_S2_N2.56,2434.0,320.92,161.0,8,630.59
p2_S1_N1.94,2740.0,15.96,2.0,1,192.97
p2_S2_N2.57,2439.0,317.81,160.0,8,617.65
p2_S1_N1.95,2750.0,7.69,0.0,0,170.7
p2_N2_S2.95,2750.0,6.34,0.0,0,152.37
p2_S2_N2.58,2457.0,304.68,153.0,10,609.04
p2_N1_S1.91,2710.0,52.0,34.0,2,242.46
p2_S2_N2.59,2460.0,303.66,152.0,9,592.83
p2_S2_N2.60,2465.0,300.7,148.0,8,593.92
p2_N1_S1.92,2720.0,41.78,23.0,2,227.67
p2_S1_N1.96,2760.0,5.52,0.0,0,146.38
p2_N2_S2.96,2760.0,5.51,0.0,0,152.49
p2_N1_S1.93,2730.0,37.95,15.0,2,222.0
p2_N1_S1.94,2740.0,27.25,6.0,1,210.98
p2_N1_E.28,2643.0,109.29,79.0,3,404.68
p2_N1_S1.95,2750.0,25.2,1.0,1,206.49
p2_N1_E.29,2673.0,82.39,46.0,1,349.11
p2_N1_S1.96,2760.0,16.17,0.0,0,195.38
p2_W_E.13,2439.0,315.58,220.0,8,719.9
p2_S2_W.10,2102.0,655.55,421.0,20,1233.45
p2_S2_W.11,2133.0,626.99,392.0,19,1194.02
p2_W_E.14,2442.0,312.72,217.0,9,704.6
p2_W_E.15,2445.0,316.22,212.0,8,709.77
p2_S2_W.12,2163.0,592.46,378.0,18,1142.53
p2_W_E.16,2448.0,317.88,209.0,9,708.86
p2_E_W.121,2295.0,471.77,308.0,14,964.33
p2_W_E.17,2454.0,309.16,190.0,8,717.26
p2_E_W.122,2298.0,470.55,307.0,14,960.54
p2_W_E.18,2457.0,303.22,189.0,8,678.79
p2_E_W.123,2301.0,465.66,302.0,12,959.88
p2_E_W.124,2304.0,463.09,298.0,12,943.07
p2_N1_E.30,2703.0,67.01,39.0,2,323.21
p2_E_W.125,2307.0,459.54,290.0,12,928.41
p2_N1_E.31,2733.0,40.95,13.0,1,271.45
p2_N2_S2.97,2770.0,27.5,15.0,1,204.08
p2_E_W.126,2310.0,462.77,289.0,13,938.23
p2_E_W.127,2313.0,465.45,286.0,12,948.45
p2_S2_W.13,2193.0,586.51,350.0,16,1123.73
p2_S2_N2.61,2536.0,258.55,122.0,7,541.11
p2_S2_N2.62,2539.0,264.07,122.0,10,551.51
p2_N2_S2.98,2780.0,17.28,5.0,1,173.49
p2_W_N1.5,2466.0,338.01,214.0,12,672.23
p2_N2_S2.99,2790.0,14.72,0.0,0,178.87
p2_S2_W.14,2223.0,546.23,307.0,20,1054.8
p2_S1_N1.97,2770.0,37.36,25.0,1,215.85
p2_S2_N2.63,2544.0,252.55,119.0,11,542.17
p2_N2_S2.100,2800.0,5.03,0.0,0,156.37
p2_S1_N1.98,2780.0,27.07,15.0,1,200.16
p2_S1_N1.99,2790.0,24.42,10.0,1,207.4
p2_S1_N1.100,2800.0,16.15,1.0,1,208.42
p2_S1_N1.101,2810.0,6.57,0.0,0,147.58
p2_N2_S2.101,2810.0,6.41,0.0,0,150.92
p2_S2_N2.64,2595.0,230.13,104.0,7,488.41
p2_S2_N2.65,2600.0,227.39,100.0,8,487.78
p2_N1_S1.97,2770.0,51.41,34.0,2,231.71
p2_S2_N2.66,2605.0,224.07,98.0,7,476.31
p2_S1_N1.102,2820.0,5.71,0.0,0,148.17
p2_N2_S2.102,2820.0,5.6,0.0,0,154.27
p2_N1_S1.98,2780.0,50.04,29.0,2,235.55
p2_N1_S1.99,2790.0,41.69,21.0,2,238.07
p2_S2_N2.67,2638.0,194.52,87.0,7,428.28
p2_S2_N2.68,2643.0,191.74,82.0,6,431.96
p2_N1_S1.100,2800.0,31.47,12.0,2,211.84
p2_S2_N2.69,2649.0,187.75,80.0,6,431.14
p2_N1_S1.101,2810.0,25.4,8.0,1,207.71
p2_S1_N1.103,2830.0,6.3,0.0,0,151.1
p2_N2_S2.103,2830.0,6.03,0.0,0,155.91
p2_N1_S1.102,2820.0,13.9,0.0,0,191.37
p2_S2_N2.70,2682.0,160.18,58.0,5,411.81
p2_S2_N2.71,2685.0,157.8,57.0,6,384.38
p2_N2_S2.104,2840.0,5.43,0.0,0,150.93
p2_S2_W.15,2252.0,570.64,310.0,16,1086.25
p2_S2_W.16,2283.0,542.31,293.0,14,1046.9
p2_S2_N2.72,2688.0,158.33,57.0,5,399.92
p2_S2_W.17,2313.0,513.25,276.0,17,1008.19
p2_E_W.128,2316.0,512.8,340.0,13,1019.55
p2_S2_N2.73,2694.0,154.58,53.0,4,385.83
p2_E_W.129,2319.0,508.89,328.0,12,1019.7
p2_S2_N2.74,2697.0,158.88,51.0,6,410.64
p2_E_W.130,2322.0,513.27,324.0,12,1011.33
p2_S2_N2.75,2700.0,157.69,51.0,6,392.55
p2_W_E.19,2460.0,377.37,255.0,10,799.03
p2_W_E.20,2463.0,378.6,254.0,10,800.25
p2_W_N1.6,2489.0,373.13,231.0,11,726.21
p2_N1_E.32,2763.0,68.08,46.0,3,324.03
p2_N1_E.33,2793.0,57.53,24.0,3,318.96
p2_W_N1.7,2504.0,368.54,215.0,11,714.89
p2_N1_E.34,2823.0,12.99,0.0,0,228.63
p2_W_E.21,2473.0,376.84,250.0,11,759.48
p2_W_E.22,2477.0,368.12,244.0,11,762.76
p2_W_E.23,2480.0,379.53,236.0,10,797.8
p2_W_E.24,2483.0,371.88,232.0,11,799.44
p2_W_N1.8,2519.0,364.93,197.0,11,681.4
p2_W_E.25,2486.0,364.59,229.0,12,753.45
p2_E_S1.13,2327.0,537.92,345.0,12,1053.08
p2_N1_S1.103,2830.0,59.44,42.0,1,263.8
p2_S1_N1.104,2840.0,49.22,37.0,1,237.71
p2_N1_S1.104,2840.0,51.16,38.0,1,234.84
p2_S1_N1.105,2850.0,41.11,30.0,1,223.25
p2_N2_S2.105,2850.0,43.24,32.0,1,234.71
p2_S1_N1.106,2860.0,31.12,17.0,1,198.77
p2_N2_S2.106,2860.0,34.22,23.0,1,209.07
p2_S1_N1.107,2870.0,26.97,12.0,1,205.03
p2_N2_S2.107,2870.0,28.32,15.0,1,203.71
p2_S1_N1.108,2880.0,18.62,4.0,1,188.21
p2_N1_S1.105,2850.0,35.97,26.0,1,211.98
p2_S1_N1.109,2890.0,7.0,0.0,0,155.05
p2_N2_S2.108,2880.0,17.05,5.0,1,180.5
p2_N1_S1.106,2860.0,44.76,24.0,2,226.07
p2_S1_N1.110,2900.0,5.5,0.0,0,154.19
p2_N1_S1.107,2870.0,34.07,14.0,2,204.99
p2_N1_S1.108,2880.0,31.87,8.0,2,219.23
p2_S2_N2.76,2718.0,195.23,92.0,6,455.53
p2_N2_S2.109,2890.0,6.37,0.0,0,148.36
p2_S2_N2.77,2721.0,194.46,90.0,7,460.18
p2_E_W.131,2364.0,531.14,345.0,14,1029.29
p2_N2_S2.110,2900.0,16.19,0.0,0,174.39
p2_N2_S2.111,2910.0,5.86,0.0,0,152.64
p2_E_W.132,2368.0,529.55,343.0,12,1030.83
p2_S2_N2.78,2724.0,190.54,88.0,6,442.63
p2_E_W.133,2371.0,521.65,337.0,11,1023.47
p2_E_W.134,2374.0,530.29,333.0,12,1037.24
p2_E_W.135,2377.0,529.03,327.0,12,1016.51
p2_E_W.136,2380.0,527.7,323.0,12,1037.76
p2_E_W.137,2383.0,526.59,319.0,11,1026.61
p2_S2_W.18,2401.0,509.69,270.0,14,998.14
p2_S2_W.19,2452.0,460.57,252.0,13,937.61
p2_W_E.26,2492.0,399.55,256.0,12,835.63
p2_W_E.27,2495.0,419.79,252.0,12,854.68
p2_S2_W.20,2473.0,437.47,238.0,12,897.95
p2_W_E.28,2498.0,418.74,250.0,11,879.25
p2_E_W.138,2386.0,530.46,345.0,10,1055.38
p2_W_E.29,2501.0,417.44,245.0,12,867.64
p2_E_W.139,2389.0,524.26,343.0,10,1043.47
p2_E_W.140,2394.0,526.14,341.0,11,1053.18
p2_W_E.30,2507.0,405.57,232.0,13,842.06
p2_W_E.31,2510.0,412.26,225.0,13,858.38
p2_W_E.32,2513.0,410.92,228.0,12,855.86
p2_W_N1.9,2565.0,380.88,200.0,11,721.4
p2_W_E.33,2516.0,409.62,224.0,11,858.35
p2_E_S1.14,2413.0,512.06,343.0,12,1021.85
p2_N1_S1.109,2890.0,59.17,33.0,2,249.94
p2_N1_E.35,2853.0,55.35,31.0,3,299.43
p2_S1_N1.111,2910.0,38.86,28.0,1,218.75
p2_N1_E.36,2883.0,46.98,7.0,2,298.78
p2_N1_S1.110,2900.0,50.58,32.0,1,235.08
p2_W_E.34,2552.0,379.31,195.0,11,783.24
p2_S2_N2.79,2730.0,224.26,109.0,7,505.24
p2_W_E.35,2556.0,377.98,190.0,13,775.96
p2_N1_S1.111,2910.0,43.78,30.0,1,227.25
p2_N2_S2.112,2920.0,34.2,23.0,1,210.47
p2_S1_N1.112,2920.0,25.8,15.0,1,192.82
p2_N2_S2.113,2930.0,26.08,14.0,1,190.18
p2_S1_N1.113,2930.0,29.64,12.0,1,207.81
p2_N2_S2.114,2940.0,19.87,6.0,1,192.96
p2_S1_N1.114,2940.0,21.36,2.0,1,200.48
p2_N2_S2.115,2950.0,11.59,0.0,0,185.44
p2_N1_S1.112,2920.0,43.73,23.0,1,233.32
p2_S1_N1.115,2950.0,13.24,0.0,0,188.75
p2_S2_N2.80,2733.0,217.33,110.0,9,486.68
p2_S2_N2.81,2736.0,229.58,106.0,8,492.87
p2_N1_S1.113,2930.0,35.64,17.0,1,218.26
p2_S2_N2.82,2742.0,225.29,102.0,8,503.83
p2_N2_S2.116,2960.0,5.79,0.0,0,154.46
p2_N1_S1.114,2940.0,28.13,7.0,1,199.81
p2_S2_N2.83,2745.0,221.59,101.0,9,493.35
p2_S1_N1.116,2960.0,5.8,0.0,0,148.83
p2_N1_S1.115,2950.0,22.03,0.0,0,193.59
p2_S2_N2.84,2748.0,215.99,98.0,8,484.24
p2_S2_N2.85,2754.0,219.44,95.0,8,493.67
p2_N2_S2.117,2970.0,5.77,0.0,0,156.38
p2_S2_N2.86,2757.0,217.32,94.0,8,502.32
p2_E_W.141,2478.0,475.07,308.0,10,956.62
p2_E_W.142,2481.0,474.98,306.0,10,959.72
p2_E_W.143,2483.0,477.82,309.0,12,959.97
p2_E_W.144,2487.0,475.61,303.0,13,969.85
p2_S2_N2.87,2760.0,210.11,93.0,8,484.21
p2_E_W.145,2490.0,472.61,302.0,14,940.67
p2_S2_N2.88,2766.0,221.0,89.0,9,485.36
p2_S2_W.21,2551.0,414.72,217.0,13,851.81
p2_S2_W.22,2613.0,354.68,179.0,13,751.6
p2_S2_N2.89,2769.0,219.85,88.0,9,498.46
p2_S2_N2.90,2772.0,218.55,87.0,8,488.88
p2_S2_W.23,2679.0,290.13,146.0,10,706.84
p2_S2_N2.91,2780.0,207.83,81.0,8,460.9
p2_S2_N2.92,2805.0,191.62,69.0,6,447.24
p2_S2_N2.93,2813.0,185.36,67.0,5,446.91
p2_S2_W.24,2691.0,266.48,127.0,9,641.23
p2_N2_S2.118,2980.0,6.4,0.0,0,155.29
p2_N2_S2.119,2990.0,9.63,0.0,0,156.7
p2_E_W.146,2493.0,465.01,314.0,10,926.81
p2_E_W.147,2496.0,482.19,312.0,11,954.76
p2_E_W.148,2499.0,489.46,309.0,11,963.06
p2_E_W.149,2503.0,487.15,307.0,12,959.34
p2_W_E.36,2559.0,418.18,238.0,11,847.27
p2_W_N1.10,2580.0,430.83,229.0,13,798.3
p2_E_W.150,2515.0,476.85,301.0,10,955.12
p2_W_E.37,2562.0,430.44,242.0,13,864.21
p2_E_S1.15,2519.0,467.58,304.0,14,924.57
p2_N1_E.37,2913.0,80.43,49.0,3,344.95
p2_S1_N1.117,2970.0,45.72,33.0,1,231.57
p2_N1_E.38,2943.0,43.25,14.0,2,294.09
p2_S1_N1.118,2980.0,37.53,26.0,1,217.75
p2_W_E.38,2568.0,429.76,234.0,14,864.05
p2_N1_S1.116,2960.0,50.9,37.0,1,233.35
p2_S1_N1.119,2990.0,28.26,16.0,1,196.68
p2_W_E.39,2571.0,428.43,232.0,15,861.09
p2_N1_S1.117,2970.0,51.14,35.0,1,240.05
p2_S1_N1.120,3000.0,22.19,9.0,1,207.98
p2_W_E.40,2574.0,415.82,222.0,14,814.78
p2_S1_N1.121,3010.0,13.92,0.0,0,193.76
p2_N2_S2.120,3000.0,25.34,13.0,1,199.07
p2_S2_N2.94,2841.0,184.99,75.0,7,435.52
p2_N2_S2.121,3010.0,17.45,4.0,1,193.13
p2_S1_N1.122,3020.0,5.71,0.0,0,145.9
p2_S2_N2.95,2844.0,183.87,73.0,7,430.56
p2_N2_S2.122,3020.0,9.24,0.0,0,172.52
p2_N1_S1.118,2980.0,51.45,35.0,2,241.98
p2_S2_N2.96,2847.0,180.35,72.0,6,423.76
p2_N2_S2.123,3030.0,5.51,0.0,0,146.89
p2_E_W.151,2523.0,489.78,318.0,13,960.49
p2_S2_N2.97,2853.0,188.98,71.0,9,449.34
p2_E_W.152,2526.0,487.68,316.0,11,959.03
p2_S2_N2.98,2857.0,186.97,67.0,6,433.47
p2_E_W.153,2529.0,494.57,320.0,15,968.59
p2_S2_N2.99,2860.0,185.71,66.0,8,447.47
p2_S2_W.25,2704.0,320.57,160.0,13,733.18
p2_S2_W.26,2727.0,294.01,141.0,10,685.49
p2_E_W.154,2532.0,493.87,330.0,12,991.96
p2_N2_S2.124,3040.0,6.02,0.0,0,149.26
p2_E_W.155,2539.0,485.13,326.0,14,955.53
p2_E_W.156,2552.0,473.91,324.0,12,959.88
p2_S2_N2.100,2885.0,170.0,54.0,5,414.14
p2_E_W.157,2557.0,477.49,321.0,11,960.3
p2_S2_N2.101,2891.0,165.86,52.0,4,402.96
p2_S2_W.27,2739.0,296.26,135.0,9,675.08
p2_S2_N2.102,2897.0,162.11,56.0,5,403.25
p2_S2_W.28,2751.0,284.14,131.0,10,680.86
p2_N2_S2.125,3050.0,6.51,0.0,0,144.32
p2_S2_W.29,2763.0,269.19,120.0,11,633.44
p2_S2_N2.103,2914.0,147.64,53.0,6,390.47
p2_S2_W.30,2775.0,267.88,109.0,10,628.72
p2_N2_S2.126,3060.0,5.6,0.0,0,149.45
p2_S2_W.31,2838.0,206.44,76.0,6,551.19
p2_S2_N2.104,2917.0,146.8,51.0,4,385.2
p2_E_W.158,2561.0,475.46,349.0,12,943.5
p2_S2_N2.105,2920.0,141.05,53.0,5,375.87
p2_N1_S1.119,2990.0,78.81,60.0,3,281.92
p2_W_N1.11,2644.0,419.66,225.0,15,783.0
p2_S2_N2.106,2927.0,148.6,47.0,4,394.43
p2_S1_N1.123,3030.0,46.51,30.0,1,229.21
p2_S2_N2.107,2930.0,147.43,46.0,5,392.16
p2_S1_N1.124,3040.0,32.3,19.0,1,204.87
p2_S2_N2.108,2933.0,146.14,46.0,5,402.66
p2_N1_S1.120,3000.0,68.13,44.0,3,263.74
p2_S1_N1.125,3050.0,28.7,12.0,1,211.64
p2_S1_N1.126,3060.0,18.89,2.0,1,195.31
p2_N1_S1.121,3010.0,74.23,42.0,5,274.21
p2_S1_N1.127,3070.0,7.22,0.0,0,154.4
p2_N2_S2.127,3070.0,6.03,0.0,0,147.06
p2_S1_N1.128,3080.0,5.73,0.0,0,146.23
p2_N1_S1.122,3020.0,66.52,35.0,2,261.11
p2_N1_S1.123,3030.0,58.36,32.0,2,255.72
p2_W_E.41,2577.0,485.08,283.0,15,938.59
p2_N1_E.39,2973.0,97.41,73.0,3,376.9
p2_N1_S1.124,3040.0,52.53,31.0,1,239.47
p2_S1_N1.129,3090.0,5.4,0.0,0,147.49
p2_N1_S1.125,3050.0,41.34,21.0,1,223.66
p2_W_E.42,2583.0,476.11,270.0,15,929.9
p2_N1_S1.126,3060.0,39.04,15.0,1,229.88
p2_W_E.43,2587.0,483.18,269.0,15,940.35
p2_W_E.44,2634.0,442.62,227.0,15,882.92
p2_W_E.45,2637.0,445.1,225.0,15,881.54
p2_S2_N2.109,2939.0,167.59,63.0,7,418.19
p2_N1_S1.127,3070.0,27.04,4.0,1,209.25
p2_N1_S1.128,3080.0,27.59,0.0,0,212.65
p2_N2_S2.128,3080.0,24.07,13.0,1,191.08
p2_E_W.159,2570.0,517.29,382.0,12,1008.77
p2_N2_S2.129,3090.0,20.89,7.0,1,203.32
p2_E_W.160,2615.0,475.54,351.0,10,952.28
p2_N2_S2.130,3100.0,11.04,0.0,0,189.86
p2_S2_N2.110,2942.0,163.35,62.0,6,417.94
p2_S2_N2.111,2945.0,169.62,60.0,5,430.89
p2_N2_S2.131,3110.0,5.8,0.0,0,159.02
p2_S2_N2.112,2951.0,161.7,57.0,6,411.25
p2_S2_N2.113,2954.0,164.2,59.0,8,412.92
p2_W_N1.12,2733.0,387.04,206.0,13,722.26
p2_S2_N2.114,2957.0,162.71,57.0,5,412.65
p2_S2_N2.115,3001.0,123.38,36.0,3,360.97
p2_S2_N2.116,3004.0,121.17,37.0,4,350.34
p2_S2_N2.117,3009.0,120.21,35.0,3,342.79
p2_N2_S2.132,3120.0,6.26,0.0,0,152.01
p2_W_N1.13,2760.0,370.03,190.0,17,697.1
p2_S2_N2.118,3043.0,88.24,23.0,2,307.38
p2_N1_E.40,3002.0,115.29,74.0,5,391.9
p2_W_N1.14,2817.0,323.44,153.0,15,633.56
p2_N1_E.41,3033.0,83.91,53.0,2,351.08
p2_N1_E.42,3063.0,45.28,17.0,2,293.55
p2_W_E.46,2651.0,476.5,260.0,18,914.75
p2_W_E.47,2674.0,459.38,252.0,17,904.75
p2_E_S1.16,2618.0,501.47,378.0,13,991.16
p2_S1_N1.130,3100.0,50.99,40.0,1,233.69
p2_W_E.48,2715.0,420.11,219.0,14,859.23
p2_S1_N1.131,3110.0,46.68,32.0,1,238.33
p2_W_E.49,2719.0,417.95,216.0,15,853.8
p2_S1_N1.132,3120.0,36.0,24.0,1,218.14
p2_W_E.50,2724.0,413.82,210.0,15,839.91
p2_S1_N1.133,3130.0,28.52,16.0,1,210.27
p2_W_E.51,2742.0,398.48,202.0,16,838.12
p2_N1_S1.129,3090.0,53.41,41.0,1,232.81
p2_S1_N1.134,3140.0,18.79,7.0,1,189.16
p2_W_E.52,2746.0,396.21,197.0,17,820.37
p2_S1_N1.135,3150.0,13.25,0.0,0,183.51
p2_W_E.53,2749.0,394.98,196.0,19,822.02
p2_S1_N1.136,3160.0,6.35,0.0,0,156.5
p2_W_E.54,2754.0,391.67,194.0,16,812.93
p2_N2_S2.133,3130.0,37.27,26.0,1,217.94
p2_S2_N2.119,3046.0,122.17,48.0,3,350.67
p2_S2_N2.120,3049.0,120.54,49.0,3,335.81
p2_N1_S1.130,3100.0,72.88,49.0,2,263.78
p2_N2_S2.134,3140.0,24.54,12.0,1,197.53
p2_S1_N1.137,3170.0,5.55,0.0,0,152.31
p2_N1_S1.131,3110.0,63.68,45.0,2,254.33
p2_N2_S2.135,3150.0,18.59,6.0,1,185.43
p2_N1_S1.132,3120.0,57.87,38.0,2,256.54
p2_N2_S2.136,3160.0,18.06,2.0,1,189.25
p2_N2_S2.137,3170.0,9.85,0.0,0,164.95
p2_S2_N2.121,3055.0,127.19,49.0,4,362.22
p2_N1_S1.133,3130.0,48.57,25.0,2,231.63
p2_S2_N2.122,3058.0,126.1,45.0,4,367.28
p2_N1_S1.134,3140.0,42.17,19.0,2,230.24
p2_N2_S2.138,3180.0,5.53,0.0,0,147.8
p2_N1_S1.135,3150.0,36.75,11.0,2,219.58
p2_S1_N1.138,3180.0,6.08,0.0,0,151.49
p2_S2_N2.123,3061.0,122.38,44.0,5,354.5
p2_S2_N2.124,3067.0,123.46,43.0,4,351.98
p2_N1_S1.136,3160.0,29.7,5.0,1,210.03
p2_E_W.161,2621.0,552.66,412.0,13,1062.35
p2_S2_N2.125,3070.0,119.1,42.0,4,335.86
p2_S2_N2.126,3073.0,120.82,42.0,3,351.83
p2_E_W.162,2624.0,546.41,406.0,11,1049.71
p2_E_W.163,2627.0,549.4,400.0,12,1059.39
p2_S2_W.32,2850.0,323.16,179.0,10,707.14
p2_S2_W.33,2864.0,317.7,167.0,10,716.38
p2_S2_N2.127,3079.0,114.67,40.0,4,343.92
p2_S2_W.34,2911.0,274.53,151.0,9,636.21
p2_S2_W.35,2924.0,263.2,139.0,7,620.81
p2_W_E.55,2796.0,380.52,199.0,16,804.86
p2_W_E.56,2800.0,390.16,196.0,15,812.99
p2_S2_W.36,2936.0,252.73,124.0,8,628.36
p2_E_W.164,2630.0,561.14,415.0,11,1088.73
p2_W_E.57,2803.0,388.89,196.0,18,823.73
p2_E_W.165,2633.0,559.24,415.0,11,1090.28
p2_W_E.58,2808.0,385.58,194.0,13,815.48
p2_E_W.166,2636.0,553.43,409.0,12,1066.86
p2_W_E.59,2827.0,368.41,186.0,18,786.59
p2_W_E.60,2833.0,364.17,181.0,15,777.06
p2_E_W.167,2639.0,557.7,407.0,11,1062.27
p2_W_E.61,2867.0,329.08,167.0,15,731.3
p2_E_W.168,2642.0,556.37,403.0,13,1081.73
p2_E_W.169,2700.0,500.02,355.0,9,988.27
p2_E_W.170,2703.0,495.64,354.0,9,975.01
p2_S2_N2.128,3082.0,141.65,57.0,4,381.66
p2_S2_N2.129,3090.0,135.42,52.0,4,383.25
p2_W_N1.15,2881.0,342.83,196.0,19,682.3
p2_E_S1.17,2706.0,493.54,353.0,10,986.57
p2_N1_S1.137,3170.0,60.12,36.0,2,261.92
p2_S1_N1.139,3190.0,37.47,27.0,1,208.69
p2_N2_S2.139,3190.0,28.17,17.0,1,199.16
p2_S1_N1.140,3200.0,31.72,20.0,1,213.07
p2_N1_S1.138,3180.0,51.96,30.0,1,246.36
p2_N2_S2.140,3200.0,32.21,12.0,1,212.48
p2_S1_N1.141,3210.0,20.56,9.0,1,187.07
p2_N2_S2.141,3210.0,23.97,7.0,1,215.99
p2_N2_S2.142,3220.0,15.71,0.0,0,201.58
p2_S1_N1.142,3220.0,15.98,1.0,1,182.58
p2_S1_N1.143,3230.0,7.74,0.0,0,160.76
p2_N2_S2.143,3230.0,6.01,0.0,0,148.69
p2_S2_N2.130,3100.0,142.32,53.0,4,370.03
p2_N1_S1.139,3190.0,52.04,32.0,2,238.63
p2_S2_N2.131,3110.0,133.5,51.0,4,358.23
p2_N1_S1.140,3200.0,44.66,24.0,1,229.51
p2_S1_N1.144,3240.0,5.45,0.0,0,154.8
p2_S2_N2.132,3120.0,126.47,50.0,4,359.48
p2_N2_S2.144,3240.0,5.64,0.0,0,155.3
p2_N1_S1.141,3210.0,33.0,14.0,2,212.02
p2_S2_N2.133,3130.0,121.03,46.0,4,336.39
p2_N1_S1.142,3220.0,29.72,6.0,1,205.11
p2_N1_S1.143,3230.0,23.32,0.0,0,195.4
p2_S2_N2.134,3140.0,111.14,44.0,4,328.3
p2_N2_S2.145,3250.0,5.84,0.0,0,150.0
p2_N1_S1.144,3240.0,9.3,0.0,0,160.98
p2_S2_W.37,2948.0,288.19,147.0,10,682.57
p2_S2_N2.135,3150.0,97.47,36.0,4,304.97
p2_S2_W.38,2988.0,255.1,128.0,7,632.08
p2_S2_N2.136,3160.0,102.19,34.0,3,318.38
p2_S2_W.39,3016.0,228.56,123.0,7,593.22
p2_N2_S2.146,3260.0,5.89,0.0,0,154.62
p2_S2_N2.137,3170.0,96.73,33.0,3,312.39
p2_E_W.171,2709.0,537.84,398.0,11,1072.6
p2_S2_N2.138,3180.0,86.99,30.0,3,300.18
p2_E_W.172,2713.0,535.32,390.0,11,1068.79
p2_S2_N2.139,3190.0,81.44,22.0,2,285.49
p2_E_W.173,2716.0,530.81,387.0,11,1029.49
p2_E_W.174,2722.0,530.45,384.0,10,1052.62
p2_E_W.175,2775.0,479.14,337.0,10,976.55
p2_N1_E.43,3093.0,156.92,120.0,4,459.43
p2_E_W.176,2779.0,469.74,332.0,10,941.18
p2_N1_E.44,3123.0,135.26,94.0,4,444.01
p2_E_W.177,2782.0,476.77,334.0,9,945.02
p2_E_W.178,2785.0,477.39,328.0,10,950.87
p2_E_W.179,2788.0,476.12,325.0,10,953.32
p2_N1_E.45,3153.0,97.77,56.0,2,375.37
p2_W_E.62,2873.0,392.3,223.0,16,839.01
p2_E_W.180,2791.0,474.83,319.0,10,946.92
p2_N1_E.46,3183.0,83.49,48.0,3,372.44
p2_N1_E.47,3213.0,53.82,15.0,2,337.75
p2_W_N1.16,2947.0,344.69,202.0,13,676.8
p2_N1_E.48,3243.0,26.9,0.0,0,274.12
p2_N2_S2.147,3270.0,22.41,13.0,1,186.76
p2_N2_S2.148,3280.0,18.21,5.0,1,196.3
p2_E_S1.18,2794.0,476.87,322.0,10,953.79
p2_S2_N2.140,3200.0,89.73,28.0,3,298.74
p2_N2_S2.149,3290.0,9.88,0.0,0,179.25
p2_S1_N1.145,3250.0,48.54,36.0,1,234.26
p2_S2_N2.141,3210.0,81.84,26.0,2,291.22
p2_N1_S1.145,3250.0,52.02,35.0,1,244.07
p2_S1_N1.146,3260.0,43.27,29.0,1,228.85
p2_N1_S1.146,3260.0,40.86,28.0,1,220.08
p2_S1_N1.147,3270.0,35.08,22.0,1,229.99
p2_N1_S1.147,3270.0,35.8,21.0,1,217.24
p2_S1_N1.148,3280.0,26.66,13.0,1,205.73
p2_S2_N2.142,3220.0,78.29,24.0,2,292.82
p2_S1_N1.149,3290.0,18.4,4.0,1,183.48
p2_S2_N2.143,3230.0,79.21,22.0,2,293.02
p2_S2_N2.144,3240.0,71.99,20.0,2,296.53
p2_N2_S2.150,3300.0,5.91,0.0,0,148.54
p2_S2_N2.145,3250.0,65.65,12.0,1,259.59
p2_S2_N2.146,3260.0,57.16,11.0,1,247.73
p2_S1_N1.150,3300.0,6.76,0.0,0,152.62
p2_S2_N2.147,3270.0,50.54,11.0,1,244.69
p2_N1_S1.148,3280.0,35.54,18.0,2,211.17
p2_N2_S2.151,3310.0,6.34,0.0,0,154.19
p2_N1_S1.149,3290.0,32.85,10.0,2,215.92
p2_N1_S1.150,3300.0,23.77,3.0,1,205.22
p2_N2_S2.152,3320.0,6.38,0.0,0,154.09
p2_E_W.181,2797.0,509.29,342.0,12,984.03
p2_S2_N2.148,3280.0,41.83,11.0,1,208.53
p2_S2_N2.149,3290.0,36.07,10.0,1,218.73
p2_S2_W.40,3052.0,252.96,133.0,8,632.68
p2_S2_N2.150,3300.0,31.33,6.0,1,216.78
p2_S2_W.41,3064.0,243.89,124.0,8,625.81
p2_S2_W.42,3076.0,234.17,117.0,8,598.9
p2_E_W.182,2800.0,514.47,356.0,12,1011.07
p2_E_W.183,2803.0,513.31,345.0,12,1015.12
p2_E_W.184,2806.0,511.95,347.0,13,1010.73
p2_W_E.63,2933.0,376.84,232.0,14,796.83
p2_E_W.185,2862.0,457.9,301.0,10,927.13
p2_W_E.64,2937.0,384.15,235.0,14,798.09
p2_S2_W.43,3093.0,228.12,101.0,8,589.82
p2_W_E.65,2941.0,381.93,228.0,11,798.01
p2_S2_W.44,3123.0,199.85,88.0,6,550.48
p2_W_E.66,2944.0,380.74,225.0,13,804.84
p2_S2_W.45,3153.0,171.61,70.0,6,504.29
p2_W_E.67,2951.0,375.5,215.0,15,800.49
p2_S2_W.46,3183.0,143.68,54.0,5,452.42
p2_N1_E.49,3273.0,54.53,29.0,3,323.01
p2_E_W.186,2865.0,459.46,317.0,9,915.29
p2_E_W.187,2868.0,460.07,311.0,9,922.99
p2_N2_S2.153,3330.0,25.6,14.0,1,199.86
p2_S2_N2.151,3310.0,46.24,17.0,1,246.01
p2_E_W.188,2871.0,464.59,306.0,9,927.57
p2_N2_S2.154,3340.0,17.31,6.0,1,193.95
p2_W_N1.17,2964.0,393.04,229.0,17,759.51
p2_S2_N2.152,3320.0,38.48,17.0,1,224.33
p2_S2_N2.153,3330.0,30.17,17.0,1,202.4
p2_N2_S2.155,3350.0,5.74,0.0,0,146.67
p2_S2_N2.154,3340.0,25.05,12.0,1,204.16
p2_N2_S2.156,3360.0,6.56,0.0,0,147.22
p2_S2_N2.155,3350.0,17.61,2.0,1,185.17
p2_S1_N1.151,3310.0,42.04,32.0,1,228.73
p2_S1_N1.152,3320.0,41.62,26.0,1,227.5
p2_S1_N1.153,3330.0,42.91,23.0,1,234.61
p2_S1_N1.154,3340.0,34.56,13.0,1,226.46
p2_N2_S2.157,3370.0,5.59,0.0,0,144.15
p2_N1_S1.151,3310.0,66.08,44.0,3,268.22
p2_S1_N1.155,3350.0,24.88,5.0,1,214.15
p2_N1_S1.152,3320.0,58.05,40.0,2,247.17
p2_S1_N1.156,3360.0,14.2,0.0,0,182.83
p2_S2_N2.156,3360.0,6.61,0.0,0,156.57
p2_S1_N1.157,3370.0,10.23,0.0,0,163.08
p2_S2_N2.157,3370.0,11.56,0.0,0,174.09
p2_E_W.189,2874.0,485.85,325.0,10,963.11
p2_E_W.190,2877.0,488.58,320.0,10,975.58
p2_W_E.68,2954.0,405.7,247.0,14,820.45
p2_W_E.69,2958.0,405.93,245.0,15,833.96
p2_W_E.70,2961.0,408.75,242.0,17,839.63
p2_W_N1.18,2982.0,410.48,229.0,19,777.13
p2_W_N1.19,3024.0,381.2,202.0,20,728.22
p2_N1_E.50,3303.0,66.92,45.0,3,310.22
p2_W_E.71,2967.0,416.28,248.0,17,821.02
p2_W_E.72,2970.0,419.86,235.0,17,828.8
p2_E_S1.19,2880.0,498.98,331.0,11,988.43
p2_S1_N1.158,3380.0,31.46,20.0,1,202.27
p2_N1_S1.153,3330.0,79.81,60.0,3,279.18
p2_W_E.73,2973.0,412.16,236.0,18,825.98
p2_W_E.74,2976.0,413.2,233.0,17,813.66
p2_W_E.75,2979.0,420.54,230.0,18,852.71
p2_S1_N1.159,3390.0,17.91,5.0,1,179.4
p2_W_E.76,3003.0,398.18,213.0,17,821.65
p2_N1_S1.154,3340.0,82.4,52.0,4,284.53
p2_S1_N1.160,3400.0,21.31,4.0,1,182.97
p2_W_E.77,3007.0,396.0,210.0,15,806.49
p2_N1_S1.155,3350.0,74.13,45.0,4,278.56
p2_N2_S2.158,3380.0,46.36,35.0,1,230.5
p2_S2_N2.158,3380.0,45.28,33.0,1,225.38
p2_N2_S2.159,3390.0,37.47,27.0,1,220.98
p2_N1_S1.156,3360.0,63.4,30.0,2,245.69
p2_S2_N2.159,3390.0,39.34,26.0,1,227.47
p2_N1_S1.157,3370.0,60.88,29.0,3,237.08
p2_N1_S1.158,3380.0,53.37,23.0,1,239.28
p2_S1_N1.161,3410.0,7.44,0.0,0,153.99
p2_S1_N1.162,3420.0,15.42,0.0,0,162.35
p2_N2_S2.160,3400.0,24.88,12.0,1,193.15
p2_N1_S1.159,3390.0,42.81,22.0,1,224.31
p2_S1_N1.163,3430.0,8.46,0.0,0,157.46
p2_N2_S2.161,3410.0,29.04,11.0,1,202.91
p2_N2_S2.162,3420.0,20.7,1.0,1,196.23
p2_N1_S1.160,3400.0,39.25,16.0,1,228.6
p2_N2_S2.163,3430.0,11.09,0.0,0,165.42
p2_N1_S1.161,3410.0,33.15,7.0,1,221.85
p2_S2_N2.160,3400.0,41.05,23.0,2,221.14
p2_N1_S1.162,3420.0,23.12,0.0,0,194.74
p2_N2_S2.164,3440.0,5.56,0.0,0,149.81
p2_N1_S1.163,3430.0,19.33,0.0,0,192.35
p2_S2_N2.161,3410.0,29.48,13.0,2,206.5
p2_S2_N2.162,3420.0,31.85,7.0,2,208.49
p2_N1_S1.164,3440.0,10.69,0.0,0,166.23
p2_W_E.78,3010.0,417.9,234.0,22,847.8
p2_W_E.79,3014.0,416.81,229.0,17,837.38
p2_E_W.191,2883.0,554.74,369.0,12,1067.96
p2_S1_N1.164,3440.0,6.54,0.0,0,154.68
p2_S2_W.47,3213.0,224.76,123.0,7,583.77
p2_N1_E.51,3333.0,93.67,59.0,5,360.18
p2_S2_W.48,3243.0,193.87,114.0,7,531.65
p2_N1_E.52,3363.0,70.14,29.0,2,321.64
p2_S2_W.49,3273.0,164.1,99.0,5,471.69
p2_S2_W.50,3303.0,144.82,84.0,5,473.59
p2_N1_E.53,3393.0,42.04,17.0,1,260.81
p2_E_W.192,2888.0,554.53,390.0,13,1078.39
p2_N1_E.54,3423.0,26.86,0.0,0,265.49
p2_E_W.193,2947.0,500.46,339.0,11,993.14
p2_E_W.194,2951.0,502.89,336.0,12,998.36
p2_E_W.195,2954.0,501.53,333.0,11,996.79
p2_S2_N2.163,3430.0,47.24,25.0,2,231.2
p2_N2_S2.165,3450.0,27.03,15.0,1,202.81
p2_E_W.196,2957.0,498.84,330.0,11,984.67
p2_E_W.197,2960.0,499.01,330.0,10,998.53
p2_S2_N2.164,3440.0,37.71,21.0,1,220.25
p2_E_W.198,2963.0,497.81,328.0,11,998.07
p2_S2_N2.165,3450.0,32.56,17.0,1,211.54
p2_N2_S2.166,3460.0,14.93,4.0,1,175.68
p2_S2_W.51,3333.0,128.22,78.0,4,422.28
p2_N2_S2.167,3470.0,14.58,0.0,0,178.52
p2_S2_W.52,3363.0,100.7,52.0,3,388.96
p2_N2_S2.168,3480.0,6.19,0.0,0,158.78
p2_E_W.199,2966.0,491.69,339.0,11,971.28
p2_E_W.200,2972.0,492.48,333.0,11,978.7
p2_W_N1.20,3088.0,403.37,247.0,18,771.77
p2_N2_S2.169,3490.0,6.23,0.0,0,145.54
p2_E_S1.20,2980.0,496.14,336.0,11,997.01
p2_N1_S1.165,3450.0,54.96,42.0,1,255.96
p2_S2_N2.166,3460.0,45.23,28.0,2,226.0
p2_S1_N1.165,3450.0,51.47,37.0,1,237.26
p2_S2_N2.167,3470.0,36.38,18.0,2,209.84
p2_S1_N1.166,3460.0,45.57,31.0,1,224.73
p2_S1_N1.167,3470.0,41.24,23.0,1,214.03
p2_S2_N2.168,3480.0,27.41,14.0,1,203.7
p2_N2_S2.170,3500.0,6.35,0.0,0,154.48
p2_S1_N1.168,3480.0,27.04,14.0,1,195.49
p2_S2_N2.169,3490.0,24.15,12.0,1,199.28
p2_S1_N1.169,3490.0,19.33,6.0,1,187.0
p2_S1_N1.170,3500.0,8.94,0.0,0,160.7
p2_W_E.80,3065.0,434.35,261.0,15,869.53
p2_S1_N1.171,3510.0,11.89,0.0,0,170.87
p2_W_E.81,3068.0,432.83,262.0,17,863.13
p2_W_E.82,3072.0,429.51,259.0,16,866.47
p2_N1_S1.166,3460.0,57.43,40.0,2,248.23
p2_W_E.83,3079.0,426.8,258.0,15,856.41
p2_N1_S1.167,3470.0,58.33,33.0,2,258.08
p2_S1_N1.172,3520.0,5.31,0.0,0,150.81
p2_W_E.84,3126.0,381.56,223.0,14,803.96
p2_N1_S1.168,3480.0,50.15,25.0,2,243.34
p2_N1_S1.169,3490.0,42.01,18.0,2,224.16
p2_S1_N1.173,3530.0,5.83,0.0,0,153.01
p2_N1_S1.170,3500.0,26.5,6.0,1,195.93
p2_N1_S1.171,3510.0,32.35,6.0,1,205.11
p2_E_W.201,3014.0,509.1,356.0,11,1014.25
p2_N1_E.55,3453.0,66.07,47.0,2,306.88
p2_N1_S1.172,3520.0,25.84,3.0,1,226.75
p2_E_W.202,3018.0,503.9,351.0,11,997.02
p2_E_W.203,3021.0,500.72,345.0,11,985.65
p2_S2_N2.170,3500.0,53.94,34.0,2,245.4
p2_E_W.204,3029.0,498.09,342.0,13,985.82
p2_E_W.205,3097.0,433.54,289.0,11,883.1
p2_S2_N2.171,3510.0,44.98,32.0,1,218.15
p2_N2_S2.171,3510.0,38.61,27.0,1,216.48
p2_N2_S2.172,3520.0,41.51,24.0,1,226.51
p2_E_W.206,3100.0,422.31,287.0,11,857.92
p2_E_W.207,3103.0,432.27,285.0,11,892.96
p2_N2_S2.173,3530.0,21.63,8.0,1,191.01
p2_E_W.208,3106.0,439.16,282.0,12,902.1
p2_N2_S2.174,3540.0,26.21,6.0,1,206.59
p2_N2_S2.175,3550.0,18.67,0.0,0,189.1
p2_E_W.209,3109.0,417.62,278.0,11,863.86
p2_N2_S2.176,3560.0,10.41,0.0,0,169.7
p2_W_N1.21,3146.0,425.11,266.0,15,792.62
p2_E_W.210,3112.0,438.21,277.0,11,869.75
p2_N2_S2.177,3570.0,5.87,0.0,0,150.28
p2_W_N1.22,3209.0,371.92,221.0,16,698.77
p2_N1_E.56,3483.0,75.05,43.0,3,330.76
p2_N1_E.57,3513.0,57.05,28.0,2,323.06
p2_W_E.85,3129.0,432.45,273.0,17,884.86
p2_W_N1.23,3225.0,362.74,207.0,14,706.77
p2_W_E.86,3132.0,444.81,270.0,17,882.15
p2_S1_N1.174,3540.0,58.84,48.0,1,249.63
p2_W_E.87,3137.0,441.6,262.0,14,878.03
p2_W_E.88,3197.0,376.82,230.0,14,789.3
p2_E_S1.21,3118.0,439.93,293.0,12,884.32
p2_W_E.89,3201.0,379.51,228.0,13,798.46
p2_W_E.90,3204.0,379.18,223.0,14,804.14
p2_N1_S1.173,3530.0,64.55,52.0,1,251.22
p2_N1_S1.174,3540.0,66.88,50.0,1,269.35
p2_W_E.91,3207.0,368.67,224.0,15,757.77
p2_S1_N1.175,3550.0,42.78,31.0,1,216.04
p2_W_E.92,3213.0,376.5,216.0,16,769.84
p2_S1_N1.176,3560.0,51.78,30.0,1,234.06
p2_W_E.93,3216.0,375.26,213.0,13,773.42
p2_S1_N1.177,3570.0,43.55,23.0,1,239.44
p2_N1_S1.175,3550.0,64.56,46.0,2,262.05
p2_S1_N1.178,3580.0,26.6,9.0,1,209.37
p2_N2_S2.178,3580.0,32.83,22.0,1,207.48
p2_N1_S1.176,3560.0,57.09,37.0,2,243.53
p2_S1_N1.179,3590.0,27.1,6.0,1,225.08
p2_N1_S1.177,3570.0,49.01,28.0,2,232.89
p2_N2_S2.179,3590.0,22.84,11.0,1,191.41
p2_S2_N2.172,3520.0,102.53,82.0,3,313.27
p2_E_W.211,3176.0,429.25,278.0,12,870.59
p2_S2_N2.173,3530.0,93.31,73.0,3,302.68
p2_S2_N2.174,3540.0,84.03,61.0,3,287.67
p2_E_W.212,3179.0,423.88,268.0,12,870.76
p2_E_W.213,3182.0,429.15,267.0,12,876.26
p2_S2_W.53,3393.0,213.77,146.0,6,577.28
p2_S2_W.54,3423.0,189.9,119.0,6,546.52
p2_E_W.214,3185.0,428.18,283.0,13,891.92
p2_E_W.215,3188.0,430.28,278.0,11,880.88
p2_E_W.216,3191.0,429.07,272.0,11,889.59
p2_W_E.94,3219.0,401.88,241.0,14,808.41
p2_W_E.95,3222.0,400.6,237.0,15,801.23
p2_E_W.217,3194.0,418.4,269.0,13,847.71
p2_E_W.218,3201.0,413.21,266.0,13,851.23
p2_N1_E.58,3543.0,75.13,55.0,3,329.08
p2_S2_W.55,3453.0,173.99,105.0,6,486.0
p2_S2_W.56,3483.0,146.72,89.0,4,457.45
p2_N1_E.59,3573.0,45.93,22.0,2,277.87
p2_W_E.96,3228.0,402.78,235.0,17,821.58
p2_E_W.219,3228.0,391.82,269.0,11,827.61
p2_W_E.97,3231.0,403.81,230.0,14,840.36
p2_E_W.220,3231.0,399.43,266.0,10,852.44
p2_W_E.98,3234.0,394.02,228.0,15,797.89
p2_W_N1.24,3243.0,415.35,239.0,15,781.45
p2_W_E.99,3237.0,393.03,221.0,16,797.45
p2_W_E.100,3240.0,403.68,223.0,17,824.12
p2_W_N1.25,3296.0,373.0,194.0,16,715.92
p2_W_N1.26,3369.0,311.19,148.0,14,645.68
p2_E_S1.22,3234.0,432.14,296.0,11,905.51
p2_W_E.101,3246.0,413.78,223.0,18,821.29
p2_W_E.102,3249.0,410.92,224.0,18,823.44
p2_N1_S1.178,3580.0,104.81,79.0,3,327.13
p2_W_E.103,3252.0,423.7,223.0,18,836.39
p2_N1_S1.179,3590.0,107.6,72.0,2,341.99
p2_W_E.104,3285.0,388.48,198.0,18,791.81
p2_W_E.105,3350.0,319.7,152.0,10,688.86
p2_E_W.221,3237.0,443.69,296.0,14,917.51
p2_E_W.222,3240.0,442.6,294.0,12,894.52
p2_E_W.223,3243.0,441.81,293.0,11,893.87
p2_E_W.224,3246.0,436.26,286.0,11,870.45
p2_E_W.225,3249.0,440.15,285.0,11,889.51
p2_E_W.226,3252.0,440.47,284.0,14,896.03
p2_E_W.227,3255.0,436.93,278.0,12,901.75
p2_E_W.228,3258.0,438.16,277.0,13,915.37
p2_E_W.229,3261.0,428.75,270.0,12,841.14
p2_E_W.230,3294.0,408.27,250.0,12,839.83
p2_W_E.106,3353.0,332.45,164.0,13,715.01
p2_W_E.107,3356.0,349.75,163.0,12,732.97
p2_W_N1.27,3433.0,294.77,156.0,13,619.38
p2_W_E.108,3360.0,347.4,156.0,14,741.66
p2_W_E.109,3387.0,322.07,154.0,12,712.29
p2_W_E.110,3417.0,293.9,140.0,10,670.03
p2_W_E.111,3421.0,291.65,144.0,15,680.66
p2_W_E.112,3424.0,278.14,145.0,13,639.35
p2_W_N1.28,3484.0,253.7,124.0,9,560.43
p2_W_N1.29,3499.0,251.43,111.0,10,525.38
p2_W_E.113,3471.0,256.6,134.0,9,597.76
p2_W_E.114,3475.0,267.29,130.0,8,623.98
p2_W_E.115,3478.0,257.62,129.0,10,610.99
p2_W_E.116,3481.0,264.68,124.0,8,621.8
p2_W_E.117,3487.0,256.55,122.0,10,617.52
p2_E_S1.23,3297.0,434.13,283.0,11,888.26
p2_W_E.118,3490.0,255.93,118.0,10,606.85
p2_W_E.119,3493.0,250.86,117.0,11,582.43
p2_W_E.120,3496.0,257.22,117.0,9,589.93
p2_E_W.231,3300.0,456.78,292.0,14,920.44
p2_E_W.232,3307.0,451.95,295.0,14,914.71
p2_E_W.233,3364.0,387.19,246.0,11,819.27
p2_E_W.234,3367.0,384.3,240.0,11,798.61
p2_E_W.235,3370.0,395.17,239.0,12,818.25
p2_E_W.236,3373.0,400.1,235.0,11,819.54
p2_E_W.237,3376.0,398.76,235.0,12,828.31
p2_W_E.121,3502.0,266.58,120.0,10,625.37
p2_E_W.238,3379.0,395.23,228.0,13,830.13
p2_W_E.122,3548.0,229.48,88.0,13,558.55
p2_E_W.239,3383.0,391.62,224.0,15,834.08
p2_W_E.123,3552.0,227.12,85.0,12,566.97
p2_E_W.240,3424.0,351.39,189.0,11,768.56
p2_W_E.124,3556.0,224.84,82.0,9,574.24
p2_S2_W.57,3513.0,266.59,175.0,10,650.93
p2_W_E.125,3560.0,222.55,83.0,11,564.13
p2_W_N1.30,3567.0,236.99,106.0,10,510.65
p2_W_N1.31,3650.0,166.1,55.0,8,417.31
p2_W_N1.32,3674.0,152.08,44.0,6,397.51
p2_W_E.126,3590.0,218.71,95.0,9,523.01
p2_W_E.127,3632.0,177.76,64.0,7,464.01
p2_W_E.128,3637.0,175.53,62.0,9,479.95
p2_W_N1.33,3690.0,146.51,39.0,5,383.03
p2_E_S1.24,3428.0,388.15,240.0,11,820.06
p2_W_E.129,3641.0,166.45,61.0,12,457.14
p2_W_E.130,3662.0,161.28,50.0,8,459.71
p2_E_W.241,3432.0,397.73,251.0,14,834.71
p2_W_E.131,3665.0,168.85,51.0,6,466.94
p2_E_W.242,3435.0,400.8,247.0,13,836.87
p2_W_E.132,3668.0,167.56,49.0,6,482.57
p2_E_W.243,3438.0,399.2,244.0,14,839.73
p2_W_E.133,3671.0,165.02,46.0,7,497.44
p2_E_W.244,3441.0,398.35,235.0,12,835.05
p2_E_W.245,3447.0,394.07,234.0,13,821.23
p2_E_W.246,3475.0,361.77,217.0,11,771.59
p2_E_W.247,3479.0,358.21,212.0,13,769.32
p2_E_W.248,3481.0,368.35,203.0,13,784.93
p2_E_W.249,3485.0,365.22,208.0,14,795.89
p2_W_E.134,3678.0,162.08,56.0,8,474.15
p2_W_E.135,3681.0,174.2,50.0,6,484.89
p2_W_E.136,3684.0,172.05,50.0,6,482.81
p2_E_W.250,3488.0,349.51,205.0,16,773.07
p2_W_E.137,3687.0,171.67,48.0,6,487.73
p2_W_N1.34,3728.0,149.63,42.0,7,390.72
p2_W_E.138,3715.0,137.48,34.0,5,432.64
p2_W_E.139,3718.0,141.17,33.0,5,444.49
p2_W_E.140,3722.0,144.2,33.0,4,450.69
p2_W_E.141,3725.0,142.92,31.0,5,452.56
p2_W_N1.35,3758.0,131.32,33.0,5,351.62
p2_W_N1.36,3776.0,125.03,24.0,4,363.34
p2_W_E.142,3737.0,145.57,40.0,6,433.1
p2_W_E.143,3749.0,135.38,36.0,6,396.52
p2_W_E.144,3752.0,134.31,35.0,5,409.87
p2_W_E.145,3755.0,132.2,33.0,5,394.94
p2_W_E.146,3761.0,131.3,29.0,5,397.31
p2_W_N1.37,3806.0,104.77,18.0,3,321.61
p2_E_S1.25,3491.0,402.07,239.0,16,843.01
p2_W_E.147,3764.0,130.14,31.0,6,398.13
p2_W_E.148,3767.0,128.34,26.0,3,398.49
p2_W_E.149,3770.0,128.5,26.0,4,399.51
p2_W_E.150,3773.0,127.28,25.0,3,400.37
p2_E_W.251,3494.0,409.64,249.0,14,847.15
p2_E_W.252,3497.0,417.08,242.0,16,865.56
p2_E_W.253,3500.0,413.3,247.0,17,880.49
p2_E_W.254,3503.0,414.58,253.0,16,876.62
p2_E_W.255,3506.0,412.01,246.0,16,864.73
p2_W_E.151,3779.0,139.68,33.0,6,432.72
p2_W_E.152,3782.0,140.36,33.0,6,432.49
p2_E_W.256,3508.0,397.62,240.0,14,825.04
p2_W_E.153,3791.0,123.47,27.0,5,407.67
p2_E_W.257,3511.0,413.07,241.0,16,842.46
p2_W_E.154,3798.0,131.87,27.0,6,419.16
p2_E_W.258,3514.0,417.23,228.0,13,869.13
p2_E_W.259,3517.0,407.12,227.0,12,853.16
p2_E_W.260,3520.0,414.28,226.0,12,854.66
p2_W_N1.38,3830.0,125.34,38.0,5,365.84
p2_W_E.155,3817.0,110.28,29.0,5,389.0
p2_W_E.156,3821.0,121.37,25.0,3,403.98
p2_W_E.157,3824.0,119.99,25.0,4,415.85
p2_W_N1.39,3845.0,120.85,28.0,4,362.42
p2_W_E.158,3827.0,113.22,25.0,5,419.06
p2_W_N1.40,3860.0,117.58,23.0,3,333.41
p2_W_E.159,3833.0,125.31,36.0,5,410.4
p2_W_E.160,3836.0,124.78,34.0,4,411.14
p2_W_E.161,3839.0,122.48,34.0,5,404.32
p2_W_N1.41,3905.0,82.8,8.0,2,297.35
p2_W_E.162,3842.0,125.64,31.0,6,408.48
p2_W_E.163,3848.0,120.27,25.0,3,399.99
p2_E_S1.26,3523.0,439.1,260.0,14,886.09
p2_W_E.164,3851.0,118.91,24.0,3,388.06
p2_W_E.165,3854.0,119.8,23.0,3,382.34
p2_W_E.166,3857.0,118.98,23.0,4,390.24
p2_E_W.261,3543.0,440.62,255.0,15,876.55
p2_E_W.262,3546.0,441.28,256.0,13,896.07
p2_E_W.263,3549.0,440.06,250.0,13,885.84
p2_E_W.264,3552.0,438.87,257.0,13,881.74
p2_E_W.265,3558.0,434.77,253.0,16,873.43
p2_E_W.266,3608.0,386.79,209.0,13,802.77
p2_W_E.167,3874.0,117.49,31.0,6,406.95
p2_W_E.168,3896.0,104.02,17.0,3,388.58
p2_E_W.267,3611.0,378.23,205.0,10,787.45
p2_W_E.169,3899.0,102.67,16.0,3,378.69
p2_E_W.268,3614.0,389.51,201.0,13,785.43
p2_W_E.170,3902.0,101.47,15.0,3,392.24
p2_E_W.269,3617.0,388.36,197.0,13,799.25
p2_E_W.270,3620.0,387.03,188.0,12,812.31
p2_W_E.171,3908.0,99.7,21.0,3,371.3
p2_W_E.172,3911.0,97.07,19.0,3,366.15
p2_W_E.173,3914.0,98.0,18.0,3,368.86
p2_W_E.174,3917.0,95.65,14.0,2,353.12
p2_W_E.175,3920.0,98.13,14.0,2,353.71
p2_W_N1.42,3922.0,100.82,23.0,3,329.16
p2_W_N1.43,3937.0,105.56,13.0,3,323.37
p2_W_E.176,3925.0,109.84,21.0,3,384.83
p2_W_N1.44,3961.0,88.38,7.0,3,300.67
p2_W_E.177,3928.0,107.4,17.0,3,377.53
p2_W_E.178,3931.0,108.88,17.0,3,384.31
p2_W_E.179,3934.0,107.76,14.0,3,394.38
p2_W_N1.45,3982.0,81.2,5.0,1,297.78
p2_E_S1.27,3623.0,421.19,225.0,17,876.66
p2_W_E.180,3942.0,103.33,11.0,3,364.46
p2_W_E.181,3945.0,102.44,8.0,3,365.79
p2_S2_N2.175,3550.0,526.88,492.0,4,970.01
p2_E_W.271,3625.0,436.33,232.0,20,891.87
p2_E_W.272,3628.0,435.12,225.0,15,878.37
p2_S2_N2.176,3560.0,514.5,488.0,2,936.38
p2_S2_N2.177,3570.0,516.1,484.0,2,945.94
p2_E_W.273,3632.0,430.1,220.0,13,872.69
p2_W_E.182,3948.0,112.88,16.0,3,379.48
p2_E_W.274,3635.0,422.86,223.0,14,868.29
p2_W_E.183,3952.0,118.22,15.0,3,404.44
p2_E_W.275,3638.0,429.01,230.0,12,876.32
p2_W_E.184,3970.0,93.08,11.0,3,353.27
p2_E_W.276,3641.0,434.58,226.0,13,898.17
p2_W_E.185,3973.0,103.48,11.0,2,377.26
p2_E_W.277,3644.0,432.55,221.0,14,889.47
p2_E_W.278,3647.0,432.05,219.0,17,884.52
p2_W_E.186,3976.0,102.24,9.0,2,392.7
p2_E_W.279,3650.0,430.79,210.0,14,893.16
p2_W_E.187,3979.0,91.58,8.0,2,364.21
p2_E_W.280,3677.0,405.59,193.0,17,864.83
p2_W_N1.46,3997.0,104.97,21.0,3,348.33
p2_W_E.188,3985.0,94.6,18.0,2,359.56
p2_W_E.189,3988.0,97.99,17.0,3,377.64
p2_W_E.190,3991.0,104.99,16.0,3,401.46
p2_W_E.191,3994.0,103.72,12.0,2,402.28
p2_W_N1.47,4012.0,106.35,15.0,3,317.21
p2_W_E.192,4000.0,110.61,21.0,3,391.34
p2_W_N1.48,4038.0,91.11,13.0,3,311.35
p2_W_E.193,4003.0,108.49,21.0,4,369.95
p2_W_E.194,4006.0,109.42,18.0,2,378.3
p2_W_E.195,4009.0,108.15,16.0,3,360.78
p2_E_S1.28,3680.0,440.86,227.0,18,889.74
p2_W_E.196,4015.0,103.72,16.0,4,357.56
p2_E_W.281,3683.0,453.82,238.0,17,909.82
p2_E_W.282,3686.0,451.73,232.0,19,908.91
p2_E_W.283,3690.0,447.51,226.0,14,888.72
p2_W_E.197,4018.0,124.69,26.0,4,422.09
p2_E_W.284,3693.0,450.63,221.0,15,905.34
p2_E_W.285,3696.0,449.47,229.0,15,890.31
p2_W_E.198,4021.0,122.28,22.0,3,416.15
p2_E_W.286,3699.0,445.43,229.0,16,880.45
p2_E_W.287,3703.0,445.94,225.0,15,886.92
p2_W_E.199,4024.0,120.85,23.0,4,401.13
p2_E_W.288,3734.0,416.84,206.0,14,840.58
p2_W_E.200,4029.0,121.53,22.0,3,413.3
p2_E_W.289,3757.0,395.63,192.0,12,802.2
p2_W_E.201,4045.0,107.27,20.0,4,403.92
p2_W_E.202,4048.0,105.97,16.0,3,393.94
p2_E_W.290,3760.0,389.47,195.0,11,803.67
p2_W_E.203,4051.0,97.57,14.0,3,364.79
p2_W_E.204,4054.0,104.13,14.0,3,369.17
p2_W_N1.49,4057.0,126.11,41.0,4,348.9
p2_W_N1.50,4073.0,119.25,31.0,5,338.41
p2_W_E.205,4060.0,126.09,39.0,4,387.51
p2_W_N1.51,4088.0,113.38,24.0,4,333.62
p2_W_N1.52,4109.0,105.83,21.0,3,325.48
p2_W_E.206,4063.0,122.01,37.0,4,394.64
p2_W_E.207,4067.0,131.32,36.0,4,395.32
p2_W_E.208,4069.0,125.18,35.0,4,409.11
p2_W_E.209,4076.0,125.84,30.0,5,395.62
p2_E_S1.29,3763.0,422.3,231.0,13,864.48
p2_W_E.210,4079.0,124.52,29.0,4,415.17
p2_W_E.211,4082.0,123.0,27.0,4,405.7
p2_E_W.291,3767.0,445.5,235.0,14,897.54
p2_E_W.292,3770.0,440.05,230.0,15,887.6
p2_E_W.293,3773.0,442.47,229.0,16,891.79
p2_S2_N2.178,3580.0,640.11,605.0,4,1139.86
p2_E_W.294,3776.0,445.39,226.0,15,892.77
p2_S2_N2.179,3590.0,653.43,603.0,4,1150.94
p2_E_W.295,3779.0,444.17,233.0,14,898.96
p2_W_E.212,4085.0,125.45,31.0,5,392.46
p2_E_W.296,3782.0,442.85,228.0,16,889.83
p2_W_E.213,4095.0,129.05,29.0,5,409.19
p2_E_W.297,3785.0,441.59,218.0,12,888.86
p2_E_W.298,3788.0,434.13,222.0,15,872.17
p2_E_W.299,3791.0,439.63,218.0,14,883.91
p2_W_E.214,4098.0,111.62,24.0,4,392.23
p2_W_E.215,4101.0,128.65,22.0,3,410.25
p2_E_W.300,3794.0,431.03,217.0,12,848.61
p2_W_E.216,4104.0,126.9,21.0,2,430.18
p2_W_E.217,4116.0,120.11,34.0,3,379.9
p2_W_N1.53,4131.0,125.82,43.0,7,369.36
p2_W_E.218,4121.0,112.02,31.0,3,391.65
p2_W_E.219,4125.0,121.6,32.0,4,415.12
p2_W_E.220,4128.0,111.9,31.0,4,394.06
p2_W_N1.54,4149.0,122.8,33.0,5,351.9
p2_W_E.221,4134.0,129.73,42.0,4,410.14
p2_W_N1.55,4164.0,118.2,27.0,6,325.82
p2_E_S1.30,3797.0,473.75,249.0,13,934.05
p2_W_E.222,4137.0,123.81,39.0,5,399.83
p2_W_E.223,4140.0,139.16,40.0,5,418.52
p2_W_E.224,4143.0,127.84,38.0,5,422.47
p2_W_E.225,4146.0,136.98,36.0,5,434.63
p2_E_W.301,3826.0,462.84,243.0,15,921.98
p2_E_W.302,3832.0,457.04,240.0,15,906.6
p2_E_W.303,3836.0,458.27,236.0,14,908.4
p2_S2_W.58,3543.0,752.58,629.0,14,1393.82
p2_W_E.226,4152.0,141.89,44.0,7,442.32
p2_E_W.304,3839.0,458.64,248.0,16,915.07
p2_W_E.227,4155.0,143.04,43.0,6,448.99
p2_E_W.305,3843.0,456.39,245.0,17,909.13
p2_E_W.306,3846.0,455.14,238.0,15,902.48
p2_E_W.307,3849.0,450.05,235.0,13,886.41
p2_W_E.228,4158.0,130.63,40.0,6,410.57
p2_E_W.308,3852.0,452.66,230.0,11,889.45
p2_W_E.229,4161.0,137.1,35.0,6,420.85
p2_E_W.309,3855.0,454.02,228.0,11,876.46
p2_W_E.230,4171.0,129.58,32.0,6,413.86
p2_E_W.310,3858.0,452.8,225.0,12,884.27
p2_W_E.231,4174.0,136.98,29.0,5,438.38
p2_W_E.232,4177.0,135.7,28.0,6,424.39
p2_W_N1.56,4190.0,147.24,56.0,7,397.89
p2_W_E.233,4182.0,122.7,34.0,5,394.64
p2_W_N1.57,4209.0,140.35,43.0,6,379.1
p2_W_N1.58,4224.0,134.77,34.0,6,362.35
p2_W_E.234,4197.0,143.86,56.0,6,428.78
p2_W_E.235,4200.0,143.02,50.0,5,427.05
p2_W_E.236,4203.0,141.88,47.0,8,423.1
p2_E_S1.31,3861.0,484.11,248.0,13,935.14
p2_W_E.237,4206.0,140.8,45.0,6,421.82
p2_E_W.311,3899.0,454.32,240.0,15,891.7
p2_E_W.312,3905.0,460.68,231.0,14,902.39
p2_E_W.313,3911.0,454.19,226.0,12,904.19
p2_E_W.314,3916.0,453.24,233.0,11,904.82
p2_W_E.238,4212.0,156.49,52.0,6,466.75
p2_W_E.239,4215.0,157.95,52.0,6,478.48
p2_E_W.315,3919.0,433.78,237.0,15,885.38
p2_W_E.240,4218.0,153.28,52.0,8,463.03
p2_E_W.316,3922.0,456.58,236.0,13,898.74
p2_W_E.241,4221.0,157.97,46.0,7,470.46
p2_E_W.317,3925.0,448.46,225.0,13,892.4
p2_E_W.318,3927.0,452.89,226.0,14,911.72
p2_E_W.319,3930.0,450.36,222.0,13,882.89
p2_W_E.242,4227.0,145.79,39.0,6,429.44
p2_W_E.243,4230.0,155.1,36.0,5,451.44
p2_W_N1.59,4239.0,167.11,53.0,5,414.36
p2_E_W.320,3933.0,452.81,217.0,14,874.69
p2_E_S1.32,3936.0,459.89,229.0,13,905.3
p2_E_W.321,3941.0,458.1,224.0,16,902.88
p2_W_E.244,4233.0,142.43,40.0,5,425.53
p2_W_E.245,4236.0,162.0,41.0,5,449.97
p2_E_W.322,3974.0,427.28,200.0,15,851.62
p2_S2_W.59,3573.0,829.94,710.0,12,1509.51
p2_E_W.323,3977.0,427.7,213.0,12,863.64
p2_E_W.324,3986.0,421.74,210.0,13,857.71
p2_E_W.325,3991.0,417.7,200.0,14,833.18
p2_W_E.246,4254.0,155.76,51.0,5,454.5
p2_E_W.326,3994.0,415.06,198.0,13,835.7
p2_W_E.247,4272.0,140.27,44.0,4,418.86
p2_W_E.248,4276.0,137.98,41.0,4,412.12
p2_E_W.327,3997.0,417.39,192.0,13,834.87
p2_E_W.328,4000.0,414.21,193.0,13,823.76
p2_W_E.249,4279.0,136.83,40.0,4,394.19
p2_E_W.329,4003.0,414.81,188.0,14,808.69
p2_E_S1.33,4009.0,427.04,194.0,14,829.11
p2_E_W.330,4006.0,423.03,194.0,12,820.6
p2_E_W.331,4013.0,421.1,191.0,13,824.5
p2_E_W.332,4050.0,392.18,175.0,12,793.38
p2_E_W.333,4058.0,384.59,173.0,15,793.45
p2_E_W.334,4062.0,386.28,172.0,14,786.54
p2_E_W.335,4065.0,384.98,168.0,12,775.73
p2_E_W.336,4069.0,382.68,162.0,11,773.6
p2_E_W.337,4072.0,376.97,159.0,12,766.07
p2_E_W.338,4075.0,380.36,159.0,12,783.03
p2_E_W.339,4078.0,371.69,156.0,12,738.93
p2_E_W.340,4081.0,378.32,153.0,12,771.96
p2_E_W.341,4089.0,372.9,150.0,13,763.19
p2_E_S1.34,4084.0,369.89,147.0,13,759.73
p2_E_W.342,4124.0,332.29,127.0,15,696.13
p2_E_W.343,4130.0,329.27,134.0,14,710.44
p2_E_W.344,4138.0,334.25,129.0,11,714.33
p2_E_W.345,4142.0,317.4,126.0,11,676.57
p2_E_W.346,4145.0,327.73,123.0,12,696.84
p2_E_W.347,4148.0,331.22,117.0,11,701.15
p2_E_W.348,4151.0,330.67,118.0,12,675.52
p2_E_W.349,4154.0,326.46,115.0,11,683.75
p2_E_W.350,4157.0,325.97,108.0,10,670.44
p2_E_W.351,4202.0,284.89,79.0,10,604.91
p2_E_W.352,4210.0,278.59,74.0,10,620.37
p2_E_S1.35,4163.0,308.56,106.0,9,647.45
p2_E_W.353,4215.0,272.98,73.0,9,591.91
p2_E_W.354,4218.0,273.63,88.0,8,613.53
p2_E_W.355,4221.0,267.79,86.0,10,590.79
p2_E_W.356,4224.0,284.66,100.0,9,640.84
p2_E_W.357,4227.0,289.06,96.0,9,638.49
p2_E_W.358,4230.0,287.86,92.0,9,648.67
p2_E_W.359,4233.0,284.53,89.0,10,633.46
p2_E_W.360,4236.0,285.38,88.0,10,642.22
p2_E_W.361,4281.0,241.78,61.0,7,576.74
p2_E_S1.36,4242.0,276.08,85.0,11,628.69
p2_E_W.362,4288.0,228.66,62.0,9,548.36
p2_E_W.363,4292.0,242.15,59.0,8,561.09
p2_E_W.364,4295.0,233.04,59.0,6,547.9
p2_E_W.365,4298.0,239.81,53.0,7,561.31
p2_E_W.366,4301.0,238.54,53.0,8,563.2
p2_E_W.367,4304.0,225.73,53.0,8,545.76
p2_E_W.368,4307.0,235.69,52.0,8,550.38
p2_E_W.369,4310.0,235.17,51.0,7,556.1
p2_E_S1.37,4355.0,189.65,28.0,5,507.4
p2_E_W.370,4316.0,230.88,49.0,6,549.63
p2_E_W.371,4365.0,174.89,25.0,4,486.15
p2_E_W.372,4369.0,177.77,25.0,5,497.98
p2_E_W.373,4372.0,174.31,26.0,4,478.64
p2_E_W.374,4375.0,159.27,25.0,5,440.46
p2_E_W.375,4378.0,184.92,22.0,5,461.64
p2_E_W.376,4380.0,189.17,27.0,5,496.64
p2_E_S1.38,4432.0,134.62,20.0,5,415.56
p2_E_W.377,4384.0,187.01,25.0,5,497.87
p2_E_W.378,4387.0,185.54,25.0,5,505.17
p2_E_W.379,4392.0,179.69,27.0,7,498.76
p2_E_W.380,4408.0,162.08,26.0,6,467.36
p2_E_W.381,4442.0,145.51,34.0,6,432.21
p2_E_W.382,4445.0,144.88,33.0,5,429.81
p2_E_W.383,4448.0,143.7,29.0,6,430.45
p2_E_W.384,4451.0,126.17,32.0,5,417.76
p2_E_W.385,4454.0,152.69,30.0,5,436.17
p2_E_W.386,4457.0,151.34,24.0,6,440.62
p2_E_W.387,4460.0,149.99,23.0,4,437.86
p2_E_S1.39,4484.0,123.6,20.0,5,395.58
p2_E_W.388,4463.0,129.91,20.0,5,407.43
p2_E_W.389,4466.0,148.15,22.0,6,430.77
p2_E_W.390,4470.0,140.12,21.0,6,438.46
p2_E_W.391,4504.0,113.66,16.0,4,376.26
p2_E_W.392,4509.0,110.4,17.0,5,378.54
p2_E_W.393,4514.0,104.17,14.0,4,389.54
p2_E_W.394,4517.0,81.34,14.0,4,332.78
p2_E_W.395,4520.0,110.67,13.0,3,366.63
p2_E_W.396,4523.0,105.52,11.0,4,364.73
p2_E_W.397,4526.0,97.21,10.0,4,366.31
p2_E_W.398,4529.0,92.6,10.0,3,363.63
p2_E_W.399,4532.0,96.93,7.0,2,375.93
p2_E_S1.40,4541.0,80.71,7.0,2,342.3
p2_E_W.400,4535.0,104.95,7.0,2,375.48
p2_E_W.401,4555.0,86.61,5.0,1,369.39
p2_E_W.402,4559.0,84.38,12.0,1,396.17
p2_E_W.403,4562.0,83.07,11.0,1,387.84
p2_E_W.404,4565.0,79.96,10.0,1,381.64
p2_E_W.405,4568.0,79.0,9.0,1,384.66
p2_E_W.406,4571.0,79.51,8.0,1,379.04
p2_E_W.407,4574.0,78.29,7.0,1,372.12
p2_E_W.408,4577.0,86.54,19.0,2,382.43
p2_E_W.409,4580.0,85.72,18.0,2,367.23
p2_E_W.410,4583.0,84.76,17.0,2,358.04
p2_E_S1.41,4586.0,84.46,17.0,2,368.27
p2_E_W.411,4589.0,81.15,15.0,2,338.87
p2_E_W.412,4592.0,73.79,16.0,3,335.73
p2_E_W.413,4595.0,76.29,17.0,3,357.91
p2_E_W.414,4598.0,77.79,14.0,2,361.69
p2_E_W.415,4601.0,77.35,13.0,3,367.54
p2_E_W.416,4604.0,82.73,12.0,2,380.04
p2_E_W.417,4607.0,76.52,13.0,2,363.78
p2_E_W.418,4610.0,77.47,11.0,2,345.5
p2_E_W.419,4613.0,79.06,10.0,2,361.59
p2_E_S1.42,4619.0,72.65,7.0,2,332.0
p2_E_W.420,4616.0,73.72,10.0,2,346.89
p2_E_W.421,4622.0,73.72,7.0,2,337.5
p2_E_W.422,4625.0,65.88,6.0,2,317.11
p2_E_W.423,4632.0,67.57,6.0,2,322.63
p2_E_W.424,4635.0,57.91,4.0,2,302.77
p2_E_W.425,4639.0,65.47,6.0,3,329.55
p2_E_W.426,4642.0,59.69,3.0,2,325.41
p2_E_W.427,4645.0,62.93,13.0,2,351.02
p2_E_W.428,4648.0,51.59,11.0,2,309.28
p2_E_W.429,4651.0,61.07,10.0,2,312.94
p2_E_W.430,4654.0,59.7,10.0,2,321.26
p2_E_W.431,4660.0,56.48,8.0,1,330.54
p2_E_S1.43,4657.0,52.59,10.0,2,316.5
p2_E_W.432,4663.0,55.46,8.0,1,328.45
p2_E_W.433,4666.0,54.36,7.0,1,322.05
p2_E_W.434,4669.0,53.09,7.0,1,312.75
p2_E_W.435,4672.0,68.01,20.0,2,344.65
p2_E_W.436,4675.0,67.09,18.0,2,357.4
p2_E_W.437,4678.0,66.18,18.0,2,357.4
p2_E_W.438,4681.0,64.95,15.0,2,354.67
p2_E_W.439,4684.0,63.78,14.0,2,351.78
p2_E_S1.44,4690.0,60.96,11.0,2,322.09
p2_E_W.440,4687.0,52.12,12.0,3,313.26
p2_E_W.441,4693.0,57.88,12.0,2,334.63
p2_E_W.442,4696.0,63.74,11.0,2,342.93
p2_E_W.443,4699.0,62.39,9.0,2,339.1
p2_E_W.444,4702.0,55.2,11.0,2,307.32
p2_E_W.445,4705.0,60.07,9.0,2,321.94
p2_E_W.446,4708.0,58.81,9.0,2,325.19
p2_E_W.447,4711.0,47.93,8.0,2,289.33
p2_E_W.448,4714.0,52.44,5.0,2,312.71
p2_E_W.449,4717.0,52.0,5.0,2,314.5
p2_E_S1.45,4723.0,50.31,4.0,2,300.36
p2_E_W.450,4720.0,54.5,5.0,2,309.92
p2_E_W.451,4726.0,50.37,3.0,2,326.39
p2_E_W.452,4729.0,49.03,13.0,2,337.21
p2_E_W.453,4732.0,47.83,11.0,2,315.13
p2_E_W.454,4735.0,46.57,9.0,1,326.14
p2_E_W.455,4738.0,45.31,8.0,1,321.51
p2_E_W.456,4741.0,44.07,8.0,1,319.49
p2_E_W.457,4744.0,41.99,7.0,1,315.12
p2_E_W.458,4747.0,35.26,6.0,1,282.73
p2_E_W.459,4750.0,36.14,6.0,1,279.44
p2_E_W.460,4753.0,41.89,6.0,1,295.32
p2_E_S1.46,4756.0,38.65,5.0,1,288.93
p2_E_W.461,4759.0,37.57,6.0,1,282.82
p2_E_W.462,4762.0,53.77,19.0,2,313.16
p2_E_W.463,4765.0,51.8,16.0,2,313.55
p2_E_W.464,4768.0,51.93,15.0,2,307.28
p2_E_W.465,4771.0,50.7,15.0,2,301.02
p2_E_W.466,4774.0,41.81,13.0,2,284.36
p2_E_W.467,4777.0,44.59,12.0,2,297.18
p2_E_W.468,4780.0,50.45,11.0,3,328.92
p2_E_W.469,4783.0,49.23,8.0,1,335.17
p2_E_W.470,4786.0,45.24,8.0,1,320.99
p2_E_W.471,4792.0,40.96,6.0,1,299.68
p2_E_W.472,4795.0,44.36,7.0,1,305.69
p2_E_S1.47,4789.0,35.42,6.0,1,288.01
p2_E_W.473,4798.0,35.68,5.0,1,277.24
p2_E_W.474,4801.0,44.14,4.0,1,288.38
p2_E_W.475,4804.0,42.98,3.0,1,279.19
p2_E_W.476,4807.0,41.64,3.0,1,287.34
p2_E_W.477,4809.0,41.41,12.0,1,298.98
p2_E_W.478,4813.0,36.5,12.0,1,291.34
p2_E_W.479,4816.0,38.08,11.0,1,299.48
p2_E_W.480,4819.0,36.79,11.0,1,295.08
p2_E_S1.48,4822.0,28.32,9.0,1,270.21
p2_E_W.481,4825.0,23.4,6.0,1,258.0
p2_E_W.482,4828.0,31.78,4.0,1,261.89
p2_E_W.483,4831.0,34.09,4.0,1,267.77
p2_E_W.484,4834.0,34.53,3.0,1,283.76
p2_E_W.485,4837.0,33.27,2.0,1,293.14
p2_E_W.486,4840.0,16.09,0.0,0,239.31
p2_E_W.487,4842.0,31.59,0.0,0,262.03
p2_E_W.488,4846.0,30.45,0.0,0,284.92
p2_E_W.489,4849.0,27.6,0.0,0,281.94
p2_E_W.490,4852.0,37.92,12.0,1,290.6
p2_E_W.491,4858.0,37.69,13.0,1,284.33
p2_E_S1.49,4855.0,36.04,13.0,1,300.8
p2_E_W.492,4861.0,33.91,12.0,1,278.78
p2_E_W.493,4864.0,34.69,10.0,1,284.44
p2_E_W.494,4867.0,29.05,9.0,1,246.33
p2_E_W.495,4870.0,24.54,8.0,1,239.17
p2_E_W.496,4873.0,38.88,7.0,1,265.76
p2_E_W.497,4876.0,37.63,7.0,1,286.49
p2_E_W.498,4879.0,33.47,7.0,1,267.42
p2_E_W.499,4882.0,25.39,14.0,1,242.42
p2_E_S1.50,4888.0,30.41,12.0,1,280.38
p2_E_W.500,4885.0,32.58,12.0,1,260.32
p2_E_W.501,4891.0,30.09,11.0,1,280.81
p2_E_W.502,4894.0,28.82,9.0,1,286.95
p2_E_W.503,4897.0,27.59,8.0,1,275.3
p2_E_W.504,4900.0,16.22,2.0,1,224.79
p2_E_W.505,4903.0,25.87,1.0,1,235.18
p2_E_W.506,4906.0,30.27,0.0,0,264.53
p2_E_W.507,4909.0,14.73,0.0,0,235.08
p2_E_W.508,4912.0,28.09,0.0,0,249.79
p2_E_W.509,4915.0,26.81,0.0,0,265.72
p2_E_S1.51,4921.0,19.96,0.0,0,269.34
p2_E_W.510,4918.0,25.44,0.0,0,286.72
p2_E_W.511,4924.0,21.31,0.0,0,290.87
p2_E_W.512,4927.0,19.86,0.0,0,285.27
p2_E_W.513,4930.0,18.76,0.0,0,288.77
p2_E_W.514,4933.0,17.58,0.0,0,287.39
p2_E_W.515,4936.0,16.36,0.0,0,274.86
p2_E_W.516,4939.0,28.89,13.0,1,275.97
p2_E_W.517,4942.0,26.53,11.0,1,261.86
p2_E_W.518,4945.0,22.97,9.0,1,236.92
p2_E_W.519,4948.0,20.12,7.0,1,231.44
p2_E_W.520,4951.0,28.61,7.0,1,263.14
p2_E_W.521,4957.0,28.46,10.0,1,260.73
p2_E_S1.52,4954.0,25.79,11.0,1,253.35
p2_E_W.522,4960.0,31.4,10.0,1,287.71
p2_E_W.523,4963.0,29.94,8.0,1,295.66
p2_E_W.524,4966.0,29.88,6.0,1,311.86
p2_E_W.525,4969.0,21.87,5.0,1,240.15
p2_E_W.526,4972.0,27.35,4.0,1,265.21
p2_E_W.527,4975.0,27.9,4.0,1,280.57
p2_E_W.528,4978.0,26.69,3.0,1,307.73
p2_E_W.529,4981.0,22.42,1.0,1,286.77
p2_E_S1.53,4987.0,17.3,0.0,0,241.16
p2_E_W.530,4984.0,10.43,0.0,0,220.82
p2_E_W.531,4990.0,24.63,0.0,0,264.72
p2_E_W.532,4993.0,23.7,0.0,0,268.35
p2_E_W.533,4996.0,26.75,0.0,0,279.93
p2_E_W.534,4999.0,25.47,0.0,0,275.31
p2_E_W.535,5002.0,24.23,0.0,0,285.66
p2_E_W.536,5004.0,34.71,13.0,1,281.48
p2_E_W.537,5008.0,31.33,12.0,1,269.76
p2_E_W.538,5011.0,32.83,12.0,1,274.19
p2_E_W.539,5014.0,31.62,10.0,1,269.83
p2_E_W.540,5017.0,30.27,10.0,1,265.63
p2_E_S1.54,5020.0,25.66,8.0,1,261.67
p2_E_W.541,5023.0,26.1,8.0,1,262.97
p2_E_W.542,5026.0,25.63,5.0,1,260.06
p2_E_W.543,5029.0,27.31,4.0,1,269.81
p2_E_W.544,5032.0,22.14,3.0,1,246.45
p2_E_W.545,5035.0,25.28,1.0,1,260.59
p2_E_W.546,5038.0,23.98,0.0,0,266.06
p2_E_W.547,5042.0,21.11,0.0,0,258.43
p2_E_W.548,5045.0,20.58,0.0,0,261.95
p2_E_W.549,5048.0,19.38,0.0,0,252.47
p2_E_W.550,5051.0,14.83,0.0,0,244.54
p2_E_S1.55,5054.0,16.1,0.0,0,255.29
p2_E_W.551,5057.0,11.61,0.0,0,226.05
p2_E_W.552,5060.0,7.98,0.0,0,199.83
p2_E_W.553,5063.0,10.67,0.0,0,216.11
p2_E_W.554,5066.0,7.82,0.0,0,206.74
p2_E_W.555,5069.0,15.68,0.0,0,210.82
p2_E_W.556,5072.0,22.45,8.0,1,234.42
p2_E_W.557,5075.0,38.35,8.0,1,273.6
p2_E_W.558,5078.0,37.05,6.0,1,286.16
p2_E_W.559,5081.0,35.72,6.0,1,282.64
p2_E_W.560,5084.0,30.73,6.0,1,281.26
p2_E_W.561,5090.0,33.72,7.0,1,252.09
p2_E_W.562,5093.0,32.53,6.0,1,262.66
p2_E_W.563,5096.0,30.03,6.0,1,255.99
p2_E_S1.56,5087.0,21.91,7.0,1,241.68
p2_E_W.564,5099.0,26.01,4.0,1,248.87
p2_E_W.565,5102.0,31.31,3.0,1,270.03
p2_E_W.566,5105.0,24.63,3.0,1,256.51
p2_E_W.567,5108.0,28.94,2.0,1,271.51
p2_E_W.568,5111.0,15.29,0.0,0,242.4
p2_E_S1.57,5120.0,23.72,0.0,0,279.08
p2_E_W.569,5114.0,31.1,0.0,0,261.71
p2_E_W.570,5117.0,29.69,0.0,0,281.09
p2_E_W.571,5122.0,26.61,0.0,0,285.72
p2_E_W.572,5126.0,23.59,0.0,0,284.87
p2_E_W.573,5129.0,23.09,0.0,0,287.74
p2_E_W.574,5132.0,21.8,0.0,0,271.77
p2_E_W.575,5135.0,12.24,0.0,0,222.61
p2_E_W.576,5138.0,20.12,0.0,0,243.21
p2_E_W.577,5141.0,18.79,0.0,0,247.93
p2_E_W.578,5144.0,17.56,0.0,0,255.39
p2_E_W.579,5147.0,28.7,10.0,1,267.64
p2_E_S1.58,5153.0,26.58,6.0,1,246.05
p2_E_W.580,5150.0,20.57,6.0,1,234.49
p2_E_W.581,5156.0,24.7,13.0,1,241.69
p2_E_W.582,5159.0,34.07,12.0,1,259.72
p2_E_W.583,5162.0,30.58,11.0,1,263.47
p2_E_W.584,5165.0,31.62,10.0,1,266.24
p2_E_W.585,5168.0,30.41,10.0,1,273.67
p2_E_W.586,5171.0,25.99,8.0,1,272.0
p2_E_W.587,5174.0,24.98,7.0,1,276.83
p2_E_W.588,5177.0,26.68,6.0,1,286.76
p2_E_W.589,5180.0,25.51,5.0,1,291.26
p2_E_W.590,5182.0,25.14,3.0,1,294.53
p2_E_S1.59,5185.0,19.54,3.0,1,250.7
p2_E_W.591,5188.0,21.62,2.0,1,261.49
p2_E_W.592,5191.0,12.97,0.0,0,218.03
p2_E_W.593,5195.0,23.24,0.0,0,244.25
p2_E_W.594,5198.0,22.01,0.0,0,258.05
p2_E_W.595,5201.0,20.75,0.0,0,259.38
p2_E_W.596,5204.0,8.13,0.0,0,197.61
p2_E_W.597,5207.0,18.79,0.0,0,227.32
p2_E_W.598,5210.0,31.71,12.0,1,277.25
p2_E_W.599,5213.0,30.92,11.0,1,267.18
