id,depart,timeloss,espera,paradas,co2
p1_N1_S1.0,0.0,19.05,9.0,1,190.19
p1_N1_S1.1,10.0,14.69,1.0,1,182.26
p1_N1_S1.2,20.0,6.54,0.0,0,150.4
p1_N2_S2.0,0.0,25.43,14.0,1,200.03
p1_S2_N2.0,0.0,24.81,15.0,1,198.47
p1_S1_N1.0,0.0,15.14,5.0,1,175.55
p1_S2_N2.1,10.0,19.31,7.0,1,192.17
p1_S1_N1.1,10.0,14.13,1.0,1,185.19
p1_N2_S2.1,10.0,20.84,9.0,1,196.45
p1_S1_N1.2,20.0,11.75,0.0,0,171.25
p1_N2_S2.2,20.0,13.01,0.0,0,178.93
p1_S2_N2.2,20.0,6.15,0.0,0,148.24
p1_W_S2.0,3.0,14.93,0.0,0,222.0
p1_W_E.0,0.0,7.51,0.0,0,192.6
p1_W_E.1,6.0,17.11,0.0,0,247.93
p1_E_W.0,0.0,7.62,0.0,0,195.33
p1_E_N1.0,3.0,10.46,0.0,0,223.43
p1_W_E.2,9.0,15.61,0.0,0,253.24
p1_E_W.1,8.0,17.01,0.0,0,227.05
p1_S1_E.0,3.0,20.21,4.0,1,232.72
p1_N2_W.0,3.0,26.64,12.0,1,235.57
p1_W_E.3,12.0,22.9,12.0,1,239.12
p1_W_E.4,15.0,22.64,9.0,1,237.92
p1_W_E.5,18.0,21.84,9.0,1,235.74
p1_S1_N1.3,30.0,32.19,20.0,1,212.15
p1_N1_S1.3,30.0,30.9,20.0,1,204.92
p1_S1_N1.4,40.0,26.73,16.0,1,207.57
p1_S2_N2.3,30.0,37.26,26.0,1,223.74
p1_N1_S1.4,40.0,26.93,13.0,1,196.98
p1_N2_S2.3,30.0,35.76,26.0,1,208.77
p1_N1_S1.5,50.0,18.52,6.0,1,192.76
p1_S2_N2.4,40.0,30.18,19.0,1,207.04
p1_N2_S2.4,40.0,32.98,13.0,1,208.03
p1_S1_N1.5,50.0,13.46,2.0,1,178.51
p1_S2_N2.5,50.0,18.1,5.0,1,184.55
p1_S1_N1.6,60.0,16.59,0.0,0,183.41
p1_S2_N2.6,60.0,18.14,1.0,1,192.82
p1_N2_S2.5,50.0,20.3,7.0,1,185.24
p1_W_E.6,21.0,38.45,19.0,2,284.91
p1_E_W.2,15.0,41.57,23.0,2,273.78
p1_N1_S1.6,60.0,7.02,0.0,0,150.91
p1_W_E.7,24.0,37.29,16.0,2,277.43
p1_E_W.3,22.0,40.72,20.0,2,287.2
p1_E_W.4,29.0,35.58,13.0,2,291.01
p1_W_E.8,27.0,29.36,10.0,2,255.75
p1_W_E.9,30.0,32.47,8.0,1,269.7
p1_W_S2.1,36.0,33.45,7.0,1,276.94
p1_W_E.10,33.0,37.41,8.0,1,275.22
p1_E_N1.1,32.0,28.57,9.0,1,264.13
p1_E_W.5,36.0,22.94,6.0,1,239.9
p1_W_E.11,39.0,27.56,7.0,1,263.29
p1_E_W.6,44.0,31.66,5.0,1,257.55
p1_W_E.12,42.0,30.06,5.0,1,266.81
p1_W_E.13,45.0,30.82,5.0,1,276.28
p1_E_W.7,51.0,26.33,4.0,1,247.86
p1_S1_E.1,33.0,43.55,20.0,1,305.51
p1_S1_E.2,63.0,18.15,0.0,0,264.43
p1_N2_S2.6,60.0,48.17,29.0,2,240.66
p1_N1_S1.7,70.0,38.54,29.0,1,221.1
p1_S1_N1.7,70.0,38.37,29.0,1,219.85
p1_S2_N2.7,70.0,38.39,28.0,1,219.33
p1_N1_S1.8,80.0,30.47,19.0,1,213.9
p1_S1_N1.8,80.0,30.72,18.0,1,209.08
p1_S2_N2.8,80.0,29.21,19.0,1,206.06
p1_N2_S2.7,70.0,42.52,25.0,1,220.08
p1_S1_N1.9,90.0,22.69,11.0,1,195.33
p1_N1_S1.9,90.0,22.14,10.0,1,189.61
p1_S2_N2.9,90.0,23.07,11.0,1,199.73
p1_N2_S2.8,80.0,33.77,21.0,1,204.76
p1_N1_S1.10,100.0,15.32,3.0,1,179.37
p1_N2_W.1,33.0,28.87,15.0,1,251.46
p1_S2_N2.10,100.0,11.94,0.0,0,174.84
p1_N2_S2.9,90.0,26.83,13.0,1,205.69
p1_S2_N2.11,110.0,8.4,0.0,0,172.1
p1_E_W.8,58.0,41.82,23.0,2,279.13
p1_N2_S2.10,100.0,21.33,6.0,1,194.59
p1_E_W.9,65.0,38.15,17.0,2,280.01
p1_W_E.14,48.0,56.65,37.0,2,323.66
p1_E_N1.2,61.0,35.88,20.0,2,268.32
p1_E_W.10,72.0,32.97,10.0,2,273.03
p1_E_W.11,80.0,27.07,8.0,1,261.05
p1_E_W.12,87.0,22.16,8.0,1,240.63
p1_W_E.15,51.0,46.84,29.0,2,283.67
p1_W_E.16,54.0,60.52,25.0,2,308.77
p1_E_N1.3,90.0,20.35,4.0,1,238.99
p1_W_E.17,57.0,51.94,25.0,2,303.64
p1_W_E.18,60.0,58.12,23.0,2,325.34
p1_N1_S1.11,110.0,29.56,18.0,1,202.1
p1_S1_N1.10,100.0,37.58,22.0,2,219.65
p1_W_S2.2,69.0,50.07,18.0,3,298.12
p1_N1_S1.12,120.0,21.5,10.0,1,192.89
p1_W_E.19,63.0,44.79,21.0,2,284.52
p1_W_E.20,66.0,53.8,20.0,3,306.9
p1_N1_S1.13,130.0,13.44,2.0,1,178.95
p1_W_E.21,72.0,51.83,17.0,2,305.89
p1_N1_S1.14,140.0,5.6,0.0,0,146.68
p1_W_E.22,75.0,50.45,16.0,2,321.78
p1_S1_N1.11,110.0,25.58,13.0,1,189.19
p1_W_E.23,78.0,49.25,14.0,2,315.18
p1_S1_N1.12,120.0,30.26,12.0,1,205.17
p1_W_E.24,81.0,41.09,12.0,2,286.77
p1_S1_E.3,93.0,36.22,11.0,2,285.98
p1_E_W.13,94.0,36.91,17.0,2,277.64
p1_N2_W.2,63.0,69.67,39.0,3,331.84
p1_W_E.25,84.0,48.76,16.0,2,322.0
p1_W_E.26,87.0,47.52,16.0,2,324.11
p1_N2_W.3,93.0,41.84,19.0,2,288.43
p1_W_E.27,90.0,43.73,11.0,1,313.65
p1_E_W.14,101.0,36.08,16.0,2,276.79
p1_W_E.28,93.0,41.62,10.0,1,298.78
p1_E_W.15,108.0,30.98,9.0,1,273.14
p1_W_E.29,96.0,43.9,8.0,1,303.89
p1_E_W.16,116.0,24.82,3.0,1,258.79
p1_S2_N2.12,120.0,44.65,33.0,1,223.19
p1_N2_S2.11,110.0,54.76,36.0,1,252.19
p1_S2_N2.13,130.0,35.6,23.0,1,213.94
p1_N2_S2.12,120.0,45.02,33.0,1,224.15
p1_E_N1.4,120.0,17.87,0.0,0,244.07
p1_E_W.17,123.0,19.73,0.0,0,252.86
p1_S2_N2.14,140.0,27.08,16.0,1,211.7
p1_N2_S2.13,130.0,41.24,29.0,1,224.46
p1_E_W.18,130.0,20.31,0.0,0,248.51
p1_S2_N2.15,150.0,17.94,5.0,1,185.5
p1_S1_N1.13,130.0,45.68,28.0,2,237.6
p1_S2_N2.16,160.0,8.15,0.0,0,161.26
p1_S1_N1.14,140.0,38.11,22.0,1,219.9
p1_S2_N2.17,170.0,8.78,0.0,0,147.12
p1_N1_S1.15,150.0,21.15,10.0,1,183.52
p1_N2_S2.14,140.0,27.74,13.0,1,196.58
p1_S1_N1.15,150.0,28.57,17.0,1,206.63
p1_N1_S1.16,160.0,21.08,5.0,1,187.54
p1_N2_S2.15,150.0,28.4,10.0,1,203.08
p1_N1_S1.17,170.0,8.1,0.0,0,156.8
p1_W_E.30,99.0,52.67,24.0,2,317.83
p1_W_S2.3,102.0,56.38,23.0,2,315.38
p1_S1_E.4,123.0,41.43,19.0,2,287.09
p1_E_W.19,137.0,30.31,12.0,1,250.67
p1_E_W.20,144.0,16.27,2.0,1,220.45
p1_E_N1.5,150.0,17.51,2.0,1,227.78
p1_W_E.31,105.0,50.08,21.0,3,296.33
p1_N2_W.4,123.0,44.82,30.0,1,263.48
p1_W_E.32,108.0,70.98,17.0,2,318.86
p1_N2_W.5,153.0,26.78,9.0,1,243.5
p1_W_E.33,111.0,55.51,15.0,2,314.0
p1_W_E.34,114.0,68.5,16.0,2,339.55
p1_E_W.21,153.0,30.74,18.0,1,259.94
p1_W_E.35,117.0,58.5,16.0,2,333.73
p1_W_E.36,121.0,65.22,14.0,2,360.5
p1_W_E.37,124.0,60.43,12.0,2,339.05
p1_W_E.38,127.0,62.72,13.0,2,352.9
p1_S1_N1.16,160.0,50.6,33.0,2,242.79
p1_W_E.39,130.0,53.08,10.0,2,348.27
p1_S1_N1.17,170.0,43.33,23.0,2,231.39
p1_N1_S1.18,180.0,29.16,18.0,1,202.22
p1_W_E.40,133.0,56.92,9.0,2,364.26
p1_N2_S2.16,160.0,54.97,37.0,2,252.41
p1_S1_N1.18,180.0,35.08,20.0,1,213.66
p1_S2_N2.18,180.0,35.54,25.0,1,209.54
p1_S1_E.5,153.0,41.75,16.0,1,306.49
p1_N2_S2.17,170.0,47.7,31.0,1,228.59
p1_N1_S1.19,190.0,19.24,8.0,1,182.38
p1_S2_N2.19,190.0,27.52,15.0,1,203.46
p1_N2_S2.18,180.0,39.65,26.0,1,220.24
p1_N1_S1.20,200.0,19.38,4.0,1,187.22
p1_S2_N2.20,200.0,19.23,8.0,1,193.69
p1_S1_N1.19,190.0,30.7,15.0,1,202.84
p1_N1_S1.21,210.0,11.15,0.0,0,179.9
p1_S2_N2.21,210.0,10.9,0.0,0,176.41
p1_S1_N1.20,200.0,22.42,9.0,1,199.22
p1_S1_N1.21,210.0,14.32,0.0,0,176.34
p1_W_S2.4,136.0,70.63,33.0,4,347.15
p1_E_W.22,159.0,47.95,30.0,2,294.88
p1_W_E.41,139.0,68.8,28.0,3,341.81
p1_E_W.23,166.0,39.83,22.0,2,274.48
p1_E_W.24,173.0,40.61,19.0,2,288.66
p1_W_E.42,142.0,63.39,27.0,3,329.09
p1_W_E.43,145.0,68.8,23.0,3,352.91
p1_E_W.25,180.0,29.29,12.0,1,244.75
p1_W_E.44,148.0,63.35,19.0,3,330.17
p1_E_W.26,188.0,30.66,10.0,1,258.77
p1_W_E.45,151.0,68.8,18.0,3,351.37
p1_E_N1.6,183.0,29.24,11.0,1,265.58
p1_E_W.27,195.0,25.6,10.0,1,250.77
p1_W_E.46,154.0,67.55,16.0,3,348.73
p1_W_E.47,157.0,66.43,13.0,3,335.53
p1_W_E.48,160.0,57.56,13.0,3,311.11
p1_N2_W.6,183.0,39.0,23.0,1,255.34
p1_W_E.49,163.0,65.02,14.0,3,325.54
p1_N1_S1.22,220.0,32.7,21.0,1,210.66
p1_S1_E.6,183.0,33.62,18.0,1,269.06
p1_S1_N1.22,220.0,34.54,20.0,1,212.04
p1_N1_S1.23,230.0,22.36,10.0,1,196.42
p1_S1_N1.23,230.0,26.44,16.0,1,205.24
p1_N2_S2.19,190.0,64.96,47.0,2,263.37
p1_S2_N2.22,220.0,34.79,25.0,1,218.55
p1_S2_N2.23,230.0,28.58,18.0,1,209.14
p1_N1_S1.24,240.0,16.13,3.0,1,188.45
p1_S1_N1.24,240.0,18.37,7.0,1,189.05
p1_N2_S2.20,200.0,57.76,36.0,2,252.4
p1_N1_S1.25,250.0,9.64,0.0,0,176.39
p1_S2_N2.24,240.0,20.52,9.0,1,195.42
p1_S2_N2.25,250.0,12.5,0.0,0,180.3
p1_N2_S2.21,210.0,44.61,26.0,1,224.22
p1_S2_N2.26,260.0,6.23,0.0,0,154.72
p1_E_N1.7,212.0,35.85,12.0,2,268.61
p1_N2_S2.22,220.0,42.23,24.0,1,208.67
p1_E_W.28,202.0,31.25,15.0,2,261.15
p1_N2_S2.23,230.0,32.48,18.0,1,204.89
p1_W_E.50,166.0,85.45,42.0,4,367.57
p1_E_W.29,209.0,43.49,13.0,2,284.86
p1_E_W.30,216.0,38.12,7.0,2,284.65
p1_E_W.31,224.0,31.96,2.0,1,287.57
p1_W_E.51,172.0,84.68,36.0,4,368.05
p1_N2_S2.24,240.0,22.49,9.0,1,184.28
p1_E_W.32,231.0,22.68,1.0,1,244.43
p1_W_S2.5,169.0,88.81,42.0,5,378.88
p1_E_W.33,238.0,21.57,1.0,1,241.07
p1_E_N1.8,241.0,16.61,0.0,0,236.38
p1_W_E.52,175.0,78.71,35.0,4,356.15
p1_E_W.34,245.0,16.36,0.0,0,231.63
p1_W_E.53,178.0,80.55,32.0,4,363.53
p1_W_E.54,181.0,83.88,30.0,5,373.87
p1_N2_W.7,213.0,50.23,25.0,1,283.75
p1_W_E.55,184.0,80.04,29.0,4,348.75
p1_W_E.56,187.0,79.86,27.0,3,356.77
p1_W_E.57,190.0,80.31,23.0,3,371.04
p1_W_E.58,193.0,74.0,20.0,3,332.47
p1_S1_E.7,213.0,61.3,30.0,2,326.71
p1_S1_N1.25,250.0,40.45,27.0,1,216.01
p1_S1_E.8,243.0,26.45,2.0,1,264.84
p1_S1_N1.26,260.0,38.13,25.0,1,224.25
p1_N1_S1.26,260.0,29.51,18.0,1,202.15
p1_W_E.59,196.0,76.68,22.0,3,357.7
p1_S1_N1.27,270.0,29.89,16.0,1,215.65
p1_N1_S1.27,270.0,30.87,14.0,1,212.88
p1_N1_S1.28,280.0,19.0,4.0,1,189.21
p1_N1_S1.29,290.0,14.23,0.0,0,188.38
p1_W_S2.6,202.0,77.55,20.0,2,355.99
p1_W_E.60,199.0,67.77,22.0,3,338.99
p1_E_W.35,252.0,28.97,12.0,2,266.97
p1_N2_S2.25,250.0,59.7,37.0,2,254.26
p1_S2_N2.27,270.0,35.58,23.0,1,213.1
p1_E_W.36,260.0,24.5,6.0,2,255.32
p1_N2_S2.26,260.0,51.44,28.0,1,251.64
p1_S2_N2.28,280.0,31.3,18.0,1,211.59
p1_E_W.37,267.0,23.22,1.0,1,259.57
p1_S2_N2.29,290.0,23.0,10.0,1,206.63
p1_S2_N2.30,300.0,13.72,2.0,1,187.48
p1_N2_S2.27,270.0,41.58,28.0,1,222.0
p1_E_W.38,274.0,19.86,0.0,0,229.78
p1_E_N1.9,270.0,13.29,0.0,0,221.43
p1_N2_S2.28,280.0,38.23,25.0,1,224.39
p1_S2_N2.31,310.0,5.67,0.0,0,152.81
p1_E_W.39,281.0,11.1,0.0,0,212.35
p1_E_W.40,288.0,10.47,0.0,0,222.52
p1_W_E.61,205.0,99.15,36.0,3,396.64
p1_N1_S1.30,300.0,24.07,13.0,1,195.28
p1_S1_N1.28,280.0,44.2,25.0,2,223.75
p1_W_E.62,208.0,97.93,34.0,3,391.57
p1_N1_S1.31,310.0,16.82,5.0,1,186.56
p1_S1_N1.29,290.0,37.89,17.0,1,230.73
p1_N1_S1.32,320.0,8.53,0.0,0,163.31
p1_W_E.63,211.0,96.66,31.0,3,382.82
p1_N2_S2.29,290.0,23.14,10.0,1,190.75
p1_S1_N1.30,300.0,27.34,16.0,1,201.61
p1_W_E.64,214.0,88.96,31.0,5,380.92
p1_W_E.65,217.0,87.15,27.0,3,359.5
p1_E_W.41,296.0,19.43,8.0,1,240.49
p1_W_E.66,220.0,95.02,25.0,3,382.53
p1_N2_W.8,243.0,72.08,44.0,3,334.81
p1_W_E.67,223.0,96.39,26.0,4,403.75
p1_W_E.68,226.0,94.98,26.0,4,398.73
p1_N2_W.9,273.0,46.97,28.0,1,291.88
p1_W_E.69,229.0,93.77,25.0,3,391.63
p1_W_E.70,232.0,92.55,23.0,4,393.98
p1_S1_E.9,273.0,48.38,23.0,2,293.07
p1_E_N1.10,300.0,28.5,15.0,1,259.92
p1_W_S2.7,235.0,87.16,29.0,4,390.58
p1_W_E.71,238.0,88.78,26.0,4,393.54
p1_W_E.72,241.0,85.55,27.0,4,376.02
p1_S1_N1.31,310.0,45.75,27.0,2,232.13
p1_W_E.73,244.0,91.63,25.0,4,397.1
p1_S1_N1.32,320.0,37.92,17.0,2,225.07
p1_N1_S1.33,330.0,23.27,12.0,1,192.45
p1_W_E.74,247.0,90.38,22.0,4,406.39
p1_W_E.75,250.0,84.91,20.0,5,377.75
p1_S1_N1.33,330.0,30.11,16.0,1,195.51
p1_N1_S1.34,340.0,20.31,7.0,1,200.62
p1_N1_S1.35,350.0,12.11,0.0,0,181.76
p1_S2_N2.32,320.0,43.68,33.0,1,223.27
p1_S2_N2.33,330.0,35.71,23.0,1,214.4
p1_N2_S2.30,300.0,59.68,40.0,2,251.3
p1_E_W.42,303.0,43.74,25.0,2,291.63
p1_N2_S2.31,310.0,60.36,36.0,1,260.44
p1_S2_N2.34,340.0,24.78,13.0,1,192.28
p1_E_W.43,310.0,36.6,19.0,2,278.23
p1_N2_S2.32,320.0,52.14,35.0,1,241.27
p1_S2_N2.35,350.0,22.07,7.0,1,201.65
p1_E_W.44,317.0,34.29,13.0,2,277.78
p1_E_W.45,324.0,28.96,10.0,1,271.96
p1_N2_S2.33,330.0,43.96,29.0,1,236.19
p1_S2_N2.36,360.0,14.02,0.0,0,185.04
p1_N2_S2.34,340.0,36.6,22.0,1,212.62
p1_N2_S2.35,350.0,28.43,12.0,1,200.26
p1_N2_S2.36,360.0,18.74,4.0,1,192.17
p1_E_W.46,333.0,25.78,4.0,1,251.69
p1_S2_N2.37,370.0,5.96,0.0,0,158.02
p1_E_N1.11,330.0,19.79,5.0,1,232.71
p1_E_W.47,339.0,21.98,3.0,1,234.42
p1_E_W.48,346.0,16.95,0.0,0,219.17
p1_W_E.76,253.0,112.06,40.0,6,434.25
p1_W_E.77,256.0,111.06,39.0,6,432.28
p1_N1_S1.36,360.0,29.99,20.0,1,207.82
p1_S1_E.10,303.0,60.59,32.0,2,319.31
p1_S1_N1.34,340.0,48.8,33.0,2,228.51
p1_S1_N1.35,350.0,43.82,26.0,2,236.27
p1_W_E.78,259.0,109.76,45.0,7,419.33
p1_N1_S1.37,370.0,20.04,9.0,1,185.55
p1_W_E.79,262.0,105.74,41.0,5,407.87
p1_N1_S1.38,380.0,19.14,4.0,1,200.26
p1_W_E.80,265.0,107.04,38.0,5,429.81
p1_N1_S1.39,390.0,6.44,0.0,0,148.88
p1_W_S2.8,268.0,107.17,36.0,4,430.94
p1_S1_N1.36,360.0,28.68,18.0,1,202.12
p1_S1_N1.37,370.0,33.59,16.0,1,214.74
p1_W_E.81,271.0,105.72,31.0,4,410.96
p1_S1_N1.38,380.0,25.26,8.0,1,215.33
p1_W_E.82,274.0,110.78,32.0,4,413.32
p1_S1_N1.39,390.0,17.03,0.0,0,206.32
p1_N2_W.10,303.0,84.79,54.0,3,351.26
p1_W_E.83,277.0,100.58,31.0,4,389.44
p1_N2_W.11,333.0,56.71,34.0,2,316.91
p1_S1_E.11,333.0,57.53,27.0,2,327.09
p1_W_E.84,280.0,112.3,33.0,5,445.5
p1_W_E.85,284.0,98.93,27.0,4,404.8
p1_W_E.86,287.0,99.03,24.0,4,399.21
p1_E_N1.12,363.0,34.2,13.0,1,273.94
p1_W_E.87,290.0,100.43,22.0,4,411.74
p1_E_W.49,353.0,29.35,16.0,1,243.67
p1_W_E.88,293.0,102.03,21.0,4,418.48
p1_E_W.50,360.0,40.6,14.0,1,265.89
p1_W_E.89,296.0,105.07,19.0,4,418.95
p1_E_W.51,368.0,34.34,10.0,1,277.74
p1_E_W.52,375.0,29.04,6.0,1,290.08
p1_S2_N2.38,380.0,38.5,28.0,1,213.55
p1_E_W.53,382.0,10.46,0.0,0,211.12
p1_E_W.54,389.0,22.14,0.0,0,222.56
p1_S2_N2.39,390.0,41.06,23.0,1,224.85
p1_N1_S1.40,400.0,32.93,23.0,1,216.08
p1_S2_N2.40,400.0,21.51,10.0,1,193.82
p1_N1_S1.41,410.0,24.84,12.0,1,200.64
p1_S1_N1.40,400.0,33.67,22.0,1,202.2
p1_N1_S1.42,420.0,16.72,4.0,1,186.07
p1_N2_S2.37,370.0,47.37,36.0,1,220.67
p1_S2_N2.41,410.0,21.32,5.0,1,198.72
p1_S1_N1.41,410.0,27.99,14.0,1,205.58
p1_N1_S1.43,430.0,8.46,0.0,0,167.03
p1_N2_S2.38,380.0,59.36,34.0,1,245.69
p1_S1_N1.42,420.0,19.68,5.0,1,197.38
p1_S2_N2.42,420.0,18.32,1.0,1,196.37
p1_N2_S2.39,390.0,51.04,26.0,1,252.13
p1_N2_S2.40,400.0,39.7,21.0,1,234.56
p1_W_S2.9,302.0,120.86,32.0,6,402.1
p1_E_N1.13,392.0,23.51,10.0,1,233.18
p1_W_E.90,299.0,106.49,32.0,5,403.25
p1_E_W.55,396.0,20.22,9.0,1,234.95
p1_W_E.91,305.0,126.25,26.0,3,425.6
p1_E_W.56,404.0,20.87,5.0,1,229.02
p1_S1_E.12,363.0,71.4,31.0,2,335.31
p1_E_W.57,411.0,24.41,4.0,1,259.43
p1_W_E.92,308.0,113.62,37.0,4,411.36
p1_W_E.93,311.0,127.06,34.0,4,429.96
p1_N2_W.12,363.0,73.26,41.0,2,365.0
p1_W_E.94,314.0,125.91,33.0,4,436.47
p1_N2_W.13,393.0,40.01,24.0,1,266.59
p1_W_E.95,317.0,118.41,29.0,4,437.78
p1_W_E.96,320.0,115.41,28.0,4,420.42
p1_E_W.58,418.0,25.4,13.0,1,247.12
p1_W_E.97,323.0,121.59,25.0,4,432.06
p1_W_E.98,326.0,116.23,23.0,4,432.59
p1_W_S2.10,335.0,111.82,17.0,3,408.06
p1_W_E.99,329.0,119.75,22.0,3,434.0
p1_W_E.100,332.0,118.4,17.0,3,428.86
p1_E_N1.14,421.0,24.25,10.0,1,256.87
p1_N1_S1.44,440.0,33.2,23.0,1,211.63
p1_S1_E.13,393.0,54.63,24.0,2,323.71
p1_N2_S2.41,410.0,65.24,44.0,2,260.06
p1_N1_S1.45,450.0,23.6,12.0,1,199.51
p1_N2_S2.42,420.0,57.3,37.0,2,252.45
p1_S1_N1.43,430.0,40.16,27.0,1,222.7
p1_S2_N2.43,430.0,43.52,33.0,1,228.22
p1_N1_S1.46,460.0,18.33,5.0,1,195.87
p1_S2_N2.44,440.0,39.2,26.0,1,220.88
p1_S1_N1.44,440.0,36.06,21.0,1,219.0
p1_N1_S1.47,470.0,9.26,0.0,0,174.59
p1_S1_N1.45,450.0,31.59,15.0,1,214.69
p1_S2_N2.45,450.0,29.65,16.0,1,205.99
p1_S2_N2.46,460.0,23.29,8.0,1,203.18
p1_S2_N2.47,470.0,15.06,1.0,1,204.61
p1_E_W.59,425.0,40.09,19.0,2,282.06
p1_N2_S2.43,430.0,47.51,32.0,1,216.34
p1_S2_N2.48,480.0,5.63,0.0,0,144.79
p1_E_W.60,432.0,33.66,13.0,2,269.12
p1_N2_S2.44,440.0,51.04,30.0,1,234.93
p1_N2_S2.45,450.0,32.32,16.0,1,206.86
p1_E_N1.15,450.0,24.27,0.0,0,234.77
p1_N2_S2.46,460.0,28.16,12.0,1,201.07
p1_S1_E.14,423.0,53.56,25.0,2,321.55
p1_W_E.101,338.0,140.46,46.0,4,452.5
p1_E_W.61,440.0,10.13,0.0,0,211.42
p1_W_E.102,341.0,136.25,43.0,5,453.68
p1_N1_S1.48,480.0,24.35,13.0,1,196.04
p1_E_W.62,447.0,36.29,0.0,0,244.53
p1_S1_N1.46,460.0,45.01,27.0,2,230.3
p1_W_E.103,344.0,140.43,42.0,4,462.36
p1_E_W.63,454.0,30.98,0.0,0,262.91
p1_S1_N1.47,470.0,36.65,18.0,1,222.31
p1_N1_S1.49,490.0,16.54,6.0,1,193.78
p1_W_E.104,347.0,139.11,40.0,4,463.89
p1_E_W.64,461.0,25.6,0.0,0,254.9
p1_W_E.105,350.0,137.94,38.0,3,458.44
p1_N1_S1.50,500.0,8.85,0.0,0,167.65
p1_W_E.106,353.0,133.21,36.0,4,432.08
p1_W_E.107,356.0,133.46,35.0,3,436.03
p1_S1_N1.48,480.0,22.44,10.0,1,184.37
p1_W_E.108,359.0,134.27,33.0,3,435.39
p1_W_E.109,362.0,132.98,30.0,3,415.31
p1_W_E.110,365.0,121.21,32.0,3,399.46
p1_W_E.111,371.0,132.6,29.0,4,415.21
p1_N2_W.14,423.0,60.73,35.0,2,310.55
p1_S1_E.15,453.0,51.97,26.0,2,307.96
p1_N2_W.15,453.0,44.74,15.0,1,305.64
p1_W_S2.11,368.0,121.85,33.0,3,411.37
p1_E_W.65,468.0,39.14,19.0,1,280.35
p1_E_N1.16,480.0,24.57,10.0,1,258.44
p1_E_W.66,476.0,32.89,13.0,1,279.65
p1_N2_S2.47,470.0,61.3,41.0,2,255.66
p1_N2_S2.48,480.0,53.3,32.0,1,246.97
p1_E_W.67,483.0,19.53,6.0,1,234.22
p1_S2_N2.49,490.0,39.85,30.0,1,215.29
p1_E_W.68,490.0,24.24,4.0,1,247.64
p1_N2_S2.49,490.0,47.49,31.0,1,228.47
p1_E_W.69,497.0,18.96,0.0,0,252.69
p1_S2_N2.50,500.0,30.49,18.0,1,195.98
p1_E_W.70,504.0,13.64,0.0,0,247.58
p1_S2_N2.51,510.0,29.43,11.0,1,204.82
p1_S1_N1.49,490.0,50.68,32.0,2,247.61
p1_N2_S2.50,500.0,37.28,25.0,1,209.96
p1_N1_S1.51,510.0,31.3,21.0,1,211.77
p1_N2_S2.51,510.0,29.33,16.0,1,200.5
p1_S2_N2.52,520.0,13.19,0.0,0,173.45
p1_N1_S1.52,520.0,21.97,9.0,1,189.01
p1_S1_N1.50,500.0,39.52,22.0,1,225.31
p1_S2_N2.53,530.0,14.86,0.0,0,180.28
p1_N1_S1.53,530.0,16.32,2.0,1,190.92
p1_S1_N1.51,510.0,37.47,22.0,1,222.61
p1_S1_N1.52,520.0,26.75,14.0,1,201.9
p1_S1_N1.53,530.0,23.59,6.0,1,206.73
p1_S1_N1.54,540.0,15.08,0.0,0,194.14
p1_S1_N1.55,550.0,8.23,0.0,0,170.59
p1_W_E.112,375.0,137.98,46.0,5,453.62
p1_W_E.113,378.0,161.5,42.0,6,471.61
p1_W_E.114,381.0,160.33,39.0,6,471.36
p1_E_N1.17,510.0,31.56,20.0,1,249.3
p1_W_E.115,384.0,159.02,34.0,4,474.86
p1_E_W.71,513.0,30.96,18.0,1,247.51
p1_W_E.116,387.0,157.8,32.0,5,468.84
p1_W_E.117,390.0,156.48,29.0,4,478.17
p1_E_W.72,519.0,25.11,13.0,1,240.68
p1_N1_S1.54,540.0,7.22,0.0,0,160.59
p1_N2_W.16,483.0,65.01,36.0,2,327.5
p1_W_E.118,393.0,153.24,28.0,4,496.94
p1_W_S2.12,403.0,145.41,35.0,5,446.89
p1_N2_W.17,513.0,36.4,15.0,1,283.33
p1_S1_E.16,483.0,59.84,21.0,2,341.83
p1_W_E.119,397.0,152.76,37.0,5,481.54
p1_E_W.73,526.0,24.35,12.0,1,242.13
p1_W_E.120,400.0,144.04,34.0,4,464.88
p1_E_W.74,533.0,20.83,9.0,1,241.76
p1_W_E.121,406.0,149.74,31.0,4,472.73
p1_W_E.122,409.0,144.08,32.0,5,449.23
p1_E_W.75,540.0,12.17,0.0,0,206.68
p1_W_E.123,412.0,140.18,30.0,7,439.85
p1_E_N1.18,543.0,15.57,0.0,0,242.5
p1_N2_S2.52,520.0,61.9,42.0,2,269.51
p1_S2_N2.54,540.0,42.83,31.0,1,219.63
p1_E_W.76,548.0,11.96,0.0,0,228.29
p1_E_W.77,555.0,9.28,0.0,0,224.92
p1_S2_N2.55,550.0,31.86,20.0,1,201.53
p1_N2_S2.53,530.0,50.9,32.0,2,234.24
p1_S2_N2.56,560.0,29.22,13.0,1,209.97
p1_N2_S2.54,540.0,42.4,30.0,1,222.4
p1_N1_S1.55,550.0,41.61,28.0,1,215.81
p1_S1_N1.56,560.0,31.08,18.0,1,214.24
p1_N2_S2.55,550.0,38.42,26.0,1,215.37
p1_S2_N2.57,570.0,13.59,2.0,1,174.52
p1_S1_N1.57,570.0,21.62,9.0,1,184.32
p1_N1_S1.56,560.0,30.51,18.0,1,208.0
p1_S2_N2.58,580.0,15.86,0.0,0,187.02
p1_S1_N1.58,580.0,17.65,5.0,1,187.38
p1_N2_S2.56,560.0,24.41,12.0,1,189.19
p1_N1_S1.57,570.0,19.5,8.0,1,188.03
p1_N2_S2.57,570.0,32.33,10.0,1,204.12
p1_N1_S1.58,580.0,23.7,5.0,1,197.28
p1_W_E.124,418.0,152.51,47.0,7,465.81
p1_N1_S1.59,590.0,15.45,0.0,0,196.39
p1_W_E.125,426.0,159.56,44.0,6,485.93
p1_E_W.78,562.0,17.54,5.0,1,228.7
p1_W_E.126,430.0,157.27,39.0,5,483.16
p1_W_E.127,433.0,155.94,38.0,5,485.89
p1_N2_W.18,543.0,46.67,30.0,1,270.73
p1_S1_E.17,513.0,70.31,38.0,3,348.33
p1_S1_E.18,543.0,43.18,15.0,1,315.91
p1_W_E.128,436.0,143.19,43.0,5,448.03
p1_W_E.129,439.0,160.37,43.0,6,445.99
p1_W_S2.13,448.0,143.61,38.0,6,443.07
p1_W_E.130,442.0,150.31,40.0,6,460.1
p1_W_E.131,456.0,138.12,38.0,6,431.51
p1_W_E.132,459.0,145.28,36.0,6,468.69
p1_W_E.133,462.0,144.56,35.0,6,477.8
p1_W_E.134,465.0,138.66,31.0,5,471.01
p1_E_W.79,569.0,30.07,17.0,1,245.76
p1_W_E.135,468.0,142.3,30.0,4,466.27
p1_W_E.136,471.0,141.02,32.0,5,467.93
p1_S1_N1.59,590.0,40.68,28.0,1,213.94
p1_W_E.137,474.0,138.39,29.0,3,458.37
p1_N1_S1.60,600.0,31.14,20.0,1,204.23
p1_S1_N1.60,600.0,35.44,23.0,1,220.09
p1_N1_S1.61,610.0,27.03,13.0,1,197.63
p1_N1_S1.62,620.0,18.68,4.0,1,193.81
p1_S1_N1.61,610.0,27.78,15.0,1,199.46
p1_N1_S1.63,630.0,9.91,0.0,0,170.88
p1_N2_S2.58,580.0,65.44,44.0,2,268.25
p1_S2_N2.59,590.0,53.76,42.0,1,238.29
p1_W_E.138,477.0,119.16,26.0,4,397.91
p1_S2_N2.60,600.0,45.82,33.0,1,232.66
p1_S1_E.19,573.0,53.39,15.0,2,290.99
p1_E_N1.19,572.0,46.64,27.0,2,290.27
p1_E_W.80,576.0,50.45,25.0,2,296.66
p1_N2_S2.59,590.0,54.11,41.0,1,231.91
p1_E_W.81,584.0,41.72,19.0,2,279.02
p1_S2_N2.61,610.0,32.62,21.0,1,206.65
p1_E_W.82,591.0,34.64,14.0,2,272.05
p1_E_W.83,598.0,36.0,9.0,1,275.13
p1_N2_S2.60,600.0,43.39,32.0,1,219.13
p1_S2_N2.62,620.0,30.56,15.0,1,199.29
p1_E_N1.20,601.0,33.72,9.0,1,271.83
p1_E_W.84,605.0,30.81,8.0,1,256.97
p1_N2_S2.61,610.0,46.93,29.0,1,228.1
p1_S2_N2.63,630.0,21.37,7.0,1,192.35
p1_N2_S2.62,620.0,35.42,20.0,1,217.22
p1_S2_N2.64,640.0,18.62,0.0,0,194.84
p1_E_W.85,612.0,21.01,5.0,1,235.04
p1_E_W.86,620.0,22.22,2.0,1,245.21
p1_W_E.139,480.0,152.12,46.0,5,444.88
p1_W_S2.14,499.0,144.67,42.0,4,436.43
p1_E_W.87,627.0,13.29,0.0,0,234.19
p1_W_E.140,495.0,150.55,46.0,5,456.35
p1_S1_N1.62,620.0,48.54,32.0,2,244.44
p1_W_E.141,502.0,144.9,39.0,4,471.56
p1_W_E.142,505.0,144.13,37.0,4,463.43
p1_S1_N1.63,630.0,39.87,23.0,1,223.87
p1_W_E.143,508.0,135.54,34.0,4,419.09
p1_N1_S1.64,640.0,23.54,12.0,1,192.21
p1_S1_N1.64,640.0,35.03,21.0,1,204.48
p1_W_E.144,511.0,136.82,34.0,5,428.98
p1_N1_S1.65,650.0,19.64,6.0,1,196.76
p1_S1_N1.65,650.0,26.87,13.0,1,201.71
p1_W_E.145,514.0,142.47,31.0,6,445.28
p1_N1_S1.66,660.0,15.0,0.0,0,198.61
p1_S1_N1.66,660.0,18.17,4.0,1,182.44
p1_W_E.146,517.0,132.43,30.0,6,423.37
p1_W_E.147,520.0,129.55,28.0,5,421.94
p1_S1_N1.67,670.0,13.21,0.0,0,183.75
p1_N2_S2.63,630.0,54.77,36.0,2,251.15
p1_S1_N1.68,680.0,5.89,0.0,0,152.33
p1_N2_S2.64,640.0,48.47,26.0,2,241.73
p1_S2_N2.65,650.0,29.15,19.0,1,197.87
p1_N2_S2.65,650.0,40.35,20.0,1,221.83
p1_N1_S1.67,670.0,7.16,0.0,0,154.36
p1_E_N1.21,630.0,39.38,21.0,1,287.03
p1_S2_N2.66,660.0,28.52,13.0,1,198.78
p1_N1_S1.68,680.0,11.73,0.0,0,162.6
p1_S2_N2.67,670.0,17.01,3.0,1,188.95
p1_N2_W.19,573.0,95.08,72.0,3,375.24
p1_S2_N2.68,680.0,8.39,0.0,0,169.46
p1_N2_W.20,603.0,71.81,46.0,2,341.6
p1_W_E.148,524.0,152.09,38.0,4,464.74
p1_W_E.149,534.0,144.04,37.0,6,460.07
p1_W_E.150,537.0,143.07,35.0,5,468.78
p1_S1_E.20,603.0,76.6,40.0,3,348.95
p1_E_N1.22,660.0,22.28,0.0,0,242.9
p1_W_E.151,543.0,144.7,35.0,5,462.93
p1_W_S2.15,540.0,137.18,42.0,6,449.08
p1_E_W.88,634.0,19.44,3.0,1,248.25
p1_E_W.89,641.0,51.07,3.0,1,263.82
p1_W_E.152,546.0,138.99,35.0,5,457.09
p1_W_E.153,549.0,145.03,30.0,5,461.56
p1_E_W.90,648.0,44.72,1.0,1,272.09
p1_W_E.154,552.0,140.45,29.0,5,451.25
p1_E_W.91,656.0,39.57,0.0,0,274.92
p1_W_E.155,555.0,142.57,29.0,5,455.79
p1_E_W.92,663.0,30.93,0.0,0,269.72
p1_S1_N1.69,690.0,29.48,19.0,1,207.6
p1_W_E.156,558.0,134.29,26.0,5,428.65
p1_E_W.93,670.0,29.25,0.0,0,247.47
p1_N2_W.21,633.0,67.46,35.0,2,330.71
p1_N1_S1.69,690.0,28.0,17.0,1,207.51
p1_W_E.157,561.0,140.51,24.0,5,441.13
p1_S1_N1.70,700.0,23.66,11.0,1,192.9
p1_N1_S1.70,700.0,23.85,10.0,1,207.22
p1_W_E.158,564.0,139.31,23.0,5,449.16
p1_N1_S1.71,710.0,15.59,2.0,1,201.73
p1_W_E.159,567.0,135.4,21.0,6,436.6
p1_N1_S1.72,720.0,7.29,0.0,0,174.12
p1_N2_S2.66,660.0,70.49,54.0,2,273.4
p1_E_W.94,677.0,33.78,16.0,2,274.37
p1_S1_N1.71,710.0,9.58,0.0,0,161.18
p1_S1_N1.72,720.0,13.52,0.0,0,166.6
p1_E_W.95,684.0,28.9,10.0,2,269.77
p1_N2_S2.67,670.0,65.35,43.0,2,268.39
p1_S2_N2.69,690.0,36.74,25.0,1,214.03
p1_E_N1.23,690.0,25.09,5.0,1,254.79
p1_N2_S2.68,680.0,58.08,33.0,2,252.02
p1_S2_N2.70,700.0,34.09,19.0,1,212.92
p1_N2_S2.69,690.0,49.77,30.0,1,234.69
p1_S2_N2.71,710.0,29.71,14.0,1,224.83
p1_S2_N2.72,720.0,21.49,5.0,1,220.32
p1_E_W.96,693.0,17.08,2.0,1,231.07
p1_S2_N2.73,730.0,5.86,0.0,0,150.63
p1_E_W.97,699.0,22.06,0.0,0,235.36
p1_E_W.98,706.0,10.44,0.0,0,219.19
p1_S1_E.21,633.0,93.64,42.0,3,391.37
p1_E_W.99,713.0,13.54,0.0,0,227.95
p1_S1_E.22,663.0,65.85,19.0,3,339.76
p1_W_E.160,574.0,156.73,53.0,8,474.2
p1_W_S2.16,577.0,152.91,50.0,7,459.51
p1_W_E.161,580.0,155.22,45.0,6,469.27
p1_W_E.162,583.0,154.06,48.0,8,452.54
p1_W_E.163,586.0,152.97,40.0,6,446.74
p1_N1_S1.73,730.0,30.64,19.0,1,206.74
p1_S1_N1.73,730.0,28.58,19.0,1,202.71
p1_W_E.164,589.0,146.29,38.0,4,449.41
p1_N1_S1.74,740.0,18.11,6.0,1,183.66
p1_S1_N1.74,740.0,21.87,10.0,1,204.84
p1_W_E.165,595.0,148.81,37.0,4,462.01
p1_S1_N1.75,750.0,18.65,3.0,1,200.47
p1_W_E.166,605.0,143.05,34.0,4,452.83
p1_N1_S1.75,750.0,19.08,3.0,1,199.2
p1_N1_S1.76,760.0,7.23,0.0,0,162.23
p1_S1_N1.76,760.0,11.53,0.0,0,170.98
p1_N2_S2.70,700.0,76.42,57.0,2,275.07
p1_S2_N2.74,740.0,36.64,25.0,1,211.48
p1_N2_S2.71,710.0,68.26,45.0,2,268.98
p1_S2_N2.75,750.0,28.4,17.0,1,205.24
p1_W_E.167,608.0,122.95,33.0,4,416.4
p1_N2_S2.72,720.0,59.12,38.0,2,250.81
p1_W_E.168,611.0,137.17,34.0,4,434.15
p1_S2_N2.76,760.0,19.35,7.0,1,184.38
p1_S2_N2.77,770.0,13.41,0.0,0,182.53
p1_N2_W.22,663.0,84.21,58.0,3,339.64
p1_E_N1.24,723.0,40.81,20.0,2,282.3
p1_N2_W.23,693.0,71.57,38.0,2,322.98
p1_S2_N2.78,780.0,5.87,0.0,0,149.9
p1_N2_S2.73,730.0,56.83,29.0,2,253.36
p1_E_W.100,720.0,46.36,24.0,2,296.62
p1_E_W.101,728.0,34.27,13.0,2,267.69
p1_E_W.102,735.0,35.16,8.0,2,288.06
p1_E_W.103,742.0,29.94,3.0,2,268.93
p1_N2_S2.74,740.0,43.06,24.0,1,215.06
p1_N2_S2.75,750.0,45.67,23.0,1,231.22
p1_W_E.169,614.0,163.35,55.0,6,477.52
p1_E_N1.25,752.0,18.58,0.0,0,250.58
p1_E_W.104,749.0,10.56,0.0,0,208.78
p1_E_W.105,756.0,24.27,0.0,0,251.85
p1_W_E.170,617.0,158.57,50.0,4,471.6
p1_E_W.106,764.0,19.18,0.0,0,229.33
p1_S1_E.23,693.0,86.49,43.0,3,367.57
p1_N1_S1.77,770.0,37.21,25.0,1,219.42
p1_S1_N1.77,770.0,35.15,23.0,1,211.57
p1_N1_S1.78,780.0,29.39,16.0,1,209.9
p1_W_E.171,623.0,162.08,60.0,7,475.22
p1_N1_S1.79,790.0,21.11,9.0,1,195.47
p1_S1_N1.78,780.0,25.13,14.0,1,187.1
p1_W_E.172,626.0,165.73,58.0,7,491.68
p1_W_S2.17,620.0,154.58,60.0,5,474.93
p1_W_E.173,629.0,164.53,51.0,5,504.35
p1_S1_N1.79,790.0,21.89,7.0,1,192.53
p1_N1_S1.80,800.0,12.1,0.0,0,174.4
p1_W_E.174,634.0,153.77,51.0,5,480.9
p1_W_E.175,650.0,148.45,46.0,5,440.15
p1_N2_S2.76,760.0,62.66,40.0,2,259.5
p1_S2_N2.79,790.0,31.4,20.0,1,211.73
p1_N2_W.24,723.0,67.87,36.0,3,322.36
p1_N2_W.25,753.0,50.4,23.0,2,315.42
p1_S2_N2.80,800.0,22.71,13.0,1,192.92
p1_N2_S2.77,770.0,49.53,28.0,2,234.73
p1_S2_N2.81,810.0,13.51,2.0,1,178.09
p1_E_W.107,771.0,25.15,14.0,1,240.76
p1_N2_S2.78,780.0,47.31,22.0,1,238.33
p1_S2_N2.82,820.0,6.0,0.0,0,150.32
p1_E_W.108,778.0,33.1,11.0,1,258.12
p1_W_E.176,654.0,159.78,56.0,5,482.27
p1_E_N1.26,781.0,22.05,7.0,1,235.25
p1_E_W.109,785.0,22.72,6.0,1,249.76
p1_E_W.110,792.0,20.3,1.0,1,256.98
p1_E_W.111,800.0,8.86,0.0,0,207.02
p1_W_E.177,657.0,149.96,55.0,7,471.04
p1_S1_N1.80,800.0,41.35,26.0,2,228.16
p1_W_E.178,660.0,157.39,54.0,7,481.63
p1_W_E.179,663.0,162.04,51.0,7,478.23
p1_W_S2.18,669.0,155.57,45.0,5,475.0
p1_N1_S1.81,810.0,28.9,19.0,1,199.68
p1_S1_N1.81,810.0,36.04,22.0,1,208.23
p1_W_E.180,666.0,160.8,48.0,5,482.86
p1_N1_S1.82,820.0,24.38,11.0,1,201.63
p1_S1_N1.82,820.0,29.15,15.0,1,207.44
p1_W_E.181,672.0,156.38,40.0,5,479.35
p1_N1_S1.83,830.0,16.96,2.0,1,190.71
p1_N1_S1.84,840.0,5.9,0.0,0,156.53
p1_S1_E.24,723.0,107.21,47.0,4,390.64
p1_S1_E.25,753.0,73.69,20.0,3,359.45
p1_W_E.182,675.0,158.78,52.0,5,512.73
p1_E_W.112,807.0,26.97,12.0,1,239.92
p1_E_N1.27,810.0,24.96,11.0,1,237.04
p1_W_E.183,678.0,157.58,51.0,6,492.26
p1_W_E.184,681.0,156.35,47.0,5,475.73
p1_N2_W.26,783.0,54.18,23.0,2,305.24
p1_W_E.185,684.0,155.12,45.0,5,481.89
p1_W_E.186,691.0,149.87,44.0,6,477.46
p1_E_W.113,814.0,22.03,7.0,1,240.69
p1_E_W.114,821.0,22.98,5.0,1,251.23
p1_E_W.115,828.0,17.87,0.0,0,240.96
p1_E_W.116,836.0,7.06,0.0,0,190.21
p1_S1_N1.83,830.0,42.96,24.0,2,229.5
p1_N1_S1.85,850.0,23.29,12.0,1,197.78
p1_S2_N2.83,830.0,44.28,33.0,1,225.86
p1_W_E.187,695.0,129.42,43.0,7,431.31
p1_N1_S1.86,860.0,15.61,5.0,1,179.59
p1_N2_S2.79,790.0,79.89,59.0,2,280.6
p1_W_E.188,698.0,143.68,40.0,5,448.16
p1_S1_N1.84,840.0,33.45,17.0,1,209.82
p1_W_E.189,701.0,156.29,38.0,5,450.65
p1_S2_N2.84,840.0,32.16,21.0,1,205.36
p1_S2_N2.85,850.0,31.36,16.0,1,206.29
p1_S1_N1.85,850.0,27.7,16.0,1,198.21
p1_N1_S1.87,870.0,6.35,0.0,0,148.98
p1_N2_S2.80,800.0,68.43,51.0,2,264.25
p1_S2_N2.86,860.0,20.85,7.0,1,192.95
p1_N2_S2.81,810.0,69.08,44.0,2,275.18
p1_S2_N2.87,870.0,12.84,0.0,0,189.88
p1_N2_S2.82,820.0,67.11,39.0,2,273.72
p1_S2_N2.88,880.0,5.5,0.0,0,145.17
p1_N2_S2.83,830.0,58.75,35.0,1,265.99
p1_E_N1.28,840.0,19.99,8.0,1,230.03
p1_E_W.117,843.0,24.07,7.0,1,253.73
p1_E_W.118,850.0,18.91,6.0,1,230.0
p1_N2_S2.84,840.0,41.36,28.0,1,221.1
p1_N2_S2.85,850.0,43.57,25.0,1,234.8
p1_W_E.190,704.0,164.83,60.0,8,482.91
p1_W_S2.19,707.0,167.21,56.0,7,474.84
p1_W_E.191,710.0,169.67,54.0,7,479.85
p1_W_E.192,713.0,165.8,51.0,6,480.26
p1_S1_E.26,783.0,97.4,46.0,5,379.19
p1_W_E.193,716.0,170.3,59.0,7,509.33
p1_W_E.194,719.0,169.03,51.0,7,491.55
p1_S1_N1.86,860.0,49.28,32.0,2,245.35
p1_N1_S1.88,880.0,28.47,19.0,1,209.57
p1_S1_N1.87,870.0,41.13,24.0,2,219.97
p1_N1_S1.89,890.0,22.09,10.0,1,199.15
p1_W_E.195,722.0,161.68,51.0,6,482.04
p1_N1_S1.90,900.0,13.75,0.0,0,189.94
p1_W_E.196,725.0,166.32,47.0,6,492.02
p1_W_E.197,728.0,167.17,42.0,7,494.77
p1_S1_N1.88,880.0,34.55,22.0,1,205.86
p1_N2_S2.86,860.0,59.66,39.0,2,256.94
p1_S2_N2.89,890.0,28.31,17.0,1,203.48
p1_N1_S1.91,910.0,6.2,0.0,0,147.03
p1_N2_S2.87,870.0,51.65,29.0,2,246.59
p1_S2_N2.90,900.0,21.67,10.0,1,192.75
p1_S1_N1.89,890.0,23.7,11.0,1,191.87
p1_S2_N2.91,910.0,13.49,0.0,0,190.45
p1_S1_N1.90,900.0,23.99,4.0,1,194.62
p1_N2_S2.88,880.0,46.62,23.0,2,236.28
p1_S2_N2.92,920.0,6.43,0.0,0,150.68
p1_W_E.198,732.0,178.83,52.0,8,514.99
p1_N2_W.27,813.0,85.11,56.0,3,352.47
p1_N2_W.28,843.0,70.37,37.0,2,334.52
p1_W_E.199,736.0,168.18,49.0,7,495.6
p1_E_N1.29,870.0,41.0,17.0,1,295.2
p1_E_W.119,857.0,40.3,21.0,1,278.51
p1_S1_E.27,813.0,106.6,47.0,4,391.9
p1_W_S2.20,742.0,178.12,57.0,6,513.76
p1_E_W.120,864.0,56.26,20.0,1,293.57
p1_W_E.200,739.0,182.15,61.0,6,546.42
p1_W_E.201,745.0,178.05,54.0,6,524.64
p1_E_W.121,873.0,49.19,15.0,1,310.15
p1_E_W.122,879.0,44.88,13.0,1,315.1
p1_E_W.123,886.0,39.68,8.0,1,310.55
p1_E_W.124,893.0,31.12,2.0,1,290.22
p1_E_W.125,900.0,28.75,0.0,0,286.23
p1_E_N1.30,903.0,21.05,0.0,0,263.11
p1_W_E.202,748.0,164.82,52.0,6,496.27
p1_W_E.203,751.0,172.73,47.0,7,490.01
p1_W_E.204,754.0,180.75,49.0,7,507.5
p1_N1_S1.92,920.0,34.57,24.0,1,206.93
p1_S1_N1.91,910.0,44.0,27.0,1,225.48
p1_N1_S1.93,930.0,27.66,17.0,1,202.88
p1_W_E.205,757.0,179.46,45.0,7,508.72
p1_N1_S1.94,940.0,19.32,8.0,1,203.74
p1_S1_E.28,843.0,85.71,34.0,3,367.89
p1_N1_S1.95,950.0,11.11,0.0,0,173.08
p1_W_E.206,760.0,180.24,58.0,9,526.86
p1_S1_N1.92,920.0,33.17,22.0,1,202.09
p1_W_E.207,779.0,162.97,48.0,7,516.38
p1_S1_N1.93,930.0,34.3,16.0,1,216.84
p1_W_E.208,783.0,160.65,47.0,6,510.82
p1_N2_S2.89,890.0,75.11,52.0,2,287.92
p1_S2_N2.93,930.0,35.43,26.0,1,213.79
p1_W_E.209,787.0,151.29,41.0,8,475.01
p1_S2_N2.94,940.0,27.46,15.0,1,194.27
p1_N2_S2.90,900.0,66.27,49.0,2,266.03
p1_E_W.126,908.0,36.85,13.0,1,273.41
p1_N2_W.29,873.0,75.51,40.0,3,355.33
p1_S2_N2.95,950.0,18.87,7.0,1,188.78
p1_E_W.127,915.0,34.06,17.0,2,272.58
p1_S2_N2.96,960.0,8.71,0.0,0,161.19
p1_N2_S2.91,910.0,58.08,39.0,2,244.97
p1_E_W.128,922.0,31.11,10.0,1,274.18
p1_N2_S2.92,920.0,56.52,31.0,1,257.56
p1_S2_N2.97,970.0,6.09,0.0,0,148.01
p1_E_W.129,929.0,26.47,10.0,1,260.75
p1_N2_S2.93,930.0,48.33,30.0,1,238.83
p1_E_N1.31,932.0,25.94,10.0,1,243.29
p1_E_W.130,936.0,23.73,8.0,1,249.23
p1_W_E.210,790.0,171.46,60.0,7,508.26
p1_E_W.131,944.0,17.55,3.0,1,243.94
p1_E_W.132,951.0,12.55,0.0,0,227.33
p1_W_S2.21,793.0,166.81,53.0,9,503.01
p1_W_E.211,796.0,165.3,51.0,8,496.38
p1_S1_N1.94,940.0,51.45,36.0,2,248.01
p1_N1_S1.96,960.0,29.72,19.0,1,201.44
p1_S1_N1.95,950.0,43.4,27.0,2,231.79
p1_N1_S1.97,970.0,24.58,11.0,1,195.52
p1_W_E.212,799.0,159.93,47.0,8,476.14
p1_W_E.213,802.0,173.63,49.0,10,512.27
p1_W_E.214,805.0,165.36,42.0,7,505.07
p1_S1_N1.96,960.0,32.08,19.0,1,194.74
p1_N1_S1.98,980.0,10.06,0.0,0,170.56
p1_S1_E.29,873.0,98.46,42.0,3,390.54
p1_S1_N1.97,970.0,31.21,17.0,1,210.51
p1_S1_E.30,903.0,77.95,17.0,3,372.84
p1_N1_S1.99,990.0,7.5,0.0,0,162.58
p1_S1_N1.98,980.0,22.97,8.0,1,204.04
p1_W_E.215,808.0,174.8,42.0,5,536.3
p1_S1_N1.99,990.0,14.69,0.0,0,189.1
p1_W_E.216,811.0,172.54,42.0,6,539.3
p1_W_E.217,814.0,172.25,40.0,6,516.07
p1_W_E.218,820.0,167.9,37.0,5,515.66
p1_N2_W.30,903.0,85.07,58.0,3,352.71
p1_N2_W.31,933.0,57.31,33.0,2,312.71
p1_S2_N2.98,980.0,32.1,19.0,1,211.29
p1_S2_N2.99,990.0,24.28,13.0,1,195.87
p1_N2_S2.94,940.0,68.87,51.0,2,271.3
p1_N2_S2.95,950.0,66.66,44.0,2,276.46
p1_E_N1.32,961.0,33.5,8.0,1,262.97
p1_S2_N2.100,1000.0,16.23,2.0,1,189.56
p1_N2_S2.96,960.0,58.42,35.0,2,275.48
p1_S2_N2.101,1010.0,8.19,0.0,0,169.1
p1_E_W.133,958.0,26.01,9.0,1,252.45
p1_N2_S2.97,970.0,52.19,24.0,1,243.53
p1_N2_S2.98,980.0,44.39,23.0,1,226.33
p1_E_W.134,965.0,20.83,5.0,1,243.23
p1_E_W.135,972.0,33.61,5.0,1,264.31
p1_E_N1.33,990.0,15.39,0.0,0,239.73
p1_W_E.219,824.0,184.06,52.0,6,522.93
p1_E_W.136,980.0,17.48,0.0,0,236.64
p1_E_W.137,987.0,21.36,0.0,0,238.64
p1_W_E.220,827.0,183.23,54.0,6,514.76
p1_W_S2.22,830.0,182.54,49.0,7,520.19
p1_S1_N1.100,1000.0,34.06,20.0,1,205.64
p1_N1_S1.100,1000.0,27.71,17.0,1,198.72
p1_N1_S1.101,1010.0,24.43,11.0,1,200.85
p1_W_E.221,833.0,176.36,45.0,7,520.89
p1_S1_N1.101,1010.0,23.53,12.0,1,191.25
p1_N1_S1.102,1020.0,19.08,3.0,1,202.67
p1_S1_N1.102,1020.0,18.14,4.0,1,185.99
p1_W_E.222,836.0,184.36,46.0,6,527.83
p1_W_E.223,839.0,182.99,43.0,6,531.33
p1_S1_N1.103,1030.0,13.94,0.0,0,183.72
p1_S1_E.31,933.0,90.71,41.0,3,373.29
p1_W_E.224,842.0,183.54,53.0,6,544.59
p1_N1_S1.103,1030.0,6.8,0.0,0,148.4
p1_W_E.225,845.0,182.25,51.0,7,548.91
p1_N1_S1.104,1040.0,9.64,0.0,0,163.9
p1_W_E.226,848.0,175.31,50.0,6,525.83
p1_E_W.138,994.0,30.97,18.0,1,251.25
p1_S2_N2.102,1020.0,31.49,21.0,1,205.53
p1_S2_N2.103,1030.0,25.04,11.0,1,208.35
p1_N2_S2.99,990.0,56.59,39.0,2,253.23
p1_N2_S2.100,1000.0,60.96,33.0,2,264.29
p1_S2_N2.104,1040.0,11.46,1.0,1,169.08
p1_S2_N2.105,1050.0,10.69,0.0,0,168.2
p1_N2_W.32,963.0,49.94,24.0,1,295.65
p1_E_N1.34,1020.0,22.51,2.0,1,246.44
p1_E_W.139,1001.0,39.9,18.0,1,267.88
p1_N2_S2.101,1010.0,43.04,22.0,2,220.42
p1_E_W.140,1008.0,20.02,6.0,1,242.78
p1_N2_S2.102,1020.0,46.09,20.0,1,227.33
p1_E_W.141,1016.0,31.38,6.0,1,256.2
p1_E_W.142,1023.0,26.08,1.0,1,274.03
p1_E_W.143,1030.0,20.87,0.0,0,270.35
p1_E_W.144,1037.0,15.6,0.0,0,232.23
p1_S1_N1.104,1040.0,39.68,26.0,1,218.26
p1_W_S2.23,870.0,187.34,47.0,6,520.43
p1_N1_S1.105,1050.0,24.92,14.0,1,194.74
p1_W_E.227,851.0,179.88,63.0,9,523.11
p1_N1_S1.106,1060.0,22.61,8.0,1,196.54
p1_W_E.228,854.0,208.51,57.0,8,532.61
p1_S1_N1.105,1050.0,29.11,17.0,1,198.26
p1_W_E.229,857.0,207.14,53.0,6,532.9
p1_N1_S1.107,1070.0,12.9,0.0,0,198.03
p1_S1_N1.106,1060.0,25.4,11.0,1,194.83
p1_N1_S1.108,1080.0,6.64,0.0,0,159.08
p1_W_E.230,867.0,184.6,49.0,6,545.58
p1_S1_N1.107,1070.0,18.23,3.0,1,182.23
p1_W_E.231,873.0,195.04,46.0,6,547.05
p1_S1_E.32,963.0,106.44,44.0,4,430.92
p1_W_E.232,876.0,190.04,57.0,6,535.06
p1_S1_N1.108,1080.0,6.67,0.0,0,156.68
p1_W_E.233,879.0,194.37,54.0,7,531.97
p1_W_E.234,882.0,193.07,51.0,7,534.16
p1_N2_S2.103,1030.0,68.61,50.0,2,255.96
p1_W_E.235,885.0,185.58,51.0,7,539.71
p1_N2_W.33,993.0,79.29,49.0,3,351.97
p1_W_E.236,888.0,190.98,50.0,8,536.37
p1_N2_W.34,1023.0,53.83,26.0,2,307.27
p1_N2_S2.104,1040.0,60.58,39.0,2,259.43
p1_E_W.145,1044.0,36.78,17.0,1,289.32
p1_N2_S2.105,1050.0,50.65,29.0,2,240.7
p1_S2_N2.106,1060.0,34.5,23.0,1,211.3
p1_S2_N2.107,1070.0,34.74,19.0,1,215.96
p1_E_W.146,1053.0,32.02,6.0,1,252.97
p1_S2_N2.108,1080.0,26.46,11.0,1,206.35
p1_E_W.147,1059.0,27.72,3.0,1,262.9
p1_S2_N2.109,1090.0,15.76,0.0,0,184.84
p1_E_N1.35,1050.0,25.83,6.0,1,259.58
p1_N2_S2.106,1060.0,45.39,26.0,1,234.64
p1_S2_N2.110,1100.0,7.03,0.0,0,150.36
p1_E_W.148,1066.0,22.02,0.0,0,249.08
p1_N2_S2.107,1070.0,41.63,24.0,1,216.7
p1_E_W.149,1073.0,18.55,0.0,0,246.56
p1_E_W.150,1080.0,13.29,0.0,0,226.04
p1_N2_S2.108,1080.0,27.4,13.0,1,199.09
p1_N1_S1.109,1090.0,30.12,19.0,1,206.44
p1_W_E.237,891.0,192.94,66.0,9,534.75
p1_N1_S1.110,1100.0,21.87,9.0,1,198.87
p1_S1_N1.109,1090.0,31.82,20.0,1,211.32
p1_N1_S1.111,1110.0,10.74,0.0,0,173.98
p1_N1_S1.112,1120.0,7.8,0.0,0,158.93
p1_W_E.238,894.0,186.77,60.0,9,526.02
p1_W_S2.24,907.0,190.04,52.0,7,507.31
p1_W_E.239,897.0,208.82,55.0,7,541.88
p1_S1_N1.110,1100.0,20.7,7.0,1,197.56
p1_W_E.240,900.0,210.92,53.0,6,535.42
p1_E_W.151,1088.0,24.16,10.0,1,247.11
p1_S1_N1.111,1110.0,12.24,0.0,0,167.61
p1_S1_E.33,993.0,119.74,47.0,4,413.85
p1_E_N1.36,1083.0,29.95,11.0,1,256.27
p1_S1_E.34,1023.0,75.15,24.0,3,345.45
p1_W_E.241,911.0,190.28,57.0,7,535.28
p1_N2_W.35,1053.0,57.76,26.0,1,312.38
p1_E_W.152,1095.0,22.93,10.0,1,241.2
p1_W_E.242,914.0,204.65,56.0,6,540.47
p1_E_W.153,1102.0,17.74,5.0,1,231.27
p1_W_E.243,917.0,203.51,52.0,7,550.36
p1_W_E.244,920.0,202.14,49.0,6,544.92
p1_E_W.154,1109.0,12.53,1.0,1,231.16
p1_W_E.245,923.0,189.2,45.0,7,541.86
p1_W_E.246,928.0,198.0,44.0,6,544.33
p1_W_E.247,942.0,185.68,41.0,6,513.09
p1_E_N1.37,1112.0,11.47,0.0,0,225.69
p1_W_E.248,946.0,165.68,38.0,6,479.09
p1_E_W.155,1116.0,7.92,0.0,0,206.0
p1_W_E.249,949.0,174.28,37.0,6,477.24
p1_S2_N2.111,1110.0,44.07,32.0,1,223.85
p1_W_E.250,952.0,175.55,36.0,6,495.07
p1_N1_S1.113,1130.0,25.62,14.0,1,201.66
p1_S2_N2.112,1120.0,36.46,25.0,1,219.31
p1_N2_S2.109,1090.0,65.58,45.0,2,263.61
p1_N2_S2.110,1100.0,58.66,37.0,2,255.16
p1_S2_N2.113,1130.0,28.14,17.0,1,201.91
p1_N1_S1.114,1140.0,17.07,6.0,1,185.5
p1_N1_S1.115,1150.0,9.72,0.0,0,176.33
p1_S2_N2.114,1140.0,20.23,8.0,1,187.76
p1_N2_S2.111,1110.0,47.78,34.0,1,224.18
p1_S2_N2.115,1150.0,10.11,0.0,0,164.3
p1_S1_N1.112,1120.0,43.45,21.0,1,224.86
p1_S2_N2.116,1160.0,5.7,0.0,0,151.0
p1_N2_S2.112,1120.0,41.04,28.0,1,220.33
p1_N2_S2.113,1130.0,39.76,24.0,1,232.21
p1_S1_N1.113,1130.0,30.71,14.0,1,200.14
p1_N1_S1.116,1160.0,5.74,0.0,0,153.61
p1_S1_N1.114,1140.0,32.16,9.0,1,214.4
p1_S1_E.35,1053.0,99.87,42.0,4,387.29
p1_S1_N1.115,1150.0,24.03,2.0,1,198.17
p1_W_S2.25,955.0,186.7,52.0,7,519.11
p1_W_E.251,958.0,192.43,61.0,7,520.82
p1_E_W.156,1124.0,31.36,20.0,1,248.83
p1_W_E.252,965.0,190.53,58.0,7,518.78
p1_E_W.157,1131.0,28.39,14.0,1,254.78
p1_W_E.253,974.0,187.55,55.0,6,521.74
p1_E_W.158,1138.0,23.21,10.0,1,238.47
p1_E_N1.38,1141.0,21.92,9.0,1,236.97
p1_W_E.254,977.0,186.38,51.0,6,523.91
p1_W_E.255,981.0,180.09,52.0,5,509.63
p1_N2_W.36,1083.0,80.33,53.0,3,360.82
p1_W_E.256,984.0,182.82,49.0,5,520.77
p1_N2_W.37,1113.0,54.26,33.0,1,298.83
p1_W_E.257,987.0,179.59,49.0,7,511.94
p1_W_E.258,990.0,176.21,45.0,6,501.23
p1_W_E.259,993.0,179.27,46.0,8,489.81
p1_S1_E.36,1083.0,84.62,39.0,3,354.02
p1_W_E.260,996.0,179.59,55.0,7,520.81
p1_W_S2.26,999.0,178.62,51.0,7,522.94
p1_W_E.261,1002.0,177.63,50.0,7,518.83
p1_S1_N1.116,1160.0,41.41,23.0,1,222.75
p1_W_E.262,1017.0,164.67,48.0,7,491.62
p1_N1_S1.117,1170.0,30.97,20.0,1,201.83
p1_S1_N1.117,1170.0,33.28,21.0,1,208.06
p1_W_E.263,1021.0,160.48,45.0,7,486.61
p1_N1_S1.118,1180.0,24.88,11.0,1,205.22
p1_N1_S1.119,1190.0,16.53,3.0,1,200.31
p1_S1_N1.118,1180.0,27.99,14.0,1,197.66
p1_N1_S1.120,1200.0,8.29,0.0,0,166.74
p1_N2_S2.114,1140.0,70.35,51.0,2,278.33
p1_S2_N2.117,1170.0,41.16,29.0,1,220.12
p1_S2_N2.118,1180.0,33.08,20.0,1,211.78
p1_E_W.159,1145.0,44.57,27.0,2,279.57
p1_S2_N2.119,1190.0,23.2,10.0,1,196.58
p1_S2_N2.120,1200.0,17.58,5.0,1,189.05
p1_E_W.160,1152.0,44.7,24.0,2,289.98
p1_S2_N2.121,1210.0,9.26,0.0,0,182.19
p1_E_W.161,1160.0,31.41,13.0,2,263.48
p1_E_W.162,1167.0,33.75,11.0,1,271.69
p1_N2_S2.115,1150.0,56.25,36.0,1,245.15
p1_E_N1.39,1170.0,31.19,10.0,1,273.09
p1_E_W.163,1174.0,29.07,10.0,1,259.2
p1_N2_S2.116,1160.0,61.25,36.0,1,262.64
p1_E_W.164,1181.0,24.13,9.0,1,244.93
p1_N2_S2.117,1170.0,50.21,34.0,1,240.54
p1_N2_S2.118,1180.0,47.12,29.0,1,243.32
p1_W_E.264,1024.0,180.63,61.0,7,525.43
p1_E_W.165,1188.0,12.94,0.0,0,219.56
p1_W_E.265,1027.0,178.99,55.0,9,501.92
p1_E_W.166,1196.0,15.79,0.0,0,230.55
p1_N1_S1.121,1210.0,26.73,17.0,1,197.01
p1_S1_N1.119,1190.0,47.45,29.0,2,236.34
p1_W_E.266,1030.0,172.57,54.0,7,489.84
p1_N1_S1.122,1220.0,19.46,7.0,1,193.74
p1_W_E.267,1033.0,178.35,47.0,7,500.24
p1_N1_S1.123,1230.0,11.44,0.0,0,177.74
p1_S1_E.37,1113.0,108.1,43.0,3,393.82
p1_S1_N1.120,1200.0,35.54,21.0,1,203.64
p1_S1_E.38,1143.0,79.93,26.0,3,358.47
p1_S1_N1.121,1210.0,35.03,20.0,1,228.26
p1_W_E.268,1036.0,187.22,63.0,8,550.91
p1_S1_N1.122,1220.0,26.78,12.0,1,208.09
p1_N1_S1.124,1240.0,6.07,0.0,0,153.12
p1_W_S2.27,1045.0,180.41,58.0,8,510.03
p1_W_E.269,1039.0,187.48,63.0,7,543.85
p1_W_E.270,1042.0,183.46,59.0,8,547.89
p1_N2_S2.119,1190.0,61.31,40.0,2,264.96
p1_S1_N1.123,1230.0,14.28,1.0,1,178.28
p1_S2_N2.122,1220.0,31.89,20.0,1,209.81
p1_N2_S2.120,1200.0,53.25,30.0,2,244.05
p1_S2_N2.123,1230.0,23.55,12.0,1,189.25
p1_S2_N2.124,1240.0,15.31,2.0,1,183.26
p1_N2_W.38,1143.0,89.84,64.0,3,363.15
p1_N2_W.39,1173.0,61.71,39.0,2,321.93
p1_E_N1.40,1200.0,35.74,17.0,2,273.74
p1_N2_S2.121,1210.0,45.54,22.0,2,235.08
p1_S2_N2.125,1250.0,5.4,0.0,0,153.19
p1_E_W.167,1203.0,36.11,16.0,1,268.96
p1_N2_S2.122,1220.0,42.98,20.0,1,230.66
p1_E_W.168,1210.0,33.12,11.0,1,272.89
p1_N2_S2.123,1230.0,34.65,17.0,1,224.4
p1_E_W.169,1217.0,27.98,5.0,1,265.35
p1_W_E.271,1057.0,191.06,74.0,8,527.72
p1_W_E.272,1060.0,189.93,69.0,8,516.85
p1_E_W.170,1224.0,16.98,0.0,0,232.91
p1_W_E.273,1063.0,188.7,66.0,9,522.07
p1_E_W.171,1233.0,18.58,0.0,0,229.94
p1_W_E.274,1066.0,184.46,69.0,10,523.64
p1_E_N1.41,1230.0,10.39,0.0,0,216.23
p1_W_E.275,1069.0,181.11,60.0,9,511.8
p1_W_E.276,1072.0,179.43,57.0,9,505.97
p1_S1_E.39,1173.0,86.13,38.0,3,359.97
p1_S1_N1.124,1240.0,42.26,26.0,1,224.16
p1_N1_S1.125,1250.0,33.85,22.0,1,209.21
p1_N1_S1.126,1260.0,25.65,14.0,1,198.32
p1_W_E.277,1075.0,184.23,69.0,9,526.48
p1_S1_N1.125,1250.0,34.48,23.0,1,217.66
p1_N1_S1.127,1270.0,17.58,6.0,1,185.75
p1_W_E.278,1078.0,187.83,65.0,10,525.82
p1_S1_N1.126,1260.0,28.49,15.0,1,212.02
p1_W_E.279,1082.0,185.92,62.0,10,528.68
p1_N1_S1.128,1280.0,7.72,0.0,0,159.65
p1_W_E.280,1098.0,171.66,57.0,7,508.07
p1_W_S2.28,1101.0,168.96,53.0,10,493.17
p1_N2_W.40,1203.0,71.22,40.0,3,336.65
p1_N2_S2.124,1240.0,57.68,37.0,2,247.49
p1_N2_S2.125,1250.0,49.46,29.0,2,238.29
p1_S2_N2.126,1260.0,35.17,24.0,1,204.32
p1_N2_S2.126,1260.0,41.18,25.0,1,214.98
p1_N2_W.41,1233.0,35.99,15.0,2,279.72
p1_S2_N2.127,1270.0,25.76,15.0,1,196.15
p1_E_W.172,1239.0,37.84,18.0,2,287.83
p1_S2_N2.128,1280.0,23.94,9.0,1,193.12
p1_E_W.173,1246.0,38.33,14.0,1,311.42
p1_S2_N2.129,1290.0,16.77,0.0,0,190.87
p1_E_W.174,1253.0,30.98,7.0,1,295.13
p1_E_N1.42,1263.0,23.61,3.0,1,251.95
p1_S2_N2.130,1300.0,7.08,0.0,0,158.83
p1_E_W.175,1260.0,27.73,4.0,1,295.85
p1_N2_S2.127,1270.0,31.66,18.0,1,197.96
p1_N2_S2.128,1280.0,25.37,12.0,1,201.4
p1_N2_S2.129,1290.0,24.74,7.0,1,203.91
p1_N1_S1.129,1290.0,24.88,12.0,1,196.58
p1_S1_N1.127,1270.0,46.6,29.0,2,234.81
p1_N1_S1.130,1300.0,16.77,6.0,1,191.6
p1_W_E.281,1104.0,187.14,66.0,8,537.4
p1_W_E.282,1107.0,189.73,67.0,10,535.86
p1_N1_S1.131,1310.0,8.84,0.0,0,172.95
p1_W_E.283,1110.0,189.16,62.0,9,529.61
p1_W_E.284,1113.0,187.63,61.0,8,529.33
p1_W_E.285,1116.0,185.09,59.0,9,540.61
p1_S1_E.40,1203.0,101.42,49.0,4,405.31
p1_E_W.176,1268.0,37.53,13.0,1,278.84
p1_E_W.177,1275.0,32.38,13.0,1,261.41
p1_S1_N1.128,1280.0,28.99,15.0,1,201.46
p1_S1_N1.129,1290.0,34.69,14.0,1,204.7
p1_S1_E.41,1233.0,63.65,23.0,2,329.67
p1_E_W.178,1282.0,27.54,12.0,1,244.31
p1_W_E.286,1119.0,181.26,66.0,8,530.44
p1_N2_W.42,1263.0,48.78,25.0,1,287.38
p1_W_E.287,1122.0,180.96,62.0,7,529.03
p1_W_E.288,1125.0,187.43,59.0,8,540.34
p1_W_E.289,1138.0,177.86,54.0,6,521.07
p1_E_W.179,1289.0,27.34,14.0,1,242.17
p1_W_E.290,1141.0,177.02,55.0,7,513.23
p1_W_E.291,1147.0,172.82,52.0,7,511.42
p1_W_S2.29,1144.0,169.03,55.0,6,510.55
p1_N1_S1.132,1320.0,25.53,14.0,1,198.55
p1_W_E.292,1150.0,167.27,48.0,6,487.63
p1_W_E.293,1153.0,173.16,45.0,6,494.56
p1_S1_N1.130,1300.0,47.36,30.0,2,232.97
p1_N1_S1.133,1330.0,17.83,6.0,1,190.83
p1_W_E.294,1156.0,165.21,46.0,6,483.15
p1_S2_N2.131,1310.0,43.33,32.0,1,224.92
p1_S2_N2.132,1320.0,35.71,23.0,1,211.39
p1_N2_S2.130,1300.0,54.37,37.0,1,249.21
p1_S2_N2.133,1330.0,27.46,16.0,1,201.13
p1_N2_S2.131,1310.0,48.1,33.0,1,241.16
p1_N1_S1.134,1340.0,5.97,0.0,0,146.46
p1_E_W.180,1296.0,42.98,15.0,2,280.0
p1_N2_S2.132,1320.0,36.82,26.0,1,216.54
p1_E_W.181,1304.0,36.86,13.0,2,272.01
p1_S1_N1.131,1310.0,28.57,16.0,1,196.43
p1_N2_S2.133,1330.0,33.43,22.0,1,215.96
p1_S2_N2.134,1340.0,16.12,5.0,1,188.11
p1_E_W.182,1311.0,31.83,6.0,1,264.79
p1_S1_N1.132,1320.0,36.62,16.0,1,212.81
p1_N2_S2.134,1340.0,25.17,11.0,1,199.43
p1_S2_N2.135,1350.0,14.91,0.0,0,186.61
p1_E_N1.43,1292.0,34.15,15.0,2,262.2
p1_S2_N2.136,1360.0,6.55,0.0,0,154.26
p1_E_W.183,1318.0,23.48,5.0,1,245.84
p1_E_N1.44,1321.0,26.09,5.0,1,247.55
p1_W_E.295,1159.0,190.51,58.0,6,537.35
p1_W_E.296,1162.0,190.41,56.0,7,523.84
p1_S1_E.42,1263.0,90.91,42.0,4,380.26
p1_E_W.184,1325.0,16.6,1.0,1,226.33
p1_S1_N1.133,1330.0,46.12,25.0,2,239.78
p1_W_E.297,1165.0,190.86,59.0,6,548.98
p1_N1_S1.135,1350.0,26.17,15.0,1,199.62
p1_W_E.298,1168.0,189.49,60.0,8,546.32
p1_N1_S1.136,1360.0,19.23,6.0,1,195.72
p1_S1_N1.134,1340.0,36.82,16.0,2,223.9
p1_N1_S1.137,1370.0,11.09,0.0,0,180.07
p1_S1_N1.135,1350.0,26.97,15.0,1,193.39
p1_W_E.299,1184.0,168.59,55.0,6,520.35
p1_W_E.300,1187.0,178.17,49.0,5,507.32
p1_W_S2.30,1190.0,174.59,49.0,5,518.15
p1_E_W.185,1332.0,35.72,12.0,1,265.12
p1_W_E.301,1193.0,167.44,49.0,5,503.21
p1_W_E.302,1197.0,171.99,46.0,5,509.69
p1_E_W.186,1340.0,27.58,10.0,1,248.73
p1_W_E.303,1200.0,167.88,55.0,6,517.89
p1_N2_W.43,1293.0,79.91,53.0,3,350.3
p1_W_E.304,1203.0,171.68,54.0,8,502.3
p1_N2_W.44,1323.0,51.65,28.0,2,311.32
p1_W_E.305,1206.0,170.44,50.0,8,509.12
p1_E_W.187,1347.0,29.41,14.0,1,273.05
p1_W_E.306,1210.0,166.84,46.0,8,501.2
p1_W_E.307,1220.0,158.85,41.0,8,484.93
p1_E_N1.45,1350.0,28.71,11.0,1,270.35
p1_E_W.188,1354.0,26.4,8.0,1,262.31
p1_W_E.308,1224.0,157.77,41.0,7,499.94
p1_W_E.309,1227.0,153.79,39.0,7,486.68
p1_S1_E.43,1293.0,88.1,43.0,3,385.94
p1_S1_N1.136,1360.0,47.93,31.0,2,241.78
p1_N2_S2.135,1350.0,59.73,44.0,2,254.16
p1_N1_S1.138,1380.0,25.38,14.0,1,192.69
p1_S1_N1.137,1370.0,37.26,19.0,1,224.52
p1_N1_S1.139,1390.0,21.89,7.0,1,192.01
p1_N2_S2.136,1360.0,53.55,36.0,1,249.17
p1_N1_S1.140,1400.0,13.56,0.0,0,181.83
p1_S1_N1.138,1380.0,32.32,19.0,1,213.42
p1_N2_S2.137,1370.0,45.39,32.0,1,229.65
p1_S2_N2.137,1370.0,33.81,22.0,1,207.35
p1_N1_S1.141,1410.0,5.76,0.0,0,152.77
p1_S2_N2.138,1380.0,33.59,18.0,1,209.12
p1_N2_S2.138,1380.0,36.98,24.0,1,219.81
p1_S2_N2.139,1390.0,29.13,10.0,1,213.67
p1_S1_N1.139,1390.0,22.8,9.0,1,193.15
p1_S2_N2.140,1400.0,20.38,4.0,1,195.76
p1_S1_N1.140,1400.0,18.55,3.0,1,187.69
p1_S2_N2.141,1410.0,12.68,0.0,0,188.75
p1_S1_N1.141,1410.0,14.02,0.0,0,198.67
p1_S1_E.44,1323.0,82.34,41.0,3,363.3
p1_W_E.310,1230.0,177.64,67.0,9,507.86
p1_W_S2.31,1233.0,177.02,61.0,9,507.62
p1_E_W.189,1361.0,30.45,15.0,1,256.62
p1_E_N1.46,1380.0,29.67,13.0,1,258.95
p1_E_W.190,1368.0,44.55,15.0,1,279.71
p1_E_W.191,1376.0,35.65,14.0,1,259.07
p1_E_W.192,1383.0,20.86,4.0,1,229.88
p1_W_E.311,1236.0,164.53,56.0,7,499.0
p1_E_W.193,1390.0,29.47,4.0,1,252.37
p1_W_E.312,1239.0,177.49,55.0,7,498.22
p1_E_W.194,1397.0,22.6,3.0,1,243.12
p1_W_E.313,1242.0,180.89,54.0,8,498.82
p1_N2_W.45,1353.0,69.58,40.0,2,342.38
p1_W_E.314,1246.0,178.81,51.0,7,506.47
p1_W_E.315,1266.0,156.69,41.0,7,498.52
p1_S1_E.45,1353.0,72.89,28.0,3,365.24
p1_N2_W.46,1383.0,35.24,19.0,1,264.08
p1_W_E.316,1270.0,160.24,43.0,6,502.34
p1_W_E.317,1273.0,158.95,38.0,7,497.87
p1_N1_S1.142,1420.0,33.25,22.0,1,204.98
p1_W_E.318,1276.0,153.15,38.0,6,488.25
p1_S1_N1.142,1420.0,35.53,22.0,1,214.62
p1_N1_S1.143,1430.0,25.09,14.0,1,199.0
p1_W_E.319,1279.0,156.5,36.0,6,482.76
p1_W_E.320,1282.0,155.27,35.0,7,492.36
p1_W_S2.32,1285.0,145.69,34.0,7,464.24
p1_S1_N1.143,1430.0,25.91,13.0,1,201.4
p1_N1_S1.144,1440.0,14.68,4.0,1,188.45
p1_S2_N2.142,1420.0,40.57,30.0,1,220.79
p1_S1_N1.144,1440.0,20.58,6.0,1,192.03
p1_N2_S2.139,1390.0,71.36,52.0,2,276.06
p1_N2_S2.140,1400.0,62.98,42.0,2,269.1
p1_S2_N2.143,1430.0,31.7,21.0,1,210.05
p1_N1_S1.145,1450.0,6.13,0.0,0,153.27
p1_S2_N2.144,1440.0,23.32,13.0,1,195.52
p1_N2_S2.141,1410.0,51.85,33.0,1,247.0
p1_N2_S2.142,1420.0,48.24,32.0,1,232.86
p1_S2_N2.145,1450.0,15.24,3.0,1,179.58
p1_S2_N2.146,1460.0,9.45,0.0,0,173.94
p1_E_N1.47,1410.0,32.66,12.0,2,263.59
p1_E_W.195,1404.0,32.16,16.0,2,256.96
p1_E_W.196,1413.0,39.06,11.0,2,282.53
p1_N2_S2.143,1430.0,36.64,23.0,1,212.76
p1_N2_S2.144,1440.0,35.97,19.0,1,220.98
p1_E_W.197,1419.0,25.81,5.0,1,253.33
p1_W_E.321,1288.0,168.92,48.0,6,499.8
p1_E_W.198,1426.0,31.72,4.0,1,258.24
p1_S1_E.46,1383.0,75.51,40.0,3,344.42
p1_E_W.199,1433.0,18.44,3.0,1,237.06
p1_W_E.322,1291.0,169.92,51.0,6,503.46
p1_E_N1.48,1443.0,17.48,0.0,0,235.69
p1_E_W.200,1440.0,19.06,0.0,0,240.44
p1_W_E.323,1294.0,168.71,48.0,6,497.4
p1_W_E.324,1302.0,162.88,42.0,7,484.86
p1_W_E.325,1305.0,158.75,41.0,6,482.15
p1_W_E.326,1308.0,158.57,36.0,6,478.98
p1_S1_N1.145,1450.0,35.89,22.0,1,222.52
p1_N1_S1.146,1460.0,25.54,15.0,1,197.38
p1_W_E.327,1311.0,157.62,36.0,6,475.85
p1_S1_N1.146,1460.0,33.93,20.0,1,222.39
p1_N1_S1.147,1470.0,24.69,10.0,1,198.71
p1_S1_N1.147,1470.0,25.61,11.0,1,210.61
p1_W_E.328,1314.0,160.34,33.0,6,501.71
p1_N1_S1.148,1480.0,12.52,0.0,0,191.98
p1_W_E.329,1317.0,159.08,33.0,6,490.32
p1_W_E.330,1320.0,155.14,32.0,8,471.11
p1_W_S2.33,1323.0,156.08,31.0,7,471.12
p1_S1_N1.148,1480.0,15.22,2.0,1,183.25
p1_S1_N1.149,1490.0,13.36,0.0,0,178.36
p1_N2_W.47,1413.0,72.74,46.0,2,336.31
p1_N1_S1.149,1490.0,5.88,0.0,0,147.72
p1_N2_S2.145,1450.0,57.93,38.0,2,254.98
p1_N2_S2.146,1460.0,51.59,29.0,2,259.62
p1_S2_N2.147,1470.0,31.83,21.0,1,210.13
p1_S2_N2.148,1480.0,32.91,17.0,1,218.68
p1_E_W.201,1448.0,32.01,15.0,1,259.87
p1_S2_N2.149,1490.0,24.58,8.0,1,203.3
p1_E_W.202,1455.0,32.37,10.0,1,277.34
p1_N2_S2.147,1470.0,38.93,25.0,1,213.33
p1_S2_N2.150,1500.0,14.15,0.0,0,190.61
p1_E_N1.49,1472.0,24.11,1.0,1,267.51
p1_E_W.203,1462.0,33.7,8.0,1,284.05
p1_E_W.204,1469.0,29.29,3.0,1,278.97
p1_E_W.205,1476.0,22.24,0.0,0,279.26
p1_N2_S2.148,1480.0,35.78,22.0,1,216.33
p1_E_W.206,1484.0,12.77,0.0,0,231.76
p1_W_E.331,1326.0,175.09,46.0,8,512.3
p1_W_E.332,1329.0,175.35,47.0,10,511.2
p1_E_W.207,1491.0,7.43,0.0,0,190.78
p1_W_E.333,1343.0,165.83,39.0,6,489.26
p1_S1_E.47,1413.0,96.87,53.0,3,398.94
p1_S1_E.48,1443.0,69.29,29.0,3,359.69
p1_W_E.334,1347.0,167.06,46.0,5,491.21
p1_N1_S1.150,1500.0,35.43,24.0,1,209.49
p1_S1_N1.150,1500.0,34.96,26.0,1,217.99
p1_W_E.335,1350.0,165.78,42.0,6,502.25
p1_N1_S1.151,1510.0,26.79,15.0,1,200.04
p1_W_E.336,1353.0,163.74,40.0,5,487.56
p1_N1_S1.152,1520.0,19.24,7.0,1,194.92
p1_W_E.337,1356.0,159.51,39.0,5,469.72
p1_S1_N1.151,1510.0,28.01,14.0,1,205.76
p1_W_E.338,1359.0,162.44,37.0,5,479.88
p1_N1_S1.153,1530.0,7.87,0.0,0,158.97
p1_S1_N1.152,1520.0,18.92,6.0,1,186.27
p1_N2_S2.149,1490.0,54.14,35.0,2,246.15
p1_N2_W.48,1443.0,78.01,53.0,3,348.11
p1_N2_S2.150,1500.0,51.43,30.0,2,245.11
p1_N2_W.49,1473.0,57.46,31.0,2,324.2
p1_N2_S2.151,1510.0,43.26,21.0,1,234.13
p1_E_W.208,1498.0,35.17,14.0,1,292.38
p1_E_N1.50,1501.0,32.26,12.0,1,269.1
p1_N2_S2.152,1520.0,35.5,20.0,1,210.28
p1_S2_N2.151,1510.0,30.31,18.0,1,200.17
p1_E_W.209,1505.0,30.86,12.0,1,269.29
p1_S2_N2.152,1520.0,37.96,16.0,1,219.9
p1_N2_S2.153,1530.0,25.18,11.0,1,190.82
p1_S2_N2.153,1530.0,23.29,6.0,1,198.57
p1_E_W.210,1512.0,21.99,5.0,1,250.26
p1_S2_N2.154,1540.0,13.4,0.0,0,190.94
p1_E_W.211,1520.0,21.18,0.0,0,261.59
p1_S2_N2.155,1550.0,13.29,0.0,0,182.93
p1_E_W.212,1527.0,7.71,0.0,0,201.4
p1_E_N1.51,1530.0,14.36,0.0,0,234.1
p1_W_S2.34,1368.0,180.65,45.0,5,486.15
p1_N1_S1.154,1540.0,31.74,19.0,1,209.05
p1_W_E.339,1362.0,172.69,54.0,5,496.36
p1_W_E.340,1365.0,187.12,47.0,5,510.81
p1_N1_S1.155,1550.0,23.76,13.0,1,193.54
p1_W_E.341,1371.0,182.14,43.0,5,499.65
p1_S1_N1.153,1530.0,38.35,24.0,1,217.26
p1_N1_S1.156,1560.0,15.66,4.0,1,182.0
p1_S1_N1.154,1540.0,36.63,22.0,1,215.92
p1_W_E.342,1374.0,181.79,40.0,5,501.69
p1_N1_S1.157,1570.0,7.46,0.0,0,163.84
p1_S1_E.49,1473.0,75.58,29.0,3,343.91
p1_W_E.343,1377.0,183.07,51.0,5,499.37
p1_S1_N1.155,1550.0,23.62,12.0,1,187.09
p1_W_E.344,1384.0,177.78,46.0,5,506.79
p1_E_W.213,1534.0,28.97,13.0,1,255.69
p1_W_E.345,1387.0,172.91,45.0,7,515.65
p1_W_E.346,1390.0,175.33,46.0,5,512.35
p1_W_E.347,1393.0,174.04,40.0,5,516.46
p1_N2_W.50,1503.0,58.72,29.0,3,308.28
p1_N2_W.51,1533.0,35.34,11.0,1,290.78
p1_W_E.348,1396.0,162.33,42.0,6,464.38
p1_E_W.214,1541.0,29.09,13.0,1,281.67
p1_W_E.349,1399.0,172.71,39.0,6,489.71
p1_W_S2.35,1416.0,155.84,38.0,5,466.48
p1_W_E.350,1405.0,165.16,37.0,5,473.25
p1_W_E.351,1419.0,156.24,34.0,6,463.06
p1_E_W.215,1548.0,17.89,6.0,1,232.17
p1_E_W.216,1556.0,20.99,3.0,1,252.8
p1_W_E.352,1422.0,144.49,35.0,5,440.47
p1_S1_N1.156,1560.0,43.34,26.0,2,232.21
p1_W_E.353,1425.0,158.12,31.0,5,453.92
p1_N1_S1.158,1580.0,19.44,9.0,1,188.21
p1_S1_E.50,1503.0,70.93,30.0,3,345.91
p1_N1_S1.159,1590.0,12.01,1.0,1,174.55
p1_W_E.354,1428.0,156.61,33.0,4,476.74
p1_S1_N1.157,1570.0,35.65,17.0,1,213.54
p1_S2_N2.156,1560.0,47.01,35.0,1,229.11
p1_N1_S1.160,1600.0,7.89,0.0,0,151.96
p1_S1_N1.158,1580.0,29.52,16.0,1,215.65
p1_N2_S2.154,1540.0,66.67,48.0,2,263.52
p1_S2_N2.157,1570.0,41.57,29.0,1,222.96
p1_N2_S2.155,1550.0,57.97,41.0,1,253.59
p1_N2_S2.156,1560.0,49.3,39.0,1,235.58
p1_S2_N2.158,1580.0,28.22,16.0,1,201.4
p1_E_W.217,1563.0,33.03,12.0,1,262.93
p1_S2_N2.159,1590.0,28.32,12.0,1,212.1
p1_N2_S2.157,1570.0,45.33,32.0,1,229.25
p1_E_N1.52,1560.0,25.09,13.0,1,239.33
p1_E_W.218,1570.0,26.6,10.0,1,241.62
p1_S2_N2.160,1600.0,15.4,1.0,1,182.78
p1_N2_S2.158,1580.0,41.27,26.0,1,223.94
p1_S2_N2.161,1610.0,6.28,0.0,0,150.14
p1_N2_S2.159,1590.0,33.16,18.0,1,220.06
p1_E_W.219,1577.0,17.72,4.0,1,228.38
p1_E_W.220,1584.0,17.48,1.0,1,240.64
p1_E_N1.53,1590.0,14.61,0.0,0,240.39
p1_E_W.221,1593.0,13.12,0.0,0,240.23
p1_W_E.355,1431.0,171.1,46.0,5,509.53
p1_W_E.356,1436.0,172.49,45.0,6,493.87
p1_W_E.357,1446.0,158.76,44.0,6,465.77
p1_S1_N1.159,1590.0,43.75,26.0,2,226.84
p1_N1_S1.161,1610.0,21.75,10.0,1,194.52
p1_W_E.358,1449.0,152.74,40.0,5,462.07
p1_N1_S1.162,1620.0,16.96,5.0,1,186.7
p1_S1_N1.160,1600.0,37.04,18.0,2,225.54
p1_W_E.359,1452.0,165.71,37.0,8,469.2
p1_W_E.360,1455.0,163.44,38.0,5,469.08
p1_W_E.361,1461.0,160.13,32.0,7,472.18
p1_S1_N1.161,1610.0,26.02,15.0,1,196.39
p1_S1_E.51,1533.0,87.29,37.0,4,386.57
p1_S1_N1.162,1620.0,24.13,8.0,1,199.39
p1_N1_S1.163,1630.0,6.44,0.0,0,153.75
p1_W_S2.36,1458.0,151.6,35.0,6,455.11
p1_S2_N2.162,1620.0,29.68,18.0,1,206.42
p1_N2_W.52,1563.0,56.05,36.0,2,302.58
p1_E_W.222,1599.0,30.97,18.0,1,259.23
p1_S2_N2.163,1630.0,22.06,10.0,1,197.76
p1_E_W.223,1606.0,25.71,9.0,1,259.64
p1_E_W.224,1613.0,20.45,5.0,1,241.39
p1_N2_S2.160,1600.0,45.51,27.0,2,228.43
p1_S2_N2.164,1640.0,9.88,0.0,0,167.41
p1_N2_S2.161,1610.0,44.94,22.0,1,239.24
p1_E_W.225,1620.0,11.18,0.0,0,217.08
p1_E_N1.54,1623.0,15.35,0.0,0,227.12
p1_S2_N2.165,1650.0,9.99,0.0,0,161.44
p1_N2_S2.162,1620.0,41.69,20.0,1,221.13
p1_W_E.362,1466.0,171.92,53.0,8,513.9
p1_E_W.226,1628.0,7.54,0.0,0,195.05
p1_W_E.363,1476.0,160.01,51.0,9,504.67
p1_N1_S1.164,1640.0,29.04,19.0,1,206.87
p1_W_E.364,1480.0,156.52,45.0,6,487.64
p1_S1_N1.163,1630.0,41.23,22.0,2,232.27
p1_N1_S1.165,1650.0,21.45,10.0,1,195.33
p1_W_E.365,1483.0,162.55,43.0,6,499.64
p1_N1_S1.166,1660.0,13.34,1.0,1,185.61
p1_W_E.366,1486.0,167.13,40.0,5,497.76
p1_N1_S1.167,1670.0,5.77,0.0,0,145.76
p1_W_E.367,1489.0,156.75,39.0,6,491.93
p1_W_E.368,1492.0,160.07,34.0,5,489.54
p1_S1_E.52,1563.0,95.59,39.0,4,398.69
p1_W_E.369,1498.0,162.42,49.0,8,515.12
p1_N2_W.53,1593.0,67.76,44.0,3,331.07
p1_S1_N1.164,1640.0,25.95,13.0,1,189.58
p1_W_S2.37,1517.0,144.57,37.0,6,453.81
p1_N2_W.54,1623.0,40.12,19.0,1,280.65
p1_S1_N1.165,1650.0,34.29,13.0,1,214.26
p1_W_E.370,1513.0,129.43,40.0,6,443.71
p1_W_E.371,1519.0,152.29,36.0,7,464.63
p1_E_W.227,1635.0,25.14,13.0,1,246.15
p1_E_W.228,1642.0,31.07,10.0,1,270.63
p1_W_E.372,1523.0,128.15,32.0,6,425.55
p1_E_W.229,1649.0,15.0,2.0,1,225.52
p1_W_E.373,1526.0,150.65,32.0,6,459.65
p1_E_W.230,1656.0,21.39,0.0,0,261.47
p1_W_E.374,1529.0,146.78,29.0,6,454.28
p1_E_N1.55,1652.0,15.43,1.0,1,240.07
p1_S2_N2.166,1660.0,40.39,28.0,1,222.67
p1_S1_E.53,1593.0,86.74,30.0,4,376.01
p1_N2_S2.163,1630.0,69.39,52.0,2,270.1
p1_S2_N2.167,1670.0,32.43,20.0,1,206.73
p1_W_E.375,1532.0,149.83,38.0,8,487.84
p1_N2_S2.164,1640.0,63.28,42.0,2,258.3
p1_S2_N2.168,1680.0,24.52,12.0,1,191.53
p1_N2_S2.165,1650.0,54.81,34.0,1,254.95
p1_S1_N1.166,1660.0,47.63,29.0,2,234.44
p1_S2_N2.169,1690.0,15.35,3.0,1,186.45
p1_S1_N1.167,1670.0,39.36,22.0,1,226.7
p1_S2_N2.170,1700.0,9.17,0.0,0,168.91
p1_N2_S2.166,1660.0,49.44,33.0,1,233.55
p1_S1_N1.168,1680.0,31.24,20.0,1,209.87
p1_N2_S2.167,1670.0,39.52,27.0,1,224.65
p1_N1_S1.168,1680.0,18.1,6.0,1,186.72
p1_N2_S2.168,1680.0,33.64,20.0,1,221.25
p1_N1_S1.169,1690.0,26.22,5.0,1,200.68
p1_S1_N1.169,1690.0,26.15,12.0,1,197.99
p1_N1_S1.170,1700.0,17.98,0.0,0,188.8
p1_N1_S1.171,1710.0,8.61,0.0,0,170.13
p1_W_E.376,1535.0,158.71,50.0,8,498.3
p1_S1_N1.170,1700.0,15.85,2.0,1,176.56
p1_W_E.377,1538.0,162.02,48.0,7,498.92
p1_W_E.378,1541.0,160.81,47.0,7,485.44
p1_W_E.379,1544.0,154.58,44.0,7,468.63
p1_W_E.380,1547.0,159.82,40.0,7,486.47
p1_W_S2.38,1550.0,157.61,38.0,8,468.03
p1_E_W.231,1664.0,26.9,13.0,1,235.41
p1_E_N1.56,1681.0,27.33,11.0,1,252.65
p1_W_E.381,1555.0,154.69,34.0,7,464.17
p1_E_W.232,1671.0,32.5,13.0,1,249.89
p1_W_E.382,1558.0,153.7,32.0,6,469.94
p1_E_W.233,1678.0,34.42,12.0,1,264.55
p1_E_W.234,1685.0,29.28,10.0,2,255.96
p1_N2_W.55,1653.0,62.11,33.0,1,313.89
p1_W_E.383,1561.0,142.66,30.0,6,429.16
p1_E_W.235,1692.0,27.94,16.0,1,245.02
p1_S1_E.54,1623.0,93.22,39.0,4,374.71
p1_E_W.236,1700.0,21.78,9.0,1,236.3
p1_E_W.237,1707.0,15.44,2.0,1,224.13
p1_W_E.384,1564.0,138.75,38.0,6,456.87
p1_W_E.385,1567.0,161.29,32.0,6,449.64
p1_S2_N2.171,1710.0,41.66,29.0,1,221.85
p1_N1_S1.172,1720.0,31.4,22.0,1,213.05
p1_W_E.386,1570.0,147.94,31.0,6,470.09
p1_W_E.387,1573.0,153.67,30.0,5,481.47
p1_S1_N1.171,1710.0,39.85,27.0,1,217.33
p1_S2_N2.172,1720.0,33.57,22.0,1,211.07
p1_N1_S1.173,1730.0,23.3,11.0,1,195.08
p1_N2_S2.169,1690.0,61.39,41.0,2,257.1
p1_S1_N1.172,1720.0,35.5,24.0,1,214.18
p1_N2_S2.170,1700.0,56.59,35.0,2,249.6
p1_S2_N2.173,1730.0,25.91,12.0,1,206.06
p1_N1_S1.174,1740.0,13.69,2.0,1,177.05
p1_S1_N1.173,1730.0,27.38,15.0,1,203.47
p1_S2_N2.174,1740.0,17.9,5.0,1,190.56
p1_N1_S1.175,1750.0,8.2,0.0,0,165.1
p1_S1_N1.174,1740.0,19.22,7.0,1,193.21
p1_N2_S2.171,1710.0,43.41,29.0,1,212.09
p1_N2_S2.172,1720.0,43.18,28.0,1,235.7
p1_N2_S2.173,1730.0,33.7,19.0,1,216.63
p1_S2_N2.175,1750.0,6.73,0.0,0,158.79
p1_E_W.238,1714.0,30.37,8.0,1,259.5
p1_E_N1.57,1710.0,26.41,11.0,1,260.03
p1_E_W.239,1721.0,25.48,7.0,1,251.79
p1_E_W.240,1728.0,20.61,7.0,1,231.23
p1_W_E.388,1576.0,163.47,46.0,6,504.46
p1_E_W.241,1736.0,11.07,0.0,0,209.77
p1_N2_W.56,1683.0,70.92,49.0,2,318.07
p1_W_E.389,1579.0,175.44,43.0,7,506.22
p1_W_E.390,1582.0,174.23,42.0,7,515.43
p1_W_S2.39,1596.0,155.59,37.0,6,473.37
p1_W_E.391,1599.0,159.02,35.0,6,485.59
p1_W_E.392,1602.0,157.98,35.0,6,488.13
p1_N2_W.57,1713.0,47.9,28.0,1,280.57
p1_S1_E.55,1653.0,104.66,55.0,4,388.11
p1_S1_E.56,1683.0,75.51,37.0,3,347.12
p1_N1_S1.176,1760.0,26.94,17.0,1,198.94
p1_W_E.393,1605.0,163.31,40.0,6,510.39
p1_N2_S2.174,1740.0,52.12,33.0,2,248.63
p1_N1_S1.177,1770.0,17.29,6.0,1,176.79
p1_S1_N1.175,1750.0,35.07,21.0,1,206.52
p1_S2_N2.176,1760.0,30.79,20.0,1,206.27
p1_N2_S2.175,1750.0,46.44,25.0,2,237.43
p1_S2_N2.177,1770.0,24.41,12.0,1,194.27
p1_N1_S1.178,1780.0,7.44,0.0,0,151.12
p1_S1_N1.176,1760.0,32.01,17.0,1,210.31
p1_N2_S2.176,1760.0,38.17,19.0,1,224.69
p1_S2_N2.178,1780.0,18.43,6.0,1,194.53
p1_S1_N1.177,1770.0,25.89,10.0,1,207.97
p1_N2_S2.177,1770.0,29.95,18.0,1,207.36
p1_S1_N1.178,1780.0,20.67,5.0,1,191.31
p1_S2_N2.179,1790.0,10.09,0.0,0,185.42
p1_N1_S1.179,1790.0,6.18,0.0,0,147.87
p1_W_E.394,1608.0,175.79,50.0,8,527.7
p1_W_E.395,1611.0,175.09,48.0,6,525.73
p1_E_N1.58,1740.0,40.47,24.0,2,277.68
p1_E_W.242,1743.0,42.94,20.0,2,283.37
p1_W_E.396,1614.0,173.88,41.0,6,507.11
p1_E_W.243,1750.0,35.28,14.0,2,273.34
p1_E_W.244,1757.0,34.16,9.0,2,292.86
p1_W_E.397,1617.0,168.53,40.0,5,499.37
p1_E_W.245,1764.0,28.91,4.0,1,268.84
p1_W_E.398,1620.0,174.04,36.0,4,507.7
p1_E_N1.59,1770.0,24.42,4.0,1,257.39
p1_W_E.399,1623.0,172.71,34.0,4,506.34
p1_E_W.246,1773.0,23.64,3.0,1,240.04
p1_W_S2.40,1628.0,170.42,31.0,5,481.2
p1_E_W.247,1779.0,19.3,2.0,1,229.84
p1_N2_W.58,1743.0,57.2,30.0,2,312.08
p1_W_E.400,1626.0,161.09,32.0,6,480.2
p1_W_E.401,1635.0,160.15,32.0,4,469.58
p1_W_E.402,1639.0,164.04,31.0,5,476.75
p1_W_E.403,1643.0,154.25,29.0,5,473.0
p1_W_E.404,1646.0,154.17,29.0,4,463.63
p1_S1_E.57,1713.0,98.69,38.0,3,371.08
p1_W_E.405,1649.0,164.8,35.0,5,489.79
p1_E_W.248,1786.0,17.36,4.0,1,225.71
p1_E_W.249,1793.0,22.11,3.0,1,235.14
p1_W_E.406,1652.0,153.86,32.0,5,468.08
p2_E_W.0,1800.0,16.19,0.0,0,240.22
p1_W_E.407,1655.0,157.03,34.0,5,474.58
p1_W_E.408,1658.0,161.17,32.0,5,482.28
p2_S2_N2.0,1800.0,44.09,32.0,1,224.7
p1_N2_S2.178,1780.0,66.62,47.0,2,261.23
p1_N2_S2.179,1790.0,57.01,36.0,1,247.43
p2_N2_S2.0,1800.0,51.34,34.0,1,243.0
p2_E_S1.0,1803.0,27.62,8.0,1,251.43
p2_N1_S1.0,1800.0,55.04,42.0,2,244.73
p1_S1_N1.179,1790.0,62.55,44.0,2,255.44
p2_S1_N1.0,1800.0,59.13,43.0,2,262.85
p2_N2_S2.1,1810.0,33.99,20.0,1,198.06
p2_S1_N1.1,1810.0,45.61,30.0,2,223.13
p2_N2_S2.2,1820.0,42.98,20.0,1,216.78
p2_S1_N1.2,1820.0,43.85,26.0,2,241.05
p2_N2_S2.3,1830.0,34.64,10.0,1,218.51
p2_N2_S2.4,1840.0,18.85,0.0,0,194.96
p2_S2_N2.1,1810.0,55.13,39.0,2,247.44
p2_S1_N1.3,1830.0,27.82,12.0,2,194.99
p2_N2_S2.5,1850.0,18.28,0.0,0,195.57
p2_S2_N2.2,1820.0,48.83,29.0,2,235.17
p2_S1_N1.4,1840.0,22.9,7.0,1,191.77
p2_N2_S2.6,1860.0,9.9,0.0,0,183.36
p2_S2_N2.3,1830.0,41.02,22.0,2,229.84
p2_S1_N1.5,1850.0,21.87,1.0,1,206.3
p2_S1_N1.6,1860.0,13.62,0.0,0,194.5
p2_N1_S1.1,1810.0,63.8,45.0,3,262.71
p2_N1_S1.2,1820.0,56.48,35.0,3,244.12
p2_N2_S2.7,1870.0,6.04,0.0,0,152.94
p2_N1_S1.3,1830.0,48.33,26.0,3,231.8
p2_S2_N2.4,1840.0,31.67,11.0,1,206.36
p2_S1_N1.7,1870.0,5.66,0.0,0,152.3
p2_S2_N2.5,1850.0,30.08,11.0,1,209.64
p2_S2_N2.6,1860.0,21.65,5.0,1,205.81
p1_W_E.409,1661.0,203.32,75.0,5,550.3
p2_E_W.1,1806.0,58.68,37.0,2,297.14
p1_W_E.410,1672.0,194.52,71.0,5,540.34
p1_W_S2.41,1675.0,192.54,67.0,6,531.63
p1_W_E.411,1678.0,187.46,66.0,6,520.49
p1_W_E.412,1681.0,194.73,64.0,5,511.65
p2_E_W.2,1809.0,43.71,29.0,1,268.49
p1_W_E.413,1684.0,193.44,59.0,6,533.22
p2_E_W.3,1812.0,66.02,28.0,1,304.36
p1_S1_E.58,1743.0,127.99,71.0,6,436.02
p2_E_W.4,1815.0,63.1,27.0,1,314.46
p1_S1_E.59,1773.0,108.67,51.0,4,398.42
p2_E_W.5,1818.0,54.17,26.0,1,306.17
p1_W_E.414,1687.0,192.65,67.0,4,549.37
p2_E_W.6,1821.0,60.72,26.0,1,328.28
p1_W_E.415,1692.0,193.17,64.0,5,536.46
p2_E_W.7,1824.0,55.68,26.0,1,335.55
p1_W_E.416,1705.0,181.93,64.0,4,506.03
p2_E_W.8,1827.0,55.78,25.0,1,337.25
p2_N1_S1.4,1840.0,69.47,39.0,3,270.45
p1_W_E.417,1708.0,177.3,61.0,4,512.26
p2_E_W.9,1830.0,59.07,25.0,1,331.16
p2_S1_N1.8,1880.0,29.61,19.0,1,203.49
p2_N1_S1.5,1850.0,61.64,34.0,3,250.35
p1_W_E.418,1711.0,179.47,58.0,5,526.69
p1_N2_W.59,1773.0,117.68,79.0,3,437.99
p2_S1_N1.9,1890.0,21.86,10.0,1,198.58
p2_N1_S1.6,1860.0,53.6,28.0,2,236.49
p1_W_E.419,1715.0,177.27,60.0,6,516.96
p1_W_E.420,1718.0,176.05,55.0,5,512.64
p2_S1_N1.10,1900.0,12.76,1.0,1,173.72
p1_W_S2.42,1721.0,173.38,56.0,5,501.92
p2_S1_N1.11,1910.0,6.57,0.0,0,149.34
p1_W_E.421,1725.0,170.77,56.0,4,488.07
p1_W_E.422,1734.0,164.78,55.0,4,481.79
p2_N1_S1.7,1870.0,51.56,24.0,2,241.22
p1_W_E.423,1737.0,163.44,56.0,4,477.28
p1_W_E.424,1740.0,162.17,51.0,4,486.07
p2_N1_S1.8,1880.0,42.18,19.0,1,223.6
p1_W_E.425,1743.0,160.96,48.0,4,471.77
p2_S1_N1.12,1920.0,5.59,0.0,0,151.16
p2_N1_S1.9,1890.0,36.06,17.0,1,222.49
p1_W_E.426,1746.0,153.16,46.0,3,456.18
p2_N1_S1.10,1900.0,28.85,9.0,1,210.55
p2_N1_E.0,1803.0,103.45,74.0,4,392.87
p2_N1_S1.11,1910.0,23.28,3.0,1,202.07
p2_N1_E.1,1833.0,79.72,39.0,4,365.46
p1_W_E.427,1749.0,164.97,67.0,4,497.61
p2_S2_W.0,1803.0,111.93,85.0,4,405.77
p1_W_E.428,1752.0,164.65,71.0,6,500.71
p2_S2_W.1,1833.0,83.98,47.0,4,363.32
p2_S2_N2.7,1870.0,68.57,51.0,1,267.77
p2_N2_S2.8,1880.0,59.78,48.0,1,242.13
p2_S2_W.2,1863.0,52.51,27.0,2,309.89
p2_N2_S2.9,1890.0,52.18,40.0,1,234.95
p2_E_W.10,1833.0,86.31,66.0,2,357.78
p2_N2_S2.10,1900.0,43.91,32.0,1,228.34
p2_S2_N2.8,1880.0,58.71,48.0,1,246.8
p2_S2_N2.9,1890.0,56.57,42.0,1,241.35
p2_N2_S2.11,1910.0,31.21,19.0,1,201.49
p2_N2_S2.12,1920.0,28.83,14.0,1,202.66
p2_N2_S2.13,1930.0,23.39,6.0,1,207.84
p2_N2_S2.14,1940.0,6.0,0.0,0,151.92
p2_N2_S2.15,1950.0,8.14,0.0,0,164.98
p2_E_S1.1,1836.0,100.47,75.0,3,387.72
p2_N1_S1.12,1920.0,42.7,22.0,1,229.9
p2_S1_N1.13,1930.0,32.87,19.0,1,209.66
p2_S2_N2.10,1900.0,58.18,40.0,2,249.38
p2_S1_N1.14,1940.0,25.34,11.0,1,197.52
p2_N2_S2.16,1960.0,5.31,0.0,0,152.88
p2_S2_N2.11,1910.0,49.56,31.0,2,235.09
p2_S2_N2.12,1920.0,48.83,23.0,2,242.75
p2_S2_N2.13,1930.0,39.5,17.0,2,231.46
p2_S2_N2.14,1940.0,32.1,7.0,2,217.94
p2_N1_S1.13,1930.0,45.04,25.0,2,227.86
p2_S1_N1.15,1950.0,9.78,0.0,0,167.26
p2_N2_S2.17,1970.0,5.85,0.0,0,152.2
p2_N1_S1.14,1940.0,36.91,17.0,2,210.25
p2_S1_N1.16,1960.0,12.03,0.0,0,161.03
p2_S2_N2.15,1950.0,20.82,3.0,1,183.33
p2_S1_N1.17,1970.0,7.77,0.0,0,156.74
p2_N1_S1.15,1950.0,28.86,7.0,2,206.41
p1_W_E.429,1755.0,196.38,106.0,6,549.56
p1_W_S2.43,1762.0,202.27,99.0,5,547.99
p2_E_W.11,1839.0,126.03,95.0,4,415.01
p1_W_E.430,1758.0,210.47,102.0,7,553.49
p1_W_E.431,1770.0,200.18,98.0,7,545.09
p1_W_E.432,1773.0,198.94,96.0,6,543.59
p1_W_E.433,1776.0,197.77,95.0,6,533.69
p1_W_E.434,1779.0,196.42,92.0,5,547.18
p1_W_E.435,1782.0,195.2,90.0,6,549.43
p2_E_W.12,1842.0,111.17,82.0,4,390.73
p2_N1_E.2,1863.0,115.31,62.0,4,430.61
p2_E_W.13,1845.0,135.23,76.0,4,424.45
p2_N1_E.3,1893.0,87.14,49.0,2,372.26
p2_E_W.14,1848.0,125.46,75.0,4,430.63
p2_E_W.15,1851.0,132.69,73.0,4,444.67
p2_E_W.16,1854.0,131.37,72.0,4,432.87
p2_E_W.17,1857.0,130.13,71.0,4,445.15
p2_E_W.18,1860.0,128.8,66.0,4,445.56
p2_N1_S1.16,1960.0,51.32,24.0,2,236.17
p2_S1_N1.18,1980.0,31.71,19.0,1,206.15
p2_E_W.19,1863.0,126.98,68.0,5,433.94
p1_W_E.436,1785.0,181.53,102.0,5,500.84
p2_N1_S1.17,1970.0,43.06,23.0,2,231.96
p1_W_S2.44,1810.0,181.63,90.0,4,497.06
p2_E_W.20,1866.0,126.27,64.0,5,423.57
p2_S1_N1.19,1990.0,23.98,12.0,1,196.15
p1_W_E.437,1788.0,205.74,98.0,5,528.8
p1_W_E.438,1791.0,181.09,96.0,5,507.53
p2_N1_S1.18,1980.0,33.59,21.0,1,212.08
p1_W_E.439,1794.0,203.34,92.0,4,520.44
p1_W_E.440,1797.0,202.0,90.0,5,520.39
p2_S1_N1.20,2000.0,12.0,0.0,0,174.69
p1_W_E.441,1814.0,184.39,88.0,4,507.11
p2_S1_N1.21,2010.0,12.14,0.0,0,174.0
p1_W_E.442,1817.0,185.67,87.0,5,505.83
p2_N1_S1.19,1990.0,34.13,17.0,1,222.03
p2_S1_N1.22,2020.0,5.74,0.0,0,147.93
p1_W_E.443,1820.0,168.23,83.0,4,479.68
p2_N2_S2.18,1980.0,44.91,34.0,1,222.34
p2_N1_S1.20,2000.0,25.86,7.0,1,208.83
p2_S2_N2.16,1960.0,63.21,41.0,1,255.69
p2_N2_S2.19,1990.0,38.11,25.0,1,224.69
p2_S2_N2.17,1970.0,60.3,41.0,1,255.46
p2_N1_S1.21,2010.0,15.79,0.0,0,187.09
p2_N2_S2.20,2000.0,27.2,16.0,1,193.69
p2_N2_S2.21,2010.0,24.06,10.0,1,200.49
p2_S2_N2.18,1980.0,42.49,30.0,1,223.35
p2_N2_S2.22,2020.0,9.13,0.0,0,165.63
p2_N2_S2.23,2030.0,11.54,0.0,0,162.55
p2_N2_S2.24,2040.0,5.44,0.0,0,147.75
p2_S2_N2.19,1990.0,48.12,30.0,2,228.76
p2_S2_N2.20,2000.0,46.08,26.0,2,241.8
p2_E_S1.2,1869.0,159.36,97.0,6,472.41
p2_S2_N2.21,2010.0,39.5,16.0,2,247.59
p2_S2_N2.22,2020.0,32.15,9.0,1,218.47
p2_S2_N2.23,2030.0,23.99,0.0,0,211.05
p2_S2_N2.24,2040.0,15.73,0.0,0,190.36
p2_S1_N1.23,2030.0,17.7,6.0,1,180.07
p2_S1_N1.24,2040.0,14.84,0.0,0,180.99
p2_S1_N1.25,2050.0,11.61,0.0,0,180.42
p2_N1_S1.22,2020.0,42.93,22.0,2,225.86
p2_N2_S2.25,2050.0,6.53,0.0,0,152.4
p2_N1_S1.23,2030.0,34.9,19.0,2,210.88
p2_S2_N2.25,2050.0,15.23,0.0,0,179.4
p2_N2_S2.26,2060.0,5.64,0.0,0,148.77
p2_N1_S1.24,2040.0,26.64,10.0,2,196.34
p2_S1_N1.26,2060.0,5.92,0.0,0,147.95
p2_S2_N2.26,2060.0,6.11,0.0,0,158.41
p2_N1_S1.25,2050.0,21.53,3.0,1,184.07
p2_N1_S1.26,2060.0,14.61,0.0,0,185.15
p2_N1_S1.27,2070.0,6.38,0.0,0,153.63
p2_S1_N1.27,2070.0,5.87,0.0,0,151.95
p1_W_E.444,1823.0,218.32,128.0,5,573.42
p2_N1_E.4,1923.0,136.39,88.0,5,442.97
p2_N1_E.5,1953.0,108.25,58.0,4,412.22
p1_W_E.445,1826.0,230.73,130.0,6,611.18
p2_E_W.21,1872.0,192.08,127.0,7,528.31
p1_W_E.446,1829.0,236.32,129.0,5,610.72
p2_E_W.22,1875.0,190.86,124.0,7,530.01
p1_W_E.447,1832.0,226.68,127.0,6,605.54
p2_E_W.23,1878.0,189.56,119.0,7,532.25
p1_W_E.448,1835.0,233.97,128.0,5,607.1
p2_E_W.24,1881.0,188.41,113.0,7,529.81
p1_W_S2.45,1844.0,226.44,120.0,5,576.18
p2_E_W.25,1884.0,184.93,107.0,7,525.49
p1_W_E.449,1838.0,214.79,125.0,6,569.92
p1_W_E.450,1841.0,235.1,120.0,5,589.38
p1_W_E.451,1847.0,220.88,117.0,5,580.84
p2_E_W.26,1887.0,179.54,104.0,7,510.68
p2_E_W.27,1890.0,189.52,99.0,7,518.71
p2_S1_N1.28,2080.0,23.87,12.0,1,196.47
p2_S2_N2.27,2070.0,36.26,25.0,1,216.25
p2_N1_S1.28,2080.0,20.69,10.0,1,192.13
p1_W_E.452,1851.0,205.81,115.0,5,552.53
p2_N1_S1.29,2090.0,17.59,4.0,1,187.27
p2_N2_S2.27,2070.0,34.84,23.0,1,208.26
p2_N1_E.6,1983.0,99.4,62.0,3,377.5
p2_N2_S2.28,2080.0,29.67,16.0,1,216.21
p2_S1_N1.29,2090.0,11.33,0.0,0,170.53
p2_N1_S1.30,2100.0,7.66,0.0,0,169.17
p1_W_E.453,1855.0,218.49,124.0,7,578.62
p2_N2_S2.29,2090.0,21.52,8.0,1,219.29
p2_S1_N1.30,2100.0,11.37,0.0,0,176.1
p2_N2_S2.30,2100.0,13.3,0.0,0,200.24
p2_N2_S2.31,2110.0,5.99,0.0,0,148.42
p2_E_W.28,1893.0,202.3,108.0,8,543.99
p2_E_W.29,1896.0,201.42,108.0,8,546.53
p2_E_W.30,1899.0,190.58,102.0,9,528.61
p2_N2_S2.32,2120.0,6.12,0.0,0,147.7
p2_S2_N2.28,2080.0,53.94,33.0,2,239.15
p2_S2_N2.29,2090.0,45.58,23.0,2,224.27
p2_S2_N2.30,2100.0,37.51,12.0,1,215.85
p2_N2_S2.33,2130.0,6.08,0.0,0,146.32
p2_E_S1.3,1902.0,217.9,112.0,9,571.87
p2_S1_N1.31,2110.0,34.47,23.0,1,210.61
p2_S2_N2.31,2110.0,30.29,11.0,1,203.73
p2_S2_N2.32,2120.0,23.9,3.0,1,197.11
p2_S2_N2.33,2130.0,21.77,0.0,0,203.19
p2_N2_S2.34,2140.0,6.26,0.0,0,149.61
p2_S1_N1.32,2120.0,18.99,7.0,1,188.58
p2_S2_N2.34,2140.0,8.25,0.0,0,149.03
p2_S1_N1.33,2130.0,26.87,7.0,1,211.13
p2_S1_N1.34,2140.0,18.6,0.0,0,192.88
p1_W_E.454,1858.0,280.02,171.0,7,655.24
p2_S1_N1.35,2150.0,10.36,0.0,0,182.85
p1_W_E.455,1861.0,277.35,168.0,7,650.3
p1_W_E.456,1864.0,279.32,169.0,8,659.61
p2_S1_N1.36,2160.0,5.38,0.0,0,155.61
p1_W_E.457,1867.0,278.11,166.0,8,653.97
p2_N1_S1.31,2110.0,47.6,33.0,2,228.49
p1_W_E.458,1870.0,276.86,161.0,7,666.23
p2_N1_S1.32,2120.0,48.65,28.0,2,233.5
p2_N1_S1.33,2130.0,40.34,17.0,2,222.23
p1_W_E.459,1873.0,270.44,160.0,8,649.61
p2_N1_S1.34,2140.0,32.09,10.0,2,214.18
p2_N1_E.7,2013.0,138.28,90.0,4,461.41
p2_N1_S1.35,2150.0,20.09,6.0,1,184.52
p2_E_W.31,1905.0,250.72,140.0,10,622.72
p1_W_S2.46,1879.0,277.42,161.0,7,663.91
p2_S2_W.3,1893.0,259.24,164.0,10,635.46
p2_N1_E.8,2043.0,94.31,60.0,3,373.17
p2_S2_W.4,1923.0,230.74,136.0,10,589.1
p2_N1_E.9,2073.0,83.78,48.0,1,344.01
p1_W_E.460,1876.0,279.53,162.0,8,682.07
p1_W_E.461,1893.0,273.18,158.0,6,653.33
p2_N2_S2.35,2150.0,37.42,27.0,1,211.35
p2_S2_W.5,1953.0,196.58,114.0,8,533.88
p2_S2_N2.35,2150.0,34.61,24.0,1,210.15
p2_N2_S2.36,2160.0,29.95,18.0,1,205.67
p2_E_W.32,1908.0,262.62,164.0,9,641.26
p2_S2_N2.36,2160.0,30.37,18.0,1,213.85
p2_N2_S2.37,2170.0,19.44,8.0,1,188.67
p2_E_W.33,1911.0,261.45,158.0,9,653.71
p2_E_W.34,1914.0,260.15,154.0,11,654.12
p2_N2_S2.38,2180.0,12.47,1.0,1,181.48
p2_E_W.35,1917.0,250.99,148.0,10,640.94
p2_N2_S2.39,2190.0,6.95,0.0,0,162.37
p2_E_W.36,1920.0,257.66,147.0,11,650.45
p2_E_W.37,1923.0,256.37,144.0,10,655.07
p2_N1_S1.36,2160.0,40.99,22.0,1,227.32
p2_S1_N1.37,2170.0,29.3,18.0,1,205.39
p2_S2_N2.37,2170.0,32.36,15.0,2,212.94
p2_S1_N1.38,2180.0,20.69,9.0,1,183.64
p2_S2_N2.38,2180.0,21.98,2.0,1,188.16
p2_S1_N1.39,2190.0,16.64,2.0,1,190.75
p2_S2_N2.39,2190.0,16.84,2.0,1,196.19
p2_S1_N1.40,2200.0,7.28,0.0,0,159.39
p2_N1_S1.37,2170.0,41.98,22.0,2,222.55
p2_N2_S2.40,2200.0,5.77,0.0,0,151.37
p2_N1_S1.38,2180.0,33.92,15.0,2,217.24
p2_N1_S1.39,2190.0,26.24,6.0,1,205.29
p2_S1_N1.41,2210.0,6.04,0.0,0,145.92
p2_N2_S2.41,2210.0,6.7,0.0,0,145.63
p2_N1_S1.40,2200.0,21.77,0.0,0,195.22
p2_S2_N2.40,2200.0,20.69,8.0,1,182.53
p2_S2_N2.41,2210.0,16.63,4.0,1,191.16
p1_W_E.462,1896.0,312.6,196.0,8,709.2
p1_W_E.463,1899.0,311.68,193.0,7,706.67
p2_E_W.38,1926.0,272.88,167.0,11,637.31
p1_W_E.464,1902.0,311.14,190.0,7,705.17
p2_E_W.39,1929.0,284.69,162.0,10,658.88
p1_W_E.465,1905.0,309.95,187.0,8,699.44
p2_E_W.40,1932.0,283.63,157.0,9,670.45
p1_W_E.466,1908.0,308.82,194.0,8,719.29
p1_W_E.467,1911.0,305.44,188.0,9,711.4
p1_W_E.468,1914.0,294.57,185.0,8,695.92
p1_W_E.469,1917.0,307.99,184.0,10,705.26
p1_W_S2.47,1924.0,300.21,175.0,10,694.79
p1_W_E.470,1920.0,311.68,182.0,9,687.95
p2_E_S1.4,1935.0,285.75,166.0,12,675.7
p2_S1_N1.42,2220.0,31.57,19.0,1,212.71
p1_W_E.471,1927.0,303.14,174.0,11,695.12
p2_N1_S1.41,2210.0,45.16,25.0,1,245.11
p2_S1_N1.43,2230.0,23.21,10.0,1,192.31
p1_W_E.472,1930.0,297.57,168.0,8,691.8
p2_N1_S1.42,2220.0,34.0,22.0,1,214.95
p2_S1_N1.44,2240.0,17.24,5.0,1,196.64
p1_W_E.473,1933.0,301.25,171.0,9,700.8
p2_S1_N1.45,2250.0,8.44,0.0,0,174.01
p1_W_E.474,1975.0,264.29,140.0,7,634.95
p2_S1_N1.46,2260.0,6.56,0.0,0,153.0
p2_N2_S2.42,2220.0,39.45,29.0,1,216.19
p2_S2_N2.42,2220.0,37.4,27.0,1,217.04
p2_N2_S2.43,2230.0,40.86,23.0,1,223.26
p2_N2_S2.44,2240.0,27.09,12.0,1,210.23
p2_N2_S2.45,2250.0,24.24,7.0,1,207.61
p2_E_W.41,1938.0,315.46,181.0,12,723.26
p2_N2_S2.46,2260.0,14.42,0.0,0,198.13
p2_N2_S2.47,2270.0,7.77,0.0,0,167.5
p2_E_W.42,1941.0,306.03,175.0,12,713.15
p2_S2_N2.43,2230.0,52.62,32.0,3,227.9
p2_S2_W.6,1983.0,270.73,157.0,15,654.48
p2_S2_W.7,2013.0,248.03,130.0,14,615.64
p2_S2_W.8,2043.0,221.03,108.0,10,571.19
p2_S2_N2.44,2240.0,43.78,23.0,3,231.7
p2_S2_N2.45,2250.0,37.02,13.0,3,212.07
p2_E_W.43,1944.0,322.86,203.0,11,751.61
p2_E_W.44,1947.0,321.6,196.0,10,759.01
p2_E_W.45,1950.0,310.72,195.0,10,718.07
p2_E_W.46,1953.0,319.45,194.0,10,753.83
p2_E_W.47,1956.0,318.27,192.0,10,734.15
p2_S1_N1.47,2270.0,27.07,17.0,1,202.43
p2_N2_S2.48,2280.0,7.12,0.0,0,155.68
p2_N2_S2.49,2290.0,5.7,0.0,0,146.24
p2_S1_N1.48,2280.0,17.38,7.0,1,180.92
p2_S1_N1.49,2290.0,13.07,0.0,0,189.06
p2_S2_N2.46,2260.0,44.55,14.0,4,227.72
p2_N2_S2.50,2300.0,6.35,0.0,0,148.67
p2_N1_S1.43,2230.0,77.49,52.0,3,271.71
p2_N1_S1.44,2240.0,69.37,46.0,3,265.59
p2_N1_S1.45,2250.0,61.12,35.0,2,259.73
p2_S2_N2.47,2270.0,29.07,10.0,2,202.63
p1_W_E.475,1978.0,316.91,192.0,8,710.88
p2_S1_N1.50,2300.0,6.52,0.0,0,146.65
p2_S2_N2.48,2280.0,37.07,6.0,1,216.61
p2_S1_N1.51,2310.0,7.93,0.0,0,157.18
p1_W_E.476,1981.0,316.3,187.0,10,715.04
p2_N1_S1.46,2260.0,62.01,35.0,3,265.39
p2_N1_E.10,2103.0,187.87,140.0,5,522.56
p2_S1_N1.52,2320.0,5.28,0.0,0,151.18
p2_N1_E.11,2133.0,172.36,112.0,5,509.99
p1_W_E.477,1984.0,321.03,186.0,9,782.69
p1_W_E.478,1988.0,321.15,182.0,10,749.43
p1_W_E.479,1991.0,319.0,180.0,11,755.8
p2_N1_S1.47,2270.0,46.18,21.0,3,222.21
p1_W_E.480,1994.0,313.56,177.0,11,729.06
p1_W_S2.48,1998.0,312.68,174.0,9,722.49
p2_N1_S1.48,2280.0,54.68,17.0,1,233.29
p2_E_W.48,1959.0,354.86,221.0,11,784.61
p1_W_E.481,2001.0,313.38,172.0,10,731.71
p2_E_W.49,1962.0,353.81,220.0,13,784.91
p1_W_E.482,2004.0,308.78,169.0,11,703.43
p1_W_E.483,2026.0,293.08,154.0,8,676.44
p2_E_W.50,1965.0,352.02,220.0,12,781.04
p2_S2_W.9,2073.0,247.03,144.0,10,620.45
p2_N1_E.12,2163.0,157.37,102.0,4,494.08
p2_S2_W.10,2103.0,218.07,111.0,8,570.06
p2_N1_E.13,2193.0,128.74,79.0,4,440.94
p2_S2_W.11,2133.0,190.67,97.0,7,517.12
p1_W_E.484,2029.0,287.81,172.0,8,681.13
p2_S2_N2.49,2290.0,59.76,37.0,2,249.76
p2_N2_S2.51,2310.0,39.6,28.0,1,214.64
p2_S2_N2.50,2300.0,51.58,32.0,1,238.75
p2_N2_S2.52,2320.0,31.56,19.0,1,204.26
p2_E_S1.5,1968.0,353.77,254.0,9,805.03
p2_S2_N2.51,2310.0,43.32,30.0,1,225.55
p2_S1_N1.53,2330.0,23.57,11.0,1,195.84
p2_N1_S1.49,2290.0,64.07,30.0,2,262.55
p2_S1_N1.54,2340.0,15.92,5.0,1,183.62
p2_N1_S1.50,2300.0,54.79,19.0,1,255.97
p2_S1_N1.55,2350.0,7.7,0.0,0,162.23
p2_N1_S1.51,2310.0,48.04,19.0,1,250.35
p2_N2_S2.53,2330.0,18.86,8.0,1,190.33
p2_N2_S2.54,2340.0,20.98,2.0,1,190.49
p2_N1_S1.52,2320.0,42.32,16.0,1,228.79
p2_N1_S1.53,2330.0,34.17,16.0,1,213.05
p2_N2_S2.55,2350.0,5.88,0.0,0,154.89
p2_N1_S1.54,2340.0,25.92,12.0,1,207.24
p2_S1_N1.56,2360.0,5.9,0.0,0,146.48
p2_N2_S2.56,2360.0,5.68,0.0,0,143.65
p2_E_W.51,1971.0,383.71,272.0,10,850.41
p2_N2_S2.57,2370.0,6.69,0.0,0,154.69
p2_E_W.52,1974.0,382.46,266.0,10,843.81
p2_E_W.53,1977.0,381.3,261.0,10,830.36
p2_E_W.54,1980.0,380.02,257.0,10,806.02
p2_E_W.55,1983.0,378.9,253.0,11,811.64
p2_E_W.56,1986.0,377.94,251.0,11,804.39
p2_S2_N2.52,2320.0,58.89,36.0,2,248.53
p2_S2_W.12,2163.0,196.82,112.0,8,525.34
p2_S2_N2.53,2330.0,48.04,24.0,2,230.06
p2_N1_S1.55,2350.0,44.34,23.0,2,238.14
p2_S1_N1.57,2370.0,23.42,12.0,1,190.95
p2_S2_N2.54,2340.0,55.01,22.0,2,247.83
p2_N2_S2.58,2380.0,6.29,0.0,0,154.2
p2_S1_N1.58,2380.0,16.43,6.0,1,184.63
p2_S2_N2.55,2350.0,46.89,14.0,2,236.22
p2_S2_N2.56,2360.0,38.54,12.0,1,220.53
p2_S1_N1.59,2390.0,8.64,0.0,0,164.96
p2_N1_S1.56,2360.0,32.7,18.0,1,207.64
p2_S2_N2.57,2370.0,30.15,7.0,1,214.5
p2_N2_S2.59,2390.0,5.77,0.0,0,151.08
p2_N1_S1.57,2370.0,31.18,16.0,1,207.33
p1_W_E.485,2032.0,353.66,225.0,9,789.76
p1_W_E.486,2035.0,352.58,220.0,9,776.87
p1_W_E.487,2038.0,351.3,215.0,8,775.31
p2_S1_N1.60,2400.0,6.04,0.0,0,149.17
p1_W_E.488,2041.0,350.37,213.0,8,765.13
p1_W_E.489,2044.0,349.05,208.0,9,757.05
p2_N1_S1.58,2380.0,13.68,0.0,0,181.96
p1_W_E.490,2047.0,347.18,204.0,8,752.81
p2_S2_W.13,2193.0,202.05,107.0,8,532.84
p2_N1_S1.59,2390.0,27.04,0.0,0,192.18
p2_E_W.57,1989.0,408.58,293.0,10,880.91
p2_N1_S1.60,2400.0,10.08,0.0,0,159.73
p1_W_S2.49,2050.0,348.35,202.0,9,757.25
p2_E_W.58,1992.0,406.45,288.0,9,870.43
p2_E_W.59,1995.0,407.14,286.0,10,875.97
p2_E_W.60,1998.0,403.2,279.0,9,855.88
p1_W_E.491,2054.0,334.66,203.0,9,725.43
p2_E_S1.6,2001.0,405.42,272.0,9,859.79
p1_W_E.492,2077.0,329.47,189.0,7,715.01
p1_W_E.493,2080.0,328.72,193.0,9,740.14
p1_W_E.494,2083.0,328.51,191.0,8,742.18
p2_S2_N2.58,2380.0,55.63,29.0,2,248.2
p1_W_E.495,2086.0,317.64,185.0,8,727.41
p2_S2_N2.59,2390.0,47.68,26.0,1,228.33
p2_E_W.61,2004.0,391.09,268.0,9,850.05
p2_S2_N2.60,2400.0,39.42,26.0,1,216.12
p2_E_W.62,2007.0,411.36,263.0,9,872.26
p2_E_W.63,2010.0,410.15,266.0,11,893.44
p2_N2_S2.60,2400.0,29.84,17.0,1,200.35
p2_E_W.64,2013.0,407.55,255.0,9,898.39
p2_N2_S2.61,2410.0,33.72,15.0,1,202.2
p2_S2_W.14,2223.0,185.01,100.0,9,528.77
p2_S1_N1.61,2410.0,35.58,25.0,1,208.8
p2_N2_S2.62,2420.0,24.76,7.0,1,201.55
p2_N1_S1.61,2410.0,35.34,24.0,1,213.58
p2_S2_W.15,2253.0,170.93,75.0,8,514.89
p2_N1_S1.62,2420.0,27.47,15.0,1,205.32
p2_S1_N1.62,2420.0,27.4,16.0,1,203.97
p2_N2_S2.63,2430.0,15.85,0.0,0,201.47
p2_N1_S1.63,2430.0,19.71,6.0,1,187.94
p2_S1_N1.63,2430.0,19.15,6.0,1,194.62
p2_N2_S2.64,2440.0,8.93,0.0,0,170.49
p2_S2_N2.61,2410.0,39.35,18.0,2,214.52
p2_S2_N2.62,2420.0,37.73,13.0,1,229.24
p2_N2_S2.65,2450.0,5.88,0.0,0,147.06
p2_S2_W.16,2283.0,153.36,67.0,5,452.85
p2_E_W.65,2016.0,422.83,294.0,9,891.78
p2_S2_N2.63,2430.0,20.72,0.0,0,182.53
p2_E_W.66,2019.0,422.39,293.0,10,892.42
p2_S2_N2.64,2440.0,24.3,0.0,0,197.57
p2_S2_N2.65,2450.0,16.04,0.0,0,187.46
p1_W_E.496,2089.0,358.53,215.0,11,782.71
p1_W_E.497,2092.0,357.31,210.0,8,783.7
p1_W_E.498,2095.0,356.07,208.0,8,776.22
p2_E_W.67,2022.0,411.22,289.0,11,867.56
p1_W_E.499,2098.0,354.1,205.0,8,761.48
p2_E_W.68,2025.0,406.75,285.0,10,867.68
p2_E_W.69,2028.0,420.08,286.0,9,870.19
p2_E_W.70,2031.0,427.0,285.0,9,879.41
p1_W_S2.50,2123.0,335.6,194.0,8,722.67
p2_E_S1.7,2034.0,428.46,285.0,11,892.59
p2_E_W.71,2037.0,424.36,279.0,11,885.28
p1_W_E.500,2101.0,338.96,208.0,9,742.26
p2_N1_E.14,2223.0,222.68,169.0,6,573.86
p2_N1_E.15,2253.0,215.1,135.0,7,559.18
p2_N1_E.16,2283.0,172.45,104.0,4,490.92
p1_W_E.501,2127.0,346.68,202.0,9,773.65
p1_W_E.502,2130.0,344.16,202.0,10,777.66
p2_N1_E.17,2313.0,159.81,88.0,3,490.85
p2_N1_S1.64,2440.0,44.98,33.0,1,221.19
p2_S1_N1.64,2440.0,43.5,32.0,1,216.09
p2_N1_E.18,2343.0,135.37,80.0,3,484.53
p2_N1_S1.65,2450.0,48.13,31.0,1,230.06
p2_S1_N1.65,2450.0,51.13,31.0,1,234.52
p1_W_E.503,2133.0,347.74,213.0,9,800.79
p2_N1_S1.66,2460.0,42.58,23.0,1,225.01
p2_S1_N1.66,2460.0,37.84,21.0,1,221.05
p1_W_E.504,2136.0,346.46,209.0,10,806.77
p2_S1_N1.67,2470.0,34.67,14.0,1,222.69
p2_S1_N1.68,2480.0,26.55,6.0,1,215.44
p1_W_E.505,2139.0,327.75,200.0,9,744.42
p2_S2_N2.66,2460.0,47.9,33.0,1,230.33
p2_S1_N1.69,2490.0,18.25,0.0,0,207.72
p1_W_E.506,2144.0,341.16,204.0,11,757.4
p2_N2_S2.66,2460.0,49.12,35.0,1,235.73
p2_S1_N1.70,2500.0,8.54,0.0,0,160.94
p2_N2_S2.67,2470.0,39.71,24.0,1,217.15
p2_N2_S2.68,2480.0,31.99,17.0,1,203.39
p2_N2_S2.69,2490.0,24.12,9.0,1,195.05
p2_E_W.72,2040.0,449.35,294.0,12,923.52
p2_E_W.73,2043.0,454.12,288.0,11,915.05
p2_N2_S2.70,2500.0,18.07,1.0,1,193.33
p2_E_W.74,2046.0,450.54,281.0,12,899.13
p2_N2_S2.71,2510.0,9.92,0.0,0,183.18
p2_S2_W.17,2313.0,185.45,99.0,7,511.98
p2_S2_W.18,2343.0,158.88,71.0,8,507.74
p2_S2_N2.67,2470.0,55.11,37.0,2,247.88
p2_S2_W.19,2373.0,130.96,48.0,6,457.56
p2_E_W.75,2049.0,457.05,304.0,9,950.35
p2_S2_N2.68,2480.0,46.98,28.0,2,228.85
p2_N2_S2.72,2520.0,5.84,0.0,0,149.23
p2_S2_N2.69,2490.0,38.97,19.0,2,219.74
p2_S2_N2.70,2500.0,34.6,13.0,2,216.36
p2_S1_N1.71,2510.0,20.33,9.0,1,189.11
p2_S1_N1.72,2520.0,16.08,2.0,1,190.97
p2_S2_N2.71,2510.0,24.68,7.0,1,190.22
p2_S1_N1.73,2530.0,7.77,0.0,0,173.66
p2_S2_N2.72,2520.0,18.07,1.0,1,190.41
p2_N1_S1.67,2470.0,71.93,48.0,3,270.38
p2_S1_N1.74,2540.0,5.77,0.0,0,149.76
p2_N1_S1.68,2480.0,60.94,38.0,3,245.92
p2_N1_S1.69,2490.0,58.77,31.0,3,269.47
p2_N2_S2.73,2530.0,6.38,0.0,0,153.35
p1_W_E.507,2172.0,352.94,221.0,10,773.59
p1_W_E.508,2175.0,355.9,219.0,10,770.41
p1_W_E.509,2178.0,355.77,217.0,10,783.64
p2_E_W.76,2053.0,479.67,325.0,12,965.15
p2_N1_E.19,2373.0,162.11,108.0,4,500.23
p2_E_W.77,2056.0,480.41,325.0,11,966.33
p2_E_W.78,2059.0,479.15,317.0,12,959.18
p2_N1_E.20,2403.0,132.48,79.0,4,430.73
p1_W_E.510,2182.0,356.93,211.0,10,790.65
p2_E_W.79,2062.0,478.01,317.0,10,938.09
p1_W_S2.51,2185.0,355.45,210.0,9,789.13
p1_W_E.511,2188.0,352.86,206.0,9,777.87
p1_W_E.512,2193.0,349.99,205.0,9,789.21
p2_N1_E.21,2433.0,113.31,64.0,3,408.21
p1_W_E.513,2205.0,343.72,212.0,10,783.49
p2_E_W.80,2070.0,460.5,317.0,10,920.81
p1_W_E.514,2208.0,342.53,209.0,9,786.16
p2_E_S1.8,2073.0,476.77,315.0,11,959.23
p2_N1_S1.70,2500.0,74.69,44.0,3,270.44
p2_S1_N1.75,2550.0,24.68,11.0,1,200.07
p2_N1_S1.71,2510.0,66.51,38.0,3,264.28
p2_S1_N1.76,2560.0,16.55,3.0,1,181.61
p2_N1_S1.72,2520.0,58.43,29.0,2,248.9
p2_S1_N1.77,2570.0,7.54,0.0,0,165.79
p2_N2_S2.74,2540.0,41.45,26.0,1,223.23
p2_S2_N2.73,2530.0,46.93,29.0,2,231.07
p2_N1_S1.73,2530.0,53.12,23.0,2,247.77
p2_S2_N2.74,2540.0,44.17,26.0,1,230.52
p2_N2_S2.75,2550.0,31.02,15.0,1,202.61
p2_S1_N1.78,2580.0,5.46,0.0,0,153.46
p2_S2_N2.75,2550.0,35.83,19.0,1,221.53
p2_N2_S2.76,2560.0,26.35,8.0,1,203.79
p2_N2_S2.77,2570.0,16.38,0.0,0,187.15
p2_N1_S1.74,2540.0,39.23,17.0,1,211.78
p2_N2_S2.78,2580.0,10.87,0.0,0,189.34
p2_N1_S1.75,2550.0,43.03,16.0,1,230.86
p2_S1_N1.79,2590.0,5.89,0.0,0,155.45
p2_N2_S2.79,2590.0,6.34,0.0,0,151.61
p2_N1_S1.76,2560.0,32.28,14.0,1,215.38
p2_N1_S1.77,2570.0,30.1,7.0,1,219.36
p2_S2_N2.76,2560.0,42.14,24.0,2,220.71
p2_N1_S1.78,2580.0,15.23,0.0,0,183.19
p2_S2_N2.77,2570.0,34.08,14.0,2,210.6
p2_N2_S2.80,2600.0,6.74,0.0,0,144.6
p2_E_W.81,2076.0,509.54,341.0,13,983.33
p2_E_W.82,2079.0,508.76,340.0,13,982.56
p2_S2_N2.78,2580.0,23.11,9.0,1,189.08
p2_S2_W.20,2403.0,183.07,95.0,7,505.41
p2_S2_W.21,2433.0,159.05,66.0,4,469.59
p1_W_E.515,2211.0,382.76,240.0,11,854.55
p2_E_W.83,2082.0,511.22,351.0,12,1033.52
p1_W_E.516,2214.0,379.77,238.0,10,822.89
p2_E_W.84,2085.0,511.13,343.0,9,1017.84
p1_W_E.517,2217.0,380.84,234.0,10,823.11
p2_E_W.85,2088.0,509.89,343.0,11,1019.42
p1_W_E.518,2220.0,379.7,234.0,11,819.94
p2_E_W.86,2091.0,503.04,341.0,11,999.6
p1_W_E.519,2223.0,378.48,232.0,13,813.32
p2_E_W.87,2094.0,508.15,334.0,11,1016.9
p1_W_E.520,2226.0,377.24,228.0,10,811.65
p2_E_W.88,2097.0,506.89,335.0,13,993.05
p1_W_S2.52,2229.0,377.34,226.0,13,794.83
p1_W_E.521,2233.0,374.21,222.0,11,806.44
p2_N1_S1.79,2590.0,36.94,22.0,1,213.79
p2_N1_S1.80,2600.0,32.06,19.0,1,215.88
p2_S1_N1.80,2600.0,25.35,13.0,1,194.5
p2_N1_S1.81,2610.0,25.94,12.0,1,224.04
p2_S1_N1.81,2610.0,22.67,9.0,1,196.4
p2_S1_N1.82,2620.0,14.92,1.0,1,192.59
p1_W_E.522,2236.0,363.01,218.0,11,783.57
p1_W_E.523,2239.0,378.92,225.0,12,788.29
p2_S1_N1.83,2630.0,9.23,0.0,0,169.12
p1_W_E.524,2266.0,351.24,206.0,9,756.34
p1_W_E.525,2269.0,342.3,200.0,10,754.14
p2_S2_N2.79,2590.0,53.34,33.0,2,249.23
p2_N2_S2.81,2610.0,34.12,21.0,1,211.49
p2_N2_S2.82,2620.0,25.38,13.0,1,195.8
p2_N2_S2.83,2630.0,17.97,6.0,1,191.87
p2_N2_S2.84,2640.0,10.47,0.0,0,172.94
p2_E_W.89,2100.0,531.01,354.0,13,1029.22
p2_S2_N2.80,2600.0,38.88,27.0,1,216.02
p2_E_W.90,2103.0,530.0,347.0,11,1034.83
p2_S2_N2.81,2610.0,44.21,26.0,1,236.85
p2_S2_N2.82,2620.0,36.06,18.0,1,224.91
p2_N2_S2.85,2650.0,6.19,0.0,0,148.91
p2_S2_N2.83,2630.0,26.16,9.0,1,197.66
p2_S2_N2.84,2640.0,15.51,0.0,0,176.6
p2_N2_S2.86,2660.0,5.73,0.0,0,149.29
p2_S2_N2.85,2650.0,14.75,0.0,0,179.81
p2_E_S1.9,2161.0,485.68,309.0,12,969.56
p2_S2_N2.86,2660.0,6.4,0.0,0,153.12
p2_S1_N1.84,2640.0,28.27,16.0,1,207.91
p1_W_E.526,2272.0,382.47,235.0,10,807.55
p2_S1_N1.85,2650.0,22.26,9.0,1,199.22
p2_S1_N1.86,2660.0,13.73,0.0,0,185.83
p2_S1_N1.87,2670.0,7.84,0.0,0,168.09
p1_W_E.527,2275.0,375.68,233.0,10,801.77
p2_N1_S1.82,2620.0,61.55,40.0,3,258.2
p1_W_E.528,2278.0,379.25,226.0,10,813.88
p1_W_E.529,2281.0,382.59,221.0,12,831.46
p2_N1_S1.83,2630.0,51.06,34.0,2,229.8
p2_N1_E.22,2463.0,192.29,140.0,6,536.37
p2_N1_S1.84,2640.0,48.51,30.0,2,240.9
p2_N1_E.23,2493.0,175.19,108.0,5,512.58
p1_W_S2.53,2288.0,381.2,222.0,12,822.73
p1_W_E.530,2284.0,386.32,227.0,13,835.01
p1_W_E.531,2316.0,352.72,200.0,11,786.02
p2_S1_N1.88,2680.0,6.24,0.0,0,148.64
p2_N1_S1.85,2650.0,46.52,20.0,2,232.0
p2_N1_S1.86,2660.0,39.02,12.0,2,224.34
p2_N2_S2.87,2670.0,29.21,16.0,1,207.84
p2_S1_N1.89,2690.0,6.54,0.0,0,152.79
p2_N1_S1.87,2670.0,27.45,4.0,1,194.91
p2_N2_S2.88,2680.0,25.45,9.0,1,195.4
p2_S2_N2.87,2670.0,21.95,10.0,1,187.0
p2_N2_S2.89,2690.0,17.21,2.0,1,192.18
p2_E_W.91,2165.0,521.97,337.0,13,998.29
p2_N2_S2.90,2700.0,8.96,0.0,0,177.79
p2_E_W.92,2168.0,520.73,329.0,11,1002.14
p2_E_W.93,2171.0,519.6,326.0,11,999.82
p2_S2_N2.88,2680.0,33.15,14.0,2,207.77
p2_S2_N2.89,2690.0,24.98,8.0,2,194.01
p2_E_W.94,2174.0,513.98,320.0,12,991.76
p2_N2_S2.91,2710.0,6.05,0.0,0,152.12
p2_S2_N2.90,2700.0,16.86,3.0,1,183.15
p2_E_W.95,2177.0,513.68,321.0,12,990.03
p2_S2_W.22,2463.0,234.85,143.0,8,606.32
p2_S2_W.23,2493.0,206.56,112.0,8,561.49
p2_N1_S1.88,2680.0,46.03,20.0,2,231.74
p2_S1_N1.90,2700.0,26.33,16.0,1,196.07
p2_S2_N2.91,2710.0,9.1,0.0,0,161.7
p1_W_E.532,2320.0,385.07,230.0,13,833.83
p2_N1_S1.89,2690.0,38.57,16.0,1,216.79
p2_S1_N1.91,2710.0,19.28,8.0,1,190.5
p1_W_E.533,2323.0,385.34,222.0,11,841.19
p1_W_E.534,2326.0,384.08,217.0,11,821.51
p2_N1_S1.90,2700.0,29.24,15.0,1,204.2
p2_S1_N1.92,2720.0,9.52,0.0,0,168.56
p1_W_E.535,2329.0,382.93,214.0,12,823.02
p2_N1_E.24,2523.0,190.18,109.0,6,533.57
p2_N1_E.25,2553.0,147.8,90.0,5,461.01
p2_S2_W.24,2523.0,180.97,100.0,8,511.84
p2_N1_E.26,2583.0,142.78,73.0,3,460.81
p1_W_E.536,2332.0,393.72,223.0,13,843.53
p2_E_W.96,2180.0,547.6,353.0,13,1042.28
p2_E_W.97,2183.0,546.28,350.0,13,1058.05
p1_W_E.537,2335.0,378.17,221.0,12,832.7
p2_E_W.98,2246.0,482.89,299.0,13,963.25
p1_W_E.538,2338.0,394.0,216.0,13,824.22
p1_W_E.539,2341.0,386.24,208.0,12,834.45
p2_E_W.99,2250.0,464.1,293.0,12,927.68
p2_S2_N2.92,2720.0,35.08,25.0,1,217.64
p2_E_S1.10,2256.0,478.33,286.0,13,961.38
p1_W_E.540,2344.0,391.44,203.0,11,832.7
p2_E_W.100,2253.0,464.65,290.0,11,939.28
p2_N2_S2.92,2720.0,37.07,25.0,1,216.14
p2_S2_N2.93,2730.0,27.49,16.0,1,200.41
p2_N2_S2.93,2730.0,29.33,16.0,1,197.68
p2_E_W.101,2259.0,473.68,284.0,11,940.53
p2_N2_S2.94,2740.0,21.21,7.0,1,193.84
p2_N2_S2.95,2750.0,12.14,0.0,0,177.8
p2_E_W.102,2262.0,468.43,281.0,11,930.36
p2_E_W.103,2268.0,474.63,280.0,11,935.21
p2_N2_S2.96,2760.0,5.95,0.0,0,150.52
p2_N1_S1.91,2710.0,57.84,39.0,2,252.51
p2_S1_N1.93,2730.0,35.7,23.0,1,209.03
p2_N1_S1.92,2720.0,47.07,28.0,2,231.41
p2_S1_N1.94,2740.0,31.24,18.0,1,214.25
p2_S2_N2.94,2740.0,31.98,12.0,2,211.43
p2_N1_S1.93,2730.0,43.23,27.0,1,222.16
p2_S1_N1.95,2750.0,22.98,10.0,1,205.19
p2_S2_N2.95,2750.0,23.92,6.0,2,202.88
p2_S1_N1.96,2760.0,14.27,2.0,1,194.32
p2_S1_N1.97,2770.0,6.21,0.0,0,153.76
p2_N2_S2.97,2770.0,5.93,0.0,0,153.27
p2_S2_N2.96,2760.0,13.39,2.0,1,178.55
p2_S2_N2.97,2770.0,10.43,0.0,0,177.62
p2_N1_S1.94,2740.0,38.64,21.0,2,224.67
p2_S2_N2.98,2780.0,5.59,0.0,0,146.8
p2_N1_S1.95,2750.0,36.55,15.0,2,218.04
p2_N1_S1.96,2760.0,27.47,5.0,1,222.27
p2_S1_N1.98,2780.0,6.11,0.0,0,149.47
p2_N2_S2.98,2780.0,6.3,0.0,0,152.18
p2_S1_N1.99,2790.0,6.2,0.0,0,156.04
p2_N1_S1.97,2770.0,20.47,0.0,0,191.62
p2_N1_S1.98,2780.0,18.92,0.0,0,199.81
p1_W_S2.54,2363.0,410.63,243.0,16,849.48
p1_W_E.541,2366.0,413.01,239.0,14,863.76
p2_N1_S1.99,2790.0,10.68,0.0,0,184.3
p1_W_E.542,2369.0,410.04,240.0,14,842.02
p1_W_E.543,2372.0,412.09,236.0,12,845.9
p2_E_W.104,2317.0,467.17,275.0,10,924.48
p1_W_E.544,2375.0,410.83,232.0,13,849.71
p1_W_E.545,2378.0,409.62,237.0,12,851.86
p1_W_E.546,2381.0,404.35,229.0,12,843.44
p1_W_E.547,2384.0,405.85,232.0,11,834.72
p2_E_W.105,2321.0,455.22,274.0,11,884.13
p2_S2_W.25,2553.0,239.64,131.0,8,584.79
p2_N1_E.27,2613.0,180.04,122.0,6,516.93
p2_S2_W.26,2583.0,205.52,109.0,6,552.7
p2_N1_E.28,2643.0,151.63,91.0,6,475.67
p2_E_W.106,2325.0,471.63,296.0,10,943.18
p2_N1_E.29,2673.0,123.64,61.0,4,437.58
p1_W_E.548,2388.0,410.7,242.0,13,861.99
p2_E_W.107,2328.0,454.94,290.0,10,905.84
p1_W_E.549,2425.0,375.46,219.0,12,801.17
p2_E_W.108,2331.0,462.82,286.0,10,937.88
p1_W_E.550,2432.0,366.76,215.0,13,774.88
p2_E_W.109,2335.0,467.82,281.0,10,918.47
p1_W_S2.55,2465.0,339.1,191.0,11,742.65
p2_S2_W.27,2613.0,190.53,93.0,5,510.64
p2_S2_W.28,2643.0,160.35,69.0,5,491.99
p2_S1_N1.100,2800.0,29.46,18.0,1,206.31
p2_N1_S1.100,2800.0,27.1,16.0,1,199.92
p2_N2_S2.99,2790.0,41.65,29.0,1,219.94
p2_S2_N2.99,2790.0,41.29,30.0,1,216.29
p2_N1_S1.101,2810.0,21.02,8.0,1,192.49
p2_S1_N1.101,2810.0,19.29,6.0,1,193.05
p2_S1_N1.102,2820.0,11.01,0.0,0,161.6
p2_N1_S1.102,2820.0,9.18,0.0,0,166.45
p2_N2_S2.100,2800.0,32.2,20.0,1,205.55
p2_S1_N1.103,2830.0,6.46,0.0,0,153.43
p2_N2_S2.101,2810.0,22.4,10.0,1,188.95
p2_E_W.110,2338.0,481.62,307.0,11,963.51
p2_N2_S2.102,2820.0,18.85,3.0,1,192.18
p2_N2_S2.103,2830.0,13.89,0.0,0,192.39
p2_N2_S2.104,2840.0,5.78,0.0,0,149.02
p2_S2_N2.100,2800.0,51.04,34.0,2,241.44
p2_S2_N2.101,2810.0,42.71,24.0,2,221.74
p2_S2_N2.102,2820.0,34.59,15.0,2,205.4
p2_N2_S2.105,2850.0,5.86,0.0,0,149.1
p2_S2_N2.103,2830.0,29.3,8.0,1,206.53
p2_E_S1.11,2341.0,496.98,317.0,15,976.66
p2_S2_N2.104,2840.0,21.29,5.0,1,195.58
p2_S1_N1.104,2840.0,24.91,13.0,1,198.95
p2_S1_N1.105,2850.0,16.58,4.0,1,181.3
p2_N2_S2.106,2860.0,5.83,0.0,0,153.55
p2_S1_N1.106,2860.0,6.43,0.0,0,150.58
p2_S2_N2.105,2850.0,8.14,0.0,0,166.14
p2_N1_S1.103,2830.0,44.54,28.0,2,218.44
p2_S1_N1.107,2870.0,5.39,0.0,0,153.35
p1_W_E.551,2469.0,379.17,228.0,12,809.43
p2_N1_S1.104,2840.0,36.44,22.0,2,218.82
p1_W_E.552,2472.0,384.74,226.0,11,826.88
p1_W_E.553,2475.0,383.44,220.0,14,821.71
p2_N1_E.30,2703.0,154.45,101.0,4,478.05
p1_W_E.554,2478.0,383.84,223.0,12,835.24
p1_W_E.555,2481.0,382.69,221.0,13,835.46
p2_S1_N1.108,2880.0,5.39,0.0,0,155.07
p2_N1_S1.105,2850.0,21.68,7.0,2,189.26
p1_W_E.556,2485.0,380.3,215.0,12,819.87
p2_N1_S1.106,2860.0,27.78,3.0,1,194.63
p1_W_E.557,2504.0,363.07,204.0,11,793.37
p2_N1_S1.107,2870.0,13.49,0.0,0,181.88
p1_W_E.558,2508.0,360.81,204.0,11,792.49
p2_N1_S1.108,2880.0,11.3,0.0,0,177.14
p1_W_E.559,2514.0,356.71,202.0,12,761.95
p1_W_E.560,2520.0,351.69,195.0,10,755.05
p2_N1_E.31,2733.0,140.82,97.0,4,455.35
p2_E_W.111,2344.0,532.24,347.0,16,1021.69
p2_E_W.112,2403.0,473.44,293.0,12,947.89
p2_E_W.113,2407.0,474.08,285.0,11,951.75
p2_S2_N2.106,2860.0,42.37,27.0,1,213.51
p2_N2_S2.107,2870.0,32.91,21.0,1,213.87
p2_E_W.114,2410.0,472.89,283.0,13,937.67
p2_S2_N2.107,2870.0,34.36,23.0,1,204.26
p2_E_W.115,2413.0,471.78,276.0,12,942.73
p2_S2_N2.108,2880.0,26.21,14.0,1,205.79
p2_E_W.116,2416.0,470.54,277.0,12,961.08
p2_N2_S2.108,2880.0,22.43,10.0,1,188.08
p2_E_W.117,2419.0,469.32,271.0,12,934.7
p2_N1_S1.109,2890.0,25.46,14.0,1,202.56
p2_N2_S2.109,2890.0,8.34,0.0,0,164.06
p2_S2_N2.109,2890.0,25.93,8.0,1,205.95
p2_S1_N1.109,2890.0,23.31,13.0,1,188.74
p2_N1_S1.110,2900.0,16.0,6.0,1,185.8
p2_N2_S2.110,2900.0,18.02,0.0,0,177.32
p2_S1_N1.110,2900.0,18.99,5.0,1,201.41
p2_N1_S1.111,2910.0,8.7,0.0,0,168.16
p2_S1_N1.111,2910.0,9.29,0.0,0,180.07
p2_N1_E.32,2763.0,123.47,77.0,3,437.54
p2_N1_E.33,2793.0,113.13,68.0,4,413.56
p1_W_S2.56,2547.0,347.71,220.0,11,780.99
p1_W_E.561,2550.0,358.28,216.0,11,791.39
p1_W_E.562,2553.0,356.88,210.0,12,785.36
p2_S2_W.29,2673.0,228.09,125.0,9,566.73
p2_S2_W.30,2703.0,208.97,104.0,8,544.58
p2_E_W.118,2422.0,491.0,308.0,11,975.05
p1_W_E.563,2556.0,344.89,206.0,12,783.84
p2_S2_W.31,2733.0,182.31,98.0,8,531.79
p1_W_E.564,2559.0,351.63,201.0,11,771.55
p2_S2_W.32,2763.0,145.34,73.0,5,445.52
p1_W_E.565,2562.0,357.12,205.0,10,762.24
p2_E_W.119,2425.0,489.87,333.0,14,980.57
p1_W_E.566,2565.0,350.68,201.0,10,763.45
p2_E_W.120,2428.0,493.45,326.0,13,1000.96
p1_W_E.567,2568.0,354.82,192.0,11,770.18
p1_W_E.568,2571.0,353.46,188.0,12,775.21
p1_W_E.569,2574.0,352.11,187.0,13,759.18
p1_W_S2.57,2602.0,324.03,172.0,10,715.77
p1_W_E.570,2577.0,350.87,186.0,10,772.37
p1_W_E.571,2605.0,324.51,169.0,10,723.63
p1_W_E.572,2608.0,323.4,167.0,9,722.0
p2_E_S1.12,2431.0,500.93,326.0,14,1001.33
p2_N1_S1.112,2920.0,36.32,24.0,1,212.54
p1_W_E.573,2611.0,313.49,163.0,11,693.08
p2_N1_S1.113,2930.0,28.05,16.0,1,204.93
p2_N2_S2.111,2910.0,47.18,37.0,1,225.27
p2_N1_S1.114,2940.0,19.91,8.0,1,193.99
p2_N2_S2.112,2920.0,39.6,29.0,1,222.84
p2_S2_N2.110,2900.0,54.66,37.0,1,244.0
p2_S1_N1.112,2920.0,30.09,18.0,1,201.72
p2_N2_S2.113,2930.0,31.47,19.0,1,208.95
p2_S2_N2.111,2910.0,54.03,37.0,1,249.47
p2_S1_N1.113,2930.0,34.1,16.0,1,211.62
p2_N2_S2.114,2940.0,25.32,11.0,1,205.03
p2_S1_N1.114,2940.0,25.82,8.0,1,200.19
p2_S1_N1.115,2950.0,17.45,1.0,1,199.03
p2_N2_S2.115,2950.0,17.18,2.0,1,190.48
p2_E_W.121,2435.0,513.13,331.0,16,1009.7
p2_N2_S2.116,2960.0,8.09,0.0,0,158.84
p2_E_W.122,2495.0,454.96,285.0,14,918.67
p2_E_W.123,2499.0,450.43,279.0,15,908.59
p2_S2_N2.112,2920.0,51.66,33.0,2,229.34
p2_N2_S2.117,2970.0,6.04,0.0,0,154.8
p2_E_W.124,2502.0,448.6,268.0,15,902.83
p2_S2_N2.113,2930.0,47.02,26.0,2,237.62
p2_E_W.125,2505.0,445.24,272.0,16,883.17
p2_S2_N2.114,2940.0,38.71,16.0,2,222.93
p2_E_W.126,2508.0,448.58,268.0,14,907.84
p2_S2_N2.115,2950.0,31.98,10.0,2,215.08
p2_E_W.127,2512.0,450.25,264.0,14,900.1
p2_E_W.128,2515.0,447.4,254.0,14,904.66
p2_S2_N2.116,2960.0,22.57,0.0,0,194.65
p2_S2_N2.117,2970.0,16.49,0.0,0,186.48
p2_E_W.129,2518.0,442.26,248.0,13,890.65
p2_E_W.130,2526.0,441.76,252.0,15,876.39
p2_S2_N2.118,2980.0,9.64,0.0,0,172.64
p2_W_N1.0,2817.0,174.85,74.0,5,424.04
p2_E_S1.13,2556.0,417.79,230.0,12,867.15
p2_S2_N2.119,2990.0,5.88,0.0,0,151.03
p2_N1_S1.115,2950.0,48.23,28.0,2,230.1
p2_S1_N1.116,2960.0,36.2,25.0,1,203.72
p2_S1_N1.117,2970.0,31.54,18.0,1,200.68
p2_S1_N1.118,2980.0,23.23,9.0,1,197.26
p2_N2_S2.118,2980.0,6.91,0.0,0,154.52
p2_N1_S1.116,2960.0,36.24,25.0,1,215.35
p2_S1_N1.119,2990.0,12.83,0.0,0,186.67
p2_N2_S2.119,2990.0,10.15,0.0,0,166.84
p2_N1_S1.117,2970.0,36.55,22.0,1,212.47
p2_S1_N1.120,3000.0,6.72,0.0,0,157.09
p1_W_E.574,2615.0,370.28,206.0,12,788.08
p1_W_E.575,2618.0,366.27,198.0,12,769.33
p2_N1_S1.118,2980.0,32.1,15.0,1,221.6
p2_S1_N1.121,3010.0,5.49,0.0,0,145.6
p2_N1_E.34,2823.0,154.95,108.0,5,471.77
p2_N1_S1.119,2990.0,21.84,4.0,1,189.1
p2_N1_E.35,2853.0,125.16,75.0,5,428.88
p2_N1_E.36,2883.0,117.05,63.0,3,417.49
p2_N1_S1.120,3000.0,10.35,0.0,0,173.56
p1_W_E.576,2623.0,379.06,202.0,11,814.42
p1_W_E.577,2643.0,360.85,193.0,11,792.51
p2_S2_W.33,2793.0,208.92,107.0,10,545.98
p1_W_E.578,2647.0,358.63,191.0,12,785.46
p2_S2_W.34,2823.0,182.49,75.0,8,519.78
p1_W_E.579,2649.0,358.36,185.0,11,785.65
p1_W_S2.58,2656.0,349.77,197.0,11,762.17
p2_S2_W.35,2853.0,154.33,62.0,8,477.94
p2_N1_E.37,2913.0,95.84,45.0,2,381.19
p2_E_W.131,2559.0,450.59,281.0,12,949.44
p1_W_E.580,2653.0,353.75,197.0,12,791.3
p2_E_W.132,2563.0,448.45,276.0,13,932.8
p1_W_E.581,2659.0,350.78,193.0,11,770.85
p1_W_E.582,2665.0,349.58,182.0,10,764.47
p2_E_W.133,2566.0,441.11,273.0,12,908.99
p2_N2_S2.120,3000.0,39.63,28.0,1,217.43
p2_S2_N2.120,3000.0,38.85,28.0,1,224.22
p2_E_W.134,2569.0,449.57,273.0,13,926.01
p2_N2_S2.121,3010.0,31.43,20.0,1,207.73
p2_N1_S1.121,3010.0,33.38,18.0,1,210.66
p2_N2_S2.122,3020.0,23.36,10.0,1,189.8
p2_N1_S1.122,3020.0,25.38,13.0,1,193.55
p2_S1_N1.122,3020.0,23.55,11.0,1,190.49
p2_N2_S2.123,3030.0,15.02,3.0,1,183.78
p2_N1_S1.123,3030.0,17.46,6.0,1,191.74
p2_S1_N1.123,3030.0,16.83,2.0,1,197.12
p2_N2_S2.124,3040.0,5.66,0.0,0,151.26
p2_S1_N1.124,3040.0,6.09,0.0,0,155.59
p2_S2_N2.121,3010.0,44.71,28.0,2,222.54
p2_E_W.135,2572.0,462.82,279.0,12,936.74
p2_S2_N2.122,3020.0,36.68,17.0,2,217.37
p2_E_W.136,2575.0,461.67,275.0,14,932.34
p2_E_W.137,2578.0,460.84,273.0,16,926.24
p2_S2_N2.123,3030.0,25.43,7.0,2,194.24
p2_N2_S2.125,3050.0,6.34,0.0,0,151.57
p2_E_W.138,2581.0,459.89,268.0,14,914.5
p2_S2_W.36,2883.0,159.32,66.0,6,463.27
p1_W_E.583,2694.0,351.89,195.0,9,761.24
p2_E_W.139,2584.0,457.07,283.0,11,930.32
p1_W_E.584,2698.0,348.72,192.0,10,761.15
p2_E_W.140,2587.0,460.84,282.0,11,938.29
p1_W_E.585,2701.0,348.82,185.0,9,756.93
p2_W_N1.1,2839.0,235.99,120.0,8,523.51
p2_E_S1.14,2590.0,469.9,285.0,13,955.37
p2_N1_S1.124,3040.0,44.07,27.0,1,235.1
p2_S1_N1.125,3050.0,33.39,23.0,1,209.22
p1_W_E.586,2704.0,326.0,187.0,9,722.89
p2_S1_N1.126,3060.0,24.88,13.0,1,196.11
p1_W_E.587,2707.0,359.03,183.0,11,745.81
p2_N1_S1.125,3050.0,33.2,23.0,1,207.81
p1_W_E.588,2710.0,359.92,179.0,11,748.15
p1_W_S2.59,2719.0,338.44,185.0,10,717.68
p2_N1_S1.126,3060.0,30.72,16.0,1,204.43
p2_S1_N1.127,3070.0,15.36,3.0,1,181.52
p1_W_E.589,2713.0,356.73,177.0,10,748.37
p2_S1_N1.128,3080.0,13.9,0.0,0,178.16
p2_N1_E.38,2943.0,121.22,63.0,3,402.15
p1_W_E.590,2716.0,359.47,186.0,11,764.13
p1_W_E.591,2722.0,347.52,181.0,10,763.08
p2_E_W.141,2593.0,480.64,293.0,13,967.66
p1_W_E.592,2747.0,329.12,167.0,9,736.17
p2_E_W.142,2596.0,480.42,287.0,15,967.71
p1_W_E.593,2752.0,328.78,159.0,8,733.75
p1_W_E.594,2759.0,317.49,161.0,9,724.46
p2_S2_W.37,2913.0,163.79,83.0,7,486.13
p2_S2_W.38,2943.0,140.57,51.0,7,459.35
p2_S2_N2.124,3040.0,65.89,36.0,2,266.12
p2_S2_W.39,2973.0,112.27,36.0,4,433.94
p2_N2_S2.126,3060.0,47.07,31.0,1,233.73
p2_E_W.143,2638.0,449.51,291.0,13,934.18
p2_E_W.144,2641.0,448.27,287.0,14,931.45
p2_S2_N2.125,3050.0,55.38,32.0,1,245.61
p2_W_N1.2,2898.0,213.97,99.0,9,484.11
p2_S2_N2.126,3060.0,50.13,31.0,1,234.5
p2_N2_S2.127,3070.0,35.82,18.0,2,215.28
p2_N2_S2.128,3080.0,30.68,10.0,2,212.52
p2_S1_N1.129,3090.0,25.49,14.0,1,200.1
p2_N2_S2.129,3090.0,27.42,5.0,2,216.68
p2_S1_N1.130,3100.0,15.4,4.0,1,180.88
p2_N2_S2.130,3100.0,17.73,0.0,0,192.44
p2_N1_S1.127,3070.0,40.55,24.0,2,224.39
p2_S1_N1.131,3110.0,11.09,0.0,0,177.34
p2_N2_S2.131,3110.0,10.6,0.0,0,177.65
p2_N1_S1.128,3080.0,41.12,17.0,1,239.05
p2_S1_N1.132,3120.0,5.48,0.0,0,152.44
p2_N2_S2.132,3120.0,6.14,0.0,0,150.16
p2_S2_N2.127,3070.0,48.48,25.0,2,229.51
p2_N1_S1.129,3090.0,21.3,9.0,1,177.39
p2_S2_N2.128,3080.0,51.92,20.0,2,245.78
p2_N1_S1.130,3100.0,32.2,6.0,1,207.97
p2_S2_N2.129,3090.0,43.71,11.0,2,241.2
p2_N1_S1.131,3110.0,21.51,0.0,0,202.75
p2_S2_N2.130,3100.0,35.43,5.0,2,226.64
p2_N1_S1.132,3120.0,15.71,0.0,0,183.69
p2_N2_S2.133,3130.0,5.92,0.0,0,152.69
p2_S2_N2.131,3110.0,26.18,0.0,0,208.81
p2_E_W.145,2644.0,471.07,310.0,13,935.86
p2_S2_N2.132,3120.0,18.86,0.0,0,196.99
p2_S2_N2.133,3130.0,11.52,0.0,0,180.25
p2_E_W.146,2647.0,455.13,305.0,11,938.4
p1_W_E.595,2796.0,323.27,183.0,8,715.41
p2_E_W.147,2650.0,472.41,302.0,14,953.13
p1_W_E.596,2799.0,333.39,178.0,8,733.13
p2_E_W.148,2653.0,479.54,296.0,14,960.34
p1_W_E.597,2803.0,331.06,178.0,9,739.48
p2_E_W.149,2656.0,478.11,291.0,14,964.84
p1_W_E.598,2806.0,329.38,171.0,8,729.42
p2_E_W.150,2659.0,476.88,289.0,13,954.94
p2_W_N1.3,2913.0,239.62,100.0,12,517.15
p1_W_E.599,2809.0,319.95,173.0,9,717.79
p2_E_S1.15,2662.0,470.65,287.0,14,939.87
p2_W_E.0,2812.0,328.08,171.0,9,711.96
p2_S1_N1.133,3130.0,30.96,20.0,1,202.32
p2_N1_E.39,2973.0,166.87,108.0,5,509.52
p2_N1_S1.133,3130.0,29.13,18.0,1,196.48
p2_N1_E.40,3003.0,140.33,77.0,3,463.87
p2_N1_S1.134,3140.0,22.82,10.0,1,188.56
p2_S1_N1.134,3140.0,21.61,11.0,1,200.38
p2_W_E.1,2827.0,318.4,174.0,10,725.57
p2_N1_S1.135,3150.0,17.38,5.0,1,187.28
p2_S1_N1.135,3150.0,16.1,4.0,1,190.47
p2_W_E.2,2830.0,317.09,170.0,10,724.86
p2_S1_N1.136,3160.0,9.16,0.0,0,169.84
p2_N1_E.41,3033.0,111.69,60.0,3,400.92
p2_W_E.3,2833.0,317.74,173.0,10,730.85
p2_W_E.4,2836.0,315.0,167.0,8,720.1
p2_E_W.151,2665.0,483.8,295.0,14,970.31
p2_E_W.152,2668.0,481.4,290.0,17,951.31
p2_S2_N2.134,3140.0,35.52,24.0,1,212.32
p2_E_W.153,2703.0,456.35,268.0,13,912.35
p2_E_W.154,2706.0,452.17,265.0,12,916.51
p2_N2_S2.134,3140.0,32.01,21.0,1,203.65
p2_E_W.155,2712.0,444.11,258.0,13,902.32
p2_N2_S2.135,3150.0,26.04,12.0,1,202.32
p2_N2_S2.136,3160.0,25.59,9.0,1,199.27
p2_S2_W.40,3003.0,157.74,69.0,7,479.19
p2_S2_N2.135,3150.0,21.51,8.0,1,181.91
p2_N2_S2.137,3170.0,17.34,0.0,0,184.76
p2_S2_W.41,3033.0,130.58,37.0,6,430.23
p2_N2_S2.138,3180.0,9.0,0.0,0,169.71
p2_E_W.156,2718.0,444.02,268.0,11,890.22
p2_E_W.157,2764.0,406.47,239.0,10,825.3
p2_S2_N2.136,3160.0,30.31,12.0,2,209.3
p2_S2_N2.137,3170.0,24.84,7.0,2,199.68
p2_W_N1.4,2939.0,256.7,105.0,11,528.86
p2_E_W.158,2767.0,395.87,231.0,10,817.26
p2_S2_N2.138,3180.0,15.0,2.0,1,178.4
p2_N1_S1.136,3160.0,37.75,21.0,1,211.81
p2_S1_N1.137,3170.0,29.08,18.0,1,204.75
p2_N1_S1.137,3170.0,30.75,17.0,1,207.24
p2_S2_N2.139,3190.0,9.93,0.0,0,172.74
p2_S1_N1.138,3180.0,21.01,9.0,1,196.09
p2_N1_S1.138,3180.0,22.62,10.0,1,191.87
p2_S1_N1.139,3190.0,11.95,0.0,0,177.84
p2_S1_N1.140,3200.0,6.31,0.0,0,149.35
p2_N2_S2.139,3190.0,6.75,0.0,0,149.02
p2_N1_S1.139,3190.0,20.63,1.0,1,195.54
p2_N2_S2.140,3200.0,10.69,0.0,0,162.77
p2_N2_S2.141,3210.0,5.75,0.0,0,148.9
p2_E_W.159,2770.0,423.02,244.0,12,866.32
p2_S2_N2.140,3200.0,6.19,0.0,0,149.52
p2_E_W.160,2774.0,422.26,243.0,11,884.39
p2_W_N1.5,2985.0,239.56,86.0,9,503.22
p2_S2_N2.141,3210.0,6.87,0.0,0,151.2
p2_E_S1.16,2777.0,424.53,242.0,11,903.92
p2_S1_N1.141,3210.0,23.27,10.0,1,195.65
p2_N1_S1.140,3200.0,38.6,17.0,1,230.4
p2_S1_N1.142,3220.0,18.71,3.0,1,192.45
p2_W_E.5,2842.0,349.2,217.0,13,761.71
p2_N1_S1.141,3210.0,24.05,11.0,1,196.69
p2_S1_N1.143,3230.0,10.49,0.0,0,176.14
p2_N1_E.42,3063.0,135.18,99.0,3,442.17
p2_W_E.6,2847.0,374.11,220.0,12,796.22
p2_W_E.7,2891.0,331.86,182.0,11,744.31
p2_W_E.8,2895.0,329.51,180.0,10,741.27
p2_N1_S1.142,3220.0,24.32,5.0,1,196.54
p2_S1_N1.144,3240.0,5.9,0.0,0,156.62
p2_N1_E.43,3093.0,126.68,80.0,3,442.39
p2_N1_S1.143,3230.0,17.87,0.0,0,191.82
p2_N1_E.44,3123.0,104.8,65.0,2,408.5
p2_W_E.9,2901.0,329.05,174.0,13,745.57
p2_W_E.10,2904.0,327.79,169.0,11,743.14
p2_W_E.11,2907.0,326.54,163.0,12,737.39
p2_W_E.12,2910.0,324.76,158.0,12,748.29
p2_N1_S1.144,3240.0,6.44,0.0,0,153.83
p2_N1_E.45,3153.0,71.47,43.0,1,337.38
p2_S1_N1.145,3250.0,6.27,0.0,0,153.72
p2_W_E.13,2918.0,317.09,156.0,14,677.91
p2_W_E.14,2929.0,304.38,150.0,15,668.43
p2_W_E.15,2932.0,307.94,146.0,13,677.53
p2_W_E.16,2936.0,308.5,139.0,12,699.22
p2_E_W.161,2780.0,464.88,274.0,12,949.37
p2_N1_E.46,3183.0,62.62,26.0,2,345.67
p2_E_W.162,2783.0,458.96,269.0,15,941.18
p2_E_W.163,2786.0,461.97,263.0,14,938.07
p2_E_W.164,2789.0,463.99,263.0,18,940.54
p2_N2_S2.142,3220.0,54.24,37.0,2,240.37
p2_E_W.165,2844.0,409.98,217.0,13,853.21
p2_S2_N2.142,3220.0,46.73,31.0,1,220.98
p2_N2_S2.143,3230.0,45.03,28.0,2,226.34
p2_S2_W.42,3063.0,190.91,100.0,8,522.12
p2_S2_N2.143,3230.0,47.64,26.0,1,225.24
p2_N2_S2.144,3240.0,38.86,19.0,2,213.31
p2_S2_W.43,3093.0,164.56,69.0,7,474.98
p2_S2_N2.144,3240.0,40.33,19.0,1,226.06
p2_N2_S2.145,3250.0,29.08,8.0,1,212.42
p2_S2_W.44,3123.0,136.34,58.0,5,442.06
p2_N2_S2.146,3260.0,22.35,3.0,1,213.87
p2_E_W.166,2887.0,369.86,225.0,10,796.53
p2_E_W.167,2890.0,373.94,221.0,10,787.08
p2_N2_S2.147,3270.0,11.29,0.0,0,168.02
p2_N2_S2.148,3280.0,7.19,0.0,0,160.14
p2_W_N1.6,3022.0,265.52,110.0,11,548.87
p2_N1_S1.145,3250.0,40.02,25.0,2,221.29
p2_S1_N1.146,3260.0,30.44,19.0,1,213.98
p2_S1_N1.147,3270.0,22.26,9.0,1,201.93
p2_N1_S1.146,3260.0,30.17,17.0,1,206.76
p2_S1_N1.148,3280.0,14.05,0.0,0,182.03
p2_N1_S1.147,3270.0,25.14,12.0,1,210.72
p2_S1_N1.149,3290.0,5.99,0.0,0,154.03
p2_N2_S2.149,3290.0,5.88,0.0,0,153.04
p2_E_W.168,2893.0,387.99,233.0,13,824.67
p2_E_W.169,2896.0,387.04,227.0,13,831.1
p2_E_W.170,2899.0,383.85,224.0,12,827.94
p2_W_N1.7,3038.0,272.75,96.0,10,553.71
p2_N2_S2.150,3300.0,6.47,0.0,0,149.24
p2_S2_N2.145,3250.0,66.65,40.0,3,263.48
p2_S2_N2.146,3260.0,57.5,29.0,3,241.66
p2_S2_N2.147,3270.0,51.07,24.0,1,244.33
p2_N2_S2.151,3310.0,6.03,0.0,0,151.26
p2_E_S1.17,2902.0,394.23,229.0,13,835.57
p2_N1_S1.148,3280.0,42.86,23.0,2,223.89
p2_S2_N2.148,3280.0,42.63,22.0,1,229.71
p2_N1_S1.149,3290.0,40.2,20.0,1,226.88
p2_W_E.17,2942.0,363.93,199.0,14,769.03
p2_N1_S1.150,3300.0,31.18,18.0,1,219.96
p2_S1_N1.150,3300.0,20.14,8.0,1,184.27
p2_W_E.18,2945.0,359.01,188.0,12,755.2
p2_S1_N1.151,3310.0,9.88,0.0,0,160.92
p2_W_E.19,2949.0,365.04,180.0,13,759.17
p2_S1_N1.152,3320.0,9.4,0.0,0,161.68
p2_W_E.20,2956.0,362.27,183.0,13,771.98
p2_S1_N1.153,3330.0,10.48,0.0,0,173.59
p2_W_E.21,2989.0,325.68,155.0,12,723.16
p2_N1_S1.151,3310.0,31.93,13.0,2,212.53
p2_N1_S1.152,3320.0,23.85,5.0,2,196.99
p2_W_E.22,2992.0,319.16,148.0,10,699.15
p2_S1_N1.154,3340.0,5.3,0.0,0,151.5
p2_N1_E.47,3213.0,110.37,69.0,3,393.09
p2_N1_S1.153,3330.0,14.0,2.0,1,175.05
p2_N2_S2.152,3320.0,27.31,15.0,1,201.55
p2_S2_N2.149,3290.0,56.86,33.0,2,239.13
p2_N2_S2.153,3330.0,20.22,10.0,1,197.57
p2_S2_N2.150,3300.0,52.11,24.0,2,243.86
p2_N2_S2.154,3340.0,12.03,1.0,1,186.76
p2_E_W.171,2905.0,426.98,254.0,13,899.46
p2_E_W.172,2908.0,425.52,247.0,13,880.4
p2_E_W.173,2911.0,422.12,242.0,13,861.28
p2_S2_N2.151,3310.0,48.59,14.0,2,241.58
p2_E_W.174,2914.0,424.66,234.0,13,869.63
p2_S2_N2.152,3320.0,40.4,13.0,1,229.79
p2_S2_W.45,3153.0,186.77,84.0,9,528.51
p2_S2_N2.153,3330.0,32.39,13.0,1,208.48
p2_S2_W.46,3183.0,158.8,74.0,9,476.44
p2_S2_W.47,3213.0,129.06,61.0,5,417.19
p2_N2_S2.155,3350.0,6.78,0.0,0,153.97
p2_N2_S2.156,3360.0,7.14,0.0,0,152.16
p2_W_N1.8,3059.0,309.43,126.0,13,616.17
p2_S1_N1.155,3350.0,20.13,10.0,1,190.88
p2_N1_S1.154,3340.0,32.25,17.0,1,209.27
p2_S2_N2.154,3340.0,32.06,7.0,1,217.25
p2_N1_S1.155,3350.0,24.2,11.0,1,192.73
p2_S2_N2.155,3350.0,23.97,0.0,0,197.79
p2_S1_N1.156,3360.0,11.28,0.0,0,171.18
p2_N2_S2.157,3370.0,6.08,0.0,0,149.9
p2_S1_N1.157,3370.0,7.28,0.0,0,159.29
p2_N1_S1.156,3360.0,12.76,1.0,1,177.05
p2_S2_N2.156,3360.0,9.6,0.0,0,174.86
p2_E_W.175,2917.0,446.0,286.0,14,924.23
p2_S2_N2.157,3370.0,13.86,0.0,0,185.79
p2_N1_E.48,3243.0,121.22,90.0,3,417.87
p2_W_E.23,2999.0,368.03,198.0,12,784.94
p2_E_W.176,2920.0,439.09,282.0,11,911.96
p2_E_W.177,2923.0,446.23,277.0,12,919.48
p2_W_E.24,3017.0,347.95,186.0,11,743.22
p2_E_W.178,2926.0,446.76,271.0,12,932.86
p2_E_W.179,2962.0,412.57,238.0,12,868.31
p2_W_E.25,3020.0,342.48,182.0,10,741.3
p2_E_W.180,2965.0,411.25,235.0,12,885.29
p2_N1_E.49,3273.0,104.05,65.0,3,399.41
p2_W_N1.9,3075.0,326.45,121.0,16,643.8
p2_W_E.26,3026.0,336.1,168.0,13,748.52
p2_W_E.27,3029.0,356.39,160.0,14,737.4
p2_W_E.28,3032.0,355.36,149.0,11,754.1
p2_N2_S2.158,3380.0,29.4,19.0,1,201.86
p2_W_E.29,3035.0,354.03,148.0,13,770.39
p2_S2_N2.158,3380.0,28.01,17.0,1,200.77
p2_E_S1.18,2968.0,414.72,244.0,14,881.75
p2_N2_S2.159,3390.0,20.91,10.0,1,186.88
p2_S2_N2.159,3390.0,22.02,11.0,1,191.53
p2_S1_N1.158,3380.0,33.17,22.0,1,209.43
p2_N1_S1.157,3370.0,43.12,29.0,1,233.81
p2_N1_S1.158,3380.0,35.64,24.0,1,234.83
p2_N1_S1.159,3390.0,23.62,12.0,1,199.76
p2_N2_S2.160,3400.0,7.27,0.0,0,158.81
p2_N2_S2.161,3410.0,11.33,0.0,0,157.14
p2_S1_N1.159,3390.0,18.52,8.0,1,184.83
p2_N1_S1.160,3400.0,20.16,7.0,1,186.68
p2_S2_N2.160,3400.0,18.68,1.0,1,196.47
p2_S1_N1.160,3400.0,21.86,3.0,1,192.28
p2_N1_S1.161,3410.0,13.93,0.0,0,189.85
p2_N2_S2.162,3420.0,6.16,0.0,0,150.63
p2_S2_N2.161,3410.0,7.31,0.0,0,158.05
p2_N1_S1.162,3420.0,6.11,0.0,0,146.54
p2_S2_N2.162,3420.0,9.71,0.0,0,165.77
p2_E_W.181,2971.0,442.73,265.0,15,903.51
p2_S1_N1.161,3410.0,7.54,0.0,0,157.67
p2_S2_N2.163,3430.0,6.72,0.0,0,149.53
p2_E_W.182,2974.0,442.07,258.0,14,906.3
p2_S1_N1.162,3420.0,15.73,0.0,0,169.76
p2_N2_S2.163,3430.0,5.81,0.0,0,152.75
p2_E_W.183,2977.0,440.9,251.0,14,892.25
p2_E_W.184,2980.0,439.7,247.0,15,889.79
p2_E_W.185,2984.0,437.68,240.0,14,891.15
p2_E_W.186,3028.0,390.87,210.0,13,803.62
p2_W_E.30,3041.0,379.75,182.0,15,804.79
p2_E_W.187,3032.0,390.49,213.0,14,813.64
p2_E_W.188,3036.0,393.92,209.0,14,812.3
p2_W_E.31,3044.0,386.48,176.0,13,818.06
p2_E_W.189,3040.0,387.7,209.0,12,821.75
p2_W_E.32,3047.0,385.22,170.0,14,807.92
p2_W_E.33,3056.0,377.91,167.0,16,781.68
p2_E_W.190,3046.0,387.58,205.0,13,814.45
p2_W_N1.10,3090.0,366.93,140.0,16,695.97
p2_N1_S1.163,3430.0,30.66,17.0,1,202.52
p2_S1_N1.163,3430.0,30.04,17.0,1,207.23
p2_N1_E.50,3303.0,121.24,79.0,4,401.66
p2_N1_E.51,3333.0,92.55,63.0,2,353.74
p2_N1_S1.164,3440.0,22.03,9.0,1,193.72
p2_N1_E.52,3363.0,68.72,35.0,2,330.01
p2_N1_S1.165,3450.0,14.98,0.0,0,189.8
p2_W_E.34,3063.0,381.25,162.0,15,796.89
p2_W_E.35,3066.0,380.82,158.0,13,795.64
p2_S1_N1.164,3440.0,15.1,4.0,1,175.78
p2_W_E.36,3069.0,366.53,156.0,14,787.94
p2_N2_S2.164,3440.0,30.28,19.0,1,210.81
p2_S1_N1.165,3450.0,14.15,0.0,0,177.58
p2_S2_N2.164,3440.0,29.0,17.0,1,198.71
p2_S1_N1.166,3460.0,8.08,0.0,0,157.83
p2_N2_S2.165,3450.0,22.36,11.0,1,188.08
p2_S2_N2.165,3450.0,23.98,10.0,1,201.37
p2_S2_W.48,3243.0,207.8,108.0,9,550.87
p2_N2_S2.166,3460.0,11.34,0.0,0,175.95
p2_S2_W.49,3273.0,177.54,82.0,7,498.47
p2_N2_S2.167,3470.0,11.01,0.0,0,169.69
p2_S2_N2.166,3460.0,22.39,4.0,1,195.94
p2_S2_N2.167,3470.0,13.46,0.0,0,174.74
p2_N2_S2.168,3480.0,5.18,0.0,0,151.42
p2_S2_N2.168,3480.0,5.48,0.0,0,150.08
p2_W_N1.11,3151.0,329.35,111.0,15,629.35
p2_S1_N1.167,3470.0,25.32,13.0,1,202.5
p2_E_S1.19,3095.0,369.17,226.0,14,805.92
p2_S2_N2.169,3490.0,5.86,0.0,0,151.17
p2_N2_S2.169,3490.0,5.91,0.0,0,146.9
p2_N1_S1.166,3460.0,30.88,20.0,1,204.93
p2_S1_N1.168,3480.0,14.32,1.0,1,178.06
p2_N1_S1.167,3470.0,31.92,15.0,1,213.98
p2_N1_S1.168,3480.0,23.64,7.0,1,207.98
p2_S1_N1.169,3490.0,6.7,0.0,0,159.53
p2_S2_N2.170,3500.0,6.35,0.0,0,149.29
p2_E_W.191,3099.0,387.05,232.0,14,816.14
p2_E_W.192,3102.0,380.89,229.0,14,823.47
p2_N2_S2.170,3500.0,5.45,0.0,0,148.13
p2_E_W.193,3105.0,382.96,224.0,13,810.59
p2_E_W.194,3108.0,386.25,221.0,11,845.27
p2_E_W.195,3111.0,384.98,217.0,13,825.01
p2_W_E.37,3072.0,425.61,198.0,16,867.51
p2_E_W.196,3114.0,382.35,214.0,11,815.84
p2_W_E.38,3078.0,421.71,200.0,19,851.95
p2_S2_W.50,3303.0,195.51,81.0,9,538.12
p2_W_E.39,3081.0,420.69,198.0,22,860.7
p2_S2_W.51,3333.0,166.84,63.0,7,502.61
p2_S2_W.52,3363.0,139.46,39.0,7,440.68
p2_E_W.197,3117.0,387.73,222.0,12,840.19
p2_W_N1.12,3202.0,326.61,112.0,14,644.42
p2_N1_E.53,3393.0,101.7,73.0,3,384.09
p2_N1_E.54,3423.0,86.57,56.0,2,354.76
p2_N1_S1.169,3490.0,42.05,22.0,1,237.91
p2_W_E.40,3084.0,415.42,185.0,21,831.59
p2_W_E.41,3087.0,418.8,179.0,20,859.76
p2_N1_E.55,3453.0,58.16,31.0,1,325.28
p2_S1_N1.170,3500.0,26.91,15.0,1,197.92
p2_S1_N1.171,3510.0,29.58,11.0,1,200.55
p2_S1_N1.172,3520.0,18.85,2.0,1,197.79
p2_W_E.42,3093.0,407.81,175.0,21,817.51
p2_N1_S1.170,3500.0,26.89,13.0,1,195.08
p2_S1_N1.173,3530.0,13.22,0.0,0,171.57
p2_W_E.43,3116.0,395.67,156.0,14,795.18
p2_N1_S1.171,3510.0,32.64,12.0,1,208.43
p2_W_E.44,3124.0,394.28,152.0,15,789.2
p2_N1_S1.172,3520.0,26.24,6.0,1,207.44
p2_W_E.45,3145.0,378.72,138.0,17,767.27
p2_E_W.198,3120.0,406.5,238.0,11,871.39
p2_W_E.46,3159.0,364.66,129.0,15,769.79
p2_W_E.47,3171.0,358.59,123.0,14,753.97
p2_N1_E.56,3483.0,37.9,9.0,2,311.49
p2_E_W.199,3123.0,399.24,232.0,11,853.53
p2_E_W.200,3126.0,403.09,231.0,11,859.06
p2_S2_N2.171,3510.0,45.08,29.0,1,222.52
p2_W_N1.13,3245.0,312.28,101.0,14,612.76
p2_N2_S2.171,3510.0,42.68,25.0,1,221.36
p2_N2_S2.172,3520.0,45.69,22.0,1,236.59
p2_E_S1.20,3129.0,411.01,235.0,12,860.23
p2_S1_N1.174,3540.0,28.07,14.0,1,204.62
p2_N2_S2.173,3530.0,25.54,7.0,1,188.94
p2_N2_S2.174,3540.0,30.14,5.0,1,204.16
p2_N2_S2.175,3550.0,22.59,0.0,0,193.57
p2_S2_N2.172,3520.0,53.67,33.0,2,239.81
p2_N1_S1.173,3530.0,32.27,19.0,1,206.52
p2_N1_S1.174,3540.0,34.55,18.0,1,218.42
p2_N2_S2.176,3560.0,14.27,0.0,0,171.35
p2_N2_S2.177,3570.0,6.15,0.0,0,154.39
p2_S2_N2.173,3530.0,43.71,23.0,2,223.1
p2_S1_N1.175,3550.0,11.83,0.0,0,173.84
p2_E_W.201,3132.0,425.54,237.0,11,876.22
p2_S2_N2.174,3540.0,34.74,11.0,2,207.95
p2_S1_N1.176,3560.0,20.93,0.0,0,181.41
p2_S2_N2.175,3550.0,32.19,6.0,1,206.7
p2_S2_W.53,3393.0,162.98,63.0,8,488.66
p2_S2_W.54,3423.0,139.36,52.0,7,447.7
p2_E_W.202,3135.0,425.27,265.0,13,909.46
p2_S2_N2.176,3560.0,19.43,4.0,1,180.24
p2_W_E.48,3184.0,384.41,157.0,15,791.38
p2_E_W.203,3157.0,403.07,249.0,11,850.39
p2_W_E.49,3188.0,382.5,153.0,19,792.6
p2_E_W.204,3161.0,404.56,242.0,11,839.76
p2_W_E.50,3194.0,377.67,149.0,18,776.74
p2_E_W.205,3164.0,405.02,240.0,12,856.11
p2_N1_E.57,3513.0,60.69,38.0,2,322.09
p2_W_E.51,3226.0,349.92,136.0,15,736.08
p2_W_E.52,3229.0,348.66,133.0,15,731.3
p2_W_E.53,3233.0,346.46,131.0,17,725.55
p2_E_W.206,3167.0,393.53,230.0,10,824.04
p2_W_E.54,3238.0,343.34,120.0,14,714.58
p2_E_W.207,3170.0,403.41,231.0,11,833.25
p2_E_W.208,3173.0,410.35,224.0,10,844.77
p2_E_W.209,3176.0,388.94,225.0,12,802.2
p2_W_E.55,3262.0,314.01,114.0,14,671.67
p2_W_N1.14,3283.0,325.69,120.0,18,644.17
p2_S2_W.55,3453.0,132.9,32.0,7,414.78
p2_W_E.56,3265.0,324.65,113.0,14,678.63
p2_S1_N1.177,3570.0,41.64,31.0,1,224.53
p2_S2_W.56,3483.0,105.33,18.0,4,381.32
p2_E_W.210,3179.0,412.95,261.0,11,858.85
p2_S2_N2.177,3570.0,43.07,23.0,2,240.07
p2_N2_S2.178,3580.0,30.59,18.0,1,203.15
p2_E_S1.21,3182.0,390.49,253.0,9,831.18
p2_S1_N1.178,3580.0,29.61,19.0,1,198.45
p2_N2_S2.179,3590.0,20.64,9.0,1,189.34
p2_N1_S1.175,3550.0,70.08,43.0,2,273.16
p2_S1_N1.179,3590.0,30.12,14.0,1,201.27
p2_N1_S1.176,3560.0,61.93,35.0,2,264.23
p2_N1_S1.177,3570.0,53.59,31.0,1,245.57
p2_E_W.211,3185.0,419.18,259.0,11,871.23
p2_N1_E.58,3543.0,55.21,26.0,3,316.9
p2_E_W.212,3190.0,411.98,255.0,9,858.47
p2_W_E.57,3270.0,339.67,114.0,19,730.03
p2_S2_N2.178,3580.0,29.31,13.0,1,208.19
p2_E_W.213,3236.0,374.25,218.0,8,812.79
p2_W_E.58,3275.0,336.4,112.0,16,742.01
p2_E_W.214,3239.0,369.57,216.0,8,802.13
p2_E_W.215,3242.0,371.66,216.0,11,806.83
p2_E_W.216,3245.0,370.48,210.0,10,792.16
p2_E_W.217,3248.0,360.1,211.0,9,769.01
p2_E_W.218,3251.0,357.76,205.0,8,769.93
p2_E_W.219,3254.0,357.06,204.0,8,767.03
p2_E_W.220,3257.0,364.61,202.0,8,770.32
p2_N1_E.59,3573.0,43.66,30.0,1,268.31
p2_W_E.59,3304.0,327.18,126.0,14,700.85
p2_W_N1.15,3316.0,333.13,127.0,16,653.4
p2_W_E.60,3307.0,325.9,124.0,17,701.08
p2_W_E.61,3310.0,321.77,121.0,17,693.67
p2_W_E.62,3313.0,323.55,116.0,17,711.07
p2_W_N1.16,3364.0,298.21,82.0,18,583.3
p2_W_N1.17,3399.0,272.95,69.0,11,548.62
p2_W_E.63,3319.0,332.03,116.0,14,687.92
p2_E_S1.22,3260.0,399.88,229.0,11,829.86
p2_W_E.64,3324.0,338.45,106.0,14,697.69
p2_W_E.65,3355.0,309.17,87.0,11,650.8
p2_S2_N2.179,3590.0,98.22,77.0,2,302.84
p2_N1_S1.178,3580.0,99.19,81.0,2,309.21
p2_N1_S1.179,3590.0,102.01,76.0,2,318.32
p2_S2_W.57,3513.0,160.05,86.0,6,484.83
p2_S2_W.58,3543.0,133.57,53.0,5,440.57
p2_E_W.221,3264.0,414.91,268.0,10,870.88
p2_W_E.66,3359.0,320.75,98.0,15,679.02
p2_E_W.222,3317.0,363.63,222.0,9,817.72
p2_W_E.67,3373.0,308.84,94.0,16,669.81
p2_E_W.223,3320.0,362.57,223.0,9,786.9
p2_W_E.68,3389.0,287.35,90.0,20,629.51
p2_E_W.224,3324.0,356.43,215.0,10,780.79
p2_E_W.225,3327.0,360.37,216.0,8,811.11
p2_W_E.69,3393.0,287.79,85.0,14,639.9
p2_E_W.226,3330.0,360.79,217.0,10,808.8
p2_W_E.70,3396.0,290.62,83.0,15,660.42
p2_E_W.227,3333.0,357.04,209.0,8,823.06
p2_W_E.71,3402.0,286.7,75.0,10,655.44
p2_E_W.228,3336.0,358.12,208.0,8,800.89
p2_W_E.72,3405.0,290.34,73.0,11,656.39
p2_W_E.73,3407.0,279.39,70.0,9,622.45
p2_E_W.229,3339.0,348.52,204.0,8,776.25
p2_E_W.230,3342.0,357.96,201.0,7,788.17
p2_S2_W.59,3573.0,128.01,54.0,5,434.3
p2_W_E.74,3410.0,285.04,78.0,11,615.53
p2_W_E.75,3416.0,289.39,76.0,14,632.19
p2_W_N1.18,3449.0,275.66,85.0,15,553.79
p2_W_N1.19,3489.0,250.58,69.0,13,516.92
p2_W_E.76,3473.0,257.83,78.0,13,553.18
p2_W_N1.20,3540.0,207.59,51.0,10,447.0
p2_W_E.77,3476.0,257.11,78.0,10,561.26
p2_W_E.78,3479.0,253.05,76.0,13,564.5
p2_W_E.79,3483.0,252.08,67.0,11,558.78
p2_E_S1.23,3345.0,379.49,246.0,10,828.12
p2_W_E.80,3494.0,250.03,63.0,12,563.25
p2_W_E.81,3501.0,244.05,66.0,13,556.14
p2_W_E.82,3523.0,222.36,56.0,10,513.46
p2_W_E.83,3530.0,219.57,51.0,10,523.26
p2_E_W.231,3348.0,403.08,255.0,10,835.07
p2_W_E.84,3564.0,188.92,47.0,10,462.0
p2_E_W.232,3351.0,401.97,250.0,12,846.94
p2_E_W.233,3354.0,391.34,247.0,11,834.54
p2_E_W.234,3357.0,388.64,240.0,11,805.82
p2_W_E.85,3568.0,182.9,48.0,11,460.74
p2_E_W.235,3360.0,399.35,230.0,12,831.34
p2_E_W.236,3363.0,404.38,227.0,11,834.45
p2_E_W.237,3366.0,403.07,226.0,12,830.47
p2_E_W.238,3419.0,349.62,184.0,13,767.99
p2_E_W.239,3422.0,347.01,188.0,13,753.34
p2_E_W.240,3425.0,344.65,182.0,12,773.11
p2_W_N1.21,3577.0,220.03,69.0,12,485.29
p2_W_E.86,3571.0,211.24,56.0,10,530.96
p2_W_E.87,3574.0,210.22,57.0,10,527.62
p2_W_N1.22,3603.0,206.83,57.0,11,460.67
p2_W_N1.23,3646.0,169.92,43.0,7,414.36
p2_W_E.88,3580.0,219.08,64.0,11,511.53
p2_W_E.89,3585.0,220.7,60.0,9,521.17
p2_W_E.90,3596.0,212.28,59.0,8,516.93
p2_E_S1.24,3428.0,382.68,213.0,11,817.97
p2_W_E.91,3599.0,204.44,60.0,12,500.78
p2_W_E.92,3612.0,205.33,46.0,7,503.21
p2_W_E.93,3636.0,182.95,47.0,9,485.62
p2_W_E.94,3640.0,180.75,41.0,7,484.63
p2_W_E.95,3643.0,178.61,45.0,7,480.03
p2_W_E.96,3649.0,173.85,41.0,7,455.46
p2_W_E.97,3652.0,174.89,39.0,5,462.97
p2_E_W.241,3431.0,392.95,216.0,11,817.17
p2_E_W.242,3434.0,395.98,214.0,13,831.78
p2_E_W.243,3437.0,394.24,209.0,12,830.83
p2_E_W.244,3477.0,356.4,182.0,12,744.24
p2_E_W.245,3481.0,354.14,180.0,11,755.29
p2_E_W.246,3485.0,346.45,179.0,10,729.65
p2_E_W.247,3489.0,343.24,175.0,11,732.27
p2_E_W.248,3494.0,350.31,174.0,11,753.71
p2_E_W.249,3500.0,345.16,173.0,13,748.97
p2_W_E.98,3658.0,184.06,50.0,6,485.67
p2_W_N1.24,3684.0,189.72,70.0,9,454.82
p2_E_W.250,3536.0,296.11,152.0,10,703.48
p2_W_E.99,3668.0,174.71,47.0,7,480.65
p2_W_E.100,3673.0,183.56,46.0,9,505.8
p2_W_N1.25,3731.0,153.78,51.0,7,388.07
p2_W_N1.26,3753.0,142.2,40.0,4,368.08
p2_W_E.101,3714.0,161.73,60.0,6,453.67
p2_E_S1.25,3539.0,343.28,175.0,12,764.27
p2_W_E.102,3718.0,156.88,59.0,5,437.99
p2_W_E.103,3721.0,169.68,54.0,7,468.71
p2_W_E.104,3724.0,164.33,52.0,5,471.09
p2_W_E.105,3740.0,144.54,50.0,5,417.23
p2_E_W.251,3542.0,350.73,183.0,13,777.56
p2_E_W.252,3545.0,358.16,188.0,13,783.39
p2_W_E.106,3743.0,141.0,44.0,5,397.21
p2_E_W.253,3549.0,353.29,195.0,14,773.82
p2_E_W.254,3552.0,354.65,192.0,13,769.17
p2_E_W.255,3555.0,351.97,188.0,15,767.43
p2_W_E.107,3747.0,167.52,54.0,6,463.46
p2_E_W.256,3559.0,335.86,188.0,15,747.06
p2_W_E.108,3750.0,166.44,52.0,5,468.85
p2_E_W.257,3607.0,306.47,146.0,12,667.19
p2_W_E.109,3756.0,162.29,49.0,7,473.61
p2_W_E.110,3759.0,160.99,49.0,7,470.36
p2_E_W.258,3610.0,310.74,136.0,10,698.58
p2_W_E.111,3762.0,159.85,47.0,5,454.94
p2_E_W.259,3613.0,300.25,137.0,12,697.39
p2_W_N1.27,3768.0,176.63,68.0,7,416.26
p2_E_W.260,3616.0,307.46,135.0,11,721.84
p2_W_E.112,3765.0,151.24,52.0,5,449.32
p2_W_N1.28,3790.0,164.28,51.0,8,406.21
p2_W_N1.29,3827.0,139.03,36.0,5,370.8
p2_W_E.113,3771.0,172.93,61.0,6,445.71
p2_W_N1.30,3845.0,132.49,28.0,3,354.83
p2_W_E.114,3774.0,184.57,59.0,6,467.05
p2_W_E.115,3777.0,175.08,54.0,6,461.94
p2_W_E.116,3786.0,176.26,52.0,6,462.44
p2_E_S1.26,3619.0,333.52,166.0,12,746.21
p2_W_E.117,3798.0,161.75,50.0,8,453.51
p2_W_E.118,3818.0,144.14,39.0,6,427.43
p2_W_E.119,3821.0,138.94,37.0,5,406.36
p2_W_E.120,3824.0,145.38,34.0,5,420.34
p2_E_W.261,3622.0,351.03,173.0,15,770.79
p2_E_W.262,3625.0,351.57,173.0,14,742.26
p2_E_W.263,3628.0,350.3,171.0,17,755.08
p2_E_W.264,3631.0,349.02,166.0,13,738.94
p2_E_W.265,3634.0,347.84,171.0,17,762.77
p2_E_W.266,3637.0,347.3,164.0,12,751.54
p2_W_E.121,3830.0,150.45,43.0,7,442.25
p2_W_E.122,3833.0,156.33,43.0,6,470.41
p2_W_E.123,3836.0,155.03,40.0,6,448.41
p2_E_W.267,3640.0,339.0,163.0,15,738.8
p2_W_E.124,3839.0,153.76,38.0,5,455.47
p2_E_W.268,3643.0,350.36,159.0,15,755.06
p2_E_W.269,3676.0,319.06,133.0,12,705.97
p2_W_E.125,3842.0,152.61,35.0,5,455.47
p2_E_W.270,3680.0,316.78,132.0,10,703.04
p2_W_E.126,3848.0,148.42,37.0,4,433.62
p2_W_E.127,3851.0,147.06,35.0,5,417.57
p2_W_N1.31,3877.0,143.97,45.0,5,386.62
p2_W_E.128,3860.0,140.94,34.0,4,407.03
p2_W_N1.32,3900.0,131.32,35.0,5,343.25
p2_W_E.129,3867.0,128.39,33.0,4,389.07
p2_W_N1.33,3915.0,126.49,30.0,4,362.35
p2_W_E.130,3887.0,134.11,38.0,4,408.17
p2_W_E.131,3891.0,140.61,38.0,6,427.91
p2_W_N1.34,3930.0,120.18,22.0,6,336.91
p2_W_E.132,3894.0,139.34,35.0,5,433.71
p2_W_E.133,3897.0,136.8,34.0,5,431.74
p2_E_S1.27,3683.0,352.16,165.0,10,770.26
p2_W_E.134,3903.0,126.88,34.0,5,399.88
p2_W_E.135,3906.0,139.12,32.0,4,412.53
p2_W_E.136,3909.0,136.97,30.0,5,438.53
p2_E_W.271,3686.0,363.97,173.0,13,786.21
p2_E_W.272,3689.0,363.1,166.0,13,750.36
p2_E_W.273,3692.0,359.45,159.0,11,759.61
p2_W_E.137,3912.0,148.81,43.0,5,446.28
p2_E_W.274,3695.0,352.27,157.0,13,759.46
p2_E_W.275,3698.0,358.45,168.0,12,764.2
p2_E_W.276,3701.0,363.99,161.0,12,772.7
p2_E_W.277,3704.0,361.96,158.0,13,788.58
p2_W_E.138,3917.0,139.38,39.0,5,442.32
p2_E_W.278,3714.0,354.55,159.0,14,771.64
p2_W_E.139,3920.0,142.93,34.0,5,426.57
p2_W_E.140,3923.0,147.03,32.0,5,437.47
p2_E_W.279,3718.0,352.32,152.0,12,770.23
p2_E_W.280,3721.0,351.04,149.0,12,773.42
p2_W_E.141,3927.0,144.74,30.0,8,448.22
p2_W_E.142,3945.0,128.43,31.0,8,436.67
p2_W_N1.35,3973.0,122.32,36.0,5,345.29
p2_W_E.143,3964.0,111.26,26.0,4,399.78
p2_W_E.144,3967.0,109.83,25.0,4,389.47
p2_W_E.145,3970.0,106.89,21.0,4,373.53
p2_W_N1.36,3991.0,116.86,22.0,4,344.43
p2_W_E.146,3976.0,122.8,32.0,5,390.36
p2_W_N1.37,4020.0,97.16,14.0,4,317.0
p2_W_E.147,3979.0,121.91,30.0,5,393.47
p2_W_E.148,3982.0,120.19,30.0,5,371.69
p2_W_E.149,3985.0,120.28,26.0,5,390.25
p2_W_E.150,3988.0,119.06,26.0,4,384.25
p2_W_N1.38,4047.0,82.43,12.0,2,302.46
p2_E_S1.28,3724.0,386.22,183.0,12,793.71
p2_W_E.151,3994.0,116.5,19.0,3,379.44
p2_W_E.152,3997.0,117.35,21.0,5,388.24
p2_E_W.281,3727.0,399.12,187.0,11,822.59
p2_E_W.282,3730.0,396.95,186.0,15,819.7
p2_E_W.283,3733.0,394.17,185.0,12,821.78
p2_E_W.284,3736.0,397.33,177.0,11,821.42
p2_E_W.285,3739.0,396.15,184.0,12,819.25
p2_E_W.286,3742.0,392.08,182.0,11,812.17
p2_E_W.287,3745.0,393.68,188.0,13,814.14
p2_E_W.288,3748.0,392.48,187.0,14,818.46
p2_E_W.289,3751.0,391.33,180.0,11,823.86
p2_W_E.153,4000.0,127.84,29.0,5,409.52
p2_W_E.154,4010.0,133.23,25.0,5,419.98
p2_E_W.290,3754.0,385.1,173.0,12,777.8
p2_W_E.155,4035.0,97.58,21.0,3,382.12
p2_W_E.156,4038.0,109.51,18.0,3,405.21
p2_W_E.157,4041.0,108.3,19.0,3,438.09
p2_W_E.158,4044.0,101.4,20.0,3,421.93
p2_W_E.159,4050.0,102.81,23.0,3,407.33
p2_W_N1.39,4062.0,111.33,30.0,4,355.97
p2_W_E.160,4053.0,101.53,21.0,3,415.28
p2_W_E.161,4056.0,95.93,19.0,3,369.66
p2_W_E.162,4059.0,99.18,18.0,3,384.6
p2_W_N1.40,4077.0,108.37,21.0,4,335.04
p2_W_N1.41,4095.0,100.91,14.0,3,325.84
p2_W_E.163,4065.0,111.06,27.0,4,389.87
p2_W_E.164,4068.0,110.23,25.0,4,396.46
p2_W_E.165,4071.0,111.12,25.0,4,393.25
p2_W_E.166,4074.0,110.41,21.0,4,378.96
p2_E_S1.29,3757.0,413.83,204.0,13,844.97
p2_W_E.167,4080.0,106.2,20.0,5,368.03
p2_W_E.168,4083.0,111.7,19.0,5,387.99
p2_W_E.169,4087.0,109.39,15.0,4,380.22
p2_E_W.291,3760.0,437.35,211.0,15,869.78
p2_E_W.292,3763.0,431.05,205.0,13,869.8
p2_E_W.293,3766.0,433.51,197.0,11,872.55
p2_E_W.294,3769.0,436.55,195.0,12,883.43
p2_E_W.295,3773.0,434.27,202.0,12,898.01
p2_E_W.296,3780.0,429.04,196.0,12,887.01
p2_E_W.297,3790.0,420.73,192.0,12,878.62
p2_E_W.298,3795.0,411.26,186.0,12,826.72
p2_W_E.170,4090.0,123.63,24.0,4,413.16
p2_E_W.299,3803.0,411.76,187.0,12,870.25
p2_W_E.171,4103.0,111.95,22.0,4,397.34
p2_E_W.300,3820.0,388.98,183.0,12,793.16
p2_W_E.172,4112.0,102.32,20.0,3,374.03
p2_W_E.173,4116.0,102.71,20.0,3,376.75
p2_W_E.174,4119.0,100.77,21.0,3,377.05
p2_W_E.175,4122.0,103.51,20.0,3,391.75
p2_W_N1.42,4125.0,110.14,34.0,4,343.91
p2_W_N1.43,4140.0,114.95,26.0,4,323.72
p2_W_E.176,4128.0,119.58,33.0,4,398.31
p2_W_N1.44,4155.0,107.09,18.0,4,312.5
p2_W_E.177,4131.0,117.36,29.0,4,382.11
p2_W_E.178,4134.0,118.91,30.0,5,401.92
p2_E_S1.30,3835.0,415.62,212.0,12,863.77
p2_W_E.179,4137.0,117.66,26.0,4,405.12
p2_W_E.180,4143.0,113.68,24.0,5,370.32
p2_W_E.181,4146.0,112.69,20.0,5,357.99
p2_W_E.182,4149.0,108.89,21.0,4,360.89
p2_E_W.301,3838.0,430.27,218.0,13,866.86
p2_W_E.183,4152.0,115.29,19.0,4,378.28
p2_E_W.302,3841.0,426.73,215.0,13,856.37
p2_E_W.303,3844.0,429.02,208.0,13,852.76
p2_E_W.304,3847.0,427.75,209.0,14,866.48
p2_E_W.305,3850.0,426.56,218.0,15,870.96
p2_E_W.306,3853.0,425.28,215.0,16,855.45
p2_E_W.307,3856.0,419.33,207.0,13,839.57
p2_E_W.308,3859.0,421.96,205.0,12,846.22
p2_E_W.309,3862.0,423.36,202.0,13,845.49
p2_E_W.310,3865.0,422.08,201.0,15,846.34
p2_W_E.184,4158.0,118.7,21.0,5,386.58
p2_W_E.185,4161.0,129.0,18.0,4,397.98
p2_W_E.186,4164.0,127.76,16.0,5,414.49
p2_W_N1.45,4178.0,135.74,42.0,6,371.6
p2_W_E.187,4168.0,119.4,25.0,4,393.66
p2_W_N1.46,4199.0,123.3,29.0,4,343.52
p2_W_N1.47,4214.0,123.09,23.0,3,352.6
p2_E_S1.31,3868.0,455.18,228.0,14,902.0
p2_W_E.188,4187.0,127.06,40.0,7,398.03
p2_W_E.189,4190.0,130.51,36.0,7,407.16
p2_W_E.190,4193.0,137.61,33.0,6,414.58
p2_W_E.191,4196.0,136.31,31.0,4,425.19
p2_W_E.192,4202.0,132.04,29.0,5,423.44
p2_E_W.311,3871.0,460.77,240.0,19,915.61
p2_E_W.312,3897.0,447.11,231.0,15,902.43
p2_E_W.313,3902.0,441.61,220.0,14,904.76
p2_E_W.314,3905.0,442.62,220.0,19,894.52
p2_W_E.193,4205.0,143.45,42.0,5,439.73
p2_W_E.194,4208.0,144.29,40.0,6,444.49
p2_W_E.195,4211.0,142.93,36.0,5,450.67
p2_E_W.315,3908.0,424.26,226.0,16,869.48
p2_E_W.316,3911.0,447.3,226.0,14,891.26
p2_W_E.196,4217.0,134.02,30.0,4,423.76
p2_E_W.317,3914.0,439.07,224.0,15,881.47
p2_W_E.197,4220.0,140.36,29.0,5,450.33
p2_E_W.318,3917.0,442.4,218.0,14,881.36
p2_W_E.198,4223.0,137.28,36.0,4,430.12
p2_E_W.319,3920.0,439.87,213.0,16,876.82
p2_E_W.320,3923.0,442.11,212.0,15,887.42
p2_W_E.199,4226.0,136.55,33.0,4,416.84
p2_W_N1.48,4232.0,151.46,42.0,5,381.12
p2_W_E.200,4229.0,139.25,27.0,4,419.04
p2_W_N1.49,4256.0,141.14,33.0,5,375.73
p2_W_N1.50,4276.0,129.72,27.0,4,347.86
p2_W_E.201,4236.0,153.84,41.0,6,421.45
p2_W_E.202,4239.0,152.6,42.0,5,432.36
p2_W_E.203,4242.0,149.25,38.0,5,421.29
p2_E_S1.32,3926.0,472.11,246.0,16,937.99
p2_W_N1.51,4291.0,124.54,22.0,4,336.25
p2_W_E.204,4247.0,153.59,36.0,5,443.8
p2_W_E.205,4264.0,139.5,33.0,5,423.34
p2_W_E.206,4267.0,131.59,32.0,7,393.89
p2_W_E.207,4270.0,141.97,28.0,5,407.51
p2_E_W.321,3932.0,482.49,250.0,16,949.11
p2_E_W.322,3969.0,447.65,222.0,13,883.6
p2_E_W.323,3973.0,444.59,219.0,16,876.38
p2_E_W.324,3981.0,439.85,215.0,14,865.47
p2_E_W.325,3986.0,436.17,222.0,15,870.19
p2_E_W.326,3989.0,433.35,221.0,13,874.43
p2_E_W.327,3992.0,435.57,216.0,14,866.54
p2_W_E.208,4273.0,149.18,40.0,5,434.07
p2_E_W.328,3996.0,431.49,216.0,13,856.22
p2_W_E.209,4279.0,150.77,37.0,7,445.78
p2_E_W.329,3999.0,432.11,211.0,13,869.09
p2_W_E.210,4282.0,149.48,32.0,4,444.86
p2_W_E.211,4285.0,147.89,33.0,7,439.25
p2_E_W.330,4002.0,424.15,211.0,11,831.1
p2_W_E.212,4288.0,137.49,33.0,6,411.48
p2_W_N1.52,4314.0,146.5,36.0,6,387.03
p2_W_E.213,4294.0,145.0,32.0,5,411.37
p2_W_E.214,4297.0,136.11,32.0,5,404.48
p2_W_N1.53,4344.0,125.27,24.0,5,361.98
p2_W_E.215,4305.0,148.03,32.0,6,432.07
p2_W_E.216,4309.0,145.07,26.0,4,432.36
p2_W_E.217,4323.0,141.11,35.0,6,421.45
p2_W_N1.54,4362.0,121.02,16.0,5,331.72
p2_E_S1.33,4005.0,469.27,242.0,13,908.18
p2_W_E.218,4334.0,127.7,30.0,6,402.74
p2_W_E.219,4337.0,138.07,27.0,5,414.96
p2_W_E.220,4341.0,127.59,24.0,6,419.13
p2_W_E.221,4347.0,134.8,26.0,7,431.23
p2_W_E.222,4350.0,122.05,24.0,7,396.42
p2_E_W.331,4010.0,475.3,254.0,14,922.86
p2_E_W.332,4042.0,451.45,231.0,16,889.51
p2_E_W.333,4051.0,442.85,230.0,16,872.67
p2_E_W.334,4054.0,445.44,225.0,17,892.63
p2_E_W.335,4057.0,444.16,226.0,14,900.85
p2_W_E.223,4353.0,148.58,37.0,8,438.44
p2_E_W.336,4060.0,442.85,224.0,12,894.3
p2_E_W.337,4063.0,437.22,222.0,13,885.04
p2_E_W.338,4066.0,440.6,218.0,13,884.52
p2_W_E.224,4356.0,140.88,32.0,8,428.85
p2_E_W.339,4069.0,431.9,214.0,13,855.01
p2_W_E.225,4359.0,150.0,29.0,7,448.27
p2_E_W.340,4072.0,438.47,213.0,13,860.15
p2_W_E.226,4365.0,143.23,27.0,7,449.02
p2_W_E.227,4368.0,144.44,23.0,7,453.96
p2_W_E.228,4371.0,129.89,23.0,8,404.09
p2_W_E.229,4380.0,130.35,21.0,8,411.61
p2_W_N1.55,4391.0,142.53,49.0,8,379.13
p2_W_N1.56,4417.0,132.03,30.0,4,372.33
p2_W_N1.57,4432.0,127.24,25.0,3,351.48
p2_W_E.230,4405.0,133.22,43.0,8,418.26
p2_W_N1.58,4457.0,112.07,21.0,3,329.18
p2_W_E.231,4408.0,140.69,38.0,6,435.49
p2_W_E.232,4411.0,139.43,36.0,5,445.22
p2_E_S1.34,4075.0,468.27,248.0,15,924.48
p2_W_E.233,4414.0,126.68,33.0,4,408.08
p2_W_E.234,4420.0,144.69,33.0,6,431.95
p2_E_W.341,4079.0,487.65,255.0,18,937.43
p2_W_E.235,4424.0,142.46,28.0,3,429.82
p2_W_E.236,4427.0,141.31,28.0,5,429.68
p2_E_W.342,4115.0,446.02,228.0,14,879.88
p2_E_W.343,4120.0,443.86,225.0,15,884.79
p2_E_W.344,4128.0,448.86,228.0,16,887.15
p2_W_E.237,4430.0,148.34,38.0,6,443.16
p2_E_W.345,4132.0,431.87,232.0,16,864.54
p2_W_E.238,4436.0,141.71,36.0,6,433.77
p2_E_W.346,4135.0,442.2,218.0,14,885.36
p2_W_E.239,4439.0,143.14,32.0,4,434.71
p2_E_W.347,4138.0,445.62,214.0,13,896.71
p2_E_W.348,4142.0,444.04,209.0,13,884.67
p2_W_E.240,4449.0,130.61,31.0,3,422.94
p2_E_W.349,4145.0,439.82,206.0,12,889.21
p2_W_E.241,4453.0,134.23,29.0,4,428.02
p2_E_W.350,4148.0,439.43,205.0,13,875.1
p2_W_N1.59,4486.0,125.99,41.0,4,361.03
p2_W_E.242,4465.0,121.78,36.0,4,405.38
p2_W_E.243,4477.0,122.07,34.0,3,390.72
p2_E_W.351,4157.0,448.0,206.0,15,865.18
p2_E_W.352,4192.0,414.97,181.0,13,815.49
p2_E_S1.35,4151.0,439.31,213.0,17,870.55
p2_E_W.353,4197.0,410.37,179.0,13,801.15
p2_W_E.244,4480.0,107.17,31.0,3,369.38
p2_E_W.354,4203.0,408.1,177.0,14,817.44
p2_W_E.245,4483.0,126.62,31.0,3,415.52
p2_E_W.355,4208.0,401.47,179.0,16,823.47
p2_W_E.246,4489.0,127.01,39.0,5,405.81
p2_E_W.356,4211.0,400.38,180.0,13,810.24
p2_W_E.247,4492.0,125.78,35.0,4,396.88
p2_E_W.357,4214.0,404.71,177.0,14,792.64
p2_W_E.248,4495.0,124.66,32.0,4,405.24
p2_E_W.358,4217.0,403.47,176.0,14,809.26
p2_E_W.359,4220.0,400.0,172.0,11,796.78
p2_W_E.249,4498.0,123.51,33.0,5,391.51
p2_E_W.360,4223.0,400.98,166.0,11,807.14
p2_E_S1.36,4226.0,394.78,164.0,12,798.52
p2_E_W.361,4233.0,408.09,174.0,12,818.62
p2_E_W.362,4269.0,365.81,148.0,13,763.57
p2_E_W.363,4277.0,375.38,146.0,11,758.63
p2_E_W.364,4281.0,365.31,140.0,12,750.0
p2_E_W.365,4285.0,370.94,146.0,12,769.9
p2_E_W.366,4288.0,369.73,146.0,15,781.4
p2_E_W.367,4291.0,356.84,143.0,14,762.09
p2_E_W.368,4294.0,366.77,136.0,10,770.19
p2_E_W.369,4297.0,366.22,132.0,9,774.8
p2_E_S1.37,4303.0,359.72,133.0,12,742.88
p2_E_W.370,4300.0,365.12,131.0,11,759.69
p2_E_W.371,4309.0,349.35,130.0,14,736.53
p2_E_W.372,4341.0,324.27,112.0,11,691.14
p2_E_W.373,4351.0,313.78,108.0,10,681.44
p2_E_W.374,4354.0,298.05,107.0,11,673.47
p2_E_W.375,4357.0,323.7,113.0,9,684.89
p2_E_W.376,4360.0,327.07,121.0,6,695.79
p2_E_S1.38,4375.0,310.1,110.0,8,670.35
p2_E_W.377,4363.0,325.81,118.0,6,691.61
p2_E_W.378,4366.0,324.44,116.0,9,697.83
p2_E_W.379,4369.0,320.58,113.0,7,692.19
p2_E_W.380,4372.0,315.99,112.0,6,677.72
p2_E_W.381,4379.0,316.87,107.0,7,677.87
p2_E_W.382,4410.0,287.65,88.0,6,630.75
p2_E_W.383,4415.0,284.35,98.0,8,641.81
p2_E_W.384,4421.0,255.89,97.0,8,597.97
p2_E_W.385,4426.0,280.58,96.0,6,618.82
p2_E_W.386,4429.0,279.39,92.0,7,634.19
p2_E_W.387,4432.0,278.22,89.0,7,632.16
p2_E_W.388,4435.0,272.11,100.0,7,627.81
p2_E_S1.39,4447.0,278.05,93.0,7,607.07
p2_E_W.389,4438.0,290.36,99.0,8,628.63
p2_E_W.390,4441.0,283.15,98.0,7,633.65
p2_E_W.391,4463.0,268.74,92.0,7,613.33
p2_E_W.392,4480.0,253.38,90.0,7,610.37
p2_E_W.393,4486.0,246.24,88.0,6,598.22
p2_E_W.394,4492.0,223.71,88.0,8,546.87
p2_E_W.395,4496.0,252.45,86.0,8,561.71
p2_E_W.396,4499.0,247.17,85.0,6,576.69
p2_E_W.397,4503.0,237.62,83.0,8,560.3
p2_E_W.398,4506.0,232.99,82.0,5,567.35
p2_E_W.399,4509.0,237.22,79.0,5,563.92
p2_E_S1.40,4515.0,223.58,76.0,6,543.75
p2_E_W.400,4512.0,245.33,78.0,6,571.76
p2_E_W.401,4521.0,238.08,77.0,7,553.67
p2_E_W.402,4558.0,202.82,57.0,6,501.2
p2_E_W.403,4563.0,199.62,60.0,4,515.44
p2_E_W.404,4570.0,192.49,58.0,4,497.27
p2_E_W.405,4574.0,190.32,56.0,5,487.14
p2_E_W.406,4577.0,190.98,57.0,4,503.56
p2_E_W.407,4580.0,189.72,56.0,3,496.22
p2_E_S1.41,4592.0,178.06,50.0,3,482.22
p2_E_W.408,4583.0,188.37,53.0,4,484.8
p2_E_W.409,4586.0,187.04,54.0,5,501.98
p2_E_W.410,4589.0,185.85,52.0,4,497.36
p2_E_W.411,4597.0,176.01,50.0,3,490.42
p2_E_W.412,4631.0,135.04,30.0,3,420.08
p2_E_W.413,4638.0,133.5,31.0,2,421.21
p2_E_W.414,4645.0,145.14,42.0,4,449.3
p2_E_W.415,4649.0,143.66,39.0,3,443.87
p2_E_W.416,4653.0,147.99,38.0,3,455.16
p2_E_W.417,4656.0,141.82,35.0,3,444.27
p2_E_W.418,4659.0,142.82,35.0,4,427.59
p2_E_W.419,4662.0,144.55,35.0,3,435.06
p2_E_W.420,4665.0,139.17,33.0,3,422.53
p2_E_S1.42,4668.0,141.47,32.0,3,420.86
p2_E_W.421,4672.0,139.66,31.0,2,430.08
p2_E_W.422,4710.0,99.31,9.0,1,371.05
p2_E_W.423,4720.0,97.91,8.0,2,368.35
p2_E_W.424,4724.0,86.95,7.0,1,346.69
p2_E_W.425,4727.0,95.57,6.0,1,370.4
p2_E_W.426,4730.0,89.84,5.0,1,361.63
p2_E_W.427,4733.0,93.17,7.0,2,376.88
p2_E_W.428,4736.0,82.23,7.0,1,344.9
p2_E_W.429,4739.0,91.63,6.0,1,357.11
p2_E_W.430,4744.0,88.35,11.0,1,378.52
p2_E_W.431,4757.0,77.09,9.0,1,346.29
p2_E_S1.43,4754.0,72.91,10.0,1,346.27
p2_E_W.432,4760.0,75.9,8.0,1,330.94
p2_E_W.433,4763.0,74.62,8.0,1,349.87
p2_E_W.434,4766.0,73.46,8.0,1,335.08
p2_E_W.435,4769.0,72.09,7.0,1,330.02
p2_E_W.436,4772.0,70.97,7.0,1,346.75
p2_E_W.437,4775.0,69.67,8.0,2,352.42
p2_E_W.438,4778.0,68.51,6.0,2,356.66
p2_E_W.439,4781.0,67.31,5.0,1,348.49
p2_E_S1.44,4787.0,64.74,6.0,2,315.24
p2_E_W.440,4784.0,55.77,6.0,1,303.83
p2_E_W.441,4790.0,82.09,22.0,2,343.0
p2_E_W.442,4793.0,87.94,21.0,2,361.5
p2_E_W.443,4796.0,86.71,19.0,3,362.66
p2_E_W.444,4799.0,79.49,18.0,2,343.75
p2_E_W.445,4802.0,84.29,18.0,2,365.39
p2_E_W.446,4805.0,83.07,16.0,2,371.64
p2_E_W.447,4808.0,73.0,16.0,2,339.43
p2_E_W.448,4811.0,77.45,16.0,2,358.64
p2_E_W.449,4814.0,76.99,17.0,2,365.06
p2_E_W.450,4820.0,76.38,15.0,2,368.24
p2_E_S1.45,4830.0,66.46,16.0,2,345.74
p2_E_W.451,4833.0,65.24,15.0,2,352.24
p2_E_W.452,4836.0,63.94,12.0,3,344.02
p2_E_W.453,4839.0,62.73,13.0,2,335.8
p2_E_W.454,4842.0,61.49,13.0,2,324.82
p2_E_W.455,4845.0,60.38,14.0,2,336.96
p2_E_W.456,4848.0,59.31,15.0,2,333.19
p2_E_W.457,4851.0,57.39,11.0,1,324.2
p2_E_W.458,4854.0,51.31,11.0,1,308.47
p2_E_W.459,4857.0,52.3,9.0,1,315.95
p2_E_W.460,4860.0,58.04,9.0,1,324.18
p2_E_S1.46,4863.0,54.77,8.0,1,330.38
p2_E_W.461,4866.0,53.89,7.0,1,335.24
p2_E_W.462,4869.0,52.69,7.0,1,325.88
p2_E_W.463,4872.0,50.6,6.0,1,323.28
p2_E_W.464,4875.0,50.85,6.0,1,310.27
p2_E_W.465,4878.0,49.57,6.0,1,322.41
p2_E_W.466,4881.0,41.33,6.0,1,289.0
p2_E_W.467,4884.0,43.98,6.0,1,284.19
p2_E_W.468,4887.0,49.77,5.0,1,304.06
p2_E_W.469,4890.0,61.52,18.0,2,336.29
p2_E_W.470,4893.0,59.72,17.0,2,329.05
p2_E_W.471,4899.0,57.14,15.0,2,295.44
p2_E_W.472,4902.0,60.47,13.0,2,324.81
p2_E_S1.47,4896.0,51.75,16.0,2,299.57
p2_E_W.473,4905.0,51.18,12.0,2,310.86
p2_E_W.474,4908.0,59.54,12.0,2,321.55
p2_E_W.475,4911.0,58.35,10.0,2,333.16
p2_E_W.476,4914.0,57.05,9.0,2,327.35
p2_E_W.477,4917.0,55.77,10.0,3,330.07
p2_E_W.478,4920.0,51.79,9.0,2,323.33
p2_E_W.479,4923.0,53.3,17.0,2,325.33
p2_E_W.480,4926.0,51.96,12.0,1,333.08
p2_E_S1.48,4929.0,44.64,12.0,1,298.48
p2_E_W.481,4932.0,39.62,10.0,1,282.43
p2_E_W.482,4935.0,48.15,10.0,1,309.46
p2_E_W.483,4938.0,50.32,10.0,1,327.87
p2_E_W.484,4941.0,50.79,8.0,1,326.97
p2_E_W.485,4944.0,49.52,8.0,1,325.49
p2_E_W.486,4948.0,31.81,8.0,1,256.87
p2_E_W.487,4951.0,46.14,8.0,1,286.69
p2_E_W.488,4954.0,46.04,9.0,1,303.24
p2_E_W.489,4958.0,42.32,7.0,1,294.65
p2_E_S1.49,4964.0,33.31,7.0,1,283.31
p2_E_W.490,4961.0,39.75,8.0,1,299.34
p2_E_W.491,4967.0,38.36,5.0,1,307.85
p2_E_W.492,4970.0,32.83,5.0,1,308.97
p2_E_W.493,4973.0,33.02,5.0,1,297.46
p2_E_W.494,4976.0,26.03,2.0,1,276.78
p2_E_W.495,4979.0,21.29,0.0,0,251.17
p2_E_W.496,4982.0,50.71,16.0,1,299.84
p2_E_W.497,4985.0,49.64,14.0,1,317.29
p2_E_W.498,4988.0,47.22,14.0,1,316.65
p2_E_W.499,4991.0,40.75,14.0,1,293.26
p2_E_W.500,4994.0,47.94,13.0,1,298.62
p2_E_S1.50,4997.0,45.63,12.0,1,298.53
p2_E_W.501,5000.0,45.39,11.0,1,303.39
p2_E_W.502,5003.0,44.13,20.0,2,301.6
p2_E_W.503,5006.0,42.88,19.0,2,303.47
p2_E_W.504,5009.0,30.88,11.0,2,263.87
p2_E_W.505,5012.0,40.44,7.0,2,280.59
p2_E_W.506,5015.0,44.97,8.0,2,292.67
p2_E_W.507,5018.0,29.49,4.0,1,258.83
p2_E_W.508,5021.0,42.76,3.0,1,286.97
p2_E_W.509,5024.0,41.54,2.0,1,271.1
p2_E_S1.51,5030.0,34.86,1.0,1,273.79
p2_E_W.510,5027.0,40.18,2.0,1,286.1
p2_E_W.511,5033.0,36.17,0.0,0,288.48
p2_E_W.512,5036.0,35.06,0.0,0,296.24
p2_E_W.513,5039.0,33.7,0.0,0,303.15
p2_E_W.514,5042.0,32.57,0.0,0,303.21
p2_E_W.515,5045.0,31.35,0.0,0,298.91
p2_E_W.516,5048.0,30.11,0.0,0,292.92
p2_E_W.517,5051.0,26.83,0.0,0,268.24
p2_E_W.518,5054.0,21.47,0.0,0,249.09
p2_E_W.519,5057.0,17.78,0.0,0,230.96
p2_E_W.520,5060.0,26.37,0.0,0,266.07
p2_E_S1.52,5063.0,16.26,0.0,0,236.02
p2_E_W.521,5066.0,39.65,16.0,1,284.95
p2_E_W.522,5069.0,42.55,16.0,1,300.61
p2_E_W.523,5072.0,41.09,15.0,1,291.64
p2_E_W.524,5075.0,41.0,14.0,1,287.31
p2_E_W.525,5078.0,33.33,16.0,2,267.07
p2_E_W.526,5081.0,38.9,12.0,2,289.35
p2_E_W.527,5084.0,39.41,11.0,2,290.42
p2_E_W.528,5087.0,38.08,10.0,2,293.15
p2_E_W.529,5090.0,33.79,6.0,2,286.27
p2_E_S1.53,5096.0,27.03,0.0,0,250.42
p2_E_W.530,5093.0,19.46,1.0,1,236.71
p2_E_W.531,5099.0,33.62,0.0,0,275.67
p2_E_W.532,5103.0,31.64,0.0,0,268.73
p2_E_W.533,5106.0,34.71,0.0,0,271.65
p2_E_W.534,5109.0,33.49,0.0,0,282.74
p2_E_W.535,5112.0,32.14,0.0,0,283.02
p2_E_W.536,5115.0,30.85,0.0,0,274.12
p2_E_W.537,5118.0,26.88,0.0,0,272.28
p2_E_W.538,5121.0,28.36,0.0,0,275.23
p2_E_W.539,5124.0,27.29,0.0,0,280.47
p2_E_W.540,5127.0,25.95,0.0,0,290.13
p2_E_S1.54,5130.0,17.16,0.0,0,240.7
p2_E_W.541,5133.0,18.22,0.0,0,246.43
p2_E_W.542,5136.0,17.64,0.0,0,237.48
p2_E_W.543,5139.0,19.13,0.0,0,241.66
p2_E_W.544,5142.0,13.89,0.0,0,227.42
p2_E_W.545,5145.0,17.03,0.0,0,243.09
p2_E_W.546,5148.0,36.94,18.0,1,277.48
p2_E_W.547,5151.0,35.5,19.0,2,271.84
p2_E_W.548,5154.0,34.88,14.0,2,283.2
p2_E_W.549,5157.0,33.65,14.0,2,278.4
p2_E_W.550,5160.0,30.32,9.0,2,261.47
p2_E_S1.55,5163.0,32.21,7.0,2,273.96
p2_E_W.551,5166.0,27.75,5.0,2,259.91
p2_E_W.552,5169.0,24.14,3.0,1,255.95
p2_E_W.553,5172.0,26.85,2.0,1,269.39
p2_E_W.554,5175.0,23.58,1.0,1,257.06
p2_E_W.555,5178.0,31.42,0.0,0,260.18
p2_E_W.556,5181.0,15.36,0.0,0,217.75
p2_E_W.557,5184.0,31.26,0.0,0,241.01
p2_E_W.558,5187.0,29.88,0.0,0,256.53
p2_E_W.559,5190.0,28.62,0.0,0,257.46
p2_E_W.560,5193.0,23.69,0.0,0,263.73
p2_E_W.561,5199.0,23.16,0.0,0,230.59
p2_E_W.562,5201.0,22.9,0.0,0,255.64
p2_E_W.563,5205.0,19.25,0.0,0,254.19
p2_E_S1.56,5196.0,9.81,0.0,0,212.15
p2_E_W.564,5208.0,14.01,0.0,0,227.93
p2_E_W.565,5211.0,19.18,0.0,0,232.39
p2_E_W.566,5214.0,23.76,12.0,1,238.45
p2_E_W.567,5217.0,44.14,25.0,2,291.72
p2_E_W.568,5220.0,32.67,14.0,2,254.64
p2_E_S1.57,5229.0,40.38,8.0,2,294.8
p2_E_W.569,5223.0,48.54,10.0,2,283.61
p2_E_W.570,5226.0,47.14,10.0,2,290.81
p2_E_W.571,5232.0,42.92,7.0,2,306.58
p2_E_W.572,5235.0,40.87,7.0,2,311.09
p2_E_W.573,5238.0,40.34,4.0,1,310.28
p2_E_W.574,5241.0,39.03,4.0,1,302.9
p2_E_W.575,5244.0,29.42,4.0,1,268.27
p2_E_W.576,5247.0,37.35,4.0,1,276.55
p2_E_W.577,5250.0,36.03,3.0,2,295.64
p2_E_W.578,5253.0,34.84,2.0,1,292.1
p2_E_W.579,5256.0,33.59,2.0,1,294.59
p2_E_S1.58,5262.0,28.8,2.0,1,262.76
p2_E_W.580,5259.0,21.51,3.0,1,223.84
p2_E_W.581,5265.0,21.01,1.0,1,237.77
p2_E_W.582,5268.0,30.42,1.0,1,267.08
p2_E_W.583,5271.0,26.72,0.0,0,264.31
p2_E_W.584,5274.0,27.81,0.0,0,273.55
p2_E_W.585,5277.0,26.61,0.0,0,266.36
p2_E_W.586,5280.0,22.41,0.0,0,253.74
p2_E_W.587,5282.0,22.49,11.0,1,243.78
p2_E_W.588,5286.0,23.08,10.0,1,253.25
p2_E_W.589,5289.0,21.75,7.0,1,248.29
p2_E_W.590,5292.0,20.55,6.0,1,254.29
p2_E_W.591,5298.0,19.73,1.0,1,252.13
p2_E_S1.59,5295.0,17.58,2.0,1,231.03
p2_E_W.592,5301.0,33.04,17.0,1,258.34
p2_E_W.593,5304.0,44.33,16.0,1,277.76
p2_E_W.594,5307.0,43.01,14.0,1,289.88
p2_E_W.595,5310.0,41.79,15.0,1,302.69
p2_E_W.596,5313.0,27.04,10.0,1,264.98
p2_E_W.597,5316.0,37.71,10.0,1,280.98
p2_E_W.598,5319.0,40.15,8.0,1,288.72
p2_E_W.599,5321.0,39.96,8.0,1,303.48
