id,depart,timeloss,espera,paradas,co2
p1_S3_E3.0,3.0,18.18,7.0,1,182.49
p1_E1_N3.0,3.0,45.24,31.0,1,230.07
p1_W_E.0,0.0,8.29,0.0,0,242.97
p1_E2_N2.0,3.0,12.12,0.0,0,266.31
p1_N3_S3.0,0.0,15.98,4.0,1,285.24
p1_S2_N2.0,0.0,18.05,4.0,1,293.57
p1_N2_S2.0,0.0,18.67,4.0,1,277.22
p1_S2_E2.0,3.0,16.78,4.0,1,267.37
p1_N2_W2.0,3.0,18.0,4.0,1,270.57
p1_S3_N3.0,0.0,20.32,9.0,1,276.77
p1_W1_E1.1,6.0,21.27,7.0,1,293.72
p1_W3_E3.1,6.0,21.46,7.0,1,290.07
p1_W3_E3.0,0.0,24.47,6.0,1,308.03
p1_W1_E1.2,12.0,16.28,3.0,1,269.94
p1_E_W.1,15.0,16.56,2.0,1,276.84
p1_W3_S3.0,3.0,24.17,5.0,1,314.99
p1_N1_W3.0,3.0,28.22,9.0,1,314.31
p1_N1_S1.0,0.0,25.51,10.0,1,307.62
p1_E1_N3.1,61.0,12.6,0.0,0,177.13
p1_N1_S1.1,20.0,9.98,0.0,0,261.48
p1_W1_S1.0,3.0,32.39,9.0,1,324.53
p1_W1_E1.0,0.0,18.49,4.0,1,283.53
p1_W_E.3,18.0,13.68,0.0,0,275.97
p1_W_E.4,24.0,10.79,0.0,0,256.55
p1_S1_N1.0,0.0,23.73,11.0,1,284.04
p1_W_E.1,6.0,19.22,5.0,1,271.84
p1_W_E.5,30.0,9.06,0.0,0,240.09
p1_W_E.2,12.0,15.62,0.0,0,261.6
p1_S1_N1.1,20.0,8.48,0.0,0,246.24
p1_S3_N3.1,20.0,18.11,6.0,1,278.77
p1_E_W.0,0.0,20.6,5.0,1,277.96
p1_N2_S2.1,20.0,25.57,12.0,1,295.09
p1_E3_W3.0,0.0,41.34,23.0,2,333.93
p1_N3_W1.0,3.0,32.8,11.0,2,329.37
p1_W2_S2.0,3.0,45.17,24.0,2,352.37
p1_E1_W1.1,15.0,35.16,20.0,1,320.56
p1_E1_W1.2,29.0,21.5,6.0,1,275.06
p1_E3_W3.2,29.0,21.92,6.0,1,292.55
p1_W3_E3.3,18.0,34.58,15.0,2,311.59
p1_E3_W3.3,44.0,7.91,0.0,0,243.41
p1_W1_E1.3,18.0,34.11,15.0,2,317.84
p1_W1_E1.5,30.0,22.85,4.0,1,307.47
p1_E1_W1.3,44.0,8.67,0.0,0,254.9
p1_W3_E3.4,24.0,30.36,9.0,2,315.47
p1_W1_E1.6,36.0,19.17,4.0,1,284.62
p1_W3_E3.2,12.0,36.76,17.0,2,322.01
p1_W3_E3.8,48.0,8.28,0.0,0,249.39
p1_E3_W3.1,15.0,34.25,18.0,1,304.17
p1_W1_E1.8,48.0,9.31,0.0,0,247.57
p1_W1_E1.7,42.0,16.81,0.0,0,274.94
p1_S2_N2.2,40.0,21.54,9.0,1,290.58
p1_W1_E1.9,54.0,7.99,0.0,0,251.19
p1_W3_E3.9,54.0,8.16,0.0,0,246.99
p1_W1_E1.4,24.0,20.92,7.0,1,278.76
p1_W3_E3.5,30.0,15.13,1.0,1,269.36
p1_E1_W1.0,0.0,44.74,31.0,1,321.71
p1_W3_E3.6,36.0,11.34,0.0,0,252.44
p1_W1_E1.10,60.0,7.92,0.0,0,247.15
p1_N3_S3.2,40.0,30.45,9.0,2,329.63
p1_N3_S3.3,60.0,11.52,0.0,0,257.65
p1_S2_N2.1,20.0,11.74,0.0,0,260.13
p1_W_E.6,36.0,36.05,22.0,1,291.49
p1_S3_E3.1,63.0,52.39,41.0,1,238.31
p1_E_W.2,29.0,44.37,24.0,2,349.55
p1_E_W.3,44.0,29.39,9.0,2,320.82
p1_E1_W1.4,58.0,16.47,3.0,1,275.02
p1_S3_N3.3,60.0,13.99,0.0,0,269.21
p1_N3_S3.1,20.0,45.1,29.0,1,324.15
p1_E_W.4,58.0,17.19,2.0,1,283.84
p1_W_E.7,42.0,30.89,12.0,2,311.84
p1_W_E.8,48.0,19.46,0.0,0,289.26
p1_W_E.9,54.0,23.54,2.0,1,300.37
p1_S3_N3.2,40.0,21.72,3.0,1,299.62
p1_W_E.10,60.0,18.46,0.0,0,273.66
p1_W_E.12,72.0,7.76,0.0,0,252.94
p1_E_W.5,72.0,8.03,0.0,0,241.61
p1_W_E.11,66.0,8.76,0.0,0,239.34
p1_W3_E3.10,60.0,23.17,10.0,1,285.12
p1_E3_N1.0,3.0,39.24,9.0,2,422.12
p1_S1_N1.3,60.0,25.41,7.0,2,296.65
p1_W1_S1.1,63.0,22.13,7.0,1,294.38
p1_W3_S3.1,63.0,23.17,6.0,1,292.81
p1_N1_W3.1,63.0,25.79,4.0,1,306.83
p1_N1_S1.3,60.0,19.52,2.0,1,294.2
p1_W1_E1.12,72.0,18.97,5.0,1,290.62
p1_E1_N3.2,120.0,15.08,2.0,1,180.42
p1_W3_E3.7,42.0,24.51,11.0,1,288.04
p1_S1_E1.0,3.0,45.76,22.0,2,439.13
p1_S2_E2.1,63.0,31.73,16.0,1,316.45
p1_N1_S1.2,40.0,38.62,19.0,1,321.91
p1_S1_N1.2,40.0,40.38,22.0,2,326.05
p1_W2_S2.1,63.0,27.11,7.0,1,296.53
p1_N2_S2.2,40.0,46.67,26.0,2,335.3
p1_N2_S2.3,60.0,36.45,17.0,1,320.15
p1_W1_E1.11,66.0,27.99,9.0,1,309.03
p1_W1_E1.13,78.0,12.77,0.0,0,266.59
p1_E3_W3.4,58.0,38.94,13.0,3,341.0
p1_W3_E3.11,66.0,21.79,9.0,1,280.43
p1_E3_W3.5,72.0,26.83,7.0,1,307.88
p1_E3_W3.6,87.0,11.68,0.0,0,256.47
p1_W3_E3.13,78.0,13.73,0.0,0,273.91
p1_W3_E3.15,90.0,10.57,0.0,0,243.34
p1_N3_W1.1,63.0,34.98,13.0,2,334.64
p1_W3_E3.14,84.0,18.36,0.0,0,269.94
p1_S2_N2.3,60.0,43.41,27.0,2,323.36
p1_E2_N2.1,61.0,42.88,22.0,1,331.2
p1_W1_E1.16,96.0,7.07,0.0,0,236.68
p1_W3_E3.12,72.0,14.05,0.0,0,264.94
p1_E1_W1.6,87.0,12.25,0.0,0,263.34
p1_W3_E3.16,96.0,8.37,0.0,0,244.57
p1_S2_N2.4,80.0,25.49,7.0,1,308.98
p1_E3_W3.7,101.0,7.7,0.0,0,249.98
p1_W1_E1.17,102.0,7.64,0.0,0,241.54
p1_W1_E1.15,90.0,10.33,0.0,0,261.47
p1_W3_E3.17,102.0,8.06,0.0,0,248.01
p1_W_E.14,84.0,28.78,15.0,1,301.45
p1_W_E.13,78.0,35.94,21.0,1,297.93
p1_W1_E1.14,84.0,9.24,0.0,0,254.54
p1_W_E.15,90.0,22.69,10.0,1,283.3
p1_W1_E1.18,108.0,8.32,0.0,0,241.17
p1_W_E.17,102.0,18.86,6.0,1,274.99
p1_S3_E3.2,123.0,41.03,27.0,1,223.01
p1_E1_W1.7,101.0,9.89,0.0,0,243.45
p1_E_W.7,101.0,18.68,3.0,1,290.11
p1_W_E.19,114.0,9.3,0.0,0,245.38
p1_E1_W1.5,72.0,23.4,7.0,1,286.19
p1_N3_S3.4,80.0,44.54,32.0,1,315.02
p1_E_W.6,87.0,36.82,12.0,3,341.07
p1_W_E.16,96.0,23.71,9.0,1,283.53
p1_N3_S3.5,100.0,23.42,5.0,1,301.49
p1_N2_W2.1,63.0,45.98,27.0,2,335.24
p1_N1_S1.4,80.0,48.24,33.0,1,318.27
p1_S3_N3.4,80.0,47.68,25.0,2,359.15
p1_W_E.18,108.0,12.65,0.0,0,266.95
p1_N1_S1.5,100.0,26.53,13.0,1,286.53
p1_S3_N3.5,100.0,23.48,5.0,1,309.77
p1_N1_S1.6,120.0,11.31,0.0,0,261.92
p1_S1_N1.4,80.0,52.24,35.0,1,344.98
p1_N1_W3.2,123.0,9.33,0.0,0,257.95
p1_S1_N1.6,120.0,10.97,0.0,0,254.85
p1_W_E.21,126.0,8.22,0.0,0,238.56
p1_N3_S3.6,120.0,7.67,0.0,0,239.66
p1_S1_N1.5,100.0,26.29,13.0,1,277.71
p1_W1_E1.19,114.0,26.15,13.0,1,305.17
p1_W_E.20,120.0,9.11,0.0,0,243.88
p1_E_W.9,130.0,7.96,0.0,0,243.1
p1_W_E.22,132.0,8.09,0.0,0,245.97
p1_S1_E1.1,63.0,32.04,2.0,2,432.91
p1_W3_E3.18,108.0,33.5,14.0,2,321.08
p1_W3_E3.19,114.0,27.52,9.0,2,312.9
p1_N2_S2.5,100.0,44.24,32.0,1,316.74
p1_E3_W3.8,116.0,22.56,2.0,1,301.18
p1_E1_N3.3,180.0,7.39,0.0,0,157.44
p1_W3_S3.2,123.0,20.5,4.0,1,291.66
p1_W1_E1.20,120.0,26.37,13.0,1,280.71
p1_N3_W1.2,123.0,23.61,2.0,1,302.14
p1_E1_W1.8,116.0,31.03,11.0,2,314.6
p1_W2_S2.2,123.0,24.76,4.0,1,314.38
p1_E3_W3.9,130.0,9.24,0.0,0,244.4
p1_W3_E3.22,132.0,14.8,0.0,0,268.96
p1_N2_S2.4,80.0,56.66,36.0,2,338.92
p1_S2_E2.2,123.0,25.04,3.0,1,304.05
p1_W3_E3.21,126.0,18.03,2.0,1,288.94
p1_E_W.8,116.0,9.94,0.0,0,250.38
p1_W1_E1.22,132.0,16.79,1.0,1,286.18
p1_E1_W1.9,130.0,13.16,0.0,0,258.48
p1_W1_E1.23,138.0,12.86,0.0,0,258.75
p1_E3_W3.10,144.0,8.38,0.0,0,241.72
p1_W3_E3.23,138.0,8.2,0.0,0,246.19
p1_W1_E1.24,144.0,8.77,0.0,0,244.38
p1_W3_E3.20,120.0,18.49,3.0,1,276.29
p1_W1_E1.25,150.0,7.53,0.0,0,244.61
p1_S2_N2.5,100.0,45.39,22.0,2,348.46
p1_E2_N2.2,120.0,27.68,7.0,1,302.67
p1_W1_E1.21,126.0,16.91,3.0,1,273.74
p1_N2_S2.7,140.0,8.88,0.0,0,248.69
p1_W3_E3.24,144.0,8.52,0.0,0,238.83
p1_W3_E3.25,150.0,7.68,0.0,0,240.66
p1_S2_N2.6,120.0,35.25,8.0,2,340.37
p1_S2_N2.7,140.0,11.08,0.0,0,268.75
p1_E1_W1.11,159.0,7.94,0.0,0,240.81
p1_N2_W2.2,123.0,40.11,13.0,2,343.62
p1_W_E.25,150.0,19.54,6.0,1,280.1
p1_W1_E1.27,162.0,8.06,0.0,0,235.19
p1_W_E.23,138.0,33.37,16.0,1,327.55
p1_S3_E3.3,183.0,31.4,16.0,1,204.25
p1_E_W.10,144.0,23.28,4.0,2,305.04
p1_W_E.26,156.0,15.97,0.0,0,281.02
p1_E1_W1.10,144.0,9.76,0.0,0,248.45
p1_N3_S3.7,140.0,34.61,22.0,1,299.74
p1_W_E.28,168.0,7.53,0.0,0,246.39
p1_W_E.24,144.0,22.02,6.0,1,281.74
p1_E3_N1.1,61.0,73.66,42.0,3,506.19
p1_W1_S1.2,123.0,53.81,36.0,2,354.72
p1_S1_N1.8,160.0,14.02,0.0,0,267.5
p1_N3_S3.8,160.0,14.17,0.0,0,271.93
p1_N1_S1.8,160.0,18.83,5.0,1,277.04
p1_W1_E1.26,156.0,9.17,0.0,0,248.07
p1_S3_N3.7,140.0,40.97,17.0,3,350.7
p1_E_W.11,159.0,8.81,0.0,0,245.98
p1_E_W.12,173.0,8.05,0.0,0,248.26
p1_S3_N3.8,160.0,23.06,4.0,1,304.81
p1_W_E.29,174.0,8.72,0.0,0,242.04
p1_N1_S1.7,140.0,37.1,24.0,1,302.11
p1_W3_E3.26,156.0,26.38,13.0,1,283.36
p1_S3_N3.6,120.0,60.33,34.0,2,368.86
p1_W3_E3.28,168.0,19.82,6.0,1,273.8
p1_W3_E3.27,162.0,26.94,11.0,1,287.0
p1_W3_E3.29,174.0,15.67,2.0,1,267.3
p1_W_E.30,180.0,8.37,0.0,0,243.83
p1_W3_S3.3,183.0,10.18,0.0,0,268.82
p1_W_E.27,162.0,9.86,0.0,0,242.2
p1_E1_W1.12,173.0,22.31,5.0,2,297.84
p1_W3_E3.30,180.0,10.35,0.0,0,258.46
p1_S2_N2.8,160.0,37.13,19.0,2,327.62
p1_S2_N2.9,180.0,17.24,3.0,1,276.94
p1_E3_W3.11,159.0,24.63,11.0,1,282.73
p1_W1_E1.29,174.0,24.15,6.0,2,324.66
p1_E1_W1.13,188.0,8.1,0.0,0,233.99
p1_N2_S2.6,120.0,65.39,44.0,2,370.73
p1_N2_S2.9,180.0,19.87,7.0,1,271.29
p1_N2_S2.8,160.0,41.49,27.0,1,303.65
p1_W1_E1.30,180.0,11.44,0.0,0,262.46
p1_W1_E1.32,192.0,9.53,0.0,0,253.51
p1_S1_E1.2,123.0,24.59,4.0,1,395.42
p1_W3_E3.31,186.0,8.84,0.0,0,244.81
p1_E1_N3.4,240.0,6.64,0.0,0,160.05
p1_W3_E3.32,192.0,7.97,0.0,0,259.01
p1_W1_E1.28,168.0,37.03,9.0,1,334.38
p1_E3_W3.12,173.0,9.69,0.0,0,250.97
p1_W1_E1.31,186.0,8.25,0.0,0,241.47
p1_W2_S2.3,183.0,28.74,11.0,2,318.37
p1_E1_W1.14,202.0,8.84,0.0,0,234.17
p1_E2_N2.3,180.0,32.86,14.0,2,319.34
p1_W1_E1.33,198.0,8.1,0.0,0,249.78
p1_S3_E3.4,243.0,17.31,7.0,1,193.75
p1_E_W.14,202.0,16.78,1.0,1,286.01
p1_S2_E2.3,183.0,30.02,13.0,1,312.36
p1_W_E.31,186.0,34.13,15.0,2,318.76
p1_E_W.13,188.0,32.06,16.0,1,322.89
p1_W_E.32,192.0,23.5,5.0,1,300.36
p1_W_E.33,198.0,22.06,2.0,1,297.84
p1_N2_W2.3,183.0,22.66,2.0,1,310.16
p1_E_W.15,216.0,7.8,0.0,0,238.71
p1_N3_S3.9,180.0,46.3,33.0,1,323.1
p1_W_E.35,210.0,15.87,0.0,0,280.36
p1_S1_N1.7,140.0,63.1,44.0,2,356.02
p1_W_E.34,204.0,11.62,0.0,0,266.61
p1_W1_S1.3,183.0,43.71,25.0,1,328.37
p1_S1_N1.10,200.0,29.73,10.0,1,316.25
p1_S3_N3.10,200.0,30.05,9.0,2,321.6
p1_W_E.37,222.0,8.09,0.0,0,244.11
p1_N1_S1.10,200.0,31.56,10.0,2,326.12
p1_W_E.36,216.0,8.39,0.0,0,245.34
p1_E3_N1.2,120.0,67.82,39.0,2,499.96
p1_S1_N1.11,220.0,11.83,0.0,0,257.91
p1_S1_N1.9,180.0,53.46,31.0,2,363.44
p1_N1_S1.11,220.0,13.51,0.0,0,272.92
p1_N3_S3.10,200.0,23.71,10.0,1,289.14
p1_N1_W3.3,183.0,44.64,25.0,2,347.13
p1_N3_S3.11,220.0,8.77,0.0,0,245.08
p1_S3_N3.9,180.0,43.3,23.0,2,321.78
p1_W3_E3.36,216.0,21.04,3.0,1,295.72
p1_W3_E3.38,228.0,10.96,0.0,0,271.71
p1_E3_W3.14,202.0,30.55,17.0,1,300.05
p1_E3_W3.16,231.0,9.13,0.0,0,250.29
p1_N3_W1.3,183.0,52.31,32.0,2,344.96
p1_W3_E3.33,198.0,34.69,21.0,1,300.23
p1_W3_E3.37,222.0,17.13,0.0,0,300.9
p1_W3_E3.34,204.0,33.64,13.0,2,310.5
p1_E_W.16,231.0,8.52,0.0,0,245.31
p1_W3_E3.39,234.0,8.88,0.0,0,247.71
p1_W3_E3.35,210.0,34.42,10.0,1,336.63
p1_W1_E1.34,204.0,25.5,12.0,1,280.73
p1_W1_E1.35,210.0,19.06,5.0,1,272.6
p1_W1_E1.36,216.0,27.32,5.0,1,302.74
p1_E1_W1.16,231.0,8.81,0.0,0,246.99
p1_E3_W3.13,188.0,32.46,17.0,1,299.96
p1_S2_N2.10,200.0,47.68,28.0,2,344.13
p1_W1_E1.37,222.0,25.67,0.0,0,294.96
p1_W1_E1.39,234.0,14.27,0.0,0,260.74
p1_W1_E1.38,228.0,21.24,0.0,0,307.04
p1_S2_N2.12,240.0,9.5,0.0,0,253.76
p1_N2_S2.10,200.0,35.88,23.0,1,302.95
p1_W3_E3.40,240.0,8.27,0.0,0,248.42
p1_E1_W1.15,216.0,24.75,11.0,1,274.27
p1_N2_S2.11,220.0,25.47,6.0,2,307.86
p1_S2_N2.11,220.0,25.07,5.0,1,295.69
p1_W3_S3.4,243.0,10.11,0.0,0,253.76
p1_E1_W1.17,245.0,8.21,0.0,0,235.58
p1_W3_E3.41,246.0,8.24,0.0,0,236.16
p1_N1_S1.9,180.0,65.68,37.0,3,375.41
p1_W1_E1.40,240.0,8.77,0.0,0,240.67
p1_W1_E1.41,246.0,7.55,0.0,0,240.74
p1_W1_E1.42,252.0,7.26,0.0,0,245.58
p1_W3_E3.42,252.0,7.95,0.0,0,237.74
p1_W_E.41,246.0,17.98,2.0,1,277.35
p1_W_E.39,234.0,23.54,9.0,1,275.44
p1_E3_W3.17,245.0,20.19,7.0,1,275.84
p1_E_W.17,245.0,16.5,2.0,1,267.23
p1_E_W.18,260.0,8.37,0.0,0,242.7
p1_N3_S3.13,260.0,8.97,0.0,0,249.75
p1_N3_S3.12,240.0,29.2,11.0,1,299.86
p1_W_E.38,228.0,24.63,10.0,1,284.03
p1_S3_N3.12,240.0,25.33,6.0,2,296.32
p1_W_E.42,252.0,12.99,0.0,0,259.98
p1_W_E.40,240.0,22.71,8.0,1,285.57
p1_W_E.44,264.0,9.18,0.0,0,243.24
p1_S3_E3.5,303.0,13.39,1.0,1,182.16
p1_E3_W3.15,216.0,26.97,12.0,1,287.87
p1_S1_N1.12,240.0,34.77,14.0,2,325.38
p1_W_E.43,258.0,16.97,0.0,0,273.45
p1_N1_S1.13,260.0,16.95,1.0,1,289.25
p1_W1_S1.4,243.0,34.85,16.0,1,326.89
p1_S1_N1.13,260.0,15.56,0.0,0,283.5
p1_W_E.45,270.0,8.55,0.0,0,239.0
p1_S3_N3.11,220.0,42.43,25.0,2,326.84
p1_N1_S1.12,240.0,39.17,16.0,2,337.88
p1_N1_W3.4,243.0,37.27,10.0,2,345.67
p1_W2_S2.4,243.0,34.42,13.0,3,325.87
p1_E_W.19,274.0,8.01,0.0,0,232.7
p1_S1_E1.3,183.0,57.52,24.0,4,479.5
p1_N3_W1.4,243.0,38.02,19.0,2,325.54
p1_W1_E1.43,258.0,26.55,12.0,1,293.23
p1_E1_W1.18,260.0,25.14,10.0,1,281.03
p1_E1_N3.5,300.0,28.44,19.0,1,203.36
p1_W1_E1.45,270.0,16.16,1.0,1,277.95
p1_W3_E3.46,276.0,11.53,0.0,0,280.88
p1_E3_N1.3,180.0,57.33,33.0,2,469.27
p1_W3_E3.44,264.0,24.08,8.0,1,303.15
p1_W1_E1.46,276.0,12.96,0.0,0,265.92
p1_W_E.47,282.0,7.12,0.0,0,244.37
p1_E3_W3.19,274.0,15.87,0.0,0,282.04
p1_W3_E3.43,258.0,28.51,13.0,1,290.68
p1_E3_W3.18,260.0,31.24,12.0,2,330.2
p1_W1_E1.44,264.0,17.95,5.0,1,271.54
p1_W1_E1.47,282.0,8.94,0.0,0,248.47
p1_W3_E3.47,282.0,8.84,0.0,0,247.38
p1_S2_N2.13,260.0,32.15,18.0,1,303.22
p1_S2_N2.14,280.0,13.84,1.0,1,275.13
p1_W3_E3.45,270.0,13.31,1.0,1,265.23
p1_N2_S2.13,260.0,38.34,19.0,1,306.52
p1_E1_W1.20,288.0,9.06,0.0,0,245.32
p1_N2_S2.14,280.0,11.59,0.0,0,259.02
p1_S3_N3.13,260.0,24.33,10.0,1,284.41
p1_E1_W1.19,274.0,9.02,0.0,0,247.47
p1_E2_N2.4,240.0,66.2,39.0,4,399.34
p1_E_W.21,303.0,7.53,0.0,0,244.45
p1_W3_E3.48,288.0,22.78,11.0,1,278.5
p1_E3_W3.21,303.0,7.75,0.0,0,239.92
p1_W1_E1.48,288.0,23.9,10.0,1,282.0
p1_W1_E1.49,294.0,15.73,3.0,1,265.36
p1_W_E.48,288.0,25.02,9.0,1,297.96
p1_E_W.20,288.0,24.86,7.0,1,310.21
p1_N2_W2.4,243.0,59.06,32.0,3,358.54
p1_W1_E1.50,300.0,13.7,0.0,0,264.61
p1_W_E.51,306.0,9.15,0.0,0,247.02
p1_W_E.50,300.0,13.01,0.0,0,262.58
p1_S2_E2.4,243.0,60.7,43.0,2,361.9
p1_E3_W3.20,288.0,9.45,0.0,0,248.86
p1_S1_N1.14,280.0,40.11,20.0,2,329.51
p1_N1_S1.15,300.0,16.78,3.0,1,277.98
p1_W_E.52,312.0,7.85,0.0,0,245.0
p1_W_E.49,294.0,23.85,4.0,1,279.57
p1_W1_S1.5,303.0,18.32,3.0,1,298.69
p1_N1_W3.5,303.0,20.44,1.0,1,308.29
p1_S3_N3.14,280.0,43.67,27.0,2,333.07
p1_S1_N1.15,300.0,23.89,11.0,1,285.39
p1_N3_S3.15,300.0,24.37,6.0,1,303.33
p1_S3_N3.15,300.0,23.54,5.0,2,304.53
p1_N1_S1.14,280.0,47.28,26.0,2,357.92
p1_N3_S3.14,280.0,39.71,21.0,2,316.31
p1_W_E.53,318.0,8.78,0.0,0,246.11
p1_E1_W1.21,303.0,28.05,16.0,1,293.17
p1_W_E.54,324.0,7.97,0.0,0,241.23
p1_E3_N1.4,240.0,50.4,16.0,2,470.77
p1_W_E.46,276.0,26.48,13.0,1,289.73
p1_N3_W1.5,303.0,21.45,4.0,1,283.07
p1_E_W.22,317.0,8.64,0.0,0,246.64
p1_E3_W3.22,317.0,17.25,5.0,1,274.96
p1_S1_E1.4,243.0,52.55,15.0,4,481.22
p1_N2_S2.15,300.0,38.13,24.0,1,302.27
p1_W3_E3.52,312.0,25.75,10.0,1,283.44
p1_W1_E1.53,318.0,19.72,5.0,1,310.18
p1_W3_E3.49,294.0,33.0,15.0,2,314.57
p1_W1_E1.54,324.0,16.24,1.0,1,270.42
p1_E3_W3.23,332.0,8.01,0.0,0,241.67
p1_E1_W1.22,317.0,13.03,0.0,0,264.14
p1_E1_N3.6,363.0,13.58,3.0,1,175.5
p1_S2_N2.15,300.0,44.02,29.0,1,332.52
p1_W1_E1.55,330.0,9.84,0.0,0,255.42
p1_W3_E3.50,300.0,23.17,8.0,1,286.41
p1_W3_E3.53,318.0,22.18,5.0,1,286.91
p1_N2_S2.12,240.0,78.15,60.0,2,378.46
p1_N2_S2.16,320.0,18.23,5.0,1,272.27
p1_W1_E1.56,336.0,10.76,0.0,0,256.37
p1_W3_S3.5,303.0,27.68,8.0,1,307.48
p1_W1_E1.51,306.0,19.0,4.0,1,273.26
p1_W3_E3.54,324.0,19.46,1.0,1,286.38
p1_E2_N2.5,300.0,13.49,0.0,0,264.96
p1_W1_E1.52,312.0,14.76,1.0,1,267.19
p1_W3_E3.56,336.0,13.75,0.0,0,275.11
p1_W1_E1.57,342.0,8.18,0.0,0,243.98
p1_W3_E3.57,342.0,9.5,0.0,0,249.17
p1_W3_E3.51,306.0,25.99,11.0,1,268.68
p1_S2_N2.16,320.0,22.47,7.0,1,278.46
p1_W3_E3.55,330.0,17.63,0.0,0,288.39
p1_E1_W1.24,346.0,8.75,0.0,0,250.91
p1_E3_W3.24,346.0,8.8,0.0,0,241.05
p1_E_W.23,332.0,26.28,12.0,1,283.49
p1_W2_S2.5,303.0,42.84,21.0,2,344.86
p1_N2_W2.5,303.0,46.39,22.0,3,339.9
p1_W_E.58,348.0,10.82,0.0,0,277.2
p1_W_E.57,342.0,18.38,3.0,1,295.56
p1_S2_E2.5,303.0,58.25,34.0,3,370.35
p1_E_W.24,346.0,14.03,0.0,0,267.8
p1_W_E.56,336.0,26.58,7.0,1,315.85
p1_W_E.59,354.0,8.4,0.0,0,244.42
p1_S1_N1.17,340.0,24.15,11.0,1,291.11
p1_S1_N1.18,360.0,8.05,0.0,0,252.39
p1_N3_S3.18,360.0,8.34,0.0,0,255.61
p1_S3_E3.6,363.0,38.32,26.0,1,212.21
p1_S3_N3.17,340.0,30.27,11.0,2,309.24
p1_N3_S3.16,320.0,50.27,32.0,2,342.09
p1_N1_S1.17,340.0,20.56,7.0,1,280.38
p1_N1_S1.18,360.0,8.76,0.0,0,241.31
p1_S1_N1.16,320.0,40.97,26.0,1,316.95
p1_W_E.55,330.0,20.69,6.0,1,277.46
p1_S3_N3.18,360.0,8.87,0.0,0,247.49
p1_E3_N1.5,300.0,32.96,6.0,2,433.3
p1_N1_S1.16,320.0,39.26,25.0,1,309.63
p1_S3_N3.16,320.0,39.05,24.0,1,312.21
p1_N3_W1.6,363.0,16.78,2.0,1,277.22
p1_W3_E3.59,354.0,25.99,11.0,1,300.53
p1_W_E.62,372.0,8.93,0.0,0,244.0
p1_E2_N2.6,363.0,19.05,0.0,0,287.54
p1_W1_E1.59,354.0,28.84,10.0,2,317.12
p1_W_E.60,360.0,9.01,0.0,0,242.81
p1_W1_E1.61,366.0,16.63,0.0,0,305.38
p1_E_W.26,375.0,8.28,0.0,0,244.57
p1_E3_W3.26,375.0,8.22,0.0,0,238.07
p1_W3_S3.6,363.0,20.9,2.0,1,304.25
p1_E1_W1.26,375.0,8.88,0.0,0,247.18
p1_E1_W1.23,332.0,41.65,23.0,2,328.16
p1_E1_W1.25,360.0,25.53,9.0,1,296.37
p1_W1_E1.62,372.0,12.66,0.0,0,262.72
p1_E1_N3.7,421.0,8.22,0.0,0,160.45
p1_W1_E1.58,348.0,32.67,13.0,1,307.74
p1_E3_W3.25,360.0,18.99,6.0,1,274.77
p1_W3_E3.63,378.0,10.82,0.0,0,266.66
p1_N2_S2.17,340.0,50.54,33.0,2,344.29
p1_W1_E1.60,360.0,18.45,2.0,1,286.9
p1_W3_E3.62,372.0,8.95,0.0,0,248.3
p1_E_W.25,360.0,10.1,0.0,0,248.69
p1_W1_E1.64,384.0,8.1,0.0,0,251.32
p1_W_E.61,366.0,9.83,0.0,0,247.4
p1_W3_E3.61,366.0,18.88,0.0,0,284.75
p1_W3_E3.64,384.0,11.77,0.0,0,263.76
p1_W3_E3.58,348.0,24.2,10.0,1,280.84
p1_N2_S2.18,360.0,25.46,8.0,1,301.41
p1_E1_W1.27,389.0,8.41,0.0,0,238.54
p1_W3_E3.60,360.0,29.84,3.0,1,305.37
p1_N2_S2.19,380.0,8.54,0.0,0,239.61
p1_W1_E1.65,390.0,7.99,0.0,0,245.63
p1_E3_W3.27,389.0,8.46,0.0,0,237.32
p1_W2_S2.6,363.0,40.69,16.0,2,339.66
p1_W1_E1.63,378.0,9.03,0.0,0,248.29
p1_N3_S3.17,340.0,48.64,32.0,2,330.78
p1_N2_W2.6,363.0,36.1,11.0,2,321.7
p1_S3_E3.7,423.0,19.42,7.0,1,184.87
p1_W_E.64,384.0,21.06,5.0,1,294.6
p1_S2_E2.6,363.0,43.72,5.0,1,318.94
p1_E_W.27,389.0,17.12,2.0,1,274.42
p1_W_E.65,390.0,17.03,1.0,1,304.62
p1_W_E.63,378.0,30.23,11.0,1,317.57
p1_S1_N1.19,380.0,30.44,17.0,1,291.58
p1_W_E.67,402.0,9.18,0.0,0,255.18
p1_W_E.66,396.0,9.04,0.0,0,247.76
p1_E_W.28,404.0,7.86,0.0,0,242.12
p1_S2_N2.17,340.0,37.0,21.0,1,318.95
p1_N1_S1.19,380.0,28.37,16.0,1,300.66
p1_S2_N2.18,360.0,13.99,0.0,0,275.61
p1_W1_S1.6,363.0,51.3,28.0,2,346.15
p1_N1_S1.20,400.0,10.56,0.0,0,259.69
p1_N1_W3.6,363.0,52.78,33.0,1,354.23
p1_S1_N1.20,400.0,8.09,0.0,0,248.36
p1_S3_N3.19,380.0,36.37,16.0,2,319.73
p1_S3_N3.20,400.0,16.48,1.0,1,268.78
p1_W_E.68,408.0,7.49,0.0,0,239.55
p1_W_E.69,414.0,7.36,0.0,0,239.36
p1_W3_E3.67,402.0,22.03,8.0,1,290.88
p1_S2_N2.19,380.0,45.48,18.0,1,308.83
p1_E1_W1.28,404.0,24.74,11.0,1,286.52
p1_N2_S2.20,400.0,29.98,15.0,1,294.37
p1_W1_E1.67,402.0,28.0,9.0,2,310.23
p1_N2_S2.21,420.0,10.54,0.0,0,262.38
p1_S1_E1.5,303.0,76.6,39.0,5,521.1
p1_W3_E3.66,396.0,25.6,12.0,1,289.27
p1_E3_W3.28,404.0,20.9,7.0,1,274.1
p1_W1_E1.69,414.0,18.1,2.0,1,295.26
p1_E1_W1.29,418.0,7.83,0.0,0,239.04
p1_W1_E1.66,396.0,36.89,17.0,2,334.73
p1_W3_E3.69,414.0,9.08,0.0,0,260.84
p1_S2_N2.20,400.0,35.41,23.0,1,306.23
p1_W3_E3.65,390.0,25.38,11.0,1,290.98
p1_W3_E3.70,420.0,15.72,0.0,0,286.72
p1_W3_E3.68,408.0,29.35,4.0,1,305.61
p1_W3_E3.71,426.0,9.24,0.0,0,250.89
p1_W1_E1.68,408.0,18.33,0.0,0,287.19
p1_W3_S3.7,423.0,10.38,0.0,0,269.21
p1_S2_N2.21,420.0,12.97,0.0,0,271.0
p1_W1_E1.72,432.0,7.91,0.0,0,245.61
p1_E1_W1.30,432.0,8.14,0.0,0,239.18
p1_W3_E3.72,432.0,8.04,0.0,0,238.97
p1_W1_E1.70,420.0,8.36,0.0,0,242.19
p1_W_E.70,420.0,25.66,11.0,1,291.65
p1_W3_E3.73,438.0,7.69,0.0,0,237.54
p1_W1_E1.71,426.0,9.14,0.0,0,247.69
p1_S1_E1.6,363.0,40.79,16.0,1,427.74
p1_S2_E2.7,423.0,24.89,3.0,2,318.25
p1_W_E.71,426.0,22.23,10.0,1,285.53
p1_N2_W2.7,423.0,23.77,7.0,1,301.62
p1_E1_N3.8,480.0,7.97,0.0,0,164.0
p1_N3_S3.19,380.0,70.23,45.0,2,387.57
p1_E_W.29,418.0,21.02,7.0,1,279.31
p1_N3_S3.20,400.0,40.76,28.0,1,309.49
p1_W_E.72,432.0,20.99,5.0,1,295.77
p1_E_W.31,447.0,7.81,0.0,0,244.32
p1_S3_E3.8,483.0,10.52,0.0,0,168.96
p1_N3_S3.21,420.0,35.84,23.0,1,295.62
p1_W_E.73,438.0,10.49,0.0,0,249.5
p1_W_E.74,444.0,10.61,0.0,0,259.13
p1_S1_N1.21,420.0,36.72,23.0,1,305.15
p1_S3_N3.22,440.0,16.96,4.0,1,279.84
p1_W_E.75,450.0,7.78,0.0,0,234.4
p1_W1_S1.7,423.0,35.64,18.0,1,311.84
p1_N1_S1.22,440.0,20.55,3.0,1,292.6
p1_E_W.30,432.0,16.36,4.0,1,270.15
p1_E3_W3.29,418.0,10.12,0.0,0,255.28
p1_N1_S1.21,420.0,33.17,19.0,1,295.91
p1_S3_N3.21,420.0,32.92,14.0,2,314.1
p1_S1_N1.22,440.0,16.96,3.0,1,265.85
p1_N3_S3.22,440.0,13.21,0.0,0,257.8
p1_E_W.32,461.0,8.69,0.0,0,244.63
p1_N3_W1.7,423.0,48.23,26.0,2,345.85
p1_N1_W3.7,423.0,30.76,12.0,1,292.67
p1_E3_W3.31,447.0,23.94,10.0,1,299.75
p1_W1_E1.75,450.0,17.76,4.0,1,277.66
p1_W1_E1.76,456.0,14.6,1.0,1,289.62
p1_W3_E3.77,462.0,9.4,0.0,0,257.3
p1_W1_E1.73,438.0,34.39,20.0,1,317.27
p1_W3_E3.74,444.0,27.63,13.0,1,298.69
p1_W_E.76,456.0,8.47,0.0,0,250.82
p1_E3_N1.6,363.0,62.45,30.0,3,488.04
p1_W3_E3.75,450.0,23.34,8.0,1,300.48
p1_E1_W1.31,447.0,28.22,14.0,1,290.25
p1_E2_N2.7,421.0,55.4,30.0,2,352.91
p1_S2_N2.23,460.0,16.27,4.0,1,270.78
p1_W1_E1.74,444.0,24.83,8.0,1,298.08
p1_W1_E1.77,462.0,8.07,0.0,0,246.16
p1_W3_E3.76,456.0,12.35,0.0,0,282.49
p1_N2_S2.23,460.0,18.34,4.0,1,289.06
p1_W2_S2.7,423.0,49.39,27.0,2,355.83
p1_E3_W3.30,432.0,30.66,13.0,2,304.17
p1_S2_N2.22,440.0,41.65,22.0,1,355.77
p1_E1_W1.33,476.0,7.53,0.0,0,246.05
p1_S2_N2.24,480.0,7.48,0.0,0,237.55
p1_W1_E1.79,474.0,8.55,0.0,0,238.91
p1_N2_S2.24,480.0,8.72,0.0,0,246.47
p1_W1_E1.78,468.0,9.52,0.0,0,244.1
p1_E3_W3.33,476.0,8.63,0.0,0,236.58
p1_W1_E1.80,480.0,8.11,0.0,0,242.49
p1_W3_E3.80,480.0,10.72,0.0,0,245.17
p1_W3_S3.8,483.0,12.02,0.0,0,254.95
p1_W_E.79,474.0,23.01,8.0,1,307.57
p1_W_E.81,486.0,10.42,0.0,0,261.17
p1_W_E.80,480.0,18.44,3.0,1,282.27
p1_W3_E3.78,468.0,9.37,0.0,0,247.22
p1_N2_S2.22,440.0,22.49,8.0,1,292.25
p1_E1_W1.32,461.0,10.6,0.0,0,261.46
p1_E_W.33,476.0,14.44,2.0,1,276.54
p1_W_E.82,492.0,8.27,0.0,0,244.95
p1_W3_E3.79,474.0,9.53,0.0,0,256.73
p1_N1_S1.24,480.0,21.75,8.0,1,294.13
p1_S1_N1.23,460.0,43.53,28.0,1,317.02
p1_S3_N3.23,460.0,42.92,26.0,2,333.18
p1_S1_N1.24,480.0,22.94,10.0,1,280.04
p1_S3_N3.24,480.0,22.81,3.0,1,306.91
p1_N3_S3.24,480.0,24.54,4.0,1,325.22
p1_W1_S1.8,483.0,21.05,6.0,1,292.21
p1_W_E.77,462.0,25.65,11.0,1,288.19
p1_W_E.78,468.0,25.89,9.0,1,297.03
p1_N1_S1.23,460.0,46.44,29.0,1,342.19
p1_W_E.83,498.0,8.92,0.0,0,255.86
p1_N3_S3.25,500.0,7.21,0.0,0,236.59
p1_N3_S3.23,460.0,37.0,21.0,1,315.79
p1_W_E.84,504.0,7.7,0.0,0,238.52
p1_E_W.35,504.0,8.0,0.0,0,253.19
p1_E3_N1.7,421.0,50.03,26.0,2,476.15
p1_W3_E3.84,504.0,14.19,0.0,0,265.35
p1_N3_W1.8,483.0,33.36,13.0,2,312.65
p1_W1_E1.83,498.0,21.28,8.0,1,281.15
p1_E3_W3.35,504.0,15.14,2.0,1,268.71
p1_S3_E3.9,543.0,8.45,0.0,0,164.43
p1_E_W.34,490.0,9.54,0.0,0,241.42
p1_W3_E3.82,492.0,27.47,9.0,1,300.27
p1_E1_W1.34,490.0,30.67,11.0,1,300.35
p1_E3_W3.34,490.0,29.83,15.0,1,297.79
p1_W3_E3.83,498.0,22.87,3.0,1,297.16
p1_W1_E1.85,510.0,11.22,0.0,0,266.76
p1_W1_E1.81,486.0,35.83,18.0,1,327.85
p1_W3_E3.81,486.0,29.25,14.0,1,291.18
p1_N2_S2.25,500.0,22.12,10.0,1,296.19
p1_E1_N3.9,540.0,22.79,13.0,1,191.34
p1_W2_S2.8,483.0,40.5,18.0,2,336.7
p1_W1_E1.84,504.0,19.11,4.0,1,299.2
p1_E1_W1.35,504.0,9.28,0.0,0,250.11
p1_W1_E1.82,492.0,28.71,13.0,1,296.61
p1_W1_E1.86,516.0,8.9,0.0,0,245.44
p1_S2_N2.25,500.0,24.35,8.0,1,296.2
p1_W3_E3.85,510.0,8.99,0.0,0,235.75
p1_E3_W3.32,461.0,30.05,14.0,1,300.42
p1_S2_E2.8,483.0,39.84,23.0,1,322.33
p1_E3_W3.36,519.0,7.9,0.0,0,253.3
p1_S2_N2.26,520.0,8.6,0.0,0,259.14
p1_W1_E1.87,522.0,7.3,0.0,0,239.57
p1_E2_N2.8,480.0,40.26,22.0,1,335.43
p1_E1_W1.36,519.0,8.22,0.0,0,246.59
p1_W3_E3.86,516.0,8.53,0.0,0,244.82
p1_N2_W2.8,483.0,56.15,36.0,2,364.75
p1_E1_W1.37,533.0,7.94,0.0,0,242.54
p1_E_W.37,533.0,8.48,0.0,0,247.42
p1_W_E.86,516.0,27.73,11.0,1,306.36
p1_E_W.36,519.0,24.75,12.0,1,284.19
p1_W_E.85,510.0,31.43,17.0,1,302.73
p1_W_E.87,522.0,15.41,2.0,1,270.46
p1_S1_N1.26,520.0,29.02,14.0,1,291.39
p1_W_E.88,528.0,20.93,0.0,0,310.34
p1_N1_S1.27,540.0,9.25,0.0,0,248.01
p1_W_E.90,540.0,8.41,0.0,0,241.44
p1_S1_N1.27,540.0,11.5,0.0,0,261.72
p1_N1_S1.26,520.0,28.72,12.0,1,311.83
p1_W_E.89,534.0,9.4,0.0,0,249.62
p1_S3_N3.27,540.0,12.4,0.0,0,279.2
p1_N3_S3.27,540.0,14.58,1.0,1,273.84
p1_W_E.91,546.0,7.86,0.0,0,240.3
p1_N1_W3.8,483.0,54.21,33.0,2,345.68
p1_N3_S3.26,520.0,34.88,15.0,1,317.83
p1_E_W.38,548.0,7.44,0.0,0,244.01
p1_S1_N1.25,500.0,45.93,33.0,1,314.11
p1_W_E.92,552.0,7.08,0.0,0,239.68
p1_S3_N3.26,520.0,30.3,16.0,1,296.52
p1_N1_W3.9,543.0,15.22,0.0,0,265.46
p1_W3_E3.92,552.0,11.56,0.0,0,259.02
p1_S3_N3.25,500.0,45.34,30.0,1,320.68
p1_N3_W1.9,543.0,19.51,5.0,1,303.48
p1_W2_S2.9,543.0,21.78,7.0,1,289.46
p1_N1_S1.25,500.0,41.79,27.0,1,318.41
p1_W3_E3.89,534.0,31.87,11.0,2,322.8
p1_E3_W3.38,548.0,16.6,3.0,1,278.37
p1_W3_E3.93,558.0,8.31,0.0,0,239.34
p1_N2_S2.26,520.0,36.97,24.0,1,297.49
p1_E3_W3.37,533.0,34.15,15.0,2,318.92
p1_W3_E3.91,546.0,22.09,3.0,1,288.21
p1_E1_N3.10,600.0,12.94,2.0,1,182.03
p1_E1_W1.39,562.0,7.84,0.0,0,243.1
p1_W3_E3.88,528.0,26.04,9.0,2,296.25
p1_S2_N2.27,540.0,33.34,15.0,1,324.78
p1_W1_E1.88,528.0,26.53,13.0,1,282.23
p1_W3_E3.90,540.0,22.29,6.0,1,278.15
p1_W3_S3.9,543.0,31.62,6.0,1,293.97
p1_S1_E1.8,483.0,42.46,11.0,2,423.3
p1_S1_E1.7,423.0,76.22,51.0,3,486.61
p1_W1_E1.89,534.0,43.27,12.0,1,335.8
p1_W1_E1.90,540.0,36.17,7.0,2,332.27
p1_E3_W3.39,562.0,8.35,0.0,0,256.79
p1_W1_E1.91,546.0,33.02,4.0,1,325.28
p1_W1_E1.92,552.0,16.23,0.0,0,294.07
p1_W1_E1.93,558.0,22.94,0.0,0,289.33
p1_W1_E1.94,564.0,16.76,0.0,0,286.5
p1_W3_E3.95,570.0,7.91,0.0,0,254.08
p1_S2_E2.9,543.0,34.82,12.0,3,329.23
p1_E1_W1.38,548.0,13.37,0.0,0,265.51
p1_N2_S2.28,560.0,12.07,0.0,0,259.16
p1_W1_E1.95,570.0,8.84,0.0,0,240.07
p1_W1_E1.96,576.0,8.3,0.0,0,243.82
p1_E2_N2.9,540.0,45.69,24.0,3,343.21
p1_W3_E3.87,522.0,17.35,2.0,1,285.08
p1_W_E.93,558.0,21.33,6.0,1,283.82
p1_W_E.95,570.0,15.91,4.0,1,274.86
p1_W_E.96,576.0,12.55,0.0,0,268.73
p1_N3_S3.29,580.0,8.1,0.0,0,243.04
p1_W_E.94,564.0,24.73,9.0,1,297.22
p1_N3_S3.28,560.0,30.08,10.0,1,303.06
p1_W_E.97,582.0,8.51,0.0,0,240.29
p1_S3_E3.10,603.0,31.26,14.0,1,196.33
p1_N2_W2.9,543.0,45.33,19.0,3,336.37
p1_S3_N3.28,560.0,33.14,21.0,1,296.26
p1_E_W.40,576.0,10.97,0.0,0,270.76
p1_W_E.98,588.0,8.46,0.0,0,233.45
p1_S3_N3.29,580.0,9.04,0.0,0,260.82
p1_W1_S1.9,543.0,58.32,38.0,2,357.59
p1_N1_S1.29,580.0,21.53,4.0,1,300.48
p1_E_W.41,591.0,8.13,0.0,0,238.39
p1_W_E.99,594.0,8.23,0.0,0,236.77
p1_E_W.39,562.0,24.34,9.0,1,287.31
p1_W3_E3.94,564.0,25.26,10.0,1,276.48
p1_E3_N1.8,480.0,86.71,48.0,3,492.17
p1_W3_E3.96,576.0,32.87,19.0,1,299.64
p1_W_E.100,600.0,8.83,0.0,0,239.59
p1_S1_N1.29,580.0,30.06,6.0,3,323.91
p1_S1_N1.28,560.0,51.33,27.0,3,356.83
p1_E3_W3.40,576.0,31.91,18.0,1,305.77
p1_S1_E1.9,543.0,27.63,0.0,0,402.82
p1_W3_E3.97,582.0,31.38,19.0,1,293.18
p1_W3_E3.98,588.0,25.18,13.0,1,283.65
p1_E3_W3.42,605.0,8.43,0.0,0,238.11
p1_W3_E3.99,594.0,21.32,8.0,1,286.41
p1_W1_E1.99,594.0,18.73,3.0,1,276.31
p1_W3_E3.100,600.0,15.06,0.0,0,264.26
p1_S2_N2.29,580.0,32.39,15.0,1,312.25
p1_W1_E1.97,582.0,24.97,13.0,1,274.82
p1_N2_S2.30,600.0,18.67,7.0,1,279.92
p1_N2_S2.27,540.0,61.38,43.0,2,359.2
p1_N2_S2.29,580.0,40.36,26.0,1,310.93
p1_W1_E1.100,600.0,20.14,0.0,0,282.37
p1_W1_E1.101,606.0,14.86,0.0,0,275.09
p1_S2_N2.30,600.0,9.96,0.0,0,251.52
p1_E1_W1.40,576.0,33.86,18.0,1,298.36
p1_E1_W1.42,605.0,11.56,0.0,0,255.32
p1_W1_E1.98,588.0,17.9,4.0,1,274.41
p1_W3_E3.103,618.0,8.88,0.0,0,251.15
p1_W_E.101,606.0,23.41,8.0,1,283.43
p1_W3_S3.10,603.0,11.49,0.0,0,274.1
p1_W3_E3.102,612.0,9.91,0.0,0,262.48
p1_E1_W1.41,591.0,18.0,3.0,1,275.55
p1_S2_E2.10,603.0,28.9,5.0,1,317.51
p1_N2_W2.10,603.0,29.87,10.0,2,321.55
p1_W1_E1.102,612.0,8.79,0.0,0,252.34
p1_W3_E3.104,624.0,8.31,0.0,0,247.74
p1_N1_S1.28,560.0,76.19,53.0,3,406.9
p1_E3_W3.41,591.0,10.86,0.0,0,245.65
p1_E_W.43,620.0,8.87,0.0,0,238.92
p1_W_E.103,618.0,18.82,7.0,1,277.8
p1_E2_N2.10,600.0,23.99,8.0,1,301.89
p1_W_E.105,630.0,8.8,0.0,0,251.96
p1_W3_E3.101,606.0,9.6,0.0,0,247.34
p1_E_W.42,605.0,16.9,3.0,1,273.33
p1_S3_N3.31,620.0,21.19,3.0,2,300.45
p1_W_E.104,624.0,16.69,0.0,0,275.4
p1_E1_N3.11,660.0,8.83,0.0,0,165.82
p1_N1_S1.30,600.0,42.26,25.0,2,326.97
p1_W1_S1.10,603.0,39.19,22.0,1,325.81
p1_E_W.44,634.0,8.04,0.0,0,244.78
p1_N3_S3.31,620.0,21.07,1.0,1,297.52
p1_S1_N1.31,620.0,25.04,9.0,1,310.23
p1_S3_E3.11,663.0,18.66,7.0,1,183.36
p1_S1_N1.30,600.0,47.04,29.0,1,337.36
p1_N3_S3.30,600.0,33.65,18.0,1,298.54
p1_E3_N1.9,540.0,48.81,26.0,2,427.95
p1_N3_S3.32,640.0,7.73,0.0,0,243.63
p1_S3_N3.30,600.0,30.29,14.0,1,301.15
p1_N3_W1.10,603.0,49.01,26.0,2,353.01
p1_E1_W1.43,620.0,31.13,17.0,1,303.12
p1_S2_N2.28,560.0,53.99,36.0,2,339.44
p1_W1_E1.103,618.0,34.81,13.0,2,337.79
p1_N1_W3.10,603.0,35.04,16.0,2,320.07
p1_N1_S1.31,620.0,15.46,1.0,1,267.89
p1_W1_E1.104,624.0,23.79,5.0,2,310.35
p1_W1_E1.105,630.0,21.45,1.0,1,302.66
p1_E3_W3.44,634.0,20.75,2.0,1,299.95
p1_W3_E3.105,630.0,25.68,12.0,1,306.71
p1_W1_E1.106,636.0,13.61,0.0,0,285.25
p1_W3_E3.106,636.0,20.09,5.0,1,292.49
p1_W_E.102,612.0,19.5,6.0,1,278.18
p1_E_W.45,648.0,8.61,0.0,0,244.25
p1_E3_W3.45,648.0,8.84,0.0,0,240.98
p1_W1_E1.107,642.0,15.88,0.0,0,296.44
p1_W3_E3.108,648.0,9.41,0.0,0,254.8
p1_E3_W3.43,620.0,31.77,14.0,2,312.31
p1_W3_E3.107,642.0,12.28,0.0,0,269.83
p1_W_E.106,636.0,10.15,0.0,0,249.94
p1_W2_S2.10,603.0,49.98,30.0,2,336.34
p1_N2_S2.32,640.0,19.1,0.0,0,293.17
p1_W_E.107,642.0,8.97,0.0,0,252.07
p1_W3_E3.109,654.0,8.28,0.0,0,244.35
p1_N2_S2.31,620.0,36.87,19.0,1,317.58
p1_S2_N2.32,640.0,26.88,5.0,1,323.6
p1_S2_N2.31,620.0,42.13,25.0,1,322.16
p1_E3_W3.46,663.0,7.92,0.0,0,247.99
p1_S2_N2.33,660.0,8.29,0.0,0,246.06
p1_W3_E3.111,666.0,7.72,0.0,0,241.58
p1_W1_E1.110,660.0,17.05,2.0,1,279.87
p1_E_W.46,663.0,15.21,2.0,1,278.18
p1_E1_W1.44,634.0,39.97,21.0,2,330.94
p1_E1_W1.45,648.0,26.0,12.0,1,291.68
p1_W1_E1.111,666.0,12.78,0.0,0,272.36
p1_W3_E3.110,660.0,8.49,0.0,0,240.53
p1_W1_E1.108,648.0,32.68,9.0,2,323.86
p1_W1_E1.109,654.0,18.18,3.0,1,286.13
p1_W3_S3.11,663.0,14.67,0.0,0,261.34
p1_W_E.109,654.0,28.82,11.0,1,326.86
p1_W_E.110,660.0,17.11,3.0,1,273.6
p1_E1_W1.46,663.0,10.66,0.0,0,240.16
p1_S2_E2.11,663.0,19.34,3.0,1,285.87
p1_E_W.47,677.0,7.76,0.0,0,243.8
p1_N3_W1.11,663.0,19.03,2.0,1,278.81
p1_W_E.112,672.0,15.54,0.0,0,263.85
p1_W_E.108,648.0,26.3,12.0,1,294.71
p1_E3_N1.10,600.0,46.42,27.0,1,438.64
p1_N1_S1.32,640.0,46.45,30.0,2,338.04
p1_W_E.113,678.0,11.72,0.0,0,266.08
p1_N1_S1.33,660.0,29.05,10.0,1,302.32
p1_S1_N1.33,660.0,26.18,8.0,1,302.65
p1_W1_S1.11,663.0,23.54,9.0,1,286.9
p1_N3_S3.34,680.0,11.0,0.0,0,257.43
p1_S3_E3.12,723.0,11.85,1.0,1,189.96
p1_S3_N3.32,640.0,52.29,33.0,2,345.55
p1_W_E.111,666.0,9.91,0.0,0,250.01
p1_N1_W3.11,663.0,24.16,6.0,1,298.27
p1_W_E.115,690.0,8.19,0.0,0,240.93
p1_S3_N3.34,680.0,18.72,1.0,1,287.79
p1_W_E.114,684.0,8.74,0.0,0,241.29
p1_S1_N1.32,640.0,43.06,25.0,1,320.45
p1_N1_S1.34,680.0,8.99,0.0,0,249.32
p1_S1_N1.34,680.0,7.93,0.0,0,239.07
p1_S3_N3.33,660.0,27.71,9.0,2,305.0
p1_N3_S3.33,660.0,24.12,5.0,2,301.1
p1_E3_W3.47,677.0,26.73,12.0,1,306.57
p1_E1_W1.47,677.0,21.41,8.0,1,287.46
p1_S1_E1.10,603.0,48.74,21.0,3,440.29
p1_W1_E1.113,678.0,18.59,5.0,1,272.0
p1_E2_N2.11,660.0,47.82,27.0,2,339.42
p1_W3_E3.112,672.0,34.75,14.0,2,317.99
p1_E_W.48,692.0,8.28,0.0,0,250.37
p1_E1_N3.12,723.0,27.24,14.0,1,203.37
p1_W1_E1.112,672.0,28.2,12.0,1,303.26
p1_W1_E1.115,690.0,12.06,0.0,0,270.32
p1_W3_E3.114,684.0,24.38,4.0,1,293.12
p1_W3_E3.113,678.0,25.9,8.0,2,306.78
p1_W1_E1.114,684.0,25.91,3.0,1,324.03
p1_W1_E1.117,702.0,8.11,0.0,0,241.23
p1_W3_E3.115,690.0,21.32,0.0,0,292.38
p1_E1_W1.48,692.0,8.86,0.0,0,244.78
p1_S2_N2.35,700.0,13.33,0.0,0,269.68
p1_E1_W1.49,706.0,7.25,0.0,0,234.21
p1_E3_W3.49,706.0,7.81,0.0,0,231.66
p1_W2_S2.11,663.0,41.76,19.0,1,336.17
p1_W3_E3.116,696.0,9.91,0.0,0,260.13
p1_S2_N2.34,680.0,31.32,13.0,2,312.87
p1_N2_S2.33,660.0,51.63,33.0,2,359.49
p1_N2_S2.35,700.0,11.58,0.0,0,263.7
p1_N2_S2.34,680.0,38.27,21.0,1,320.02
p1_W1_E1.116,696.0,8.66,0.0,0,251.58
p1_W3_E3.117,702.0,8.3,0.0,0,245.31
p1_W1_E1.118,708.0,8.79,0.0,0,253.1
p1_E3_W3.48,692.0,9.43,0.0,0,247.12
p1_W1_E1.119,714.0,8.16,0.0,0,235.41
p1_W3_E3.119,714.0,7.78,0.0,0,246.84
p1_W_E.119,714.0,12.35,0.0,0,271.59
p1_W_E.117,702.0,25.54,10.0,1,303.71
p1_E3_W3.50,720.0,7.26,0.0,0,234.84
p1_E_W.50,720.0,8.03,0.0,0,241.35
p1_E_W.49,706.0,23.46,8.0,1,298.52
p1_N2_W2.11,663.0,66.82,40.0,4,395.4
p1_W3_E3.118,708.0,8.71,0.0,0,241.66
p1_W_E.120,720.0,9.78,0.0,0,263.94
p1_W_E.116,696.0,26.03,11.0,1,287.77
p1_W_E.121,726.0,8.88,0.0,0,243.35
p1_S3_N3.35,700.0,36.1,24.0,1,325.86
p1_N1_S1.35,700.0,37.28,24.0,1,316.28
p1_S1_N1.35,700.0,39.0,20.0,2,326.71
p1_N3_S3.35,700.0,37.57,19.0,1,327.87
p1_S1_N1.36,720.0,19.46,2.0,1,296.21
p1_S3_N3.36,720.0,13.78,1.0,1,264.8
p1_E_W.51,735.0,7.21,0.0,0,235.47
p1_N3_S3.36,720.0,13.1,0.0,0,270.01
p1_N1_S1.36,720.0,13.72,1.0,1,262.34
p1_W_E.118,708.0,11.91,0.0,0,264.15
p1_N1_W3.12,723.0,15.87,0.0,0,275.05
p1_N3_W1.12,723.0,25.55,9.0,1,311.59
p1_E1_N3.13,781.0,12.81,1.0,1,179.15
p1_W1_E1.120,720.0,26.54,12.0,1,292.88
p1_W3_E3.120,720.0,31.03,18.0,1,299.77
p1_W1_E1.121,726.0,25.53,10.0,1,307.42
p1_E1_W1.51,735.0,14.68,2.0,1,273.89
p1_W1_E1.123,738.0,13.23,0.0,0,270.63
p1_W_E.124,744.0,8.3,0.0,0,243.49
p1_W1_E1.122,732.0,21.41,6.0,1,288.53
p1_W3_E3.122,732.0,23.02,7.0,1,278.6
p1_W_E.122,732.0,9.2,0.0,0,249.35
p1_W3_S3.12,723.0,28.15,13.0,1,302.83
p1_W3_E3.121,726.0,31.48,12.0,1,314.91
p1_E3_W3.51,735.0,18.31,5.0,1,274.64
p1_W3_E3.124,744.0,12.74,0.0,0,276.63
p1_N2_S2.37,740.0,18.06,1.0,1,300.59
p1_E2_N2.12,723.0,35.95,22.0,1,311.88
p1_W3_E3.123,738.0,20.7,3.0,1,301.35
p1_E1_W1.50,720.0,27.42,15.0,1,286.5
p1_S2_N2.36,720.0,36.39,22.0,1,314.37
p1_W_E.123,738.0,8.53,0.0,0,248.41
p1_W1_E1.124,744.0,8.45,0.0,0,247.74
p1_E3_W3.52,749.0,8.91,0.0,0,253.85
p1_N2_S2.36,720.0,40.95,19.0,1,331.0
p1_S2_N2.37,740.0,18.95,4.0,1,283.92
p1_W3_E3.125,750.0,8.38,0.0,0,237.32
p1_W3_E3.126,756.0,8.07,0.0,0,240.79
p1_W1_E1.125,750.0,9.14,0.0,0,249.29
p1_E1_W1.52,749.0,9.01,0.0,0,237.43
p1_W1_E1.127,762.0,8.31,0.0,0,237.07
p1_W3_E3.127,762.0,7.65,0.0,0,236.88
p1_E1_W1.53,764.0,7.76,0.0,0,246.7
p1_E3_W3.53,764.0,8.0,0.0,0,238.1
p1_N2_W2.12,723.0,50.42,20.0,3,362.29
p1_W1_E1.126,756.0,9.21,0.0,0,248.84
p1_W1_E1.128,768.0,8.06,0.0,0,242.45
p1_E3_N1.11,660.0,74.53,39.0,3,516.11
p1_W2_S2.12,723.0,45.67,25.0,3,346.7
p1_E_W.52,749.0,26.38,9.0,1,318.49
p1_W_E.126,756.0,22.17,6.0,1,296.48
p1_E_W.53,764.0,10.04,0.0,0,255.01
p1_S2_E2.12,723.0,56.44,32.0,3,368.16
p1_W_E.128,768.0,11.95,0.0,0,276.45
p1_S3_N3.38,760.0,22.29,8.0,1,294.29
p1_W_E.127,762.0,18.84,1.0,1,304.24
p1_W_E.125,750.0,26.32,10.0,1,292.1
p1_N1_S1.38,760.0,22.72,11.0,1,288.2
p1_N3_S3.37,740.0,43.84,31.0,1,316.61
p1_S3_N3.37,740.0,44.16,30.0,1,321.15
p1_W_E.129,774.0,9.9,0.0,0,259.38
p1_S3_E3.13,782.0,41.99,29.0,1,228.26
p1_S1_E1.11,663.0,71.87,33.0,3,511.61
p1_N1_S1.37,740.0,45.08,29.0,1,328.99
p1_S1_N1.37,740.0,45.02,26.0,1,332.68
p1_E_W.54,778.0,6.71,0.0,0,252.79
p1_S1_N1.38,760.0,22.83,3.0,1,303.44
p1_N3_S3.39,780.0,7.3,0.0,0,237.9
p1_S3_N3.39,780.0,7.91,0.0,0,243.38
p1_W1_S1.12,723.0,58.36,40.0,2,355.82
p1_N1_S1.39,780.0,10.17,0.0,0,250.67
p1_W_E.130,780.0,8.64,0.0,0,246.8
p1_E3_W3.54,778.0,18.23,3.0,1,281.72
p1_N3_S3.38,760.0,20.09,6.0,1,279.46
p1_E1_W1.54,778.0,18.98,5.0,1,279.6
p1_W3_E3.129,774.0,25.13,10.0,1,298.04
p1_N3_W1.13,783.0,16.57,2.0,1,280.65
p1_W3_E3.130,780.0,20.23,5.0,1,293.07
p1_W_E.131,786.0,8.35,0.0,0,248.67
p1_W_E.132,792.0,8.01,0.0,0,236.17
p1_E_W.55,792.0,8.08,0.0,0,239.51
p1_W3_S3.13,783.0,18.18,0.0,0,289.68
p1_W3_E3.128,768.0,34.22,15.0,1,324.21
p1_S1_E1.12,723.0,36.3,8.0,2,436.38
p1_W1_E1.129,774.0,29.05,9.0,2,317.13
p1_E2_N2.13,780.0,23.81,7.0,1,288.35
p1_W1_E1.131,786.0,18.69,0.0,0,294.03
p1_W1_E1.132,792.0,12.86,0.0,0,269.53
p1_W1_E1.133,798.0,8.65,0.0,0,254.12
p1_E1_N3.14,840.0,7.61,0.0,0,164.54
p1_N2_S2.39,780.0,30.26,11.0,1,311.82
p1_W3_E3.131,786.0,11.41,0.0,0,254.29
p1_E1_W1.55,792.0,7.98,0.0,0,245.4
p1_W3_E3.132,792.0,9.2,0.0,0,245.85
p1_N2_S2.38,760.0,49.57,31.0,2,338.63
p1_W3_E3.133,798.0,13.97,0.0,0,254.47
p1_N2_S2.40,800.0,12.1,0.0,0,261.08
p1_W1_E1.134,804.0,7.79,0.0,0,246.33
p1_S2_N2.38,760.0,50.98,32.0,2,351.1
p1_S2_N2.40,800.0,14.02,0.0,0,270.28
p1_W1_E1.130,780.0,10.73,0.0,0,255.37
p1_E3_W3.56,807.0,8.24,0.0,0,242.5
p1_W3_E3.134,804.0,7.78,0.0,0,233.34
p1_S2_N2.39,780.0,26.92,7.0,2,299.26
p1_W1_E1.135,810.0,7.63,0.0,0,247.12
p1_W2_S2.13,783.0,38.54,18.0,3,334.4
p1_N2_W2.13,783.0,39.35,13.0,2,343.52
p1_W3_E3.135,810.0,7.58,0.0,0,248.8
p1_W_E.136,816.0,7.65,0.0,0,244.63
p1_W_E.135,810.0,15.58,0.0,0,280.56
p1_S2_E2.13,783.0,43.19,16.0,3,367.08
p1_S1_N1.39,780.0,49.54,35.0,1,323.85
p1_W_E.134,804.0,18.8,0.0,0,288.48
p1_E_W.57,821.0,7.68,0.0,0,239.19
p1_W1_S1.13,783.0,48.66,28.0,1,337.97
p1_N1_S1.40,800.0,30.94,11.0,2,313.65
p1_S1_N1.40,800.0,30.88,11.0,2,315.09
p1_S3_E3.14,843.0,30.37,14.0,1,202.62
p1_S3_N3.40,800.0,34.46,18.0,2,315.28
p1_N1_S1.41,820.0,10.86,0.0,0,257.92
p1_N3_S3.40,800.0,35.31,16.0,1,322.04
p1_S3_N3.41,820.0,15.25,1.0,1,280.15
p1_S1_N1.41,820.0,8.24,0.0,0,255.43
p1_N3_S3.41,820.0,15.92,1.0,1,273.67
p1_W_E.137,822.0,8.4,0.0,0,238.53
p1_W_E.133,798.0,17.65,4.0,1,280.49
p1_E_W.56,807.0,13.87,0.0,0,271.46
p1_W_E.139,834.0,8.2,0.0,0,243.26
p1_E_W.58,836.0,7.53,0.0,0,245.06
p1_N1_W3.13,783.0,43.8,24.0,1,330.97
p1_E3_W3.58,836.0,8.24,0.0,0,239.32
p1_E3_N1.12,723.0,73.92,41.0,3,500.07
p1_W1_E1.136,816.0,30.02,9.0,2,320.9
p1_W3_E3.137,822.0,20.38,6.0,1,285.14
p1_E1_W1.56,807.0,26.79,12.0,1,282.84
p1_W3_E3.136,816.0,29.73,14.0,1,306.37
p1_E1_W1.57,821.0,27.21,14.0,1,286.8
p1_W1_E1.137,822.0,20.7,3.0,1,283.08
p1_W1_E1.139,834.0,14.21,0.0,0,282.54
p1_E1_W1.58,836.0,12.26,0.0,0,258.71
p1_W3_E3.138,828.0,18.68,1.0,1,280.67
p1_E2_N2.14,840.0,9.52,0.0,0,248.05
p1_E3_W3.57,821.0,23.69,10.0,1,284.35
p1_W1_E1.138,828.0,21.94,0.0,0,299.57
p1_W_E.138,828.0,9.7,0.0,0,254.1
p1_W3_E3.139,834.0,16.35,0.0,0,272.84
p1_S2_N2.42,840.0,14.46,2.0,1,265.46
p1_W1_E1.141,846.0,8.06,0.0,0,239.66
p1_E3_W3.55,792.0,26.4,12.0,1,289.0
p1_W3_S3.14,843.0,9.5,0.0,0,250.58
p1_N2_S2.41,820.0,36.22,17.0,2,326.94
p1_E1_W1.59,850.0,8.0,0.0,0,238.95
p1_E3_W3.59,850.0,8.53,0.0,0,238.54
p1_N2_S2.42,840.0,13.43,0.0,0,265.72
p1_W3_E3.140,840.0,8.77,0.0,0,251.9
p1_W1_E1.142,852.0,7.94,0.0,0,246.76
p1_W3_E3.142,852.0,7.73,0.0,0,243.82
p1_E1_N3.15,900.0,8.1,0.0,0,164.56
p1_W1_E1.143,858.0,7.88,0.0,0,244.98
p1_W3_E3.143,858.0,8.47,0.0,0,243.52
p1_N2_W2.14,843.0,24.84,4.0,1,300.29
p1_W_E.141,846.0,24.74,9.0,1,308.07
p1_E_W.59,850.0,20.99,7.0,1,272.92
p1_W1_E1.140,840.0,9.71,0.0,0,253.14
p1_W_E.142,852.0,17.14,2.0,1,284.36
p1_W3_E3.141,846.0,9.54,0.0,0,256.14
p1_E3_N1.13,781.0,50.82,26.0,2,445.44
p1_S1_N1.42,840.0,36.34,23.0,1,303.78
p1_S2_E2.14,843.0,11.88,0.0,0,265.74
p1_W_E.143,858.0,17.7,0.0,0,294.98
p1_S3_E3.15,903.0,16.54,3.0,1,179.66
p1_W_E.140,840.0,29.94,11.0,1,296.75
p1_N1_S1.43,860.0,17.01,1.0,1,278.33
p1_W_E.145,870.0,7.51,0.0,0,242.03
p1_W1_S1.14,843.0,35.0,16.0,1,314.77
p1_E_W.60,864.0,8.25,0.0,0,239.92
p1_N3_S3.42,840.0,41.32,22.0,1,326.1
p1_N1_W3.14,843.0,38.45,17.0,1,338.49
p1_N3_S3.43,860.0,21.3,2.0,1,295.94
p1_S3_N3.43,860.0,21.1,2.0,2,297.8
p1_W_E.144,864.0,8.57,0.0,0,249.62
p1_W_E.146,876.0,8.54,0.0,0,236.33
p1_S1_N1.43,860.0,10.61,0.0,0,249.65
p1_E_W.61,879.0,8.75,0.0,0,249.48
p1_S3_N3.42,840.0,30.26,14.0,1,297.76
p1_N3_W1.14,843.0,47.39,28.0,2,340.66
p1_E3_W3.60,864.0,28.03,16.0,1,296.71
p1_W3_E3.144,864.0,24.61,10.0,1,282.46
p1_E3_W3.61,879.0,13.1,0.0,0,264.42
p1_W_E.147,882.0,7.61,0.0,0,242.98
p1_E1_W1.61,879.0,15.05,1.0,1,274.03
p1_W2_S2.14,843.0,50.26,27.0,2,365.53
p1_W3_E3.145,870.0,19.76,4.0,1,283.19
p1_W1_E1.146,876.0,23.22,3.0,2,310.3
p1_W3_E3.147,882.0,16.61,0.0,0,273.3
p1_W1_E1.144,864.0,31.77,12.0,2,314.76
p1_E1_W1.62,893.0,7.39,0.0,0,236.15
p1_W1_E1.147,882.0,19.25,0.0,0,289.73
p1_E3_W3.62,893.0,7.92,0.0,0,241.46
p1_W3_E3.149,894.0,7.36,0.0,0,235.75
p1_N2_S2.43,860.0,42.29,23.0,2,331.74
p1_S2_N2.44,880.0,19.36,6.0,1,280.72
p1_S2_N2.41,820.0,61.24,41.0,2,349.27
p1_E1_W1.60,864.0,27.7,12.0,1,291.98
p1_W1_E1.149,894.0,8.87,0.0,0,238.08
p1_W3_E3.148,888.0,9.35,0.0,0,248.66
p1_W1_E1.145,870.0,21.83,2.0,1,299.48
p1_W1_E1.148,888.0,17.83,1.0,1,278.66
p1_W3_E3.146,876.0,11.9,0.0,0,260.63
p1_W3_E3.150,900.0,7.94,0.0,0,250.58
p1_N2_S2.44,880.0,14.44,0.0,0,283.41
p1_S2_N2.43,860.0,36.66,23.0,1,300.91
p1_W_E.148,888.0,25.05,12.0,1,297.24
p1_W_E.149,894.0,19.17,4.0,1,274.51
p1_W3_S3.15,903.0,10.41,0.0,0,251.98
p1_W_E.151,906.0,8.19,0.0,0,240.7
p1_W1_E1.150,900.0,8.72,0.0,0,242.92
p1_S1_N1.45,900.0,21.49,9.0,1,286.76
p1_N3_S3.45,900.0,21.79,10.0,1,278.56
p1_E_W.63,908.0,8.16,0.0,0,252.18
p1_E3_N1.14,840.0,40.66,19.0,1,414.79
p1_W1_S1.15,903.0,20.83,5.0,1,286.12
p1_N1_S1.42,840.0,62.5,43.0,2,360.19
p1_S3_N3.44,880.0,43.0,26.0,1,330.88
p1_S3_N3.45,900.0,18.15,4.0,1,269.25
p1_N3_S3.44,880.0,40.64,28.0,1,313.83
p1_W_E.150,900.0,10.57,0.0,0,255.94
p1_S1_E1.13,783.0,93.51,65.0,4,520.77
p1_N1_S1.44,880.0,45.14,27.0,1,334.97
p1_N1_S1.45,900.0,18.82,5.0,1,274.22
p1_N1_S1.46,920.0,8.48,0.0,0,251.95
p1_N3_S3.46,920.0,7.89,0.0,0,237.94
p1_S1_N1.44,880.0,40.85,25.0,1,313.09
p1_S3_E3.16,963.0,8.86,0.0,0,173.62
p1_E_W.64,922.0,8.4,0.0,0,246.18
p1_E_W.62,893.0,20.15,6.0,1,274.35
p1_S1_N1.46,920.0,8.99,0.0,0,240.59
p1_W1_E1.152,912.0,23.11,7.0,1,301.58
p1_W_E.153,918.0,8.99,0.0,0,245.32
p1_E1_N3.16,960.0,18.62,8.0,1,186.63
p1_E1_W1.63,908.0,29.34,17.0,1,289.27
p1_W1_E1.151,906.0,31.72,15.0,1,303.94
p1_E3_W3.63,908.0,30.18,16.0,1,294.42
p1_E3_W3.64,922.0,16.12,4.0,1,276.21
p1_W1_E1.154,924.0,12.75,0.0,0,270.04
p1_N3_W1.15,902.0,34.07,12.0,2,308.42
p1_W2_S2.15,903.0,36.79,15.0,1,337.93
p1_W3_E3.152,912.0,20.66,7.0,1,271.57
p1_W1_E1.155,930.0,8.46,0.0,0,243.78
p1_W3_E3.151,906.0,25.51,11.0,1,280.08
p1_S2_N2.46,920.0,23.1,10.0,1,287.48
p1_N2_S2.46,920.0,23.98,9.0,1,295.57
p1_W3_E3.154,924.0,19.85,0.0,0,283.8
p1_E1_W1.65,936.0,8.01,0.0,0,244.43
p1_E3_W3.65,936.0,8.05,0.0,0,238.85
p1_W3_E3.153,918.0,27.13,4.0,1,314.95
p1_W3_E3.155,930.0,15.51,0.0,0,271.81
p1_S2_N2.45,900.0,43.65,27.0,1,334.14
p1_E2_N2.15,900.0,30.52,9.0,1,321.26
p1_W3_E3.156,936.0,9.91,0.0,0,258.09
p1_S2_N2.47,940.0,7.94,0.0,0,244.84
p1_W1_E1.153,918.0,11.97,0.0,0,262.65
p1_W1_E1.156,936.0,8.37,0.0,0,241.91
p1_W1_E1.157,942.0,7.96,0.0,0,242.31
p1_W3_E3.157,942.0,7.83,0.0,0,243.24
p1_E1_W1.64,922.0,21.03,5.0,1,279.87
p1_N2_S2.45,900.0,37.81,25.0,1,320.27
p1_W1_E1.158,948.0,8.0,0.0,0,239.38
p1_W3_E3.158,948.0,8.64,0.0,0,245.08
p1_E_W.66,951.0,7.96,0.0,0,249.83
p1_E_W.65,936.0,24.24,7.0,1,294.57
p1_E1_W1.66,951.0,8.23,0.0,0,248.69
p1_N2_W2.15,903.0,52.66,27.0,3,356.13
p1_S2_E2.15,903.0,57.76,32.0,3,361.74
p1_W_E.155,930.0,33.35,17.0,1,310.52
p1_N1_S1.47,940.0,26.86,15.0,1,291.44
p1_W_E.157,942.0,25.27,8.0,1,304.2
p1_E3_N1.15,900.0,25.96,10.0,1,389.13
p1_N1_W3.15,903.0,47.82,27.0,1,341.29
p1_S1_N1.47,940.0,29.34,10.0,1,311.02
p1_W_E.158,948.0,21.39,5.0,1,294.84
p1_S1_E1.14,843.0,81.0,46.0,4,514.01
p1_S1_N1.48,960.0,10.65,0.0,0,261.49
p1_W_E.154,924.0,36.1,17.0,1,298.61
p1_W_E.152,912.0,26.84,13.0,1,287.05
p1_N3_S3.47,940.0,32.75,14.0,1,313.63
p1_E2_N2.16,960.0,13.27,0.0,0,277.54
p1_N1_W3.16,963.0,10.09,0.0,0,251.47
p1_E_W.67,965.0,8.21,0.0,0,240.16
p1_S3_N3.47,940.0,32.49,14.0,2,316.89
p1_W_E.161,966.0,8.06,0.0,0,247.77
p1_W_E.156,936.0,23.35,10.0,1,285.27
p1_N3_S3.48,960.0,8.01,0.0,0,248.06
p1_S3_N3.48,960.0,9.39,0.0,0,247.4
p1_W_E.162,972.0,8.04,0.0,0,252.77
p1_W3_E3.159,954.0,29.03,13.0,1,309.56
p1_W_E.159,954.0,9.66,0.0,0,248.98
p1_W1_E1.160,960.0,24.38,11.0,1,282.36
p1_W3_E3.161,966.0,18.41,2.0,1,278.07
p1_E1_W1.67,965.0,15.33,1.0,1,266.1
p1_E3_W3.66,951.0,27.98,15.0,1,286.54
p1_W1_E1.159,954.0,32.22,18.0,1,308.83
p1_W3_E3.160,960.0,20.95,6.0,1,289.28
p1_W3_E3.163,978.0,8.16,0.0,0,265.17
p1_N3_W1.16,963.0,17.05,1.0,1,286.21
p1_W3_E3.162,972.0,15.94,0.0,0,289.34
p1_E1_W1.68,980.0,7.93,0.0,0,250.91
p1_E3_W3.68,980.0,7.75,0.0,0,245.04
p1_S1_E1.15,903.0,22.88,5.0,1,389.54
p1_W3_S3.16,963.0,22.49,5.0,1,295.31
p1_W1_E1.163,978.0,10.77,0.0,0,265.27
p1_W_E.163,978.0,7.42,0.0,0,243.39
p1_N2_S2.47,940.0,41.93,29.0,1,305.74
p1_E3_W3.67,965.0,17.36,3.0,1,266.65
p1_W1_E1.162,972.0,18.58,2.0,1,286.24
p1_E1_N3.17,1020.0,10.67,0.0,0,178.57
p1_W1_E1.161,966.0,22.38,5.0,1,297.56
p1_W3_E3.164,984.0,6.85,0.0,0,246.22
p1_N2_S2.49,980.0,12.77,0.0,0,280.73
p1_N2_S2.48,960.0,34.45,14.0,1,309.77
p1_W2_S2.16,963.0,17.27,0.0,0,277.33
p1_W3_E3.165,990.0,8.01,0.0,0,249.8
p1_S2_N2.49,980.0,18.69,2.0,1,295.77
p1_W_E.160,960.0,10.66,0.0,0,257.61
p1_E3_W3.69,994.0,7.72,0.0,0,243.24
p1_S2_N2.48,960.0,28.55,10.0,2,309.62
p1_W3_E3.166,996.0,7.64,0.0,0,242.13
p1_N2_W2.16,963.0,42.65,10.0,2,337.51
p1_E_W.68,980.0,25.81,12.0,1,295.1
p1_W_E.164,984.0,24.19,9.0,1,317.2
p1_S3_N3.46,920.0,58.73,37.0,2,352.07
p1_S2_E2.16,963.0,46.52,19.0,3,356.63
p1_E_W.69,994.0,14.83,2.0,1,269.38
p1_W1_E1.165,990.0,20.26,5.0,1,282.61
p1_W1_E1.166,996.0,16.26,0.0,0,280.45
p1_W_E.166,996.0,10.72,0.0,0,257.07
p1_W1_E1.164,984.0,20.91,8.0,1,283.78
p1_W1_S1.16,963.0,52.31,34.0,2,342.3
p1_E_W.70,1008.0,7.08,0.0,0,235.37
p1_S3_E3.17,1023.0,34.94,22.0,1,213.24
p1_W_E.168,1008.0,7.97,0.0,0,251.41
p1_N1_S1.50,1000.0,16.99,0.0,0,291.64
p1_N1_S1.49,980.0,39.0,19.0,1,313.22
p1_N3_S3.49,980.0,38.58,20.0,1,329.08
p1_W_E.165,990.0,10.76,0.0,0,254.55
p1_W_E.167,1002.0,17.2,2.0,1,282.3
p1_S1_N1.49,980.0,28.05,12.0,1,306.8
p1_S1_N1.50,1000.0,8.77,0.0,0,260.73
p1_W_E.169,1014.0,8.16,0.0,0,240.8
p1_N3_S3.50,1000.0,10.62,0.0,0,261.12
p1_S3_N3.50,1000.0,25.84,4.0,2,317.49
p1_S3_N3.49,980.0,42.17,19.0,2,338.43
p1_W_E.170,1020.0,7.47,0.0,0,245.29
p1_E3_W3.70,1008.0,21.52,9.0,1,271.24
p1_E1_W1.69,994.0,22.76,9.0,1,279.55
p1_N1_S1.48,960.0,40.87,25.0,1,317.81
p1_E3_W3.71,1023.0,8.1,0.0,0,243.16
p1_W2_S2.17,1023.0,9.52,0.0,0,247.3
p1_W3_E3.167,1002.0,22.18,9.0,1,283.93
p1_E1_W1.71,1023.0,10.94,0.0,0,266.66
p1_E2_N2.17,1020.0,15.44,0.0,0,282.74
p1_W1_E1.167,1002.0,34.12,16.0,2,330.65
p1_W1_E1.168,1008.0,28.44,10.0,2,319.82
p1_W3_E3.168,1008.0,15.58,3.0,1,268.95
p1_W3_E3.169,1014.0,21.89,2.0,1,290.73
p1_W1_E1.169,1014.0,24.13,3.0,1,305.33
p1_W3_E3.171,1026.0,11.87,0.0,0,252.97
p1_W3_E3.170,1020.0,9.2,0.0,0,250.7
p1_W1_E1.171,1026.0,14.31,0.0,0,274.3
p1_N2_S2.50,1000.0,39.42,19.0,2,326.62
p1_S2_N2.50,1000.0,38.65,18.0,2,328.92
p1_E1_W1.70,1008.0,21.06,7.0,1,279.98
p1_W1_E1.170,1020.0,14.55,0.0,0,279.26
p1_W3_S3.17,1023.0,12.48,0.0,0,260.23
p1_W1_E1.172,1032.0,8.07,0.0,0,236.75
p1_N2_S2.51,1020.0,25.25,11.0,1,279.87
p1_E3_W3.72,1037.0,8.75,0.0,0,247.0
p1_W1_E1.173,1038.0,8.3,0.0,0,241.21
p1_W3_E3.173,1038.0,8.14,0.0,0,241.66
p1_S2_N2.51,1020.0,15.11,1.0,1,279.1
p1_E1_N3.18,1083.0,7.84,0.0,0,160.03
p1_N2_W2.17,1023.0,28.9,9.0,2,313.48
p1_W1_E1.174,1044.0,7.23,0.0,0,241.9
p1_W3_E3.172,1032.0,9.36,0.0,0,237.63
p1_E_W.71,1023.0,25.63,11.0,1,278.15
p1_E_W.72,1037.0,17.64,4.0,1,277.83
p1_S1_E1.16,963.0,41.32,17.0,3,441.44
p1_N3_W1.17,1023.0,20.85,8.0,1,277.01
p1_W_E.172,1032.0,26.74,9.0,2,302.48
p1_E_W.73,1052.0,7.2,0.0,0,236.54
p1_N1_W3.17,1023.0,37.39,21.0,1,323.28
p1_W_E.174,1044.0,16.56,2.0,1,280.74
p1_S1_N1.51,1020.0,40.83,22.0,1,330.93
p1_S3_E3.18,1083.0,20.76,8.0,1,191.58
p1_N1_S1.51,1020.0,41.87,25.0,1,322.89
p1_W_E.175,1050.0,12.56,0.0,0,271.35
p1_N1_S1.52,1040.0,23.4,7.0,1,285.07
p1_S1_N1.52,1040.0,23.52,5.0,1,303.98
p1_S2_E2.17,1023.0,30.64,10.0,1,307.43
p1_W_E.176,1056.0,8.53,0.0,0,238.37
p1_N3_S3.51,1020.0,44.71,26.0,2,336.09
p1_S3_N3.51,1020.0,44.97,27.0,2,336.08
p1_S3_N3.52,1040.0,25.06,7.0,2,299.71
p1_W_E.171,1026.0,39.72,13.0,2,357.4
p1_W_E.173,1038.0,28.46,1.0,1,337.85
p1_N3_S3.52,1040.0,26.02,11.0,1,290.57
p1_E3_N1.16,960.0,47.55,26.0,2,425.35
p1_W1_S1.17,1023.0,31.07,17.0,1,301.48
p1_S3_N3.53,1060.0,7.75,0.0,0,246.36
p1_W_E.177,1062.0,7.93,0.0,0,241.85
p1_E1_W1.73,1052.0,18.98,6.0,1,274.38
p1_E1_W1.72,1037.0,32.51,12.0,2,309.33
p1_E_W.74,1066.0,8.15,0.0,0,243.98
p1_E3_W3.74,1066.0,8.04,0.0,0,236.43
p1_W3_E3.174,1044.0,29.41,16.0,1,310.74
p1_W3_E3.175,1050.0,24.8,10.0,1,297.7
p1_W3_E3.177,1062.0,14.45,0.0,0,275.09
p1_W3_E3.176,1056.0,20.68,4.0,1,299.32
p1_W1_E1.178,1068.0,9.17,0.0,0,255.73
p1_W3_E3.178,1068.0,10.24,0.0,0,268.74
p1_W1_E1.175,1050.0,29.43,11.0,2,310.45
p1_W1_E1.177,1062.0,18.56,1.0,1,292.74
p1_W1_E1.176,1056.0,13.93,0.0,0,283.37
p1_W1_E1.179,1074.0,10.5,0.0,0,247.72
p1_N2_S2.52,1040.0,44.37,30.0,1,307.67
p1_W3_E3.180,1080.0,8.52,0.0,0,244.45
p1_E3_W3.75,1080.0,8.16,0.0,0,241.75
p1_E3_W3.73,1052.0,19.99,7.0,1,277.45
p1_N2_S2.53,1060.0,23.79,7.0,1,295.31
p1_E1_W1.75,1080.0,8.92,0.0,0,239.11
p1_S2_N2.52,1040.0,41.65,21.0,1,319.64
p1_W1_E1.180,1080.0,8.03,0.0,0,242.42
p1_S2_N2.54,1080.0,8.6,0.0,0,248.87
p1_E1_W1.74,1066.0,11.7,0.0,0,264.14
p1_W3_E3.182,1092.0,7.79,0.0,0,233.49
p1_S2_E2.18,1083.0,19.41,4.0,1,295.06
p1_W3_E3.181,1086.0,10.27,0.0,0,249.1
p1_W_E.182,1092.0,12.03,0.0,0,261.23
p1_W_E.178,1068.0,26.38,14.0,1,288.0
p1_W3_E3.179,1074.0,8.92,0.0,0,244.99
p1_S1_N1.54,1080.0,26.15,13.0,1,291.87
p1_W_E.183,1098.0,8.15,0.0,0,236.53
p1_E1_N3.19,1141.0,7.1,0.0,0,165.0
p1_W_E.180,1080.0,26.74,5.0,1,315.4
p1_W_E.179,1074.0,28.46,8.0,1,311.22
p1_E_W.76,1095.0,13.21,0.0,0,262.39
p1_E3_N1.17,1020.0,41.18,20.0,1,429.81
p1_E_W.75,1080.0,29.32,12.0,1,316.21
p1_S1_N1.55,1100.0,9.21,0.0,0,247.0
p1_S3_N3.55,1100.0,10.44,0.0,0,270.24
p1_N3_S3.54,1080.0,30.73,10.0,2,318.13
p1_S3_N3.54,1080.0,31.55,12.0,2,318.58
p1_W_E.181,1086.0,12.04,0.0,0,263.66
p1_N1_S1.54,1080.0,32.01,14.0,2,316.0
p1_W_E.184,1104.0,8.47,0.0,0,242.75
p1_N3_S3.53,1060.0,39.66,27.0,1,305.91
p1_W1_S1.18,1083.0,31.14,8.0,1,328.67
p1_N1_S1.53,1060.0,55.55,30.0,1,368.14
p1_S1_N1.53,1060.0,43.7,30.0,1,314.0
p1_N1_W3.18,1083.0,35.09,10.0,1,326.0
p1_N1_S1.55,1100.0,18.09,1.0,1,269.97
p1_S3_E3.19,1143.0,8.1,0.0,0,164.08
p1_W3_E3.185,1110.0,10.52,0.0,0,259.85
p1_W1_E1.181,1086.0,37.19,23.0,1,313.13
p1_E_W.77,1109.0,8.16,0.0,0,241.95
p1_E3_W3.77,1109.0,13.65,0.0,0,275.91
p1_E3_W3.76,1095.0,26.33,12.0,1,288.77
p1_W_E.186,1116.0,7.73,0.0,0,247.96
p1_W3_E3.184,1104.0,16.12,0.0,0,284.63
p1_W3_E3.186,1116.0,9.11,0.0,0,250.91
p1_W1_E1.182,1092.0,33.9,13.0,2,336.04
p1_E1_W1.76,1095.0,30.17,15.0,1,285.94
p1_E2_N2.18,1083.0,44.79,20.0,2,342.39
p1_W_E.185,1110.0,8.0,0.0,0,240.35
p1_W1_E1.184,1104.0,17.3,0.0,0,285.66
p1_S2_N2.56,1120.0,9.76,0.0,0,259.3
p1_W1_E1.183,1098.0,18.18,3.0,1,275.43
p1_W1_E1.187,1122.0,9.49,0.0,0,248.7
p1_S2_N2.55,1100.0,31.73,16.0,1,297.85
p1_E1_W1.78,1124.0,8.13,0.0,0,250.13
p1_N2_S2.55,1100.0,33.42,13.0,2,323.24
p1_W1_E1.185,1110.0,10.64,0.0,0,256.52
p1_N2_S2.56,1120.0,14.2,1.0,1,265.71
p1_N2_S2.54,1080.0,52.64,31.0,2,361.41
p1_W3_E3.183,1098.0,16.5,2.0,1,267.86
p1_W1_E1.188,1128.0,8.03,0.0,0,244.82
p1_W3_E3.188,1128.0,8.02,0.0,0,244.62
p1_S2_N2.53,1060.0,43.24,28.0,1,317.06
p1_W3_S3.18,1083.0,24.94,9.0,1,298.13
p1_E1_W1.77,1109.0,9.74,0.0,0,253.55
p1_W1_E1.189,1134.0,8.76,0.0,0,248.57
p1_W3_E3.189,1134.0,8.36,0.0,0,260.19
p1_W3_E3.187,1122.0,9.51,0.0,0,244.57
p1_N3_W1.18,1083.0,21.31,4.0,1,290.59
p1_E_W.79,1138.0,8.52,0.0,0,252.91
p1_E3_W3.79,1138.0,7.82,0.0,0,240.95
p1_W_E.188,1128.0,19.35,7.0,1,275.48
p1_N2_W2.18,1083.0,65.85,35.0,4,380.71
p1_W_E.187,1122.0,25.98,13.0,1,290.97
p1_W3_E3.190,1140.0,7.84,0.0,0,236.05
p1_W2_S2.18,1083.0,67.2,40.0,4,387.71
p1_W3_S3.19,1143.0,9.06,0.0,0,262.28
p1_W1_E1.186,1116.0,9.71,0.0,0,258.28
p1_W_E.191,1146.0,7.48,0.0,0,232.03
p1_E3_W3.78,1124.0,9.78,0.0,0,240.92
p1_S3_N3.56,1120.0,34.94,22.0,1,314.47
p1_W_E.190,1140.0,8.02,0.0,0,247.18
p1_S1_N1.57,1140.0,16.68,4.0,1,268.73
p1_N1_W3.19,1143.0,16.6,3.0,1,282.5
p1_W_E.192,1152.0,7.45,0.0,0,237.39
p1_E_W.80,1152.0,8.28,0.0,0,247.15
p1_E3_N1.18,1083.0,26.11,7.0,1,381.94
p1_S3_N3.57,1140.0,11.08,0.0,0,260.16
p1_N1_S1.56,1120.0,42.91,19.0,2,359.08
p1_N3_S3.57,1140.0,16.67,3.0,1,274.69
p1_N3_S3.56,1120.0,42.89,23.0,1,316.67
p1_S1_N1.56,1120.0,33.64,20.0,1,305.52
p1_N3_S3.55,1100.0,46.95,31.0,1,326.61
p1_W_E.189,1134.0,10.2,0.0,0,254.68
p1_W1_E1.191,1146.0,22.73,10.0,1,287.07
p1_E3_W3.80,1152.0,17.46,4.0,1,281.99
p1_E1_W1.79,1138.0,29.33,10.0,1,309.5
p1_W1_E1.190,1140.0,30.73,16.0,1,285.06
p1_N3_W1.19,1142.0,23.25,4.0,2,297.82
p1_W_E.193,1158.0,7.4,0.0,0,238.04
p1_W1_E1.194,1164.0,8.33,0.0,0,249.26
p1_W_E.194,1164.0,8.05,0.0,0,243.72
p1_E1_N3.20,1200.0,8.94,0.0,0,165.5
p1_S1_E1.17,1023.0,79.77,46.0,3,486.6
p1_E1_W1.80,1152.0,21.16,5.0,1,283.68
p1_W3_E3.192,1152.0,19.39,4.0,1,283.84
p1_W1_E1.193,1158.0,16.15,0.0,0,285.03
p1_E_W.78,1124.0,14.09,0.0,0,277.94
p1_E2_N2.19,1141.0,29.55,9.0,1,301.54
p1_W1_E1.192,1152.0,23.06,4.0,1,288.36
p1_W3_E3.193,1158.0,16.83,0.0,0,277.16
p1_E1_W1.81,1167.0,7.94,0.0,0,251.43
p1_N2_S2.57,1140.0,37.98,19.0,1,322.6
p1_W3_E3.195,1170.0,7.91,0.0,0,239.05
p1_W3_E3.194,1164.0,10.37,0.0,0,257.21
p1_S2_N2.57,1140.0,40.13,27.0,1,303.68
p1_E3_W3.81,1167.0,8.56,0.0,0,248.69
p1_W1_E1.195,1170.0,8.68,0.0,0,252.49
p1_W3_E3.191,1146.0,27.57,6.0,1,307.85
p1_E1_W1.82,1181.0,7.49,0.0,0,243.71
p1_W1_E1.196,1176.0,8.37,0.0,0,247.06
p1_W3_E3.196,1176.0,8.63,0.0,0,246.54
p1_S2_N2.59,1180.0,8.21,0.0,0,244.43
p1_W1_E1.197,1182.0,8.9,0.0,0,235.42
p1_W2_S2.19,1143.0,49.2,29.0,2,349.76
p1_S2_N2.58,1160.0,16.96,1.0,1,278.02
p1_E_W.82,1181.0,14.32,0.0,0,279.04
p1_E_W.81,1167.0,29.4,15.0,1,296.0
p1_N1_S1.58,1160.0,36.9,23.0,1,300.65
p1_N2_W2.19,1143.0,42.02,18.0,3,337.38
p1_N1_S1.57,1140.0,38.8,22.0,1,316.76
p1_S3_E3.20,1203.0,33.19,22.0,1,202.47
p1_W1_S1.19,1143.0,52.16,33.0,2,342.27
p1_W_E.195,1170.0,33.45,13.0,2,310.98
p1_N3_S3.59,1180.0,22.83,4.0,1,299.85
p1_W_E.198,1188.0,13.16,0.0,0,269.5
p1_N3_S3.58,1160.0,37.99,23.0,1,315.08
p1_S3_N3.59,1180.0,26.1,13.0,1,291.52
p1_S3_N3.58,1160.0,46.2,32.0,1,319.4
p1_N1_S1.59,1180.0,12.62,0.0,0,259.38
p1_S1_N1.59,1180.0,27.02,9.0,1,306.62
p1_W_E.197,1182.0,19.6,0.0,0,307.63
p1_E3_N1.19,1140.0,25.0,4.0,1,400.7
p1_W_E.199,1194.0,13.27,0.0,0,266.12
p1_W_E.196,1176.0,22.22,2.0,2,287.42
p1_S1_N1.58,1160.0,45.99,29.0,1,332.55
p1_S1_N1.60,1200.0,8.39,0.0,0,240.76
p1_E3_W3.82,1181.0,30.29,18.0,1,294.92
p1_W_E.200,1200.0,8.36,0.0,0,243.03
p1_E_W.83,1196.0,8.35,0.0,0,236.34
p1_W_E.201,1206.0,7.88,0.0,0,246.35
p1_E_W.84,1210.0,8.38,0.0,0,244.39
p1_W3_E3.197,1182.0,23.58,12.0,1,286.12
p1_E3_W3.83,1196.0,22.9,11.0,1,280.51
p1_E1_W1.84,1210.0,8.59,0.0,0,250.39
p1_W1_E1.201,1206.0,14.24,0.0,0,296.47
p1_S2_E2.19,1143.0,76.44,47.0,4,396.33
p1_W3_E3.199,1194.0,20.54,7.0,1,274.48
p1_E1_W1.83,1196.0,22.31,3.0,2,299.66
p1_W3_S3.20,1203.0,18.86,0.0,0,289.32
p1_W3_E3.201,1206.0,14.58,0.0,0,278.06
p1_E3_W3.84,1210.0,11.03,0.0,0,262.48
p1_W1_E1.199,1194.0,27.99,7.0,1,329.48
p1_W1_E1.202,1212.0,9.2,0.0,0,250.47
p1_W3_E3.202,1212.0,11.28,0.0,0,263.55
p1_W1_E1.200,1200.0,24.57,4.0,1,304.69
p1_W2_S2.20,1203.0,16.88,2.0,1,270.67
p1_W3_E3.200,1200.0,25.25,4.0,1,297.16
p1_E2_N2.20,1200.0,25.05,10.0,1,310.25
p1_W1_E1.198,1188.0,36.44,13.0,1,330.27
p1_W3_E3.198,1188.0,28.38,13.0,1,309.28
p1_S2_N2.60,1200.0,28.74,12.0,2,302.82
p1_E1_N3.21,1260.0,8.67,0.0,0,165.83
p1_N2_S2.59,1180.0,49.88,33.0,2,333.44
p1_N2_S2.58,1160.0,44.99,28.0,1,322.89
p1_E3_W3.85,1224.0,7.56,0.0,0,235.55
p1_N2_S2.61,1220.0,11.55,0.0,0,266.73
p1_W3_E3.204,1224.0,8.72,0.0,0,249.21
p1_W1_E1.204,1224.0,7.78,0.0,0,246.95
p1_N2_S2.60,1200.0,24.48,7.0,2,293.25
p1_S1_E1.18,1083.0,65.7,37.0,3,474.03
p1_W3_E3.203,1218.0,8.41,0.0,0,249.66
p1_E1_W1.85,1224.0,7.96,0.0,0,242.55
p1_W1_E1.203,1218.0,9.35,0.0,0,239.89
p1_S2_E2.20,1203.0,28.78,8.0,3,316.13
p1_N1_S1.60,1200.0,44.67,31.0,1,316.12
p1_S3_E3.21,1263.0,22.48,10.0,1,192.3
p1_S3_N3.61,1220.0,25.08,8.0,1,288.21
p1_S1_E1.19,1143.0,57.35,15.0,4,481.95
p1_N2_W2.20,1203.0,35.77,10.0,3,335.7
p1_N3_S3.61,1220.0,24.66,10.0,1,290.84
p1_E_W.86,1239.0,8.61,0.0,0,250.7
p1_N3_S3.60,1200.0,43.05,30.0,1,305.71
p1_W_E.202,1212.0,37.06,20.0,2,333.26
p1_S1_N1.62,1240.0,8.03,0.0,0,235.7
p1_N3_S3.62,1240.0,9.36,0.0,0,257.47
p1_S3_N3.62,1240.0,8.44,0.0,0,241.45
p1_S3_N3.60,1200.0,33.47,19.0,1,300.41
p1_W1_S1.20,1203.0,47.16,26.0,2,342.72
p1_S1_N1.61,1220.0,29.92,11.0,2,303.9
p1_W_E.204,1224.0,15.95,2.0,1,271.87
p1_W_E.206,1236.0,14.9,0.0,0,256.67
p1_N1_W3.20,1203.0,50.49,37.0,1,329.55
p1_N1_S1.61,1220.0,32.62,19.0,1,299.43
p1_W_E.207,1242.0,8.05,0.0,0,240.31
p1_N1_S1.62,1240.0,15.24,0.0,0,283.12
p1_W_E.203,1218.0,22.13,4.0,1,290.6
p1_E_W.85,1224.0,22.81,10.0,1,281.11
p1_W_E.208,1248.0,7.93,0.0,0,247.59
p1_W_E.205,1230.0,14.63,0.0,0,280.39
p1_W1_E1.205,1230.0,24.07,9.0,1,284.87
p1_E_W.87,1253.0,8.12,0.0,0,241.73
p1_N3_W1.20,1203.0,55.56,35.0,2,351.08
p1_E3_W3.87,1253.0,8.33,0.0,0,244.05
p1_W_E.209,1254.0,8.06,0.0,0,236.16
p1_W3_E3.208,1248.0,11.1,0.0,0,263.26
p1_W1_E1.207,1242.0,24.31,11.0,1,289.36
p1_E1_W1.86,1239.0,28.32,16.0,1,293.73
p1_E3_W3.86,1239.0,18.85,0.0,0,294.08
p1_E1_W1.87,1253.0,14.68,1.0,1,265.51
p1_W1_E1.209,1254.0,14.67,0.0,0,262.59
p1_W3_E3.206,1236.0,24.13,6.0,2,292.4
p1_W3_E3.205,1230.0,40.95,13.0,1,346.91
p1_W1_E1.210,1260.0,10.09,0.0,0,257.83
p1_W1_E1.208,1248.0,23.99,6.0,1,291.61
p1_W3_E3.207,1242.0,18.97,1.0,1,279.48
p1_W1_E1.211,1266.0,8.13,0.0,0,254.0
p1_N2_S2.62,1240.0,34.83,18.0,2,313.16
p1_W3_E3.209,1254.0,14.79,0.0,0,283.69
p1_W3_E3.211,1266.0,9.93,0.0,0,246.89
p1_N2_S2.63,1260.0,13.92,0.0,0,274.64
p1_W3_E3.210,1260.0,17.6,0.0,0,308.44
p1_E1_W1.88,1268.0,7.76,0.0,0,236.04
p1_E3_W3.88,1268.0,7.66,0.0,0,237.51
p1_S2_N2.63,1260.0,20.42,0.0,0,281.57
p1_W1_E1.212,1272.0,7.77,0.0,0,245.6
p1_W3_E3.212,1272.0,8.5,0.0,0,249.65
p1_W1_E1.206,1236.0,25.46,12.0,1,284.2
p1_W3_S3.21,1263.0,9.82,0.0,0,257.38
p1_E1_N3.22,1320.0,7.12,0.0,0,167.93
p1_S2_N2.61,1220.0,43.22,27.0,1,319.6
p1_N2_W2.21,1263.0,15.91,0.0,0,272.41
p1_S3_E3.22,1323.0,9.97,0.0,0,167.56
p1_W_E.212,1272.0,20.57,6.0,1,279.38
p1_S2_N2.62,1240.0,20.23,5.0,1,279.08
p1_N3_S3.63,1260.0,34.0,18.0,1,314.84
p1_S2_E2.21,1263.0,18.14,2.0,1,284.97
p1_E_W.88,1268.0,26.81,13.0,1,282.83
p1_W_E.214,1284.0,10.76,0.0,0,263.49
p1_E3_N1.20,1200.0,53.56,29.0,2,442.86
p1_W_E.211,1266.0,29.53,12.0,1,303.28
p1_N1_S1.64,1280.0,15.88,1.0,1,272.03
p1_S1_N1.64,1280.0,15.86,3.0,1,274.38
p1_N3_S3.64,1280.0,15.79,2.0,1,288.58
p1_N1_W3.21,1263.0,31.57,16.0,1,312.44
p1_E_W.89,1282.0,14.98,0.0,0,272.62
p1_W1_S1.21,1263.0,34.6,18.0,1,328.72
p1_N1_S1.63,1260.0,34.28,18.0,1,314.6
p1_S3_N3.63,1260.0,30.38,12.0,1,302.69
p1_W_E.215,1290.0,12.29,0.0,0,260.42
p1_S3_N3.64,1280.0,11.22,0.0,0,267.86
p1_W_E.216,1296.0,8.64,0.0,0,243.55
p1_W_E.213,1278.0,13.63,0.0,0,272.47
p1_W3_E3.213,1278.0,30.39,17.0,1,294.33
p1_S1_N1.63,1260.0,27.1,11.0,1,300.15
p1_N3_W1.21,1263.0,47.16,30.0,2,331.87
p1_W3_E3.215,1290.0,20.68,7.0,1,280.77
p1_E3_W3.89,1282.0,29.86,16.0,1,300.53
p1_W_E.210,1260.0,24.82,11.0,1,288.13
p1_E1_W1.90,1296.0,12.11,0.0,0,263.18
p1_W2_S2.21,1263.0,51.5,19.0,2,351.55
p1_W3_E3.216,1296.0,18.4,0.0,0,294.42
p1_W3_E3.214,1284.0,30.91,11.0,2,314.94
p1_E2_N2.21,1260.0,56.82,37.0,2,367.22
p1_W3_E3.217,1302.0,14.7,0.0,0,291.79
p1_E1_W1.89,1282.0,26.83,10.0,2,303.88
p1_E3_W3.90,1296.0,10.35,0.0,0,256.15
p1_W1_E1.215,1290.0,29.33,7.0,2,329.34
p1_E1_W1.91,1311.0,7.76,0.0,0,243.51
p1_E3_W3.91,1311.0,7.17,0.0,0,248.28
p1_S2_N2.65,1300.0,21.05,1.0,1,300.55
p1_W1_E1.213,1278.0,37.98,17.0,2,313.26
p1_N2_S2.64,1280.0,39.86,22.0,1,331.23
p1_W1_E1.216,1296.0,16.35,0.0,0,288.97
p1_W1_E1.217,1302.0,17.66,0.0,0,292.36
p1_W1_E1.214,1284.0,41.16,11.0,3,354.98
p1_W1_E1.218,1308.0,14.93,0.0,0,283.16
p1_S2_N2.64,1280.0,35.1,17.0,1,314.83
p1_W3_E3.218,1308.0,8.43,0.0,0,242.94
p1_W1_E1.219,1314.0,12.95,0.0,0,275.98
p1_W3_E3.220,1320.0,8.18,0.0,0,245.63
p1_N2_S2.66,1320.0,8.82,0.0,0,245.52
p1_N2_S2.65,1300.0,9.81,0.0,0,249.6
p1_E1_W1.92,1325.0,7.84,0.0,0,230.87
p1_W_E.217,1302.0,24.26,10.0,1,279.73
p1_W1_E1.220,1320.0,7.84,0.0,0,240.88
p1_E_W.92,1325.0,8.95,0.0,0,255.27
p1_W3_S3.22,1323.0,10.83,0.0,0,253.33
p1_W3_E3.219,1314.0,9.6,0.0,0,246.69
p1_E_W.90,1296.0,25.29,12.0,1,289.55
p1_N1_S1.66,1320.0,20.31,5.0,1,283.19
p1_S3_N3.66,1320.0,21.43,3.0,1,294.82
p1_W_E.218,1308.0,20.54,7.0,1,277.29
p1_N3_S3.66,1320.0,21.73,7.0,1,282.68
p1_W1_S1.22,1323.0,19.19,4.0,1,292.93
p1_N1_S1.65,1300.0,42.24,25.0,1,327.09
p1_N3_S3.65,1300.0,40.93,28.0,1,306.28
p1_W_E.220,1320.0,19.68,0.0,0,289.36
p1_E_W.91,1311.0,22.74,9.0,1,276.04
p1_W_E.219,1314.0,14.83,0.0,0,263.01
p1_S1_N1.65,1300.0,44.51,28.0,1,332.12
p1_W_E.221,1326.0,13.59,0.0,0,257.14
p1_W_E.223,1338.0,8.1,0.0,0,250.27
p1_N3_S3.67,1340.0,7.56,0.0,0,244.71
p1_S1_E1.20,1203.0,85.6,54.0,3,533.93
p1_S1_N1.66,1320.0,18.69,6.0,1,270.8
p1_N1_S1.67,1340.0,8.46,0.0,0,241.72
p1_S1_N1.67,1340.0,8.38,0.0,0,241.86
p1_S3_N3.65,1300.0,49.27,23.0,2,360.96
p1_N1_W3.22,1323.0,19.34,3.0,1,289.39
p1_W_E.222,1332.0,8.6,0.0,0,238.42
p1_W_E.224,1344.0,8.09,0.0,0,238.37
p1_S3_E3.23,1383.0,7.98,0.0,0,153.2
p1_W_E.225,1350.0,7.2,0.0,0,243.08
p1_E1_N3.23,1380.0,20.5,9.0,1,191.23
p1_N3_W1.22,1323.0,35.44,10.0,2,339.33
p1_E_W.93,1340.0,8.43,0.0,0,235.27
p1_W1_E1.221,1326.0,30.93,19.0,1,288.21
p1_E3_W3.93,1340.0,19.99,1.0,1,295.63
p1_E3_W3.92,1325.0,35.74,18.0,2,320.16
p1_W1_E1.223,1338.0,23.24,9.0,1,290.67
p1_W2_S2.22,1323.0,34.36,16.0,1,328.2
p1_E3_W3.94,1354.0,8.3,0.0,0,244.31
p1_E3_N1.21,1260.0,43.6,18.0,2,449.19
p1_E1_W1.94,1354.0,8.81,0.0,0,265.41
p1_W1_E1.222,1332.0,23.45,10.0,1,291.12
p1_W1_E1.224,1344.0,20.15,2.0,1,292.54
p1_W3_E3.221,1326.0,27.58,12.0,1,303.52
p1_E1_W1.93,1340.0,24.6,12.0,1,283.56
p1_W1_E1.226,1356.0,9.96,0.0,0,256.87
p1_S2_N2.66,1320.0,47.14,28.0,2,351.72
p1_W3_E3.223,1338.0,20.37,0.0,0,286.44
p1_N2_S2.67,1340.0,26.9,9.0,2,303.44
p1_W3_E3.224,1344.0,20.73,0.0,0,273.43
p1_S2_N2.68,1360.0,9.35,0.0,0,250.4
p1_W3_E3.222,1332.0,16.32,2.0,1,268.73
p1_W1_E1.225,1350.0,9.55,0.0,0,249.31
p1_W1_E1.227,1362.0,8.85,0.0,0,242.18
p1_W3_E3.227,1362.0,9.53,0.0,0,252.02
p1_W3_E3.225,1350.0,9.2,0.0,0,241.99
p1_W3_E3.228,1368.0,7.72,0.0,0,238.4
p1_E3_W3.95,1368.0,7.89,0.0,0,238.97
p1_E2_N2.22,1320.0,56.99,28.0,3,373.09
p1_W3_E3.226,1356.0,9.1,0.0,0,238.18
p1_W_E.227,1362.0,19.12,3.0,1,286.01
p1_E_W.95,1368.0,14.22,0.0,0,283.36
p1_S2_E2.22,1323.0,59.31,29.0,4,373.22
p1_W_E.228,1368.0,15.11,0.0,0,278.69
p1_N2_W2.22,1323.0,61.38,36.0,2,384.44
p1_W_E.226,1356.0,28.94,10.0,1,328.16
p1_E_W.94,1354.0,29.09,9.0,2,307.36
p1_S2_N2.67,1340.0,43.91,19.0,2,347.07
p1_N3_S3.69,1380.0,10.76,0.0,0,263.0
p1_E_W.96,1383.0,8.29,0.0,0,247.25
p1_S1_E1.21,1263.0,86.99,45.0,4,536.61
p1_S3_N3.68,1360.0,30.76,13.0,2,308.86
p1_N1_W3.23,1383.0,10.78,0.0,0,268.65
p1_S1_N1.68,1360.0,34.58,14.0,2,329.07
p1_S3_N3.69,1380.0,14.11,0.0,0,274.64
p1_W_E.231,1386.0,7.55,0.0,0,238.28
p1_N1_S1.69,1380.0,15.39,0.0,0,300.91
p1_S1_N1.69,1380.0,15.19,1.0,1,292.44
p1_E2_N2.23,1380.0,10.22,0.0,0,269.02
p1_N1_S1.68,1360.0,31.16,17.0,1,298.32
p1_W_E.229,1374.0,8.84,0.0,0,242.55
p1_S3_N3.67,1340.0,52.02,33.0,2,344.29
p1_W_E.230,1380.0,8.95,0.0,0,245.69
p1_N3_S3.68,1360.0,25.4,7.0,2,306.79
p1_W_E.232,1392.0,7.71,0.0,0,241.94
p1_W3_E3.229,1374.0,28.13,13.0,1,317.16
p1_W3_E3.230,1380.0,21.88,6.0,1,300.85
p1_W3_S3.23,1383.0,21.2,6.0,1,288.09
p1_W3_E3.231,1386.0,17.7,2.0,1,305.09
p1_S2_E2.23,1383.0,23.62,9.0,1,307.26
p1_W3_E3.233,1398.0,8.49,0.0,0,251.65
p1_W2_S2.23,1383.0,24.23,6.0,1,311.16
p1_N2_S2.69,1380.0,27.84,16.0,1,290.7
p1_E1_N3.24,1443.0,8.38,0.0,0,173.07
p1_W1_E1.229,1374.0,26.47,6.0,2,297.83
p1_N3_W1.23,1383.0,27.02,8.0,2,313.22
p1_E1_W1.96,1383.0,26.84,8.0,2,309.03
p1_W1_E1.231,1386.0,23.88,5.0,1,302.99
p1_W1_E1.228,1368.0,27.82,9.0,1,308.69
p1_E3_W3.97,1397.0,13.71,0.0,0,269.48
p1_W1_E1.230,1380.0,31.42,10.0,1,311.37
p1_E1_W1.97,1397.0,14.61,0.0,0,276.78
p1_W3_E3.234,1404.0,8.05,0.0,0,230.78
p1_E1_W1.95,1368.0,39.49,22.0,2,325.76
p1_N2_S2.70,1400.0,9.29,0.0,0,248.28
p1_S2_N2.69,1380.0,34.59,15.0,2,322.95
p1_S2_N2.70,1400.0,8.71,0.0,0,247.84
p1_W3_E3.235,1410.0,8.43,0.0,0,243.17
p1_W3_E3.232,1392.0,9.86,0.0,0,245.84
p1_E3_W3.98,1412.0,8.21,0.0,0,234.31
p1_E1_W1.98,1412.0,11.55,0.0,0,261.31
p1_W1_E1.233,1398.0,25.95,12.0,1,295.53
p1_W3_E3.236,1416.0,6.88,0.0,0,238.32
p1_W1_E1.232,1392.0,27.75,11.0,1,299.17
p1_W_E.234,1404.0,24.81,12.0,1,292.31
p1_E3_W3.96,1383.0,17.88,5.0,1,263.52
p1_W1_E1.235,1410.0,12.38,0.0,0,260.17
p1_W_E.236,1416.0,14.56,2.0,1,267.51
p1_W1_E1.234,1404.0,20.25,6.0,1,285.98
p1_W1_E1.236,1416.0,13.77,0.0,0,279.6
p1_W_E.237,1422.0,10.4,0.0,0,256.06
p1_W1_E1.237,1422.0,10.83,0.0,0,253.68
p1_S3_E3.24,1443.0,33.84,22.0,1,211.79
p1_E_W.97,1397.0,37.42,19.0,2,325.33
p1_W_E.235,1410.0,24.45,7.0,1,287.18
p1_E_W.98,1412.0,22.13,4.0,2,298.02
p1_N3_S3.70,1400.0,36.38,19.0,1,317.99
p1_W_E.238,1428.0,8.29,0.0,0,244.55
p1_S1_E1.22,1322.0,73.86,40.0,3,518.52
p1_W1_S1.23,1383.0,56.42,37.0,2,350.47
p1_S3_N3.70,1400.0,38.95,19.0,2,317.34
p1_S1_N1.70,1400.0,35.32,18.0,1,310.71
p1_S3_N3.71,1420.0,21.31,4.0,1,299.49
p1_N1_S1.70,1400.0,42.18,29.0,1,312.68
p1_W_E.239,1434.0,7.73,0.0,0,239.36
p1_W_E.233,1398.0,26.48,12.0,1,287.17
p1_N3_S3.71,1420.0,11.16,0.0,0,261.96
p1_N1_S1.71,1420.0,20.27,6.0,1,270.75
p1_S1_N1.71,1420.0,13.01,0.0,0,276.43
p1_E_W.99,1426.0,8.88,0.0,0,243.88
p1_W_E.240,1440.0,8.02,0.0,0,237.89
p1_E_W.100,1440.0,8.77,0.0,0,241.8
p1_E3_W3.99,1426.0,23.72,10.0,1,283.02
p1_E3_W3.100,1440.0,9.81,0.0,0,264.46
p1_W3_E3.237,1422.0,29.06,14.0,1,289.24
p1_W3_E3.238,1428.0,23.22,10.0,1,283.95
p1_E3_N1.22,1320.0,57.35,28.0,2,464.77
p1_E1_W1.99,1426.0,27.34,12.0,1,306.12
p1_W1_E1.240,1440.0,15.36,0.0,0,275.01
p1_E1_W1.100,1440.0,15.02,1.0,1,288.79
p1_W3_E3.240,1440.0,12.69,0.0,0,264.35
p1_W3_E3.241,1446.0,9.5,0.0,0,268.94
p1_W3_E3.239,1434.0,17.48,2.0,1,285.13
p1_W1_E1.241,1446.0,11.11,0.0,0,259.16
p1_W1_E1.238,1428.0,29.99,12.0,2,309.65
p1_W3_S3.24,1443.0,15.19,0.0,0,286.74
p1_N2_S2.71,1420.0,39.53,20.0,1,324.62
p1_S2_N2.72,1440.0,19.43,2.0,1,288.87
p1_W1_E1.239,1434.0,25.76,8.0,1,303.87
p1_W3_E3.242,1452.0,7.88,0.0,0,245.52
p1_N2_S2.68,1360.0,72.2,53.0,2,369.32
p1_S2_N2.71,1420.0,41.46,20.0,2,339.05
p1_E2_N2.24,1443.0,18.76,2.0,1,288.89
p1_E1_W1.101,1455.0,7.82,0.0,0,241.82
p1_N2_S2.72,1440.0,18.1,5.0,1,273.57
p1_E3_W3.101,1455.0,8.28,0.0,0,238.86
p1_N2_S2.73,1460.0,8.0,0.0,0,245.99
p1_W3_E3.243,1458.0,8.03,0.0,0,236.61
p1_W1_E1.242,1452.0,9.22,0.0,0,237.88
p1_W1_E1.243,1458.0,8.93,0.0,0,246.3
p1_E1_W1.102,1469.0,7.79,0.0,0,240.86
p1_W1_E1.244,1464.0,8.27,0.0,0,239.34
p1_W1_E1.245,1470.0,8.13,0.0,0,251.22
p1_N1_S1.72,1440.0,39.07,26.0,1,302.71
p1_S3_E3.25,1503.0,19.64,9.0,1,192.59
p1_N2_W2.23,1383.0,98.43,67.0,3,414.75
p1_S2_E2.24,1443.0,34.94,14.0,2,330.43
p1_N2_W2.24,1443.0,35.05,14.0,2,325.13
p1_W_E.244,1464.0,17.88,3.0,1,277.03
p1_W_E.242,1452.0,28.85,16.0,1,304.61
p1_E_W.102,1469.0,14.41,0.0,0,272.28
p1_E1_N3.25,1501.0,8.4,0.0,0,160.53
p1_W_E.246,1476.0,8.09,0.0,0,244.61
p1_E3_N1.23,1380.0,62.05,40.0,2,455.66
p1_W1_S1.24,1443.0,42.4,23.0,1,332.35
p1_N1_S1.73,1460.0,22.25,10.0,1,283.32
p1_W_E.245,1470.0,15.94,0.0,0,281.49
p1_W_E.243,1458.0,29.79,11.0,1,296.72
p1_S1_N1.73,1460.0,27.7,8.0,2,307.94
p1_N3_S3.73,1460.0,28.1,10.0,1,307.27
p1_S1_N1.72,1440.0,49.34,28.0,2,362.7
p1_S1_N1.74,1480.0,9.42,0.0,0,253.04
p1_N3_S3.72,1440.0,44.71,28.0,1,331.03
p1_W_E.247,1482.0,7.87,0.0,0,245.64
p1_N1_W3.24,1443.0,43.59,24.0,1,331.78
p1_S3_N3.72,1440.0,47.25,27.0,2,330.63
p1_W_E.241,1446.0,29.29,15.0,1,285.51
p1_S3_N3.73,1460.0,24.89,6.0,2,302.12
p1_W_E.248,1488.0,7.34,0.0,0,241.91
p1_N3_S3.74,1480.0,8.84,0.0,0,251.87
p1_E_W.103,1484.0,8.54,0.0,0,242.41
p1_W3_E3.244,1464.0,31.87,20.0,1,296.82
p1_W3_E3.246,1476.0,25.12,10.0,1,297.21
p1_E3_W3.103,1484.0,18.09,0.0,0,300.04
p1_W_E.249,1494.0,7.88,0.0,0,245.37
p1_W3_E3.248,1488.0,14.14,0.0,0,276.24
p1_W1_E1.246,1476.0,24.31,11.0,1,279.56
p1_W3_E3.245,1470.0,24.58,10.0,1,275.1
p1_E3_W3.104,1498.0,7.32,0.0,0,234.62
p1_W2_S2.24,1443.0,56.7,38.0,2,345.98
p1_W3_E3.249,1494.0,10.9,0.0,0,255.7
p1_E1_W1.104,1498.0,8.48,0.0,0,246.76
p1_N3_W1.24,1443.0,52.84,33.0,2,338.54
p1_E3_W3.102,1469.0,22.42,8.0,1,285.05
p1_N2_S2.75,1500.0,8.09,0.0,0,242.62
p1_N2_S2.74,1480.0,29.26,14.0,1,308.78
p1_S2_N2.74,1480.0,30.44,12.0,2,320.23
p1_W3_E3.247,1482.0,14.42,0.0,0,259.27
p1_E1_W1.103,1484.0,17.42,4.0,1,274.27
p1_W1_E1.247,1482.0,15.91,1.0,1,281.07
p1_S1_E1.23,1383.0,52.82,30.0,1,441.37
p1_S2_N2.73,1460.0,49.26,29.0,2,339.92
p1_W1_E1.250,1500.0,12.51,0.0,0,244.78
p1_W3_E3.250,1500.0,7.71,0.0,0,246.37
p1_W3_S3.25,1503.0,10.82,0.0,0,266.14
p1_W1_E1.248,1488.0,25.6,1.0,1,284.89
p1_E_W.101,1455.0,13.33,0.0,0,262.49
p1_W1_E1.249,1494.0,9.33,0.0,0,243.85
p1_W3_E3.251,1506.0,8.47,0.0,0,239.78
p1_W1_E1.252,1512.0,8.28,0.0,0,240.9
p1_N2_W2.25,1503.0,16.82,1.0,1,279.32
p1_W1_E1.251,1506.0,8.25,0.0,0,240.97
p1_E1_W1.105,1512.0,7.73,0.0,0,249.31
p1_E_W.104,1498.0,25.05,13.0,1,282.77
p1_E1_N3.26,1560.0,7.02,0.0,0,160.62
p1_E_W.105,1512.0,13.13,0.0,0,267.09
p1_E3_N1.24,1443.0,43.47,27.0,1,410.51
p1_W_E.250,1500.0,29.53,13.0,1,317.48
p1_W_E.251,1506.0,23.25,6.0,1,301.33
p1_S1_N1.76,1520.0,8.74,0.0,0,258.75
p1_N1_S1.74,1480.0,34.65,20.0,1,299.06
p1_S3_E3.26,1563.0,10.9,0.0,0,174.39
p1_N1_W3.25,1503.0,27.47,12.0,1,319.91
p1_W_E.253,1518.0,13.41,0.0,0,273.61
p1_W_E.252,1512.0,16.09,0.0,0,273.47
p1_S1_N1.75,1500.0,28.05,10.0,1,305.44
p1_N1_S1.76,1520.0,10.24,0.0,0,263.67
p1_N1_S1.75,1500.0,33.78,17.0,1,326.54
p1_N3_S3.75,1500.0,34.15,19.0,1,318.98
p1_W1_S1.25,1503.0,31.81,15.0,1,320.24
p1_S3_N3.75,1500.0,34.79,17.0,2,324.06
p1_S3_N3.76,1520.0,16.67,3.0,1,279.3
p1_W_E.255,1530.0,7.73,0.0,0,237.91
p1_S1_E1.24,1443.0,56.77,25.0,3,478.36
p1_W1_E1.254,1524.0,18.32,4.0,1,281.67
p1_S3_N3.74,1480.0,48.54,31.0,2,330.27
p1_W1_E1.253,1518.0,26.42,11.0,1,304.43
p1_W1_E1.256,1536.0,8.19,0.0,0,243.01
p1_W_E.256,1536.0,7.89,0.0,0,245.37
p1_N3_W1.25,1503.0,37.61,18.0,2,320.03
p1_E3_W3.105,1512.0,33.8,21.0,1,296.81
p1_E3_W3.106,1527.0,18.72,6.0,1,277.73
p1_W1_E1.255,1530.0,16.01,0.0,0,294.05
p1_W_E.254,1524.0,9.77,0.0,0,245.62
p1_E_W.106,1527.0,9.08,0.0,0,244.15
p1_W3_E3.253,1518.0,30.16,15.0,1,296.78
p1_E1_W1.107,1541.0,7.99,0.0,0,240.97
p1_E3_W3.107,1541.0,7.93,0.0,0,238.17
p1_S2_E2.25,1503.0,47.51,19.0,2,327.91
p1_W3_E3.255,1530.0,20.16,6.0,1,270.39
p1_W1_E1.257,1542.0,7.96,0.0,0,241.58
p1_E2_N2.25,1501.0,38.0,19.0,2,325.46
p1_S2_N2.77,1540.0,10.32,0.0,0,259.4
p1_N2_S2.77,1540.0,12.26,0.0,0,284.6
p1_W3_E3.257,1542.0,9.31,0.0,0,256.34
p1_W3_E3.256,1536.0,18.38,1.0,1,278.48
p1_N2_S2.76,1520.0,31.15,18.0,1,295.68
p1_W1_E1.258,1548.0,8.27,0.0,0,238.43
p1_W3_E3.258,1548.0,8.25,0.0,0,244.13
p1_E1_W1.106,1527.0,19.35,5.0,1,274.92
p1_W1_E1.259,1554.0,8.13,0.0,0,241.83
p1_W3_E3.252,1512.0,32.32,17.0,1,295.41
p1_W3_E3.254,1524.0,25.42,9.0,1,298.72
p1_W3_E3.259,1554.0,10.51,0.0,0,253.16
p1_E1_W1.108,1556.0,8.32,0.0,0,228.36
p1_E3_W3.108,1556.0,8.9,0.0,0,242.54
p1_W2_S2.25,1503.0,63.07,34.0,4,378.32
p1_E_W.107,1541.0,27.78,13.0,1,292.15
p1_W_E.260,1560.0,9.1,0.0,0,261.62
p1_W_E.258,1548.0,22.37,5.0,1,293.47
p1_W_E.259,1554.0,17.5,1.0,1,283.15
p1_S2_N2.75,1500.0,42.43,26.0,1,312.44
p1_E3_N1.25,1501.0,29.85,11.0,1,402.68
p1_W_E.257,1542.0,26.23,9.0,1,296.79
p1_W_E.261,1566.0,7.97,0.0,0,250.75
p1_N1_S1.77,1540.0,35.47,20.0,1,298.66
p1_S1_N1.77,1540.0,35.45,18.0,1,332.71
p1_E_W.109,1570.0,8.69,0.0,0,241.93
p1_N3_S3.76,1520.0,27.28,11.0,1,298.03
p1_N3_S3.77,1540.0,39.85,24.0,1,327.52
p1_E_W.108,1556.0,18.53,4.0,1,269.71
p1_N1_S1.78,1560.0,14.16,0.0,0,266.22
p1_S3_N3.77,1540.0,41.42,23.0,2,320.57
p1_N3_S3.78,1560.0,20.56,3.0,1,296.81
p1_S3_N3.78,1560.0,21.13,2.0,1,292.21
p1_S1_N1.78,1560.0,8.48,0.0,0,247.23
p1_N1_W3.26,1563.0,12.5,0.0,0,275.74
p1_W_E.262,1572.0,8.38,0.0,0,242.96
p1_S3_E3.27,1623.0,7.91,0.0,0,166.35
p1_E3_W3.109,1570.0,18.41,4.0,1,283.73
p1_W3_E3.260,1560.0,32.35,15.0,1,311.75
p1_E_W.110,1584.0,7.81,0.0,0,242.8
p1_E3_W3.110,1584.0,7.96,0.0,0,234.11
p1_N3_W1.26,1563.0,29.56,10.0,2,315.66
p1_E2_N2.26,1560.0,34.1,11.0,2,337.42
p1_N2_S2.78,1560.0,35.38,21.0,1,312.0
p1_W3_S3.26,1563.0,32.68,14.0,1,324.21
p1_W_E.263,1578.0,8.68,0.0,0,235.73
p1_W3_E3.263,1578.0,17.98,0.0,0,291.7
p1_N2_S2.79,1580.0,17.49,0.0,0,300.62
p1_E1_W1.109,1570.0,22.46,5.0,1,302.95
p1_W3_E3.261,1566.0,32.62,11.0,2,309.59
p1_W3_E3.262,1572.0,27.18,5.0,2,304.53
p1_E1_W1.110,1584.0,15.72,3.0,1,270.3
p1_W1_E1.260,1560.0,37.97,20.0,2,320.23
p1_W1_E1.261,1566.0,34.88,9.0,2,335.59
p1_W3_E3.264,1584.0,17.02,0.0,0,279.63
p1_W1_E1.262,1572.0,26.71,4.0,1,316.97
p1_S2_N2.79,1580.0,22.75,7.0,1,299.81
p1_S2_N2.76,1520.0,50.3,30.0,2,343.41
p1_W3_E3.265,1590.0,9.39,0.0,0,249.58
p1_W3_E3.266,1596.0,8.14,0.0,0,242.09
p1_S2_N2.78,1560.0,40.97,27.0,1,329.2
p1_E1_N3.27,1620.0,24.24,13.0,1,193.29
p1_W1_E1.263,1578.0,17.33,0.0,0,283.65
p1_W1_E1.265,1590.0,16.46,0.0,0,270.83
p1_W2_S2.26,1563.0,45.61,25.0,3,347.61
p1_W1_E1.264,1584.0,11.08,0.0,0,256.0
p1_W1_E1.266,1596.0,12.19,0.0,0,258.65
p1_W1_E1.267,1602.0,7.92,0.0,0,240.16
p1_W3_E3.267,1602.0,7.66,0.0,0,242.19
p1_E3_W3.111,1599.0,8.07,0.0,0,244.03
p1_W_E.267,1602.0,12.12,0.0,0,278.64
p1_W_E.268,1608.0,8.95,0.0,0,243.7
p1_N1_S1.80,1600.0,21.25,8.0,1,286.86
p1_N2_S2.80,1600.0,21.76,8.0,1,282.61
p1_S3_N3.80,1600.0,21.76,5.0,2,296.45
p1_N3_S3.79,1580.0,43.18,29.0,1,318.6
p1_N3_S3.80,1600.0,23.3,9.0,1,287.48
p1_S2_E2.26,1563.0,42.51,18.0,3,340.93
p1_S1_N1.79,1580.0,41.54,24.0,2,321.42
p1_W_E.264,1584.0,25.14,5.0,1,304.54
p1_W_E.265,1590.0,35.85,7.0,2,345.49
p1_W_E.266,1596.0,21.17,0.0,0,308.3
p1_W_E.269,1614.0,13.73,0.0,0,268.1
p1_S3_N3.81,1620.0,8.22,0.0,0,245.2
p1_S3_N3.79,1580.0,33.29,18.0,1,316.47
p1_E_W.111,1599.0,29.85,10.0,2,311.05
p1_E_W.112,1613.0,15.8,3.0,1,272.44
p1_W_E.270,1620.0,9.47,0.0,0,245.42
p1_S1_N1.80,1600.0,13.34,0.0,0,274.04
p1_W_E.271,1626.0,7.97,0.0,0,248.97
p1_W3_E3.268,1608.0,26.83,13.0,1,289.64
p1_W3_E3.269,1614.0,20.93,8.0,1,277.66
p1_W1_E1.271,1626.0,9.87,0.0,0,257.96
p1_W3_E3.271,1626.0,11.3,0.0,0,252.43
p1_W1_E1.270,1620.0,17.79,2.0,1,279.58
p1_N3_W1.27,1623.0,15.18,0.0,0,265.49
p1_S1_E1.25,1503.0,77.44,45.0,4,505.48
p1_W3_E3.270,1620.0,17.06,3.0,1,272.43
p1_N2_W2.26,1563.0,77.72,47.0,4,402.66
p1_E1_W1.111,1599.0,29.04,15.0,1,290.96
p1_W1_E1.269,1614.0,26.09,6.0,1,302.21
p1_W1_E1.272,1632.0,8.72,0.0,0,256.13
p1_W1_E1.268,1608.0,22.96,8.0,1,286.58
p1_E1_W1.113,1628.0,17.24,4.0,1,276.67
p1_E1_W1.112,1613.0,32.99,19.0,1,304.3
p1_E1_N3.28,1680.0,7.78,0.0,0,167.4
p1_W1_S1.26,1563.0,73.47,49.0,3,400.41
p1_N1_S1.79,1580.0,56.53,40.0,2,353.38
p1_N1_S1.81,1620.0,28.49,10.0,1,294.75
p1_W1_E1.273,1638.0,7.94,0.0,0,248.76
p1_W1_S1.27,1623.0,15.07,0.0,0,276.62
p1_E1_W1.114,1642.0,7.67,0.0,0,245.96
p1_S2_N2.81,1620.0,17.99,5.0,1,276.67
p1_S2_N2.82,1640.0,8.29,0.0,0,234.32
p1_S2_N2.80,1600.0,38.93,25.0,1,310.66
p1_N2_W2.27,1623.0,31.35,8.0,2,325.53
p1_E_W.113,1628.0,25.07,11.0,1,278.79
p1_E2_N2.27,1620.0,37.27,18.0,2,323.58
p1_E3_W3.113,1628.0,29.49,10.0,1,318.62
p1_W1_E1.275,1650.0,7.86,0.0,0,241.3
p1_E3_N1.26,1560.0,43.17,19.0,2,426.15
p1_W_E.272,1632.0,29.55,16.0,1,290.72
p1_W3_E3.272,1632.0,21.5,9.0,1,275.81
p1_E3_W3.114,1642.0,14.69,0.0,0,264.39
p1_N2_S2.81,1620.0,42.78,20.0,2,342.5
p1_W2_S2.27,1623.0,39.79,26.0,1,322.39
p1_W3_S3.27,1623.0,32.55,11.0,1,322.47
p1_E_W.114,1642.0,20.74,8.0,1,275.93
p1_E_W.115,1656.0,8.15,0.0,0,237.78
p1_N2_S2.82,1640.0,24.65,11.0,1,289.31
p1_S1_N1.82,1640.0,20.93,8.0,1,276.21
p1_W3_E3.273,1638.0,12.93,0.0,0,263.96
p1_S3_N3.83,1660.0,8.57,0.0,0,246.61
p1_E3_W3.112,1613.0,37.55,18.0,2,319.59
p1_S2_E2.27,1623.0,30.1,8.0,2,319.55
p1_S3_N3.82,1640.0,22.53,5.0,1,293.6
p1_W_E.274,1644.0,29.53,16.0,1,291.46
p1_W_E.273,1638.0,36.49,22.0,1,301.56
p1_W_E.275,1650.0,26.51,12.0,1,286.21
p1_W_E.276,1656.0,19.99,5.0,1,277.69
p1_S3_E3.28,1683.0,39.14,26.0,1,221.72
p1_N1_W3.27,1623.0,56.3,36.0,2,364.63
p1_W1_E1.276,1656.0,24.35,10.0,1,304.61
p1_N1_S1.83,1660.0,19.33,5.0,1,276.31
p1_E1_W1.116,1671.0,10.05,0.0,0,250.54
p1_S1_E1.26,1563.0,76.14,42.0,4,509.2
p1_N3_S3.81,1620.0,39.37,22.0,2,319.01
p1_W1_E1.279,1674.0,7.77,0.0,0,237.54
p1_N1_S1.82,1640.0,38.87,18.0,2,322.39
p1_W1_E1.278,1668.0,16.93,0.0,0,286.63
p1_W_E.277,1662.0,13.32,0.0,0,270.75
p1_W_E.278,1668.0,9.18,0.0,0,255.4
p1_W3_E3.277,1662.0,27.3,9.0,2,298.82
p1_N3_S3.82,1640.0,24.63,9.0,1,278.87
p1_W3_E3.275,1650.0,39.77,19.0,2,325.22
p1_W3_E3.278,1668.0,23.49,5.0,1,296.89
p1_E_W.116,1671.0,18.67,6.0,1,274.5
p1_S2_N2.83,1660.0,27.44,14.0,1,283.05
p1_E3_W3.115,1656.0,36.76,20.0,2,318.58
p1_E3_W3.116,1671.0,20.62,7.0,1,270.38
p1_N2_S2.84,1680.0,13.49,0.0,0,266.41
p1_W1_E1.281,1686.0,7.58,0.0,0,238.85
p1_E1_W1.115,1656.0,22.68,9.0,1,279.01
p1_W1_E1.274,1644.0,23.74,8.0,1,284.34
p1_N2_W2.28,1683.0,12.09,0.0,0,277.6
p1_N2_S2.83,1660.0,27.82,13.0,1,289.07
p1_W1_E1.280,1680.0,11.2,0.0,0,255.43
p1_W3_E3.279,1674.0,24.5,10.0,1,287.43
p1_W3_E3.276,1656.0,44.92,19.0,2,322.3
p1_S1_N1.84,1680.0,20.81,6.0,1,294.32
p1_E3_W3.117,1685.0,9.25,0.0,0,245.16
p1_W1_E1.277,1662.0,13.16,0.0,0,261.84
p1_W3_E3.281,1686.0,17.68,4.0,1,275.49
p1_E1_N3.29,1740.0,7.58,0.0,0,165.34
p1_S1_N1.81,1620.0,59.48,40.0,2,353.16
p1_W3_E3.283,1698.0,8.09,0.0,0,242.66
p1_W3_S3.28,1683.0,24.69,4.0,1,299.89
p1_S1_N1.83,1660.0,33.49,15.0,2,315.4
p1_W_E.279,1674.0,35.76,17.0,2,328.24
p1_W3_E3.280,1680.0,22.23,5.0,1,298.78
p1_N1_S1.84,1680.0,30.58,13.0,2,307.35
p1_W_E.281,1686.0,24.27,4.0,2,301.68
p1_W1_S1.28,1683.0,27.72,7.0,2,316.49
p1_N1_W3.28,1683.0,28.97,8.0,2,307.87
p1_W_E.282,1692.0,20.01,0.0,0,312.33
p1_W3_E3.274,1644.0,41.29,23.0,2,326.71
p1_S1_E1.27,1623.0,47.94,21.0,1,432.61
p1_W_E.283,1698.0,14.7,0.0,0,273.46
p1_W_E.280,1680.0,24.69,5.0,1,300.92
p1_N3_S3.85,1700.0,15.41,1.0,1,284.23
p1_W_E.284,1704.0,11.58,0.0,0,258.3
p1_N3_S3.84,1680.0,39.71,21.0,1,315.38
p1_E1_W1.117,1685.0,9.99,0.0,0,252.93
p1_E2_N2.28,1680.0,42.63,21.0,2,348.9
p1_N3_S3.83,1660.0,42.12,26.0,1,308.52
p1_E3_W3.118,1700.0,23.74,11.0,1,295.89
p1_S3_N3.84,1680.0,42.01,28.0,1,312.63
p1_N3_W1.28,1683.0,43.1,24.0,2,327.07
p1_E1_W1.118,1700.0,25.43,11.0,1,280.55
p1_S3_E3.29,1743.0,13.0,2.0,1,177.22
p1_S3_N3.85,1700.0,19.56,5.0,1,270.6
p1_E1_W1.119,1714.0,14.35,0.0,0,273.67
p1_W2_S2.28,1683.0,28.75,10.0,2,320.97
p1_E_W.117,1685.0,46.45,28.0,2,338.48
p1_W3_E3.284,1704.0,23.1,9.0,1,277.44
p1_W3_E3.285,1710.0,21.91,7.0,1,279.43
p1_W1_E1.282,1692.0,41.34,20.0,2,346.37
p1_W1_E1.283,1698.0,35.55,14.0,3,340.91
p1_E_W.118,1700.0,30.36,13.0,1,305.6
p1_E_W.119,1714.0,19.7,6.0,1,274.45
p1_E3_W3.119,1714.0,21.12,6.0,1,277.87
p1_E3_W3.120,1728.0,7.35,0.0,0,247.94
p1_N2_S2.85,1700.0,36.23,22.0,1,296.64
p1_W1_E1.285,1710.0,25.78,0.0,0,323.7
p1_N2_S2.86,1720.0,15.99,3.0,1,268.79
p1_W1_E1.286,1716.0,21.72,0.0,0,296.21
p1_W3_E3.287,1722.0,15.59,3.0,1,277.62
p1_W1_E1.284,1704.0,18.89,1.0,1,294.29
p1_W1_E1.287,1722.0,17.68,0.0,0,278.19
p1_W3_E3.288,1728.0,12.17,0.0,0,268.69
p1_S2_E2.28,1683.0,58.68,29.0,2,377.17
p1_W1_E1.288,1728.0,13.46,0.0,0,262.94
p1_W3_E3.286,1716.0,23.88,7.0,1,296.16
p1_N1_S1.85,1700.0,31.44,17.0,1,301.96
p1_W3_E3.282,1692.0,24.02,10.0,1,293.99
p1_S1_N1.85,1700.0,44.77,21.0,3,360.34
p1_S1_N1.86,1720.0,24.77,6.0,2,301.14
p1_E3_N1.28,1680.0,23.79,6.0,1,385.63
p1_N1_S1.86,1720.0,22.21,10.0,1,275.74
p1_N1_S1.87,1740.0,8.27,0.0,0,246.47
p1_E3_N1.27,1620.0,72.61,37.0,4,499.51
p1_W_E.286,1716.0,39.03,11.0,2,340.85
p1_E_W.120,1728.0,27.13,13.0,1,292.26
p1_S2_N2.85,1700.0,57.46,38.0,2,347.11
p1_W_E.285,1710.0,40.5,17.0,3,342.21
p1_W_E.288,1728.0,29.18,5.0,1,322.2
p1_W1_E1.290,1740.0,16.87,3.0,1,271.58
p1_S2_N2.86,1720.0,39.49,18.0,2,329.63
p1_W_E.287,1722.0,37.13,6.0,2,346.82
p1_W_E.290,1740.0,19.18,0.0,0,293.92
p1_E1_W1.121,1743.0,12.74,0.0,0,261.74
p1_W1_E1.292,1752.0,7.63,0.0,0,242.13
p1_W_E.291,1746.0,14.99,0.0,0,266.7
p1_E1_W1.120,1728.0,24.68,11.0,1,288.87
p1_W_E.289,1734.0,20.32,0.0,0,295.32
p1_N3_W1.29,1743.0,19.39,4.0,1,281.71
p1_N3_S3.86,1720.0,43.56,29.0,1,322.76
p1_E2_N2.29,1740.0,22.6,2.0,1,309.49
p1_S2_N2.84,1680.0,64.93,42.0,3,369.86
p1_W1_E1.289,1734.0,21.13,6.0,1,273.95
p1_W2_S2.29,1743.0,22.36,7.0,1,296.61
p1_S1_E1.28,1683.0,40.2,15.0,2,433.28
p1_E_W.121,1743.0,8.97,0.0,0,248.03
p1_N2_S2.87,1740.0,27.0,13.0,1,290.33
p1_S3_N3.86,1720.0,41.53,29.0,1,312.27
p1_N3_S3.88,1760.0,8.07,0.0,0,236.29
p1_S3_N3.88,1760.0,8.07,0.0,0,247.59
p1_S1_N1.87,1740.0,28.38,9.0,2,320.02
p1_N3_S3.87,1740.0,18.61,5.0,1,275.07
p1_N2_S2.88,1760.0,9.05,0.0,0,255.2
p2_N3_E1.0,1803.0,9.26,0.0,0,175.9
p1_E3_W3.121,1743.0,14.42,0.0,0,266.93
p1_W3_E3.290,1740.0,24.58,9.0,1,292.33
p1_W1_E1.291,1746.0,32.94,12.0,1,315.68
p1_W3_E3.292,1752.0,20.51,4.0,1,286.86
p1_W3_E3.289,1734.0,30.75,11.0,2,304.17
p1_W1_E1.293,1758.0,16.07,3.0,1,271.55
p1_W3_E3.295,1770.0,12.23,0.0,0,264.69
p1_W3_S3.29,1743.0,24.41,9.0,1,294.78
p1_W3_E3.294,1764.0,18.82,0.0,0,280.02
p1_W_E.295,1770.0,8.63,0.0,0,241.03
p1_W_E.294,1764.0,19.65,2.0,1,281.25
p1_E3_W3.123,1772.0,8.7,0.0,0,239.83
p1_W_E.293,1758.0,16.6,3.0,1,265.07
p1_W3_E3.291,1746.0,25.91,7.0,1,303.19
p1_S2_E2.29,1743.0,44.14,21.0,2,342.01
p1_N2_W2.29,1743.0,45.95,19.0,3,354.51
p1_E_W.123,1772.0,16.49,3.0,1,272.61
p1_W3_E3.293,1758.0,9.34,0.0,0,258.56
p2_E3_S3.0,1803.0,24.59,9.0,2,194.76
p1_E_W.122,1757.0,33.89,14.0,2,312.27
p1_N1_S1.89,1780.0,12.33,0.0,0,261.82
p1_S2_N2.88,1760.0,33.42,20.0,1,298.09
p1_S2_N2.87,1740.0,51.6,30.0,2,343.13
p1_W1_E1.296,1776.0,18.0,2.0,1,268.82
p1_N1_S1.88,1760.0,32.13,15.0,1,306.17
p1_W1_E1.294,1764.0,24.13,11.0,1,282.7
p1_W1_S1.29,1743.0,33.56,16.0,1,317.24
p1_E1_W1.122,1757.0,41.78,20.0,3,345.91
p1_E1_W1.123,1772.0,21.49,6.0,1,299.65
p1_W_E.296,1776.0,25.55,11.0,1,290.03
p1_E1_W1.124,1786.0,15.0,0.0,0,274.17
p1_W1_E1.298,1788.0,15.09,0.0,0,259.92
p1_N1_W3.29,1743.0,45.16,29.0,1,322.53
p1_W_E.299,1794.0,10.71,0.0,0,262.95
p1_W1_E1.295,1770.0,17.12,2.0,1,269.94
p1_W3_E3.296,1776.0,30.03,8.0,1,306.0
p1_W3_E3.297,1782.0,23.93,6.0,2,301.13
p1_E3_W3.124,1786.0,20.4,7.0,1,274.13
p1_W1_E1.299,1794.0,11.12,0.0,0,269.54
p1_W1_E1.297,1782.0,25.35,6.0,1,293.74
p1_W_E.298,1788.0,17.36,0.0,0,284.34
p1_W_E.292,1752.0,36.35,17.0,2,318.56
p1_E_W.124,1786.0,11.6,0.0,0,253.36
p1_W3_E3.299,1794.0,13.9,0.0,0,267.1
p1_S3_N3.89,1780.0,30.56,12.0,2,313.52
p1_W_E.297,1782.0,19.61,5.0,1,276.11
p1_W3_E3.298,1788.0,17.09,0.0,0,286.42
p1_N3_S3.89,1780.0,32.03,18.0,1,300.73
p2_W_E.0,1800.0,8.17,0.0,0,242.85
p2_N3_S3.0,1800.0,8.87,0.0,0,258.34
p1_E3_W3.122,1757.0,28.94,13.0,1,296.65
p1_S1_N1.89,1780.0,24.29,11.0,1,291.16
p2_S3_N3.0,1800.0,14.13,0.0,0,276.91
p1_S1_N1.88,1760.0,45.11,23.0,2,340.81
p2_E2_S2.0,1803.0,13.1,0.0,0,267.85
p2_N2_S2.0,1800.0,17.62,5.0,1,279.88
p1_S3_N3.87,1740.0,55.26,36.0,2,354.16
p2_S3_W3.0,1803.0,12.42,1.0,1,257.11
p2_E3_W3.0,1800.0,22.11,9.0,1,293.49
p1_N2_S2.89,1780.0,30.97,12.0,2,310.28
p2_W1_E1.0,1800.0,25.77,12.0,1,284.6
p2_W3_E3.1,1815.0,11.26,0.0,0,267.24
p2_E3_W3.3,1818.0,7.83,0.0,0,245.35
p2_W3_E3.0,1800.0,28.14,13.0,1,299.81
p2_S2_N2.0,1800.0,29.3,10.0,2,325.48
p2_E3_W3.1,1806.0,15.98,3.0,1,269.91
p1_S2_N2.89,1780.0,50.13,24.0,2,353.67
p2_E3_W3.2,1812.0,18.45,3.0,1,272.76
p1_S1_E1.29,1743.0,40.5,13.0,2,449.46
p2_E_W.1,1806.0,22.92,9.0,1,281.24
p2_E3_S3.1,1863.0,10.3,0.0,0,175.67
p2_E_W.3,1818.0,14.5,0.0,0,263.18
p2_E1_W1.0,1800.0,34.57,11.0,2,337.73
p2_E1_W1.1,1806.0,28.12,9.0,2,310.88
p2_E_W.2,1812.0,22.49,7.0,1,284.78
p2_E_W.0,1800.0,25.03,10.0,1,277.91
p2_E1_W1.2,1812.0,24.37,2.0,2,305.79
p2_E1_W1.3,1818.0,18.33,0.0,0,294.16
p2_N1_S1.0,1800.0,37.45,14.0,2,351.12
p2_N1_S1.1,1820.0,16.87,2.0,1,296.13
p2_E1_W1.5,1830.0,8.36,0.0,0,244.35
p2_E1_W1.4,1824.0,13.27,0.0,0,271.73
p2_W2_N2.0,1803.0,31.45,16.0,1,308.48
p2_W1_E1.1,1815.0,29.09,16.0,1,290.34
p2_W_E.1,1815.0,32.53,15.0,2,321.26
p2_W1_E1.2,1829.0,17.74,1.0,1,294.08
p2_E_W.5,1830.0,17.23,5.0,1,270.45
p2_W_E.2,1829.0,18.79,5.0,1,283.62
p1_E3_N1.29,1740.0,55.56,25.0,3,454.6
p2_W3_N1.0,1803.0,40.06,17.0,3,334.43
p2_E_W.6,1836.0,13.12,0.0,0,259.21
p2_S1_N1.0,1800.0,51.19,29.0,2,343.94
p2_W1_N3.0,1803.0,47.49,34.0,2,318.48
p2_S1_N1.1,1820.0,30.7,11.0,2,330.25
p2_W_E.3,1844.0,7.2,0.0,0,239.28
p2_E3_W3.5,1830.0,22.34,8.0,1,270.43
p2_N3_E1.1,1863.0,33.29,21.0,1,208.91
p2_E3_W3.6,1836.0,18.44,5.0,1,276.49
p2_S1_W1.0,1803.0,44.44,23.0,2,328.6
p2_E3_W3.4,1824.0,24.65,11.0,1,282.59
p2_N3_S3.2,1840.0,17.74,5.0,1,273.55
p2_N2_E2.0,1803.0,54.6,36.0,2,347.82
p2_S3_N3.1,1820.0,39.91,27.0,1,306.31
p2_E1_W1.6,1836.0,24.34,9.0,1,282.29
p2_S2_W2.0,1803.0,48.68,25.0,4,356.43
p2_S3_N3.2,1840.0,19.05,6.0,1,272.26
p2_N2_S2.1,1820.0,31.43,10.0,2,318.8
p2_W3_E3.2,1829.0,39.43,23.0,2,329.07
p2_W3_E3.3,1844.0,24.21,10.0,1,291.01
p2_S2_N2.1,1820.0,50.42,33.0,2,342.01
p2_W3_E3.4,1858.0,12.21,0.0,0,268.27
p2_S2_N2.2,1840.0,30.68,10.0,2,301.83
p2_E1_W1.7,1842.0,26.67,13.0,1,284.45
p2_E3_W3.8,1848.0,24.7,10.0,1,287.24
p2_E1_W1.9,1854.0,16.38,3.0,1,267.3
p2_E3_W3.9,1854.0,20.84,6.0,1,279.92
p2_E1_W1.11,1866.0,7.93,0.0,0,252.67
p2_E1_W1.10,1860.0,16.86,0.0,0,279.57
p2_E1_W1.12,1872.0,7.43,0.0,0,233.19
p2_E_W.10,1860.0,20.13,1.0,1,301.93
p2_E3_W3.10,1860.0,17.74,2.0,1,267.08
p2_E_W.9,1854.0,28.19,5.0,1,323.91
p2_E_W.4,1824.0,47.62,29.0,2,337.76
p2_E_W.8,1848.0,31.41,9.0,2,322.78
p2_E1_W1.13,1878.0,7.5,0.0,0,238.17
p2_E3_S3.2,1923.0,5.95,0.0,0,161.29
p2_W1_N3.1,1861.0,25.67,7.0,2,305.59
p2_E3_W3.11,1866.0,8.66,0.0,0,243.74
p2_N2_S2.3,1860.0,27.88,5.0,2,320.64
p2_E2_S2.1,1863.0,24.86,6.0,1,310.27
p2_N1_S1.2,1840.0,49.21,26.0,3,362.22
p2_E_W.7,1842.0,30.21,10.0,2,313.57
p2_E3_W3.7,1842.0,25.97,13.0,1,293.13
p2_W1_E1.5,1872.0,9.0,0.0,0,246.58
p2_N2_S2.2,1840.0,45.08,22.0,2,325.92
p2_W1_E1.4,1858.0,29.65,8.0,1,311.5
p2_N1_S1.4,1880.0,12.54,0.0,0,270.65
p2_E1_W1.8,1848.0,16.69,2.0,1,270.98
p2_W_E.4,1858.0,35.45,18.0,2,321.86
p2_N2_E2.1,1863.0,29.61,2.0,2,328.54
p2_W1_E1.3,1844.0,31.86,17.0,1,283.19
p2_W_E.6,1887.0,8.51,0.0,0,245.73
p2_E_W.12,1872.0,23.89,8.0,1,296.48
p2_W3_N1.1,1861.0,29.92,12.0,2,313.23
p2_W_E.5,1872.0,25.38,12.0,1,292.35
p2_S1_N1.2,1840.0,57.65,37.0,2,349.65
p2_S1_W1.1,1863.0,34.32,12.0,3,336.37
p2_E_W.13,1878.0,17.54,1.0,1,282.93
p2_N3_S3.1,1820.0,67.97,48.0,2,360.9
p2_S1_N1.3,1860.0,36.45,13.0,2,319.28
p2_E_W.11,1866.0,26.05,11.0,1,293.57
p2_N3_E1.2,1923.0,19.76,7.0,1,193.38
p2_N3_S3.4,1880.0,20.8,6.0,1,280.28
p2_E3_W3.14,1884.0,18.23,1.0,1,291.14
p2_S3_N3.3,1860.0,40.35,26.0,1,307.56
p2_S1_N1.4,1880.0,14.23,0.0,0,267.7
p2_E_W.16,1896.0,8.14,0.0,0,252.65
p2_E3_W3.12,1872.0,32.77,12.0,1,319.69
p2_E3_W3.13,1878.0,19.37,5.0,1,286.83
p2_N3_S3.3,1860.0,37.47,23.0,1,305.33
p2_E_W.14,1884.0,8.92,0.0,0,248.61
p2_N1_E3.0,1803.0,63.06,24.0,4,501.78
p2_E1_S1.0,1803.0,58.3,33.0,3,467.31
p2_W3_E3.6,1887.0,23.85,8.0,1,302.63
p2_W1_E1.7,1901.0,9.8,0.0,0,271.66
p2_E1_W1.14,1884.0,26.55,13.0,1,287.73
p2_W3_E3.5,1872.0,38.04,18.0,2,332.86
p2_W1_E1.6,1887.0,23.6,6.0,1,312.07
p2_S2_N2.3,1860.0,56.91,38.0,2,359.65
p2_E1_W1.16,1896.0,20.8,7.0,1,281.39
p2_N2_S2.5,1900.0,19.18,3.0,1,287.99
p2_S2_N2.4,1880.0,40.2,21.0,2,323.96
p2_E1_W1.17,1902.0,18.66,2.0,1,285.16
p2_E1_W1.15,1890.0,25.67,12.0,1,286.04
p2_E3_W3.15,1890.0,34.36,15.0,2,323.86
p2_W1_E1.8,1916.0,8.22,0.0,0,235.46
p2_W3_E3.8,1916.0,7.89,0.0,0,237.21
p2_S3_W3.1,1863.0,59.84,41.0,3,358.1
p2_S2_N2.5,1900.0,15.54,2.0,1,270.63
p2_E3_W3.17,1902.0,23.7,5.0,1,307.82
p2_W3_E3.7,1901.0,19.84,7.0,1,278.23
p2_E1_W1.18,1908.0,8.75,0.0,0,246.79
p2_E1_W1.20,1920.0,7.95,0.0,0,246.27
p2_N2_S2.6,1920.0,8.07,0.0,0,251.63
p2_S2_W2.1,1863.0,66.8,41.0,2,391.14
p2_E3_W3.18,1908.0,18.01,2.0,1,279.22
p2_E3_W3.20,1920.0,10.42,0.0,0,256.94
p2_E_W.17,1902.0,30.14,17.0,1,291.25
p2_W2_N2.1,1861.0,70.84,45.0,4,398.85
p2_E3_W3.21,1926.0,7.56,0.0,0,242.58
p2_N3_S3.5,1900.0,29.82,17.0,1,294.23
p2_W1_N3.2,1920.0,14.51,2.0,1,271.35
p2_E_W.15,1890.0,28.51,14.0,1,286.7
p2_E3_W3.16,1896.0,22.87,3.0,1,297.63
p2_E3_W3.19,1914.0,22.18,0.0,0,298.21
p2_W_E.7,1901.0,37.07,18.0,2,325.76
p2_E_W.19,1914.0,24.47,10.0,1,287.44
p2_W3_N1.2,1920.0,17.14,0.0,0,315.65
p2_S1_N1.5,1900.0,39.56,22.0,1,338.27
p2_N1_S1.6,1920.0,18.78,5.0,1,273.03
p2_S1_N1.6,1920.0,18.75,2.0,1,291.07
p2_N2_S2.4,1880.0,30.18,14.0,1,300.23
p2_E1_W1.19,1914.0,8.48,0.0,0,240.78
p2_W_E.8,1916.0,19.25,5.0,1,276.53
p2_E_W.18,1908.0,29.72,15.0,1,290.57
p2_E_W.20,1920.0,20.7,6.0,1,299.5
p2_S1_W1.2,1923.0,15.06,0.0,0,278.01
p2_N1_S1.7,1940.0,8.4,0.0,0,244.35
p2_N1_E3.1,1863.0,33.02,14.0,1,429.78
p2_S3_N3.4,1880.0,40.7,23.0,2,326.93
p2_N3_S3.6,1920.0,28.4,10.0,1,324.23
p2_S3_N3.6,1920.0,19.98,7.0,1,290.11
p2_S3_N3.5,1900.0,37.53,25.0,1,303.53
p2_E_W.22,1932.0,9.01,0.0,0,248.66
p2_W_E.10,1944.0,7.71,0.0,0,240.0
p2_N3_E1.3,1983.0,11.36,0.0,0,170.68
p2_E_W.21,1926.0,13.6,0.0,0,278.92
p2_E_W.23,1938.0,16.43,0.0,0,266.78
p2_E_W.24,1944.0,9.75,0.0,0,253.62
p2_N1_S1.3,1860.0,60.64,41.0,2,361.87
p2_N1_S1.5,1900.0,34.96,20.0,1,300.97
p2_W1_E1.9,1930.0,27.11,13.0,1,291.56
p2_W2_N2.2,1920.0,37.31,18.0,2,302.26
p2_W_E.9,1930.0,9.75,0.0,0,255.65
p2_E1_W1.23,1938.0,20.35,7.0,1,278.83
p2_E1_W1.21,1926.0,19.19,6.0,1,269.8
p2_W3_E3.10,1944.0,16.12,3.0,1,276.15
p2_E1_W1.25,1950.0,10.38,0.0,0,261.2
p2_E2_S2.2,1923.0,36.88,16.0,2,337.51
p2_E1_W1.22,1932.0,26.5,10.0,1,288.28
p2_E3_W3.23,1938.0,22.78,5.0,1,299.03
p2_W1_E1.10,1944.0,8.16,0.0,0,249.07
p2_S2_N2.6,1920.0,40.33,23.0,1,319.37
p2_E1_W1.24,1944.0,18.15,2.0,1,289.41
p2_N2_S2.7,1940.0,22.97,9.0,1,291.28
p2_E3_W3.22,1932.0,31.66,11.0,2,319.77
p2_E1_W1.26,1956.0,8.04,0.0,0,247.94
p2_E3_S3.3,1983.0,23.44,9.0,2,196.65
p2_S2_N2.7,1940.0,24.89,13.0,1,288.69
p2_E3_W3.26,1956.0,9.76,0.0,0,256.09
p2_S3_W3.2,1923.0,27.9,9.0,2,312.0
p2_W1_E1.11,1959.0,8.44,0.0,0,238.7
p2_N2_S2.8,1960.0,8.07,0.0,0,246.58
p2_E1_S1.1,1863.0,49.87,18.0,3,464.77
p2_E3_W3.24,1944.0,27.86,0.0,0,319.61
p2_N3_S3.7,1940.0,33.74,18.0,1,301.76
p2_E3_W3.27,1962.0,11.85,0.0,0,264.76
p2_W3_E3.9,1930.0,18.13,3.0,1,266.64
p2_E3_W3.25,1950.0,9.86,0.0,0,239.07
p2_S2_N2.8,1960.0,8.68,0.0,0,244.83
p2_N2_E2.2,1923.0,55.49,31.0,3,375.32
p2_W_E.12,1973.0,8.86,0.0,0,255.65
p2_E_W.26,1956.0,27.27,10.0,1,307.92
p2_S2_W2.2,1923.0,55.77,36.0,3,353.79
p2_E_W.25,1950.0,35.09,22.0,1,314.24
p2_E1_W1.27,1962.0,17.44,4.0,1,274.99
p2_E_W.28,1968.0,17.27,1.0,1,290.19
p2_W_E.11,1959.0,20.78,1.0,1,295.44
p2_E_W.27,1962.0,18.21,3.0,1,280.57
p2_W3_E3.11,1959.0,18.79,6.0,1,277.28
p2_S3_N3.8,1960.0,29.84,10.0,2,311.62
p2_E_W.29,1974.0,15.92,0.0,0,279.18
p2_S3_N3.9,1980.0,11.48,0.0,0,260.09
p2_S3_N3.7,1940.0,46.5,29.0,2,341.04
p2_N1_S1.8,1960.0,28.12,10.0,1,301.98
p2_S1_N1.7,1940.0,55.96,33.0,2,370.02
p2_S1_N1.8,1960.0,28.28,10.0,1,321.28
p2_E_W.30,1980.0,7.8,0.0,0,245.92
p2_S1_N1.9,1980.0,17.14,0.0,0,282.28
p2_S1_W1.3,1983.0,13.61,0.0,0,281.1
p2_N3_S3.9,1980.0,20.06,5.0,1,275.6
p2_W_E.13,1988.0,8.06,0.0,0,249.67
p2_E_W.32,1992.0,8.13,0.0,0,246.66
p2_N3_S3.8,1960.0,32.04,15.0,2,315.79
p2_W1_E1.12,1973.0,29.79,12.0,1,319.29
p2_E_W.31,1986.0,8.4,0.0,0,239.47
p2_E3_W3.28,1968.0,37.02,19.0,1,309.0
p2_W1_E1.13,1988.0,16.83,0.0,0,288.0
p2_E1_S1.2,1923.0,32.89,5.0,3,442.98
p2_S2_N2.9,1980.0,25.85,12.0,1,282.43
p2_E2_S2.3,1982.0,16.38,2.0,1,268.51
p2_W2_N2.3,1980.0,22.29,10.0,1,285.4
p2_S3_W3.3,1983.0,10.42,0.0,0,261.38
p2_E1_W1.30,1980.0,28.38,11.0,1,304.19
p2_E3_W3.29,1974.0,35.15,14.0,1,332.88
p2_E3_W3.30,1980.0,23.3,7.0,1,295.05
p2_E1_W1.28,1968.0,41.8,24.0,2,339.59
p2_W3_E3.14,2002.0,8.57,0.0,0,244.21
p2_W3_E3.12,1973.0,39.31,22.0,2,324.12
p2_E3_W3.32,1992.0,18.83,0.0,0,274.83
p2_E1_W1.34,2004.0,9.8,0.0,0,250.45
p2_E3_W3.34,2004.0,8.98,0.0,0,247.25
p2_E1_W1.29,1974.0,29.19,12.0,1,290.16
p2_W3_E3.13,1988.0,18.84,2.0,1,279.75
p2_E3_S3.4,2043.0,15.53,3.0,1,190.69
p2_W1_N3.3,1980.0,37.86,17.0,3,347.54
p2_E1_W1.31,1986.0,18.74,1.0,1,274.05
p2_E1_W1.32,1992.0,22.0,1.0,1,296.88
p2_E3_W3.33,1998.0,9.34,0.0,0,245.81
p2_E3_W3.31,1986.0,13.82,0.0,0,270.74
p2_N3_E1.4,2043.0,22.44,11.0,1,194.79
p2_N1_E3.2,1923.0,56.19,29.0,4,454.58
p2_N2_E2.3,1983.0,42.88,17.0,3,339.54
p2_E_W.34,2004.0,22.16,8.0,1,292.66
p2_W_E.15,2016.0,9.73,0.0,0,257.31
p2_N2_S2.10,2000.0,27.85,9.0,1,300.19
p2_S2_W2.3,1983.0,45.48,22.0,3,354.74
p2_E_W.33,1998.0,24.66,11.0,1,290.34
p2_E_W.36,2016.0,15.03,0.0,0,276.88
p2_N2_S2.9,1980.0,36.76,17.0,2,318.17
p2_E_W.35,2010.0,13.55,0.0,0,272.75
p2_W1_E1.15,2016.0,17.67,0.0,0,297.66
p2_E1_W1.35,2010.0,24.7,9.0,1,278.7
p2_E1_W1.33,1998.0,37.86,13.0,1,324.5
p2_E3_W3.36,2016.0,18.79,1.0,1,289.67
p2_E3_W3.38,2028.0,10.32,0.0,0,258.14
p2_W1_E1.14,2002.0,31.68,12.0,1,314.16
p2_E3_W3.35,2010.0,28.86,8.0,1,320.67
p2_N3_S3.11,2020.0,19.31,0.0,0,310.22
p2_E_W.37,2022.0,8.33,0.0,0,248.03
p2_E3_W3.37,2022.0,18.2,0.0,0,299.38
p2_S2_N2.10,2000.0,30.98,19.0,1,301.87
p2_N3_S3.10,2000.0,28.15,14.0,1,292.42
p2_W_E.14,2002.0,20.26,6.0,1,272.56
p2_E1_W1.39,2034.0,12.65,0.0,0,261.23
p2_E1_W1.37,2022.0,21.11,8.0,1,285.58
p2_N1_S1.10,2000.0,53.57,30.0,3,364.27
p2_W3_E3.15,2016.0,38.3,19.0,2,329.6
p2_W1_E1.16,2031.0,24.29,9.0,1,282.23
p2_E1_W1.40,2040.0,10.28,0.0,0,241.69
p2_W2_N2.4,2040.0,15.06,2.0,1,269.13
p2_W1_E1.17,2045.0,12.13,0.0,0,274.89
p2_W_E.16,2031.0,24.87,10.0,1,286.48
p2_E_W.40,2040.0,19.55,3.0,1,274.55
p2_E1_W1.41,2046.0,7.77,0.0,0,244.82
p2_E_W.39,2034.0,24.77,11.0,1,281.27
p2_S1_N1.10,2000.0,63.57,42.0,2,367.52
p2_N2_S2.11,2020.0,43.26,19.0,3,349.08
p2_W1_N3.4,2040.0,23.11,3.0,2,304.01
p2_E2_S2.4,2043.0,19.79,6.0,1,305.58
p2_S1_N1.11,2020.0,43.63,27.0,1,346.2
p2_N1_S1.12,2040.0,24.37,11.0,1,295.53
p2_W3_E3.17,2045.0,18.72,4.0,1,288.23
p2_W3_N1.3,1980.0,85.01,55.0,4,412.77
p2_N1_S1.9,1980.0,47.79,23.0,3,352.77
p2_S3_N3.10,2000.0,57.89,36.0,3,361.54
p2_E1_W1.36,2016.0,22.63,8.0,1,286.51
p2_W3_E3.16,2031.0,30.32,13.0,1,310.55
p2_S3_N3.11,2020.0,47.51,27.0,2,336.59
p2_W3_N1.4,2040.0,26.66,13.0,1,287.93
p2_E_W.38,2028.0,13.72,0.0,0,273.14
p2_S3_N3.12,2040.0,23.63,9.0,1,284.17
p2_N1_S1.13,2060.0,10.35,0.0,0,267.76
p2_E1_S1.3,1983.0,45.71,12.0,2,444.6
p2_E_W.41,2046.0,25.66,12.0,1,286.81
p2_E_W.43,2058.0,14.36,1.0,1,267.98
p2_W_E.17,2045.0,28.4,16.0,1,287.42
p2_E_W.42,2052.0,21.3,7.0,1,290.51
p2_E_W.44,2064.0,10.29,0.0,0,256.78
p2_E3_S3.5,2103.0,7.57,0.0,0,168.3
p2_N1_S1.11,2020.0,34.1,16.0,2,307.0
p2_W_E.18,2060.0,13.22,1.0,1,272.73
p2_E3_W3.40,2040.0,35.0,11.0,2,336.11
p2_S1_W1.4,2042.0,25.47,10.0,1,295.73
p2_S3_W3.4,2043.0,33.2,13.0,2,333.58
p2_N3_S3.13,2060.0,17.02,2.0,1,275.9
p2_E3_W3.39,2034.0,44.32,21.0,3,356.39
p2_E_W.45,2070.0,7.65,0.0,0,246.12
p2_E3_W3.42,2052.0,26.94,6.0,1,315.82
p2_S1_N1.12,2040.0,24.17,12.0,1,285.53
p2_N3_S3.12,2040.0,23.7,10.0,1,283.89
p2_E3_W3.43,2058.0,19.75,5.0,1,282.29
p2_E3_W3.41,2046.0,28.31,6.0,2,317.4
p2_W1_E1.19,2074.0,9.48,0.0,0,259.6
p2_E3_W3.45,2070.0,10.98,0.0,0,255.78
p2_S2_N2.12,2040.0,29.56,15.0,1,295.01
p2_W1_E1.18,2060.0,25.38,8.0,1,307.56
p2_E1_W1.44,2064.0,20.83,4.0,1,291.55
p2_E1_W1.42,2052.0,32.43,20.0,1,297.53
p2_S2_N2.11,2020.0,39.59,16.0,2,339.94
p2_E1_W1.38,2028.0,36.06,17.0,1,314.54
p2_E3_W3.44,2064.0,9.8,0.0,0,251.01
p2_E1_W1.47,2082.0,7.42,0.0,0,230.76
p2_W3_E3.18,2060.0,28.62,9.0,2,308.78
p2_S2_N2.13,2060.0,30.31,13.0,1,313.0
p2_E1_W1.43,2058.0,23.35,7.0,1,287.68
p2_S2_W2.4,2043.0,50.71,28.0,2,356.95
p2_E1_W1.48,2088.0,7.24,0.0,0,252.22
p2_N2_S2.13,2060.0,36.05,13.0,1,312.84
p2_W_E.19,2074.0,24.47,11.0,1,283.63
p2_E3_W3.47,2082.0,16.51,3.0,1,265.09
p2_N2_S2.12,2040.0,41.18,26.0,1,310.77
p2_W3_E3.19,2074.0,25.23,12.0,1,296.51
p2_N2_E2.4,2043.0,43.53,26.0,2,326.77
p2_E3_W3.46,2076.0,22.0,7.0,1,280.61
p2_W1_E1.20,2088.0,8.17,0.0,0,241.42
p2_E3_W3.48,2088.0,13.48,0.0,0,281.2
p2_E1_W1.45,2070.0,9.96,0.0,0,249.94
p2_E3_W3.49,2094.0,8.59,0.0,0,249.17
p2_E1_W1.46,2076.0,9.19,0.0,0,238.89
p2_E_W.46,2076.0,29.78,16.0,1,295.49
p2_S1_N1.13,2060.0,34.66,20.0,1,296.85
p2_S3_N3.14,2080.0,27.78,15.0,1,301.55
p2_E_W.48,2088.0,16.69,1.0,1,278.08
p2_E_W.49,2094.0,14.69,0.0,0,281.55
p2_N1_S1.15,2100.0,8.89,0.0,0,250.02
p2_S1_N1.14,2080.0,30.06,13.0,2,313.41
p2_E_W.47,2082.0,20.75,6.0,1,291.33
p2_E1_S1.4,2043.0,24.25,5.0,2,390.18
p2_S3_N3.13,2060.0,47.19,27.0,2,334.56
p2_E_W.50,2100.0,8.85,0.0,0,258.97
p2_N3_S3.15,2100.0,10.9,0.0,0,263.1
p2_S1_N1.15,2100.0,11.21,0.0,0,259.01
p2_N1_S1.14,2080.0,34.33,15.0,1,336.44
p2_W_E.20,2088.0,12.99,0.0,0,265.61
p2_E_W.51,2106.0,9.24,0.0,0,255.65
p2_N1_E3.3,1983.0,81.06,48.0,3,509.67
p2_S1_W1.5,2103.0,15.52,2.0,1,290.52
p2_N3_S3.14,2080.0,27.51,10.0,1,287.77
p2_E_W.52,2112.0,7.99,0.0,0,233.05
p2_N3_E1.5,2103.0,46.98,34.0,2,236.15
p2_W_E.22,2117.0,7.48,0.0,0,234.61
p2_W_E.21,2103.0,9.22,0.0,0,254.35
p2_W1_E1.21,2103.0,24.84,10.0,1,289.69
p2_E1_W1.49,2094.0,29.24,13.0,2,309.98
p2_N1_E3.4,2043.0,43.66,23.0,2,434.25
p2_E1_W1.50,2100.0,27.96,7.0,1,311.52
p2_W3_E3.20,2088.0,39.41,18.0,1,317.07
p2_E1_W1.53,2118.0,14.47,0.0,0,271.12
p2_S2_N2.15,2100.0,27.31,13.0,1,295.01
p2_W1_N3.5,2100.0,32.25,14.0,1,322.06
p2_W3_E3.21,2103.0,29.67,10.0,2,312.99
p2_S2_W2.5,2103.0,30.88,9.0,2,325.44
p2_W3_E3.22,2117.0,16.86,0.0,0,288.33
p2_S2_N2.14,2080.0,47.04,28.0,2,349.33
p2_E1_W1.51,2106.0,29.23,7.0,2,308.9
p2_W1_E1.22,2117.0,9.84,0.0,0,245.49
p2_E1_W1.54,2124.0,9.12,0.0,0,250.98
p2_W2_N2.5,2100.0,18.41,4.0,1,278.45
p2_E3_S3.6,2163.0,16.53,6.0,1,186.8
p2_E2_S2.5,2103.0,24.7,7.0,1,298.69
p2_N2_S2.16,2120.0,17.87,0.0,0,292.93
p2_N2_S2.15,2100.0,39.73,14.0,2,346.34
p2_W1_E1.23,2132.0,8.66,0.0,0,247.52
p2_N2_S2.14,2080.0,39.59,26.0,1,309.36
p2_S3_W3.5,2103.0,18.11,1.0,1,280.59
p2_E3_W3.51,2106.0,32.8,13.0,1,309.3
p2_E1_W1.56,2136.0,8.44,0.0,0,257.92
p2_E3_W3.50,2100.0,18.23,2.0,1,278.45
p2_N2_E2.5,2103.0,41.49,15.0,3,350.49
p2_W3_E3.23,2132.0,8.52,0.0,0,238.87
p2_E3_W3.54,2124.0,21.73,0.0,0,301.2
p2_E3_W3.52,2112.0,34.74,10.0,1,315.6
p2_E1_W1.52,2112.0,10.64,0.0,0,253.61
p2_N3_E1.6,2163.0,30.15,21.0,1,204.18
p2_W3_N1.5,2100.0,50.76,32.0,3,346.26
p2_E_W.53,2118.0,34.04,16.0,2,312.03
p2_E_W.55,2130.0,20.57,1.0,1,287.11
p2_E3_W3.56,2136.0,9.17,0.0,0,245.85
p2_W_E.23,2132.0,17.77,5.0,1,268.08
p2_S3_N3.16,2120.0,33.8,21.0,1,297.49
p2_E_W.54,2124.0,29.82,7.0,2,323.52
p2_E_W.56,2136.0,18.01,0.0,0,281.19
p2_E_W.58,2148.0,7.79,0.0,0,259.06
p2_S3_N3.17,2140.0,18.12,4.0,1,272.59
p2_S3_N3.15,2100.0,51.32,32.0,2,338.16
p2_E3_W3.53,2118.0,12.82,0.0,0,274.16
p2_N1_S1.17,2140.0,20.62,4.0,1,297.56
p2_E_W.57,2142.0,8.75,0.0,0,247.22
p2_S1_N1.17,2140.0,10.2,0.0,0,256.45
p2_N3_S3.16,2120.0,32.7,19.0,1,290.3
p2_N1_S1.16,2120.0,32.76,13.0,1,321.03
p2_S1_N1.16,2120.0,32.05,18.0,1,289.37
p2_E1_W1.57,2142.0,25.31,12.0,1,286.67
p2_W_E.24,2146.0,9.03,0.0,0,248.48
p2_W_E.25,2160.0,7.69,0.0,0,242.69
p2_E_W.60,2160.0,8.5,0.0,0,250.65
p2_E1_W1.59,2154.0,15.2,1.0,1,280.26
p2_N1_E3.5,2103.0,24.82,7.0,1,391.11
p2_E3_W3.59,2154.0,17.27,4.0,1,274.36
p2_E_W.59,2154.0,8.52,0.0,0,244.52
p2_W1_E1.25,2160.0,12.47,0.0,0,259.31
p2_W1_E1.24,2146.0,26.82,14.0,1,286.31
p2_W3_E3.24,2146.0,27.31,13.0,1,287.65
p2_W3_E3.25,2160.0,12.64,0.0,0,267.08
p2_E3_W3.60,2160.0,13.28,0.0,0,276.09
p2_E1_W1.61,2166.0,8.0,0.0,0,246.79
p2_E3_W3.61,2166.0,9.16,0.0,0,253.29
p2_E1_W1.60,2160.0,15.75,0.0,0,268.46
p2_E2_S2.6,2163.0,13.06,0.0,0,275.93
p2_N2_S2.17,2140.0,36.75,23.0,1,310.67
p2_S2_N2.16,2120.0,54.68,35.0,2,344.55
p2_E1_W1.58,2148.0,27.65,7.0,1,289.48
p2_E3_W3.58,2148.0,30.42,10.0,1,310.08
p2_E1_W1.55,2130.0,26.33,11.0,1,285.4
p2_S2_N2.18,2160.0,20.49,6.0,1,281.81
p2_W1_N3.6,2163.0,16.33,0.0,0,297.06
p2_S2_N2.17,2140.0,40.15,28.0,1,313.5
p2_E3_W3.57,2142.0,32.06,13.0,1,317.42
p2_E3_W3.55,2130.0,23.53,9.0,1,285.83
p2_N3_S3.17,2140.0,30.06,12.0,1,306.52
p2_E1_W1.62,2172.0,8.43,0.0,0,235.18
p2_E3_W3.62,2172.0,8.83,0.0,0,247.21
p2_W1_E1.26,2175.0,8.22,0.0,0,245.53
p2_S2_N2.19,2180.0,7.76,0.0,0,235.55
p2_E3_W3.64,2184.0,7.43,0.0,0,244.09
p2_W3_E3.26,2175.0,17.59,4.0,1,270.94
p2_E3_S3.7,2223.0,15.17,2.0,1,185.05
p2_E_W.62,2172.0,22.64,4.0,1,312.07
p2_N3_E1.7,2223.0,16.22,5.0,1,183.24
p2_W_E.26,2175.0,22.03,8.0,1,279.35
p2_E3_W3.63,2178.0,8.65,0.0,0,243.83
p2_E_W.64,2184.0,12.83,0.0,0,282.68
p2_W_E.27,2189.0,10.99,0.0,0,267.7
p2_E_W.63,2178.0,14.47,0.0,0,275.7
p2_E1_S1.5,2103.0,55.05,25.0,3,459.48
p2_N1_S1.18,2160.0,42.52,24.0,2,341.76
p2_S3_N3.19,2180.0,21.43,8.0,1,286.66
p2_W3_N1.6,2163.0,39.31,22.0,1,325.48
p2_E_W.61,2166.0,21.91,5.0,1,281.1
p2_N1_S1.19,2180.0,24.08,4.0,2,298.29
p2_E_W.66,2196.0,7.94,0.0,0,234.77
p2_N3_S3.19,2180.0,22.45,4.0,1,293.02
p2_S1_N1.18,2160.0,44.53,32.0,1,311.33
p2_E_W.67,2202.0,7.91,0.0,0,237.23
p2_S3_N3.18,2160.0,35.1,21.0,1,306.15
p2_S3_W3.6,2163.0,49.09,29.0,2,346.75
p2_E3_W3.66,2196.0,16.19,3.0,1,278.48
p2_W_E.28,2204.0,8.04,0.0,0,241.96
p2_N2_S2.18,2160.0,37.56,18.0,1,313.32
p2_N3_S3.18,2160.0,30.34,16.0,1,302.4
p2_S1_N1.20,2200.0,14.54,0.0,0,272.25
p2_S1_N1.19,2180.0,24.93,10.0,1,281.5
p2_E3_W3.65,2190.0,21.56,7.0,1,279.2
p2_E_W.65,2190.0,9.25,0.0,0,247.2
p2_E3_W3.67,2202.0,11.12,0.0,0,258.47
p2_W1_E1.28,2204.0,14.18,0.0,0,271.98
p2_W2_N2.6,2163.0,54.08,34.0,2,364.17
p2_S1_W1.6,2163.0,41.58,25.0,1,319.83
p2_W1_E1.27,2189.0,31.62,11.0,1,307.53
p2_W3_E3.27,2189.0,21.27,5.0,1,295.1
p2_E3_W3.68,2208.0,8.66,0.0,0,237.88
p2_E1_W1.67,2202.0,16.45,0.0,0,301.44
p2_W1_E1.29,2218.0,7.47,0.0,0,239.12
p2_E1_W1.64,2184.0,42.57,18.0,2,346.37
p2_S2_N2.20,2200.0,20.72,8.0,1,277.04
p2_W3_E3.28,2204.0,12.3,0.0,0,267.42
p2_E1_W1.68,2208.0,14.4,0.0,0,273.42
p2_E1_W1.69,2214.0,13.88,0.0,0,281.92
p2_S2_N2.21,2220.0,8.13,0.0,0,242.27
p2_E1_W1.66,2196.0,29.34,5.0,1,320.22
p2_S2_W2.6,2163.0,60.77,31.0,5,374.82
p2_N2_E2.6,2163.0,68.07,36.0,4,389.93
p2_E1_W1.63,2178.0,36.36,19.0,1,320.18
p2_E1_W1.65,2190.0,41.98,11.0,2,349.06
p2_N2_S2.19,2180.0,53.83,33.0,2,347.79
p2_N2_S2.20,2200.0,32.32,11.0,2,305.03
p2_E1_W1.71,2226.0,9.03,0.0,0,231.57
p2_E1_W1.70,2220.0,8.99,0.0,0,249.97
p2_E_W.68,2208.0,30.04,18.0,1,293.03
p2_E_W.71,2226.0,12.46,0.0,0,262.83
p2_N2_S2.21,2220.0,9.0,0.0,0,228.77
p2_E_W.72,2232.0,8.21,0.0,0,241.28
p2_E_W.69,2214.0,22.37,8.0,1,290.95
p2_W_E.29,2218.0,25.12,12.0,1,284.02
p2_W3_E3.29,2218.0,25.14,11.0,1,281.76
p2_S3_W3.7,2223.0,20.06,5.0,1,279.34
p2_E3_W3.70,2220.0,21.01,4.0,1,297.63
p2_E3_W3.69,2214.0,31.02,10.0,1,317.39
p2_W_E.30,2232.0,12.97,0.0,0,271.24
p2_E3_W3.72,2232.0,13.54,0.0,0,275.29
p2_W3_N1.7,2221.0,24.73,4.0,1,317.62
p2_E_W.70,2220.0,15.06,2.0,1,267.76
p2_S1_N1.22,2240.0,8.69,0.0,0,252.32
p2_N3_S3.20,2200.0,46.36,26.0,1,344.34
p2_E1_S1.6,2163.0,45.66,24.0,2,437.18
p2_S3_N3.21,2220.0,32.11,14.0,2,313.29
p2_S1_W1.7,2223.0,28.8,12.0,2,302.99
p2_W1_N3.7,2221.0,19.54,8.0,1,271.62
p2_E_W.74,2244.0,8.19,0.0,0,241.04
p2_N1_S1.20,2200.0,48.2,29.0,2,341.96
p2_S3_N3.20,2200.0,53.31,27.0,3,361.42
p2_E2_S2.7,2223.0,24.66,6.0,2,313.16
p2_N2_E2.7,2223.0,30.93,12.0,2,320.61
p2_N1_S1.22,2240.0,14.55,1.0,1,277.94
p2_S3_N3.22,2240.0,10.99,0.0,0,264.23
p2_N1_S1.21,2220.0,29.29,10.0,2,311.76
p2_E_W.73,2238.0,8.51,0.0,0,242.03
p2_E_W.75,2250.0,7.29,0.0,0,239.9
p2_N3_S3.22,2240.0,16.38,2.0,1,270.36
p2_N3_E1.8,2283.0,16.75,1.0,1,185.65
p2_N3_S3.21,2220.0,20.84,3.0,1,286.32
p2_E1_W1.72,2232.0,31.47,13.0,1,324.1
p2_E1_W1.73,2238.0,26.23,9.0,1,305.1
p2_E_W.76,2256.0,7.26,0.0,0,241.38
p2_E1_W1.74,2244.0,19.53,4.0,1,291.14
p2_E1_W1.75,2250.0,16.05,0.0,0,282.21
p2_E3_S3.8,2283.0,23.19,11.0,1,197.04
p2_S1_N1.21,2220.0,21.21,7.0,1,281.13
p2_W_E.31,2247.0,20.68,8.0,1,277.64
p2_E1_W1.76,2256.0,11.97,0.0,0,259.98
p2_W3_E3.31,2247.0,22.51,4.0,1,295.72
p2_E3_W3.71,2226.0,30.41,11.0,1,325.18
p2_W1_E1.30,2232.0,38.39,25.0,1,311.42
p2_E3_W3.73,2238.0,27.72,11.0,1,303.2
p2_W1_E1.31,2247.0,23.07,8.0,1,277.53
p2_W3_E3.32,2261.0,10.37,0.0,0,271.1
p2_W1_E1.32,2261.0,11.5,0.0,0,259.09
p2_E3_W3.77,2262.0,10.16,0.0,0,248.1
p2_N2_S2.22,2240.0,33.56,13.0,2,317.05
p2_S2_N2.22,2240.0,32.76,15.0,1,328.05
p2_W2_N2.7,2221.0,37.4,17.0,2,329.46
p2_E3_W3.76,2256.0,17.92,1.0,1,280.05
p2_N2_S2.23,2260.0,9.72,0.0,0,254.35
p2_S2_W2.7,2223.0,51.7,25.0,3,355.98
p2_W3_E3.30,2232.0,33.93,13.0,2,312.08
p2_E3_W3.78,2268.0,8.31,0.0,0,234.8
p2_E3_W3.75,2250.0,14.08,0.0,0,275.17
p2_S2_N2.23,2260.0,18.69,5.0,1,282.99
p2_E3_W3.74,2244.0,31.55,7.0,3,309.79
p2_E3_W3.79,2274.0,7.49,0.0,0,241.09
p2_E1_W1.79,2274.0,8.43,0.0,0,238.32
p2_E1_W1.78,2268.0,8.56,0.0,0,243.07
p2_W1_E1.33,2276.0,7.92,0.0,0,255.68
p2_E_W.77,2262.0,26.36,12.0,1,293.47
p2_E_W.79,2274.0,16.15,2.0,1,286.39
p2_E_W.78,2268.0,24.33,5.0,1,301.24
p2_N1_S1.24,2280.0,12.14,0.0,0,266.35
p2_N1_S1.23,2260.0,33.3,21.0,1,297.94
p2_W_E.32,2261.0,29.78,12.0,2,301.74
p2_E_W.81,2286.0,7.65,0.0,0,238.75
p2_E_W.80,2280.0,12.12,0.0,0,274.19
p2_W3_N1.8,2280.0,14.21,2.0,1,275.57
p2_W3_E3.33,2276.0,8.46,0.0,0,246.1
p2_W_E.33,2276.0,8.57,0.0,0,240.13
p2_S1_N1.24,2280.0,18.05,5.0,1,271.2
p2_W_E.34,2290.0,8.15,0.0,0,249.13
p2_N1_E3.6,2163.0,95.41,59.0,6,547.9
p2_S1_N1.23,2260.0,35.86,23.0,1,303.27
p2_N3_S3.24,2280.0,23.9,6.0,1,306.39
p2_N3_S3.23,2260.0,44.94,27.0,2,332.32
p2_S3_N3.23,2260.0,39.47,21.0,1,323.74
p2_N3_E1.9,2343.0,7.96,0.0,0,172.46
p2_S1_W1.8,2283.0,26.72,8.0,2,317.95
p2_S3_W3.8,2283.0,24.78,7.0,2,290.94
p2_E1_W1.83,2298.0,14.16,0.0,0,291.19
p2_W3_E3.34,2290.0,20.77,8.0,1,278.08
p2_E_W.82,2292.0,21.52,6.0,1,284.08
p2_W2_N2.8,2280.0,24.03,5.0,1,299.24
p2_E1_W1.84,2304.0,8.95,0.0,0,257.45
p2_E2_S2.8,2283.0,32.01,16.0,1,310.43
p2_E_W.83,2298.0,15.1,1.0,1,270.72
p2_E1_W1.81,2286.0,29.08,13.0,1,315.69
p2_E3_W3.80,2280.0,25.88,12.0,1,283.24
p2_E3_W3.81,2286.0,22.08,8.0,1,285.3
p2_E3_S3.9,2343.0,16.49,1.0,1,194.03
p2_E3_W3.84,2304.0,14.43,0.0,0,275.21
p2_E1_W1.85,2310.0,8.2,0.0,0,244.98
p2_E1_W1.77,2262.0,29.32,14.0,1,291.03
p2_E1_W1.80,2280.0,39.95,16.0,1,327.03
p2_E3_W3.85,2310.0,10.22,0.0,0,252.38
p2_W1_E1.34,2290.0,19.98,5.0,1,293.12
p2_E3_W3.83,2298.0,11.0,0.0,0,266.05
p2_S2_N2.24,2280.0,43.27,25.0,1,327.66
p2_W3_E3.35,2304.0,8.83,0.0,0,234.79
p2_N2_S2.24,2280.0,43.7,26.0,2,335.67
p2_W1_E1.35,2304.0,15.93,1.0,1,275.66
p2_E1_W1.86,2316.0,7.99,0.0,0,246.34
p2_S2_N2.25,2300.0,25.11,8.0,1,293.92
p2_N2_S2.25,2300.0,26.16,7.0,2,299.75
p2_W1_E1.36,2319.0,8.15,0.0,0,238.63
p2_W3_E3.36,2319.0,7.79,0.0,0,231.2
p2_E1_S1.7,2223.0,47.37,18.0,3,464.11
p2_S2_N2.26,2320.0,7.73,0.0,0,241.63
p2_E1_W1.82,2292.0,16.29,2.0,1,279.68
p2_W1_N3.8,2280.0,50.32,28.0,3,345.96
p2_N2_E2.8,2283.0,46.87,25.0,3,334.25
p2_S2_W2.8,2283.0,51.98,26.0,2,366.36
p2_W_E.35,2304.0,33.09,16.0,2,309.26
p2_W_E.36,2319.0,18.27,2.0,1,276.69
p2_E3_W3.86,2316.0,21.64,8.0,1,286.34
p2_E_W.84,2304.0,24.91,11.0,1,286.31
p2_E_W.85,2310.0,26.32,12.0,1,294.09
p2_W_E.37,2333.0,7.5,0.0,0,242.83
p2_E3_W3.87,2322.0,14.4,0.0,0,266.03
p2_E3_W3.82,2292.0,33.68,13.0,2,310.4
p2_E_W.87,2322.0,15.76,2.0,1,263.93
p2_N3_S3.25,2300.0,43.94,32.0,1,310.82
p2_S3_N3.25,2300.0,42.37,30.0,1,311.25
p2_E_W.89,2334.0,11.32,0.0,0,262.76
p2_N1_E3.7,2223.0,80.35,46.0,3,525.52
p2_S1_N1.25,2300.0,48.17,27.0,2,358.74
p2_S3_N3.24,2280.0,38.25,22.0,1,310.78
p2_E_W.86,2316.0,19.96,7.0,1,267.76
p2_S1_N1.26,2320.0,29.34,4.0,1,333.24
p2_E_W.88,2328.0,14.74,0.0,0,272.06
p2_N3_S3.27,2340.0,9.0,0.0,0,252.08
p2_N1_S1.25,2300.0,49.55,27.0,2,362.32
p2_N1_S1.26,2320.0,27.7,6.0,2,319.68
p2_S1_N1.27,2340.0,10.05,0.0,0,256.55
p2_S3_N3.26,2320.0,19.22,6.0,1,280.86
p2_N3_S3.26,2320.0,21.89,7.0,1,278.56
p2_N1_S1.27,2340.0,7.9,0.0,0,245.96
p2_W3_E3.37,2333.0,23.56,11.0,1,275.46
p2_W_E.38,2348.0,10.48,0.0,0,261.69
p2_E1_W1.88,2328.0,33.18,19.0,1,290.46
p2_E1_W1.87,2322.0,38.03,25.0,1,314.52
p2_W1_E1.37,2333.0,23.38,9.0,1,280.83
p2_E3_W3.90,2340.0,23.42,5.0,2,307.98
p2_E3_W3.88,2328.0,35.84,16.0,2,324.56
p2_E1_W1.89,2334.0,30.93,14.0,1,306.25
p2_E3_W3.91,2346.0,19.55,1.0,1,292.29
p2_E3_W3.89,2334.0,30.48,9.0,1,322.56
p2_E1_W1.90,2340.0,20.4,8.0,1,281.34
p2_E_W.91,2346.0,20.23,4.0,1,295.34
p2_E1_W1.92,2352.0,14.7,0.0,0,280.8
p2_E3_W3.92,2352.0,15.48,0.0,0,271.11
p2_E2_S2.9,2343.0,20.26,4.0,1,293.71
p2_W1_E1.38,2348.0,16.39,0.0,0,288.98
p2_N2_S2.27,2340.0,29.97,11.0,2,310.27
p2_E1_W1.93,2358.0,11.8,0.0,0,261.44
p2_E3_W3.93,2358.0,8.53,0.0,0,242.39
p2_W1_E1.39,2362.0,7.8,0.0,0,234.08
p2_E3_S3.10,2403.0,7.12,0.0,0,173.33
p2_N2_S2.26,2320.0,49.27,31.0,2,337.0
p2_E_W.90,2340.0,16.81,2.0,1,264.7
p2_N2_S2.28,2360.0,12.34,0.0,0,259.46
p2_E1_W1.94,2364.0,8.2,0.0,0,240.71
p2_W2_N2.9,2340.0,10.54,0.0,0,251.63
p2_S2_N2.28,2360.0,10.91,0.0,0,253.75
p2_E1_S1.8,2283.0,50.0,19.0,4,487.17
p2_S2_N2.27,2340.0,25.75,8.0,2,305.94
p2_W3_E3.38,2348.0,9.27,0.0,0,248.6
p2_E_W.95,2370.0,11.18,0.0,0,262.47
p2_S2_W2.9,2343.0,25.69,4.0,3,298.95
p2_W1_E1.40,2376.0,7.22,0.0,0,237.08
p2_W1_N3.9,2340.0,43.65,24.0,2,348.12
p2_W3_N1.9,2340.0,29.45,9.0,2,312.17
p2_E_W.96,2376.0,8.35,0.0,0,247.6
p2_N2_E2.9,2343.0,41.64,10.0,2,353.1
p2_E_W.93,2358.0,26.69,8.0,1,305.72
p2_S1_N1.28,2360.0,22.58,0.0,0,294.52
p2_W_E.39,2362.0,22.86,6.0,1,305.04
p2_S1_W1.9,2343.0,36.66,14.0,2,340.29
p2_E_W.94,2364.0,21.64,3.0,1,293.51
p2_E_W.92,2352.0,27.81,11.0,1,298.29
p2_W_E.40,2376.0,8.16,0.0,0,239.43
p2_E_W.97,2382.0,8.06,0.0,0,248.81
p2_N3_E1.10,2403.0,30.65,19.0,1,207.64
p2_E1_W1.91,2346.0,47.89,22.0,3,353.51
p2_E3_W3.95,2370.0,24.77,11.0,1,285.11
p2_N3_S3.28,2360.0,33.68,14.0,2,315.14
p2_N1_E3.8,2283.0,69.59,33.0,2,530.89
p2_S3_N3.27,2340.0,48.5,33.0,1,325.61
p2_N3_S3.29,2380.0,14.11,0.0,0,272.66
p2_E1_W1.96,2376.0,27.01,12.0,1,297.33
p2_E3_W3.97,2382.0,20.7,5.0,1,275.95
p2_E1_W1.98,2388.0,16.35,2.0,1,270.29
p2_S3_N3.29,2380.0,14.32,1.0,1,271.26
p2_E1_W1.97,2382.0,24.13,10.0,1,282.22
p2_E3_W3.96,2376.0,26.6,11.0,1,294.18
p2_W3_E3.40,2376.0,24.79,10.0,1,297.3
p2_W3_E3.41,2391.0,18.07,4.0,1,279.24
p2_E1_W1.100,2400.0,8.83,0.0,0,244.54
p2_S3_N3.28,2360.0,25.16,11.0,1,279.74
p2_W1_E1.41,2391.0,16.23,3.0,1,271.85
p2_S2_N2.29,2380.0,30.91,18.0,1,288.68
p2_E3_W3.99,2394.0,8.99,0.0,0,238.93
p2_E3_W3.100,2400.0,12.75,0.0,0,266.81
p2_W3_E3.42,2405.0,7.58,0.0,0,237.79
p2_W3_E3.39,2362.0,30.11,11.0,2,310.07
p2_E1_W1.101,2406.0,9.18,0.0,0,250.29
p2_E3_W3.101,2406.0,8.79,0.0,0,252.74
p2_E3_W3.94,2364.0,27.91,11.0,1,288.76
p2_E3_W3.98,2388.0,28.58,3.0,1,332.33
p2_S3_W3.9,2343.0,58.2,36.0,2,350.1
p2_N2_S2.29,2380.0,30.12,17.0,1,291.12
p2_E_W.98,2388.0,29.15,16.0,1,297.23
p2_E1_W1.99,2394.0,22.93,0.0,0,290.22
p2_E_W.99,2394.0,23.49,11.0,1,278.29
p2_N2_S2.30,2400.0,15.81,0.0,0,286.39
p2_E1_W1.95,2370.0,26.99,14.0,1,299.77
p2_S2_W2.10,2403.0,18.08,6.0,1,288.98
p2_E1_W1.102,2412.0,8.01,0.0,0,240.14
p2_E_W.100,2400.0,23.47,10.0,1,281.49
p2_N1_S1.29,2380.0,47.53,25.0,2,351.19
p2_N1_S1.28,2360.0,66.79,43.0,2,385.02
p2_E3_S3.11,2463.0,7.42,0.0,0,171.76
p2_W1_E1.42,2405.0,8.73,0.0,0,241.08
p2_S2_N2.30,2400.0,9.88,0.0,0,253.2
p2_E1_S1.9,2343.0,34.75,9.0,2,416.88
p2_W_E.41,2391.0,40.46,13.0,2,341.4
p2_N2_E2.10,2403.0,27.79,11.0,1,309.01
p2_W3_N1.10,2400.0,30.89,13.0,2,323.85
p2_S1_N1.29,2380.0,51.05,28.0,3,363.27
p2_N1_S1.30,2400.0,23.61,11.0,1,290.68
p2_S1_N1.30,2400.0,33.25,12.0,2,326.39
p2_W_E.43,2420.0,13.38,0.0,0,273.94
p2_E_W.102,2412.0,20.42,6.0,1,278.26
p2_N3_E1.11,2463.0,16.45,4.0,1,188.98
p2_E_W.101,2406.0,30.75,13.0,1,339.12
p2_N1_E3.9,2343.0,52.54,24.0,3,476.41
p2_W_E.42,2405.0,15.53,0.0,0,276.57
p2_E_W.105,2430.0,9.23,0.0,0,253.23
p2_S1_W1.10,2403.0,29.61,8.0,3,304.23
p2_E_W.103,2418.0,15.9,0.0,0,280.7
p2_N3_S3.30,2400.0,39.02,22.0,1,328.19
p2_S3_N3.30,2400.0,40.91,21.0,1,326.25
p2_E3_W3.102,2412.0,25.51,12.0,1,278.24
p2_S1_N1.31,2420.0,16.32,0.0,0,262.87
p2_S3_N3.31,2420.0,18.85,3.0,1,294.28
p2_E_W.106,2436.0,8.34,0.0,0,245.93
p2_S3_W3.10,2403.0,44.38,26.0,2,343.32
p2_N3_S3.32,2440.0,8.06,0.0,0,235.52
p2_E2_S2.10,2403.0,37.3,16.0,2,338.16
p2_E3_W3.103,2418.0,28.09,15.0,1,290.96
p2_W2_N2.10,2400.0,52.74,30.0,3,359.77
p2_E1_W1.103,2418.0,34.78,22.0,1,297.93
p2_W1_E1.43,2420.0,32.96,15.0,2,314.32
p2_E3_W3.104,2424.0,29.47,17.0,1,297.1
p2_E3_W3.105,2430.0,22.67,9.0,1,279.2
p2_W3_E3.44,2434.0,17.24,0.0,0,282.05
p2_W3_E3.43,2420.0,22.45,3.0,2,295.08
p2_S2_N2.31,2420.0,35.39,19.0,1,318.79
p2_N3_S3.31,2420.0,13.13,0.0,0,268.88
p2_E3_W3.106,2436.0,19.47,6.0,1,278.61
p2_E3_W3.107,2442.0,12.92,0.0,0,266.04
p2_W1_E1.44,2434.0,22.54,6.0,1,287.35
p2_W3_E3.45,2448.0,8.24,0.0,0,246.41
p2_E3_W3.108,2448.0,9.08,0.0,0,251.58
p2_E1_W1.105,2430.0,22.72,8.0,1,279.8
p2_S2_N2.32,2440.0,17.72,0.0,0,288.74
p2_W1_E1.45,2448.0,8.39,0.0,0,236.13
p2_E1_W1.107,2442.0,14.99,0.0,0,278.74
p2_N2_S2.31,2420.0,31.14,18.0,1,290.09
p2_E1_W1.104,2424.0,27.51,16.0,1,293.85
p2_E1_W1.106,2436.0,25.99,6.0,1,302.81
p2_N2_S2.32,2440.0,13.91,0.0,0,282.35
p2_E1_W1.109,2454.0,8.03,0.0,0,237.96
p2_E3_W3.109,2454.0,7.78,0.0,0,235.61
p2_E_W.107,2442.0,21.94,7.0,1,279.66
p2_W1_N3.10,2400.0,32.51,14.0,2,305.09
p2_E1_W1.108,2448.0,8.61,0.0,0,252.35
p2_E1_W1.110,2460.0,7.99,0.0,0,240.17
p2_E1_S1.10,2403.0,26.57,9.0,1,387.97
p2_W_E.45,2448.0,27.56,8.0,2,308.88
p2_E_W.108,2448.0,27.43,13.0,1,293.95
p2_W_E.44,2434.0,39.65,21.0,2,328.91
p2_E_W.110,2460.0,17.24,2.0,1,276.23
p2_N1_S1.33,2460.0,17.45,3.0,1,260.18
p2_W3_N1.11,2460.0,16.89,0.0,0,300.8
p2_S1_N1.33,2460.0,17.81,0.0,0,285.82
p2_W_E.46,2463.0,14.66,0.0,0,269.55
p2_E_W.111,2466.0,13.27,0.0,0,275.75
p2_S1_W1.11,2463.0,16.22,0.0,0,295.14
p2_N1_S1.32,2440.0,37.36,24.0,1,306.49
p2_S1_N1.32,2440.0,34.04,17.0,1,311.02
p2_E_W.112,2472.0,10.0,0.0,0,266.43
p2_N1_S1.31,2420.0,45.92,30.0,1,324.05
p2_E_W.109,2454.0,29.84,11.0,1,300.51
p2_S3_N3.32,2440.0,47.49,28.0,2,338.36
p2_W3_E3.46,2463.0,23.77,10.0,1,301.18
p2_E_W.113,2478.0,8.49,0.0,0,241.16
p2_S3_N3.33,2460.0,26.35,5.0,2,309.6
p2_W_E.47,2477.0,8.04,0.0,0,244.09
p2_S3_W3.11,2463.0,26.18,6.0,2,291.6
p2_E1_W1.111,2466.0,22.05,9.0,1,278.98
p2_W2_N2.11,2460.0,32.34,13.0,2,314.51
p2_E3_W3.111,2466.0,21.85,7.0,1,273.54
p2_E2_S2.11,2463.0,31.97,9.0,2,328.69
p2_E1_W1.112,2472.0,22.67,9.0,1,279.1
p2_N3_E1.12,2523.0,6.96,0.0,0,159.91
p2_E3_S3.12,2523.0,9.15,0.0,0,176.04
p2_W1_E1.46,2463.0,31.46,13.0,1,320.95
p2_E1_W1.113,2478.0,17.83,4.0,1,288.54
p2_E_W.104,2424.0,32.74,17.0,1,305.62
p2_E1_W1.114,2484.0,12.76,0.0,0,269.99
p2_W1_E1.47,2477.0,14.6,0.0,0,273.56
p2_N3_S3.33,2460.0,32.83,9.0,2,328.03
p2_E3_W3.114,2484.0,16.7,2.0,1,273.91
p2_W1_E1.48,2492.0,7.94,0.0,0,243.24
p2_N2_S2.33,2460.0,36.01,23.0,1,305.22
p2_E3_W3.113,2478.0,20.06,6.0,1,280.47
p2_E3_W3.115,2490.0,12.71,0.0,0,277.49
p2_S2_N2.33,2460.0,29.92,17.0,1,295.87
p2_S2_N2.34,2480.0,24.83,3.0,2,293.23
p2_W3_E3.48,2492.0,17.86,3.0,1,284.37
p2_E1_W1.117,2502.0,7.92,0.0,0,243.1
p2_N1_E3.10,2403.0,47.42,18.0,3,449.73
p2_N2_E2.11,2463.0,54.92,33.0,2,343.31
p2_W1_N3.11,2460.0,33.16,15.0,2,314.85
p2_E1_W1.115,2490.0,9.87,0.0,0,253.16
p2_E_W.115,2490.0,29.89,12.0,2,312.97
p2_W_E.48,2492.0,23.67,4.0,2,302.7
p2_W_E.49,2506.0,14.55,2.0,1,263.24
p2_S1_N1.35,2500.0,21.49,0.0,0,315.0
p2_S2_W2.11,2463.0,50.87,27.0,3,351.33
p2_E_W.116,2496.0,25.62,5.0,2,303.19
p2_S1_N1.34,2480.0,39.72,19.0,1,339.41
p2_N2_S2.34,2480.0,34.55,14.0,2,311.79
p2_N1_S1.35,2500.0,22.61,9.0,1,279.58
p2_E_W.114,2484.0,28.99,9.0,2,301.13
p2_E_W.118,2508.0,13.88,1.0,1,277.93
p2_E_W.119,2514.0,12.35,0.0,0,268.09
p2_E_W.117,2502.0,24.7,7.0,1,295.0
p2_W3_E3.47,2477.0,11.6,0.0,0,262.94
p2_N3_S3.35,2500.0,27.74,10.0,1,309.66
p2_W_E.50,2520.0,7.64,0.0,0,245.06
p2_E_W.120,2520.0,8.48,0.0,0,239.52
p2_N1_S1.34,2480.0,40.88,26.0,1,309.21
p2_N3_S3.36,2520.0,8.49,0.0,0,237.8
p2_N3_S3.34,2480.0,39.63,25.0,1,323.83
p2_E1_W1.118,2508.0,27.53,13.0,1,289.74
p2_W1_E1.49,2506.0,27.95,14.0,1,296.16
p2_W1_E1.50,2520.0,17.46,4.0,1,291.92
p2_E_W.121,2526.0,8.5,0.0,0,244.63
p2_E3_W3.117,2502.0,35.38,13.0,1,304.94
p2_E1_W1.120,2520.0,20.22,8.0,1,271.37
p2_N1_E3.11,2463.0,34.47,8.0,2,437.63
p2_E3_W3.112,2472.0,39.85,20.0,2,320.17
p2_W3_E3.50,2520.0,21.13,4.0,1,298.62
p2_E1_W1.119,2514.0,27.99,13.0,1,290.8
p2_E3_W3.119,2514.0,27.64,3.0,1,314.02
p2_E3_W3.110,2460.0,47.84,30.0,2,334.0
p2_W3_E3.49,2506.0,36.83,16.0,2,325.98
p2_E3_W3.120,2520.0,23.37,0.0,0,313.27
p2_S2_N2.36,2520.0,23.24,6.0,1,305.01
p2_E3_W3.116,2496.0,40.41,13.0,1,307.43
p2_S2_N2.35,2500.0,45.5,26.0,1,341.11
p2_E1_W1.116,2496.0,29.52,16.0,1,290.81
p2_E3_W3.121,2526.0,11.89,0.0,0,258.34
p2_E3_W3.118,2508.0,38.9,10.0,1,330.68
p2_W2_N2.12,2523.0,14.95,0.0,0,284.24
p2_N1_S1.36,2520.0,18.64,5.0,1,270.15
p2_W1_N3.12,2523.0,19.21,4.0,1,289.58
p2_E3_S3.13,2583.0,7.18,0.0,0,166.6
p2_N2_S2.35,2500.0,51.29,30.0,2,354.01
p2_E2_S2.12,2523.0,26.65,13.0,1,299.27
p2_E1_W1.121,2526.0,14.31,0.0,0,271.88
p2_N2_S2.36,2520.0,33.23,10.0,2,334.76
p2_E1_W1.122,2532.0,9.8,0.0,0,251.86
p2_N3_E1.13,2583.0,11.7,0.0,0,178.6
p2_E1_W1.123,2538.0,10.4,0.0,0,253.93
p2_N2_S2.37,2540.0,11.61,0.0,0,249.91
p2_S3_N3.34,2480.0,56.14,35.0,2,347.19
p2_E1_W1.124,2544.0,11.08,0.0,0,253.48
p2_W3_E3.51,2535.0,21.13,8.0,1,282.01
p2_N2_E2.12,2523.0,35.08,14.0,2,338.74
p2_E3_W3.123,2538.0,15.45,2.0,1,264.9
p2_E3_W3.124,2544.0,15.02,0.0,0,275.33
p2_S3_W3.12,2523.0,29.15,8.0,2,308.54
p2_E3_W3.122,2532.0,25.18,8.0,1,288.94
p2_S2_W2.12,2523.0,28.97,9.0,2,313.56
p2_W1_E1.52,2549.0,13.65,0.0,0,266.89
p2_W1_E1.51,2535.0,25.17,11.0,1,282.86
p2_W_E.51,2535.0,30.04,17.0,1,301.41
p2_W3_N1.12,2523.0,39.43,21.0,2,325.02
p2_E_W.126,2556.0,11.32,0.0,0,260.91
p2_S1_N1.36,2520.0,44.74,30.0,1,314.08
p2_N3_S3.37,2540.0,28.45,15.0,1,289.99
p2_N3_S3.38,2560.0,8.32,0.0,0,233.68
p2_E_W.124,2544.0,17.18,4.0,1,274.03
p2_E3_W3.126,2556.0,8.5,0.0,0,240.31
p2_E_W.127,2562.0,8.27,0.0,0,240.87
p2_E_W.122,2532.0,33.37,19.0,1,305.52
p2_E_W.123,2538.0,32.66,12.0,1,321.12
p2_S1_N1.37,2540.0,26.38,11.0,1,282.09
p2_E3_W3.125,2550.0,9.59,0.0,0,245.65
p2_S1_N1.38,2560.0,12.86,0.0,0,261.61
p2_E_W.128,2568.0,7.5,0.0,0,245.02
p2_S3_N3.35,2500.0,75.77,50.0,3,403.45
p2_S3_N3.36,2520.0,55.22,31.0,3,366.62
p2_E1_S1.11,2463.0,64.78,35.0,3,485.0
p2_N1_S1.37,2540.0,36.77,17.0,2,313.72
p2_S3_N3.38,2560.0,17.47,0.0,0,300.2
p2_W_E.52,2549.0,10.11,0.0,0,255.06
p2_N1_S1.38,2560.0,15.78,2.0,1,273.59
p2_S1_W1.12,2523.0,38.88,23.0,1,318.57
p2_E_W.125,2550.0,11.34,0.0,0,256.65
p2_W3_E3.52,2549.0,23.79,12.0,1,278.37
p2_E1_W1.126,2556.0,27.03,11.0,1,306.41
p2_W3_E3.53,2564.0,23.55,5.0,2,303.32
p2_E3_W3.128,2568.0,19.42,5.0,1,281.49
p2_E3_W3.127,2562.0,25.96,11.0,1,302.4
p2_W1_E1.53,2564.0,24.22,4.0,1,305.26
p2_E1_W1.129,2574.0,14.03,0.0,0,275.37
p2_E1_W1.125,2550.0,26.1,11.0,1,299.2
p2_W1_E1.54,2578.0,12.12,0.0,0,258.57
p2_E1_W1.130,2580.0,9.99,0.0,0,249.0
p2_N2_S2.39,2580.0,10.49,0.0,0,270.94
p2_E1_W1.128,2568.0,23.8,2.0,1,316.84
p2_E3_W3.129,2574.0,11.41,0.0,0,261.53
p2_E1_W1.127,2562.0,18.51,3.0,1,293.63
p2_E3_W3.131,2586.0,7.79,0.0,0,244.72
p2_N1_E3.12,2523.0,28.74,10.0,2,372.64
p2_E3_W3.130,2580.0,9.13,0.0,0,240.2
p2_S2_N2.38,2560.0,37.2,17.0,2,321.39
p2_S2_N2.39,2580.0,16.85,3.0,1,276.53
p2_N2_S2.38,2560.0,29.47,16.0,1,287.47
p2_S2_W2.13,2583.0,15.97,2.0,1,288.85
p2_E3_W3.132,2592.0,7.88,0.0,0,245.92
p2_W1_N3.13,2581.0,18.3,6.0,1,272.83
p2_W3_E3.54,2578.0,25.45,14.0,1,289.82
p2_E_W.131,2586.0,18.69,5.0,1,284.69
p2_W_E.54,2578.0,28.12,15.0,1,286.49
p2_E_W.130,2580.0,26.31,11.0,1,297.0
p2_E3_S3.14,2643.0,6.91,0.0,0,173.09
p2_S2_N2.37,2540.0,37.01,18.0,2,322.87
p2_E_W.129,2574.0,24.8,12.0,1,287.88
p2_W_E.55,2592.0,16.26,1.0,1,268.65
p2_E1_W1.131,2586.0,20.93,9.0,1,273.33
p2_E1_W1.132,2592.0,18.38,4.0,1,283.32
p2_E1_S1.12,2523.0,40.48,14.0,2,445.67
p2_N3_S3.39,2580.0,33.74,11.0,2,336.93
p2_W1_E1.55,2592.0,8.84,0.0,0,241.56
p2_E_W.132,2592.0,13.09,0.0,0,261.61
p2_N1_S1.39,2580.0,33.08,15.0,1,317.16
p2_S3_N3.39,2580.0,36.42,22.0,1,317.69
p2_E1_W1.133,2598.0,17.84,0.0,0,294.2
p2_E_W.133,2598.0,10.76,0.0,0,264.83
p2_E_W.134,2604.0,7.87,0.0,0,250.69
p2_S3_N3.40,2600.0,18.35,2.0,1,289.11
p2_N1_S1.40,2600.0,19.48,0.0,0,293.19
p2_S1_N1.39,2580.0,40.81,21.0,2,336.44
p2_N3_S3.40,2600.0,20.9,8.0,1,279.37
p2_W_E.56,2607.0,8.12,0.0,0,247.73
p2_W_E.53,2564.0,24.47,9.0,1,293.82
p2_W3_N1.13,2581.0,41.52,20.0,3,327.79
p2_E_W.136,2616.0,7.27,0.0,0,249.57
p2_S3_N3.37,2540.0,58.81,39.0,2,349.59
p2_S1_W1.13,2583.0,43.27,22.0,3,333.4
p2_E3_W3.133,2598.0,26.04,12.0,1,285.07
p2_N3_E1.14,2643.0,18.07,4.0,2,186.28
p2_E_W.135,2610.0,8.24,0.0,0,248.36
p2_W2_N2.13,2581.0,50.89,27.0,3,364.84
p2_W3_E3.55,2592.0,25.83,10.0,1,288.34
p2_E1_W1.134,2604.0,29.88,12.0,1,302.53
p2_W3_E3.57,2621.0,13.72,0.0,0,264.52
p2_E3_W3.135,2610.0,20.94,1.0,1,297.38
p2_E1_W1.136,2616.0,19.65,3.0,1,294.46
p2_E3_W3.137,2622.0,13.7,0.0,0,270.17
p2_E1_W1.138,2628.0,8.09,0.0,0,249.66
p2_W1_E1.57,2621.0,16.1,1.0,1,291.93
p2_E1_W1.137,2622.0,16.04,1.0,1,287.35
p2_E3_W3.136,2616.0,20.44,1.0,1,295.93
p2_S2_N2.41,2620.0,18.72,4.0,1,286.78
p2_E1_W1.135,2610.0,24.33,8.0,1,291.33
p2_E2_S2.13,2583.0,45.6,24.0,2,350.22
p2_E3_W3.134,2604.0,30.69,11.0,2,317.86
p2_N2_S2.41,2620.0,22.17,9.0,1,280.42
p2_E1_W1.139,2634.0,7.79,0.0,0,237.83
p2_N2_S2.40,2600.0,43.58,29.0,1,314.36
p2_E3_W3.139,2634.0,9.2,0.0,0,247.77
p2_S2_N2.40,2600.0,35.76,22.0,1,302.57
p2_W1_E1.58,2636.0,7.9,0.0,0,236.24
p2_W3_E3.58,2636.0,8.06,0.0,0,259.36
p2_N2_E2.13,2582.0,62.54,39.0,3,388.9
p2_S3_W3.13,2583.0,39.69,18.0,3,316.24
p2_W3_E3.56,2607.0,24.47,11.0,1,286.62
p2_W1_E1.56,2607.0,22.5,6.0,1,282.12
p2_E3_W3.138,2628.0,9.06,0.0,0,253.68
p2_E1_W1.140,2640.0,8.55,0.0,0,238.69
p2_S2_N2.42,2640.0,8.1,0.0,0,245.56
p2_E3_W3.140,2640.0,8.21,0.0,0,241.69
p2_W_E.58,2636.0,18.31,2.0,1,274.14
p2_W1_N3.14,2640.0,15.31,3.0,1,273.49
p2_W3_N1.14,2640.0,13.39,0.0,0,276.19
p2_S1_N1.40,2600.0,58.48,40.0,2,358.84
p2_E_W.138,2628.0,24.68,7.0,1,296.79
p2_E_W.140,2640.0,17.71,0.0,0,292.36
p2_S1_N1.42,2640.0,17.7,4.0,1,279.87
p2_W_E.59,2650.0,8.44,0.0,0,241.78
p2_E_W.137,2622.0,35.48,16.0,1,337.68
p2_E_W.139,2634.0,25.75,5.0,1,328.65
p2_S3_N3.42,2640.0,19.78,8.0,1,284.44
p2_N3_S3.41,2620.0,41.71,27.0,1,313.34
p2_E_W.142,2652.0,11.1,0.0,0,263.82
p2_W_E.57,2621.0,27.97,8.0,2,302.91
p2_E1_S1.13,2583.0,32.97,10.0,2,396.68
p2_N3_E1.15,2703.0,10.7,0.0,0,174.71
p2_S3_N3.41,2620.0,36.31,20.0,1,297.03
p2_S1_W1.14,2643.0,24.87,4.0,2,297.36
p2_W3_E3.59,2650.0,22.01,9.0,1,293.0
p2_W_E.60,2664.0,7.86,0.0,0,238.34
p2_E_W.144,2664.0,8.77,0.0,0,254.14
p2_N1_S1.43,2660.0,13.99,1.0,1,276.66
p2_N1_S1.41,2620.0,42.58,31.0,1,312.65
p2_N1_E3.13,2583.0,44.01,18.0,3,432.51
p2_E_W.141,2646.0,9.64,0.0,0,244.49
p2_E1_W1.143,2658.0,19.36,2.0,1,301.39
p2_N1_S1.42,2640.0,26.18,12.0,1,292.3
p2_W2_N2.14,2640.0,37.51,15.0,2,321.14
p2_W1_E1.59,2650.0,28.29,15.0,1,286.82
p2_S1_N1.41,2620.0,31.17,16.0,1,300.89
p2_W1_E1.60,2664.0,15.41,1.0,1,273.19
p2_E3_S3.15,2703.0,19.38,8.0,2,195.97
p2_E1_W1.141,2646.0,30.55,16.0,1,291.38
p2_E3_W3.141,2646.0,35.43,21.0,1,300.29
p2_N2_S2.43,2660.0,22.88,4.0,1,309.56
p2_S3_W3.14,2643.0,38.78,13.0,3,343.47
p2_E3_W3.143,2658.0,16.7,0.0,0,291.68
p2_E1_W1.146,2676.0,8.23,0.0,0,239.85
p2_E3_W3.144,2664.0,19.8,0.0,0,294.37
p2_E3_W3.142,2652.0,34.0,8.0,2,355.68
p2_E_W.143,2658.0,9.64,0.0,0,242.78
p2_N2_S2.42,2640.0,38.02,25.0,1,302.1
p2_E1_W1.142,2652.0,20.61,7.0,1,292.5
p2_S2_N2.43,2660.0,23.34,9.0,1,283.28
p2_E3_W3.145,2670.0,17.25,0.0,0,277.17
p2_W1_E1.61,2679.0,8.22,0.0,0,242.52
p2_S2_N2.44,2680.0,7.82,0.0,0,229.85
p2_E3_W3.146,2676.0,9.54,0.0,0,246.29
p2_N2_E2.14,2643.0,47.54,28.0,2,340.71
p2_E1_W1.145,2670.0,10.57,0.0,0,251.24
p2_E3_W3.147,2682.0,7.88,0.0,0,239.79
p2_N2_S2.44,2680.0,8.67,0.0,0,242.21
p2_E1_W1.144,2664.0,9.88,0.0,0,238.35
p2_W3_E3.60,2664.0,9.23,0.0,0,242.64
p2_E1_W1.147,2682.0,8.02,0.0,0,246.33
p2_E3_W3.148,2688.0,7.41,0.0,0,241.69
p2_E2_S2.14,2643.0,54.12,29.0,3,364.25
p2_S2_W2.14,2643.0,55.41,36.0,3,362.09
p2_E_W.145,2670.0,25.64,12.0,1,290.41
p2_E_W.147,2682.0,17.58,2.0,1,280.44
p2_W_E.62,2693.0,8.01,0.0,0,247.34
p2_W_E.61,2679.0,24.24,10.0,1,284.56
p2_E_W.149,2694.0,8.91,0.0,0,244.03
p2_S3_N3.44,2680.0,25.29,13.0,1,283.92
p2_W3_E3.61,2679.0,8.71,0.0,0,253.92
p2_S1_N1.44,2680.0,26.54,9.0,1,301.5
p2_N3_S3.42,2640.0,66.78,43.0,3,389.64
p2_S1_N1.43,2660.0,47.21,31.0,1,338.95
p2_E_W.146,2676.0,18.68,4.0,1,281.34
p2_E_W.148,2688.0,15.06,0.0,0,278.43
p2_N1_S1.45,2700.0,7.57,0.0,0,244.33
p2_N1_S1.44,2680.0,27.79,10.0,2,316.24
p2_S3_N3.45,2700.0,8.02,0.0,0,241.43
p2_S3_N3.43,2660.0,43.89,31.0,1,316.48
p2_N3_S3.45,2700.0,8.7,0.0,0,241.78
p2_N3_S3.43,2660.0,41.07,27.0,1,301.92
p2_E_W.151,2706.0,7.25,0.0,0,240.5
p2_N3_S3.44,2680.0,34.14,11.0,2,318.35
p2_S1_W1.15,2703.0,10.3,0.0,0,257.37
p2_E_W.150,2700.0,9.01,0.0,0,242.52
p2_W_E.63,2708.0,7.81,0.0,0,244.98
p2_E1_W1.148,2688.0,28.93,15.0,1,291.53
p2_E1_W1.149,2694.0,27.65,14.0,1,296.89
p2_S3_W3.15,2703.0,19.64,2.0,1,294.92
p2_E1_S1.14,2643.0,38.1,8.0,2,462.66
p2_W1_E1.62,2693.0,31.72,18.0,1,291.46
p2_E1_W1.150,2700.0,19.07,6.0,1,276.27
p2_E1_W1.152,2712.0,13.95,0.0,0,266.76
p2_E3_W3.149,2694.0,32.67,12.0,1,328.47
p2_W1_E1.63,2708.0,18.02,5.0,1,276.81
p2_E3_W3.152,2712.0,15.58,0.0,0,295.65
p2_W3_E3.63,2708.0,21.13,6.0,1,284.21
p2_N2_S2.46,2720.0,8.68,0.0,0,260.36
p2_W1_E1.64,2722.0,7.56,0.0,0,236.7
p2_N2_S2.45,2700.0,23.43,8.0,1,301.95
p2_S2_N2.45,2700.0,29.86,17.0,1,282.34
p2_E3_W3.151,2706.0,22.22,4.0,2,280.23
p2_E3_W3.150,2700.0,20.42,4.0,1,283.47
p2_E1_W1.151,2706.0,14.72,0.0,0,274.95
p2_E3_W3.153,2718.0,7.92,0.0,0,236.55
p2_E3_S3.16,2763.0,12.26,3.0,1,177.2
p2_W2_N2.15,2700.0,13.87,0.0,0,268.19
p2_S2_N2.46,2720.0,10.9,0.0,0,257.75
p2_E1_W1.153,2718.0,7.79,0.0,0,249.73
p2_E1_W1.155,2730.0,8.03,0.0,0,248.36
p2_E3_W3.155,2730.0,7.76,0.0,0,243.81
p2_W1_N3.15,2700.0,38.79,20.0,2,328.83
p2_S2_W2.15,2703.0,36.17,17.0,2,328.88
p2_N2_E2.15,2703.0,31.37,13.0,2,309.55
p2_W3_E3.64,2722.0,8.31,0.0,0,248.52
p2_W3_E3.62,2693.0,29.55,14.0,1,286.89
p2_E_W.153,2718.0,25.35,11.0,1,289.51
p2_W1_E1.65,2736.0,8.18,0.0,0,237.29
p2_W_E.65,2736.0,7.76,0.0,0,238.25
p2_E_W.152,2712.0,25.22,12.0,1,293.21
p2_W_E.64,2722.0,23.33,9.0,1,298.77
p2_E1_W1.154,2724.0,8.89,0.0,0,243.72
p2_E_W.155,2730.0,16.32,2.0,1,280.39
p2_E_W.156,2736.0,11.34,0.0,0,250.44
p2_E2_S2.15,2703.0,45.64,22.0,3,344.53
p2_S3_N3.47,2740.0,11.29,0.0,0,270.49
p2_N3_S3.46,2720.0,28.82,14.0,1,299.32
p2_N1_S1.46,2720.0,33.19,18.0,1,300.8
p2_N1_E3.14,2643.0,67.77,33.0,5,509.61
p2_W3_N1.15,2700.0,50.65,29.0,2,358.53
p2_S1_N1.46,2720.0,35.57,22.0,1,302.01
p2_E_W.154,2724.0,16.04,3.0,1,272.61
p2_E_W.158,2748.0,8.06,0.0,0,240.41
p2_N1_S1.47,2740.0,9.21,0.0,0,243.18
p2_E_W.157,2742.0,8.71,0.0,0,246.14
p2_S1_N1.47,2740.0,15.59,2.0,1,275.79
p2_S1_N1.45,2700.0,40.9,26.0,1,315.83
p2_S3_N3.46,2720.0,30.58,16.0,1,289.21
p2_W_E.66,2751.0,8.73,0.0,0,242.63
p2_N3_S3.47,2740.0,8.91,0.0,0,252.62
p2_N3_E1.16,2763.0,41.58,29.0,2,225.29
p2_E1_W1.157,2742.0,22.64,6.0,1,315.34
p2_E3_W3.157,2742.0,22.78,9.0,1,291.87
p2_W1_E1.66,2751.0,15.1,1.0,1,267.69
p2_E1_W1.156,2736.0,24.43,10.0,1,281.33
p2_W3_E3.65,2736.0,27.36,12.0,1,287.81
p2_W3_E3.66,2751.0,17.31,5.0,1,270.31
p2_E1_W1.160,2760.0,8.04,0.0,0,235.64
p2_E3_W3.154,2724.0,25.65,11.0,1,277.62
p2_E3_W3.159,2754.0,18.73,1.0,1,295.17
p2_E3_W3.156,2736.0,25.36,13.0,1,286.91
p2_E1_W1.161,2766.0,7.91,0.0,0,245.86
p2_N2_S2.47,2740.0,34.1,21.0,1,296.86
p2_E3_W3.158,2748.0,27.52,4.0,1,307.89
p2_N2_S2.48,2760.0,15.21,3.0,1,271.75
p2_W3_E3.67,2765.0,8.37,0.0,0,244.26
p2_E3_W3.160,2760.0,8.99,0.0,0,246.4
p2_E3_W3.161,2766.0,11.3,0.0,0,255.22
p2_E1_W1.158,2748.0,11.45,0.0,0,259.26
p2_E3_W3.162,2772.0,7.36,0.0,0,235.8
p2_E1_W1.162,2772.0,8.72,0.0,0,247.91
p2_N2_E2.16,2763.0,21.8,6.0,2,293.9
p2_W_E.67,2765.0,20.44,7.0,1,287.64
p2_E3_W3.163,2778.0,8.45,0.0,0,250.32
p2_S2_W2.16,2763.0,17.49,0.0,0,306.42
p2_W_E.68,2780.0,7.37,0.0,0,238.46
p2_E_W.159,2754.0,24.54,10.0,1,282.96
p2_E_W.161,2766.0,22.7,6.0,1,308.16
p2_N1_E3.15,2703.0,40.61,16.0,2,425.59
p2_S2_N2.48,2760.0,14.37,0.0,0,273.2
p2_S2_N2.47,2740.0,30.03,17.0,1,290.7
p2_W1_E1.67,2765.0,8.42,0.0,0,246.2
p2_S3_N3.48,2760.0,33.41,19.0,1,306.76
p2_E_W.163,2778.0,15.72,1.0,1,276.16
p2_E1_W1.159,2754.0,10.81,0.0,0,255.09
p2_E_W.162,2772.0,23.52,1.0,1,302.07
p2_N3_S3.48,2760.0,33.94,21.0,1,299.62
p2_E1_S1.15,2703.0,43.16,18.0,3,426.36
p2_S3_N3.49,2780.0,14.5,0.0,0,271.97
p2_E_W.165,2790.0,8.15,0.0,0,241.19
p2_N1_S1.48,2760.0,39.33,26.0,1,310.75
p2_W1_N3.16,2760.0,21.88,8.0,1,284.11
p2_E_W.160,2760.0,18.74,3.0,1,268.06
p2_S1_N1.48,2760.0,39.85,19.0,2,331.12
p2_S1_W1.16,2763.0,36.99,15.0,2,347.92
p2_E_W.164,2784.0,15.84,0.0,0,257.11
p2_W3_N1.16,2760.0,29.91,12.0,2,307.59
p2_W_E.69,2794.0,7.9,0.0,0,241.68
p2_N1_S1.49,2780.0,20.43,7.0,1,278.52
p2_E_W.166,2796.0,7.57,0.0,0,239.98
p2_N3_E1.17,2823.0,19.2,3.0,2,188.91
p2_S1_N1.49,2780.0,11.28,0.0,0,269.07
p2_E2_S2.16,2763.0,43.57,21.0,3,359.3
p2_S3_W3.16,2763.0,43.54,25.0,2,327.27
p2_E3_S3.17,2823.0,15.17,5.0,1,179.4
p2_W3_E3.68,2780.0,29.09,14.0,1,293.39
p2_N2_S2.49,2780.0,34.8,19.0,1,326.66
p2_W1_E1.69,2794.0,21.43,5.0,1,304.47
p2_W1_E1.68,2780.0,34.67,21.0,1,289.53
p2_W3_E3.69,2794.0,10.1,0.0,0,255.42
p2_E3_W3.166,2796.0,16.63,1.0,1,269.95
p2_E3_W3.164,2784.0,25.02,11.0,1,286.67
p2_W1_E1.70,2808.0,8.11,0.0,0,238.25
p2_W2_N2.16,2760.0,60.82,36.0,3,374.41
p2_E1_W1.164,2784.0,24.54,8.0,1,302.16
p2_S2_N2.50,2800.0,19.38,2.0,1,287.0
p2_N3_S3.49,2780.0,33.47,13.0,1,308.13
p2_E1_W1.166,2796.0,13.34,0.0,0,274.6
p2_E1_W1.167,2802.0,20.79,0.0,0,287.42
p2_E3_W3.169,2814.0,9.45,0.0,0,250.16
p2_S2_N2.49,2780.0,41.73,22.0,1,327.07
p2_E3_W3.167,2802.0,11.32,0.0,0,252.9
p2_E1_W1.168,2808.0,14.32,0.0,0,268.74
p2_E3_W3.168,2808.0,13.38,0.0,0,252.08
p2_E1_W1.169,2814.0,11.87,0.0,0,266.35
p2_E1_W1.165,2790.0,30.28,5.0,1,293.61
p2_E3_W3.165,2790.0,16.4,2.0,1,274.37
p2_E1_W1.163,2778.0,26.06,10.0,1,288.42
p2_W1_E1.71,2823.0,7.96,0.0,0,244.05
p2_E1_W1.170,2820.0,8.66,0.0,0,236.71
p2_W3_E3.70,2808.0,25.0,12.0,1,286.23
p2_E_W.167,2802.0,34.43,21.0,1,293.09
p2_N2_E2.17,2823.0,9.18,0.0,0,257.51
p2_E_W.168,2808.0,30.33,10.0,2,320.48
p2_N2_S2.51,2820.0,17.46,4.0,1,262.23
p2_W1_N3.17,2820.0,11.83,0.0,0,263.36
p2_S3_N3.50,2800.0,40.23,20.0,2,324.17
p2_W_E.70,2808.0,32.73,12.0,2,316.87
p2_N1_S1.50,2800.0,41.58,27.0,1,313.64
p2_N2_S2.50,2800.0,24.44,12.0,1,288.97
p2_W_E.71,2823.0,20.71,2.0,2,280.0
p2_W3_N1.17,2820.0,25.09,9.0,2,307.53
p2_W_E.72,2837.0,8.5,0.0,0,244.15
p2_E_W.169,2814.0,17.0,1.0,1,290.17
p2_S1_N1.51,2820.0,23.55,5.0,2,308.34
p2_N3_E1.18,2883.0,5.95,0.0,0,161.13
p2_S3_N3.51,2820.0,14.09,1.0,1,268.04
p2_S1_N1.50,2800.0,46.36,27.0,2,338.52
p2_W3_E3.71,2823.0,25.15,11.0,1,281.38
p2_E1_S1.16,2763.0,16.06,0.0,0,362.52
p2_N1_S1.52,2840.0,8.78,0.0,0,242.97
p2_S1_W1.17,2823.0,26.42,2.0,2,326.52
p2_S1_N1.52,2840.0,8.31,0.0,0,241.79
p2_E3_S3.18,2883.0,9.79,0.0,0,173.25
p2_E_W.173,2838.0,14.04,0.0,0,276.31
p2_N3_S3.50,2800.0,55.56,35.0,2,356.71
p2_E_W.172,2832.0,9.96,0.0,0,232.85
p2_E3_W3.172,2832.0,23.52,4.0,2,304.97
p2_N3_S3.52,2840.0,15.8,3.0,1,275.31
p2_E_W.174,2844.0,8.98,0.0,0,250.47
p2_S3_W3.17,2823.0,26.85,6.0,1,321.32
p2_E1_W1.172,2832.0,21.8,7.0,1,300.49
p2_E_W.171,2826.0,31.86,2.0,1,305.9
p2_W1_E1.72,2837.0,21.06,7.0,1,278.62
p2_E3_W3.174,2844.0,13.64,0.0,0,265.39
p2_E3_W3.173,2838.0,21.4,0.0,0,296.57
p2_E1_W1.174,2844.0,11.48,0.0,0,260.44
p2_E3_W3.170,2820.0,30.69,11.0,1,320.97
p2_N3_S3.51,2820.0,29.79,8.0,2,308.87
p2_E1_W1.175,2850.0,10.51,0.0,0,261.2
p2_W1_E1.73,2852.0,7.76,0.0,0,246.27
p2_E_W.170,2820.0,11.29,0.0,0,263.49
p2_W2_N2.17,2820.0,38.41,19.0,2,325.94
p2_E1_W1.173,2838.0,22.41,3.0,1,293.99
p2_S2_N2.51,2820.0,38.18,21.0,2,324.54
p2_E3_W3.171,2826.0,19.97,4.0,1,266.07
p2_E1_W1.176,2856.0,8.89,0.0,0,256.83
p2_N1_E3.16,2763.0,59.7,34.0,2,488.73
p2_S2_N2.52,2840.0,19.32,2.0,1,289.96
p2_W3_E3.72,2837.0,31.71,13.0,2,317.65
p2_E1_W1.177,2862.0,7.74,0.0,0,242.54
p2_N2_S2.52,2840.0,24.96,11.0,1,289.49
p2_W3_E3.73,2852.0,22.29,9.0,1,276.86
p2_W1_E1.74,2866.0,8.23,0.0,0,235.87
p2_N1_S1.51,2820.0,31.92,14.0,2,306.64
p2_N2_S2.53,2860.0,9.38,0.0,0,248.66
p2_E2_S2.17,2823.0,31.11,13.0,2,307.58
p2_W3_E3.74,2866.0,8.54,0.0,0,246.68
p2_E1_W1.178,2868.0,8.13,0.0,0,245.27
p2_E1_W1.171,2826.0,21.04,6.0,1,279.23
p2_E_W.175,2850.0,30.27,16.0,1,298.85
p2_E3_W3.177,2862.0,14.75,3.0,1,266.64
p2_S2_W2.17,2823.0,58.84,36.0,3,383.1
p2_E3_W3.175,2850.0,29.69,12.0,2,313.71
p2_E_W.176,2856.0,25.82,11.0,1,307.71
p2_E3_W3.176,2856.0,25.2,9.0,1,303.41
p2_E_W.178,2868.0,14.6,0.0,0,279.36
p2_W_E.73,2852.0,28.1,15.0,1,298.0
p2_S1_N1.53,2860.0,25.69,10.0,1,299.47
p2_S3_N3.53,2860.0,25.66,13.0,1,282.18
p2_S3_N3.52,2840.0,44.33,26.0,2,329.3
p2_E3_W3.178,2868.0,8.9,0.0,0,250.09
p2_E_W.179,2874.0,9.69,0.0,0,249.14
p2_E_W.177,2862.0,16.38,2.0,1,268.58
p2_W_E.74,2866.0,13.45,0.0,0,253.86
p2_E3_W3.179,2874.0,8.79,0.0,0,247.23
p2_S1_W1.18,2883.0,8.42,0.0,0,256.03
p2_N1_S1.54,2880.0,14.32,0.0,0,279.36
p2_E_W.181,2886.0,7.99,0.0,0,237.15
p2_W_E.75,2880.0,8.95,0.0,0,249.54
p2_S1_N1.54,2880.0,8.63,0.0,0,243.48
p2_E1_W1.179,2874.0,27.77,14.0,1,307.96
p2_N1_E3.17,2823.0,37.76,17.0,2,421.8
p2_N3_S3.53,2860.0,22.2,8.0,1,277.78
p2_E3_W3.181,2886.0,19.35,7.0,1,286.29
p2_W3_E3.76,2895.0,8.09,0.0,0,238.2
p2_S3_W3.18,2883.0,23.66,7.0,2,296.7
p2_E1_W1.181,2886.0,15.09,1.0,1,276.32
p2_W1_E1.76,2895.0,11.65,0.0,0,267.58
p2_W3_E3.75,2880.0,21.0,7.0,1,291.58
p2_S2_N2.54,2880.0,27.74,13.0,1,288.42
p2_N1_S1.53,2860.0,25.83,10.0,1,284.65
p2_W2_N2.18,2883.0,25.64,7.0,2,308.87
p2_S2_N2.53,2860.0,48.83,29.0,2,349.16
p2_E3_S3.19,2943.0,7.63,0.0,0,162.09
p2_W1_E1.75,2880.0,21.29,7.0,1,277.62
p2_E3_W3.180,2880.0,18.94,5.0,1,267.87
p2_W1_N3.18,2883.0,27.5,11.0,2,301.75
p2_E1_W1.183,2898.0,14.98,2.0,1,270.83
p2_E1_W1.180,2880.0,19.97,3.0,1,279.68
p2_N2_S2.54,2880.0,35.25,17.0,2,316.45
p2_E2_S2.18,2883.0,32.07,13.0,1,314.04
p2_E3_W3.182,2892.0,22.7,8.0,1,279.95
p2_S2_N2.55,2900.0,14.88,3.0,1,273.35
p2_W1_E1.77,2909.0,7.86,0.0,0,243.74
p2_E1_W1.185,2910.0,7.49,0.0,0,249.68
p2_E3_W3.185,2910.0,8.48,0.0,0,239.09
p2_E3_W3.183,2898.0,15.8,0.0,0,267.79
p2_N2_S2.55,2900.0,11.37,0.0,0,255.51
p2_W_E.76,2895.0,26.31,13.0,1,283.68
p2_S2_W2.18,2883.0,39.89,16.0,3,322.65
p2_E_W.185,2910.0,15.55,0.0,0,298.26
p2_E3_W3.184,2904.0,10.21,0.0,0,245.68
p2_E_W.186,2916.0,11.25,0.0,0,264.09
p2_E_W.180,2880.0,32.05,19.0,1,302.87
p2_S1_N1.55,2900.0,27.67,9.0,1,302.63
p2_N3_E1.19,2943.0,28.37,16.0,1,205.22
p2_E1_W1.182,2892.0,10.53,0.0,0,255.53
p2_W_E.77,2909.0,19.97,5.0,1,283.3
p2_E_W.182,2892.0,25.1,8.0,1,292.25
p2_E_W.187,2922.0,7.62,0.0,0,235.49
p2_S3_N3.54,2880.0,52.4,34.0,2,349.5
p2_E_W.183,2898.0,22.17,9.0,1,293.92
p2_N1_S1.55,2900.0,32.26,18.0,1,290.8
p2_S3_N3.55,2900.0,32.34,18.0,1,295.45
p2_N3_S3.56,2920.0,13.45,0.0,0,268.43
p2_W3_N1.18,2883.0,38.22,18.0,3,323.58
p2_N1_S1.56,2920.0,11.6,0.0,0,267.48
p2_N2_E2.18,2883.0,22.97,5.0,2,296.89
p2_E1_S1.17,2823.0,46.06,22.0,2,432.0
p2_S3_N3.56,2920.0,16.43,4.0,1,277.16
p2_W_E.78,2924.0,8.26,0.0,0,259.25
p2_E_W.188,2928.0,8.47,0.0,0,244.23
p2_N3_S3.55,2900.0,31.19,19.0,1,298.34
p2_E_W.184,2904.0,15.58,1.0,1,272.07
p2_N3_S3.54,2880.0,42.1,26.0,1,308.47
p2_E3_W3.187,2922.0,22.23,9.0,1,282.41
p2_W3_E3.78,2924.0,21.56,7.0,1,278.72
p2_W_E.79,2938.0,7.16,0.0,0,239.67
p2_E1_W1.188,2928.0,17.78,4.0,1,267.02
p2_E1_W1.186,2916.0,27.65,14.0,1,293.53
p2_E_W.190,2940.0,8.24,0.0,0,236.25
p2_W1_E1.78,2924.0,25.18,12.0,1,292.6
p2_E3_W3.189,2934.0,15.54,3.0,1,261.26
p2_E_W.189,2934.0,8.18,0.0,0,238.73
p2_N1_E3.18,2883.0,24.16,2.0,2,404.01
p2_E1_W1.187,2922.0,24.67,11.0,1,289.34
p2_E3_W3.188,2928.0,22.75,10.0,1,299.31
p2_W3_E3.77,2909.0,21.64,4.0,1,289.13
p2_E3_W3.190,2940.0,12.38,0.0,0,273.06
p2_N2_S2.56,2920.0,34.28,21.0,1,310.6
p2_N2_E2.19,2943.0,10.55,0.0,0,267.91
p2_E3_W3.191,2946.0,7.99,0.0,0,235.78
p2_W1_N3.19,2941.0,13.51,0.0,0,264.4
p2_E1_W1.189,2934.0,10.91,0.0,0,260.95
p2_E1_W1.191,2946.0,11.46,0.0,0,251.68
p2_E1_W1.184,2904.0,27.3,13.0,1,304.16
p2_W3_E3.80,2952.0,7.05,0.0,0,240.41
p2_E1_W1.190,2940.0,13.27,0.0,0,253.47
p2_W1_E1.80,2952.0,8.43,0.0,0,236.26
p2_E3_W3.192,2952.0,8.2,0.0,0,257.83
p2_S2_N2.56,2920.0,40.92,28.0,1,309.13
p2_S2_N2.57,2940.0,21.52,8.0,1,286.73
p2_E3_W3.186,2916.0,26.89,11.0,1,283.55
p2_N2_S2.57,2940.0,10.31,0.0,0,254.68
p2_W1_E1.79,2938.0,10.01,0.0,0,252.49
p2_S2_N2.58,2960.0,7.4,0.0,0,241.33
p2_E3_S3.20,3003.0,8.27,0.0,0,165.73
p2_E3_W3.193,2958.0,7.81,0.0,0,237.63
p2_W3_E3.79,2938.0,8.91,0.0,0,243.03
p2_E3_W3.194,2964.0,7.24,0.0,0,242.07
p2_S1_N1.56,2920.0,52.05,33.0,2,335.09
p2_S2_W2.19,2943.0,17.81,3.0,1,281.64
p2_E_W.192,2952.0,24.38,6.0,2,316.21
p2_W3_N1.19,2941.0,37.1,16.0,1,320.19
p2_W_E.80,2952.0,22.33,3.0,1,310.73
p2_N1_S1.57,2940.0,39.26,20.0,2,328.8
p2_S1_W1.19,2943.0,36.07,20.0,1,329.71
p2_E_W.194,2964.0,14.77,0.0,0,268.38
p2_E1_S1.18,2883.0,52.98,25.0,3,453.69
p2_S1_N1.57,2940.0,40.91,21.0,1,330.66
p2_E_W.191,2946.0,34.85,9.0,1,328.4
p2_N1_S1.58,2960.0,21.8,3.0,2,301.47
p2_S1_N1.58,2960.0,21.63,4.0,1,300.87
p2_E_W.193,2958.0,21.45,0.0,0,301.64
p2_N3_S3.58,2960.0,23.56,6.0,2,300.65
p2_S3_N3.58,2960.0,22.71,5.0,1,310.57
p2_N3_S3.57,2940.0,43.71,25.0,2,331.77
p2_S3_N3.57,2940.0,42.46,23.0,1,325.65
p2_W_E.82,2981.0,8.58,0.0,0,239.44
p2_N3_E1.20,3003.0,24.25,13.0,1,191.33
p2_W_E.81,2967.0,9.19,0.0,0,245.55
p2_E1_W1.196,2976.0,17.47,3.0,1,267.1
p2_E_W.195,2970.0,9.38,0.0,0,240.96
p2_E1_W1.197,2982.0,12.71,0.0,0,266.27
p2_E_W.197,2982.0,8.18,0.0,0,240.61
p2_W1_E1.82,2981.0,14.62,1.0,1,277.2
p2_E_W.198,2988.0,8.46,0.0,0,245.68
p2_S3_W3.19,2943.0,53.91,34.0,3,351.08
p2_W3_E3.81,2967.0,30.56,12.0,2,314.37
p2_E1_W1.198,2988.0,8.89,0.0,0,248.34
p2_W1_E1.81,2967.0,24.26,8.0,1,303.32
p2_E1_W1.195,2970.0,28.9,11.0,1,298.2
p2_E3_W3.195,2970.0,28.98,10.0,2,309.92
p2_E2_S2.19,2943.0,45.87,18.0,2,352.1
p2_E3_W3.198,2988.0,13.04,0.0,0,270.48
p2_N2_S2.59,2980.0,22.74,7.0,1,299.9
p2_W1_E1.83,2996.0,7.47,0.0,0,243.64
p2_N2_S2.58,2960.0,43.73,27.0,1,330.87
p2_S2_N2.59,2980.0,23.67,7.0,1,304.02
p2_W3_E3.82,2981.0,8.98,0.0,0,246.36
p2_E3_W3.197,2982.0,21.75,0.0,0,288.22
p2_E3_W3.199,2994.0,11.35,0.0,0,260.69
p2_E3_W3.196,2976.0,14.41,0.0,0,281.0
p2_N2_S2.60,3000.0,7.57,0.0,0,244.68
p2_W2_N2.19,2941.0,52.75,32.0,2,349.8
p2_E1_W1.194,2964.0,44.37,15.0,2,336.39
p2_E3_W3.200,3000.0,8.14,0.0,0,247.22
p2_E1_W1.193,2958.0,33.31,17.0,1,307.45
p2_E1_W1.192,2952.0,29.71,15.0,1,293.62
p2_W3_E3.83,2996.0,8.43,0.0,0,233.9
p2_E1_W1.199,2994.0,9.22,0.0,0,246.9
p2_S2_W2.20,3003.0,13.59,0.0,0,294.21
p2_E1_W1.200,3000.0,8.66,0.0,0,238.12
p2_E_W.200,3000.0,20.18,5.0,1,295.75
p2_N2_E2.20,3003.0,14.19,1.0,1,286.89
p2_E_W.199,2994.0,28.11,10.0,1,309.8
p2_W_E.83,2996.0,25.97,7.0,2,304.03
p2_W1_N3.20,3000.0,22.13,8.0,1,288.71
p2_E_W.196,2976.0,30.69,18.0,1,294.19
p2_E_W.202,3012.0,9.16,0.0,0,260.74
p2_W3_N1.20,3000.0,27.08,11.0,1,315.36
p2_E1_W1.201,3006.0,9.06,0.0,0,246.88
p2_W_E.84,3010.0,10.36,0.0,0,247.23
p2_S3_N3.61,3020.0,7.63,0.0,0,249.58
p2_S3_N3.60,3000.0,29.25,11.0,1,313.73
p2_E_W.201,3006.0,16.76,0.0,0,290.88
p2_N3_S3.59,2980.0,50.01,34.0,1,324.2
p2_N3_S3.60,3000.0,30.01,15.0,1,297.9
p2_E1_S1.19,2943.0,29.78,11.0,2,400.39
p2_S1_N1.60,3000.0,26.21,8.0,1,305.34
p2_N1_S1.59,2980.0,45.58,24.0,1,325.66
p2_N1_S1.61,3020.0,12.47,0.0,0,276.1
p2_N3_S3.61,3020.0,11.82,0.0,0,274.74
p2_E_W.203,3018.0,8.86,0.0,0,244.33
p2_S1_W1.20,3003.0,31.1,10.0,3,320.27
p2_S1_N1.61,3020.0,17.05,0.0,0,262.98
p2_E3_W3.203,3018.0,20.98,5.0,1,301.15
p2_E3_W3.205,3030.0,8.69,0.0,0,243.21
p2_W3_E3.85,3024.0,15.82,3.0,1,268.4
p2_N3_E1.21,3063.0,18.48,6.0,1,189.13
p2_S3_N3.59,2980.0,41.38,25.0,1,319.76
p2_S3_W3.20,3003.0,35.95,16.0,2,331.37
p2_W3_E3.84,3010.0,31.49,15.0,1,307.38
p2_W1_E1.85,3024.0,17.55,0.0,0,308.19
p2_N1_S1.60,3000.0,16.03,0.0,0,277.37
p2_W1_E1.84,3010.0,27.21,12.0,1,297.91
p2_E1_W1.204,3024.0,19.34,6.0,1,273.16
p2_W_E.85,3024.0,8.95,0.0,0,242.79
p2_E1_W1.202,3012.0,26.13,14.0,1,290.41
p2_E3_S3.21,3063.0,25.66,11.0,2,201.48
p2_E1_W1.203,3018.0,22.89,11.0,1,278.31
p2_E1_W1.205,3030.0,14.52,0.0,0,274.28
p2_W1_E1.86,3039.0,8.26,0.0,0,238.73
p2_E2_S2.20,3003.0,44.6,21.0,2,356.33
p2_W2_N2.20,3000.0,40.42,19.0,4,347.81
p2_S2_N2.62,3040.0,7.75,0.0,0,244.01
p2_N2_S2.62,3040.0,8.95,0.0,0,255.14
p2_S2_N2.61,3020.0,29.96,12.0,2,311.41
p2_E1_W1.206,3036.0,8.44,0.0,0,244.42
p2_W3_E3.86,3039.0,8.28,0.0,0,249.05
p2_E3_W3.201,3006.0,25.95,12.0,1,286.31
p2_E3_W3.204,3024.0,12.5,0.0,0,261.96
p2_E3_W3.207,3042.0,13.66,0.0,0,258.54
p2_E1_W1.207,3042.0,8.17,0.0,0,233.4
p2_E3_W3.208,3048.0,7.95,0.0,0,240.3
p2_N1_E3.19,2943.0,28.49,7.0,1,399.53
p2_N2_S2.61,3020.0,28.95,16.0,1,288.1
p2_E3_W3.206,3036.0,9.53,0.0,0,233.21
p2_W1_E1.87,3053.0,7.14,0.0,0,242.37
p2_E_W.206,3036.0,25.34,13.0,1,280.07
p2_E1_W1.208,3048.0,8.78,0.0,0,248.87
p2_E1_W1.209,3054.0,8.54,0.0,0,243.1
p2_E_W.209,3054.0,8.99,0.0,0,259.3
p2_S2_N2.60,3000.0,37.73,23.0,1,312.5
p2_E_W.205,3030.0,25.75,12.0,1,293.48
p2_W_E.86,3039.0,28.28,14.0,1,290.99
p2_E3_W3.209,3054.0,7.75,0.0,0,250.14
p2_E_W.204,3024.0,25.68,10.0,1,289.08
p2_E_W.210,3060.0,9.29,0.0,0,247.6
p2_W_E.87,3053.0,8.77,0.0,0,245.6
p2_S1_N1.63,3060.0,10.27,0.0,0,258.56
p2_E1_S1.20,3003.0,24.59,4.0,2,398.09
p2_S1_N1.62,3040.0,32.21,15.0,2,317.88
p2_E_W.207,3042.0,21.08,6.0,1,281.57
p2_E3_W3.202,3012.0,17.69,1.0,1,288.19
p2_N3_S3.62,3040.0,32.88,18.0,1,312.46
p2_S1_W1.21,3063.0,10.22,0.0,0,255.42
p2_N1_S1.62,3040.0,35.16,22.0,1,300.73
p2_S3_N3.62,3040.0,33.97,16.0,1,326.19
p2_S3_N3.63,3060.0,15.54,0.0,0,265.89
p2_N3_S3.63,3060.0,15.85,1.0,1,283.36
p2_W_E.88,3068.0,8.0,0.0,0,235.78
p2_S1_N1.59,2980.0,63.97,45.0,2,368.43
p2_E_W.208,3048.0,14.19,0.0,0,270.16
p2_E3_W3.210,3060.0,24.66,9.0,1,294.99
p2_W3_E3.87,3053.0,33.42,21.0,1,312.54
p2_N1_E3.20,3003.0,40.27,7.0,2,478.31
p2_S3_W3.21,3063.0,16.97,1.0,1,277.08
p2_E_W.211,3066.0,9.13,0.0,0,251.69
p2_E3_W3.213,3078.0,10.37,0.0,0,246.08
p2_E3_W3.211,3066.0,24.24,5.0,1,305.09
p2_W1_E1.89,3082.0,8.35,0.0,0,244.09
p2_W3_E3.89,3082.0,8.09,0.0,0,239.17
p2_E1_W1.210,3060.0,31.35,15.0,1,321.93
p2_E1_W1.211,3066.0,25.5,11.0,1,289.37
p2_E_W.212,3072.0,8.74,0.0,0,244.46
p2_E3_W3.212,3072.0,19.1,2.0,1,274.94
p2_W3_E3.88,3068.0,17.81,3.0,1,274.62
p2_W2_N2.21,3060.0,32.49,14.0,2,311.53
p2_E3_W3.214,3084.0,9.1,0.0,0,239.06
p2_W1_E1.88,3068.0,25.68,7.0,1,303.96
p2_E3_S3.22,3123.0,13.73,0.0,0,182.35
p2_N2_S2.63,3060.0,35.07,19.0,1,318.04
p2_S2_N2.64,3080.0,15.99,1.0,1,274.11
p2_N2_S2.64,3080.0,17.09,1.0,1,287.47
p2_E1_W1.212,3072.0,17.61,2.0,1,286.45
p2_E1_W1.214,3084.0,14.24,0.0,0,279.38
p2_S2_N2.63,3060.0,33.33,19.0,1,302.81
p2_E2_S2.21,3063.0,20.83,5.0,1,290.91
p2_E1_W1.213,3078.0,19.14,0.0,0,299.56
p2_E3_W3.216,3096.0,7.77,0.0,0,238.95
p2_E1_W1.216,3096.0,8.64,0.0,0,240.89
p2_W3_E3.90,3096.0,7.99,0.0,0,242.12
p2_E3_W3.215,3090.0,8.06,0.0,0,237.7
p2_E1_W1.215,3090.0,9.68,0.0,0,255.63
p2_W1_E1.90,3096.0,9.24,0.0,0,240.69
p2_W3_N1.21,3060.0,54.58,38.0,2,333.88
p2_N2_E2.21,3063.0,52.89,25.0,3,367.92
p2_N1_S1.65,3100.0,16.31,1.0,1,279.98
p2_S2_W2.21,3063.0,53.57,27.0,4,371.34
p2_N1_S1.64,3080.0,37.78,23.0,1,321.17
p2_S1_N1.65,3100.0,18.27,6.0,1,278.02
p2_S1_N1.64,3080.0,38.76,25.0,1,309.95
p2_W1_N3.21,3060.0,48.59,29.0,2,346.06
p2_W_E.90,3096.0,22.38,9.0,1,287.3
p2_W_E.91,3111.0,9.92,0.0,0,268.07
p2_E_W.216,3096.0,21.8,4.0,2,308.79
p2_E_W.218,3108.0,14.21,0.0,0,283.32
p2_N3_E1.22,3123.0,40.86,31.0,1,228.98
p2_E_W.219,3114.0,9.99,0.0,0,262.02
p2_E_W.213,3078.0,39.18,25.0,1,299.69
p2_N3_S3.64,3080.0,44.93,28.0,1,329.6
p2_S3_N3.64,3080.0,46.02,28.0,1,334.73
p2_W_E.89,3082.0,31.17,11.0,2,319.71
p2_E_W.214,3084.0,41.67,22.0,1,330.25
p2_E_W.215,3090.0,37.43,10.0,2,348.19
p2_N2_S2.65,3100.0,22.13,8.0,1,279.95
p2_S3_N3.65,3100.0,26.93,6.0,1,308.1
p2_E3_W3.217,3102.0,25.19,12.0,1,289.64
p2_S3_N3.66,3120.0,7.93,0.0,0,235.7
p2_E_W.217,3102.0,16.83,1.0,1,276.79
p2_N1_S1.63,3060.0,47.07,31.0,1,317.65
p2_E1_W1.218,3108.0,25.75,12.0,1,281.84
p2_N3_S3.65,3100.0,18.4,3.0,1,276.55
p2_E3_W3.218,3108.0,25.79,13.0,1,286.11
p2_E1_W1.217,3102.0,29.02,13.0,1,294.87
p2_E1_W1.219,3114.0,20.09,8.0,1,274.98
p2_E3_W3.220,3120.0,18.38,3.0,1,273.45
p2_W3_E3.91,3111.0,27.97,7.0,1,319.5
p2_E3_W3.219,3114.0,18.09,6.0,1,279.56
p2_E1_W1.220,3120.0,15.39,1.0,1,264.86
p2_E3_W3.222,3132.0,8.61,0.0,0,260.03
p2_W3_E3.92,3125.0,8.45,0.0,0,248.44
p2_W2_N2.22,3120.0,18.69,4.0,1,284.3
p2_W1_E1.91,3111.0,25.97,11.0,1,292.78
p2_E3_W3.221,3126.0,9.84,0.0,0,244.53
p2_W1_N3.22,3120.0,17.47,4.0,1,282.69
p2_E1_W1.221,3126.0,9.07,0.0,0,246.74
p2_E1_W1.223,3138.0,8.12,0.0,0,243.23
p2_E3_S3.23,3183.0,6.24,0.0,0,170.9
p2_S2_N2.65,3100.0,52.21,30.0,2,337.84
p2_N2_S2.66,3120.0,32.51,13.0,2,318.73
p2_W1_E1.93,3140.0,7.73,0.0,0,241.98
p2_E_W.222,3132.0,18.63,6.0,1,272.3
p2_N1_S1.66,3120.0,21.78,6.0,1,283.03
p2_E1_W1.222,3132.0,9.01,0.0,0,245.67
p2_E1_W1.224,3144.0,7.75,0.0,0,246.52
p2_E2_S2.22,3122.0,12.41,0.0,0,278.79
p2_N2_S2.67,3140.0,13.39,0.0,0,269.08
p2_S2_N2.66,3120.0,30.66,8.0,2,306.29
p2_E_W.220,3120.0,20.14,5.0,1,272.79
p2_S2_N2.67,3140.0,19.57,2.0,1,280.54
p2_N1_E3.21,3063.0,54.94,23.0,4,477.3
p2_E_W.221,3126.0,12.31,0.0,0,263.41
p2_S2_W2.22,3123.0,39.19,17.0,3,335.94
p2_W3_N1.22,3120.0,43.3,24.0,2,342.53
p2_E_W.223,3138.0,27.22,10.0,1,304.66
p2_E_W.225,3150.0,17.0,0.0,0,291.16
p2_N3_E1.23,3183.0,28.49,17.0,1,202.43
p2_S1_W1.22,3123.0,40.54,25.0,2,337.66
p2_E1_S1.21,3063.0,44.91,20.0,2,436.32
p2_W3_E3.93,3140.0,29.94,12.0,2,306.73
p2_N1_S1.67,3140.0,19.61,4.0,1,282.62
p2_S1_N1.66,3120.0,39.54,24.0,1,317.68
p2_E_W.224,3144.0,19.4,3.0,1,285.23
p2_E_W.227,3162.0,8.95,0.0,0,244.87
p2_S1_N1.67,3140.0,25.63,5.0,1,298.4
p2_S3_N3.67,3140.0,30.19,15.0,1,311.33
p2_E3_W3.223,3138.0,36.13,15.0,2,316.51
p2_E3_W3.224,3144.0,29.67,11.0,2,314.62
p2_S3_W3.22,3123.0,51.95,33.0,2,340.83
p2_E_W.228,3168.0,7.97,0.0,0,246.56
p2_N2_E2.22,3123.0,30.12,14.0,2,298.98
p2_E1_W1.225,3150.0,23.85,9.0,1,281.25
p2_E3_W3.225,3150.0,24.02,5.0,1,291.57
p2_W_E.94,3154.0,23.69,1.0,1,296.05
p2_E_W.226,3156.0,8.75,0.0,0,240.91
p2_S3_N3.68,3160.0,9.04,0.0,0,238.93
p2_W_E.95,3168.0,11.29,0.0,0,249.28
p2_W_E.93,3140.0,23.97,11.0,1,289.4
p2_W_E.92,3125.0,39.19,24.0,1,301.25
p2_N3_S3.68,3160.0,23.49,8.0,1,300.93
p2_N3_S3.67,3140.0,43.89,23.0,2,343.15
p2_N3_S3.66,3120.0,58.2,39.0,2,353.69
p2_S2_N2.68,3160.0,28.52,15.0,1,305.42
p2_N2_S2.68,3160.0,29.38,15.0,1,282.31
p2_E1_W1.227,3162.0,27.2,10.0,2,315.88
p2_W1_E1.94,3154.0,35.61,17.0,2,332.42
p2_N1_E3.22,3123.0,23.9,3.0,2,396.21
p2_E1_W1.229,3174.0,10.7,0.0,0,261.39
p2_E3_W3.226,3156.0,26.92,14.0,1,290.71
p2_E1_W1.230,3180.0,12.04,0.0,0,264.6
p2_E3_W3.230,3180.0,11.62,0.0,0,268.15
p2_E1_S1.22,3123.0,25.39,4.0,1,429.35
p2_W1_E1.96,3183.0,11.41,0.0,0,274.93
p2_E3_W3.231,3186.0,8.24,0.0,0,247.32
p2_E3_W3.228,3168.0,26.8,6.0,2,322.12
p2_W3_E3.94,3154.0,42.52,19.0,3,354.48
p2_W1_N3.23,3180.0,10.0,0.0,0,260.6
p2_S2_N2.69,3180.0,17.5,4.0,1,268.78
p2_E1_W1.231,3186.0,8.72,0.0,0,251.34
p2_W1_E1.95,3168.0,17.26,3.0,1,281.15
p2_W3_E3.95,3168.0,24.77,5.0,2,298.18
p2_E1_W1.228,3168.0,17.94,0.0,0,293.1
p2_E3_W3.229,3174.0,18.66,1.0,1,291.62
p2_W3_E3.96,3183.0,15.31,1.0,1,277.87
p2_W1_E1.92,3125.0,31.13,16.0,1,294.42
p2_E1_W1.226,3156.0,25.26,6.0,1,307.6
p2_E_W.229,3174.0,30.97,16.0,1,299.82
p2_E1_W1.233,3198.0,8.18,0.0,0,243.27
p2_E_W.230,3180.0,26.8,12.0,1,289.82
p2_N1_S1.69,3180.0,27.3,14.0,1,287.08
p2_E3_S3.24,3243.0,6.78,0.0,0,169.07
p2_N1_S1.68,3160.0,40.32,27.0,1,312.91
p2_E1_W1.232,3192.0,8.38,0.0,0,246.25
p2_E_W.232,3192.0,16.55,2.0,1,274.5
p2_W_E.97,3197.0,10.77,0.0,0,258.76
p2_N2_E2.23,3183.0,24.28,9.0,1,296.34
p2_N1_S1.70,3200.0,9.37,0.0,0,253.68
p2_W_E.96,3183.0,25.41,1.0,1,326.65
p2_E_W.234,3204.0,8.29,0.0,0,236.84
p2_S1_N1.68,3160.0,53.4,38.0,1,327.6
p2_W3_N1.23,3180.0,35.31,12.0,3,337.42
p2_N3_S3.69,3180.0,37.44,19.0,1,324.83
p2_E_W.233,3198.0,9.79,0.0,0,258.98
p2_S3_N3.69,3180.0,38.1,20.0,2,323.89
p2_S1_N1.70,3200.0,17.89,3.0,1,277.8
p2_W_E.98,3212.0,7.53,0.0,0,242.88
p2_N2_S2.69,3180.0,19.11,4.0,1,280.27
p2_S1_W1.23,3183.0,30.8,10.0,3,317.4
p2_N3_S3.70,3200.0,19.8,1.0,1,295.54
p2_S1_N1.69,3180.0,41.45,9.0,4,347.59
p2_S3_N3.70,3200.0,14.64,1.0,1,268.34
p2_E_W.236,3216.0,7.3,0.0,0,239.57
p2_E3_W3.233,3198.0,26.21,4.0,1,311.63
p2_S3_W3.23,3183.0,41.59,17.0,3,345.5
p2_E3_W3.235,3210.0,14.87,0.0,0,285.65
p2_E3_W3.232,3192.0,35.98,12.0,1,334.88
p2_N3_E1.24,3243.0,20.3,7.0,1,189.81
p2_E3_W3.234,3204.0,19.01,0.0,0,297.05
p2_E2_S2.23,3183.0,46.57,24.0,2,348.45
p2_W1_E1.97,3197.0,34.11,14.0,2,320.8
p2_E1_W1.235,3210.0,21.92,9.0,1,273.23
p2_E1_W1.234,3204.0,27.22,13.0,1,286.56
p2_E1_W1.237,3222.0,12.26,0.0,0,246.33
p2_W1_E1.99,3226.0,7.75,0.0,0,250.2
p2_W3_E3.98,3212.0,11.33,0.0,0,260.27
p2_E1_W1.236,3216.0,19.36,5.0,1,284.48
p2_E1_W1.238,3228.0,8.43,0.0,0,247.23
p2_S2_W2.23,3183.0,40.38,19.0,2,332.68
p2_W3_E3.97,3197.0,16.73,1.0,1,278.04
p2_W1_E1.98,3212.0,12.84,0.0,0,264.24
p2_S2_N2.71,3220.0,19.87,6.0,1,276.07
p2_W2_N2.23,3180.0,56.31,30.0,3,375.45
p2_S2_N2.70,3200.0,41.8,20.0,2,339.09
p2_N2_S2.70,3200.0,39.66,20.0,1,334.26
p2_N2_S2.71,3220.0,18.82,0.0,0,292.58
p2_E1_W1.240,3240.0,8.01,0.0,0,243.2
p2_W3_E3.99,3226.0,23.01,10.0,1,277.75
p2_E1_W1.239,3234.0,8.1,0.0,0,239.54
p2_W_E.100,3240.0,12.53,0.0,0,276.8
p2_E3_W3.227,3162.0,29.16,9.0,1,317.7
p2_E3_W3.238,3228.0,21.05,2.0,1,298.09
p2_E3_W3.236,3216.0,31.81,11.0,1,308.11
p2_E3_W3.241,3246.0,10.43,0.0,0,257.88
p2_E3_W3.239,3234.0,16.11,0.0,0,267.92
p2_W1_E1.100,3240.0,8.54,0.0,0,242.04
p2_W_E.99,3226.0,22.56,8.0,1,285.26
p2_E_W.238,3228.0,31.12,14.0,1,312.93
p2_E1_W1.241,3246.0,8.53,0.0,0,244.34
p2_E3_W3.242,3252.0,7.73,0.0,0,245.17
p2_E_W.240,3240.0,20.85,2.0,1,296.71
p2_W1_N3.24,3243.0,18.82,7.0,1,277.58
p2_W_E.101,3255.0,7.46,0.0,0,238.59
p2_E_W.235,3210.0,28.65,12.0,1,288.91
p2_E_W.241,3246.0,16.76,0.0,0,285.86
p2_N3_S3.72,3240.0,24.38,11.0,1,281.19
p2_E3_W3.237,3222.0,23.88,2.0,1,295.98
p2_E_W.239,3234.0,30.67,6.0,1,306.85
p2_S3_N3.72,3240.0,24.72,10.0,1,288.75
p2_E_W.243,3258.0,8.36,0.0,0,245.62
p2_N3_S3.71,3220.0,45.76,30.0,1,321.47
p2_S3_N3.73,3260.0,7.49,0.0,0,241.83
p2_N1_S1.71,3220.0,47.79,27.0,2,335.73
p2_N1_S1.73,3260.0,7.78,0.0,0,240.3
p2_S1_N1.71,3220.0,49.54,28.0,2,356.99
p2_E_W.237,3222.0,31.6,9.0,1,296.58
p2_E_W.231,3186.0,38.1,19.0,1,335.83
p2_S3_N3.71,3220.0,37.33,24.0,1,306.92
p2_N3_S3.73,3260.0,8.84,0.0,0,239.45
p2_N3_E1.25,3303.0,11.64,2.0,1,175.69
p2_S1_W1.24,3243.0,29.2,10.0,3,315.16
p2_S1_N1.72,3240.0,26.86,9.0,1,303.64
p2_W3_E3.102,3269.0,9.03,0.0,0,255.52
p2_E_W.245,3270.0,7.82,0.0,0,247.43
p2_W3_E3.100,3240.0,40.19,21.0,2,320.39
p2_E1_W1.242,3252.0,28.51,12.0,1,308.91
p2_E1_W1.243,3258.0,22.4,6.0,1,315.26
p2_W1_E1.102,3269.0,12.15,0.0,0,266.2
p2_S3_W3.24,3243.0,33.9,15.0,3,327.81
p2_W1_E1.101,3255.0,27.86,9.0,1,308.55
p2_E1_W1.244,3264.0,18.77,1.0,1,294.08
p2_E3_W3.243,3258.0,26.13,6.0,1,313.56
p2_E1_W1.246,3276.0,8.49,0.0,0,232.44
p2_E_W.242,3252.0,9.89,0.0,0,258.25
p2_E1_S1.23,3183.0,53.51,24.0,3,479.71
p2_E_W.244,3264.0,9.81,0.0,0,243.65
p2_E3_W3.244,3264.0,21.79,0.0,0,307.07
p2_E1_W1.245,3270.0,8.65,0.0,0,246.38
p2_E3_W3.245,3270.0,17.58,0.0,0,291.25
p2_E3_W3.240,3240.0,24.12,8.0,1,291.65
p2_N2_S2.72,3240.0,45.84,30.0,1,319.82
p2_S2_W2.24,3243.0,45.08,24.0,3,351.59
p2_E1_W1.247,3282.0,8.03,0.0,0,239.77
p2_S2_N2.72,3240.0,51.83,28.0,2,372.93
p2_W2_N2.24,3243.0,48.15,31.0,2,340.96
p2_N2_S2.73,3260.0,32.57,14.0,1,311.18
p2_W1_E1.103,3284.0,8.15,0.0,0,238.54
p2_E3_S3.25,3303.0,29.61,15.0,2,207.95
p2_W3_E3.101,3255.0,14.02,0.0,0,280.87
p2_S2_N2.73,3260.0,33.71,16.0,1,314.52
p2_S2_N2.74,3280.0,13.79,1.0,1,266.95
p2_W3_E3.103,3284.0,7.9,0.0,0,240.72
p2_N2_E2.24,3243.0,57.03,31.0,2,374.61
p2_N2_S2.74,3280.0,8.92,0.0,0,257.79
p2_E_W.247,3282.0,18.7,6.0,1,292.48
p2_E_W.246,3276.0,25.77,11.0,1,301.28
p2_E1_W1.249,3294.0,8.25,0.0,0,241.54
p2_W_E.102,3269.0,31.78,18.0,1,290.46
p2_E_W.248,3288.0,15.24,0.0,0,286.04
p2_N1_S1.72,3240.0,29.22,11.0,1,306.75
p2_W1_E1.104,3298.0,8.01,0.0,0,243.7
p2_W_E.104,3298.0,7.95,0.0,0,237.25
p2_E2_S2.24,3243.0,63.41,37.0,3,384.06
p2_E3_W3.248,3288.0,16.94,4.0,1,275.26
p2_N3_S3.75,3300.0,9.73,0.0,0,256.83
p2_E3_W3.247,3282.0,9.8,0.0,0,249.67
p2_E1_W1.248,3288.0,9.21,0.0,0,240.7
p2_N1_E3.23,3183.0,85.73,53.0,4,535.71
p2_W_E.103,3284.0,10.82,0.0,0,261.67
p2_W1_N3.25,3301.0,12.73,1.0,1,273.82
p2_E_W.251,3306.0,8.12,0.0,0,245.54
p2_E_W.249,3294.0,8.37,0.0,0,238.47
p2_E3_W3.246,3276.0,12.2,0.0,0,252.86
p2_S3_N3.74,3280.0,36.53,17.0,1,323.74
p2_W3_N1.24,3243.0,63.72,42.0,3,367.92
p2_N3_S3.74,3280.0,29.58,15.0,1,294.41
p2_S1_N1.73,3260.0,58.55,39.0,1,355.16
p2_N1_S1.74,3280.0,38.13,22.0,1,320.55
p2_S1_N1.74,3280.0,31.68,18.0,1,282.27
p2_S3_N3.75,3300.0,12.53,0.0,0,262.47
p2_N1_S1.75,3300.0,19.49,3.0,1,299.26
p2_S1_W1.25,3303.0,15.68,0.0,0,278.15
p2_S1_N1.75,3300.0,19.87,1.0,1,311.88
p2_E_W.252,3312.0,7.52,0.0,0,239.0
p2_E_W.250,3300.0,9.06,0.0,0,251.07
p2_W3_E3.104,3298.0,23.11,10.0,1,278.69
p2_E1_W1.250,3300.0,26.54,12.0,1,319.92
p2_E1_W1.251,3306.0,20.25,7.0,1,286.64
p2_W1_E1.105,3312.0,15.7,3.0,1,275.55
p2_W3_E3.105,3312.0,12.03,0.0,0,259.71
p2_E1_W1.252,3312.0,17.74,0.0,0,290.5
p2_E1_W1.254,3324.0,7.57,0.0,0,238.16
p2_E3_S3.26,3363.0,10.46,0.0,0,181.01
p2_E2_S2.25,3303.0,28.29,15.0,1,312.78
p2_S3_W3.25,3303.0,28.72,3.0,1,323.52
p2_W2_N2.25,3301.0,31.41,13.0,2,321.09
p2_W_E.105,3312.0,9.02,0.0,0,239.51
p2_E1_W1.253,3318.0,15.52,0.0,0,284.35
p2_E3_W3.250,3300.0,34.0,9.0,1,328.24
p2_E1_S1.24,3243.0,48.83,20.0,4,487.04
p2_W1_E1.106,3327.0,8.82,0.0,0,241.14
p2_N2_S2.75,3300.0,37.95,22.0,1,307.69
p2_E3_W3.251,3306.0,32.13,8.0,2,331.15
p2_E3_W3.252,3312.0,18.27,0.0,0,292.63
p2_E3_W3.253,3318.0,22.04,2.0,1,295.49
p2_S2_N2.75,3300.0,34.08,20.0,1,297.26
p2_E3_W3.249,3294.0,36.42,12.0,1,324.69
p2_S2_N2.76,3320.0,24.87,5.0,2,304.44
p2_E3_W3.254,3324.0,9.79,0.0,0,242.54
p2_E3_W3.255,3330.0,9.45,0.0,0,245.25
p2_E3_W3.256,3336.0,7.68,0.0,0,238.12
p2_N2_E2.25,3303.0,47.68,27.0,3,355.41
p2_E_W.256,3336.0,16.56,0.0,0,280.79
p2_W_E.107,3341.0,8.3,0.0,0,242.95
p2_E_W.254,3324.0,19.41,5.0,1,276.25
p2_E1_W1.255,3330.0,8.92,0.0,0,249.22
p2_E1_W1.256,3336.0,9.16,0.0,0,250.57
p2_S2_W2.25,3303.0,50.35,24.0,3,363.35
p2_E_W.255,3330.0,19.45,3.0,1,301.0
p2_E_W.253,3318.0,29.27,12.0,1,301.98
p2_S3_N3.76,3320.0,39.12,23.0,1,317.71
p2_N1_S1.76,3320.0,40.51,29.0,1,312.11
p2_W3_N1.25,3301.0,60.49,39.0,3,360.01
p2_N2_S2.76,3320.0,42.44,22.0,2,331.99
p2_S3_N3.77,3340.0,16.29,2.0,1,285.03
p2_S1_N1.76,3320.0,42.89,23.0,2,333.41
p2_N3_S3.76,3320.0,43.31,28.0,1,321.11
p2_E_W.257,3342.0,9.16,0.0,0,255.88
p2_N1_S1.77,3340.0,20.7,7.0,1,275.56
p2_W_E.106,3327.0,13.93,1.0,1,279.19
p2_S1_N1.77,3340.0,24.9,11.0,1,278.97
p2_N3_S3.77,3340.0,25.2,9.0,1,312.1
p2_E_W.259,3354.0,8.16,0.0,0,256.63
p2_N3_E1.26,3363.0,44.84,30.0,2,231.27
p2_E_W.258,3348.0,8.48,0.0,0,244.77
p2_N1_E3.24,3243.0,80.44,42.0,5,522.44
p2_E_W.260,3360.0,8.11,0.0,0,239.32
p2_N1_S1.78,3360.0,8.06,0.0,0,237.69
p2_S1_N1.78,3360.0,8.06,0.0,0,240.44
p2_N3_S3.78,3360.0,8.06,0.0,0,245.8
p2_E3_W3.259,3354.0,17.45,2.0,1,286.34
p2_E3_W3.257,3342.0,31.79,11.0,1,320.08
p2_E1_W1.258,3348.0,25.44,12.0,1,292.91
p2_E3_W3.261,3366.0,8.11,0.0,0,247.17
p2_W3_E3.107,3341.0,35.44,16.0,2,328.97
p2_W3_E3.106,3327.0,49.96,26.0,3,359.96
p2_E3_W3.258,3348.0,24.04,6.0,1,289.74
p2_E1_W1.260,3360.0,17.47,2.0,1,285.85
p2_W1_E1.108,3356.0,22.31,5.0,1,289.52
p2_W3_E3.108,3356.0,22.41,8.0,1,291.76
p2_W2_N2.26,3360.0,17.45,1.0,1,283.41
p2_E1_W1.257,3342.0,27.47,14.0,1,285.1
p2_W1_E1.107,3341.0,25.59,11.0,1,285.15
p2_E1_W1.259,3354.0,22.24,6.0,1,297.13
p2_W_E.108,3356.0,8.68,0.0,0,245.08
p2_W1_N3.26,3360.0,12.63,0.0,0,276.71
p2_S2_N2.78,3360.0,22.39,3.0,1,294.66
p2_E3_W3.260,3360.0,9.18,0.0,0,245.84
p2_S2_N2.77,3340.0,41.14,23.0,1,327.4
p2_E1_W1.262,3372.0,12.5,0.0,0,264.14
p2_W1_E1.109,3370.0,8.83,0.0,0,239.44
p2_N2_S2.78,3360.0,28.44,5.0,1,335.66
p2_E1_W1.261,3366.0,21.67,3.0,1,300.94
p2_N2_S2.79,3380.0,10.38,0.0,0,263.66
p2_E1_W1.263,3378.0,7.91,0.0,0,241.58
p2_W1_E1.110,3384.0,7.34,0.0,0,245.31
p2_E3_S3.27,3423.0,7.16,0.0,0,166.13
p2_E2_S2.26,3363.0,19.37,4.0,1,282.25
p2_S2_W2.26,3363.0,28.37,5.0,2,311.32
p2_E_W.261,3366.0,27.35,13.0,1,297.23
p2_E1_W1.264,3384.0,8.7,0.0,0,239.65
p2_N2_S2.77,3340.0,42.29,21.0,1,331.33
p2_E_W.263,3378.0,18.53,7.0,1,277.44
p2_N2_E2.26,3363.0,34.05,10.0,2,337.46
p2_W3_N1.26,3360.0,37.07,22.0,2,306.99
p2_W_E.109,3370.0,25.57,11.0,1,283.97
p2_E_W.262,3372.0,25.29,12.0,1,285.51
p2_E3_W3.263,3378.0,16.97,3.0,1,271.26
p2_W3_E3.110,3384.0,11.83,0.0,0,262.46
p2_E_W.264,3384.0,14.5,0.0,0,267.9
p2_E3_W3.265,3390.0,7.42,0.0,0,247.88
p2_S3_W3.26,3363.0,37.84,17.0,2,330.67
p2_E3_W3.264,3384.0,18.06,0.0,0,288.55
p2_S1_N1.79,3380.0,20.9,6.0,1,271.7
p2_N3_S3.79,3380.0,24.87,10.0,1,294.52
p2_N1_S1.79,3380.0,26.45,14.0,1,282.82
p2_W_E.110,3384.0,9.46,0.0,0,248.63
p2_S3_N3.78,3360.0,47.4,30.0,2,345.57
p2_S1_W1.26,3363.0,41.66,25.0,2,334.37
p2_S3_N3.79,3380.0,27.1,13.0,1,289.98
p2_W_E.111,3399.0,8.08,0.0,0,241.11
p2_S1_N1.80,3400.0,8.46,0.0,0,239.78
p2_E1_S1.25,3303.0,47.72,19.0,3,470.57
p2_S3_N3.80,3400.0,8.91,0.0,0,251.4
p2_N1_S1.80,3400.0,10.43,0.0,0,261.01
p2_N3_S3.80,3400.0,8.34,0.0,0,243.99
p2_N3_E1.27,3423.0,17.38,7.0,1,189.23
p2_N1_E3.25,3303.0,53.5,28.0,2,465.57
p2_E1_W1.265,3390.0,24.4,11.0,1,285.25
p2_E_W.267,3402.0,8.44,0.0,0,246.7
p2_E_W.265,3390.0,8.36,0.0,0,243.31
p2_E1_W1.266,3396.0,19.79,8.0,1,275.0
p2_E1_W1.268,3408.0,10.15,0.0,0,250.7
p2_E3_W3.266,3396.0,23.23,11.0,1,280.54
p2_E3_W3.262,3372.0,47.96,26.0,2,367.3
p2_W3_E3.112,3413.0,9.17,0.0,0,253.16
p2_W1_E1.111,3399.0,19.67,6.0,1,275.56
p2_E3_W3.268,3408.0,13.06,0.0,0,256.27
p2_W3_E3.109,3370.0,30.62,12.0,2,296.07
p2_E1_W1.267,3402.0,8.8,0.0,0,250.45
p2_E3_W3.267,3402.0,18.15,5.0,1,275.32
p2_E_W.266,3396.0,10.59,0.0,0,249.38
p2_W3_E3.111,3399.0,20.29,5.0,1,296.41
p2_N2_S2.80,3400.0,26.26,11.0,1,312.42
p2_S2_N2.80,3400.0,28.04,14.0,1,290.44
p2_W1_E1.112,3413.0,8.86,0.0,0,237.17
p2_E3_W3.270,3420.0,8.52,0.0,0,248.45
p2_S2_N2.79,3380.0,45.46,28.0,2,327.56
p2_E3_W3.269,3414.0,8.31,0.0,0,247.36
p2_S2_N2.81,3420.0,14.08,1.0,1,265.96
p2_W1_N3.27,3420.0,13.54,0.0,0,270.0
p2_N2_S2.81,3420.0,8.8,0.0,0,233.18
p2_W1_E1.113,3428.0,7.74,0.0,0,237.32
p2_S2_W2.27,3423.0,13.62,0.0,0,285.96
p2_W3_E3.113,3428.0,8.49,0.0,0,237.57
p2_N2_E2.27,3423.0,14.16,0.0,0,269.04
p2_E1_W1.271,3426.0,8.29,0.0,0,248.01
p2_E_W.268,3408.0,23.27,10.0,1,276.83
p2_W_E.113,3428.0,13.65,0.0,0,265.4
p2_W_E.112,3413.0,24.23,11.0,1,277.52
p2_E1_W1.269,3414.0,10.09,0.0,0,249.9
p2_E1_W1.270,3420.0,16.34,0.0,0,272.89
p2_E_W.270,3420.0,23.33,10.0,1,285.48
p2_E3_W3.272,3432.0,8.1,0.0,0,241.02
p2_E_W.272,3432.0,16.49,2.0,1,268.43
p2_W3_N1.27,3420.0,28.98,15.0,1,302.54
p2_W_E.114,3442.0,8.1,0.0,0,236.36
p2_N3_S3.82,3440.0,10.68,0.0,0,263.06
p2_S1_N1.81,3420.0,32.56,17.0,1,296.2
p2_S3_N3.82,3440.0,11.71,0.0,0,264.56
p2_S3_N3.81,3420.0,28.49,17.0,1,293.8
p2_E3_W3.271,3426.0,8.65,0.0,0,241.42
p2_E1_S1.26,3363.0,47.12,16.0,2,454.48
p2_E_W.273,3438.0,13.17,0.0,0,271.62
p2_E_W.269,3414.0,26.01,12.0,1,285.83
p2_S1_W1.27,3423.0,28.15,14.0,1,303.37
p2_E_W.274,3444.0,8.71,0.0,0,238.59
p2_N3_E1.28,3483.0,15.07,1.0,1,184.1
p2_N3_S3.81,3420.0,25.76,11.0,1,290.77
p2_E_W.275,3450.0,8.32,0.0,0,243.53
p2_N1_S1.81,3420.0,25.57,5.0,1,298.47
p2_E_W.271,3426.0,32.79,6.0,2,341.16
p2_N1_S1.82,3440.0,18.82,1.0,1,289.27
p2_S1_N1.82,3440.0,11.68,0.0,0,258.51
p2_E3_W3.275,3450.0,13.28,0.0,0,289.23
p2_E_W.276,3456.0,8.54,0.0,0,238.79
p2_W3_E3.115,3456.0,8.57,0.0,0,235.35
p2_S3_W3.27,3423.0,41.52,18.0,2,323.87
p2_E1_W1.274,3444.0,18.81,4.0,1,288.62
p2_E1_W1.275,3450.0,15.04,0.0,0,277.65
p2_E2_S2.27,3423.0,37.13,14.0,3,338.69
p2_E1_W1.273,3438.0,28.96,10.0,1,309.53
p2_W3_E3.114,3442.0,24.73,9.0,1,296.79
p2_N1_E3.26,3363.0,54.64,31.0,2,463.83
p2_E3_W3.273,3438.0,24.06,10.0,1,291.0
p2_E1_W1.272,3432.0,29.5,16.0,1,293.41
p2_E1_W1.277,3462.0,7.51,0.0,0,251.19
p2_W1_E1.114,3442.0,15.68,3.0,1,275.11
p2_E3_S3.28,3483.0,30.9,17.0,2,210.59
p2_N2_S2.82,3440.0,31.51,16.0,1,314.91
p2_N2_S2.83,3460.0,14.16,1.0,1,276.5
p2_W1_E1.115,3456.0,8.45,0.0,0,245.45
p2_E1_W1.278,3468.0,7.45,0.0,0,242.87
p2_E3_W3.278,3468.0,8.47,0.0,0,240.49
p2_E3_W3.274,3444.0,16.96,4.0,1,274.37
p2_W1_E1.116,3471.0,7.73,0.0,0,243.62
p2_W3_E3.116,3471.0,8.52,0.0,0,234.83
p2_W2_N2.27,3420.0,42.26,22.0,2,340.9
p2_E1_W1.276,3456.0,8.02,0.0,0,249.8
p2_E_W.279,3474.0,11.46,0.0,0,258.25
p2_S2_N2.83,3460.0,9.1,0.0,0,243.04
p2_S2_N2.82,3440.0,30.97,18.0,1,296.03
p2_E1_W1.280,3480.0,8.37,0.0,0,240.27
p2_E_W.280,3480.0,7.72,0.0,0,250.6
p2_E_W.277,3462.0,24.93,8.0,1,293.0
p2_W_E.116,3471.0,11.1,0.0,0,256.85
p2_E3_W3.277,3462.0,9.96,0.0,0,245.16
p2_E3_W3.279,3474.0,16.91,0.0,0,263.27
p2_E_W.278,3468.0,11.16,0.0,0,261.26
p2_W1_N3.28,3480.0,14.14,1.0,1,258.96
p2_E3_W3.276,3456.0,10.81,0.0,0,245.84
p2_S3_N3.83,3460.0,35.58,22.0,1,308.3
p2_E1_W1.279,3474.0,8.31,0.0,0,245.11
p2_N3_S3.84,3480.0,14.95,1.0,1,269.5
p2_E1_S1.27,3423.0,27.89,7.0,2,400.4
p2_S3_N3.84,3480.0,16.47,3.0,1,273.65
p2_W3_N1.28,3480.0,17.12,4.0,1,276.13
p2_W_E.117,3485.0,12.03,0.0,0,262.61
p2_W_E.115,3456.0,25.58,11.0,1,284.23
p2_S1_N1.84,3480.0,19.44,5.0,1,273.37
p2_N1_S1.84,3480.0,14.03,0.0,0,273.68
p2_N3_S3.83,3460.0,33.08,19.0,1,295.42
p2_N1_S1.83,3460.0,43.11,21.0,1,334.49
p2_S1_N1.83,3460.0,36.46,23.0,1,304.18
p2_E_W.281,3486.0,10.14,0.0,0,254.59
p2_W3_E3.117,3485.0,22.46,8.0,1,295.56
p2_E_W.282,3492.0,7.96,0.0,0,243.13
p2_W_E.118,3500.0,7.7,0.0,0,248.82
p2_N1_E3.27,3423.0,40.38,11.0,2,447.36
p2_S1_W1.28,3483.0,23.82,7.0,2,300.13
p2_S3_W3.28,3483.0,28.02,5.0,3,322.46
p2_E3_W3.280,3480.0,31.96,11.0,1,313.72
p2_E3_W3.281,3487.0,25.95,9.0,1,298.67
p2_E_W.283,3498.0,9.4,0.0,0,237.07
p2_E3_W3.284,3504.0,9.83,0.0,0,261.09
p2_E3_S3.29,3543.0,9.34,0.0,0,170.51
p2_W1_E1.117,3485.0,28.57,13.0,1,301.87
p2_E3_W3.282,3492.0,23.82,4.0,1,299.36
p2_W1_E1.118,3500.0,16.58,2.0,1,290.84
p2_E1_W1.282,3492.0,26.04,8.0,2,307.14
p2_E3_W3.285,3510.0,7.8,0.0,0,250.37
p2_S2_N2.84,3480.0,39.89,19.0,2,322.07
p2_E3_W3.283,3498.0,17.22,3.0,1,281.29
p2_W3_E3.118,3500.0,8.33,0.0,0,252.81
p2_E1_W1.284,3504.0,15.82,0.0,0,268.51
p2_E2_S2.28,3483.0,21.79,5.0,1,285.31
p2_W1_E1.119,3514.0,7.86,0.0,0,240.62
p2_N2_S2.84,3480.0,40.16,27.0,1,314.96
p2_W3_E3.119,3514.0,7.94,0.0,0,238.57
p2_N2_S2.85,3500.0,24.09,9.0,1,300.74
p2_E1_W1.285,3510.0,14.35,0.0,0,283.39
p2_E3_W3.286,3516.0,8.39,0.0,0,242.33
p2_S2_N2.85,3500.0,21.02,1.0,1,299.27
p2_W2_N2.28,3480.0,29.17,13.0,1,299.4
p2_E1_W1.281,3486.0,28.49,6.0,2,333.33
p2_E1_W1.283,3498.0,28.12,1.0,1,343.59
p2_E1_W1.287,3522.0,7.99,0.0,0,242.94
p2_W_E.119,3514.0,18.53,5.0,1,289.75
p2_N2_E2.28,3483.0,52.65,27.0,2,363.73
p2_E_W.286,3516.0,20.09,2.0,1,295.64
p2_W1_E1.120,3528.0,7.61,0.0,0,245.05
p2_W_E.120,3528.0,8.37,0.0,0,238.56
p2_S2_W2.28,3483.0,51.36,21.0,4,373.03
p2_E3_W3.287,3522.0,8.35,0.0,0,241.66
p2_S1_N1.85,3500.0,39.37,26.0,1,315.79
p2_S1_N1.86,3520.0,19.14,7.0,1,282.41
p2_E_W.284,3504.0,26.25,10.0,1,307.16
p2_N3_S3.86,3520.0,22.88,8.0,1,289.93
p2_S3_N3.86,3520.0,22.97,9.0,1,286.08
p2_E_W.287,3522.0,21.55,0.0,0,294.53
p2_E_W.285,3510.0,16.15,1.0,1,270.85
p2_E_W.289,3534.0,8.2,0.0,0,249.99
p2_N1_S1.85,3500.0,44.15,31.0,1,315.54
p2_E_W.290,3540.0,8.06,0.0,0,243.59
p2_S1_N1.87,3540.0,8.25,0.0,0,243.06
p2_W2_N2.29,3540.0,11.73,0.0,0,263.45
p2_E1_W1.288,3528.0,25.53,14.0,1,294.63
p2_N3_E1.29,3543.0,42.0,28.0,2,218.48
p2_E1_W1.290,3540.0,15.58,1.0,1,286.43
p2_W_E.121,3543.0,8.36,0.0,0,243.54
p2_W3_E3.120,3528.0,29.16,16.0,1,288.48
p2_E_W.288,3528.0,10.52,0.0,0,252.59
p2_N1_S1.86,3520.0,20.64,6.0,1,281.24
p2_W1_N3.29,3540.0,18.63,3.0,1,286.63
p2_W1_E1.121,3543.0,16.38,2.0,1,278.37
p2_N1_S1.87,3540.0,8.81,0.0,0,235.97
p2_E3_W3.288,3528.0,34.1,15.0,1,318.49
p2_E1_W1.292,3552.0,10.44,0.0,0,247.65
p2_E1_W1.291,3546.0,11.84,0.0,0,263.49
p2_N1_E3.28,3483.0,33.23,5.0,1,444.48
p2_E3_W3.289,3534.0,30.43,8.0,1,323.42
p2_E3_W3.290,3540.0,16.73,0.0,0,283.48
p2_N3_S3.87,3540.0,24.2,11.0,1,292.26
p2_E2_S2.29,3543.0,13.24,0.0,0,270.95
p2_E1_W1.289,3534.0,28.23,7.0,1,309.55
p2_S2_N2.87,3540.0,24.92,9.0,1,308.82
p2_E3_W3.291,3546.0,19.7,0.0,0,313.09
p2_E3_W3.293,3558.0,8.31,0.0,0,239.59
p2_E3_W3.292,3552.0,15.47,0.0,0,293.27
p2_E1_W1.293,3558.0,7.23,0.0,0,239.37
p2_N2_S2.87,3540.0,27.77,13.0,1,294.16
p2_E3_W3.294,3564.0,8.32,0.0,0,232.45
p2_S3_N3.85,3500.0,54.03,36.0,2,343.71
p2_N2_S2.86,3520.0,41.48,28.0,1,303.78
p2_S2_N2.86,3520.0,41.54,26.0,1,321.73
p2_E1_W1.286,3516.0,28.02,14.0,1,292.95
p2_S2_W2.29,3543.0,32.8,12.0,2,327.05
p2_W3_E3.122,3557.0,18.52,6.0,1,280.92
p2_N3_S3.85,3500.0,36.89,16.0,1,316.51
p2_W1_E1.122,3557.0,23.35,9.0,1,283.17
p2_W3_E3.123,3572.0,8.16,0.0,0,243.75
p2_N2_E2.29,3543.0,23.61,7.0,1,291.85
p2_E_W.291,3546.0,26.75,13.0,1,280.61
p2_E_W.294,3564.0,16.91,2.0,1,271.84
p2_W3_E3.121,3543.0,19.6,4.0,1,289.74
p2_E_W.292,3552.0,22.21,8.0,1,280.67
p2_E_W.293,3558.0,21.23,8.0,1,283.63
p2_N1_S1.88,3560.0,26.19,13.0,1,290.63
p2_N3_S3.88,3560.0,27.32,14.0,1,300.12
p2_E_W.295,3570.0,12.45,0.0,0,266.58
p2_E_W.296,3576.0,9.28,0.0,0,243.75
p2_E1_S1.28,3483.0,60.85,30.0,4,487.1
p2_N1_S1.89,3580.0,8.12,0.0,0,241.68
p2_N3_S3.89,3580.0,8.43,0.0,0,242.73
p2_W3_N1.29,3540.0,44.7,22.0,3,329.23
p2_S1_N1.88,3560.0,30.04,16.0,1,285.42
p2_N2_S2.88,3560.0,26.94,12.0,1,288.58
p2_S2_N2.88,3560.0,25.13,12.0,1,275.11
p2_S3_N3.88,3560.0,32.95,7.0,2,342.22
p2_S3_N3.89,3580.0,13.45,0.0,0,271.08
p2_S1_N1.89,3580.0,14.41,0.0,0,267.24
p2_S1_W1.29,3543.0,45.44,32.0,1,318.75
p2_S3_W3.29,3543.0,55.01,37.0,2,350.92
p2_E3_W3.296,3576.0,18.91,6.0,1,278.68
p2_E1_W1.294,3564.0,32.09,19.0,1,286.87
p2_E1_W1.295,3570.0,25.27,13.0,1,280.35
p2_E3_W3.295,3570.0,30.86,13.0,1,306.07
p2_E3_W3.297,3582.0,18.94,3.0,1,287.15
p2_S3_N3.87,3540.0,38.8,18.0,1,333.1
p2_E1_W1.297,3582.0,16.95,5.0,1,266.67
p2_E1_W1.299,3594.0,7.9,0.0,0,256.02
p2_E3_W3.299,3594.0,8.55,0.0,0,258.92
p2_E1_W1.298,3588.0,15.39,1.0,1,274.52
p2_W_E.122,3557.0,35.88,16.0,2,304.68
p2_W1_E1.123,3572.0,35.11,17.0,2,318.73
p2_W_E.123,3572.0,20.8,7.0,1,284.87
p2_W1_E1.124,3586.0,21.17,4.0,1,301.66
p2_E3_W3.298,3588.0,8.86,0.0,0,247.45
p2_W_E.124,3586.0,16.46,0.0,0,289.45
p2_E1_W1.296,3576.0,20.97,8.0,1,275.75
p2_N1_E3.29,3543.0,25.91,5.0,1,432.18
p2_N2_S2.89,3580.0,34.75,10.0,3,332.19
p2_E1_S1.29,3543.0,28.09,8.0,1,421.18
p2_E_W.299,3594.0,25.32,11.0,1,288.67
p2_E_W.297,3582.0,28.42,15.0,1,290.06
p2_W3_E3.124,3586.0,42.03,19.0,2,345.13
p2_E_W.298,3588.0,19.22,3.0,1,283.31
p2_S2_N2.89,3580.0,44.95,19.0,3,339.63
