id,depart,timeloss,espera,paradas,co2
p1_E1_N3.0,3.0,11.14,0.0,0,175.84
p1_S3_E3.0,3.0,31.3,22.0,1,207.78
p1_S2_N2.0,0.0,11.77,0.0,0,270.34
p1_W1_S1.0,3.0,13.6,0.0,0,253.1
p1_N2_S2.0,0.0,17.8,4.0,1,269.22
p1_S2_E2.0,3.0,17.08,1.0,1,286.17
p1_W2_S2.0,3.0,20.67,1.0,1,299.84
p1_W1_E1.1,6.0,17.48,2.0,1,293.26
p1_W1_E1.2,12.0,13.42,0.0,0,274.66
p1_W_E.0,0.0,18.96,2.0,1,287.58
p1_W1_E1.3,18.0,8.14,0.0,0,246.77
p1_S3_E3.1,63.0,7.34,0.0,0,165.39
p1_N3_S3.0,0.0,29.5,16.0,1,301.61
p1_W_E.1,6.0,9.73,0.0,0,249.43
p1_E_W.1,15.0,14.44,0.0,0,292.26
p1_E1_N3.1,61.0,8.75,0.0,0,160.75
p1_E3_W3.0,0.0,24.97,8.0,1,308.9
p1_E1_W1.1,15.0,15.47,3.0,1,269.64
p1_W1_E1.0,0.0,13.21,0.0,0,263.01
p1_W_E.3,18.0,8.79,0.0,0,248.3
p1_E3_W3.1,15.0,10.56,0.0,0,266.57
p1_W_E.2,12.0,8.86,0.0,0,238.35
p1_E1_W1.0,0.0,15.96,0.0,0,292.64
p1_W3_E3.1,6.0,29.68,11.0,2,312.49
p1_W3_E3.0,0.0,32.73,9.0,2,340.91
p1_S3_N3.0,0.0,38.49,20.0,2,325.51
p1_E2_N2.0,3.0,35.79,17.0,2,336.75
p1_W3_S3.0,3.0,30.46,8.0,2,325.54
p1_N2_W2.0,3.0,39.21,18.0,2,324.12
p1_N1_W3.0,3.0,38.21,16.0,2,327.65
p1_N2_S2.1,20.0,21.95,4.0,1,316.05
p1_E_W.0,0.0,18.9,5.0,1,282.36
p1_N1_S1.1,20.0,20.43,0.0,0,300.03
p1_N1_S1.0,0.0,37.95,18.0,2,326.69
p1_S1_N1.0,0.0,32.89,15.0,2,310.89
p1_S1_N1.1,20.0,16.47,3.0,1,272.48
p1_N3_S3.1,20.0,21.03,8.0,1,279.73
p1_E3_W3.2,29.0,22.38,6.0,1,288.76
p1_W1_E1.5,30.0,21.08,0.0,0,313.93
p1_W1_E1.6,36.0,15.65,0.0,0,282.6
p1_E3_W3.3,44.0,8.16,0.0,0,239.73
p1_W1_E1.7,42.0,11.01,0.0,0,265.64
p1_E1_W1.3,44.0,11.67,0.0,0,271.89
p1_W1_E1.8,48.0,8.15,0.0,0,240.4
p1_E1_W1.2,29.0,27.81,7.0,2,324.24
p1_W1_E1.4,24.0,16.37,4.0,1,283.12
p1_W_E.4,24.0,34.47,16.0,2,336.35
p1_E_W.2,29.0,32.5,13.0,2,310.17
p1_W_E.5,30.0,30.78,11.0,2,317.65
p1_N3_W1.0,3.0,47.72,22.0,3,344.92
p1_W3_E3.3,18.0,43.98,21.0,3,353.76
p1_W3_E3.4,24.0,38.13,13.0,3,346.55
p1_W_E.6,36.0,26.88,5.0,2,325.97
p1_S2_N2.2,40.0,24.32,10.0,1,299.65
p1_W_E.7,42.0,18.94,2.0,1,282.99
p1_W3_E3.2,12.0,46.34,20.0,3,348.77
p1_S3_N3.3,60.0,7.89,0.0,0,244.08
p1_S2_N2.3,60.0,8.95,0.0,0,237.52
p1_W3_E3.5,30.0,20.68,1.0,1,285.05
p1_S3_N3.1,20.0,47.18,30.0,2,339.22
p1_W3_E3.6,36.0,16.05,0.0,0,274.8
p1_N3_S3.2,40.0,33.38,12.0,2,326.45
p1_E3_N1.0,3.0,27.98,10.0,1,400.72
p1_N2_S2.2,40.0,27.6,7.0,3,319.84
p1_N1_S1.3,60.0,7.87,0.0,0,240.5
p1_W1_S1.1,63.0,14.79,2.0,1,278.41
p1_N1_S1.2,40.0,23.37,3.0,1,286.86
p1_S1_N1.2,40.0,24.84,8.0,2,299.52
p1_S3_N3.2,40.0,24.65,9.0,1,294.22
p1_W1_E1.10,60.0,22.39,4.0,2,300.45
p1_E3_W3.5,72.0,10.46,0.0,0,250.69
p1_W1_E1.9,54.0,28.86,10.0,2,312.31
p1_E3_W3.4,58.0,26.15,10.0,1,303.02
p1_W1_E1.12,72.0,12.53,0.0,0,265.7
p1_E1_N3.2,120.0,7.67,0.0,0,162.12
p1_W1_E1.11,66.0,17.71,1.0,1,283.56
p1_E_W.3,44.0,43.24,21.0,3,341.66
p1_E1_W1.4,58.0,29.34,9.0,1,324.39
p1_E_W.4,58.0,29.3,9.0,2,312.28
p1_W3_E3.8,48.0,39.88,15.0,3,343.62
p1_W3_E3.10,60.0,27.89,5.0,2,328.06
p1_E_W.5,72.0,17.43,2.0,1,287.6
p1_W3_E3.9,54.0,36.03,5.0,2,334.47
p1_W3_S3.1,63.0,25.13,1.0,1,304.9
p1_W_E.9,54.0,38.0,18.0,2,331.15
p1_W_E.11,66.0,21.53,5.0,1,299.96
p1_W3_E3.11,66.0,18.18,0.0,0,276.96
p1_W_E.12,72.0,22.88,5.0,1,300.69
p1_W_E.8,48.0,39.05,21.0,2,318.18
p1_E2_N2.1,61.0,35.37,12.0,2,313.39
p1_W_E.13,78.0,18.63,3.0,1,285.27
p1_N1_S1.4,80.0,16.74,4.0,1,274.42
p1_W_E.10,60.0,38.12,11.0,2,329.32
p1_S1_N1.3,60.0,38.42,17.0,2,339.53
p1_S2_E2.1,63.0,35.76,14.0,2,322.0
p1_S2_N2.4,80.0,17.79,3.0,1,284.25
p1_N1_W3.1,63.0,36.07,14.0,2,337.72
p1_W3_E3.7,42.0,30.91,8.0,1,323.36
p1_S1_N1.4,80.0,19.95,5.0,1,287.96
p1_N3_S3.3,60.0,40.99,21.0,2,330.67
p1_N3_S3.4,80.0,20.71,6.0,1,281.85
p1_W2_S2.1,63.0,35.11,13.0,2,323.54
p1_N2_S2.4,80.0,10.43,0.0,0,264.96
p1_S3_N3.4,80.0,21.38,3.0,2,294.98
p1_S3_E3.2,123.0,22.27,9.0,1,190.96
p1_N2_S2.3,60.0,44.03,17.0,2,356.57
p1_W1_E1.16,96.0,11.33,0.0,0,272.13
p1_S2_N2.1,20.0,48.09,30.0,2,338.39
p1_W_E.14,84.0,23.81,10.0,1,306.68
p1_E3_W3.6,87.0,21.19,6.0,1,286.14
p1_E3_W3.7,101.0,7.06,0.0,0,248.6
p1_S1_E1.0,3.0,60.79,25.0,4,495.19
p1_W_E.15,90.0,16.22,3.0,1,280.7
p1_W1_E1.13,78.0,29.18,9.0,1,305.79
p1_W3_E3.14,84.0,27.65,7.0,2,315.83
p1_W3_E3.15,90.0,21.79,6.0,1,306.79
p1_W1_E1.15,90.0,12.19,0.0,0,251.98
p1_W3_E3.17,102.0,11.08,0.0,0,258.87
p1_N3_W1.1,63.0,49.0,27.0,3,356.43
p1_E1_W1.6,87.0,23.41,9.0,1,296.72
p1_W1_E1.17,102.0,12.97,0.0,0,255.71
p1_W3_E3.13,78.0,29.9,11.0,2,315.2
p1_W3_E3.16,96.0,19.93,3.0,1,274.68
p1_W1_E1.14,84.0,12.36,0.0,0,267.08
p1_E_W.7,101.0,15.68,3.0,1,276.65
p1_E_W.6,87.0,34.13,9.0,2,341.81
p1_W3_E3.12,72.0,31.85,11.0,2,313.11
p1_N2_W2.1,63.0,42.25,16.0,3,338.0
p1_E1_W1.5,72.0,23.82,5.0,1,298.84
p1_E3_N1.1,61.0,22.98,5.0,1,391.96
p1_W_E.17,102.0,25.0,10.0,1,291.47
p1_N1_S1.6,120.0,7.67,0.0,0,242.44
p1_S2_N2.5,100.0,16.65,3.0,1,276.07
p1_W_E.16,96.0,27.8,10.0,1,308.01
p1_N1_S1.5,100.0,25.79,7.0,2,304.72
p1_N2_S2.5,100.0,32.34,14.0,2,318.89
p1_W_E.19,114.0,20.01,5.0,1,291.41
p1_S1_N1.5,100.0,22.06,6.0,1,296.76
p1_W_E.21,126.0,8.72,0.0,0,252.36
p1_E3_W3.8,116.0,16.92,2.0,1,272.42
p1_N3_S3.5,100.0,36.43,19.0,2,319.48
p1_E1_W1.8,116.0,23.5,4.0,1,315.78
p1_W1_E1.18,108.0,29.99,11.0,1,307.94
p1_W1_E1.19,114.0,25.93,5.0,2,297.28
p1_W1_E1.20,120.0,21.58,2.0,1,294.33
p1_E1_W1.7,101.0,30.88,13.0,2,314.84
p1_E1_N3.3,180.0,7.09,0.0,0,163.81
p1_W3_E3.18,108.0,36.29,13.0,3,332.56
p1_W3_E3.19,114.0,30.55,5.0,3,327.47
p1_E_W.9,130.0,13.32,0.0,0,269.15
p1_W3_S3.2,123.0,22.48,1.0,1,297.11
p1_W3_E3.21,126.0,17.61,2.0,1,279.92
p1_E3_W3.9,130.0,9.01,0.0,0,231.22
p1_E2_N2.2,120.0,23.59,2.0,1,300.48
p1_W3_E3.20,120.0,15.89,0.0,0,279.68
p1_W1_S1.2,123.0,31.57,12.0,1,309.55
p1_W_E.22,132.0,21.92,8.0,1,285.89
p1_S3_N3.5,100.0,47.34,25.0,3,353.25
p1_S1_N1.6,120.0,33.09,13.0,2,325.22
p1_W_E.23,138.0,17.5,4.0,1,273.38
p1_W_E.18,108.0,39.63,19.0,2,325.97
p1_E_W.8,116.0,17.19,2.0,1,273.02
p1_S2_N2.6,120.0,32.37,10.0,1,319.64
p1_S2_E2.2,123.0,34.69,7.0,2,343.21
p1_N1_S1.7,140.0,9.24,0.0,0,240.51
p1_W2_S2.2,123.0,35.07,10.0,1,328.11
p1_N1_W3.2,123.0,34.97,13.0,2,331.67
p1_W_E.20,120.0,27.73,9.0,1,309.15
p1_N3_S3.6,120.0,31.97,14.0,2,322.24
p1_S3_E3.3,183.0,19.37,4.0,1,179.58
p1_S2_N2.7,140.0,12.51,0.0,0,258.9
p1_N2_S2.6,120.0,27.41,8.0,2,306.29
p1_N3_S3.7,140.0,22.88,10.0,1,288.39
p1_W1_E1.22,132.0,33.22,15.0,2,314.48
p1_W_E.25,150.0,15.28,0.0,0,281.72
p1_W_E.26,156.0,9.48,0.0,0,257.36
p1_N3_W1.2,123.0,43.45,16.0,3,344.65
p1_E3_W3.10,144.0,23.24,4.0,2,296.95
p1_S1_E1.1,63.0,58.57,20.0,3,494.32
p1_E1_W1.9,130.0,29.89,10.0,2,309.96
p1_W3_E3.22,132.0,36.35,16.0,2,339.44
p1_W1_E1.21,126.0,28.19,10.0,1,309.55
p1_W1_E1.24,144.0,26.0,2.0,1,321.93
p1_E_W.10,144.0,21.2,8.0,1,282.73
p1_W1_E1.23,138.0,33.43,8.0,1,315.66
p1_W3_E3.23,138.0,26.13,7.0,1,302.29
p1_W3_E3.25,150.0,21.45,6.0,1,285.62
p1_N2_W2.2,123.0,43.89,13.0,3,343.67
p1_W_E.24,144.0,18.97,4.0,1,282.5
p1_W3_E3.24,144.0,23.09,6.0,1,293.08
p1_W1_E1.25,150.0,22.85,0.0,0,311.62
p1_E1_W1.10,144.0,10.05,0.0,0,256.22
p1_S3_N3.7,140.0,38.35,19.0,2,327.58
p1_S2_N2.8,160.0,18.68,4.0,1,284.44
p1_N1_S1.8,160.0,20.0,5.0,1,299.13
p1_S3_N3.6,120.0,53.61,28.0,3,361.61
p1_N2_S2.8,160.0,21.57,7.0,1,301.29
p1_E_W.11,159.0,9.55,0.0,0,242.75
p1_S1_N1.8,160.0,19.39,6.0,1,273.84
p1_E3_N1.2,120.0,18.36,0.0,0,385.98
p1_N3_S3.8,160.0,21.16,7.0,1,283.39
p1_N2_S2.7,140.0,35.53,17.0,2,319.97
p1_E1_W1.12,173.0,16.51,0.0,0,294.71
p1_E1_W1.11,159.0,32.44,11.0,1,316.37
p1_W1_E1.27,162.0,29.24,8.0,1,320.63
p1_W1_E1.29,174.0,17.86,0.0,0,290.32
p1_S1_N1.7,140.0,28.53,10.0,2,308.57
p1_W1_E1.28,168.0,25.54,7.0,1,307.0
p1_W_E.28,168.0,24.91,9.0,1,306.58
p1_E_W.12,173.0,21.1,6.0,1,292.75
p1_W3_E3.29,174.0,20.43,5.0,1,306.2
p1_W3_E3.27,162.0,32.66,13.0,2,330.05
p1_W_E.30,180.0,12.97,0.0,0,266.44
p1_W_E.31,186.0,8.98,0.0,0,249.57
p1_E3_W3.11,159.0,22.15,8.0,1,283.39
p1_W3_E3.28,168.0,28.44,5.0,1,317.1
p1_W1_E1.26,156.0,26.82,12.0,1,300.98
p1_W_E.29,174.0,22.78,4.0,1,289.88
p1_E_W.13,188.0,8.81,0.0,0,264.26
p1_W3_E3.26,156.0,37.4,17.0,2,322.1
p1_W1_E1.30,180.0,8.85,0.0,0,243.74
p1_W3_E3.30,180.0,15.43,0.0,0,276.98
p1_W3_S3.3,182.0,19.85,0.0,0,292.6
p1_E1_N3.4,240.0,7.63,0.0,0,165.95
p1_S1_N1.9,180.0,25.92,8.0,2,306.71
p1_E3_W3.12,173.0,10.39,0.0,0,250.24
p1_W_E.27,162.0,23.37,9.0,1,287.11
p1_W1_S1.3,183.0,21.65,6.0,1,288.02
p1_S3_N3.10,200.0,8.07,0.0,0,242.45
p1_W2_S2.3,183.0,26.84,4.0,1,311.54
p1_S2_N2.10,200.0,8.85,0.0,0,247.62
p1_S3_N3.8,160.0,50.01,25.0,2,362.82
p1_N2_S2.9,180.0,31.22,12.0,2,320.23
p1_S2_N2.9,180.0,31.37,13.0,2,311.44
p1_N1_W3.3,183.0,23.14,3.0,1,318.53
p1_N1_S1.9,180.0,24.35,1.0,1,300.04
p1_N3_S3.9,180.0,34.27,10.0,3,338.21
p1_S3_N3.9,180.0,21.11,6.0,1,279.49
p1_S3_E3.4,243.0,16.76,3.0,1,180.18
p1_E2_N2.3,180.0,37.16,14.0,2,345.48
p1_E1_W1.13,188.0,25.94,9.0,1,306.8
p1_E1_W1.14,202.0,15.23,0.0,0,293.1
p1_N3_W1.3,183.0,31.87,8.0,1,321.05
p1_E3_W3.14,202.0,11.63,0.0,0,261.62
p1_W1_E1.32,192.0,30.38,11.0,2,328.02
p1_W1_E1.33,198.0,19.8,1.0,1,295.93
p1_E_W.14,202.0,23.64,9.0,1,290.34
p1_S1_E1.2,123.0,49.16,13.0,3,472.5
p1_W1_E1.31,186.0,30.1,8.0,1,320.18
p1_W3_E3.32,192.0,33.33,6.0,3,339.88
p1_W3_E3.31,186.0,35.56,11.0,2,330.16
p1_W_E.33,198.0,28.86,7.0,2,330.69
p1_W1_E1.34,204.0,11.34,0.0,0,264.79
p1_W3_E3.34,204.0,22.17,0.0,0,295.72
p1_W3_E3.33,198.0,26.03,0.0,0,325.6
p1_W_E.35,210.0,22.51,1.0,1,302.31
p1_S2_E2.3,183.0,43.08,21.0,3,348.82
p1_W3_E3.35,210.0,23.05,0.0,0,308.61
p1_N2_W2.3,183.0,31.46,8.0,2,317.79
p1_W_E.32,192.0,35.26,10.0,2,323.77
p1_E3_W3.13,188.0,21.47,7.0,1,283.92
p1_N1_S1.10,200.0,37.22,17.0,2,323.32
p1_S1_N1.10,200.0,37.24,18.0,2,324.76
p1_N1_S1.11,220.0,17.32,4.0,1,266.62
p1_S1_N1.11,220.0,17.31,3.0,1,265.59
p1_W_E.34,204.0,21.61,0.0,0,301.43
p1_N2_S2.11,220.0,13.92,0.0,0,276.08
p1_N3_S3.11,220.0,17.43,3.0,1,266.84
p1_N2_S2.10,200.0,30.28,12.0,2,301.04
p1_E1_W1.15,216.0,18.67,4.0,1,270.24
p1_N3_S3.10,200.0,35.66,17.0,2,317.38
p1_S3_N3.11,220.0,10.4,0.0,0,264.22
p1_E1_W1.16,231.0,9.42,0.0,0,235.56
p1_E3_W3.16,231.0,15.77,0.0,0,291.24
p1_W1_E1.38,228.0,21.03,4.0,1,289.65
p1_W1_E1.36,216.0,30.44,12.0,2,312.26
p1_E_W.15,216.0,34.16,16.0,2,328.7
p1_W1_E1.39,234.0,17.0,2.0,1,277.31
p1_W3_E3.36,216.0,37.47,13.0,3,343.69
p1_W1_E1.37,222.0,30.82,6.0,2,329.19
p1_E_W.16,231.0,18.22,5.0,1,283.03
p1_E3_W3.17,245.0,7.79,0.0,0,242.69
p1_W3_E3.37,222.0,29.66,5.0,3,329.73
p1_W3_E3.39,234.0,21.44,1.0,1,294.02
p1_W1_E1.35,210.0,28.87,12.0,2,308.34
p1_W3_E3.38,228.0,27.88,5.0,2,320.55
p1_S2_N2.11,220.0,31.69,12.0,1,304.23
p1_W_E.37,222.0,39.1,12.0,3,350.91
p1_E_W.17,245.0,8.71,0.0,0,253.78
p1_S1_N1.12,240.0,22.92,9.0,1,279.06
p1_W_E.36,216.0,41.22,15.0,3,339.08
p1_W1_S1.4,243.0,22.93,6.0,1,287.38
p1_N1_W3.4,243.0,22.43,6.0,1,294.67
p1_W_E.39,234.0,23.89,5.0,2,292.51
p1_N1_S1.12,240.0,26.55,11.0,1,319.8
p1_W_E.40,240.0,17.55,2.0,1,261.59
p1_N3_W1.4,243.0,23.13,4.0,1,302.53
p1_W2_S2.4,243.0,20.93,2.0,1,290.43
p1_E1_W1.18,260.0,8.13,0.0,0,236.09
p1_E2_N2.4,240.0,27.47,5.0,3,320.31
p1_W_E.38,228.0,22.74,3.0,1,299.43
p1_E1_W1.17,245.0,24.87,11.0,1,305.93
p1_W_E.41,246.0,24.54,0.0,0,288.91
p1_N3_S3.12,240.0,30.9,12.0,2,307.33
p1_E3_W3.18,260.0,13.14,0.0,0,268.39
p1_W1_E1.42,252.0,22.02,4.0,1,302.49
p1_E1_N3.5,300.0,17.54,7.0,1,187.34
p1_S3_E3.5,303.0,14.16,2.0,1,172.48
p1_W1_E1.41,246.0,25.59,5.0,2,308.62
p1_W1_E1.43,258.0,18.48,2.0,1,293.88
p1_S1_E1.3,183.0,50.78,12.0,3,488.02
p1_S2_E2.4,243.0,20.35,5.0,1,277.15
p1_W1_E1.40,240.0,32.49,10.0,2,330.24
p1_E_W.18,260.0,21.81,2.0,1,309.42
p1_E_W.19,274.0,8.29,0.0,0,256.56
p1_W3_S3.4,243.0,40.84,14.0,3,349.48
p1_E3_N1.3,180.0,53.7,22.0,2,436.88
p1_S2_N2.12,240.0,43.68,16.0,2,362.14
p1_W3_E3.42,252.0,32.08,7.0,2,331.31
p1_E3_W3.15,216.0,36.22,17.0,2,322.89
p1_W3_E3.44,264.0,22.51,5.0,1,281.23
p1_W3_E3.40,240.0,45.28,18.0,3,362.39
p1_W3_E3.41,246.0,42.92,14.0,3,355.69
p1_S3_N3.12,240.0,43.73,19.0,3,342.8
p1_W3_E3.43,258.0,27.44,4.0,2,310.64
p1_W_E.43,258.0,34.38,10.0,3,332.51
p1_N2_S2.13,260.0,32.11,14.0,2,317.8
p1_W_E.44,264.0,28.46,6.0,2,320.15
p1_N1_S1.13,260.0,34.02,16.0,2,316.77
p1_W_E.45,270.0,24.33,3.0,1,310.81
p1_W_E.42,252.0,37.84,13.0,3,341.87
p1_E1_W1.20,288.0,7.77,0.0,0,237.21
p1_W1_E1.45,270.0,30.79,10.0,2,337.99
p1_W1_E1.47,282.0,18.88,5.0,1,278.24
p1_N2_S2.12,240.0,32.82,13.0,1,312.12
p1_N3_S3.13,260.0,42.0,22.0,2,330.83
p1_W1_E1.46,276.0,26.8,4.0,1,317.64
p1_W1_E1.48,288.0,16.66,2.0,1,275.52
p1_W1_E1.44,264.0,32.09,12.0,2,311.69
p1_E3_W3.19,274.0,30.91,11.0,1,320.26
p1_W_E.47,282.0,25.49,7.0,2,306.43
p1_W_E.48,288.0,18.9,2.0,1,285.36
p1_S1_N1.14,280.0,28.14,7.0,1,302.71
p1_N3_S3.15,300.0,7.66,0.0,0,249.09
p1_S2_N2.13,260.0,48.79,25.0,3,363.48
p1_S2_N2.14,280.0,28.87,9.0,1,300.59
p1_E_W.20,288.0,20.8,6.0,1,294.71
p1_S1_N1.13,260.0,47.32,22.0,3,352.51
p1_E1_W1.19,274.0,14.78,0.0,0,275.11
p1_W_E.49,294.0,14.13,0.0,0,262.37
p1_E_W.21,303.0,8.28,0.0,0,249.81
p1_N2_W2.4,243.0,59.38,32.0,3,372.08
p1_W_E.50,300.0,9.75,0.0,0,254.08
p1_W3_E3.46,276.0,39.96,12.0,3,344.68
p1_W3_E3.48,288.0,27.87,10.0,2,310.01
p1_N1_S1.14,280.0,38.57,20.0,2,323.36
p1_S3_N3.14,280.0,38.08,16.0,2,327.44
p1_W3_E3.47,282.0,36.14,8.0,1,328.45
p1_W1_S1.5,303.0,15.07,0.0,0,281.76
p1_E3_W3.20,288.0,9.93,0.0,0,257.46
p1_E1_W1.21,303.0,16.35,2.0,1,279.38
p1_W3_E3.45,270.0,38.34,13.0,3,320.13
p1_N1_S1.15,300.0,18.7,6.0,1,267.27
p1_N2_S2.15,300.0,21.98,7.0,1,292.77
p1_N3_W1.5,303.0,10.48,0.0,0,260.37
p1_S3_N3.13,260.0,44.16,19.0,3,332.91
p1_N2_S2.14,280.0,36.73,17.0,2,313.35
p1_E3_W3.22,317.0,13.04,0.0,0,269.67
p1_N3_S3.14,280.0,41.18,22.0,2,322.53
p1_W1_E1.50,300.0,31.28,12.0,2,326.01
p1_W1_E1.49,294.0,35.49,16.0,2,321.3
p1_E3_W3.21,303.0,29.72,13.0,1,326.41
p1_E3_N1.4,240.0,51.61,19.0,2,427.95
p1_S2_E2.5,303.0,30.77,9.0,2,321.87
p1_S1_N1.15,300.0,35.05,16.0,2,326.83
p1_S2_N2.15,300.0,35.02,13.0,2,336.11
p1_W_E.53,318.0,15.16,0.0,0,280.32
p1_E1_N3.6,363.0,7.68,0.0,0,164.56
p1_W_E.54,324.0,13.45,0.0,0,269.31
p1_W_E.52,312.0,27.29,5.0,1,326.97
p1_E3_W3.23,332.0,7.14,0.0,0,238.12
p1_S3_E3.6,363.0,8.52,0.0,0,156.15
p1_E_W.23,332.0,8.24,0.0,0,248.42
p1_W_E.51,306.0,35.15,10.0,1,324.08
p1_W_E.46,276.0,35.59,12.0,1,330.34
p1_W3_E3.52,312.0,30.77,2.0,1,308.77
p1_S3_N3.15,300.0,42.79,24.0,2,333.55
p1_E_W.22,317.0,19.16,5.0,1,264.38
p1_W3_E3.53,318.0,22.39,2.0,1,281.56
p1_W3_E3.50,300.0,24.62,3.0,1,303.84
p1_N1_W3.5,303.0,45.1,25.0,2,346.41
p1_S3_N3.17,340.0,8.33,0.0,0,245.8
p1_W3_E3.49,294.0,42.16,14.0,2,330.38
p1_W3_S3.5,303.0,28.7,4.0,1,325.6
p1_N2_S2.16,320.0,22.13,7.0,1,281.48
p1_E2_N2.5,300.0,16.83,1.0,1,266.11
p1_W2_S2.5,303.0,37.35,19.0,2,334.3
p1_W3_E3.51,306.0,25.29,4.0,1,306.62
p1_E1_W1.23,332.0,9.84,0.0,0,251.34
p1_N2_S2.17,340.0,14.0,1.0,1,267.39
p1_E1_W1.22,317.0,27.06,13.0,1,284.55
p1_N1_S1.16,320.0,18.44,5.0,1,268.31
p1_N3_S3.16,320.0,34.08,10.0,2,332.61
p1_W1_E1.56,336.0,21.28,5.0,1,293.38
p1_S1_E1.4,243.0,71.6,39.0,4,508.16
p1_W1_E1.54,324.0,35.38,8.0,2,340.58
p1_E_W.24,346.0,14.0,0.0,0,280.74
p1_E3_W3.24,346.0,15.41,2.0,1,268.35
p1_W1_E1.55,330.0,27.47,3.0,1,315.53
p1_W1_E1.53,318.0,46.16,15.0,3,351.81
p1_S1_N1.16,320.0,32.48,8.0,3,326.6
p1_S2_N2.16,320.0,32.57,11.0,2,325.66
p1_N2_W2.5,303.0,52.97,30.0,3,348.86
p1_W1_E1.51,306.0,38.23,19.0,2,303.89
p1_W3_E3.54,324.0,39.9,15.0,3,336.97
p1_W3_E3.55,330.0,33.12,11.0,3,330.14
p1_W_E.56,336.0,33.27,15.0,2,336.27
p1_W_E.58,348.0,21.27,5.0,1,284.95
p1_W3_E3.56,336.0,34.25,6.0,3,334.45
p1_W1_E1.52,312.0,35.69,13.0,2,325.42
p1_W_E.57,342.0,29.29,9.0,2,317.12
p1_W3_E3.57,342.0,29.12,1.0,1,323.86
p1_W_E.59,354.0,17.43,4.0,1,277.88
p1_E1_W1.24,346.0,25.81,10.0,1,305.51
p1_N3_W1.6,363.0,9.81,0.0,0,256.56
p1_W1_S1.6,363.0,11.24,0.0,0,259.6
p1_E1_W1.25,360.0,17.0,4.0,1,275.51
p1_N1_S1.17,340.0,27.56,11.0,1,290.97
p1_N3_S3.18,360.0,19.43,5.0,1,272.8
p1_W_E.55,330.0,27.11,7.0,2,294.64
p1_N1_W3.6,362.0,19.51,2.0,1,290.12
p1_W1_E1.57,342.0,41.8,22.0,2,339.81
p1_W_E.62,372.0,12.87,0.0,0,278.95
p1_E1_N3.7,421.0,7.43,0.0,0,163.49
p1_W1_E1.58,348.0,31.14,13.0,2,308.91
p1_W1_E1.59,354.0,31.15,10.0,2,320.3
p1_S1_N1.18,360.0,26.46,10.0,1,300.56
p1_S1_N1.17,340.0,45.59,18.0,3,350.71
p1_N3_S3.17,340.0,31.77,12.0,2,311.03
p1_W2_S2.6,363.0,24.77,4.0,1,290.77
p1_W1_E1.61,366.0,21.36,4.0,1,293.08
p1_E_W.26,375.0,13.36,0.0,0,264.79
p1_E3_N1.5,300.0,46.55,19.0,2,430.65
p1_E3_W3.26,375.0,14.28,0.0,0,267.82
p1_W1_E1.60,360.0,18.64,5.0,1,270.13
p1_E2_N2.6,363.0,28.04,0.0,0,318.07
p1_S3_E3.7,423.0,7.93,0.0,0,157.12
p1_W3_E3.59,354.0,39.46,14.0,3,351.21
p1_W3_S3.6,363.0,30.54,7.0,3,337.37
p1_E3_W3.25,360.0,26.42,10.0,1,301.04
p1_E_W.25,360.0,14.98,0.0,0,280.86
p1_S2_N2.19,380.0,16.02,2.0,1,289.57
p1_E1_W1.26,375.0,22.32,9.0,1,287.86
p1_W3_E3.60,360.0,29.71,3.0,1,318.6
p1_W3_E3.62,372.0,16.51,0.0,0,284.98
p1_S3_N3.18,360.0,32.1,11.0,1,315.19
p1_W3_E3.63,378.0,21.54,0.0,0,294.67
p1_N1_S1.18,360.0,37.18,17.0,2,329.61
p1_S2_N2.17,340.0,26.03,6.0,2,301.43
p1_W3_E3.61,366.0,26.08,0.0,0,313.32
p1_S3_N3.16,320.0,63.31,39.0,3,357.57
p1_E1_W1.27,389.0,13.73,2.0,1,269.57
p1_W3_E3.58,348.0,32.03,9.0,1,312.89
p1_W_E.63,378.0,27.66,9.0,1,310.5
p1_W1_E1.65,390.0,19.18,7.0,1,287.74
p1_W_E.65,390.0,19.05,4.0,1,286.12
p1_W_E.60,360.0,35.58,16.0,2,313.49
p1_W1_E1.64,384.0,25.75,9.0,1,302.16
p1_W1_E1.62,372.0,39.23,11.0,2,343.94
p1_W_E.67,402.0,9.11,0.0,0,242.92
p1_S1_N1.19,380.0,32.26,11.0,2,326.54
p1_W_E.61,366.0,29.97,10.0,1,305.93
p1_W_E.64,384.0,28.85,9.0,1,295.66
p1_E_W.28,404.0,8.89,0.0,0,253.4
p1_S1_E1.5,303.0,61.04,24.0,4,482.94
p1_N2_S2.18,360.0,43.27,19.0,3,340.94
p1_E_W.27,389.0,26.1,12.0,1,292.59
p1_W_E.66,396.0,12.09,0.0,0,266.61
p1_N2_W2.6,363.0,47.9,20.0,3,354.82
p1_W1_E1.63,378.0,22.62,9.0,1,283.97
p1_N3_S3.19,380.0,34.66,21.0,1,299.12
p1_E3_W3.27,389.0,23.54,9.0,1,287.84
p1_E3_W3.28,404.0,7.98,0.0,0,243.5
p1_S2_E2.6,363.0,60.66,22.0,2,335.96
p1_S3_N3.19,380.0,42.6,18.0,3,344.2
p1_S3_N3.20,400.0,22.62,4.0,2,303.04
p1_W3_E3.64,384.0,40.36,14.0,3,339.43
p1_W3_E3.67,402.0,24.18,5.0,2,305.52
p1_E1_W1.28,404.0,24.55,10.0,1,286.9
p1_W3_E3.68,408.0,20.15,2.0,1,291.95
p1_S2_N2.18,360.0,29.0,11.0,1,308.19
p1_W3_E3.65,390.0,20.19,1.0,1,301.67
p1_W3_E3.66,396.0,25.16,0.0,0,320.39
p1_E1_W1.29,418.0,7.58,0.0,0,233.0
p1_N1_S1.20,400.0,30.4,11.0,2,300.0
p1_N1_S1.19,380.0,49.73,25.0,3,344.1
p1_W1_E1.67,402.0,33.22,8.0,3,338.54
p1_W1_E1.66,396.0,39.73,16.0,3,336.02
p1_N1_S1.21,420.0,8.84,0.0,0,235.09
p1_N2_S2.20,400.0,37.67,16.0,2,322.74
p1_W1_E1.69,414.0,23.82,3.0,2,309.46
p1_S1_N1.21,420.0,19.2,4.0,1,269.68
p1_S1_E1.6,363.0,32.36,9.0,1,413.27
p1_N2_S2.19,380.0,51.12,25.0,3,356.72
p1_S1_N1.20,400.0,33.25,16.0,2,312.28
p1_N3_S3.20,400.0,28.23,11.0,1,303.14
p1_W1_E1.68,408.0,21.31,1.0,1,300.47
p1_W_E.69,414.0,27.54,8.0,1,320.85
p1_W_E.68,408.0,30.61,13.0,1,314.43
p1_E_W.29,418.0,11.89,0.0,0,271.45
p1_W_E.70,420.0,23.47,3.0,1,316.06
p1_S2_N2.20,400.0,43.86,25.0,2,330.86
p1_W2_S2.7,423.0,15.14,0.0,0,281.56
p1_W_E.71,426.0,17.76,0.0,0,289.34
p1_S2_N2.21,420.0,17.95,5.0,1,279.6
p1_W_E.72,432.0,13.29,0.0,0,275.88
p1_E2_N2.7,421.0,25.75,3.0,1,303.09
p1_W3_E3.70,420.0,28.27,7.0,1,317.75
p1_W3_E3.71,426.0,20.88,5.0,1,303.55
p1_S2_E2.7,423.0,26.92,11.0,1,304.54
p1_W3_E3.72,432.0,18.44,3.0,1,295.41
p1_E1_N3.8,480.0,7.81,0.0,0,161.89
p1_N2_W2.7,423.0,25.28,2.0,2,296.26
p1_E3_N1.6,363.0,41.44,12.0,3,448.24
p1_N3_W1.7,423.0,30.5,11.0,2,316.99
p1_W3_E3.69,414.0,30.12,9.0,2,303.22
p1_E1_W1.30,432.0,23.0,9.0,1,280.49
p1_E1_W1.31,447.0,8.09,0.0,0,239.33
p1_S3_N3.21,420.0,26.87,13.0,1,281.43
p1_W3_S3.7,423.0,28.81,6.0,1,320.51
p1_N1_S1.22,440.0,17.79,4.0,1,282.14
p1_S3_N3.22,440.0,16.91,5.0,1,274.71
p1_W1_S1.7,423.0,35.67,10.0,2,335.88
p1_N3_S3.21,420.0,42.79,19.0,3,351.81
p1_N2_S2.21,420.0,44.49,17.0,3,352.96
p1_N1_W3.7,423.0,25.19,6.0,2,301.51
p1_S3_E3.8,483.0,21.53,10.0,1,190.96
p1_S1_N1.22,440.0,18.68,4.0,1,277.74
p1_W1_E1.71,426.0,32.8,9.0,3,324.11
p1_S2_N2.22,440.0,29.53,9.0,2,314.92
p1_W1_E1.70,420.0,36.35,14.0,2,331.37
p1_E_W.31,447.0,24.33,6.0,2,303.59
p1_W1_E1.72,432.0,39.88,6.0,2,339.98
p1_W1_E1.73,438.0,34.38,5.0,1,333.12
p1_W3_E3.74,444.0,30.26,10.0,2,317.94
p1_E_W.32,461.0,13.49,0.0,0,265.23
p1_E_W.30,432.0,30.39,8.0,2,322.27
p1_W3_E3.73,438.0,36.74,17.0,2,339.31
p1_E3_W3.31,447.0,27.99,9.0,1,313.48
p1_W3_E3.77,462.0,14.52,0.0,0,271.39
p1_E3_W3.30,432.0,26.24,12.0,1,280.95
p1_W_E.74,444.0,31.75,13.0,2,320.74
p1_W_E.75,450.0,27.13,9.0,1,320.08
p1_W3_E3.75,450.0,26.67,6.0,1,317.56
p1_E3_W3.29,418.0,29.21,14.0,1,300.67
p1_W_E.73,438.0,35.94,15.0,2,313.43
p1_W_E.76,456.0,18.1,5.0,1,274.67
p1_W3_E3.76,456.0,16.42,2.0,1,271.67
p1_N1_S1.23,460.0,23.68,11.0,1,285.48
p1_E1_W1.33,476.0,8.12,0.0,0,242.13
p1_S3_N3.23,460.0,25.9,10.0,1,308.94
p1_N1_S1.24,480.0,8.04,0.0,0,242.75
p1_N2_S2.23,460.0,29.15,10.0,2,310.64
p1_W_E.80,480.0,10.09,0.0,0,254.17
p1_S1_N1.23,460.0,30.92,10.0,2,325.53
p1_W_E.79,474.0,17.56,0.0,0,277.92
p1_W1_E1.75,450.0,39.73,16.0,3,336.35
p1_W1_E1.74,444.0,42.37,17.0,3,345.93
p1_W_E.78,468.0,14.87,2.0,1,262.13
p1_W2_S2.8,483.0,11.42,0.0,0,257.77
p1_W_E.81,486.0,7.84,0.0,0,245.03
p1_W1_E1.76,456.0,40.14,6.0,3,348.31
p1_S2_N2.23,460.0,35.78,16.0,2,320.0
p1_W1_E1.77,462.0,27.28,6.0,1,301.02
p1_N3_S3.23,460.0,26.18,9.0,1,302.6
p1_N3_S3.22,440.0,43.79,23.0,2,348.22
p1_W_E.77,462.0,19.71,6.0,1,277.78
p1_E3_W3.33,476.0,19.22,5.0,1,285.31
p1_E2_N2.8,480.0,9.82,0.0,0,263.76
p1_E3_W3.34,490.0,8.77,0.0,0,250.63
p1_N2_S2.22,440.0,23.37,1.0,1,300.57
p1_S2_N2.24,480.0,22.06,9.0,1,285.02
p1_E3_N1.7,421.0,41.04,9.0,2,444.43
p1_E_W.33,476.0,19.65,8.0,1,277.08
p1_N3_W1.8,483.0,19.31,2.0,1,292.38
p1_S3_N3.24,480.0,26.13,13.0,1,292.48
p1_W3_E3.80,480.0,24.28,3.0,2,322.23
p1_W3_E3.81,486.0,16.28,0.0,0,286.86
p1_E1_W1.32,461.0,22.23,4.0,1,296.38
p1_W1_S1.8,483.0,29.92,9.0,2,311.24
p1_W3_S3.8,483.0,29.29,0.0,0,303.88
p1_W3_E3.79,474.0,22.64,3.0,2,288.16
p1_S1_N1.24,480.0,34.99,14.0,2,342.82
p1_N2_S2.24,480.0,35.37,14.0,2,311.72
p1_W3_E3.78,468.0,26.23,4.0,1,298.95
p1_W_E.82,492.0,24.57,12.0,1,284.56
p1_W_E.83,498.0,18.74,6.0,1,285.28
p1_N2_W2.8,483.0,32.75,7.0,1,324.18
p1_W_E.84,504.0,14.33,0.0,0,273.26
p1_E1_N3.9,540.0,19.96,9.0,1,189.6
p1_W1_E1.79,474.0,40.24,16.0,2,336.47
p1_W1_E1.78,468.0,42.03,20.0,3,338.16
p1_S2_N2.25,500.0,19.38,6.0,1,281.97
p1_W1_E1.81,486.0,36.91,6.0,1,345.94
p1_E3_W3.35,504.0,18.94,4.0,1,290.98
p1_W1_E1.80,480.0,37.76,8.0,2,334.88
p1_W_E.85,510.0,8.19,0.0,0,240.24
p1_N1_W3.8,483.0,24.34,9.0,1,292.81
p1_W1_E1.82,492.0,29.14,5.0,1,338.87
p1_N3_S3.25,500.0,26.48,12.0,1,294.1
p1_N3_S3.24,480.0,48.37,28.0,2,338.87
p1_E3_W3.36,519.0,8.0,0.0,0,241.25
p1_N3_S3.26,520.0,7.92,0.0,0,243.2
p1_E_W.35,504.0,24.64,5.0,1,303.36
p1_S2_E2.8,483.0,42.05,22.0,2,321.46
p1_E1_W1.34,490.0,40.34,23.0,2,318.32
p1_S3_E3.9,543.0,20.37,9.0,1,182.25
p1_E3_W3.32,461.0,36.27,17.0,2,309.36
p1_E_W.34,490.0,24.17,5.0,2,301.98
p1_E1_W1.35,504.0,22.7,8.0,1,276.47
p1_S3_N3.25,500.0,18.75,6.0,1,281.53
p1_W3_E3.82,492.0,46.29,22.0,3,355.86
p1_W3_E3.83,498.0,40.59,19.0,3,345.9
p1_N2_S2.25,500.0,41.18,16.0,3,340.19
p1_W3_E3.84,504.0,37.0,11.0,3,341.18
p1_N1_S1.26,520.0,18.57,1.0,1,295.06
p1_S1_N1.26,520.0,22.0,4.0,1,297.04
p1_W3_E3.85,510.0,25.14,6.0,1,304.38
p1_W1_E1.84,504.0,40.54,15.0,3,334.23
p1_S1_N1.25,500.0,32.94,14.0,2,314.51
p1_W1_E1.86,516.0,29.02,6.0,2,318.04
p1_W1_E1.87,522.0,24.92,4.0,1,299.12
p1_S2_N2.26,520.0,28.31,8.0,2,317.0
p1_W1_E1.85,510.0,38.68,8.0,3,339.3
p1_W1_E1.83,498.0,52.56,20.0,3,364.48
p1_N1_S1.25,500.0,27.58,14.0,1,293.87
p1_E3_W3.37,533.0,20.25,7.0,1,274.87
p1_S1_E1.7,423.0,54.1,21.0,4,469.82
p1_E_W.36,519.0,35.35,18.0,2,316.06
p1_E_W.37,533.0,20.97,8.0,1,276.31
p1_W_E.86,516.0,38.83,17.0,2,324.5
p1_E1_W1.36,519.0,33.0,15.0,2,319.53
p1_W_E.88,528.0,28.84,8.0,2,310.3
p1_E3_W3.38,548.0,7.46,0.0,0,239.8
p1_N3_W1.9,543.0,13.35,0.0,0,275.94
p1_S3_N3.27,540.0,24.68,10.0,1,292.92
p1_E_W.38,548.0,16.82,2.0,1,278.34
p1_W_E.90,540.0,26.39,11.0,1,291.43
p1_S1_N1.27,540.0,28.39,5.0,2,319.03
p1_N2_S2.26,520.0,40.19,19.0,3,336.13
p1_W1_E1.89,534.0,36.78,9.0,3,352.87
p1_W1_E1.90,540.0,29.81,8.0,1,316.74
p1_W3_S3.9,543.0,28.34,10.0,1,300.65
p1_E1_N3.10,600.0,14.91,2.0,1,178.83
p1_W3_E3.86,516.0,46.64,22.0,2,358.48
p1_W3_E3.89,534.0,37.93,8.0,1,310.83
p1_N1_S1.27,540.0,32.42,11.0,2,334.08
p1_W2_S2.9,542.0,30.16,11.0,1,302.04
p1_N1_W3.9,543.0,25.98,8.0,2,305.31
p1_W1_E1.91,546.0,26.84,7.0,1,309.34
p1_S2_N2.27,540.0,33.62,16.0,2,325.21
p1_W1_S1.9,543.0,31.31,8.0,2,331.47
p1_N1_S1.28,560.0,14.31,1.0,1,269.0
p1_W3_E3.88,528.0,28.83,10.0,1,307.41
p1_W1_E1.88,528.0,31.28,10.0,3,317.52
p1_E1_W1.37,533.0,48.42,28.0,3,339.19
p1_E3_N1.8,480.0,59.2,19.0,4,448.24
p1_N3_S3.27,540.0,42.63,23.0,2,339.27
p1_E1_W1.39,562.0,21.01,7.0,1,275.23
p1_S3_E3.10,603.0,24.65,9.0,1,188.6
p1_S3_N3.26,520.0,56.83,31.0,3,374.94
p1_W_E.91,546.0,39.97,19.0,2,328.31
p1_S3_N3.28,560.0,26.15,9.0,1,288.32
p1_E2_N2.9,540.0,48.05,24.0,3,364.7
p1_W3_E3.87,522.0,19.3,2.0,1,287.36
p1_W_E.92,552.0,35.7,16.0,2,319.15
p1_S1_E1.8,483.0,55.8,18.0,4,487.85
p1_W_E.87,522.0,56.09,33.0,3,368.66
p1_E3_W3.39,562.0,19.79,6.0,1,276.73
p1_W_E.89,534.0,47.89,23.0,2,354.8
p1_S2_E2.9,543.0,43.37,19.0,3,340.24
p1_W_E.93,558.0,26.9,7.0,1,300.68
p1_W_E.94,564.0,29.18,12.0,1,302.5
p1_W_E.95,570.0,23.34,10.0,1,283.62
p1_E1_W1.38,548.0,24.69,9.0,1,294.83
p1_W3_E3.93,558.0,37.3,15.0,2,341.3
p1_W3_E3.91,546.0,49.74,25.0,3,366.04
p1_W1_E1.93,558.0,38.23,11.0,3,337.71
p1_N2_S2.28,560.0,24.74,8.0,2,300.11
p1_W3_E3.92,552.0,45.58,19.0,2,356.32
p1_W1_E1.94,564.0,32.98,8.0,1,332.88
p1_N2_S2.27,540.0,41.02,16.0,3,331.66
p1_S1_N1.28,560.0,40.43,19.0,2,329.71
p1_W1_E1.95,570.0,25.16,5.0,1,303.79
p1_W3_E3.95,570.0,27.28,12.0,1,294.75
p1_W3_E3.90,540.0,49.48,23.0,3,352.42
p1_W1_E1.92,552.0,38.65,12.0,3,330.21
p1_W_E.96,576.0,24.97,10.0,1,277.46
p1_S1_N1.29,580.0,20.65,6.0,1,281.12
p1_W_E.97,582.0,19.24,5.0,1,280.1
p1_N1_S1.29,580.0,21.77,8.0,1,297.04
p1_W3_E3.97,582.0,20.24,3.0,1,291.17
p1_E_W.39,562.0,22.72,10.0,1,288.09
p1_N2_W2.9,543.0,56.91,28.0,4,380.24
p1_W3_E3.99,594.0,9.95,0.0,0,263.67
p1_W3_E3.94,564.0,23.73,8.0,1,288.65
p1_W3_E3.96,576.0,30.32,11.0,1,297.5
p1_W3_E3.98,588.0,17.79,1.0,1,291.34
p1_N3_S3.28,560.0,53.28,28.0,3,367.99
p1_N3_S3.29,580.0,33.72,13.0,2,309.28
p1_E1_W1.40,576.0,25.6,12.0,1,285.28
p1_E3_W3.40,576.0,37.68,17.0,2,326.79
p1_E_W.41,591.0,24.38,11.0,1,288.67
p1_N2_S2.29,580.0,40.33,15.0,2,345.42
p1_W_E.98,588.0,31.78,12.0,1,314.89
p1_W_E.99,594.0,25.84,11.0,1,285.92
p1_W_E.101,606.0,15.58,1.0,1,277.59
p1_W1_E1.96,576.0,46.55,23.0,3,358.13
p1_W_E.100,600.0,21.83,6.0,1,284.01
p1_E_W.40,576.0,39.69,22.0,2,329.64
p1_W1_E1.99,594.0,25.48,8.0,1,298.39
p1_W1_E1.100,600.0,25.16,7.0,1,295.65
p1_N1_S1.30,600.0,27.36,7.0,1,328.86
p1_S1_N1.30,600.0,26.69,8.0,2,308.87
p1_S2_N2.29,580.0,40.73,21.0,2,319.45
p1_W1_E1.97,582.0,33.78,9.0,3,320.08
p1_W3_E3.100,600.0,24.99,12.0,1,287.36
p1_W1_S1.10,603.0,25.28,10.0,1,302.67
p1_W2_S2.10,603.0,15.81,2.0,1,266.46
p1_E2_N2.10,600.0,16.65,0.0,0,278.54
p1_W1_E1.98,588.0,23.59,4.0,1,284.8
p1_S2_E2.10,603.0,30.99,11.0,1,302.28
p1_S1_E1.9,543.0,48.09,11.0,4,485.81
p1_S3_N3.31,620.0,15.11,0.0,0,281.01
p1_S2_N2.28,560.0,39.05,14.0,3,337.19
p1_N3_W1.10,603.0,35.09,13.0,2,330.53
p1_N1_W3.10,603.0,19.88,4.0,1,289.93
p1_E1_W1.42,605.0,25.86,13.0,1,286.49
p1_S3_N3.29,580.0,51.63,31.0,2,364.0
p1_N3_S3.31,620.0,18.7,5.0,1,279.98
p1_E1_W1.43,620.0,21.66,8.0,1,283.96
p1_N3_S3.30,600.0,29.92,12.0,1,304.61
p1_E3_W3.42,605.0,38.06,15.0,2,342.62
p1_S3_N3.30,600.0,23.84,10.0,1,284.65
p1_N2_S2.30,600.0,45.14,21.0,3,354.72
p1_S3_E3.11,663.0,18.54,6.0,1,177.77
p1_E3_N1.9,540.0,47.23,14.0,3,460.89
p1_E1_W1.41,591.0,34.27,14.0,2,310.58
p1_W1_E1.101,606.0,42.46,17.0,3,348.44
p1_W1_E1.103,618.0,30.79,7.0,1,328.63
p1_E_W.43,620.0,22.21,8.0,1,279.75
p1_E_W.44,634.0,15.25,1.0,1,270.62
p1_W1_E1.104,624.0,21.73,6.0,1,277.09
p1_S2_N2.31,620.0,27.97,10.0,2,307.5
p1_W1_E1.102,612.0,30.36,5.0,1,310.63
p1_W1_E1.105,630.0,19.76,5.0,1,283.08
p1_E3_W3.41,591.0,30.03,5.0,2,322.22
p1_S2_N2.30,600.0,41.57,22.0,2,318.39
p1_W3_E3.102,612.0,34.36,13.0,2,315.15
p1_W3_E3.103,618.0,37.13,13.0,2,316.11
p1_W3_S3.10,603.0,38.16,20.0,2,317.91
p1_E_W.42,605.0,31.54,13.0,2,311.86
p1_S1_N1.31,620.0,36.52,19.0,2,323.42
p1_E1_N3.11,660.0,24.22,13.0,1,193.42
p1_W_E.103,618.0,39.06,16.0,3,354.75
p1_W_E.104,624.0,33.39,7.0,2,332.04
p1_W3_E3.105,630.0,27.13,10.0,1,288.76
p1_N1_S1.32,640.0,15.89,2.0,1,271.21
p1_N2_W2.10,603.0,56.14,29.0,4,371.49
p1_W3_E3.104,624.0,35.0,13.0,1,334.77
p1_W_E.105,630.0,30.01,5.0,1,319.38
p1_W3_E3.106,636.0,25.39,11.0,1,300.93
p1_W3_E3.101,606.0,32.08,12.0,2,318.83
p1_N1_S1.31,620.0,28.3,8.0,2,303.27
p1_S1_N1.32,640.0,9.77,0.0,0,254.8
p1_S3_N3.32,640.0,26.41,10.0,2,309.99
p1_W_E.102,612.0,30.17,5.0,3,313.71
p1_E3_W3.44,634.0,34.33,14.0,2,313.05
p1_N3_S3.32,640.0,28.62,7.0,1,324.25
p1_E3_W3.43,620.0,42.52,19.0,3,337.52
p1_E1_W1.44,634.0,31.97,13.0,2,309.92
p1_E_W.45,648.0,23.23,6.0,1,308.32
p1_E_W.46,663.0,8.27,0.0,0,256.44
p1_E1_W1.45,648.0,19.04,6.0,1,289.2
p1_N2_S2.32,640.0,27.65,10.0,2,308.39
p1_N2_S2.31,620.0,44.43,20.0,3,350.76
p1_W1_E1.107,642.0,32.23,11.0,2,329.46
p1_W1_E1.108,648.0,26.9,10.0,1,305.55
p1_E2_N2.11,660.0,17.92,0.0,0,292.11
p1_W1_E1.106,636.0,35.78,14.0,2,325.61
p1_S2_N2.32,640.0,37.69,19.0,2,327.29
p1_W1_E1.109,654.0,16.41,3.0,1,269.04
p1_W3_E3.108,648.0,33.02,12.0,1,310.85
p1_N1_S1.33,660.0,21.37,7.0,1,297.68
p1_W3_E3.107,642.0,35.7,15.0,2,318.06
p1_W3_E3.109,654.0,27.64,12.0,1,294.32
p1_S1_N1.33,660.0,20.97,3.0,1,303.15
p1_N2_W2.11,663.0,22.71,7.0,1,276.41
p1_E3_N1.10,600.0,43.94,20.0,3,450.17
p1_S2_N2.33,660.0,21.25,8.0,1,277.16
p1_W1_S1.11,663.0,20.1,6.0,1,271.92
p1_S1_E1.10,603.0,32.28,5.0,3,435.84
p1_W_E.107,642.0,36.86,14.0,3,327.46
p1_N1_W3.11,663.0,18.24,3.0,1,284.93
p1_W_E.109,654.0,38.81,8.0,2,340.45
p1_W3_S3.11,663.0,26.52,10.0,1,292.74
p1_W_E.106,636.0,40.68,16.0,2,330.2
p1_E3_W3.45,648.0,46.26,23.0,3,344.67
p1_W_E.110,660.0,29.52,7.0,1,311.63
p1_E3_W3.46,663.0,31.96,11.0,2,312.65
p1_W_E.108,648.0,34.06,8.0,1,327.27
p1_N3_W1.11,663.0,29.24,4.0,2,320.54
p1_S2_E2.11,663.0,32.57,8.0,2,333.08
p1_W_E.112,672.0,24.88,8.0,1,300.72
p1_E1_W1.46,663.0,25.16,8.0,2,305.39
p1_S3_E3.12,723.0,18.39,5.0,1,185.79
p1_N2_S2.33,660.0,33.92,14.0,2,303.21
p1_E1_W1.47,677.0,15.81,2.0,1,272.13
p1_N3_S3.34,680.0,18.67,5.0,1,268.45
p1_W_E.114,684.0,8.66,0.0,0,250.31
p1_W_E.115,690.0,9.43,0.0,0,246.53
p1_W1_E1.110,660.0,40.42,19.0,2,339.18
p1_W2_S2.11,663.0,27.48,12.0,1,302.37
p1_W_E.113,678.0,23.43,4.0,1,304.35
p1_E1_N3.12,723.0,22.14,8.0,1,187.61
p1_W1_E1.111,666.0,36.3,15.0,2,329.93
p1_W1_E1.112,672.0,23.2,7.0,1,292.91
p1_E_W.47,677.0,27.69,8.0,2,313.41
p1_S2_N2.34,680.0,19.66,5.0,1,281.44
p1_W1_E1.114,684.0,21.21,5.0,1,279.88
p1_W_E.111,666.0,24.24,8.0,1,285.62
p1_W3_E3.112,672.0,35.24,13.0,2,321.46
p1_E3_W3.47,677.0,30.2,10.0,2,306.94
p1_W1_E1.113,678.0,18.84,5.0,1,274.34
p1_E_W.48,692.0,8.94,0.0,0,248.57
p1_N3_S3.33,660.0,29.53,10.0,2,309.08
p1_W3_E3.114,684.0,24.48,10.0,1,289.17
p1_W3_E3.110,660.0,40.89,24.0,2,322.28
p1_W3_E3.111,666.0,48.53,20.0,2,350.85
p1_W3_E3.113,678.0,30.34,9.0,1,307.68
p1_S3_N3.34,680.0,33.7,15.0,2,325.8
p1_N1_S1.35,700.0,14.01,0.0,0,266.11
p1_S1_N1.35,700.0,14.18,0.0,0,258.29
p1_W3_E3.115,690.0,25.87,10.0,1,283.34
p1_S3_N3.33,660.0,44.22,19.0,3,340.07
p1_N1_S1.34,680.0,29.21,9.0,2,306.16
p1_S1_N1.34,680.0,29.56,12.0,2,295.47
p1_W_E.117,702.0,20.48,4.0,1,304.03
p1_N2_S2.34,680.0,43.94,20.0,3,352.35
p1_E1_W1.49,706.0,20.56,2.0,2,292.39
p1_W1_E1.115,690.0,32.07,11.0,2,305.7
p1_W1_E1.116,696.0,20.53,1.0,1,286.09
p1_W1_E1.117,702.0,27.83,1.0,1,314.33
p1_E_W.49,706.0,24.27,6.0,2,304.15
p1_E3_W3.48,692.0,21.02,5.0,1,275.4
p1_W_E.116,696.0,22.89,6.0,1,301.41
p1_W1_E1.118,708.0,21.26,0.0,0,292.13
p1_E3_W3.49,706.0,25.74,9.0,1,295.03
p1_W_E.119,714.0,18.17,0.0,0,288.94
p1_E3_W3.50,720.0,12.98,0.0,0,263.82
p1_S2_N2.35,700.0,34.4,14.0,2,320.87
p1_N3_S3.35,700.0,33.43,20.0,1,299.58
p1_W_E.120,720.0,11.47,0.0,0,265.26
p1_S3_N3.35,700.0,38.78,17.0,2,342.68
p1_S1_N1.36,720.0,20.42,7.0,1,276.01
p1_E3_N1.11,660.0,38.58,7.0,2,435.29
p1_W3_E3.116,696.0,37.85,14.0,2,334.66
p1_W3_E3.117,702.0,32.95,13.0,2,329.68
p1_W_E.118,708.0,9.58,0.0,0,253.12
p1_W3_E3.120,720.0,23.86,7.0,1,299.44
p1_W3_E3.119,714.0,32.03,12.0,1,317.51
p1_N1_S1.36,720.0,15.24,3.0,1,266.9
p1_W3_E3.118,708.0,24.99,6.0,1,292.59
p1_N1_W3.12,723.0,16.94,2.0,1,289.05
p1_N2_S2.36,720.0,29.99,9.0,2,306.54
p1_N2_S2.35,700.0,45.18,23.0,3,347.48
p1_N3_W1.12,723.0,29.9,9.0,1,313.55
p1_W1_E1.122,732.0,20.16,5.0,1,291.06
p1_W1_E1.119,714.0,38.75,19.0,2,327.96
p1_E1_N3.13,781.0,16.14,4.0,1,186.59
p1_S3_E3.13,783.0,11.51,0.0,0,175.27
p1_E1_W1.48,692.0,53.13,29.0,3,350.71
p1_W1_E1.121,726.0,27.9,7.0,1,313.05
p1_W1_E1.120,720.0,31.6,10.0,2,313.36
p1_E_W.50,720.0,36.17,13.0,3,336.56
p1_E1_W1.51,735.0,17.85,4.0,1,280.89
p1_E_W.51,735.0,21.36,4.0,2,302.57
p1_W1_E1.123,738.0,18.14,3.0,1,275.18
p1_N3_S3.36,720.0,27.02,12.0,1,285.81
p1_E1_W1.50,720.0,25.05,10.0,1,294.21
p1_E3_W3.51,735.0,20.12,7.0,1,287.25
p1_W_E.124,744.0,15.9,0.0,0,274.65
p1_E3_W3.52,749.0,8.21,0.0,0,240.74
p1_E2_N2.12,723.0,37.67,13.0,2,340.57
p1_S2_N2.36,720.0,38.69,18.0,2,324.26
p1_W_E.121,726.0,35.92,17.0,2,321.67
p1_W_E.123,738.0,10.64,0.0,0,270.1
p1_S2_E2.12,723.0,41.07,18.0,2,347.03
p1_S2_N2.37,740.0,21.31,7.0,1,285.55
p1_W3_E3.121,726.0,40.4,15.0,3,347.74
p1_W_E.122,732.0,19.18,1.0,1,286.36
p1_N1_S1.37,740.0,25.88,7.0,2,303.01
p1_S1_N1.37,740.0,26.21,8.0,2,307.46
p1_S1_E1.11,663.0,53.67,18.0,4,481.66
p1_W1_S1.12,723.0,34.8,14.0,2,314.12
p1_W3_S3.12,723.0,39.29,17.0,2,334.39
p1_W3_E3.122,732.0,35.87,10.0,1,325.42
p1_W3_E3.123,738.0,30.58,9.0,1,313.19
p1_S3_N3.37,740.0,30.06,17.0,1,296.23
p1_W3_E3.124,744.0,26.12,4.0,1,309.18
p1_S3_N3.38,760.0,12.32,0.0,0,273.63
p1_S3_N3.36,720.0,45.97,26.0,2,332.66
p1_N2_S2.37,740.0,35.72,19.0,2,327.63
p1_W1_E1.127,762.0,16.33,0.0,0,279.63
p1_N3_S3.37,740.0,39.52,17.0,3,341.38
p1_E1_W1.53,764.0,14.8,2.0,1,270.57
p1_W1_E1.126,756.0,12.49,0.0,0,262.11
p1_W1_E1.124,744.0,30.01,11.0,2,315.69
p1_E1_W1.52,749.0,20.66,7.0,1,287.25
p1_W1_E1.125,750.0,26.81,7.0,1,307.91
p1_E_W.53,764.0,15.63,3.0,1,271.15
p1_W1_E1.128,768.0,14.72,0.0,0,271.22
p1_N2_W2.12,723.0,57.98,35.0,3,360.42
p1_E_W.52,749.0,33.77,10.0,2,338.38
p1_E_W.54,778.0,8.57,0.0,0,238.42
p1_S2_N2.38,760.0,25.14,11.0,1,283.41
p1_W2_S2.12,723.0,58.32,35.0,4,371.81
p1_N1_S1.39,780.0,9.74,0.0,0,263.44
p1_W_E.126,756.0,35.15,17.0,2,315.11
p1_W_E.128,768.0,23.17,9.0,1,299.5
p1_S1_N1.39,780.0,11.0,0.0,0,258.61
p1_N1_S1.38,760.0,32.21,14.0,2,319.11
p1_W3_E3.126,756.0,36.82,13.0,3,346.68
p1_W_E.127,762.0,30.09,8.0,2,325.65
p1_W3_E3.127,762.0,29.83,7.0,2,322.57
p1_S1_N1.38,760.0,30.72,13.0,2,319.27
p1_W3_E3.128,768.0,26.42,4.0,1,309.25
p1_W_E.125,750.0,38.45,18.0,2,316.78
p1_W_E.129,774.0,21.27,6.0,1,284.52
p1_W3_E3.125,750.0,40.69,12.0,2,328.21
p1_S2_E2.13,783.0,15.53,0.0,0,277.42
p1_E3_N1.12,723.0,28.03,11.0,1,385.43
p1_S3_N3.39,780.0,18.82,5.0,1,302.62
p1_N2_S2.38,760.0,40.78,18.0,3,341.55
p1_N2_S2.39,780.0,21.86,3.0,1,301.53
p1_E3_W3.53,764.0,39.55,21.0,2,331.83
p1_E3_W3.54,778.0,25.34,13.0,1,296.59
p1_N3_W1.13,783.0,21.8,4.0,1,300.3
p1_E1_W1.54,778.0,26.79,7.0,2,314.25
p1_E_W.55,792.0,14.31,0.0,0,280.26
p1_W_E.130,780.0,21.13,7.0,1,278.71
p1_W_E.131,786.0,15.62,0.0,0,282.74
p1_S1_E1.12,723.0,43.47,16.0,3,439.78
p1_W1_E1.131,786.0,23.13,7.0,1,306.2
p1_W_E.132,792.0,16.5,0.0,0,291.52
p1_N3_S3.39,780.0,30.16,12.0,2,309.0
p1_W1_E1.129,774.0,37.26,19.0,2,335.16
p1_W1_E1.132,792.0,19.08,6.0,1,276.16
p1_N3_S3.40,800.0,12.11,0.0,0,270.46
p1_S3_E3.14,843.0,12.0,0.0,0,177.82
p1_E1_N3.14,840.0,12.86,2.0,1,176.57
p1_N3_S3.38,760.0,38.97,14.0,3,341.9
p1_W1_S1.13,783.0,34.87,10.0,1,320.61
p1_E2_N2.13,781.0,35.89,15.0,2,330.44
p1_N2_W2.13,783.0,35.75,17.0,2,320.47
p1_N1_S1.40,800.0,18.17,5.0,1,284.29
p1_S1_N1.40,800.0,18.79,5.0,1,276.56
p1_S2_N2.39,780.0,30.09,15.0,1,308.84
p1_W2_S2.13,783.0,38.5,11.0,3,340.92
p1_S2_N2.40,800.0,21.02,6.0,1,272.66
p1_W3_E3.129,774.0,49.3,23.0,3,366.33
p1_W3_E3.130,780.0,43.39,19.0,3,340.78
p1_W3_S3.13,783.0,41.82,15.0,3,346.55
p1_N2_S2.40,800.0,27.27,10.0,2,300.75
p1_E1_W1.57,821.0,7.44,0.0,0,245.34
p1_N1_W3.13,783.0,29.78,10.0,2,313.62
p1_W3_E3.131,786.0,30.27,10.0,2,318.02
p1_W3_E3.132,792.0,28.82,6.0,2,312.26
p1_E3_W3.56,807.0,22.69,10.0,1,286.93
p1_W_E.136,816.0,14.3,0.0,0,272.96
p1_E1_W1.55,792.0,31.15,11.0,1,311.06
p1_W_E.134,804.0,23.3,8.0,1,286.47
p1_E1_W1.56,807.0,14.18,1.0,1,267.67
p1_W1_E1.135,810.0,25.01,6.0,1,301.61
p1_W1_E1.133,798.0,37.65,17.0,2,320.6
p1_W_E.135,810.0,26.17,6.0,1,287.11
p1_W1_E1.136,816.0,21.49,4.0,1,292.49
p1_E_W.57,821.0,16.48,1.0,1,271.64
p1_W_E.137,822.0,7.76,0.0,0,238.22
p1_W1_E1.134,804.0,35.5,11.0,2,314.21
p1_N3_S3.41,820.0,22.06,7.0,1,277.93
p1_W1_E1.137,822.0,15.07,0.0,0,274.8
p1_W1_E1.130,780.0,41.2,17.0,2,333.23
p1_W_E.133,798.0,25.02,10.0,1,281.35
p1_S2_N2.42,840.0,8.55,0.0,0,240.81
p1_W3_E3.133,798.0,51.58,28.0,3,366.57
p1_W3_E3.136,816.0,32.5,11.0,2,325.52
p1_N1_S1.41,820.0,27.93,9.0,2,315.9
p1_W3_E3.135,810.0,37.36,12.0,3,342.14
p1_S3_N3.40,800.0,53.5,31.0,3,362.43
p1_W3_E3.134,804.0,43.84,19.0,3,348.85
p1_S1_N1.41,820.0,24.77,8.0,2,305.2
p1_N2_S2.41,820.0,33.06,13.0,2,339.49
p1_S3_N3.41,820.0,33.37,14.0,2,330.67
p1_W3_E3.137,822.0,29.35,9.0,2,318.1
p1_E1_W1.58,836.0,18.99,6.0,1,277.57
p1_E3_W3.58,836.0,19.2,6.0,1,278.6
p1_E3_W3.57,821.0,30.33,11.0,2,314.41
p1_E2_N2.14,840.0,18.82,1.0,1,306.21
p1_E1_W1.59,850.0,7.99,0.0,0,241.04
p1_N3_S3.42,840.0,22.0,7.0,1,282.54
p1_E_W.59,850.0,15.2,0.0,0,280.11
p1_E_W.58,836.0,29.97,10.0,2,312.55
p1_W1_E1.138,828.0,39.15,18.0,2,343.75
p1_W1_E1.139,834.0,32.81,13.0,2,329.52
p1_E1_N3.15,900.0,11.14,0.0,0,172.13
p1_S3_E3.15,903.0,7.78,0.0,0,161.91
p1_E3_W3.55,792.0,39.56,20.0,2,324.07
p1_W_E.139,834.0,34.47,14.0,2,335.49
p1_W_E.141,846.0,21.96,6.0,1,300.99
p1_E3_N1.13,781.0,45.17,10.0,4,464.93
p1_W1_E1.141,846.0,23.01,9.0,1,278.29
p1_W_E.142,852.0,15.22,0.0,0,273.3
p1_E_W.56,807.0,48.24,23.0,2,338.22
p1_W_E.140,840.0,25.4,7.0,2,308.51
p1_W_E.143,858.0,15.68,0.0,0,276.64
p1_W1_S1.14,843.0,32.52,12.0,1,300.59
p1_S2_N2.41,820.0,34.32,14.0,2,306.9
p1_W3_E3.138,828.0,45.86,22.0,3,349.89
p1_W1_E1.140,840.0,13.08,0.0,0,271.19
p1_W_E.138,828.0,32.91,14.0,2,311.59
p1_W3_E3.139,834.0,39.02,13.0,2,342.9
p1_S1_N1.42,840.0,36.64,17.0,2,328.7
p1_W3_S3.14,843.0,32.52,11.0,2,316.51
p1_N1_W3.14,843.0,36.24,14.0,2,325.4
p1_N2_S2.43,860.0,18.76,3.0,1,280.04
p1_W2_S2.14,843.0,33.85,11.0,1,330.98
p1_N1_S1.43,860.0,19.69,2.0,1,283.93
p1_W3_E3.140,840.0,30.25,8.0,2,309.44
p1_N3_W1.14,843.0,36.54,16.0,2,326.72
p1_N2_S2.42,840.0,36.92,14.0,2,345.49
p1_S3_N3.43,860.0,22.31,9.0,1,281.9
p1_N1_S1.42,840.0,25.31,4.0,2,303.81
p1_E3_W3.59,850.0,37.05,17.0,2,308.26
p1_E1_W1.61,879.0,8.11,0.0,0,244.36
p1_S3_N3.42,840.0,29.14,15.0,1,291.02
p1_N3_S3.43,860.0,28.74,10.0,2,312.54
p1_E3_W3.60,864.0,24.88,12.0,1,286.66
p1_S2_E2.14,843.0,26.4,11.0,1,293.25
p1_E1_W1.60,864.0,14.24,2.0,1,269.65
p1_E_W.61,879.0,11.39,0.0,0,266.34
p1_N2_W2.14,843.0,49.48,23.0,3,361.3
p1_W1_E1.142,852.0,40.25,17.0,2,338.18
p1_W1_E1.143,858.0,34.32,15.0,2,332.67
p1_E_W.60,864.0,24.88,4.0,1,301.66
p1_W1_E1.146,876.0,18.01,5.0,1,285.71
p1_S1_E1.13,783.0,62.8,24.0,4,491.63
p1_W1_E1.144,864.0,29.87,6.0,1,327.09
p1_S2_N2.43,860.0,25.13,10.0,1,287.86
p1_W1_E1.145,870.0,15.74,2.0,1,266.1
p1_W3_E3.142,852.0,49.7,22.0,3,357.75
p1_N1_S1.44,880.0,20.39,7.0,1,281.12
p1_S2_N2.44,880.0,19.03,5.0,1,280.56
p1_W3_E3.144,864.0,34.36,15.0,2,337.49
p1_W1_E1.147,882.0,20.97,6.0,1,295.26
p1_W1_E1.148,888.0,15.15,1.0,1,282.19
p1_W3_E3.143,858.0,46.38,16.0,3,371.51
p1_W_E.146,876.0,28.47,10.0,1,295.96
p1_W_E.145,870.0,34.97,12.0,2,334.8
p1_S1_N1.44,880.0,16.9,2.0,1,277.77
p1_W1_E1.149,894.0,10.41,0.0,0,270.2
p1_W3_E3.145,870.0,30.27,9.0,2,313.96
p1_W_E.147,882.0,21.76,7.0,1,280.59
p1_W3_E3.141,846.0,43.57,19.0,3,339.17
p1_W_E.144,864.0,36.64,14.0,2,333.4
p1_S1_N1.43,860.0,33.89,14.0,2,314.37
p1_E3_W3.61,879.0,32.56,13.0,2,311.16
p1_E1_W1.62,893.0,18.91,5.0,1,279.41
p1_N2_S2.44,880.0,19.62,1.0,1,294.21
p1_W_E.148,888.0,26.2,10.0,1,311.35
p1_W_E.149,894.0,20.23,4.0,1,285.57
p1_S3_N3.44,880.0,32.67,21.0,1,297.95
p1_E3_W3.62,893.0,22.84,8.0,1,276.5
p1_N3_S3.44,880.0,31.38,10.0,2,310.75
p1_S3_N3.45,900.0,10.67,0.0,0,262.56
p1_W_E.151,906.0,8.54,0.0,0,249.54
p1_E3_W3.63,908.0,11.86,0.0,0,266.27
p1_E_W.63,908.0,7.83,0.0,0,241.46
p1_W_E.150,900.0,9.39,0.0,0,250.1
p1_E1_N3.16,960.0,8.3,0.0,0,173.16
p1_W3_E3.147,882.0,45.58,20.0,3,351.43
p1_W3_E3.149,894.0,33.16,12.0,2,323.15
p1_E_W.62,893.0,17.31,2.0,1,278.13
p1_S2_N2.46,920.0,8.45,0.0,0,247.25
p1_W3_E3.150,900.0,29.09,8.0,2,313.73
p1_W1_S1.15,903.0,26.64,10.0,1,291.18
p1_W1_E1.151,906.0,23.32,8.0,1,299.81
p1_S1_N1.45,900.0,29.82,10.0,2,324.8
p1_S2_N2.45,900.0,27.85,11.0,1,312.37
p1_W1_E1.152,912.0,18.66,5.0,1,283.23
p1_W3_E3.148,888.0,35.82,10.0,2,335.24
p1_N1_S1.45,900.0,23.62,7.0,1,294.38
p1_W3_S3.15,903.0,31.22,5.0,2,309.97
p1_W3_E3.146,876.0,42.63,19.0,3,330.07
p1_W2_S2.15,903.0,32.41,10.0,1,317.05
p1_E3_N1.14,840.0,56.45,29.0,4,454.69
p1_N2_S2.45,900.0,23.93,6.0,1,296.08
p1_N1_W3.15,903.0,20.35,3.0,1,297.71
p1_S2_E2.15,903.0,35.59,13.0,2,341.11
p1_S3_E3.16,963.0,22.1,10.0,1,186.39
p1_W_E.155,930.0,10.79,0.0,0,241.16
p1_E1_W1.63,908.0,36.75,19.0,2,325.62
p1_W_E.153,918.0,19.48,3.0,1,290.99
p1_E3_W3.65,936.0,9.01,0.0,0,261.98
p1_N3_W1.15,903.0,39.31,19.0,2,329.04
p1_E2_N2.15,900.0,29.67,10.0,2,310.99
p1_E3_W3.64,922.0,25.09,11.0,1,281.97
p1_E_W.64,922.0,25.99,7.0,2,311.54
p1_W_E.154,924.0,12.27,0.0,0,261.41
p1_S1_E1.14,843.0,60.79,25.0,4,490.22
p1_W1_E1.154,924.0,24.57,11.0,1,293.43
p1_N2_W2.15,903.0,41.24,17.0,2,325.55
p1_W1_E1.150,900.0,44.15,21.0,2,330.78
p1_W3_E3.152,912.0,34.81,10.0,2,336.67
p1_S2_N2.47,940.0,15.86,2.0,1,274.5
p1_W3_E3.151,906.0,39.29,18.0,3,332.27
p1_W1_E1.153,918.0,20.31,6.0,1,281.81
p1_W3_E3.154,924.0,33.99,5.0,1,339.53
p1_S1_N1.47,940.0,18.16,4.0,1,270.78
p1_W3_E3.153,918.0,40.9,6.0,2,344.37
p1_N1_S1.46,920.0,39.13,19.0,2,332.12
p1_W3_E3.155,930.0,29.71,5.0,1,314.45
p1_N1_S1.47,940.0,20.15,4.0,1,300.01
p1_S1_N1.46,920.0,35.33,19.0,2,320.89
p1_W_E.152,912.0,17.53,3.0,1,278.34
p1_N3_S3.45,900.0,67.02,42.0,3,388.69
p1_N3_S3.46,920.0,47.22,27.0,2,351.78
p1_N2_S2.46,920.0,47.66,23.0,3,361.07
p1_N3_S3.47,940.0,29.07,9.0,2,305.34
p1_E1_W1.65,936.0,34.29,17.0,2,310.17
p1_S3_N3.46,920.0,21.12,4.0,2,297.8
p1_E1_W1.66,951.0,19.58,3.0,1,290.95
p1_E1_W1.64,922.0,41.79,17.0,2,336.25
p1_E_W.66,951.0,23.62,4.0,2,298.67
p1_W1_E1.155,930.0,43.03,24.0,2,332.15
p1_E_W.65,936.0,40.49,17.0,3,349.36
p1_W1_E1.157,942.0,33.74,17.0,2,320.62
p1_W_E.158,948.0,28.38,9.0,2,319.56
p1_W_E.157,942.0,36.46,12.0,3,344.7
p1_E3_W3.66,951.0,20.09,7.0,1,271.21
p1_W1_E1.159,954.0,24.18,9.0,1,298.09
p1_W1_E1.156,936.0,37.08,19.0,2,327.61
p1_W3_E3.156,936.0,43.11,18.0,3,346.28
p1_W3_E3.157,942.0,37.0,11.0,3,340.2
p1_W1_E1.158,948.0,32.12,9.0,1,317.99
p1_W1_E1.160,960.0,20.92,5.0,1,281.1
p1_W3_E3.158,948.0,33.75,9.0,2,338.59
p1_W3_E3.159,954.0,27.89,7.0,2,311.32
p1_E3_W3.67,965.0,8.85,0.0,0,242.3
p1_S1_N1.48,960.0,24.21,6.0,2,298.94
p1_W_E.161,966.0,18.51,3.0,1,289.85
p1_W3_E3.160,960.0,19.3,0.0,0,298.92
p1_W1_S1.16,963.0,22.9,7.0,1,309.63
p1_W_E.156,936.0,32.47,11.0,2,329.47
p1_E1_N3.17,1020.0,7.08,0.0,0,168.88
p1_S2_E2.16,963.0,25.78,4.0,1,291.99
p1_N1_W3.16,963.0,24.75,3.0,1,318.91
p1_E2_N2.16,960.0,31.01,13.0,2,329.21
p1_S3_N3.47,940.0,52.55,27.0,3,366.39
p1_N2_S2.48,960.0,34.05,15.0,2,316.66
p1_S3_N3.48,960.0,24.85,11.0,1,287.67
p1_W_E.162,972.0,21.68,8.0,1,280.33
p1_N2_S2.47,940.0,47.24,21.0,3,350.24
p1_S3_N3.49,980.0,11.14,0.0,0,263.0
p1_N3_S3.49,980.0,16.77,3.0,1,268.0
p1_W_E.159,954.0,23.9,5.0,2,291.43
p1_N3_W1.16,963.0,28.73,9.0,2,317.5
p1_E1_W1.67,965.0,28.63,10.0,2,300.59
p1_W_E.164,984.0,13.66,0.0,0,268.21
p1_W_E.163,978.0,17.9,4.0,1,279.46
p1_S3_E3.17,1023.0,19.63,9.0,1,189.26
p1_N2_W2.16,963.0,37.52,16.0,2,311.91
p1_E1_W1.68,980.0,19.74,0.0,0,312.81
p1_E_W.68,980.0,20.0,2.0,1,296.29
p1_N1_S1.48,960.0,10.82,0.0,0,250.66
p1_N3_S3.48,960.0,30.86,11.0,2,326.73
p1_E3_W3.69,994.0,7.38,0.0,0,237.23
p1_E_W.67,965.0,37.36,13.0,3,339.15
p1_E_W.69,994.0,8.04,0.0,0,248.97
p1_E3_W3.68,980.0,22.9,6.0,1,309.48
p1_S2_N2.49,980.0,24.39,11.0,1,277.48
p1_W1_E1.161,966.0,38.28,20.0,2,321.53
p1_W1_E1.162,972.0,34.72,18.0,2,323.01
p1_W1_E1.163,978.0,30.46,9.0,1,308.83
p1_S2_N2.48,960.0,33.52,14.0,2,313.56
p1_W3_S3.16,963.0,44.43,19.0,2,348.41
p1_W3_E3.161,966.0,44.69,18.0,3,357.2
p1_W3_E3.163,978.0,34.33,8.0,2,330.23
p1_W3_E3.162,972.0,40.66,13.0,2,354.93
p1_W1_E1.165,990.0,23.57,11.0,1,287.35
p1_W3_E3.164,984.0,30.35,6.0,1,318.55
p1_W3_E3.165,990.0,24.32,3.0,1,303.0
p1_E3_N1.15,900.0,71.37,37.0,5,520.62
p1_S1_N1.49,980.0,24.84,11.0,1,283.63
p1_N1_S1.49,980.0,38.58,15.0,3,338.4
p1_N1_S1.50,1000.0,17.84,4.0,1,278.73
p1_N2_S2.49,980.0,39.5,15.0,3,332.79
p1_S1_N1.50,1000.0,8.72,0.0,0,240.1
p1_S1_E1.15,903.0,55.54,23.0,4,471.4
p1_W_E.168,1008.0,16.04,1.0,1,276.07
p1_W_E.169,1014.0,11.95,0.0,0,268.88
p1_W_E.160,960.0,35.89,16.0,2,316.12
p1_S3_N3.50,1000.0,26.71,11.0,1,296.03
p1_W2_S2.16,963.0,48.67,21.0,2,329.81
p1_W_E.166,996.0,26.93,9.0,1,291.98
p1_W_E.167,1002.0,25.76,4.0,1,300.13
p1_E3_W3.70,1008.0,21.46,4.0,1,304.67
p1_W_E.170,1020.0,9.56,0.0,0,256.23
p1_E_W.70,1008.0,23.4,4.0,1,300.94
p1_E3_W3.71,1023.0,8.32,0.0,0,247.13
p1_W1_E1.167,1002.0,30.5,12.0,2,314.73
p1_W_E.165,990.0,25.64,13.0,1,280.59
p1_W1_E1.168,1008.0,26.41,9.0,1,298.69
p1_W1_E1.164,984.0,42.36,23.0,2,329.14
p1_N3_S3.50,1000.0,20.25,7.0,1,282.0
p1_W1_E1.169,1014.0,22.37,7.0,1,279.76
p1_E2_N2.17,1020.0,16.2,1.0,1,289.87
p1_W1_E1.166,996.0,40.75,16.0,2,346.47
p1_S2_N2.50,1000.0,33.71,16.0,1,324.94
p1_N2_W2.17,1023.0,15.7,1.0,1,264.14
p1_S1_N1.51,1020.0,20.67,2.0,1,308.99
p1_W3_E3.166,996.0,45.82,22.0,3,350.08
p1_W3_E3.169,1014.0,29.55,10.0,2,307.94
p1_N1_S1.51,1020.0,22.29,8.0,1,305.15
p1_E3_N1.16,960.0,22.34,0.0,0,402.21
p1_W3_E3.167,1002.0,32.28,9.0,3,324.69
p1_N1_W3.17,1023.0,22.34,6.0,1,297.78
p1_W3_E3.168,1008.0,26.24,7.0,2,310.37
p1_W_E.171,1026.0,23.16,6.0,1,298.46
p1_N2_S2.51,1020.0,30.49,13.0,2,313.09
p1_S1_E1.16,963.0,34.0,6.0,2,431.71
p1_S2_E2.17,1023.0,17.61,0.0,0,280.74
p1_W_E.173,1038.0,12.77,0.0,0,269.06
p1_N2_S2.50,1000.0,48.89,22.0,3,349.88
p1_W2_S2.17,1023.0,29.2,9.0,1,328.4
p1_W_E.172,1032.0,21.01,4.0,1,300.25
p1_W_E.174,1044.0,8.63,0.0,0,244.72
p1_W1_S1.17,1023.0,17.41,3.0,1,278.6
p1_E3_W3.72,1037.0,19.32,7.0,1,278.99
p1_S3_E3.18,1083.0,16.56,5.0,1,175.21
p1_E1_W1.69,994.0,49.78,24.0,3,357.08
p1_E1_W1.70,1008.0,36.35,19.0,2,321.32
p1_N3_S3.51,1020.0,37.83,18.0,2,318.52
p1_E1_W1.71,1023.0,36.14,11.0,2,331.03
p1_W1_E1.171,1026.0,33.14,12.0,2,323.35
p1_E1_N3.18,1083.0,19.85,9.0,1,182.78
p1_N3_W1.17,1023.0,21.83,0.0,0,298.98
p1_W1_E1.172,1032.0,23.7,7.0,1,301.86
p1_W1_E1.173,1038.0,23.51,6.0,1,295.24
p1_W1_E1.170,1020.0,35.6,15.0,2,313.26
p1_W1_E1.174,1044.0,19.34,4.0,1,290.13
p1_S2_N2.51,1020.0,33.07,14.0,2,311.51
p1_E_W.71,1023.0,36.29,19.0,2,310.31
p1_W3_E3.171,1026.0,42.1,17.0,3,344.98
p1_W3_E3.173,1038.0,29.83,4.0,1,337.19
p1_W3_E3.174,1044.0,24.94,4.0,1,301.39
p1_S3_N3.51,1020.0,51.98,27.0,3,364.8
p1_S1_N1.52,1040.0,31.82,15.0,2,311.87
p1_S2_N2.52,1040.0,22.44,8.0,1,283.15
p1_S3_N3.52,1040.0,31.78,15.0,2,314.99
p1_W3_E3.175,1050.0,22.19,3.0,1,290.74
p1_W3_E3.172,1032.0,30.13,5.0,1,320.53
p1_N1_S1.52,1040.0,33.33,14.0,2,331.33
p1_N1_S1.53,1060.0,14.01,0.0,0,277.35
p1_W3_E3.170,1020.0,44.23,18.0,3,343.31
p1_W3_S3.17,1023.0,45.91,15.0,3,355.3
p1_N2_S2.52,1040.0,35.85,18.0,2,318.85
p1_W1_E1.178,1068.0,16.33,4.0,1,273.78
p1_N3_S3.52,1040.0,45.25,27.0,2,346.45
p1_W1_E1.175,1050.0,34.92,15.0,2,324.55
p1_W_E.175,1050.0,34.64,14.0,2,326.35
p1_E1_W1.73,1052.0,32.67,14.0,2,318.17
p1_W_E.177,1062.0,22.71,3.0,2,308.77
p1_E1_W1.72,1037.0,45.15,18.0,2,350.76
p1_W_E.176,1056.0,30.69,12.0,2,312.11
p1_W1_E1.177,1062.0,24.11,2.0,1,309.12
p1_E3_W3.75,1080.0,7.83,0.0,0,245.63
p1_E_W.72,1037.0,49.76,27.0,3,353.01
p1_E_W.73,1052.0,36.88,18.0,2,324.87
p1_E3_W3.74,1066.0,24.06,7.0,1,280.24
p1_W_E.178,1068.0,11.78,0.0,0,253.59
p1_W1_E1.176,1056.0,21.24,3.0,1,291.85
p1_E_W.74,1066.0,25.13,6.0,1,305.47
p1_E3_W3.73,1052.0,26.2,12.0,1,289.7
p1_S3_N3.53,1060.0,33.89,14.0,1,331.32
p1_S2_N2.54,1080.0,15.03,2.0,1,271.01
p1_E3_N1.17,1020.0,29.46,5.0,3,417.93
p1_W3_E3.176,1056.0,42.03,17.0,3,349.55
p1_S1_N1.54,1080.0,18.4,5.0,1,276.98
p1_W3_E3.177,1062.0,36.68,11.0,3,341.29
p1_W3_E3.178,1068.0,32.53,8.0,2,319.67
p1_N1_S1.54,1080.0,19.69,6.0,1,295.16
p1_S3_N3.54,1080.0,20.12,7.0,1,272.24
p1_W1_S1.18,1083.0,17.54,4.0,1,272.6
p1_N1_W3.18,1083.0,20.19,4.0,1,297.31
p1_S1_N1.53,1060.0,31.83,12.0,1,300.73
p1_N2_S2.53,1060.0,43.62,22.0,3,353.5
p1_W2_S2.18,1083.0,27.28,12.0,1,300.67
p1_W1_E1.181,1086.0,24.52,3.0,2,306.0
p1_E1_W1.76,1095.0,14.13,1.0,1,272.97
p1_W1_E1.180,1080.0,28.61,10.0,2,299.54
p1_E1_W1.75,1080.0,32.46,13.0,2,311.76
p1_N3_S3.54,1080.0,31.99,12.0,1,319.95
p1_W1_E1.182,1092.0,20.35,1.0,1,291.63
p1_E1_N3.19,1141.0,14.65,2.0,1,172.35
p1_W1_E1.179,1074.0,40.48,15.0,2,328.01
p1_E3_W3.76,1095.0,17.2,4.0,1,270.48
p1_N2_S2.55,1100.0,15.37,2.0,1,274.6
p1_N3_S3.53,1060.0,41.97,24.0,2,326.86
p1_E1_W1.74,1066.0,30.44,12.0,2,311.08
p1_E3_W3.77,1109.0,8.12,0.0,0,244.23
p1_E2_N2.18,1083.0,35.23,10.0,2,342.23
p1_S3_E3.19,1143.0,8.52,0.0,0,170.43
p1_S1_E1.17,1023.0,24.71,4.0,1,385.28
p1_E_W.75,1080.0,39.39,14.0,2,337.78
p1_W_E.180,1080.0,40.53,22.0,2,329.42
p1_E_W.76,1095.0,24.64,12.0,1,285.93
p1_W_E.179,1074.0,42.59,24.0,2,330.33
p1_S2_E2.18,1083.0,39.84,7.0,2,343.77
p1_S2_N2.55,1100.0,22.31,9.0,1,284.72
p1_W3_E3.180,1080.0,44.88,21.0,3,358.97
p1_W3_E3.181,1086.0,33.43,8.0,2,331.7
p1_W3_E3.182,1092.0,35.4,7.0,2,340.31
p1_W_E.182,1092.0,37.21,16.0,2,318.3
p1_S3_N3.56,1120.0,8.98,0.0,0,264.25
p1_N1_S1.55,1100.0,30.23,11.0,2,321.91
p1_S1_N1.55,1100.0,29.99,9.0,2,307.79
p1_S3_N3.55,1100.0,30.36,18.0,1,305.33
p1_W3_E3.184,1104.0,21.26,3.0,1,297.25
p1_N2_W2.18,1083.0,48.66,24.0,3,356.14
p1_W_E.184,1104.0,26.97,10.0,1,300.86
p1_W3_E3.179,1074.0,36.1,11.0,3,325.79
p1_N2_S2.54,1080.0,51.02,26.0,3,354.64
p1_W_E.183,1098.0,35.9,11.0,1,326.89
p1_S2_N2.53,1060.0,40.01,17.0,2,330.26
p1_W_E.181,1086.0,35.76,17.0,2,317.12
p1_E1_W1.78,1124.0,11.38,0.0,0,265.65
p1_W_E.186,1116.0,19.67,4.0,1,285.57
p1_W3_E3.183,1098.0,17.19,1.0,1,276.3
p1_W3_S3.18,1083.0,25.93,1.0,1,312.89
p1_W1_E1.185,1110.0,16.68,3.0,1,266.0
p1_N2_S2.56,1120.0,19.3,4.0,1,289.57
p1_W1_E1.188,1128.0,12.03,0.0,0,263.04
p1_W1_E1.183,1098.0,27.81,7.0,1,296.64
p1_W1_E1.187,1122.0,19.82,0.0,0,291.57
p1_N3_S3.55,1100.0,21.22,4.0,1,283.94
p1_W1_E1.184,1104.0,30.02,9.0,1,307.83
p1_S2_N2.56,1120.0,22.73,7.0,1,302.35
p1_E3_W3.79,1138.0,7.48,0.0,0,236.23
p1_E1_W1.77,1109.0,15.75,1.0,1,277.33
p1_E_W.77,1109.0,33.37,12.0,2,312.4
p1_N3_W1.18,1083.0,25.36,10.0,1,298.99
p1_W3_E3.185,1110.0,40.66,16.0,3,346.03
p1_W3_E3.186,1116.0,34.66,10.0,3,333.22
p1_W3_E3.188,1128.0,24.79,3.0,2,299.71
p1_W_E.188,1128.0,26.41,13.0,1,299.55
p1_W_E.187,1122.0,34.2,11.0,1,315.98
p1_W3_E3.187,1122.0,21.33,1.0,1,295.76
p1_S1_N1.57,1140.0,15.72,2.0,1,289.04
p1_N1_S1.56,1120.0,34.51,16.0,2,328.93
p1_E3_N1.18,1083.0,23.51,6.0,1,378.78
p1_E3_W3.78,1124.0,14.73,1.0,1,267.46
p1_N1_W3.19,1143.0,16.09,0.0,0,290.06
p1_E1_W1.80,1152.0,8.33,0.0,0,248.91
p1_W_E.185,1110.0,39.97,20.0,2,322.95
p1_W1_E1.190,1140.0,22.16,5.0,2,288.68
p1_W1_E1.191,1146.0,16.42,0.0,0,292.5
p1_E1_W1.79,1138.0,20.69,4.0,1,289.83
p1_W1_S1.19,1143.0,13.03,0.0,0,267.11
p1_W1_E1.192,1152.0,12.19,0.0,0,263.1
p1_N2_S2.57,1140.0,25.11,11.0,1,293.5
p1_W1_E1.189,1134.0,32.17,10.0,1,299.95
p1_N3_S3.56,1120.0,44.7,25.0,2,323.1
p1_N3_S3.57,1140.0,22.4,8.0,1,284.68
p1_E3_W3.80,1152.0,18.14,6.0,1,283.34
p1_E1_N3.20,1200.0,8.26,0.0,0,161.77
p1_W1_E1.186,1116.0,28.68,11.0,1,298.77
p1_E_W.79,1138.0,33.61,15.0,2,317.95
p1_S3_E3.20,1203.0,7.39,0.0,0,164.14
p1_W3_E3.190,1140.0,36.49,12.0,3,343.28
p1_W3_E3.189,1134.0,42.2,19.0,3,355.37
p1_S2_N2.57,1140.0,33.65,13.0,2,329.58
p1_N2_W2.19,1143.0,21.0,5.0,1,289.1
p1_W3_S3.19,1143.0,35.12,10.0,3,332.49
p1_S3_N3.57,1140.0,27.61,6.0,3,315.04
p1_W3_E3.192,1152.0,24.93,1.0,1,316.53
p1_S1_N1.56,1120.0,46.05,20.0,3,344.83
p1_W3_E3.193,1158.0,22.76,0.0,0,298.81
p1_E2_N2.19,1141.0,36.91,19.0,2,321.53
p1_N1_S1.58,1160.0,21.36,6.0,1,285.64
p1_S1_N1.58,1160.0,17.59,4.0,1,278.81
p1_E_W.78,1124.0,21.83,5.0,1,288.75
p1_W3_E3.191,1146.0,25.1,2.0,1,310.01
p1_W2_S2.19,1143.0,43.33,15.0,2,322.77
p1_W_E.191,1146.0,41.45,17.0,3,348.2
p1_S2_E2.19,1143.0,43.18,21.0,2,349.89
p1_W1_E1.193,1158.0,30.5,13.0,2,319.61
p1_W1_E1.194,1164.0,24.56,7.0,2,293.05
p1_E1_W1.81,1167.0,21.05,2.0,1,304.52
p1_N3_W1.19,1143.0,40.88,17.0,3,339.52
p1_E1_W1.82,1181.0,9.28,0.0,0,253.84
p1_W_E.190,1140.0,42.99,19.0,2,334.37
p1_N3_S3.58,1160.0,24.6,11.0,1,290.88
p1_N1_S1.57,1140.0,31.19,12.0,2,302.86
p1_W1_E1.195,1170.0,14.95,0.0,0,278.74
p1_W1_E1.196,1176.0,11.08,0.0,0,270.43
p1_W_E.192,1152.0,40.68,7.0,2,344.58
p1_N2_S2.59,1180.0,12.92,1.0,1,259.57
p1_W1_E1.197,1182.0,11.5,0.0,0,268.11
p1_N3_S3.59,1180.0,14.97,1.0,1,284.5
p1_E3_W3.82,1181.0,14.9,1.0,1,267.46
p1_E_W.80,1152.0,45.35,22.0,3,351.16
p1_E_W.81,1167.0,29.92,12.0,2,306.66
p1_W_E.189,1134.0,39.5,17.0,2,325.66
p1_W_E.193,1158.0,33.24,6.0,1,341.2
p1_W_E.194,1164.0,35.45,6.0,1,329.64
p1_E3_W3.81,1167.0,24.18,11.0,1,285.43
p1_W3_E3.195,1170.0,32.83,9.0,2,325.01
p1_W3_E3.196,1176.0,23.56,5.0,2,300.84
p1_S1_N1.59,1180.0,25.01,10.0,1,304.42
p1_S2_N2.58,1160.0,28.93,5.0,1,319.53
p1_S3_N3.58,1160.0,46.52,19.0,3,355.91
p1_W3_E3.194,1164.0,35.32,12.0,1,334.33
p1_S3_N3.59,1180.0,26.94,7.0,2,302.54
p1_W3_E3.197,1182.0,13.39,0.0,0,268.14
p1_W3_E3.198,1188.0,10.73,0.0,0,258.37
p1_S1_N1.60,1200.0,8.72,0.0,0,242.73
p1_W1_S1.20,1203.0,9.89,0.0,0,247.9
p1_N1_S1.59,1180.0,19.83,5.0,1,285.46
p1_N2_S2.58,1160.0,33.71,17.0,2,314.1
p1_W1_E1.199,1194.0,25.57,6.0,1,320.69
p1_W1_E1.198,1188.0,30.22,11.0,2,322.07
p1_E1_W1.83,1196.0,21.28,3.0,1,308.58
p1_W1_E1.200,1200.0,21.99,4.0,1,306.19
p1_W1_E1.201,1206.0,16.16,0.0,0,272.43
p1_E3_W3.84,1210.0,13.33,0.0,0,265.17
p1_E_W.82,1181.0,42.61,21.0,2,347.05
p1_E3_W3.83,1196.0,28.22,13.0,1,309.09
p1_W_E.196,1176.0,39.92,19.0,2,336.07
p1_W_E.197,1182.0,38.52,19.0,2,324.29
p1_E_W.83,1196.0,22.18,8.0,1,282.07
p1_W_E.198,1188.0,36.29,13.0,2,326.36
p1_W_E.195,1170.0,57.99,25.0,3,371.71
p1_W3_E3.200,1200.0,28.45,6.0,2,322.14
p1_S2_N2.60,1200.0,27.69,7.0,2,304.31
p1_E2_N2.20,1200.0,28.04,11.0,1,311.0
p1_E1_N3.21,1260.0,8.74,0.0,0,174.85
p1_S2_N2.59,1180.0,49.3,26.0,3,355.69
p1_W3_E3.199,1194.0,29.55,9.0,2,315.05
p1_W3_S3.20,1203.0,27.03,4.0,2,327.02
p1_W3_E3.201,1206.0,23.35,3.0,1,315.4
p1_N2_W2.20,1203.0,19.75,4.0,1,285.63
p1_W3_E3.202,1212.0,20.0,1.0,1,298.48
p1_S1_N1.61,1220.0,12.49,0.0,0,272.93
p1_E3_N1.19,1141.0,49.33,23.0,2,415.39
p1_W_E.199,1194.0,37.89,18.0,2,325.79
p1_E_W.84,1210.0,23.1,10.0,1,284.22
p1_W_E.200,1200.0,31.02,12.0,2,311.83
p1_N1_S1.60,1200.0,34.43,16.0,2,328.35
p1_W_E.201,1206.0,29.57,8.0,1,315.75
p1_W_E.202,1212.0,22.79,7.0,1,297.56
p1_N1_S1.61,1220.0,16.01,2.0,1,278.67
p1_S3_N3.61,1220.0,14.15,1.0,1,270.36
p1_N1_W3.20,1203.0,34.32,11.0,2,337.44
p1_S1_E1.18,1083.0,68.52,34.0,4,488.43
p1_N2_S2.60,1200.0,30.91,11.0,2,308.58
p1_S3_N3.60,1200.0,25.31,12.0,1,288.67
p1_N3_S3.61,1220.0,19.3,4.0,1,287.1
p1_N3_S3.60,1200.0,37.8,15.0,3,327.86
p1_E1_W1.84,1210.0,35.3,14.0,2,338.02
p1_S3_E3.21,1263.0,21.81,9.0,1,181.24
p1_W1_E1.202,1212.0,32.5,11.0,2,329.46
p1_W1_E1.204,1224.0,20.11,1.0,1,293.26
p1_E1_W1.85,1224.0,16.3,0.0,0,289.24
p1_S1_E1.19,1143.0,58.71,22.0,3,476.71
p1_N3_W1.20,1203.0,42.09,16.0,3,350.98
p1_E3_W3.85,1224.0,23.75,9.0,1,279.6
p1_W1_E1.205,1230.0,13.03,0.0,0,270.5
p1_W2_S2.20,1203.0,43.54,19.0,4,356.81
p1_W1_E1.203,1218.0,22.22,2.0,1,308.01
p1_W3_E3.205,1230.0,24.31,5.0,2,311.28
p1_W3_E3.204,1224.0,31.12,8.0,2,327.74
p1_E_W.85,1224.0,23.71,10.0,1,277.41
p1_E_W.86,1239.0,19.4,7.0,1,276.53
p1_E3_W3.86,1239.0,8.54,0.0,0,234.95
p1_S2_N2.61,1220.0,15.64,0.0,0,276.14
p1_W3_E3.206,1236.0,13.88,0.0,0,272.06
p1_W3_E3.203,1218.0,30.39,8.0,1,313.99
p1_S2_E2.20,1203.0,49.48,24.0,3,352.54
p1_N2_S2.61,1220.0,42.8,26.0,2,331.31
p1_N1_S1.62,1240.0,24.52,6.0,1,303.22
p1_N2_S2.62,1240.0,24.26,11.0,1,290.47
p1_W_E.204,1224.0,29.49,11.0,2,306.86
p1_S1_N1.62,1240.0,23.66,3.0,2,302.14
p1_W_E.206,1236.0,30.24,6.0,1,306.76
p1_W_E.203,1218.0,32.76,15.0,2,309.09
p1_W_E.205,1230.0,25.09,7.0,1,317.65
p1_W1_E1.209,1254.0,15.94,0.0,0,284.58
p1_N3_S3.62,1240.0,30.95,14.0,1,328.56
p1_E1_W1.87,1253.0,18.11,4.0,1,308.18
p1_E1_W1.86,1239.0,32.76,14.0,2,324.73
p1_W1_E1.207,1242.0,29.74,11.0,2,322.19
p1_W1_E1.208,1248.0,23.92,6.0,1,285.12
p1_W1_E1.210,1260.0,13.14,0.0,0,276.93
p1_E3_W3.87,1253.0,20.4,6.0,1,284.9
p1_E3_W3.88,1268.0,8.54,0.0,0,246.77
p1_W1_E1.206,1236.0,24.32,10.0,1,286.59
p1_N2_W2.21,1263.0,10.33,0.0,0,263.86
p1_E3_N1.20,1200.0,41.96,18.0,2,434.16
p1_S3_N3.62,1240.0,44.64,18.0,3,355.15
p1_E_W.87,1253.0,32.43,14.0,2,314.06
p1_E_W.88,1268.0,16.67,1.0,1,263.06
p1_W3_E3.210,1260.0,25.67,7.0,1,304.58
p1_W3_E3.211,1266.0,21.58,6.0,1,283.64
p1_W3_E3.208,1248.0,33.56,12.0,2,320.11
p1_W1_S1.21,1263.0,25.79,11.0,1,304.96
p1_S1_N1.64,1280.0,8.02,0.0,0,252.42
p1_S2_N2.62,1240.0,15.5,0.0,0,275.39
p1_W_E.208,1248.0,42.33,17.0,2,347.01
p1_N2_S2.63,1260.0,27.76,11.0,1,313.37
p1_W3_E3.209,1254.0,30.25,4.0,1,323.76
p1_E2_N2.21,1260.0,31.35,9.0,2,322.92
p1_W_E.207,1242.0,46.0,22.0,2,345.03
p1_W3_E3.207,1242.0,36.68,14.0,2,330.95
p1_W_E.209,1254.0,37.25,9.0,2,336.03
p1_N1_W3.21,1263.0,27.69,5.0,1,317.75
p1_W_E.211,1266.0,27.07,5.0,1,308.94
p1_W3_S3.21,1263.0,19.11,2.0,1,274.94
p1_W_E.212,1272.0,22.58,2.0,1,302.42
p1_N1_S1.63,1260.0,28.02,9.0,2,306.01
p1_W1_E1.212,1272.0,25.17,7.0,2,304.58
p1_E1_N3.22,1320.0,20.35,9.0,1,184.78
p1_N3_W1.21,1262.0,34.35,8.0,3,335.46
p1_E1_W1.88,1268.0,26.88,8.0,1,305.5
p1_E3_W3.89,1282.0,17.54,5.0,1,272.1
p1_N3_S3.63,1260.0,40.33,21.0,2,323.15
p1_W1_E1.214,1284.0,15.73,0.0,0,265.89
p1_S1_E1.20,1203.0,37.88,14.0,2,428.78
p1_W2_S2.21,1263.0,38.16,12.0,3,336.27
p1_W1_E1.211,1266.0,35.49,13.0,1,312.04
p1_E1_W1.89,1282.0,10.33,0.0,0,247.96
p1_S3_E3.22,1323.0,20.73,9.0,1,193.32
p1_W_E.210,1260.0,16.06,0.0,0,272.93
p1_W1_E1.213,1278.0,18.43,0.0,0,285.49
p1_N3_S3.64,1280.0,24.65,11.0,1,287.42
p1_S2_N2.63,1260.0,45.78,22.0,3,352.86
p1_S2_E2.21,1263.0,30.34,10.0,2,307.08
p1_E_W.89,1282.0,27.4,10.0,1,313.11
p1_W3_E3.213,1278.0,33.17,12.0,2,335.14
p1_W3_E3.212,1272.0,39.88,15.0,2,340.41
p1_W3_E3.215,1290.0,23.12,7.0,1,294.94
p1_W3_E3.214,1284.0,30.08,7.0,1,320.9
p1_N2_S2.64,1280.0,33.28,14.0,2,311.17
p1_S1_N1.63,1260.0,33.41,11.0,2,321.6
p1_S3_N3.63,1260.0,48.32,23.0,3,358.2
p1_N1_S1.64,1280.0,40.51,22.0,2,327.84
p1_S3_N3.64,1280.0,26.03,8.0,1,305.21
p1_E1_W1.90,1296.0,22.68,5.0,1,298.17
p1_E_W.90,1296.0,10.27,0.0,0,254.53
p1_N1_S1.65,1300.0,21.95,7.0,1,287.85
p1_W3_E3.217,1302.0,21.87,5.0,1,284.23
p1_E1_W1.91,1311.0,12.97,0.0,0,267.93
p1_W_E.214,1284.0,42.86,18.0,3,340.43
p1_W_E.216,1296.0,30.93,10.0,1,314.53
p1_W1_E1.215,1290.0,38.13,19.0,2,320.78
p1_W_E.215,1290.0,38.71,9.0,1,340.23
p1_W1_E1.218,1308.0,19.03,4.0,1,288.47
p1_W1_E1.217,1302.0,24.94,4.0,1,296.97
p1_W1_E1.219,1314.0,17.98,1.0,1,288.25
p1_W_E.213,1278.0,40.62,15.0,3,334.97
p1_E3_W3.92,1325.0,7.7,0.0,0,242.38
p1_W1_E1.216,1296.0,29.0,7.0,2,304.69
p1_E3_W3.91,1311.0,22.86,6.0,1,292.9
p1_E_W.92,1325.0,10.0,0.0,0,278.18
p1_E3_W3.90,1296.0,28.76,10.0,1,299.87
p1_S1_N1.65,1300.0,36.13,18.0,2,322.54
p1_S2_N2.65,1300.0,36.51,18.0,2,323.49
p1_N3_S3.66,1320.0,16.14,4.0,1,278.75
p1_N3_S3.65,1300.0,35.56,22.0,1,305.54
p1_S2_N2.64,1280.0,47.49,26.0,3,343.22
p1_E3_N1.21,1260.0,20.23,1.0,1,381.75
p1_W_E.217,1302.0,30.85,13.0,2,311.72
p1_S3_N3.65,1300.0,41.44,18.0,2,342.55
p1_W_E.220,1320.0,18.38,1.0,1,269.99
p1_W3_E3.216,1296.0,47.03,20.0,2,356.71
p1_W_E.218,1308.0,22.12,2.0,1,288.74
p1_E_W.91,1311.0,22.23,7.0,1,284.93
p1_S3_N3.66,1320.0,23.8,11.0,1,281.52
p1_W_E.221,1326.0,12.6,0.0,0,260.63
p1_W3_E3.218,1308.0,27.05,10.0,1,306.43
p1_W3_E3.220,1320.0,25.2,7.0,1,289.39
p1_N1_S1.66,1320.0,24.83,14.0,1,296.67
p1_W1_S1.22,1323.0,22.15,9.0,1,274.55
p1_W_E.219,1314.0,17.26,2.0,1,286.32
p1_N2_S2.66,1320.0,26.89,12.0,1,280.56
p1_W3_E3.219,1314.0,21.84,8.0,1,283.95
p1_N3_W1.22,1323.0,26.86,6.0,2,320.14
p1_E2_N2.22,1320.0,28.81,9.0,2,315.88
p1_E1_W1.92,1325.0,24.5,5.0,1,292.05
p1_N2_S2.67,1340.0,9.13,0.0,0,256.82
p1_W3_S3.22,1323.0,27.62,9.0,1,312.78
p1_E1_W1.93,1340.0,11.74,0.0,0,265.26
p1_N2_S2.65,1300.0,30.94,11.0,2,312.78
p1_N1_W3.22,1323.0,21.94,7.0,1,284.67
p1_E1_N3.23,1380.0,17.01,7.0,1,185.86
p1_S1_E1.21,1263.0,48.83,18.0,3,476.2
p1_W1_E1.221,1326.0,26.32,6.0,2,312.38
p1_W1_E1.223,1338.0,18.98,2.0,1,282.52
p1_E3_W3.93,1340.0,17.17,4.0,1,272.47
p1_W1_E1.220,1320.0,32.37,14.0,2,319.75
p1_W2_S2.22,1323.0,32.57,11.0,3,328.29
p1_W_E.225,1350.0,10.49,0.0,0,260.76
p1_S3_E3.23,1383.0,15.18,4.0,1,179.43
p1_W1_E1.222,1332.0,19.88,3.0,1,281.12
p1_S2_N2.66,1320.0,42.39,17.0,3,343.54
p1_S2_E2.22,1323.0,38.08,12.0,2,345.08
p1_W_E.224,1344.0,18.51,0.0,0,294.4
p1_E3_W3.94,1354.0,8.56,0.0,0,246.09
p1_N2_W2.22,1323.0,40.92,19.0,2,327.86
p1_W_E.223,1338.0,26.24,4.0,1,308.95
p1_W_E.226,1356.0,8.4,0.0,0,240.4
p1_S1_N1.66,1320.0,36.01,17.0,2,326.25
p1_E_W.93,1340.0,17.44,3.0,1,277.7
p1_W_E.222,1332.0,26.62,10.0,1,300.21
p1_W3_E3.223,1338.0,24.85,11.0,1,292.79
p1_W3_E3.221,1326.0,35.55,13.0,2,318.17
p1_W3_E3.224,1344.0,24.59,9.0,1,279.79
p1_E1_W1.94,1354.0,20.34,8.0,1,285.23
p1_N1_S1.67,1340.0,35.15,12.0,2,335.23
p1_S3_N3.67,1340.0,29.53,17.0,1,292.16
p1_W3_E3.222,1332.0,23.81,7.0,1,295.8
p1_S3_N3.68,1360.0,14.63,1.0,1,273.28
p1_E1_W1.95,1368.0,8.9,0.0,0,243.72
p1_W1_E1.224,1344.0,42.07,22.0,2,348.0
p1_N3_S3.67,1340.0,47.07,20.0,3,350.35
p1_W1_E1.225,1350.0,27.94,7.0,2,297.43
p1_W1_E1.226,1356.0,32.14,10.0,2,331.05
p1_S2_N2.68,1360.0,28.16,10.0,2,310.76
p1_E3_W3.95,1368.0,20.13,5.0,1,283.0
p1_S1_N1.67,1340.0,48.68,24.0,3,359.82
p1_S1_N1.68,1360.0,28.77,9.0,1,310.56
p1_E_W.95,1368.0,20.67,7.0,1,281.43
p1_E_W.94,1354.0,32.05,12.0,2,316.05
p1_W1_E1.227,1362.0,28.05,5.0,1,315.64
p1_S2_N2.67,1340.0,44.13,21.0,3,348.06
p1_E2_N2.23,1380.0,9.46,0.0,0,263.27
p1_W_E.227,1362.0,36.05,15.0,2,338.41
p1_W_E.228,1368.0,30.26,5.0,2,319.66
p1_W3_E3.228,1368.0,31.21,9.0,1,314.83
p1_N3_W1.23,1383.0,16.64,1.0,1,303.87
p1_E1_W1.96,1383.0,17.22,3.0,1,276.8
p1_W3_E3.229,1374.0,27.76,8.0,1,314.27
p1_W3_E3.226,1356.0,33.27,15.0,2,303.34
p1_N1_S1.68,1360.0,36.97,16.0,2,320.49
p1_W_E.230,1380.0,13.98,0.0,0,274.34
p1_W3_E3.227,1362.0,41.6,11.0,2,346.03
p1_W_E.229,1374.0,16.25,2.0,1,274.27
p1_N1_S1.69,1380.0,24.08,7.0,1,304.96
p1_S2_E2.23,1383.0,21.5,6.0,1,287.5
p1_E1_W1.97,1397.0,7.29,0.0,0,248.48
p1_W3_E3.225,1350.0,41.98,19.0,2,335.03
p1_N1_W3.23,1383.0,25.68,13.0,1,302.57
p1_N2_S2.69,1380.0,28.91,7.0,2,312.72
p1_N3_S3.69,1380.0,30.05,14.0,1,315.54
p1_W1_E1.231,1386.0,25.72,10.0,1,306.82
p1_W_E.234,1404.0,7.71,0.0,0,248.5
p1_W1_E1.230,1380.0,33.09,10.0,2,315.19
p1_E1_N3.24,1443.0,13.36,1.0,1,176.51
p1_W1_E1.229,1374.0,31.86,13.0,2,310.43
p1_S1_N1.69,1380.0,34.34,16.0,2,328.15
p1_S2_N2.69,1380.0,34.08,14.0,2,341.8
p1_E_W.96,1383.0,30.14,11.0,1,308.6
p1_W_E.231,1386.0,26.95,8.0,1,307.66
p1_E3_W3.97,1397.0,17.0,4.0,1,277.7
p1_S3_E3.24,1443.0,14.32,3.0,1,175.96
p1_W_E.232,1392.0,23.24,6.0,1,302.93
p1_N2_W2.23,1383.0,33.45,14.0,2,328.24
p1_N2_S2.68,1360.0,27.76,7.0,1,306.42
p1_N3_S3.68,1360.0,42.13,22.0,2,324.43
p1_E_W.97,1397.0,19.79,4.0,1,309.12
p1_W1_E1.228,1368.0,34.8,16.0,2,313.93
p1_W1_E1.232,1392.0,16.54,2.0,1,282.15
p1_E3_W3.98,1412.0,7.55,0.0,0,241.83
p1_E_W.98,1412.0,7.95,0.0,0,241.16
p1_S3_N3.69,1380.0,44.33,17.0,3,339.47
p1_S3_N3.70,1400.0,25.01,10.0,1,282.39
p1_W3_E3.230,1380.0,46.09,22.0,3,352.76
p1_W3_E3.231,1386.0,39.69,17.0,3,353.44
p1_N1_S1.70,1400.0,26.1,11.0,1,293.07
p1_W3_S3.23,1383.0,44.36,16.0,3,346.41
p1_W1_S1.23,1383.0,45.84,20.0,3,340.97
p1_W3_E3.233,1398.0,29.79,5.0,1,313.67
p1_W3_E3.234,1404.0,25.77,4.0,1,306.87
p1_E1_W1.98,1412.0,19.06,4.0,1,273.86
p1_W3_E3.232,1392.0,24.35,4.0,2,302.69
p1_N2_S2.71,1420.0,13.78,0.0,0,269.96
p1_N2_S2.70,1400.0,31.9,14.0,2,311.37
p1_W1_E1.236,1416.0,20.79,7.0,1,275.22
p1_W1_E1.233,1398.0,42.4,16.0,2,360.48
p1_W1_E1.234,1404.0,29.39,11.0,2,310.98
p1_W_E.236,1416.0,24.28,5.0,1,305.12
p1_S2_N2.71,1420.0,20.46,8.0,1,274.72
p1_S1_E1.22,1323.0,76.2,40.0,4,526.65
p1_W_E.238,1428.0,13.97,0.0,0,274.65
p1_S1_N1.70,1400.0,36.62,18.0,2,316.72
p1_S2_N2.70,1400.0,34.22,14.0,2,318.16
p1_W1_E1.235,1410.0,26.47,6.0,1,310.58
p1_W_E.239,1434.0,9.76,0.0,0,266.36
p1_W_E.233,1398.0,28.16,13.0,1,303.55
p1_W_E.237,1422.0,23.58,0.0,0,309.31
p1_E3_W3.99,1426.0,18.99,5.0,1,273.75
p1_E3_N1.22,1320.0,51.92,23.0,3,455.34
p1_W2_S2.23,1383.0,64.38,36.0,4,386.77
p1_W_E.235,1410.0,36.76,12.0,1,337.0
p1_E3_W3.100,1440.0,7.91,0.0,0,237.37
p1_S3_N3.71,1420.0,28.72,14.0,1,300.81
p1_E3_W3.96,1383.0,38.48,20.0,2,325.18
p1_W3_E3.235,1410.0,41.53,17.0,3,340.96
p1_W3_E3.236,1416.0,34.39,9.0,3,344.67
p1_E1_W1.99,1426.0,25.98,10.0,1,306.19
p1_N1_S1.71,1420.0,28.39,10.0,1,305.34
p1_W3_E3.237,1422.0,31.82,3.0,2,325.04
p1_W3_E3.238,1428.0,25.87,2.0,1,308.66
p1_W1_S1.24,1443.0,12.62,0.0,0,284.53
p1_E1_W1.100,1440.0,16.28,4.0,1,283.65
p1_W1_E1.237,1422.0,41.36,21.0,2,343.22
p1_W1_E1.238,1428.0,36.22,15.0,2,318.12
p1_N3_S3.70,1400.0,66.5,39.0,3,387.54
p1_W1_E1.239,1434.0,31.76,9.0,2,325.17
p1_W1_E1.240,1440.0,25.93,9.0,1,291.74
p1_E_W.100,1440.0,26.48,13.0,1,281.15
p1_N3_S3.72,1440.0,20.16,8.0,1,280.2
p1_S3_E3.25,1503.0,7.01,0.0,0,165.66
p1_E3_N1.23,1380.0,43.85,18.0,2,446.21
p1_S1_N1.72,1440.0,26.95,13.0,1,300.09
p1_N3_S3.71,1420.0,35.63,16.0,2,323.99
p1_W1_E1.241,1446.0,21.93,7.0,1,287.91
p1_E2_N2.24,1443.0,26.75,9.0,1,302.51
p1_E_W.99,1426.0,31.1,13.0,2,307.38
p1_S2_N2.72,1440.0,32.07,13.0,2,313.12
p1_S1_N1.71,1420.0,38.92,20.0,2,316.24
p1_E3_W3.101,1455.0,15.71,2.0,1,272.52
p1_S2_E2.24,1443.0,30.86,10.0,1,321.59
p1_W_E.242,1452.0,22.22,4.0,1,301.0
p1_W3_E3.241,1446.0,31.38,6.0,3,340.02
p1_W_E.240,1440.0,37.18,14.0,3,343.29
p1_E1_W1.101,1455.0,22.67,8.0,1,299.6
p1_W_E.243,1458.0,20.08,3.0,1,290.36
p1_W3_E3.240,1440.0,36.61,13.0,3,350.49
p1_N1_S1.72,1440.0,38.82,19.0,2,335.51
p1_W3_E3.242,1452.0,27.59,1.0,1,327.37
p1_W3_E3.239,1434.0,41.57,18.0,2,344.32
p1_N3_W1.24,1443.0,28.04,10.0,1,304.02
p1_W3_S3.24,1443.0,39.49,12.0,2,345.84
p1_E1_W1.102,1469.0,13.24,0.0,0,268.51
p1_N1_W3.24,1443.0,35.36,11.0,2,335.42
p1_W3_E3.243,1458.0,17.88,1.0,1,287.76
p1_W_E.241,1446.0,20.85,2.0,1,296.35
p1_W2_S2.24,1443.0,35.64,16.0,3,326.34
p1_N2_S2.73,1460.0,31.46,13.0,1,316.14
p1_W1_E1.244,1464.0,21.56,7.0,1,286.99
p1_W1_E1.243,1458.0,24.55,8.0,1,302.01
p1_W_E.244,1464.0,28.21,9.0,1,309.07
p1_E_W.102,1469.0,23.32,4.0,2,295.76
p1_W_E.245,1470.0,22.29,4.0,1,298.55
p1_S1_N1.73,1460.0,32.71,11.0,1,326.83
p1_W1_E1.245,1470.0,22.86,7.0,1,293.45
p1_N2_S2.72,1440.0,47.0,22.0,3,349.41
p1_N2_W2.24,1443.0,48.3,19.0,3,354.35
p1_N3_S3.73,1460.0,35.7,15.0,2,317.35
p1_E_W.103,1484.0,8.76,0.0,0,239.44
p1_S1_E1.23,1383.0,39.23,10.0,3,428.09
p1_W1_E1.242,1452.0,31.5,8.0,2,310.91
p1_S2_N2.73,1460.0,36.08,15.0,2,318.11
p1_E1_N3.25,1501.0,23.65,11.0,1,191.92
p1_E3_W3.103,1484.0,17.12,0.0,0,293.35
p1_S3_N3.72,1440.0,59.72,35.0,3,368.42
p1_S3_N3.73,1460.0,36.57,15.0,2,313.94
p1_S2_N2.74,1480.0,24.83,11.0,1,281.94
p1_E1_W1.104,1498.0,8.39,0.0,0,245.34
p1_E3_W3.102,1469.0,23.87,10.0,1,271.28
p1_W3_E3.244,1464.0,42.49,18.0,3,346.11
p1_W_E.246,1476.0,35.56,11.0,1,343.65
p1_W_E.247,1482.0,29.22,12.0,1,314.29
p1_W3_E3.245,1470.0,31.58,8.0,2,331.65
p1_W3_E3.246,1476.0,36.14,7.0,1,342.24
p1_N1_S1.73,1460.0,50.34,25.0,3,352.1
p1_W3_E3.247,1482.0,19.25,1.0,1,284.67
p1_N1_S1.74,1480.0,20.58,3.0,1,293.18
p1_E1_W1.103,1484.0,23.64,10.0,1,278.76
p1_N1_S1.75,1500.0,15.85,0.0,0,290.14
p1_W1_E1.246,1476.0,37.05,13.0,3,343.66
p1_S1_N1.74,1480.0,38.37,19.0,2,326.58
p1_N2_S2.74,1480.0,37.81,19.0,2,330.76
p1_W_E.248,1488.0,29.92,12.0,1,311.4
p1_W_E.249,1494.0,23.89,7.0,1,293.94
p1_W1_E1.247,1482.0,24.58,0.0,0,307.65
p1_W1_E1.248,1488.0,30.64,2.0,2,341.9
p1_S1_E1.24,1443.0,34.15,8.0,1,416.2
p1_W_E.250,1500.0,19.7,0.0,0,294.9
p1_W_E.251,1506.0,14.0,0.0,0,270.56
p1_E_W.105,1512.0,8.2,0.0,0,237.23
p1_W1_E1.249,1494.0,15.38,0.0,0,275.46
p1_E_W.104,1498.0,23.93,8.0,1,273.74
p1_W2_S2.25,1503.0,18.34,0.0,0,281.13
p1_E1_N3.26,1560.0,7.27,0.0,0,169.39
p1_E3_W3.104,1498.0,28.5,13.0,1,310.74
p1_N3_S3.75,1500.0,25.64,9.0,1,312.34
p1_N3_S3.74,1480.0,39.09,18.0,1,326.98
p1_S3_E3.26,1563.0,7.71,0.0,0,168.74
p1_S3_N3.75,1500.0,28.23,8.0,2,310.02
p1_E3_W3.105,1512.0,15.86,2.0,1,285.31
p1_E_W.101,1455.0,31.86,11.0,2,316.03
p1_E2_N2.25,1501.0,21.14,5.0,1,284.81
p1_S3_N3.74,1480.0,40.53,18.0,3,334.76
p1_N3_W1.25,1503.0,28.35,9.0,2,313.04
p1_E1_W1.105,1512.0,22.35,7.0,1,280.82
p1_W1_S1.25,1503.0,34.62,14.0,2,329.6
p1_W3_E3.248,1488.0,51.23,26.0,3,355.31
p1_W3_E3.249,1494.0,45.15,21.0,3,349.62
p1_N1_W3.25,1503.0,35.95,15.0,2,332.27
p1_W3_S3.25,1503.0,38.54,15.0,2,334.84
p1_W1_E1.250,1500.0,41.7,15.0,3,352.95
p1_N2_S2.75,1500.0,43.42,20.0,3,346.83
p1_E3_N1.24,1443.0,58.24,31.0,3,457.0
p1_W1_E1.251,1506.0,30.61,8.0,3,322.7
p1_W3_E3.251,1506.0,31.93,12.0,2,324.35
p1_W1_E1.253,1518.0,25.75,3.0,2,325.53
p1_W3_E3.250,1500.0,41.01,14.0,3,345.66
p1_S1_N1.75,1500.0,40.94,23.0,2,331.85
p1_W1_E1.252,1512.0,33.71,3.0,3,335.16
p1_W1_E1.254,1524.0,21.68,1.0,1,305.02
p1_N2_W2.25,1503.0,41.47,14.0,3,349.49
p1_S1_N1.76,1520.0,27.12,10.0,1,297.38
p1_S2_E2.25,1503.0,45.25,12.0,2,331.37
p1_E_W.106,1527.0,10.22,0.0,0,265.47
p1_W_E.255,1530.0,17.67,0.0,0,300.22
p1_W_E.256,1536.0,13.49,0.0,0,269.17
p1_W_E.253,1518.0,31.81,8.0,1,333.81
p1_E3_W3.106,1527.0,23.29,9.0,1,288.41
p1_W_E.252,1512.0,36.69,14.0,1,341.56
p1_E3_W3.107,1541.0,12.06,0.0,0,268.82
p1_W_E.254,1524.0,18.19,0.0,0,289.42
p1_S3_N3.76,1520.0,37.38,18.0,2,318.87
p1_S2_N2.75,1500.0,28.14,10.0,2,305.03
p1_N3_S3.77,1540.0,17.74,4.0,1,287.33
p1_S3_N3.77,1540.0,19.35,4.0,1,292.93
p1_E1_W1.107,1541.0,19.67,7.0,1,285.34
p1_E1_W1.108,1556.0,8.45,0.0,0,248.19
p1_E1_W1.106,1527.0,26.59,13.0,1,283.4
p1_W1_E1.256,1536.0,31.28,8.0,3,330.81
p1_W1_E1.255,1530.0,37.81,13.0,3,338.68
p1_N1_S1.76,1520.0,46.88,24.0,3,356.45
p1_N2_S2.77,1540.0,29.02,8.0,2,307.36
p1_W1_E1.257,1542.0,27.29,4.0,2,338.22
p1_S1_N1.77,1540.0,29.9,12.0,2,315.06
p1_E_W.107,1541.0,29.15,10.0,2,307.66
p1_W1_E1.258,1548.0,22.05,2.0,1,296.16
p1_W3_E3.253,1518.0,52.28,29.0,3,359.76
p1_N2_S2.76,1520.0,47.08,24.0,3,343.66
p1_W3_E3.255,1530.0,41.05,19.0,2,343.35
p1_E_W.108,1556.0,9.52,0.0,0,262.62
p1_N3_S3.76,1520.0,21.0,7.0,1,283.51
p1_W3_E3.256,1536.0,36.77,14.0,2,326.26
p1_S2_N2.77,1540.0,34.73,15.0,2,328.87
p1_W3_E3.257,1542.0,31.01,10.0,1,309.63
p1_W2_S2.26,1563.0,12.86,0.0,0,265.89
p1_W3_E3.252,1512.0,48.01,19.0,3,348.37
p1_W3_E3.254,1524.0,41.55,8.0,2,341.38
p1_W3_E3.258,1548.0,32.18,11.0,2,315.16
p1_E3_W3.108,1556.0,23.63,10.0,1,295.26
p1_W_E.257,1542.0,32.91,10.0,2,328.84
p1_W_E.259,1554.0,27.27,0.0,0,328.66
p1_W3_E3.259,1554.0,27.01,6.0,2,304.27
p1_W3_E3.260,1560.0,21.93,3.0,1,293.91
p1_W_E.260,1560.0,23.42,0.0,0,310.62
p1_W3_E3.261,1566.0,16.69,0.0,0,282.5
p1_W_E.258,1548.0,36.21,6.0,3,356.89
p1_W3_S3.26,1563.0,21.52,1.0,1,304.82
p1_E3_W3.109,1570.0,14.51,1.0,1,267.38
p1_S2_N2.76,1520.0,32.17,14.0,2,305.39
p1_N3_W1.26,1563.0,21.92,3.0,1,298.04
p1_E2_N2.26,1560.0,27.86,6.0,3,330.26
p1_E3_N1.25,1501.0,44.78,15.0,3,449.96
p1_S3_N3.78,1560.0,27.78,12.0,1,303.39
p1_E1_W1.109,1570.0,15.25,1.0,1,274.44
p1_W1_E1.259,1554.0,39.42,15.0,3,349.44
p1_N3_S3.78,1560.0,32.3,9.0,1,334.05
p1_W1_E1.260,1560.0,31.14,9.0,3,327.15
p1_S3_E3.27,1623.0,14.98,4.0,1,179.69
p1_N1_S1.77,1540.0,54.74,29.0,3,372.17
p1_N1_S1.78,1560.0,30.57,11.0,2,302.36
p1_N2_S2.78,1560.0,35.72,16.0,2,326.68
p1_W1_E1.261,1566.0,30.07,5.0,2,325.2
p1_E_W.109,1570.0,25.73,11.0,1,312.37
p1_W1_E1.262,1572.0,19.77,2.0,1,285.18
p1_N2_W2.26,1563.0,34.56,16.0,2,316.6
p1_E_W.110,1584.0,13.44,0.0,0,284.85
p1_E1_N3.27,1620.0,16.62,6.0,1,181.88
p1_W1_S1.26,1563.0,25.91,5.0,1,308.08
p1_S1_N1.78,1560.0,26.83,9.0,2,308.46
p1_S2_N2.79,1580.0,21.61,10.0,1,281.12
p1_S2_N2.78,1560.0,39.22,19.0,2,328.62
p1_W3_E3.262,1572.0,32.24,15.0,2,315.57
p1_W3_E3.263,1578.0,27.57,7.0,2,313.27
p1_E3_W3.110,1584.0,21.2,8.0,1,293.36
p1_W3_E3.264,1584.0,23.2,3.0,1,300.53
p1_W_E.261,1566.0,43.04,19.0,2,352.05
p1_W3_E3.266,1596.0,12.95,0.0,0,255.81
p1_W_E.262,1572.0,34.37,13.0,2,335.36
p1_E1_W1.110,1584.0,25.79,11.0,1,282.38
p1_W3_E3.265,1590.0,15.19,0.0,0,269.22
p1_S1_E1.25,1503.0,50.49,20.0,4,467.6
p1_W_E.265,1590.0,21.71,6.0,1,291.47
p1_W_E.263,1578.0,26.06,6.0,1,304.72
p1_W_E.264,1584.0,17.14,5.0,1,275.64
p1_S2_E2.26,1563.0,37.11,19.0,2,315.32
p1_N3_S3.80,1600.0,18.76,6.0,1,274.3
p1_N3_S3.79,1580.0,39.6,22.0,2,338.18
p1_E1_W1.111,1599.0,8.74,0.0,0,254.66
p1_N1_W3.26,1563.0,51.16,28.0,3,357.49
p1_N2_S2.79,1580.0,41.9,17.0,3,346.93
p1_E_W.112,1613.0,9.11,0.0,0,245.81
p1_W1_E1.263,1578.0,34.72,12.0,3,342.1
p1_W_E.267,1602.0,18.53,0.0,0,293.62
p1_N1_S1.79,1580.0,34.08,14.0,2,303.56
p1_S1_N1.79,1580.0,40.4,22.0,2,325.53
p1_W1_E1.264,1584.0,26.51,4.0,2,305.27
p1_E_W.111,1599.0,24.75,11.0,1,291.94
p1_W1_E1.265,1590.0,35.1,2.0,1,342.46
p1_W1_E1.266,1596.0,29.36,0.0,0,295.65
p1_W_E.268,1608.0,15.29,0.0,0,281.79
p1_W1_E1.267,1602.0,25.2,0.0,0,328.75
p1_W_E.269,1614.0,13.8,0.0,0,270.12
p1_W_E.266,1596.0,22.37,4.0,1,285.62
p1_W3_E3.267,1602.0,28.21,10.0,1,315.86
p1_W3_E3.268,1608.0,22.7,6.0,1,302.94
p1_S2_N2.80,1600.0,18.23,3.0,1,274.6
p1_W3_E3.269,1614.0,17.9,2.0,1,299.45
p1_S3_N3.80,1600.0,33.15,13.0,2,311.79
p1_E3_W3.111,1599.0,29.53,9.0,2,298.94
p1_W3_E3.270,1620.0,11.71,0.0,0,263.3
p1_W3_E3.271,1626.0,8.92,0.0,0,246.58
p1_S3_N3.79,1580.0,41.69,19.0,3,338.89
p1_E1_W1.113,1628.0,9.46,0.0,0,250.19
p1_E1_W1.112,1613.0,26.47,13.0,1,296.93
p1_E2_N2.27,1620.0,21.83,4.0,2,299.21
p1_W3_S3.27,1623.0,9.63,0.0,0,250.6
p1_E3_W3.112,1613.0,10.38,0.0,0,250.73
p1_E3_N1.26,1560.0,27.64,9.0,1,395.9
p1_W1_E1.269,1614.0,30.81,5.0,2,326.35
p1_W1_E1.270,1620.0,25.82,4.0,2,324.45
p1_N1_S1.80,1600.0,46.77,22.0,3,357.79
p1_N2_S2.80,1600.0,47.45,22.0,3,356.93
p1_N2_S2.81,1620.0,28.13,10.0,2,303.7
p1_W1_E1.271,1626.0,21.8,1.0,1,304.32
p1_W_E.271,1626.0,22.29,4.0,1,303.14
p1_E_W.113,1628.0,19.02,6.0,1,279.67
p1_E1_N3.28,1680.0,9.84,0.0,0,174.72
p1_W_E.270,1620.0,28.72,11.0,2,303.19
p1_W1_S1.27,1623.0,16.1,0.0,0,284.25
p1_W2_S2.27,1623.0,27.45,9.0,1,314.75
p1_W_E.272,1632.0,18.13,0.0,0,286.35
p1_W1_E1.268,1608.0,30.21,5.0,2,314.45
p1_W_E.273,1638.0,14.32,0.0,0,270.01
p1_S1_N1.80,1600.0,36.85,16.0,2,316.61
p1_E_W.114,1642.0,12.91,0.0,0,259.46
p1_S1_E1.26,1563.0,51.68,14.0,3,484.78
p1_E3_W3.113,1628.0,28.93,9.0,1,313.76
p1_S3_E3.28,1683.0,17.83,5.0,1,187.32
p1_E3_W3.114,1642.0,11.47,0.0,0,265.75
p1_S3_N3.81,1620.0,40.46,21.0,2,326.04
p1_N3_W1.27,1623.0,40.06,16.0,2,326.16
p1_E1_W1.114,1642.0,22.99,8.0,1,283.94
p1_N1_W3.27,1623.0,48.43,24.0,3,366.19
p1_W3_E3.272,1632.0,30.79,12.0,2,308.65
p1_S2_E2.27,1623.0,32.59,14.0,2,309.96
p1_W1_E1.272,1632.0,39.74,18.0,3,346.59
p1_W1_E1.273,1638.0,31.41,7.0,3,326.02
p1_N1_S1.81,1620.0,52.9,29.0,3,374.33
p1_N2_S2.82,1640.0,33.0,15.0,2,323.26
p1_W3_E3.275,1650.0,22.87,6.0,1,283.24
p1_W3_E3.273,1638.0,18.67,3.0,1,276.6
p1_W1_E1.275,1650.0,24.13,3.0,1,310.0
p1_N2_W2.27,1623.0,52.72,29.0,3,367.43
p1_E_W.115,1656.0,18.74,4.0,1,284.67
p1_N1_S1.82,1640.0,30.93,9.0,2,314.16
p1_S2_N2.82,1640.0,37.37,18.0,2,327.07
p1_S1_N1.81,1620.0,35.47,13.0,2,318.78
p1_W1_E1.274,1644.0,10.87,0.0,0,248.31
p1_E3_W3.115,1656.0,27.3,10.0,2,315.09
p1_S2_N2.81,1620.0,52.18,30.0,3,352.81
p1_E3_W3.116,1671.0,12.56,0.0,0,277.11
p1_S3_N3.82,1640.0,38.01,18.0,2,319.09
p1_W_E.274,1644.0,42.84,17.0,2,341.01
p1_W_E.275,1650.0,36.67,13.0,2,336.95
p1_N3_S3.81,1620.0,44.87,24.0,2,340.1
p1_N3_S3.82,1640.0,24.03,9.0,1,291.85
p1_W_E.276,1656.0,31.68,7.0,2,323.99
p1_E1_W1.116,1671.0,20.25,7.0,1,279.09
p1_W_E.277,1662.0,19.3,5.0,1,273.38
p1_W3_E3.277,1662.0,32.38,11.0,2,334.54
p1_W3_E3.279,1674.0,20.35,6.0,1,286.13
p1_W3_E3.278,1668.0,28.51,4.0,1,322.35
p1_W1_E1.276,1656.0,41.21,14.0,3,351.05
p1_E1_W1.115,1656.0,25.91,11.0,1,288.73
p1_W1_E1.278,1668.0,29.34,6.0,2,326.92
p1_W3_E3.276,1656.0,42.66,13.0,3,350.33
p1_N1_S1.83,1660.0,38.03,19.0,2,325.7
p1_E_W.116,1671.0,27.57,10.0,1,315.69
p1_W1_E1.279,1674.0,24.24,4.0,2,305.33
p1_E_W.117,1685.0,14.91,0.0,0,280.42
p1_S1_N1.82,1640.0,56.07,32.0,3,369.05
p1_N2_S2.83,1660.0,32.57,14.0,2,310.97
p1_W_E.279,1674.0,28.48,7.0,2,321.48
p1_E1_N3.29,1740.0,7.02,0.0,0,160.18
p1_S1_N1.83,1660.0,29.72,12.0,2,305.94
p1_S1_N1.84,1680.0,24.04,5.0,1,307.47
p1_W3_E3.274,1644.0,33.05,15.0,2,306.7
p1_S2_N2.83,1660.0,42.31,22.0,2,329.51
p1_W_E.278,1668.0,30.77,11.0,1,312.92
p1_W3_E3.283,1698.0,8.95,0.0,0,253.21
p1_W1_E1.277,1662.0,16.69,0.0,0,289.35
p1_S3_N3.83,1660.0,50.32,33.0,2,345.36
p1_S3_N3.84,1680.0,28.52,7.0,2,308.91
p1_N3_S3.84,1680.0,32.85,15.0,2,314.4
p1_E3_W3.117,1685.0,19.66,7.0,1,278.6
p1_E3_W3.118,1700.0,13.63,1.0,1,275.52
p1_E3_N1.27,1620.0,37.76,11.0,2,432.37
p1_N3_W1.28,1683.0,32.45,13.0,2,307.38
p1_E2_N2.28,1680.0,38.46,13.0,3,339.21
p1_E1_W1.118,1700.0,16.85,4.0,1,267.66
p1_N3_S3.83,1660.0,37.49,16.0,2,324.61
p1_W_E.281,1686.0,36.89,11.0,1,342.66
p1_S3_E3.29,1743.0,8.81,0.0,0,169.31
p1_N1_W3.28,1683.0,41.27,20.0,2,352.99
p1_W1_E1.281,1686.0,38.04,10.0,3,332.92
p1_W1_E1.280,1680.0,39.17,16.0,3,335.14
p1_N1_S1.84,1680.0,44.77,18.0,2,356.97
p1_N2_S2.84,1680.0,45.52,23.0,3,348.79
p1_W3_S3.28,1683.0,42.06,22.0,2,346.94
p1_W_E.282,1692.0,32.73,11.0,1,330.9
p1_W_E.280,1680.0,35.98,10.0,1,328.45
p1_W3_E3.281,1686.0,39.64,19.0,2,335.3
p1_W1_E1.282,1692.0,33.74,5.0,3,326.44
p1_W1_S1.28,1683.0,44.51,16.0,2,359.4
p1_W1_E1.283,1698.0,28.88,2.0,2,331.53
p1_W_E.283,1698.0,28.33,9.0,1,307.82
p1_S1_N1.85,1700.0,26.73,8.0,2,311.38
p1_S2_E2.28,1683.0,44.87,13.0,2,348.92
p1_N2_W2.28,1682.0,46.07,21.0,3,351.48
p1_E_W.118,1700.0,25.37,11.0,1,295.33
p1_W_E.284,1704.0,25.55,3.0,2,331.79
p1_W3_E3.280,1680.0,42.11,17.0,2,339.5
p1_W_E.286,1716.0,14.45,0.0,0,255.05
p1_W2_S2.28,1683.0,29.87,10.0,1,310.98
p1_S2_N2.85,1700.0,31.3,13.0,2,317.78
p1_E_W.119,1714.0,17.57,4.0,1,274.84
p1_W_E.285,1710.0,16.11,0.0,0,277.39
p1_S1_E1.27,1623.0,69.42,19.0,3,495.81
p1_W3_E3.282,1692.0,15.33,1.0,1,267.46
p1_S2_N2.84,1680.0,38.02,19.0,2,311.92
p1_S3_N3.86,1720.0,10.72,0.0,0,263.28
p1_N3_S3.85,1700.0,38.09,22.0,2,321.67
p1_E3_W3.120,1728.0,9.92,0.0,0,251.49
p1_E1_W1.119,1714.0,25.38,11.0,1,288.55
p1_N3_S3.86,1720.0,18.67,1.0,1,296.29
p1_S3_N3.85,1700.0,31.86,12.0,1,317.69
p1_E3_W3.119,1714.0,25.75,12.0,1,287.84
p1_E1_W1.117,1685.0,37.52,19.0,2,318.83
p1_W1_E1.287,1722.0,27.22,5.0,2,324.38
p1_W1_E1.285,1710.0,39.71,18.0,3,352.67
p1_E1_W1.120,1728.0,13.09,1.0,1,257.78
p1_N2_S2.85,1700.0,51.44,25.0,3,359.24
p1_N2_S2.86,1720.0,31.49,12.0,2,306.2
p1_W1_E1.288,1728.0,23.39,3.0,1,298.56
p1_W3_E3.285,1710.0,41.94,19.0,2,345.97
p1_S1_N1.86,1720.0,32.32,15.0,2,315.87
p1_E3_N1.28,1680.0,30.04,12.0,1,425.45
p1_W3_E3.284,1704.0,44.35,24.0,2,341.03
p1_W1_E1.286,1716.0,37.5,7.0,3,330.55
p1_E_W.120,1728.0,24.89,11.0,1,279.93
p1_N1_S1.85,1700.0,42.16,17.0,3,345.03
p1_W3_E3.287,1722.0,31.83,12.0,1,330.1
p1_W3_E3.286,1716.0,36.78,13.0,2,343.81
p1_W3_E3.288,1728.0,27.49,11.0,1,296.33
p1_W2_S2.29,1743.0,12.79,0.0,0,267.14
p1_E2_N2.29,1740.0,15.2,0.0,0,284.32
p1_W1_E1.284,1704.0,36.19,12.0,1,322.67
p1_S2_N2.86,1720.0,37.79,19.0,2,331.1
p1_W_E.288,1728.0,29.98,7.0,2,329.47
p1_W_E.287,1722.0,36.9,13.0,3,339.41
p1_W_E.290,1740.0,20.09,0.0,0,295.46
p1_S1_E1.28,1683.0,36.71,10.0,2,434.28
p1_W_E.289,1734.0,20.91,0.0,0,305.7
p1_W_E.291,1746.0,16.13,0.0,0,283.26
p1_S2_N2.87,1740.0,23.77,8.0,1,284.17
p1_N3_W1.29,1743.0,24.53,4.0,1,301.37
p1_E1_W1.122,1757.0,10.19,0.0,0,254.92
p1_E1_W1.121,1743.0,24.87,11.0,1,283.99
p2_N3_E1.0,1803.0,6.62,0.0,0,164.47
p1_N3_S3.87,1740.0,22.9,5.0,1,284.98
p1_W1_E1.290,1740.0,35.68,12.0,3,340.05
p1_W1_E1.291,1746.0,29.97,3.0,2,335.42
p1_N1_S1.87,1740.0,36.7,19.0,2,322.73
p1_N1_S1.86,1720.0,52.49,30.0,3,361.94
p1_N2_S2.87,1740.0,38.15,20.0,2,332.43
p1_W1_E1.292,1752.0,25.61,1.0,1,318.31
p1_E_W.122,1757.0,21.47,7.0,1,294.41
p1_S1_N1.87,1740.0,38.55,20.0,2,310.38
p1_N2_W2.29,1743.0,36.02,19.0,2,322.89
p1_W1_E1.289,1734.0,37.42,13.0,3,335.38
p1_N1_S1.88,1760.0,16.8,2.0,1,289.54
p1_E_W.123,1772.0,9.35,0.0,0,247.22
p1_W3_E3.289,1734.0,31.93,11.0,2,301.58
p1_W3_E3.290,1740.0,27.56,9.0,1,300.83
p1_S2_N2.88,1760.0,23.39,9.0,1,288.08
p1_W3_E3.291,1746.0,24.32,7.0,1,291.3
p1_W1_S1.29,1743.0,19.7,2.0,1,286.0
p1_S2_E2.29,1743.0,42.02,20.0,2,329.26
p1_W3_S3.29,1743.0,25.98,7.0,1,302.06
p1_W_E.294,1764.0,20.94,2.0,1,317.17
p1_W3_E3.296,1776.0,8.97,0.0,0,251.05
p1_E_W.121,1743.0,28.84,11.0,2,310.43
p1_W3_E3.292,1752.0,26.1,7.0,1,281.22
p1_W_E.293,1758.0,21.2,2.0,1,299.87
p2_E3_S3.0,1803.0,26.28,13.0,2,201.24
p1_W_E.295,1770.0,17.71,0.0,0,277.87
p1_W_E.292,1752.0,21.34,3.0,1,295.44
p1_E1_W1.124,1786.0,7.56,0.0,0,245.88
p1_N3_S3.88,1760.0,33.97,15.0,2,312.16
p1_N3_S3.89,1780.0,14.16,1.0,1,266.4
p1_S3_N3.89,1780.0,14.72,0.0,0,267.91
p1_E3_W3.124,1786.0,9.01,0.0,0,252.53
p1_E3_W3.121,1743.0,36.42,18.0,2,319.5
p1_S3_N3.88,1760.0,36.4,16.0,2,327.7
p1_S3_N3.87,1740.0,31.92,12.0,2,311.84
p1_E1_W1.123,1772.0,21.16,8.0,1,271.15
p1_E3_W3.122,1757.0,17.75,2.0,1,286.11
p1_W3_E3.294,1764.0,39.41,16.0,2,340.96
p1_W3_E3.295,1770.0,33.37,11.0,2,327.69
p1_W1_E1.293,1758.0,38.79,14.0,2,342.92
p1_N2_S2.88,1760.0,43.42,19.0,3,349.39
p1_W1_E1.294,1764.0,30.84,7.0,3,330.47
p1_W3_E3.297,1782.0,23.33,9.0,1,287.84
p1_W1_E1.296,1776.0,29.9,1.0,1,341.23
p1_W1_E1.297,1782.0,25.3,0.0,0,310.74
p1_W1_E1.295,1770.0,20.72,0.0,0,295.99
p1_S2_N2.89,1780.0,29.5,9.0,2,303.19
p1_N1_W3.29,1743.0,51.91,29.0,3,356.3
p1_E_W.124,1786.0,15.01,1.0,1,268.21
p2_W3_E3.0,1800.0,11.43,0.0,0,266.73
p1_W3_E3.293,1758.0,32.18,13.0,2,313.25
p1_S1_N1.88,1760.0,42.38,23.0,2,323.99
p1_W_E.296,1776.0,39.58,15.0,2,344.17
p1_E3_N1.29,1740.0,24.51,3.0,1,394.73
p1_S1_N1.89,1780.0,29.95,14.0,1,301.16
p1_W_E.297,1782.0,30.45,5.0,2,324.94
p1_W_E.299,1794.0,27.19,5.0,2,302.52
p2_E1_W1.0,1800.0,21.27,8.0,1,276.83
p1_E3_W3.123,1772.0,46.03,21.0,2,350.96
p2_S3_W3.0,1803.0,13.91,2.0,1,268.75
p2_E1_W1.1,1806.0,17.06,2.0,1,271.75
p1_W_E.298,1788.0,36.63,4.0,2,351.84
p2_E1_W1.3,1818.0,8.33,0.0,0,240.52
p1_W1_E1.298,1788.0,39.53,15.0,3,341.35
p1_W1_E1.299,1794.0,32.19,8.0,3,332.4
p1_W3_E3.299,1794.0,35.54,12.0,1,340.85
p2_W1_E1.0,1800.0,29.75,4.0,2,327.52
p2_N2_S2.0,1800.0,29.8,12.0,2,311.38
p2_E2_S2.0,1803.0,26.32,13.0,1,295.88
p2_E_W.2,1812.0,18.05,5.0,1,280.02
p1_W3_E3.298,1788.0,37.15,15.0,2,331.38
p2_E_W.3,1818.0,14.58,1.0,1,267.98
p1_N1_S1.89,1780.0,53.4,26.0,3,373.1
p2_S2_W2.0,1803.0,18.68,4.0,1,287.79
p2_E3_S3.1,1863.0,12.74,0.0,0,182.09
p2_S1_N1.0,1800.0,35.51,18.0,2,311.65
p2_S2_N2.0,1800.0,35.48,18.0,2,324.31
p2_E_W.1,1806.0,27.27,10.0,1,293.63
p1_N2_S2.89,1780.0,41.92,16.0,3,348.37
p2_E_W.0,1800.0,25.04,11.0,1,283.19
p2_W3_E3.2,1829.0,7.94,0.0,0,248.87
p2_W3_N1.0,1803.0,28.65,12.0,1,305.91
p2_W1_N3.0,1803.0,35.6,10.0,3,336.41
p2_N1_S1.0,1800.0,41.27,22.0,2,333.92
p2_S3_N3.0,1800.0,40.75,20.0,2,322.82
p2_N1_S1.1,1820.0,20.86,8.0,1,279.97
p2_S1_N1.1,1820.0,21.36,10.0,1,276.93
p2_N3_S3.0,1800.0,39.45,21.0,2,321.76
p2_S2_N2.1,1820.0,23.61,10.0,1,279.93
p2_N3_E1.1,1863.0,23.77,11.0,2,198.18
p2_E3_W3.0,1800.0,46.54,23.0,3,352.04
p2_W_E.1,1815.0,31.45,12.0,1,327.62
p2_W_E.0,1800.0,44.0,20.0,2,346.08
p2_E1_W1.2,1812.0,35.55,15.0,2,334.84
p2_E3_W3.3,1818.0,28.99,9.0,2,314.58
p2_S1_W1.0,1803.0,37.18,15.0,2,340.68
p2_E3_W3.2,1812.0,37.23,7.0,2,345.03
p2_E1_W1.5,1830.0,19.25,4.0,1,281.22
p2_E3_W3.1,1806.0,37.15,13.0,2,332.88
p2_E1_W1.4,1824.0,24.0,10.0,1,293.3
p2_E1_W1.6,1836.0,13.87,0.0,0,281.86
p2_N2_E2.0,1803.0,48.29,28.0,3,341.6
p2_E1_W1.7,1842.0,7.78,0.0,0,249.73
p2_W1_E1.2,1829.0,24.79,5.0,2,304.25
p2_W1_E1.1,1815.0,40.46,17.0,3,348.9
p2_W3_E3.1,1815.0,41.19,20.0,2,351.48
p2_W_E.2,1829.0,26.78,8.0,1,306.39
p2_E_W.5,1830.0,26.39,12.0,1,289.04
p2_W_E.3,1844.0,12.3,0.0,0,262.77
p2_N2_S2.1,1820.0,25.45,5.0,2,301.44
p2_E_W.4,1824.0,24.75,11.0,1,283.43
p2_E_W.6,1836.0,25.49,12.0,1,289.96
p2_S2_N2.2,1840.0,21.51,7.0,1,279.0
p2_W2_N2.0,1803.0,53.83,27.0,4,356.59
p1_S1_E1.29,1743.0,76.19,43.0,5,512.91
p2_S3_N3.1,1820.0,46.14,18.0,3,355.73
p2_N1_S1.2,1840.0,27.07,8.0,2,312.07
p2_S1_N1.2,1840.0,27.08,7.0,1,302.87
p2_N3_S3.2,1840.0,28.36,8.0,2,307.72
p2_S3_N3.2,1840.0,25.05,6.0,1,294.42
p2_N3_S3.1,1820.0,39.55,19.0,2,318.82
p2_E3_W3.6,1836.0,36.19,10.0,2,335.13
p2_E3_W3.5,1830.0,42.12,19.0,3,344.85
p2_E3_W3.8,1848.0,26.41,5.0,1,305.5
p2_E3_W3.4,1824.0,45.58,18.0,2,347.74
p2_W1_E1.4,1858.0,16.82,0.0,0,281.66
p2_E1_W1.10,1860.0,19.19,2.0,1,297.14
p2_W3_E3.3,1844.0,37.53,18.0,2,322.34
p2_E1_W1.9,1854.0,22.99,5.0,1,302.26
p2_W_E.4,1858.0,23.92,5.0,1,302.49
p2_W3_E3.4,1858.0,24.16,10.0,1,283.95
p2_E1_W1.11,1866.0,13.97,0.0,0,276.22
p2_E3_W3.7,1842.0,19.28,2.0,1,287.59
p2_N2_S2.2,1840.0,37.08,14.0,2,341.11
p2_W1_E1.3,1844.0,20.42,6.0,1,279.8
p2_S2_W2.1,1863.0,20.68,3.0,1,316.7
p2_W_E.5,1872.0,11.68,0.0,0,261.05
p2_E_W.8,1848.0,31.83,13.0,1,324.03
p2_E_W.10,1860.0,26.21,10.0,1,316.33
p2_E_W.9,1854.0,33.87,11.0,1,328.49
p2_S2_N2.3,1860.0,27.76,9.0,2,305.81
p2_E2_S2.1,1863.0,24.13,5.0,2,284.93
p2_E3_S3.2,1923.0,7.23,0.0,0,169.96
p2_W2_N2.1,1861.0,26.79,5.0,2,306.83
p2_E_W.7,1842.0,31.97,13.0,1,308.98
p2_W1_N3.1,1861.0,30.31,9.0,2,313.04
p2_W3_E3.5,1872.0,18.44,7.0,1,280.63
p2_N1_S1.4,1880.0,13.55,0.0,0,266.88
p2_E1_W1.8,1848.0,18.37,4.0,1,275.39
p2_S3_N3.3,1860.0,30.62,16.0,1,291.96
p2_W3_N1.1,1861.0,26.99,14.0,1,303.2
p2_S1_W1.1,1863.0,31.77,10.0,2,331.01
p2_S1_N1.3,1860.0,31.92,14.0,2,316.93
p2_N2_E2.1,1863.0,32.29,12.0,2,313.87
p2_N3_E1.2,1923.0,16.77,4.0,2,183.02
p2_E3_W3.9,1854.0,44.91,20.0,3,356.42
p2_E3_W3.10,1860.0,36.97,14.0,3,343.53
p2_N3_S3.4,1880.0,19.41,4.0,1,294.61
p2_N3_S3.3,1860.0,31.16,10.0,1,331.11
p2_E3_W3.12,1872.0,29.17,7.0,2,309.35
p2_S3_W3.1,1863.0,37.97,14.0,2,334.37
p2_E3_W3.11,1866.0,25.92,7.0,1,300.23
p2_E1_W1.12,1872.0,33.52,17.0,2,319.97
p2_E1_W1.14,1884.0,20.96,2.0,2,291.35
p2_W1_E1.6,1887.0,17.01,4.0,1,272.99
p2_N2_S2.3,1860.0,46.98,23.0,3,354.55
p2_E1_W1.13,1878.0,29.56,10.0,2,316.67
p2_E1_S1.0,1803.0,54.89,16.0,3,484.78
p2_E_W.12,1872.0,36.02,18.0,2,322.74
p2_E1_W1.16,1896.0,11.94,0.0,0,261.84
p2_N1_E3.0,1803.0,62.19,33.0,5,490.28
p2_W1_E1.5,1872.0,26.27,8.0,2,313.87
p2_E1_W1.15,1890.0,14.13,1.0,1,271.8
p2_E_W.13,1878.0,30.52,12.0,2,318.55
p2_E_W.11,1866.0,38.41,18.0,2,320.47
p2_S2_N2.4,1880.0,33.2,13.0,2,311.72
p2_W3_E3.6,1887.0,25.79,12.0,1,287.82
p2_E_W.16,1896.0,18.21,3.0,1,276.53
p2_E_W.17,1902.0,14.29,0.0,0,268.35
p2_W_E.6,1887.0,31.43,8.0,2,330.73
p2_W_E.7,1901.0,17.46,5.0,1,271.41
p2_E_W.14,1884.0,19.28,4.0,1,277.19
p2_S1_N1.5,1900.0,19.55,6.0,1,271.5
p2_N1_S1.3,1860.0,27.92,7.0,2,313.31
p2_E_W.15,1890.0,14.33,0.0,0,273.42
p2_W3_E3.7,1901.0,15.22,3.0,1,273.48
p2_S1_N1.4,1880.0,34.09,17.0,2,320.72
p2_W3_E3.8,1916.0,7.86,0.0,0,249.61
p2_E3_W3.14,1884.0,40.81,19.0,3,347.21
p2_E3_W3.15,1890.0,34.88,10.0,2,343.89
p2_E3_W3.13,1878.0,42.79,17.0,3,348.15
p2_E1_W1.20,1920.0,9.85,0.0,0,258.72
p2_E3_W3.16,1896.0,18.79,1.0,1,283.34
p2_N3_S3.5,1900.0,26.45,13.0,1,300.8
p2_E1_W1.17,1902.0,29.34,10.0,2,300.4
p2_W1_E1.8,1916.0,15.38,2.0,1,278.09
p2_N2_S2.5,1900.0,33.76,12.0,2,326.82
p2_W1_E1.7,1901.0,32.7,14.0,2,313.1
p2_E_W.19,1914.0,19.92,3.0,2,294.74
p2_E1_W1.18,1908.0,15.37,0.0,0,270.58
p2_W1_N3.2,1920.0,16.18,0.0,0,276.21
p2_E_W.18,1908.0,22.83,6.0,1,299.93
p2_E_W.20,1920.0,14.06,0.0,0,264.14
p2_E2_S2.2,1923.0,14.64,0.0,0,269.65
p2_S2_N2.6,1920.0,17.89,5.0,1,288.22
p2_N2_S2.4,1880.0,32.75,10.0,3,312.86
p2_N1_S1.5,1900.0,23.8,11.0,1,282.79
p2_N1_S1.6,1920.0,25.16,5.0,2,314.2
p2_S1_N1.6,1920.0,24.83,11.0,1,304.21
p2_W2_N2.2,1920.0,25.38,9.0,2,282.59
p2_N3_E1.3,1983.0,7.11,0.0,0,169.52
p2_E3_S3.3,1983.0,7.16,0.0,0,162.67
p2_S3_N3.5,1900.0,34.31,16.0,2,321.8
p2_E3_W3.17,1902.0,47.96,24.0,3,361.59
p2_E3_W3.18,1908.0,39.51,17.0,3,340.15
p2_W_E.8,1916.0,28.86,10.0,2,316.37
p2_W3_N1.2,1920.0,31.97,16.0,2,296.14
p2_S3_N3.4,1880.0,44.77,19.0,3,339.3
p2_E3_W3.19,1914.0,38.8,12.0,2,348.92
p2_E3_W3.20,1920.0,32.29,10.0,2,307.13
p2_E3_W3.21,1926.0,28.64,7.0,2,308.18
p2_E3_W3.22,1932.0,22.83,1.0,1,298.02
p2_S1_W1.2,1923.0,25.89,9.0,2,306.68
p2_W1_E1.9,1930.0,27.43,8.0,1,311.04
p2_N2_S2.6,1920.0,40.08,16.0,2,344.48
p2_N3_S3.6,1920.0,39.45,20.0,2,323.53
p2_W_E.10,1944.0,15.91,1.0,1,276.33
p2_E1_S1.1,1863.0,38.19,7.0,2,425.38
p2_E1_W1.23,1938.0,23.22,2.0,1,313.27
p2_E1_W1.19,1914.0,30.55,13.0,1,312.61
p2_W1_E1.10,1944.0,9.15,0.0,0,244.09
p2_S2_W2.2,1923.0,34.47,13.0,3,312.79
p2_E1_W1.21,1926.0,23.41,8.0,1,300.38
p2_E1_W1.22,1932.0,29.8,5.0,1,307.74
p2_N3_S3.7,1940.0,24.28,10.0,1,281.34
p2_E_W.24,1944.0,20.36,7.0,1,279.04
p2_E1_W1.24,1944.0,21.16,0.0,0,303.8
p2_E_W.21,1926.0,26.72,12.0,1,290.07
p2_S2_N2.7,1940.0,25.8,8.0,1,304.88
p2_E_W.26,1956.0,10.12,0.0,0,254.6
p2_N1_E3.1,1863.0,50.25,14.0,3,485.37
p2_E_W.22,1932.0,24.44,10.0,1,286.27
p2_E_W.25,1950.0,17.77,2.0,1,280.51
p2_S2_N2.5,1900.0,59.62,36.0,3,370.05
p2_E_W.23,1938.0,31.26,13.0,1,303.54
p2_W3_E3.10,1944.0,25.94,13.0,1,298.31
p2_N1_S1.7,1940.0,31.43,13.0,2,317.48
p2_N2_E2.2,1923.0,46.48,22.0,4,355.92
p2_S1_N1.7,1940.0,31.75,13.0,2,314.73
p2_S3_N3.7,1940.0,24.6,6.0,2,294.94
p2_S3_N3.6,1920.0,45.31,18.0,3,343.58
p2_E3_W3.26,1956.0,20.54,0.0,0,296.26
p2_E3_W3.24,1944.0,32.63,7.0,2,338.11
p2_E3_W3.27,1962.0,16.38,0.0,0,280.36
p2_W3_E3.11,1959.0,9.16,0.0,0,248.33
p2_S3_W3.2,1923.0,44.42,19.0,3,347.5
p2_E1_W1.25,1950.0,33.46,13.0,2,313.76
p2_W3_E3.9,1930.0,26.92,11.0,1,291.03
p2_W1_E1.11,1959.0,24.67,6.0,2,306.73
p2_E1_W1.27,1962.0,17.22,0.0,0,289.78
p2_E3_W3.23,1938.0,46.84,15.0,2,365.99
p2_E3_W3.25,1950.0,18.68,1.0,1,288.54
p2_E1_W1.26,1956.0,29.27,10.0,2,313.39
p2_W_E.9,1930.0,37.78,19.0,2,318.89
p2_N2_S2.7,1940.0,45.81,21.0,3,354.98
p2_E1_W1.28,1968.0,17.71,0.0,0,289.8
p2_W1_E1.12,1973.0,12.78,0.0,0,266.75
p2_W_E.12,1973.0,13.11,0.0,0,265.97
p2_E_W.28,1968.0,17.55,4.0,1,281.28
p2_W_E.11,1959.0,20.74,6.0,1,289.55
p2_N1_S1.8,1960.0,24.22,12.0,1,291.7
p2_E_W.27,1962.0,20.08,7.0,1,279.31
p2_N3_S3.9,1980.0,11.8,0.0,0,251.44
p2_S2_N2.8,1960.0,26.24,10.0,2,311.9
p2_N3_S3.8,1960.0,24.86,11.0,1,282.95
p2_S3_N3.8,1960.0,36.12,12.0,2,337.27
p2_S1_N1.9,1980.0,16.34,4.0,1,272.89
p2_W3_E3.12,1973.0,27.0,8.0,1,303.94
p2_S1_N1.8,1960.0,32.69,15.0,2,308.32
p2_E3_W3.28,1968.0,34.22,9.0,2,340.58
p2_E3_W3.29,1974.0,28.39,2.0,2,322.73
p2_W3_N1.3,1980.0,24.08,10.0,2,284.89
p2_W3_E3.13,1988.0,8.2,0.0,0,241.02
p2_E3_W3.30,1980.0,20.45,0.0,0,304.95
p2_N2_E2.3,1983.0,23.14,7.0,1,303.84
p2_E3_S3.4,2043.0,7.45,0.0,0,172.66
p2_E1_W1.30,1980.0,30.13,10.0,1,305.31
p2_W1_E1.13,1988.0,21.63,2.0,1,295.75
p2_N2_S2.8,1960.0,51.63,27.0,3,360.48
p2_S2_W2.3,1983.0,30.38,11.0,2,328.38
p2_E_W.29,1974.0,40.27,20.0,2,333.13
p2_W_E.13,1988.0,21.52,4.0,1,297.55
p2_E1_W1.29,1974.0,29.19,13.0,1,296.91
p2_N2_S2.9,1980.0,20.94,6.0,1,278.78
p2_S2_N2.9,1980.0,37.24,21.0,2,319.58
p2_E_W.30,1980.0,28.11,10.0,1,300.25
p2_E_W.32,1992.0,25.24,7.0,1,280.64
p2_W1_N3.3,1980.0,38.4,14.0,2,337.31
p2_E2_S2.3,1983.0,29.4,11.0,2,317.26
p2_E_W.31,1986.0,26.19,10.0,1,298.48
p2_N1_E3.2,1923.0,55.03,23.0,4,488.89
p2_S3_N3.9,1980.0,40.72,22.0,2,321.24
p2_E1_W1.31,1986.0,20.12,1.0,1,299.49
p2_W2_N2.3,1980.0,39.48,21.0,2,335.69
p2_N1_S1.10,2000.0,22.98,6.0,2,304.85
p2_W3_E3.15,2016.0,8.19,0.0,0,242.05
p2_S1_N1.10,2000.0,24.95,9.0,1,286.95
p2_N3_E1.4,2043.0,25.21,11.0,1,196.78
p2_S1_W1.3,1983.0,40.51,20.0,2,334.57
p2_W3_E3.14,2002.0,23.98,5.0,1,307.84
p2_E3_W3.32,1992.0,35.45,11.0,2,333.61
p2_E3_W3.34,2004.0,25.95,0.0,0,309.04
p2_S3_W3.3,1983.0,35.42,13.0,2,331.93
p2_E3_W3.35,2010.0,22.9,0.0,0,310.53
p2_E3_W3.36,2016.0,16.42,0.0,0,266.43
p2_E3_W3.31,1986.0,29.15,9.0,1,319.15
p2_E1_W1.33,1998.0,37.73,14.0,2,318.46
p2_W1_E1.14,2002.0,28.23,10.0,1,301.46
p2_W1_E1.15,2016.0,19.66,2.0,1,290.13
p2_E1_W1.32,1992.0,39.14,13.0,1,340.07
p2_E3_W3.33,1998.0,26.96,1.0,1,335.88
p2_N2_S2.10,2000.0,37.4,17.0,2,328.71
p2_E_W.34,2004.0,34.54,14.0,2,316.05
p2_E1_W1.35,2010.0,27.77,7.0,2,315.46
p2_E_W.36,2016.0,22.27,4.0,1,297.03
p2_E1_W1.34,2004.0,35.28,12.0,1,322.57
p2_W_E.15,2016.0,26.01,2.0,1,320.47
p2_E1_W1.37,2022.0,11.24,0.0,0,258.14
p2_W_E.16,2031.0,8.68,0.0,0,253.19
p2_E1_S1.2,1923.0,69.25,37.0,5,492.02
p2_E_W.33,1998.0,38.66,18.0,2,314.4
p2_N3_S3.10,2000.0,27.34,11.0,1,317.78
p2_E_W.35,2010.0,24.84,4.0,2,297.36
p2_S2_N2.10,2000.0,35.0,16.0,2,327.51
p2_E_W.37,2022.0,16.82,4.0,1,274.2
p2_N1_S1.12,2040.0,7.63,0.0,0,245.46
p2_S1_N1.11,2020.0,29.31,12.0,2,314.41
p2_S3_N3.11,2020.0,31.84,14.0,1,316.41
p2_W3_E3.16,2031.0,16.53,3.0,1,285.36
p2_N1_S1.9,1980.0,34.93,16.0,2,315.02
p2_W_E.14,2002.0,26.42,10.0,1,296.85
p2_W3_E3.17,2045.0,7.93,0.0,0,248.08
p2_E3_W3.38,2028.0,25.91,8.0,2,311.24
p2_E3_W3.37,2022.0,32.86,12.0,2,317.52
p2_W3_N1.4,2040.0,14.32,3.0,1,271.49
p2_S3_N3.10,2000.0,48.65,30.0,2,331.82
p2_E3_W3.39,2034.0,22.67,3.0,2,305.98
p2_E3_W3.40,2040.0,15.07,1.0,1,275.6
p2_W1_E1.16,2031.0,30.53,12.0,1,311.96
p2_E1_W1.39,2034.0,27.76,10.0,2,308.99
p2_N2_S2.11,2020.0,43.8,19.0,3,343.89
p2_E_W.39,2034.0,30.31,10.0,2,304.78
p2_N3_S3.11,2020.0,45.79,22.0,3,355.72
p2_S2_W2.4,2043.0,22.72,1.0,1,316.35
p2_E2_S2.4,2043.0,24.23,4.0,2,299.25
p2_W1_E1.17,2045.0,24.32,2.0,1,293.85
p2_E_W.42,2052.0,17.29,1.0,1,287.26
p2_E1_W1.42,2052.0,16.51,1.0,1,275.01
p2_E1_W1.36,2016.0,27.51,10.0,1,297.4
p2_E_W.41,2046.0,25.45,1.0,1,306.33
p2_N1_E3.3,1983.0,35.11,7.0,1,441.78
p2_E_W.40,2040.0,33.24,6.0,1,319.39
p2_W1_N3.4,2040.0,32.43,13.0,3,317.72
p2_W_E.17,2045.0,28.29,8.0,3,335.5
p2_N1_S1.11,2020.0,32.97,14.0,2,327.31
p2_E1_W1.38,2028.0,21.09,6.0,1,282.74
p2_N1_S1.13,2060.0,15.3,3.0,1,276.31
p2_W2_N2.4,2040.0,35.53,14.0,2,316.5
p2_S2_N2.11,2020.0,28.66,9.0,2,311.5
p2_W3_E3.18,2060.0,16.79,0.0,0,290.81
p2_E3_W3.42,2052.0,28.5,10.0,2,309.44
p2_S1_W1.4,2043.0,28.53,9.0,2,310.93
p2_S3_W3.4,2043.0,37.37,13.0,3,335.86
p2_E_W.38,2028.0,26.42,8.0,1,295.42
p2_N3_E1.5,2103.0,9.29,0.0,0,171.4
p2_S1_N1.12,2040.0,28.33,8.0,2,297.74
p2_E3_W3.43,2058.0,22.21,1.0,1,295.73
p2_E3_S3.5,2103.0,17.82,3.0,2,183.75
p2_E3_W3.41,2046.0,29.99,9.0,1,311.23
p2_E3_W3.45,2070.0,13.32,0.0,0,274.94
p2_W1_E1.19,2074.0,12.31,0.0,0,258.39
p2_W1_E1.18,2060.0,27.31,8.0,2,315.28
p2_E3_W3.44,2064.0,9.57,0.0,0,249.36
p2_E1_W1.40,2040.0,44.11,17.0,3,342.14
p2_E1_W1.41,2046.0,38.19,16.0,2,337.96
p2_E_W.45,2070.0,19.21,5.0,1,285.65
p2_E_W.44,2064.0,26.48,10.0,1,309.75
p2_E_W.43,2058.0,33.13,12.0,1,308.57
p2_W_E.18,2060.0,27.86,10.0,1,308.46
p2_E1_W1.44,2064.0,27.05,5.0,2,315.61
p2_E1_W1.43,2058.0,23.71,7.0,1,285.12
p2_W_E.19,2074.0,18.29,1.0,1,286.54
p2_E_W.46,2076.0,16.42,0.0,0,287.17
p2_E1_S1.3,1983.0,66.95,32.0,4,493.12
p2_N2_E2.4,2043.0,36.27,15.0,3,327.51
p2_N2_S2.13,2060.0,34.47,11.0,3,320.3
p2_S2_N2.13,2060.0,36.23,15.0,2,318.95
p2_N3_S3.13,2060.0,36.54,17.0,2,338.49
p2_E_W.47,2082.0,8.79,0.0,0,246.05
p2_N2_S2.12,2040.0,42.0,15.0,3,336.87
p2_S2_N2.12,2040.0,44.71,24.0,3,338.77
p2_E_W.48,2088.0,8.84,0.0,0,242.99
p2_S3_N3.14,2080.0,20.93,7.0,1,277.98
p2_N3_S3.12,2040.0,44.19,19.0,3,340.42
p2_S1_N1.14,2080.0,21.71,8.0,1,289.31
p2_S3_N3.12,2040.0,56.05,35.0,3,366.56
p2_S3_N3.13,2060.0,39.98,19.0,2,321.81
p2_E3_W3.47,2082.0,24.66,5.0,2,306.21
p2_E3_W3.46,2076.0,28.9,8.0,2,309.66
p2_E3_W3.48,2088.0,20.57,1.0,1,292.73
p2_W3_E3.19,2074.0,35.52,17.0,2,326.12
p2_E3_W3.49,2094.0,15.3,0.0,0,272.86
p2_S1_N1.13,2060.0,36.93,15.0,2,327.6
p2_W3_E3.20,2088.0,18.64,4.0,1,275.26
p2_E1_W1.47,2082.0,31.82,12.0,2,322.43
p2_W1_E1.20,2088.0,20.99,3.0,1,292.82
p2_W1_E1.21,2103.0,11.33,0.0,0,262.04
p2_N2_E2.5,2103.0,11.9,0.0,0,281.47
p2_E1_W1.48,2088.0,31.16,8.0,1,322.8
p2_E_W.49,2094.0,24.82,11.0,1,300.27
p2_S2_W2.5,2103.0,15.15,2.0,1,277.44
p2_N1_S1.14,2080.0,40.0,14.0,2,349.45
p2_N2_S2.15,2100.0,19.87,2.0,1,287.64
p2_E1_W1.49,2094.0,21.46,0.0,0,301.61
p2_E1_W1.45,2070.0,30.1,11.0,1,304.84
p2_E_W.50,2100.0,20.05,4.0,1,270.78
p2_E_W.51,2106.0,15.28,0.0,0,269.95
p2_S2_N2.14,2080.0,35.33,17.0,2,310.35
p2_S2_N2.15,2100.0,17.22,4.0,1,268.67
p2_E_W.52,2112.0,11.7,0.0,0,265.99
p2_W3_N1.5,2100.0,25.95,11.0,1,302.41
p2_E_W.53,2118.0,8.02,0.0,0,245.71
p2_E1_S1.4,2043.0,40.74,14.0,2,440.4
p2_E1_W1.46,2076.0,31.54,12.0,1,300.41
p2_N2_S2.14,2080.0,23.44,5.0,2,291.84
p2_N3_S3.15,2100.0,27.51,8.0,1,321.5
p2_W_E.21,2103.0,10.99,0.0,0,255.1
p2_S1_N1.15,2100.0,27.01,9.0,1,304.03
p2_S1_W1.5,2103.0,25.84,10.0,1,315.25
p2_W_E.20,2088.0,26.45,9.0,2,301.24
p2_W1_N3.5,2100.0,29.19,13.0,2,296.42
p2_N3_S3.14,2080.0,38.27,25.0,1,312.06
p2_E3_W3.52,2112.0,19.1,0.0,0,312.08
p2_E3_W3.54,2124.0,8.87,0.0,0,242.2
p2_S3_N3.15,2100.0,25.6,6.0,1,290.5
p2_E3_W3.51,2106.0,23.04,2.0,1,293.74
p2_N3_E1.6,2163.0,15.02,2.0,1,184.01
p2_E1_W1.51,2106.0,33.52,16.0,2,316.21
p2_E1_W1.50,2100.0,37.43,14.0,2,338.72
p2_W3_E3.22,2117.0,23.46,3.0,1,306.73
p2_S3_W3.5,2103.0,16.15,1.0,1,277.84
p2_W3_E3.21,2103.0,37.73,15.0,2,348.54
p2_E1_W1.53,2118.0,23.93,3.0,2,306.87
p2_E1_W1.54,2124.0,16.54,0.0,0,288.22
p2_E2_S2.5,2103.0,29.12,6.0,2,322.11
p2_E3_S3.6,2163.0,24.29,11.0,2,197.03
p2_N1_S1.15,2100.0,45.88,23.0,3,356.55
p2_E3_W3.50,2100.0,20.39,3.0,1,293.54
p2_W1_E1.22,2117.0,22.49,3.0,1,310.38
p2_E_W.54,2124.0,25.0,11.0,1,280.19
p2_N2_S2.16,2120.0,31.56,14.0,2,316.48
p2_W_E.22,2117.0,36.0,16.0,2,324.81
p2_S2_N2.16,2120.0,30.13,12.0,2,306.84
p2_E_W.55,2130.0,21.28,8.0,1,276.64
p2_W2_N2.5,2100.0,36.73,19.0,2,324.96
p2_W_E.23,2132.0,19.34,6.0,1,278.3
p2_S3_N3.16,2120.0,40.28,20.0,2,326.57
p2_S3_N3.17,2140.0,20.18,8.0,1,276.66
p2_E3_W3.56,2136.0,19.39,3.0,1,285.51
p2_E3_W3.58,2148.0,15.23,1.0,1,280.47
p2_E1_W1.59,2154.0,9.72,0.0,0,263.36
p2_E1_W1.56,2136.0,29.41,9.0,1,315.39
p2_E1_W1.57,2142.0,23.47,4.0,1,295.44
p2_E3_W3.59,2154.0,11.23,0.0,0,257.9
p2_N1_E3.4,2043.0,79.67,41.0,6,540.37
p2_W3_E3.24,2146.0,20.36,7.0,1,284.59
p2_E1_W1.60,2160.0,7.94,0.0,0,241.51
p2_W3_E3.23,2132.0,32.67,8.0,2,330.08
p2_W1_E1.24,2146.0,24.36,7.0,1,313.02
p2_W1_E1.23,2132.0,39.07,18.0,2,324.09
p2_N1_S1.17,2140.0,31.69,12.0,2,314.65
p2_E1_S1.5,2103.0,26.03,6.0,1,390.27
p2_E3_W3.53,2118.0,25.61,9.0,1,286.85
p2_E1_W1.52,2112.0,36.72,14.0,2,335.39
p2_N1_S1.16,2120.0,44.18,19.0,3,348.29
p2_E_W.56,2136.0,38.68,18.0,2,321.66
p2_E1_W1.58,2148.0,26.35,0.0,0,317.0
p2_E1_W1.55,2130.0,24.02,10.0,1,287.91
p2_N2_S2.17,2140.0,38.31,18.0,2,316.26
p2_E_W.58,2148.0,30.16,12.0,1,315.94
p2_S2_N2.17,2140.0,37.72,19.0,2,318.47
p2_S2_N2.18,2160.0,18.88,6.0,1,276.79
p2_S1_N1.16,2120.0,49.54,29.0,3,350.55
p2_E_W.60,2160.0,21.88,7.0,1,281.28
p2_N3_S3.16,2120.0,51.85,28.0,3,358.64
p2_N3_S3.17,2140.0,30.3,13.0,1,302.96
p2_E_W.57,2142.0,32.55,12.0,2,305.08
p2_E3_W3.60,2160.0,25.06,12.0,1,291.91
p2_S1_N1.18,2160.0,21.94,9.0,1,282.39
p2_N2_E2.6,2163.0,22.55,9.0,1,293.63
p2_W_E.25,2160.0,26.88,7.0,2,300.29
p2_N3_E1.7,2223.0,6.92,0.0,0,173.13
p2_E3_W3.57,2142.0,39.85,10.0,1,345.89
p2_E1_W1.61,2166.0,24.52,12.0,1,285.66
p2_E3_W3.61,2166.0,23.96,7.0,1,301.43
p2_W3_E3.26,2175.0,17.26,0.0,0,286.85
p2_E3_W3.64,2184.0,7.84,0.0,0,254.11
p2_E3_W3.55,2130.0,34.64,16.0,2,315.42
p2_W_E.24,2146.0,33.65,8.0,2,317.99
p2_W3_E3.25,2160.0,32.82,9.0,2,332.75
p2_E1_W1.64,2184.0,9.14,0.0,0,244.71
p2_E2_S2.6,2163.0,30.62,13.0,2,317.71
p2_E3_W3.62,2172.0,17.3,0.0,0,275.13
p2_N1_E3.5,2103.0,48.7,19.0,4,455.56
p2_S3_W3.6,2163.0,31.09,7.0,2,326.21
p2_W1_E1.25,2160.0,36.54,17.0,2,333.43
p2_E1_W1.62,2172.0,21.42,4.0,1,293.68
p2_N1_S1.18,2160.0,38.73,17.0,2,338.84
p2_W1_E1.26,2175.0,21.98,3.0,1,309.43
p2_E3_S3.7,2223.0,18.54,2.0,1,187.5
p2_S2_W2.6,2163.0,31.12,14.0,2,304.67
p2_E_W.59,2154.0,39.69,21.0,2,319.21
p2_W2_N2.6,2163.0,38.54,18.0,2,337.03
p2_W_E.26,2175.0,29.17,12.0,2,304.63
p2_N2_S2.19,2180.0,23.79,5.0,1,303.38
p2_E_W.64,2184.0,20.09,1.0,1,290.97
p2_W_E.27,2189.0,14.98,1.0,1,270.02
p2_W3_N1.6,2163.0,41.47,21.0,3,325.44
p2_E_W.62,2172.0,31.54,13.0,2,310.08
p2_N2_S2.18,2160.0,32.2,14.0,2,318.56
p2_S1_N1.17,2140.0,56.49,32.0,3,368.41
p2_E_W.66,2196.0,12.52,0.0,0,271.25
p2_S2_N2.19,2180.0,28.24,9.0,2,310.21
p2_W1_N3.6,2163.0,46.99,27.0,3,358.99
p2_E_W.63,2178.0,23.66,5.0,1,306.74
p2_N3_S3.19,2180.0,27.54,8.0,1,302.19
p2_E3_W3.63,2178.0,24.66,12.0,1,292.53
p2_S1_N1.19,2180.0,25.27,12.0,1,285.45
p2_S3_N3.19,2180.0,34.58,14.0,2,313.81
p2_E1_W1.65,2190.0,25.48,12.0,1,290.97
p2_E3_W3.65,2190.0,21.27,7.0,1,280.62
p2_E3_W3.66,2196.0,19.16,3.0,1,285.51
p2_N3_S3.18,2160.0,33.61,11.0,2,331.57
p2_S3_N3.18,2160.0,43.13,23.0,2,325.97
p2_E1_W1.67,2202.0,11.44,0.0,0,264.37
p2_E1_W1.68,2208.0,9.98,0.0,0,248.06
p2_E1_W1.63,2178.0,27.35,14.0,1,288.74
p2_N1_S1.19,2180.0,43.38,19.0,3,352.9
p2_E1_W1.69,2214.0,9.32,0.0,0,253.06
p2_E1_W1.66,2196.0,24.05,5.0,1,281.22
p2_W3_E3.27,2189.0,27.24,5.0,2,307.38
p2_W1_E1.27,2189.0,38.04,17.0,2,343.94
p2_E_W.67,2202.0,24.56,10.0,1,287.28
p2_W1_E1.28,2204.0,24.07,4.0,1,298.32
p2_S1_N1.20,2200.0,30.45,10.0,2,315.29
p2_E_W.61,2166.0,48.48,24.0,3,354.56
p2_E_W.65,2190.0,26.33,9.0,1,292.83
p2_E_W.68,2208.0,24.88,10.0,1,291.68
p2_N2_S2.20,2200.0,33.13,15.0,2,313.97
p2_W_E.28,2204.0,30.66,10.0,2,305.13
p2_W_E.29,2218.0,17.28,4.0,1,274.83
p2_S2_N2.21,2220.0,15.55,2.0,1,270.2
p2_N3_S3.20,2200.0,31.09,16.0,1,308.76
p2_E_W.69,2214.0,16.87,3.0,1,271.69
p2_S2_N2.20,2200.0,31.4,12.0,2,307.56
p2_E3_W3.67,2202.0,31.72,11.0,1,327.17
p2_E3_W3.68,2208.0,23.17,8.0,1,276.9
p2_S1_W1.6,2163.0,59.13,34.0,4,379.08
p2_S3_N3.20,2200.0,40.5,16.0,3,347.71
p2_E3_W3.69,2214.0,26.4,11.0,1,310.05
p2_E3_W3.70,2220.0,16.87,3.0,1,270.72
p2_S3_N3.21,2220.0,19.98,6.0,1,290.69
p2_S3_W3.7,2223.0,17.93,2.0,1,295.36
p2_E3_W3.72,2232.0,10.41,0.0,0,264.13
p2_E1_W1.71,2226.0,18.77,5.0,1,279.56
p2_E1_W1.73,2238.0,8.78,0.0,0,238.64
p2_E1_W1.70,2220.0,20.17,7.0,1,273.48
p2_N3_E1.8,2283.0,6.72,0.0,0,165.86
p2_W3_E3.29,2218.0,31.75,11.0,2,328.25
p2_E1_W1.72,2232.0,18.31,3.0,1,276.28
p2_N1_S1.20,2200.0,45.65,21.0,3,341.62
p2_N1_S1.21,2220.0,23.52,8.0,1,302.75
p2_N3_S3.21,2220.0,9.3,0.0,0,251.69
p2_W3_E3.28,2204.0,38.68,15.0,3,328.32
p2_E1_S1.6,2163.0,45.82,18.0,3,445.1
p2_W1_E1.29,2218.0,35.12,13.0,3,342.2
p2_E_W.71,2226.0,26.95,11.0,1,297.42
p2_E_W.72,2232.0,20.87,8.0,1,281.23
p2_S2_W2.7,2223.0,31.21,13.0,2,308.03
p2_E3_S3.8,2283.0,12.17,0.0,0,176.37
p2_E_W.70,2220.0,24.85,8.0,1,296.54
p2_N2_E2.7,2223.0,34.54,12.0,1,318.39
p2_W3_N1.7,2221.0,37.16,17.0,2,317.56
p2_S1_W1.7,2223.0,36.43,16.0,3,330.15
p2_W1_E1.30,2232.0,28.09,3.0,2,302.54
p2_W_E.30,2232.0,28.67,10.0,1,311.05
p2_N2_S2.22,2240.0,21.15,2.0,1,301.92
p2_S1_N1.22,2240.0,22.25,8.0,1,276.75
p2_S2_N2.22,2240.0,22.28,8.0,1,274.22
p2_N2_S2.21,2220.0,32.74,15.0,2,309.61
p2_E3_W3.73,2238.0,21.22,8.0,1,277.74
p2_E3_W3.71,2226.0,27.06,13.0,1,303.3
p2_W1_N3.7,2221.0,36.18,11.0,3,337.12
p2_N3_S3.22,2240.0,26.93,10.0,2,306.72
p2_N3_S3.23,2260.0,10.41,0.0,0,253.6
p2_S3_N3.22,2240.0,26.62,8.0,2,297.37
p2_E1_W1.74,2244.0,24.34,11.0,1,279.44
p2_E1_W1.76,2256.0,16.31,4.0,1,280.06
p2_E1_W1.75,2250.0,23.4,9.0,1,287.58
p2_N1_E3.6,2163.0,68.9,36.0,4,498.92
p2_N1_S1.22,2240.0,35.12,18.0,2,324.92
p2_W3_E3.31,2247.0,28.81,11.0,2,316.83
p2_E_W.75,2250.0,28.42,9.0,2,316.87
p2_W1_E1.31,2247.0,32.47,8.0,3,334.45
p2_E2_S2.7,2223.0,50.38,28.0,4,364.92
p2_W3_E3.30,2232.0,39.53,16.0,2,329.22
p2_W1_E1.32,2261.0,18.75,4.0,1,285.69
p2_E_W.74,2244.0,36.96,17.0,2,326.31
p2_E_W.73,2238.0,33.44,13.0,2,316.45
p2_N2_S2.23,2260.0,22.13,7.0,1,290.39
p2_W2_N2.7,2221.0,50.47,29.0,3,342.33
p2_S2_N2.23,2260.0,27.73,9.0,2,304.24
p2_E3_W3.74,2244.0,40.86,22.0,2,329.77
p2_W3_N1.8,2280.0,9.82,0.0,0,263.75
p2_S1_N1.21,2220.0,44.5,19.0,3,334.54
p2_E3_W3.76,2256.0,35.1,12.0,2,323.66
p2_E3_W3.75,2250.0,29.62,9.0,2,308.04
p2_S1_N1.23,2260.0,25.01,10.0,1,289.44
p2_E3_W3.78,2268.0,24.83,10.0,1,281.53
p2_E3_W3.77,2262.0,32.07,6.0,1,294.21
p2_W_E.31,2247.0,47.65,25.0,3,353.46
p2_W_E.32,2261.0,30.77,11.0,1,313.98
p2_E3_W3.79,2274.0,21.09,7.0,1,278.56
p2_E1_W1.79,2274.0,26.28,12.0,1,297.6
p2_E1_W1.78,2268.0,26.04,14.0,1,297.31
p2_N1_S1.23,2260.0,41.75,17.0,3,344.26
p2_E1_W1.81,2286.0,15.37,2.0,1,283.15
p2_E_W.76,2256.0,47.16,25.0,2,348.14
p2_E_W.77,2262.0,42.48,25.0,2,331.27
p2_E_W.78,2268.0,38.45,17.0,2,323.35
p2_E_W.79,2274.0,32.58,10.0,1,314.87
p2_W1_E1.33,2276.0,29.87,5.0,2,326.9
p2_W3_E3.32,2261.0,45.97,21.0,3,349.43
p2_S1_N1.24,2280.0,28.5,12.0,2,300.79
p2_S2_W2.8,2283.0,25.21,9.0,1,308.59
p2_W3_E3.33,2276.0,22.95,4.0,2,300.0
p2_S1_W1.8,2283.0,27.51,11.0,2,312.53
p2_N1_E3.7,2223.0,45.34,17.0,4,462.02
p2_E1_W1.77,2262.0,21.88,8.0,1,278.48
p2_S2_N2.24,2280.0,33.3,15.0,2,322.12
p2_W1_N3.8,2280.0,34.25,13.0,3,316.43
p2_E3_W3.80,2280.0,26.05,10.0,1,299.11
p2_E2_S2.8,2282.0,35.02,15.0,3,326.93
p2_E3_W3.81,2286.0,22.81,9.0,1,285.47
p2_E3_S3.9,2343.0,16.17,4.0,1,184.21
p2_N2_S2.24,2280.0,37.73,18.0,2,321.96
p2_S3_N3.25,2300.0,17.57,3.0,1,278.25
p2_N3_S3.24,2280.0,39.93,19.0,2,329.79
p2_S3_N3.23,2260.0,52.8,29.0,3,368.79
p2_E1_W1.80,2280.0,41.95,20.0,2,335.07
p2_N3_E1.9,2343.0,22.48,9.0,2,196.39
p2_E1_W1.83,2298.0,25.88,12.0,1,287.86
p2_E1_W1.85,2310.0,15.43,2.0,1,268.5
p2_E1_S1.7,2223.0,45.73,19.0,3,439.94
p2_N2_E2.8,2283.0,39.83,19.0,2,334.98
p2_W_E.34,2290.0,35.68,15.0,2,325.31
p2_E1_W1.86,2316.0,11.36,0.0,0,260.75
p2_N1_S1.24,2280.0,48.13,22.0,3,356.05
p2_N1_S1.25,2300.0,27.53,8.0,2,307.61
p2_E1_W1.84,2304.0,24.21,7.0,1,292.35
p2_E_W.81,2286.0,43.4,16.0,3,339.52
p2_E_W.80,2280.0,48.45,24.0,3,358.8
p2_W_E.33,2276.0,42.06,18.0,3,332.42
p2_E_W.82,2292.0,40.12,10.0,3,342.2
p2_W3_E3.34,2290.0,40.98,17.0,3,345.85
p2_W1_E1.35,2304.0,24.19,4.0,1,307.95
p2_W1_E1.34,2290.0,32.62,8.0,2,333.18
p2_S1_N1.25,2300.0,34.36,14.0,2,315.09
p2_E1_W1.82,2292.0,21.06,8.0,1,293.65
p2_W3_E3.35,2304.0,21.17,3.0,1,290.03
p2_E_W.85,2310.0,22.3,6.0,1,285.99
p2_E_W.84,2304.0,21.87,8.0,1,280.29
p2_W3_E3.36,2319.0,17.43,0.0,0,284.32
p2_W2_N2.8,2280.0,48.2,24.0,4,348.35
p2_W_E.35,2304.0,35.39,19.0,2,316.76
p2_W_E.36,2319.0,20.38,7.0,1,280.01
p2_S2_N2.25,2300.0,39.96,21.0,2,341.21
p2_S1_N1.26,2320.0,20.27,7.0,1,280.73
p2_S2_N2.26,2320.0,20.14,3.0,1,292.08
p2_S3_W3.8,2283.0,55.61,32.0,3,376.96
p2_E3_W3.85,2310.0,30.66,8.0,1,313.69
p2_E3_W3.86,2316.0,26.4,7.0,1,306.02
p2_N2_S2.25,2300.0,43.89,23.0,2,346.68
p2_N2_S2.26,2320.0,22.16,5.0,1,304.66
p2_N3_S3.25,2300.0,45.18,24.0,2,364.7
p2_E3_W3.84,2304.0,40.63,13.0,2,338.52
p2_E3_W3.83,2298.0,36.31,16.0,2,310.3
p2_N3_S3.26,2320.0,15.68,2.0,1,273.13
p2_S3_N3.26,2320.0,15.69,2.0,1,276.74
p2_E3_W3.87,2322.0,21.73,7.0,1,284.18
p2_E3_W3.82,2292.0,40.94,21.0,2,320.13
p2_E1_W1.89,2334.0,16.53,4.0,1,270.76
p2_E1_W1.87,2322.0,26.06,12.0,1,293.66
p2_S3_N3.24,2280.0,41.38,21.0,2,324.32
p2_E1_W1.88,2328.0,24.98,10.0,1,301.45
p2_E1_W1.91,2346.0,7.45,0.0,0,239.45
p2_N1_S1.26,2320.0,31.85,14.0,2,311.63
p2_E_W.83,2298.0,57.61,27.0,4,344.03
p2_W1_E1.36,2319.0,38.37,15.0,3,338.84
p2_E_W.89,2334.0,22.87,8.0,1,281.52
p2_E1_W1.90,2340.0,11.2,0.0,0,255.57
p2_W3_E3.37,2333.0,25.82,7.0,2,301.07
p2_E_W.87,2322.0,33.27,14.0,2,320.68
p2_W1_E1.37,2333.0,19.84,1.0,1,303.73
p2_E_W.88,2328.0,26.41,6.0,1,302.98
p2_S1_N1.27,2340.0,20.86,7.0,1,276.41
p2_E_W.86,2316.0,35.19,15.0,2,318.12
p2_E3_W3.88,2328.0,38.29,20.0,2,326.99
p2_N2_E2.9,2343.0,23.13,3.0,1,305.57
p2_W_E.37,2333.0,34.15,13.0,2,322.19
p2_E3_W3.89,2334.0,31.98,11.0,2,302.67
p2_W1_N3.9,2340.0,26.79,5.0,2,294.19
p2_E3_W3.90,2340.0,28.17,10.0,2,304.87
p2_N2_S2.27,2340.0,29.12,8.0,2,320.27
p2_E3_W3.91,2346.0,22.95,5.0,1,284.31
p2_W_E.38,2348.0,21.85,7.0,1,289.62
p2_E3_W3.92,2352.0,18.08,4.0,1,277.26
p2_N3_E1.10,2403.0,9.86,1.0,1,175.88
p2_E3_S3.10,2403.0,7.28,0.0,0,171.52
p2_E1_S1.8,2283.0,44.62,14.0,2,452.04
p2_S1_W1.9,2343.0,22.24,8.0,1,289.3
p2_W_E.39,2362.0,13.48,0.0,0,267.38
p2_N3_S3.27,2340.0,35.8,16.0,2,325.28
p2_E1_W1.93,2358.0,18.5,6.0,1,274.41
p2_E1_W1.92,2352.0,24.69,11.0,1,283.99
p2_N3_S3.28,2360.0,15.15,0.0,0,265.76
p2_E1_W1.94,2364.0,15.3,1.0,1,269.01
p2_N1_S1.27,2340.0,35.23,15.0,2,329.48
p2_S3_N3.27,2340.0,30.9,12.0,2,310.96
p2_E_W.93,2358.0,24.76,4.0,2,313.14
p2_E_W.91,2346.0,38.48,12.0,2,346.43
p2_W1_E1.39,2362.0,21.44,2.0,1,301.64
p2_W1_E1.38,2348.0,32.41,8.0,3,327.25
p2_E_W.90,2340.0,32.38,14.0,2,314.97
p2_E_W.92,2352.0,28.2,6.0,2,319.04
p2_S1_N1.28,2360.0,24.7,9.0,1,306.48
p2_W3_N1.9,2340.0,36.36,15.0,3,325.02
p2_E3_W3.95,2370.0,23.21,8.0,1,279.02
p2_E3_W3.93,2358.0,32.07,11.0,2,315.25
p2_N2_S2.28,2360.0,35.01,17.0,2,316.3
p2_W3_E3.38,2348.0,26.57,8.0,2,302.25
p2_E3_W3.96,2376.0,15.79,1.0,1,271.39
p2_N1_E3.8,2283.0,68.43,30.0,6,504.26
p2_E2_S2.9,2343.0,49.52,30.0,3,344.08
p2_S2_N2.27,2340.0,49.26,27.0,3,345.95
p2_S3_W3.9,2343.0,40.4,16.0,4,334.02
p2_S2_N2.29,2380.0,18.53,2.0,1,286.66
p2_W_E.41,2391.0,9.41,0.0,0,266.55
p2_E1_W1.96,2376.0,25.19,12.0,1,281.05
p2_S2_N2.28,2360.0,39.65,15.0,2,323.54
p2_E1_W1.97,2382.0,21.23,8.0,1,279.33
p2_W2_N2.9,2340.0,41.42,18.0,3,324.73
p2_E3_W3.94,2364.0,16.14,0.0,0,276.08
p2_W_E.40,2376.0,25.34,11.0,1,280.49
p2_E1_W1.98,2388.0,17.13,0.0,0,264.77
p2_N1_S1.28,2360.0,45.44,22.0,3,358.84
p2_E_W.94,2364.0,44.01,21.0,3,347.66
p2_W1_E1.40,2376.0,33.33,10.0,3,330.76
p2_E_W.97,2382.0,28.24,7.0,2,305.88
p2_W1_E1.41,2391.0,16.8,5.0,1,281.32
p2_E_W.96,2376.0,36.26,14.0,2,313.47
p2_S1_N1.29,2380.0,31.9,15.0,2,308.08
p2_S2_W2.9,2343.0,55.35,28.0,4,366.39
p2_N2_E2.10,2403.0,10.0,0.0,0,257.15
p2_E1_W1.95,2370.0,19.75,5.0,1,279.76
p2_E_W.95,2370.0,44.11,18.0,2,334.8
p2_S2_W2.10,2403.0,12.9,0.0,0,280.9
p2_W3_E3.40,2376.0,34.52,17.0,2,314.2
p2_E3_W3.97,2382.0,36.17,18.0,2,318.86
p2_E3_W3.98,2388.0,30.09,10.0,2,314.21
p2_W3_E3.41,2391.0,27.73,9.0,2,307.78
p2_W3_N1.10,2400.0,19.04,5.0,1,275.93
p2_E3_W3.100,2400.0,19.87,7.0,1,282.43
p2_W3_E3.39,2362.0,37.58,14.0,2,325.29
p2_E3_W3.99,2394.0,19.37,4.0,1,282.0
p2_N2_S2.30,2400.0,19.46,4.0,1,292.87
p2_N2_S2.29,2380.0,38.33,18.0,2,327.48
p2_E1_W1.100,2400.0,25.43,12.0,1,288.21
p2_S3_N3.29,2380.0,35.06,15.0,2,318.31
p2_E1_W1.99,2394.0,31.86,11.0,1,315.26
p2_N3_E1.11,2463.0,7.12,0.0,0,172.14
p2_S3_N3.28,2360.0,45.16,21.0,3,343.28
p2_N3_S3.30,2400.0,27.33,8.0,2,306.34
p2_E1_W1.101,2406.0,24.06,10.0,1,299.9
p2_E1_S1.9,2343.0,33.98,10.0,2,428.84
p2_N3_S3.29,2380.0,43.56,25.0,2,326.44
p2_N1_S1.29,2380.0,51.86,30.0,3,371.91
p2_E1_W1.102,2412.0,19.24,5.0,1,274.36
p2_E_W.99,2394.0,40.33,15.0,3,347.43
p2_N1_S1.30,2400.0,24.9,7.0,2,300.01
p2_E_W.98,2388.0,47.35,23.0,3,364.63
p2_E_W.101,2406.0,29.36,10.0,2,315.66
p2_E_W.100,2400.0,37.24,9.0,3,343.56
p2_S1_N1.30,2400.0,38.72,19.0,2,324.47
p2_W_E.43,2420.0,18.92,6.0,1,279.99
p2_W1_E1.42,2405.0,19.78,6.0,1,268.29
p2_E_W.102,2412.0,25.2,5.0,1,295.29
p2_E_W.103,2418.0,15.9,1.0,1,273.14
p2_W3_E3.42,2405.0,35.56,17.0,2,320.84
p2_N1_E3.9,2343.0,57.27,27.0,3,475.43
p2_E3_W3.101,2406.0,38.58,20.0,2,323.15
p2_S3_W3.10,2403.0,41.44,14.0,3,341.26
p2_S1_N1.31,2420.0,20.9,8.0,1,274.83
p2_S3_N3.30,2400.0,48.23,30.0,2,338.13
p2_W2_N2.10,2400.0,48.03,28.0,3,342.98
p2_E3_W3.102,2412.0,31.87,10.0,2,313.65
p2_E3_W3.103,2418.0,24.29,6.0,2,296.57
p2_E3_S3.11,2463.0,28.23,13.0,2,200.09
p2_E3_W3.104,2424.0,25.65,3.0,1,308.19
p2_E3_W3.105,2430.0,19.65,3.0,1,291.09
p2_S3_N3.32,2440.0,10.32,0.0,0,252.51
p2_S2_N2.31,2420.0,31.01,8.0,2,317.36
p2_E1_W1.103,2418.0,34.18,12.0,1,333.02
p2_S3_N3.31,2420.0,30.18,14.0,1,299.76
p2_E1_W1.104,2424.0,21.68,7.0,1,269.44
p2_S2_N2.30,2400.0,34.6,14.0,2,304.88
p2_W1_N3.10,2400.0,22.26,2.0,1,296.83
p2_E2_S2.10,2403.0,41.31,16.0,2,332.48
p2_E1_W1.106,2436.0,20.14,6.0,1,285.32
p2_W_E.44,2434.0,19.25,7.0,1,289.94
p2_W_E.42,2405.0,34.36,17.0,2,315.17
p2_W1_E1.43,2420.0,39.54,19.0,2,337.8
p2_N3_S3.32,2440.0,19.15,6.0,1,278.72
p2_E1_W1.107,2442.0,14.93,2.0,1,282.27
p2_E1_W1.105,2430.0,24.02,10.0,1,294.96
p2_E_W.105,2430.0,30.29,12.0,2,311.99
p2_W1_E1.44,2434.0,25.63,9.0,1,308.46
p2_E_W.106,2436.0,24.8,9.0,1,302.73
p2_N1_S1.31,2420.0,25.04,6.0,2,300.3
p2_E_W.107,2442.0,20.74,6.0,1,273.77
p2_E_W.108,2448.0,15.11,0.0,0,268.96
p2_N3_S3.31,2420.0,25.06,5.0,2,296.83
p2_S1_N1.32,2440.0,19.92,5.0,1,279.44
p2_S1_W1.10,2403.0,58.36,32.0,4,366.43
p2_W3_N1.11,2460.0,8.26,0.0,0,249.58
p2_E3_W3.107,2442.0,28.72,10.0,2,305.27
p2_E3_W3.109,2454.0,18.24,3.0,1,279.18
p2_W3_E3.44,2434.0,36.82,16.0,2,326.37
p2_E3_W3.106,2436.0,36.71,17.0,2,322.15
p2_S2_N2.32,2440.0,34.55,18.0,2,314.3
p2_W_E.45,2448.0,26.18,14.0,1,286.52
p2_W3_E3.45,2448.0,26.97,8.0,2,303.74
p2_E3_W3.108,2448.0,26.63,8.0,2,314.9
p2_W3_E3.43,2420.0,43.52,19.0,3,345.74
p2_E1_W1.109,2454.0,23.33,10.0,1,288.3
p2_N2_S2.32,2440.0,32.54,14.0,2,312.44
p2_W2_N2.11,2460.0,20.05,7.0,1,288.31
p2_N2_S2.31,2420.0,51.71,30.0,3,357.69
p2_E1_W1.108,2448.0,22.26,7.0,1,264.97
p2_W_E.46,2463.0,16.25,4.0,1,276.61
p2_E1_W1.110,2460.0,22.33,8.0,1,293.37
p2_N1_S1.32,2440.0,40.98,18.0,3,340.48
p2_E1_W1.111,2466.0,16.77,3.0,1,278.36
p2_W1_E1.45,2448.0,36.12,15.0,2,331.1
p2_W1_E1.46,2463.0,21.74,6.0,1,289.4
p2_E_W.109,2454.0,32.73,15.0,2,315.69
p2_S1_N1.33,2460.0,30.92,11.0,2,315.12
p2_N3_S3.33,2460.0,26.23,6.0,1,299.52
p2_N2_E2.11,2463.0,28.2,13.0,2,308.17
p2_S1_W1.11,2463.0,29.89,10.0,3,320.44
p2_E2_S2.11,2463.0,33.16,11.0,2,325.23
p2_S3_W3.11,2463.0,32.23,10.0,3,339.28
p2_E_W.104,2424.0,33.93,11.0,2,324.45
p2_E3_W3.111,2466.0,27.81,10.0,2,314.32
p2_E3_W3.114,2484.0,14.87,0.0,0,268.4
p2_S3_N3.33,2460.0,39.71,18.0,3,347.18
p2_W3_E3.46,2463.0,40.13,22.0,2,324.37
p2_E1_W1.113,2478.0,25.35,10.0,1,289.51
p2_W1_N3.11,2460.0,18.44,1.0,1,288.33
p2_E1_W1.112,2472.0,32.29,14.0,1,315.6
p2_S2_N2.33,2460.0,30.03,11.0,2,313.38
p2_S2_W2.11,2463.0,33.69,15.0,2,328.97
p2_N2_S2.33,2460.0,40.45,21.0,2,320.1
p2_N2_S2.34,2480.0,18.25,4.0,1,293.6
p2_E1_W1.114,2484.0,23.97,10.0,1,304.2
p2_N3_E1.12,2523.0,21.21,10.0,2,190.69
p2_E1_S1.10,2403.0,62.91,31.0,3,504.23
p2_N1_S1.33,2460.0,49.98,25.0,3,367.36
p2_W_E.48,2492.0,13.63,0.0,0,283.42
p2_E1_W1.117,2502.0,8.19,0.0,0,249.31
p2_E3_S3.12,2523.0,24.42,10.0,1,199.9
p2_E_W.110,2460.0,52.37,26.0,3,361.35
p2_W_E.47,2477.0,31.32,12.0,2,308.19
p2_W1_E1.48,2492.0,18.42,5.0,1,293.14
p2_E_W.111,2466.0,47.0,19.0,3,355.1
p2_W1_E1.47,2477.0,30.67,11.0,2,315.2
p2_E_W.113,2478.0,35.89,11.0,2,323.8
p2_E_W.112,2472.0,42.75,11.0,3,355.79
p2_N1_S1.34,2480.0,25.6,6.0,1,302.17
p2_E_W.115,2490.0,26.5,5.0,1,309.4
p2_S1_N1.34,2480.0,33.66,15.0,2,311.69
p2_E_W.114,2484.0,23.76,4.0,1,301.74
p2_N3_S3.35,2500.0,20.03,6.0,1,284.67
p2_S1_N1.35,2500.0,22.57,8.0,1,282.39
p2_E3_W3.115,2490.0,32.75,12.0,2,319.97
p2_E3_W3.113,2478.0,41.01,16.0,3,344.88
p2_S2_N2.34,2480.0,46.42,22.0,3,353.59
p2_S3_N3.35,2500.0,26.73,7.0,2,311.59
p2_N3_S3.34,2480.0,33.7,20.0,1,296.37
p2_S3_N3.34,2480.0,31.51,11.0,2,313.58
p2_N2_S2.35,2500.0,30.18,12.0,2,314.72
p2_W3_E3.49,2506.0,23.66,10.0,1,296.2
p2_W3_E3.48,2492.0,39.93,19.0,2,333.89
p2_E3_W3.117,2502.0,27.81,2.0,1,307.83
p2_N1_E3.10,2403.0,66.78,35.0,5,485.98
p2_E3_W3.112,2472.0,32.23,13.0,1,316.69
p2_E3_W3.119,2514.0,20.0,0.0,0,284.34
p2_E1_W1.116,2496.0,18.24,3.0,1,269.04
p2_N1_S1.35,2500.0,35.25,16.0,2,327.94
p2_E3_W3.110,2460.0,40.31,19.0,2,316.62
p2_E1_W1.115,2490.0,25.89,10.0,1,292.41
p2_E3_W3.116,2496.0,31.37,5.0,1,293.53
p2_E1_W1.119,2514.0,23.02,5.0,1,291.52
p2_W1_E1.50,2520.0,17.44,2.0,1,289.68
p2_E_W.116,2496.0,42.07,18.0,3,344.35
p2_E_W.117,2502.0,36.54,12.0,2,342.84
p2_W1_E1.49,2506.0,29.62,10.0,2,316.78
p2_E1_W1.118,2508.0,29.81,12.0,1,309.37
p2_E1_W1.120,2520.0,18.63,2.0,1,308.69
p2_E_W.119,2514.0,26.39,7.0,1,303.66
p2_E_W.118,2508.0,30.48,6.0,2,333.63
p2_E_W.120,2520.0,22.16,5.0,1,287.78
p2_W3_E3.50,2520.0,21.94,8.0,1,285.58
p2_S1_N1.36,2520.0,20.24,7.0,1,280.81
p2_W3_E3.47,2477.0,27.67,5.0,2,303.3
p2_W_E.49,2506.0,41.12,20.0,2,331.41
p2_W_E.50,2520.0,27.16,10.0,1,302.94
p2_E3_W3.118,2508.0,40.13,14.0,2,337.4
p2_E3_W3.120,2520.0,28.74,11.0,2,308.3
p2_N2_E2.12,2523.0,24.69,10.0,1,301.61
p2_N1_E3.11,2463.0,45.65,16.0,3,467.71
p2_S2_N2.35,2500.0,52.23,28.0,3,366.28
p2_S2_N2.36,2520.0,33.3,12.0,2,312.67
p2_S3_W3.12,2523.0,20.8,0.0,0,292.53
p2_N3_E1.13,2583.0,11.57,1.0,1,187.14
p2_E2_S2.12,2523.0,28.75,4.0,2,327.91
p2_N2_S2.36,2520.0,37.19,17.0,2,312.87
p2_S3_N3.36,2520.0,35.83,17.0,2,324.63
p2_W_E.51,2535.0,23.19,9.0,1,289.01
p2_E1_W1.121,2526.0,21.23,8.0,1,281.51
p2_W3_E3.51,2535.0,26.14,11.0,1,293.26
p2_E1_S1.11,2462.0,50.81,23.0,3,470.04
p2_E1_W1.123,2538.0,19.91,6.0,1,273.38
p2_E1_W1.124,2544.0,19.51,3.0,1,271.78
p2_N1_S1.36,2520.0,33.64,11.0,2,326.45
p2_E_W.121,2526.0,36.78,17.0,2,337.95
p2_W1_E1.51,2535.0,26.65,8.0,2,310.75
p2_E_W.123,2538.0,25.42,4.0,1,303.91
p2_E3_S3.13,2583.0,23.54,12.0,2,198.53
p2_E_W.122,2532.0,29.89,11.0,2,318.41
p2_W3_N1.12,2523.0,42.01,18.0,3,342.84
p2_E_W.124,2544.0,16.01,0.0,0,272.61
p2_S1_N1.37,2540.0,25.93,8.0,1,303.04
p2_W1_N3.12,2523.0,44.52,21.0,3,341.31
p2_N3_S3.37,2540.0,33.9,15.0,2,320.02
p2_N3_S3.36,2520.0,50.64,26.0,3,357.62
p2_S2_W2.12,2523.0,40.42,21.0,3,330.41
p2_E3_W3.124,2544.0,31.06,10.0,2,315.55
p2_E3_W3.123,2538.0,32.81,8.0,2,329.11
p2_S1_W1.12,2523.0,35.98,17.0,3,321.15
p2_E3_W3.122,2532.0,41.53,12.0,2,343.16
p2_E3_W3.121,2526.0,45.32,17.0,3,337.37
p2_W2_N2.12,2523.0,48.81,28.0,3,335.57
p2_N2_S2.37,2540.0,40.9,21.0,2,333.37
p2_E1_W1.126,2556.0,23.63,10.0,1,284.14
p2_E1_W1.122,2532.0,41.74,26.0,2,327.63
p2_N2_S2.38,2560.0,16.35,2.0,1,264.65
p2_W_E.54,2578.0,8.53,0.0,0,241.13
p2_W3_E3.53,2564.0,22.77,10.0,1,288.13
p2_E1_W1.129,2574.0,12.96,0.0,0,271.37
p2_N1_S1.37,2540.0,47.81,23.0,3,360.32
p2_S2_N2.37,2540.0,17.13,3.0,1,285.02
p2_W_E.52,2549.0,19.83,5.0,1,276.65
p2_E1_W1.125,2550.0,23.34,9.0,1,282.0
p2_N1_S1.38,2560.0,24.76,9.0,1,303.94
p2_W1_E1.52,2549.0,40.46,20.0,2,347.29
p2_W1_E1.53,2564.0,25.47,10.0,1,306.18
p2_E1_W1.128,2568.0,21.49,3.0,1,306.85
p2_E1_W1.130,2580.0,8.76,0.0,0,249.93
p2_W3_E3.52,2549.0,29.32,9.0,2,300.67
p2_E_W.126,2556.0,35.2,16.0,2,314.77
p2_E_W.127,2562.0,28.84,9.0,2,311.01
p2_S1_N1.38,2560.0,34.38,16.0,2,318.17
p2_W3_E3.54,2578.0,16.72,2.0,1,278.96
p2_E_W.125,2550.0,28.4,7.0,2,305.58
p2_N3_S3.38,2560.0,40.02,17.0,2,338.36
p2_S1_N1.39,2580.0,20.35,7.0,1,277.79
p2_W3_N1.13,2581.0,19.19,5.0,2,282.83
p2_E3_W3.127,2562.0,38.71,12.0,3,340.28
p2_E3_W3.128,2568.0,35.08,13.0,2,318.05
p2_E3_W3.126,2556.0,42.28,18.0,3,340.2
p2_S2_N2.38,2560.0,44.02,19.0,3,359.41
p2_S3_N3.39,2580.0,24.44,5.0,1,301.21
p2_S3_N3.38,2560.0,44.74,25.0,2,343.29
p2_E3_W3.129,2574.0,24.42,4.0,1,303.77
p2_N1_E3.12,2523.0,41.8,10.0,2,434.76
p2_E3_W3.125,2550.0,45.73,19.0,3,341.86
p2_N2_S2.39,2580.0,28.51,11.0,2,318.99
p2_W_E.55,2592.0,19.42,4.0,1,287.34
p2_E1_W1.127,2562.0,36.61,19.0,2,322.51
p2_W2_N2.13,2581.0,30.67,15.0,2,286.86
p2_N2_E2.13,2583.0,30.61,9.0,1,322.58
p2_E1_S1.12,2523.0,41.48,17.0,2,437.07
p2_S3_N3.37,2540.0,48.16,23.0,3,346.98
p2_N1_S1.39,2580.0,32.0,13.0,2,305.85
p2_E1_W1.131,2586.0,23.55,9.0,1,281.37
p2_E_W.128,2568.0,48.53,24.0,3,358.3
p2_W1_E1.54,2578.0,38.52,15.0,2,338.63
p2_E1_W1.133,2598.0,17.69,1.0,1,297.51
p2_E3_S3.14,2643.0,15.59,3.0,1,186.01
p2_N3_E1.14,2643.0,7.24,0.0,0,160.08
p2_E_W.130,2580.0,38.2,11.0,2,341.55
p2_E_W.129,2574.0,35.42,15.0,3,331.47
p2_E_W.131,2586.0,34.4,10.0,2,335.63
p2_S1_N1.40,2600.0,20.09,8.0,1,292.88
p2_W1_E1.55,2592.0,18.25,5.0,1,281.29
p2_E_W.132,2592.0,21.74,4.0,1,285.2
p2_W_E.53,2564.0,26.75,10.0,1,292.32
p2_S1_W1.13,2583.0,43.06,22.0,3,327.39
p2_W1_N3.13,2581.0,43.5,21.0,3,356.8
p2_E3_W3.131,2586.0,40.4,15.0,3,336.84
p2_E3_W3.133,2598.0,26.7,3.0,2,318.93
p2_E3_W3.132,2592.0,37.31,5.0,3,342.6
p2_W3_E3.56,2607.0,8.75,0.0,0,249.34
p2_S2_N2.39,2580.0,50.58,28.0,3,358.43
p2_N3_S3.39,2580.0,50.93,21.0,2,364.51
p2_E2_S2.13,2583.0,34.49,13.0,2,327.68
p2_N3_S3.40,2600.0,30.92,12.0,2,306.93
p2_E3_W3.134,2604.0,20.87,0.0,0,288.89
p2_N3_S3.41,2620.0,12.53,0.0,0,270.68
p2_S2_W2.13,2583.0,49.17,23.0,5,358.58
p2_S2_N2.40,2600.0,25.35,6.0,1,299.28
p2_W_E.56,2607.0,20.61,6.0,1,273.44
p2_E3_W3.130,2580.0,47.17,16.0,3,350.54
p2_E1_W1.132,2592.0,39.39,18.0,2,329.44
p2_E1_W1.134,2604.0,29.77,11.0,1,308.04
p2_S3_W3.13,2583.0,29.76,7.0,2,319.5
p2_N2_S2.40,2600.0,34.75,15.0,2,316.56
p2_S3_N3.40,2600.0,35.66,12.0,2,334.9
p2_E1_W1.136,2616.0,21.93,7.0,1,305.7
p2_E1_W1.138,2628.0,10.41,0.0,0,254.57
p2_N1_S1.40,2600.0,39.02,16.0,2,343.25
p2_E1_W1.137,2622.0,18.23,4.0,1,285.06
p2_E1_W1.139,2634.0,8.05,0.0,0,250.73
p2_E1_W1.135,2610.0,27.06,11.0,1,303.56
p2_E_W.134,2604.0,34.92,11.0,3,327.18
p2_W3_E3.58,2636.0,7.89,0.0,0,242.86
p2_E_W.133,2598.0,38.42,16.0,2,337.14
p2_E_W.136,2616.0,29.69,6.0,2,339.15
p2_W3_E3.57,2621.0,24.97,10.0,1,287.46
p2_E_W.137,2622.0,23.39,5.0,1,293.91
p2_E_W.135,2610.0,25.42,4.0,1,300.29
p2_W3_E3.55,2592.0,41.84,21.0,2,330.14
p2_W1_E1.57,2621.0,27.9,7.0,2,307.48
p2_W1_E1.56,2607.0,29.12,7.0,2,309.04
p2_E3_W3.135,2610.0,39.33,15.0,3,332.02
p2_E3_W3.137,2622.0,33.01,6.0,2,328.81
p2_E3_W3.136,2616.0,38.82,9.0,3,345.86
p2_S2_N2.41,2620.0,36.82,17.0,2,319.74
p2_W3_N1.14,2640.0,13.56,1.0,1,276.51
p2_E3_W3.138,2628.0,19.6,0.0,0,280.07
p2_N3_S3.42,2640.0,19.18,5.0,1,275.03
p2_N2_S2.41,2620.0,40.4,23.0,2,322.59
p2_S3_N3.42,2640.0,19.82,5.0,1,284.51
p2_W_E.58,2636.0,26.14,11.0,1,290.84
p2_E1_W1.140,2640.0,24.15,9.0,1,294.3
p2_W_E.59,2650.0,13.87,1.0,1,278.1
p2_W_E.57,2621.0,27.78,14.0,1,294.04
p2_S1_N1.41,2620.0,19.09,6.0,1,285.96
p2_S3_N3.41,2620.0,31.66,12.0,2,307.31
p2_N3_E1.15,2703.0,7.08,0.0,0,165.09
p2_E1_W1.143,2658.0,10.44,0.0,0,248.15
p2_E_W.140,2640.0,28.45,11.0,2,314.35
p2_E1_W1.141,2646.0,18.22,5.0,1,273.92
p2_E3_S3.15,2703.0,8.82,0.0,0,165.63
p2_N1_S1.41,2620.0,35.97,12.0,3,335.14
p2_E_W.138,2628.0,36.54,16.0,2,320.78
p2_E_W.142,2652.0,18.5,1.0,1,292.5
p2_E_W.139,2634.0,37.39,15.0,2,318.62
p2_W3_E3.59,2650.0,21.69,8.0,1,277.93
p2_W1_E1.58,2636.0,38.35,16.0,3,340.25
p2_W1_E1.59,2650.0,26.36,8.0,2,300.03
p2_E1_W1.142,2652.0,10.17,0.0,0,253.42
p2_S1_N1.42,2640.0,37.03,16.0,2,317.23
p2_E3_W3.140,2640.0,37.36,11.0,3,337.9
p2_S3_W3.14,2643.0,33.52,14.0,2,328.99
p2_E3_W3.141,2646.0,34.18,7.0,3,344.71
p2_E3_W3.139,2634.0,46.98,23.0,3,348.56
p2_S2_N2.42,2640.0,42.1,17.0,3,348.77
p2_E2_S2.14,2643.0,39.57,14.0,2,346.94
p2_W2_N2.14,2640.0,42.32,18.0,2,345.57
p2_E3_W3.142,2652.0,30.84,7.0,1,314.95
p2_N1_E3.13,2583.0,50.63,18.0,3,464.71
p2_W1_N3.14,2640.0,43.83,17.0,3,353.29
p2_E3_W3.143,2658.0,17.38,0.0,0,272.88
p2_S1_N1.43,2660.0,24.54,11.0,1,285.28
p2_N2_E2.14,2643.0,42.2,24.0,3,335.76
p2_S1_W1.14,2643.0,40.51,19.0,3,327.37
p2_N2_S2.43,2660.0,26.81,7.0,2,308.76
p2_W_E.61,2679.0,8.77,0.0,0,244.12
p2_N2_S2.42,2640.0,40.37,21.0,2,317.06
p2_W_E.60,2664.0,23.48,10.0,1,277.72
p2_N1_S1.43,2660.0,31.91,11.0,2,303.12
p2_E1_S1.13,2583.0,59.92,31.0,4,449.04
p2_S2_W2.14,2643.0,50.4,23.0,4,367.86
p2_N1_S1.42,2640.0,45.42,21.0,3,353.47
p2_E_W.144,2664.0,34.98,16.0,2,324.79
p2_E1_W1.147,2682.0,12.72,0.0,0,267.27
p2_W1_E1.61,2679.0,21.57,3.0,1,296.38
p2_W1_E1.60,2664.0,36.6,13.0,3,339.43
p2_E1_W1.145,2670.0,21.25,9.0,1,282.7
p2_E3_W3.145,2670.0,34.4,10.0,3,333.98
p2_E_W.143,2658.0,28.46,9.0,2,304.12
p2_E3_W3.144,2664.0,40.69,15.0,3,347.62
p2_E3_W3.147,2682.0,24.4,3.0,2,311.48
p2_W3_E3.60,2664.0,23.84,11.0,1,290.56
p2_E_W.141,2646.0,40.5,22.0,2,321.46
p2_E3_W3.148,2688.0,20.21,1.0,1,289.76
p2_S1_N1.44,2680.0,29.52,15.0,1,292.67
p2_N3_S3.44,2680.0,28.8,10.0,2,308.5
p2_S2_N2.43,2660.0,46.45,21.0,3,356.21
p2_E3_W3.146,2676.0,30.82,3.0,2,325.37
p2_N3_S3.43,2660.0,40.78,17.0,3,346.46
p2_S3_N3.44,2680.0,33.78,15.0,2,319.63
p2_W_E.62,2693.0,21.71,8.0,1,291.85
p2_S3_N3.43,2660.0,49.26,25.0,2,364.85
p2_E1_S1.14,2643.0,30.4,5.0,1,430.68
p2_E1_W1.148,2688.0,24.5,11.0,1,287.21
p2_N1_S1.44,2680.0,37.85,11.0,3,337.93
p2_N2_S2.44,2680.0,35.49,16.0,2,320.1
p2_E1_W1.146,2676.0,42.78,15.0,2,334.66
p2_E2_S2.15,2703.0,15.25,2.0,1,279.52
p2_E1_W1.149,2694.0,26.43,10.0,1,288.2
p2_E1_W1.144,2664.0,39.61,20.0,2,325.85
p2_N2_S2.45,2700.0,18.35,3.0,1,279.27
p2_E1_W1.150,2700.0,18.62,4.0,1,285.25
p2_W3_E3.63,2708.0,18.3,5.0,1,269.39
p2_E_W.145,2670.0,51.58,29.0,3,350.91
p2_W3_E3.61,2679.0,29.87,11.0,1,315.12
p2_W1_E1.62,2693.0,33.95,9.0,3,330.22
p2_E_W.146,2676.0,41.11,18.0,3,337.18
p2_E_W.147,2682.0,45.41,16.0,3,357.72
p2_E3_S3.16,2763.0,8.92,0.0,0,173.57
p2_E3_W3.149,2694.0,36.54,12.0,3,342.8
p2_E_W.148,2688.0,39.53,14.0,2,333.73
p2_E_W.149,2694.0,36.61,13.0,2,325.08
p2_E3_W3.151,2706.0,23.75,4.0,1,303.52
p2_W1_E1.63,2708.0,22.24,2.0,1,288.92
p2_E_W.150,2700.0,24.36,7.0,1,293.3
p2_N2_E2.15,2703.0,24.27,10.0,1,295.06
p2_E_W.151,2706.0,26.68,12.0,1,310.74
p2_E3_W3.152,2712.0,21.44,2.0,1,282.34
p2_S2_N2.44,2680.0,54.16,31.0,3,373.9
p2_E3_W3.150,2700.0,24.67,1.0,1,320.59
p2_S2_N2.45,2700.0,34.72,16.0,2,312.36
p2_S1_W1.15,2703.0,28.49,11.0,2,295.82
p2_S3_W3.15,2703.0,31.94,12.0,1,321.18
p2_W3_N1.15,2700.0,31.44,14.0,2,295.02
p2_W1_N3.15,2700.0,35.61,15.0,3,328.21
p2_W_E.63,2708.0,24.67,11.0,1,283.76
p2_S1_N1.46,2720.0,17.32,4.0,1,278.74
p2_S3_N3.45,2700.0,39.49,22.0,2,328.59
p2_W3_E3.62,2693.0,26.13,11.0,1,283.76
p2_N3_S3.45,2700.0,38.62,19.0,2,321.67
p2_N3_S3.46,2720.0,17.0,2.0,1,287.36
p2_S3_N3.46,2720.0,12.44,0.0,0,262.56
p2_N1_S1.45,2700.0,43.44,15.0,3,353.74
p2_S2_W2.15,2703.0,40.07,17.0,3,342.12
p2_E1_W1.152,2712.0,30.87,11.0,1,320.64
p2_N1_S1.46,2720.0,23.43,6.0,2,310.65
p2_N3_E1.16,2763.0,22.79,10.0,2,192.06
p2_E1_W1.151,2706.0,28.39,12.0,1,305.32
p2_N2_S2.46,2720.0,26.75,11.0,1,311.36
p2_N1_E3.14,2643.0,61.9,27.0,5,496.91
p2_E_W.153,2718.0,33.58,12.0,1,325.06
p2_W1_E1.64,2722.0,30.03,7.0,3,325.07
p2_W3_E3.65,2736.0,13.28,0.0,0,273.47
p2_E_W.152,2712.0,34.3,16.0,2,328.91
p2_E_W.155,2730.0,23.74,10.0,1,287.51
p2_E3_W3.155,2730.0,24.71,8.0,1,307.12
p2_E3_W3.153,2718.0,32.7,14.0,2,323.62
p2_W3_E3.64,2722.0,25.36,13.0,1,290.25
p2_E_W.154,2724.0,18.83,4.0,1,275.8
p2_W_E.65,2736.0,24.09,10.0,1,283.13
p2_S1_N1.45,2700.0,42.28,22.0,2,331.62
p2_W_E.64,2722.0,38.89,20.0,2,330.31
p2_S2_N2.46,2720.0,37.0,17.0,2,323.73
p2_E3_W3.156,2736.0,13.34,0.0,0,265.43
p2_E3_W3.154,2724.0,22.22,4.0,1,298.86
p2_W2_N2.15,2700.0,44.49,22.0,3,332.37
p2_S3_N3.47,2740.0,27.36,8.0,2,304.38
p2_N2_S2.47,2740.0,28.57,10.0,2,302.23
p2_E1_W1.153,2718.0,42.17,24.0,2,323.05
p2_E1_W1.154,2724.0,35.85,18.0,2,310.74
p2_N1_S1.47,2740.0,24.52,7.0,2,303.96
p2_E1_W1.156,2736.0,31.21,11.0,1,309.75
p2_E1_W1.155,2730.0,43.9,14.0,2,331.61
p2_N3_S3.47,2740.0,20.35,3.0,1,293.19
p2_E1_W1.157,2742.0,33.04,10.0,1,310.68
p2_E1_W1.160,2760.0,15.7,0.0,0,286.83
p2_E_W.156,2736.0,41.52,26.0,2,332.84
p2_W1_E1.65,2736.0,42.39,18.0,3,350.01
p2_E_W.158,2748.0,31.31,13.0,2,316.86
p2_W1_E1.66,2751.0,27.99,6.0,2,313.92
p2_E_W.157,2742.0,31.82,13.0,2,307.71
p2_E3_W3.158,2748.0,32.82,13.0,2,328.64
p2_S1_N1.47,2740.0,39.65,23.0,2,323.27
p2_E_W.159,2754.0,18.52,4.0,1,279.73
p2_S1_N1.48,2760.0,21.18,7.0,1,273.54
p2_W3_E3.66,2751.0,32.71,12.0,1,323.6
p2_W3_E3.67,2765.0,17.29,0.0,0,281.42
p2_E3_W3.162,2772.0,12.44,0.0,0,260.41
p2_E3_W3.160,2760.0,17.8,4.0,1,280.81
p2_W_E.66,2751.0,35.52,17.0,2,331.86
p2_E3_W3.157,2742.0,44.68,19.0,2,348.84
p2_E3_W3.161,2766.0,20.8,3.0,1,291.01
p2_E3_W3.159,2754.0,34.41,9.0,2,337.18
p2_N2_E2.16,2763.0,25.36,5.0,2,320.47
p2_N3_E1.17,2823.0,8.39,0.0,0,173.18
p2_W_E.67,2765.0,28.5,11.0,2,289.93
p2_S2_N2.47,2740.0,31.98,9.0,3,323.7
p2_E1_W1.161,2766.0,28.69,10.0,1,301.28
p2_N1_S1.48,2760.0,35.72,13.0,3,345.38
p2_N2_S2.48,2760.0,35.82,17.0,2,320.42
p2_E2_S2.16,2763.0,32.25,13.0,3,318.05
p2_S3_N3.48,2760.0,38.1,20.0,2,328.35
p2_E1_W1.162,2772.0,26.45,12.0,1,289.83
p2_N3_S3.48,2760.0,37.32,19.0,2,319.67
p2_N2_S2.49,2780.0,19.11,5.0,1,281.67
p2_E1_W1.158,2748.0,33.08,14.0,2,317.38
p2_S3_N3.49,2780.0,16.31,1.0,1,262.54
p2_E_W.161,2766.0,37.41,16.0,2,321.91
p2_N3_S3.49,2780.0,14.31,1.0,1,267.57
p2_E_W.162,2772.0,31.74,8.0,2,310.52
p2_S3_W3.16,2763.0,42.27,19.0,3,350.26
p2_N1_E3.15,2703.0,58.56,22.0,5,470.38
p2_W1_E1.67,2765.0,24.87,4.0,1,305.55
p2_W3_E3.68,2780.0,30.13,8.0,2,327.37
p2_S1_W1.16,2763.0,47.54,26.0,3,345.42
p2_W3_N1.16,2760.0,38.81,19.0,2,329.25
p2_W1_E1.68,2780.0,28.49,0.0,0,320.96
p2_E_W.160,2760.0,30.66,12.0,2,308.18
p2_W2_N2.16,2760.0,51.67,31.0,3,356.66
p2_E3_W3.164,2784.0,18.58,3.0,1,280.5
p2_E3_W3.163,2778.0,36.34,9.0,3,351.14
p2_S2_N2.49,2780.0,30.9,9.0,2,324.44
p2_E1_S1.15,2703.0,64.61,35.0,4,482.26
p2_S2_N2.48,2760.0,42.13,17.0,2,337.89
p2_W1_N3.16,2760.0,41.7,18.0,3,339.66
p2_W3_E3.69,2794.0,9.78,0.0,0,249.56
p2_W_E.68,2780.0,39.72,12.0,3,350.0
p2_W_E.69,2794.0,25.71,6.0,2,306.98
p2_N1_S1.50,2800.0,20.46,3.0,1,300.86
p2_S2_W2.16,2763.0,53.54,30.0,4,359.07
p2_N1_S1.49,2780.0,39.84,16.0,3,345.49
p2_E3_W3.165,2790.0,10.55,0.0,0,256.18
p2_E1_W1.167,2802.0,22.49,9.0,1,282.38
p2_E1_W1.164,2784.0,28.3,10.0,1,301.47
p2_E3_S3.17,2823.0,32.45,21.0,2,210.36
p2_E1_W1.169,2814.0,12.55,0.0,0,269.75
p2_N3_S3.50,2800.0,29.23,16.0,1,304.76
p2_E1_W1.168,2808.0,18.53,3.0,1,281.29
p2_E1_W1.159,2754.0,45.36,25.0,2,339.14
p2_N1_E3.16,2763.0,22.65,0.0,0,416.76
p2_E_W.163,2778.0,52.46,27.0,3,357.41
p2_E_W.164,2784.0,45.62,23.0,3,358.74
p2_E1_W1.163,2778.0,27.14,7.0,1,313.55
p2_E1_W1.165,2790.0,33.32,11.0,1,312.93
p2_W1_E1.69,2794.0,37.21,11.0,3,339.76
p2_E_W.166,2796.0,35.54,16.0,2,320.43
p2_E_W.165,2790.0,42.47,16.0,3,341.56
p2_W1_E1.70,2808.0,19.86,3.0,1,292.25
p2_S1_N1.50,2800.0,32.43,12.0,2,317.6
p2_E_W.167,2802.0,32.04,11.0,2,312.92
p2_E3_W3.168,2808.0,20.76,6.0,1,290.39
p2_W3_E3.70,2808.0,27.46,7.0,2,316.32
p2_W3_E3.71,2823.0,12.44,0.0,0,270.66
p2_E3_W3.166,2796.0,34.19,14.0,1,304.27
p2_E3_W3.170,2820.0,8.27,0.0,0,251.17
p2_W3_N1.17,2820.0,16.53,4.0,1,283.62
p2_S1_N1.49,2780.0,43.23,23.0,2,326.73
p2_S2_N2.50,2800.0,37.69,11.0,2,342.4
p2_E3_W3.169,2814.0,24.74,4.0,1,305.18
p2_E3_W3.167,2802.0,29.11,11.0,1,300.17
p2_S1_N1.51,2820.0,19.9,8.0,1,273.87
p2_S3_N3.50,2800.0,43.78,18.0,3,352.51
p2_N3_E1.18,2883.0,7.14,0.0,0,165.88
p2_E1_W1.170,2820.0,24.17,10.0,1,287.71
p2_N2_S2.51,2820.0,27.54,12.0,1,303.03
p2_W_E.70,2808.0,42.27,19.0,3,347.29
p2_E3_S3.18,2883.0,6.63,0.0,0,165.77
p2_E1_W1.166,2796.0,41.43,24.0,2,324.51
p2_N1_S1.51,2820.0,9.16,0.0,0,249.92
p2_N2_E2.17,2823.0,24.88,10.0,1,299.6
p2_N2_S2.50,2800.0,34.53,13.0,2,304.44
p2_E1_W1.172,2832.0,17.43,2.0,1,267.6
p2_E_W.168,2808.0,47.54,21.0,2,353.94
p2_E1_W1.173,2838.0,12.88,0.0,0,271.84
p2_W1_E1.72,2837.0,19.01,2.0,1,292.07
p2_W1_E1.71,2823.0,35.49,8.0,3,338.62
p2_E2_S2.17,2823.0,14.0,0.0,0,265.34
p2_E3_W3.173,2838.0,20.85,5.0,1,295.55
p2_E_W.169,2814.0,31.04,13.0,2,310.74
p2_E3_W3.174,2844.0,16.49,1.0,1,287.34
p2_S3_W3.17,2823.0,30.39,10.0,2,312.34
p2_W_E.71,2823.0,41.46,21.0,2,333.71
p2_W_E.72,2837.0,26.85,12.0,1,303.45
p2_E_W.170,2820.0,16.92,2.0,1,269.92
p2_S2_N2.51,2820.0,39.19,16.0,3,336.59
p2_W2_N2.17,2820.0,41.24,21.0,3,328.24
p2_S1_N1.52,2840.0,25.04,10.0,1,283.29
p2_W3_E3.73,2852.0,14.24,3.0,1,263.01
p2_S1_W1.17,2823.0,43.48,17.0,3,357.91
p2_W3_E3.72,2837.0,29.66,11.0,2,322.96
p2_W1_N3.17,2820.0,41.28,14.0,4,335.53
p2_E3_W3.171,2826.0,24.61,12.0,1,289.13
p2_S2_W2.17,2823.0,46.53,19.0,4,356.07
p2_E1_W1.174,2844.0,25.76,10.0,1,290.7
p2_N1_S1.52,2840.0,34.29,10.0,2,322.91
p2_S3_N3.52,2840.0,31.53,13.0,2,305.65
p2_E1_W1.175,2850.0,26.54,11.0,1,290.34
p2_S3_N3.53,2860.0,17.34,2.0,1,274.92
p2_E1_W1.178,2868.0,10.36,0.0,0,261.82
p2_S3_N3.51,2820.0,45.24,21.0,3,345.06
p2_N3_S3.52,2840.0,39.14,22.0,2,320.14
p2_E1_W1.177,2862.0,18.42,2.0,1,291.53
p2_E_W.171,2826.0,56.08,25.0,2,352.92
p2_N2_S2.52,2840.0,33.41,13.0,2,302.05
p2_N3_S3.51,2820.0,52.4,31.0,3,352.85
p2_E_W.173,2838.0,42.38,24.0,2,331.95
p2_E_W.176,2856.0,28.51,9.0,1,320.77
p2_S1_N1.53,2860.0,25.95,12.0,1,291.44
p2_E_W.172,2832.0,42.3,21.0,2,320.56
p2_E_W.174,2844.0,39.59,15.0,2,329.08
p2_E3_W3.172,2832.0,56.14,31.0,3,361.4
p2_E_W.175,2850.0,38.43,12.0,2,333.41
p2_W1_E1.73,2852.0,35.77,10.0,3,342.82
p2_E3_W3.176,2856.0,32.6,12.0,1,317.45
p2_S2_N2.53,2860.0,30.11,10.0,2,314.18
p2_S1_W1.18,2883.0,8.62,0.0,0,257.98
p2_S2_N2.52,2840.0,44.65,22.0,3,338.32
p2_E3_W3.175,2850.0,40.93,15.0,3,327.19
p2_W_E.73,2852.0,35.56,17.0,2,319.93
p2_W3_E3.74,2866.0,24.96,5.0,1,316.51
p2_E3_W3.179,2874.0,12.19,0.0,0,272.11
p2_W_E.74,2866.0,19.09,6.0,1,286.52
p2_E1_S1.16,2763.0,62.66,30.0,5,457.02
p2_E1_W1.176,2856.0,42.44,14.0,2,338.41
p2_S3_N3.54,2880.0,18.53,6.0,1,286.08
p2_E2_S2.18,2883.0,14.84,0.0,0,288.5
p2_E1_W1.179,2874.0,26.15,11.0,1,279.77
p2_N2_S2.53,2860.0,36.28,14.0,2,317.04
p2_N2_S2.54,2880.0,22.69,10.0,1,274.5
p2_N1_S1.53,2860.0,21.29,3.0,1,289.07
p2_E1_W1.183,2898.0,8.4,0.0,0,251.44
p2_N3_E1.19,2943.0,7.3,0.0,0,169.57
p2_E1_W1.171,2826.0,51.3,24.0,3,356.55
p2_E_W.178,2868.0,38.07,19.0,2,321.87
p2_E_W.177,2862.0,37.34,21.0,2,318.22
p2_E_W.179,2874.0,32.3,13.0,2,309.18
p2_E3_W3.177,2862.0,46.94,21.0,2,339.95
p2_W1_E1.74,2866.0,47.56,24.0,3,358.18
p2_W2_N2.18,2883.0,28.75,6.0,2,323.03
p2_S1_N1.54,2880.0,23.44,11.0,1,286.94
p2_E3_W3.181,2886.0,28.97,11.0,1,309.84
p2_S2_N2.54,2880.0,36.53,12.0,2,337.44
p2_N3_S3.53,2860.0,35.54,12.0,2,330.69
p2_E3_W3.178,2868.0,36.86,12.0,1,313.91
p2_N3_S3.54,2880.0,14.75,1.0,1,268.98
p2_E3_W3.182,2892.0,25.71,6.0,1,310.2
p2_W1_E1.75,2880.0,27.53,5.0,1,319.42
p2_S1_N1.55,2900.0,18.89,5.0,1,276.96
p2_E3_W3.180,2880.0,26.36,10.0,1,302.45
p2_W1_N3.18,2883.0,34.45,14.0,3,317.44
p2_E3_W3.183,2898.0,15.8,0.0,0,309.61
p2_S3_W3.18,2883.0,37.98,10.0,2,344.63
p2_W3_N1.18,2883.0,26.98,12.0,2,287.71
p2_N1_E3.17,2823.0,57.5,24.0,5,478.12
p2_S2_W2.18,2883.0,40.83,14.0,4,347.87
p2_W3_E3.76,2895.0,26.87,10.0,1,305.52
p2_W3_E3.75,2880.0,40.58,17.0,2,342.36
p2_E1_W1.181,2886.0,35.11,13.0,2,321.82
p2_W_E.76,2895.0,33.32,11.0,2,325.32
p2_E1_W1.180,2880.0,35.84,17.0,2,315.87
p2_E3_S3.19,2943.0,27.61,14.0,2,206.57
p2_W_E.75,2880.0,42.34,17.0,3,336.75
p2_N1_S1.54,2880.0,50.65,26.0,3,369.92
p2_E1_W1.185,2910.0,22.18,10.0,1,282.35
p2_N1_S1.55,2900.0,32.67,12.0,2,324.02
p2_N2_S2.55,2900.0,25.18,7.0,1,297.81
p2_E_W.181,2886.0,46.82,23.0,2,357.89
p2_N2_S2.56,2920.0,15.25,4.0,1,272.29
p2_E_W.185,2910.0,26.98,6.0,1,299.25
p2_N3_S3.56,2920.0,16.95,4.0,1,273.75
p2_E_W.183,2898.0,28.05,8.0,2,293.11
p2_W1_E1.76,2895.0,44.18,22.0,3,355.18
p2_E_W.180,2880.0,44.25,21.0,2,333.68
p2_W1_E1.77,2909.0,31.12,13.0,2,314.5
p2_E1_S1.17,2823.0,50.66,19.0,3,449.32
p2_E1_W1.182,2892.0,22.59,9.0,1,281.54
p2_N3_S3.55,2900.0,34.23,14.0,2,312.61
p2_E_W.182,2892.0,36.84,14.0,2,330.71
p2_E_W.186,2916.0,26.09,7.0,1,312.77
p2_S2_N2.55,2900.0,42.69,18.0,3,339.22
p2_E3_W3.185,2910.0,33.21,15.0,2,320.24
p2_E_W.184,2904.0,20.82,5.0,1,282.1
p2_E3_W3.187,2922.0,21.83,1.0,1,297.94
p2_E3_W3.188,2928.0,17.33,0.0,0,294.24
p2_E3_W3.189,2934.0,13.48,0.0,0,273.5
p2_N2_E2.18,2883.0,35.74,16.0,3,324.04
p2_W3_E3.78,2924.0,25.54,10.0,1,300.62
p2_E3_W3.190,2940.0,9.31,0.0,0,256.0
p2_E3_W3.184,2904.0,33.4,12.0,2,310.82
p2_S3_N3.55,2900.0,52.57,29.0,3,361.44
p2_S3_N3.56,2920.0,32.31,14.0,2,312.14
p2_E1_W1.188,2928.0,23.8,10.0,1,284.07
p2_E1_W1.186,2916.0,34.87,13.0,2,312.89
p2_E3_W3.186,2916.0,17.82,3.0,1,272.57
p2_W3_E3.77,2909.0,25.32,7.0,2,300.9
p2_E1_W1.187,2922.0,29.91,8.0,1,304.57
p2_W_E.77,2909.0,49.46,24.0,3,355.3
p2_N1_S1.56,2920.0,35.4,16.0,2,314.68
p2_E_W.187,2922.0,36.9,11.0,1,341.86
p2_W_E.78,2924.0,31.04,14.0,2,311.49
p2_E_W.188,2928.0,30.98,11.0,1,324.46
p2_W_E.79,2938.0,23.29,4.0,2,308.96
p2_E_W.190,2940.0,21.56,7.0,1,286.67
p2_S1_N1.56,2920.0,42.24,24.0,2,333.05
p2_E_W.189,2934.0,22.52,6.0,1,286.08
p2_S1_N1.57,2940.0,23.84,11.0,1,276.6
p2_N2_E2.19,2943.0,20.94,7.0,1,299.68
p2_E_W.191,2946.0,18.23,4.0,1,273.73
p2_W1_E1.78,2924.0,41.34,15.0,3,349.51
p2_S3_W3.19,2943.0,24.15,3.0,1,328.12
p2_W3_N1.19,2941.0,26.03,10.0,2,290.12
p2_S2_N2.57,2940.0,28.36,9.0,2,307.51
p2_N3_S3.57,2940.0,28.53,15.0,1,299.72
p2_S2_N2.56,2920.0,49.04,25.0,3,356.83
p2_E3_W3.191,2946.0,23.51,10.0,1,286.8
p2_N3_S3.58,2960.0,9.71,0.0,0,248.43
p2_E3_W3.192,2952.0,19.21,4.0,1,269.85
p2_W1_E1.79,2938.0,16.53,3.0,1,270.38
p2_E3_W3.194,2964.0,9.11,0.0,0,253.68
p2_S1_W1.19,2943.0,31.0,13.0,2,291.25
p2_W_E.80,2952.0,19.57,7.0,1,273.06
p2_W1_N3.19,2941.0,35.04,19.0,2,319.76
p2_W3_E3.80,2952.0,23.95,5.0,2,291.87
p2_E1_W1.190,2940.0,32.23,13.0,2,304.49
p2_S3_N3.57,2940.0,37.41,15.0,3,340.51
p2_E1_W1.191,2946.0,32.74,12.0,2,326.02
p2_E2_S2.19,2943.0,26.35,10.0,2,303.82
p2_N1_S1.57,2940.0,42.36,19.0,3,349.29
p2_E3_S3.20,3003.0,21.62,7.0,2,193.29
p2_E1_S1.18,2883.0,55.87,25.0,4,479.31
p2_W3_E3.79,2938.0,22.09,1.0,1,307.54
p2_E1_W1.184,2904.0,53.09,24.0,3,348.24
p2_E1_W1.189,2934.0,39.41,21.0,2,321.02
p2_E_W.192,2952.0,33.44,15.0,2,321.73
p2_N3_E1.20,3003.0,18.97,6.0,2,193.17
p2_N2_S2.57,2940.0,31.95,14.0,2,317.51
p2_E_W.193,2958.0,25.45,7.0,1,299.47
p2_N2_S2.59,2980.0,7.31,0.0,0,240.3
p2_E_W.194,2964.0,23.91,6.0,1,293.33
p2_N2_S2.58,2960.0,28.77,14.0,1,292.19
p2_W1_E1.80,2952.0,39.76,14.0,3,349.41
p2_W1_E1.81,2967.0,19.5,8.0,1,276.06
p2_E3_W3.193,2958.0,33.45,10.0,2,321.55
p2_S1_N1.58,2960.0,34.39,13.0,2,310.59
p2_S2_N2.58,2960.0,34.31,11.0,3,346.45
p2_E3_W3.195,2970.0,24.79,11.0,1,283.21
p2_W2_N2.19,2941.0,41.35,21.0,3,340.26
p2_E3_W3.197,2982.0,15.0,1.0,1,268.29
p2_N1_E3.18,2883.0,74.9,35.0,6,529.62
p2_W3_E3.81,2967.0,35.06,15.0,2,336.95
p2_W_E.83,2996.0,7.53,0.0,0,248.69
p2_E1_W1.195,2970.0,35.32,13.0,2,328.6
p2_W_E.82,2981.0,24.39,9.0,1,288.74
p2_E1_W1.197,2982.0,23.87,9.0,1,287.43
p2_E3_W3.196,2976.0,15.22,3.0,1,270.9
p2_W3_E3.82,2981.0,12.33,0.0,0,264.0
p2_S2_W2.19,2943.0,50.64,25.0,3,357.79
p2_W_E.81,2967.0,25.77,11.0,1,283.92
p2_E1_W1.196,2976.0,32.24,8.0,1,312.8
p2_S3_N3.60,3000.0,8.45,0.0,0,246.52
p2_N1_S1.58,2960.0,48.76,26.0,3,353.79
p2_S3_N3.58,2960.0,49.58,30.0,2,341.45
p2_E1_W1.194,2964.0,46.0,17.0,2,326.02
p2_N1_S1.59,2980.0,23.5,5.0,1,300.5
p2_E_W.199,2994.0,17.25,0.0,0,280.36
p2_E1_W1.198,2988.0,24.14,9.0,1,283.37
p2_N2_S2.60,3000.0,13.52,0.0,0,268.49
p2_E1_W1.193,2958.0,38.29,19.0,2,323.06
p2_N3_S3.59,2980.0,34.98,12.0,3,342.52
p2_E_W.197,2982.0,28.39,8.0,1,309.33
p2_E_W.195,2970.0,30.01,10.0,2,303.46
p2_W1_E1.82,2981.0,36.57,11.0,3,341.18
p2_W1_E1.83,2996.0,21.88,5.0,1,299.76
p2_S2_N2.59,2980.0,40.56,15.0,3,341.47
p2_E3_W3.198,2988.0,31.7,13.0,1,327.02
p2_S3_W3.20,3003.0,16.27,3.0,1,290.28
p2_E1_W1.192,2952.0,40.88,20.0,2,323.09
p2_E3_W3.199,2994.0,28.88,10.0,1,316.18
p2_E3_W3.200,3000.0,23.11,8.0,1,304.77
p2_W3_N1.20,3000.0,22.69,8.0,2,293.87
p2_S1_N1.60,3000.0,19.02,7.0,1,277.66
p2_W3_E3.84,3010.0,17.48,4.0,1,272.4
p2_S1_W1.20,3003.0,25.73,11.0,1,291.65
p2_E3_S3.21,3063.0,10.21,0.0,0,178.7
p2_W3_E3.83,2996.0,26.44,8.0,2,316.27
p2_E2_S2.20,3003.0,27.18,9.0,2,313.73
p2_N2_E2.20,3003.0,25.44,11.0,1,307.1
p2_E1_W1.200,3000.0,24.92,11.0,1,289.97
p2_N3_E1.21,3063.0,13.42,1.0,1,180.24
p2_S3_N3.59,2980.0,36.06,18.0,2,311.95
p2_W_E.84,3010.0,18.91,5.0,1,277.73
p2_E1_W1.199,2994.0,29.57,12.0,2,311.97
p2_E_W.200,3000.0,37.53,19.0,2,311.79
p2_E_W.198,2988.0,49.95,20.0,3,366.11
p2_E1_W1.201,3006.0,20.64,7.0,1,270.16
p2_N3_S3.60,3000.0,39.98,22.0,2,329.81
p2_E_W.202,3012.0,24.96,4.0,2,305.66
p2_N3_S3.61,3020.0,22.24,8.0,1,276.85
p2_N1_S1.60,3000.0,16.99,2.0,1,274.04
p2_W1_E1.85,3024.0,19.04,7.0,1,278.19
p2_E_W.201,3006.0,31.84,7.0,2,317.02
p2_E_W.196,2976.0,49.73,23.0,3,345.12
p2_E3_W3.203,3018.0,27.02,9.0,1,312.53
p2_S1_N1.61,3020.0,26.49,12.0,1,301.97
p2_W1_E1.84,3010.0,31.31,10.0,2,321.02
p2_S2_N2.61,3020.0,26.95,4.0,2,315.08
p2_W2_N2.20,3000.0,39.77,18.0,2,331.47
p2_S2_W2.20,3003.0,46.84,23.0,4,351.23
p2_E3_W3.205,3030.0,21.18,4.0,1,293.26
p2_E1_S1.19,2943.0,51.65,20.0,3,465.97
p2_W3_E3.85,3024.0,29.57,10.0,2,319.47
p2_W3_E3.86,3039.0,8.52,0.0,0,252.93
p2_S1_N1.62,3040.0,13.67,0.0,0,273.31
p2_S2_N2.60,3000.0,28.89,8.0,1,307.57
p2_W1_N3.20,3000.0,54.69,27.0,4,369.2
p2_E3_W3.201,3006.0,28.22,11.0,1,297.52
p2_S3_N3.61,3020.0,36.09,12.0,3,336.52
p2_S1_N1.59,2980.0,40.66,19.0,2,326.61
p2_E1_W1.202,3012.0,41.49,22.0,2,328.63
p2_E1_W1.203,3018.0,34.86,14.0,2,317.27
p2_E3_W3.206,3036.0,9.73,0.0,0,250.13
p2_N1_S1.62,3040.0,20.55,7.0,1,279.25
p2_N1_S1.61,3020.0,40.68,18.0,3,346.27
p2_E1_W1.204,3024.0,36.91,13.0,2,339.53
p2_E1_W1.205,3030.0,28.24,11.0,1,301.37
p2_N2_S2.61,3020.0,33.58,13.0,2,311.05
p2_E_W.206,3036.0,27.44,7.0,1,304.09
p2_N1_E3.19,2943.0,34.14,3.0,2,433.16
p2_N2_S2.62,3040.0,24.51,10.0,1,284.79
p2_E_W.205,3030.0,27.88,3.0,1,319.19
p2_W_E.86,3039.0,27.29,6.0,2,301.55
p2_E_W.203,3018.0,43.33,14.0,2,342.95
p2_E1_W1.207,3042.0,19.6,5.0,1,266.2
p2_N2_S2.63,3060.0,7.7,0.0,0,241.74
p2_W_E.85,3024.0,35.99,18.0,2,310.13
p2_W1_E1.86,3039.0,30.76,10.0,2,328.56
p2_E_W.204,3024.0,27.7,6.0,2,303.66
p2_E_W.207,3042.0,18.41,4.0,1,276.91
p2_E3_W3.207,3042.0,29.62,11.0,1,312.66
p2_N2_E2.21,3063.0,8.73,0.0,0,256.6
p2_W3_N1.21,3060.0,11.65,0.0,0,267.14
p2_N3_S3.63,3060.0,16.25,1.0,1,277.89
p2_N3_S3.62,3040.0,36.27,22.0,1,307.09
p2_S2_N2.62,3040.0,37.65,14.0,3,346.02
p2_E3_W3.209,3054.0,19.26,5.0,1,283.85
p2_E3_W3.211,3066.0,13.28,0.0,0,275.24
p2_S1_N1.63,3060.0,19.72,6.0,1,272.28
p2_E3_W3.210,3060.0,21.03,1.0,1,290.07
p2_S1_W1.21,3063.0,17.21,4.0,1,275.67
p2_E3_W3.204,3024.0,40.14,16.0,2,312.9
p2_W_E.87,3053.0,20.4,6.0,1,272.93
p2_S3_N3.62,3040.0,42.36,15.0,2,350.07
p2_E1_W1.209,3054.0,29.71,11.0,1,318.91
p2_E1_W1.210,3060.0,24.06,11.0,1,278.65
p2_W_E.88,3068.0,16.4,1.0,1,282.86
p2_W3_E3.87,3053.0,32.24,11.0,1,328.5
p2_E1_W1.208,3048.0,34.86,13.0,2,315.6
p2_E3_S3.22,3123.0,6.92,0.0,0,165.73
p2_E1_W1.206,3036.0,44.14,25.0,2,336.61
p2_E1_W1.211,3066.0,23.16,9.0,1,282.24
p2_N3_E1.22,3123.0,6.81,0.0,0,167.06
p2_E_W.209,3054.0,35.71,17.0,2,324.88
p2_E_W.210,3060.0,29.76,4.0,1,312.34
p2_E1_W1.214,3084.0,9.06,0.0,0,257.06
p2_E3_W3.202,3012.0,38.13,18.0,2,328.32
p2_N2_S2.64,3080.0,14.48,0.0,0,276.83
p2_W1_E1.87,3053.0,42.17,18.0,2,345.62
p2_E_W.208,3048.0,28.31,10.0,1,299.27
p2_E3_W3.208,3048.0,51.2,25.0,2,340.59
p2_S1_N1.64,3080.0,19.83,6.0,1,264.93
p2_E2_S2.21,3063.0,22.79,3.0,1,310.29
p2_W1_E1.88,3068.0,34.13,7.0,2,334.58
p2_E3_W3.212,3072.0,30.02,10.0,1,311.79
p2_W2_N2.21,3060.0,43.96,20.0,2,348.36
p2_S2_N2.63,3060.0,39.81,16.0,3,341.23
p2_S2_W2.21,3062.0,43.07,18.0,4,356.07
p2_S3_W3.21,3063.0,34.98,11.0,2,324.48
p2_E3_W3.216,3096.0,9.8,0.0,0,257.61
p2_E1_S1.20,3003.0,59.85,24.0,3,500.61
p2_W1_N3.21,3060.0,37.15,18.0,3,313.93
p2_W_E.90,3096.0,11.51,0.0,0,263.3
p2_N1_E3.20,3003.0,63.64,31.0,5,491.29
p2_W3_E3.89,3082.0,28.88,10.0,1,314.96
p2_S3_N3.63,3060.0,51.88,33.0,2,349.19
p2_N1_S1.64,3080.0,32.25,11.0,2,332.32
p2_S3_N3.64,3080.0,32.42,19.0,1,294.8
p2_E1_W1.212,3072.0,33.53,15.0,2,316.93
p2_W3_E3.88,3068.0,40.48,18.0,2,332.28
p2_E1_W1.213,3078.0,33.22,14.0,2,316.85
p2_E1_W1.216,3096.0,20.39,5.0,1,280.64
p2_E1_W1.218,3108.0,8.8,0.0,0,248.27
p2_E_W.211,3066.0,40.12,17.0,3,330.47
p2_E_W.212,3072.0,36.09,18.0,2,324.59
p2_N1_S1.63,3060.0,37.26,18.0,2,315.01
p2_E_W.213,3078.0,34.75,15.0,2,328.11
p2_W1_E1.89,3082.0,39.24,14.0,3,338.38
p2_E_W.214,3084.0,37.03,13.0,2,331.64
p2_E1_W1.217,3102.0,14.39,0.0,0,266.04
p2_N3_S3.64,3080.0,43.5,19.0,3,350.65
p2_W1_E1.90,3096.0,19.69,2.0,1,292.97
p2_E3_W3.214,3084.0,41.19,19.0,3,331.47
p2_E1_W1.215,3090.0,22.13,8.0,1,275.57
p2_N2_S2.65,3100.0,21.52,8.0,1,279.28
p2_E3_W3.213,3078.0,49.96,26.0,3,345.44
p2_S1_N1.65,3100.0,27.96,13.0,1,310.65
p2_E3_W3.215,3090.0,26.8,12.0,1,287.0
p2_S2_N2.64,3080.0,49.84,25.0,3,356.08
p2_S2_N2.65,3100.0,29.74,11.0,2,313.85
p2_E3_W3.217,3102.0,27.73,11.0,1,289.25
p2_E3_W3.218,3108.0,21.73,9.0,1,277.75
p2_W_E.91,3111.0,23.28,11.0,1,292.53
p2_E3_W3.220,3120.0,14.07,0.0,0,278.48
p2_W3_E3.90,3096.0,36.75,18.0,2,340.84
p2_S3_N3.65,3100.0,34.72,15.0,2,327.94
p2_W_E.89,3082.0,41.18,22.0,2,322.52
p2_W3_E3.91,3111.0,25.15,8.0,1,293.65
p2_E3_W3.219,3114.0,13.7,1.0,1,284.29
p2_N1_S1.65,3100.0,38.13,13.0,3,340.5
p2_E_W.215,3090.0,51.57,29.0,3,370.74
p2_E1_W1.219,3114.0,24.21,9.0,1,295.17
p2_E_W.216,3096.0,42.56,17.0,3,345.65
p2_E_W.218,3108.0,36.39,13.0,2,328.31
p2_E_W.219,3114.0,32.09,8.0,2,316.78
p2_E1_W1.220,3120.0,19.84,7.0,1,272.92
p2_E_W.217,3102.0,35.17,15.0,2,321.06
p2_W1_E1.91,3111.0,30.14,5.0,2,328.95
p2_E3_S3.23,3183.0,7.89,0.0,0,168.07
p2_N2_S2.67,3140.0,10.03,0.0,0,255.42
p2_N2_S2.66,3120.0,33.43,14.0,2,320.77
p2_E1_W1.221,3126.0,13.4,0.0,0,270.54
p2_N3_S3.66,3120.0,27.2,9.0,2,311.1
p2_W2_N2.22,3120.0,30.56,11.0,1,313.63
p2_S3_W3.22,3123.0,33.81,16.0,2,314.22
p2_S1_N1.66,3120.0,26.0,12.0,1,289.22
p2_S2_N2.66,3120.0,30.74,11.0,2,302.26
p2_S2_W2.22,3123.0,34.41,9.0,4,340.98
p2_S2_N2.67,3140.0,18.57,4.0,1,268.16
p2_W3_N1.22,3120.0,38.66,19.0,2,323.2
p2_N3_S3.65,3100.0,43.45,19.0,3,343.94
p2_W1_N3.22,3120.0,28.92,7.0,1,306.23
p2_S1_W1.22,3123.0,32.24,14.0,2,319.13
p2_S3_N3.67,3140.0,17.89,5.0,1,278.78
p2_S3_N3.66,3120.0,42.26,21.0,2,335.67
p2_N3_E1.23,3183.0,25.15,10.0,2,196.54
p2_N1_E3.21,3063.0,60.82,23.0,4,507.0
p2_E1_W1.223,3138.0,26.66,11.0,1,299.36
p2_W3_E3.93,3140.0,27.44,8.0,2,310.0
p2_N1_S1.67,3140.0,16.77,4.0,1,270.87
p2_N1_S1.66,3120.0,35.67,15.0,2,335.42
p2_E1_W1.225,3150.0,15.84,3.0,1,265.4
p2_W_E.94,3154.0,15.43,0.0,0,271.93
p2_E_W.224,3144.0,18.69,3.0,1,279.16
p2_E_W.222,3132.0,35.32,3.0,1,339.37
p2_W3_E3.94,3154.0,16.96,3.0,1,271.14
p2_E1_W1.227,3162.0,8.67,0.0,0,248.57
p2_W3_E3.92,3125.0,38.64,15.0,3,335.93
p2_E1_W1.222,3132.0,26.73,13.0,1,277.55
p2_E1_W1.224,3144.0,25.44,8.0,1,294.59
p2_E_W.220,3120.0,34.47,17.0,2,313.21
p2_E_W.225,3150.0,22.91,0.0,0,296.79
p2_W1_E1.94,3154.0,19.75,6.0,1,301.58
p2_W_E.92,3125.0,30.7,13.0,2,309.61
p2_E_W.223,3138.0,36.68,2.0,1,346.56
p2_W1_E1.93,3140.0,30.69,6.0,3,321.44
p2_E_W.221,3126.0,27.48,5.0,2,306.87
p2_E3_W3.223,3138.0,38.99,19.0,2,338.73
p2_N2_S2.68,3160.0,18.76,1.0,1,293.33
p2_E3_W3.225,3150.0,27.68,11.0,1,305.63
p2_N3_S3.68,3160.0,20.27,7.0,1,284.43
p2_S2_N2.68,3160.0,20.95,10.0,1,283.67
p2_E3_W3.221,3126.0,43.75,24.0,2,315.48
p2_N3_S3.67,3140.0,42.13,20.0,1,347.57
p2_E3_W3.224,3144.0,38.27,10.0,1,338.94
p2_E3_W3.222,3132.0,51.52,19.0,2,368.69
p2_N2_E2.22,3123.0,37.06,15.0,2,330.11
p2_S1_N1.68,3160.0,24.55,11.0,1,290.41
p2_E2_S2.22,3123.0,42.07,19.0,3,348.99
p2_S1_N1.67,3140.0,41.71,17.0,3,337.55
p2_S3_N3.68,3160.0,19.87,0.0,0,293.51
p2_W1_E1.92,3125.0,21.89,7.0,1,286.32
p2_N1_S1.68,3160.0,25.1,7.0,1,301.35
p2_W3_E3.95,3168.0,19.44,7.0,1,281.52
p2_E_W.227,3162.0,31.36,12.0,2,312.86
p2_E_W.228,3168.0,27.12,4.0,1,302.82
p2_E_W.229,3174.0,23.14,2.0,1,297.43
p2_E_W.230,3180.0,19.23,1.0,1,292.55
p2_W1_E1.96,3183.0,16.14,3.0,1,270.77
p2_E1_W1.229,3174.0,19.7,5.0,1,301.6
p2_E_W.226,3156.0,31.2,12.0,2,313.67
p2_W_E.95,3168.0,32.52,13.0,2,316.11
p2_E1_W1.231,3186.0,11.93,0.0,0,265.98
p2_E1_W1.230,3180.0,22.34,1.0,1,299.35
p2_W_E.96,3183.0,17.39,3.0,1,275.56
p2_E1_W1.226,3156.0,26.37,10.0,1,302.9
p2_W1_E1.95,3168.0,24.36,5.0,2,308.85
p2_E1_W1.228,3168.0,23.93,8.0,1,289.0
p2_S2_N2.69,3180.0,25.18,4.0,1,311.78
p2_E3_W3.226,3156.0,41.16,19.0,3,337.43
p2_E3_W3.230,3180.0,25.68,5.0,1,297.6
p2_W_E.93,3140.0,49.82,23.0,3,361.09
p2_E3_W3.231,3186.0,21.38,4.0,1,288.81
p2_E3_S3.24,3243.0,6.39,0.0,0,164.64
p2_E2_S2.23,3183.0,24.71,4.0,1,319.82
p2_N2_E2.23,3183.0,23.26,4.0,1,308.31
p2_N3_S3.69,3180.0,29.31,12.0,1,308.24
p2_W2_N2.23,3180.0,23.39,8.0,1,300.1
p2_E3_W3.228,3168.0,42.09,8.0,2,353.02
p2_S3_N3.69,3180.0,30.51,14.0,2,317.07
p2_W1_N3.23,3180.0,25.02,8.0,2,287.98
p2_N3_S3.70,3200.0,10.89,0.0,0,265.66
p2_E1_S1.21,3063.0,86.29,41.0,7,523.68
p2_S1_N1.69,3180.0,32.2,14.0,2,319.41
p2_E3_W3.229,3174.0,32.74,5.0,1,331.04
p2_W3_N1.23,3180.0,32.13,7.0,3,342.69
p2_S1_N1.70,3200.0,14.48,0.0,0,273.27
p2_N2_S2.69,3180.0,15.69,3.0,1,277.18
p2_N1_S1.69,3180.0,37.47,17.0,2,322.56
p2_S1_W1.23,3183.0,28.0,13.0,1,300.03
p2_S2_W2.23,3183.0,20.97,3.0,2,303.69
p2_N1_S1.70,3200.0,16.79,3.0,1,268.82
p2_W_E.97,3197.0,20.64,4.0,1,303.73
p2_N3_E1.24,3243.0,11.18,0.0,0,172.61
p2_E_W.234,3204.0,19.56,0.0,0,286.87
p2_W3_E3.96,3183.0,41.08,17.0,3,342.87
p2_E_W.232,3192.0,32.92,12.0,2,329.42
p2_E1_W1.235,3210.0,15.32,0.0,0,286.03
p2_E_W.236,3216.0,9.5,0.0,0,254.12
p2_E1_W1.232,3192.0,26.53,12.0,1,300.55
p2_W1_E1.97,3197.0,28.71,9.0,2,332.31
p2_E1_W1.233,3198.0,29.59,8.0,2,317.96
p2_E1_W1.236,3216.0,12.14,0.0,0,267.99
p2_S3_W3.23,3183.0,46.01,19.0,4,355.68
p2_E_W.233,3198.0,22.15,3.0,1,287.53
p2_E3_W3.233,3198.0,31.54,10.0,2,322.67
p2_E1_W1.234,3204.0,22.97,4.0,2,304.87
p2_S2_N2.70,3200.0,31.68,12.0,1,324.82
p2_E3_W3.235,3210.0,20.54,7.0,1,275.29
p2_W3_E3.98,3212.0,8.49,0.0,0,246.4
p2_E3_W3.234,3204.0,23.1,1.0,1,293.28
p2_S2_N2.71,3220.0,12.76,0.0,0,271.04
p2_E3_W3.232,3192.0,41.83,11.0,2,344.69
p2_E1_S1.22,3123.0,69.22,33.0,5,520.14
p2_S1_N1.71,3220.0,16.46,3.0,1,278.29
p2_W_E.98,3212.0,24.96,11.0,1,277.1
p2_N2_S2.71,3220.0,8.51,0.0,0,249.68
p2_N2_S2.70,3200.0,31.55,12.0,1,311.28
p2_N1_S1.71,3220.0,22.23,5.0,1,316.41
p2_N1_E3.22,3123.0,80.01,49.0,6,520.92
p2_W_E.99,3226.0,10.7,0.0,0,252.64
p2_W_E.100,3240.0,7.16,0.0,0,232.41
p2_W3_E3.100,3240.0,8.31,0.0,0,249.27
p2_W3_E3.99,3226.0,23.96,10.0,1,292.39
p2_E1_W1.237,3222.0,29.37,13.0,2,311.51
p2_W1_E1.99,3226.0,25.04,6.0,1,313.06
p2_E_W.240,3240.0,11.09,0.0,0,261.0
p2_E1_W1.238,3228.0,23.83,6.0,2,300.29
p2_E3_W3.227,3162.0,28.55,8.0,1,325.34
p2_E_W.239,3234.0,19.08,0.0,0,295.54
p2_E1_W1.240,3240.0,13.38,0.0,0,275.77
p2_E_W.238,3228.0,27.17,4.0,1,291.28
p2_W1_E1.98,3212.0,28.3,9.0,1,303.02
p2_E3_W3.236,3216.0,34.73,10.0,3,333.35
p2_E1_W1.239,3234.0,15.91,0.0,0,278.14
p2_E_W.241,3246.0,10.92,0.0,0,262.12
p2_W3_E3.97,3197.0,37.04,18.0,2,314.01
p2_E3_W3.239,3234.0,18.9,2.0,1,282.74
p2_S2_N2.72,3240.0,20.37,1.0,1,303.87
p2_W1_N3.24,3243.0,17.42,4.0,1,271.47
p2_E_W.237,3222.0,24.7,8.0,1,290.68
p2_E3_W3.237,3222.0,20.64,0.0,0,302.16
p2_E3_W3.238,3228.0,30.44,0.0,0,315.0
p2_E2_S2.24,3243.0,17.76,1.0,1,309.09
p2_N3_S3.71,3220.0,42.97,24.0,2,348.06
p2_E_W.231,3186.0,33.62,14.0,2,317.35
p2_E_W.235,3210.0,30.13,8.0,1,311.53
p2_S3_N3.70,3200.0,58.92,36.0,3,367.36
p2_S1_N1.72,3240.0,19.78,7.0,1,275.29
p2_W3_N1.24,3243.0,13.99,1.0,1,262.54
p2_N3_E1.25,3303.0,7.11,0.0,0,165.07
p2_N2_S2.72,3240.0,25.14,2.0,1,326.14
p2_S3_N3.71,3220.0,33.82,17.0,2,309.11
p2_S1_N1.73,3260.0,9.07,0.0,0,260.92
p2_N1_E3.23,3183.0,41.43,11.0,2,456.1
p2_S1_W1.24,3243.0,28.27,6.0,2,320.21
p2_N2_E2.24,3243.0,28.56,7.0,2,308.27
p2_W_E.101,3255.0,17.4,1.0,1,293.2
p2_W1_E1.101,3255.0,22.57,4.0,1,300.09
p2_W3_E3.102,3269.0,7.99,0.0,0,237.37
p2_E1_W1.241,3246.0,28.03,9.0,1,302.68
p2_E1_W1.244,3264.0,14.91,0.0,0,273.34
p2_W1_E1.102,3269.0,10.4,0.0,0,265.35
p2_W_E.102,3269.0,7.59,0.0,0,244.68
p2_E1_W1.242,3252.0,28.15,5.0,2,315.67
p2_W1_E1.100,3240.0,31.05,11.0,1,310.25
p2_E1_W1.243,3258.0,22.77,3.0,2,301.41
p2_E3_S3.25,3303.0,18.78,6.0,1,191.2
p2_S2_W2.24,3243.0,38.21,14.0,2,346.84
p2_E_W.243,3258.0,23.89,9.0,1,290.33
p2_S3_W3.24,3243.0,34.58,9.0,3,337.45
p2_W2_N2.24,3243.0,41.1,19.0,3,329.61
p2_E3_W3.241,3246.0,37.71,13.0,2,340.15
p2_E1_S1.23,3183.0,53.52,23.0,4,493.1
p2_N1_S1.72,3240.0,10.75,0.0,0,261.84
p2_E3_W3.243,3258.0,28.89,2.0,1,328.93
p2_S2_N2.73,3260.0,27.1,10.0,1,307.27
p2_S2_N2.74,3280.0,8.28,0.0,0,253.34
p2_E3_W3.244,3264.0,24.73,1.0,1,320.04
p2_S3_N3.73,3260.0,30.1,11.0,2,321.43
p2_S3_N3.72,3240.0,50.66,28.0,3,364.47
p2_E3_W3.245,3270.0,20.63,0.0,0,284.34
p2_E3_W3.240,3240.0,28.92,10.0,1,307.64
p2_S3_N3.74,3280.0,12.13,0.0,0,264.93
p2_N1_S1.73,3260.0,32.66,15.0,2,327.95
p2_N2_S2.73,3260.0,33.14,6.0,2,335.65
p2_N3_S3.72,3240.0,54.11,28.0,3,372.68
p2_N1_S1.74,3280.0,14.51,0.0,0,275.75
p2_W3_E3.101,3255.0,14.24,1.0,1,270.98
p2_N3_S3.73,3260.0,33.19,15.0,2,316.01
p2_S1_N1.74,3280.0,9.08,0.0,0,252.56
p2_W1_E1.103,3284.0,19.03,1.0,1,295.19
p2_E3_W3.248,3288.0,15.55,0.0,0,273.56
p2_W_E.104,3298.0,8.27,0.0,0,247.16
p2_E_W.245,3270.0,37.52,15.0,2,348.3
p2_W3_E3.103,3284.0,20.37,4.0,1,293.09
p2_E3_W3.242,3252.0,56.41,19.0,2,365.31
p2_E_W.246,3276.0,31.71,11.0,1,331.41
p2_E1_W1.246,3276.0,33.23,13.0,2,310.52
p2_E1_W1.247,3282.0,26.93,8.0,2,310.2
p2_E1_W1.249,3294.0,16.7,2.0,1,261.77
p2_W3_E3.104,3298.0,8.23,0.0,0,238.4
p2_E_W.248,3288.0,24.06,2.0,1,304.49
p2_E_W.244,3264.0,36.95,13.0,3,326.25
p2_E1_W1.245,3270.0,34.81,16.0,2,315.23
p2_E3_W3.247,3282.0,11.63,0.0,0,270.97
p2_E_W.247,3282.0,31.46,6.0,1,301.9
p2_W_E.103,3284.0,11.03,0.0,0,255.99
p2_E_W.242,3252.0,41.02,17.0,2,332.51
p2_S2_N2.75,3300.0,10.36,0.0,0,255.01
p2_N2_E2.25,3303.0,13.67,0.0,0,273.23
p2_E1_S1.24,3243.0,31.7,12.0,1,403.0
p2_E3_W3.246,3276.0,14.63,0.0,0,275.23
p2_N1_S1.75,3300.0,19.34,3.0,1,291.1
p2_N2_S2.75,3300.0,19.31,1.0,1,299.01
p2_N3_S3.75,3300.0,18.91,5.0,1,270.65
p2_W3_N1.25,3301.0,19.09,2.0,1,295.56
p2_N2_S2.74,3280.0,29.07,8.0,2,313.04
p2_S3_N3.75,3300.0,16.0,2.0,1,274.5
p2_S1_N1.75,3300.0,22.39,2.0,1,318.98
p2_N3_S3.74,3280.0,36.0,23.0,1,304.52
p2_W1_E1.104,3298.0,32.24,12.0,2,315.03
p2_S1_W1.25,3303.0,27.16,7.0,1,315.6
p2_W1_E1.105,3312.0,20.06,0.0,0,294.46
p2_E3_W3.250,3300.0,32.88,11.0,2,334.76
p2_S3_W3.25,3303.0,29.57,11.0,1,334.72
p2_S2_W2.25,3303.0,28.9,12.0,2,308.73
p2_E_W.251,3306.0,27.88,5.0,2,313.34
p2_E1_W1.251,3306.0,28.7,10.0,2,315.01
p2_E1_W1.252,3312.0,22.94,4.0,1,305.76
p2_E3_W3.251,3306.0,29.68,5.0,1,324.85
p2_E_W.252,3312.0,22.55,4.0,1,303.01
p2_W3_E3.105,3312.0,19.34,1.0,1,284.23
p2_E1_W1.250,3300.0,36.78,12.0,2,309.32
p2_W2_N2.25,3301.0,35.82,14.0,3,326.35
p2_E3_W3.253,3318.0,19.32,0.0,0,292.86
p2_E1_W1.253,3318.0,20.56,2.0,1,306.43
p2_E3_S3.26,3363.0,17.44,6.0,2,187.04
p2_E_W.249,3294.0,32.91,8.0,1,322.32
p2_E3_W3.249,3294.0,30.88,11.0,2,317.57
p2_W1_N3.25,3301.0,38.07,15.0,2,326.08
p2_S2_N2.76,3320.0,20.19,7.0,1,280.84
p2_E1_W1.248,3288.0,37.31,17.0,2,319.04
p2_E_W.253,3318.0,12.4,0.0,0,267.09
p2_E_W.250,3300.0,27.84,5.0,2,319.05
p2_E3_W3.252,3312.0,21.58,0.0,0,313.34
p2_N3_E1.26,3363.0,22.33,11.0,1,199.03
p2_N2_S2.76,3320.0,25.21,3.0,2,316.27
p2_N1_S1.76,3320.0,26.44,6.0,1,310.86
p2_S1_N1.76,3320.0,27.44,7.0,2,321.4
p2_S1_N1.77,3340.0,7.57,0.0,0,234.42
p2_W_E.105,3312.0,23.69,7.0,1,299.74
p2_N1_E3.24,3243.0,62.89,25.0,6,506.68
p2_N1_S1.77,3340.0,7.67,0.0,0,255.68
p2_W1_E1.106,3327.0,26.52,11.0,1,295.04
p2_W_E.107,3341.0,9.23,0.0,0,248.7
p2_N3_S3.76,3320.0,34.09,16.0,2,311.27
p2_E3_W3.257,3342.0,15.29,0.0,0,293.31
p2_W3_E3.106,3327.0,32.22,14.0,2,326.46
p2_W3_E3.107,3341.0,18.21,2.0,1,309.12
p2_E3_W3.255,3330.0,23.0,8.0,1,296.61
p2_E2_S2.25,3303.0,57.05,28.0,4,382.25
p2_E1_W1.254,3324.0,36.82,17.0,2,337.51
p2_E3_W3.258,3348.0,8.09,0.0,0,244.93
p2_E3_W3.254,3324.0,27.79,12.0,1,302.33
p2_E3_W3.256,3336.0,20.94,3.0,1,306.38
p2_E_W.256,3336.0,28.55,11.0,2,305.88
p2_W1_E1.107,3341.0,9.02,0.0,0,257.39
p2_E1_W1.258,3348.0,15.9,0.0,0,265.87
p2_E1_W1.255,3330.0,19.5,3.0,1,294.21
p2_E1_W1.256,3336.0,21.39,2.0,1,296.74
p2_S2_N2.77,3340.0,24.74,10.0,1,291.12
p2_E_W.254,3324.0,33.18,13.0,2,317.93
p2_E1_W1.257,3342.0,16.45,1.0,1,272.51
p2_S2_N2.78,3360.0,7.73,0.0,0,247.76
p2_S3_N3.76,3320.0,48.63,22.0,3,354.22
p2_E_W.255,3330.0,32.7,12.0,2,313.07
p2_N2_S2.78,3360.0,9.26,0.0,0,257.06
p2_E_W.257,3342.0,16.48,0.0,0,278.88
p2_N3_S3.77,3340.0,32.2,12.0,2,319.39
p2_N1_S1.78,3360.0,14.14,1.0,1,266.03
p2_N2_S2.77,3340.0,21.63,6.0,1,309.39
p2_S1_N1.78,3360.0,14.85,1.0,1,271.53
p2_S1_W1.26,3363.0,11.35,0.0,0,267.06
p2_W1_E1.108,3356.0,24.09,10.0,1,283.78
p2_W_E.106,3327.0,31.53,13.0,2,312.77
p2_S3_W3.26,3363.0,21.24,3.0,1,315.87
p2_N1_E3.25,3303.0,23.95,0.0,0,408.07
p2_W_E.109,3370.0,13.94,0.0,0,275.39
p2_E3_W3.262,3372.0,12.62,0.0,0,283.48
p2_E3_W3.259,3354.0,32.56,12.0,1,326.85
p2_W3_E3.108,3356.0,30.16,12.0,2,308.28
p2_W1_E1.109,3370.0,9.73,0.0,0,251.96
p2_E1_W1.260,3360.0,26.77,6.0,2,311.92
p2_E3_W3.261,3366.0,20.67,3.0,1,289.28
p2_E1_W1.259,3354.0,29.11,9.0,2,311.41
p2_E1_W1.262,3372.0,17.48,3.0,1,272.96
p2_E1_W1.261,3366.0,21.54,3.0,1,292.56
p2_E_W.259,3354.0,34.12,15.0,2,306.97
p2_W_E.108,3356.0,19.02,5.0,1,277.13
p2_S2_W2.26,3363.0,27.4,11.0,1,304.67
p2_E3_S3.27,3423.0,7.59,0.0,0,168.49
p2_E3_W3.260,3360.0,18.67,4.0,1,275.66
p2_E_W.260,3360.0,32.84,11.0,2,322.33
p2_W1_N3.26,3360.0,24.32,5.0,2,300.05
p2_S2_N2.79,3380.0,8.35,0.0,0,246.66
p2_E_W.258,3348.0,37.71,19.0,2,322.7
p2_S3_N3.78,3360.0,34.77,18.0,2,329.74
p2_W2_N2.26,3360.0,34.27,11.0,2,335.2
p2_N2_E2.26,3363.0,32.05,13.0,1,325.5
p2_S3_N3.77,3340.0,50.59,25.0,3,359.89
p2_S3_N3.79,3380.0,16.87,0.0,0,285.36
p2_N3_S3.78,3360.0,38.48,16.0,2,312.96
p2_N2_S2.79,3380.0,18.25,3.0,1,291.96
p2_N3_S3.79,3380.0,18.56,6.0,1,276.41
p2_W3_N1.26,3360.0,39.67,18.0,3,332.59
p2_N1_S1.79,3380.0,19.88,2.0,1,294.22
p2_S1_N1.79,3380.0,18.81,3.0,1,287.41
p2_E1_S1.25,3303.0,44.44,12.0,3,437.98
p2_W1_E1.110,3384.0,21.89,9.0,1,279.47
p2_N3_E1.27,3423.0,14.83,3.0,1,171.22
p2_E3_W3.266,3396.0,15.19,0.0,0,285.33
p2_E1_W1.264,3384.0,28.06,7.0,2,316.35
p2_E3_W3.264,3384.0,27.71,8.0,2,309.91
p2_W3_E3.110,3384.0,25.4,6.0,1,309.17
p2_W1_E1.111,3399.0,7.92,0.0,0,243.8
p2_E1_W1.263,3378.0,30.89,12.0,2,307.1
p2_E3_W3.265,3390.0,20.99,2.0,1,301.62
p2_E1_W1.266,3396.0,18.22,3.0,1,283.46
p2_E3_W3.263,3378.0,32.48,14.0,1,317.09
p2_W3_E3.111,3399.0,7.93,0.0,0,249.43
p2_E1_W1.265,3390.0,25.8,3.0,1,311.29
p2_W_E.111,3399.0,17.39,3.0,1,290.69
p2_E3_W3.267,3402.0,8.19,0.0,0,243.64
p2_S2_N2.80,3400.0,18.39,3.0,1,295.65
p2_E_W.261,3366.0,55.26,32.0,3,358.95
p2_W3_E3.109,3370.0,26.58,12.0,1,285.67
p2_E_W.263,3378.0,43.39,17.0,2,340.37
p2_E_W.262,3372.0,51.83,25.0,3,366.81
p2_E_W.264,3384.0,38.98,14.0,2,333.44
p2_N2_S2.80,3400.0,22.78,3.0,1,308.4
p2_E2_S2.26,3363.0,53.18,29.0,3,371.67
p2_N3_S3.80,3400.0,24.78,6.0,1,297.86
p2_S3_N3.80,3400.0,26.33,6.0,2,303.01
p2_S1_N1.80,3400.0,30.73,11.0,2,313.35
p2_N1_S1.80,3400.0,31.61,11.0,2,310.92
p2_W1_E1.112,3413.0,16.95,3.0,1,272.67
p2_W3_E3.112,3413.0,25.17,5.0,2,309.19
p2_N1_E3.26,3363.0,25.12,2.0,2,414.37
p2_E1_W1.268,3408.0,31.25,10.0,2,339.53
p2_W3_E3.113,3428.0,12.19,0.0,0,265.57
p2_E1_W1.267,3402.0,23.68,6.0,1,292.5
p2_W1_E1.113,3428.0,13.79,1.0,1,267.72
p2_E3_W3.268,3408.0,32.17,14.0,2,309.29
p2_E1_W1.270,3420.0,16.82,0.0,0,280.27
p2_E1_W1.269,3414.0,12.13,0.0,0,261.42
p2_E3_W3.270,3420.0,23.16,4.0,1,307.63
p2_E3_W3.269,3414.0,21.41,3.0,2,289.17
p2_E_W.270,3420.0,27.02,8.0,1,301.33
p2_E_W.267,3402.0,43.58,21.0,3,355.0
p2_W_E.112,3413.0,30.77,13.0,2,315.76
p2_S2_N2.81,3420.0,29.48,9.0,1,314.77
p2_W1_N3.27,3420.0,29.26,15.0,1,317.4
p2_W_E.110,3384.0,54.8,32.0,3,362.46
p2_W3_N1.27,3420.0,30.95,10.0,2,305.33
p2_W_E.113,3428.0,22.88,2.0,1,318.27
p2_E_W.268,3408.0,33.87,11.0,1,322.22
p2_E_W.269,3414.0,23.95,6.0,1,285.66
p2_N2_E2.27,3423.0,29.26,7.0,2,302.86
p2_E_W.271,3426.0,28.98,6.0,1,294.83
p2_N3_E1.28,3483.0,12.8,2.0,2,184.9
p2_E2_S2.27,3423.0,26.46,9.0,2,298.2
p2_W2_N2.27,3420.0,18.31,1.0,1,297.91
p2_E1_S1.26,3363.0,50.99,16.0,4,457.47
p2_E_W.265,3390.0,48.85,24.0,3,346.82
p2_S1_N1.81,3420.0,36.87,18.0,2,321.9
p2_N2_S2.81,3420.0,29.17,5.0,2,327.93
p2_E_W.272,3432.0,24.69,5.0,1,298.35
p2_S3_N3.82,3440.0,17.42,4.0,1,270.04
p2_S2_W2.27,3423.0,35.09,8.0,2,351.48
p2_E_W.266,3396.0,42.61,16.0,3,340.26
p2_S3_N3.81,3420.0,35.31,15.0,2,319.63
p2_N1_S1.82,3440.0,19.78,5.0,1,288.4
p2_S1_W1.27,3423.0,32.99,10.0,2,324.16
p2_W3_E3.114,3442.0,21.95,1.0,1,302.02
p2_W3_E3.115,3456.0,8.15,0.0,0,239.05
p2_N1_S1.81,3420.0,32.91,14.0,2,308.74
p2_E1_W1.271,3426.0,33.7,14.0,2,314.1
p2_E1_W1.272,3432.0,27.37,8.0,2,313.1
p2_W1_E1.114,3442.0,12.67,0.0,0,272.62
p2_E1_W1.273,3438.0,30.38,5.0,2,321.09
p2_E1_W1.274,3444.0,21.68,1.0,1,302.59
p2_E3_S3.28,3483.0,27.6,13.0,2,212.92
p2_S3_W3.27,3423.0,44.88,16.0,3,352.75
p2_E3_W3.272,3432.0,34.83,15.0,2,319.0
p2_E1_W1.275,3450.0,20.08,1.0,1,300.36
p2_E_W.274,3444.0,26.14,9.0,2,296.39
p2_E_W.273,3438.0,33.5,14.0,2,320.2
p2_E3_W3.274,3444.0,14.7,0.0,0,269.39
p2_E_W.276,3456.0,20.33,4.0,1,297.22
p2_E3_W3.271,3426.0,32.19,13.0,1,313.86
p2_E_W.275,3450.0,26.64,5.0,1,331.74
p2_E3_W3.275,3450.0,27.21,0.0,0,303.93
p2_E3_W3.273,3438.0,34.44,6.0,1,332.45
p2_W_E.114,3442.0,36.04,20.0,2,321.42
p2_N2_S2.83,3460.0,19.11,7.0,1,283.92
p2_E_W.277,3462.0,13.18,0.0,0,255.43
p2_N3_S3.81,3420.0,47.78,24.0,3,349.7
p2_S1_N1.82,3440.0,32.6,14.0,2,305.48
p2_N2_S2.82,3440.0,38.13,19.0,2,320.09
p2_W_E.115,3456.0,9.88,0.0,0,251.22
p2_N1_S1.83,3460.0,23.0,9.0,1,296.57
p2_S2_N2.83,3460.0,9.54,0.0,0,253.24
p2_S1_N1.83,3460.0,20.25,2.0,1,292.9
p2_E1_W1.278,3468.0,20.54,1.0,1,299.13
p2_W3_E3.116,3471.0,17.19,3.0,1,272.59
p2_S2_N2.82,3440.0,31.85,12.0,2,305.44
p2_E1_W1.277,3462.0,26.73,5.0,2,307.26
p2_W1_E1.116,3471.0,19.31,0.0,0,296.6
p2_E1_W1.280,3480.0,10.49,0.0,0,263.45
p2_W3_E3.117,3485.0,7.54,0.0,0,239.53
p2_E3_W3.278,3468.0,25.43,4.0,2,328.78
p2_E3_W3.279,3474.0,17.7,1.0,1,296.79
p2_W_E.117,3485.0,8.36,0.0,0,247.05
p2_E3_W3.280,3480.0,14.5,0.0,0,297.62
p2_W1_E1.115,3456.0,28.1,11.0,1,308.14
p2_W1_N3.28,3480.0,14.4,3.0,1,268.08
p2_E1_W1.276,3456.0,25.05,4.0,2,294.12
p2_E1_W1.279,3474.0,11.72,0.0,0,271.78
p2_E_W.279,3474.0,25.4,8.0,2,296.64
p2_E_W.281,3486.0,7.85,0.0,0,244.71
p2_E_W.280,3480.0,22.25,1.0,1,290.55
p2_N3_S3.82,3440.0,63.04,40.0,3,376.31
p2_S3_N3.83,3460.0,43.32,25.0,2,331.14
p2_S3_N3.84,3480.0,23.07,7.0,2,303.76
p2_S3_W3.28,3482.0,21.61,0.0,0,275.5
p2_N3_S3.83,3460.0,36.4,17.0,2,316.55
p2_E3_W3.277,3462.0,22.6,5.0,1,290.22
p2_E_W.278,3468.0,22.56,6.0,1,287.21
p2_E3_W3.276,3456.0,23.13,5.0,1,297.22
p2_W3_N1.28,3480.0,28.86,10.0,1,318.12
p2_E_W.282,3492.0,8.71,0.0,0,247.85
p2_E1_S1.27,3423.0,41.56,14.0,1,428.84
p2_S2_N2.84,3480.0,30.39,13.0,2,316.76
p2_S1_N1.84,3480.0,31.23,10.0,2,314.88
p2_E2_S2.28,3483.0,11.89,0.0,0,266.48
p2_N2_S2.84,3480.0,29.62,9.0,2,310.88
p2_S1_W1.28,3483.0,26.27,6.0,2,329.68
p2_N2_E2.28,3483.0,30.56,9.0,2,319.0
p2_N1_S1.84,3480.0,28.34,8.0,2,307.5
p2_W1_E1.118,3500.0,15.07,0.0,0,284.85
p2_E1_W1.282,3492.0,24.24,5.0,1,301.0
p2_E1_W1.284,3504.0,12.03,0.0,0,269.06
p2_N1_E3.27,3423.0,47.86,21.0,3,462.06
p2_W_E.116,3471.0,37.22,18.0,2,318.81
p2_W1_E1.117,3485.0,30.47,10.0,1,315.16
p2_E1_W1.283,3498.0,20.15,0.0,0,294.51
p2_N3_E1.29,3543.0,7.09,0.0,0,161.94
p2_E3_W3.281,3486.0,32.36,11.0,2,333.68
p2_E3_W3.282,3492.0,28.04,5.0,1,327.24
p2_E1_W1.285,3510.0,9.91,0.0,0,260.02
p2_E1_W1.281,3486.0,23.95,9.0,1,295.78
p2_E3_W3.284,3504.0,16.91,1.0,1,296.7
p2_W_E.118,3500.0,22.51,6.0,1,299.99
p2_W3_E3.118,3500.0,9.93,0.0,0,247.9
p2_E3_W3.283,3498.0,20.65,0.0,0,302.19
p2_W_E.119,3514.0,8.28,0.0,0,235.49
p2_E3_S3.29,3543.0,20.88,8.0,2,186.61
p2_S2_W2.28,3483.0,40.32,14.0,4,341.35
p2_E_W.283,3498.0,24.17,11.0,1,284.84
p2_E_W.286,3516.0,12.98,0.0,0,282.91
p2_S1_N1.85,3500.0,29.82,12.0,1,305.92
p2_E_W.287,3522.0,8.64,0.0,0,243.97
p2_N3_S3.84,3480.0,53.42,28.0,3,362.75
p2_E_W.284,3504.0,17.66,2.0,1,275.98
p2_W2_N2.28,3480.0,37.25,17.0,2,322.34
p2_N3_S3.86,3520.0,13.82,0.0,0,266.63
p2_S1_N1.86,3520.0,15.2,2.0,1,264.04
p2_S3_N3.86,3520.0,14.63,0.0,0,266.97
p2_N1_S1.85,3500.0,33.34,16.0,2,312.74
p2_N2_S2.85,3500.0,36.18,19.0,2,323.9
p2_S2_N2.85,3500.0,34.44,16.0,2,305.53
p2_E1_S1.28,3483.0,11.28,0.0,0,351.38
p2_S3_N3.85,3500.0,19.68,3.0,1,285.75
p2_E_W.285,3510.0,11.84,0.0,0,251.68
p2_S2_N2.86,3520.0,9.9,0.0,0,246.22
p2_E1_W1.288,3528.0,13.91,0.0,0,270.69
p2_E1_W1.287,3522.0,20.93,1.0,1,314.17
p2_E3_W3.286,3516.0,29.34,7.0,2,334.38
p2_E1_W1.289,3534.0,8.39,0.0,0,233.94
p2_E3_W3.285,3510.0,35.64,13.0,2,338.02
p2_W3_E3.120,3528.0,18.33,2.0,1,307.97
p2_W3_E3.119,3514.0,31.48,14.0,1,314.56
p2_E3_W3.288,3528.0,19.29,2.0,1,299.1
p2_W1_E1.119,3514.0,34.09,12.0,2,330.37
p2_W1_E1.120,3528.0,19.12,4.0,1,295.84
p2_E3_W3.289,3534.0,15.34,0.0,0,276.4
p2_E3_W3.287,3522.0,20.9,1.0,1,303.8
p2_N3_S3.85,3500.0,12.84,0.0,0,272.27
p2_W2_N2.29,3540.0,14.68,0.0,0,280.17
p2_W_E.121,3543.0,8.17,0.0,0,236.39
p2_W_E.120,3528.0,28.1,5.0,2,332.62
p2_E1_W1.286,3516.0,11.12,0.0,0,262.15
p2_N2_S2.87,3540.0,22.26,9.0,1,279.15
p2_S2_N2.87,3540.0,22.44,8.0,1,292.03
p2_E_W.288,3528.0,14.75,0.0,0,281.84
p2_W1_N3.29,3540.0,23.94,8.0,1,303.07
p2_W1_E1.122,3557.0,8.01,0.0,0,240.58
p2_S1_N1.87,3540.0,25.93,7.0,1,301.09
p2_N3_S3.87,3540.0,28.57,13.0,1,301.09
p2_N2_S2.86,3520.0,37.67,17.0,2,317.36
p2_S1_W1.29,3543.0,19.89,5.0,1,278.55
p2_S3_W3.29,3543.0,27.99,12.0,1,325.09
p2_E3_W3.291,3546.0,26.02,3.0,1,321.17
p2_N2_E2.29,3543.0,15.28,1.0,1,273.55
p2_E1_W1.290,3540.0,33.73,13.0,2,326.27
p2_E3_W3.293,3558.0,15.91,0.0,0,293.65
p2_E3_W3.290,3540.0,27.85,8.0,2,301.18
p2_E1_W1.291,3546.0,23.97,3.0,2,295.57
p2_E1_W1.292,3552.0,23.54,0.0,0,306.98
p2_E3_W3.292,3552.0,23.84,4.0,1,308.1
p2_E1_W1.293,3558.0,16.51,0.0,0,305.91
p2_E3_W3.294,3564.0,13.56,0.0,0,257.86
p2_S3_N3.87,3540.0,15.17,0.0,0,269.51
p2_W_E.122,3557.0,10.44,0.0,0,262.09
p2_E_W.289,3534.0,46.04,22.0,3,356.67
p2_S2_W2.29,3543.0,39.5,21.0,3,337.55
p2_W3_E3.122,3557.0,24.99,10.0,1,298.75
p2_N1_E3.28,3483.0,52.9,22.0,3,475.71
p2_E_W.290,3540.0,44.53,19.0,3,358.58
p2_W1_E1.121,3543.0,40.75,19.0,2,339.77
p2_E_W.293,3558.0,22.04,4.0,1,291.92
p2_W3_N1.29,3540.0,43.0,20.0,3,328.81
p2_E_W.295,3570.0,12.95,0.0,0,272.63
p2_N1_S1.87,3540.0,37.51,18.0,2,310.88
p2_E_W.291,3546.0,34.83,8.0,2,328.77
p2_E_W.294,3564.0,25.3,3.0,1,304.46
p2_W1_E1.123,3572.0,17.25,3.0,1,293.56
p2_N1_S1.86,3520.0,52.23,29.0,3,355.31
p2_S2_N2.88,3560.0,25.85,10.0,2,303.77
p2_W3_E3.121,3543.0,27.74,9.0,2,306.67
p2_E_W.292,3552.0,28.46,6.0,1,313.12
p2_N1_S1.88,3560.0,32.29,14.0,2,310.79
p2_S1_N1.88,3560.0,32.09,13.0,2,303.17
p2_W1_E1.124,3586.0,7.31,0.0,0,239.19
p2_E1_W1.297,3582.0,13.24,0.0,0,276.9
p2_E3_W3.295,3570.0,29.23,12.0,2,308.97
p2_W3_E3.123,3572.0,26.76,10.0,2,305.71
p2_W3_E3.124,3586.0,13.19,0.0,0,264.65
p2_N2_S2.88,3560.0,37.26,13.0,2,340.81
p2_E1_W1.294,3564.0,32.55,12.0,2,315.38
p2_E1_W1.298,3588.0,10.95,0.0,0,250.55
p2_E2_S2.29,3543.0,50.42,24.0,3,352.9
p2_E3_W3.296,3576.0,21.08,3.0,1,291.88
p2_E3_W3.297,3582.0,19.15,2.0,1,287.23
p2_E1_W1.299,3594.0,7.81,0.0,0,245.51
p2_E1_W1.295,3570.0,28.15,9.0,1,307.86
p2_E3_W3.299,3594.0,9.01,0.0,0,245.65
p2_W_E.124,3586.0,14.04,2.0,1,265.97
p2_E1_W1.296,3576.0,16.8,1.0,1,288.12
p2_W_E.123,3572.0,22.91,9.0,1,278.05
p2_E_W.296,3576.0,31.21,12.0,1,309.35
p2_E3_W3.298,3588.0,10.21,0.0,0,249.89
p2_N3_S3.88,3560.0,50.56,26.0,2,360.29
p2_N3_S3.89,3580.0,30.27,13.0,1,311.96
p2_E_W.297,3582.0,16.62,2.0,1,275.61
p2_E_W.299,3594.0,14.93,0.0,0,269.07
p2_S3_N3.88,3560.0,51.03,28.0,2,366.0
p2_N1_S1.89,3580.0,39.51,20.0,2,326.62
p2_N1_E3.29,3543.0,34.44,14.0,2,420.82
p2_S1_N1.89,3580.0,47.44,25.0,3,357.09
p2_E_W.298,3588.0,10.62,0.0,0,262.31
p2_E1_S1.29,3543.0,43.65,14.0,4,461.94
p2_N2_S2.89,3580.0,55.54,31.0,3,365.32
p2_S2_N2.89,3580.0,25.42,7.0,1,300.82
p2_S3_N3.89,3580.0,77.09,59.0,2,387.79
