id,depart,timeloss,espera,paradas,co2
p1_N2_S2.0,0.0,30.19,19.0,1,207.0
p1_S2_N2.0,0.0,30.4,20.0,1,210.69
p1_N2_S2.1,10.0,25.33,14.0,1,197.02
p1_S2_N2.1,10.0,24.88,12.0,1,199.45
p1_N2_S2.2,20.0,17.17,6.0,1,192.62
p1_S2_N2.2,20.0,12.23,0.0,0,171.31
p1_N2_S2.3,30.0,7.07,0.0,0,155.13
p1_S2_N2.3,30.0,11.33,0.0,0,180.99
p1_E_W.0,0.0,7.67,0.0,0,203.35
p1_S2_N2.4,40.0,5.19,0.0,0,149.18
p1_E_N1.0,3.0,10.6,0.0,0,220.89
p1_N1_S1.0,0.0,43.87,34.0,1,227.0
p1_N1_S1.1,10.0,39.53,26.0,1,220.5
p1_N1_S1.2,20.0,31.32,18.0,1,225.09
p1_S1_N1.0,0.0,39.52,30.0,1,212.56
p1_N1_S1.3,30.0,20.29,9.0,1,186.8
p1_S1_N1.1,10.0,38.73,26.0,1,214.93
p1_N1_S1.4,40.0,16.31,1.0,1,189.45
p1_S1_N1.2,20.0,36.34,20.0,1,214.99
p1_N1_S1.5,50.0,7.89,0.0,0,155.05
p1_S1_N1.3,30.0,27.99,12.0,1,214.8
p1_W_S2.0,3.0,36.35,17.0,1,252.7
p1_W_E.0,0.0,29.18,17.0,1,238.4
p1_E_W.1,8.0,34.97,17.0,1,250.26
p1_W_E.1,6.0,38.77,17.0,1,283.2
p1_W_E.2,9.0,37.26,16.0,1,283.34
p1_E_W.2,15.0,27.9,15.0,1,244.72
p1_N2_W.0,3.0,45.96,24.0,2,289.03
p1_W_E.3,12.0,35.08,16.0,1,287.03
p1_W_E.4,15.0,34.61,15.0,1,278.13
p1_W_E.5,18.0,33.82,15.0,1,271.44
p1_W_E.6,21.0,32.67,13.0,1,267.41
p1_W_E.7,24.0,31.37,12.0,1,272.55
p1_W_E.8,27.0,21.53,8.0,1,230.0
p1_W_E.9,30.0,24.66,6.0,1,246.33
p1_W_E.10,33.0,29.47,6.0,1,257.63
p1_S1_E.0,3.0,55.29,30.0,2,302.37
p1_S1_E.1,33.0,29.99,9.0,1,271.22
p1_W_S2.1,36.0,31.11,18.0,1,266.15
p1_W_E.11,39.0,25.33,14.0,1,241.64
p1_W_E.12,42.0,27.96,12.0,1,245.3
p1_E_N1.1,32.0,32.94,16.0,1,270.2
p1_W_E.13,45.0,28.73,10.0,1,270.5
p1_N2_W.1,33.0,11.08,0.0,0,224.76
p1_W_E.14,48.0,29.65,10.0,1,267.37
p1_E_W.3,22.0,56.3,26.0,1,293.21
p1_E_W.4,29.0,50.96,21.0,1,279.14
p1_E_W.5,36.0,30.91,12.0,1,257.63
p1_E_W.6,44.0,39.63,11.0,1,280.14
p1_W_E.15,51.0,19.83,7.0,1,227.18
p1_E_W.7,51.0,34.28,6.0,1,293.81
p1_E_N1.2,61.0,16.89,0.0,0,252.06
p1_S1_N1.4,40.0,68.59,47.0,2,276.65
p1_E_W.8,58.0,29.01,0.0,0,290.29
p1_W_E.16,54.0,33.45,5.0,1,255.63
p1_W_E.17,57.0,24.86,4.0,1,260.89
p1_W_E.18,59.0,32.01,3.0,1,269.58
p1_W_E.19,63.0,17.42,2.0,1,228.25
p1_S1_N1.5,50.0,54.18,41.0,1,236.48
p1_W_E.20,66.0,26.35,2.0,1,249.37
p1_N1_S1.6,60.0,40.92,29.0,1,210.92
p1_N2_S2.4,40.0,77.3,58.0,1,276.07
p1_S1_N1.6,60.0,57.31,39.0,1,258.96
p1_N1_S1.7,70.0,47.83,27.0,1,243.1
p1_S1_N1.7,70.0,48.99,33.0,1,247.47
p1_N1_S1.8,80.0,39.5,19.0,1,237.82
p1_S2_N2.5,50.0,63.43,53.0,1,249.79
p1_S1_N1.8,80.0,40.9,25.0,1,222.4
p1_N1_S1.9,90.0,29.95,11.0,1,223.6
p1_S1_N1.9,90.0,32.49,16.0,1,206.34
p1_S2_N2.6,60.0,63.25,47.0,1,261.62
p1_N1_S1.10,100.0,23.01,2.0,1,213.07
p1_N2_S2.5,50.0,64.63,53.0,1,254.21
p1_N1_S1.11,110.0,14.54,0.0,0,188.62
p1_N2_S2.6,60.0,65.51,47.0,1,260.48
p1_S2_N2.7,70.0,55.06,40.0,1,254.59
p1_S1_N1.10,100.0,23.18,8.0,1,206.27
p1_N2_S2.7,70.0,57.23,42.0,1,262.35
p1_S2_N2.8,80.0,44.68,30.0,1,254.01
p1_S2_N2.9,90.0,38.6,23.0,1,241.04
p1_N2_S2.8,80.0,47.6,34.0,1,244.09
p1_E_W.9,65.0,43.56,21.0,1,294.47
p1_N2_S2.9,90.0,40.6,27.0,1,232.78
p1_S2_N2.10,100.0,25.71,11.0,1,212.04
p1_E_W.10,72.0,38.45,20.0,1,276.46
p1_S2_N2.11,110.0,22.25,4.0,1,207.02
p1_N2_S2.10,100.0,33.15,18.0,1,223.76
p1_E_W.11,80.0,32.59,19.0,1,256.0
p1_S2_N2.12,120.0,13.95,0.0,0,198.57
p1_N2_S2.11,110.0,24.84,9.0,1,199.63
p1_E_W.12,87.0,27.69,15.0,1,243.75
p1_S2_N2.13,130.0,5.66,0.0,0,145.37
p1_N2_S2.12,120.0,14.96,0.0,0,184.53
p1_E_N1.3,90.0,25.04,10.0,1,241.16
p1_E_W.13,94.0,25.77,9.0,1,253.51
p1_E_W.14,101.0,20.81,5.0,1,239.52
p1_W_S2.2,69.0,54.09,29.0,1,305.87
p1_N2_W.2,63.0,62.19,45.0,1,297.69
p1_W_E.21,72.0,53.49,28.0,1,314.53
p1_W_E.22,75.0,52.81,26.0,1,321.63
p1_W_E.23,78.0,51.47,26.0,1,323.32
p1_N2_W.3,93.0,39.48,24.0,1,277.04
p1_W_E.24,81.0,46.63,25.0,1,296.8
p1_W_E.25,84.0,52.64,24.0,1,310.21
p1_W_E.26,87.0,51.41,24.0,1,319.66
p1_W_E.27,90.0,47.52,23.0,1,303.32
p1_W_E.28,93.0,45.37,24.0,1,292.52
p1_W_E.29,96.0,47.66,24.0,1,308.07
p1_S1_E.2,63.0,82.38,57.0,2,364.11
p1_S1_E.3,93.0,52.21,25.0,2,322.98
p1_N2_W.4,123.0,15.08,0.0,0,235.24
p1_E_W.15,108.0,41.81,27.0,1,282.6
p1_N1_S1.12,120.0,53.84,43.0,1,244.39
p1_W_E.30,99.0,39.53,19.0,2,273.28
p1_W_S2.3,102.0,43.02,15.0,2,295.98
p1_N1_S1.13,130.0,45.89,33.0,1,226.26
p1_N1_S1.14,140.0,37.63,24.0,1,220.34
p1_S1_N1.11,110.0,57.34,42.0,1,248.77
p1_S1_N1.12,120.0,61.96,41.0,1,260.81
p1_W_E.31,105.0,34.42,11.0,2,263.09
p1_S1_N1.13,130.0,53.74,38.0,1,253.07
p1_N1_S1.15,150.0,25.69,13.0,1,191.28
p1_W_E.32,108.0,55.35,9.0,2,290.22
p1_S1_N1.14,140.0,45.49,29.0,1,252.31
p1_N1_S1.16,160.0,25.58,8.0,1,205.73
p1_W_E.33,111.0,39.95,7.0,1,299.06
p1_S1_N1.15,150.0,35.15,19.0,1,225.18
p1_N1_S1.17,170.0,12.7,0.0,0,180.18
p1_W_E.34,114.0,52.99,7.0,1,319.26
p1_W_E.35,117.0,42.75,6.0,1,302.81
p1_E_W.16,116.0,53.72,36.0,2,304.63
p1_W_E.36,120.0,50.51,6.0,1,321.51
p1_W_E.37,123.0,45.82,6.0,1,309.25
p1_W_E.38,126.0,48.08,5.0,1,314.5
p1_W_E.39,129.0,38.47,5.0,1,304.14
p1_E_N1.4,120.0,46.68,27.0,2,286.25
p1_N2_S2.13,130.0,68.21,52.0,1,270.64
p1_W_E.40,132.0,42.31,3.0,1,320.65
p1_E_W.17,123.0,48.67,25.0,2,294.76
p1_S2_N2.14,140.0,57.22,46.0,1,247.44
p1_E_W.18,130.0,49.28,22.0,2,300.4
p1_E_W.19,137.0,44.0,15.0,2,292.71
p1_S2_N2.15,150.0,48.83,36.0,1,232.72
p1_N2_S2.14,140.0,54.15,44.0,1,234.45
p1_S2_N2.16,160.0,38.5,26.0,1,214.51
p1_E_W.20,144.0,27.88,8.0,1,256.37
p1_E_N1.5,150.0,29.43,8.0,1,252.9
p1_N2_S2.15,150.0,54.87,38.0,1,237.28
p1_E_W.21,153.0,34.98,7.0,1,264.83
p1_S2_N2.17,170.0,39.0,21.0,1,226.79
p1_S2_N2.18,180.0,30.62,13.0,1,216.87
p1_E_W.22,159.0,29.61,7.0,1,265.97
p1_N2_S2.16,160.0,50.88,33.0,1,237.87
p1_N2_S2.17,170.0,42.55,24.0,1,229.53
p1_S2_N2.19,190.0,22.36,4.0,1,214.07
p1_E_W.23,166.0,19.89,3.0,1,229.67
p1_N2_S2.18,180.0,34.14,17.0,1,224.98
p1_S2_N2.20,200.0,14.18,0.0,0,205.02
p1_E_W.24,173.0,20.73,0.0,0,239.37
p1_S2_N2.21,210.0,5.99,0.0,0,151.7
p1_E_W.25,180.0,8.41,0.0,0,205.92
p1_N2_S2.19,190.0,24.23,8.0,1,204.54
p1_N2_S2.20,200.0,16.91,0.0,0,198.17
p1_E_N1.6,183.0,8.74,0.0,0,212.41
p1_W_S2.4,135.0,69.85,33.0,2,348.39
p1_N2_W.5,153.0,52.96,38.0,1,285.91
p1_W_E.41,138.0,68.01,29.0,2,342.61
p1_W_E.42,141.0,62.46,27.0,1,326.67
p1_S1_N1.16,160.0,74.4,55.0,2,277.31
p1_W_E.43,144.0,67.86,27.0,1,339.55
p1_W_E.44,147.0,62.39,26.0,1,332.38
p1_S1_N1.17,170.0,66.91,46.0,2,266.81
p1_N1_S1.18,180.0,51.91,41.0,1,239.8
p1_S1_N1.18,180.0,58.68,39.0,1,256.14
p1_W_E.45,150.0,67.83,25.0,1,343.75
p1_N1_S1.19,190.0,42.22,31.0,1,220.09
p1_W_E.46,153.0,66.5,25.0,1,348.25
p1_N1_S1.20,200.0,42.34,26.0,1,228.04
p1_W_E.47,156.0,65.28,25.0,1,339.51
p1_S1_E.4,123.0,96.56,65.0,2,383.83
p1_S1_N1.19,190.0,54.33,37.0,1,234.29
p1_N1_S1.21,210.0,33.99,18.0,1,224.32
p1_N1_S1.22,220.0,25.61,10.0,1,212.83
p1_S1_E.5,153.0,71.86,41.0,2,336.68
p1_S1_N1.20,200.0,46.26,30.0,1,233.08
p1_N1_S1.23,230.0,13.68,0.0,0,192.95
p1_S1_N1.21,210.0,38.48,23.0,1,219.1
p1_W_E.48,159.0,59.73,39.0,2,306.86
p1_N1_S1.24,240.0,7.56,0.0,0,151.25
p1_W_E.49,162.0,67.28,35.0,2,332.2
p1_W_E.50,165.0,64.3,33.0,2,320.69
p1_W_S2.5,168.0,62.61,32.0,2,328.35
p1_W_E.51,170.0,62.75,30.0,2,313.03
p1_W_E.52,174.0,55.54,29.0,2,305.17
p1_N2_W.6,183.0,49.71,31.0,2,309.89
p1_W_E.53,177.0,57.46,28.0,2,320.56
p1_E_W.26,188.0,51.17,29.0,2,306.11
p1_W_E.54,180.0,60.79,28.0,2,336.15
p1_E_W.27,195.0,45.85,23.0,2,297.21
p1_W_E.55,183.0,56.84,23.0,2,327.31
p1_W_E.56,187.0,55.87,23.0,2,323.99
p1_E_N1.7,212.0,33.9,10.0,1,275.16
p1_W_E.57,190.0,56.33,20.0,2,324.8
p1_W_E.58,193.0,49.68,17.0,2,303.94
p1_E_W.28,202.0,29.44,10.0,1,256.55
p1_W_E.59,196.0,48.25,16.0,1,296.09
p1_E_W.29,209.0,41.64,10.0,1,267.24
p1_E_W.30,216.0,36.39,5.0,1,279.73
p1_E_W.31,224.0,30.17,1.0,1,267.82
p1_W_S2.6,202.0,48.55,16.0,1,292.85
p1_E_W.32,231.0,20.77,0.0,0,252.85
p1_W_E.60,199.0,38.78,15.0,1,263.75
p1_E_W.33,238.0,19.64,0.0,0,234.14
p1_E_N1.8,241.0,13.89,0.0,0,231.05
p1_W_E.61,205.0,54.36,15.0,1,311.63
p1_E_W.34,245.0,14.46,0.0,0,228.41
p1_W_E.62,208.0,52.97,14.0,1,314.9
p1_W_E.63,211.0,51.79,15.0,1,313.26
p1_E_W.35,252.0,6.49,0.0,0,188.14
p1_W_E.64,214.0,40.03,14.0,1,288.59
p1_W_E.65,217.0,38.15,13.0,1,272.77
p1_S2_N2.22,220.0,68.56,57.0,1,260.78
p1_S2_N2.23,230.0,62.37,50.0,1,251.05
p1_E_W.36,260.0,7.01,0.0,0,189.41
p1_S2_N2.24,240.0,54.12,42.0,1,256.9
p1_E_W.37,267.0,6.06,0.0,0,197.33
p1_N2_S2.21,210.0,73.23,63.0,1,263.83
p1_S2_N2.25,250.0,45.85,33.0,1,238.03
p1_N2_S2.22,220.0,70.97,58.0,1,268.22
p1_S2_N2.26,260.0,36.22,24.0,1,214.27
p1_S1_N1.22,220.0,80.43,58.0,2,285.28
p1_N1_S1.25,250.0,50.06,40.0,1,242.37
p1_N2_S2.23,230.0,59.96,49.0,1,244.29
p1_S2_N2.27,270.0,26.86,15.0,1,196.69
p1_S1_N1.23,230.0,72.42,48.0,2,272.41
p1_S2_N2.28,280.0,22.48,7.0,1,196.9
p1_S1_N1.24,240.0,64.22,40.0,1,262.1
p1_S2_N2.29,290.0,14.26,0.0,0,189.86
p1_N2_S2.24,240.0,49.7,36.0,1,232.78
p1_S2_N2.30,300.0,5.36,0.0,0,146.74
p1_N2_S2.25,250.0,56.91,36.0,1,253.25
p1_N1_S1.26,260.0,37.57,27.0,1,214.9
p1_N2_S2.26,260.0,48.68,29.0,1,250.96
p1_N1_S1.27,270.0,38.94,22.0,1,226.18
p1_N2_S2.27,270.0,37.15,20.0,1,222.07
p1_N1_S1.28,280.0,27.0,13.0,1,213.68
p1_S1_N1.25,250.0,56.66,39.0,1,238.48
p1_N2_S2.28,280.0,32.32,14.0,1,222.08
p1_N1_S1.29,290.0,22.32,5.0,1,219.53
p1_S1_N1.26,260.0,54.26,37.0,1,243.64
p1_N1_S1.30,300.0,13.09,0.0,0,195.98
p1_S1_N1.27,270.0,45.99,29.0,1,234.17
p1_W_E.66,220.0,74.07,40.0,2,353.72
p1_E_W.38,274.0,24.61,5.0,1,240.48
p1_N2_S2.29,290.0,14.76,0.0,0,176.78
p1_N2_W.7,213.0,85.69,63.0,2,353.06
p1_E_N1.9,270.0,18.21,6.0,1,224.88
p1_N2_W.8,243.0,57.39,36.0,1,295.06
p1_S1_E.6,183.0,105.25,73.0,3,399.42
p1_S1_E.7,213.0,92.53,47.0,3,366.39
p1_W_E.67,223.0,84.78,46.0,2,384.1
p1_W_E.68,226.0,83.49,43.0,2,367.32
p1_N2_W.9,273.0,36.24,19.0,1,270.42
p1_W_E.69,229.0,82.4,40.0,2,380.26
p1_W_E.70,232.0,81.04,40.0,2,390.71
p1_W_S2.7,235.0,71.49,36.0,2,340.7
p1_W_E.71,238.0,73.27,37.0,2,345.15
p1_W_E.72,241.0,68.81,34.0,2,325.43
p1_W_E.73,244.0,74.9,32.0,2,347.44
p1_W_E.74,247.0,73.63,31.0,2,340.69
p1_W_E.75,250.0,68.44,29.0,2,327.45
p1_E_W.39,281.0,35.57,23.0,1,263.14
p1_W_E.76,253.0,71.34,28.0,2,344.45
p1_E_W.40,288.0,35.09,20.0,1,266.98
p1_W_E.77,256.0,70.07,26.0,2,351.23
p1_E_W.41,296.0,30.31,15.0,1,283.31
p1_W_E.78,259.0,63.05,24.0,2,320.57
p1_E_N1.10,300.0,27.57,10.0,1,265.3
p1_E_W.42,303.0,26.99,10.0,1,266.67
p1_W_E.79,262.0,60.33,23.0,2,309.35
p1_W_E.80,265.0,61.56,22.0,2,319.17
p1_W_S2.8,268.0,61.68,18.0,1,322.46
p1_N1_S1.31,310.0,46.92,34.0,1,230.55
p1_W_E.81,271.0,59.96,17.0,1,313.81
p1_N1_S1.32,320.0,38.93,25.0,1,222.83
p1_W_E.82,274.0,65.07,17.0,1,329.72
p1_S1_E.8,243.0,90.71,55.0,2,370.54
p1_N1_S1.33,330.0,27.85,17.0,1,199.78
p1_N1_S1.34,340.0,25.04,10.0,1,208.89
p1_W_E.83,277.0,56.68,23.0,2,324.9
p1_S1_N1.28,280.0,83.97,58.0,2,291.61
p1_S1_N1.29,290.0,77.65,51.0,2,290.97
p1_N1_S1.35,350.0,16.85,1.0,1,211.5
p1_W_E.84,280.0,66.63,21.0,2,339.8
p1_S1_N1.30,300.0,67.35,40.0,2,269.91
p1_N1_S1.36,360.0,6.25,0.0,0,156.17
p1_W_E.85,283.0,54.12,20.0,2,317.45
p1_W_E.86,286.0,54.19,20.0,3,316.14
p1_W_E.87,290.0,54.75,19.0,3,327.32
p1_E_W.43,310.0,40.95,21.0,2,285.51
p1_S2_N2.31,310.0,63.56,53.0,1,256.76
p1_E_W.44,317.0,38.58,17.0,1,276.18
p1_S2_N2.32,320.0,59.06,46.0,1,268.26
p1_E_W.45,324.0,33.41,17.0,1,272.45
p1_N2_S2.30,300.0,71.72,57.0,1,273.18
p1_S2_N2.33,330.0,50.71,38.0,1,250.18
p1_N2_S2.31,310.0,72.39,55.0,1,271.76
p1_S2_N2.34,340.0,37.91,26.0,1,215.12
p1_N2_S2.32,320.0,64.07,47.0,1,259.21
p1_E_W.46,333.0,29.02,7.0,1,248.06
p1_S2_N2.35,350.0,35.14,19.0,1,220.25
p1_N2_S2.33,330.0,55.84,41.0,1,261.86
p1_E_N1.11,330.0,23.16,8.0,1,232.65
p1_E_W.47,339.0,25.46,7.0,1,251.34
p1_E_W.48,346.0,20.16,4.0,1,235.13
p1_S2_N2.36,360.0,26.89,13.0,1,205.04
p1_N2_S2.34,340.0,48.69,34.0,1,233.92
p1_S2_N2.37,370.0,14.23,1.0,1,170.31
p1_N2_S2.35,350.0,41.12,26.0,1,222.61
p1_N2_S2.36,360.0,31.71,17.0,1,211.76
p1_E_N1.12,363.0,13.83,0.0,0,226.26
p1_E_W.49,353.0,8.21,0.0,0,195.22
p1_S2_N2.38,380.0,6.99,0.0,0,158.25
p1_E_W.50,360.0,19.39,0.0,0,215.27
p1_S2_N2.39,390.0,9.8,0.0,0,156.13
p1_N2_W.10,303.0,78.22,56.0,1,335.31
p1_W_E.88,293.0,85.33,43.0,3,370.35
p1_W_E.89,296.0,88.29,40.0,3,386.11
p1_N2_S2.37,370.0,18.39,2.0,1,188.97
p1_S1_N1.31,310.0,99.3,66.0,2,322.4
p1_W_S2.9,302.0,86.08,39.0,3,347.64
p1_N1_S1.37,370.0,34.02,23.0,1,205.96
p1_S1_N1.32,320.0,91.49,66.0,2,295.13
p1_S1_N1.33,330.0,83.76,59.0,2,291.6
p1_N1_S1.38,380.0,33.14,17.0,1,214.55
p1_N1_S1.39,390.0,20.22,8.0,1,199.27
p1_N1_S1.40,400.0,16.74,0.0,0,194.39
p1_W_E.90,299.0,70.68,37.0,3,338.04
p1_W_E.91,305.0,90.55,37.0,3,353.71
p1_N1_S1.41,410.0,8.42,0.0,0,169.3
p1_W_E.92,308.0,75.97,36.0,3,345.64
p1_S1_N1.34,340.0,75.94,49.0,2,268.92
p1_W_E.93,311.0,89.4,33.0,3,383.89
p1_W_E.94,314.0,88.07,29.0,2,389.27
p1_S1_N1.35,350.0,71.05,39.0,2,276.42
p1_W_E.95,317.0,80.57,30.0,2,371.64
p1_N1_S1.42,420.0,5.09,0.0,0,151.07
p1_W_E.96,320.0,77.58,28.0,3,371.96
p1_W_E.97,323.0,83.83,29.0,2,384.64
p1_S1_N1.36,360.0,55.77,29.0,1,249.74
p1_S1_N1.37,370.0,60.74,29.0,1,252.74
p1_S1_E.9,273.0,131.57,82.0,3,457.09
p1_W_S2.10,335.0,75.89,37.0,3,362.98
p1_S1_N1.38,380.0,52.57,29.0,1,240.52
p1_W_E.98,326.0,80.55,45.0,3,386.34
p1_W_E.99,329.0,84.12,41.0,3,392.74
p1_S1_N1.39,390.0,44.17,24.0,1,232.4
p1_N2_W.11,333.0,80.9,59.0,2,341.91
p1_W_E.100,332.0,82.9,40.0,3,380.86
p1_N2_W.12,363.0,52.05,28.0,2,305.18
p1_W_E.101,338.0,78.68,36.0,3,380.94
p1_E_W.51,368.0,49.86,30.0,2,299.02
p1_W_E.102,341.0,72.15,31.0,3,350.17
p1_E_W.52,375.0,44.62,26.0,2,287.06
p1_W_E.103,344.0,76.34,31.0,2,348.76
p1_W_E.104,347.0,75.01,30.0,2,353.81
p1_W_E.105,350.0,73.72,29.0,2,358.86
p1_W_E.106,353.0,68.95,27.0,2,344.61
p1_W_E.107,356.0,69.26,28.0,2,343.92
p1_E_W.53,382.0,29.16,10.0,2,264.4
p1_W_E.108,359.0,69.99,28.0,2,348.17
p1_E_W.54,389.0,40.75,10.0,2,291.88
p1_W_E.109,362.0,68.74,27.0,3,345.76
p1_E_N1.13,392.0,26.81,3.0,2,266.44
p1_E_W.55,396.0,23.19,0.0,0,263.28
p1_W_E.110,365.0,55.32,26.0,3,293.77
p1_E_W.56,404.0,23.8,0.0,0,258.71
p1_E_W.57,411.0,27.47,0.0,0,263.16
p1_S1_E.10,303.0,127.56,80.0,4,436.65
p1_E_N1.14,421.0,13.19,0.0,0,234.5
p1_W_S2.11,368.0,55.8,27.0,2,306.06
p1_E_W.58,418.0,22.22,0.0,0,262.89
p1_S1_E.11,333.0,108.55,63.0,3,413.24
p1_E_W.59,425.0,17.01,0.0,0,246.27
p1_E_W.60,432.0,8.95,0.0,0,216.49
p1_N2_S2.38,380.0,86.57,65.0,2,301.75
p1_N2_S2.39,390.0,79.54,62.0,1,280.26
p1_S2_N2.40,400.0,59.6,49.0,1,247.58
p1_N1_S1.43,430.0,43.03,32.0,1,223.47
p1_N2_S2.40,400.0,72.35,59.0,1,267.75
p1_S2_N2.41,410.0,59.39,44.0,1,251.43
p1_N1_S1.44,440.0,35.05,24.0,1,210.31
p1_S1_N1.40,400.0,74.31,54.0,3,279.04
p1_N2_S2.41,410.0,67.16,52.0,1,272.59
p1_S2_N2.42,420.0,56.37,37.0,1,257.1
p1_S1_N1.41,410.0,68.64,45.0,2,277.36
p1_N2_S2.42,420.0,58.77,43.0,1,254.33
p1_N1_S1.45,450.0,25.54,14.0,1,204.2
p1_S2_N2.43,430.0,44.46,29.0,1,239.05
p1_S1_N1.42,420.0,60.39,35.0,2,279.38
p1_S2_N2.44,440.0,40.23,20.0,1,237.04
p1_N1_S1.46,460.0,20.26,8.0,1,197.95
p1_S2_N2.45,450.0,30.56,12.0,1,233.28
p1_N1_S1.47,470.0,11.04,0.0,0,185.14
p1_S2_N2.46,460.0,24.22,5.0,1,216.73
p1_S2_N2.47,470.0,15.89,0.0,0,198.49
p1_N1_S1.48,480.0,6.12,0.0,0,147.45
p1_S1_N1.43,430.0,50.21,34.0,1,232.6
p1_N2_S2.43,430.0,48.05,32.0,1,228.41
p1_S1_N1.44,440.0,46.17,29.0,1,242.61
p1_S2_N2.48,480.0,5.83,0.0,0,150.6
p1_N2_S2.44,440.0,51.58,30.0,1,241.23
p1_S1_N1.45,450.0,41.67,23.0,1,229.39
p1_N2_S2.45,450.0,33.13,17.0,1,213.13
p1_N2_S2.46,460.0,29.6,9.0,1,206.49
p1_S1_E.12,363.0,114.34,65.0,2,409.7
p1_W_E.111,371.0,108.89,73.0,3,393.77
p1_E_N1.15,450.0,29.42,0.0,0,234.24
p1_E_W.61,440.0,15.82,2.0,1,230.9
p1_E_W.62,447.0,42.03,1.0,1,238.74
p1_N2_W.13,393.0,90.46,62.0,1,363.13
p1_W_E.112,374.0,92.64,65.0,3,367.47
p1_W_E.113,377.0,116.2,62.0,3,393.58
p1_W_E.114,380.0,114.95,62.0,3,402.45
p1_W_E.115,383.0,113.75,61.0,3,411.54
p1_N2_W.14,423.0,53.3,36.0,1,283.66
p1_N2_W.15,453.0,37.33,16.0,1,265.1
p1_W_E.116,386.0,112.33,60.0,3,417.91
p1_W_E.117,389.0,111.16,59.0,3,433.19
p1_W_S2.12,401.0,99.55,49.0,3,390.82
p1_E_W.63,454.0,46.85,32.0,1,267.08
p1_W_E.118,392.0,107.82,56.0,4,429.8
p1_E_W.64,461.0,41.69,28.0,1,259.43
p1_W_E.119,395.0,106.48,54.0,3,420.83
p1_W_E.120,398.0,97.73,52.0,3,399.78
p1_W_E.121,404.0,103.38,48.0,3,418.85
p1_S1_N1.46,460.0,69.39,50.0,2,274.01
p1_N1_S1.49,490.0,39.73,28.0,1,223.51
p1_W_E.122,407.0,97.65,47.0,3,406.37
p1_S1_N1.47,470.0,61.15,42.0,2,262.75
p1_W_E.123,410.0,93.77,44.0,2,385.21
p1_N1_S1.50,500.0,31.89,19.0,1,212.46
p1_N1_S1.51,510.0,24.11,11.0,1,196.71
p1_W_E.124,413.0,87.32,41.0,2,362.22
p1_W_E.125,416.0,99.26,42.0,2,381.32
p1_N1_S1.52,520.0,14.32,2.0,1,179.91
p1_W_E.126,419.0,98.03,42.0,3,413.02
p1_S1_N1.48,480.0,47.02,31.0,1,235.24
p1_N1_S1.53,530.0,8.72,0.0,0,164.03
p1_W_E.127,423.0,95.73,41.0,3,414.2
p1_S1_N1.49,490.0,50.26,29.0,1,244.62
p1_S1_E.13,393.0,122.95,83.0,3,434.4
p1_S1_E.14,423.0,99.46,57.0,3,417.67
p1_S1_N1.50,500.0,37.61,23.0,1,220.42
p1_S1_E.15,452.0,72.18,37.0,2,369.22
p1_S1_N1.51,510.0,35.54,18.0,1,212.91
p1_W_E.128,426.0,84.16,48.0,3,355.68
p1_S1_N1.52,520.0,25.04,9.0,1,206.61
p1_W_E.129,429.0,101.25,50.0,3,383.35
p1_E_W.65,468.0,62.54,43.0,2,324.93
p1_W_E.130,432.0,91.11,46.0,4,385.01
p1_W_S2.13,435.0,88.08,45.0,3,375.2
p1_E_W.66,476.0,56.56,37.0,2,305.58
p1_W_E.131,438.0,87.28,42.0,3,367.72
p1_N2_S2.47,470.0,87.52,64.0,2,298.48
p1_E_N1.16,480.0,54.04,32.0,2,302.61
p1_N2_S2.48,480.0,79.67,57.0,1,289.56
p1_S2_N2.49,490.0,65.91,54.0,1,257.14
p1_E_W.67,483.0,49.04,27.0,2,296.88
p1_N2_S2.49,490.0,73.2,56.0,1,267.35
p1_S2_N2.50,500.0,55.8,43.0,1,243.65
p1_E_W.68,490.0,53.64,24.0,2,311.03
p1_S2_N2.51,510.0,54.78,38.0,1,251.96
p1_E_W.69,497.0,48.38,16.0,2,306.27
p1_N2_S2.50,500.0,63.45,50.0,1,251.77
p1_E_W.70,504.0,43.1,14.0,1,320.82
p1_E_N1.17,510.0,36.34,15.0,1,284.06
p1_S2_N2.52,520.0,38.52,27.0,1,215.96
p1_N2_S2.51,510.0,55.2,42.0,1,237.62
p1_E_W.71,513.0,35.9,14.0,1,290.79
p1_S2_N2.53,530.0,40.02,22.0,1,234.12
p1_N2_S2.52,520.0,51.07,36.0,1,235.28
p1_S2_N2.54,540.0,31.29,14.0,1,217.14
p1_E_W.72,519.0,29.87,14.0,1,253.12
p1_E_W.73,526.0,25.27,10.0,1,262.03
p1_S2_N2.55,550.0,18.07,5.0,1,195.11
p1_S2_N2.56,560.0,15.58,0.0,0,184.95
p1_E_W.74,533.0,21.73,5.0,1,256.76
p1_N2_S2.53,530.0,39.65,26.0,1,218.05
p1_N2_S2.54,540.0,31.44,19.0,1,209.28
p1_E_W.75,540.0,11.62,0.0,0,230.25
p1_E_N1.18,543.0,15.75,0.0,0,248.53
p1_N2_S2.55,550.0,28.11,13.0,1,204.92
p1_W_E.132,441.0,122.56,66.0,4,430.67
p1_N2_W.16,483.0,80.18,57.0,1,317.69
p1_W_E.133,444.0,121.83,63.0,4,434.2
p1_W_E.134,447.0,117.53,62.0,4,431.42
p1_W_E.135,450.0,121.05,61.0,4,435.83
p1_W_E.136,453.0,119.73,57.0,5,430.68
p1_S1_N1.53,530.0,65.32,45.0,2,276.46
p1_W_E.137,456.0,117.14,55.0,4,428.7
p1_S1_N1.54,540.0,57.08,41.0,1,255.15
p1_S1_N1.55,550.0,51.72,39.0,1,234.79
p1_S1_N1.56,560.0,43.69,31.0,1,229.29
p1_W_S2.14,468.0,117.73,63.0,4,415.95
p1_N1_S1.54,540.0,45.93,32.0,1,221.14
p1_S1_N1.57,570.0,33.21,20.0,1,206.16
p1_W_E.138,459.0,99.42,51.0,4,386.95
p1_N1_S1.55,550.0,58.95,32.0,1,250.7
p1_W_E.139,462.0,114.82,46.0,4,404.45
p1_N1_S1.56,560.0,44.51,24.0,1,243.05
p1_S1_N1.58,580.0,30.03,15.0,1,204.89
p1_W_E.140,465.0,125.31,46.0,4,420.92
p1_N1_S1.57,570.0,30.55,13.0,1,223.03
p1_S1_E.16,483.0,101.73,49.0,2,388.83
p1_N1_S1.58,580.0,34.62,11.0,1,223.1
p1_S1_N1.59,590.0,21.09,7.0,1,192.3
p1_S1_E.17,513.0,73.31,35.0,2,364.46
p1_N1_S1.59,590.0,26.49,3.0,1,219.95
p1_W_E.141,471.0,124.19,62.0,4,440.48
p1_N2_W.17,513.0,83.92,61.0,2,360.01
p1_N1_S1.60,600.0,14.24,0.0,0,186.78
p1_W_E.142,474.0,123.39,60.0,4,458.89
p1_N2_W.18,543.0,55.72,30.0,2,320.94
p1_W_E.143,477.0,113.12,56.0,4,420.95
p1_W_E.144,480.0,114.42,55.0,4,431.69
p1_E_W.76,548.0,51.22,34.0,2,298.14
p1_W_E.145,483.0,119.98,53.0,4,453.75
p1_E_W.77,555.0,48.36,28.0,2,288.36
p1_W_E.146,486.0,109.75,50.0,3,412.22
p1_W_E.147,489.0,106.13,49.0,3,414.38
p1_E_W.78,562.0,39.27,19.0,2,281.26
p1_W_E.148,492.0,116.69,47.0,3,427.48
p1_W_E.149,495.0,115.44,46.0,3,425.13
p1_E_W.79,569.0,32.08,13.0,2,256.9
p1_W_E.150,498.0,114.17,46.0,3,421.54
p1_W_S2.15,501.0,98.46,46.0,3,386.7
p1_E_W.80,576.0,36.68,10.0,2,278.93
p1_W_E.151,504.0,109.75,46.0,3,403.47
p1_E_N1.19,572.0,34.13,10.0,2,274.49
p1_W_E.152,507.0,101.56,44.0,3,391.72
p1_E_W.81,584.0,28.05,4.0,1,271.63
p1_W_E.153,510.0,107.66,43.0,3,395.98
p1_E_W.82,591.0,20.99,4.0,1,237.64
p1_W_E.154,513.0,102.99,41.0,3,401.72
p1_E_W.83,598.0,22.37,3.0,1,255.23
p1_W_E.155,516.0,105.24,42.0,3,408.5
p1_E_N1.20,601.0,20.39,0.0,0,241.96
p1_W_E.156,519.0,96.71,39.0,3,385.66
p1_E_W.84,605.0,18.3,0.0,0,242.94
p1_W_E.157,522.0,102.99,36.0,3,404.78
p1_E_W.85,612.0,8.2,0.0,0,203.05
p1_E_W.86,620.0,9.38,0.0,0,202.72
p1_S2_N2.57,570.0,73.57,61.0,1,266.98
p1_S2_N2.58,580.0,75.75,58.0,1,283.01
p1_N2_S2.56,560.0,80.43,63.0,1,287.68
p1_S2_N2.59,590.0,66.25,49.0,1,273.84
p1_N2_S2.57,570.0,88.42,63.0,1,302.45
p1_S2_N2.60,600.0,58.31,43.0,1,260.96
p1_N2_S2.58,580.0,80.54,60.0,1,281.31
p1_S1_N1.60,600.0,61.52,43.0,1,262.85
p1_N2_S2.59,590.0,66.35,50.0,1,267.31
p1_N1_S1.61,610.0,52.17,39.0,1,231.37
p1_S2_N2.61,610.0,41.5,30.0,1,215.02
p1_N1_S1.62,620.0,44.2,32.0,1,231.94
p1_S2_N2.62,620.0,39.45,22.0,1,214.65
p1_N2_S2.60,600.0,53.43,40.0,1,241.85
p1_S1_N1.61,610.0,54.81,41.0,1,232.55
p1_N1_S1.63,630.0,35.43,23.0,1,216.81
p1_S2_N2.63,630.0,30.3,15.0,1,212.85
p1_N2_S2.61,610.0,56.89,38.0,1,246.14
p1_S2_N2.64,640.0,27.67,9.0,1,209.74
p1_S1_N1.62,620.0,48.27,35.0,1,235.14
p1_N2_S2.62,620.0,45.37,28.0,1,233.77
p1_S1_N1.63,630.0,38.46,26.0,1,223.96
p1_N2_S2.63,630.0,40.51,23.0,1,244.69
p1_S2_N2.65,650.0,9.51,0.0,0,175.38
p1_S2_N2.66,660.0,8.86,0.0,0,160.49
p1_N2_S2.64,640.0,32.24,14.0,1,221.15
p1_N1_S1.64,640.0,22.29,10.0,1,192.54
p1_S1_N1.64,640.0,33.16,19.0,1,213.14
p1_N2_S2.65,650.0,23.91,7.0,1,211.55
p1_N1_S1.65,650.0,18.31,5.0,1,196.8
p1_S1_N1.65,650.0,24.91,11.0,1,199.46
p1_N2_S2.66,660.0,15.65,0.0,0,187.95
p1_N1_S1.66,660.0,13.58,0.0,0,186.92
p1_S1_N1.66,660.0,16.39,4.0,1,181.63
p1_S1_N1.67,670.0,11.33,0.0,0,181.53
p1_W_E.158,525.0,135.27,67.0,4,450.54
p1_W_E.159,528.0,132.38,66.0,4,442.81
p1_S1_E.18,543.0,116.63,81.0,3,404.93
p1_S1_E.19,573.0,94.63,55.0,3,388.76
p1_N1_S1.67,670.0,6.71,0.0,0,149.74
p1_W_E.160,530.0,139.92,71.0,4,490.42
p1_E_W.87,627.0,38.55,26.0,1,266.51
p1_E_N1.21,630.0,40.5,25.0,1,259.63
p1_W_E.161,537.0,135.87,69.0,4,461.63
p1_W_S2.16,534.0,133.26,70.0,4,462.75
p1_N2_W.19,573.0,95.8,70.0,2,368.06
p1_W_E.162,540.0,134.67,66.0,4,458.69
p1_N2_W.20,603.0,72.5,47.0,2,329.23
p1_W_E.163,543.0,133.51,65.0,4,477.42
p1_N2_W.21,633.0,44.13,20.0,1,296.64
p1_W_E.164,546.0,126.62,64.0,4,430.59
p1_W_E.165,549.0,132.09,63.0,4,447.47
p1_W_E.166,552.0,133.45,59.0,4,460.95
p1_W_E.167,555.0,113.71,57.0,6,400.04
p1_W_E.168,558.0,127.98,55.0,4,425.54
p1_W_E.169,561.0,137.97,51.0,4,439.4
p1_W_E.170,564.0,130.04,51.0,4,438.79
p1_W_S2.17,567.0,115.07,51.0,3,410.23
p1_W_E.171,570.0,127.73,46.0,3,435.07
p1_E_N1.22,660.0,40.32,16.0,1,276.35
p1_W_E.172,573.0,131.28,48.0,4,456.11
p1_W_E.173,576.0,130.03,49.0,5,442.94
p1_W_E.174,579.0,120.05,46.0,4,435.08
p1_E_W.88,634.0,36.75,24.0,1,267.46
p1_S1_E.20,603.0,103.48,63.0,2,407.41
p1_E_W.89,641.0,68.38,22.0,1,298.42
p1_E_W.90,648.0,62.02,20.0,1,286.13
p1_N1_S1.68,680.0,52.51,42.0,1,244.62
p1_S1_N1.68,680.0,52.76,41.0,1,240.98
p1_S1_E.21,633.0,78.5,44.0,2,378.86
p1_E_W.91,656.0,56.88,18.0,1,296.17
p1_S1_E.22,663.0,50.37,16.0,2,340.67
p1_S1_N1.69,690.0,45.16,33.0,1,232.16
p1_W_E.175,585.0,130.08,54.0,5,474.28
p1_E_W.92,663.0,48.29,13.0,1,289.79
p1_N1_S1.69,690.0,42.86,30.0,1,218.68
p1_W_E.176,588.0,128.84,53.0,5,475.76
p1_N1_S1.70,700.0,38.7,24.0,1,232.15
p1_S1_N1.70,700.0,39.37,26.0,1,221.1
p1_N1_S1.71,710.0,30.35,16.0,1,225.38
p1_W_E.177,591.0,113.94,49.0,4,421.35
p1_N1_S1.72,720.0,22.1,7.0,1,196.69
p1_W_E.178,594.0,121.45,47.0,4,442.65
p1_N1_S1.73,730.0,13.77,0.0,0,187.95
p1_W_E.179,597.0,126.11,45.0,4,449.92
p1_N2_S2.67,670.0,76.39,62.0,1,266.42
p1_S1_N1.71,710.0,25.21,12.0,1,192.63
p1_S2_N2.67,670.0,71.85,61.0,1,261.6
p1_N2_S2.68,680.0,68.99,56.0,1,262.76
p1_S1_N1.72,720.0,29.28,8.0,1,203.51
p1_S2_N2.68,680.0,63.19,52.0,1,258.58
p1_N2_S2.69,690.0,60.69,48.0,1,259.44
p1_S1_N1.73,730.0,14.58,0.0,0,185.91
p1_S2_N2.69,690.0,54.01,42.0,1,237.07
p1_S1_N1.74,740.0,7.99,0.0,0,165.58
p1_N2_S2.70,700.0,55.1,41.0,1,247.5
p1_S2_N2.70,700.0,51.45,35.0,1,242.49
p1_E_W.93,670.0,64.39,31.0,2,326.81
p1_E_W.94,677.0,59.13,26.0,2,318.46
p1_N2_S2.71,710.0,46.94,33.0,1,233.23
p1_S2_N2.71,710.0,47.08,29.0,1,240.54
p1_S2_N2.72,720.0,38.73,22.0,1,225.47
p1_E_W.95,684.0,53.85,20.0,1,305.49
p1_N2_S2.72,720.0,37.68,24.0,1,218.64
p1_S2_N2.73,730.0,22.54,8.0,1,192.79
p1_E_N1.23,690.0,49.95,20.0,1,288.25
p1_S2_N2.74,740.0,22.97,3.0,1,195.21
p1_S2_N2.75,750.0,14.71,0.0,0,182.27
p1_N2_S2.73,730.0,34.98,18.0,1,221.23
p1_S2_N2.76,760.0,5.32,0.0,0,150.48
p1_E_W.96,693.0,41.21,19.0,1,267.33
p1_E_W.97,699.0,46.05,19.0,1,286.27
p1_E_W.98,706.0,34.41,18.0,1,261.08
p1_W_E.180,600.0,150.97,73.0,6,475.4
p1_N2_S2.74,740.0,21.67,5.0,1,193.27
p1_E_W.99,713.0,37.55,18.0,1,289.16
p1_W_S2.18,603.0,149.71,69.0,4,464.13
p1_E_N1.24,723.0,29.42,14.0,1,256.34
p1_E_W.100,720.0,33.54,15.0,1,270.62
p1_W_E.181,606.0,148.72,68.0,4,465.72
p1_E_W.101,728.0,21.77,6.0,1,243.92
p1_W_E.182,609.0,147.58,64.0,4,462.3
p1_W_E.183,612.0,146.55,62.0,4,466.12
p1_W_E.184,615.0,145.42,61.0,4,465.12
p1_N2_W.22,663.0,83.44,64.0,1,356.4
p1_W_E.185,618.0,144.28,61.0,4,461.86
p1_N2_W.23,693.0,70.46,47.0,1,329.46
p1_W_E.186,621.0,143.25,61.0,4,471.62
p1_N2_W.24,723.0,37.03,20.0,1,254.21
p1_S1_N1.75,750.0,47.88,37.0,1,230.72
p1_W_E.187,624.0,125.77,59.0,4,412.41
p1_W_E.188,640.0,126.86,51.0,3,412.8
p1_S1_N1.76,760.0,42.58,32.0,1,222.73
p1_N1_S1.74,740.0,53.97,42.0,1,239.98
p1_W_E.189,643.0,139.5,49.0,3,421.99
p1_W_S2.19,649.0,128.75,60.0,5,425.0
p1_N1_S1.75,750.0,54.88,39.0,1,243.5
p1_S1_E.23,693.0,86.71,52.0,2,359.66
p1_N1_S1.76,760.0,42.88,30.0,1,230.31
p1_S1_N1.77,770.0,32.87,20.0,1,210.97
p1_S1_E.24,723.0,62.8,24.0,2,337.74
p1_N1_S1.77,770.0,38.3,20.0,1,220.75
p1_W_E.190,646.0,132.74,63.0,4,455.28
p1_N1_S1.78,780.0,30.12,14.0,1,227.54
p1_S1_N1.78,780.0,22.8,10.0,1,188.96
p1_W_E.191,652.0,137.58,58.0,4,463.52
p1_N1_S1.79,790.0,21.77,5.0,1,197.19
p1_W_E.192,655.0,132.69,57.0,4,446.09
p1_S1_N1.79,790.0,20.26,5.0,1,189.08
p1_N1_S1.80,800.0,10.77,0.0,0,173.47
p1_W_E.193,658.0,135.0,58.0,5,448.93
p1_S1_N1.80,800.0,12.28,0.0,0,181.79
p1_W_E.194,661.0,133.76,54.0,4,450.32
p1_S1_N1.81,810.0,6.87,0.0,0,157.68
p1_W_E.195,664.0,124.75,54.0,6,419.8
p1_W_E.196,667.0,129.43,54.0,5,432.98
p1_W_E.197,670.0,130.32,54.0,4,445.48
p1_W_E.198,673.0,129.13,48.0,5,443.91
p1_N1_S1.81,810.0,6.13,0.0,0,152.01
p1_S2_N2.77,770.0,55.37,45.0,1,249.64
p1_W_E.199,676.0,114.77,47.0,5,427.31
p1_E_W.102,735.0,69.34,54.0,2,328.1
p1_N2_S2.75,750.0,76.43,54.0,2,281.49
p1_W_E.200,679.0,127.07,46.0,4,428.91
p1_E_W.103,742.0,64.27,46.0,2,320.04
p1_S2_N2.78,780.0,47.84,36.0,1,232.05
p1_N2_S2.76,760.0,70.28,51.0,1,264.84
p1_S2_N2.79,790.0,38.67,26.0,1,227.57
p1_S2_N2.80,800.0,29.8,16.0,1,203.87
p1_E_N1.25,752.0,55.56,26.0,2,305.41
p1_S2_N2.81,810.0,20.15,8.0,1,179.33
p1_N2_S2.77,770.0,57.58,44.0,1,240.08
p1_E_W.104,749.0,47.68,28.0,2,279.32
p1_S2_N2.82,820.0,12.28,0.0,0,174.37
p1_N2_S2.78,780.0,55.37,39.0,1,240.8
p1_S2_N2.83,830.0,9.53,0.0,0,166.15
p1_E_W.105,756.0,61.3,23.0,2,322.2
p1_E_W.106,764.0,56.39,21.0,2,309.36
p1_N2_S2.79,790.0,45.83,31.0,1,225.71
p1_E_W.107,771.0,38.34,16.0,1,278.24
p1_E_W.108,778.0,46.39,16.0,1,280.24
p1_E_N1.26,781.0,35.0,16.0,1,264.21
p1_E_W.109,785.0,36.13,16.0,1,255.34
p1_N2_S2.80,800.0,33.78,20.0,1,199.85
p1_N2_S2.81,810.0,34.43,15.0,1,212.27
p1_E_W.110,792.0,33.6,13.0,1,273.41
p1_N2_S2.82,820.0,32.39,10.0,1,216.72
p1_E_W.111,800.0,22.04,5.0,1,239.02
p1_E_N1.27,810.0,23.11,3.0,1,241.52
p1_N2_S2.83,830.0,24.19,4.0,1,212.42
p1_S2_N2.84,840.0,6.61,0.0,0,147.76
p1_E_W.112,807.0,27.3,4.0,1,253.79
p1_N2_W.25,753.0,82.98,53.0,1,354.48
p1_N2_S2.84,840.0,7.06,0.0,0,157.68
p1_W_S2.20,682.0,154.58,76.0,7,477.84
p1_W_E.201,685.0,153.97,72.0,5,480.29
p1_N2_W.26,783.0,55.02,37.0,1,285.69
p1_S1_N1.82,820.0,49.39,39.0,1,230.7
p1_W_E.202,688.0,141.9,70.0,6,449.81
p1_N1_S1.82,820.0,47.61,36.0,1,228.88
p1_S1_N1.83,830.0,41.25,31.0,1,223.22
p1_W_E.203,691.0,149.83,71.0,5,466.12
p1_W_E.204,694.0,157.87,66.0,4,458.68
p1_N1_S1.83,830.0,40.1,29.0,1,221.41
p1_W_E.205,697.0,156.72,65.0,5,458.31
p1_S1_N1.84,840.0,31.13,20.0,1,202.82
p1_N1_S1.84,840.0,30.18,19.0,1,201.31
p1_W_E.206,700.0,155.47,66.0,4,460.41
p1_N1_S1.85,850.0,27.7,13.0,1,209.17
p1_W_E.207,707.0,150.17,61.0,3,473.07
p1_N1_S1.86,860.0,19.31,5.0,1,205.17
p1_W_E.208,710.0,148.97,58.0,3,467.52
p1_S1_N1.85,850.0,26.48,13.0,1,202.57
p1_S1_E.25,753.0,101.9,62.0,2,405.21
p1_N1_S1.87,870.0,6.42,0.0,0,147.96
p1_S1_N1.86,860.0,22.89,5.0,1,202.8
p1_S1_E.26,783.0,74.93,37.0,2,361.64
p1_S1_N1.87,870.0,14.61,0.0,0,193.73
p1_S1_E.27,813.0,50.72,27.0,1,313.41
p1_N1_S1.88,880.0,5.54,0.0,0,148.42
p1_W_E.209,713.0,146.07,80.0,4,467.24
p1_S1_N1.88,880.0,6.1,0.0,0,150.48
p1_W_E.210,716.0,152.24,80.0,4,470.21
p1_W_S2.21,719.0,141.86,77.0,5,456.52
p1_W_E.211,722.0,140.11,75.0,4,447.17
p1_W_E.212,725.0,134.85,74.0,4,436.28
p1_W_E.213,728.0,148.75,71.0,4,464.57
p1_W_E.214,731.0,140.5,70.0,4,474.5
p1_W_E.215,734.0,146.14,65.0,4,479.88
p1_W_E.216,737.0,144.07,66.0,4,489.15
p1_N2_W.27,813.0,55.14,34.0,2,304.59
p1_E_W.113,814.0,62.63,43.0,2,313.62
p1_W_E.217,740.0,143.77,65.0,5,494.16
p1_E_W.114,821.0,63.8,38.0,2,319.62
p1_W_E.218,743.0,142.56,64.0,5,509.77
p1_W_S2.22,752.0,135.05,60.0,6,450.64
p1_E_W.115,828.0,58.62,32.0,2,323.29
p1_W_E.219,746.0,141.35,62.0,4,496.39
p1_W_E.220,749.0,140.17,62.0,5,480.88
p1_E_W.116,836.0,47.68,23.0,2,302.16
p1_E_N1.28,840.0,42.93,22.0,2,292.78
p1_E_W.117,843.0,47.23,19.0,2,301.35
p1_W_E.221,754.0,128.89,61.0,6,437.18
p1_E_W.118,850.0,41.96,13.0,2,291.49
p1_S2_N2.85,850.0,66.43,56.0,1,260.17
p1_N2_S2.85,850.0,68.69,56.0,1,260.11
p1_S2_N2.86,860.0,57.38,44.0,1,242.95
p1_N2_S2.86,860.0,60.51,48.0,1,250.48
p1_S2_N2.87,870.0,49.45,38.0,1,236.69
p1_N2_S2.87,870.0,52.53,41.0,1,240.12
p1_E_N1.29,870.0,24.74,3.0,1,243.96
p1_E_W.119,857.0,23.56,6.0,1,249.38
p1_S2_N2.88,880.0,41.55,29.0,1,226.0
p1_E_W.120,864.0,39.55,4.0,1,266.08
p1_S2_N2.89,890.0,33.79,22.0,1,221.4
p1_E_W.121,873.0,32.31,2.0,1,270.12
p1_S2_N2.90,900.0,27.19,14.0,1,212.57
p1_E_W.122,879.0,27.98,1.0,1,265.33
p1_N2_S2.88,880.0,48.23,33.0,1,223.72
p1_S2_N2.91,910.0,18.99,5.0,1,191.89
p1_E_W.123,886.0,22.74,0.0,0,254.46
p1_N2_S2.89,890.0,40.49,26.0,1,228.54
p1_S2_N2.92,920.0,10.67,0.0,0,177.32
p1_E_W.124,893.0,14.33,0.0,0,222.85
p1_N2_S2.90,900.0,31.6,15.0,1,203.42
p1_E_W.125,900.0,11.98,0.0,0,217.97
p1_S2_N2.93,930.0,5.88,0.0,0,153.83
p1_N2_W.28,843.0,74.45,58.0,1,331.77
p1_E_N1.30,903.0,8.91,0.0,0,208.73
p1_N2_S2.91,910.0,23.73,8.0,1,201.53
p1_N2_S2.92,920.0,22.23,2.0,1,209.91
p1_W_E.222,777.0,145.87,74.0,4,463.74
p1_N1_S1.89,890.0,55.52,45.0,1,241.69
p1_W_E.223,780.0,144.63,73.0,4,460.35
p1_N1_S1.90,900.0,47.26,36.0,1,229.43
p1_W_E.224,783.0,143.88,70.0,4,448.73
p1_S1_N1.89,890.0,51.17,41.0,1,233.39
p1_W_E.225,786.0,142.78,70.0,5,456.5
p1_S1_N1.90,900.0,51.42,36.0,1,237.56
p1_N1_S1.91,910.0,37.13,24.0,1,219.02
p1_N1_S1.92,920.0,31.38,18.0,1,215.85
p1_S1_N1.91,910.0,40.11,27.0,1,216.43
p1_W_E.226,789.0,137.99,67.0,4,447.21
p1_N1_S1.93,930.0,24.42,11.0,1,206.98
p1_N1_S1.94,940.0,16.16,3.0,1,197.22
p1_S1_E.28,843.0,83.43,51.0,3,357.84
p1_S1_N1.92,920.0,28.95,17.0,1,195.05
p1_N1_S1.95,950.0,8.0,0.0,0,171.17
p1_S1_E.29,873.0,56.71,25.0,2,313.12
p1_S1_N1.93,930.0,30.13,13.0,1,216.75
p1_S1_N1.94,940.0,21.83,5.0,1,204.87
p1_S1_N1.95,950.0,13.56,0.0,0,180.49
p1_N2_W.29,873.0,73.08,54.0,2,338.83
p1_W_S2.23,804.0,140.5,70.0,4,446.24
p1_W_E.227,792.0,126.7,78.0,4,419.31
p1_N2_W.30,903.0,45.48,21.0,2,298.38
p1_W_E.228,795.0,155.51,77.0,4,447.29
p1_W_E.229,798.0,154.12,74.0,6,473.13
p1_E_W.126,908.0,41.69,22.0,1,277.72
p1_W_E.230,801.0,138.4,70.0,5,469.43
p1_E_W.127,915.0,35.93,19.0,1,273.44
p1_W_E.231,807.0,148.71,69.0,4,470.55
p1_E_W.128,922.0,32.81,15.0,1,270.04
p1_W_E.232,810.0,141.85,67.0,4,464.0
p1_E_W.129,929.0,28.27,8.0,1,271.86
p1_W_E.233,813.0,146.23,66.0,4,485.97
p1_E_N1.31,932.0,27.44,7.0,1,263.37
p1_W_E.234,816.0,144.87,65.0,4,468.25
p1_E_W.130,936.0,24.95,5.0,1,255.95
p1_W_E.235,819.0,137.31,63.0,4,452.89
p1_E_W.131,944.0,18.75,0.0,0,250.04
p1_W_E.236,822.0,142.51,62.0,5,462.54
p1_E_W.132,951.0,13.44,0.0,0,231.72
p1_W_E.237,844.0,106.18,49.0,3,388.58
p1_W_E.238,847.0,98.73,52.0,3,369.01
p1_W_S2.24,857.0,104.99,46.0,3,390.97
p1_W_E.239,851.0,119.97,51.0,3,392.74
p1_W_E.240,853.0,123.05,49.0,4,389.04
p1_W_E.241,860.0,102.31,45.0,3,392.45
p1_E_N1.32,961.0,16.81,0.0,0,220.6
p1_W_E.242,863.0,116.61,43.0,3,417.69
p1_E_W.133,958.0,8.08,0.0,0,203.21
p1_W_E.243,866.0,115.44,44.0,3,415.02
p1_W_E.244,869.0,114.26,43.0,3,422.23
p1_W_E.245,872.0,101.23,40.0,3,406.0
p1_N2_S2.93,930.0,77.76,61.0,1,272.74
p1_S2_N2.94,940.0,67.47,57.0,1,262.5
p1_W_E.246,875.0,112.07,39.0,3,417.57
p1_S2_N2.95,950.0,59.14,49.0,1,250.39
p1_E_W.134,965.0,8.62,0.0,0,203.96
p1_S2_N2.96,960.0,48.48,37.0,1,229.0
p1_N2_S2.94,940.0,68.67,57.0,1,266.65
p1_E_W.135,972.0,21.64,0.0,0,219.0
p1_N2_S2.95,950.0,66.55,52.0,1,273.3
p1_S2_N2.97,970.0,45.82,30.0,1,238.41
p1_S2_N2.98,980.0,37.56,22.0,1,235.87
p1_N1_S1.96,960.0,54.87,44.0,1,245.05
p1_N2_S2.96,960.0,58.25,42.0,1,268.22
p1_N1_S1.97,970.0,49.52,36.0,1,244.67
p1_S2_N2.99,990.0,29.26,13.0,1,226.09
p1_S1_N1.96,960.0,52.55,42.0,1,238.35
p1_S1_N1.97,970.0,51.65,38.0,1,234.6
p1_S2_N2.100,1000.0,21.1,6.0,1,220.01
p1_N2_S2.97,970.0,52.01,31.0,1,233.44
p1_S2_N2.101,1010.0,12.75,0.0,0,187.68
p1_S1_N1.98,980.0,43.34,29.0,1,227.93
p1_N2_S2.98,980.0,43.69,26.0,1,228.13
p1_S1_N1.99,990.0,35.03,21.0,1,222.03
p1_N1_S1.98,980.0,35.94,24.0,1,205.25
p1_S2_N2.102,1020.0,5.59,0.0,0,156.13
p1_N1_S1.99,990.0,33.49,17.0,1,209.62
p1_N1_S1.100,1000.0,20.59,7.0,1,191.37
p1_S1_N1.100,1000.0,28.66,14.0,1,204.85
p1_N1_S1.101,1010.0,17.46,2.0,1,198.56
p1_N2_S2.99,990.0,29.89,14.0,1,201.74
p1_N1_S1.102,1020.0,11.92,0.0,0,188.31
p1_S1_N1.101,1010.0,18.27,3.0,1,188.85
p1_S1_E.30,903.0,111.2,74.0,3,418.66
p1_S1_N1.102,1020.0,12.91,0.0,0,178.68
p1_S1_E.31,933.0,82.89,44.0,3,373.91
p1_W_E.247,878.0,139.95,72.0,4,483.42
p1_W_E.248,881.0,127.12,68.0,4,446.64
p1_E_W.136,980.0,36.44,24.0,1,254.55
p1_E_N1.33,990.0,37.55,22.0,1,256.04
p1_W_E.249,884.0,135.82,64.0,4,459.8
p1_E_W.137,987.0,40.29,23.0,1,271.8
p1_W_E.250,887.0,137.11,62.0,4,451.18
p1_E_W.138,994.0,31.85,17.0,1,240.39
p1_W_E.251,893.0,132.35,59.0,4,429.71
p1_W_S2.25,890.0,129.02,60.0,4,434.38
p1_N2_W.31,933.0,99.86,72.0,2,380.78
p1_W_E.252,896.0,134.44,57.0,5,437.22
p1_W_E.253,899.0,137.46,55.0,4,438.19
p1_W_E.254,902.0,136.16,53.0,4,443.5
p1_W_E.255,905.0,131.04,52.0,3,434.82
p1_W_E.256,914.0,127.75,49.0,3,453.29
p1_W_E.257,918.0,123.52,50.0,5,452.77
p1_W_E.258,921.0,120.08,49.0,4,435.27
p1_N2_W.32,963.0,53.1,32.0,1,301.93
p1_W_E.259,924.0,123.16,48.0,3,422.57
p1_N2_W.33,993.0,48.97,14.0,1,284.65
p1_W_E.260,927.0,121.27,47.0,4,429.84
p1_E_W.139,1001.0,44.69,22.0,1,280.74
p1_E_N1.34,1020.0,28.93,9.0,1,266.25
p1_W_S2.26,930.0,119.44,44.0,3,413.11
p1_W_E.261,933.0,117.67,44.0,4,421.32
p1_E_W.140,1008.0,25.14,13.0,1,232.2
p1_W_E.262,936.0,116.44,44.0,3,419.48
p1_E_W.141,1016.0,36.64,13.0,1,256.09
p1_S1_E.32,963.0,90.73,60.0,2,367.38
p1_E_W.142,1023.0,31.45,7.0,1,266.94
p1_S1_E.33,993.0,63.06,36.0,2,339.2
p1_E_W.143,1030.0,26.24,1.0,1,274.07
p1_E_W.144,1037.0,20.91,0.0,0,268.83
p1_E_W.145,1044.0,15.63,0.0,0,242.0
p1_S1_E.34,1023.0,24.71,4.0,1,249.22
p1_S1_N1.103,1030.0,57.46,46.0,1,244.07
p1_W_E.263,939.0,124.73,53.0,4,450.64
p1_W_E.264,942.0,122.1,51.0,3,439.95
p1_S1_N1.104,1040.0,49.73,38.0,1,237.33
p1_W_E.265,945.0,120.26,47.0,3,447.89
p1_W_E.266,948.0,108.82,47.0,3,398.65
p1_N1_S1.103,1030.0,52.11,41.0,1,237.22
p1_S1_N1.105,1050.0,39.67,26.0,1,216.46
p1_W_E.267,951.0,114.57,47.0,3,410.55
p1_N1_S1.104,1040.0,54.84,37.0,1,252.87
p1_S1_N1.106,1060.0,35.74,22.0,1,220.36
p1_W_E.268,954.0,120.05,45.0,4,434.62
p1_N1_S1.105,1050.0,40.31,25.0,1,226.23
p1_N2_S2.100,1000.0,98.76,78.0,2,316.58
p1_S2_N2.103,1030.0,68.46,55.0,1,275.51
p1_N1_S1.106,1060.0,38.13,20.0,1,231.83
p1_S1_N1.107,1070.0,28.49,15.0,1,210.05
p1_W_E.269,957.0,120.31,44.0,4,435.67
p1_N1_S1.107,1070.0,28.26,13.0,1,220.4
p1_N1_S1.108,1080.0,22.01,6.0,1,212.54
p1_S1_N1.108,1080.0,16.8,2.0,1,183.35
p1_N1_S1.109,1090.0,13.88,0.0,0,205.45
p1_S2_N2.104,1040.0,55.27,45.0,1,233.29
p1_N1_S1.110,1100.0,5.62,0.0,0,158.02
p1_S1_N1.109,1090.0,14.62,0.0,0,186.01
p1_N2_S2.101,1010.0,85.01,63.0,1,294.77
p1_S2_N2.105,1050.0,54.58,41.0,1,243.75
p1_N2_S2.102,1020.0,88.06,62.0,1,294.45
p1_S2_N2.106,1060.0,40.72,29.0,1,215.39
p1_N2_S2.103,1030.0,80.75,62.0,1,283.59
p1_S2_N2.107,1070.0,40.76,24.0,1,218.47
p1_N2_S2.104,1040.0,72.62,54.0,1,282.5
p1_E_W.146,1053.0,37.63,19.0,1,279.7
p1_S2_N2.108,1080.0,32.49,14.0,1,216.38
p1_N2_S2.105,1050.0,61.45,47.0,1,256.86
p1_E_N1.35,1050.0,31.32,20.0,1,247.29
p1_S2_N2.109,1090.0,21.87,6.0,1,212.86
p1_E_W.147,1059.0,34.28,18.0,1,270.2
p1_S2_N2.110,1100.0,13.0,0.0,0,186.28
p1_E_W.148,1066.0,28.05,15.0,1,252.67
p1_S2_N2.111,1110.0,7.65,0.0,0,169.77
p1_N2_S2.106,1060.0,55.09,39.0,1,245.97
p1_E_W.149,1073.0,24.56,10.0,1,249.23
p1_N2_S2.107,1070.0,51.29,32.0,1,246.87
p1_E_W.150,1080.0,19.25,4.0,1,243.14
p1_E_N1.36,1083.0,19.29,2.0,1,240.92
p1_N2_S2.108,1080.0,36.67,19.0,1,203.44
p1_E_W.151,1088.0,15.82,0.0,0,233.17
p1_S2_N2.112,1120.0,5.42,0.0,0,149.05
p1_N2_S2.109,1090.0,35.88,14.0,1,227.79
p1_N2_S2.110,1100.0,28.85,10.0,1,215.3
p1_N2_W.34,1023.0,82.88,61.0,1,324.26
p1_N2_S2.111,1110.0,18.03,0.0,0,195.35
p1_W_E.270,960.0,153.43,79.0,5,490.46
p1_W_S2.27,963.0,154.27,75.0,4,477.66
p1_W_E.271,966.0,153.29,73.0,4,467.7
p1_N2_W.35,1053.0,61.56,45.0,1,296.61
p1_W_E.272,970.0,151.02,74.0,4,469.14
p1_W_E.273,973.0,149.83,69.0,4,459.27
p1_W_E.274,984.0,137.73,65.0,4,456.05
p1_N2_W.36,1083.0,41.54,19.0,1,267.57
p1_W_E.275,988.0,132.94,64.0,3,434.54
p1_W_E.276,991.0,131.81,62.0,3,451.97
p1_W_E.277,994.0,134.54,63.0,4,439.49
p1_N1_S1.111,1110.0,41.31,30.0,1,213.99
p1_W_E.278,997.0,138.14,60.0,3,465.19
p1_S1_N1.110,1100.0,48.35,39.0,1,228.57
p1_N1_S1.112,1120.0,38.42,24.0,1,228.99
p1_S1_E.35,1053.0,83.86,54.0,2,367.48
p1_N1_S1.113,1130.0,30.07,15.0,1,217.3
p1_S1_E.36,1083.0,49.86,20.0,2,311.85
p1_S1_N1.111,1110.0,40.5,29.0,1,219.59
p1_W_E.279,1000.0,141.04,75.0,4,464.18
p1_N1_S1.114,1140.0,20.96,6.0,1,199.66
p1_S1_N1.112,1120.0,42.13,27.0,1,229.09
p1_N1_S1.115,1150.0,13.68,0.0,0,187.23
p1_W_E.280,1003.0,139.71,72.0,4,467.2
p1_W_S2.28,1006.0,136.44,70.0,5,459.73
p1_S1_N1.113,1130.0,26.46,15.0,1,195.18
p1_W_E.281,1009.0,132.8,70.0,4,449.71
p1_S1_N1.114,1140.0,28.12,11.0,1,213.91
p1_W_E.282,1012.0,135.3,67.0,5,469.9
p1_S1_N1.115,1150.0,19.87,4.0,1,202.1
p1_W_E.283,1015.0,134.73,64.0,4,472.14
p1_N1_S1.116,1160.0,5.71,0.0,0,146.03
p1_S1_N1.116,1160.0,11.47,0.0,0,193.17
p1_W_E.284,1018.0,133.14,62.0,4,457.79
p1_W_E.285,1021.0,130.58,59.0,4,443.01
p1_E_W.152,1095.0,60.03,42.0,2,310.75
p1_E_W.153,1102.0,54.84,36.0,2,304.61
p1_W_E.286,1024.0,123.51,55.0,4,410.1
p1_E_W.154,1109.0,49.95,27.0,2,295.51
p1_W_E.287,1027.0,123.33,55.0,6,418.08
p1_W_E.288,1030.0,129.76,53.0,4,426.47
p1_W_E.289,1033.0,130.32,52.0,4,438.63
p1_E_N1.37,1112.0,47.94,25.0,2,295.7
p1_W_E.290,1036.0,129.46,47.0,3,443.9
p1_W_S2.29,1039.0,120.89,47.0,3,418.38
p1_W_E.291,1042.0,125.23,46.0,3,428.66
p1_E_W.155,1116.0,43.9,20.0,2,282.53
p1_E_W.156,1124.0,43.1,15.0,2,293.86
p1_W_E.292,1045.0,118.69,46.0,4,411.88
p1_E_W.157,1131.0,40.24,11.0,2,301.83
p1_W_E.293,1048.0,124.62,43.0,5,420.57
p1_E_W.158,1138.0,34.93,5.0,1,302.64
p1_E_N1.38,1141.0,32.03,4.0,1,275.93
p1_W_E.294,1056.0,112.57,42.0,4,391.6
p1_E_W.159,1145.0,26.25,4.0,1,247.49
p1_S2_N2.113,1130.0,69.9,57.0,1,259.7
p1_E_W.160,1152.0,26.32,4.0,1,257.49
p1_S2_N2.114,1140.0,61.86,48.0,1,250.27
p1_E_W.161,1160.0,13.63,0.0,0,217.56
p1_E_W.162,1167.0,15.91,0.0,0,234.29
p1_E_N1.39,1170.0,13.05,0.0,0,231.37
p1_N2_S2.112,1120.0,78.25,62.0,1,272.98
p1_S2_N2.115,1150.0,52.23,39.0,1,242.91
p1_E_W.163,1174.0,11.18,0.0,0,221.12
p1_N2_S2.113,1130.0,77.03,60.0,1,269.85
p1_S2_N2.116,1160.0,47.02,34.0,1,237.98
p1_S2_N2.117,1170.0,38.63,25.0,1,222.32
p1_N2_S2.114,1140.0,68.9,52.0,1,270.89
p1_E_W.164,1181.0,7.0,0.0,0,192.46
p1_S2_N2.118,1180.0,30.32,16.0,1,215.67
p1_S2_N2.119,1190.0,19.62,7.0,1,191.45
p1_S2_N2.120,1200.0,14.09,0.0,0,183.93
p1_S2_N2.121,1210.0,5.75,0.0,0,153.86
p1_N2_S2.115,1150.0,53.05,39.0,1,231.22
p1_N2_S2.116,1160.0,57.87,36.0,1,240.89
p1_S1_N1.117,1170.0,53.73,44.0,1,242.48
p1_N2_S2.117,1170.0,46.86,26.0,1,242.55
p1_N1_S1.117,1170.0,53.26,42.0,1,246.53
p1_N2_S2.118,1180.0,43.68,22.0,1,233.44
p1_W_E.295,1060.0,145.44,68.0,4,458.48
p1_N1_S1.118,1180.0,47.23,35.0,1,237.4
p1_N2_S2.119,1190.0,37.14,13.0,1,232.42
p1_S1_N1.118,1180.0,48.37,37.0,1,231.15
p1_W_E.296,1063.0,144.91,67.0,5,457.51
p1_N1_S1.119,1190.0,39.03,28.0,1,230.55
p1_S1_N1.119,1190.0,40.2,27.0,1,221.98
p1_W_E.297,1066.0,143.97,65.0,4,475.19
p1_N1_S1.120,1200.0,30.84,18.0,1,217.76
p1_N1_S1.121,1210.0,22.58,10.0,1,191.16
p1_S1_E.37,1113.0,98.7,61.0,3,392.49
p1_N1_S1.122,1220.0,14.35,2.0,1,179.66
p1_S1_E.38,1143.0,69.91,31.0,2,365.5
p1_S1_N1.120,1200.0,28.44,16.0,1,200.78
p1_N1_S1.123,1230.0,6.26,0.0,0,157.37
p1_W_E.298,1069.0,146.08,75.0,4,482.5
p1_S1_N1.121,1210.0,27.95,13.0,1,211.71
p1_S1_N1.122,1220.0,19.65,6.0,1,202.71
p1_W_E.299,1072.0,138.56,74.0,5,440.98
p1_W_S2.30,1078.0,144.11,68.0,4,459.94
p1_S1_N1.123,1230.0,6.62,0.0,0,159.13
p1_W_E.300,1075.0,148.01,72.0,5,445.65
p1_W_E.301,1081.0,137.01,67.0,4,456.67
p1_N2_W.37,1113.0,112.97,84.0,2,409.68
p1_W_E.302,1084.0,142.54,64.0,4,446.2
p1_N2_W.38,1143.0,83.77,64.0,2,348.65
p1_W_E.303,1087.0,138.37,63.0,4,457.61
p1_N2_W.39,1173.0,55.57,29.0,2,312.64
p1_W_E.304,1090.0,142.31,61.0,5,475.69
p1_W_E.305,1093.0,140.89,63.0,4,483.76
p1_E_W.165,1188.0,38.0,25.0,1,265.84
p1_W_E.306,1096.0,138.34,65.0,4,468.5
p1_E_W.166,1196.0,40.8,22.0,1,281.81
p1_W_E.307,1099.0,137.32,60.0,4,481.86
p1_W_E.308,1102.0,137.02,61.0,4,459.59
p1_E_N1.40,1200.0,33.96,18.0,1,258.26
p1_E_W.167,1203.0,34.41,17.0,1,262.23
p1_W_E.309,1105.0,133.04,58.0,5,450.06
p1_E_W.168,1210.0,31.49,13.0,1,265.32
p1_W_E.310,1108.0,134.19,58.0,5,448.82
p1_E_W.169,1217.0,26.09,7.0,1,259.64
p1_W_S2.31,1131.0,111.83,47.0,3,390.57
p1_E_W.170,1224.0,15.38,0.0,0,234.3
p1_E_W.171,1233.0,18.02,0.0,0,220.02
p1_W_E.311,1134.0,99.57,47.0,4,350.45
p1_W_E.312,1138.0,111.76,45.0,3,365.05
p1_E_N1.41,1230.0,9.37,0.0,0,214.63
p1_W_E.313,1141.0,115.1,43.0,3,381.81
p1_E_W.172,1239.0,10.76,0.0,0,212.76
p1_W_E.314,1144.0,113.91,44.0,4,393.48
p1_E_W.173,1246.0,11.23,0.0,0,216.78
p1_W_E.315,1147.0,108.75,43.0,3,409.82
p1_W_E.316,1150.0,111.5,42.0,5,425.4
p1_W_E.317,1153.0,110.15,39.0,3,418.84
p1_E_W.174,1253.0,7.54,0.0,0,202.35
p1_S1_E.39,1173.0,88.59,58.0,2,381.2
p1_S1_E.40,1203.0,63.73,28.0,2,362.79
p1_E_W.175,1260.0,6.27,0.0,0,198.74
p1_W_E.318,1156.0,108.07,44.0,4,442.71
p1_N2_S2.120,1200.0,90.75,68.0,2,310.27
p1_S2_N2.122,1220.0,70.33,59.0,1,263.12
p1_S2_N2.123,1230.0,62.31,50.0,1,261.05
p1_E_N1.42,1263.0,8.3,0.0,0,213.27
p1_S2_N2.124,1240.0,54.06,42.0,1,242.51
p1_N2_S2.121,1210.0,81.83,61.0,1,287.13
p1_N2_S2.122,1220.0,79.22,60.0,1,279.21
p1_S2_N2.125,1250.0,43.36,32.0,1,223.06
p1_N1_S1.124,1240.0,60.73,49.0,1,251.12
p1_N2_S2.123,1230.0,71.1,55.0,1,273.24
p1_S2_N2.126,1260.0,36.09,23.0,1,218.28
p1_N1_S1.125,1250.0,52.65,41.0,1,235.89
p1_S1_N1.124,1240.0,61.55,49.0,1,254.14
p1_N2_S2.124,1240.0,63.63,49.0,1,264.44
p1_N1_S1.126,1260.0,44.32,32.0,1,232.48
p1_S2_N2.127,1270.0,26.97,14.0,1,190.29
p1_N2_S2.125,1250.0,55.41,40.0,1,246.59
p1_S1_N1.125,1250.0,53.56,41.0,1,240.42
p1_N1_S1.127,1270.0,36.3,24.0,1,215.5
p1_S2_N2.128,1280.0,25.25,9.0,1,206.1
p1_S1_N1.126,1260.0,47.69,35.0,1,232.09
p1_N2_S2.126,1260.0,46.77,30.0,1,235.39
p1_S2_N2.129,1290.0,18.13,0.0,0,193.96
p1_N1_S1.128,1280.0,26.59,15.0,1,197.5
p1_S2_N2.130,1300.0,8.51,0.0,0,159.72
p1_S1_N1.127,1270.0,41.28,27.0,1,221.25
p1_N1_S1.129,1290.0,21.1,6.0,1,193.72
p1_N1_S1.130,1300.0,12.89,0.0,0,196.49
p1_N1_S1.131,1310.0,5.11,0.0,0,150.25
p1_N2_S2.127,1270.0,37.7,22.0,1,214.36
p1_W_E.319,1159.0,137.82,73.0,4,464.45
p1_W_E.320,1162.0,137.51,67.0,4,460.66
p1_E_W.176,1268.0,34.0,22.0,1,251.59
p1_S1_N1.128,1280.0,24.61,11.0,1,196.15
p1_W_E.321,1168.0,135.77,63.0,5,447.17
p1_E_W.177,1275.0,28.9,15.0,1,254.32
p1_W_S2.32,1165.0,132.22,65.0,5,443.69
p1_S1_N1.129,1290.0,30.24,8.0,1,204.06
p1_W_E.322,1171.0,134.7,60.0,4,444.81
p1_N2_W.40,1203.0,102.52,71.0,3,392.61
p1_W_E.323,1174.0,133.75,57.0,4,442.08
p1_W_E.324,1177.0,132.7,58.0,4,435.25
p1_N2_W.41,1233.0,66.48,50.0,1,314.69
p1_W_E.325,1180.0,127.84,56.0,4,431.67
p1_N2_W.42,1263.0,50.61,29.0,1,286.72
p1_W_E.326,1198.0,112.6,47.0,3,399.13
p1_W_E.327,1202.0,110.64,47.0,3,397.17
p1_W_E.328,1205.0,113.41,47.0,3,427.3
p1_W_E.329,1208.0,112.08,46.0,3,419.97
p1_E_W.178,1282.0,37.68,25.0,1,263.9
p1_W_E.330,1211.0,108.04,44.0,4,411.74
p1_E_W.179,1289.0,32.59,21.0,1,252.45
p1_W_S2.33,1214.0,108.97,41.0,4,415.06
p1_W_E.331,1217.0,104.67,42.0,5,405.5
p1_W_E.332,1220.0,105.19,39.0,3,390.36
p1_W_E.333,1223.0,106.66,39.0,3,398.76
p1_W_E.334,1226.0,105.32,39.0,3,414.75
p1_W_E.335,1229.0,103.99,37.0,3,414.26
p1_E_W.180,1296.0,37.04,11.0,1,264.57
p1_W_E.336,1232.0,102.0,37.0,3,408.04
p1_E_W.181,1304.0,30.89,10.0,1,270.42
p1_E_W.182,1311.0,25.63,4.0,1,268.1
p1_E_N1.43,1292.0,27.2,11.0,1,242.64
p1_E_W.183,1318.0,17.09,0.0,0,248.99
p1_S1_E.41,1233.0,95.35,70.0,2,359.85
p1_E_N1.44,1321.0,20.23,0.0,0,262.22
p1_S1_E.42,1263.0,79.32,49.0,2,352.43
p1_S1_E.43,1293.0,46.61,16.0,2,314.82
p1_W_E.337,1235.0,106.59,45.0,4,436.79
p1_W_E.338,1238.0,109.46,41.0,4,433.95
p1_E_W.184,1325.0,10.85,0.0,0,221.32
p1_W_S2.34,1248.0,102.08,33.0,3,400.08
p1_S1_N1.130,1300.0,71.93,51.0,2,272.85
p1_N1_S1.132,1320.0,52.15,41.0,1,244.75
p1_W_E.339,1242.0,94.32,40.0,4,382.98
p1_N1_S1.133,1330.0,44.05,32.0,1,224.34
p1_W_E.340,1245.0,108.84,33.0,3,406.62
p1_W_E.341,1251.0,103.77,27.0,3,407.32
p1_W_E.342,1254.0,103.21,28.0,3,416.36
p1_S2_N2.131,1310.0,71.71,61.0,1,268.49
p1_N1_S1.134,1340.0,30.18,18.0,1,203.28
p1_S2_N2.132,1320.0,64.02,51.0,1,252.77
p1_N1_S1.135,1350.0,33.22,15.0,1,210.53
p1_N2_S2.128,1280.0,97.46,77.0,2,315.9
p1_S2_N2.133,1330.0,55.74,43.0,1,245.34
p1_S1_N1.131,1310.0,52.71,41.0,1,237.05
p1_N1_S1.136,1360.0,26.29,5.0,1,218.58
p1_N2_S2.129,1290.0,96.92,73.0,2,322.64
p1_N2_S2.130,1300.0,86.75,61.0,1,304.08
p1_S1_N1.132,1320.0,60.7,39.0,1,241.0
p1_N1_S1.137,1370.0,18.06,0.0,0,207.02
p1_N2_S2.131,1310.0,80.46,59.0,1,297.18
p1_S1_N1.133,1330.0,59.97,37.0,1,260.08
p1_N1_S1.138,1380.0,5.61,0.0,0,147.85
p1_S1_N1.134,1340.0,48.58,28.0,1,243.25
p1_S2_N2.134,1340.0,44.31,31.0,1,220.95
p1_N2_S2.132,1320.0,68.89,56.0,1,264.88
p1_S1_N1.135,1350.0,35.77,17.0,1,226.41
p1_S2_N2.135,1350.0,43.04,27.0,1,234.54
p1_E_W.185,1332.0,40.45,24.0,1,282.86
p1_S2_N2.136,1360.0,34.74,19.0,1,225.78
p1_N2_S2.133,1330.0,65.71,51.0,1,261.49
p1_S1_N1.136,1360.0,35.17,13.0,1,226.21
p1_E_W.186,1340.0,31.93,20.0,1,247.07
p1_N2_S2.134,1340.0,57.45,42.0,1,254.28
p1_E_W.187,1347.0,30.3,17.0,1,252.36
p1_N2_S2.135,1350.0,49.31,34.0,1,243.51
p1_S2_N2.137,1370.0,18.09,4.0,1,181.04
p1_S2_N2.138,1380.0,17.9,0.0,0,192.5
p1_E_N1.45,1350.0,30.04,15.0,1,248.03
p1_E_W.188,1354.0,27.61,14.0,1,244.53
p1_S2_N2.139,1390.0,13.3,0.0,0,176.52
p1_N2_S2.136,1360.0,44.31,28.0,1,241.28
p1_N2_S2.137,1370.0,36.14,21.0,1,224.72
p1_S2_N2.140,1400.0,6.06,0.0,0,152.88
p1_N2_S2.138,1380.0,27.37,11.0,1,212.66
p1_E_W.189,1361.0,11.02,0.0,0,204.47
p1_W_E.343,1257.0,136.17,62.0,4,465.34
p1_E_W.190,1368.0,25.18,0.0,0,232.41
p1_W_E.344,1260.0,135.13,57.0,3,460.22
p1_N2_W.43,1293.0,101.91,69.0,2,378.34
p1_N2_W.44,1323.0,73.65,56.0,1,321.53
p1_W_E.345,1264.0,130.7,54.0,3,442.74
p1_W_E.346,1267.0,133.03,54.0,3,443.59
p1_W_E.347,1270.0,131.76,52.0,3,437.4
p1_N2_W.45,1353.0,49.94,33.0,1,284.48
p1_W_E.348,1273.0,122.49,52.0,3,416.73
p1_W_E.349,1276.0,132.98,52.0,3,442.15
p1_W_S2.35,1282.0,127.24,49.0,3,439.29
p1_W_E.350,1279.0,128.43,50.0,4,438.53
p1_W_E.351,1285.0,127.58,50.0,4,440.56
p1_N1_S1.139,1390.0,47.82,37.0,1,229.65
p1_W_E.352,1288.0,116.04,47.0,4,415.08
p1_S1_N1.137,1370.0,65.3,44.0,2,256.92
p1_N1_S1.140,1400.0,39.79,27.0,1,225.6
p1_N1_S1.141,1410.0,31.56,20.0,1,212.22
p1_S1_E.44,1323.0,97.4,65.0,2,373.11
p1_S1_N1.138,1380.0,60.25,41.0,1,261.18
p1_N1_S1.142,1420.0,23.33,10.0,1,192.87
p1_S1_E.45,1353.0,66.66,35.0,2,345.06
p1_W_E.353,1291.0,133.06,53.0,4,477.09
p1_N1_S1.143,1430.0,15.04,2.0,1,182.0
p1_W_E.354,1294.0,129.78,51.0,4,460.71
p1_S1_N1.139,1390.0,50.21,36.0,1,226.93
p1_W_E.355,1297.0,126.0,49.0,4,444.06
p1_S1_N1.140,1400.0,45.95,30.0,1,232.02
p1_N1_S1.144,1440.0,5.53,0.0,0,152.83
p1_W_E.356,1300.0,129.38,49.0,4,467.67
p1_S1_N1.141,1410.0,41.48,25.0,1,229.12
p1_W_E.357,1303.0,121.95,45.0,5,443.68
p1_S1_N1.142,1420.0,33.29,18.0,1,217.82
p1_W_E.358,1306.0,113.44,41.0,5,393.73
p1_S1_N1.143,1430.0,22.21,6.0,1,201.35
p1_W_E.359,1309.0,126.3,40.0,5,397.15
p1_S1_N1.144,1440.0,16.88,1.0,1,194.53
p1_W_E.360,1312.0,124.03,36.0,4,424.03
p1_W_E.361,1318.0,120.98,33.0,3,400.42
p1_N1_S1.145,1450.0,5.72,0.0,0,152.63
p1_W_S2.36,1315.0,112.57,34.0,4,385.68
p1_W_E.362,1321.0,116.4,31.0,3,394.56
p1_E_W.191,1376.0,66.64,50.0,2,328.44
p1_W_E.363,1324.0,111.09,30.0,3,390.23
p1_E_N1.46,1380.0,65.39,47.0,2,331.3
p1_W_E.364,1327.0,108.48,29.0,3,392.58
p1_W_E.365,1334.0,110.63,31.0,3,391.23
p1_S2_N2.141,1410.0,62.71,52.0,1,252.72
p1_N2_S2.139,1390.0,84.24,60.0,2,306.18
p1_S2_N2.142,1420.0,54.47,42.0,1,239.12
p1_E_W.192,1383.0,57.02,36.0,2,296.98
p1_N2_S2.140,1400.0,76.01,56.0,1,288.13
p1_E_W.193,1390.0,65.52,35.0,2,325.1
p1_S2_N2.143,1430.0,46.01,34.0,1,227.92
p1_E_W.194,1397.0,58.67,27.0,2,317.13
p1_S2_N2.144,1440.0,37.63,24.0,1,213.81
p1_N2_S2.141,1410.0,66.07,54.0,1,259.7
p1_E_W.195,1404.0,41.69,17.0,2,274.35
p1_E_N1.47,1410.0,43.6,15.0,2,289.67
p1_S2_N2.145,1450.0,29.46,17.0,1,200.85
p1_E_W.196,1413.0,48.48,13.0,1,305.65
p1_N2_S2.142,1420.0,62.75,48.0,1,256.91
p1_S2_N2.146,1460.0,23.62,10.0,1,201.96
p1_E_W.197,1419.0,35.96,13.0,1,261.28
p1_E_W.198,1426.0,41.97,13.0,1,278.41
p1_N2_S2.143,1430.0,51.69,36.0,1,235.32
p1_S2_N2.147,1470.0,10.14,0.0,0,170.12
p1_E_W.199,1433.0,28.63,10.0,1,245.98
p1_N2_S2.144,1440.0,51.07,32.0,1,241.86
p1_S2_N2.148,1480.0,11.12,0.0,0,154.01
p1_E_N1.48,1442.0,28.26,7.0,1,257.84
p1_E_W.200,1440.0,29.16,8.0,1,255.01
p1_N2_S2.145,1450.0,41.61,24.0,1,223.01
p1_N2_S2.146,1460.0,35.37,17.0,1,210.15
p1_S2_N2.149,1490.0,5.82,0.0,0,155.66
p1_E_W.201,1448.0,16.02,0.0,0,234.02
p1_N2_S2.147,1470.0,22.0,6.0,1,191.38
p1_E_W.202,1455.0,16.47,0.0,0,245.32
p1_N2_W.46,1383.0,86.41,64.0,2,347.53
p1_N2_W.47,1413.0,69.61,53.0,1,310.89
p1_W_E.366,1338.0,145.41,60.0,5,445.35
p1_W_E.367,1341.0,138.84,57.0,5,435.28
p1_W_E.368,1344.0,142.15,56.0,6,451.41
p1_W_E.369,1347.0,145.64,54.0,6,447.85
p1_W_S2.37,1353.0,141.3,51.0,4,419.47
p1_S1_N1.145,1450.0,60.87,47.0,1,248.06
p1_N1_S1.146,1460.0,49.96,39.0,1,232.91
p1_S1_N1.146,1460.0,58.72,44.0,1,251.06
p1_N1_S1.147,1470.0,49.1,33.0,1,246.25
p1_S1_N1.147,1470.0,50.47,36.0,1,241.88
p1_N1_S1.148,1480.0,36.84,24.0,1,221.62
p1_W_E.370,1350.0,125.51,53.0,4,406.1
p1_S1_E.46,1383.0,121.2,67.0,2,414.26
p1_S1_N1.148,1480.0,39.52,26.0,1,216.55
p1_N1_S1.149,1490.0,23.74,12.0,1,189.69
p1_S1_E.47,1413.0,92.48,49.0,2,386.11
p1_S1_N1.149,1490.0,37.56,21.0,1,224.18
p1_N1_S1.150,1500.0,28.25,9.0,1,202.78
p1_S1_E.48,1443.0,64.2,25.0,1,342.11
p1_S1_N1.150,1500.0,29.15,10.0,1,220.33
p1_N1_S1.151,1510.0,19.32,1.0,1,200.89
p1_W_E.371,1356.0,153.5,72.0,5,477.63
p1_N1_S1.152,1520.0,11.62,0.0,0,177.48
p1_S1_N1.151,1510.0,20.45,3.0,1,196.06
p1_W_E.372,1359.0,131.05,67.0,5,421.09
p1_W_E.373,1362.0,153.52,63.0,4,439.92
p1_S1_N1.152,1520.0,11.65,0.0,0,180.66
p1_W_E.374,1365.0,149.75,62.0,5,447.99
p1_W_E.375,1368.0,151.08,61.0,4,461.53
p1_W_E.376,1371.0,145.1,59.0,5,454.65
p1_W_E.377,1374.0,148.43,59.0,4,471.28
p1_W_S2.38,1387.0,135.16,53.0,5,436.2
p1_N2_W.48,1443.0,71.07,50.0,2,342.68
p1_N2_W.49,1473.0,50.04,21.0,2,304.29
p1_W_E.378,1377.0,147.34,54.0,5,467.03
p1_W_E.379,1380.0,139.57,57.0,6,453.55
p1_E_W.203,1462.0,63.02,41.0,2,334.73
p1_W_E.380,1383.0,144.67,61.0,6,457.25
p1_E_W.204,1469.0,58.6,36.0,2,319.07
p1_W_E.381,1390.0,139.41,54.0,6,453.84
p1_E_N1.49,1472.0,56.88,34.0,2,315.88
p1_W_E.382,1393.0,138.1,52.0,5,451.0
p1_E_W.205,1476.0,53.77,30.0,2,301.09
p1_W_E.383,1396.0,122.83,47.0,5,399.23
p1_E_W.206,1484.0,45.24,22.0,2,292.04
p1_E_W.207,1491.0,38.65,16.0,2,271.19
p1_W_E.384,1411.0,104.85,46.0,3,368.02
p1_E_W.208,1498.0,41.56,11.0,2,287.11
p1_E_N1.50,1501.0,38.55,11.0,2,282.6
p1_W_E.385,1414.0,127.29,46.0,3,383.01
p1_E_W.209,1505.0,36.35,7.0,2,286.66
p1_W_E.386,1417.0,113.83,43.0,3,402.82
p1_W_E.387,1420.0,119.56,42.0,3,405.3
p1_E_W.210,1512.0,27.61,4.0,1,248.93
p1_W_E.388,1423.0,110.53,42.0,3,393.04
p1_E_W.211,1520.0,26.76,4.0,1,249.45
p1_S2_N2.150,1500.0,67.35,57.0,1,260.83
p1_W_E.389,1426.0,122.59,40.0,3,422.04
p1_N2_S2.148,1480.0,86.36,63.0,1,292.71
p1_E_N1.51,1530.0,19.4,0.0,0,242.1
p1_E_W.212,1527.0,12.9,0.0,0,223.55
p1_N2_S2.149,1490.0,77.92,62.0,1,270.68
p1_E_W.213,1534.0,18.04,0.0,0,245.45
p1_N2_S2.150,1500.0,75.08,60.0,1,280.86
p1_E_W.214,1541.0,12.77,0.0,0,221.81
p1_N2_S2.151,1510.0,67.33,53.0,1,265.09
p1_S2_N2.151,1510.0,52.86,42.0,1,238.71
p1_N2_S2.152,1520.0,59.48,44.0,1,252.28
p1_S2_N2.152,1520.0,60.64,40.0,1,257.16
p1_S2_N2.153,1530.0,45.89,29.0,1,242.67
p1_N2_S2.153,1530.0,49.48,34.0,1,235.27
p1_S2_N2.154,1540.0,36.24,20.0,1,225.27
p1_S2_N2.155,1550.0,36.08,14.0,1,233.17
p1_N1_S1.153,1530.0,51.62,40.0,1,228.95
p1_N2_S2.154,1540.0,43.39,27.0,1,225.38
p1_S1_N1.153,1530.0,51.59,41.0,1,235.77
p1_S2_N2.156,1560.0,25.17,5.0,1,219.72
p1_N1_S1.154,1540.0,49.15,35.0,1,240.59
p1_S2_N2.157,1570.0,19.66,0.0,0,215.7
p1_S1_N1.154,1540.0,50.02,37.0,1,239.91
p1_N2_S2.155,1550.0,34.91,20.0,1,203.94
p1_N1_S1.155,1550.0,40.9,28.0,1,236.41
p1_N1_S1.156,1560.0,32.55,16.0,1,221.49
p1_N2_S2.156,1560.0,26.77,11.0,1,199.03
p1_S1_N1.155,1550.0,36.3,25.0,1,211.87
p1_N1_S1.157,1570.0,24.35,10.0,1,217.15
p1_S2_N2.158,1580.0,5.98,0.0,0,149.95
p1_W_E.390,1429.0,145.87,70.0,4,465.63
p1_S1_N1.156,1560.0,36.0,20.0,1,221.12
p1_N1_S1.158,1580.0,10.68,0.0,0,172.15
p1_S1_N1.157,1570.0,25.17,10.0,1,199.52
p1_S1_N1.158,1580.0,18.96,5.0,1,200.99
p1_W_S2.39,1432.0,140.65,67.0,4,460.52
p1_N1_S1.159,1590.0,6.15,0.0,0,154.4
p1_S1_N1.159,1590.0,11.4,0.0,0,182.68
p1_S1_E.49,1473.0,99.39,65.0,3,390.12
p1_S1_E.50,1503.0,71.23,35.0,3,353.34
p1_W_E.391,1435.0,151.28,79.0,5,492.37
p1_W_E.392,1438.0,150.07,75.0,5,494.65
p1_W_E.393,1441.0,148.75,73.0,6,496.06
p1_E_W.215,1548.0,32.04,19.0,1,250.67
p1_E_W.216,1556.0,35.17,18.0,1,249.34
p1_W_E.394,1444.0,147.57,74.0,4,498.05
p1_N2_W.50,1503.0,84.82,64.0,2,362.98
p1_W_E.395,1447.0,146.34,70.0,5,490.75
p1_W_E.396,1450.0,145.16,70.0,5,489.29
p1_N2_W.51,1533.0,61.41,34.0,1,334.04
p1_W_E.397,1453.0,137.34,69.0,4,471.65
p1_W_E.398,1456.0,142.99,67.0,4,481.71
p1_W_E.399,1459.0,141.61,66.0,4,466.18
p1_N2_W.52,1563.0,28.0,10.0,1,254.11
p1_W_S2.40,1482.0,121.46,57.0,3,414.46
p1_W_E.400,1462.0,129.92,65.0,4,419.18
p1_E_W.217,1563.0,42.11,20.0,1,282.83
p1_E_W.218,1570.0,35.6,18.0,1,274.46
p1_W_E.401,1486.0,113.59,55.0,3,400.59
p1_E_N1.52,1560.0,35.05,21.0,1,259.52
p1_W_E.402,1489.0,118.48,54.0,3,414.61
p1_E_W.219,1577.0,26.59,9.0,1,257.19
p1_W_E.403,1492.0,109.49,54.0,3,395.23
p1_E_W.220,1584.0,26.35,7.0,1,275.48
p1_E_N1.53,1590.0,23.66,1.0,1,268.8
p1_W_E.404,1495.0,109.67,54.0,3,403.67
p1_E_W.221,1593.0,22.5,1.0,1,275.56
p1_W_E.405,1498.0,118.54,52.0,4,437.48
p1_E_W.222,1599.0,18.23,0.0,0,253.18
p1_W_E.406,1501.0,107.59,52.0,3,411.56
p1_E_W.223,1606.0,12.98,0.0,0,220.43
p1_W_E.407,1504.0,110.8,52.0,3,400.11
p1_E_W.224,1613.0,7.76,0.0,0,215.56
p1_W_E.408,1507.0,114.97,50.0,4,418.59
p1_W_E.409,1510.0,113.4,49.0,3,419.99
p1_S1_E.51,1533.0,90.04,57.0,3,389.62
p1_S1_E.52,1563.0,64.2,35.0,2,361.65
p1_S1_E.53,1593.0,36.03,10.0,1,310.66
p1_W_E.410,1513.0,117.73,61.0,4,478.16
p1_S2_N2.159,1590.0,64.4,54.0,1,257.38
p1_N2_S2.157,1570.0,82.17,60.0,2,299.16
p1_E_W.225,1620.0,7.48,0.0,0,197.53
p1_E_N1.54,1623.0,11.61,0.0,0,219.82
p1_N2_S2.158,1580.0,78.07,54.0,1,291.53
p1_N2_S2.159,1590.0,69.77,54.0,1,273.15
p1_S2_N2.160,1600.0,54.07,44.0,1,247.85
p1_S1_N1.160,1600.0,59.36,50.0,1,251.16
p1_N1_S1.160,1600.0,60.73,47.0,1,249.14
p1_S2_N2.161,1610.0,45.47,35.0,1,222.88
p1_S2_N2.162,1620.0,43.3,28.0,1,232.39
p1_N1_S1.161,1610.0,50.82,39.0,1,239.58
p1_S1_N1.161,1610.0,48.66,37.0,1,233.42
p1_S2_N2.163,1630.0,35.06,17.0,1,220.67
p1_N1_S1.162,1620.0,46.02,32.0,1,239.26
p1_S1_N1.162,1620.0,46.95,34.0,1,235.25
p1_S2_N2.164,1640.0,19.87,6.0,1,181.13
p1_N2_S2.160,1600.0,56.79,45.0,1,239.65
p1_N1_S1.163,1630.0,32.5,22.0,1,209.26
p1_S1_N1.163,1630.0,39.9,26.0,1,218.95
p1_S2_N2.165,1650.0,19.89,3.0,1,198.23
p1_N2_S2.161,1610.0,56.25,41.0,1,237.18
p1_N1_S1.164,1640.0,31.69,16.0,1,213.82
p1_S2_N2.166,1660.0,11.72,0.0,0,180.03
p1_N2_S2.162,1620.0,52.99,33.0,1,243.71
p1_N1_S1.165,1650.0,23.47,6.0,1,204.52
p1_N2_S2.163,1630.0,42.53,25.0,1,238.82
p1_N1_S1.166,1660.0,15.22,0.0,0,190.1
p1_N2_S2.164,1640.0,36.52,19.0,1,236.06
p1_S2_N2.167,1670.0,5.95,0.0,0,152.37
p1_N1_S1.167,1670.0,6.87,0.0,0,173.02
p1_N2_S2.165,1650.0,28.03,10.0,1,226.71
p1_S1_N1.164,1640.0,23.7,9.0,1,190.71
p1_S1_N1.165,1650.0,32.14,8.0,1,212.32
p1_W_S2.41,1516.0,142.59,85.0,5,486.57
p1_E_W.226,1628.0,28.89,17.0,1,250.31
p1_W_E.411,1519.0,138.92,79.0,5,467.59
p1_W_E.412,1522.0,146.01,77.0,6,482.09
p1_E_W.227,1635.0,21.42,8.0,1,242.66
p1_W_E.413,1525.0,144.73,72.0,5,494.17
p1_E_W.228,1642.0,27.42,8.0,1,246.48
p1_N2_W.53,1593.0,77.94,54.0,1,349.36
p1_W_E.414,1528.0,139.76,69.0,5,467.6
p1_N2_W.54,1623.0,49.64,30.0,1,298.72
p1_W_E.415,1531.0,142.34,65.0,5,470.23
p1_W_E.416,1534.0,141.05,61.0,5,470.83
p1_W_E.417,1538.0,135.56,60.0,6,458.01
p1_W_E.418,1541.0,137.65,59.0,5,456.88
p1_N2_W.55,1653.0,25.04,7.0,1,255.65
p1_W_E.419,1552.0,128.41,56.0,4,443.36
p1_W_E.420,1555.0,127.26,59.0,5,450.78
p1_W_S2.42,1559.0,124.37,54.0,4,439.97
p1_W_E.421,1562.0,123.0,52.0,4,437.78
p1_W_E.422,1565.0,122.77,50.0,4,436.57
p1_W_E.423,1568.0,121.57,48.0,4,439.37
p1_W_E.424,1571.0,120.39,47.0,4,436.08
p1_E_W.229,1649.0,30.92,17.0,1,242.41
p1_W_E.425,1574.0,119.33,47.0,4,422.6
p1_E_W.230,1656.0,37.36,15.0,1,276.26
p1_E_N1.55,1652.0,31.4,16.0,1,258.17
p1_S1_E.54,1623.0,68.3,43.0,2,333.43
p1_S1_E.55,1653.0,38.72,12.0,2,286.81
p1_E_W.231,1664.0,19.53,5.0,1,230.75
p1_W_E.426,1577.0,114.84,52.0,5,414.21
p1_W_E.427,1580.0,123.26,49.0,4,429.47
p1_E_W.232,1671.0,25.21,3.0,1,247.41
p1_E_W.233,1678.0,27.15,1.0,1,262.17
p1_W_E.428,1583.0,123.0,47.0,4,446.6
p1_S1_N1.166,1660.0,67.08,46.0,2,267.79
p1_S1_N1.167,1670.0,58.88,45.0,1,250.03
p1_S1_N1.168,1680.0,50.64,38.0,1,236.81
p1_W_E.429,1586.0,109.06,45.0,4,409.87
p1_W_S2.43,1592.0,116.04,41.0,3,426.94
p1_W_E.430,1589.0,123.21,41.0,4,432.58
p1_W_E.431,1595.0,118.97,41.0,5,425.64
p1_N1_S1.168,1680.0,38.81,27.0,1,206.61
p1_S1_N1.169,1690.0,45.06,31.0,1,224.36
p1_W_E.432,1598.0,117.7,39.0,3,418.53
p1_N1_S1.169,1690.0,47.08,28.0,1,228.44
p1_N1_S1.170,1700.0,38.78,19.0,1,215.27
p1_W_E.433,1601.0,116.36,40.0,4,414.96
p1_S1_N1.170,1700.0,35.15,22.0,1,205.67
p1_W_E.434,1604.0,115.07,36.0,4,410.0
p1_N1_S1.171,1710.0,29.57,8.0,1,212.89
p1_S1_N1.171,1710.0,27.69,14.0,1,204.3
p1_N1_S1.172,1720.0,22.28,2.0,1,199.39
p1_E_N1.56,1681.0,41.13,19.0,1,285.22
p1_N1_S1.173,1730.0,13.66,0.0,0,172.23
p1_N2_S2.166,1660.0,85.14,66.0,2,310.41
p1_S2_N2.168,1680.0,65.98,54.0,1,260.14
p1_E_W.234,1685.0,39.39,18.0,1,283.29
p1_E_W.235,1692.0,34.09,16.0,1,261.52
p1_N2_S2.167,1670.0,76.19,61.0,1,283.03
p1_S2_N2.169,1690.0,56.83,44.0,1,250.16
p1_E_W.236,1700.0,27.99,15.0,1,249.28
p1_S2_N2.170,1700.0,50.47,37.0,1,245.34
p1_N2_S2.168,1680.0,70.43,58.0,1,278.7
p1_E_W.237,1707.0,21.94,11.0,1,234.74
p1_S2_N2.171,1710.0,42.29,28.0,1,236.46
p1_S2_N2.172,1720.0,34.07,20.0,1,226.09
p1_N2_S2.169,1690.0,62.26,49.0,1,252.53
p1_S2_N2.173,1730.0,25.77,11.0,1,199.44
p1_N2_S2.170,1700.0,57.38,42.0,1,249.02
p1_E_W.238,1714.0,21.48,3.0,1,256.99
p1_S2_N2.174,1740.0,17.54,4.0,1,192.5
p1_E_N1.57,1710.0,17.59,2.0,1,236.06
p1_E_W.239,1721.0,16.3,0.0,0,241.05
p1_E_W.240,1728.0,11.24,0.0,0,211.57
p1_N2_S2.171,1710.0,44.07,30.0,1,224.77
p1_N2_S2.172,1720.0,43.94,27.0,1,239.54
p1_S2_N2.175,1750.0,5.99,0.0,0,152.52
p1_N2_S2.173,1730.0,34.63,18.0,1,219.16
p1_N2_S2.174,1740.0,27.48,12.0,1,218.48
p1_N2_S2.175,1750.0,20.22,5.0,1,193.44
p1_S2_N2.176,1760.0,5.92,0.0,0,152.23
p1_N2_S2.176,1760.0,12.17,0.0,0,181.23
p1_N2_W.56,1683.0,70.86,57.0,1,312.62
p1_W_E.435,1607.0,150.5,66.0,4,458.26
p1_N1_S1.174,1740.0,45.7,34.0,1,229.32
p1_S1_N1.172,1720.0,69.29,48.0,2,268.75
p1_W_E.436,1610.0,133.43,65.0,5,424.99
p1_N1_S1.175,1750.0,40.24,29.0,1,229.07
p1_S1_N1.173,1730.0,61.67,39.0,1,260.95
p1_W_E.437,1613.0,157.57,63.0,4,456.67
p1_W_S2.44,1635.0,134.32,59.0,3,430.01
p1_N1_S1.176,1760.0,30.29,18.0,1,207.5
p1_S1_N1.174,1740.0,53.59,39.0,1,243.16
p1_W_E.438,1616.0,133.1,60.0,4,422.8
p1_N1_S1.177,1770.0,20.88,9.0,1,190.05
p1_W_E.439,1628.0,146.43,59.0,3,428.4
p1_W_E.440,1632.0,144.0,58.0,3,447.92
p1_W_E.441,1638.0,137.29,55.0,3,467.56
p1_N1_S1.178,1780.0,11.08,0.0,0,168.41
p1_W_E.442,1641.0,138.5,55.0,3,461.44
p1_S1_E.56,1683.0,90.59,60.0,2,368.67
p1_N1_S1.179,1790.0,5.51,0.0,0,148.03
p1_S1_N1.175,1750.0,44.87,30.0,1,223.13
p1_W_E.443,1644.0,123.76,60.0,4,420.23
p2_N1_S1.0,1800.0,6.11,0.0,0,152.56
p1_S1_N1.176,1760.0,41.74,25.0,1,233.61
p1_W_E.444,1647.0,122.63,60.0,4,412.96
p1_S1_N1.177,1770.0,35.57,16.0,1,230.29
p1_W_E.445,1650.0,131.51,60.0,4,429.43
p1_S1_N1.178,1780.0,30.37,10.0,1,212.65
p1_W_E.446,1653.0,137.03,57.0,4,439.06
p1_S1_N1.179,1790.0,17.56,2.0,1,189.54
p1_W_E.447,1656.0,127.17,53.0,4,427.05
p1_W_E.448,1659.0,134.63,53.0,4,456.59
p1_N2_W.57,1713.0,80.97,57.0,2,348.82
p1_W_S2.45,1667.0,127.18,46.0,4,427.14
p1_N2_W.58,1743.0,52.88,29.0,2,313.59
p1_W_E.449,1662.0,114.52,53.0,4,402.84
p1_W_E.450,1664.0,135.74,47.0,4,424.77
p1_E_W.241,1736.0,59.02,42.0,2,312.86
p1_W_E.451,1670.0,121.6,47.0,4,425.65
p1_E_W.242,1743.0,59.47,34.0,2,311.34
p1_E_N1.58,1740.0,57.25,36.0,2,312.04
p1_E_W.243,1750.0,51.58,29.0,2,294.99
p1_E_W.244,1757.0,50.49,22.0,2,302.32
p1_E_W.245,1764.0,45.09,19.0,2,294.24
p1_W_E.452,1674.0,106.32,47.0,4,381.88
p1_E_N1.59,1770.0,41.1,15.0,2,283.24
p1_W_E.453,1677.0,118.4,43.0,5,397.59
p1_W_E.454,1680.0,132.51,38.0,4,413.17
p1_E_W.246,1773.0,40.01,10.0,2,287.37
p1_W_E.455,1683.0,128.52,39.0,3,411.02
p1_E_W.247,1779.0,35.86,7.0,2,286.31
p1_W_E.456,1686.0,130.53,39.0,3,411.29
p1_W_E.457,1695.0,123.32,40.0,3,397.41
p1_W_E.458,1698.0,121.98,36.0,3,396.93
p1_N2_S2.177,1770.0,72.08,61.0,1,273.45
p1_E_W.248,1786.0,24.23,4.0,1,252.29
p1_W_E.459,1701.0,114.59,36.0,3,397.27
p1_S2_N2.177,1770.0,70.66,59.0,1,266.42
p1_E_W.249,1793.0,28.96,5.0,2,251.34
p1_S2_N2.178,1780.0,64.61,51.0,1,262.67
p1_W_E.460,1704.0,110.95,35.0,3,402.25
p2_E_W.0,1800.0,23.15,1.0,1,256.28
p1_N2_S2.178,1780.0,65.87,54.0,1,258.52
p1_S2_N2.179,1790.0,56.37,44.0,1,251.76
p2_S2_N2.0,1800.0,48.05,35.0,1,248.64
p1_N2_S2.179,1790.0,56.47,43.0,1,243.9
p2_N2_S2.0,1800.0,50.86,36.0,1,251.07
p2_E_S1.0,1803.0,30.77,9.0,2,269.59
p2_N1_S1.1,1810.0,48.5,37.0,1,235.19
p2_S1_N1.0,1800.0,59.03,43.0,1,253.5
p2_N2_S2.1,1810.0,33.01,20.0,1,209.28
p2_N1_S1.2,1820.0,40.94,29.0,1,224.75
p2_N2_S2.2,1820.0,42.07,19.0,1,225.71
p2_N1_S1.3,1830.0,32.74,19.0,1,212.56
p2_N2_S2.3,1830.0,33.75,12.0,1,226.86
p2_S1_N1.1,1810.0,47.51,36.0,1,231.7
p2_S1_N1.2,1820.0,45.67,31.0,1,248.41
p1_S1_E.57,1713.0,131.9,84.0,4,441.22
p2_N2_S2.4,1840.0,18.0,0.0,0,201.02
p2_N2_S2.5,1850.0,17.52,0.0,0,203.4
p1_W_S2.46,1707.0,136.92,54.0,4,457.46
p2_S1_N1.3,1830.0,29.59,18.0,1,201.95
p1_S1_E.58,1743.0,98.06,60.0,3,394.02
p2_S1_N1.4,1840.0,24.53,12.0,1,203.1
p2_S1_N1.5,1850.0,23.58,5.0,1,204.32
p1_S1_E.59,1773.0,78.75,35.0,2,363.6
p2_N1_E.0,1803.0,45.94,20.0,1,306.46
p2_N1_S1.4,1840.0,35.56,16.0,2,217.84
p2_S1_N1.6,1860.0,15.32,0.0,0,202.99
p1_W_E.461,1710.0,145.61,68.0,4,486.84
p2_N1_S1.5,1850.0,27.86,8.0,2,204.79
p1_W_E.462,1713.0,144.48,68.0,4,477.55
p2_N1_S1.6,1860.0,19.73,2.0,1,184.76
p2_S1_N1.7,1870.0,5.92,0.0,0,151.16
p1_W_E.463,1716.0,143.18,65.0,4,471.2
p1_W_E.464,1719.0,141.92,63.0,4,464.97
p1_W_E.465,1722.0,140.8,60.0,4,465.55
p2_N1_S1.7,1870.0,14.23,0.0,0,193.28
p1_W_E.466,1725.0,139.5,60.0,5,469.32
p2_S1_N1.8,1880.0,5.89,0.0,0,149.37
p1_W_E.467,1728.0,135.03,58.0,4,449.53
p2_E_W.1,1806.0,63.52,39.0,2,313.4
p1_W_E.468,1731.0,123.88,58.0,4,404.75
p1_W_S2.47,1740.0,130.07,51.0,5,426.26
p1_W_E.469,1734.0,137.31,54.0,6,432.33
p1_W_E.470,1737.0,141.02,50.0,5,447.9
p1_W_E.471,1743.0,133.6,51.0,6,432.77
p2_E_W.2,1809.0,47.95,32.0,2,283.75
p1_W_E.472,1748.0,126.06,51.0,5,424.08
p2_E_W.3,1812.0,70.18,31.0,1,321.76
p1_W_E.473,1771.0,109.75,43.0,3,393.35
p2_E_W.4,1815.0,67.25,29.0,1,339.33
p1_W_E.474,1775.0,110.7,42.0,4,407.23
p2_E_W.5,1818.0,58.25,28.0,1,322.14
p1_W_E.475,1778.0,109.38,38.0,3,400.58
p2_E_W.6,1821.0,64.87,28.0,1,331.06
p1_W_E.476,1780.0,109.11,37.0,4,406.08
p2_E_W.7,1824.0,59.72,28.0,1,328.8
p2_E_W.8,1827.0,59.82,27.0,1,331.27
p2_N2_S2.6,1860.0,53.07,40.0,1,241.77
p1_N2_W.59,1773.0,119.71,84.0,2,428.79
p2_S2_N2.1,1810.0,101.53,80.0,3,317.55
p2_S2_N2.2,1820.0,95.06,69.0,3,314.35
p2_N2_S2.7,1870.0,45.65,33.0,1,224.91
p2_S2_W.0,1803.0,91.1,57.0,3,393.28
p2_S2_N2.3,1830.0,87.35,61.0,3,299.27
p2_N2_S2.8,1880.0,36.65,25.0,1,223.8
p2_E_W.9,1830.0,66.7,36.0,2,358.79
p2_N2_S2.9,1890.0,29.22,16.0,1,206.41
p2_E_W.10,1833.0,62.02,33.0,2,325.24
p2_N2_S2.10,1900.0,20.94,7.0,1,191.84
p2_N2_S2.11,1910.0,8.33,0.0,0,172.16
p2_E_S1.1,1836.0,68.41,40.0,3,333.91
p2_N2_S2.12,1920.0,6.33,0.0,0,146.38
p2_N1_S1.8,1880.0,49.2,38.0,1,230.52
p2_S1_N1.9,1890.0,41.34,29.0,1,229.41
p2_N1_S1.9,1890.0,43.11,31.0,1,238.96
p2_S1_N1.10,1900.0,32.62,19.0,1,207.45
p2_N2_S2.13,1930.0,5.47,0.0,0,152.48
p2_S1_N1.11,1910.0,26.44,12.0,1,204.17
p2_S2_N2.4,1840.0,90.7,58.0,4,295.75
p2_S1_N1.12,1920.0,18.15,2.0,1,189.98
p2_S2_N2.5,1850.0,89.17,56.0,3,296.65
p2_S1_N1.13,1930.0,9.87,0.0,0,173.98
p1_W_E.477,1783.0,134.23,66.0,5,441.73
p1_W_E.478,1786.0,135.43,62.0,4,444.84
p2_N1_E.1,1833.0,89.72,50.0,4,392.18
p2_N1_E.2,1863.0,61.42,26.0,2,345.26
p2_S1_N1.14,1940.0,5.94,0.0,0,149.58
p2_N1_S1.10,1900.0,44.36,27.0,2,225.53
p2_N1_S1.11,1910.0,38.77,18.0,2,227.09
p1_W_E.479,1790.0,136.38,80.0,6,451.8
p2_N1_S1.12,1920.0,30.49,9.0,2,215.16
p1_W_E.480,1793.0,132.67,76.0,6,434.8
p2_N1_S1.13,1930.0,24.17,1.0,1,196.81
p1_W_S2.48,1796.0,135.24,75.0,6,445.71
p1_W_E.481,1799.0,134.91,74.0,5,447.26
p2_N1_S1.14,1940.0,16.15,0.0,0,180.48
p1_W_E.482,1802.0,131.21,72.0,5,439.83
p1_W_E.483,1805.0,134.41,69.0,5,443.31
p2_E_W.11,1839.0,100.09,70.0,4,380.95
p1_W_E.484,1808.0,126.09,65.0,3,427.38
p1_W_E.485,1811.0,133.72,64.0,3,439.21
p1_W_E.486,1814.0,132.48,62.0,3,438.34
p1_W_E.487,1817.0,131.1,64.0,3,451.76
p1_W_E.488,1820.0,129.91,62.0,3,455.2
p1_W_E.489,1823.0,128.63,63.0,3,446.5
p2_E_W.12,1842.0,84.8,55.0,4,352.4
p1_W_E.490,1826.0,126.18,61.0,3,432.67
p1_W_S2.49,1830.0,123.16,59.0,3,424.75
p2_E_W.13,1845.0,109.02,52.0,4,364.84
p2_E_W.14,1848.0,99.26,50.0,4,383.09
p2_E_W.15,1851.0,106.58,48.0,4,390.63
p2_E_W.16,1854.0,105.29,46.0,4,391.92
p2_E_W.17,1857.0,104.01,43.0,4,404.92
p1_W_E.491,1834.0,110.33,58.0,3,378.68
p2_E_W.18,1860.0,102.73,42.0,4,416.8
p1_W_E.492,1837.0,125.14,57.0,4,394.09
p2_E_W.19,1863.0,100.89,41.0,4,408.86
p1_W_E.493,1840.0,124.39,56.0,3,415.62
p2_E_W.20,1866.0,100.22,38.0,4,411.56
p2_S2_N2.6,1860.0,128.04,98.0,4,363.26
p2_N1_E.3,1893.0,74.31,38.0,3,345.13
p2_N2_S2.14,1940.0,43.29,32.0,1,222.34
p2_N2_S2.15,1950.0,45.22,29.0,1,231.65
p2_N2_S2.16,1960.0,37.0,20.0,1,228.94
p2_E_S1.2,1869.0,106.83,50.0,6,405.91
p2_N2_S2.17,1970.0,28.87,11.0,1,223.04
p2_N1_S1.15,1950.0,50.28,37.0,1,238.81
p2_N2_S2.18,1980.0,19.18,2.0,1,217.56
p2_N2_S2.19,1990.0,12.33,0.0,0,204.09
p2_S2_N2.7,1870.0,136.03,104.0,4,367.62
p2_S1_N1.15,1950.0,43.48,32.0,1,220.78
p2_S1_N1.16,1960.0,45.75,29.0,1,222.8
p2_N2_S2.20,2000.0,5.81,0.0,0,152.82
p2_S2_N2.8,1880.0,125.99,93.0,4,345.1
p2_S1_N1.17,1970.0,41.55,23.0,1,231.33
p2_S2_N2.9,1890.0,123.67,84.0,4,360.44
p2_S1_N1.18,1980.0,33.98,14.0,1,215.55
p2_S1_N1.19,1990.0,25.68,4.0,1,223.01
p2_N2_S2.21,2010.0,6.53,0.0,0,154.42
p2_S1_N1.20,2000.0,9.61,0.0,0,177.19
p2_S1_N1.21,2010.0,9.63,0.0,0,163.14
p2_N1_S1.16,1960.0,61.78,44.0,2,253.07
p2_N1_E.4,1923.0,77.5,38.0,3,354.8
p2_N1_S1.17,1970.0,53.58,34.0,2,248.59
p1_W_E.494,1843.0,159.19,102.0,5,467.21
p2_S1_N1.22,2020.0,5.75,0.0,0,148.3
p2_N1_S1.18,1980.0,43.5,24.0,2,214.52
p1_W_E.495,1846.0,152.22,98.0,5,452.14
p2_N1_S1.19,1990.0,40.22,18.0,2,220.92
p1_W_E.496,1849.0,161.47,98.0,4,474.69
p2_N1_S1.20,2000.0,31.82,8.0,1,201.88
p1_W_E.497,1852.0,160.29,97.0,4,478.33
p1_W_E.498,1855.0,158.99,94.0,4,492.36
p1_W_E.499,1858.0,156.43,91.0,5,500.8
p2_E_W.21,1872.0,144.42,82.0,6,464.45
p1_W_S2.50,1864.0,153.41,86.0,5,461.82
p2_E_W.22,1875.0,143.82,78.0,6,448.27
p2_E_W.23,1878.0,142.67,74.0,6,459.81
p2_E_W.24,1881.0,141.66,70.0,6,457.93
p1_W_E.500,1861.0,137.19,86.0,4,433.39
p2_E_W.25,1884.0,137.57,68.0,5,445.47
p1_W_E.501,1867.0,159.51,85.0,4,478.08
p1_W_E.502,1870.0,157.03,85.0,5,480.2
p1_W_E.503,1873.0,156.96,81.0,4,475.97
p2_E_W.26,1887.0,132.35,69.0,5,431.31
p1_W_E.504,1876.0,155.63,79.0,4,484.46
p2_E_W.27,1890.0,142.14,65.0,4,441.24
p2_E_W.28,1893.0,140.73,63.0,4,447.46
p1_W_E.505,1879.0,136.39,76.0,4,433.58
p1_W_E.506,1882.0,151.74,77.0,4,444.17
p2_S2_W.1,1833.0,202.12,127.0,8,560.33
p1_W_E.507,1885.0,147.29,76.0,4,446.91
p2_E_W.29,1896.0,141.27,87.0,4,479.25
p1_W_E.508,1888.0,150.36,74.0,5,460.19
p1_W_E.509,1904.0,137.11,67.0,3,444.5
p2_E_W.30,1899.0,127.84,88.0,4,413.75
p2_N1_E.5,1953.0,89.27,52.0,3,369.11
p1_W_S2.51,1911.0,131.88,82.0,3,430.17
p2_N1_E.6,1983.0,56.77,21.0,2,315.78
p1_W_E.510,1908.0,138.47,85.0,4,448.3
p1_W_E.511,1914.0,132.02,82.0,3,449.55
p1_W_E.512,1917.0,130.8,82.0,3,434.01
p2_E_S1.3,1903.0,146.03,91.0,6,461.88
p2_N1_S1.21,2010.0,61.39,40.0,2,256.43
p2_S2_N2.10,1900.0,171.14,125.0,6,410.22
p2_S1_N1.23,2030.0,38.92,25.0,1,214.82
p2_S2_N2.11,1910.0,162.97,112.0,7,404.95
p2_N2_S2.22,2020.0,49.23,39.0,1,233.47
p2_N2_S2.23,2030.0,51.65,35.0,1,243.1
p2_S1_N1.24,2040.0,35.95,20.0,1,218.87
p2_S2_N2.12,1920.0,162.01,104.0,6,404.86
p2_S1_N1.25,2050.0,32.65,13.0,1,214.66
p2_N2_S2.24,2040.0,43.42,28.0,1,245.05
p2_S1_N1.26,2060.0,21.77,4.0,1,193.26
p2_N2_S2.25,2050.0,28.73,15.0,1,206.48
p2_S1_N1.27,2070.0,14.92,0.0,0,183.67
p2_N2_S2.26,2060.0,27.24,10.0,1,208.1
p2_S1_N1.28,2080.0,7.98,0.0,0,161.52
p2_N2_S2.27,2070.0,15.8,0.0,0,208.03
p2_N2_S2.28,2080.0,10.86,0.0,0,181.33
p2_N1_S1.22,2020.0,72.37,44.0,3,276.4
p2_S2_N2.13,1930.0,161.53,103.0,6,406.07
p2_N1_S1.23,2030.0,64.38,41.0,2,252.4
p2_S2_N2.14,1940.0,154.38,98.0,5,396.27
p2_N1_S1.24,2040.0,56.24,35.0,2,248.14
p2_N2_S2.29,2090.0,6.93,0.0,0,150.98
p2_S2_N2.15,1950.0,143.25,97.0,5,374.57
p2_S2_N2.16,1960.0,138.91,91.0,4,364.1
p2_S1_N1.29,2090.0,5.76,0.0,0,147.93
p2_N2_S2.30,2100.0,5.67,0.0,0,143.78
p2_S2_N2.17,1970.0,136.06,84.0,4,367.66
p2_E_W.31,1906.0,182.1,122.0,7,527.7
p2_E_W.32,1909.0,181.16,119.0,6,522.57
p2_S2_N2.18,1980.0,118.25,69.0,3,322.58
p2_E_W.33,1912.0,180.1,116.0,6,521.31
p2_S2_N2.19,1990.0,116.22,60.0,3,330.82
p2_E_W.34,1915.0,179.44,114.0,6,507.55
p1_W_E.513,1920.0,175.59,122.0,4,515.47
p2_S2_N2.20,2000.0,114.24,53.0,3,340.19
p1_W_E.514,1923.0,174.65,121.0,4,511.76
p1_W_E.515,1926.0,173.62,118.0,6,499.48
p2_E_W.35,1918.0,173.7,106.0,6,490.41
p2_E_W.36,1921.0,180.57,106.0,7,502.19
p1_W_E.516,1929.0,171.01,116.0,4,504.66
p1_W_E.517,1932.0,172.09,115.0,4,510.3
p2_E_W.37,1924.0,179.2,102.0,6,518.49
p1_W_E.518,1935.0,170.97,113.0,4,514.86
p2_E_W.38,1927.0,166.83,97.0,6,480.01
p1_W_E.519,1938.0,169.68,109.0,4,498.05
p2_E_W.39,1930.0,178.83,92.0,5,504.51
p1_W_E.520,1941.0,168.6,108.0,4,491.73
p2_E_W.40,1933.0,177.58,92.0,5,511.61
p1_W_S2.52,1944.0,168.06,105.0,4,489.41
p1_W_E.521,1947.0,166.5,105.0,4,475.01
p1_W_E.522,1950.0,155.55,100.0,4,449.33
p2_S1_N1.30,2100.0,44.19,30.0,1,230.48
p2_E_S1.4,1936.0,176.61,98.0,5,500.89
p2_N1_E.7,2013.0,111.06,69.0,4,398.39
p2_S1_N1.31,2110.0,36.0,24.0,1,217.38
p2_N1_S1.25,2050.0,95.74,61.0,4,318.98
p2_N1_S1.26,2060.0,88.86,54.0,4,308.53
p2_N1_E.8,2043.0,62.02,28.0,3,314.46
p2_N1_S1.27,2070.0,80.56,45.0,4,291.72
p1_W_E.523,1953.0,177.43,100.0,4,496.82
p1_W_E.524,1956.0,173.7,97.0,4,497.51
p1_W_E.525,1959.0,164.88,99.0,5,494.09
p2_S1_N1.32,2120.0,20.4,7.0,1,185.42
p1_W_E.526,1981.0,155.05,86.0,4,470.45
p2_S1_N1.33,2130.0,28.2,6.0,1,209.55
p1_W_E.527,1984.0,144.41,83.0,3,457.72
p1_W_S2.53,1996.0,142.52,79.0,3,457.02
p2_S1_N1.34,2140.0,19.91,0.0,0,204.41
p1_W_E.528,1987.0,147.98,84.0,4,471.66
p2_S1_N1.35,2150.0,11.58,0.0,0,169.21
p1_W_E.529,1990.0,151.53,82.0,3,485.31
p1_W_E.530,1993.0,150.31,79.0,3,494.98
p2_N1_S1.28,2080.0,79.75,44.0,4,274.79
p2_S2_N2.21,2010.0,155.03,93.0,3,398.78
p2_N1_S1.29,2090.0,76.52,40.0,3,273.98
p2_N2_S2.31,2110.0,55.79,44.0,1,246.61
p2_S1_N1.36,2160.0,6.38,0.0,0,151.61
p2_N1_S1.30,2100.0,66.84,33.0,2,259.4
p2_N2_S2.32,2120.0,45.57,33.0,1,227.52
p2_N2_S2.33,2130.0,36.75,24.0,1,210.53
p2_N2_S2.34,2140.0,28.57,16.0,1,203.33
p2_N1_S1.31,2110.0,56.42,31.0,2,244.1
p2_N2_S2.35,2150.0,26.1,10.0,1,211.7
p2_N1_S1.32,2120.0,57.44,26.0,2,254.55
p2_N2_S2.36,2160.0,17.86,0.0,0,200.36
p2_N1_S1.33,2130.0,49.25,17.0,1,243.84
p2_E_W.41,1939.0,219.75,131.0,7,567.96
p2_N2_S2.37,2170.0,6.17,0.0,0,155.87
p2_S2_N2.22,2020.0,164.04,105.0,4,415.41
p2_E_W.42,1942.0,210.14,126.0,8,556.22
p2_S2_N2.23,2030.0,155.98,100.0,3,407.85
p2_E_W.43,1945.0,221.75,125.0,7,566.46
p2_S2_N2.24,2040.0,147.92,97.0,3,381.09
p2_N2_S2.38,2180.0,5.45,0.0,0,148.83
p2_E_W.44,1948.0,220.45,122.0,8,575.98
p2_S2_W.2,1863.0,302.01,199.0,10,709.18
p2_S2_N2.25,2050.0,143.58,95.0,3,386.49
p2_S2_W.3,1893.0,271.05,173.0,9,661.27
p2_N2_S2.39,2190.0,5.62,0.0,0,148.91
p2_E_W.45,1951.0,213.12,137.0,6,575.05
p2_E_W.46,1954.0,221.95,138.0,7,588.9
p2_S2_N2.26,2060.0,133.52,86.0,3,369.25
p2_E_W.47,1957.0,220.57,133.0,6,611.49
p2_S2_N2.27,2070.0,129.25,79.0,3,370.47
p2_E_W.48,1960.0,219.39,130.0,6,593.79
p2_E_W.49,1963.0,217.99,127.0,7,590.76
p2_S2_N2.28,2080.0,121.84,72.0,3,355.91
p2_E_W.50,1966.0,215.16,121.0,5,584.88
p2_S2_N2.29,2090.0,113.71,62.0,3,344.49
p2_S2_N2.30,2100.0,105.74,51.0,3,313.87
p2_N2_S2.40,2200.0,5.98,0.0,0,148.74
p2_E_S1.5,1969.0,214.76,126.0,7,576.62
p2_S1_N1.37,2170.0,43.11,32.0,1,232.0
p2_S1_N1.38,2180.0,34.04,22.0,1,203.64
p1_W_E.531,1999.0,195.31,131.0,4,547.07
p2_S1_N1.39,2190.0,30.06,15.0,1,215.03
p1_W_E.532,2002.0,196.57,130.0,4,530.65
p2_S1_N1.40,2200.0,20.71,7.0,1,207.07
p1_W_E.533,2005.0,196.5,130.0,4,535.12
p2_S1_N1.41,2210.0,13.14,0.0,0,187.51
p1_W_E.534,2008.0,195.25,125.0,5,544.98
p1_W_E.535,2011.0,194.25,123.0,4,532.15
p2_S1_N1.42,2220.0,6.0,0.0,0,152.15
p1_W_E.536,2014.0,191.38,121.0,5,524.65
p2_N1_E.9,2073.0,132.1,84.0,6,423.61
p2_N1_S1.34,2140.0,92.98,58.0,3,305.9
p2_N1_E.10,2103.0,99.45,61.0,3,359.0
p2_N1_S1.35,2150.0,82.62,47.0,3,283.98
p2_S1_N1.43,2230.0,6.12,0.0,0,152.96
p2_N1_S1.36,2160.0,78.92,43.0,2,284.82
p1_W_E.537,2017.0,185.94,126.0,5,514.19
p2_N1_S1.37,2170.0,71.03,41.0,2,272.59
p1_W_E.538,2020.0,201.67,125.0,5,544.83
p2_N1_S1.38,2180.0,62.41,37.0,2,242.98
p2_N1_S1.39,2190.0,54.75,34.0,2,244.61
p1_W_E.539,2023.0,193.88,123.0,5,546.97
p1_W_S2.54,2029.0,189.96,119.0,5,533.82
p2_S1_N1.44,2240.0,5.76,0.0,0,143.05
p1_W_E.540,2026.0,199.04,119.0,5,547.28
p1_W_E.541,2049.0,177.72,106.0,6,522.65
p1_W_E.542,2053.0,172.35,101.0,5,518.03
p2_N1_S1.40,2200.0,49.81,26.0,2,242.17
p1_W_E.543,2056.0,174.36,101.0,4,529.63
p1_W_E.544,2059.0,173.09,99.0,4,522.86
p1_W_E.545,2062.0,171.78,99.0,4,522.64
p2_E_W.51,1972.0,262.92,165.0,7,638.45
p1_W_E.546,2065.0,166.05,96.0,4,511.89
p2_E_W.52,1975.0,261.7,161.0,6,638.6
p1_W_E.547,2068.0,167.42,98.0,4,520.17
p2_N2_S2.41,2210.0,51.68,40.0,1,243.51
p2_S2_W.4,1923.0,309.75,202.0,11,718.2
p2_S2_N2.31,2110.0,147.92,88.0,4,391.65
p2_S2_N2.32,2120.0,141.35,86.0,3,375.0
p2_S2_W.5,1953.0,275.43,186.0,7,652.79
p2_S2_N2.33,2130.0,139.31,85.0,3,379.22
p2_N2_S2.42,2220.0,39.2,27.0,1,218.25
p2_S2_W.6,1983.0,258.56,154.0,7,641.9
p2_N2_S2.43,2230.0,40.91,24.0,1,219.77
p2_N2_S2.44,2240.0,27.16,13.0,1,212.76
p2_E_W.53,1978.0,273.21,189.0,5,689.92
p2_E_W.54,1981.0,272.07,186.0,5,674.91
p2_N2_S2.45,2250.0,24.35,8.0,1,209.0
p2_E_W.55,1984.0,270.96,184.0,5,671.12
p2_N2_S2.46,2260.0,14.45,0.0,0,197.54
p2_N2_S2.47,2270.0,7.74,0.0,0,158.61
p2_E_W.56,1987.0,269.71,184.0,6,680.18
p2_E_W.57,1990.0,268.52,182.0,7,676.03
p2_E_W.58,1993.0,265.26,177.0,6,651.75
p2_E_W.59,1996.0,265.97,175.0,6,666.3
p2_E_W.60,1999.0,261.16,173.0,7,642.24
p2_E_S1.6,2002.0,264.49,178.0,7,636.74
p2_N1_S1.41,2210.0,80.38,51.0,3,289.17
p2_S1_N1.45,2250.0,40.77,28.0,1,221.34
p2_S1_N1.46,2260.0,33.37,20.0,1,206.14
p2_N1_S1.42,2220.0,71.16,41.0,2,272.32
p2_S1_N1.47,2270.0,25.2,11.0,1,199.88
p2_N2_S2.48,2280.0,6.17,0.0,0,155.95
p2_S1_N1.48,2280.0,14.57,0.0,0,181.81
p1_W_E.548,2071.0,207.35,135.0,5,588.04
p2_S1_N1.49,2290.0,10.22,0.0,0,174.3
p1_W_E.549,2074.0,206.55,130.0,7,583.15
p1_W_E.550,2077.0,201.83,129.0,8,558.49
p2_N1_S1.43,2230.0,75.08,40.0,3,277.49
p2_N1_E.11,2133.0,151.85,99.0,4,479.96
p2_N1_S1.44,2240.0,66.88,34.0,3,276.87
p2_N1_E.12,2163.0,123.59,77.0,3,426.08
p2_N1_S1.45,2250.0,58.74,30.0,1,258.58
p2_N1_E.13,2193.0,94.9,62.0,3,380.61
p1_W_S2.55,2080.0,210.09,147.0,7,557.59
p1_W_E.551,2083.0,204.08,137.0,6,549.98
p2_S1_N1.50,2300.0,6.2,0.0,0,152.49
p1_W_E.552,2086.0,209.7,137.0,6,560.4
p2_S1_N1.51,2310.0,7.77,0.0,0,153.64
p1_W_E.553,2089.0,208.44,133.0,7,564.23
p2_N1_S1.46,2260.0,60.76,30.0,2,250.32
p1_W_E.554,2092.0,207.25,130.0,5,567.41
p1_W_E.555,2095.0,206.05,130.0,6,554.38
p1_W_E.556,2098.0,204.79,130.0,7,542.4
p1_W_E.557,2126.0,178.53,110.0,6,518.6
p2_S1_N1.52,2320.0,5.72,0.0,0,144.14
p1_W_E.558,2130.0,176.24,103.0,6,529.18
p1_W_E.559,2133.0,174.95,103.0,5,526.7
p1_W_E.560,2136.0,172.93,104.0,4,535.13
p2_N1_S1.47,2270.0,45.19,16.0,2,229.58
p2_N1_S1.48,2280.0,53.72,15.0,3,242.87
p2_N2_S2.49,2290.0,45.65,36.0,1,226.53
p2_N2_S2.50,2300.0,41.25,27.0,1,228.49
p2_E_W.61,2005.0,293.82,215.0,6,695.87
p2_N2_S2.51,2310.0,32.94,20.0,1,214.78
p2_E_W.62,2008.0,314.23,211.0,7,709.68
p2_N2_S2.52,2320.0,24.78,10.0,1,208.31
p2_E_W.63,2011.0,312.94,209.0,6,716.62
p2_E_W.64,2014.0,310.32,205.0,7,696.49
p2_S2_W.7,2013.0,312.52,200.0,7,729.3
p2_S2_W.8,2043.0,285.54,180.0,6,692.79
p2_N2_S2.53,2330.0,10.16,0.0,0,168.97
p2_S2_W.9,2073.0,257.29,156.0,6,647.59
p2_N2_S2.54,2340.0,12.18,0.0,0,177.82
p2_S2_W.10,2103.0,228.44,123.0,7,595.73
p2_E_W.65,2017.0,317.45,225.0,6,747.21
p2_E_W.66,2020.0,316.19,221.0,6,748.57
p2_E_W.67,2023.0,299.16,220.0,7,692.87
p2_E_W.68,2026.0,295.07,215.0,7,682.8
p2_N1_S1.49,2290.0,75.46,38.0,2,283.81
p2_S1_N1.53,2330.0,35.61,23.0,1,217.26
p2_N2_S2.55,2350.0,6.23,0.0,0,149.8
p2_E_W.69,2029.0,308.48,212.0,6,689.7
p2_S1_N1.54,2340.0,27.62,15.0,1,202.57
p2_N1_S1.50,2300.0,66.55,30.0,1,262.49
p2_E_W.70,2032.0,315.46,212.0,6,693.52
p2_S1_N1.55,2350.0,19.52,7.0,1,196.32
p2_N1_S1.51,2310.0,59.99,28.0,1,263.18
p2_N2_S2.56,2360.0,6.55,0.0,0,146.72
p2_S1_N1.56,2360.0,8.9,0.0,0,163.1
p1_W_E.561,2142.0,213.85,138.0,5,566.17
p2_S1_N1.57,2370.0,6.19,0.0,0,151.48
p1_W_E.562,2145.0,212.63,135.0,6,572.85
p1_W_S2.56,2139.0,205.79,140.0,5,555.2
p2_N1_S1.52,2320.0,62.68,33.0,2,253.8
p2_N1_S1.53,2330.0,55.18,32.0,2,246.37
p2_S1_N1.58,2380.0,5.84,0.0,0,150.24
p1_W_E.563,2148.0,202.77,136.0,7,553.54
p2_N1_S1.54,2340.0,47.07,28.0,2,242.2
p2_N1_E.14,2223.0,125.05,81.0,5,424.34
p2_N1_S1.55,2350.0,41.93,19.0,2,226.31
p2_N1_E.15,2253.0,117.55,68.0,3,410.18
p2_S1_N1.59,2390.0,5.64,0.0,0,146.57
p2_N1_E.16,2283.0,75.12,32.0,2,357.07
p2_N1_S1.56,2360.0,30.34,6.0,2,206.38
p1_W_E.564,2151.0,218.54,145.0,5,595.16
p1_W_E.565,2154.0,224.02,140.0,5,590.25
p2_N1_S1.57,2370.0,28.71,0.0,0,211.98
p1_W_E.566,2157.0,217.63,141.0,6,586.1
p1_W_E.567,2160.0,221.82,140.0,5,602.87
p1_W_E.568,2163.0,220.57,136.0,5,595.04
p1_W_S2.57,2196.0,186.95,113.0,5,537.08
p1_W_E.569,2166.0,219.3,135.0,5,580.27
p1_W_E.570,2169.0,217.98,131.0,6,591.82
p1_W_E.571,2200.0,188.63,111.0,5,546.64
p1_W_E.572,2203.0,187.43,111.0,4,538.05
p1_W_E.573,2206.0,175.4,111.0,5,501.57
p1_W_E.574,2209.0,185.62,109.0,5,514.29
p1_W_E.575,2212.0,179.82,106.0,4,512.79
p1_W_E.576,2215.0,183.06,104.0,4,537.37
p1_W_E.577,2219.0,180.79,103.0,4,541.57
p2_N1_E.17,2313.0,84.24,39.0,3,392.63
p2_N1_E.18,2343.0,59.78,26.0,2,354.06
p2_N1_E.19,2373.0,31.91,0.0,0,291.36
p2_N2_S2.57,2370.0,58.93,46.0,1,254.26
p2_N2_S2.58,2380.0,46.45,35.0,1,224.2
p2_N2_S2.59,2390.0,42.88,28.0,1,231.29
p2_N2_S2.60,2400.0,28.83,16.0,1,201.25
p2_N2_S2.61,2410.0,32.59,14.0,1,206.6
p2_E_S1.7,2035.0,386.61,281.0,8,819.44
p2_N2_S2.62,2420.0,23.71,5.0,1,216.14
p2_N2_S2.63,2430.0,14.83,0.0,0,203.09
p2_N2_S2.64,2440.0,8.05,0.0,0,167.43
p2_S1_N1.60,2400.0,44.12,33.0,1,227.27
p2_S1_N1.61,2410.0,40.9,28.0,1,233.27
p2_S1_N1.62,2420.0,32.61,19.0,1,218.38
p2_S1_N1.63,2430.0,24.41,11.0,1,203.19
p2_N2_S2.65,2450.0,5.73,0.0,0,152.04
p2_N1_S1.58,2380.0,56.46,43.0,1,248.15
p2_N1_S1.59,2390.0,70.02,42.0,1,267.34
p2_N1_S1.60,2400.0,53.04,33.0,1,245.43
p2_N1_S1.61,2410.0,53.13,31.0,1,246.59
p2_S1_N1.64,2440.0,6.89,0.0,0,162.0
p2_S1_N1.65,2450.0,14.74,0.0,0,166.08
p2_N1_S1.62,2420.0,45.36,24.0,2,235.61
p2_N2_S2.66,2460.0,5.86,0.0,0,152.51
p2_N1_S1.63,2430.0,37.15,14.0,1,221.53
p1_W_E.578,2222.0,227.73,161.0,6,581.66
p2_S1_N1.66,2460.0,6.25,0.0,0,147.38
p1_W_E.579,2225.0,226.84,157.0,6,564.3
p1_W_E.580,2228.0,222.35,155.0,6,571.33
p1_W_S2.58,2231.0,223.6,151.0,6,576.84
p1_W_E.581,2234.0,222.22,151.0,7,552.81
p2_E_W.71,2038.0,417.34,308.0,9,870.29
p1_W_E.582,2237.0,223.98,151.0,5,571.98
p2_N1_S1.64,2440.0,28.56,3.0,1,204.05
p1_W_E.583,2240.0,222.83,147.0,6,564.91
p2_E_W.72,2041.0,415.51,304.0,9,854.13
p1_W_E.584,2268.0,195.17,129.0,5,527.64
p2_E_W.73,2044.0,420.41,296.0,9,864.64
p2_E_W.74,2047.0,416.59,291.0,9,872.25
p1_W_E.585,2271.0,195.42,127.0,6,535.32
p2_E_W.75,2050.0,417.92,291.0,9,893.38
p2_E_W.76,2053.0,414.69,288.0,9,881.48
p2_E_W.77,2056.0,415.35,281.0,11,880.44
p2_E_W.78,2059.0,414.13,281.0,9,866.63
p2_E_W.79,2062.0,412.96,276.0,10,867.99
p1_W_E.586,2274.0,172.55,122.0,5,490.72
p2_E_W.80,2065.0,398.88,287.0,9,828.11
p1_W_E.587,2277.0,205.35,119.0,4,520.02
p1_W_S2.59,2289.0,182.75,115.0,4,506.29
p2_W_N1.0,2353.0,150.82,91.0,4,414.93
p1_W_E.588,2280.0,206.32,117.0,4,522.9
p1_W_E.589,2283.0,202.88,115.0,5,534.59
p1_W_E.590,2286.0,203.69,116.0,5,536.58
p2_E_S1.8,2068.0,421.37,290.0,10,871.34
p1_W_E.591,2292.0,191.86,114.0,4,516.86
p2_S1_N1.67,2470.0,43.47,31.0,1,229.66
p1_W_E.592,2295.0,195.35,115.0,6,530.37
p2_N1_S1.65,2450.0,62.37,31.0,1,258.21
p2_S1_N1.68,2480.0,35.73,23.0,1,219.68
p1_W_E.593,2298.0,197.12,111.0,5,522.3
p2_N1_S1.66,2460.0,56.66,31.0,1,264.0
p2_S1_N1.69,2490.0,27.68,13.0,1,200.92
p1_W_E.594,2301.0,189.73,109.0,4,526.16
p2_N1_E.20,2403.0,94.13,49.0,3,380.63
p2_S1_N1.70,2500.0,18.29,4.0,1,192.47
p2_N1_E.21,2433.0,66.81,20.0,3,349.45
p2_S1_N1.71,2510.0,9.42,0.0,0,164.93
p1_W_E.595,2304.0,187.21,118.0,4,531.78
p2_N2_S2.67,2470.0,52.77,42.0,1,244.72
p2_S1_N1.72,2520.0,5.38,0.0,0,152.7
p1_W_E.596,2307.0,197.46,112.0,5,533.0
p2_N2_S2.68,2480.0,45.1,33.0,1,221.15
p1_W_E.597,2310.0,196.24,108.0,5,535.54
p2_N2_S2.69,2490.0,37.13,27.0,1,214.51
p2_N2_S2.70,2500.0,31.17,17.0,1,212.14
p2_N1_S1.67,2470.0,62.33,39.0,2,251.68
p2_N2_S2.71,2510.0,22.91,9.0,1,201.51
p2_N2_S2.72,2520.0,13.17,2.0,1,175.16
p2_S1_N1.73,2530.0,5.71,0.0,0,151.19
p2_N1_S1.68,2480.0,51.1,33.0,2,239.06
p2_N1_S1.69,2490.0,48.83,26.0,2,243.1
p2_N1_S1.70,2500.0,41.18,19.0,2,227.58
p2_N1_S1.71,2510.0,33.08,9.0,2,215.87
p2_N1_S1.72,2520.0,24.75,3.0,1,195.2
p2_S2_N2.34,2140.0,396.96,344.0,5,763.17
p2_S2_N2.35,2150.0,390.94,336.0,5,762.76
p2_S2_N2.36,2160.0,386.53,328.0,6,756.55
p2_E_W.81,2071.0,458.04,323.0,11,942.55
p2_S2_N2.37,2170.0,380.09,321.0,5,740.37
p2_N2_S2.73,2530.0,6.4,0.0,0,159.92
p2_E_W.82,2074.0,456.97,315.0,12,944.26
p2_N2_S2.74,2540.0,11.99,0.0,0,176.29
p2_S2_N2.38,2180.0,369.63,309.0,5,721.07
p2_S2_N2.39,2190.0,364.59,303.0,5,718.85
p2_E_W.83,2077.0,455.23,309.0,12,917.88
p2_E_W.84,2080.0,454.99,309.0,11,925.38
p2_E_W.85,2083.0,453.82,299.0,11,920.53
p2_N2_S2.75,2550.0,5.92,0.0,0,148.17
p2_E_W.86,2086.0,448.63,301.0,11,900.35
p2_E_W.87,2090.0,452.66,293.0,12,928.96
p2_E_W.88,2093.0,451.5,293.0,11,913.69
p1_W_E.598,2342.0,204.24,128.0,4,554.87
p2_E_W.89,2096.0,450.28,288.0,12,927.51
p2_E_W.90,2099.0,448.99,288.0,13,929.31
p1_W_E.599,2347.0,194.95,126.0,4,536.68
p2_W_E.0,2350.0,203.01,122.0,4,560.11
p2_W_E.1,2356.0,198.75,123.0,6,559.53
p2_W_N1.1,2368.0,206.59,134.0,6,506.68
p2_N1_E.22,2463.0,82.48,53.0,3,346.41
p2_N1_E.23,2493.0,65.64,31.0,3,331.99
p2_E_S1.9,2102.0,456.74,293.0,13,935.56
p2_W_E.2,2359.0,201.87,124.0,6,567.29
p2_S1_N1.74,2540.0,42.65,32.0,1,224.35
p2_W_E.3,2362.0,200.64,123.0,6,563.37
p2_S1_N1.75,2550.0,35.36,24.0,1,211.71
p2_W_E.4,2365.0,198.0,123.0,5,557.12
p2_S1_N1.76,2560.0,27.15,15.0,1,203.32
p2_S1_N1.77,2570.0,18.24,6.0,1,194.55
p2_N2_S2.76,2560.0,30.08,18.0,1,203.87
p2_S1_N1.78,2580.0,11.98,0.0,0,184.28
p2_S2_N2.40,2200.0,388.59,318.0,5,760.5
p2_S2_N2.41,2210.0,384.53,318.0,5,770.52
p2_N2_S2.77,2570.0,21.04,11.0,1,189.27
p2_N2_S2.78,2580.0,15.57,4.0,1,189.77
p2_S1_N1.79,2590.0,5.65,0.0,0,151.06
p2_N2_S2.79,2590.0,7.22,0.0,0,162.44
p2_S2_N2.42,2220.0,368.53,311.0,4,729.16
p2_N1_S1.73,2530.0,72.45,46.0,3,275.06
p2_S2_N2.43,2230.0,373.01,308.0,5,740.23
p2_S2_N2.44,2240.0,364.06,306.0,4,722.67
p2_N2_S2.80,2600.0,5.87,0.0,0,150.24
p2_S2_N2.45,2250.0,357.38,297.0,6,708.11
p2_N1_S1.74,2540.0,58.11,42.0,2,252.87
p2_S2_N2.46,2260.0,350.94,293.0,5,698.87
p2_N1_S1.75,2550.0,62.03,37.0,2,261.91
p2_S1_N1.80,2600.0,6.59,0.0,0,153.48
p2_N2_S2.81,2610.0,6.11,0.0,0,148.55
p2_S1_N1.81,2610.0,5.79,0.0,0,141.58
p2_S2_N2.47,2270.0,335.73,277.0,4,674.81
p2_S2_N2.48,2280.0,343.76,275.0,4,682.65
p2_S2_N2.49,2290.0,335.41,266.0,5,683.42
p2_E_W.91,2105.0,499.26,325.0,13,969.67
p2_S2_N2.50,2300.0,327.16,263.0,4,662.24
p2_N2_S2.82,2620.0,6.27,0.0,0,150.85
p2_E_W.92,2110.0,497.89,336.0,12,975.27
p2_S2_N2.51,2310.0,318.98,260.0,3,650.33
p2_E_W.93,2113.0,496.66,335.0,12,969.49
p2_E_W.94,2116.0,491.14,325.0,10,965.99
p2_S2_N2.52,2320.0,306.75,255.0,4,643.59
p2_N2_S2.83,2630.0,5.67,0.0,0,151.55
p2_E_W.95,2119.0,491.09,320.0,11,975.08
p2_E_W.96,2122.0,495.68,323.0,12,985.63
p2_E_W.97,2125.0,494.35,322.0,15,983.6
p2_S2_N2.53,2330.0,296.1,243.0,3,610.28
p2_E_W.98,2128.0,491.03,314.0,13,985.43
p2_S2_N2.54,2340.0,303.17,238.0,4,633.84
p2_W_N1.2,2383.0,264.12,173.0,10,563.92
p2_E_W.99,2131.0,478.48,315.0,14,941.34
p2_S1_N1.82,2620.0,29.06,18.0,1,204.96
p2_E_W.100,2135.0,477.96,312.0,14,954.11
p2_S1_N1.83,2630.0,23.34,10.0,1,194.49
p2_W_E.5,2371.0,235.13,162.0,7,587.16
p2_N1_S1.76,2560.0,87.71,59.0,4,291.28
p2_N1_E.24,2523.0,110.64,68.0,4,387.33
p2_N1_S1.77,2570.0,85.63,53.0,5,301.68
p2_S1_N1.84,2640.0,11.48,0.0,0,168.86
p2_N1_S1.78,2580.0,70.77,40.0,4,262.49
p2_N1_E.25,2553.0,61.03,37.0,3,297.05
p2_S1_N1.85,2650.0,5.55,0.0,0,152.25
p2_W_E.6,2374.0,265.51,175.0,7,602.37
p2_W_E.7,2377.0,264.28,167.0,7,629.88
p2_W_E.8,2380.0,263.0,164.0,7,633.74
p2_S2_N2.55,2350.0,316.03,255.0,4,656.26
p2_N2_S2.84,2640.0,26.67,16.0,1,195.33
p2_N1_S1.79,2590.0,71.35,34.0,3,270.01
p2_S2_N2.56,2360.0,308.25,243.0,3,647.25
p2_N1_S1.80,2600.0,66.44,30.0,3,267.96
p2_N2_S2.85,2650.0,18.5,7.0,1,185.16
p2_S2_N2.57,2370.0,300.11,237.0,4,632.49
p2_N1_S1.81,2610.0,60.21,25.0,2,264.03
p2_S1_N1.86,2660.0,6.34,0.0,0,149.61
p2_N2_S2.86,2660.0,10.61,0.0,0,173.06
p2_N1_S1.82,2620.0,51.37,23.0,2,238.72
p2_S2_N2.58,2380.0,295.08,227.0,4,619.38
p2_S2_N2.59,2390.0,286.71,218.0,4,606.26
p2_N1_S1.83,2630.0,41.19,19.0,1,219.84
p2_S1_N1.87,2670.0,5.77,0.0,0,149.32
p2_S2_N2.60,2400.0,278.73,210.0,4,598.8
p2_N1_S1.84,2640.0,38.65,15.0,1,232.68
p2_N1_S1.85,2650.0,31.44,9.0,1,217.01
p2_N2_S2.87,2670.0,6.49,0.0,0,153.38
p2_N2_S2.88,2680.0,6.07,0.0,0,148.02
p2_S2_N2.61,2410.0,270.51,201.0,4,578.92
p2_S2_N2.62,2420.0,268.86,193.0,3,583.39
p2_S2_N2.63,2430.0,251.39,184.0,5,549.08
p2_S2_N2.64,2440.0,254.94,176.0,5,572.49
p2_N2_S2.89,2690.0,5.44,0.0,0,149.71
p2_S2_N2.65,2450.0,246.73,171.0,4,570.87
p2_S2_N2.66,2460.0,238.62,161.0,5,556.24
p2_W_N1.3,2431.0,264.06,163.0,8,555.79
p2_S2_N2.67,2470.0,231.48,153.0,3,525.45
p2_S2_N2.68,2480.0,223.53,146.0,3,508.62
p2_S2_N2.69,2490.0,215.22,137.0,4,495.56
p2_N2_S2.90,2700.0,5.52,0.0,0,150.95
p2_W_N1.4,2446.0,261.42,151.0,9,545.97
p2_S2_N2.70,2500.0,209.44,128.0,3,490.76
p2_S2_N2.71,2510.0,200.32,120.0,4,461.37
p2_S2_N2.72,2520.0,193.77,112.0,3,461.66
p2_N2_S2.91,2710.0,5.24,0.0,0,152.8
p2_W_N1.5,2461.0,256.11,142.0,9,542.74
p2_S2_N2.73,2631.0,85.97,25.0,2,288.39
p2_E_S1.10,2204.0,496.85,321.0,12,977.08
p2_N1_E.26,2583.0,119.23,70.0,5,405.2
p2_N1_E.27,2613.0,91.8,53.0,3,375.61
p2_N1_S1.86,2660.0,66.92,39.0,2,266.92
p2_N1_E.28,2643.0,63.6,33.0,2,340.18
p2_W_E.9,2386.0,322.99,218.0,10,709.33
p2_S1_N1.88,2680.0,41.32,30.0,1,222.13
p2_W_E.10,2421.0,289.81,183.0,9,653.47
p2_N1_S1.87,2670.0,54.53,38.0,1,241.53
p2_S1_N1.89,2690.0,34.07,21.0,1,214.49
p2_S1_N1.90,2700.0,33.22,16.0,1,223.02
p2_W_E.11,2425.0,287.72,181.0,9,648.7
p2_S1_N1.91,2710.0,25.33,9.0,1,208.9
p2_W_E.12,2428.0,286.13,175.0,9,639.98
p2_S1_N1.92,2720.0,14.58,1.0,1,195.76
p2_W_E.13,2434.0,279.54,170.0,9,650.32
p2_S1_N1.93,2730.0,6.41,0.0,0,155.54
p2_W_E.14,2437.0,276.61,163.0,8,641.17
p2_W_E.15,2440.0,280.15,162.0,8,647.51
p2_N1_S1.88,2680.0,63.86,41.0,2,260.61
p2_S1_N1.94,2740.0,5.5,0.0,0,148.96
p2_W_E.16,2443.0,281.84,157.0,8,666.29
p2_N1_S1.89,2690.0,56.05,37.0,2,254.68
p2_W_E.17,2449.0,273.21,155.0,9,645.39
p2_N1_S1.90,2700.0,46.39,26.0,2,230.85
p2_W_E.18,2452.0,267.53,151.0,8,613.0
p2_N1_S1.91,2710.0,42.04,19.0,2,229.23
p2_W_E.19,2455.0,274.51,150.0,9,617.99
p2_W_E.20,2458.0,275.68,148.0,8,638.31
p2_S2_N2.74,2634.0,123.78,57.0,4,347.54
p2_N2_S2.92,2720.0,37.67,26.0,1,217.27
p2_N2_S2.93,2730.0,29.5,17.0,1,209.13
p2_E_W.101,2208.0,525.34,344.0,13,1018.98
p2_S2_N2.75,2638.0,122.07,55.0,3,350.57
p2_N2_S2.94,2740.0,22.02,9.0,1,187.25
p2_N2_S2.95,2750.0,13.18,0.0,0,179.59
p2_E_W.102,2211.0,519.77,343.0,11,1009.27
p2_N2_S2.96,2760.0,5.79,0.0,0,150.8
p2_E_W.103,2214.0,528.96,343.0,13,1007.12
p2_E_W.104,2217.0,530.0,338.0,11,1012.95
p2_S2_N2.76,2644.0,126.64,55.0,4,347.74
p2_E_W.105,2220.0,515.37,363.0,11,1010.82
p2_S2_N2.77,2647.0,125.96,52.0,3,337.83
p2_S2_W.11,2133.0,618.94,500.0,12,1178.12
p2_S2_W.12,2163.0,581.38,469.0,10,1124.21
p2_N2_S2.97,2770.0,6.49,0.0,0,151.75
p2_S2_W.13,2193.0,562.39,433.0,10,1098.83
p2_S2_N2.78,2650.0,121.87,50.0,3,325.35
p2_E_W.106,2223.0,534.58,382.0,10,1073.23
p2_E_W.107,2226.0,517.67,378.0,13,1025.63
p2_E_W.108,2231.0,523.65,373.0,11,1019.23
p2_E_W.109,2243.0,520.64,371.0,12,1016.35
p2_W_N1.6,2503.0,284.03,159.0,11,593.82
p2_E_W.110,2246.0,520.01,368.0,11,1024.85
p2_E_S1.11,2251.0,513.45,367.0,13,1010.84
p2_S1_N1.95,2750.0,42.36,29.0,1,224.68
p2_N2_S2.98,2780.0,6.16,0.0,0,152.32
p2_N1_S1.92,2720.0,69.84,42.0,3,267.11
p2_S1_N1.96,2760.0,33.92,22.0,1,210.12
p2_N2_S2.99,2790.0,5.23,0.0,0,150.92
p2_N1_S1.93,2730.0,66.02,37.0,2,277.49
p2_S1_N1.97,2770.0,26.01,12.0,1,198.83
p2_S1_N1.98,2780.0,14.88,3.0,1,173.76
p2_S1_N1.99,2790.0,12.15,0.0,0,177.81
p2_W_E.21,2464.0,311.77,179.0,10,695.43
p2_N1_E.29,2673.0,109.45,77.0,3,396.24
p2_S1_N1.100,2800.0,5.23,0.0,0,150.24
p2_N1_E.30,2703.0,79.26,49.0,3,346.01
p2_N1_S1.94,2740.0,61.9,34.0,3,257.07
p2_N1_S1.95,2750.0,59.97,30.0,1,264.66
p2_W_E.22,2490.0,286.97,172.0,10,641.35
p2_N1_S1.96,2760.0,50.76,26.0,1,254.92
p2_W_E.23,2494.0,297.41,170.0,10,658.71
p2_W_E.24,2497.0,289.77,164.0,10,660.45
p2_W_E.25,2500.0,281.9,159.0,8,647.08
p2_N1_S1.97,2770.0,40.91,19.0,1,223.65
p2_N1_S1.98,2780.0,39.31,14.0,1,213.89
p2_N2_S2.100,2800.0,16.79,5.0,1,183.06
p2_S1_N1.101,2810.0,6.53,0.0,0,151.15
p2_N1_S1.99,2790.0,31.01,6.0,1,217.09
p2_E_W.111,2257.0,545.74,393.0,15,1047.56
p2_S2_N2.79,2678.0,147.57,77.0,4,372.07
p2_N2_S2.101,2810.0,6.86,0.0,0,155.12
p2_E_W.112,2307.0,495.92,356.0,14,994.86
p2_N2_S2.102,2820.0,5.9,0.0,0,149.06
p2_S2_W.14,2223.0,573.51,454.0,12,1129.74
p2_S2_N2.80,2681.0,140.51,75.0,4,367.64
p2_N2_S2.103,2830.0,5.36,0.0,0,151.83
p2_S2_W.15,2253.0,559.3,439.0,10,1099.74
p2_S2_N2.81,2684.0,152.71,71.0,3,373.08
p2_S2_W.16,2283.0,532.41,402.0,9,1069.73
p2_S2_N2.82,2690.0,148.35,69.0,3,385.94
p2_S2_W.17,2313.0,502.56,381.0,8,1032.16
p2_S2_N2.83,2694.0,143.67,71.0,4,389.42
p2_S2_W.18,2343.0,475.95,354.0,8,1001.47
p2_E_W.113,2310.0,511.17,377.0,10,1065.0
p2_S2_N2.84,2697.0,136.22,68.0,3,369.44
p2_E_W.114,2313.0,509.88,368.0,12,1055.69
p2_S2_N2.85,2703.0,139.7,66.0,3,379.37
p2_N2_S2.104,2840.0,5.28,0.0,0,146.66
p2_E_W.115,2316.0,508.59,364.0,13,1045.05
p2_S2_N2.86,2706.0,137.83,64.0,3,370.8
p2_E_W.116,2319.0,507.25,356.0,13,1051.69
p2_E_W.117,2322.0,506.2,358.0,13,1050.69
p2_E_W.118,2325.0,504.03,355.0,12,1036.84
p2_S2_W.19,2373.0,458.44,327.0,9,975.52
p2_S2_W.20,2403.0,426.26,300.0,10,924.86
p2_S2_N2.87,2709.0,131.72,65.0,3,366.62
p2_N2_S2.105,2850.0,6.03,0.0,0,153.38
p2_W_N1.7,2518.0,337.65,206.0,11,663.26
p2_S2_W.21,2433.0,401.97,269.0,10,881.88
p2_S2_N2.88,2715.0,142.27,63.0,3,380.89
p2_S2_N2.89,2718.0,141.02,61.0,3,382.29
p2_S2_N2.90,2721.0,139.67,59.0,3,392.69
p2_S1_N1.102,2820.0,37.35,25.0,1,211.34
p2_S1_N1.103,2830.0,32.84,18.0,1,214.62
p2_S1_N1.104,2840.0,24.54,9.0,1,206.68
p2_S2_N2.91,2727.0,131.03,59.0,3,345.71
p2_N1_E.31,2733.0,111.06,76.0,4,398.19
p2_S1_N1.105,2850.0,16.08,1.0,1,196.9
p2_S1_N1.106,2860.0,6.04,0.0,0,148.59
p2_N1_E.32,2763.0,72.46,43.0,2,324.98
p2_N1_S1.100,2800.0,72.54,44.0,2,282.55
p2_S1_N1.107,2870.0,5.66,0.0,0,149.24
p2_N1_S1.101,2810.0,66.47,42.0,2,266.27
p2_W_E.26,2506.0,329.49,205.0,11,724.84
p2_W_E.27,2509.0,349.71,198.0,10,751.52
p2_W_E.28,2512.0,348.73,198.0,10,757.26
p2_N1_S1.102,2820.0,55.97,39.0,2,246.82
p2_W_E.29,2515.0,347.49,193.0,10,765.75
p2_S2_N2.92,2731.0,153.49,75.0,6,383.65
p2_N1_S1.103,2830.0,54.1,35.0,2,240.06
p2_S1_N1.108,2880.0,5.05,0.0,0,143.86
p2_S2_N2.93,2734.0,152.52,72.0,5,378.65
p2_N1_S1.104,2840.0,46.57,25.0,2,231.57
p2_N2_S2.106,2860.0,24.14,13.0,1,193.74
p2_N2_S2.107,2870.0,18.09,6.0,1,193.57
p2_N2_S2.108,2880.0,6.49,0.0,0,152.85
p2_S2_W.22,2463.0,410.34,277.0,11,893.07
p2_S2_N2.94,2755.0,140.72,63.0,3,359.68
p2_N1_S1.105,2850.0,31.65,11.0,2,203.04
p2_S2_W.23,2493.0,382.04,244.0,11,830.1
p2_S2_N2.95,2758.0,139.4,62.0,3,369.89
p2_S2_N2.96,2762.0,135.02,60.0,3,354.77
p2_S2_W.24,2619.0,244.78,131.0,11,606.62
p2_E_W.119,2328.0,554.31,412.0,13,1096.96
p2_W_N1.8,2533.0,376.36,219.0,12,722.95
p2_E_W.120,2331.0,557.98,409.0,11,1094.67
p2_S2_N2.97,2770.0,143.54,63.0,5,390.3
p2_S2_N2.98,2780.0,135.45,61.0,5,363.56
p2_N2_S2.109,2890.0,8.02,0.0,0,150.8
p2_S2_N2.99,2790.0,127.31,52.0,4,351.88
p2_N2_S2.110,2900.0,17.77,0.0,0,165.79
p2_N2_S2.111,2910.0,7.25,0.0,0,161.04
p2_W_N1.9,2566.0,354.96,187.0,8,684.0
p2_S2_N2.100,2800.0,122.51,44.0,4,354.73
p2_S2_N2.101,2810.0,114.47,40.0,3,320.79
p2_S2_N2.102,2820.0,106.22,38.0,2,315.25
p2_N2_S2.112,2920.0,5.97,0.0,0,151.15
p2_E_S1.12,2334.0,574.52,429.0,14,1141.66
p2_S2_N2.103,2830.0,99.79,36.0,3,307.96
p2_N1_S1.106,2860.0,73.75,45.0,2,274.77
p2_S1_N1.109,2890.0,42.09,30.0,1,216.86
p2_N1_E.33,2793.0,122.81,86.0,4,413.83
p2_N1_S1.107,2870.0,62.52,41.0,2,261.62
p2_S1_N1.110,2900.0,37.83,24.0,1,224.3
p2_S1_N1.111,2910.0,28.27,14.0,1,210.97
p2_N1_S1.108,2880.0,60.26,36.0,1,252.74
p2_N1_E.34,2823.0,83.32,58.0,3,347.38
p2_S1_N1.112,2920.0,14.68,1.0,1,180.1
p2_S1_N1.113,2930.0,18.68,0.0,0,186.77
p2_N1_E.35,2853.0,54.35,26.0,2,290.0
p2_S1_N1.114,2940.0,10.29,0.0,0,164.8
p2_W_E.30,2521.0,400.34,253.0,11,830.76
p2_W_E.31,2524.0,407.17,246.0,13,842.17
p2_N1_S1.109,2890.0,62.67,42.0,2,254.64
p2_W_E.32,2527.0,405.97,235.0,11,844.89
p2_N1_S1.110,2900.0,53.57,34.0,2,245.44
p2_W_E.33,2530.0,404.6,232.0,11,845.68
p2_S1_N1.115,2950.0,5.83,0.0,0,155.28
p2_N1_S1.111,2910.0,46.37,25.0,2,231.39
p2_W_E.34,2536.0,399.41,219.0,13,842.04
p2_W_E.35,2539.0,399.05,217.0,11,834.3
p2_N1_S1.112,2920.0,40.74,18.0,2,228.3
p2_W_E.36,2542.0,385.16,209.0,12,789.86
p2_N1_S1.113,2930.0,32.85,9.0,2,220.09
p2_W_E.37,2545.0,397.35,206.0,10,797.83
p2_N1_S1.114,2940.0,24.48,2.0,1,206.75
p2_W_E.38,2570.0,374.16,191.0,9,779.83
p2_S2_N2.104,2840.0,124.44,62.0,4,349.34
p2_N2_S2.113,2930.0,34.95,24.0,1,210.5
p2_N2_S2.114,2940.0,28.73,16.0,1,207.08
p2_N2_S2.115,2950.0,20.57,8.0,1,201.6
p2_E_W.121,2337.0,612.44,459.0,12,1182.36
p2_N2_S2.116,2960.0,11.12,0.0,0,184.13
p2_S2_W.25,2641.0,310.47,183.0,9,702.62
p2_S2_N2.105,2850.0,111.41,53.0,3,331.38
p2_E_W.122,2340.0,614.07,475.0,12,1177.05
p2_N2_S2.117,2970.0,6.13,0.0,0,152.33
p2_E_W.123,2343.0,610.39,470.0,12,1167.62
p2_E_W.124,2346.0,608.88,466.0,12,1156.04
p2_S2_N2.106,2860.0,122.34,49.0,4,362.04
p2_E_W.125,2350.0,604.35,457.0,12,1142.38
p2_S2_N2.107,2870.0,114.44,39.0,5,342.06
p2_E_W.126,2353.0,607.57,454.0,12,1151.67
p2_S2_N2.108,2880.0,106.22,33.0,3,324.15
p2_E_W.127,2388.0,578.37,426.0,12,1105.62
p2_S2_W.26,2655.0,307.35,186.0,9,699.44
p2_S2_W.27,2687.0,281.44,165.0,7,666.16
p2_S2_W.28,2700.0,268.1,147.0,8,653.5
p2_S2_W.29,2712.0,253.1,138.0,6,606.58
p2_S2_W.30,2724.0,252.24,130.0,6,611.37
p2_E_W.128,2392.0,584.64,451.0,13,1132.78
p2_E_W.129,2395.0,579.5,441.0,11,1124.03
p2_W_N1.10,2582.0,419.35,244.0,13,779.6
p2_W_E.39,2572.0,410.51,230.0,12,831.49
p2_N1_S1.115,2950.0,54.46,32.0,2,257.04
p2_N2_S2.118,2980.0,7.43,0.0,0,156.48
p2_N2_S2.119,2990.0,10.63,0.0,0,161.19
p2_S1_N1.116,2960.0,43.16,32.0,1,220.11
p2_S1_N1.117,2970.0,38.43,25.0,1,219.68
p2_W_E.40,2576.0,400.15,219.0,9,815.93
p2_N1_S1.116,2960.0,42.12,30.0,1,214.78
p2_S1_N1.118,2980.0,30.09,17.0,1,213.43
p2_N1_E.36,2883.0,107.06,69.0,3,401.12
p2_N1_S1.117,2970.0,42.31,26.0,1,234.81
p2_S1_N1.119,2990.0,19.85,7.0,1,192.1
p2_S1_N1.120,3000.0,13.67,0.0,0,195.6
p2_N1_E.37,2913.0,78.96,43.0,3,354.99
p2_S1_N1.121,3010.0,5.55,0.0,0,152.47
p2_N1_E.38,2943.0,42.07,12.0,2,294.47
p2_W_E.41,2579.0,409.04,228.0,10,840.71
p2_N1_S1.118,2980.0,41.41,24.0,2,223.91
p2_N2_S2.120,3000.0,21.68,10.0,1,190.6
p2_N2_S2.121,3010.0,13.5,3.0,1,178.25
p2_N2_S2.122,3020.0,5.57,0.0,0,152.33
p2_E_W.130,2398.0,607.69,464.0,13,1164.51
p2_S2_N2.109,2890.0,141.94,59.0,4,366.37
p2_N2_S2.123,3030.0,5.68,0.0,0,148.64
p2_S2_N2.110,2900.0,130.4,57.0,4,352.19
p2_S2_N2.111,2910.0,129.73,55.0,4,360.32
p2_W_N1.11,2647.0,384.49,225.0,11,723.42
p2_S2_N2.112,2920.0,117.73,47.0,3,334.09
p2_S2_N2.113,2930.0,113.12,46.0,3,324.72
p2_S2_N2.114,2940.0,104.71,45.0,3,332.01
p2_W_N1.12,2731.0,318.27,180.0,13,631.14
p2_N2_S2.124,3040.0,6.26,0.0,0,143.48
p2_S2_N2.115,2950.0,105.32,44.0,4,331.66
p2_S2_N2.116,2960.0,95.84,38.0,2,311.89
p2_W_N1.13,2788.0,271.83,149.0,9,573.76
p2_S2_N2.117,2970.0,89.8,32.0,2,308.33
p2_N2_S2.125,3050.0,6.2,0.0,0,154.46
p2_S2_N2.118,2980.0,81.69,25.0,3,278.26
p2_N2_S2.126,3060.0,5.99,0.0,0,156.95
p2_S2_N2.119,2990.0,76.89,19.0,1,286.11
p2_S2_N2.120,3000.0,67.76,19.0,1,274.33
p2_W_N1.14,2803.0,267.87,138.0,10,559.34
p2_E_S1.13,2401.0,650.19,498.0,14,1217.73
p2_N1_E.39,2973.0,78.76,55.0,3,346.6
p2_S1_N1.122,3020.0,54.78,44.0,1,242.11
p2_N1_S1.119,2990.0,83.14,60.0,3,295.45
p2_S1_N1.123,3030.0,48.01,35.0,1,241.98
p2_S1_N1.124,3040.0,36.4,24.0,1,212.63
p2_N1_S1.120,3000.0,71.91,49.0,2,273.84
p2_S1_N1.125,3050.0,32.79,19.0,1,215.55
p2_W_E.42,2590.0,453.28,277.0,14,893.02
p2_W_E.43,2602.0,452.17,268.0,14,888.94
p2_S1_N1.126,3060.0,22.99,9.0,1,209.41
p2_W_E.44,2638.0,422.65,245.0,15,835.07
p2_S1_N1.127,3070.0,12.12,0.0,0,175.14
p2_W_E.45,2642.0,424.22,242.0,16,852.38
p2_S1_N1.128,3080.0,10.7,0.0,0,172.12
p2_W_E.46,2656.0,410.09,236.0,16,837.95
p2_W_E.47,2670.0,401.9,233.0,16,823.36
p2_N1_S1.121,3010.0,83.1,57.0,3,289.85
p2_W_E.48,2715.0,358.7,199.0,11,754.62
p2_N1_S1.122,3020.0,75.34,53.0,2,276.71
p2_S1_N1.129,3090.0,5.93,0.0,0,158.14
p2_W_E.49,2718.0,357.43,195.0,13,757.45
p2_N1_S1.123,3030.0,67.14,47.0,2,269.94
p2_W_E.50,2723.0,353.5,195.0,12,756.97
p2_W_E.51,2776.0,302.97,167.0,11,692.8
p2_W_E.52,2779.0,301.82,163.0,10,704.6
p2_N1_S1.124,3040.0,61.82,38.0,2,253.02
p2_W_E.53,2782.0,300.49,163.0,11,711.73
p2_W_E.54,2785.0,299.22,161.0,11,698.27
p2_N1_S1.125,3050.0,50.89,29.0,2,235.5
p2_W_E.55,2791.0,284.06,155.0,11,681.88
p2_S2_N2.121,3010.0,98.19,51.0,3,306.85
p2_N1_S1.126,3060.0,48.5,22.0,2,237.94
p2_S2_N2.122,3020.0,90.01,50.0,2,302.82
p2_S1_N1.130,3100.0,6.08,0.0,0,151.49
p2_N2_S2.127,3070.0,33.24,23.0,1,211.94
p2_N2_S2.128,3080.0,28.21,15.0,1,198.77
p2_E_W.131,2404.0,688.46,528.0,14,1283.94
p2_S2_N2.123,3030.0,79.22,40.0,2,284.91
p2_N2_S2.129,3090.0,24.91,9.0,1,208.89
p2_E_W.132,2407.0,687.35,521.0,16,1285.75
p2_N2_S2.130,3100.0,15.17,1.0,1,196.09
p2_N2_S2.131,3110.0,8.09,0.0,0,175.89
p2_E_W.133,2410.0,679.56,519.0,18,1263.43
p2_S2_N2.124,3040.0,80.62,34.0,2,305.02
p2_E_W.134,2413.0,688.01,518.0,14,1272.15
p2_S2_W.31,2737.0,365.3,225.0,12,777.82
p2_S2_N2.125,3050.0,69.74,28.0,1,271.82
p2_S2_W.32,2765.0,331.25,196.0,9,723.17
p2_S2_N2.126,3060.0,64.6,27.0,2,269.98
p2_S2_W.33,2793.0,312.04,179.0,9,705.47
p2_N2_S2.132,3120.0,6.08,0.0,0,144.34
p2_S2_W.34,2823.0,285.6,163.0,7,675.06
p2_E_W.135,2416.0,694.86,529.0,15,1301.78
p2_E_W.136,2419.0,693.61,526.0,14,1327.09
p2_N2_S2.133,3130.0,4.87,0.0,0,153.82
p2_E_W.137,2422.0,692.43,523.0,16,1319.98
p2_E_W.138,2425.0,691.3,518.0,14,1299.83
p2_E_W.139,2428.0,685.18,512.0,15,1279.23
p2_E_W.140,2467.0,652.98,478.0,14,1228.5
p2_E_S1.14,2470.0,650.76,477.0,14,1223.87
p2_W_N1.15,2818.0,323.42,180.0,13,647.76
p2_S1_N1.131,3110.0,36.6,26.0,1,221.18
p2_W_E.56,2794.0,335.15,193.0,12,741.58
p2_S1_N1.132,3120.0,27.37,16.0,1,196.19
p2_N1_S1.127,3070.0,70.77,40.0,2,275.47
p2_W_E.57,2797.0,334.15,193.0,15,748.07
p2_S1_N1.133,3130.0,19.99,7.0,1,189.17
p2_N1_S1.128,3080.0,71.18,35.0,3,278.37
p2_W_E.58,2800.0,333.16,187.0,12,731.19
p2_S1_N1.134,3140.0,10.27,0.0,0,171.53
p2_N1_E.40,3003.0,131.36,95.0,4,432.59
p2_S1_N1.135,3150.0,5.89,0.0,0,147.7
p2_N1_E.41,3033.0,101.3,70.0,3,372.16
p2_N1_S1.129,3090.0,51.51,30.0,1,244.7
p2_N1_S1.130,3100.0,62.36,31.0,2,263.57
p2_N1_S1.131,3110.0,52.72,30.0,2,236.36
p2_S1_N1.136,3160.0,6.3,0.0,0,152.78
p2_N1_S1.132,3120.0,46.99,26.0,2,242.38
p2_N1_E.42,3063.0,62.56,27.0,3,314.52
p2_W_E.59,2806.0,342.99,186.0,13,735.58
p2_W_E.60,2809.0,341.8,185.0,16,752.36
p2_N1_S1.133,3130.0,37.64,16.0,1,214.39
p2_W_E.61,2812.0,337.59,180.0,12,738.68
p2_N1_S1.134,3140.0,31.29,8.0,1,210.35
p2_W_E.62,2815.0,339.17,177.0,15,740.8
p2_N1_S1.135,3150.0,25.82,1.0,1,209.44
p2_N2_S2.134,3140.0,28.69,18.0,1,197.68
p2_N2_S2.135,3150.0,22.77,10.0,1,190.91
p2_E_W.141,2473.0,682.83,505.0,15,1277.44
p2_N2_S2.136,3160.0,22.3,7.0,1,197.03
p2_E_W.142,2476.0,682.79,507.0,15,1286.47
p2_N2_S2.137,3170.0,13.99,0.0,0,198.61
p2_E_W.143,2479.0,684.63,504.0,17,1286.44
p2_N2_S2.138,3180.0,5.75,0.0,0,159.79
p2_E_W.144,2482.0,683.3,494.0,16,1293.21
p2_E_W.145,2485.0,680.03,498.0,13,1279.81
p2_S2_W.35,2853.0,315.37,185.0,10,736.57
p2_S2_N2.127,3070.0,109.22,73.0,3,329.83
p2_S2_N2.128,3080.0,112.92,71.0,3,337.18
p2_S2_N2.129,3090.0,104.62,67.0,3,339.13
p2_S2_N2.130,3100.0,96.36,57.0,3,329.1
p2_S2_N2.131,3110.0,87.14,47.0,3,310.69
p2_S2_N2.132,3120.0,79.86,39.0,2,313.49
p2_E_W.146,2488.0,664.93,507.0,14,1251.08
p2_S2_W.36,2883.0,298.09,161.0,11,700.72
p2_S2_W.37,2913.0,264.57,138.0,8,639.04
p2_S2_W.38,2943.0,241.69,131.0,7,627.62
p2_S2_W.39,2973.0,212.99,113.0,5,575.23
p2_N2_S2.139,3190.0,6.87,0.0,0,152.84
p2_S2_W.40,3003.0,181.41,98.0,5,539.17
p2_N2_S2.140,3200.0,10.74,0.0,0,158.61
p2_E_W.147,2491.0,691.23,533.0,14,1310.73
p2_S2_N2.133,3130.0,82.04,43.0,4,281.13
p2_E_W.148,2494.0,698.31,530.0,16,1309.41
p2_W_N1.16,2856.0,357.72,208.0,18,707.09
p2_E_W.149,2497.0,697.06,523.0,15,1301.83
p2_E_S1.15,2503.0,685.92,514.0,14,1273.02
p2_E_W.150,2500.0,695.78,517.0,15,1301.34
p2_S1_N1.137,3170.0,47.5,35.0,1,231.97
p2_N1_E.43,3093.0,97.98,61.0,4,373.98
p2_S1_N1.138,3180.0,39.82,29.0,1,223.09
p2_N1_E.44,3123.0,75.83,45.0,3,349.35
p2_S1_N1.139,3190.0,30.21,19.0,1,209.24
p2_W_E.63,2821.0,372.28,219.0,15,762.57
p2_S1_N1.140,3200.0,24.44,11.0,1,201.83
p2_W_E.64,2845.0,359.53,197.0,13,768.48
p2_S1_N1.141,3210.0,13.31,0.0,0,181.04
p2_W_E.65,2849.0,357.32,201.0,16,765.03
p2_S1_N1.142,3220.0,8.68,0.0,0,165.68
p2_W_E.66,2852.0,355.99,198.0,17,774.9
p2_N1_S1.136,3160.0,72.35,45.0,2,265.47
p2_N2_S2.141,3210.0,24.52,14.0,1,201.62
p2_N1_S1.137,3170.0,65.22,43.0,2,267.3
p2_S1_N1.143,3230.0,5.76,0.0,0,154.14
p2_S2_N2.134,3140.0,92.72,61.0,4,301.54
p2_N2_S2.142,3220.0,16.52,4.0,1,190.57
p2_N1_S1.138,3180.0,57.12,36.0,2,251.17
p2_N2_S2.143,3230.0,7.33,0.0,0,156.66
p2_N1_S1.139,3190.0,51.05,30.0,2,239.65
p2_N1_S1.140,3200.0,43.1,20.0,2,223.88
p2_S2_N2.135,3150.0,79.28,45.0,3,274.11
p2_S1_N1.144,3240.0,5.14,0.0,0,142.37
p2_S2_N2.136,3160.0,84.12,39.0,3,291.82
p2_N2_S2.144,3240.0,6.66,0.0,0,157.18
p2_N1_S1.141,3210.0,31.59,8.0,2,203.69
p2_S2_N2.137,3170.0,78.73,32.0,4,294.12
p2_S2_N2.138,3180.0,68.89,23.0,3,269.63
p2_E_W.151,2506.0,718.99,541.0,16,1315.78
p2_S2_N2.139,3190.0,63.5,14.0,2,262.27
p2_E_W.152,2584.0,642.24,471.0,13,1193.5
p2_N2_S2.145,3250.0,6.05,0.0,0,148.47
p2_E_W.153,2655.0,581.27,410.0,12,1088.3
p2_E_W.154,2659.0,575.87,404.0,12,1096.85
p2_E_W.155,2662.0,570.95,404.0,13,1100.26
p2_S2_N2.140,3200.0,50.81,14.0,2,248.33
p2_S2_W.41,3033.0,205.44,117.0,6,553.61
p2_S2_N2.141,3210.0,42.7,13.0,1,222.51
p2_E_W.156,2665.0,571.38,419.0,10,1114.7
p2_N2_S2.146,3260.0,5.72,0.0,0,151.65
p2_E_W.157,2668.0,576.8,412.0,13,1092.02
p2_S2_N2.142,3220.0,37.22,13.0,1,204.2
p2_S2_N2.143,3230.0,38.08,11.0,1,220.41
p2_E_W.158,2671.0,566.79,409.0,11,1076.29
p2_S2_N2.144,3240.0,30.86,4.0,1,222.31
p2_E_W.159,2674.0,576.1,407.0,11,1087.0
p2_E_W.160,2678.0,575.45,404.0,13,1094.6
p2_S2_W.42,3063.0,189.7,116.0,5,550.28
p2_N1_E.45,3153.0,89.75,56.0,3,362.79
p2_S2_W.43,3093.0,163.3,98.0,5,497.0
p2_N1_E.46,3183.0,74.09,41.0,3,336.95
p2_W_E.67,2865.0,394.15,232.0,18,832.0
p2_W_N1.17,2923.0,355.64,214.0,14,702.83
p2_S2_W.44,3123.0,135.01,71.0,4,444.94
p2_W_E.68,2912.0,337.63,210.0,12,718.25
p2_S1_N1.145,3250.0,31.58,20.0,1,207.89
p2_E_S1.16,2732.0,517.36,387.0,10,1007.1
p2_W_E.69,2916.0,338.07,207.0,13,719.11
p2_W_E.70,2919.0,340.98,204.0,14,737.62
p2_S1_N1.146,3260.0,26.36,15.0,1,197.91
p2_S1_N1.147,3270.0,18.19,6.0,1,189.99
p2_S1_N1.148,3280.0,9.93,0.0,0,169.26
p2_S1_N1.149,3290.0,6.06,0.0,0,161.41
p2_N1_S1.142,3220.0,75.44,41.0,3,280.95
p2_N2_S2.147,3270.0,23.25,13.0,1,198.33
p2_N1_S1.143,3230.0,68.96,40.0,3,278.2
p2_N2_S2.148,3280.0,19.2,6.0,1,190.65
p2_N2_S2.149,3290.0,10.94,0.0,0,185.53
p2_S2_N2.145,3250.0,55.18,26.0,2,261.32
p2_N1_S1.144,3240.0,54.35,36.0,2,235.16
p2_N1_S1.145,3250.0,58.04,35.0,2,249.22
p2_S2_N2.146,3260.0,46.17,23.0,2,230.3
p2_N1_S1.146,3260.0,46.53,26.0,2,237.19
p2_S2_N2.147,3270.0,39.55,21.0,2,220.35
p2_N1_S1.147,3270.0,41.36,18.0,3,238.95
p2_N2_S2.150,3300.0,5.84,0.0,0,148.14
p2_S2_N2.148,3280.0,31.75,10.0,2,205.06
p2_S1_N1.150,3300.0,6.1,0.0,0,149.4
p2_S2_N2.149,3290.0,25.96,1.0,1,206.33
p2_E_W.161,2736.0,563.81,415.0,11,1072.22
p2_S2_N2.150,3300.0,21.23,0.0,0,203.21
p2_N2_S2.151,3310.0,6.45,0.0,0,148.59
p2_S2_N2.151,3310.0,13.4,0.0,0,189.56
p2_S2_N2.152,3320.0,5.17,0.0,0,152.08
p2_E_W.162,2739.0,558.37,414.0,11,1063.72
p2_N2_S2.152,3320.0,5.58,0.0,0,149.62
p2_E_W.163,2742.0,561.31,409.0,10,1074.54
p2_E_W.164,2745.0,563.38,405.0,11,1095.22
p2_E_W.165,2751.0,558.24,405.0,10,1054.34
p2_E_W.166,2813.0,493.49,352.0,10,958.42
p2_N1_E.47,3213.0,97.61,58.0,5,372.36
p2_S2_W.45,3153.0,160.21,91.0,5,484.39
p2_N1_E.48,3243.0,70.91,39.0,3,336.55
p2_S2_W.46,3183.0,131.98,61.0,6,451.64
p2_S2_W.47,3213.0,102.41,44.0,3,404.48
p2_N1_E.49,3273.0,43.32,16.0,2,271.72
p2_E_W.167,2816.0,502.88,365.0,9,989.36
p2_E_W.168,2820.0,500.59,362.0,10,996.68
p2_E_W.169,2826.0,496.42,355.0,9,984.18
p2_E_W.170,2889.0,432.01,304.0,9,865.11
p2_W_E.71,2932.0,389.47,249.0,17,788.92
p2_W_E.72,2983.0,344.97,216.0,12,734.74
p2_W_N1.18,2997.0,347.85,210.0,12,689.25
p2_N1_S1.148,3280.0,68.09,39.0,3,265.98
p2_W_E.73,2987.0,335.87,214.0,11,718.98
p2_N1_S1.149,3290.0,65.42,31.0,2,272.28
p2_W_E.74,2990.0,336.97,208.0,11,728.64
p2_N1_S1.150,3300.0,56.41,29.0,1,272.32
p2_S1_N1.151,3310.0,31.46,21.0,1,200.37
p2_W_E.75,2994.0,343.39,203.0,12,728.74
p2_S1_N1.152,3320.0,30.86,14.0,1,203.77
p2_N1_S1.151,3310.0,52.46,28.0,1,241.74
p2_S1_N1.153,3330.0,32.09,11.0,1,208.75
p2_S1_N1.154,3340.0,23.83,3.0,1,203.49
p2_N1_S1.152,3320.0,45.14,28.0,1,229.79
p2_S1_N1.155,3350.0,13.89,0.0,0,173.98
p2_S2_N2.153,3330.0,36.16,26.0,1,220.37
p2_N2_S2.153,3330.0,36.98,25.0,1,215.56
p2_N1_S1.153,3330.0,35.48,17.0,1,214.01
p2_N2_S2.154,3340.0,29.08,17.0,1,203.14
p2_S1_N1.156,3360.0,6.05,0.0,0,148.51
p2_N1_S1.154,3340.0,32.42,12.0,1,214.28
p2_N1_S1.155,3350.0,24.19,3.0,1,195.52
p2_N2_S2.155,3350.0,16.48,5.0,1,180.28
p2_S1_N1.157,3370.0,6.39,0.0,0,147.1
p2_N2_S2.156,3360.0,16.89,0.0,0,186.55
p2_N2_S2.157,3370.0,8.67,0.0,0,159.83
p2_N1_S1.156,3360.0,12.86,0.0,0,171.88
p2_S2_N2.154,3340.0,41.9,24.0,2,229.22
p2_S2_N2.155,3350.0,33.75,15.0,2,220.61
p2_N2_S2.158,3380.0,6.35,0.0,0,155.86
p2_W_N1.19,3012.0,378.96,228.0,14,737.84
p2_S2_N2.156,3360.0,19.75,5.0,1,173.09
p2_S2_N2.157,3370.0,24.11,3.0,1,198.99
p2_S2_N2.158,3380.0,12.97,0.0,0,185.77
p2_N2_S2.159,3390.0,6.24,0.0,0,151.96
p2_S2_N2.159,3390.0,6.98,0.0,0,158.06
p2_W_N1.20,3071.0,327.84,184.0,13,649.82
p2_S2_N2.160,3400.0,5.72,0.0,0,147.55
p2_W_N1.21,3126.0,285.72,155.0,10,583.15
p2_N1_E.50,3303.0,79.71,50.0,2,345.29
p2_W_N1.22,3141.0,281.08,143.0,12,592.4
p2_N1_E.51,3333.0,51.77,26.0,2,303.65
p2_W_E.76,3000.0,402.03,246.0,15,828.71
p2_W_E.77,3003.0,400.74,241.0,16,847.3
p2_W_E.78,3006.0,391.29,242.0,15,829.9
p2_W_E.79,3009.0,391.11,234.0,16,838.92
p2_E_S1.17,2893.0,508.3,374.0,12,997.75
p2_W_E.80,3015.0,394.15,225.0,16,856.18
p2_S1_N1.158,3380.0,50.94,38.0,1,232.88
p2_W_E.81,3018.0,392.13,220.0,16,825.68
p2_W_E.82,3023.0,387.27,217.0,16,825.17
p2_W_E.83,3062.0,352.48,189.0,14,776.1
p2_W_E.84,3114.0,302.11,161.0,10,705.77
p2_S1_N1.159,3390.0,36.34,24.0,1,215.63
p2_W_E.85,3117.0,288.87,156.0,9,651.51
p2_S1_N1.160,3400.0,39.43,22.0,1,215.95
p2_W_E.86,3120.0,301.14,157.0,11,695.18
p2_W_E.87,3123.0,299.92,158.0,13,684.7
p2_W_E.88,3129.0,289.15,150.0,14,662.21
p2_S1_N1.161,3410.0,18.86,7.0,1,181.59
p2_W_E.89,3132.0,292.74,150.0,11,660.67
p2_N1_S1.157,3370.0,77.65,58.0,2,273.79
p2_S1_N1.162,3420.0,26.86,5.0,1,198.95
p2_N1_S1.158,3380.0,70.1,53.0,2,265.54
p2_S1_N1.163,3430.0,20.03,0.0,0,198.73
p2_S2_N2.161,3410.0,32.22,22.0,1,203.52
p2_N1_S1.159,3390.0,58.78,42.0,2,243.86
p2_N2_S2.160,3400.0,41.67,30.0,1,222.67
p2_S2_N2.162,3420.0,34.51,18.0,1,215.87
p2_N2_S2.161,3410.0,45.86,27.0,1,232.39
p2_N2_S2.162,3420.0,37.53,20.0,1,232.54
p2_N2_S2.163,3430.0,27.93,11.0,1,225.59
p2_S1_N1.164,3440.0,6.7,0.0,0,150.87
p2_N2_S2.164,3440.0,21.1,3.0,1,224.1
p2_S1_N1.165,3450.0,6.05,0.0,0,150.71
p2_N2_S2.165,3450.0,11.77,0.0,0,204.03
p2_E_W.171,2896.0,551.22,408.0,12,1070.21
p2_E_W.172,2899.0,549.65,406.0,13,1058.25
p2_E_W.173,2902.0,546.4,400.0,15,1052.42
p2_N2_S2.166,3460.0,6.44,0.0,0,151.19
p2_E_W.174,2908.0,545.98,398.0,14,1043.16
p2_S2_N2.163,3430.0,45.55,29.0,2,228.1
p2_N2_S2.167,3470.0,6.08,0.0,0,150.61
p2_E_W.175,2954.0,501.69,358.0,10,968.09
p2_S2_N2.164,3440.0,36.03,18.0,2,215.92
p2_S2_W.48,3243.0,209.0,150.0,7,567.79
p2_S2_N2.165,3450.0,30.96,16.0,1,210.77
p2_S2_W.49,3273.0,178.52,127.0,6,495.42
p2_W_E.90,3135.0,327.95,187.0,14,710.13
p2_S2_W.50,3303.0,159.68,103.0,4,480.89
p2_E_W.176,2958.0,498.05,364.0,11,979.11
p2_E_W.177,2961.0,505.21,360.0,11,990.47
p2_E_W.178,2964.0,505.81,357.0,12,997.6
p2_W_E.91,3138.0,320.26,183.0,11,701.65
p2_E_W.179,2967.0,504.64,351.0,11,1011.34
p2_W_E.92,3144.0,328.25,175.0,11,731.53
p2_E_W.180,2970.0,503.34,351.0,13,998.7
p2_N1_E.52,3363.0,99.9,74.0,3,387.71
p2_N1_E.53,3393.0,71.1,45.0,3,319.69
p2_W_E.93,3147.0,332.18,178.0,13,714.45
p2_E_S1.18,2973.0,499.46,350.0,12,992.49
p2_W_E.94,3150.0,330.79,175.0,12,736.6
p2_W_N1.23,3155.0,338.71,188.0,16,683.19
p2_N1_S1.160,3400.0,101.58,75.0,4,314.3
p2_W_E.95,3153.0,328.74,171.0,14,740.88
p2_N1_S1.161,3410.0,95.45,64.0,4,310.89
p2_S1_N1.166,3460.0,41.04,30.0,1,229.11
p2_S1_N1.167,3470.0,36.72,21.0,1,220.42
p2_N1_S1.162,3420.0,85.15,51.0,4,291.52
p2_S1_N1.168,3480.0,22.4,10.0,1,189.84
p2_S1_N1.169,3490.0,15.07,2.0,1,177.18
p2_S1_N1.170,3500.0,5.95,0.0,0,150.12
p2_N2_S2.168,3480.0,38.53,28.0,1,215.59
p2_S1_N1.171,3510.0,8.71,0.0,0,151.84
p2_N1_S1.163,3430.0,92.13,52.0,5,304.5
p2_N2_S2.169,3490.0,28.89,19.0,1,204.26
p2_N1_S1.164,3440.0,83.14,45.0,3,285.82
p2_N1_S1.165,3450.0,76.43,39.0,3,276.42
p2_N2_S2.170,3500.0,19.26,7.0,1,188.02
p2_S1_N1.172,3520.0,6.05,0.0,0,148.47
p2_N2_S2.171,3510.0,8.81,0.0,0,163.08
p2_N2_S2.172,3520.0,11.83,0.0,0,166.17
p2_S2_N2.166,3460.0,72.94,49.0,3,270.96
p2_S2_N2.167,3470.0,64.45,40.0,3,251.11
p2_N1_S1.166,3460.0,67.2,34.0,3,259.08
p2_N1_S1.167,3470.0,68.06,33.0,2,264.15
p2_S2_N2.168,3480.0,55.09,36.0,2,242.69
p2_E_W.181,2977.0,540.86,384.0,12,1049.21
p2_E_W.182,3024.0,495.77,345.0,13,986.02
p2_S2_N2.169,3490.0,51.48,29.0,2,232.54
p2_E_W.183,3028.0,493.6,340.0,12,971.05
p2_S2_N2.170,3500.0,43.54,21.0,2,222.89
p2_E_W.184,3031.0,492.65,338.0,11,966.35
p2_S2_N2.171,3510.0,34.14,13.0,2,201.31
p2_E_W.185,3034.0,491.44,340.0,12,969.81
p2_S2_N2.172,3520.0,30.07,4.0,2,200.69
p2_N2_S2.173,3530.0,6.27,0.0,0,154.1
p2_N2_S2.174,3540.0,10.74,0.0,0,158.58
p2_E_W.186,3037.0,486.04,336.0,10,947.77
p2_S2_N2.173,3530.0,20.01,3.0,1,196.88
p2_E_W.187,3040.0,486.49,333.0,11,949.5
p2_E_W.188,3043.0,490.98,332.0,10,973.06
p2_N2_S2.175,3550.0,6.24,0.0,0,145.78
p2_E_W.189,3046.0,485.67,330.0,11,960.13
p2_S2_N2.174,3540.0,11.4,0.0,0,172.94
p2_S2_W.51,3333.0,202.8,142.0,6,546.78
p2_S2_W.52,3363.0,175.45,106.0,6,509.53
p2_S2_N2.175,3550.0,11.82,0.0,0,173.62
p2_S2_W.53,3393.0,141.93,94.0,3,427.09
p2_E_W.190,3049.0,494.07,346.0,12,985.08
p2_N1_E.54,3423.0,121.31,77.0,6,422.74
p2_W_N1.24,3174.0,394.57,223.0,19,750.09
p2_N1_E.55,3453.0,90.84,46.0,3,363.27
p2_W_E.96,3159.0,388.64,224.0,17,806.62
p2_S1_N1.173,3530.0,42.34,31.0,1,225.05
p2_W_E.97,3161.0,390.76,220.0,16,813.25
p2_E_S1.19,3052.0,489.76,338.0,12,995.5
p2_S1_N1.174,3540.0,34.65,23.0,1,208.81
p2_N1_S1.168,3480.0,95.66,63.0,3,313.58
p2_W_E.98,3165.0,381.46,216.0,16,782.43
p2_W_E.99,3168.0,378.99,215.0,18,783.43
p2_W_E.100,3171.0,389.7,210.0,20,795.14
p2_S1_N1.175,3550.0,18.35,7.0,1,183.21
p2_N1_S1.169,3490.0,96.63,58.0,4,315.35
p2_S1_N1.176,3560.0,27.19,6.0,1,202.92
p2_S1_N1.177,3570.0,18.92,0.0,0,199.43
p2_S1_N1.178,3580.0,6.3,0.0,0,150.95
p2_N1_S1.170,3500.0,81.44,44.0,4,289.29
p2_S1_N1.179,3590.0,6.95,0.0,0,146.0
p2_N1_S1.171,3510.0,87.47,38.0,4,291.45
p2_N1_S1.172,3520.0,80.76,35.0,3,287.4
p2_N1_S1.173,3530.0,62.16,31.0,2,257.56
p2_N1_S1.174,3540.0,64.32,27.0,1,257.9
p2_N2_S2.176,3560.0,44.6,33.0,1,231.87
p2_E_W.191,3055.0,529.04,370.0,12,1044.64
p2_N2_S2.177,3570.0,36.47,26.0,1,215.3
p2_S2_N2.176,3560.0,40.04,29.0,1,210.45
p2_E_W.192,3058.0,523.35,367.0,14,1037.02
p2_S2_N2.177,3570.0,41.72,25.0,1,234.25
p2_N2_S2.178,3580.0,27.23,16.0,1,204.08
p2_E_W.193,3107.0,479.29,329.0,11,953.45
p2_E_W.194,3164.0,428.74,291.0,9,890.25
p2_N2_S2.179,3590.0,17.66,5.0,1,181.1
p2_E_W.195,3167.0,427.5,289.0,10,904.26
p2_E_W.196,3170.0,424.76,284.0,10,897.44
p2_E_W.197,3173.0,424.86,281.0,10,898.89
p2_E_W.198,3176.0,423.62,279.0,9,890.0
p2_N1_E.56,3483.0,106.59,67.0,5,390.52
p2_N1_E.57,3513.0,89.03,35.0,4,360.25
p2_E_W.199,3179.0,414.82,279.0,12,859.21
p2_S2_W.54,3423.0,181.34,116.0,6,501.25
p2_E_W.200,3182.0,420.44,289.0,9,866.85
p2_S2_W.55,3453.0,153.95,104.0,5,480.46
p2_W_E.101,3203.0,401.36,236.0,20,796.44
p2_S2_W.56,3483.0,126.49,76.0,4,432.96
p2_S2_W.57,3513.0,97.56,47.0,4,409.82
p2_S2_W.58,3543.0,71.45,25.0,1,367.68
p2_W_E.102,3206.0,398.25,229.0,16,793.31
p2_W_E.103,3209.0,411.12,225.0,19,808.87
p2_W_N1.25,3221.0,419.77,246.0,24,788.85
p2_W_E.104,3213.0,404.75,226.0,20,820.27
p2_E_S1.20,3185.0,435.61,311.0,11,903.13
p2_N1_S1.175,3550.0,100.5,70.0,3,317.63
p2_N1_S1.176,3560.0,92.37,62.0,3,307.65
p2_N1_S1.177,3570.0,84.43,50.0,2,295.19
p2_E_W.201,3188.0,451.51,322.0,10,918.58
p2_E_W.202,3191.0,447.68,317.0,12,920.93
p2_E_W.203,3245.0,392.95,267.0,11,813.09
p2_E_W.204,3249.0,394.35,263.0,11,832.25
p2_W_E.105,3267.0,373.4,214.0,16,772.62
p2_E_W.205,3253.0,393.69,259.0,11,847.15
p2_E_W.206,3258.0,379.59,254.0,10,785.09
p2_E_W.207,3266.0,384.45,252.0,9,797.62
p2_E_W.208,3303.0,357.38,227.0,8,751.53
p2_E_W.209,3307.0,335.74,227.0,8,732.18
p2_W_N1.26,3287.0,399.36,238.0,21,761.35
p2_S2_N2.178,3580.0,85.21,65.0,3,287.92
p2_E_W.210,3310.0,356.25,224.0,9,775.48
p2_S2_N2.179,3590.0,98.56,63.0,3,296.52
p2_N1_E.58,3543.0,117.39,80.0,4,400.88
p2_N1_E.59,3573.0,87.82,47.0,3,357.91
p2_W_N1.27,3359.0,337.98,185.0,17,675.78
p2_W_E.106,3270.0,388.86,226.0,16,808.42
p2_W_E.107,3274.0,405.16,225.0,16,815.0
p2_W_E.108,3279.0,401.93,216.0,18,816.79
p2_W_N1.28,3423.0,282.75,145.0,10,580.03
p2_W_E.109,3337.0,352.91,198.0,13,740.55
p2_W_E.110,3340.0,351.75,195.0,13,724.64
p2_W_E.111,3345.0,348.59,187.0,15,725.92
p2_W_N1.29,3479.0,238.65,121.0,10,509.21
p2_W_E.112,3350.0,341.84,183.0,13,714.92
p2_E_S1.21,3313.0,371.07,256.0,8,791.36
p2_W_E.113,3408.0,287.93,159.0,12,642.63
p2_N1_S1.178,3580.0,140.21,103.0,3,379.34
p2_W_E.114,3412.0,298.59,151.0,12,657.45
p2_N1_S1.179,3590.0,143.1,98.0,2,388.89
p2_W_E.115,3415.0,288.93,152.0,11,646.93
p2_W_E.116,3419.0,295.0,146.0,12,658.23
p2_E_W.211,3316.0,399.72,266.0,10,837.06
p2_W_E.117,3432.0,279.68,148.0,11,642.76
p2_W_E.118,3470.0,244.02,129.0,9,601.7
p2_W_E.119,3473.0,238.92,126.0,8,577.24
p2_E_W.212,3319.0,395.15,263.0,11,825.97
p2_W_E.120,3476.0,245.35,123.0,9,584.38
p2_E_W.213,3323.0,399.39,262.0,12,835.41
p2_E_W.214,3359.0,361.71,236.0,8,779.28
p2_E_W.215,3363.0,362.87,233.0,8,778.06
p2_S2_W.59,3573.0,153.8,90.0,8,484.41
p2_E_W.216,3366.0,363.3,236.0,11,817.41
p2_E_W.217,3369.0,352.87,232.0,10,797.24
p2_E_W.218,3372.0,351.52,227.0,9,776.11
p2_E_W.219,3375.0,350.21,227.0,9,759.93
p2_E_W.220,3378.0,357.84,222.0,10,792.1
p2_W_N1.30,3497.0,265.88,133.0,11,559.72
p2_W_E.121,3482.0,254.43,137.0,12,597.56
p2_W_E.122,3485.0,260.33,132.0,12,608.98
p2_W_E.123,3488.0,259.0,127.0,11,622.01
p2_W_E.124,3491.0,257.79,125.0,11,619.49
p2_W_E.125,3494.0,256.46,121.0,11,639.06
p2_W_N1.31,3512.0,263.14,119.0,15,561.78
p2_W_N1.32,3527.0,257.61,103.0,14,538.25
p2_W_E.126,3500.0,268.13,131.0,13,604.35
p2_W_E.127,3503.0,266.01,126.0,11,609.45
p2_W_E.128,3506.0,265.96,122.0,12,609.36
p2_W_N1.33,3573.0,222.41,74.0,11,476.99
p2_E_S1.22,3381.0,395.5,258.0,10,844.01
p2_W_E.129,3509.0,258.4,118.0,12,598.06
p2_E_W.221,3384.0,408.02,266.0,12,853.34
p2_W_E.130,3515.0,268.22,112.0,14,618.67
p2_E_W.222,3387.0,406.78,258.0,12,857.39
p2_W_E.131,3518.0,275.82,115.0,13,639.96
p2_W_E.132,3521.0,274.63,107.0,14,653.68
p2_E_W.223,3422.0,374.53,232.0,12,801.06
p2_W_E.133,3524.0,271.96,108.0,12,647.53
p2_W_E.134,3530.0,256.12,95.0,14,593.85
p2_E_W.224,3425.0,368.93,232.0,13,790.8
p2_W_E.135,3556.0,245.45,79.0,13,565.03
p2_E_W.225,3428.0,372.82,225.0,13,793.35
p2_E_W.226,3431.0,373.13,219.0,12,799.56
p2_W_E.136,3560.0,242.41,80.0,12,557.21
p2_W_E.137,3565.0,239.9,78.0,11,573.18
p2_E_W.227,3434.0,369.46,218.0,13,805.43
p2_E_W.228,3437.0,370.61,213.0,11,812.12
p2_E_W.229,3440.0,360.65,209.0,11,792.73
p2_E_W.230,3443.0,370.18,210.0,10,795.68
p2_W_N1.34,3640.0,197.16,59.0,8,449.34
p2_W_E.138,3627.0,183.67,52.0,9,464.31
p2_W_E.139,3630.0,187.32,48.0,8,486.13
p2_W_E.140,3633.0,191.29,45.0,5,489.2
p2_W_E.141,3636.0,190.03,45.0,6,493.96
p2_W_N1.35,3705.0,145.53,26.0,5,368.67
p2_W_E.142,3648.0,193.41,58.0,15,478.79
p2_W_N1.36,3767.0,94.95,12.0,3,295.02
p2_W_E.143,3695.0,148.6,31.0,9,408.0
p2_W_E.144,3698.0,147.36,30.0,9,415.08
p2_W_E.145,3701.0,146.25,30.0,5,410.87
p2_W_E.146,3712.0,141.44,23.0,5,400.5
p2_W_N1.37,3787.0,84.74,8.0,3,292.42
p2_W_E.147,3736.0,119.18,15.0,3,379.83
p2_W_E.148,3751.0,105.11,17.0,4,360.48
p2_W_E.149,3754.0,105.26,16.0,5,351.84
p2_E_S1.23,3446.0,396.65,252.0,12,860.23
p2_W_E.150,3759.0,102.17,13.0,2,351.84
p2_W_E.151,3775.0,89.75,11.0,3,330.82
p2_E_W.231,3449.0,418.33,255.0,13,883.2
p2_W_E.152,3778.0,90.4,9.0,2,345.35
p2_E_W.232,3452.0,417.88,248.0,15,874.87
p2_E_W.233,3455.0,407.1,242.0,13,873.43
p2_W_E.153,3781.0,83.6,10.0,2,338.31
p2_E_W.234,3458.0,404.55,238.0,13,873.86
p2_W_E.154,3784.0,96.04,9.0,2,361.9
p2_E_W.235,3461.0,415.31,236.0,15,876.78
p2_E_W.236,3464.0,420.21,232.0,16,879.46
p2_E_W.237,3503.0,382.91,207.0,16,819.42
p2_E_W.238,3506.0,379.39,204.0,18,812.17
p2_E_W.239,3509.0,376.84,204.0,14,819.31
p2_E_W.240,3512.0,374.65,196.0,16,813.2
p2_W_N1.38,3802.0,111.93,27.0,4,333.71
p2_W_E.155,3790.0,95.58,20.0,3,351.97
p2_W_E.156,3793.0,107.62,18.0,3,363.03
p2_W_E.157,3796.0,106.41,14.0,3,384.19
p2_W_N1.39,3817.0,107.78,15.0,4,317.87
p2_W_E.158,3799.0,99.61,14.0,3,385.95
p2_W_N1.40,3839.0,97.66,12.0,3,309.36
p2_W_E.159,3805.0,112.24,24.0,4,379.15
p2_W_E.160,3808.0,111.32,20.0,3,359.19
p2_W_E.161,3811.0,108.77,19.0,3,354.79
p2_W_E.162,3814.0,112.01,16.0,3,364.06
p2_W_N1.41,3863.0,84.17,7.0,2,290.81
p2_E_S1.24,3515.0,412.17,227.0,15,868.85
p2_W_E.163,3825.0,102.89,16.0,3,361.72
p2_W_E.164,3828.0,101.34,17.0,4,364.59
p2_W_E.165,3832.0,101.3,12.0,3,354.74
p2_W_E.166,3835.0,100.54,12.0,3,347.78
p2_W_E.167,3847.0,90.73,13.0,3,343.34
p2_E_W.241,3518.0,423.15,238.0,16,873.11
p2_W_E.168,3854.0,92.22,12.0,2,350.36
p2_E_W.242,3521.0,426.34,234.0,15,872.78
p2_W_E.169,3857.0,90.89,9.0,3,367.87
p2_E_W.243,3524.0,424.66,227.0,14,868.38
p2_W_E.170,3860.0,89.68,7.0,2,344.94
p2_E_W.244,3527.0,423.73,240.0,16,864.13
p2_E_W.245,3530.0,422.48,234.0,15,867.44
p2_E_W.246,3533.0,415.11,228.0,13,849.62
p2_E_W.247,3605.0,344.03,180.0,14,738.76
p2_E_W.248,3655.0,306.03,135.0,11,695.94
p2_E_W.249,3658.0,303.97,136.0,11,689.12
p2_E_W.250,3661.0,287.95,133.0,13,660.44
p2_W_E.171,3866.0,103.6,21.0,3,392.67
p2_W_E.172,3869.0,99.66,17.0,3,377.87
p2_W_E.173,3872.0,100.63,15.0,3,386.37
p2_W_E.174,3875.0,98.26,12.0,2,368.6
p2_W_E.175,3878.0,100.78,11.0,3,384.74
p2_W_N1.42,3881.0,102.12,22.0,3,329.09
p2_W_N1.43,3896.0,106.5,16.0,4,309.4
p2_W_E.176,3884.0,110.48,22.0,4,375.76
p2_W_N1.44,3920.0,89.11,12.0,3,295.96
p2_W_E.177,3887.0,108.75,20.0,4,368.79
p2_W_E.178,3890.0,110.28,19.0,3,374.18
p2_W_E.179,3893.0,109.01,17.0,3,367.52
p2_W_N1.45,3941.0,82.34,7.0,3,292.58
p2_E_S1.25,3664.0,339.87,166.0,12,743.49
p2_W_E.180,3901.0,104.05,14.0,3,345.71
p2_W_E.181,3904.0,102.77,14.0,3,352.55
p2_W_E.182,3907.0,97.94,13.0,3,343.51
p2_W_E.183,3912.0,102.29,12.0,3,361.59
p2_E_W.251,3667.0,347.97,175.0,10,758.95
p2_W_E.184,3929.0,83.31,10.0,2,342.93
p2_E_W.252,3670.0,355.48,172.0,11,779.4
p2_W_E.185,3932.0,93.71,12.0,3,359.49
p2_E_W.253,3673.0,351.71,169.0,11,779.84
p2_W_E.186,3935.0,92.45,10.0,2,372.72
p2_E_W.254,3676.0,352.92,165.0,15,780.83
p2_W_E.187,3938.0,81.44,9.0,3,353.05
p2_E_W.255,3679.0,350.35,176.0,13,793.93
p2_E_W.256,3682.0,334.49,172.0,12,733.96
p2_E_W.257,3685.0,349.91,168.0,9,754.24
p2_E_W.258,3688.0,354.06,171.0,15,766.08
p2_E_W.259,3691.0,343.75,162.0,11,757.47
p2_E_W.260,3694.0,350.79,157.0,8,767.64
p2_W_N1.46,3956.0,106.08,29.0,4,333.8
p2_W_E.188,3944.0,94.52,17.0,4,356.88
p2_W_E.189,3947.0,98.08,17.0,3,367.26
p2_W_E.190,3950.0,105.06,16.0,3,396.59
p2_W_E.191,3953.0,103.88,14.0,3,396.22
p2_W_N1.47,3971.0,107.22,17.0,4,310.82
p2_W_E.192,3959.0,110.55,24.0,4,366.55
p2_W_N1.48,3995.0,92.77,11.0,3,302.47
p2_W_E.193,3962.0,108.98,22.0,4,368.29
p2_W_E.194,3965.0,109.83,19.0,4,364.0
p2_W_E.195,3968.0,108.61,18.0,4,366.25
p2_E_S1.26,3697.0,376.41,189.0,10,799.27
p2_W_E.196,3974.0,104.53,13.0,2,352.12
p2_W_E.197,3977.0,110.84,15.0,4,384.39
p2_W_E.198,3980.0,107.45,13.0,4,380.23
p2_W_E.199,3983.0,104.53,13.0,3,369.21
p2_W_E.200,3987.0,106.07,13.0,2,381.91
p2_W_E.201,4004.0,90.95,10.0,3,341.11
p2_E_W.261,3700.0,395.04,199.0,11,806.72
p2_W_E.202,4007.0,89.71,8.0,2,351.47
p2_E_W.262,3703.0,395.58,192.0,11,821.62
p2_E_W.263,3706.0,394.29,186.0,10,810.88
p2_E_W.264,3709.0,393.09,189.0,12,801.03
p2_E_W.265,3712.0,391.8,194.0,9,811.42
p2_W_E.203,4010.0,84.49,9.0,2,341.23
p2_W_E.204,4013.0,90.86,7.0,2,359.23
p2_E_W.266,3716.0,389.54,196.0,9,806.52
p2_E_W.267,3723.0,376.27,192.0,11,777.67
p2_E_W.268,3737.0,376.48,190.0,10,787.87
p2_E_W.269,3741.0,374.16,185.0,10,791.9
p2_E_W.270,3744.0,372.92,179.0,9,780.28
p2_W_N1.49,4016.0,125.55,41.0,4,367.65
p2_W_N1.50,4031.0,119.88,29.0,3,346.87
p2_W_E.205,4019.0,125.6,41.0,6,409.75
p2_W_N1.51,4046.0,114.4,26.0,4,335.22
p2_W_N1.52,4067.0,107.72,21.0,3,334.12
p2_W_E.206,4022.0,121.31,38.0,4,397.68
p2_E_S1.27,3747.0,407.82,213.0,10,832.68
p2_W_E.207,4025.0,131.72,36.0,4,415.03
p2_W_E.208,4028.0,124.71,34.0,4,417.16
p2_W_E.209,4034.0,126.34,28.0,3,422.04
p2_W_E.210,4037.0,125.07,28.0,3,410.32
p2_W_E.211,4040.0,123.45,28.0,3,402.63
p2_W_E.212,4043.0,113.64,25.0,3,380.48
p2_E_W.271,3750.0,421.78,226.0,11,853.54
p2_W_E.213,4054.0,116.25,24.0,3,379.21
p2_E_W.272,3753.0,420.68,221.0,12,850.05
p2_E_W.273,3756.0,416.89,219.0,12,844.8
p2_E_W.274,3759.0,409.7,214.0,10,824.61
p2_W_E.214,4057.0,104.87,24.0,3,371.75
p2_E_W.275,3762.0,415.81,223.0,12,857.44
p2_W_E.215,4061.0,120.89,21.0,2,395.3
p2_W_E.216,4064.0,118.9,22.0,3,395.93
p2_E_W.276,3765.0,421.38,219.0,11,881.66
p2_E_W.277,3768.0,419.24,216.0,11,861.44
p2_E_W.278,3778.0,411.86,208.0,10,848.23
p2_E_W.279,3781.0,410.58,209.0,10,861.5
p2_E_W.280,3784.0,409.38,204.0,12,864.76
p2_W_E.217,4075.0,122.54,33.0,4,405.42
p2_W_N1.53,4090.0,124.65,39.0,4,358.63
p2_W_E.218,4081.0,110.92,29.0,3,378.55
p2_W_E.219,4084.0,121.37,30.0,3,404.58
p2_W_E.220,4087.0,111.83,30.0,4,388.14
p2_W_N1.54,4108.0,120.04,33.0,4,342.6
p2_W_E.221,4093.0,127.65,38.0,5,410.34
p2_W_N1.55,4123.0,115.21,22.0,3,336.33
p2_W_N1.56,4149.0,102.18,20.0,5,312.53
p2_E_S1.28,3787.0,445.18,238.0,11,885.23
p2_W_E.222,4096.0,120.75,37.0,4,389.64
p2_W_E.223,4098.0,137.12,35.0,4,420.47
p2_W_E.224,4102.0,124.62,34.0,4,420.73
p2_W_E.225,4105.0,133.68,36.0,4,426.69
p2_W_E.226,4111.0,126.94,28.0,4,387.11
p2_W_E.227,4114.0,128.06,26.0,3,409.52
p2_E_W.281,3790.0,457.75,245.0,14,894.16
p2_W_E.228,4117.0,115.54,26.0,3,365.22
p2_E_W.282,3793.0,456.3,241.0,16,902.36
p2_W_E.229,4120.0,121.97,24.0,3,379.49
p2_W_E.230,4130.0,114.3,23.0,3,381.25
p2_E_W.283,3796.0,453.54,236.0,14,909.92
p2_W_E.231,4133.0,121.71,21.0,4,398.73
p2_E_W.284,3799.0,456.66,235.0,15,915.48
p2_W_E.232,4136.0,120.43,21.0,3,405.3
p2_E_W.285,3802.0,455.4,241.0,15,926.98
p2_E_W.286,3805.0,451.23,243.0,14,906.23
p2_E_W.287,3808.0,452.89,241.0,14,919.06
p2_E_W.288,3811.0,451.78,235.0,14,909.28
p2_E_W.289,3814.0,450.46,229.0,15,902.34
p2_E_W.290,3817.0,443.99,228.0,14,882.17
p2_W_N1.57,4170.0,123.57,36.0,6,360.16
p2_W_E.233,4141.0,119.8,33.0,5,409.4
p2_W_N1.58,4185.0,120.09,27.0,4,359.63
p2_W_E.234,4158.0,126.68,30.0,6,421.46
p2_W_E.235,4161.0,125.43,28.0,4,440.47
p2_W_E.236,4164.0,124.16,28.0,5,436.05
p2_W_E.237,4167.0,122.94,28.0,5,444.81
p2_W_N1.59,4200.0,114.81,21.0,6,334.38
p2_W_E.238,4173.0,122.72,40.0,6,416.17
p2_W_E.239,4176.0,124.17,32.0,5,417.39
p2_W_E.240,4179.0,120.02,31.0,7,412.5
p2_W_E.241,4182.0,124.72,31.0,6,419.15
p2_E_S1.29,3822.0,472.05,258.0,15,949.39
p2_W_E.242,4188.0,116.94,25.0,4,401.22
p2_W_E.243,4191.0,126.16,23.0,5,397.06
p2_E_W.291,3858.0,466.51,249.0,17,910.52
p2_W_E.244,4194.0,110.76,24.0,7,379.75
p2_E_W.292,3867.0,453.74,242.0,16,895.74
p2_W_E.245,4197.0,130.34,23.0,4,409.64
p2_E_W.293,3871.0,455.28,240.0,17,905.01
p2_W_E.246,4212.0,119.32,21.0,5,397.12
p2_E_W.294,3874.0,458.37,235.0,15,905.64
p2_W_E.247,4232.0,101.12,12.0,3,385.25
p2_E_W.295,3877.0,457.07,245.0,16,909.61
p2_W_E.248,4235.0,99.9,9.0,3,381.12
p2_E_W.296,3880.0,455.75,243.0,14,901.48
p2_W_E.249,4239.0,97.61,10.0,3,381.92
p2_E_W.297,3883.0,454.54,236.0,14,888.04
p2_E_W.298,3886.0,447.49,230.0,14,895.01
p2_E_W.299,3889.0,453.15,229.0,14,892.97
p2_E_W.300,3892.0,443.95,229.0,12,882.96
p2_E_S1.30,3895.0,447.6,224.0,12,894.28
p2_E_W.301,3901.0,445.62,223.0,12,880.26
p2_E_W.302,3935.0,411.23,200.0,13,824.39
p2_E_W.303,3938.0,413.53,200.0,13,821.05
p2_E_W.304,3945.0,408.23,202.0,12,807.63
p2_E_W.305,3950.0,404.9,203.0,10,830.67
p2_E_W.306,3953.0,403.79,211.0,11,802.82
p2_E_W.307,3956.0,397.45,209.0,12,786.85
p2_E_W.308,3959.0,399.98,206.0,12,797.1
p2_E_W.309,3962.0,401.41,201.0,12,818.46
p2_E_W.310,3964.0,401.15,196.0,12,819.53
p2_E_S1.31,3968.0,397.02,195.0,13,787.73
p2_E_W.311,3974.0,386.9,193.0,12,787.84
p2_E_W.312,4010.0,363.34,169.0,10,750.75
p2_E_W.313,4016.0,356.88,169.0,12,743.65
p2_E_W.314,4022.0,354.73,163.0,10,751.03
p2_E_W.315,4026.0,336.22,171.0,9,719.26
p2_E_W.316,4029.0,359.09,171.0,11,735.75
p2_E_W.317,4032.0,351.02,168.0,10,734.86
p2_E_W.318,4035.0,363.9,176.0,10,758.97
p2_E_W.319,4038.0,361.42,173.0,12,746.22
p2_E_W.320,4041.0,363.79,171.0,12,734.34
p2_E_S1.32,4044.0,361.65,170.0,10,730.65
p2_E_W.321,4049.0,359.28,163.0,10,733.23
p2_E_W.322,4086.0,324.51,138.0,8,677.73
p2_E_W.323,4093.0,318.21,136.0,7,666.32
p2_E_W.324,4098.0,316.16,137.0,9,681.42
p2_E_W.325,4101.0,313.92,148.0,8,686.45
p2_E_W.326,4104.0,311.46,147.0,7,662.13
p2_E_W.327,4107.0,313.72,147.0,7,675.89
p2_E_W.328,4110.0,310.56,142.0,7,678.56
p2_E_W.329,4112.0,312.12,139.0,7,671.99
p2_E_W.330,4115.0,304.1,137.0,7,663.22
p2_E_S1.33,4119.0,308.66,139.0,9,660.46
p2_E_W.331,4125.0,300.04,134.0,8,661.53
p2_E_W.332,4164.0,269.28,110.0,6,605.35
p2_E_W.333,4173.0,260.74,111.0,6,603.62
p2_E_W.334,4176.0,263.27,109.0,8,609.83
p2_E_W.335,4179.0,262.0,108.0,7,605.45
p2_E_W.336,4182.0,260.78,108.0,7,602.96
p2_E_W.337,4185.0,255.23,106.0,9,594.01
p2_E_W.338,4188.0,258.58,102.0,8,589.92
p2_E_W.339,4191.0,249.74,100.0,8,581.56
p2_E_W.340,4194.0,256.34,100.0,9,592.35
p2_E_W.341,4202.0,250.46,101.0,8,564.76
p2_E_S1.34,4197.0,247.14,99.0,8,561.69
p2_E_W.342,4239.0,207.85,76.0,6,522.63
p2_E_W.343,4244.0,205.86,74.0,5,515.47
p2_E_W.344,4249.0,227.05,98.0,7,571.91
p2_E_W.345,4255.0,212.21,94.0,5,557.75
p2_E_W.346,4258.0,222.42,93.0,5,572.43
p2_E_W.347,4261.0,225.9,93.0,5,582.63
p2_E_W.348,4264.0,225.3,91.0,7,584.85
p2_E_W.349,4267.0,221.06,88.0,6,577.58
p2_E_W.350,4270.0,220.66,86.0,6,570.1
p2_E_W.351,4280.0,214.61,80.0,6,540.65
p2_E_W.352,4318.0,178.39,60.0,4,488.7
p2_E_W.353,4325.0,170.5,62.0,4,467.47
p2_E_S1.35,4273.0,206.61,84.0,6,533.83
p2_E_W.354,4328.0,171.24,61.0,4,481.8
p2_E_W.355,4331.0,165.44,59.0,5,470.86
p2_E_W.356,4334.0,164.02,57.0,5,453.4
p2_E_W.357,4337.0,168.53,57.0,7,470.2
p2_E_W.358,4340.0,167.1,55.0,5,462.75
p2_E_W.359,4343.0,163.99,53.0,6,462.57
p2_E_W.360,4346.0,164.78,53.0,6,469.52
p2_E_S1.36,4349.0,158.98,51.0,4,459.29
p2_E_W.361,4354.0,159.02,49.0,5,464.47
p2_E_W.362,4390.0,116.71,27.0,4,375.94
p2_E_W.363,4396.0,128.32,26.0,4,406.08
p2_E_W.364,4402.0,116.14,26.0,4,402.2
p2_E_W.365,4406.0,121.77,28.0,5,407.81
p2_E_W.366,4409.0,120.57,25.0,3,408.26
p2_E_W.367,4412.0,107.89,25.0,3,380.96
p2_E_W.368,4415.0,117.87,24.0,4,412.53
p2_E_S1.37,4424.0,110.17,22.0,5,377.21
p2_E_W.369,4418.0,117.41,25.0,3,415.69
p2_E_W.370,4421.0,116.1,23.0,5,404.95
p2_E_W.371,4430.0,115.93,42.0,4,398.91
p2_E_W.372,4465.0,87.74,22.0,3,367.68
p2_E_W.373,4477.0,75.25,21.0,4,362.79
p2_E_W.374,4480.0,58.62,17.0,3,304.14
p2_E_W.375,4483.0,84.13,14.0,2,338.93
p2_E_W.376,4486.0,87.47,14.0,2,366.94
p2_E_W.377,4489.0,86.15,14.0,3,368.72
p2_E_S1.38,4501.0,71.23,9.0,3,338.69
p2_E_W.378,4492.0,84.95,12.0,2,362.57
p2_E_W.379,4495.0,81.07,11.0,2,372.28
p2_E_W.380,4498.0,76.45,10.0,3,375.88
p2_E_W.381,4504.0,78.35,7.0,2,382.29
p2_E_W.382,4507.0,77.1,7.0,2,361.52
p2_E_W.383,4510.0,75.8,7.0,2,365.78
p2_E_W.384,4513.0,51.0,7.0,2,306.16
p2_E_W.385,4516.0,77.59,5.0,1,339.71
p2_E_W.386,4519.0,76.25,4.0,3,347.64
p2_E_W.387,4522.0,75.09,5.0,2,332.73
p2_E_S1.39,4534.0,61.06,1.0,1,314.86
p2_E_W.388,4525.0,54.87,2.0,1,329.52
p2_E_W.389,4528.0,73.21,3.0,2,340.58
p2_E_W.390,4531.0,66.08,1.0,1,327.99
p2_E_W.391,4537.0,67.64,1.0,1,338.56
p2_E_W.392,4540.0,66.46,1.0,1,342.77
p2_E_W.393,4544.0,61.25,0.0,0,331.61
p2_E_W.394,4547.0,38.67,1.0,1,286.62
p2_E_W.395,4550.0,68.42,0.0,0,293.2
p2_E_W.396,4553.0,63.2,0.0,0,303.42
p2_E_W.397,4556.0,54.73,14.0,1,311.78
p2_E_W.398,4559.0,59.71,24.0,2,325.17
p2_E_W.399,4562.0,64.02,21.0,2,358.57
p2_E_W.400,4565.0,72.17,21.0,2,362.64
p2_E_W.401,4571.0,67.83,18.0,2,340.93
p2_E_W.402,4574.0,66.62,17.0,2,339.79
p2_E_S1.40,4568.0,56.38,21.0,2,324.35
p2_E_W.403,4577.0,65.44,16.0,2,335.24
p2_E_W.404,4580.0,62.2,16.0,2,318.47
p2_E_W.405,4583.0,61.26,16.0,3,315.92
p2_E_W.406,4587.0,60.8,14.0,3,324.12
p2_E_W.407,4590.0,59.6,14.0,3,327.71
p2_E_W.408,4593.0,58.4,14.0,3,326.88
p2_E_W.409,4596.0,57.17,12.0,2,313.98
p2_E_W.410,4599.0,55.98,9.0,2,322.78
p2_E_S1.41,4602.0,53.8,9.0,2,302.4
p2_E_W.411,4605.0,50.23,8.0,2,303.49
p2_E_W.412,4608.0,42.61,7.0,2,295.81
p2_E_W.413,4611.0,45.12,7.0,2,290.89
p2_E_W.414,4614.0,46.61,7.0,2,307.45
p2_E_W.415,4617.0,46.04,6.0,2,312.87
p2_E_W.416,4620.0,51.47,6.0,2,328.37
p2_E_W.417,4623.0,45.2,4.0,2,329.66
p2_E_W.418,4626.0,46.11,3.0,2,325.23
p2_E_W.419,4629.0,47.87,2.0,2,327.92
p2_E_S1.42,4635.0,42.61,1.0,1,302.35
p2_E_W.420,4632.0,42.49,0.0,0,312.73
p2_E_W.421,4638.0,42.55,0.0,0,308.27
p2_E_W.422,4641.0,36.47,0.0,0,282.47
p2_E_W.423,4644.0,42.13,0.0,0,286.04
p2_E_W.424,4648.0,49.72,26.0,2,309.38
p2_E_W.425,4651.0,58.27,24.0,2,329.19
p2_E_W.426,4654.0,52.5,22.0,2,305.97
p2_E_W.427,4657.0,55.8,23.0,2,315.83
p2_E_W.428,4660.0,45.78,18.0,2,296.26
p2_E_W.429,4663.0,55.08,16.0,2,320.42
p2_E_W.430,4666.0,53.89,15.0,2,328.86
p2_E_W.431,4672.0,49.7,13.0,2,312.76
p2_E_S1.43,4669.0,46.0,14.0,2,309.78
p2_E_W.432,4675.0,48.43,13.0,2,312.1
p2_E_W.433,4678.0,47.08,11.0,2,303.15
p2_E_W.434,4681.0,45.88,9.0,2,293.54
p2_E_W.435,4684.0,44.85,7.0,1,283.03
p2_E_W.436,4687.0,43.57,8.0,1,283.71
p2_E_W.437,4690.0,42.35,7.0,1,293.25
p2_E_W.438,4693.0,40.98,7.0,1,293.51
p2_E_W.439,4697.0,38.8,7.0,1,280.21
p2_E_S1.44,4703.0,37.01,7.0,1,277.41
p2_E_W.440,4700.0,27.61,6.0,1,242.08
p2_E_W.441,4706.0,33.42,7.0,1,274.33
p2_E_W.442,4710.0,38.39,5.0,1,297.14
p2_E_W.443,4713.0,37.27,4.0,1,292.52
p2_E_W.444,4716.0,29.93,4.0,1,268.85
p2_E_W.445,4719.0,34.97,5.0,1,259.15
p2_E_W.446,4722.0,33.65,3.0,2,274.32
p2_E_W.447,4725.0,24.98,14.0,1,247.09
p2_E_W.448,4728.0,29.39,11.0,1,268.15
p2_E_W.449,4731.0,29.07,12.0,1,269.86
p2_E_W.450,4734.0,31.59,10.0,1,266.87
p2_E_S1.45,4737.0,42.58,19.0,2,294.76
p2_E_W.451,4740.0,41.5,18.0,2,289.51
p2_E_W.452,4743.0,40.64,15.0,2,295.91
p2_E_W.453,4746.0,40.0,13.0,2,285.53
p2_E_W.454,4749.0,38.67,10.0,2,293.0
p2_E_W.455,4752.0,37.37,9.0,2,288.8
p2_E_W.456,4755.0,36.36,8.0,2,291.22
p2_E_W.457,4757.0,35.67,7.0,2,275.69
p2_E_W.458,4760.0,29.79,6.0,1,250.31
p2_E_W.459,4763.0,30.71,4.0,1,250.92
p2_E_W.460,4766.0,36.41,3.0,1,272.76
p2_E_S1.46,4769.0,33.42,5.0,1,283.97
p2_E_W.461,4772.0,32.69,4.0,1,284.49
p2_E_W.462,4775.0,31.49,4.0,1,290.91
p2_E_W.463,4778.0,29.06,4.0,1,260.21
p2_E_W.464,4781.0,29.18,4.0,1,268.39
p2_E_W.465,4784.0,27.91,3.0,1,248.69
p2_E_W.466,4787.0,19.66,1.0,1,234.96
p2_E_W.467,4790.0,22.35,1.0,1,247.88
p2_E_W.468,4793.0,28.23,1.0,1,258.81
p2_E_W.469,4796.0,26.92,0.0,0,269.79
p2_E_W.470,4799.0,22.97,1.0,1,265.97
p2_E_W.471,4805.0,28.74,9.0,1,259.16
p2_E_S1.47,4802.0,23.93,10.0,1,252.31
p2_E_W.472,4808.0,48.13,19.0,2,303.34
p2_E_W.473,4811.0,41.08,19.0,2,283.4
p2_E_W.474,4814.0,49.42,19.0,2,287.55
p2_E_W.475,4817.0,48.16,18.0,2,298.51
p2_E_W.476,4820.0,46.98,15.0,2,296.34
p2_E_W.477,4823.0,45.71,12.0,2,317.33
p2_E_W.478,4826.0,41.73,11.0,2,303.15
p2_E_W.479,4829.0,43.32,10.0,2,313.47
p2_E_W.480,4832.0,42.01,9.0,1,312.33
p2_E_S1.48,4835.0,35.89,8.0,1,284.36
p2_E_W.481,4838.0,30.94,7.0,1,260.48
p2_E_W.482,4841.0,39.41,6.0,1,279.59
p2_E_W.483,4844.0,41.67,6.0,1,285.65
p2_E_W.484,4847.0,42.03,6.0,1,287.98
p2_E_W.485,4850.0,40.69,6.0,1,291.07
p2_E_W.486,4853.0,23.93,6.0,1,236.97
p2_E_W.487,4856.0,38.4,5.0,1,258.03
p2_E_W.488,4859.0,38.35,4.0,1,277.83
p2_E_W.489,4862.0,35.53,4.0,1,267.42
p2_E_W.490,4865.0,33.08,3.0,1,276.53
p2_E_S1.49,4868.0,27.03,3.0,1,246.74
p2_E_W.491,4871.0,31.52,1.0,1,268.29
p2_E_W.492,4874.0,26.3,1.0,1,252.28
p2_E_W.493,4877.0,26.46,1.0,1,251.76
p2_E_W.494,4880.0,23.21,10.0,1,234.57
p2_E_W.495,4883.0,20.37,7.0,1,231.69
p2_E_W.496,4886.0,45.61,19.0,2,293.73
p2_E_W.497,4889.0,44.67,18.0,2,305.59
p2_E_W.498,4892.0,40.79,16.0,2,296.84
p2_E_W.499,4895.0,35.45,13.0,2,276.24
p2_E_W.500,4898.0,42.59,10.0,2,305.84
p2_E_S1.50,4901.0,41.51,10.0,2,308.99
p2_E_W.501,4904.0,40.62,9.0,1,308.06
p2_E_W.502,4907.0,39.6,9.0,1,301.07
p2_E_W.503,4910.0,38.33,8.0,1,303.88
p2_E_W.504,4913.0,26.78,7.0,1,248.75
p2_E_W.505,4916.0,36.35,7.0,1,274.9
p2_E_W.506,4919.0,40.66,6.0,1,292.25
p2_E_W.507,4922.0,25.42,6.0,1,245.81
p2_E_W.508,4925.0,38.73,7.0,1,268.67
p2_E_W.509,4928.0,37.46,6.0,1,264.02
p2_E_S1.51,4934.0,30.75,3.0,1,275.25
p2_E_W.510,4931.0,36.29,4.0,1,279.47
p2_E_W.511,4937.0,31.96,3.0,1,281.5
p2_E_W.512,4940.0,30.84,2.0,1,270.52
p2_E_W.513,4943.0,29.56,1.0,1,260.52
p2_E_W.514,4946.0,28.43,3.0,1,264.51
p2_E_W.515,4949.0,27.17,2.0,1,262.65
p2_E_W.516,4952.0,25.88,0.0,0,264.78
p2_E_W.517,4955.0,22.61,1.0,1,254.59
p2_E_W.518,4958.0,21.17,9.0,1,231.38
p2_E_W.519,4961.0,19.83,7.0,1,224.35
p2_E_W.520,4964.0,28.4,5.0,1,246.23
p2_E_W.521,4970.0,36.46,15.0,2,284.52
p2_E_S1.52,4967.0,33.09,17.0,2,274.48
p2_E_W.522,4973.0,39.5,13.0,2,303.54
p2_E_W.523,4976.0,38.1,10.0,1,296.4
p2_E_W.524,4979.0,38.03,10.0,1,299.39
p2_E_W.525,4982.0,29.49,8.0,1,253.68
p2_E_W.526,4985.0,35.03,8.0,1,267.78
p2_E_W.527,4988.0,35.4,8.0,1,287.3
p2_E_W.528,4991.0,34.13,8.0,1,285.08
p2_E_W.529,4994.0,29.97,6.0,1,267.76
p2_E_S1.53,5000.0,24.48,1.0,1,251.1
p2_E_W.530,4997.0,16.61,1.0,1,230.14
p2_E_W.531,5003.0,30.85,0.0,0,266.29
p2_E_W.532,5006.0,30.05,0.0,0,276.18
p2_E_W.533,5009.0,33.28,0.0,0,296.57
p2_E_W.534,5012.0,31.95,0.0,0,276.69
p2_E_W.535,5015.0,30.59,0.0,0,277.78
p2_E_W.536,5018.0,29.39,0.0,0,287.78
p2_E_W.537,5021.0,25.25,0.0,0,266.35
p2_E_W.538,5024.0,26.63,0.0,0,275.53
p2_E_W.539,5027.0,25.4,0.0,0,263.44
p2_E_W.540,5030.0,23.99,0.0,0,274.44
p2_E_S1.54,5033.0,23.88,11.0,1,242.3
p2_E_W.541,5036.0,24.85,9.0,1,244.76
p2_E_W.542,5039.0,24.41,8.0,1,254.19
p2_E_W.543,5042.0,41.36,18.0,2,290.0
p2_E_W.544,5045.0,37.81,18.0,3,278.69
p2_E_W.545,5049.0,39.95,15.0,2,285.89
p2_E_W.546,5052.0,38.71,12.0,2,291.98
p2_E_W.547,5055.0,36.78,11.0,1,299.87
p2_E_W.548,5059.0,35.14,10.0,1,290.56
p2_E_W.549,5062.0,33.86,11.0,1,284.71
p2_E_W.550,5065.0,29.57,10.0,1,246.9
p2_E_S1.55,5068.0,31.56,9.0,1,268.8
p2_E_W.551,5071.0,26.47,8.0,1,247.95
p2_E_W.552,5074.0,22.83,6.0,1,242.74
p2_E_W.553,5077.0,25.6,5.0,1,260.0
p2_E_W.554,5080.0,22.31,4.0,1,251.73
p2_E_W.555,5083.0,30.13,4.0,1,260.46
p2_E_W.556,5086.0,14.65,0.0,0,224.02
p2_E_W.557,5089.0,30.44,0.0,0,250.23
p2_E_W.558,5092.0,29.09,0.0,0,259.83
p2_E_W.559,5095.0,27.98,0.0,0,282.4
p2_E_W.560,5098.0,22.94,0.0,0,282.71
p2_E_S1.56,5101.0,9.74,0.0,0,212.97
p2_E_W.561,5104.0,29.56,12.0,1,255.83
p2_E_W.562,5107.0,28.45,12.0,1,256.45
p2_E_W.563,5110.0,27.09,10.0,1,248.79
p2_E_W.564,5113.0,24.32,9.0,1,245.19
p2_E_W.565,5116.0,44.46,20.0,2,293.06
p2_E_W.566,5119.0,39.69,19.0,2,277.4
p2_E_W.567,5122.0,43.96,17.0,2,290.11
p2_E_W.568,5125.0,31.18,8.0,2,263.99
p2_E_S1.57,5134.0,39.27,6.0,1,281.78
p2_E_W.569,5128.0,47.07,8.0,2,291.4
p2_E_W.570,5131.0,45.9,6.0,1,298.39
p2_E_W.571,5137.0,41.71,6.0,1,304.25
p2_E_W.572,5140.0,39.84,4.0,1,308.12
p2_E_W.573,5143.0,39.36,4.0,1,308.4
p2_E_W.574,5146.0,38.07,4.0,1,307.18
p2_E_W.575,5149.0,28.11,3.0,1,276.97
p2_E_W.576,5152.0,36.05,3.0,1,299.79
p2_E_W.577,5155.0,34.83,3.0,1,299.07
p2_E_W.578,5158.0,33.49,2.0,1,289.16
p2_E_W.579,5161.0,32.38,2.0,1,291.09
p2_E_S1.58,5167.0,27.66,1.0,1,241.99
p2_E_W.580,5164.0,20.66,1.0,1,229.76
p2_E_W.581,5170.0,19.93,1.0,1,231.18
p2_E_W.582,5173.0,29.17,0.0,0,262.14
p2_E_W.583,5176.0,25.7,0.0,0,270.27
p2_E_W.584,5179.0,26.75,0.0,0,273.03
p2_E_W.585,5182.0,25.54,0.0,0,282.94
p2_E_W.586,5185.0,23.76,12.0,1,239.56
p2_E_W.587,5188.0,22.94,10.0,1,245.49
p2_E_W.588,5191.0,24.52,10.0,1,248.72
p2_E_W.589,5194.0,23.16,8.0,1,239.78
p2_E_W.590,5197.0,21.79,6.0,1,247.13
p2_E_S1.59,5200.0,32.45,12.0,2,264.36
p2_E_W.591,5203.0,34.68,11.0,2,269.33
p2_E_W.592,5206.0,25.82,7.0,1,262.95
p2_E_W.593,5209.0,37.11,6.0,1,288.08
p2_E_W.594,5212.0,35.86,6.0,1,304.26
p2_E_W.595,5215.0,34.72,4.0,1,314.84
p2_E_W.596,5218.0,20.2,4.0,1,231.28
p2_E_W.597,5220.0,31.87,3.0,1,248.35
p2_E_W.598,5223.0,34.25,3.0,1,259.91
p2_E_W.599,5226.0,33.06,2.0,1,270.06
