id,depart,timeloss,espera,paradas,co2
p1_N1_S1.0,0.0,14.04,4.0,1,181.12
p1_N1_S1.1,10.0,9.74,0.0,0,172.21
p1_S1_N1.0,0.0,8.22,0.0,0,165.82
p1_S1_N1.1,10.0,7.18,0.0,0,164.02
p1_N2_S2.0,0.0,35.59,24.0,1,216.78
p1_S2_N2.0,0.0,35.07,25.0,1,215.62
p1_S2_N2.1,10.0,29.54,17.0,1,207.62
p1_N2_S2.1,10.0,30.37,19.0,1,208.06
p1_N2_S2.2,20.0,22.22,11.0,1,197.37
p1_S2_N2.2,20.0,17.13,5.0,1,176.6
p1_E_W.0,0.0,7.88,0.0,0,203.77
p1_N2_S2.3,30.0,12.93,0.0,0,178.48
p1_E_N1.0,3.0,10.0,0.0,0,218.81
p1_S2_N2.3,30.0,16.25,1.0,1,182.22
p1_N1_S1.2,20.0,27.65,16.0,1,199.13
p1_S1_N1.2,20.0,26.95,16.0,1,200.31
p1_S2_N2.4,40.0,7.93,0.0,0,164.32
p1_S1_N1.3,30.0,18.67,8.0,1,193.3
p1_N1_S1.3,30.0,17.34,5.0,1,182.81
p1_N1_S1.4,40.0,13.31,0.0,0,178.9
p1_S1_N1.4,40.0,14.07,2.0,1,179.87
p1_W_S2.0,3.0,33.12,12.0,1,266.0
p1_W_E.0,0.0,24.18,12.0,1,234.22
p1_E_W.1,8.0,30.98,13.0,1,245.12
p1_S1_E.0,3.0,30.13,9.0,1,265.39
p1_W_E.1,6.0,35.43,12.0,1,280.71
p1_E_W.2,15.0,22.99,11.0,1,242.07
p1_W_E.2,9.0,34.01,12.0,1,290.11
p1_E_W.3,22.0,22.13,9.0,1,237.84
p1_W_E.3,12.0,31.76,8.0,1,276.86
p1_N2_W.0,3.0,42.41,22.0,1,287.07
p1_W_E.4,15.0,31.22,7.0,1,280.48
p1_W_E.5,18.0,30.51,7.0,1,283.99
p1_N2_S2.4,40.0,34.52,16.0,1,210.16
p1_S2_N2.5,50.0,18.47,9.0,1,184.6
p1_E_W.4,29.0,26.44,15.0,1,245.16
p1_S2_N2.6,60.0,18.34,2.0,1,186.34
p1_S2_N2.7,70.0,9.97,0.0,0,169.41
p1_N2_S2.5,50.0,21.97,10.0,1,190.33
p1_N1_S1.5,50.0,33.63,21.0,1,211.36
p1_N2_S2.6,60.0,23.02,7.0,1,205.82
p1_W_E.6,21.0,43.35,15.0,2,291.74
p1_S1_E.1,33.0,30.95,11.0,2,255.77
p1_S1_N1.5,50.0,28.17,17.0,1,199.06
p1_W_E.7,24.0,44.75,18.0,2,305.67
p1_S1_N1.6,60.0,31.3,14.0,1,210.22
p1_N1_S1.6,60.0,18.41,8.0,1,175.7
p1_S1_N1.7,70.0,23.06,6.0,1,200.94
p1_W_E.8,27.0,36.07,12.0,2,271.71
p1_N1_S1.7,70.0,25.17,5.0,1,195.64
p1_S1_N1.8,80.0,14.91,0.0,0,197.75
p1_W_E.9,30.0,39.3,10.0,1,273.34
p1_W_S2.1,36.0,40.12,8.0,1,298.18
p1_N1_S1.8,80.0,17.02,0.0,0,191.85
p1_W_E.10,33.0,44.16,10.0,1,289.68
p1_E_N1.1,32.0,36.52,18.0,2,268.02
p1_E_W.5,36.0,31.93,13.0,2,264.17
p1_N2_S2.7,70.0,34.83,17.0,1,222.23
p1_S2_N2.8,80.0,22.63,10.0,1,200.04
p1_E_W.6,44.0,40.67,9.0,2,280.95
p1_S2_N2.9,90.0,16.49,3.0,1,200.69
p1_N2_S2.8,80.0,25.93,15.0,1,197.18
p1_E_W.7,51.0,35.44,5.0,1,277.49
p1_E_W.8,58.0,30.15,5.0,1,262.0
p1_N2_S2.9,90.0,19.05,7.0,1,195.98
p1_S2_N2.10,100.0,6.24,0.0,0,156.25
p1_E_N1.2,61.0,25.01,11.0,1,255.78
p1_N2_W.1,33.0,32.49,17.0,1,262.97
p1_W_E.11,39.0,50.76,20.0,3,321.41
p1_S1_N1.9,90.0,29.61,19.0,1,202.7
p1_E_W.9,65.0,33.97,11.0,1,263.29
p1_N1_S1.9,90.0,28.67,19.0,1,200.77
p1_W_E.12,42.0,53.29,18.0,2,320.78
p1_N1_S1.10,100.0,21.63,10.0,1,191.67
p1_W_E.13,45.0,54.22,17.0,2,322.3
p1_N1_S1.11,110.0,13.23,2.0,1,189.34
p1_W_E.14,48.0,55.06,17.0,2,316.47
p1_S1_N1.10,100.0,22.07,10.0,1,200.54
p1_N1_S1.12,120.0,5.58,0.0,0,147.55
p1_N2_S2.10,100.0,29.01,12.0,1,210.39
p1_S2_N2.11,110.0,19.75,9.0,1,186.55
p1_W_E.15,51.0,42.8,17.0,2,270.65
p1_N2_S2.11,110.0,21.01,11.0,1,199.49
p1_E_W.10,72.0,39.0,17.0,2,277.99
p1_S1_N1.11,110.0,9.6,0.0,0,164.7
p1_S2_N2.12,120.0,11.95,0.0,0,187.61
p1_E_W.11,80.0,32.83,11.0,1,278.62
p1_S1_N1.12,120.0,14.32,0.0,0,166.53
p1_N2_S2.12,120.0,11.82,0.0,0,177.31
p1_E_W.12,87.0,27.99,11.0,1,253.92
p1_S2_N2.13,130.0,6.34,0.0,0,154.72
p1_N2_W.2,63.0,57.04,31.0,3,316.04
p1_E_N1.3,90.0,25.13,10.0,1,244.44
p1_S1_E.2,63.0,58.73,30.0,3,319.27
p1_N2_W.3,93.0,28.94,4.0,2,274.64
p1_W_E.16,54.0,69.53,28.0,4,337.18
p1_E_W.13,94.0,29.73,12.0,1,273.34
p1_E_W.14,101.0,24.65,7.0,1,260.67
p1_E_W.15,108.0,19.56,0.0,0,248.65
p1_W_E.17,57.0,64.0,26.0,3,328.97
p1_W_E.18,60.0,70.13,24.0,3,349.15
p1_E_W.16,116.0,13.29,0.0,0,232.92
p1_N2_S2.13,130.0,25.37,13.0,1,192.97
p1_S2_N2.14,140.0,14.06,3.0,1,174.59
p1_S2_N2.15,150.0,5.85,0.0,0,154.12
p1_N2_S2.14,140.0,11.3,0.0,0,175.05
p1_N1_S1.13,130.0,35.26,25.0,1,206.89
p1_N2_S2.15,150.0,11.98,0.0,0,165.17
p1_S1_N1.13,130.0,37.68,26.0,1,219.84
p1_N1_S1.14,140.0,27.78,16.0,1,198.71
p1_S1_N1.14,140.0,29.65,19.0,1,203.63
p1_S1_N1.15,150.0,20.21,7.0,1,190.8
p1_W_E.19,63.0,75.93,35.0,4,354.91
p1_W_S2.2,70.0,80.7,28.0,4,362.48
p1_N1_S1.15,150.0,15.76,4.0,1,184.23
p1_W_E.20,67.0,84.11,31.0,4,366.93
p1_N1_S1.16,160.0,15.62,0.0,0,184.23
p1_W_E.21,73.0,82.06,25.0,4,365.96
p1_W_E.22,76.0,80.84,21.0,3,363.51
p1_W_E.23,79.0,79.49,20.0,3,374.41
p1_N2_W.4,123.0,27.08,11.0,1,257.02
p1_W_E.24,82.0,72.23,18.0,3,335.53
p1_S1_E.3,93.0,68.43,29.0,3,329.83
p1_E_N1.4,120.0,33.13,15.0,2,256.02
p1_E_W.17,123.0,34.43,13.0,2,276.17
p1_W_E.25,85.0,79.97,27.0,3,375.7
p1_E_W.18,130.0,34.97,10.0,2,286.96
p1_W_E.26,88.0,78.79,23.0,3,388.35
p1_E_W.19,137.0,29.76,6.0,1,293.63
p1_W_E.27,91.0,75.06,23.0,3,384.67
p1_N2_W.5,153.0,15.4,0.0,0,252.93
p1_W_E.28,94.0,72.95,21.0,4,365.27
p1_W_E.29,97.0,75.33,21.0,4,368.31
p1_W_E.30,100.0,63.33,20.0,3,330.86
p1_W_S2.3,103.0,67.35,17.0,3,348.28
p1_E_W.20,144.0,21.05,8.0,1,235.35
p1_S1_N1.16,160.0,40.88,21.0,2,227.32
p1_S1_N1.17,170.0,33.28,20.0,1,205.42
p1_N1_S1.17,170.0,29.11,18.0,1,205.76
p1_S1_N1.18,180.0,25.17,13.0,1,198.45
p1_N1_S1.18,180.0,21.06,10.0,1,187.48
p1_W_E.31,106.0,58.71,17.0,4,312.18
p1_W_E.32,109.0,79.6,16.0,3,339.14
p1_N1_S1.19,190.0,11.48,0.0,0,175.86
p1_N1_S1.20,200.0,11.55,0.0,0,176.6
p1_W_E.33,112.0,64.14,15.0,3,335.12
p1_W_E.34,115.0,77.24,13.0,3,360.16
p1_W_E.35,118.0,66.99,10.0,2,348.92
p1_E_N1.5,150.0,37.87,19.0,2,278.88
p1_E_W.21,153.0,41.91,19.0,2,281.69
p1_W_E.36,121.0,74.72,10.0,2,363.36
p1_W_E.37,124.0,69.93,9.0,2,369.74
p1_E_W.22,159.0,37.23,14.0,2,280.82
p1_W_E.38,127.0,72.32,8.0,2,365.44
p1_S1_E.4,123.0,74.55,34.0,3,349.59
p1_W_S2.4,136.0,66.07,13.0,3,356.94
p1_E_W.23,166.0,29.06,11.0,1,262.99
p1_S1_E.5,153.0,49.35,11.0,2,323.04
p1_E_W.24,173.0,29.97,10.0,1,254.37
p1_W_E.39,130.0,66.25,18.0,3,360.37
p1_E_W.25,180.0,18.14,4.0,1,233.89
p1_W_E.40,133.0,70.18,13.0,4,371.46
p1_E_W.26,188.0,19.61,0.0,0,235.73
p1_W_E.41,139.0,67.78,11.0,3,376.68
p1_N2_S2.16,160.0,71.38,62.0,1,270.92
p1_E_N1.6,183.0,18.2,2.0,1,234.14
p1_E_W.27,195.0,14.59,0.0,0,237.0
p1_N2_S2.17,170.0,63.27,52.0,1,254.52
p1_N2_S2.18,180.0,55.63,44.0,1,237.78
p1_S2_N2.16,160.0,67.0,56.0,1,262.69
p1_S2_N2.17,170.0,67.59,51.0,1,267.28
p1_S1_N1.19,190.0,47.71,28.0,2,237.69
p1_N1_S1.21,210.0,27.2,16.0,1,199.38
p1_S2_N2.18,180.0,59.21,44.0,1,256.78
p1_S1_N1.20,200.0,39.66,24.0,1,224.29
p1_N1_S1.22,220.0,19.41,8.0,1,186.67
p1_S2_N2.19,190.0,51.12,35.0,1,260.84
p1_S1_N1.21,210.0,31.59,18.0,1,211.46
p1_S2_N2.20,200.0,42.85,25.0,1,242.41
p1_N1_S1.23,230.0,9.38,0.0,0,157.14
p1_S1_N1.22,220.0,26.0,12.0,1,200.34
p1_N1_S1.24,240.0,5.69,0.0,0,150.01
p1_W_E.42,142.0,75.29,25.0,4,347.85
p1_S1_N1.23,230.0,17.99,5.0,1,189.31
p1_W_E.43,145.0,80.6,21.0,3,357.27
p1_S1_N1.24,240.0,9.7,0.0,0,167.34
p1_W_E.44,148.0,75.11,19.0,3,350.62
p1_W_E.45,151.0,80.49,19.0,3,357.29
p1_W_E.46,154.0,79.25,18.0,3,359.28
p1_W_E.47,157.0,77.93,16.0,3,364.3
p1_E_N1.7,212.0,25.94,6.0,1,250.92
p1_S1_E.6,183.0,41.66,16.0,2,277.76
p1_E_W.28,202.0,21.25,7.0,1,241.59
p1_W_E.48,160.0,73.63,28.0,4,361.39
p1_E_W.29,209.0,33.47,6.0,1,260.42
p1_W_E.49,164.0,80.06,26.0,3,371.81
p1_W_S2.5,170.0,73.22,23.0,3,350.59
p1_E_W.30,216.0,28.12,6.0,1,259.67
p1_W_E.50,167.0,77.24,25.0,3,379.61
p1_N2_W.6,183.0,58.15,40.0,1,297.29
p1_W_E.51,173.0,74.68,20.0,3,371.98
p1_E_W.31,224.0,23.6,9.0,1,246.95
p1_S2_N2.21,210.0,62.37,45.0,2,261.98
p1_E_W.32,231.0,15.53,3.0,1,223.83
p1_N2_S2.19,190.0,81.39,63.0,2,286.51
p1_E_W.33,238.0,14.25,0.0,0,231.65
p1_S2_N2.22,220.0,53.37,35.0,2,243.7
p1_N2_S2.20,200.0,74.05,55.0,2,279.43
p1_S2_N2.23,230.0,47.37,27.0,2,251.22
p1_E_N1.8,241.0,10.73,0.0,0,230.75
p1_E_W.34,245.0,11.11,0.0,0,223.28
p1_S2_N2.24,240.0,39.09,25.0,1,236.59
p1_S2_N2.25,250.0,30.82,18.0,1,220.77
p1_S2_N2.26,260.0,20.95,8.0,1,192.18
p1_N2_S2.21,210.0,60.07,41.0,2,253.48
p1_N2_S2.22,220.0,58.05,35.0,2,242.47
p1_E_W.35,252.0,7.44,0.0,0,196.18
p1_S2_N2.27,270.0,12.12,0.0,0,176.67
p1_N2_S2.23,230.0,47.76,26.0,2,237.45
p1_W_E.52,176.0,88.05,36.0,4,368.44
p1_N2_S2.24,240.0,37.81,24.0,1,212.8
p1_W_E.53,180.0,88.99,35.0,4,387.45
p1_W_E.54,183.0,92.31,35.0,4,387.02
p1_W_E.55,186.0,88.2,35.0,4,370.19
p1_W_E.56,189.0,88.18,32.0,5,371.77
p1_S1_E.7,213.0,67.57,32.0,2,342.11
p1_N2_W.7,213.0,66.5,38.0,2,317.2
p1_W_E.57,192.0,90.45,39.0,4,399.77
p1_W_E.58,195.0,84.02,38.0,4,365.42
p1_W_E.59,198.0,82.54,34.0,4,369.1
p1_N1_S1.25,250.0,58.64,49.0,1,243.69
p1_W_S2.6,204.0,83.28,27.0,3,373.96
p1_S1_N1.25,250.0,58.03,45.0,1,244.83
p1_N1_S1.26,260.0,46.08,34.0,1,218.89
p1_S1_N1.26,260.0,55.72,42.0,1,245.95
p1_W_E.60,201.0,73.88,30.0,4,354.88
p1_W_E.61,207.0,89.17,26.0,3,381.12
p1_N1_S1.27,270.0,47.31,31.0,1,231.56
p1_S1_N1.27,270.0,47.46,31.0,1,240.13
p1_W_E.62,210.0,87.91,26.0,3,376.91
p1_N1_S1.28,280.0,35.49,21.0,1,211.51
p1_W_E.63,213.0,86.56,24.0,3,386.07
p1_S1_N1.28,280.0,39.47,24.0,1,216.33
p1_N1_S1.29,290.0,30.9,14.0,1,221.48
p1_N1_S1.30,300.0,21.45,5.0,1,210.27
p1_W_E.64,216.0,75.19,22.0,3,367.31
p1_N1_S1.31,310.0,14.25,0.0,0,198.82
p1_W_E.65,219.0,73.18,22.0,4,344.66
p1_W_E.66,222.0,80.99,20.0,3,357.2
p1_W_E.67,225.0,82.11,19.0,3,362.45
p1_E_W.36,260.0,42.26,24.0,2,286.36
p1_E_W.37,267.0,40.94,20.0,2,295.59
p1_W_E.68,228.0,80.96,19.0,3,351.98
p1_W_E.69,231.0,79.7,18.0,4,362.5
p1_S2_N2.28,280.0,53.08,42.0,1,243.73
p1_E_W.38,274.0,38.2,10.0,2,273.79
p1_N2_S2.25,250.0,85.67,62.0,2,293.08
p1_S2_N2.29,290.0,45.05,35.0,1,231.01
p1_N2_S2.26,260.0,77.52,57.0,2,286.44
p1_E_N1.9,270.0,32.02,12.0,2,261.81
p1_S2_N2.30,300.0,36.72,24.0,1,211.25
p1_E_W.39,281.0,29.11,6.0,2,267.02
p1_E_W.40,288.0,28.5,0.0,0,272.97
p1_N2_S2.27,270.0,67.48,47.0,2,263.07
p1_E_W.41,296.0,23.6,0.0,0,254.32
p1_S2_N2.31,310.0,27.53,16.0,1,201.2
p1_E_N1.10,300.0,20.63,0.0,0,241.42
p1_S2_N2.32,320.0,23.02,9.0,1,210.06
p1_N2_S2.28,280.0,63.96,39.0,2,261.6
p1_E_W.42,303.0,20.33,0.0,0,233.19
p1_S2_N2.33,330.0,14.88,0.0,0,187.26
p1_E_W.43,310.0,13.06,0.0,0,224.16
p1_E_W.44,317.0,10.69,0.0,0,223.38
p1_W_E.70,233.0,97.0,35.0,4,384.96
p1_N2_S2.29,290.0,48.54,34.0,1,232.68
p1_W_S2.7,236.0,91.72,33.0,4,370.84
p1_W_E.71,239.0,94.08,34.0,4,375.65
p1_S1_N1.29,290.0,69.08,47.0,2,270.85
p1_N1_S1.32,320.0,39.96,29.0,1,224.75
p1_W_E.72,242.0,90.15,31.0,4,376.93
p1_S1_N1.30,300.0,59.97,39.0,2,252.95
p1_W_E.73,245.0,96.46,30.0,4,395.66
p1_W_E.74,248.0,95.14,27.0,3,394.63
p1_N1_S1.33,330.0,28.95,18.0,1,198.26
p1_W_E.75,251.0,89.67,25.0,3,388.89
p1_S1_N1.31,310.0,56.72,30.0,2,248.64
p1_N1_S1.34,340.0,26.08,12.0,1,201.11
p1_W_E.76,254.0,92.62,26.0,3,398.64
p1_N1_S1.35,350.0,17.84,4.0,1,201.31
p1_W_E.77,257.0,91.39,24.0,3,392.11
p1_W_E.78,260.0,84.41,23.0,4,363.77
p1_W_E.79,263.0,80.63,21.0,3,355.3
p1_N2_W.8,243.0,105.8,76.0,3,382.77
p1_N2_W.9,273.0,80.58,50.0,3,353.46
p1_W_E.80,266.0,82.08,20.0,3,359.07
p1_E_W.45,324.0,31.75,18.0,1,263.47
p1_S1_E.8,243.0,106.52,65.0,3,379.46
p1_S1_E.9,273.0,80.55,39.0,2,360.8
p1_W_S2.8,269.0,86.16,32.0,3,369.9
p1_E_W.46,333.0,28.75,6.0,1,266.72
p1_W_E.81,272.0,85.15,31.0,3,364.34
p1_E_N1.11,330.0,23.56,8.0,1,254.09
p1_W_E.82,275.0,90.45,30.0,3,373.05
p1_S1_N1.32,320.0,70.43,46.0,2,264.98
p1_S1_N1.33,330.0,62.6,45.0,2,260.92
p1_S2_N2.34,340.0,46.46,35.0,1,226.58
p1_N1_S1.36,360.0,29.17,18.0,1,204.89
p1_S2_N2.35,350.0,43.72,30.0,1,224.69
p1_N2_S2.30,300.0,85.46,68.0,2,296.1
p1_S2_N2.36,360.0,35.43,22.0,1,215.49
p1_N2_S2.31,310.0,86.11,62.0,2,311.58
p1_N1_S1.37,370.0,18.59,7.0,1,190.73
p1_N2_S2.32,320.0,77.77,54.0,2,291.86
p1_S2_N2.37,370.0,22.67,11.0,1,185.8
p1_N1_S1.38,380.0,17.89,2.0,1,187.39
p1_N2_S2.33,330.0,69.44,45.0,2,279.76
p1_S1_N1.34,340.0,54.45,32.0,2,245.86
p1_N1_S1.39,390.0,5.64,0.0,0,144.98
p1_N2_S2.34,340.0,61.45,35.0,2,251.2
p1_S1_N1.35,350.0,49.48,25.0,2,246.12
p1_E_W.47,339.0,42.04,20.0,2,287.09
p1_E_W.48,346.0,37.18,14.0,2,279.82
p1_S2_N2.38,380.0,11.21,0.0,0,175.31
p1_S2_N2.39,390.0,13.89,0.0,0,173.55
p1_W_E.83,278.0,99.93,45.0,4,393.95
p1_W_E.84,281.0,110.11,45.0,4,418.47
p1_E_N1.12,363.0,27.64,7.0,1,243.04
p1_E_W.49,353.0,22.41,9.0,1,230.12
p1_E_W.50,360.0,33.72,7.0,1,263.49
p1_W_E.85,284.0,98.23,42.0,4,388.7
p1_W_E.86,287.0,98.2,38.0,6,380.08
p1_E_W.51,368.0,27.51,6.0,1,260.11
p1_W_E.87,290.0,99.8,40.0,4,394.76
p1_E_W.52,375.0,22.29,2.0,1,253.86
p1_N2_W.10,303.0,96.0,66.0,2,386.71
p1_W_E.88,293.0,101.25,38.0,4,404.04
p1_W_E.89,296.0,104.33,34.0,6,401.66
p1_N2_W.11,333.0,68.18,42.0,2,322.98
p1_W_S2.9,302.0,100.4,29.0,4,373.02
p1_W_E.90,299.0,85.98,33.0,5,362.71
p1_W_E.91,305.0,105.7,29.0,4,396.1
p1_W_E.92,308.0,91.48,29.0,5,383.67
p1_S1_E.10,303.0,103.17,49.0,4,401.85
p1_W_E.93,311.0,106.7,31.0,4,432.83
p1_W_E.94,314.0,105.51,27.0,3,429.37
p1_E_W.53,382.0,20.83,9.0,1,231.12
p1_W_E.95,317.0,97.88,26.0,3,419.93
p1_E_W.54,389.0,32.33,8.0,1,246.35
p1_W_E.96,320.0,94.99,26.0,3,420.39
p1_N2_S2.35,350.0,94.92,71.0,2,325.96
p1_W_E.97,323.0,101.18,22.0,3,422.44
p1_E_N1.13,392.0,18.9,3.0,1,243.05
p1_N2_S2.36,360.0,86.77,68.0,2,300.44
p1_E_W.55,396.0,15.34,0.0,0,231.65
p1_E_W.56,404.0,16.05,0.0,0,237.02
p1_S2_N2.40,400.0,38.62,28.0,1,211.5
p1_E_W.57,411.0,19.69,0.0,0,239.2
p1_S2_N2.41,410.0,38.45,22.0,1,215.84
p1_E_W.58,418.0,14.4,0.0,0,238.5
p1_N1_S1.40,400.0,56.48,46.0,1,247.82
p1_S2_N2.42,420.0,35.4,17.0,1,222.3
p1_S2_N2.43,430.0,23.21,6.0,1,207.0
p1_N1_S1.41,410.0,48.43,37.0,1,229.95
p1_W_E.98,326.0,107.5,35.0,4,411.14
p1_N1_S1.42,420.0,40.51,29.0,1,218.43
p1_W_E.99,330.0,110.05,34.0,4,410.57
p1_N1_S1.43,430.0,32.44,19.0,1,212.53
p1_S1_E.11,333.0,108.75,62.0,5,406.69
p1_N2_S2.37,370.0,72.84,50.0,2,277.76
p1_S1_N1.36,360.0,91.32,66.0,2,305.14
p1_N1_S1.44,440.0,24.41,12.0,1,196.99
p1_W_E.100,333.0,110.59,44.0,5,421.5
p1_S1_N1.37,370.0,96.27,64.0,2,316.39
p1_W_S2.10,336.0,109.22,42.0,5,418.31
p1_N1_S1.45,450.0,14.6,2.0,1,180.86
p1_W_E.101,339.0,107.68,37.0,5,408.96
p1_S1_N1.38,380.0,88.12,61.0,2,313.5
p1_N1_S1.46,460.0,9.35,0.0,0,181.23
p1_S1_N1.39,390.0,79.89,52.0,2,300.54
p1_W_E.102,342.0,103.0,33.0,5,404.78
p1_W_E.103,345.0,107.13,33.0,5,398.97
p1_W_E.104,348.0,105.89,33.0,5,409.78
p1_E_W.59,425.0,28.91,16.0,1,250.55
p1_E_N1.14,421.0,27.87,15.0,1,241.14
p1_W_E.105,351.0,104.57,26.0,5,407.33
p1_W_E.106,354.0,100.02,25.0,6,390.12
p1_E_W.60,432.0,22.6,11.0,1,235.48
p1_N2_W.12,363.0,95.13,67.0,3,377.45
p1_W_E.107,357.0,100.45,22.0,4,392.88
p1_W_E.108,360.0,101.24,19.0,4,412.42
p1_W_E.109,363.0,99.96,19.0,5,412.5
p1_N2_S2.38,380.0,111.46,83.0,3,342.17
p1_S2_N2.44,440.0,51.21,33.0,2,247.81
p1_W_E.110,366.0,88.98,15.0,3,367.8
p1_N1_S1.47,470.0,21.88,11.0,1,190.19
p1_N2_S2.39,390.0,103.28,74.0,3,330.22
p1_S1_N1.40,400.0,90.67,65.0,2,303.67
p1_S2_N2.45,450.0,42.7,31.0,1,229.04
p1_N1_S1.48,480.0,14.54,1.0,1,190.29
p1_S1_N1.41,410.0,85.01,61.0,2,298.69
p1_S1_N1.42,420.0,76.69,54.0,2,286.09
p1_S2_N2.46,460.0,36.41,24.0,1,215.78
p1_N1_S1.49,490.0,6.3,0.0,0,154.48
p1_S2_N2.47,470.0,28.23,15.0,1,212.29
p1_N2_S2.40,400.0,97.0,64.0,2,317.89
p1_S2_N2.48,480.0,17.34,4.0,1,177.12
p1_N2_S2.41,410.0,91.86,64.0,2,300.47
p1_N2_S2.42,420.0,83.55,59.0,2,296.26
p1_S2_N2.49,490.0,9.24,0.0,0,164.35
p1_E_N1.15,450.0,38.37,9.0,1,252.35
p1_N2_S2.43,430.0,73.15,44.0,2,275.42
p1_W_E.111,372.0,123.1,33.0,4,430.47
p1_E_W.61,440.0,24.46,11.0,1,245.75
p1_E_W.62,447.0,50.58,9.0,1,275.93
p1_W_S2.11,369.0,113.48,36.0,5,416.37
p1_E_W.63,454.0,45.16,8.0,1,279.68
p1_E_W.64,461.0,39.91,8.0,1,271.31
p1_N1_S1.50,500.0,23.52,13.0,1,199.72
p1_E_W.65,468.0,34.73,8.0,1,262.55
p1_N1_S1.51,510.0,15.31,3.0,1,184.37
p1_E_W.66,476.0,28.37,4.0,1,263.23
p1_S1_N1.43,430.0,89.57,62.0,3,303.5
p1_W_E.112,375.0,107.31,31.0,4,408.58
p1_S1_N1.44,440.0,85.43,57.0,3,304.53
p1_N1_S1.52,520.0,6.28,0.0,0,158.35
p1_W_E.113,378.0,131.14,27.0,3,420.1
p1_S1_N1.45,450.0,80.92,47.0,3,298.45
p1_W_E.114,381.0,130.06,28.0,4,416.22
p1_W_E.115,384.0,128.67,25.0,3,444.15
p1_W_E.116,387.0,127.42,25.0,4,450.61
p1_W_E.117,390.0,126.14,23.0,4,433.9
p1_S1_E.12,363.0,155.01,84.0,5,478.84
p1_N2_W.13,393.0,118.0,79.0,4,407.24
p1_S1_E.13,393.0,122.11,64.0,4,457.7
p1_W_S2.12,402.0,117.94,35.0,5,410.23
p1_W_E.118,393.0,126.68,41.0,4,446.31
p1_E_N1.16,480.0,38.61,22.0,1,279.23
p1_W_E.119,396.0,125.19,40.0,5,443.29
p1_N2_W.14,423.0,82.05,50.0,2,345.18
p1_W_E.120,399.0,116.53,36.0,4,438.51
p1_N2_S2.44,440.0,108.22,74.0,3,334.9
p1_E_W.67,483.0,33.75,19.0,1,258.43
p1_E_W.68,490.0,38.55,15.0,1,277.05
p1_S2_N2.50,500.0,43.9,32.0,1,225.66
p1_E_W.69,497.0,33.3,10.0,1,279.56
p1_E_N1.17,510.0,20.43,1.0,1,254.72
p1_E_W.70,504.0,28.02,5.0,1,272.37
p1_S2_N2.51,510.0,42.86,27.0,1,226.03
p1_N2_S2.45,450.0,94.82,62.0,3,303.35
p1_E_W.71,513.0,20.71,0.0,0,275.04
p1_E_W.72,519.0,14.29,0.0,0,244.53
p1_S2_N2.52,520.0,27.08,15.0,1,194.36
p1_N2_S2.46,460.0,90.08,56.0,2,294.31
p1_E_W.73,526.0,9.59,0.0,0,226.54
p1_S2_N2.53,530.0,28.86,10.0,1,212.04
p1_N2_S2.47,470.0,90.74,55.0,2,310.11
p1_S2_N2.54,540.0,20.17,2.0,1,201.19
p1_E_W.74,533.0,6.95,0.0,0,194.4
p1_N2_S2.48,480.0,82.45,49.0,2,309.35
p1_S2_N2.55,550.0,6.66,0.0,0,158.42
p1_N2_S2.49,490.0,74.17,43.0,2,284.34
p1_S2_N2.56,560.0,5.39,0.0,0,149.94
p1_N2_S2.50,500.0,62.35,31.0,2,262.1
p1_W_E.121,405.0,143.86,54.0,4,455.68
p1_W_E.122,408.0,140.16,56.0,4,456.36
p1_W_E.123,411.0,137.42,54.0,5,470.33
p1_N2_W.15,453.0,97.77,58.0,3,352.7
p1_W_E.124,414.0,132.42,53.0,4,438.89
p1_S1_E.14,423.0,138.46,84.0,4,451.64
p1_W_E.125,417.0,146.15,57.0,5,478.82
p1_S1_N1.46,460.0,124.63,85.0,4,362.63
p1_N1_S1.53,530.0,54.9,44.0,1,248.66
p1_W_E.126,420.0,144.98,56.0,4,496.16
p1_S1_N1.47,470.0,116.29,74.0,4,349.67
p1_W_E.127,423.0,143.73,51.0,4,494.27
p1_W_E.128,426.0,127.22,51.0,5,429.91
p1_S1_N1.48,480.0,102.85,73.0,3,322.54
p1_W_E.129,429.0,144.46,47.0,4,456.07
p1_S1_N1.49,490.0,106.03,68.0,3,328.81
p1_W_E.130,432.0,134.26,47.0,4,447.68
p1_W_S2.13,435.0,131.24,43.0,4,434.61
p1_S1_E.15,453.0,124.06,60.0,6,427.89
p1_S1_N1.50,500.0,92.15,57.0,2,295.32
p1_N1_S1.54,540.0,37.1,24.0,1,216.45
p1_S1_N1.51,510.0,90.04,56.0,2,294.12
p1_N1_S1.55,550.0,50.22,24.0,1,222.33
p1_W_E.131,438.0,132.88,49.0,5,442.64
p1_N1_S1.56,560.0,35.82,16.0,1,213.69
p1_W_E.132,441.0,140.05,48.0,4,454.62
p1_S1_N1.52,520.0,79.55,54.0,2,281.89
p1_N1_S1.57,570.0,21.7,4.0,1,203.39
p1_W_E.133,444.0,139.21,45.0,4,460.62
p1_W_E.134,447.0,133.19,46.0,4,441.69
p1_N1_S1.58,580.0,25.97,1.0,1,204.94
p1_N2_W.16,483.0,103.16,65.0,3,381.75
p1_N1_S1.59,590.0,17.69,0.0,0,170.23
p1_W_E.135,450.0,136.72,43.0,4,449.54
p1_W_E.136,453.0,135.54,40.0,4,460.2
p1_W_E.137,456.0,132.84,40.0,4,470.19
p1_E_W.75,540.0,43.52,27.0,2,281.52
p1_E_N1.18,543.0,47.09,24.0,2,287.94
p1_E_W.76,548.0,43.07,20.0,2,289.8
p1_E_W.77,555.0,40.46,16.0,2,296.37
p1_N2_S2.51,510.0,106.46,75.0,2,344.46
p1_E_W.78,562.0,30.65,7.0,2,268.07
p1_N2_S2.52,520.0,102.4,73.0,2,322.22
p1_W_E.138,459.0,113.83,38.0,4,404.13
p1_E_W.79,569.0,23.04,5.0,1,249.58
p1_S2_N2.57,570.0,43.59,31.0,1,221.43
p1_E_W.80,576.0,27.79,5.0,1,254.26
p1_S2_N2.58,580.0,45.72,29.0,1,236.5
p1_E_N1.19,572.0,24.62,6.0,1,249.96
p1_S2_N2.59,590.0,36.32,20.0,1,222.71
p1_N2_S2.53,530.0,90.75,68.0,2,310.29
p1_S2_N2.60,600.0,28.44,12.0,1,214.58
p1_S1_N1.53,530.0,100.68,68.0,3,318.74
p1_N2_S2.54,540.0,82.02,59.0,2,287.82
p1_S1_N1.54,540.0,92.26,63.0,2,301.43
p1_S2_N2.61,610.0,11.03,0.0,0,166.44
p1_N2_S2.55,550.0,79.05,53.0,2,283.25
p1_N1_S1.60,600.0,29.07,18.0,1,201.76
p1_S2_N2.62,620.0,9.05,0.0,0,154.37
p1_N1_S1.61,610.0,24.69,11.0,1,203.53
p1_N1_S1.62,620.0,16.35,2.0,1,192.28
p1_S1_N1.55,550.0,87.34,62.0,2,291.48
p1_N1_S1.63,630.0,7.49,0.0,0,167.48
p1_S2_N2.63,630.0,5.74,0.0,0,151.68
p1_N2_S2.56,560.0,65.46,42.0,1,267.41
p1_N2_S2.57,570.0,73.44,42.0,1,279.4
p1_N2_S2.58,580.0,65.59,41.0,1,266.83
p1_E_W.81,584.0,35.84,13.0,2,264.54
p1_E_W.82,591.0,29.47,10.0,1,248.09
p1_E_W.83,598.0,30.73,9.0,1,254.05
p1_E_N1.20,601.0,27.63,10.0,1,241.66
p1_W_E.139,462.0,155.47,63.0,5,463.74
p1_W_S2.14,468.0,161.42,62.0,6,456.85
p1_W_E.140,465.0,166.13,61.0,6,468.25
p1_E_W.84,605.0,25.67,10.0,1,242.84
p1_W_E.141,470.0,162.39,59.0,6,467.3
p1_N2_W.17,513.0,119.16,78.0,3,421.4
p1_W_E.142,474.0,160.53,57.0,5,479.02
p1_N2_W.18,543.0,90.85,59.0,2,367.67
p1_W_E.143,477.0,152.0,57.0,6,448.04
p1_W_E.144,480.0,153.25,55.0,4,445.49
p1_W_E.145,483.0,158.85,55.0,5,436.68
p1_N2_W.19,573.0,64.89,41.0,1,293.24
p1_W_E.146,486.0,149.03,53.0,5,437.05
p1_W_E.147,492.0,143.35,49.0,4,429.13
p1_W_E.148,495.0,153.92,46.0,5,439.14
p1_W_E.149,498.0,152.61,46.0,5,445.43
p1_W_E.150,501.0,151.39,44.0,6,449.82
p1_E_W.85,612.0,33.12,20.0,1,254.87
p1_S1_E.16,483.0,163.95,103.0,5,477.39
p1_E_W.86,620.0,34.37,16.0,1,265.11
p1_E_W.87,627.0,25.43,11.0,1,261.6
p1_S1_E.17,513.0,135.48,81.0,4,434.8
p1_E_N1.21,630.0,26.19,10.0,1,258.82
p1_W_E.151,507.0,151.95,53.0,4,468.32
p1_W_S2.15,504.0,144.27,57.0,5,461.01
p1_W_E.152,510.0,146.12,53.0,3,468.33
p1_W_E.153,512.0,153.2,53.0,4,476.88
p1_W_E.154,515.0,148.49,49.0,3,472.56
p1_W_E.155,518.0,150.61,49.0,3,476.45
p1_S2_N2.64,640.0,54.13,43.0,1,240.41
p1_N2_S2.59,590.0,101.48,80.0,2,313.38
p1_E_N1.22,660.0,13.68,0.0,0,215.75
p1_S2_N2.65,650.0,41.24,29.0,1,213.81
p1_N2_S2.60,600.0,90.32,70.0,2,293.76
p1_N2_S2.61,610.0,93.69,65.0,2,307.19
p1_E_W.88,634.0,10.73,0.0,0,220.66
p1_S2_N2.66,660.0,40.58,26.0,1,221.15
p1_N2_S2.62,620.0,82.18,57.0,2,290.15
p1_E_W.89,641.0,42.33,0.0,0,239.22
p1_S2_N2.67,670.0,29.16,15.0,1,213.4
p1_S1_N1.56,560.0,146.53,115.0,3,388.16
p1_E_W.90,648.0,35.84,0.0,0,249.21
p1_N2_S2.63,630.0,77.31,48.0,2,292.44
p1_S2_N2.68,680.0,20.55,6.0,1,203.36
p1_E_W.91,656.0,30.69,0.0,0,240.99
p1_N2_S2.64,640.0,69.03,44.0,1,274.93
p1_S2_N2.69,690.0,9.9,0.0,0,167.03
p1_S1_N1.57,570.0,136.44,105.0,3,373.13
p1_N2_S2.65,650.0,60.71,44.0,1,258.42
p1_E_W.92,663.0,21.94,0.0,0,234.42
p1_E_W.93,670.0,20.15,0.0,0,253.64
p1_S2_N2.70,700.0,7.38,0.0,0,159.49
p1_S1_N1.58,580.0,132.46,96.0,3,363.21
p1_N1_S1.64,640.0,61.08,50.0,1,253.26
p1_N1_S1.65,650.0,57.22,44.0,1,242.87
p1_S1_N1.59,590.0,122.65,86.0,3,340.42
p1_N1_S1.66,660.0,52.32,37.0,1,248.86
p1_S1_N1.60,600.0,117.44,78.0,3,349.27
p1_N1_S1.67,670.0,36.23,24.0,1,205.92
p1_W_E.156,521.0,170.16,70.0,4,505.86
p1_N1_S1.68,680.0,40.72,21.0,1,214.34
p1_S1_E.18,543.0,151.38,103.0,4,461.11
p1_S1_N1.61,610.0,110.78,71.0,2,329.97
p1_N1_S1.69,690.0,28.41,12.0,1,200.72
p1_W_E.157,524.0,178.51,71.0,5,530.59
p1_S1_N1.62,620.0,104.37,70.0,2,326.6
p1_N1_S1.70,700.0,24.26,6.0,1,210.24
p1_W_E.158,527.0,177.35,70.0,6,532.34
p1_N1_S1.71,710.0,16.06,0.0,0,214.55
p1_W_E.159,530.0,173.49,69.0,5,521.18
p1_W_E.160,533.0,174.81,67.0,6,515.22
p1_E_W.94,677.0,31.29,17.0,1,252.88
p1_N2_W.20,603.0,106.64,72.0,3,385.57
p1_W_E.161,539.0,171.75,58.0,5,490.49
p1_W_S2.16,536.0,169.71,61.0,5,508.28
p1_N2_W.21,633.0,78.78,45.0,2,342.1
p1_W_E.162,542.0,170.7,56.0,5,486.1
p1_W_E.163,545.0,169.71,54.0,5,495.17
p1_E_W.95,684.0,34.58,21.0,1,254.11
p1_W_E.164,548.0,163.07,53.0,5,478.03
p1_W_E.165,562.0,157.62,45.0,4,464.14
p1_E_N1.23,690.0,32.03,17.0,1,262.35
p1_W_E.166,565.0,158.77,46.0,4,456.29
p1_S1_N1.63,630.0,116.5,82.0,3,338.56
p1_N1_S1.72,720.0,27.99,15.0,1,195.96
p1_N1_S1.73,730.0,19.95,8.0,1,191.08
p1_S1_N1.64,640.0,111.17,74.0,3,332.22
p1_S1_N1.65,650.0,103.3,70.0,2,321.09
p1_W_E.167,568.0,138.83,43.0,4,431.71
p1_S1_N1.66,660.0,94.45,69.0,2,308.54
p1_N2_S2.66,660.0,95.18,77.0,2,321.17
p1_S2_N2.71,710.0,45.53,35.0,1,227.94
p1_N1_S1.74,740.0,7.44,0.0,0,148.34
p1_W_E.168,571.0,153.09,45.0,4,426.95
p1_S2_N2.72,720.0,37.49,25.0,1,216.51
p1_W_E.169,574.0,163.05,44.0,4,443.26
p1_N1_S1.75,750.0,8.28,0.0,0,156.25
p1_W_E.170,577.0,155.09,41.0,4,443.04
p1_S1_N1.67,670.0,90.06,63.0,3,318.21
p1_N2_S2.67,670.0,89.2,68.0,2,299.22
p1_N2_S2.68,680.0,81.91,61.0,2,292.29
p1_N2_S2.69,690.0,73.62,50.0,2,284.38
p1_S2_N2.73,730.0,25.33,15.0,1,198.11
p1_S2_N2.74,740.0,25.85,9.0,1,198.12
p1_S2_N2.75,750.0,17.64,2.0,1,180.18
p1_N2_S2.70,700.0,67.94,43.0,2,264.6
p1_E_W.96,693.0,42.9,25.0,2,282.17
p1_S2_N2.76,760.0,7.22,0.0,0,150.16
p1_N2_S2.71,710.0,59.98,35.0,1,255.27
p1_E_W.97,699.0,47.8,23.0,2,297.74
p1_N2_S2.72,720.0,50.55,34.0,1,234.17
p1_E_W.98,706.0,36.31,14.0,2,276.2
p1_E_W.99,713.0,39.5,9.0,1,287.0
p1_E_N1.24,723.0,31.36,9.0,1,277.94
p1_E_W.100,720.0,35.47,9.0,1,299.61
p1_E_W.101,728.0,24.41,8.0,1,241.95
p1_W_E.171,585.0,170.9,64.0,5,470.43
p1_E_W.102,735.0,25.34,7.0,1,250.16
p1_E_W.103,742.0,20.13,2.0,1,241.87
p1_W_E.172,592.0,170.45,63.0,5,475.96
p1_W_S2.17,580.0,165.32,67.0,5,463.64
p1_W_E.173,596.0,168.24,60.0,5,472.33
p1_S1_N1.68,680.0,108.36,78.0,3,338.38
p1_W_E.174,599.0,160.56,56.0,5,477.12
p1_S1_N1.69,690.0,100.72,66.0,3,323.5
p1_N1_S1.76,760.0,26.77,16.0,1,199.94
p1_S1_E.19,573.0,197.21,133.0,5,532.15
p1_N1_S1.77,770.0,22.18,9.0,1,199.6
p1_S1_E.20,603.0,166.15,99.0,5,495.1
p1_N1_S1.78,780.0,13.95,0.0,0,192.52
p1_W_E.175,602.0,171.77,67.0,5,514.06
p1_S1_N1.70,700.0,96.02,57.0,3,315.45
p1_N1_S1.79,790.0,5.96,0.0,0,154.63
p1_W_E.176,605.0,170.55,62.0,6,510.5
p1_W_E.177,608.0,157.09,60.0,5,464.71
p1_W_E.178,615.0,160.52,58.0,6,460.88
p1_W_E.179,625.0,158.11,57.0,6,472.93
p1_S1_N1.71,710.0,82.25,44.0,3,287.4
p1_W_S2.18,631.0,152.36,58.0,7,465.93
p1_W_E.180,628.0,156.87,54.0,5,473.91
p1_S1_N1.72,720.0,86.16,36.0,3,309.63
p1_S2_N2.77,770.0,41.32,32.0,1,224.79
p1_N2_W.22,663.0,112.18,87.0,3,383.03
p1_S2_N2.78,780.0,33.61,23.0,1,212.24
p1_N2_W.23,693.0,99.52,64.0,3,388.6
p1_N2_S2.73,730.0,84.16,64.0,2,301.86
p1_E_N1.25,752.0,35.15,11.0,1,270.22
p1_S2_N2.79,790.0,24.76,14.0,1,201.97
p1_E_W.104,749.0,27.09,12.0,1,254.61
p1_E_W.105,756.0,40.77,10.0,1,276.72
p1_S2_N2.80,800.0,16.37,3.0,1,184.49
p1_N2_S2.74,740.0,70.44,51.0,2,272.79
p1_E_W.106,764.0,35.81,8.0,1,283.08
p1_S2_N2.81,810.0,6.74,0.0,0,154.58
p1_N2_S2.75,750.0,73.09,46.0,2,277.08
p1_E_W.107,771.0,18.03,0.0,0,246.35
p1_N2_S2.76,760.0,64.82,37.0,2,266.84
p1_N1_S1.80,800.0,23.04,11.0,1,190.19
p1_S1_E.21,633.0,174.39,112.0,5,504.14
p1_S1_N1.73,730.0,93.05,45.0,4,307.21
p1_N2_S2.77,770.0,49.72,29.0,1,230.23
p1_S1_E.22,663.0,146.62,101.0,5,472.35
p1_S1_N1.74,740.0,86.56,41.0,4,298.78
p1_N1_S1.81,810.0,13.5,2.0,1,175.01
p1_W_E.181,634.0,178.12,83.0,7,520.19
p1_S1_N1.75,750.0,83.25,40.0,3,301.79
p1_N1_S1.82,820.0,9.22,0.0,0,166.09
p1_W_E.182,637.0,176.95,84.0,8,509.27
p1_W_E.183,640.0,175.58,78.0,7,510.44
p1_E_W.108,778.0,38.77,12.0,1,279.04
p1_W_E.184,643.0,174.63,76.0,8,504.48
p1_W_E.185,646.0,173.39,69.0,8,516.79
p1_W_E.186,649.0,172.32,69.0,7,510.22
p1_E_N1.26,781.0,30.49,11.0,1,249.17
p1_E_W.109,785.0,31.67,11.0,1,258.02
p1_E_W.110,792.0,29.15,10.0,1,249.42
p1_N2_W.24,723.0,95.39,67.0,3,371.05
p1_N2_W.25,753.0,76.95,44.0,2,340.44
p1_W_E.187,652.0,154.6,66.0,8,459.61
p1_W_E.188,655.0,168.77,64.0,8,490.0
p1_N2_S2.78,780.0,75.43,54.0,2,281.17
p1_E_W.111,800.0,27.61,13.0,1,242.86
p1_E_N1.27,810.0,28.35,11.0,1,259.55
p1_S2_N2.82,820.0,34.41,24.0,1,209.14
p1_W_E.189,658.0,181.35,62.0,7,507.42
p1_E_W.112,807.0,32.9,12.0,1,258.04
p1_S2_N2.83,830.0,31.62,17.0,1,211.2
p1_S1_E.23,693.0,143.5,76.0,4,457.02
p1_E_W.113,814.0,22.61,7.0,1,242.71
p1_N2_S2.79,790.0,68.49,45.0,2,269.51
p1_S2_N2.84,840.0,17.38,7.0,1,178.78
p1_E_W.114,821.0,23.74,3.0,1,266.18
p1_S2_N2.85,850.0,16.55,2.0,1,190.54
p1_E_W.115,828.0,18.43,0.0,0,259.51
p1_S2_N2.86,860.0,6.19,0.0,0,151.39
p1_E_W.116,836.0,7.65,0.0,0,211.84
p1_N2_S2.80,800.0,56.44,34.0,2,252.5
p1_N2_S2.81,810.0,57.07,29.0,2,252.11
p1_N2_S2.82,820.0,55.08,23.0,2,266.36
p1_S1_N1.76,760.0,116.99,74.0,4,355.89
p1_N1_S1.83,830.0,44.38,32.0,1,226.48
p1_N2_S2.83,830.0,46.92,21.0,1,243.54
p1_S2_N2.87,870.0,6.04,0.0,0,158.28
p1_N1_S1.84,840.0,34.56,23.0,1,206.44
p1_N2_S2.84,840.0,30.12,15.0,1,202.54
p1_S1_N1.77,770.0,107.22,65.0,3,337.0
p1_N1_S1.85,850.0,31.96,17.0,1,214.63
p1_N2_S2.85,850.0,32.2,11.0,1,214.15
p1_N1_S1.86,860.0,23.67,9.0,1,203.55
p1_S1_N1.78,780.0,97.12,64.0,3,306.23
p1_W_E.190,661.0,197.01,97.0,8,546.77
p1_W_S2.19,664.0,199.26,92.0,8,551.98
p1_W_E.191,667.0,201.83,87.0,9,553.65
p1_E_W.117,843.0,26.05,9.0,1,256.05
p1_E_N1.28,840.0,22.5,12.0,1,235.63
p1_W_E.192,670.0,197.48,87.0,8,541.4
p1_N2_W.26,783.0,87.02,54.0,3,356.44
p1_W_E.193,673.0,199.87,84.0,10,548.23
p1_W_E.194,676.0,198.67,77.0,8,520.8
p1_W_E.195,679.0,191.48,76.0,8,523.54
p1_N2_W.27,813.0,52.42,26.0,2,292.61
p1_S1_E.24,723.0,157.35,85.0,6,484.78
p1_N2_W.28,843.0,37.54,14.0,1,264.15
p1_W_E.196,682.0,197.76,75.0,7,538.39
p1_W_E.197,685.0,198.57,68.0,6,543.07
p1_W_E.198,695.0,190.41,64.0,5,549.9
p1_E_W.118,850.0,36.04,23.0,1,250.76
p1_W_E.199,699.0,177.59,61.0,5,481.41
p1_W_S2.20,705.0,184.26,61.0,5,505.79
p1_W_E.200,702.0,189.82,61.0,5,495.39
p1_W_E.201,708.0,185.85,58.0,5,515.98
p1_S1_N1.79,790.0,125.09,85.0,4,360.26
p1_N1_S1.87,870.0,43.5,29.0,1,231.97
p1_S1_N1.80,800.0,117.37,75.0,4,350.23
p1_N1_S1.88,880.0,39.51,25.0,1,219.8
p1_S1_N1.81,810.0,111.97,71.0,3,344.35
p1_W_E.202,713.0,169.68,56.0,5,464.94
p1_N1_S1.89,890.0,33.05,19.0,1,209.15
p1_W_E.203,719.0,174.68,53.0,6,465.23
p1_N1_S1.90,900.0,24.75,9.0,1,197.68
p1_W_E.204,731.0,173.89,53.0,6,478.32
p1_N1_S1.91,910.0,12.95,0.0,0,190.28
p1_W_E.205,734.0,172.72,48.0,5,485.5
p1_N1_S1.92,920.0,7.3,0.0,0,160.86
p1_N2_S2.86,860.0,68.83,46.0,2,266.92
p1_S2_N2.88,880.0,47.46,38.0,1,231.39
p1_W_E.206,737.0,171.56,49.0,6,499.28
p1_N2_S2.87,870.0,61.05,41.0,1,257.32
p1_S2_N2.89,890.0,39.71,29.0,1,220.7
p1_S2_N2.90,900.0,33.01,20.0,1,217.48
p1_S2_N2.91,910.0,24.78,11.0,1,205.22
p1_N2_S2.88,880.0,55.29,39.0,1,238.81
p1_S2_N2.92,920.0,16.49,4.0,1,191.21
p1_W_E.207,740.0,179.79,62.0,7,518.46
p1_E_W.119,857.0,42.95,26.0,2,279.6
p1_E_N1.29,870.0,43.7,20.0,2,284.99
p1_W_E.208,743.0,179.14,58.0,7,520.92
p1_E_W.120,864.0,58.66,24.0,2,305.65
p1_E_W.121,873.0,51.35,17.0,2,306.34
p1_E_W.122,879.0,47.17,13.0,2,300.25
p1_W_E.209,746.0,173.17,58.0,7,521.23
p1_E_W.123,886.0,41.91,9.0,1,305.33
p1_W_E.210,749.0,179.32,56.0,6,537.78
p1_E_W.124,893.0,33.38,9.0,1,266.52
p1_E_W.125,900.0,31.02,8.0,1,269.64
p1_W_S2.21,752.0,172.27,52.0,6,497.97
p1_S1_E.25,753.0,174.18,101.0,6,503.01
p1_E_N1.30,903.0,23.8,7.0,1,252.95
p1_E_W.126,908.0,23.02,4.0,1,247.02
p1_S1_E.26,783.0,146.82,88.0,5,469.36
p1_E_W.127,915.0,17.13,0.0,0,231.5
p1_N2_W.29,873.0,63.28,41.0,1,313.86
p1_W_E.211,755.0,174.26,67.0,8,502.43
p1_W_E.212,758.0,168.94,64.0,8,500.74
p1_W_E.213,761.0,182.78,58.0,8,507.53
p1_E_W.128,922.0,20.83,8.0,1,238.68
p1_W_E.214,764.0,174.58,55.0,8,533.36
p1_E_W.129,929.0,16.32,3.0,1,235.68
p1_W_E.215,767.0,180.29,52.0,8,529.1
p1_W_E.216,770.0,178.11,52.0,11,518.01
p1_E_N1.31,932.0,16.58,1.0,1,238.58
p1_W_E.217,773.0,177.73,49.0,8,511.66
p1_E_W.130,936.0,14.86,0.0,0,241.05
p1_W_E.218,779.0,173.51,47.0,9,510.66
p1_N2_S2.89,890.0,84.54,66.0,2,290.9
p1_S2_N2.93,930.0,44.24,31.0,1,232.63
p1_E_W.131,944.0,8.88,0.0,0,207.23
p1_S2_N2.94,940.0,36.38,25.0,1,222.52
p1_N2_S2.90,900.0,75.79,57.0,2,280.79
p1_E_W.132,951.0,6.0,0.0,0,190.2
p1_S2_N2.95,950.0,27.86,16.0,1,201.59
p1_S2_N2.96,960.0,17.19,5.0,1,186.8
p1_S2_N2.97,970.0,14.56,0.0,0,187.26
p1_N2_S2.91,910.0,68.26,46.0,2,273.56
p1_W_E.219,782.0,183.45,57.0,10,523.63
p1_W_E.220,785.0,182.6,53.0,10,522.45
p1_W_S2.22,789.0,180.82,51.0,9,537.56
p1_N1_S1.93,930.0,62.19,50.0,1,250.28
p1_S1_E.27,813.0,158.58,85.0,7,483.42
p1_S1_N1.82,820.0,173.1,129.0,5,430.28
p1_N1_S1.94,940.0,54.63,43.0,1,244.87
p1_S1_N1.83,830.0,165.13,119.0,5,415.88
p1_N1_S1.95,950.0,46.48,34.0,1,230.81
p1_W_E.221,794.0,173.67,58.0,9,485.13
p1_S1_N1.84,840.0,154.93,110.0,4,396.51
p1_N1_S1.96,960.0,36.4,24.0,1,217.38
p1_W_E.222,817.0,161.49,46.0,8,471.99
p1_W_E.223,821.0,159.1,43.0,8,471.91
p1_N1_S1.97,970.0,31.19,18.0,1,221.62
p1_W_E.224,824.0,157.89,39.0,7,467.51
p1_W_E.225,827.0,156.63,40.0,8,480.48
p1_S1_N1.85,850.0,150.12,106.0,3,388.3
p1_S1_N1.86,860.0,146.67,101.0,3,380.33
p1_W_E.226,830.0,149.64,36.0,6,475.85
p1_N1_S1.98,980.0,17.1,5.0,1,173.87
p1_S1_N1.87,870.0,138.42,90.0,4,385.86
p1_N1_S1.99,990.0,14.41,0.0,0,191.78
p1_N2_S2.92,920.0,90.5,63.0,3,306.49
p1_S2_N2.98,980.0,30.68,19.0,1,206.02
p1_S1_N1.88,880.0,129.8,83.0,3,351.3
p1_N2_S2.93,930.0,83.24,51.0,2,287.5
p1_S2_N2.99,990.0,23.07,12.0,1,196.87
p1_S2_N2.100,1000.0,15.44,3.0,1,180.49
p1_N1_S1.100,1000.0,6.51,0.0,0,152.52
p1_S1_N1.89,890.0,118.74,74.0,3,330.71
p1_S2_N2.101,1010.0,7.2,0.0,0,150.13
p1_S1_N1.90,900.0,119.01,72.0,2,323.35
p1_N2_S2.94,940.0,74.38,47.0,2,260.4
p1_N2_S2.95,950.0,72.18,46.0,2,281.66
p1_N2_S2.96,960.0,63.9,36.0,2,282.21
p1_E_N1.32,961.0,42.03,20.0,2,275.65
p1_E_W.133,958.0,32.59,21.0,1,247.94
p1_N2_W.30,903.0,102.66,69.0,3,383.53
p1_E_W.134,965.0,29.09,11.0,2,262.14
p1_E_W.135,972.0,42.06,8.0,2,272.44
p1_E_W.136,980.0,25.78,2.0,1,267.19
p1_W_S2.23,860.0,154.37,37.0,6,454.81
p1_E_W.137,987.0,29.71,1.0,1,276.63
p1_W_E.227,833.0,155.87,51.0,8,463.12
p1_N1_S1.101,1010.0,26.9,15.0,1,199.87
p1_W_E.228,837.0,183.61,47.0,8,490.93
p1_S1_N1.91,910.0,129.21,87.0,3,363.54
p1_W_E.229,853.0,169.17,41.0,7,475.91
p1_N1_S1.102,1020.0,21.51,8.0,1,201.65
p1_W_E.230,857.0,152.45,37.0,6,469.31
p1_W_E.231,863.0,162.75,35.0,6,474.17
p1_S1_N1.92,920.0,118.69,78.0,3,339.7
p1_N1_S1.103,1030.0,7.23,0.0,0,155.92
p1_W_E.232,866.0,156.06,33.0,5,474.02
p1_S1_N1.93,930.0,119.85,70.0,3,338.55
p1_N1_S1.104,1040.0,9.98,0.0,0,166.13
p1_W_E.233,869.0,160.46,30.0,5,471.59
p1_S1_N1.94,940.0,111.51,62.0,2,338.8
p1_W_E.234,872.0,159.08,26.0,4,484.41
p1_S1_N1.95,950.0,103.12,61.0,2,325.1
p1_W_E.235,875.0,151.49,26.0,4,470.16
p1_W_E.236,878.0,156.72,25.0,4,463.71
p1_S1_N1.96,960.0,89.87,61.0,2,299.26
p1_W_E.237,893.0,127.25,22.0,2,410.37
p1_N2_S2.97,970.0,91.38,60.0,3,300.26
p1_E_N1.33,990.0,49.32,22.0,2,301.64
p1_N2_S2.98,980.0,83.6,52.0,3,299.37
p1_S2_N2.102,1020.0,41.26,29.0,1,222.05
p1_W_E.238,897.0,119.63,22.0,3,387.08
p1_E_W.138,994.0,44.01,20.0,1,276.13
p1_S2_N2.103,1030.0,34.9,22.0,1,214.21
p1_W_E.239,900.0,141.89,20.0,4,414.53
p1_N2_W.31,933.0,111.93,70.0,3,402.75
p1_S2_N2.104,1040.0,21.17,9.0,1,189.69
p1_N2_S2.99,990.0,69.55,46.0,2,275.93
p1_S2_N2.105,1050.0,20.42,5.0,1,194.77
p1_W_E.240,903.0,150.53,31.0,5,444.21
p1_N2_W.32,963.0,64.7,35.0,3,329.64
p1_S1_N1.97,970.0,109.47,72.0,3,343.14
p1_S1_E.28,843.0,206.02,126.0,7,540.39
p1_E_W.139,1001.0,54.48,20.0,2,297.55
p1_S1_N1.98,980.0,101.26,64.0,3,327.76
p1_S1_E.29,873.0,179.69,104.0,7,504.91
p1_E_W.140,1008.0,34.71,7.0,2,278.04
p1_S1_N1.99,990.0,93.58,56.0,3,309.58
p1_N1_S1.105,1050.0,26.68,14.0,1,190.3
p1_E_W.141,1016.0,46.3,6.0,2,285.7
p1_N1_S1.106,1060.0,24.43,9.0,1,202.59
p1_W_S2.24,906.0,147.07,57.0,5,454.4
p1_N1_S1.107,1070.0,14.56,2.0,1,187.21
p1_N1_S1.108,1080.0,8.3,0.0,0,169.46
p1_W_E.241,909.0,143.59,53.0,4,451.66
p1_W_E.242,914.0,155.92,53.0,5,459.01
p1_E_N1.34,1020.0,50.95,17.0,3,311.57
p1_W_E.243,926.0,145.6,53.0,4,444.9
p1_W_E.244,930.0,143.35,51.0,4,457.9
p1_E_W.142,1023.0,50.27,16.0,2,312.56
p1_W_E.245,933.0,130.48,49.0,4,440.2
p1_E_W.143,1030.0,45.4,13.0,2,289.93
p1_W_E.246,936.0,141.17,48.0,5,455.43
p1_E_W.144,1037.0,40.51,13.0,2,267.5
p1_S1_E.30,903.0,175.95,95.0,5,511.89
p1_E_W.145,1044.0,35.31,11.0,1,260.03
p1_S1_E.31,933.0,147.7,72.0,4,473.62
p1_N2_S2.100,1000.0,102.36,73.0,3,332.92
p1_N2_W.33,993.0,84.64,48.0,3,365.24
p1_S2_N2.106,1060.0,38.36,26.0,1,208.57
p1_S2_N2.107,1070.0,38.38,22.0,1,221.93
p1_E_W.146,1053.0,34.3,8.0,1,288.65
p1_N2_S2.101,1010.0,88.38,60.0,3,303.83
p1_S2_N2.108,1080.0,30.12,14.0,1,214.84
p1_E_N1.35,1050.0,27.22,11.0,1,259.84
p1_E_W.147,1059.0,30.31,6.0,1,272.11
p1_N2_S2.102,1020.0,91.38,55.0,2,312.69
p1_S2_N2.109,1090.0,19.47,3.0,1,199.52
p1_E_W.148,1066.0,23.78,0.0,0,256.45
p1_S2_N2.110,1100.0,10.67,0.0,0,181.79
p1_N2_S2.103,1030.0,84.25,52.0,2,300.76
p1_E_W.149,1073.0,20.13,0.0,0,253.65
p1_N2_S2.104,1040.0,75.99,48.0,2,292.59
p1_E_W.150,1080.0,14.88,0.0,0,231.23
p1_S2_N2.111,1110.0,6.06,0.0,0,160.31
p1_N2_S2.105,1050.0,64.85,39.0,2,271.72
p1_E_N1.36,1083.0,13.97,0.0,0,226.83
p1_E_W.151,1088.0,10.58,0.0,0,216.85
p1_N2_S2.106,1060.0,58.14,29.0,2,249.68
p1_S1_E.32,963.0,140.94,87.0,4,440.2
p1_W_E.247,939.0,166.99,86.0,6,501.39
p1_N2_W.34,1023.0,86.41,52.0,2,342.37
p1_W_E.248,942.0,154.15,82.0,6,483.8
p1_W_E.249,945.0,162.88,76.0,5,489.71
p1_W_E.250,948.0,164.15,73.0,4,513.76
p1_N1_S1.109,1090.0,50.56,39.0,1,234.02
p1_S1_N1.100,1000.0,139.7,96.0,4,390.98
p1_W_S2.25,951.0,155.85,74.0,6,503.17
p1_W_E.251,954.0,159.57,73.0,5,495.64
p1_N1_S1.110,1100.0,42.89,31.0,1,225.13
p1_W_E.252,957.0,161.66,70.0,5,492.57
p1_S1_N1.101,1010.0,129.16,84.0,4,364.27
p1_S1_E.33,993.0,131.54,70.0,4,445.65
p1_S1_N1.102,1020.0,123.8,74.0,4,362.24
p1_N1_S1.111,1110.0,32.25,19.0,1,200.42
p1_W_E.253,960.0,166.38,80.0,6,506.6
p1_W_E.254,963.0,165.15,77.0,6,500.57
p1_S1_N1.103,1030.0,119.52,67.0,3,347.74
p1_N1_S1.112,1120.0,29.41,14.0,1,215.7
p1_S1_N1.104,1040.0,111.37,66.0,3,328.78
p1_N1_S1.113,1130.0,21.08,6.0,1,206.76
p1_W_E.255,966.0,160.23,75.0,6,486.97
p1_W_E.256,969.0,162.99,73.0,5,498.8
p1_N1_S1.114,1140.0,11.92,0.0,0,194.03
p1_W_E.257,972.0,159.78,71.0,5,504.23
p1_S1_N1.105,1050.0,100.98,65.0,3,320.65
p1_W_E.258,976.0,155.41,69.0,6,487.21
p1_W_E.259,979.0,158.47,65.0,5,500.95
p1_W_E.260,982.0,156.52,66.0,7,510.14
p1_N2_W.35,1053.0,80.86,45.0,3,346.65
p1_W_S2.26,985.0,155.19,63.0,5,473.98
p1_E_W.152,1095.0,45.59,26.0,2,293.47
p1_W_E.261,988.0,154.12,63.0,6,475.04
p1_E_W.153,1102.0,40.4,21.0,2,295.19
p1_E_W.154,1109.0,35.12,14.0,2,286.07
p1_N2_S2.107,1070.0,98.35,68.0,3,316.67
p1_E_N1.37,1112.0,30.72,10.0,2,268.51
p1_S2_N2.112,1120.0,48.96,36.0,1,241.02
p1_E_W.155,1116.0,25.75,6.0,2,257.64
p1_S2_N2.113,1130.0,40.47,29.0,1,215.94
p1_E_W.156,1124.0,25.07,2.0,1,263.46
p1_S2_N2.114,1140.0,32.67,21.0,1,206.82
p1_N2_S2.108,1080.0,86.28,63.0,2,297.72
p1_E_W.157,1131.0,22.31,1.0,1,258.03
p1_E_W.158,1138.0,16.97,0.0,0,238.34
p1_S2_N2.115,1150.0,23.53,10.0,1,189.96
p1_N2_S2.109,1090.0,85.66,59.0,2,304.51
p1_E_N1.38,1141.0,14.36,0.0,0,241.59
p1_N2_S2.110,1100.0,78.67,50.0,2,291.66
p1_S2_N2.116,1160.0,18.34,2.0,1,199.19
p1_E_W.159,1145.0,8.02,0.0,0,213.9
p1_S2_N2.117,1170.0,10.05,0.0,0,189.37
p1_N2_S2.111,1110.0,66.61,38.0,1,259.9
p1_E_W.160,1152.0,8.07,0.0,0,209.38
p1_S2_N2.118,1180.0,5.92,0.0,0,151.53
p1_N2_S2.112,1120.0,60.09,37.0,1,262.5
p1_N2_S2.113,1130.0,58.94,36.0,1,256.8
p1_W_E.262,991.0,179.1,84.0,8,516.88
p1_W_E.263,994.0,176.88,78.0,7,508.91
p1_W_E.264,997.0,174.61,74.0,8,492.84
p1_N2_W.36,1083.0,90.38,62.0,2,349.88
p1_W_E.265,1000.0,173.11,73.0,6,506.33
p1_N1_S1.115,1150.0,51.72,41.0,1,238.86
p1_S1_N1.106,1060.0,142.75,97.0,4,397.0
p1_W_E.266,1003.0,165.26,69.0,7,484.95
p1_S1_N1.107,1070.0,135.46,96.0,3,375.6
p1_N1_S1.116,1160.0,41.03,30.0,1,215.75
p1_W_E.267,1006.0,170.9,71.0,8,494.12
p1_W_E.268,1009.0,176.33,68.0,6,502.28
p1_N1_S1.117,1170.0,35.88,24.0,1,220.92
p1_N1_S1.118,1180.0,29.78,15.0,1,219.7
p1_W_E.269,1022.0,166.57,63.0,5,493.36
p1_S1_N1.108,1080.0,123.92,94.0,3,349.71
p1_W_S2.27,1028.0,161.33,61.0,5,483.38
p1_N1_S1.119,1190.0,21.57,7.0,1,209.14
p1_W_E.270,1025.0,162.51,63.0,5,494.96
p1_S1_N1.109,1090.0,120.83,86.0,3,354.98
p1_N1_S1.120,1200.0,13.35,0.0,0,192.67
p1_W_E.271,1031.0,161.25,62.0,7,488.87
p1_W_E.272,1034.0,159.9,57.0,6,484.77
p1_N1_S1.121,1210.0,5.5,0.0,0,149.03
p1_W_E.273,1037.0,158.59,57.0,5,487.52
p1_S1_N1.110,1100.0,108.98,81.0,2,315.21
p1_S1_N1.111,1110.0,100.49,77.0,2,318.72
p1_S1_N1.112,1120.0,102.08,70.0,2,322.81
p1_S1_E.34,1023.0,163.67,90.0,6,492.93
p1_W_E.274,1040.0,160.13,61.0,5,491.06
p1_W_E.275,1043.0,154.91,59.0,6,490.88
p1_S1_N1.113,1130.0,88.04,62.0,2,298.7
p1_N2_W.37,1113.0,94.39,57.0,2,369.47
p1_S1_N1.114,1140.0,89.73,57.0,2,298.37
p1_W_E.276,1046.0,152.84,57.0,5,485.42
p1_W_E.277,1049.0,155.65,52.0,5,485.88
p1_W_E.278,1052.0,159.19,52.0,6,484.96
p1_N2_S2.114,1140.0,94.47,74.0,2,324.93
p1_E_W.161,1160.0,45.12,27.0,2,283.5
p1_E_N1.39,1170.0,43.81,19.0,2,299.01
p1_S2_N2.119,1190.0,43.02,32.0,1,230.56
p1_E_W.162,1167.0,47.47,24.0,2,299.51
p1_E_W.163,1174.0,42.15,17.0,2,290.46
p1_S2_N2.120,1200.0,37.42,24.0,1,216.52
p1_E_W.164,1181.0,36.88,13.0,2,284.81
p1_S2_N2.121,1210.0,29.05,18.0,1,210.78
p1_S2_N2.122,1220.0,20.82,7.0,1,198.55
p1_S2_N2.123,1230.0,12.64,0.0,0,172.29
p1_E_W.165,1188.0,25.87,5.0,1,255.19
p1_S2_N2.124,1240.0,5.04,0.0,0,148.29
p1_N2_S2.115,1150.0,80.41,58.0,2,295.12
p1_N1_S1.122,1220.0,27.95,17.0,1,203.75
p1_S1_N1.115,1150.0,99.27,63.0,3,321.94
p1_N2_S2.116,1160.0,85.4,55.0,2,290.71
p1_N1_S1.123,1230.0,19.87,8.0,1,185.74
p1_S1_N1.116,1160.0,90.97,54.0,3,310.67
p1_N2_S2.117,1170.0,74.33,47.0,2,269.5
p1_N1_S1.124,1240.0,11.52,0.0,0,175.63
p1_S1_N1.117,1170.0,82.52,48.0,2,295.04
p1_N2_S2.118,1180.0,71.15,42.0,2,270.14
p1_N2_S2.119,1190.0,64.71,37.0,1,257.41
p1_N1_S1.125,1250.0,5.5,0.0,0,152.14
p1_N2_S2.120,1200.0,56.62,36.0,1,253.19
p1_W_E.279,1055.0,181.34,72.0,6,509.68
p1_W_E.280,1058.0,180.08,72.0,7,496.23
p1_E_W.166,1196.0,42.83,16.0,2,290.1
p1_W_S2.28,1061.0,179.59,71.0,7,495.97
p1_E_N1.40,1200.0,38.13,16.0,2,272.72
p1_W_E.281,1064.0,175.96,70.0,6,482.79
p1_E_W.167,1203.0,38.94,14.0,2,266.23
p1_E_W.168,1210.0,35.95,13.0,2,264.59
p1_W_E.282,1067.0,178.4,68.0,5,501.11
p1_W_E.283,1070.0,177.88,65.0,7,507.06
p1_E_W.169,1217.0,30.67,9.0,1,254.36
p1_W_E.284,1073.0,176.24,68.0,6,499.59
p1_N2_W.38,1143.0,104.02,75.0,3,389.29
p1_W_E.285,1076.0,173.77,63.0,6,488.81
p1_N2_W.39,1173.0,76.29,46.0,2,334.94
p1_W_E.286,1079.0,166.1,63.0,7,457.88
p1_W_E.287,1082.0,165.71,65.0,6,464.84
p1_W_E.288,1108.0,149.23,43.0,4,446.29
p1_W_E.289,1112.0,148.85,40.0,4,455.56
p1_W_E.290,1115.0,147.93,42.0,5,456.59
p1_S1_N1.118,1180.0,104.03,69.0,3,325.62
p1_N1_S1.126,1260.0,24.11,12.0,1,203.1
p1_S1_N1.119,1190.0,95.75,63.0,3,319.0
p1_S1_E.35,1053.0,211.62,133.0,6,577.4
p1_N1_S1.127,1270.0,16.23,4.0,1,180.01
p1_S1_E.36,1083.0,177.24,119.0,5,509.83
p1_N1_S1.128,1280.0,6.9,0.0,0,157.0
p1_S1_E.37,1113.0,155.41,96.0,4,475.18
p1_S1_N1.120,1200.0,83.51,53.0,3,296.53
p1_W_S2.29,1118.0,145.04,60.0,5,459.69
p1_W_E.291,1121.0,149.28,57.0,4,475.96
p1_W_E.292,1123.0,144.03,56.0,4,457.97
p1_W_E.293,1129.0,147.07,53.0,6,469.53
p1_W_E.294,1148.0,123.19,49.0,4,421.41
p1_E_W.170,1224.0,45.22,27.0,2,284.45
p1_W_E.295,1152.0,127.09,47.0,3,418.81
p1_E_W.171,1233.0,46.99,17.0,2,281.49
p1_S1_E.38,1143.0,138.4,82.0,4,454.48
p1_E_N1.41,1230.0,38.31,19.0,2,270.53
p1_E_W.172,1239.0,39.45,14.0,2,277.41
p1_E_W.173,1246.0,39.97,10.0,2,283.42
p1_S2_N2.125,1250.0,51.81,41.0,1,238.74
p1_E_W.174,1253.0,32.58,3.0,1,282.87
p1_N2_S2.121,1210.0,94.37,73.0,2,312.78
p1_S2_N2.126,1260.0,44.71,34.0,1,226.7
p1_N2_S2.122,1220.0,91.73,64.0,2,310.86
p1_E_W.175,1260.0,29.45,3.0,1,280.72
p1_E_N1.42,1263.0,27.1,4.0,2,259.45
p1_N2_S2.123,1230.0,83.56,58.0,2,296.29
p1_E_W.176,1268.0,23.38,3.0,1,242.93
p1_S2_N2.127,1270.0,35.54,24.0,1,219.03
p1_E_W.177,1275.0,18.27,2.0,1,234.49
p1_S2_N2.128,1280.0,33.82,18.0,1,211.35
p1_N2_S2.124,1240.0,76.25,48.0,2,278.16
p1_E_W.178,1282.0,13.13,0.0,0,231.55
p1_S2_N2.129,1290.0,26.55,10.0,1,198.41
p1_N2_S2.125,1250.0,68.04,42.0,1,272.85
p1_E_W.179,1289.0,7.99,0.0,0,202.31
p1_S2_N2.130,1300.0,16.92,2.0,1,189.48
p1_N2_S2.126,1260.0,59.46,42.0,1,254.02
p1_S2_N2.131,1310.0,10.04,0.0,0,164.77
p1_S1_N1.121,1210.0,119.03,75.0,4,357.53
p1_N1_S1.129,1290.0,39.17,29.0,1,222.56
p1_S1_E.39,1173.0,131.74,81.0,4,451.4
p1_W_E.296,1155.0,155.02,71.0,7,486.59
p1_S1_N1.122,1220.0,111.09,66.0,5,342.75
p1_N1_S1.130,1300.0,31.32,20.0,1,203.06
p1_W_E.297,1158.0,153.71,71.0,7,488.57
p1_N1_S1.131,1310.0,23.2,10.0,1,200.93
p1_W_E.298,1161.0,152.22,69.0,6,479.43
p1_N1_S1.132,1320.0,15.02,4.0,1,198.75
p1_S1_N1.123,1230.0,99.68,58.0,3,323.72
p1_N1_S1.133,1330.0,6.74,0.0,0,160.64
p1_W_E.299,1164.0,144.98,67.0,6,443.68
p1_W_S2.30,1181.0,138.79,60.0,5,447.86
p1_N2_W.40,1202.0,118.85,90.0,3,411.0
p1_W_E.300,1171.0,150.58,65.0,5,454.6
p1_W_E.301,1184.0,131.98,57.0,5,441.32
p1_W_E.302,1187.0,137.53,54.0,6,438.76
p1_N2_W.41,1233.0,82.6,52.0,2,349.72
p1_W_E.303,1190.0,133.37,56.0,5,435.88
p1_N2_W.42,1263.0,66.05,42.0,1,324.03
p1_W_E.304,1193.0,137.11,51.0,5,460.67
p1_S1_E.40,1203.0,128.42,65.0,4,437.92
p1_W_E.305,1196.0,137.69,59.0,5,474.81
p1_W_E.306,1199.0,135.24,55.0,5,471.84
p1_W_E.307,1202.0,134.29,55.0,6,458.76
p1_W_E.308,1205.0,134.03,55.0,5,462.53
p1_E_W.180,1296.0,42.81,17.0,1,274.93
p1_W_E.309,1208.0,129.93,51.0,5,449.6
p1_E_W.181,1304.0,36.9,15.0,1,265.24
p1_W_E.310,1211.0,131.2,49.0,5,468.21
p1_E_W.182,1311.0,31.65,11.0,1,267.12
p1_W_S2.31,1214.0,128.95,45.0,5,448.94
p1_E_N1.43,1292.0,33.22,17.0,1,260.92
p1_E_W.183,1318.0,23.27,4.0,1,260.36
p1_E_N1.44,1321.0,26.23,2.0,1,269.79
p1_S2_N2.132,1320.0,51.77,41.0,1,242.56
p1_S2_N2.133,1330.0,43.6,31.0,1,227.32
p1_E_W.184,1325.0,17.12,0.0,0,243.6
p1_N2_S2.127,1270.0,96.74,76.0,2,311.91
p1_E_W.185,1332.0,23.64,0.0,0,256.83
p1_N2_S2.128,1280.0,90.59,70.0,2,304.41
p1_E_W.186,1340.0,13.86,0.0,0,242.04
p1_S2_N2.134,1340.0,32.27,22.0,1,209.55
p1_N2_S2.129,1290.0,90.01,61.0,2,307.05
p1_E_W.187,1347.0,12.1,0.0,0,239.1
p1_N2_S2.130,1300.0,79.77,54.0,2,284.5
p1_S2_N2.135,1350.0,31.06,16.0,1,222.37
p1_E_N1.45,1350.0,8.78,0.0,0,214.72
p1_E_W.188,1354.0,6.92,0.0,0,206.56
p1_S2_N2.136,1360.0,22.74,6.0,1,202.1
p1_N2_S2.131,1310.0,73.32,46.0,2,283.38
p1_N2_S2.132,1320.0,61.88,39.0,1,245.86
p1_N2_S2.133,1330.0,58.46,37.0,1,243.58
p1_S2_N2.137,1370.0,6.66,0.0,0,148.59
p1_N2_S2.134,1340.0,50.38,35.0,1,241.14
p1_S2_N2.138,1380.0,6.45,0.0,0,156.97
p1_S1_N1.124,1240.0,149.54,102.0,4,373.17
p1_N2_S2.135,1350.0,42.11,26.0,1,235.21
p1_S1_N1.125,1250.0,141.59,99.0,4,373.59
p1_S1_N1.126,1260.0,135.65,90.0,4,373.64
p1_N1_S1.134,1340.0,44.59,33.0,1,222.2
p1_N1_S1.135,1350.0,47.54,30.0,1,227.87
p1_N1_S1.136,1360.0,40.6,24.0,1,232.36
p1_N2_W.43,1293.0,86.45,59.0,2,347.75
p1_N1_S1.137,1370.0,32.31,13.0,1,224.13
p1_N1_S1.138,1380.0,19.53,4.0,1,205.19
p1_W_E.311,1217.0,148.57,75.0,6,461.56
p1_W_E.312,1220.0,161.53,73.0,5,489.25
p1_W_E.313,1223.0,164.93,68.0,5,499.73
p1_N2_W.44,1323.0,64.27,38.0,1,309.33
p1_W_E.314,1226.0,163.62,68.0,5,506.43
p1_W_E.315,1229.0,158.45,65.0,5,478.85
p1_W_E.316,1232.0,161.01,60.0,5,485.21
p1_W_E.317,1235.0,159.83,61.0,5,485.84
p1_W_E.318,1238.0,154.21,59.0,8,478.19
p1_N2_W.45,1353.0,43.49,24.0,1,285.82
p1_S1_E.41,1233.0,153.34,89.0,5,483.07
p1_W_E.319,1241.0,159.5,65.0,7,501.66
p1_W_E.320,1244.0,158.2,63.0,6,516.02
p1_W_E.321,1250.0,153.92,56.0,6,491.79
p1_W_S2.32,1247.0,149.53,61.0,7,486.14
p1_W_E.322,1253.0,152.65,52.0,8,495.33
p1_W_E.323,1256.0,151.34,50.0,7,497.57
p1_W_E.324,1259.0,150.15,45.0,4,493.68
p1_W_E.325,1262.0,144.83,45.0,6,477.34
p1_W_E.326,1265.0,144.57,45.0,5,465.06
p1_E_W.189,1361.0,33.2,21.0,1,250.65
p1_E_N1.46,1380.0,32.51,11.0,1,274.58
p1_W_E.327,1268.0,143.65,46.0,8,468.99
p1_E_W.190,1368.0,47.32,20.0,1,276.55
p1_E_W.191,1376.0,38.53,14.0,1,271.06
p1_W_E.328,1271.0,146.33,42.0,6,481.39
p1_W_E.329,1274.0,145.03,42.0,6,468.13
p1_W_E.330,1277.0,141.05,41.0,3,460.8
p1_E_W.192,1383.0,23.5,7.0,1,249.75
p1_W_S2.33,1280.0,141.85,42.0,3,458.66
p1_E_W.193,1390.0,32.11,4.0,1,270.3
p1_E_W.194,1397.0,25.21,1.0,1,273.15
p1_N2_S2.136,1360.0,87.37,67.0,2,317.21
p1_S2_N2.139,1390.0,57.66,45.0,1,246.58
p1_E_W.195,1404.0,8.05,0.0,0,201.31
p1_E_N1.47,1410.0,10.58,0.0,0,206.11
p1_N2_S2.137,1370.0,79.49,56.0,2,306.2
p1_E_W.196,1413.0,15.08,0.0,0,237.72
p1_S2_N2.140,1400.0,49.49,37.0,1,230.36
p1_S2_N2.141,1410.0,41.75,29.0,1,226.16
p1_N2_S2.138,1380.0,71.34,45.0,2,275.79
p1_S2_N2.142,1420.0,33.52,20.0,1,207.68
p1_N2_S2.139,1390.0,66.59,44.0,1,268.59
p1_S2_N2.143,1430.0,24.68,12.0,1,189.36
p1_N2_S2.140,1400.0,58.6,43.0,1,245.66
p1_S2_N2.144,1440.0,16.43,3.0,1,188.75
p1_E_W.197,1419.0,7.93,0.0,0,198.75
p1_S2_N2.145,1450.0,7.71,0.0,0,163.08
p1_S1_N1.127,1270.0,191.16,145.0,4,451.77
p1_N1_S1.139,1390.0,72.21,56.0,1,268.85
p1_N1_S1.140,1400.0,63.97,53.0,1,260.59
p1_N1_S1.141,1410.0,55.88,44.0,1,250.48
p1_W_E.331,1283.0,158.16,52.0,4,477.44
p1_N1_S1.142,1420.0,47.6,35.0,1,236.16
p1_W_E.332,1286.0,158.65,50.0,4,481.86
p1_N1_S1.143,1430.0,39.48,26.0,1,218.02
p1_S1_E.42,1263.0,185.69,117.0,5,524.81
p1_W_E.333,1289.0,161.88,54.0,5,507.78
p1_N1_S1.144,1440.0,29.1,16.0,1,203.47
p1_W_E.334,1292.0,160.65,51.0,6,498.01
p1_S1_N1.128,1280.0,174.27,132.0,4,425.87
p1_W_E.335,1295.0,159.41,52.0,6,504.25
p1_S1_N1.129,1290.0,179.93,130.0,4,439.11
p1_W_E.336,1298.0,157.3,43.0,5,491.88
p1_S1_N1.130,1300.0,177.54,124.0,3,437.87
p1_N1_S1.145,1450.0,20.11,7.0,1,189.9
p1_N1_S1.146,1460.0,11.33,0.0,0,172.1
p1_W_E.337,1301.0,153.38,44.0,5,470.14
p1_N1_S1.147,1470.0,10.37,0.0,0,158.69
p1_W_E.338,1318.0,142.33,34.0,5,446.21
p1_S1_N1.131,1310.0,151.47,118.0,3,381.29
p1_S1_N1.132,1320.0,159.41,115.0,3,399.73
p1_W_E.339,1321.0,130.28,31.0,5,414.1
p1_W_S2.34,1327.0,139.39,29.0,6,428.08
p1_S1_N1.133,1330.0,158.72,110.0,3,396.1
p1_E_W.198,1426.0,42.14,28.0,1,265.68
p1_W_E.340,1324.0,144.8,30.0,5,429.43
p1_S1_N1.134,1340.0,147.44,100.0,3,379.78
p1_S1_N1.135,1350.0,134.76,92.0,2,367.93
p1_E_W.199,1433.0,31.92,20.0,1,251.4
p1_S2_N2.146,1460.0,33.87,21.0,1,208.75
p1_N2_S2.141,1410.0,81.12,64.0,2,287.1
p1_N2_S2.142,1420.0,76.73,54.0,2,289.82
p1_N2_W.46,1383.0,81.39,52.0,2,353.98
p1_E_N1.48,1443.0,33.41,12.0,1,281.51
p1_E_W.200,1440.0,35.41,13.0,1,280.63
p1_S2_N2.147,1470.0,20.72,10.0,1,185.84
p1_S2_N2.148,1480.0,21.74,5.0,1,186.12
p1_N2_S2.143,1430.0,65.29,45.0,2,270.25
p1_S2_N2.149,1490.0,13.62,0.0,0,178.47
p1_N2_S2.144,1440.0,64.58,38.0,2,260.92
p1_E_W.201,1448.0,22.88,3.0,1,244.71
p1_E_W.202,1455.0,23.33,3.0,1,269.76
p1_E_W.203,1462.0,24.74,0.0,0,278.15
p1_E_N1.49,1472.0,14.71,0.0,0,245.62
p1_E_W.204,1469.0,20.22,0.0,0,259.2
p1_W_E.341,1330.0,159.66,45.0,5,454.09
p1_W_E.342,1337.0,155.46,42.0,4,458.08
p1_S1_N1.136,1360.0,154.38,112.0,4,410.07
p1_N1_S1.148,1480.0,30.28,19.0,1,205.05
p1_W_E.343,1347.0,147.25,40.0,4,452.42
p1_W_E.344,1350.0,146.06,41.0,4,449.94
p1_S1_N1.137,1370.0,144.35,110.0,3,394.68
p1_W_E.345,1353.0,142.28,40.0,5,457.12
p1_S1_N1.138,1380.0,139.35,100.0,3,387.67
p1_N1_S1.149,1490.0,18.31,7.0,1,187.57
p1_W_E.346,1357.0,143.69,39.0,6,467.4
p1_N1_S1.150,1500.0,22.95,3.0,1,201.77
p1_W_E.347,1360.0,142.5,37.0,5,458.01
p1_N1_S1.151,1510.0,13.95,0.0,0,185.12
p1_N1_S1.152,1520.0,6.45,0.0,0,153.63
p1_S1_N1.139,1390.0,129.74,91.0,3,355.24
p1_W_E.348,1363.0,133.14,33.0,4,414.83
p1_S1_N1.140,1400.0,125.47,83.0,3,363.1
p1_S1_N1.141,1410.0,120.76,75.0,3,352.16
p1_W_E.349,1366.0,143.55,32.0,4,438.81
p1_S1_N1.142,1420.0,112.56,65.0,2,342.14
p1_S1_E.43,1293.0,213.94,142.0,6,580.68
p1_S1_E.44,1323.0,190.0,124.0,4,535.47
p1_S1_N1.143,1430.0,101.72,65.0,2,316.18
p1_W_E.350,1369.0,142.57,53.0,4,468.5
p1_W_S2.35,1372.0,142.27,51.0,4,459.51
p1_S1_N1.144,1440.0,96.41,61.0,2,324.8
p1_W_E.351,1375.0,141.65,46.0,4,455.19
p1_E_W.205,1476.0,41.61,27.0,1,269.86
p1_N2_W.47,1413.0,107.95,81.0,3,394.78
p1_W_E.352,1384.0,124.69,46.0,5,407.13
p1_N2_S2.145,1450.0,92.9,64.0,3,303.88
p1_S2_N2.150,1500.0,43.32,34.0,1,226.93
p1_N2_S2.146,1460.0,86.65,59.0,2,295.76
p1_N2_W.48,1443.0,73.88,43.0,3,338.54
p1_E_W.206,1484.0,38.04,19.0,2,292.75
p1_E_W.207,1491.0,30.24,11.0,2,262.12
p1_N2_S2.147,1470.0,74.73,55.0,2,278.53
p1_E_W.208,1498.0,33.07,8.0,2,271.18
p1_E_N1.50,1501.0,29.68,6.0,2,279.65
p1_E_W.209,1505.0,27.92,1.0,1,264.8
p1_S2_N2.151,1510.0,28.76,18.0,1,194.99
p1_N2_S2.148,1480.0,70.15,47.0,2,275.01
p1_S2_N2.152,1520.0,36.16,16.0,1,221.33
p1_N2_S2.149,1490.0,61.88,38.0,2,261.86
p1_E_W.210,1512.0,18.85,1.0,1,232.62
p1_S2_N2.153,1530.0,21.7,6.0,1,205.9
p1_N2_S2.150,1500.0,59.14,32.0,2,260.84
p1_E_W.211,1520.0,18.12,0.0,0,239.44
p1_S2_N2.154,1540.0,11.84,0.0,0,187.81
p1_S2_N2.155,1550.0,11.71,0.0,0,176.13
p1_W_E.353,1387.0,153.65,62.0,5,468.23
p1_W_E.354,1390.0,151.29,59.0,5,482.86
p1_W_E.355,1393.0,148.4,56.0,5,477.1
p1_N1_S1.153,1530.0,31.02,21.0,1,197.43
p1_N1_S1.154,1540.0,28.59,14.0,1,214.7
p1_W_E.356,1396.0,151.69,54.0,6,481.01
p1_S1_N1.145,1450.0,112.72,76.0,3,348.07
p1_S1_N1.146,1460.0,110.66,68.0,3,346.13
p1_N1_S1.155,1550.0,20.41,6.0,1,203.23
p1_W_E.357,1399.0,145.17,49.0,6,470.02
p1_S1_N1.147,1470.0,102.39,56.0,3,331.65
p1_N1_S1.156,1560.0,12.19,0.0,0,183.34
p1_N1_S1.157,1570.0,5.35,0.0,0,144.91
p1_S1_N1.148,1480.0,90.89,49.0,3,304.6
p1_W_E.358,1402.0,140.33,45.0,6,450.74
p1_S1_N1.149,1490.0,89.0,41.0,3,300.03
p1_S1_E.45,1353.0,202.65,129.0,6,552.65
p1_S1_N1.150,1500.0,80.53,32.0,3,299.54
p1_S1_E.46,1383.0,176.8,110.0,4,528.0
p1_S1_E.47,1413.0,148.28,81.0,4,486.46
p1_W_E.359,1405.0,158.51,66.0,5,498.09
p1_W_E.360,1408.0,156.18,60.0,6,505.29
p1_E_N1.51,1530.0,36.95,18.0,1,269.5
p1_E_W.212,1527.0,31.31,18.0,1,251.65
p1_W_S2.36,1411.0,145.3,59.0,6,459.89
p1_N2_W.49,1473.0,96.53,64.0,3,379.26
p1_S2_N2.156,1560.0,29.51,17.0,1,202.7
p1_N2_S2.151,1510.0,82.94,56.0,2,284.66
p1_E_W.213,1534.0,38.11,17.0,2,293.97
p1_S2_N2.157,1570.0,23.95,12.0,1,195.94
p1_N2_S2.152,1520.0,75.16,52.0,2,283.34
p1_E_W.214,1541.0,32.79,12.0,1,285.18
p1_N2_S2.153,1530.0,65.11,42.0,2,259.2
p1_S2_N2.158,1580.0,10.58,0.0,0,177.24
p1_E_W.215,1548.0,20.9,3.0,1,244.9
p1_S2_N2.159,1590.0,10.7,0.0,0,160.76
p1_E_W.216,1556.0,23.96,0.0,0,260.85
p1_E_W.217,1563.0,18.64,0.0,0,240.82
p1_N2_S2.154,1540.0,60.31,35.0,3,258.12
p1_E_N1.52,1560.0,11.54,0.0,0,220.51
p1_W_E.361,1414.0,172.51,70.0,7,502.6
p1_S1_N1.151,1510.0,97.57,50.0,3,311.0
p1_W_E.362,1417.0,168.4,66.0,5,516.82
p1_N1_S1.158,1580.0,26.6,16.0,1,206.89
p1_S1_N1.152,1520.0,88.69,49.0,4,299.26
p1_N1_S1.159,1590.0,19.18,8.0,1,187.22
p1_W_E.363,1420.0,163.43,67.0,7,495.51
p1_S1_N1.153,1530.0,79.91,44.0,3,285.12
p1_N1_S1.160,1600.0,14.93,0.0,0,193.23
p1_S1_N1.154,1540.0,78.42,37.0,3,291.95
p1_W_E.364,1423.0,161.3,64.0,6,495.94
p1_N1_S1.161,1610.0,6.17,0.0,0,149.42
p1_W_E.365,1426.0,167.44,60.0,6,494.49
p1_W_E.366,1431.0,170.02,58.0,5,500.39
p1_W_E.367,1434.0,159.56,57.0,6,482.03
p1_S1_N1.155,1550.0,66.43,31.0,2,271.06
p1_S1_E.48,1443.0,161.62,94.0,5,515.98
p1_S1_N1.156,1560.0,66.07,30.0,2,271.49
p1_S1_E.49,1473.0,123.33,64.0,4,438.26
p1_E_W.218,1570.0,34.32,17.0,1,255.36
p1_S1_E.50,1503.0,94.61,39.0,3,374.95
p1_N2_W.50,1503.0,101.17,69.0,3,389.19
p1_W_E.368,1438.0,167.49,71.0,5,501.31
p1_N2_W.51,1533.0,77.67,43.0,3,344.9
p1_W_E.369,1441.0,170.86,67.0,4,515.84
p1_E_W.219,1577.0,29.92,18.0,1,248.72
p1_E_W.220,1584.0,29.62,13.0,1,263.61
p1_E_N1.53,1590.0,26.53,10.0,1,264.73
p1_N2_S2.155,1550.0,83.99,53.0,3,294.74
p1_S2_N2.160,1600.0,34.38,24.0,1,208.73
p1_S2_N2.161,1610.0,25.54,13.0,1,191.74
p1_N2_S2.156,1560.0,76.29,49.0,2,274.15
p1_S2_N2.162,1620.0,23.26,8.0,1,195.52
p1_N1_S1.162,1620.0,25.75,15.0,1,199.37
p1_S2_N2.163,1630.0,15.02,1.0,1,193.16
p1_N2_S2.157,1570.0,72.11,48.0,2,269.21
p1_N2_S2.158,1580.0,68.11,40.0,2,271.07
p1_S1_N1.157,1570.0,76.15,43.0,3,289.05
p1_S1_N1.158,1580.0,69.93,35.0,3,277.81
p1_N2_S2.159,1590.0,59.86,34.0,2,265.95
p1_S1_N1.159,1590.0,62.34,29.0,2,256.03
p1_N1_S1.163,1630.0,14.33,3.0,1,171.81
p1_N1_S1.164,1640.0,13.63,0.0,0,186.89
p1_S2_N2.164,1640.0,6.49,0.0,0,157.86
p1_S2_N2.165,1650.0,6.75,0.0,0,154.05
p1_E_W.221,1593.0,44.15,23.0,2,297.36
p1_N2_S2.160,1600.0,46.45,24.0,1,231.5
p1_E_W.222,1599.0,40.29,18.0,2,286.67
p1_N2_S2.161,1610.0,46.06,24.0,1,231.86
p1_E_W.223,1606.0,35.36,12.0,1,293.79
p1_N2_S2.162,1620.0,42.87,18.0,1,237.47
p1_E_W.224,1613.0,30.13,12.0,1,268.08
p1_W_S2.37,1447.0,197.58,88.0,5,529.95
p1_E_W.225,1620.0,19.98,7.0,1,236.96
p1_E_N1.54,1623.0,24.86,6.0,1,249.4
p1_N2_W.52,1563.0,80.42,49.0,3,344.57
p1_W_E.370,1444.0,182.75,88.0,5,519.01
p1_N2_W.53,1593.0,61.65,31.0,2,313.51
p1_W_E.371,1450.0,205.44,85.0,5,522.7
p1_W_E.372,1453.0,182.11,84.0,5,506.89
p1_N2_W.54,1623.0,36.81,18.0,1,255.54
p1_W_E.373,1455.0,205.76,82.0,6,528.45
p1_W_E.374,1459.0,201.08,80.0,7,544.91
p1_W_E.375,1462.0,202.5,75.0,5,547.56
p1_W_E.376,1465.0,196.52,73.0,4,538.83
p1_S1_E.51,1533.0,133.02,64.0,4,457.89
p1_W_E.377,1468.0,201.52,87.0,6,556.52
p1_W_S2.38,1492.0,177.87,79.0,5,503.71
p1_E_W.226,1628.0,34.53,22.0,1,244.4
p1_W_E.378,1471.0,200.36,82.0,5,575.63
p1_W_E.379,1474.0,192.84,83.0,5,543.28
p1_W_E.380,1477.0,197.96,81.0,5,548.02
p1_E_W.227,1635.0,29.12,16.0,1,243.08
p1_S2_N2.166,1660.0,37.49,27.0,1,213.45
p1_N2_S2.163,1630.0,65.93,47.0,2,268.35
p1_E_W.228,1642.0,35.01,13.0,1,255.71
p1_N2_S2.164,1640.0,59.69,37.0,2,257.56
p1_S2_N2.167,1670.0,29.81,18.0,1,210.44
p1_E_W.229,1649.0,18.63,7.0,1,230.13
p1_N2_S2.165,1650.0,51.41,30.0,1,243.3
p1_S2_N2.168,1680.0,21.54,11.0,1,190.97
p1_E_W.230,1656.0,25.1,2.0,1,257.98
p1_E_N1.55,1651.0,20.68,2.0,1,238.4
p1_S2_N2.169,1690.0,12.49,0.0,0,178.53
p1_W_E.381,1496.0,193.35,90.0,7,526.81
p1_E_W.231,1664.0,7.75,0.0,0,197.46
p1_W_E.382,1499.0,192.46,88.0,7,528.84
p1_E_W.232,1671.0,13.51,0.0,0,211.18
p1_N1_S1.165,1650.0,64.01,50.0,1,258.88
p1_S1_E.52,1563.0,130.33,78.0,5,438.7
p1_N1_S1.166,1660.0,55.81,41.0,1,253.21
p1_S1_N1.160,1600.0,116.63,85.0,3,349.71
p1_N1_S1.167,1670.0,47.87,34.0,1,234.27
p1_S1_N1.161,1610.0,105.31,76.0,3,328.05
p1_W_E.383,1502.0,183.32,84.0,7,527.38
p1_S1_N1.162,1620.0,103.51,67.0,3,318.48
p1_W_E.384,1505.0,177.65,80.0,7,507.69
p1_N1_S1.168,1680.0,31.65,17.0,1,202.72
p1_W_E.385,1508.0,200.1,81.0,9,538.81
p1_E_W.233,1678.0,30.16,16.0,1,250.47
p1_N1_S1.169,1690.0,39.95,16.0,1,219.17
p1_W_E.386,1511.0,186.72,74.0,9,532.5
p1_E_N1.56,1681.0,28.91,15.0,1,238.8
p1_N1_S1.170,1700.0,31.72,8.0,1,217.95
p1_W_E.387,1514.0,192.45,72.0,8,531.96
p1_E_W.234,1685.0,27.27,13.0,1,240.14
p1_W_E.388,1517.0,183.6,69.0,7,547.4
p1_W_S2.39,1526.0,181.7,61.0,7,494.0
p1_N2_W.55,1653.0,60.42,31.0,2,322.35
p1_W_E.389,1520.0,195.62,67.0,10,543.25
p1_E_W.235,1692.0,23.98,7.0,1,257.18
p1_W_E.390,1523.0,194.32,67.0,8,544.43
p1_E_W.236,1700.0,17.79,0.0,0,240.26
p1_W_E.391,1532.0,187.1,60.0,6,515.09
p1_E_W.237,1707.0,11.64,0.0,0,219.08
p1_W_E.392,1535.0,185.75,59.0,6,521.97
p1_W_E.393,1538.0,184.7,56.0,7,506.46
p1_W_E.394,1541.0,183.4,51.0,6,511.83
p1_W_E.395,1544.0,182.05,52.0,7,499.14
p1_S1_N1.163,1630.0,117.13,81.0,3,340.93
p1_N2_S2.166,1660.0,88.19,66.0,2,289.64
p1_N1_S1.171,1710.0,37.43,17.0,1,226.37
p1_S2_N2.170,1700.0,48.89,37.0,1,230.39
p1_N1_S1.172,1720.0,30.2,16.0,1,200.9
p1_S2_N2.171,1710.0,40.82,29.0,1,231.32
p1_N2_S2.167,1670.0,79.41,59.0,2,275.46
p1_N1_S1.173,1730.0,21.46,8.0,1,196.27
p1_S2_N2.172,1720.0,32.83,20.0,1,212.29
p1_N2_S2.168,1680.0,73.58,50.0,2,280.29
p1_N1_S1.174,1740.0,11.92,1.0,1,171.7
p1_S2_N2.173,1730.0,24.93,12.0,1,203.12
p1_S2_N2.174,1740.0,16.57,3.0,1,190.98
p1_N1_S1.175,1750.0,6.56,0.0,0,144.23
p1_S1_N1.164,1640.0,101.44,72.0,3,320.33
p1_S1_N1.165,1650.0,109.77,72.0,3,327.4
p1_N2_S2.169,1690.0,65.65,42.0,2,262.33
p1_S1_N1.166,1660.0,101.58,67.0,2,322.54
p1_N2_S2.170,1700.0,60.88,33.0,2,258.41
p1_S1_N1.167,1670.0,93.37,66.0,2,317.91
p1_S1_N1.168,1680.0,85.2,56.0,2,304.99
p1_N2_S2.171,1710.0,47.24,32.0,1,227.71
p1_S2_N2.175,1750.0,6.45,0.0,0,148.3
p1_W_E.396,1551.0,193.63,66.0,7,504.47
p1_E_W.238,1714.0,32.53,14.0,1,253.48
p1_E_N1.57,1710.0,27.38,16.0,1,234.66
p1_E_W.239,1721.0,27.36,12.0,1,241.61
p1_W_E.397,1577.0,165.37,53.0,6,469.38
p1_E_W.240,1728.0,22.08,9.0,1,239.2
p1_W_E.398,1580.0,170.88,50.0,6,497.52
p1_W_E.399,1583.0,169.64,48.0,7,488.11
p1_W_S2.40,1590.0,165.63,45.0,7,474.79
p1_N2_W.56,1683.0,73.43,47.0,2,311.86
p1_W_E.400,1587.0,157.05,46.0,7,452.03
p1_W_E.401,1593.0,159.36,44.0,7,454.28
p1_W_E.402,1596.0,164.27,45.0,7,468.43
p1_W_E.403,1599.0,155.35,41.0,6,454.37
p1_S1_E.53,1593.0,174.39,103.0,6,496.18
p1_S1_E.54,1623.0,140.85,79.0,4,453.8
p1_W_E.404,1602.0,158.99,49.0,6,461.51
p1_E_W.241,1736.0,29.92,17.0,1,251.49
p1_W_E.405,1606.0,166.95,46.0,6,471.75
p1_W_E.406,1627.0,138.01,37.0,5,436.3
p1_E_N1.58,1740.0,29.22,16.0,1,256.52
p1_E_W.242,1743.0,31.72,15.0,1,268.41
p1_W_E.407,1630.0,141.13,34.0,5,443.15
p1_E_W.243,1750.0,23.74,10.0,1,252.15
p1_N2_S2.172,1720.0,81.25,61.0,2,292.13
p1_E_W.244,1757.0,22.62,4.0,1,264.95
p1_S2_N2.176,1760.0,37.78,27.0,1,217.67
p1_N2_S2.173,1730.0,72.24,51.0,2,278.37
p1_E_W.245,1764.0,17.38,0.0,0,260.19
p1_S2_N2.177,1770.0,31.38,20.0,1,208.76
p1_N2_S2.174,1740.0,65.16,43.0,2,272.79
p1_S2_N2.178,1780.0,25.39,10.0,1,200.04
p1_S2_N2.179,1790.0,17.12,3.0,1,195.63
p2_S2_N2.0,1800.0,8.94,0.0,0,165.19
p1_N1_S1.176,1760.0,49.77,37.0,1,232.1
p1_W_E.408,1633.0,158.59,45.0,5,480.8
p1_W_E.409,1636.0,157.24,44.0,6,471.89
p1_N1_S1.177,1770.0,40.36,27.0,1,218.18
p1_S1_N1.169,1690.0,125.96,90.0,4,362.75
p1_W_E.410,1639.0,156.33,43.0,6,483.29
p1_N1_S1.178,1780.0,30.31,18.0,1,196.66
p1_S1_N1.170,1700.0,116.11,77.0,4,345.01
p1_S1_E.55,1653.0,139.11,85.0,4,444.39
p1_N1_S1.179,1790.0,23.01,9.0,1,185.83
p1_S1_N1.171,1710.0,109.03,69.0,4,335.89
p2_N1_S1.0,1800.0,22.67,3.0,1,194.12
p1_W_S2.41,1642.0,156.38,53.0,6,485.15
p1_E_N1.59,1770.0,34.46,18.0,1,271.58
p1_W_E.411,1645.0,151.93,52.0,8,473.19
p1_E_W.246,1773.0,32.97,17.0,1,261.78
p1_W_E.412,1648.0,159.08,43.0,7,481.21
p1_W_E.413,1651.0,157.7,43.0,7,480.55
p1_E_W.247,1779.0,29.64,16.0,1,247.18
p1_W_E.414,1654.0,152.81,40.0,5,482.2
p1_N2_W.57,1712.0,98.26,67.0,3,377.69
p1_W_E.415,1675.0,137.28,32.0,3,449.27
p1_N2_W.58,1743.0,69.83,42.0,2,329.58
p1_W_E.416,1678.0,135.93,33.0,4,445.57
p1_W_E.417,1681.0,131.43,29.0,3,434.07
p1_W_E.418,1684.0,133.56,27.0,3,437.57
p1_W_E.419,1687.0,132.3,28.0,3,443.45
p1_W_E.420,1690.0,131.16,27.0,3,448.04
p1_E_W.248,1786.0,24.19,12.0,1,245.1
p1_E_W.249,1793.0,28.88,10.0,1,250.64
p1_N2_S2.175,1750.0,95.39,67.0,3,318.41
p2_E_W.0,1800.0,23.02,3.0,1,245.04
p1_N2_S2.176,1760.0,87.4,57.0,2,306.82
p1_N2_S2.177,1770.0,79.15,56.0,2,281.7
p1_N2_S2.178,1780.0,73.2,50.0,2,278.7
p2_E_S1.0,1803.0,28.43,6.0,2,279.95
p2_N1_S1.1,1810.0,46.2,28.0,1,238.63
p1_N2_S2.179,1790.0,64.23,42.0,2,266.31
p2_N2_S2.0,1800.0,58.48,33.0,2,261.47
p2_N1_S1.2,1820.0,38.07,26.0,1,216.9
p1_S1_N1.172,1720.0,139.2,86.0,4,377.38
p2_N1_S1.3,1830.0,29.71,16.0,1,210.44
p1_S1_N1.173,1730.0,131.09,77.0,4,364.04
p1_W_S2.42,1693.0,148.73,41.0,4,467.85
p1_W_E.421,1696.0,147.28,38.0,4,469.49
p1_W_E.422,1699.0,147.15,36.0,4,461.62
p2_E_W.1,1806.0,39.68,14.0,3,286.61
p1_W_E.423,1702.0,146.16,37.0,4,447.32
p1_W_E.424,1716.0,134.31,36.0,4,432.95
p1_W_E.425,1720.0,132.05,33.0,4,435.01
p1_W_E.426,1723.0,123.91,30.0,4,419.18
p2_E_W.2,1809.0,24.56,10.0,1,244.06
p2_E_W.3,1812.0,46.77,9.0,1,281.64
p2_N1_S1.4,1840.0,40.6,25.0,2,224.32
p1_W_E.427,1726.0,132.42,30.0,4,432.46
p1_S1_N1.174,1740.0,140.9,91.0,6,388.11
p1_W_E.428,1729.0,132.03,30.0,6,429.94
p2_E_W.4,1815.0,44.05,7.0,1,304.65
p2_N1_S1.5,1850.0,32.49,16.0,2,216.87
p1_S1_E.56,1683.0,172.11,104.0,5,504.87
p2_E_W.5,1818.0,34.97,6.0,1,295.14
p2_N1_S1.6,1860.0,24.23,12.0,1,196.72
p2_S2_N2.1,1810.0,75.55,57.0,3,279.23
p2_S2_N2.2,1820.0,69.18,48.0,3,270.6
p1_S1_N1.175,1750.0,130.33,82.0,4,366.66
p2_S2_N2.3,1830.0,61.38,38.0,3,259.78
p1_S1_N1.176,1760.0,127.14,74.0,4,361.93
p2_E_W.6,1821.0,49.64,19.0,2,308.3
p2_N2_S2.1,1810.0,68.03,48.0,2,272.18
p2_N2_S2.2,1820.0,77.05,48.0,2,289.09
p2_E_W.7,1824.0,45.85,16.0,2,303.11
p2_E_W.8,1827.0,46.66,14.0,2,287.56
p2_N2_S2.3,1830.0,68.81,41.0,2,283.47
p2_N1_E.0,1803.0,71.61,22.0,3,357.83
p2_E_W.9,1830.0,49.76,14.0,2,307.75
p2_N2_S2.4,1840.0,53.12,28.0,2,260.21
p2_E_W.10,1833.0,45.14,12.0,2,285.3
p1_N2_W.59,1773.0,110.22,64.0,4,400.67
p2_S2_W.0,1803.0,81.58,52.0,3,363.46
p1_W_E.429,1732.0,138.5,51.0,5,458.09
p1_W_S2.43,1747.0,136.3,47.0,5,464.41
p1_W_E.430,1736.0,151.71,49.0,5,475.13
p1_W_E.431,1750.0,139.34,47.0,6,483.74
p1_W_E.432,1753.0,138.14,45.0,5,482.2
p1_W_E.433,1756.0,137.02,43.0,5,470.91
p2_N2_S2.5,1850.0,67.68,40.0,3,275.25
p2_N2_S2.6,1860.0,59.67,37.0,2,257.29
p2_S2_N2.4,1840.0,73.72,47.0,4,270.2
p2_N2_S2.7,1870.0,51.58,33.0,2,245.03
p2_S2_N2.5,1850.0,72.25,46.0,4,277.32
p2_N2_S2.8,1880.0,42.98,25.0,2,227.3
p2_S2_N2.6,1860.0,63.96,37.0,4,273.77
p2_N2_S2.9,1890.0,35.44,15.0,1,219.02
p2_N2_S2.10,1900.0,27.22,13.0,1,201.63
p2_N2_S2.11,1910.0,14.79,2.0,1,171.16
p2_N2_S2.12,1920.0,12.42,0.0,0,180.09
p2_E_S1.1,1836.0,76.1,43.0,3,344.72
p2_N2_S2.13,1930.0,7.13,0.0,0,166.06
p2_N1_S1.7,1870.0,68.3,49.0,2,265.84
p1_S1_N1.177,1770.0,166.57,110.0,4,410.73
p2_N1_S1.8,1880.0,58.89,41.0,1,250.13
p2_N1_S1.9,1890.0,52.73,37.0,1,243.48
p2_S2_N2.7,1870.0,70.94,43.0,4,271.74
p2_S2_N2.8,1880.0,61.3,31.0,3,248.66
p1_S1_N1.178,1780.0,168.0,107.0,6,421.66
p2_S2_N2.9,1890.0,59.04,25.0,2,258.43
p2_E_W.11,1839.0,90.47,53.0,5,364.76
p1_W_E.434,1759.0,174.76,78.0,6,528.87
p1_W_E.435,1762.0,173.81,74.0,8,527.87
p2_N1_S1.10,1900.0,61.02,39.0,3,259.12
p1_S1_N1.179,1790.0,170.07,110.0,6,433.78
p2_E_W.12,1843.0,75.21,39.0,4,335.41
p2_N1_S1.11,1910.0,55.39,31.0,3,255.7
p2_S1_N1.0,1800.0,166.72,103.0,7,424.49
p2_E_W.13,1846.0,99.42,39.0,5,367.42
p2_N1_S1.12,1920.0,47.25,21.0,2,227.15
p1_W_E.436,1765.0,157.05,74.0,8,488.92
p2_S1_N1.1,1810.0,153.61,93.0,6,384.75
p1_W_E.437,1768.0,181.28,70.0,7,512.02
p2_S1_N1.2,1820.0,151.76,86.0,5,388.1
p2_S2_N2.10,1900.0,66.06,34.0,3,258.97
p1_W_E.438,1771.0,156.71,71.0,6,484.97
p2_N2_S2.14,1940.0,22.58,12.0,1,192.16
p2_S2_N2.11,1910.0,57.08,25.0,3,251.18
p2_N2_S2.15,1950.0,24.7,8.0,1,197.46
p2_S2_N2.12,1920.0,56.18,19.0,3,255.33
p2_N2_S2.16,1960.0,16.42,0.0,0,199.28
p2_N2_S2.17,1970.0,8.33,0.0,0,164.91
p2_E_W.14,1849.0,100.27,44.0,5,375.62
p2_E_W.15,1852.0,107.57,43.0,5,389.36
p2_S2_N2.13,1930.0,50.37,15.0,2,237.98
p2_E_W.16,1855.0,106.25,40.0,6,397.97
p2_E_W.17,1858.0,104.88,37.0,4,394.03
p1_W_E.439,1773.0,191.65,85.0,7,524.99
p2_E_W.18,1861.0,103.66,33.0,5,382.6
p1_S1_E.57,1713.0,253.23,157.0,9,624.02
p2_N1_S1.13,1930.0,58.23,26.0,4,263.44
p2_N1_E.1,1833.0,134.79,76.0,5,454.5
p2_N1_S1.14,1940.0,50.59,16.0,2,237.73
p1_W_E.440,1776.0,194.41,93.0,8,543.37
p2_S1_N1.3,1830.0,153.17,88.0,5,398.28
p2_N1_S1.15,1950.0,42.93,11.0,2,226.12
p1_W_S2.44,1779.0,194.15,86.0,8,559.78
p2_S1_N1.4,1840.0,148.19,87.0,5,374.98
p2_S1_N1.5,1850.0,147.22,83.0,5,388.61
p2_S1_N1.6,1860.0,139.03,73.0,5,386.11
p2_S2_N2.14,1940.0,59.26,27.0,3,255.55
p2_N2_S2.18,1980.0,19.19,8.0,1,186.67
p2_S1_N1.7,1870.0,127.51,64.0,5,360.12
p2_E_W.19,1864.0,115.65,48.0,7,401.71
p2_N2_S2.19,1990.0,12.46,1.0,1,184.13
p2_S2_W.1,1833.0,148.3,81.0,8,466.36
p2_E_W.20,1867.0,116.65,53.0,6,425.21
p2_S2_N2.15,1950.0,47.74,20.0,2,226.26
p2_S2_N2.16,1960.0,43.39,17.0,2,231.82
p1_W_E.441,1782.0,207.0,96.0,9,574.08
p1_W_E.442,1785.0,208.25,95.0,9,582.66
p2_E_S1.2,1870.0,123.68,52.0,7,436.62
p2_E_W.21,1873.0,123.65,48.0,7,434.1
p1_S1_E.58,1743.0,245.55,145.0,8,620.99
p2_E_W.22,1876.0,122.74,45.0,7,427.94
p2_N1_E.2,1863.0,135.98,70.0,6,444.06
p2_E_W.23,1879.0,121.55,41.0,7,420.11
p2_E_W.24,1882.0,120.41,39.0,6,418.13
p1_W_E.443,1788.0,200.52,98.0,9,561.58
p1_W_E.444,1791.0,199.34,88.0,10,557.83
p1_W_E.445,1794.0,208.26,81.0,10,568.09
p2_S1_N1.8,1880.0,149.39,87.0,5,394.51
p2_S1_N1.9,1890.0,141.58,84.0,5,394.02
p1_W_E.446,1797.0,213.82,79.0,10,568.55
p1_W_E.447,1800.0,204.23,73.0,8,561.03
p2_S1_N1.10,1900.0,132.17,74.0,4,364.56
p1_W_E.448,1803.0,211.53,70.0,8,569.17
p2_S1_N1.11,1910.0,126.03,74.0,5,357.22
p2_S2_N2.17,1970.0,65.89,33.0,3,269.9
p2_S1_N1.12,1920.0,117.71,69.0,6,343.56
p2_N2_S2.20,2000.0,32.74,22.0,1,207.26
p2_S1_N1.13,1930.0,109.56,60.0,4,335.91
p2_N2_S2.21,2010.0,29.71,17.0,1,206.22
p2_S1_N1.14,1940.0,101.25,51.0,4,317.25
p2_S2_N2.18,1980.0,51.1,30.0,2,234.05
p2_N2_S2.22,2020.0,14.57,3.0,1,187.85
p2_N2_S2.23,2030.0,16.97,0.0,0,191.82
p2_S1_N1.15,1950.0,85.81,36.0,4,292.83
p2_S1_N1.16,1960.0,87.9,31.0,3,296.93
p1_W_S2.45,1813.0,218.72,70.0,8,546.44
p2_S1_N1.17,1970.0,83.6,32.0,3,297.32
p2_S1_N1.18,1980.0,76.17,29.0,2,287.0
p1_W_E.449,1806.0,208.02,78.0,9,553.03
p2_S1_N1.19,1990.0,67.94,28.0,2,285.09
p1_W_E.450,1809.0,228.44,73.0,9,568.81
p2_S1_N1.20,2000.0,51.85,24.0,2,256.26
p1_W_E.451,1817.0,212.17,66.0,10,552.7
p2_S1_N1.21,2010.0,51.89,20.0,1,270.85
p2_N2_S2.24,2040.0,21.88,11.0,1,193.47
p2_S1_N1.22,2020.0,43.7,20.0,1,259.92
p2_S2_N2.19,1990.0,67.14,35.0,3,260.64
p2_S1_N1.23,2030.0,25.5,8.0,1,214.87
p2_S2_N2.20,2000.0,65.14,29.0,2,262.86
p2_S1_N1.24,2040.0,22.55,2.0,1,210.68
p2_N2_S2.25,2050.0,10.36,0.0,0,173.31
p2_S2_N2.21,2010.0,58.54,29.0,2,260.07
p2_S1_N1.25,2050.0,19.24,0.0,0,200.74
p2_N2_S2.26,2060.0,8.87,0.0,0,159.76
p2_S1_N1.26,2060.0,8.38,0.0,0,172.44
p2_N1_S1.16,1960.0,114.14,78.0,5,333.69
p2_N1_S1.17,1970.0,105.88,76.0,3,322.1
p2_S1_N1.27,2070.0,6.04,0.0,0,146.26
p2_N1_S1.18,1980.0,96.0,72.0,3,301.26
p2_N1_S1.19,1990.0,92.11,63.0,2,298.58
p2_N1_S1.20,2000.0,83.39,62.0,2,286.37
p1_W_E.452,1821.0,214.73,79.0,11,550.29
p2_S1_N1.28,2080.0,6.41,0.0,0,150.69
p1_W_E.453,1824.0,226.76,71.0,9,566.3
p2_N1_S1.21,2010.0,73.35,53.0,2,265.16
p1_W_E.454,1827.0,240.66,68.0,9,583.14
p1_W_E.455,1830.0,236.77,69.0,9,578.81
p2_S2_N2.22,2020.0,72.31,43.0,3,271.05
p1_W_E.456,1833.0,238.87,61.0,7,573.28
p2_E_W.25,1885.0,182.93,100.0,7,514.61
p2_S2_N2.23,2030.0,64.45,33.0,3,258.36
p2_N2_S2.27,2070.0,20.74,9.0,1,193.73
p1_W_E.457,1839.0,234.58,60.0,10,578.92
p2_S2_W.2,1863.0,205.58,124.0,8,557.97
p2_N2_S2.28,2080.0,15.7,3.0,1,193.47
p1_W_E.458,1854.0,221.15,58.0,9,547.79
p2_S2_N2.24,2040.0,56.27,26.0,2,244.14
p2_N2_S2.29,2090.0,7.45,0.0,0,159.26
p2_S2_W.3,1893.0,176.32,94.0,6,515.9
p2_S2_N2.25,2050.0,50.92,22.0,2,238.38
p2_E_W.26,1888.0,181.72,111.0,5,509.2
p2_E_W.27,1891.0,191.53,110.0,5,527.1
p2_N1_S1.22,2020.0,85.28,55.0,3,297.12
p2_S2_N2.26,2060.0,41.27,17.0,2,211.96
p2_N1_S1.23,2030.0,76.94,48.0,3,284.37
p2_S2_N2.27,2070.0,37.09,14.0,1,223.93
p2_N1_S1.24,2040.0,69.02,40.0,2,269.46
p2_S1_N1.29,2090.0,11.52,0.0,0,174.27
p1_S1_E.59,1773.0,316.05,175.0,12,688.11
p2_S1_N1.30,2100.0,11.56,0.0,0,178.85
p2_N1_E.3,1893.0,197.92,104.0,8,526.51
p2_N1_S1.25,2050.0,63.49,36.0,2,262.59
p2_S1_N1.31,2110.0,5.55,0.0,0,153.08
p2_N1_S1.26,2060.0,56.61,31.0,2,258.55
p1_W_E.459,1857.0,232.58,93.0,13,573.26
p2_N1_S1.27,2070.0,48.44,21.0,2,253.18
p1_W_E.460,1861.0,228.69,89.0,11,563.24
p1_W_S2.46,1864.0,231.63,83.0,14,570.53
p2_N1_E.4,1923.0,176.63,63.0,9,503.39
p1_W_E.461,1867.0,235.09,76.0,11,590.06
p2_E_W.28,1894.0,207.6,123.0,8,551.79
p1_W_E.462,1870.0,233.91,78.0,10,581.98
p2_E_W.29,1897.0,206.63,121.0,6,537.74
p1_W_E.463,1873.0,232.63,74.0,11,575.57
p2_S2_W.4,1923.0,176.29,91.0,6,509.25
p2_N2_S2.30,2100.0,33.1,22.0,1,213.97
p2_E_S1.3,1902.0,210.17,124.0,6,569.64
p2_E_W.30,1900.0,198.22,130.0,6,539.91
p2_N2_S2.31,2110.0,25.14,15.0,1,200.03
p2_N2_S2.32,2120.0,15.22,4.0,1,183.65
p2_N2_S2.33,2130.0,6.58,0.0,0,155.3
p2_S2_N2.28,2080.0,64.87,38.0,3,271.46
p2_S1_N1.32,2120.0,9.28,0.0,0,164.45
p2_N1_S1.28,2080.0,61.38,23.0,3,261.23
p2_S2_N2.29,2090.0,57.13,31.0,3,259.53
p2_S1_N1.33,2130.0,17.14,0.0,0,192.36
p2_S2_N2.30,2100.0,49.23,24.0,2,245.45
p2_E_W.31,1906.0,222.47,132.0,8,584.96
p2_E_W.32,1909.0,221.09,125.0,5,563.28
p2_N2_S2.34,2140.0,6.67,0.0,0,147.39
p1_W_E.464,1876.0,259.42,90.0,13,625.44
p1_W_E.465,1879.0,258.49,85.0,12,628.83
p2_S2_W.5,1953.0,166.18,95.0,5,477.31
p1_W_E.466,1882.0,257.32,81.0,11,634.99
p2_E_W.33,1912.0,228.55,138.0,6,583.14
p2_N1_E.5,1953.0,187.84,114.0,8,518.47
p2_E_W.34,1915.0,227.33,135.0,6,586.66
p2_E_W.35,1918.0,217.97,133.0,6,577.45
p2_N1_E.6,1983.0,156.63,99.0,5,474.35
p2_E_W.36,1921.0,224.79,129.0,7,585.1
p2_N1_E.7,2013.0,132.94,81.0,4,445.27
p2_E_W.37,1924.0,223.49,127.0,7,584.23
p1_W_E.467,1885.0,260.01,140.0,8,633.47
p2_E_W.38,1927.0,209.86,125.0,7,548.22
p2_E_W.39,1930.0,221.7,120.0,6,567.69
p2_E_W.40,1933.0,220.38,119.0,7,572.08
p1_W_E.468,1888.0,248.82,135.0,8,604.41
p1_W_E.469,1891.0,262.37,131.0,9,619.77
p1_W_E.470,1894.0,266.01,132.0,9,623.11
p1_W_S2.47,1897.0,257.49,137.0,9,605.91
p2_N1_E.8,2043.0,97.42,54.0,3,376.1
p2_N2_S2.35,2150.0,35.3,23.0,1,213.61
p2_S2_N2.31,2110.0,70.62,45.0,3,272.58
p2_N2_S2.36,2160.0,28.02,15.0,1,198.26
p2_S1_N1.34,2140.0,49.01,35.0,1,239.09
p2_E_S1.4,1936.0,221.25,128.0,8,550.62
p2_S2_N2.32,2120.0,64.1,36.0,4,262.09
p2_S1_N1.35,2150.0,40.76,27.0,1,213.86
p2_N1_S1.29,2090.0,101.65,54.0,3,335.64
p2_S2_N2.33,2130.0,62.01,30.0,3,264.9
p2_S1_N1.36,2160.0,32.52,19.0,1,209.52
p2_N2_S2.37,2170.0,18.57,3.0,1,183.6
p2_N1_S1.30,2100.0,91.69,52.0,3,307.98
p2_N2_S2.38,2180.0,11.54,0.0,0,181.11
p2_S1_N1.37,2170.0,22.83,9.0,1,189.48
p2_N2_S2.39,2190.0,6.15,0.0,0,153.02
p2_E_W.41,1939.0,239.95,135.0,8,583.08
p2_S2_W.6,1983.0,192.46,108.0,7,525.41
p2_S2_N2.34,2140.0,58.58,27.0,2,250.07
p2_S2_N2.35,2150.0,52.65,26.0,2,237.35
p2_E_W.42,1942.0,233.13,142.0,9,594.15
p2_S2_N2.36,2160.0,48.28,25.0,2,248.82
p2_E_W.43,1945.0,244.62,139.0,9,615.61
p2_E_W.44,1948.0,243.38,135.0,9,610.13
p2_N2_S2.40,2200.0,6.23,0.0,0,154.09
p2_E_W.45,1951.0,232.56,128.0,10,602.58
p2_S2_W.7,2013.0,180.49,97.0,7,508.06
p1_W_E.471,1900.0,293.61,168.0,9,655.28
p2_E_W.46,1954.0,243.28,121.0,10,613.75
p2_E_W.47,1957.0,241.97,118.0,11,613.8
p2_E_W.48,1960.0,240.71,115.0,12,616.56
p1_W_E.472,1903.0,290.07,165.0,9,650.57
p1_W_E.473,1906.0,293.7,162.0,8,676.99
p2_E_W.49,1963.0,239.42,110.0,11,626.0
p2_E_W.50,1966.0,236.49,100.0,11,616.5
p1_W_E.474,1909.0,295.75,155.0,8,679.67
p2_S2_N2.37,2170.0,60.41,32.0,4,264.35
p2_N2_S2.41,2210.0,20.62,10.0,1,183.48
p2_S2_N2.38,2180.0,50.61,22.0,4,236.54
p2_S2_N2.39,2190.0,45.5,14.0,2,236.89
p2_E_S1.5,1969.0,237.44,101.0,11,605.36
p2_N2_S2.42,2220.0,8.23,0.0,0,161.15
p2_S1_N1.38,2180.0,54.81,34.0,2,240.95
p2_N2_S2.43,2230.0,9.65,0.0,0,157.26
p2_N1_S1.31,2110.0,121.15,76.0,5,342.88
p2_S1_N1.39,2190.0,50.73,32.0,1,243.57
p2_N1_S1.32,2120.0,122.19,73.0,3,345.17
p2_S1_N1.40,2200.0,41.32,24.0,1,230.68
p2_N1_S1.33,2130.0,113.94,69.0,3,338.26
p2_N1_E.9,2073.0,145.27,89.0,7,470.76
p2_E_W.51,1972.0,252.83,103.0,11,613.76
p1_W_E.475,1912.0,313.48,170.0,10,697.18
p1_W_E.476,1915.0,312.11,163.0,11,712.78
p2_S2_W.8,2042.0,184.23,74.0,8,512.37
p1_W_E.477,1918.0,308.48,160.0,10,696.44
p2_E_W.52,1975.0,253.63,99.0,13,629.52
p1_W_E.478,1921.0,309.7,156.0,9,709.02
p2_S2_W.9,2073.0,157.02,59.0,9,473.92
p2_S2_W.10,2103.0,128.16,35.0,6,428.19
p1_W_E.479,1924.0,307.62,154.0,10,698.07
p1_W_E.480,1927.0,303.45,152.0,10,669.04
p1_W_S2.48,1929.0,306.57,147.0,9,682.24
p1_W_E.481,1932.0,306.54,144.0,9,691.96
p2_S1_N1.41,2210.0,50.25,28.0,2,239.63
p2_S1_N1.42,2220.0,41.67,18.0,2,220.37
p2_S1_N1.43,2230.0,33.02,9.0,1,206.97
p2_S1_N1.44,2240.0,26.97,9.0,1,196.99
p2_S2_N2.40,2200.0,63.84,34.0,3,264.75
p2_S2_N2.41,2210.0,59.72,33.0,2,265.07
p2_N2_S2.44,2240.0,23.8,12.0,1,186.7
p2_N2_S2.45,2250.0,20.96,7.0,1,211.61
p2_E_W.53,1978.0,272.63,129.0,13,667.82
p2_N2_S2.46,2260.0,11.06,0.0,0,186.83
p2_E_W.54,1981.0,271.59,120.0,11,660.11
p2_E_W.55,1984.0,271.03,115.0,11,649.89
p2_S2_N2.42,2220.0,44.91,25.0,2,227.0
p2_E_W.56,1987.0,269.9,108.0,11,641.14
p2_E_W.57,1990.0,268.62,104.0,11,630.63
p1_W_E.482,1936.0,318.95,150.0,10,714.24
p1_W_E.483,1939.0,322.16,150.0,10,703.2
p2_E_W.58,1993.0,266.06,95.0,12,617.62
p2_E_W.59,1996.0,266.76,88.0,12,621.6
p1_W_E.484,1942.0,314.26,148.0,11,697.24
p2_E_W.60,1999.0,262.99,86.0,10,616.0
p1_W_E.485,1945.0,321.74,143.0,10,706.74
p2_S2_W.11,2133.0,133.89,42.0,6,454.12
p1_W_E.486,1948.0,320.55,142.0,11,705.09
p1_W_E.487,1955.0,315.41,138.0,10,694.74
p1_W_E.488,1958.0,314.08,133.0,8,695.15
p2_S2_W.12,2163.0,99.05,35.0,7,390.22
p2_S2_N2.43,2230.0,67.29,38.0,2,271.73
p2_N2_S2.47,2270.0,27.38,16.0,1,202.29
p2_S2_N2.44,2240.0,58.36,36.0,2,240.97
p2_S2_N2.45,2250.0,51.68,29.0,2,239.81
p2_N2_S2.48,2280.0,14.45,3.0,1,178.99
p2_N2_S2.49,2290.0,12.59,0.0,0,170.33
p2_N2_S2.50,2300.0,8.16,0.0,0,167.9
p1_W_E.489,1962.0,327.67,142.0,13,713.32
p1_W_E.490,1968.0,323.01,142.0,11,706.21
p2_E_S1.6,2002.0,290.3,131.0,13,690.54
p1_W_S2.49,1981.0,313.5,138.0,9,688.23
p2_N1_E.10,2103.0,184.51,97.0,8,502.23
p2_E_W.61,2005.0,277.19,122.0,11,662.43
p1_W_E.491,1984.0,302.58,146.0,10,665.15
p2_E_W.62,2008.0,297.46,118.0,11,676.82
p1_W_E.492,1987.0,317.43,142.0,11,699.05
p2_E_W.63,2011.0,296.12,111.0,13,691.78
p1_W_E.493,1990.0,316.8,142.0,11,705.71
p2_E_W.64,2014.0,293.46,103.0,11,688.31
p1_W_E.494,1993.0,316.52,136.0,13,703.06
p2_S2_W.13,2193.0,117.1,31.0,5,430.05
p2_S2_N2.46,2260.0,73.4,47.0,3,284.91
p2_N2_S2.51,2310.0,23.14,13.0,1,196.41
p1_W_E.495,1996.0,305.76,130.0,11,688.06
p2_E_W.65,2017.0,295.39,115.0,10,691.73
p2_E_W.66,2020.0,294.05,110.0,10,678.3
p2_N2_S2.52,2320.0,15.23,5.0,1,184.38
p2_N1_S1.34,2140.0,195.94,141.0,5,455.99
p2_S1_N1.45,2250.0,85.35,68.0,2,296.91
p2_E_W.67,2023.0,276.91,104.0,11,652.61
p2_S1_N1.46,2260.0,77.88,62.0,1,271.32
p2_N1_S1.35,2150.0,185.08,136.0,5,432.93
p2_S1_N1.47,2270.0,69.56,57.0,1,266.55
p2_N1_S1.36,2160.0,181.36,134.0,5,437.2
p2_S1_N1.48,2280.0,59.26,48.0,1,246.1
p2_S2_N2.47,2270.0,57.73,37.0,2,255.58
p2_S2_N2.48,2280.0,65.76,32.0,2,260.83
p2_S1_N1.49,2290.0,54.99,41.0,1,247.65
p1_W_E.496,1999.0,326.61,143.0,12,717.71
p2_N2_S2.53,2330.0,6.86,0.0,0,155.07
p1_W_E.497,2002.0,325.6,137.0,10,716.59
p2_S1_N1.50,2300.0,40.18,28.0,1,220.98
p1_W_E.498,2005.0,324.41,132.0,10,710.62
p2_S1_N1.51,2310.0,41.72,24.0,1,227.65
p1_W_E.499,2008.0,322.57,127.0,9,704.42
p2_S1_N1.52,2320.0,32.2,14.0,1,206.62
p2_S1_N1.53,2330.0,25.16,8.0,1,214.01
p2_S1_N1.54,2340.0,16.83,0.0,0,200.7
p1_W_S2.50,2014.0,322.31,125.0,10,693.49
p2_S1_N1.55,2350.0,8.53,0.0,0,163.68
p2_N1_S1.37,2170.0,192.2,139.0,6,453.06
p2_N1_S1.38,2180.0,183.62,125.0,7,440.54
p1_W_E.500,2011.0,306.56,126.0,9,692.81
p2_N1_S1.39,2190.0,175.88,117.0,6,422.3
p2_S2_N2.49,2290.0,75.89,44.0,4,282.57
p2_N2_S2.54,2340.0,27.37,13.0,1,203.6
p2_S2_N2.50,2300.0,68.08,34.0,3,262.69
p2_S1_N1.56,2360.0,5.55,0.0,0,149.6
p2_S2_N2.51,2310.0,59.81,31.0,2,249.68
p2_N1_S1.40,2200.0,171.53,106.0,6,412.86
p2_N1_S1.41,2210.0,163.49,101.0,5,404.7
p2_N2_S2.55,2350.0,14.13,0.0,0,176.53
p2_N2_S2.56,2360.0,10.09,0.0,0,174.24
p2_N1_S1.42,2220.0,153.96,97.0,4,390.94
p2_S1_N1.57,2370.0,6.27,0.0,0,147.14
p2_N2_S2.57,2370.0,7.08,0.0,0,155.3
p2_N1_S1.43,2230.0,152.01,91.0,4,392.92
p2_N1_S1.44,2240.0,143.76,84.0,4,374.82
p2_N1_S1.45,2250.0,135.68,77.0,4,366.02
p2_S2_N2.52,2320.0,57.46,29.0,3,257.55
p2_S1_N1.58,2380.0,6.21,0.0,0,156.07
p2_N1_S1.46,2260.0,130.41,70.0,3,352.65
p1_W_E.501,2017.0,353.29,149.0,10,734.78
p2_S2_N2.53,2330.0,46.48,16.0,3,239.5
p2_S2_N2.54,2340.0,53.68,14.0,2,253.6
p1_W_E.502,2020.0,352.24,143.0,10,729.33
p1_W_E.503,2023.0,352.12,143.0,11,744.47
p2_N1_E.11,2133.0,243.5,128.0,9,608.43
p1_W_E.504,2026.0,352.7,156.0,9,764.81
p2_N1_S1.47,2270.0,114.96,65.0,3,339.47
p2_S2_N2.55,2350.0,55.28,24.0,3,250.01
p2_E_W.68,2026.0,336.76,163.0,11,729.79
p2_E_S1.7,2035.0,350.22,152.0,9,736.28
p2_S2_N2.56,2360.0,47.66,20.0,2,238.43
p2_E_W.69,2029.0,350.04,158.0,10,742.45
p2_S2_N2.57,2370.0,39.22,11.0,1,224.86
p2_E_W.70,2032.0,357.05,155.0,10,750.1
p2_N2_S2.58,2380.0,21.23,9.0,1,187.85
p2_N1_S1.48,2280.0,131.6,75.0,5,364.87
p2_S1_N1.59,2390.0,21.28,10.0,1,195.37
p2_N2_S2.59,2390.0,17.64,4.0,1,187.5
p2_S1_N1.60,2400.0,10.97,1.0,1,174.03
p2_S1_N1.61,2410.0,7.62,0.0,0,166.38
p2_N2_S2.60,2400.0,6.35,0.0,0,147.94
p2_N1_S1.49,2290.0,131.66,75.0,4,367.93
p2_N1_S1.50,2300.0,122.18,68.0,3,351.99
p1_W_E.505,2029.0,356.02,166.0,12,771.83
p2_N1_S1.51,2310.0,115.57,65.0,3,356.71
p2_S1_N1.62,2420.0,6.2,0.0,0,153.88
p1_W_E.506,2042.0,361.52,159.0,11,785.42
p1_W_E.507,2047.0,355.13,158.0,11,768.59
p2_N1_S1.52,2320.0,110.18,56.0,3,340.66
p1_W_E.508,2053.0,355.28,155.0,10,769.05
p1_W_S2.51,2093.0,316.3,136.0,10,705.5
p1_W_E.509,2066.0,345.02,151.0,11,768.88
p2_N1_S1.53,2330.0,101.9,47.0,3,323.88
p2_N1_S1.54,2340.0,93.78,38.0,3,298.96
p1_W_E.510,2090.0,322.79,142.0,9,732.64
p1_W_E.511,2096.0,316.23,138.0,11,719.73
p1_W_E.512,2100.0,314.15,132.0,9,717.63
p1_W_E.513,2106.0,312.11,131.0,10,701.62
p2_E_W.71,2038.0,376.7,175.0,10,783.83
p2_N2_S2.61,2410.0,31.63,20.0,1,209.0
p2_E_W.72,2040.0,375.63,170.0,10,782.53
p2_N2_S2.62,2420.0,23.54,11.0,1,197.43
p2_E_W.73,2043.0,380.56,166.0,10,777.34
p2_N2_S2.63,2430.0,15.0,2.0,1,179.63
p2_N2_S2.64,2440.0,8.15,0.0,0,170.89
p2_S2_W.14,2223.0,191.49,113.0,5,514.9
p2_S1_N1.63,2430.0,22.64,12.0,1,191.21
p2_S2_N2.58,2380.0,72.92,41.0,3,278.56
p1_W_E.514,2181.0,256.79,88.0,8,602.89
p1_W_E.515,2185.0,254.51,89.0,10,611.81
p2_N1_S1.55,2350.0,112.23,46.0,5,339.03
p1_W_E.516,2190.0,249.32,86.0,9,589.21
p2_S1_N1.64,2440.0,7.08,0.0,0,153.32
p1_W_E.517,2197.0,246.27,86.0,7,597.12
p2_S1_N1.65,2450.0,14.92,0.0,0,171.31
p1_W_E.518,2211.0,234.37,80.0,7,560.93
p2_N1_E.12,2163.0,283.39,183.0,9,671.72
p2_N1_S1.56,2360.0,100.83,33.0,5,326.62
p2_N1_S1.57,2370.0,99.34,28.0,5,321.58
p2_N1_E.13,2193.0,255.12,147.0,9,616.83
p2_S1_N1.66,2460.0,6.53,0.0,0,150.76
p2_E_W.74,2047.0,405.25,199.0,12,831.7
p2_E_W.75,2051.0,405.51,196.0,10,827.09
p2_E_W.76,2059.0,397.94,192.0,12,817.23
p2_N1_E.14,2223.0,213.79,130.0,7,554.78
p2_E_W.77,2074.0,386.82,190.0,11,801.82
p2_S2_N2.59,2390.0,92.31,63.0,4,305.5
p2_N1_E.15,2253.0,206.64,106.0,7,547.09
p2_N2_S2.65,2450.0,31.82,20.0,1,207.01
p2_S2_N2.60,2400.0,84.12,57.0,4,298.35
p2_N2_S2.66,2460.0,24.78,13.0,1,200.77
p1_W_E.519,2214.0,249.43,120.0,7,606.37
p2_N2_S2.67,2470.0,14.35,4.0,1,187.52
p2_S1_N1.67,2470.0,18.28,7.0,1,192.22
p2_N2_S2.68,2480.0,6.94,0.0,0,148.77
p2_S1_N1.68,2480.0,10.36,0.0,0,178.22
p2_S1_N1.69,2490.0,5.35,0.0,0,151.19
p2_S2_N2.61,2410.0,80.78,48.0,4,273.64
p2_N2_S2.69,2490.0,5.66,0.0,0,152.62
p2_N1_S1.58,2380.0,98.05,30.0,5,315.99
p2_S2_N2.62,2420.0,79.24,44.0,3,284.29
p2_N1_S1.59,2390.0,111.27,26.0,5,325.32
p2_N1_S1.60,2400.0,94.37,23.0,4,316.42
p2_S2_N2.63,2430.0,62.05,30.0,3,246.49
p1_W_E.520,2217.0,266.73,136.0,7,638.49
p2_N1_S1.61,2410.0,94.44,20.0,3,323.35
p2_N1_S1.62,2420.0,86.69,20.0,4,294.44
p1_W_S2.52,2221.0,264.84,129.0,7,627.27
p2_N1_S1.63,2430.0,78.48,15.0,3,293.0
p1_W_E.521,2227.0,259.89,131.0,8,620.89
p2_E_W.78,2077.0,412.9,207.0,11,855.48
p2_E_W.79,2083.0,408.69,211.0,12,835.07
p2_N1_E.16,2283.0,196.23,109.0,8,547.7
p2_N1_E.17,2313.0,180.14,90.0,5,540.76
p1_W_E.522,2237.0,246.27,147.0,8,596.49
p1_W_E.523,2241.0,261.1,139.0,6,625.82
p2_E_W.80,2089.0,393.14,204.0,12,839.69
p2_S2_N2.64,2440.0,83.68,43.0,3,291.82
p2_N2_S2.70,2500.0,23.97,13.0,1,198.67
p2_S2_W.15,2253.0,248.19,155.0,8,609.0
p2_S1_N1.70,2500.0,23.64,12.0,1,195.41
p2_N2_S2.71,2510.0,15.64,5.0,1,191.41
p2_S2_N2.65,2450.0,75.97,36.0,3,274.62
p2_S2_N2.66,2460.0,67.68,35.0,2,261.85
p2_S1_N1.71,2510.0,14.46,2.0,1,181.79
p2_N2_S2.72,2520.0,6.98,0.0,0,163.5
p2_S1_N1.72,2520.0,10.14,0.0,0,177.19
p2_S2_N2.67,2470.0,61.53,33.0,2,255.55
p2_S2_N2.68,2480.0,53.37,26.0,2,244.39
p2_S2_N2.69,2490.0,45.38,16.0,2,225.37
p2_S1_N1.73,2530.0,5.1,0.0,0,145.68
p2_S2_N2.70,2500.0,39.4,14.0,1,229.24
p2_N1_S1.64,2440.0,87.32,26.0,4,280.05
p2_N1_S1.65,2450.0,90.4,25.0,4,286.87
p1_W_E.524,2244.0,279.05,159.0,8,645.79
p1_W_E.525,2247.0,273.22,161.0,8,619.82
p2_E_S1.8,2100.0,432.24,232.0,13,882.77
p2_N1_E.18,2343.0,188.74,92.0,8,541.33
p2_N1_E.19,2373.0,160.55,62.0,12,490.26
p2_S1_N1.74,2540.0,16.36,3.0,1,180.68
p1_W_E.526,2250.0,285.8,168.0,7,685.33
p2_N1_S1.66,2460.0,97.05,34.0,5,312.09
p2_S1_N1.75,2550.0,8.52,0.0,0,169.74
p1_W_E.527,2252.0,277.27,166.0,6,652.0
p1_W_E.528,2255.0,280.91,163.0,7,646.94
p2_N1_S1.67,2470.0,94.31,25.0,5,292.26
p2_S2_N2.71,2510.0,53.12,31.0,2,249.81
p2_S1_N1.76,2560.0,6.03,0.0,0,148.5
p2_S2_N2.72,2520.0,46.42,25.0,2,244.84
p2_N1_S1.68,2480.0,83.19,26.0,4,285.26
p2_N1_S1.69,2490.0,81.0,24.0,3,278.93
p2_N1_S1.70,2500.0,72.76,21.0,3,272.77
p2_N2_S2.73,2530.0,28.55,18.0,1,200.26
p2_N2_S2.74,2540.0,34.01,14.0,1,209.8
p2_N2_S2.75,2550.0,21.26,6.0,1,191.62
p2_N2_S2.76,2560.0,16.67,0.0,0,198.46
p2_E_W.81,2103.0,453.39,249.0,15,908.97
p2_S2_N2.73,2530.0,43.55,15.0,2,232.78
p2_N2_S2.77,2570.0,6.72,0.0,0,156.09
p2_E_W.82,2106.0,452.74,246.0,14,901.46
p1_W_E.529,2259.0,302.01,177.0,7,675.19
p2_E_W.83,2109.0,450.52,237.0,15,905.12
p1_W_E.530,2262.0,300.82,169.0,8,682.92
p2_E_W.84,2112.0,450.36,234.0,15,891.09
p2_E_W.85,2115.0,449.32,227.0,16,884.22
p2_N1_E.20,2403.0,160.45,59.0,7,492.18
p1_W_S2.53,2265.0,302.42,172.0,7,684.96
p2_N1_S1.71,2510.0,81.57,31.0,3,283.98
p1_W_E.531,2268.0,298.88,170.0,8,682.21
p2_S1_N1.77,2570.0,20.48,10.0,1,192.05
p2_N1_S1.72,2520.0,73.26,28.0,3,271.96
p1_W_E.532,2271.0,300.22,169.0,8,682.33
p2_S1_N1.78,2580.0,14.05,3.0,1,190.98
p1_W_E.533,2274.0,299.94,164.0,8,670.22
p2_S1_N1.79,2590.0,5.85,0.0,0,151.27
p2_S2_N2.74,2540.0,60.77,32.0,2,261.77
p2_N2_S2.78,2580.0,21.14,9.0,1,187.78
p2_N1_S1.73,2530.0,72.16,24.0,3,276.45
p2_S2_N2.75,2550.0,52.44,29.0,2,241.04
p2_N2_S2.79,2590.0,13.21,1.0,1,176.73
p2_N2_S2.80,2600.0,6.06,0.0,0,152.38
p2_N1_S1.74,2540.0,58.89,20.0,2,255.71
p2_E_W.86,2118.0,465.84,236.0,17,910.71
p2_E_W.87,2121.0,470.96,223.0,17,914.87
p2_E_W.88,2124.0,469.77,223.0,20,922.96
p2_S2_W.16,2283.0,312.0,185.0,11,713.61
p2_N2_S2.81,2610.0,6.15,0.0,0,151.17
p2_N1_S1.75,2550.0,72.42,30.0,3,273.44
p2_S2_N2.76,2560.0,62.98,32.0,3,259.6
p2_S2_N2.77,2570.0,54.99,26.0,2,242.88
p2_S1_N1.80,2600.0,17.92,6.0,1,189.33
p2_N2_S2.82,2620.0,6.37,0.0,0,145.63
p2_S1_N1.81,2610.0,15.13,3.0,1,192.61
p2_S2_N2.78,2580.0,44.21,24.0,2,223.34
p2_S1_N1.82,2620.0,7.49,0.0,0,159.46
p2_S2_N2.79,2590.0,41.72,20.0,2,223.48
p2_S1_N1.83,2630.0,5.34,0.0,0,149.22
p2_N1_S1.76,2560.0,69.67,24.0,4,264.96
p2_N1_S1.77,2570.0,67.54,20.0,3,266.82
p2_N1_E.21,2433.0,183.62,91.0,9,515.34
p1_W_E.534,2277.0,342.08,201.0,9,729.57
p2_E_W.89,2127.0,491.78,242.0,18,954.45
p1_W_E.535,2280.0,341.09,201.0,9,731.5
p2_E_W.90,2136.0,484.94,237.0,18,949.94
p1_W_E.536,2283.0,338.67,197.0,8,719.88
p2_E_S1.9,2140.0,487.35,235.0,21,960.19
p1_W_E.537,2286.0,328.8,192.0,8,699.5
p1_W_E.538,2289.0,344.49,189.0,8,730.73
p2_S1_N1.84,2640.0,10.12,0.0,0,175.77
p2_N1_E.22,2463.0,160.63,77.0,9,474.52
p2_N1_S1.78,2580.0,70.15,31.0,3,266.68
p2_N2_S2.83,2630.0,26.38,15.0,1,206.12
p2_S1_N1.85,2650.0,4.97,0.0,0,150.74
p2_N2_S2.84,2640.0,18.92,8.0,1,195.92
p2_N2_S2.85,2650.0,10.41,0.0,0,174.47
p2_S2_N2.80,2600.0,50.2,28.0,2,239.6
p2_N1_S1.79,2590.0,70.14,26.0,3,259.61
p2_S2_N2.81,2610.0,55.29,27.0,2,244.98
p2_N1_S1.80,2600.0,65.23,18.0,2,255.39
p2_N1_E.23,2493.0,153.91,77.0,6,469.94
p2_E_W.91,2144.0,506.56,240.0,19,981.49
p1_W_E.539,2292.0,353.31,206.0,10,745.91
p2_E_W.92,2150.0,502.42,238.0,20,968.94
p1_W_E.540,2295.0,358.52,204.0,10,770.42
p2_E_W.93,2163.0,491.29,231.0,16,945.49
p1_W_S2.54,2298.0,353.45,199.0,9,764.47
p1_W_E.541,2301.0,355.64,197.0,9,781.65
p2_S2_W.17,2313.0,341.11,192.0,13,741.08
p2_N1_E.24,2523.0,134.76,64.0,5,452.04
p1_W_E.542,2304.0,354.19,201.0,10,769.37
p2_N1_S1.81,2610.0,74.83,29.0,3,264.92
p2_S1_N1.86,2660.0,22.18,13.0,1,194.87
p2_S2_N2.82,2620.0,67.56,42.0,3,274.53
p2_N2_S2.86,2660.0,27.59,15.0,1,202.61
p2_S1_N1.87,2670.0,16.3,4.0,1,190.26
p2_S2_N2.83,2630.0,58.18,36.0,2,254.5
p2_N2_S2.87,2670.0,17.0,5.0,1,181.82
p2_N2_S2.88,2680.0,13.23,0.0,0,191.54
p2_S1_N1.88,2680.0,6.52,0.0,0,154.51
p2_N2_S2.89,2690.0,5.96,0.0,0,155.45
p2_N1_S1.82,2620.0,76.36,31.0,4,267.58
p2_S2_N2.84,2640.0,47.13,27.0,2,228.47
p2_N1_S1.83,2630.0,66.32,22.0,3,245.36
p2_N1_S1.84,2640.0,63.76,21.0,3,254.41
p2_S2_N2.85,2650.0,50.98,23.0,2,235.27
p2_S1_N1.89,2690.0,5.99,0.0,0,150.6
p2_S2_N2.86,2660.0,43.36,16.0,1,212.94
p2_S2_W.18,2343.0,341.78,182.0,14,747.58
p1_W_E.543,2307.0,382.37,219.0,11,804.73
p2_E_W.94,2166.0,517.28,246.0,17,992.49
p1_W_E.544,2310.0,381.55,212.0,12,797.28
p2_E_W.95,2169.0,517.4,245.0,18,993.55
p1_W_E.545,2313.0,380.53,210.0,11,791.29
p2_E_W.96,2172.0,522.03,239.0,16,991.02
p2_N1_S1.85,2650.0,70.63,30.0,4,277.08
p2_S1_N1.90,2700.0,20.14,10.0,1,193.7
p2_S1_N1.91,2710.0,12.29,2.0,1,178.17
p2_N1_S1.86,2660.0,62.82,19.0,2,266.87
p2_N1_E.25,2553.0,127.18,57.0,7,422.1
p1_W_E.546,2316.0,384.96,204.0,12,808.64
p2_N1_S1.87,2670.0,50.58,18.0,3,234.06
p2_S1_N1.92,2720.0,5.6,0.0,0,153.28
p1_W_E.547,2319.0,386.36,197.0,11,818.52
p1_W_E.548,2322.0,387.04,195.0,12,826.48
p2_N2_S2.90,2700.0,31.39,17.0,1,211.94
p2_N1_S1.88,2680.0,53.5,17.0,2,251.09
p2_N2_S2.91,2710.0,23.64,10.0,1,191.88
p2_N2_S2.92,2720.0,15.55,1.0,1,178.04
p2_S2_N2.87,2670.0,51.68,28.0,2,235.97
p2_N2_S2.93,2730.0,7.56,0.0,0,156.43
p2_E_W.97,2175.0,542.09,252.0,20,1032.18
p2_S2_W.19,2373.0,345.67,174.0,16,752.37
p2_E_W.98,2178.0,541.57,264.0,20,1021.48
p2_N2_S2.94,2740.0,6.54,0.0,0,151.97
p2_N1_S1.89,2690.0,61.24,22.0,2,260.36
p2_E_W.99,2183.0,528.01,253.0,22,1002.96
p2_E_W.100,2202.0,512.34,251.0,21,990.67
p2_S2_N2.88,2680.0,72.85,42.0,3,265.08
p2_S1_N1.93,2730.0,19.29,7.0,1,187.49
p2_N1_S1.90,2700.0,51.87,21.0,2,242.08
p2_S1_N1.94,2740.0,14.75,3.0,1,181.76
p2_S2_N2.89,2690.0,65.35,32.0,2,253.77
p2_S1_N1.95,2750.0,6.5,0.0,0,150.16
p2_S2_N2.90,2700.0,57.09,31.0,2,247.15
p2_N2_S2.95,2750.0,5.98,0.0,0,149.4
p1_W_E.549,2325.0,419.87,227.0,12,837.37
p2_S2_W.20,2403.0,336.73,171.0,17,723.51
p2_S2_W.21,2433.0,312.59,139.0,16,688.02
p2_N1_E.26,2583.0,163.68,84.0,7,469.91
p1_W_E.550,2328.0,418.23,234.0,12,838.81
p1_W_S2.55,2331.0,420.49,227.0,15,846.69
p2_N2_S2.96,2760.0,18.93,9.0,1,185.53
p2_N2_S2.97,2770.0,11.56,0.0,0,174.9
p2_S2_N2.91,2710.0,66.11,42.0,3,261.41
p2_S2_N2.92,2720.0,64.92,32.0,3,263.81
p2_S2_N2.93,2730.0,56.58,24.0,2,261.08
p2_E_S1.10,2245.0,524.72,260.0,21,1003.0
p2_N2_S2.98,2780.0,6.48,0.0,0,153.68
p2_N1_S1.91,2710.0,84.17,45.0,3,286.0
p2_S2_N2.94,2740.0,55.5,24.0,3,250.26
p2_S1_N1.96,2760.0,34.55,19.0,1,212.65
p2_N2_S2.99,2790.0,6.12,0.0,0,154.74
p2_S2_N2.95,2750.0,47.4,18.0,3,239.32
p2_S1_N1.97,2770.0,26.63,12.0,1,208.49
p2_N1_S1.92,2720.0,74.02,42.0,3,272.95
p2_N1_S1.93,2730.0,70.26,37.0,2,282.4
p2_S1_N1.98,2780.0,15.75,3.0,1,176.55
p2_S2_N2.96,2760.0,37.06,9.0,2,216.3
p2_S1_N1.99,2790.0,13.0,0.0,0,185.59
p2_N1_S1.94,2740.0,62.21,37.0,2,248.59
p1_W_E.551,2360.0,421.74,230.0,15,844.77
p1_W_E.552,2363.0,427.4,223.0,14,852.61
p2_E_W.101,2248.0,537.29,264.0,20,1014.9
p1_W_E.553,2366.0,426.13,218.0,12,858.7
p2_N1_E.27,2613.0,180.25,100.0,7,521.15
p2_E_W.102,2251.0,531.71,265.0,22,1001.18
p2_S2_W.22,2463.0,333.78,155.0,15,723.5
p2_S2_W.23,2493.0,305.17,130.0,17,696.36
p2_S2_N2.97,2770.0,51.1,22.0,3,245.73
p2_E_W.103,2254.0,544.46,260.0,22,1062.49
p2_N2_S2.100,2800.0,19.04,6.0,1,178.85
p2_S2_N2.98,2780.0,43.26,13.0,2,234.95
p2_E_W.104,2257.0,545.52,260.0,21,1021.97
p2_S2_N2.99,2790.0,35.26,10.0,1,215.71
p2_N2_S2.101,2810.0,8.94,0.0,0,163.0
p2_E_W.105,2261.0,530.12,249.0,23,1002.48
p2_N2_S2.102,2820.0,5.96,0.0,0,151.94
p2_S2_W.24,2523.0,266.69,109.0,14,626.45
p2_N1_E.28,2643.0,169.0,93.0,7,483.21
p2_E_W.106,2264.0,549.28,254.0,21,1036.89
p1_W_E.554,2371.0,444.02,237.0,14,875.29
p2_E_W.107,2271.0,527.18,246.0,21,1006.85
p1_W_E.555,2376.0,440.9,231.0,13,867.0
p2_S2_W.25,2553.0,263.38,110.0,11,613.84
p1_W_E.556,2379.0,439.63,217.0,13,863.98
p2_S2_W.26,2583.0,229.5,95.0,10,575.27
p2_E_W.108,2305.0,507.82,251.0,21,975.7
p2_E_S1.11,2315.0,502.39,225.0,15,957.58
p2_E_W.109,2309.0,512.79,241.0,16,971.81
p2_E_W.110,2312.0,512.06,236.0,18,975.54
p2_S2_N2.100,2800.0,46.3,20.0,2,243.88
p2_N2_S2.103,2830.0,16.72,5.0,1,187.29
p2_S2_W.27,2613.0,211.3,76.0,10,562.61
p2_S2_N2.101,2810.0,38.34,17.0,2,219.88
p2_E_W.111,2322.0,505.56,237.0,18,977.85
p2_N2_S2.104,2840.0,8.96,0.0,0,174.74
p2_S2_N2.102,2820.0,30.23,9.0,1,207.02
p2_E_W.112,2332.0,494.49,224.0,17,959.77
p2_E_W.113,2335.0,496.09,223.0,15,970.14
p2_S2_W.28,2642.0,187.11,69.0,10,501.55
p2_E_W.114,2338.0,496.66,235.0,14,955.2
p2_E_W.115,2341.0,495.41,235.0,16,953.04
p2_E_W.116,2344.0,494.06,228.0,13,947.3
p1_W_E.557,2382.0,456.34,226.0,16,910.1
p2_E_W.117,2347.0,492.8,227.0,15,939.31
p1_W_E.558,2385.0,455.33,219.0,14,887.87
p2_E_W.118,2350.0,490.79,220.0,15,935.65
p2_N1_E.29,2673.0,168.84,86.0,7,487.21
p2_S2_W.29,2673.0,161.51,67.0,6,452.52
p1_W_E.559,2388.0,456.43,228.0,16,893.36
p2_S2_W.30,2703.0,142.36,54.0,6,444.07
p1_W_E.560,2391.0,454.38,224.0,16,869.99
p2_E_W.119,2353.0,489.62,239.0,14,927.67
p2_E_W.120,2356.0,493.31,238.0,15,934.23
p2_S2_W.31,2733.0,117.74,42.0,5,420.45
p1_W_E.561,2401.0,450.89,217.0,15,879.28
p2_N1_S1.95,2750.0,123.13,93.0,3,345.43
p2_N1_S1.96,2760.0,114.51,89.0,2,336.47
p1_W_S2.56,2394.0,446.72,215.0,18,878.63
p2_N1_E.30,2703.0,148.48,62.0,8,461.91
p2_S1_N1.100,2800.0,80.99,66.0,2,282.21
p2_N2_S2.105,2850.0,32.63,21.0,1,212.02
p2_S2_N2.103,2830.0,51.21,30.0,2,233.77
p2_S1_N1.101,2810.0,71.81,56.0,2,267.13
p2_S2_N2.104,2840.0,43.58,23.0,2,227.58
p2_N2_S2.106,2860.0,23.66,12.0,1,187.19
p2_S1_N1.102,2820.0,63.35,46.0,2,257.96
p2_N2_S2.107,2870.0,17.69,5.0,1,189.79
p2_N2_S2.108,2880.0,6.52,0.0,0,154.3
p2_S2_N2.105,2850.0,30.69,19.0,1,201.28
p2_S2_W.32,2763.0,101.24,40.0,5,388.6
p2_S2_N2.106,2860.0,35.37,18.0,1,221.28
p1_W_E.562,2409.0,470.17,222.0,18,932.19
p1_W_E.563,2414.0,457.64,216.0,18,905.72
p1_W_E.564,2419.0,462.2,202.0,18,906.19
p2_E_S1.12,2359.0,528.85,287.0,17,998.86
p1_W_E.565,2426.0,463.7,202.0,21,894.02
p1_W_E.566,2486.0,400.3,153.0,19,832.07
p2_S1_N1.103,2830.0,83.0,57.0,4,287.23
p1_W_E.567,2489.0,404.38,148.0,22,841.6
p1_W_E.568,2493.0,401.98,146.0,23,829.21
p2_N1_S1.97,2770.0,139.26,108.0,5,370.18
p2_E_W.121,2368.0,527.84,281.0,18,994.1
p1_W_E.569,2501.0,395.67,139.0,18,804.57
p1_W_S2.57,2531.0,365.86,116.0,16,753.4
p2_E_W.122,2371.0,526.78,274.0,18,1009.37
p1_W_E.570,2527.0,371.53,124.0,17,763.13
p1_W_E.571,2534.0,366.21,111.0,15,758.19
p2_E_W.123,2375.0,522.44,272.0,19,998.19
p1_W_E.572,2542.0,360.02,105.0,17,741.5
p2_S2_W.33,2793.0,107.44,38.0,5,399.34
p2_E_W.124,2378.0,522.66,271.0,17,1004.35
p2_S2_N2.107,2870.0,58.15,36.0,2,254.84
p2_S2_W.34,2823.0,83.68,27.0,4,362.75
p2_S2_N2.108,2880.0,50.38,28.0,2,243.39
p2_E_W.125,2381.0,520.9,278.0,15,967.1
p2_E_W.126,2384.0,524.08,274.0,17,967.53
p2_E_W.127,2389.0,524.82,264.0,15,965.86
p2_E_W.128,2400.0,513.83,261.0,15,941.55
p2_N2_S2.109,2890.0,30.05,16.0,1,207.06
p2_E_W.129,2403.0,508.76,257.0,18,952.26
p2_N2_S2.110,2900.0,39.75,16.0,1,209.0
p2_E_W.130,2406.0,513.07,254.0,15,951.27
p2_E_S1.13,2409.0,510.41,254.0,16,955.08
p2_N2_S2.111,2910.0,29.22,10.0,1,204.0
p2_E_W.131,2412.0,508.97,251.0,15,931.43
p2_N2_S2.112,2920.0,21.61,1.0,1,206.87
p2_E_W.132,2415.0,508.13,250.0,19,932.14
p1_W_E.573,2562.0,350.63,112.0,15,733.23
p2_N1_E.31,2732.0,193.33,80.0,7,542.46
p1_W_E.574,2566.0,361.5,118.0,17,778.48
p2_S1_N1.104,2840.0,110.53,78.0,5,334.63
p1_W_E.575,2569.0,355.79,114.0,22,791.01
p2_N1_S1.98,2780.0,170.89,132.0,6,424.7
p1_W_E.576,2573.0,358.09,114.0,18,778.86
p2_S1_N1.105,2850.0,102.52,68.0,5,318.9
p2_N1_S1.99,2790.0,163.04,119.0,6,402.74
p1_W_E.577,2580.0,352.82,102.0,16,751.99
p1_W_E.578,2599.0,335.54,96.0,14,736.14
p2_S1_N1.106,2860.0,92.06,59.0,5,301.24
p2_S1_N1.107,2870.0,87.89,49.0,4,301.89
p2_S1_N1.108,2880.0,79.64,43.0,3,289.84
p2_S2_N2.109,2890.0,69.66,44.0,3,263.89
p2_N2_S2.113,2930.0,28.56,19.0,1,201.94
p2_S1_N1.109,2890.0,68.08,41.0,3,252.82
p2_N2_S2.114,2940.0,22.29,10.0,1,191.55
p2_S1_N1.110,2900.0,63.82,34.0,3,264.07
p2_N2_S2.115,2950.0,14.23,2.0,1,186.0
p2_S2_N2.110,2900.0,57.76,37.0,3,247.98
p2_S1_N1.111,2910.0,54.05,30.0,2,245.92
p2_S2_N2.111,2910.0,56.99,30.0,2,260.81
p2_N2_S2.116,2960.0,6.39,0.0,0,152.35
p2_S1_N1.112,2920.0,40.01,25.0,1,216.59
p2_S1_N1.113,2930.0,43.96,25.0,1,225.23
p2_S2_N2.112,2920.0,50.35,20.0,2,245.63
p2_S1_N1.114,2940.0,35.59,15.0,1,211.89
p1_W_E.579,2602.0,353.92,108.0,19,757.27
p2_S1_N1.115,2950.0,27.27,6.0,1,202.6
p2_S1_N1.116,2960.0,15.67,0.0,0,188.85
p1_W_E.580,2608.0,347.33,106.0,17,737.06
p2_S1_N1.117,2970.0,11.04,0.0,0,174.78
p2_N1_S1.100,2800.0,179.7,128.0,6,442.49
p1_W_S2.58,2614.0,345.45,101.0,18,728.67
p2_N1_S1.101,2810.0,173.61,125.0,6,420.43
p1_W_E.581,2631.0,329.91,102.0,13,705.04
p2_S1_N1.118,2980.0,5.9,0.0,0,147.13
p1_W_E.582,2634.0,331.7,97.0,14,705.07
p1_W_E.583,2637.0,330.66,94.0,13,709.83
p2_N1_S1.102,2820.0,162.63,115.0,6,411.97
p2_N1_S1.103,2830.0,160.58,108.0,6,402.91
p1_W_E.584,2641.0,327.1,91.0,14,701.63
p2_N1_S1.104,2840.0,152.39,97.0,5,391.12
p1_W_E.585,2649.0,322.38,86.0,15,706.09
p2_S1_N1.119,2990.0,5.8,0.0,0,150.5
p2_N2_S2.117,2970.0,30.28,19.0,1,208.86
p2_N1_E.32,2763.0,198.64,120.0,6,529.21
p2_S2_N2.113,2930.0,70.39,34.0,2,263.4
p2_N1_S1.105,2850.0,137.71,86.0,6,363.89
p2_S2_N2.114,2940.0,62.1,33.0,2,258.13
p2_N1_S1.106,2860.0,143.88,78.0,6,386.58
p2_S1_N1.120,3000.0,5.39,0.0,0,148.6
p2_N1_S1.107,2870.0,132.64,67.0,6,359.12
p2_N1_S1.108,2880.0,130.44,59.0,5,356.73
p2_N2_S2.118,2980.0,14.74,3.0,1,176.82
p2_S2_N2.115,2950.0,61.93,28.0,2,256.95
p2_N2_S2.119,2990.0,17.89,1.0,1,190.24
p2_N2_S2.120,3000.0,14.64,0.0,0,186.66
p2_E_W.133,2418.0,567.29,303.0,18,1028.72
p2_S2_W.35,2853.0,143.01,86.0,4,462.82
p2_E_W.134,2421.0,577.44,306.0,18,1082.35
p2_E_W.135,2425.0,575.02,304.0,17,1065.43
p2_E_W.136,2435.0,566.71,296.0,17,1057.89
p2_S1_N1.121,3010.0,16.68,4.0,1,186.24
p2_S1_N1.122,3020.0,7.86,0.0,0,166.14
p1_W_E.586,2666.0,309.18,118.0,16,710.61
p2_N1_S1.109,2890.0,144.56,65.0,6,377.47
p1_W_E.587,2670.0,341.42,104.0,18,717.92
p1_W_S2.59,2700.0,300.84,95.0,17,658.06
p2_S1_N1.123,3030.0,5.42,0.0,0,154.2
p1_W_E.588,2674.0,341.34,97.0,18,724.75
p2_N1_S1.110,2900.0,135.15,56.0,6,355.58
p2_N2_S2.121,3010.0,26.98,16.0,1,208.93
p1_W_E.589,2680.0,334.9,88.0,16,708.0
p2_S2_N2.116,2960.0,75.66,41.0,3,274.13
p2_N2_S2.122,3020.0,18.77,6.0,1,189.16
p2_N1_S1.111,2910.0,127.91,56.0,4,359.37
p2_S2_N2.117,2970.0,69.67,37.0,2,264.66
p1_W_E.590,2697.0,321.79,91.0,15,698.02
p2_N2_S2.123,3030.0,10.69,0.0,0,173.63
p2_N1_S1.112,2920.0,123.38,54.0,5,355.51
p2_E_W.137,2438.0,589.81,316.0,19,1074.77
p2_E_W.138,2441.0,588.53,309.0,20,1070.7
p2_N2_S2.124,3040.0,5.96,0.0,0,144.38
p2_E_W.139,2444.0,584.24,305.0,17,1055.89
p2_E_W.140,2448.0,587.14,302.0,18,1063.94
p2_E_S1.14,2455.0,581.46,290.0,17,1051.03
p2_W_N1.0,2777.0,280.51,128.0,11,569.75
p1_W_E.591,2704.0,329.2,115.0,18,699.45
p2_N1_S1.113,2930.0,132.59,61.0,6,369.16
p1_W_E.592,2711.0,328.68,105.0,17,710.68
p2_N1_S1.114,2940.0,124.31,56.0,4,348.38
p2_S1_N1.124,3040.0,19.33,9.0,1,190.45
p1_W_E.593,2729.0,315.48,100.0,13,699.74
p2_S1_N1.125,3050.0,15.66,3.0,1,191.9
p1_W_E.594,2733.0,307.24,99.0,14,670.84
p2_S1_N1.126,3060.0,5.92,0.0,0,155.02
p1_W_E.595,2736.0,302.5,94.0,11,681.77
p2_N1_E.33,2793.0,258.12,175.0,10,631.92
p2_N1_S1.115,2950.0,123.43,52.0,4,352.12
p2_N1_E.34,2823.0,215.77,143.0,8,555.98
p2_N1_S1.116,2960.0,110.45,44.0,4,323.09
p2_N2_S2.125,3050.0,25.08,12.0,1,189.14
p2_N1_S1.117,2970.0,110.73,38.0,4,337.92
p2_N2_S2.126,3060.0,21.29,9.0,1,200.53
p2_S1_N1.127,3070.0,6.15,0.0,0,151.22
p2_N1_S1.118,2980.0,104.25,27.0,4,334.02
p2_N2_S2.127,3070.0,7.09,0.0,0,158.39
p2_N2_S2.128,3080.0,6.37,0.0,0,151.7
p2_E_W.141,2480.0,586.77,301.0,18,1083.08
p2_E_W.142,2484.0,585.76,297.0,19,1079.92
p2_N2_S2.129,3090.0,5.3,0.0,0,153.37
p2_E_W.143,2489.0,585.54,294.0,19,1050.63
p2_S2_N2.118,2980.0,112.91,80.0,3,323.18
p2_E_W.144,2496.0,580.41,288.0,18,1059.01
p2_S2_N2.119,2990.0,108.1,75.0,3,324.99
p2_S2_N2.120,3000.0,99.04,65.0,3,315.65
p2_S2_N2.121,3010.0,93.26,60.0,2,303.58
p2_S1_N1.128,3080.0,23.71,12.0,1,193.7
p2_S2_N2.122,3020.0,85.18,59.0,2,280.56
p2_S1_N1.129,3090.0,15.58,4.0,1,181.89
p2_N1_S1.119,2990.0,111.27,36.0,5,346.42
p2_N2_S2.130,3100.0,6.68,0.0,0,148.27
p2_S1_N1.130,3100.0,5.64,0.0,0,153.05
p2_S2_N2.123,3030.0,74.21,50.0,2,266.2
p2_N1_S1.120,3000.0,100.25,32.0,5,326.74
p2_N1_S1.121,3010.0,104.02,26.0,4,317.92
p2_N1_S1.122,3020.0,96.47,18.0,4,305.69
p2_S1_N1.131,3110.0,6.09,0.0,0,149.87
p2_N1_S1.123,3030.0,88.21,16.0,4,279.49
p2_N1_E.35,2853.0,228.35,149.0,10,587.36
p1_W_E.596,2743.0,360.15,175.0,11,752.96
p1_W_E.597,2759.0,345.81,169.0,10,739.77
p2_E_W.145,2548.0,556.16,273.0,18,1016.89
p1_W_E.598,2762.0,344.06,167.0,12,757.89
p2_S2_W.36,2883.0,224.32,136.0,6,582.11
p1_W_E.599,2765.0,334.16,161.0,10,736.49
p2_N1_E.36,2883.0,226.95,123.0,9,593.15
p2_N1_E.37,2913.0,198.65,99.0,6,547.32
p2_W_E.0,2769.0,344.88,165.0,13,760.89
p2_W_N1.1,2811.0,325.36,165.0,10,656.4
p2_N1_E.38,2943.0,163.82,82.0,6,494.36
p2_N1_E.39,2973.0,142.81,54.0,6,477.51
p2_N1_S1.124,3040.0,98.82,27.0,4,299.9
p2_W_E.1,2794.0,325.57,165.0,11,747.1
p2_E_W.146,2553.0,539.99,267.0,16,999.82
p2_S1_N1.132,3120.0,18.31,5.0,1,186.89
p2_S1_N1.133,3130.0,10.87,0.0,0,175.46
p2_W_E.2,2798.0,323.33,157.0,11,725.52
p2_E_W.147,2560.0,553.3,258.0,19,1018.38
p2_W_E.3,2801.0,322.0,153.0,14,717.08
p2_N1_S1.125,3050.0,87.76,26.0,3,289.48
p2_W_E.4,2805.0,318.25,146.0,10,714.84
p2_N1_S1.126,3060.0,85.34,23.0,3,297.56
p2_N1_E.40,3003.0,123.16,31.0,4,435.77
p2_N1_E.41,3033.0,91.14,16.0,3,348.8
p2_S1_N1.134,3140.0,5.72,0.0,0,147.98
p2_S1_N1.135,3150.0,5.85,0.0,0,154.32
p2_N1_S1.127,3070.0,78.4,22.0,4,283.27
p2_N1_S1.128,3080.0,78.97,20.0,3,306.27
p2_E_W.148,2595.0,550.37,269.0,19,1016.93
p2_N1_S1.129,3090.0,59.3,16.0,2,248.35
p2_E_W.149,2602.0,545.75,261.0,18,1007.84
p2_N1_S1.130,3100.0,70.21,15.0,2,270.76
p2_E_W.150,2613.0,536.54,256.0,16,996.28
p2_S2_N2.124,3040.0,138.12,109.0,3,376.36
p2_N2_S2.131,3110.0,67.97,57.0,1,254.99
p2_E_S1.15,2638.0,515.04,240.0,17,962.63
p2_S1_N1.136,3160.0,21.42,10.0,1,189.5
p2_N1_S1.131,3110.0,69.91,27.0,3,274.39
p2_N2_S2.132,3120.0,58.76,47.0,1,246.37
p2_N2_S2.133,3130.0,53.75,42.0,1,249.15
p2_S1_N1.137,3170.0,13.16,2.0,1,180.68
p2_S2_N2.125,3050.0,127.54,105.0,2,350.62
p2_N1_S1.132,3120.0,64.05,19.0,2,268.13
p2_S1_N1.138,3180.0,5.77,0.0,0,147.43
p2_S2_N2.126,3060.0,122.51,98.0,2,351.4
p2_N2_S2.134,3140.0,39.33,29.0,1,221.7
p2_N2_S2.135,3150.0,33.37,19.0,1,209.85
p2_N2_S2.136,3160.0,32.9,15.0,1,207.96
p2_N1_S1.133,3130.0,59.58,18.0,2,247.9
p2_N2_S2.137,3170.0,24.64,7.0,1,200.51
p2_N2_S2.138,3180.0,16.37,0.0,0,198.84
p2_E_W.151,2646.0,527.16,256.0,20,984.49
p2_S2_W.37,2913.0,262.91,168.0,9,616.18
p2_S2_N2.127,3070.0,122.44,95.0,4,353.43
p2_E_W.152,2653.0,522.79,258.0,19,1003.06
p2_S2_N2.128,3080.0,125.9,86.0,3,373.37
p2_E_W.153,2675.0,510.63,251.0,18,974.56
p2_S2_N2.129,3090.0,117.6,78.0,3,360.05
p2_N2_S2.139,3190.0,6.04,0.0,0,150.84
p2_W_N1.2,2851.0,357.32,201.0,15,672.61
p2_N2_S2.140,3200.0,9.99,0.0,0,160.9
p2_S2_N2.130,3100.0,112.33,71.0,4,343.64
p2_S1_N1.139,3190.0,19.81,10.0,1,190.54
p2_N1_S1.134,3140.0,70.5,32.0,3,276.2
p2_S2_N2.131,3110.0,103.35,61.0,2,323.74
p2_S1_N1.140,3200.0,14.12,2.0,1,189.6
p2_N1_S1.135,3150.0,65.0,25.0,3,266.92
p2_S2_N2.132,3120.0,96.1,59.0,2,309.46
p2_N2_S2.141,3210.0,5.88,0.0,0,147.71
p2_S1_N1.141,3210.0,5.56,0.0,0,150.66
p2_S2_N2.133,3130.0,89.9,58.0,2,297.81
p2_S2_N2.134,3140.0,80.14,46.0,1,277.18
p2_N1_S1.136,3160.0,62.69,21.0,2,254.72
p2_N2_S2.142,3220.0,5.58,0.0,0,148.2
p2_E_W.154,2682.0,524.05,260.0,16,987.31
p2_S2_N2.135,3150.0,67.03,35.0,1,259.91
p2_E_W.155,2727.0,478.67,220.0,16,931.62
p2_S2_N2.136,3160.0,72.0,33.0,1,275.47
p2_E_W.156,2731.0,475.98,219.0,15,933.31
p2_S2_N2.137,3170.0,66.51,25.0,1,279.92
p2_E_W.157,2736.0,479.5,213.0,16,943.56
p2_S2_N2.138,3180.0,56.75,19.0,2,252.52
p2_E_W.158,2743.0,465.32,206.0,14,905.53
p2_N1_S1.137,3170.0,72.6,33.0,3,264.76
p2_W_N1.3,2867.0,370.16,190.0,15,710.7
p2_N1_S1.138,3180.0,64.44,27.0,3,263.71
p2_S1_N1.142,3220.0,24.57,10.0,1,195.53
p2_S1_N1.143,3230.0,16.29,2.0,1,199.74
p2_S1_N1.144,3240.0,7.99,0.0,0,167.7
p2_N1_E.42,3063.0,143.33,82.0,5,435.0
p2_N1_E.43,3093.0,129.62,68.0,3,417.23
p2_N1_S1.139,3190.0,63.1,22.0,2,267.69
p2_W_E.5,2827.0,380.9,233.0,13,795.34
p2_N1_S1.140,3200.0,55.05,20.0,2,241.09
p2_N2_S2.143,3230.0,22.98,13.0,1,198.52
p2_W_E.6,2831.0,404.81,227.0,13,808.19
p2_N2_S2.144,3240.0,16.78,6.0,1,188.59
p2_W_E.7,2834.0,403.64,223.0,16,815.01
p2_N2_S2.145,3250.0,7.36,0.0,0,168.61
p2_E_W.159,2758.0,479.8,222.0,18,939.45
p2_E_W.160,2766.0,475.1,220.0,17,917.66
p2_S2_N2.139,3190.0,74.08,28.0,3,279.36
p2_N2_S2.146,3260.0,5.78,0.0,0,150.93
p2_S2_N2.140,3200.0,61.27,15.0,3,245.16
p2_S2_N2.141,3210.0,53.36,13.0,2,244.46
p2_S1_N1.145,3250.0,22.25,10.0,1,190.68
p2_E_S1.16,2777.0,463.97,215.0,21,916.28
p2_S1_N1.146,3260.0,17.12,4.0,1,184.42
p2_N1_S1.141,3210.0,61.8,23.0,3,251.7
p2_S2_N2.142,3220.0,47.58,11.0,2,226.73
p2_S2_N2.143,3230.0,48.54,10.0,1,232.11
p2_S1_N1.147,3270.0,8.86,0.0,0,170.59
p2_N2_S2.147,3270.0,5.89,0.0,0,154.53
p2_S2_N2.144,3240.0,41.4,9.0,1,222.47
p2_S2_N2.145,3250.0,33.7,7.0,1,214.93
p2_N1_S1.142,3220.0,61.92,22.0,3,255.05
p2_N1_S1.143,3230.0,55.45,20.0,3,246.8
p2_S2_N2.146,3260.0,24.67,0.0,0,200.4
p2_S1_N1.148,3280.0,6.12,0.0,0,154.14
p2_N2_S2.148,3280.0,5.85,0.0,0,156.67
p2_S2_N2.147,3270.0,18.14,0.0,0,196.21
p2_S2_W.38,2943.0,326.74,174.0,12,697.91
p2_W_E.8,2841.0,429.47,246.0,13,854.77
p2_E_W.161,2799.0,472.9,221.0,19,927.13
p2_N1_E.44,3123.0,148.6,90.0,5,463.78
p2_E_W.162,2802.0,467.03,209.0,17,919.09
p2_E_W.163,2805.0,469.95,202.0,19,930.86
p2_N1_E.45,3153.0,113.1,60.0,4,406.14
p2_E_W.164,2810.0,469.89,210.0,22,925.21
p2_W_E.9,2854.0,426.78,244.0,16,863.01
p2_W_N1.4,2882.0,420.72,207.0,15,774.66
p2_W_E.10,2858.0,424.6,239.0,16,875.76
p2_W_E.11,2861.0,423.2,233.0,15,867.49
p2_S1_N1.149,3290.0,15.93,5.0,1,186.31
p2_W_E.12,2864.0,421.5,228.0,15,835.61
p2_N1_E.46,3183.0,104.2,48.0,4,411.39
p2_N2_S2.149,3290.0,21.4,9.0,1,191.95
p2_N1_S1.144,3240.0,59.95,25.0,3,250.06
p2_N1_S1.145,3250.0,63.73,19.0,2,259.51
p2_N1_S1.146,3260.0,52.22,19.0,2,246.57
p2_N1_S1.147,3270.0,47.0,16.0,2,249.92
p2_N2_S2.150,3300.0,9.37,0.0,0,173.94
p2_S1_N1.150,3300.0,6.71,0.0,0,154.16
p2_N2_S2.151,3310.0,6.06,0.0,0,149.69
p2_E_W.165,2819.0,481.66,214.0,21,939.2
p2_E_W.166,2856.0,444.1,183.0,18,882.67
p2_N2_S2.152,3320.0,5.93,0.0,0,145.56
p2_E_W.167,2863.0,444.15,179.0,17,877.59
p2_S2_N2.148,3280.0,42.93,25.0,2,211.62
p2_E_W.168,2895.0,413.89,156.0,15,832.65
p2_S2_N2.149,3290.0,37.02,19.0,2,214.75
p2_S2_N2.150,3300.0,32.25,13.0,2,219.22
p2_S2_N2.151,3310.0,24.06,7.0,1,197.67
p2_S2_N2.152,3320.0,15.71,1.0,1,190.07
p2_N2_S2.153,3330.0,6.05,0.0,0,163.23
p2_S2_N2.153,3330.0,7.48,0.0,0,162.14
p2_N1_S1.148,3280.0,53.08,22.0,2,239.38
p2_N1_S1.149,3290.0,50.33,22.0,2,230.75
p2_N1_S1.150,3300.0,41.2,19.0,2,237.32
p2_S1_N1.151,3310.0,17.06,6.0,1,183.74
p2_S1_N1.152,3320.0,16.6,1.0,1,193.71
p2_N2_S2.154,3340.0,6.07,0.0,0,151.65
p2_S2_N2.154,3340.0,6.25,0.0,0,148.24
p2_S2_W.39,2973.0,353.07,192.0,12,722.88
p2_S1_N1.153,3330.0,17.85,0.0,0,206.05
p2_S2_W.40,3003.0,323.36,170.0,14,701.78
p2_S2_W.41,3033.0,296.16,156.0,13,659.71
p2_W_E.13,2870.0,458.78,259.0,17,905.68
p2_E_W.169,2898.0,435.93,192.0,17,867.46
p2_W_E.14,2873.0,455.5,249.0,17,910.47
p2_W_N1.5,2905.0,452.77,215.0,19,819.0
p2_W_E.15,2876.0,459.02,244.0,18,906.02
p2_W_E.16,2879.0,460.64,235.0,17,895.29
p2_N1_S1.151,3310.0,51.45,23.0,2,237.5
p2_S1_N1.154,3340.0,21.62,10.0,1,194.46
p2_N1_E.47,3213.0,126.38,67.0,6,451.45
p2_N1_S1.152,3320.0,43.33,21.0,2,223.85
p2_N1_E.48,3243.0,99.64,47.0,4,391.19
p2_S1_N1.155,3350.0,12.45,2.0,1,178.91
p2_N1_E.49,3273.0,71.14,34.0,3,347.67
p2_N1_S1.153,3330.0,33.4,12.0,2,211.0
p2_S1_N1.156,3360.0,6.24,0.0,0,147.52
p2_S2_N2.155,3350.0,21.65,11.0,1,190.25
p2_E_W.170,2902.0,448.83,200.0,15,886.15
p2_N2_S2.155,3350.0,19.59,5.0,1,189.15
p2_N2_S2.156,3360.0,19.93,0.0,0,197.89
p2_S2_N2.156,3360.0,7.47,0.0,0,166.73
p2_N2_S2.157,3370.0,11.66,0.0,0,184.76
p2_S2_N2.157,3370.0,14.51,1.0,1,175.12
p2_W_N1.6,2940.0,445.16,183.0,16,807.1
p2_W_E.17,2885.0,480.37,241.0,20,944.08
p2_W_E.18,2888.0,475.49,239.0,19,920.03
p2_W_E.19,2898.0,475.48,227.0,18,919.82
p2_W_N1.7,2979.0,416.41,167.0,14,746.93
p2_W_E.20,2902.0,475.77,224.0,16,923.25
p2_N2_S2.158,3380.0,22.22,13.0,1,193.01
p2_S2_N2.158,3380.0,21.26,9.0,1,190.7
p2_N2_S2.159,3390.0,13.22,1.0,1,176.32
p2_W_N1.8,3008.0,397.99,153.0,15,735.64
p2_S2_N2.159,3390.0,15.38,4.0,1,186.28
p2_E_S1.17,2909.0,473.07,223.0,17,950.7
p2_S2_N2.160,3400.0,6.88,0.0,0,167.53
p2_S1_N1.157,3370.0,42.39,31.0,1,226.62
p2_N1_S1.154,3340.0,72.95,45.0,2,280.75
p2_N1_S1.155,3350.0,64.66,43.0,2,270.74
p2_S1_N1.158,3380.0,35.1,23.0,1,208.14
p2_N2_S2.160,3400.0,6.14,0.0,0,145.15
p2_N1_S1.156,3360.0,53.47,34.0,1,236.65
p2_N2_S2.161,3410.0,10.24,0.0,0,163.39
p2_S1_N1.159,3390.0,20.11,8.0,1,189.71
p2_E_W.171,2928.0,475.41,227.0,19,930.22
p2_S1_N1.160,3400.0,23.27,5.0,1,202.28
p2_E_W.172,2947.0,457.99,218.0,18,889.53
p2_E_W.173,2951.0,454.12,205.0,17,883.35
p2_N1_E.50,3303.0,90.96,51.0,4,385.9
p2_E_W.174,2954.0,456.71,217.0,19,896.57
p2_N1_E.51,3333.0,63.1,34.0,2,320.11
p2_S2_W.42,3063.0,346.69,195.0,15,744.08
p2_W_E.21,2908.0,499.9,241.0,19,921.97
p2_S2_W.43,3093.0,320.85,163.0,13,714.27
p2_W_E.22,2910.0,492.78,236.0,19,924.71
p2_S2_W.44,3123.0,292.38,144.0,13,650.03
p2_W_E.23,2913.0,504.26,227.0,19,940.54
p2_S2_W.45,3153.0,264.41,113.0,10,623.88
p2_W_E.24,2916.0,496.49,223.0,18,945.49
p2_E_W.175,2957.0,462.6,245.0,18,923.14
p2_W_E.25,2923.0,484.57,215.0,18,916.45
p2_E_W.176,2960.0,454.65,239.0,16,890.29
p2_W_E.26,2944.0,460.6,199.0,18,888.42
p2_E_W.177,2963.0,461.86,238.0,18,899.6
p2_N2_S2.162,3420.0,28.58,18.0,1,196.42
p2_W_E.27,2947.0,480.87,194.0,19,892.0
p2_E_W.178,2966.0,462.34,233.0,17,911.18
p2_W_E.28,2951.0,478.84,193.0,21,901.02
p2_S2_W.46,3183.0,246.54,93.0,10,592.17
p2_N2_S2.163,3430.0,20.02,9.0,1,192.45
p2_S2_W.47,3213.0,216.89,66.0,9,525.78
p2_S2_N2.161,3410.0,32.98,21.0,1,200.18
p2_N2_S2.164,3440.0,13.21,2.0,1,179.11
p2_S2_W.48,3243.0,184.38,60.0,9,501.57
p2_S2_N2.162,3420.0,35.24,18.0,1,222.46
p2_E_W.179,2969.0,466.62,245.0,16,934.09
p2_N2_S2.165,3450.0,5.82,0.0,0,148.31
p2_E_W.180,2972.0,465.39,240.0,16,929.67
p2_W_N1.9,3037.0,425.47,178.0,19,769.46
p2_S2_N2.163,3430.0,32.97,13.0,2,204.9
p2_S2_N2.164,3440.0,23.44,3.0,2,186.25
p2_W_E.29,2961.0,489.67,216.0,20,927.54
p2_W_N1.10,3140.0,334.26,108.0,12,649.1
p2_W_E.30,2983.0,464.44,200.0,18,886.05
p2_W_E.31,2988.0,469.1,199.0,18,898.37
p2_W_E.32,2994.0,464.84,193.0,20,893.94
p2_S2_N2.165,3450.0,34.19,14.0,2,217.03
p2_E_S1.18,2975.0,484.87,263.0,16,952.3
p2_N2_S2.166,3460.0,21.02,9.0,1,185.98
p2_N2_S2.167,3470.0,20.63,5.0,1,193.93
p2_W_N1.11,3193.0,286.48,80.0,15,577.75
p2_N1_S1.157,3370.0,120.48,97.0,2,348.9
p2_N2_S2.168,3480.0,12.35,0.0,0,172.17
p2_N1_S1.158,3380.0,112.93,91.0,2,347.28
p2_S2_N2.166,3460.0,34.62,13.0,2,212.73
p2_N1_S1.159,3390.0,100.37,80.0,2,311.74
p2_S2_N2.167,3470.0,26.09,8.0,1,200.55
p2_S1_N1.161,3410.0,70.73,58.0,1,258.18
p2_S1_N1.162,3420.0,78.76,58.0,1,275.05
p2_S1_N1.163,3430.0,71.8,51.0,1,271.17
p2_W_E.33,3005.0,476.32,205.0,19,926.17
p2_S1_N1.164,3440.0,50.54,36.0,1,233.54
p2_S1_N1.165,3450.0,49.55,32.0,1,243.89
p2_S1_N1.166,3460.0,43.49,25.0,1,241.14
p2_N1_E.52,3363.0,112.57,67.0,4,404.51
p2_S1_N1.167,3470.0,39.19,17.0,1,230.15
p2_W_E.34,3012.0,475.78,199.0,19,932.62
p2_S1_N1.168,3480.0,24.35,6.0,1,202.31
p2_W_E.35,3015.0,475.41,198.0,18,934.59
p2_N1_S1.160,3400.0,110.54,83.0,3,327.28
p2_S1_N1.169,3490.0,16.49,0.0,0,197.97
p2_N1_S1.161,3410.0,104.36,73.0,3,333.58
p2_W_E.36,3019.0,461.42,189.0,18,898.57
p2_N1_S1.162,3420.0,94.21,67.0,2,304.13
p2_W_E.37,3025.0,470.47,191.0,16,904.4
p2_W_E.38,3102.0,395.24,143.0,17,785.83
p2_S1_N1.170,3500.0,7.78,0.0,0,153.69
p2_N1_S1.163,3430.0,89.95,65.0,2,295.75
p2_S1_N1.171,3510.0,10.67,0.0,0,169.48
p2_N2_S2.169,3490.0,28.13,18.0,1,204.27
p2_N1_S1.164,3440.0,81.18,58.0,2,284.03
p2_S2_N2.168,3480.0,39.47,18.0,1,217.3
p2_N1_S1.165,3450.0,74.1,49.0,2,272.0
p2_N2_S2.170,3500.0,19.13,8.0,1,195.18
p2_N2_S2.171,3510.0,8.8,0.0,0,165.3
p2_E_W.181,2988.0,521.9,295.0,19,1010.98
p2_S2_N2.169,3490.0,42.17,19.0,2,223.68
p2_N2_S2.172,3520.0,11.88,0.0,0,159.93
p2_E_W.182,2992.0,519.76,284.0,16,1003.32
p2_S2_N2.170,3500.0,33.96,16.0,2,218.76
p2_E_W.183,2995.0,518.73,280.0,16,1015.7
p2_S2_N2.171,3510.0,24.7,8.0,2,201.15
p2_E_W.184,2998.0,517.69,278.0,17,1001.41
p2_S2_N2.172,3520.0,20.07,1.0,1,194.03
p2_S2_W.49,3273.0,238.02,123.0,12,581.18
p2_S2_N2.173,3530.0,10.0,0.0,0,168.65
p2_S1_N1.172,3520.0,23.01,12.0,1,193.55
p2_S1_N1.173,3530.0,17.31,4.0,1,189.38
p2_W_E.39,3105.0,422.43,165.0,22,847.09
p2_N1_S1.166,3460.0,79.93,51.0,3,281.47
p2_S1_N1.174,3540.0,9.13,0.0,0,171.45
p2_N2_S2.173,3530.0,6.69,0.0,0,151.68
p2_N1_S1.167,3470.0,80.93,44.0,3,294.63
p2_N1_S1.168,3480.0,72.86,36.0,3,277.23
p2_N1_S1.169,3490.0,64.55,26.0,3,267.51
p2_W_E.40,3109.0,412.2,167.0,19,830.2
p2_W_E.41,3115.0,412.59,163.0,16,829.61
p2_W_E.42,3149.0,371.44,142.0,16,781.1
p2_S2_W.50,3303.0,237.0,121.0,10,582.26
p2_W_E.43,3178.0,353.54,121.0,19,742.13
p2_S2_W.51,3333.0,208.63,107.0,7,544.93
p2_N1_S1.170,3500.0,48.09,12.0,3,236.57
p2_W_E.44,3182.0,356.0,124.0,19,749.41
p2_N1_S1.171,3510.0,53.94,9.0,2,249.82
p2_E_W.185,3001.0,543.95,316.0,17,1063.72
p2_W_E.45,3187.0,356.52,115.0,16,750.52
p2_N1_E.53,3393.0,141.17,105.0,4,457.5
p2_E_W.186,3004.0,538.06,308.0,16,1036.27
p2_N1_E.54,3423.0,126.07,80.0,3,445.6
p2_W_N1.12,3292.0,279.47,101.0,13,570.61
p2_N2_S2.174,3540.0,31.36,19.0,1,208.69
p2_N1_E.55,3453.0,93.67,52.0,3,377.63
p2_S2_N2.174,3540.0,28.74,19.0,1,201.5
p2_N2_S2.175,3550.0,23.91,12.0,1,200.66
p2_N2_S2.176,3560.0,15.65,3.0,1,188.67
p2_N2_S2.177,3570.0,7.45,0.0,0,163.43
p2_S2_N2.175,3550.0,33.32,17.0,2,215.13
p2_N1_S1.172,3520.0,65.23,20.0,5,270.99
p2_S1_N1.175,3550.0,17.64,6.0,1,176.26
p2_S1_N1.176,3560.0,26.78,4.0,1,181.42
p2_S1_N1.177,3570.0,18.5,0.0,0,187.04
p2_N2_S2.178,3580.0,5.82,0.0,0,153.09
p2_S2_N2.176,3560.0,20.46,2.0,2,188.8
p2_S2_N2.177,3570.0,22.14,0.0,0,203.29
p2_N1_S1.173,3530.0,52.22,19.0,3,243.66
p2_E_W.187,3007.0,561.2,325.0,17,1071.16
p2_E_W.188,3010.0,565.77,321.0,16,1070.9
p2_E_W.189,3013.0,560.51,316.0,19,1063.89
p2_S2_W.52,3363.0,215.75,107.0,10,559.54
p2_E_W.190,3016.0,565.03,326.0,20,1075.92
p2_N2_S2.179,3590.0,6.15,0.0,0,154.52
p2_N1_S1.174,3540.0,66.96,31.0,5,267.64
p2_S2_N2.178,3580.0,7.5,0.0,0,148.39
p2_S1_N1.178,3580.0,22.14,13.0,1,188.86
p2_S2_N2.179,3590.0,20.78,0.0,0,174.94
p2_S1_N1.179,3590.0,22.71,6.0,1,198.17
p2_N1_S1.175,3550.0,63.01,21.0,4,261.49
p2_W_N1.13,3334.0,285.31,105.0,11,589.53
p2_W_E.46,3222.0,377.85,170.0,18,802.23
p2_W_E.47,3255.0,350.78,148.0,15,759.37
p2_W_E.48,3259.0,348.49,144.0,13,763.47
p2_W_E.49,3262.0,347.26,143.0,15,744.05
p2_W_E.50,3269.0,341.3,141.0,14,723.4
p2_E_S1.19,3019.0,582.46,342.0,22,1082.75
p2_N1_S1.176,3560.0,75.38,31.0,5,286.35
p2_N1_S1.177,3570.0,67.14,28.0,3,271.2
p2_N1_E.56,3483.0,122.45,78.0,4,406.51
p2_N1_E.57,3513.0,104.91,47.0,5,393.61
p2_W_E.51,3317.0,302.85,123.0,12,692.79
p2_W_E.52,3320.0,301.57,120.0,12,700.17
p2_W_E.53,3324.0,299.33,113.0,11,698.5
p2_E_W.191,3022.0,601.6,344.0,20,1108.14
p2_N1_S1.178,3580.0,53.77,20.0,2,243.75
p2_W_E.54,3328.0,297.09,107.0,11,685.52
p2_E_W.192,3025.0,595.05,339.0,21,1106.03
p2_N1_E.58,3543.0,75.08,26.0,5,340.78
p2_S2_W.53,3393.0,230.33,121.0,10,571.91
p2_W_E.55,3348.0,271.22,107.0,13,611.58
p2_E_W.193,3029.0,597.78,346.0,22,1123.72
p2_W_E.56,3351.0,281.8,101.0,13,628.77
p2_S2_W.54,3423.0,208.5,110.0,9,560.37
p2_W_E.57,3357.0,277.57,97.0,11,629.67
p2_E_W.194,3033.0,601.97,358.0,18,1142.16
p2_E_W.195,3036.0,600.66,351.0,18,1114.44
p2_E_W.196,3039.0,598.06,345.0,19,1117.18
p2_E_W.197,3042.0,598.17,339.0,18,1117.08
p2_S2_W.55,3453.0,186.36,89.0,10,518.73
p2_E_W.198,3045.0,598.7,338.0,21,1121.73
p2_N1_E.59,3573.0,61.08,21.0,3,296.28
p2_E_W.199,3050.0,587.44,329.0,20,1086.11
p2_W_E.58,3363.0,285.4,109.0,12,631.87
p2_E_W.200,3065.0,579.23,322.0,18,1083.75
p2_W_N1.14,3388.0,287.53,120.0,9,587.16
p2_W_N1.15,3444.0,242.06,108.0,9,510.76
p2_E_S1.20,3069.0,603.22,344.0,20,1115.01
p2_W_E.59,3410.0,270.06,118.0,8,593.8
p2_N1_S1.179,3590.0,110.86,71.0,3,329.81
p2_W_E.60,3414.0,268.03,114.0,7,599.69
p2_W_E.61,3418.0,264.91,110.0,9,591.26
p2_W_E.62,3426.0,261.43,105.0,8,590.46
p2_E_W.201,3072.0,617.0,344.0,21,1137.7
p2_E_W.202,3075.0,612.96,339.0,20,1138.59
p2_W_E.63,3461.0,226.13,105.0,7,541.76
p2_E_W.203,3078.0,609.57,331.0,21,1123.85
p2_W_E.64,3464.0,234.39,102.0,10,552.65
p2_S2_W.56,3483.0,214.26,95.0,10,556.77
p2_W_E.65,3467.0,233.1,96.0,7,567.71
p2_S2_W.57,3513.0,185.8,69.0,9,517.37
p2_E_W.204,3081.0,615.48,327.0,20,1126.49
p2_E_W.205,3085.0,614.94,319.0,22,1139.55
p2_E_W.206,3088.0,603.55,321.0,22,1118.45
p2_W_E.66,3470.0,242.51,106.0,9,570.6
p2_E_W.207,3091.0,613.46,313.0,23,1124.82
p2_S2_W.58,3543.0,171.04,57.0,8,487.15
p2_S2_W.59,3573.0,142.78,36.0,8,451.6
p2_E_W.208,3094.0,623.99,349.0,19,1139.29
p2_W_N1.16,3473.0,270.87,136.0,10,578.11
p2_E_W.209,3108.0,592.64,343.0,17,1103.76
p2_E_W.210,3113.0,611.2,337.0,21,1116.06
p2_W_N1.17,3488.0,267.13,117.0,13,563.79
p2_W_N1.18,3506.0,258.59,104.0,13,542.34
p2_W_E.67,3476.0,278.81,128.0,11,643.99
p2_W_E.68,3479.0,270.46,126.0,9,622.9
p2_E_S1.21,3118.0,618.22,361.0,19,1149.75
p2_W_E.69,3482.0,272.18,122.0,10,636.89
p2_W_E.70,3485.0,275.09,124.0,11,633.01
p2_W_E.71,3491.0,271.03,112.0,11,617.35
p2_E_W.211,3148.0,618.89,351.0,19,1132.44
p2_W_E.72,3494.0,274.49,112.0,10,621.33
p2_W_E.73,3497.0,262.67,103.0,10,603.28
p2_E_W.212,3152.0,612.37,348.0,20,1124.44
p2_W_E.74,3500.0,263.65,103.0,10,603.5
p2_E_W.213,3155.0,617.56,345.0,18,1119.24
p2_W_E.75,3503.0,271.06,107.0,12,603.72
p2_E_W.214,3158.0,612.93,342.0,18,1120.21
p2_W_E.76,3513.0,262.78,99.0,12,600.64
p2_E_W.215,3164.0,612.06,333.0,20,1119.16
p2_E_W.216,3205.0,572.85,313.0,18,1094.7
p2_E_W.217,3213.0,557.03,304.0,16,1032.77
p2_E_W.218,3222.0,549.46,297.0,17,1024.03
p2_E_W.219,3226.0,547.15,291.0,16,1011.93
p2_W_E.77,3516.0,272.71,110.0,14,605.65
p2_E_W.220,3230.0,553.72,305.0,16,1036.4
p2_W_N1.19,3533.0,278.4,116.0,14,580.13
p2_W_E.78,3519.0,268.75,106.0,12,593.88
p2_W_E.79,3524.0,266.73,105.0,13,614.93
p2_W_N1.20,3566.0,254.33,88.0,10,535.17
p2_W_N1.21,3582.0,251.19,80.0,9,522.7
p2_W_N1.22,3635.0,207.82,48.0,8,462.22
p2_E_S1.22,3237.0,589.37,342.0,22,1091.99
p2_E_W.221,3263.0,578.81,349.0,18,1086.26
p2_E_W.222,3328.0,516.01,293.0,19,988.66
p2_W_E.80,3553.0,292.82,121.0,12,658.49
p2_E_W.223,3331.0,515.15,290.0,17,992.36
p2_W_E.81,3556.0,291.08,121.0,12,658.07
p2_W_E.82,3559.0,288.85,119.0,13,650.14
p2_E_W.224,3337.0,506.73,287.0,16,980.02
p2_W_E.83,3562.0,290.04,115.0,12,644.61
p2_E_W.225,3344.0,506.71,274.0,16,976.04
p2_W_E.84,3569.0,284.73,108.0,13,633.76
p2_E_W.226,3379.0,474.99,255.0,17,944.2
p2_E_W.227,3383.0,470.37,247.0,16,952.63
p2_E_W.228,3386.0,471.55,245.0,19,927.45
p2_W_E.85,3572.0,274.81,102.0,11,603.81
p2_E_W.229,3389.0,462.1,242.0,16,906.07
p2_W_E.86,3575.0,287.29,103.0,9,619.16
p2_W_E.87,3578.0,285.96,94.0,11,643.72
p2_E_W.230,3392.0,471.58,237.0,15,907.61
p2_W_E.88,3620.0,239.05,67.0,9,582.84
p2_W_E.89,3623.0,242.74,70.0,12,581.33
p2_W_E.90,3626.0,242.52,66.0,8,583.01
p2_W_E.91,3629.0,231.1,66.0,12,555.31
p2_W_N1.23,3694.0,191.05,60.0,7,432.12
p2_W_E.92,3657.0,217.02,57.0,9,527.35
p2_W_E.93,3682.0,193.66,48.0,5,516.73
p2_W_E.94,3685.0,192.44,48.0,7,531.19
p2_W_E.95,3689.0,189.24,45.0,5,496.8
p2_W_N1.24,3746.0,155.92,48.0,7,394.4
p2_W_N1.25,3779.0,132.69,30.0,5,342.17
p2_W_E.96,3707.0,185.84,56.0,7,462.92
p2_W_E.97,3711.0,185.83,53.0,7,480.23
p2_W_E.98,3715.0,178.9,55.0,7,462.4
p2_W_E.99,3721.0,173.67,54.0,6,456.39
p2_E_S1.23,3395.0,495.69,273.0,18,961.49
p2_E_W.231,3402.0,516.38,280.0,19,1001.2
p2_E_W.232,3441.0,479.13,252.0,18,949.67
p2_W_E.100,3734.0,187.73,63.0,7,485.98
p2_W_E.101,3767.0,152.83,50.0,6,444.12
p2_E_W.233,3444.0,467.97,245.0,18,927.55
p2_E_W.234,3448.0,464.43,240.0,19,911.8
p2_W_E.102,3770.0,146.58,45.0,6,436.25
p2_E_W.235,3453.0,473.18,243.0,19,938.81
p2_W_E.103,3773.0,159.34,43.0,6,448.02
p2_W_E.104,3776.0,153.89,38.0,7,461.18
p2_E_W.236,3460.0,474.32,239.0,18,949.35
p2_E_W.237,3477.0,458.99,230.0,17,926.15
p2_W_E.105,3782.0,144.11,32.0,4,419.74
p2_E_W.238,3480.0,455.51,220.0,20,930.51
p2_E_W.239,3485.0,450.88,216.0,16,920.65
p2_W_E.106,3785.0,137.19,31.0,5,403.87
p2_E_W.240,3492.0,444.71,212.0,15,899.83
p2_W_N1.26,3811.0,152.16,59.0,7,386.16
p2_W_E.107,3790.0,152.27,30.0,4,439.4
p2_W_E.108,3801.0,143.07,27.0,5,434.69
p2_W_N1.27,3846.0,128.43,32.0,3,371.77
p2_W_N1.28,3861.0,123.17,27.0,4,349.22
p2_W_E.109,3833.0,133.57,45.0,5,409.6
p2_W_E.110,3837.0,131.76,44.0,5,403.22
p2_W_E.111,3840.0,131.06,39.0,5,397.9
p2_W_N1.29,3884.0,112.47,23.0,4,336.0
p2_E_S1.24,3519.0,457.73,237.0,18,912.92
p2_W_E.112,3843.0,125.66,34.0,4,407.53
p2_E_W.241,3559.0,432.19,215.0,16,883.83
p2_E_W.242,3562.0,435.18,213.0,18,869.82
p2_E_W.243,3567.0,431.48,205.0,17,866.46
p2_E_W.244,3574.0,426.45,198.0,17,855.44
p2_E_W.245,3591.0,411.34,196.0,15,832.58
p2_E_W.246,3594.0,404.56,196.0,15,820.01
p2_E_W.247,3597.0,402.54,191.0,16,815.71
p2_E_W.248,3600.0,411.6,200.0,14,856.12
p2_E_W.249,3603.0,409.52,198.0,13,866.78
p2_E_W.250,3606.0,393.44,193.0,15,804.4
p2_W_N1.30,3913.0,126.24,38.0,5,362.43
p2_W_E.113,3849.0,165.74,67.0,4,483.94
p2_W_E.114,3852.0,177.42,63.0,5,494.61
p2_W_N1.31,3928.0,124.25,29.0,6,345.41
p2_W_E.115,3855.0,167.87,63.0,5,488.39
p2_W_E.116,3858.0,174.98,64.0,7,495.3
p2_W_E.117,3864.0,166.68,58.0,4,477.31
p2_W_E.118,3867.0,166.04,58.0,4,495.94
p2_W_E.119,3876.0,154.96,61.0,4,465.45
p2_W_E.120,3880.0,160.36,57.0,5,473.01
p2_W_N1.32,3943.0,119.93,23.0,4,331.6
p2_W_E.121,3892.0,143.1,50.0,7,449.2
p2_W_E.122,3901.0,142.93,46.0,5,434.23
p2_W_E.123,3904.0,141.52,47.0,5,444.52
p2_W_E.124,3907.0,140.35,40.0,5,437.19
p2_W_E.125,3910.0,139.08,38.0,5,447.6
p2_W_E.126,3916.0,134.87,37.0,7,457.34
p2_W_E.127,3919.0,132.46,34.0,6,447.45
p2_W_N1.33,3969.0,104.54,18.0,5,310.66
p2_E_S1.25,3611.0,443.37,225.0,18,891.23
p2_W_E.128,3922.0,132.27,33.0,7,447.81
p2_W_E.129,3925.0,118.29,32.0,7,398.56
p2_W_E.130,3931.0,128.18,27.0,4,403.94
p2_W_E.131,3934.0,135.66,26.0,4,424.61
p2_W_E.132,3937.0,134.44,25.0,4,429.71
p2_E_W.251,3635.0,429.22,219.0,14,890.94
p2_W_E.133,3940.0,131.94,24.0,4,446.24
p2_E_W.252,3640.0,434.65,220.0,13,893.56
p2_W_E.134,3946.0,116.17,22.0,4,382.78
p2_E_W.253,3644.0,429.8,208.0,17,881.13
p2_W_E.135,3951.0,126.45,19.0,4,408.81
p2_E_W.254,3650.0,428.32,200.0,15,888.51
p2_W_E.136,3955.0,123.28,21.0,5,414.14
p2_E_W.255,3713.0,365.73,154.0,13,792.2
p2_W_E.137,3961.0,119.87,21.0,5,402.79
p2_E_W.256,3716.0,350.16,154.0,13,759.73
p2_E_W.257,3719.0,365.61,148.0,13,788.02
p2_E_W.258,3722.0,369.61,148.0,14,800.0
p2_E_W.259,3725.0,359.41,140.0,11,789.06
p2_E_W.260,3728.0,366.61,141.0,14,789.85
p2_W_N1.34,3993.0,122.08,37.0,5,357.64
p2_W_E.138,3980.0,111.12,30.0,5,394.49
p2_W_E.139,3983.0,114.71,29.0,5,414.99
p2_W_E.140,3987.0,117.71,29.0,6,434.43
p2_W_E.141,3990.0,116.47,27.0,5,432.31
p2_W_N1.35,4008.0,119.46,26.0,5,348.18
p2_W_E.142,3996.0,124.17,36.0,6,394.51
p2_W_N1.36,4034.0,106.71,15.0,4,324.46
p2_W_E.143,3999.0,123.06,33.0,6,402.24
p2_W_E.144,4002.0,122.34,29.0,6,394.29
p2_W_E.145,4005.0,119.93,26.0,6,386.59
p2_W_E.146,4011.0,119.37,23.0,4,386.3
p2_W_E.147,4014.0,118.4,20.0,4,388.22
p2_E_S1.26,3731.0,392.09,174.0,15,819.35
p2_W_E.148,4017.0,115.93,17.0,4,382.62
p2_W_E.149,4020.0,116.09,17.0,4,362.11
p2_W_E.150,4023.0,114.84,17.0,4,367.35
p2_W_E.151,4053.0,89.87,6.0,2,332.86
p2_E_W.261,3734.0,410.55,177.0,14,838.53
p2_W_E.152,4057.0,89.68,5.0,1,356.52
p2_E_W.262,3737.0,411.06,172.0,16,837.95
p2_E_W.263,3740.0,409.88,170.0,13,831.78
p2_E_W.264,3743.0,408.59,164.0,12,827.27
p2_E_W.265,3746.0,407.96,168.0,13,816.24
p2_E_W.266,3749.0,406.64,165.0,14,814.02
p2_W_E.153,4060.0,82.48,4.0,1,342.09
p2_W_E.154,4063.0,94.89,5.0,1,360.16
p2_E_W.267,3761.0,388.71,164.0,14,801.84
p2_E_W.268,3771.0,392.97,157.0,11,812.35
p2_E_W.269,3788.0,377.7,153.0,12,774.98
p2_E_W.270,3791.0,376.51,147.0,13,792.17
p2_W_N1.37,4066.0,124.45,39.0,3,360.24
p2_W_N1.38,4081.0,122.32,30.0,3,349.34
p2_W_N1.39,4096.0,117.25,24.0,2,336.42
p2_W_N1.40,4117.0,106.0,21.0,2,308.26
p2_W_E.155,4069.0,122.73,37.0,3,403.95
p2_E_S1.27,3795.0,411.37,185.0,16,840.19
p2_W_E.156,4072.0,134.79,35.0,3,426.2
p2_W_E.157,4075.0,133.52,34.0,3,441.98
p2_W_E.158,4078.0,126.82,31.0,3,435.48
p2_W_E.159,4084.0,128.23,30.0,5,407.45
p2_W_E.160,4087.0,127.03,27.0,4,408.18
p2_W_E.161,4090.0,121.29,26.0,4,399.16
p2_W_E.162,4093.0,124.41,23.0,2,423.03
p2_W_E.163,4103.0,114.22,22.0,2,372.36
p2_W_E.164,4107.0,111.33,23.0,4,384.56
p2_E_W.271,3798.0,424.27,192.0,16,844.63
p2_W_E.165,4110.0,112.24,22.0,3,386.46
p2_E_W.272,3801.0,423.26,187.0,17,848.86
p2_W_E.166,4113.0,111.52,21.0,2,364.31
p2_E_W.273,3804.0,419.8,182.0,17,837.54
p2_W_E.167,4125.0,98.21,22.0,2,362.99
p2_E_W.274,3807.0,412.68,192.0,15,845.31
p2_E_W.275,3810.0,418.78,191.0,15,837.19
p2_E_W.276,3813.0,424.38,183.0,13,850.93
p2_E_W.277,3816.0,422.34,182.0,13,863.78
p2_E_W.278,3819.0,421.71,174.0,13,855.2
p2_E_W.279,3831.0,411.47,177.0,12,851.44
p2_E_W.280,3836.0,408.13,171.0,12,847.04
p2_W_N1.41,4139.0,129.04,44.0,5,362.99
p2_W_E.168,4130.0,120.76,30.0,4,411.77
p2_W_E.169,4133.0,119.98,30.0,4,402.52
p2_W_E.170,4136.0,118.72,30.0,4,397.81
p2_W_N1.42,4156.0,117.64,34.0,4,335.03
p2_W_E.171,4142.0,129.09,42.0,4,416.32
p2_W_N1.43,4172.0,121.3,28.0,4,348.25
p2_W_E.172,4145.0,126.63,37.0,5,398.49
p2_W_E.173,4148.0,127.62,36.0,5,401.11
p2_W_E.174,4151.0,125.16,34.0,6,390.74
p2_W_E.175,4154.0,127.79,35.0,4,396.98
p2_E_S1.28,3844.0,439.31,205.0,13,874.44
p2_W_E.176,4159.0,125.89,34.0,4,397.46
p2_W_N1.44,4200.0,99.25,20.0,4,305.23
p2_W_E.177,4163.0,122.6,33.0,4,369.66
p2_W_E.178,4166.0,124.09,31.0,4,399.27
p2_W_E.179,4169.0,122.88,30.0,4,410.89
p2_W_E.180,4180.0,115.08,26.0,4,372.2
p2_W_E.181,4183.0,114.02,25.0,4,365.51
p2_E_W.281,3852.0,446.42,215.0,18,883.69
p2_E_W.282,3864.0,435.09,211.0,18,865.01
p2_E_W.283,3868.0,431.08,201.0,15,850.98
p2_E_W.284,3871.0,434.27,196.0,18,860.29
p2_W_E.182,4186.0,109.75,21.0,3,354.13
p2_E_W.285,3874.0,432.99,205.0,15,877.77
p2_W_E.183,4190.0,115.16,20.0,3,358.48
p2_E_W.286,3877.0,428.92,209.0,16,859.81
p2_E_W.287,3880.0,430.57,204.0,17,843.51
p2_E_W.288,3883.0,429.36,193.0,15,857.53
p2_E_W.289,3886.0,428.05,194.0,16,854.33
p2_E_W.290,3889.0,422.2,191.0,16,838.05
p2_W_N1.45,4220.0,124.64,36.0,6,371.6
p2_W_E.184,4208.0,110.6,28.0,4,384.56
p2_W_E.185,4211.0,120.88,28.0,4,407.52
p2_W_E.186,4214.0,119.65,27.0,4,434.46
p2_W_E.187,4217.0,108.84,25.0,5,397.87
p2_W_N1.46,4235.0,116.36,25.0,3,344.07
p2_W_N1.47,4250.0,116.02,19.0,3,325.43
p2_W_E.188,4223.0,120.4,31.0,5,400.85
p2_W_E.189,4226.0,124.0,28.0,4,415.63
p2_W_E.190,4229.0,130.9,29.0,4,411.36
p2_W_N1.48,4294.0,81.96,5.0,3,299.55
p2_W_E.191,4232.0,129.59,28.0,6,426.92
p2_W_E.192,4238.0,125.32,24.0,3,410.34
p2_W_E.193,4241.0,121.93,22.0,3,390.72
p2_E_S1.29,3892.0,455.88,225.0,18,904.4
p2_W_E.194,4243.0,123.7,20.0,6,406.68
p2_W_E.195,4246.0,122.44,22.0,5,404.17
p2_E_W.291,3895.0,478.75,232.0,17,956.26
p2_W_E.196,4262.0,105.26,19.0,3,373.06
p2_W_E.197,4282.0,94.53,8.0,2,366.62
p2_E_W.292,3908.0,462.99,223.0,17,896.94
p2_W_E.198,4285.0,91.21,6.0,2,366.93
p2_W_E.199,4288.0,88.17,5.0,2,363.8
p2_E_W.293,3914.0,462.36,223.0,18,897.04
p2_W_E.200,4291.0,90.78,6.0,2,373.77
p2_E_W.294,3922.0,460.41,221.0,20,908.86
p2_E_W.295,3953.0,431.15,216.0,14,873.36
p2_E_W.296,3957.0,428.91,215.0,14,880.06
p2_E_W.297,3960.0,427.71,210.0,15,875.44
p2_E_W.298,3963.0,420.31,205.0,12,833.47
p2_E_W.299,3966.0,425.78,200.0,11,848.53
p2_E_W.300,3969.0,417.26,195.0,13,825.05
p2_W_N1.49,4309.0,111.11,23.0,5,331.65
p2_W_E.201,4297.0,105.78,17.0,4,382.29
p2_W_E.202,4300.0,104.74,14.0,3,375.96
p2_W_E.203,4303.0,98.56,16.0,4,370.0
p2_W_E.204,4306.0,104.81,14.0,2,386.75
p2_W_N1.50,4324.0,104.75,17.0,5,323.1
p2_W_E.205,4312.0,111.0,22.0,3,376.55
p2_W_N1.51,4349.0,88.24,9.0,2,289.3
p2_W_N1.52,4371.0,80.06,7.0,3,289.81
p2_W_E.206,4315.0,106.33,19.0,4,382.53
p2_W_E.207,4318.0,116.76,19.0,5,372.62
p2_E_S1.30,3972.0,461.04,231.0,14,906.71
p2_W_E.208,4321.0,109.72,18.0,4,376.56
p2_W_E.209,4327.0,111.29,16.0,3,387.31
p2_W_E.210,4332.0,108.06,16.0,3,399.85
p2_W_E.211,4335.0,106.34,14.0,5,388.53
p2_W_E.212,4341.0,93.52,10.0,2,340.49
p2_E_W.301,3977.0,472.86,240.0,13,927.5
p2_W_E.213,4359.0,89.04,9.0,3,327.07
p2_E_W.302,3985.0,464.57,236.0,14,906.74
p2_E_W.303,3992.0,462.84,235.0,11,907.78
p2_E_W.304,3997.0,459.69,234.0,12,897.44
p2_E_W.305,4000.0,458.35,241.0,12,901.44
p2_E_W.306,4003.0,457.16,233.0,11,914.87
p2_W_E.214,4362.0,76.95,9.0,3,314.62
p2_W_E.215,4365.0,93.98,8.0,3,342.83
p2_W_E.216,4368.0,92.01,8.0,3,354.86
p2_E_W.307,4006.0,451.35,229.0,12,894.14
p2_W_E.217,4374.0,90.75,4.0,2,377.32
p2_E_W.308,4009.0,453.87,229.0,13,876.94
p2_E_W.309,4012.0,455.41,223.0,12,873.36
p2_E_W.310,4021.0,448.13,222.0,13,871.88
p2_W_N1.53,4386.0,107.18,26.0,4,328.59
p2_W_E.218,4377.0,91.0,14.0,3,353.7
p2_W_E.219,4380.0,101.42,12.0,2,379.82
p2_W_E.220,4383.0,91.82,13.0,2,367.87
p2_W_N1.54,4404.0,102.7,16.0,2,309.15
p2_W_E.221,4389.0,110.81,23.0,4,374.2
p2_W_N1.55,4428.0,87.94,12.0,2,289.02
p2_W_N1.56,4447.0,82.0,10.0,2,276.2
p2_E_S1.31,4032.0,478.4,255.0,14,930.31
p2_W_E.222,4392.0,103.7,22.0,4,364.25
p2_W_E.223,4395.0,119.03,19.0,2,384.05
p2_W_E.224,4398.0,107.65,19.0,3,381.05
p2_W_E.225,4401.0,116.71,19.0,3,391.26
p2_W_E.226,4408.0,108.99,15.0,3,379.72
p2_W_E.227,4412.0,109.15,14.0,3,396.67
p2_W_E.228,4415.0,94.71,13.0,2,345.63
p2_W_E.229,4420.0,99.25,13.0,2,364.01
p2_E_W.311,4039.0,480.2,263.0,16,928.55
p2_W_E.230,4434.0,87.74,13.0,4,340.49
p2_E_W.312,4063.0,468.63,250.0,15,922.79
p2_W_E.231,4438.0,94.12,11.0,2,367.53
p2_E_W.313,4069.0,462.17,249.0,12,917.13
p2_W_E.232,4441.0,92.97,9.0,2,364.67
p2_E_W.314,4072.0,463.09,244.0,12,929.19
p2_E_W.315,4075.0,444.77,250.0,13,896.15
p2_W_E.233,4444.0,77.4,8.0,2,321.38
p2_E_W.316,4078.0,467.69,248.0,13,901.83
p2_E_W.317,4081.0,459.61,241.0,14,904.56
p2_E_W.318,4084.0,462.94,234.0,13,909.19
p2_E_W.319,4087.0,460.31,237.0,13,908.2
p2_W_N1.57,4462.0,110.72,24.0,4,336.66
p2_E_W.320,4090.0,462.72,240.0,14,903.5
p2_W_E.234,4450.0,105.03,22.0,3,397.37
p2_W_E.235,4453.0,104.14,21.0,3,381.13
p2_W_E.236,4456.0,102.89,20.0,4,386.85
p2_W_E.237,4459.0,101.66,19.0,4,377.06
p2_W_N1.58,4477.0,106.94,18.0,3,324.17
p2_W_N1.59,4496.0,99.31,10.0,2,311.97
p2_W_E.238,4465.0,110.11,25.0,5,375.05
p2_W_E.239,4468.0,111.56,23.0,3,382.72
p2_W_E.240,4471.0,107.52,19.0,4,367.46
p2_E_S1.32,4096.0,487.63,265.0,15,947.85
p2_W_E.241,4474.0,112.22,17.0,3,384.04
p2_W_E.242,4480.0,104.0,16.0,4,363.7
p2_W_E.243,4484.0,112.25,15.0,3,364.28
p2_E_W.321,4133.0,469.15,255.0,16,905.66
p2_E_W.322,4141.0,463.13,249.0,14,911.53
p2_E_W.323,4145.0,460.09,247.0,12,903.88
p2_E_W.324,4149.0,459.05,240.0,15,919.6
p2_W_E.244,4487.0,97.24,12.0,3,348.62
p2_W_E.245,4491.0,115.84,11.0,2,362.58
p2_E_W.325,4152.0,456.63,253.0,16,915.43
p2_W_E.246,4504.0,106.82,11.0,2,358.3
p2_E_W.326,4155.0,454.09,252.0,15,906.59
p2_W_E.247,4509.0,103.48,12.0,3,383.03
p2_E_W.327,4158.0,456.44,249.0,16,913.95
p2_W_E.248,4513.0,101.27,9.0,2,368.16
p2_W_E.249,4516.0,99.94,8.0,2,371.51
p2_E_W.328,4161.0,453.34,249.0,13,899.03
p2_E_W.329,4164.0,453.94,241.0,13,907.11
p2_E_W.330,4167.0,445.98,242.0,14,891.29
p2_E_S1.33,4170.0,451.55,236.0,15,887.69
p2_E_W.331,4175.0,443.49,231.0,14,877.08
p2_E_W.332,4215.0,411.68,212.0,12,836.27
p2_E_W.333,4220.0,407.1,205.0,13,831.35
p2_E_W.334,4226.0,406.76,207.0,13,834.2
p2_E_W.335,4229.0,405.41,214.0,13,865.81
p2_E_W.336,4232.0,404.07,215.0,12,848.17
p2_E_W.337,4235.0,398.56,216.0,16,805.04
p2_E_W.338,4239.0,400.92,210.0,12,815.75
p2_E_W.339,4242.0,392.24,202.0,12,781.19
p2_E_W.340,4245.0,398.71,200.0,12,818.66
p2_E_W.341,4252.0,394.13,195.0,11,806.48
p2_E_S1.34,4248.0,389.45,201.0,13,801.49
p2_E_W.342,4293.0,347.28,169.0,11,734.29
p2_E_W.343,4297.0,346.25,165.0,10,740.05
p2_E_W.344,4301.0,355.26,162.0,9,745.56
p2_E_W.345,4305.0,338.44,174.0,8,729.26
p2_E_W.346,4308.0,348.81,174.0,9,727.18
p2_E_W.347,4311.0,352.27,171.0,10,722.81
p2_E_W.348,4314.0,351.72,171.0,12,734.7
p2_E_W.349,4317.0,359.04,179.0,11,744.95
p2_E_W.350,4320.0,358.67,177.0,10,747.38
p2_E_W.351,4328.0,356.83,171.0,10,744.2
p2_E_W.352,4365.0,322.29,152.0,9,681.26
p2_E_W.353,4370.0,317.31,146.0,8,673.8
p2_E_S1.35,4323.0,349.25,173.0,10,747.29
p2_E_W.354,4375.0,315.94,142.0,7,680.78
p2_E_W.355,4379.0,309.92,151.0,7,677.89
p2_E_W.356,4382.0,308.71,150.0,7,688.91
p2_E_W.357,4385.0,313.16,149.0,8,687.79
p2_E_W.358,4388.0,311.87,146.0,8,686.26
p2_E_W.359,4391.0,308.4,145.0,8,670.43
p2_E_W.360,4394.0,309.31,141.0,8,688.61
p2_E_S1.36,4397.0,303.07,137.0,9,668.82
p2_E_W.361,4402.0,302.96,136.0,9,660.41
p2_E_W.362,4443.0,255.57,111.0,6,576.91
p2_E_W.363,4447.0,269.3,110.0,6,581.0
p2_E_W.364,4451.0,259.24,112.0,7,597.43
p2_E_W.365,4454.0,265.97,108.0,6,591.78
p2_E_W.366,4457.0,264.72,105.0,5,597.41
p2_E_W.367,4461.0,250.7,107.0,5,572.13
p2_E_W.368,4464.0,260.68,105.0,5,590.33
p2_E_W.369,4467.0,260.09,104.0,5,599.32
p2_E_S1.37,4473.0,253.76,99.0,6,585.01
p2_E_W.370,4470.0,258.75,102.0,6,604.67
p2_E_W.371,4479.0,243.63,98.0,4,573.84
p2_E_W.372,4519.0,210.56,75.0,4,531.99
p2_E_W.373,4526.0,203.05,73.0,4,504.46
p2_E_W.374,4529.0,187.37,71.0,4,486.69
p2_E_W.375,4533.0,217.96,97.0,6,544.5
p2_E_W.376,4536.0,221.25,92.0,6,542.39
p2_E_W.377,4539.0,219.96,93.0,5,553.99
p2_E_W.378,4542.0,218.74,90.0,7,544.59
p2_E_W.379,4545.0,214.82,88.0,7,527.46
p2_E_W.380,4548.0,211.4,85.0,5,514.65
p2_E_S1.38,4551.0,214.57,82.0,5,530.57
p2_E_W.381,4555.0,213.1,81.0,5,520.19
p2_E_W.382,4594.0,175.89,60.0,5,463.78
p2_E_W.383,4602.0,169.66,58.0,4,465.78
p2_E_W.384,4605.0,152.83,56.0,4,429.62
p2_E_W.385,4608.0,179.48,56.0,4,452.58
p2_E_W.386,4611.0,178.29,56.0,4,473.45
p2_E_W.387,4614.0,177.03,56.0,4,482.11
p2_E_S1.39,4626.0,162.86,48.0,4,454.18
p2_E_W.388,4617.0,156.71,49.0,4,456.84
p2_E_W.389,4620.0,175.04,49.0,4,457.78
p2_E_W.390,4623.0,168.01,51.0,5,463.94
p2_E_W.391,4631.0,167.52,49.0,8,467.32
p2_E_W.392,4668.0,132.18,29.0,5,413.34
p2_E_W.393,4673.0,125.93,28.0,4,413.94
p2_E_W.394,4680.0,99.17,24.0,3,364.44
p2_E_W.395,4685.0,126.83,23.0,4,373.66
p2_E_W.396,4689.0,120.7,22.0,4,381.58
p2_E_W.397,4692.0,111.97,22.0,4,377.73
p2_E_W.398,4695.0,107.42,21.0,4,376.35
p2_E_W.399,4698.0,111.65,20.0,4,380.52
p2_E_S1.40,4704.0,98.35,20.0,4,373.14
p2_E_W.400,4701.0,119.72,19.0,3,385.55
p2_E_W.401,4709.0,121.01,42.0,5,413.25
p2_E_W.402,4746.0,86.06,22.0,2,355.58
p2_E_W.403,4753.0,80.96,21.0,2,340.85
p2_E_W.404,4756.0,78.8,19.0,2,330.91
p2_E_W.405,4759.0,78.3,17.0,2,331.93
p2_E_W.406,4763.0,77.85,15.0,2,343.87
p2_E_W.407,4766.0,76.5,14.0,2,349.03
p2_E_W.408,4769.0,75.31,14.0,2,343.87
p2_E_W.409,4772.0,74.1,12.0,2,339.25
p2_E_W.410,4775.0,72.91,13.0,2,344.27
p2_E_S1.41,4778.0,72.17,12.0,2,360.26
p2_E_W.411,4781.0,69.11,12.0,3,328.57
p2_E_W.412,4784.0,62.11,12.0,2,314.04
p2_E_W.413,4787.0,64.63,12.0,2,323.15
p2_E_W.414,4790.0,66.27,10.0,2,339.55
p2_E_W.415,4793.0,65.69,9.0,2,363.45
p2_E_W.416,4796.0,71.18,10.0,2,366.24
p2_E_W.417,4799.0,65.0,6.0,2,344.14
p2_E_W.418,4802.0,65.83,7.0,2,333.01
p2_E_W.419,4805.0,67.53,6.0,2,344.75
p2_E_S1.42,4811.0,61.45,6.0,2,307.67
p2_E_W.420,4808.0,62.09,6.0,2,323.26
p2_E_W.421,4814.0,62.23,4.0,2,338.95
p2_E_W.422,4817.0,55.44,3.0,2,299.73
p2_E_W.423,4820.0,60.98,3.0,2,309.16
p2_E_W.424,4823.0,50.99,3.0,2,293.29
p2_E_W.425,4826.0,59.71,2.0,1,290.29
p2_E_W.426,4829.0,53.88,2.0,2,312.43
p2_E_W.427,4832.0,57.32,0.0,0,318.89
p2_E_W.428,4835.0,46.01,0.0,0,288.34
p2_E_W.429,4838.0,67.78,27.0,2,349.72
p2_E_W.430,4841.0,66.84,25.0,2,349.83
p2_E_W.431,4847.0,66.28,20.0,2,349.96
p2_E_S1.43,4844.0,62.42,24.0,2,339.74
p2_E_W.432,4850.0,65.03,21.0,2,345.08
p2_E_W.433,4853.0,63.95,19.0,2,339.51
p2_E_W.434,4856.0,62.71,17.0,2,349.67
p2_E_W.435,4859.0,61.71,19.0,3,336.31
p2_E_W.436,4862.0,60.46,18.0,2,347.29
p2_E_W.437,4865.0,59.25,16.0,2,339.58
p2_E_W.438,4868.0,58.07,15.0,2,344.18
p2_E_W.439,4871.0,56.94,14.0,2,331.18
p2_E_S1.44,4877.0,54.25,13.0,2,305.84
p2_E_W.440,4874.0,45.54,13.0,2,287.43
p2_E_W.441,4880.0,51.32,14.0,2,295.45
p2_E_W.442,4883.0,57.14,11.0,2,304.25
p2_E_W.443,4886.0,55.9,10.0,2,321.09
p2_E_W.444,4889.0,48.63,9.0,2,307.28
p2_E_W.445,4892.0,53.5,8.0,2,319.22
p2_E_W.446,4895.0,52.15,7.0,2,329.92
p2_E_W.447,4898.0,41.3,2.0,1,283.21
p2_E_W.448,4901.0,45.76,2.0,1,319.85
p2_E_W.449,4904.0,45.37,2.0,1,323.69
p2_E_S1.45,4910.0,43.18,0.0,0,311.84
p2_E_W.450,4907.0,47.67,1.0,1,333.05
p2_E_W.451,4913.0,43.56,0.0,0,317.51
p2_E_W.452,4916.0,42.29,0.0,0,311.66
p2_E_W.453,4919.0,40.96,0.0,0,304.32
p2_E_W.454,4922.0,39.78,0.0,0,293.15
p2_E_W.455,4925.0,38.46,0.0,0,296.45
p2_E_W.456,4928.0,53.82,23.0,2,353.03
p2_E_W.457,4931.0,52.24,22.0,2,333.43
p2_E_W.458,4934.0,45.88,20.0,2,290.77
p2_E_W.459,4937.0,46.97,19.0,2,297.23
p2_E_W.460,4940.0,52.48,18.0,3,304.64
p2_E_S1.46,4943.0,49.5,18.0,3,296.8
p2_E_W.461,4946.0,48.29,14.0,2,304.24
p2_E_W.462,4949.0,47.12,13.0,2,295.15
p2_E_W.463,4952.0,45.08,13.0,2,301.07
p2_E_W.464,4955.0,45.41,9.0,2,296.04
p2_E_W.465,4958.0,44.03,9.0,2,297.97
p2_E_W.466,4961.0,35.6,6.0,1,268.52
p2_E_W.467,4964.0,38.39,5.0,1,275.53
p2_E_W.468,4967.0,44.13,5.0,1,288.06
p2_E_W.469,4970.0,42.94,6.0,1,290.64
p2_E_W.470,4973.0,39.04,6.0,1,297.81
p2_E_W.471,4979.0,34.87,3.0,1,277.93
p2_E_W.472,4982.0,38.09,3.0,1,277.68
p2_E_S1.47,4976.0,30.11,4.0,1,262.47
p2_E_W.473,4985.0,29.66,3.0,1,249.53
p2_E_W.474,4988.0,38.0,3.0,1,270.17
p2_E_W.475,4991.0,36.62,3.0,1,270.85
p2_E_W.476,4994.0,35.36,3.0,1,276.64
p2_E_W.477,4997.0,34.13,2.0,1,262.91
p2_E_W.478,5000.0,30.11,1.0,1,272.25
p2_E_W.479,5002.0,32.75,0.0,0,282.14
p2_E_W.480,5006.0,30.44,0.0,0,277.25
p2_E_S1.48,5009.0,23.5,9.0,1,248.03
p2_E_W.481,5012.0,36.13,20.0,2,269.84
p2_E_W.482,5015.0,44.66,20.0,2,294.27
p2_E_W.483,5018.0,46.91,16.0,2,306.25
p2_E_W.484,5021.0,47.3,15.0,2,315.35
p2_E_W.485,5024.0,46.22,13.0,2,320.35
p2_E_W.486,5027.0,30.86,10.0,1,251.11
p2_E_W.487,5030.0,45.27,9.0,1,278.51
p2_E_W.488,5033.0,45.27,8.0,1,286.66
p2_E_W.489,5036.0,42.4,8.0,1,298.33
p2_E_W.490,5039.0,39.85,8.0,1,306.17
p2_E_S1.49,5042.0,34.32,9.0,1,276.98
p2_E_W.491,5045.0,38.33,7.0,1,294.1
p2_E_W.492,5048.0,33.06,6.0,1,266.74
p2_E_W.493,5051.0,33.13,8.0,1,274.27
p2_E_W.494,5054.0,27.23,7.0,1,240.64
p2_E_W.495,5057.0,22.23,5.0,1,237.5
p2_E_W.496,5060.0,36.52,5.0,1,262.15
p2_E_W.497,5063.0,35.31,3.0,1,262.53
p2_E_W.498,5066.0,31.03,3.0,2,255.88
p2_E_S1.50,5075.0,25.69,0.0,0,254.42
p2_E_W.499,5069.0,22.92,2.0,1,255.84
p2_E_W.500,5072.0,30.17,1.0,1,271.82
p2_E_W.501,5078.0,27.88,0.0,0,271.46
p2_E_W.502,5081.0,26.71,0.0,0,277.61
p2_E_W.503,5084.0,25.51,0.0,0,264.38
p2_E_W.504,5087.0,16.93,5.0,1,234.63
p2_E_W.505,5090.0,26.65,4.0,1,264.19
p2_E_W.506,5093.0,41.05,14.0,2,300.78
p2_E_W.507,5096.0,30.99,10.0,1,252.51
p2_E_W.508,5099.0,44.34,9.0,1,281.77
p2_E_W.509,5102.0,43.09,9.0,1,281.81
p2_E_S1.51,5108.0,37.17,8.0,1,272.08
p2_E_W.510,5105.0,41.91,9.0,1,276.31
p2_E_W.511,5111.0,37.73,6.0,1,284.02
p2_E_W.512,5114.0,36.44,6.0,1,297.18
p2_E_W.513,5117.0,35.16,6.0,1,290.31
p2_E_W.514,5120.0,33.83,5.0,1,285.86
p2_E_W.515,5123.0,32.66,5.0,1,291.35
p2_E_W.516,5126.0,31.41,5.0,1,296.62
p2_E_W.517,5129.0,28.17,4.0,1,277.22
p2_E_W.518,5132.0,22.6,5.0,1,228.34
p2_E_W.519,5135.0,20.17,3.0,1,228.77
p2_E_W.520,5138.0,28.7,3.0,1,247.62
p2_E_W.521,5144.0,20.86,0.0,0,245.74
p2_E_S1.52,5141.0,18.2,1.0,1,241.35
p2_E_W.522,5147.0,23.84,0.0,0,262.64
p2_E_W.523,5150.0,22.33,0.0,0,270.82
p2_E_W.524,5153.0,22.32,0.0,0,265.78
p2_E_W.525,5156.0,13.98,0.0,0,229.22
p2_E_W.526,5159.0,27.1,12.0,1,238.45
p2_E_W.527,5162.0,27.58,10.0,1,240.85
p2_E_W.528,5165.0,26.4,9.0,1,250.25
p2_E_W.529,5168.0,45.3,25.0,2,285.8
p2_E_S1.53,5174.0,39.51,10.0,1,282.34
p2_E_W.530,5171.0,32.0,11.0,1,266.84
p2_E_W.531,5177.0,46.05,10.0,1,308.28
p2_E_W.532,5180.0,45.23,8.0,1,299.15
p2_E_W.533,5183.0,48.46,7.0,1,306.17
p2_E_W.534,5186.0,47.09,7.0,1,314.65
p2_E_W.535,5189.0,45.83,5.0,1,312.75
p2_E_W.536,5192.0,44.57,5.0,1,313.79
p2_E_W.537,5195.0,40.62,5.0,1,306.22
p2_E_W.538,5198.0,41.95,5.0,1,312.9
p2_E_W.539,5201.0,40.92,5.0,1,304.37
p2_E_W.540,5204.0,39.63,5.0,1,302.82
p2_E_S1.54,5207.0,30.58,4.0,1,270.37
p2_E_W.541,5210.0,31.96,4.0,1,278.42
p2_E_W.542,5213.0,31.38,4.0,1,270.11
p2_E_W.543,5216.0,32.94,3.0,1,265.42
p2_E_W.544,5219.0,27.41,3.0,2,252.35
p2_E_W.545,5223.0,29.63,2.0,1,268.67
p2_E_W.546,5226.0,28.34,3.0,1,286.17
p2_E_W.547,5229.0,26.33,3.0,1,264.16
p2_E_W.548,5232.0,25.81,3.0,1,274.61
p2_E_W.549,5235.0,24.53,3.0,1,274.25
p2_E_W.550,5238.0,22.59,11.0,1,237.89
p2_E_S1.55,5241.0,25.41,9.0,1,259.95
p2_E_W.551,5244.0,20.65,7.0,1,243.31
p2_E_W.552,5247.0,16.7,3.0,1,216.24
p2_E_W.553,5250.0,19.6,3.0,1,234.83
p2_E_W.554,5253.0,32.81,12.0,2,261.58
p2_E_W.555,5256.0,40.66,11.0,1,295.27
p2_E_W.556,5259.0,25.68,9.0,1,245.75
p2_E_W.557,5262.0,41.52,8.0,1,277.54
p2_E_W.558,5265.0,40.34,7.0,1,274.62
p2_E_W.559,5268.0,39.12,6.0,1,273.0
p2_E_W.560,5271.0,34.2,6.0,1,277.98
p2_E_W.561,5277.0,33.57,5.0,1,256.05
p2_E_W.562,5280.0,32.31,2.0,1,267.67
p2_E_W.563,5283.0,29.52,0.0,0,265.03
p2_E_S1.56,5274.0,20.56,4.0,1,240.18
p2_E_W.564,5286.0,23.98,1.0,1,255.29
p2_E_W.565,5289.0,29.35,1.0,1,272.01
p2_E_W.566,5292.0,22.48,1.0,1,249.11
p2_E_W.567,5295.0,26.78,1.0,1,267.04
p2_E_W.568,5298.0,13.66,0.0,0,227.75
p2_E_S1.57,5307.0,21.82,0.0,0,246.53
p2_E_W.569,5301.0,29.39,0.0,0,259.49
p2_E_W.570,5304.0,28.07,0.0,0,256.07
p2_E_W.571,5310.0,23.87,0.0,0,256.09
p2_E_W.572,5313.0,25.2,13.0,1,233.66
p2_E_W.573,5316.0,24.62,11.0,1,244.9
p2_E_W.574,5319.0,23.53,8.0,1,241.47
p2_E_W.575,5322.0,18.73,4.0,1,225.39
p2_E_W.576,5325.0,26.53,3.0,1,245.32
p2_E_W.577,5328.0,39.3,15.0,2,285.66
p2_E_W.578,5331.0,38.06,12.0,2,298.29
p2_E_W.579,5334.0,37.24,11.0,2,308.23
p2_E_S1.58,5340.0,35.39,9.0,1,265.67
p2_E_W.580,5337.0,28.55,11.0,1,256.87
p2_E_W.581,5343.0,27.6,8.0,1,257.03
p2_E_W.582,5346.0,36.98,8.0,1,270.61
p2_E_W.583,5349.0,33.39,6.0,1,285.45
p2_E_W.584,5352.0,34.44,6.0,1,278.9
p2_E_W.585,5355.0,33.14,5.0,1,272.73
p2_E_W.586,5358.0,28.8,7.0,1,260.89
p2_E_W.587,5361.0,27.99,6.0,1,260.1
p2_E_W.588,5364.0,29.53,4.0,1,270.61
p2_E_W.589,5367.0,28.23,5.0,1,264.37
p2_E_W.590,5370.0,26.94,5.0,1,271.17
p2_E_W.591,5376.0,23.72,3.0,1,254.06
p2_E_S1.59,5373.0,21.86,4.0,1,245.47
p2_E_W.592,5379.0,14.49,0.0,0,229.18
p2_E_W.593,5382.0,25.75,0.0,0,265.66
p2_E_W.594,5385.0,24.47,0.0,0,267.78
p2_E_W.595,5388.0,25.74,12.0,1,243.24
p2_E_W.596,5391.0,19.86,7.0,1,234.35
p2_E_W.597,5394.0,30.51,5.0,1,262.09
p2_E_W.598,5397.0,32.99,5.0,1,278.58
p2_E_W.599,5400.0,93.29,66.0,2,367.53
