id,depart,timeloss,espera,paradas,co2
p1_S3_E3.0,3.0,13.71,3.0,1,176.39
p1_E1_N3.0,3.0,26.3,12.0,1,204.41
p1_W3_E3.0,0.0,8.04,0.0,0,246.95
p1_E3_W3.0,0.0,7.57,0.0,0,241.31
p1_W_E.0,0.0,8.21,0.0,0,243.19
p1_N2_S2.0,0.0,23.39,4.0,1,311.58
p1_S2_N2.0,0.0,23.25,3.0,1,312.1
p1_S3_N3.0,0.0,23.11,5.0,1,309.44
p1_N1_W3.0,3.0,19.1,1.0,1,310.32
p1_N1_S1.0,0.0,16.25,1.0,1,288.48
p1_N3_S3.0,0.0,23.78,5.0,1,318.04
p1_W2_S2.0,3.0,21.37,3.0,1,302.2
p1_E2_N2.0,3.0,20.76,5.0,1,287.62
p1_S3_E3.1,63.0,7.12,0.0,0,163.0
p1_S1_N1.0,0.0,14.19,1.0,1,267.42
p1_S2_E2.0,3.0,33.42,12.0,2,323.1
p1_W3_E3.1,6.0,30.49,12.0,1,320.86
p1_W1_E1.2,12.0,23.75,6.0,1,297.31
p1_E_W.1,15.0,21.33,3.0,1,314.03
p1_E1_N3.1,61.0,16.83,4.0,1,186.83
p1_N2_W2.0,3.0,33.81,9.0,2,338.03
p1_W3_S3.0,3.0,28.32,12.0,1,310.03
p1_W1_E1.1,6.0,30.72,11.0,1,330.83
p1_E1_W1.1,15.0,21.76,1.0,1,310.82
p1_E3_W3.1,15.0,14.57,0.0,0,295.41
p1_W1_E1.3,18.0,18.45,2.0,1,294.92
p1_E_W.2,29.0,9.08,0.0,0,261.7
p1_E3_W3.2,29.0,8.88,0.0,0,237.97
p1_N3_W1.0,3.0,24.52,6.0,1,295.36
p1_W3_E3.3,18.0,20.88,0.0,0,301.37
p1_W_E.2,12.0,14.69,2.0,1,262.65
p1_W_E.4,24.0,13.22,0.0,0,254.42
p1_E1_W1.2,29.0,10.69,0.0,0,251.68
p1_W3_E3.2,12.0,20.9,3.0,1,290.78
p1_W3_E3.4,24.0,16.64,0.0,0,291.47
p1_W_E.5,30.0,11.56,0.0,0,262.22
p1_W_E.1,6.0,23.08,6.0,1,289.62
p1_W1_E1.0,0.0,26.34,11.0,1,289.36
p1_W_E.3,18.0,21.62,0.0,0,298.46
p1_E1_W1.0,0.0,25.4,12.0,1,293.1
p1_W1_S1.0,3.0,44.43,19.0,2,335.29
p1_N3_S3.2,40.0,7.46,0.0,0,247.03
p1_S2_N2.2,40.0,7.88,0.0,0,242.67
p1_E_W.0,0.0,24.28,9.0,1,280.46
p1_N1_S1.1,20.0,25.47,7.0,1,313.88
p1_N2_S2.1,20.0,30.12,10.0,1,325.81
p1_S3_N3.1,20.0,25.03,8.0,1,316.78
p1_N3_S3.1,20.0,20.65,7.0,1,281.82
p1_S1_N1.1,20.0,20.4,6.0,1,276.82
p1_N2_S2.2,40.0,8.35,0.0,0,237.62
p1_E3_W3.3,44.0,16.48,1.0,1,297.25
p1_W1_E1.8,48.0,12.75,0.0,0,294.53
p1_W1_E1.5,30.0,32.46,10.0,1,330.33
p1_W_E.6,36.0,26.18,6.0,1,311.84
p1_W1_E1.7,42.0,20.52,2.0,1,292.64
p1_E_W.3,44.0,18.14,0.0,0,309.2
p1_W_E.7,42.0,18.11,0.0,0,297.44
p1_E1_W1.3,44.0,18.7,0.0,0,304.3
p1_W1_E1.9,54.0,10.23,0.0,0,260.33
p1_W_E.9,54.0,10.67,0.0,0,254.73
p1_W1_E1.6,36.0,30.27,6.0,1,320.69
p1_W_E.8,48.0,9.68,0.0,0,257.31
p1_W1_E1.4,24.0,26.95,13.0,1,296.71
p1_W3_E3.5,30.0,21.33,9.0,1,274.93
p1_W3_E3.6,36.0,15.7,2.0,1,272.38
p1_W3_E3.8,48.0,23.97,0.0,0,291.02
p1_E3_N1.0,3.0,27.65,9.0,1,409.9
p1_W3_E3.9,54.0,19.48,0.0,0,275.23
p1_N2_S2.3,60.0,14.55,0.0,0,277.13
p1_S2_N2.3,60.0,14.23,0.0,0,287.81
p1_N1_W3.1,63.0,11.6,0.0,0,263.37
p1_S1_N1.3,60.0,14.86,0.0,0,278.12
p1_N3_S3.3,60.0,15.41,0.0,0,278.41
p1_S3_N3.3,60.0,14.66,0.0,0,276.36
p1_N1_S1.3,60.0,9.91,0.0,0,245.54
p1_N1_S1.2,40.0,25.15,12.0,1,291.08
p1_S1_N1.2,40.0,26.36,12.0,1,297.54
p1_S3_N3.2,40.0,25.73,12.0,1,293.47
p1_E_W.5,72.0,14.23,0.0,0,288.02
p1_E3_W3.5,72.0,14.58,0.0,0,294.98
p1_N3_W1.1,63.0,21.42,5.0,1,287.26
p1_W1_E1.12,72.0,15.46,0.0,0,287.47
p1_E1_W1.4,58.0,30.31,11.0,1,326.38
p1_E_W.4,58.0,30.37,11.0,1,314.58
p1_S2_N2.1,20.0,28.33,10.0,1,300.92
p1_W1_E1.10,60.0,28.87,8.0,1,331.34
p1_W3_E3.10,60.0,28.68,8.0,1,315.6
p1_W_E.11,66.0,16.81,1.0,1,289.53
p1_W_E.12,72.0,17.12,0.0,0,301.77
p1_E3_W3.4,58.0,32.17,9.0,1,341.19
p1_S2_E2.1,63.0,27.72,10.0,1,311.36
p1_W1_E1.11,66.0,22.05,0.0,0,304.61
p1_E1_N3.2,120.0,13.83,2.0,1,176.6
p1_S1_E1.0,3.0,43.3,12.0,1,464.98
p1_W3_S3.1,63.0,25.83,4.0,1,331.21
p1_W_E.13,78.0,13.46,0.0,0,293.33
p1_W_E.10,60.0,32.08,10.0,2,321.49
p1_W1_E1.13,78.0,9.34,0.0,0,251.68
p1_W3_E3.11,66.0,16.65,1.0,1,285.76
p1_W3_E3.13,78.0,9.06,0.0,0,252.87
p1_W3_E3.7,42.0,27.14,12.0,1,292.07
p1_W1_S1.1,63.0,36.65,17.0,2,325.59
p1_W3_E3.12,72.0,9.96,0.0,0,246.32
p1_N1_S1.4,80.0,21.03,1.0,1,318.71
p1_S2_N2.4,80.0,21.27,2.0,1,298.79
p1_N3_S3.4,80.0,21.49,2.0,2,310.68
p1_S3_N3.4,80.0,21.07,0.0,0,314.57
p1_E2_N2.1,61.0,40.77,15.0,2,354.69
p1_S1_N1.4,80.0,21.67,1.0,1,317.7
p1_W2_S2.1,63.0,35.81,14.0,2,331.1
p1_N2_S2.4,80.0,11.61,0.0,0,264.96
p1_S3_E3.2,123.0,23.26,11.0,1,201.07
p1_W1_E1.17,102.0,10.89,0.0,0,260.8
p1_W_E.14,84.0,29.33,10.0,1,319.01
p1_E_W.6,87.0,27.28,8.0,1,318.87
p1_E3_W3.6,87.0,27.24,8.0,1,312.83
p1_W_E.15,90.0,19.96,3.0,1,295.22
p1_E3_W3.7,101.0,12.77,0.0,0,289.78
p1_W3_E3.14,84.0,31.22,12.0,2,328.79
p1_E1_W1.6,87.0,23.28,7.0,1,308.77
p1_W3_E3.15,90.0,24.75,6.0,1,306.34
p1_W1_E1.16,96.0,18.94,0.0,0,289.62
p1_W1_E1.15,90.0,14.92,2.0,1,269.38
p1_W_E.17,102.0,14.3,0.0,0,292.42
p1_W3_E3.17,102.0,13.61,0.0,0,287.22
p1_W3_E3.16,96.0,20.99,0.0,0,310.81
p1_E_W.7,101.0,13.21,0.0,0,261.38
p1_W_E.16,96.0,15.53,0.0,0,286.25
p1_W3_E3.18,108.0,10.44,0.0,0,257.55
p1_N2_W2.1,63.0,38.31,20.0,2,318.7
p1_E1_W1.7,101.0,9.49,0.0,0,251.89
p1_E1_W1.5,72.0,26.18,12.0,1,285.96
p1_W1_E1.14,84.0,18.97,4.0,1,282.0
p1_N2_S2.5,100.0,27.27,8.0,1,312.31
p1_S3_N3.5,100.0,20.1,6.0,1,287.19
p1_N1_S1.5,100.0,23.92,8.0,1,309.24
p1_N3_S3.5,100.0,25.98,6.0,1,312.46
p1_N1_S1.6,120.0,8.06,0.0,0,233.8
p1_S1_N1.6,120.0,7.96,0.0,0,241.64
p1_S1_N1.5,100.0,18.13,3.0,1,264.47
p1_S2_N2.5,100.0,18.06,5.0,1,288.12
p1_W1_E1.20,120.0,18.47,3.0,1,299.64
p1_W3_E3.21,126.0,9.84,0.0,0,255.25
p1_W_E.19,114.0,26.15,7.0,1,313.04
p1_W3_E3.19,114.0,25.97,7.0,1,324.78
p1_E1_W1.8,116.0,24.39,5.0,1,313.51
p1_W_E.21,126.0,14.5,0.0,0,279.84
p1_E_W.9,130.0,7.87,0.0,0,241.85
p1_W1_E1.18,108.0,30.8,13.0,1,323.06
p1_W1_E1.19,114.0,26.85,6.0,1,325.24
p1_E3_W3.8,116.0,19.84,2.0,1,296.96
p1_W3_E3.22,132.0,9.18,0.0,0,256.85
p1_W3_S3.2,123.0,18.09,1.0,1,296.84
p1_W1_E1.22,132.0,10.73,0.0,0,258.6
p1_S1_E1.1,63.0,34.35,8.0,1,434.09
p1_E1_N3.3,180.0,7.22,0.0,0,165.72
p1_W_E.18,108.0,28.35,10.0,1,313.87
p1_W_E.20,120.0,14.23,0.0,0,272.52
p1_E1_W1.9,130.0,8.48,0.0,0,237.6
p1_W_E.22,132.0,14.57,0.0,0,281.03
p1_E3_W3.9,130.0,8.64,0.0,0,240.88
p1_S2_E2.2,123.0,25.83,6.0,1,297.45
p1_W3_E3.20,120.0,10.49,0.0,0,257.73
p1_W1_E1.21,126.0,8.76,0.0,0,259.23
p1_E3_N1.1,61.0,47.03,17.0,2,460.43
p1_E_W.8,116.0,11.41,0.0,0,259.65
p1_W1_S1.2,123.0,29.76,7.0,1,324.65
p1_N3_S3.7,140.0,12.53,0.0,0,272.7
p1_S2_N2.6,120.0,29.17,11.0,1,320.86
p1_N3_S3.6,120.0,26.36,12.0,1,294.6
p1_S3_N3.6,120.0,26.78,12.0,1,301.43
p1_W2_S2.2,123.0,31.03,9.0,1,328.15
p1_S3_N3.7,140.0,13.72,0.0,0,273.32
p1_S3_E3.3,183.0,15.19,0.0,0,179.29
p1_N1_W3.2,123.0,32.53,10.0,1,331.05
p1_N1_S1.7,140.0,7.73,0.0,0,253.43
p1_E2_N2.2,120.0,27.15,4.0,1,298.53
p1_S2_N2.7,140.0,8.37,0.0,0,243.04
p1_N2_S2.7,140.0,9.08,0.0,0,242.67
p1_N2_S2.6,120.0,25.69,9.0,1,292.21
p1_N3_W1.2,123.0,41.65,20.0,2,340.58
p1_W_E.25,150.0,15.34,0.0,0,286.57
p1_W1_E1.23,138.0,28.24,8.0,1,324.55
p1_W1_E1.24,144.0,22.09,2.0,1,299.3
p1_W_E.23,138.0,29.12,8.0,1,319.74
p1_W3_E3.23,138.0,21.48,8.0,1,292.49
p1_E_W.10,144.0,18.49,2.0,1,295.56
p1_W3_E3.24,144.0,16.8,1.0,1,286.02
p1_E3_W3.10,144.0,22.73,3.0,1,312.19
p1_W_E.26,156.0,11.0,0.0,0,273.31
p1_E1_W1.11,159.0,7.93,0.0,0,242.98
p1_N2_W2.2,123.0,39.99,17.0,2,342.35
p1_W1_E1.25,150.0,18.36,0.0,0,300.79
p1_W3_E3.25,150.0,18.39,0.0,0,304.12
p1_W3_E3.26,156.0,8.13,0.0,0,240.72
p1_W_E.24,144.0,17.31,1.0,1,295.14
p1_E1_W1.10,144.0,10.14,0.0,0,242.46
p1_N2_S2.8,160.0,18.39,0.0,0,310.38
p1_N1_S1.8,160.0,19.13,0.0,0,306.24
p1_S2_N2.8,160.0,19.01,0.0,0,314.52
p1_N3_S3.8,160.0,16.04,0.0,0,305.54
p1_S1_N1.8,160.0,17.36,0.0,0,295.89
p1_S3_N3.8,160.0,19.71,0.0,0,322.27
p1_W_E.30,180.0,8.72,0.0,0,259.59
p1_S1_N1.7,140.0,27.53,13.0,1,293.33
p1_W1_E1.27,162.0,30.4,11.0,1,324.19
p1_W_E.28,168.0,24.04,4.0,1,317.94
p1_W3_E3.28,168.0,24.56,6.0,2,309.61
p1_E1_W1.12,173.0,18.87,0.0,0,314.76
p1_E_W.12,173.0,19.44,1.0,1,302.58
p1_W1_E1.29,174.0,18.31,0.0,0,286.13
p1_W3_E3.27,162.0,30.81,10.0,1,331.24
p1_W_E.29,174.0,18.8,1.0,1,283.21
p1_W1_E1.28,168.0,26.24,7.0,1,296.77
p1_W3_E3.29,174.0,20.75,0.0,0,309.39
p1_W3_E3.30,180.0,11.58,0.0,0,258.77
p1_E_W.11,159.0,24.8,10.0,1,286.05
p1_W3_S3.3,183.0,14.1,0.0,0,271.46
p1_E3_W3.11,159.0,24.47,10.0,1,287.42
p1_W1_E1.26,156.0,28.27,12.0,1,296.23
p1_W1_E1.30,180.0,9.71,0.0,0,253.48
p1_W_E.27,162.0,18.87,3.0,1,275.88
p1_S1_N1.9,180.0,24.07,5.0,1,301.76
p1_N2_S2.9,180.0,25.44,4.0,1,316.28
p1_S2_N2.9,180.0,25.36,6.0,1,316.73
p1_N3_S3.9,180.0,25.41,5.0,1,319.89
p1_E2_N2.3,180.0,25.59,8.0,1,299.59
p1_E3_W3.12,173.0,9.54,0.0,0,254.02
p1_W2_S2.3,183.0,23.43,7.0,1,289.05
p1_E3_N1.2,120.0,42.58,10.0,1,462.96
p1_N1_S1.9,180.0,17.54,2.0,1,288.27
p1_N1_W3.3,183.0,16.16,1.0,1,278.82
p1_S3_E3.4,243.0,7.59,0.0,0,168.94
p1_W1_S1.3,183.0,21.34,2.0,1,308.44
p1_S3_N3.9,180.0,15.72,1.0,1,271.07
p1_E1_W1.14,202.0,14.77,0.0,0,287.32
p1_W_E.31,186.0,32.4,13.0,2,322.54
p1_E_W.13,188.0,30.22,10.0,1,322.58
p1_W1_E1.32,192.0,26.06,7.0,1,314.84
p1_W3_E3.34,204.0,8.5,0.0,0,254.45
p1_W3_E3.35,210.0,8.26,0.0,0,256.76
p1_E1_N3.4,240.0,21.35,11.0,1,191.74
p1_N3_W1.3,183.0,30.26,10.0,2,309.94
p1_E1_W1.13,188.0,28.23,10.0,1,305.94
p1_W3_E3.32,192.0,23.86,6.0,1,305.16
p1_E3_W3.14,202.0,9.53,0.0,0,255.76
p1_S2_E2.3,183.0,31.08,12.0,2,323.3
p1_W1_E1.31,186.0,23.5,11.0,1,295.35
p1_E_W.14,202.0,18.73,0.0,0,295.68
p1_W1_E1.33,198.0,17.44,0.0,0,285.63
p1_W3_E3.33,198.0,16.35,0.0,0,279.77
p1_S1_E1.2,123.0,44.69,13.0,2,462.5
p1_W3_E3.31,186.0,28.33,11.0,1,308.38
p1_W_E.32,192.0,22.33,3.0,1,288.71
p1_W_E.33,198.0,20.43,1.0,1,300.95
p1_N2_W2.3,183.0,22.62,2.0,1,299.33
p1_W_E.35,210.0,14.69,0.0,0,284.3
p1_W_E.34,204.0,9.23,0.0,0,252.75
p1_W1_E1.34,204.0,8.28,0.0,0,247.11
p1_N1_S1.11,220.0,9.76,0.0,0,256.7
p1_S1_N1.11,220.0,10.02,0.0,0,265.29
p1_N1_S1.10,200.0,31.38,12.0,1,339.74
p1_S2_N2.10,200.0,31.39,11.0,1,323.19
p1_S3_N3.10,200.0,31.19,12.0,1,321.36
p1_S1_N1.10,200.0,31.71,13.0,1,329.79
p1_E3_W3.13,188.0,17.95,4.0,1,280.51
p1_N3_S3.10,200.0,22.65,8.0,1,284.58
p1_N2_S2.11,220.0,8.45,0.0,0,244.59
p1_N3_S3.11,220.0,8.22,0.0,0,243.95
p1_N2_S2.10,200.0,22.03,9.0,1,272.83
p1_S2_N2.11,220.0,8.92,0.0,0,239.73
p1_E_W.16,231.0,8.82,0.0,0,251.55
p1_W_E.36,216.0,21.55,6.0,1,284.75
p1_E_W.15,216.0,26.83,8.0,1,314.98
p1_W_E.37,222.0,21.89,2.0,1,299.62
p1_W1_E1.38,228.0,16.06,0.0,0,285.38
p1_W3_E3.36,216.0,28.94,9.0,1,325.49
p1_W3_E3.37,222.0,21.16,3.0,1,307.82
p1_E3_W3.16,231.0,13.62,0.0,0,273.35
p1_W1_E1.36,216.0,26.47,9.0,1,321.85
p1_E1_W1.15,216.0,19.44,5.0,1,289.11
p1_E1_W1.16,231.0,8.86,0.0,0,254.52
p1_W1_E1.39,234.0,11.91,0.0,0,265.88
p1_W3_E3.38,228.0,19.08,0.0,0,309.21
p1_W3_E3.39,234.0,12.96,0.0,0,278.74
p1_W1_E1.37,222.0,25.65,4.0,1,304.27
p1_W1_E1.35,210.0,24.62,10.0,1,278.07
p1_W_E.39,234.0,8.92,0.0,0,245.71
p1_S1_N1.12,240.0,15.53,1.0,1,290.35
p1_W_E.38,228.0,9.33,0.0,0,244.45
p1_N1_S1.12,240.0,15.79,0.0,0,307.21
p1_S2_N2.12,240.0,15.87,0.0,0,303.28
p1_N3_S3.12,240.0,15.12,0.0,0,284.97
p1_E3_N1.3,180.0,26.91,6.0,1,385.28
p1_S3_N3.12,240.0,11.99,0.0,0,269.63
p1_N1_W3.4,243.0,16.05,0.0,0,285.65
p1_S3_N3.11,220.0,25.81,12.0,1,277.46
p1_S3_E3.5,303.0,7.11,0.0,0,171.17
p1_W1_E1.42,252.0,16.56,1.0,1,303.8
p1_E1_W1.18,260.0,8.03,0.0,0,242.6
p1_W3_S3.4,243.0,26.97,4.0,1,318.09
p1_W3_E3.42,252.0,16.8,0.0,0,283.52
p1_E_W.18,260.0,8.22,0.0,0,241.69
p1_E1_W1.17,245.0,25.55,5.0,1,314.15
p1_W1_E1.43,258.0,12.41,0.0,0,287.32
p1_E1_N3.5,300.0,13.42,2.0,1,181.79
p1_N3_W1.4,243.0,26.51,8.0,1,309.05
p1_E_W.17,245.0,18.76,3.0,1,296.39
p1_E3_W3.17,245.0,26.06,5.0,1,317.98
p1_W1_E1.41,246.0,21.52,4.0,1,305.08
p1_W_E.41,246.0,24.65,4.0,2,314.63
p1_E3_W3.18,260.0,12.3,0.0,0,253.47
p1_S1_E1.3,183.0,46.89,13.0,2,481.17
p1_W3_E3.40,240.0,31.41,10.0,1,325.26
p1_W1_E1.40,240.0,26.37,10.0,1,305.13
p1_W_E.42,252.0,15.79,0.0,0,275.56
p1_S2_E2.4,243.0,16.55,1.0,1,278.36
p1_W_E.43,258.0,18.0,0.0,0,284.83
p1_W3_E3.43,258.0,13.08,0.0,0,275.29
p1_W_E.40,240.0,26.63,8.0,1,298.67
p1_W3_E3.41,246.0,31.1,7.0,1,330.18
p1_W_E.44,264.0,13.68,0.0,0,275.1
p1_E3_W3.15,216.0,31.81,14.0,1,319.13
p1_W1_S1.4,243.0,38.81,18.0,2,330.54
p1_N1_S1.13,260.0,23.24,6.0,2,308.76
p1_S2_N2.13,260.0,23.21,3.0,1,320.34
p1_N2_S2.13,260.0,24.07,4.0,2,318.79
p1_N3_S3.13,260.0,23.64,6.0,2,312.35
p1_W2_S2.4,243.0,37.45,12.0,2,330.36
p1_E2_N2.4,240.0,43.69,21.0,2,336.09
p1_S1_N1.13,260.0,21.96,4.0,1,302.34
p1_S3_N3.13,260.0,11.31,0.0,0,255.88
p1_W3_E3.46,276.0,18.8,3.0,1,298.89
p1_W1_E1.47,282.0,12.77,0.0,0,280.49
p1_N2_S2.12,240.0,27.49,12.0,1,277.97
p1_W3_E3.44,264.0,32.47,12.0,1,330.33
p1_W1_E1.45,270.0,26.05,6.0,2,318.69
p1_W_E.45,270.0,26.32,7.0,1,325.81
p1_E_W.19,274.0,22.25,2.0,1,320.96
p1_E3_W3.19,274.0,21.32,3.0,1,310.3
p1_W1_E1.46,276.0,20.51,1.0,1,298.61
p1_W_E.47,282.0,14.17,0.0,0,280.02
p1_W1_E1.48,288.0,10.42,0.0,0,258.52
p1_W_E.48,288.0,10.08,0.0,0,249.33
p1_E_W.20,288.0,10.25,0.0,0,247.2
p1_W3_E3.48,288.0,10.29,0.0,0,254.7
p1_E1_W1.20,288.0,8.03,0.0,0,243.75
p1_N2_W2.4,243.0,45.44,16.0,2,328.76
p1_W1_E1.44,264.0,27.65,9.0,1,299.44
p1_W3_E3.45,270.0,17.21,4.0,1,275.56
p1_W3_E3.47,282.0,19.35,0.0,0,283.11
p1_E1_W1.19,274.0,9.78,0.0,0,245.07
p1_S1_N1.15,300.0,7.48,0.0,0,243.83
p1_N2_S2.15,300.0,7.4,0.0,0,236.43
p1_S2_N2.15,300.0,8.07,0.0,0,241.72
p1_N1_S1.14,280.0,29.24,10.0,1,316.77
p1_S1_N1.14,280.0,29.2,9.0,1,327.79
p1_S3_N3.14,280.0,29.23,10.0,1,324.51
p1_N3_S3.15,300.0,8.46,0.0,0,247.39
p1_S3_N3.15,300.0,8.24,0.0,0,245.63
p1_N2_S2.14,280.0,21.13,8.0,1,290.39
p1_S2_N2.14,280.0,30.05,10.0,1,316.14
p1_N3_S3.14,280.0,20.6,6.0,1,282.36
p1_N1_S1.15,300.0,8.02,0.0,0,241.77
p1_W1_E1.50,300.0,22.32,2.0,1,313.86
p1_E1_W1.21,303.0,19.31,0.0,0,304.67
p1_E3_W3.21,303.0,19.2,0.0,0,314.44
p1_W1_E1.49,294.0,26.75,8.0,1,312.32
p1_W_E.50,300.0,17.8,1.0,1,300.62
p1_E_W.21,303.0,20.0,1.0,1,306.86
p1_W_E.51,306.0,17.03,0.0,0,304.66
p1_W3_E3.52,312.0,11.38,0.0,0,262.99
p1_W3_E3.49,294.0,19.36,5.0,1,277.04
p1_W_E.52,312.0,13.74,0.0,0,278.7
p1_W_E.49,294.0,30.88,9.0,2,316.44
p1_S2_E2.5,303.0,27.29,14.0,1,311.5
p1_W3_S3.5,303.0,10.93,0.0,0,264.27
p1_E3_W3.20,288.0,23.15,9.0,1,277.88
p1_S1_E1.4,243.0,47.4,16.0,2,479.47
p1_E3_N1.4,240.0,50.52,20.0,2,475.07
p1_W_E.46,276.0,25.01,10.0,1,297.06
p1_W1_S1.5,303.0,30.37,10.0,2,311.54
p1_N3_S3.16,320.0,14.92,0.0,0,282.59
p1_W3_E3.50,300.0,12.92,0.0,0,275.45
p1_N1_W3.5,303.0,33.28,13.0,1,327.44
p1_E1_N3.6,363.0,8.14,0.0,0,167.79
p1_W3_E3.51,306.0,10.17,0.0,0,243.94
p1_N2_S2.16,320.0,9.21,0.0,0,250.45
p1_W2_S2.5,303.0,24.11,4.0,1,300.48
p1_S1_N1.16,320.0,8.63,0.0,0,255.37
p1_S2_N2.16,320.0,8.86,0.0,0,252.52
p1_S3_E3.6,363.0,12.5,1.0,1,176.82
p1_N1_S1.16,320.0,9.32,0.0,0,245.13
p1_E3_W3.23,332.0,14.95,0.0,0,294.06
p1_E2_N2.5,300.0,12.79,0.0,0,265.85
p1_W1_E1.53,318.0,30.35,11.0,1,324.97
p1_W_E.54,324.0,24.04,4.0,1,314.45
p1_E_W.22,317.0,23.9,10.0,1,288.03
p1_E3_W3.22,317.0,31.8,10.0,1,316.96
p1_W3_E3.54,324.0,20.51,4.0,1,290.2
p1_N3_W1.5,303.0,38.2,21.0,2,319.98
p1_W_E.53,318.0,28.64,10.0,1,317.39
p1_W1_E1.56,336.0,14.33,0.0,0,279.47
p1_W_E.56,336.0,14.16,0.0,0,280.89
p1_W3_E3.53,318.0,27.34,9.0,1,306.55
p1_N2_W2.5,303.0,39.44,18.0,2,324.47
p1_E1_W1.23,332.0,8.78,0.0,0,243.53
p1_W1_E1.57,342.0,10.41,0.0,0,263.48
p1_W_E.57,342.0,9.71,0.0,0,252.8
p1_E1_W1.22,317.0,24.84,8.0,1,292.83
p1_E_W.23,332.0,21.01,1.0,1,308.5
p1_W3_E3.56,336.0,17.1,0.0,0,287.81
p1_W1_E1.54,324.0,30.06,6.0,1,304.49
p1_W1_E1.51,306.0,26.25,11.0,1,277.38
p1_W1_E1.55,330.0,20.68,0.0,0,297.53
p1_W1_E1.52,312.0,25.3,9.0,1,286.1
p1_N2_S2.17,340.0,21.2,0.0,0,312.31
p1_S3_N3.17,340.0,21.26,2.0,1,306.74
p1_S1_N1.17,340.0,20.21,1.0,1,303.17
p1_N1_S1.17,340.0,12.48,0.0,0,265.74
p1_N3_S3.17,340.0,9.95,0.0,0,250.17
p1_S3_N3.16,320.0,27.22,14.0,1,287.2
p1_E3_W3.24,346.0,28.29,9.0,1,316.85
p1_W_E.59,354.0,20.33,1.0,1,315.04
p1_W3_E3.59,354.0,19.95,0.0,0,313.53
p1_W1_E1.61,366.0,8.57,0.0,0,248.33
p1_E1_W1.24,346.0,29.13,10.0,2,321.81
p1_E_W.24,346.0,27.89,9.0,1,316.2
p1_W1_E1.58,348.0,20.19,5.0,1,290.24
p1_W1_E1.59,354.0,21.85,0.0,0,317.61
p1_W_E.58,348.0,28.66,9.0,2,314.5
p1_E1_W1.25,360.0,16.94,0.0,0,307.6
p1_W3_E3.55,330.0,41.48,15.0,1,336.71
p1_W3_E3.60,360.0,10.33,0.0,0,256.75
p1_E3_W3.25,360.0,9.33,0.0,0,250.01
p1_W3_E3.57,342.0,37.4,11.0,1,347.18
p1_W3_S3.6,363.0,16.84,0.0,0,273.51
p1_W1_E1.60,360.0,8.7,0.0,0,251.62
p1_W_E.55,330.0,27.98,12.0,1,293.48
p1_W_E.60,360.0,9.35,0.0,0,236.18
p1_N1_W3.6,363.0,24.02,3.0,1,322.49
p1_N1_S1.18,360.0,23.12,7.0,1,302.89
p1_S1_N1.18,360.0,27.69,7.0,1,323.66
p1_N3_S3.18,360.0,27.95,6.0,1,322.21
p1_S3_N3.18,360.0,21.37,6.0,1,296.04
p1_W2_S2.6,363.0,25.14,4.0,1,302.99
p1_S1_N1.19,380.0,7.9,0.0,0,246.92
p1_S2_N2.19,380.0,8.4,0.0,0,244.96
p1_S3_N3.19,380.0,8.28,0.0,0,239.28
p1_W3_E3.58,348.0,16.05,2.0,1,268.43
p1_W1_S1.6,363.0,25.98,4.0,1,316.04
p1_N3_S3.19,380.0,7.67,0.0,0,237.05
p1_N2_S2.18,360.0,18.47,4.0,1,260.73
p1_S3_E3.7,423.0,7.96,0.0,0,162.26
p1_W1_E1.65,390.0,8.04,0.0,0,240.06
p1_E3_N1.5,300.0,55.69,24.0,4,492.01
p1_E1_W1.27,389.0,9.77,0.0,0,249.05
p1_N3_W1.6,363.0,37.93,16.0,2,349.92
p1_W1_E1.62,372.0,27.8,8.0,1,325.25
p1_E_W.26,375.0,25.08,6.0,1,307.11
p1_W1_E1.64,384.0,16.35,0.0,0,269.62
p1_W_E.64,384.0,16.06,0.0,0,281.85
p1_E3_W3.27,389.0,7.36,0.0,0,240.9
p1_S2_E2.6,363.0,37.85,16.0,2,347.53
p1_W3_E3.61,366.0,25.58,12.0,1,278.76
p1_E1_W1.26,375.0,26.14,6.0,1,327.93
p1_E3_W3.26,375.0,25.75,5.0,1,308.91
p1_E1_N3.7,421.0,23.63,12.0,1,199.75
p1_W3_E3.62,372.0,20.57,5.0,1,270.5
p1_E_W.27,389.0,13.17,0.0,0,275.33
p1_W_E.65,390.0,12.21,0.0,0,266.6
p1_W_E.62,372.0,30.7,8.0,2,324.37
p1_W3_E3.63,378.0,24.94,2.0,1,295.52
p1_S2_N2.17,340.0,27.79,12.0,1,295.72
p1_W_E.63,378.0,26.17,5.0,1,320.56
p1_W3_E3.64,384.0,19.6,0.0,0,283.18
p1_W1_E1.63,378.0,12.68,0.0,0,275.02
p1_E_W.25,360.0,25.83,11.0,1,287.24
p1_W_E.61,366.0,26.63,10.0,1,294.91
p1_N1_S1.20,400.0,9.26,0.0,0,235.42
p1_E2_N2.6,363.0,50.12,26.0,2,360.11
p1_N2_S2.20,400.0,12.92,0.0,0,276.82
p1_S3_N3.20,400.0,13.27,0.0,0,270.52
p1_N2_W2.6,363.0,46.09,20.0,4,351.21
p1_N1_S1.19,380.0,29.91,12.0,1,320.22
p1_N2_S2.19,380.0,25.24,12.0,1,285.45
p1_S2_N2.20,400.0,15.52,2.0,1,274.25
p1_S1_N1.20,400.0,8.69,0.0,0,241.37
p1_S1_E1.5,303.0,62.64,28.0,4,493.55
p1_N3_S3.20,400.0,8.61,0.0,0,242.69
p1_W3_E3.67,402.0,22.36,7.0,1,293.7
p1_W_E.69,414.0,10.52,0.0,0,263.72
p1_S2_N2.18,360.0,25.92,10.0,1,286.34
p1_W1_E1.67,402.0,24.55,4.0,1,314.85
p1_W_E.67,402.0,24.25,4.0,1,317.01
p1_E1_W1.28,404.0,22.22,3.0,2,305.34
p1_E_W.28,404.0,22.42,3.0,1,298.23
p1_E3_W3.28,404.0,14.88,1.0,1,274.94
p1_W3_E3.68,408.0,17.95,0.0,0,286.46
p1_W1_E1.66,396.0,31.0,12.0,2,325.94
p1_W_E.68,408.0,15.99,0.0,0,289.77
p1_W3_E3.66,396.0,24.03,8.0,1,289.52
p1_W1_E1.69,414.0,14.89,0.0,0,291.98
p1_W_E.66,396.0,26.56,7.0,1,293.38
p1_W1_E1.68,408.0,12.12,0.0,0,267.64
p1_W3_E3.69,414.0,9.15,0.0,0,243.43
p1_W3_E3.65,390.0,26.09,10.0,1,278.92
p1_N3_S3.21,420.0,17.08,0.0,0,307.33
p1_N2_S2.21,420.0,19.13,0.0,0,314.69
p1_N1_S1.21,420.0,11.52,0.0,0,276.67
p1_S1_N1.21,420.0,20.07,1.0,1,307.24
p1_S2_N2.21,420.0,12.72,0.0,0,290.38
p1_S3_N3.21,420.0,10.46,0.0,0,274.54
p1_S1_E1.6,363.0,43.28,10.0,2,476.37
p1_N1_W3.7,423.0,11.06,0.0,0,261.75
p1_S3_E3.8,483.0,7.13,0.0,0,167.51
p1_E3_N1.6,363.0,41.67,9.0,2,452.72
p1_S2_E2.7,423.0,29.11,8.0,1,316.68
p1_W_E.71,426.0,26.41,7.0,1,311.66
p1_W1_E1.72,432.0,20.24,1.0,1,279.54
p1_E1_W1.30,432.0,20.56,1.0,1,312.07
p1_W3_E3.70,420.0,33.03,14.0,2,337.01
p1_W3_E3.71,426.0,25.04,6.0,1,315.51
p1_W_E.70,420.0,34.12,15.0,2,328.7
p1_N3_W1.7,423.0,31.2,11.0,1,321.99
p1_W_E.72,432.0,22.13,2.0,1,313.25
p1_W1_E1.73,438.0,15.93,0.0,0,288.94
p1_W3_E3.72,432.0,23.03,1.0,1,304.01
p1_E1_W1.29,418.0,31.62,14.0,1,322.77
p1_E_W.29,418.0,25.09,9.0,1,289.0
p1_W3_S3.7,423.0,28.33,10.0,1,303.45
p1_W1_E1.71,426.0,18.25,3.0,1,286.44
p1_W_E.74,444.0,10.76,0.0,0,263.09
p1_W3_E3.74,444.0,12.56,0.0,0,265.67
p1_E1_N3.8,480.0,13.57,1.0,1,175.07
p1_W3_E3.73,438.0,18.8,0.0,0,298.18
p1_E_W.30,432.0,13.79,0.0,0,268.74
p1_W_E.73,438.0,12.59,0.0,0,275.73
p1_W1_E1.70,420.0,24.32,8.0,1,291.2
p1_E3_W3.30,432.0,11.62,0.0,0,257.13
p1_W1_S1.7,423.0,40.43,17.0,2,335.4
p1_N2_W2.7,423.0,38.5,17.0,2,329.2
p1_E2_N2.7,421.0,44.37,14.0,3,343.4
p1_N1_S1.22,440.0,25.42,4.0,1,315.86
p1_S2_N2.22,440.0,24.81,5.0,1,319.23
p1_S1_N1.22,440.0,17.28,2.0,1,275.22
p1_S3_N3.22,440.0,25.47,8.0,2,321.0
p1_W2_S2.7,423.0,38.4,16.0,2,334.42
p1_N3_S3.22,440.0,15.88,2.0,1,269.12
p1_E_W.32,461.0,15.4,0.0,0,284.95
p1_E1_W1.31,447.0,31.02,12.0,1,322.81
p1_E3_W3.31,447.0,31.32,12.0,1,323.47
p1_W_E.75,450.0,28.35,10.0,2,318.75
p1_W_E.76,456.0,14.76,0.0,0,285.02
p1_E_W.31,447.0,31.81,12.0,1,330.89
p1_W3_E3.75,450.0,28.72,8.0,1,324.11
p1_W1_E1.77,462.0,9.75,0.0,0,253.66
p1_W1_E1.75,450.0,26.7,7.0,1,311.18
p1_W3_E3.76,456.0,13.6,0.0,0,275.1
p1_W3_E3.77,462.0,18.34,0.0,0,306.62
p1_W1_E1.76,456.0,24.69,3.0,1,290.19
p1_W1_E1.74,444.0,30.67,12.0,1,312.33
p1_W_E.78,468.0,8.84,0.0,0,245.43
p1_E3_W3.29,418.0,37.5,17.0,2,309.74
p1_W_E.77,462.0,9.23,0.0,0,244.35
p1_W1_E1.78,468.0,8.69,0.0,0,242.0
p1_N1_S1.24,480.0,9.3,0.0,0,260.5
p1_S1_N1.24,480.0,9.32,0.0,0,243.56
p1_N3_S3.24,480.0,9.48,0.0,0,256.1
p1_S2_N2.24,480.0,9.73,0.0,0,267.82
p1_S3_N3.24,480.0,9.81,0.0,0,261.17
p1_S1_N1.23,460.0,31.51,12.0,1,319.7
p1_N2_S2.23,460.0,31.27,12.0,2,327.02
p1_S2_N2.23,460.0,31.25,12.0,1,329.28
p1_N1_S1.23,460.0,31.75,11.0,1,332.34
p1_S3_N3.23,460.0,31.68,12.0,1,324.91
p1_N3_S3.23,460.0,22.26,8.0,1,283.81
p1_N2_S2.24,480.0,13.84,0.0,0,263.94
p1_E1_W1.34,490.0,12.48,0.0,0,270.94
p1_N2_S2.22,440.0,26.11,10.0,1,292.6
p1_N3_W1.8,483.0,17.39,2.0,1,288.73
p1_E3_W3.34,490.0,11.18,0.0,0,272.4
p1_E1_W1.33,476.0,28.46,11.0,2,315.22
p1_W1_E1.80,480.0,18.14,5.0,1,288.91
p1_W1_E1.79,474.0,24.35,8.0,1,301.42
p1_W_E.80,480.0,24.66,3.0,1,313.18
p1_E_W.33,476.0,19.98,5.0,1,285.14
p1_E3_W3.33,476.0,24.62,7.0,1,308.65
p1_N2_W2.8,483.0,21.73,5.0,1,291.89
p1_W1_E1.81,486.0,20.06,0.0,0,307.94
p1_W_E.81,486.0,19.98,0.0,0,306.39
p1_S2_E2.8,483.0,18.59,2.0,1,291.93
p1_W1_E1.82,492.0,11.36,0.0,0,267.65
p1_W3_E3.82,492.0,14.1,0.0,0,268.21
p1_W3_S3.8,483.0,25.78,3.0,1,306.93
p1_W_E.82,492.0,16.18,0.0,0,297.66
p1_E1_N3.9,540.0,8.6,0.0,0,159.28
p1_W_E.79,474.0,34.27,11.0,1,335.65
p1_W3_E3.83,498.0,10.74,0.0,0,267.86
p1_W3_E3.79,474.0,19.6,4.0,1,267.46
p1_W3_E3.81,486.0,19.94,0.0,0,298.88
p1_E3_N1.7,421.0,51.4,23.0,2,461.3
p1_W3_E3.80,480.0,30.14,4.0,1,319.21
p1_N3_S3.25,500.0,15.19,1.0,1,294.66
p1_W1_S1.8,483.0,33.15,12.0,2,330.1
p1_N2_S2.25,500.0,15.77,1.0,1,295.75
p1_E1_W1.32,461.0,27.55,13.0,1,286.61
p1_W3_E3.78,468.0,27.18,12.0,1,300.26
p1_S2_N2.25,500.0,13.94,0.0,0,278.06
p1_W2_S2.8,483.0,34.69,13.0,2,328.5
p1_S1_N1.25,500.0,8.18,0.0,0,241.45
p1_E2_N2.8,480.0,30.63,9.0,2,318.53
p1_E3_W3.32,461.0,23.68,7.0,1,293.8
p1_S3_E3.9,543.0,15.56,3.0,1,179.66
p1_N1_W3.8,483.0,26.28,8.0,1,295.0
p1_S3_N3.25,500.0,10.07,0.0,0,244.52
p1_W1_E1.86,516.0,12.95,0.0,0,278.15
p1_E_W.36,519.0,10.34,0.0,0,263.71
p1_E3_W3.36,519.0,8.59,0.0,0,246.76
p1_W_E.83,498.0,31.95,11.0,1,333.32
p1_W3_E3.84,504.0,26.19,5.0,1,323.44
p1_E3_W3.35,504.0,26.11,7.0,1,313.86
p1_W1_E1.85,510.0,20.42,2.0,1,316.5
p1_W1_E1.84,504.0,26.84,7.0,1,317.54
p1_W_E.84,504.0,26.83,7.0,1,317.56
p1_W3_E3.85,510.0,13.03,0.0,0,278.39
p1_E1_W1.35,504.0,18.32,4.0,1,272.78
p1_E_W.35,504.0,27.78,7.0,2,326.15
p1_E1_W1.36,519.0,8.77,0.0,0,236.37
p1_W1_E1.87,522.0,10.42,0.0,0,266.1
p1_W_E.85,510.0,17.59,1.0,1,289.64
p1_W_E.86,516.0,16.78,0.0,0,296.67
p1_W1_E1.83,498.0,36.17,12.0,1,332.76
p1_W3_E3.86,516.0,8.45,0.0,0,241.88
p1_E_W.34,490.0,26.32,11.0,1,291.35
p1_S1_E1.7,423.0,40.61,20.0,2,409.34
p1_S1_N1.26,520.0,23.28,5.0,2,318.55
p1_S2_N2.26,520.0,23.52,5.0,2,301.52
p1_N3_S3.26,520.0,23.18,3.0,1,312.59
p1_S3_N3.26,520.0,14.72,2.0,1,279.75
p1_N1_S1.26,520.0,22.13,2.0,1,306.37
p1_N2_S2.26,520.0,14.75,1.0,1,269.54
p1_N1_S1.25,500.0,26.86,11.0,1,288.02
p1_W3_E3.89,534.0,20.52,2.0,1,289.24
p1_W1_E1.91,546.0,9.05,0.0,0,249.7
p1_W3_E3.91,546.0,8.74,0.0,0,252.97
p1_W_E.88,528.0,28.36,8.0,1,314.92
p1_E1_W1.37,533.0,23.36,4.0,1,308.33
p1_E_W.37,533.0,23.45,5.0,2,313.55
p1_E3_W3.37,533.0,23.36,3.0,1,322.62
p1_W_E.90,540.0,14.76,0.0,0,289.73
p1_E_W.38,548.0,8.01,0.0,0,239.81
p1_W1_E1.89,534.0,22.65,1.0,1,323.12
p1_E3_W3.38,548.0,7.38,0.0,0,241.98
p1_W_E.91,546.0,11.95,0.0,0,263.25
p1_S1_E1.8,483.0,26.46,6.0,1,389.75
p1_W1_E1.90,540.0,17.63,0.0,0,299.72
p1_W_E.87,522.0,28.38,11.0,1,317.28
p1_W_E.89,534.0,18.78,2.0,1,285.72
p1_E1_N3.10,600.0,7.11,0.0,0,165.22
p1_W3_E3.88,528.0,17.91,3.0,1,277.63
p1_W3_E3.90,540.0,12.88,0.0,0,259.09
p1_W1_E1.88,528.0,18.75,4.0,1,276.87
p1_N1_S1.27,540.0,27.18,10.0,1,315.01
p1_E3_N1.8,480.0,44.97,13.0,2,469.3
p1_N3_S3.28,560.0,8.31,0.0,0,240.37
p1_S3_N3.28,560.0,7.64,0.0,0,251.54
p1_S2_N2.27,540.0,29.45,11.0,2,324.74
p1_W2_S2.9,543.0,26.53,6.0,1,319.25
p1_N1_S1.28,560.0,9.26,0.0,0,251.49
p1_S1_N1.28,560.0,9.41,0.0,0,244.53
p1_N3_S3.27,540.0,29.65,10.0,1,334.55
p1_S3_N3.27,540.0,29.68,11.0,2,326.13
p1_W1_S1.9,543.0,27.84,6.0,1,314.9
p1_E2_N2.9,540.0,30.06,11.0,1,326.29
p1_N1_W3.9,543.0,22.73,4.0,1,305.45
p1_S3_E3.10,603.0,10.88,0.0,0,173.64
p1_S1_N1.27,540.0,30.7,8.0,1,330.26
p1_N2_S2.27,540.0,18.45,4.0,1,272.09
p1_N2_S2.28,560.0,8.8,0.0,0,240.58
p1_N3_W1.9,543.0,36.47,18.0,2,325.8
p1_W_E.92,552.0,30.42,11.0,1,321.53
p1_W3_E3.93,558.0,23.77,3.0,1,307.89
p1_N2_W2.9,543.0,36.71,10.0,2,327.11
p1_E1_W1.39,562.0,20.64,1.0,1,310.47
p1_E3_W3.39,562.0,13.56,0.0,0,291.71
p1_W1_E1.94,564.0,18.69,0.0,0,302.62
p1_S2_E2.9,543.0,36.59,15.0,2,329.44
p1_W3_S3.9,543.0,41.36,11.0,1,326.38
p1_W1_E1.92,552.0,21.62,6.0,1,268.46
p1_W3_E3.95,570.0,11.5,0.0,0,266.43
p1_W1_E1.93,558.0,28.12,5.0,1,320.96
p1_W_E.94,564.0,21.77,2.0,2,318.0
p1_W1_E1.95,570.0,11.27,0.0,0,262.09
p1_W_E.93,558.0,21.1,1.0,1,294.83
p1_W_E.95,570.0,16.95,0.0,0,291.99
p1_E_W.39,562.0,9.68,0.0,0,254.5
p1_W3_E3.96,576.0,14.13,0.0,0,256.72
p1_W3_E3.94,564.0,10.26,0.0,0,254.26
p1_W3_E3.92,552.0,39.97,11.0,1,348.6
p1_E1_W1.38,548.0,23.47,7.0,1,275.73
p1_N1_S1.29,580.0,14.39,0.0,0,286.52
p1_N2_S2.29,580.0,14.18,0.0,0,289.75
p1_N3_S3.29,580.0,13.71,0.0,0,280.65
p1_S2_N2.29,580.0,8.52,0.0,0,235.68
p1_S1_N1.29,580.0,15.82,0.0,0,280.84
p1_W3_E3.87,522.0,27.77,7.0,2,310.54
p1_S3_N3.29,580.0,9.1,0.0,0,242.64
p1_E_W.41,591.0,14.33,1.0,1,300.36
p1_W1_E1.96,576.0,32.5,14.0,1,340.31
p1_W_E.96,576.0,32.55,11.0,2,325.56
p1_W3_E3.97,582.0,26.54,8.0,1,316.45
p1_W3_E3.98,588.0,20.32,1.0,1,309.03
p1_W1_E1.100,600.0,8.05,0.0,0,243.43
p1_E_W.40,576.0,26.24,11.0,1,299.18
p1_E3_W3.40,576.0,29.64,12.0,1,313.98
p1_W_E.97,582.0,26.79,7.0,2,319.04
p1_W_E.98,588.0,22.41,1.0,1,313.88
p1_W3_E3.99,594.0,16.47,1.0,1,295.84
p1_W_E.99,594.0,16.67,0.0,0,294.2
p1_W3_E3.100,600.0,8.55,0.0,0,246.03
p1_W1_E1.99,594.0,13.45,0.0,0,267.76
p1_W_E.100,600.0,12.29,0.0,0,256.8
p1_W1_E1.97,582.0,19.0,4.0,1,284.75
p1_E1_W1.40,576.0,22.58,7.0,1,285.9
p1_W1_E1.98,588.0,10.76,0.0,0,261.24
p1_N1_S1.30,600.0,21.53,1.0,1,314.58
p1_S1_N1.30,600.0,21.49,1.0,1,306.65
p1_N2_S2.30,600.0,21.15,2.0,1,314.36
p1_E1_W1.41,591.0,9.0,0.0,0,242.75
p1_S2_N2.30,600.0,9.9,0.0,0,257.66
p1_N3_S3.30,600.0,10.63,0.0,0,253.21
p1_E3_N1.9,540.0,25.18,7.0,1,385.61
p1_S3_N3.30,600.0,8.79,0.0,0,242.32
p1_N1_W3.10,603.0,11.12,0.0,0,262.92
p1_S2_N2.28,560.0,35.22,14.0,2,312.98
p1_W1_E1.101,606.0,27.16,9.0,1,295.43
p1_N2_W2.10,603.0,31.05,12.0,1,327.56
p1_W_E.103,618.0,16.31,0.0,0,282.53
p1_E1_W1.43,620.0,14.41,0.0,0,285.44
p1_S2_E2.10,603.0,32.1,9.0,1,323.79
p1_E1_W1.42,605.0,21.72,6.0,1,282.74
p1_E3_W3.42,605.0,29.63,10.0,1,320.07
p1_W1_E1.103,618.0,16.89,0.0,0,288.86
p1_N3_W1.10,603.0,33.28,10.0,1,326.65
p1_W_E.101,606.0,30.53,12.0,2,320.11
p1_E3_W3.43,620.0,8.5,0.0,0,238.74
p1_W_E.104,624.0,12.02,0.0,0,270.19
p1_S1_E1.9,543.0,50.91,15.0,3,483.59
p1_W3_E3.102,612.0,17.9,2.0,1,282.67
p1_W3_E3.104,624.0,14.02,0.0,0,271.87
p1_E_W.43,620.0,11.89,0.0,0,252.25
p1_W1_E1.102,612.0,16.6,2.0,1,267.88
p1_W3_E3.103,618.0,21.99,0.0,0,288.22
p1_W1_E1.104,624.0,9.86,0.0,0,256.48
p1_W3_S3.10,603.0,22.5,7.0,1,288.8
p1_E_W.42,605.0,18.74,4.0,1,276.87
p1_W1_S1.10,603.0,43.03,24.0,2,344.08
p1_E1_N3.11,660.0,12.88,0.0,0,174.62
p1_W3_E3.101,606.0,16.92,2.0,1,268.31
p1_S1_N1.31,620.0,27.26,8.0,1,322.17
p1_N3_S3.31,620.0,25.62,7.0,1,313.46
p1_S2_N2.31,620.0,23.08,5.0,1,297.89
p1_S3_N3.31,620.0,27.65,9.0,2,324.78
p1_N3_S3.32,640.0,8.05,0.0,0,237.37
p1_N2_S2.31,620.0,19.16,5.0,1,276.58
p1_S2_N2.32,640.0,9.28,0.0,0,245.09
p1_S3_N3.32,640.0,8.21,0.0,0,246.88
p1_E3_W3.41,591.0,24.63,9.0,1,288.14
p1_W_E.102,612.0,11.97,0.0,0,269.9
p1_N1_S1.32,640.0,7.13,0.0,0,245.95
p1_S3_E3.11,663.0,23.36,13.0,1,192.35
p1_W2_S2.10,603.0,37.33,16.0,2,334.74
p1_E2_N2.10,600.0,37.17,17.0,2,327.72
p1_N1_S1.31,620.0,16.34,2.0,1,281.57
p1_E3_W3.45,648.0,11.18,0.0,0,256.98
p1_W3_E3.105,630.0,30.39,12.0,1,330.14
p1_E1_W1.44,634.0,21.01,6.0,1,295.39
p1_E_W.44,634.0,26.07,8.0,1,314.75
p1_E3_W3.44,634.0,26.21,8.0,1,324.66
p1_W1_E1.106,636.0,17.65,4.0,1,280.53
p1_W3_E3.106,636.0,24.21,4.0,1,310.64
p1_W1_E1.108,648.0,12.37,0.0,0,286.01
p1_E_W.45,648.0,11.71,0.0,0,261.67
p1_W_E.105,630.0,30.66,9.0,1,327.37
p1_E1_W1.45,648.0,7.7,0.0,0,250.68
p1_W1_E1.105,630.0,28.07,9.0,1,317.25
p1_W1_E1.107,642.0,20.17,0.0,0,309.1
p1_W3_E3.108,648.0,14.06,0.0,0,268.48
p1_W3_E3.107,642.0,15.26,0.0,0,282.57
p1_W_E.107,642.0,11.11,0.0,0,251.24
p1_W_E.106,636.0,13.51,0.0,0,253.58
p1_W_E.108,648.0,8.67,0.0,0,246.81
p1_E3_N1.10,600.0,28.13,10.0,1,408.99
p1_N1_S1.33,660.0,10.94,0.0,0,258.2
p1_S1_N1.33,660.0,8.64,0.0,0,242.16
p1_N2_S2.33,660.0,8.38,0.0,0,245.59
p1_N2_S2.32,640.0,28.32,12.0,1,310.35
p1_S2_N2.33,660.0,8.09,0.0,0,245.09
p1_S1_N1.32,640.0,23.96,10.0,1,283.5
p1_S3_N3.33,660.0,8.84,0.0,0,246.55
p1_N1_W3.11,663.0,10.23,0.0,0,250.91
p1_W1_E1.111,666.0,18.57,1.0,1,300.5
p1_E3_W3.47,677.0,8.34,0.0,0,239.87
p1_W1_E1.110,660.0,26.42,8.0,1,308.21
p1_N2_W2.11,663.0,23.32,7.0,1,294.95
p1_E3_W3.46,663.0,23.52,5.0,1,321.75
p1_W_E.110,660.0,21.52,6.0,1,296.49
p1_S2_E2.11,663.0,21.83,7.0,1,295.88
p1_E1_W1.46,663.0,14.56,1.0,1,282.65
p1_E_W.46,663.0,24.02,4.0,2,316.06
p1_W_E.109,654.0,34.57,12.0,2,326.28
p1_W3_E3.109,654.0,30.46,11.0,1,323.33
p1_E_W.47,677.0,11.21,0.0,0,251.61
p1_E1_N3.12,723.0,9.04,0.0,0,158.83
p1_W3_S3.11,663.0,22.68,4.0,1,309.44
p1_W_E.112,672.0,16.85,0.0,0,307.44
p1_W1_E1.112,672.0,9.91,0.0,0,257.16
p1_S1_E1.10,603.0,33.9,6.0,1,446.77
p1_W_E.113,678.0,12.63,0.0,0,278.44
p1_E1_W1.47,677.0,8.91,0.0,0,244.15
p1_W1_E1.109,654.0,30.19,11.0,1,319.5
p1_W3_E3.111,666.0,27.03,1.0,1,321.61
p1_W3_E3.110,660.0,21.96,4.0,1,299.75
p1_W3_E3.112,672.0,23.08,0.0,0,318.72
p1_W3_E3.113,678.0,11.88,0.0,0,265.94
p1_W_E.111,666.0,14.56,0.0,0,270.76
p1_W1_S1.11,663.0,30.8,12.0,2,305.08
p1_E2_N2.11,660.0,39.86,17.0,2,337.5
p1_S2_N2.34,680.0,14.31,0.0,0,286.93
p1_S3_N3.34,680.0,19.56,0.0,0,306.31
p1_N2_S2.34,680.0,20.0,0.0,0,309.82
p1_N3_S3.34,680.0,19.99,0.0,0,305.31
p1_N1_S1.34,680.0,10.26,0.0,0,257.66
p1_S1_N1.34,680.0,9.08,0.0,0,257.78
p1_S3_E3.12,723.0,21.18,8.0,1,188.16
p1_W2_S2.11,663.0,28.73,9.0,2,319.31
p1_N3_S3.33,660.0,27.71,14.0,1,291.48
p1_W_E.117,702.0,8.05,0.0,0,256.66
p1_N3_W1.11,663.0,45.05,24.0,2,334.22
p1_W1_E1.114,684.0,28.49,11.0,2,318.78
p1_W3_E3.114,684.0,27.51,8.0,1,320.9
p1_W3_E3.115,690.0,22.57,2.0,1,309.52
p1_W1_E1.113,678.0,25.66,12.0,1,294.81
p1_W_E.115,690.0,22.89,2.0,1,310.66
p1_E_W.48,692.0,14.17,0.0,0,285.13
p1_E1_W1.48,692.0,11.48,0.0,0,277.68
p1_E1_W1.49,706.0,7.9,0.0,0,238.07
p1_W_E.114,684.0,24.93,6.0,1,304.26
p1_W1_E1.115,690.0,19.83,3.0,1,289.09
p1_W3_E3.116,696.0,10.92,0.0,0,252.48
p1_W1_E1.116,696.0,9.1,0.0,0,245.75
p1_W_E.116,696.0,9.85,0.0,0,250.73
p1_W1_E1.117,702.0,16.34,0.0,0,269.68
p1_W3_E3.117,702.0,8.15,0.0,0,243.3
p1_E3_W3.48,692.0,10.02,0.0,0,253.8
p1_N1_S1.35,700.0,25.38,6.0,1,317.04
p1_S1_N1.35,700.0,25.21,5.0,1,308.12
p1_S2_N2.35,700.0,25.51,7.0,1,319.57
p1_N3_S3.35,700.0,24.46,6.0,1,317.02
p1_S3_N3.35,700.0,25.32,6.0,1,322.45
p1_N2_S2.35,700.0,20.03,4.0,1,287.03
p1_E3_W3.49,706.0,30.08,12.0,1,308.95
p1_W_E.120,720.0,14.61,0.0,0,282.44
p1_E_W.50,720.0,16.68,1.0,1,289.14
p1_W3_E3.121,726.0,11.05,0.0,0,257.87
p1_E_W.49,706.0,31.79,14.0,1,331.27
p1_W1_E1.119,714.0,24.57,7.0,2,309.84
p1_W_E.119,714.0,24.44,3.0,1,320.47
p1_W3_E3.119,714.0,24.12,4.0,1,313.32
p1_W1_E1.118,708.0,28.83,11.0,1,318.96
p1_W3_E3.120,720.0,18.48,0.0,0,294.82
p1_E3_W3.50,720.0,18.77,0.0,0,295.59
p1_W_E.121,726.0,14.4,0.0,0,258.15
p1_E1_W1.50,720.0,7.97,0.0,0,241.01
p1_W1_E1.121,726.0,14.24,0.0,0,284.0
p1_W3_E3.122,732.0,8.82,0.0,0,255.1
p1_W1_E1.120,720.0,17.53,0.0,0,293.1
p1_W3_E3.118,708.0,22.09,6.0,1,280.42
p1_W3_S3.12,723.0,16.19,0.0,0,280.43
p1_E1_N3.13,781.0,7.01,0.0,0,160.38
p1_N1_S1.37,740.0,8.99,0.0,0,264.9
p1_S3_N3.37,740.0,9.28,0.0,0,245.06
p1_S1_N1.37,740.0,9.64,0.0,0,267.66
p1_N3_S3.37,740.0,9.7,0.0,0,259.34
p1_S1_N1.36,720.0,31.47,12.0,1,332.32
p1_N2_S2.36,720.0,31.16,10.0,1,318.86
p1_S2_N2.36,720.0,28.51,11.0,1,321.34
p1_N3_S3.36,720.0,22.63,10.0,1,279.9
p1_S3_N3.36,720.0,24.26,9.0,1,284.33
p1_E2_N2.12,723.0,28.66,10.0,1,322.59
p1_W_E.118,708.0,18.3,3.0,1,278.03
p1_N1_W3.12,723.0,21.53,6.0,1,288.74
p1_S1_E1.11,663.0,40.21,11.0,3,449.54
p1_W2_S2.12,723.0,22.51,4.0,1,297.25
p1_N2_S2.37,740.0,13.76,0.0,0,283.91
p1_S2_N2.37,740.0,11.25,0.0,0,268.94
p1_W1_S1.12,723.0,23.11,5.0,1,304.52
p1_S3_E3.13,783.0,12.45,2.0,1,181.33
p1_N1_S1.36,720.0,25.64,8.0,1,300.59
p1_N3_W1.12,723.0,39.45,18.0,2,326.48
p1_W1_E1.122,732.0,32.4,13.0,1,342.5
p1_W1_E1.123,738.0,25.6,7.0,1,322.3
p1_W3_E3.124,744.0,20.05,1.0,1,302.42
p1_S2_E2.12,723.0,42.26,18.0,2,353.78
p1_N2_W2.12,723.0,38.87,18.0,2,342.17
p1_E1_W1.51,735.0,27.24,8.0,1,315.25
p1_E_W.52,749.0,13.23,0.0,0,274.89
p1_E3_W3.52,749.0,13.52,0.0,0,270.81
p1_E3_W3.51,735.0,26.84,8.0,1,313.18
p1_E_W.51,735.0,31.76,12.0,2,328.04
p1_W3_E3.125,750.0,11.63,0.0,0,269.83
p1_W1_E1.125,750.0,11.15,0.0,0,254.95
p1_W_E.123,738.0,16.88,3.0,1,269.23
p1_W1_E1.124,744.0,17.07,0.0,0,288.72
p1_W_E.125,750.0,12.33,0.0,0,267.41
p1_W3_E3.123,738.0,32.43,7.0,1,327.01
p1_E1_W1.52,749.0,9.18,0.0,0,250.21
p1_W_E.122,732.0,24.3,9.0,1,291.13
p1_W_E.126,756.0,14.83,0.0,0,264.94
p1_W_E.124,744.0,28.64,2.0,1,302.15
p1_N1_S1.38,760.0,15.97,0.0,0,299.71
p1_N2_S2.38,760.0,14.86,0.0,0,284.46
p1_S3_N3.38,760.0,15.77,0.0,0,304.77
p1_S1_N1.38,760.0,13.63,0.0,0,280.59
p1_S2_N2.38,760.0,14.77,0.0,0,299.16
p1_E3_N1.11,660.0,74.69,37.0,5,520.42
p1_N3_S3.38,760.0,8.99,0.0,0,248.39
p1_W3_E3.126,756.0,33.74,15.0,2,305.74
p1_W1_E1.127,762.0,28.52,8.0,1,332.57
p1_E1_W1.53,764.0,26.34,7.0,1,313.86
p1_E3_W3.53,764.0,26.46,7.0,2,323.07
p1_W_E.128,768.0,22.17,3.0,1,316.29
p1_W3_E3.128,768.0,22.54,3.0,1,304.87
p1_W1_E1.129,774.0,16.02,0.0,0,285.67
p1_E1_W1.54,778.0,11.94,0.0,0,278.14
p1_E_W.54,778.0,11.79,0.0,0,271.72
p1_E3_W3.54,778.0,12.56,0.0,0,265.36
p1_W_E.127,762.0,27.69,9.0,2,307.16
p1_W3_E3.127,762.0,29.35,11.0,2,320.04
p1_E_W.53,764.0,23.94,6.0,1,311.4
p1_W1_E1.128,768.0,23.85,5.0,1,312.69
p1_W_E.129,774.0,18.09,0.0,0,304.01
p1_W3_E3.130,780.0,12.77,0.0,0,263.55
p1_W3_E3.129,774.0,19.88,1.0,1,308.55
p1_W_E.130,780.0,9.02,0.0,0,241.5
p1_W1_E1.126,756.0,28.02,11.0,1,300.36
p1_W3_S3.13,783.0,14.33,0.0,0,259.86
p1_S1_N1.39,780.0,21.74,4.0,1,308.91
p1_N1_S1.39,780.0,23.33,4.0,2,316.27
p1_N2_S2.39,780.0,23.04,4.0,1,313.3
p1_N3_S3.39,780.0,23.0,4.0,1,322.02
p1_S3_N3.39,780.0,23.3,2.0,1,320.37
p1_E3_N1.12,723.0,33.62,11.0,1,415.35
p1_W2_S2.13,783.0,21.6,4.0,1,294.07
p1_S2_N2.39,780.0,14.6,1.0,1,267.36
p1_N1_W3.13,783.0,11.23,0.0,0,257.95
p1_S3_E3.14,843.0,11.94,0.0,0,170.83
p1_N3_W1.13,783.0,31.88,11.0,2,327.38
p1_E3_W3.56,807.0,8.25,0.0,0,241.58
p1_S2_E2.13,783.0,33.42,9.0,1,328.23
p1_E2_N2.13,781.0,33.97,14.0,3,330.52
p1_N2_W2.13,783.0,33.48,10.0,2,332.01
p1_W1_E1.132,792.0,23.63,6.0,1,303.95
p1_W_E.132,792.0,24.28,5.0,1,310.41
p1_E_W.55,792.0,24.31,5.0,1,315.92
p1_W1_E1.131,786.0,30.93,13.0,2,331.02
p1_E1_W1.55,792.0,15.33,1.0,1,267.14
p1_W1_E1.133,798.0,19.56,2.0,1,291.57
p1_E1_N3.14,840.0,17.11,7.0,1,185.24
p1_W3_E3.132,792.0,16.5,2.0,1,261.2
p1_W3_E3.134,804.0,8.77,0.0,0,243.57
p1_W_E.135,810.0,8.46,0.0,0,249.12
p1_W1_E1.134,804.0,14.79,0.0,0,273.17
p1_W_E.131,786.0,28.88,11.0,2,319.65
p1_W3_E3.131,786.0,21.26,6.0,1,279.57
p1_W3_E3.133,798.0,22.05,0.0,0,306.73
p1_W_E.134,804.0,11.65,0.0,0,269.92
p1_W1_S1.13,783.0,44.22,19.0,2,354.38
p1_N2_S2.41,820.0,7.92,0.0,0,242.94
p1_N3_S3.41,820.0,8.3,0.0,0,234.63
p1_S3_N3.41,820.0,8.22,0.0,0,245.87
p1_W1_E1.130,780.0,24.87,10.0,1,284.91
p1_N1_S1.40,800.0,29.18,10.0,1,328.39
p1_S1_N1.40,800.0,29.36,10.0,1,319.69
p1_S2_N2.40,800.0,29.47,10.0,1,316.89
p1_N3_S3.40,800.0,29.1,10.0,1,326.96
p1_S3_N3.40,800.0,29.35,10.0,1,323.86
p1_W_E.133,798.0,9.32,0.0,0,245.01
p1_N2_S2.40,800.0,29.78,11.0,1,332.71
p1_S1_E1.12,723.0,65.1,26.0,4,511.7
p1_N1_S1.41,820.0,8.29,0.0,0,247.41
p1_S1_N1.41,820.0,8.42,0.0,0,246.9
p1_W1_E1.135,810.0,32.18,12.0,1,323.62
p1_W1_E1.136,816.0,26.44,8.0,1,313.2
p1_W3_E3.136,816.0,25.2,6.0,2,330.85
p1_E1_W1.57,821.0,21.52,1.0,1,301.27
p1_E_W.57,821.0,20.88,3.0,1,307.3
p1_W3_E3.135,810.0,27.72,12.0,1,312.66
p1_E3_W3.57,821.0,16.22,0.0,0,295.28
p1_W_E.137,822.0,14.12,0.0,0,286.74
p1_W_E.139,834.0,8.92,0.0,0,249.61
p1_E1_W1.58,836.0,7.45,0.0,0,247.08
p1_W1_E1.138,828.0,16.21,0.0,0,300.53
p1_W_E.136,816.0,28.74,6.0,1,318.77
p1_W3_E3.137,822.0,19.2,1.0,1,289.08
p1_W3_E3.138,828.0,14.46,0.0,0,288.16
p1_W1_E1.137,822.0,18.12,1.0,1,294.81
p1_W1_E1.139,834.0,12.48,0.0,0,257.88
p1_W3_E3.139,834.0,8.55,0.0,0,234.79
p1_E1_W1.56,807.0,28.33,12.0,1,304.63
p1_E_W.56,807.0,25.05,10.0,1,276.77
p1_E3_N1.13,781.0,29.19,9.0,1,399.61
p1_W_E.138,828.0,8.68,0.0,0,247.6
p1_N1_W3.14,843.0,11.0,0.0,0,258.16
p1_E3_W3.55,792.0,25.1,8.0,1,285.79
p1_S1_N1.42,840.0,15.15,0.0,0,286.32
p1_N2_S2.42,840.0,10.19,0.0,0,261.11
p1_S2_N2.42,840.0,15.4,0.0,0,290.4
p1_N3_S3.42,840.0,15.73,0.0,0,293.23
p1_S2_N2.41,820.0,24.06,10.0,1,281.5
p1_E3_W3.59,850.0,16.46,0.0,0,310.47
p1_W1_E1.143,858.0,8.48,0.0,0,250.98
p1_N3_W1.14,843.0,22.81,7.0,1,301.87
p1_E1_W1.59,850.0,17.43,0.0,0,305.28
p1_E_W.58,836.0,32.19,11.0,1,336.2
p1_E3_W3.58,836.0,31.6,12.0,1,324.57
p1_W3_S3.14,843.0,23.05,4.0,1,306.97
p1_W1_E1.141,846.0,22.42,3.0,1,320.58
p1_W1_E1.142,852.0,16.34,0.0,0,291.62
p1_W_E.142,852.0,10.96,0.0,0,271.32
p1_W3_E3.142,852.0,16.28,0.0,0,297.5
p1_W_E.143,858.0,9.76,0.0,0,266.35
p1_N2_W2.14,843.0,25.91,7.0,1,300.7
p1_W_E.141,846.0,23.36,2.0,1,324.69
p1_E_W.59,850.0,20.04,0.0,0,322.5
p1_W3_E3.143,858.0,12.52,0.0,0,268.99
p1_E1_N3.15,900.0,13.43,1.0,1,180.16
p1_S1_E1.13,783.0,38.89,12.0,1,445.42
p1_W_E.140,840.0,24.9,8.0,1,309.03
p1_W3_E3.140,840.0,22.63,6.0,1,299.18
p1_W3_E3.141,846.0,13.76,0.0,0,264.84
p1_W1_E1.140,840.0,17.91,3.0,1,275.34
p1_E2_N2.14,840.0,41.34,18.0,2,342.68
p1_N1_S1.43,860.0,21.56,0.0,0,313.65
p1_N2_S2.43,860.0,20.71,0.0,0,307.6
p1_N3_S3.43,860.0,21.14,2.0,1,304.27
p1_S3_N3.43,860.0,21.8,4.0,2,313.51
p1_S3_E3.15,903.0,23.17,11.0,1,193.49
p1_W1_S1.14,843.0,40.27,13.0,2,326.64
p1_W2_S2.14,843.0,36.69,12.0,2,334.56
p1_S2_N2.43,860.0,10.22,0.0,0,247.51
p1_S1_N1.43,860.0,9.15,0.0,0,264.74
p1_N1_S1.42,840.0,26.42,12.0,1,282.82
p1_S3_N3.42,840.0,27.69,13.0,1,284.95
p1_W1_E1.146,876.0,16.48,0.0,0,295.01
p1_E_W.61,879.0,13.54,0.0,0,285.02
p1_E3_W3.61,879.0,12.64,0.0,0,280.74
p1_W_E.145,870.0,24.15,4.0,1,303.94
p1_E1_W1.61,879.0,15.15,0.0,0,286.13
p1_W1_E1.147,882.0,12.45,0.0,0,263.6
p1_W1_E1.144,864.0,26.4,10.0,1,312.05
p1_E_W.60,864.0,26.14,10.0,1,306.47
p1_W3_E3.144,864.0,27.26,9.0,1,310.12
p1_E3_W3.60,864.0,30.78,9.0,1,335.31
p1_W3_E3.145,870.0,19.0,1.0,1,293.75
p1_W1_E1.148,888.0,8.29,0.0,0,247.59
p1_E1_W1.60,864.0,21.51,9.0,1,287.23
p1_W_E.147,882.0,11.35,0.0,0,258.04
p1_W3_E3.147,882.0,14.97,0.0,0,294.11
p1_W1_E1.145,870.0,14.68,2.0,1,272.31
p1_W_E.146,876.0,23.01,1.0,1,304.02
p1_S2_E2.14,843.0,37.47,17.0,2,331.36
p1_W_E.144,864.0,29.1,7.0,1,310.52
p1_W3_E3.146,876.0,10.21,0.0,0,246.64
p1_S3_N3.44,880.0,25.18,7.0,1,311.56
p1_N1_S1.44,880.0,26.4,8.0,2,322.08
p1_S1_N1.44,880.0,19.72,6.0,1,286.16
p1_S2_N2.44,880.0,25.81,6.0,1,316.26
p1_N3_S3.44,880.0,22.68,7.0,1,304.47
p1_S1_N1.45,900.0,8.73,0.0,0,238.88
p1_N3_S3.45,900.0,9.41,0.0,0,242.85
p1_S2_N2.45,900.0,7.64,0.0,0,239.36
p1_N2_S2.44,880.0,17.36,3.0,1,277.8
p1_E3_W3.63,908.0,10.21,0.0,0,268.44
p1_W1_E1.149,894.0,23.48,6.0,1,307.81
p1_W3_E3.150,900.0,18.6,1.0,1,294.92
p1_W_E.148,888.0,31.86,13.0,1,326.34
p1_E1_W1.62,893.0,27.17,9.0,1,318.83
p1_E3_W3.62,893.0,27.26,8.0,2,325.6
p1_W_E.149,894.0,26.47,6.0,1,317.55
p1_W3_E3.149,894.0,25.89,6.0,1,319.5
p1_E1_W1.63,908.0,11.83,0.0,0,273.85
p1_W1_E1.152,912.0,8.17,0.0,0,254.97
p1_W1_E1.151,906.0,14.92,0.0,0,279.3
p1_W3_E3.148,888.0,26.3,11.0,1,302.93
p1_W3_S3.15,903.0,19.24,0.0,0,298.25
p1_E_W.63,908.0,8.07,0.0,0,253.36
p1_S1_E1.14,843.0,33.16,10.0,1,424.17
p1_E1_N3.16,960.0,6.88,0.0,0,169.69
p1_W_E.151,906.0,12.59,0.0,0,270.61
p1_W1_E1.150,900.0,15.47,0.0,0,281.1
p1_W3_E3.151,906.0,9.36,0.0,0,245.0
p1_W_E.150,900.0,12.67,0.0,0,273.06
p1_E_W.62,893.0,17.69,2.0,1,269.74
p1_W1_S1.15,903.0,28.88,10.0,1,323.54
p1_E3_N1.14,840.0,48.91,16.0,2,471.54
p1_N2_S2.46,920.0,13.15,0.0,0,274.67
p1_S2_N2.46,920.0,12.95,0.0,0,271.36
p1_S3_N3.45,900.0,27.1,12.0,1,311.55
p1_W2_S2.15,903.0,29.44,5.0,1,318.2
p1_N1_S1.46,920.0,14.51,0.0,0,273.48
p1_S1_N1.46,920.0,8.65,0.0,0,244.18
p1_N3_S3.46,920.0,13.76,0.0,0,273.41
p1_N1_S1.45,900.0,27.75,12.0,1,309.28
p1_S3_E3.16,963.0,15.62,2.0,1,179.68
p1_E2_N2.15,900.0,22.21,2.0,1,300.9
p1_N2_S2.45,900.0,23.08,10.0,1,280.47
p1_N1_W3.15,903.0,22.97,6.0,1,291.46
p1_E3_W3.65,936.0,8.28,0.0,0,250.77
p1_N3_W1.15,903.0,38.94,20.0,2,317.18
p1_W_E.155,930.0,12.35,0.0,0,261.8
p1_E_W.64,922.0,24.32,4.0,1,320.93
p1_W1_E1.154,924.0,21.33,1.0,1,318.57
p1_W1_E1.155,930.0,12.36,0.0,0,275.41
p1_W3_E3.155,930.0,16.24,0.0,0,285.26
p1_W3_E3.153,918.0,28.74,7.0,1,326.73
p1_E3_W3.64,922.0,24.9,3.0,1,316.16
p1_E1_W1.65,936.0,11.56,0.0,0,264.09
p1_S2_E2.15,903.0,40.55,19.0,2,335.87
p1_E1_W1.64,922.0,16.19,1.0,1,271.98
p1_E_W.65,936.0,12.4,0.0,0,252.25
p1_W3_E3.156,936.0,11.5,0.0,0,264.01
p1_N2_W2.15,903.0,38.82,16.0,2,332.12
p1_W_E.153,918.0,24.51,6.0,1,293.27
p1_W3_E3.154,924.0,26.13,4.0,1,312.4
p1_W3_E3.152,912.0,29.74,13.0,1,317.22
p1_W1_E1.156,936.0,8.66,0.0,0,247.65
p1_W_E.154,924.0,16.51,2.0,1,281.41
p1_W1_E1.153,918.0,18.02,3.0,1,271.67
p1_S2_N2.47,940.0,18.42,0.0,0,316.84
p1_S3_N3.47,940.0,16.68,0.0,0,290.53
p1_S1_N1.47,940.0,18.96,0.0,0,319.54
p1_N3_S3.47,940.0,19.54,0.0,0,307.33
p1_N1_S1.47,940.0,19.61,0.0,0,309.43
p1_N2_S2.47,940.0,11.65,0.0,0,278.86
p1_E_W.66,951.0,21.29,1.0,1,312.91
p1_W1_E1.157,942.0,30.83,10.0,1,330.76
p1_W_E.157,942.0,30.68,11.0,1,326.09
p1_W3_E3.157,942.0,30.24,12.0,2,330.82
p1_W1_E1.158,948.0,24.68,5.0,2,316.45
p1_W3_E3.158,948.0,24.64,5.0,1,316.82
p1_E1_W1.66,951.0,20.07,2.0,2,303.69
p1_E3_W3.66,951.0,15.41,0.0,0,281.81
p1_E_W.67,965.0,8.17,0.0,0,244.13
p1_W1_E1.160,960.0,14.34,0.0,0,281.89
p1_W3_E3.161,966.0,8.57,0.0,0,248.18
p1_W_E.158,948.0,27.15,5.0,1,294.11
p1_W1_E1.159,954.0,20.63,0.0,0,311.1
p1_W3_E3.159,954.0,20.76,0.0,0,315.65
p1_S3_N3.46,920.0,26.9,12.0,1,286.01
p1_E1_W1.67,965.0,7.61,0.0,0,248.31
p1_W3_E3.160,960.0,12.63,0.0,0,265.58
p1_W3_S3.16,963.0,13.71,0.0,0,260.98
p1_W_E.156,936.0,27.17,12.0,1,298.38
p1_W_E.152,912.0,36.65,16.0,2,317.84
p1_W_E.159,954.0,9.48,0.0,0,255.96
p1_S1_N1.48,960.0,23.69,5.0,1,303.4
p1_W1_S1.16,963.0,21.48,4.0,1,310.38
p1_E3_N1.15,900.0,42.75,10.0,1,466.89
p1_W_E.161,966.0,19.01,0.0,0,280.08
p1_N2_S2.48,960.0,25.65,7.0,1,319.12
p1_N3_S3.48,960.0,16.64,4.0,1,279.46
p1_S3_N3.48,960.0,17.0,4.0,1,284.02
p1_E2_N2.16,960.0,26.4,10.0,1,292.94
p1_N1_W3.16,963.0,23.87,3.0,1,311.25
p1_S3_E3.17,1023.0,6.74,0.0,0,169.09
p1_S2_N2.48,960.0,14.96,1.0,1,276.26
p1_E1_W1.68,980.0,17.5,0.0,0,308.44
p1_E_W.68,980.0,16.92,0.0,0,294.54
p1_E3_W3.68,980.0,16.95,0.0,0,313.79
p1_N3_W1.16,963.0,28.76,10.0,2,298.46
p1_S2_E2.16,963.0,35.31,7.0,1,338.57
p1_N2_W2.16,963.0,35.45,13.0,2,331.96
p1_W3_E3.162,972.0,25.8,4.0,1,319.48
p1_W3_E3.163,978.0,20.5,1.0,1,301.71
p1_E3_W3.67,965.0,25.82,11.0,1,294.33
p1_W1_E1.162,972.0,26.64,7.0,1,309.56
p1_W_E.162,972.0,26.8,6.0,1,327.1
p1_E1_N3.17,1020.0,20.68,9.0,1,188.94
p1_W3_E3.164,984.0,16.48,0.0,0,295.48
p1_W3_E3.165,990.0,9.81,0.0,0,252.69
p1_N1_S1.48,960.0,10.53,0.0,0,261.95
p1_W_E.163,978.0,20.01,1.0,1,297.65
p1_W1_E1.164,984.0,8.44,0.0,0,251.67
p1_W_E.164,984.0,16.71,0.0,0,294.14
p1_W1_E1.165,990.0,12.1,0.0,0,253.83
p1_S1_E1.15,903.0,38.33,10.0,2,438.19
p1_W1_E1.163,978.0,25.83,1.0,1,320.98
p1_W1_E1.161,966.0,37.43,11.0,1,343.49
p1_N1_S1.50,1000.0,9.63,0.0,0,257.97
p1_S3_N3.50,1000.0,9.77,0.0,0,266.4
p1_N1_S1.49,980.0,31.54,11.0,1,328.94
p1_N2_S2.49,980.0,31.55,11.0,1,322.24
p1_S2_N2.49,980.0,31.43,10.0,1,324.88
p1_S2_N2.50,1000.0,7.86,0.0,0,246.08
p1_N3_S3.49,980.0,31.52,12.0,1,322.93
p1_S3_N3.49,980.0,28.24,11.0,1,310.51
p1_S1_N1.49,980.0,22.4,8.0,1,283.24
p1_N2_S2.50,1000.0,11.27,0.0,0,262.55
p1_W_E.160,960.0,24.84,10.0,1,285.33
p1_W2_S2.16,963.0,37.27,11.0,2,324.12
p1_S1_N1.50,1000.0,8.64,0.0,0,240.72
p1_E_W.70,1008.0,14.22,0.0,0,278.2
p1_E3_W3.70,1008.0,14.49,0.0,0,274.87
p1_W3_E3.169,1014.0,8.34,0.0,0,249.8
p1_W_E.168,1008.0,15.21,0.0,0,287.31
p1_E_W.69,994.0,30.44,11.0,1,329.46
p1_E3_W3.69,994.0,30.2,11.0,1,326.26
p1_W1_E1.166,996.0,28.26,8.0,1,325.53
p1_N3_S3.50,1000.0,9.57,0.0,0,244.29
p1_W1_E1.167,1002.0,22.41,5.0,2,312.04
p1_W_E.166,996.0,23.58,7.0,1,299.34
p1_W3_E3.166,996.0,28.63,9.0,1,330.69
p1_W_E.169,1014.0,11.0,0.0,0,264.01
p1_W1_E1.168,1008.0,18.36,0.0,0,307.3
p1_W1_E1.169,1014.0,12.55,0.0,0,262.16
p1_W_E.167,1002.0,24.91,5.0,1,300.73
p1_W3_E3.167,1002.0,15.81,0.0,0,294.72
p1_E1_W1.69,994.0,20.96,7.0,1,276.2
p1_E1_W1.70,1008.0,8.24,0.0,0,248.24
p1_W3_E3.168,1008.0,9.63,0.0,0,248.81
p1_W_E.165,990.0,23.97,9.0,1,276.71
p1_S1_N1.51,1020.0,15.18,0.0,0,285.81
p1_N2_S2.51,1020.0,15.49,0.0,0,285.26
p1_N3_S3.51,1020.0,15.24,0.0,0,296.01
p1_N1_S1.51,1020.0,15.33,0.0,0,291.1
p1_S3_N3.51,1020.0,16.0,0.0,0,295.57
p1_N1_W3.17,1023.0,14.93,0.0,0,274.53
p1_E3_N1.16,960.0,19.67,5.0,1,377.68
p1_S2_N2.51,1020.0,8.32,0.0,0,241.14
p1_W1_E1.172,1032.0,13.19,0.0,0,268.59
p1_E_W.72,1037.0,9.42,0.0,0,267.91
p1_W_E.171,1026.0,23.97,5.0,1,328.65
p1_E1_W1.72,1037.0,8.64,0.0,0,250.85
p1_W1_E1.173,1038.0,12.12,0.0,0,272.01
p1_N2_W2.17,1023.0,27.86,9.0,1,302.62
p1_E1_W1.71,1023.0,27.8,7.0,1,327.03
p1_E3_W3.71,1023.0,27.99,7.0,1,324.74
p1_W1_E1.171,1026.0,25.13,4.0,1,321.08
p1_W3_E3.171,1026.0,24.77,3.0,1,306.49
p1_W3_E3.170,1020.0,21.44,8.0,1,286.17
p1_W_E.172,1032.0,20.39,0.0,0,305.28
p1_E3_W3.72,1037.0,15.11,0.0,0,296.15
p1_W1_E1.174,1044.0,8.09,0.0,0,233.86
p1_E1_N3.18,1083.0,12.27,1.0,1,176.83
p1_S1_E1.16,963.0,36.56,10.0,1,435.33
p1_S2_E2.17,1023.0,20.16,3.0,1,283.92
p1_E_W.71,1023.0,25.95,7.0,2,304.52
p1_W3_E3.172,1032.0,11.22,0.0,0,267.89
p1_W3_E3.173,1038.0,16.39,0.0,0,298.11
p1_W_E.174,1044.0,10.26,0.0,0,260.09
p1_W_E.170,1020.0,35.21,13.0,2,330.42
p1_W3_S3.17,1023.0,24.9,7.0,1,287.04
p1_W1_E1.170,1020.0,28.76,10.0,1,304.15
p1_N3_W1.17,1023.0,18.31,2.0,1,286.41
p1_W_E.173,1038.0,18.07,0.0,0,299.08
p1_S3_E3.18,1083.0,23.01,13.0,1,191.86
p1_N1_S1.52,1040.0,23.08,4.0,1,313.1
p1_S1_N1.52,1040.0,23.57,3.0,1,319.43
p1_N3_S3.52,1040.0,23.08,3.0,1,312.25
p1_S3_N3.52,1040.0,23.36,2.0,1,319.74
p1_W2_S2.17,1023.0,41.24,20.0,2,340.94
p1_E2_N2.17,1020.0,44.08,23.0,2,347.44
p1_N2_S2.52,1040.0,23.18,2.0,1,323.38
p1_S2_N2.52,1040.0,15.32,0.0,0,266.17
p1_W1_S1.17,1023.0,29.76,11.0,2,304.14
p1_W1_E1.175,1050.0,24.51,8.0,1,311.68
p1_E_W.74,1066.0,8.5,0.0,0,244.72
p1_E3_W3.74,1066.0,8.38,0.0,0,262.74
p1_W_E.175,1050.0,26.3,7.0,2,317.37
p1_E1_W1.73,1052.0,23.79,4.0,1,310.11
p1_E_W.73,1052.0,24.1,4.0,1,314.74
p1_W1_E1.177,1062.0,13.37,1.0,1,272.25
p1_W1_E1.178,1068.0,8.58,0.0,0,244.12
p1_W3_E3.174,1044.0,31.2,13.0,1,321.1
p1_W3_E3.175,1050.0,26.84,8.0,2,334.39
p1_W_E.176,1056.0,20.69,2.0,2,305.56
p1_W3_E3.176,1056.0,22.4,1.0,1,310.92
p1_W_E.177,1062.0,16.26,0.0,0,296.39
p1_W3_E3.177,1062.0,16.57,0.0,0,285.66
p1_W3_E3.178,1068.0,12.14,0.0,0,259.66
p1_E3_W3.73,1052.0,13.48,0.0,0,269.82
p1_W1_E1.176,1056.0,12.56,0.0,0,270.99
p1_S1_N1.54,1080.0,7.48,0.0,0,234.23
p1_N1_S1.54,1080.0,8.19,0.0,0,248.97
p1_N3_S3.54,1080.0,8.29,0.0,0,249.46
p1_S3_N3.54,1080.0,7.92,0.0,0,246.53
p1_N1_S1.53,1060.0,29.35,10.0,2,318.77
p1_N2_S2.53,1060.0,25.21,8.0,1,310.0
p1_S3_N3.53,1060.0,28.26,9.0,2,316.88
p1_S2_N2.54,1080.0,7.41,0.0,0,252.95
p1_N2_S2.54,1080.0,8.07,0.0,0,239.22
p1_S1_N1.53,1060.0,19.63,6.0,1,271.57
p1_N3_S3.53,1060.0,19.34,6.0,1,273.23
p1_W3_E3.182,1092.0,8.88,0.0,0,254.41
p1_W1_E1.179,1074.0,28.25,9.0,1,319.68
p1_E1_W1.75,1080.0,22.17,2.0,1,315.17
p1_E_W.75,1080.0,22.29,3.0,1,300.19
p1_W3_E3.180,1080.0,22.46,2.0,1,311.18
p1_W_E.179,1074.0,23.04,7.0,1,296.03
p1_W1_E1.180,1080.0,20.67,1.0,1,299.27
p1_E3_W3.75,1080.0,22.73,3.0,2,304.8
p1_S2_E2.18,1083.0,20.24,3.0,1,285.78
p1_N2_W2.18,1083.0,19.97,4.0,1,291.4
p1_W_E.180,1080.0,24.31,4.0,1,294.98
p1_W1_E1.182,1092.0,12.37,0.0,0,268.37
p1_E1_W1.76,1095.0,7.51,0.0,0,233.65
p1_E_W.76,1095.0,9.09,0.0,0,261.57
p1_W1_E1.181,1086.0,19.13,0.0,0,312.34
p1_W3_E3.181,1086.0,13.2,0.0,0,261.15
p1_W_E.182,1092.0,14.04,0.0,0,264.03
p1_E1_N3.19,1141.0,7.33,0.0,0,162.04
p1_E3_W3.76,1095.0,8.53,0.0,0,253.83
p1_W_E.178,1068.0,29.33,12.0,1,299.73
p1_E1_W1.74,1066.0,24.86,10.0,1,280.53
p1_W_E.181,1086.0,11.68,0.0,0,256.5
p1_W3_E3.179,1074.0,17.0,4.0,1,272.39
p1_W1_S1.18,1083.0,31.58,12.0,2,320.8
p1_S1_N1.55,1100.0,14.55,0.0,0,281.66
p1_E3_N1.17,1020.0,46.76,21.0,2,447.95
p1_W2_S2.18,1083.0,32.62,10.0,2,327.39
p1_E2_N2.18,1083.0,32.4,11.0,2,328.97
p1_N1_S1.55,1100.0,15.11,0.0,0,289.59
p1_N2_S2.55,1100.0,15.26,0.0,0,284.05
p1_S3_N3.55,1100.0,15.22,0.0,0,282.63
p1_N1_W3.18,1083.0,34.56,13.0,1,335.09
p1_S2_N2.55,1100.0,17.94,0.0,0,281.88
p1_S3_E3.19,1143.0,13.21,2.0,1,167.74
p1_S2_N2.53,1060.0,31.3,12.0,1,315.06
p1_W3_E3.185,1110.0,16.23,0.0,0,278.95
p1_W_E.184,1104.0,23.47,6.0,1,309.12
p1_W3_E3.186,1116.0,11.22,0.0,0,259.05
p1_W_E.183,1098.0,30.15,12.0,2,320.62
p1_E_W.77,1109.0,13.78,0.0,0,293.33
p1_W1_E1.184,1104.0,16.51,1.0,1,276.98
p1_E3_W3.77,1109.0,19.81,1.0,1,302.13
p1_N3_S3.55,1100.0,8.8,0.0,0,244.14
p1_W_E.186,1116.0,14.1,0.0,0,275.22
p1_W_E.187,1122.0,7.76,0.0,0,236.06
p1_W1_E1.185,1110.0,10.29,0.0,0,259.65
p1_W1_E1.187,1122.0,10.71,0.0,0,261.53
p1_S1_E1.17,1023.0,41.74,20.0,2,417.72
p1_W_E.185,1110.0,14.34,0.0,0,270.42
p1_W1_E1.183,1098.0,23.39,7.0,1,297.55
p1_W3_E3.184,1104.0,28.09,2.0,1,305.04
p1_W3_E3.183,1098.0,20.28,6.0,1,280.43
p1_E1_W1.77,1109.0,10.22,0.0,0,250.52
p1_S2_N2.56,1120.0,21.41,1.0,1,305.18
p1_S3_N3.56,1120.0,21.1,3.0,1,315.33
p1_W3_S3.18,1083.0,29.23,13.0,1,304.03
p1_N2_S2.56,1120.0,21.81,3.0,1,312.73
p1_N3_S3.56,1120.0,18.89,1.0,1,301.57
p1_N1_S1.56,1120.0,20.2,1.0,1,301.68
p1_S1_N1.56,1120.0,9.82,0.0,0,265.56
p1_N3_W1.18,1083.0,24.45,3.0,1,299.2
p1_E3_W3.79,1138.0,14.14,0.0,0,291.56
p1_E_W.79,1138.0,14.76,0.0,0,292.91
p1_W1_E1.188,1128.0,26.25,6.0,1,322.33
p1_W_E.188,1128.0,26.37,5.0,1,317.73
p1_W1_E1.189,1134.0,19.82,2.0,1,296.63
p1_E1_W1.78,1124.0,30.86,11.0,1,327.79
p1_W3_E3.188,1128.0,26.89,7.0,1,321.93
p1_E1_W1.79,1138.0,13.24,0.0,0,279.71
p1_W_E.191,1146.0,8.92,0.0,0,248.42
p1_W1_E1.190,1140.0,15.77,0.0,0,285.0
p1_W1_E1.191,1146.0,10.14,0.0,0,257.34
p1_W_E.190,1140.0,9.75,0.0,0,246.96
p1_W3_S3.19,1143.0,15.67,0.0,0,278.78
p1_W3_E3.187,1122.0,25.6,8.0,1,298.37
p1_W3_E3.189,1134.0,27.41,3.0,2,310.81
p1_E3_W3.78,1124.0,19.7,5.0,1,273.27
p1_S1_N1.57,1140.0,27.43,8.0,1,321.01
p1_E3_N1.18,1083.0,33.32,8.0,1,413.81
p1_W_E.189,1134.0,9.64,0.0,0,257.43
p1_N2_S2.57,1140.0,28.17,7.0,1,317.27
p1_S2_N2.57,1140.0,24.42,6.0,1,309.44
p1_N3_S3.57,1140.0,19.75,6.0,1,295.45
p1_W1_S1.19,1143.0,17.21,3.0,1,290.75
p1_E2_N2.19,1141.0,23.69,2.0,1,285.9
p1_N1_W3.19,1143.0,26.45,4.0,1,310.76
p1_S3_N3.58,1160.0,8.35,0.0,0,241.39
p1_W1_E1.186,1116.0,26.16,12.0,1,294.14
p1_S3_N3.57,1140.0,19.18,6.0,1,276.6
p1_N1_S1.58,1160.0,9.92,0.0,0,243.68
p1_S3_E3.20,1203.0,8.05,0.0,0,165.5
p1_N1_S1.57,1140.0,17.23,2.0,1,284.75
p1_E1_W1.81,1167.0,11.25,0.0,0,265.51
p1_W3_E3.190,1140.0,40.11,20.0,3,310.45
p1_W2_S2.19,1143.0,37.02,14.0,3,332.97
p1_W1_E1.192,1152.0,28.42,9.0,1,326.51
p1_E1_W1.80,1152.0,28.46,8.0,1,311.03
p1_E3_W3.80,1152.0,28.1,10.0,2,317.64
p1_W_E.194,1164.0,16.42,0.0,0,299.46
p1_W3_E3.192,1152.0,27.04,8.0,2,301.59
p1_W1_E1.193,1158.0,22.87,3.0,1,321.6
p1_W_E.193,1158.0,16.43,1.0,1,275.38
p1_N3_W1.19,1143.0,32.59,13.0,2,310.7
p1_W_E.192,1152.0,30.52,9.0,1,334.16
p1_W1_E1.194,1164.0,18.11,0.0,0,290.12
p1_E_W.81,1167.0,15.71,1.0,1,277.86
p1_E3_W3.81,1167.0,8.17,0.0,0,259.83
p1_W_E.195,1170.0,13.03,0.0,0,268.82
p1_E1_N3.20,1200.0,20.68,9.0,1,184.77
p1_N2_W2.19,1143.0,27.58,4.0,2,306.67
p1_E_W.80,1152.0,33.0,11.0,2,331.29
p1_W3_E3.191,1146.0,26.71,11.0,1,288.4
p1_W3_E3.194,1164.0,14.99,0.0,0,283.2
p1_W1_E1.195,1170.0,8.47,0.0,0,240.97
p1_W3_E3.193,1158.0,30.0,4.0,1,313.85
p1_W3_E3.195,1170.0,18.1,0.0,0,289.4
p1_E_W.78,1124.0,31.12,11.0,2,309.33
p1_S2_E2.19,1143.0,49.1,21.0,4,358.57
p1_S2_N2.59,1180.0,12.16,0.0,0,272.49
p1_N3_S3.59,1180.0,13.54,0.0,0,269.38
p1_S3_N3.59,1180.0,13.56,1.0,1,267.86
p1_S1_N1.58,1160.0,29.75,12.0,1,315.16
p1_N3_S3.58,1160.0,27.66,12.0,1,299.44
p1_S1_N1.59,1180.0,13.78,1.0,1,282.93
p1_N2_S2.59,1180.0,13.68,0.0,0,268.53
p1_S2_N2.58,1160.0,22.62,9.0,1,275.94
p1_N1_S1.59,1180.0,8.91,0.0,0,249.05
p1_W1_E1.199,1194.0,10.38,0.0,0,270.17
p1_E3_W3.83,1196.0,8.39,0.0,0,255.72
p1_W1_E1.197,1182.0,23.58,3.0,1,315.71
p1_W_E.199,1194.0,9.63,0.0,0,265.2
p1_E1_W1.82,1181.0,25.14,5.0,1,316.71
p1_E_W.82,1181.0,25.18,7.0,2,319.16
p1_E3_W3.82,1181.0,25.09,5.0,1,317.3
p1_N2_S2.58,1160.0,21.17,7.0,1,279.78
p1_W3_E3.196,1176.0,26.98,9.0,1,301.89
p1_W_E.197,1182.0,19.67,3.0,1,298.13
p1_W_E.198,1188.0,15.91,0.0,0,286.06
p1_W1_E1.198,1188.0,17.37,0.0,0,294.71
p1_E1_W1.83,1196.0,8.76,0.0,0,249.09
p1_W1_E1.196,1176.0,29.29,10.0,1,306.23
p1_W_E.196,1176.0,23.95,7.0,1,286.71
p1_W3_E3.197,1182.0,14.63,0.0,0,275.16
p1_W3_E3.198,1188.0,12.2,0.0,0,274.26
p1_E_W.83,1196.0,7.55,0.0,0,238.4
p1_W3_E3.199,1194.0,11.24,0.0,0,261.1
p1_W3_E3.200,1200.0,12.33,0.0,0,264.78
p1_N1_S1.60,1200.0,18.63,0.0,0,306.02
p1_S1_N1.60,1200.0,17.24,0.0,0,301.4
p1_S2_N2.60,1200.0,18.8,0.0,0,299.44
p1_N3_S3.60,1200.0,14.23,0.0,0,301.29
p1_E2_N2.20,1200.0,20.56,4.0,1,295.1
p1_N1_W3.20,1203.0,17.09,0.0,0,303.58
p1_S1_E1.18,1083.0,48.91,19.0,3,436.52
p1_N2_S2.60,1200.0,10.44,0.0,0,271.36
p1_S3_N3.60,1200.0,10.19,0.0,0,254.27
p1_W3_E3.202,1212.0,18.24,0.0,0,292.38
p1_E1_W1.84,1210.0,21.16,2.0,1,294.57
p1_E3_N1.19,1141.0,46.74,19.0,2,472.89
p1_W_E.201,1206.0,26.47,5.0,1,323.7
p1_E_W.84,1210.0,22.22,1.0,1,312.98
p1_W1_E1.200,1200.0,32.85,14.0,2,330.41
p1_W1_E1.201,1206.0,26.87,8.0,2,319.86
p1_W3_E3.201,1206.0,25.9,7.0,1,321.54
p1_E3_W3.84,1210.0,22.59,3.0,1,311.97
p1_E3_W3.85,1224.0,7.95,0.0,0,240.32
p1_N3_W1.20,1203.0,27.62,10.0,1,316.46
p1_W3_S3.20,1203.0,30.92,9.0,1,322.08
p1_N2_W2.20,1203.0,23.35,7.0,1,287.34
p1_W1_E1.202,1212.0,21.67,0.0,0,297.48
p1_W_E.202,1212.0,22.67,2.0,1,307.54
p1_W1_E1.204,1224.0,9.22,0.0,0,261.79
p1_W_E.200,1200.0,33.58,12.0,2,317.24
p1_S2_E2.20,1203.0,21.86,6.0,1,296.24
p1_W3_E3.204,1224.0,12.44,0.0,0,269.06
p1_E1_N3.21,1260.0,15.6,4.0,1,180.86
p1_E1_W1.85,1224.0,7.28,0.0,0,245.51
p1_W1_E1.203,1218.0,9.62,0.0,0,246.82
p1_W1_S1.20,1203.0,40.54,18.0,2,342.9
p1_W3_E3.203,1218.0,12.54,0.0,0,272.95
p1_W_E.203,1218.0,9.3,0.0,0,245.74
p1_N1_S1.61,1220.0,24.57,5.0,1,308.19
p1_S1_N1.61,1220.0,25.32,5.0,1,318.99
p1_N2_S2.61,1220.0,25.1,4.0,1,315.86
p1_N3_S3.61,1220.0,23.2,4.0,1,305.16
p1_S3_N3.61,1220.0,23.73,4.0,1,308.48
p1_S3_E3.21,1263.0,23.06,13.0,1,192.95
p1_W2_S2.20,1203.0,40.04,21.0,2,339.6
p1_S1_E1.19,1143.0,57.79,23.0,3,486.41
p1_S2_N2.61,1220.0,12.59,0.0,0,269.79
p1_W1_E1.207,1242.0,14.12,0.0,0,283.52
p1_E_W.86,1239.0,17.81,0.0,0,304.34
p1_W3_E3.205,1230.0,28.48,10.0,2,328.06
p1_E1_W1.86,1239.0,19.49,1.0,1,312.4
p1_E_W.85,1224.0,25.96,12.0,1,292.25
p1_W1_E1.205,1230.0,22.1,6.0,1,299.25
p1_W3_E3.206,1236.0,13.67,0.0,0,271.03
p1_W1_E1.208,1248.0,11.27,0.0,0,263.39
p1_W_E.204,1224.0,24.98,9.0,1,294.22
p1_E3_W3.86,1239.0,10.55,0.0,0,263.75
p1_W_E.206,1236.0,26.03,4.0,1,316.85
p1_W3_E3.208,1248.0,8.18,0.0,0,235.72
p1_W_E.205,1230.0,19.16,5.0,1,276.43
p1_W_E.207,1242.0,18.68,0.0,0,283.9
p1_W3_E3.207,1242.0,9.08,0.0,0,255.47
p1_W_E.208,1248.0,15.75,0.0,0,292.05
p1_N1_S1.62,1240.0,30.45,12.0,1,319.91
p1_S2_N2.63,1260.0,9.8,0.0,0,261.21
p1_N3_S3.63,1260.0,9.72,0.0,0,255.88
p1_W1_E1.206,1236.0,12.86,0.0,0,261.42
p1_N2_S2.62,1240.0,31.34,14.0,2,326.41
p1_N3_S3.62,1240.0,31.21,11.0,1,319.47
p1_S3_N3.62,1240.0,31.15,11.0,1,321.28
p1_N2_S2.63,1260.0,8.06,0.0,0,244.97
p1_S1_N1.62,1240.0,30.22,11.0,2,321.25
p1_N1_S1.63,1260.0,8.62,0.0,0,232.71
p1_N1_W3.21,1263.0,12.78,0.0,0,268.3
p1_S3_N3.63,1260.0,8.96,0.0,0,238.73
p1_E3_N1.20,1200.0,39.52,12.0,3,461.49
p1_W3_E3.211,1266.0,16.27,0.0,0,303.51
p1_E_W.88,1268.0,14.53,0.0,0,281.84
p1_W_E.211,1266.0,16.62,0.0,0,303.33
p1_E3_W3.88,1268.0,12.29,0.0,0,284.2
p1_E_W.87,1253.0,31.52,13.0,2,323.69
p1_W1_E1.209,1254.0,30.55,10.0,1,325.41
p1_W1_E1.210,1260.0,23.61,5.0,2,317.43
p1_W3_E3.210,1260.0,24.16,5.0,1,317.44
p1_E1_W1.88,1268.0,13.39,0.0,0,272.41
p1_W_E.212,1272.0,12.53,0.0,0,273.76
p1_W3_E3.212,1272.0,12.02,0.0,0,293.0
p1_E3_W3.87,1253.0,30.39,12.0,1,335.96
p1_W_E.209,1254.0,29.74,10.0,1,321.67
p1_N3_W1.21,1263.0,21.08,3.0,1,304.21
p1_E1_W1.87,1253.0,33.12,13.0,1,326.63
p1_W1_E1.211,1266.0,20.17,0.0,0,312.08
p1_W3_E3.213,1278.0,8.07,0.0,0,240.62
p1_E1_N3.22,1320.0,9.41,0.0,0,172.27
p1_W1_E1.212,1272.0,14.86,0.0,0,267.37
p1_W3_E3.209,1254.0,27.59,7.0,1,315.13
p1_W3_S3.21,1263.0,18.04,1.0,1,287.6
p1_N1_S1.64,1280.0,15.36,0.0,0,290.31
p1_N3_S3.64,1280.0,15.38,0.0,0,295.55
p1_W1_S1.21,1263.0,32.72,13.0,2,327.98
p1_N2_S2.64,1280.0,13.46,0.0,0,267.56
p1_E2_N2.21,1260.0,37.84,15.0,2,332.51
p1_S1_N1.64,1280.0,17.54,0.0,0,289.58
p1_W2_S2.21,1263.0,35.19,10.0,1,326.42
p1_W_E.210,1260.0,11.95,0.0,0,266.37
p1_S3_E3.22,1323.0,19.3,8.0,1,186.32
p1_S1_E1.20,1203.0,38.8,9.0,2,455.61
p1_S3_N3.64,1280.0,8.49,0.0,0,248.53
p1_S2_N2.64,1280.0,10.92,0.0,0,255.46
p1_S2_N2.62,1240.0,34.27,14.0,2,314.22
p1_S1_N1.63,1260.0,25.32,11.0,1,285.71
p1_E_W.89,1282.0,28.12,7.0,1,325.12
p1_E3_W3.89,1282.0,28.23,9.0,2,325.64
p1_W3_E3.214,1284.0,26.41,5.0,1,316.62
p1_W1_E1.215,1290.0,20.34,3.0,1,311.45
p1_W3_E3.215,1290.0,20.28,0.0,0,306.99
p1_E1_W1.90,1296.0,9.09,0.0,0,260.13
p1_W_E.216,1296.0,14.4,0.0,0,284.55
p1_E1_W1.89,1282.0,20.2,6.0,1,285.11
p1_W1_E1.214,1284.0,27.28,6.0,1,320.74
p1_W_E.215,1290.0,22.44,1.0,1,303.5
p1_W3_E3.216,1296.0,16.23,0.0,0,294.5
p1_W3_E3.217,1302.0,10.31,0.0,0,256.52
p1_N2_W2.21,1263.0,39.89,20.0,2,327.99
p1_W1_E1.213,1278.0,29.03,11.0,1,320.46
p1_W_E.214,1284.0,30.34,10.0,2,322.25
p1_S2_E2.21,1263.0,39.32,17.0,2,333.7
p1_W1_E1.216,1296.0,9.58,0.0,0,255.39
p1_E3_W3.90,1296.0,8.53,0.0,0,243.6
p1_W1_E1.217,1302.0,9.5,0.0,0,245.62
p1_W_E.213,1278.0,26.92,8.0,1,301.04
p1_W_E.217,1302.0,9.66,0.0,0,243.76
p1_E_W.90,1296.0,9.87,0.0,0,242.23
p1_N1_S1.65,1300.0,22.77,4.0,1,310.08
p1_S2_N2.65,1300.0,22.72,3.0,1,312.95
p1_S1_N1.65,1300.0,23.78,3.0,1,305.53
p1_S3_N3.65,1300.0,23.68,3.0,1,322.8
p1_N3_S3.65,1300.0,22.18,5.0,2,301.69
p1_N2_S2.65,1300.0,9.42,0.0,0,259.03
p1_E1_W1.92,1325.0,10.46,0.0,0,262.7
p1_E_W.92,1325.0,10.09,0.0,0,264.43
p1_E3_W3.92,1325.0,9.92,0.0,0,259.66
p1_W1_E1.218,1308.0,26.01,8.0,1,319.17
p1_E1_W1.91,1311.0,25.79,6.0,1,312.79
p1_E3_W3.91,1311.0,24.79,4.0,2,306.89
p1_W1_E1.219,1314.0,22.71,2.0,1,311.59
p1_W3_E3.218,1308.0,19.67,5.0,1,270.43
p1_E_W.91,1311.0,16.1,3.0,1,276.87
p1_W3_S3.22,1323.0,13.67,0.0,0,285.09
p1_W3_E3.219,1314.0,13.2,0.0,0,266.5
p1_W1_E1.221,1326.0,9.96,0.0,0,252.58
p1_W_E.218,1308.0,18.87,6.0,1,274.07
p1_W1_E1.220,1320.0,14.12,0.0,0,271.31
p1_W3_E3.220,1320.0,19.82,0.0,0,303.51
p1_W_E.219,1314.0,12.04,0.0,0,264.19
p1_W_E.221,1326.0,9.95,0.0,0,241.9
p1_W_E.220,1320.0,18.78,0.0,0,273.27
p1_E1_N3.23,1380.0,8.3,0.0,0,160.04
p1_N3_S3.66,1320.0,27.25,10.0,1,308.84
p1_W3_E3.221,1326.0,9.33,0.0,0,237.35
p1_N1_S1.67,1340.0,7.52,0.0,0,240.33
p1_S1_E1.21,1263.0,42.14,7.0,2,437.62
p1_N3_S3.67,1340.0,8.43,0.0,0,240.59
p1_N1_S1.66,1320.0,29.02,10.0,1,323.97
p1_N2_S2.66,1320.0,29.17,10.0,1,319.98
p1_S3_N3.66,1320.0,29.5,10.0,1,323.93
p1_E2_N2.22,1320.0,29.09,9.0,1,317.27
p1_S1_N1.67,1340.0,9.55,0.0,0,247.6
p1_S2_N2.66,1320.0,30.1,9.0,1,320.39
p1_S1_N1.66,1320.0,21.78,7.0,1,295.49
p1_W1_S1.22,1323.0,28.27,7.0,1,325.19
p1_W2_S2.22,1323.0,22.93,6.0,1,289.83
p1_N2_S2.67,1340.0,11.06,0.0,0,266.7
p1_N1_W3.22,1323.0,22.68,6.0,1,307.28
p1_S3_E3.23,1383.0,8.98,0.0,0,164.79
p1_E3_N1.21,1260.0,35.49,9.0,2,416.18
p1_S2_N2.67,1340.0,8.79,0.0,0,241.66
p1_S3_N3.67,1340.0,8.97,0.0,0,247.14
p1_N3_W1.22,1323.0,37.61,17.0,2,330.16
p1_W1_E1.224,1344.0,16.89,1.0,1,287.17
p1_E3_W3.93,1340.0,21.88,4.0,1,313.61
p1_W3_E3.224,1344.0,13.51,0.0,0,280.74
p1_W_E.225,1350.0,12.43,0.0,0,274.8
p1_E1_W1.94,1354.0,7.94,0.0,0,245.05
p1_S2_E2.22,1323.0,38.84,17.0,2,332.88
p1_N2_W2.22,1323.0,39.6,17.0,2,342.43
p1_W1_E1.223,1338.0,24.64,3.0,1,323.14
p1_W3_E3.223,1338.0,17.11,3.0,1,294.41
p1_E1_W1.93,1340.0,22.89,3.0,1,311.58
p1_E_W.93,1340.0,14.28,1.0,1,268.88
p1_E3_W3.94,1354.0,9.79,0.0,0,259.08
p1_W1_E1.222,1332.0,24.3,8.0,1,296.21
p1_W_E.223,1338.0,26.92,7.0,2,323.74
p1_W_E.224,1344.0,20.86,0.0,0,301.46
p1_E_W.94,1354.0,8.11,0.0,0,234.46
p1_W1_E1.226,1356.0,9.78,0.0,0,240.52
p1_W_E.226,1356.0,10.56,0.0,0,256.61
p1_W1_E1.225,1350.0,8.47,0.0,0,240.39
p1_W_E.222,1332.0,27.52,8.0,1,303.26
p1_W3_E3.222,1332.0,19.17,5.0,1,271.75
p1_W3_E3.225,1350.0,9.35,0.0,0,253.79
p1_S2_N2.68,1360.0,14.0,0.0,0,280.39
p1_N1_S1.68,1360.0,9.27,0.0,0,249.99
p1_S1_N1.68,1360.0,15.33,0.0,0,279.38
p1_S3_N3.68,1360.0,13.36,1.0,1,264.47
p1_N3_S3.68,1360.0,9.98,0.0,0,245.46
p1_W1_E1.227,1362.0,26.42,5.0,1,325.52
p1_W_E.227,1362.0,26.32,6.0,1,315.46
p1_W3_E3.227,1362.0,26.11,7.0,1,313.99
p1_W_E.228,1368.0,20.03,0.0,0,304.99
p1_E_W.95,1368.0,20.16,0.0,0,310.23
p1_E3_W3.95,1368.0,19.73,0.0,0,316.21
p1_E1_W1.95,1368.0,15.3,0.0,0,291.71
p1_W3_E3.229,1374.0,14.75,0.0,0,280.53
p1_W3_E3.228,1368.0,21.96,1.0,1,299.42
p1_W1_E1.229,1374.0,8.1,0.0,0,241.46
p1_W3_E3.230,1380.0,10.43,0.0,0,254.87
p1_W1_E1.230,1380.0,11.33,0.0,0,252.65
p1_W1_E1.228,1368.0,11.81,0.0,0,262.3
p1_W3_E3.226,1356.0,25.86,9.0,1,307.25
p1_W_E.229,1374.0,8.62,0.0,0,244.34
p1_S3_N3.69,1380.0,20.54,2.0,1,321.1
p1_N1_S1.69,1380.0,21.26,2.0,1,307.97
p1_S1_N1.69,1380.0,21.0,2.0,1,309.46
p1_N2_S2.69,1380.0,20.73,3.0,2,310.09
p1_S2_N2.69,1380.0,21.72,3.0,1,308.0
p1_N3_S3.69,1380.0,20.95,0.0,0,316.23
p1_E2_N2.23,1380.0,17.72,3.0,1,289.25
p1_N1_W3.23,1383.0,20.42,0.0,0,315.82
p1_S3_E3.24,1443.0,7.03,0.0,0,162.94
p1_N3_W1.23,1383.0,29.63,10.0,1,318.23
p1_W_E.232,1392.0,20.33,3.0,1,302.19
p1_S1_E1.22,1323.0,47.29,18.0,2,474.0
p1_W3_S3.23,1383.0,31.01,11.0,1,325.61
p1_E1_W1.97,1397.0,15.9,0.0,0,303.89
p1_E3_W3.97,1397.0,16.06,0.0,0,299.24
p1_E1_N3.24,1443.0,14.13,3.0,1,173.74
p1_N2_S2.68,1360.0,24.92,10.0,1,289.31
p1_S2_E2.23,1383.0,31.75,10.0,1,320.51
p1_E1_W1.96,1383.0,31.13,11.0,1,315.74
p1_W1_E1.231,1386.0,28.42,9.0,1,318.75
p1_W3_E3.231,1386.0,28.05,9.0,1,320.23
p1_W_E.234,1404.0,10.4,0.0,0,269.58
p1_N2_W2.23,1383.0,32.27,9.0,1,328.85
p1_E_W.96,1383.0,30.63,12.0,2,322.8
p1_W1_E1.233,1398.0,16.67,0.0,0,294.63
p1_W3_E3.233,1398.0,17.98,0.0,0,301.14
p1_W3_E3.234,1404.0,11.95,0.0,0,275.43
p1_W_E.231,1386.0,29.77,10.0,2,331.23
p1_E_W.97,1397.0,19.75,0.0,0,309.98
p1_W1_E1.232,1392.0,17.49,1.0,1,284.73
p1_W_E.230,1380.0,31.59,12.0,2,314.88
p1_W1_E1.234,1404.0,9.24,0.0,0,252.06
p1_W3_E3.232,1392.0,13.65,0.0,0,269.52
p1_W1_S1.23,1383.0,42.93,24.0,2,328.43
p1_W_E.233,1398.0,9.08,0.0,0,251.21
p1_W2_S2.23,1383.0,44.92,19.0,2,336.94
p1_N3_S3.70,1400.0,27.31,7.0,1,324.06
p1_S3_N3.70,1400.0,26.89,8.0,1,313.65
p1_S3_N3.71,1420.0,7.47,0.0,0,240.95
p1_N1_S1.70,1400.0,27.67,10.0,2,325.71
p1_S1_N1.70,1400.0,21.76,5.0,1,289.36
p1_N2_S2.70,1400.0,24.24,5.0,1,308.23
p1_S2_N2.70,1400.0,19.23,6.0,1,291.48
p1_S2_N2.71,1420.0,7.68,0.0,0,244.52
p1_N2_S2.71,1420.0,9.44,0.0,0,250.67
p1_E3_W3.96,1383.0,18.78,2.0,1,282.03
p1_E3_N1.22,1320.0,40.71,19.0,2,412.01
p1_W1_E1.238,1428.0,10.73,0.0,0,271.0
p1_W_E.235,1410.0,30.09,11.0,1,325.28
p1_W3_E3.235,1410.0,30.14,10.0,1,324.38
p1_E_W.98,1412.0,28.23,9.0,1,320.45
p1_W_E.236,1416.0,24.31,6.0,1,307.22
p1_W1_E1.237,1422.0,18.53,1.0,1,286.29
p1_E1_W1.99,1426.0,14.37,0.0,0,290.6
p1_E3_W3.99,1426.0,14.4,1.0,1,274.27
p1_E1_W1.98,1412.0,29.18,7.0,1,324.01
p1_E3_W3.98,1412.0,28.93,8.0,1,325.33
p1_W1_E1.236,1416.0,23.23,5.0,1,312.04
p1_W3_E3.236,1416.0,23.11,5.0,1,311.22
p1_W_E.237,1422.0,20.23,0.0,0,305.34
p1_W3_E3.237,1422.0,19.99,0.0,0,304.27
p1_W_E.238,1428.0,14.32,0.0,0,258.38
p1_W1_E1.239,1434.0,8.14,0.0,0,256.69
p1_W3_E3.238,1428.0,14.78,0.0,0,285.67
p1_W1_E1.235,1410.0,27.04,9.0,1,305.42
p1_E_W.99,1426.0,9.25,0.0,0,242.58
p1_E3_N1.23,1380.0,28.28,10.0,1,396.55
p1_N1_S1.72,1440.0,13.15,0.0,0,266.32
p1_S1_N1.72,1440.0,13.12,0.0,0,272.86
p1_S2_N2.72,1440.0,13.1,0.0,0,265.56
p1_S3_N3.72,1440.0,8.02,0.0,0,242.99
p1_N1_S1.71,1420.0,27.96,11.0,1,300.47
p1_N3_S3.72,1440.0,8.72,0.0,0,241.39
p1_N2_S2.72,1440.0,8.89,0.0,0,251.53
p1_N3_S3.71,1420.0,24.16,10.0,1,282.71
p1_S1_N1.71,1420.0,23.76,10.0,1,287.94
p1_N1_W3.24,1443.0,10.1,0.0,0,256.81
p1_W1_E1.240,1440.0,24.39,6.0,1,314.41
p1_E1_W1.101,1455.0,9.72,0.0,0,268.71
p1_E1_W1.100,1440.0,26.55,7.0,1,321.28
p1_E_W.100,1440.0,26.24,7.0,1,317.01
p1_W3_E3.240,1440.0,24.38,6.0,1,303.86
p1_E3_W3.100,1440.0,26.35,9.0,2,317.52
p1_W1_E1.241,1446.0,20.17,0.0,0,307.54
p1_E3_W3.101,1455.0,7.82,0.0,0,242.72
p1_W3_E3.239,1434.0,27.25,12.0,1,295.72
p1_W_E.240,1440.0,26.23,7.0,1,307.62
p1_S2_E2.24,1443.0,21.13,7.0,1,301.24
p1_W3_S3.24,1443.0,24.03,6.0,1,307.59
p1_N2_W2.24,1443.0,21.33,5.0,1,295.09
p1_W3_E3.241,1446.0,22.17,2.0,1,301.0
p1_W_E.239,1434.0,35.05,15.0,2,342.52
p1_W_E.242,1452.0,15.08,0.0,0,287.85
p1_N3_W1.24,1443.0,16.27,1.0,1,294.47
p1_W3_E3.242,1452.0,18.0,0.0,0,304.32
p1_W_E.243,1458.0,12.79,0.0,0,269.65
p1_S1_E1.23,1383.0,15.59,0.0,0,370.29
p1_W1_E1.242,1452.0,9.6,0.0,0,254.02
p1_W1_S1.24,1443.0,34.22,13.0,2,330.35
p1_W_E.241,1446.0,13.06,0.0,0,266.41
p1_E2_N2.24,1443.0,36.99,15.0,2,333.22
p1_S1_N1.73,1460.0,19.57,0.0,0,303.61
p1_N3_S3.73,1460.0,18.63,0.0,0,310.41
p1_N1_S1.73,1460.0,17.4,1.0,1,297.17
p1_N2_S2.73,1460.0,19.7,1.0,1,301.87
p1_S2_N2.73,1460.0,17.56,0.0,0,294.36
p1_S3_N3.73,1460.0,12.36,0.0,0,276.53
p1_S3_E3.25,1503.0,21.56,11.0,1,192.64
p1_W2_S2.24,1443.0,32.18,11.0,2,318.6
p1_E1_N3.25,1501.0,8.26,0.0,0,168.83
p1_W3_E3.246,1476.0,15.26,0.0,0,282.65
p1_W1_E1.244,1464.0,23.03,8.0,1,293.6
p1_W_E.244,1464.0,27.59,9.0,1,330.77
p1_W3_E3.244,1464.0,24.58,8.0,1,303.2
p1_E1_W1.102,1469.0,23.49,3.0,1,317.83
p1_W_E.245,1470.0,22.37,3.0,1,308.34
p1_W1_E1.246,1476.0,11.84,0.0,0,271.46
p1_E3_W3.103,1484.0,7.9,0.0,0,242.69
p1_E_W.102,1469.0,23.85,5.0,2,330.77
p1_W1_E1.245,1470.0,23.37,4.0,1,318.03
p1_W_E.246,1476.0,17.51,0.0,0,300.62
p1_W_E.247,1482.0,12.24,0.0,0,267.96
p1_W1_E1.243,1458.0,28.22,12.0,1,298.72
p1_W3_E3.243,1458.0,30.72,13.0,1,298.34
p1_W3_E3.245,1470.0,16.36,0.0,0,272.6
p1_E_W.103,1484.0,8.79,0.0,0,244.37
p1_E3_W3.102,1469.0,12.64,0.0,0,268.78
p1_S1_N1.74,1480.0,25.15,5.0,1,309.82
p1_N2_S2.74,1480.0,25.53,7.0,2,311.96
p1_S2_N2.74,1480.0,25.31,5.0,1,316.57
p1_N3_S3.74,1480.0,18.0,3.0,1,292.71
p1_S3_N3.74,1480.0,15.32,1.0,1,275.49
p1_N1_S1.74,1480.0,15.12,1.0,1,276.56
p1_S1_E1.24,1443.0,30.62,10.0,1,409.87
p1_W_E.248,1488.0,30.58,9.0,1,325.9
p1_W3_E3.248,1488.0,29.85,11.0,1,314.73
p1_E1_W1.104,1498.0,20.23,0.0,0,319.54
p1_W1_E1.250,1500.0,17.7,0.0,0,298.22
p1_W3_E3.250,1500.0,13.51,0.0,0,283.79
p1_E1_W1.103,1484.0,26.66,13.0,1,286.8
p1_W1_E1.248,1488.0,31.45,11.0,1,315.55
p1_W_E.249,1494.0,24.87,5.0,1,319.24
p1_E_W.104,1498.0,20.74,0.0,0,310.84
p1_E3_W3.104,1498.0,20.86,2.0,2,308.23
p1_W_E.250,1500.0,20.5,1.0,1,303.43
p1_W_E.251,1506.0,14.55,0.0,0,273.98
p1_W3_E3.251,1506.0,8.72,0.0,0,254.48
p1_E_W.105,1512.0,8.36,0.0,0,247.76
p1_E3_W3.105,1512.0,7.96,0.0,0,246.42
p1_W1_E1.247,1482.0,27.6,14.0,1,303.32
p1_W3_E3.249,1494.0,27.5,6.0,1,309.22
p1_W1_E1.251,1506.0,10.12,0.0,0,236.31
p1_E1_N3.26,1560.0,6.89,0.0,0,164.12
p1_W3_E3.247,1482.0,28.07,14.0,1,297.57
p1_W3_S3.25,1503.0,21.34,0.0,0,296.07
p1_W1_E1.249,1494.0,18.95,0.0,0,289.37
p1_S2_E2.25,1503.0,23.66,9.0,1,298.29
p1_E3_N1.24,1443.0,43.52,13.0,2,474.04
p1_S3_N3.76,1520.0,9.09,0.0,0,257.71
p1_N1_S1.75,1500.0,30.09,13.0,1,318.1
p1_S1_N1.76,1520.0,9.64,0.0,0,263.16
p1_N2_S2.75,1500.0,31.29,12.0,1,326.97
p1_S3_N3.75,1500.0,31.1,12.0,2,321.58
p1_N1_W3.25,1503.0,26.98,6.0,1,314.58
p1_N3_S3.75,1500.0,31.86,10.0,1,327.33
p1_W2_S2.25,1503.0,26.94,8.0,1,313.57
p1_N1_S1.76,1520.0,10.08,0.0,0,256.03
p1_E_W.101,1455.0,31.26,11.0,2,315.04
p1_W1_S1.25,1503.0,30.5,8.0,1,327.55
p1_S3_E3.26,1563.0,14.04,3.0,1,181.93
p1_S1_N1.75,1500.0,28.51,11.0,1,313.37
p1_N2_S2.76,1520.0,10.36,0.0,0,254.73
p1_E2_N2.25,1501.0,21.98,4.0,1,295.11
p1_E3_W3.106,1527.0,15.51,0.0,0,291.09
p1_W1_E1.252,1512.0,31.86,14.0,1,337.08
p1_W1_E1.253,1518.0,26.1,5.0,1,320.01
p1_W_E.253,1518.0,26.39,7.0,1,319.82
p1_W3_E3.255,1530.0,14.19,0.0,0,283.56
p1_N2_W2.25,1503.0,39.53,16.0,2,336.75
p1_E1_W1.105,1512.0,30.8,12.0,1,319.09
p1_W_E.252,1512.0,28.65,12.0,1,314.5
p1_W3_E3.253,1518.0,25.71,6.0,1,310.89
p1_W1_E1.254,1524.0,22.16,1.0,1,322.17
p1_W1_E1.255,1530.0,16.25,0.0,0,291.65
p1_W_E.255,1530.0,16.14,0.0,0,296.32
p1_N3_W1.25,1503.0,39.53,16.0,2,331.07
p1_E_W.106,1527.0,8.83,0.0,0,241.31
p1_E1_W1.106,1527.0,8.9,0.0,0,248.95
p1_W1_E1.256,1536.0,12.22,0.0,0,260.44
p1_W_E.256,1536.0,11.99,0.0,0,255.59
p1_S2_N2.75,1500.0,18.58,2.0,1,280.17
p1_W_E.254,1524.0,12.37,0.0,0,262.69
p1_W3_E3.254,1524.0,12.87,0.0,0,262.3
p1_W3_E3.252,1512.0,21.33,7.0,1,287.25
p1_W3_E3.256,1536.0,16.22,0.0,0,262.91
p1_N2_S2.77,1540.0,15.17,0.0,0,298.11
p1_N3_S3.77,1540.0,15.58,1.0,1,292.78
p1_N1_S1.77,1540.0,15.82,0.0,0,293.89
p1_S1_N1.77,1540.0,15.96,0.0,0,300.15
p1_S2_N2.77,1540.0,14.88,0.0,0,283.98
p1_S3_N3.77,1540.0,15.99,1.0,1,299.85
p1_E1_W1.107,1541.0,29.34,10.0,1,329.62
p1_E_W.107,1541.0,29.22,10.0,1,332.41
p1_W_E.257,1542.0,22.12,9.0,1,293.43
p1_W1_E1.258,1548.0,22.24,2.0,1,314.73
p1_W_E.258,1548.0,22.22,3.0,1,312.46
p1_W3_E3.258,1548.0,22.58,3.0,2,299.48
p1_E1_W1.108,1556.0,13.86,0.0,0,279.59
p1_E_W.108,1556.0,8.62,0.0,0,251.8
p1_E3_W3.108,1556.0,14.44,0.0,0,285.5
p1_E3_W3.107,1541.0,29.61,8.0,1,322.74
p1_W1_E1.257,1542.0,29.08,8.0,2,320.6
p1_W3_E3.257,1542.0,27.43,8.0,1,315.5
p1_W1_E1.259,1554.0,18.11,0.0,0,307.48
p1_W_E.259,1554.0,17.82,0.0,0,290.44
p1_W3_E3.259,1554.0,18.48,0.0,0,308.07
p1_W_E.260,1560.0,12.35,0.0,0,278.42
p1_W1_E1.260,1560.0,10.18,0.0,0,260.6
p1_W3_E3.260,1560.0,13.18,0.0,0,266.25
p1_W3_S3.26,1563.0,11.77,0.0,0,257.29
p1_E3_N1.25,1501.0,38.07,10.0,1,459.71
p1_N2_S2.78,1560.0,23.32,3.0,1,315.82
p1_E2_N2.26,1560.0,23.87,8.0,1,291.46
p1_N1_S1.78,1560.0,18.44,1.0,1,288.5
p1_N3_S3.78,1560.0,23.63,3.0,2,305.6
p1_S3_N3.78,1560.0,22.68,4.0,1,314.28
p1_W2_S2.26,1563.0,21.28,5.0,1,292.42
p1_N1_W3.26,1563.0,12.96,0.0,0,274.19
p1_S2_N2.78,1560.0,22.82,2.0,2,304.7
p1_S3_E3.27,1623.0,7.1,0.0,0,164.36
p1_S1_N1.78,1560.0,14.04,0.0,0,270.19
p1_S2_N2.76,1520.0,40.05,19.0,2,317.65
p1_N3_S3.76,1520.0,40.96,20.0,2,330.06
p1_N3_W1.26,1563.0,31.02,10.0,2,326.59
p1_W3_E3.264,1584.0,10.75,0.0,0,265.75
p1_E3_W3.110,1584.0,11.11,0.0,0,260.86
p1_N2_W2.26,1563.0,33.71,13.0,2,326.83
p1_W1_E1.261,1566.0,30.25,11.0,1,330.87
p1_E1_W1.110,1584.0,12.54,0.0,0,271.17
p1_E_W.110,1584.0,11.88,0.0,0,270.09
p1_E3_W3.109,1570.0,26.83,7.0,1,321.41
p1_W_E.262,1572.0,21.3,3.0,1,300.23
p1_W3_E3.262,1572.0,24.69,6.0,1,315.08
p1_W_E.261,1566.0,32.09,10.0,2,329.26
p1_W3_E3.261,1566.0,32.36,11.0,1,330.7
p1_E1_W1.109,1570.0,23.04,6.0,1,306.14
p1_E_W.109,1570.0,28.08,7.0,2,320.03
p1_E1_N3.27,1620.0,17.54,7.0,1,179.27
p1_W1_E1.263,1578.0,10.89,0.0,0,256.42
p1_S1_E1.25,1503.0,39.65,12.0,2,455.01
p1_W1_E1.262,1572.0,23.82,4.0,1,308.63
p1_S2_E2.26,1563.0,19.6,2.0,1,298.46
p1_W_E.263,1578.0,13.96,0.0,0,272.91
p1_W3_E3.263,1578.0,25.99,0.0,0,335.71
p1_W1_E1.264,1584.0,8.39,0.0,0,247.42
p1_N3_S3.80,1600.0,7.52,0.0,0,245.51
p1_N2_S2.80,1600.0,7.83,0.0,0,246.43
p1_S3_N3.80,1600.0,7.65,0.0,0,248.85
p1_S2_N2.79,1580.0,29.27,9.0,1,316.62
p1_N3_S3.79,1580.0,29.23,8.0,1,318.15
p1_S1_N1.79,1580.0,26.1,8.0,1,300.73
p1_N2_S2.79,1580.0,29.66,9.0,1,323.22
p1_N1_S1.79,1580.0,20.43,7.0,1,283.5
p1_W1_S1.26,1563.0,38.8,21.0,2,313.53
p1_N1_S1.80,1600.0,12.48,0.0,0,270.33
p1_S3_N3.79,1580.0,19.67,7.0,1,285.68
p1_W3_E3.268,1608.0,12.4,0.0,0,283.36
p1_E_W.112,1613.0,8.44,0.0,0,240.09
p1_W1_E1.265,1590.0,32.2,15.0,2,324.05
p1_W_E.265,1590.0,32.57,14.0,2,325.96
p1_W1_E1.266,1596.0,26.17,7.0,1,311.65
p1_E_W.111,1599.0,23.54,4.0,1,314.98
p1_E1_W1.112,1613.0,8.88,0.0,0,235.59
p1_W3_E3.266,1596.0,26.62,8.0,1,320.54
p1_E3_W3.111,1599.0,18.69,3.0,1,298.98
p1_W3_E3.267,1602.0,20.63,1.0,1,299.17
p1_W1_E1.267,1602.0,21.99,2.0,1,308.94
p1_W1_E1.269,1614.0,8.99,0.0,0,257.87
p1_W3_E3.269,1614.0,10.47,0.0,0,259.0
p1_E1_W1.111,1599.0,13.52,2.0,1,277.51
p1_W_E.264,1584.0,26.63,13.0,1,286.3
p1_W3_E3.265,1590.0,31.55,10.0,1,313.51
p1_W_E.266,1596.0,20.76,3.0,1,288.69
p1_W_E.267,1602.0,24.24,2.0,1,328.63
p1_W_E.268,1608.0,17.94,0.0,0,282.77
p1_W1_E1.268,1608.0,9.05,0.0,0,245.49
p1_W_E.269,1614.0,16.91,0.0,0,274.25
p1_N1_S1.81,1620.0,13.52,0.0,0,282.03
p1_N2_S2.81,1620.0,14.92,0.0,0,280.77
p1_S3_N3.81,1620.0,14.84,0.0,0,290.83
p1_N1_W3.27,1623.0,13.33,0.0,0,272.55
p1_E3_N1.26,1560.0,20.05,1.0,1,378.0
p1_S2_N2.80,1600.0,25.88,12.0,1,282.39
p1_S1_N1.80,1600.0,25.99,11.0,1,288.79
p1_S2_N2.81,1620.0,8.81,0.0,0,245.75
p1_E2_N2.27,1620.0,23.66,7.0,1,298.48
p1_N3_W1.27,1623.0,23.61,3.0,1,313.96
p1_E3_W3.113,1628.0,19.06,1.0,1,303.4
p1_W1_E1.270,1620.0,28.34,9.0,2,322.57
p1_N2_W2.27,1623.0,25.78,9.0,1,295.26
p1_W_E.271,1626.0,21.83,1.0,1,314.29
p1_W3_E3.271,1626.0,22.1,3.0,1,311.12
p1_W1_E1.271,1626.0,22.67,3.0,1,325.51
p1_E1_W1.113,1628.0,20.66,0.0,0,310.82
p1_E_W.113,1628.0,19.42,1.0,1,317.56
p1_W3_E3.270,1620.0,27.71,8.0,1,327.88
p1_W1_E1.272,1632.0,18.58,0.0,0,302.95
p1_W_E.272,1632.0,18.41,0.0,0,292.01
p1_E_W.114,1642.0,8.46,0.0,0,246.52
p1_W1_E1.273,1638.0,10.42,0.0,0,258.98
p1_E1_N3.28,1680.0,12.68,2.0,1,179.82
p1_W3_E3.272,1632.0,12.2,0.0,0,274.4
p1_W_E.273,1638.0,14.18,0.0,0,265.45
p1_S2_E2.27,1623.0,13.62,0.0,0,275.07
p1_W3_S3.27,1623.0,21.32,4.0,1,287.73
p1_W_E.270,1620.0,33.95,8.0,1,333.89
p1_E3_W3.112,1613.0,24.56,10.0,1,292.34
p1_W2_S2.27,1623.0,38.97,19.0,2,343.28
p1_N1_S1.82,1640.0,16.44,0.0,0,287.66
p1_N2_S2.82,1640.0,21.58,2.0,1,309.83
p1_S1_E1.26,1563.0,55.74,15.0,2,508.2
p1_S1_N1.82,1640.0,15.27,0.0,0,281.29
p1_S2_N2.82,1640.0,19.86,1.0,1,304.61
p1_S3_N3.82,1640.0,13.09,0.0,0,274.92
p1_S3_E3.28,1683.0,23.21,11.0,1,196.29
p1_W1_S1.27,1623.0,30.34,12.0,2,308.1
p1_N3_S3.81,1620.0,27.66,13.0,1,289.06
p1_S1_N1.81,1620.0,25.46,10.0,1,296.89
p1_W3_E3.276,1656.0,16.25,0.0,0,291.02
p1_E_W.115,1656.0,16.34,0.0,0,294.99
p1_E3_W3.115,1656.0,17.53,0.0,0,300.82
p1_N3_S3.82,1640.0,9.13,0.0,0,254.16
p1_E1_W1.114,1642.0,32.57,13.0,2,324.84
p1_E3_W3.114,1642.0,26.61,12.0,1,310.29
p1_W_E.275,1650.0,24.08,6.0,1,312.4
p1_W3_E3.275,1650.0,24.4,4.0,1,314.91
p1_W1_E1.276,1656.0,17.96,0.0,0,280.39
p1_W_E.274,1644.0,30.66,11.0,1,327.63
p1_W1_E1.275,1650.0,24.69,7.0,2,312.17
p1_W3_E3.277,1662.0,14.33,0.0,0,282.55
p1_W_E.276,1656.0,19.47,0.0,0,304.82
p1_E1_W1.115,1656.0,9.14,0.0,0,250.43
p1_W_E.277,1662.0,9.16,0.0,0,247.86
p1_S2_N2.83,1660.0,22.88,6.0,1,295.72
p1_W3_E3.273,1638.0,33.01,12.0,1,312.28
p1_N1_S1.83,1660.0,26.71,8.0,1,321.17
p1_N2_S2.83,1660.0,19.15,5.0,1,278.6
p1_S3_N3.83,1660.0,27.7,10.0,2,322.01
p1_N1_S1.84,1680.0,7.84,0.0,0,250.43
p1_S1_N1.84,1680.0,7.76,0.0,0,244.3
p1_N2_S2.84,1680.0,8.05,0.0,0,242.36
p1_N3_S3.84,1680.0,7.87,0.0,0,243.48
p1_W1_E1.274,1644.0,18.69,4.0,1,279.36
p1_S1_N1.83,1660.0,17.24,4.0,1,278.15
p1_N3_S3.83,1660.0,15.99,1.0,1,275.15
p1_W1_E1.281,1686.0,12.89,0.0,0,263.73
p1_W1_E1.278,1668.0,32.48,10.0,1,322.81
p1_E3_W3.116,1671.0,27.14,9.0,1,317.79
p1_W3_E3.279,1674.0,26.42,8.0,2,323.54
p1_E_W.117,1685.0,15.47,0.0,0,286.93
p1_W_E.281,1686.0,14.23,0.0,0,278.12
p1_E1_W1.116,1671.0,29.91,8.0,1,317.74
p1_E_W.116,1671.0,28.53,10.0,1,314.89
p1_W_E.279,1674.0,26.73,8.0,2,314.76
p1_W1_E1.282,1692.0,8.66,0.0,0,245.81
p1_W3_E3.281,1686.0,16.19,0.0,0,293.22
p1_W1_E1.279,1674.0,27.18,7.0,1,296.57
p1_E3_W3.117,1685.0,8.97,0.0,0,250.59
p1_W1_E1.280,1680.0,18.49,0.0,0,284.1
p1_W_E.278,1668.0,28.24,10.0,1,301.72
p1_W_E.280,1680.0,14.96,0.0,0,277.46
p1_W3_S3.28,1683.0,22.1,1.0,1,298.44
p1_E1_N3.29,1740.0,8.4,0.0,0,171.2
p1_W3_E3.280,1680.0,18.49,0.0,0,287.61
p1_W_E.282,1692.0,14.81,0.0,0,279.73
p1_W3_E3.278,1668.0,40.12,15.0,2,337.02
p1_W3_E3.274,1644.0,36.9,17.0,2,317.65
p1_W1_S1.28,1683.0,29.38,7.0,2,326.53
p1_N2_S2.85,1700.0,13.36,0.0,0,273.52
p1_S2_N2.85,1700.0,13.09,0.0,0,278.94
p1_N3_S3.85,1700.0,12.99,0.0,0,266.63
p1_S3_N3.84,1680.0,31.18,12.0,1,313.3
p1_N1_W3.28,1683.0,30.69,11.0,1,317.0
p1_S1_N1.85,1700.0,13.88,0.0,0,279.32
p1_E3_N1.27,1620.0,39.52,14.0,2,417.83
p1_S3_N3.85,1700.0,8.39,0.0,0,242.89
p1_W1_E1.277,1662.0,25.46,9.0,1,287.3
p1_W2_S2.28,1683.0,17.37,0.0,0,286.11
p1_N1_S1.85,1700.0,8.33,0.0,0,232.55
p1_S2_N2.84,1680.0,22.8,8.0,1,286.3
p1_W1_E1.286,1716.0,8.24,0.0,0,256.62
p1_S3_E3.29,1743.0,9.56,0.0,0,168.8
p1_N3_W1.28,1683.0,42.08,23.0,2,348.91
p1_E1_W1.119,1714.0,10.87,0.0,0,258.35
p1_E_W.119,1714.0,11.53,0.0,0,269.88
p1_E3_W3.119,1714.0,11.03,0.0,0,262.41
p1_S2_E2.28,1683.0,43.52,18.0,2,341.01
p1_E2_N2.28,1680.0,45.68,21.0,4,353.94
p1_W1_E1.283,1698.0,28.41,8.0,1,320.38
p1_E3_W3.118,1700.0,25.63,6.0,1,321.32
p1_W_E.284,1704.0,22.44,3.0,1,319.17
p1_W3_E3.285,1710.0,16.41,0.0,0,286.17
p1_N2_W2.28,1683.0,44.72,22.0,2,344.28
p1_E1_W1.118,1700.0,25.76,7.0,1,308.99
p1_W1_E1.285,1710.0,16.79,1.0,1,290.89
p1_W_E.283,1698.0,29.39,10.0,2,318.15
p1_W3_E3.283,1698.0,30.28,8.0,1,319.49
p1_W_E.286,1716.0,12.19,0.0,0,266.16
p1_E_W.118,1700.0,27.22,6.0,1,313.48
p1_W_E.285,1710.0,15.37,0.0,0,274.67
p1_W3_E3.284,1704.0,23.8,1.0,1,309.67
p1_W1_E1.284,1704.0,14.21,0.0,0,260.38
p1_W3_E3.286,1716.0,17.77,0.0,0,280.23
p1_E1_W1.117,1685.0,27.14,12.0,1,281.99
p1_S1_E1.27,1623.0,71.83,27.0,3,507.11
p1_S2_N2.86,1720.0,17.95,0.0,0,317.19
p1_N1_S1.86,1720.0,13.65,0.0,0,287.02
p1_N2_S2.86,1720.0,19.44,0.0,0,312.4
p1_S1_N1.86,1720.0,19.69,0.0,0,308.25
p1_N3_S3.86,1720.0,19.67,0.0,0,308.59
p1_S3_N3.86,1720.0,13.81,0.0,0,286.41
p1_W3_E3.282,1692.0,22.42,7.0,1,289.73
p1_W1_E1.287,1722.0,29.94,11.0,1,324.73
p1_W1_E1.288,1728.0,23.81,4.0,1,320.73
p1_W3_E3.288,1728.0,24.19,4.0,1,319.98
p1_E3_W3.120,1728.0,24.18,4.0,1,313.67
p1_W_E.287,1722.0,30.71,11.0,1,322.51
p1_W3_E3.287,1722.0,30.76,10.0,1,318.69
p1_E1_W1.120,1728.0,16.28,2.0,1,287.24
p1_W_E.288,1728.0,24.71,4.0,1,309.5
p1_E_W.120,1728.0,25.46,4.0,1,314.89
p1_W1_E1.290,1740.0,14.4,0.0,0,286.75
p1_E1_W1.121,1743.0,8.45,0.0,0,240.68
p1_W_E.290,1740.0,14.78,0.0,0,285.01
p1_W1_E1.289,1734.0,13.67,0.0,0,267.77
p1_W_E.289,1734.0,15.02,0.0,0,279.33
p1_W_E.291,1746.0,10.67,0.0,0,258.46
p1_W3_E3.289,1734.0,10.7,0.0,0,250.01
p1_E3_N1.28,1680.0,40.55,10.0,1,466.96
p1_W3_E3.290,1740.0,8.4,0.0,0,242.91
p1_N2_S2.87,1740.0,25.43,6.0,1,309.74
p1_W2_S2.29,1743.0,22.8,9.0,1,300.22
p1_E2_N2.29,1740.0,25.15,10.0,1,304.23
p1_N1_S1.87,1740.0,25.81,5.0,1,315.09
p1_S1_N1.87,1740.0,25.46,5.0,1,311.8
p1_S2_N2.87,1740.0,23.82,5.0,1,310.91
p1_N3_S3.87,1740.0,16.42,3.0,1,275.85
p1_N1_W3.29,1743.0,13.31,0.0,0,275.08
p1_N3_W1.29,1743.0,33.64,11.0,2,325.27
p2_N3_E1.0,1803.0,11.69,2.0,1,185.69
p1_S3_N3.87,1740.0,12.65,0.0,0,269.31
p1_N2_W2.29,1743.0,35.12,14.0,2,339.69
p1_W1_E1.291,1746.0,32.16,13.0,1,324.11
p1_E_W.122,1757.0,20.95,1.0,1,311.88
p1_W_E.294,1764.0,14.56,1.0,1,286.47
p1_S2_E2.29,1743.0,35.45,14.0,2,336.94
p1_W1_E1.292,1752.0,26.75,6.0,1,330.33
p1_E1_W1.122,1757.0,21.94,2.0,1,303.14
p1_W1_E1.293,1758.0,16.7,0.0,0,287.27
p1_W_E.295,1770.0,8.01,0.0,0,243.55
p1_E_W.121,1743.0,27.1,12.0,1,311.32
p1_W_E.293,1758.0,15.31,0.0,0,275.69
p1_W1_E1.294,1764.0,9.82,0.0,0,248.72
p1_E3_W3.121,1743.0,25.08,11.0,1,286.18
p1_W3_S3.29,1743.0,28.25,11.0,1,300.26
p1_W3_E3.292,1752.0,27.55,7.0,1,307.96
p1_W_E.292,1752.0,17.24,2.0,1,276.77
p1_N1_S1.89,1780.0,9.12,0.0,0,262.99
p1_S2_N2.89,1780.0,9.22,0.0,0,260.75
p1_S1_E1.28,1683.0,64.2,29.0,4,503.2
p1_W3_E3.294,1764.0,25.64,3.0,1,322.33
p1_S3_N3.88,1760.0,31.58,10.0,1,332.25
p1_N1_S1.88,1760.0,28.93,11.0,1,318.25
p1_N2_S2.88,1760.0,31.19,11.0,1,323.32
p1_S2_N2.88,1760.0,31.75,11.0,2,323.85
p1_W3_E3.293,1758.0,13.11,0.0,0,277.23
p1_S1_N1.88,1760.0,23.26,8.0,1,278.43
p1_S3_N3.89,1780.0,13.56,0.0,0,270.9
p1_W3_E3.291,1746.0,36.62,16.0,2,326.36
p2_E3_S3.0,1803.0,33.7,17.0,2,205.31
p1_W3_E3.295,1770.0,28.82,1.0,1,320.58
p1_S1_N1.89,1780.0,9.04,0.0,0,249.73
p1_W1_S1.29,1743.0,34.76,14.0,2,305.09
p1_W3_E3.296,1776.0,24.5,10.0,1,316.51
p1_E1_W1.124,1786.0,16.91,0.0,0,317.49
p1_E1_W1.123,1772.0,26.87,12.0,1,304.8
p1_E_W.123,1772.0,32.53,13.0,1,331.82
p1_W1_E1.296,1776.0,28.09,9.0,1,312.67
p1_N2_S2.89,1780.0,9.54,0.0,0,240.47
p1_W1_E1.298,1788.0,16.51,0.0,0,288.3
p1_W_E.297,1782.0,14.75,0.0,0,282.92
p1_W_E.298,1788.0,15.48,0.0,0,298.1
p1_E3_W3.123,1772.0,29.97,11.0,1,316.39
p1_W_E.296,1776.0,30.58,11.0,2,323.97
p1_N3_S3.89,1780.0,26.41,13.0,1,284.94
p1_E_W.124,1786.0,9.46,0.0,0,255.61
p1_W1_E1.299,1794.0,10.98,0.0,0,260.94
p1_W_E.299,1794.0,12.46,0.0,0,269.0
p1_N3_S3.88,1760.0,46.68,26.0,2,345.83
p1_W1_E1.297,1782.0,24.63,5.0,1,297.99
p1_E3_W3.124,1786.0,20.72,0.0,0,317.99
p1_E3_W3.122,1757.0,27.69,13.0,1,283.3
p1_W1_E1.295,1770.0,24.94,11.0,1,278.47
p2_N1_S1.0,1800.0,15.56,1.0,1,283.06
p2_N2_S2.0,1800.0,15.29,1.0,1,289.66
p2_S2_N2.0,1800.0,15.4,0.0,0,302.05
p2_N3_S3.0,1800.0,10.52,0.0,0,259.46
p2_S3_N3.0,1800.0,15.45,0.0,0,287.35
p2_S1_N1.0,1800.0,15.83,0.0,0,297.87
p1_E3_N1.29,1740.0,24.29,8.0,1,379.54
p2_N2_E2.0,1803.0,13.14,0.0,0,267.66
p1_W3_E3.297,1782.0,36.88,15.0,2,332.0
p1_W3_E3.299,1794.0,25.68,12.0,1,287.9
p1_W3_E3.298,1788.0,28.68,11.0,1,295.81
p2_S1_W1.0,1803.0,13.02,0.0,0,272.17
p2_W3_E3.0,1800.0,25.02,10.0,1,295.57
p2_W3_E3.1,1815.0,11.11,0.0,0,269.96
p2_W_E.0,1800.0,23.98,9.0,1,285.9
p2_W_E.1,1815.0,12.12,0.0,0,263.78
p2_E3_W3.3,1818.0,10.23,0.0,0,261.47
p2_E_W.1,1806.0,21.42,5.0,1,275.53
p2_E1_W1.0,1800.0,30.24,10.0,1,330.9
p2_E3_W3.0,1800.0,30.38,11.0,1,323.43
p2_E1_W1.1,1806.0,24.23,7.0,1,304.25
p2_W1_E1.0,1800.0,31.09,12.0,1,320.79
p2_E3_S3.1,1863.0,10.04,0.0,0,181.06
p2_E3_W3.1,1806.0,19.17,4.0,1,268.31
p2_E1_W1.2,1812.0,20.27,2.0,1,276.47
p2_E1_W1.3,1818.0,14.08,0.0,0,288.89
p2_S3_W3.0,1803.0,24.94,6.0,1,322.21
p2_S2_W2.0,1803.0,19.62,4.0,1,280.38
p2_E3_W3.2,1812.0,21.97,3.0,1,279.18
p2_E1_W1.4,1824.0,8.19,0.0,0,248.1
p2_E_W.0,1800.0,24.76,7.0,1,291.34
p2_E_W.2,1812.0,23.99,0.0,0,306.74
p2_W1_E1.1,1815.0,21.97,2.0,1,302.75
p2_E_W.3,1818.0,19.71,0.0,0,292.22
p2_E2_S2.0,1802.0,40.62,14.0,3,341.56
p2_W3_N1.0,1803.0,34.26,12.0,3,318.2
p2_N1_S1.1,1820.0,23.73,3.0,1,309.46
p2_S1_N1.1,1820.0,23.76,3.0,1,319.82
p2_S2_N2.1,1820.0,23.71,4.0,1,316.85
p2_W2_N2.0,1803.0,36.14,14.0,2,342.01
p2_N2_S2.1,1820.0,13.77,0.0,0,274.1
p2_W1_N3.0,1803.0,48.03,27.0,2,353.29
p2_W1_E1.2,1829.0,21.96,7.0,1,289.2
p2_W_E.2,1829.0,22.06,8.0,1,290.61
p2_W3_E3.2,1829.0,22.07,8.0,1,290.25
p2_W3_E3.3,1844.0,7.34,0.0,0,243.92
p2_W_E.3,1844.0,7.94,0.0,0,243.18
p2_E3_W3.5,1830.0,24.08,10.0,1,307.88
p2_E_W.6,1836.0,19.44,2.0,1,294.97
p2_E3_W3.6,1836.0,19.35,6.0,1,287.32
p2_E1_W1.5,1830.0,26.28,6.0,1,314.05
p2_E_W.5,1830.0,26.71,8.0,2,312.16
p2_E1_W1.6,1836.0,19.6,2.0,1,313.47
p2_E3_W3.4,1824.0,26.92,10.0,1,305.64
p2_E1_W1.7,1842.0,14.61,0.0,0,280.95
p2_S3_N3.1,1820.0,41.31,20.0,2,335.66
p2_E_W.4,1824.0,25.83,10.0,1,293.51
p2_E_W.8,1848.0,8.55,0.0,0,239.27
p1_S1_E1.29,1743.0,72.69,39.0,4,514.61
p2_N3_S3.2,1840.0,24.48,10.0,1,298.07
p2_E_W.9,1854.0,9.66,0.0,0,255.98
p2_S3_N3.2,1840.0,19.41,6.0,1,284.36
p2_N3_S3.1,1820.0,34.53,14.0,1,313.1
p2_N2_S2.3,1860.0,7.34,0.0,0,238.93
p2_E_W.7,1842.0,9.04,0.0,0,251.3
p2_S2_N2.3,1860.0,7.87,0.0,0,257.27
p2_N3_E1.1,1863.0,47.66,33.0,2,230.38
p2_S1_N1.2,1840.0,29.32,11.0,2,328.52
p2_N1_S1.2,1840.0,29.68,9.0,1,320.51
p2_N2_S2.2,1840.0,23.56,9.0,1,293.1
p2_S2_N2.2,1840.0,29.71,9.0,1,330.03
p2_S1_N1.3,1860.0,8.6,0.0,0,253.17
p2_S1_W1.1,1863.0,8.95,0.0,0,260.11
p2_W_E.4,1858.0,19.24,3.0,1,297.85
p2_W3_E3.4,1858.0,19.08,4.0,1,289.38
p2_E3_W3.8,1848.0,32.48,13.0,2,323.07
p2_E3_W3.9,1854.0,26.05,7.0,1,310.62
p2_E_W.10,1860.0,20.0,5.0,1,287.84
p2_W_E.5,1872.0,8.28,0.0,0,242.66
p2_W1_E1.4,1858.0,19.38,2.0,1,291.0
p2_E1_W1.11,1866.0,13.77,0.0,0,289.78
p2_S2_W2.1,1863.0,18.81,6.0,1,291.17
p2_E1_W1.9,1854.0,25.48,8.0,1,309.64
p2_E3_W3.10,1860.0,20.56,6.0,1,277.16
p2_W3_E3.5,1872.0,8.13,0.0,0,243.79
p2_S3_W3.1,1863.0,19.21,6.0,1,275.94
p2_E1_W1.12,1872.0,13.45,0.0,0,261.85
p2_E_W.11,1866.0,11.58,0.0,0,264.67
p2_W1_N3.1,1861.0,25.73,6.0,2,317.43
p2_E1_W1.13,1878.0,9.42,0.0,0,252.25
p2_W1_E1.3,1844.0,25.91,11.0,1,289.9
p2_E1_W1.10,1860.0,29.02,4.0,1,288.68
p2_S3_N3.3,1860.0,26.57,9.0,1,311.61
p2_N1_E3.0,1803.0,46.28,13.0,2,472.8
p2_E3_W3.7,1842.0,29.6,11.0,2,307.33
p2_N3_E1.2,1923.0,12.42,0.0,0,180.87
p2_S2_N2.4,1880.0,14.09,0.0,0,276.18
p2_E2_S2.1,1863.0,32.07,11.0,3,317.11
p2_W3_N1.1,1861.0,28.5,7.0,2,317.76
p2_N1_S1.4,1880.0,15.55,0.0,0,292.04
p2_W2_N2.1,1861.0,33.14,10.0,3,342.56
p2_E1_W1.8,1848.0,22.09,7.0,1,283.89
p2_S1_N1.4,1880.0,8.71,0.0,0,250.22
p2_N2_E2.1,1863.0,38.5,14.0,2,340.22
p2_W_E.6,1887.0,16.19,2.0,1,294.95
p2_W3_E3.6,1887.0,16.2,1.0,1,288.97
p2_W1_E1.6,1887.0,15.02,1.0,1,271.29
p2_W1_E1.5,1872.0,22.99,9.0,1,273.62
p2_E_W.12,1872.0,34.39,13.0,2,325.58
p2_E3_W3.12,1872.0,35.01,14.0,2,337.48
p2_E_W.13,1878.0,25.53,7.0,2,304.82
p2_E1_W1.14,1884.0,21.72,9.0,1,286.16
p2_E3_W3.14,1884.0,22.97,2.0,1,315.92
p2_E3_S3.2,1923.0,27.13,12.0,2,201.61
p2_W1_E1.7,1901.0,7.55,0.0,0,243.97
p2_E1_W1.15,1890.0,12.02,0.0,0,275.65
p2_E3_W3.15,1890.0,18.88,0.0,0,304.36
p2_W_E.7,1901.0,7.85,0.0,0,246.36
p2_E1_W1.16,1896.0,13.91,0.0,0,286.64
p2_E3_W3.11,1866.0,35.79,15.0,2,327.75
p2_E1_S1.0,1803.0,61.22,34.0,3,470.05
p2_E3_W3.13,1878.0,28.27,5.0,2,325.71
p2_N3_S3.4,1880.0,35.31,17.0,1,329.3
p2_E_W.14,1884.0,15.78,0.0,0,266.5
p2_N3_S3.3,1860.0,46.37,33.0,1,326.12
p2_E_W.15,1890.0,9.78,0.0,0,253.09
p2_N3_S3.5,1900.0,13.78,0.0,0,270.68
p2_S1_N1.5,1900.0,21.89,0.0,0,304.17
p2_N2_S2.5,1900.0,21.68,2.0,2,308.6
p2_S2_N2.5,1900.0,12.86,0.0,0,287.27
p2_S3_N3.5,1900.0,9.56,0.0,0,251.82
p2_N1_S1.5,1900.0,10.3,0.0,0,245.16
p2_W3_E3.8,1916.0,14.47,0.0,0,283.13
p2_W1_E1.8,1916.0,15.16,0.0,0,279.22
p2_N1_S1.3,1860.0,37.33,17.0,2,331.19
p2_S3_N3.4,1880.0,23.11,8.0,1,275.18
p2_E_W.16,1896.0,36.47,16.0,2,340.11
p2_E_W.17,1902.0,30.36,9.0,2,320.29
p2_E3_W3.19,1914.0,18.11,2.0,1,301.29
p2_W3_E3.7,1901.0,25.63,12.0,1,291.81
p2_E1_W1.17,1902.0,30.73,11.0,2,329.21
p2_E3_W3.17,1902.0,30.07,9.0,2,324.9
p2_W_E.8,1916.0,10.24,0.0,0,256.06
p2_N2_S2.4,1880.0,24.06,10.0,1,284.77
p2_E_W.19,1914.0,20.25,2.0,1,302.4
p2_E1_W1.20,1920.0,14.73,0.0,0,279.8
p2_W1_N3.2,1920.0,14.79,1.0,1,284.08
p2_E3_W3.18,1908.0,24.27,1.0,1,309.77
p2_E3_W3.20,1920.0,15.34,1.0,1,264.94
p2_E1_W1.18,1908.0,17.53,3.0,1,281.22
p2_E_W.18,1908.0,22.49,2.0,1,292.85
p2_E_W.20,1920.0,13.31,0.0,0,269.62
p2_E3_W3.16,1896.0,29.51,10.0,2,299.77
p2_E1_W1.19,1914.0,10.83,0.0,0,261.29
p2_N3_S3.6,1920.0,21.13,2.0,1,315.29
p2_S3_N3.6,1920.0,13.31,0.0,0,273.78
p2_W3_N1.2,1920.0,24.77,3.0,2,317.67
p2_N1_S1.6,1920.0,26.17,8.0,1,301.65
p2_N2_S2.6,1920.0,27.22,7.0,1,324.26
p2_N3_E1.3,1983.0,6.88,0.0,0,171.21
p2_S2_N2.6,1920.0,25.57,7.0,2,312.81
p2_W2_N2.2,1920.0,27.37,7.0,2,303.54
p2_N1_S1.7,1940.0,8.49,0.0,0,240.02
p2_S1_N1.7,1940.0,8.14,0.0,0,245.53
p2_N2_S2.7,1940.0,7.86,0.0,0,247.73
p2_S2_N2.7,1940.0,9.55,0.0,0,249.73
p2_E1_S1.1,1863.0,27.65,5.0,1,404.97
p2_S1_N1.6,1920.0,33.24,9.0,2,337.27
p2_N2_E2.2,1923.0,27.3,9.0,2,318.97
p2_W1_E1.9,1930.0,25.4,10.0,1,300.38
p2_W_E.10,1944.0,12.85,0.0,0,276.55
p2_W3_E3.10,1944.0,13.06,0.0,0,272.25
p2_E3_W3.21,1926.0,32.57,12.0,2,324.75
p2_E3_W3.24,1944.0,14.94,1.0,1,273.85
p2_S1_W1.2,1923.0,29.75,11.0,2,304.05
p2_E3_S3.3,1983.0,20.73,7.0,2,194.44
p2_S2_W2.2,1923.0,33.96,10.0,3,336.13
p2_E3_W3.23,1938.0,23.92,1.0,1,300.59
p2_W1_E1.10,1944.0,9.04,0.0,0,244.7
p2_E1_W1.22,1932.0,28.68,3.0,1,303.34
p2_E3_W3.22,1932.0,31.56,8.0,2,319.36
p2_E1_W1.21,1926.0,24.53,7.0,2,298.3
p2_E_W.21,1926.0,25.11,8.0,2,304.02
p2_S3_W3.2,1923.0,27.52,11.0,1,289.89
p2_E_W.22,1932.0,22.61,2.0,2,293.79
p2_E_W.23,1938.0,27.97,4.0,1,314.8
p2_E1_W1.23,1938.0,28.74,1.0,1,319.72
p2_N3_S3.7,1940.0,27.45,9.0,2,326.13
p2_W_E.9,1930.0,19.83,5.0,1,282.26
p2_S3_N3.7,1940.0,19.56,6.0,1,287.37
p2_E_W.24,1944.0,23.64,2.0,1,290.49
p2_S3_N3.8,1960.0,8.37,0.0,0,237.6
p2_N1_E3.1,1863.0,53.95,24.0,3,481.41
p2_N2_S2.8,1960.0,13.03,0.0,0,261.58
p2_E2_S2.2,1923.0,50.67,25.0,4,366.78
p2_S2_N2.8,1960.0,7.9,0.0,0,245.21
p2_N1_S1.8,1960.0,8.99,0.0,0,239.56
p2_S1_N1.8,1960.0,8.63,0.0,0,246.07
p2_W1_E1.11,1959.0,22.56,8.0,1,304.5
p2_W1_E1.12,1973.0,8.28,0.0,0,234.32
p2_W_E.12,1973.0,7.7,0.0,0,247.77
p2_W3_E3.12,1973.0,8.9,0.0,0,260.17
p2_E1_W1.26,1956.0,28.44,10.0,2,324.46
p2_E_W.26,1956.0,28.31,8.0,2,313.12
p2_E3_W3.26,1956.0,28.36,9.0,2,322.81
p2_E3_W3.28,1968.0,16.57,3.0,1,283.99
p2_E_W.25,1950.0,34.73,14.0,2,332.72
p2_E3_W3.27,1962.0,24.25,0.0,0,314.49
p2_E1_W1.28,1968.0,17.88,3.0,1,280.92
p2_E1_W1.24,1944.0,42.76,14.0,2,340.35
p2_E_W.28,1968.0,16.94,3.0,1,281.48
p2_W3_E3.9,1930.0,31.41,13.0,2,314.28
p2_W_E.11,1959.0,19.37,5.0,1,286.45
p2_E_W.29,1974.0,14.53,0.0,0,287.8
p2_E3_W3.29,1974.0,14.07,0.0,0,273.3
p2_E1_W1.25,1950.0,38.69,15.0,2,340.79
p2_W1_N3.3,1980.0,8.83,0.0,0,251.63
p2_W3_E3.11,1959.0,18.42,5.0,1,272.88
p2_E1_W1.27,1962.0,22.99,3.0,1,301.67
p2_E_W.27,1962.0,19.02,1.0,1,278.3
p2_N3_S3.9,1980.0,13.44,0.0,0,264.11
p2_E3_W3.25,1950.0,27.39,7.0,2,302.09
p2_S3_N3.9,1980.0,12.54,0.0,0,275.15
p2_N3_S3.8,1960.0,24.81,11.0,1,284.1
p2_S1_N1.9,1980.0,18.71,1.0,1,305.98
p2_S2_N2.9,1980.0,19.51,1.0,1,313.39
p2_N2_S2.9,1980.0,8.48,0.0,0,252.86
p2_N2_E2.3,1983.0,23.38,4.0,3,312.22
p2_W1_E1.13,1988.0,19.11,5.0,1,285.59
p2_E1_W1.30,1980.0,30.56,10.0,2,320.93
p2_W3_E3.14,2002.0,8.02,0.0,0,245.32
p2_S1_W1.3,1983.0,25.93,8.0,1,301.35
p2_W_E.13,1988.0,17.9,2.0,1,268.88
p2_E3_W3.30,1980.0,26.59,8.0,2,304.94
p2_S2_W2.3,1983.0,29.66,8.0,1,314.8
p2_W3_E3.13,1988.0,16.51,3.0,1,265.17
p2_E3_W3.32,1992.0,19.36,2.0,1,291.18
p2_E_W.30,1980.0,24.09,6.0,2,306.43
p2_E1_W1.33,1998.0,16.75,0.0,0,286.49
p2_E3_S3.4,2043.0,14.98,4.0,1,185.87
p2_E_W.32,1992.0,22.5,2.0,1,301.43
p2_W1_E1.14,2002.0,8.23,0.0,0,238.69
p2_E1_W1.29,1974.0,30.15,9.0,2,310.99
p2_S3_W3.3,1983.0,20.04,6.0,1,294.24
p2_E_W.31,1986.0,22.17,1.0,1,302.78
p2_E1_W1.32,1992.0,20.42,0.0,0,283.9
p2_S3_N3.10,2000.0,12.34,0.0,0,293.16
p2_N3_E1.4,2043.0,21.49,10.0,2,197.73
p2_W3_N1.3,1980.0,43.13,23.0,3,341.95
p2_E1_W1.31,1986.0,21.09,1.0,1,296.29
p2_E3_W3.31,1986.0,15.62,0.0,0,282.54
p2_E1_S1.2,1923.0,51.42,22.0,3,476.71
p2_N1_S1.10,2000.0,24.38,7.0,1,301.16
p2_S1_N1.10,2000.0,25.32,5.0,1,318.15
p2_W2_N2.3,1980.0,42.21,19.0,3,347.71
p2_N2_S2.10,2000.0,26.01,7.0,2,319.87
p2_N3_S3.10,2000.0,9.79,0.0,0,249.24
p2_E2_S2.3,1983.0,37.42,11.0,3,332.67
p2_S2_N2.10,2000.0,16.12,3.0,1,274.75
p2_N1_E3.2,1923.0,62.06,26.0,5,500.41
p2_W1_E1.15,2016.0,17.1,3.0,1,293.05
p2_W_E.15,2016.0,17.02,2.0,1,281.29
p2_W3_E3.15,2016.0,17.27,2.0,1,283.22
p2_E1_W1.34,2004.0,32.51,12.0,2,328.52
p2_E_W.34,2004.0,32.46,12.0,2,324.16
p2_E1_W1.35,2010.0,26.58,6.0,2,317.78
p2_E3_W3.34,2004.0,31.61,12.0,2,323.07
p2_E_W.36,2016.0,20.86,3.0,1,318.21
p2_E3_W3.36,2016.0,18.67,2.0,1,300.28
p2_W1_E1.16,2031.0,7.3,0.0,0,235.83
p2_E3_W3.37,2022.0,16.82,1.0,1,280.16
p2_E3_W3.35,2010.0,30.15,6.0,2,317.86
p2_E_W.33,1998.0,35.63,16.0,2,320.16
p2_E1_W1.37,2022.0,10.87,0.0,0,264.48
p2_W_E.16,2031.0,8.08,0.0,0,242.84
p2_N1_S1.9,1980.0,24.92,10.0,1,295.56
p2_E3_W3.33,1998.0,32.98,15.0,2,314.63
p2_E_W.37,2022.0,13.21,0.0,0,269.41
p2_E_W.35,2010.0,23.01,4.0,2,297.43
p2_S3_N3.11,2020.0,25.63,6.0,1,316.84
p2_N1_S1.12,2040.0,9.56,0.0,0,256.58
p2_N2_S2.11,2020.0,31.32,12.0,1,327.2
p2_S1_N1.11,2020.0,31.93,11.0,1,326.17
p2_E1_W1.36,2016.0,10.92,0.0,0,255.05
p2_W1_E1.17,2045.0,13.79,0.0,0,282.48
p2_W_E.17,2045.0,14.88,0.0,0,281.91
p2_N1_S1.11,2020.0,20.9,6.0,1,293.56
p2_W3_E3.16,2031.0,26.59,12.0,1,304.99
p2_E3_W3.38,2028.0,34.82,15.0,2,330.81
p2_E1_W1.39,2034.0,28.76,7.0,2,323.56
p2_E_W.39,2034.0,28.09,6.0,2,324.05
p2_E3_W3.39,2034.0,28.75,8.0,2,312.4
p2_S1_N1.12,2040.0,8.16,0.0,0,244.04
p2_S2_W2.4,2043.0,20.98,5.0,1,284.81
p2_N3_S3.11,2020.0,45.52,27.0,2,343.84
p2_E3_W3.40,2040.0,22.96,4.0,1,295.48
p2_E1_W1.41,2046.0,14.79,0.0,0,272.89
p2_E_W.41,2046.0,20.3,1.0,1,284.92
p2_W_E.14,2002.0,39.86,21.0,2,320.82
p2_S2_N2.11,2020.0,18.03,3.0,1,278.77
p2_E3_W3.42,2052.0,14.93,0.0,0,285.68
p2_N3_S3.13,2060.0,7.58,0.0,0,242.6
p2_E_W.40,2040.0,28.15,1.0,1,306.51
p2_E3_W3.41,2046.0,13.44,0.0,0,265.94
p2_W1_N3.4,2040.0,29.1,9.0,2,331.56
p2_E_W.42,2052.0,17.86,0.0,0,273.21
p2_S3_N3.12,2040.0,25.29,10.0,1,302.84
p2_E1_W1.40,2040.0,28.49,1.0,1,314.42
p2_S3_N3.13,2060.0,9.52,0.0,0,251.47
p2_E1_S1.3,1983.0,48.58,14.0,3,482.57
p2_W3_N1.4,2040.0,35.1,10.0,3,319.77
p2_N1_S1.13,2060.0,15.37,0.0,0,282.96
p2_N2_S2.13,2060.0,15.41,0.0,0,296.54
p2_E1_W1.38,2028.0,24.08,6.0,2,296.29
p2_W2_N2.4,2040.0,36.52,11.0,2,331.26
p2_N3_S3.12,2040.0,20.29,7.0,1,279.07
p2_E2_S2.4,2043.0,34.52,11.0,3,334.64
p2_E_W.38,2028.0,22.8,3.0,1,301.12
p2_W3_E3.17,2045.0,34.17,14.0,2,330.98
p2_S2_N2.13,2060.0,19.45,0.0,0,303.45
p2_N1_E3.3,1983.0,44.65,16.0,3,434.01
p2_S2_N2.12,2040.0,26.3,11.0,1,286.69
p2_S1_N1.13,2060.0,8.53,0.0,0,243.61
p2_N3_E1.5,2103.0,8.39,0.0,0,169.49
p2_N2_S2.12,2040.0,26.37,12.0,1,292.28
p2_N2_E2.4,2043.0,26.31,12.0,1,298.1
p2_S1_W1.4,2043.0,32.09,13.0,2,310.45
p2_W1_E1.18,2060.0,25.57,11.0,1,294.24
p2_W3_E3.18,2060.0,24.58,10.0,1,298.29
p2_E3_S3.5,2103.0,20.02,8.0,2,192.86
p2_W_E.18,2060.0,23.64,9.0,1,289.45
p2_W1_E1.19,2074.0,13.13,0.0,0,274.19
p2_W3_E3.19,2074.0,12.89,0.0,0,266.14
p2_E_W.43,2058.0,30.26,10.0,2,317.05
p2_S3_W3.4,2043.0,45.56,23.0,3,362.77
p2_E1_W1.42,2052.0,35.13,16.0,2,337.97
p2_E_W.44,2064.0,24.82,6.0,2,313.83
p2_E_W.45,2070.0,20.57,3.0,1,298.2
p2_E_W.46,2076.0,14.15,0.0,0,276.55
p2_E1_W1.44,2064.0,26.9,7.0,2,321.22
p2_E1_W1.43,2058.0,23.72,5.0,2,298.14
p2_E3_W3.43,2058.0,29.64,8.0,2,315.92
p2_E3_W3.46,2076.0,15.05,0.0,0,268.1
p2_E3_W3.44,2064.0,16.25,1.0,1,269.63
p2_E3_W3.45,2070.0,23.92,1.0,1,298.51
p2_E3_W3.47,2082.0,14.67,0.0,0,270.23
p2_E1_W1.45,2070.0,9.85,0.0,0,246.16
p2_N1_S1.14,2080.0,23.56,5.0,2,314.51
p2_S1_N1.14,2080.0,23.22,5.0,1,322.02
p2_W_E.19,2074.0,30.18,11.0,1,319.52
p2_S2_N2.14,2080.0,15.92,1.0,1,279.28
p2_W3_E3.21,2103.0,8.87,0.0,0,247.63
p2_N1_E3.4,2043.0,26.53,9.0,1,401.9
p2_N2_S2.14,2080.0,9.79,0.0,0,249.55
p2_E1_W1.47,2082.0,32.35,12.0,2,341.35
p2_W1_E1.20,2088.0,21.1,7.0,1,282.67
p2_E3_W3.48,2088.0,26.54,11.0,1,302.41
p2_E3_W3.49,2094.0,20.29,7.0,1,285.4
p2_E_W.48,2088.0,24.19,6.0,2,304.97
p2_W1_E1.21,2103.0,12.26,0.0,0,264.98
p2_E_W.49,2094.0,22.54,3.0,1,306.29
p2_E_W.47,2082.0,28.28,9.0,2,299.46
p2_E1_W1.49,2094.0,16.83,2.0,1,273.26
p2_E1_W1.50,2100.0,14.83,0.0,0,285.78
p2_W3_E3.20,2088.0,24.95,7.0,1,299.54
p2_E1_W1.48,2088.0,30.71,5.0,2,313.99
p2_E_W.50,2100.0,16.97,0.0,0,280.32
p2_E_W.51,2106.0,11.64,0.0,0,265.4
p2_N3_S3.15,2100.0,19.87,4.0,1,304.88
p2_W1_N3.5,2100.0,18.93,3.0,2,303.47
p2_E_W.52,2112.0,8.53,0.0,0,246.79
p2_S3_N3.14,2080.0,42.39,25.0,2,343.84
p2_W_E.20,2088.0,18.62,3.0,1,285.23
p2_N3_S3.14,2080.0,32.14,12.0,1,312.12
p2_S3_N3.15,2100.0,16.6,3.0,1,272.61
p2_W_E.21,2103.0,9.26,0.0,0,255.09
p2_E1_W1.46,2076.0,30.31,11.0,2,303.32
p2_E1_S1.4,2043.0,40.63,10.0,3,465.83
p2_W3_N1.5,2100.0,26.67,7.0,2,311.59
p2_N3_E1.6,2163.0,7.13,0.0,0,173.13
p2_N2_S2.15,2100.0,28.15,8.0,1,325.75
p2_N2_S2.16,2120.0,9.9,0.0,0,253.91
p2_S2_N2.15,2100.0,25.39,7.0,1,303.28
p2_E2_S2.5,2103.0,18.9,2.0,2,293.35
p2_S1_W1.5,2103.0,29.73,9.0,3,328.8
p2_W2_N2.5,2100.0,14.75,2.0,1,264.77
p2_N2_E2.5,2103.0,29.96,14.0,2,314.31
p2_S2_N2.16,2120.0,10.11,0.0,0,259.99
p2_N1_S1.15,2100.0,34.9,11.0,2,337.5
p2_S1_N1.15,2100.0,33.53,11.0,2,335.5
p2_W_E.22,2117.0,19.81,7.0,1,286.8
p2_W3_E3.22,2117.0,20.24,6.0,1,299.62
p2_W1_E1.23,2132.0,7.51,0.0,0,236.77
p2_E1_W1.51,2106.0,34.32,13.0,2,339.88
p2_E3_W3.52,2112.0,27.94,7.0,1,312.4
p2_E1_W1.53,2118.0,22.26,5.0,1,306.33
p2_N1_S1.16,2120.0,8.57,0.0,0,242.11
p2_E_W.53,2118.0,22.75,10.0,1,295.1
p2_E3_S3.6,2163.0,19.49,4.0,1,192.81
p2_W1_E1.22,2117.0,17.32,3.0,1,275.82
p2_S2_W2.5,2103.0,39.13,12.0,3,345.28
p2_E1_W1.54,2124.0,17.12,2.0,1,283.27
p2_E3_W3.51,2106.0,32.55,8.0,3,311.36
p2_W_E.23,2132.0,8.49,0.0,0,238.06
p2_E1_W1.56,2136.0,8.03,0.0,0,250.87
p2_S3_W3.5,2103.0,26.26,9.0,1,297.91
p2_E3_W3.54,2124.0,26.97,3.0,1,290.21
p2_E3_W3.50,2100.0,28.96,9.0,2,311.94
p2_E1_W1.52,2112.0,18.06,0.0,0,287.13
p2_N1_S1.17,2140.0,18.33,0.0,0,297.0
p2_E3_W3.53,2118.0,12.1,0.0,0,263.63
p2_S1_N1.16,2120.0,26.44,12.0,1,286.62
p2_S1_N1.17,2140.0,9.21,0.0,0,243.22
p2_W3_E3.23,2132.0,24.92,12.0,1,292.44
p2_W1_E1.24,2146.0,17.04,4.0,1,284.65
p2_W3_E3.24,2146.0,17.16,3.0,1,286.05
p2_S2_N2.17,2140.0,24.93,9.0,1,304.71
p2_E1_W1.57,2142.0,24.14,10.0,1,294.81
p2_E_W.54,2124.0,42.89,22.0,2,350.29
p2_E1_W1.59,2154.0,13.16,0.0,0,268.18
p2_W1_E1.25,2160.0,8.06,0.0,0,230.94
p2_W_E.25,2160.0,8.48,0.0,0,238.09
p2_W3_E3.25,2160.0,7.91,0.0,0,244.76
p2_E_W.56,2136.0,32.82,11.0,2,339.21
p2_E3_W3.56,2136.0,26.01,13.0,1,290.85
p2_E3_W3.57,2142.0,20.03,7.0,1,279.53
p2_N2_S2.17,2140.0,30.37,15.0,1,309.87
p2_E1_W1.58,2148.0,19.61,3.0,1,284.05
p2_E_W.58,2148.0,22.63,8.0,1,294.43
p2_E3_W3.58,2148.0,22.74,4.0,1,290.17
p2_W_E.24,2146.0,12.71,0.0,0,268.64
p2_E2_S2.6,2163.0,9.86,0.0,0,265.3
p2_S3_W3.6,2163.0,9.71,0.0,0,265.88
p2_E_W.55,2130.0,43.43,16.0,2,354.57
p2_E_W.59,2154.0,12.24,0.0,0,268.52
p2_S2_N2.18,2160.0,16.57,1.0,1,278.53
p2_E1_W1.55,2130.0,24.15,10.0,1,285.88
p2_N1_E3.5,2103.0,33.04,9.0,2,425.94
p2_E_W.57,2142.0,27.34,7.0,1,300.19
p2_E3_W3.60,2160.0,19.78,6.0,1,270.93
p2_E1_W1.60,2160.0,21.14,8.0,1,279.04
p2_E3_W3.55,2130.0,24.18,9.0,1,286.22
p2_E3_W3.61,2166.0,16.81,2.0,1,284.39
p2_E3_W3.59,2154.0,29.99,14.0,1,295.27
p2_N2_S2.18,2160.0,9.42,0.0,0,250.65
p2_E1_W1.62,2172.0,9.02,0.0,0,254.02
p2_N2_E2.6,2163.0,23.34,0.0,0,321.67
p2_E3_W3.62,2172.0,11.24,0.0,0,256.41
p2_W3_E3.26,2175.0,12.91,0.0,0,263.29
p2_W_E.26,2175.0,14.83,0.0,0,281.7
p2_E3_S3.7,2222.0,12.66,2.0,1,179.57
p2_S3_N3.17,2140.0,54.53,33.0,2,358.47
p2_S3_N3.16,2120.0,74.74,55.0,2,392.85
p2_E_W.60,2160.0,34.68,13.0,1,306.88
p2_E1_S1.5,2103.0,47.95,19.0,3,442.51
p2_S2_W2.6,2163.0,26.67,8.0,1,323.75
p2_N3_S3.16,2120.0,66.35,46.0,2,354.6
p2_N1_S1.18,2160.0,37.43,16.0,2,328.81
p2_S1_N1.18,2160.0,33.58,16.0,2,315.31
p2_E_W.62,2172.0,23.44,4.0,1,298.7
p2_S3_N3.19,2180.0,15.75,0.0,0,286.91
p2_N3_S3.17,2140.0,44.97,26.0,2,334.54
p2_N3_S3.19,2180.0,14.61,0.0,0,274.47
p2_S3_N3.18,2160.0,25.1,10.0,1,284.49
p2_E_W.61,2166.0,18.61,3.0,1,280.43
p2_N3_E1.7,2223.0,21.39,8.0,2,191.63
p2_W3_N1.6,2163.0,38.65,20.0,2,319.92
p2_N1_S1.19,2180.0,22.36,9.0,1,302.47
p2_E_W.64,2184.0,21.26,9.0,1,287.95
p2_E_W.66,2196.0,11.45,0.0,0,260.51
p2_S1_N1.20,2200.0,7.9,0.0,0,240.69
p2_N3_S3.18,2160.0,25.47,11.0,1,284.86
p2_S1_N1.19,2180.0,18.96,4.0,1,275.64
p2_E_W.67,2202.0,7.61,0.0,0,249.49
p2_S1_W1.6,2163.0,32.66,14.0,2,297.56
p2_W1_E1.26,2175.0,34.85,18.0,1,309.32
p2_W_E.28,2204.0,8.12,0.0,0,245.21
p2_E_W.63,2178.0,26.41,11.0,1,284.8
p2_E1_W1.61,2166.0,48.31,27.0,2,350.78
p2_E1_W1.64,2184.0,30.53,10.0,1,329.48
p2_W1_E1.27,2189.0,25.06,12.0,1,276.37
p2_E3_W3.65,2190.0,19.88,2.0,1,304.62
p2_E3_W3.66,2196.0,18.66,0.0,0,300.51
p2_E3_W3.64,2184.0,32.25,9.0,1,337.73
p2_E1_W1.65,2190.0,26.37,5.0,1,309.2
p2_E1_W1.66,2196.0,15.57,0.0,0,275.63
p2_W2_N2.6,2163.0,51.84,28.0,3,358.36
p2_E3_W3.67,2202.0,11.4,0.0,0,262.81
p2_W1_E1.28,2204.0,14.37,0.0,0,281.19
p2_N2_S2.19,2180.0,39.16,19.0,2,327.57
p2_S2_N2.19,2180.0,37.52,22.0,1,316.79
p2_N2_S2.20,2200.0,17.81,5.0,1,277.54
p2_S2_N2.20,2200.0,14.82,0.0,0,264.59
p2_E1_W1.67,2202.0,11.68,0.0,0,261.87
p2_E3_W3.63,2178.0,32.39,11.0,1,319.93
p2_W3_E3.27,2189.0,22.51,10.0,1,280.24
p2_E_W.65,2190.0,14.5,0.0,0,265.1
p2_W3_E3.28,2204.0,8.75,0.0,0,247.97
p2_E1_W1.69,2214.0,7.84,0.0,0,245.13
p2_E3_W3.69,2214.0,8.28,0.0,0,235.25
p2_W1_N3.6,2163.0,59.58,36.0,3,377.63
p2_E1_W1.63,2178.0,26.6,12.0,1,298.88
p2_E3_W3.68,2208.0,8.39,0.0,0,240.77
p2_E1_W1.68,2208.0,12.03,0.0,0,245.42
p2_W1_E1.29,2218.0,8.25,0.0,0,236.71
p2_W3_E3.29,2218.0,8.64,0.0,0,239.34
p2_S2_N2.21,2220.0,7.97,0.0,0,249.83
p2_E3_W3.70,2220.0,7.01,0.0,0,238.05
p2_E1_W1.70,2220.0,8.09,0.0,0,240.25
p2_W_E.27,2189.0,48.39,29.0,2,344.77
p2_E_W.69,2214.0,19.49,2.0,1,284.68
p2_E_W.68,2208.0,32.08,12.0,2,319.45
p2_W_E.29,2218.0,21.81,7.0,1,281.27
p2_W_E.30,2232.0,9.53,0.0,0,249.13
p2_N3_S3.20,2200.0,39.57,26.0,1,321.44
p2_S3_N3.21,2220.0,25.11,5.0,1,311.15
p2_W1_N3.7,2221.0,13.52,0.0,0,267.03
p2_W3_N1.7,2221.0,23.7,5.0,2,306.39
p2_N1_S1.20,2200.0,40.78,28.0,1,307.58
p2_S3_N3.20,2200.0,46.86,27.0,1,357.47
p2_N1_E3.6,2163.0,41.83,14.0,1,442.85
p2_S1_N1.22,2240.0,7.78,0.0,0,237.13
p2_N3_E1.8,2283.0,6.8,0.0,0,167.58
p2_E_W.70,2220.0,15.58,0.0,0,286.44
p2_N1_S1.22,2240.0,8.29,0.0,0,235.37
p2_N1_S1.21,2220.0,22.1,7.0,1,285.81
p2_S1_W1.7,2223.0,26.61,6.0,2,329.02
p2_E_W.72,2232.0,18.51,0.0,0,308.9
p2_N3_S3.22,2240.0,8.07,0.0,0,236.51
p2_E_W.71,2226.0,24.87,1.0,1,312.18
p2_S3_N3.22,2240.0,8.23,0.0,0,249.84
p2_E_W.74,2244.0,8.29,0.0,0,244.69
p2_W_E.31,2247.0,7.97,0.0,0,239.84
p2_E1_W1.71,2226.0,31.21,18.0,1,290.83
p2_E1_W1.73,2238.0,20.03,6.0,1,277.99
p2_E_W.73,2238.0,9.62,0.0,0,234.21
p2_E_W.75,2250.0,8.08,0.0,0,245.13
p2_N3_S3.21,2220.0,17.01,3.0,1,268.09
p2_E1_W1.72,2232.0,27.08,13.0,1,295.01
p2_W1_E1.31,2247.0,13.15,0.0,0,266.35
p2_W3_E3.31,2247.0,13.03,0.0,0,275.48
p2_E1_W1.75,2250.0,10.17,0.0,0,246.04
p2_E3_W3.72,2232.0,29.52,10.0,1,305.92
p2_S3_W3.7,2223.0,38.44,16.0,3,328.02
p2_W1_E1.30,2232.0,30.1,15.0,1,315.04
p2_E1_W1.74,2244.0,15.41,1.0,1,280.95
p2_E2_S2.7,2223.0,34.81,12.0,2,328.01
p2_E1_W1.76,2256.0,8.18,0.0,0,242.06
p2_W3_E3.30,2232.0,25.87,13.0,1,293.06
p2_E3_W3.74,2244.0,17.31,0.0,0,286.37
p2_E3_W3.76,2256.0,9.7,0.0,0,257.6
p2_E3_W3.73,2238.0,26.37,6.0,1,307.58
p2_W1_E1.32,2261.0,8.4,0.0,0,238.43
p2_W3_E3.32,2261.0,8.57,0.0,0,248.48
p2_W2_N2.7,2221.0,33.79,17.0,2,316.24
p2_E3_W3.71,2226.0,31.5,13.0,1,312.16
p2_N2_S2.22,2240.0,30.77,11.0,1,310.55
p2_S2_N2.23,2260.0,12.08,0.0,0,274.55
p2_S2_N2.22,2240.0,32.74,12.0,2,309.92
p2_E3_W3.77,2262.0,10.79,0.0,0,260.29
p2_E3_W3.75,2250.0,11.15,0.0,0,250.49
p2_N2_S2.23,2260.0,9.61,0.0,0,258.45
p2_E3_S3.8,2283.0,31.73,18.0,2,207.76
p2_N2_S2.21,2220.0,44.83,27.0,2,327.96
p2_S2_W2.7,2223.0,52.44,31.0,3,347.3
p2_E3_W3.78,2268.0,8.09,0.0,0,245.34
p2_E_W.77,2262.0,21.1,3.0,2,292.68
p2_E1_S1.6,2163.0,77.47,38.0,5,523.12
p2_W_E.32,2261.0,19.32,5.0,1,282.33
p2_E_W.76,2256.0,28.87,11.0,2,305.21
p2_N1_S1.24,2280.0,7.22,0.0,0,241.19
p2_N1_S1.23,2260.0,27.73,15.0,1,289.56
p2_E_W.79,2274.0,14.1,0.0,0,267.36
p2_S1_N1.24,2280.0,8.54,0.0,0,253.57
p2_E_W.78,2268.0,21.17,0.0,0,308.56
p2_N3_S3.23,2260.0,31.22,19.0,1,299.37
p2_E_W.80,2280.0,8.02,0.0,0,252.93
p2_S1_N1.21,2220.0,45.48,26.0,2,337.23
p2_S1_W1.8,2283.0,8.54,0.0,0,268.49
p2_N3_S3.24,2280.0,13.09,0.0,0,276.48
p2_S1_N1.23,2260.0,25.87,11.0,1,276.11
p2_S3_N3.23,2260.0,27.86,15.0,1,288.75
p2_E_W.81,2286.0,8.76,0.0,0,243.72
p2_W_E.33,2276.0,8.15,0.0,0,248.97
p2_W_E.34,2290.0,7.82,0.0,0,243.15
p2_E_W.82,2292.0,7.26,0.0,0,244.27
p2_E1_W1.79,2274.0,27.36,13.0,1,292.42
p2_E1_W1.78,2268.0,28.92,15.0,1,292.52
p2_E3_W3.79,2274.0,30.43,16.0,1,303.01
p2_S3_W3.8,2283.0,20.21,4.0,1,293.35
p2_W3_E3.34,2290.0,12.8,0.0,0,260.33
p2_E1_W1.81,2286.0,20.14,5.0,1,283.32
p2_E_W.83,2298.0,8.04,0.0,0,243.88
p2_E3_S3.9,2343.0,7.7,0.0,0,167.24
p2_W3_E3.33,2276.0,22.18,8.0,1,282.16
p2_E1_W1.80,2280.0,29.43,10.0,1,314.13
p2_W1_E1.33,2276.0,35.42,13.0,2,334.76
p2_E3_W3.80,2280.0,20.18,7.0,1,283.18
p2_E1_W1.77,2262.0,20.93,6.0,1,284.13
p2_E3_W3.81,2286.0,17.55,3.0,1,273.41
p2_E2_S2.8,2283.0,29.8,14.0,1,306.63
p2_E1_W1.84,2304.0,8.03,0.0,0,246.98
p2_E3_W3.84,2304.0,8.84,0.0,0,246.45
p2_N2_S2.24,2280.0,35.23,18.0,1,310.06
p2_N2_S2.25,2300.0,14.77,0.0,0,276.59
p2_S2_N2.24,2280.0,36.4,18.0,2,324.55
p2_W2_N2.8,2280.0,26.57,8.0,2,306.1
p2_W1_E1.34,2290.0,15.22,1.0,1,274.54
p2_W1_E1.35,2304.0,8.01,0.0,0,232.91
p2_E1_W1.83,2298.0,18.93,1.0,1,285.76
p2_E1_W1.85,2310.0,7.75,0.0,0,243.26
p2_E3_W3.85,2310.0,8.46,0.0,0,242.04
p2_E3_W3.83,2298.0,8.98,0.0,0,247.25
p2_N2_E2.7,2223.0,96.58,67.0,5,438.8
p2_S2_N2.25,2300.0,21.38,3.0,1,282.34
p2_W3_E3.35,2304.0,8.55,0.0,0,248.27
p2_E3_W3.86,2316.0,7.28,0.0,0,239.08
p2_W1_N3.8,2280.0,43.71,20.0,3,349.43
p2_E1_W1.86,2316.0,8.5,0.0,0,237.76
p2_E1_W1.82,2292.0,11.78,0.0,0,264.88
p2_S2_W2.8,2283.0,43.36,16.0,3,354.95
p2_W_E.36,2319.0,7.79,0.0,0,241.54
p2_E3_W3.82,2292.0,19.68,6.0,1,280.93
p2_W_E.35,2304.0,25.54,7.0,2,300.06
p2_E_W.85,2310.0,18.42,4.0,1,271.8
p2_E_W.87,2322.0,8.5,0.0,0,241.77
p2_E1_S1.7,2223.0,56.5,27.0,3,475.06
p2_N1_E3.7,2223.0,69.92,44.0,3,490.32
p2_W3_N1.8,2280.0,56.63,39.0,2,339.01
p2_N3_S3.25,2300.0,36.75,22.0,1,294.98
p2_E_W.84,2304.0,23.36,9.0,1,278.04
p2_S1_N1.26,2320.0,16.87,3.0,1,283.82
p2_S3_N3.25,2300.0,36.26,23.0,1,306.51
p2_N1_S1.26,2320.0,16.0,4.0,1,271.71
p2_N1_S1.25,2300.0,38.46,18.0,2,335.72
p2_S1_N1.25,2300.0,39.65,22.0,2,335.46
p2_E_W.86,2316.0,11.85,0.0,0,268.61
p2_W_E.37,2333.0,8.01,0.0,0,236.7
p2_E_W.89,2334.0,8.27,0.0,0,239.7
p2_E_W.88,2328.0,8.36,0.0,0,242.3
p2_N3_S3.26,2320.0,13.7,1.0,1,270.07
p2_S3_N3.26,2320.0,12.9,0.0,0,266.95
p2_N3_E1.9,2343.0,45.96,32.0,2,231.79
p2_N1_E3.8,2283.0,21.03,5.0,1,379.77
p2_S3_N3.24,2280.0,40.02,26.0,1,318.97
p2_E3_W3.88,2328.0,22.88,8.0,1,299.53
p2_E3_W3.90,2340.0,10.97,0.0,0,252.53
p2_W3_E3.36,2319.0,32.68,19.0,1,291.75
p2_W3_E3.37,2333.0,18.75,7.0,1,277.38
p2_W1_E1.36,2319.0,35.06,17.0,2,324.22
p2_E3_W3.87,2322.0,26.89,13.0,1,294.61
p2_E3_W3.91,2346.0,8.28,0.0,0,241.51
p2_E1_W1.89,2334.0,20.74,8.0,1,279.07
p2_E1_W1.87,2322.0,30.9,19.0,1,298.98
p2_E1_W1.88,2328.0,28.39,14.0,1,300.91
p2_E3_W3.89,2334.0,20.52,3.0,1,291.48
p2_W1_E1.37,2333.0,17.34,2.0,1,283.49
p2_S2_N2.26,2320.0,39.76,24.0,1,325.41
p2_N2_S2.27,2340.0,20.22,6.0,1,289.08
p2_W1_E1.38,2348.0,7.5,0.0,0,248.23
p2_E3_W3.92,2352.0,7.76,0.0,0,239.95
p2_N2_S2.26,2320.0,38.84,25.0,1,311.04
p2_E1_W1.90,2340.0,15.23,2.0,1,258.98
p2_E1_W1.91,2346.0,16.89,0.0,0,295.71
p2_E1_W1.92,2352.0,10.8,0.0,0,265.62
p2_S2_N2.27,2340.0,16.2,3.0,1,279.05
p2_E1_W1.93,2358.0,8.06,0.0,0,247.29
p2_N2_E2.8,2283.0,80.1,50.0,4,412.18
p2_N2_S2.28,2360.0,7.12,0.0,0,236.98
p2_E3_W3.93,2358.0,8.12,0.0,0,242.76
p2_W1_E1.39,2362.0,7.87,0.0,0,234.62
p2_E3_S3.10,2403.0,6.93,0.0,0,172.01
p2_E1_W1.94,2364.0,7.56,0.0,0,243.05
p2_W1_N3.9,2340.0,32.53,13.0,2,314.79
p2_E_W.91,2346.0,28.76,10.0,1,310.38
p2_W_E.39,2362.0,12.68,0.0,0,280.95
p2_N2_E2.9,2343.0,32.11,11.0,2,340.5
p2_W_E.38,2348.0,28.66,13.0,1,302.75
p2_E_W.90,2340.0,24.15,11.0,1,283.37
p2_E_W.95,2370.0,7.86,0.0,0,245.4
p2_S2_W2.9,2343.0,22.66,2.0,1,306.72
p2_W3_E3.38,2348.0,10.23,0.0,0,246.01
p2_E_W.92,2352.0,21.83,5.0,1,292.99
p2_E_W.94,2364.0,17.41,0.0,0,275.34
p2_E1_S1.8,2283.0,56.4,26.0,3,473.37
p2_E_W.93,2358.0,24.86,3.0,2,315.78
p2_N3_E1.10,2403.0,22.82,12.0,1,196.54
p2_S1_N1.27,2340.0,43.92,28.0,1,331.58
p2_E_W.96,2376.0,7.93,0.0,0,246.46
p2_N3_S3.27,2340.0,45.47,33.0,1,314.34
p2_S1_W1.9,2343.0,37.25,21.0,1,325.17
p2_S1_N1.28,2360.0,24.47,8.0,1,299.36
p2_N1_S1.27,2340.0,42.5,23.0,1,331.77
p2_W_E.40,2376.0,8.58,0.0,0,230.97
p2_S1_N1.29,2380.0,7.72,0.0,0,230.59
p2_N1_S1.28,2360.0,28.35,7.0,1,305.42
p2_N3_S3.28,2360.0,26.22,9.0,1,300.62
p2_E_W.97,2382.0,7.99,0.0,0,238.89
p2_S3_N3.27,2340.0,40.29,20.0,1,314.42
p2_W3_N1.9,2340.0,36.11,18.0,2,317.46
p2_N1_S1.29,2380.0,11.13,0.0,0,265.11
p2_N3_S3.29,2380.0,8.65,0.0,0,241.02
p2_E_W.98,2388.0,9.14,0.0,0,249.6
p2_S3_N3.28,2360.0,14.14,0.0,0,269.85
p2_W_E.41,2391.0,7.7,0.0,0,242.64
p2_E3_W3.95,2370.0,30.47,12.0,2,313.6
p2_W1_E1.40,2376.0,23.71,8.0,1,302.03
p2_E1_W1.96,2376.0,24.75,11.0,1,285.24
p2_W3_E3.41,2391.0,10.06,0.0,0,252.37
p2_E3_W3.97,2382.0,19.93,1.0,1,296.67
p2_W1_E1.41,2391.0,8.24,0.0,0,238.68
p2_E1_W1.98,2388.0,15.1,2.0,1,270.35
p2_W3_E3.40,2376.0,20.95,5.0,1,278.6
p2_E3_W3.98,2388.0,16.03,0.0,0,289.4
p2_E1_W1.99,2394.0,11.02,0.0,0,258.96
p2_E2_S2.9,2343.0,59.69,34.0,3,373.23
p2_E1_W1.97,2382.0,24.78,8.0,1,286.44
p2_S2_N2.28,2360.0,44.62,31.0,1,309.32
p2_E3_W3.96,2376.0,28.04,7.0,1,300.66
p2_S3_W3.9,2343.0,49.64,30.0,2,339.81
p2_S2_N2.29,2380.0,27.49,10.0,1,306.99
p2_E1_W1.100,2400.0,8.83,0.0,0,246.09
p2_E3_W3.100,2400.0,9.3,0.0,0,251.91
p2_N2_S2.29,2380.0,24.12,10.0,1,288.49
p2_N2_S2.30,2400.0,9.25,0.0,0,247.33
p2_E3_W3.99,2394.0,9.49,0.0,0,249.53
p2_W3_E3.42,2405.0,7.84,0.0,0,245.14
p2_E1_W1.101,2406.0,8.49,0.0,0,240.39
p2_E3_W3.94,2364.0,27.55,12.0,1,303.23
p2_E3_W3.101,2406.0,8.93,0.0,0,246.93
p2_W3_E3.39,2362.0,31.38,16.0,1,294.18
p2_W2_N2.9,2340.0,56.02,39.0,2,337.47
p2_S2_W2.10,2403.0,15.88,1.0,1,289.53
p2_E1_W1.95,2370.0,25.29,10.0,1,290.5
p2_E_W.99,2394.0,25.66,12.0,1,288.3
p2_E_W.100,2400.0,21.49,8.0,1,276.73
p2_N2_E2.10,2403.0,18.42,3.0,1,296.61
p2_E1_W1.102,2412.0,8.1,0.0,0,246.27
p2_E_W.101,2406.0,15.92,2.0,1,277.36
p2_E3_W3.102,2412.0,8.51,0.0,0,235.78
p2_E3_S3.11,2463.0,7.2,0.0,0,166.86
p2_E_W.102,2412.0,13.31,0.0,0,272.23
p2_W_E.43,2420.0,8.17,0.0,0,242.76
p2_W3_N1.10,2400.0,28.66,14.0,1,301.6
p2_W1_E1.42,2405.0,9.39,0.0,0,254.95
p2_S1_N1.30,2400.0,32.26,13.0,1,324.4
p2_E_W.103,2418.0,8.2,0.0,0,231.81
p2_E1_S1.9,2343.0,36.68,15.0,1,426.86
p2_N3_S3.30,2400.0,30.3,15.0,1,309.58
p2_S1_W1.10,2403.0,22.34,9.0,1,294.86
p2_S3_N3.31,2420.0,10.6,0.0,0,267.78
p2_S1_N1.31,2420.0,8.23,0.0,0,250.64
p2_S3_N3.30,2400.0,34.93,16.0,1,336.94
p2_W_E.42,2405.0,11.05,0.0,0,251.47
p2_N1_S1.30,2400.0,27.24,9.0,1,290.04
p2_S3_N3.29,2380.0,47.33,32.0,1,341.27
p2_E_W.105,2430.0,8.15,0.0,0,240.62
p2_N3_E1.11,2463.0,18.88,4.0,1,189.44
p2_E_W.106,2436.0,7.57,0.0,0,246.12
p2_W1_E1.44,2434.0,11.25,0.0,0,270.83
p2_W_E.44,2434.0,7.35,0.0,0,248.42
p2_W3_E3.44,2434.0,9.1,0.0,0,256.05
p2_W1_E1.43,2420.0,26.3,11.0,1,299.25
p2_N1_E3.9,2343.0,59.93,31.0,3,479.8
p2_W2_N2.10,2400.0,46.66,22.0,3,357.06
p2_E1_W1.103,2418.0,28.76,16.0,1,292.49
p2_E3_W3.104,2424.0,23.45,10.0,1,302.23
p2_S3_W3.10,2403.0,46.08,22.0,2,344.95
p2_E3_W3.106,2436.0,13.33,0.0,0,276.42
p2_E3_W3.107,2442.0,9.16,0.0,0,248.87
p2_E3_W3.103,2418.0,29.22,15.0,1,306.92
p2_E1_W1.105,2430.0,17.68,3.0,1,272.25
p2_E3_W3.105,2430.0,23.16,4.0,1,301.41
p2_E2_S2.10,2403.0,40.54,18.0,3,338.37
p2_W3_E3.43,2420.0,21.11,7.0,1,283.69
p2_E1_W1.104,2424.0,21.37,6.0,1,295.22
p2_S2_N2.32,2440.0,14.58,0.0,0,271.57
p2_E1_W1.107,2442.0,10.5,0.0,0,262.57
p2_S2_N2.31,2420.0,36.35,18.0,1,324.83
p2_E1_W1.106,2436.0,19.9,0.0,0,278.74
p2_N2_S2.32,2440.0,8.65,0.0,0,243.01
p2_W3_E3.45,2448.0,7.87,0.0,0,239.24
p2_E3_W3.108,2448.0,8.84,0.0,0,244.46
p2_N2_S2.31,2420.0,28.79,15.0,1,286.78
p2_W1_E1.45,2448.0,8.99,0.0,0,239.64
p2_E1_W1.109,2454.0,7.89,0.0,0,245.65
p2_E3_W3.109,2454.0,8.47,0.0,0,243.33
p2_W_E.45,2448.0,17.08,4.0,1,278.47
p2_S2_N2.30,2400.0,45.43,31.0,1,304.25
p2_E_W.108,2448.0,18.36,6.0,1,267.41
p2_E1_W1.108,2448.0,8.37,0.0,0,244.85
p2_E_W.110,2460.0,7.79,0.0,0,245.28
p2_E_W.109,2454.0,15.94,1.0,1,288.78
p2_E_W.107,2442.0,30.07,12.0,1,316.1
p2_W_E.46,2463.0,8.17,0.0,0,238.77
p2_W3_N1.11,2460.0,13.14,0.0,0,269.87
p2_E_W.111,2466.0,8.16,0.0,0,248.36
p2_E1_S1.10,2403.0,28.42,8.0,2,416.5
p2_S1_N1.33,2460.0,16.31,3.0,1,271.25
p2_N1_S1.33,2460.0,17.29,0.0,0,281.17
p2_S3_N3.32,2440.0,39.04,26.0,1,295.77
p2_N3_S3.32,2440.0,39.86,27.0,1,305.9
p2_S1_W1.11,2463.0,16.77,2.0,1,290.16
p2_E_W.112,2472.0,7.87,0.0,0,248.17
p2_N3_S3.31,2420.0,39.72,25.0,1,300.97
p2_S3_N3.33,2460.0,18.88,5.0,1,279.12
p2_N1_S1.32,2440.0,38.42,18.0,1,325.21
p2_S1_N1.32,2440.0,35.63,21.0,1,305.81
p2_N1_S1.31,2420.0,47.1,34.0,1,316.73
p2_W1_N3.10,2400.0,54.2,35.0,2,346.63
p2_N3_S3.33,2460.0,20.77,7.0,1,276.37
p2_E_W.113,2478.0,8.75,0.0,0,246.05
p2_E_W.104,2424.0,25.21,9.0,1,294.65
p2_W_E.47,2477.0,8.59,0.0,0,242.33
p2_E1_W1.110,2460.0,32.51,18.0,1,299.78
p2_W1_E1.46,2463.0,27.48,13.0,1,312.27
p2_W3_E3.46,2463.0,29.58,16.0,1,291.67
p2_S3_W3.11,2463.0,29.64,10.0,2,316.67
p2_E1_W1.111,2466.0,26.93,13.0,1,287.46
p2_E3_W3.111,2466.0,24.93,11.0,1,280.74
p2_E2_S2.11,2463.0,33.72,17.0,1,304.04
p2_E1_W1.112,2472.0,25.05,7.0,1,303.9
p2_W1_E1.47,2477.0,13.92,0.0,0,269.03
p2_W2_N2.11,2460.0,37.48,20.0,2,322.16
p2_N1_E3.10,2403.0,33.36,7.0,2,418.31
p2_W3_E3.48,2492.0,8.14,0.0,0,247.67
p2_E1_W1.113,2478.0,22.94,2.0,1,308.9
p2_W1_E1.48,2492.0,7.9,0.0,0,242.59
p2_N2_S2.33,2460.0,38.14,21.0,2,318.81
p2_S2_N2.34,2480.0,24.95,5.0,1,309.85
p2_E1_W1.114,2484.0,20.62,0.0,0,305.97
p2_N2_S2.34,2480.0,18.17,1.0,1,286.71
p2_N2_S2.35,2500.0,7.22,0.0,0,243.87
p2_E3_S3.12,2523.0,21.1,8.0,2,194.79
p2_S2_N2.35,2500.0,8.25,0.0,0,243.38
p2_S2_N2.33,2460.0,33.68,19.0,1,301.86
p2_E1_W1.117,2502.0,8.4,0.0,0,244.58
p2_W3_E3.49,2506.0,7.4,0.0,0,250.38
p2_E3_W3.112,2472.0,15.69,1.0,1,271.65
p2_W_E.49,2506.0,11.29,0.0,0,267.45
p2_W1_N3.11,2460.0,32.44,13.0,2,314.34
p2_N2_E2.11,2463.0,54.69,29.0,4,377.65
p2_E3_W3.114,2484.0,34.5,0.0,0,283.37
p2_E1_W1.115,2490.0,8.6,0.0,0,253.66
p2_E3_W3.110,2460.0,24.49,8.0,1,292.82
p2_E3_W3.116,2496.0,15.55,0.0,0,257.42
p2_W_E.48,2492.0,24.66,5.0,2,301.19
p2_E_W.117,2502.0,18.81,0.0,0,307.46
p2_E3_W3.113,2478.0,38.88,0.0,0,304.63
p2_E3_W3.117,2502.0,17.49,0.0,0,268.6
p2_S2_W2.11,2463.0,52.68,29.0,3,359.07
p2_E3_W3.115,2490.0,33.64,0.0,0,309.81
p2_E_W.118,2508.0,12.9,0.0,0,272.67
p2_E_W.116,2496.0,29.48,5.0,1,311.42
p2_E_W.115,2490.0,35.64,10.0,2,352.54
p2_E1_W1.116,2496.0,8.75,0.0,0,242.55
p2_N1_S1.35,2500.0,26.52,8.0,2,300.66
p2_S1_N1.35,2500.0,27.53,10.0,1,315.34
p2_N3_S3.35,2500.0,26.42,11.0,1,287.35
p2_E_W.119,2514.0,13.22,0.0,0,269.91
p2_W3_E3.47,2477.0,11.48,0.0,0,260.9
p2_E_W.114,2484.0,32.36,14.0,1,313.28
p2_S3_N3.35,2500.0,28.09,9.0,2,309.02
p2_W_E.50,2520.0,7.64,0.0,0,238.44
p2_S1_N1.34,2480.0,44.99,30.0,1,309.01
p2_E_W.120,2520.0,8.87,0.0,0,243.68
p2_N1_S1.34,2480.0,42.05,22.0,2,319.83
p2_S1_N1.36,2520.0,7.82,0.0,0,250.53
p2_S3_N3.36,2520.0,10.76,0.0,0,249.58
p2_N3_S3.36,2520.0,8.29,0.0,0,236.74
p2_N3_S3.34,2480.0,43.02,29.0,1,306.8
p2_S3_N3.34,2480.0,38.41,21.0,1,324.41
p2_E_W.121,2527.0,7.29,0.0,0,241.84
p2_W1_E1.50,2520.0,17.77,2.0,1,298.06
p2_N1_S1.36,2520.0,8.55,0.0,0,248.92
p2_E1_W1.118,2508.0,32.12,17.0,1,304.5
p2_E1_W1.119,2514.0,25.77,12.0,1,287.76
p2_N3_E1.12,2523.0,52.28,38.0,2,234.44
p2_W1_E1.49,2506.0,33.23,16.0,1,306.15
p2_W3_E3.50,2520.0,21.46,6.0,1,291.82
p2_E1_W1.120,2520.0,21.66,5.0,1,301.0
p2_W_E.51,2535.0,8.03,0.0,0,240.84
p2_W3_E3.51,2535.0,8.44,0.0,0,233.77
p2_N1_E3.11,2463.0,36.77,2.0,1,467.0
p2_E3_W3.118,2508.0,38.47,19.0,2,317.59
p2_E3_W3.119,2514.0,32.86,15.0,2,315.79
p2_W1_E1.51,2535.0,7.91,0.0,0,244.05
p2_E3_W3.120,2520.0,28.57,8.0,2,300.54
p2_E3_S3.13,2583.0,7.22,0.0,0,167.42
p2_E2_S2.12,2523.0,24.89,5.0,1,306.87
p2_E1_W1.121,2526.0,11.72,0.0,0,266.97
p2_E3_W3.121,2526.0,17.25,1.0,1,286.76
p2_N2_S2.36,2520.0,31.84,13.0,2,314.74
p2_S2_N2.36,2520.0,32.04,11.0,2,316.56
p2_W2_N2.12,2523.0,18.8,2.0,1,293.82
p2_E1_W1.122,2532.0,8.84,0.0,0,246.24
p2_E3_W3.122,2532.0,15.24,1.0,1,268.73
p2_E1_W1.123,2538.0,8.19,0.0,0,241.59
p2_E1_W1.124,2544.0,9.32,0.0,0,246.72
p2_E3_W3.123,2538.0,10.79,0.0,0,252.03
p2_N2_S2.37,2540.0,11.79,0.0,0,267.76
p2_E3_W3.124,2544.0,10.04,0.0,0,244.94
p2_W1_E1.52,2549.0,8.41,0.0,0,240.27
p2_S2_W2.12,2523.0,29.63,8.0,2,318.37
p2_E_W.122,2532.0,25.82,14.0,1,282.03
p2_E1_W1.126,2556.0,7.62,0.0,0,247.5
p2_E_W.126,2556.0,12.51,0.0,0,274.17
p2_N2_E2.12,2523.0,45.46,21.0,4,353.39
p2_W3_E3.52,2549.0,9.42,0.0,0,248.08
p2_W1_N3.12,2523.0,41.56,26.0,1,323.69
p2_E_W.127,2562.0,8.68,0.0,0,242.62
p2_E_W.123,2538.0,32.95,12.0,1,321.86
p2_E_W.124,2544.0,19.19,4.0,1,282.78
p2_E1_W1.125,2550.0,8.88,0.0,0,246.87
p2_N3_E1.13,2583.0,31.6,22.0,1,207.01
p2_E1_S1.11,2463.0,61.87,39.0,3,467.59
p2_N1_S1.37,2540.0,35.94,19.0,1,310.61
p2_E_W.128,2568.0,8.44,0.0,0,249.07
p2_N1_S1.38,2560.0,13.31,0.0,0,262.08
p2_S1_N1.37,2540.0,32.11,18.0,1,294.84
p2_N3_S3.38,2560.0,18.4,0.0,0,291.58
p2_W3_N1.12,2523.0,52.03,27.0,3,357.57
p2_N3_S3.37,2540.0,39.19,18.0,2,332.23
p2_S3_N3.38,2560.0,19.66,2.0,1,292.46
p2_W_E.52,2549.0,13.7,0.0,0,267.34
p2_E_W.125,2550.0,11.34,0.0,0,252.93
p2_S1_N1.38,2560.0,22.06,1.0,1,309.0
p2_S1_W1.12,2523.0,44.56,27.0,1,338.33
p2_W_E.54,2578.0,7.96,0.0,0,240.36
p2_W1_E1.54,2578.0,10.4,0.0,0,271.64
p2_E_W.130,2580.0,8.15,0.0,0,242.11
p2_E3_W3.126,2556.0,27.55,13.0,1,294.99
p2_W1_E1.53,2564.0,24.63,10.0,1,295.54
p2_S3_N3.37,2540.0,25.21,11.0,1,296.89
p2_E3_W3.125,2550.0,29.27,15.0,1,290.47
p2_W3_E3.53,2564.0,28.38,15.0,1,306.02
p2_E1_W1.128,2568.0,24.4,5.0,1,313.92
p2_E_W.129,2574.0,8.82,0.0,0,242.39
p2_E1_W1.130,2580.0,12.15,0.0,0,276.9
p2_W3_E3.54,2578.0,14.76,2.0,1,294.8
p2_E3_W3.128,2568.0,25.86,6.0,1,304.1
p2_E1_W1.129,2574.0,20.04,0.0,0,303.2
p2_E3_W3.131,2586.0,9.64,0.0,0,257.6
p2_E3_W3.127,2562.0,35.42,15.0,2,329.31
p2_S2_N2.38,2560.0,38.34,24.0,1,304.94
p2_E1_W1.127,2562.0,22.73,6.0,1,292.66
p2_N2_S2.39,2580.0,17.93,0.0,0,300.24
p2_S3_W3.12,2523.0,66.75,46.0,3,368.78
p2_W2_N2.13,2581.0,17.64,3.0,1,297.73
p2_E1_W1.131,2586.0,8.48,0.0,0,236.05
p2_E3_W3.130,2580.0,15.59,0.0,0,278.07
p2_N2_S2.38,2560.0,34.68,18.0,1,317.59
p2_E3_W3.129,2574.0,20.76,1.0,1,296.79
p2_S2_N2.39,2580.0,23.25,7.0,1,288.44
p2_E1_W1.132,2592.0,8.97,0.0,0,245.55
p2_E3_W3.132,2592.0,12.33,0.0,0,258.57
p2_E1_W1.133,2598.0,7.87,0.0,0,249.97
p2_W1_N3.13,2581.0,24.89,11.0,1,279.96
p2_E3_S3.14,2643.0,7.29,0.0,0,167.31
p2_E3_W3.133,2598.0,7.99,0.0,0,237.9
p2_E1_W1.134,2604.0,7.18,0.0,0,244.11
p2_W1_E1.55,2592.0,8.63,0.0,0,242.49
p2_S2_W2.13,2583.0,30.1,9.0,2,335.77
p2_N2_E2.13,2583.0,30.16,10.0,1,337.71
p2_E_W.131,2586.0,29.77,17.0,1,309.45
p2_W_E.55,2592.0,23.92,3.0,2,303.43
p2_W3_E3.55,2592.0,9.39,0.0,0,253.4
p2_W3_N1.13,2581.0,37.06,16.0,2,335.26
p2_S1_N1.40,2600.0,20.17,3.0,1,294.65
p2_W_E.56,2607.0,8.46,0.0,0,239.01
p2_N1_S1.39,2580.0,39.63,25.0,1,307.18
p2_E_W.132,2592.0,20.74,7.0,1,278.83
p2_E_W.134,2604.0,13.38,0.0,0,283.54
p2_S3_N3.39,2580.0,43.13,29.0,1,322.05
p2_N1_S1.40,2600.0,22.94,9.0,1,280.97
p2_S3_N3.40,2600.0,24.01,10.0,1,287.66
p2_E_W.136,2616.0,8.36,0.0,0,235.46
p2_N3_S3.39,2580.0,45.0,27.0,2,330.45
p2_W_E.53,2564.0,27.96,12.0,1,303.8
p2_S1_N1.39,2580.0,46.99,23.0,2,356.56
p2_S1_W1.13,2583.0,43.9,24.0,2,352.54
p2_N3_S3.41,2620.0,7.51,0.0,0,241.71
p2_E_W.133,2598.0,21.19,2.0,2,293.86
p2_N1_E3.12,2523.0,61.67,30.0,4,486.12
p2_N3_S3.40,2600.0,30.96,5.0,1,332.18
p2_E_W.135,2610.0,9.58,0.0,0,246.87
p2_E_W.137,2622.0,9.05,0.0,0,244.61
p2_N3_E1.14,2643.0,23.34,11.0,2,195.52
p2_E3_W3.134,2604.0,24.71,11.0,1,284.61
p2_W3_E3.57,2621.0,15.86,0.0,0,297.56
p2_W1_E1.57,2621.0,17.11,4.0,1,276.82
p2_E1_W1.138,2628.0,9.79,0.0,0,267.78
p2_E1_W1.136,2616.0,24.27,6.0,1,296.85
p2_E1_W1.137,2622.0,17.84,3.0,1,284.64
p2_E3_W3.136,2616.0,23.52,10.0,1,278.18
p2_E1_W1.139,2634.0,8.32,0.0,0,242.21
p2_W3_E3.56,2607.0,23.19,10.0,1,281.6
p2_E2_S2.13,2583.0,48.37,24.0,4,345.63
p2_E3_W3.137,2622.0,21.91,7.0,1,286.0
p2_W1_E1.58,2636.0,8.11,0.0,0,237.37
p2_W3_E3.58,2636.0,8.28,0.0,0,249.74
p2_E1_W1.135,2610.0,29.18,11.0,1,307.24
p2_N2_S2.41,2620.0,25.02,13.0,1,280.78
p2_S2_N2.41,2620.0,24.91,11.0,1,281.05
p2_N2_S2.40,2600.0,46.36,32.0,1,311.28
p2_E3_W3.135,2610.0,31.47,15.0,1,295.14
p2_S3_W3.13,2583.0,41.36,25.0,2,319.61
p2_S2_N2.40,2600.0,39.99,26.0,1,317.77
p2_E1_W1.140,2640.0,7.86,0.0,0,243.62
p2_E3_W3.139,2634.0,14.72,0.0,0,267.13
p2_S2_N2.37,2540.0,79.23,57.0,2,381.72
p2_E3_W3.138,2628.0,11.58,0.0,0,256.77
p2_E3_W3.140,2640.0,9.22,0.0,0,237.9
p2_S2_N2.42,2640.0,9.67,0.0,0,250.99
p2_W1_E1.56,2607.0,26.69,11.0,1,288.46
p2_E3_W3.141,2646.0,7.27,0.0,0,237.14
p2_N2_S2.42,2640.0,8.05,0.0,0,235.36
p2_S2_W2.14,2643.0,13.86,0.0,0,271.1
p2_W1_E1.59,2650.0,7.96,0.0,0,237.45
p2_W_E.58,2636.0,23.37,9.0,1,280.97
p2_E1_W1.141,2646.0,8.48,0.0,0,246.78
p2_W_E.57,2621.0,23.8,10.0,1,274.96
p2_E_W.139,2634.0,26.88,13.0,1,295.32
p2_W1_N3.14,2640.0,20.39,7.0,1,282.32
p2_E1_S1.12,2523.0,89.05,49.0,5,538.27
p2_E_W.140,2640.0,23.02,7.0,1,298.01
p2_E_W.138,2628.0,30.4,18.0,1,300.33
p2_W_E.59,2650.0,14.44,0.0,0,273.74
p2_S1_N1.42,2640.0,25.8,7.0,1,312.82
p2_W3_N1.14,2640.0,25.02,9.0,1,303.93
p2_N1_S1.43,2660.0,8.15,0.0,0,245.75
p2_E3_S3.15,2703.0,7.2,0.0,0,172.16
p2_E_W.144,2664.0,7.1,0.0,0,250.7
p2_N1_S1.41,2620.0,38.05,24.0,1,298.61
p2_S1_W1.14,2643.0,25.62,5.0,1,313.16
p2_N3_S3.42,2640.0,33.43,15.0,1,321.69
p2_E_W.142,2652.0,21.38,1.0,1,292.03
p2_S1_N1.43,2660.0,12.82,0.0,0,267.7
p2_W_E.60,2664.0,7.78,0.0,0,235.64
p2_N1_S1.42,2640.0,22.55,8.0,1,277.44
p2_S3_N3.42,2640.0,35.14,16.0,2,319.36
p2_S3_N3.41,2620.0,43.37,26.0,2,324.8
p2_E_W.141,2646.0,11.75,0.0,0,264.31
p2_S3_N3.43,2660.0,12.61,0.0,0,264.23
p2_N3_S3.43,2660.0,9.23,0.0,0,237.81
p2_N3_E1.15,2703.0,21.19,4.0,1,194.62
p2_S1_N1.41,2620.0,35.62,20.0,1,310.32
p2_E_W.145,2670.0,8.41,0.0,0,238.12
p2_W2_N2.14,2640.0,45.0,26.0,2,340.54
p2_E1_W1.143,2658.0,27.05,10.0,1,309.29
p2_W1_E1.60,2664.0,21.22,8.0,1,286.39
p2_E2_S2.14,2643.0,42.51,18.0,2,347.24
p2_W3_E3.59,2650.0,36.36,17.0,2,322.99
p2_E3_W3.142,2652.0,34.38,21.0,1,295.76
p2_E_W.143,2658.0,9.52,0.0,0,248.2
p2_W1_E1.61,2679.0,7.39,0.0,0,250.1
p2_S3_W3.14,2643.0,41.86,20.0,2,326.12
p2_N2_S2.43,2660.0,28.26,12.0,1,307.04
p2_E1_W1.146,2676.0,12.55,0.0,0,262.19
p2_S2_N2.44,2680.0,8.08,0.0,0,238.15
p2_S2_N2.43,2660.0,25.51,11.0,1,298.48
p2_E3_W3.144,2664.0,23.44,2.0,1,309.63
p2_E1_W1.145,2670.0,11.73,0.0,0,253.61
p2_E3_W3.146,2676.0,12.22,0.0,0,273.66
p2_E3_W3.143,2658.0,25.7,8.0,1,303.07
p2_N2_S2.44,2680.0,10.11,0.0,0,265.19
p2_E3_W3.147,2682.0,11.41,0.0,0,264.05
p2_E3_W3.145,2670.0,24.54,0.0,0,300.58
p2_E1_W1.147,2682.0,8.54,0.0,0,243.9
p2_E1_W1.142,2652.0,28.65,14.0,1,297.34
p2_W3_E3.60,2664.0,11.98,0.0,0,258.2
p2_E3_W3.148,2688.0,9.0,0.0,0,238.06
p2_E1_W1.144,2664.0,16.74,1.0,1,279.47
p2_N2_E2.14,2643.0,56.39,35.0,3,366.32
p2_E1_W1.148,2688.0,7.54,0.0,0,235.45
p2_W1_E1.62,2693.0,8.48,0.0,0,233.2
p2_E1_W1.149,2694.0,8.06,0.0,0,246.33
p2_E3_W3.149,2694.0,7.9,0.0,0,236.53
p2_E_W.147,2682.0,21.17,5.0,1,282.26
p2_E_W.149,2694.0,11.8,0.0,0,264.26
p2_W3_E3.61,2679.0,9.63,0.0,0,251.53
p2_W_E.62,2693.0,14.04,1.0,1,263.1
p2_W_E.61,2679.0,28.96,9.0,2,307.43
p2_E_W.146,2676.0,23.96,9.0,1,286.19
p2_E_W.148,2688.0,20.33,0.0,0,299.12
p2_E1_S1.13,2583.0,80.74,50.0,4,514.64
p2_S1_N1.44,2680.0,35.02,16.0,2,313.3
p2_E_W.151,2706.0,8.93,0.0,0,247.3
p2_N1_S1.45,2700.0,15.68,0.0,0,286.08
p2_S1_W1.15,2703.0,10.03,0.0,0,257.06
p2_N1_S1.44,2680.0,36.79,18.0,1,328.01
p2_E_W.150,2700.0,8.79,0.0,0,246.32
p2_N3_S3.44,2680.0,39.33,26.0,1,308.76
p2_S3_N3.44,2680.0,38.63,26.0,1,306.25
p2_S3_N3.45,2700.0,18.63,6.0,1,276.19
p2_W_E.63,2708.0,8.27,0.0,0,241.69
p2_N3_S3.45,2700.0,23.24,5.0,1,292.89
p2_E_W.153,2718.0,8.24,0.0,0,240.11
p2_S1_N1.45,2700.0,9.77,0.0,0,242.29
p2_E_W.152,2712.0,9.52,0.0,0,242.22
p2_W_E.64,2722.0,7.84,0.0,0,247.98
p2_E1_W1.150,2700.0,23.83,10.0,1,282.31
p2_W1_E1.63,2708.0,21.41,10.0,1,269.69
p2_S3_W3.15,2703.0,28.79,4.0,2,306.33
p2_W3_E3.63,2708.0,24.37,11.0,1,286.92
p2_E1_W1.152,2712.0,20.11,7.0,1,275.27
p2_N1_E3.13,2583.0,99.76,64.0,5,557.57
p2_W1_E1.64,2722.0,11.21,0.0,0,262.15
p2_E3_W3.152,2712.0,22.08,7.0,1,289.52
p2_S2_N2.45,2700.0,36.46,19.0,1,325.45
p2_E3_W3.151,2706.0,28.35,12.0,1,297.99
p2_N2_S2.46,2720.0,15.64,0.0,0,287.1
p2_E3_W3.150,2700.0,26.57,14.0,1,289.66
p2_E3_S3.16,2763.0,16.42,2.0,1,187.74
p2_E2_S2.15,2703.0,34.58,19.0,1,318.99
p2_E3_W3.155,2730.0,8.17,0.0,0,242.09
p2_W1_N3.15,2700.0,38.98,18.0,2,334.12
p2_E3_W3.153,2718.0,15.07,0.0,0,274.3
p2_N2_S2.45,2700.0,33.45,17.0,1,306.79
p2_S2_N2.46,2720.0,15.28,0.0,0,283.51
p2_E1_W1.151,2706.0,25.11,10.0,1,279.4
p2_W2_N2.15,2700.0,21.52,6.0,1,289.01
p2_E1_W1.153,2718.0,14.82,0.0,0,269.33
p2_W1_E1.65,2736.0,8.02,0.0,0,245.27
p2_W3_E3.62,2693.0,32.36,18.0,1,297.09
p2_W3_E3.64,2722.0,13.64,1.0,1,275.98
p2_E1_W1.154,2724.0,9.37,0.0,0,243.29
p2_E1_W1.155,2730.0,16.08,0.0,0,259.65
p2_W3_E3.65,2736.0,8.61,0.0,0,240.43
p2_E1_W1.156,2736.0,7.56,0.0,0,243.44
p2_E1_W1.157,2742.0,7.67,0.0,0,235.58
p2_E3_W3.157,2742.0,8.17,0.0,0,234.45
p2_W_E.65,2736.0,15.73,1.0,1,286.29
p2_E3_W3.154,2724.0,9.62,0.0,0,252.15
p2_E_W.155,2730.0,25.09,10.0,1,302.66
p2_S2_W2.15,2703.0,52.86,30.0,3,367.92
p2_E_W.158,2748.0,9.44,0.0,0,251.06
p2_E1_S1.14,2643.0,71.54,38.0,5,517.75
p2_E3_W3.156,2736.0,8.64,0.0,0,256.91
p2_E_W.156,2736.0,23.3,6.0,1,291.54
p2_W_E.66,2751.0,7.9,0.0,0,234.91
p2_N1_S1.46,2720.0,40.56,24.0,1,323.7
p2_E_W.157,2742.0,12.18,0.0,0,262.71
p2_S1_N1.46,2720.0,42.76,25.0,1,343.28
p2_S1_N1.47,2740.0,20.61,4.0,1,291.11
p2_N1_S1.47,2740.0,16.62,2.0,1,274.04
p2_W3_N1.15,2700.0,61.33,39.0,3,371.84
p2_E_W.154,2724.0,25.87,12.0,1,283.16
p2_N1_E3.14,2643.0,79.1,46.0,4,521.8
p2_N3_S3.46,2720.0,43.2,27.0,1,320.97
p2_S3_N3.47,2740.0,27.08,7.0,1,319.56
p2_N1_S1.48,2760.0,7.38,0.0,0,244.13
p2_S3_N3.46,2720.0,38.1,23.0,1,312.63
p2_S1_N1.48,2760.0,8.56,0.0,0,238.06
p2_S3_N3.48,2760.0,9.4,0.0,0,250.47
p2_N3_S3.47,2740.0,17.61,4.0,1,278.08
p2_E_W.159,2754.0,8.49,0.0,0,236.33
p2_S1_W1.16,2763.0,9.12,0.0,0,259.3
p2_N3_E1.16,2763.0,52.73,38.0,2,241.93
p2_W_E.67,2765.0,7.74,0.0,0,243.67
p2_N1_E3.15,2703.0,25.79,7.0,1,412.27
p2_W3_E3.66,2751.0,24.56,12.0,1,288.19
p2_S3_W3.16,2763.0,10.08,0.0,0,256.9
p2_E_W.161,2766.0,8.76,0.0,0,248.24
p2_W1_E1.66,2751.0,26.23,12.0,1,302.66
p2_E3_W3.158,2748.0,29.9,17.0,1,294.93
p2_E3_W3.159,2754.0,24.33,10.0,1,276.87
p2_W3_E3.67,2765.0,12.14,0.0,0,268.71
p2_E1_W1.160,2760.0,20.91,0.0,0,313.33
p2_E1_W1.161,2766.0,15.24,0.0,0,292.14
p2_E3_W3.162,2772.0,11.51,0.0,0,261.7
p2_N2_S2.48,2760.0,24.11,9.0,1,283.62
p2_E2_S2.16,2763.0,20.05,2.0,2,302.95
p2_W2_N2.16,2760.0,23.39,9.0,1,308.59
p2_N2_S2.47,2740.0,44.17,30.0,1,341.15
p2_E3_W3.160,2760.0,18.04,3.0,1,271.55
p2_E1_W1.162,2772.0,14.51,0.0,0,261.44
p2_E3_W3.163,2778.0,7.82,0.0,0,241.83
p2_E3_W3.161,2766.0,21.02,2.0,1,294.73
p2_W3_E3.68,2780.0,7.5,0.0,0,244.73
p2_N2_S2.49,2780.0,7.2,0.0,0,241.29
p2_E1_W1.158,2748.0,21.61,8.0,1,291.9
p2_W1_E1.68,2780.0,8.09,0.0,0,242.94
p2_S2_N2.49,2780.0,8.46,0.0,0,245.69
p2_N2_E2.15,2703.0,82.47,51.0,4,413.27
p2_W1_E1.67,2765.0,9.77,0.0,0,248.36
p2_E_W.162,2772.0,25.57,11.0,1,295.61
p2_S2_N2.47,2740.0,37.6,23.0,1,308.05
p2_E1_W1.159,2754.0,15.19,0.0,0,264.99
p2_S2_W2.16,2763.0,31.58,7.0,2,321.68
p2_E3_S3.17,2823.0,7.83,0.0,0,165.93
p2_W_E.68,2780.0,22.02,8.0,1,283.98
p2_W_E.69,2794.0,8.19,0.0,0,241.65
p2_E_W.160,2760.0,22.18,6.0,1,272.41
p2_E_W.163,2778.0,24.8,6.0,1,300.92
p2_E_W.166,2796.0,8.53,0.0,0,237.98
p2_E1_W1.164,2784.0,8.38,0.0,0,239.36
p2_E_W.164,2784.0,21.09,2.0,1,285.37
p2_N3_S3.48,2760.0,45.06,31.0,1,320.6
p2_E_W.165,2790.0,16.85,0.0,0,279.75
p2_S3_N3.49,2780.0,25.37,11.0,1,287.87
p2_E1_S1.15,2703.0,55.25,29.0,3,452.37
p2_E_W.167,2802.0,8.51,0.0,0,246.19
p2_W1_N3.16,2760.0,33.43,17.0,1,316.26
p2_W3_N1.16,2760.0,40.52,22.0,2,320.34
p2_N1_S1.50,2800.0,10.74,0.0,0,260.25
p2_S3_N3.50,2800.0,12.1,0.0,0,261.87
p2_N1_S1.49,2780.0,29.83,15.0,1,312.14
p2_N3_E1.17,2823.0,29.93,16.0,2,208.07
p2_S1_N1.50,2800.0,12.67,0.0,0,258.11
p2_N3_S3.50,2800.0,14.13,0.0,0,272.73
p2_S1_N1.49,2780.0,20.69,6.0,1,272.5
p2_W_E.70,2808.0,8.24,0.0,0,245.44
p2_E_W.168,2808.0,8.54,0.0,0,241.82
p2_N3_S3.49,2780.0,29.87,16.0,1,286.69
p2_W3_E3.70,2808.0,14.78,0.0,0,292.5
p2_W1_E1.69,2794.0,29.88,19.0,1,293.97
p2_E3_W3.164,2784.0,30.74,17.0,1,290.62
p2_E3_W3.168,2808.0,11.64,0.0,0,257.82
p2_E1_W1.167,2802.0,23.71,9.0,1,286.28
p2_E3_W3.169,2814.0,12.38,0.0,0,276.58
p2_E3_W3.166,2796.0,24.38,8.0,1,304.9
p2_E1_W1.169,2814.0,13.81,0.0,0,263.53
p2_W1_E1.70,2808.0,18.42,4.0,1,273.46
p2_E1_W1.165,2790.0,33.78,18.0,1,304.35
p2_S2_N2.50,2800.0,29.41,15.0,1,309.89
p2_E3_W3.167,2802.0,18.41,2.0,1,276.88
p2_N2_S2.51,2820.0,9.87,0.0,0,268.75
p2_W3_E3.71,2823.0,8.04,0.0,0,238.83
p2_E1_W1.170,2820.0,8.92,0.0,0,242.23
p2_W1_E1.71,2823.0,10.26,0.0,0,257.78
p2_W3_E3.69,2794.0,25.03,10.0,1,294.09
p2_E1_W1.168,2808.0,24.19,5.0,1,289.33
p2_S2_N2.48,2760.0,58.23,36.0,2,362.08
p2_E1_W1.163,2778.0,31.17,17.0,1,288.23
p2_N2_E2.16,2763.0,72.99,41.0,3,401.21
p2_E3_W3.165,2790.0,24.24,9.0,1,288.9
p2_E1_W1.166,2796.0,27.07,11.0,1,281.15
p2_S2_N2.51,2820.0,9.06,0.0,0,243.49
p2_E3_W3.170,2820.0,8.78,0.0,0,243.99
p2_E3_W3.172,2832.0,8.69,0.0,0,249.97
p2_N2_S2.50,2800.0,24.24,10.0,1,286.92
p2_W1_N3.17,2820.0,16.56,3.0,1,269.38
p2_S2_W2.17,2823.0,19.53,3.0,2,297.01
p2_E1_W1.172,2832.0,8.04,0.0,0,247.51
p2_E_W.171,2826.0,18.76,7.0,1,274.77
p2_W1_E1.72,2837.0,8.47,0.0,0,245.43
p2_W3_E3.72,2837.0,7.53,0.0,0,240.92
p2_N2_E2.17,2823.0,19.87,5.0,1,286.19
p2_W_E.71,2823.0,23.58,7.0,1,294.53
p2_W_E.72,2837.0,11.2,0.0,0,260.0
p2_E3_S3.18,2883.0,6.07,0.0,0,160.98
p2_W3_N1.17,2820.0,31.78,12.0,2,328.88
p2_E_W.169,2814.0,24.25,9.0,1,288.24
p2_S1_N1.51,2820.0,32.17,15.0,1,306.6
p2_E_W.173,2838.0,13.44,0.0,0,277.58
p2_E_W.174,2844.0,9.03,0.0,0,255.1
p2_E1_S1.16,2763.0,24.14,4.0,1,392.11
p2_S1_W1.17,2823.0,33.38,15.0,2,321.37
p2_N1_S1.52,2840.0,17.12,3.0,1,277.32
p2_S3_N3.52,2840.0,12.61,0.0,0,257.43
p2_E_W.172,2832.0,13.3,0.0,0,254.75
p2_E_W.175,2850.0,8.37,0.0,0,244.55
p2_S1_N1.52,2840.0,17.62,1.0,1,299.72
p2_S3_N3.51,2820.0,28.13,16.0,1,286.35
p2_N3_S3.52,2840.0,21.06,1.0,1,293.12
p2_N3_S3.51,2820.0,31.41,16.0,1,294.05
p2_N3_E1.18,2883.0,21.83,9.0,2,191.4
p2_E_W.176,2856.0,7.98,0.0,0,250.14
p2_W_E.73,2852.0,8.23,0.0,0,235.23
p2_E3_W3.173,2838.0,29.93,18.0,1,299.68
p2_W3_E3.73,2852.0,17.05,2.0,1,277.2
p2_N1_E3.16,2763.0,63.12,43.0,2,472.57
p2_E_W.170,2820.0,21.06,6.0,1,279.22
p2_E1_W1.173,2838.0,30.64,16.0,1,287.03
p2_E3_W3.175,2850.0,19.4,6.0,1,275.49
p2_W1_E1.73,2852.0,21.17,8.0,1,272.2
p2_E3_W3.171,2826.0,29.47,15.0,1,291.94
p2_E1_W1.174,2844.0,26.53,13.0,1,291.26
p2_E1_W1.176,2856.0,18.52,2.0,1,282.41
p2_W1_E1.74,2866.0,7.95,0.0,0,242.66
p2_E3_W3.177,2862.0,8.96,0.0,0,242.75
p2_W2_N2.17,2820.0,51.96,28.0,2,359.55
p2_S3_W3.17,2823.0,45.57,23.0,3,327.45
p2_S2_N2.53,2860.0,15.14,1.0,1,270.9
p2_W3_E3.74,2866.0,8.57,0.0,0,235.85
p2_E3_W3.174,2844.0,33.51,13.0,1,325.52
p2_E3_W3.176,2856.0,19.0,2.0,1,295.14
p2_E1_W1.178,2868.0,8.75,0.0,0,243.39
p2_E1_W1.175,2850.0,28.58,7.0,1,305.45
p2_N2_S2.53,2860.0,13.82,0.0,0,274.74
p2_E2_S2.17,2823.0,36.49,16.0,2,328.15
p2_S2_N2.52,2840.0,32.96,21.0,1,300.2
p2_E1_W1.177,2862.0,18.75,0.0,0,290.21
p2_N2_S2.52,2840.0,33.5,18.0,1,299.52
p2_E1_W1.179,2874.0,7.71,0.0,0,252.69
p2_E1_W1.171,2826.0,30.86,14.0,1,298.31
p2_E3_W3.178,2868.0,8.98,0.0,0,245.98
p2_E3_W3.179,2874.0,8.6,0.0,0,255.19
p2_E_W.178,2868.0,22.87,9.0,1,281.25
p2_W3_E3.75,2880.0,8.52,0.0,0,236.18
p2_W_E.74,2866.0,20.49,7.0,1,280.87
p2_E_W.179,2874.0,18.61,3.0,1,287.76
p2_W_E.75,2880.0,9.37,0.0,0,251.3
p2_E_W.177,2862.0,25.75,13.0,1,281.99
p2_S1_N1.53,2860.0,39.64,23.0,1,346.45
p2_N1_S1.54,2880.0,19.81,3.0,1,289.0
p2_E_W.181,2886.0,12.62,0.0,0,271.15
p2_W_E.76,2895.0,8.04,0.0,0,247.75
p2_S3_N3.53,2860.0,44.88,24.0,1,348.52
p2_S3_N3.54,2880.0,24.76,5.0,1,309.53
p2_S1_W1.18,2883.0,23.11,3.0,1,323.64
p2_E_W.180,2880.0,10.92,0.0,0,264.64
p2_S1_N1.54,2880.0,15.01,2.0,1,269.17
p2_S1_N1.55,2900.0,7.05,0.0,0,243.15
p2_E1_S1.17,2823.0,17.61,1.0,1,375.97
p2_S3_N3.55,2900.0,8.2,0.0,0,236.96
p2_N1_S1.51,2820.0,65.78,46.0,2,362.48
p2_N1_S1.55,2900.0,9.82,0.0,0,245.21
p2_E_W.182,2892.0,8.09,0.0,0,242.7
p2_N3_E1.19,2943.0,12.85,2.0,1,178.55
p2_N1_S1.53,2860.0,31.13,17.0,1,295.69
p2_N3_S3.53,2860.0,33.59,21.0,1,295.93
p2_W1_E1.76,2895.0,20.57,5.0,1,300.39
p2_N1_E3.17,2823.0,49.63,25.0,2,447.2
p2_W3_E3.76,2895.0,19.19,5.0,1,280.05
p2_E1_W1.183,2898.0,19.52,7.0,1,275.81
p2_S3_W3.18,2883.0,34.26,11.0,2,333.57
p2_E3_W3.182,2892.0,26.17,9.0,1,298.82
p2_E_W.183,2898.0,8.29,0.0,0,236.77
p2_E_W.185,2910.0,8.06,0.0,0,249.32
p2_E1_W1.185,2910.0,8.94,0.0,0,244.98
p2_E3_W3.181,2886.0,33.93,16.0,1,317.75
p2_W1_E1.75,2880.0,30.41,19.0,1,299.7
p2_W2_N2.18,2883.0,37.57,20.0,2,325.68
p2_E3_S3.19,2943.0,19.3,7.0,2,190.95
p2_S2_N2.54,2880.0,42.24,27.0,1,326.34
p2_E2_S2.18,2883.0,38.48,18.0,1,337.44
p2_E1_W1.181,2886.0,30.08,16.0,1,290.86
p2_E3_W3.183,2898.0,19.54,4.0,1,288.98
p2_E1_W1.180,2880.0,30.04,16.0,1,298.99
p2_E3_W3.180,2880.0,30.06,16.0,1,287.77
p2_S2_N2.55,2900.0,23.75,8.0,1,291.01
p2_W1_E1.77,2909.0,15.7,2.0,1,274.61
p2_E3_W3.185,2910.0,15.23,0.0,0,282.85
p2_N2_S2.54,2880.0,46.3,32.0,1,324.26
p2_E3_W3.184,2904.0,11.25,0.0,0,264.78
p2_E1_W1.186,2916.0,8.24,0.0,0,236.24
p2_S2_N2.56,2920.0,7.42,0.0,0,236.81
p2_N2_S2.56,2920.0,8.24,0.0,0,244.82
p2_E3_W3.187,2922.0,7.85,0.0,0,241.15
p2_N2_S2.55,2900.0,22.51,7.0,1,294.77
p2_W1_E1.78,2924.0,7.93,0.0,0,243.71
p2_W3_E3.78,2924.0,8.35,0.0,0,246.57
p2_E1_W1.187,2922.0,8.2,0.0,0,246.44
p2_E3_W3.188,2928.0,7.98,0.0,0,239.73
p2_E1_W1.188,2928.0,9.0,0.0,0,246.43
p2_E1_W1.182,2892.0,21.23,7.0,1,277.55
p2_E_W.187,2922.0,16.25,1.0,1,277.11
p2_S2_W2.18,2883.0,56.61,34.0,3,375.29
p2_W3_E3.77,2909.0,10.34,0.0,0,252.52
p2_E_W.188,2928.0,12.03,0.0,0,272.75
p2_E1_W1.184,2904.0,10.21,0.0,0,251.72
p2_E_W.186,2916.0,26.85,6.0,1,318.9
p2_W_E.78,2924.0,14.37,2.0,1,272.45
p2_W_E.77,2909.0,35.39,17.0,1,319.03
p2_N2_E2.18,2883.0,33.57,16.0,1,325.87
p2_E3_W3.186,2916.0,9.85,0.0,0,255.66
p2_W_E.79,2938.0,8.16,0.0,0,244.49
p2_E_W.184,2904.0,24.55,10.0,1,281.98
p2_S3_N3.56,2920.0,28.55,14.0,1,291.88
p2_E_W.190,2940.0,8.22,0.0,0,243.24
p2_N1_S1.57,2940.0,8.35,0.0,0,247.96
p2_S1_N1.57,2940.0,8.45,0.0,0,255.12
p2_W1_N3.18,2883.0,63.52,43.0,2,371.27
p2_N3_S3.57,2940.0,8.79,0.0,0,247.68
p2_N1_S1.56,2920.0,27.21,12.0,1,291.35
p2_N3_S3.56,2920.0,30.32,15.0,1,302.49
p2_E_W.189,2934.0,8.76,0.0,0,238.29
p2_N3_S3.54,2880.0,49.34,30.0,2,336.84
p2_S3_N3.57,2940.0,9.45,0.0,0,244.55
p2_N3_S3.55,2900.0,45.21,31.0,1,314.55
p2_S1_W1.19,2943.0,9.97,0.0,0,269.97
p2_W3_N1.18,2883.0,60.28,38.0,3,351.01
p2_S1_N1.56,2920.0,33.5,13.0,1,324.73
p2_E_W.191,2946.0,10.14,0.0,0,251.65
p2_S3_W3.19,2943.0,16.73,2.0,1,285.64
p2_E_W.192,2952.0,7.71,0.0,0,246.18
p2_E3_W3.189,2934.0,28.0,15.0,1,292.09
p2_E1_W1.191,2946.0,17.24,3.0,1,282.21
p2_E3_W3.191,2946.0,18.18,5.0,1,279.23
p2_W_E.80,2952.0,7.83,0.0,0,250.72
p2_E1_S1.18,2883.0,38.87,11.0,3,444.83
p2_W1_E1.80,2952.0,14.27,0.0,0,271.45
p2_W3_E3.80,2952.0,15.32,1.0,1,270.9
p2_E1_W1.190,2940.0,21.71,7.0,1,284.63
p2_E3_W3.190,2940.0,28.28,8.0,1,311.52
p2_E1_W1.189,2934.0,23.14,11.0,1,279.5
p2_E3_W3.193,2958.0,8.23,0.0,0,244.95
p2_E3_W3.192,2952.0,18.26,0.0,0,284.95
p2_S2_N2.58,2960.0,9.88,0.0,0,265.08
p2_E2_S2.19,2943.0,15.81,1.0,1,288.31
p2_W2_N2.19,2941.0,15.21,3.0,1,273.99
p2_E3_S3.20,3003.0,11.02,2.0,1,181.43
p2_S2_N2.57,2940.0,31.7,14.0,1,302.65
p2_N2_S2.58,2960.0,11.99,0.0,0,273.84
p2_E1_W1.194,2964.0,7.78,0.0,0,240.31
p2_E3_W3.194,2964.0,8.21,0.0,0,248.49
p2_W3_E3.81,2967.0,8.05,0.0,0,246.56
p2_E3_W3.195,2970.0,7.36,0.0,0,241.12
p2_N2_S2.57,2940.0,23.29,10.0,1,274.17
p2_W1_E1.79,2938.0,22.11,7.0,1,283.29
p2_E1_W1.195,2970.0,10.05,0.0,0,254.68
p2_W1_E1.81,2967.0,8.44,0.0,0,249.15
p2_W3_E3.79,2938.0,21.19,8.0,1,295.39
p2_N2_E2.19,2943.0,40.06,15.0,2,341.76
p2_E_W.194,2964.0,19.14,6.0,1,284.47
p2_S2_W2.19,2943.0,26.49,7.0,2,311.58
p2_E1_W1.196,2976.0,7.96,0.0,0,241.32
p2_E1_W1.193,2958.0,10.38,0.0,0,242.76
p2_E_W.193,2958.0,24.11,11.0,1,283.56
p2_W_E.82,2981.0,7.74,0.0,0,240.58
p2_W1_N3.19,2941.0,48.54,31.0,2,337.99
p2_S3_N3.58,2960.0,31.54,17.0,1,310.56
p2_W3_N1.19,2941.0,51.22,32.0,2,342.45
p2_E1_W1.192,2952.0,10.98,0.0,0,256.38
p2_S1_N1.58,2960.0,33.45,19.0,1,301.52
p2_N1_S1.58,2960.0,34.11,20.0,1,309.21
p2_E_W.197,2982.0,8.51,0.0,0,242.89
p2_N3_S3.58,2960.0,35.97,22.0,1,308.39
p2_E_W.195,2970.0,10.15,0.0,0,256.23
p2_N1_E3.18,2883.0,70.1,29.0,4,506.5
p2_W_E.81,2967.0,15.35,1.0,1,264.04
p2_E_W.198,2988.0,8.89,0.0,0,245.81
p2_N3_S3.59,2980.0,17.83,3.0,1,279.5
p2_N1_S1.59,2980.0,12.5,0.0,0,270.83
p2_N3_E1.20,3003.0,33.46,20.0,2,211.93
p2_E_W.199,2994.0,8.69,0.0,0,236.38
p2_W_E.83,2996.0,7.39,0.0,0,240.32
p2_E_W.196,2976.0,8.51,0.0,0,242.31
p2_E3_W3.197,2982.0,25.39,13.0,1,277.91
p2_E_W.200,3000.0,7.35,0.0,0,234.46
p2_S3_N3.59,2980.0,9.06,0.0,0,253.15
p2_E3_W3.199,2994.0,15.58,2.0,1,268.68
p2_E1_W1.197,2982.0,27.83,12.0,1,295.05
p2_E1_W1.198,2988.0,21.86,6.0,1,287.07
p2_W1_E1.82,2981.0,30.33,17.0,1,285.62
p2_W1_E1.83,2996.0,15.14,1.0,1,264.36
p2_E3_W3.200,3000.0,11.92,0.0,0,268.53
p2_E2_S2.20,3003.0,8.69,0.0,0,255.72
p2_S2_N2.59,2980.0,34.22,20.0,1,314.22
p2_E3_W3.198,2988.0,26.08,8.0,1,293.26
p2_W3_E3.83,2996.0,9.43,0.0,0,247.05
p2_N2_S2.60,3000.0,14.16,0.0,0,275.51
p2_N2_S2.59,2980.0,34.69,18.0,1,316.38
p2_W3_E3.82,2981.0,21.86,9.0,1,277.38
p2_E1_W1.199,2994.0,10.35,0.0,0,257.11
p2_E1_W1.200,3000.0,8.72,0.0,0,247.32
p2_W1_N3.20,3000.0,19.19,0.0,0,294.12
p2_W3_E3.84,3010.0,8.9,0.0,0,251.65
p2_E3_W3.196,2976.0,29.15,16.0,1,286.72
p2_W1_E1.84,3010.0,7.87,0.0,0,248.84
p2_E3_W3.203,3018.0,7.48,0.0,0,244.93
p2_E1_W1.201,3006.0,8.57,0.0,0,250.31
p2_E1_W1.202,3012.0,8.22,0.0,0,239.7
p2_E3_S3.21,3063.0,7.49,0.0,0,168.77
p2_S2_W2.20,3003.0,28.94,9.0,2,315.54
p2_E1_W1.203,3018.0,8.02,0.0,0,245.62
p2_E_W.202,3012.0,16.56,3.0,1,271.62
p2_N2_E2.20,3003.0,29.79,10.0,1,318.64
p2_E_W.201,3006.0,23.21,8.0,1,297.52
p2_E_W.203,3018.0,11.5,0.0,0,268.71
p2_E3_W3.201,3006.0,9.06,0.0,0,251.26
p2_W_E.84,3010.0,19.74,2.0,2,299.94
p2_W3_N1.20,3000.0,37.29,17.0,2,323.49
p2_N1_S1.61,3020.0,21.5,7.0,1,290.91
p2_W_E.85,3024.0,8.66,0.0,0,236.3
p2_E1_S1.19,2943.0,41.91,19.0,2,415.67
p2_S1_N1.61,3020.0,22.95,1.0,1,315.46
p2_N3_S3.61,3020.0,23.54,6.0,1,292.44
p2_N3_S3.60,3000.0,44.44,23.0,2,333.7
p2_S3_N3.60,3000.0,44.16,26.0,2,336.07
p2_S3_N3.61,3020.0,24.49,5.0,2,297.38
p2_E_W.206,3036.0,8.85,0.0,0,245.49
p2_E_W.205,3030.0,8.2,0.0,0,239.62
p2_S1_W1.20,3003.0,43.08,21.0,2,349.19
p2_W_E.86,3039.0,8.73,0.0,0,244.35
p2_N1_S1.62,3040.0,8.19,0.0,0,244.21
p2_N3_S3.62,3040.0,7.86,0.0,0,238.38
p2_S3_N3.62,3040.0,8.07,0.0,0,244.64
p2_S1_N1.60,3000.0,46.17,20.0,1,363.24
p2_E_W.204,3024.0,9.58,0.0,0,248.75
p2_W1_E1.85,3024.0,30.5,17.0,1,299.24
p2_N3_E1.21,3063.0,32.26,16.0,2,212.96
p2_E1_W1.204,3024.0,31.2,16.0,1,299.75
p2_W3_E3.85,3024.0,31.38,15.0,1,317.21
p2_S3_W3.20,3003.0,51.52,31.0,2,355.13
p2_E3_W3.205,3030.0,26.05,11.0,1,304.81
p2_W3_E3.86,3039.0,11.11,0.0,0,259.87
p2_W1_E1.86,3039.0,17.66,5.0,1,272.44
p2_E1_W1.205,3030.0,25.68,10.0,1,304.64
p2_S1_N1.59,2980.0,40.86,24.0,1,311.05
p2_N1_S1.60,3000.0,33.44,18.0,1,285.0
p2_E3_W3.208,3048.0,10.35,0.0,0,251.18
p2_E1_W1.206,3036.0,16.55,5.0,1,271.12
p2_E3_W3.207,3042.0,18.5,1.0,1,275.03
p2_W1_E1.87,3053.0,7.88,0.0,0,252.34
p2_W3_E3.87,3053.0,7.89,0.0,0,247.05
p2_E1_W1.207,3042.0,13.6,0.0,0,272.14
p2_E1_W1.208,3048.0,9.3,0.0,0,251.65
p2_E1_W1.209,3054.0,9.39,0.0,0,242.52
p2_W2_N2.20,3000.0,58.28,35.0,3,378.32
p2_E3_W3.206,3036.0,16.0,2.0,1,269.65
p2_N2_S2.62,3040.0,27.06,8.0,2,306.32
p2_S2_N2.62,3040.0,27.15,8.0,2,309.24
p2_E3_W3.209,3054.0,9.04,0.0,0,243.23
p2_E1_W1.210,3060.0,8.31,0.0,0,235.39
p2_S2_N2.61,3020.0,48.9,29.0,2,344.18
p2_N2_S2.63,3060.0,9.05,0.0,0,235.61
p2_E3_W3.210,3060.0,9.84,0.0,0,252.44
p2_N1_E3.19,2943.0,41.82,19.0,1,420.33
p2_S2_N2.60,3000.0,45.81,29.0,1,314.94
p2_N2_S2.61,3020.0,43.64,25.0,2,330.04
p2_E3_W3.204,3024.0,31.13,14.0,1,296.3
p2_S2_N2.63,3060.0,7.59,0.0,0,241.3
p2_S2_W2.21,3063.0,9.53,0.0,0,266.42
p2_E1_W1.211,3066.0,7.8,0.0,0,249.41
p2_E3_W3.211,3066.0,8.24,0.0,0,239.54
p2_W1_E1.88,3068.0,7.44,0.0,0,241.37
p2_E_W.207,3042.0,24.06,10.0,1,271.62
p2_E_W.209,3054.0,26.56,13.0,1,282.87
p2_N2_E2.21,3063.0,16.95,4.0,1,292.13
p2_E3_W3.212,3072.0,8.05,0.0,0,245.86
p2_W3_E3.88,3068.0,8.74,0.0,0,246.96
p2_E1_S1.20,3003.0,37.0,14.0,2,431.14
p2_W1_N3.21,3060.0,12.41,0.0,0,268.39
p2_W3_N1.21,3060.0,24.2,7.0,1,301.88
p2_W_E.87,3053.0,23.48,10.0,1,292.7
p2_S1_N1.63,3060.0,24.72,12.0,1,281.74
p2_S1_N1.62,3040.0,46.16,31.0,1,331.84
p2_W_E.88,3068.0,17.74,0.0,0,288.64
p2_E_W.210,3060.0,27.5,7.0,1,292.9
p2_N1_S1.64,3080.0,7.55,0.0,0,247.48
p2_E3_W3.202,3012.0,32.29,17.0,1,308.4
p2_N3_S3.63,3060.0,28.25,14.0,1,296.11
p2_S3_N3.63,3060.0,28.19,13.0,1,302.56
p2_S1_N1.64,3080.0,8.41,0.0,0,245.47
p2_S3_N3.64,3080.0,8.93,0.0,0,250.76
p2_N3_S3.64,3080.0,10.16,0.0,0,256.57
p2_S1_W1.21,3063.0,28.29,10.0,1,311.1
p2_N3_E1.22,3123.0,12.04,1.0,1,177.07
p2_E_W.212,3072.0,14.67,0.0,0,268.67
p2_E_W.208,3048.0,27.78,13.0,1,286.79
p2_E_W.213,3078.0,13.32,0.0,0,272.31
p2_E_W.211,3066.0,20.93,1.0,1,289.01
p2_E_W.215,3090.0,10.96,0.0,0,255.56
p2_E_W.214,3084.0,17.8,0.0,0,260.54
p2_N1_S1.63,3060.0,20.26,5.0,1,287.54
p2_W2_N2.21,3060.0,43.09,22.0,2,333.32
p2_W1_E1.89,3082.0,20.73,7.0,1,282.01
p2_W3_E3.89,3082.0,21.44,5.0,1,289.18
p2_E1_W1.214,3084.0,18.99,4.0,1,284.64
p2_W_E.89,3082.0,9.13,0.0,0,241.65
p2_N1_E3.20,3003.0,58.62,32.0,3,464.82
p2_E3_W3.213,3078.0,27.4,9.0,1,311.69
p2_W3_E3.90,3096.0,7.98,0.0,0,246.37
p2_E3_W3.214,3084.0,24.23,1.0,1,308.56
p2_S2_N2.65,3100.0,7.75,0.0,0,243.7
p2_S3_W3.21,3063.0,37.53,15.0,2,315.26
p2_E1_W1.212,3072.0,29.22,16.0,1,292.07
p2_E1_W1.213,3078.0,28.25,9.0,1,311.75
p2_S2_N2.64,3080.0,30.14,18.0,1,284.3
p2_E3_W3.216,3096.0,13.93,0.0,0,281.63
p2_E3_S3.22,3123.0,29.74,18.0,2,205.27
p2_E1_W1.216,3096.0,15.48,0.0,0,275.1
p2_E3_W3.217,3102.0,9.86,0.0,0,249.14
p2_E3_W3.215,3090.0,11.17,0.0,0,258.57
p2_W1_E1.90,3096.0,8.49,0.0,0,238.13
p2_N2_S2.65,3100.0,7.87,0.0,0,248.39
p2_N2_S2.64,3080.0,34.12,17.0,1,321.37
p2_E2_S2.21,3063.0,36.73,12.0,2,335.36
p2_E1_W1.215,3090.0,12.35,0.0,0,274.2
p2_E1_W1.217,3102.0,8.2,0.0,0,243.86
p2_E1_W1.218,3108.0,9.66,0.0,0,246.2
p2_E3_W3.218,3108.0,7.87,0.0,0,238.69
p2_W3_E3.91,3111.0,8.09,0.0,0,236.02
p2_E_W.216,3096.0,23.75,9.0,1,283.57
p2_E_W.218,3108.0,17.8,4.0,1,271.54
p2_W_E.91,3111.0,15.36,1.0,1,280.53
p2_W_E.90,3096.0,29.27,9.0,1,321.83
p2_E_W.219,3114.0,14.09,1.0,1,277.88
p2_N1_S1.65,3100.0,31.2,17.0,1,287.93
p2_S1_N1.65,3100.0,31.14,18.0,1,300.13
p2_E_W.217,3102.0,21.33,7.0,1,277.98
p2_S3_N3.65,3100.0,34.14,20.0,1,318.84
p2_S3_N3.66,3120.0,15.97,0.0,0,288.68
p2_S1_W1.22,3123.0,8.27,0.0,0,252.29
p2_S1_N1.66,3120.0,10.78,0.0,0,266.62
p2_N3_S3.66,3120.0,13.38,0.0,0,260.28
p2_N1_S1.66,3120.0,10.43,0.0,0,238.04
p2_E_W.222,3132.0,9.67,0.0,0,244.57
p2_N3_S3.65,3100.0,29.74,16.0,1,294.11
p2_E_W.220,3120.0,9.81,0.0,0,250.43
p2_E_W.223,3138.0,9.87,0.0,0,258.58
p2_E1_W1.219,3114.0,33.16,20.0,1,285.57
p2_E3_W3.220,3120.0,29.92,16.0,1,290.46
p2_N1_E3.21,3063.0,44.08,17.0,3,442.53
p2_W1_E1.91,3111.0,30.93,17.0,1,302.3
p2_W3_E3.93,3140.0,11.48,0.0,0,257.29
p2_E3_W3.219,3114.0,30.07,16.0,1,294.54
p2_W1_E1.93,3140.0,7.95,0.0,0,252.02
p2_E1_W1.220,3120.0,26.79,12.0,1,310.14
p2_W2_N2.22,3120.0,27.03,12.0,1,304.38
p2_W_E.92,3125.0,9.33,0.0,0,239.51
p2_E3_W3.222,3132.0,21.2,7.0,1,286.57
p2_S3_W3.22,3123.0,30.24,7.0,2,320.34
p2_N2_S2.66,3120.0,34.9,16.0,1,331.33
p2_E3_W3.224,3144.0,11.39,0.0,0,271.59
p2_W3_E3.92,3125.0,23.94,8.0,1,287.74
p2_E3_W3.223,3138.0,19.22,1.0,1,274.47
p2_N2_S2.67,3140.0,15.36,0.0,0,288.56
p2_E3_W3.221,3126.0,22.26,8.0,1,285.37
p2_S2_N2.67,3140.0,20.1,5.0,1,291.66
p2_E3_S3.23,3183.0,16.91,3.0,1,184.65
p2_S2_N2.66,3120.0,34.0,21.0,1,296.52
p2_E1_W1.221,3126.0,20.43,5.0,1,279.3
p2_E3_W3.225,3150.0,8.77,0.0,0,235.92
p2_E1_W1.222,3132.0,16.14,0.0,0,278.9
p2_W1_E1.94,3154.0,8.5,0.0,0,251.74
p2_W3_E3.94,3154.0,7.92,0.0,0,236.72
p2_E2_S2.22,3123.0,18.52,1.0,1,291.17
p2_E1_W1.224,3144.0,15.68,0.0,0,278.22
p2_E1_W1.223,3138.0,23.01,0.0,0,310.16
p2_E1_W1.225,3150.0,11.33,0.0,0,258.71
p2_W1_N3.22,3120.0,37.37,19.0,2,320.45
p2_S2_W2.22,3123.0,46.15,25.0,2,366.45
p2_E_W.225,3150.0,21.89,9.0,1,286.41
p2_W_E.94,3154.0,18.7,5.0,1,292.91
p2_E3_W3.226,3156.0,8.56,0.0,0,239.66
p2_E_W.227,3162.0,11.86,0.0,0,252.8
p2_E_W.228,3168.0,9.02,0.0,0,249.49
p2_N2_E2.22,3123.0,30.93,9.0,2,314.94
p2_E_W.221,3126.0,28.28,12.0,1,293.95
p2_S1_N1.68,3160.0,18.56,4.0,1,282.17
p2_W_E.93,3140.0,22.28,8.0,1,290.54
p2_E_W.224,3144.0,27.3,14.0,1,295.18
p2_W_E.95,3168.0,11.2,0.0,0,246.09
p2_W3_N1.22,3120.0,59.72,37.0,3,376.2
p2_N3_S3.67,3140.0,40.38,25.0,1,313.32
p2_N3_S3.68,3160.0,20.31,6.0,1,293.01
p2_W1_E1.92,3125.0,12.16,0.0,0,260.97
p2_N3_E1.23,3183.0,40.84,30.0,1,223.04
p2_E_W.229,3174.0,9.02,0.0,0,242.4
p2_S1_N1.67,3140.0,37.0,22.0,1,319.9
p2_E_W.226,3156.0,14.42,1.0,1,268.14
p2_N1_S1.68,3160.0,17.16,3.0,1,282.02
p2_S3_N3.67,3140.0,43.7,31.0,1,309.29
p2_E1_S1.21,3063.0,62.34,39.0,3,448.9
p2_S1_N1.69,3180.0,7.18,0.0,0,246.69
p2_N1_S1.67,3140.0,37.79,19.0,2,316.76
p2_E_W.230,3180.0,8.34,0.0,0,247.05
p2_N3_S3.69,3180.0,7.75,0.0,0,246.21
p2_S3_N3.69,3180.0,7.81,0.0,0,237.85
p2_S3_N3.68,3160.0,21.36,8.0,1,272.34
p2_E1_W1.227,3162.0,31.45,16.0,1,313.76
p2_E3_W3.228,3168.0,25.2,10.0,1,291.43
p2_S3_W3.23,3183.0,9.73,0.0,0,270.23
p2_W_E.96,3183.0,8.27,0.0,0,244.35
p2_E3_W3.230,3180.0,16.45,4.0,1,272.37
p2_N1_E3.22,3123.0,31.11,5.0,1,413.17
p2_E1_W1.229,3174.0,18.05,4.0,1,274.52
p2_W3_E3.96,3183.0,14.57,0.0,0,275.47
p2_W1_E1.96,3183.0,15.99,0.0,0,279.19
p2_E1_W1.231,3186.0,10.92,0.0,0,262.54
p2_S2_N2.68,3160.0,40.74,27.0,1,315.28
p2_W3_E3.95,3168.0,27.33,12.0,1,300.78
p2_E1_W1.230,3180.0,21.42,2.0,1,309.95
p2_N2_S2.68,3160.0,41.75,22.0,1,347.65
p2_E3_W3.229,3174.0,21.24,7.0,1,285.96
p2_E3_W3.231,3186.0,15.81,0.0,0,270.74
p2_S2_N2.69,3180.0,22.78,8.0,1,282.52
p2_E2_S2.23,3183.0,19.01,2.0,1,302.66
p2_E1_W1.226,3156.0,25.6,11.0,1,286.89
p2_E1_W1.228,3168.0,23.19,8.0,1,286.9
p2_W2_N2.23,3180.0,18.69,3.0,1,285.49
p2_W1_E1.95,3168.0,24.54,9.0,1,285.51
p2_E3_W3.232,3192.0,13.52,0.0,0,262.74
p2_W1_E1.97,3197.0,7.64,0.0,0,245.93
p2_E1_W1.232,3192.0,7.85,0.0,0,241.42
p2_E1_W1.233,3198.0,8.68,0.0,0,224.79
p2_S2_N2.70,3200.0,7.53,0.0,0,235.38
p2_E3_S3.24,3243.0,7.09,0.0,0,171.42
p2_W1_N3.23,3180.0,22.03,4.0,1,303.65
p2_E3_W3.233,3198.0,9.75,0.0,0,247.57
p2_N2_S2.70,3200.0,7.87,0.0,0,240.89
p2_N2_S2.69,3180.0,14.28,0.0,0,269.27
p2_W_E.97,3197.0,19.4,4.0,1,274.82
p2_E1_W1.234,3204.0,9.22,0.0,0,239.62
p2_E3_W3.234,3204.0,8.1,0.0,0,244.42
p2_N2_E2.23,3183.0,33.81,11.0,3,336.07
p2_E_W.232,3192.0,26.93,14.0,1,299.73
p2_E1_W1.235,3210.0,9.01,0.0,0,242.16
p2_E3_W3.235,3210.0,7.95,0.0,0,241.22
p2_S2_W2.23,3183.0,23.66,5.0,2,305.81
p2_W_E.98,3212.0,8.02,0.0,0,248.7
p2_E_W.234,3204.0,19.25,2.0,1,269.2
p2_E_W.236,3216.0,8.99,0.0,0,256.07
p2_N1_S1.69,3180.0,46.55,34.0,1,325.69
p2_W3_N1.23,3180.0,45.92,23.0,3,332.32
p2_N3_S3.70,3200.0,26.53,12.0,1,285.82
p2_E1_S1.22,3123.0,60.01,33.0,3,454.41
p2_S1_N1.70,3200.0,26.79,9.0,1,308.35
p2_E_W.233,3198.0,20.26,6.0,1,278.57
p2_N1_S1.70,3200.0,28.45,10.0,1,326.55
p2_N1_S1.71,3220.0,8.75,0.0,0,246.71
p2_S1_N1.71,3220.0,8.94,0.0,0,253.39
p2_N3_S3.71,3220.0,7.64,0.0,0,237.39
p2_S3_N3.70,3200.0,23.08,8.0,1,277.31
p2_S1_W1.23,3183.0,46.09,24.0,1,351.41
p2_N3_E1.24,3242.0,30.87,16.0,2,203.22
p2_E_W.238,3228.0,9.65,0.0,0,251.25
p2_W3_E3.99,3226.0,15.42,1.0,1,263.01
p2_E_W.239,3234.0,7.12,0.0,0,235.84
p2_W1_E1.99,3226.0,16.22,2.0,1,287.93
p2_E1_W1.236,3216.0,28.33,15.0,1,297.25
p2_S3_N3.71,3220.0,9.32,0.0,0,246.06
p2_E1_W1.237,3222.0,22.39,7.0,1,290.29
p2_E_W.235,3210.0,11.34,0.0,0,250.89
p2_W_E.99,3226.0,9.23,0.0,0,240.56
p2_E1_W1.238,3228.0,18.5,4.0,1,276.99
p2_W3_E3.97,3197.0,23.45,10.0,1,289.9
p2_E_W.237,3222.0,10.31,0.0,0,249.85
p2_E3_W3.238,3228.0,16.25,2.0,1,275.85
p2_E1_W1.240,3240.0,8.31,0.0,0,245.79
p2_W3_E3.100,3240.0,8.06,0.0,0,241.6
p2_W3_E3.98,3212.0,26.12,11.0,1,295.03
p2_E3_W3.236,3216.0,27.62,11.0,1,292.06
p2_E1_W1.239,3234.0,9.95,0.0,0,252.42
p2_W1_E1.98,3212.0,25.19,11.0,1,280.81
p2_S2_N2.71,3220.0,32.2,15.0,1,323.19
p2_S2_N2.72,3240.0,12.39,0.0,0,283.51
p2_E3_W3.239,3234.0,11.96,0.0,0,249.04
p2_N2_S2.72,3240.0,10.03,0.0,0,249.69
p2_N2_S2.71,3220.0,25.78,12.0,1,285.31
p2_E3_W3.241,3246.0,8.77,0.0,0,248.91
p2_E_W.231,3186.0,23.76,6.0,1,301.58
p2_E3_W3.237,3222.0,17.27,3.0,1,271.32
p2_E1_W1.241,3246.0,8.19,0.0,0,233.27
p2_W1_E1.100,3240.0,8.76,0.0,0,245.08
p2_E1_W1.242,3252.0,8.35,0.0,0,238.24
p2_E3_W3.242,3252.0,8.05,0.0,0,252.03
p2_E3_W3.227,3162.0,36.36,15.0,2,333.23
p2_W_E.100,3240.0,22.42,9.0,1,300.02
p2_S2_W2.24,3243.0,18.78,2.0,1,289.77
p2_W1_E1.101,3255.0,8.27,0.0,0,244.84
p2_E_W.240,3240.0,24.26,12.0,1,282.36
p2_N2_E2.24,3243.0,20.59,6.0,1,291.94
p2_W_E.101,3255.0,9.25,0.0,0,247.6
p2_E_W.241,3246.0,20.01,5.0,1,279.4
p2_E3_W3.243,3258.0,7.8,0.0,0,242.05
p2_E_W.243,3258.0,12.54,0.0,0,268.26
p2_N3_S3.72,3240.0,32.16,19.0,1,299.89
p2_E3_W3.240,3240.0,9.58,0.0,0,251.43
p2_W1_N3.24,3243.0,30.36,18.0,1,302.62
p2_S1_W1.24,3243.0,31.98,17.0,1,309.67
p2_N1_S1.73,3260.0,15.67,2.0,1,263.89
p2_N3_S3.73,3260.0,13.32,0.0,0,269.48
p2_S3_N3.73,3260.0,16.24,0.0,0,293.3
p2_S3_N3.72,3240.0,37.54,18.0,1,341.44
p2_W3_N1.24,3243.0,23.44,6.0,1,302.65
p2_S1_N1.73,3260.0,16.95,1.0,1,274.72
p2_E_W.245,3270.0,8.13,0.0,0,236.71
p2_W_E.102,3269.0,7.21,0.0,0,242.41
p2_N3_E1.25,3303.0,19.41,8.0,1,189.66
p2_S1_N1.72,3240.0,32.62,19.0,1,295.78
p2_E_W.246,3276.0,7.45,0.0,0,239.42
p2_E3_S3.25,3303.0,22.77,14.0,1,195.13
p2_E_W.242,3252.0,11.07,0.0,0,256.94
p2_E_W.244,3264.0,10.93,0.0,0,250.45
p2_W3_E3.102,3269.0,18.35,4.0,1,278.43
p2_E1_W1.243,3258.0,29.71,15.0,1,286.61
p2_S3_W3.24,3243.0,43.1,20.0,3,334.0
p2_W1_E1.103,3284.0,8.22,0.0,0,242.32
p2_E1_S1.23,3183.0,60.42,30.0,3,470.14
p2_E3_W3.244,3264.0,29.55,7.0,2,319.12
p2_E3_W3.245,3270.0,23.03,3.0,2,301.56
p2_E1_W1.247,3282.0,11.38,0.0,0,262.33
p2_E2_S2.24,3243.0,50.43,30.0,2,364.16
p2_W1_E1.102,3269.0,26.91,9.0,1,301.63
p2_E1_W1.245,3270.0,18.25,4.0,1,284.43
p2_E1_W1.246,3276.0,19.63,3.0,1,289.29
p2_W3_E3.103,3284.0,8.86,0.0,0,242.77
p2_W2_N2.24,3243.0,54.16,24.0,3,363.84
p2_E1_W1.244,3264.0,33.52,13.0,1,321.81
p2_S2_N2.73,3260.0,38.41,21.0,1,336.76
p2_N2_S2.73,3260.0,38.61,24.0,1,307.57
p2_S2_N2.74,3280.0,19.09,0.0,0,303.53
p2_E3_W3.248,3288.0,8.07,0.0,0,242.41
p2_E1_W1.249,3294.0,7.95,0.0,0,247.48
p2_W3_E3.101,3255.0,25.52,12.0,1,287.38
p2_W1_E1.104,3298.0,7.93,0.0,0,243.56
p2_N2_S2.74,3280.0,15.56,3.0,1,275.39
p2_E_W.247,3282.0,25.74,13.0,1,279.01
p2_E1_W1.250,3300.0,7.96,0.0,0,250.48
p2_E3_W3.247,3282.0,9.65,0.0,0,248.85
p2_W3_E3.104,3298.0,7.61,0.0,0,241.24
p2_E3_W3.250,3300.0,11.29,0.0,0,258.93
p2_E1_W1.248,3288.0,8.83,0.0,0,249.6
p2_W1_N3.25,3301.0,12.32,0.0,0,266.08
p2_E3_W3.246,3276.0,10.35,0.0,0,248.77
p2_E_W.251,3306.0,8.47,0.0,0,259.1
p2_W_E.104,3298.0,17.16,3.0,1,277.53
p2_E_W.248,3288.0,28.38,8.0,1,308.76
p2_N1_S1.75,3300.0,15.92,2.0,1,282.78
p2_N1_S1.74,3280.0,39.71,21.0,1,321.43
p2_E_W.249,3294.0,13.19,0.0,0,274.64
p2_S1_N1.75,3300.0,19.7,6.0,1,271.0
p2_W3_N1.25,3301.0,18.26,2.0,1,312.56
p2_E_W.252,3312.0,7.99,0.0,0,244.53
p2_N3_S3.75,3300.0,23.22,9.0,1,293.49
p2_S3_N3.75,3300.0,17.83,5.0,1,274.02
p2_S3_N3.74,3280.0,44.33,24.0,2,346.33
p2_E_W.250,3300.0,10.85,0.0,0,256.15
p2_N1_E3.23,3183.0,97.23,62.0,4,556.0
p2_S1_N1.74,3280.0,39.54,26.0,1,308.8
p2_S1_W1.25,3303.0,23.54,4.0,1,308.18
p2_N3_S3.74,3280.0,41.4,28.0,1,311.45
p2_W_E.103,3284.0,24.0,6.0,1,311.08
p2_N3_E1.26,3363.0,7.59,0.0,0,174.43
p2_E1_W1.251,3306.0,27.55,14.0,1,308.59
p2_W_E.105,3312.0,9.04,0.0,0,245.52
p2_W3_E3.106,3327.0,7.15,0.0,0,244.84
p2_S3_W3.25,3303.0,32.63,10.0,2,329.52
p2_N1_S1.72,3240.0,61.74,45.0,2,356.18
p2_E3_W3.249,3294.0,29.39,16.0,1,289.75
p2_W3_E3.105,3312.0,20.6,5.0,1,270.14
p2_E_W.253,3318.0,8.36,0.0,0,251.17
p2_E3_W3.251,3306.0,31.85,13.0,2,316.28
p2_E1_W1.252,3312.0,27.29,10.0,1,303.54
p2_E3_S3.26,3363.0,18.0,5.0,2,189.04
p2_W1_E1.105,3312.0,28.18,11.0,2,314.31
p2_E1_W1.253,3318.0,21.72,6.0,1,293.62
p2_N2_S2.75,3300.0,41.3,28.0,1,313.75
p2_W2_N2.25,3301.0,39.4,19.0,3,335.64
p2_E1_W1.254,3324.0,17.38,1.0,1,290.17
p2_W1_E1.106,3327.0,15.5,2.0,1,270.04
p2_E1_S1.24,3243.0,57.1,27.0,3,486.13
p2_E3_W3.252,3312.0,24.1,5.0,1,297.46
p2_S2_N2.75,3300.0,38.64,26.0,1,303.88
p2_E3_W3.253,3318.0,27.88,2.0,2,323.34
p2_N2_S2.76,3320.0,26.56,12.0,1,302.96
p2_E3_W3.255,3330.0,9.2,0.0,0,247.68
p2_S2_N2.76,3320.0,27.07,8.0,1,314.46
p2_W3_E3.107,3341.0,7.51,0.0,0,239.86
p2_E3_W3.257,3342.0,7.46,0.0,0,232.34
p2_S2_N2.77,3340.0,7.85,0.0,0,239.42
p2_E3_W3.254,3324.0,15.95,0.0,0,270.61
p2_E3_W3.256,3336.0,10.16,0.0,0,247.92
p2_N2_E2.25,3303.0,50.71,34.0,2,344.28
p2_E1_W1.256,3336.0,8.93,0.0,0,252.31
p2_E1_W1.255,3330.0,9.46,0.0,0,242.6
p2_E1_W1.258,3348.0,8.11,0.0,0,243.65
p2_E1_W1.257,3342.0,8.11,0.0,0,247.04
p2_E2_S2.25,3303.0,58.51,37.0,3,370.27
p2_S2_W2.25,3303.0,56.84,32.0,3,370.51
p2_E_W.254,3324.0,28.96,15.0,1,284.82
p2_W_E.107,3341.0,19.33,2.0,1,286.64
p2_N1_S1.76,3320.0,44.51,30.0,1,317.98
p2_E_W.256,3336.0,28.25,6.0,1,327.3
p2_S1_N1.76,3320.0,45.23,27.0,1,341.94
p2_W1_E1.107,3341.0,9.85,0.0,0,240.91
p2_N3_S3.76,3320.0,46.4,32.0,1,329.59
p2_S1_N1.77,3340.0,25.94,7.0,1,313.0
p2_N1_S1.77,3340.0,25.2,12.0,1,288.56
p2_E_W.258,3348.0,10.81,0.0,0,267.52
p2_N1_S1.78,3360.0,7.91,0.0,0,243.86
p2_S1_N1.78,3360.0,8.01,0.0,0,231.97
p2_S3_N3.77,3340.0,23.45,6.0,1,299.52
p2_S3_N3.76,3320.0,49.94,29.0,1,354.94
p2_E_W.255,3330.0,33.08,10.0,1,326.49
p2_N3_S3.77,3340.0,29.72,15.0,1,296.2
p2_E_W.257,3342.0,17.61,0.0,0,284.55
p2_S3_N3.78,3360.0,11.22,0.0,0,266.29
p2_W_E.106,3327.0,20.96,8.0,1,281.31
p2_E_W.259,3354.0,14.53,0.0,0,287.17
p2_N1_E3.24,3243.0,86.41,48.0,4,532.7
p2_E_W.260,3360.0,12.95,0.0,0,271.7
p2_N3_S3.78,3360.0,13.0,0.0,0,261.51
p2_S1_W1.26,3363.0,9.23,0.0,0,251.15
p2_E_W.261,3366.0,9.9,0.0,0,252.71
p2_W3_E3.108,3356.0,23.24,9.0,1,292.18
p2_W_E.109,3370.0,7.69,0.0,0,248.73
p2_E_W.262,3372.0,8.06,0.0,0,239.68
p2_W_E.108,3356.0,9.11,0.0,0,247.55
p2_W1_E1.108,3356.0,27.36,9.0,1,304.2
p2_E1_W1.260,3360.0,23.43,9.0,1,294.9
p2_E1_W1.259,3354.0,25.03,13.0,1,288.59
p2_W2_N2.26,3360.0,26.19,9.0,1,297.93
p2_E1_W1.261,3366.0,18.36,4.0,1,290.48
p2_W1_E1.109,3370.0,10.25,0.0,0,256.5
p2_S2_N2.78,3360.0,27.72,12.0,1,303.62
p2_E2_S2.26,3363.0,15.64,3.0,1,276.47
p2_E3_W3.259,3354.0,35.3,14.0,1,335.91
p2_N2_S2.78,3360.0,29.05,13.0,1,313.89
p2_E1_W1.262,3372.0,17.73,0.0,0,289.03
p2_E3_S3.27,3423.0,6.85,0.0,0,151.17
p2_N2_S2.77,3340.0,37.74,23.0,1,302.1
p2_E3_W3.258,3348.0,38.15,18.0,2,327.49
p2_E3_W3.261,3366.0,25.17,4.0,2,314.28
p2_E1_W1.263,3378.0,8.13,0.0,0,252.79
p2_N2_S2.79,3380.0,10.79,0.0,0,260.99
p2_W1_E1.110,3384.0,7.5,0.0,0,247.59
p2_E1_W1.264,3384.0,7.39,0.0,0,236.7
p2_S3_W3.26,3363.0,29.47,2.0,2,338.94
p2_E3_W3.263,3378.0,11.79,0.0,0,259.21
p2_S2_N2.79,3380.0,8.17,0.0,0,246.12
p2_W3_E3.110,3384.0,8.22,0.0,0,241.41
p2_E3_W3.264,3384.0,12.02,0.0,0,265.76
p2_E3_W3.260,3360.0,23.7,5.0,1,295.48
p2_E3_W3.262,3372.0,25.75,0.0,0,321.24
p2_E1_W1.265,3390.0,7.74,0.0,0,248.75
p2_E3_W3.265,3390.0,8.08,0.0,0,245.57
p2_N2_E2.26,3363.0,39.1,16.0,3,348.14
p2_E3_W3.266,3396.0,7.29,0.0,0,242.68
p2_W3_E3.109,3370.0,9.58,0.0,0,253.94
p2_E1_W1.266,3396.0,7.92,0.0,0,239.88
p2_S2_W2.26,3363.0,41.89,18.0,3,346.39
p2_E_W.263,3378.0,29.12,10.0,2,317.81
p2_E_W.264,3384.0,22.3,5.0,1,297.87
p2_W_E.111,3399.0,8.16,0.0,0,237.57
p2_W1_N3.26,3360.0,39.57,19.0,2,321.2
p2_N1_S1.79,3380.0,33.16,19.0,1,312.24
p2_S3_N3.79,3380.0,34.02,22.0,1,292.51
p2_W_E.110,3384.0,17.62,5.0,1,279.34
p2_S3_N3.80,3400.0,14.39,0.0,0,269.46
p2_E1_S1.25,3303.0,53.43,27.0,3,453.81
p2_N3_S3.79,3380.0,35.58,21.0,1,293.52
p2_N1_S1.80,3400.0,15.5,0.0,0,284.92
p2_S1_N1.80,3400.0,14.75,0.0,0,280.71
p2_E_W.267,3402.0,9.15,0.0,0,249.18
p2_W3_N1.26,3360.0,55.38,33.0,3,350.36
p2_S1_N1.79,3380.0,34.99,19.0,1,312.05
p2_N3_S3.80,3400.0,15.64,1.0,1,277.42
p2_E_W.265,3390.0,10.49,0.0,0,253.28
p2_N3_E1.27,3423.0,24.3,14.0,1,194.72
p2_E_W.266,3396.0,9.8,0.0,0,247.22
p2_W_E.112,3413.0,8.24,0.0,0,245.0
p2_E_W.270,3420.0,7.74,0.0,0,253.92
p2_E_W.268,3408.0,9.75,0.0,0,247.51
p2_N1_E3.25,3303.0,69.3,36.0,4,507.75
p2_E1_W1.268,3408.0,22.64,5.0,1,297.99
p2_E3_W3.268,3408.0,21.67,5.0,1,289.66
p2_W1_E1.111,3399.0,29.69,16.0,1,288.32
p2_E3_W3.267,3402.0,25.51,10.0,1,290.54
p2_E3_W3.270,3420.0,12.18,0.0,0,271.57
p2_W3_E3.112,3413.0,21.74,8.0,1,283.35
p2_W1_E1.113,3428.0,8.25,0.0,0,245.92
p2_W1_E1.112,3413.0,15.55,0.0,0,268.47
p2_W1_N3.27,3420.0,16.59,0.0,0,289.32
p2_E3_W3.269,3414.0,13.55,0.0,0,276.29
p2_W3_E3.113,3428.0,9.36,0.0,0,253.18
p2_S2_N2.80,3400.0,39.74,21.0,2,330.1
p2_S2_N2.81,3420.0,20.55,3.0,1,298.81
p2_W3_E3.111,3399.0,33.95,20.0,1,298.05
p2_E1_W1.267,3402.0,23.5,9.0,1,284.41
p2_E1_W1.271,3426.0,8.44,0.0,0,243.77
p2_N2_S2.80,3400.0,41.68,22.0,2,326.8
p2_E3_W3.272,3432.0,8.02,0.0,0,254.27
p2_E1_W1.269,3414.0,11.76,0.0,0,264.3
p2_E1_W1.270,3420.0,18.18,2.0,1,281.14
p2_N2_S2.81,3420.0,19.12,3.0,1,286.05
p2_E1_W1.273,3438.0,8.61,0.0,0,252.89
p2_E1_W1.272,3432.0,8.81,0.0,0,244.31
p2_N2_S2.82,3440.0,7.11,0.0,0,242.14
p2_W3_E3.114,3442.0,7.52,0.0,0,239.36
p2_E3_W3.273,3438.0,8.53,0.0,0,241.37
p2_E_W.271,3426.0,27.46,8.0,1,306.88
p2_W_E.114,3442.0,10.98,0.0,0,271.21
p2_N2_E2.27,3423.0,29.08,5.0,2,314.38
p2_E3_W3.271,3426.0,9.45,0.0,0,250.61
p2_E3_S3.28,3483.0,14.07,3.0,1,183.66
p2_E_W.269,3414.0,26.52,13.0,1,289.13
p2_E_W.272,3432.0,23.68,5.0,1,314.65
p2_W_E.113,3428.0,31.38,11.0,2,311.39
p2_E_W.274,3444.0,10.46,0.0,0,257.97
p2_E_W.275,3450.0,9.3,0.0,0,256.12
p2_N1_S1.82,3440.0,20.4,6.0,1,301.1
p2_S2_W2.27,3423.0,37.59,11.0,3,333.62
p2_W3_N1.27,3420.0,40.63,16.0,3,329.22
p2_S1_N1.81,3420.0,41.63,29.0,1,306.49
p2_N3_S3.82,3440.0,22.37,4.0,1,304.93
p2_S3_N3.82,3440.0,21.68,9.0,1,282.65
p2_E_W.273,3438.0,21.71,0.0,0,299.52
p2_E_W.276,3456.0,7.56,0.0,0,236.82
p2_S3_N3.81,3420.0,39.55,26.0,1,318.68
p2_N3_E1.28,3483.0,23.75,10.0,1,196.72
p2_S1_N1.82,3440.0,19.51,2.0,1,284.69
p2_N1_S1.81,3420.0,34.54,20.0,1,304.82
p2_N1_S1.83,3460.0,8.24,0.0,0,243.98
p2_S3_N3.83,3460.0,7.66,0.0,0,240.87
p2_S1_W1.27,3423.0,40.3,21.0,1,337.53
p2_N3_S3.81,3420.0,37.95,19.0,2,321.73
p2_E_W.277,3462.0,8.01,0.0,0,236.1
p2_W3_E3.115,3456.0,20.57,8.0,1,293.02
p2_E1_W1.274,3444.0,30.88,16.0,1,307.39
p2_E3_W3.275,3450.0,27.74,14.0,1,305.12
p2_E1_W1.277,3462.0,15.91,0.0,0,285.84
p2_W3_E3.116,3471.0,7.42,0.0,0,240.96
p2_E1_W1.275,3450.0,29.23,10.0,1,308.76
p2_N1_E3.26,3363.0,66.05,35.0,3,496.9
p2_S3_W3.27,3423.0,55.65,34.0,3,348.15
p2_E1_W1.278,3468.0,11.91,0.0,0,269.24
p2_E3_W3.278,3468.0,11.7,0.0,0,263.23
p2_W1_E1.116,3471.0,10.5,0.0,0,246.21
p2_W_E.115,3456.0,10.2,0.0,0,250.38
p2_E3_W3.279,3474.0,8.06,0.0,0,248.31
p2_W1_E1.115,3456.0,16.9,2.0,1,274.55
p2_N2_S2.83,3460.0,24.31,10.0,1,293.81
p2_E2_S2.27,3423.0,55.95,31.0,3,373.64
p2_W1_E1.114,3442.0,32.13,17.0,1,294.98
p2_E1_W1.280,3480.0,7.58,0.0,0,247.57
p2_W2_N2.27,3420.0,51.38,31.0,3,344.27
p2_E1_W1.276,3456.0,16.41,1.0,1,267.83
p2_E3_W3.274,3444.0,29.87,16.0,1,295.04
p2_N2_S2.84,3480.0,8.3,0.0,0,246.82
p2_W3_E3.117,3485.0,8.0,0.0,0,241.36
p2_E3_W3.280,3480.0,14.32,0.0,0,259.97
p2_W1_E1.117,3485.0,7.61,0.0,0,235.26
p2_S2_N2.82,3440.0,39.04,26.0,1,317.38
p2_S2_N2.83,3460.0,19.43,6.0,1,269.24
p2_E1_W1.279,3474.0,8.93,0.0,0,239.76
p2_S2_W2.28,3483.0,10.45,0.0,0,274.54
p2_E3_W3.281,3486.0,9.9,0.0,0,239.11
p2_S2_N2.84,3480.0,17.69,0.0,0,254.17
p2_W_E.117,3485.0,12.69,0.0,0,284.22
p2_E3_W3.277,3462.0,16.13,0.0,0,272.7
p2_E_W.280,3480.0,18.88,7.0,1,269.91
p2_N2_E2.28,3483.0,16.55,2.0,1,290.32
p2_E1_W1.282,3492.0,8.17,0.0,0,246.87
p2_E3_W3.276,3456.0,17.36,2.0,1,276.96
p2_E_W.279,3474.0,27.91,11.0,1,305.62
p2_W_E.116,3471.0,23.89,9.0,1,295.08
p2_E1_S1.26,3363.0,98.52,56.0,6,557.67
p2_E1_W1.281,3486.0,8.64,0.0,0,240.99
p2_E_W.278,3468.0,24.01,10.0,1,280.95
p2_E_W.281,3486.0,13.87,0.0,0,267.23
p2_W3_N1.28,3480.0,27.52,12.0,1,304.8
p2_W_E.118,3500.0,7.71,0.0,0,238.97
p2_S1_N1.83,3460.0,43.76,29.0,1,311.6
p2_N1_S1.84,3480.0,22.89,9.0,1,280.83
p2_S1_N1.84,3480.0,30.04,11.0,1,319.72
p2_W1_N3.28,3480.0,30.01,18.0,1,293.63
p2_N1_S1.85,3500.0,7.5,0.0,0,234.48
p2_N3_S3.84,3480.0,31.47,13.0,1,314.26
p2_E_W.282,3492.0,10.6,0.0,0,264.22
p2_S3_N3.84,3480.0,32.46,14.0,2,324.25
p2_E_W.283,3498.0,8.83,0.0,0,240.33
p2_S1_N1.85,3500.0,12.24,0.0,0,261.45
p2_N3_S3.83,3460.0,45.56,32.0,1,319.14
p2_S1_W1.28,3483.0,29.23,7.0,1,319.79
p2_N3_E1.29,3543.0,9.32,0.0,0,170.94
p2_E3_W3.282,3492.0,30.37,18.0,1,295.29
p2_W3_E3.119,3514.0,8.22,0.0,0,246.7
p2_S3_W3.28,3483.0,40.92,21.0,3,339.46
p2_E_W.284,3504.0,8.68,0.0,0,241.51
p2_E3_W3.284,3504.0,20.5,7.0,1,269.35
p2_W_E.119,3514.0,8.44,0.0,0,241.61
p2_E_W.286,3516.0,8.54,0.0,0,240.46
p2_N1_E3.27,3423.0,55.46,27.0,3,463.3
p2_E3_W3.286,3516.0,10.18,0.0,0,249.95
p2_E1_W1.284,3504.0,23.22,8.0,1,292.11
p2_E1_W1.283,3498.0,30.29,12.0,1,312.42
p2_E3_W3.283,3498.0,25.32,10.0,1,288.54
p2_E3_W3.285,3510.0,18.22,1.0,1,289.31
p2_W1_E1.118,3500.0,29.19,11.0,2,312.32
p2_E1_W1.285,3510.0,19.41,2.0,1,293.29
p2_W1_E1.119,3514.0,14.78,2.0,1,271.03
p2_N2_S2.85,3500.0,29.98,16.0,1,306.65
p2_E1_W1.287,3522.0,8.34,0.0,0,236.19
p2_W3_E3.118,3500.0,19.33,5.0,1,270.02
p2_S2_N2.85,3500.0,29.04,15.0,1,297.64
p2_E2_S2.28,3483.0,34.57,11.0,2,326.23
p2_W2_N2.28,3480.0,37.02,13.0,2,328.38
p2_E3_S3.29,3543.0,29.73,17.0,2,205.16
p2_W1_E1.120,3528.0,7.53,0.0,0,238.99
p2_W3_E3.120,3528.0,8.17,0.0,0,236.61
p2_E3_W3.288,3528.0,7.71,0.0,0,239.48
p2_E3_W3.287,3522.0,8.36,0.0,0,248.99
p2_E1_W1.288,3528.0,8.96,0.0,0,241.85
p2_N2_S2.86,3520.0,8.31,0.0,0,246.07
p2_S2_N2.86,3520.0,8.73,0.0,0,233.54
p2_E3_W3.289,3534.0,6.84,0.0,0,240.88
p2_W_E.120,3528.0,15.26,1.0,1,280.87
p2_E1_W1.289,3534.0,7.9,0.0,0,240.06
p2_E_W.289,3534.0,11.04,0.0,0,261.02
p2_E_W.290,3540.0,8.73,0.0,0,244.01
p2_E1_S1.27,3423.0,82.37,48.0,4,516.8
p2_S1_N1.86,3520.0,31.14,17.0,1,311.23
p2_E_W.287,3522.0,28.69,10.0,1,311.73
p2_E1_S1.28,3483.0,25.44,7.0,1,398.44
p2_S1_N1.87,3540.0,13.21,1.0,1,268.4
p2_E_W.285,3510.0,26.23,12.0,1,288.72
p2_W_E.121,3543.0,7.88,0.0,0,234.76
p2_S3_N3.86,3520.0,36.91,24.0,1,318.52
p2_N3_S3.86,3520.0,37.79,26.0,1,306.3
p2_N3_S3.87,3540.0,19.4,5.0,1,273.34
p2_E_W.288,3528.0,11.88,0.0,0,265.77
p2_S1_W1.29,3543.0,9.14,0.0,0,263.13
p2_E_W.291,3546.0,8.03,0.0,0,237.61
p2_E1_W1.290,3540.0,25.16,11.0,1,290.64
p2_S3_N3.85,3500.0,46.66,33.0,1,327.06
p2_N1_S1.87,3540.0,13.67,0.0,0,273.56
p2_N1_S1.86,3520.0,30.75,16.0,1,290.62
p2_S3_W3.29,3543.0,26.89,4.0,2,306.84
p2_N1_E3.28,3483.0,40.38,12.0,3,439.0
p2_W1_N3.29,3540.0,30.8,13.0,2,315.4
p2_E3_W3.291,3546.0,25.57,11.0,1,298.19
p2_E1_W1.292,3552.0,19.15,4.0,1,277.58
p2_W3_E3.122,3557.0,13.0,0.0,0,264.76
p2_E1_W1.286,3516.0,26.33,13.0,1,286.19
p2_E2_S2.29,3543.0,21.75,7.0,1,296.38
p2_W1_E1.121,3543.0,29.98,17.0,1,294.03
p2_W1_E1.122,3557.0,15.66,3.0,1,271.7
p2_E3_W3.290,3540.0,26.93,13.0,1,286.07
p2_E3_W3.294,3564.0,9.72,0.0,0,250.68
p2_N2_S2.87,3540.0,34.94,21.0,1,292.36
p2_S2_N2.87,3540.0,35.13,21.0,1,295.15
p2_E1_W1.291,3546.0,24.29,11.0,1,287.65
p2_E3_W3.292,3552.0,23.51,5.0,1,291.73
p2_E1_W1.294,3564.0,8.58,0.0,0,243.73
p2_E1_W1.293,3558.0,17.0,1.0,1,290.7
p2_E3_W3.295,3570.0,7.58,0.0,0,239.7
p2_E3_W3.293,3558.0,21.39,4.0,1,278.42
p2_N2_S2.88,3560.0,16.13,2.0,1,270.53
p2_W1_E1.123,3572.0,7.58,0.0,0,248.34
p2_W3_E3.123,3572.0,7.1,0.0,0,246.24
p2_S2_W2.29,3543.0,38.83,19.0,2,330.79
p2_E1_W1.295,3570.0,7.39,0.0,0,239.09
p2_W3_E3.121,3543.0,19.89,6.0,1,287.47
p2_E_W.294,3564.0,22.4,9.0,1,284.62
p2_E_W.292,3552.0,24.67,12.0,1,275.45
p2_E3_W3.296,3576.0,7.91,0.0,0,247.31
p2_N2_E2.29,3543.0,31.68,14.0,1,316.79
p2_E_W.293,3558.0,26.1,11.0,1,280.62
p2_W_E.122,3557.0,21.65,8.0,1,283.5
p2_E_W.296,3576.0,15.1,1.0,1,262.07
p2_W2_N2.29,3540.0,53.3,28.0,4,362.75
p2_N1_S1.88,3560.0,34.21,21.0,1,310.24
p2_E_W.295,3570.0,19.75,6.0,1,272.41
p2_S1_N1.89,3580.0,15.26,2.0,1,269.59
p2_W3_N1.29,3540.0,52.14,29.0,3,339.16
p2_N1_S1.89,3580.0,15.8,3.0,1,278.5
p2_S1_N1.88,3560.0,37.13,23.0,1,310.7
p2_S3_N3.89,3580.0,18.08,5.0,1,284.24
p2_N3_S3.89,3580.0,19.11,7.0,1,275.76
p2_S3_N3.88,3560.0,39.49,26.0,1,313.82
p2_N3_S3.88,3560.0,40.87,24.0,1,302.24
p2_E_W.297,3582.0,7.91,0.0,0,239.76
p2_W_E.124,3586.0,8.78,0.0,0,245.02
p2_E_W.299,3594.0,8.38,0.0,0,237.42
p2_W_E.123,3572.0,18.88,3.0,1,279.21
p2_S2_N2.88,3560.0,43.3,23.0,1,326.09
p2_E1_W1.297,3582.0,22.7,8.0,1,291.5
p2_S3_N3.87,3540.0,45.67,27.0,1,326.89
p2_W1_E1.124,3586.0,23.14,9.0,1,283.19
p2_E3_W3.299,3594.0,16.27,4.0,1,282.64
p2_E3_W3.297,3582.0,29.04,15.0,1,290.99
p2_E1_W1.299,3594.0,17.45,3.0,1,270.79
p2_N1_E3.29,3543.0,23.29,5.0,1,401.02
p2_E1_W1.296,3576.0,23.48,10.0,1,284.41
p2_W3_E3.124,3586.0,27.69,14.0,1,283.14
p2_E1_W1.298,3588.0,24.74,9.0,1,286.82
p2_N2_S2.89,3580.0,35.68,23.0,1,303.77
p2_N3_S3.85,3500.0,76.76,57.0,2,374.53
p2_E3_W3.298,3588.0,20.41,6.0,1,271.49
p2_E1_S1.29,3543.0,45.58,25.0,2,436.91
p2_E_W.298,3588.0,30.69,17.0,1,293.39
p2_S2_N2.89,3580.0,51.72,32.0,2,339.02
