id,depart,timeloss,espera,paradas,co2
p1_N1_S1.0,0.0,14.02,4.0,1,179.07
p1_N1_S1.1,10.0,9.69,0.0,0,170.09
p1_S1_N1.0,0.0,8.39,0.0,0,166.32
p1_S1_N1.1,10.0,7.37,0.0,0,160.35
p1_N1_S1.2,20.0,5.59,0.0,0,149.37
p1_S1_N1.2,20.0,5.49,0.0,0,148.49
p1_S1_N1.3,30.0,5.39,0.0,0,149.69
p1_N2_S2.0,0.0,35.65,24.0,1,217.36
p1_S2_N2.0,0.0,35.07,25.0,1,215.62
p1_S2_N2.1,10.0,29.54,17.0,1,207.62
p1_N2_S2.1,10.0,30.41,19.0,1,206.64
p1_N1_S1.3,30.0,6.07,0.0,0,144.92
p1_N2_S2.2,20.0,22.53,11.0,1,195.46
p1_S2_N2.2,20.0,17.13,5.0,1,176.6
p1_N2_S2.3,30.0,12.67,0.0,0,182.04
p1_S2_N2.3,30.0,16.25,1.0,1,182.22
p1_S2_N2.4,40.0,7.93,0.0,0,164.32
p1_E_W.0,0.0,13.33,1.0,1,216.91
p1_E_N1.0,3.0,14.74,1.0,1,234.19
p1_E_W.1,8.0,22.7,0.0,0,235.16
p1_E_W.2,15.0,13.13,0.0,0,230.79
p1_E_W.3,22.0,12.43,0.0,0,224.65
p1_W_E.0,0.0,24.51,13.0,1,234.75
p1_N2_W.0,3.0,36.04,22.0,1,251.52
p1_S1_E.0,3.0,30.52,9.0,1,273.47
p1_W_S2.0,3.0,43.84,27.0,1,270.89
p1_N1_S1.4,40.0,32.88,21.0,1,210.55
p1_S1_N1.4,40.0,34.14,23.0,1,217.56
p1_N2_S2.4,40.0,34.38,16.0,1,207.1
p1_N1_S1.5,50.0,25.42,13.0,1,199.23
p1_S2_N2.5,50.0,18.47,9.0,1,184.6
p1_S2_N2.6,60.0,18.34,2.0,1,186.34
p1_S2_N2.7,70.0,9.97,0.0,0,169.41
p1_N2_S2.5,50.0,21.88,10.0,1,191.31
p1_S1_N1.5,50.0,20.79,11.0,1,189.02
p1_N2_S2.6,60.0,22.67,7.0,1,202.77
p1_N1_S1.6,60.0,9.51,0.0,0,169.85
p1_S1_N1.6,60.0,23.96,5.0,1,203.29
p1_W_E.1,6.0,57.86,38.0,2,312.56
p1_S1_N1.7,70.0,15.7,0.0,0,195.52
p1_N1_S1.7,70.0,16.36,0.0,0,189.26
p1_W_E.2,9.0,56.24,36.0,2,305.46
p1_W_E.3,12.0,54.74,30.0,2,300.1
p1_E_W.4,29.0,40.01,22.0,2,281.44
p1_W_E.4,15.0,54.24,28.0,2,299.64
p1_W_E.5,18.0,53.4,28.0,2,294.27
p1_W_E.6,21.0,52.24,26.0,2,298.31
p1_W_E.7,24.0,51.02,24.0,2,298.1
p1_E_N1.1,32.0,32.76,13.0,2,265.02
p1_E_W.5,36.0,27.65,8.0,2,255.14
p1_W_E.8,27.0,43.08,19.0,2,282.35
p1_E_W.6,44.0,36.35,6.0,2,277.63
p1_E_W.7,51.0,31.08,2.0,1,281.8
p1_N2_S2.7,70.0,34.68,17.0,1,220.19
p1_E_W.8,58.0,25.84,1.0,1,268.7
p1_S2_N2.8,80.0,22.66,10.0,1,198.44
p1_S2_N2.9,90.0,16.61,3.0,1,197.62
p1_N2_S2.8,80.0,26.23,15.0,1,199.0
p1_N2_S2.9,90.0,19.32,7.0,1,196.28
p1_S2_N2.10,100.0,6.06,0.0,0,156.33
p1_E_N1.2,61.0,25.08,11.0,1,249.55
p1_N2_W.1,33.0,30.18,17.0,1,253.11
p1_W_E.9,30.0,61.32,29.0,3,319.95
p1_N1_S1.8,80.0,39.14,29.0,1,221.17
p1_S1_N1.8,80.0,39.08,26.0,1,222.68
p1_W_E.10,33.0,66.14,26.0,3,339.87
p1_W_S2.1,36.0,63.29,25.0,3,343.23
p1_S1_N1.9,90.0,30.87,19.0,1,214.3
p1_N1_S1.9,90.0,30.6,18.0,1,205.5
p1_N1_S1.10,100.0,23.58,11.0,1,205.27
p1_W_E.11,39.0,56.88,23.0,3,323.43
p1_N1_S1.11,110.0,15.12,3.0,1,190.09
p1_S1_E.1,33.0,69.36,37.0,3,326.75
p1_S1_N1.10,100.0,24.56,10.0,1,189.22
p1_S1_E.2,63.0,44.23,13.0,2,303.03
p1_W_E.12,42.0,63.05,33.0,3,343.56
p1_E_W.9,65.0,44.81,24.0,2,280.54
p1_W_E.13,45.0,63.85,28.0,3,335.07
p1_E_W.10,72.0,39.49,17.0,2,279.44
p1_W_E.14,48.0,64.69,26.0,3,343.79
p1_E_W.11,80.0,33.57,12.0,1,279.4
p1_E_W.12,87.0,28.67,11.0,1,259.8
p1_N2_S2.10,100.0,39.3,22.0,1,231.29
p1_W_E.15,51.0,52.64,22.0,3,309.57
p1_S2_N2.11,110.0,29.92,19.0,1,208.08
p1_N2_S2.11,110.0,31.32,21.0,1,214.13
p1_S2_N2.12,120.0,21.68,9.0,1,201.21
p1_N1_S1.12,120.0,24.65,13.0,1,192.66
p1_S2_N2.13,130.0,13.34,2.0,1,177.95
p1_N2_S2.12,120.0,22.16,10.0,1,190.33
p1_N1_S1.13,130.0,16.5,5.0,1,188.31
p1_N1_S1.14,140.0,8.33,0.0,0,164.75
p1_S2_N2.14,140.0,5.82,0.0,0,150.63
p1_S1_N1.11,110.0,28.42,13.0,1,202.6
p1_W_E.16,54.0,77.07,32.0,4,349.1
p1_S1_N1.12,120.0,33.03,13.0,1,207.38
p1_S1_N1.13,130.0,24.72,7.0,1,200.82
p1_W_E.17,57.0,71.37,30.0,4,343.77
p1_W_E.18,59.0,78.52,27.0,4,359.9
p1_N2_W.2,63.0,74.76,44.0,4,354.7
p1_E_N1.3,90.0,42.9,26.0,2,270.29
p1_N2_W.3,93.0,46.73,17.0,3,312.8
p1_W_E.19,62.0,66.99,24.0,4,321.05
p1_E_W.13,94.0,47.56,25.0,2,302.25
p1_W_S2.2,69.0,72.91,21.0,2,349.29
p1_W_E.20,66.0,75.11,22.0,3,348.89
p1_E_W.14,101.0,42.44,19.0,2,290.86
p1_E_W.15,108.0,37.18,11.0,1,284.06
p1_E_W.16,116.0,31.05,10.0,1,260.76
p1_N2_S2.13,130.0,40.83,20.0,2,213.41
p1_S2_N2.15,150.0,18.84,7.0,1,186.47
p1_S1_N1.14,140.0,35.47,18.0,1,216.69
p1_S2_N2.16,160.0,8.17,0.0,0,167.19
p1_S2_N2.17,170.0,8.76,0.0,0,157.91
p1_N2_S2.14,140.0,26.31,15.0,1,197.24
p1_N1_S1.15,150.0,21.25,9.0,1,186.28
p1_S1_N1.15,150.0,26.49,15.0,1,199.34
p1_N2_S2.15,150.0,26.9,10.0,1,203.84
p1_N1_S1.16,160.0,21.27,6.0,1,190.34
p1_S1_N1.16,160.0,22.22,7.0,1,191.37
p1_N1_S1.17,170.0,8.3,0.0,0,160.64
p1_W_E.21,72.0,90.43,33.0,3,384.07
p1_W_E.22,75.0,89.41,29.0,3,375.64
p1_W_E.23,78.0,88.07,28.0,3,385.38
p1_S1_E.3,93.0,73.58,35.0,3,341.47
p1_E_N1.4,120.0,40.03,21.0,2,272.23
p1_E_W.17,123.0,42.29,19.0,2,272.34
p1_W_E.24,81.0,84.53,34.0,4,357.94
p1_N2_W.4,123.0,40.59,17.0,2,279.59
p1_W_E.25,84.0,90.56,34.0,4,375.12
p1_E_W.18,130.0,45.28,22.0,2,297.65
p1_W_E.26,87.0,89.21,30.0,5,377.49
p1_E_W.19,137.0,40.04,17.0,2,292.27
p1_W_E.27,90.0,85.44,26.0,4,361.43
p1_W_E.28,93.0,83.33,25.0,4,362.35
p1_S1_E.4,123.0,55.06,20.0,2,312.76
p1_E_W.20,144.0,24.2,8.0,1,247.82
p1_E_N1.5,150.0,25.36,7.0,1,245.96
p1_N2_S2.16,160.0,46.03,28.0,2,232.2
p1_S1_N1.17,170.0,36.45,19.0,2,220.81
p1_S2_N2.18,180.0,26.39,15.0,1,196.56
p1_N2_S2.17,170.0,38.32,23.0,1,218.12
p1_N1_S1.18,180.0,24.24,13.0,1,193.22
p1_S1_N1.18,180.0,28.84,17.0,1,205.65
p1_S2_N2.19,190.0,18.88,7.0,1,192.35
p1_N2_S2.18,180.0,30.48,18.0,1,205.23
p1_S2_N2.20,200.0,10.66,0.0,0,187.51
p1_N1_S1.19,190.0,14.8,2.0,1,174.33
p1_S1_N1.19,190.0,23.3,10.0,1,190.02
p1_N1_S1.20,200.0,14.71,0.0,0,179.15
p1_S2_N2.21,210.0,5.01,0.0,0,147.9
p1_N2_S2.19,190.0,23.66,12.0,1,199.31
p1_N2_S2.20,200.0,16.52,2.0,1,178.68
p1_E_W.21,153.0,44.44,19.0,2,292.35
p1_E_W.22,159.0,39.49,17.0,2,271.37
p1_N2_W.5,153.0,47.89,19.0,2,295.02
p1_E_W.23,166.0,33.46,14.0,2,265.8
p1_W_E.29,96.0,111.97,55.0,5,420.53
p1_E_W.24,173.0,34.35,10.0,2,278.45
p1_N2_S2.21,210.0,7.3,0.0,0,158.29
p1_E_W.25,180.0,22.97,8.0,1,236.03
p1_E_N1.6,183.0,23.3,6.0,1,234.93
p1_S1_N1.20,200.0,37.51,20.0,2,222.12
p1_N1_S1.21,210.0,27.62,17.0,1,197.54
p1_W_E.30,99.0,102.48,48.0,5,395.54
p1_W_S2.3,102.0,105.87,46.0,5,395.97
p1_S1_N1.21,210.0,29.39,16.0,1,212.47
p1_N1_S1.22,220.0,19.44,7.0,1,191.84
p1_S1_N1.22,220.0,23.28,10.0,1,203.3
p1_N1_S1.23,230.0,9.22,0.0,0,170.56
p1_W_E.31,105.0,96.83,46.0,5,373.09
p1_S1_N1.23,230.0,15.09,2.0,1,186.27
p1_W_E.32,108.0,117.69,42.0,5,399.82
p1_W_E.33,111.0,102.34,40.0,5,389.42
p1_E_W.26,188.0,40.9,17.0,2,270.35
p1_W_E.34,114.0,115.54,34.0,5,400.72
p1_E_W.27,195.0,35.59,13.0,2,268.51
p1_S1_E.5,153.0,78.26,34.0,3,353.99
p1_W_E.35,117.0,107.06,38.0,6,416.32
p1_W_E.36,120.0,114.8,39.0,5,436.71
p1_N2_W.6,183.0,46.56,25.0,2,289.33
p1_W_E.37,123.0,109.87,34.0,4,426.09
p1_W_E.38,126.0,112.3,35.0,4,424.7
p1_E_N1.7,212.0,27.89,8.0,1,258.06
p1_W_E.39,129.0,102.56,31.0,4,413.4
p1_W_E.40,132.0,106.44,30.0,3,412.95
p1_S2_N2.22,220.0,41.01,30.0,1,230.34
p1_E_W.28,202.0,23.17,10.0,1,240.25
p1_S2_N2.23,230.0,34.96,22.0,1,217.31
p1_E_W.29,209.0,35.54,9.0,1,270.81
p1_S2_N2.24,240.0,26.65,14.0,1,207.34
p1_E_W.30,216.0,30.17,7.0,1,280.58
p1_N2_S2.22,220.0,40.69,30.0,1,220.42
p1_S2_N2.25,250.0,18.43,7.0,1,193.9
p1_E_W.31,224.0,23.86,1.0,1,278.02
p1_E_W.32,231.0,14.49,0.0,0,245.06
p1_N2_S2.23,230.0,31.66,20.0,1,207.1
p1_E_W.33,238.0,13.28,0.0,0,236.55
p1_S1_N1.24,240.0,33.59,22.0,1,206.32
p1_N1_S1.24,240.0,32.54,21.0,1,204.57
p1_N1_S1.25,250.0,26.09,14.0,1,205.13
p1_N2_S2.24,240.0,21.52,11.0,1,186.52
p1_W_S2.4,135.0,122.3,42.0,4,442.1
p1_S1_N1.25,250.0,24.76,13.0,1,198.26
p1_N1_S1.26,260.0,12.47,2.0,1,167.19
p1_S1_N1.26,260.0,22.45,7.0,1,194.69
p1_S1_E.6,183.0,62.84,33.0,3,318.31
p1_N1_S1.27,270.0,13.62,0.0,0,176.73
p1_W_E.41,138.0,123.64,47.0,5,450.67
p1_W_E.42,141.0,115.27,41.0,5,436.22
p1_E_N1.8,241.0,21.74,9.0,1,235.34
p1_W_E.43,144.0,120.59,40.0,6,440.18
p1_E_W.34,245.0,22.12,9.0,1,231.94
p1_W_E.44,147.0,115.14,37.0,5,433.9
p1_N2_W.7,213.0,54.87,32.0,1,300.17
p1_W_E.45,150.0,120.6,34.0,6,436.76
p1_W_E.46,153.0,119.32,31.0,6,452.13
p1_W_E.47,156.0,118.02,30.0,6,439.07
p1_S1_E.7,213.0,62.21,22.0,3,341.65
p1_W_E.48,159.0,110.22,34.0,6,406.82
p1_S1_N1.27,270.0,29.68,15.0,1,213.94
p1_W_E.49,162.0,117.77,30.0,5,415.43
p1_N1_S1.28,280.0,17.77,5.0,1,181.46
p1_N1_S1.29,290.0,13.09,1.0,1,179.46
p1_N2_S2.25,250.0,53.83,32.0,2,248.51
p1_S2_N2.26,260.0,42.88,28.0,1,235.7
p1_S1_N1.28,280.0,22.72,12.0,1,186.66
p1_N2_S2.26,260.0,45.64,24.0,1,239.64
p1_S1_N1.29,290.0,16.43,4.0,1,178.56
p1_N1_S1.30,300.0,5.86,0.0,0,153.3
p1_S2_N2.27,270.0,34.01,21.0,1,212.74
p1_N2_S2.27,270.0,35.52,23.0,1,209.53
p1_S2_N2.28,280.0,29.67,16.0,1,207.02
p1_S2_N2.29,290.0,21.32,7.0,1,193.68
p1_N2_W.8,243.0,45.69,20.0,2,289.16
p1_E_W.35,252.0,37.4,20.0,2,275.65
p1_W_E.50,165.0,129.6,44.0,6,449.64
p1_W_S2.5,168.0,129.05,40.0,6,448.56
p1_E_W.36,260.0,32.81,12.0,2,272.66
p1_E_W.37,267.0,31.5,8.0,1,282.36
p1_W_E.51,171.0,128.27,40.0,6,434.53
p1_E_W.38,274.0,29.14,6.0,1,249.04
p1_W_E.52,174.0,122.69,36.0,6,423.59
p1_E_N1.9,270.0,22.14,7.0,1,244.74
p1_W_E.53,177.0,124.61,31.0,5,434.68
p1_W_E.54,180.0,127.95,29.0,5,439.4
p1_E_W.39,281.0,19.99,4.0,1,241.4
p1_E_W.40,288.0,19.39,0.0,0,239.28
p1_W_E.55,183.0,123.96,27.0,6,443.94
p1_W_E.56,186.0,123.9,26.0,5,440.41
p1_S1_E.8,243.0,64.37,33.0,3,323.57
p1_N1_S1.31,310.0,26.23,15.0,1,205.97
p1_S1_N1.30,300.0,34.45,23.0,1,211.08
p1_N1_S1.32,320.0,18.25,5.0,1,185.68
p1_S2_N2.30,300.0,38.45,24.0,1,226.21
p1_N2_S2.28,280.0,60.1,44.0,2,252.2
p1_S1_N1.31,310.0,30.32,17.0,1,210.62
p1_S1_N1.32,320.0,21.81,9.0,1,201.34
p1_S2_N2.31,310.0,29.74,19.0,1,201.61
p1_N1_S1.33,330.0,7.6,0.0,0,159.68
p1_S2_N2.32,320.0,25.14,11.0,1,197.44
p1_S2_N2.33,330.0,16.87,3.0,1,183.75
p1_N2_W.9,273.0,53.22,32.0,2,313.5
p1_E_W.41,296.0,33.07,15.0,2,271.73
p1_N2_S2.29,290.0,44.47,27.0,2,234.01
p1_W_E.57,189.0,141.96,46.0,6,478.2
p1_N2_S2.30,300.0,43.61,23.0,1,237.19
p1_E_N1.10,300.0,31.76,12.0,2,270.3
p1_E_W.42,303.0,30.39,9.0,2,268.82
p1_W_E.58,192.0,137.4,43.0,7,459.63
p1_E_W.43,310.0,23.24,3.0,1,251.67
p1_W_E.59,195.0,136.19,38.0,6,458.77
p1_E_W.44,317.0,20.93,2.0,1,250.63
p1_E_W.45,324.0,15.62,0.0,0,230.76
p1_W_S2.6,201.0,137.2,35.0,7,450.56
p1_S1_N1.33,330.0,36.58,19.0,2,218.41
p1_N1_S1.34,340.0,26.01,13.0,1,198.82
p1_W_E.60,198.0,127.83,37.0,6,442.23
p1_S1_E.9,273.0,68.98,29.0,4,342.43
p1_N1_S1.35,350.0,18.52,7.0,1,194.25
p1_W_E.61,205.0,143.75,36.0,7,480.32
p1_W_E.62,208.0,142.52,32.0,6,470.59
p1_N1_S1.36,360.0,9.17,0.0,0,173.99
p1_S1_N1.34,340.0,27.69,16.0,1,198.41
p1_W_E.63,211.0,141.33,26.0,6,463.94
p1_S1_N1.35,350.0,22.66,9.0,1,197.73
p1_W_E.64,214.0,129.74,26.0,5,441.94
p1_W_E.65,217.0,127.79,22.0,5,427.15
p1_N2_W.10,303.0,54.61,26.0,2,303.15
p1_W_E.66,220.0,135.83,22.0,4,450.13
p1_N2_S2.31,310.0,70.59,47.0,2,273.55
p1_N2_S2.32,320.0,62.37,43.0,2,255.69
p1_S2_N2.34,340.0,37.64,26.0,1,216.04
p1_N2_S2.33,330.0,54.3,35.0,2,250.48
p1_E_W.46,333.0,28.95,7.0,1,259.94
p1_S2_N2.35,350.0,34.94,20.0,1,215.92
p1_E_N1.11,330.0,23.92,7.0,1,242.39
p1_E_W.47,339.0,25.24,4.0,1,266.37
p1_S2_N2.36,360.0,26.63,12.0,1,206.32
p1_E_W.48,346.0,20.04,1.0,1,251.78
p1_S2_N2.37,370.0,14.49,2.0,1,173.17
p1_W_E.67,223.0,149.36,34.0,5,463.56
p1_W_E.68,226.0,148.44,32.0,5,464.8
p1_W_E.69,229.0,147.71,30.0,5,458.01
p1_W_E.70,232.0,146.51,25.0,5,443.67
p1_N1_S1.37,370.0,24.14,13.0,1,194.87
p1_N1_S1.38,380.0,23.24,6.0,1,202.2
p1_S1_E.10,303.0,71.17,34.0,3,327.92
p1_S1_N1.36,360.0,32.08,17.0,1,209.44
p1_N1_S1.39,390.0,10.26,0.0,0,180.06
p1_S1_N1.37,370.0,37.07,17.0,1,218.13
p1_W_S2.7,235.0,143.88,35.0,7,455.52
p1_W_E.71,238.0,145.39,29.0,5,466.86
p1_S1_N1.38,380.0,28.61,11.0,1,212.38
p1_W_E.72,241.0,141.75,26.0,5,447.6
p1_W_E.73,244.0,147.93,26.0,5,475.89
p1_W_E.74,247.0,146.75,23.0,5,469.88
p1_E_N1.12,363.0,30.23,10.0,1,250.14
p1_E_W.49,353.0,25.53,11.0,1,239.61
p1_W_E.75,250.0,141.35,20.0,4,459.29
p1_E_W.50,360.0,36.84,10.0,1,254.29
p1_W_E.76,253.0,144.3,20.0,4,452.4
p1_W_E.77,256.0,143.08,20.0,4,453.95
p1_E_W.51,368.0,30.52,9.0,1,253.59
p1_S1_E.11,333.0,67.74,23.0,2,340.54
p1_S1_N1.39,390.0,33.47,14.0,2,213.32
p1_N1_S1.40,400.0,23.46,11.0,1,195.39
p1_N1_S1.41,410.0,15.45,4.0,1,181.03
p1_N2_S2.34,340.0,86.92,59.0,3,297.66
p1_N1_S1.42,420.0,7.17,0.0,0,164.34
p1_N2_S2.35,350.0,78.76,57.0,2,278.83
p1_S1_N1.40,400.0,26.38,11.0,1,197.17
p1_S1_N1.41,410.0,20.7,7.0,1,196.03
p1_N2_S2.36,360.0,69.69,51.0,2,270.62
p1_S1_N1.42,420.0,12.37,0.0,0,181.36
p1_S2_N2.38,380.0,40.44,29.0,1,218.5
p1_S2_N2.39,390.0,43.11,25.0,1,218.85
p1_N2_W.11,333.0,82.39,46.0,4,357.99
p1_E_W.52,375.0,42.48,23.0,2,286.21
p1_S2_N2.40,400.0,25.1,12.0,1,196.82
p1_S2_N2.41,410.0,24.89,8.0,1,199.18
p1_S2_N2.42,420.0,21.89,2.0,1,198.47
p1_S2_N2.43,430.0,9.77,0.0,0,174.82
p1_N2_S2.37,370.0,56.27,35.0,2,240.86
p1_W_E.78,259.0,160.2,42.0,6,493.61
p1_E_W.53,382.0,27.0,11.0,1,248.73
p1_N2_S2.38,380.0,68.18,32.0,2,265.24
p1_E_W.54,389.0,38.65,10.0,1,272.52
p1_W_E.79,262.0,157.16,41.0,6,478.95
p1_N2_S2.39,390.0,60.01,31.0,1,257.83
p1_W_E.80,265.0,158.56,40.0,6,483.85
p1_E_N1.13,392.0,24.7,9.0,1,239.16
p1_W_S2.8,268.0,158.33,34.0,5,472.14
p1_E_W.55,396.0,20.97,3.0,1,229.08
p1_E_W.56,404.0,21.62,2.0,1,238.68
p1_W_E.81,271.0,157.87,30.0,4,461.47
p1_E_W.57,411.0,25.09,2.0,1,258.95
p1_W_E.82,276.0,160.89,26.0,5,463.27
p1_N1_S1.43,430.0,29.47,19.0,1,204.76
p1_N1_S1.44,440.0,21.44,10.0,1,188.72
p1_W_E.83,280.0,149.71,27.0,6,446.11
p1_S1_E.12,363.0,79.62,31.0,3,352.6
p1_S1_N1.43,430.0,27.39,17.0,1,199.51
p1_N1_S1.45,450.0,12.04,0.0,0,177.52
p1_W_E.84,283.0,161.49,32.0,5,478.37
p1_N1_S1.46,460.0,6.71,0.0,0,164.4
p1_S1_N1.44,440.0,23.27,9.0,1,198.99
p1_W_E.85,286.0,149.03,30.0,5,430.38
p1_S1_N1.45,450.0,18.72,2.0,1,196.66
p1_W_E.86,289.0,149.18,29.0,4,438.84
p1_W_E.87,292.0,150.65,26.0,3,451.6
p1_N2_W.12,363.0,87.0,62.0,3,362.62
p1_S1_E.13,393.0,54.33,20.0,2,327.12
p1_E_W.58,418.0,34.83,15.0,2,283.98
p1_W_E.88,298.0,150.94,25.0,5,475.57
p1_W_E.89,307.0,147.94,26.0,6,475.86
p1_W_S2.9,314.0,143.44,23.0,4,433.81
p1_E_N1.14,421.0,31.66,12.0,1,264.57
p1_E_W.59,425.0,32.89,10.0,1,268.5
p1_E_W.60,432.0,26.1,6.0,1,259.45
p1_W_E.90,310.0,128.93,24.0,4,419.4
p1_W_E.91,317.0,148.0,20.0,3,442.26
p1_W_E.92,320.0,133.54,18.0,3,442.42
p1_W_E.93,323.0,147.26,15.0,3,462.09
p1_W_E.94,327.0,144.86,15.0,4,469.11
p1_S2_N2.44,440.0,52.48,42.0,1,241.11
p1_E_N1.15,450.0,22.8,0.0,0,227.01
p1_N2_S2.40,400.0,93.38,75.0,2,303.88
p1_S2_N2.45,450.0,43.9,33.0,1,228.61
p1_S2_N2.46,460.0,37.56,25.0,1,220.11
p1_N2_S2.41,410.0,88.22,65.0,2,309.71
p1_S2_N2.47,470.0,29.36,15.0,1,215.04
p1_N2_S2.42,420.0,79.9,55.0,2,302.27
p1_S1_N1.46,460.0,40.74,28.0,1,222.21
p1_N1_S1.47,470.0,29.94,19.0,1,210.55
p1_S1_N1.47,470.0,32.47,22.0,1,204.46
p1_S2_N2.48,480.0,18.16,6.0,1,183.79
p1_E_W.61,440.0,10.08,0.0,0,213.14
p1_N1_S1.48,480.0,22.88,11.0,1,201.95
p1_E_W.62,447.0,36.13,0.0,0,243.9
p1_N1_S1.49,490.0,14.67,2.0,1,186.66
p1_N1_S1.50,500.0,6.4,0.0,0,152.4
p1_W_E.95,338.0,142.14,27.0,4,446.74
p1_S1_N1.48,480.0,18.46,6.0,1,183.93
p1_W_E.96,341.0,140.18,25.0,6,449.88
p1_S1_E.14,423.0,68.07,31.0,2,340.83
p1_E_W.63,454.0,37.92,13.0,1,260.33
p1_S1_E.15,453.0,39.88,11.0,2,298.61
p1_E_W.64,461.0,32.63,11.0,1,261.93
p1_W_E.97,344.0,149.96,30.0,4,459.81
p1_E_W.65,468.0,27.51,11.0,1,246.38
p1_W_E.98,347.0,144.75,28.0,4,438.97
p1_E_W.66,476.0,21.25,9.0,1,237.08
p1_W_E.99,351.0,147.32,27.0,4,457.61
p1_W_E.100,354.0,145.96,24.0,4,469.15
p1_W_S2.10,357.0,143.1,25.0,4,443.99
p1_W_E.101,360.0,141.81,24.0,5,446.44
p1_E_N1.16,480.0,19.17,5.0,1,234.69
p1_N2_W.13,393.0,105.19,79.0,2,380.8
p1_W_E.102,363.0,137.03,23.0,5,416.78
p1_W_E.103,366.0,141.28,20.0,4,416.49
p1_W_E.104,373.0,135.91,19.0,4,427.9
p1_S1_N1.49,490.0,41.24,23.0,2,229.2
p1_N1_S1.51,510.0,21.76,11.0,1,189.52
p1_W_E.105,377.0,133.76,17.0,4,414.78
p1_W_E.106,380.0,128.92,17.0,4,403.16
p1_N1_S1.52,520.0,12.2,1.0,1,172.77
p1_W_E.107,385.0,127.29,14.0,5,414.16
p1_S1_N1.50,500.0,30.17,17.0,1,197.4
p1_N1_S1.53,530.0,6.62,0.0,0,161.13
p1_W_E.108,392.0,124.15,13.0,5,420.58
p1_S1_N1.51,510.0,28.1,13.0,1,212.08
p1_S1_E.16,483.0,28.17,6.0,1,269.38
p1_W_E.109,400.0,120.86,20.0,4,390.87
p1_E_W.67,483.0,33.7,15.0,2,272.14
p1_W_E.110,404.0,107.48,18.0,3,368.73
p1_E_W.68,490.0,38.34,14.0,2,279.29
p1_S2_N2.49,490.0,56.48,42.0,1,249.55
p1_E_W.69,497.0,33.0,7.0,2,294.14
p1_E_W.70,504.0,27.67,5.0,1,266.28
p1_S2_N2.50,500.0,47.15,35.0,1,224.02
p1_S2_N2.51,510.0,46.01,31.0,1,236.69
p1_N2_S2.43,430.0,115.93,85.0,2,345.32
p1_N2_S2.44,440.0,119.52,86.0,2,350.91
p1_S1_N1.52,520.0,34.57,20.0,2,222.84
p1_S2_N2.52,520.0,30.2,19.0,1,204.03
p1_N2_S2.45,450.0,100.7,78.0,2,309.7
p1_S1_N1.53,530.0,31.24,13.0,1,214.0
p1_S2_N2.53,530.0,31.75,14.0,1,207.52
p1_S1_N1.54,540.0,22.74,9.0,1,204.97
p1_S2_N2.54,540.0,23.03,5.0,1,201.19
p1_N2_S2.46,460.0,96.11,71.0,2,303.24
p1_S2_N2.55,550.0,9.58,0.0,0,172.36
p1_W_E.111,410.0,136.72,33.0,4,420.83
p1_N1_S1.54,540.0,8.23,0.0,0,160.86
p1_E_N1.17,510.0,38.53,18.0,2,273.16
p1_E_W.71,513.0,37.18,16.0,2,265.13
p1_N1_S1.55,550.0,20.98,0.0,0,180.51
p1_W_S2.11,407.0,126.86,37.0,5,418.64
p1_E_W.72,519.0,32.49,10.0,1,257.08
p1_E_W.73,526.0,27.91,10.0,1,242.4
p1_W_E.112,413.0,120.23,25.0,5,409.81
p1_N2_S2.47,470.0,109.28,81.0,3,331.59
p1_E_W.74,533.0,24.37,9.0,1,243.64
p1_S2_N2.56,560.0,19.89,8.0,1,188.35
p1_W_E.113,416.0,143.72,24.0,5,428.75
p1_N2_S2.48,480.0,101.38,71.0,3,315.46
p1_W_E.114,420.0,141.52,20.0,4,422.23
p1_N2_S2.49,490.0,95.11,60.0,3,307.29
p1_S2_N2.57,570.0,7.04,0.0,0,160.21
p1_N2_W.14,423.0,123.39,93.0,3,417.08
p1_N2_W.15,453.0,107.36,78.0,2,386.56
p1_N2_S2.50,500.0,85.43,51.0,3,289.18
p1_S1_N1.55,550.0,39.21,22.0,2,227.18
p1_S2_N2.58,580.0,9.24,0.0,0,159.7
p1_N2_S2.51,510.0,77.16,46.0,2,263.87
p1_S1_N1.56,560.0,31.11,18.0,1,208.07
p1_N1_S1.56,560.0,26.0,16.0,1,198.14
p1_S1_N1.57,570.0,21.16,8.0,1,188.04
p1_N1_S1.57,570.0,14.87,3.0,1,178.68
p1_N1_S1.58,580.0,18.98,0.0,0,200.27
p1_S1_E.17,513.0,58.03,32.0,3,319.24
p1_N1_S1.59,590.0,10.69,0.0,0,169.69
p1_W_E.115,423.0,157.49,42.0,7,478.53
p1_W_E.116,426.0,156.13,36.0,5,475.71
p1_E_W.75,540.0,35.67,16.0,2,270.98
p1_E_N1.18,543.0,38.01,14.0,2,282.48
p1_W_E.117,429.0,154.83,29.0,4,481.06
p1_E_W.76,548.0,34.33,14.0,3,274.89
p1_W_E.118,437.0,146.69,26.0,4,456.77
p1_E_W.77,555.0,31.67,7.0,2,290.96
p1_W_E.119,440.0,145.33,25.0,3,441.15
p1_N2_W.16,483.0,105.1,70.0,3,386.67
p1_S1_E.18,543.0,41.13,19.0,2,281.17
p1_N2_W.17,513.0,79.47,46.0,2,323.43
p1_W_E.120,443.0,140.68,33.0,4,428.22
p1_W_S2.12,446.0,146.65,32.0,4,450.25
p1_W_E.121,449.0,146.4,29.0,5,442.66
p1_W_E.122,452.0,142.07,26.0,5,432.17
p1_S1_N1.58,580.0,40.13,22.0,2,228.11
p1_N1_S1.60,600.0,17.47,5.0,1,187.17
p1_W_E.123,455.0,139.12,24.0,4,426.47
p1_S1_N1.59,590.0,29.94,17.0,1,199.3
p1_N1_S1.61,610.0,13.18,0.0,0,190.17
p1_S1_N1.60,600.0,24.87,11.0,1,203.57
p1_N1_S1.62,620.0,5.92,0.0,0,153.11
p1_W_E.124,461.0,131.28,23.0,4,418.79
p1_W_E.125,467.0,140.33,20.0,5,432.35
p1_S1_E.19,573.0,35.48,8.0,1,273.51
p1_W_E.126,471.0,139.79,23.0,5,438.43
p1_W_E.127,474.0,138.51,19.0,4,421.11
p1_E_W.78,562.0,45.26,24.0,2,302.3
p1_N2_S2.52,520.0,115.55,82.0,3,356.42
p1_S2_N2.59,590.0,44.57,34.0,1,224.92
p1_E_W.79,569.0,38.06,17.0,2,274.35
p1_S2_N2.60,600.0,37.5,25.0,1,208.69
p1_N2_S2.53,530.0,103.51,72.0,3,323.2
p1_E_N1.19,572.0,38.91,17.0,2,270.65
p1_E_W.80,576.0,42.41,15.0,2,285.01
p1_E_W.81,584.0,33.29,9.0,2,272.02
p1_N2_S2.54,540.0,95.53,63.0,3,313.33
p1_E_W.82,591.0,26.45,3.0,2,256.89
p1_S2_N2.61,610.0,24.28,14.0,1,195.41
p1_E_W.83,598.0,27.65,1.0,1,260.68
p1_S2_N2.62,620.0,22.28,7.0,1,197.37
p1_S2_N2.63,630.0,13.08,0.0,0,186.15
p1_S1_N1.61,610.0,39.22,21.0,2,226.78
p1_N1_S1.63,630.0,20.85,9.0,1,189.48
p1_S1_N1.62,620.0,32.86,16.0,1,213.91
p1_W_E.128,477.0,137.94,30.0,5,426.26
p1_S1_N1.63,630.0,23.76,11.0,1,199.84
p1_W_E.129,480.0,155.21,25.0,5,452.12
p1_W_E.130,483.0,145.09,24.0,5,433.79
p1_N1_S1.64,640.0,7.17,0.0,0,159.04
p1_W_S2.13,489.0,140.32,25.0,6,431.74
p1_S2_N2.64,640.0,21.53,10.0,1,199.09
p1_N2_S2.55,550.0,109.5,69.0,4,331.26
p1_E_N1.20,601.0,41.49,12.0,1,289.86
p1_E_W.84,605.0,39.1,11.0,1,272.77
p1_S2_N2.65,650.0,8.65,0.0,0,159.1
p1_E_W.85,612.0,29.55,10.0,1,245.89
p1_S2_N2.66,660.0,8.18,0.0,0,154.29
p1_E_W.86,620.0,30.77,10.0,1,247.46
p1_N2_S2.56,560.0,96.4,54.0,4,315.04
p1_N2_S2.57,570.0,104.62,52.0,3,329.39
p1_S1_N1.64,640.0,35.92,20.0,2,214.47
p1_W_E.131,499.0,147.89,33.0,5,457.45
p1_S1_N1.65,650.0,28.55,13.0,1,203.43
p1_S1_E.20,603.0,51.24,21.0,2,308.96
p1_N1_S1.65,650.0,23.46,12.0,1,198.6
p1_W_E.132,502.0,156.98,37.0,5,476.98
p1_S1_N1.66,660.0,20.01,8.0,1,190.08
p1_W_E.133,506.0,155.17,36.0,6,478.89
p1_N1_S1.66,660.0,18.77,5.0,1,196.81
p1_N2_S2.58,580.0,107.49,59.0,4,319.54
p1_N1_S1.67,670.0,6.76,0.0,0,151.82
p1_N2_W.18,543.0,125.28,78.0,4,433.83
p1_S2_N2.67,670.0,14.47,3.0,1,177.89
p1_E_W.87,627.0,40.46,20.0,2,283.24
p1_N2_S2.59,590.0,97.1,55.0,4,306.82
p1_S2_N2.68,680.0,6.48,0.0,0,155.94
p1_E_N1.21,630.0,42.49,19.0,2,291.75
p1_N2_S2.60,600.0,85.68,53.0,3,282.02
p1_W_E.134,513.0,162.49,45.0,6,489.53
p1_W_E.135,525.0,156.98,44.0,6,476.84
p1_W_E.136,528.0,155.7,39.0,6,482.31
p1_W_E.137,531.0,153.18,39.0,6,469.1
p1_E_N1.22,660.0,22.68,5.0,1,251.23
p1_E_W.88,634.0,17.68,3.0,1,239.16
p1_E_W.89,641.0,49.57,1.0,1,261.43
p1_S1_N1.67,670.0,42.19,26.0,2,228.91
p1_N1_S1.68,680.0,32.58,19.0,1,213.47
p1_N2_W.19,573.0,114.36,48.0,3,401.0
p1_S1_N1.68,680.0,34.63,23.0,1,215.99
p1_E_W.90,648.0,44.87,12.0,1,285.42
p1_W_S2.14,543.0,152.15,33.0,6,457.68
p1_N1_S1.69,690.0,22.14,10.0,1,189.91
p1_S1_N1.69,690.0,26.65,14.0,1,205.23
p1_E_W.91,656.0,39.56,8.0,1,281.08
p1_N1_S1.70,700.0,18.01,6.0,1,189.8
p1_W_E.138,534.0,135.12,34.0,6,451.48
p1_N1_S1.71,710.0,9.73,0.0,0,176.81
p1_S1_E.21,633.0,66.48,22.0,3,323.17
p1_W_E.139,537.0,152.65,37.0,6,463.57
p1_W_E.140,540.0,163.15,37.0,6,471.38
p1_W_E.141,546.0,158.45,30.0,5,489.02
p1_E_W.92,663.0,38.49,17.0,2,269.89
p1_W_E.142,549.0,157.66,28.0,5,478.46
p1_N2_W.20,603.0,103.61,55.0,4,367.11
p1_S1_E.22,663.0,45.34,13.0,2,310.18
p1_E_W.93,670.0,38.38,12.0,1,289.99
p1_W_E.143,552.0,149.25,30.0,5,468.77
p1_E_W.94,677.0,33.24,12.0,1,274.23
p1_E_W.95,684.0,27.96,8.0,1,265.28
p1_W_E.144,560.0,145.55,28.0,5,458.68
p1_W_E.145,564.0,150.08,25.0,4,458.83
p1_W_E.146,567.0,139.92,24.0,6,465.28
p1_S1_N1.70,700.0,38.52,19.0,2,224.3
p1_W_E.147,570.0,136.0,24.0,5,431.92
p1_N1_S1.72,720.0,19.02,7.0,1,192.7
p1_W_E.148,573.0,146.49,26.0,6,450.72
p1_N1_S1.73,730.0,10.85,0.0,0,176.87
p1_W_E.149,576.0,145.41,22.0,4,439.2
p1_N2_S2.61,610.0,133.37,94.0,4,367.21
p1_W_E.150,579.0,144.01,19.0,4,454.59
p1_N2_S2.62,620.0,123.87,82.0,4,350.99
p1_S1_N1.71,710.0,24.8,12.0,1,192.66
p1_N2_S2.63,630.0,118.93,73.0,4,349.32
p1_S2_N2.69,690.0,49.22,37.0,1,230.6
p1_S1_N1.72,720.0,28.84,10.0,1,206.3
p1_S2_N2.70,700.0,46.72,32.0,1,232.94
p1_N2_S2.64,640.0,111.51,64.0,4,329.2
p1_E_N1.23,690.0,38.91,16.0,2,289.29
p1_S2_N2.71,710.0,42.35,26.0,1,238.84
p1_N2_S2.65,650.0,103.31,55.0,4,310.82
p1_S2_N2.72,720.0,34.06,16.0,1,225.39
p1_N2_S2.66,660.0,95.15,50.0,3,306.25
p1_S2_N2.73,730.0,17.73,4.0,1,183.32
p1_E_W.96,693.0,30.95,10.0,1,260.26
p1_S2_N2.74,740.0,18.1,0.0,0,196.21
p1_E_W.97,699.0,35.8,10.0,1,256.41
p1_S2_N2.75,750.0,9.75,0.0,0,164.94
p1_E_W.98,706.0,24.09,9.0,1,241.93
p1_W_E.151,585.0,156.47,34.0,5,461.86
p1_E_W.99,713.0,27.22,9.0,1,257.77
p1_E_N1.24,723.0,19.39,3.0,1,240.24
p1_E_W.100,720.0,23.22,6.0,1,249.05
p1_W_S2.15,582.0,149.34,35.0,5,449.37
p1_S1_E.23,693.0,47.43,26.0,2,290.11
p1_W_E.152,588.0,153.0,37.0,6,443.44
p1_W_E.153,591.0,159.08,31.0,8,446.53
p1_W_E.154,594.0,154.32,31.0,6,461.85
p1_S1_N1.73,730.0,36.28,21.0,2,218.58
p1_N1_S1.74,740.0,25.09,14.0,1,190.81
p1_S1_N1.74,740.0,29.56,17.0,1,212.36
p1_W_E.155,597.0,156.51,27.0,5,472.37
p1_N1_S1.75,750.0,25.99,10.0,1,206.12
p1_S1_N1.75,750.0,26.19,10.0,1,213.89
p1_W_E.156,601.0,147.49,28.0,6,440.5
p1_N1_S1.76,760.0,14.25,0.0,0,194.18
p1_S1_E.24,723.0,34.57,9.0,2,281.69
p1_N1_S1.77,770.0,9.63,0.0,0,165.23
p1_W_E.157,605.0,154.4,31.0,7,465.36
p1_W_E.158,608.0,153.16,25.0,5,478.38
p1_W_E.159,611.0,149.23,25.0,4,463.35
p1_E_W.101,728.0,29.13,11.0,1,253.76
p1_W_E.160,614.0,150.64,23.0,5,461.64
p1_N2_W.21,633.0,131.99,80.0,5,429.06
p1_E_W.102,735.0,31.81,14.0,1,273.6
p1_W_E.161,621.0,146.48,20.0,6,431.27
p1_W_S2.16,617.0,145.07,25.0,6,443.64
p1_E_W.103,742.0,26.46,9.0,1,269.15
p1_W_E.162,632.0,137.27,17.0,6,424.54
p1_E_N1.25,752.0,19.1,0.0,0,239.14
p1_E_W.104,749.0,10.4,0.0,0,212.47
p1_S1_N1.76,760.0,41.3,23.0,2,234.35
p1_N1_S1.78,780.0,21.06,9.0,1,190.39
p1_S1_E.25,753.0,23.79,8.0,1,237.21
p1_N1_S1.79,790.0,13.13,2.0,1,180.82
p1_S1_N1.77,770.0,30.68,17.0,1,202.67
p1_W_E.163,635.0,148.86,27.0,6,421.86
p1_S1_N1.78,780.0,21.27,9.0,1,183.17
p1_N1_S1.80,800.0,5.7,0.0,0,152.56
p1_W_E.164,639.0,144.02,24.0,5,413.12
p1_E_W.105,756.0,35.16,12.0,1,274.97
p1_W_E.165,642.0,149.52,23.0,6,428.28
p1_E_W.106,764.0,30.31,10.0,1,249.39
p1_W_E.166,649.0,146.85,24.0,7,427.9
p1_S2_N2.76,760.0,57.91,47.0,1,244.44
p1_N2_S2.67,670.0,150.92,107.0,4,394.17
p1_S2_N2.77,770.0,51.99,41.0,1,236.48
p1_N2_S2.68,680.0,143.68,100.0,3,370.87
p1_E_W.107,771.0,17.24,4.0,1,228.39
p1_S2_N2.78,780.0,43.69,32.0,1,234.2
p1_N2_S2.69,690.0,135.29,96.0,3,368.69
p1_E_W.108,778.0,25.31,4.0,1,253.51
p1_S2_N2.79,790.0,34.96,23.0,1,218.6
p1_E_N1.26,781.0,13.68,0.0,0,213.8
p1_E_W.109,785.0,14.9,0.0,0,215.44
p1_S2_N2.80,800.0,26.18,14.0,1,204.2
p1_N2_S2.70,700.0,130.12,93.0,3,364.97
p1_N2_S2.71,710.0,121.92,90.0,2,342.67
p1_S1_N1.79,790.0,39.35,22.0,2,224.14
p1_S2_N2.81,810.0,16.44,5.0,1,178.59
p1_N2_S2.72,720.0,112.67,86.0,2,330.28
p1_S2_N2.82,820.0,8.53,0.0,0,168.34
p1_S1_N1.80,800.0,32.31,17.0,1,213.47
p1_N1_S1.81,810.0,17.46,7.0,1,186.66
p1_S2_N2.83,830.0,5.76,0.0,0,156.49
p1_N1_S1.82,820.0,12.99,0.0,0,181.7
p1_S1_N1.81,810.0,27.09,14.0,1,207.96
p1_N1_S1.83,830.0,5.6,0.0,0,149.23
p1_N2_S2.73,730.0,109.31,82.0,2,335.72
p1_E_W.110,792.0,28.43,13.0,1,247.98
p1_N2_S2.74,740.0,96.26,72.0,2,309.58
p1_E_W.111,800.0,18.14,5.0,1,225.82
p1_E_W.112,807.0,23.4,5.0,1,239.63
p1_N2_W.22,663.0,155.52,107.0,4,457.5
p1_N2_W.23,693.0,142.5,96.0,3,431.7
p1_W_E.167,658.0,151.86,43.0,6,445.73
p1_W_E.168,662.0,165.1,40.0,7,456.18
p1_W_E.169,665.0,175.07,41.0,7,482.72
p1_S1_N1.82,820.0,42.26,25.0,2,227.14
p1_S1_E.26,783.0,54.21,24.0,2,310.73
p1_S1_N1.83,830.0,34.68,16.0,1,209.52
p1_W_E.170,668.0,168.97,41.0,7,480.7
p1_W_S2.17,671.0,155.07,34.0,6,461.04
p1_N1_S1.84,840.0,20.2,9.0,1,187.93
p1_W_E.171,674.0,166.56,29.0,6,467.4
p1_N1_S1.85,850.0,17.66,2.0,1,195.8
p1_W_E.172,678.0,169.15,23.0,4,474.53
p1_S1_N1.84,840.0,25.0,14.0,1,192.72
p1_N1_S1.86,860.0,9.31,0.0,0,163.9
p1_W_E.173,690.0,158.88,23.0,4,476.99
p1_W_E.174,694.0,148.01,22.0,5,455.18
p1_W_E.175,697.0,155.57,20.0,5,450.07
p1_S1_E.27,813.0,40.8,12.0,1,294.82
p1_W_E.176,700.0,156.12,27.0,5,465.61
p1_E_N1.27,810.0,45.73,31.0,2,296.91
p1_N2_W.24,723.0,123.85,93.0,3,414.19
p1_W_E.177,703.0,141.22,24.0,4,412.03
p1_W_E.178,706.0,148.68,22.0,4,434.67
p1_E_W.113,814.0,39.96,21.0,1,268.31
p1_E_W.114,821.0,40.96,19.0,1,287.16
p1_W_E.179,710.0,152.53,20.0,6,448.14
p1_W_S2.18,723.0,138.71,17.0,4,433.81
p1_W_E.180,720.0,144.12,17.0,3,442.09
p1_E_W.115,828.0,35.76,14.0,1,288.1
p1_W_E.181,726.0,139.8,14.0,3,456.77
p1_E_W.116,836.0,24.87,6.0,1,263.04
p1_E_N1.28,840.0,21.89,1.0,1,249.72
p1_S1_N1.85,850.0,41.68,24.0,2,217.79
p1_N1_S1.87,870.0,20.27,9.0,1,183.48
p1_S1_N1.86,860.0,38.18,18.0,1,225.45
p1_N1_S1.88,880.0,16.39,4.0,1,184.4
p1_S1_E.28,843.0,24.32,9.0,1,240.2
p1_S1_N1.87,870.0,29.95,14.0,1,215.11
p1_N1_S1.89,890.0,9.89,0.0,0,172.19
p1_W_E.182,729.0,150.37,28.0,5,456.67
p1_W_E.183,732.0,149.14,29.0,5,439.11
p1_W_E.184,735.0,147.89,23.0,5,439.58
p1_W_E.185,739.0,145.51,21.0,5,430.42
p1_E_W.117,843.0,42.16,14.0,1,283.71
p1_W_E.186,752.0,134.34,22.0,5,426.7
p1_E_W.118,850.0,37.48,12.0,1,281.92
p1_N2_S2.75,750.0,160.46,129.0,3,416.59
p1_N2_S2.76,760.0,154.7,120.0,3,405.21
p1_S2_N2.84,840.0,66.67,56.0,1,259.01
p1_S2_N2.85,850.0,65.87,51.0,1,256.11
p1_S2_N2.86,860.0,55.32,42.0,1,250.12
p1_E_W.119,857.0,19.31,7.0,1,238.58
p1_S2_N2.87,870.0,47.42,34.0,1,235.04
p1_N1_S1.90,900.0,19.54,9.0,1,189.14
p1_E_W.120,864.0,35.37,5.0,1,254.27
p1_S1_N1.88,880.0,38.32,22.0,2,226.06
p1_N2_S2.77,770.0,142.08,111.0,2,386.47
p1_N1_S1.91,910.0,9.57,0.0,0,174.81
p1_S1_N1.89,890.0,27.13,13.0,1,198.3
p1_S1_N1.90,900.0,27.41,11.0,1,206.62
p1_N1_S1.92,920.0,5.89,0.0,0,154.44
p1_W_E.187,755.0,128.44,23.0,6,412.9
p1_E_N1.29,870.0,36.68,17.0,2,255.99
p1_E_W.121,873.0,39.9,17.0,2,256.26
p1_W_E.188,758.0,142.58,21.0,6,431.69
p1_E_W.122,879.0,35.56,13.0,2,262.18
p1_S1_E.29,873.0,34.9,11.0,1,272.6
p1_W_S2.19,778.0,135.03,23.0,6,431.03
p1_E_W.123,886.0,30.42,10.0,1,253.79
p1_W_E.189,762.0,155.94,27.0,5,435.19
p1_W_E.190,768.0,142.87,25.0,6,432.26
p1_E_W.124,893.0,23.19,9.0,1,242.17
p1_W_E.191,782.0,139.69,22.0,4,447.51
p1_N2_W.25,753.0,168.15,124.0,3,498.44
p1_N1_S1.93,930.0,20.91,8.0,1,189.43
p1_S2_N2.88,880.0,69.89,56.0,2,280.1
p1_S1_N1.91,910.0,38.99,21.0,2,221.23
p1_N1_S1.94,940.0,12.62,0.0,0,180.64
p1_N2_S2.78,780.0,169.63,140.0,3,432.86
p1_S2_N2.89,890.0,62.37,46.0,2,257.13
p1_S2_N2.90,900.0,55.72,36.0,2,255.27
p1_N1_S1.95,950.0,5.59,0.0,0,147.56
p1_S2_N2.91,910.0,47.48,28.0,2,241.51
p1_S1_N1.92,920.0,27.97,17.0,1,191.9
p1_N2_S2.79,790.0,162.23,131.0,3,420.14
p1_S2_N2.92,920.0,39.22,25.0,1,222.59
p1_S1_N1.93,930.0,29.25,13.0,1,201.12
p1_S2_N2.93,930.0,30.97,18.0,1,207.16
p1_S1_N1.94,940.0,20.94,6.0,1,196.96
p1_S2_N2.94,940.0,23.03,9.0,1,192.62
p1_E_W.125,900.0,42.02,25.0,2,286.03
p1_N2_S2.80,800.0,150.69,117.0,3,390.93
p1_N2_S2.81,810.0,151.33,112.0,3,396.91
p1_E_N1.30,903.0,37.38,18.0,2,275.55
p1_S1_E.30,903.0,44.38,22.0,2,290.42
p1_E_W.126,908.0,37.34,14.0,2,274.97
p1_E_W.127,915.0,31.67,8.0,1,267.58
p1_W_E.192,785.0,162.61,43.0,6,476.31
p1_E_W.128,922.0,28.74,8.0,1,261.52
p1_W_E.193,788.0,164.97,40.0,6,480.9
p1_E_W.129,929.0,24.05,7.0,1,242.93
p1_W_E.194,791.0,163.7,37.0,5,463.82
p1_E_N1.31,932.0,23.87,6.0,1,238.42
p1_E_W.130,936.0,20.72,4.0,1,246.61
p1_W_E.195,794.0,156.95,35.0,5,448.45
p1_N2_W.26,783.0,174.69,138.0,3,496.48
p1_W_E.196,797.0,161.64,35.0,5,456.5
p1_W_E.197,800.0,162.46,31.0,7,462.86
p1_W_E.198,803.0,161.22,28.0,6,466.67
p1_S1_N1.95,950.0,36.66,23.0,1,213.54
p1_S1_E.31,933.0,32.86,11.0,1,285.91
p1_N1_S1.96,960.0,25.2,14.0,1,198.24
p1_N1_S1.97,970.0,20.02,8.0,1,197.86
p1_S1_N1.96,960.0,24.79,13.0,1,190.43
p1_S1_N1.97,970.0,23.93,10.0,1,197.56
p1_W_E.199,806.0,154.76,34.0,6,438.88
p1_W_S2.20,816.0,157.08,31.0,6,444.03
p1_N1_S1.98,980.0,5.93,0.0,0,154.92
p1_W_E.200,813.0,163.06,32.0,6,464.42
p1_W_E.201,820.0,158.08,26.0,7,444.7
p1_N2_S2.82,820.0,181.88,138.0,4,449.37
p1_S2_N2.95,950.0,51.6,33.0,1,249.86
p1_N2_S2.83,830.0,174.1,127.0,4,430.61
p1_N2_W.27,813.0,156.72,112.0,4,463.04
p1_E_W.131,944.0,40.87,19.0,2,295.11
p1_S2_N2.96,960.0,41.98,30.0,1,220.27
p1_E_W.132,951.0,35.63,13.0,2,294.39
p1_E_N1.32,961.0,25.75,0.0,0,254.81
p1_S2_N2.97,970.0,39.4,25.0,1,225.65
p1_E_W.133,958.0,17.43,0.0,0,232.43
p1_N2_S2.84,840.0,160.95,115.0,4,414.17
p1_S2_N2.98,980.0,31.2,15.0,1,219.88
p1_N2_S2.85,850.0,163.17,109.0,3,420.55
p1_S2_N2.99,990.0,22.92,8.0,1,203.37
p1_S2_N2.100,1000.0,14.56,0.0,0,190.03
p1_N2_S2.86,860.0,154.92,107.0,3,398.81
p1_N2_S2.87,870.0,146.64,103.0,3,393.34
p1_S2_N2.101,1010.0,6.31,0.0,0,153.84
p1_E_W.134,965.0,12.62,0.0,0,225.37
p1_S1_N1.98,980.0,36.87,19.0,2,225.62
p1_N2_S2.88,880.0,139.52,96.0,3,387.87
p1_E_W.135,972.0,25.42,0.0,0,233.33
p1_N1_S1.99,990.0,25.38,14.0,1,204.2
p1_S1_N1.99,990.0,29.82,15.0,1,206.91
p1_N2_S2.89,890.0,131.32,87.0,3,373.43
p1_N1_S1.100,1000.0,14.25,3.0,1,176.45
p1_N2_S2.90,900.0,122.56,79.0,3,355.64
p1_S1_N1.100,1000.0,23.97,10.0,1,189.21
p1_N1_S1.101,1010.0,11.15,0.0,0,175.76
p1_S2_N2.102,1020.0,6.44,0.0,0,150.31
p1_N2_S2.91,910.0,114.81,73.0,3,337.35
p1_N2_S2.92,920.0,113.31,66.0,3,335.59
p1_E_W.136,980.0,22.63,11.0,1,244.36
p1_E_W.137,987.0,26.53,10.0,1,246.98
p1_E_N1.33,990.0,23.92,10.0,1,241.79
p1_N2_W.28,843.0,172.66,114.0,4,500.25
p1_N2_W.29,873.0,145.72,103.0,3,434.47
p1_W_E.202,823.0,179.12,59.0,7,471.35
p1_W_E.203,829.0,183.97,55.0,6,509.5
p1_W_E.204,838.0,186.09,53.0,6,503.57
p1_W_E.205,841.0,184.8,47.0,6,502.09
p1_W_E.206,844.0,183.64,46.0,5,505.64
p1_N1_S1.102,1020.0,28.0,17.0,1,206.35
p1_W_E.207,847.0,182.29,44.0,7,491.79
p1_S1_E.32,963.0,67.29,36.0,2,338.87
p1_S1_N1.101,1010.0,35.65,19.0,2,215.63
p1_S1_N1.102,1020.0,30.22,16.0,1,210.4
p1_W_E.208,850.0,182.88,45.0,6,520.02
p1_S1_N1.103,1030.0,25.73,11.0,1,194.64
p1_W_E.209,854.0,173.56,42.0,6,497.62
p1_N1_S1.103,1030.0,15.77,4.0,1,177.42
p1_W_E.210,861.0,175.58,40.0,5,509.66
p1_N1_S1.104,1040.0,18.67,0.0,0,182.62
p1_W_S2.21,870.0,159.92,38.0,6,482.36
p1_W_E.211,873.0,158.5,33.0,5,461.74
p1_N2_W.30,903.0,136.48,86.0,4,444.21
p1_E_W.138,994.0,43.9,28.0,1,286.86
p1_W_E.212,876.0,153.73,30.0,4,452.71
p1_E_W.139,1001.0,41.34,24.0,1,289.92
p1_W_E.213,879.0,167.52,28.0,5,473.44
p1_S1_E.33,993.0,55.11,22.0,2,327.93
p1_W_E.214,882.0,161.12,29.0,6,502.88
p1_W_E.215,885.0,166.82,24.0,4,492.76
p1_E_W.140,1008.0,27.09,13.0,1,239.62
p1_W_E.216,890.0,162.69,24.0,4,482.47
p1_S1_N1.104,1040.0,35.14,16.0,2,211.49
p1_E_W.141,1016.0,38.64,12.0,1,262.97
p1_W_E.217,900.0,155.37,22.0,4,478.87
p1_N1_S1.105,1050.0,21.05,10.0,1,189.16
p1_W_E.218,903.0,153.99,21.0,6,483.89
p1_S1_N1.105,1050.0,24.31,11.0,1,182.54
p1_N1_S1.106,1060.0,18.78,3.0,1,193.56
p1_W_E.219,906.0,152.78,17.0,3,476.99
p1_S1_N1.106,1060.0,20.78,8.0,1,184.1
p1_N1_S1.107,1070.0,8.95,0.0,0,175.18
p1_W_E.220,909.0,151.72,15.0,4,454.39
p1_E_N1.34,1020.0,46.0,23.0,2,293.97
p1_N2_S2.93,930.0,158.58,107.0,4,412.44
p1_S1_E.34,1023.0,26.6,13.0,1,236.14
p1_S2_N2.103,1030.0,58.61,47.0,1,248.88
p1_E_W.142,1023.0,44.75,19.0,2,289.58
p1_E_W.143,1030.0,40.01,13.0,2,285.54
p1_E_W.144,1037.0,34.86,9.0,1,288.68
p1_E_W.145,1044.0,29.94,8.0,1,262.51
p1_N2_S2.94,940.0,149.99,95.0,4,388.28
p1_S2_N2.104,1040.0,45.89,34.0,1,231.61
p1_S2_N2.105,1050.0,45.19,29.0,1,234.7
p1_N2_S2.95,950.0,147.88,92.0,3,388.48
p1_N2_S2.96,960.0,139.57,92.0,4,397.91
p1_S2_N2.106,1060.0,31.22,19.0,1,200.35
p1_S2_N2.107,1070.0,31.33,13.0,1,208.59
p1_N2_S2.97,970.0,132.92,85.0,4,370.39
p1_E_N1.35,1050.0,19.7,4.0,1,246.01
p1_S2_N2.108,1080.0,23.06,4.0,1,208.18
p1_N2_S2.98,980.0,124.75,76.0,3,360.05
p1_S1_N1.107,1070.0,35.2,19.0,1,220.68
p1_N1_S1.108,1080.0,25.15,14.0,1,197.16
p1_S2_N2.109,1090.0,12.59,0.0,0,184.58
p1_N1_S1.109,1090.0,17.02,6.0,1,181.24
p1_N1_S1.110,1100.0,8.92,0.0,0,169.88
p1_S2_N2.110,1100.0,5.98,0.0,0,146.58
p1_S1_N1.108,1080.0,25.02,13.0,1,196.18
p1_N2_S2.99,990.0,110.58,71.0,2,333.34
p1_S1_N1.109,1090.0,21.51,8.0,1,191.93
p1_N2_S2.100,1000.0,114.73,70.0,2,353.48
p1_S2_N2.111,1110.0,5.77,0.0,0,150.62
p1_E_W.146,1053.0,44.09,19.0,2,282.01
p1_N2_S2.101,1010.0,97.81,67.0,2,310.82
p1_E_W.147,1059.0,40.07,18.0,2,264.25
p1_N2_S2.102,1020.0,100.79,63.0,2,340.53
p1_W_S2.22,912.0,189.92,60.0,6,506.95
p1_E_W.148,1066.0,33.6,13.0,1,256.88
p1_E_W.149,1073.0,30.51,12.0,1,254.84
p1_W_E.221,916.0,180.63,54.0,7,475.4
p1_N2_W.31,933.0,171.89,108.0,5,494.43
p1_W_E.222,923.0,184.59,52.0,6,503.4
p1_W_E.223,933.0,176.23,47.0,5,508.72
p1_S1_E.35,1053.0,57.33,31.0,2,312.52
p1_W_E.224,936.0,176.71,43.0,7,498.1
p1_W_E.225,939.0,175.34,45.0,6,497.3
p1_W_E.226,942.0,168.66,40.0,8,474.25
p1_N1_S1.111,1110.0,24.65,13.0,1,194.16
p1_N1_S1.112,1120.0,21.76,6.0,1,201.52
p1_S1_N1.110,1100.0,31.6,18.0,1,203.62
p1_N1_S1.113,1130.0,13.47,0.0,0,193.36
p1_S1_N1.111,1110.0,23.85,12.0,1,185.92
p1_S1_N1.112,1120.0,25.52,8.0,1,202.77
p1_W_E.227,945.0,154.54,32.0,7,468.93
p1_W_S2.23,967.0,159.62,32.0,4,460.41
p1_W_E.228,948.0,183.13,30.0,7,481.16
p1_W_E.229,953.0,179.78,30.0,6,483.29
p1_W_E.230,964.0,156.26,29.0,5,479.96
p1_E_N1.36,1083.0,51.49,30.0,2,297.44
p1_S1_E.36,1083.0,46.63,15.0,2,300.5
p1_W_E.231,970.0,168.44,28.0,5,489.7
p1_N2_W.32,963.0,147.26,100.0,4,452.99
p1_W_E.232,973.0,161.58,26.0,6,475.07
p1_W_E.233,976.0,166.0,24.0,6,480.98
p1_N2_W.33,993.0,143.22,81.0,3,449.35
p1_E_W.150,1080.0,62.87,35.0,2,335.46
p1_W_E.234,979.0,164.8,22.0,5,471.23
p1_E_W.151,1088.0,56.67,26.0,2,328.89
p1_W_E.235,983.0,156.17,18.0,4,454.18
p1_E_W.152,1095.0,51.48,20.0,1,324.95
p1_N1_S1.114,1140.0,26.96,16.0,1,203.37
p1_W_E.236,994.0,153.48,18.0,5,462.38
p1_E_W.153,1102.0,46.1,14.0,1,303.15
p1_N1_S1.115,1150.0,19.64,8.0,1,186.93
p1_W_E.237,998.0,134.81,16.0,4,421.4
p1_S1_N1.113,1130.0,32.14,18.0,1,213.27
p1_S1_E.37,1113.0,38.65,11.0,1,263.32
p1_S1_N1.114,1140.0,33.75,17.0,1,205.34
p1_N1_S1.116,1160.0,8.71,0.0,0,164.74
p1_S1_N1.115,1150.0,25.49,11.0,1,203.56
p1_S1_N1.116,1160.0,17.13,1.0,1,197.71
p1_E_W.154,1109.0,49.82,21.0,2,297.42
p1_S2_N2.112,1120.0,59.96,49.0,1,255.97
p1_N2_S2.103,1030.0,151.69,110.0,3,397.68
p1_S2_N2.113,1130.0,51.97,38.0,1,236.29
p1_N2_S2.104,1040.0,143.43,101.0,2,396.1
p1_E_N1.37,1112.0,46.05,19.0,2,295.37
p1_S2_N2.114,1140.0,43.89,31.0,1,225.1
p1_N2_S2.105,1050.0,133.89,99.0,2,372.46
p1_E_W.155,1116.0,42.24,12.0,2,285.49
p1_S2_N2.115,1150.0,34.2,22.0,1,212.6
p1_E_W.156,1124.0,41.44,9.0,1,290.13
p1_S2_N2.116,1160.0,29.05,15.0,1,209.3
p1_S2_N2.117,1170.0,20.74,5.0,1,198.65
p1_E_W.157,1131.0,38.5,9.0,1,285.74
p1_S2_N2.118,1180.0,12.4,0.0,0,196.58
p1_N2_S2.106,1060.0,128.71,97.0,2,360.69
p1_E_W.158,1138.0,33.36,9.0,1,277.89
p1_E_N1.38,1141.0,30.29,9.0,1,257.75
p1_N2_S2.107,1070.0,124.94,92.0,2,368.23
p1_E_W.159,1145.0,25.25,7.0,1,252.16
p1_S2_N2.119,1190.0,5.94,0.0,0,152.06
p1_N2_S2.108,1080.0,110.36,83.0,3,328.13
p1_E_W.160,1152.0,25.34,7.0,1,251.06
p1_E_W.161,1160.0,12.36,0.0,0,224.72
p1_E_W.162,1167.0,14.75,0.0,0,224.18
p1_N2_W.34,1023.0,158.4,116.0,3,470.74
p1_S1_N1.117,1170.0,38.24,26.0,1,209.66
p1_N1_S1.117,1170.0,37.94,27.0,1,213.98
p1_W_E.238,1002.0,162.01,43.0,5,471.28
p1_N1_S1.118,1180.0,31.91,18.0,1,213.24
p1_S1_N1.118,1180.0,32.48,20.0,1,208.56
p1_N1_S1.119,1190.0,23.67,11.0,1,204.3
p1_W_E.239,1010.0,178.99,44.0,6,485.75
p1_W_S2.24,1024.0,156.86,32.0,6,471.9
p1_S1_N1.119,1190.0,24.17,11.0,1,205.41
p1_W_E.240,1021.0,173.12,35.0,5,492.74
p1_N1_S1.120,1200.0,15.3,1.0,1,194.1
p1_W_E.241,1027.0,153.76,36.0,6,474.79
p1_W_E.242,1030.0,168.17,31.0,7,485.24
p1_W_E.243,1034.0,165.95,27.0,6,479.94
p1_N2_W.35,1053.0,143.23,103.0,3,446.45
p1_S1_E.38,1143.0,58.11,29.0,2,320.18
p1_W_E.244,1037.0,166.58,31.0,6,491.05
p1_N2_W.36,1083.0,117.89,81.0,2,412.45
p1_E_N1.39,1170.0,34.88,22.0,1,270.3
p1_W_E.245,1041.0,152.64,23.0,6,459.84
p1_E_W.163,1174.0,32.69,20.0,1,263.22
p1_W_E.246,1050.0,157.35,23.0,5,462.38
p1_W_E.247,1053.0,156.05,23.0,5,455.65
p1_W_E.248,1056.0,137.55,23.0,5,408.32
p1_N1_S1.121,1210.0,24.3,14.0,1,194.75
p1_W_E.249,1059.0,146.28,19.0,6,432.3
p1_N1_S1.122,1220.0,16.27,5.0,1,189.12
p1_W_E.250,1062.0,147.42,18.0,6,429.9
p1_N1_S1.123,1230.0,8.09,0.0,0,166.71
p1_W_E.251,1068.0,142.44,14.0,4,417.74
p1_S1_N1.120,1200.0,31.05,16.0,2,210.96
p1_W_S2.25,1065.0,138.9,15.0,5,419.23
p1_S1_N1.121,1210.0,30.44,10.0,1,216.28
p1_W_E.252,1071.0,144.58,12.0,4,420.41
p1_S1_N1.122,1220.0,22.26,8.0,1,190.97
p1_W_E.253,1074.0,147.6,7.0,3,446.35
p1_W_E.254,1077.0,146.31,8.0,3,454.34
p1_S1_N1.123,1230.0,8.99,0.0,0,166.87
p1_W_E.255,1086.0,135.13,8.0,2,418.57
p1_E_W.164,1181.0,44.52,25.0,2,287.62
p1_S1_E.39,1173.0,50.0,25.0,1,311.73
p1_W_E.256,1089.0,139.62,18.0,4,442.29
p1_W_E.257,1092.0,136.3,17.0,4,434.92
p1_E_W.165,1188.0,33.55,16.0,2,267.7
p1_W_E.258,1095.0,132.96,16.0,4,411.7
p1_E_W.166,1196.0,36.47,12.0,2,292.7
p1_W_E.259,1098.0,135.94,13.0,3,424.89
p1_E_N1.40,1200.0,29.68,9.0,1,276.14
p1_W_E.260,1101.0,134.12,11.0,2,421.76
p1_E_W.167,1203.0,30.7,8.0,1,272.67
p1_S1_E.40,1203.0,34.34,12.0,1,255.64
p1_E_W.168,1210.0,27.79,8.0,1,260.71
p1_E_W.169,1217.0,22.53,5.0,1,246.78
p1_S2_N2.120,1200.0,64.7,55.0,1,263.82
p1_E_W.170,1224.0,10.8,0.0,0,215.74
p1_N2_S2.109,1090.0,175.22,142.0,3,434.93
p1_S2_N2.121,1210.0,57.23,46.0,1,243.36
p1_N2_S2.110,1100.0,168.25,132.0,3,433.29
p1_S2_N2.122,1220.0,49.33,38.0,1,228.53
p1_S2_N2.123,1230.0,41.0,29.0,1,222.65
p1_N2_S2.111,1110.0,157.5,121.0,3,410.22
p1_E_W.171,1233.0,17.42,0.0,0,231.34
p1_S2_N2.124,1240.0,32.77,20.0,1,203.32
p1_E_N1.41,1230.0,9.37,0.0,0,211.83
p1_E_W.172,1239.0,9.86,0.0,0,213.6
p1_W_S2.26,1107.0,149.57,24.0,4,446.76
p1_W_E.261,1119.0,139.57,21.0,4,439.29
p1_N1_S1.124,1240.0,40.27,30.0,1,221.44
p1_N1_S1.125,1250.0,32.2,21.0,1,208.79
p1_W_E.262,1122.0,139.36,20.0,4,421.91
p1_S1_N1.124,1240.0,41.49,28.0,1,215.71
p1_N1_S1.126,1260.0,24.62,14.0,1,198.38
p1_W_E.263,1125.0,136.52,16.0,3,414.58
p1_S1_N1.125,1250.0,33.55,23.0,1,213.28
p1_S1_N1.126,1260.0,27.64,14.0,1,214.13
p1_N1_S1.127,1270.0,17.13,3.0,1,177.97
p1_W_E.264,1128.0,134.6,14.0,3,401.34
p1_W_E.265,1131.0,132.7,15.0,3,405.0
p1_E_W.173,1246.0,26.25,13.0,1,234.25
p1_W_E.266,1135.0,124.54,11.0,2,382.98
p1_E_W.174,1253.0,20.05,7.0,1,232.07
p1_W_E.267,1141.0,127.28,10.0,3,397.33
p1_N2_W.37,1113.0,163.75,119.0,3,485.24
p1_W_E.268,1150.0,126.68,9.0,3,418.04
p1_W_E.269,1153.0,127.02,9.0,2,403.93
p1_W_S2.27,1165.0,114.31,8.0,3,386.48
p1_E_W.175,1260.0,19.37,8.0,1,239.05
p1_W_E.270,1157.0,121.92,7.0,2,406.43
p1_E_N1.42,1263.0,20.03,7.0,1,248.07
p1_W_E.271,1175.0,108.51,8.0,3,377.0
p1_W_E.272,1178.0,107.07,5.0,2,384.57
p1_S1_N1.127,1270.0,42.39,23.0,2,224.41
p1_N1_S1.128,1280.0,30.32,19.0,1,207.27
p1_N2_S2.112,1120.0,188.57,143.0,3,461.1
p1_S2_N2.125,1250.0,58.49,41.0,2,256.84
p1_N1_S1.129,1290.0,24.94,12.0,1,194.05
p1_N1_S1.130,1300.0,16.54,4.0,1,188.57
p1_N2_S2.113,1130.0,187.29,141.0,3,447.29
p1_S2_N2.126,1260.0,51.41,33.0,2,245.67
p1_N1_S1.131,1310.0,8.36,0.0,0,170.84
p1_N2_S2.114,1140.0,179.01,140.0,3,448.45
p1_S2_N2.127,1270.0,41.78,30.0,1,222.8
p1_S2_N2.128,1280.0,40.05,24.0,1,224.78
p1_S2_N2.129,1290.0,32.77,18.0,1,212.88
p1_S1_N1.128,1280.0,24.33,13.0,1,188.13
p1_S2_N2.130,1300.0,23.09,8.0,1,199.35
p1_E_W.176,1268.0,35.32,15.0,2,275.52
p1_E_W.177,1275.0,30.06,13.0,1,261.08
p1_S1_N1.129,1290.0,30.11,11.0,1,195.01
p1_S2_N2.131,1310.0,16.29,0.0,0,192.47
p1_E_W.178,1282.0,24.99,12.0,1,237.58
p1_W_E.273,1182.0,125.73,23.0,2,419.27
p1_N2_S2.115,1150.0,163.03,126.0,3,403.82
p1_E_W.179,1289.0,19.95,7.0,1,240.88
p1_N2_S2.116,1160.0,168.02,122.0,3,427.81
p1_S1_E.41,1233.0,68.78,48.0,2,327.15
p1_S1_E.42,1263.0,52.58,27.0,2,320.07
p1_W_E.274,1185.0,128.02,31.0,4,426.25
p1_W_E.275,1188.0,122.99,27.0,4,404.33
p1_E_N1.43,1292.0,10.43,0.0,0,209.6
p1_N1_S1.132,1320.0,22.76,12.0,1,200.53
p1_W_E.276,1191.0,121.06,20.0,3,397.46
p1_S1_N1.130,1300.0,44.1,24.0,2,236.88
p1_N1_S1.133,1330.0,14.59,1.0,1,183.35
p1_W_E.277,1197.0,120.96,20.0,4,418.55
p1_W_E.278,1205.0,119.53,18.0,4,408.1
p1_W_E.279,1208.0,118.74,15.0,4,435.84
p1_W_E.280,1211.0,117.66,15.0,3,411.46
p1_S1_E.43,1293.0,33.03,10.0,1,271.72
p1_W_S2.28,1214.0,117.59,19.0,4,410.17
p1_N2_W.38,1143.0,189.16,146.0,4,512.24
p1_W_E.281,1217.0,113.75,15.0,2,392.16
p1_E_W.180,1296.0,39.89,19.0,1,281.43
p1_S1_N1.131,1310.0,23.59,10.0,1,194.52
p1_W_E.282,1220.0,116.25,16.0,2,400.59
p1_E_W.181,1304.0,33.62,16.0,1,284.81
p1_S1_N1.132,1320.0,31.76,9.0,1,200.03
p1_W_E.283,1223.0,115.69,14.0,2,397.77
p1_E_W.182,1311.0,28.37,8.0,1,266.82
p1_W_E.284,1230.0,110.09,16.0,3,385.38
p1_W_E.285,1236.0,104.73,15.0,3,381.36
p1_E_W.183,1318.0,20.28,5.0,1,242.0
p1_S1_N1.133,1330.0,38.39,23.0,2,221.75
p1_W_E.286,1239.0,97.41,15.0,4,361.62
p1_S1_E.44,1323.0,26.69,8.0,1,240.29
p1_S1_N1.134,1340.0,29.44,14.0,1,201.62
p1_N1_S1.134,1340.0,22.27,11.0,1,185.89
p1_N1_S1.135,1350.0,25.19,8.0,1,201.32
p1_S1_N1.135,1350.0,19.48,8.0,1,189.4
p1_N1_S1.136,1360.0,18.37,0.0,0,194.65
p1_N1_S1.137,1370.0,10.18,0.0,0,158.87
p1_E_N1.44,1321.0,38.39,15.0,2,282.25
p1_W_E.287,1243.0,109.88,26.0,4,384.68
p1_W_E.288,1246.0,116.27,26.0,4,387.2
p1_W_E.289,1249.0,116.82,21.0,3,392.96
p1_E_W.184,1325.0,29.92,12.0,1,264.03
p1_W_E.290,1252.0,115.97,19.0,4,399.88
p1_E_W.185,1332.0,36.45,12.0,1,285.99
p1_E_W.186,1340.0,26.43,10.0,1,261.32
p1_S2_N2.132,1320.0,72.36,61.0,1,266.44
p1_E_W.187,1347.0,24.72,8.0,1,261.71
p1_E_N1.45,1350.0,21.19,6.0,1,244.26
p1_S2_N2.133,1330.0,64.22,52.0,1,260.8
p1_N2_S2.117,1170.0,219.45,178.0,4,493.69
p1_N2_S2.118,1180.0,216.42,170.0,4,494.62
p1_S1_N1.136,1360.0,39.76,20.0,2,225.31
p1_N2_S2.119,1190.0,209.93,161.0,4,483.75
p1_S2_N2.134,1340.0,53.16,41.0,1,233.41
p1_N2_S2.120,1200.0,201.93,150.0,4,478.17
p1_S2_N2.135,1350.0,51.84,36.0,1,244.96
p1_N1_S1.138,1380.0,17.48,6.0,1,179.71
p1_S2_N2.136,1360.0,43.53,27.0,1,235.87
p1_S1_N1.137,1370.0,29.48,16.0,1,197.17
p1_N1_S1.139,1390.0,13.96,0.0,0,188.34
p1_S1_N1.138,1380.0,24.38,11.0,1,201.53
p1_N1_S1.140,1400.0,5.88,0.0,0,153.24
p1_N2_S2.121,1210.0,193.43,138.0,3,455.26
p1_S2_N2.137,1370.0,27.21,14.0,1,192.0
p1_N2_S2.122,1220.0,190.75,139.0,3,454.62
p1_S2_N2.138,1380.0,27.03,9.0,1,212.94
p1_N2_S2.123,1230.0,182.5,139.0,3,446.31
p1_E_W.188,1354.0,36.53,16.0,2,262.11
p1_S2_N2.139,1390.0,22.51,3.0,1,208.25
p1_S2_N2.140,1400.0,13.8,0.0,0,198.51
p1_N2_S2.124,1240.0,175.39,132.0,4,432.63
p1_S2_N2.141,1410.0,6.02,0.0,0,166.96
p1_N2_S2.125,1250.0,167.33,124.0,3,414.23
p1_N2_S2.126,1260.0,158.54,114.0,3,406.99
p1_E_W.189,1361.0,19.21,7.0,1,231.39
p1_E_N1.46,1380.0,18.81,4.0,1,244.57
p1_E_W.190,1368.0,33.41,7.0,1,258.45
p1_E_W.191,1376.0,24.58,5.0,1,255.4
p1_N2_W.39,1172.0,231.0,172.0,4,585.41
p1_W_S2.29,1258.0,140.83,50.0,4,428.79
p1_S1_E.45,1353.0,51.17,30.0,2,295.57
p1_W_E.291,1267.0,141.46,46.0,6,448.57
p1_N1_S1.141,1410.0,20.26,10.0,1,187.82
p1_N1_S1.142,1420.0,12.41,0.0,0,179.18
p1_W_E.292,1270.0,135.36,41.0,5,439.6
p1_S1_N1.139,1390.0,36.88,20.0,2,214.66
p1_N1_S1.143,1430.0,5.58,0.0,0,143.84
p1_S1_N1.140,1400.0,32.57,16.0,1,209.77
p1_S1_N1.141,1410.0,28.06,13.0,1,218.51
p1_S2_N2.142,1420.0,18.39,7.0,1,188.99
p1_S2_N2.143,1430.0,9.52,0.0,0,176.62
p1_N2_W.40,1203.0,219.03,156.0,5,561.03
p1_N2_S2.127,1270.0,165.19,117.0,4,421.55
p1_N2_S2.128,1280.0,158.89,107.0,4,418.59
p1_S2_N2.144,1440.0,5.82,0.0,0,148.77
p1_N2_S2.129,1290.0,158.33,100.0,4,417.25
p1_N2_W.41,1233.0,183.27,137.0,4,500.75
p1_N2_S2.130,1300.0,148.12,90.0,4,394.03
p1_N2_S2.131,1310.0,141.83,87.0,3,383.22
p1_W_E.293,1273.0,161.56,58.0,5,488.74
p1_E_W.192,1383.0,38.65,26.0,1,256.44
p1_E_W.193,1390.0,47.19,25.0,1,286.16
p1_E_W.194,1397.0,40.29,19.0,1,289.93
p1_W_E.294,1276.0,156.4,53.0,5,470.72
p1_S1_N1.142,1420.0,41.12,24.0,2,223.31
p1_W_E.295,1279.0,161.37,49.0,5,489.17
p1_W_E.296,1282.0,160.89,47.0,7,474.48
p1_N1_S1.144,1440.0,20.16,9.0,1,187.38
p1_S1_N1.143,1430.0,32.62,18.0,1,196.84
p1_W_E.297,1285.0,159.69,47.0,7,476.88
p1_S1_N1.144,1440.0,27.31,14.0,1,200.74
p1_N1_S1.145,1450.0,10.74,0.0,0,167.89
p1_S1_E.46,1383.0,63.26,30.0,3,329.75
p1_W_E.298,1288.0,159.8,42.0,5,502.8
p1_N1_S1.146,1460.0,6.27,0.0,0,152.27
p1_W_E.299,1291.0,150.37,40.0,5,462.44
p1_W_E.300,1294.0,159.92,40.0,5,469.75
p1_W_S2.30,1297.0,156.41,37.0,5,475.35
p1_E_W.195,1404.0,39.63,20.0,2,279.03
p1_W_E.301,1300.0,149.31,36.0,6,459.61
p1_W_E.302,1303.0,154.94,36.0,5,463.83
p1_N2_W.42,1263.0,196.38,133.0,5,537.27
p1_N2_W.43,1293.0,168.07,99.0,5,496.16
p1_W_E.303,1308.0,148.65,30.0,6,458.52
p1_S1_E.47,1413.0,49.52,22.0,2,327.22
p1_E_N1.47,1410.0,47.32,29.0,2,293.53
p1_E_W.196,1413.0,50.66,26.0,2,305.02
p1_W_E.304,1312.0,153.17,38.0,6,487.75
p1_W_E.305,1315.0,151.82,34.0,8,501.64
p1_W_E.306,1319.0,148.31,29.0,8,458.98
p1_E_W.197,1419.0,39.73,20.0,2,267.71
p1_W_E.307,1326.0,143.26,25.0,8,471.02
p1_N1_S1.147,1470.0,21.91,12.0,1,190.17
p1_W_E.308,1336.0,136.1,25.0,9,472.61
p1_W_E.309,1339.0,132.04,21.0,7,459.99
p1_S1_N1.145,1450.0,39.41,22.0,2,225.68
p1_N1_S1.148,1480.0,11.72,1.0,1,169.96
p1_S1_N1.146,1460.0,37.41,17.0,1,217.73
p1_S1_N1.147,1470.0,29.18,14.0,1,212.3
p1_N2_S2.132,1320.0,177.56,129.0,4,434.57
p1_S2_N2.145,1450.0,48.49,37.0,1,233.44
p1_S2_N2.146,1460.0,42.74,29.0,1,235.39
p1_N2_S2.133,1330.0,174.35,119.0,4,445.77
p1_E_W.198,1426.0,57.64,29.0,2,308.42
p1_N2_S2.134,1340.0,166.25,111.0,4,428.96
p1_N2_S2.135,1350.0,158.36,100.0,4,418.03
p1_S2_N2.147,1470.0,28.76,17.0,1,192.86
p1_S2_N2.148,1480.0,29.71,13.0,1,207.68
p1_E_W.199,1433.0,47.6,25.0,2,291.48
p1_S2_N2.149,1490.0,21.48,4.0,1,201.28
p1_E_W.200,1440.0,48.21,23.0,2,308.39
p1_E_N1.48,1443.0,47.14,19.0,2,289.62
p1_S2_N2.150,1500.0,11.15,0.0,0,192.65
p1_W_E.310,1342.0,153.56,35.0,6,466.79
p1_S1_E.48,1443.0,54.51,28.0,2,322.74
p1_E_W.201,1448.0,36.42,13.0,2,263.45
p1_E_W.202,1455.0,36.89,8.0,2,272.41
p1_W_S2.31,1345.0,155.42,42.0,7,469.73
p1_E_W.203,1462.0,38.2,7.0,1,283.72
p1_S1_N1.148,1480.0,40.21,24.0,2,222.45
p1_S1_N1.149,1490.0,38.31,18.0,1,230.92
p1_N1_S1.149,1490.0,27.09,16.0,1,201.66
p1_S1_N1.150,1500.0,29.84,15.0,1,230.02
p1_W_E.311,1348.0,142.62,36.0,7,447.38
p1_N2_S2.136,1360.0,170.94,112.0,4,438.39
p1_N1_S1.150,1500.0,31.58,15.0,1,214.31
p1_N2_S2.137,1370.0,162.92,109.0,4,423.77
p1_N1_S1.151,1510.0,22.68,5.0,1,211.54
p1_N2_S2.138,1380.0,154.33,103.0,4,410.95
p1_N1_S1.152,1520.0,15.17,0.0,0,195.52
p1_E_W.204,1469.0,46.36,18.0,2,295.89
p1_E_N1.49,1472.0,44.04,17.0,2,292.61
p1_S2_N2.151,1510.0,12.61,2.0,1,176.1
p1_E_W.205,1476.0,41.45,15.0,2,270.73
p1_S2_N2.152,1520.0,20.25,0.0,0,183.16
p1_E_W.206,1484.0,33.53,11.0,2,264.9
p1_W_E.312,1352.0,166.97,47.0,7,487.24
p1_N2_W.44,1323.0,201.41,135.0,5,536.5
p1_W_E.313,1354.0,171.46,44.0,6,478.78
p1_W_E.314,1358.0,169.24,44.0,7,479.8
p1_W_E.315,1361.0,164.12,38.0,7,459.24
p1_W_E.316,1364.0,166.72,34.0,6,475.32
p1_S1_N1.151,1510.0,37.74,20.0,2,225.51
p1_N1_S1.153,1530.0,16.73,5.0,1,177.87
p1_N1_S1.154,1540.0,14.29,1.0,1,184.47
p1_S1_N1.152,1520.0,28.99,12.0,1,205.09
p1_S1_E.49,1473.0,51.81,20.0,3,301.81
p1_N1_S1.155,1550.0,6.2,0.0,0,145.34
p1_S1_N1.153,1530.0,20.38,9.0,1,186.12
p1_W_E.317,1367.0,169.77,33.0,5,496.83
p1_W_E.318,1370.0,164.0,33.0,5,491.97
p1_W_E.319,1373.0,167.3,34.0,5,496.26
p1_N2_W.45,1353.0,187.72,114.0,5,523.54
p1_W_E.320,1376.0,166.0,31.0,6,501.6
p1_W_E.321,1382.0,163.11,27.0,5,459.33
p1_W_S2.32,1379.0,159.32,28.0,6,442.48
p1_E_W.207,1491.0,46.79,23.0,2,303.49
p1_W_E.322,1385.0,162.15,24.0,4,452.84
p1_E_W.208,1498.0,49.64,20.0,2,316.31
p1_E_N1.50,1501.0,46.68,18.0,2,303.76
p1_E_W.209,1505.0,44.44,16.0,2,296.78
p1_S1_E.50,1503.0,38.61,15.0,2,284.06
p1_W_E.323,1388.0,166.19,28.0,5,490.58
p1_W_E.324,1391.0,164.91,27.0,6,491.71
p1_N2_W.46,1383.0,161.31,103.0,5,464.93
p1_W_E.325,1394.0,158.78,22.0,5,478.25
p1_E_W.210,1512.0,39.88,12.0,1,285.94
p1_S1_N1.154,1540.0,40.48,23.0,2,221.72
p1_N1_S1.156,1560.0,20.19,10.0,1,188.76
p1_W_E.326,1397.0,158.49,23.0,4,466.8
p1_N1_S1.157,1570.0,12.39,2.0,1,184.69
p1_W_E.327,1402.0,155.51,17.0,4,473.55
p1_S1_E.51,1533.0,28.18,7.0,1,270.65
p1_W_E.328,1412.0,152.93,26.0,5,433.83
p1_S1_N1.155,1550.0,28.0,15.0,1,199.99
p1_S1_N1.156,1560.0,27.61,13.0,1,212.45
p1_W_E.329,1415.0,151.64,26.0,5,425.87
p1_W_E.330,1418.0,148.87,23.0,5,408.0
p1_W_S2.33,1421.0,150.48,18.0,4,418.12
p1_E_W.211,1520.0,51.47,21.0,2,306.4
p1_W_E.331,1424.0,146.87,17.0,5,416.59
p1_W_E.332,1427.0,147.21,18.0,5,425.56
p1_E_N1.51,1530.0,46.24,17.0,2,301.58
p1_E_W.212,1527.0,40.17,18.0,2,287.05
p1_W_E.333,1432.0,146.66,16.0,5,416.37
p1_E_W.213,1534.0,45.33,14.0,2,302.73
p1_E_W.214,1541.0,39.96,9.0,1,306.32
p1_N2_S2.139,1390.0,216.22,155.0,5,500.27
p1_S1_N1.157,1570.0,34.88,20.0,2,216.55
p1_N2_S2.140,1400.0,208.04,145.0,5,493.6
p1_S1_N1.158,1580.0,28.8,13.0,1,218.09
p1_S2_N2.153,1530.0,73.43,63.0,1,274.03
p1_N1_S1.158,1580.0,24.15,13.0,1,193.58
p1_S1_N1.159,1590.0,21.12,8.0,1,206.89
p1_N2_S2.141,1410.0,197.91,136.0,5,468.18
p1_S2_N2.154,1540.0,64.24,53.0,1,249.3
p1_N1_S1.159,1590.0,16.98,6.0,1,186.18
p1_N2_S2.142,1420.0,193.87,127.0,5,463.74
p1_S2_N2.155,1550.0,64.2,49.0,1,260.42
p1_N1_S1.160,1600.0,12.82,0.0,0,175.84
p1_S2_N2.156,1560.0,53.27,39.0,1,250.52
p1_S2_N2.157,1570.0,47.72,32.0,1,243.2
p1_N2_S2.143,1430.0,182.5,114.0,5,448.39
p1_S2_N2.158,1580.0,32.54,19.0,1,209.26
p1_N2_S2.144,1440.0,181.83,106.0,5,443.71
p1_S2_N2.159,1590.0,32.71,15.0,1,210.4
p1_E_W.215,1548.0,44.48,21.0,2,271.81
p1_S2_N2.160,1600.0,19.64,4.0,1,195.76
p1_N2_S2.145,1450.0,173.11,100.0,4,430.6
p1_E_W.216,1556.0,47.56,18.0,2,278.49
p1_S2_N2.161,1610.0,10.46,0.0,0,179.21
p1_E_W.217,1563.0,43.38,9.0,2,280.39
p1_S1_E.52,1563.0,44.69,25.0,2,291.84
p1_E_N1.52,1560.0,35.57,13.0,2,259.75
p1_E_W.218,1570.0,37.01,8.0,1,258.3
p1_W_E.334,1443.0,166.8,39.0,6,468.71
p1_W_E.335,1446.0,165.86,36.0,5,454.91
p1_E_W.219,1577.0,27.98,8.0,1,240.65
p1_W_E.336,1449.0,164.25,32.0,6,450.44
p1_E_W.220,1584.0,27.67,7.0,1,256.93
p1_E_N1.53,1590.0,25.18,5.0,1,251.45
p1_W_E.337,1454.0,159.17,27.0,5,460.08
p1_S1_E.53,1593.0,26.08,7.0,1,261.75
p1_W_E.338,1461.0,159.84,32.0,4,442.43
p1_S1_N1.160,1600.0,42.33,23.0,1,233.14
p1_N1_S1.161,1610.0,30.58,20.0,1,207.32
p1_N1_S1.162,1620.0,25.67,14.0,1,211.7
p1_S1_N1.161,1610.0,31.43,20.0,1,212.28
p1_S1_N1.162,1620.0,29.62,15.0,1,213.83
p1_N1_S1.163,1630.0,12.82,2.0,1,177.12
p1_N1_S1.164,1640.0,12.01,0.0,0,181.98
p1_W_S2.34,1475.0,156.37,28.0,4,430.58
p1_W_E.339,1469.0,148.65,30.0,4,424.6
p1_E_W.221,1593.0,40.86,16.0,2,275.62
p1_W_E.340,1472.0,163.13,25.0,4,433.79
p1_N2_W.47,1413.0,222.9,145.0,6,566.69
p1_W_E.341,1478.0,158.06,22.0,4,438.87
p1_W_E.342,1482.0,156.55,21.0,4,435.01
p1_W_E.343,1485.0,155.28,19.0,4,449.52
p1_N2_W.48,1443.0,188.93,108.0,6,521.18
p1_W_E.344,1489.0,153.13,19.0,4,444.42
p1_E_W.222,1599.0,43.36,22.0,2,296.96
p1_W_E.345,1499.0,141.24,18.0,4,412.34
p1_E_W.223,1606.0,38.02,15.0,2,289.71
p1_W_E.346,1503.0,142.75,18.0,5,448.36
p1_S1_N1.163,1630.0,38.7,20.0,2,222.6
p1_N1_S1.165,1650.0,18.41,8.0,1,185.64
p1_N1_S1.166,1660.0,10.21,0.0,0,187.44
p1_S1_E.54,1623.0,26.79,11.0,1,235.56
p1_N1_S1.167,1670.0,5.87,0.0,0,152.45
p1_W_E.347,1506.0,150.81,27.0,6,432.68
p1_S1_N1.164,1640.0,22.81,10.0,1,188.16
p1_E_W.224,1613.0,46.42,22.0,2,310.49
p1_S1_N1.165,1650.0,31.09,10.0,1,203.23
p1_E_N1.54,1623.0,40.84,11.0,2,293.46
p1_E_W.225,1620.0,37.29,13.0,2,286.26
p1_W_E.348,1509.0,146.66,25.0,6,415.45
p1_W_E.349,1512.0,157.08,25.0,7,431.72
p1_E_W.226,1628.0,32.94,9.0,1,269.74
p1_N2_S2.146,1460.0,232.46,163.0,5,522.54
p1_S2_N2.162,1620.0,72.41,61.0,1,268.22
p1_E_W.227,1635.0,25.74,8.0,1,236.92
p1_S2_N2.163,1630.0,64.13,53.0,1,256.47
p1_E_W.228,1642.0,31.48,8.0,1,251.74
p1_E_W.229,1649.0,14.99,0.0,0,226.35
p1_N2_S2.147,1470.0,220.76,159.0,4,505.65
p1_S1_N1.166,1660.0,39.53,21.0,2,219.69
p1_S2_N2.164,1640.0,52.47,40.0,1,238.93
p1_S1_N1.167,1670.0,31.36,17.0,1,210.29
p1_N2_S2.148,1480.0,217.06,155.0,4,493.42
p1_S2_N2.165,1650.0,52.56,37.0,1,251.44
p1_S1_N1.168,1680.0,23.74,10.0,1,197.02
p1_N2_S2.149,1490.0,208.85,156.0,4,485.38
p1_S2_N2.166,1660.0,44.41,27.0,1,240.62
p1_N2_S2.150,1500.0,205.99,149.0,4,486.41
p1_S2_N2.167,1670.0,36.08,19.0,1,243.84
p1_N1_S1.168,1680.0,11.47,0.0,0,171.37
p1_S2_N2.168,1680.0,27.9,11.0,1,234.43
p1_N2_S2.151,1510.0,198.78,140.0,4,471.45
p1_N1_S1.169,1690.0,19.59,0.0,0,180.56
p1_S2_N2.169,1690.0,17.7,2.0,1,205.88
p1_N1_S1.170,1700.0,11.25,0.0,0,175.98
p1_S2_N2.170,1700.0,11.31,0.0,0,178.78
p1_E_W.230,1656.0,37.39,12.0,1,270.72
p1_E_N1.55,1652.0,31.09,11.0,1,260.03
p1_W_E.350,1515.0,177.37,44.0,5,473.74
p1_W_S2.35,1521.0,177.11,42.0,5,471.77
p1_S1_E.55,1653.0,38.45,17.0,2,278.74
p1_W_E.351,1531.0,169.1,39.0,6,481.0
p1_E_W.231,1664.0,19.86,5.0,1,229.68
p1_E_N1.56,1681.0,20.51,4.0,1,240.14
p1_E_W.232,1671.0,25.51,5.0,1,243.43
p1_E_W.233,1678.0,27.32,4.0,1,251.72
p1_N2_W.49,1473.0,233.19,157.0,4,586.72
p1_W_E.352,1534.0,158.74,35.0,5,456.03
p1_S1_N1.169,1690.0,40.52,25.0,2,224.68
p1_W_E.353,1537.0,172.23,31.0,5,478.65
p1_N1_S1.171,1710.0,20.04,10.0,1,188.29
p1_W_E.354,1540.0,168.84,29.0,5,478.17
p1_N1_S1.172,1720.0,12.71,0.0,0,177.95
p1_W_E.355,1543.0,165.13,25.0,5,490.37
p1_S1_N1.170,1700.0,30.5,18.0,1,199.47
p1_N1_S1.173,1730.0,5.22,0.0,0,153.89
p1_W_E.356,1546.0,168.43,24.0,6,478.33
p1_S1_N1.171,1710.0,22.98,12.0,1,198.8
p1_S1_E.56,1683.0,25.34,8.0,1,268.15
p1_W_E.357,1552.0,159.85,30.0,5,446.63
p1_N2_W.50,1503.0,215.27,154.0,5,559.24
p1_W_E.358,1563.0,147.56,27.0,5,427.33
p1_E_W.234,1685.0,40.45,20.0,2,285.03
p1_W_E.359,1567.0,159.53,24.0,4,428.86
p1_E_W.235,1692.0,35.15,15.0,2,282.95
p1_W_E.360,1570.0,157.39,23.0,6,440.76
p1_E_W.236,1700.0,28.9,7.0,1,289.18
p1_W_E.361,1576.0,154.02,20.0,5,430.0
p1_E_W.237,1707.0,22.14,1.0,1,254.86
p1_W_S2.36,1573.0,145.26,21.0,5,424.08
p1_W_E.362,1579.0,149.29,15.0,4,413.07
p1_S2_N2.171,1710.0,48.33,38.0,1,235.22
p1_N2_S2.152,1520.0,239.02,178.0,5,545.11
p1_E_N1.57,1710.0,16.87,0.0,0,254.24
p1_S2_N2.172,1720.0,40.99,28.0,1,225.29
p1_N2_S2.153,1530.0,228.66,168.0,5,526.33
p1_S1_N1.172,1720.0,41.83,23.0,2,231.33
p1_N1_S1.174,1740.0,19.78,9.0,1,181.04
p1_S1_N1.173,1730.0,33.64,18.0,1,219.49
p1_S2_N2.173,1730.0,33.09,22.0,1,209.94
p1_S2_N2.174,1740.0,24.74,13.0,1,197.65
p1_N1_S1.175,1750.0,14.27,1.0,1,185.31
p1_S1_N1.174,1740.0,25.63,13.0,1,191.94
p1_N2_S2.154,1540.0,222.28,157.0,4,503.62
p1_N1_S1.176,1760.0,6.03,0.0,0,144.42
p1_N2_S2.155,1550.0,213.62,157.0,4,484.57
p1_N2_S2.156,1560.0,204.73,153.0,4,471.24
p1_S2_N2.175,1750.0,12.87,0.0,0,172.51
p1_S2_N2.176,1760.0,9.11,0.0,0,164.1
p1_E_W.238,1714.0,38.72,15.0,1,278.64
p1_N2_S2.157,1570.0,201.47,146.0,3,472.22
p1_E_W.239,1721.0,33.7,13.0,1,256.89
p1_N2_S2.158,1580.0,197.38,145.0,3,473.49
p1_E_W.240,1728.0,28.46,12.0,1,244.78
p1_S2_N2.177,1770.0,6.19,0.0,0,150.02
p1_N2_S2.159,1590.0,189.12,140.0,3,460.48
p1_E_W.241,1736.0,19.37,7.0,1,236.42
p1_E_N1.58,1740.0,18.45,4.0,1,233.8
p1_S1_E.57,1712.0,53.44,33.0,2,305.51
p1_N2_S2.160,1600.0,175.66,134.0,3,430.45
p1_N1_S1.177,1770.0,14.87,4.0,1,178.35
p1_W_E.363,1585.0,175.37,42.0,7,482.75
p1_S1_N1.175,1750.0,32.6,15.0,2,203.77
p1_S1_N1.176,1760.0,29.38,10.0,1,201.27
p1_N1_S1.178,1780.0,6.06,0.0,0,154.3
p1_W_E.364,1594.0,167.4,38.0,6,455.23
p1_S1_N1.177,1770.0,23.35,8.0,1,200.86
p1_W_E.365,1597.0,173.49,37.0,7,471.1
p1_W_E.366,1600.0,178.07,34.0,5,488.08
p1_E_W.242,1743.0,36.13,14.0,2,271.19
p1_W_E.367,1603.0,167.74,30.0,6,458.24
p1_N2_W.51,1533.0,247.92,173.0,6,611.65
p1_W_E.368,1606.0,171.06,26.0,6,483.11
p1_W_E.369,1609.0,174.53,24.0,5,482.18
p1_S1_E.58,1743.0,33.29,9.0,1,268.55
p1_W_S2.37,1624.0,162.31,29.0,5,429.31
p1_N2_W.52,1563.0,213.79,153.0,4,555.56
p1_N2_W.53,1593.0,195.12,140.0,3,527.2
p1_E_W.243,1750.0,36.49,24.0,1,253.0
p1_E_W.244,1757.0,35.37,21.0,1,271.78
p1_E_W.245,1764.0,30.1,15.0,1,259.9
p1_W_E.370,1615.0,152.6,28.0,5,439.72
p1_E_N1.59,1770.0,25.34,11.0,1,255.74
p1_W_E.371,1627.0,169.37,27.0,5,446.52
p1_E_W.246,1773.0,24.41,8.0,1,260.08
p1_W_E.372,1630.0,145.43,25.0,5,420.37
p1_E_W.247,1779.0,20.42,3.0,1,249.85
p1_S1_E.59,1773.0,27.43,7.0,1,250.04
p1_S2_N2.178,1780.0,44.82,33.0,1,235.47
p1_S2_N2.179,1790.0,36.68,25.0,1,215.39
p1_N2_S2.161,1610.0,212.06,163.0,4,503.23
p1_E_W.248,1786.0,10.18,0.0,0,216.58
p2_S2_N2.0,1800.0,28.69,17.0,1,208.06
p1_N2_S2.162,1620.0,208.84,151.0,4,506.71
p1_E_W.249,1793.0,14.99,0.0,0,222.74
p1_N2_S2.163,1630.0,199.18,143.0,4,468.29
p2_E_W.0,1800.0,9.07,0.0,0,221.8
p1_N2_S2.164,1640.0,193.08,134.0,4,471.32
p1_N2_S2.165,1650.0,184.74,125.0,4,454.86
p2_E_S1.0,1803.0,17.3,4.0,1,231.04
p1_W_E.373,1635.0,187.42,49.0,8,494.19
p1_S1_N1.178,1780.0,64.43,46.0,2,259.54
p1_W_E.374,1641.0,181.67,41.0,6,481.13
p1_W_E.375,1651.0,175.91,35.0,5,460.3
p1_N1_S1.179,1790.0,50.81,39.0,1,234.79
p1_S1_N1.179,1790.0,53.93,41.0,1,244.0
p2_N1_S1.0,1800.0,50.57,34.0,1,251.38
p2_S1_N1.0,1800.0,50.55,35.0,1,249.47
p1_W_E.376,1654.0,171.07,35.0,5,470.09
p1_W_E.377,1657.0,174.42,31.0,5,475.31
p1_W_E.378,1660.0,173.16,30.0,5,472.76
p2_S1_N1.1,1810.0,37.41,24.0,1,213.51
p1_W_E.379,1663.0,166.45,28.0,6,448.09
p2_E_W.1,1806.0,29.28,15.0,2,245.32
p1_W_E.380,1666.0,171.75,27.0,5,469.18
p1_N2_W.54,1623.0,214.43,152.0,6,571.0
p1_W_S2.38,1671.0,167.6,23.0,5,461.17
p1_N2_W.55,1653.0,186.07,123.0,5,503.43
p1_W_E.381,1682.0,158.67,23.0,5,462.22
p1_W_E.382,1685.0,157.58,20.0,5,468.07
p2_S2_W.0,1803.0,38.58,22.0,2,258.09
p1_W_E.383,1690.0,144.5,22.0,5,428.92
p1_N2_S2.166,1660.0,215.57,149.0,4,491.38
p1_W_E.384,1696.0,135.72,20.0,3,419.63
p2_S2_N2.1,1810.0,64.38,43.0,3,257.64
p2_S2_N2.2,1820.0,58.1,35.0,3,254.16
p1_W_E.385,1706.0,151.32,18.0,3,419.16
p1_N2_S2.167,1670.0,206.59,148.0,4,472.59
p2_S2_N2.3,1830.0,50.36,31.0,2,244.27
p1_N2_S2.168,1680.0,200.79,145.0,4,475.58
p2_E_W.2,1809.0,29.09,13.0,1,244.7
p2_E_W.3,1812.0,51.27,12.0,1,272.87
p2_E_W.4,1815.0,48.58,12.0,1,284.33
p2_E_W.5,1818.0,39.61,12.0,1,295.67
p2_E_W.6,1821.0,46.32,11.0,2,320.18
p2_E_W.7,1824.0,41.09,10.0,1,311.56
p1_W_E.386,1710.0,149.63,25.0,4,442.67
p2_E_W.8,1827.0,41.17,10.0,1,296.01
p1_W_E.387,1713.0,155.25,23.0,4,460.89
p2_E_W.9,1830.0,44.48,10.0,1,301.63
p1_W_E.388,1716.0,146.77,22.0,4,434.83
p2_E_W.10,1833.0,39.86,9.0,1,301.53
p1_W_E.389,1719.0,158.65,21.0,4,465.08
p1_W_E.390,1722.0,157.36,18.0,4,457.76
p1_W_S2.39,1725.0,148.3,16.0,4,428.93
p2_N1_E.0,1803.0,73.06,45.0,3,338.11
p1_N2_S2.169,1690.0,214.84,156.0,5,499.63
p2_S2_N2.4,1840.0,62.63,46.0,3,252.63
p1_N2_S2.170,1700.0,210.08,148.0,5,509.99
p2_E_S1.1,1836.0,49.77,22.0,2,304.61
p2_S1_N1.2,1820.0,91.35,70.0,2,303.89
p2_S2_N2.5,1850.0,61.12,38.0,2,262.39
p2_N1_S1.1,1810.0,101.99,81.0,3,321.96
p2_S2_N2.6,1860.0,52.72,30.0,2,247.84
p2_N1_S1.2,1820.0,93.71,69.0,3,311.83
p1_N2_S2.171,1710.0,196.43,137.0,5,472.29
p2_N1_S1.3,1830.0,85.6,61.0,2,295.6
p1_N2_S2.172,1720.0,196.31,128.0,7,483.03
p1_N2_S2.173,1730.0,186.97,116.0,6,460.46
p2_S1_N1.3,1830.0,78.57,58.0,2,286.61
p1_N2_S2.174,1740.0,179.87,105.0,5,456.89
p2_S1_N1.4,1840.0,73.52,50.0,1,278.07
p2_E_W.11,1839.0,59.46,31.0,3,330.3
p1_W_E.391,1728.0,176.39,43.0,5,480.11
p1_W_E.392,1731.0,175.44,41.0,5,488.44
p1_W_E.393,1734.0,174.3,38.0,6,480.53
p1_W_E.394,1742.0,168.02,34.0,4,475.45
p1_W_E.395,1746.0,165.76,33.0,5,469.96
p1_W_E.396,1751.0,162.64,31.0,4,453.68
p2_E_W.12,1842.0,45.92,20.0,3,280.7
p2_N1_S1.4,1840.0,95.25,64.0,3,312.38
p2_S1_N1.5,1850.0,85.39,63.0,2,287.36
p2_E_W.13,1845.0,70.36,20.0,3,308.58
p2_N1_S1.5,1850.0,87.3,59.0,2,298.1
p2_S1_N1.6,1860.0,77.68,58.0,2,283.57
p2_E_W.14,1848.0,60.41,18.0,2,320.75
p1_W_E.397,1758.0,152.75,33.0,5,448.47
p2_N1_S1.6,1860.0,79.46,59.0,2,289.74
p1_N2_W.56,1683.0,235.66,155.0,6,597.85
p1_W_E.398,1768.0,151.29,30.0,5,431.78
p2_S1_N1.7,1870.0,67.84,47.0,2,258.11
p1_W_E.399,1772.0,149.03,30.0,5,449.14
p2_S1_N1.8,1880.0,62.48,37.0,2,259.2
p2_S2_W.1,1833.0,93.13,52.0,6,365.04
p2_S2_N2.7,1870.0,76.72,46.0,4,272.27
p1_N2_S2.175,1750.0,199.63,119.0,5,473.29
p2_E_W.15,1851.0,77.88,32.0,5,357.2
p1_N2_S2.176,1760.0,191.38,118.0,5,447.55
p2_E_W.16,1854.0,76.91,26.0,4,342.29
p2_S2_N2.8,1880.0,66.39,37.0,3,259.41
p1_N2_S2.177,1770.0,183.2,114.0,5,449.11
p2_E_W.17,1857.0,75.67,23.0,4,352.21
p2_S2_N2.9,1890.0,64.27,34.0,3,256.58
p2_E_W.18,1860.0,74.69,22.0,4,344.08
p2_N1_S1.7,1870.0,91.53,63.0,3,314.86
p2_S1_N1.9,1890.0,71.24,43.0,3,281.35
p1_W_S2.40,1778.0,164.44,38.0,5,455.71
p2_N1_S1.8,1880.0,82.18,53.0,3,289.04
p2_S1_N1.10,1900.0,62.31,32.0,3,268.56
p2_N1_S1.9,1890.0,75.98,45.0,3,289.94
p2_S1_N1.11,1910.0,56.19,21.0,3,255.28
p1_W_E.400,1775.0,156.23,41.0,5,452.39
p2_S1_N1.12,1920.0,47.92,20.0,2,237.74
p1_W_E.401,1781.0,158.37,38.0,6,454.35
p2_S1_N1.13,1930.0,39.64,16.0,2,230.19
p1_W_E.402,1784.0,163.42,33.0,5,459.94
p1_W_E.403,1790.0,151.5,32.0,5,449.96
p1_W_E.404,1800.0,144.43,32.0,5,445.2
p2_E_W.19,1863.0,90.61,33.0,5,371.88
p2_E_W.20,1866.0,89.99,29.0,4,376.69
p1_W_E.405,1804.0,152.25,31.0,6,464.09
p1_W_E.406,1807.0,141.27,31.0,5,433.16
p1_W_E.407,1810.0,144.46,30.0,5,450.49
p1_W_E.408,1813.0,148.62,28.0,4,464.74
p1_W_E.409,1816.0,147.17,29.0,5,453.74
p1_W_E.410,1822.0,143.18,27.0,5,447.47
p1_W_S2.41,1831.0,131.06,28.0,5,420.21
p1_W_E.411,1834.0,126.87,24.0,5,411.73
p1_W_E.412,1837.0,134.08,21.0,5,411.15
p1_W_E.413,1841.0,131.86,23.0,5,422.14
p2_E_S1.2,1869.0,102.94,39.0,5,400.11
p1_W_E.414,1844.0,126.8,22.0,6,407.82
p1_N2_W.57,1713.0,261.99,157.0,10,645.43
p2_N1_E.1,1833.0,142.75,72.0,4,463.92
p1_W_E.415,1847.0,131.1,30.0,6,449.37
p2_S2_W.2,1863.0,110.4,52.0,6,389.32
p1_W_E.416,1852.0,127.83,26.0,4,446.57
p2_E_W.21,1872.0,108.16,47.0,5,423.72
p1_W_E.417,1862.0,116.38,26.0,4,431.58
p2_E_W.22,1875.0,106.95,42.0,5,397.17
p1_W_E.418,1866.0,117.5,25.0,4,444.69
p2_E_W.23,1878.0,105.72,40.0,5,389.95
p1_W_E.419,1870.0,115.28,22.0,4,442.77
p2_E_W.24,1881.0,104.47,37.0,5,384.94
p2_N1_E.2,1863.0,122.92,66.0,5,470.83
p1_W_E.420,1878.0,110.76,30.0,6,444.54
p2_E_W.25,1884.0,99.93,33.0,5,373.19
p2_E_W.26,1887.0,94.03,34.0,6,373.99
p2_E_W.27,1890.0,103.92,30.0,5,388.34
p2_E_W.28,1893.0,102.79,30.0,5,392.04
p2_E_W.29,1896.0,101.45,30.0,5,403.5
p2_S2_N2.10,1900.0,112.7,76.0,4,339.15
p2_S2_N2.11,1910.0,103.76,69.0,3,312.61
p1_N2_S2.178,1780.0,242.95,161.0,7,547.76
p2_E_W.30,1899.0,87.57,26.0,6,359.73
p2_S2_N2.12,1920.0,103.01,68.0,3,324.21
p1_N2_W.58,1743.0,260.38,138.0,10,628.78
p1_W_S2.42,1888.0,116.16,37.0,7,445.99
p1_N2_W.59,1773.0,232.05,122.0,7,608.91
p2_S2_W.3,1893.0,105.49,39.0,5,399.86
p1_W_E.421,1892.0,114.64,34.0,6,433.47
p1_W_E.422,1895.0,114.53,28.0,4,435.02
p2_E_S1.3,1902.0,108.24,35.0,6,412.31
p1_W_E.423,1898.0,113.36,28.0,4,440.52
p2_N1_E.3,1893.0,119.63,54.0,6,436.28
p2_N1_S1.10,1900.0,132.96,90.0,4,374.49
p2_S1_N1.14,1940.0,95.16,66.0,2,317.08
p1_W_E.424,1901.0,113.94,38.0,5,435.96
p2_N1_S1.11,1910.0,127.34,80.0,4,359.04
p1_W_E.425,1904.0,112.74,33.0,5,418.55
p2_N1_S1.12,1920.0,119.06,72.0,4,348.74
p1_W_E.426,1907.0,104.88,32.0,5,397.75
p1_W_E.427,1910.0,113.23,31.0,5,428.48
p2_E_W.31,1905.0,119.08,41.0,8,428.55
p2_S1_N1.15,1950.0,79.92,59.0,2,284.29
p1_W_E.428,1913.0,112.89,30.0,5,436.62
p2_E_W.32,1908.0,117.93,34.0,7,426.05
p2_S1_N1.16,1960.0,82.2,56.0,1,293.59
p2_E_W.33,1911.0,117.06,32.0,5,430.39
p2_E_W.34,1914.0,116.03,28.0,5,411.87
p1_W_E.429,1916.0,99.04,29.0,6,391.17
p1_W_S2.43,1922.0,106.06,21.0,4,401.05
p1_W_E.430,1919.0,113.24,26.0,5,411.31
p1_W_E.431,1925.0,108.91,28.0,6,423.36
p2_E_W.35,1917.0,109.59,26.0,5,399.31
p2_E_W.36,1920.0,116.44,23.0,3,416.99
p2_E_W.37,1923.0,115.14,23.0,4,421.36
p2_S2_N2.13,1930.0,128.93,90.0,3,355.65
p1_N2_S2.179,1790.0,268.45,185.0,8,593.23
p2_S2_N2.14,1940.0,121.65,83.0,3,352.16
p2_N2_S2.0,1800.0,262.9,171.0,9,578.19
p2_E_W.38,1926.0,103.25,24.0,4,382.65
p2_E_W.39,1929.0,115.3,22.0,4,402.2
p2_E_W.40,1932.0,113.97,22.0,5,408.9
p2_S2_N2.15,1950.0,110.33,73.0,2,323.97
p2_N2_S2.1,1810.0,246.04,160.0,7,542.58
p2_N2_S2.2,1820.0,255.2,158.0,7,551.56
p2_S1_N1.17,1970.0,104.53,85.0,2,320.96
p2_E_S1.4,1935.0,108.45,22.0,5,416.71
p2_N2_S2.3,1830.0,246.94,152.0,7,542.28
p2_S1_N1.18,1980.0,97.07,76.0,2,320.02
p2_N1_S1.13,1930.0,148.06,92.0,4,400.7
p2_N2_S2.4,1840.0,230.94,146.0,8,534.63
p2_N1_S1.14,1940.0,139.77,91.0,4,386.85
p2_S1_N1.19,1990.0,88.87,69.0,2,301.92
p2_N2_S2.5,1850.0,230.51,138.0,7,536.61
p2_N1_S1.15,1950.0,131.62,84.0,3,372.31
p2_N2_S2.6,1860.0,222.25,127.0,7,513.91
p2_N2_S2.7,1870.0,214.09,117.0,6,495.59
p2_S1_N1.20,2000.0,77.18,54.0,2,273.52
p2_N2_S2.8,1880.0,205.21,116.0,6,475.11
p2_N2_S2.9,1890.0,197.51,118.0,6,470.03
p2_E_W.41,1938.0,127.62,30.0,6,439.39
p1_W_E.432,1928.0,139.28,56.0,6,452.39
p2_N2_S2.10,1900.0,189.32,109.0,6,457.85
p1_W_E.433,1931.0,138.3,54.0,6,443.96
p1_W_E.434,1934.0,137.53,51.0,6,454.79
p1_W_E.435,1937.0,136.18,48.0,6,459.96
p2_E_W.42,1941.0,118.62,28.0,6,417.82
p2_E_W.43,1944.0,130.31,24.0,4,432.16
p2_E_W.44,1947.0,128.99,23.0,4,440.9
p2_E_W.45,1950.0,117.99,22.0,4,415.8
p2_E_W.46,1953.0,126.75,21.0,4,446.05
p2_E_W.47,1956.0,125.47,17.0,5,429.31
p2_S2_N2.16,1960.0,137.67,97.0,4,363.1
p2_S2_N2.17,1970.0,134.78,95.0,4,361.59
p2_N2_S2.11,1910.0,186.6,107.0,6,455.43
p2_N1_S1.16,1960.0,144.94,96.0,4,385.55
p2_S1_N1.21,2010.0,95.2,67.0,3,307.36
p2_N2_S2.12,1920.0,184.25,100.0,6,469.22
p2_N1_S1.17,1970.0,136.9,91.0,4,375.48
p2_S1_N1.22,2020.0,86.95,56.0,3,300.25
p2_N2_S2.13,1930.0,178.93,100.0,8,467.52
p2_N1_S1.18,1980.0,126.94,90.0,3,355.26
p2_N2_S2.14,1940.0,161.57,89.0,5,406.64
p2_S2_N2.18,1980.0,117.67,80.0,4,336.21
p2_N2_S2.15,1950.0,163.69,90.0,5,398.77
p2_S1_N1.23,2030.0,73.47,46.0,3,274.53
p2_N2_S2.16,1960.0,155.42,89.0,4,409.23
p2_S1_N1.24,2040.0,70.56,42.0,2,273.82
p2_N2_S2.17,1970.0,147.22,81.0,5,398.5
p2_S1_N1.25,2050.0,67.37,40.0,2,273.11
p2_E_W.48,1959.0,138.06,27.0,6,462.25
p2_N2_S2.18,1980.0,137.6,72.0,4,381.22
p2_E_W.49,1962.0,136.91,21.0,5,465.7
p2_N2_S2.19,1990.0,130.64,73.0,5,375.82
p2_N2_S2.20,2000.0,117.36,67.0,4,364.31
p2_N2_S2.21,2010.0,114.36,60.0,5,370.23
p2_S2_W.4,1923.0,171.54,82.0,6,503.97
p2_E_W.50,1965.0,138.59,33.0,6,450.39
p2_N2_S2.22,2020.0,96.7,49.0,3,304.05
p2_N2_S2.23,2030.0,99.17,47.0,4,320.62
p2_N2_S2.24,2040.0,90.9,35.0,5,309.91
p2_N2_S2.25,2050.0,76.02,28.0,4,296.85
p2_E_S1.5,1968.0,139.13,30.0,5,460.49
p2_S1_N1.26,2060.0,75.91,48.0,3,278.73
p2_N1_S1.19,1990.0,149.47,101.0,5,407.62
p2_S1_N1.27,2070.0,69.08,37.0,3,281.01
p2_N1_S1.20,2000.0,140.72,92.0,4,375.31
p2_S1_N1.28,2080.0,62.17,27.0,2,274.74
p2_N1_S1.21,2010.0,128.79,80.0,4,349.28
p1_W_E.436,1940.0,157.04,76.0,6,482.55
p1_W_E.437,1943.0,181.04,76.0,6,502.73
p2_N2_S2.26,2060.0,86.23,37.0,4,314.45
p2_S1_N1.29,2090.0,48.88,26.0,2,237.07
p1_W_E.438,1946.0,156.69,69.0,7,471.54
p1_W_E.439,1949.0,179.06,66.0,5,500.47
p2_E_W.51,1971.0,156.59,37.0,5,472.13
p2_N2_S2.27,2070.0,77.31,36.0,4,304.02
p2_E_W.52,1974.0,155.85,36.0,7,473.48
p2_S2_N2.19,1990.0,152.58,105.0,6,389.52
p2_N2_S2.28,2080.0,72.27,31.0,4,305.18
p2_E_W.53,1977.0,154.67,30.0,6,473.74
p2_S2_N2.20,2000.0,150.55,94.0,6,406.39
p2_N2_S2.29,2090.0,64.02,20.0,3,292.78
p2_E_W.54,1980.0,153.71,29.0,4,465.22
p2_S2_N2.21,2010.0,144.0,84.0,6,386.95
p2_N2_S2.30,2100.0,55.68,13.0,3,274.32
p2_E_W.55,1983.0,152.59,27.0,5,475.31
p2_N2_S2.31,2110.0,47.51,12.0,2,254.48
p2_E_W.56,1986.0,151.38,25.0,5,461.14
p2_N2_S2.32,2120.0,36.38,8.0,1,226.54
p2_N2_S2.33,2130.0,27.7,7.0,1,207.58
p2_N2_S2.34,2140.0,19.4,6.0,1,191.08
p2_N1_S1.22,2020.0,146.7,89.0,5,391.61
p2_S1_N1.30,2100.0,66.24,36.0,3,273.03
p2_N2_S2.35,2150.0,17.0,0.0,0,190.21
p2_S2_W.5,1953.0,174.25,99.0,5,491.71
p2_N1_S1.23,2030.0,138.49,75.0,5,373.07
p2_S1_N1.31,2110.0,58.09,27.0,2,250.48
p2_N2_S2.36,2160.0,8.56,0.0,0,164.26
p2_N1_S1.24,2040.0,130.63,68.0,5,359.45
p1_W_E.440,1952.0,200.71,92.0,6,538.08
p1_W_S2.44,1955.0,199.73,93.0,7,534.78
p2_N1_E.4,1923.0,233.54,147.0,7,596.48
p2_S1_N1.32,2120.0,42.1,22.0,2,226.6
p2_E_W.57,1989.0,168.35,61.0,5,488.02
p2_S1_N1.33,2130.0,49.89,19.0,2,251.29
p1_W_E.441,1958.0,199.02,97.0,8,540.32
p2_S1_N1.34,2140.0,41.49,13.0,1,240.39
p2_E_W.58,1992.0,166.82,60.0,6,496.6
p1_W_E.442,1961.0,200.24,90.0,6,534.73
p2_E_W.59,1995.0,167.67,55.0,6,497.65
p2_E_W.60,1998.0,163.44,56.0,6,490.55
p1_W_E.443,1964.0,188.29,89.0,6,519.52
p2_S2_W.6,1983.0,177.17,110.0,9,495.92
p2_E_S1.6,2001.0,169.29,79.0,6,518.39
p1_W_E.444,1967.0,187.44,86.0,6,513.18
p1_W_E.445,1970.0,196.37,84.0,7,534.93
p1_W_E.446,1973.0,201.87,80.0,6,537.49
p1_W_E.447,1976.0,192.25,77.0,7,528.11
p1_W_E.448,1979.0,199.51,76.0,4,534.09
p1_W_S2.45,1988.0,191.82,71.0,5,496.03
p2_E_W.61,2004.0,155.6,77.0,6,491.65
p2_E_W.62,2007.0,175.92,77.0,6,507.85
p1_W_E.449,1982.0,179.8,73.0,4,499.59
p2_E_W.63,2010.0,174.57,74.0,5,524.59
p1_W_E.450,1985.0,200.29,73.0,5,508.2
p1_W_E.451,1991.0,185.96,71.0,5,507.09
p2_S2_W.7,2013.0,171.43,94.0,7,505.73
p2_E_W.64,2013.0,173.6,93.0,5,505.96
p2_N1_E.5,1953.0,234.99,141.0,6,580.0
p2_E_W.65,2016.0,173.73,91.0,4,524.42
p2_E_W.66,2019.0,172.56,90.0,4,533.09
p2_E_W.67,2022.0,155.11,86.0,4,458.5
p1_W_E.452,1994.0,174.72,71.0,5,492.71
p1_W_E.453,1997.0,186.71,68.0,6,510.26
p2_E_W.68,2025.0,152.0,83.0,5,436.11
p1_W_E.454,2000.0,200.7,64.0,6,523.18
p2_E_W.69,2028.0,165.37,80.0,5,476.03
p1_W_E.455,2003.0,196.74,61.0,5,528.66
p2_E_W.70,2031.0,172.34,79.0,4,489.27
p1_W_E.456,2006.0,198.81,57.0,5,530.32
p1_W_E.457,2009.0,197.62,56.0,5,525.55
p1_W_S2.46,2021.0,183.51,52.0,6,502.18
p2_N1_E.6,1983.0,220.63,127.0,6,565.61
p1_W_E.458,2012.0,198.17,64.0,5,555.45
p1_W_E.459,2015.0,190.62,61.0,5,543.9
p1_W_E.460,2018.0,187.04,57.0,5,525.37
p1_W_E.461,2024.0,191.64,52.0,5,522.98
p2_S2_N2.22,2020.0,217.61,145.0,8,492.0
p2_N2_S2.37,2170.0,65.3,54.0,1,253.22
p2_S2_N2.23,2030.0,209.91,137.0,8,477.81
p2_E_S1.7,2034.0,185.36,95.0,5,503.06
p2_S2_N2.24,2040.0,201.72,133.0,8,467.27
p2_N2_S2.38,2180.0,58.17,47.0,1,250.64
p2_N2_S2.39,2190.0,52.54,40.0,1,249.92
p2_S1_N1.35,2150.0,93.91,72.0,2,312.51
p2_S1_N1.36,2160.0,86.26,67.0,2,299.56
p2_N2_S2.40,2200.0,39.73,28.0,1,216.19
p2_N2_S2.41,2210.0,37.76,22.0,1,224.92
p2_S1_N1.37,2170.0,77.04,61.0,1,275.36
p1_W_E.462,2027.0,203.53,66.0,6,538.49
p2_S1_N1.38,2180.0,67.6,55.0,1,259.11
p2_S1_N1.39,2190.0,63.62,47.0,1,268.6
p1_W_E.463,2030.0,202.5,63.0,6,535.93
p2_S1_N1.40,2200.0,54.2,38.0,1,247.36
p2_N1_E.7,2013.0,220.81,120.0,7,567.51
p2_S1_N1.41,2210.0,46.57,32.0,1,249.49
p1_W_E.464,2033.0,203.67,68.0,7,555.41
p2_S1_N1.42,2220.0,37.23,23.0,1,222.39
p1_W_E.465,2036.0,202.69,66.0,7,552.85
p2_S1_N1.43,2230.0,28.34,13.0,1,204.48
p1_W_E.466,2039.0,201.6,66.0,7,534.59
p2_S1_N1.44,2240.0,22.25,7.0,1,203.51
p2_S1_N1.45,2250.0,13.55,0.0,0,193.72
p1_W_E.467,2042.0,198.05,68.0,7,527.11
p2_S1_N1.46,2260.0,6.13,0.0,0,149.01
p2_N1_S1.25,2050.0,221.79,144.0,9,498.09
p1_W_E.468,2045.0,187.67,67.0,8,516.68
p2_S2_N2.25,2050.0,223.96,150.0,8,504.56
p2_N1_S1.26,2060.0,214.89,136.0,7,491.59
p1_W_E.469,2048.0,201.23,63.0,6,528.61
p2_N1_S1.27,2070.0,206.61,136.0,6,470.22
p2_S1_N1.47,2270.0,6.09,0.0,0,151.95
p2_S2_N2.26,2060.0,213.87,140.0,8,482.49
p2_S2_N2.27,2070.0,209.55,131.0,8,478.85
p2_N2_S2.42,2220.0,49.35,30.0,2,233.06
p2_N2_S2.43,2230.0,50.94,26.0,2,244.08
p2_N2_S2.44,2240.0,37.16,18.0,1,224.76
p2_N1_S1.28,2080.0,198.86,127.0,7,455.32
p2_N2_S2.45,2250.0,34.44,16.0,1,219.0
p2_N1_S1.29,2090.0,195.74,121.0,8,470.77
p1_W_E.470,2051.0,213.34,70.0,7,543.03
p2_N1_S1.30,2100.0,185.86,108.0,6,437.17
p2_S1_N1.48,2280.0,5.53,0.0,0,147.35
p1_W_S2.47,2054.0,209.16,78.0,8,534.04
p1_W_E.471,2062.0,204.16,72.0,8,519.43
p1_W_E.472,2066.0,199.34,69.0,8,509.74
p2_S1_N1.49,2290.0,5.96,0.0,0,158.6
p1_W_E.473,2069.0,203.19,65.0,8,516.06
p2_N1_S1.31,2110.0,177.64,105.0,6,423.63
p1_W_E.474,2072.0,205.06,61.0,9,530.88
p2_N1_S1.32,2120.0,178.64,106.0,6,433.51
p1_W_E.475,2075.0,203.89,65.0,8,514.18
p2_N1_S1.33,2130.0,170.26,97.0,5,432.48
p1_W_E.476,2078.0,202.61,60.0,11,529.9
p1_W_E.477,2081.0,198.98,59.0,6,517.23
p1_W_E.478,2085.0,199.11,55.0,7,508.99
p1_W_E.479,2092.0,192.93,57.0,7,500.16
p2_E_W.71,2037.0,243.97,156.0,6,587.89
p2_E_W.72,2040.0,241.75,155.0,6,583.63
p2_E_W.73,2043.0,246.67,152.0,7,590.78
p2_E_W.74,2046.0,242.94,149.0,8,587.97
p2_N1_E.8,2043.0,228.87,153.0,8,565.72
p2_N1_E.9,2073.0,218.64,135.0,8,542.57
p2_N1_S1.34,2140.0,178.53,110.0,5,430.5
p2_N1_E.10,2103.0,184.24,108.0,5,473.94
p2_N1_S1.35,2150.0,168.46,109.0,5,430.5
p2_S1_N1.50,2300.0,13.78,3.0,1,174.68
p2_N1_E.11,2133.0,168.77,98.0,6,474.25
p2_N1_S1.36,2160.0,164.7,100.0,6,419.84
p2_S1_N1.51,2310.0,15.19,0.0,0,187.95
p2_S1_N1.52,2320.0,6.4,0.0,0,150.08
p1_W_E.480,2096.0,208.78,103.0,5,513.41
p2_N1_S1.37,2170.0,162.51,96.0,5,406.67
p1_W_S2.48,2099.0,211.57,99.0,6,523.33
p1_W_E.481,2102.0,210.6,96.0,6,532.66
p2_N1_S1.38,2180.0,154.56,94.0,5,398.16
p2_S1_N1.53,2330.0,5.6,0.0,0,146.0
p1_W_E.482,2105.0,206.23,93.0,6,521.29
p2_N1_S1.39,2190.0,147.0,89.0,4,384.04
p1_W_E.483,2108.0,209.51,89.0,5,534.37
p2_N1_S1.40,2200.0,141.12,83.0,3,381.93
p2_N1_S1.41,2210.0,133.04,82.0,4,363.67
p2_S1_N1.54,2340.0,5.71,0.0,0,155.39
p2_N1_S1.42,2220.0,123.25,74.0,3,342.89
p2_S2_N2.28,2080.0,269.62,180.0,10,565.0
p2_N2_S2.46,2260.0,89.07,70.0,2,298.23
p2_E_W.75,2049.0,280.8,179.0,8,652.75
p2_S2_N2.29,2090.0,261.68,173.0,8,558.22
p2_N2_S2.47,2270.0,82.34,63.0,2,292.05
p2_E_W.76,2052.0,278.78,175.0,8,645.73
p2_S2_N2.30,2100.0,253.84,172.0,9,543.08
p2_E_W.77,2055.0,279.51,176.0,7,650.38
p2_E_W.78,2058.0,278.28,169.0,8,652.9
p2_N2_S2.48,2280.0,68.76,56.0,1,261.91
p2_N2_S2.49,2290.0,66.87,50.0,1,260.02
p2_N2_S2.50,2300.0,62.38,44.0,1,257.72
p2_N2_S2.51,2310.0,54.25,36.0,1,242.5
p2_S1_N1.55,2350.0,14.76,2.0,1,185.7
p2_N2_S2.52,2320.0,45.94,28.0,1,251.1
p2_N2_S2.53,2330.0,28.93,17.0,1,201.92
p2_S1_N1.56,2360.0,5.65,0.0,0,152.87
p2_N2_S2.54,2340.0,30.97,12.0,1,220.18
p2_N2_S2.55,2350.0,13.76,0.0,0,179.2
p2_N1_S1.43,2230.0,144.26,80.0,5,392.34
p2_N2_S2.56,2360.0,9.76,0.0,0,158.93
p2_N1_S1.44,2240.0,136.27,70.0,5,386.4
p2_S1_N1.57,2370.0,5.69,0.0,0,154.11
p2_N2_S2.57,2370.0,6.67,0.0,0,153.48
p2_N1_S1.45,2250.0,127.93,61.0,5,375.27
p2_S2_N2.31,2110.0,262.42,171.0,8,564.6
p2_S2_N2.32,2120.0,256.07,168.0,11,552.48
p2_N1_S1.46,2260.0,122.05,51.0,6,357.78
p2_S2_N2.33,2130.0,254.0,168.0,8,560.74
p2_S1_N1.58,2380.0,5.27,0.0,0,146.97
p2_S2_N2.34,2140.0,240.35,158.0,7,517.01
p2_S2_N2.35,2150.0,234.26,152.0,7,517.17
p2_S2_N2.36,2160.0,229.88,143.0,6,513.44
p2_E_W.79,2061.0,310.79,195.0,8,699.82
p2_N1_S1.47,2270.0,106.45,38.0,4,330.25
p2_N1_S1.48,2280.0,114.85,29.0,4,355.9
p2_N2_S2.58,2380.0,6.44,0.0,0,147.87
p2_N1_E.12,2163.0,212.75,137.0,7,565.86
p2_N1_E.13,2193.0,184.31,116.0,5,510.76
p2_E_W.80,2064.0,297.52,190.0,8,665.48
p2_E_S1.8,2067.0,315.67,193.0,10,700.27
p1_W_E.484,2111.0,264.02,143.0,8,608.41
p1_W_E.485,2114.0,271.64,137.0,7,625.24
p2_S1_N1.59,2390.0,17.06,4.0,1,186.66
p2_S2_N2.37,2170.0,240.21,153.0,8,527.43
p2_S1_N1.60,2400.0,6.65,0.0,0,157.59
p2_N2_S2.59,2390.0,19.03,7.0,1,189.2
p2_S2_N2.38,2180.0,230.65,149.0,7,505.97
p2_S2_N2.39,2190.0,225.44,148.0,6,513.97
p2_N1_S1.49,2290.0,125.09,40.0,5,376.17
p2_S1_N1.61,2410.0,5.64,0.0,0,151.77
p2_N1_S1.50,2300.0,116.46,36.0,5,349.06
p2_N2_S2.60,2400.0,6.85,0.0,0,165.37
p2_N1_S1.51,2310.0,109.84,30.0,5,349.36
p2_N2_S2.61,2410.0,10.67,0.0,0,164.8
p1_W_E.486,2117.0,284.79,145.0,7,655.2
p2_N1_S1.52,2320.0,103.67,18.0,4,336.92
p1_W_E.487,2120.0,283.77,142.0,7,646.72
p2_N1_S1.53,2330.0,95.65,15.0,3,302.53
p2_S1_N1.62,2420.0,5.87,0.0,0,151.61
p1_W_E.488,2124.0,281.61,141.0,7,640.07
p2_N1_S1.54,2340.0,87.32,12.0,2,289.83
p2_E_W.81,2070.0,342.38,215.0,10,750.06
p2_E_W.82,2073.0,341.35,213.0,10,741.57
p1_W_S2.49,2139.0,277.44,139.0,7,635.31
p2_E_W.83,2076.0,339.27,206.0,10,739.32
p2_N1_E.14,2223.0,170.54,100.0,7,488.46
p2_E_W.84,2079.0,339.17,203.0,9,732.8
p2_N1_E.15,2253.0,162.98,71.0,7,470.72
p1_W_E.489,2133.0,286.65,148.0,7,651.8
p2_E_W.85,2082.0,337.95,200.0,9,721.67
p1_W_E.490,2136.0,284.22,145.0,8,661.84
p1_W_E.491,2142.0,264.46,135.0,7,617.98
p2_S1_N1.63,2430.0,16.17,6.0,1,180.61
p1_W_E.492,2145.0,279.29,131.0,6,635.0
p2_N1_E.16,2283.0,129.45,41.0,6,449.14
p2_N1_E.17,2313.0,113.0,25.0,5,399.19
p2_N1_S1.55,2350.0,102.0,26.0,4,321.49
p1_W_E.493,2148.0,285.53,148.0,8,643.22
p2_N1_S1.56,2360.0,90.49,23.0,4,300.89
p1_W_E.494,2151.0,285.34,152.0,8,623.91
p2_N1_S1.57,2370.0,89.03,21.0,3,299.09
p2_S1_N1.64,2440.0,6.63,0.0,0,148.8
p2_S1_N1.65,2450.0,14.16,0.0,0,169.29
p1_W_E.495,2154.0,281.77,146.0,6,612.4
p1_W_E.496,2157.0,291.09,141.0,6,629.64
p2_S1_N1.66,2460.0,5.23,0.0,0,154.4
p2_N1_E.18,2343.0,107.43,26.0,4,367.7
p2_N1_S1.58,2380.0,70.17,17.0,3,280.23
p2_N1_S1.59,2390.0,83.71,14.0,2,281.41
p2_N1_S1.60,2400.0,66.76,14.0,2,268.72
p2_E_W.86,2085.0,364.54,218.0,9,760.86
p2_E_W.87,2088.0,369.54,214.0,9,774.25
p2_E_W.88,2091.0,368.23,209.0,9,764.56
p2_N1_E.19,2373.0,86.27,19.0,4,320.03
p2_E_W.89,2094.0,366.91,207.0,10,776.95
p2_N1_S1.61,2410.0,76.99,23.0,3,277.22
p2_N2_S2.62,2420.0,66.24,54.0,1,257.24
p2_S1_N1.67,2470.0,17.26,6.0,1,183.98
p2_N1_S1.62,2420.0,69.52,20.0,3,273.17
p2_N2_S2.63,2430.0,58.21,46.0,1,247.64
p2_S1_N1.68,2480.0,9.09,0.0,0,169.34
p2_N1_S1.63,2430.0,61.28,15.0,2,262.61
p2_N2_S2.64,2440.0,51.33,38.0,1,245.33
p2_N2_S2.65,2450.0,42.1,31.0,1,222.51
p2_N2_S2.66,2460.0,35.1,21.0,1,220.4
p2_S1_N1.69,2490.0,5.61,0.0,0,151.82
p2_N2_S2.67,2470.0,24.59,12.0,1,196.56
p2_N2_S2.68,2480.0,17.12,4.0,1,182.21
p2_N2_S2.69,2490.0,9.09,0.0,0,167.17
p2_N2_S2.70,2500.0,5.42,0.0,0,154.06
p2_N1_S1.64,2440.0,55.45,17.0,3,244.77
p2_E_W.90,2097.0,391.97,231.0,13,817.61
p2_N1_S1.65,2450.0,58.56,15.0,3,259.78
p2_S2_N2.40,2200.0,310.38,225.0,7,632.37
p2_S2_N2.41,2210.0,306.3,223.0,7,624.86
p2_N2_S2.71,2510.0,6.26,0.0,0,158.24
p2_E_S1.9,2100.0,399.34,229.0,12,818.5
p2_S2_N2.42,2220.0,290.57,211.0,8,599.68
p2_N1_S1.66,2460.0,63.69,21.0,3,265.1
p2_S2_N2.43,2230.0,294.67,200.0,7,607.93
p2_S1_N1.70,2500.0,23.17,11.0,1,192.64
p2_S2_N2.44,2240.0,284.41,189.0,7,595.79
p2_S1_N1.71,2510.0,13.42,3.0,1,182.24
p2_N2_S2.72,2520.0,5.72,0.0,0,152.48
p2_S2_N2.45,2250.0,277.81,178.0,9,585.35
p2_S1_N1.72,2520.0,9.06,0.0,0,169.92
p2_S2_N2.46,2260.0,270.1,171.0,7,581.33
p2_N1_S1.67,2470.0,64.21,22.0,3,260.39
p2_S1_N1.73,2530.0,5.76,0.0,0,143.59
p2_N1_S1.68,2480.0,53.29,19.0,3,227.21
p2_S2_N2.47,2270.0,254.1,160.0,7,546.08
p2_S2_W.8,2043.0,475.69,324.0,17,942.04
p2_S2_N2.48,2280.0,262.09,149.0,8,565.61
p2_E_W.91,2103.0,418.81,249.0,14,876.02
p2_S2_N2.49,2290.0,253.88,140.0,5,559.14
p2_E_W.92,2106.0,417.86,244.0,13,861.3
p2_N1_E.20,2403.0,119.27,55.0,4,419.57
p1_W_E.497,2159.0,366.77,211.0,9,766.63
p2_E_W.93,2109.0,416.99,239.0,14,852.42
p1_W_E.498,2162.0,365.53,206.0,8,762.89
p1_W_E.499,2166.0,362.03,203.0,10,753.45
p2_N1_S1.69,2490.0,64.63,26.0,3,257.86
p2_S1_N1.74,2540.0,13.98,3.0,1,184.48
p2_S1_N1.75,2550.0,5.72,0.0,0,152.42
p1_W_S2.50,2179.0,357.32,193.0,11,744.86
p2_N1_S1.70,2500.0,61.11,18.0,2,247.68
p1_W_E.500,2175.0,339.83,197.0,10,725.55
p2_N1_E.21,2433.0,109.38,42.0,4,397.16
p1_W_E.501,2182.0,362.83,192.0,10,795.45
p1_W_E.502,2185.0,360.45,188.0,10,768.51
p1_W_E.503,2188.0,360.44,189.0,10,778.34
p2_E_W.94,2112.0,430.07,246.0,17,882.7
p2_E_W.95,2115.0,430.04,239.0,13,864.85
p2_N1_E.22,2463.0,75.6,23.0,4,353.09
p1_W_E.504,2194.0,358.1,190.0,11,765.76
p2_E_W.96,2118.0,434.69,238.0,13,880.65
p2_E_W.97,2121.0,433.51,231.0,13,885.85
p1_W_E.505,2205.0,334.17,190.0,11,699.49
p2_N1_S1.71,2510.0,70.03,30.0,3,268.66
p1_W_E.506,2208.0,349.46,185.0,11,731.29
p2_S1_N1.76,2560.0,21.15,8.0,1,191.45
p2_N1_S1.72,2520.0,62.15,26.0,3,254.5
p1_W_E.507,2211.0,345.1,181.0,11,730.52
p2_N1_E.23,2493.0,69.53,20.0,3,325.54
p2_S1_N1.77,2570.0,12.28,0.0,0,172.45
p2_S1_N1.78,2580.0,5.84,0.0,0,156.8
p1_W_E.508,2215.0,353.03,192.0,11,732.46
p1_W_E.509,2218.0,352.91,187.0,12,722.75
p1_W_E.510,2221.0,351.7,183.0,13,699.22
p2_E_W.98,2125.0,445.87,246.0,15,895.67
p1_W_S2.51,2226.0,349.73,182.0,11,719.18
p1_W_E.511,2238.0,338.2,181.0,13,699.12
p2_E_W.99,2130.0,432.13,237.0,19,843.62
p2_S2_W.9,2073.0,509.7,300.0,18,995.4
p2_E_W.100,2133.0,434.61,237.0,14,870.1
p2_S2_N2.50,2300.0,307.81,203.0,8,630.89
p2_S2_N2.51,2310.0,299.56,200.0,7,621.57
p2_E_S1.10,2136.0,462.27,244.0,17,894.38
p2_N1_S1.73,2530.0,92.13,49.0,3,303.52
p2_N2_S2.73,2530.0,78.29,63.0,2,275.96
p2_S1_N1.79,2590.0,32.62,20.0,1,212.07
p2_N2_S2.74,2540.0,83.73,61.0,2,278.35
p2_N2_S2.75,2550.0,70.93,50.0,2,272.92
p2_N2_S2.76,2560.0,66.33,42.0,2,272.86
p2_N2_S2.77,2570.0,56.29,32.0,2,264.43
p2_S1_N1.80,2600.0,20.21,8.0,1,183.43
p2_N1_S1.74,2540.0,77.8,49.0,3,282.5
p2_S1_N1.81,2610.0,17.4,0.0,0,194.18
p2_N1_S1.75,2550.0,81.7,46.0,3,294.72
p2_N2_S2.78,2580.0,50.8,24.0,2,250.2
p2_N2_S2.79,2590.0,42.54,17.0,1,244.21
p2_S1_N1.82,2620.0,9.69,0.0,0,181.18
p2_N2_S2.80,2600.0,34.34,6.0,1,229.32
p2_N2_S2.81,2610.0,25.25,0.0,0,223.94
p2_E_W.101,2139.0,470.85,251.0,19,912.56
p2_N2_S2.82,2620.0,16.74,0.0,0,211.55
p2_N1_E.24,2523.0,94.44,48.0,5,374.57
p2_E_W.102,2144.0,463.13,245.0,18,909.16
p1_W_E.512,2242.0,377.08,204.0,15,763.45
p2_E_W.103,2151.0,468.36,244.0,17,904.29
p1_W_E.513,2249.0,374.11,200.0,13,768.49
p2_S2_W.10,2103.0,519.43,301.0,20,1006.81
p1_W_E.514,2267.0,357.84,190.0,14,734.73
p2_S2_W.11,2133.0,491.6,270.0,16,963.41
p1_W_E.515,2271.0,355.58,186.0,13,747.12
p2_S2_W.12,2163.0,454.44,249.0,15,900.79
p2_E_W.104,2175.0,453.7,244.0,16,905.75
p2_N2_S2.83,2630.0,23.44,14.0,1,198.05
p2_E_W.105,2179.0,439.15,237.0,15,873.03
p2_N2_S2.84,2640.0,15.88,5.0,1,188.69
p2_E_W.106,2185.0,450.32,236.0,14,873.53
p2_N2_S2.85,2650.0,7.43,0.0,0,159.95
p2_S2_N2.52,2320.0,329.27,220.0,9,659.93
p2_S1_N1.83,2630.0,28.09,16.0,1,205.34
p2_E_W.107,2192.0,428.48,233.0,17,853.43
p2_N1_S1.76,2560.0,94.73,55.0,3,306.06
p2_N1_S1.77,2570.0,92.64,54.0,3,295.89
p2_S1_N1.84,2640.0,16.74,5.0,1,183.34
p2_S2_N2.53,2330.0,318.35,214.0,8,639.81
p2_S1_N1.85,2650.0,10.63,0.0,0,171.96
p2_S2_N2.54,2340.0,325.32,213.0,8,653.67
p2_N1_S1.78,2580.0,78.06,47.0,3,281.98
p2_N2_S2.86,2660.0,6.13,0.0,0,146.75
p2_S2_N2.55,2350.0,317.08,206.0,10,655.22
p2_S2_N2.56,2360.0,308.89,200.0,9,643.78
p1_W_E.516,2275.0,373.21,199.0,12,779.44
p2_E_W.108,2221.0,422.27,225.0,15,852.52
p1_W_E.517,2282.0,370.3,195.0,14,773.26
p2_E_W.109,2225.0,427.28,225.0,15,855.6
p1_W_E.518,2305.0,349.02,182.0,13,737.09
p2_E_W.110,2229.0,425.57,220.0,17,866.42
p1_W_E.519,2308.0,347.84,179.0,13,744.15
p1_W_E.520,2311.0,346.65,178.0,12,734.41
p1_W_S2.52,2314.0,346.28,173.0,12,719.51
p2_E_S1.11,2235.0,422.38,211.0,18,874.18
p1_W_E.521,2317.0,345.35,169.0,14,721.18
p2_S1_N1.86,2660.0,22.16,10.0,1,195.27
p2_N1_S1.79,2590.0,91.31,57.0,3,299.71
p2_S1_N1.87,2670.0,16.15,3.0,1,188.13
p2_N1_S1.80,2600.0,86.43,53.0,3,312.04
p2_N1_S1.81,2610.0,80.32,43.0,4,314.9
p1_W_E.522,2320.0,333.91,165.0,14,713.56
p2_S1_N1.88,2680.0,6.84,0.0,0,148.89
p2_E_W.111,2263.0,412.21,230.0,17,869.59
p2_N1_E.25,2553.0,98.9,49.0,3,372.25
p1_W_E.523,2323.0,354.46,163.0,11,745.9
p2_E_W.112,2266.0,409.56,225.0,19,834.97
p1_W_E.524,2326.0,350.66,156.0,11,745.98
p2_E_W.113,2269.0,411.0,217.0,16,819.54
p1_W_E.525,2329.0,341.65,153.0,15,744.47
p2_S2_W.13,2193.0,488.35,286.0,18,960.06
p1_W_E.526,2334.0,348.69,150.0,13,752.17
p2_S2_N2.57,2370.0,334.34,219.0,8,679.9
p1_W_E.527,2393.0,282.24,104.0,10,645.74
p2_N2_S2.87,2670.0,32.8,21.0,1,198.99
p2_N1_S1.82,2620.0,88.72,48.0,4,295.21
p2_N2_S2.88,2680.0,29.0,14.0,1,209.38
p2_N2_S2.89,2690.0,20.7,6.0,1,201.35
p2_N2_S2.90,2700.0,12.35,0.0,0,203.42
p2_N1_S1.83,2630.0,78.59,36.0,3,283.92
p2_S1_N1.89,2690.0,16.16,5.0,1,177.01
p2_S1_N1.90,2700.0,15.21,0.0,0,182.01
p2_S2_N2.58,2380.0,336.28,213.0,8,683.29
p2_N1_S1.84,2640.0,76.09,32.0,4,286.66
p2_N2_S2.91,2710.0,6.24,0.0,0,156.73
p2_S1_N1.91,2710.0,7.22,0.0,0,162.85
p1_W_E.528,2397.0,301.26,120.0,12,653.46
p1_W_E.529,2400.0,304.7,115.0,12,681.45
p2_S2_W.14,2223.0,466.64,271.0,19,935.67
p1_W_E.530,2403.0,303.52,113.0,13,663.74
p1_W_S2.53,2408.0,299.49,107.0,15,643.94
p2_S2_W.15,2253.0,452.84,232.0,20,913.24
p2_S2_W.16,2283.0,425.6,195.0,21,891.52
p1_W_E.531,2438.0,269.51,84.0,11,596.4
p2_E_W.114,2273.0,438.1,236.0,17,882.53
p2_E_W.115,2276.0,436.75,229.0,15,891.18
p2_N1_E.26,2583.0,129.19,68.0,5,425.88
p1_W_E.532,2442.0,271.69,92.0,12,635.64
p2_E_W.116,2279.0,435.56,223.0,17,883.03
p2_E_W.117,2282.0,434.28,219.0,14,888.09
p2_E_W.118,2286.0,431.03,235.0,16,888.87
p2_N1_S1.85,2650.0,90.63,48.0,5,313.52
p2_S1_N1.92,2720.0,19.21,8.0,1,188.57
p2_N1_S1.86,2660.0,82.67,39.0,4,295.42
p2_S1_N1.93,2730.0,10.25,0.0,0,166.63
p2_S1_N1.94,2740.0,5.95,0.0,0,148.65
p2_S2_N2.59,2390.0,356.98,227.0,10,707.52
p2_S2_N2.60,2400.0,348.73,208.0,10,693.46
p2_N1_S1.87,2670.0,71.01,28.0,3,269.02
p2_N2_S2.92,2720.0,28.39,9.0,1,199.86
p2_N2_S2.93,2730.0,20.72,1.0,1,188.12
p2_N2_S2.94,2740.0,12.51,0.0,0,176.33
p2_E_W.119,2289.0,439.58,238.0,14,889.17
p2_E_W.120,2292.0,443.36,232.0,13,895.84
p2_N2_S2.95,2750.0,5.89,0.0,0,150.19
p1_W_E.533,2445.0,298.0,108.0,15,680.38
p2_E_S1.12,2295.0,446.73,229.0,14,883.25
p1_W_E.534,2448.0,296.82,109.0,14,673.67
p2_N1_S1.88,2680.0,86.43,38.0,4,290.15
p2_S1_N1.95,2750.0,16.15,5.0,1,191.85
p2_N1_S1.89,2690.0,78.73,34.0,4,280.9
p2_S1_N1.96,2760.0,7.73,0.0,0,161.96
p1_W_E.535,2456.0,291.33,98.0,12,653.8
p1_W_E.536,2480.0,267.07,87.0,11,627.41
p2_N1_S1.90,2700.0,69.44,29.0,3,248.72
p2_N1_E.27,2613.0,137.81,74.0,5,442.88
p2_E_W.121,2298.0,459.28,244.0,16,907.24
p1_W_E.537,2484.0,258.43,89.0,12,620.95
p1_W_E.538,2487.0,274.13,85.0,10,630.14
p2_S2_W.17,2313.0,445.07,246.0,18,919.76
p1_W_E.539,2491.0,265.39,84.0,11,632.33
p2_E_W.122,2300.0,462.33,262.0,16,923.08
p1_W_E.540,2497.0,267.62,78.0,10,638.11
p1_W_S2.54,2521.0,239.45,70.0,8,590.87
p2_E_W.123,2304.0,457.2,253.0,14,911.65
p2_E_W.124,2307.0,454.7,245.0,12,905.0
p2_N1_E.28,2643.0,122.9,50.0,4,449.47
p1_W_E.541,2525.0,243.15,63.0,7,594.61
p1_W_E.542,2529.0,237.67,60.0,8,582.92
p2_E_W.125,2310.0,451.98,247.0,13,902.15
p1_W_E.543,2536.0,235.57,63.0,9,585.18
p2_E_W.126,2313.0,455.3,240.0,12,893.02
p1_W_E.544,2562.0,211.28,45.0,6,556.59
p2_S2_W.18,2343.0,430.47,227.0,15,882.45
p1_W_E.545,2566.0,208.98,42.0,6,547.87
p2_N1_S1.91,2710.0,87.02,44.0,4,295.38
p2_S1_N1.97,2770.0,27.71,17.0,1,205.89
p2_N1_S1.92,2720.0,76.75,38.0,3,276.3
p2_S1_N1.98,2780.0,16.96,6.0,1,188.53
p2_N1_S1.93,2730.0,72.98,37.0,3,266.1
p2_S1_N1.99,2790.0,14.25,0.0,0,191.91
p2_N2_S2.96,2760.0,44.81,31.0,1,226.89
p2_S2_N2.61,2410.0,389.83,236.0,13,765.99
p2_N2_S2.97,2770.0,37.26,22.0,1,214.35
p2_S2_N2.62,2420.0,388.23,228.0,11,741.22
p2_E_W.127,2316.0,472.62,265.0,13,915.95
p2_E_W.128,2319.0,470.4,254.0,13,936.18
p2_S2_N2.63,2430.0,370.76,227.0,11,730.27
p2_N2_S2.98,2780.0,26.3,10.0,1,193.81
p2_N2_S2.99,2790.0,23.73,4.0,1,202.66
p2_N2_S2.100,2800.0,11.86,0.0,0,179.38
p2_E_W.129,2322.0,467.21,246.0,12,916.38
p2_E_W.130,2325.0,471.55,242.0,13,914.08
p1_W_E.546,2570.0,224.74,59.0,8,572.2
p2_E_S1.13,2328.0,470.97,240.0,12,917.82
p2_N1_E.29,2673.0,127.3,60.0,5,440.65
p1_W_E.547,2576.0,224.96,67.0,9,583.18
p2_S1_N1.100,2800.0,24.61,11.0,1,194.04
p1_W_E.548,2598.0,206.64,56.0,7,562.12
p2_N1_S1.94,2740.0,80.26,39.0,4,291.52
p1_W_E.549,2602.0,204.42,50.0,8,549.93
p2_N1_S1.95,2750.0,78.18,33.0,4,288.6
p2_S1_N1.101,2810.0,14.59,1.0,1,180.75
p1_W_E.550,2606.0,198.28,43.0,6,535.88
p2_N1_S1.96,2760.0,69.12,30.0,3,281.0
p2_S1_N1.102,2820.0,6.32,0.0,0,153.47
p2_N1_E.30,2703.0,104.87,40.0,4,405.37
p2_E_W.131,2331.0,484.17,249.0,12,925.46
p2_E_W.132,2334.0,483.04,244.0,11,937.02
p2_S2_N2.64,2440.0,398.27,241.0,11,765.71
p2_S2_N2.65,2450.0,390.18,237.0,13,742.91
p2_N2_S2.101,2810.0,23.26,14.0,1,187.7
p2_S2_N2.66,2460.0,382.21,230.0,13,738.82
p2_N2_S2.102,2820.0,19.71,7.0,1,195.26
p2_E_W.133,2337.0,476.14,239.0,12,905.5
p2_N2_S2.103,2830.0,14.66,0.0,0,200.47
p2_E_W.134,2340.0,484.61,236.0,12,915.15
p2_N2_S2.104,2840.0,6.48,0.0,0,155.59
p2_E_W.135,2343.0,483.36,232.0,12,926.17
p2_S1_N1.103,2830.0,19.67,8.0,1,189.79
p2_S1_N1.104,2840.0,11.63,0.0,0,168.93
p2_N1_S1.97,2770.0,76.04,36.0,4,274.11
p2_N1_S1.98,2780.0,74.55,30.0,3,275.82
p1_W_S2.55,2613.0,220.75,62.0,7,581.33
p2_N1_S1.99,2790.0,66.27,29.0,3,267.53
p2_S1_N1.105,2850.0,6.21,0.0,0,154.27
p1_W_E.551,2630.0,201.75,60.0,7,541.7
p1_W_E.552,2634.0,206.36,57.0,8,541.42
p1_W_E.553,2638.0,204.15,52.0,6,536.03
p2_S2_W.19,2373.0,467.9,248.0,13,949.31
p1_W_E.554,2645.0,198.76,51.0,6,548.43
p2_E_W.136,2346.0,497.2,260.0,15,962.88
p1_W_E.555,2656.0,189.59,49.0,6,539.58
p2_E_W.137,2349.0,496.34,256.0,14,938.98
p2_E_W.138,2351.0,496.02,248.0,12,933.09
p1_W_E.556,2659.0,188.29,47.0,6,525.17
p2_N1_E.31,2733.0,115.55,54.0,5,433.23
p1_W_E.557,2662.0,188.7,50.0,8,540.48
p2_E_W.139,2354.0,491.23,242.0,14,924.16
p2_E_W.140,2357.0,495.11,242.0,12,935.91
p1_W_E.558,2666.0,186.47,50.0,7,520.1
p1_W_E.559,2673.0,181.39,45.0,8,492.65
p1_W_E.560,2682.0,173.17,43.0,8,492.29
p2_E_S1.14,2360.0,495.22,238.0,12,930.66
p2_N1_S1.100,2800.0,78.58,40.0,4,284.75
p2_S1_N1.106,2860.0,17.95,9.0,1,189.64
p2_N1_S1.101,2810.0,72.51,32.0,3,267.61
p2_S1_N1.107,2870.0,13.76,2.0,1,194.04
p2_S2_N2.67,2470.0,415.65,253.0,12,803.4
p2_S1_N1.108,2880.0,5.53,0.0,0,148.29
p2_N2_S2.105,2850.0,37.31,22.0,1,212.3
p2_S2_N2.68,2480.0,408.1,252.0,15,783.22
p2_N1_S1.102,2820.0,61.91,28.0,3,249.43
p2_S2_N2.69,2490.0,400.11,250.0,13,770.53
p2_N2_S2.106,2860.0,28.48,14.0,1,198.36
p2_N2_S2.107,2870.0,22.36,6.0,1,206.0
p2_S2_W.20,2403.0,465.41,235.0,18,942.27
p2_N2_S2.108,2880.0,10.35,0.0,0,166.61
p2_E_W.141,2363.0,508.39,263.0,15,975.39
p2_S2_N2.70,2500.0,398.73,240.0,11,764.07
p2_E_W.142,2366.0,508.45,260.0,16,959.52
p2_E_W.143,2369.0,510.3,250.0,15,960.17
p2_S2_N2.71,2510.0,389.3,231.0,13,751.84
p2_N1_S1.103,2830.0,75.74,37.0,4,281.64
p2_N1_S1.104,2840.0,68.36,31.0,3,259.13
p2_S1_N1.109,2890.0,14.67,4.0,1,177.54
p2_S1_N1.110,2900.0,10.26,0.0,0,179.09
p1_W_S2.56,2685.0,191.12,61.0,8,528.69
p2_N1_E.32,2763.0,112.92,58.0,5,397.23
p1_W_E.561,2688.0,207.44,63.0,7,562.5
p2_N1_S1.105,2850.0,53.57,24.0,3,236.15
p1_W_E.562,2692.0,205.26,60.0,7,552.63
p2_E_W.144,2372.0,525.44,258.0,14,991.77
p1_W_E.563,2695.0,189.63,57.0,7,519.6
p2_E_W.145,2375.0,522.75,254.0,15,976.69
p1_W_E.564,2698.0,196.36,55.0,9,535.89
p2_N1_E.33,2793.0,109.38,46.0,5,412.15
p1_W_E.565,2701.0,203.51,57.0,6,553.36
p1_W_E.566,2704.0,197.2,55.0,7,538.16
p1_W_E.567,2707.0,201.17,55.0,6,529.02
p1_W_E.568,2710.0,200.01,51.0,6,534.6
p1_W_E.569,2713.0,198.68,46.0,7,520.48
p1_W_S2.57,2722.0,189.25,42.0,7,490.76
p2_E_W.146,2378.0,506.36,249.0,14,979.86
p2_E_W.147,2381.0,523.74,247.0,17,981.05
p1_W_E.570,2716.0,197.52,41.0,6,515.57
p2_E_W.148,2384.0,530.95,238.0,14,981.85
p2_E_W.149,2387.0,529.79,235.0,13,968.48
p2_E_W.150,2390.0,528.44,230.0,17,991.8
p2_N1_E.34,2823.0,79.24,35.0,4,346.47
p1_W_E.571,2726.0,195.58,47.0,7,513.35
p1_W_E.572,2729.0,194.27,44.0,8,519.31
p1_W_E.573,2732.0,182.05,37.0,7,508.55
p2_E_S1.15,2393.0,527.77,236.0,20,974.32
p1_W_E.574,2735.0,192.33,35.0,7,519.59
p2_S1_N1.111,2910.0,38.1,25.0,1,213.91
p1_W_E.575,2738.0,186.42,31.0,6,525.42
p2_N1_S1.106,2860.0,90.01,48.0,3,313.51
p2_N1_E.35,2853.0,59.72,22.0,2,308.46
p2_N1_S1.107,2870.0,78.11,45.0,3,283.1
p1_W_E.576,2741.0,193.58,34.0,6,492.64
p2_N1_S1.108,2880.0,75.8,37.0,3,288.69
p2_S1_N1.112,2920.0,24.98,12.0,1,191.41
p1_W_E.577,2744.0,192.28,34.0,7,492.78
p2_S1_N1.113,2930.0,28.76,9.0,1,198.11
p1_W_E.578,2747.0,190.99,33.0,7,491.1
p1_W_S2.58,2761.0,175.61,26.0,6,463.97
p2_S1_N1.114,2940.0,20.39,1.0,1,195.67
p1_W_E.579,2750.0,189.79,28.0,6,489.58
p2_S2_W.21,2433.0,505.78,262.0,17,985.85
p1_W_E.580,2758.0,179.24,27.0,7,494.3
p1_W_E.581,2764.0,176.41,20.0,6,481.98
p2_E_W.151,2485.0,452.18,174.0,16,870.87
p1_W_E.582,2768.0,177.25,18.0,6,488.22
p2_E_W.152,2488.0,450.63,172.0,16,864.88
p2_E_W.153,2491.0,457.67,166.0,13,869.71
p2_S2_N2.72,2520.0,448.84,277.0,12,846.17
p2_E_W.154,2495.0,452.39,161.0,18,854.36
p2_S2_W.22,2463.0,488.67,253.0,17,981.9
p2_E_W.155,2501.0,446.62,175.0,18,846.92
p2_E_W.156,2523.0,425.8,161.0,14,816.42
p2_N2_S2.109,2890.0,70.65,60.0,1,263.07
p2_E_W.157,2529.0,428.19,155.0,17,826.91
p2_N2_S2.110,2900.0,80.34,58.0,1,273.41
p2_N2_S2.111,2910.0,69.81,50.0,1,270.61
p2_E_W.158,2537.0,413.14,159.0,15,814.27
p2_N2_S2.112,2920.0,62.19,42.0,1,267.55
p2_E_W.159,2565.0,397.28,139.0,14,789.38
p2_N2_S2.113,2930.0,53.48,34.0,1,258.24
p2_E_W.160,2570.0,395.71,137.0,13,780.17
p2_N2_S2.114,2940.0,47.31,27.0,1,241.38
p2_N2_S2.115,2950.0,39.04,18.0,1,226.33
p2_N2_S2.116,2960.0,29.6,9.0,1,217.74
p2_N2_S2.117,2970.0,22.63,1.0,1,215.16
p2_S2_N2.73,2530.0,458.63,282.0,15,848.98
p2_S1_N1.115,2950.0,43.97,32.0,1,219.15
p1_W_E.583,2775.0,201.14,42.0,6,505.03
p2_E_S1.16,2577.0,384.31,136.0,17,780.21
p2_S1_N1.116,2960.0,33.99,21.0,1,212.76
p2_N1_S1.109,2890.0,108.7,64.0,3,339.17
p2_S1_N1.117,2970.0,29.16,16.0,1,198.29
p1_W_E.584,2784.0,193.06,42.0,6,488.75
p2_N1_S1.110,2900.0,98.32,62.0,3,320.54
p2_S1_N1.118,2980.0,20.93,6.0,1,194.63
p1_W_E.585,2788.0,192.29,40.0,6,495.93
p2_N1_S1.111,2910.0,91.06,57.0,3,325.48
p2_E_W.161,2634.0,350.54,103.0,14,724.24
p2_E_W.162,2638.0,344.29,96.0,12,707.21
p2_E_W.163,2644.0,344.13,94.0,11,727.27
p2_S2_W.23,2493.0,499.5,261.0,16,1004.52
p1_W_E.586,2793.0,166.75,35.0,6,464.03
p2_W_N1.0,2876.0,138.61,27.0,3,364.13
p2_N1_E.36,2883.0,114.54,52.0,4,382.81
p2_N1_S1.112,2920.0,99.36,65.0,3,315.95
p2_S1_N1.119,2990.0,28.18,13.0,1,210.98
p1_W_E.587,2800.0,197.58,39.0,6,498.68
p2_S2_N2.74,2540.0,480.79,296.0,18,882.67
p1_W_S2.59,2819.0,168.53,25.0,5,465.29
p2_S2_N2.75,2550.0,472.53,282.0,16,855.82
p2_N1_S1.113,2930.0,91.82,61.0,3,308.6
p2_S1_N1.120,3000.0,22.07,10.0,1,202.4
p1_W_E.588,2810.0,191.59,32.0,5,499.86
p2_N1_S1.114,2940.0,83.65,55.0,3,282.38
p2_S1_N1.121,3010.0,13.76,1.0,1,189.3
p1_W_E.589,2813.0,188.34,30.0,4,491.37
p1_W_E.590,2816.0,189.07,29.0,7,482.54
p2_S1_N1.122,3020.0,6.28,0.0,0,148.64
p2_N2_S2.118,2980.0,32.65,21.0,1,204.16
p2_N2_S2.119,2990.0,35.9,18.0,1,207.86
p2_N2_S2.120,3000.0,32.55,14.0,1,210.93
p2_E_W.164,2650.0,361.94,122.0,12,765.98
p2_S2_N2.76,2560.0,474.66,269.0,14,848.71
p2_N2_S2.121,3010.0,24.31,4.0,1,202.65
p2_E_W.165,2672.0,341.11,113.0,14,720.74
p2_S2_N2.77,2570.0,466.48,264.0,15,838.91
p2_N2_S2.122,3020.0,16.13,0.0,0,194.09
p2_N2_S2.123,3030.0,7.85,0.0,0,168.9
p2_E_W.166,2676.0,336.1,109.0,13,723.2
p2_E_W.167,2682.0,337.12,106.0,12,709.92
p2_S2_N2.78,2580.0,455.54,263.0,15,833.62
p2_E_W.168,2689.0,331.83,105.0,14,715.49
p2_E_W.169,2698.0,324.58,96.0,11,702.39
p1_W_E.591,2822.0,195.13,46.0,5,507.48
p2_E_W.170,2728.0,293.3,83.0,11,640.17
p1_W_E.592,2825.0,198.72,44.0,5,513.35
p1_W_E.593,2830.0,198.48,41.0,7,524.18
p1_W_E.594,2841.0,183.26,38.0,5,488.2
p2_W_N1.1,2902.0,150.11,34.0,6,383.33
p1_W_E.595,2844.0,178.92,38.0,5,482.89
p1_W_E.596,2849.0,187.12,36.0,5,481.73
p1_W_E.597,2856.0,181.95,33.0,3,495.4
p1_W_E.598,2866.0,173.24,31.0,3,490.73
p1_W_E.599,2870.0,162.72,29.0,3,443.09
p2_W_E.0,2873.0,170.84,27.0,3,446.76
p2_W_N1.2,2927.0,136.88,26.0,5,350.42
p2_N1_E.37,2913.0,131.97,69.0,3,440.41
p2_N1_E.38,2943.0,95.29,49.0,3,379.78
p2_W_E.1,2879.0,170.49,35.0,4,460.52
p2_W_E.2,2882.0,169.3,36.0,5,480.75
p2_W_E.3,2888.0,164.95,31.0,4,458.69
p2_W_N1.3,2956.0,116.75,16.0,6,339.67
p2_W_N1.4,2981.0,105.31,11.0,3,313.22
p2_N2_S2.124,3040.0,40.99,23.0,2,217.82
p2_N2_S2.125,3050.0,33.6,16.0,2,205.69
p2_N2_S2.126,3060.0,29.67,8.0,1,217.87
p2_N2_S2.127,3070.0,16.0,0.0,0,188.25
p2_E_S1.17,2732.0,335.35,126.0,12,724.34
p2_S1_N1.123,3030.0,66.29,55.0,1,259.29
p2_N2_S2.128,3080.0,10.89,0.0,0,188.97
p2_N2_S2.129,3090.0,7.66,0.0,0,160.69
p2_N1_S1.115,2950.0,148.35,105.0,5,381.4
p2_S2_N2.79,2600.0,501.62,296.0,16,893.39
p2_S1_N1.124,3040.0,55.41,44.0,1,236.51
p2_N1_S1.116,2960.0,134.76,95.0,3,365.0
p2_S1_N1.125,3050.0,51.69,36.0,1,250.99
p2_N1_S1.117,2970.0,135.01,93.0,4,375.03
p2_S1_N1.126,3060.0,41.9,27.0,1,243.57
p2_E_W.171,2735.0,351.99,128.0,12,755.77
p2_W_E.4,2898.0,189.4,60.0,5,499.34
p2_S2_N2.80,2604.0,492.84,296.0,16,880.91
p2_E_W.172,2739.0,349.94,126.0,13,736.78
p2_E_W.173,2744.0,344.69,120.0,12,719.07
p2_E_W.174,2760.0,334.28,116.0,10,700.31
p2_E_W.175,2764.0,331.92,112.0,10,692.18
p2_W_E.5,2905.0,168.74,53.0,6,469.66
p2_E_W.176,2767.0,323.72,113.0,13,695.9
p2_W_E.6,2908.0,193.6,47.0,6,486.66
p2_E_W.177,2771.0,329.87,109.0,12,713.23
p2_W_E.7,2914.0,189.37,47.0,7,513.38
p2_W_E.8,2923.0,182.06,43.0,6,478.94
p2_S2_N2.81,2610.0,517.76,309.0,19,912.9
p2_W_E.9,2932.0,174.91,40.0,6,482.34
p2_N2_S2.130,3100.0,26.74,16.0,1,200.85
p2_W_E.10,2939.0,169.72,36.0,6,491.68
p2_N2_S2.131,3110.0,19.54,8.0,1,194.52
p2_S2_W.24,2523.0,564.07,337.0,19,1088.01
p2_E_W.178,2774.0,337.02,133.0,12,720.12
p2_N2_S2.132,3120.0,9.22,0.0,0,169.37
p2_E_W.179,2777.0,335.91,128.0,10,710.68
p2_E_W.180,2780.0,334.7,127.0,11,719.55
p2_N2_S2.133,3130.0,6.41,0.0,0,150.59
p2_W_N1.5,3007.0,129.44,39.0,4,365.57
p2_W_E.11,2950.0,173.94,50.0,7,479.5
p2_W_E.12,2953.0,172.68,52.0,8,487.91
p2_W_N1.6,3025.0,123.88,31.0,4,376.06
p2_W_E.13,2959.0,166.15,49.0,8,478.19
p2_W_E.14,2962.0,163.03,46.0,7,461.92
p2_W_E.15,2965.0,166.62,44.0,7,468.48
p2_W_E.16,2972.0,164.26,43.0,7,480.21
p2_W_E.17,2984.0,149.7,38.0,4,454.58
p2_W_E.18,2987.0,143.1,34.0,4,426.79
p2_W_N1.7,3040.0,120.3,22.0,5,344.85
p2_N1_E.39,2973.0,167.69,105.0,5,484.85
p2_W_E.19,2992.0,149.91,36.0,5,462.35
p2_W_E.20,3000.0,146.13,32.0,5,463.01
p2_W_E.21,3010.0,132.51,37.0,4,443.08
p2_E_S1.18,2783.0,358.67,156.0,11,752.3
p2_W_E.22,3013.0,125.4,35.0,4,413.67
p2_N1_S1.118,2980.0,192.67,148.0,4,461.08
p2_W_E.23,3016.0,136.7,34.0,6,435.5
p2_S1_N1.127,3070.0,98.4,79.0,2,308.57
p2_W_E.24,3019.0,129.15,35.0,5,420.96
p2_N1_S1.119,2990.0,181.15,139.0,4,441.69
p2_S1_N1.128,3080.0,96.91,73.0,2,322.53
p2_S1_N1.129,3090.0,88.53,64.0,2,319.21
p2_W_E.25,3022.0,122.0,31.0,4,399.19
p2_S1_N1.130,3100.0,76.45,61.0,1,285.26
p2_N1_S1.120,3000.0,169.79,126.0,4,414.12
p2_S1_N1.131,3110.0,72.23,56.0,1,282.99
p2_S1_N1.132,3120.0,61.55,48.0,1,268.16
p2_S1_N1.133,3130.0,54.12,39.0,1,258.2
p2_S1_N1.134,3140.0,43.53,31.0,1,230.42
p2_W_E.26,3028.0,117.2,30.0,4,401.11
p2_S1_N1.135,3150.0,38.06,23.0,1,230.08
p2_W_E.27,3031.0,137.47,28.0,5,424.67
p2_S1_N1.136,3160.0,31.09,15.0,1,224.27
p2_W_E.28,3034.0,136.58,26.0,4,423.74
p2_S1_N1.137,3170.0,22.75,4.0,1,219.25
p2_W_E.29,3037.0,135.25,22.0,4,425.38
p2_S1_N1.138,3180.0,14.62,0.0,0,207.36
p2_W_E.30,3049.0,117.37,21.0,5,401.77
p2_W_E.31,3052.0,124.07,20.0,5,423.79
p2_S1_N1.139,3190.0,5.71,0.0,0,153.91
p2_N1_S1.121,3010.0,193.35,141.0,4,456.0
p2_N1_S1.122,3020.0,185.5,140.0,4,441.52
p2_S1_N1.140,3200.0,6.0,0.0,0,151.43
p2_N1_S1.123,3030.0,177.43,136.0,4,431.45
p2_S2_N2.82,2620.0,588.42,365.0,17,1036.6
p2_S2_N2.83,2630.0,579.1,351.0,18,1006.12
p2_N1_S1.124,3040.0,171.41,132.0,3,411.16
p2_N2_S2.134,3140.0,63.99,53.0,1,253.9
p2_N2_S2.135,3150.0,58.15,45.0,1,247.46
p2_S2_N2.84,2640.0,567.31,331.0,15,998.8
p2_N1_S1.125,3050.0,160.13,127.0,3,395.58
p2_N2_S2.136,3160.0,57.66,40.0,1,252.13
p2_N1_S1.126,3060.0,157.73,120.0,3,406.95
p2_N2_S2.137,3170.0,49.34,34.0,1,258.99
p2_S1_N1.141,3210.0,6.21,0.0,0,156.57
p2_N2_S2.138,3180.0,41.14,24.0,1,243.11
p2_N2_S2.139,3190.0,23.35,10.0,1,189.71
p2_S1_N1.142,3220.0,5.76,0.0,0,150.84
p2_N2_S2.140,3200.0,27.36,8.0,1,207.4
p2_N1_S1.127,3070.0,148.92,112.0,3,385.43
p2_N2_S2.141,3210.0,19.07,0.0,0,204.03
p2_N2_S2.142,3220.0,10.76,0.0,0,178.45
p2_N1_S1.128,3080.0,149.41,105.0,3,390.51
p2_S2_N2.85,2650.0,581.4,330.0,19,1007.13
p2_E_W.181,2786.0,426.29,214.0,15,844.49
p2_E_W.182,2792.0,422.59,214.0,15,847.52
p2_S2_N2.86,2660.0,573.05,324.0,20,986.24
p2_E_W.183,2811.0,405.66,206.0,12,822.06
p2_N1_S1.129,3090.0,129.12,89.0,3,361.0
p2_N2_S2.143,3230.0,5.91,0.0,0,156.13
p2_E_W.184,2814.0,404.3,204.0,12,833.32
p2_E_W.185,2817.0,403.39,203.0,13,826.76
p2_S2_N2.87,2670.0,559.67,311.0,18,962.83
p2_W_N1.8,3061.0,184.55,84.0,6,450.48
p2_N2_S2.144,3240.0,5.72,0.0,0,151.61
p2_S1_N1.143,3230.0,18.85,5.0,1,193.34
p2_S1_N1.144,3240.0,11.11,0.0,0,179.3
p2_N1_S1.130,3100.0,156.57,100.0,5,401.96
p2_N2_S2.145,3250.0,5.91,0.0,0,150.48
p2_S1_N1.145,3250.0,5.91,0.0,0,152.12
p2_N1_S1.131,3110.0,147.59,92.0,5,386.05
p2_N1_S1.132,3120.0,141.66,79.0,5,381.92
p2_S1_N1.146,3260.0,5.97,0.0,0,154.45
p2_N2_S2.146,3260.0,5.84,0.0,0,164.57
p2_N1_E.40,3003.0,246.68,186.0,6,600.87
p2_N1_E.41,3033.0,215.07,167.0,4,554.26
p2_N1_S1.133,3130.0,139.27,76.0,4,373.52
p2_N1_S1.134,3140.0,133.05,73.0,5,372.72
p2_S2_W.25,2553.0,705.32,445.0,21,1285.98
p2_N1_E.42,3063.0,176.92,136.0,4,494.27
p2_W_E.32,3056.0,207.27,96.0,6,539.36
p2_E_W.186,2820.0,436.36,255.0,13,900.84
p2_W_E.33,3059.0,205.92,88.0,5,558.05
p2_E_W.187,2824.0,436.02,237.0,11,895.34
p2_N1_E.43,3093.0,167.07,103.0,5,495.95
p2_E_W.188,2830.0,437.5,235.0,13,908.05
p2_E_W.189,2852.0,413.2,224.0,10,864.72
p2_N1_E.44,3123.0,147.46,80.0,5,437.12
p2_N1_S1.135,3150.0,143.65,80.0,6,393.62
p2_S1_N1.147,3270.0,22.93,12.0,1,199.92
p2_S1_N1.148,3280.0,14.7,3.0,1,180.55
p2_S1_N1.149,3290.0,6.76,0.0,0,154.98
p2_W_E.34,3065.0,216.45,109.0,7,542.25
p2_N1_S1.136,3160.0,142.64,72.0,5,380.1
p2_N1_S1.137,3170.0,135.78,60.0,4,372.83
p2_W_E.35,3068.0,216.37,107.0,7,540.36
p2_N1_S1.138,3180.0,127.57,54.0,5,358.43
p2_W_E.36,3071.0,210.54,103.0,7,534.45
p2_N1_S1.139,3190.0,127.6,45.0,7,349.77
p2_W_E.37,3074.0,222.63,101.0,5,542.38
p2_N1_S1.140,3200.0,119.69,32.0,6,344.18
p2_S1_N1.150,3300.0,6.59,0.0,0,158.44
p2_E_W.190,2855.0,450.02,254.0,13,905.37
p2_W_N1.9,3077.0,256.02,138.0,7,570.69
p2_N1_E.45,3153.0,145.22,77.0,5,434.2
p2_N2_S2.147,3270.0,61.89,52.0,1,255.31
p2_N2_S2.148,3280.0,57.76,46.0,1,253.23
p2_N2_S2.149,3290.0,49.51,36.0,1,237.73
p2_E_S1.19,2858.0,451.97,254.0,14,923.76
p2_N2_S2.150,3300.0,35.97,24.0,1,203.23
p2_N1_S1.141,3210.0,128.0,39.0,5,348.53
p2_N2_S2.151,3310.0,29.9,18.0,1,210.67
p2_N2_S2.152,3320.0,26.02,12.0,1,222.37
p2_N2_S2.153,3330.0,18.74,2.0,1,210.51
p2_S1_N1.151,3310.0,23.31,11.0,1,196.18
p2_N2_S2.154,3340.0,10.57,0.0,0,177.42
p2_S1_N1.152,3320.0,22.73,6.0,1,192.47
p2_S2_N2.88,2680.0,672.94,404.0,20,1106.18
p2_S1_N1.153,3330.0,24.1,1.0,1,204.93
p2_S2_N2.89,2695.0,659.98,386.0,19,1092.46
p2_N1_S1.142,3220.0,133.57,34.0,5,348.89
p2_S1_N1.154,3340.0,15.77,0.0,0,170.85
p2_S2_N2.90,2700.0,656.93,380.0,21,1102.68
p2_N1_S1.143,3230.0,126.96,34.0,5,349.83
p2_S1_N1.155,3350.0,5.97,0.0,0,157.35
p2_N1_S1.144,3240.0,112.48,25.0,4,320.39
p2_N2_S2.155,3350.0,6.16,0.0,0,149.89
p2_N1_S1.145,3250.0,115.97,19.0,4,327.87
p2_N2_S2.156,3360.0,6.59,0.0,0,155.42
p2_E_W.191,2861.0,484.91,273.0,13,958.05
p2_E_W.192,2864.0,478.95,265.0,16,952.83
p2_E_W.193,2867.0,480.95,265.0,14,957.79
p2_S2_N2.91,2741.0,626.91,369.0,19,1054.92
p2_E_W.194,2870.0,484.35,261.0,15,939.24
p2_S2_N2.92,2745.0,631.72,361.0,17,1064.68
p2_N2_S2.157,3370.0,5.95,0.0,0,148.92
p2_W_N1.10,3092.0,284.53,151.0,7,568.16
p2_S2_N2.93,2748.0,630.47,354.0,17,1061.07
p2_S2_N2.94,2754.0,627.26,345.0,19,1045.6
p2_N1_S1.146,3260.0,119.12,29.0,4,329.01
p2_S2_N2.95,2759.0,624.32,342.0,23,1056.54
p2_S1_N1.156,3360.0,18.91,6.0,1,182.72
p2_N1_S1.147,3270.0,114.05,28.0,4,334.54
p2_S1_N1.157,3370.0,15.06,1.0,1,187.99
p2_N2_S2.158,3380.0,5.67,0.0,0,149.47
p2_S1_N1.158,3380.0,6.76,0.0,0,156.4
p2_S2_N2.96,2794.0,588.65,313.0,18,996.85
p2_N1_E.46,3183.0,187.89,100.0,7,514.08
p2_N1_S1.148,3280.0,107.83,25.0,3,310.13
p2_W_E.38,3080.0,292.98,170.0,10,666.69
p2_N1_S1.149,3290.0,105.18,23.0,3,316.47
p2_N1_E.47,3213.0,160.31,54.0,6,481.98
p2_N1_S1.150,3300.0,96.19,23.0,4,305.22
p2_N1_E.48,3243.0,134.0,30.0,5,424.58
p2_N1_S1.151,3310.0,89.33,21.0,5,288.99
p2_N1_S1.152,3320.0,81.09,14.0,2,279.52
p2_N1_S1.153,3330.0,71.17,15.0,2,251.0
p2_S2_N2.97,2810.0,595.32,326.0,23,1006.98
p2_N2_S2.159,3390.0,14.97,4.0,1,175.88
p2_S2_N2.98,2835.0,572.26,303.0,21,976.39
p2_E_W.195,2873.0,513.6,284.0,18,993.41
p2_S2_N2.99,2841.0,567.94,308.0,20,958.08
p2_S1_N1.159,3390.0,6.88,0.0,0,153.25
p2_E_W.196,2877.0,511.39,286.0,15,1010.75
p2_E_W.197,2881.0,510.62,277.0,17,1000.36
p2_E_W.198,2889.0,504.26,271.0,16,981.44
p2_W_E.39,3083.0,313.9,177.0,10,699.79
p2_N2_S2.160,3400.0,6.15,0.0,0,157.61
p2_W_N1.11,3131.0,281.17,162.0,6,552.14
p2_W_E.40,3086.0,304.86,165.0,7,683.55
p2_S1_N1.160,3400.0,23.23,9.0,1,193.22
p2_W_E.41,3089.0,308.26,160.0,8,692.82
p2_N1_E.49,3273.0,133.61,33.0,5,438.05
p2_N1_E.50,3303.0,91.65,21.0,4,340.5
p2_N2_S2.161,3410.0,21.75,9.0,1,196.11
p2_S2_N2.100,2891.0,540.82,289.0,19,933.1
p2_N1_S1.154,3340.0,93.74,30.0,4,296.78
p2_N2_S2.162,3420.0,13.56,1.0,1,179.48
p2_S2_N2.101,2894.0,539.81,287.0,18,928.71
p2_S1_N1.161,3410.0,6.71,0.0,0,150.74
p2_S2_N2.102,2900.0,535.55,283.0,18,914.73
p2_N1_S1.155,3350.0,85.65,28.0,4,292.82
p2_S1_N1.162,3420.0,14.89,0.0,0,162.82
p2_N2_S2.163,3430.0,5.27,0.0,0,144.25
p2_S1_N1.163,3430.0,7.95,0.0,0,159.62
p2_N1_S1.156,3360.0,74.52,23.0,4,265.54
p2_N1_S1.157,3370.0,71.79,15.0,3,276.37
p2_N1_S1.158,3380.0,64.28,14.0,3,267.88
p2_N1_S1.159,3390.0,53.58,15.0,3,247.83
p2_S2_W.26,2583.0,845.63,543.0,25,1518.49
p2_W_E.42,3101.0,314.34,180.0,8,690.7
p2_W_E.43,3119.0,307.19,177.0,7,679.73
p2_W_E.44,3123.0,309.74,170.0,8,674.67
p2_E_W.199,2909.0,519.58,306.0,14,1022.35
p2_W_E.45,3126.0,312.08,168.0,7,675.31
p2_E_W.200,2914.0,521.37,307.0,16,1005.15
p2_N1_E.51,3333.0,94.06,33.0,4,350.42
p2_E_S1.20,2919.0,520.91,296.0,15,1014.21
p2_N1_S1.160,3400.0,67.23,19.0,4,271.82
p2_N1_E.52,3363.0,75.11,17.0,3,325.98
p2_N1_S1.161,3410.0,61.16,19.0,3,265.59
p2_N1_S1.162,3420.0,51.13,17.0,2,235.11
p2_S1_N1.164,3440.0,20.57,10.0,1,181.09
p2_S1_N1.165,3450.0,19.48,6.0,1,193.86
p2_S1_N1.166,3460.0,13.44,0.0,0,193.46
p2_E_W.201,2925.0,533.86,299.0,15,1024.11
p2_N1_E.53,3393.0,53.2,11.0,3,291.22
p2_W_E.46,3138.0,319.23,187.0,7,658.29
p2_S2_W.27,2613.0,847.29,509.0,29,1482.13
p2_W_E.47,3143.0,320.14,185.0,8,667.6
p2_W_E.48,3146.0,318.93,181.0,8,678.81
p2_E_W.202,2943.0,516.88,304.0,14,987.35
p2_W_E.49,3149.0,317.67,181.0,7,685.95
p2_E_W.203,2946.0,513.29,303.0,14,979.97
p2_W_N1.12,3155.0,335.74,200.0,10,665.6
p2_N1_S1.163,3430.0,63.42,24.0,3,263.31
p2_S1_N1.167,3470.0,23.6,12.0,1,194.19
p2_N1_S1.164,3440.0,55.15,21.0,2,252.18
p2_N1_S1.165,3450.0,48.13,20.0,2,246.17
p2_S1_N1.168,3480.0,11.79,1.0,1,169.19
p2_N1_E.54,3423.0,53.83,14.0,2,289.83
p2_S1_N1.169,3490.0,5.76,0.0,0,147.49
p2_W_E.50,3152.0,329.79,194.0,9,688.42
p2_E_W.204,2949.0,532.28,311.0,16,999.14
p2_E_W.205,2952.0,532.56,303.0,14,998.65
p2_N2_S2.164,3440.0,73.35,60.0,1,270.54
p2_N2_S2.165,3450.0,64.89,51.0,1,267.13
p2_E_W.206,2955.0,522.0,300.0,15,1013.1
p2_E_W.207,2958.0,531.99,299.0,16,1022.72
p2_E_W.208,2961.0,539.0,286.0,15,1017.51
p2_N2_S2.166,3460.0,54.36,42.0,1,237.3
p2_E_W.209,2964.0,517.1,289.0,18,971.77
p2_N2_S2.167,3470.0,54.02,37.0,1,248.69
p2_W_N1.13,3170.0,355.76,195.0,12,690.5
p2_E_W.210,2967.0,537.56,277.0,18,980.71
p2_N2_S2.168,3480.0,45.87,29.0,1,245.14
p2_N2_S2.169,3490.0,34.13,19.0,1,222.76
p2_N2_S2.170,3500.0,22.53,8.0,1,189.61
p2_N2_S2.171,3510.0,12.66,0.0,0,170.23
p2_E_S1.21,2971.0,518.9,281.0,17,989.55
p2_N2_S2.172,3520.0,15.72,0.0,0,185.51
p2_S1_N1.170,3500.0,24.75,14.0,1,193.22
p2_S2_N2.103,2925.0,610.01,356.0,16,1026.74
p2_N1_S1.166,3460.0,68.26,37.0,3,287.76
p2_S1_N1.171,3510.0,27.6,9.0,1,197.21
p2_S2_N2.104,2929.0,608.09,359.0,17,1040.44
p2_N1_S1.167,3470.0,69.21,30.0,2,277.31
p2_S1_N1.172,3520.0,16.75,0.0,0,195.67
p2_N1_S1.168,3480.0,60.85,29.0,2,256.64
p2_S1_N1.173,3530.0,11.12,0.0,0,174.88
p2_E_W.211,2994.0,526.91,284.0,17,989.16
p2_S2_W.28,2643.0,877.55,505.0,35,1519.21
p2_S2_N2.105,2934.0,600.38,355.0,18,1026.66
p2_E_W.212,2997.0,523.69,303.0,15,1002.1
p2_E_W.213,3001.0,527.86,298.0,14,1006.61
p2_N2_S2.173,3530.0,6.47,0.0,0,149.19
p2_N2_S2.174,3540.0,10.89,0.0,0,165.42
p2_E_W.214,3004.0,523.26,294.0,17,1000.32
p2_S2_N2.106,2973.0,580.08,329.0,17,986.24
p2_S2_N2.107,2976.0,578.94,323.0,15,988.18
p2_N1_S1.169,3490.0,65.57,36.0,3,270.54
p2_S1_N1.174,3540.0,15.21,4.0,1,184.77
p2_N2_S2.175,3550.0,5.52,0.0,0,144.94
p2_S2_N2.108,2980.0,576.95,318.0,14,994.7
p2_S2_N2.109,2987.0,574.89,314.0,15,979.75
p2_N2_S2.176,3560.0,5.12,0.0,0,153.58
p2_N1_S1.170,3500.0,50.12,30.0,2,227.74
p2_N1_S1.171,3510.0,56.0,26.0,2,243.54
p2_E_W.215,3007.0,540.01,297.0,15,1019.87
p2_S2_N2.110,2995.0,565.33,314.0,18,982.16
p2_S2_N2.111,3059.0,510.63,254.0,14,881.32
p2_E_W.216,3010.0,539.37,294.0,17,1021.54
p2_E_W.217,3013.0,530.52,301.0,17,1003.33
p2_N1_E.55,3453.0,97.71,62.0,3,375.27
p2_W_E.51,3158.0,399.12,247.0,13,829.62
p2_W_N1.14,3185.0,394.22,208.0,16,734.64
p2_W_E.52,3161.0,397.97,239.0,13,813.45
p2_E_W.218,3016.0,528.81,292.0,18,1002.57
p2_N1_S1.172,3520.0,61.7,33.0,3,253.5
p2_W_E.53,3164.0,396.73,236.0,13,825.71
p2_N2_S2.177,3570.0,18.52,7.0,1,191.04
p2_N1_S1.173,3530.0,49.34,19.0,2,230.21
p2_S2_N2.112,3085.0,500.92,266.0,17,889.05
p2_N1_S1.174,3540.0,51.6,19.0,2,225.53
p2_S1_N1.175,3550.0,23.58,12.0,1,194.92
p2_S2_N2.113,3109.0,482.44,260.0,15,843.89
p2_S1_N1.176,3560.0,32.72,12.0,1,201.15
p2_N2_S2.178,3580.0,8.48,0.0,0,163.82
p2_S2_N2.114,3114.0,478.94,251.0,15,848.96
p2_S1_N1.177,3570.0,24.36,3.0,1,210.85
p2_E_W.219,3019.0,545.51,301.0,19,1029.32
p2_W_E.54,3167.0,412.94,248.0,15,829.05
p2_S2_W.29,2673.0,898.1,508.0,34,1519.35
p2_S2_W.30,2710.0,871.7,463.0,28,1489.42
p2_S2_W.31,2751.0,832.17,437.0,32,1429.94
p2_S2_W.32,2801.0,775.65,397.0,28,1374.06
p2_N1_E.56,3483.0,91.69,54.0,4,373.86
p2_S2_W.33,2849.0,735.99,367.0,28,1311.26
p2_W_E.55,3173.0,404.03,233.0,16,823.24
p2_E_W.220,3022.0,562.21,333.0,18,1075.91
p2_W_E.56,3176.0,414.48,224.0,16,834.06
p2_W_E.57,3179.0,413.36,219.0,14,836.75
p2_E_S1.22,3026.0,566.72,333.0,17,1048.39
p2_W_E.58,3182.0,412.0,214.0,14,850.2
p2_W_N1.15,3213.0,398.82,202.0,17,753.49
p2_N1_E.57,3513.0,82.36,34.0,3,376.52
p2_N1_S1.175,3550.0,67.6,37.0,3,268.36
p2_N1_E.58,3543.0,45.31,18.0,2,280.8
p2_N1_S1.176,3560.0,59.62,29.0,2,256.57
p2_W_E.59,3188.0,411.52,211.0,15,818.53
p2_N1_S1.177,3570.0,51.44,28.0,2,243.09
p2_S1_N1.178,3580.0,33.02,22.0,1,200.55
p2_W_E.60,3191.0,410.28,204.0,15,792.54
p2_S1_N1.179,3590.0,33.5,18.0,1,216.75
p2_W_E.61,3197.0,403.11,202.0,14,796.26
p2_W_E.62,3204.0,400.75,196.0,16,806.55
p2_E_W.221,3032.0,577.29,338.0,18,1072.94
p2_E_W.222,3038.0,573.55,343.0,18,1063.11
p2_E_W.223,3045.0,568.3,336.0,14,1048.72
p2_E_W.224,3052.0,558.45,332.0,16,1048.12
p2_E_W.225,3084.0,533.55,309.0,14,993.94
p2_E_W.226,3088.0,532.85,310.0,16,1021.62
p2_E_W.227,3091.0,529.19,307.0,14,991.51
p2_S2_N2.115,3122.0,522.94,280.0,16,918.18
p2_E_W.228,3094.0,530.43,303.0,15,996.66
p2_E_W.229,3098.0,519.78,300.0,14,966.59
p2_N2_S2.179,3590.0,51.78,36.0,2,234.56
p2_S2_W.34,2906.0,723.89,381.0,23,1263.3
p2_S2_W.35,2941.0,690.25,371.0,23,1220.4
p2_S2_W.36,2983.0,650.26,331.0,20,1183.66
p2_N1_E.59,3573.0,48.27,25.0,2,284.58
p2_S2_W.37,3068.0,562.17,266.0,19,1067.39
p2_W_E.63,3226.0,402.37,210.0,17,799.5
p2_E_W.230,3101.0,536.35,351.0,13,1025.13
p2_W_E.64,3230.0,409.63,202.0,16,800.83
p2_W_E.65,3233.0,408.37,193.0,17,821.24
p2_W_N1.16,3239.0,423.28,208.0,17,773.54
p2_W_E.66,3236.0,407.12,193.0,17,820.17
p2_W_N1.17,3254.0,419.26,182.0,16,763.17
p2_E_S1.23,3104.0,543.41,368.0,16,1044.99
p2_N1_S1.178,3580.0,98.68,74.0,2,319.01
p2_S2_N2.116,3126.0,563.25,314.0,15,976.73
p2_N1_S1.179,3590.0,101.53,72.0,2,330.9
p2_S2_N2.117,3134.0,559.37,312.0,13,974.18
p2_E_W.231,3107.0,567.61,377.0,15,1083.12
p2_S2_N2.118,3193.0,500.98,281.0,11,875.04
p2_E_W.232,3110.0,566.79,370.0,15,1073.5
p2_S2_N2.119,3200.0,499.24,280.0,9,883.89
p2_W_E.67,3242.0,440.63,212.0,19,875.27
p2_E_W.233,3131.0,538.23,361.0,13,1044.72
p2_S2_W.38,3118.0,568.25,283.0,19,1050.47
p2_W_E.68,3245.0,432.14,201.0,19,841.51
p2_E_W.234,3134.0,537.29,367.0,12,1042.16
p2_W_E.69,3248.0,433.59,202.0,19,846.58
p2_E_W.235,3137.0,548.12,360.0,14,1047.37
p2_W_E.70,3251.0,436.38,198.0,18,852.23
p2_E_W.236,3140.0,552.94,352.0,15,1064.68
p2_W_E.71,3257.0,432.4,181.0,18,842.38
p2_E_W.237,3143.0,551.79,350.0,14,1061.39
p2_W_E.72,3260.0,435.95,184.0,17,854.21
p2_E_W.238,3146.0,548.3,344.0,14,1081.25
p2_E_W.239,3149.0,545.56,342.0,17,1067.87
p2_E_W.240,3152.0,543.31,336.0,13,1066.94
p2_W_N1.18,3337.0,382.99,149.0,16,709.04
p2_W_E.73,3263.0,431.03,190.0,17,832.79
p2_W_E.74,3323.0,374.98,136.0,14,742.73
p2_W_E.75,3329.0,379.45,136.0,13,774.63
p2_W_N1.19,3419.0,314.52,94.0,17,604.62
p2_W_N1.20,3470.0,270.71,69.0,14,544.91
p2_W_E.76,3369.0,357.02,124.0,13,706.72
p2_W_E.77,3372.0,356.43,124.0,15,708.1
p2_W_N1.21,3512.0,242.29,47.0,9,526.54
p2_W_E.78,3376.0,350.88,116.0,14,692.71
p2_W_E.79,3382.0,347.75,116.0,17,704.0
p2_E_S1.24,3155.0,578.81,371.0,13,1107.13
p2_W_E.80,3429.0,309.72,90.0,11,634.66
p2_W_E.81,3454.0,285.64,75.0,8,605.26
p2_S2_N2.120,3218.0,547.81,340.0,11,955.4
p2_S2_N2.121,3296.0,474.62,286.0,8,851.46
p2_S2_N2.122,3300.0,472.45,281.0,7,849.11
p2_E_W.241,3158.0,590.47,380.0,17,1117.54
p2_E_W.242,3161.0,593.48,374.0,17,1115.79
p2_E_W.243,3164.0,591.71,372.0,15,1110.58
p2_S2_N2.123,3304.0,467.61,275.0,8,843.04
p2_E_W.244,3167.0,590.9,369.0,15,1101.6
p2_W_E.82,3458.0,298.13,83.0,10,625.26
p2_E_W.245,3170.0,589.63,363.0,17,1111.9
p2_W_E.83,3464.0,296.38,85.0,10,653.52
p2_W_E.84,3496.0,266.04,62.0,12,598.9
p2_E_W.246,3197.0,558.51,347.0,15,1059.74
p2_E_W.247,3200.0,556.54,348.0,16,1043.29
p2_E_W.248,3205.0,563.56,342.0,16,1057.97
p2_W_E.85,3500.0,255.75,60.0,13,588.89
p2_W_E.86,3503.0,268.13,58.0,13,605.54
p2_E_W.249,3212.0,557.61,336.0,17,1054.63
p2_W_E.87,3507.0,265.88,55.0,9,614.82
p2_W_E.88,3543.0,228.21,41.0,8,551.83
p2_W_N1.22,3570.0,228.63,45.0,10,490.86
p2_E_W.250,3242.0,515.09,319.0,14,974.53
p2_W_E.89,3546.0,231.72,38.0,9,527.05
p2_W_E.90,3551.0,229.47,37.0,7,528.9
p2_W_E.91,3558.0,217.56,33.0,9,528.79
p2_W_N1.23,3605.0,201.07,33.0,6,455.55
p2_W_N1.24,3663.0,159.11,21.0,7,399.76
p2_W_E.92,3579.0,223.79,45.0,8,520.33
p2_W_E.93,3594.0,210.84,38.0,8,508.78
p2_W_E.94,3598.0,208.65,36.0,8,503.93
p2_W_E.95,3601.0,206.74,35.0,7,491.54
p2_E_S1.25,3245.0,566.88,352.0,15,1057.64
p2_W_E.96,3613.0,199.51,28.0,4,484.24
p2_W_E.97,3630.0,186.54,27.0,7,475.52
p2_S2_N2.124,3321.0,524.13,337.0,9,925.85
p2_S2_N2.125,3326.0,518.13,333.0,10,911.1
p2_E_W.251,3248.0,573.34,368.0,18,1081.64
p2_S2_N2.126,3332.0,516.97,330.0,11,916.48
p2_E_W.252,3251.0,580.77,363.0,19,1098.79
p2_E_W.253,3254.0,576.91,364.0,20,1096.39
p2_E_W.254,3257.0,578.16,356.0,18,1101.03
p2_E_W.255,3260.0,575.74,352.0,19,1099.97
p2_S2_W.39,3171.0,667.42,369.0,21,1228.16
p2_E_W.256,3263.0,562.8,347.0,20,1078.92
p2_E_W.257,3266.0,578.17,342.0,18,1086.26
p2_E_W.258,3269.0,582.32,339.0,16,1081.61
p2_E_W.259,3272.0,571.97,332.0,17,1085.94
p2_W_N1.25,3701.0,174.89,54.0,8,428.05
p2_E_W.260,3367.0,487.22,245.0,13,935.03
p2_W_N1.26,3737.0,150.17,39.0,6,364.72
p2_S2_N2.127,3440.0,436.55,273.0,11,807.96
p2_S2_N2.128,3444.0,446.12,270.0,11,813.9
p2_S2_N2.129,3449.0,442.95,269.0,9,819.16
p2_S2_N2.130,3459.0,434.71,265.0,10,801.49
p2_S2_N2.131,3462.0,432.49,264.0,9,794.29
p2_S2_N2.132,3466.0,431.3,262.0,9,801.9
p2_W_N1.27,3765.0,133.22,27.0,4,337.64
p2_S2_N2.133,3472.0,427.33,256.0,11,762.6
p2_W_E.98,3634.0,244.02,88.0,7,561.25
p2_W_E.99,3638.0,240.77,83.0,6,559.09
p2_W_E.100,3644.0,248.54,78.0,6,587.54
p2_E_S1.26,3370.0,511.59,283.0,15,994.17
p2_W_E.101,3680.0,207.86,75.0,7,530.19
p2_W_E.102,3684.0,199.74,72.0,5,515.43
p2_W_E.103,3687.0,212.67,70.0,5,531.72
p2_W_E.104,3692.0,205.38,68.0,7,543.99
p2_W_E.105,3718.0,175.46,58.0,8,494.49
p2_E_W.261,3373.0,528.96,286.0,17,1005.17
p2_E_W.262,3377.0,528.49,286.0,19,997.81
p2_W_E.106,3722.0,166.78,47.0,7,472.54
p2_E_W.263,3384.0,523.48,278.0,17,997.83
p2_W_E.107,3725.0,184.15,50.0,8,479.2
p2_E_W.264,3412.0,497.27,273.0,17,955.17
p2_W_E.108,3730.0,180.83,43.0,9,474.05
p2_E_W.265,3417.0,494.25,265.0,16,960.52
p2_W_E.109,3753.0,159.63,37.0,5,452.32
p2_E_W.266,3425.0,487.98,264.0,15,942.86
p2_W_E.110,3756.0,158.36,36.0,6,469.48
p2_W_E.111,3759.0,157.24,34.0,5,469.65
p2_W_E.112,3762.0,143.61,30.0,4,440.53
p2_E_W.267,3507.0,399.98,192.0,13,824.94
p2_E_W.268,3512.0,409.18,189.0,13,820.0
p2_W_E.113,3768.0,139.62,28.0,4,433.36
p2_E_W.269,3518.0,404.87,184.0,14,829.85
p2_W_E.114,3773.0,149.29,26.0,3,426.91
p2_W_E.115,3783.0,132.6,25.0,3,420.29
p2_E_W.270,3539.0,385.72,170.0,12,795.33
p2_W_E.116,3787.0,138.7,24.0,3,437.07
p2_W_N1.28,3793.0,153.96,56.0,4,388.63
p2_W_N1.29,3822.0,138.29,45.0,6,371.71
p2_W_N1.30,3840.0,132.4,39.0,4,368.16
p2_S2_N2.134,3475.0,495.46,317.0,11,880.27
p2_S2_N2.135,3478.0,488.85,311.0,11,886.9
p2_S2_N2.136,3492.0,489.62,308.0,11,873.65
p2_E_S1.27,3544.0,419.65,206.0,15,843.21
p2_S2_N2.137,3496.0,490.06,306.0,11,877.66
p2_S2_N2.138,3501.0,485.33,307.0,12,882.97
p2_S2_N2.139,3519.0,470.93,297.0,11,870.42
p2_S2_N2.140,3522.0,462.18,298.0,13,832.29
p2_S2_N2.141,3530.0,456.17,300.0,12,834.77
p2_S2_N2.142,3624.0,366.29,228.0,8,693.11
p2_E_W.271,3549.0,430.52,216.0,17,852.03
p2_E_W.272,3557.0,424.3,210.0,15,845.58
p2_W_E.117,3803.0,174.31,73.0,6,477.63
p2_W_E.118,3812.0,167.57,70.0,5,475.67
p2_S2_W.40,3230.0,750.24,468.0,22,1340.81
p2_E_W.273,3585.0,397.74,204.0,12,822.14
p2_W_E.119,3816.0,162.95,66.0,6,468.42
p2_W_E.120,3819.0,169.25,65.0,6,492.01
p2_W_E.121,3825.0,158.17,59.0,5,456.29
p2_W_E.122,3828.0,163.97,56.0,5,473.81
p2_E_W.274,3588.0,390.09,205.0,13,831.03
p2_E_W.275,3592.0,395.16,197.0,12,829.91
p2_W_E.123,3831.0,162.65,53.0,5,479.9
p2_E_W.276,3600.0,395.76,197.0,13,818.69
p2_W_E.124,3834.0,161.36,52.0,5,481.62
p2_W_E.125,3837.0,160.14,52.0,6,468.31
p2_E_W.277,3663.0,333.8,138.0,12,735.08
p2_W_E.126,3843.0,155.81,53.0,6,476.12
p2_E_W.278,3666.0,333.24,136.0,11,744.9
p2_E_W.279,3669.0,331.96,133.0,12,738.21
p2_W_E.127,3846.0,153.53,52.0,6,464.78
p2_E_W.280,3673.0,329.79,133.0,13,728.32
p2_W_E.128,3849.0,153.34,48.0,5,466.87
p2_W_N1.31,3855.0,173.1,73.0,6,416.25
p2_W_E.129,3852.0,137.13,43.0,5,417.03
p2_W_N1.32,3881.0,158.58,61.0,6,396.85
p2_W_N1.33,3901.0,148.95,54.0,5,403.31
p2_W_E.130,3861.0,168.15,72.0,6,455.07
p2_W_E.131,3864.0,175.73,69.0,5,485.4
p2_E_S1.28,3678.0,361.74,161.0,13,773.74
p2_S2_N2.143,3628.0,435.87,288.0,9,801.7
p2_S2_N2.144,3632.0,434.62,285.0,9,792.84
p2_S2_N2.145,3640.0,430.14,284.0,10,789.64
p2_S2_N2.146,3644.0,426.98,285.0,9,793.5
p2_E_W.281,3688.0,367.22,169.0,14,781.62
p2_W_E.132,3867.0,189.14,79.0,8,507.79
p2_W_E.133,3872.0,184.85,75.0,6,503.67
p2_S2_W.41,3314.0,740.69,468.0,16,1332.26
p2_S2_W.42,3431.0,626.1,380.0,14,1179.93
p2_S2_W.43,3455.0,605.34,361.0,18,1115.39
p2_S2_W.44,3469.0,593.69,359.0,15,1115.08
p2_E_W.282,3692.0,371.36,197.0,13,781.37
p2_W_E.134,3888.0,163.27,70.0,7,475.89
p2_W_E.135,3892.0,174.41,63.0,5,508.25
p2_E_W.283,3695.0,368.88,190.0,12,781.32
p2_W_E.136,3895.0,172.33,60.0,6,504.34
p2_E_W.284,3698.0,372.07,186.0,12,798.28
p2_W_E.137,3898.0,171.92,59.0,6,496.13
p2_E_W.285,3701.0,370.82,179.0,11,795.24
p2_W_E.138,3904.0,157.82,57.0,5,480.27
p2_E_W.286,3704.0,366.83,178.0,9,784.25
p2_W_E.139,3907.0,161.4,50.0,5,476.74
p2_E_W.287,3707.0,368.5,175.0,9,796.66
p2_W_E.140,3910.0,165.38,50.0,6,491.26
p2_W_E.141,3913.0,164.13,51.0,6,506.95
p2_E_W.288,3710.0,367.22,171.0,10,796.21
p2_E_W.289,3713.0,365.97,170.0,8,791.34
p2_E_W.290,3716.0,359.0,168.0,8,760.26
p2_W_N1.34,3916.0,190.54,91.0,8,453.52
p2_W_N1.35,3931.0,187.72,76.0,6,445.49
p2_W_E.142,3919.0,191.58,85.0,6,511.43
p2_W_N1.36,3978.0,153.14,57.0,6,397.1
p2_W_E.143,3922.0,190.88,84.0,7,496.56
p2_S2_N2.147,3647.0,493.45,343.0,10,889.12
p2_E_S1.29,3719.0,385.4,199.0,9,805.08
p2_S2_N2.148,3653.0,488.87,339.0,11,883.3
p2_S2_N2.149,3656.0,490.07,336.0,12,870.54
p2_S2_N2.150,3659.0,492.28,330.0,12,890.56
p2_E_W.291,3722.0,408.36,214.0,11,848.22
p2_S2_N2.151,3675.0,478.3,329.0,9,868.54
p2_S2_N2.152,3679.0,476.11,329.0,10,853.97
p2_E_W.292,3725.0,402.31,208.0,11,840.83
p2_S2_N2.153,3684.0,472.91,328.0,10,866.19
p2_S2_W.45,3483.0,653.39,405.0,18,1217.87
p2_S2_W.46,3508.0,630.3,394.0,18,1196.61
p2_S2_N2.154,3733.0,428.75,299.0,9,811.66
p2_S2_W.47,3607.0,532.08,319.0,18,1041.41
p2_E_W.293,3736.0,402.07,223.0,12,870.5
p2_S2_N2.155,3777.0,387.01,271.0,8,737.66
p2_E_W.294,3740.0,404.15,216.0,12,876.75
p2_E_W.295,3743.0,402.98,208.0,10,871.56
p2_E_W.296,3746.0,401.73,202.0,9,862.18
p2_E_W.297,3749.0,400.4,200.0,9,839.89
p2_S2_N2.156,3781.0,379.44,268.0,8,736.44
p2_E_W.298,3756.0,389.63,202.0,11,803.22
p2_S2_N2.157,3788.0,386.72,267.0,9,735.02
p2_E_W.299,3763.0,391.28,202.0,10,826.36
p2_S2_N2.158,3796.0,377.47,266.0,6,742.77
p2_E_W.300,3766.0,382.43,196.0,9,812.86
p2_S2_N2.159,3854.0,323.67,220.0,6,650.74
p2_W_E.144,3925.0,236.83,121.0,7,573.8
p2_W_N1.37,3993.0,187.78,82.0,8,441.29
p2_W_E.145,3928.0,234.82,119.0,9,573.91
p2_W_E.146,3943.0,223.44,112.0,8,558.47
p2_W_E.147,3966.0,202.04,96.0,6,523.8
p2_W_E.148,3969.0,199.52,95.0,6,515.78
p2_W_E.149,3971.0,200.57,93.0,7,530.23
p2_W_E.150,3975.0,198.42,91.0,6,514.78
p2_W_N1.38,4021.0,173.56,66.0,12,428.74
p2_S2_N2.160,3860.0,339.18,230.0,8,667.09
p2_W_N1.39,4052.0,152.22,52.0,6,402.38
p2_S2_N2.161,3865.0,333.97,227.0,6,661.39
p2_S2_N2.162,3871.0,340.14,227.0,7,675.94
p2_W_E.151,3981.0,210.2,98.0,7,554.15
p2_E_S1.30,3769.0,420.46,224.0,10,868.92
p2_W_E.152,3984.0,210.99,90.0,8,563.48
p2_W_E.153,3987.0,200.35,84.0,9,537.72
p2_W_E.154,3990.0,212.82,86.0,9,537.62
p2_W_E.155,3996.0,196.5,83.0,9,515.82
p2_E_W.301,3773.0,433.96,234.0,12,877.7
p2_W_E.156,3999.0,208.45,80.0,10,535.78
p2_E_W.302,3779.0,427.53,224.0,11,863.14
p2_W_E.157,4002.0,207.23,77.0,9,551.05
p2_W_E.158,4005.0,200.42,72.0,10,539.93
p2_E_W.303,3792.0,419.76,219.0,12,867.45
p2_W_E.159,4039.0,173.82,59.0,7,484.4
p2_E_W.304,3795.0,418.51,217.0,11,842.87
p2_E_W.305,3798.0,417.1,215.0,11,843.49
p2_W_E.160,4042.0,172.43,57.0,6,505.32
p2_W_E.161,4046.0,165.89,55.0,6,486.06
p2_W_E.162,4049.0,169.16,55.0,6,520.22
p2_S2_W.48,3637.0,574.86,368.0,17,1092.02
p2_E_W.306,3801.0,419.15,222.0,14,856.99
p2_W_E.163,4055.0,162.9,50.0,4,498.39
p2_W_E.164,4058.0,161.03,53.0,5,491.38
p2_E_W.307,3804.0,411.85,220.0,12,846.97
p2_E_W.308,3807.0,414.41,217.0,13,836.31
p2_W_E.165,4061.0,161.92,49.0,4,506.0
p2_E_W.309,3810.0,415.83,218.0,12,836.21
p2_E_W.310,3813.0,414.5,211.0,13,827.84
p2_W_E.166,4064.0,165.47,63.0,5,475.39
p2_W_N1.40,4067.0,188.16,78.0,7,463.36
p2_W_N1.41,4082.0,183.98,64.0,7,425.94
p2_S2_N2.163,3933.0,344.51,242.0,6,685.58
p2_S2_N2.164,3938.0,340.25,239.0,7,672.16
p2_S2_N2.165,3944.0,339.07,239.0,7,670.78
p2_S2_N2.166,3972.0,314.07,223.0,5,639.25
p2_S2_N2.167,3975.0,312.46,222.0,5,625.03
p2_E_S1.31,3817.0,450.14,242.0,13,894.12
p2_W_N1.42,4130.0,140.64,43.0,4,380.27
p2_S2_N2.168,3978.0,310.23,220.0,5,621.41
p2_W_E.167,4070.0,199.93,87.0,7,543.98
p2_W_E.168,4073.0,205.41,84.0,7,548.34
p2_W_E.169,4076.0,204.29,78.0,8,539.7
p2_W_E.170,4079.0,202.9,75.0,8,552.28
p2_E_W.311,3828.0,448.24,252.0,13,894.45
p2_E_W.312,3831.0,457.7,243.0,15,909.82
p2_S2_N2.169,3985.0,325.8,230.0,6,648.54
p2_E_W.313,3834.0,454.15,234.0,15,899.76
p2_S2_N2.170,3988.0,324.57,230.0,6,646.03
p2_E_W.314,3837.0,455.18,231.0,13,901.31
p2_S2_N2.171,3991.0,322.69,227.0,6,659.96
p2_E_W.315,3840.0,436.03,233.0,15,872.5
p2_W_E.171,4095.0,205.03,81.0,8,533.03
p2_S2_W.49,3650.0,641.98,423.0,14,1181.28
p2_W_E.172,4118.0,181.12,68.0,8,484.58
p2_S2_W.50,3664.0,639.36,411.0,19,1187.19
p2_W_E.173,4121.0,182.09,63.0,8,485.82
p2_S2_W.51,3691.0,613.17,398.0,17,1174.01
p2_W_E.174,4124.0,179.8,58.0,8,475.1
p2_S2_W.52,3784.0,522.8,329.0,13,1019.31
p2_S2_W.53,3857.0,445.8,275.0,10,909.63
p2_E_W.316,3843.0,467.92,243.0,13,928.34
p2_E_W.317,3846.0,459.92,237.0,12,933.35
p2_S2_N2.172,3997.0,337.5,233.0,9,670.09
p2_E_W.318,3849.0,463.43,234.0,13,934.95
p2_E_W.319,3852.0,460.86,232.0,12,930.63
p2_S2_W.54,3929.0,387.51,234.0,10,839.88
p2_S2_N2.173,4060.0,275.48,182.0,7,587.66
p2_W_N1.43,4145.0,194.42,80.0,6,455.31
p2_E_W.320,3858.0,461.77,238.0,14,940.69
p2_S2_N2.174,4063.0,273.48,179.0,7,583.42
p2_W_E.175,4127.0,199.13,67.0,7,515.83
p2_W_E.176,4133.0,194.89,65.0,7,512.02
p2_W_E.177,4136.0,192.26,61.0,6,505.3
p2_W_E.178,4139.0,193.73,63.0,6,511.92
p2_W_N1.44,4172.0,175.1,68.0,7,414.75
p2_S2_N2.175,4070.0,290.36,187.0,7,617.51
p2_W_N1.45,4211.0,150.57,45.0,4,395.79
p2_E_S1.32,3894.0,446.92,241.0,13,901.61
p2_S2_N2.176,4073.0,284.46,184.0,8,616.73
p2_S2_N2.177,4076.0,293.13,182.0,8,603.17
p2_W_E.179,4142.0,209.98,78.0,8,549.93
p2_W_E.180,4148.0,206.08,83.0,8,522.47
p2_W_E.181,4151.0,204.95,80.0,7,523.92
p2_E_W.321,3903.0,455.77,246.0,15,915.9
p2_E_W.322,3906.0,454.85,243.0,17,921.55
p2_W_E.182,4154.0,198.11,76.0,7,520.4
p2_E_W.323,3909.0,453.15,238.0,16,892.53
p2_W_E.183,4157.0,204.52,73.0,8,534.33
p2_E_W.324,3912.0,453.13,232.0,18,912.75
p2_E_W.325,3915.0,450.69,226.0,14,895.79
p2_E_W.326,3919.0,447.2,225.0,15,883.36
p2_E_W.327,3922.0,449.33,220.0,18,899.58
p2_E_W.328,3925.0,446.31,215.0,18,883.35
p2_E_W.329,3932.0,442.89,217.0,17,883.54
p2_S2_N2.178,4082.0,294.67,192.0,9,617.81
p2_S2_N2.179,4085.0,314.93,187.0,9,637.32
p2_E_W.330,3993.0,377.42,167.0,14,767.73
p2_W_E.184,4199.0,171.61,61.0,6,469.8
p2_W_E.185,4202.0,182.0,63.0,7,481.12
p2_W_E.186,4205.0,180.7,60.0,6,488.36
p2_W_E.187,4208.0,169.87,54.0,5,479.92
p2_W_N1.46,4226.0,175.51,62.0,6,425.15
p2_W_E.188,4214.0,163.64,58.0,6,466.03
p2_W_E.189,4217.0,167.16,53.0,6,474.38
p2_W_E.190,4220.0,174.11,54.0,6,474.52
p2_W_E.191,4223.0,172.84,54.0,6,491.4
p2_W_N1.47,4251.0,166.37,51.0,9,397.73
p2_W_E.192,4229.0,180.22,59.0,7,477.72
p2_W_N1.48,4284.0,143.67,41.0,6,376.58
p2_W_E.193,4232.0,178.67,56.0,7,467.77
p2_W_E.194,4241.0,173.56,56.0,6,461.6
p2_W_E.195,4244.0,172.32,54.0,6,451.21
p2_W_N1.49,4299.0,140.25,37.0,5,377.06
p2_E_S1.33,3996.0,422.72,197.0,11,839.66
p2_W_E.196,4257.0,160.43,51.0,7,438.39
p2_W_E.197,4272.0,154.8,44.0,6,432.22
p2_W_E.198,4275.0,151.44,45.0,6,423.85
p2_W_E.199,4278.0,148.45,43.0,6,434.34
p2_W_E.200,4281.0,151.13,43.0,6,433.76
p2_W_E.201,4287.0,146.89,43.0,5,439.21
p2_W_E.202,4290.0,145.53,40.0,6,444.31
p2_S2_W.55,3968.0,465.41,321.0,13,941.41
p2_E_W.331,3999.0,432.53,219.0,15,877.39
p2_E_W.332,4002.0,437.73,216.0,17,895.45
p2_E_W.333,4005.0,435.25,215.0,16,883.1
p2_E_W.334,4008.0,437.85,206.0,16,907.0
p2_S2_W.56,3981.0,464.83,311.0,13,961.03
p2_S2_W.57,3994.0,452.86,294.0,14,936.62
p2_E_W.335,4011.0,440.08,197.0,16,908.32
p2_E_W.336,4014.0,438.74,193.0,16,905.16
p2_S2_W.58,4066.0,388.07,235.0,15,838.43
p2_E_W.337,4017.0,435.0,199.0,15,870.26
p2_W_E.203,4293.0,155.37,51.0,6,465.63
p2_E_W.338,4046.0,412.23,182.0,14,835.37
p2_W_E.204,4296.0,161.77,47.0,7,486.19
p2_E_W.339,4051.0,402.02,179.0,13,801.23
p2_W_E.205,4302.0,158.75,46.0,8,472.22
p2_E_W.340,4058.0,404.57,174.0,15,810.9
p2_S2_W.59,4079.0,384.91,235.0,14,829.51
p2_W_E.206,4305.0,150.87,43.0,8,428.31
p2_W_E.207,4308.0,161.32,45.0,8,458.63
p2_W_E.208,4319.0,146.26,43.0,7,439.11
p2_W_N1.50,4329.0,159.62,61.0,7,410.29
p2_W_N1.51,4357.0,142.22,47.0,7,375.96
p2_W_N1.52,4372.0,141.07,40.0,6,365.14
p2_W_E.209,4345.0,148.94,48.0,6,434.09
p2_W_E.210,4348.0,148.05,49.0,5,434.46
p2_W_E.211,4351.0,146.45,49.0,4,428.21
p2_E_S1.34,4089.0,398.11,190.0,15,819.62
p2_W_E.212,4354.0,141.61,49.0,5,407.91
p2_W_E.213,4360.0,149.08,43.0,5,431.93
p2_E_W.341,4093.0,418.13,195.0,18,836.43
p2_E_W.342,4096.0,409.66,192.0,15,813.69
p2_E_W.343,4099.0,409.69,183.0,18,813.0
p2_E_W.344,4106.0,415.62,183.0,17,831.59
p2_E_W.345,4122.0,386.57,173.0,14,781.2
p2_E_W.346,4129.0,392.66,171.0,15,778.16
p2_E_W.347,4133.0,395.14,168.0,14,787.81
p2_E_W.348,4137.0,393.62,161.0,15,804.04
p2_E_W.349,4140.0,389.36,157.0,15,813.84
p2_E_W.350,4143.0,388.85,155.0,14,805.8
p2_W_E.214,4363.0,154.17,51.0,5,464.74
p2_W_E.215,4366.0,171.2,51.0,8,466.01
p2_W_N1.53,4395.0,159.45,52.0,6,399.41
p2_W_E.216,4369.0,169.42,48.0,8,484.6
p2_W_E.217,4375.0,168.15,54.0,7,493.21
p2_W_E.218,4378.0,152.5,49.0,6,447.9
p2_W_E.219,4381.0,163.03,45.0,7,453.99
p2_W_E.220,4384.0,153.33,44.0,6,442.55
p2_W_N1.54,4441.0,127.07,31.0,4,344.0
p2_W_E.221,4404.0,156.41,52.0,7,439.4
p2_W_N1.55,4457.0,121.01,25.0,4,351.23
p2_W_E.222,4429.0,128.39,36.0,5,399.33
p2_W_E.223,4432.0,143.62,34.0,4,406.46
p2_W_E.224,4435.0,132.19,33.0,4,420.27
p2_E_S1.35,4147.0,411.92,184.0,15,833.87
p2_W_E.225,4438.0,141.39,33.0,4,428.28
p2_W_E.226,4444.0,134.63,28.0,4,422.77
p2_W_E.227,4447.0,135.96,26.0,4,448.99
p2_E_W.351,4150.0,437.0,189.0,15,841.17
p2_E_W.352,4157.0,432.07,187.0,17,844.92
p2_W_E.228,4450.0,121.95,25.0,5,383.29
p2_W_E.229,4453.0,128.38,25.0,4,394.73
p2_E_W.353,4168.0,421.59,182.0,15,828.08
p2_W_E.230,4468.0,115.71,24.0,4,385.13
p2_E_W.354,4173.0,420.34,181.0,15,836.06
p2_E_W.355,4196.0,394.81,170.0,14,789.9
p2_E_W.356,4202.0,391.16,168.0,17,796.8
p2_E_W.357,4208.0,392.47,159.0,13,797.15
p2_E_W.358,4213.0,389.28,155.0,19,788.84
p2_E_W.359,4216.0,385.85,155.0,21,793.38
p2_E_W.360,4219.0,386.61,149.0,18,782.49
p2_W_E.231,4472.0,133.76,34.0,4,430.52
p2_W_E.232,4475.0,132.54,33.0,4,435.22
p2_W_N1.56,4489.0,144.87,58.0,5,377.61
p2_W_E.233,4480.0,116.03,29.0,4,389.5
p2_W_N1.57,4509.0,136.06,44.0,5,376.29
p2_W_N1.58,4524.0,131.07,35.0,4,361.24
p2_W_E.234,4497.0,140.71,53.0,5,424.76
p2_W_E.235,4500.0,140.03,49.0,5,425.83
p2_W_E.236,4503.0,138.8,48.0,5,432.5
p2_W_E.237,4506.0,137.64,46.0,5,424.36
p2_W_N1.59,4539.0,126.4,30.0,4,350.84
p2_E_S1.36,4222.0,419.79,197.0,17,857.43
p2_W_E.238,4512.0,135.07,42.0,6,414.15
p2_W_E.239,4515.0,136.6,39.0,5,429.7
p2_W_E.240,4518.0,131.58,35.0,5,396.55
p2_W_E.241,4521.0,136.17,37.0,5,410.18
p2_E_W.361,4225.0,436.41,205.0,17,883.58
p2_W_E.242,4527.0,128.0,34.0,4,397.28
p2_W_E.243,4530.0,137.28,33.0,4,404.18
p2_E_W.362,4231.0,423.96,196.0,15,864.18
p2_E_W.363,4272.0,400.62,168.0,15,812.99
p2_E_W.364,4275.0,391.61,162.0,16,807.74
p2_E_W.365,4279.0,397.23,159.0,13,825.47
p2_E_W.366,4287.0,390.96,155.0,13,816.35
p2_E_W.367,4303.0,365.21,152.0,11,758.6
p2_E_W.368,4306.0,375.25,148.0,12,780.68
p2_E_W.369,4309.0,374.69,150.0,13,798.98
p2_E_S1.37,4315.0,368.79,145.0,15,777.96
p2_E_W.370,4312.0,373.51,146.0,14,807.0
p2_E_W.371,4318.0,361.26,137.0,15,758.99
p2_E_W.372,4321.0,365.3,135.0,13,764.47
p2_W_E.244,4533.0,134.79,39.0,6,415.08
p2_E_W.373,4324.0,361.67,126.0,11,747.2
p2_W_E.245,4536.0,154.22,37.0,5,442.8
p2_W_E.246,4543.0,151.23,45.0,5,455.29
p2_W_E.247,4546.0,150.02,41.0,6,458.74
p2_W_E.248,4549.0,148.86,41.0,5,434.65
p2_W_E.249,4552.0,147.64,39.0,5,435.16
p2_E_W.374,4327.0,346.04,127.0,14,726.8
p2_E_W.375,4331.0,370.84,136.0,12,763.62
p2_E_W.376,4350.0,358.06,137.0,12,741.08
p2_E_S1.38,4391.0,314.42,115.0,9,673.08
p2_E_W.377,4354.0,355.73,132.0,13,745.9
p2_E_W.378,4361.0,350.58,129.0,12,735.84
p2_E_W.379,4384.0,326.78,120.0,12,684.8
p2_E_W.380,4387.0,322.0,117.0,10,686.23
p2_E_W.381,4397.0,319.85,112.0,10,680.26
p2_E_W.382,4411.0,307.53,112.0,11,673.95
p2_E_W.383,4418.0,302.16,106.0,8,664.4
p2_E_W.384,4435.0,262.42,103.0,6,612.41
p2_E_W.385,4439.0,288.06,112.0,7,619.67
p2_E_W.386,4443.0,285.84,111.0,8,617.81
p2_E_W.387,4450.0,280.42,110.0,8,628.52
p2_E_W.388,4462.0,264.18,119.0,8,596.87
p2_E_S1.39,4475.0,269.78,109.0,9,604.8
p2_E_W.389,4465.0,282.5,117.0,7,623.08
p2_E_W.390,4469.0,274.33,113.0,8,642.36
p2_E_W.391,4486.0,264.91,111.0,7,612.49
p2_E_W.392,4489.0,263.5,110.0,9,601.22
p2_E_W.393,4493.0,258.31,106.0,9,593.64
p2_E_W.394,4496.0,239.61,107.0,8,582.22
p2_E_W.395,4499.0,269.08,115.0,9,612.88
p2_E_W.396,4502.0,263.89,120.0,7,597.79
p2_E_W.397,4505.0,255.3,121.0,7,584.55
p2_E_W.398,4508.0,250.57,117.0,7,606.07
p2_E_W.399,4511.0,254.84,111.0,7,595.83
p2_E_W.400,4514.0,262.94,110.0,8,593.07
p2_E_S1.40,4517.0,241.9,111.0,7,586.14
p2_E_W.401,4520.0,258.73,106.0,7,589.83
p2_E_W.402,4523.0,257.51,104.0,9,601.15
p2_E_W.403,4526.0,256.32,103.0,7,597.7
p2_E_W.404,4529.0,253.07,100.0,6,605.29
p2_E_W.405,4532.0,251.92,99.0,6,594.35
p2_E_W.406,4534.0,253.46,97.0,7,595.9
p2_E_W.407,4538.0,251.21,97.0,8,600.18
p2_E_W.408,4576.0,214.99,72.0,7,538.57
p2_E_S1.41,4592.0,198.23,78.0,5,528.31
p2_E_W.409,4582.0,210.63,72.0,7,536.52
p2_E_W.410,4588.0,206.42,69.0,6,530.0
p2_E_W.411,4597.0,195.72,79.0,5,526.41
p2_E_W.412,4600.0,186.18,77.0,5,498.06
p2_E_W.413,4603.0,188.65,78.0,6,499.63
p2_E_W.414,4606.0,204.07,85.0,6,531.21
p2_E_W.415,4609.0,203.86,82.0,6,517.28
p2_E_W.416,4612.0,209.29,79.0,5,544.19
p2_E_W.417,4615.0,203.21,79.0,5,519.41
p2_E_W.418,4618.0,203.98,77.0,5,517.44
p2_E_W.419,4621.0,205.7,76.0,5,519.31
p2_E_W.420,4624.0,200.26,75.0,5,501.28
p2_E_S1.42,4627.0,202.34,74.0,5,505.45
p2_E_W.421,4630.0,201.21,68.0,7,529.31
p2_E_W.422,4655.0,173.6,53.0,5,484.76
p2_E_W.423,4663.0,174.3,52.0,4,463.81
p2_E_W.424,4668.0,162.76,55.0,6,451.96
p2_E_W.425,4671.0,171.42,53.0,4,464.76
p2_E_W.426,4674.0,165.63,52.0,4,468.31
p2_E_W.427,4677.0,169.0,51.0,5,479.72
p2_E_W.428,4680.0,157.79,52.0,5,446.5
p2_E_W.429,4683.0,167.16,50.0,6,444.76
p2_E_W.430,4686.0,165.82,48.0,5,453.49
p2_E_W.431,4695.0,158.54,48.0,4,442.74
p2_E_S1.43,4689.0,157.0,50.0,6,432.44
p2_E_W.432,4728.0,127.27,28.0,3,396.14
p2_E_W.433,4733.0,123.99,26.0,3,399.01
p2_E_W.434,4741.0,117.72,23.0,3,385.49
p2_E_W.435,4745.0,115.54,24.0,3,378.66
p2_E_W.436,4748.0,114.28,25.0,4,393.93
p2_E_W.437,4751.0,112.98,38.0,3,407.76
p2_E_W.438,4754.0,111.78,34.0,2,416.29
p2_E_W.439,4757.0,110.6,34.0,3,403.81
p2_E_S1.44,4763.0,107.62,34.0,3,378.18
p2_E_W.440,4760.0,98.87,33.0,3,356.81
p2_E_W.441,4769.0,117.42,44.0,3,413.48
p2_E_W.442,4806.0,89.42,23.0,2,366.61
p2_E_W.443,4816.0,81.07,19.0,2,357.41
p2_E_W.444,4821.0,71.96,20.0,2,343.06
p2_E_W.445,4824.0,76.81,20.0,2,370.76
p2_E_W.446,4827.0,75.71,18.0,3,367.23
p2_E_W.447,4830.0,66.64,16.0,2,333.42
p2_E_W.448,4833.0,71.1,14.0,2,353.34
p2_E_W.449,4836.0,70.92,15.0,2,357.22
p2_E_S1.45,4842.0,69.78,14.0,2,349.2
p2_E_W.450,4839.0,73.46,15.0,2,366.67
p2_E_W.451,4845.0,69.14,12.0,2,350.89
p2_E_W.452,4848.0,67.94,12.0,2,351.3
p2_E_W.453,4851.0,66.75,11.0,2,354.14
p2_E_W.454,4854.0,65.47,9.0,2,355.48
p2_E_W.455,4857.0,64.34,9.0,2,349.52
p2_E_W.456,4860.0,62.96,10.0,2,351.27
p2_E_W.457,4863.0,61.01,8.0,3,339.33
p2_E_W.458,4867.0,53.63,8.0,3,312.69
p2_E_W.459,4870.0,54.66,7.0,2,311.63
p2_E_W.460,4873.0,60.36,7.0,2,332.45
p2_E_S1.46,4876.0,57.71,5.0,2,346.79
p2_E_W.461,4879.0,56.82,6.0,2,355.84
p2_E_W.462,4882.0,55.58,6.0,3,336.98
p2_E_W.463,4885.0,53.8,5.0,2,331.49
p2_E_W.464,4888.0,54.05,12.0,1,343.83
p2_E_W.465,4891.0,52.81,11.0,1,334.38
p2_E_W.466,4894.0,44.33,10.0,1,289.6
p2_E_W.467,4897.0,46.95,9.0,1,315.46
p2_E_W.468,4900.0,52.71,9.0,1,336.25
p2_E_W.469,4903.0,64.26,19.0,2,353.88
p2_E_W.470,4906.0,61.27,18.0,2,353.08
p2_E_W.471,4912.0,58.63,17.0,2,312.72
p2_E_W.472,4915.0,62.02,14.0,2,334.7
p2_E_S1.47,4909.0,53.67,16.0,2,319.35
p2_E_W.473,4918.0,53.58,14.0,2,313.54
p2_E_W.474,4921.0,61.88,14.0,2,341.42
p2_E_W.475,4924.0,60.62,12.0,2,338.61
p2_E_W.476,4927.0,59.43,11.0,2,331.9
p2_E_W.477,4930.0,58.1,11.0,2,329.04
p2_E_W.478,4933.0,54.17,10.0,2,315.84
p2_E_W.479,4936.0,55.76,8.0,2,307.76
p2_E_W.480,4939.0,54.45,8.0,2,320.16
p2_E_S1.48,4942.0,46.8,6.0,2,309.83
p2_E_W.481,4945.0,41.7,5.0,2,293.41
p2_E_W.482,4948.0,50.17,5.0,2,301.85
p2_E_W.483,4951.0,52.34,6.0,2,308.04
p2_E_W.484,4954.0,52.86,3.0,1,306.84
p2_E_W.485,4957.0,51.64,1.0,1,316.98
p2_E_W.486,4960.0,35.0,1.0,1,274.97
p2_E_W.487,4963.0,49.26,0.0,0,299.03
p2_E_W.488,4966.0,49.14,0.0,0,295.32
p2_E_W.489,4969.0,46.4,2.0,1,308.87
p2_E_W.490,4972.0,43.89,1.0,1,309.55
p2_E_S1.49,4975.0,37.43,1.0,1,292.71
p2_E_W.491,4978.0,42.57,12.0,1,317.67
p2_E_W.492,4981.0,37.25,11.0,1,298.63
p2_E_W.493,4984.0,37.47,11.0,1,302.86
p2_E_W.494,4987.0,30.14,10.0,1,274.39
p2_E_W.495,4990.0,43.18,21.0,2,294.72
p2_E_W.496,4993.0,57.63,20.0,2,326.81
p2_E_W.497,4996.0,56.34,18.0,2,341.65
p2_E_W.498,4999.0,52.11,17.0,2,340.35
p2_E_S1.50,5008.0,47.33,12.0,2,307.93
p2_E_W.499,5002.0,43.9,16.0,2,318.03
p2_E_W.500,5005.0,51.15,14.0,2,336.69
p2_E_W.501,5011.0,48.61,11.0,2,329.61
p2_E_W.502,5014.0,47.3,8.0,1,341.23
p2_E_W.503,5017.0,45.96,7.0,1,323.04
p2_E_W.504,5020.0,32.88,5.0,1,286.43
p2_E_W.505,5023.0,42.54,6.0,1,282.02
p2_E_W.506,5026.0,46.98,5.0,1,297.1
p2_E_W.507,5030.0,30.66,5.0,1,274.62
p2_E_W.508,5033.0,44.0,6.0,1,286.88
p2_E_W.509,5036.0,42.71,5.0,1,301.62
p2_E_S1.51,5042.0,36.06,3.0,1,281.46
p2_E_W.510,5039.0,41.5,4.0,1,306.34
p2_E_W.511,5045.0,37.16,4.0,1,293.39
p2_E_W.512,5048.0,35.82,5.0,1,287.18
p2_E_W.513,5051.0,34.63,3.0,2,276.15
p2_E_W.514,5054.0,33.41,4.0,2,264.69
p2_E_W.515,5057.0,32.06,3.0,2,271.43
p2_E_W.516,5060.0,30.8,3.0,2,270.22
p2_E_W.517,5063.0,27.45,8.0,1,273.25
p2_E_W.518,5066.0,21.97,5.0,1,250.38
p2_E_W.519,5069.0,19.68,3.0,1,253.36
p2_E_W.520,5072.0,28.31,3.0,1,259.62
p2_E_S1.52,5075.0,17.53,0.0,0,243.63
p2_E_W.521,5078.0,37.35,13.0,1,294.87
p2_E_W.522,5081.0,40.4,11.0,1,300.22
p2_E_W.523,5084.0,38.93,11.0,1,299.99
p2_E_W.524,5087.0,38.91,11.0,1,310.63
p2_E_W.525,5090.0,31.8,10.0,1,278.56
p2_E_W.526,5093.0,37.3,9.0,1,285.22
p2_E_W.527,5096.0,37.7,9.0,1,290.97
p2_E_W.528,5099.0,36.48,9.0,1,282.33
p2_E_W.529,5102.0,32.34,7.0,1,281.41
p2_E_S1.53,5108.0,25.4,0.0,0,244.69
p2_E_W.530,5105.0,18.46,2.0,1,226.35
p2_E_W.531,5111.0,32.61,0.0,0,274.79
p2_E_W.532,5114.0,31.72,0.0,0,253.95
p2_E_W.533,5117.0,34.73,0.0,0,267.37
p2_E_W.534,5120.0,33.46,0.0,0,272.51
p2_E_W.535,5123.0,32.13,0.0,0,265.54
p2_E_W.536,5125.0,31.94,0.0,0,257.78
p2_E_W.537,5129.0,26.93,0.0,0,251.07
p2_E_W.538,5132.0,28.43,0.0,0,265.59
p2_E_W.539,5135.0,27.34,0.0,0,253.88
p2_E_W.540,5138.0,25.96,10.0,1,252.85
p2_E_W.541,5144.0,21.45,6.0,1,247.36
p2_E_S1.54,5141.0,21.15,5.0,1,240.04
p2_E_W.542,5147.0,21.3,4.0,1,249.91
p2_E_W.543,5150.0,22.92,3.0,1,250.79
p2_E_W.544,5153.0,17.28,1.0,1,249.49
p2_E_W.545,5156.0,20.37,1.0,1,244.39
p2_E_W.546,5159.0,19.06,0.0,0,241.51
p2_E_W.547,5162.0,32.33,11.0,1,275.57
p2_E_W.548,5165.0,31.76,11.0,1,280.25
p2_E_W.549,5168.0,30.62,10.0,1,279.6
p2_E_W.550,5171.0,27.38,9.0,1,246.24
p2_E_S1.55,5174.0,28.94,8.0,1,255.11
p2_E_W.551,5177.0,24.66,8.0,1,236.6
p2_E_W.552,5180.0,20.62,4.0,1,231.08
p2_E_W.553,5183.0,23.42,3.0,1,252.37
p2_E_W.554,5186.0,20.05,3.0,1,228.85
p2_E_W.555,5189.0,27.75,2.0,1,257.46
p2_E_W.556,5192.0,12.89,0.0,0,216.72
p2_E_W.557,5195.0,28.78,0.0,0,242.81
p2_E_W.558,5198.0,27.52,0.0,0,254.05
p2_E_W.559,5201.0,26.15,0.0,0,256.12
p2_E_W.560,5204.0,21.23,0.0,0,253.54
p2_E_W.561,5210.0,35.84,9.0,1,265.74
p2_E_W.562,5213.0,34.81,9.0,1,266.14
p2_E_W.563,5216.0,32.45,8.0,1,262.89
p2_E_S1.56,5207.0,24.55,11.0,1,238.16
p2_E_W.564,5219.0,28.12,7.0,1,262.76
p2_E_W.565,5222.0,49.6,19.0,2,311.67
p2_E_W.566,5225.0,45.43,17.0,2,298.91
p2_E_W.567,5228.0,49.79,16.0,2,300.81
p2_E_W.568,5231.0,36.4,12.0,2,275.76
p2_E_S1.57,5241.0,43.69,8.0,1,296.93
p2_E_W.569,5234.0,52.3,10.0,1,294.02
p2_E_W.570,5237.0,51.01,9.0,1,303.69
p2_E_W.571,5244.0,45.76,7.0,1,303.74
p2_E_W.572,5247.0,43.76,7.0,1,302.95
p2_E_W.573,5250.0,43.29,7.0,1,311.64
p2_E_W.574,5253.0,41.99,7.0,1,310.91
p2_E_W.575,5256.0,32.7,6.0,1,270.03
p2_E_W.576,5259.0,40.56,7.0,2,279.23
p2_E_W.577,5262.0,39.38,6.0,2,295.53
p2_E_W.578,5265.0,37.97,6.0,1,301.73
p2_E_W.579,5268.0,36.74,6.0,1,308.32
p2_E_S1.58,5274.0,32.48,5.0,1,258.68
p2_E_W.580,5271.0,25.37,5.0,1,241.75
p2_E_W.581,5277.0,24.88,5.0,2,244.53
p2_E_W.582,5280.0,34.17,4.0,1,257.8
p2_E_W.583,5283.0,30.53,5.0,1,259.3
p2_E_W.584,5286.0,31.53,5.0,1,266.49
p2_E_W.585,5289.0,30.35,12.0,1,278.6
p2_E_W.586,5292.0,26.07,9.0,1,260.28
p2_E_W.587,5295.0,25.11,8.0,1,259.62
p2_E_W.588,5298.0,26.66,7.0,1,286.97
p2_E_W.589,5301.0,25.34,6.0,1,267.21
p2_E_W.590,5304.0,24.07,4.0,1,265.36
p2_E_S1.59,5307.0,17.81,1.0,1,241.23
p2_E_W.591,5310.0,37.43,12.0,1,275.81
p2_E_W.592,5313.0,28.3,11.0,1,257.09
p2_E_W.593,5316.0,39.61,11.0,1,273.05
p2_E_W.594,5319.0,38.29,11.0,1,287.9
p2_E_W.595,5322.0,37.01,9.0,1,282.27
p2_E_W.596,5325.0,22.44,8.0,1,236.14
p2_E_W.597,5328.0,33.09,7.0,1,266.12
p2_E_W.598,5331.0,35.53,6.0,1,280.75
p2_E_W.599,5334.0,34.28,5.0,1,290.33
