id,depart,timeloss,espera,paradas,co2
p1_N1_S1.0,0.0,14.04,4.0,1,181.12
p1_N1_S1.1,10.0,9.74,0.0,0,172.21
p1_S1_N1.0,0.0,8.22,0.0,0,165.82
p1_N2_S2.0,0.0,20.27,9.0,1,190.28
p1_S2_N2.0,0.0,19.78,10.0,1,193.54
p1_S1_N1.1,10.0,7.18,0.0,0,164.02
p1_S2_N2.1,10.0,14.38,2.0,1,183.07
p1_N2_S2.1,10.0,15.42,4.0,1,184.67
p1_N2_S2.2,20.0,7.3,0.0,0,163.47
p1_S2_N2.2,20.0,6.01,0.0,0,149.1
p1_W_E.0,0.0,7.16,0.0,0,193.56
p1_E_W.0,0.0,7.6,0.0,0,204.38
p1_E_N1.0,3.0,10.19,0.0,0,214.6
p1_N1_S1.2,20.0,27.65,16.0,1,199.13
p1_S2_N2.3,30.0,17.4,5.0,1,190.85
p1_S1_N1.2,20.0,27.08,16.0,1,204.13
p1_N2_S2.3,30.0,15.85,6.0,1,181.15
p1_S1_N1.3,30.0,18.81,8.0,1,193.87
p1_S2_N2.4,40.0,9.5,0.0,0,180.63
p1_N1_S1.3,30.0,17.34,5.0,1,182.81
p1_N1_S1.4,40.0,13.31,0.0,0,178.9
p1_S1_N1.4,40.0,14.01,2.0,1,185.2
p1_N2_S2.4,40.0,15.5,0.0,0,176.03
p1_E_W.1,8.0,30.83,13.0,1,243.47
p1_S1_E.0,3.0,31.43,14.0,1,265.0
p1_W_S2.0,3.0,37.29,16.0,2,271.71
p1_N2_W.0,3.0,37.13,17.0,2,279.36
p1_W_E.1,6.0,36.84,15.0,2,274.18
p1_E_W.2,15.0,24.6,6.0,1,251.59
p1_W_E.2,9.0,35.33,15.0,2,282.43
p1_E_W.3,22.0,23.8,4.0,1,258.65
p1_W_E.3,12.0,34.01,10.0,2,268.15
p1_E_W.4,29.0,18.63,0.0,0,250.58
p1_W_E.4,15.0,33.5,8.0,2,269.1
p1_W_E.5,18.0,32.72,8.0,2,266.52
p1_E_N1.1,32.0,11.14,0.0,0,225.98
p1_N1_S1.5,50.0,33.63,21.0,1,211.36
p1_N2_S2.5,50.0,24.24,12.0,1,189.53
p1_S2_N2.5,50.0,24.75,13.0,1,194.43
p1_S2_N2.6,60.0,24.72,9.0,1,200.86
p1_N2_S2.6,60.0,25.1,8.0,1,201.57
p1_S2_N2.7,70.0,16.38,1.0,1,198.05
p1_N2_S2.7,70.0,16.91,2.0,1,187.8
p1_S1_N1.5,50.0,28.14,17.0,1,198.35
p1_W_E.6,21.0,48.76,18.0,2,307.92
p1_S1_N1.6,60.0,31.36,14.0,1,208.58
p1_N1_S1.6,60.0,18.41,8.0,1,175.7
p1_S1_N1.7,70.0,23.21,6.0,1,200.97
p1_S1_E.1,33.0,37.18,18.0,2,263.2
p1_N1_S1.7,70.0,25.17,5.0,1,195.64
p1_S1_N1.8,80.0,14.97,0.0,0,197.25
p1_W_E.7,24.0,51.07,24.0,3,318.87
p1_N1_S1.8,80.0,17.02,0.0,0,191.85
p1_W_E.8,27.0,41.73,15.0,3,291.35
p1_W_E.9,30.0,44.9,12.0,2,291.6
p1_N2_S2.8,80.0,23.37,14.0,1,194.16
p1_S2_N2.8,80.0,23.97,13.0,1,201.93
p1_N2_S2.9,90.0,16.4,3.0,1,190.81
p1_S2_N2.9,90.0,17.95,5.0,1,195.58
p1_N2_W.1,33.0,22.22,7.0,1,250.5
p1_E_N1.2,61.0,19.64,2.0,1,233.05
p1_E_W.5,36.0,38.0,13.0,2,268.12
p1_N2_S2.10,100.0,10.02,0.0,0,168.44
p1_E_W.6,44.0,46.88,11.0,2,288.81
p1_S2_N2.10,100.0,7.08,0.0,0,162.7
p1_E_W.7,51.0,41.5,5.0,2,298.79
p1_E_W.8,58.0,36.31,2.0,1,272.06
p1_W_E.10,33.0,62.72,22.0,3,332.14
p1_E_W.9,65.0,31.03,1.0,1,268.98
p1_W_S2.1,36.0,61.19,18.0,2,343.81
p1_N2_W.2,63.0,34.77,7.0,1,294.25
p1_S1_N1.9,90.0,29.51,19.0,1,199.33
p1_N1_S1.9,90.0,28.67,19.0,1,200.77
p1_E_W.10,72.0,27.57,7.0,1,259.13
p1_N1_S1.10,100.0,21.63,10.0,1,191.67
p1_N1_S1.11,110.0,13.23,2.0,1,189.34
p1_W_E.11,39.0,55.8,19.0,3,316.02
p1_S1_N1.10,100.0,21.99,10.0,1,198.68
p1_N1_S1.12,120.0,5.58,0.0,0,147.55
p1_W_E.12,42.0,58.37,18.0,2,316.31
p1_W_E.13,45.0,59.28,15.0,2,315.37
p1_W_E.14,48.0,59.97,15.0,2,322.15
p1_S1_N1.11,110.0,9.51,0.0,0,164.22
p1_S1_N1.12,120.0,14.21,0.0,0,167.84
p1_W_E.15,51.0,47.45,15.0,2,282.67
p1_N2_S2.11,110.0,25.14,14.0,1,196.05
p1_S2_N2.11,110.0,25.99,15.0,1,202.3
p1_E_W.11,80.0,36.07,18.0,2,278.25
p1_S2_N2.12,120.0,17.7,7.0,1,184.36
p1_E_W.12,87.0,30.9,15.0,1,266.89
p1_N2_S2.12,120.0,15.36,3.0,1,189.37
p1_S2_N2.13,130.0,9.03,0.0,0,170.9
p1_N2_S2.13,130.0,11.85,0.0,0,179.64
p1_N2_W.3,93.0,29.28,8.0,2,273.52
p1_E_N1.3,90.0,28.27,11.0,1,241.89
p1_E_W.13,94.0,30.44,12.0,1,270.29
p1_E_W.14,101.0,25.28,8.0,1,264.43
p1_S1_E.2,63.0,64.75,32.0,3,334.51
p1_E_W.15,108.0,20.01,2.0,1,254.43
p1_W_E.16,54.0,75.58,34.0,4,353.09
p1_E_W.16,116.0,13.91,0.0,0,223.63
p1_W_E.17,57.0,69.52,32.0,4,342.67
p1_W_E.18,60.0,75.69,29.0,4,360.99
p1_W_E.19,63.0,64.16,24.0,4,337.03
p1_E_N1.4,120.0,9.61,0.0,0,213.79
p1_W_S2.2,70.0,69.75,18.0,3,346.92
p1_W_E.20,67.0,72.14,19.0,3,355.01
p1_W_E.21,73.0,70.22,13.0,3,359.27
p1_W_E.22,76.0,68.96,11.0,2,338.26
p1_W_E.23,79.0,67.87,10.0,2,353.11
p1_N1_S1.13,130.0,40.09,30.0,1,219.53
p1_S1_N1.13,130.0,41.05,29.0,1,224.82
p1_W_E.24,82.0,60.95,9.0,2,322.71
p1_N1_S1.14,140.0,32.23,21.0,1,203.57
p1_S1_E.3,93.0,57.05,20.0,2,313.94
p1_S1_N1.14,140.0,33.23,21.0,1,209.24
p1_S1_N1.15,150.0,23.8,10.0,1,196.79
p1_S2_N2.14,140.0,35.44,24.0,1,211.52
p1_N1_S1.15,150.0,19.74,9.0,1,185.41
p1_N1_S1.16,160.0,19.55,4.0,1,189.6
p1_S2_N2.15,150.0,27.28,14.0,1,194.43
p1_N1_S1.17,170.0,6.65,0.0,0,146.03
p1_N2_S2.14,140.0,30.09,18.0,1,203.62
p1_N2_S2.15,150.0,30.76,16.0,1,210.6
p1_S2_N2.16,160.0,16.77,4.0,1,185.46
p1_N2_S2.16,160.0,26.73,10.0,1,201.06
p1_N2_W.4,123.0,32.85,14.0,2,262.67
p1_S2_N2.17,170.0,17.35,0.0,0,189.82
p1_N2_S2.17,170.0,18.44,3.0,1,200.52
p1_E_W.17,123.0,38.65,18.0,2,278.46
p1_S2_N2.18,180.0,8.88,0.0,0,171.23
p1_E_W.18,130.0,39.1,14.0,2,298.52
p1_N2_S2.18,180.0,10.24,0.0,0,173.86
p1_E_W.19,137.0,33.87,9.0,2,304.17
p1_S1_E.4,123.0,48.08,20.0,2,295.77
p1_E_W.20,144.0,16.67,2.0,1,223.37
p1_S1_N1.16,160.0,36.0,17.0,2,216.62
p1_W_E.25,85.0,91.37,41.0,4,403.65
p1_S1_N1.17,170.0,28.41,13.0,1,211.45
p1_W_E.26,88.0,90.18,36.0,4,395.08
p1_N1_S1.18,180.0,14.44,3.0,1,174.65
p1_S1_N1.18,180.0,20.24,9.0,1,189.21
p1_W_E.27,91.0,86.36,34.0,5,385.4
p1_W_E.28,94.0,84.69,31.0,4,374.01
p1_W_E.29,97.0,87.03,31.0,4,375.59
p1_N1_S1.19,190.0,6.85,0.0,0,155.86
p1_E_N1.5,150.0,33.14,12.0,1,264.03
p1_E_W.21,153.0,37.08,10.0,1,273.58
p1_W_E.30,100.0,75.94,32.0,4,347.53
p1_W_S2.3,103.0,80.51,31.0,3,369.88
p1_E_W.22,159.0,32.22,9.0,1,256.77
p1_N2_W.5,152.0,41.96,19.0,2,290.98
p1_W_E.31,106.0,71.38,27.0,3,345.89
p1_S1_N1.19,190.0,32.39,13.0,2,214.3
p1_S2_N2.19,190.0,32.18,21.0,1,213.32
p1_N1_S1.20,200.0,22.18,11.0,1,189.46
p1_W_E.32,109.0,92.26,25.0,2,365.97
p1_W_E.33,112.0,76.68,25.0,2,372.02
p1_S1_N1.20,200.0,24.37,12.0,1,192.31
p1_S2_N2.20,200.0,24.0,12.0,1,194.75
p1_N1_S1.21,210.0,13.98,0.0,0,180.01
p1_N2_S2.19,190.0,33.59,21.0,1,208.63
p1_S1_N1.21,210.0,16.58,6.0,1,190.71
p1_S2_N2.21,210.0,16.31,3.0,1,187.78
p1_N1_S1.22,220.0,6.09,0.0,0,157.65
p1_N2_S2.20,200.0,26.28,14.0,1,195.4
p1_S2_N2.22,220.0,7.37,0.0,0,162.84
p1_W_E.34,115.0,99.08,35.0,3,376.09
p1_N2_S2.21,210.0,12.54,0.0,0,174.2
p1_E_W.23,166.0,44.63,26.0,2,287.44
p1_E_W.24,173.0,45.43,21.0,2,297.18
p1_W_E.35,118.0,92.24,33.0,3,373.28
p1_W_E.36,121.0,100.0,32.0,3,382.66
p1_E_W.25,180.0,32.92,14.0,2,265.12
p1_W_E.37,124.0,95.17,32.0,3,378.31
p1_E_W.26,188.0,34.83,9.0,2,263.96
p1_W_E.38,127.0,97.47,31.0,3,392.15
p1_E_N1.6,183.0,33.19,9.0,2,267.57
p1_E_W.27,195.0,29.57,6.0,1,262.24
p1_S1_E.5,153.0,73.04,30.0,3,336.7
p1_W_E.39,130.0,90.23,42.0,4,382.54
p1_W_E.40,133.0,94.01,37.0,4,406.68
p1_W_S2.4,136.0,94.42,35.0,4,397.07
p1_E_W.28,202.0,13.75,0.0,0,219.8
p1_E_W.29,209.0,26.17,0.0,0,245.66
p1_N2_W.6,183.0,48.79,28.0,1,303.91
p1_S2_N2.23,230.0,28.6,18.0,1,206.16
p1_E_N1.7,212.0,25.58,12.0,1,247.39
p1_S2_N2.24,240.0,20.57,8.0,1,199.37
p1_S2_N2.25,250.0,12.46,0.0,0,174.33
p1_S1_N1.22,220.0,43.36,28.0,1,229.1
p1_N2_S2.22,220.0,36.29,23.0,1,218.92
p1_N1_S1.23,230.0,31.7,21.0,1,199.82
p1_S1_N1.23,230.0,35.26,23.0,1,216.29
p1_N2_S2.23,230.0,26.54,15.0,1,190.35
p1_N1_S1.24,240.0,25.51,13.0,1,199.25
p1_S1_N1.24,240.0,27.15,14.0,1,207.51
p1_N1_S1.25,250.0,19.15,6.0,1,201.04
p1_W_E.41,139.0,109.79,48.0,6,421.72
p1_N2_S2.24,240.0,17.26,6.0,1,187.48
p1_E_W.30,216.0,38.96,19.0,2,281.9
p1_N1_S1.26,260.0,6.7,0.0,0,150.21
p1_W_E.42,142.0,104.54,48.0,5,415.76
p1_E_W.31,224.0,33.42,12.0,2,274.13
p1_S1_E.6,183.0,61.13,21.0,3,324.4
p1_E_W.32,231.0,25.9,9.0,1,247.23
p1_W_E.43,145.0,114.35,49.0,5,412.12
p1_E_W.33,238.0,24.65,9.0,1,252.71
p1_W_E.44,148.0,108.94,46.0,5,424.28
p1_W_E.45,151.0,114.37,43.0,5,436.46
p1_W_E.46,154.0,113.08,39.0,5,431.32
p1_W_E.47,157.0,111.84,39.0,5,436.23
p1_N1_S1.27,270.0,19.89,8.0,1,189.38
p1_S1_E.7,213.0,57.59,17.0,3,336.19
p1_S1_N1.25,250.0,36.99,20.0,2,223.06
p1_N1_S1.28,280.0,9.59,0.0,0,172.05
p1_W_E.48,160.0,104.13,43.0,5,421.2
p1_N2_S2.25,250.0,44.78,25.0,2,234.84
p1_S1_N1.26,260.0,34.69,11.0,1,221.93
p1_S2_N2.26,260.0,33.51,22.0,1,208.12
p1_N1_S1.29,290.0,5.07,0.0,0,147.28
p1_S1_N1.27,270.0,26.46,10.0,1,204.74
p1_N2_S2.26,260.0,36.87,22.0,1,228.8
p1_S2_N2.27,270.0,24.89,14.0,1,205.53
p1_N2_S2.27,270.0,26.81,15.0,1,197.4
p1_S2_N2.28,280.0,20.51,7.0,1,194.28
p1_S2_N2.29,290.0,12.31,0.0,0,188.89
p1_E_N1.8,241.0,37.49,17.0,2,269.14
p1_E_W.34,245.0,37.66,16.0,2,262.82
p1_N2_W.7,213.0,70.26,34.0,2,338.88
p1_W_E.49,163.0,123.39,49.0,7,455.73
p1_N2_W.8,243.0,40.88,13.0,2,284.29
p1_W_E.50,166.0,120.99,46.0,6,445.14
p1_W_S2.5,169.0,120.95,41.0,6,439.64
p1_E_W.35,252.0,32.49,14.0,2,272.52
p1_W_E.51,172.0,120.1,42.0,6,436.28
p1_S1_N1.28,280.0,34.68,17.0,2,218.18
p1_N1_S1.30,300.0,15.11,3.0,1,177.0
p1_S1_N1.29,290.0,28.3,12.0,1,207.86
p1_N1_S1.31,310.0,7.95,0.0,0,170.06
p1_N2_S2.28,280.0,40.63,23.0,2,222.94
p1_S1_N1.30,300.0,18.5,6.0,1,190.91
p1_S2_N2.30,300.0,20.38,9.0,1,187.33
p1_S2_N2.31,310.0,10.62,0.0,0,172.43
p1_S2_N2.32,320.0,6.06,0.0,0,153.25
p1_E_W.36,260.0,43.97,19.0,3,285.49
p1_E_W.37,267.0,42.6,16.0,2,289.71
p1_N2_S2.29,290.0,25.24,12.0,1,190.97
p1_N2_S2.30,300.0,24.44,9.0,1,196.56
p1_E_W.38,274.0,39.65,11.0,3,269.93
p1_W_E.52,175.0,132.19,51.0,8,459.21
p1_W_E.53,179.0,133.11,46.0,6,455.39
p1_E_N1.9,270.0,34.24,12.0,2,265.77
p1_E_W.39,281.0,30.28,9.0,1,258.05
p1_W_E.54,182.0,136.37,40.0,6,475.23
p1_N2_W.9,273.0,46.23,21.0,2,293.04
p1_W_E.55,185.0,132.4,41.0,6,460.35
p1_E_W.40,288.0,31.46,10.0,2,272.87
p1_W_E.56,188.0,132.18,37.0,6,461.93
p1_S2_N2.33,330.0,16.34,5.0,1,182.98
p1_S1_N1.31,310.0,36.85,18.0,1,225.1
p1_N2_S2.31,310.0,37.24,19.0,2,217.49
p1_N1_S1.32,320.0,27.02,15.0,1,207.28
p1_S1_N1.32,320.0,28.47,16.0,1,198.64
p1_N2_S2.32,320.0,29.07,12.0,1,202.63
p1_S1_N1.33,330.0,20.61,9.0,1,190.82
p1_N1_S1.33,330.0,16.09,4.0,1,175.6
p1_N2_S2.33,330.0,21.04,9.0,1,188.76
p1_S2_N2.34,340.0,6.11,0.0,0,147.78
p1_N1_S1.34,340.0,13.2,0.0,0,179.21
p1_N2_S2.34,340.0,15.26,2.0,1,181.53
p1_S2_N2.35,350.0,6.19,0.0,0,149.91
p1_N2_S2.35,350.0,7.4,0.0,0,158.89
p1_E_W.41,296.0,41.47,13.0,2,299.3
p1_E_N1.10,300.0,39.49,11.0,2,289.98
p1_E_W.42,303.0,38.84,9.0,1,277.66
p1_W_E.57,191.0,151.49,48.0,8,470.92
p1_N2_W.10,303.0,40.69,18.0,2,284.0
p1_W_E.58,194.0,147.38,43.0,8,464.05
p1_E_W.43,310.0,33.44,15.0,2,270.49
p1_E_W.44,317.0,30.99,9.0,2,279.86
p1_W_E.59,197.0,146.05,42.0,7,444.04
p1_E_W.45,324.0,25.75,4.0,2,256.78
p1_S1_E.8,243.0,100.58,39.0,5,376.78
p1_W_S2.6,204.0,147.32,45.0,8,453.09
p1_N2_W.11,333.0,21.27,7.0,1,234.05
p1_W_E.60,200.0,138.26,48.0,8,451.6
p1_E_N1.11,330.0,16.64,0.0,0,238.82
p1_W_E.61,207.0,152.54,41.0,9,464.31
p1_W_E.62,210.0,151.18,35.0,8,475.06
p1_S1_E.9,273.0,85.2,27.0,4,358.76
p1_W_E.63,213.0,151.72,42.0,7,486.19
p1_N1_S1.35,350.0,37.74,27.0,1,224.11
p1_W_E.64,216.0,140.83,38.0,7,448.51
p1_S1_N1.34,340.0,45.2,28.0,1,229.58
p1_N1_S1.36,360.0,27.69,18.0,1,206.5
p1_W_E.65,219.0,139.16,33.0,5,436.19
p1_S1_N1.35,350.0,40.26,27.0,1,218.22
p1_W_E.66,222.0,147.03,32.0,5,455.75
p1_W_E.67,225.0,148.3,32.0,6,464.1
p1_N1_S1.37,370.0,18.09,6.0,1,179.39
p1_S1_E.10,303.0,62.5,14.0,3,322.04
p1_N1_S1.38,380.0,17.12,0.0,0,192.37
p1_W_E.68,228.0,149.05,39.0,5,488.49
p1_S1_N1.36,360.0,25.62,14.0,1,192.67
p1_W_E.69,231.0,147.75,34.0,5,487.46
p1_E_W.46,333.0,45.58,26.0,2,290.96
p1_E_W.47,339.0,42.31,22.0,2,278.62
p1_N2_S2.36,360.0,41.57,31.0,1,221.32
p1_S2_N2.36,360.0,42.87,31.0,1,229.59
p1_E_W.48,346.0,37.08,16.0,2,269.5
p1_S2_N2.37,370.0,32.11,21.0,1,203.39
p1_E_N1.12,363.0,26.75,1.0,1,267.46
p1_E_W.49,353.0,21.76,2.0,1,254.34
p1_E_W.50,360.0,33.1,1.0,1,272.05
p1_S2_N2.38,380.0,21.19,9.0,1,183.95
p1_W_E.70,234.0,160.12,45.0,7,490.55
p1_S2_N2.39,390.0,23.9,5.0,1,199.61
p1_E_W.51,368.0,26.8,0.0,0,273.53
p1_N2_S2.37,370.0,27.16,15.0,1,194.8
p1_E_W.52,375.0,21.51,0.0,0,253.43
p1_N2_S2.38,380.0,39.2,13.0,1,218.98
p1_W_E.71,240.0,155.99,43.0,6,473.81
p1_N2_S2.39,390.0,30.89,7.0,1,210.97
p1_W_S2.7,237.0,155.94,45.0,7,484.08
p1_W_E.72,243.0,152.15,41.0,6,452.56
p1_W_E.73,246.0,158.33,38.0,7,477.39
p1_S1_E.11,333.0,72.87,22.0,4,355.69
p1_S1_N1.37,370.0,58.17,40.0,2,254.29
p1_E_W.53,382.0,8.12,0.0,0,203.37
p1_W_E.74,249.0,158.62,41.0,7,494.05
p1_S1_N1.38,380.0,50.12,31.0,2,237.38
p1_W_E.75,252.0,153.37,45.0,7,486.02
p1_N1_S1.39,390.0,36.58,26.0,1,216.16
p1_S1_N1.39,390.0,41.98,26.0,1,228.33
p1_W_E.76,255.0,156.33,42.0,7,478.04
p1_N1_S1.40,400.0,33.14,18.0,1,209.72
p1_W_E.77,258.0,155.1,40.0,7,492.81
p1_N1_S1.41,410.0,24.96,10.0,1,204.49
p1_N1_S1.42,420.0,16.69,2.0,1,207.64
p1_E_W.54,389.0,31.06,13.0,1,253.73
p1_N2_S2.40,400.0,39.0,21.0,1,217.92
p1_N2_W.12,363.0,58.79,38.0,2,310.16
p1_N2_S2.41,410.0,33.83,19.0,1,220.06
p1_N2_S2.42,420.0,25.52,11.0,1,209.86
p1_S2_N2.40,400.0,32.4,20.0,1,204.08
p1_S2_N2.41,410.0,32.15,15.0,1,217.72
p1_S2_N2.42,420.0,29.1,10.0,1,212.13
p1_S2_N2.43,430.0,17.12,0.0,0,191.57
p1_E_N1.13,392.0,25.1,7.0,1,252.86
p1_W_E.78,261.0,165.37,48.0,10,492.44
p1_N1_S1.43,430.0,24.59,13.0,1,189.93
p1_E_W.55,396.0,21.41,5.0,1,245.41
p1_S1_N1.40,400.0,52.83,38.0,2,240.57
p1_W_E.79,264.0,161.72,47.0,8,472.41
p1_N1_S1.44,440.0,16.38,3.0,1,183.65
p1_S1_N1.41,410.0,47.05,29.0,2,243.98
p1_W_E.80,267.0,163.1,42.0,7,480.51
p1_S1_N1.42,420.0,38.93,20.0,2,227.93
p1_N1_S1.45,450.0,6.57,0.0,0,161.24
p1_W_S2.8,270.0,163.15,39.0,7,491.33
p1_W_E.81,273.0,162.04,39.0,8,478.87
p1_W_E.82,276.0,167.28,35.0,6,497.05
p1_W_E.83,279.0,156.45,36.0,7,464.54
p1_W_E.84,282.0,166.39,35.0,6,478.88
p1_E_W.56,404.0,35.79,15.0,2,269.99
p1_E_W.57,411.0,39.39,14.0,1,281.33
p1_W_E.85,285.0,154.35,27.0,6,452.31
p1_E_W.58,418.0,34.09,13.0,1,260.15
p1_S2_N2.44,440.0,34.42,24.0,1,212.08
p1_E_N1.14,421.0,28.63,10.0,1,246.97
p1_S2_N2.45,450.0,25.31,14.0,1,195.02
p1_S2_N2.46,460.0,18.99,7.0,1,198.25
p1_N1_S1.46,460.0,20.08,9.0,1,195.16
p1_S2_N2.47,470.0,10.75,0.0,0,185.3
p1_N2_S2.43,430.0,39.33,23.0,2,218.2
p1_N1_S1.47,470.0,11.79,0.0,0,177.43
p1_N2_S2.44,440.0,42.94,20.0,1,224.37
p1_S1_N1.43,430.0,46.79,25.0,2,234.53
p1_N2_S2.45,450.0,24.31,11.0,1,195.51
p1_N1_S1.48,480.0,5.37,0.0,0,150.37
p1_S1_N1.44,440.0,42.78,23.0,2,227.56
p1_S1_E.12,363.0,102.53,44.0,6,389.93
p1_S1_N1.45,450.0,38.2,17.0,2,234.35
p1_E_W.59,425.0,46.75,23.0,2,285.19
p1_W_E.86,288.0,173.48,48.0,8,501.15
p1_W_E.87,290.0,175.96,43.0,8,510.44
p1_W_E.88,293.0,177.46,40.0,8,529.18
p1_N2_W.13,393.0,76.45,44.0,4,343.16
p1_W_E.89,296.0,180.5,38.0,7,526.29
p1_S2_N2.48,480.0,18.73,8.0,1,179.96
p1_N2_W.14,423.0,39.9,16.0,2,274.02
p1_S2_N2.49,490.0,10.44,0.0,0,166.92
p1_N2_S2.46,460.0,36.04,19.0,2,215.7
p1_E_W.60,432.0,49.69,18.0,2,292.92
p1_N2_S2.47,470.0,36.65,12.0,1,219.95
p1_E_N1.15,450.0,35.37,4.0,1,270.2
p1_N2_S2.48,480.0,28.36,10.0,1,215.35
p1_E_W.61,440.0,21.33,7.0,1,239.59
p1_W_S2.9,302.0,192.1,44.0,7,514.78
p1_E_W.62,447.0,47.59,4.0,1,266.01
p1_E_W.63,454.0,42.39,5.0,1,293.02
p1_E_W.64,461.0,36.98,3.0,1,279.57
p1_E_N1.16,480.0,15.71,0.0,0,241.4
p1_N2_W.15,453.0,38.76,11.0,1,284.16
p1_W_E.90,299.0,176.89,48.0,10,508.21
p1_E_W.65,468.0,33.49,7.0,1,278.47
p1_W_E.91,305.0,196.63,40.0,7,509.84
p1_E_W.66,476.0,27.39,1.0,1,276.81
p1_W_E.92,308.0,182.2,37.0,8,510.51
p1_S1_N1.46,460.0,66.51,47.0,2,266.77
p1_N1_S1.49,490.0,36.18,25.0,1,213.64
p1_E_W.67,483.0,12.4,0.0,0,229.56
p1_S1_E.13,393.0,108.99,50.0,4,399.1
p1_S1_N1.47,470.0,58.7,39.0,2,258.35
p1_N1_S1.50,500.0,28.11,15.0,1,197.06
p1_W_E.93,311.0,197.53,45.0,7,547.17
p1_N1_S1.51,510.0,20.23,7.0,1,187.96
p1_N2_S2.49,490.0,40.8,25.0,2,232.66
p1_W_E.94,314.0,196.25,43.0,6,545.34
p1_N1_S1.52,520.0,10.34,0.0,0,172.83
p1_N2_S2.50,500.0,31.26,18.0,1,210.0
p1_S2_N2.50,500.0,27.8,17.0,1,194.9
p1_S1_N1.48,480.0,44.96,33.0,1,217.81
p1_N2_S2.51,510.0,23.28,11.0,1,196.54
p1_S2_N2.51,510.0,26.8,12.0,1,190.23
p1_N2_W.16,483.0,34.97,13.0,2,284.62
p1_S2_N2.52,520.0,10.63,0.0,0,170.9
p1_E_W.68,490.0,29.96,13.0,1,269.72
p1_S2_N2.53,530.0,12.2,0.0,0,174.52
p1_E_W.69,497.0,24.87,6.0,1,257.56
p1_E_W.70,504.0,19.72,1.0,1,246.94
p1_W_E.95,323.0,195.51,49.0,7,536.89
p1_W_E.96,326.0,193.79,45.0,8,526.14
p1_S1_E.14,423.0,106.7,39.0,5,393.74
p1_S1_N1.49,490.0,62.47,42.0,2,259.06
p1_N1_S1.53,530.0,22.53,10.0,1,187.68
p1_W_E.97,330.0,200.84,48.0,7,547.9
p1_W_E.98,333.0,195.54,45.0,7,556.21
p1_W_E.99,336.0,199.08,40.0,7,533.61
p1_W_E.100,340.0,196.87,41.0,7,534.36
p1_S1_N1.50,500.0,51.63,34.0,2,236.56
p1_S1_N1.51,510.0,49.55,27.0,2,235.25
p1_N2_S2.52,520.0,42.4,25.0,2,228.36
p1_S2_N2.54,540.0,22.55,11.0,1,192.04
p1_E_N1.17,510.0,34.12,14.0,1,274.18
p1_E_W.71,513.0,33.44,12.0,1,266.99
p1_N2_S2.53,530.0,30.76,18.0,1,206.91
p1_S2_N2.55,550.0,12.61,0.0,0,171.64
p1_N1_S1.54,540.0,7.63,0.0,0,159.27
p1_E_W.72,519.0,27.79,12.0,1,244.54
p1_N2_S2.54,540.0,22.12,10.0,1,194.97
p1_N1_S1.55,550.0,20.59,0.0,0,176.17
p1_S2_N2.56,560.0,10.02,0.0,0,167.31
p1_N2_W.17,513.0,37.72,15.0,2,288.92
p1_N2_S2.55,550.0,17.87,5.0,1,188.96
p1_W_S2.10,343.0,210.83,53.0,10,553.94
p1_S1_E.15,453.0,103.19,39.0,6,404.55
p1_W_E.101,346.0,212.48,58.0,8,560.55
p1_S1_N1.52,520.0,55.81,28.0,3,247.04
p1_N1_S1.56,560.0,15.29,4.0,1,178.99
p1_S1_N1.53,530.0,52.64,21.0,2,247.45
p1_W_E.102,349.0,207.81,53.0,7,553.3
p1_S1_N1.54,540.0,44.18,21.0,2,235.7
p1_W_E.103,352.0,212.02,48.0,7,536.13
p1_W_E.104,355.0,210.74,46.0,7,519.3
p1_W_E.105,358.0,209.42,41.0,8,517.14
p1_N1_S1.57,570.0,6.87,0.0,0,156.58
p1_N1_S1.58,580.0,10.91,0.0,0,159.58
p1_E_W.73,526.0,42.76,20.0,2,299.38
p1_E_W.74,533.0,39.14,13.0,1,286.23
p1_E_W.75,540.0,30.02,11.0,1,245.72
p1_S2_N2.57,570.0,18.71,7.0,1,186.34
p1_E_N1.18,543.0,33.6,11.0,1,267.75
p1_E_W.76,548.0,29.46,10.0,1,251.1
p1_S2_N2.58,580.0,20.94,4.0,1,193.7
p1_N2_S2.56,560.0,25.81,14.0,1,197.61
p1_S2_N2.59,590.0,11.37,0.0,0,171.33
p1_N2_W.18,543.0,38.64,12.0,2,281.08
p1_N2_S2.57,570.0,33.67,13.0,1,217.81
p1_N2_S2.58,580.0,25.7,8.0,1,208.01
p1_W_E.106,361.0,221.24,52.0,7,551.5
p1_W_E.107,364.0,221.57,47.0,9,557.32
p1_S1_N1.55,550.0,59.18,31.0,3,263.52
p1_N1_S1.59,590.0,19.44,7.0,1,193.03
p1_W_E.108,367.0,222.31,42.0,7,566.03
p1_S1_N1.56,560.0,51.53,27.0,2,238.58
p1_W_E.109,372.0,219.05,41.0,7,554.3
p1_N1_S1.60,600.0,9.4,0.0,0,172.07
p1_S1_N1.57,570.0,41.71,21.0,2,222.8
p1_N1_S1.61,610.0,6.19,0.0,0,154.25
p1_W_E.110,378.0,205.15,36.0,8,530.61
p1_E_W.77,555.0,45.4,23.0,2,294.88
p1_W_S2.11,389.0,197.58,30.0,7,518.23
p1_S2_N2.60,600.0,24.83,14.0,1,191.16
p1_E_W.78,562.0,37.21,16.0,2,285.24
p1_N2_S2.59,590.0,31.08,17.0,1,202.94
p1_E_W.79,569.0,29.72,11.0,1,266.23
p1_E_N1.19,572.0,30.95,11.0,1,264.2
p1_N2_S2.60,600.0,20.41,8.0,1,187.1
p1_S2_N2.61,610.0,11.44,0.0,0,171.79
p1_N2_S2.61,610.0,23.98,7.0,1,202.71
p1_S2_N2.62,620.0,9.4,0.0,0,162.34
p1_S1_N1.58,580.0,55.22,28.0,2,249.25
p1_N1_S1.62,620.0,14.8,4.0,1,190.98
p1_N2_S2.62,620.0,12.37,0.0,0,175.68
p1_N1_S1.63,630.0,6.74,0.0,0,152.52
p1_W_E.111,393.0,223.38,45.0,9,533.46
p1_S1_N1.59,590.0,45.93,26.0,2,228.55
p1_S1_N1.60,600.0,40.85,19.0,2,233.41
p1_E_W.80,576.0,51.12,25.0,2,299.78
p1_W_E.112,396.0,206.52,40.0,8,523.45
p1_W_E.113,400.0,229.28,36.0,8,551.56
p1_W_E.114,408.0,222.9,34.0,7,554.77
p1_N2_W.19,573.0,53.27,26.0,3,305.42
p1_S1_E.16,483.0,142.21,59.0,6,469.14
p1_E_W.81,584.0,45.24,22.0,2,288.12
p1_W_E.115,416.0,218.37,44.0,9,555.35
p1_E_W.82,591.0,37.51,15.0,2,274.28
p1_W_E.116,419.0,217.08,40.0,7,563.14
p1_E_W.83,598.0,38.73,10.0,1,275.9
p1_W_E.117,422.0,215.76,37.0,7,565.8
p1_E_N1.20,601.0,36.17,10.0,1,280.45
p1_E_W.84,605.0,33.49,9.0,1,281.97
p1_W_E.118,424.0,213.71,36.0,6,556.22
p1_N2_W.20,603.0,37.28,11.0,2,284.2
p1_W_E.119,427.0,212.26,35.0,6,541.51
p1_S1_E.17,513.0,123.12,38.0,5,436.09
p1_N2_S2.63,630.0,35.63,24.0,1,211.85
p1_E_W.85,612.0,25.39,11.0,1,256.2
p1_W_E.120,431.0,204.9,41.0,8,557.74
p1_E_W.86,620.0,26.66,9.0,1,259.02
p1_S2_N2.63,630.0,33.16,22.0,1,206.9
p1_N2_S2.64,640.0,29.15,17.0,1,210.75
p1_E_W.87,627.0,17.69,1.0,1,251.38
p1_S2_N2.64,640.0,30.55,17.0,1,202.7
p1_E_N1.21,630.0,19.66,0.0,0,252.12
p1_N2_S2.65,650.0,21.08,8.0,1,190.4
p1_N2_S2.66,660.0,12.8,1.0,1,179.99
p1_S2_N2.65,650.0,14.31,4.0,1,176.6
p1_S2_N2.66,660.0,13.74,0.0,0,170.15
p1_W_S2.12,435.0,221.14,52.0,8,570.67
p1_W_E.121,447.0,211.05,48.0,8,547.35
p1_S1_N1.61,610.0,70.28,43.0,2,277.49
p1_W_E.122,450.0,207.24,42.0,8,549.29
p1_S1_N1.62,620.0,63.76,42.0,2,266.94
p1_W_E.123,453.0,204.56,41.0,9,543.03
p1_S1_N1.63,630.0,54.23,35.0,2,247.61
p1_S1_E.18,543.0,117.21,34.0,6,407.49
p1_N1_S1.64,640.0,36.9,26.0,1,205.68
p1_N1_S1.65,650.0,32.92,17.0,1,213.68
p1_N1_S1.66,660.0,28.16,12.0,1,209.85
p1_W_E.124,456.0,202.12,44.0,8,553.0
p1_N1_S1.67,670.0,11.91,0.0,0,177.88
p1_W_E.125,459.0,214.25,41.0,8,554.72
p1_W_E.126,462.0,212.97,37.0,6,559.17
p1_W_E.127,465.0,211.76,38.0,8,562.29
p1_W_E.128,468.0,194.97,37.0,8,508.98
p1_W_E.129,471.0,212.15,34.0,7,515.93
p1_W_E.130,474.0,202.04,30.0,7,513.41
p1_S1_N1.64,640.0,67.55,45.0,2,268.53
p1_N1_S1.68,680.0,27.76,14.0,1,200.58
p1_S1_E.19,573.0,113.63,32.0,5,415.63
p1_E_W.88,634.0,16.14,4.0,1,231.89
p1_S1_N1.65,650.0,59.51,41.0,2,255.41
p1_N2_S2.67,670.0,37.99,23.0,1,216.11
p1_S2_N2.67,670.0,33.53,22.0,1,209.45
p1_E_W.89,641.0,47.83,1.0,1,252.79
p1_N2_S2.68,680.0,30.66,18.0,1,204.47
p1_S2_N2.68,680.0,24.88,15.0,1,200.59
p1_E_W.90,648.0,41.58,0.0,0,256.27
p1_S1_N1.66,660.0,51.36,33.0,2,243.99
p1_N1_S1.69,690.0,17.94,4.0,1,182.78
p1_N2_S2.69,690.0,22.44,10.0,1,191.01
p1_N2_W.21,633.0,59.09,23.0,1,308.28
p1_N1_S1.70,700.0,13.91,0.0,0,182.67
p1_S2_N2.69,690.0,15.6,4.0,1,174.02
p1_E_W.91,656.0,38.21,12.0,1,276.16
p1_N2_S2.70,700.0,16.13,4.0,1,185.91
p1_S2_N2.70,700.0,12.99,0.0,0,182.42
p1_N2_S2.71,710.0,7.93,0.0,0,168.14
p1_S2_N2.71,710.0,8.67,0.0,0,165.01
p1_E_N1.22,660.0,36.27,18.0,2,280.16
p1_E_W.92,663.0,35.25,14.0,2,266.83
p1_E_W.93,670.0,33.37,9.0,2,281.74
p1_E_W.94,677.0,28.04,8.0,1,259.91
p1_W_S2.13,477.0,220.16,54.0,9,551.24
p1_E_W.95,684.0,22.79,7.0,1,242.82
p1_W_E.131,480.0,218.85,50.0,7,553.75
p1_W_E.132,483.0,226.01,47.0,8,550.76
p1_W_E.133,492.0,219.28,48.0,8,562.51
p1_S1_N1.67,670.0,63.6,36.0,3,266.89
p1_N1_S1.71,710.0,23.0,12.0,1,196.64
p1_W_E.134,495.0,213.17,46.0,7,531.55
p1_S1_N1.68,680.0,55.69,30.0,3,251.77
p1_N1_S1.72,720.0,15.12,4.0,1,186.61
p1_S1_E.20,603.0,108.92,34.0,5,399.04
p1_S1_N1.69,690.0,47.65,22.0,2,238.6
p1_N1_S1.73,730.0,6.99,0.0,0,161.7
p1_W_E.135,499.0,217.54,49.0,8,538.49
p1_W_E.136,502.0,216.21,49.0,8,551.48
p1_W_E.137,505.0,213.54,43.0,9,553.0
p1_E_N1.23,690.0,34.69,15.0,2,259.28
p1_W_S2.14,531.0,195.73,29.0,7,498.33
p1_W_E.138,508.0,195.78,41.0,9,515.16
p1_N2_W.22,663.0,54.34,35.0,2,293.54
p1_W_E.139,513.0,209.42,36.0,8,518.46
p1_N2_W.23,693.0,41.36,16.0,2,285.39
p1_W_E.140,519.0,217.15,35.0,9,521.53
p1_E_W.96,692.0,32.21,16.0,1,260.57
p1_S1_E.21,633.0,104.84,42.0,5,408.98
p1_E_W.97,699.0,36.06,14.0,1,277.35
p1_S1_N1.70,700.0,59.37,30.0,3,257.18
p1_W_E.141,533.0,206.24,49.0,6,541.1
p1_S2_N2.72,720.0,42.74,31.0,1,222.77
p1_W_E.142,536.0,205.43,48.0,6,537.1
p1_N2_S2.72,720.0,41.6,31.0,1,225.19
p1_W_E.143,544.0,190.02,44.0,8,531.0
p1_N1_S1.74,740.0,15.62,5.0,1,179.79
p1_W_E.144,556.0,182.26,38.0,7,513.61
p1_N2_S2.73,730.0,36.72,24.0,1,220.98
p1_N1_S1.75,750.0,16.54,1.0,1,187.15
p1_S1_N1.71,710.0,45.79,21.0,2,231.78
p1_S2_N2.73,730.0,30.12,18.0,1,195.26
p1_S1_N1.72,720.0,49.83,20.0,2,237.11
p1_S2_N2.74,740.0,30.62,14.0,1,207.33
p1_S2_N2.75,750.0,22.32,6.0,1,203.49
p1_S2_N2.76,760.0,11.66,0.0,0,185.68
p1_S1_E.22,663.0,90.67,48.0,5,376.81
p1_N2_S2.74,740.0,23.95,11.0,1,192.36
p1_E_W.98,706.0,38.94,17.0,2,275.93
p1_W_E.145,560.0,195.82,61.0,8,509.52
p1_E_W.99,713.0,42.07,13.0,2,291.13
p1_E_W.100,720.0,37.94,9.0,1,291.32
p1_E_N1.24,723.0,34.3,9.0,1,284.66
p1_W_E.146,563.0,188.82,56.0,8,513.1
p1_W_E.147,566.0,186.87,53.0,8,503.14
p1_N1_S1.76,760.0,23.91,13.0,1,192.79
p1_S1_N1.73,730.0,52.16,28.0,3,242.86
p1_N2_S2.75,750.0,38.34,22.0,2,221.73
p1_N1_S1.77,770.0,19.32,6.0,1,193.15
p1_S2_N2.77,770.0,18.85,7.0,1,191.13
p1_S1_N1.74,740.0,45.6,22.0,2,235.73
p1_S2_N2.78,780.0,10.71,0.0,0,176.18
p1_N1_S1.78,780.0,10.98,0.0,0,182.99
p1_S1_N1.75,750.0,42.31,21.0,2,241.99
p1_N2_S2.76,760.0,33.02,12.0,1,211.07
p1_S2_N2.79,790.0,5.31,0.0,0,145.74
p1_N2_S2.77,770.0,20.35,7.0,1,182.95
p1_W_E.148,572.0,207.35,65.0,9,528.36
p1_E_W.101,728.0,45.29,20.0,2,278.52
p1_W_E.149,580.0,201.36,62.0,9,532.06
p1_E_W.102,735.0,46.24,18.0,2,279.27
p1_E_W.103,742.0,40.9,16.0,2,278.0
p1_S1_E.23,693.0,86.9,41.0,4,367.62
p1_W_E.150,584.0,202.38,65.0,8,543.64
p1_N2_W.24,723.0,53.05,34.0,2,292.18
p1_S1_N1.76,760.0,51.13,26.0,3,253.7
p1_N1_S1.79,790.0,21.62,12.0,1,193.73
p1_W_E.151,590.0,200.73,58.0,6,517.84
p1_W_S2.15,587.0,193.16,61.0,9,519.93
p1_S1_N1.77,770.0,41.43,22.0,2,222.34
p1_N1_S1.80,800.0,12.28,0.0,0,177.39
p1_W_E.152,593.0,195.25,53.0,8,515.0
p1_S1_E.24,723.0,74.35,29.0,3,345.43
p1_S1_N1.78,780.0,31.62,13.0,2,209.14
p1_W_E.153,596.0,203.02,60.0,7,550.53
p1_N1_S1.81,810.0,5.86,0.0,0,156.48
p1_S2_N2.80,800.0,23.47,12.0,1,192.6
p1_N2_S2.78,780.0,43.06,25.0,2,231.85
p1_E_N1.25,752.0,48.85,20.0,2,291.59
p1_S2_N2.81,810.0,13.33,3.0,1,177.89
p1_E_W.104,749.0,41.21,23.0,2,283.85
p1_N2_S2.79,790.0,35.73,22.0,1,210.87
p1_S2_N2.82,820.0,6.48,0.0,0,156.63
p1_E_W.105,756.0,54.96,20.0,2,317.07
p1_E_W.106,764.0,50.0,16.0,2,332.94
p1_N2_W.25,753.0,62.72,30.0,3,341.97
p1_W_E.154,599.0,214.27,70.0,9,537.27
p1_S1_N1.79,790.0,45.65,23.0,2,224.97
p1_N2_S2.80,800.0,24.24,11.0,1,190.84
p1_N1_S1.82,820.0,15.42,4.0,1,180.08
p1_W_E.155,602.0,216.4,68.0,8,552.03
p1_S1_N1.80,800.0,38.18,19.0,2,221.95
p1_N1_S1.83,830.0,7.96,0.0,0,165.25
p1_S1_N1.81,810.0,32.7,11.0,1,218.25
p1_W_E.156,605.0,209.4,62.0,8,525.02
p1_S1_E.25,753.0,64.93,27.0,3,322.25
p1_W_E.157,608.0,217.64,65.0,7,549.87
p1_S2_N2.83,830.0,20.23,10.0,1,194.88
p1_N2_S2.81,810.0,37.25,21.0,2,221.2
p1_E_W.107,771.0,49.35,24.0,2,308.91
p1_N2_S2.82,820.0,35.3,14.0,2,210.61
p1_S2_N2.84,840.0,9.02,0.0,0,159.91
p1_E_W.108,778.0,57.29,23.0,2,317.58
p1_N2_S2.83,830.0,27.11,12.0,1,197.97
p1_S2_N2.85,850.0,8.18,0.0,0,159.9
p1_E_N1.26,781.0,46.01,19.0,2,296.98
p1_E_W.109,785.0,46.79,16.0,2,293.73
p1_W_E.158,611.0,231.18,73.0,9,578.46
p1_S1_N1.82,820.0,43.91,24.0,2,229.37
p1_S1_N1.83,830.0,35.6,17.0,2,212.65
p1_N1_S1.84,840.0,20.46,10.0,1,185.16
p1_W_E.159,614.0,228.71,65.0,7,560.3
p1_W_E.160,617.0,230.08,67.0,7,572.37
p1_N1_S1.85,850.0,17.85,4.0,1,193.92
p1_S1_N1.84,840.0,25.67,11.0,1,189.6
p1_N1_S1.86,860.0,9.57,0.0,0,173.07
p1_W_S2.16,620.0,225.29,59.0,7,535.39
p1_S2_N2.86,860.0,15.39,5.0,1,179.43
p1_E_W.110,792.0,60.38,25.0,3,321.47
p1_S2_N2.87,870.0,7.28,0.0,0,155.58
p1_N2_S2.84,840.0,31.21,15.0,2,213.74
p1_E_W.111,800.0,50.5,20.0,2,287.74
p1_E_N1.27,810.0,51.22,18.0,2,287.22
p1_N2_S2.85,850.0,33.41,12.0,1,216.26
p1_E_W.112,807.0,55.74,18.0,2,301.15
p1_N2_S2.86,860.0,25.06,10.0,1,200.67
p1_N2_S2.87,870.0,16.83,0.0,0,196.15
p1_S2_N2.88,880.0,6.14,0.0,0,153.07
p1_N2_S2.88,880.0,9.28,0.0,0,170.36
p1_S1_N1.85,850.0,36.5,21.0,2,227.22
p1_N1_S1.87,870.0,16.21,4.0,1,183.26
p1_S1_N1.86,860.0,32.96,12.0,1,222.04
p1_S1_N1.87,870.0,24.74,10.0,1,200.31
p1_N1_S1.88,880.0,12.34,0.0,0,177.94
p1_S1_E.26,783.0,86.73,38.0,4,361.14
p1_N1_S1.89,890.0,6.24,0.0,0,155.39
p1_W_E.161,623.0,253.02,78.0,10,617.0
p1_W_E.162,628.0,249.7,74.0,8,612.25
p1_W_E.163,631.0,248.42,71.0,9,601.02
p1_N2_W.26,783.0,97.85,55.0,5,374.98
p1_W_E.164,634.0,240.16,66.0,8,564.55
p1_S1_E.27,813.0,71.78,30.0,3,349.3
p1_E_W.113,814.0,65.19,33.0,3,317.75
p1_W_E.165,638.0,246.41,73.0,12,586.23
p1_E_W.114,821.0,66.33,29.0,3,326.35
p1_W_E.166,643.0,245.65,71.0,11,585.95
p1_E_W.115,828.0,61.08,23.0,4,319.59
p1_E_W.116,836.0,50.22,20.0,2,288.33
p1_N2_W.27,813.0,69.01,31.0,4,328.04
p1_N2_S2.89,890.0,27.85,15.0,1,201.65
p1_S2_N2.89,890.0,26.76,15.0,1,199.87
p1_E_N1.28,840.0,49.71,20.0,2,302.79
p1_N1_S1.90,900.0,20.32,9.0,1,194.19
p1_S2_N2.90,900.0,20.17,8.0,1,195.72
p1_W_E.167,652.0,220.53,65.0,9,525.46
p1_N2_S2.90,900.0,19.46,8.0,1,187.31
p1_W_E.168,655.0,234.79,58.0,8,528.69
p1_S1_N1.88,880.0,39.31,22.0,2,221.85
p1_S2_N2.91,910.0,11.9,0.0,0,193.64
p1_N1_S1.91,910.0,10.8,0.0,0,165.19
p1_S2_N2.92,920.0,5.41,0.0,0,146.92
p1_S1_N1.89,890.0,28.77,17.0,1,197.29
p1_N1_S1.92,920.0,5.65,0.0,0,147.77
p1_N2_S2.91,910.0,11.26,0.0,0,171.06
p1_S1_N1.90,900.0,29.16,12.0,1,202.54
p1_E_W.117,843.0,69.16,31.0,3,340.18
p1_S1_E.28,843.0,59.35,32.0,3,318.72
p1_W_E.169,658.0,256.34,78.0,10,607.81
p1_E_W.118,850.0,64.34,26.0,3,337.42
p1_W_E.170,662.0,247.51,67.0,11,585.54
p1_W_E.171,678.0,238.19,63.0,10,552.31
p1_S1_E.29,873.0,43.08,17.0,2,289.08
p1_W_S2.17,670.0,235.41,64.0,10,555.06
p1_E_W.119,857.0,46.3,19.0,2,275.94
p1_N1_S1.93,930.0,16.99,4.0,1,188.11
p1_N2_W.28,843.0,82.79,32.0,3,353.47
p1_S1_N1.91,910.0,34.87,17.0,2,218.59
p1_N2_S2.92,920.0,28.57,18.0,1,203.83
p1_N2_W.29,873.0,54.44,15.0,2,321.0
p1_S2_N2.93,930.0,19.06,6.0,1,188.91
p1_N1_S1.94,940.0,8.84,0.0,0,176.3
p1_N2_S2.93,930.0,20.63,9.0,1,194.35
p1_S2_N2.94,940.0,10.87,0.0,0,184.89
p1_S1_N1.92,920.0,23.7,12.0,1,185.75
p1_S1_N1.93,930.0,24.88,8.0,1,189.78
p1_N2_S2.94,940.0,11.86,0.0,0,175.74
p1_E_W.120,864.0,74.68,38.0,3,357.03
p1_W_E.172,681.0,258.82,79.0,10,572.46
p1_W_E.173,685.0,257.28,75.0,10,583.35
p1_E_N1.29,870.0,66.58,31.0,3,332.62
p1_E_W.121,873.0,69.46,29.0,3,346.01
p1_E_W.122,879.0,65.16,25.0,3,332.49
p1_E_W.123,886.0,59.93,18.0,3,318.69
p1_W_E.174,688.0,250.45,70.0,11,560.49
p1_W_E.175,691.0,258.17,63.0,9,586.76
p1_E_W.124,893.0,53.33,14.0,2,308.63
p1_W_E.176,694.0,256.87,61.0,9,593.13
p1_E_W.125,900.0,50.93,12.0,2,290.7
p1_W_E.177,701.0,240.66,52.0,9,550.72
p1_E_N1.30,903.0,47.13,12.0,2,278.98
p1_W_E.178,711.0,241.18,53.0,9,559.21
p1_N2_S2.95,950.0,29.14,18.0,1,205.32
p1_S2_N2.95,950.0,28.82,19.0,1,203.5
p1_N2_S2.96,960.0,21.17,9.0,1,190.79
p1_S1_N1.94,940.0,42.76,25.0,2,228.17
p1_N1_S1.95,950.0,32.23,23.0,1,213.88
p1_S2_N2.96,960.0,19.04,8.0,1,185.62
p1_S1_N1.95,950.0,34.93,22.0,1,207.82
p1_N1_S1.96,960.0,22.96,12.0,1,197.87
p1_S2_N2.97,970.0,16.33,3.0,1,199.88
p1_N1_S1.97,970.0,17.73,4.0,1,188.02
p1_N2_S2.97,970.0,17.16,0.0,0,173.04
p1_S2_N2.98,980.0,8.08,0.0,0,162.95
p1_S1_N1.96,960.0,22.84,11.0,1,187.21
p1_S1_E.30,903.0,67.44,30.0,3,328.75
p1_W_E.179,714.0,258.78,73.0,13,596.76
p1_W_E.180,718.0,256.65,65.0,12,578.43
p1_N2_W.30,903.0,71.26,31.0,4,343.86
p1_E_W.126,908.0,66.54,30.0,3,349.78
p1_W_S2.18,721.0,256.47,62.0,10,589.32
p1_W_E.181,727.0,252.03,58.0,11,568.8
p1_E_W.127,915.0,61.06,21.0,3,314.0
p1_W_E.182,736.0,244.9,56.0,11,550.76
p1_E_W.128,922.0,58.14,17.0,2,319.51
p1_S1_E.31,933.0,49.78,17.0,3,307.36
p1_W_E.183,739.0,245.62,54.0,10,569.7
p1_W_E.184,742.0,244.38,50.0,9,574.88
p1_S1_N1.97,970.0,38.42,21.0,2,220.51
p1_W_E.185,746.0,242.08,49.0,8,573.16
p1_S1_N1.98,980.0,30.38,14.0,1,211.73
p1_S1_N1.99,990.0,22.42,10.0,1,195.05
p1_N1_S1.98,980.0,23.64,13.0,1,196.06
p1_N2_S2.98,980.0,35.5,22.0,1,207.12
p1_N1_S1.99,990.0,20.99,7.0,1,208.88
p1_S2_N2.99,990.0,25.69,14.0,1,191.88
p1_N1_S1.100,1000.0,8.18,0.0,0,161.84
p1_S2_N2.100,1000.0,17.64,5.0,1,189.06
p1_S2_N2.101,1010.0,9.51,0.0,0,165.74
p1_E_W.129,929.0,71.26,29.0,3,329.64
p1_E_N1.31,932.0,69.78,26.0,3,326.56
p1_N2_S2.99,990.0,21.56,9.0,1,190.16
p1_E_W.130,936.0,67.81,26.0,3,309.05
p1_N2_S2.100,1000.0,25.8,9.0,1,200.86
p1_N2_W.31,933.0,72.67,32.0,4,332.41
p1_W_E.186,749.0,257.54,56.0,9,598.67
p1_E_W.131,944.0,63.62,26.0,3,327.66
p1_E_W.132,951.0,58.47,23.0,3,309.21
p1_E_W.133,958.0,45.3,19.0,2,273.55
p1_W_S2.19,792.0,222.69,35.0,7,532.6
p1_S1_N1.100,1000.0,38.8,22.0,2,223.15
p1_N1_S1.101,1010.0,27.19,17.0,1,199.62
p1_W_E.187,753.0,238.05,52.0,8,572.8
p1_W_E.188,758.0,250.28,48.0,9,584.56
p1_N1_S1.102,1020.0,21.76,10.0,1,197.33
p1_W_E.189,783.0,240.82,40.0,8,556.16
p1_S1_N1.101,1010.0,28.59,17.0,1,201.9
p1_S1_N1.102,1020.0,23.21,11.0,1,192.29
p1_W_E.190,787.0,229.55,38.0,8,548.79
p1_S2_N2.102,1020.0,25.94,14.0,1,199.83
p1_W_E.191,798.0,229.38,34.0,10,585.25
p1_N1_S1.103,1030.0,8.5,0.0,0,169.75
p1_S2_N2.103,1030.0,19.53,6.0,1,192.61
p1_N1_S1.104,1040.0,11.32,0.0,0,164.87
p1_E_N1.32,961.0,69.47,29.0,4,311.31
p1_N2_S2.101,1010.0,30.87,17.0,1,197.59
p1_N2_S2.102,1020.0,33.84,15.0,1,210.9
p1_N2_S2.103,1030.0,26.53,10.0,1,210.11
p1_S2_N2.104,1040.0,6.49,0.0,0,152.63
p1_N2_S2.104,1040.0,18.27,2.0,1,205.24
p1_S2_N2.105,1050.0,5.71,0.0,0,160.34
p1_N2_S2.105,1050.0,7.22,0.0,0,163.16
p1_S1_E.32,963.0,79.84,35.0,4,358.86
p1_N2_W.32,963.0,51.58,20.0,2,301.86
p1_E_N1.33,990.0,53.69,17.0,2,318.46
p1_W_E.192,808.0,234.41,52.0,9,586.83
p1_E_W.134,965.0,62.42,29.0,3,317.15
p1_W_E.193,811.0,236.82,49.0,9,593.93
p1_E_W.135,972.0,75.39,27.0,3,332.28
p1_E_W.136,980.0,59.01,17.0,2,325.16
p1_S1_N1.103,1030.0,40.25,24.0,2,227.53
p1_W_E.194,814.0,235.54,48.0,9,572.6
p1_E_W.137,987.0,62.8,17.0,2,316.87
p1_S1_N1.104,1040.0,32.42,18.0,1,208.67
p1_N1_S1.105,1050.0,17.79,6.0,1,187.74
p1_W_E.195,818.0,227.84,45.0,7,573.99
p1_N1_S1.106,1060.0,15.56,1.0,1,201.35
p1_W_E.196,824.0,229.46,43.0,7,575.34
p1_S1_N1.105,1050.0,22.47,11.0,1,187.82
p1_N1_S1.107,1070.0,5.71,0.0,0,148.89
p1_S1_E.33,993.0,64.27,25.0,3,343.32
p1_W_E.197,836.0,223.05,48.0,8,579.45
p1_W_E.198,840.0,220.85,43.0,7,554.52
p1_E_W.138,994.0,64.4,29.0,3,320.52
p1_W_E.199,843.0,209.17,41.0,7,533.84
p1_W_S2.20,859.0,206.28,36.0,7,523.67
p1_E_W.139,1001.0,61.75,25.0,3,306.13
p1_W_E.200,849.0,218.52,35.0,7,527.68
p1_N2_W.33,993.0,70.51,25.0,3,329.14
p1_E_N1.34,1020.0,53.36,14.0,2,312.18
p1_N2_S2.106,1060.0,31.71,21.0,1,208.11
p1_E_W.140,1008.0,49.37,19.0,3,299.44
p1_S2_N2.106,1060.0,28.7,18.0,1,195.35
p1_E_W.141,1016.0,60.91,18.0,3,305.97
p1_N2_S2.107,1070.0,28.06,14.0,1,202.92
p1_S2_N2.107,1070.0,28.77,12.0,1,206.54
p1_E_W.142,1023.0,55.62,12.0,2,317.03
p1_S2_N2.108,1080.0,20.47,4.0,1,209.18
p1_E_W.143,1030.0,50.47,11.0,2,303.54
p1_N2_S2.108,1080.0,13.81,2.0,1,174.0
p1_S2_N2.109,1090.0,9.88,0.0,0,171.86
p1_N2_W.34,1023.0,56.68,20.0,2,315.45
p1_W_E.201,864.0,219.62,48.0,7,532.72
p1_N1_S1.108,1080.0,26.27,16.0,1,195.36
p1_S1_N1.106,1060.0,46.25,28.0,2,230.33
p1_N1_S1.109,1090.0,18.28,7.0,1,182.26
p1_S1_N1.107,1070.0,38.91,22.0,1,221.69
p1_N1_S1.110,1100.0,10.29,0.0,0,172.81
p1_S1_N1.108,1080.0,27.04,15.0,1,187.95
p1_W_E.202,868.0,206.27,44.0,7,518.37
p1_S1_E.34,1023.0,54.7,24.0,3,312.02
p1_W_E.203,875.0,212.0,52.0,9,559.0
p1_W_E.204,886.0,212.24,50.0,7,584.58
p1_E_W.144,1037.0,61.7,36.0,3,327.42
p1_W_E.205,889.0,210.89,44.0,11,565.63
p1_E_W.145,1044.0,56.53,27.0,3,319.46
p1_W_E.206,892.0,209.71,42.0,8,581.81
p1_W_E.207,896.0,207.35,37.0,7,587.29
p1_W_E.208,902.0,203.07,34.0,7,574.48
p1_E_W.146,1053.0,51.54,16.0,3,306.01
p1_E_N1.35,1050.0,45.16,15.0,3,288.61
p1_W_E.209,912.0,187.87,30.0,9,511.64
p1_N2_S2.109,1090.0,38.03,23.0,1,227.12
p1_S2_N2.110,1100.0,26.65,17.0,1,193.03
p1_N2_S2.110,1100.0,31.09,18.0,1,210.45
p1_S2_N2.111,1110.0,21.5,8.0,1,190.01
p1_S1_N1.109,1090.0,41.33,21.0,2,223.27
p1_S2_N2.112,1120.0,13.27,0.0,0,187.61
p1_N1_S1.111,1110.0,19.83,8.0,1,185.28
p1_N2_S2.111,1110.0,20.65,9.0,1,189.95
p1_S2_N2.113,1130.0,5.85,0.0,0,154.26
p1_N1_S1.112,1120.0,16.96,3.0,1,194.81
p1_N1_S1.113,1130.0,8.75,0.0,0,173.59
p1_S1_N1.110,1100.0,29.47,12.0,1,204.43
p1_S1_E.35,1053.0,66.34,27.0,3,342.39
p1_S1_N1.111,1110.0,21.06,10.0,1,193.47
p1_W_E.210,916.0,205.95,46.0,9,547.67
p1_E_W.147,1059.0,65.05,26.0,4,326.22
p1_E_W.148,1066.0,59.15,22.0,3,304.38
p1_W_S2.21,920.0,200.03,41.0,6,515.89
p1_E_W.149,1073.0,55.67,19.0,3,295.54
p1_W_E.211,928.0,193.58,44.0,8,502.04
p1_E_W.150,1080.0,50.39,18.0,2,290.59
p1_W_E.212,938.0,181.34,34.0,7,499.02
p1_N2_W.35,1053.0,76.31,42.0,3,333.82
p1_W_E.213,942.0,193.96,32.0,6,511.53
p1_N2_W.36,1083.0,51.03,14.0,3,304.4
p1_E_N1.36,1083.0,54.04,22.0,3,319.37
p1_W_E.214,946.0,184.89,28.0,6,514.38
p1_S2_N2.114,1140.0,18.88,9.0,1,184.6
p1_S2_N2.115,1150.0,9.41,0.0,0,168.42
p1_S1_N1.112,1120.0,43.02,25.0,2,229.49
p1_N2_S2.112,1120.0,36.16,19.0,2,212.92
p1_N1_S1.114,1140.0,23.27,12.0,1,192.85
p1_N2_S2.113,1130.0,34.82,17.0,1,215.71
p1_S2_N2.116,1160.0,5.29,0.0,0,149.97
p1_N2_S2.114,1140.0,26.51,12.0,1,205.38
p1_N1_S1.115,1150.0,16.0,3.0,1,182.64
p1_S1_N1.113,1130.0,30.27,17.0,1,206.7
p1_N1_S1.116,1160.0,6.1,0.0,0,144.78
p1_W_E.215,953.0,198.04,36.0,6,534.76
p1_S1_N1.114,1140.0,31.96,16.0,1,218.46
p1_W_E.216,964.0,188.08,35.0,7,521.59
p1_W_E.217,968.0,186.87,31.0,6,517.42
p1_E_W.151,1088.0,66.92,28.0,4,330.35
p1_W_E.218,972.0,184.66,33.0,7,501.61
p1_E_W.152,1095.0,61.68,22.0,3,321.36
p1_E_W.153,1102.0,56.6,20.0,2,306.31
p1_S1_E.36,1083.0,70.73,28.0,3,343.86
p1_E_W.154,1109.0,51.57,17.0,2,288.1
p1_W_E.219,979.0,183.49,34.0,5,503.37
p1_W_E.220,990.0,174.15,35.0,8,509.92
p1_E_N1.37,1112.0,48.76,17.0,2,282.93
p1_S1_N1.115,1150.0,39.2,24.0,2,223.97
p1_N1_S1.117,1170.0,18.26,7.0,1,189.07
p1_S1_N1.116,1160.0,31.44,13.0,1,212.05
p1_S2_N2.117,1170.0,20.92,9.0,1,192.4
p1_N1_S1.118,1180.0,12.28,0.0,0,192.97
p1_S2_N2.118,1180.0,12.71,2.0,1,177.25
p1_S1_N1.117,1170.0,23.54,12.0,1,190.86
p1_N1_S1.119,1190.0,5.65,0.0,0,154.61
p1_N2_S2.115,1150.0,32.24,20.0,1,200.46
p1_S2_N2.119,1190.0,6.34,0.0,0,153.6
p1_N2_S2.116,1160.0,37.14,18.0,1,208.97
p1_N2_W.37,1113.0,67.2,30.0,4,337.62
p1_N2_S2.117,1170.0,26.03,10.0,1,208.92
p1_W_S2.22,995.0,188.45,42.0,6,524.07
p1_E_W.155,1116.0,61.79,29.0,3,320.57
p1_W_E.221,998.0,180.55,40.0,6,501.66
p1_E_W.156,1124.0,61.08,27.0,3,318.97
p1_E_W.157,1131.0,58.13,20.0,4,318.56
p1_W_E.222,1001.0,188.5,39.0,7,518.82
p1_E_W.158,1138.0,52.92,15.0,2,310.6
p1_S1_E.37,1113.0,78.16,29.0,4,368.72
p1_E_N1.38,1141.0,50.55,14.0,2,311.77
p1_W_E.223,1004.0,189.1,47.0,7,533.73
p1_S2_N2.120,1200.0,16.2,5.0,1,185.48
p1_E_W.159,1145.0,45.09,14.0,2,268.97
p1_N2_S2.118,1180.0,35.34,17.0,2,213.57
p1_N2_W.38,1143.0,52.15,14.0,2,311.14
p1_S2_N2.121,1210.0,8.06,0.0,0,161.28
p1_N2_S2.119,1190.0,28.82,11.0,1,210.02
p1_E_W.160,1152.0,46.92,14.0,2,298.93
p1_N2_S2.120,1200.0,20.83,7.0,1,190.43
p1_E_W.161,1160.0,34.67,8.0,2,268.63
p1_E_W.162,1167.0,36.94,6.0,1,274.29
p1_E_N1.39,1170.0,33.95,5.0,1,275.59
p1_S2_N2.122,1220.0,5.81,0.0,0,148.75
p1_E_W.163,1174.0,31.83,4.0,1,267.31
p1_N2_S2.121,1210.0,12.6,0.0,0,178.42
p1_N2_W.39,1173.0,32.81,10.0,1,272.69
p1_N2_S2.122,1220.0,9.93,0.0,0,185.21
p1_E_W.164,1181.0,28.99,10.0,1,268.4
p1_W_E.224,1007.0,206.02,58.0,7,528.84
p1_W_E.225,1011.0,203.95,53.0,7,526.03
p1_E_W.165,1188.0,17.97,4.0,1,240.51
p1_E_W.166,1196.0,20.72,0.0,0,244.74
p1_E_N1.40,1200.0,13.52,0.0,0,239.85
p1_W_E.226,1021.0,191.53,46.0,7,513.66
p1_S1_N1.118,1180.0,66.1,46.0,2,267.13
p1_N1_S1.120,1200.0,45.96,34.0,1,226.23
p1_N1_S1.121,1210.0,37.71,27.0,1,220.89
p1_S1_N1.119,1190.0,57.87,42.0,1,243.84
p1_N1_S1.122,1220.0,30.06,16.0,1,206.83
p1_W_E.227,1025.0,175.98,46.0,7,501.21
p1_N1_S1.123,1230.0,21.88,8.0,1,196.02
p1_W_S2.23,1048.0,180.37,40.0,6,496.93
p1_W_E.228,1028.0,204.71,41.0,6,516.68
p1_S1_N1.120,1200.0,46.54,35.0,1,229.55
p1_W_E.229,1031.0,203.54,40.0,6,519.9
p1_S1_E.38,1143.0,93.25,33.0,4,390.77
p1_N2_W.40,1203.0,34.14,15.0,2,275.28
p1_W_E.230,1038.0,185.75,47.0,6,524.7
p1_W_E.231,1051.0,189.0,38.0,6,522.81
p1_E_W.167,1203.0,34.57,19.0,1,268.56
p1_W_E.232,1054.0,182.1,38.0,8,513.03
p1_E_W.168,1210.0,31.57,16.0,1,267.88
p1_W_E.233,1057.0,186.51,34.0,7,507.93
p1_E_W.169,1217.0,26.31,10.0,1,264.1
p1_S1_E.39,1173.0,68.34,26.0,3,349.17
p1_N2_S2.123,1230.0,37.58,27.0,1,216.51
p1_S2_N2.123,1230.0,37.59,27.0,1,215.9
p1_W_E.234,1060.0,187.06,41.0,8,526.64
p1_E_W.170,1224.0,15.07,0.0,0,226.73
p1_S2_N2.124,1240.0,29.41,17.0,1,205.42
p1_S1_N1.121,1210.0,61.76,43.0,2,255.51
p1_N1_S1.124,1240.0,31.49,15.0,2,215.97
p1_N2_S2.124,1240.0,32.59,20.0,1,207.8
p1_S1_N1.122,1220.0,53.5,36.0,2,249.35
p1_N1_S1.125,1250.0,23.44,12.0,1,188.65
p1_N2_S2.125,1250.0,24.32,10.0,1,196.63
p1_S2_N2.125,1250.0,18.06,6.0,1,189.49
p1_N1_S1.126,1260.0,15.41,4.0,1,187.29
p1_S2_N2.126,1260.0,10.78,0.0,0,176.47
p1_N1_S1.127,1270.0,7.14,0.0,0,158.97
p1_S1_N1.123,1230.0,41.78,24.0,2,218.83
p1_W_E.235,1063.0,192.24,46.0,7,523.75
p1_W_E.236,1066.0,197.53,44.0,7,524.73
p1_E_W.171,1233.0,31.17,9.0,1,259.81
p1_E_N1.41,1230.0,22.48,10.0,1,244.73
p1_W_E.237,1069.0,182.93,40.0,6,502.78
p1_E_W.172,1239.0,23.63,8.0,1,229.58
p1_E_W.173,1246.0,24.04,7.0,1,236.4
p1_E_W.174,1253.0,16.7,4.0,1,231.99
p1_W_E.238,1072.0,175.94,38.0,6,499.57
p1_W_E.239,1075.0,197.96,36.0,6,513.61
p1_N2_S2.126,1260.0,37.88,18.0,2,218.66
p1_W_E.240,1084.0,194.11,38.0,7,521.57
p1_N2_W.41,1233.0,34.29,21.0,1,254.58
p1_S2_N2.127,1270.0,24.42,13.0,1,195.59
p1_S1_N1.124,1240.0,61.11,34.0,3,269.46
p1_N1_S1.128,1280.0,21.42,8.0,1,179.38
p1_S2_N2.128,1280.0,22.84,8.0,1,198.24
p1_S1_N1.125,1250.0,53.09,27.0,2,247.04
p1_S2_N2.129,1290.0,15.59,0.0,0,202.84
p1_N1_S1.129,1290.0,15.98,2.0,1,186.34
p1_S1_N1.126,1260.0,47.15,25.0,2,236.96
p1_N2_S2.127,1270.0,27.54,15.0,1,200.06
p1_N1_S1.130,1300.0,7.78,0.0,0,151.39
p1_S2_N2.130,1300.0,5.92,0.0,0,153.99
p1_N2_S2.128,1280.0,21.28,7.0,1,190.19
p1_S1_N1.127,1270.0,40.16,16.0,2,219.23
p1_N2_S2.129,1290.0,20.67,4.0,1,195.34
p1_W_S2.24,1087.0,195.83,46.0,7,523.1
p1_E_W.175,1260.0,34.01,16.0,2,280.2
p1_E_N1.42,1263.0,32.51,13.0,2,269.0
p1_W_E.241,1090.0,192.41,40.0,5,500.22
p1_E_W.176,1268.0,29.26,10.0,2,263.83
p1_W_E.242,1093.0,206.69,38.0,5,519.75
p1_E_W.177,1275.0,24.51,4.0,1,264.09
p1_W_E.243,1099.0,202.34,39.0,5,528.99
p1_E_W.178,1282.0,19.46,3.0,1,223.06
p1_W_E.244,1108.0,195.17,36.0,5,530.22
p1_W_E.245,1111.0,182.27,34.0,5,510.45
p1_W_E.246,1114.0,193.04,32.0,6,506.25
p1_N1_S1.131,1310.0,18.84,8.0,1,192.92
p1_W_E.247,1117.0,191.74,30.0,5,497.99
p1_N1_S1.132,1320.0,10.62,0.0,0,177.29
p1_W_E.248,1120.0,173.69,28.0,5,450.97
p1_S2_N2.131,1310.0,24.49,14.0,1,198.51
p1_W_E.249,1124.0,181.24,27.0,5,493.58
p1_S2_N2.132,1320.0,16.47,4.0,1,183.15
p1_N1_S1.133,1330.0,6.4,0.0,0,150.84
p1_N2_S2.130,1300.0,35.72,21.0,1,214.09
p1_S2_N2.133,1330.0,8.46,0.0,0,163.91
p1_S1_N1.128,1280.0,39.32,22.0,2,227.34
p1_N2_S2.131,1310.0,29.3,17.0,1,206.83
p1_N2_W.42,1263.0,56.83,29.0,2,316.53
p1_S1_N1.129,1290.0,45.17,19.0,2,234.78
p1_N2_S2.132,1320.0,18.36,7.0,1,182.6
p1_E_W.179,1289.0,32.99,12.0,2,268.84
p1_S1_N1.130,1300.0,42.89,14.0,2,246.15
p1_E_W.180,1296.0,30.9,1.0,1,253.23
p1_W_E.250,1130.0,191.91,38.0,6,503.9
p1_E_W.181,1304.0,24.68,0.0,0,252.14
p1_S1_E.40,1203.0,126.87,62.0,6,410.08
p1_E_W.182,1311.0,19.94,0.0,0,234.61
p1_E_N1.43,1292.0,21.86,2.0,1,243.01
p1_W_S2.25,1140.0,178.6,34.0,8,489.91
p1_W_E.251,1144.0,182.98,41.0,8,504.38
p1_E_W.183,1318.0,11.96,0.0,0,215.88
p1_E_N1.44,1321.0,14.34,0.0,0,228.76
p1_W_E.252,1147.0,185.12,38.0,8,493.48
p1_W_E.253,1150.0,188.13,29.0,6,504.65
p1_N2_W.43,1293.0,44.82,25.0,2,292.13
p1_W_E.254,1153.0,186.8,32.0,8,510.93
p1_N2_S2.133,1330.0,37.19,20.0,2,218.39
p1_N2_S2.134,1340.0,29.17,16.0,1,194.32
p1_S2_N2.134,1340.0,22.06,11.0,1,197.04
p1_N2_S2.135,1350.0,21.23,9.0,1,189.7
p1_S2_N2.135,1350.0,20.8,6.0,1,204.54
p1_S2_N2.136,1360.0,12.54,0.0,0,180.0
p1_N1_S1.134,1340.0,28.34,17.0,1,197.45
p1_N1_S1.135,1350.0,31.21,14.0,1,214.1
p1_S1_E.41,1233.0,116.16,48.0,6,426.91
p1_N1_S1.136,1360.0,24.33,8.0,1,214.04
p1_W_E.255,1156.0,203.41,50.0,8,536.47
p1_W_E.256,1162.0,203.09,51.0,9,534.5
p1_N1_S1.137,1370.0,15.99,0.0,0,206.21
p1_S1_N1.131,1310.0,53.33,38.0,2,248.08
p1_W_E.257,1171.0,193.71,50.0,8,525.78
p1_S1_N1.132,1320.0,61.3,34.0,2,263.71
p1_W_E.258,1175.0,189.36,39.0,7,523.31
p1_S1_N1.133,1330.0,60.58,32.0,1,264.76
p1_W_E.259,1178.0,192.42,39.0,10,542.3
p1_E_W.184,1325.0,33.78,13.0,2,265.19
p1_W_E.260,1181.0,190.64,37.0,8,521.84
p1_E_W.185,1332.0,40.16,12.0,2,279.51
p1_E_W.186,1340.0,30.26,7.0,1,277.12
p1_E_N1.45,1350.0,24.27,5.0,1,246.36
p1_E_W.187,1347.0,28.68,6.0,1,276.46
p1_N2_S2.136,1360.0,38.19,22.0,2,228.9
p1_N2_S2.137,1370.0,30.01,18.0,1,203.57
p1_S1_N1.134,1340.0,58.39,43.0,2,251.95
p1_N2_S2.138,1380.0,21.8,9.0,1,192.66
p1_S2_N2.137,1370.0,21.24,9.0,1,186.93
p1_N1_S1.138,1380.0,18.58,7.0,1,178.48
p1_S2_N2.138,1380.0,21.12,5.0,1,203.25
p1_N1_S1.139,1390.0,15.05,1.0,1,187.6
p1_S1_N1.135,1350.0,48.11,32.0,2,245.07
p1_S2_N2.139,1390.0,16.61,0.0,0,189.09
p1_S1_N1.136,1360.0,47.61,27.0,2,235.32
p1_N2_S2.139,1390.0,17.34,2.0,1,198.24
p1_N1_S1.140,1400.0,6.84,0.0,0,157.77
p1_S2_N2.140,1400.0,7.74,0.0,0,167.59
p1_N2_S2.140,1400.0,9.27,0.0,0,168.23
p1_W_S2.26,1184.0,208.63,54.0,10,544.42
p1_E_W.188,1354.0,38.34,16.0,2,259.89
p1_N2_W.44,1323.0,71.11,37.0,4,337.06
p1_S1_E.42,1262.0,132.41,53.0,7,433.7
p1_W_E.261,1187.0,209.71,59.0,9,555.19
p1_W_E.262,1190.0,208.72,60.0,9,553.52
p1_W_E.263,1193.0,205.75,51.0,7,547.7
p1_E_W.189,1361.0,22.97,7.0,1,254.91
p1_E_W.190,1368.0,37.16,7.0,1,264.84
p1_N1_S1.141,1410.0,17.25,4.0,1,188.47
p1_S1_N1.137,1370.0,53.94,27.0,3,248.24
p1_S2_N2.141,1410.0,17.9,6.0,1,192.22
p1_N2_S2.141,1410.0,15.45,3.0,1,181.55
p1_N1_S1.142,1420.0,8.95,0.0,0,167.59
p1_S2_N2.142,1420.0,9.6,0.0,0,183.04
p1_S1_N1.138,1380.0,48.92,23.0,2,246.12
p1_N2_S2.142,1420.0,11.07,0.0,0,172.46
p1_S1_N1.139,1390.0,39.48,18.0,2,208.53
p1_E_W.191,1376.0,40.28,20.0,2,266.37
p1_W_E.264,1196.0,220.22,59.0,8,569.14
p1_E_N1.46,1380.0,38.93,18.0,2,266.8
p1_W_E.265,1199.0,218.5,54.0,9,559.31
p1_N2_W.45,1352.0,69.56,39.0,3,339.8
p1_S1_E.43,1293.0,126.47,48.0,7,436.2
p1_N2_W.46,1383.0,33.18,11.0,2,264.01
p1_W_E.266,1207.0,208.07,56.0,8,559.59
p1_N1_S1.143,1430.0,22.47,11.0,1,190.74
p1_W_E.267,1211.0,212.8,54.0,9,545.35
p1_S1_N1.140,1400.0,50.31,23.0,2,232.54
p1_W_E.268,1214.0,218.2,52.0,8,564.98
p1_S1_N1.141,1410.0,45.67,22.0,2,224.6
p1_W_S2.27,1232.0,202.62,44.0,9,528.17
p1_N1_S1.144,1440.0,12.2,2.0,1,174.89
p1_W_E.269,1217.0,218.51,51.0,8,564.18
p1_W_E.270,1225.0,209.5,48.0,7,556.24
p1_W_E.271,1235.0,203.92,43.0,9,544.82
p1_S1_N1.142,1420.0,40.95,18.0,2,229.43
p1_N1_S1.145,1450.0,6.14,0.0,0,153.69
p1_S2_N2.143,1430.0,33.03,21.0,1,207.37
p1_S2_N2.144,1440.0,24.78,13.0,1,196.98
p1_N2_S2.143,1430.0,29.85,18.0,1,207.77
p1_S2_N2.145,1450.0,15.97,4.0,1,173.72
p1_N2_S2.144,1440.0,29.18,15.0,1,215.74
p1_E_W.192,1383.0,51.67,30.0,2,302.46
p1_S2_N2.146,1460.0,10.18,0.0,0,171.35
p1_E_W.193,1390.0,60.34,26.0,2,309.93
p1_N2_S2.145,1450.0,20.55,5.0,1,181.48
p1_E_W.194,1397.0,53.44,21.0,2,315.17
p1_W_E.272,1238.0,217.1,51.0,10,547.31
p1_E_W.195,1404.0,37.49,12.0,1,271.67
p1_W_E.273,1241.0,216.39,50.0,9,545.1
p1_W_E.274,1244.0,212.04,44.0,11,536.84
p1_N1_S1.146,1460.0,17.24,5.0,1,185.02
p1_W_E.275,1247.0,208.76,37.0,8,525.0
p1_N1_S1.147,1470.0,16.19,0.0,0,182.65
p1_S1_N1.143,1430.0,54.02,25.0,3,242.28
p1_W_E.276,1252.0,205.57,35.0,9,502.84
p1_W_E.277,1264.0,199.36,36.0,10,518.52
p1_S1_E.44,1323.0,147.24,56.0,6,462.31
p1_W_E.278,1267.0,204.65,48.0,10,539.27
p1_E_N1.47,1410.0,55.23,26.0,2,308.27
p1_N2_W.47,1413.0,58.93,28.0,3,318.8
p1_W_E.279,1270.0,203.85,41.0,9,539.74
p1_E_W.196,1413.0,60.93,28.0,3,318.02
p1_W_E.280,1275.0,200.62,38.0,9,518.41
p1_W_S2.28,1281.0,194.82,36.0,9,512.79
p1_E_W.197,1419.0,49.98,22.0,3,291.75
p1_E_W.198,1426.0,55.94,21.0,3,319.84
p1_S1_N1.144,1440.0,64.9,36.0,4,261.08
p1_N2_S2.146,1460.0,44.9,27.0,1,230.32
p1_N1_S1.148,1480.0,22.1,11.0,1,193.92
p1_N2_S2.147,1470.0,33.08,22.0,1,203.21
p1_S2_N2.147,1470.0,30.49,18.0,1,208.79
p1_S2_N2.148,1480.0,31.61,16.0,1,216.32
p1_S1_N1.145,1450.0,55.61,25.0,3,250.74
p1_N1_S1.149,1490.0,9.79,0.0,0,170.27
p1_S1_N1.146,1460.0,53.65,22.0,2,234.34
p1_S2_N2.149,1490.0,23.2,6.0,1,206.47
p1_N2_S2.148,1480.0,29.06,16.0,1,199.15
p1_N1_S1.150,1500.0,14.1,0.0,0,178.28
p1_S2_N2.150,1500.0,12.89,0.0,0,189.43
p1_S1_E.45,1353.0,141.01,55.0,6,451.14
p1_W_E.281,1290.0,205.13,56.0,11,537.03
p1_E_W.199,1433.0,58.14,24.0,3,308.67
p1_E_N1.48,1443.0,56.65,21.0,3,295.46
p1_E_W.200,1440.0,58.64,22.0,3,295.98
p1_W_E.282,1293.0,207.62,54.0,11,543.63
p1_W_E.283,1296.0,207.12,51.0,11,536.28
p1_E_W.201,1448.0,45.74,17.0,2,271.94
p1_N1_S1.151,1510.0,20.06,9.0,1,190.09
p1_S1_N1.147,1470.0,60.91,32.0,4,259.14
p1_N1_S1.152,1520.0,12.98,1.0,1,183.05
p1_N2_S2.149,1490.0,38.26,19.0,2,222.94
p1_N2_S2.150,1500.0,35.61,11.0,1,214.15
p1_S1_N1.148,1480.0,51.29,24.0,3,240.16
p1_N2_S2.151,1510.0,27.46,10.0,2,198.18
p1_S2_N2.151,1510.0,12.72,1.0,1,176.91
p1_S1_N1.149,1490.0,49.38,23.0,2,241.6
p1_S2_N2.152,1520.0,20.34,0.0,0,190.35
p1_S1_N1.150,1500.0,40.85,18.0,2,229.08
p1_N1_S1.153,1530.0,5.28,0.0,0,148.75
p1_W_E.284,1299.0,222.95,60.0,11,555.22
p1_W_E.285,1302.0,221.28,50.0,8,550.86
p1_N2_W.48,1443.0,73.89,38.0,4,336.43
p1_S1_E.46,1383.0,143.59,50.0,6,456.21
p1_E_W.202,1455.0,65.19,28.0,3,330.99
p1_E_W.203,1462.0,66.61,23.0,3,341.13
p1_E_W.204,1469.0,61.97,18.0,2,348.77
p1_W_E.286,1305.0,216.66,58.0,10,565.86
p1_W_E.287,1308.0,216.45,56.0,10,553.13
p1_N1_S1.154,1540.0,16.75,5.0,1,175.61
p1_W_E.288,1311.0,222.8,46.0,7,576.97
p1_N1_S1.155,1550.0,8.48,0.0,0,159.82
p1_W_E.289,1314.0,223.31,42.0,7,568.34
p1_S1_N1.151,1510.0,46.64,20.0,2,229.31
p1_N2_S2.152,1520.0,42.16,24.0,2,223.6
p1_S1_N1.152,1520.0,37.54,17.0,2,220.04
p1_S2_N2.153,1530.0,28.14,17.0,1,196.03
p1_S1_N1.153,1530.0,28.65,9.0,1,210.51
p1_N2_S2.153,1530.0,31.88,17.0,1,208.13
p1_S2_N2.154,1540.0,19.89,9.0,1,183.05
p1_E_N1.49,1472.0,75.82,30.0,3,354.68
p1_S2_N2.155,1550.0,19.7,2.0,1,189.66
p1_N2_S2.154,1540.0,26.2,13.0,1,202.08
p1_S2_N2.156,1560.0,8.79,0.0,0,169.23
p1_E_W.205,1476.0,72.97,27.0,3,354.09
p1_W_E.290,1317.0,236.04,54.0,9,587.16
p1_E_W.206,1484.0,64.79,27.0,3,313.57
p1_S1_E.47,1413.0,141.3,48.0,5,440.52
p1_N2_W.49,1473.0,81.25,38.0,3,353.06
p1_W_E.291,1324.0,235.85,54.0,8,581.51
p1_S1_N1.154,1540.0,42.66,19.0,2,231.15
p1_N1_S1.156,1560.0,22.51,11.0,1,196.02
p1_W_S2.29,1321.0,232.54,58.0,9,585.93
p1_N1_S1.157,1570.0,14.49,2.0,1,181.74
p1_S2_N2.157,1570.0,18.11,7.0,1,190.74
p1_S1_N1.155,1550.0,31.08,13.0,2,203.4
p1_N2_S2.155,1550.0,35.32,19.0,2,215.38
p1_S1_N1.156,1560.0,30.74,9.0,1,205.39
p1_N2_S2.156,1560.0,26.52,14.0,1,195.81
p1_N1_S1.158,1580.0,5.92,0.0,0,150.92
p1_S2_N2.158,1580.0,5.93,0.0,0,152.61
p1_N2_S2.157,1570.0,22.35,7.0,1,180.78
p1_E_W.207,1491.0,77.66,44.0,4,335.75
p1_E_W.208,1498.0,80.6,40.0,4,350.18
p1_E_N1.50,1501.0,77.29,35.0,4,347.6
p1_E_W.209,1505.0,75.36,31.0,4,336.83
p1_W_E.292,1327.0,247.46,65.0,9,604.73
p1_W_E.293,1330.0,253.45,59.0,8,621.69
p1_W_E.294,1333.0,245.49,61.0,9,595.56
p1_W_E.295,1336.0,250.44,68.0,12,614.5
p1_W_E.296,1339.0,249.7,63.0,11,593.76
p1_S1_N1.157,1570.0,37.42,21.0,2,227.29
p1_N1_S1.159,1590.0,16.14,5.0,1,181.49
p1_W_E.297,1342.0,248.54,58.0,11,594.28
p1_S1_N1.158,1580.0,31.39,12.0,1,219.95
p1_S1_N1.159,1590.0,23.64,10.0,1,221.7
p1_N1_S1.160,1600.0,11.96,0.0,0,182.65
p1_W_E.298,1345.0,247.01,52.0,11,596.74
p1_S1_E.48,1443.0,150.48,58.0,8,473.52
p1_W_E.299,1348.0,238.87,60.0,10,564.65
p1_W_E.300,1351.0,248.41,56.0,10,582.62
p1_E_W.210,1512.0,84.48,39.0,4,356.79
p1_N2_S2.158,1580.0,43.59,25.0,2,235.26
p1_S2_N2.159,1590.0,33.53,22.0,1,213.48
p1_N2_W.50,1503.0,95.23,41.0,4,372.58
p1_N2_S2.159,1590.0,35.62,22.0,1,216.63
p1_E_W.211,1520.0,85.49,41.0,4,354.31
p1_S2_N2.160,1600.0,22.56,11.0,1,191.37
p1_S2_N2.161,1610.0,14.04,1.0,1,182.96
p1_E_N1.51,1530.0,78.75,28.0,4,336.62
p1_E_W.212,1527.0,72.86,31.0,4,332.43
p1_S2_N2.162,1620.0,11.87,0.0,0,173.56
p1_E_W.213,1534.0,78.04,24.0,4,324.54
p1_E_W.214,1541.0,72.94,23.0,3,333.29
p1_N2_S2.160,1600.0,23.21,11.0,1,184.5
p1_W_S2.30,1354.0,262.13,64.0,11,614.26
p1_S1_N1.160,1600.0,38.5,21.0,2,225.18
p1_N1_S1.161,1610.0,28.01,16.0,1,200.78
p1_W_E.301,1360.0,251.2,61.0,12,601.25
p1_N1_S1.162,1620.0,22.98,11.0,1,202.21
p1_S1_E.49,1473.0,139.17,51.0,8,441.28
p1_W_E.302,1373.0,248.9,61.0,10,595.63
p1_S1_N1.161,1610.0,28.79,16.0,1,197.43
p1_S1_N1.162,1620.0,27.04,12.0,1,213.78
p1_N1_S1.163,1630.0,9.78,0.0,0,163.5
p1_S2_N2.163,1630.0,19.7,9.0,1,188.79
p1_N1_S1.164,1640.0,9.01,0.0,0,167.67
p1_N2_W.51,1533.0,97.98,43.0,4,384.38
p1_N2_S2.161,1610.0,37.0,20.0,2,220.23
p1_N2_S2.162,1620.0,33.88,14.0,2,229.38
p1_N2_S2.163,1630.0,24.18,13.0,1,187.24
p1_S2_N2.164,1640.0,7.84,0.0,0,158.65
p1_E_W.215,1548.0,78.88,39.0,4,346.7
p1_N2_S2.164,1640.0,18.04,5.0,1,195.68
p1_S2_N2.165,1650.0,7.88,0.0,0,154.32
p1_E_W.216,1556.0,81.97,35.0,4,355.31
p1_N2_S2.165,1650.0,9.59,0.0,0,172.14
p1_E_W.217,1563.0,76.79,25.0,4,328.43
p1_E_W.218,1570.0,70.16,23.0,3,326.53
p1_E_N1.52,1560.0,70.39,25.0,4,329.28
p1_N2_W.52,1563.0,74.61,31.0,4,335.25
p1_W_E.303,1376.0,267.24,75.0,12,622.88
p1_E_W.219,1577.0,63.63,25.0,4,315.98
p1_W_E.304,1379.0,271.13,66.0,11,613.73
p1_E_W.220,1584.0,63.42,21.0,3,315.6
p1_E_N1.53,1590.0,60.62,14.0,3,316.56
p1_W_E.305,1382.0,269.92,58.0,11,604.11
p1_E_W.221,1593.0,59.62,13.0,3,315.22
p1_W_E.306,1385.0,267.42,59.0,10,625.22
p1_E_W.222,1599.0,55.57,12.0,2,306.75
p1_E_W.223,1606.0,50.29,10.0,3,284.09
p1_N2_W.53,1593.0,64.91,25.0,2,333.16
p1_S1_E.50,1503.0,144.58,51.0,8,459.53
p1_S1_E.51,1533.0,124.95,30.0,4,426.2
p1_W_E.307,1388.0,272.66,60.0,9,632.49
p1_W_E.308,1394.0,269.41,54.0,8,622.39
p1_N1_S1.165,1650.0,35.25,25.0,1,208.59
p1_W_E.309,1402.0,260.36,53.0,8,605.34
p1_S1_N1.163,1630.0,56.79,37.0,2,253.84
p1_N1_S1.166,1660.0,27.28,17.0,1,205.2
p1_W_E.310,1406.0,260.43,50.0,9,605.04
p1_N1_S1.167,1670.0,19.07,8.0,1,192.13
p1_W_S2.31,1409.0,259.71,63.0,8,615.43
p1_S1_E.52,1563.0,105.53,23.0,3,396.61
p1_S1_N1.164,1640.0,40.99,28.0,1,216.58
p1_E_W.224,1613.0,63.44,29.0,3,326.67
p1_W_E.311,1413.0,245.67,56.0,9,570.9
p1_S1_N1.165,1650.0,49.14,25.0,1,235.82
p1_W_E.312,1420.0,254.62,52.0,9,602.42
p1_W_E.313,1428.0,253.06,50.0,9,593.8
p1_E_W.225,1620.0,53.8,17.0,3,308.45
p1_E_N1.54,1623.0,57.94,17.0,3,316.5
p1_W_E.314,1432.0,250.71,42.0,9,607.87
p1_S1_E.53,1593.0,91.48,21.0,3,383.46
p1_N2_S2.166,1660.0,45.95,35.0,1,233.53
p1_S2_N2.166,1660.0,45.99,34.0,1,223.08
p1_E_W.226,1628.0,49.64,14.0,2,294.53
p1_S2_N2.167,1670.0,37.74,26.0,1,221.66
p1_N2_W.54,1623.0,64.46,23.0,2,343.94
p1_N2_S2.167,1670.0,36.48,25.0,1,213.2
p1_S2_N2.168,1680.0,29.72,17.0,1,197.43
p1_S1_N1.166,1660.0,51.59,32.0,2,237.48
p1_N2_S2.168,1680.0,30.8,17.0,1,218.95
p1_S1_N1.167,1670.0,43.4,22.0,2,234.0
p1_S2_N2.169,1690.0,20.81,8.0,1,189.58
p1_S1_N1.168,1680.0,35.47,14.0,2,223.21
p1_W_E.315,1435.0,260.02,62.0,10,626.87
p1_N1_S1.168,1680.0,23.95,12.0,1,186.65
p1_W_E.316,1438.0,262.66,60.0,10,644.85
p1_N1_S1.169,1690.0,32.01,11.0,1,200.0
p1_N1_S1.170,1700.0,23.64,4.0,1,202.43
p1_W_E.317,1441.0,261.43,56.0,11,642.86
p1_N2_W.55,1653.0,49.5,20.0,3,308.55
p1_N1_S1.171,1710.0,14.31,0.0,0,188.07
p1_W_E.318,1444.0,256.17,54.0,10,615.24
p1_E_W.227,1635.0,62.53,38.0,3,315.51
p1_E_W.228,1642.0,68.41,31.0,3,348.38
p1_S2_N2.170,1700.0,31.92,14.0,1,217.61
p1_N2_S2.169,1690.0,39.76,23.0,2,223.4
p1_S2_N2.171,1710.0,23.62,12.0,1,199.44
p1_E_W.229,1649.0,52.62,22.0,3,304.18
p1_N2_S2.170,1700.0,35.03,16.0,2,219.38
p1_S2_N2.172,1720.0,15.37,3.0,1,190.97
p1_E_W.230,1656.0,59.07,20.0,3,309.48
p1_S2_N2.173,1730.0,7.34,0.0,0,159.98
p1_E_N1.55,1652.0,53.58,21.0,3,300.69
p1_N2_S2.171,1710.0,21.22,11.0,1,185.12
p1_N1_S1.172,1720.0,22.27,13.0,1,197.77
p1_S1_N1.169,1690.0,52.9,27.0,2,244.1
p1_W_E.319,1447.0,275.97,64.0,10,651.2
p1_N1_S1.173,1730.0,14.05,3.0,1,179.38
p1_W_E.320,1450.0,274.93,58.0,9,647.87
p1_S1_N1.170,1700.0,42.28,23.0,2,216.36
p1_S1_N1.171,1710.0,34.82,15.0,1,211.58
p1_N1_S1.174,1740.0,6.66,0.0,0,148.07
p1_W_S2.32,1453.0,270.42,48.0,9,623.85
p1_S1_E.54,1622.0,104.05,35.0,4,387.44
p1_N2_S2.172,1720.0,37.77,20.0,2,224.31
p1_S2_N2.174,1740.0,17.43,7.0,1,187.61
p1_N2_S2.173,1730.0,28.96,12.0,1,208.99
p1_E_W.231,1664.0,58.56,27.0,3,303.41
p1_E_N1.56,1681.0,59.59,24.0,3,295.24
p1_N2_S2.174,1740.0,21.86,9.0,1,197.94
p1_E_W.232,1671.0,64.26,25.0,3,314.08
p1_S2_N2.175,1750.0,5.65,0.0,0,151.93
p1_E_W.233,1678.0,66.31,23.0,3,325.31
p1_E_W.234,1685.0,61.06,19.0,3,311.61
p1_E_W.235,1692.0,55.8,16.0,2,299.77
p1_W_E.321,1456.0,292.77,68.0,11,668.01
p1_N2_W.56,1683.0,65.96,26.0,3,330.71
p1_W_E.322,1459.0,292.0,66.0,11,658.9
p1_E_W.236,1700.0,51.34,15.0,2,323.52
p1_W_E.323,1462.0,290.7,57.0,10,654.89
p1_E_W.237,1707.0,44.58,10.0,2,301.47
p1_W_E.324,1465.0,289.95,58.0,11,645.79
p1_N1_S1.175,1750.0,28.41,18.0,1,200.9
p1_E_N1.57,1710.0,37.43,8.0,1,268.92
p1_S1_N1.172,1720.0,60.65,39.0,2,248.69
p1_W_E.325,1475.0,279.03,53.0,10,629.88
p1_N1_S1.176,1760.0,19.06,9.0,1,185.27
p1_S1_N1.173,1730.0,52.33,33.0,2,248.69
p1_W_E.326,1478.0,278.89,53.0,12,630.24
p1_W_E.327,1484.0,274.94,46.0,10,611.66
p1_S1_N1.174,1740.0,44.02,21.0,2,231.13
p1_N1_S1.177,1770.0,9.66,0.0,0,172.94
p1_W_E.328,1490.0,274.61,45.0,10,626.04
p1_W_E.329,1500.0,266.3,39.0,10,630.23
p1_W_E.330,1503.0,262.24,35.0,9,592.74
p1_E_W.238,1714.0,55.62,17.0,2,305.18
p1_N2_W.57,1712.0,59.67,26.0,3,322.07
p1_N2_S2.175,1750.0,43.81,25.0,2,238.33
p1_E_W.239,1721.0,52.99,25.0,3,310.47
p1_N2_S2.176,1760.0,35.6,23.0,1,212.96
p1_S2_N2.176,1760.0,31.78,21.0,1,211.28
p1_E_W.240,1728.0,48.03,16.0,3,296.13
p1_N2_S2.177,1770.0,27.47,15.0,1,205.88
p1_S2_N2.177,1770.0,25.33,13.0,1,206.73
p1_S2_N2.178,1780.0,19.34,6.0,1,197.19
p1_S2_N2.179,1790.0,11.07,0.0,0,193.8
p1_W_S2.33,1506.0,277.84,46.0,11,628.71
p1_S1_N1.175,1750.0,49.33,31.0,2,238.55
p1_N1_S1.178,1780.0,20.27,8.0,1,184.18
p1_S1_E.55,1653.0,129.49,53.0,7,422.04
p1_S1_N1.176,1760.0,46.13,24.0,2,239.76
p1_N1_S1.179,1790.0,12.98,0.0,0,175.43
p1_W_E.331,1510.0,276.47,55.0,10,617.06
p2_N1_S1.0,1800.0,12.65,0.0,0,179.53
p1_S1_N1.177,1770.0,40.07,15.0,2,238.21
p1_S1_E.56,1683.0,102.42,35.0,5,390.24
p1_W_E.332,1516.0,276.41,68.0,10,641.13
p1_N2_S2.178,1780.0,39.77,22.0,2,222.27
p2_S2_N2.0,1800.0,20.02,8.0,1,189.31
p1_E_W.241,1736.0,59.93,25.0,3,324.88
p1_N2_S2.179,1790.0,30.85,13.0,1,208.74
p1_E_W.242,1743.0,60.82,21.0,2,326.83
p2_N2_S2.0,1800.0,25.17,12.0,1,200.32
p1_E_N1.58,1740.0,58.42,23.0,2,319.53
p1_S1_N1.178,1780.0,50.26,26.0,3,247.73
p2_N1_S1.1,1810.0,20.6,10.0,1,193.16
p2_N1_S1.2,1820.0,12.48,0.0,0,184.74
p1_W_E.333,1526.0,287.05,76.0,12,645.03
p1_S1_N1.179,1790.0,39.95,22.0,2,223.3
p2_N2_S2.1,1810.0,7.57,0.0,0,153.15
p2_N1_S1.3,1830.0,5.67,0.0,0,154.92
p1_W_E.334,1530.0,285.11,65.0,9,656.03
p2_S1_N1.0,1800.0,36.49,16.0,2,218.69
p2_N2_S2.2,1820.0,16.68,0.0,0,175.52
p1_W_E.335,1533.0,284.38,61.0,10,644.08
p2_S1_N1.1,1810.0,23.16,12.0,1,196.85
p1_W_E.336,1536.0,282.37,58.0,10,626.01
p2_S1_N1.2,1820.0,21.33,6.0,1,193.13
p1_N2_W.58,1743.0,78.66,39.0,4,342.14
p1_W_E.337,1543.0,275.29,56.0,10,603.68
p1_W_E.338,1553.0,271.12,52.0,7,624.71
p1_E_W.243,1750.0,70.46,37.0,4,335.4
p1_S1_E.57,1713.0,112.91,33.0,5,403.22
p1_E_W.244,1757.0,69.32,32.0,4,335.0
p1_E_W.245,1764.0,63.96,26.0,3,331.32
p1_E_N1.59,1770.0,59.95,25.0,3,300.58
p1_E_W.246,1773.0,58.51,25.0,3,296.34
p1_W_E.339,1556.0,261.3,60.0,8,606.68
p1_E_W.247,1779.0,54.37,21.0,3,285.58
p2_N2_S2.3,1830.0,25.57,15.0,1,194.93
p1_W_E.340,1559.0,275.83,59.0,9,614.96
p1_N2_W.59,1773.0,62.32,29.0,3,322.4
p2_S2_N2.1,1810.0,44.8,25.0,2,232.48
p2_S2_N2.2,1820.0,38.46,23.0,2,224.38
p2_S2_N2.3,1830.0,30.64,18.0,1,221.48
p2_N2_S2.4,1840.0,13.54,2.0,1,175.33
p1_E_W.248,1786.0,44.91,12.0,2,285.23
p2_N2_S2.5,1850.0,13.02,0.0,0,177.25
p1_E_W.249,1793.0,49.55,10.0,2,291.34
p2_E_W.0,1800.0,43.68,7.0,1,282.38
p1_W_S2.34,1564.0,282.07,70.0,10,633.36
p1_W_E.341,1569.0,279.05,60.0,9,641.03
p1_W_E.342,1579.0,271.6,55.0,10,623.06
p1_W_E.343,1583.0,269.39,54.0,9,620.6
p1_W_E.344,1588.0,266.09,56.0,8,608.08
p2_N2_S2.6,1860.0,21.74,10.0,1,197.02
p2_N2_S2.7,1870.0,13.88,2.0,1,172.57
p2_S2_N2.4,1840.0,38.38,19.0,2,224.59
p2_S2_N2.5,1850.0,36.73,15.0,2,222.63
p2_N2_S2.8,1880.0,5.52,0.0,0,156.61
p2_S2_N2.6,1860.0,28.56,10.0,1,214.24
p1_W_E.345,1594.0,277.17,62.0,9,616.27
p1_W_E.346,1605.0,271.73,59.0,9,628.51
p1_W_E.347,1609.0,269.53,55.0,8,627.2
p2_E_S1.0,1803.0,74.99,35.0,2,348.09
p2_N1_S1.4,1840.0,63.02,43.0,3,255.88
p1_S1_E.58,1743.0,129.72,44.0,7,429.7
p2_N1_S1.5,1850.0,54.83,34.0,3,248.74
p2_N1_S1.6,1860.0,46.64,26.0,3,227.46
p1_W_E.348,1612.0,261.65,62.0,8,614.42
p1_W_E.349,1619.0,268.04,58.0,7,605.85
p2_S1_N1.3,1830.0,68.11,53.0,2,257.89
p1_W_E.350,1631.0,254.5,55.0,8,613.56
p2_S1_N1.4,1840.0,63.02,48.0,2,255.97
p2_S1_N1.5,1850.0,62.04,43.0,2,257.68
p2_N2_S2.9,1890.0,22.54,11.0,1,197.05
p2_S2_N2.7,1870.0,41.55,25.0,2,229.65
p2_S1_N1.6,1860.0,53.84,34.0,3,257.23
p2_N2_S2.10,1900.0,14.29,2.0,1,182.48
p2_S2_W.0,1803.0,90.52,58.0,5,374.91
p2_E_W.1,1806.0,89.88,53.0,4,368.09
p2_S2_N2.8,1880.0,31.3,17.0,1,200.92
p2_S2_N2.9,1890.0,29.1,14.0,1,210.48
p2_N2_S2.11,1910.0,5.7,0.0,0,149.45
p1_W_S2.35,1634.0,270.71,66.0,9,628.71
p1_W_E.351,1637.0,268.95,59.0,11,613.97
p2_N1_S1.7,1870.0,58.64,28.0,4,246.65
p1_S1_E.59,1773.0,134.35,37.0,7,426.88
p2_E_W.2,1809.0,75.78,44.0,3,341.02
p2_S1_N1.7,1870.0,57.08,34.0,2,251.55
p2_N1_S1.8,1880.0,49.32,23.0,3,236.79
p2_E_W.3,1812.0,98.24,43.0,3,363.34
p2_S1_N1.8,1880.0,51.71,31.0,2,244.73
p2_N1_E.0,1803.0,103.66,21.0,5,378.73
p2_N1_S1.9,1890.0,43.27,20.0,2,229.13
p2_S1_N1.9,1890.0,44.11,20.0,2,236.79
p2_S1_N1.10,1900.0,33.79,12.0,2,213.53
p1_W_E.352,1642.0,261.17,63.0,10,598.76
p1_W_E.353,1649.0,270.56,63.0,10,597.43
p2_E_W.4,1815.0,103.26,53.0,4,382.14
p1_W_E.354,1658.0,261.05,58.0,9,602.46
p2_N2_S2.12,1920.0,21.72,11.0,1,188.03
p2_E_W.5,1818.0,97.06,50.0,4,387.9
p2_S2_N2.10,1900.0,39.88,20.0,2,222.89
p2_N2_S2.13,1930.0,16.37,3.0,1,185.8
p2_E_W.6,1821.0,103.78,49.0,4,380.36
p2_S2_N2.11,1910.0,31.53,15.0,1,203.67
p2_E_W.7,1824.0,98.61,46.0,4,386.03
p2_S2_N2.12,1920.0,30.77,13.0,1,202.95
p2_E_W.8,1827.0,98.73,44.0,4,393.66
p2_S1_N1.11,1910.0,44.14,23.0,2,240.34
p2_N1_S1.10,1900.0,53.29,24.0,3,244.05
p2_N1_S1.11,1910.0,47.72,18.0,2,235.67
p2_S1_N1.12,1920.0,36.89,19.0,2,223.79
p2_N2_S2.14,1940.0,6.45,0.0,0,151.7
p1_W_E.355,1661.0,272.45,77.0,11,634.72
p2_N1_S1.12,1920.0,39.43,15.0,2,230.5
p2_S1_N1.13,1930.0,29.04,13.0,1,206.73
p2_S1_N1.14,1940.0,20.74,7.0,1,191.82
p1_W_E.356,1666.0,273.83,76.0,11,642.65
p1_W_E.357,1672.0,263.97,71.0,12,618.05
p2_E_W.9,1830.0,115.81,55.0,5,424.28
p1_W_E.358,1683.0,250.47,66.0,10,605.15
p2_S2_W.1,1833.0,113.89,64.0,5,401.6
p2_S2_N2.13,1930.0,38.38,16.0,2,218.66
p2_N2_S2.15,1950.0,20.07,9.0,1,191.22
p2_S2_N2.14,1940.0,31.12,9.0,1,210.13
p2_E_W.10,1833.0,114.64,62.0,6,414.36
p2_N2_S2.16,1960.0,11.9,0.0,0,176.12
p2_N2_S2.17,1970.0,6.29,0.0,0,155.79
p2_S2_N2.15,1950.0,20.11,8.0,1,187.51
p2_E_S1.1,1836.0,118.2,57.0,7,428.56
p2_N1_S1.13,1930.0,50.29,21.0,2,243.13
p1_W_E.359,1687.0,274.07,78.0,12,615.85
p2_N1_S1.14,1940.0,42.18,19.0,2,229.1
p2_N1_S1.15,1950.0,34.11,13.0,2,212.94
p1_W_E.360,1690.0,272.61,73.0,12,621.31
p1_W_E.361,1701.0,266.66,62.0,11,630.35
p2_S1_N1.15,1950.0,23.8,12.0,1,197.21
p2_S1_N1.16,1960.0,26.11,10.0,1,202.9
p1_W_S2.36,1694.0,263.08,66.0,12,636.25
p2_S1_N1.17,1970.0,21.77,2.0,1,195.26
p1_W_E.362,1710.0,256.47,55.0,10,609.89
p2_E_W.11,1839.0,131.12,62.0,7,443.95
p2_S1_N1.18,1980.0,14.26,0.0,0,167.89
p1_W_E.363,1713.0,251.32,48.0,9,598.58
p1_W_E.364,1716.0,249.24,49.0,11,590.05
p1_W_E.365,1719.0,255.25,45.0,12,608.85
p2_N1_E.1,1833.0,148.21,55.0,5,455.95
p1_W_E.366,1722.0,261.55,53.0,11,605.0
p2_E_W.12,1842.0,116.37,59.0,6,405.62
p2_N1_S1.16,1960.0,46.24,20.0,2,233.01
p2_N2_S2.18,1980.0,24.78,14.0,1,199.42
p2_S1_N1.19,1990.0,16.2,5.0,1,185.22
p2_E_W.13,1845.0,140.43,58.0,7,433.29
p2_S2_N2.16,1960.0,43.09,24.0,2,230.97
p2_N2_S2.19,1990.0,17.91,6.0,1,192.08
p2_S2_W.2,1863.0,119.01,46.0,7,405.78
p2_N1_S1.17,1970.0,38.83,17.0,2,225.14
p2_S2_N2.17,1970.0,40.18,21.0,1,234.43
p2_N1_S1.18,1980.0,28.46,11.0,1,202.17
p2_N2_S2.20,2000.0,7.15,0.0,0,152.31
p2_S1_N1.20,2000.0,5.61,0.0,0,154.36
p2_S2_N2.18,1980.0,23.23,12.0,1,190.64
p1_W_E.367,1725.0,266.09,61.0,12,627.08
p2_E_W.14,1849.0,143.69,67.0,9,469.95
p1_W_E.368,1731.0,266.52,53.0,12,639.31
p2_E_W.15,1852.0,150.99,63.0,9,478.19
p1_W_E.369,1740.0,263.93,50.0,9,649.78
p2_E_W.16,1855.0,149.7,58.0,8,463.45
p2_N1_E.2,1863.0,142.1,40.0,9,475.01
p2_E_W.17,1858.0,148.38,55.0,9,465.24
p2_N2_S2.21,2010.0,21.29,10.0,1,187.05
p2_N1_S1.19,1990.0,42.59,21.0,2,230.76
p2_S1_N1.21,2010.0,22.62,12.0,1,188.81
p2_S1_N1.22,2020.0,14.39,3.0,1,184.08
p2_N1_S1.20,2000.0,34.26,14.0,2,220.16
p2_S2_N2.19,1990.0,37.21,18.0,2,222.3
p2_S2_N2.20,2000.0,35.34,13.0,2,215.95
p2_N1_S1.21,2010.0,24.13,12.0,1,188.94
p2_S2_N2.21,2010.0,28.67,10.0,1,206.21
p2_N2_S2.22,2020.0,8.56,0.0,0,161.97
p2_N2_S2.23,2030.0,11.03,0.0,0,172.42
p2_E_W.18,1861.0,162.66,67.0,10,485.74
p1_W_S2.37,1746.0,278.42,66.0,14,645.47
p2_E_W.19,1864.0,160.99,64.0,9,485.5
p2_E_W.20,1867.0,160.38,57.0,11,473.22
p1_W_E.370,1743.0,262.93,68.0,13,653.65
p2_S2_W.3,1893.0,131.27,50.0,8,428.54
p1_W_E.371,1749.0,285.59,61.0,15,655.7
p2_S2_N2.22,2020.0,37.08,19.0,2,223.21
p2_N2_S2.24,2040.0,17.43,7.0,1,190.98
p1_W_E.372,1752.0,261.98,55.0,11,621.9
p2_S2_N2.23,2030.0,29.56,12.0,1,210.09
p1_W_E.373,1755.0,284.45,56.0,13,657.26
p2_S2_N2.24,2040.0,21.59,9.0,1,196.36
p2_E_S1.2,1870.0,169.8,63.0,11,507.33
p2_N2_S2.25,2050.0,6.89,0.0,0,147.93
p2_N1_S1.22,2020.0,44.56,25.0,2,237.59
p2_N1_S1.23,2030.0,36.49,17.0,1,216.81
p2_N1_S1.24,2040.0,28.29,16.0,1,205.84
p2_S1_N1.23,2030.0,29.35,17.0,1,199.93
p2_N1_E.3,1893.0,155.41,48.0,8,459.25
p2_S1_N1.24,2040.0,26.39,12.0,1,208.18
p1_W_E.374,1758.0,290.93,72.0,14,665.6
p2_S1_N1.25,2050.0,23.18,4.0,1,205.22
p1_W_E.375,1761.0,292.23,65.0,11,669.64
p2_S1_N1.26,2060.0,12.19,0.0,0,188.64
p2_E_W.21,1873.0,181.58,68.0,12,519.73
p1_W_E.376,1764.0,288.19,61.0,13,656.18
p2_E_W.22,1876.0,180.51,63.0,12,517.18
p1_W_E.377,1767.0,291.6,55.0,13,649.84
p2_E_W.23,1879.0,179.97,58.0,11,499.92
p1_W_E.378,1770.0,290.41,53.0,14,655.63
p2_E_W.24,1882.0,178.93,52.0,12,515.46
p2_N1_E.4,1923.0,138.39,29.0,6,447.87
p2_N1_S1.25,2050.0,38.74,20.0,2,221.71
p2_N1_S1.26,2060.0,31.76,11.0,1,212.07
p2_S1_N1.27,2070.0,20.23,6.0,1,192.44
p2_N1_S1.27,2070.0,23.65,10.0,1,192.89
p2_S1_N1.28,2080.0,13.41,0.0,0,177.91
p2_S2_N2.25,2050.0,44.9,21.0,2,234.06
p2_N2_S2.26,2060.0,35.85,16.0,1,210.4
p2_S2_N2.26,2060.0,34.51,16.0,1,202.11
p1_W_E.379,1791.0,284.71,66.0,13,644.83
p2_E_W.25,1885.0,192.86,52.0,9,538.89
p1_W_E.380,1812.0,272.07,56.0,10,636.53
p1_W_S2.38,1815.0,269.27,52.0,9,620.75
p1_W_E.381,1818.0,268.29,47.0,10,604.9
p2_S2_W.4,1923.0,154.32,47.0,8,467.35
p2_N1_E.5,1953.0,134.65,30.0,5,439.46
p1_W_E.382,1821.0,269.03,53.0,10,599.11
p2_E_W.26,1888.0,190.75,61.0,10,518.16
p2_E_W.27,1891.0,200.55,57.0,9,541.3
p2_E_W.28,1894.0,199.21,53.0,8,537.96
p2_E_W.29,1897.0,197.94,52.0,9,542.16
p1_W_E.383,1824.0,257.88,53.0,11,594.19
p2_S2_N2.27,2070.0,49.89,29.0,2,236.73
p2_S2_W.5,1953.0,127.3,34.0,6,407.79
p2_N1_S1.28,2080.0,37.91,21.0,2,220.45
p2_N1_S1.29,2090.0,34.71,17.0,1,214.69
p2_N2_S2.27,2070.0,51.68,27.0,3,237.72
p2_S1_N1.29,2090.0,26.76,15.0,1,202.11
p2_N2_S2.28,2080.0,46.61,18.0,2,245.93
p2_N1_S1.30,2100.0,24.85,12.0,1,211.93
p2_S1_N1.30,2100.0,26.72,12.0,1,209.86
p2_N2_S2.29,2090.0,38.2,17.0,1,242.08
p2_S1_N1.31,2110.0,18.41,3.0,1,202.25
p2_E_W.30,1900.0,202.11,71.0,10,549.62
p1_W_E.384,1827.0,269.97,61.0,12,621.53
p1_W_E.385,1835.0,287.41,57.0,11,621.89
p2_E_S1.3,1903.0,218.72,69.0,13,561.69
p2_N1_E.6,1983.0,135.81,36.0,6,436.6
p1_W_E.386,1844.0,269.81,64.0,12,646.86
p2_S2_N2.28,2080.0,71.71,37.0,4,278.81
p2_N1_S1.31,2110.0,32.11,13.0,1,206.73
p2_S2_N2.29,2090.0,63.2,28.0,3,254.74
p2_N2_S2.30,2100.0,53.15,26.0,3,248.59
p2_N1_S1.32,2120.0,33.1,13.0,1,211.61
p2_S1_N1.32,2120.0,19.42,8.0,1,194.24
p2_N1_S1.33,2130.0,24.88,8.0,1,215.65
p2_S1_N1.33,2130.0,27.34,6.0,1,198.59
p2_E_W.31,1906.0,231.75,74.0,13,575.22
p2_S1_N1.34,2140.0,19.02,0.0,0,194.68
p1_W_E.387,1847.0,287.2,75.0,12,642.22
p2_E_W.32,1909.0,230.7,74.0,13,572.16
p2_E_W.33,1912.0,229.59,68.0,12,572.39
p2_E_W.34,1915.0,228.48,65.0,14,572.02
p1_W_E.388,1850.0,281.11,71.0,16,644.65
p1_W_E.389,1853.0,293.08,67.0,15,669.88
p2_N1_E.7,2013.0,134.42,40.0,8,478.9
p2_E_W.35,1918.0,222.13,54.0,11,557.75
p2_E_W.36,1921.0,228.89,51.0,9,564.28
p2_S2_N2.30,2100.0,71.7,38.0,4,273.23
p2_N2_S2.31,2110.0,61.04,31.0,4,254.5
p2_E_W.37,1924.0,227.66,49.0,9,580.61
p2_N2_S2.32,2120.0,51.37,21.0,2,241.92
p2_N1_S1.34,2140.0,37.25,20.0,2,224.86
p2_N2_S2.33,2130.0,42.68,17.0,2,225.56
p2_N2_S2.34,2140.0,34.44,11.0,1,209.85
p2_N1_S1.35,2150.0,27.1,15.0,1,196.91
p2_S1_N1.35,2150.0,30.96,15.0,1,204.61
p2_N2_S2.35,2150.0,31.98,11.0,1,211.62
p2_N1_S1.36,2160.0,23.38,8.0,1,198.14
p2_S1_N1.36,2160.0,23.1,8.0,1,189.58
p1_W_E.390,1856.0,308.9,91.0,15,680.34
p2_S1_N1.37,2170.0,13.46,0.0,0,175.94
p1_W_S2.39,1859.0,303.87,78.0,15,662.6
p1_W_E.391,1862.0,307.43,68.0,13,675.45
p2_S2_W.6,1983.0,181.93,54.0,9,500.79
p2_E_W.38,1927.0,237.1,72.0,12,592.41
p2_E_W.39,1930.0,249.09,62.0,11,613.61
p2_S2_N2.31,2110.0,83.65,42.0,6,289.37
p2_E_W.40,1933.0,247.77,61.0,12,618.16
p2_S2_N2.32,2120.0,77.14,35.0,5,270.42
p2_S2_N2.33,2130.0,75.01,34.0,6,280.22
p2_N2_S2.36,2160.0,46.02,24.0,3,239.03
p1_W_E.392,1865.0,324.65,75.0,13,704.83
p1_W_E.393,1868.0,324.04,68.0,12,679.22
p2_E_S1.4,1936.0,245.51,60.0,11,601.14
p1_W_E.394,1871.0,322.86,61.0,12,668.27
p2_S1_N1.38,2180.0,30.79,19.0,2,201.66
p2_N1_S1.37,2170.0,46.28,20.0,3,238.87
p2_S1_N1.39,2190.0,26.69,9.0,2,205.18
p1_W_E.395,1879.0,316.64,62.0,12,667.7
p2_N1_S1.38,2180.0,37.54,17.0,2,217.93
p2_S2_W.7,2013.0,185.98,53.0,11,492.73
p2_E_W.41,1939.0,263.38,78.0,16,637.79
p2_N1_E.8,2043.0,139.98,38.0,5,433.73
p1_W_E.396,1882.0,326.65,65.0,12,710.41
p2_E_W.42,1942.0,254.44,71.0,14,613.37
p1_W_E.397,1886.0,317.51,64.0,14,682.91
p2_E_W.43,1945.0,265.98,65.0,14,622.85
p1_W_E.398,1889.0,323.11,58.0,11,689.39
p2_N1_S1.39,2190.0,44.61,25.0,3,236.55
p1_W_E.399,1896.0,317.83,55.0,11,679.52
p2_N1_E.9,2073.0,137.11,32.0,5,445.63
p2_S1_N1.40,2200.0,35.94,13.0,1,219.04
p2_S1_N1.41,2210.0,28.45,12.0,1,200.64
p2_S1_N1.42,2220.0,19.74,6.0,1,192.28
p2_S1_N1.43,2230.0,11.28,0.0,0,171.67
p2_N2_S2.37,2170.0,70.63,35.0,5,269.14
p2_S2_N2.34,2140.0,97.29,44.0,6,301.91
p1_W_S2.40,1912.0,314.56,71.0,10,678.12
p2_S2_W.8,2043.0,183.16,44.0,10,500.95
p2_E_W.44,1948.0,280.96,87.0,14,651.23
p1_W_E.400,1908.0,307.58,80.0,12,681.57
p1_W_E.401,1919.0,304.73,68.0,11,671.43
p1_W_E.402,1930.0,301.66,60.0,10,653.54
p2_E_W.45,1951.0,273.42,74.0,13,637.74
p1_W_E.403,1933.0,292.67,56.0,10,647.45
p2_E_W.46,1954.0,282.37,68.0,12,649.09
p2_N1_S1.40,2200.0,60.47,33.0,4,256.75
p2_N1_E.10,2103.0,123.3,28.0,6,404.5
p2_S1_N1.44,2240.0,21.75,10.0,1,191.47
p2_N1_S1.41,2210.0,52.42,28.0,3,241.24
p1_W_E.404,1936.0,295.09,66.0,12,651.18
p1_W_E.405,1939.0,304.03,60.0,11,661.39
p2_S1_N1.45,2250.0,13.85,2.0,1,188.4
p2_N1_S1.42,2220.0,42.59,21.0,3,216.67
p1_W_E.406,1942.0,292.97,58.0,12,654.25
p2_S1_N1.46,2260.0,6.38,0.0,0,151.38
p1_W_E.407,1945.0,296.09,55.0,11,657.86
p2_N1_E.11,2133.0,114.57,23.0,8,415.58
p1_W_E.408,1948.0,302.15,63.0,12,686.31
p1_W_E.409,1951.0,300.61,59.0,10,687.12
p2_E_W.47,1958.0,293.86,80.0,16,663.05
p1_W_E.410,1954.0,299.57,54.0,10,671.19
p2_E_W.48,1961.0,293.04,76.0,14,664.12
p1_W_S2.41,1957.0,294.13,48.0,10,629.46
p2_E_W.49,1964.0,291.77,77.0,15,664.78
p1_W_E.411,1960.0,289.45,45.0,9,627.58
p2_E_W.50,1967.0,289.81,74.0,13,658.68
p1_W_E.412,1965.0,294.59,42.0,10,625.64
p1_W_E.413,1978.0,283.36,35.0,8,632.24
p2_N1_E.12,2163.0,99.5,18.0,5,401.17
p1_W_E.414,1981.0,280.23,44.0,8,628.22
p2_S1_N1.47,2270.0,16.61,6.0,1,185.53
p2_N1_S1.43,2230.0,57.29,23.0,4,246.22
p1_W_E.415,1985.0,281.65,39.0,8,644.8
p2_N1_S1.44,2240.0,49.36,19.0,2,236.73
p1_W_E.416,1992.0,276.37,36.0,8,623.89
p2_S1_N1.48,2280.0,6.73,0.0,0,150.32
p2_N1_S1.45,2250.0,41.26,19.0,2,225.15
p1_W_E.417,2002.0,264.83,36.0,8,591.84
p1_W_E.418,2005.0,266.89,45.0,8,607.53
p1_W_E.419,2009.0,264.63,44.0,8,607.62
p2_S1_N1.49,2290.0,6.32,0.0,0,151.84
p1_W_E.420,2013.0,262.53,41.0,7,594.14
p1_W_S2.42,2019.0,257.01,40.0,9,567.41
p2_N1_E.13,2193.0,84.16,29.0,4,353.96
p1_W_E.421,2029.0,250.21,49.0,8,568.76
p1_W_E.422,2033.0,249.13,47.0,9,570.28
p2_N2_S2.38,2180.0,128.4,95.0,4,350.71
p2_N2_S2.39,2190.0,122.67,87.0,4,350.8
p2_S2_N2.35,2150.0,157.04,99.0,5,392.17
p2_S2_N2.36,2160.0,152.72,96.0,5,390.41
p2_E_S1.5,1970.0,317.13,96.0,16,709.27
p2_N2_S2.40,2200.0,110.48,83.0,2,319.77
p2_N2_S2.41,2210.0,108.45,77.0,2,332.5
p2_N1_S1.46,2260.0,59.23,28.0,4,260.31
p2_S1_N1.50,2300.0,12.96,2.0,1,175.54
p2_N2_S2.42,2220.0,93.21,68.0,3,292.14
p2_N2_S2.43,2230.0,94.59,62.0,3,305.96
p2_S1_N1.51,2310.0,14.45,0.0,0,182.66
p2_N2_S2.44,2240.0,80.91,59.0,1,285.58
p2_N1_S1.47,2270.0,41.58,19.0,2,225.43
p2_E_W.51,1973.0,335.91,96.0,14,720.58
p2_N1_S1.48,2280.0,50.13,18.0,2,231.44
p2_S2_W.9,2073.0,237.87,92.0,12,581.35
p2_E_W.52,1976.0,337.0,110.0,16,725.42
p2_N1_E.14,2223.0,67.77,29.0,5,338.85
p2_E_W.53,1979.0,335.98,99.0,15,704.92
p1_W_E.423,2036.0,279.71,72.0,9,625.05
p1_W_E.424,2040.0,277.5,66.0,9,618.2
p1_W_E.425,2047.0,272.38,64.0,8,617.05
p1_W_E.426,2056.0,254.75,59.0,7,601.57
p2_N1_S1.49,2290.0,53.77,26.0,2,249.64
p1_W_E.427,2060.0,262.21,56.0,10,595.65
p2_S1_N1.52,2320.0,22.78,12.0,1,195.02
p2_S2_N2.37,2170.0,175.74,115.0,8,425.08
p2_N2_S2.45,2250.0,95.73,75.0,2,314.07
p2_S1_N1.53,2330.0,15.7,4.0,1,185.23
p2_N1_E.15,2253.0,69.9,27.0,4,348.95
p2_N1_S1.50,2300.0,44.35,24.0,2,225.32
p2_S1_N1.54,2340.0,7.6,0.0,0,162.07
p1_W_E.428,2063.0,263.6,65.0,11,613.14
p2_N2_S2.46,2260.0,86.56,65.0,2,303.97
p2_N1_S1.51,2310.0,37.71,18.0,2,225.54
p2_S2_N2.38,2180.0,166.12,106.0,6,403.49
p2_N2_S2.47,2270.0,79.98,57.0,2,289.68
p2_S2_N2.39,2190.0,161.05,104.0,5,412.0
p2_E_W.54,1982.0,353.26,106.0,16,731.48
p2_N2_S2.48,2280.0,66.81,45.0,2,261.85
p2_E_W.55,1985.0,352.17,100.0,15,731.46
p2_N2_S2.49,2290.0,64.87,41.0,2,269.05
p2_E_W.56,1988.0,351.08,105.0,15,759.53
p2_E_W.57,1991.0,349.83,95.0,14,730.66
p1_W_E.429,2069.0,259.51,70.0,11,602.66
p1_W_S2.43,2085.0,256.91,63.0,10,597.39
p1_W_E.430,2081.0,264.63,70.0,9,613.85
p2_N1_S1.52,2320.0,49.62,23.0,2,234.18
p2_S1_N1.55,2350.0,19.42,8.0,1,191.25
p2_N1_S1.53,2330.0,41.49,21.0,2,225.59
p2_S2_N2.40,2200.0,169.38,107.0,7,415.01
p2_N1_S1.54,2340.0,33.35,13.0,2,225.9
p2_S1_N1.56,2360.0,9.31,0.0,0,166.26
p2_S2_N2.41,2210.0,165.31,103.0,5,409.36
p2_S1_N1.57,2370.0,5.7,0.0,0,154.57
p2_N2_S2.50,2300.0,77.36,43.0,3,291.5
p2_N2_S2.51,2310.0,69.11,34.0,3,267.38
p2_S2_N2.42,2220.0,148.99,102.0,5,380.04
p2_E_W.58,1994.0,365.35,100.0,16,761.85
p2_E_W.59,1997.0,366.0,98.0,16,740.63
p2_E_W.60,2000.0,362.6,90.0,16,727.55
p2_S2_W.10,2103.0,263.99,91.0,14,605.03
p2_E_S1.6,2003.0,366.24,95.0,15,759.19
p2_N1_E.16,2283.0,70.61,34.0,3,338.7
p1_W_E.431,2088.0,283.59,83.0,12,640.27
p1_W_E.432,2094.0,279.39,76.0,11,626.97
p2_N1_S1.55,2350.0,45.34,22.0,2,235.24
p2_S1_N1.58,2380.0,15.17,4.0,1,176.18
p1_W_E.433,2108.0,267.14,70.0,11,604.1
p2_S1_N1.59,2390.0,7.15,0.0,0,165.25
p1_W_E.434,2111.0,265.78,67.0,12,599.57
p1_W_E.435,2116.0,262.61,61.0,12,589.02
p2_N1_S1.56,2360.0,33.88,14.0,2,215.11
p2_N1_S1.57,2370.0,32.36,10.0,1,208.96
p2_S2_N2.43,2230.0,177.13,109.0,6,435.34
p2_N2_S2.52,2320.0,88.96,41.0,4,309.03
p2_S2_N2.44,2240.0,168.19,99.0,6,416.44
p2_N2_S2.53,2330.0,76.16,39.0,4,273.71
p2_E_W.61,2006.0,367.71,107.0,17,772.76
p2_N1_E.17,2313.0,77.91,37.0,4,346.51
p2_S2_W.11,2133.0,263.54,89.0,13,621.2
p2_E_W.62,2009.0,389.77,113.0,17,819.04
p2_E_W.63,2012.0,388.48,102.0,16,819.95
p2_S1_N1.60,2400.0,19.25,7.0,1,181.41
p2_S1_N1.61,2410.0,16.0,2.0,1,192.81
p1_W_E.436,2122.0,258.22,75.0,10,603.2
p2_S1_N1.62,2420.0,7.73,0.0,0,169.38
p1_W_E.437,2133.0,274.41,69.0,10,610.14
p1_W_E.438,2136.0,250.03,62.0,10,582.69
p1_W_S2.44,2146.0,262.23,61.0,10,591.51
p1_W_E.439,2140.0,271.35,59.0,10,607.34
p2_N1_S1.58,2380.0,31.57,12.0,1,208.3
p1_W_E.440,2143.0,270.03,57.0,10,616.79
p2_E_W.64,2015.0,396.53,114.0,17,804.45
p2_N1_S1.59,2390.0,44.97,11.0,1,221.67
p2_E_W.65,2018.0,396.76,110.0,18,802.2
p2_N1_E.18,2343.0,71.34,20.0,2,371.5
p2_N1_S1.60,2400.0,27.92,9.0,1,199.99
p1_W_E.441,2149.0,265.2,63.0,12,615.17
p2_E_W.66,2021.0,395.66,99.0,17,796.17
p1_W_E.442,2154.0,264.48,54.0,9,612.87
p1_W_E.443,2164.0,240.45,53.0,9,559.63
p2_N1_E.19,2373.0,49.67,11.0,2,307.88
p1_W_E.444,2168.0,240.53,58.0,12,563.37
p2_E_W.67,2025.0,383.11,95.0,19,777.94
p1_W_E.445,2171.0,249.38,50.0,9,564.98
p1_W_E.446,2179.0,249.96,49.0,10,561.27
p2_E_W.68,2028.0,379.0,88.0,18,782.07
p1_W_E.447,2190.0,232.34,51.0,11,537.07
p2_S1_N1.63,2430.0,22.72,12.0,1,200.92
p2_E_W.69,2031.0,392.38,97.0,19,800.12
p2_N1_S1.61,2410.0,42.72,24.0,2,223.41
p1_W_E.448,2194.0,238.56,49.0,10,561.59
p2_E_W.70,2034.0,399.43,95.0,19,792.3
p2_N1_S1.62,2420.0,34.81,16.0,1,216.66
p2_N1_E.20,2403.0,29.65,8.0,1,260.84
p2_N1_S1.63,2430.0,26.66,14.0,1,194.8
p2_S1_N1.64,2440.0,7.07,0.0,0,153.27
p2_S1_N1.65,2450.0,14.93,0.0,0,167.85
p1_W_S2.45,2208.0,238.96,51.0,10,556.35
p1_W_E.449,2197.0,231.86,55.0,9,520.98
p1_W_E.450,2201.0,251.18,51.0,9,523.89
p2_S2_N2.45,2250.0,223.68,152.0,6,497.45
p2_N2_S2.54,2340.0,143.03,95.0,5,384.41
p1_W_E.451,2222.0,239.44,63.0,12,574.0
p2_S2_N2.46,2260.0,239.84,159.0,7,528.3
p2_E_S1.7,2037.0,442.32,131.0,21,866.77
p1_W_E.452,2225.0,227.06,54.0,11,538.18
p1_W_E.453,2228.0,238.91,48.0,12,545.65
p2_N2_S2.55,2350.0,145.29,95.0,5,389.27
p2_N2_S2.56,2360.0,141.39,93.0,6,374.83
p2_S1_N1.66,2460.0,41.78,30.0,1,220.43
p2_N2_S2.57,2370.0,138.18,81.0,5,376.5
p2_S1_N1.67,2470.0,38.56,24.0,1,224.27
p2_S2_N2.47,2270.0,223.86,145.0,7,497.79
p2_N2_S2.58,2380.0,121.87,78.0,4,341.27
p2_S1_N1.68,2480.0,30.26,14.0,1,218.95
p2_S2_N2.48,2280.0,231.77,142.0,7,512.32
p2_N1_S1.64,2440.0,56.99,40.0,2,246.85
p2_N2_S2.59,2390.0,118.16,75.0,4,338.45
p2_N1_S1.65,2450.0,59.99,37.0,1,254.51
p2_S1_N1.69,2490.0,21.93,7.0,1,219.7
p2_N1_S1.66,2460.0,54.42,35.0,1,242.5
p2_N2_S2.60,2400.0,104.14,64.0,3,317.81
p1_W_E.454,2235.0,261.32,64.0,14,573.59
p2_E_W.71,2040.0,452.13,135.0,20,876.44
p2_N2_S2.61,2410.0,108.03,63.0,3,328.57
p2_N1_E.21,2433.0,65.13,34.0,3,313.64
p2_E_W.72,2043.0,450.48,127.0,21,856.75
p1_W_E.455,2247.0,251.79,64.0,14,576.19
p2_E_W.73,2047.0,454.42,121.0,17,857.66
p2_E_W.74,2051.0,449.62,114.0,17,861.24
p1_W_E.456,2251.0,252.84,59.0,13,583.08
p2_N1_S1.67,2470.0,59.39,41.0,2,256.27
p2_S2_N2.49,2290.0,240.21,149.0,9,528.05
p2_S1_N1.70,2500.0,28.91,12.0,1,210.31
p2_N2_S2.62,2420.0,110.46,74.0,4,327.68
p2_S2_N2.50,2300.0,232.7,132.0,9,514.81
p2_N2_S2.63,2430.0,102.06,68.0,4,320.7
p2_N1_S1.68,2480.0,48.34,29.0,2,238.86
p2_S1_N1.71,2510.0,20.13,8.0,1,187.29
p2_S2_N2.51,2310.0,224.82,122.0,10,501.84
p2_N2_S2.64,2440.0,95.05,60.0,5,320.76
p2_S1_N1.72,2520.0,15.67,0.0,0,196.24
p2_N1_S1.69,2490.0,46.13,22.0,2,247.96
p2_N2_S2.65,2450.0,85.89,47.0,3,300.15
p2_S1_N1.73,2530.0,7.39,0.0,0,164.31
p1_W_E.457,2254.0,267.84,62.0,13,618.75
p2_E_W.75,2054.0,467.31,126.0,19,874.26
p1_W_E.458,2257.0,266.98,63.0,12,616.22
p2_E_W.76,2060.0,461.95,122.0,22,856.94
p2_E_W.77,2070.0,455.79,115.0,21,834.47
p1_W_E.459,2260.0,261.79,59.0,13,595.03
p2_E_W.78,2074.0,453.63,110.0,20,838.04
p1_W_E.460,2263.0,259.74,54.0,11,591.2
p2_N1_S1.70,2500.0,55.21,28.0,3,249.4
p2_S1_N1.74,2540.0,15.13,5.0,1,182.91
p2_N2_S2.66,2460.0,97.17,53.0,4,327.31
p2_N1_S1.71,2510.0,47.24,21.0,2,242.11
p2_S1_N1.75,2550.0,6.94,0.0,0,161.85
p2_N1_S1.72,2520.0,39.22,18.0,2,224.58
p2_N2_S2.67,2470.0,87.29,39.0,4,303.46
p2_N2_S2.68,2480.0,79.63,33.0,5,289.4
p2_N2_S2.69,2490.0,71.69,26.0,3,269.96
p1_W_S2.46,2269.0,276.34,60.0,10,614.03
p1_W_E.461,2279.0,271.01,56.0,12,591.15
p2_S2_W.12,2163.0,378.0,189.0,19,801.15
p1_W_E.462,2282.0,269.77,51.0,9,577.51
p2_E_W.79,2077.0,475.28,135.0,19,881.44
p1_W_E.463,2288.0,265.9,49.0,9,576.04
p2_E_S1.8,2083.0,473.5,115.0,19,893.14
p2_E_W.80,2080.0,459.69,122.0,20,880.43
p2_S1_N1.76,2560.0,20.91,10.0,1,191.49
p2_N1_S1.73,2530.0,51.86,24.0,3,254.06
p2_S1_N1.77,2570.0,12.3,1.0,1,180.5
p2_S1_N1.78,2580.0,5.97,0.0,0,143.49
p2_S2_N2.52,2320.0,258.46,139.0,11,543.48
p2_N2_S2.70,2500.0,90.46,40.0,5,307.63
p2_N1_S1.74,2540.0,38.03,19.0,2,217.38
p2_S2_N2.53,2330.0,247.18,126.0,12,520.94
p2_N1_S1.75,2550.0,42.07,14.0,2,226.3
p2_S2_W.13,2193.0,379.0,182.0,18,791.26
p2_S2_N2.54,2340.0,254.19,116.0,12,539.34
p2_E_W.81,2086.0,488.74,128.0,16,897.08
p1_W_E.464,2295.0,281.04,60.0,9,616.56
p1_W_E.465,2309.0,269.21,56.0,8,584.99
p1_W_E.466,2312.0,268.41,58.0,11,607.36
p1_W_E.467,2318.0,261.8,56.0,10,600.7
p2_S2_W.14,2223.0,343.27,162.0,14,746.21
p2_E_W.82,2089.0,495.1,143.0,17,918.33
p2_E_W.83,2092.0,492.71,137.0,19,918.8
p2_S1_N1.79,2590.0,17.33,7.0,1,188.67
p2_S2_N2.55,2350.0,258.46,119.0,11,542.9
p2_N2_S2.71,2510.0,97.94,51.0,6,330.07
p2_S2_N2.56,2360.0,250.75,115.0,11,527.74
p2_N1_S1.76,2560.0,44.3,22.0,2,226.83
p2_N2_S2.72,2520.0,89.44,39.0,4,314.88
p2_S2_N2.57,2370.0,242.51,108.0,9,516.51
p2_N1_S1.77,2570.0,42.19,20.0,2,226.99
p2_S1_N1.80,2600.0,5.94,0.0,0,155.96
p2_N1_S1.78,2580.0,27.73,10.0,1,196.39
p2_N2_S2.73,2530.0,75.79,34.0,4,279.57
p2_E_W.84,2096.0,502.74,142.0,16,939.95
p2_N2_S2.74,2540.0,81.11,29.0,3,294.26
p2_E_W.85,2106.0,495.01,139.0,17,910.98
p2_N2_S2.75,2550.0,68.39,30.0,3,282.56
p2_E_W.86,2109.0,489.56,146.0,18,907.49
p2_E_W.87,2113.0,493.7,140.0,16,910.19
p1_W_E.468,2323.0,264.93,62.0,12,608.2
p2_E_W.88,2121.0,487.42,131.0,15,915.84
p1_W_E.469,2338.0,266.48,54.0,11,608.68
p1_W_E.470,2346.0,265.04,50.0,8,603.98
p2_S2_N2.58,2380.0,254.2,110.0,13,536.2
p2_S1_N1.81,2610.0,21.32,11.0,1,190.66
p2_N1_E.22,2463.0,138.55,70.0,7,448.31
p2_S2_N2.59,2390.0,246.65,103.0,10,509.33
p2_N1_S1.79,2590.0,40.34,21.0,2,220.25
p2_S1_N1.82,2620.0,13.81,3.0,1,175.18
p2_N1_S1.80,2600.0,35.33,12.0,2,223.92
p2_S2_N2.60,2400.0,238.36,99.0,8,505.13
p2_S1_N1.83,2630.0,8.22,0.0,0,165.07
p2_N1_S1.81,2610.0,29.21,11.0,1,215.65
p2_N2_S2.76,2560.0,81.72,34.0,6,291.75
p2_E_W.89,2133.0,491.92,136.0,17,901.71
p2_E_W.90,2138.0,489.0,131.0,17,880.57
p1_W_S2.47,2361.0,260.85,68.0,11,605.09
p1_W_E.471,2364.0,261.36,60.0,10,599.93
p1_W_E.472,2367.0,257.42,57.0,11,604.25
p1_W_E.473,2371.0,260.19,53.0,10,596.52
p2_E_S1.9,2145.0,490.88,128.0,19,915.82
p2_N1_S1.82,2620.0,40.12,21.0,2,226.42
p2_S1_N1.84,2640.0,17.31,6.0,1,173.37
p2_S2_N2.61,2410.0,247.58,110.0,11,523.18
p2_N1_S1.83,2630.0,29.35,12.0,1,203.73
p2_S1_N1.85,2650.0,11.24,0.0,0,176.01
p2_S2_N2.62,2420.0,246.0,111.0,10,535.01
p2_N1_S1.84,2640.0,26.86,11.0,1,212.8
p2_N2_S2.77,2570.0,96.11,45.0,6,309.84
p2_S2_N2.63,2430.0,229.58,100.0,10,496.21
p2_E_W.91,2159.0,491.93,131.0,18,886.78
p2_N1_E.23,2493.0,158.07,70.0,9,477.44
p1_W_E.474,2377.0,277.09,68.0,10,625.89
p2_E_W.92,2163.0,490.33,122.0,19,895.63
p1_W_E.475,2393.0,262.82,63.0,11,607.01
p2_E_W.93,2166.0,489.27,117.0,18,873.45
p1_W_E.476,2396.0,261.78,60.0,10,604.1
p2_E_W.94,2170.0,482.47,110.0,18,869.12
p1_W_E.477,2400.0,258.38,58.0,10,603.62
p2_E_W.95,2178.0,477.34,106.0,16,854.41
p2_E_W.96,2188.0,474.87,106.0,16,850.42
p2_N1_E.24,2523.0,139.0,49.0,8,445.72
p1_W_E.478,2406.0,258.29,59.0,10,602.55
p2_S2_W.15,2253.0,409.5,209.0,19,839.19
p2_N1_S1.85,2650.0,40.86,20.0,2,226.07
p2_N1_S1.86,2660.0,32.62,16.0,1,206.12
p2_S2_N2.64,2440.0,256.09,104.0,10,545.78
p2_S1_N1.86,2660.0,32.85,19.0,1,207.8
p2_S2_N2.65,2450.0,248.06,99.0,10,525.32
p2_N2_S2.78,2580.0,118.03,59.0,7,345.62
p2_N1_S1.87,2670.0,20.89,10.0,1,182.44
p2_S1_N1.87,2670.0,27.04,10.0,1,199.35
p2_S2_N2.66,2460.0,240.05,94.0,9,514.03
p2_N2_S2.79,2590.0,110.0,50.0,6,331.94
p2_N2_S2.80,2600.0,102.2,48.0,7,311.3
p2_S1_N1.88,2680.0,14.09,0.0,0,180.78
p2_E_W.97,2192.0,491.0,130.0,18,896.69
p2_N2_S2.81,2610.0,93.75,44.0,9,299.29
p2_N2_S2.82,2620.0,85.22,40.0,6,280.88
p2_E_W.98,2198.0,485.71,123.0,17,887.67
p2_N2_S2.83,2630.0,77.85,38.0,6,278.61
p1_W_E.479,2417.0,275.63,79.0,12,641.68
p2_E_W.99,2205.0,470.08,118.0,17,897.0
p1_W_E.480,2421.0,270.46,77.0,11,626.3
p2_S2_W.16,2283.0,412.72,190.0,17,840.31
p1_W_S2.48,2425.0,271.84,72.0,9,602.6
p2_E_W.100,2221.0,459.49,120.0,17,863.7
p2_E_S1.10,2224.0,475.75,119.0,17,875.32
p2_N1_S1.88,2680.0,44.31,25.0,3,232.66
p2_N1_S1.89,2690.0,36.19,15.0,2,216.2
p2_S1_N1.89,2690.0,30.24,17.0,2,202.48
p2_N1_S1.90,2700.0,26.77,12.0,1,193.59
p2_S1_N1.90,2700.0,29.42,12.0,1,206.46
p2_N1_E.25,2553.0,132.21,57.0,6,417.42
p2_S1_N1.91,2710.0,21.54,4.0,1,206.06
p1_W_E.481,2429.0,281.44,84.0,11,628.22
p1_W_E.482,2435.0,272.79,77.0,10,630.21
p1_W_E.483,2444.0,270.03,72.0,10,630.5
p2_S2_W.17,2313.0,398.52,171.0,20,818.81
p1_W_E.484,2448.0,259.17,68.0,11,630.21
p2_S2_N2.67,2470.0,267.69,113.0,11,560.67
p2_N2_S2.84,2640.0,98.15,50.0,6,318.66
p2_E_W.101,2229.0,482.46,133.0,17,888.98
p2_S2_N2.68,2480.0,259.52,102.0,12,542.43
p2_N1_E.26,2583.0,134.37,40.0,5,452.06
p2_N2_S2.85,2650.0,89.85,48.0,3,291.07
p2_S2_N2.69,2490.0,251.47,90.0,10,534.04
p2_N2_S2.86,2660.0,81.97,43.0,3,290.64
p2_E_W.102,2236.0,473.51,129.0,18,878.07
p2_E_W.103,2247.0,474.88,127.0,16,873.5
p2_N2_S2.87,2670.0,71.44,38.0,4,273.72
p2_N2_S2.88,2680.0,67.73,38.0,3,273.8
p2_N2_S2.89,2690.0,59.43,30.0,3,275.77
p2_S1_N1.92,2720.0,26.48,12.0,1,202.08
p2_N2_S2.90,2700.0,51.15,19.0,3,258.91
p2_S1_N1.93,2730.0,17.85,7.0,1,183.38
p2_S1_N1.94,2740.0,13.36,0.0,0,172.29
p1_W_E.485,2451.0,283.41,90.0,10,659.04
p1_W_E.486,2454.0,282.6,82.0,10,651.7
p1_W_E.487,2459.0,279.3,77.0,10,639.26
p2_E_W.104,2250.0,489.06,134.0,16,876.97
p1_W_E.488,2471.0,269.12,72.0,10,618.73
p2_S2_W.18,2343.0,397.43,140.0,18,805.32
p1_W_E.489,2474.0,268.35,69.0,8,608.27
p2_N1_E.27,2613.0,130.64,46.0,5,432.55
p1_W_E.490,2478.0,266.76,81.0,11,631.7
p2_E_W.105,2253.0,480.38,136.0,17,884.02
p2_E_W.106,2257.0,493.47,134.0,16,884.25
p2_S2_W.19,2373.0,378.62,136.0,16,774.58
p2_S1_N1.95,2750.0,23.7,13.0,1,198.81
p2_S2_N2.70,2500.0,275.12,100.0,11,561.45
p2_S1_N1.96,2760.0,15.28,3.0,1,179.73
p2_S1_N1.97,2770.0,7.34,0.0,0,163.38
p2_S2_N2.71,2510.0,266.19,89.0,13,537.36
p2_S2_N2.72,2520.0,259.76,73.0,12,532.77
p2_N2_S2.91,2710.0,72.77,37.0,3,283.83
p2_N2_S2.92,2720.0,64.5,35.0,4,270.02
p2_N2_S2.93,2730.0,56.39,29.0,3,265.54
p2_N2_S2.94,2740.0,48.61,18.0,3,245.04
p2_N2_S2.95,2750.0,40.14,15.0,2,222.92
p2_E_W.107,2263.0,491.49,152.0,15,920.93
p2_E_W.108,2279.0,486.4,146.0,18,908.06
p1_W_S2.49,2485.0,289.39,97.0,12,680.38
p2_E_W.109,2288.0,486.42,134.0,15,897.57
p2_E_W.110,2299.0,477.8,135.0,18,895.18
p2_N1_S1.91,2710.0,89.03,64.0,5,303.64
p2_N1_S1.92,2720.0,79.12,51.0,4,275.08
p2_S1_N1.98,2780.0,17.45,6.0,1,184.46
p2_S1_N1.99,2790.0,14.76,0.0,0,182.1
p1_W_E.491,2495.0,270.21,93.0,11,653.41
p2_N1_S1.93,2730.0,75.27,46.0,4,278.67
p2_S1_N1.100,2800.0,6.51,0.0,0,153.74
p1_W_E.492,2498.0,285.01,89.0,10,638.94
p1_W_E.493,2501.0,284.13,87.0,10,644.88
p2_N1_E.28,2643.0,145.04,57.0,5,463.14
p1_W_E.494,2505.0,284.7,89.0,11,664.47
p1_W_E.495,2512.0,270.16,88.0,12,649.86
p2_S2_W.20,2403.0,385.04,138.0,15,809.3
p1_W_E.496,2522.0,272.38,83.0,11,643.64
p1_W_E.497,2526.0,270.08,78.0,11,637.45
p1_W_E.498,2529.0,268.82,78.0,10,631.08
p1_W_E.499,2532.0,266.35,75.0,10,642.49
p1_W_S2.50,2538.0,263.53,72.0,10,612.63
p2_E_S1.11,2303.0,497.2,153.0,20,899.67
p1_W_E.500,2535.0,244.7,68.0,11,603.28
p2_N1_E.29,2673.0,134.45,48.0,5,431.65
p2_N1_S1.94,2740.0,83.29,49.0,6,282.94
p2_S1_N1.101,2810.0,15.67,3.0,1,179.63
p2_N1_S1.95,2750.0,81.19,45.0,4,283.26
p2_S1_N1.102,2820.0,7.29,0.0,0,166.91
p2_N1_S1.96,2760.0,72.11,35.0,3,283.75
p2_N2_S2.96,2760.0,77.1,45.0,3,287.49
p2_E_W.111,2306.0,510.25,160.0,19,943.71
p2_S2_N2.73,2530.0,303.01,102.0,14,607.29
p2_E_W.112,2309.0,507.22,156.0,19,925.78
p2_S2_N2.74,2540.0,300.25,97.0,12,601.85
p1_W_E.501,2543.0,278.14,84.0,12,634.18
p2_E_W.113,2313.0,507.8,143.0,19,910.76
p2_S2_W.21,2433.0,388.94,131.0,19,801.1
p1_W_E.502,2554.0,268.27,81.0,13,613.83
p2_E_W.114,2316.0,508.24,149.0,19,914.25
p1_W_E.503,2557.0,268.47,76.0,10,642.26
p1_W_E.504,2560.0,267.55,87.0,10,648.53
p2_S1_N1.103,2830.0,21.63,9.0,1,186.75
p2_S1_N1.104,2840.0,14.15,1.0,1,180.07
p2_N1_S1.97,2770.0,78.06,39.0,4,283.91
p2_N1_S1.98,2780.0,76.6,31.0,3,287.43
p2_S1_N1.105,2850.0,6.37,0.0,0,153.2
p2_N1_S1.99,2790.0,68.29,29.0,3,277.25
p2_E_W.115,2324.0,518.7,148.0,23,937.83
p2_S2_N2.75,2550.0,314.53,104.0,12,625.36
p2_E_W.116,2334.0,511.37,143.0,20,924.37
p2_N2_S2.97,2770.0,97.99,51.0,5,317.13
p2_E_W.117,2337.0,510.27,138.0,22,915.07
p2_E_W.118,2341.0,507.04,131.0,20,892.57
p2_N2_S2.98,2780.0,87.14,47.0,4,285.7
p2_N2_S2.99,2790.0,84.49,45.0,4,293.3
p2_N2_S2.100,2800.0,72.79,39.0,3,271.37
p2_N1_S1.100,2800.0,76.05,40.0,4,277.32
p2_S1_N1.106,2860.0,15.23,5.0,1,179.18
p2_N1_S1.101,2810.0,70.03,32.0,3,267.52
p2_N2_S2.101,2810.0,61.97,29.0,4,250.69
p2_N2_S2.102,2820.0,58.38,25.0,4,250.87
p2_S1_N1.107,2870.0,11.0,0.0,0,192.04
p2_N1_S1.102,2820.0,58.08,31.0,3,251.01
p1_W_E.505,2563.0,286.67,116.0,13,681.23
p2_S2_W.22,2463.0,406.04,137.0,16,822.28
p1_W_E.506,2566.0,302.1,110.0,12,694.04
p1_W_E.507,2569.0,297.61,104.0,11,698.77
p1_W_E.508,2572.0,300.64,100.0,12,690.44
p2_E_W.119,2346.0,522.55,154.0,20,934.68
p1_W_S2.51,2581.0,293.29,88.0,10,647.2
p2_E_W.120,2354.0,521.16,150.0,22,928.17
p1_W_E.509,2575.0,300.51,97.0,10,698.68
p2_E_S1.12,2362.0,514.4,148.0,20,918.6
p1_W_E.510,2578.0,299.29,94.0,11,697.99
p1_W_E.511,2584.0,292.6,85.0,10,656.05
p1_W_E.512,2587.0,291.54,79.0,9,654.07
p2_N1_S1.103,2830.0,73.51,37.0,4,281.56
p2_N1_E.30,2703.0,176.91,100.0,8,498.93
p2_S1_N1.108,2880.0,23.98,11.0,1,197.24
p1_W_E.513,2590.0,294.48,81.0,10,665.65
p2_N1_S1.104,2840.0,66.01,30.0,3,266.72
p1_W_E.514,2593.0,293.16,80.0,9,677.29
p2_S1_N1.109,2890.0,13.55,2.0,1,180.93
p1_W_E.515,2597.0,290.8,76.0,9,672.28
p2_S1_N1.110,2900.0,9.35,0.0,0,163.3
p2_N1_E.31,2733.0,155.65,86.0,9,481.13
p1_W_E.516,2600.0,289.1,86.0,8,664.13
p2_N1_S1.105,2850.0,51.16,21.0,2,243.45
p2_E_W.121,2370.0,524.72,154.0,21,958.81
p2_S2_N2.76,2560.0,357.11,136.0,15,680.64
p2_E_W.122,2379.0,517.81,148.0,21,925.93
p2_S2_N2.77,2570.0,349.0,129.0,12,675.89
p2_N2_S2.103,2830.0,89.16,49.0,6,299.63
p2_N2_S2.104,2840.0,81.05,46.0,4,284.54
p2_E_W.123,2384.0,512.97,139.0,21,914.14
p2_N2_S2.105,2850.0,72.8,40.0,3,279.76
p2_E_W.124,2389.0,508.55,138.0,23,897.94
p2_S2_N2.78,2580.0,338.08,124.0,12,657.75
p2_S2_W.23,2493.0,410.45,129.0,19,823.16
p1_W_E.517,2603.0,304.97,91.0,9,663.35
p2_N1_S1.106,2860.0,70.09,33.0,3,260.81
p2_S1_N1.111,2910.0,18.45,8.0,1,189.46
p1_W_E.518,2606.0,303.9,86.0,9,651.05
p1_W_E.519,2609.0,302.76,80.0,10,656.76
p1_W_E.520,2613.0,301.14,79.0,9,630.48
p2_N1_S1.107,2870.0,58.74,31.0,3,250.7
p2_N1_S1.108,2880.0,56.52,23.0,3,247.16
p2_S1_N1.112,2920.0,7.05,0.0,0,154.95
p1_W_S2.52,2620.0,299.31,76.0,12,655.45
p2_S1_N1.113,2930.0,11.02,0.0,0,161.06
p2_N1_E.32,2763.0,142.13,58.0,7,438.71
p2_E_W.125,2396.0,519.14,162.0,23,953.7
p2_E_W.126,2415.0,506.46,146.0,22,934.86
p2_S2_N2.79,2590.0,357.22,139.0,16,684.29
p2_E_W.127,2419.0,508.26,140.0,24,934.83
p2_E_W.128,2426.0,501.29,138.0,23,923.57
p2_E_W.129,2452.0,473.14,116.0,20,862.51
p2_N2_S2.106,2860.0,89.88,50.0,3,303.93
p2_N2_S2.107,2870.0,83.94,47.0,2,296.72
p2_S1_N1.114,2940.0,15.48,5.0,1,184.61
p2_S2_N2.80,2600.0,343.24,132.0,15,668.88
p2_N1_S1.109,2890.0,65.98,32.0,3,262.33
p2_N2_S2.108,2880.0,71.95,47.0,2,264.4
p2_S1_N1.115,2950.0,7.4,0.0,0,158.11
p2_S2_N2.81,2610.0,348.27,124.0,12,677.5
p2_N1_S1.110,2900.0,56.21,28.0,3,240.79
p1_W_E.521,2631.0,307.42,85.0,11,672.85
p2_N1_S1.111,2910.0,48.97,18.0,2,237.06
p1_W_E.522,2635.0,295.24,82.0,11,664.2
p2_E_W.130,2474.0,473.49,127.0,19,868.92
p2_N1_E.33,2793.0,155.24,63.0,6,489.11
p1_W_E.523,2639.0,311.88,86.0,11,699.91
p2_S2_N2.82,2620.0,353.79,127.0,11,694.24
p2_S2_N2.83,2630.0,344.34,121.0,10,672.06
p2_S2_W.24,2523.0,411.68,119.0,22,822.7
p2_E_S1.13,2479.0,478.86,142.0,20,883.21
p2_N1_S1.112,2920.0,62.21,34.0,3,248.75
p2_S2_N2.84,2640.0,333.12,122.0,12,650.9
p2_N2_S2.109,2890.0,75.47,45.0,3,278.78
p2_N1_S1.113,2930.0,54.26,23.0,3,251.9
p2_S1_N1.116,2960.0,20.33,8.0,1,185.71
p2_N2_S2.110,2900.0,85.27,44.0,3,299.31
p2_S1_N1.117,2970.0,15.6,2.0,1,194.78
p2_N1_S1.114,2940.0,46.41,18.0,2,229.23
p2_N2_S2.111,2910.0,74.61,35.0,3,274.1
p2_S1_N1.118,2980.0,7.33,0.0,0,163.61
p2_N2_S2.112,2920.0,67.02,24.0,2,263.58
p2_N2_S2.113,2930.0,58.3,24.0,2,255.89
p1_W_E.524,2645.0,323.32,98.0,12,723.15
p2_N2_S2.114,2940.0,52.12,19.0,2,248.87
p2_E_W.131,2484.0,488.84,146.0,24,877.77
p2_N2_S2.115,2950.0,43.8,9.0,1,243.9
p2_E_W.132,2491.0,483.71,137.0,22,871.03
p1_W_E.525,2656.0,309.21,95.0,12,679.61
p1_W_E.526,2659.0,318.36,90.0,11,679.1
p1_W_E.527,2663.0,307.01,89.0,12,654.69
p2_E_W.133,2505.0,465.77,123.0,19,859.01
p2_E_W.134,2508.0,474.35,121.0,21,856.35
p2_S2_N2.85,2650.0,353.41,138.0,15,680.67
p2_N1_E.34,2823.0,142.95,70.0,7,452.55
p2_N2_S2.116,2960.0,44.26,21.0,2,236.42
p2_S2_N2.86,2660.0,344.67,130.0,13,674.65
p2_N1_S1.115,2950.0,57.71,31.0,3,254.44
p2_N2_S2.117,2970.0,37.17,16.0,2,222.01
p2_S1_N1.119,2990.0,16.39,6.0,1,188.4
p2_S1_N1.120,3000.0,10.21,0.0,0,177.62
p2_N1_S1.116,2960.0,45.61,21.0,2,228.22
p2_S2_N2.87,2670.0,330.75,129.0,13,646.32
p2_N1_S1.117,2970.0,45.74,21.0,2,231.9
p2_N2_S2.118,2980.0,21.1,8.0,1,184.58
p2_N2_S2.119,2990.0,24.28,6.0,1,193.53
p1_W_E.528,2672.0,322.08,104.0,14,695.72
p2_E_W.135,2511.0,487.7,135.0,21,891.78
p2_N2_S2.120,3000.0,21.09,0.0,0,204.47
p1_W_E.529,2682.0,318.54,95.0,14,693.0
p1_W_E.530,2686.0,316.17,91.0,14,676.31
p2_E_W.136,2517.0,484.3,128.0,17,874.89
p2_E_W.137,2520.0,482.95,121.0,18,860.52
p1_W_S2.53,2691.0,312.33,87.0,17,665.65
p2_E_W.138,2524.0,481.08,118.0,20,842.57
p2_N2_S2.121,3010.0,20.54,9.0,1,193.14
p2_S2_N2.88,2680.0,350.9,133.0,15,671.01
p2_S2_N2.89,2690.0,342.63,130.0,15,662.87
p2_N2_S2.122,3020.0,12.55,1.0,1,172.73
p2_S1_N1.121,3010.0,23.76,13.0,1,193.41
p2_S2_N2.90,2700.0,334.35,124.0,13,642.87
p2_N1_S1.118,2980.0,54.18,25.0,3,250.8
p2_S1_N1.122,3020.0,14.97,3.0,1,185.49
p2_N2_S2.123,3030.0,6.38,0.0,0,150.87
p2_N1_S1.119,2990.0,43.44,18.0,2,214.11
p2_S1_N1.123,3030.0,8.28,0.0,0,171.46
p2_N1_S1.120,3000.0,32.07,11.0,2,207.6
p2_E_W.139,2529.0,492.92,141.0,22,899.25
p2_E_W.140,2533.0,495.76,132.0,23,922.83
p2_N1_E.35,2853.0,155.5,65.0,7,474.91
p1_W_E.531,2697.0,330.09,94.0,13,703.71
p1_W_E.532,2708.0,323.41,91.0,13,690.66
p1_W_E.533,2711.0,323.04,83.0,13,699.46
p1_W_E.534,2714.0,321.84,77.0,13,705.61
p2_E_S1.14,2541.0,495.44,128.0,27,914.86
p2_N1_E.36,2883.0,154.07,55.0,7,484.68
p1_W_E.535,2718.0,321.42,85.0,15,710.07
p2_N1_S1.121,3010.0,51.14,23.0,3,247.66
p2_N1_S1.122,3020.0,43.16,19.0,2,233.2
p2_S1_N1.124,3040.0,18.31,6.0,1,182.3
p2_N1_S1.123,3030.0,34.94,14.0,2,223.7
p2_S1_N1.125,3050.0,14.72,0.0,0,181.86
p2_S1_N1.126,3060.0,5.79,0.0,0,159.35
p2_E_W.141,2548.0,501.36,129.0,22,924.55
p2_S2_N2.91,2710.0,357.87,127.0,13,669.86
p2_N2_S2.124,3040.0,29.88,10.0,2,203.07
p2_S2_N2.92,2720.0,356.76,123.0,14,681.98
p2_S2_W.25,2553.0,501.54,154.0,22,950.15
p2_N2_S2.125,3050.0,22.33,5.0,2,194.98
p2_E_W.142,2553.0,500.97,142.0,20,908.27
p2_S2_N2.93,2730.0,348.54,119.0,13,665.49
p2_N2_S2.126,3060.0,18.57,2.0,1,189.69
p2_E_W.143,2560.0,498.73,141.0,20,905.13
p1_W_E.536,2726.0,335.04,102.0,13,716.93
p2_N1_S1.124,3040.0,46.01,19.0,2,224.0
p2_S1_N1.127,3070.0,12.82,2.0,1,177.33
p2_N1_S1.125,3050.0,34.8,13.0,2,209.22
p2_S1_N1.128,3080.0,11.35,0.0,0,177.5
p1_W_E.537,2734.0,320.3,104.0,14,704.38
p2_N1_S1.126,3060.0,32.33,9.0,1,218.4
p1_W_E.538,2738.0,335.03,94.0,12,698.28
p2_N1_E.37,2913.0,161.37,69.0,7,482.83
p2_S2_N2.94,2740.0,357.64,133.0,16,690.62
p2_E_W.144,2576.0,501.12,145.0,18,922.93
p2_S2_N2.95,2750.0,349.74,125.0,15,668.46
p2_E_W.145,2581.0,496.5,135.0,16,903.32
p2_N2_S2.127,3070.0,23.42,12.0,1,187.48
p2_N2_S2.128,3080.0,18.3,6.0,1,196.08
p2_S2_N2.96,2760.0,339.02,120.0,17,642.79
p2_N2_S2.129,3090.0,15.11,1.0,1,195.23
p2_E_W.146,2588.0,476.18,139.0,18,876.66
p1_W_E.539,2741.0,344.01,117.0,16,749.8
p2_E_W.147,2611.0,473.37,123.0,18,876.95
p1_W_E.540,2744.0,349.36,105.0,14,737.88
p1_W_S2.54,2752.0,338.43,94.0,14,716.14
p2_E_W.148,2638.0,456.51,108.0,15,839.1
p2_S1_N1.129,3090.0,26.63,14.0,1,201.52
p1_W_E.541,2759.0,336.77,92.0,14,697.3
p2_S2_W.26,2583.0,507.21,152.0,18,951.86
p2_E_W.149,2658.0,439.82,108.0,14,833.09
p2_S1_N1.130,3100.0,16.48,5.0,1,190.55
p2_N1_S1.127,3070.0,41.35,23.0,2,223.06
p2_S1_N1.131,3110.0,12.07,0.0,0,190.21
p2_S2_N2.97,2770.0,353.5,124.0,14,673.95
p2_N1_S1.128,3080.0,42.0,17.0,1,238.98
p2_N2_S2.130,3100.0,23.07,12.0,1,189.88
p2_S2_N2.98,2780.0,345.67,118.0,16,665.33
p2_N2_S2.131,3110.0,16.0,2.0,1,185.77
p2_S2_N2.99,2790.0,337.72,112.0,18,650.83
p2_N2_S2.132,3120.0,5.78,0.0,0,149.76
p2_E_W.150,2662.0,446.34,118.0,17,829.75
p2_N1_S1.129,3090.0,21.73,11.0,1,189.57
p1_W_E.542,2763.0,349.85,102.0,15,716.08
p2_N1_E.38,2943.0,167.69,74.0,9,487.06
p1_W_E.543,2766.0,355.76,100.0,16,741.66
p1_W_E.544,2769.0,354.56,97.0,16,741.83
p2_E_S1.15,2665.0,453.01,117.0,16,821.28
p2_S1_N1.132,3120.0,24.79,10.0,1,200.94
p2_N2_S2.133,3130.0,18.76,8.0,1,192.11
p2_S2_N2.100,2800.0,349.46,115.0,15,678.9
p2_S1_N1.133,3130.0,17.18,3.0,1,179.36
p2_S1_N1.134,3140.0,7.46,0.0,0,155.77
p2_S2_N2.101,2810.0,341.99,106.0,15,655.62
p2_S2_N2.102,2820.0,333.69,104.0,15,649.23
p2_N2_S2.134,3140.0,6.49,0.0,0,144.55
p2_E_W.151,2672.0,457.87,124.0,17,853.35
p2_S2_W.27,2613.0,523.44,173.0,23,1003.67
p1_W_E.545,2772.0,368.73,108.0,18,762.61
p2_E_W.152,2686.0,446.64,128.0,17,824.48
p2_E_W.153,2694.0,448.63,116.0,17,846.46
p1_W_E.546,2775.0,364.75,93.0,14,750.0
p1_W_E.547,2780.0,364.16,92.0,16,745.65
p2_N1_S1.130,3100.0,68.54,42.0,4,264.98
p2_N1_E.39,2973.0,172.69,66.0,8,500.62
p2_S1_N1.135,3150.0,19.22,5.0,1,182.6
p2_N1_S1.131,3110.0,59.67,34.0,4,249.37
p2_S1_N1.136,3160.0,12.24,0.0,0,180.25
p2_N1_S1.132,3120.0,53.77,28.0,3,233.06
p2_S2_N2.103,2830.0,344.13,112.0,15,659.19
p2_S1_N1.137,3170.0,5.91,0.0,0,148.28
p2_S2_N2.104,2840.0,336.64,99.0,14,649.3
p2_N2_S2.135,3150.0,23.89,11.0,1,191.34
p2_N2_S2.136,3160.0,23.39,7.0,1,201.02
p2_E_W.154,2710.0,449.81,121.0,18,835.67
p2_N2_S2.137,3170.0,15.01,0.0,0,193.18
p2_S2_N2.105,2850.0,323.22,96.0,11,626.6
p2_S2_W.28,2643.0,518.5,172.0,22,987.71
p1_W_E.548,2792.0,374.98,106.0,18,753.45
p1_W_E.549,2797.0,371.73,97.0,15,751.66
p2_E_W.155,2713.0,448.64,129.0,18,837.08
p2_E_W.156,2718.0,444.97,123.0,19,820.1
p1_W_E.550,2801.0,367.0,90.0,14,737.14
p1_W_S2.55,2807.0,365.93,90.0,17,737.41
p2_S1_N1.138,3180.0,14.89,3.0,1,182.33
p2_N1_S1.133,3130.0,61.7,30.0,4,251.58
p2_N1_S1.134,3140.0,55.33,21.0,3,248.64
p2_S1_N1.139,3190.0,5.46,0.0,0,149.58
p2_N1_S1.135,3150.0,49.84,19.0,3,245.15
p2_S2_N2.106,2860.0,344.85,101.0,10,652.76
p2_S2_N2.107,2870.0,336.46,97.0,12,627.21
p2_N2_S2.138,3180.0,25.95,10.0,1,199.79
p2_E_W.157,2725.0,459.91,128.0,16,845.21
p2_S2_N2.108,2880.0,328.58,93.0,12,620.19
p2_E_W.158,2737.0,443.4,125.0,15,819.76
p2_N2_S2.139,3190.0,12.39,0.0,0,172.58
p2_S2_W.29,2673.0,511.72,169.0,21,980.27
p1_W_E.551,2822.0,366.18,97.0,15,750.31
p2_E_W.159,2740.0,454.21,131.0,17,856.6
p2_N1_E.40,3003.0,193.17,69.0,9,524.85
p1_W_E.552,2825.0,373.34,94.0,15,782.46
p1_W_E.553,2828.0,372.16,89.0,14,769.24
p1_W_E.554,2832.0,369.82,81.0,14,768.68
p2_S1_N1.140,3200.0,22.89,8.0,1,194.86
p2_S1_N1.141,3210.0,13.38,0.0,0,176.94
p2_N2_S2.140,3200.0,27.85,15.0,1,208.78
p2_S1_N1.142,3220.0,8.76,0.0,0,170.95
p2_N2_S2.141,3210.0,19.97,9.0,1,190.67
p2_N2_S2.142,3220.0,11.64,0.0,0,176.71
p2_E_W.160,2743.0,469.24,134.0,19,880.33
p1_W_E.555,2838.0,381.4,92.0,18,773.77
p1_W_E.556,2848.0,373.07,84.0,17,756.54
p2_N1_E.41,3033.0,186.33,67.0,9,503.07
p1_W_E.557,2851.0,374.72,88.0,16,754.25
p2_S1_N1.143,3230.0,19.56,5.0,1,195.06
p2_S1_N1.144,3240.0,11.46,0.0,0,175.71
p2_E_S1.16,2749.0,467.5,138.0,19,880.34
p2_S2_N2.109,2890.0,363.05,108.0,14,683.16
p2_N1_S1.136,3160.0,92.38,46.0,5,305.08
p2_N2_S2.143,3230.0,21.92,12.0,1,194.76
p2_N1_S1.137,3170.0,85.27,41.0,5,294.92
p2_N2_S2.144,3240.0,15.73,4.0,1,192.03
p2_N1_S1.138,3180.0,77.0,35.0,4,285.87
p2_N2_S2.145,3250.0,7.09,0.0,0,154.63
p2_S2_N2.110,2900.0,351.18,97.0,16,671.45
p2_S2_W.30,2703.0,534.76,178.0,22,987.0
p2_S2_N2.111,2910.0,350.52,87.0,16,654.82
p2_E_W.161,2760.0,480.22,155.0,21,898.12
p1_W_E.558,2854.0,390.82,94.0,19,772.93
p2_E_W.162,2764.0,473.37,145.0,22,873.49
p1_W_E.559,2858.0,388.78,91.0,18,771.82
p2_E_W.163,2768.0,475.35,135.0,20,891.0
p2_S1_N1.145,3250.0,21.4,10.0,1,189.44
p2_S1_N1.146,3260.0,16.28,3.0,1,190.38
p2_N1_E.42,3063.0,171.2,67.0,10,479.22
p2_S1_N1.147,3270.0,7.94,0.0,0,172.65
p1_W_E.560,2865.0,391.8,97.0,20,796.22
p1_W_S2.56,2874.0,371.12,90.0,18,771.39
p2_E_W.164,2773.0,491.06,139.0,21,927.51
p2_E_W.165,2779.0,486.51,134.0,21,897.86
p2_S2_W.31,2733.0,534.38,174.0,30,995.35
p2_S2_N2.112,2924.0,359.94,96.0,17,647.92
p2_N2_S2.146,3260.0,30.66,12.0,2,211.93
p2_E_W.166,2802.0,464.24,134.0,17,867.82
p1_W_E.561,2880.0,392.31,96.0,19,783.46
p1_W_E.562,2887.0,387.52,88.0,18,769.27
p2_S1_N1.148,3280.0,18.48,8.0,1,190.35
p2_N1_S1.139,3190.0,108.91,63.0,7,325.95
p2_N1_S1.140,3200.0,100.71,54.0,6,312.1
p2_S1_N1.149,3290.0,10.71,0.0,0,170.54
p1_W_E.563,2900.0,366.78,77.0,19,757.88
p1_W_E.564,2903.0,373.49,75.0,18,743.06
p2_N1_S1.141,3210.0,89.33,44.0,6,294.06
p2_S2_N2.113,2931.0,377.35,106.0,18,677.31
p2_S2_N2.114,2954.0,356.06,98.0,16,637.07
p2_E_W.167,2806.0,484.25,141.0,19,886.95
p2_N2_S2.147,3270.0,38.33,15.0,2,219.11
p2_E_W.168,2809.0,483.07,132.0,19,881.34
p2_N2_S2.148,3280.0,34.23,10.0,2,205.3
p1_W_E.565,2907.0,390.29,88.0,20,774.39
p2_S2_W.32,2763.0,524.81,160.0,28,993.19
p2_E_W.169,2813.0,485.97,141.0,20,890.14
p1_W_E.566,2911.0,384.59,75.0,16,778.95
p2_E_W.170,2816.0,481.51,132.0,21,886.48
p1_W_E.567,2917.0,385.59,67.0,17,762.62
p2_N1_S1.142,3220.0,103.74,49.0,7,314.52
p1_W_E.568,2927.0,377.36,58.0,13,749.67
p2_N1_S1.143,3230.0,97.32,45.0,6,317.35
p2_S1_N1.150,3300.0,18.81,8.0,1,182.84
p2_N1_S1.144,3240.0,82.67,40.0,5,269.27
p2_S2_N2.115,3005.0,330.71,80.0,16,608.35
p2_S1_N1.151,3310.0,8.16,0.0,0,164.66
p2_N2_S2.149,3290.0,46.72,20.0,2,229.83
p2_S1_N1.152,3320.0,7.72,0.0,0,154.86
p2_S2_W.33,2793.0,520.94,158.0,24,979.31
p2_S2_N2.116,3008.0,328.47,77.0,12,604.83
p2_S2_N2.117,3012.0,328.5,70.0,13,617.69
p2_N2_S2.150,3300.0,35.02,13.0,1,212.39
p2_N1_E.43,3093.0,225.12,78.0,11,539.59
p1_W_E.569,2934.0,392.66,86.0,16,777.41
p1_W_E.570,2940.0,388.44,79.0,18,751.23
p1_W_S2.57,2952.0,377.57,76.0,15,750.45
p2_E_S1.17,2819.0,506.23,160.0,23,925.89
p2_S1_N1.153,3330.0,25.02,10.0,2,197.42
p2_N1_S1.145,3250.0,106.15,44.0,7,316.57
p2_S1_N1.154,3340.0,17.26,1.0,1,187.31
p2_N1_S1.146,3260.0,94.8,37.0,5,302.63
p2_N1_S1.147,3270.0,89.71,38.0,6,307.79
p2_E_W.171,2827.0,514.78,164.0,25,930.49
p2_N2_S2.151,3310.0,49.1,24.0,2,237.86
p2_E_W.172,2842.0,501.1,149.0,22,913.3
p2_N2_S2.152,3320.0,45.27,17.0,2,235.04
p2_S2_W.34,2823.0,521.92,149.0,24,981.5
p2_E_W.173,2847.0,498.17,158.0,22,910.33
p2_N1_E.44,3123.0,225.13,74.0,12,546.18
p1_W_E.571,2955.0,396.37,88.0,16,763.56
p1_W_E.572,2959.0,394.05,83.0,20,754.53
p2_S1_N1.155,3350.0,28.6,13.0,1,192.62
p1_W_E.573,2962.0,386.23,76.0,15,740.09
p1_W_E.574,2969.0,392.39,81.0,14,764.93
p2_S1_N1.156,3360.0,18.97,5.0,1,185.2
p1_W_E.575,2978.0,380.78,77.0,13,740.27
p2_S1_N1.157,3370.0,15.13,0.0,0,190.91
p1_W_E.576,2981.0,384.06,77.0,15,732.56
p2_E_W.174,2850.0,518.09,168.0,22,941.18
p2_S2_N2.118,3034.0,352.38,97.0,15,648.39
p2_S2_N2.119,3039.0,352.68,92.0,15,651.83
p2_E_W.175,2853.0,517.55,153.0,22,938.47
p2_N2_S2.153,3330.0,62.06,30.0,2,258.96
p2_S2_N2.120,3043.0,349.65,91.0,17,648.0
p2_N2_S2.154,3340.0,54.13,28.0,2,245.73
p2_E_W.176,2856.0,510.07,148.0,21,929.22
p2_E_W.177,2861.0,515.26,135.0,19,946.5
p2_N2_S2.155,3350.0,42.18,19.0,2,222.1
p2_S1_N1.158,3380.0,23.68,10.0,1,196.22
p2_N1_S1.148,3280.0,119.96,58.0,7,332.9
p1_W_E.577,2984.0,401.79,85.0,15,767.29
p2_N1_S1.149,3290.0,117.21,54.0,7,335.56
p2_N1_S1.150,3300.0,108.17,51.0,7,331.44
p2_S1_N1.159,3390.0,9.02,0.0,0,163.7
p2_S2_N2.121,3062.0,352.29,93.0,13,655.48
p2_N1_E.45,3153.0,226.19,82.0,12,555.12
p2_N2_S2.156,3360.0,54.62,30.0,2,245.51
p2_S1_N1.160,3400.0,12.18,0.0,0,165.94
p2_S2_W.35,2853.0,540.79,145.0,23,994.04
p2_S2_N2.122,3065.0,351.21,90.0,16,642.43
p2_N2_S2.157,3370.0,46.44,27.0,2,239.51
p2_E_W.178,2885.0,511.1,140.0,21,920.94
p2_N2_S2.158,3380.0,38.32,18.0,2,226.78
p2_E_W.179,2889.0,508.99,137.0,21,924.46
p2_E_W.180,2892.0,508.01,142.0,23,925.5
p2_S2_N2.123,3070.0,345.05,87.0,14,645.44
p2_N2_S2.159,3390.0,29.57,9.0,1,207.4
p2_W_N1.0,3137.0,287.81,71.0,11,554.51
p1_W_E.578,2991.0,416.67,98.0,13,812.42
p2_N1_S1.151,3310.0,119.44,54.0,8,331.98
p2_N2_S2.160,3400.0,16.68,4.0,1,177.12
p1_W_E.579,3003.0,407.09,94.0,14,793.45
p2_N1_S1.152,3320.0,111.11,46.0,6,319.54
p2_N1_S1.153,3330.0,101.19,40.0,6,310.28
p1_W_E.580,3007.0,402.25,84.0,14,780.34
p2_S1_N1.161,3410.0,10.39,0.0,0,168.04
p2_S1_N1.162,3420.0,18.41,0.0,0,185.68
p2_N2_S2.161,3410.0,30.63,12.0,2,206.3
p2_S2_N2.124,3091.0,349.61,91.0,17,647.23
p2_S1_N1.163,3430.0,11.5,0.0,0,165.95
p2_N2_S2.162,3420.0,22.66,10.0,1,191.28
p2_N2_S2.163,3430.0,13.71,2.0,1,181.51
p2_S2_N2.125,3095.0,344.31,80.0,15,635.94
p2_N2_S2.164,3440.0,6.69,0.0,0,160.22
p2_S2_N2.126,3100.0,344.1,77.0,14,631.6
p1_W_S2.58,3011.0,419.25,104.0,14,797.84
p2_E_S1.18,2895.0,530.07,160.0,25,967.7
p2_N1_S1.154,3340.0,116.18,47.0,7,347.67
p1_W_E.581,3018.0,414.11,96.0,16,803.71
p1_W_E.582,3030.0,406.83,93.0,14,797.49
p2_N1_S1.155,3350.0,107.93,43.0,6,328.57
p1_W_E.583,3034.0,404.71,85.0,15,764.05
p2_S1_N1.164,3440.0,6.95,0.0,0,157.41
p2_N1_S1.156,3360.0,94.8,32.0,6,308.12
p2_S1_N1.165,3450.0,6.52,0.0,0,148.31
p2_N2_S2.165,3450.0,15.95,5.0,1,182.22
p2_S2_W.36,2883.0,562.66,176.0,27,1040.15
p2_E_W.181,2898.0,549.98,172.0,26,1004.76
p2_E_W.182,2901.0,548.78,159.0,24,969.07
p2_E_W.183,2906.0,545.68,146.0,25,959.64
p2_S2_N2.127,3120.0,341.01,86.0,17,647.7
p2_N2_S2.166,3460.0,5.81,0.0,0,148.83
p2_S2_N2.128,3123.0,351.56,84.0,16,648.8
p2_S2_N2.129,3127.0,349.33,77.0,16,643.62
p2_W_N1.1,3168.0,308.63,76.0,12,589.98
p2_N1_E.46,3183.0,274.59,109.0,16,625.16
p2_N1_S1.157,3370.0,110.3,44.0,6,336.44
p1_W_E.584,3037.0,422.43,100.0,19,799.62
p2_S1_N1.166,3460.0,18.47,7.0,1,187.06
p2_N1_S1.158,3380.0,102.9,38.0,6,311.93
p1_W_E.585,3042.0,420.69,99.0,17,790.33
p2_S1_N1.167,3470.0,14.12,2.0,1,191.16
p2_N1_S1.159,3390.0,91.87,35.0,5,291.62
p2_N2_S2.167,3470.0,22.26,11.0,1,198.66
p2_E_W.184,2911.0,560.77,151.0,23,983.94
p2_S2_N2.130,3158.0,335.0,78.0,14,626.22
p2_N2_S2.168,3480.0,14.73,3.0,1,178.63
p2_S2_N2.131,3163.0,331.42,76.0,13,611.9
p2_S2_W.37,2913.0,557.13,139.0,24,1003.54
p2_S2_N2.132,3166.0,331.17,73.0,15,614.33
p2_E_W.185,2919.0,558.37,152.0,24,1006.83
p2_N2_S2.169,3490.0,6.11,0.0,0,146.37
p1_W_E.586,3056.0,387.49,90.0,16,767.24
p2_E_W.186,2931.0,542.05,147.0,25,990.26
p2_E_W.187,2935.0,541.76,138.0,24,979.77
p1_W_E.587,3059.0,423.59,98.0,17,805.06
p2_N1_S1.160,3400.0,105.52,38.0,6,319.95
p2_N1_E.47,3213.0,271.37,90.0,17,610.24
p2_N1_S1.161,3410.0,99.37,36.0,5,316.85
p1_W_E.588,3062.0,426.43,107.0,21,790.43
p2_S1_N1.168,3480.0,22.87,13.0,1,197.98
p2_N1_S1.162,3420.0,89.21,28.0,5,291.92
p2_S1_N1.169,3490.0,15.11,5.0,1,179.35
p1_W_E.589,3066.0,422.72,96.0,21,776.94
p1_W_E.590,3073.0,419.57,84.0,18,776.9
p2_N1_E.48,3243.0,250.66,72.0,13,594.09
p2_S1_N1.170,3500.0,6.12,0.0,0,154.31
p2_S1_N1.171,3510.0,8.9,0.0,0,161.22
p1_W_S2.59,3083.0,406.06,96.0,21,771.94
p2_E_W.188,2939.0,564.14,147.0,24,1009.66
p2_N2_S2.170,3500.0,19.52,8.0,1,185.1
p2_E_W.189,2946.0,556.56,157.0,25,1020.23
p2_E_W.190,2972.0,536.28,134.0,23,977.7
p2_N2_S2.171,3510.0,9.37,0.0,0,167.57
p2_S2_W.38,2965.0,544.6,137.0,22,981.95
p2_N2_S2.172,3520.0,12.36,0.0,0,168.53
p2_W_N1.2,3196.0,338.42,86.0,12,624.58
p2_N1_S1.163,3430.0,108.01,40.0,7,319.5
p2_S1_N1.172,3520.0,16.64,6.0,1,185.74
p1_W_E.591,3086.0,424.44,102.0,22,795.25
p2_N1_S1.164,3440.0,99.15,38.0,5,311.86
p1_W_E.592,3089.0,428.05,93.0,20,803.71
p2_S1_N1.173,3530.0,11.05,0.0,0,174.35
p2_N1_S1.165,3450.0,92.02,31.0,4,300.98
p1_W_E.593,3092.0,429.85,88.0,17,799.08
p1_W_E.594,3100.0,417.18,92.0,16,796.93
p2_S1_N1.174,3540.0,5.48,0.0,0,149.22
p2_S2_N2.133,3185.0,364.03,105.0,19,679.53
p2_S2_N2.134,3189.0,360.56,101.0,18,675.7
p2_N2_S2.173,3530.0,12.75,2.0,1,171.44
p2_N2_S2.174,3540.0,17.18,0.0,0,193.19
p2_N2_S2.175,3550.0,9.62,0.0,0,154.85
p2_S2_N2.135,3192.0,353.44,94.0,15,641.59
p1_W_E.595,3109.0,424.59,101.0,18,813.18
p2_E_S1.19,2976.0,557.75,167.0,24,1001.37
p1_W_E.596,3112.0,434.87,97.0,17,812.77
p1_W_E.597,3115.0,433.55,92.0,21,815.93
p2_N1_S1.166,3460.0,100.53,36.0,6,307.85
p2_N1_S1.167,3470.0,101.58,36.0,6,309.18
p2_N1_E.49,3273.0,276.76,94.0,17,634.19
p2_N1_S1.168,3480.0,93.33,30.0,4,303.0
p2_S1_N1.175,3550.0,6.27,0.0,0,151.83
p2_S1_N1.176,3560.0,15.36,0.0,0,169.22
p2_N2_S2.176,3560.0,15.43,5.0,1,187.03
p2_S2_N2.136,3211.0,362.69,92.0,17,659.87
p2_E_W.191,2979.0,576.49,167.0,25,1021.46
p2_N2_S2.177,3570.0,7.26,0.0,0,168.92
p2_S2_N2.137,3215.0,363.15,92.0,20,660.66
p2_S2_N2.138,3221.0,357.45,80.0,15,650.4
p2_E_W.192,2985.0,567.77,162.0,25,982.08
p2_E_W.193,2991.0,566.75,163.0,25,991.41
p2_E_W.194,2998.0,566.09,149.0,25,1015.41
p1_W_E.598,3119.0,447.24,102.0,19,829.42
p2_W_N1.3,3226.0,358.1,96.0,15,653.42
p2_N1_S1.169,3490.0,99.49,41.0,5,308.02
p2_S1_N1.177,3570.0,21.31,9.0,1,192.02
p1_W_E.599,3126.0,436.74,102.0,18,826.63
p2_W_E.0,3133.0,440.88,94.0,19,845.11
p2_S1_N1.178,3580.0,7.29,0.0,0,156.37
p2_S1_N1.179,3590.0,7.76,0.0,0,159.14
p2_N1_E.50,3303.0,259.79,81.0,15,591.51
p2_N1_S1.170,3500.0,84.54,33.0,4,276.05
p2_S2_N2.139,3238.0,363.6,86.0,14,657.84
p2_E_W.195,3005.0,575.92,160.0,28,997.98
p2_N1_E.51,3333.0,231.96,65.0,12,566.77
p2_N1_S1.171,3510.0,90.32,32.0,4,293.42
p2_N2_S2.178,3580.0,19.33,8.0,1,194.35
p2_E_W.196,3019.0,562.4,152.0,28,995.03
p2_S2_W.39,3019.0,565.02,142.0,27,1023.15
p2_N2_S2.179,3590.0,9.47,0.0,0,172.21
p2_E_W.197,3025.0,561.4,144.0,28,1009.24
p2_S2_N2.140,3241.0,357.94,79.0,15,649.1
p2_E_W.198,3030.0,558.34,138.0,29,1001.36
p2_S2_N2.141,3246.0,355.02,84.0,15,647.71
p2_W_E.1,3140.0,452.85,120.0,21,838.91
p2_N1_S1.172,3520.0,95.24,37.0,5,314.31
p2_W_E.2,3145.0,449.87,107.0,21,832.79
p2_W_E.3,3152.0,444.76,99.0,20,828.88
p2_W_E.4,3163.0,434.21,92.0,18,831.81
p2_N1_S1.173,3530.0,82.3,33.0,4,287.53
p2_N1_S1.174,3540.0,84.61,31.0,4,297.97
p2_N1_E.52,3363.0,230.08,62.0,14,571.99
p2_N1_E.53,3393.0,200.52,57.0,14,517.35
p2_E_W.199,3037.0,563.36,143.0,27,1003.94
p2_E_W.200,3048.0,559.11,132.0,27,1004.61
p2_W_E.5,3174.0,414.74,103.0,19,826.5
p2_S2_W.40,3051.0,559.1,142.0,28,1030.76
p2_W_E.6,3186.0,430.53,96.0,20,815.41
p2_W_N1.4,3271.0,367.17,96.0,18,678.55
p2_W_E.7,3189.0,429.31,91.0,19,821.92
p2_W_E.8,3193.0,427.04,86.0,17,833.03
p2_E_S1.20,3054.0,559.87,132.0,28,1001.96
p2_N1_E.54,3423.0,198.03,50.0,10,527.49
p2_N1_S1.175,3550.0,92.95,36.0,7,307.59
p2_N1_S1.176,3560.0,84.6,33.0,4,293.61
p2_N1_E.55,3453.0,165.71,47.0,8,488.75
p2_N1_S1.177,3570.0,76.37,29.0,5,280.5
p2_S2_N2.142,3264.0,375.34,103.0,15,706.69
p2_S2_N2.143,3267.0,383.23,96.0,17,701.47
p2_S2_N2.144,3271.0,382.02,93.0,13,692.59
p2_W_E.9,3199.0,435.41,127.0,22,832.68
p2_S2_W.41,3078.0,553.28,136.0,25,992.54
p2_W_E.10,3206.0,430.48,114.0,21,838.26
p2_E_W.201,3061.0,574.15,151.0,28,1013.81
p2_W_E.11,3217.0,421.18,108.0,21,808.36
p2_W_E.12,3221.0,418.54,101.0,19,821.29
p2_E_W.202,3080.0,553.41,137.0,25,980.42
p2_E_W.203,3083.0,549.77,134.0,31,967.24
p2_N1_E.56,3483.0,151.92,49.0,8,445.56
p2_N1_E.57,3513.0,134.45,40.0,7,447.81
p2_W_E.13,3232.0,413.41,106.0,18,810.95
p2_N1_S1.178,3580.0,82.03,35.0,4,274.44
p2_N1_S1.179,3590.0,84.88,35.0,5,304.24
p2_S2_N2.145,3291.0,385.96,101.0,13,706.38
p2_S2_N2.146,3297.0,380.85,97.0,14,697.82
p2_S2_W.42,3106.0,550.67,127.0,26,1013.76
p2_S2_N2.147,3303.0,378.23,90.0,13,704.58
p2_E_W.204,3088.0,569.3,149.0,29,991.3
p2_E_W.205,3094.0,566.73,146.0,28,977.36
p2_W_E.14,3246.0,413.88,108.0,18,829.95
p2_W_E.15,3251.0,415.48,110.0,20,834.75
p2_W_E.16,3258.0,413.13,94.0,18,816.63
p2_E_W.206,3106.0,547.62,139.0,28,998.28
p2_N1_E.58,3543.0,121.44,43.0,6,430.23
p2_S2_W.43,3134.0,540.09,116.0,27,997.81
p2_E_W.207,3112.0,556.29,142.0,22,998.96
p2_N1_E.59,3572.0,92.17,34.0,5,358.22
p2_E_W.208,3118.0,560.32,129.0,23,1000.78
p2_W_N1.5,3304.0,399.86,109.0,19,720.61
p2_E_W.209,3132.0,528.67,145.0,24,949.54
p2_E_W.210,3136.0,548.24,139.0,21,977.02
p2_S2_N2.148,3340.0,364.5,95.0,17,667.33
p2_W_E.17,3275.0,413.26,121.0,21,818.73
p2_W_N1.6,3350.0,366.95,79.0,16,670.01
p2_W_E.18,3283.0,403.43,112.0,21,783.71
p2_W_E.19,3295.0,401.43,106.0,22,801.47
p2_W_E.20,3299.0,401.81,93.0,18,797.15
p2_S2_N2.149,3344.0,379.83,101.0,15,694.33
p2_E_S1.21,3139.0,544.29,148.0,21,976.7
p2_S2_N2.150,3349.0,380.05,103.0,16,690.94
p2_S2_N2.151,3375.0,357.63,87.0,13,662.05
p2_S2_N2.152,3396.0,338.41,82.0,14,617.87
p2_S2_W.44,3173.0,541.59,152.0,26,985.37
p2_S2_N2.153,3403.0,333.29,81.0,13,623.53
p2_E_W.211,3143.0,574.15,166.0,25,1017.12
p2_S2_N2.154,3422.0,319.31,74.0,13,593.7
p2_E_W.212,3151.0,563.54,153.0,24,996.37
p2_E_W.213,3173.0,549.81,140.0,22,987.2
p2_S2_W.45,3199.0,525.02,128.0,28,956.8
p2_W_N1.7,3383.0,363.63,72.0,16,677.34
p2_W_E.21,3310.0,413.7,120.0,22,815.6
p2_W_E.22,3322.0,398.95,114.0,23,773.52
p2_W_E.23,3329.0,406.17,99.0,18,795.53
p2_W_E.24,3334.0,396.56,94.0,17,778.52
p2_S2_N2.155,3427.0,333.73,89.0,15,623.48
p2_W_E.25,3347.0,379.24,92.0,17,747.04
p2_E_W.214,3177.0,562.17,152.0,27,994.82
p2_E_W.215,3184.0,560.3,140.0,25,991.73
p2_E_W.216,3199.0,546.98,141.0,23,985.44
p2_S2_W.46,3228.0,519.44,118.0,24,950.73
p2_S2_N2.156,3434.0,322.95,88.0,14,612.93
p2_S2_N2.157,3476.0,295.1,72.0,10,577.54
p2_S2_N2.158,3480.0,290.01,69.0,11,582.46
p2_E_W.217,3208.0,532.71,149.0,22,971.16
p2_S2_N2.159,3484.0,290.12,67.0,10,574.26
p2_E_W.218,3226.0,516.67,137.0,20,945.25
p2_S2_N2.160,3501.0,274.33,64.0,10,534.68
p2_E_W.219,3231.0,513.36,145.0,21,947.28
p2_E_W.220,3238.0,516.88,138.0,19,942.05
p2_W_N1.8,3426.0,357.88,83.0,19,673.0
p2_S2_N2.161,3506.0,268.35,64.0,12,549.82
p2_W_E.26,3354.0,394.84,103.0,21,792.8
p2_W_E.27,3361.0,411.23,100.0,19,798.42
p2_W_E.28,3375.0,399.18,94.0,17,779.81
p2_W_N1.9,3455.0,340.09,59.0,15,634.93
p2_W_E.29,3378.0,397.88,89.0,20,789.36
p2_S2_N2.162,3510.0,287.46,69.0,12,564.11
p2_S2_N2.163,3528.0,273.3,69.0,12,551.81
p2_E_S1.22,3251.0,529.79,152.0,21,946.58
p2_S2_N2.164,3532.0,269.45,62.0,14,537.16
p2_S2_N2.165,3536.0,270.36,61.0,12,539.29
p2_W_E.30,3389.0,394.46,97.0,18,790.47
p2_W_E.31,3400.0,393.03,94.0,18,774.76
p2_W_E.32,3404.0,390.8,91.0,15,766.14
p2_W_E.33,3411.0,385.61,86.0,18,762.13
p2_E_W.221,3254.0,542.54,152.0,23,965.27
p2_W_E.34,3429.0,368.5,74.0,19,756.38
p2_S2_W.47,3253.0,544.19,164.0,25,1002.21
p2_S2_W.48,3277.0,518.94,137.0,20,974.07
p2_S2_N2.166,3554.0,271.71,70.0,13,545.48
p2_E_W.222,3257.0,547.32,167.0,24,999.48
p2_E_W.223,3261.0,545.05,162.0,21,1002.1
p2_S2_N2.167,3557.0,270.88,68.0,13,536.84
p2_W_N1.10,3491.0,338.43,55.0,19,625.22
p2_S2_N2.168,3563.0,265.29,62.0,12,524.53
p2_W_E.35,3433.0,381.28,76.0,16,761.2
p2_W_E.36,3440.0,368.28,74.0,19,760.5
p2_W_E.37,3451.0,372.5,72.0,14,754.17
p2_W_E.38,3458.0,367.18,59.0,15,765.63
p2_E_W.224,3267.0,551.27,164.0,25,1003.66
p2_E_W.225,3280.0,545.13,153.0,25,1004.06
p2_E_W.226,3289.0,539.43,146.0,21,990.71
p2_E_W.227,3304.0,523.92,156.0,22,951.89
p2_E_W.228,3312.0,519.96,147.0,21,958.51
p2_E_W.229,3328.0,497.86,143.0,20,902.37
p2_E_W.230,3331.0,507.3,139.0,23,924.81
p2_W_E.39,3464.0,377.06,71.0,14,752.98
p2_S2_W.49,3320.0,510.59,143.0,25,967.1
p2_W_E.40,3479.0,356.57,71.0,15,727.71
p2_W_N1.11,3545.0,315.16,54.0,15,616.27
p2_W_E.41,3484.0,358.04,65.0,17,741.75
p2_S2_N2.169,3581.0,296.23,89.0,14,577.97
p2_S2_N2.170,3586.0,293.4,87.0,14,561.5
p2_W_N1.12,3619.0,260.32,30.0,10,538.39
p2_S2_N2.171,3594.0,286.65,84.0,14,559.22
p2_E_S1.23,3336.0,515.54,155.0,25,962.68
p2_W_E.42,3509.0,344.87,69.0,19,723.45
p2_W_E.43,3531.0,333.86,64.0,21,710.06
p2_W_E.44,3535.0,336.43,63.0,19,716.19
p2_S2_W.50,3355.0,523.49,158.0,24,990.59
p2_W_E.45,3538.0,338.93,55.0,17,703.38
p2_W_E.46,3562.0,314.8,47.0,11,677.4
p2_S2_W.51,3409.0,470.88,137.0,23,905.96
p2_S2_N2.172,3637.0,266.03,88.0,11,540.23
p2_E_W.231,3343.0,540.0,176.0,22,993.03
p2_E_W.232,3354.0,531.12,170.0,21,963.96
p2_S2_N2.173,3641.0,262.27,84.0,10,544.52
p2_W_N1.13,3671.0,239.09,30.0,8,509.98
p2_S2_N2.174,3646.0,258.67,82.0,11,541.09
p2_W_E.47,3581.0,311.24,52.0,11,672.13
p2_W_E.48,3584.0,310.84,46.0,12,667.81
p2_W_E.49,3590.0,307.42,43.0,14,664.39
p2_W_E.50,3597.0,301.68,42.0,11,653.45
p2_S2_N2.175,3664.0,264.19,88.0,11,557.9
p2_E_W.233,3357.0,537.76,170.0,24,983.82
p2_S2_N2.176,3667.0,258.04,83.0,11,538.39
p2_E_W.234,3361.0,535.2,167.0,25,992.05
p2_S2_N2.177,3671.0,265.61,77.0,12,547.48
p2_W_N1.14,3723.0,214.39,28.0,8,470.48
p2_E_W.235,3369.0,540.94,160.0,26,969.42
p2_S2_W.52,3452.0,465.23,133.0,20,913.53
p2_W_E.51,3641.0,277.33,46.0,9,615.67
p2_S2_W.53,3491.0,422.38,112.0,17,853.07
p2_W_E.52,3644.0,276.72,48.0,11,618.57
p2_W_E.53,3648.0,274.79,44.0,8,600.36
p2_W_E.54,3653.0,271.76,41.0,8,607.16
p2_E_W.236,3382.0,548.94,177.0,24,1001.74
p2_E_W.237,3392.0,540.83,166.0,22,991.61
p2_E_W.238,3409.0,524.09,157.0,23,969.55
p2_E_W.239,3415.0,519.43,155.0,23,942.88
p2_E_W.240,3421.0,514.9,149.0,23,936.91
p2_S2_W.54,3517.0,423.61,113.0,18,841.42
p2_S2_N2.178,3689.0,254.43,84.0,11,532.23
p2_S2_N2.179,3694.0,272.92,81.0,12,553.88
p2_W_E.55,3691.0,246.16,49.0,9,567.43
p2_W_E.56,3695.0,255.74,42.0,9,590.55
p2_W_N1.15,3776.0,192.07,30.0,8,438.18
p2_W_E.57,3698.0,254.44,37.0,8,601.21
p2_W_E.58,3705.0,249.16,36.0,8,592.08
p2_W_N1.16,3808.0,174.19,14.0,4,399.02
p2_E_S1.24,3433.0,531.65,179.0,27,971.82
p2_W_E.59,3743.0,227.97,47.0,9,549.44
p2_W_E.60,3747.0,225.93,43.0,9,551.76
p2_W_E.61,3750.0,222.66,41.0,8,539.18
p2_W_E.62,3758.0,219.24,36.0,7,538.52
p2_W_E.63,3795.0,177.19,22.0,5,482.04
p2_W_E.64,3799.0,184.52,19.0,5,485.66
p2_E_W.241,3436.0,543.2,177.0,26,1008.73
p2_E_W.242,3442.0,543.15,174.0,24,994.07
p2_W_E.65,3802.0,183.25,19.0,5,494.75
p2_W_E.66,3805.0,181.91,15.0,5,489.52
p2_E_W.243,3447.0,539.46,167.0,23,974.22
p2_W_E.67,3813.0,175.79,15.0,3,464.42
p2_S2_W.55,3543.0,443.16,130.0,20,874.77
p2_E_W.244,3459.0,531.49,163.0,28,964.31
p2_W_N1.17,3835.0,178.98,23.0,5,407.07
p2_E_W.245,3462.0,546.16,169.0,29,990.54
p2_E_W.246,3467.0,537.69,157.0,24,988.56
p2_E_W.247,3474.0,531.15,153.0,23,988.83
p2_E_W.248,3495.0,522.17,152.0,22,966.41
p2_E_W.249,3516.0,502.14,143.0,25,923.39
p2_W_E.68,3824.0,190.2,36.0,5,486.62
p2_E_W.250,3520.0,485.87,141.0,24,912.62
p2_W_E.69,3828.0,190.55,35.0,7,482.58
p2_W_E.70,3831.0,193.45,30.0,5,501.51
p2_W_N1.18,3869.0,176.4,19.0,5,412.01
p2_W_N1.19,3887.0,171.79,11.0,2,382.96
p2_E_S1.25,3529.0,513.87,151.0,23,948.35
p2_W_E.71,3840.0,205.15,40.0,6,497.52
p2_W_E.72,3851.0,200.67,36.0,6,496.53
p2_W_E.73,3854.0,190.81,31.0,6,483.73
p2_W_E.74,3857.0,191.9,27.0,5,486.81
p2_S2_W.56,3568.0,489.28,171.0,26,924.56
p2_E_W.251,3542.0,512.96,162.0,23,943.48
p2_E_W.252,3545.0,520.45,151.0,21,947.11
p2_E_W.253,3553.0,511.39,147.0,22,936.23
p2_E_W.254,3568.0,500.7,137.0,23,915.86
p2_W_N1.20,3920.0,168.34,18.0,3,393.72
p2_W_E.75,3862.0,212.19,40.0,6,513.09
p2_W_E.76,3875.0,201.13,30.0,5,511.01
p2_W_E.77,3878.0,199.87,28.0,6,503.3
p2_W_E.78,3881.0,193.63,24.0,4,498.09
p2_W_E.79,3884.0,193.92,22.0,3,482.62
p2_S2_W.57,3618.0,465.34,158.0,25,908.93
p2_W_E.80,3890.0,196.92,21.0,4,484.06
p2_S2_W.58,3653.0,434.0,133.0,19,870.51
p2_W_E.81,3895.0,192.85,22.0,4,487.0
p2_E_W.255,3577.0,510.94,149.0,24,959.83
p2_W_E.82,3906.0,181.91,22.0,4,474.96
p2_W_E.83,3912.0,180.08,21.0,4,480.25
p2_E_W.256,3596.0,480.71,140.0,21,907.62
p2_S2_W.59,3677.0,422.9,123.0,18,822.91
p2_E_W.257,3603.0,494.03,151.0,20,910.61
p2_E_W.258,3611.0,493.11,142.0,24,887.06
p2_E_W.259,3624.0,472.8,146.0,23,888.54
p2_W_E.84,3933.0,174.47,29.0,4,445.31
p2_W_N1.21,3951.0,177.6,32.0,5,419.88
p2_E_W.260,3629.0,477.91,142.0,26,893.36
p2_W_E.85,3936.0,169.53,26.0,4,437.45
p2_W_N1.22,3969.0,171.18,17.0,3,388.1
p2_W_E.86,3939.0,181.73,24.0,4,438.56
p2_W_E.87,3943.0,179.54,20.0,3,441.58
p2_E_S1.26,3637.0,482.49,151.0,24,902.59
p2_E_W.261,3651.0,488.5,154.0,22,907.47
p2_E_W.262,3655.0,488.11,166.0,21,910.79
p2_E_W.263,3663.0,481.85,159.0,23,917.63
p2_E_W.264,3679.0,467.6,151.0,23,894.24
p2_E_W.265,3687.0,461.49,147.0,22,871.89
p2_W_E.88,3957.0,188.51,36.0,5,483.21
p2_W_E.89,3960.0,192.16,33.0,6,504.33
p2_W_E.90,3963.0,191.79,29.0,8,508.8
p2_W_N1.23,3996.0,173.64,23.0,5,396.01
p2_W_E.91,3966.0,182.09,26.0,6,483.43
p2_W_E.92,3972.0,190.07,22.0,4,474.75
p2_W_E.93,3977.0,186.77,24.0,5,501.48
p2_W_E.94,3989.0,176.62,27.0,6,464.25
p2_W_E.95,3992.0,174.39,27.0,5,432.18
p2_E_W.266,3704.0,463.38,148.0,22,886.92
p2_E_W.267,3712.0,448.83,143.0,23,884.34
p2_E_W.268,3717.0,458.05,137.0,22,880.27
p2_E_W.269,3724.0,452.79,130.0,19,878.81
p2_E_W.270,3744.0,434.6,118.0,16,842.21
p2_W_N1.24,4032.0,171.34,21.0,6,404.3
p2_W_E.96,4003.0,185.36,33.0,7,448.41
p2_W_E.97,4014.0,178.47,32.0,7,449.52
p2_W_N1.25,4057.0,157.14,12.0,4,377.7
p2_W_E.98,4017.0,173.34,29.0,7,451.57
p2_E_S1.27,3747.0,455.42,151.0,18,884.94
p2_W_E.99,4020.0,171.64,23.0,6,442.01
p2_W_E.100,4024.0,181.52,22.0,5,457.72
p2_E_W.271,3751.0,467.43,166.0,22,909.06
p2_E_W.272,3754.0,466.36,154.0,18,888.48
p2_E_W.273,3761.0,458.71,154.0,18,876.14
p2_W_E.101,4042.0,180.07,31.0,6,475.37
p2_W_N1.26,4073.0,176.59,26.0,5,407.69
p2_E_W.274,3774.0,441.27,155.0,20,867.01
p2_W_E.102,4045.0,174.32,27.0,6,462.03
p2_W_E.103,4048.0,187.15,23.0,6,476.04
p2_W_E.104,4052.0,180.83,23.0,6,477.51
p2_W_E.105,4060.0,168.9,17.0,3,460.96
p2_W_E.106,4064.0,160.69,16.0,5,425.68
p2_W_E.107,4067.0,177.99,13.0,3,448.84
p2_W_E.108,4070.0,176.77,21.0,3,472.58
p2_E_W.275,3778.0,461.84,167.0,22,890.88
p2_E_W.276,3783.0,465.46,160.0,23,886.16
p2_E_W.277,3788.0,461.5,154.0,22,877.33
p2_E_W.278,3805.0,446.92,150.0,20,877.37
p2_E_W.279,3836.0,417.57,128.0,18,841.53
p2_E_W.280,3839.0,416.33,122.0,16,837.51
p2_W_N1.27,4106.0,176.4,31.0,6,423.47
p2_W_E.109,4079.0,187.75,38.0,8,462.14
p2_W_E.110,4091.0,178.05,34.0,8,453.11
p2_W_N1.28,4130.0,161.84,18.0,4,388.52
p2_E_S1.28,3842.0,436.76,144.0,20,845.15
p2_W_E.111,4095.0,192.95,43.0,6,504.12
p2_W_E.112,4101.0,180.88,36.0,6,483.18
p2_E_W.281,3846.0,448.76,148.0,18,848.05
p2_W_E.113,4116.0,167.82,27.0,8,461.07
p2_E_W.282,3852.0,443.81,149.0,19,852.9
p2_W_E.114,4120.0,178.53,24.0,6,482.27
p2_E_W.283,3873.0,422.58,132.0,17,811.97
p2_W_E.115,4123.0,168.92,20.0,4,473.27
p2_E_W.284,3876.0,425.69,126.0,17,823.38
p2_E_W.285,3879.0,424.42,119.0,18,830.68
p2_W_N1.29,4147.0,180.51,24.0,5,409.8
p2_W_E.116,4126.0,187.56,32.0,7,493.43
p2_W_E.117,4134.0,178.9,27.0,5,470.92
p2_W_E.118,4138.0,177.45,25.0,6,450.81
p2_E_W.286,3883.0,436.12,125.0,17,833.3
p2_W_E.119,4141.0,174.06,26.0,5,455.92
p2_E_W.287,3890.0,433.78,119.0,18,826.02
p2_W_E.120,4144.0,180.32,24.0,4,459.85
p2_E_W.288,3899.0,426.61,117.0,17,804.74
p2_E_W.289,3902.0,425.39,119.0,17,837.91
p2_W_E.121,4151.0,189.88,35.0,7,458.21
p2_E_W.290,3906.0,436.87,126.0,17,844.71
p2_W_E.122,4157.0,192.77,29.0,5,475.43
p2_W_E.123,4168.0,183.53,29.0,4,471.38
p2_W_E.124,4172.0,181.18,28.0,5,473.86
p2_W_N1.30,4184.0,189.5,39.0,7,444.22
p2_E_S1.29,3912.0,439.8,130.0,18,862.03
p2_W_E.125,4177.0,192.49,37.0,5,476.17
p2_E_W.291,3924.0,453.82,133.0,19,858.75
p2_E_W.292,3927.0,448.11,121.0,18,862.33
p2_E_W.293,3932.0,448.63,118.0,17,863.6
p2_E_W.294,3938.0,448.67,110.0,16,855.56
p2_E_W.295,3950.0,438.36,107.0,17,862.59
p2_E_W.296,3954.0,436.12,107.0,19,829.15
p2_W_E.126,4194.0,196.49,40.0,7,523.52
p2_E_W.297,3959.0,432.82,103.0,19,824.47
p2_W_E.127,4198.0,193.49,38.0,7,510.3
p2_E_W.298,3966.0,421.17,92.0,17,794.49
p2_W_E.128,4201.0,193.38,35.0,8,495.97
p2_E_W.299,3975.0,420.79,93.0,17,794.51
p2_E_W.300,3980.0,410.0,86.0,15,785.07
p2_W_N1.31,4214.0,209.84,59.0,10,456.68
p2_W_N1.32,4233.0,201.69,41.0,9,433.84
p2_W_E.129,4205.0,188.53,39.0,7,483.09
p2_E_S1.30,3985.0,431.31,102.0,15,817.68
p2_W_E.130,4221.0,202.85,52.0,8,497.49
p2_E_W.301,3993.0,441.37,109.0,15,827.11
p2_W_E.131,4224.0,210.47,50.0,8,504.71
p2_W_E.132,4227.0,209.19,48.0,10,502.11
p2_E_W.302,4005.0,428.98,118.0,17,835.13
p2_E_W.303,4011.0,428.29,113.0,18,809.94
p2_E_W.304,4033.0,408.07,103.0,15,793.87
p2_W_N1.33,4265.0,199.1,41.0,10,426.38
p2_W_E.133,4230.0,221.46,59.0,10,514.76
p2_W_E.134,4236.0,209.48,44.0,9,514.69
p2_E_W.305,4040.0,420.09,131.0,16,844.15
p2_W_E.135,4240.0,220.6,50.0,9,529.58
p2_E_W.306,4053.0,409.53,122.0,15,807.96
p2_W_E.136,4251.0,210.37,46.0,8,499.67
p2_E_W.307,4057.0,403.21,115.0,14,780.74
p2_E_W.308,4062.0,403.72,111.0,13,805.5
p2_E_W.309,4068.0,402.17,119.0,14,801.29
p2_E_W.310,4082.0,389.87,117.0,16,803.68
p2_W_E.137,4257.0,221.09,56.0,9,520.48
p2_W_N1.34,4289.0,208.29,45.0,9,449.19
p2_W_N1.35,4304.0,205.37,32.0,9,456.29
p2_W_E.138,4277.0,202.15,52.0,10,481.75
p2_W_E.139,4280.0,205.84,43.0,8,496.8
p2_W_E.140,4283.0,209.92,44.0,8,511.02
p2_W_E.141,4286.0,208.72,46.0,9,520.2
p2_E_S1.31,4086.0,409.03,133.0,17,822.21
p2_W_E.142,4292.0,210.03,41.0,8,497.43
p2_W_E.143,4295.0,209.88,40.0,9,487.03
p2_W_E.144,4298.0,208.67,36.0,9,492.43
p2_W_E.145,4301.0,206.29,36.0,8,501.52
p2_W_E.146,4307.0,204.88,28.0,8,485.92
p2_W_E.147,4310.0,203.76,27.0,8,472.66
p2_E_W.311,4089.0,415.27,137.0,17,814.74
p2_E_W.312,4092.0,424.65,134.0,19,808.92
p2_E_W.313,4095.0,421.18,129.0,14,822.42
p2_E_W.314,4098.0,422.06,124.0,17,831.05
p2_W_N1.36,4338.0,205.39,32.0,9,444.44
p2_E_W.315,4101.0,402.67,120.0,16,817.52
p2_W_E.148,4313.0,219.72,43.0,7,502.69
p2_W_E.149,4317.0,218.79,36.0,8,504.45
p2_E_W.316,4104.0,432.96,130.0,17,832.9
p2_E_W.317,4107.0,427.82,121.0,17,823.69
p2_E_W.318,4132.0,409.26,106.0,17,798.62
p2_E_W.319,4135.0,406.63,105.0,17,783.55
p2_E_W.320,4140.0,406.98,94.0,17,787.45
p2_W_E.150,4330.0,223.96,46.0,12,533.91
p2_W_N1.37,4369.0,203.0,29.0,6,431.24
p2_W_E.151,4354.0,204.67,34.0,8,484.73
p2_W_E.152,4357.0,205.32,35.0,7,498.81
p2_W_N1.38,4385.0,199.95,21.0,5,431.92
p2_E_S1.32,4147.0,417.95,103.0,16,793.85
p2_E_W.321,4156.0,426.62,110.0,15,799.48
p2_E_W.322,4160.0,424.77,111.0,16,798.86
p2_W_E.153,4360.0,210.29,39.0,8,506.5
p2_E_W.323,4166.0,419.59,101.0,14,802.99
p2_W_E.154,4365.0,220.74,38.0,7,529.95
p2_E_W.324,4174.0,414.87,103.0,17,803.79
p2_W_E.155,4372.0,203.19,28.0,7,490.42
p2_E_W.325,4184.0,405.51,102.0,17,780.6
p2_W_E.156,4375.0,215.23,25.0,6,518.0
p2_W_E.157,4378.0,214.02,24.0,7,523.39
p2_W_N1.39,4418.0,196.75,29.0,7,446.85
p2_W_E.158,4382.0,220.64,35.0,7,532.87
p2_W_E.159,4388.0,221.86,31.0,5,534.63
p2_E_W.326,4187.0,419.91,137.0,19,826.86
p2_E_W.327,4190.0,422.17,129.0,20,810.13
p2_W_E.160,4394.0,217.56,29.0,5,538.12
p2_E_W.328,4193.0,418.97,116.0,20,804.07
p2_W_E.161,4405.0,204.05,29.0,5,499.74
p2_E_W.329,4199.0,416.63,114.0,22,808.91
p2_W_E.162,4409.0,206.35,28.0,5,501.52
p2_W_N1.40,4458.0,183.12,28.0,8,417.2
p2_E_W.330,4208.0,401.99,109.0,20,783.53
p2_W_E.163,4430.0,200.46,35.0,6,490.21
p2_W_E.164,4434.0,198.84,34.0,6,488.95
p2_W_E.165,4437.0,199.62,31.0,5,468.87
p2_W_E.166,4444.0,194.76,30.0,5,478.13
p2_W_N1.41,4490.0,174.9,29.0,7,400.37
p2_E_S1.33,4212.0,443.27,142.0,21,860.93
p2_W_E.167,4462.0,193.61,37.0,7,470.47
p2_W_E.168,4465.0,199.14,32.0,6,477.76
p2_W_E.169,4470.0,195.9,30.0,7,498.07
p2_E_W.331,4216.0,449.13,147.0,22,863.8
p2_E_W.332,4219.0,454.3,139.0,22,884.74
p2_E_W.333,4225.0,448.73,137.0,21,888.96
p2_E_W.334,4231.0,448.31,138.0,19,890.81
p2_E_W.335,4239.0,441.99,134.0,23,885.53
p2_W_E.170,4476.0,205.48,42.0,8,499.65
p2_W_E.171,4499.0,184.37,35.0,6,475.34
p2_W_E.172,4514.0,168.48,28.0,5,435.59
p2_W_E.173,4518.0,168.34,23.0,5,439.89
p2_W_N1.42,4527.0,168.36,33.0,6,409.28
p2_E_W.336,4259.0,437.87,137.0,22,868.61
p2_E_W.337,4263.0,432.61,128.0,18,853.64
p2_E_W.338,4266.0,435.96,125.0,18,837.94
p2_E_W.339,4269.0,428.51,114.0,15,812.31
p2_E_W.340,4272.0,435.07,110.0,15,829.82
p2_W_E.174,4521.0,184.78,35.0,6,475.69
p2_W_E.175,4524.0,187.33,34.0,6,485.61
p2_W_N1.43,4558.0,174.6,25.0,6,405.02
p2_W_N1.44,4586.0,154.35,19.0,5,367.39
p2_W_E.176,4532.0,201.71,51.0,8,524.12
p2_W_E.177,4542.0,191.83,43.0,8,494.24
p2_E_S1.34,4275.0,451.46,126.0,16,869.96
p2_W_E.178,4546.0,192.39,40.0,8,505.89
p2_W_E.179,4551.0,189.17,31.0,7,501.33
p2_W_E.180,4569.0,172.84,23.0,6,482.87
p2_E_W.341,4278.0,470.02,137.0,18,854.45
p2_E_W.342,4281.0,461.1,135.0,18,861.79
p2_E_W.343,4287.0,458.21,120.0,19,856.75
p2_E_W.344,4293.0,465.04,115.0,16,853.92
p2_W_N1.45,4602.0,178.47,25.0,4,415.19
p2_W_E.181,4572.0,188.61,33.0,7,498.65
p2_E_W.345,4299.0,445.85,133.0,16,839.82
p2_W_E.182,4576.0,180.16,26.0,5,458.85
p2_W_E.183,4581.0,184.58,29.0,5,472.08
p2_W_E.184,4590.0,168.7,22.0,7,465.03
p2_W_E.185,4593.0,179.01,21.0,5,483.5
p2_W_E.186,4596.0,177.77,16.0,5,472.02
p2_E_W.346,4303.0,467.64,139.0,18,874.83
p2_W_E.187,4599.0,166.78,16.0,5,461.82
p2_E_W.347,4309.0,468.01,133.0,19,885.13
p2_E_W.348,4314.0,465.49,130.0,18,870.29
p2_E_W.349,4321.0,457.35,136.0,18,882.67
p2_E_W.350,4336.0,444.91,129.0,16,853.08
p2_W_N1.46,4628.0,178.64,31.0,7,412.44
p2_W_N1.47,4657.0,164.04,21.0,5,402.79
p2_W_E.188,4605.0,187.54,34.0,5,481.56
p2_W_E.189,4609.0,190.0,32.0,5,483.8
p2_W_E.190,4620.0,189.06,31.0,6,474.27
p2_W_E.191,4623.0,187.77,30.0,7,486.87
p2_E_S1.35,4339.0,453.67,143.0,18,893.24
p2_W_E.192,4635.0,178.59,26.0,7,463.61
p2_W_E.193,4647.0,168.26,22.0,5,433.11
p2_E_W.351,4346.0,474.56,152.0,19,886.84
p2_E_W.352,4370.0,452.43,137.0,16,864.23
p2_E_W.353,4373.0,449.24,141.0,17,869.68
p2_E_W.354,4378.0,447.99,135.0,17,864.15
p2_W_N1.48,4681.0,166.7,20.0,4,403.01
p2_W_E.194,4650.0,186.29,33.0,6,471.63
p2_W_E.195,4654.0,184.11,31.0,5,479.92
p2_W_E.196,4661.0,173.95,25.0,6,478.68
p2_W_E.197,4664.0,180.34,29.0,6,472.11
p2_W_E.198,4667.0,177.21,27.0,5,463.02
p2_E_W.355,4385.0,456.78,138.0,16,899.03
p2_W_E.199,4670.0,174.91,23.0,6,464.29
p2_E_W.356,4398.0,445.78,143.0,19,856.93
p2_E_W.357,4402.0,449.16,132.0,15,862.64
p2_W_E.200,4674.0,176.62,22.0,5,464.74
p2_E_W.358,4405.0,448.03,128.0,14,861.13
p2_E_W.359,4408.0,444.57,122.0,14,860.41
p2_E_W.360,4413.0,443.51,115.0,15,845.32
p2_W_N1.49,4709.0,174.88,26.0,6,425.56
p2_W_E.201,4692.0,176.82,31.0,6,470.16
p2_W_E.202,4696.0,175.16,28.0,6,458.73
p2_W_N1.50,4735.0,158.85,16.0,6,385.01
p2_W_E.203,4699.0,171.0,27.0,5,463.2
p2_E_S1.36,4426.0,445.59,128.0,16,868.9
p2_W_E.204,4703.0,176.43,26.0,7,479.99
p2_W_E.205,4718.0,169.68,25.0,8,452.3
p2_E_W.361,4432.0,458.51,142.0,18,876.45
p2_W_E.206,4721.0,164.8,24.0,9,429.54
p2_E_W.362,4439.0,445.06,132.0,19,857.1
p2_E_W.363,4448.0,453.57,125.0,18,854.97
p2_E_W.364,4451.0,444.44,117.0,14,850.46
p2_E_W.365,4454.0,451.07,146.0,14,877.69
p2_W_N1.51,4756.0,164.89,23.0,7,395.46
p2_W_E.207,4725.0,186.72,32.0,9,498.79
p2_W_E.208,4729.0,181.21,27.0,7,482.79
p2_E_W.366,4457.0,460.73,153.0,17,855.07
p2_W_E.209,4744.0,173.69,25.0,6,482.72
p2_W_E.210,4747.0,172.48,28.0,10,470.6
p2_W_E.211,4750.0,170.74,24.0,6,465.98
p2_E_W.367,4461.0,451.84,149.0,17,861.35
p2_E_W.368,4466.0,459.87,157.0,20,865.04
p2_E_W.369,4474.0,454.28,152.0,17,851.38
p2_W_E.212,4753.0,162.6,22.0,7,438.59
p2_E_W.370,4482.0,448.06,150.0,19,848.66
p2_W_N1.52,4773.0,181.52,21.0,6,423.38
p2_W_E.213,4759.0,180.73,29.0,8,462.88
p2_W_N1.53,4817.0,145.42,10.0,4,376.72
p2_E_S1.37,4490.0,463.16,162.0,18,874.95
p2_W_E.214,4762.0,174.09,25.0,7,470.38
p2_W_E.215,4765.0,190.97,26.0,6,482.06
p2_W_E.216,4768.0,188.96,23.0,7,476.7
p2_W_E.217,4786.0,175.91,21.0,7,465.18
p2_W_E.218,4806.0,148.58,17.0,7,422.58
p2_W_E.219,4810.0,158.15,15.0,4,441.07
p2_E_W.371,4501.0,461.64,177.0,18,892.88
p2_W_E.220,4813.0,148.59,13.0,5,422.73
p2_E_W.372,4508.0,461.65,169.0,21,894.72
p2_W_E.221,4821.0,153.63,9.0,3,425.43
p2_E_W.373,4535.0,433.92,145.0,17,842.42
p2_W_N1.54,4836.0,163.07,18.0,5,414.16
p2_E_W.374,4538.0,417.45,149.0,19,847.47
p2_E_W.375,4541.0,443.04,146.0,18,850.41
p2_E_W.376,4544.0,450.58,149.0,18,869.35
p2_W_E.222,4824.0,153.5,19.0,4,442.17
p2_W_E.223,4827.0,168.91,17.0,5,468.74
p2_E_W.377,4550.0,446.47,148.0,17,869.28
p2_E_W.378,4562.0,436.36,142.0,15,848.22
p2_W_E.224,4830.0,158.56,20.0,4,449.74
p2_W_E.225,4833.0,167.58,20.0,4,474.35
p2_E_W.379,4566.0,432.81,135.0,17,828.58
p2_E_W.380,4570.0,428.57,130.0,16,827.56
p2_W_N1.55,4866.0,162.17,21.0,4,404.32
p2_W_E.226,4839.0,178.0,28.0,6,464.77
p2_W_E.227,4842.0,179.3,25.0,6,465.13
p2_W_N1.56,4897.0,146.07,13.0,2,363.59
p2_E_S1.38,4576.0,453.88,145.0,15,861.72
p2_W_E.228,4845.0,171.46,23.0,5,454.28
p2_W_E.229,4848.0,177.89,21.0,4,470.47
p2_W_E.230,4883.0,149.89,20.0,5,434.61
p2_W_E.231,4886.0,157.27,18.0,5,435.82
p2_W_E.232,4889.0,156.06,17.0,2,409.76
p2_E_W.381,4586.0,459.75,153.0,18,864.59
p2_E_W.382,4590.0,457.56,158.0,20,888.59
p2_E_W.383,4593.0,456.55,145.0,18,865.34
p2_W_N1.57,4913.0,165.33,26.0,5,390.43
p2_E_W.384,4596.0,438.37,146.0,18,873.37
p2_E_W.385,4599.0,465.14,139.0,16,870.28
p2_E_W.386,4602.0,469.91,147.0,18,878.93
p2_W_E.233,4894.0,155.65,26.0,4,441.8
p2_E_W.387,4607.0,467.0,143.0,19,863.6
p2_W_E.234,4901.0,172.58,22.0,3,484.14
p2_W_E.235,4904.0,171.49,19.0,4,452.58
p2_W_E.236,4907.0,170.16,20.0,3,465.52
p2_W_E.237,4910.0,168.81,24.0,3,476.41
p2_E_W.388,4613.0,451.05,135.0,19,841.86
p2_E_W.389,4618.0,467.38,130.0,16,850.18
p2_E_W.390,4621.0,460.25,123.0,15,874.18
p2_W_N1.58,4940.0,168.88,28.0,6,390.44
p2_W_E.238,4920.0,173.96,33.0,5,444.63
p2_W_E.239,4929.0,169.31,32.0,5,454.24
p2_W_N1.59,4967.0,153.07,15.0,5,384.76
p2_E_S1.39,4625.0,481.68,140.0,16,898.87
p2_W_E.240,4932.0,180.86,44.0,6,472.61
p2_W_E.241,4935.0,185.48,35.0,6,486.03
p2_E_W.391,4633.0,490.0,149.0,16,884.92
p2_E_W.392,4663.0,461.75,140.0,18,861.72
p2_W_E.242,4946.0,167.81,25.0,7,457.12
p2_W_E.243,4955.0,171.06,22.0,7,461.98
p2_E_W.393,4667.0,458.33,131.0,18,856.26
p2_E_W.394,4671.0,439.6,123.0,16,849.35
p2_E_W.395,4677.0,471.84,134.0,20,883.67
p2_W_E.244,4958.0,169.7,33.0,7,460.32
p2_E_W.396,4690.0,458.34,133.0,16,858.18
p2_W_E.245,4961.0,189.22,33.0,8,469.92
p2_W_E.246,4972.0,182.33,23.0,5,495.21
p2_W_E.247,4975.0,181.0,24.0,6,490.08
p2_E_W.397,4693.0,452.46,127.0,16,851.75
p2_W_E.248,4978.0,179.68,22.0,5,497.17
p2_W_E.249,4981.0,178.48,25.0,4,503.59
p2_E_W.398,4696.0,449.59,127.0,19,829.58
p2_E_W.399,4699.0,453.84,119.0,19,835.27
p2_E_W.400,4705.0,458.96,123.0,20,854.8
p2_E_W.401,4721.0,444.72,112.0,16,835.49
p2_E_W.402,4726.0,441.47,106.0,15,809.46
p2_E_S1.40,4716.0,435.17,114.0,16,817.56
p2_E_W.403,4735.0,434.26,105.0,16,800.18
p2_E_W.404,4738.0,431.07,111.0,19,815.03
p2_E_W.405,4742.0,429.0,105.0,17,800.14
p2_E_W.406,4747.0,427.47,104.0,16,803.91
p2_E_W.407,4753.0,423.24,99.0,15,800.77
p2_E_W.408,4759.0,418.94,95.0,15,790.86
p2_E_W.409,4764.0,415.61,90.0,16,786.02
p2_E_W.410,4768.0,413.62,84.0,15,773.15
p2_E_S1.41,4773.0,409.48,80.0,16,757.05
p2_E_W.411,4779.0,402.93,77.0,14,748.48
p2_E_W.412,4817.0,360.77,49.0,13,692.35
p2_E_W.413,4822.0,361.2,47.0,10,689.28
p2_E_W.414,4829.0,358.71,49.0,11,702.63
p2_E_W.415,4843.0,347.12,63.0,12,688.95
p2_E_W.416,4846.0,352.5,60.0,11,693.65
p2_E_W.417,4851.0,344.26,55.0,11,689.89
p2_E_W.418,4858.0,341.13,53.0,10,687.69
p2_E_W.419,4869.0,334.77,67.0,8,698.65
p2_E_S1.42,4877.0,327.66,52.0,8,654.1
p2_E_W.420,4873.0,328.36,58.0,10,659.48
p2_E_W.421,4882.0,325.38,51.0,9,664.39
p2_E_W.422,4892.0,328.33,63.0,7,655.37
p2_E_W.423,4899.0,330.01,63.0,10,670.86
p2_E_W.424,4902.0,320.42,60.0,7,673.23
p2_E_W.425,4907.0,327.07,65.0,9,673.4
p2_E_W.426,4911.0,320.22,58.0,10,681.78
p2_E_W.427,4915.0,322.66,53.0,9,672.66
p2_E_W.428,4919.0,311.37,51.0,10,627.12
p2_E_W.429,4930.0,312.7,48.0,8,638.95
p2_E_W.430,4945.0,299.37,45.0,10,624.42
p2_E_W.431,4957.0,289.15,36.0,8,602.29
p2_E_S1.43,4950.0,288.96,42.0,9,613.76
p2_E_W.432,4963.0,284.98,44.0,7,592.91
p2_E_W.433,4970.0,279.73,41.0,6,580.98
p2_E_W.434,4975.0,276.49,39.0,6,571.78
p2_E_W.435,4980.0,273.16,40.0,7,580.83
p2_E_W.436,4984.0,271.12,37.0,4,585.98
p2_E_W.437,4991.0,265.86,36.0,5,588.28
p2_E_W.438,4998.0,260.71,34.0,5,554.38
p2_E_W.439,5008.0,252.37,32.0,6,557.01
p2_E_S1.44,5026.0,237.82,27.0,5,516.18
p2_E_W.440,5022.0,229.97,30.0,7,506.93
p2_E_W.441,5030.0,233.7,24.0,4,497.19
p2_E_W.442,5036.0,236.61,22.0,3,515.4
p2_E_W.443,5043.0,231.32,21.0,4,520.62
p2_E_W.444,5047.0,223.09,21.0,3,499.46
p2_E_W.445,5050.0,227.92,21.0,4,508.7
p2_E_W.446,5053.0,226.67,19.0,3,525.2
p2_E_W.447,5057.0,215.14,19.0,3,496.47
p2_E_W.448,5065.0,214.77,19.0,3,499.79
p2_E_W.449,5072.0,210.31,16.0,2,511.3
p2_E_W.450,5078.0,222.95,28.0,3,523.82
p2_E_S1.45,5086.0,216.44,24.0,3,512.29
p2_E_W.451,5102.0,202.74,21.0,3,487.35
p2_E_W.452,5113.0,193.46,24.0,3,480.48
p2_E_W.453,5119.0,189.61,22.0,5,479.36
p2_E_W.454,5122.0,188.38,21.0,3,469.63
p2_E_W.455,5126.0,186.45,21.0,4,473.63
p2_E_W.456,5132.0,182.48,21.0,6,464.06
p2_E_W.457,5137.0,178.69,17.0,4,464.66
p2_E_W.458,5142.0,170.57,20.0,6,454.97
p2_E_W.459,5148.0,168.57,18.0,4,446.05
p2_E_W.460,5154.0,171.28,15.0,5,462.3
p2_E_S1.46,5162.0,162.87,23.0,6,463.57
p2_E_W.461,5177.0,150.0,21.0,4,459.86
p2_E_W.462,5200.0,128.67,14.0,3,416.42
p2_E_W.463,5204.0,125.15,13.0,2,404.55
p2_E_W.464,5208.0,124.38,10.0,2,401.59
p2_E_W.465,5214.0,120.02,10.0,2,407.74
p2_E_W.466,5225.0,104.36,12.0,4,356.1
p2_E_W.467,5228.0,107.21,10.0,3,354.7
p2_E_W.468,5232.0,112.02,10.0,3,362.99
p2_E_W.469,5235.0,110.79,7.0,2,369.34
p2_E_W.470,5241.0,103.8,9.0,2,365.48
p2_E_W.471,5261.0,86.06,7.0,2,325.89
p2_E_S1.47,5253.0,85.74,7.0,2,324.38
p2_E_W.472,5266.0,87.4,7.0,2,340.32
p2_E_W.473,5271.0,76.8,8.0,2,331.15
p2_E_W.474,5278.0,81.14,7.0,2,317.96
p2_E_W.475,5284.0,76.82,7.0,2,344.66
p2_E_W.476,5290.0,72.58,6.0,2,330.97
p2_E_W.477,5295.0,82.3,18.0,3,360.62
p2_E_W.478,5303.0,74.38,14.0,2,359.57
p2_E_W.479,5311.0,70.88,12.0,3,356.95
p2_E_W.480,5327.0,56.61,11.0,2,338.85
p2_E_S1.48,5330.0,51.41,10.0,2,310.65
p2_E_W.481,5333.0,46.49,9.0,2,292.23
p2_E_W.482,5336.0,55.03,9.0,2,318.95
p2_E_W.483,5339.0,57.14,9.0,2,316.89
p2_E_W.484,5342.0,57.61,6.0,2,322.13
p2_E_W.485,5345.0,56.5,7.0,2,324.74
p2_E_W.486,5348.0,39.89,6.0,1,287.31
p2_E_W.487,5351.0,54.26,5.0,2,299.11
p2_E_W.488,5354.0,54.27,12.0,1,327.52
p2_E_W.489,5357.0,51.44,12.0,1,326.5
p2_E_W.490,5360.0,49.0,11.0,1,320.69
p2_E_S1.49,5363.0,42.62,11.0,1,304.68
p2_E_W.491,5366.0,47.56,11.0,1,335.26
p2_E_W.492,5369.0,42.21,9.0,1,305.6
p2_E_W.493,5372.0,42.38,9.0,1,305.18
p2_E_W.494,5375.0,34.95,9.0,1,257.02
p2_E_W.495,5378.0,30.72,8.0,1,261.17
p2_E_W.496,5381.0,45.13,9.0,1,286.3
p2_E_W.497,5384.0,43.85,7.0,1,292.41
p2_E_W.498,5387.0,39.58,7.0,1,292.43
p2_E_S1.50,5396.0,33.72,7.0,1,272.09
p2_E_W.499,5390.0,31.3,7.0,1,295.35
p2_E_W.500,5393.0,38.66,7.0,1,302.31
p2_E_W.501,5399.0,36.14,5.0,1,305.3
p2_E_W.502,5402.0,34.82,4.0,1,304.17
p2_E_W.503,5405.0,33.65,3.0,1,314.62
p2_E_W.504,5408.0,34.57,12.0,1,289.08
p2_E_W.505,5411.0,44.26,11.0,1,293.39
p2_E_W.506,5414.0,48.67,10.0,1,307.43
p2_E_W.507,5417.0,33.29,9.0,1,283.89
p2_E_W.508,5420.0,46.66,8.0,1,311.07
p2_E_W.509,5423.0,45.42,8.0,1,314.73
p2_E_S1.51,5429.0,38.88,6.0,1,293.37
p2_E_W.510,5426.0,44.01,7.0,1,311.8
p2_E_W.511,5432.0,39.84,6.0,1,297.53
p2_E_W.512,5435.0,38.57,6.0,1,290.37
p2_E_W.513,5438.0,37.25,6.0,1,279.0
p2_E_W.514,5441.0,36.03,6.0,1,277.05
p2_E_W.515,5444.0,34.84,11.0,1,281.49
p2_E_W.516,5447.0,33.63,10.0,1,283.4
p2_E_W.517,5450.0,30.34,7.0,1,281.32
p2_E_W.518,5453.0,24.91,5.0,1,245.2
p2_E_W.519,5456.0,22.04,4.0,1,245.63
p2_E_W.520,5459.0,30.54,3.0,1,262.55
p2_E_W.521,5465.0,22.57,0.0,0,252.91
p2_E_S1.52,5462.0,20.01,0.0,0,242.61
p2_E_W.522,5468.0,25.61,0.0,0,259.55
p2_E_W.523,5471.0,24.02,0.0,0,269.18
p2_E_W.524,5474.0,23.8,0.0,0,280.68
p2_E_W.525,5477.0,15.97,0.0,0,250.4
p2_E_W.526,5480.0,21.42,0.0,0,261.12
p2_E_W.527,5483.0,21.86,0.0,0,256.37
p2_E_W.528,5486.0,20.54,0.0,0,255.98
p2_E_W.529,5489.0,16.28,0.0,0,247.4
p2_E_S1.53,5495.0,29.78,9.0,1,248.02
p2_E_W.530,5492.0,22.87,10.0,1,240.89
p2_E_W.531,5498.0,36.95,9.0,1,282.25
p2_E_W.532,5501.0,36.11,7.0,1,277.88
p2_E_W.533,5504.0,39.12,7.0,1,288.24
p2_E_W.534,5507.0,37.88,6.0,1,296.59
p2_E_W.535,5510.0,36.52,6.0,1,290.44
p2_E_W.536,5513.0,35.31,7.0,1,290.18
p2_E_W.537,5516.0,31.46,6.0,1,264.73
p2_E_W.538,5519.0,32.84,6.0,1,269.21
p2_E_W.539,5522.0,31.71,9.0,1,283.91
p2_E_W.540,5525.0,30.41,8.0,1,288.5
p2_E_S1.54,5528.0,21.92,3.0,1,253.25
p2_E_W.541,5531.0,22.84,3.0,1,253.82
p2_E_W.542,5534.0,22.37,2.0,1,259.12
p2_E_W.543,5537.0,23.96,1.0,1,275.24
p2_E_W.544,5540.0,18.53,0.0,0,248.37
p2_E_W.545,5543.0,21.66,0.0,0,258.94
p2_E_W.546,5546.0,20.33,0.0,0,256.1
p2_E_W.547,5549.0,18.37,0.0,0,268.48
p2_E_W.548,5552.0,17.83,0.0,0,258.56
p2_E_W.549,5555.0,16.7,0.0,0,253.68
p2_E_W.550,5558.0,12.34,0.0,0,222.5
p2_E_S1.55,5561.0,14.19,0.0,0,248.12
p2_E_W.551,5564.0,9.54,0.0,0,208.59
p2_E_W.552,5567.0,7.7,0.0,0,190.98
p2_E_W.553,5570.0,10.39,0.0,0,214.83
p2_E_W.554,5573.0,7.74,0.0,0,195.45
p2_E_W.555,5576.0,29.01,13.0,1,255.45
p2_E_W.556,5579.0,17.34,4.0,1,228.65
p2_E_W.557,5582.0,33.15,3.0,1,257.23
p2_E_W.558,5585.0,31.91,3.0,1,259.33
p2_E_W.559,5588.0,30.52,3.0,1,263.1
p2_E_W.560,5591.0,25.63,1.0,1,250.96
p2_E_W.561,5598.0,31.58,5.0,1,255.56
p2_E_W.562,5601.0,30.52,5.0,1,259.57
p2_E_W.563,5604.0,28.58,5.0,1,265.69
p2_E_S1.56,5595.0,20.31,6.0,1,245.8
p2_E_W.564,5607.0,24.36,4.0,1,250.67
p2_E_W.565,5610.0,29.59,4.0,1,278.08
p2_E_W.566,5613.0,22.85,3.0,1,260.95
p2_E_W.567,5616.0,27.31,3.0,1,273.73
p2_E_W.568,5619.0,13.4,0.0,0,222.94
p2_E_S1.57,5628.0,21.36,0.0,0,266.27
p2_E_W.569,5622.0,29.33,0.0,0,248.08
p2_E_W.570,5625.0,28.05,0.0,0,262.38
p2_E_W.571,5631.0,23.84,0.0,0,274.2
p2_E_W.572,5634.0,21.74,0.0,0,280.09
p2_E_W.573,5637.0,21.31,0.0,0,271.85
p2_E_W.574,5640.0,20.06,0.0,0,279.43
p2_E_W.575,5643.0,10.16,0.0,0,222.14
p2_E_W.576,5646.0,18.07,0.0,0,245.38
p2_E_W.577,5650.0,15.89,0.0,0,256.1
p2_E_W.578,5653.0,28.0,13.0,1,262.85
p2_E_W.579,5656.0,27.34,11.0,1,244.5
p2_E_S1.58,5662.0,25.63,4.0,1,245.95
p2_E_W.580,5659.0,18.93,6.0,1,225.16
p2_E_W.581,5665.0,18.55,3.0,1,234.39
p2_E_W.582,5668.0,27.96,1.0,1,253.45
p2_E_W.583,5671.0,24.35,13.0,1,244.35
p2_E_W.584,5674.0,25.48,12.0,1,241.61
p2_E_W.585,5677.0,24.12,11.0,1,246.82
p2_E_W.586,5680.0,21.0,8.0,1,231.93
p2_E_W.587,5683.0,20.03,7.0,1,238.3
p2_E_W.588,5686.0,21.56,6.0,1,248.39
p2_E_W.589,5689.0,20.32,5.0,1,236.28
p2_E_W.590,5692.0,19.0,3.0,1,238.73
p2_E_S1.59,5695.0,16.32,0.0,0,238.0
p2_E_W.591,5698.0,18.22,0.0,0,251.97
p2_E_W.592,5701.0,10.82,0.0,0,208.97
p2_E_W.593,5704.0,22.25,0.0,0,241.91
p2_E_W.594,5707.0,20.87,0.0,0,238.27
p2_E_W.595,5710.0,19.54,0.0,0,254.95
p2_E_W.596,5713.0,8.02,0.0,0,203.2
p2_E_W.597,5716.0,18.66,0.0,0,225.29
p2_E_W.598,5719.0,21.0,0.0,0,237.49
p2_E_W.599,5722.0,19.8,0.0,0,253.27
