id,depart,timeloss,espera,paradas,co2
p1_S3_E3.0,3.0,7.01,0.0,0,159.45
p1_E1_N3.0,3.0,26.18,11.0,1,197.36
p1_W1_E1.1,6.0,8.12,0.0,0,247.19
p1_W_E.0,0.0,8.35,0.0,0,245.34
p1_E2_N2.0,3.0,12.04,0.0,0,277.53
p1_N3_S3.0,0.0,15.92,4.0,1,280.8
p1_N2_S2.0,0.0,26.36,8.0,1,301.65
p1_W2_S2.0,3.0,23.92,7.0,1,310.99
p1_W1_E1.0,0.0,9.37,0.0,0,249.13
p1_W3_E3.0,0.0,23.0,9.0,1,287.18
p1_N2_S2.1,20.0,8.44,0.0,0,244.85
p1_E1_N3.1,61.0,8.39,0.0,0,163.18
p1_E1_W1.1,15.0,14.33,0.0,0,276.65
p1_W3_E3.1,6.0,25.24,10.0,1,284.12
p1_E_W.1,15.0,18.02,4.0,1,283.18
p1_N3_W1.0,3.0,18.79,2.0,1,282.7
p1_W1_E1.2,12.0,22.14,8.0,1,274.32
p1_W3_E3.3,18.0,15.71,3.0,1,268.62
p1_N2_W2.0,3.0,32.09,7.0,2,332.63
p1_W3_S3.0,3.0,27.13,12.0,1,305.1
p1_W3_E3.4,24.0,12.34,0.0,0,262.85
p1_W1_S1.0,3.0,34.92,16.0,1,323.99
p1_N1_S1.0,0.0,32.69,13.0,2,306.65
p1_N1_W3.0,3.0,35.93,16.0,2,315.97
p1_W_E.1,6.0,20.84,7.0,1,281.92
p1_W3_E3.2,12.0,20.04,5.0,1,284.59
p1_W_E.2,12.0,15.46,1.0,1,260.62
p1_S3_N3.0,0.0,42.17,23.0,2,327.62
p1_W_E.3,18.0,19.68,0.0,0,294.24
p1_W_E.4,24.0,15.91,0.0,0,270.63
p1_S2_N2.0,0.0,44.39,27.0,1,342.31
p1_E_W.0,0.0,22.01,7.0,1,285.58
p1_S1_N1.0,0.0,32.7,15.0,2,305.29
p1_S3_N3.1,20.0,21.9,7.0,1,281.52
p1_S2_N2.2,40.0,7.23,0.0,0,239.25
p1_E3_W3.0,0.0,47.2,24.0,3,359.81
p1_E3_W3.1,15.0,30.68,12.0,2,309.67
p1_W1_E1.5,30.0,23.3,7.0,1,294.05
p1_E1_W1.3,44.0,9.44,0.0,0,267.08
p1_W1_E1.3,18.0,34.32,15.0,2,327.8
p1_E1_W1.2,29.0,26.29,12.0,1,284.09
p1_W1_E1.6,36.0,19.29,4.0,1,285.25
p1_W1_E1.8,48.0,9.1,0.0,0,247.95
p1_N3_S3.2,40.0,18.33,7.0,1,277.59
p1_E_W.2,29.0,29.75,11.0,1,311.04
p1_W_E.6,36.0,23.22,5.0,1,299.42
p1_W1_E1.7,42.0,17.02,0.0,0,284.28
p1_E_W.3,44.0,15.42,0.0,0,276.58
p1_S3_E3.1,63.0,40.25,28.0,1,225.86
p1_E1_W1.0,0.0,41.19,22.0,2,326.41
p1_S2_E2.0,3.0,58.47,30.0,3,370.57
p1_W_E.5,30.0,31.3,10.0,1,336.46
p1_N3_S3.1,20.0,31.44,13.0,2,309.88
p1_E3_W3.2,29.0,32.92,13.0,2,320.53
p1_E3_W3.3,44.0,18.18,3.0,1,274.84
p1_W_E.7,42.0,18.57,1.0,1,304.86
p1_W1_E1.4,24.0,21.53,8.0,1,290.76
p1_W_E.8,48.0,8.55,0.0,0,251.45
p1_E3_W3.4,58.0,12.72,0.0,0,269.11
p1_S2_N2.3,60.0,11.21,0.0,0,277.37
p1_S1_N1.1,20.0,40.3,20.0,2,327.01
p1_S2_E2.1,63.0,10.56,0.0,0,251.35
p1_W3_E3.5,30.0,25.96,11.0,1,292.23
p1_W3_E3.6,36.0,19.42,4.0,1,278.25
p1_W3_E3.8,48.0,29.08,1.0,1,308.72
p1_W3_E3.9,54.0,22.84,0.0,0,305.11
p1_S1_N1.2,40.0,23.47,11.0,1,275.9
p1_W3_S3.1,63.0,13.55,0.0,0,260.78
p1_S3_N3.2,40.0,23.33,4.0,1,302.14
p1_W3_E3.10,60.0,18.86,0.0,0,297.43
p1_N1_S1.1,20.0,55.96,36.0,2,345.13
p1_E1_W1.4,58.0,21.88,6.0,1,298.27
p1_W1_S1.1,63.0,18.38,0.0,0,289.63
p1_N2_S2.3,60.0,22.53,5.0,1,297.64
p1_N1_S1.2,40.0,27.5,6.0,2,317.76
p1_W3_E3.7,42.0,14.98,0.0,0,272.63
p1_E_W.5,72.0,12.28,0.0,0,286.84
p1_N2_S2.2,40.0,35.61,12.0,3,329.7
p1_S2_N2.1,20.0,25.72,5.0,1,291.53
p1_E_W.4,58.0,28.23,7.0,1,314.87
p1_W1_E1.10,60.0,26.33,6.0,2,311.67
p1_W1_E1.11,66.0,19.0,3.0,1,299.28
p1_W1_E1.12,72.0,16.43,1.0,1,275.1
p1_E1_N3.2,120.0,11.21,0.0,0,176.2
p1_S3_E3.2,123.0,8.36,0.0,0,166.3
p1_S1_E1.0,3.0,41.14,10.0,3,444.11
p1_W1_E1.9,54.0,36.26,12.0,2,347.97
p1_W2_S2.1,63.0,22.92,4.0,1,289.45
p1_W_E.9,54.0,37.75,16.0,3,347.7
p1_W_E.10,60.0,31.93,7.0,2,332.68
p1_E3_W3.5,72.0,20.2,7.0,1,271.82
p1_W_E.13,78.0,15.46,0.0,0,296.26
p1_E3_N1.0,3.0,48.9,21.0,3,455.87
p1_W_E.12,72.0,23.35,0.0,0,310.09
p1_E3_W3.6,87.0,7.73,0.0,0,239.81
p1_S1_N1.3,60.0,35.91,17.0,2,321.04
p1_W_E.11,66.0,23.88,1.0,1,308.17
p1_W3_E3.15,90.0,8.38,0.0,0,249.35
p1_S1_N1.4,80.0,19.35,4.0,1,291.5
p1_E2_N2.1,61.0,39.13,13.0,2,339.12
p1_W3_E3.11,66.0,23.38,9.0,1,283.25
p1_W3_E3.14,84.0,16.22,1.0,1,280.47
p1_W3_E3.13,78.0,15.84,1.0,1,271.73
p1_S3_N3.3,60.0,43.24,29.0,1,312.54
p1_S3_N3.4,80.0,23.88,10.0,1,283.27
p1_N2_W2.1,63.0,25.84,7.0,1,297.57
p1_N3_W1.1,63.0,41.9,22.0,2,330.93
p1_N1_W3.1,63.0,46.09,21.0,3,352.31
p1_N1_S1.4,80.0,29.39,9.0,2,319.7
p1_N3_S3.3,60.0,50.3,25.0,3,360.84
p1_N3_S3.4,80.0,30.73,11.0,2,311.84
p1_W1_E1.16,96.0,14.93,0.0,0,274.84
p1_W1_E1.13,78.0,29.07,11.0,2,318.88
p1_E1_W1.6,87.0,20.03,3.0,1,294.71
p1_N1_S1.3,60.0,44.42,21.0,3,353.21
p1_N2_S2.4,80.0,25.65,8.0,1,298.57
p1_W_E.14,84.0,33.14,8.0,1,337.1
p1_W1_E1.15,90.0,16.75,0.0,0,275.42
p1_W_E.15,90.0,24.64,4.0,2,318.33
p1_W_E.16,96.0,18.86,0.0,0,293.61
p1_W_E.17,102.0,18.84,0.0,0,291.93
p1_W1_E1.14,84.0,15.47,1.0,1,281.79
p1_W3_E3.18,108.0,13.68,0.0,0,285.15
p1_E1_W1.5,72.0,22.68,8.0,1,291.8
p1_E_W.6,87.0,35.69,12.0,2,342.14
p1_E3_W3.7,101.0,22.16,4.0,1,294.65
p1_W3_E3.16,96.0,27.68,10.0,2,301.23
p1_E_W.7,101.0,19.9,6.0,1,285.63
p1_W3_E3.17,102.0,20.71,3.0,1,292.27
p1_E3_W3.8,116.0,7.56,0.0,0,238.88
p1_W3_E3.12,72.0,40.46,19.0,2,328.05
p1_E1_W1.8,116.0,17.06,1.0,1,283.61
p1_W1_S1.2,123.0,10.31,0.0,0,261.15
p1_S2_N2.4,80.0,55.52,38.0,2,345.7
p1_N1_S1.5,100.0,30.65,13.0,2,321.6
p1_S2_N2.6,120.0,11.58,0.0,0,263.1
p1_S3_N3.6,120.0,8.33,0.0,0,246.3
p1_E1_W1.7,101.0,24.79,9.0,1,287.33
p1_N3_S3.5,100.0,35.34,12.0,3,329.92
p1_S3_N3.5,100.0,30.24,11.0,2,298.86
p1_N2_S2.5,100.0,39.55,15.0,2,343.3
p1_S2_N2.5,100.0,27.8,11.0,1,302.62
p1_N1_S1.6,120.0,20.09,5.0,1,277.55
p1_W2_S2.2,123.0,18.99,0.0,0,288.47
p1_E_W.9,130.0,8.55,0.0,0,240.7
p1_N1_W3.2,123.0,20.29,3.0,1,297.64
p1_E3_N1.1,61.0,42.87,16.0,2,448.09
p1_W1_E1.17,102.0,46.52,18.0,3,357.75
p1_W_E.21,126.0,22.51,6.0,1,290.03
p1_W1_E1.18,108.0,39.33,15.0,3,332.84
p1_W_E.19,114.0,34.72,10.0,2,326.76
p1_S1_N1.6,120.0,26.7,8.0,1,299.61
p1_S3_E3.3,183.0,10.03,0.0,0,167.51
p1_E1_N3.3,180.0,14.05,2.0,1,178.68
p1_S1_N1.5,100.0,37.69,13.0,2,336.44
p1_W1_E1.19,114.0,36.63,9.0,3,336.26
p1_W1_E1.20,120.0,31.19,8.0,2,328.75
p1_W3_E3.22,132.0,20.36,4.0,1,294.21
p1_S1_E1.1,63.0,44.09,11.0,3,451.95
p1_W_E.18,108.0,36.37,13.0,2,332.75
p1_W1_E1.22,132.0,20.98,8.0,1,284.51
p1_W3_E3.19,114.0,40.28,17.0,3,355.45
p1_W_E.20,120.0,22.55,4.0,1,300.62
p1_E3_W3.9,130.0,15.74,1.0,1,284.12
p1_W_E.22,132.0,23.41,4.0,1,286.41
p1_W_E.23,138.0,16.74,1.0,1,280.73
p1_W3_S3.2,123.0,32.2,6.0,1,353.22
p1_W3_E3.23,138.0,11.58,0.0,0,261.93
p1_N3_W1.2,122.0,37.58,16.0,2,322.65
p1_S2_E2.2,123.0,36.68,23.0,1,313.74
p1_W3_E3.21,126.0,29.75,6.0,1,325.65
p1_S3_N3.7,140.0,22.19,4.0,1,303.24
p1_W3_E3.20,120.0,24.75,4.0,1,299.58
p1_E_W.8,116.0,26.25,7.0,2,296.07
p1_E2_N2.2,120.0,35.58,9.0,2,324.63
p1_N2_W2.2,123.0,36.51,12.0,2,330.71
p1_S2_N2.7,140.0,17.24,3.0,1,274.22
p1_N1_S1.8,160.0,8.2,0.0,0,247.31
p1_N3_S3.7,140.0,32.43,14.0,2,317.16
p1_W1_E1.24,144.0,28.06,10.0,1,310.95
p1_W1_E1.23,138.0,35.37,13.0,2,313.81
p1_N3_S3.6,120.0,47.17,22.0,3,350.2
p1_E3_W3.10,144.0,31.13,13.0,2,315.0
p1_W1_E1.25,150.0,25.11,9.0,1,295.2
p1_N2_S2.7,140.0,29.07,11.0,2,316.03
p1_W1_E1.21,126.0,37.55,19.0,2,323.12
p1_W1_E1.27,162.0,16.68,3.0,1,276.79
p1_N2_S2.6,120.0,45.31,20.0,3,350.04
p1_S1_N1.7,140.0,17.33,1.0,1,284.76
p1_E3_W3.11,159.0,9.6,0.0,0,252.58
p1_W_E.26,156.0,28.55,8.0,1,320.44
p1_W_E.25,150.0,34.66,11.0,2,336.8
p1_W3_E3.25,150.0,35.45,11.0,3,346.94
p1_E_W.10,144.0,37.44,15.0,3,335.92
p1_W_E.28,168.0,18.41,5.0,1,281.06
p1_W3_E3.24,144.0,37.09,13.0,2,338.12
p1_E1_W1.9,130.0,50.43,24.0,3,350.48
p1_E_W.11,159.0,15.86,2.0,1,272.79
p1_W3_E3.27,162.0,25.69,5.0,2,313.24
p1_W3_E3.26,156.0,28.0,2.0,1,317.18
p1_W_E.24,144.0,36.14,11.0,2,325.08
p1_E1_W1.11,159.0,30.86,7.0,2,332.63
p1_E1_W1.10,144.0,27.57,10.0,2,297.96
p1_S3_N3.8,160.0,33.93,14.0,2,325.37
p1_N1_S1.7,140.0,47.09,29.0,2,337.74
p1_S1_N1.8,160.0,34.94,14.0,2,325.52
p1_S2_N2.8,160.0,37.93,20.0,2,322.07
p1_N1_S1.9,180.0,8.14,0.0,0,246.26
p1_S2_N2.9,180.0,17.85,4.0,1,277.42
p1_S1_N1.9,180.0,18.79,1.0,1,300.24
p1_E3_N1.2,120.0,36.47,11.0,2,427.91
p1_E2_N2.3,180.0,21.04,3.0,1,291.34
p1_N1_W3.3,183.0,10.55,0.0,0,262.08
p1_N2_S2.8,160.0,41.68,19.0,2,352.97
p1_N2_S2.9,180.0,21.82,9.0,1,276.93
p1_S3_N3.9,180.0,9.01,0.0,0,241.72
p1_N3_S3.8,160.0,41.3,19.0,3,343.82
p1_N3_S3.9,180.0,23.67,5.0,2,307.47
p1_W1_E1.28,168.0,37.51,10.0,1,343.45
p1_W1_E1.29,174.0,31.64,11.0,2,324.27
p1_E1_N3.4,240.0,10.12,0.0,0,178.14
p1_S3_E3.4,243.0,6.75,0.0,0,175.17
p1_W2_S2.3,183.0,24.46,10.0,1,298.05
p1_E_W.12,173.0,37.39,15.0,2,345.63
p1_E1_W1.12,173.0,38.56,19.0,2,329.81
p1_E_W.13,188.0,22.73,7.0,1,298.23
p1_W1_E1.26,156.0,41.62,17.0,3,338.65
p1_W1_E1.30,180.0,22.11,9.0,1,281.08
p1_E1_W1.13,188.0,21.18,8.0,1,281.64
p1_W1_E1.32,192.0,21.5,0.0,0,277.86
p1_E_W.14,202.0,10.89,0.0,0,262.26
p1_W1_E1.31,186.0,16.44,2.0,1,266.72
p1_W3_E3.28,168.0,47.47,23.0,2,360.49
p1_N3_W1.3,183.0,26.77,8.0,1,297.36
p1_W_E.31,186.0,29.26,10.0,2,302.87
p1_W1_E1.33,198.0,10.33,0.0,0,259.41
p1_W_E.29,174.0,41.9,25.0,2,331.73
p1_W3_E3.29,174.0,42.36,19.0,3,353.42
p1_W3_S3.3,183.0,34.74,11.0,1,331.55
p1_E3_W3.14,202.0,8.07,0.0,0,244.61
p1_W_E.30,180.0,35.68,16.0,2,310.4
p1_W3_E3.31,186.0,25.52,10.0,1,296.25
p1_W3_E3.32,192.0,24.44,8.0,1,301.7
p1_W_E.32,192.0,20.8,3.0,1,288.95
p1_W3_E3.30,180.0,37.35,12.0,2,343.18
p1_W1_S1.3,183.0,35.7,16.0,2,329.12
p1_S2_N2.10,200.0,21.65,7.0,1,290.19
p1_W_E.33,198.0,20.77,2.0,1,297.36
p1_E3_W3.12,173.0,27.47,8.0,2,302.15
p1_N1_S1.10,200.0,24.22,6.0,2,301.76
p1_W_E.27,162.0,40.92,20.0,2,321.81
p1_S2_E2.3,183.0,35.81,24.0,1,304.02
p1_S3_N3.10,200.0,26.03,7.0,2,303.79
p1_N3_S3.10,200.0,20.7,7.0,1,279.98
p1_S1_N1.10,200.0,34.63,15.0,2,323.0
p1_S1_E1.2,123.0,58.76,30.0,3,474.3
p1_E3_W3.16,231.0,8.31,0.0,0,245.74
p1_W_E.37,222.0,19.11,4.0,1,305.38
p1_N2_S2.10,200.0,27.49,7.0,2,296.27
p1_E_W.15,216.0,24.66,1.0,1,324.25
p1_W1_E1.34,204.0,24.17,11.0,1,284.38
p1_W_E.35,210.0,33.21,10.0,2,325.56
p1_W_E.36,216.0,20.87,0.0,0,300.16
p1_E3_W3.13,188.0,29.52,13.0,1,302.04
p1_W1_E1.35,210.0,17.82,2.0,1,273.63
p1_W1_E1.36,216.0,26.05,3.0,1,297.27
p1_E_W.16,231.0,10.3,0.0,0,264.06
p1_W1_E1.37,222.0,24.4,0.0,0,280.9
p1_N2_W2.3,183.0,44.83,22.0,3,344.36
p1_W_E.34,204.0,29.77,9.0,1,317.36
p1_W1_E1.38,228.0,19.02,0.0,0,282.43
p1_E1_W1.14,202.0,45.67,23.0,3,354.4
p1_W3_E3.34,204.0,39.85,13.0,2,346.25
p1_W3_E3.33,198.0,44.03,21.0,3,355.29
p1_W3_E3.35,210.0,40.74,11.0,2,354.62
p1_E1_W1.15,216.0,24.43,8.0,1,289.51
p1_W3_E3.36,216.0,35.95,12.0,2,335.19
p1_W3_E3.37,222.0,28.49,5.0,2,311.01
p1_W3_E3.38,228.0,25.71,9.0,1,303.49
p1_W3_E3.39,234.0,20.13,4.0,1,299.8
p1_S3_N3.12,240.0,8.14,0.0,0,244.19
p1_W3_E3.40,240.0,13.62,0.0,0,274.44
p1_W3_E3.41,246.0,9.93,0.0,0,257.83
p1_N1_S1.11,220.0,39.4,15.0,3,343.17
p1_N1_S1.12,240.0,19.31,6.0,1,292.78
p1_E3_W3.15,216.0,11.11,0.0,0,254.57
p1_S1_N1.11,220.0,40.91,17.0,3,344.23
p1_S3_N3.11,220.0,24.41,11.0,1,276.77
p1_W1_S1.4,243.0,18.77,1.0,1,283.83
p1_N1_W3.4,243.0,18.88,3.0,1,293.5
p1_N3_S3.11,220.0,36.96,13.0,3,330.49
p1_S2_N2.11,220.0,37.2,16.0,2,320.99
p1_W1_E1.39,234.0,33.43,11.0,2,311.53
p1_S3_E3.5,303.0,7.55,0.0,0,168.05
p1_W1_E1.42,252.0,17.48,2.0,1,268.58
p1_E1_N3.5,300.0,12.65,1.0,1,186.34
p1_W1_E1.40,240.0,21.71,3.0,2,290.72
p1_W1_E1.41,246.0,21.82,0.0,0,310.97
p1_W_E.41,246.0,25.54,5.0,1,303.64
p1_E_W.18,260.0,9.97,0.0,0,265.52
p1_W1_E1.43,258.0,13.77,0.0,0,267.61
p1_E1_W1.17,245.0,28.48,9.0,2,307.0
p1_E3_W3.17,245.0,28.08,6.0,2,309.99
p1_W3_E3.42,252.0,21.46,8.0,1,268.43
p1_E3_W3.18,260.0,12.83,0.0,0,259.67
p1_W3_S3.4,243.0,31.9,13.0,1,324.72
p1_E_W.17,245.0,22.4,5.0,1,291.82
p1_N2_S2.11,220.0,49.39,23.0,3,351.63
p1_E1_W1.16,231.0,37.83,13.0,3,334.53
p1_W_E.39,234.0,34.26,15.0,2,319.26
p1_N3_W1.4,243.0,30.73,9.0,2,314.17
p1_W_E.42,252.0,18.8,4.0,1,274.35
p1_W2_S2.4,243.0,33.73,6.0,1,325.83
p1_S2_N2.12,240.0,40.76,20.0,3,333.69
p1_W3_E3.44,264.0,18.37,5.0,1,272.4
p1_S2_N2.13,260.0,22.94,10.0,1,280.72
p1_W3_E3.46,276.0,8.47,0.0,0,249.19
p1_N1_S1.13,260.0,25.44,6.0,1,309.12
p1_W3_E3.43,258.0,23.03,9.0,1,279.03
p1_N1_S1.14,280.0,7.56,0.0,0,236.7
p1_S2_N2.14,280.0,7.86,0.0,0,245.52
p1_N2_W2.4,243.0,35.3,11.0,2,312.75
p1_E1_W1.18,260.0,30.35,10.0,2,304.32
p1_S3_N3.13,260.0,10.32,0.0,0,254.88
p1_W3_E3.47,282.0,8.02,0.0,0,241.21
p1_S1_E1.3,183.0,67.07,32.0,4,513.61
p1_E2_N2.4,240.0,51.32,26.0,4,366.07
p1_W1_E1.45,270.0,23.13,9.0,1,285.09
p1_W_E.43,258.0,35.76,16.0,2,321.48
p1_W3_E3.45,270.0,10.55,0.0,0,246.8
p1_W1_E1.47,282.0,13.18,0.0,0,271.82
p1_W1_E1.48,288.0,9.11,0.0,0,242.39
p1_W_E.40,240.0,47.67,18.0,2,353.31
p1_N2_S2.13,260.0,39.56,17.0,2,337.88
p1_W1_E1.46,276.0,22.89,6.0,1,298.88
p1_W_E.38,228.0,52.69,27.0,3,356.74
p1_W1_E1.44,264.0,26.34,12.0,1,289.51
p1_W_E.45,270.0,29.99,6.0,2,311.06
p1_S1_N1.12,240.0,61.22,37.0,3,379.21
p1_S2_E2.4,243.0,42.67,22.0,1,331.61
p1_N3_S3.13,260.0,41.39,21.0,2,326.25
p1_N3_S3.12,240.0,60.92,38.0,3,380.79
p1_S1_N1.13,260.0,39.02,22.0,2,323.73
p1_W_E.48,288.0,13.73,0.0,0,291.22
p1_W_E.44,264.0,39.13,14.0,2,334.85
p1_W_E.47,282.0,21.37,4.0,1,308.1
p1_E3_N1.3,180.0,74.0,34.0,5,517.17
p1_N2_S2.12,240.0,39.0,16.0,3,330.42
p1_N3_S3.14,280.0,17.76,4.0,1,277.0
p1_N3_S3.15,300.0,7.81,0.0,0,250.41
p1_E_W.19,274.0,34.72,8.0,2,334.8
p1_S3_N3.15,300.0,8.74,0.0,0,247.92
p1_S3_N3.14,280.0,31.52,15.0,2,308.28
p1_W3_E3.48,288.0,26.74,8.0,1,308.94
p1_E1_W1.21,303.0,13.52,0.0,0,269.21
p1_E1_W1.20,288.0,29.21,11.0,1,308.51
p1_N1_S1.15,300.0,16.64,4.0,1,267.29
p1_E1_W1.19,274.0,25.67,10.0,1,283.89
p1_E3_W3.19,274.0,49.76,26.0,3,353.08
p1_W1_E1.50,300.0,24.26,7.0,2,298.12
p1_W_E.50,300.0,19.36,3.0,1,292.15
p1_E3_N1.4,240.0,42.71,20.0,2,436.19
p1_W1_E1.49,294.0,29.42,10.0,1,309.63
p1_W_E.51,306.0,19.61,0.0,0,304.93
p1_W1_E1.53,318.0,8.25,0.0,0,250.83
p1_N2_S2.14,280.0,38.79,17.0,3,345.06
p1_W_E.46,276.0,21.59,5.0,1,289.59
p1_W_E.53,318.0,7.86,0.0,0,245.81
p1_N3_S3.16,320.0,8.17,0.0,0,234.7
p1_W_E.49,294.0,34.05,10.0,1,318.98
p1_W_E.52,312.0,18.77,0.0,0,298.5
p1_S1_N1.14,280.0,52.54,29.0,3,361.78
p1_S1_N1.15,300.0,32.02,15.0,2,316.57
p1_W2_S2.5,303.0,16.07,0.0,0,277.43
p1_W1_E1.54,324.0,8.07,0.0,0,245.77
p1_E_W.20,288.0,46.49,25.0,3,357.47
p1_E_W.21,303.0,32.24,11.0,2,319.9
p1_S1_E1.4,243.0,49.7,18.0,3,491.75
p1_E1_N3.6,363.0,7.74,0.0,0,158.78
p1_N1_W3.5,303.0,34.37,13.0,2,326.68
p1_W1_S1.5,303.0,35.51,17.0,2,324.76
p1_W1_E1.51,306.0,10.16,0.0,0,251.96
p1_S3_E3.6,363.0,8.61,0.0,0,158.38
p1_N2_W2.5,303.0,28.68,10.0,2,301.85
p1_W3_E3.49,294.0,35.51,18.0,2,324.81
p1_S2_N2.15,300.0,42.53,17.0,3,346.13
p1_S2_E2.5,303.0,39.42,17.0,3,339.58
p1_W3_E3.52,312.0,29.86,6.0,1,312.02
p1_W3_E3.50,300.0,24.75,7.0,1,293.28
p1_N3_W1.5,303.0,36.25,18.0,2,311.77
p1_W3_S3.5,303.0,28.03,6.0,1,312.63
p1_W_E.54,324.0,24.52,12.0,1,287.84
p1_E3_W3.21,303.0,47.3,25.0,3,354.11
p1_E3_W3.22,317.0,33.69,15.0,2,321.36
p1_N2_S2.15,300.0,52.09,26.0,3,375.95
p1_W3_E3.51,306.0,24.56,8.0,1,300.2
p1_E3_W3.23,332.0,20.94,7.0,1,279.21
p1_E2_N2.5,300.0,18.58,0.0,0,282.66
p1_N2_S2.16,320.0,25.29,7.0,1,297.41
p1_W_E.56,336.0,18.34,4.0,1,261.35
p1_W1_E1.55,330.0,19.59,5.0,1,280.99
p1_W_E.58,348.0,7.92,0.0,0,239.95
p1_W1_E1.52,312.0,21.66,9.0,1,282.46
p1_W_E.57,342.0,15.79,0.0,0,282.58
p1_E3_W3.20,288.0,49.58,24.0,3,357.42
p1_W1_E1.56,336.0,23.97,12.0,1,285.53
p1_W1_E1.57,342.0,17.78,5.0,1,273.95
p1_E_W.23,332.0,28.77,11.0,2,314.12
p1_E3_W3.24,346.0,14.65,1.0,1,271.39
p1_S1_N1.16,320.0,30.51,10.0,2,309.06
p1_E_W.22,317.0,38.02,13.0,3,329.24
p1_W3_E3.53,318.0,39.85,23.0,2,330.96
p1_W3_E3.54,324.0,35.23,16.0,2,310.03
p1_W3_E3.56,336.0,29.49,11.0,1,314.59
p1_W3_E3.55,330.0,30.26,10.0,2,307.9
p1_E_W.24,346.0,19.17,5.0,1,275.41
p1_W3_E3.57,342.0,25.34,7.0,1,305.51
p1_E1_W1.23,332.0,31.18,14.0,2,299.88
p1_E1_W1.22,317.0,46.9,23.0,3,347.08
p1_E1_W1.25,360.0,17.49,5.0,1,274.4
p1_S2_N2.16,320.0,46.58,29.0,2,328.66
p1_N3_S3.17,340.0,22.94,6.0,2,294.63
p1_S3_N3.17,340.0,38.74,19.0,2,329.38
p1_N1_W3.6,363.0,16.87,1.0,1,285.36
p1_N1_S1.17,340.0,31.43,12.0,1,312.68
p1_N2_S2.17,340.0,42.43,15.0,3,338.81
p1_N1_S1.16,320.0,46.74,28.0,2,329.11
p1_E1_W1.24,346.0,37.21,14.0,2,330.82
p1_S3_N3.16,320.0,44.23,22.0,3,340.21
p1_W_E.55,330.0,29.29,10.0,2,299.67
p1_N3_W1.6,363.0,21.42,9.0,1,276.49
p1_W_E.62,372.0,13.55,0.0,0,264.35
p1_E3_N1.5,300.0,44.02,17.0,4,462.99
p1_W2_S2.6,363.0,24.03,4.0,1,308.83
p1_W_E.63,378.0,8.73,0.0,0,237.71
p1_W_E.59,354.0,34.8,12.0,1,325.39
p1_W3_S3.6,363.0,26.04,7.0,1,307.5
p1_E3_W3.26,375.0,14.3,0.0,0,289.18
p1_W_E.60,360.0,17.28,3.0,1,286.58
p1_W1_E1.59,354.0,37.34,17.0,2,325.15
p1_E1_N3.7,421.0,14.8,3.0,1,186.08
p1_W1_E1.58,348.0,38.81,14.0,2,335.79
p1_W3_E3.60,360.0,25.55,7.0,1,291.05
p1_E3_W3.25,360.0,25.7,12.0,1,298.75
p1_S1_N1.17,340.0,53.26,28.0,3,361.95
p1_W1_E1.61,366.0,28.92,11.0,1,304.95
p1_W3_E3.59,354.0,43.36,17.0,3,361.97
p1_W1_E1.60,360.0,25.08,5.0,2,299.1
p1_E_W.25,360.0,16.04,2.0,1,272.53
p1_S1_N1.18,360.0,36.83,17.0,2,327.86
p1_S1_N1.19,380.0,16.81,4.0,1,275.02
p1_W_E.61,366.0,15.3,0.0,0,276.96
p1_E2_N2.6,363.0,36.86,8.0,2,321.95
p1_W3_E3.63,378.0,21.01,5.0,1,288.16
p1_E3_W3.27,389.0,7.95,0.0,0,241.56
p1_S2_N2.19,380.0,21.81,3.0,1,296.96
p1_W3_E3.58,348.0,29.94,10.0,2,304.59
p1_N3_S3.18,360.0,46.35,25.0,2,349.18
p1_N3_S3.19,380.0,25.81,10.0,1,286.29
p1_N2_W2.6,363.0,39.33,13.0,3,330.89
p1_W1_E1.62,372.0,36.64,15.0,2,325.39
p1_E1_W1.26,375.0,34.34,15.0,2,317.58
p1_E1_W1.27,389.0,20.46,8.0,1,281.01
p1_S3_E3.7,423.0,24.15,12.0,1,193.93
p1_W1_S1.6,363.0,46.86,19.0,2,352.53
p1_S2_N2.17,340.0,34.11,14.0,2,312.03
p1_N1_S1.18,360.0,47.25,19.0,3,342.58
p1_E_W.26,375.0,36.39,18.0,2,321.4
p1_W1_E1.64,384.0,26.84,9.0,1,302.76
p1_E_W.27,389.0,22.14,9.0,1,281.76
p1_E1_W1.28,404.0,8.27,0.0,0,240.74
p1_W1_E1.65,390.0,23.75,7.0,1,292.44
p1_N2_S2.19,380.0,26.55,7.0,1,297.65
p1_N2_S2.18,360.0,45.31,22.0,3,346.15
p1_W1_E1.63,378.0,24.27,7.0,1,297.5
p1_W_E.64,384.0,33.86,11.0,2,338.17
p1_W_E.65,390.0,28.16,3.0,3,325.91
p1_W3_E3.62,372.0,38.77,20.0,2,315.11
p1_W_E.67,402.0,18.0,0.0,0,285.02
p1_S3_N3.18,360.0,54.58,34.0,2,349.81
p1_W3_E3.61,366.0,45.29,17.0,4,329.07
p1_W_E.66,396.0,18.32,0.0,0,293.28
p1_W3_E3.67,402.0,19.78,4.0,1,300.86
p1_S1_E1.5,303.0,68.12,39.0,3,478.41
p1_W3_E3.64,384.0,38.72,8.0,1,321.33
p1_W3_E3.68,408.0,16.17,0.0,0,280.59
p1_S3_N3.19,380.0,47.18,29.0,2,332.44
p1_S2_N2.20,400.0,27.41,15.0,1,296.89
p1_S1_N1.21,420.0,7.78,0.0,0,242.03
p1_W3_E3.65,390.0,18.81,4.0,1,283.99
p1_N3_S3.21,420.0,8.94,0.0,0,238.58
p1_S2_E2.6,363.0,67.0,34.0,4,380.44
p1_S1_N1.20,400.0,22.26,7.0,1,276.74
p1_W1_E1.66,396.0,36.29,18.0,2,322.55
p1_N3_S3.20,400.0,20.72,7.0,1,281.22
p1_W1_E1.67,402.0,30.89,10.0,2,309.78
p1_N3_W1.7,423.0,9.66,0.0,0,270.93
p1_W1_E1.69,414.0,20.35,9.0,1,282.22
p1_N1_S1.20,400.0,33.3,14.0,2,317.2
p1_S2_N2.21,420.0,8.56,0.0,0,242.0
p1_N1_S1.19,380.0,52.93,26.0,3,365.55
p1_N2_S2.20,400.0,39.36,17.0,3,350.61
p1_E_W.28,404.0,35.05,14.0,2,316.82
p1_W1_E1.68,408.0,21.51,8.0,1,277.28
p1_E1_W1.30,432.0,8.66,0.0,0,252.67
p1_W_E.69,414.0,27.99,9.0,2,319.85
p1_E1_W1.29,418.0,17.38,4.0,1,271.92
p1_W_E.68,408.0,33.15,13.0,2,306.32
p1_W1_E1.70,420.0,9.88,0.0,0,252.82
p1_W_E.71,426.0,18.36,5.0,1,276.53
p1_W3_E3.66,396.0,40.62,17.0,2,320.65
p1_W_E.70,420.0,26.04,3.0,1,313.87
p1_E_W.29,418.0,17.61,4.0,1,277.91
p1_W3_E3.70,420.0,29.17,12.0,2,314.67
p1_E1_N3.8,480.0,7.89,0.0,0,170.17
p1_E3_N1.6,363.0,39.74,13.0,2,440.5
p1_W3_E3.71,426.0,23.99,4.0,1,293.07
p1_E3_W3.28,404.0,41.42,22.0,2,321.46
p1_W3_E3.72,432.0,21.53,4.0,1,293.79
p1_W3_E3.69,414.0,30.35,10.0,2,304.47
p1_W3_E3.73,438.0,17.33,0.0,0,286.58
p1_S2_E2.7,423.0,33.05,11.0,2,327.52
p1_E2_N2.7,421.0,35.84,12.0,2,317.97
p1_W3_S3.7,423.0,29.26,5.0,2,321.89
p1_S2_N2.22,440.0,19.04,5.0,1,279.84
p1_E3_W3.30,432.0,9.73,0.0,0,255.6
p1_S3_N3.20,400.0,60.82,34.0,3,382.71
p1_W1_S1.7,423.0,38.58,16.0,2,329.02
p1_S3_N3.22,440.0,20.12,4.0,1,294.37
p1_E1_W1.31,447.0,15.48,1.0,1,280.43
p1_S1_E1.6,363.0,55.02,11.0,4,486.24
p1_N1_S1.21,420.0,35.13,10.0,3,335.58
p1_N2_S2.21,420.0,45.46,20.0,3,363.89
p1_S3_N3.21,420.0,35.48,15.0,2,319.74
p1_N2_W2.7,423.0,40.02,16.0,3,339.94
p1_W2_S2.7,423.0,38.15,14.0,2,329.82
p1_W_E.72,432.0,36.2,18.0,2,322.39
p1_E_W.30,432.0,23.71,10.0,1,286.19
p1_E_W.32,461.0,7.47,0.0,0,242.83
p1_S2_N2.18,360.0,69.25,45.0,3,390.42
p1_N1_W3.7,423.0,28.29,5.0,1,312.97
p1_E_W.31,447.0,22.95,2.0,1,307.46
p1_W_E.74,444.0,25.72,5.0,2,306.67
p1_W_E.73,438.0,26.75,10.0,2,299.98
p1_W1_E1.72,432.0,41.83,18.0,3,357.8
p1_W_E.75,450.0,23.95,5.0,1,299.68
p1_W3_E3.74,444.0,30.93,12.0,2,311.72
p1_E3_W3.31,447.0,27.84,9.0,2,307.64
p1_W3_E3.75,450.0,24.87,6.0,2,310.46
p1_W1_E1.73,438.0,38.52,8.0,2,340.33
p1_W1_E1.74,444.0,24.69,5.0,1,299.9
p1_W3_E3.77,462.0,15.34,1.0,1,268.16
p1_W1_E1.71,426.0,41.79,14.0,3,346.25
p1_W1_E1.75,450.0,25.66,5.0,1,297.86
p1_W3_E3.76,456.0,16.39,0.0,0,284.57
p1_E3_W3.29,418.0,32.28,12.0,1,318.75
p1_E3_N1.7,421.0,23.91,4.0,1,401.88
p1_S1_N1.22,440.0,41.26,19.0,2,350.02
p1_S1_N1.23,460.0,30.09,9.0,2,308.26
p1_N1_S1.22,440.0,52.48,26.0,3,367.09
p1_N1_S1.23,460.0,32.46,11.0,1,319.37
p1_S3_N3.23,460.0,31.75,12.0,2,330.12
p1_N3_S3.22,440.0,41.61,18.0,3,338.1
p1_N3_S3.23,460.0,23.89,4.0,2,294.82
p1_S3_E3.8,483.0,52.19,41.0,1,232.91
p1_N2_S2.23,460.0,36.52,14.0,2,329.9
p1_S2_N2.23,460.0,37.64,19.0,2,327.49
p1_N1_S1.24,480.0,18.36,4.0,1,292.57
p1_S2_N2.24,480.0,17.63,4.0,1,283.39
p1_W2_S2.8,483.0,15.77,1.0,1,265.53
p1_E1_W1.34,490.0,8.5,0.0,0,244.18
p1_E1_W1.33,476.0,24.48,7.0,2,301.8
p1_E_W.33,476.0,14.25,0.0,0,273.45
p1_W1_S1.8,483.0,17.17,3.0,1,287.44
p1_E2_N2.8,480.0,12.1,0.0,0,259.26
p1_E3_W3.34,490.0,12.83,0.0,0,267.64
p1_W1_E1.76,456.0,48.8,25.0,3,365.5
p1_W1_E1.79,474.0,25.26,7.0,2,301.31
p1_E3_W3.33,476.0,26.14,8.0,1,324.52
p1_N2_S2.22,440.0,30.34,10.0,2,313.26
p1_W1_E1.80,480.0,21.93,4.0,1,295.13
p1_E1_N3.9,540.0,8.26,0.0,0,163.46
p1_W1_E1.77,462.0,39.72,13.0,3,333.88
p1_E1_W1.32,461.0,19.84,4.0,1,286.76
p1_W1_E1.78,468.0,31.38,11.0,2,312.95
p1_W3_S3.8,483.0,27.88,0.0,0,318.0
p1_W1_E1.81,486.0,25.92,11.0,1,297.43
p1_E3_W3.35,504.0,7.7,0.0,0,235.84
p1_W_E.76,456.0,49.03,24.0,3,351.23
p1_W1_E1.82,492.0,17.67,3.0,1,282.82
p1_S1_N1.24,480.0,33.68,14.0,2,322.84
p1_W1_E1.84,504.0,9.7,0.0,0,251.61
p1_W_E.77,462.0,35.83,11.0,3,325.13
p1_W3_E3.78,468.0,25.72,6.0,1,314.47
p1_W3_E3.79,474.0,22.47,3.0,2,305.08
p1_W_E.78,468.0,36.26,10.0,2,334.3
p1_W_E.79,474.0,42.64,6.0,2,339.78
p1_W3_E3.80,480.0,32.51,1.0,1,329.99
p1_W3_E3.82,492.0,23.87,0.0,0,316.34
p1_W_E.80,480.0,37.62,7.0,1,334.1
p1_W3_E3.81,486.0,25.33,0.0,0,336.8
p1_W_E.81,486.0,33.05,11.0,1,319.27
p1_W_E.82,492.0,26.94,4.0,1,302.27
p1_N2_W2.8,483.0,35.11,14.0,2,318.26
p1_W_E.84,504.0,16.74,0.0,0,284.84
p1_S2_E2.8,483.0,34.27,17.0,1,321.28
p1_E3_W3.32,461.0,26.17,6.0,1,301.25
p1_S2_N2.25,500.0,20.97,1.0,1,300.77
p1_N2_S2.24,480.0,47.29,21.0,3,352.13
p1_N3_W1.8,483.0,42.11,22.0,2,333.17
p1_N1_W3.8,483.0,28.31,12.0,1,286.95
p1_N2_S2.25,500.0,28.05,10.0,2,313.84
p1_W1_E1.83,498.0,32.38,13.0,2,314.72
p1_N3_S3.24,480.0,52.43,28.0,3,359.46
p1_N3_S3.25,500.0,32.74,14.0,2,324.16
p1_W1_E1.85,510.0,23.28,9.0,1,280.03
p1_W1_E1.86,516.0,16.76,4.0,1,277.39
p1_E1_W1.36,519.0,10.35,0.0,0,257.6
p1_E3_W3.36,519.0,15.24,0.0,0,283.2
p1_W_E.83,498.0,38.5,13.0,2,345.89
p1_W_E.86,516.0,20.16,6.0,1,287.01
p1_S3_E3.9,543.0,27.04,16.0,1,193.97
p1_E1_W1.35,504.0,24.72,8.0,1,298.55
p1_W_E.85,510.0,24.71,12.0,1,285.33
p1_E_W.35,504.0,39.1,18.0,2,335.68
p1_E_W.36,519.0,23.76,6.0,1,307.37
p1_W3_E3.83,498.0,47.75,22.0,3,362.29
p1_W3_E3.84,504.0,41.78,17.0,3,348.64
p1_S1_N1.25,500.0,36.34,18.0,2,312.14
p1_E3_N1.8,480.0,27.39,5.0,1,415.5
p1_W3_E3.85,510.0,32.03,10.0,2,322.22
p1_W3_E3.86,516.0,24.79,6.0,1,289.46
p1_E_W.34,490.0,40.0,17.0,3,330.35
p1_S1_N1.26,520.0,32.13,13.0,2,316.03
p1_S1_E1.7,423.0,54.1,25.0,3,449.69
p1_S3_N3.24,480.0,73.47,50.0,3,393.9
p1_S2_N2.26,520.0,33.98,15.0,2,319.17
p1_S3_N3.27,540.0,15.98,0.0,0,261.6
p1_S2_N2.27,540.0,16.68,2.0,1,270.49
p1_S3_N3.25,500.0,38.89,19.0,2,319.74
p1_N3_S3.26,520.0,38.38,14.0,3,337.74
p1_S3_N3.26,520.0,29.35,5.0,2,326.46
p1_E1_W1.37,533.0,26.49,8.0,2,308.42
p1_E2_N2.9,540.0,19.37,4.0,1,289.33
p1_W1_S1.9,543.0,17.12,2.0,1,290.18
p1_N1_S1.26,520.0,37.96,22.0,1,311.66
p1_N2_S2.26,520.0,31.41,13.0,2,306.64
p1_N1_S1.27,540.0,21.43,5.0,1,290.66
p1_N1_W3.9,543.0,18.19,0.0,0,286.53
p1_W1_E1.87,522.0,44.23,21.0,3,352.52
p1_N3_W1.9,543.0,21.25,8.0,1,282.33
p1_W1_E1.89,534.0,32.96,10.0,2,329.15
p1_N1_S1.25,500.0,44.83,20.0,2,333.74
p1_W_E.88,528.0,40.07,18.0,2,337.52
p1_E_W.37,533.0,35.43,16.0,2,321.55
p1_E_W.38,548.0,20.56,8.0,1,280.59
p1_W1_E1.90,540.0,28.05,7.0,1,310.64
p1_E1_N3.10,600.0,12.69,0.0,0,172.06
p1_W_E.90,540.0,28.76,8.0,2,306.58
p1_S3_E3.10,603.0,10.76,0.0,0,161.01
p1_W_E.87,522.0,38.34,14.0,2,336.37
p1_E3_W3.37,533.0,39.36,14.0,3,342.03
p1_W1_E1.91,546.0,25.77,13.0,1,290.08
p1_W_E.91,546.0,26.78,5.0,2,310.75
p1_E3_W3.38,548.0,23.34,2.0,2,307.61
p1_W1_E1.88,528.0,27.34,4.0,1,300.42
p1_W_E.89,534.0,31.21,12.0,1,312.37
p1_N2_W2.9,543.0,27.0,7.0,2,301.4
p1_W3_E3.89,534.0,42.25,16.0,3,339.04
p1_W3_E3.91,546.0,30.82,6.0,2,330.34
p1_S1_N1.27,540.0,38.19,19.0,2,325.43
p1_S2_E2.9,543.0,30.64,14.0,1,305.37
p1_S3_N3.28,560.0,18.13,4.0,1,274.04
p1_W3_E3.92,552.0,27.29,3.0,1,304.91
p1_E3_W3.39,562.0,9.48,0.0,0,243.8
p1_W3_S3.9,543.0,37.34,6.0,2,329.35
p1_W3_E3.88,528.0,36.68,11.0,3,333.44
p1_W3_E3.90,540.0,32.65,1.0,1,311.34
p1_W1_E1.93,558.0,32.56,14.0,2,323.75
p1_E1_W1.39,562.0,28.08,8.0,1,306.58
p1_N2_S2.28,560.0,21.57,7.0,1,283.22
p1_S1_E1.8,483.0,60.99,31.0,3,478.9
p1_N3_S3.27,540.0,54.47,29.0,3,358.17
p1_N3_S3.28,560.0,34.43,13.0,2,324.1
p1_N2_S2.27,540.0,36.7,16.0,2,323.74
p1_W2_S2.9,543.0,52.37,23.0,3,367.81
p1_W1_E1.92,552.0,33.62,13.0,2,308.73
p1_W1_E1.95,570.0,21.01,5.0,1,288.11
p1_W3_E3.87,522.0,28.31,5.0,2,326.57
p1_E_W.40,576.0,13.44,0.0,0,275.51
p1_W1_E1.94,564.0,34.12,9.0,1,320.04
p1_W1_E1.96,576.0,22.01,4.0,1,292.67
p1_W_E.92,552.0,46.92,21.0,2,357.46
p1_E_W.39,562.0,18.74,2.0,1,289.58
p1_E3_W3.40,576.0,19.46,0.0,0,304.16
p1_W_E.93,558.0,35.08,15.0,2,312.76
p1_S1_N1.28,560.0,41.19,20.0,2,338.76
p1_W_E.94,564.0,36.78,18.0,2,317.56
p1_E1_W1.38,548.0,32.1,14.0,2,304.39
p1_W_E.95,570.0,31.38,8.0,2,311.85
p1_W_E.96,576.0,26.66,6.0,2,312.32
p1_W_E.97,582.0,21.95,5.0,1,282.92
p1_S1_N1.29,580.0,24.75,12.0,1,288.1
p1_W3_E3.95,570.0,34.74,12.0,2,333.93
p1_S1_N1.30,600.0,8.02,0.0,0,244.8
p1_W3_E3.98,588.0,21.12,4.0,1,289.44
p1_W3_E3.93,558.0,51.74,23.0,3,357.76
p1_W3_E3.96,576.0,35.38,8.0,2,332.97
p1_W3_E3.97,582.0,28.85,6.0,2,318.39
p1_N2_S2.29,580.0,35.34,16.0,2,326.43
p1_N1_S1.28,560.0,56.41,34.0,3,375.9
p1_W3_E3.94,564.0,36.14,9.0,3,327.79
p1_N1_S1.29,580.0,37.07,19.0,2,327.84
p1_S3_N3.29,580.0,29.95,12.0,2,313.29
p1_E1_W1.40,576.0,27.53,14.0,1,283.72
p1_W1_S1.10,603.0,16.39,1.0,1,300.55
p1_N3_S3.29,580.0,41.53,17.0,3,341.07
p1_E_W.41,591.0,28.77,11.0,2,303.25
p1_E1_W1.42,605.0,8.67,0.0,0,256.77
p1_W_E.98,588.0,36.45,19.0,2,318.89
p1_W_E.100,600.0,24.52,6.0,2,300.43
p1_W2_S2.10,603.0,11.25,0.0,0,265.18
p1_W_E.99,594.0,32.4,13.0,2,319.34
p1_N3_W1.10,603.0,23.33,7.0,1,280.47
p1_W_E.101,606.0,20.76,4.0,1,292.23
p1_S2_N2.28,560.0,29.88,9.0,2,310.38
p1_E2_N2.10,600.0,13.0,0.0,0,275.92
p1_E1_W1.41,591.0,16.28,2.0,1,268.75
p1_E3_W3.42,605.0,24.13,5.0,1,301.31
p1_W1_E1.97,582.0,37.88,15.0,3,334.76
p1_W3_E3.99,594.0,39.34,16.0,3,347.82
p1_E_W.42,605.0,9.12,0.0,0,245.79
p1_W1_E1.100,600.0,33.74,9.0,2,311.45
p1_W3_E3.100,600.0,31.41,9.0,3,329.17
p1_W1_E1.98,588.0,25.03,7.0,2,299.0
p1_N2_W2.10,603.0,32.91,13.0,3,317.79
p1_W1_E1.99,594.0,38.13,4.0,2,320.31
p1_W1_E1.101,606.0,29.66,9.0,1,319.73
p1_E3_W3.43,620.0,8.33,0.0,0,248.92
p1_S2_E2.10,603.0,34.37,16.0,1,313.8
p1_W3_E3.103,618.0,18.71,0.0,0,271.55
p1_W1_E1.102,612.0,14.54,1.0,1,280.72
p1_W1_E1.103,618.0,20.25,0.0,0,299.56
p1_S1_N1.31,620.0,17.76,4.0,1,291.69
p1_W3_S3.10,603.0,21.88,0.0,0,308.22
p1_W3_E3.102,612.0,20.0,0.0,0,295.72
p1_S3_N3.31,620.0,19.82,6.0,1,291.55
p1_E1_N3.11,660.0,8.45,0.0,0,170.53
p1_E3_N1.9,540.0,41.52,6.0,3,458.86
p1_W3_E3.101,606.0,12.27,0.0,0,263.26
p1_N1_S1.30,600.0,42.75,21.0,3,353.12
p1_S2_N2.29,580.0,57.08,37.0,2,366.5
p1_S2_N2.30,600.0,31.21,16.0,1,313.17
p1_N2_S2.30,600.0,46.3,21.0,3,358.77
p1_S3_N3.30,600.0,26.09,12.0,1,293.41
p1_S2_N2.31,620.0,21.22,0.0,0,304.45
p1_N3_S3.31,620.0,25.1,8.0,1,307.16
p1_E3_W3.41,591.0,23.24,8.0,1,291.81
p1_N1_W3.10,603.0,30.3,11.0,2,297.63
p1_N2_S2.31,620.0,19.64,1.0,1,298.7
p1_N3_S3.30,600.0,37.21,14.0,3,322.39
p1_S3_E3.11,663.0,22.79,11.0,1,188.16
p1_E1_W1.43,620.0,32.1,11.0,2,316.95
p1_E3_W3.44,634.0,19.21,6.0,1,287.65
p1_W1_E1.105,630.0,20.33,8.0,1,274.69
p1_E1_W1.44,634.0,15.7,4.0,1,276.18
p1_E3_W3.45,648.0,7.35,0.0,0,247.93
p1_S1_E1.9,543.0,70.16,30.0,5,507.55
p1_W1_E1.104,624.0,26.44,11.0,1,293.07
p1_E_W.44,634.0,22.84,3.0,2,305.27
p1_E_W.43,620.0,31.84,12.0,2,328.96
p1_W3_E3.104,624.0,34.81,11.0,3,343.46
p1_W3_E3.105,630.0,29.52,5.0,2,317.79
p1_W1_E1.107,642.0,17.19,5.0,1,275.89
p1_W3_E3.106,636.0,25.51,4.0,2,319.03
p1_W3_E3.107,642.0,14.05,0.0,0,270.96
p1_W3_E3.108,648.0,15.76,1.0,1,272.57
p1_W_E.103,618.0,47.44,25.0,3,348.3
p1_W_E.105,630.0,35.46,14.0,2,333.95
p1_W_E.104,624.0,43.37,14.0,3,351.32
p1_S1_N1.33,660.0,8.22,0.0,0,246.43
p1_E3_N1.10,600.0,31.2,8.0,1,410.47
p1_N1_S1.32,640.0,31.48,10.0,1,317.0
p1_W_E.102,612.0,37.5,14.0,3,321.83
p1_S3_N3.32,640.0,34.87,16.0,2,311.06
p1_W1_S1.11,663.0,9.51,0.0,0,249.69
p1_E2_N2.11,660.0,16.96,0.0,0,279.2
p1_N1_S1.31,620.0,39.42,18.0,2,342.63
p1_S2_N2.32,640.0,38.58,20.0,2,317.19
p1_S1_N1.32,640.0,22.08,5.0,2,292.91
p1_N2_S2.32,640.0,34.02,15.0,2,313.37
p1_E_W.45,648.0,34.1,10.0,2,326.97
p1_S3_N3.33,660.0,9.07,0.0,0,242.14
p1_E_W.46,663.0,20.1,3.0,1,310.08
p1_W2_S2.11,663.0,11.55,0.0,0,257.87
p1_W3_S3.11,663.0,18.53,3.0,1,294.8
p1_E3_W3.47,677.0,7.87,0.0,0,240.76
p1_W1_E1.108,648.0,37.91,12.0,2,349.84
p1_W1_E1.110,660.0,25.93,7.0,2,295.51
p1_E3_W3.46,663.0,23.85,4.0,2,307.19
p1_N3_S3.32,640.0,47.78,21.0,3,364.03
p1_E1_W1.45,648.0,35.16,15.0,2,319.36
p1_W1_E1.111,666.0,21.87,1.0,1,303.19
p1_E1_N3.12,723.0,9.04,0.0,0,168.03
p1_S3_E3.12,723.0,9.14,0.0,0,172.84
p1_E1_W1.46,663.0,16.56,3.0,1,265.84
p1_W1_E1.106,636.0,47.01,21.0,2,352.79
p1_S1_E1.10,603.0,34.49,12.0,1,411.2
p1_W1_E1.109,654.0,29.63,8.0,1,309.93
p1_N3_W1.11,663.0,24.87,9.0,1,285.93
p1_W_E.107,642.0,40.07,16.0,3,338.02
p1_W_E.109,654.0,41.37,8.0,1,346.93
p1_W_E.106,636.0,43.8,19.0,2,335.45
p1_W_E.110,660.0,32.02,7.0,1,330.34
p1_W_E.108,648.0,37.17,11.0,2,337.1
p1_S2_E2.11,663.0,34.8,11.0,2,329.3
p1_N2_W2.11,663.0,36.75,16.0,2,345.12
p1_N1_S1.33,660.0,38.16,14.0,3,343.33
p1_W_E.112,672.0,28.56,5.0,1,332.81
p1_W3_E3.111,666.0,34.69,13.0,2,343.45
p1_N1_S1.34,680.0,10.1,0.0,0,253.31
p1_S1_N1.34,680.0,9.01,0.0,0,254.6
p1_S3_N3.34,680.0,21.4,6.0,1,299.44
p1_W3_E3.109,654.0,44.69,21.0,2,345.44
p1_W3_E3.112,672.0,30.53,12.0,1,311.06
p1_W_E.111,666.0,20.26,3.0,1,292.72
p1_N2_S2.34,680.0,23.09,11.0,1,287.86
p1_N2_S2.33,660.0,39.92,21.0,2,331.34
p1_N1_W3.11,663.0,30.75,4.0,2,321.69
p1_W3_E3.110,660.0,34.46,9.0,1,322.01
p1_E_W.47,677.0,36.39,16.0,2,323.07
p1_N3_S3.34,680.0,33.87,12.0,2,316.04
p1_E_W.49,706.0,7.79,0.0,0,237.33
p1_E3_W3.49,706.0,8.06,0.0,0,237.03
p1_S2_N2.34,680.0,31.17,12.0,1,314.86
p1_E1_W1.47,677.0,34.12,17.0,2,316.78
p1_E_W.48,692.0,18.52,4.0,1,289.6
p1_W1_E1.112,672.0,38.2,18.0,2,304.4
p1_W_E.113,678.0,39.81,20.0,2,320.22
p1_W_E.114,684.0,28.7,10.0,2,319.43
p1_E1_W1.48,692.0,17.2,3.0,1,264.63
p1_N3_S3.33,660.0,40.34,18.0,3,336.98
p1_W1_E1.113,678.0,32.42,13.0,2,306.39
p1_W1_E1.115,690.0,24.13,9.0,1,297.19
p1_W_E.115,690.0,29.81,9.0,1,311.03
p1_E3_W3.48,692.0,10.81,0.0,0,246.24
p1_W1_E1.114,684.0,37.95,12.0,2,340.22
p1_W1_E1.117,702.0,20.88,3.0,1,305.0
p1_W1_E1.116,696.0,16.24,1.0,1,273.81
p1_W3_E3.114,684.0,41.93,17.0,3,348.75
p1_W_E.116,696.0,17.99,3.0,1,271.15
p1_W_E.119,714.0,13.54,0.0,0,268.09
p1_E3_N1.11,660.0,24.77,5.0,1,398.07
p1_W3_E3.113,678.0,44.44,20.0,3,346.75
p1_W_E.117,702.0,26.06,12.0,1,291.62
p1_W3_E3.115,690.0,38.99,13.0,2,340.26
p1_W3_E3.116,696.0,26.59,6.0,2,290.71
p1_W3_E3.117,702.0,23.24,4.0,1,291.41
p1_N1_S1.35,700.0,34.97,14.0,2,331.71
p1_S1_N1.35,700.0,35.08,13.0,2,337.48
p1_S3_N3.35,700.0,39.07,20.0,1,331.23
p1_N3_S3.35,700.0,38.93,16.0,3,342.54
p1_S3_N3.36,720.0,13.78,0.0,0,272.84
p1_N2_W2.12,723.0,16.66,3.0,1,274.04
p1_S1_E1.11,663.0,35.13,9.0,1,435.31
p1_E1_W1.49,706.0,42.06,22.0,2,335.04
p1_W_E.121,726.0,22.44,8.0,1,278.65
p1_E3_W3.51,735.0,8.85,0.0,0,246.18
p1_W_E.120,720.0,26.03,14.0,1,297.99
p1_E3_W3.50,720.0,28.98,10.0,2,304.84
p1_N2_S2.36,720.0,29.2,10.0,2,305.94
p1_W1_E1.119,714.0,36.31,18.0,2,333.49
p1_N3_W1.12,723.0,26.78,7.0,1,300.18
p1_N2_S2.35,700.0,45.51,20.0,3,342.77
p1_W1_E1.118,708.0,40.87,22.0,2,335.34
p1_W1_E1.121,726.0,25.26,12.0,1,296.95
p1_W3_E3.121,726.0,26.29,8.0,1,299.83
p1_W3_E3.119,714.0,38.76,16.0,3,338.98
p1_E_W.50,720.0,32.84,11.0,2,323.84
p1_E_W.51,735.0,17.77,4.0,1,273.43
p1_W3_E3.120,720.0,33.89,7.0,1,333.34
p1_E1_N3.13,781.0,16.44,5.0,1,184.29
p1_S2_N2.35,700.0,55.1,32.0,3,370.21
p1_W1_E1.120,720.0,30.98,11.0,1,313.6
p1_E1_W1.50,720.0,24.37,10.0,1,288.23
p1_E2_N2.12,723.0,34.65,10.0,2,325.54
p1_S2_N2.33,660.0,92.31,65.0,3,424.62
p1_W3_E3.118,708.0,36.34,13.0,2,334.68
p1_W3_S3.12,723.0,30.1,5.0,1,328.0
p1_W1_E1.122,732.0,25.94,11.0,1,288.12
p1_W1_E1.123,738.0,19.86,7.0,1,276.31
p1_W2_S2.12,723.0,26.58,11.0,1,289.1
p1_S2_N2.36,720.0,35.79,16.0,2,324.81
p1_W3_E3.123,738.0,21.9,7.0,1,283.84
p1_W3_E3.124,744.0,15.7,3.0,1,281.37
p1_W3_E3.122,732.0,29.4,13.0,1,300.02
p1_S1_N1.36,720.0,41.87,20.0,2,349.3
p1_N1_S1.37,740.0,21.37,7.0,1,294.32
p1_S1_N1.37,740.0,22.04,8.0,1,274.59
p1_N1_W3.12,723.0,32.04,11.0,2,310.19
p1_W3_E3.126,756.0,7.36,0.0,0,241.27
p1_W3_E3.125,750.0,8.11,0.0,0,242.61
p1_W1_E1.125,750.0,8.76,0.0,0,244.75
p1_W_E.118,708.0,31.51,12.0,2,309.24
p1_W1_S1.12,723.0,33.66,9.0,2,320.6
p1_W1_E1.124,744.0,14.73,0.0,0,269.51
p1_N1_S1.36,720.0,35.93,14.0,2,339.22
p1_W_E.122,732.0,23.44,9.0,1,275.92
p1_W_E.123,738.0,17.87,4.0,1,268.94
p1_N3_S3.37,740.0,30.45,12.0,2,318.24
p1_W1_E1.127,762.0,7.95,0.0,0,244.81
p1_S3_E3.13,783.0,28.75,17.0,1,205.12
p1_N3_S3.36,720.0,44.04,19.0,3,340.21
p1_E1_W1.51,735.0,37.45,19.0,2,326.18
p1_S3_N3.37,740.0,34.95,17.0,2,330.97
p1_E1_W1.53,764.0,13.09,0.0,0,265.99
p1_E1_W1.52,749.0,17.63,4.0,1,278.24
p1_N2_S2.37,740.0,40.66,16.0,3,359.29
p1_E_W.52,749.0,29.51,12.0,1,308.63
p1_N2_S2.38,760.0,19.8,6.0,1,278.85
p1_W_E.124,744.0,40.3,12.0,2,338.43
p1_W3_E3.128,768.0,16.54,4.0,1,275.13
p1_W3_E3.127,762.0,22.55,9.0,1,278.13
p1_E_W.53,764.0,17.79,4.0,1,277.96
p1_S2_E2.12,723.0,63.49,40.0,3,379.57
p1_W_E.125,750.0,29.43,14.0,1,303.52
p1_E3_W3.53,764.0,21.98,9.0,1,277.11
p1_E3_W3.52,749.0,35.34,18.0,2,318.5
p1_W_E.126,756.0,31.95,12.0,1,309.33
p1_W_E.127,762.0,25.39,9.0,1,298.25
p1_W_E.128,768.0,22.46,3.0,1,315.04
p1_W_E.129,774.0,17.16,0.0,0,280.3
p1_N3_W1.13,783.0,9.76,0.0,0,251.64
p1_W1_E1.126,756.0,24.6,11.0,1,289.07
p1_W1_E1.128,768.0,25.82,12.0,1,280.72
p1_W1_E1.129,774.0,20.31,7.0,1,282.24
p1_W3_E3.129,774.0,20.2,7.0,1,282.6
p1_W3_E3.130,780.0,13.88,0.0,0,274.0
p1_W1_E1.131,786.0,10.45,0.0,0,255.91
p1_S2_N2.37,740.0,54.15,35.0,2,351.67
p1_N1_S1.38,760.0,37.5,13.0,3,340.9
p1_S2_N2.38,760.0,34.41,22.0,1,305.65
p1_N1_S1.39,780.0,17.24,5.0,1,277.63
p1_W3_S3.13,783.0,14.83,0.0,0,280.0
p1_S1_N1.38,760.0,34.73,11.0,3,330.22
p1_S1_N1.39,780.0,17.86,5.0,1,274.4
p1_E3_N1.12,723.0,29.16,8.0,1,398.26
p1_W1_E1.132,792.0,7.64,0.0,0,248.39
p1_S2_N2.39,780.0,11.68,0.0,0,259.07
p1_N2_W2.13,783.0,21.92,6.0,1,298.68
p1_N3_S3.39,780.0,26.28,9.0,2,310.51
p1_E1_N3.14,840.0,7.61,0.0,0,162.56
p1_E_W.54,778.0,31.05,14.0,2,313.85
p1_E_W.55,792.0,16.79,3.0,1,278.56
p1_E1_W1.54,778.0,32.04,13.0,2,318.17
p1_N3_S3.38,760.0,34.5,13.0,2,324.61
p1_E3_W3.54,778.0,33.14,13.0,2,322.49
p1_W2_S2.13,783.0,28.18,12.0,1,292.79
p1_N2_S2.39,780.0,31.96,12.0,2,312.92
p1_E1_W1.55,792.0,9.81,0.0,0,258.37
p1_S3_E3.14,843.0,12.32,0.0,0,172.85
p1_W1_E1.130,780.0,10.37,0.0,0,245.17
p1_S3_N3.38,760.0,56.04,34.0,3,369.39
p1_S2_E2.13,783.0,33.05,11.0,1,327.25
p1_W_E.131,786.0,25.15,8.0,1,308.01
p1_S3_N3.39,780.0,36.79,17.0,1,314.57
p1_S1_E1.12,723.0,51.69,12.0,2,492.45
p1_W_E.132,792.0,26.06,5.0,1,305.16
p1_W_E.130,780.0,33.8,16.0,2,312.6
p1_W3_E3.133,798.0,22.33,9.0,1,277.46
p1_W3_E3.131,786.0,23.57,11.0,1,280.43
p1_W1_S1.13,783.0,40.66,15.0,2,337.24
p1_E2_N2.13,781.0,40.64,15.0,3,345.61
p1_S1_N1.40,800.0,23.44,2.0,1,306.01
p1_N1_S1.40,800.0,23.83,5.0,2,304.16
p1_S2_N2.40,800.0,25.49,12.0,1,272.7
p1_W3_E3.135,810.0,10.73,0.0,0,250.06
p1_W3_E3.132,792.0,25.92,11.0,1,285.91
p1_W3_E3.136,816.0,10.4,0.0,0,257.08
p1_W3_E3.134,804.0,19.34,3.0,1,286.73
p1_N1_W3.13,783.0,29.99,8.0,2,321.85
p1_W1_E1.133,798.0,34.11,15.0,2,321.46
p1_W1_E1.134,804.0,27.82,10.0,2,308.16
p1_W1_E1.135,810.0,24.16,6.0,1,314.3
p1_W1_E1.136,816.0,17.78,4.0,1,275.48
p1_E1_W1.57,821.0,13.99,0.0,0,277.89
p1_E3_W3.56,807.0,29.3,11.0,2,317.21
p1_W1_E1.138,828.0,8.28,0.0,0,236.51
p1_N3_S3.40,800.0,37.16,13.0,2,340.17
p1_N2_S2.40,800.0,37.88,19.0,2,319.88
p1_N3_S3.41,820.0,17.91,3.0,1,272.55
p1_W1_E1.137,822.0,11.61,0.0,0,267.27
p1_E1_W1.56,807.0,24.45,12.0,1,287.37
p1_E3_W3.58,836.0,8.74,0.0,0,260.22
p1_E3_W3.55,792.0,18.94,5.0,1,285.42
p1_E_W.57,821.0,26.69,10.0,2,313.9
p1_E3_W3.57,821.0,23.85,9.0,1,274.44
p1_W3_E3.137,822.0,24.46,10.0,1,292.92
p1_W_E.136,816.0,35.94,13.0,2,325.35
p1_W3_E3.138,828.0,21.46,5.0,1,299.45
p1_E_W.56,807.0,28.25,9.0,2,308.24
p1_W_E.134,804.0,42.94,19.0,3,339.5
p1_W_E.135,810.0,44.04,15.0,3,346.24
p1_S3_N3.40,800.0,57.52,35.0,3,371.27
p1_S1_N1.42,840.0,17.18,4.0,1,271.72
p1_W_E.137,822.0,28.56,8.0,1,299.59
p1_E3_N1.13,781.0,35.16,8.0,2,426.54
p1_N1_S1.41,820.0,35.33,15.0,2,311.33
p1_W_E.133,798.0,39.19,14.0,2,329.46
p1_W1_S1.14,843.0,17.06,0.0,0,267.23
p1_S3_N3.41,820.0,40.96,24.0,2,334.13
p1_N1_W3.14,843.0,18.19,3.0,1,282.11
p1_W_E.141,846.0,15.29,2.0,1,263.86
p1_S1_N1.41,820.0,34.03,15.0,2,315.2
p1_W_E.139,834.0,28.07,9.0,2,322.84
p1_N3_S3.42,840.0,22.46,8.0,1,279.6
p1_N2_S2.41,820.0,44.08,18.0,2,352.4
p1_N2_S2.42,840.0,20.08,6.0,1,277.75
p1_W_E.140,840.0,19.21,0.0,0,300.21
p1_W2_S2.14,843.0,21.28,1.0,1,287.5
p1_W_E.142,852.0,10.78,0.0,0,258.41
p1_N3_S3.43,860.0,7.45,0.0,0,231.95
p1_S3_E3.15,903.0,7.22,0.0,0,163.07
p1_W_E.143,858.0,11.2,0.0,0,267.38
p1_W1_E1.139,834.0,36.48,16.0,2,321.38
p1_S3_N3.42,840.0,10.31,0.0,0,248.6
p1_W1_E1.141,846.0,24.76,7.0,1,311.96
p1_W_E.138,828.0,27.67,9.0,2,301.86
p1_E1_W1.58,836.0,36.11,16.0,2,326.26
p1_W1_E1.142,852.0,20.33,7.0,1,274.86
p1_E1_N3.15,900.0,15.6,5.0,1,183.71
p1_N3_W1.14,843.0,28.19,11.0,2,308.71
p1_E3_W3.59,850.0,22.94,4.0,2,304.89
p1_E_W.58,836.0,37.84,17.0,2,318.54
p1_E1_W1.59,850.0,24.05,12.0,1,295.22
p1_E_W.59,850.0,23.76,7.0,1,302.29
p1_W3_E3.139,834.0,37.5,20.0,2,319.69
p1_E3_W3.60,864.0,11.15,0.0,0,261.87
p1_W3_E3.142,852.0,23.88,9.0,1,300.49
p1_W3_S3.14,843.0,31.49,14.0,1,333.84
p1_N2_W2.14,843.0,36.11,19.0,2,331.86
p1_W1_E1.140,840.0,17.28,0.0,0,290.06
p1_W3_E3.140,840.0,30.6,11.0,2,309.74
p1_N1_S1.43,860.0,23.5,10.0,1,293.69
p1_S2_N2.42,840.0,43.79,20.0,2,347.63
p1_W3_E3.141,846.0,22.75,8.0,1,278.4
p1_N2_S2.43,860.0,29.55,11.0,2,314.21
p1_S2_N2.41,820.0,50.24,30.0,2,335.37
p1_S1_N1.43,860.0,15.18,1.0,1,277.71
p1_W_E.146,876.0,16.91,2.0,1,267.52
p1_S2_N2.43,860.0,19.37,7.0,1,274.25
p1_N1_S1.42,840.0,33.18,14.0,2,320.14
p1_W_E.145,870.0,25.37,8.0,1,308.68
p1_W1_E1.144,864.0,28.07,9.0,2,308.28
p1_W_E.144,864.0,24.0,10.0,1,289.26
p1_E2_N2.14,840.0,56.85,29.0,4,370.53
p1_S1_E1.13,783.0,65.36,32.0,4,500.13
p1_E1_W1.61,879.0,19.22,0.0,0,286.69
p1_E3_W3.61,879.0,18.38,3.0,1,294.98
p1_W1_E1.148,888.0,10.31,0.0,0,258.87
p1_W1_E1.143,858.0,42.05,19.0,2,352.73
p1_E1_W1.60,864.0,24.75,10.0,1,288.86
p1_W1_E1.147,882.0,18.13,2.0,1,273.82
p1_W3_E3.143,858.0,42.88,23.0,2,344.18
p1_E3_W3.62,893.0,8.36,0.0,0,244.32
p1_W1_E1.146,876.0,25.88,4.0,1,306.71
p1_W3_E3.145,870.0,28.05,10.0,1,303.73
p1_E_W.61,879.0,25.73,5.0,2,306.12
p1_S2_E2.14,843.0,42.89,21.0,3,335.13
p1_E_W.60,864.0,36.46,17.0,2,309.79
p1_W1_E1.145,870.0,21.06,4.0,1,288.99
p1_W3_E3.147,882.0,23.83,6.0,1,307.34
p1_W3_E3.144,864.0,40.98,13.0,2,334.59
p1_W3_E3.148,888.0,15.83,0.0,0,284.07
p1_W_E.148,888.0,25.35,13.0,1,286.6
p1_S3_N3.43,860.0,54.55,28.0,3,364.43
p1_W3_E3.146,876.0,19.07,4.0,1,282.37
p1_S1_N1.45,900.0,14.41,0.0,0,276.95
p1_N1_S1.44,880.0,33.66,15.0,2,314.1
p1_W_E.147,882.0,29.8,11.0,1,322.82
p1_N3_S3.44,880.0,31.86,12.0,2,318.43
p1_N1_S1.45,900.0,9.49,0.0,0,250.97
p1_S1_N1.44,880.0,30.72,11.0,2,314.17
p1_W1_S1.15,903.0,16.76,1.0,1,271.64
p1_E3_N1.14,840.0,36.98,15.0,2,424.63
p1_S2_N2.44,880.0,38.66,26.0,1,305.56
p1_S3_N3.44,880.0,38.69,12.0,2,321.45
p1_S2_N2.45,900.0,18.83,4.0,1,279.09
p1_N3_S3.45,900.0,23.05,9.0,1,283.57
p1_W3_E3.149,894.0,32.28,13.0,2,323.62
p1_W3_E3.150,900.0,26.36,6.0,2,323.44
p1_W1_E1.151,906.0,20.79,1.0,1,294.98
p1_W1_E1.149,894.0,32.33,14.0,2,318.29
p1_E1_W1.63,908.0,21.53,4.0,1,292.78
p1_E3_W3.63,908.0,21.32,1.0,1,308.04
p1_W1_E1.152,912.0,16.91,0.0,0,284.4
p1_E1_N3.16,960.0,12.49,1.0,1,182.12
p1_E1_W1.62,893.0,36.8,12.0,2,346.21
p1_W3_S3.15,903.0,26.45,2.0,1,317.47
p1_E_W.64,922.0,9.16,0.0,0,253.52
p1_W1_E1.150,900.0,21.5,3.0,2,299.62
p1_N3_W1.15,903.0,26.24,10.0,1,281.74
p1_S1_E1.14,843.0,43.45,19.0,2,428.77
p1_W3_E3.151,906.0,15.46,0.0,0,279.2
p1_W3_E3.152,912.0,13.02,0.0,0,259.12
p1_S2_E2.15,903.0,27.3,7.0,2,324.56
p1_E_W.62,893.0,24.72,11.0,1,293.07
p1_W2_S2.15,903.0,31.28,9.0,2,319.77
p1_E_W.63,908.0,23.38,10.0,1,281.65
p1_N2_S2.44,880.0,44.95,22.0,3,352.04
p1_N1_S1.46,920.0,20.85,5.0,1,294.51
p1_N3_S3.46,920.0,21.24,8.0,1,284.31
p1_S3_N3.45,900.0,36.08,15.0,2,314.16
p1_S1_N1.46,920.0,17.58,4.0,1,279.73
p1_S3_E3.16,963.0,23.43,9.0,1,197.21
p1_W_E.149,894.0,50.73,25.0,3,355.73
p1_S2_N2.46,920.0,26.02,8.0,1,306.46
p1_W_E.151,906.0,36.87,9.0,2,336.95
p1_W_E.150,900.0,33.58,11.0,3,324.74
p1_W_E.153,918.0,25.08,2.0,1,321.18
p1_W1_E1.154,924.0,26.55,7.0,1,307.69
p1_N1_W3.15,903.0,32.86,10.0,1,319.23
p1_W3_E3.154,924.0,30.52,13.0,2,309.66
p1_W1_E1.155,930.0,20.94,2.0,1,297.04
p1_W1_E1.156,936.0,11.57,0.0,0,270.71
p1_E1_W1.65,936.0,18.04,4.0,1,308.3
p1_W3_E3.153,918.0,36.75,19.0,2,318.06
p1_E3_W3.64,922.0,33.56,13.0,2,317.16
p1_W1_E1.157,942.0,13.31,0.0,0,269.48
p1_W3_E3.156,936.0,19.55,4.0,1,278.98
p1_E3_W3.65,936.0,19.6,4.0,1,286.81
p1_E1_W1.64,922.0,24.62,5.0,2,302.61
p1_W3_E3.155,930.0,27.17,6.0,2,306.57
p1_W1_E1.158,948.0,9.01,0.0,0,256.1
p1_E2_N2.15,900.0,42.47,20.0,3,335.62
p1_W_E.157,942.0,16.96,2.0,1,281.36
p1_E_W.66,951.0,8.41,0.0,0,260.03
p1_W_E.152,912.0,13.38,0.0,0,272.17
p1_W3_E3.157,942.0,16.87,2.0,1,272.14
p1_N2_S2.46,920.0,41.08,19.0,2,344.48
p1_W_E.155,930.0,28.5,10.0,2,312.16
p1_E_W.65,936.0,25.29,8.0,1,304.78
p1_W_E.158,948.0,13.51,0.0,0,262.33
p1_N2_W2.15,903.0,53.28,25.0,3,355.32
p1_W1_E1.153,918.0,26.29,9.0,1,296.86
p1_N2_S2.45,900.0,49.35,23.0,3,354.46
p1_W_E.154,924.0,31.05,12.0,2,305.99
p1_N3_S3.47,940.0,27.96,9.0,2,312.86
p1_S1_N1.47,940.0,31.19,12.0,2,323.8
p1_W_E.156,936.0,18.15,1.0,1,288.06
p1_S1_N1.48,960.0,12.5,0.0,0,266.3
p1_E3_N1.15,900.0,31.44,10.0,2,413.95
p1_S3_N3.47,940.0,35.42,15.0,2,308.86
p1_W1_S1.16,963.0,14.14,1.0,1,267.61
p1_N1_S1.47,940.0,38.94,13.0,3,347.41
p1_W3_E3.158,948.0,32.47,13.0,2,313.32
p1_W3_E3.159,954.0,26.51,8.0,2,300.97
p1_W3_E3.161,966.0,16.2,0.0,0,285.34
p1_W3_E3.160,960.0,18.41,0.0,0,298.59
p1_S2_E2.16,963.0,21.93,4.0,1,313.39
p1_S3_N3.46,920.0,35.58,16.0,2,310.68
p1_W3_S3.16,963.0,19.58,0.0,0,286.62
p1_E1_W1.66,951.0,33.97,13.0,2,324.09
p1_N2_S2.48,960.0,27.56,11.0,1,304.48
p1_E1_W1.67,965.0,18.01,2.0,1,292.9
p1_W_E.162,972.0,16.25,0.0,0,284.62
p1_W1_E1.159,954.0,35.42,15.0,2,320.86
p1_W1_E1.160,960.0,29.52,9.0,2,313.29
p1_N2_S2.47,940.0,41.63,15.0,3,345.8
p1_E_W.67,965.0,25.52,10.0,1,278.08
p1_W_E.161,966.0,23.92,0.0,0,309.86
p1_W1_E1.161,966.0,23.88,7.0,1,304.0
p1_W1_E1.162,972.0,19.87,5.0,1,276.75
p1_W_E.163,978.0,10.17,0.0,0,249.25
p1_E_W.68,980.0,12.18,0.0,0,264.68
p1_E1_N3.17,1020.0,13.02,3.0,1,170.9
p1_E3_W3.66,951.0,35.43,18.0,2,316.19
p1_N3_W1.16,963.0,24.02,9.0,1,278.52
p1_W2_S2.16,963.0,15.05,1.0,1,275.67
p1_E3_W3.67,965.0,21.28,6.0,1,286.21
p1_N2_W2.16,963.0,34.36,18.0,2,314.12
p1_W3_E3.162,972.0,25.26,13.0,1,300.25
p1_S2_N2.47,940.0,58.07,40.0,2,359.95
p1_W_E.159,954.0,23.85,2.0,1,301.38
p1_E2_N2.16,960.0,38.81,19.0,2,333.91
p1_E3_W3.68,980.0,20.04,7.0,1,283.72
p1_S2_N2.49,980.0,20.38,7.0,1,286.09
p1_W3_E3.163,978.0,23.11,8.0,1,288.06
p1_W3_E3.164,984.0,16.99,4.0,1,281.46
p1_E3_W3.69,994.0,8.1,0.0,0,237.76
p1_W3_E3.165,990.0,13.16,0.0,0,262.12
p1_W3_E3.166,996.0,7.67,0.0,0,245.48
p1_W_E.160,960.0,15.39,0.0,0,269.76
p1_S2_N2.48,960.0,30.68,13.0,2,313.71
p1_N1_W3.16,963.0,45.89,23.0,3,359.59
p1_S1_N1.49,980.0,16.58,4.0,1,265.07
p1_S3_N3.49,980.0,24.08,3.0,1,301.19
p1_S3_N3.48,960.0,40.68,18.0,2,336.95
p1_N1_S1.49,980.0,29.7,10.0,2,324.74
p1_E1_W1.68,980.0,30.94,10.0,2,331.4
p1_N2_S2.49,980.0,33.33,15.0,2,314.97
p1_N3_S3.49,980.0,33.38,14.0,2,315.32
p1_S3_E3.17,1023.0,35.06,24.0,1,216.42
p1_N3_S3.48,960.0,46.61,23.0,3,347.37
p1_W_E.164,984.0,31.98,11.0,2,340.64
p1_E_W.70,1008.0,8.43,0.0,0,240.43
p1_E1_W1.69,994.0,9.46,0.0,0,245.72
p1_E_W.69,994.0,24.09,7.0,2,305.07
p1_W1_E1.163,978.0,42.22,19.0,3,353.16
p1_W_E.165,990.0,12.29,0.0,0,267.82
p1_W1_E1.166,996.0,24.4,5.0,2,304.15
p1_W_E.166,996.0,18.1,0.0,0,301.77
p1_N1_S1.48,960.0,30.5,10.0,2,305.94
p1_W1_E1.165,990.0,32.14,4.0,1,339.25
p1_W_E.167,1002.0,20.11,0.0,0,277.65
p1_W_E.168,1008.0,14.14,0.0,0,273.99
p1_W1_E1.167,1002.0,22.61,3.0,1,296.38
p1_E3_W3.70,1008.0,18.21,5.0,1,273.2
p1_S1_E1.15,903.0,60.73,25.0,4,474.09
p1_W1_E1.164,984.0,35.0,7.0,3,338.38
p1_W3_E3.167,1002.0,16.36,2.0,1,275.14
p1_W1_E1.168,1008.0,24.03,11.0,1,291.28
p1_W1_E1.169,1014.0,18.47,6.0,1,283.55
p1_N1_S1.50,1000.0,35.04,12.0,3,338.21
p1_S2_N2.50,1000.0,32.04,14.0,1,310.75
p1_S1_N1.51,1020.0,15.43,2.0,1,272.1
p1_S1_N1.50,1000.0,27.41,10.0,2,300.97
p1_S3_N3.50,1000.0,38.74,17.0,2,342.68
p1_N3_S3.51,1020.0,19.35,6.0,1,271.25
p1_S2_N2.51,1020.0,8.48,0.0,0,255.69
p1_N2_S2.50,1000.0,37.9,14.0,3,339.14
p1_E2_N2.17,1020.0,21.78,2.0,1,297.11
p1_N3_S3.50,1000.0,29.42,11.0,2,304.39
p1_E_W.71,1023.0,17.63,1.0,1,287.58
p1_S3_E3.18,1083.0,7.69,0.0,0,168.96
p1_E1_W1.71,1023.0,26.28,8.0,1,303.74
p1_E3_W3.71,1023.0,25.72,12.0,1,290.6
p1_E3_W3.72,1037.0,13.51,0.0,0,276.57
p1_W3_E3.169,1014.0,36.72,16.0,2,336.55
p1_W3_E3.171,1026.0,24.83,4.0,1,325.57
p1_E1_W1.70,1008.0,31.32,13.0,2,304.95
p1_W2_S2.17,1023.0,28.0,9.0,2,313.83
p1_W1_E1.171,1026.0,25.68,11.0,1,285.17
p1_W_E.169,1014.0,38.81,14.0,2,342.15
p1_W_E.170,1020.0,32.65,9.0,2,336.26
p1_E1_W1.72,1037.0,11.56,0.0,0,267.71
p1_E1_N3.18,1083.0,13.67,2.0,1,181.62
p1_W1_E1.170,1020.0,26.96,10.0,1,297.76
p1_N2_W2.17,1023.0,31.17,13.0,2,309.97
p1_W_E.172,1032.0,22.56,5.0,1,304.9
p1_W_E.171,1026.0,28.83,5.0,1,324.63
p1_W_E.173,1038.0,18.27,4.0,1,274.86
p1_W3_E3.170,1020.0,25.84,7.0,2,296.71
p1_W3_E3.168,1008.0,37.41,18.0,2,313.99
p1_W3_E3.173,1038.0,20.45,2.0,1,284.87
p1_W3_S3.17,1023.0,28.72,6.0,2,326.15
p1_W3_E3.172,1032.0,17.73,2.0,1,275.05
p1_S1_N1.52,1040.0,21.3,4.0,2,305.85
p1_N3_S3.52,1040.0,23.26,5.0,1,317.51
p1_E3_N1.16,960.0,43.42,14.0,2,451.53
p1_N1_W3.17,1023.0,42.95,20.0,3,346.54
p1_N2_S2.51,1020.0,46.32,21.0,3,357.32
p1_N2_S2.52,1040.0,24.81,6.0,2,302.93
p1_S2_N2.52,1040.0,16.58,3.0,1,264.33
p1_N1_S1.52,1040.0,26.68,7.0,2,307.26
p1_N1_S1.51,1020.0,47.79,21.0,3,353.63
p1_S3_N3.51,1020.0,49.17,30.0,2,361.67
p1_S3_N3.52,1040.0,29.32,9.0,2,317.48
p1_W1_S1.17,1023.0,35.27,14.0,2,323.72
p1_S2_E2.17,1023.0,39.73,17.0,3,334.95
p1_E1_W1.73,1052.0,22.51,0.0,0,311.01
p1_W3_E3.175,1050.0,26.33,8.0,2,310.0
p1_N3_W1.17,1023.0,40.71,24.0,2,315.77
p1_W3_E3.174,1044.0,33.36,15.0,2,316.4
p1_W3_E3.176,1056.0,23.89,3.0,1,308.29
p1_E3_W3.74,1066.0,13.8,0.0,0,271.02
p1_E_W.72,1037.0,41.83,18.0,2,353.07
p1_E_W.73,1052.0,28.71,7.0,2,312.41
p1_W1_E1.173,1038.0,44.44,21.0,3,360.86
p1_W_E.174,1044.0,39.4,17.0,2,334.99
p1_W1_E1.175,1050.0,32.99,8.0,2,324.03
p1_E_W.74,1066.0,17.05,3.0,1,274.41
p1_W_E.175,1050.0,33.89,10.0,2,337.31
p1_W3_E3.177,1062.0,21.96,2.0,2,298.08
p1_W3_E3.178,1068.0,16.34,0.0,0,278.54
p1_E3_W3.73,1052.0,15.66,1.0,1,266.92
p1_W1_E1.177,1062.0,22.03,3.0,1,291.98
p1_W_E.177,1062.0,23.55,10.0,1,280.72
p1_S1_E1.16,963.0,69.99,36.0,4,500.85
p1_W_E.176,1056.0,30.0,9.0,1,317.05
p1_W1_E1.174,1044.0,42.96,12.0,3,354.52
p1_W1_E1.172,1032.0,51.94,25.0,3,366.45
p1_S2_N2.54,1080.0,8.28,0.0,0,241.74
p1_S1_N1.54,1080.0,12.01,0.0,0,271.93
p1_N3_S3.54,1080.0,12.36,0.0,0,265.59
p1_W1_E1.176,1056.0,23.2,3.0,1,301.27
p1_S3_N3.53,1060.0,32.18,12.0,2,310.57
p1_E3_N1.17,1020.0,27.74,12.0,1,377.66
p1_S3_N3.54,1080.0,15.7,1.0,1,278.66
p1_S1_N1.53,1060.0,23.92,7.0,2,308.08
p1_N1_S1.53,1060.0,37.89,12.0,3,347.98
p1_N2_S2.53,1060.0,33.12,12.0,2,315.13
p1_N1_S1.54,1080.0,18.04,3.0,1,274.87
p1_N3_S3.53,1060.0,26.05,7.0,1,306.71
p1_W1_S1.18,1083.0,17.32,2.0,1,288.02
p1_W3_E3.182,1092.0,10.84,0.0,0,269.31
p1_E1_W1.76,1095.0,8.15,0.0,0,251.32
p1_W3_E3.180,1080.0,24.69,2.0,1,325.44
p1_W3_E3.181,1086.0,11.8,0.0,0,272.87
p1_E_W.76,1095.0,10.32,0.0,0,262.6
p1_E1_W1.75,1080.0,25.75,5.0,2,298.5
p1_E_W.75,1080.0,26.2,8.0,2,300.37
p1_W1_E1.178,1068.0,40.34,22.0,2,330.93
p1_W1_E1.179,1074.0,34.4,15.0,2,319.2
p1_W2_S2.18,1083.0,25.02,8.0,1,312.98
p1_W1_E1.181,1086.0,24.5,8.0,1,292.76
p1_E1_N3.19,1141.0,11.85,0.0,0,168.38
p1_W_E.179,1074.0,31.49,11.0,2,318.71
p1_W1_E1.180,1080.0,28.43,10.0,2,308.98
p1_E3_W3.75,1080.0,30.84,12.0,2,316.89
p1_E3_W3.76,1095.0,12.57,0.0,0,271.38
p1_E1_W1.74,1066.0,26.39,13.0,1,297.34
p1_W1_E1.182,1092.0,20.21,6.0,1,284.2
p1_W_E.178,1068.0,34.24,18.0,2,315.58
p1_W_E.180,1080.0,32.79,9.0,1,334.26
p1_W_E.182,1092.0,22.43,5.0,1,298.62
p1_W3_E3.179,1074.0,18.16,1.0,1,279.96
p1_W_E.183,1098.0,16.7,3.0,1,282.84
p1_N2_W2.18,1083.0,33.83,13.0,2,312.48
p1_S2_N2.55,1100.0,16.8,3.0,1,288.44
p1_E2_N2.18,1083.0,35.26,12.0,2,328.54
p1_W_E.181,1086.0,18.33,3.0,1,275.58
p1_S3_N3.55,1100.0,19.66,5.0,1,289.2
p1_S2_E2.18,1083.0,38.99,20.0,3,338.7
p1_N1_W3.18,1083.0,40.04,18.0,3,347.92
p1_N1_S1.55,1100.0,23.83,5.0,2,303.84
p1_S1_N1.55,1100.0,23.63,2.0,1,310.89
p1_W3_S3.18,1083.0,12.68,0.0,0,263.58
p1_N2_S2.55,1100.0,27.66,8.0,2,304.37
p1_N2_S2.54,1080.0,45.25,20.0,3,349.67
p1_W3_E3.186,1116.0,16.1,1.0,1,281.96
p1_E3_W3.77,1109.0,26.23,4.0,2,318.06
p1_S2_N2.53,1060.0,41.5,20.0,2,328.71
p1_W_E.184,1104.0,31.75,10.0,2,334.61
p1_W1_E1.185,1110.0,14.12,0.0,0,273.43
p1_E1_W1.78,1124.0,11.78,0.0,0,263.68
p1_W1_E1.184,1104.0,24.74,0.0,0,315.97
p1_W_E.186,1116.0,21.81,1.0,1,312.67
p1_W1_E1.187,1122.0,16.08,0.0,0,280.7
p1_W_E.185,1110.0,17.75,1.0,1,296.59
p1_W_E.187,1122.0,18.37,0.0,0,285.3
p1_S1_E1.17,1023.0,48.75,18.0,2,453.3
p1_W1_E1.183,1098.0,28.66,6.0,2,324.68
p1_S2_N2.56,1120.0,21.72,7.0,1,274.85
p1_N3_S3.55,1100.0,22.68,7.0,1,283.24
p1_E_W.77,1109.0,29.97,10.0,2,315.31
p1_E1_W1.77,1109.0,13.65,0.0,0,278.28
p1_S3_E3.19,1142.0,35.69,24.0,1,210.16
p1_N3_S3.56,1120.0,22.56,6.0,1,293.12
p1_N3_W1.18,1083.0,23.91,7.0,1,300.05
p1_W3_E3.185,1110.0,40.56,14.0,2,342.26
p1_W3_E3.184,1104.0,43.6,19.0,3,350.96
p1_S3_N3.56,1120.0,32.51,10.0,3,327.1
p1_W3_E3.188,1128.0,24.5,10.0,1,288.65
p1_S2_N2.57,1140.0,8.72,0.0,0,240.99
p1_N2_S2.56,1120.0,34.22,10.0,3,334.18
p1_W3_E3.187,1122.0,23.36,9.0,1,284.13
p1_W3_E3.183,1098.0,39.73,16.0,3,335.33
p1_N1_S1.56,1120.0,37.84,15.0,3,349.45
p1_S1_N1.57,1140.0,19.99,1.0,1,293.27
p1_W1_S1.19,1143.0,11.23,0.0,0,268.41
p1_E3_N1.18,1083.0,28.26,5.0,1,408.56
p1_S1_N1.56,1120.0,28.98,7.0,2,319.75
p1_W2_S2.19,1143.0,22.87,6.0,1,304.75
p1_W1_E1.189,1134.0,32.02,10.0,2,313.83
p1_W1_E1.191,1146.0,20.06,5.0,1,272.77
p1_E_W.79,1138.0,30.26,14.0,2,310.51
p1_W1_E1.190,1140.0,28.17,5.0,1,326.07
p1_E_W.80,1152.0,17.58,4.0,1,268.93
p1_W1_E1.188,1128.0,41.96,13.0,2,341.39
p1_E1_N3.20,1200.0,8.25,0.0,0,155.28
p1_W_E.188,1128.0,43.8,22.0,2,351.57
p1_E3_W3.79,1138.0,34.34,14.0,2,329.08
p1_W1_E1.192,1152.0,19.74,3.0,1,283.36
p1_E1_W1.80,1152.0,20.31,8.0,1,274.12
p1_E3_W3.80,1152.0,20.85,2.0,1,300.09
p1_E1_W1.79,1138.0,31.51,14.0,2,319.37
p1_W_E.190,1140.0,25.64,7.0,1,311.06
p1_W_E.192,1152.0,22.0,7.0,1,273.56
p1_S3_E3.20,1203.0,7.83,0.0,0,163.52
p1_W1_E1.186,1116.0,32.36,14.0,2,313.07
p1_W3_E3.189,1134.0,41.81,19.0,3,349.17
p1_W_E.191,1146.0,30.38,4.0,1,290.39
p1_W3_E3.190,1140.0,37.04,13.0,3,344.53
p1_W3_S3.19,1143.0,35.56,10.0,2,334.81
p1_N2_S2.57,1140.0,39.43,19.0,3,343.58
p1_N2_W2.19,1143.0,21.94,5.0,1,285.23
p1_E1_W1.81,1167.0,12.22,0.0,0,265.06
p1_E3_W3.78,1124.0,36.74,11.0,3,322.66
p1_W_E.189,1134.0,22.34,5.0,1,291.58
p1_W3_E3.192,1152.0,27.17,7.0,1,299.64
p1_E_W.81,1167.0,13.79,2.0,1,274.42
p1_N3_W1.19,1143.0,32.78,15.0,2,305.21
p1_W3_E3.191,1146.0,23.31,5.0,1,295.65
p1_S3_N3.58,1160.0,22.59,10.0,1,281.17
p1_E_W.78,1124.0,22.7,6.0,1,301.72
p1_N1_W3.19,1143.0,42.12,17.0,3,346.93
p1_W_E.193,1158.0,21.15,7.0,1,267.07
p1_N1_S1.58,1160.0,24.71,2.0,1,312.92
p1_S2_N2.58,1160.0,8.64,0.0,0,249.81
p1_W_E.194,1164.0,24.09,11.0,1,282.19
p1_W_E.195,1170.0,17.68,5.0,1,274.16
p1_W1_E1.194,1164.0,27.33,9.0,2,309.35
p1_S1_N1.58,1160.0,27.82,11.0,2,306.11
p1_N1_S1.57,1140.0,32.66,12.0,2,324.82
p1_W1_E1.195,1170.0,15.73,0.0,0,295.51
p1_S2_E2.19,1143.0,49.48,21.0,3,358.64
p1_W1_E1.196,1176.0,14.4,0.0,0,287.26
p1_E3_W3.82,1181.0,15.34,1.0,1,284.32
p1_W1_E1.197,1182.0,13.8,0.0,0,278.45
p1_N3_S3.57,1140.0,49.18,26.0,3,355.93
p1_W1_E1.193,1158.0,39.55,9.0,1,321.26
p1_N3_S3.58,1160.0,30.02,11.0,2,312.69
p1_E3_W3.81,1167.0,25.72,8.0,2,296.38
p1_E2_N2.19,1141.0,56.63,24.0,3,369.79
p1_S1_E1.18,1083.0,30.86,7.0,1,410.38
p1_S2_N2.59,1180.0,22.08,3.0,1,304.51
p1_E1_W1.82,1181.0,22.16,9.0,1,286.8
p1_S3_N3.59,1180.0,24.06,11.0,1,274.12
p1_E_W.82,1181.0,23.32,10.0,1,287.82
p1_N2_S2.59,1180.0,25.4,8.0,2,299.42
p1_W3_E3.195,1170.0,37.4,13.0,2,335.25
p1_S3_N3.57,1140.0,56.49,37.0,2,340.14
p1_W3_E3.193,1158.0,49.67,26.0,3,356.0
p1_W3_E3.194,1164.0,39.66,15.0,3,331.72
p1_W3_E3.196,1176.0,31.06,11.0,1,317.48
p1_W_E.197,1182.0,24.25,10.0,1,290.05
p1_N2_S2.58,1160.0,27.22,9.0,1,304.99
p1_W_E.196,1176.0,27.86,12.0,1,296.78
p1_S1_N1.59,1180.0,34.05,17.0,2,324.96
p1_W_E.199,1194.0,19.04,5.0,1,275.99
p1_N1_S1.60,1200.0,14.4,1.0,1,283.28
p1_S1_N1.60,1200.0,13.3,0.0,0,261.58
p1_W3_E3.197,1182.0,20.68,7.0,1,276.78
p1_W_E.198,1188.0,25.22,14.0,1,285.8
p1_N3_S3.59,1180.0,38.35,17.0,2,335.57
p1_W1_E1.198,1188.0,27.9,9.0,2,309.16
p1_W1_E1.200,1200.0,18.15,5.0,1,271.61
p1_W1_S1.20,1203.0,16.48,4.0,1,264.51
p1_W1_E1.199,1194.0,26.11,10.0,1,294.9
p1_N1_W3.20,1203.0,17.45,0.0,0,274.82
p1_N1_S1.59,1180.0,27.56,9.0,2,298.32
p1_E1_N3.21,1260.0,7.16,0.0,0,161.28
p1_N3_S3.60,1200.0,22.28,9.0,1,288.31
p1_E1_W1.84,1210.0,19.2,6.0,1,279.53
p1_E3_W3.83,1196.0,33.88,14.0,2,326.98
p1_E3_W3.84,1210.0,19.76,4.0,1,293.63
p1_E1_W1.83,1196.0,31.94,13.0,2,306.72
p1_N2_W2.20,1203.0,19.37,2.0,1,300.89
p1_E3_N1.19,1141.0,47.29,9.0,4,481.85
p1_S3_E3.21,1263.0,8.27,0.0,0,166.24
p1_W3_E3.200,1200.0,32.86,14.0,2,314.6
p1_W_E.201,1206.0,27.55,14.0,1,300.73
p1_E_W.84,1210.0,24.48,10.0,1,284.16
p1_W_E.202,1212.0,21.88,7.0,1,288.47
p1_W_E.200,1200.0,33.6,15.0,2,321.02
p1_E2_N2.20,1200.0,36.52,12.0,2,330.36
p1_W3_E3.201,1206.0,28.82,8.0,1,299.37
p1_W3_E3.198,1188.0,38.46,20.0,2,331.13
p1_S2_N2.60,1200.0,36.72,18.0,2,322.49
p1_N3_W1.20,1203.0,31.94,11.0,2,310.69
p1_W2_S2.20,1203.0,30.97,11.0,1,313.2
p1_W3_S3.20,1203.0,35.25,10.0,2,329.52
p1_W3_E3.202,1212.0,25.74,8.0,1,307.8
p1_W3_E3.199,1194.0,38.13,17.0,2,329.21
p1_E_W.83,1196.0,35.22,12.0,2,315.85
p1_N2_S2.60,1200.0,29.62,11.0,2,308.97
p1_S1_N1.61,1220.0,20.36,5.0,1,286.65
p1_S3_N3.60,1200.0,24.33,8.0,1,282.75
p1_N1_S1.61,1220.0,20.9,2.0,1,306.77
p1_S3_N3.61,1220.0,20.23,6.0,1,295.76
p1_E_W.85,1224.0,8.53,0.0,0,249.45
p1_W_E.203,1218.0,10.0,0.0,0,256.64
p1_N3_S3.61,1220.0,22.37,8.0,1,286.13
p1_W1_E1.201,1206.0,41.84,18.0,2,344.72
p1_N3_S3.62,1240.0,8.26,0.0,0,244.17
p1_W1_E1.202,1212.0,35.45,16.0,2,323.55
p1_S1_E1.19,1143.0,61.74,26.0,4,480.03
p1_S2_E2.20,1203.0,40.05,16.0,2,339.79
p1_W1_E1.203,1218.0,24.2,4.0,1,298.4
p1_W1_E1.205,1230.0,17.94,5.0,1,274.63
p1_E3_W3.85,1224.0,30.86,13.0,2,316.63
p1_W1_E1.207,1242.0,14.25,0.0,0,276.76
p1_W1_E1.204,1224.0,30.73,12.0,1,314.14
p1_E1_W1.85,1224.0,26.79,11.0,1,314.35
p1_E3_W3.86,1239.0,9.7,0.0,0,259.5
p1_W3_E3.204,1224.0,35.68,15.0,2,326.89
p1_E_W.86,1239.0,20.81,2.0,1,296.87
p1_E_W.87,1253.0,7.5,0.0,0,236.54
p1_W3_E3.205,1230.0,32.4,3.0,2,312.21
p1_W3_E3.206,1236.0,16.26,2.0,1,282.28
p1_S3_N3.62,1240.0,21.83,8.0,1,282.11
p1_N2_S2.61,1220.0,41.56,24.0,2,340.07
p1_N2_S2.62,1240.0,22.81,10.0,1,287.94
p1_W3_E3.203,1218.0,34.79,12.0,2,312.98
p1_W_E.204,1224.0,30.72,12.0,2,305.58
p1_W_E.205,1230.0,23.75,5.0,2,297.21
p1_W_E.206,1236.0,31.79,2.0,2,325.58
p1_W_E.207,1242.0,23.21,2.0,1,300.75
p1_W_E.208,1248.0,21.4,1.0,1,313.94
p1_N1_S1.62,1240.0,31.34,12.0,2,316.53
p1_S1_N1.62,1240.0,30.38,11.0,2,321.35
p1_W1_E1.208,1248.0,24.43,10.0,1,281.14
p1_N1_S1.63,1260.0,7.44,0.0,0,242.21
p1_W1_E1.210,1260.0,14.41,1.0,1,260.4
p1_W1_S1.21,1263.0,13.61,0.0,0,267.86
p1_E3_N1.20,1200.0,33.81,14.0,2,408.52
p1_W1_E1.211,1266.0,10.71,0.0,0,266.58
p1_W3_E3.207,1242.0,24.1,10.0,1,285.25
p1_E2_N2.21,1260.0,20.89,6.0,1,288.83
p1_W1_E1.212,1272.0,7.62,0.0,0,234.47
p1_W3_E3.208,1248.0,26.73,12.0,1,299.14
p1_W1_E1.209,1254.0,27.55,7.0,1,299.3
p1_W3_E3.209,1254.0,19.78,7.0,1,275.32
p1_W3_E3.211,1266.0,16.52,0.0,0,277.06
p1_W3_E3.210,1260.0,22.81,3.0,1,304.83
p1_E1_N3.22,1320.0,6.83,0.0,0,159.8
p1_W1_E1.206,1236.0,26.11,10.0,1,293.59
p1_E1_W1.86,1239.0,47.27,20.0,3,346.8
p1_E1_W1.87,1253.0,34.01,14.0,2,323.02
p1_E3_W3.87,1253.0,32.12,14.0,2,316.36
p1_E3_W3.88,1268.0,16.85,2.0,1,270.16
p1_N3_W1.21,1263.0,24.62,5.0,1,298.15
p1_W_E.209,1254.0,36.02,14.0,2,321.62
p1_W_E.211,1266.0,24.62,9.0,1,286.98
p1_N3_S3.63,1260.0,32.4,13.0,2,315.93
p1_E_W.88,1268.0,24.34,10.0,1,302.55
p1_W2_S2.21,1263.0,30.19,8.0,2,321.51
p1_W_E.212,1272.0,21.03,6.0,1,276.28
p1_N2_S2.64,1280.0,11.2,0.0,0,258.01
p1_S3_E3.22,1323.0,14.06,3.0,1,181.16
p1_N2_S2.63,1260.0,33.33,13.0,2,324.45
p1_W_E.210,1260.0,12.35,0.0,0,271.63
p1_N3_S3.64,1280.0,20.47,6.0,1,278.85
p1_S3_N3.63,1260.0,30.2,17.0,1,301.73
p1_N2_W2.21,1263.0,27.95,7.0,2,302.84
p1_N1_S1.64,1280.0,22.35,9.0,1,276.46
p1_S1_N1.64,1280.0,22.48,7.0,1,288.69
p1_S1_E1.20,1203.0,40.57,12.0,2,431.87
p1_N1_W3.21,1263.0,39.22,20.0,2,334.81
p1_W3_E3.212,1272.0,33.31,14.0,2,317.28
p1_W3_E3.214,1284.0,21.16,3.0,1,296.78
p1_W3_E3.216,1296.0,11.19,0.0,0,273.59
p1_S3_N3.64,1280.0,13.8,0.0,0,273.09
p1_W3_E3.215,1290.0,19.08,0.0,0,304.22
p1_W3_E3.213,1278.0,31.64,11.0,1,320.2
p1_W3_S3.21,1263.0,36.14,11.0,2,335.12
p1_W3_E3.217,1302.0,8.76,0.0,0,245.25
p1_E3_W3.89,1282.0,30.23,12.0,2,312.01
p1_W1_E1.214,1284.0,28.87,9.0,2,301.51
p1_E1_W1.88,1268.0,43.26,24.0,2,326.63
p1_E1_W1.89,1282.0,23.71,11.0,1,277.2
p1_W1_E1.215,1290.0,25.24,6.0,1,304.74
p1_W_E.214,1284.0,32.19,13.0,2,311.83
p1_W1_E1.213,1278.0,31.74,12.0,2,311.9
p1_E3_W3.90,1296.0,9.23,0.0,0,248.12
p1_W_E.216,1296.0,22.56,2.0,1,289.72
p1_E_W.89,1282.0,36.86,17.0,2,313.98
p1_E1_W1.91,1311.0,7.67,0.0,0,249.23
p1_S2_N2.61,1220.0,76.95,52.0,3,389.52
p1_S2_E2.21,1263.0,44.27,17.0,3,339.08
p1_W_E.215,1290.0,30.41,6.0,2,319.65
p1_W1_E1.217,1302.0,12.8,0.0,0,268.68
p1_W1_E1.216,1296.0,14.4,0.0,0,270.61
p1_S2_N2.63,1260.0,61.85,26.0,3,371.01
p1_E_W.90,1296.0,9.86,0.0,0,253.76
p1_W_E.213,1278.0,30.31,13.0,2,310.79
p1_E1_W1.90,1296.0,22.5,9.0,1,286.63
p1_W_E.217,1302.0,14.03,0.0,0,267.37
p1_S2_N2.62,1240.0,50.47,29.0,2,345.28
p1_E3_W3.91,1311.0,17.46,3.0,1,272.87
p1_S1_N1.65,1300.0,34.98,12.0,3,335.29
p1_N1_S1.65,1300.0,34.89,11.0,3,345.08
p1_N3_S3.65,1300.0,37.12,17.0,2,321.06
p1_N2_W2.22,1323.0,19.5,5.0,1,287.52
p1_S1_N1.63,1260.0,59.22,33.0,3,366.76
p1_S2_N2.65,1300.0,44.36,25.0,1,339.17
p1_S2_E2.22,1323.0,19.85,3.0,1,289.14
p1_E_W.92,1325.0,20.49,6.0,1,304.91
p1_S2_N2.64,1280.0,54.13,35.0,2,344.18
p1_W_E.218,1308.0,25.01,13.0,1,280.76
p1_S2_N2.66,1320.0,26.16,5.0,1,308.87
p1_N3_W1.22,1323.0,25.39,7.0,1,302.0
p1_W1_E1.219,1314.0,35.49,15.0,2,329.88
p1_E1_W1.92,1325.0,23.96,11.0,1,284.5
p1_N2_S2.66,1320.0,29.82,11.0,2,315.19
p1_E1_N3.23,1380.0,14.19,5.0,1,179.46
p1_W1_E1.218,1308.0,39.95,19.0,2,320.09
p1_E3_W3.92,1325.0,25.74,12.0,1,293.02
p1_W1_E1.221,1326.0,23.46,9.0,1,282.59
p1_E3_W3.93,1340.0,12.99,0.0,0,271.53
p1_W1_E1.220,1320.0,28.06,8.0,1,305.32
p1_W3_E3.218,1308.0,36.47,16.0,2,312.21
p1_W3_E3.219,1314.0,28.67,12.0,2,311.52
p1_W_E.220,1320.0,30.87,11.0,2,312.36
p1_W3_S3.22,1323.0,30.18,9.0,1,300.96
p1_W_E.221,1326.0,23.33,5.0,1,285.49
p1_N2_S2.65,1300.0,33.98,11.0,2,320.3
p1_W3_E3.220,1320.0,36.48,9.0,1,345.76
p1_E1_W1.93,1340.0,15.7,2.0,1,270.58
p1_W_E.223,1338.0,19.02,3.0,1,291.31
p1_E_W.91,1311.0,36.52,17.0,2,321.97
p1_W1_E1.223,1338.0,19.88,7.0,1,279.39
p1_W3_E3.221,1326.0,21.56,5.0,1,276.59
p1_W1_E1.224,1344.0,15.85,3.0,1,268.67
p1_W1_S1.22,1323.0,38.21,13.0,2,338.18
p1_N1_S1.67,1340.0,21.58,2.0,1,298.1
p1_W_E.219,1314.0,32.98,14.0,2,303.47
p1_S1_N1.67,1340.0,21.72,3.0,2,310.62
p1_N1_S1.66,1320.0,43.34,18.0,2,360.46
p1_W_E.222,1332.0,19.97,3.0,1,279.61
p1_W1_E1.222,1332.0,23.46,10.0,1,281.0
p1_N3_S3.66,1320.0,44.78,18.0,3,356.81
p1_N3_S3.67,1340.0,24.74,7.0,1,300.18
p1_S1_N1.66,1320.0,37.11,12.0,2,328.14
p1_N1_W3.22,1323.0,34.52,10.0,3,338.68
p1_S3_E3.23,1383.0,21.46,11.0,1,189.4
p1_W2_S2.22,1323.0,40.28,15.0,3,344.21
p1_S1_E1.21,1263.0,68.23,35.0,3,479.74
p1_S3_N3.66,1320.0,54.25,28.0,3,369.66
p1_E1_W1.94,1354.0,20.22,8.0,1,274.98
p1_E2_N2.22,1320.0,55.62,29.0,3,363.16
p1_E3_W3.94,1354.0,20.89,7.0,1,280.95
p1_N2_S2.67,1340.0,35.87,12.0,2,339.09
p1_S3_N3.65,1300.0,76.75,52.0,3,397.26
p1_W3_E3.224,1344.0,30.33,10.0,1,314.03
p1_W3_E3.223,1338.0,33.65,15.0,2,319.31
p1_E_W.94,1354.0,22.7,10.0,1,280.64
p1_E3_N1.21,1260.0,62.23,29.0,4,487.89
p1_E1_W1.95,1368.0,7.59,0.0,0,247.23
p1_W3_E3.225,1350.0,19.98,6.0,1,273.74
p1_E_W.93,1340.0,34.73,14.0,2,306.1
p1_W3_E3.227,1362.0,23.54,11.0,1,294.28
p1_E3_W3.95,1368.0,17.15,4.0,1,267.2
p1_W3_E3.222,1332.0,32.66,13.0,2,306.08
p1_W_E.224,1344.0,44.32,18.0,3,351.05
p1_W1_E1.226,1356.0,31.95,13.0,2,323.63
p1_W_E.225,1350.0,38.98,13.0,2,342.72
p1_W1_E1.225,1350.0,30.21,11.0,1,309.89
p1_W_E.226,1356.0,34.39,10.0,2,325.7
p1_W1_E1.227,1362.0,27.74,7.0,2,309.24
p1_S1_N1.68,1360.0,30.63,12.0,2,321.54
p1_W_E.227,1362.0,29.0,7.0,2,307.28
p1_S1_N1.69,1380.0,12.33,0.0,0,269.67
p1_N1_S1.69,1380.0,17.78,4.0,1,277.43
p1_N3_S3.69,1380.0,17.8,4.0,1,273.59
p1_S3_N3.68,1360.0,36.85,17.0,2,325.92
p1_S3_N3.67,1340.0,54.97,36.0,2,352.7
p1_N1_S1.68,1360.0,35.46,8.0,3,332.24
p1_S3_N3.69,1380.0,21.11,6.0,1,286.69
p1_N2_S2.69,1380.0,22.31,7.0,1,290.07
p1_W3_E3.228,1368.0,35.82,15.0,2,324.53
p1_W1_S1.23,1383.0,22.24,3.0,2,306.63
p1_E_W.96,1383.0,20.96,9.0,1,283.56
p1_N3_W1.23,1383.0,23.2,7.0,1,297.37
p1_N2_W2.23,1383.0,24.37,1.0,1,301.19
p1_E_W.97,1397.0,9.91,0.0,0,264.54
p1_W3_E3.226,1356.0,37.65,20.0,2,314.96
p1_E_W.95,1368.0,40.73,18.0,2,343.62
p1_W3_E3.229,1374.0,37.33,17.0,2,325.22
p1_W1_E1.231,1386.0,25.36,9.0,1,316.49
p1_E1_W1.97,1397.0,13.73,0.0,0,263.76
p1_E3_W3.97,1397.0,14.44,2.0,1,263.66
p1_E1_W1.96,1383.0,28.81,11.0,2,322.82
p1_N2_S2.68,1360.0,23.54,8.0,1,287.49
p1_W1_E1.230,1380.0,32.65,9.0,2,315.62
p1_W_E.228,1368.0,46.26,25.0,3,371.85
p1_S1_E1.22,1323.0,49.64,15.0,4,463.01
p1_S2_N2.68,1360.0,56.52,38.0,2,351.26
p1_W1_E1.229,1374.0,33.7,14.0,2,314.32
p1_S2_N2.69,1380.0,36.49,18.0,2,321.83
p1_E1_N3.24,1443.0,16.44,5.0,1,182.56
p1_S3_E3.24,1443.0,18.22,6.0,1,187.16
p1_W_E.229,1374.0,30.46,7.0,2,326.44
p1_W_E.230,1380.0,30.39,11.0,2,313.72
p1_S2_N2.67,1340.0,73.96,52.0,2,367.36
p1_E2_N2.23,1380.0,34.85,15.0,2,322.1
p1_W_E.231,1386.0,33.41,4.0,1,324.44
p1_W1_E1.233,1398.0,22.26,9.0,1,287.68
p1_N3_S3.68,1360.0,46.14,23.0,3,339.56
p1_W_E.232,1392.0,28.76,4.0,2,306.7
p1_W1_E1.228,1368.0,38.87,18.0,2,330.01
p1_N1_W3.23,1383.0,40.27,17.0,3,345.5
p1_N1_S1.70,1400.0,23.26,4.0,2,310.96
p1_N3_S3.70,1400.0,23.07,5.0,1,303.17
p1_S3_N3.70,1400.0,24.17,11.0,1,293.0
p1_S1_N1.70,1400.0,19.72,2.0,1,293.53
p1_E3_W3.96,1383.0,15.02,0.0,0,271.97
p1_W3_S3.23,1383.0,45.97,21.0,2,357.46
p1_W3_E3.230,1380.0,49.77,23.0,2,362.17
p1_W2_S2.23,1383.0,47.54,30.0,2,343.0
p1_W3_E3.231,1386.0,45.41,23.0,2,341.42
p1_E1_W1.98,1412.0,22.57,6.0,1,305.51
p1_E1_W1.99,1426.0,8.34,0.0,0,258.95
p1_E3_N1.22,1320.0,40.71,21.0,2,415.73
p1_E3_W3.98,1412.0,25.53,11.0,1,302.94
p1_W3_E3.233,1398.0,39.86,22.0,2,321.11
p1_W3_E3.235,1410.0,27.9,10.0,1,306.06
p1_W_E.234,1404.0,36.35,18.0,2,313.07
p1_W3_E3.236,1416.0,22.74,8.0,1,285.44
p1_S2_E2.23,1383.0,58.32,34.0,3,375.59
p1_N2_S2.71,1420.0,22.53,7.0,1,302.79
p1_W3_E3.237,1422.0,19.84,5.0,1,284.68
p1_N2_S2.70,1400.0,40.27,16.0,3,340.57
p1_W3_E3.238,1428.0,16.14,0.0,0,273.33
p1_E_W.98,1412.0,33.45,13.0,2,315.33
p1_W_E.236,1416.0,29.07,11.0,1,309.05
p1_W3_E3.234,1404.0,41.68,13.0,2,339.83
p1_W1_E1.232,1392.0,45.93,26.0,2,332.66
p1_W1_E1.235,1410.0,29.56,14.0,1,294.96
p1_W_E.237,1422.0,25.34,10.0,1,288.75
p1_E3_W3.100,1440.0,8.23,0.0,0,241.68
p1_W3_E3.232,1392.0,39.29,21.0,2,316.37
p1_W1_E1.234,1404.0,38.38,16.0,2,333.21
p1_W1_E1.236,1416.0,30.95,12.0,1,306.91
p1_E3_W3.99,1426.0,22.79,9.0,1,292.19
p1_W1_E1.237,1422.0,28.97,12.0,1,291.59
p1_W1_E1.239,1434.0,16.75,2.0,1,274.03
p1_E_W.99,1426.0,11.82,0.0,0,261.05
p1_W1_E1.238,1428.0,24.44,10.0,1,293.17
p1_S2_N2.71,1420.0,33.01,13.0,2,316.57
p1_S2_N2.70,1400.0,46.09,25.0,3,352.45
p1_S3_N3.71,1420.0,37.72,13.0,3,338.94
p1_W3_E3.240,1440.0,16.3,2.0,1,269.1
p1_S1_N1.72,1440.0,20.05,2.0,1,298.85
p1_N1_S1.71,1420.0,34.69,11.0,2,329.9
p1_S1_N1.71,1420.0,28.07,9.0,2,315.82
p1_E3_N1.23,1380.0,41.86,16.0,2,422.21
p1_N3_S3.72,1440.0,18.44,5.0,1,276.19
p1_W_E.235,1410.0,56.35,27.0,3,367.36
p1_N3_S3.71,1420.0,33.85,15.0,2,317.75
p1_W1_S1.24,1443.0,23.14,2.0,1,286.44
p1_S3_E3.25,1503.0,7.01,0.0,0,162.37
p1_W_E.239,1434.0,34.55,14.0,2,319.25
p1_E_W.100,1440.0,28.75,10.0,2,309.6
p1_W1_E1.240,1440.0,30.57,11.0,1,304.85
p1_W1_E1.241,1446.0,25.06,11.0,1,297.12
p1_W_E.242,1452.0,16.82,2.0,1,274.28
p1_W_E.233,1398.0,55.37,30.0,3,356.82
p1_E1_W1.101,1455.0,17.46,5.0,1,272.92
p1_W_E.243,1458.0,14.47,0.0,0,273.91
p1_E1_W1.100,1440.0,32.66,15.0,2,312.46
p1_W_E.238,1428.0,45.91,20.0,2,334.93
p1_S2_E2.24,1443.0,29.03,11.0,2,292.56
p1_W3_E3.241,1446.0,29.22,11.0,1,301.39
p1_W_E.240,1440.0,34.8,9.0,1,322.61
p1_W1_E1.242,1452.0,9.55,0.0,0,251.55
p1_W3_E3.239,1434.0,37.07,18.0,2,332.92
p1_N2_W2.24,1443.0,30.18,9.0,2,306.31
p1_W3_S3.24,1443.0,34.58,12.0,2,303.77
p1_W3_E3.242,1452.0,25.07,10.0,1,288.46
p1_E3_W3.101,1455.0,19.03,5.0,1,285.98
p1_S2_N2.72,1440.0,38.39,19.0,1,322.59
p1_E2_N2.24,1443.0,36.2,14.0,2,323.42
p1_W_E.241,1446.0,14.53,0.0,0,263.57
p1_N2_S2.73,1460.0,24.29,5.0,1,304.81
p1_E1_N3.25,1501.0,8.86,0.0,0,160.72
p1_W3_E3.244,1464.0,17.59,5.0,1,271.13
p1_N2_S2.72,1440.0,38.78,12.0,3,339.59
p1_S3_N3.72,1440.0,40.67,18.0,3,340.79
p1_N1_W3.24,1443.0,38.64,15.0,3,328.21
p1_N1_S1.73,1460.0,22.95,3.0,1,305.54
p1_W3_E3.243,1458.0,21.88,10.0,1,278.22
p1_W_E.244,1464.0,23.44,10.0,1,281.64
p1_W_E.245,1470.0,17.58,4.0,1,270.52
p1_W3_E3.246,1476.0,11.18,0.0,0,268.34
p1_N1_S1.72,1440.0,47.97,20.0,2,368.03
p1_S1_N1.73,1460.0,30.49,9.0,2,315.63
p1_W3_E3.245,1470.0,11.89,0.0,0,255.51
p1_N3_S3.73,1460.0,33.76,11.0,1,326.0
p1_W2_S2.24,1443.0,46.89,27.0,2,337.61
p1_W1_E1.246,1476.0,17.52,0.0,0,292.83
p1_W1_E1.244,1464.0,28.34,5.0,2,322.7
p1_E3_W3.103,1484.0,14.07,1.0,1,265.55
p1_E_W.102,1469.0,30.54,11.0,2,312.79
p1_W1_E1.245,1470.0,29.08,0.0,0,340.22
p1_E_W.103,1484.0,11.14,0.0,0,275.23
p1_W1_E1.248,1488.0,12.84,0.0,0,273.17
p1_E3_W3.102,1469.0,17.82,4.0,1,276.09
p1_W1_E1.243,1458.0,36.6,7.0,1,338.6
p1_E1_W1.102,1469.0,34.72,16.0,2,323.47
p1_S1_E1.23,1383.0,45.72,11.0,2,459.02
p1_N3_W1.24,1443.0,52.75,30.0,3,363.58
p1_W_E.247,1482.0,25.16,13.0,1,292.09
p1_W3_E3.248,1488.0,18.05,6.0,1,277.35
p1_W_E.246,1476.0,31.72,12.0,1,315.17
p1_E1_W1.103,1484.0,15.14,1.0,1,271.3
p1_W3_E3.247,1482.0,14.66,1.0,1,265.44
p1_S2_N2.74,1480.0,34.27,17.0,2,325.46
p1_S2_N2.73,1460.0,51.96,29.0,2,364.27
p1_E3_N1.24,1443.0,30.44,10.0,2,416.3
p1_S1_N1.74,1480.0,36.43,12.0,2,343.11
p1_N1_S1.75,1500.0,16.33,4.0,1,275.45
p1_N2_S2.74,1480.0,39.25,16.0,3,351.4
p1_N1_W3.25,1503.0,14.99,0.0,0,272.67
p1_N1_S1.74,1480.0,24.27,6.0,1,293.17
p1_W3_E3.249,1494.0,25.62,9.0,1,292.79
p1_S1_N1.75,1500.0,14.8,2.0,1,269.88
p1_W3_S3.25,1503.0,17.04,2.0,1,284.21
p1_E_W.101,1455.0,20.23,5.0,1,293.36
p1_W1_E1.250,1500.0,21.92,4.0,1,306.51
p1_E_W.104,1498.0,25.38,3.0,1,318.55
p1_W3_E3.250,1500.0,20.05,4.0,1,279.41
p1_W3_E3.251,1506.0,12.69,0.0,0,263.75
p1_E1_N3.26,1560.0,7.88,0.0,0,165.0
p1_W1_E1.247,1482.0,31.64,13.0,2,311.52
p1_W1_E1.251,1506.0,12.53,0.0,0,265.82
p1_E_W.105,1512.0,14.29,0.0,0,269.9
p1_W2_S2.25,1503.0,22.53,2.0,2,293.18
p1_W1_E1.249,1494.0,22.26,8.0,1,284.31
p1_W1_E1.253,1518.0,9.69,0.0,0,252.53
p1_N3_S3.75,1500.0,29.26,11.0,2,309.01
p1_W1_E1.252,1512.0,17.42,0.0,0,280.26
p1_E3_W3.105,1512.0,17.42,0.0,0,289.28
p1_E1_W1.104,1498.0,32.45,13.0,2,316.92
p1_E1_W1.105,1512.0,16.33,1.0,1,277.02
p1_S3_E3.26,1563.0,12.01,1.0,1,179.17
p1_N3_S3.74,1480.0,44.04,20.0,3,358.73
p1_E3_W3.104,1498.0,33.99,10.0,2,328.96
p1_N3_W1.25,1503.0,26.14,11.0,1,300.55
p1_N2_W2.25,1503.0,30.71,12.0,2,303.41
p1_W_E.248,1488.0,50.55,26.0,3,362.92
p1_W_E.249,1494.0,44.84,19.0,3,355.18
p1_W_E.250,1500.0,40.31,14.0,3,343.65
p1_W_E.251,1506.0,34.53,12.0,2,328.24
p1_W_E.253,1518.0,24.45,8.0,1,302.05
p1_S3_N3.73,1460.0,74.38,51.0,3,389.33
p1_W1_S1.25,1503.0,40.12,16.0,3,337.46
p1_W3_E3.253,1518.0,24.01,12.0,1,290.34
p1_N1_S1.76,1520.0,20.74,4.0,2,299.23
p1_S1_N1.76,1520.0,23.36,3.0,2,309.1
p1_S3_N3.75,1500.0,44.09,16.0,2,362.31
p1_S2_E2.25,1503.0,41.58,11.0,3,351.76
p1_W_E.252,1512.0,27.63,9.0,1,298.93
p1_S3_N3.74,1480.0,50.35,27.0,3,348.39
p1_N2_S2.75,1500.0,45.39,21.0,3,361.49
p1_W_E.255,1530.0,16.19,1.0,1,289.4
p1_W_E.256,1536.0,10.27,0.0,0,262.89
p1_N2_S2.76,1520.0,23.2,5.0,2,292.88
p1_W3_E3.252,1512.0,17.79,1.0,1,273.31
p1_S3_N3.76,1520.0,28.11,11.0,2,310.24
p1_S1_E1.24,1443.0,65.9,33.0,4,506.92
p1_W1_E1.255,1530.0,22.07,5.0,1,298.52
p1_S2_N2.75,1500.0,22.38,7.0,1,286.06
p1_W1_E1.254,1524.0,29.47,11.0,1,321.12
p1_E3_W3.106,1527.0,26.67,13.0,1,303.05
p1_W1_E1.257,1542.0,12.08,0.0,0,269.09
p1_W3_E3.255,1530.0,25.04,7.0,2,294.36
p1_E1_W1.107,1541.0,14.38,1.0,1,272.71
p1_E3_W3.107,1541.0,14.15,0.0,0,286.88
p1_E2_N2.25,1501.0,42.79,20.0,3,336.57
p1_W1_E1.256,1536.0,19.92,2.0,1,297.79
p1_W3_E3.256,1536.0,19.7,3.0,1,280.52
p1_W1_E1.258,1548.0,8.06,0.0,0,239.69
p1_E1_W1.106,1527.0,18.65,1.0,1,289.37
p1_W3_E3.257,1542.0,14.16,0.0,0,271.37
p1_W3_E3.258,1548.0,11.36,0.0,0,264.61
p1_E_W.107,1541.0,20.75,4.0,1,293.2
p1_W3_E3.254,1524.0,26.51,7.0,2,293.97
p1_E_W.106,1527.0,26.11,9.0,1,294.61
p1_N3_S3.77,1540.0,25.49,9.0,2,302.14
p1_W_E.257,1542.0,17.86,5.0,1,273.05
p1_W_E.254,1524.0,31.51,13.0,2,306.81
p1_S1_N1.77,1540.0,31.32,12.0,2,305.1
p1_N2_S2.77,1540.0,31.45,11.0,2,310.91
p1_S2_N2.77,1540.0,30.95,14.0,2,322.78
p1_W_E.258,1548.0,23.76,9.0,1,295.92
p1_W_E.259,1554.0,17.96,4.0,1,299.46
p1_E3_N1.25,1501.0,30.54,9.0,2,392.41
p1_S3_N3.77,1540.0,34.66,21.0,1,299.4
p1_W2_S2.26,1562.0,14.51,0.0,0,273.24
p1_S3_N3.78,1560.0,15.64,1.0,1,280.5
p1_N1_S1.77,1540.0,38.17,14.0,3,341.79
p1_W3_E3.259,1554.0,27.16,8.0,1,318.57
p1_N1_S1.78,1560.0,15.38,1.0,1,278.38
p1_W3_E3.260,1560.0,21.68,4.0,2,296.83
p1_W3_E3.261,1566.0,17.15,1.0,1,297.52
p1_W3_S3.26,1563.0,21.25,1.0,1,309.29
p1_E_W.109,1570.0,15.36,0.0,0,280.86
p1_W3_E3.262,1572.0,12.97,0.0,0,272.42
p1_E1_W1.108,1556.0,30.33,9.0,2,327.31
p1_E1_W1.109,1570.0,11.59,0.0,0,254.56
p1_W1_E1.259,1554.0,35.22,17.0,2,316.6
p1_E_W.108,1556.0,27.05,11.0,2,306.72
p1_N3_W1.26,1563.0,24.91,12.0,1,294.1
p1_W_E.261,1566.0,24.3,10.0,1,289.32
p1_E3_W3.109,1570.0,20.21,5.0,1,297.5
p1_W1_E1.260,1560.0,27.66,11.0,2,310.7
p1_W_E.260,1560.0,31.09,12.0,1,317.13
p1_W1_E1.261,1566.0,25.16,7.0,1,300.79
p1_E3_W3.108,1556.0,35.85,16.0,2,319.4
p1_W_E.262,1572.0,17.45,3.0,1,267.23
p1_E1_N3.27,1620.0,13.15,1.0,1,175.56
p1_S3_E3.27,1623.0,14.18,2.0,1,180.98
p1_W1_E1.262,1572.0,17.1,1.0,1,270.47
p1_N2_W2.26,1563.0,33.59,13.0,2,319.15
p1_W_E.263,1578.0,8.45,0.0,0,241.11
p1_S1_N1.79,1580.0,15.69,1.0,1,267.56
p1_N3_S3.76,1520.0,48.09,26.0,3,355.97
p1_S2_N2.78,1560.0,36.15,22.0,1,298.12
p1_S2_N2.79,1580.0,20.25,4.0,1,292.84
p1_S1_N1.78,1560.0,32.72,15.0,2,315.13
p1_W3_E3.263,1578.0,29.13,10.0,1,302.01
p1_W3_E3.264,1584.0,23.16,4.0,1,294.57
p1_N2_S2.78,1560.0,47.94,24.0,3,357.06
p1_N2_S2.79,1580.0,27.59,6.0,2,314.01
p1_W3_E3.266,1596.0,13.45,0.0,0,262.21
p1_E2_N2.26,1560.0,50.04,24.0,4,362.57
p1_W3_E3.265,1590.0,16.38,0.0,0,285.51
p1_W3_E3.267,1602.0,9.4,0.0,0,245.15
p1_E1_W1.110,1584.0,28.57,4.0,2,322.67
p1_W1_S1.26,1563.0,39.86,19.0,2,330.23
p1_N1_W3.26,1563.0,42.0,19.0,3,337.56
p1_N1_S1.79,1580.0,22.31,5.0,1,297.64
p1_S2_N2.76,1520.0,61.72,41.0,2,359.64
p1_W1_E1.266,1596.0,19.13,3.0,1,288.53
p1_N3_S3.78,1560.0,56.57,33.0,3,372.13
p1_N3_S3.79,1580.0,37.46,20.0,2,323.9
p1_W_E.265,1590.0,26.65,9.0,2,325.12
p1_E_W.110,1584.0,34.47,14.0,2,309.33
p1_E_W.111,1599.0,19.35,5.0,1,283.34
p1_W1_E1.264,1584.0,22.78,1.0,1,304.61
p1_W1_E1.263,1578.0,32.15,6.0,1,326.13
p1_W_E.266,1596.0,14.64,0.0,0,276.56
p1_E1_W1.111,1599.0,8.86,0.0,0,247.76
p1_S1_E1.25,1503.0,59.85,19.0,2,496.15
p1_S2_E2.26,1563.0,40.31,17.0,2,333.9
p1_E3_W3.110,1584.0,38.64,19.0,2,333.58
p1_W1_E1.265,1590.0,32.69,0.0,0,325.14
p1_W1_E1.267,1602.0,21.51,0.0,0,293.2
p1_W_E.267,1602.0,18.19,0.0,0,275.49
p1_W_E.264,1584.0,22.88,5.0,1,305.44
p1_N3_S3.80,1600.0,24.56,8.0,1,289.5
p1_W3_E3.268,1608.0,22.22,10.0,1,280.68
p1_N2_S2.80,1600.0,33.49,9.0,2,332.72
p1_W1_E1.269,1614.0,17.83,5.0,1,273.98
p1_N1_S1.80,1600.0,35.55,10.0,3,336.57
p1_S3_N3.80,1600.0,38.4,18.0,2,336.13
p1_W2_S2.27,1623.0,15.85,0.0,0,281.86
p1_S1_N1.80,1600.0,23.29,6.0,1,294.49
p1_S2_N2.80,1600.0,28.95,9.0,1,318.67
p1_W_E.269,1614.0,28.77,10.0,2,319.67
p1_W_E.268,1608.0,32.51,13.0,2,316.86
p1_S3_N3.79,1580.0,49.86,26.0,3,354.64
p1_E_W.112,1613.0,31.64,13.0,2,316.85
p1_W_E.270,1620.0,25.47,4.0,2,320.57
p1_W_E.271,1626.0,18.71,3.0,1,289.11
p1_E_W.113,1628.0,15.53,2.0,1,267.06
p1_W_E.272,1632.0,14.81,0.0,0,280.08
p1_E1_W1.112,1613.0,34.92,17.0,2,324.57
p1_S3_E3.28,1683.0,7.85,0.0,0,164.43
p1_E3_W3.111,1599.0,44.51,22.0,2,340.72
p1_E1_W1.113,1628.0,20.83,7.0,1,290.19
p1_N3_W1.27,1623.0,27.56,6.0,1,284.81
p1_E3_W3.113,1628.0,22.57,8.0,1,289.12
p1_N2_W2.27,1623.0,27.98,7.0,1,314.67
p1_W1_E1.271,1626.0,25.23,12.0,1,290.78
p1_E3_W3.112,1613.0,21.96,9.0,1,286.93
p1_W1_E1.270,1620.0,33.67,11.0,1,319.31
p1_E1_N3.28,1680.0,15.37,4.0,1,176.67
p1_S1_E1.26,1563.0,49.63,21.0,3,470.92
p1_W1_E1.268,1608.0,34.03,15.0,2,313.96
p1_W3_E3.269,1614.0,42.41,21.0,3,354.43
p1_W3_E3.270,1620.0,35.08,10.0,2,333.17
p1_W3_E3.271,1626.0,32.57,7.0,1,342.26
p1_N2_S2.81,1620.0,39.9,16.0,3,339.98
p1_N1_W3.27,1623.0,37.73,12.0,3,348.31
p1_N2_S2.82,1640.0,19.75,5.0,1,286.74
p1_W3_S3.27,1623.0,29.84,7.0,1,325.97
p1_N1_S1.81,1620.0,42.42,17.0,2,347.8
p1_W3_E3.272,1632.0,22.15,5.0,1,285.2
p1_N1_S1.82,1640.0,16.9,1.0,1,282.13
p1_S1_N1.82,1640.0,15.64,0.0,0,290.73
p1_S3_N3.81,1620.0,44.5,22.0,3,345.85
p1_W1_S1.27,1623.0,32.72,10.0,2,317.39
p1_W_E.273,1638.0,30.58,12.0,2,310.88
p1_W_E.275,1650.0,17.98,0.0,0,296.87
p1_W3_E3.275,1650.0,18.04,3.0,1,274.32
p1_W_E.274,1644.0,26.77,8.0,1,307.12
p1_W_E.276,1656.0,12.88,0.0,0,272.35
p1_E1_W1.114,1642.0,32.45,15.0,2,317.38
p1_E3_W3.114,1642.0,26.77,12.0,1,307.29
p1_S2_N2.82,1640.0,32.78,16.0,1,308.41
p1_S1_N1.81,1620.0,29.6,15.0,1,298.53
p1_W1_E1.272,1632.0,43.62,21.0,2,346.32
p1_W1_E1.273,1638.0,35.72,16.0,2,332.55
p1_E_W.114,1642.0,33.98,16.0,2,320.39
p1_E_W.115,1656.0,19.86,6.0,1,274.57
p1_E3_W3.115,1656.0,19.88,7.0,1,289.01
p1_S2_N2.81,1620.0,45.45,29.0,2,321.44
p1_W1_E1.275,1650.0,28.05,9.0,1,325.17
p1_W1_E1.276,1656.0,22.86,7.0,1,291.18
p1_W1_E1.278,1668.0,11.97,0.0,0,270.25
p1_N3_S3.81,1620.0,37.62,19.0,2,319.65
p1_E1_W1.115,1656.0,9.31,0.0,0,248.52
p1_S1_E1.27,1623.0,16.29,0.0,0,355.07
p1_S2_N2.83,1660.0,17.85,4.0,1,277.5
p1_S2_E2.27,1622.0,46.68,27.0,2,337.99
p1_E2_N2.27,1620.0,67.38,40.0,4,395.24
p1_W3_E3.276,1656.0,31.58,14.0,2,327.68
p1_W3_E3.277,1662.0,25.94,10.0,1,299.52
p1_W3_E3.278,1668.0,21.29,9.0,1,285.64
p1_W1_E1.274,1644.0,20.08,4.0,1,282.07
p1_N1_S1.84,1680.0,12.11,0.0,0,270.47
p1_N3_W1.28,1683.0,9.11,0.0,0,253.72
p1_N1_S1.83,1660.0,32.16,11.0,2,343.33
p1_W3_E3.273,1638.0,39.25,20.0,2,320.7
p1_W3_S3.28,1683.0,12.21,0.0,0,279.9
p1_S3_N3.83,1660.0,36.13,17.0,2,316.27
p1_W_E.278,1668.0,20.07,6.0,1,274.4
p1_W_E.277,1662.0,25.31,12.0,1,287.11
p1_S3_N3.82,1640.0,49.28,26.0,3,356.9
p1_W_E.279,1674.0,25.57,4.0,1,285.31
p1_E3_N1.26,1560.0,83.85,43.0,5,518.93
p1_W3_E3.274,1644.0,28.54,10.0,2,310.97
p1_W_E.280,1680.0,10.13,0.0,0,240.32
p1_E2_N2.28,1680.0,20.51,4.0,1,297.72
p1_W_E.281,1686.0,15.26,0.0,0,271.42
p1_S1_N1.83,1660.0,27.24,10.0,2,300.04
p1_E_W.116,1671.0,29.66,8.0,2,300.38
p1_E_W.117,1685.0,16.66,1.0,1,270.32
p1_S1_N1.84,1680.0,22.72,4.0,1,284.58
p1_N2_W2.28,1683.0,20.87,6.0,1,289.38
p1_N3_S3.84,1680.0,24.68,11.0,1,289.89
p1_E3_W3.116,1671.0,33.47,15.0,2,318.95
p1_S2_N2.85,1700.0,7.45,0.0,0,250.24
p1_N3_S3.82,1640.0,43.16,27.0,2,324.22
p1_E3_W3.117,1685.0,14.34,2.0,1,271.81
p1_E3_W3.118,1700.0,7.8,0.0,0,247.28
p1_N3_S3.85,1700.0,8.12,0.0,0,248.05
p1_N2_S2.84,1680.0,29.7,13.0,2,314.94
p1_W1_E1.281,1686.0,24.51,9.0,1,297.16
p1_E1_W1.116,1671.0,39.8,21.0,2,323.72
p1_W1_E1.279,1674.0,35.51,17.0,2,318.77
p1_E1_N3.29,1740.0,14.38,2.0,1,178.02
p1_N2_S2.83,1660.0,44.05,20.0,3,342.16
p1_W3_E3.279,1674.0,39.99,22.0,2,326.07
p1_W3_E3.281,1686.0,28.18,12.0,1,295.44
p1_W1_E1.282,1692.0,22.84,7.0,1,291.17
p1_W1_E1.280,1680.0,29.8,9.0,2,312.16
p1_E_W.118,1700.0,13.3,1.0,1,271.65
p1_W3_E3.280,1680.0,29.93,10.0,1,305.44
p1_S2_E2.28,1683.0,36.02,7.0,2,335.18
p1_W3_E3.283,1698.0,22.24,9.0,1,276.5
p1_S3_N3.84,1680.0,38.64,22.0,2,319.18
p1_E_W.119,1714.0,7.79,0.0,0,238.81
p1_W2_S2.28,1683.0,22.46,8.0,1,280.1
p1_W1_S1.28,1683.0,41.26,14.0,2,346.01
p1_S1_N1.85,1700.0,24.01,9.0,1,293.8
p1_W_E.284,1704.0,20.14,4.0,1,291.41
p1_N1_W3.28,1683.0,42.05,17.0,2,347.96
p1_W_E.282,1692.0,33.56,14.0,2,320.53
p1_E1_W1.117,1685.0,16.74,1.0,1,274.44
p1_E3_N1.27,1620.0,50.36,21.0,3,451.37
p1_N1_S1.85,1700.0,14.9,1.0,1,287.11
p1_W_E.283,1698.0,29.14,9.0,1,309.23
p1_N3_S3.83,1660.0,51.09,29.0,3,357.17
p1_W1_E1.285,1710.0,25.92,9.0,1,300.61
p1_E1_W1.119,1714.0,22.48,9.0,1,274.03
p1_S3_E3.29,1743.0,22.2,10.0,1,188.94
p1_N2_S2.85,1700.0,36.83,11.0,3,346.26
p1_E1_W1.118,1700.0,36.23,16.0,2,325.03
p1_W1_E1.286,1716.0,21.96,7.0,1,283.67
p1_W3_E3.286,1716.0,22.29,9.0,1,282.56
p1_W1_E1.288,1728.0,12.2,0.0,0,263.01
p1_W3_E3.284,1704.0,31.86,13.0,2,314.36
p1_E_W.120,1728.0,13.05,0.0,0,291.81
p1_S2_N2.84,1680.0,43.28,24.0,2,327.95
p1_W3_E3.285,1710.0,32.19,7.0,1,313.92
p1_W1_E1.287,1722.0,20.01,4.0,1,281.42
p1_W1_E1.277,1662.0,52.7,27.0,3,348.25
p1_W1_E1.283,1698.0,45.64,21.0,2,352.86
p1_W3_E3.287,1722.0,23.29,9.0,1,284.88
p1_E3_W3.119,1714.0,31.89,11.0,2,315.27
p1_W1_E1.284,1704.0,26.04,10.0,1,291.67
p1_E3_W3.120,1728.0,18.76,5.0,1,276.34
p1_W3_E3.282,1692.0,29.18,7.0,2,308.7
p1_W_E.286,1716.0,35.85,18.0,2,331.33
p1_S1_N1.86,1720.0,32.14,12.0,2,318.97
p1_N1_S1.87,1740.0,12.51,0.0,0,276.07
p1_N3_S3.86,1720.0,33.11,15.0,2,313.6
p1_W_E.285,1710.0,36.68,14.0,2,335.18
p1_W_E.288,1728.0,25.73,7.0,1,300.64
p1_S3_N3.85,1700.0,46.96,22.0,3,342.31
p1_N1_S1.86,1720.0,29.3,10.0,2,312.25
p1_W_E.287,1722.0,33.45,12.0,1,327.96
p1_N2_S2.87,1740.0,22.14,3.0,1,303.35
p1_N2_S2.86,1720.0,42.62,22.0,3,357.23
p1_S2_N2.87,1740.0,20.85,1.0,1,290.27
p1_E2_N2.29,1740.0,22.58,8.0,1,293.23
p1_S2_N2.86,1720.0,44.76,24.0,2,331.34
p1_W3_E3.288,1728.0,37.53,19.0,2,326.79
p1_W2_S2.29,1743.0,25.32,10.0,1,288.67
p1_E1_W1.121,1743.0,22.44,9.0,1,283.63
p1_S2_E2.29,1743.0,25.19,3.0,2,314.11
p1_N2_W2.29,1743.0,25.73,9.0,1,299.55
p1_W3_E3.289,1734.0,19.64,2.0,1,293.54
p1_N3_W1.29,1743.0,27.92,9.0,1,294.56
p1_E_W.122,1757.0,14.47,0.0,0,265.96
p1_W1_E1.291,1746.0,26.48,8.0,1,308.67
p2_E3_S3.0,1803.0,7.32,0.0,0,171.48
p1_W1_E1.290,1740.0,32.62,12.0,2,321.7
p1_W1_E1.292,1752.0,22.98,7.0,1,279.76
p1_E1_W1.120,1728.0,40.07,22.0,2,317.78
p1_W_E.291,1746.0,31.26,11.0,2,318.46
p1_W1_E1.289,1734.0,36.03,15.0,2,315.93
p1_W_E.290,1740.0,39.04,18.0,2,327.55
p1_W3_E3.291,1746.0,19.12,5.0,1,283.35
p1_E1_W1.122,1757.0,22.3,10.0,1,277.23
p1_W3_E3.290,1740.0,25.39,12.0,1,287.23
p1_E_W.121,1743.0,24.48,10.0,1,278.93
p1_E3_W3.121,1743.0,21.59,7.0,1,288.67
p1_W3_E3.292,1752.0,20.97,4.0,1,283.04
p1_W_E.289,1734.0,41.24,17.0,2,351.78
p1_W_E.293,1758.0,14.38,0.0,0,268.81
p1_S1_E1.28,1683.0,58.62,32.0,3,464.92
p1_N3_S3.88,1760.0,23.98,11.0,1,279.53
p1_S3_N3.86,1720.0,59.14,35.0,3,371.24
p1_W3_S3.29,1743.0,25.85,10.0,1,305.77
p1_E3_N1.28,1680.0,63.04,24.0,3,507.91
p1_S1_N1.87,1740.0,45.33,18.0,3,363.12
p1_N1_S1.88,1760.0,23.55,6.0,2,308.62
p1_S3_N3.88,1760.0,27.46,12.0,1,299.27
p1_W_E.292,1752.0,16.24,1.0,1,277.87
p1_S1_N1.88,1760.0,20.32,1.0,1,291.64
p1_W1_S1.29,1743.0,25.37,11.0,1,295.94
p1_N1_W3.29,1743.0,33.15,9.0,2,331.16
p1_N3_S3.87,1740.0,43.05,24.0,2,332.21
p1_N2_S2.88,1760.0,32.96,14.0,2,322.28
p2_N3_E1.0,1803.0,30.82,17.0,2,207.39
p1_W3_E3.294,1764.0,34.09,16.0,2,319.39
p1_S2_N2.88,1760.0,38.92,20.0,2,323.47
p1_W3_E3.296,1776.0,22.89,9.0,1,274.13
p1_W3_E3.295,1770.0,30.98,9.0,2,333.19
p1_E1_W1.123,1772.0,23.92,9.0,1,284.63
p1_W1_E1.293,1758.0,37.19,16.0,2,320.58
p1_W_E.294,1764.0,39.41,18.0,2,346.85
p1_W3_E3.297,1782.0,20.87,6.0,1,283.04
p1_W1_E1.294,1764.0,29.76,10.0,2,309.24
p1_E_W.123,1772.0,32.27,14.0,2,310.55
p1_W1_E1.296,1776.0,27.97,9.0,1,309.91
p1_W_E.295,1770.0,30.74,8.0,2,323.9
p1_E3_W3.123,1772.0,29.07,7.0,1,312.05
p1_W1_E1.297,1782.0,23.3,4.0,1,287.96
p1_W_E.296,1776.0,30.49,7.0,2,324.98
p1_W_E.297,1782.0,17.77,4.0,1,274.15
p2_E3_W3.0,1800.0,9.17,0.0,0,261.99
p1_W1_E1.295,1770.0,21.72,6.0,1,280.56
p1_E_W.124,1786.0,13.28,0.0,0,270.88
p2_S1_N1.0,1800.0,10.45,0.0,0,268.16
p1_E3_W3.124,1786.0,24.89,8.0,1,274.83
p1_E3_W3.122,1757.0,28.21,10.0,2,307.4
p1_N3_S3.89,1780.0,33.31,14.0,2,321.22
p1_W1_E1.298,1788.0,24.7,11.0,1,283.87
p1_W1_E1.299,1794.0,18.5,4.0,1,283.72
p1_S1_N1.89,1780.0,24.71,6.0,2,299.47
p2_W1_E1.0,1800.0,14.76,2.0,1,269.72
p1_N1_S1.89,1780.0,36.16,11.0,3,338.86
p1_S3_N3.89,1780.0,39.92,16.0,3,347.52
p2_W3_N1.0,1803.0,10.57,0.0,0,255.04
p2_E1_W1.0,1800.0,24.49,11.0,1,300.29
p1_E1_W1.124,1786.0,38.97,19.0,2,325.39
p2_E1_W1.1,1806.0,20.19,5.0,1,278.13
p1_S3_N3.87,1740.0,61.97,38.0,3,364.96
p2_N3_E1.1,1863.0,6.18,0.0,0,165.28
p1_W3_E3.293,1758.0,49.65,24.0,3,351.66
p1_W_E.299,1794.0,35.31,15.0,2,317.48
p2_W3_E3.0,1800.0,29.26,11.0,2,311.49
p2_N2_S2.0,1800.0,29.18,11.0,2,319.69
p1_W_E.298,1788.0,40.74,22.0,2,327.45
p1_W3_E3.299,1794.0,36.97,18.0,2,332.73
p2_S2_W2.0,1803.0,17.29,0.0,0,280.01
p2_N2_E2.0,1803.0,27.37,8.0,3,322.11
p2_W3_E3.1,1815.0,16.74,3.0,1,276.61
p1_N2_S2.89,1780.0,39.04,15.0,2,332.34
p1_W3_E3.298,1788.0,39.66,21.0,2,323.77
p2_E1_W1.2,1812.0,22.04,9.0,1,277.83
p2_W1_E1.1,1815.0,19.36,5.0,1,280.79
p1_S2_N2.89,1780.0,54.93,34.0,2,348.05
p2_W_E.0,1800.0,32.06,13.0,2,313.35
p2_S2_N2.0,1800.0,35.01,15.0,2,315.64
p2_E3_W3.1,1806.0,22.26,6.0,1,295.01
p2_E3_W3.2,1812.0,22.91,4.0,2,301.46
p2_W_E.1,1815.0,20.24,6.0,1,279.16
p2_E3_S3.1,1863.0,15.39,4.0,1,183.39
p2_S3_W3.0,1803.0,28.96,9.0,1,298.13
p2_E_W.1,1806.0,28.85,6.0,2,309.44
p2_E_W.0,1800.0,27.42,10.0,2,307.98
p1_S1_E1.29,1743.0,49.65,13.0,3,466.98
p2_E_W.3,1818.0,22.35,3.0,1,282.6
p2_E_W.2,1812.0,28.69,5.0,2,310.98
p2_E3_W3.3,1818.0,23.89,10.0,1,294.01
p2_E3_W3.5,1830.0,13.44,0.0,0,262.8
p1_E3_N1.29,1740.0,50.88,17.0,3,473.44
p2_S1_N1.1,1820.0,24.61,6.0,1,321.36
p2_W1_E1.2,1829.0,15.78,1.0,1,270.34
p2_E3_W3.4,1824.0,16.02,3.0,1,262.25
p2_E3_W3.6,1836.0,10.77,0.0,0,256.43
p2_W1_N3.0,1803.0,44.96,26.0,2,336.64
p2_S3_N3.0,1800.0,50.97,25.0,3,356.0
p2_S1_W1.0,1803.0,40.88,20.0,3,351.55
p2_S3_N3.1,1820.0,31.85,10.0,2,323.39
p2_E2_S2.0,1803.0,51.71,26.0,4,361.43
p2_E1_W1.3,1818.0,37.7,19.0,2,322.48
p2_E1_W1.4,1824.0,29.91,11.0,2,312.94
p2_N1_S1.0,1800.0,57.32,30.0,3,378.0
p2_N3_S3.0,1800.0,52.22,28.0,3,361.87
p2_E1_W1.5,1830.0,28.02,7.0,2,307.33
p2_E1_W1.6,1836.0,20.53,6.0,1,278.11
p2_N1_S1.1,1820.0,38.35,12.0,2,335.1
p2_N3_S3.1,1820.0,27.02,8.0,1,295.03
p2_W_E.2,1829.0,30.04,11.0,2,307.03
p2_E_W.5,1830.0,29.49,11.0,2,313.11
p2_N2_S2.2,1840.0,12.35,0.0,0,262.8
p2_W_E.3,1844.0,15.24,0.0,0,265.23
p2_N2_S2.1,1820.0,24.82,6.0,1,304.58
p2_S2_N2.1,1820.0,40.32,16.0,3,337.63
p2_E1_W1.7,1842.0,15.79,2.0,1,277.37
p2_W2_N2.0,1803.0,53.08,29.0,3,357.65
p2_E_W.6,1836.0,29.58,6.0,2,303.89
p2_W3_E3.2,1829.0,37.39,15.0,2,330.92
p2_W3_E3.3,1844.0,22.28,7.0,1,298.14
p2_E_W.4,1824.0,31.27,13.0,2,303.78
p2_W1_E1.4,1858.0,9.17,0.0,0,245.72
p2_W1_N3.1,1861.0,10.06,0.0,0,265.94
p2_E_W.7,1842.0,13.97,0.0,0,266.31
p2_E3_W3.9,1854.0,21.32,4.0,2,303.93
p2_E3_W3.8,1848.0,27.9,10.0,2,307.58
p2_S3_N3.2,1840.0,32.99,11.0,3,330.66
p2_S1_N1.2,1840.0,39.0,14.0,3,347.29
p2_E3_W3.10,1860.0,16.18,0.0,0,278.04
p2_N3_S3.2,1840.0,41.63,23.0,2,329.65
p2_S1_N1.3,1860.0,18.13,1.0,1,286.54
p2_E3_W3.7,1842.0,20.87,6.0,1,285.97
p2_N3_S3.3,1860.0,14.93,1.0,1,264.96
p2_S1_W1.1,1863.0,24.16,9.0,2,286.77
p2_S2_N2.3,1860.0,31.42,13.0,2,316.73
p2_S2_N2.2,1840.0,51.64,32.0,2,343.54
p2_W3_E3.4,1858.0,34.45,14.0,2,328.28
p2_S2_W2.1,1863.0,28.72,5.0,1,336.16
p2_N1_S1.2,1840.0,53.05,29.0,3,360.6
p2_E_W.9,1854.0,39.44,13.0,3,345.96
p2_W3_E3.5,1872.0,18.49,4.0,1,293.27
p2_W3_E3.6,1887.0,7.43,0.0,0,242.6
p2_E_W.10,1860.0,35.33,8.0,3,347.47
p2_W1_E1.3,1844.0,32.75,13.0,2,304.89
p2_E_W.8,1848.0,42.28,17.0,3,340.04
p2_E1_W1.10,1860.0,35.99,16.0,2,316.4
p2_W_E.4,1858.0,38.82,14.0,3,342.47
p2_N2_E2.1,1863.0,33.45,15.0,2,322.9
p2_E_W.12,1872.0,25.05,3.0,2,308.17
p2_N1_S1.4,1880.0,17.04,1.0,1,276.53
p2_E1_W1.9,1854.0,40.3,21.0,2,331.09
p2_W2_N2.1,1861.0,35.54,14.0,3,329.25
p2_E1_W1.11,1866.0,31.7,11.0,2,322.45
p2_E_W.11,1866.0,24.63,2.0,1,308.84
p2_W_E.5,1872.0,26.72,6.0,2,315.15
p2_E3_S3.2,1923.0,18.27,5.0,2,189.76
p2_E1_W1.12,1872.0,28.47,6.0,2,311.86
p2_E1_W1.13,1878.0,23.82,9.0,1,285.95
p2_N3_E1.2,1923.0,22.29,10.0,1,189.4
p2_N2_S2.3,1860.0,47.26,21.0,3,367.02
p2_S3_N3.3,1860.0,43.62,28.0,1,329.26
p2_E2_S2.1,1863.0,43.84,16.0,3,353.59
p2_E3_W3.12,1872.0,34.64,15.0,2,324.14
p2_E3_W3.14,1884.0,22.7,9.0,1,291.46
p2_S1_N1.5,1900.0,7.92,0.0,0,246.95
p2_W3_N1.1,1861.0,44.7,17.0,3,356.05
p2_E3_W3.13,1878.0,24.42,7.0,1,297.04
p2_E1_S1.0,1803.0,59.91,25.0,4,486.46
p2_E3_W3.11,1866.0,34.81,15.0,2,304.38
p2_S1_N1.4,1880.0,24.45,8.0,1,298.26
p2_W1_E1.6,1887.0,26.91,8.0,1,308.64
p2_N3_S3.4,1880.0,37.57,11.0,3,341.97
p2_S2_N2.4,1880.0,37.7,20.0,2,324.36
p2_W1_E1.7,1901.0,16.72,2.0,1,272.76
p2_W1_E1.5,1872.0,36.48,18.0,2,318.39
p2_W_E.6,1887.0,35.12,14.0,2,344.93
p2_E1_W1.14,1884.0,37.9,21.0,2,330.81
p2_W_E.7,1901.0,21.86,7.0,1,285.63
p2_E1_W1.16,1896.0,31.92,11.0,2,312.73
p2_N1_S1.3,1860.0,35.03,13.0,2,321.81
p2_E_W.16,1896.0,32.65,13.0,2,324.74
p2_N1_E3.0,1803.0,83.34,46.0,6,537.56
p2_E_W.13,1878.0,48.02,22.0,3,357.08
p2_E1_W1.8,1848.0,55.29,32.0,3,353.92
p2_E1_W1.15,1890.0,34.39,14.0,2,311.54
p2_W3_E3.8,1916.0,14.66,1.0,1,269.76
p2_E3_W3.15,1890.0,42.35,22.0,2,340.61
p2_S3_W3.1,1863.0,68.09,44.0,4,383.91
p2_N2_S2.5,1900.0,33.52,16.0,2,317.27
p2_W3_E3.7,1901.0,26.66,8.0,2,297.44
p2_E3_W3.17,1902.0,31.35,10.0,1,331.05
p2_E_W.14,1884.0,35.2,10.0,2,328.23
p2_E_W.15,1890.0,28.58,8.0,1,309.92
p2_E_W.17,1902.0,34.31,7.0,1,316.25
p2_E3_W3.19,1914.0,22.56,8.0,1,281.28
p2_S3_N3.4,1880.0,28.45,9.0,2,302.03
p2_E_W.18,1908.0,23.28,5.0,1,292.37
p2_S3_N3.6,1920.0,9.68,0.0,0,251.96
p2_W3_N1.2,1920.0,17.13,5.0,1,291.57
p2_E3_W3.16,1896.0,26.4,7.0,1,301.8
p2_S3_N3.5,1900.0,24.51,10.0,1,286.35
p2_E3_W3.18,1908.0,27.33,6.0,1,305.12
p2_S1_N1.6,1920.0,19.76,5.0,1,279.6
p2_N2_S2.4,1880.0,31.84,13.0,2,315.88
p2_E3_W3.20,1920.0,20.98,6.0,1,291.74
p2_E3_W3.21,1926.0,15.85,2.0,1,283.21
p2_S1_W1.2,1923.0,15.53,2.0,1,283.6
p2_E3_W3.22,1932.0,13.74,0.0,0,273.03
p2_E3_W3.23,1938.0,8.3,0.0,0,235.79
p2_E3_S3.3,1983.0,6.18,0.0,0,164.36
p2_E1_W1.17,1902.0,46.21,22.0,2,351.54
p2_E1_W1.20,1920.0,28.1,10.0,2,315.56
p2_W_E.8,1916.0,27.86,9.0,2,296.59
p2_N3_S3.5,1900.0,50.31,27.0,3,357.44
p2_E_W.19,1914.0,40.49,22.0,2,327.8
p2_S2_N2.6,1920.0,32.41,17.0,1,297.69
p2_N3_S3.6,1920.0,33.25,19.0,1,310.05
p2_N1_S1.6,1920.0,35.21,16.0,2,315.51
p2_E1_W1.22,1932.0,20.44,7.0,1,272.67
p2_N3_E1.3,1983.0,14.32,4.0,1,180.25
p2_W2_N2.2,1920.0,35.31,12.0,3,341.08
p2_S2_N2.5,1900.0,47.34,28.0,2,334.61
p2_E_W.20,1920.0,34.23,14.0,2,316.51
p2_S2_N2.7,1940.0,17.68,0.0,0,295.27
p2_N3_S3.7,1940.0,18.26,5.0,1,277.77
p2_N2_S2.6,1920.0,39.29,15.0,3,338.97
p2_E1_W1.18,1908.0,40.0,20.0,2,323.73
p2_E2_S2.2,1923.0,36.1,15.0,2,330.8
p2_S2_W2.2,1923.0,32.0,13.0,2,308.87
p2_N1_S1.5,1900.0,41.83,20.0,3,332.22
p2_S1_N1.7,1940.0,24.76,9.0,1,289.18
p2_N2_E2.2,1923.0,40.69,22.0,3,352.14
p2_W1_E1.8,1916.0,51.58,27.0,3,367.63
p2_W1_E1.9,1930.0,39.55,17.0,2,327.24
p2_E_W.22,1932.0,26.28,11.0,1,292.95
p2_W3_E3.10,1944.0,24.85,12.0,1,300.16
p2_E3_W3.24,1944.0,25.14,12.0,1,292.38
p2_E_W.21,1926.0,30.76,14.0,2,300.09
p2_W_E.10,1944.0,30.53,10.0,2,307.01
p2_W1_E1.10,1944.0,21.58,9.0,1,274.76
p2_W1_E1.11,1959.0,16.12,3.0,1,267.8
p2_E3_W3.26,1956.0,20.0,5.0,1,281.32
p2_W1_N3.2,1920.0,56.22,31.0,4,382.83
p2_S3_W3.2,1923.0,39.83,26.0,2,306.87
p2_E1_W1.21,1926.0,39.11,16.0,2,316.18
p2_E1_W1.19,1914.0,48.73,24.0,3,346.47
p2_W_E.9,1930.0,32.23,11.0,2,304.71
p2_E1_W1.24,1944.0,36.79,10.0,2,317.85
p2_E1_W1.23,1938.0,43.66,19.0,2,337.15
p2_E1_W1.26,1956.0,26.54,7.0,1,289.96
p2_S3_N3.7,1940.0,34.47,16.0,2,315.98
p2_E1_W1.25,1950.0,33.33,9.0,1,324.27
p2_W3_E3.9,1930.0,26.76,7.0,2,307.79
p2_E_W.24,1944.0,41.43,25.0,2,327.79
p2_S2_N2.8,1960.0,17.64,4.0,1,276.86
p2_S3_N3.8,1960.0,24.87,10.0,1,277.37
p2_E_W.23,1938.0,47.76,23.0,2,348.46
p2_E_W.26,1956.0,31.32,12.0,1,319.59
p2_E_W.25,1950.0,37.84,13.0,2,333.01
p2_E1_W1.28,1968.0,19.33,5.0,1,276.43
p2_E1_W1.30,1980.0,9.14,0.0,0,248.46
p2_N1_E3.1,1863.0,73.57,34.0,6,519.23
p2_N1_E3.2,1923.0,23.82,5.0,1,396.51
p2_N2_S2.8,1960.0,30.24,10.0,2,310.77
p2_N3_S3.8,1960.0,19.62,4.0,1,290.01
p2_E1_W1.27,1962.0,23.12,10.0,1,283.87
p2_N2_S2.7,1940.0,50.77,24.0,3,362.25
p2_E_W.27,1962.0,22.95,9.0,1,282.3
p2_W1_E1.12,1973.0,21.06,8.0,1,298.18
p2_E3_W3.28,1968.0,27.14,11.0,1,298.81
p2_W3_E3.12,1973.0,22.54,9.0,1,280.11
p2_W3_N1.3,1980.0,15.18,3.0,1,273.58
p2_W1_E1.13,1988.0,8.22,0.0,0,251.2
p2_S1_N1.8,1960.0,31.14,17.0,1,287.89
p2_W3_E3.11,1959.0,30.15,13.0,2,312.0
p2_W_E.12,1973.0,27.8,8.0,2,308.04
p2_S1_N1.9,1980.0,20.15,8.0,1,277.13
p2_N1_S1.7,1940.0,61.7,36.0,3,366.77
p2_W_E.11,1959.0,34.5,14.0,2,321.83
p2_E1_S1.1,1863.0,82.68,39.0,5,522.02
p2_N1_S1.8,1960.0,38.89,14.0,3,333.37
p2_S1_W1.3,1983.0,21.99,4.0,1,306.29
p2_W1_N3.3,1980.0,27.45,9.0,2,304.75
p2_N3_S3.9,1980.0,29.92,12.0,2,319.13
p2_E_W.29,1974.0,37.84,19.0,2,326.1
p2_E_W.28,1968.0,42.83,23.0,2,337.05
p2_E2_S2.3,1983.0,21.96,2.0,1,301.66
p2_E3_W3.27,1962.0,52.11,26.0,3,377.93
p2_E1_W1.29,1974.0,27.72,10.0,1,296.67
p2_S2_W2.3,1983.0,30.78,9.0,2,318.29
p2_E_W.32,1992.0,22.81,9.0,1,292.05
p2_E1_W1.34,2004.0,12.11,0.0,0,262.18
p2_S3_N3.9,1980.0,35.89,11.0,2,334.99
p2_N2_E2.3,1983.0,34.15,14.0,3,333.88
p2_E3_W3.30,1980.0,32.03,14.0,2,314.18
p2_E1_W1.32,1992.0,19.51,6.0,1,276.6
p2_E1_W1.35,2010.0,7.88,0.0,0,245.12
p2_E3_W3.25,1950.0,52.85,32.0,3,355.42
p2_E3_W3.29,1974.0,45.67,18.0,2,341.97
p2_E_W.30,1980.0,30.43,12.0,1,299.44
p2_S2_N2.9,1980.0,40.57,20.0,2,334.81
p2_E_W.34,2004.0,16.03,1.0,1,281.27
p2_E1_S1.2,1923.0,46.66,18.0,2,436.25
p2_N2_S2.9,1980.0,26.18,9.0,2,304.64
p2_S1_N1.10,2000.0,21.53,8.0,1,274.77
p2_N3_E1.4,2043.0,20.41,5.0,2,195.71
p2_E_W.31,1986.0,27.65,10.0,1,300.36
p2_E_W.36,2016.0,8.36,0.0,0,238.61
p2_E_W.33,1998.0,20.08,8.0,1,279.01
p2_W3_E3.14,2002.0,24.55,8.0,1,288.3
p2_E3_W3.32,1992.0,33.71,15.0,2,320.44
p2_W_E.13,1988.0,34.79,17.0,2,326.1
p2_W3_E3.15,2016.0,12.31,0.0,0,270.29
p2_E3_W3.34,2004.0,24.17,8.0,1,294.83
p2_E_W.35,2010.0,9.13,0.0,0,253.36
p2_W3_E3.13,1988.0,33.74,15.0,2,316.37
p2_W1_E1.14,2002.0,23.59,6.0,2,302.37
p2_W1_E1.15,2016.0,15.19,2.0,1,268.89
p2_W_E.15,2016.0,15.33,0.0,0,264.09
p2_E3_S3.4,2043.0,31.68,17.0,2,211.07
p2_S3_W3.3,1983.0,37.01,17.0,2,322.04
p2_E1_W1.33,1998.0,38.2,15.0,2,329.59
p2_N1_S1.10,2000.0,37.2,16.0,2,323.41
p2_N3_S3.11,2020.0,21.2,4.0,1,303.57
p2_E1_W1.31,1986.0,40.11,20.0,2,315.62
p2_W2_N2.3,1980.0,58.7,29.0,5,375.9
p2_N2_S2.10,2000.0,47.49,24.0,3,356.4
p2_N2_S2.11,2020.0,27.51,11.0,2,307.41
p2_N3_S3.10,2000.0,30.61,9.0,2,315.83
p2_N1_S1.9,1980.0,31.29,6.0,2,316.15
p2_E_W.40,2040.0,9.07,0.0,0,253.33
p2_S2_N2.10,2000.0,37.78,19.0,1,329.71
p2_E_W.39,2034.0,16.94,1.0,1,286.79
p2_E3_W3.33,1998.0,43.75,18.0,2,345.38
p2_E3_W3.36,2016.0,36.06,11.0,2,324.64
p2_W3_E3.16,2031.0,19.74,4.0,1,278.3
p2_E_W.37,2022.0,26.01,10.0,2,306.28
p2_E3_W3.38,2028.0,28.23,6.0,2,324.51
p2_E3_W3.31,1986.0,49.38,27.0,3,345.05
p2_S1_N1.11,2020.0,37.06,17.0,2,338.36
p2_E3_W3.35,2010.0,48.53,19.0,2,330.53
p2_S3_N3.11,2020.0,37.69,18.0,2,324.74
p2_W_E.16,2031.0,25.18,12.0,1,282.82
p2_E3_W3.40,2040.0,15.83,0.0,0,283.79
p2_E1_S1.3,1983.0,32.57,11.0,1,419.59
p2_S2_N2.11,2020.0,9.68,0.0,0,256.34
p2_W3_E3.17,2045.0,14.25,2.0,1,263.31
p2_S3_N3.10,2000.0,52.62,28.0,2,352.35
p2_E3_W3.37,2022.0,38.21,11.0,2,337.09
p2_S3_W3.4,2043.0,16.33,3.0,2,284.33
p2_W_E.17,2045.0,14.98,1.0,1,276.17
p2_E3_W3.39,2034.0,27.55,2.0,1,324.6
p2_S1_W1.4,2043.0,9.47,0.0,0,259.32
p2_W_E.14,2002.0,37.94,16.0,2,310.31
p2_E2_S2.4,2043.0,21.96,7.0,1,314.21
p2_S1_N1.12,2040.0,10.06,0.0,0,255.05
p2_E1_W1.39,2034.0,33.17,16.0,2,316.78
p2_N3_S3.13,2060.0,9.44,0.0,0,246.0
p2_E1_W1.37,2022.0,39.74,14.0,3,337.45
p2_W1_E1.16,2031.0,39.96,21.0,2,326.35
p2_S2_N2.13,2060.0,12.19,0.0,0,266.51
p2_N1_S1.12,2040.0,33.45,15.0,2,319.45
p2_S2_W2.4,2043.0,30.14,10.0,2,326.49
p2_S2_N2.12,2040.0,20.36,5.0,1,290.13
p2_N3_S3.12,2040.0,18.12,4.0,1,282.15
p2_E1_W1.36,2016.0,33.66,11.0,3,324.69
p2_E1_W1.38,2028.0,24.33,4.0,2,292.37
p2_W1_N3.4,2040.0,36.85,10.0,3,340.2
p2_E_W.42,2052.0,25.45,6.0,1,304.37
p2_N2_S2.13,2060.0,18.29,4.0,1,274.62
p2_N1_S1.11,2020.0,38.01,14.0,3,327.52
p2_E1_W1.40,2040.0,34.69,3.0,1,302.25
p2_E1_W1.41,2046.0,27.52,0.0,0,293.62
p2_E_W.44,2064.0,15.6,0.0,0,285.36
p2_E_W.45,2070.0,11.3,0.0,0,260.93
p2_E_W.38,2028.0,25.73,9.0,1,306.45
p2_N2_E2.4,2043.0,24.98,7.0,2,298.66
p2_W3_N1.4,2040.0,42.95,24.0,3,343.71
p2_E_W.41,2046.0,37.54,12.0,1,314.65
p2_E_W.43,2058.0,25.11,4.0,1,307.99
p2_E3_S3.5,2103.0,17.08,5.0,1,181.99
p2_N2_S2.12,2040.0,26.16,8.0,1,291.87
p2_W3_E3.18,2060.0,22.8,8.0,1,282.36
p2_N1_S1.13,2060.0,23.68,9.0,1,278.89
p2_S3_N3.12,2040.0,39.0,16.0,2,344.78
p2_S1_N1.14,2080.0,8.25,0.0,0,242.11
p2_W_E.18,2060.0,26.16,7.0,2,294.28
p2_E3_W3.42,2052.0,39.13,14.0,3,342.53
p2_W2_N2.4,2040.0,51.11,23.0,4,353.16
p2_E3_W3.45,2070.0,18.81,0.0,0,298.75
p2_E1_W1.42,2052.0,39.73,17.0,3,345.09
p2_E3_W3.43,2058.0,31.5,4.0,2,325.12
p2_E1_W1.44,2064.0,31.47,5.0,1,329.06
p2_N3_E1.5,2103.0,21.13,9.0,2,182.33
p2_E3_W3.41,2046.0,41.54,17.0,3,341.17
p2_E1_W1.43,2058.0,27.8,4.0,1,318.11
p2_E1_W1.47,2082.0,16.01,0.0,0,279.54
p2_N1_E3.3,1983.0,62.01,31.0,5,488.74
p2_E_W.46,2076.0,23.48,9.0,1,278.6
p2_S2_N2.14,2080.0,11.39,0.0,0,275.39
p2_E3_W3.44,2064.0,20.97,0.0,0,298.33
p2_W1_E1.17,2045.0,56.53,29.0,3,366.01
p2_W1_E1.19,2074.0,27.7,14.0,1,300.11
p2_W1_E1.18,2060.0,43.45,22.0,2,347.57
p2_E1_W1.45,2070.0,12.24,0.0,0,255.24
p2_E_W.48,2088.0,13.98,0.0,0,265.95
p2_E_W.49,2094.0,10.93,0.0,0,265.09
p2_W3_E3.19,2074.0,32.45,13.0,2,318.16
p2_E_W.47,2082.0,19.88,5.0,1,273.79
p2_W3_N1.5,2100.0,11.18,0.0,0,269.94
p2_W3_E3.21,2103.0,9.29,0.0,0,254.07
p2_W_E.19,2074.0,40.33,15.0,3,350.07
p2_E3_W3.47,2082.0,31.75,15.0,2,309.91
p2_W1_N3.5,2100.0,13.8,0.0,0,282.95
p2_S1_N1.13,2060.0,41.81,25.0,2,320.86
p2_W3_E3.20,2088.0,24.56,12.0,1,291.53
p2_N1_S1.14,2080.0,39.51,15.0,3,348.47
p2_S3_N3.14,2080.0,39.49,20.0,2,326.92
p2_W_E.20,2088.0,15.95,1.0,1,266.09
p2_S3_N3.13,2060.0,57.22,32.0,3,365.57
p2_E1_W1.48,2088.0,36.3,19.0,2,315.73
p2_S2_W2.5,2103.0,22.0,7.0,1,285.75
p2_E_W.50,2100.0,24.01,9.0,1,279.9
p2_E2_S2.5,2103.0,12.53,0.0,0,275.05
p2_S3_N3.15,2100.0,19.79,7.0,1,286.01
p2_E3_S3.6,2163.0,6.95,0.0,0,161.38
p2_N2_S2.15,2100.0,29.25,11.0,2,307.52
p2_N2_E2.5,2103.0,26.67,5.0,3,324.18
p2_E_W.51,2106.0,23.11,9.0,1,281.82
p2_N3_E1.6,2163.0,9.65,0.0,0,174.53
p2_E1_W1.46,2076.0,34.78,17.0,2,314.77
p2_E3_W3.46,2076.0,54.26,28.0,3,367.29
p2_E3_W3.49,2094.0,38.92,18.0,2,320.99
p2_W1_E1.21,2103.0,29.61,12.0,1,328.35
p2_E_W.53,2118.0,15.42,3.0,1,265.02
p2_W1_E1.20,2088.0,41.56,20.0,2,322.24
p2_N3_S3.15,2100.0,34.1,15.0,2,321.5
p2_E_W.52,2112.0,21.93,9.0,1,278.99
p2_E3_W3.48,2088.0,46.67,17.0,2,359.41
p2_E_W.54,2124.0,11.55,0.0,0,263.53
p2_S1_N1.15,2100.0,34.39,14.0,2,315.21
p2_N2_S2.14,2080.0,33.33,11.0,2,316.79
p2_N3_S3.14,2080.0,45.37,22.0,3,349.8
p2_W_E.22,2117.0,23.44,4.0,1,297.96
p2_E_W.55,2130.0,8.75,0.0,0,243.73
p2_W1_E1.23,2132.0,7.8,0.0,0,248.11
p2_E1_S1.4,2043.0,54.31,22.0,3,486.59
p2_S3_W3.5,2103.0,17.76,1.0,1,278.64
p2_S1_N1.16,2120.0,10.76,0.0,0,253.35
p2_W_E.21,2103.0,28.04,6.0,2,311.55
p2_N1_S1.15,2100.0,45.93,21.0,3,355.38
p2_E3_W3.50,2100.0,20.24,5.0,1,270.97
p2_S1_W1.5,2103.0,43.7,18.0,3,343.51
p2_W3_E3.22,2117.0,30.32,13.0,2,310.76
p2_W_E.23,2132.0,12.0,0.0,0,266.87
p2_W3_E3.23,2132.0,11.15,0.0,0,260.76
p2_N1_S1.16,2120.0,17.64,4.0,1,282.56
p2_S3_N3.16,2120.0,29.91,12.0,2,317.74
p2_E1_W1.50,2100.0,48.57,24.0,3,357.36
p2_E1_W1.49,2094.0,52.46,29.0,3,361.65
p2_E1_W1.51,2106.0,47.09,20.0,2,355.68
p2_E1_W1.53,2118.0,36.3,16.0,1,327.68
p2_E1_W1.56,2136.0,18.89,0.0,0,305.64
p2_E1_W1.57,2142.0,14.03,0.0,0,274.82
p2_E3_W3.54,2124.0,34.39,13.0,1,307.97
p2_E3_W3.51,2106.0,48.66,20.0,3,349.99
p2_W1_E1.22,2117.0,35.21,19.0,2,329.78
p2_E3_W3.52,2112.0,49.05,13.0,2,349.87
p2_N3_S3.16,2120.0,33.06,15.0,2,311.15
p2_N1_E3.4,2043.0,79.84,44.0,6,523.14
p2_W1_E1.25,2160.0,8.08,0.0,0,253.07
p2_W2_N2.5,2100.0,49.84,24.0,4,350.11
p2_E3_W3.56,2136.0,26.51,7.0,2,307.65
p2_E3_W3.57,2142.0,20.28,4.0,1,287.06
p2_W_E.25,2160.0,8.69,0.0,0,238.77
p2_N2_S2.16,2120.0,50.41,25.0,3,364.26
p2_W1_E1.24,2146.0,24.11,10.0,1,297.05
p2_N2_S2.17,2140.0,30.72,12.0,2,309.33
p2_E3_W3.58,2148.0,22.87,4.0,1,292.43
p2_E3_W3.59,2154.0,17.29,0.0,0,284.48
p2_S1_N1.18,2160.0,8.58,0.0,0,256.3
p2_W3_E3.24,2146.0,26.65,9.0,2,306.14
p2_S2_N2.16,2120.0,53.17,35.0,2,347.11
p2_N1_S1.17,2140.0,36.24,10.0,2,337.39
p2_S1_N1.17,2140.0,24.82,7.0,1,298.09
p2_S2_N2.15,2100.0,71.29,47.0,3,388.0
p2_W3_E3.25,2160.0,17.44,5.0,1,266.27
p2_S3_N3.17,2140.0,40.12,27.0,1,316.01
p2_W3_E3.26,2175.0,8.21,0.0,0,247.1
p2_S2_N2.17,2140.0,42.65,26.0,2,338.01
p2_E1_W1.54,2124.0,60.77,32.0,3,390.79
p2_E_W.56,2136.0,51.28,28.0,3,363.6
p2_E1_W1.58,2148.0,37.12,17.0,2,322.67
p2_E3_S3.7,2223.0,6.87,0.0,0,160.92
p2_E_W.58,2148.0,41.53,15.0,2,344.08
p2_E1_W1.60,2160.0,28.77,11.0,2,310.6
p2_E3_W3.60,2160.0,29.75,13.0,1,311.41
p2_E1_W1.61,2166.0,24.51,3.0,1,304.78
p2_E_W.57,2142.0,38.61,16.0,3,332.03
p2_E3_W3.61,2166.0,25.13,12.0,1,287.96
p2_E_W.59,2154.0,29.59,8.0,1,306.47
p2_N2_E2.6,2163.0,29.1,7.0,2,334.32
p2_E1_W1.62,2172.0,16.53,1.0,1,274.27
p2_S3_W3.6,2163.0,30.4,6.0,2,318.72
p2_E1_W1.59,2154.0,41.29,17.0,2,330.3
p2_S2_W2.6,2163.0,25.64,3.0,2,305.42
p2_N1_E3.5,2103.0,50.4,20.0,4,458.67
p2_E1_W1.52,2112.0,57.64,35.0,3,376.15
p2_N3_S3.17,2140.0,43.11,21.0,3,335.73
p2_E_W.60,2160.0,36.11,16.0,2,318.18
p2_W_E.26,2175.0,21.38,7.0,1,278.16
p2_W_E.24,2146.0,37.64,19.0,2,322.97
p2_W3_N1.6,2163.0,34.25,13.0,3,321.69
p2_N2_S2.19,2180.0,16.8,3.0,1,272.29
p2_E3_W3.53,2118.0,50.93,28.0,3,355.72
p2_E1_W1.55,2130.0,44.05,16.0,2,349.71
p2_W2_N2.6,2163.0,32.76,12.0,1,333.65
p2_W1_N3.6,2163.0,35.78,15.0,3,324.57
p2_E3_W3.55,2130.0,42.16,15.0,3,333.2
p2_E2_S2.6,2163.0,36.53,14.0,3,324.34
p2_E_W.64,2184.0,16.04,0.0,0,274.5
p2_E1_S1.5,2103.0,53.15,12.0,5,486.52
p2_N2_S2.18,2160.0,25.95,7.0,2,296.54
p2_S2_N2.18,2160.0,41.32,19.0,3,355.47
p2_S1_N1.19,2180.0,11.55,0.0,0,273.34
p2_N3_E1.7,2223.0,22.29,9.0,1,193.02
p2_N1_S1.18,2160.0,42.69,18.0,2,352.62
p2_N1_S1.19,2180.0,22.88,5.0,1,292.75
p2_S3_N3.20,2200.0,7.4,0.0,0,240.71
p2_S3_N3.19,2180.0,28.75,12.0,1,293.7
p2_W3_E3.27,2189.0,11.08,0.0,0,257.04
p2_S3_N3.18,2160.0,34.67,15.0,2,319.79
p2_S1_W1.6,2163.0,31.81,9.0,1,329.98
p2_E1_W1.66,2196.0,12.23,0.0,0,265.93
p2_E1_W1.64,2184.0,29.82,7.0,2,312.63
p2_W1_E1.27,2189.0,25.39,8.0,1,304.36
p2_W1_E1.26,2175.0,37.56,17.0,2,334.61
p2_E1_W1.65,2190.0,24.89,3.0,1,305.23
p2_W1_E1.28,2204.0,12.23,0.0,0,273.33
p2_E1_W1.67,2202.0,9.96,0.0,0,255.7
p2_E_W.62,2172.0,45.56,15.0,4,356.72
p2_N3_S3.19,2180.0,34.45,15.0,2,314.89
p2_E1_W1.68,2208.0,8.28,0.0,0,246.04
p2_E3_W3.62,2172.0,44.91,21.0,3,344.93
p2_E_W.67,2202.0,19.65,3.0,1,297.02
p2_E1_W1.63,2178.0,26.98,7.0,1,308.53
p2_E3_W3.65,2190.0,29.45,9.0,2,310.98
p2_N3_S3.18,2160.0,40.68,19.0,3,331.93
p2_E_W.61,2166.0,41.45,18.0,3,342.79
p2_E3_W3.63,2178.0,35.3,16.0,2,329.66
p2_E_W.68,2208.0,16.13,2.0,1,280.21
p2_E3_W3.64,2184.0,41.15,12.0,2,340.92
p2_E_W.63,2178.0,39.04,11.0,2,327.65
p2_E_W.66,2196.0,29.83,9.0,2,322.91
p2_W_E.28,2204.0,24.17,5.0,1,296.9
p2_W_E.27,2189.0,39.75,17.0,3,347.88
p2_N1_S1.20,2200.0,28.36,9.0,2,326.46
p2_S1_N1.20,2200.0,35.19,10.0,2,332.87
p2_W3_E3.29,2218.0,16.77,3.0,1,277.44
p2_W3_E3.28,2204.0,23.38,9.0,1,284.61
p2_S3_N3.21,2220.0,17.19,4.0,1,266.84
p2_S2_N2.19,2180.0,56.75,39.0,2,344.66
p2_S2_N2.20,2200.0,33.56,13.0,1,307.73
p2_S2_N2.21,2220.0,21.74,9.0,1,285.83
p2_S2_W2.7,2223.0,19.91,5.0,1,295.23
p2_N3_S3.20,2200.0,39.91,18.0,2,337.99
p2_E3_W3.66,2196.0,50.79,28.0,3,352.32
p2_E3_W3.67,2202.0,41.29,19.0,3,345.01
p2_W1_E1.29,2218.0,29.15,5.0,1,331.04
p2_N2_S2.20,2200.0,47.17,22.0,3,352.38
p2_E1_W1.69,2214.0,35.13,15.0,2,329.48
p2_E3_W3.69,2214.0,34.91,13.0,2,332.27
p2_E_W.65,2190.0,42.82,18.0,3,349.8
p2_E3_W3.68,2208.0,35.65,12.0,2,326.58
p2_E_W.69,2214.0,31.71,12.0,2,304.19
p2_E1_W1.70,2220.0,22.98,5.0,1,290.19
p2_E3_W3.70,2220.0,28.55,8.0,2,312.58
p2_E1_W1.71,2226.0,24.94,6.0,1,315.83
p2_E1_W1.72,2232.0,21.02,4.0,1,268.7
p2_W_E.30,2232.0,21.03,4.0,1,300.03
p2_W_E.29,2218.0,36.86,13.0,2,346.11
p2_N1_E3.6,2163.0,49.89,18.0,5,453.47
p2_E_W.70,2220.0,24.11,4.0,2,287.82
p2_E1_S1.6,2163.0,51.21,15.0,4,487.09
p2_W1_N3.7,2221.0,25.99,10.0,2,304.44
p2_E2_S2.7,2223.0,28.93,8.0,3,306.92
p2_E_W.73,2238.0,9.71,0.0,0,251.1
p2_E_W.72,2232.0,27.0,2.0,1,296.72
p2_E_W.71,2226.0,34.21,6.0,2,326.79
p2_N3_E1.8,2283.0,18.56,9.0,1,187.95
p2_N1_S1.21,2220.0,32.64,10.0,2,325.49
p2_N1_S1.22,2240.0,20.87,2.0,2,277.17
p2_S2_N2.22,2240.0,21.36,6.0,1,277.69
p2_W3_N1.7,2221.0,40.77,14.0,4,347.15
p2_W3_E3.30,2232.0,21.72,8.0,1,276.55
p2_S1_N1.22,2240.0,23.93,0.0,0,316.4
p2_W3_E3.31,2247.0,18.28,6.0,1,284.03
p2_S1_W1.7,2223.0,43.01,16.0,3,350.59
p2_S3_N3.22,2240.0,21.51,10.0,1,282.88
p2_S2_N2.23,2260.0,7.88,0.0,0,240.33
p2_W2_N2.7,2221.0,33.4,16.0,2,298.94
p2_E3_S3.8,2283.0,28.48,14.0,2,204.15
p2_E3_W3.72,2232.0,40.33,17.0,3,344.48
p2_S3_W3.7,2223.0,49.38,25.0,3,359.82
p2_W1_E1.30,2232.0,40.77,24.0,2,330.64
p2_E1_W1.73,2238.0,34.95,18.0,2,325.06
p2_W1_E1.31,2247.0,25.71,12.0,1,286.9
p2_N2_S2.22,2240.0,34.47,11.0,4,323.23
p2_N3_S3.22,2240.0,32.8,13.0,2,319.66
p2_E1_W1.74,2244.0,28.25,6.0,2,301.09
p2_E1_W1.75,2250.0,24.88,6.0,1,304.21
p2_W1_E1.32,2261.0,14.18,0.0,0,264.71
p2_E3_W3.73,2238.0,33.13,9.0,2,332.75
p2_E3_W3.74,2244.0,27.69,5.0,1,304.04
p2_S1_N1.21,2220.0,30.59,9.0,2,309.92
p2_E1_W1.76,2256.0,20.76,4.0,1,287.48
p2_N2_S2.21,2220.0,46.92,22.0,3,349.05
p2_N2_E2.7,2223.0,57.03,32.0,4,371.54
p2_E_W.74,2244.0,36.55,13.0,2,317.55
p2_N3_S3.21,2220.0,39.32,15.0,2,333.21
p2_E3_W3.71,2226.0,41.67,15.0,3,342.18
p2_W_E.31,2247.0,33.83,6.0,2,335.86
p2_E_W.75,2250.0,32.3,10.0,1,329.15
p2_E3_W3.76,2256.0,28.15,8.0,2,305.24
p2_W_E.32,2261.0,19.43,5.0,1,291.17
p2_E_W.77,2262.0,22.31,0.0,0,315.94
p2_E3_W3.78,2268.0,16.48,2.0,1,289.44
p2_W3_E3.32,2261.0,24.57,9.0,1,299.54
p2_E3_W3.77,2262.0,24.39,3.0,1,302.62
p2_E_W.79,2274.0,12.32,0.0,0,259.32
p2_E_W.76,2256.0,31.09,6.0,2,321.23
p2_E3_W3.79,2274.0,14.19,0.0,0,275.38
p2_E3_W3.75,2250.0,30.43,10.0,2,305.78
p2_S2_N2.24,2280.0,13.69,0.0,0,266.36
p2_N1_S1.23,2260.0,36.15,11.0,2,342.54
p2_N1_S1.24,2280.0,15.69,2.0,1,279.88
p2_W1_E1.33,2276.0,23.12,4.0,1,298.01
p2_S1_N1.23,2260.0,32.04,9.0,2,324.17
p2_N2_S2.24,2280.0,20.21,8.0,1,273.02
p2_W1_N3.8,2280.0,20.13,0.0,0,307.07
p2_N2_S2.23,2260.0,37.51,17.0,2,336.29
p2_N3_S3.23,2260.0,45.26,24.0,3,344.86
p2_E_W.78,2268.0,38.63,14.0,2,319.73
p2_S2_W2.8,2283.0,23.43,7.0,1,302.44
p2_N3_E1.9,2343.0,7.06,0.0,0,165.51
p2_S3_N3.23,2260.0,39.87,27.0,1,305.74
p2_W_E.34,2290.0,17.53,2.0,1,279.85
p2_W_E.33,2276.0,19.83,6.0,1,282.53
p2_E_W.81,2286.0,21.79,0.0,0,300.31
p2_E1_W1.80,2280.0,30.58,5.0,1,326.96
p2_E_W.80,2280.0,26.98,6.0,1,303.94
p2_S3_W3.8,2283.0,24.98,11.0,1,302.01
p2_E_W.82,2292.0,18.36,0.0,0,303.13
p2_E1_W1.81,2286.0,24.13,4.0,1,311.25
p2_E1_W1.79,2274.0,39.05,8.0,2,333.25
p2_E1_W1.78,2268.0,39.77,14.0,3,334.27
p2_E3_W3.80,2280.0,24.44,4.0,1,296.2
p2_N2_E2.8,2283.0,28.71,11.0,1,311.05
p2_E3_W3.81,2286.0,22.57,2.0,1,301.37
p2_W3_E3.34,2290.0,27.27,6.0,2,306.8
p2_S2_N2.25,2300.0,20.36,8.0,1,278.98
p2_E3_W3.82,2292.0,11.52,0.0,0,260.91
p2_W3_E3.33,2276.0,34.45,12.0,1,329.88
p2_W1_E1.34,2290.0,21.14,6.0,1,279.66
p2_E1_W1.77,2262.0,32.2,10.0,2,313.02
p2_W2_N2.8,2280.0,33.87,12.0,3,317.84
p2_E3_S3.9,2343.0,22.72,9.0,2,198.95
p2_E1_S1.7,2223.0,44.86,10.0,3,463.32
p2_E2_S2.8,2283.0,42.94,19.0,3,353.27
p2_N2_S2.25,2300.0,27.13,8.0,1,306.58
p2_W3_N1.8,2280.0,47.74,24.0,3,354.17
p2_W1_E1.36,2319.0,8.78,0.0,0,254.91
p2_N1_S1.25,2300.0,28.38,5.0,3,319.56
p2_S1_N1.24,2280.0,50.3,26.0,3,356.58
p2_N1_E3.7,2223.0,65.8,28.0,5,489.87
p2_W1_E1.35,2304.0,23.78,6.0,2,308.39
p2_W_E.35,2304.0,28.48,12.0,2,302.62
p2_W_E.36,2319.0,13.43,1.0,1,271.15
p2_S1_W1.8,2283.0,50.02,23.0,4,361.74
p2_E3_W3.84,2304.0,30.56,11.0,1,302.97
p2_S1_N1.25,2300.0,35.06,10.0,3,316.2
p2_E3_W3.86,2316.0,20.3,3.0,1,306.01
p2_W3_E3.36,2319.0,17.72,3.0,1,281.76
p2_E3_W3.83,2298.0,28.27,14.0,1,292.58
p2_E3_W3.85,2310.0,29.23,11.0,1,311.29
p2_E3_W3.87,2322.0,12.87,0.0,0,272.09
p2_E1_W1.85,2310.0,31.27,11.0,2,317.92
p2_E3_W3.88,2328.0,13.12,0.0,0,271.57
p2_N3_S3.24,2280.0,61.82,38.0,3,375.63
p2_E1_W1.83,2298.0,43.78,19.0,3,355.46
p2_N3_S3.25,2300.0,41.97,22.0,2,324.88
p2_S3_N3.25,2300.0,40.68,22.0,2,324.91
p2_E_W.83,2298.0,43.47,23.0,2,333.36
p2_E3_W3.89,2334.0,8.0,0.0,0,236.16
p2_E1_W1.84,2304.0,38.7,14.0,3,352.92
p2_E_W.85,2310.0,32.83,11.0,2,323.32
p2_E1_W1.86,2316.0,29.64,10.0,2,325.43
p2_E1_W1.88,2328.0,19.11,5.0,1,290.88
p2_N3_S3.27,2340.0,8.46,0.0,0,260.24
p2_E1_W1.87,2322.0,24.1,0.0,0,295.48
p2_E1_W1.82,2292.0,36.51,12.0,2,325.39
p2_E_W.84,2304.0,36.13,14.0,2,317.79
p2_E_W.86,2316.0,21.11,6.0,1,287.12
p2_S1_N1.26,2320.0,32.47,13.0,2,321.47
p2_E_W.87,2322.0,24.66,5.0,1,310.36
p2_S1_N1.27,2340.0,12.41,0.0,0,272.06
p2_N1_S1.26,2320.0,31.31,11.0,2,310.92
p2_S2_N2.26,2320.0,34.25,20.0,1,301.22
p2_N1_S1.27,2340.0,10.53,0.0,0,260.52
p2_W3_E3.35,2304.0,43.08,25.0,2,336.87
p2_S2_N2.27,2340.0,8.4,0.0,0,242.0
p2_S3_N3.24,2280.0,48.34,28.0,2,343.1
p2_W1_E1.37,2333.0,20.89,8.0,1,281.76
p2_W3_E3.37,2333.0,29.18,11.0,2,317.14
p2_E3_W3.91,2346.0,20.1,5.0,1,278.08
p2_W1_E1.38,2348.0,13.55,0.0,0,266.0
p2_W_E.37,2333.0,33.75,16.0,2,316.4
p2_N2_S2.26,2320.0,45.91,23.0,3,348.58
p2_E1_W1.89,2334.0,33.71,16.0,2,324.98
p2_E_W.89,2334.0,33.88,12.0,2,321.62
p2_E3_W3.90,2340.0,27.79,10.0,1,293.66
p2_E1_W1.90,2340.0,23.07,9.0,1,290.95
p2_W_E.38,2348.0,21.07,7.0,1,300.46
p2_E_W.88,2328.0,35.82,17.0,2,312.12
p2_S3_W3.9,2343.0,10.69,0.0,0,266.77
p2_E1_W1.91,2346.0,23.66,5.0,1,296.91
p2_E3_W3.92,2352.0,18.21,2.0,1,277.0
p2_E1_W1.92,2352.0,18.86,1.0,1,290.52
p2_E1_W1.93,2358.0,14.47,0.0,0,285.94
p2_E3_W3.93,2358.0,10.14,0.0,0,258.05
p2_E1_W1.94,2364.0,8.81,0.0,0,237.49
p2_W1_N3.9,2340.0,34.02,12.0,2,314.4
p2_N3_S3.26,2320.0,43.14,22.0,2,329.57
p2_E2_S2.9,2343.0,28.06,9.0,1,295.06
p2_E_W.90,2340.0,21.89,6.0,1,284.16
p2_E_W.91,2346.0,29.84,8.0,1,308.66
p2_N1_S1.28,2360.0,16.34,1.0,1,288.44
p2_E1_S1.8,2283.0,52.85,18.0,4,493.05
p2_N1_E3.8,2283.0,52.54,16.0,4,474.14
p2_S3_N3.27,2340.0,30.06,9.0,2,303.71
p2_S3_N3.26,2320.0,48.77,24.0,3,350.22
p2_S2_N2.28,2360.0,18.72,3.0,1,273.32
p2_N3_E1.10,2403.0,21.53,8.0,2,199.92
p2_S1_W1.9,2343.0,36.42,15.0,2,342.08
p2_W3_N1.9,2340.0,31.11,10.0,2,307.83
p2_E3_S3.10,2403.0,24.0,10.0,2,197.85
p2_S1_N1.28,2360.0,24.75,2.0,1,304.21
p2_W2_N2.9,2340.0,25.94,5.0,2,304.38
p2_N2_E2.9,2343.0,45.61,22.0,3,352.91
p2_W_E.39,2362.0,27.46,8.0,1,298.55
p2_W1_E1.39,2362.0,29.68,12.0,1,310.32
p2_E3_W3.95,2370.0,21.89,8.0,1,281.46
p2_W1_E1.40,2376.0,16.17,3.0,1,284.12
p2_N2_S2.28,2360.0,33.49,14.0,2,318.94
p2_N2_S2.27,2340.0,53.65,30.0,3,367.99
p2_W_E.40,2376.0,15.41,2.0,1,287.91
p2_W3_E3.38,2348.0,27.32,12.0,1,285.73
p2_W3_E3.39,2362.0,12.37,0.0,0,265.18
p2_E3_W3.94,2364.0,9.41,0.0,0,250.29
p2_E_W.95,2370.0,30.12,8.0,1,317.47
p2_E1_W1.96,2376.0,23.82,11.0,1,286.68
p2_N1_E3.9,2343.0,14.51,0.0,0,356.97
p2_E3_W3.97,2382.0,19.12,4.0,1,276.74
p2_E_W.94,2364.0,37.77,9.0,3,345.89
p2_S2_W2.9,2343.0,46.03,17.0,4,347.66
p2_E3_W3.96,2376.0,23.45,11.0,1,292.03
p2_E3_W3.98,2388.0,15.35,0.0,0,278.62
p2_E_W.96,2376.0,28.24,6.0,1,318.61
p2_E_W.93,2358.0,47.05,18.0,3,365.52
p2_S3_N3.29,2380.0,14.06,0.0,0,271.16
p2_E_W.92,2352.0,47.57,21.0,2,353.58
p2_W3_E3.40,2376.0,23.99,11.0,1,283.98
p2_S3_N3.28,2360.0,27.56,9.0,2,301.11
p2_N3_S3.28,2360.0,51.7,27.0,3,361.24
p2_N1_S1.29,2380.0,34.46,11.0,2,337.44
p2_N3_S3.29,2380.0,28.57,8.0,1,306.74
p2_S1_N1.29,2380.0,36.45,13.0,3,338.16
p2_S2_N2.29,2380.0,37.21,19.0,1,326.54
p2_W1_E1.41,2391.0,25.56,7.0,1,294.07
p2_W_E.41,2391.0,27.89,9.0,2,302.99
p2_N2_S2.30,2400.0,17.66,2.0,1,277.94
p2_N2_S2.29,2380.0,34.86,15.0,2,319.78
p2_E_W.98,2388.0,37.53,14.0,2,338.81
p2_S2_W2.10,2403.0,21.89,6.0,1,289.24
p2_E_W.97,2382.0,45.36,21.0,3,350.14
p2_W3_E3.41,2391.0,36.0,16.0,2,320.65
p2_E_W.100,2400.0,27.51,10.0,2,308.13
p2_E3_W3.100,2400.0,27.12,13.0,1,303.3
p2_E_W.99,2394.0,35.39,10.0,2,325.02
p2_E_W.101,2406.0,22.43,2.0,1,305.07
p2_E3_W3.101,2406.0,23.02,7.0,1,299.22
p2_E1_W1.97,2382.0,48.08,19.0,3,361.98
p2_E1_W1.98,2388.0,42.45,18.0,2,358.08
p2_W1_E1.42,2405.0,9.61,0.0,0,247.54
p2_W3_E3.42,2405.0,23.76,12.0,1,288.99
p2_E3_W3.99,2394.0,26.99,13.0,1,285.2
p2_S3_W3.10,2403.0,27.31,11.0,1,309.22
p2_E1_W1.99,2394.0,38.16,15.0,2,336.8
p2_S3_N3.30,2400.0,33.28,14.0,1,327.38
p2_W_E.42,2405.0,9.42,0.0,0,250.0
p2_E3_W3.103,2418.0,10.54,0.0,0,267.28
p2_E3_S3.11,2463.0,13.52,0.0,0,175.11
p2_E1_W1.101,2406.0,28.82,3.0,2,317.68
p2_E3_W3.102,2412.0,19.1,1.0,1,281.74
p2_E3_W3.104,2424.0,12.0,0.0,0,258.76
p2_E1_W1.102,2412.0,23.33,11.0,1,283.13
p2_E_W.102,2412.0,22.34,10.0,1,281.52
p2_N3_E1.11,2463.0,16.62,4.0,2,186.71
p2_E1_W1.103,2418.0,20.78,4.0,1,288.83
p2_E1_W1.100,2400.0,40.51,11.0,2,336.82
p2_E_W.103,2418.0,15.56,2.0,1,269.76
p2_E1_W1.95,2370.0,47.18,23.0,3,341.35
p2_E1_S1.9,2343.0,46.72,18.0,3,459.29
p2_W3_N1.10,2400.0,46.67,21.0,3,354.01
p2_N2_S2.31,2420.0,17.8,4.0,1,269.22
p2_E2_S2.10,2403.0,34.76,10.0,1,316.37
p2_N1_S1.31,2420.0,11.06,0.0,0,261.49
p2_N1_S1.30,2400.0,39.98,11.0,2,328.82
p2_S1_N1.30,2400.0,49.83,25.0,3,356.09
p2_W2_N2.10,2400.0,50.19,25.0,3,360.1
p2_N3_S3.30,2400.0,48.33,22.0,2,353.83
p2_S1_W1.10,2403.0,43.31,18.0,4,348.98
p2_W1_E1.43,2420.0,33.75,15.0,2,318.3
p2_W1_E1.44,2434.0,20.45,7.0,1,287.35
p2_S1_N1.31,2420.0,29.02,5.0,2,304.29
p2_S2_N2.31,2420.0,34.82,15.0,2,345.35
p2_W_E.43,2420.0,37.32,17.0,2,338.23
p2_W_E.44,2434.0,19.09,7.0,1,290.3
p2_N2_E2.10,2403.0,55.02,28.0,4,376.39
p2_S2_N2.30,2400.0,40.42,20.0,2,329.7
p2_E1_W1.105,2430.0,26.11,9.0,1,301.73
p2_W1_N3.10,2400.0,30.64,12.0,2,305.79
p2_E1_W1.104,2424.0,29.91,10.0,1,321.32
p2_W3_E3.44,2434.0,26.89,9.0,2,296.21
p2_E3_W3.105,2430.0,33.69,14.0,2,314.81
p2_E1_W1.106,2436.0,27.72,7.0,1,308.87
p2_E3_W3.106,2436.0,27.95,8.0,2,307.87
p2_E1_W1.109,2454.0,10.38,0.0,0,253.0
p2_E1_W1.107,2442.0,20.93,6.0,1,282.05
p2_W3_E3.43,2420.0,33.4,10.0,1,321.41
p2_E_W.106,2436.0,30.35,11.0,2,313.65
p2_E3_W3.107,2442.0,23.7,4.0,2,301.69
p2_E_W.105,2430.0,37.06,19.0,2,328.98
p2_S3_N3.32,2440.0,26.72,8.0,2,315.86
p2_S3_N3.31,2420.0,44.93,27.0,2,329.53
p2_E1_W1.110,2460.0,7.99,0.0,0,250.18
p2_E1_W1.108,2448.0,9.88,0.0,0,249.51
p2_S1_N1.33,2460.0,12.49,0.0,0,279.27
p2_W1_E1.45,2448.0,24.48,11.0,1,285.58
p2_S1_N1.32,2440.0,28.16,10.0,2,304.93
p2_N3_S3.32,2440.0,35.99,16.0,2,329.48
p2_N1_S1.33,2460.0,16.57,1.0,1,285.36
p2_N1_S1.32,2440.0,33.26,9.0,2,333.52
p2_E1_S1.10,2403.0,31.83,6.0,2,410.79
p2_E_W.104,2424.0,16.35,0.0,0,291.3
p2_S2_N2.32,2440.0,40.33,19.0,2,337.35
p2_N2_E2.11,2463.0,16.57,4.0,1,285.69
p2_N3_S3.31,2420.0,40.26,16.0,2,337.41
p2_W_E.45,2448.0,34.55,17.0,2,315.82
p2_N2_S2.33,2460.0,17.31,4.0,1,266.76
p2_N2_S2.32,2440.0,35.95,15.0,2,317.16
p2_S2_N2.33,2460.0,9.15,0.0,0,248.47
p2_W3_E3.46,2463.0,25.02,4.0,2,319.72
p2_W3_E3.45,2448.0,40.82,15.0,3,349.68
p2_E3_W3.108,2448.0,41.34,17.0,3,350.48
p2_E3_W3.109,2454.0,35.57,12.0,3,340.92
p2_W_E.47,2477.0,8.82,0.0,0,238.35
p2_W1_E1.46,2463.0,26.06,11.0,1,297.51
p2_E1_W1.111,2466.0,22.71,11.0,1,286.01
p2_E_W.108,2448.0,44.4,18.0,3,359.73
p2_E_W.107,2442.0,50.77,26.0,3,370.56
p2_E3_W3.111,2466.0,23.15,2.0,1,296.86
p2_E1_W1.112,2472.0,21.09,8.0,1,284.27
p2_E3_W3.113,2478.0,9.91,0.0,0,254.23
p2_E_W.109,2454.0,40.49,12.0,2,344.23
p2_E_W.110,2460.0,34.11,12.0,2,330.27
p2_E1_W1.113,2478.0,16.11,1.0,1,280.86
p2_E3_S3.12,2523.0,8.2,0.0,0,166.72
p2_E1_W1.114,2484.0,10.84,0.0,0,264.9
p2_S3_N3.33,2460.0,34.04,20.0,1,303.97
p2_E_W.111,2466.0,30.53,5.0,2,303.25
p2_E_W.112,2472.0,24.11,2.0,1,300.2
p2_E2_S2.11,2463.0,36.17,17.0,3,347.45
p2_S2_W2.11,2463.0,29.29,13.0,1,312.33
p2_W3_N1.11,2460.0,42.17,19.0,2,330.42
p2_N1_E3.10,2403.0,37.98,13.0,3,426.69
p2_N3_E1.12,2523.0,16.07,2.0,1,187.09
p2_E3_W3.110,2460.0,11.25,0.0,0,260.93
p2_S1_W1.11,2463.0,43.32,20.0,2,341.03
p2_N1_S1.34,2480.0,17.82,4.0,1,282.73
p2_S1_N1.34,2480.0,23.16,8.0,1,286.26
p2_N3_S3.33,2460.0,42.0,18.0,3,340.81
p2_W_E.46,2463.0,43.76,23.0,3,311.61
p2_W1_E1.47,2477.0,27.91,11.0,1,300.13
p2_W_E.49,2506.0,8.37,0.0,0,251.27
p2_W_E.48,2492.0,18.76,5.0,1,277.22
p2_W2_N2.11,2460.0,55.76,36.0,3,374.96
p2_S3_W3.11,2463.0,52.54,32.0,3,346.37
p2_S2_N2.34,2480.0,36.72,17.0,1,325.98
p2_W1_E1.48,2492.0,23.45,6.0,1,300.1
p2_E3_W3.114,2484.0,33.75,13.0,2,318.08
p2_W3_E3.48,2492.0,25.8,7.0,2,310.78
p2_E1_W1.117,2502.0,16.17,4.0,1,271.28
p2_W3_E3.49,2506.0,13.52,0.0,0,278.7
p2_N2_S2.34,2480.0,31.51,12.0,2,316.71
p2_E1_W1.118,2508.0,12.56,0.0,0,249.45
p2_E3_W3.118,2508.0,13.22,0.0,0,270.74
p2_E_W.115,2490.0,33.31,11.0,1,332.67
p2_E1_W1.119,2514.0,8.66,0.0,0,254.48
p2_E3_W3.115,2490.0,34.09,10.0,2,324.49
p2_E3_W3.112,2472.0,23.71,8.0,1,280.04
p2_E3_W3.116,2496.0,21.8,2.0,1,286.38
p2_E_W.117,2502.0,23.73,11.0,1,287.33
p2_E_W.114,2484.0,30.85,12.0,2,321.54
p2_E3_W3.117,2502.0,22.65,2.0,1,289.98
p2_E_W.113,2478.0,49.98,20.0,2,367.55
p2_E_W.116,2496.0,31.85,9.0,1,327.5
p2_E1_W1.120,2520.0,8.03,0.0,0,240.96
p2_W1_N3.11,2460.0,45.21,26.0,3,334.82
p2_N3_S3.35,2500.0,31.82,12.0,2,311.74
p2_N1_S1.35,2500.0,33.51,12.0,2,312.08
p2_S3_N3.35,2500.0,33.05,14.0,2,316.18
p2_S1_N1.35,2500.0,33.75,13.0,2,325.3
p2_S1_N1.36,2520.0,11.1,0.0,0,276.05
p2_E1_W1.115,2490.0,24.66,11.0,1,287.76
p2_N3_S3.34,2480.0,42.77,15.0,3,338.12
p2_E1_W1.116,2496.0,20.15,6.0,1,278.08
p2_W_E.50,2520.0,17.51,5.0,1,277.77
p2_S3_N3.34,2480.0,39.34,16.0,2,324.71
p2_E1_S1.11,2463.0,28.06,13.0,1,395.23
p2_N2_S2.35,2500.0,43.74,25.0,2,342.97
p2_N2_S2.36,2520.0,24.17,11.0,1,281.72
p2_W3_E3.50,2520.0,25.09,6.0,2,313.47
p2_W1_E1.49,2506.0,37.91,18.0,2,318.24
p2_E3_W3.119,2514.0,32.26,13.0,2,315.19
p2_W1_E1.50,2520.0,25.91,9.0,1,303.68
p2_N2_E2.12,2522.0,23.15,9.0,1,286.93
p2_E3_W3.120,2520.0,26.75,9.0,2,306.74
p2_E_W.119,2514.0,35.51,13.0,2,338.32
p2_E3_S3.13,2583.0,7.57,0.0,0,170.77
p2_E_W.118,2508.0,39.67,17.0,2,335.29
p2_E_W.120,2520.0,31.32,12.0,1,331.56
p2_S2_N2.35,2500.0,52.47,33.0,2,346.07
p2_S2_N2.36,2520.0,32.36,20.0,1,303.66
p2_E_W.121,2526.0,23.79,8.0,1,278.32
p2_N1_E3.11,2463.0,47.7,21.0,2,446.45
p2_E3_W3.122,2532.0,19.02,5.0,1,277.25
p2_W3_E3.47,2477.0,40.9,22.0,2,325.43
p2_S2_W2.12,2523.0,22.57,4.0,1,299.18
p2_W2_N2.12,2523.0,23.81,6.0,1,324.79
p2_W1_E1.52,2549.0,7.78,0.0,0,247.09
p2_E_W.123,2538.0,19.77,3.0,1,289.94
p2_W3_N1.12,2523.0,33.63,15.0,2,311.17
p2_E_W.122,2532.0,22.79,7.0,1,299.41
p2_W1_N3.12,2523.0,32.16,15.0,2,311.28
p2_S1_N1.37,2540.0,17.05,3.0,1,272.58
p2_N3_S3.37,2540.0,23.24,11.0,1,282.44
p2_N1_S1.36,2520.0,34.34,14.0,2,324.63
p2_S3_N3.36,2520.0,43.05,24.0,2,331.27
p2_E_W.124,2544.0,11.22,0.0,0,258.6
p2_N3_S3.36,2520.0,39.85,20.0,2,319.13
p2_E2_S2.12,2523.0,41.9,23.0,3,341.11
p2_N1_S1.37,2540.0,28.36,6.0,2,303.46
p2_N3_E1.13,2583.0,26.64,12.0,1,205.19
p2_W_E.51,2535.0,35.9,17.0,2,310.15
p2_S1_W1.12,2523.0,31.78,10.0,2,320.59
p2_S3_W3.12,2523.0,43.02,23.0,3,318.82
p2_E3_W3.121,2526.0,40.81,21.0,2,321.51
p2_W3_E3.51,2535.0,41.4,22.0,2,329.05
p2_E1_W1.121,2526.0,39.77,20.0,2,318.23
p2_E1_W1.122,2532.0,34.7,16.0,2,312.37
p2_W1_E1.51,2535.0,39.01,18.0,2,322.81
p2_E1_W1.123,2538.0,35.83,10.0,2,327.69
p2_S2_N2.38,2560.0,19.21,1.0,1,286.42
p2_E1_W1.124,2544.0,35.91,9.0,1,319.29
p2_E1_W1.126,2556.0,22.18,6.0,1,288.32
p2_E1_W1.125,2550.0,18.38,3.0,1,277.85
p2_E_W.126,2556.0,28.55,10.0,1,309.42
p2_E_W.128,2568.0,15.74,0.0,0,296.42
p2_N2_S2.37,2540.0,42.79,18.0,3,344.92
p2_W3_E3.53,2564.0,20.67,6.0,1,279.79
p2_E_W.127,2562.0,23.68,6.0,1,305.87
p2_E3_W3.123,2538.0,43.77,24.0,2,332.22
p2_S2_N2.37,2540.0,16.7,0.0,0,281.54
p2_N2_S2.38,2560.0,18.88,5.0,1,279.18
p2_E3_W3.127,2562.0,26.13,7.0,1,293.44
p2_W1_E1.53,2564.0,24.16,9.0,1,289.54
p2_E_W.130,2580.0,8.23,0.0,0,238.31
p2_E1_W1.128,2568.0,22.56,10.0,1,281.39
p2_E3_W3.124,2544.0,47.06,22.0,3,345.3
p2_W3_E3.52,2549.0,30.08,15.0,1,297.94
p2_W3_E3.54,2578.0,14.09,2.0,1,267.23
p2_E1_W1.130,2580.0,12.43,0.0,0,267.4
p2_E3_W3.125,2550.0,30.35,12.0,2,311.76
p2_E3_W3.128,2568.0,24.89,10.0,1,291.73
p2_E_W.129,2574.0,10.93,0.0,0,261.41
p2_W1_E1.54,2578.0,15.64,2.0,1,266.14
p2_W_E.52,2549.0,27.22,8.0,2,306.56
p2_E3_W3.126,2556.0,33.98,12.0,1,297.87
p2_E_W.125,2550.0,27.02,11.0,1,292.34
p2_S1_N1.38,2560.0,37.89,13.0,3,346.22
p2_E3_W3.130,2580.0,10.72,0.0,0,260.56
p2_N3_S3.38,2560.0,39.44,19.0,2,334.54
p2_S3_N3.38,2560.0,38.98,20.0,2,337.58
p2_E3_W3.129,2574.0,17.56,1.0,1,287.2
p2_E3_W3.131,2586.0,13.31,0.0,0,266.1
p2_W3_N1.13,2581.0,18.29,1.0,1,290.2
p2_E3_W3.132,2592.0,9.2,0.0,0,250.54
p2_N1_S1.38,2560.0,42.58,19.0,3,351.05
p2_N1_S1.39,2580.0,23.28,8.0,1,293.63
p2_E1_S1.12,2523.0,34.85,13.0,3,421.31
p2_S3_N3.37,2540.0,41.25,20.0,2,323.2
p2_E1_W1.129,2574.0,35.96,16.0,2,323.81
p2_E_W.131,2586.0,25.42,13.0,1,284.64
p2_W_E.55,2592.0,19.55,6.0,1,271.56
p2_W_E.54,2578.0,33.91,17.0,2,319.23
p2_S2_W2.13,2583.0,29.15,14.0,2,302.55
p2_N2_E2.13,2583.0,29.99,8.0,3,328.18
p2_E1_W1.127,2562.0,38.78,20.0,2,322.95
p2_S2_N2.39,2580.0,34.23,16.0,1,314.64
p2_E3_S3.14,2643.0,15.11,3.0,1,184.75
p2_E1_W1.132,2592.0,20.54,7.0,1,274.72
p2_E1_W1.131,2586.0,26.6,12.0,1,286.66
p2_N1_E3.12,2523.0,53.88,23.0,4,476.56
p2_S1_N1.39,2580.0,41.39,22.0,2,335.12
p2_N2_S2.39,2580.0,41.43,15.0,3,344.36
p2_W1_N3.13,2581.0,41.23,20.0,3,328.01
p2_S1_N1.40,2600.0,23.48,9.0,1,291.83
p2_W_E.53,2564.0,26.5,8.0,1,295.27
p2_N3_S3.39,2580.0,44.44,22.0,2,352.89
p2_E_W.132,2592.0,23.0,9.0,1,288.77
p2_E_W.133,2598.0,17.31,2.0,1,273.13
p2_E3_W3.133,2598.0,23.01,10.0,1,277.37
p2_S3_N3.39,2580.0,44.9,22.0,2,345.88
p2_N3_S3.40,2600.0,24.75,5.0,1,317.08
p2_S3_N3.40,2600.0,25.33,5.0,1,326.12
p2_E_W.134,2604.0,16.54,0.0,0,284.09
p2_E_W.136,2616.0,10.31,0.0,0,246.55
p2_E3_W3.134,2604.0,16.29,3.0,1,261.53
p2_S1_W1.13,2583.0,44.97,23.0,3,351.94
p2_E3_W3.136,2616.0,10.76,0.0,0,261.0
p2_S3_W3.13,2583.0,24.64,8.0,2,292.87
p2_W2_N2.13,2581.0,49.28,17.0,4,359.95
p2_E_W.135,2610.0,8.33,0.0,0,240.19
p2_E3_W3.137,2622.0,8.81,0.0,0,252.52
p2_E3_W3.135,2610.0,16.91,0.0,0,277.71
p2_N3_E1.14,2643.0,23.99,14.0,2,196.37
p2_E1_W1.133,2598.0,38.93,20.0,2,332.03
p2_E1_W1.134,2604.0,32.73,16.0,2,318.53
p2_E1_W1.136,2616.0,22.89,8.0,1,277.16
p2_W1_E1.57,2621.0,17.93,4.0,1,275.63
p2_E1_W1.135,2610.0,24.65,7.0,1,296.01
p2_S2_N2.41,2620.0,19.91,1.0,1,291.41
p2_E1_W1.137,2622.0,18.51,5.0,1,278.89
p2_N1_S1.40,2600.0,40.98,19.0,2,345.0
p2_E2_S2.13,2583.0,45.27,25.0,3,346.23
p2_W1_E1.55,2592.0,37.14,21.0,2,317.54
p2_W3_E3.56,2607.0,22.18,7.0,1,272.52
p2_W3_E3.55,2592.0,36.42,17.0,2,315.63
p2_S2_N2.40,2600.0,35.11,15.0,2,317.75
p2_W3_E3.57,2621.0,23.24,6.0,1,283.84
p2_W1_E1.56,2607.0,21.32,7.0,1,286.22
p2_N2_S2.40,2600.0,46.99,21.0,3,352.49
p2_N2_S2.41,2620.0,27.02,8.0,2,308.5
p2_W_E.56,2607.0,37.36,18.0,2,310.97
p2_E_W.138,2628.0,19.32,3.0,1,285.13
p2_E_W.137,2622.0,28.88,12.0,1,312.33
p2_W_E.57,2621.0,18.92,4.0,1,269.37
p2_S1_N1.42,2640.0,17.38,1.0,1,278.24
p2_N3_S3.42,2640.0,17.2,5.0,1,268.71
p2_S3_N3.42,2640.0,17.45,5.0,1,275.48
p2_N3_S3.41,2620.0,37.9,19.0,2,325.09
p2_S3_W3.14,2643.0,14.54,0.0,0,286.48
p2_E3_W3.139,2634.0,27.2,11.0,1,305.91
p2_S1_W1.14,2643.0,13.96,0.0,0,283.91
p2_E3_W3.138,2628.0,24.1,8.0,1,281.44
p2_E3_W3.140,2640.0,22.27,6.0,1,288.07
p2_W1_E1.58,2636.0,27.95,8.0,2,318.01
p2_W3_E3.59,2650.0,14.08,1.0,1,270.93
p2_E3_W3.142,2652.0,12.31,0.0,0,273.86
p2_W3_E3.58,2636.0,28.82,8.0,2,310.72
p2_E3_W3.141,2646.0,19.23,0.0,0,298.77
p2_W1_E1.59,2650.0,16.32,2.0,1,271.95
p2_E1_W1.139,2634.0,33.4,13.0,2,328.88
p2_E3_S3.15,2703.0,6.91,0.0,0,166.28
p2_E1_W1.138,2628.0,39.94,20.0,2,314.92
p2_W_E.59,2650.0,22.92,8.0,1,284.09
p2_N2_E2.14,2643.0,31.54,12.0,2,327.44
p2_W_E.58,2636.0,40.46,19.0,2,350.4
p2_S2_N2.42,2640.0,36.51,18.0,2,315.03
p2_W1_N3.14,2640.0,35.54,16.0,3,325.64
p2_W_E.60,2664.0,10.21,0.0,0,255.56
p2_S2_W2.14,2643.0,34.9,16.0,2,337.49
p2_E_W.140,2640.0,38.4,13.0,2,341.64
p2_E2_S2.14,2643.0,35.64,11.0,2,323.96
p2_E1_S1.13,2583.0,47.46,20.0,2,448.22
p2_E_W.139,2634.0,46.13,19.0,2,350.72
p2_N2_S2.42,2640.0,30.75,12.0,2,306.84
p2_N1_S1.41,2620.0,47.75,24.0,3,348.73
p2_W3_N1.14,2640.0,37.93,19.0,2,325.02
p2_E_W.142,2652.0,28.74,8.0,1,310.21
p2_N3_E1.15,2703.0,20.47,10.0,2,195.06
p2_S3_N3.41,2620.0,46.25,24.0,3,344.68
p2_E_W.144,2664.0,17.95,0.0,0,285.87
p2_N1_S1.43,2660.0,24.69,9.0,2,290.21
p2_S3_N3.43,2660.0,20.44,6.0,1,285.5
p2_S1_N1.44,2680.0,7.99,0.0,0,248.25
p2_S1_N1.41,2620.0,41.26,22.0,2,325.71
p2_E_W.141,2646.0,20.99,5.0,1,273.03
p2_E_W.143,2658.0,13.03,0.0,0,277.45
p2_W1_E1.61,2679.0,9.79,0.0,0,251.92
p2_S1_N1.43,2660.0,29.72,12.0,1,297.18
p2_W1_E1.60,2664.0,26.58,7.0,2,297.37
p2_W3_E3.60,2664.0,9.5,0.0,0,246.74
p2_E1_W1.140,2640.0,53.97,29.0,3,365.58
p2_E1_W1.141,2646.0,44.69,21.0,2,344.79
p2_E3_W3.144,2664.0,30.19,10.0,2,312.7
p2_E3_W3.146,2676.0,17.08,3.0,1,275.63
p2_E3_W3.145,2670.0,28.32,4.0,2,315.31
p2_W2_N2.14,2640.0,60.11,31.0,5,374.88
p2_E1_W1.142,2652.0,33.45,12.0,2,316.92
p2_E3_W3.143,2658.0,32.77,14.0,2,309.99
p2_E3_W3.147,2682.0,18.01,3.0,1,275.61
p2_E1_W1.143,2658.0,43.12,21.0,2,338.46
p2_N3_S3.43,2660.0,29.96,11.0,2,305.54
p2_E1_W1.144,2664.0,20.68,2.0,1,287.34
p2_E1_W1.145,2670.0,23.59,3.0,1,298.21
p2_E1_W1.146,2676.0,28.64,0.0,0,298.5
p2_E1_W1.147,2682.0,19.02,1.0,1,285.55
p2_N2_S2.43,2660.0,48.8,22.0,3,363.74
p2_N2_S2.44,2680.0,26.94,9.0,2,305.24
p2_E1_W1.149,2694.0,16.07,2.0,1,273.27
p2_N1_E3.13,2583.0,79.21,46.0,5,496.32
p2_E_W.145,2670.0,36.21,19.0,2,316.97
p2_E_W.147,2682.0,29.53,8.0,1,312.41
p2_W1_E1.62,2693.0,20.01,5.0,1,276.38
p2_E1_W1.148,2688.0,21.02,6.0,1,284.46
p2_N1_S1.45,2700.0,14.2,1.0,1,265.81
p2_E_W.146,2676.0,27.97,10.0,2,301.18
p2_N1_S1.44,2680.0,36.01,15.0,2,333.12
p2_E_W.148,2688.0,24.7,7.0,1,286.17
p2_N1_S1.42,2640.0,65.3,41.0,3,381.66
p2_S2_N2.44,2680.0,37.01,15.0,1,338.02
p2_E1_W1.150,2700.0,9.97,0.0,0,258.85
p2_S3_N3.44,2680.0,38.41,12.0,3,334.87
p2_S2_N2.43,2660.0,55.28,36.0,2,353.52
p2_W3_E3.61,2679.0,25.72,8.0,1,295.9
p2_S2_N2.45,2700.0,23.07,8.0,1,282.13
p2_W3_N1.15,2700.0,19.46,3.0,2,300.76
p2_W3_E3.63,2708.0,16.42,0.0,0,254.33
p2_W3_E3.62,2693.0,10.69,0.0,0,251.34
p2_W_E.61,2679.0,46.78,22.0,3,356.92
p2_W_E.62,2693.0,33.17,12.0,2,310.71
p2_E3_W3.149,2694.0,32.2,13.0,2,330.72
p2_N3_E1.16,2763.0,6.18,0.0,0,169.37
p2_E3_W3.148,2688.0,38.72,20.0,2,342.02
p2_S1_W1.15,2703.0,21.13,6.0,1,290.11
p2_E3_S3.16,2763.0,7.94,0.0,0,174.33
p2_E3_W3.151,2706.0,20.72,6.0,1,282.46
p2_N2_E2.15,2703.0,20.81,4.0,1,295.8
p2_E3_W3.152,2712.0,18.52,4.0,1,268.71
p2_E3_W3.150,2700.0,21.47,7.0,1,278.82
p2_W1_E1.63,2708.0,22.29,8.0,1,278.88
p2_N3_S3.44,2680.0,53.52,29.0,3,362.02
p2_S2_W2.15,2703.0,30.69,12.0,2,331.22
p2_E_W.149,2694.0,40.93,23.0,2,335.0
p2_N2_S2.46,2720.0,14.86,0.0,0,267.67
p2_N3_S3.45,2700.0,34.28,16.0,2,320.52
p2_W_E.64,2722.0,14.33,1.0,1,272.21
p2_N2_S2.45,2700.0,30.05,12.0,2,306.64
p2_W_E.63,2708.0,25.22,6.0,2,305.83
p2_N3_S3.46,2720.0,13.5,0.0,0,267.67
p2_E1_W1.151,2706.0,20.5,7.0,1,276.09
p2_E2_S2.15,2703.0,36.04,18.0,3,322.43
p2_W1_N3.15,2700.0,39.43,15.0,3,340.1
p2_E_W.151,2706.0,35.39,11.0,2,320.69
p2_E_W.150,2700.0,32.97,15.0,2,312.88
p2_E_W.152,2712.0,24.02,8.0,1,289.73
p2_N1_E3.14,2643.0,58.08,29.0,4,469.0
p2_N1_S1.46,2720.0,25.38,11.0,1,292.02
p2_W3_E3.65,2736.0,8.14,0.0,0,249.09
p2_W3_E3.64,2722.0,16.33,4.0,1,288.21
p2_S1_N1.46,2720.0,32.8,13.0,2,322.11
p2_W_E.65,2736.0,19.11,6.0,1,277.02
p2_E3_W3.153,2718.0,31.67,10.0,2,306.87
p2_S1_N1.45,2700.0,38.69,21.0,2,324.17
p2_S3_W3.15,2703.0,54.29,30.0,2,355.33
p2_W_E.66,2751.0,8.15,0.0,0,250.49
p2_E_W.153,2718.0,43.4,18.0,2,320.8
p2_E3_W3.154,2724.0,17.06,1.0,1,284.47
p2_E_W.155,2730.0,31.14,13.0,2,319.94
p2_E_W.156,2736.0,27.29,9.0,1,299.62
p2_E1_W1.152,2712.0,53.22,27.0,3,368.57
p2_W1_E1.64,2722.0,45.51,21.0,3,362.37
p2_E_W.154,2724.0,28.4,9.0,2,301.12
p2_E1_W1.155,2730.0,37.52,13.0,2,326.07
p2_W1_E1.65,2736.0,31.48,13.0,2,313.22
p2_E_W.157,2742.0,19.02,5.0,1,282.58
p2_W1_E1.66,2751.0,18.56,5.0,1,273.06
p2_E1_W1.153,2718.0,40.33,18.0,3,330.98
p2_E3_W3.155,2730.0,40.32,21.0,2,319.55
p2_E1_W1.156,2736.0,29.33,7.0,2,309.01
p2_E1_W1.154,2724.0,35.56,12.0,2,319.55
p2_W3_E3.66,2751.0,20.87,7.0,1,282.81
p2_E1_W1.157,2742.0,31.52,5.0,2,323.35
p2_W2_N2.15,2700.0,51.75,23.0,5,364.78
p2_N1_S1.48,2760.0,13.74,0.0,0,282.71
p2_E1_S1.14,2643.0,88.95,49.0,4,543.59
p2_N1_S1.47,2740.0,30.53,12.0,1,317.94
p2_E1_S1.15,2703.0,24.64,2.0,1,401.78
p2_S1_N1.47,2740.0,36.54,13.0,3,341.74
p2_S2_N2.46,2720.0,54.85,36.0,1,345.08
p2_N3_S3.48,2760.0,18.18,5.0,1,289.15
p2_N3_S3.47,2740.0,30.68,11.0,2,299.69
p2_S2_N2.47,2740.0,23.61,8.0,1,284.93
p2_S3_N3.45,2700.0,85.69,62.0,3,426.86
p2_N2_S2.47,2740.0,44.58,20.0,3,353.83
p2_E_W.158,2748.0,38.23,20.0,2,326.5
p2_N2_S2.48,2760.0,26.02,7.0,1,302.66
p2_W_E.67,2765.0,21.9,2.0,1,304.38
p2_S3_N3.46,2720.0,58.12,36.0,3,360.68
p2_S3_N3.47,2740.0,47.68,25.0,2,348.93
p2_E3_W3.157,2742.0,46.54,19.0,3,351.17
p2_W_E.68,2780.0,7.79,0.0,0,239.03
p2_E3_W3.159,2754.0,36.51,14.0,2,324.47
p2_E2_S2.16,2763.0,28.01,11.0,2,306.25
p2_E1_W1.162,2772.0,19.35,5.0,1,286.99
p2_E1_W1.160,2760.0,31.78,12.0,2,314.64
p2_S3_N3.48,2760.0,32.5,14.0,2,313.39
p2_E3_W3.156,2736.0,43.94,20.0,3,344.36
p2_E_W.159,2754.0,29.29,9.0,1,298.68
p2_S3_W3.16,2763.0,28.14,5.0,3,312.66
p2_E_W.161,2766.0,27.48,8.0,2,290.59
p2_W3_E3.67,2765.0,27.03,12.0,1,299.84
p2_E1_W1.161,2766.0,27.89,5.0,1,314.9
p2_E3_W3.161,2766.0,28.56,13.0,1,304.38
p2_E3_W3.158,2748.0,46.75,13.0,2,341.35
p2_E3_W3.160,2760.0,29.31,8.0,1,295.76
p2_E3_W3.163,2778.0,18.42,2.0,1,284.39
p2_E3_W3.162,2772.0,26.13,6.0,1,312.28
p2_W3_E3.68,2780.0,17.87,4.0,1,266.24
p2_N3_E1.17,2823.0,14.68,5.0,1,181.96
p2_N1_E3.15,2703.0,49.63,22.0,2,452.51
p2_E1_W1.158,2748.0,32.33,13.0,2,308.98
p2_E_W.160,2760.0,20.25,5.0,1,276.35
p2_W2_N2.16,2760.0,41.65,19.0,3,337.67
p2_W1_E1.68,2780.0,18.83,4.0,1,282.45
p2_N1_S1.49,2780.0,18.77,4.0,1,289.79
p2_E1_W1.159,2754.0,20.1,4.0,1,291.09
p2_W1_E1.67,2765.0,20.22,1.0,1,295.82
p2_S1_N1.48,2760.0,46.13,17.0,2,355.37
p2_W3_N1.16,2760.0,35.54,13.0,3,331.23
p2_S1_W1.16,2763.0,44.51,20.0,4,352.1
p2_N2_E2.16,2763.0,45.49,17.0,4,356.23
p2_E3_S3.17,2823.0,15.66,3.0,1,175.61
p2_S2_W2.16,2763.0,41.2,16.0,3,330.67
p2_N2_S2.49,2780.0,31.46,11.0,2,308.54
p2_W_E.69,2794.0,18.19,2.0,1,289.43
p2_S1_N1.49,2780.0,19.15,0.0,0,283.12
p2_W1_N3.16,2760.0,38.88,18.0,3,329.4
p2_E1_W1.167,2802.0,14.2,0.0,0,272.83
p2_E3_W3.164,2784.0,23.1,9.0,1,287.72
p2_E1_W1.165,2790.0,20.73,7.0,1,275.55
p2_E1_W1.168,2808.0,8.18,0.0,0,242.75
p2_S2_N2.48,2760.0,43.37,21.0,3,341.03
p2_E_W.162,2772.0,51.24,25.0,4,345.62
p2_N3_S3.49,2780.0,34.35,14.0,2,320.26
p2_E_W.164,2784.0,39.65,17.0,3,344.19
p2_E3_W3.166,2796.0,21.79,7.0,1,274.96
p2_E_W.163,2778.0,47.28,21.0,3,361.2
p2_W1_E1.69,2794.0,31.05,7.0,2,327.14
p2_E_W.166,2796.0,29.47,10.0,2,316.9
p2_E1_W1.166,2796.0,16.67,0.0,0,274.29
p2_W1_E1.70,2808.0,14.51,1.0,1,263.09
p2_E1_W1.169,2814.0,12.21,0.0,0,263.78
p2_E_W.165,2790.0,37.11,9.0,2,339.34
p2_E_W.167,2802.0,25.48,5.0,1,299.33
p2_E3_W3.167,2802.0,15.57,2.0,1,269.18
p2_W3_E3.70,2808.0,20.53,2.0,2,292.7
p2_E1_W1.163,2778.0,24.95,11.0,1,292.57
p2_E1_W1.164,2784.0,32.75,13.0,1,312.61
p2_E3_W3.168,2808.0,16.74,0.0,0,276.21
p2_W3_E3.69,2794.0,22.71,6.0,1,290.87
p2_E3_W3.165,2790.0,20.65,5.0,1,282.8
p2_N1_S1.50,2800.0,31.56,10.0,1,335.54
p2_S3_N3.50,2800.0,37.74,18.0,2,329.99
p2_W_E.70,2808.0,30.47,14.0,2,313.38
p2_S3_N3.49,2780.0,55.29,35.0,2,346.66
p2_N2_E2.17,2823.0,12.82,0.0,0,268.88
p2_S1_N1.50,2800.0,39.23,15.0,3,343.0
p2_S1_N1.51,2820.0,19.02,4.0,1,284.54
p2_S2_W2.17,2823.0,17.23,0.0,0,295.93
p2_S2_N2.49,2780.0,59.62,42.0,2,352.78
p2_S2_N2.50,2800.0,40.86,20.0,2,329.04
p2_N2_S2.51,2820.0,21.36,7.0,1,284.89
p2_W_E.71,2823.0,20.99,0.0,0,295.96
p2_W2_N2.17,2820.0,20.43,3.0,2,299.33
p2_W_E.72,2837.0,8.11,0.0,0,243.57
p2_W3_E3.71,2823.0,24.55,11.0,1,292.9
p2_N3_E1.18,2883.0,6.52,0.0,0,162.18
p2_N2_S2.50,2800.0,29.88,12.0,2,310.98
p2_E_W.168,2808.0,42.0,19.0,3,346.58
p2_S3_W3.17,2823.0,20.66,8.0,1,283.83
p2_E3_W3.170,2820.0,22.89,5.0,2,300.78
p2_W1_E1.71,2823.0,28.62,9.0,2,310.43
p2_E3_W3.169,2814.0,38.74,17.0,2,339.01
p2_E1_W1.173,2838.0,11.05,0.0,0,260.12
p2_E3_S3.18,2883.0,9.78,0.0,0,170.43
p2_E_W.169,2814.0,25.51,6.0,2,291.83
p2_E1_W1.170,2820.0,30.64,11.0,1,329.44
p2_E3_W3.172,2832.0,21.76,0.0,0,308.8
p2_E_W.171,2826.0,29.26,12.0,1,284.44
p2_E1_W1.172,2832.0,19.19,3.0,1,274.25
p2_N3_S3.50,2800.0,58.4,35.0,3,373.86
p2_E3_W3.171,2826.0,14.03,0.0,0,281.44
p2_N1_S1.52,2840.0,18.9,6.0,1,279.67
p2_E_W.175,2850.0,9.46,0.0,0,262.76
p2_E_W.173,2838.0,19.38,4.0,1,277.2
p2_N1_E3.16,2763.0,53.95,27.0,3,465.64
p2_W1_N3.17,2820.0,36.86,13.0,3,336.22
p2_N3_S3.51,2820.0,34.99,10.0,2,320.96
p2_S3_N3.51,2820.0,33.98,15.0,2,311.69
p2_W3_E3.72,2837.0,32.02,12.0,2,311.23
p2_W3_E3.73,2852.0,17.24,4.0,1,270.31
p2_S2_N2.51,2820.0,42.56,26.0,1,314.93
p2_E1_W1.171,2826.0,13.42,0.0,0,271.89
p2_W3_N1.17,2820.0,51.13,21.0,3,360.37
p2_S2_N2.52,2840.0,22.54,3.0,1,296.72
p2_E3_W3.174,2844.0,27.31,10.0,1,300.82
p2_N1_S1.51,2820.0,28.51,11.0,1,307.32
p2_E3_W3.173,2838.0,33.75,12.0,1,317.0
p2_S1_N1.52,2840.0,32.03,10.0,2,314.42
p2_S1_W1.17,2823.0,52.66,27.0,4,361.4
p2_W1_E1.72,2837.0,39.93,20.0,2,325.53
p2_W1_E1.73,2852.0,25.55,10.0,1,302.62
p2_E3_W3.176,2856.0,19.26,3.0,1,287.09
p2_E_W.176,2856.0,23.49,10.0,1,287.33
p2_W1_E1.74,2866.0,12.84,0.0,0,265.64
p2_E3_W3.177,2862.0,13.45,0.0,0,268.12
p2_N2_S2.52,2840.0,32.79,11.0,2,313.36
p2_E1_W1.174,2844.0,37.81,15.0,3,336.19
p2_E1_W1.175,2850.0,34.76,10.0,3,336.28
p2_E_W.172,2832.0,41.74,18.0,3,320.76
p2_E1_W1.176,2856.0,31.16,3.0,2,329.89
p2_E1_W1.177,2862.0,24.7,2.0,2,311.33
p2_E1_W1.178,2868.0,20.49,0.0,0,297.44
p2_E_W.178,2868.0,17.36,3.0,1,280.57
p2_E_W.170,2820.0,39.88,20.0,2,323.02
p2_E_W.174,2844.0,42.31,12.0,2,350.69
p2_E3_W3.178,2868.0,8.63,0.0,0,242.52
p2_E3_W3.179,2874.0,8.35,0.0,0,240.66
p2_S2_N2.53,2860.0,31.18,15.0,1,325.21
p2_N3_S3.52,2840.0,52.8,27.0,3,360.16
p2_W_E.73,2852.0,35.51,12.0,3,335.96
p2_S2_N2.54,2880.0,12.76,0.0,0,267.51
p2_N1_S1.54,2880.0,15.11,2.0,1,292.76
p2_E1_S1.16,2763.0,62.25,28.0,4,496.93
p2_E2_S2.17,2823.0,52.38,29.0,4,358.28
p2_S1_N1.53,2860.0,37.94,12.0,3,342.22
p2_S3_N3.53,2860.0,39.84,22.0,2,331.73
p2_S3_N3.52,2840.0,56.04,35.0,3,375.77
p2_S3_N3.54,2880.0,22.5,8.0,1,277.02
p2_N1_S1.53,2860.0,20.46,6.0,1,281.93
p2_N2_S2.54,2880.0,25.22,9.0,1,297.57
p2_W3_E3.74,2866.0,38.23,19.0,2,321.34
p2_N2_S2.53,2860.0,41.05,20.0,2,337.07
p2_S2_W2.18,2883.0,23.59,8.0,1,298.02
p2_E3_W3.181,2886.0,21.5,7.0,1,280.73
p2_N3_E1.19,2943.0,6.7,0.0,0,168.15
p2_E3_W3.175,2850.0,55.62,23.0,4,395.04
p2_E_W.179,2874.0,28.57,13.0,1,313.66
p2_W3_E3.75,2880.0,21.44,7.0,1,277.71
p2_N1_E3.17,2822.0,44.7,18.0,3,440.34
p2_E1_W1.179,2874.0,36.23,12.0,3,333.86
p2_E_W.177,2862.0,38.04,18.0,2,322.27
p2_E3_W3.180,2880.0,19.44,4.0,1,276.91
p2_E_W.181,2886.0,25.3,11.0,1,293.3
p2_E1_W1.181,2886.0,22.25,1.0,1,300.68
p2_E1_W1.180,2880.0,21.61,3.0,2,297.51
p2_E3_W3.182,2892.0,23.19,10.0,1,290.03
p2_E3_S3.19,2943.0,13.24,2.0,1,177.4
p2_W1_E1.75,2880.0,24.71,5.0,2,298.74
p2_E_W.180,2880.0,20.02,7.0,1,276.16
p2_W_E.76,2895.0,22.34,4.0,1,291.0
p2_W2_N2.18,2883.0,34.31,15.0,2,333.87
p2_W1_N3.18,2883.0,33.8,12.0,3,335.13
p2_W1_E1.76,2895.0,23.9,6.0,2,280.34
p2_W3_E3.76,2895.0,21.79,8.0,1,280.26
p2_W_E.74,2866.0,44.1,20.0,3,341.47
p2_E2_S2.18,2883.0,38.09,18.0,1,342.68
p2_N1_S1.55,2900.0,21.08,4.0,1,303.72
p2_W_E.75,2880.0,33.28,6.0,3,321.76
p2_S2_N2.55,2900.0,23.87,12.0,1,286.6
p2_S1_W1.18,2883.0,41.9,12.0,2,341.05
p2_S1_N1.54,2880.0,35.51,12.0,2,333.42
p2_W3_N1.18,2883.0,31.01,9.0,2,325.89
p2_S1_N1.55,2900.0,28.71,3.0,1,298.42
p2_N3_S3.53,2860.0,48.18,26.0,3,351.75
p2_S3_N3.55,2900.0,30.24,18.0,1,293.28
p2_N3_S3.55,2900.0,23.82,9.0,1,293.28
p2_N2_S2.55,2900.0,25.2,5.0,1,307.02
p2_E3_W3.183,2898.0,30.95,11.0,2,314.76
p2_N2_E2.18,2883.0,24.36,9.0,1,294.37
p2_E1_W1.183,2898.0,39.0,13.0,3,350.42
p2_E1_W1.185,2910.0,26.75,1.0,1,318.74
p2_E3_W3.184,2904.0,22.78,8.0,1,287.84
p2_E3_W3.185,2910.0,29.02,9.0,1,294.74
p2_S3_W3.18,2883.0,57.01,23.0,3,388.05
p2_E1_W1.186,2916.0,21.35,2.0,1,299.36
p2_E1_W1.187,2922.0,13.41,0.0,0,280.91
p2_W3_E3.78,2924.0,16.31,5.0,1,268.75
p2_E1_S1.17,2823.0,50.07,17.0,4,463.52
p2_E3_W3.187,2922.0,18.89,5.0,1,295.28
p2_E1_W1.188,2928.0,13.66,0.0,0,276.69
p2_W1_E1.77,2909.0,34.41,13.0,2,316.26
p2_W1_E1.78,2924.0,19.94,6.0,1,278.83
p2_W_E.77,2909.0,39.39,15.0,2,343.09
p2_E1_W1.182,2892.0,30.65,9.0,1,325.59
p2_E_W.182,2892.0,46.04,19.0,3,349.56
p2_E1_W1.184,2904.0,19.64,0.0,0,291.02
p2_W3_E3.77,2909.0,20.69,6.0,1,279.73
p2_E3_W3.186,2916.0,14.93,0.0,0,269.77
p2_E_W.183,2898.0,41.92,19.0,2,337.4
p2_W_E.78,2924.0,23.81,10.0,1,282.75
p2_S1_N1.57,2940.0,12.56,0.0,0,271.56
p2_E_W.185,2910.0,42.75,15.0,2,336.21
p2_S1_N1.56,2920.0,31.57,14.0,2,319.09
p2_E_W.187,2922.0,31.28,6.0,1,313.63
p2_E_W.184,2904.0,31.92,12.0,2,307.21
p2_S2_N2.56,2920.0,35.4,16.0,1,318.61
p2_N1_S1.57,2940.0,15.42,0.0,0,286.02
p2_S2_N2.57,2940.0,15.43,2.0,1,275.16
p2_N1_S1.56,2920.0,33.48,12.0,2,331.3
p2_E_W.188,2928.0,27.06,6.0,1,307.0
p2_E_W.186,2916.0,41.07,12.0,2,337.62
p2_S3_N3.56,2920.0,37.93,20.0,2,324.02
p2_N3_S3.57,2940.0,18.1,5.0,1,276.65
p2_N3_S3.56,2920.0,39.99,21.0,2,339.25
p2_N2_S2.56,2920.0,41.04,18.0,3,339.25
p2_N3_S3.54,2880.0,63.72,38.0,3,362.73
p2_E1_W1.191,2946.0,22.0,1.0,1,296.55
p2_E1_W1.190,2940.0,22.86,5.0,2,302.71
p2_W1_E1.80,2952.0,17.07,4.0,1,265.05
p2_W3_E3.80,2952.0,20.28,2.0,1,296.8
p2_E1_W1.189,2934.0,27.14,8.0,1,303.22
p2_E_W.190,2940.0,33.35,17.0,2,325.9
p2_E3_W3.189,2934.0,40.29,17.0,3,347.4
p2_E3_S3.20,3003.0,13.9,2.0,1,185.46
p2_E3_W3.188,2928.0,46.73,24.0,3,360.47
p2_W_E.79,2938.0,36.79,13.0,3,339.8
p2_E_W.189,2934.0,34.38,15.0,2,311.81
p2_E_W.191,2946.0,29.78,11.0,2,314.58
p2_W_E.80,2952.0,19.94,3.0,1,284.73
p2_W1_E1.79,2938.0,20.05,1.0,1,291.95
p2_E3_W3.190,2940.0,36.94,11.0,2,340.16
p2_E3_W3.191,2946.0,30.8,10.0,2,317.35
p2_E_W.193,2958.0,16.08,1.0,1,268.77
p2_W3_E3.81,2967.0,10.92,0.0,0,266.27
p2_E1_S1.18,2883.0,52.58,18.0,3,453.13
p2_W3_E3.79,2938.0,16.81,3.0,1,286.79
p2_E3_W3.192,2952.0,26.91,7.0,2,314.88
p2_W1_N3.19,2941.0,38.56,18.0,3,337.29
p2_N2_E2.19,2943.0,36.6,16.0,3,329.34
p2_W3_N1.19,2941.0,38.91,18.0,2,320.28
p2_S3_W3.19,2943.0,38.09,21.0,2,313.72
p2_S2_N2.58,2960.0,21.89,4.0,1,301.36
p2_S3_N3.57,2940.0,43.15,25.0,2,331.18
p2_S1_N1.58,2960.0,23.85,10.0,1,285.44
p2_S3_N3.58,2960.0,24.33,8.0,1,304.03
p2_W2_N2.19,2941.0,30.23,11.0,3,312.73
p2_S2_W2.19,2943.0,28.62,12.0,1,287.56
p2_S1_W1.19,2943.0,43.43,20.0,2,342.18
p2_E2_S2.19,2943.0,35.91,11.0,3,315.98
p2_E1_W1.196,2976.0,15.15,0.0,0,281.37
p2_N3_E1.20,3003.0,26.38,12.0,2,195.97
p2_N1_S1.58,2960.0,32.89,12.0,2,323.79
p2_N2_S2.58,2960.0,32.67,9.0,3,316.93
p2_E1_W1.197,2982.0,10.77,0.0,0,258.61
p2_E1_W1.195,2970.0,24.47,7.0,1,288.26
p2_N3_S3.58,2960.0,35.5,10.0,3,337.21
p2_W1_E1.81,2967.0,22.01,2.0,1,305.19
p2_W1_E1.82,2981.0,14.38,2.0,1,269.96
p2_N2_S2.57,2940.0,41.7,16.0,3,328.81
p2_E1_W1.198,2988.0,8.75,0.0,0,242.82
p2_N1_E3.18,2883.0,72.05,43.0,4,500.85
p2_E_W.192,2952.0,53.0,27.0,3,368.41
p2_E1_W1.193,2958.0,30.17,11.0,1,301.84
p2_E_W.194,2964.0,40.78,23.0,2,340.84
p2_E3_W3.194,2964.0,41.21,16.0,3,347.07
p2_W_E.82,2981.0,24.06,10.0,1,300.09
p2_E1_W1.194,2964.0,42.41,11.0,1,319.69
p2_E3_W3.193,2958.0,46.55,24.0,3,348.78
p2_E1_W1.192,2952.0,26.35,12.0,1,282.85
p2_E3_W3.195,2970.0,38.05,9.0,2,334.74
p2_E3_W3.197,2982.0,27.78,5.0,1,307.87
p2_W3_E3.82,2981.0,16.97,4.0,1,263.54
p2_E3_W3.198,2988.0,23.66,0.0,0,304.86
p2_E3_W3.196,2976.0,21.19,2.0,1,295.94
p2_S3_N3.60,3000.0,15.19,2.0,1,270.63
p2_S2_N2.59,2980.0,37.32,18.0,2,323.97
p2_N2_S2.59,2980.0,38.43,18.0,2,330.66
p2_S1_N1.60,3000.0,13.49,0.0,0,269.66
p2_N2_S2.60,3000.0,19.39,5.0,1,273.55
p2_S1_W1.20,3003.0,17.08,1.0,1,291.65
p2_E1_S1.19,2943.0,24.01,0.0,0,397.19
p2_N1_S1.59,2980.0,39.12,17.0,3,332.96
p2_S3_N3.59,2980.0,25.33,7.0,1,309.17
p2_W1_E1.83,2996.0,30.4,7.0,2,331.13
p2_W3_E3.84,3010.0,17.75,1.0,1,291.51
p2_W1_E1.84,3010.0,14.55,1.0,1,266.63
p2_W_E.83,2996.0,35.23,15.0,2,320.67
p2_W3_E3.83,2996.0,28.08,9.0,2,301.82
p2_E1_W1.199,2994.0,26.08,6.0,2,302.55
p2_E3_S3.21,3063.0,13.12,3.0,1,175.27
p2_E_W.195,2970.0,48.9,26.0,3,348.81
p2_S1_N1.59,2980.0,16.92,0.0,0,285.34
p2_E1_W1.201,3006.0,16.8,3.0,1,277.21
p2_W_E.81,2967.0,53.88,30.0,3,350.89
p2_N3_S3.60,3000.0,36.44,19.0,2,319.09
p2_W1_N3.20,3000.0,35.64,12.0,2,340.45
p2_W_E.84,3010.0,18.07,3.0,1,279.01
p2_E_W.196,2976.0,41.2,19.0,2,330.83
p2_E_W.197,2982.0,49.99,19.0,2,372.36
p2_E3_W3.200,3000.0,36.73,14.0,3,346.01
p2_S3_W3.20,3003.0,31.66,12.0,2,320.16
p2_N3_S3.59,2980.0,58.36,35.0,3,371.28
p2_E_W.198,2988.0,50.54,16.0,2,345.5
p2_E_W.199,2994.0,44.34,16.0,2,343.79
p2_E3_W3.199,2994.0,44.53,17.0,3,354.7
p2_E1_W1.202,3012.0,20.27,3.0,1,286.61
p2_E3_W3.203,3018.0,21.12,2.0,1,299.24
p2_E1_W1.200,3000.0,29.76,6.0,2,301.27
p2_E_W.200,3000.0,40.39,10.0,2,325.85
p2_W3_N1.20,3000.0,40.06,16.0,3,335.63
p2_E_W.201,3006.0,28.24,7.0,2,330.3
p2_S1_N1.61,3020.0,21.39,5.0,1,302.62
p2_S3_N3.61,3020.0,21.27,6.0,1,278.16
p2_E_W.202,3012.0,25.52,2.0,2,314.5
p2_E_W.203,3018.0,17.54,0.0,0,282.01
p2_N3_S3.61,3020.0,21.68,9.0,1,281.85
p2_S2_W2.20,3003.0,40.58,23.0,2,314.8
p2_N3_E1.21,3063.0,24.01,11.0,2,199.09
p2_E3_W3.201,3006.0,19.06,1.0,1,282.81
p2_W3_E3.85,3024.0,25.36,13.0,1,288.58
p2_N2_S2.61,3020.0,22.57,5.0,1,299.19
p2_S2_N2.61,3020.0,33.58,14.0,2,312.85
p2_W1_E1.85,3024.0,29.32,10.0,2,311.87
p2_E1_W1.204,3024.0,29.05,9.0,2,313.96
p2_W1_E1.86,3039.0,14.29,1.0,1,273.58
p2_N1_S1.61,3020.0,34.56,13.0,2,323.71
p2_W2_N2.20,3000.0,47.12,24.0,3,352.35
p2_W3_E3.86,3039.0,10.4,0.0,0,267.96
p2_E1_W1.203,3018.0,31.91,13.0,2,301.35
p2_E1_W1.205,3030.0,25.19,5.0,1,307.02
p2_E1_W1.206,3036.0,15.76,0.0,0,268.27
p2_E_W.206,3036.0,23.49,3.0,1,292.12
p2_E1_W1.207,3042.0,11.99,0.0,0,260.54
p2_W3_E3.87,3053.0,7.98,0.0,0,242.18
p2_W_E.86,3039.0,23.56,8.0,1,296.4
p2_S2_N2.60,3000.0,36.73,19.0,2,317.94
p2_N2_E2.20,3003.0,58.04,31.0,4,375.31
p2_N1_S1.60,3000.0,38.46,15.0,3,329.35
p2_E_W.205,3030.0,26.69,5.0,2,299.13
p2_W_E.85,3024.0,33.49,14.0,2,312.21
p2_E_W.204,3024.0,23.71,8.0,1,285.28
p2_E3_W3.205,3030.0,37.69,19.0,2,331.15
p2_E_W.207,3042.0,15.61,1.0,1,279.11
p2_E3_W3.207,3042.0,25.8,5.0,1,303.14
p2_N1_E3.19,2942.0,41.22,9.0,3,436.21
p2_E3_W3.208,3048.0,20.53,5.0,1,305.27
p2_E2_S2.20,3003.0,67.53,37.0,4,391.33
p2_S1_N1.62,3040.0,32.44,17.0,1,312.39
p2_N3_S3.62,3040.0,31.58,14.0,2,310.31
p2_S1_N1.63,3060.0,12.8,0.0,0,277.43
p2_N2_S2.62,3040.0,35.54,15.0,2,316.0
p2_E3_W3.206,3036.0,24.95,5.0,2,297.12
p2_S3_N3.62,3040.0,34.77,21.0,1,292.96
p2_E3_W3.209,3054.0,16.66,2.0,1,279.26
p2_N2_S2.63,3060.0,15.99,4.0,1,276.25
p2_S1_W1.21,3063.0,12.01,0.0,0,267.98
p2_E3_W3.204,3024.0,38.39,11.0,1,315.15
p2_S2_N2.62,3040.0,39.98,21.0,2,327.13
p2_S2_N2.63,3060.0,15.48,3.0,1,269.29
p2_E3_W3.202,3012.0,27.2,7.0,2,311.43
p2_E3_W3.210,3060.0,25.24,12.0,1,278.55
p2_E3_W3.211,3066.0,18.93,5.0,1,276.28
p2_E_W.210,3060.0,25.68,4.0,1,295.86
p2_W3_E3.88,3068.0,12.49,0.0,0,275.09
p2_E_W.209,3054.0,33.74,15.0,2,312.67
p2_W1_E1.87,3053.0,36.06,18.0,2,320.97
p2_E1_W1.209,3054.0,35.31,16.0,2,318.18
p2_N2_E2.21,3062.0,26.15,8.0,2,305.22
p2_W3_E3.89,3082.0,7.67,0.0,0,243.31
p2_E1_W1.208,3048.0,39.05,21.0,2,325.58
p2_W_E.87,3053.0,29.55,13.0,2,302.92
p2_E1_W1.211,3066.0,25.31,10.0,1,290.48
p2_W1_E1.88,3068.0,22.98,8.0,1,285.71
p2_W_E.88,3068.0,22.91,2.0,1,305.83
p2_E1_W1.210,3060.0,33.16,10.0,1,324.95
p2_E_W.211,3066.0,13.95,0.0,0,267.16
p2_E3_S3.22,3123.0,13.94,4.0,1,176.6
p2_E_W.212,3072.0,12.15,0.0,0,274.36
p2_N1_S1.62,3040.0,55.82,30.0,3,370.35
p2_E_W.208,3048.0,25.36,9.0,1,299.92
p2_W3_N1.21,3060.0,37.24,13.0,3,340.32
p2_E_W.213,3078.0,10.85,0.0,0,255.96
p2_E1_S1.20,3003.0,50.96,21.0,3,465.58
p2_W1_N3.21,3060.0,26.4,8.0,1,319.79
p2_N1_S1.64,3080.0,19.49,4.0,1,284.81
p2_S3_N3.63,3060.0,39.91,20.0,2,346.62
p2_S1_N1.64,3080.0,20.52,6.0,1,274.77
p2_S3_N3.64,3080.0,20.09,5.0,1,297.12
p2_N3_E1.22,3123.0,22.7,11.0,2,195.15
p2_E2_S2.21,3063.0,27.54,5.0,1,317.6
p2_W2_N2.21,3060.0,45.47,22.0,3,350.28
p2_N3_S3.63,3060.0,48.52,23.0,3,362.99
p2_N3_S3.64,3080.0,28.24,10.0,2,300.08
p2_N2_S2.64,3080.0,29.55,11.0,2,314.49
p2_S2_N2.64,3080.0,29.52,10.0,2,314.5
p2_N1_S1.63,3060.0,28.67,8.0,1,311.57
p2_E3_W3.213,3078.0,33.69,12.0,2,329.85
p2_E3_W3.214,3084.0,29.14,8.0,1,303.17
p2_W1_E1.89,3082.0,32.96,16.0,2,315.03
p2_E3_W3.216,3096.0,18.89,6.0,1,277.35
p2_S3_W3.21,3063.0,44.55,20.0,3,334.53
p2_E3_W3.212,3072.0,44.9,22.0,2,339.25
p2_E1_W1.213,3078.0,35.71,17.0,2,325.35
p2_E1_W1.214,3084.0,34.21,11.0,2,328.21
p2_S2_W2.21,3063.0,55.04,34.0,2,347.95
p2_W1_E1.90,3096.0,15.09,2.0,1,266.06
p2_N1_E3.20,3003.0,74.55,36.0,6,529.24
p2_E_W.215,3090.0,32.39,13.0,2,321.7
p2_E3_W3.215,3090.0,19.32,5.0,1,275.77
p2_W3_E3.90,3096.0,24.06,5.0,2,304.48
p2_E_W.214,3084.0,38.9,19.0,2,323.19
p2_W_E.90,3096.0,25.85,12.0,1,296.68
p2_S1_N1.65,3100.0,23.19,10.0,1,292.69
p2_W3_E3.91,3111.0,12.35,0.0,0,258.72
p2_E_W.218,3108.0,16.37,3.0,1,273.44
p2_E_W.216,3096.0,26.28,8.0,1,296.87
p2_W_E.89,3082.0,34.6,16.0,2,319.88
p2_N1_S1.65,3100.0,31.8,9.0,2,339.13
p2_S3_N3.65,3100.0,32.69,10.0,2,345.14
p2_S2_N2.65,3100.0,35.05,18.0,2,321.92
p2_E1_W1.217,3102.0,32.4,13.0,1,312.69
p2_E1_W1.212,3072.0,60.22,35.0,4,365.82
p2_E1_W1.216,3096.0,46.42,20.0,3,338.42
p2_N3_S3.65,3100.0,27.5,10.0,2,305.2
p2_E1_W1.218,3108.0,36.26,12.0,1,336.08
p2_E1_W1.215,3090.0,41.18,22.0,2,320.39
p2_E3_W3.217,3102.0,42.91,17.0,3,349.77
p2_E3_W3.218,3108.0,34.29,13.0,3,335.76
p2_W1_E1.91,3111.0,26.19,7.0,2,303.88
p2_E1_W1.219,3114.0,29.02,6.0,2,312.91
p2_E1_W1.220,3120.0,20.17,2.0,1,301.36
p2_E_W.217,3102.0,35.38,17.0,2,310.3
p2_E3_W3.220,3120.0,26.86,5.0,1,313.82
p2_W_E.91,3111.0,37.57,19.0,2,323.62
p2_E_W.219,3114.0,34.44,14.0,2,324.98
p2_N2_S2.66,3120.0,27.92,9.0,2,308.21
p2_N2_S2.65,3100.0,44.35,19.0,3,355.0
p2_E3_W3.219,3114.0,27.07,3.0,1,318.47
p2_E3_W3.222,3132.0,16.62,0.0,0,284.05
p2_E3_W3.223,3138.0,12.35,0.0,0,265.05
p2_E1_W1.221,3126.0,10.59,0.0,0,265.85
p2_N1_E3.21,3063.0,45.97,19.0,3,458.81
p2_W3_N1.22,3120.0,30.92,14.0,2,311.88
p2_E3_W3.221,3126.0,14.22,0.0,0,280.82
p2_W3_E3.92,3125.0,21.9,8.0,1,276.9
p2_W1_N3.22,3120.0,25.83,7.0,2,300.15
p2_E_W.220,3120.0,19.42,4.0,1,281.19
p2_S1_W1.22,3123.0,30.26,10.0,2,319.37
p2_W3_E3.93,3140.0,18.59,5.0,1,284.18
p2_N1_S1.66,3120.0,27.66,9.0,2,308.1
p2_S1_N1.66,3120.0,28.7,9.0,2,307.69
p2_S3_N3.66,3120.0,41.23,21.0,1,338.62
p2_W_E.92,3125.0,16.95,1.0,1,274.4
p2_S1_N1.67,3140.0,14.15,0.0,0,281.14
p2_S3_N3.67,3140.0,20.66,2.0,1,311.09
p2_W2_N2.22,3120.0,37.56,15.0,3,346.7
p2_N1_S1.67,3140.0,13.59,0.0,0,271.1
p2_S2_N2.66,3120.0,37.23,18.0,2,325.92
p2_E3_S3.23,3183.0,21.78,6.0,2,197.65
p2_S2_N2.67,3140.0,26.81,7.0,2,296.97
p2_N3_S3.67,3140.0,26.81,7.0,2,319.52
p2_N3_E1.23,3183.0,27.46,14.0,2,204.66
p2_N3_S3.66,3120.0,38.09,18.0,2,324.9
p2_S3_W3.22,3123.0,47.4,29.0,3,345.66
p2_E_W.222,3132.0,36.26,8.0,2,324.11
p2_E_W.223,3138.0,36.24,15.0,2,329.85
p2_N2_S2.67,3140.0,32.02,13.0,2,313.39
p2_W_E.94,3154.0,20.31,6.0,1,283.22
p2_W1_E1.93,3140.0,31.32,12.0,2,323.49
p2_W1_E1.94,3154.0,21.76,5.0,1,300.6
p2_E_W.221,3126.0,28.22,10.0,1,307.62
p2_E_W.224,3144.0,26.83,8.0,2,301.12
p2_W3_E3.94,3154.0,24.24,10.0,1,281.02
p2_S1_N1.68,3160.0,17.96,5.0,1,293.57
p2_E2_S2.22,3123.0,34.72,13.0,3,311.89
p2_S2_W2.22,3123.0,55.9,19.0,3,364.83
p2_E_W.227,3162.0,16.79,0.0,0,281.32
p2_E_W.225,3150.0,31.3,7.0,1,313.49
p2_E3_W3.224,3144.0,39.38,21.0,2,324.88
p2_N2_E2.22,3123.0,36.98,11.0,3,331.46
p2_W_E.93,3140.0,26.52,9.0,2,312.83
p2_E3_W3.225,3150.0,32.53,13.0,2,308.29
p2_E3_W3.228,3168.0,18.33,4.0,1,285.77
p2_E3_W3.226,3156.0,25.1,10.0,1,294.9
p2_E1_W1.223,3138.0,50.56,28.0,3,359.98
p2_N3_S3.68,3160.0,31.56,8.0,2,330.29
p2_E1_W1.225,3150.0,39.03,16.0,2,336.24
p2_S2_N2.69,3180.0,12.63,0.0,0,267.38
p2_E1_W1.224,3144.0,46.87,18.0,3,369.65
p2_S2_N2.68,3160.0,33.69,19.0,1,299.8
p2_E1_W1.227,3162.0,33.58,10.0,1,333.74
p2_E1_W1.222,3132.0,50.62,26.0,3,349.84
p2_N1_S1.68,3160.0,28.05,9.0,2,307.19
p2_E_W.228,3168.0,28.49,12.0,1,306.49
p2_E1_S1.21,3063.0,72.05,37.0,5,498.67
p2_W1_E1.92,3125.0,29.27,9.0,2,306.6
p2_E_W.230,3180.0,19.58,1.0,1,291.01
p2_S3_N3.69,3180.0,19.29,6.0,1,283.27
p2_N2_S2.68,3160.0,39.94,17.0,3,343.44
p2_E1_W1.226,3156.0,22.88,7.0,1,283.93
p2_E_W.226,3156.0,31.06,12.0,2,309.56
p2_E_W.232,3192.0,9.35,0.0,0,253.21
p2_E1_W1.229,3174.0,22.19,4.0,2,291.36
p2_E_W.229,3174.0,28.29,9.0,1,311.81
p2_S3_N3.68,3160.0,32.71,12.0,2,303.23
p2_E1_W1.230,3180.0,26.14,0.0,0,299.81
p2_E2_S2.23,3183.0,22.51,1.0,1,303.9
p2_E1_W1.228,3168.0,25.96,7.0,2,308.22
p2_S3_W3.23,3183.0,26.05,12.0,1,305.95
p2_W3_E3.96,3183.0,25.95,11.0,1,294.56
p2_E1_W1.231,3186.0,20.37,0.0,0,281.01
p2_E3_W3.230,3180.0,29.88,12.0,2,313.07
p2_E1_W1.232,3192.0,10.62,0.0,0,256.7
p2_W3_E3.95,3168.0,37.71,21.0,2,325.32
p2_N1_E3.22,3123.0,45.51,17.0,3,434.93
p2_W_E.95,3168.0,44.15,20.0,3,348.88
p2_W1_E1.96,3183.0,29.56,10.0,2,316.41
p2_E3_W3.232,3192.0,19.77,3.0,1,291.18
p2_S1_N1.69,3180.0,33.56,13.0,2,329.05
p2_W_E.96,3183.0,27.54,6.0,2,301.51
p2_E3_W3.231,3186.0,27.55,3.0,2,319.49
p2_E3_W3.229,3174.0,33.95,14.0,2,321.15
p2_W3_N1.23,3180.0,34.84,11.0,3,339.65
p2_E3_S3.24,3243.0,16.27,5.0,1,182.58
p2_W1_E1.95,3168.0,37.41,14.0,2,333.7
p2_W1_E1.97,3197.0,22.28,2.0,1,312.62
p2_S2_N2.70,3200.0,19.33,6.0,1,271.51
p2_E1_S1.22,3123.0,53.6,13.0,2,492.37
p2_S1_W1.23,3183.0,30.74,7.0,2,328.05
p2_S1_N1.70,3200.0,20.0,0.0,0,282.59
p2_N1_S1.69,3180.0,40.72,16.0,3,349.57
p2_W2_N2.23,3180.0,35.32,17.0,3,322.64
p2_S2_W2.23,3183.0,25.72,8.0,2,298.47
p2_W1_N3.23,3180.0,38.94,18.0,3,321.7
p2_E_W.236,3216.0,9.65,0.0,0,277.6
p2_S3_N3.70,3200.0,19.08,5.0,1,274.67
p2_N2_S2.70,3200.0,21.07,5.0,1,283.08
p2_N2_E2.23,3183.0,44.21,23.0,4,350.4
p2_E1_W1.233,3198.0,30.79,12.0,2,312.34
p2_E_W.233,3198.0,22.11,9.0,1,281.7
p2_N2_S2.69,3180.0,30.78,12.0,2,302.39
p2_E1_W1.234,3204.0,24.61,6.0,2,304.27
p2_E1_W1.235,3210.0,21.29,1.0,1,299.6
p2_N3_E1.24,3243.0,23.55,12.0,1,189.97
p2_N3_S3.69,3180.0,52.91,27.0,3,360.64
p2_N3_S3.70,3200.0,32.98,12.0,2,334.88
p2_E_W.234,3204.0,29.37,7.0,1,296.25
p2_E1_W1.236,3216.0,16.8,0.0,0,286.51
p2_E1_W1.237,3222.0,11.32,0.0,0,255.37
p2_E3_W3.234,3204.0,28.72,9.0,2,304.9
p2_W1_E1.99,3226.0,12.22,0.0,0,270.14
p2_W_E.97,3197.0,41.81,14.0,3,343.74
p2_W_E.98,3212.0,26.86,8.0,2,308.02
p2_S1_N1.71,3220.0,18.93,4.0,1,274.9
p2_E3_W3.236,3216.0,17.74,3.0,1,280.61
p2_E3_W3.235,3210.0,30.05,6.0,2,330.0
p2_E3_W3.233,3198.0,45.28,17.0,2,357.78
p2_E_W.235,3210.0,10.21,0.0,0,248.4
p2_W3_E3.98,3212.0,25.46,6.0,2,297.31
p2_W_E.100,3240.0,10.6,0.0,0,263.26
p2_W3_E3.97,3197.0,28.9,10.0,1,312.26
p2_N2_S2.71,3220.0,25.17,9.0,2,290.92
p2_E1_W1.238,3228.0,24.73,11.0,1,285.07
p2_N1_S1.70,3200.0,55.84,30.0,3,371.17
p2_N1_S1.71,3220.0,36.15,17.0,2,315.62
p2_S2_N2.71,3220.0,35.69,16.0,2,318.51
p2_E3_W3.227,3162.0,32.67,10.0,2,325.91
p2_E1_W1.240,3240.0,17.57,4.0,1,271.81
p2_E_W.238,3228.0,30.54,11.0,1,313.98
p2_N3_S3.71,3220.0,38.16,16.0,2,339.07
p2_N3_S3.72,3240.0,18.67,5.0,1,278.21
p2_E_W.240,3240.0,20.4,4.0,1,282.28
p2_S3_N3.71,3220.0,25.93,4.0,1,316.2
p2_E_W.241,3246.0,16.19,0.0,0,282.25
p2_E1_W1.241,3246.0,13.03,0.0,0,264.41
p2_E1_W1.239,3234.0,22.38,7.0,1,285.66
p2_E_W.239,3234.0,29.93,10.0,1,318.88
p2_E1_W1.242,3252.0,13.36,0.0,0,273.2
p2_E1_W1.243,3258.0,7.17,0.0,0,238.34
p2_E_W.237,3222.0,30.94,10.0,1,303.02
p2_W3_E3.100,3240.0,31.35,10.0,2,326.06
p2_W1_E1.101,3255.0,16.54,3.0,1,276.61
p2_W3_E3.99,3226.0,45.67,20.0,3,356.99
p2_E_W.231,3186.0,40.91,21.0,2,332.77
p2_W_E.99,3226.0,36.19,12.0,2,339.03
p2_W1_E1.98,3212.0,46.98,24.0,3,349.89
p2_E3_W3.238,3228.0,42.73,17.0,3,351.28
p2_E3_W3.239,3234.0,34.6,8.0,3,333.54
p2_S2_W2.24,3243.0,31.32,6.0,3,330.38
p2_E3_S3.25,3303.0,12.35,1.0,1,179.35
p2_E2_S2.24,3243.0,34.11,13.0,2,325.68
p2_E3_W3.242,3252.0,25.26,5.0,1,313.83
p2_N2_S2.73,3260.0,17.39,2.0,1,276.82
p2_W1_E1.100,3240.0,28.16,7.0,1,306.91
p2_W1_N3.24,3243.0,35.07,16.0,2,318.79
p2_W3_N1.24,3243.0,24.97,8.0,2,302.39
p2_S1_N1.72,3240.0,32.06,12.0,2,328.63
p2_S1_W1.24,3243.0,35.83,14.0,3,331.54
p2_N2_E2.24,3243.0,35.77,16.0,3,313.85
p2_E3_W3.241,3246.0,33.1,7.0,2,338.66
p2_N2_S2.72,3240.0,37.26,16.0,2,331.43
p2_E3_W3.237,3222.0,40.11,16.0,3,332.0
p2_W2_N2.24,3243.0,37.94,20.0,2,319.63
p2_E3_W3.243,3258.0,22.73,2.0,1,300.94
p2_S1_N1.73,3260.0,21.52,4.0,1,286.84
p2_S2_N2.73,3260.0,21.44,1.0,1,307.42
p2_S3_N3.73,3260.0,20.73,6.0,1,287.75
p2_S3_N3.72,3240.0,41.86,23.0,1,324.99
p2_E1_S1.23,3183.0,51.58,14.0,3,478.5
p2_S2_N2.72,3240.0,43.84,26.0,2,332.46
p2_E3_W3.240,3240.0,21.33,2.0,1,297.99
p2_W3_E3.102,3269.0,17.26,2.0,1,287.38
p2_N3_E1.25,3303.0,26.02,12.0,2,203.71
p2_E3_W3.244,3264.0,22.73,10.0,1,294.31
p2_N1_E3.23,3183.0,59.58,21.0,3,472.49
p2_S3_W3.24,3243.0,38.98,24.0,2,320.68
p2_E_W.243,3258.0,29.7,11.0,1,325.1
p2_E_W.245,3270.0,17.88,1.0,1,294.31
p2_E3_W3.245,3270.0,20.26,7.0,1,278.17
p2_E_W.246,3276.0,13.93,0.0,0,286.82
p2_E_W.247,3282.0,8.57,0.0,0,251.71
p2_E1_W1.244,3264.0,27.66,9.0,2,307.0
p2_W1_E1.102,3269.0,25.44,8.0,1,308.41
p2_E1_W1.247,3282.0,11.74,0.0,0,266.09
p2_N3_S3.73,3260.0,32.48,14.0,2,332.4
p2_E1_W1.245,3270.0,17.68,1.0,1,290.16
p2_E1_W1.246,3276.0,19.95,0.0,0,288.07
p2_W1_E1.103,3284.0,13.53,1.0,1,274.79
p2_E_W.248,3288.0,8.89,0.0,0,243.82
p2_E_W.244,3264.0,22.23,5.0,1,282.38
p2_N1_S1.74,3280.0,21.42,3.0,1,303.72
p2_E_W.242,3252.0,27.1,13.0,1,279.6
p2_N1_S1.73,3260.0,43.38,21.0,3,350.63
p2_W_E.101,3255.0,50.87,28.0,3,371.03
p2_W_E.102,3269.0,34.91,16.0,2,316.99
p2_W3_E3.103,3284.0,20.95,8.0,1,272.03
p2_N1_S1.72,3240.0,37.08,21.0,1,311.2
p2_N1_E3.24,3243.0,28.13,8.0,2,407.96
p2_W3_E3.101,3255.0,34.48,16.0,2,305.26
p2_S3_N3.74,3280.0,35.24,17.0,2,320.33
p2_E_W.251,3306.0,9.51,0.0,0,256.24
p2_E3_W3.248,3288.0,25.28,11.0,1,294.35
p2_S3_W3.25,3303.0,12.52,0.0,0,279.28
p2_S2_N2.74,3280.0,37.57,17.0,2,334.69
p2_S3_N3.75,3300.0,11.93,0.0,0,255.63
p2_S1_N1.74,3280.0,31.64,13.0,2,319.33
p2_E3_W3.250,3300.0,17.72,3.0,1,281.25
p2_N2_S2.75,3300.0,19.17,5.0,1,281.1
p2_E3_W3.251,3306.0,13.51,0.0,0,265.4
p2_E2_S2.25,3303.0,17.45,0.0,0,316.0
p2_N2_S2.74,3280.0,30.18,10.0,2,312.08
p2_E_W.252,3312.0,9.52,0.0,0,246.02
p2_E_W.249,3294.0,18.05,4.0,1,282.72
p2_W1_E1.104,3298.0,28.26,7.0,2,305.52
p2_N3_S3.75,3300.0,25.96,7.0,2,307.81
p2_E3_W3.247,3282.0,25.68,9.0,1,282.12
p2_E_W.250,3300.0,13.03,0.0,0,263.02
p2_E3_W3.246,3276.0,24.72,10.0,1,294.32
p2_N3_S3.74,3280.0,40.7,17.0,3,340.92
p2_E1_W1.250,3300.0,29.44,8.0,2,308.98
p2_E3_W3.253,3318.0,11.23,0.0,0,260.81
p2_E1_W1.249,3294.0,35.76,16.0,2,324.46
p2_E3_W3.249,3294.0,21.95,5.0,1,287.9
p2_W_E.104,3298.0,33.29,13.0,2,314.48
p2_E1_W1.252,3312.0,19.28,3.0,1,285.88
p2_E3_W3.252,3312.0,11.05,0.0,0,249.45
p2_N1_S1.75,3300.0,32.2,9.0,2,329.57
p2_E1_W1.251,3306.0,27.35,4.0,1,306.91
p2_N2_E2.25,3303.0,31.12,11.0,1,330.16
p2_W1_E1.105,3312.0,21.81,10.0,1,281.77
p2_N1_S1.76,3320.0,14.41,2.0,1,275.49
p2_E1_W1.248,3288.0,32.36,14.0,2,312.62
p2_W1_N3.25,3301.0,34.55,15.0,3,326.58
p2_W_E.103,3284.0,33.66,6.0,3,327.49
p2_W3_E3.104,3298.0,37.04,18.0,2,326.45
p2_W3_E3.105,3312.0,23.61,10.0,1,293.25
p2_S3_N3.76,3320.0,20.72,5.0,1,281.08
p2_E1_S1.24,3243.0,55.48,24.0,5,483.0
p2_S1_N1.75,3300.0,42.17,23.0,2,326.36
p2_W3_E3.106,3327.0,14.77,0.0,0,267.42
p2_S2_W2.25,3303.0,38.42,14.0,4,351.74
p2_W2_N2.25,3301.0,42.33,19.0,2,328.89
p2_W3_N1.25,3301.0,43.12,21.0,3,334.26
p2_N2_S2.76,3320.0,24.41,12.0,1,284.99
p2_S2_N2.75,3300.0,38.81,18.0,2,331.88
p2_W_E.105,3312.0,20.56,6.0,1,278.25
p2_S2_N2.76,3320.0,25.53,11.0,1,284.83
p2_N3_E1.26,3363.0,24.7,9.0,2,196.23
p2_E3_S3.26,3363.0,24.16,9.0,2,193.69
p2_S1_W1.25,3303.0,42.84,22.0,3,334.07
p2_E_W.253,3318.0,19.87,2.0,1,290.86
p2_N3_S3.76,3320.0,31.73,12.0,2,321.98
p2_E1_W1.253,3318.0,35.37,16.0,2,323.79
p2_E1_W1.254,3324.0,29.49,10.0,2,324.83
p2_W1_E1.106,3327.0,26.14,14.0,1,285.49
p2_E3_W3.257,3342.0,13.05,0.0,0,262.97
p2_E3_W3.255,3330.0,21.1,7.0,1,280.79
p2_E1_W1.256,3336.0,14.45,0.0,0,266.68
p2_E3_W3.254,3324.0,26.98,14.0,1,282.71
p2_E1_W1.257,3342.0,10.3,0.0,0,258.95
p2_E3_W3.258,3348.0,8.54,0.0,0,239.93
p2_W1_E1.107,3341.0,8.35,0.0,0,247.25
p2_E3_W3.259,3354.0,9.42,0.0,0,256.17
p2_E1_W1.255,3330.0,18.48,4.0,1,275.25
p2_E3_W3.256,3336.0,21.74,3.0,1,295.19
p2_W3_E3.107,3341.0,23.85,5.0,1,300.33
p2_W_E.107,3341.0,24.62,8.0,2,298.23
p2_W_E.106,3327.0,18.53,4.0,1,268.42
p2_W2_N2.26,3360.0,11.74,0.0,0,280.42
p2_S1_N1.76,3320.0,53.44,30.0,3,371.77
p2_E_W.254,3324.0,39.69,19.0,2,334.22
p2_N1_S1.77,3340.0,31.36,11.0,2,308.63
p2_S1_N1.77,3340.0,33.98,14.0,2,326.23
p2_E_W.255,3330.0,38.1,16.0,3,336.04
p2_S3_N3.78,3360.0,14.88,0.0,0,289.51
p2_E_W.256,3336.0,39.97,11.0,2,338.64
p2_S3_N3.77,3340.0,29.66,15.0,1,295.32
p2_E_W.257,3342.0,24.76,6.0,1,288.9
p2_S2_N2.78,3360.0,18.87,6.0,1,275.33
p2_S2_N2.77,3340.0,37.58,18.0,2,319.27
p2_S2_W2.26,3363.0,18.94,5.0,1,278.17
p2_N3_S3.77,3340.0,43.29,19.0,3,348.77
p2_S1_W1.26,3363.0,17.91,1.0,1,293.12
p2_E1_S1.25,3303.0,22.65,2.0,1,386.93
p2_E1_W1.258,3348.0,38.27,14.0,3,342.12
p2_E3_W3.261,3366.0,20.23,6.0,1,284.05
p2_S3_W3.26,3363.0,23.26,1.0,1,318.01
p2_E1_W1.259,3354.0,29.08,5.0,2,318.83
p2_W1_E1.108,3356.0,32.54,8.0,2,332.48
p2_E1_W1.260,3360.0,28.19,2.0,2,324.09
p2_E1_W1.261,3366.0,21.16,0.0,0,304.54
p2_N2_S2.78,3360.0,30.4,11.0,2,311.98
p2_E_W.261,3366.0,26.33,8.0,1,305.4
p2_E3_W3.263,3378.0,9.08,0.0,0,252.86
p2_W_E.108,3356.0,20.93,7.0,1,284.62
p2_W1_E1.109,3370.0,16.23,2.0,1,270.58
p2_W_E.109,3370.0,21.75,9.0,1,278.12
p2_E3_W3.262,3372.0,21.15,2.0,1,281.53
p2_N2_S2.77,3340.0,41.06,17.0,3,337.08
p2_E_W.259,3354.0,37.06,18.0,2,318.56
p2_E3_W3.260,3360.0,20.02,7.0,1,265.16
p2_W3_E3.108,3356.0,40.22,21.0,2,326.7
p2_E_W.262,3372.0,25.13,5.0,1,297.03
p2_N1_E3.25,3303.0,38.7,11.0,4,431.21
p2_E_W.258,3348.0,41.51,22.0,2,322.67
p2_W3_N1.26,3360.0,38.71,15.0,3,346.68
p2_E_W.263,3378.0,21.08,5.0,1,288.88
p2_N1_S1.79,3380.0,19.05,7.0,1,287.19
p2_W3_E3.110,3384.0,11.9,0.0,0,274.55
p2_N1_S1.78,3360.0,39.73,19.0,2,334.99
p2_S1_N1.78,3360.0,39.66,14.0,2,345.11
p2_E2_S2.26,3363.0,27.21,6.0,1,310.61
p2_E_W.260,3360.0,40.78,12.0,2,342.34
p2_W1_N3.26,3360.0,32.37,10.0,2,323.03
p2_S1_N1.79,3380.0,19.34,6.0,1,268.28
p2_S3_N3.79,3380.0,22.0,4.0,1,305.29
p2_E3_S3.27,3423.0,19.47,4.0,1,187.76
p2_W_E.110,3384.0,8.77,0.0,0,244.73
p2_S2_N2.79,3380.0,22.66,8.0,1,271.75
p2_E1_W1.262,3372.0,38.42,19.0,2,325.98
p2_E1_W1.265,3390.0,20.64,4.0,1,289.4
p2_E1_W1.264,3384.0,28.37,5.0,2,303.22
p2_N3_S3.78,3360.0,53.29,29.0,3,370.25
p2_N3_S3.79,3380.0,33.28,13.0,2,311.9
p2_N3_E1.27,3423.0,19.19,8.0,2,196.76
p2_E1_W1.263,3378.0,31.29,11.0,2,307.41
p2_W1_E1.110,3384.0,30.52,7.0,2,317.43
p2_E1_W1.266,3396.0,18.45,5.0,1,270.81
p2_W3_E3.109,3370.0,20.94,5.0,1,273.15
p2_W1_E1.111,3399.0,10.37,0.0,0,251.6
p2_N2_S2.79,3380.0,36.77,17.0,2,326.29
p2_E_W.264,3384.0,33.92,13.0,2,314.88
p2_E_W.267,3402.0,14.76,2.0,1,270.23
p2_W_E.111,3399.0,25.4,4.0,1,306.32
p2_N2_E2.26,3363.0,61.88,32.0,4,382.0
p2_E3_W3.264,3384.0,42.1,24.0,2,326.03
p2_E3_W3.265,3390.0,35.43,17.0,2,321.71
p2_E3_W3.266,3396.0,32.39,11.0,2,310.34
p2_W_E.112,3413.0,9.07,0.0,0,254.51
p2_E_W.265,3390.0,22.32,2.0,1,293.06
p2_W3_E3.111,3399.0,23.28,11.0,1,272.36
p2_W3_E3.112,3413.0,18.43,5.0,1,281.55
p2_E_W.266,3396.0,14.48,1.0,1,276.08
p2_E3_W3.267,3402.0,22.74,10.0,1,287.79
p2_S2_N2.80,3400.0,35.17,21.0,1,299.37
p2_S2_N2.81,3420.0,15.28,3.0,1,268.55
p2_N1_S1.80,3400.0,35.93,11.0,3,330.91
p2_S1_N1.80,3400.0,35.71,13.0,3,340.68
p2_S3_N3.80,3400.0,35.66,14.0,1,334.66
p2_S3_N3.81,3420.0,13.32,0.0,0,276.09
p2_N2_S2.80,3400.0,41.91,17.0,3,344.98
p2_N3_S3.80,3400.0,43.21,16.0,3,341.28
p2_E1_W1.268,3408.0,40.6,21.0,2,325.76
p2_S3_W3.27,3423.0,24.32,9.0,1,287.06
p2_E_W.271,3426.0,23.37,2.0,1,296.76
p2_E3_W3.268,3408.0,39.01,20.0,2,331.14
p2_W_E.113,3428.0,22.42,5.0,2,301.3
p2_E_W.269,3414.0,22.68,6.0,2,294.11
p2_W1_E1.113,3428.0,24.11,8.0,1,282.26
p2_E_W.273,3438.0,10.99,0.0,0,258.1
p2_E1_W1.267,3402.0,35.32,17.0,2,316.69
p2_W1_E1.112,3413.0,31.64,12.0,2,314.82
p2_E1_W1.270,3420.0,26.3,4.0,1,303.79
p2_E1_S1.26,3363.0,47.6,8.0,3,464.59
p2_E_W.270,3420.0,34.04,5.0,2,333.47
p2_E3_W3.270,3420.0,32.28,13.0,2,308.64
p2_S2_W2.27,3423.0,30.01,5.0,1,326.87
p2_E_W.268,3408.0,36.3,12.0,2,327.8
p2_E1_W1.271,3426.0,21.9,3.0,1,304.46
p2_E_W.272,3432.0,23.8,2.0,1,306.02
p2_E1_W1.269,3414.0,23.99,4.0,2,297.87
p2_W3_E3.113,3428.0,29.1,12.0,2,299.31
p2_E3_W3.269,3414.0,33.78,13.0,2,317.72
p2_N2_E2.27,3423.0,32.85,15.0,2,324.47
p2_W1_N3.27,3420.0,40.0,17.0,3,347.73
p2_S1_N1.81,3420.0,41.5,16.0,3,346.82
p2_N1_S1.82,3440.0,21.19,3.0,2,302.15
p2_E3_S3.28,3483.0,20.6,7.0,2,198.98
p2_W2_N2.27,3420.0,25.19,10.0,2,283.25
p2_W3_N1.27,3420.0,41.62,17.0,3,346.85
p2_S3_N3.82,3440.0,22.1,7.0,1,297.77
p2_N1_S1.81,3420.0,30.74,8.0,1,321.54
p2_S1_N1.82,3440.0,17.9,0.0,0,279.27
p2_N3_E1.28,3483.0,24.48,13.0,2,201.62
p2_N2_S2.82,3440.0,27.45,9.0,2,305.43
p2_S1_W1.27,3423.0,40.93,8.0,2,338.4
p2_E2_S2.27,3423.0,41.66,14.0,2,344.35
p2_N2_S2.81,3420.0,45.38,23.0,3,350.66
p2_E1_W1.273,3438.0,36.01,12.0,3,333.3
p2_E3_W3.272,3432.0,39.96,13.0,2,331.56
p2_E1_W1.272,3432.0,37.29,12.0,1,331.71
p2_E1_W1.274,3444.0,30.38,6.0,2,336.47
p2_E3_W3.273,3438.0,33.83,11.0,1,312.97
p2_E1_W1.275,3450.0,28.26,0.0,0,323.33
p2_W1_E1.115,3456.0,11.75,0.0,0,268.59
p2_E1_W1.277,3462.0,17.53,0.0,0,289.3
p2_E3_W3.278,3468.0,11.37,0.0,0,267.28
p2_E3_W3.271,3426.0,35.54,13.0,2,322.48
p2_N3_S3.82,3440.0,40.57,22.0,2,328.12
p2_W1_E1.114,3442.0,25.43,4.0,2,312.95
p2_E_W.275,3450.0,31.23,12.0,2,318.01
p2_E3_W3.275,3450.0,31.17,10.0,2,321.17
p2_E_W.277,3462.0,16.04,2.0,1,275.44
p2_E1_W1.276,3456.0,10.46,0.0,0,253.0
p2_E_W.276,3456.0,27.4,5.0,2,309.26
p2_N3_S3.81,3420.0,51.51,28.0,3,361.73
p2_E_W.274,3444.0,35.84,13.0,2,327.34
p2_E3_W3.279,3474.0,10.16,0.0,0,250.46
p2_W_E.114,3442.0,44.55,20.0,3,356.3
p2_N1_E3.26,3363.0,74.58,35.0,6,513.97
p2_E3_W3.274,3444.0,28.03,11.0,1,298.91
p2_W_E.115,3456.0,18.22,4.0,1,275.43
p2_N1_S1.83,3460.0,30.88,12.0,2,305.95
p2_E3_W3.277,3462.0,9.77,0.0,0,247.92
p2_W3_E3.114,3442.0,51.54,27.0,3,359.24
p2_W3_E3.115,3456.0,37.31,20.0,2,323.48
p2_S3_N3.83,3460.0,36.24,18.0,2,319.48
p2_S3_N3.84,3480.0,16.46,4.0,1,266.46
p2_S1_N1.84,3480.0,17.03,4.0,1,274.35
p2_S2_N2.84,3480.0,18.34,6.0,1,280.32
p2_S1_N1.83,3460.0,32.93,9.0,2,325.21
p2_N2_S2.83,3460.0,39.85,16.0,3,347.76
p2_W1_E1.116,3471.0,31.66,12.0,2,316.71
p2_W3_E3.116,3471.0,32.54,14.0,2,317.89
p2_S2_N2.82,3440.0,46.6,22.0,3,347.51
p2_W1_E1.117,3485.0,17.75,1.0,1,286.25
p2_W3_E3.117,3485.0,19.21,3.0,1,287.7
p2_S2_N2.83,3460.0,28.88,11.0,1,309.88
p2_W_E.116,3471.0,25.61,8.0,1,305.87
p2_E3_W3.280,3480.0,27.38,10.0,1,308.57
p2_S2_W2.28,3482.0,21.69,4.0,1,295.12
p2_W_E.117,3485.0,22.34,0.0,0,283.96
p2_E_W.279,3474.0,34.53,11.0,2,341.0
p2_E_W.281,3486.0,15.57,0.0,0,273.54
p2_E1_S1.27,3423.0,41.23,9.0,3,447.52
p2_E_W.280,3480.0,30.16,3.0,1,333.49
p2_S3_W3.28,3483.0,27.24,5.0,1,327.51
p2_E1_W1.278,3468.0,43.27,22.0,2,328.47
p2_E1_W1.280,3480.0,30.67,13.0,2,312.3
p2_E3_S3.29,3543.0,7.39,0.0,0,172.38
p2_E_W.282,3492.0,12.49,0.0,0,276.58
p2_E3_W3.282,3492.0,20.75,1.0,1,298.67
p2_E3_W3.276,3456.0,29.58,12.0,1,306.52
p2_W1_N3.28,3480.0,34.19,14.0,2,329.99
p2_E_W.283,3498.0,10.84,0.0,0,255.21
p2_E_W.278,3468.0,32.08,11.0,1,319.5
p2_E3_W3.284,3504.0,10.73,0.0,0,261.8
p2_E1_W1.279,3474.0,29.24,11.0,2,298.57
p2_N3_S3.84,3480.0,36.28,18.0,2,323.97
p2_E1_W1.281,3486.0,18.44,4.0,1,276.05
p2_E3_W3.281,3486.0,29.46,4.0,1,315.52
p2_E3_W3.283,3498.0,14.05,0.0,0,276.93
p2_E1_W1.282,3492.0,25.5,3.0,1,303.91
p2_N3_S3.83,3460.0,50.2,27.0,3,366.08
p2_N1_S1.84,3480.0,33.09,14.0,2,320.18
p2_W3_N1.28,3480.0,43.71,20.0,4,352.28
p2_N3_E1.29,3543.0,13.64,2.0,1,179.79
p2_N1_S1.85,3500.0,22.21,5.0,2,287.86
p2_S2_N2.85,3500.0,21.61,5.0,1,293.64
p2_N2_S2.84,3480.0,42.92,17.0,3,349.75
p2_W_E.118,3500.0,25.98,14.0,1,286.39
p2_N2_E2.28,3483.0,43.77,16.0,4,354.39
p2_N2_S2.85,3500.0,27.96,3.0,2,301.37
p2_W2_N2.28,3480.0,32.72,13.0,2,307.68
p2_W_E.119,3514.0,13.34,0.0,0,283.07
p2_S1_W1.28,3483.0,43.99,19.0,4,362.61
p2_S1_N1.85,3500.0,30.03,4.0,2,310.14
p2_E2_S2.28,3483.0,31.18,9.0,2,320.32
p2_N1_E3.27,3423.0,64.02,36.0,5,467.5
p2_E1_W1.283,3498.0,36.29,16.0,2,319.77
p2_W1_E1.118,3500.0,33.94,16.0,2,321.77
p2_E1_W1.284,3504.0,30.8,12.0,2,305.62
p2_E3_W3.285,3510.0,25.47,11.0,1,283.75
p2_W1_E1.119,3514.0,21.17,6.0,1,280.03
p2_E1_W1.285,3510.0,26.54,7.0,2,303.19
p2_W3_E3.119,3514.0,20.49,6.0,1,277.59
p2_E1_W1.287,3522.0,14.24,0.0,0,270.31
p2_W1_E1.120,3528.0,7.65,0.0,0,237.97
p2_E3_W3.286,3516.0,23.23,9.0,1,278.17
p2_E_W.284,3504.0,24.66,11.0,1,288.94
p2_E3_W3.288,3528.0,13.02,0.0,0,270.28
p2_N3_S3.86,3520.0,22.35,2.0,2,301.71
p2_E3_W3.287,3522.0,15.01,1.0,1,272.28
p2_E3_W3.289,3534.0,9.93,0.0,0,253.86
p2_S3_N3.86,3520.0,31.81,14.0,2,319.15
p2_S1_N1.86,3520.0,34.38,13.0,3,333.59
p2_S3_N3.85,3500.0,38.05,13.0,3,338.12
p2_N1_S1.86,3520.0,20.03,5.0,1,274.61
p2_W3_E3.118,3500.0,47.32,22.0,3,349.15
p2_S2_N2.86,3520.0,27.25,8.0,1,297.61
p2_W3_E3.120,3528.0,33.44,15.0,2,312.35
p2_W2_N2.29,3540.0,20.86,6.0,1,295.3
p2_E_W.286,3516.0,47.51,21.0,3,364.03
p2_W1_E1.121,3543.0,20.26,0.0,0,315.24
p2_N2_S2.86,3520.0,33.27,15.0,2,314.69
p2_N2_S2.87,3540.0,25.9,14.0,1,283.51
p2_E1_W1.288,3528.0,39.42,13.0,3,337.79
p2_E_W.289,3534.0,29.56,10.0,2,298.5
p2_E1_W1.290,3540.0,27.41,7.0,2,306.77
p2_W_E.120,3528.0,40.29,18.0,2,336.74
p2_E_W.285,3510.0,40.06,17.0,2,334.4
p2_E_W.287,3522.0,46.99,11.0,1,334.31
p2_W_E.121,3543.0,22.09,4.0,2,295.33
p2_W1_N3.29,3540.0,29.24,7.0,3,337.03
p2_E_W.290,3540.0,30.89,1.0,1,314.64
p2_E1_W1.289,3534.0,35.86,5.0,2,332.56
p2_E3_W3.291,3546.0,26.32,9.0,2,304.4
p2_E_W.288,3528.0,25.71,5.0,1,299.46
p2_S2_W2.29,3543.0,30.31,11.0,3,300.44
p2_S3_W3.29,3543.0,30.83,10.0,3,312.91
p2_W3_E3.121,3543.0,10.6,0.0,0,253.91
p2_E3_W3.290,3540.0,27.46,9.0,2,303.69
p2_E1_W1.291,3546.0,23.74,2.0,1,301.57
p2_E3_W3.292,3552.0,24.11,10.0,1,291.9
p2_E3_W3.293,3558.0,18.5,4.0,1,276.05
p2_W3_E3.122,3557.0,19.65,6.0,1,271.72
p2_E3_W3.294,3564.0,13.9,0.0,0,282.56
p2_E3_W3.295,3570.0,8.3,0.0,0,248.28
p2_E1_W1.286,3516.0,33.0,14.0,2,313.14
p2_E2_S2.29,3543.0,28.54,6.0,2,313.97
p2_E_W.291,3546.0,28.5,11.0,1,304.94
p2_E_W.293,3558.0,20.27,1.0,1,290.88
p2_E_W.292,3552.0,21.89,3.0,1,295.18
p2_E1_S1.28,3483.0,58.38,18.0,4,483.96
p2_N1_S1.88,3560.0,25.6,10.0,1,312.28
p2_N2_S2.88,3560.0,25.7,13.0,1,282.82
p2_N1_E3.28,3483.0,58.78,26.0,6,485.89
p2_S1_N1.87,3540.0,50.43,24.0,3,356.78
p2_W1_E1.122,3557.0,34.56,16.0,2,319.12
p2_W1_E1.123,3572.0,19.0,5.0,1,271.12
p2_N1_S1.87,3540.0,39.83,19.0,2,332.73
p2_W3_N1.29,3540.0,47.35,26.0,3,355.67
p2_S1_N1.88,3560.0,32.27,10.0,2,318.14
p2_W1_E1.124,3586.0,7.77,0.0,0,240.4
p2_S1_W1.29,3543.0,43.75,18.0,3,341.59
p2_W3_E3.124,3586.0,9.32,0.0,0,249.56
p2_W3_E3.123,3572.0,25.14,12.0,1,290.56
p2_W_E.123,3572.0,11.95,0.0,0,276.36
p2_N2_E2.29,3543.0,41.41,21.0,2,336.05
p2_E_W.294,3564.0,35.4,11.0,1,334.76
p2_W_E.122,3557.0,29.13,8.0,2,305.43
p2_E_W.295,3570.0,26.32,10.0,1,289.49
p2_E_W.296,3576.0,24.41,10.0,1,293.06
p2_E1_W1.292,3552.0,52.01,25.0,3,358.85
p2_E1_W1.293,3558.0,43.84,19.0,3,352.05
p2_E1_W1.294,3564.0,38.93,15.0,2,337.82
p2_E1_W1.295,3570.0,31.97,13.0,2,307.86
p2_E1_W1.297,3582.0,23.45,5.0,1,299.93
p2_E1_W1.299,3594.0,16.41,3.0,1,273.37
p2_E_W.297,3582.0,17.93,4.0,1,274.03
p2_E1_W1.296,3576.0,21.5,2.0,1,284.2
p2_E1_W1.298,3588.0,22.97,9.0,1,282.04
p2_E3_W3.297,3582.0,31.5,11.0,2,331.06
p2_W_E.124,3586.0,21.35,9.0,1,275.63
p2_E3_W3.296,3576.0,34.43,16.0,2,319.62
p2_E3_W3.299,3594.0,21.26,5.0,1,276.66
p2_N3_S3.88,3560.0,59.51,38.0,2,354.79
p2_N3_S3.89,3580.0,41.23,15.0,3,342.96
p2_N3_S3.87,3540.0,83.37,52.0,3,410.9
p2_S3_N3.88,3560.0,67.54,47.0,2,367.88
p2_N2_S2.89,3580.0,48.79,25.0,3,352.91
p2_E3_W3.298,3588.0,30.77,11.0,1,304.09
p2_S3_N3.89,3580.0,50.67,28.0,2,345.03
p2_N3_S3.85,3500.0,89.46,70.0,2,402.68
p2_S2_N2.87,3540.0,91.75,71.0,2,407.28
p2_S2_N2.88,3560.0,68.23,54.0,1,351.76
p2_E_W.299,3594.0,36.42,18.0,2,322.81
p2_S3_N3.87,3540.0,71.14,45.0,2,388.74
p2_S2_N2.89,3580.0,32.87,9.0,2,322.2
p2_N1_E3.29,3543.0,57.91,22.0,3,476.71
p2_E_W.298,3588.0,30.37,11.0,2,306.39
p2_S1_N1.89,3580.0,86.94,63.0,3,415.74
p2_N1_S1.89,3580.0,96.39,73.0,3,430.48
p2_E1_S1.29,3543.0,86.81,58.0,2,504.03
