id,depart,timeloss,espera,paradas,co2
p1_W_S2.0,3.0,15.11,0.0,0,212.7
p1_W_E.0,0.0,7.37,0.0,0,191.96
p1_E_W.0,0.0,7.55,0.0,0,201.68
p1_E_N1.0,3.0,10.33,0.0,0,219.02
p1_N2_S2.0,0.0,45.01,34.0,1,224.82
p1_N1_S1.0,0.0,43.87,34.0,1,227.0
p1_S2_N2.0,0.0,45.17,35.0,1,233.37
p1_N1_S1.1,10.0,39.53,26.0,1,220.5
p1_S2_N2.1,10.0,39.69,27.0,1,226.84
p1_N2_S2.1,10.0,40.22,29.0,1,220.44
p1_N1_S1.2,20.0,31.32,18.0,1,225.09
p1_N2_S2.2,20.0,31.93,21.0,1,211.11
p1_S1_N1.0,0.0,39.69,30.0,1,216.59
p1_S2_N2.2,20.0,26.51,15.0,1,193.42
p1_N1_S1.3,30.0,20.29,9.0,1,186.8
p1_S1_N1.1,10.0,38.72,26.0,1,215.7
p1_N2_S2.3,30.0,22.86,9.0,1,192.44
p1_S2_N2.3,30.0,25.68,11.0,1,207.83
p1_N1_S1.4,40.0,16.31,1.0,1,189.45
p1_S1_N1.2,20.0,36.23,20.0,1,227.85
p1_S2_N2.4,40.0,17.53,2.0,1,202.41
p1_N1_S1.5,50.0,7.89,0.0,0,155.05
p1_S1_N1.3,30.0,28.12,12.0,1,213.89
p1_N2_S2.4,40.0,20.69,0.0,0,192.82
p1_E_W.1,8.0,34.9,17.0,1,254.36
p1_S2_N2.5,50.0,5.98,0.0,0,151.56
p1_E_W.2,15.0,26.57,14.0,1,242.46
p1_N2_S2.5,50.0,8.32,0.0,0,161.38
p1_W_E.1,6.0,41.98,24.0,1,280.85
p1_E_W.3,22.0,25.77,12.0,1,244.94
p1_W_E.2,9.0,40.68,23.0,1,275.46
p1_E_W.4,29.0,20.6,6.0,1,235.92
p1_W_E.3,12.0,38.84,22.0,1,266.99
p1_W_E.4,15.0,38.39,21.0,1,272.72
p1_N2_W.0,3.0,51.78,32.0,1,289.77
p1_W_E.5,18.0,37.67,20.0,1,264.87
p1_E_N1.1,32.0,14.25,0.0,0,221.14
p1_W_E.6,21.0,36.43,20.0,1,260.48
p1_W_E.7,24.0,35.91,18.0,1,248.11
p1_W_E.8,27.0,28.44,14.0,1,239.99
p1_W_E.9,30.0,31.56,12.0,1,256.6
p1_W_E.10,33.0,36.48,12.0,1,263.87
p1_S1_E.0,3.0,62.11,36.0,2,337.6
p1_S1_E.1,33.0,36.91,9.0,1,298.88
p1_W_S2.1,36.0,36.25,18.0,1,284.17
p1_W_E.11,39.0,30.48,14.0,1,271.13
p1_W_E.12,42.0,33.06,12.0,1,276.99
p1_W_E.13,45.0,33.84,10.0,1,293.88
p1_S1_N1.4,40.0,62.36,42.0,2,260.39
p1_N2_W.1,33.0,16.96,1.0,1,244.38
p1_W_E.14,48.0,34.61,10.0,1,294.41
p1_E_W.5,36.0,32.59,16.0,1,258.08
p1_W_E.15,51.0,22.07,7.0,1,244.64
p1_S1_N1.5,50.0,49.28,36.0,1,229.54
p1_N1_S1.6,60.0,34.93,24.0,1,207.79
p1_W_E.16,54.0,35.69,5.0,1,267.36
p1_S1_N1.6,60.0,52.37,34.0,1,240.96
p1_N1_S1.7,70.0,42.07,22.0,1,231.03
p1_W_E.17,57.0,27.09,4.0,1,278.07
p1_N1_S1.8,80.0,33.71,14.0,1,227.42
p1_S1_N1.7,70.0,44.05,28.0,1,235.46
p1_W_E.18,59.0,34.3,3.0,1,299.56
p1_N1_S1.9,90.0,24.16,6.0,1,216.37
p1_S1_N1.8,80.0,35.81,20.0,1,222.94
p1_W_E.19,63.0,19.88,2.0,1,250.67
p1_S1_N1.9,90.0,27.62,11.0,1,209.24
p1_N1_S1.10,100.0,17.16,0.0,0,206.3
p1_N2_S2.6,60.0,57.92,46.0,1,249.73
p1_S2_N2.6,60.0,58.16,46.0,1,248.2
p1_N1_S1.11,110.0,8.71,0.0,0,167.69
p1_S2_N2.7,70.0,50.0,37.0,1,238.66
p1_N2_S2.7,70.0,51.37,40.0,1,234.8
p1_S1_N1.10,100.0,18.27,2.0,1,196.89
p1_S2_N2.8,80.0,40.33,29.0,1,218.54
p1_N2_S2.8,80.0,42.49,31.0,1,220.49
p1_S2_N2.9,90.0,34.25,22.0,1,218.71
p1_E_W.6,44.0,59.81,39.0,2,312.66
p1_N2_S2.9,90.0,35.61,22.0,1,210.3
p1_E_W.7,51.0,55.34,34.0,2,313.95
p1_S2_N2.10,100.0,23.2,10.0,1,198.72
p1_E_W.8,58.0,50.07,27.0,2,296.32
p1_S2_N2.11,110.0,19.72,4.0,1,205.19
p1_N2_S2.10,100.0,29.88,16.0,1,208.01
p1_S2_N2.12,120.0,11.46,0.0,0,177.75
p1_N2_S2.11,110.0,21.41,7.0,1,189.58
p1_E_W.9,65.0,47.8,20.0,1,290.99
p1_E_N1.2,61.0,45.17,22.0,2,287.95
p1_N2_S2.12,120.0,12.16,0.0,0,176.26
p1_E_W.10,72.0,42.66,18.0,1,284.65
p1_S2_N2.13,130.0,5.89,0.0,0,152.8
p1_E_W.11,80.0,36.48,18.0,1,262.77
p1_N2_S2.13,130.0,8.78,0.0,0,168.19
p1_E_W.12,87.0,31.37,15.0,1,250.36
p1_E_W.13,94.0,28.89,12.0,1,252.3
p1_E_N1.3,90.0,28.88,13.0,1,253.19
p1_W_E.20,66.0,56.49,30.0,2,316.06
p1_E_W.14,101.0,23.74,7.0,1,254.28
p1_W_S2.2,69.0,56.39,27.0,1,309.22
p1_N2_W.2,63.0,63.09,44.0,1,321.5
p1_W_E.21,72.0,55.8,25.0,1,302.23
p1_N2_W.3,93.0,35.63,21.0,1,271.28
p1_W_E.22,75.0,55.03,24.0,1,317.02
p1_W_E.23,78.0,53.94,23.0,1,311.27
p1_W_E.24,81.0,47.83,23.0,1,295.89
p1_W_E.25,84.0,53.7,23.0,1,311.34
p1_W_E.26,87.0,52.46,23.0,1,323.08
p1_S1_E.2,63.0,78.23,53.0,2,362.58
p1_S1_E.3,93.0,48.71,22.0,2,321.13
p1_W_E.27,90.0,52.3,29.0,2,314.66
p1_N2_W.4,123.0,11.99,0.0,0,216.81
p1_W_E.28,93.0,50.19,27.0,2,310.57
p1_N1_S1.12,120.0,48.99,37.0,1,237.28
p1_W_E.29,96.0,52.55,27.0,2,314.77
p1_N1_S1.13,130.0,40.89,29.0,1,226.57
p1_N1_S1.14,140.0,33.19,19.0,1,208.14
p1_S1_N1.11,110.0,52.62,40.0,1,238.91
p1_W_E.30,99.0,41.23,19.0,2,266.68
p1_W_S2.3,102.0,44.55,17.0,2,291.63
p1_S1_N1.12,120.0,57.15,39.0,1,243.91
p1_S1_N1.13,130.0,48.91,31.0,1,239.06
p1_N1_S1.15,150.0,20.86,9.0,1,189.33
p1_S1_N1.14,140.0,40.5,24.0,1,233.29
p1_N1_S1.16,160.0,20.7,3.0,1,196.16
p1_S1_N1.15,150.0,30.15,13.0,1,207.54
p1_N1_S1.17,170.0,7.74,0.0,0,165.04
p1_W_E.31,105.0,35.26,12.0,2,277.26
p1_S1_N1.16,160.0,24.04,8.0,1,203.43
p1_W_E.32,108.0,56.23,13.0,2,304.6
p1_S1_N1.17,170.0,16.51,0.0,0,188.83
p1_W_E.33,111.0,40.79,10.0,2,290.75
p1_W_E.34,114.0,54.05,9.0,2,308.83
p1_W_E.35,117.0,43.74,8.0,1,292.58
p1_E_W.15,108.0,62.02,44.0,2,317.78
p1_W_E.36,120.0,51.43,9.0,1,321.33
p1_E_W.16,116.0,55.97,35.0,2,304.88
p1_W_E.37,123.0,46.58,6.0,1,316.5
p1_S2_N2.14,140.0,51.91,42.0,1,238.5
p1_S2_N2.15,150.0,42.94,31.0,1,222.36
p1_E_N1.4,120.0,47.87,31.0,2,286.21
p1_E_W.17,123.0,50.27,26.0,2,298.19
p1_N2_S2.14,140.0,47.1,37.0,1,227.86
p1_E_W.18,130.0,50.78,24.0,2,321.45
p1_N2_S2.15,150.0,47.83,33.0,1,242.71
p1_S2_N2.16,160.0,32.99,21.0,1,203.95
p1_S2_N2.17,170.0,33.62,16.0,1,219.73
p1_E_W.19,137.0,45.49,17.0,2,330.72
p1_N2_S2.16,160.0,43.94,26.0,1,233.27
p1_N2_S2.17,170.0,35.61,18.0,1,231.07
p1_S2_N2.18,180.0,25.22,9.0,1,215.51
p1_N2_S2.18,180.0,27.37,10.0,1,208.4
p1_S2_N2.19,190.0,17.15,1.0,1,205.02
p1_E_W.20,144.0,29.04,11.0,1,249.17
p1_S2_N2.20,200.0,8.84,0.0,0,178.31
p1_E_N1.5,150.0,31.56,11.0,1,254.21
p1_E_W.21,153.0,36.0,10.0,1,263.65
p1_N2_S2.19,190.0,17.07,1.0,1,196.64
p1_N2_S2.20,200.0,9.77,0.0,0,176.18
p1_E_W.22,159.0,30.61,10.0,1,253.41
p1_E_W.23,166.0,21.83,5.0,1,235.46
p1_W_E.38,126.0,68.91,29.0,2,334.16
p1_E_W.24,173.0,22.69,2.0,1,244.03
p1_W_E.39,129.0,62.34,25.0,2,327.0
p1_N2_W.5,153.0,46.18,31.0,1,274.44
p1_W_E.40,132.0,66.13,21.0,2,337.11
p1_W_S2.4,135.0,66.7,21.0,2,330.88
p1_W_E.41,138.0,64.56,22.0,2,316.58
p1_W_E.42,141.0,59.53,19.0,1,307.92
p1_W_E.43,144.0,64.97,19.0,1,328.77
p1_W_E.44,147.0,59.38,19.0,1,326.61
p1_S1_N1.18,180.0,54.03,41.0,1,234.27
p1_S1_E.4,123.0,88.27,56.0,2,373.69
p1_N1_S1.18,180.0,52.06,40.0,1,230.18
p1_S1_E.5,153.0,63.68,31.0,2,341.3
p1_W_E.45,150.0,68.48,35.0,2,359.15
p1_S1_N1.19,190.0,49.92,35.0,1,233.99
p1_W_E.46,153.0,67.14,33.0,2,365.7
p1_N1_S1.19,190.0,42.68,31.0,1,216.09
p1_S1_N1.20,200.0,41.6,27.0,1,223.88
p1_N1_S1.20,200.0,42.72,26.0,1,234.37
p1_W_E.47,156.0,65.79,30.0,2,362.7
p1_S1_N1.21,210.0,33.36,20.0,1,211.21
p1_N1_S1.21,210.0,34.48,17.0,1,230.38
p1_W_E.48,159.0,56.56,28.0,2,305.32
p1_N1_S1.22,220.0,26.18,9.0,1,225.65
p1_W_E.49,162.0,64.07,28.0,2,329.1
p1_S1_N1.22,220.0,28.23,12.0,1,205.45
p1_N1_S1.23,230.0,14.24,0.0,0,207.19
p1_W_E.50,165.0,61.2,25.0,3,326.68
p1_W_S2.5,168.0,59.39,25.0,2,309.72
p1_S1_N1.23,230.0,19.99,4.0,1,195.07
p1_N1_S1.24,240.0,8.14,0.0,0,179.47
p1_W_E.51,171.0,58.65,24.0,2,318.8
p1_S1_N1.24,240.0,11.87,0.0,0,179.88
p1_W_E.52,174.0,52.57,22.0,2,302.45
p1_W_E.53,177.0,54.46,21.0,2,320.51
p1_W_E.54,180.0,57.78,21.0,2,342.48
p1_N2_W.6,183.0,49.64,27.0,2,304.99
p1_W_E.55,183.0,53.77,20.0,2,308.77
p1_E_W.25,180.0,52.67,36.0,2,306.15
p1_E_W.26,188.0,54.58,32.0,2,306.24
p1_E_N1.6,183.0,52.86,33.0,2,299.97
p1_S2_N2.21,210.0,54.82,42.0,1,249.34
p1_E_W.27,195.0,49.44,25.0,2,294.41
p1_S2_N2.22,220.0,45.71,34.0,1,237.12
p1_S2_N2.23,230.0,39.54,26.0,1,226.67
p1_N2_S2.21,210.0,48.04,37.0,1,228.81
p1_S2_N2.24,240.0,31.23,19.0,1,210.91
p1_E_N1.7,212.0,38.45,8.0,2,283.88
p1_N2_S2.22,220.0,45.73,33.0,1,233.22
p1_S2_N2.25,250.0,23.0,10.0,1,207.11
p1_E_W.28,202.0,33.66,14.0,2,264.23
p1_S2_N2.26,260.0,13.58,1.0,1,180.58
p1_E_W.29,209.0,45.89,11.0,2,288.4
p1_N2_S2.23,230.0,35.24,23.0,1,214.61
p1_E_W.30,216.0,40.61,7.0,2,301.89
p1_S2_N2.27,270.0,5.7,0.0,0,148.3
p1_E_W.31,224.0,34.38,7.0,1,286.09
p1_N2_S2.24,240.0,24.77,13.0,1,188.81
p1_E_W.32,231.0,25.14,6.0,1,248.12
p1_N2_S2.25,250.0,32.03,12.0,1,219.38
p1_E_W.33,238.0,23.96,3.0,1,259.95
p1_E_N1.8,241.0,18.76,0.0,0,233.67
p1_N2_S2.26,260.0,23.9,3.0,1,206.74
p1_E_W.34,245.0,18.75,0.0,0,237.79
p1_N2_S2.27,270.0,12.35,0.0,0,177.47
p1_W_E.56,186.0,78.37,42.0,4,357.85
p1_W_E.57,189.0,78.94,38.0,3,360.46
p1_E_W.35,252.0,9.81,0.0,0,215.2
p1_N2_W.7,213.0,53.93,37.0,1,275.69
p1_W_E.58,192.0,73.95,37.0,3,338.23
p1_W_E.59,196.0,71.44,34.0,3,332.15
p1_W_S2.6,202.0,72.09,27.0,3,339.98
p1_N2_W.8,243.0,32.29,13.0,1,252.29
p1_W_E.60,199.0,62.14,29.0,3,311.48
p1_W_E.61,205.0,77.33,24.0,3,356.92
p1_W_E.62,208.0,75.97,24.0,3,367.32
p1_N1_S1.25,250.0,55.64,44.0,1,244.37
p1_S1_E.6,183.0,89.56,55.0,3,366.01
p1_S1_E.7,213.0,76.98,33.0,2,341.34
p1_S1_N1.25,250.0,55.01,43.0,1,233.96
p1_S1_N1.26,260.0,52.76,38.0,1,238.77
p1_W_E.63,211.0,80.89,37.0,2,360.6
p1_N1_S1.26,260.0,43.27,31.0,1,225.33
p1_N1_S1.27,270.0,44.65,27.0,1,237.55
p1_S1_N1.27,270.0,44.5,27.0,1,232.0
p1_W_E.64,214.0,69.18,38.0,2,352.02
p1_N1_S1.28,280.0,32.75,18.0,1,225.88
p1_W_E.65,217.0,67.05,36.0,2,327.03
p1_S1_N1.28,280.0,35.6,22.0,1,215.9
p1_N1_S1.29,290.0,28.06,11.0,1,223.49
p1_W_E.66,220.0,74.86,34.0,2,344.79
p1_S1_N1.29,290.0,29.35,14.0,1,211.37
p1_N1_S1.30,300.0,18.67,2.0,1,220.21
p1_W_E.67,223.0,76.0,32.0,2,363.9
p1_S1_N1.30,300.0,18.98,4.0,1,185.97
p1_N1_S1.31,310.0,11.5,0.0,0,200.09
p1_W_E.68,226.0,74.81,31.0,2,354.7
p1_W_E.69,229.0,73.48,30.0,2,369.53
p1_W_E.70,232.0,72.33,30.0,2,359.0
p1_W_S2.7,235.0,62.89,30.0,2,321.67
p1_W_E.71,238.0,64.77,28.0,2,328.12
p1_N2_W.9,273.0,33.42,18.0,1,271.91
p1_W_E.72,241.0,60.96,27.0,2,312.2
p1_W_E.73,244.0,67.07,26.0,2,342.04
p1_E_W.36,260.0,46.49,29.0,2,290.58
p1_W_E.74,247.0,65.79,26.0,2,315.67
p1_E_W.37,267.0,45.23,24.0,2,303.12
p1_W_E.75,250.0,60.46,26.0,2,314.94
p1_E_W.38,274.0,42.14,15.0,2,279.53
p1_W_E.76,253.0,63.4,25.0,2,325.17
p1_W_E.77,256.0,62.11,24.0,2,331.32
p1_W_E.78,259.0,55.03,21.0,2,309.21
p1_E_N1.9,270.0,35.46,16.0,2,273.27
p1_E_W.39,281.0,33.28,11.0,2,276.49
p1_E_W.40,288.0,32.64,8.0,1,266.66
p1_W_E.79,262.0,51.97,21.0,2,298.62
p1_E_W.41,296.0,27.85,7.0,1,243.34
p1_W_E.80,265.0,53.33,18.0,2,323.28
p1_E_N1.10,300.0,24.51,5.0,1,252.15
p1_W_S2.8,268.0,53.18,17.0,2,322.3
p1_E_W.42,303.0,23.22,4.0,1,245.61
p1_N2_S2.28,280.0,70.75,59.0,1,260.13
p1_E_W.43,310.0,16.2,0.0,0,232.02
p1_S2_N2.28,280.0,71.06,61.0,1,268.33
p1_E_W.44,317.0,13.88,0.0,0,223.81
p1_S2_N2.29,290.0,62.95,51.0,1,259.85
p1_E_W.45,324.0,8.64,0.0,0,207.2
p1_S2_N2.30,300.0,54.08,41.0,1,237.91
p1_S2_N2.31,310.0,44.49,31.0,1,219.1
p1_S2_N2.32,320.0,39.93,25.0,1,227.28
p1_N2_S2.29,290.0,54.84,43.0,1,238.49
p1_S2_N2.33,330.0,31.7,16.0,1,210.57
p1_N2_S2.30,300.0,54.05,38.0,1,247.43
p1_N2_S2.31,310.0,54.92,34.0,1,252.3
p1_S2_N2.34,340.0,19.53,8.0,1,185.11
p1_N2_S2.32,320.0,46.59,27.0,1,253.16
p1_S2_N2.35,350.0,16.87,0.0,0,192.56
p1_N2_S2.33,330.0,38.3,18.0,1,241.76
p1_S2_N2.36,360.0,8.69,0.0,0,179.09
p1_E_W.46,333.0,14.49,0.0,0,223.59
p1_N2_S2.34,340.0,30.06,12.0,1,230.88
p1_E_N1.11,330.0,8.95,0.0,0,211.34
p1_E_W.47,339.0,10.75,0.0,0,207.38
p1_N2_S2.35,350.0,21.81,4.0,1,223.98
p1_N2_S2.36,360.0,12.02,0.0,0,179.34
p1_S1_N1.31,310.0,66.73,46.0,1,265.57
p1_N1_S1.32,320.0,56.64,45.0,1,247.11
p1_S1_N1.32,320.0,58.16,45.0,1,250.69
p1_S1_N1.33,330.0,50.51,38.0,1,240.64
p1_W_E.81,271.0,82.04,41.0,3,367.85
p1_N1_S1.33,330.0,45.97,34.0,1,227.11
p1_W_E.82,274.0,87.08,40.0,3,387.04
p1_N1_S1.34,340.0,43.07,27.0,1,220.8
p1_N1_S1.35,350.0,34.75,20.0,1,217.25
p1_W_E.83,277.0,77.16,38.0,3,343.49
p1_S1_N1.34,340.0,42.33,30.0,1,222.61
p1_N1_S1.36,360.0,23.93,10.0,1,194.87
p1_S1_E.8,243.0,117.44,78.0,3,413.13
p1_S1_N1.35,350.0,37.57,23.0,1,227.11
p1_S1_E.9,273.0,90.87,52.0,3,387.4
p1_N1_S1.37,370.0,12.9,1.0,1,174.69
p1_S1_E.10,303.0,58.38,23.0,2,322.14
p1_N1_S1.38,380.0,11.98,0.0,0,179.2
p1_W_E.84,280.0,92.8,46.0,3,386.78
p1_S1_N1.36,360.0,22.33,10.0,1,186.83
p1_W_E.85,283.0,80.57,45.0,3,364.72
p1_S1_N1.37,370.0,27.26,9.0,1,204.05
p1_W_E.86,286.0,80.82,41.0,2,364.28
p1_N2_W.10,303.0,73.78,50.0,2,331.52
p1_W_E.87,289.0,82.3,42.0,2,375.97
p1_N2_W.11,333.0,46.79,24.0,2,297.46
p1_W_E.88,292.0,83.71,41.0,2,359.66
p1_N2_W.12,363.0,17.78,1.0,1,245.94
p1_W_E.89,295.0,86.55,39.0,2,382.24
p1_E_W.48,346.0,37.63,20.0,1,276.9
p1_W_S2.9,301.0,82.87,37.0,2,337.42
p1_W_E.90,298.0,67.51,39.0,2,312.9
p1_E_N1.12,363.0,28.69,8.0,1,249.74
p1_W_E.91,304.0,87.17,36.0,2,348.25
p1_E_W.49,353.0,23.24,9.0,1,233.23
p1_W_E.92,307.0,72.96,36.0,2,337.7
p1_E_W.50,360.0,34.54,9.0,1,250.94
p1_E_W.51,368.0,28.16,6.0,1,267.26
p1_W_E.93,310.0,86.56,35.0,2,358.24
p1_E_W.52,375.0,22.84,0.0,0,262.15
p1_W_E.94,313.0,85.37,35.0,2,351.22
p1_W_E.95,316.0,77.86,35.0,3,365.21
p1_W_E.96,319.0,74.79,34.0,2,355.31
p1_W_E.97,322.0,81.08,33.0,3,366.77
p1_W_E.98,325.0,75.73,32.0,3,362.16
p1_W_S2.10,334.0,71.34,31.0,2,356.18
p1_W_E.99,328.0,79.33,31.0,2,370.93
p1_E_W.53,382.0,8.85,0.0,0,202.75
p1_W_E.100,331.0,78.07,30.0,2,368.29
p1_E_W.54,389.0,20.41,0.0,0,217.62
p1_W_E.101,337.0,73.81,31.0,2,368.53
p1_W_E.102,340.0,67.28,27.0,2,351.13
p1_W_E.103,343.0,71.5,25.0,2,355.18
p1_E_N1.13,392.0,9.24,0.0,0,213.59
p1_S1_E.11,333.0,83.17,53.0,2,376.59
p1_S1_E.12,363.0,54.9,18.0,2,336.61
p1_E_W.55,396.0,8.32,0.0,0,196.62
p1_E_W.56,404.0,9.02,0.0,0,204.99
p1_S2_N2.37,370.0,68.84,57.0,1,265.65
p1_E_W.57,411.0,12.52,0.0,0,217.33
p1_E_W.58,418.0,7.3,0.0,0,204.64
p1_S2_N2.38,380.0,57.47,46.0,1,239.24
p1_N2_S2.37,370.0,61.94,50.0,1,251.6
p1_S1_N1.38,380.0,72.37,52.0,1,286.51
p1_S2_N2.39,390.0,60.27,42.0,1,252.88
p1_N2_S2.38,380.0,74.1,50.0,1,271.0
p1_S1_N1.39,390.0,64.12,52.0,1,252.61
p1_N1_S1.39,390.0,60.52,50.0,1,247.52
p1_S2_N2.40,400.0,41.38,28.0,1,219.37
p1_N2_S2.39,390.0,65.81,44.0,1,279.55
p1_N1_S1.40,400.0,57.07,43.0,1,251.12
p1_N2_S2.40,400.0,54.49,36.0,1,256.99
p1_S2_N2.41,410.0,41.11,25.0,1,239.06
p1_N1_S1.41,410.0,48.74,34.0,1,253.51
p1_S2_N2.42,420.0,38.16,16.0,1,230.11
p1_N2_S2.41,410.0,49.46,28.0,1,248.45
p1_S1_N1.40,400.0,58.11,45.0,1,243.94
p1_N1_S1.42,420.0,40.35,25.0,1,234.17
p1_S2_N2.43,430.0,25.95,7.0,1,212.01
p1_N2_S2.42,420.0,41.19,19.0,1,243.43
p1_S1_N1.41,410.0,52.39,37.0,1,245.94
p1_N1_S1.43,430.0,32.07,18.0,1,230.29
p1_S2_N2.44,440.0,21.6,2.0,1,208.26
p1_N1_S1.44,440.0,23.76,9.0,1,221.97
p1_S1_N1.42,420.0,44.04,29.0,1,233.56
p1_S2_N2.45,450.0,11.96,0.0,0,176.54
p1_N2_S2.43,430.0,24.16,8.0,1,203.41
p1_N1_S1.45,450.0,13.02,0.0,0,180.85
p1_N2_S2.44,440.0,27.72,6.0,1,215.13
p1_N1_S1.46,460.0,7.68,0.0,0,161.05
p1_W_E.104,346.0,101.69,58.0,4,423.87
p1_N2_S2.45,450.0,9.13,0.0,0,167.1
p1_W_E.105,349.0,100.44,53.0,4,411.42
p1_S1_N1.43,430.0,33.92,19.0,1,205.24
p1_S1_N1.44,440.0,29.89,11.0,1,212.13
p1_W_E.106,352.0,97.42,49.0,4,395.79
p1_W_E.107,355.0,97.74,46.0,3,399.24
p1_E_N1.14,421.0,29.46,18.0,1,246.18
p1_W_E.108,358.0,98.64,42.0,3,397.83
p1_E_W.59,425.0,31.2,17.0,1,248.49
p1_W_E.109,361.0,97.28,41.0,3,408.66
p1_N2_W.13,393.0,60.15,40.0,1,313.9
p1_W_E.110,364.0,86.81,38.0,2,367.12
p1_W_E.111,370.0,98.43,37.0,2,389.91
p1_W_S2.11,367.0,86.5,37.0,2,369.58
p1_N2_W.14,423.0,29.73,13.0,1,250.1
p1_E_W.60,432.0,39.56,25.0,1,264.58
p1_W_E.112,373.0,79.97,36.0,2,361.29
p1_W_E.113,376.0,103.45,35.0,2,386.04
p1_W_E.114,379.0,102.13,37.0,2,391.75
p1_W_E.115,382.0,100.95,35.0,2,392.23
p1_W_E.116,385.0,99.71,37.0,3,399.01
p1_W_E.117,388.0,98.43,36.0,2,386.64
p1_W_S2.12,400.0,86.24,32.0,3,367.9
p1_E_N1.15,450.0,36.34,9.0,1,258.19
p1_W_E.118,391.0,95.07,35.0,3,383.24
p1_W_E.119,394.0,93.68,32.0,2,386.35
p1_W_E.120,397.0,85.34,33.0,2,374.54
p1_W_E.121,403.0,91.01,31.0,2,400.82
p1_E_W.61,440.0,23.39,9.0,1,252.98
p1_S1_E.13,393.0,97.6,67.0,2,390.72
p1_E_W.62,447.0,49.71,9.0,1,270.43
p1_S1_E.14,423.0,74.46,39.0,2,366.38
p1_E_N1.16,480.0,15.15,0.0,0,227.59
p1_E_W.63,454.0,44.33,6.0,1,291.19
p1_W_E.122,406.0,89.09,38.0,4,388.62
p1_E_W.64,461.0,39.06,4.0,1,277.6
p1_W_E.123,409.0,85.09,37.0,3,393.22
p1_S1_N1.45,450.0,73.48,53.0,2,280.52
p1_E_W.65,468.0,33.86,0.0,0,275.25
p1_N1_S1.47,470.0,53.68,42.0,1,240.23
p1_W_E.124,412.0,78.43,34.0,3,370.68
p1_E_W.66,476.0,27.75,0.0,0,262.14
p1_N1_S1.48,480.0,46.13,33.0,1,235.0
p1_W_E.125,415.0,90.59,34.0,3,377.48
p1_S1_N1.46,460.0,67.49,45.0,1,273.5
p1_N1_S1.49,490.0,38.14,23.0,1,216.47
p1_W_E.126,418.0,89.3,30.0,2,388.74
p1_S1_N1.47,470.0,59.39,45.0,1,241.06
p1_W_E.127,421.0,88.06,27.0,2,389.99
p1_N1_S1.50,500.0,29.97,16.0,1,203.06
p1_N1_S1.51,510.0,21.75,9.0,1,187.26
p1_S2_N2.46,460.0,72.78,60.0,1,268.59
p1_W_E.128,424.0,70.52,23.0,2,340.15
p1_S2_N2.47,470.0,64.73,53.0,1,262.88
p1_N1_S1.52,520.0,12.58,0.0,0,180.34
p1_S1_N1.48,480.0,45.91,33.0,1,219.14
p1_N1_S1.53,530.0,7.1,0.0,0,158.31
p1_S2_N2.48,480.0,54.55,43.0,1,244.1
p1_N2_S2.46,460.0,70.41,58.0,1,260.92
p1_S1_N1.49,490.0,49.06,31.0,1,244.47
p1_N2_S2.47,470.0,70.92,55.0,1,277.64
p1_S2_N2.49,490.0,46.73,35.0,1,225.45
p1_N2_S2.48,480.0,62.66,47.0,1,269.37
p1_S1_N1.50,500.0,35.82,21.0,1,214.41
p1_S1_N1.51,510.0,33.65,15.0,1,218.85
p1_N2_S2.49,490.0,54.34,39.0,1,257.38
p1_S2_N2.50,500.0,37.69,24.0,1,214.54
p1_N2_S2.50,500.0,42.87,30.0,1,220.24
p1_S2_N2.51,510.0,36.7,20.0,1,214.83
p1_N2_S2.51,510.0,35.02,21.0,1,213.54
p1_E_W.67,483.0,35.3,23.0,1,262.33
p1_S2_N2.52,520.0,20.48,7.0,1,182.48
p1_E_W.68,490.0,40.07,21.0,1,261.56
p1_N2_S2.52,520.0,31.07,17.0,1,217.7
p1_S2_N2.53,530.0,22.08,3.0,1,189.03
p1_E_W.69,497.0,34.96,18.0,1,264.88
p1_S2_N2.54,540.0,13.47,0.0,0,187.71
p1_E_W.70,504.0,29.57,13.0,1,268.2
p1_E_N1.17,510.0,23.33,9.0,1,239.53
p1_E_W.71,513.0,22.36,8.0,1,244.73
p1_N2_S2.53,530.0,19.98,6.0,1,188.66
p1_E_W.72,519.0,15.85,2.0,1,227.52
p1_N2_S2.54,540.0,11.27,0.0,0,175.42
p1_W_E.129,427.0,111.78,49.0,3,405.44
p1_N2_W.15,453.0,80.45,62.0,1,336.39
p1_N2_W.16,483.0,59.88,45.0,1,306.18
p1_W_E.130,430.0,104.87,46.0,3,407.89
p1_W_S2.13,433.0,104.93,43.0,3,398.3
p1_W_E.131,435.0,105.1,42.0,3,393.84
p1_W_E.132,438.0,112.28,41.0,3,409.75
p1_N2_W.17,513.0,38.01,20.0,1,254.76
p1_W_E.133,442.0,110.47,39.0,2,415.2
p1_W_E.134,445.0,104.53,37.0,2,419.45
p1_W_E.135,448.0,108.07,36.0,2,430.9
p1_W_E.136,451.0,106.8,36.0,2,432.29
p1_W_E.137,454.0,104.17,34.0,2,422.32
p1_E_W.73,526.0,34.88,23.0,1,259.49
p1_W_S2.14,466.0,103.72,44.0,3,377.31
p1_W_E.138,457.0,85.41,31.0,2,351.96
p1_W_E.139,460.0,101.0,30.0,2,380.59
p1_S1_N1.52,520.0,69.27,50.0,2,270.82
p1_S1_E.15,453.0,121.71,68.0,3,423.63
p1_S1_N1.53,530.0,66.16,40.0,1,280.87
p1_S1_E.16,483.0,85.42,50.0,2,374.15
p1_S1_N1.54,540.0,57.64,40.0,1,265.7
p1_W_E.140,463.0,115.1,44.0,3,406.51
p1_W_E.141,469.0,110.39,41.0,3,411.67
p1_N1_S1.54,540.0,39.59,29.0,1,216.59
p1_S1_N1.55,550.0,51.38,37.0,1,247.66
p1_N1_S1.55,550.0,52.72,27.0,1,228.81
p1_W_E.142,472.0,109.61,40.0,4,411.03
p1_S1_N1.56,560.0,43.23,28.0,1,231.63
p1_N1_S1.56,560.0,38.29,20.0,1,225.39
p1_W_E.143,475.0,99.21,38.0,4,396.07
p1_N1_S1.57,570.0,24.06,8.0,1,206.2
p1_S1_N1.57,570.0,32.83,18.0,1,212.42
p1_W_E.144,478.0,100.54,38.0,4,389.52
p1_W_E.145,481.0,106.17,37.0,5,400.61
p1_N1_S1.58,580.0,28.16,5.0,1,210.88
p1_W_E.146,484.0,95.89,35.0,4,370.63
p1_N1_S1.59,590.0,19.95,0.0,0,195.21
p1_W_E.147,487.0,92.18,34.0,4,362.54
p1_E_W.74,533.0,58.06,39.0,2,310.46
p1_W_E.148,490.0,102.72,30.0,3,381.84
p1_W_E.149,493.0,101.41,31.0,3,383.15
p1_S2_N2.55,550.0,60.77,50.0,1,244.54
p1_E_W.75,540.0,48.46,29.0,2,285.32
p1_E_N1.18,543.0,51.42,27.0,2,304.68
p1_N2_S2.55,550.0,63.84,49.0,1,251.02
p1_S2_N2.56,560.0,58.21,43.0,1,247.69
p1_E_W.76,548.0,47.61,25.0,2,292.07
p1_E_W.77,555.0,44.83,19.0,2,291.6
p1_S2_N2.57,570.0,42.21,31.0,1,218.13
p1_S2_N2.58,580.0,44.46,27.0,1,219.58
p1_E_W.78,562.0,35.86,16.0,1,256.42
p1_N2_S2.56,560.0,50.15,39.0,1,229.31
p1_S2_N2.59,590.0,34.92,18.0,1,214.49
p1_E_W.79,569.0,28.22,14.0,1,247.59
p1_N2_S2.57,570.0,58.07,37.0,1,253.24
p1_S2_N2.60,600.0,27.11,9.0,1,206.3
p1_E_N1.19,572.0,29.46,12.0,1,254.67
p1_E_W.80,576.0,32.88,12.0,1,258.01
p1_N2_S2.58,580.0,50.16,30.0,1,251.59
p1_S2_N2.61,610.0,10.49,0.0,0,170.26
p1_N2_S2.59,590.0,36.04,18.0,1,225.73
p1_E_W.81,584.0,24.01,7.0,1,235.61
p1_S2_N2.62,620.0,8.48,0.0,0,170.64
p1_N2_S2.60,600.0,23.14,9.0,1,190.11
p1_E_W.82,591.0,17.21,0.0,0,230.31
p1_N2_S2.61,610.0,26.61,8.0,1,200.54
p1_E_W.83,598.0,18.5,0.0,0,251.79
p1_N2_S2.62,620.0,15.01,0.0,0,180.48
p1_E_N1.20,601.0,15.71,0.0,0,228.04
p1_N2_W.18,543.0,75.22,52.0,1,341.13
p1_W_E.150,496.0,123.89,55.0,5,414.61
p1_W_E.151,502.0,122.68,51.0,4,428.82
p1_W_S2.15,499.0,115.46,56.0,5,400.19
p1_N2_W.19,573.0,49.79,35.0,1,284.09
p1_W_E.152,505.0,117.03,52.0,5,403.55
p1_W_E.153,508.0,123.0,50.0,3,420.09
p1_W_E.154,511.0,118.39,48.0,3,419.45
p1_S1_N1.58,580.0,75.33,55.0,2,284.29
p1_W_E.155,514.0,120.48,48.0,5,423.28
p1_N1_S1.60,600.0,53.32,42.0,1,243.85
p1_W_E.156,517.0,112.79,49.0,3,410.63
p1_S1_N1.59,590.0,66.55,44.0,2,266.11
p1_N1_S1.61,610.0,49.21,36.0,1,226.83
p1_W_E.157,520.0,119.08,44.0,4,429.54
p1_S1_N1.60,600.0,61.4,40.0,1,268.52
p1_N1_S1.62,620.0,40.94,28.0,1,228.84
p1_S1_E.17,513.0,120.34,75.0,3,417.4
p1_N1_S1.63,630.0,32.09,19.0,1,210.09
p1_S1_E.18,543.0,93.53,60.0,2,364.94
p1_S1_N1.61,610.0,53.72,39.0,1,236.71
p1_S1_E.19,572.0,72.6,39.0,2,344.38
p1_S1_N1.62,620.0,47.33,34.0,1,231.76
p1_W_E.158,523.0,123.29,61.0,6,436.98
p1_W_E.159,526.0,119.49,56.0,4,421.63
p1_S1_N1.63,630.0,37.66,23.0,1,219.05
p1_N1_S1.64,640.0,18.93,6.0,1,179.62
p1_W_E.160,529.0,120.77,52.0,4,433.92
p1_N1_S1.65,650.0,14.91,0.0,0,184.18
p1_S1_N1.64,640.0,33.1,18.0,1,213.08
p1_N1_S1.66,660.0,10.1,0.0,0,162.62
p1_W_E.161,535.0,118.04,49.0,4,423.47
p1_W_S2.16,532.0,115.74,53.0,6,425.58
p1_W_E.162,538.0,116.75,48.0,5,417.34
p1_W_E.163,541.0,115.76,46.0,3,420.57
p1_N2_W.20,603.0,53.73,28.0,2,295.53
p1_E_W.84,605.0,53.72,35.0,2,304.03
p1_W_E.164,544.0,108.52,44.0,4,392.97
p1_W_E.165,547.0,114.15,46.0,3,413.03
p1_E_W.85,612.0,43.69,25.0,2,283.54
p1_E_W.86,620.0,44.88,19.0,2,290.46
p1_W_E.166,550.0,115.37,44.0,4,410.3
p1_E_W.87,627.0,35.98,11.0,2,277.94
p1_E_N1.21,630.0,37.19,11.0,2,278.96
p1_W_E.167,553.0,96.13,44.0,3,365.63
p1_W_E.168,556.0,110.43,41.0,3,388.38
p1_N2_S2.63,630.0,69.4,59.0,1,265.49
p1_W_E.169,559.0,120.33,38.0,3,391.89
p1_E_N1.22,660.0,15.61,0.0,0,220.32
p1_W_E.170,563.0,111.19,35.0,3,395.63
p1_S2_N2.63,630.0,67.27,55.0,1,254.7
p1_N2_S2.64,640.0,63.32,52.0,1,260.04
p1_S2_N2.64,640.0,64.62,50.0,1,256.01
p1_E_W.88,634.0,13.06,0.0,0,221.06
p1_N2_S2.65,650.0,55.25,43.0,1,249.03
p1_E_W.89,641.0,44.74,0.0,0,252.93
p1_N2_S2.66,660.0,46.99,35.0,1,230.81
p1_S2_N2.65,650.0,48.0,37.0,1,233.51
p1_E_W.90,648.0,38.43,0.0,0,253.06
p1_S2_N2.66,660.0,47.34,30.0,1,229.73
p1_E_W.91,656.0,33.26,0.0,0,257.4
p1_S2_N2.67,670.0,35.91,22.0,1,230.59
p1_E_W.92,663.0,24.85,0.0,0,245.06
p1_N2_S2.67,670.0,41.89,27.0,1,229.92
p1_E_W.93,670.0,23.03,0.0,0,231.44
p1_N2_S2.68,680.0,34.61,20.0,1,219.57
p1_S2_N2.68,680.0,27.34,12.0,1,203.55
p1_E_W.94,677.0,17.89,0.0,0,229.63
p1_N2_S2.69,690.0,26.36,10.0,1,201.69
p1_S2_N2.69,690.0,16.42,4.0,1,175.34
p1_S2_N2.70,700.0,13.75,0.0,0,188.11
p1_E_W.95,684.0,12.62,0.0,0,211.41
p1_S2_N2.71,710.0,9.4,0.0,0,173.27
p1_N2_S2.70,700.0,20.22,3.0,1,201.55
p1_S1_N1.65,650.0,76.83,57.0,2,291.38
p1_S1_N1.66,660.0,68.45,46.0,1,270.17
p1_W_E.171,569.0,136.67,61.0,4,429.3
p1_S1_N1.67,670.0,62.4,45.0,1,251.18
p1_W_E.172,572.0,140.16,59.0,4,445.7
p1_N1_S1.67,670.0,50.4,39.0,1,236.67
p1_W_S2.17,566.0,127.96,63.0,4,419.53
p1_S1_N1.68,680.0,54.21,41.0,1,242.04
p1_W_E.173,575.0,138.79,56.0,4,463.85
p1_N1_S1.68,680.0,54.84,36.0,1,249.7
p1_N1_S1.69,690.0,42.43,27.0,1,234.58
p1_S1_N1.69,690.0,45.94,34.0,1,232.2
p1_N1_S1.70,700.0,38.11,20.0,1,244.44
p1_W_E.174,577.0,131.61,55.0,4,429.52
p1_N1_S1.71,710.0,30.02,11.0,1,231.51
p1_S1_E.20,603.0,113.19,66.0,3,411.35
p1_S1_N1.70,700.0,41.21,27.0,1,236.93
p1_N1_S1.72,720.0,21.7,4.0,1,227.28
p1_S1_E.21,633.0,87.93,44.0,2,364.58
p1_N1_S1.73,730.0,13.44,0.0,0,203.55
p1_W_E.175,580.0,142.84,68.0,4,485.63
p1_W_E.176,583.0,141.57,65.0,4,477.67
p1_S1_N1.71,710.0,27.56,14.0,1,203.35
p1_W_E.177,586.0,128.78,66.0,4,427.71
p1_S1_N1.72,720.0,31.52,9.0,1,205.9
p1_W_E.178,589.0,136.18,63.0,4,450.41
p1_W_E.179,592.0,140.84,62.0,4,447.52
p1_W_S2.18,598.0,134.48,57.0,4,438.67
p1_N2_W.21,633.0,99.76,80.0,2,380.3
p1_W_E.180,595.0,139.65,60.0,5,456.71
p1_W_E.181,601.0,135.43,58.0,4,439.74
p1_W_E.182,604.0,134.07,56.0,5,429.78
p1_W_E.183,607.0,132.91,54.0,4,432.25
p1_N2_W.22,663.0,61.82,43.0,2,318.17
p1_E_N1.23,690.0,49.36,29.0,2,295.43
p1_W_E.184,610.0,131.61,53.0,4,420.59
p1_N2_W.23,693.0,49.27,20.0,2,306.59
p1_W_E.185,613.0,130.44,53.0,5,434.78
p1_W_E.186,616.0,129.13,51.0,5,438.7
p1_E_W.96,693.0,41.35,21.0,1,281.04
p1_E_W.97,699.0,46.33,19.0,1,300.12
p1_E_W.98,706.0,34.7,13.0,1,287.9
p1_E_W.99,713.0,37.76,9.0,1,286.54
p1_E_N1.24,723.0,29.43,2.0,1,277.64
p1_E_W.100,720.0,33.63,6.0,1,289.82
p1_W_S2.19,647.0,105.93,42.0,4,373.99
p1_E_W.101,728.0,22.76,0.0,0,259.56
p1_W_E.187,635.0,93.83,45.0,4,358.7
p1_E_W.102,735.0,23.64,0.0,0,260.16
p1_W_E.188,638.0,107.87,43.0,3,387.26
p1_E_W.103,742.0,18.41,0.0,0,244.84
p1_W_E.189,641.0,120.43,42.0,4,417.96
p1_W_E.190,644.0,110.17,41.0,4,405.46
p1_W_E.191,650.0,115.1,41.0,3,420.08
p1_W_E.192,654.0,109.17,38.0,4,406.82
p1_W_E.193,657.0,111.55,38.0,3,397.52
p1_N2_S2.71,710.0,80.65,64.0,1,292.51
p1_S2_N2.72,720.0,71.0,60.0,1,269.45
p1_W_E.194,660.0,110.38,39.0,3,416.39
p1_N2_S2.72,720.0,72.47,60.0,1,272.04
p1_E_N1.25,752.0,16.49,0.0,0,233.66
p1_S2_N2.73,730.0,58.32,46.0,1,245.94
p1_N2_S2.73,730.0,67.88,53.0,1,260.66
p1_S2_N2.74,740.0,58.91,41.0,1,262.4
p1_E_W.104,749.0,8.18,0.0,0,202.71
p1_S2_N2.75,750.0,50.48,35.0,1,250.75
p1_E_W.105,756.0,21.85,0.0,0,246.52
p1_S2_N2.76,760.0,39.95,23.0,1,237.77
p1_S2_N2.77,770.0,34.0,17.0,1,234.56
p1_N2_S2.74,740.0,54.75,41.0,1,235.34
p1_S2_N2.78,780.0,25.71,10.0,1,215.53
p1_S1_N1.73,730.0,69.41,48.0,1,277.25
p1_S1_N1.74,740.0,62.67,48.0,1,256.98
p1_N2_S2.75,750.0,57.43,38.0,1,249.07
p1_S2_N2.79,790.0,16.32,0.0,0,201.91
p1_N1_S1.74,740.0,58.63,47.0,1,241.28
p1_N1_S1.75,750.0,59.61,42.0,1,246.66
p1_S1_N1.75,750.0,59.34,42.0,1,261.26
p1_N2_S2.76,760.0,49.28,30.0,1,247.48
p1_S2_N2.80,800.0,7.04,0.0,0,157.33
p1_N1_S1.76,760.0,47.68,32.0,1,240.33
p1_S1_N1.76,760.0,51.17,36.0,1,239.44
p1_N1_S1.77,770.0,43.1,26.0,1,241.34
p1_N2_S2.77,770.0,33.75,20.0,1,205.24
p1_S1_N1.77,770.0,41.02,28.0,1,218.55
p1_N1_S1.78,780.0,34.91,17.0,1,239.21
p1_N2_S2.78,780.0,31.36,15.0,1,204.3
p1_N1_S1.79,790.0,26.56,9.0,1,214.32
p1_S1_E.22,663.0,133.72,92.0,3,451.39
p1_S1_N1.78,780.0,30.99,17.0,1,200.93
p1_N1_S1.80,800.0,15.66,0.0,0,202.6
p1_S1_N1.79,790.0,28.52,13.0,1,205.99
p1_S1_E.23,693.0,102.71,65.0,3,411.38
p1_S1_E.24,723.0,78.97,34.0,3,385.57
p1_N1_S1.81,810.0,6.59,0.0,0,152.1
p1_E_W.106,764.0,39.86,24.0,1,267.07
p1_W_E.195,663.0,134.16,69.0,4,476.65
p1_W_E.196,666.0,138.91,68.0,4,481.19
p1_W_E.197,669.0,139.77,67.0,4,474.37
p1_W_E.198,672.0,138.5,63.0,5,482.6
p1_E_W.107,771.0,26.22,14.0,1,242.17
p1_E_W.108,778.0,34.13,13.0,1,255.46
p1_N2_W.24,723.0,80.38,60.0,2,340.69
p1_W_E.199,675.0,126.84,58.0,4,430.64
p1_W_S2.20,681.0,134.18,58.0,4,467.81
p1_N2_W.25,753.0,62.79,35.0,1,328.14
p1_W_E.200,678.0,139.03,60.0,5,458.49
p1_N2_W.26,783.0,34.27,12.0,1,286.36
p1_W_E.201,684.0,135.01,58.0,4,468.39
p1_W_E.202,687.0,121.75,56.0,4,434.08
p1_W_E.203,690.0,129.62,54.0,3,431.66
p1_E_N1.26,781.0,36.83,25.0,1,265.94
p1_E_W.109,785.0,37.77,20.0,1,276.45
p1_W_E.204,693.0,137.9,51.0,3,444.36
p1_E_W.110,792.0,35.49,18.0,1,287.09
p1_W_E.205,701.0,131.59,51.0,4,428.04
p1_W_E.206,704.0,130.32,49.0,4,437.91
p1_E_W.111,800.0,24.19,9.0,1,242.92
p1_E_N1.27,810.0,25.04,5.0,1,257.5
p1_W_E.207,707.0,129.05,47.0,3,449.37
p1_E_W.112,807.0,29.45,7.0,1,264.77
p1_W_E.208,710.0,127.7,47.0,3,451.6
p1_E_W.113,814.0,18.5,0.0,0,246.15
p1_W_E.209,713.0,119.45,48.0,3,442.6
p1_W_S2.21,719.0,114.26,45.0,3,422.8
p1_E_W.114,821.0,19.53,0.0,0,265.58
p1_W_E.210,716.0,125.45,47.0,3,454.25
p1_E_W.115,828.0,14.34,0.0,0,244.88
p1_W_E.211,722.0,113.31,46.0,3,416.06
p1_S1_E.25,753.0,86.98,58.0,2,374.66
p1_S1_E.26,783.0,60.12,26.0,2,337.23
p1_E_W.116,836.0,7.76,0.0,0,193.8
p1_W_E.212,725.0,111.68,54.0,4,429.33
p1_W_E.213,728.0,125.36,51.0,4,433.99
p1_S1_N1.80,800.0,72.82,51.0,2,273.4
p1_N1_S1.82,820.0,52.01,40.0,1,240.98
p1_W_E.214,731.0,117.28,49.0,4,435.82
p1_S1_N1.81,810.0,67.39,45.0,1,276.64
p1_N1_S1.83,830.0,44.56,33.0,1,228.83
p1_S2_N2.81,810.0,64.13,52.0,1,250.64
p1_S1_N1.82,820.0,59.66,45.0,1,245.49
p1_N1_S1.84,840.0,34.85,24.0,1,212.28
p1_N2_S2.79,790.0,84.04,63.0,2,299.78
p1_S2_N2.82,820.0,55.95,44.0,1,237.92
p1_S1_N1.83,830.0,51.68,39.0,1,238.34
p1_N1_S1.85,850.0,32.26,16.0,1,210.26
p1_S2_N2.83,830.0,53.24,40.0,1,242.76
p1_N1_S1.86,860.0,24.02,9.0,1,207.27
p1_S1_N1.84,840.0,41.87,28.0,1,219.23
p1_N2_S2.80,800.0,71.46,57.0,1,264.27
p1_S2_N2.84,840.0,39.04,28.0,1,208.47
p1_N1_S1.87,870.0,10.23,0.0,0,170.68
p1_N2_S2.81,810.0,72.02,55.0,1,256.48
p1_S2_N2.85,850.0,38.29,19.0,1,225.0
p1_N1_S1.88,880.0,6.29,0.0,0,155.13
p1_N2_S2.82,820.0,70.02,52.0,1,272.97
p1_S2_N2.86,860.0,27.73,12.0,1,214.16
p1_S2_N2.87,870.0,19.59,3.0,1,204.26
p1_N2_S2.83,830.0,61.84,44.0,1,258.91
p1_S1_N1.85,850.0,37.29,20.0,1,221.76
p1_S2_N2.88,880.0,11.52,0.0,0,191.23
p1_N2_S2.84,840.0,45.53,31.0,1,223.58
p1_S2_N2.89,890.0,5.28,0.0,0,153.2
p1_N2_S2.85,850.0,47.88,27.0,1,237.65
p1_E_N1.28,840.0,30.29,18.0,1,250.25
p1_E_W.117,843.0,34.34,17.0,1,265.21
p1_N2_S2.86,860.0,39.55,22.0,1,230.25
p1_E_W.118,850.0,29.21,16.0,1,243.6
p1_N2_S2.87,870.0,31.29,12.0,1,217.95
p1_W_E.215,734.0,148.91,76.0,6,477.91
p1_W_E.216,737.0,146.92,74.0,6,462.46
p1_W_E.217,740.0,146.55,69.0,5,466.14
p1_W_E.218,743.0,145.54,64.0,5,462.23
p1_E_W.119,857.0,11.44,0.0,0,221.61
p1_W_E.219,746.0,144.41,63.0,5,450.67
p1_W_E.220,749.0,143.42,59.0,4,449.4
p1_N2_W.27,813.0,68.33,52.0,1,304.04
p1_W_S2.22,752.0,143.35,60.0,4,461.2
p1_N2_W.28,843.0,53.42,30.0,1,292.58
p1_W_E.221,755.0,136.07,59.0,6,447.22
p1_W_E.222,766.0,135.93,54.0,4,439.54
p1_W_E.223,769.0,134.69,55.0,4,460.11
p1_E_W.120,864.0,41.18,28.0,1,263.72
p1_W_E.224,772.0,133.45,54.0,3,459.45
p1_W_E.225,775.0,132.18,51.0,3,450.61
p1_W_E.226,778.0,125.35,51.0,3,427.46
p1_S1_N1.86,860.0,74.41,55.0,2,278.86
p1_N1_S1.89,890.0,44.55,34.0,1,228.73
p1_S1_N1.87,870.0,66.38,45.0,2,261.09
p1_N1_S1.90,900.0,36.5,25.0,1,219.16
p1_N1_S1.91,910.0,26.28,13.0,1,194.83
p1_W_E.227,781.0,109.61,51.0,3,400.89
p1_N1_S1.92,920.0,20.67,8.0,1,192.17
p1_S1_N1.88,880.0,59.97,37.0,1,247.91
p1_N1_S1.93,930.0,13.58,0.0,0,188.03
p1_W_S2.23,793.0,126.82,56.0,4,422.86
p1_S1_E.27,813.0,109.49,62.0,2,381.91
p1_S1_E.28,843.0,71.49,38.0,2,338.45
p1_N1_S1.94,940.0,6.18,0.0,0,150.48
p1_W_E.228,784.0,142.0,62.0,5,445.06
p1_S1_N1.89,890.0,49.86,36.0,1,236.54
p1_W_E.229,787.0,140.8,61.0,6,452.2
p1_S1_N1.90,900.0,50.15,31.0,1,243.97
p1_W_E.230,790.0,125.41,58.0,6,421.29
p1_W_E.231,796.0,135.73,52.0,5,446.15
p1_S2_N2.90,900.0,52.93,40.0,1,246.56
p1_E_N1.29,870.0,56.49,39.0,2,306.75
p1_E_W.121,873.0,60.08,39.0,2,310.27
p1_N2_S2.88,880.0,74.58,53.0,2,283.13
p1_S2_N2.91,910.0,44.65,33.0,1,232.83
p1_W_E.232,799.0,128.9,51.0,6,447.43
p1_E_W.122,879.0,56.03,33.0,2,301.47
p1_S2_N2.92,920.0,36.38,22.0,1,209.67
p1_N2_S2.89,890.0,66.85,46.0,1,274.45
p1_E_W.123,886.0,50.88,29.0,2,306.53
p1_S2_N2.93,930.0,28.44,17.0,1,197.33
p1_N2_S2.90,900.0,57.88,44.0,1,246.74
p1_S2_N2.94,940.0,20.49,8.0,1,192.8
p1_E_W.124,893.0,43.3,22.0,3,284.43
p1_S2_N2.95,950.0,11.71,0.0,0,172.94
p1_E_W.125,900.0,41.1,15.0,2,296.9
p1_N2_S2.91,910.0,50.1,36.0,1,234.4
p1_E_N1.30,903.0,37.11,12.0,1,279.78
p1_E_W.126,908.0,36.77,11.0,1,285.06
p1_N2_S2.92,920.0,48.64,30.0,1,239.86
p1_N2_S2.93,930.0,40.55,21.0,1,233.92
p1_E_W.127,915.0,31.19,10.0,1,261.79
p1_S2_N2.96,960.0,6.01,0.0,0,151.4
p1_E_W.128,922.0,28.19,9.0,1,256.93
p1_E_W.129,929.0,23.71,5.0,1,252.29
p1_N2_S2.94,940.0,28.28,14.0,1,209.26
p1_S2_N2.97,970.0,5.35,0.0,0,149.12
p1_N2_S2.95,950.0,26.2,7.0,1,203.47
p1_E_N1.31,932.0,22.94,5.0,1,248.85
p1_E_W.130,936.0,20.58,2.0,1,244.36
p1_N2_S2.96,960.0,17.87,0.0,0,204.73
p1_W_E.233,802.0,156.94,78.0,6,482.3
p1_N2_W.29,873.0,85.72,60.0,2,366.74
p1_W_E.234,805.0,155.88,71.0,5,477.85
p1_N2_W.30,903.0,60.07,43.0,1,296.89
p1_W_E.235,808.0,151.1,69.0,5,459.18
p1_W_E.236,811.0,156.28,69.0,5,474.27
p1_W_E.237,814.0,142.06,67.0,5,451.18
p1_N1_S1.95,950.0,45.57,35.0,1,225.55
p1_S1_N1.91,910.0,83.82,63.0,2,296.1
p1_N1_S1.96,960.0,35.84,25.0,1,209.59
p1_N1_S1.97,970.0,30.45,19.0,1,207.72
p1_W_E.238,817.0,136.17,63.0,5,435.67
p1_W_S2.24,827.0,142.25,52.0,5,443.32
p1_S1_N1.92,920.0,72.5,51.0,2,265.61
p1_W_E.239,820.0,158.35,59.0,4,453.95
p1_S1_N1.93,930.0,73.66,44.0,2,272.58
p1_W_E.240,823.0,160.51,54.0,4,466.45
p1_S1_N1.94,940.0,65.43,38.0,1,268.87
p1_N1_S1.98,980.0,16.31,5.0,1,185.9
p1_W_E.241,830.0,139.82,53.0,4,433.95
p1_S1_N1.95,950.0,57.27,37.0,2,246.9
p1_W_E.242,841.0,146.17,50.0,3,441.78
p1_N1_S1.99,990.0,13.61,0.0,0,188.18
p1_S1_E.29,873.0,107.71,61.0,3,414.2
p1_S1_N1.96,960.0,43.21,30.0,1,218.57
p1_S1_E.30,903.0,87.1,49.0,2,380.1
p1_S1_N1.97,970.0,42.32,28.0,1,229.86
p1_W_E.243,845.0,147.32,64.0,4,470.28
p1_W_E.244,848.0,146.08,66.0,4,472.43
p1_N1_S1.100,1000.0,6.49,0.0,0,150.85
p1_W_E.245,851.0,133.37,60.0,4,444.65
p1_W_E.246,854.0,144.09,59.0,4,469.01
p1_N2_W.31,933.0,64.24,40.0,2,326.22
p1_W_E.247,857.0,142.88,56.0,4,469.06
p1_E_W.131,944.0,55.36,37.0,2,306.45
p1_E_W.132,951.0,50.09,30.0,2,294.25
p1_W_E.248,860.0,124.17,53.0,4,416.8
p1_W_E.249,863.0,132.91,54.0,4,426.78
p1_W_E.250,866.0,134.35,53.0,4,437.11
p1_E_N1.32,961.0,44.98,15.0,2,279.96
p1_W_S2.25,869.0,125.17,48.0,4,433.79
p1_W_E.251,872.0,129.03,50.0,4,428.3
p1_E_W.133,958.0,36.85,19.0,2,271.0
p1_W_E.252,875.0,131.32,51.0,4,442.25
p1_W_E.253,878.0,134.35,49.0,4,444.22
p1_W_E.254,881.0,133.04,47.0,4,453.29
p1_E_W.134,965.0,31.64,10.0,2,259.58
p1_E_N1.33,990.0,26.04,3.0,1,245.49
p1_W_E.255,884.0,128.22,47.0,5,453.58
p1_E_W.135,972.0,44.36,9.0,2,280.36
p1_W_E.256,887.0,130.91,47.0,5,441.3
p1_E_W.136,980.0,28.2,3.0,1,257.65
p1_W_E.257,890.0,127.55,45.0,4,440.07
p1_E_W.137,987.0,32.12,3.0,1,265.16
p1_S2_N2.98,980.0,63.54,53.0,1,258.86
p1_E_W.138,994.0,21.99,3.0,1,251.46
p1_S2_N2.99,990.0,55.36,44.0,1,244.79
p1_E_W.139,1001.0,19.39,0.0,0,248.68
p1_N2_S2.97,970.0,76.18,59.0,1,268.56
p1_S2_N2.100,1000.0,47.4,36.0,1,233.58
p1_N2_S2.98,980.0,68.26,54.0,1,265.17
p1_S2_N2.101,1010.0,39.12,27.0,1,228.83
p1_S2_N2.102,1020.0,29.99,18.0,1,209.65
p1_S2_N2.103,1030.0,23.71,10.0,1,199.97
p1_E_N1.34,1020.0,11.63,0.0,0,214.75
p1_E_W.140,1008.0,8.24,0.0,0,203.78
p1_N2_S2.99,990.0,54.81,42.0,1,233.56
p1_E_W.141,1016.0,19.78,0.0,0,228.73
p1_N2_S2.100,1000.0,58.97,39.0,1,255.36
p1_E_W.142,1023.0,14.48,0.0,0,225.39
p1_S2_N2.104,1040.0,10.49,0.0,0,168.5
p1_S1_N1.98,980.0,81.7,62.0,2,293.91
p1_S2_N2.105,1050.0,9.72,0.0,0,168.86
p1_S1_N1.99,990.0,73.61,52.0,2,283.95
p1_N1_S1.101,1010.0,49.15,39.0,1,233.87
p1_N2_S2.101,1010.0,41.62,26.0,1,214.19
p1_N1_S1.102,1020.0,43.75,30.0,1,234.55
p1_N2_S2.102,1020.0,44.58,23.0,1,239.63
p1_N2_S2.103,1030.0,37.32,16.0,1,228.09
p1_S1_N1.100,1000.0,66.86,43.0,2,264.33
p1_N1_S1.103,1030.0,30.21,19.0,1,203.69
p1_W_E.258,893.0,153.87,70.0,5,477.17
p1_S1_N1.101,1010.0,56.95,40.0,1,243.37
p1_N1_S1.104,1040.0,33.13,14.0,1,210.27
p1_W_E.259,896.0,156.81,68.0,5,470.5
p1_S1_N1.102,1020.0,51.55,38.0,1,244.68
p1_N1_S1.105,1050.0,18.55,3.0,1,192.08
p1_W_E.260,914.0,139.89,61.0,4,465.95
p1_S1_N1.103,1030.0,47.65,31.0,1,234.83
p1_N1_S1.106,1060.0,16.38,0.0,0,205.43
p1_N1_S1.107,1070.0,6.54,0.0,0,150.56
p1_W_S2.26,917.0,139.97,58.0,4,448.15
p1_S1_N1.104,1040.0,39.57,22.0,1,221.54
p1_S1_E.31,933.0,125.39,76.0,4,419.06
p1_S1_E.32,963.0,97.71,53.0,2,369.43
p1_W_E.261,921.0,141.84,68.0,4,472.73
p1_E_W.143,1030.0,32.34,20.0,1,254.59
p1_W_E.262,924.0,140.82,64.0,5,465.9
p1_W_E.263,927.0,137.95,61.0,4,448.84
p1_W_E.264,930.0,135.93,60.0,5,448.26
p1_W_E.265,933.0,134.23,60.0,4,453.19
p1_N2_W.32,963.0,83.79,66.0,2,345.29
p1_W_E.266,936.0,126.61,59.0,5,434.38
p1_N2_W.33,993.0,79.54,45.0,2,336.88
p1_W_E.267,939.0,132.37,59.0,5,442.06
p1_N2_W.34,1023.0,53.75,21.0,1,317.21
p1_E_W.144,1037.0,44.12,23.0,1,279.31
p1_W_E.268,942.0,137.77,60.0,5,452.06
p1_W_E.269,945.0,137.96,54.0,6,461.25
p1_E_W.145,1044.0,38.85,18.0,1,279.98
p1_W_S2.27,951.0,131.94,48.0,4,450.1
p1_W_E.270,948.0,133.92,52.0,4,466.19
p1_E_W.146,1053.0,31.63,8.0,1,263.64
p1_W_E.271,954.0,132.57,48.0,4,452.3
p1_E_N1.35,1050.0,24.8,9.0,1,250.21
p1_E_W.147,1059.0,27.37,8.0,1,263.21
p1_W_E.272,957.0,131.27,49.0,4,444.01
p1_E_W.148,1066.0,20.46,2.0,1,260.77
p1_W_E.273,960.0,129.89,49.0,4,443.18
p1_E_W.149,1073.0,16.9,0.0,0,253.27
p1_W_E.274,963.0,124.36,47.0,4,427.01
p1_E_W.150,1080.0,11.78,0.0,0,221.92
p1_E_N1.36,1083.0,10.97,0.0,0,221.88
p1_W_E.275,984.0,102.27,37.0,3,379.35
p1_E_W.151,1088.0,7.39,0.0,0,204.4
p1_W_E.276,987.0,101.21,34.0,3,370.27
p1_W_E.277,990.0,104.11,33.0,4,391.75
p1_W_E.278,993.0,107.62,32.0,3,404.72
p1_E_W.152,1095.0,6.54,0.0,0,190.51
p1_N2_S2.104,1040.0,84.39,62.0,2,296.5
p1_N2_S2.105,1050.0,75.12,54.0,1,274.36
p1_S2_N2.106,1060.0,60.47,50.0,1,243.82
p1_S2_N2.107,1070.0,60.53,46.0,1,258.95
p1_N1_S1.108,1080.0,52.54,43.0,1,239.15
p1_S2_N2.108,1080.0,52.35,38.0,1,249.06
p1_N2_S2.106,1060.0,69.36,52.0,1,258.7
p1_N1_S1.109,1090.0,44.58,32.0,1,234.33
p1_S2_N2.109,1090.0,41.76,26.0,1,236.53
p1_S1_N1.105,1050.0,80.52,59.0,2,293.93
p1_N2_S2.107,1070.0,65.52,49.0,1,256.96
p1_N1_S1.110,1100.0,36.47,24.0,1,216.52
p1_S2_N2.110,1100.0,32.91,18.0,1,222.43
p1_S1_N1.106,1060.0,76.21,53.0,2,277.07
p1_S2_N2.111,1110.0,27.68,10.0,1,210.24
p1_S1_N1.107,1070.0,68.85,44.0,1,280.94
p1_N2_S2.108,1080.0,50.77,38.0,1,223.11
p1_S2_N2.112,1120.0,19.43,4.0,1,207.6
p1_N2_S2.109,1090.0,50.03,34.0,1,242.44
p1_N1_S1.111,1110.0,25.94,14.0,1,193.69
p1_S2_N2.113,1130.0,10.63,0.0,0,176.45
p1_S1_N1.108,1080.0,57.08,44.0,1,240.15
p1_N2_S2.110,1100.0,43.04,26.0,1,236.03
p1_N1_S1.112,1120.0,23.07,7.0,1,198.22
p1_N1_S1.113,1130.0,14.81,0.0,0,197.91
p1_S1_N1.109,1090.0,54.38,40.0,1,242.75
p1_N2_S2.111,1110.0,31.57,17.0,1,211.16
p1_S2_N2.114,1140.0,5.45,0.0,0,151.87
p1_N1_S1.114,1140.0,6.1,0.0,0,154.07
p1_W_E.279,996.0,135.38,60.0,4,443.29
p1_S1_N1.110,1100.0,42.7,29.0,1,226.2
p1_S1_E.33,993.0,140.0,92.0,4,461.36
p1_E_W.153,1102.0,31.85,19.0,1,256.12
p1_S1_N1.111,1110.0,34.56,20.0,1,209.26
p1_E_W.154,1109.0,26.94,14.0,1,244.28
p1_W_S2.28,1002.0,137.47,67.0,5,476.07
p1_N2_W.35,1053.0,81.69,53.0,1,348.7
p1_S1_E.34,1023.0,101.5,70.0,3,396.84
p1_N2_W.36,1083.0,56.45,38.0,1,294.3
p1_W_E.280,999.0,144.04,68.0,7,480.34
p1_W_E.281,1005.0,135.1,62.0,5,470.41
p1_W_E.282,1008.0,137.65,62.0,6,461.72
p1_N2_W.37,1113.0,34.52,15.0,1,263.3
p1_W_E.283,1011.0,137.2,60.0,5,462.26
p1_W_E.284,1014.0,135.48,55.0,4,466.12
p1_W_E.285,1017.0,133.04,52.0,4,459.79
p1_W_E.286,1020.0,124.12,52.0,6,436.11
p1_W_E.287,1023.0,123.83,49.0,4,433.15
p1_W_E.288,1025.0,131.27,50.0,4,433.33
p1_W_E.289,1029.0,130.69,54.0,5,446.52
p1_E_N1.37,1112.0,42.87,27.0,1,278.76
p1_W_E.290,1032.0,129.92,51.0,5,450.42
p1_E_W.155,1116.0,38.46,24.0,1,267.71
p1_W_E.291,1044.0,119.75,48.0,4,428.51
p1_E_W.156,1124.0,37.68,19.0,1,267.41
p1_W_S2.29,1040.0,116.97,49.0,6,414.5
p1_E_W.157,1131.0,34.76,14.0,1,269.97
p1_E_W.158,1138.0,29.52,9.0,1,271.62
p1_E_N1.38,1141.0,26.39,9.0,1,260.54
p1_W_E.292,1047.0,113.92,48.0,4,403.03
p1_W_E.293,1050.0,119.97,43.0,4,420.75
p1_S1_E.35,1053.0,118.25,74.0,3,422.04
p1_E_W.159,1145.0,21.21,5.0,1,248.51
p1_S1_E.36,1083.0,83.65,57.0,2,367.08
p1_E_W.160,1152.0,21.31,0.0,0,261.21
p1_W_E.294,1053.0,115.67,52.0,5,419.58
p1_W_E.295,1056.0,120.47,49.0,6,425.44
p1_W_E.296,1059.0,119.81,47.0,4,435.36
p1_N1_S1.115,1150.0,51.25,38.0,1,236.57
p1_W_E.297,1062.0,118.61,43.0,3,454.7
p1_W_E.298,1065.0,116.98,39.0,3,440.83
p1_S1_N1.112,1120.0,83.53,61.0,3,293.84
p1_N1_S1.116,1160.0,40.45,25.0,1,217.46
p1_W_E.299,1068.0,107.25,40.0,3,399.61
p1_N1_S1.117,1170.0,35.22,21.0,1,230.86
p1_W_E.300,1071.0,116.8,40.0,3,423.62
p1_N1_S1.118,1180.0,29.4,13.0,1,220.53
p1_S1_N1.113,1130.0,71.5,48.0,3,268.74
p1_N1_S1.119,1190.0,21.1,4.0,1,212.8
p1_S2_N2.115,1150.0,59.15,48.0,1,253.24
p1_S1_N1.114,1140.0,73.13,42.0,2,277.28
p1_N1_S1.120,1200.0,12.86,0.0,0,198.89
p1_N2_S2.112,1120.0,86.87,66.0,2,298.25
p1_S2_N2.116,1160.0,53.87,42.0,1,248.33
p1_N2_S2.113,1130.0,85.62,60.0,2,314.4
p1_S1_N1.115,1150.0,64.81,39.0,1,266.97
p1_S2_N2.117,1170.0,45.67,33.0,1,237.95
p1_S1_N1.116,1160.0,56.54,36.0,2,247.99
p1_N1_S1.121,1210.0,5.91,0.0,0,153.03
p1_N2_S2.114,1140.0,77.34,58.0,1,295.74
p1_S2_N2.118,1180.0,37.3,24.0,1,226.29
p1_S1_N1.117,1170.0,47.73,29.0,1,247.27
p1_S2_N2.119,1190.0,26.63,14.0,1,195.96
p1_S2_N2.120,1200.0,21.03,8.0,1,190.17
p1_S2_N2.121,1210.0,12.73,0.0,0,181.55
p1_S2_N2.122,1220.0,5.29,0.0,0,147.57
p1_N2_S2.115,1150.0,61.58,48.0,1,254.72
p1_E_W.161,1160.0,40.28,27.0,1,265.14
p1_N2_S2.116,1160.0,66.41,46.0,1,257.61
p1_E_W.162,1167.0,42.52,26.0,1,279.43
p1_E_N1.39,1170.0,39.21,26.0,1,267.36
p1_N2_S2.117,1170.0,55.18,36.0,1,243.33
p1_E_W.163,1174.0,37.54,22.0,1,256.5
p1_N2_S2.118,1180.0,52.16,30.0,1,256.19
p1_E_W.164,1181.0,32.53,19.0,1,252.22
p1_N2_S2.119,1190.0,45.69,25.0,1,253.93
p1_N2_S2.120,1200.0,37.57,17.0,1,244.15
p1_W_S2.30,1074.0,143.73,64.0,4,478.15
p1_E_W.165,1188.0,21.75,7.0,1,230.69
p1_E_W.166,1196.0,24.57,4.0,1,245.27
p1_W_E.301,1077.0,135.66,60.0,4,461.79
p1_N2_W.38,1143.0,77.04,56.0,1,325.12
p1_W_E.302,1080.0,141.19,60.0,4,473.95
p1_W_E.303,1083.0,136.96,55.0,5,464.73
p1_W_E.304,1086.0,140.85,54.0,4,464.15
p1_W_E.305,1089.0,139.71,51.0,4,468.41
p1_N2_W.39,1173.0,53.83,34.0,1,294.97
p1_W_E.306,1092.0,137.14,51.0,3,449.19
p1_W_E.307,1095.0,136.11,48.0,3,449.41
p1_W_E.308,1098.0,135.9,47.0,3,449.26
p1_W_E.309,1107.0,125.85,46.0,3,421.37
p1_W_E.310,1111.0,126.14,45.0,4,422.86
p1_W_S2.31,1114.0,124.31,45.0,3,431.19
p1_S1_E.37,1113.0,127.86,82.0,4,440.71
p1_S1_E.38,1143.0,99.08,59.0,3,400.86
p1_S1_N1.118,1180.0,84.18,62.0,2,299.67
p1_N1_S1.122,1220.0,44.05,33.0,1,222.15
p1_S1_N1.119,1190.0,76.26,53.0,2,288.9
p1_N1_S1.123,1230.0,36.7,25.0,1,214.05
p1_S1_E.39,1173.0,68.82,40.0,2,338.84
p1_N1_S1.124,1240.0,28.52,16.0,1,205.7
p1_N1_S1.125,1250.0,21.16,9.0,1,192.19
p1_N1_S1.126,1260.0,12.76,0.0,0,180.01
p1_S1_N1.120,1200.0,65.1,42.0,2,272.73
p1_S1_N1.121,1210.0,64.55,37.0,1,275.36
p1_W_E.311,1117.0,117.66,55.0,4,407.42
p1_S1_N1.122,1220.0,56.36,36.0,1,254.79
p1_N1_S1.127,1270.0,6.62,0.0,0,156.14
p1_W_E.312,1120.0,130.7,53.0,4,445.8
p1_W_E.313,1123.0,134.18,50.0,4,443.06
p1_W_E.314,1126.0,132.85,49.0,4,440.3
p1_S1_N1.123,1230.0,44.07,30.0,1,224.29
p1_W_E.315,1129.0,127.64,48.0,4,453.42
p1_W_E.316,1132.0,130.37,49.0,4,454.33
p1_W_E.317,1135.0,128.99,46.0,5,464.37
p1_S2_N2.123,1230.0,56.32,46.0,1,247.66
p1_W_E.318,1138.0,123.23,43.0,4,446.07
p1_E_N1.40,1200.0,62.65,44.0,2,313.66
p1_S2_N2.124,1240.0,48.68,37.0,1,232.26
p1_E_W.167,1203.0,63.63,42.0,2,323.07
p1_N2_S2.121,1210.0,75.03,53.0,2,274.0
p1_E_W.168,1210.0,60.54,39.0,2,323.53
p1_N2_S2.122,1220.0,72.44,46.0,1,281.81
p1_E_W.169,1217.0,55.36,33.0,2,314.47
p1_N2_S2.123,1230.0,64.12,45.0,1,255.64
p1_S2_N2.125,1250.0,37.69,26.0,1,209.39
p1_S2_N2.126,1260.0,30.29,17.0,1,201.96
p1_N2_S2.124,1240.0,57.3,41.0,1,245.81
p1_E_W.170,1224.0,43.92,24.0,2,286.85
p1_S2_N2.127,1270.0,20.74,8.0,1,193.94
p1_N2_S2.125,1250.0,49.11,36.0,1,244.32
p1_S2_N2.128,1280.0,18.98,2.0,1,187.31
p1_N2_S2.126,1260.0,40.38,27.0,1,222.6
p1_S2_N2.129,1290.0,11.71,0.0,0,179.49
p1_E_W.171,1233.0,46.97,14.0,1,296.61
p1_E_N1.41,1230.0,38.11,16.0,2,280.73
p1_E_W.172,1239.0,39.58,13.0,1,285.2
p1_E_W.173,1246.0,40.03,13.0,1,276.74
p1_S2_N2.130,1300.0,6.24,0.0,0,155.79
p1_E_W.174,1253.0,32.64,11.0,1,251.58
p1_N2_S2.127,1270.0,30.95,16.0,1,214.62
p1_E_W.175,1260.0,29.35,11.0,1,257.54
p1_E_N1.42,1263.0,27.34,8.0,1,255.32
p1_N2_S2.128,1280.0,24.83,9.0,1,201.82
p1_E_W.176,1268.0,23.74,6.0,1,247.75
p1_W_E.319,1141.0,151.78,69.0,5,481.17
p1_N2_S2.129,1290.0,24.19,2.0,1,199.11
p1_E_W.177,1275.0,18.53,1.0,1,234.13
p1_W_E.320,1144.0,150.83,64.0,6,468.47
p1_N2_W.40,1203.0,92.17,61.0,2,370.9
p1_W_E.321,1150.0,150.04,58.0,5,450.94
p1_W_S2.32,1147.0,145.94,59.0,4,452.07
p1_W_E.322,1153.0,148.92,53.0,3,448.33
p1_W_E.323,1156.0,147.69,52.0,4,439.36
p1_N2_W.41,1233.0,58.92,45.0,1,301.28
p1_W_E.324,1159.0,146.58,50.0,3,440.65
p1_W_E.325,1162.0,142.15,50.0,3,435.07
p1_S1_N1.124,1240.0,89.26,70.0,2,301.59
p1_N1_S1.128,1280.0,48.88,39.0,1,229.38
p1_W_E.326,1165.0,141.88,49.0,4,438.43
p1_S1_N1.125,1250.0,81.32,60.0,2,287.21
p1_N1_S1.129,1290.0,43.52,32.0,1,231.37
p1_W_E.327,1171.0,137.97,50.0,5,434.88
p1_S1_N1.126,1260.0,75.48,52.0,2,286.88
p1_N1_S1.130,1300.0,35.35,23.0,1,210.5
p1_S1_E.40,1203.0,111.17,61.0,3,418.08
p1_N1_S1.131,1310.0,27.01,15.0,1,209.29
p1_N1_S1.132,1320.0,18.67,5.0,1,197.98
p1_S1_N1.127,1270.0,69.23,45.0,2,263.97
p1_N1_S1.133,1330.0,10.53,0.0,0,168.11
p1_S1_E.41,1233.0,74.04,49.0,2,335.34
p1_W_E.328,1175.0,146.35,69.0,5,460.14
p1_W_E.329,1178.0,145.06,66.0,4,452.52
p1_W_S2.33,1184.0,139.12,63.0,4,455.25
p1_W_E.330,1181.0,140.98,62.0,5,466.87
p1_W_E.331,1187.0,135.42,63.0,4,450.9
p1_W_E.332,1190.0,135.82,60.0,4,460.99
p1_W_E.333,1193.0,137.13,60.0,5,456.37
p1_S1_N1.128,1280.0,51.88,40.0,1,237.36
p1_W_E.334,1195.0,136.84,55.0,4,460.18
p1_S1_N1.129,1290.0,57.59,36.0,1,242.34
p1_W_E.335,1200.0,133.52,53.0,4,450.38
p1_S1_N1.130,1300.0,55.34,34.0,1,252.09
p1_W_E.336,1203.0,131.58,54.0,5,444.26
p1_N2_W.42,1263.0,74.09,52.0,2,337.99
p1_W_E.337,1207.0,126.14,52.0,5,418.16
p1_N1_S1.134,1340.0,6.66,0.0,0,158.11
p1_W_E.338,1210.0,128.98,52.0,4,432.86
p1_E_W.178,1282.0,56.85,39.0,2,311.91
p1_E_W.179,1289.0,52.0,32.0,2,305.96
p1_S1_N1.131,1310.0,29.79,14.0,1,203.59
p1_S1_N1.132,1320.0,37.69,12.0,1,212.57
p1_S2_N2.131,1310.0,57.63,47.0,1,247.07
p1_W_E.339,1213.0,117.59,49.0,4,382.32
p1_E_W.180,1296.0,51.78,19.0,2,291.36
p1_S2_N2.132,1320.0,49.53,38.0,1,232.61
p1_N2_S2.130,1300.0,68.79,50.0,1,272.02
p1_E_W.181,1304.0,45.8,14.0,2,288.63
p1_S2_N2.133,1330.0,41.32,29.0,1,224.97
p1_N2_S2.131,1310.0,62.53,49.0,1,258.56
p1_E_W.182,1311.0,40.65,9.0,1,281.3
p1_E_N1.43,1292.0,41.8,20.0,2,286.91
p1_N2_S2.132,1320.0,51.63,38.0,1,233.58
p1_E_W.183,1318.0,31.95,9.0,1,256.65
p1_S2_N2.134,1340.0,30.03,17.0,1,202.28
p1_E_N1.44,1321.0,35.42,9.0,1,268.52
p1_N2_S2.133,1330.0,48.27,34.0,1,240.4
p1_S2_N2.135,1350.0,28.73,14.0,1,207.54
p1_N2_S2.134,1340.0,40.04,26.0,1,221.85
p1_S2_N2.136,1360.0,20.57,3.0,1,203.74
p1_N2_S2.135,1350.0,31.86,17.0,1,213.48
p1_E_W.184,1325.0,25.74,5.0,1,236.51
p1_E_W.185,1332.0,32.25,5.0,1,253.84
p1_N2_S2.136,1360.0,25.94,10.0,1,204.72
p1_E_W.186,1340.0,22.37,0.0,0,252.47
p1_E_N1.45,1350.0,16.77,0.0,0,233.7
p1_N2_S2.137,1370.0,18.1,1.0,1,193.49
p1_S2_N2.137,1370.0,6.7,0.0,0,154.22
p1_E_W.187,1347.0,20.74,0.0,0,253.83
p1_N2_S2.138,1380.0,9.16,0.0,0,168.33
p1_S2_N2.138,1380.0,6.55,0.0,0,149.7
p1_E_W.188,1354.0,15.56,0.0,0,239.0
p1_N2_W.43,1293.0,78.23,52.0,2,353.44
p1_W_E.340,1216.0,157.91,76.0,5,454.63
p1_W_S2.34,1222.0,153.42,79.0,7,464.19
p1_W_E.341,1242.0,134.95,69.0,4,437.59
p1_W_E.342,1246.0,133.68,67.0,4,438.17
p1_N1_S1.135,1350.0,50.73,40.0,1,235.19
p1_W_E.343,1249.0,132.52,65.0,4,456.26
p1_S1_N1.133,1330.0,73.36,52.0,2,286.29
p1_N1_S1.136,1360.0,43.93,32.0,1,232.59
p1_W_E.344,1252.0,131.41,65.0,4,438.31
p1_S1_N1.134,1340.0,63.41,41.0,1,262.14
p1_N1_S1.137,1370.0,35.88,23.0,1,209.52
p1_W_E.345,1255.0,127.69,64.0,4,443.9
p1_W_E.346,1258.0,130.02,59.0,4,446.24
p1_N1_S1.138,1380.0,25.04,12.0,1,196.76
p1_S1_E.42,1263.0,126.83,75.0,4,433.24
p1_S1_N1.135,1350.0,53.4,40.0,1,234.6
p1_N1_S1.139,1390.0,21.6,5.0,1,198.1
p1_S1_N1.136,1360.0,52.92,37.0,1,245.23
p1_N1_S1.140,1400.0,13.33,0.0,0,190.06
p1_S1_E.43,1293.0,95.33,57.0,2,374.14
p1_S1_N1.137,1370.0,40.87,27.0,1,215.55
p1_W_E.347,1261.0,133.55,77.0,4,456.7
p1_N1_S1.141,1410.0,5.92,0.0,0,150.47
p1_S1_N1.138,1380.0,35.9,20.0,1,218.96
p1_W_E.348,1264.0,123.38,74.0,4,417.71
p1_W_E.349,1267.0,133.88,74.0,5,429.05
p1_W_S2.35,1273.0,128.48,69.0,4,449.73
p1_W_E.350,1270.0,129.35,72.0,4,450.46
p1_N2_W.44,1323.0,80.77,58.0,2,345.13
p1_W_E.351,1276.0,128.4,64.0,5,458.13
p1_N2_W.45,1353.0,52.6,30.0,2,305.44
p1_W_E.352,1279.0,116.95,62.0,5,408.78
p1_W_E.353,1282.0,130.46,62.0,5,431.32
p1_W_E.354,1285.0,127.01,58.0,4,429.48
p1_E_W.189,1361.0,34.37,17.0,1,260.87
p1_E_N1.46,1380.0,33.55,9.0,1,273.59
p1_W_E.355,1288.0,123.37,57.0,4,418.39
p1_E_W.190,1368.0,48.46,17.0,1,274.7
p1_W_E.356,1291.0,126.8,58.0,5,420.61
p1_E_W.191,1376.0,39.52,11.0,1,304.4
p1_W_E.357,1294.0,119.38,55.0,4,419.03
p1_W_E.358,1297.0,110.82,55.0,5,385.43
p1_E_W.192,1383.0,24.73,3.0,1,256.75
p1_W_E.359,1314.0,109.75,46.0,3,384.38
p1_E_W.193,1390.0,33.33,1.0,1,268.81
p1_E_W.194,1397.0,26.46,0.0,0,259.62
p1_W_E.360,1317.0,107.51,44.0,4,400.4
p1_W_E.361,1324.0,103.27,45.0,3,388.73
p1_E_W.195,1404.0,9.53,0.0,0,204.83
p1_E_N1.47,1410.0,11.41,0.0,0,218.57
p1_W_S2.36,1320.0,95.06,45.0,4,378.19
p1_E_W.196,1413.0,16.54,0.0,0,239.75
p1_S2_N2.139,1390.0,63.35,51.0,1,258.35
p1_N2_S2.139,1390.0,65.53,54.0,1,262.62
p1_S2_N2.140,1400.0,55.47,43.0,1,238.2
p1_N2_S2.140,1400.0,57.76,47.0,1,245.0
p1_S2_N2.141,1410.0,47.7,34.0,1,232.07
p1_E_W.197,1419.0,7.63,0.0,0,192.72
p1_S2_N2.142,1420.0,39.69,27.0,1,216.65
p1_N2_S2.141,1410.0,47.34,34.0,1,228.64
p1_E_W.198,1426.0,13.68,0.0,0,205.91
p1_S2_N2.143,1430.0,31.08,19.0,1,208.49
p1_N2_S2.142,1420.0,44.12,30.0,1,227.64
p1_S2_N2.144,1440.0,23.1,9.0,1,196.16
p1_S2_N2.145,1450.0,14.02,1.0,1,180.49
p1_S2_N2.146,1460.0,8.44,0.0,0,159.87
p1_N2_S2.143,1430.0,32.56,18.0,1,209.87
p1_E_W.199,1433.0,7.75,0.0,0,200.33
p1_N1_S1.142,1420.0,52.1,42.0,1,244.9
p1_N2_S2.144,1440.0,32.0,14.0,1,207.03
p1_N1_S1.143,1430.0,44.26,34.0,1,235.27
p1_S1_N1.139,1390.0,78.85,60.0,2,280.77
p1_W_E.362,1327.0,124.51,68.0,4,430.18
p1_S1_N1.140,1400.0,74.48,51.0,2,287.78
p1_N1_S1.144,1440.0,33.92,22.0,1,214.63
p1_S1_N1.141,1410.0,69.87,47.0,1,277.61
p1_S1_N1.142,1420.0,61.64,44.0,1,251.66
p1_N1_S1.145,1450.0,24.75,13.0,1,202.04
p1_W_E.363,1330.0,119.91,63.0,4,431.52
p1_N1_S1.146,1460.0,16.5,5.0,1,182.46
p1_W_E.364,1333.0,117.74,63.0,4,411.89
p1_S1_N1.143,1430.0,51.96,38.0,1,245.52
p1_N1_S1.147,1470.0,15.52,0.0,0,189.48
p1_S1_N1.144,1440.0,46.65,31.0,1,239.01
p1_S1_E.44,1323.0,142.45,90.0,4,460.97
p1_S1_E.45,1353.0,111.76,73.0,3,431.6
p1_S1_E.46,1383.0,85.92,43.0,3,380.86
p1_N1_S1.148,1480.0,6.2,0.0,0,150.74
p1_W_E.365,1336.0,129.0,69.0,4,475.23
p1_S1_N1.145,1450.0,37.29,23.0,1,221.28
p1_W_E.366,1339.0,133.66,67.0,5,496.14
p1_S1_N1.146,1460.0,35.28,16.0,1,219.98
p1_W_E.367,1342.0,123.33,64.0,4,442.95
p1_S1_N1.147,1470.0,27.01,8.0,1,210.08
p1_W_E.368,1345.0,126.75,60.0,5,457.65
p1_W_E.369,1348.0,130.15,60.0,4,472.76
p1_W_S2.37,1354.0,125.08,55.0,4,420.05
p1_E_W.200,1440.0,37.34,24.0,1,260.06
p1_N2_W.46,1383.0,91.11,75.0,2,350.21
p1_N2_W.47,1413.0,73.68,47.0,2,333.69
p1_W_E.370,1351.0,109.6,56.0,4,401.54
p1_E_N1.48,1443.0,44.4,23.0,2,297.12
p1_N2_W.48,1443.0,37.36,13.0,2,278.95
p1_W_E.371,1357.0,132.4,50.0,4,438.44
p1_W_E.372,1361.0,108.29,51.0,4,390.78
p1_E_W.201,1448.0,32.74,14.0,1,265.41
p1_W_E.373,1364.0,130.77,48.0,3,417.82
p1_E_W.202,1455.0,33.19,12.0,1,275.99
p1_W_E.374,1367.0,126.84,47.0,3,420.72
p1_E_N1.49,1472.0,24.96,2.0,1,273.75
p1_W_E.375,1375.0,123.14,47.0,3,416.34
p1_E_W.203,1462.0,34.61,8.0,1,289.97
p1_E_W.204,1469.0,30.08,4.0,1,294.34
p1_W_E.376,1378.0,117.34,47.0,3,419.54
p1_E_W.205,1476.0,23.19,0.0,0,275.58
p1_W_E.377,1381.0,120.76,47.0,4,402.99
p1_W_S2.38,1393.0,108.89,39.0,3,412.69
p1_W_E.378,1384.0,119.63,45.0,4,428.57
p1_E_W.206,1484.0,14.3,0.0,0,223.51
p1_W_E.379,1387.0,111.97,44.0,3,420.33
p1_E_W.207,1491.0,7.11,0.0,0,197.02
p1_W_E.380,1390.0,117.27,42.0,4,431.95
p1_E_W.208,1498.0,10.13,0.0,0,204.63
p1_N2_S2.145,1450.0,78.24,56.0,2,285.59
p1_N2_S2.146,1460.0,71.97,51.0,1,287.96
p1_E_N1.50,1501.0,9.28,0.0,0,205.53
p1_S2_N2.147,1470.0,54.74,42.0,1,238.71
p1_E_W.209,1505.0,7.3,0.0,0,197.85
p1_S2_N2.148,1480.0,55.89,40.0,1,252.33
p1_N2_S2.147,1470.0,59.39,49.0,1,247.5
p1_S2_N2.149,1490.0,47.69,31.0,1,239.14
p1_S2_N2.150,1500.0,37.26,22.0,1,231.03
p1_N2_S2.148,1480.0,54.89,42.0,1,237.64
p1_N2_S2.149,1490.0,46.95,34.0,1,221.33
p1_N2_S2.150,1500.0,44.2,29.0,1,231.55
p1_S2_N2.151,1510.0,19.36,8.0,1,183.62
p1_N2_S2.151,1510.0,36.99,20.0,1,213.31
p1_S2_N2.152,1520.0,26.96,6.0,1,192.38
p1_S2_N2.153,1530.0,12.26,0.0,0,179.92
p1_N2_S2.152,1520.0,29.15,13.0,1,214.67
p1_S1_N1.148,1480.0,67.17,46.0,1,265.52
p1_N2_S2.153,1530.0,19.39,2.0,1,188.76
p1_S2_N2.154,1540.0,6.34,0.0,0,150.65
p1_N1_S1.149,1490.0,52.33,43.0,1,233.82
p1_S1_N1.149,1490.0,65.27,45.0,1,265.44
p1_W_E.381,1396.0,139.32,65.0,4,447.38
p1_N1_S1.150,1500.0,56.97,38.0,1,250.51
p1_S1_N1.150,1500.0,56.75,41.0,1,261.76
p1_N1_S1.151,1510.0,47.95,30.0,1,240.41
p1_S1_E.47,1413.0,123.71,86.0,3,448.99
p1_N1_S1.152,1520.0,40.4,21.0,1,230.31
p1_S1_E.48,1443.0,96.43,59.0,3,392.41
p1_S1_N1.151,1510.0,48.62,34.0,1,224.95
p1_N1_S1.153,1530.0,26.46,10.0,1,215.16
p1_W_E.382,1399.0,142.87,81.0,4,476.81
p1_N1_S1.154,1540.0,23.96,5.0,1,215.16
p1_S1_N1.152,1520.0,39.63,24.0,1,221.89
p1_N1_S1.155,1550.0,15.74,0.0,0,189.11
p1_S1_N1.153,1530.0,30.91,17.0,1,199.06
p1_N1_S1.156,1560.0,7.46,0.0,0,152.21
p1_S1_N1.154,1540.0,29.65,12.0,1,210.6
p1_W_E.383,1402.0,132.21,80.0,4,439.28
p1_S1_N1.155,1550.0,18.1,1.0,1,185.48
p1_W_E.384,1405.0,126.49,77.0,5,428.6
p1_W_E.385,1408.0,149.11,72.0,4,453.41
p1_E_W.210,1512.0,39.13,29.0,1,268.07
p1_W_E.386,1411.0,135.65,71.0,4,453.62
p1_N2_W.49,1473.0,84.33,61.0,2,347.66
p1_W_E.387,1414.0,141.49,67.0,4,455.78
p1_N2_W.50,1503.0,52.38,32.0,2,301.58
p1_E_W.211,1520.0,42.11,28.0,1,278.5
p1_W_E.388,1417.0,132.44,68.0,4,463.41
p1_W_S2.39,1426.0,130.98,59.0,4,451.44
p1_W_E.389,1420.0,144.53,65.0,4,468.95
p1_W_E.390,1423.0,143.25,63.0,4,481.53
p1_W_E.391,1429.0,138.93,59.0,4,464.51
p1_E_N1.51,1530.0,37.52,15.0,1,283.86
p1_E_W.212,1527.0,31.07,18.0,1,251.72
p1_W_E.392,1432.0,137.73,59.0,6,455.1
p1_E_W.213,1534.0,36.23,15.0,1,271.89
p1_W_E.393,1435.0,136.36,54.0,4,466.28
p1_E_W.214,1541.0,31.0,12.0,1,267.11
p1_W_E.394,1446.0,127.32,51.0,3,447.4
p1_W_E.395,1449.0,125.97,53.0,3,442.91
p1_W_E.396,1453.0,123.69,51.0,3,438.53
p1_E_W.215,1548.0,20.06,2.0,1,245.21
p1_W_E.397,1456.0,115.8,49.0,3,429.88
p1_E_W.216,1556.0,23.1,0.0,0,245.3
p1_W_E.398,1459.0,121.35,49.0,4,442.23
p1_E_W.217,1563.0,17.98,0.0,0,236.17
p1_W_E.399,1462.0,120.06,48.0,4,442.14
p1_W_S2.40,1468.0,115.49,49.0,4,394.76
p1_E_W.218,1570.0,11.31,0.0,0,221.92
p1_E_N1.52,1560.0,10.73,0.0,0,215.2
p1_W_E.400,1465.0,106.62,49.0,3,382.68
p1_W_E.401,1471.0,108.44,44.0,4,385.8
p1_S1_E.49,1473.0,107.68,69.0,3,396.75
p1_S1_E.50,1503.0,78.69,51.0,2,345.53
p1_E_W.219,1577.0,7.57,0.0,0,198.21
p1_S2_N2.155,1550.0,66.31,55.0,1,258.27
p1_E_W.220,1584.0,7.4,0.0,0,200.92
p1_S2_N2.156,1560.0,56.33,44.0,1,249.64
p1_E_N1.53,1590.0,8.09,0.0,0,207.67
p1_N2_S2.154,1540.0,75.54,57.0,1,278.99
p1_S2_N2.157,1570.0,50.77,38.0,1,245.94
p1_E_W.221,1593.0,6.99,0.0,0,197.55
p1_N2_S2.155,1550.0,66.75,56.0,1,265.85
p1_N2_S2.156,1560.0,58.55,45.0,1,248.02
p1_S2_N2.158,1580.0,37.71,26.0,1,218.37
p1_S2_N2.159,1590.0,37.86,21.0,1,229.28
p1_N1_S1.157,1570.0,59.6,47.0,1,251.04
p1_N2_S2.157,1570.0,54.68,39.0,1,248.78
p1_S1_N1.156,1560.0,69.85,52.0,1,268.26
p1_N2_S2.158,1580.0,50.65,33.0,1,247.65
p1_S2_N2.160,1600.0,24.94,9.0,1,208.42
p1_S2_N2.161,1610.0,15.54,3.0,1,187.85
p1_N2_S2.159,1590.0,42.48,25.0,1,236.33
p1_S2_N2.162,1620.0,13.29,0.0,0,192.78
p1_S1_N1.157,1570.0,62.74,51.0,1,246.96
p1_N1_S1.158,1580.0,49.06,37.0,1,236.53
p1_S2_N2.163,1630.0,6.09,0.0,0,152.12
p1_S1_N1.158,1580.0,56.53,44.0,1,250.31
p1_N1_S1.159,1590.0,41.64,28.0,1,240.11
p1_N1_S1.160,1600.0,37.54,23.0,1,248.12
p1_S1_N1.159,1590.0,48.93,33.0,1,237.85
p1_N1_S1.161,1610.0,27.08,13.0,1,220.01
p1_N2_S2.160,1600.0,28.48,14.0,1,199.94
p1_S1_N1.160,1600.0,41.23,28.0,1,225.93
p1_N1_S1.162,1620.0,22.21,8.0,1,216.42
p1_N2_S2.161,1610.0,27.95,10.0,1,209.0
p1_S1_E.51,1533.0,87.11,48.0,3,382.54
p1_N2_S2.162,1620.0,24.66,3.0,1,210.86
p1_N1_S1.163,1630.0,7.4,0.0,0,158.69
p1_W_E.402,1474.0,147.99,79.0,4,490.18
p1_N1_S1.164,1640.0,6.54,0.0,0,154.67
p1_S1_N1.161,1610.0,30.47,15.0,1,208.61
p1_S1_N1.162,1620.0,28.74,11.0,1,222.99
p1_W_E.403,1477.0,142.29,76.0,4,463.32
p1_E_W.222,1599.0,31.3,20.0,1,252.2
p1_W_E.404,1480.0,142.16,76.0,5,470.06
p1_N2_W.51,1533.0,99.47,69.0,3,388.09
p1_W_E.405,1483.0,151.08,74.0,4,484.4
p1_W_E.406,1486.0,140.3,74.0,4,462.82
p1_W_E.407,1489.0,143.32,69.0,4,466.51
p1_N2_W.52,1563.0,65.77,44.0,1,320.12
p1_W_E.408,1492.0,147.63,65.0,4,478.27
p1_N2_W.53,1593.0,46.69,24.0,1,289.83
p1_W_E.409,1495.0,146.02,61.0,4,476.03
p1_W_E.410,1498.0,144.99,61.0,3,470.1
p1_W_S2.41,1501.0,139.25,61.0,3,447.52
p1_E_W.223,1606.0,39.07,26.0,1,259.16
p1_E_W.224,1613.0,33.91,20.0,1,261.37
p1_W_E.411,1504.0,135.46,60.0,3,435.07
p1_W_E.412,1512.0,137.58,61.0,3,440.23
p1_W_E.413,1515.0,136.31,58.0,3,458.57
p1_W_E.414,1518.0,131.36,57.0,3,435.41
p1_E_W.225,1620.0,26.48,14.0,1,245.96
p1_E_N1.54,1623.0,30.32,13.0,1,276.28
p1_W_E.415,1521.0,133.79,55.0,4,441.78
p1_W_E.416,1524.0,132.51,56.0,4,445.25
p1_W_E.417,1527.0,128.07,52.0,3,445.87
p1_E_W.226,1628.0,22.12,7.0,1,245.97
p1_W_E.418,1530.0,130.1,54.0,3,454.12
p1_W_E.419,1533.0,128.89,53.0,4,434.91
p1_E_W.227,1635.0,16.16,2.0,1,225.23
p1_W_E.420,1536.0,127.54,51.0,3,442.68
p1_E_W.228,1642.0,22.03,0.0,0,251.35
p1_W_S2.42,1539.0,125.33,51.0,3,435.34
p1_W_E.421,1542.0,123.66,48.0,3,434.98
p1_S1_E.52,1563.0,105.25,66.0,2,386.5
p1_E_W.229,1649.0,8.39,0.0,0,205.84
p1_S1_E.53,1593.0,77.38,47.0,2,350.86
p1_E_W.230,1656.0,14.95,0.0,0,220.97
p1_S1_E.54,1623.0,45.62,15.0,2,301.16
p1_E_N1.55,1652.0,10.18,0.0,0,218.42
p1_W_E.422,1545.0,130.45,59.0,4,462.02
p1_N2_S2.163,1630.0,72.22,56.0,1,276.46
p1_S1_N1.163,1630.0,75.12,56.0,2,281.04
p1_N1_S1.165,1650.0,55.26,44.0,1,247.2
p1_N2_S2.164,1640.0,66.23,54.0,1,266.83
p1_S2_N2.164,1640.0,57.47,45.0,1,245.73
p1_S2_N2.165,1650.0,57.52,41.0,1,251.95
p1_N1_S1.166,1660.0,47.32,36.0,1,230.39
p1_N2_S2.165,1650.0,57.88,44.0,1,259.08
p1_S2_N2.166,1660.0,49.26,33.0,1,241.45
p1_N1_S1.167,1670.0,39.26,29.0,1,220.24
p1_N2_S2.166,1660.0,51.32,38.0,1,247.24
p1_S2_N2.167,1670.0,41.07,25.0,1,229.4
p1_S2_N2.168,1680.0,32.69,17.0,1,226.89
p1_S2_N2.169,1690.0,22.41,7.0,1,210.4
p1_N2_S2.167,1670.0,41.94,29.0,1,224.84
p1_S1_N1.164,1640.0,59.24,47.0,1,243.25
p1_N2_S2.168,1680.0,36.17,20.0,1,223.1
p1_S2_N2.170,1700.0,16.08,0.0,0,203.76
p1_S1_N1.165,1650.0,67.55,47.0,1,248.51
p1_S2_N2.171,1710.0,7.94,0.0,0,171.07
p1_S1_N1.166,1660.0,59.22,39.0,1,259.13
p1_N1_S1.168,1680.0,23.66,13.0,1,190.68
p1_S1_N1.167,1670.0,50.92,31.0,1,251.39
p1_N2_S2.169,1690.0,28.14,13.0,1,212.68
p1_S1_N1.168,1680.0,42.58,25.0,1,246.0
p1_N1_S1.169,1690.0,31.89,11.0,1,215.05
p1_N1_S1.170,1700.0,23.69,3.0,1,199.02
p1_N2_S2.170,1700.0,23.43,7.0,1,203.46
p1_S1_N1.169,1690.0,34.35,17.0,1,231.58
p1_N1_S1.171,1710.0,14.32,0.0,0,184.2
p1_N2_S2.171,1710.0,9.86,0.0,0,171.72
p1_W_E.423,1548.0,159.5,82.0,5,511.15
p1_W_E.424,1551.0,158.88,79.0,6,509.05
p1_W_E.425,1554.0,157.91,78.0,5,492.79
p1_E_W.231,1664.0,31.51,20.0,1,249.14
p1_E_N1.56,1681.0,32.25,17.0,1,259.39
p1_E_W.232,1671.0,37.18,19.0,1,264.37
p1_E_W.233,1678.0,38.99,17.0,1,266.9
p1_W_E.426,1557.0,150.02,76.0,5,468.78
p1_E_W.234,1685.0,33.76,17.0,1,261.28
p1_W_E.427,1560.0,158.33,73.0,5,482.57
p1_W_E.428,1563.0,157.95,70.0,5,480.59
p1_N2_W.54,1622.0,98.57,65.0,3,393.87
p1_N2_W.55,1653.0,68.87,44.0,2,351.78
p1_N2_W.56,1683.0,40.85,19.0,1,300.97
p1_W_E.429,1566.0,143.98,67.0,4,445.57
p1_W_S2.43,1591.0,131.98,54.0,5,435.45
p1_W_E.430,1588.0,139.15,53.0,3,437.26
p1_W_E.431,1594.0,134.84,54.0,4,456.88
p1_W_E.432,1598.0,132.69,51.0,4,445.39
p1_E_W.235,1692.0,38.94,25.0,1,265.21
p1_W_E.433,1601.0,131.39,49.0,3,449.59
p1_E_W.236,1700.0,32.95,19.0,1,248.2
p1_W_E.434,1604.0,130.07,49.0,3,452.43
p1_W_E.435,1607.0,128.92,49.0,3,457.29
p1_E_W.237,1707.0,27.02,13.0,1,234.19
p1_E_W.238,1714.0,28.94,8.0,1,259.66
p1_E_N1.57,1710.0,24.4,9.0,1,246.96
p1_E_W.239,1721.0,23.76,6.0,1,259.22
p1_W_E.436,1610.0,110.91,50.0,3,389.13
p1_W_E.437,1613.0,135.06,49.0,4,396.69
p1_N1_S1.172,1720.0,51.61,39.0,1,232.82
p1_W_E.438,1616.0,110.67,47.0,3,401.79
p1_W_E.439,1619.0,133.0,47.0,4,420.54
p1_W_S2.44,1624.0,126.23,51.0,4,452.41
p1_N1_S1.173,1730.0,43.2,32.0,1,224.88
p1_S1_E.55,1653.0,93.76,62.0,2,366.33
p1_N1_S1.174,1740.0,33.89,22.0,1,209.4
p1_S1_E.56,1683.0,64.57,31.0,2,342.33
p1_S1_N1.170,1700.0,73.86,50.0,2,283.47
p1_N1_S1.175,1750.0,28.39,15.0,1,197.58
p1_W_E.440,1622.0,135.32,52.0,4,464.84
p1_W_E.441,1628.0,128.62,46.0,4,452.3
p1_S1_N1.171,1710.0,66.57,41.0,1,276.43
p1_N1_S1.176,1760.0,18.33,6.0,1,187.33
p1_W_E.442,1631.0,129.8,49.0,5,459.97
p1_S1_N1.172,1720.0,61.89,39.0,1,252.8
p1_S1_N1.173,1730.0,53.47,35.0,1,238.19
p1_N1_S1.177,1770.0,8.95,0.0,0,167.53
p1_W_E.443,1634.0,112.56,42.0,4,410.8
p1_S1_N1.174,1740.0,45.22,27.0,1,233.05
p1_W_E.444,1637.0,111.62,41.0,4,418.04
p1_S2_N2.172,1720.0,67.5,55.0,1,260.32
p1_W_E.445,1640.0,120.61,39.0,4,409.44
p1_N2_S2.172,1720.0,69.75,57.0,1,269.02
p1_S2_N2.173,1730.0,59.72,49.0,1,249.89
p1_N2_S2.173,1730.0,61.13,48.0,1,251.44
p1_S2_N2.174,1740.0,51.88,40.0,1,242.41
p1_N2_S2.174,1740.0,53.95,41.0,1,244.66
p1_N1_S1.178,1780.0,6.1,0.0,0,148.93
p1_S1_N1.175,1750.0,36.48,19.0,1,218.27
p1_N2_S2.175,1750.0,48.52,35.0,1,238.61
p1_S2_N2.175,1750.0,39.33,27.0,1,218.18
p1_S1_N1.176,1760.0,33.37,14.0,1,214.85
p1_S2_N2.176,1760.0,35.46,22.0,1,225.44
p1_E_W.240,1728.0,50.49,26.0,1,297.71
p1_N2_S2.176,1760.0,40.43,25.0,1,227.04
p1_S2_N2.177,1770.0,28.91,14.0,1,220.32
p1_N2_S2.177,1770.0,32.36,17.0,1,209.35
p1_E_W.241,1736.0,40.4,25.0,1,253.3
p1_S2_N2.178,1780.0,22.9,6.0,1,209.61
p1_S2_N2.179,1790.0,14.63,0.0,0,198.93
p1_E_N1.58,1740.0,39.24,24.0,1,262.81
p1_E_W.242,1743.0,41.66,24.0,1,272.42
p1_N2_S2.178,1780.0,26.5,9.0,1,202.46
p2_S2_N2.0,1800.0,6.41,0.0,0,160.56
p1_N2_S2.179,1790.0,16.34,2.0,1,190.91
p1_E_W.243,1750.0,34.43,19.0,1,258.97
p2_N2_S2.0,1800.0,10.72,0.0,0,187.8
p1_E_W.244,1757.0,33.28,17.0,1,265.89
p1_E_W.245,1764.0,27.92,12.0,1,260.66
p1_E_N1.59,1770.0,23.42,6.0,1,250.23
p1_E_W.246,1773.0,21.97,4.0,1,245.26
p1_W_E.446,1643.0,152.88,63.0,6,454.68
p1_N2_W.57,1713.0,83.88,57.0,1,355.19
p1_N2_W.58,1743.0,55.44,40.0,1,294.8
p1_W_E.447,1646.0,145.98,59.0,6,442.74
p1_W_E.448,1649.0,153.34,56.0,7,463.79
p1_W_S2.45,1667.0,139.06,44.0,3,441.09
p1_N2_W.59,1773.0,32.63,16.0,1,254.77
p1_W_E.449,1652.0,136.22,54.0,5,440.07
p1_W_E.450,1664.0,147.46,46.0,3,441.9
p1_W_E.451,1670.0,133.45,45.0,3,427.57
p1_S1_N1.177,1770.0,66.13,43.0,2,265.86
p1_S1_N1.178,1780.0,61.34,36.0,1,255.93
p1_N1_S1.179,1790.0,44.61,32.0,1,217.61
p1_W_E.452,1673.0,119.52,46.0,3,410.92
p2_N1_S1.0,1800.0,44.42,27.0,1,230.6
p1_W_E.453,1676.0,131.52,44.0,3,437.45
p1_W_E.454,1679.0,145.54,44.0,4,442.41
p1_S1_N1.179,1790.0,51.46,35.0,1,226.75
p1_W_E.455,1682.0,141.58,42.0,3,443.19
p2_S1_N1.0,1800.0,48.05,31.0,1,233.4
p1_W_E.456,1685.0,143.61,43.0,5,438.16
p2_S1_N1.1,1810.0,34.31,23.0,1,210.43
p1_S1_E.57,1713.0,117.3,63.0,2,412.52
p2_S1_N1.2,1820.0,32.41,16.0,1,208.3
p1_S1_E.58,1743.0,80.37,45.0,2,351.11
p1_W_E.457,1688.0,146.0,64.0,4,457.59
p1_W_S2.46,1699.0,131.49,54.0,4,431.47
p1_W_E.458,1691.0,144.76,59.0,4,461.63
p2_S1_N1.3,1830.0,16.74,4.0,1,188.84
p1_W_E.459,1694.0,137.46,56.0,4,439.91
p2_S1_N1.4,1840.0,11.84,0.0,0,184.96
p1_W_E.460,1696.0,134.88,57.0,4,450.38
p2_S1_N1.5,1850.0,10.86,0.0,0,176.97
p1_W_E.461,1702.0,139.49,52.0,5,454.29
p1_W_E.462,1705.0,138.28,53.0,4,447.59
p2_S2_W.0,1803.0,40.42,23.0,1,281.36
p1_W_E.463,1708.0,137.09,48.0,5,451.99
p1_E_W.247,1779.0,66.67,46.0,2,326.21
p1_W_E.464,1711.0,135.75,48.0,5,461.97
p2_S2_N2.1,1810.0,57.77,47.0,1,245.6
p1_E_W.248,1786.0,54.85,35.0,2,301.4
p2_S2_N2.2,1820.0,51.49,39.0,1,232.94
p2_S2_N2.3,1830.0,43.71,30.0,1,237.75
p1_E_W.249,1793.0,59.67,33.0,2,327.04
p2_E_W.0,1800.0,53.75,28.0,2,320.71
p2_N2_S2.1,1810.0,50.81,39.0,1,235.7
p2_N2_S2.2,1820.0,59.99,39.0,1,243.84
p2_N2_S2.3,1830.0,51.61,29.0,1,252.29
p2_N2_S2.4,1840.0,35.73,18.0,1,227.39
p2_N2_S2.5,1850.0,35.15,13.0,1,242.58
p2_N2_S2.6,1860.0,26.85,6.0,1,217.82
p2_N2_S2.7,1870.0,18.65,0.0,0,204.62
p2_S2_N2.4,1840.0,42.24,23.0,2,220.78
p2_S2_N2.5,1850.0,40.7,16.0,2,222.45
p2_N2_S2.8,1880.0,9.88,0.0,0,171.13
p2_S2_N2.6,1860.0,32.29,9.0,2,220.24
p1_W_E.465,1714.0,160.76,72.0,6,482.32
p2_E_S1.0,1803.0,72.06,43.0,3,345.3
p1_W_E.466,1717.0,159.79,71.0,5,479.06
p2_N1_S1.1,1810.0,89.43,67.0,3,296.18
p2_S1_N1.6,1860.0,39.87,27.0,1,221.81
p1_W_E.467,1720.0,156.43,67.0,5,471.5
p2_N1_S1.2,1820.0,81.38,56.0,3,280.37
p2_N1_S1.3,1830.0,73.2,46.0,3,269.87
p2_S1_N1.7,1870.0,30.24,18.0,1,203.78
p2_S1_N1.8,1880.0,24.86,9.0,1,196.58
p2_S1_N1.9,1890.0,17.05,0.0,0,187.43
p2_S1_N1.10,1900.0,6.83,0.0,0,160.9
p1_W_E.468,1723.0,145.38,67.0,5,440.76
p1_W_S2.47,1744.0,139.55,58.0,5,460.43
p1_W_E.469,1726.0,158.94,63.0,5,448.68
p1_W_E.470,1741.0,150.55,60.0,4,446.51
p2_N1_S1.4,1840.0,74.19,44.0,3,278.03
p1_W_E.471,1747.0,143.09,55.0,4,466.62
p2_S1_N1.11,1910.0,5.48,0.0,0,150.42
p2_N1_S1.5,1850.0,66.13,41.0,2,268.68
p1_W_E.472,1750.0,137.49,55.0,4,450.14
p2_N1_S1.6,1860.0,57.98,33.0,2,246.59
p1_S1_E.59,1773.0,123.91,68.0,5,429.09
p2_N1_E.0,1803.0,91.28,61.0,3,389.29
p2_N1_S1.7,1870.0,51.55,31.0,1,238.8
p1_W_E.473,1753.0,144.78,72.0,4,480.18
p1_W_E.474,1756.0,146.69,68.0,4,491.93
p2_N1_S1.8,1880.0,42.26,24.0,1,221.92
p1_W_E.475,1759.0,145.42,68.0,4,481.36
p2_N1_S1.9,1890.0,36.03,15.0,1,212.35
p2_S1_N1.12,1920.0,5.85,0.0,0,151.04
p1_W_E.476,1762.0,144.12,67.0,4,482.17
p1_W_E.477,1765.0,140.43,65.0,5,465.64
p1_W_E.478,1768.0,141.7,61.0,4,462.09
p2_E_W.1,1805.0,104.95,70.0,4,384.63
p1_W_E.479,1771.0,139.7,61.0,4,470.8
p1_W_E.480,1774.0,134.21,60.0,5,440.7
p1_W_S2.48,1777.0,135.04,61.0,4,451.75
p2_N2_S2.9,1890.0,51.02,38.0,1,243.7
p2_E_W.2,1808.0,89.39,60.0,3,360.25
p2_N2_S2.10,1900.0,43.26,30.0,1,225.17
p2_E_W.3,1812.0,110.77,60.0,3,394.81
p2_E_W.4,1815.0,107.95,56.0,3,403.19
p2_E_W.5,1818.0,98.98,55.0,3,394.54
p2_E_W.6,1821.0,105.68,53.0,3,404.48
p2_N2_S2.11,1910.0,30.99,17.0,1,209.25
p2_N2_S2.12,1920.0,28.57,10.0,1,212.08
p2_E_W.7,1824.0,100.51,51.0,3,400.92
p2_E_W.8,1827.0,100.49,49.0,3,412.66
p2_N2_S2.13,1930.0,23.2,5.0,1,201.79
p2_E_W.9,1830.0,103.83,49.0,3,419.82
p2_E_W.10,1833.0,99.34,46.0,3,398.44
p2_N2_S2.14,1940.0,6.78,0.0,0,150.76
p2_N2_S2.15,1950.0,9.1,0.0,0,152.78
p1_W_E.481,1780.0,162.46,77.0,6,484.93
p2_E_S1.1,1836.0,103.88,52.0,4,384.05
p2_S1_N1.13,1930.0,35.3,24.0,1,212.95
p1_W_E.482,1783.0,157.93,78.0,5,472.68
p2_S1_N1.14,1940.0,27.59,15.0,1,197.76
p1_W_E.483,1786.0,161.07,76.0,5,475.97
p1_W_E.484,1789.0,153.23,73.0,5,469.27
p1_W_E.485,1792.0,160.75,73.0,5,470.49
p1_W_E.486,1796.0,158.44,72.0,6,476.54
p2_N1_E.1,1833.0,122.69,66.0,5,435.42
p2_S1_N1.15,1950.0,11.96,0.0,0,175.6
p2_N1_E.2,1863.0,94.15,48.0,2,400.14
p2_S1_N1.16,1960.0,14.29,0.0,0,175.85
p1_W_E.487,1815.0,144.55,81.0,4,482.67
p2_S1_N1.17,1970.0,10.06,0.0,0,166.21
p1_W_E.488,1818.0,143.15,76.0,5,471.9
p1_W_E.489,1821.0,141.86,77.0,4,463.75
p2_N1_S1.10,1900.0,81.56,50.0,3,284.42
p2_S1_N1.18,1980.0,5.39,0.0,0,148.64
p1_W_E.490,1824.0,139.49,74.0,4,450.93
p2_N1_S1.11,1910.0,75.95,39.0,2,287.5
p1_W_S2.49,1827.0,138.91,72.0,4,450.03
p2_N1_S1.12,1920.0,67.71,40.0,2,271.05
p2_N1_S1.13,1930.0,61.09,37.0,2,253.15
p2_N1_S1.14,1940.0,52.99,34.0,2,240.65
p2_N1_S1.15,1950.0,44.65,24.0,2,230.41
p1_W_E.491,1830.0,126.64,70.0,4,408.35
p2_S1_N1.19,1990.0,6.07,0.0,0,147.03
p1_W_E.492,1833.0,141.37,71.0,4,449.04
p1_W_E.493,1836.0,140.61,67.0,4,463.92
p2_S2_N2.7,1870.0,129.38,95.0,3,352.22
p2_N2_S2.16,1960.0,41.1,28.0,1,219.86
p1_W_E.494,1839.0,140.45,68.0,4,477.63
p2_E_W.11,1839.0,139.81,86.0,5,421.67
p2_N2_S2.17,1970.0,33.18,20.0,1,210.74
p2_S2_N2.8,1880.0,119.33,93.0,3,340.18
p2_N2_S2.18,1980.0,24.34,12.0,1,196.85
p2_S2_N2.9,1890.0,117.08,90.0,3,331.13
p2_N2_S2.19,1990.0,17.55,3.0,1,191.14
p2_N2_S2.20,2000.0,6.21,0.0,0,147.69
p2_E_W.12,1842.0,125.2,82.0,5,403.67
p2_E_W.13,1845.0,149.24,77.0,5,430.3
p2_N2_S2.21,2010.0,5.99,0.0,0,157.74
p2_E_W.14,1848.0,139.43,78.0,5,437.24
p2_S2_N2.10,1900.0,112.48,84.0,4,335.47
p2_E_W.15,1851.0,146.65,75.0,6,455.23
p2_S2_W.1,1833.0,165.8,100.0,6,501.96
p2_S2_N2.11,1910.0,103.6,73.0,4,318.23
p2_E_W.16,1854.0,147.11,86.0,5,484.45
p2_S2_N2.12,1920.0,102.75,66.0,4,330.22
p2_E_W.17,1857.0,145.86,84.0,5,475.36
p2_E_W.18,1860.0,144.71,81.0,4,470.05
p2_E_W.19,1863.0,142.84,76.0,3,454.4
p2_E_W.20,1866.0,142.12,76.0,3,458.65
p2_E_S1.2,1869.0,143.3,80.0,4,458.52
p1_W_E.495,1842.0,163.12,100.0,5,511.24
p2_N1_S1.16,1960.0,76.98,48.0,3,283.03
p1_W_E.496,1845.0,172.36,95.0,5,526.61
p2_N1_S1.17,1970.0,68.92,39.0,2,274.75
p1_W_E.497,1848.0,171.11,91.0,5,528.99
p2_S1_N1.20,2000.0,33.36,21.0,1,209.59
p1_W_E.498,1851.0,169.75,90.0,5,527.38
p2_N1_S1.18,1980.0,59.09,35.0,2,247.15
p2_S1_N1.21,2010.0,33.28,15.0,1,205.58
p1_W_E.499,1854.0,167.42,87.0,5,532.02
p2_S1_N1.22,2020.0,24.95,5.0,1,200.01
p2_S1_N1.23,2030.0,8.05,0.0,0,159.08
p2_S1_N1.24,2040.0,5.62,0.0,0,152.36
p1_W_S2.50,1860.0,170.92,101.0,5,493.15
p1_W_E.500,1857.0,149.08,87.0,5,462.26
p2_N1_S1.19,1990.0,64.04,33.0,2,273.85
p2_N1_E.3,1893.0,140.76,88.0,4,462.62
p2_N1_S1.20,2000.0,55.75,32.0,2,242.17
p2_S1_N1.25,2050.0,5.97,0.0,0,149.81
p2_N1_E.4,1923.0,112.51,64.0,3,397.29
p2_N1_E.5,1953.0,84.09,41.0,3,369.79
p2_N1_S1.21,2010.0,45.48,23.0,2,234.33
p1_W_E.501,1863.0,176.51,99.0,5,521.68
p2_N1_S1.22,2020.0,42.18,19.0,2,218.76
p1_W_E.502,1866.0,173.99,97.0,5,511.6
p1_W_E.503,1868.0,174.98,98.0,6,525.97
p1_W_E.504,1887.0,157.71,83.0,4,504.43
p2_E_W.21,1872.0,174.88,107.0,5,496.7
p1_W_E.505,1891.0,138.4,80.0,4,438.82
p2_E_W.22,1875.0,173.68,103.0,5,490.09
p1_W_E.506,1894.0,154.01,80.0,5,463.79
p2_E_W.23,1878.0,172.7,98.0,6,491.7
p1_W_E.507,1897.0,149.56,77.0,4,466.27
p2_E_W.24,1881.0,171.84,97.0,6,493.49
p1_W_E.508,1900.0,152.61,75.0,4,464.97
p1_W_E.509,1903.0,152.55,73.0,5,475.57
p1_W_E.510,1906.0,151.15,71.0,5,483.99
p2_E_W.25,1884.0,167.87,95.0,5,487.03
p2_E_W.26,1887.0,162.58,90.0,6,457.77
p2_E_W.27,1890.0,172.54,90.0,4,475.68
p2_E_W.28,1893.0,171.28,87.0,5,479.81
p2_N2_S2.22,2020.0,55.63,40.0,1,237.72
p2_E_W.29,1896.0,169.92,87.0,5,487.56
p2_N2_S2.23,2030.0,58.03,37.0,1,251.25
p2_N2_S2.24,2040.0,49.73,29.0,1,250.9
p2_N2_S2.25,2050.0,34.86,18.0,1,223.41
p2_E_W.30,1899.0,156.3,81.0,5,460.39
p2_N2_S2.26,2060.0,33.34,11.0,1,230.11
p2_N2_S2.27,2070.0,21.88,2.0,1,216.82
p2_N2_S2.28,2080.0,16.9,0.0,0,217.28
p2_N2_S2.29,2090.0,8.6,0.0,0,175.09
p2_E_S1.3,1902.0,176.77,88.0,6,512.62
p2_N1_S1.23,2030.0,73.66,41.0,2,285.09
p1_W_S2.51,1909.0,173.45,94.0,6,504.57
p2_N1_S1.24,2040.0,65.7,32.0,1,268.27
p2_S1_N1.26,2060.0,42.69,30.0,1,222.65
p1_W_E.511,1912.0,171.71,91.0,5,510.34
p2_S1_N1.27,2070.0,36.15,21.0,1,221.0
p1_W_E.512,1915.0,170.54,93.0,6,510.87
p2_S1_N1.28,2080.0,29.28,13.0,1,202.06
p1_W_E.513,1918.0,171.57,88.0,5,515.13
p2_N1_E.6,1983.0,104.54,61.0,4,409.05
p2_S1_N1.29,2090.0,15.81,1.0,1,184.11
p2_N1_E.7,2013.0,81.0,45.0,3,350.08
p2_S1_N1.30,2100.0,15.87,0.0,0,187.25
p1_W_E.514,1921.0,174.97,104.0,5,531.47
p2_S1_N1.31,2110.0,7.5,0.0,0,162.27
p1_W_E.515,1924.0,173.69,100.0,5,518.73
p1_W_E.516,1927.0,170.14,101.0,6,502.93
p1_W_E.517,1930.0,171.18,98.0,5,508.89
p2_N1_S1.25,2050.0,71.62,37.0,2,276.53
p1_W_E.518,1934.0,168.95,93.0,6,505.5
p2_N1_S1.26,2060.0,64.72,36.0,2,253.38
p1_W_E.519,1937.0,167.83,89.0,6,501.15
p2_N1_S1.27,2070.0,56.38,34.0,2,247.38
p1_W_E.520,1940.0,166.41,87.0,6,491.08
p1_W_S2.52,1953.0,156.69,83.0,4,472.84
p1_W_E.521,1957.0,153.49,83.0,4,474.39
p2_N1_S1.28,2080.0,48.37,23.0,2,227.32
p2_N1_S1.29,2090.0,45.18,17.0,2,252.32
p2_E_W.31,1905.0,213.13,122.0,7,560.62
p1_W_E.522,1960.0,142.57,82.0,4,433.8
p2_E_W.32,1908.0,211.93,117.0,7,547.29
p1_W_E.523,1963.0,158.38,78.0,5,470.92
p2_E_W.33,1911.0,210.7,116.0,6,551.58
p2_S1_N1.32,2120.0,7.13,0.0,0,155.41
p2_S2_N2.13,1930.0,212.21,165.0,7,494.58
p2_N2_S2.30,2100.0,44.24,31.0,1,223.47
p2_E_W.34,1914.0,209.74,116.0,7,553.3
p2_S2_N2.14,1940.0,204.99,156.0,7,471.24
p2_N2_S2.31,2110.0,36.02,22.0,1,219.49
p2_S2_W.2,1863.0,259.23,163.0,9,627.65
p2_N2_S2.32,2120.0,25.42,12.0,1,195.53
p2_S2_N2.15,1950.0,193.6,150.0,5,452.38
p2_N2_S2.33,2130.0,16.81,4.0,1,190.62
p2_E_W.35,1917.0,206.38,123.0,6,555.54
p2_E_W.36,1920.0,213.17,116.0,7,570.19
p2_N2_S2.34,2140.0,8.65,0.0,0,173.0
p2_E_W.37,1923.0,211.93,113.0,7,569.01
p2_N2_S2.35,2150.0,6.28,0.0,0,153.94
p2_E_W.38,1925.0,201.54,112.0,8,525.52
p2_E_W.39,1929.0,212.49,110.0,7,550.41
p2_E_W.40,1932.0,211.14,107.0,5,570.54
p2_N2_S2.36,2160.0,5.98,0.0,0,154.01
p2_S1_N1.33,2130.0,43.61,32.0,1,224.91
p2_E_S1.4,1935.0,207.25,113.0,7,565.86
p2_S1_N1.34,2140.0,35.46,23.0,1,215.42
p2_N1_S1.30,2100.0,74.78,42.0,4,282.82
p2_S1_N1.35,2150.0,27.56,15.0,1,197.03
p2_S1_N1.36,2160.0,19.62,7.0,1,197.04
p2_N2_S2.37,2170.0,5.91,0.0,0,148.72
p2_S1_N1.37,2170.0,10.55,0.0,0,172.78
p1_W_E.524,1966.0,196.46,119.0,7,539.89
p2_S1_N1.38,2180.0,6.47,0.0,0,142.87
p1_W_E.525,1969.0,190.26,120.0,6,551.59
p1_W_E.526,1972.0,199.42,119.0,5,571.51
p2_N1_S1.31,2110.0,74.03,38.0,3,269.04
p1_W_E.527,1975.0,188.81,117.0,5,524.39
p2_N1_S1.32,2120.0,75.1,35.0,3,276.58
p2_N1_S1.33,2130.0,66.74,32.0,2,273.23
p2_S1_N1.39,2190.0,5.87,0.0,0,150.65
p2_N1_E.8,2043.0,113.62,77.0,3,401.0
p2_N1_S1.34,2140.0,61.85,33.0,2,250.01
p2_N1_E.9,2073.0,103.36,65.0,3,391.6
p1_W_S2.53,1987.0,195.52,122.0,5,529.95
p1_W_E.528,1978.0,200.95,131.0,5,571.07
p2_N1_S1.35,2150.0,51.43,24.0,2,236.22
p2_S1_N1.40,2200.0,5.59,0.0,0,143.52
p1_W_E.529,1981.0,204.41,126.0,5,576.11
p2_N1_S1.36,2160.0,47.78,17.0,2,234.71
p1_W_E.530,1984.0,203.22,127.0,6,565.74
p1_W_E.531,1990.0,195.41,123.0,6,531.7
p1_W_E.532,1993.0,196.7,120.0,5,544.15
p1_W_E.533,1996.0,196.46,116.0,5,546.74
p2_E_W.41,1938.0,256.05,150.0,6,638.71
p1_W_E.534,2018.0,176.34,104.0,4,512.86
p1_W_E.535,2022.0,174.02,100.0,4,517.95
p1_W_E.536,2025.0,170.45,95.0,4,506.49
p2_E_W.42,1941.0,246.84,149.0,8,598.16
p1_W_E.537,2028.0,156.69,95.0,5,472.42
p2_S2_W.3,1893.0,301.11,209.0,10,693.34
p1_W_E.538,2031.0,172.32,94.0,5,496.97
p2_E_W.43,1944.0,260.25,159.0,7,631.73
p1_W_E.539,2034.0,164.7,92.0,4,502.94
p2_E_W.44,1947.0,258.93,158.0,7,623.86
p1_W_E.540,2037.0,169.9,90.0,4,502.74
p1_W_S2.54,2040.0,161.06,91.0,4,494.96
p2_E_W.45,1950.0,247.78,152.0,6,613.88
p2_E_W.46,1953.0,256.56,150.0,5,618.99
p2_E_W.47,1956.0,255.16,147.0,7,618.94
p2_N1_E.10,2103.0,93.99,47.0,6,374.86
p2_E_W.48,1959.0,253.98,149.0,6,617.85
p2_N1_E.11,2133.0,78.73,32.0,2,362.42
p2_N1_E.12,2163.0,50.52,15.0,3,275.8
p2_E_W.49,1962.0,252.7,145.0,6,623.58
p1_W_E.541,2043.0,173.25,114.0,4,499.05
p2_E_W.50,1965.0,249.79,149.0,7,635.3
p1_W_E.542,2046.0,171.44,113.0,4,492.88
p1_W_E.543,2049.0,173.38,110.0,4,506.77
p2_N2_S2.38,2180.0,67.67,55.0,1,262.79
p2_S1_N1.41,2210.0,40.15,27.0,1,216.46
p2_E_S1.5,1968.0,251.92,145.0,7,603.28
p2_N1_S1.37,2170.0,82.58,43.0,3,283.71
p2_N2_S2.39,2190.0,62.1,50.0,1,256.73
p2_S1_N1.42,2220.0,31.42,18.0,1,203.79
p2_N1_S1.38,2180.0,73.93,33.0,2,273.37
p2_S1_N1.43,2230.0,23.13,10.0,1,194.1
p2_N1_S1.39,2190.0,66.15,30.0,1,271.91
p2_N2_S2.40,2200.0,49.43,38.0,1,232.71
p2_S1_N1.44,2240.0,17.08,1.0,1,198.45
p2_N2_S2.41,2210.0,47.26,31.0,1,239.64
p2_S1_N1.45,2250.0,8.33,0.0,0,173.03
p2_N2_S2.42,2220.0,32.15,19.0,1,207.35
p2_N2_S2.43,2230.0,33.65,14.0,1,209.42
p2_N1_S1.40,2200.0,64.02,31.0,2,256.7
p2_N1_S1.41,2210.0,55.78,29.0,1,243.19
p2_N2_S2.44,2240.0,19.92,5.0,1,194.64
p2_S1_N1.46,2260.0,5.43,0.0,0,152.04
p2_N2_S2.45,2250.0,17.15,0.0,0,202.83
p2_N1_S1.42,2220.0,45.64,25.0,1,228.55
p2_N2_S2.46,2260.0,7.26,0.0,0,156.57
p2_N1_S1.43,2230.0,43.21,19.0,1,217.29
p2_S2_N2.16,1960.0,310.25,254.0,8,633.21
p2_N1_S1.44,2240.0,35.32,12.0,1,213.7
p2_S1_N1.47,2270.0,5.68,0.0,0,146.45
p2_N2_S2.47,2270.0,5.46,0.0,0,148.9
p2_S2_N2.17,1970.0,307.41,245.0,7,637.31
p2_E_W.51,1971.0,289.13,173.0,8,662.43
p2_E_W.52,1974.0,288.0,170.0,8,675.91
p2_E_W.53,1977.0,286.72,166.0,8,673.08
p2_S2_N2.18,1980.0,290.55,237.0,6,599.57
p1_W_E.544,2052.0,213.0,144.0,5,568.9
p1_W_E.545,2055.0,211.96,140.0,5,563.0
p2_S2_W.4,1923.0,336.77,231.0,11,743.68
p1_W_E.546,2058.0,208.03,141.0,5,548.58
p2_E_W.54,1980.0,290.67,179.0,8,662.71
p1_W_E.547,2061.0,209.34,137.0,5,570.5
p2_E_W.55,1983.0,289.35,179.0,9,669.61
p1_W_E.548,2090.0,184.13,117.0,4,532.63
p2_E_W.56,1986.0,288.08,174.0,8,674.3
p1_W_E.549,2094.0,181.78,115.0,5,536.39
p2_E_W.57,1989.0,286.8,169.0,7,675.74
p1_W_E.550,2097.0,176.21,112.0,6,497.37
p2_E_W.58,1992.0,283.51,167.0,7,669.64
p1_W_S2.55,2100.0,179.22,111.0,5,522.58
p2_E_W.59,1995.0,284.33,161.0,8,672.72
p2_E_W.60,1998.0,279.49,163.0,8,658.31
p1_W_E.551,2103.0,173.55,110.0,6,487.34
p1_W_E.552,2106.0,179.08,111.0,6,510.74
p2_E_S1.6,2001.0,283.88,159.0,8,671.32
p1_W_E.553,2109.0,177.78,108.0,5,505.24
p2_N1_S1.45,2250.0,59.67,33.0,2,257.01
p1_W_E.554,2112.0,176.59,107.0,5,507.88
p2_S1_N1.48,2280.0,27.55,17.0,1,201.21
p1_W_E.555,2116.0,174.39,107.0,6,507.77
p2_N1_E.13,2193.0,98.17,51.0,3,389.66
p2_S1_N1.49,2290.0,23.13,10.0,1,201.04
p2_S1_N1.50,2300.0,8.75,0.0,0,160.48
p2_S1_N1.51,2310.0,10.15,0.0,0,158.61
p2_N1_E.14,2223.0,55.12,24.0,2,300.5
p2_N1_S1.46,2260.0,61.98,31.0,2,250.36
p1_W_E.556,2119.0,183.42,107.0,6,519.34
p1_W_E.557,2122.0,182.39,106.0,6,537.67
p1_W_E.558,2125.0,181.07,105.0,5,519.5
p2_S1_N1.52,2320.0,6.1,0.0,0,150.5
p1_W_E.559,2128.0,179.85,100.0,4,531.58
p1_W_E.560,2131.0,177.64,100.0,5,526.65
p1_W_S2.56,2134.0,162.79,98.0,5,489.04
p1_W_E.561,2157.0,154.32,82.0,4,487.33
p2_N1_S1.47,2270.0,46.07,28.0,2,223.46
p1_W_E.562,2160.0,152.92,79.0,3,485.71
p2_N1_S1.48,2280.0,54.68,27.0,2,237.46
p2_N1_S1.49,2290.0,46.48,19.0,2,236.14
p1_W_E.563,2163.0,139.58,79.0,5,455.3
p2_S2_N2.19,1990.0,345.4,281.0,8,690.5
p2_N2_S2.48,2280.0,54.42,43.0,1,240.74
p2_E_W.61,2004.0,298.53,178.0,9,680.31
p2_S2_N2.20,2000.0,343.43,275.0,7,692.92
p2_N2_S2.49,2290.0,52.47,40.0,1,249.04
p2_E_W.62,2007.0,319.03,176.0,10,696.81
p2_S2_N2.21,2010.0,336.87,261.0,7,684.52
p2_N2_S2.50,2300.0,48.12,30.0,1,252.87
p2_E_W.63,2010.0,317.74,191.0,8,712.45
p2_N2_S2.51,2310.0,39.93,23.0,1,237.24
p2_E_W.64,2013.0,315.15,188.0,9,712.59
p2_N2_S2.52,2320.0,31.61,14.0,1,229.26
p2_E_W.65,2016.0,315.3,184.0,8,709.65
p2_E_W.66,2019.0,313.98,176.0,8,710.81
p2_N2_S2.53,2330.0,14.9,2.0,1,182.21
p2_E_W.67,2022.0,296.31,175.0,7,668.02
p2_N2_S2.54,2340.0,17.0,0.0,0,189.5
p2_S2_N2.22,2020.0,337.97,254.0,8,673.71
p2_S2_N2.23,2030.0,329.7,251.0,8,663.06
p2_E_W.68,2025.0,290.55,174.0,7,653.26
p2_S2_N2.24,2040.0,321.56,243.0,7,648.35
p2_E_W.69,2028.0,304.11,173.0,7,667.75
p2_E_W.70,2031.0,311.07,169.0,7,684.45
p2_N2_S2.55,2350.0,6.0,0.0,0,154.31
p2_S2_N2.25,2050.0,316.61,240.0,7,641.73
p2_E_S1.7,2034.0,313.92,176.0,8,702.5
p2_S2_N2.26,2060.0,306.41,231.0,6,623.34
p2_N2_S2.56,2360.0,6.55,0.0,0,151.63
p2_S2_N2.27,2070.0,302.17,224.0,10,627.26
p2_S1_N1.53,2330.0,42.5,30.0,1,223.82
p2_N1_S1.50,2300.0,71.92,43.0,2,268.91
p2_S1_N1.54,2340.0,34.43,21.0,1,212.31
p2_S2_N2.28,2080.0,295.14,218.0,7,608.71
p2_N1_S1.51,2310.0,65.24,35.0,2,278.13
p2_S1_N1.55,2350.0,26.32,11.0,1,202.04
p2_N2_S2.57,2370.0,6.0,0.0,0,145.71
p2_S2_N2.29,2090.0,286.85,206.0,7,601.53
p2_S2_N2.30,2100.0,279.02,195.0,6,582.79
p2_S1_N1.56,2360.0,15.92,2.0,1,179.97
p2_S1_N1.57,2370.0,10.7,0.0,0,173.1
p2_N1_S1.52,2320.0,65.96,32.0,2,266.46
p2_S1_N1.58,2380.0,5.58,0.0,0,146.84
p2_N1_S1.53,2330.0,58.23,32.0,2,247.34
p1_W_E.564,2166.0,195.68,127.0,4,544.2
p2_N1_S1.54,2340.0,50.32,30.0,2,242.37
p1_W_E.565,2169.0,201.17,124.0,5,553.89
p1_W_E.566,2172.0,194.76,124.0,5,542.93
p2_N1_S1.55,2350.0,43.71,21.0,1,228.04
p2_N1_E.15,2253.0,118.51,77.0,4,427.8
p2_S1_N1.59,2390.0,6.11,0.0,0,145.56
p2_N1_S1.56,2360.0,32.26,11.0,1,203.27
p2_N1_E.16,2283.0,80.18,53.0,3,344.62
p2_N1_S1.57,2370.0,30.75,5.0,1,211.4
p1_W_E.567,2175.0,206.09,133.0,7,556.46
p1_W_E.568,2178.0,204.71,132.0,6,555.3
p2_E_W.71,2037.0,341.8,204.0,11,749.36
p1_W_E.569,2181.0,203.5,128.0,6,574.58
p1_W_S2.57,2187.0,196.69,128.0,5,555.28
p2_E_W.72,2040.0,339.47,197.0,9,753.09
p1_W_E.570,2184.0,202.25,129.0,5,575.19
p1_W_E.571,2190.0,197.97,126.0,6,557.37
p2_E_W.73,2043.0,344.33,200.0,8,736.58
p1_W_E.572,2193.0,196.79,120.0,7,553.07
p1_W_E.573,2196.0,186.17,118.0,5,530.53
p1_W_E.574,2199.0,196.38,117.0,5,545.42
p2_S2_W.5,1953.0,423.66,335.0,12,881.18
p1_W_E.575,2228.0,164.65,95.0,4,492.62
p2_S2_W.6,1983.0,406.96,301.0,10,859.06
p1_W_E.576,2231.0,167.97,96.0,4,496.46
p2_E_W.74,2046.0,351.14,224.0,8,780.8
p1_W_E.577,2234.0,166.58,93.0,4,517.55
p2_E_W.75,2049.0,352.46,220.0,8,783.6
p1_W_E.578,2237.0,165.36,91.0,4,517.11
p1_W_E.579,2240.0,164.13,88.0,4,509.53
p2_E_W.76,2052.0,349.17,217.0,10,777.09
p2_E_W.77,2055.0,349.91,210.0,8,776.42
p1_W_E.580,2243.0,158.62,90.0,5,493.33
p1_W_S2.58,2246.0,158.48,88.0,4,492.66
p2_E_W.78,2058.0,348.65,208.0,8,788.06
p2_E_W.79,2061.0,347.43,205.0,9,770.34
p2_N1_E.17,2313.0,92.32,45.0,3,378.52
p2_E_W.80,2064.0,328.57,203.0,7,721.33
p2_N1_E.18,2343.0,67.72,30.0,3,333.25
p1_W_E.581,2249.0,160.89,94.0,4,501.39
p1_W_E.582,2252.0,162.66,95.0,4,502.98
p1_W_E.583,2255.0,161.77,91.0,4,504.34
p1_W_E.584,2258.0,158.98,92.0,4,508.72
p2_E_S1.8,2067.0,351.1,209.0,9,764.03
p1_W_E.585,2261.0,159.16,89.0,5,495.57
p2_S1_N1.60,2400.0,39.92,29.0,1,224.32
p2_S1_N1.61,2410.0,36.65,24.0,1,224.76
p2_S1_N1.62,2420.0,28.34,13.0,1,219.68
p2_S1_N1.63,2430.0,20.19,5.0,1,207.58
p2_S2_N2.31,2110.0,336.31,250.0,6,677.92
p2_N2_S2.58,2380.0,66.06,56.0,1,255.55
p2_S2_N2.32,2120.0,329.67,247.0,8,666.32
p2_N2_S2.59,2390.0,62.34,47.0,1,256.55
p2_S2_N2.33,2130.0,327.57,238.0,5,662.33
p2_N2_S2.60,2400.0,48.37,38.0,1,227.07
p2_N2_S2.61,2410.0,52.35,34.0,1,234.38
p2_S1_N1.64,2440.0,6.9,0.0,0,154.57
p2_N2_S2.62,2420.0,43.39,23.0,1,240.9
p2_S1_N1.65,2450.0,14.6,0.0,0,164.89
p2_N2_S2.63,2430.0,34.41,16.0,1,221.23
p2_N1_S1.58,2380.0,64.55,43.0,2,260.46
p2_N2_S2.64,2440.0,27.39,8.0,1,216.39
p2_N1_S1.59,2390.0,78.12,42.0,2,283.57
p2_N2_S2.65,2450.0,18.0,0.0,0,203.84
p2_N1_S1.60,2400.0,60.96,36.0,3,265.91
p2_N1_S1.61,2410.0,61.09,32.0,2,266.25
p2_S1_N1.66,2460.0,6.31,0.0,0,150.03
p2_N2_S2.66,2460.0,10.98,0.0,0,171.71
p2_N1_S1.62,2420.0,53.47,26.0,2,255.79
p2_N1_S1.63,2430.0,45.19,16.0,2,234.96
p2_E_W.81,2070.0,385.26,238.0,10,818.38
p2_S2_N2.34,2140.0,329.63,244.0,8,670.92
p2_E_W.82,2073.0,383.95,232.0,10,808.6
p2_S2_N2.35,2150.0,323.53,235.0,6,653.5
p2_N2_S2.67,2470.0,6.15,0.0,0,147.94
p2_E_W.83,2076.0,382.18,237.0,10,801.8
p2_S2_N2.36,2160.0,319.11,230.0,5,653.33
p2_S2_N2.37,2170.0,312.76,218.0,5,621.2
p2_E_W.84,2079.0,382.41,232.0,9,800.32
p2_E_W.85,2082.0,381.31,226.0,10,800.14
p2_E_W.86,2085.0,375.43,223.0,11,791.46
p2_E_W.87,2088.0,380.51,221.0,10,810.66
p2_S2_W.7,2013.0,455.27,316.0,12,943.21
p2_S2_W.8,2043.0,428.4,292.0,9,901.25
p2_S2_W.9,2073.0,400.4,270.0,8,855.86
p2_S2_W.10,2103.0,371.8,240.0,7,817.95
p2_E_W.88,2091.0,386.44,247.0,8,844.65
p2_E_W.89,2094.0,385.09,246.0,10,822.63
p2_E_W.90,2097.0,383.9,242.0,9,820.35
p1_W_E.586,2264.0,180.93,120.0,5,519.16
p1_W_E.587,2267.0,213.86,120.0,5,507.84
p2_E_S1.9,2134.0,348.16,212.0,7,767.56
p1_W_S2.59,2310.0,160.52,87.0,5,470.44
p1_W_E.588,2270.0,214.84,119.0,5,527.24
p2_W_N1.0,2343.0,160.42,89.0,5,411.62
p1_W_E.589,2304.0,180.43,91.0,5,494.28
p2_S1_N1.67,2470.0,38.2,25.0,1,221.64
p1_W_E.590,2307.0,181.46,90.0,4,488.52
p2_S1_N1.68,2480.0,29.94,16.0,1,208.36
p2_S1_N1.69,2490.0,21.74,10.0,1,197.4
p1_W_E.591,2313.0,169.44,85.0,4,489.96
p1_W_E.592,2316.0,173.1,87.0,5,512.97
p2_N1_S1.64,2440.0,60.7,33.0,2,251.05
p2_S1_N1.70,2500.0,12.62,0.0,0,181.78
p1_W_E.593,2319.0,174.9,85.0,6,520.72
p2_N1_S1.65,2450.0,63.72,32.0,2,254.97
p1_W_E.594,2322.0,167.51,85.0,5,514.08
p2_N1_S1.66,2460.0,58.01,29.0,1,256.99
p1_W_E.595,2325.0,161.34,81.0,5,493.15
p2_S1_N1.71,2510.0,5.89,0.0,0,147.54
p1_W_E.596,2328.0,171.47,79.0,4,493.32
p2_N1_E.19,2373.0,127.98,73.0,4,442.26
p2_N1_E.20,2403.0,98.55,58.0,3,391.57
p2_N1_S1.67,2470.0,53.88,31.0,2,243.46
p2_S1_N1.72,2520.0,5.34,0.0,0,148.1
p2_N1_E.21,2433.0,71.18,21.0,3,353.48
p2_S2_N2.38,2180.0,343.78,245.0,7,681.58
p2_S2_N2.39,2190.0,338.7,233.0,7,686.65
p2_N2_S2.68,2480.0,46.24,32.0,2,234.56
p2_N1_S1.68,2480.0,43.07,25.0,2,222.24
p2_N2_S2.69,2490.0,38.33,21.0,2,224.22
p2_N1_S1.69,2490.0,40.9,18.0,2,241.92
p2_N2_S2.70,2500.0,32.23,14.0,1,218.47
p2_N1_S1.70,2500.0,33.16,8.0,1,217.69
p2_N2_S2.71,2510.0,24.05,5.0,1,201.39
p2_N1_S1.71,2510.0,24.99,0.0,0,205.24
p2_N2_S2.72,2520.0,14.35,0.0,0,188.65
p2_E_W.91,2137.0,382.37,244.0,10,823.35
p2_E_W.92,2140.0,381.55,243.0,10,816.38
p2_S2_N2.40,2200.0,338.81,234.0,7,661.36
p2_S2_N2.41,2210.0,334.71,230.0,8,675.5
p2_E_W.93,2143.0,380.54,238.0,10,820.12
p2_E_W.94,2147.0,374.1,240.0,9,801.41
p2_N2_S2.73,2530.0,6.55,0.0,0,156.12
p2_E_W.95,2150.0,374.01,235.0,8,793.58
p2_S2_N2.42,2220.0,319.2,224.0,8,638.09
p2_N2_S2.74,2540.0,11.97,0.0,0,163.29
p2_E_W.96,2153.0,378.68,234.0,8,812.22
p2_S2_N2.43,2230.0,323.24,214.0,7,645.6
p2_E_W.97,2156.0,377.43,235.0,8,809.94
p2_S2_N2.44,2240.0,312.94,208.0,6,641.56
p2_S2_N2.45,2250.0,306.14,198.0,7,649.49
p2_E_W.98,2159.0,374.06,228.0,8,800.57
p2_N2_S2.75,2550.0,6.35,0.0,0,156.96
p2_E_W.99,2162.0,361.65,226.0,8,767.73
p2_S2_N2.46,2260.0,304.45,188.0,6,624.79
p2_E_W.100,2165.0,362.06,220.0,8,767.43
p2_N2_S2.76,2560.0,6.28,0.0,0,147.88
p2_S2_W.11,2133.0,413.1,287.0,8,879.75
p2_W_N1.1,2374.0,195.07,111.0,6,462.45
p2_S2_W.12,2163.0,375.89,260.0,8,803.86
p1_W_E.597,2331.0,221.66,142.0,6,587.58
p2_E_S1.10,2169.0,384.25,254.0,9,821.22
p2_S2_N2.47,2270.0,288.78,176.0,5,607.73
p1_W_E.598,2334.0,220.63,141.0,6,590.27
p2_S2_N2.48,2280.0,296.95,167.0,4,604.42
p2_N1_S1.72,2520.0,58.57,37.0,1,253.23
p2_S1_N1.73,2530.0,48.43,36.0,1,232.58
p2_S1_N1.74,2540.0,40.46,29.0,1,213.7
p1_W_E.599,2337.0,213.84,136.0,6,583.36
p2_S1_N1.75,2550.0,32.34,20.0,1,218.01
p2_W_E.0,2340.0,221.99,130.0,6,578.89
p2_S1_N1.76,2560.0,24.22,12.0,1,198.09
p2_N1_E.22,2463.0,89.75,60.0,3,367.06
p2_N1_E.23,2493.0,72.62,38.0,3,348.65
p2_S1_N1.77,2570.0,15.3,3.0,1,190.81
p2_W_E.1,2346.0,221.93,130.0,7,586.47
p2_S1_N1.78,2580.0,9.0,0.0,0,173.12
p2_N1_S1.73,2530.0,64.18,42.0,2,267.5
p2_N2_S2.77,2570.0,21.42,10.0,1,187.77
p2_N2_S2.78,2580.0,15.95,3.0,1,185.66
p2_S1_N1.79,2590.0,6.31,0.0,0,149.65
p2_N2_S2.79,2590.0,7.63,0.0,0,164.87
p2_S2_N2.49,2290.0,313.75,183.0,7,637.77
p2_N1_S1.74,2540.0,50.84,33.0,2,234.67
p2_N1_S1.75,2550.0,54.7,30.0,2,250.28
p2_S2_N2.50,2300.0,305.42,172.0,6,623.36
p2_N2_S2.80,2600.0,5.92,0.0,0,146.29
p2_S2_N2.51,2310.0,297.55,163.0,8,589.3
p2_E_W.101,2201.0,380.25,255.0,10,815.04
p2_E_W.102,2205.0,374.17,252.0,10,799.28
p2_E_W.103,2208.0,383.45,248.0,9,803.63
p2_S2_N2.52,2320.0,287.72,150.0,6,571.0
p2_N2_S2.81,2610.0,5.17,0.0,0,150.95
p2_E_W.104,2211.0,384.49,246.0,10,815.32
p2_E_W.105,2214.0,369.49,243.0,9,789.78
p2_S2_N2.53,2330.0,276.26,142.0,7,560.88
p2_E_W.106,2217.0,383.58,239.0,9,801.79
p2_S2_N2.54,2340.0,283.29,135.0,6,559.7
p2_E_W.107,2220.0,366.34,240.0,8,792.6
p2_S2_N2.55,2362.0,263.15,130.0,6,536.05
p2_E_W.108,2223.0,374.16,235.0,7,807.09
p2_N2_S2.82,2620.0,5.45,0.0,0,143.96
p2_S2_N2.56,2365.0,261.87,128.0,5,555.52
p2_E_W.109,2226.0,380.0,232.0,9,825.34
p2_S2_N2.57,2370.0,258.48,129.0,6,552.68
p2_E_W.110,2231.0,377.46,233.0,10,821.91
p2_W_N1.2,2388.0,242.34,144.0,9,540.61
p2_S2_N2.58,2428.0,203.91,87.0,4,449.56
p2_S2_N2.59,2432.0,201.77,84.0,3,449.79
p2_S2_N2.60,2436.0,199.48,86.0,3,463.6
p2_N2_S2.83,2630.0,5.85,0.0,0,154.09
p2_E_S1.11,2272.0,341.95,213.0,8,765.07
p2_S2_N2.61,2445.0,191.45,83.0,3,436.4
p2_N1_S1.76,2560.0,77.85,48.0,3,280.93
p2_W_E.2,2349.0,274.93,183.0,9,663.57
p2_N1_S1.77,2570.0,75.76,44.0,3,283.98
p2_S1_N1.80,2600.0,36.26,25.0,1,208.96
p2_S1_N1.81,2610.0,33.51,18.0,1,216.63
p2_W_E.3,2368.0,257.69,169.0,8,630.77
p2_N1_S1.78,2580.0,61.12,33.0,2,243.46
p2_S1_N1.82,2620.0,25.84,11.0,1,202.5
p2_W_E.4,2371.0,255.55,163.0,7,621.12
p2_S1_N1.83,2630.0,20.19,3.0,1,205.84
p2_S1_N1.84,2640.0,6.16,0.0,0,156.51
p2_N1_S1.79,2590.0,62.98,31.0,3,257.53
p2_N1_S1.80,2600.0,58.01,27.0,1,247.22
p2_S1_N1.85,2650.0,6.49,0.0,0,147.47
p2_W_E.5,2377.0,236.48,153.0,8,593.58
p2_N1_S1.81,2610.0,51.9,27.0,1,257.17
p2_S2_N2.62,2448.0,215.68,99.0,4,474.05
p2_N1_E.24,2523.0,117.86,76.0,3,407.23
p2_N2_S2.84,2640.0,23.61,13.0,1,198.28
p2_N1_E.25,2553.0,66.7,38.0,3,326.2
p2_N2_S2.85,2650.0,15.34,2.0,1,181.61
p2_W_E.6,2380.0,265.37,153.0,9,630.51
p2_N2_S2.86,2660.0,7.24,0.0,0,164.8
p2_E_W.111,2275.0,371.3,237.0,8,793.72
p2_S2_W.13,2193.0,454.86,308.0,12,941.22
p2_S2_N2.63,2452.0,207.92,98.0,4,461.77
p2_S2_N2.64,2458.0,215.61,97.0,4,467.69
p2_S2_N2.65,2462.0,213.39,95.0,4,466.62
p2_S2_N2.66,2465.0,212.18,94.0,5,451.35
p2_S2_W.14,2223.0,417.39,276.0,12,874.29
p2_S2_W.15,2253.0,403.15,243.0,12,873.08
p2_N2_S2.87,2670.0,6.02,0.0,0,151.09
p2_E_W.112,2278.0,378.84,262.0,8,824.6
p2_S2_N2.67,2471.0,211.44,92.0,4,467.08
p2_E_W.113,2282.0,379.61,262.0,9,823.65
p2_S2_N2.68,2480.0,204.64,87.0,6,446.98
p2_E_W.114,2285.0,378.31,262.0,9,821.62
p2_N2_S2.88,2680.0,5.77,0.0,0,152.32
p2_E_W.115,2288.0,376.96,262.0,8,834.17
p2_S2_N2.69,2490.0,196.32,78.0,6,440.39
p2_E_W.116,2291.0,375.68,254.0,7,821.14
p2_E_W.117,2294.0,374.46,250.0,7,810.66
p2_S2_N2.70,2538.0,153.14,38.0,3,375.34
p2_E_W.118,2297.0,372.22,246.0,7,820.35
p2_S2_W.16,2283.0,388.39,225.0,9,844.99
p2_S2_N2.71,2542.0,149.38,37.0,4,368.16
p2_S2_W.17,2313.0,358.34,189.0,9,776.11
p2_S2_N2.72,2548.0,146.92,37.0,3,359.74
p2_N2_S2.89,2690.0,6.1,0.0,0,148.89
p2_S2_W.18,2354.0,320.74,152.0,6,731.6
p2_S2_W.19,2375.0,301.88,148.0,6,701.72
p2_S2_W.20,2442.0,232.45,104.0,5,580.81
p2_E_W.119,2300.0,375.92,277.0,8,819.81
p2_E_W.120,2303.0,379.61,275.0,7,815.12
p2_S2_N2.73,2562.0,136.19,36.0,4,356.64
p2_W_E.7,2383.0,301.6,193.0,10,699.75
p2_W_N1.3,2424.0,277.57,175.0,10,577.89
p2_N1_S1.82,2620.0,86.37,59.0,2,298.44
p2_W_E.8,2386.0,300.35,191.0,11,698.79
p2_W_E.9,2392.0,296.17,181.0,11,675.81
p2_S1_N1.86,2660.0,45.21,34.0,1,230.37
p2_N1_S1.83,2630.0,75.83,47.0,2,277.35
p2_S1_N1.87,2670.0,39.42,24.0,1,220.04
p2_N1_E.26,2583.0,106.84,63.0,4,388.6
p2_N1_S1.84,2640.0,73.22,40.0,2,275.09
p2_N1_E.27,2613.0,78.98,47.0,2,333.84
p2_S1_N1.88,2680.0,26.49,12.0,1,196.19
p2_S1_N1.89,2690.0,19.24,6.0,1,181.16
p2_S1_N1.90,2700.0,18.37,0.0,0,182.03
p2_S2_N2.74,2565.0,154.48,48.0,5,378.64
p2_N2_S2.90,2700.0,19.75,9.0,1,191.21
p2_S1_N1.91,2710.0,10.46,0.0,0,160.43
p2_S2_N2.75,2568.0,153.51,44.0,4,385.31
p2_N2_S2.91,2710.0,11.42,0.0,0,170.57
p2_N1_S1.85,2650.0,71.9,37.0,2,276.55
p2_N1_S1.86,2660.0,64.29,35.0,2,254.88
p2_N2_S2.92,2720.0,5.3,0.0,0,150.31
p2_S1_N1.92,2720.0,5.92,0.0,0,151.05
p2_N1_S1.87,2670.0,52.54,31.0,1,242.4
p2_S2_N2.76,2579.0,151.94,43.0,5,388.75
p2_N1_S1.88,2680.0,51.91,28.0,1,250.86
p2_S2_N2.77,2613.0,120.13,23.0,3,343.03
p2_N1_S1.89,2690.0,43.6,20.0,1,230.01
p2_N2_S2.93,2730.0,6.02,0.0,0,142.43
p2_S2_N2.78,2618.0,114.11,22.0,4,327.14
p2_S2_N2.79,2629.0,111.97,20.0,3,321.7
p2_N2_S2.94,2740.0,5.23,0.0,0,146.82
p2_W_N1.4,2440.0,306.75,186.0,11,631.73
p2_S2_N2.80,2632.0,104.44,21.0,3,317.47
p2_S2_N2.81,2635.0,116.74,22.0,4,319.0
p2_S2_N2.82,2640.0,113.45,17.0,3,325.4
p2_S2_N2.83,2644.0,108.84,18.0,4,319.74
p2_N2_S2.95,2750.0,6.02,0.0,0,153.94
p2_W_N1.5,2455.0,302.23,167.0,10,621.08
p2_S2_N2.84,2647.0,101.76,18.0,3,297.06
p2_W_E.10,2395.0,347.24,227.0,13,762.62
p2_W_E.11,2398.0,346.17,221.0,13,759.73
p2_W_E.12,2401.0,344.62,217.0,14,736.52
p2_W_N1.6,2491.0,278.07,142.0,11,573.42
p2_N1_E.28,2643.0,104.36,58.0,4,398.77
p2_N1_E.29,2673.0,76.42,43.0,2,350.9
p2_W_E.13,2428.0,320.89,207.0,11,703.58
p2_W_E.14,2431.0,317.54,195.0,11,691.38
p2_W_E.15,2434.0,321.06,191.0,11,695.92
p2_W_E.16,2437.0,322.61,187.0,12,725.23
p2_E_S1.12,2306.0,453.19,344.0,8,937.65
p2_W_E.17,2443.0,314.16,180.0,11,707.65
p2_N1_S1.90,2700.0,82.43,51.0,2,292.02
p2_S1_N1.93,2730.0,52.06,40.0,1,237.72
p2_W_E.18,2446.0,309.06,173.0,12,689.2
p2_S1_N1.94,2740.0,47.61,32.0,1,238.83
p2_W_E.19,2449.0,316.06,171.0,13,695.98
p2_S1_N1.95,2750.0,39.33,24.0,1,225.47
p2_W_E.20,2452.0,317.36,169.0,10,699.91
p2_S1_N1.96,2760.0,30.6,14.0,1,214.8
p2_S1_N1.97,2770.0,22.44,7.0,1,208.05
p2_W_E.21,2458.0,307.63,162.0,11,700.17
p2_W_E.22,2461.0,300.71,163.0,14,666.22
p2_S1_N1.98,2780.0,10.51,0.0,0,171.19
p2_W_E.23,2464.0,312.05,160.0,14,695.11
p2_S1_N1.99,2790.0,7.9,0.0,0,158.88
p2_W_E.24,2467.0,304.33,158.0,12,709.39
p2_N2_S2.96,2760.0,40.19,28.0,1,220.27
p2_S2_N2.85,2653.0,145.97,52.0,4,374.76
p2_N1_S1.91,2710.0,91.98,55.0,3,304.39
p2_N2_S2.97,2770.0,32.74,20.0,1,206.14
p2_S2_N2.86,2660.0,141.24,51.0,4,366.15
p2_S1_N1.100,2800.0,5.52,0.0,0,144.05
p2_N1_S1.92,2720.0,81.73,49.0,2,281.02
p2_N2_S2.98,2780.0,21.66,9.0,1,189.79
p2_N1_S1.93,2730.0,77.93,48.0,2,279.64
p2_N2_S2.99,2790.0,19.07,4.0,1,202.08
p2_N2_S2.100,2800.0,7.27,0.0,0,158.92
p2_S2_N2.87,2670.0,127.42,49.0,4,358.15
p2_S2_N2.88,2691.0,123.35,45.0,3,348.7
p2_E_W.121,2375.0,418.24,315.0,9,874.62
p2_E_W.122,2378.0,417.04,308.0,9,864.92
p2_S2_N2.89,2694.0,122.36,45.0,3,340.11
p2_S2_N2.90,2700.0,118.34,44.0,3,339.14
p2_E_W.123,2381.0,413.83,304.0,8,858.42
p2_E_W.124,2384.0,411.6,298.0,8,866.24
p2_S2_W.21,2455.0,346.49,196.0,9,755.64
p2_N2_S2.101,2810.0,6.3,0.0,0,146.87
p2_S2_W.22,2468.0,335.44,181.0,8,731.81
p2_S2_W.23,2493.0,312.04,165.0,8,684.97
p2_S2_N2.91,2710.0,111.92,42.0,4,324.97
p2_N2_S2.102,2820.0,5.68,0.0,0,151.79
p2_S2_N2.92,2720.0,110.72,37.0,3,347.97
p2_S2_N2.93,2730.0,102.49,36.0,2,324.34
p2_S2_W.24,2556.0,237.28,117.0,6,563.86
p2_E_W.125,2387.0,421.19,305.0,10,885.75
p2_W_N1.7,2506.0,333.16,185.0,15,664.79
p2_E_W.126,2390.0,424.5,304.0,10,893.67
p2_E_W.127,2393.0,427.12,301.0,8,897.49
p2_W_E.25,2470.0,338.57,190.0,15,719.19
p2_E_W.128,2396.0,424.21,299.0,8,898.66
p2_S1_N1.101,2810.0,30.62,19.0,1,205.08
p2_N1_S1.94,2740.0,99.94,73.0,3,312.69
p2_S1_N1.102,2820.0,22.58,11.0,1,192.73
p2_N1_S1.95,2750.0,97.92,66.0,3,316.36
p2_S1_N1.103,2830.0,18.01,5.0,1,191.32
p2_W_E.26,2494.0,311.83,175.0,13,680.56
p2_N1_S1.96,2760.0,88.76,53.0,3,298.26
p2_S1_N1.104,2840.0,9.73,0.0,0,178.83
p2_W_E.27,2497.0,332.27,169.0,10,706.06
p2_W_E.28,2500.0,331.38,165.0,12,711.39
p2_W_E.29,2503.0,330.03,162.0,12,718.41
p2_N1_E.30,2703.0,128.93,77.0,4,448.77
p2_S2_N2.94,2740.0,116.36,54.0,3,337.44
p2_N1_S1.97,2770.0,79.77,46.0,3,285.5
p2_N2_S2.103,2830.0,26.31,15.0,1,195.85
p2_S1_N1.105,2850.0,5.82,0.0,0,149.76
p2_N1_E.31,2733.0,103.02,54.0,3,396.94
p2_S2_N2.95,2750.0,108.73,52.0,3,330.06
p2_N1_S1.98,2780.0,78.25,36.0,3,277.28
p2_N2_S2.104,2840.0,18.15,6.0,1,185.87
p2_N1_S1.99,2790.0,69.99,30.0,3,280.96
p2_N2_S2.105,2850.0,10.01,0.0,0,177.47
p2_S2_N2.96,2760.0,98.15,48.0,2,300.61
p2_N1_S1.100,2800.0,61.41,25.0,2,253.12
p2_S2_N2.97,2770.0,95.06,45.0,2,311.6
p2_N1_S1.101,2810.0,55.31,23.0,2,261.44
p2_S2_N2.98,2780.0,86.87,44.0,2,285.31
p2_S2_N2.99,2790.0,78.62,42.0,2,275.54
p2_N2_S2.106,2860.0,6.04,0.0,0,145.78
p2_S2_W.25,2571.0,278.1,135.0,10,636.77
p2_S2_N2.100,2800.0,73.5,36.0,2,267.72
p2_S2_W.26,2625.0,221.72,104.0,8,571.05
p2_S2_N2.101,2810.0,65.15,28.0,2,261.74
p2_N2_S2.107,2870.0,5.63,0.0,0,155.85
p2_S2_W.27,2638.0,215.23,99.0,7,541.18
p2_S2_N2.102,2820.0,57.1,20.0,2,248.21
p2_S2_W.28,2650.0,202.94,80.0,7,529.88
p2_E_W.129,2399.0,454.15,330.0,9,935.36
p2_E_W.130,2402.0,458.4,329.0,11,951.56
p2_S2_N2.103,2830.0,50.59,12.0,1,229.05
p2_S2_N2.104,2840.0,42.86,11.0,1,219.61
p2_W_N1.8,2521.0,366.38,201.0,19,721.98
p2_N2_S2.108,2880.0,6.47,0.0,0,147.1
p2_S2_N2.105,2850.0,30.23,11.0,1,207.01
p2_W_N1.9,2536.0,362.61,179.0,13,691.13
p2_E_S1.13,2413.0,466.17,338.0,10,964.0
p2_N1_E.32,2763.0,99.05,59.0,4,376.1
p2_N1_E.33,2793.0,88.49,36.0,3,368.35
p2_W_E.30,2509.0,366.87,208.0,15,782.8
p2_S1_N1.106,2860.0,41.09,30.0,1,214.64
p2_N1_S1.102,2820.0,80.31,53.0,2,281.98
p2_W_E.31,2512.0,373.57,207.0,13,788.9
p2_S1_N1.107,2870.0,36.88,25.0,1,223.15
p2_W_E.32,2515.0,372.18,199.0,12,795.79
p2_S1_N1.108,2880.0,28.65,16.0,1,206.3
p2_W_E.33,2518.0,370.9,194.0,16,783.79
p2_S1_N1.109,2890.0,17.28,6.0,1,180.59
p2_W_E.34,2524.0,367.2,195.0,14,762.24
p2_S1_N1.110,2900.0,13.08,0.0,0,185.36
p2_W_E.35,2527.0,366.81,192.0,15,762.23
p2_S1_N1.111,2910.0,6.23,0.0,0,151.85
p2_N1_S1.103,2830.0,92.53,61.0,3,303.85
p2_S2_N2.106,2860.0,62.49,36.0,2,262.86
p2_N1_S1.104,2840.0,84.36,55.0,3,297.39
p2_S2_N2.107,2870.0,54.42,28.0,2,254.06
p2_S2_N2.108,2880.0,46.47,25.0,1,240.08
p2_N2_S2.109,2890.0,23.65,12.0,1,197.12
p2_N2_S2.110,2900.0,33.41,11.0,1,212.01
p2_N1_S1.105,2850.0,70.18,40.0,2,270.83
p2_S2_N2.109,2890.0,44.08,23.0,1,235.53
p2_N2_S2.111,2910.0,22.93,4.0,1,211.1
p2_N2_S2.112,2920.0,15.36,0.0,0,189.66
p2_S1_N1.112,2920.0,6.81,0.0,0,157.14
p2_N2_S2.113,2930.0,6.8,0.0,0,164.43
p2_S2_N2.110,2900.0,32.45,16.0,1,210.5
p2_S1_N1.113,2930.0,10.65,0.0,0,163.6
p2_S2_N2.111,2910.0,31.7,11.0,1,200.22
p2_N1_S1.106,2860.0,81.93,43.0,3,294.25
p2_E_W.131,2416.0,508.87,378.0,12,1014.0
p2_S2_N2.112,2920.0,20.83,4.0,1,196.55
p2_N2_S2.114,2940.0,6.09,0.0,0,154.19
p2_S2_N2.113,2930.0,16.27,0.0,0,202.77
p2_E_W.132,2419.0,508.01,372.0,12,1001.02
p2_S2_N2.114,2940.0,7.92,0.0,0,159.09
p2_E_W.133,2423.0,500.07,363.0,11,986.97
p2_E_W.134,2430.0,504.47,362.0,11,996.77
p2_E_W.135,2475.0,461.2,323.0,11,938.34
p2_E_W.136,2478.0,459.98,318.0,11,953.32
p2_W_E.36,2530.0,395.89,220.0,20,800.12
p2_E_W.137,2481.0,458.68,316.0,10,949.85
p2_W_E.37,2533.0,408.04,215.0,16,818.77
p2_E_W.138,2484.0,457.47,314.0,12,951.16
p2_E_W.139,2488.0,450.19,314.0,14,939.48
p2_E_W.140,2491.0,453.97,311.0,14,945.05
p2_N1_E.34,2823.0,104.22,69.0,4,389.73
p2_W_N1.10,2574.0,396.59,202.0,16,765.5
p2_E_S1.14,2494.0,455.53,304.0,14,935.12
p2_S1_N1.114,2940.0,34.66,23.0,1,215.6
p2_N1_E.35,2853.0,81.23,47.0,3,341.76
p2_S1_N1.115,2950.0,26.67,14.0,1,200.9
p2_W_E.38,2539.0,417.18,215.0,16,828.79
p2_N1_S1.107,2870.0,101.44,68.0,4,317.77
p2_W_E.39,2563.0,394.95,200.0,20,799.39
p2_N1_S1.108,2880.0,99.15,64.0,4,324.74
p2_S1_N1.116,2960.0,16.69,6.0,1,188.41
p2_W_E.40,2566.0,381.64,191.0,12,769.94
p2_S1_N1.117,2970.0,12.0,0.0,0,181.96
p2_W_E.41,2570.0,383.98,188.0,12,772.88
p2_N1_S1.109,2890.0,96.01,54.0,4,314.01
p2_S1_N1.118,2980.0,6.29,0.0,0,152.32
p2_N2_S2.115,2950.0,38.59,27.0,1,221.88
p2_S2_N2.115,2950.0,38.55,27.0,1,224.74
p2_N1_S1.110,2900.0,87.44,43.0,4,294.97
p2_N1_S1.111,2910.0,80.18,35.0,4,282.01
p2_N2_S2.116,2960.0,30.25,18.0,1,212.39
p2_S2_N2.116,2960.0,29.24,18.0,1,202.63
p2_N2_S2.117,2970.0,23.3,10.0,1,189.72
p2_S2_N2.117,2970.0,23.32,9.0,1,195.35
p2_N1_S1.112,2920.0,74.9,31.0,3,266.69
p2_N1_S1.113,2930.0,66.72,26.0,2,258.49
p2_N1_S1.114,2940.0,58.45,22.0,1,243.19
p2_S1_N1.119,2990.0,5.86,0.0,0,153.33
p2_N2_S2.118,2980.0,6.63,0.0,0,155.77
p2_N2_S2.119,2990.0,9.81,0.0,0,157.39
p2_S2_N2.118,2980.0,22.55,2.0,2,203.52
p2_N2_S2.120,3000.0,6.68,0.0,0,156.0
p2_E_W.141,2497.0,485.66,332.0,15,978.72
p2_S2_N2.119,2990.0,17.92,0.0,0,187.02
p2_S2_N2.120,3000.0,8.83,0.0,0,168.44
p2_E_W.142,2500.0,485.93,327.0,14,983.31
p2_E_W.143,2503.0,487.8,321.0,15,990.61
p2_S2_W.29,2687.0,298.49,153.0,12,689.02
p2_N1_E.36,2883.0,111.31,69.0,6,398.76
p2_S2_W.30,2703.0,293.31,146.0,9,694.62
p2_N1_E.37,2913.0,83.38,32.0,3,351.08
p2_S2_W.31,2733.0,265.01,131.0,7,643.61
p2_E_W.144,2506.0,494.28,339.0,13,1021.33
p2_E_W.145,2509.0,491.02,332.0,12,997.39
p2_S2_W.32,2763.0,231.95,130.0,7,583.38
p2_S2_W.33,2793.0,210.33,123.0,7,562.36
p2_S2_W.34,2823.0,184.05,95.0,6,531.44
p2_S2_W.35,2853.0,155.76,75.0,4,503.62
p2_N1_E.38,2943.0,57.12,22.0,1,293.5
p2_N1_S1.115,2950.0,85.73,50.0,2,305.89
p2_W_N1.11,2642.0,384.08,207.0,16,724.05
p2_S1_N1.120,3000.0,38.97,25.0,1,229.99
p2_S1_N1.121,3010.0,30.62,16.0,1,220.7
p2_N1_S1.116,2960.0,73.59,48.0,2,280.83
p2_S1_N1.122,3020.0,20.85,8.0,1,206.28
p2_W_E.42,2584.0,418.15,228.0,17,840.23
p2_N1_S1.117,2970.0,73.89,40.0,2,291.56
p2_S1_N1.123,3030.0,14.25,0.0,0,199.7
p2_W_E.43,2629.0,384.07,204.0,13,789.74
p2_W_E.44,2633.0,386.56,205.0,15,785.22
p2_N1_S1.118,2980.0,66.86,31.0,2,266.54
p2_W_E.45,2636.0,388.94,201.0,15,798.5
p2_N2_S2.121,3010.0,39.67,28.0,1,219.81
p2_S2_N2.121,3010.0,39.27,29.0,1,221.72
p2_N1_S1.119,2990.0,55.9,24.0,1,250.38
p2_N2_S2.122,3020.0,31.72,19.0,1,199.53
p2_S2_N2.122,3020.0,31.77,20.0,1,204.9
p2_S1_N1.124,3040.0,6.49,0.0,0,155.19
p2_N2_S2.123,3030.0,23.87,10.0,1,192.13
p2_N1_S1.120,3000.0,44.93,23.0,1,228.18
p2_S2_N2.123,3030.0,20.71,10.0,1,190.1
p2_S1_N1.125,3050.0,5.25,0.0,0,145.0
p2_N1_S1.121,3010.0,47.87,22.0,1,234.14
p2_N2_S2.124,3040.0,13.28,0.0,0,174.9
p2_N1_S1.122,3020.0,39.74,19.0,1,229.61
p2_N2_S2.125,3050.0,6.49,0.0,0,149.31
p2_S2_N2.124,3040.0,25.06,6.0,2,208.71
p2_N2_S2.126,3060.0,5.47,0.0,0,150.9
p2_S2_N2.125,3050.0,14.11,1.0,1,173.33
p2_S2_N2.126,3060.0,8.85,0.0,0,173.37
p2_E_W.146,2512.0,513.68,379.0,15,1026.43
p2_E_W.147,2515.0,530.99,378.0,16,1055.04
p2_E_W.148,2575.0,481.26,319.0,13,969.32
p2_E_W.149,2578.0,480.02,314.0,13,967.15
p2_W_N1.12,2711.0,369.0,203.0,17,715.27
p2_E_W.150,2581.0,478.73,311.0,12,974.41
p2_N2_S2.127,3070.0,6.06,0.0,0,150.65
p2_N1_E.39,2973.0,91.44,53.0,3,384.15
p2_S2_N2.127,3070.0,6.24,0.0,0,151.22
p2_N1_E.40,3003.0,64.57,31.0,2,323.63
p2_W_N1.13,2773.0,317.89,179.0,13,634.66
p2_W_E.46,2650.0,417.4,232.0,15,836.15
p2_W_E.47,2665.0,408.3,227.0,14,821.99
p2_W_E.48,2695.0,379.94,210.0,14,776.43
p2_W_E.49,2699.0,377.62,205.0,18,787.54
p2_W_E.50,2703.0,374.65,204.0,16,783.76
p2_E_S1.15,2584.0,489.82,326.0,13,991.95
p2_N1_S1.123,3030.0,72.91,47.0,2,286.81
p2_S1_N1.126,3060.0,39.76,28.0,1,216.27
p2_W_E.51,2728.0,355.05,202.0,19,739.99
p2_W_E.52,2755.0,329.84,182.0,15,687.55
p2_S1_N1.127,3070.0,30.06,17.0,1,202.39
p2_S1_N1.128,3080.0,28.51,12.0,1,206.97
p2_W_E.53,2759.0,328.32,185.0,17,701.86
p2_W_E.54,2765.0,324.06,186.0,15,692.41
p2_S1_N1.129,3090.0,20.28,4.0,1,202.01
p2_S1_N1.130,3100.0,8.17,0.0,0,170.25
p2_N1_S1.124,3040.0,74.58,46.0,3,279.62
p2_S1_N1.131,3110.0,5.77,0.0,0,150.35
p2_N1_S1.125,3050.0,63.78,39.0,2,251.77
p2_N1_S1.126,3060.0,61.36,38.0,2,258.61
p2_W_E.55,2826.0,264.64,145.0,10,616.95
p2_S2_N2.128,3080.0,46.26,33.0,1,229.77
p2_N2_S2.128,3080.0,43.41,31.0,1,222.77
p2_S2_N2.129,3090.0,38.01,26.0,1,220.34
p2_S1_N1.132,3120.0,5.53,0.0,0,150.99
p2_N1_S1.127,3070.0,49.25,27.0,2,227.32
p2_N2_S2.129,3090.0,40.13,26.0,1,230.2
p2_N1_S1.128,3080.0,49.73,23.0,3,228.67
p2_N2_S2.130,3100.0,30.26,16.0,1,205.6
p2_N2_S2.131,3110.0,23.07,10.0,1,201.41
p2_N2_S2.132,3120.0,12.17,0.0,0,180.38
p2_E_W.151,2588.0,520.43,352.0,12,1041.99
p2_N2_S2.133,3130.0,7.15,0.0,0,154.41
p2_N1_S1.129,3090.0,28.95,8.0,2,192.14
p2_E_W.152,2591.0,518.43,350.0,13,1033.17
p2_E_W.153,2594.0,525.33,348.0,12,1047.96
p2_E_W.154,2597.0,521.03,343.0,12,1025.69
p2_S2_W.36,2883.0,239.32,149.0,7,636.83
p2_S2_W.37,2913.0,205.99,130.0,6,559.94
p2_S2_N2.130,3100.0,46.26,29.0,2,232.98
p2_S2_W.38,2943.0,182.71,113.0,5,515.23
p2_S2_N2.131,3110.0,38.03,19.0,2,217.99
p2_E_W.155,2600.0,521.44,358.0,14,1028.85
p2_S2_N2.132,3120.0,30.92,10.0,2,220.79
p2_E_W.156,2603.0,519.96,356.0,14,1038.35
p2_S2_W.39,2973.0,158.41,93.0,6,485.11
p2_S2_W.40,3003.0,126.89,74.0,4,423.43
p2_N2_S2.134,3140.0,6.56,0.0,0,152.53
p2_E_W.157,2606.0,528.98,366.0,12,1039.97
p2_E_W.158,2609.0,518.58,367.0,13,1008.72
p2_W_E.56,2829.0,313.1,181.0,11,693.39
p2_E_W.159,2612.0,527.76,365.0,12,1039.39
p2_E_W.160,2662.0,481.09,316.0,13,955.01
p2_W_N1.14,2839.0,327.81,187.0,12,664.32
p2_N1_E.41,3033.0,108.25,74.0,4,392.09
p2_E_S1.16,2665.0,473.22,314.0,15,959.09
p2_S1_N1.133,3130.0,42.39,31.0,1,224.8
p2_N1_E.42,3063.0,70.1,43.0,3,331.7
p2_S1_N1.134,3140.0,32.98,22.0,1,206.77
p2_W_E.57,2833.0,323.38,181.0,12,721.23
p2_S1_N1.135,3150.0,27.53,14.0,1,198.35
p2_W_E.58,2836.0,322.24,177.0,13,723.32
p2_S1_N1.136,3160.0,20.69,5.0,1,192.69
p2_S1_N1.137,3170.0,12.43,0.0,0,184.04
p2_S1_N1.138,3180.0,5.59,0.0,0,145.64
p2_N1_S1.130,3100.0,91.54,58.0,5,305.97
p2_N1_S1.131,3110.0,82.23,52.0,3,295.8
p2_N2_S2.135,3150.0,37.86,27.0,1,215.72
p2_N1_S1.132,3120.0,76.41,47.0,2,276.9
p2_N2_S2.136,3160.0,37.27,22.0,1,221.51
p2_S1_N1.139,3190.0,5.83,0.0,0,150.25
p2_N2_S2.137,3170.0,28.92,13.0,1,214.71
p2_N2_S2.138,3180.0,20.58,5.0,1,218.06
p2_E_W.161,2668.0,515.52,340.0,14,1007.34
p2_N2_S2.139,3190.0,7.17,0.0,0,153.76
p2_E_W.162,2672.0,509.3,335.0,14,1001.24
p2_N2_S2.140,3200.0,11.16,0.0,0,164.21
p2_E_W.163,2675.0,512.4,330.0,14,1004.12
p2_S2_N2.133,3130.0,82.39,54.0,3,293.4
p2_E_W.164,2678.0,514.47,327.0,14,1004.11
p2_S2_W.41,3033.0,157.92,91.0,6,492.77
p2_S2_N2.134,3140.0,72.51,49.0,3,270.61
p2_N2_S2.141,3210.0,6.67,0.0,0,146.34
p2_S2_W.42,3063.0,130.21,73.0,4,444.15
p2_E_W.165,2683.0,513.84,350.0,14,1028.23
p2_E_W.166,2733.0,461.12,312.0,14,936.54
p2_E_W.167,2736.0,465.3,309.0,14,948.32
p2_E_W.168,2739.0,463.95,306.0,13,934.89
p2_S2_N2.135,3150.0,58.57,41.0,2,245.05
p2_E_W.169,2742.0,462.7,300.0,13,935.42
p2_S2_N2.136,3160.0,63.28,38.0,2,254.3
p2_N2_S2.142,3220.0,5.88,0.0,0,153.0
p2_E_W.170,2745.0,458.37,292.0,13,921.33
p2_S2_N2.137,3170.0,57.69,31.0,2,261.48
p2_S2_N2.138,3180.0,48.04,22.0,2,238.7
p2_W_N1.15,2854.0,373.98,222.0,16,727.04
p2_E_S1.17,2748.0,454.88,296.0,13,910.91
p2_S1_N1.140,3200.0,33.98,23.0,1,208.64
p2_N1_E.43,3093.0,115.16,76.0,6,406.38
p2_N1_S1.133,3130.0,101.04,76.0,3,315.49
p2_N1_S1.134,3140.0,94.72,69.0,3,312.56
p2_N1_E.44,3123.0,92.93,55.0,3,381.96
p2_S1_N1.141,3210.0,24.14,11.0,1,193.28
p2_N1_S1.135,3150.0,89.19,60.0,3,304.11
p2_S1_N1.142,3220.0,19.48,4.0,1,194.95
p2_W_E.59,2842.0,376.47,224.0,12,812.52
p2_S1_N1.143,3230.0,11.2,0.0,0,178.35
p2_W_E.60,2845.0,375.23,215.0,12,796.21
p2_W_E.61,2847.0,372.05,210.0,13,783.91
p2_N1_S1.136,3160.0,83.43,49.0,3,291.28
p2_W_E.62,2851.0,372.7,209.0,12,804.37
p2_S1_N1.144,3240.0,5.38,0.0,0,150.13
p2_N1_S1.137,3170.0,76.23,41.0,3,278.71
p2_N1_S1.138,3180.0,67.92,33.0,2,272.28
p2_N1_S1.139,3190.0,62.04,34.0,2,257.24
p2_N1_S1.140,3200.0,54.31,27.0,2,243.0
p2_S2_N2.139,3190.0,67.73,40.0,3,264.97
p2_N2_S2.143,3230.0,26.21,15.0,1,201.13
p2_N1_S1.141,3210.0,42.76,24.0,1,216.3
p2_S1_N1.145,3250.0,6.08,0.0,0,145.98
p2_N2_S2.144,3240.0,19.98,9.0,1,193.15
p2_N2_S2.145,3250.0,10.39,0.0,0,179.93
p2_S2_N2.140,3200.0,54.36,33.0,2,244.25
p2_E_W.171,2752.0,493.03,322.0,14,970.39
p2_N2_S2.146,3260.0,6.56,0.0,0,148.42
p2_S2_N2.141,3210.0,46.67,26.0,2,233.84
p2_E_W.172,2794.0,452.83,292.0,12,914.64
p2_E_W.173,2798.0,448.8,287.0,11,898.41
p2_E_W.174,2802.0,450.39,286.0,12,903.57
p2_E_W.175,2811.0,443.11,282.0,10,888.17
p2_S2_N2.142,3220.0,47.06,23.0,2,232.01
p2_S2_N2.143,3230.0,48.01,20.0,2,234.87
p2_E_W.176,2852.0,396.32,255.0,9,812.37
p2_S2_N2.144,3240.0,40.76,14.0,1,220.99
p2_N2_S2.147,3270.0,5.99,0.0,0,150.43
p2_E_W.177,2855.0,403.48,253.0,11,824.85
p2_E_W.178,2858.0,403.95,248.0,12,834.36
p2_S2_N2.145,3250.0,34.47,9.0,1,219.32
p2_S2_W.43,3093.0,170.39,103.0,6,493.9
p2_N2_S2.148,3280.0,5.75,0.0,0,145.77
p2_E_W.179,2861.0,404.51,269.0,10,849.87
p2_S2_N2.146,3260.0,25.29,0.0,0,198.5
p2_S2_N2.147,3270.0,18.73,0.0,0,194.01
p2_E_W.180,2864.0,403.23,269.0,10,848.06
p2_W_N1.16,2869.0,423.89,245.0,19,790.0
p2_E_S1.18,2867.0,402.15,268.0,11,856.9
p2_S1_N1.146,3260.0,39.12,28.0,1,224.04
p2_N1_E.45,3153.0,112.77,74.0,4,395.97
p2_N1_S1.142,3220.0,78.73,55.0,2,283.84
p2_S1_N1.147,3270.0,30.98,20.0,1,204.05
p2_N1_E.46,3183.0,96.84,51.0,3,366.67
p2_N1_S1.143,3230.0,72.14,46.0,2,287.53
p2_N1_E.47,3213.0,67.0,30.0,2,334.96
p2_S1_N1.148,3280.0,22.87,12.0,1,194.91
p2_S1_N1.149,3290.0,14.93,2.0,1,182.5
p2_W_E.63,2857.0,417.69,250.0,16,854.53
p2_W_E.64,2860.0,425.93,246.0,13,850.6
p2_W_E.65,2863.0,424.62,238.0,18,849.8
p2_N1_S1.144,3240.0,57.39,33.0,2,251.93
p2_W_E.66,2866.0,423.34,233.0,17,859.93
p2_N1_S1.145,3250.0,61.14,31.0,1,257.68
p2_N1_S1.146,3260.0,51.46,30.0,1,229.17
p2_N1_S1.147,3270.0,46.34,27.0,1,239.98
p2_S1_N1.150,3300.0,7.1,0.0,0,149.18
p2_N1_S1.148,3280.0,37.06,19.0,1,215.97
p2_N2_S2.149,3290.0,33.51,21.0,1,208.44
p2_N1_S1.149,3290.0,34.3,13.0,1,209.45
p2_S2_N2.148,3280.0,40.55,27.0,1,216.18
p2_E_W.181,2870.0,435.3,290.0,10,902.18
p2_S2_N2.149,3290.0,34.7,21.0,1,213.74
p2_E_W.182,2873.0,434.7,284.0,10,882.08
p2_N2_S2.150,3300.0,22.29,11.0,1,191.78
p2_S2_N2.150,3300.0,29.9,17.0,1,212.24
p2_S2_W.44,3123.0,186.2,122.0,8,544.22
p2_N2_S2.151,3310.0,16.19,3.0,1,183.18
p2_S2_W.45,3153.0,158.31,94.0,6,486.17
p2_N2_S2.152,3320.0,12.27,0.0,0,187.51
p2_S2_W.46,3183.0,130.19,70.0,4,436.07
p2_N2_S2.153,3330.0,5.75,0.0,0,146.3
p2_E_W.183,2876.0,439.29,297.0,9,905.36
p2_E_W.184,2879.0,438.1,293.0,11,891.64
p2_E_W.185,2882.0,437.01,294.0,11,892.27
p2_S2_N2.151,3310.0,32.31,15.0,2,222.32
p2_S2_N2.152,3320.0,24.11,4.0,1,200.49
p2_N2_S2.154,3340.0,5.6,0.0,0,148.25
p2_E_W.186,2885.0,431.7,288.0,9,892.88
p2_S2_N2.153,3330.0,16.17,4.0,1,182.89
p2_E_W.187,2888.0,432.22,287.0,10,886.38
p2_E_W.188,2891.0,436.75,285.0,12,886.28
p2_E_W.189,2894.0,431.41,279.0,9,881.95
p2_S2_N2.154,3340.0,10.96,0.0,0,175.35
p2_E_W.190,2897.0,434.16,280.0,11,877.13
p2_N1_E.48,3243.0,91.33,51.0,2,370.01
p2_W_N1.17,2884.0,471.83,271.0,17,850.04
p2_N1_E.49,3273.0,63.39,38.0,2,323.87
p2_W_E.67,2872.0,467.0,268.0,18,917.7
p2_E_S1.19,2900.0,428.51,277.0,11,877.68
p2_N1_S1.150,3300.0,62.09,37.0,2,272.65
p2_W_E.68,2875.0,458.79,266.0,17,898.83
p2_W_E.69,2878.0,460.13,261.0,18,895.21
p2_S1_N1.151,3310.0,42.27,31.0,1,220.17
p2_W_E.70,2881.0,462.94,258.0,17,915.13
p2_S1_N1.152,3320.0,41.72,26.0,1,229.32
p2_S1_N1.153,3330.0,42.98,23.0,1,237.26
p2_S1_N1.154,3340.0,34.87,13.0,1,219.97
p2_S1_N1.155,3350.0,24.91,5.0,1,206.23
p2_S1_N1.156,3360.0,13.98,0.0,0,179.35
p2_S1_N1.157,3370.0,10.03,0.0,0,178.36
p2_E_W.191,2928.0,433.99,276.0,11,860.39
p2_S2_N2.155,3350.0,34.73,24.0,1,212.53
p2_S2_W.47,3213.0,149.37,81.0,6,468.54
p2_S2_W.48,3243.0,117.8,55.0,4,427.86
p2_N2_S2.155,3350.0,30.49,19.0,1,200.98
p2_N2_S2.156,3360.0,30.75,14.0,1,210.92
p2_S2_W.49,3273.0,88.16,41.0,2,358.37
p2_N2_S2.157,3370.0,22.5,6.0,1,203.95
p2_S2_N2.156,3360.0,20.73,8.0,1,189.92
p2_E_W.192,2935.0,429.72,290.0,12,898.92
p2_N2_S2.158,3380.0,14.19,0.0,0,186.13
p2_E_W.193,2983.0,386.82,251.0,11,837.75
p2_S2_N2.157,3370.0,26.11,6.0,1,203.02
p2_E_W.194,2987.0,389.08,252.0,9,848.53
p2_N2_S2.159,3390.0,6.05,0.0,0,154.01
p2_E_W.195,2990.0,387.84,249.0,9,845.77
p2_S2_N2.158,3380.0,16.48,0.0,0,194.33
p2_E_W.196,2993.0,385.2,245.0,8,836.56
p2_S2_N2.159,3390.0,10.53,0.0,0,168.39
p2_E_W.197,2996.0,385.39,243.0,9,840.68
p2_E_W.198,2999.0,384.06,242.0,9,827.63
p2_E_W.199,3002.0,374.93,235.0,8,795.51
p2_E_W.200,3005.0,378.64,232.0,9,801.8
p2_S2_N2.160,3400.0,5.99,0.0,0,154.42
p2_W_N1.18,2974.0,433.38,242.0,15,793.91
p2_N1_S1.151,3310.0,103.16,71.0,3,324.95
p2_N1_S1.152,3320.0,95.22,70.0,3,302.42
p2_S1_N1.158,3380.0,34.79,21.0,1,215.51
p2_N1_S1.153,3330.0,85.47,62.0,3,284.86
p2_N2_S2.160,3400.0,6.57,0.0,0,150.78
p2_N2_S2.161,3410.0,10.74,0.0,0,155.11
p2_N1_S1.154,3340.0,82.06,54.0,3,280.11
p2_S1_N1.159,3390.0,18.64,6.0,1,179.14
p2_S1_N1.160,3400.0,21.92,1.0,1,184.7
p2_N1_S1.155,3350.0,74.08,45.0,3,274.59
p2_N1_E.50,3303.0,87.5,58.0,3,354.94
p2_W_E.71,2911.0,491.79,289.0,17,955.33
p2_N1_S1.156,3360.0,63.38,34.0,2,248.85
p2_W_E.72,2959.0,450.36,250.0,16,906.48
p2_N1_S1.157,3370.0,60.89,32.0,2,251.76
p2_W_E.73,2963.0,437.59,244.0,17,858.86
p2_N1_S1.158,3380.0,53.46,28.0,2,246.96
p2_S1_N1.161,3410.0,7.09,0.0,0,154.08
p2_W_E.74,2966.0,438.63,242.0,17,858.2
p2_W_E.75,2970.0,445.01,242.0,19,876.43
p2_S1_N1.162,3420.0,15.09,0.0,0,173.14
p2_N1_S1.159,3390.0,42.48,22.0,1,223.44
p2_S1_N1.163,3430.0,8.09,0.0,0,157.56
p2_W_N1.19,2995.0,458.21,254.0,16,840.68
p2_N1_E.51,3333.0,84.04,57.0,3,322.39
p2_N2_S2.162,3420.0,35.3,24.0,1,215.23
p2_N2_S2.163,3430.0,26.01,15.0,1,199.1
p2_N2_S2.164,3440.0,19.2,8.0,1,192.75
p2_S2_N2.161,3410.0,40.93,30.0,1,217.52
p2_N2_S2.165,3450.0,10.04,0.0,0,169.42
p2_S2_N2.162,3420.0,43.24,25.0,1,228.5
p2_W_N1.20,3054.0,407.73,206.0,15,766.39
p2_S2_N2.163,3430.0,37.18,18.0,1,222.2
p2_S2_N2.164,3440.0,28.14,10.0,1,196.38
p2_S2_N2.165,3450.0,23.09,0.0,0,203.72
p2_N2_S2.166,3460.0,6.32,0.0,0,143.47
p2_W_N1.21,3115.0,359.8,176.0,15,687.11
p2_N2_S2.167,3470.0,5.95,0.0,0,158.06
p2_S2_N2.166,3460.0,22.33,1.0,1,196.97
p2_E_S1.20,3008.0,447.82,303.0,13,919.08
p2_N1_S1.160,3400.0,83.1,59.0,2,299.23
p2_N1_S1.161,3410.0,76.94,49.0,2,291.98
p2_N1_S1.162,3420.0,66.72,37.0,2,273.09
p2_S1_N1.164,3440.0,37.17,25.0,1,210.42
p2_N1_E.52,3363.0,96.47,61.0,4,357.88
p2_S1_N1.165,3450.0,36.14,19.0,1,215.03
p2_S1_N1.166,3460.0,30.1,12.0,1,222.06
p2_N1_E.53,3393.0,67.53,42.0,2,333.47
p2_S1_N1.167,3470.0,25.75,7.0,1,214.58
p2_W_E.76,2978.0,497.65,289.0,20,953.22
p2_N1_S1.163,3430.0,67.44,35.0,1,270.58
p2_S1_N1.168,3480.0,10.95,0.0,0,182.0
p2_W_E.77,2981.0,496.41,282.0,18,953.53
p2_N1_S1.164,3440.0,58.9,34.0,1,244.22
p2_W_E.78,2984.0,486.93,273.0,20,939.02
p2_W_E.79,2987.0,486.72,274.0,18,945.76
p2_N1_S1.165,3450.0,51.98,31.0,1,246.53
p2_W_E.80,3035.0,447.79,236.0,17,900.88
p2_S1_N1.169,3490.0,7.44,0.0,0,150.31
p2_W_E.81,3038.0,445.59,237.0,19,902.27
p2_W_E.82,3042.0,441.9,226.0,15,884.33
p2_W_E.83,3045.0,443.08,223.0,16,893.79
p2_W_E.84,3095.0,394.83,196.0,15,819.67
p2_N1_S1.166,3460.0,41.88,22.0,1,209.83
p2_N1_S1.167,3470.0,42.87,16.0,1,224.0
p2_N1_S1.168,3480.0,34.48,7.0,1,210.89
p2_W_E.85,3098.0,381.9,196.0,15,787.52
p2_E_W.201,3011.0,482.73,328.0,12,963.65
p2_W_E.86,3101.0,394.3,187.0,15,795.18
p2_W_E.87,3107.0,390.06,181.0,15,801.88
p2_E_W.202,3045.0,447.43,299.0,12,895.11
p2_W_E.88,3151.0,341.29,163.0,14,744.7
p2_S2_W.50,3303.0,196.51,131.0,7,542.55
p2_N2_S2.168,3480.0,41.5,32.0,1,220.41
p2_S2_N2.167,3470.0,51.06,35.0,2,234.29
p2_S2_W.51,3333.0,167.45,107.0,7,502.03
p2_N2_S2.169,3490.0,31.32,21.0,1,201.84
p2_S2_N2.168,3480.0,42.03,31.0,1,222.34
p2_E_W.203,3052.0,443.53,301.0,10,920.67
p2_E_W.204,3104.0,396.85,263.0,9,864.93
p2_N2_S2.170,3500.0,22.15,10.0,1,185.95
p2_E_W.205,3108.0,396.36,259.0,9,865.17
p2_N2_S2.171,3510.0,12.42,0.0,0,178.2
p2_N2_S2.172,3520.0,15.48,0.0,0,181.0
p2_S2_N2.169,3490.0,46.04,29.0,2,236.92
p2_E_W.206,3111.0,385.25,260.0,11,833.83
p2_S2_N2.170,3500.0,37.77,20.0,2,219.06
p2_E_W.207,3114.0,395.15,257.0,11,830.05
p2_S2_N2.171,3510.0,28.93,10.0,2,205.86
p2_E_W.208,3117.0,402.24,254.0,11,848.72
p2_E_W.209,3120.0,380.51,253.0,11,809.04
p2_W_N1.22,3164.0,380.48,196.0,15,732.82
p2_E_W.210,3123.0,401.24,251.0,11,821.64
p2_N2_S2.173,3530.0,6.61,0.0,0,157.38
p2_N2_S2.174,3540.0,11.24,0.0,0,173.04
p2_N1_E.54,3423.0,109.49,68.0,3,402.19
p2_S1_N1.170,3500.0,43.36,32.0,1,218.72
p2_E_S1.21,3126.0,383.78,249.0,12,817.58
p2_S1_N1.171,3510.0,46.22,28.0,1,230.95
p2_N1_E.55,3453.0,79.16,52.0,2,350.86
p2_S1_N1.172,3520.0,35.39,20.0,1,226.7
p2_S1_N1.173,3530.0,29.77,12.0,1,226.38
p2_W_E.89,3154.0,382.78,206.0,15,799.98
p2_S1_N1.174,3540.0,21.56,3.0,1,224.19
p2_W_E.90,3157.0,382.39,199.0,18,782.07
p2_N1_S1.169,3490.0,72.71,40.0,3,274.49
p2_W_E.91,3160.0,373.06,191.0,16,766.42
p2_N1_S1.170,3500.0,57.5,37.0,2,242.82
p2_S1_N1.175,3550.0,7.07,0.0,0,159.23
p2_N1_S1.171,3510.0,63.36,36.0,2,262.48
p2_N1_S1.172,3520.0,56.76,32.0,2,252.34
p2_S1_N1.176,3560.0,16.13,0.0,0,163.69
p2_S1_N1.177,3570.0,7.84,0.0,0,154.74
p2_N1_S1.173,3530.0,38.55,19.0,2,212.55
p2_E_W.211,3130.0,429.66,275.0,11,878.74
p2_N1_S1.174,3540.0,40.87,13.0,2,225.95
p2_S2_W.52,3363.0,197.8,121.0,7,548.74
p2_S2_W.53,3393.0,165.51,105.0,5,475.83
p2_N2_S2.175,3550.0,37.72,25.0,1,221.61
p2_E_W.212,3175.0,386.07,263.0,9,807.73
p2_N2_S2.176,3560.0,29.7,18.0,1,204.73
p2_E_W.213,3179.0,390.32,257.0,9,826.69
p2_N2_S2.177,3570.0,21.68,9.0,1,193.21
p2_E_W.214,3182.0,385.68,254.0,10,826.49
p2_E_W.215,3185.0,387.86,252.0,10,825.36
p2_N2_S2.178,3580.0,11.66,0.0,0,179.5
p2_E_W.216,3188.0,386.46,251.0,10,829.94
p2_E_W.217,3191.0,376.28,244.0,10,793.29
p2_E_W.218,3194.0,374.24,241.0,9,792.69
p2_N2_S2.179,3590.0,6.27,0.0,0,148.45
p2_S2_N2.172,3520.0,85.35,56.0,4,291.44
p2_E_W.219,3197.0,373.23,242.0,12,786.24
p2_E_W.220,3200.0,380.92,239.0,11,805.52
p2_W_N1.23,3180.0,425.15,234.0,17,802.01
p2_N1_E.56,3483.0,98.72,64.0,4,368.2
p2_N1_E.57,3513.0,80.64,52.0,3,351.4
p2_W_E.92,3167.0,428.96,235.0,20,885.45
p2_W_E.93,3171.0,426.64,227.0,18,874.1
p2_W_E.94,3174.0,425.44,226.0,16,871.69
p2_W_E.95,3177.0,423.3,222.0,17,867.76
p2_W_N1.24,3238.0,384.81,205.0,18,746.54
p2_W_N1.25,3314.0,319.01,149.0,14,644.22
p2_W_E.96,3183.0,428.95,233.0,20,846.72
p2_W_E.97,3186.0,429.99,228.0,18,846.18
p2_E_S1.22,3203.0,417.55,272.0,11,870.1
p2_W_E.98,3192.0,421.74,224.0,19,832.84
p2_S2_N2.173,3530.0,116.66,89.0,4,341.92
p2_S1_N1.178,3580.0,61.06,49.0,1,250.32
p2_S1_N1.179,3590.0,61.57,45.0,1,255.88
p2_S2_N2.174,3540.0,107.43,86.0,3,321.44
p2_N1_S1.175,3550.0,102.93,69.0,4,322.82
p2_S2_N2.175,3550.0,104.72,79.0,3,307.86
p2_E_W.221,3206.0,430.0,280.0,12,880.41
p2_E_W.222,3209.0,429.09,276.0,12,877.21
p2_E_W.223,3212.0,427.77,274.0,12,880.38
p2_S2_N2.176,3560.0,90.99,67.0,3,298.63
p2_S2_N2.177,3570.0,92.57,63.0,3,309.52
p2_E_W.224,3215.0,423.15,271.0,15,858.2
p2_E_W.225,3218.0,427.26,268.0,16,865.98
p2_S2_W.54,3423.0,223.43,139.0,10,593.53
p2_W_E.99,3223.0,414.67,226.0,17,823.98
p2_S2_W.55,3453.0,194.59,108.0,7,544.75
p2_E_W.226,3266.0,385.99,242.0,11,825.87
p2_W_E.100,3229.0,422.3,223.0,18,852.74
p2_E_W.227,3269.0,382.39,238.0,13,824.98
p2_W_E.101,3294.0,352.69,172.0,12,769.38
p2_E_W.228,3272.0,383.54,232.0,12,822.8
p2_W_E.102,3297.0,345.47,171.0,13,734.83
p2_W_E.103,3300.0,358.33,171.0,13,763.58
p2_W_E.104,3304.0,351.97,168.0,15,759.47
p2_E_W.229,3276.0,373.92,232.0,11,790.11
p2_W_E.105,3354.0,298.12,138.0,13,662.22
p2_S2_W.56,3483.0,177.55,106.0,7,500.2
p2_E_W.230,3282.0,382.1,242.0,9,800.49
p2_W_E.106,3357.0,290.67,137.0,13,638.66
p2_W_E.107,3361.0,306.99,136.0,12,655.79
p2_W_N1.26,3375.0,313.82,161.0,14,627.45
p2_N1_E.58,3543.0,116.96,78.0,5,411.89
p2_W_E.108,3365.0,306.48,136.0,11,681.74
p2_W_N1.27,3435.0,264.36,127.0,14,555.96
p2_W_N1.28,3484.0,224.81,103.0,9,493.69
p2_E_S1.23,3322.0,363.09,244.0,10,795.48
p2_N1_S1.176,3560.0,166.38,129.0,4,420.78
p2_S2_N2.178,3580.0,124.32,91.0,4,358.52
p2_N1_S1.177,3570.0,158.17,122.0,2,421.31
p2_S2_N2.179,3590.0,137.73,88.0,3,370.79
p2_W_E.109,3414.0,296.74,154.0,11,659.08
p2_E_W.231,3326.0,385.29,250.0,11,823.75
p2_N1_S1.178,3580.0,141.98,116.0,2,367.73
p2_W_E.110,3419.0,293.71,144.0,13,644.43
p2_E_W.232,3330.0,384.07,250.0,13,818.93
p2_W_E.111,3422.0,292.51,142.0,14,664.08
p2_W_E.112,3427.0,281.13,137.0,14,626.89
p2_E_W.233,3333.0,373.73,245.0,12,801.69
p2_W_E.113,3472.0,238.22,117.0,9,587.0
p2_E_W.234,3336.0,370.5,241.0,14,789.21
p2_W_E.114,3475.0,249.76,114.0,10,583.84
p2_E_W.235,3339.0,381.33,239.0,12,803.52
p2_W_E.115,3478.0,240.32,111.0,10,594.74
p2_E_W.236,3342.0,386.29,234.0,11,808.54
p2_W_E.116,3481.0,247.5,107.0,11,589.63
p2_E_W.237,3345.0,384.99,227.0,12,814.06
p2_W_E.117,3493.0,233.03,105.0,12,585.84
p2_E_W.238,3348.0,381.4,229.0,12,819.29
p2_W_E.118,3534.0,194.49,84.0,9,546.31
p2_E_W.239,3351.0,378.97,227.0,12,818.83
p2_N1_E.59,3573.0,149.6,121.0,2,431.7
p2_S2_W.57,3513.0,220.02,131.0,9,590.06
p2_E_W.240,3382.0,350.39,212.0,12,785.57
p2_W_N1.29,3543.0,216.8,107.0,10,501.18
p2_W_E.119,3537.0,195.53,94.0,10,517.13
p2_W_E.120,3540.0,201.77,92.0,11,530.3
p2_W_N1.30,3562.0,210.5,87.0,10,482.85
p2_W_N1.31,3577.0,206.88,77.0,8,470.62
p2_W_E.121,3546.0,214.7,106.0,9,543.08
p2_W_E.122,3550.0,219.56,100.0,11,560.46
p2_W_E.123,3553.0,218.29,96.0,12,562.25
p2_E_S1.24,3386.0,385.78,244.0,12,839.72
p2_N1_S1.179,3590.0,207.54,174.0,3,475.23
p2_W_E.124,3556.0,230.9,106.0,10,585.47
p2_E_W.241,3389.0,395.68,251.0,12,843.43
p2_W_E.125,3559.0,230.24,102.0,9,585.49
p2_E_W.242,3392.0,398.78,244.0,13,841.63
p2_W_E.126,3565.0,226.07,94.0,11,560.07
p2_E_W.243,3395.0,397.11,243.0,14,840.57
p2_W_E.127,3568.0,223.95,91.0,12,559.53
p2_E_W.244,3398.0,396.23,239.0,14,842.44
p2_W_E.128,3571.0,223.78,89.0,13,561.57
p2_E_W.245,3401.0,394.98,234.0,16,834.58
p2_E_W.246,3404.0,388.31,234.0,15,807.64
p2_E_W.247,3407.0,386.16,229.0,17,807.27
p2_E_W.248,3410.0,395.3,227.0,15,813.55
p2_W_E.129,3574.0,209.19,83.0,13,530.72
p2_S2_W.58,3543.0,263.38,171.0,12,633.76
p2_W_E.130,3580.0,219.01,77.0,10,549.66
p2_S2_W.59,3573.0,235.34,140.0,10,603.21
p2_W_E.131,3602.0,207.44,59.0,7,535.94
p2_E_W.249,3413.0,396.61,231.0,17,837.3
p2_W_E.132,3607.0,204.12,62.0,10,541.17
p2_W_E.133,3612.0,199.52,71.0,9,516.57
p2_E_W.250,3416.0,381.58,224.0,16,795.17
p2_W_N1.32,3621.0,217.59,93.0,10,497.22
p2_W_N1.33,3689.0,161.12,55.0,7,409.18
p2_W_N1.34,3712.0,148.06,44.0,6,386.36
p2_E_S1.25,3446.0,402.32,242.0,14,824.51
p2_W_E.134,3669.0,180.04,70.0,8,490.0
p2_W_E.135,3672.0,192.21,67.0,8,498.83
p2_W_E.136,3675.0,190.03,62.0,7,494.64
p2_E_W.251,3449.0,410.21,245.0,16,843.95
p2_W_E.137,3680.0,187.57,62.0,6,504.12
p2_E_W.252,3452.0,417.66,243.0,16,840.96
p2_W_E.138,3700.0,159.7,55.0,9,453.2
p2_E_W.253,3455.0,413.88,243.0,19,873.53
p2_W_E.139,3703.0,163.25,51.0,8,479.43
p2_E_W.254,3458.0,415.14,236.0,18,883.01
p2_W_E.140,3706.0,167.17,50.0,6,486.32
p2_E_W.255,3461.0,412.61,228.0,17,881.84
p2_W_E.141,3709.0,165.81,46.0,6,493.45
p2_W_E.142,3715.0,161.7,47.0,5,489.19
p2_W_E.143,3718.0,160.42,46.0,6,491.24
p2_W_E.144,3721.0,159.3,45.0,6,476.52
p2_E_W.256,3464.0,396.51,227.0,17,814.63
p2_E_W.257,3467.0,412.1,220.0,17,833.97
p2_E_W.258,3470.0,416.26,215.0,15,850.97
p2_E_W.259,3475.0,403.94,206.0,14,859.42
p2_W_E.145,3724.0,162.15,57.0,7,437.61
p2_E_W.260,3510.0,379.14,184.0,13,805.46
p2_W_N1.35,3727.0,183.53,74.0,8,426.61
p2_W_N1.36,3757.0,167.42,56.0,6,405.37
p2_W_E.146,3730.0,184.71,69.0,8,450.65
p2_W_N1.37,3792.0,141.15,39.0,5,374.42
p2_W_N1.38,3807.0,137.2,31.0,5,351.95
p2_E_S1.26,3513.0,405.18,216.0,17,854.1
p2_W_E.147,3733.0,200.71,77.0,8,501.83
p2_W_E.148,3736.0,199.24,77.0,8,496.49
p2_W_E.149,3739.0,199.28,75.0,8,514.59
p2_E_W.261,3516.0,423.15,227.0,15,875.48
p2_W_E.150,3748.0,192.29,70.0,9,499.06
p2_E_W.262,3519.0,423.64,226.0,14,891.25
p2_W_E.151,3779.0,161.66,53.0,6,471.73
p2_E_W.263,3522.0,422.51,227.0,14,891.94
p2_W_E.152,3782.0,162.28,47.0,7,470.27
p2_E_W.264,3525.0,421.34,217.0,18,896.88
p2_E_W.265,3528.0,420.15,217.0,14,881.65
p2_E_W.266,3531.0,418.83,207.0,15,866.4
p2_W_E.153,3786.0,151.42,44.0,7,448.18
p2_W_E.154,3789.0,163.92,43.0,6,476.85
p2_W_E.155,3795.0,147.42,39.0,7,445.67
p2_E_W.267,3534.0,409.92,208.0,18,845.13
p2_E_W.268,3537.0,421.11,203.0,14,860.55
p2_W_E.156,3798.0,159.58,37.0,5,467.02
p2_E_W.269,3540.0,419.88,198.0,16,835.44
p2_W_E.157,3801.0,158.26,37.0,5,475.61
p2_E_W.270,3543.0,418.65,197.0,14,855.45
p2_W_E.158,3804.0,151.7,35.0,5,460.75
p2_W_E.159,3810.0,153.1,41.0,5,419.71
p2_W_E.160,3813.0,151.78,40.0,6,432.93
p2_W_N1.39,3837.0,149.39,47.0,6,381.93
p2_W_E.161,3822.0,141.87,35.0,4,401.87
p2_W_E.162,3827.0,143.07,35.0,4,419.48
p2_W_N1.40,3863.0,134.98,39.0,6,368.75
p2_W_N1.41,3878.0,130.11,31.0,4,347.21
p2_W_E.163,3849.0,140.28,44.0,6,418.16
p2_E_S1.27,3546.0,453.42,227.0,15,926.08
p2_W_E.164,3853.0,155.12,55.0,6,457.21
p2_W_E.165,3856.0,156.03,53.0,6,460.83
p2_W_E.166,3859.0,155.42,51.0,6,467.45
p2_E_W.271,3549.0,467.6,235.0,15,926.92
p2_E_W.272,3552.0,466.43,229.0,16,919.5
p2_W_E.167,3866.0,146.01,44.0,7,449.68
p2_W_E.168,3869.0,151.53,39.0,6,459.52
p2_E_W.273,3576.0,441.64,213.0,19,888.16
p2_W_E.169,3872.0,150.36,42.0,6,455.54
p2_W_E.170,3875.0,149.11,37.0,6,454.42
p2_W_E.171,3881.0,144.1,32.0,5,448.96
p2_E_W.274,3581.0,431.87,209.0,18,863.9
p2_W_E.172,3884.0,139.0,30.0,5,423.39
p2_E_W.275,3585.0,437.04,200.0,18,876.54
p2_W_E.173,3887.0,139.87,23.0,5,427.37
p2_E_W.276,3592.0,438.61,198.0,19,872.34
p2_W_E.174,3890.0,137.48,26.0,5,421.41
p2_E_W.277,3646.0,385.63,150.0,14,784.01
p2_W_E.175,3900.0,133.15,24.0,7,410.9
p2_E_W.278,3650.0,384.04,154.0,15,800.23
p2_E_W.279,3652.0,383.72,147.0,19,809.42
p2_E_W.280,3656.0,381.41,146.0,16,798.15
p2_W_N1.42,3908.0,147.41,65.0,11,384.23
p2_W_N1.43,3941.0,133.6,38.0,4,364.21
p2_W_E.176,3929.0,138.08,52.0,5,413.66
p2_W_N1.44,3956.0,125.83,31.0,5,350.9
p2_W_N1.45,3986.0,109.13,26.0,3,324.08
p2_E_S1.28,3659.0,416.45,173.0,13,858.51
p2_W_E.177,3932.0,152.57,58.0,6,439.56
p2_W_E.178,3935.0,153.99,56.0,6,453.24
p2_W_E.179,3938.0,152.68,50.0,5,453.03
p2_E_W.281,3662.0,430.16,183.0,18,870.03
p2_W_E.180,3944.0,148.45,43.0,5,453.16
p2_W_E.181,3947.0,147.1,43.0,5,446.71
p2_E_W.282,3665.0,428.32,176.0,20,856.38
p2_E_W.283,3668.0,425.27,169.0,16,852.55
p2_E_W.284,3671.0,428.36,166.0,19,850.57
p2_W_E.182,3950.0,140.34,38.0,4,434.8
p2_E_W.285,3674.0,427.28,175.0,17,883.44
p2_W_E.183,3953.0,146.58,37.0,6,439.87
p2_E_W.286,3678.0,422.11,174.0,19,833.14
p2_E_W.287,3703.0,401.75,164.0,19,807.63
p2_W_E.184,3959.0,133.91,31.0,5,416.52
p2_E_W.288,3712.0,394.56,160.0,19,796.36
p2_W_E.185,3962.0,144.22,32.0,6,438.18
p2_W_E.186,3965.0,142.97,29.0,5,430.21
p2_E_W.289,3716.0,392.24,152.0,20,790.77
p2_W_E.187,3977.0,123.07,30.0,3,399.64
p2_E_W.290,3719.0,386.0,156.0,19,793.13
p2_W_N1.46,4013.0,120.91,40.0,4,349.3
p2_W_E.188,4001.0,108.95,34.0,3,377.05
p2_W_E.189,4004.0,112.48,30.0,4,378.94
p2_W_E.190,4007.0,119.48,29.0,3,406.66
p2_W_N1.47,4028.0,120.89,33.0,4,336.1
p2_W_E.191,4010.0,118.36,27.0,3,411.01
p2_W_E.192,4016.0,125.86,37.0,4,393.17
p2_W_N1.48,4046.0,113.26,28.0,5,326.97
p2_W_N1.49,4071.0,100.34,20.0,4,312.48
p2_E_S1.29,3722.0,418.66,185.0,19,849.17
p2_W_E.193,4019.0,141.35,48.0,5,437.31
p2_W_E.194,4022.0,142.27,46.0,5,441.8
p2_W_E.195,4025.0,140.89,47.0,5,433.74
p2_E_W.291,3725.0,443.32,189.0,18,866.9
p2_W_E.196,4031.0,131.77,39.0,5,419.61
p2_W_E.197,4034.0,138.01,39.0,5,448.5
p2_E_W.292,3728.0,437.0,181.0,18,849.59
p2_W_E.198,4037.0,134.66,36.0,5,445.24
p2_E_W.293,3731.0,439.45,175.0,18,851.13
p2_W_E.199,4040.0,131.58,35.0,6,434.15
p2_E_W.294,3734.0,442.52,172.0,20,874.66
p2_W_E.200,4043.0,134.27,33.0,7,440.94
p2_E_W.295,3739.0,439.29,168.0,17,851.96
p2_W_E.201,4049.0,129.87,24.0,7,450.37
p2_E_W.296,3760.0,419.94,163.0,17,838.65
p2_W_E.202,4052.0,128.66,25.0,6,445.1
p2_E_W.297,3782.0,399.61,158.0,14,801.19
p2_W_E.203,4055.0,120.17,27.0,7,391.96
p2_E_W.298,3790.0,388.08,154.0,14,771.85
p2_W_E.204,4060.0,124.55,22.0,5,422.8
p2_E_W.299,3795.0,391.61,149.0,14,777.97
p2_E_W.300,3802.0,378.71,149.0,15,782.56
p2_W_E.205,4077.0,113.69,31.0,5,389.34
p2_W_N1.50,4089.0,124.09,37.0,5,377.01
p2_W_E.206,4080.0,107.92,31.0,6,370.36
p2_W_E.207,4083.0,118.18,26.0,5,394.51
p2_W_E.208,4086.0,111.14,24.0,4,397.94
p2_W_N1.51,4104.0,118.76,27.0,6,343.6
p2_W_N1.52,4119.0,115.99,18.0,4,329.65
p2_W_N1.53,4162.0,80.47,7.0,3,280.11
p2_E_S1.30,3820.0,406.17,177.0,15,828.1
p2_W_E.209,4092.0,140.42,45.0,7,453.8
p2_W_E.210,4095.0,139.5,43.0,7,450.73
p2_W_E.211,4098.0,138.67,39.0,5,442.81
p2_E_W.301,3823.0,421.5,181.0,17,844.14
p2_W_E.212,4101.0,129.99,34.0,4,421.33
p2_W_E.213,4107.0,137.56,30.0,6,431.88
p2_E_W.302,3826.0,417.9,175.0,16,838.6
p2_E_W.303,3829.0,420.16,175.0,17,859.77
p2_E_W.304,3832.0,418.81,173.0,17,862.05
p2_W_E.214,4110.0,120.21,24.0,4,406.68
p2_E_W.305,3835.0,417.52,168.0,16,833.57
p2_W_E.215,4113.0,137.14,22.0,5,426.13
p2_E_W.306,3838.0,416.39,167.0,16,838.4
p2_W_E.216,4116.0,135.28,20.0,4,437.26
p2_W_E.217,4132.0,124.09,20.0,5,400.31
p2_E_W.307,3841.0,411.36,167.0,19,813.5
p2_W_E.218,4154.0,89.4,9.0,3,369.48
p2_W_E.219,4157.0,99.94,9.0,3,385.11
p2_E_W.308,3844.0,413.85,160.0,15,812.6
p2_W_E.220,4160.0,90.52,9.0,3,357.29
p2_E_W.309,3848.0,414.26,153.0,15,812.91
p2_E_W.310,3858.0,405.9,152.0,16,816.03
p2_W_E.221,4166.0,97.83,6.0,2,389.56
p2_W_N1.54,4181.0,107.28,24.0,3,335.38
p2_W_E.222,4169.0,92.02,17.0,3,363.59
p2_W_E.223,4172.0,107.28,17.0,3,388.15
p2_W_E.224,4175.0,95.91,15.0,3,367.93
p2_W_E.225,4178.0,104.97,15.0,3,387.75
p2_W_N1.55,4196.0,103.38,17.0,3,322.33
p2_W_N1.56,4223.0,90.18,12.0,4,283.08
p2_W_N1.57,4241.0,82.8,7.0,2,289.86
p2_E_S1.31,3863.0,441.26,189.0,18,876.77
p2_W_E.226,4184.0,123.01,31.0,4,418.93
p2_W_E.227,4187.0,124.37,27.0,4,419.15
p2_W_E.228,4190.0,111.86,24.0,4,400.1
p2_W_E.229,4193.0,118.34,22.0,5,399.31
p2_W_E.230,4201.0,112.61,17.0,4,406.31
p2_W_E.231,4205.0,119.0,12.0,3,409.7
p2_E_W.311,3866.0,447.79,191.0,19,892.03
p2_W_E.232,4209.0,116.74,11.0,2,409.9
p2_E_W.312,3869.0,457.31,183.0,21,905.96
p2_E_W.313,3872.0,453.69,181.0,20,882.85
p2_E_W.314,3875.0,454.74,176.0,17,900.71
p2_W_E.233,4215.0,93.73,11.0,3,363.87
p2_W_E.234,4229.0,103.97,9.0,2,372.52
p2_W_E.235,4232.0,102.71,8.0,3,392.45
p2_W_E.236,4235.0,101.52,8.0,2,376.47
p2_E_W.315,3880.0,433.06,174.0,17,859.71
p2_E_W.316,3885.0,454.03,176.0,17,880.78
p2_W_E.237,4238.0,100.33,9.0,3,385.43
p2_E_W.317,3895.0,438.87,167.0,16,864.82
p2_E_W.318,3899.0,441.31,171.0,17,867.57
p2_E_W.319,3904.0,436.79,160.0,17,848.7
p2_W_N1.58,4256.0,110.17,25.0,3,331.36
p2_E_W.320,3912.0,434.09,163.0,18,864.03
p2_W_E.238,4244.0,97.76,19.0,3,366.82
p2_W_E.239,4247.0,99.1,18.0,3,367.21
p2_W_E.240,4250.0,94.51,18.0,3,356.7
p2_W_E.241,4253.0,99.25,15.0,2,363.72
p2_W_N1.59,4272.0,104.72,16.0,3,311.59
p2_E_S1.32,3931.0,433.93,176.0,18,860.51
p2_E_W.321,3939.0,429.47,173.0,19,848.47
p2_E_W.322,3944.0,426.42,167.0,15,831.73
p2_E_W.323,3949.0,422.56,160.0,17,821.18
p2_E_W.324,3956.0,418.63,156.0,15,816.75
p2_E_W.325,3966.0,409.23,155.0,17,826.07
p2_W_E.242,4259.0,119.5,31.0,4,414.02
p2_W_E.243,4263.0,127.65,26.0,4,411.1
p2_E_W.326,3970.0,423.92,167.0,18,844.04
p2_W_E.244,4266.0,108.46,19.0,4,388.25
p2_E_W.327,3973.0,426.11,156.0,16,840.5
p2_W_E.245,4269.0,127.84,19.0,4,393.88
p2_E_W.328,3976.0,423.11,162.0,15,842.24
p2_W_E.246,4275.0,125.88,17.0,5,407.05
p2_E_W.329,3979.0,423.68,155.0,18,851.53
p2_W_E.247,4278.0,124.68,15.0,3,415.7
p2_W_E.248,4281.0,123.28,14.0,3,429.61
p2_W_E.249,4284.0,122.07,13.0,3,410.39
p2_E_W.330,3982.0,415.25,148.0,17,813.1
p2_E_S1.33,3985.0,420.43,147.0,21,810.39
p2_E_W.331,3990.0,412.87,137.0,14,814.06
p2_E_W.332,4010.0,401.08,133.0,15,799.05
p2_E_W.333,4017.0,394.46,129.0,15,794.76
p2_E_W.334,4021.0,396.02,126.0,12,801.47
p2_E_W.335,4026.0,392.71,126.0,14,804.13
p2_E_W.336,4032.0,388.48,123.0,13,787.47
p2_E_W.337,4042.0,375.67,119.0,17,761.47
p2_E_W.338,4046.0,377.97,127.0,18,779.98
p2_E_W.339,4049.0,369.36,120.0,13,757.61
p2_E_W.340,4052.0,376.02,113.0,14,777.13
p2_E_W.341,4063.0,366.55,110.0,12,741.73
p2_E_S1.34,4057.0,364.29,109.0,13,753.04
p2_E_W.342,4083.0,341.08,96.0,13,721.76
p2_E_W.343,4090.0,337.17,93.0,13,718.73
p2_E_W.344,4094.0,346.31,95.0,14,718.43
p2_E_W.345,4099.0,327.69,97.0,15,678.51
p2_E_W.346,4107.0,333.0,98.0,15,707.36
p2_E_W.347,4120.0,326.57,95.0,13,667.54
p2_E_W.348,4123.0,325.86,98.0,13,692.93
p2_E_W.349,4126.0,321.72,93.0,13,698.32
p2_E_W.350,4129.0,321.37,87.0,14,702.56
p2_E_W.351,4139.0,315.24,81.0,15,673.25
p2_E_S1.35,4132.0,307.54,82.0,13,665.27
p2_E_W.352,4160.0,311.62,88.0,12,668.54
p2_E_W.353,4169.0,302.81,82.0,11,662.5
p2_E_W.354,4173.0,302.59,78.0,11,655.79
p2_E_W.355,4178.0,296.19,74.0,10,670.19
p2_E_W.356,4185.0,290.97,74.0,11,645.03
p2_E_W.357,4197.0,286.52,68.0,10,648.61
p2_E_W.358,4200.0,285.27,69.0,10,633.71
p2_E_W.359,4203.0,281.87,62.0,9,619.25
p2_E_W.360,4206.0,282.74,60.0,9,613.25
p2_E_S1.36,4209.0,277.01,66.0,10,612.51
p2_E_W.361,4213.0,277.73,61.0,10,612.63
p2_E_W.362,4234.0,250.32,64.0,11,579.0
p2_E_W.363,4244.0,258.03,60.0,9,576.31
p2_E_W.364,4247.0,248.92,54.0,9,575.91
p2_E_W.365,4252.0,253.6,53.0,10,583.21
p2_E_W.366,4260.0,247.36,54.0,12,592.49
p2_E_W.367,4271.0,226.45,51.0,8,557.45
p2_E_W.368,4274.0,236.57,51.0,9,564.79
p2_E_W.369,4277.0,235.99,47.0,10,572.85
p2_E_S1.37,4283.0,229.52,46.0,8,528.6
p2_E_W.370,4280.0,234.67,46.0,8,570.65
p2_E_W.371,4291.0,217.28,44.0,8,528.6
p2_E_W.372,4313.0,202.24,38.0,8,505.35
p2_E_W.373,4320.0,194.61,35.0,8,512.65
p2_E_W.374,4325.0,176.99,30.0,9,467.53
p2_E_W.375,4341.0,189.6,27.0,8,468.41
p2_E_W.376,4345.0,191.88,28.0,6,471.85
p2_E_W.377,4348.0,190.55,24.0,7,460.34
p2_E_W.378,4351.0,189.3,22.0,8,471.17
p2_E_W.379,4354.0,192.18,34.0,8,490.57
p2_E_W.380,4357.0,189.17,33.0,9,490.05
p2_E_S1.38,4360.0,191.92,33.0,8,479.68
p2_E_W.381,4367.0,187.97,29.0,9,475.48
p2_E_W.382,4385.0,172.03,25.0,6,453.72
p2_E_W.383,4390.0,168.82,23.0,6,437.89
p2_E_W.384,4399.0,145.46,21.0,5,423.16
p2_E_W.385,4418.0,156.06,17.0,5,409.68
p2_E_W.386,4421.0,154.71,29.0,5,437.44
p2_E_S1.39,4436.0,138.87,23.0,5,428.17
p2_E_W.387,4424.0,153.48,27.0,4,449.79
p2_E_W.388,4427.0,133.27,25.0,5,427.25
p2_E_W.389,4430.0,151.58,26.0,6,443.72
p2_E_W.390,4433.0,144.43,23.0,5,444.68
p2_E_W.391,4441.0,144.01,20.0,6,443.82
p2_E_W.392,4465.0,121.8,12.0,2,409.06
p2_E_W.393,4474.0,111.56,13.0,2,402.43
p2_E_W.394,4481.0,84.15,11.0,2,338.79
p2_E_W.395,4495.0,102.85,12.0,2,347.72
p2_E_W.396,4498.0,97.68,11.0,2,346.37
p2_E_W.397,4501.0,89.2,11.0,2,339.71
p2_E_W.398,4504.0,84.55,11.0,2,350.19
p2_E_W.399,4507.0,88.84,10.0,3,372.49
p2_E_S1.40,4513.0,75.89,6.0,2,338.04
p2_E_W.400,4510.0,97.08,9.0,2,373.08
p2_E_W.401,4516.0,92.79,7.0,3,348.41
p2_E_W.402,4519.0,91.51,6.0,2,366.99
p2_E_W.403,4522.0,90.34,7.0,3,362.04
p2_E_W.404,4526.0,96.9,17.0,2,359.48
p2_E_W.405,4529.0,95.87,16.0,2,371.4
p2_E_W.406,4533.0,95.37,16.0,3,381.35
p2_E_W.407,4541.0,89.24,13.0,2,367.8
p2_E_W.408,4551.0,80.97,13.0,2,348.62
p2_E_W.409,4554.0,79.54,13.0,2,355.52
p2_E_W.410,4557.0,78.44,10.0,2,355.06
p2_E_S1.41,4560.0,77.34,11.0,2,360.11
p2_E_W.411,4563.0,74.15,11.0,2,335.28
p2_E_W.412,4566.0,67.1,22.0,3,332.6
p2_E_W.413,4569.0,69.68,18.0,3,335.48
p2_E_W.414,4572.0,71.11,18.0,3,341.38
p2_E_W.415,4575.0,70.5,18.0,3,358.79
p2_E_W.416,4578.0,75.93,17.0,3,353.23
p2_E_W.417,4581.0,69.75,15.0,3,349.02
p2_E_W.418,4584.0,70.63,13.0,2,367.43
p2_E_W.419,4587.0,72.3,13.0,2,366.84
p2_E_S1.42,4593.0,66.73,10.0,3,322.83
p2_E_W.420,4590.0,66.71,10.0,2,348.84
p2_E_W.421,4596.0,66.76,10.0,2,333.05
p2_E_W.422,4599.0,60.45,11.0,3,317.79
p2_E_W.423,4602.0,66.08,9.0,2,334.03
p2_E_W.424,4605.0,56.47,9.0,2,305.15
p2_E_W.425,4608.0,65.07,7.0,2,322.84
p2_E_W.426,4611.0,59.27,9.0,2,325.15
p2_E_W.427,4614.0,62.53,6.0,2,327.07
p2_E_W.428,4617.0,51.41,6.0,2,285.67
p2_E_W.429,4620.0,60.79,4.0,1,306.06
p2_E_W.430,4623.0,59.54,4.0,1,313.81
p2_E_S1.43,4626.0,51.23,3.0,1,314.57
p2_E_W.431,4629.0,70.71,17.0,3,324.63
p2_E_W.432,4632.0,69.9,13.0,2,340.76
p2_E_W.433,4635.0,68.63,15.0,3,341.84
p2_E_W.434,4638.0,67.87,14.0,2,337.42
p2_E_W.435,4641.0,66.75,13.0,2,331.77
p2_E_W.436,4644.0,65.6,12.0,2,325.9
p2_E_W.437,4647.0,64.58,11.0,2,329.89
p2_E_W.438,4650.0,63.43,9.0,2,333.04
p2_E_W.439,4653.0,62.26,20.0,2,342.92
p2_E_S1.44,4659.0,59.98,17.0,2,313.37
p2_E_W.440,4656.0,51.35,18.0,2,292.01
p2_E_W.441,4662.0,57.16,16.0,2,315.93
p2_E_W.442,4665.0,63.12,15.0,2,319.68
p2_E_W.443,4668.0,61.76,14.0,2,323.45
p2_E_W.444,4671.0,54.53,14.0,2,317.91
p2_E_W.445,4673.0,60.38,12.0,2,318.35
p2_E_W.446,4677.0,58.05,11.0,2,307.53
p2_E_W.447,4680.0,47.89,11.0,2,290.22
p2_E_W.448,4683.0,52.37,9.0,2,307.32
p2_E_W.449,4686.0,52.02,10.0,2,307.2
p2_E_S1.45,4692.0,50.31,10.0,3,296.71
p2_E_W.450,4689.0,54.43,10.0,2,316.67
p2_E_W.451,4695.0,50.12,8.0,2,292.83
p2_E_W.452,4698.0,48.98,7.0,3,297.12
p2_E_W.453,4701.0,47.68,6.0,2,303.32
p2_E_W.454,4704.0,46.51,4.0,1,318.43
p2_E_W.455,4706.0,46.32,3.0,2,318.0
p2_E_W.456,4709.0,45.05,0.0,0,306.44
p2_E_W.457,4713.0,42.05,0.0,0,302.62
p2_E_W.458,4716.0,35.87,1.0,1,280.09
p2_E_W.459,4719.0,52.74,12.0,1,322.1
p2_E_W.460,4722.0,58.45,12.0,1,328.04
p2_E_S1.46,4725.0,55.8,11.0,1,324.77
p2_E_W.461,4728.0,54.3,11.0,2,319.35
p2_E_W.462,4731.0,53.06,11.0,2,302.03
p2_E_W.463,4734.0,51.07,9.0,1,294.37
p2_E_W.464,4737.0,51.41,8.0,1,288.61
p2_E_W.465,4740.0,50.12,7.0,1,296.71
p2_E_W.466,4743.0,42.4,16.0,2,281.94
p2_E_W.467,4746.0,45.13,16.0,2,289.27
p2_E_W.468,4749.0,50.87,16.0,2,307.33
p2_E_W.469,4752.0,49.71,15.0,2,309.0
p2_E_W.470,4755.0,45.86,12.0,2,304.67
p2_E_W.471,4761.0,40.64,7.0,1,277.44
p2_E_W.472,4764.0,43.99,7.0,1,290.91
p2_E_S1.47,4758.0,35.95,6.0,1,276.21
p2_E_W.473,4767.0,35.75,5.0,1,280.28
p2_E_W.474,4770.0,44.04,5.0,1,297.66
p2_E_W.475,4773.0,42.82,4.0,1,312.25
p2_E_W.476,4776.0,41.62,3.0,1,311.5
p2_E_W.477,4779.0,40.39,4.0,1,309.95
p2_E_W.478,4782.0,36.51,3.0,1,309.85
p2_E_W.479,4785.0,38.01,2.0,2,304.21
p2_E_W.480,4788.0,36.8,3.0,1,313.69
p2_E_S1.48,4791.0,28.76,3.0,1,257.22
p2_E_W.481,4794.0,23.52,0.0,0,252.94
p2_E_W.482,4797.0,31.9,1.0,1,266.62
p2_E_W.483,4800.0,34.28,1.0,1,267.08
p2_E_W.484,4803.0,34.8,2.0,1,277.66
p2_E_W.485,4806.0,45.96,13.0,1,294.38
p2_E_W.486,4809.0,34.11,12.0,1,264.21
p2_E_W.487,4812.0,48.61,11.0,1,284.64
p2_E_W.488,4815.0,48.58,21.0,2,300.59
p2_E_W.489,4818.0,45.66,17.0,2,302.56
p2_E_W.490,4821.0,43.27,15.0,2,296.18
p2_E_S1.49,4824.0,37.37,13.0,2,279.56
p2_E_W.491,4827.0,41.84,11.0,2,304.72
p2_E_W.492,4830.0,36.55,10.0,2,288.18
p2_E_W.493,4833.0,36.69,9.0,2,286.9
p2_E_W.494,4836.0,29.76,5.0,2,260.43
p2_E_W.495,4839.0,25.34,2.0,2,257.68
p2_E_W.496,4842.0,39.68,1.0,1,279.46
p2_E_W.497,4845.0,38.35,0.0,0,292.16
p2_E_W.498,4848.0,34.08,0.0,0,295.31
p2_E_S1.50,4857.0,29.43,0.0,0,289.71
p2_E_W.499,4851.0,26.02,0.0,0,260.4
p2_E_W.500,4854.0,33.15,0.0,0,296.46
p2_E_W.501,4860.0,30.77,0.0,0,280.4
p2_E_W.502,4863.0,29.48,0.0,0,283.47
p2_E_W.503,4866.0,28.28,0.0,0,282.56
p2_E_W.504,4869.0,14.79,0.0,0,228.06
p2_E_W.505,4872.0,24.42,0.0,0,251.34
p2_E_W.506,4875.0,28.86,0.0,0,270.78
p2_E_W.507,4878.0,13.29,0.0,0,230.51
p2_E_W.508,4881.0,26.52,0.0,0,264.15
p2_E_W.509,4884.0,25.27,0.0,0,254.86
p2_E_S1.51,4890.0,18.74,0.0,0,245.82
p2_E_W.510,4887.0,24.06,0.0,0,264.48
p2_E_W.511,4893.0,34.98,13.0,1,259.87
p2_E_W.512,4896.0,34.14,14.0,2,267.18
p2_E_W.513,4899.0,33.14,12.0,2,264.1
p2_E_W.514,4902.0,32.18,9.0,2,267.45
p2_E_W.515,4905.0,31.24,7.0,2,267.3
p2_E_W.516,4908.0,30.35,6.0,2,272.25
p2_E_W.517,4911.0,27.44,2.0,1,264.49
p2_E_W.518,4914.0,23.38,0.0,0,256.94
p2_E_W.519,4917.0,20.41,0.0,0,247.87
p2_E_W.520,4920.0,28.96,0.0,0,264.17
p2_E_W.521,4926.0,21.52,0.0,0,248.25
p2_E_S1.52,4923.0,18.94,0.0,0,247.65
p2_E_W.522,4929.0,24.48,0.0,0,273.37
p2_E_W.523,4932.0,23.01,0.0,0,260.01
p2_E_W.524,4935.0,23.02,0.0,0,262.91
p2_E_W.525,4938.0,15.14,0.0,0,228.12
p2_E_W.526,4941.0,20.71,0.0,0,229.33
p2_E_W.527,4944.0,21.17,0.0,0,239.64
p2_E_W.528,4947.0,19.88,0.0,0,241.91
p2_E_W.529,4950.0,15.55,0.0,0,243.88
p2_E_W.530,4953.0,8.55,0.0,0,208.66
p2_E_S1.53,4956.0,16.63,0.0,0,229.38
p2_E_W.531,4959.0,22.62,0.0,0,244.61
p2_E_W.532,4962.0,21.64,0.0,0,249.13
p2_E_W.533,4965.0,24.68,0.0,0,260.87
p2_E_W.534,4968.0,36.16,15.0,2,280.39
p2_E_W.535,4971.0,35.39,13.0,2,282.44
p2_E_W.536,4974.0,34.3,11.0,1,284.88
p2_E_W.537,4977.0,31.49,9.0,1,265.55
p2_E_W.538,4980.0,32.89,8.0,1,272.39
p2_E_W.539,4983.0,31.66,8.0,1,268.47
p2_E_W.540,4986.0,30.47,5.0,1,264.9
p2_E_W.541,4992.0,26.25,2.0,1,262.08
p2_E_S1.54,4989.0,25.81,2.0,1,262.58
p2_E_W.542,4995.0,25.85,1.0,1,265.21
p2_E_W.543,4998.0,27.39,0.0,0,276.93
p2_E_W.544,5001.0,22.19,0.0,0,245.78
p2_E_W.545,5004.0,25.46,0.0,0,260.42
p2_E_W.546,5007.0,24.15,0.0,0,263.52
p2_E_W.547,5010.0,22.27,0.0,0,255.48
p2_E_W.548,5013.0,21.71,0.0,0,258.7
p2_E_W.549,5016.0,20.43,0.0,0,259.25
p2_E_W.550,5019.0,16.24,0.0,0,232.59
p2_E_S1.55,5022.0,18.32,0.0,0,244.63
p2_E_W.551,5025.0,14.11,0.0,0,236.09
p2_E_W.552,5028.0,10.52,0.0,0,211.9
p2_E_W.553,5031.0,13.21,0.0,0,233.0
p2_E_W.554,5034.0,9.97,0.0,0,216.62
p2_E_W.555,5037.0,17.81,0.0,0,242.21
p2_E_W.556,5040.0,8.32,0.0,0,204.43
p2_E_W.557,5043.0,37.0,14.0,2,278.3
p2_E_W.558,5046.0,36.05,13.0,2,269.51
p2_E_W.559,5049.0,35.1,10.0,2,273.37
p2_E_W.560,5052.0,31.61,8.0,2,265.32
p2_E_W.561,5058.0,33.94,3.0,1,266.21
p2_E_W.562,5061.0,32.96,1.0,1,270.9
p2_E_W.563,5064.0,30.74,0.0,0,279.03
p2_E_S1.56,5055.0,22.39,4.0,1,248.54
p2_E_W.564,5068.0,25.39,0.0,0,268.88
p2_E_W.565,5071.0,30.66,0.0,0,287.74
p2_E_W.566,5074.0,23.93,0.0,0,270.73
p2_E_W.567,5077.0,28.37,0.0,0,274.28
p2_E_W.568,5080.0,14.92,0.0,0,230.8
p2_E_S1.57,5089.0,22.55,0.0,0,262.11
p2_E_W.569,5083.0,30.57,0.0,0,243.53
p2_E_W.570,5086.0,29.14,0.0,0,263.3
p2_E_W.571,5092.0,24.89,0.0,0,277.71
p2_E_W.572,5095.0,23.01,0.0,0,271.21
p2_E_W.573,5098.0,22.5,0.0,0,281.56
p2_E_W.574,5101.0,21.32,0.0,0,267.84
p2_E_W.575,5104.0,11.26,0.0,0,218.66
p2_E_W.576,5107.0,19.11,0.0,0,230.07
p2_E_W.577,5109.0,18.82,0.0,0,229.8
p2_E_W.578,5113.0,16.49,0.0,0,233.67
p2_E_W.579,5116.0,15.39,0.0,0,227.89
p2_E_S1.58,5122.0,36.63,10.0,1,269.81
p2_E_W.580,5119.0,29.72,12.0,2,257.19
p2_E_W.581,5125.0,29.58,10.0,1,258.92
p2_E_W.582,5128.0,38.85,10.0,1,275.42
p2_E_W.583,5131.0,35.47,8.0,1,275.56
p2_E_W.584,5134.0,36.6,7.0,1,279.46
p2_E_W.585,5137.0,35.25,6.0,1,297.97
p2_E_W.586,5140.0,31.19,4.0,1,297.4
p2_E_W.587,5143.0,30.17,4.0,1,295.38
p2_E_W.588,5146.0,31.76,3.0,1,306.17
p2_E_W.589,5149.0,30.56,1.0,1,301.38
p2_E_W.590,5152.0,29.32,2.0,1,315.78
p2_E_S1.59,5155.0,22.31,0.0,0,269.46
p2_E_W.591,5158.0,25.05,0.0,0,264.03
p2_E_W.592,5161.0,15.69,0.0,0,229.74
p2_E_W.593,5164.0,26.93,0.0,0,253.44
p2_E_W.594,5167.0,25.73,0.0,0,264.85
p2_E_W.595,5170.0,24.51,0.0,0,266.65
p2_E_W.596,5173.0,9.37,0.0,0,206.87
p2_E_W.597,5176.0,20.0,0.0,0,239.74
p2_E_W.598,5179.0,22.25,0.0,0,242.05
p2_E_W.599,5182.0,21.01,0.0,0,238.04
