id,depart,timeloss,espera,paradas,co2
p1_S3_E3.0,3.0,7.01,0.0,0,159.45
p1_E1_N3.0,3.0,20.49,6.0,1,190.65
p1_S3_N3.0,0.0,7.1,0.0,0,239.9
p1_N3_S3.0,0.0,7.77,0.0,0,244.51
p1_N1_W3.0,3.0,9.23,0.0,0,250.63
p1_W_E.0,0.0,8.25,0.0,0,237.39
p1_N1_S1.0,0.0,8.79,0.0,0,240.87
p1_S1_N1.0,0.0,8.76,0.0,0,248.04
p1_E_W.1,15.0,7.73,0.0,0,247.53
p1_W3_E3.1,6.0,18.3,6.0,1,276.97
p1_E1_W1.1,15.0,8.67,0.0,0,249.34
p1_W1_E1.1,6.0,18.62,5.0,1,278.28
p1_W1_E1.2,12.0,13.9,0.0,0,262.54
p1_W3_E3.0,0.0,23.36,9.0,1,285.85
p1_E3_W3.0,0.0,23.59,10.0,1,289.42
p1_E1_N3.1,61.0,8.21,0.0,0,162.3
p1_W_E.1,6.0,9.5,0.0,0,249.5
p1_W1_E1.3,18.0,9.32,0.0,0,253.36
p1_N2_S2.0,0.0,29.69,16.0,1,292.27
p1_S2_N2.0,0.0,30.04,15.0,1,304.41
p1_N3_W1.0,3.0,15.17,1.0,1,280.73
p1_W2_S2.0,3.0,27.09,10.0,1,309.85
p1_E2_N2.0,3.0,26.89,13.0,1,296.66
p1_W3_S3.0,3.0,23.64,9.0,1,300.83
p1_W3_E3.2,12.0,12.67,0.0,0,258.89
p1_E3_W3.1,15.0,9.47,0.0,0,250.81
p1_N2_S2.1,20.0,11.66,0.0,0,270.98
p1_W3_E3.4,24.0,8.44,0.0,0,257.15
p1_W3_E3.3,18.0,16.17,0.0,0,279.64
p1_W1_E1.0,0.0,19.33,5.0,1,270.69
p1_E1_W1.2,29.0,8.48,0.0,0,239.21
p1_E3_W3.2,29.0,8.07,0.0,0,242.84
p1_W1_E1.5,30.0,8.86,0.0,0,243.7
p1_E1_W1.0,0.0,19.68,6.0,1,286.76
p1_W1_E1.6,36.0,8.52,0.0,0,244.66
p1_S2_E2.0,3.0,45.09,21.0,3,348.2
p1_N2_W2.0,3.0,45.36,19.0,3,356.03
p1_E_W.2,29.0,20.44,4.0,1,296.6
p1_W_E.6,36.0,13.54,0.0,0,266.17
p1_W_E.4,24.0,23.99,9.0,1,292.48
p1_N3_S3.2,40.0,10.82,0.0,0,263.31
p1_W1_S1.0,3.0,49.63,25.0,2,336.95
p1_W1_E1.4,24.0,8.72,0.0,0,239.21
p1_E_W.3,44.0,7.77,0.0,0,247.33
p1_W_E.7,42.0,8.5,0.0,0,250.17
p1_E_W.0,0.0,30.63,15.0,1,298.69
p1_W_E.2,12.0,29.93,16.0,1,298.79
p1_N1_S1.1,20.0,30.71,19.0,1,298.81
p1_W_E.5,30.0,24.98,4.0,1,301.21
p1_S3_E3.1,63.0,34.93,23.0,1,218.43
p1_S3_N3.1,20.0,31.02,17.0,1,292.25
p1_W_E.3,18.0,35.02,14.0,1,325.32
p1_N3_S3.1,20.0,29.33,17.0,1,285.31
p1_S1_N1.1,20.0,29.06,15.0,1,294.82
p1_W_E.9,54.0,8.35,0.0,0,244.85
p1_S1_N1.2,40.0,9.2,0.0,0,249.96
p1_N1_S1.2,40.0,8.86,0.0,0,246.45
p1_S3_N3.2,40.0,10.26,0.0,0,259.01
p1_W_E.8,48.0,8.77,0.0,0,242.07
p1_E_W.4,58.0,8.45,0.0,0,248.84
p1_E3_W3.4,58.0,10.24,0.0,0,281.29
p1_W_E.10,60.0,8.16,0.0,0,240.87
p1_E1_W1.4,58.0,11.0,0.0,0,260.79
p1_S1_E1.0,3.0,22.55,6.0,1,370.79
p1_E1_W1.3,44.0,25.72,13.0,1,285.51
p1_E3_W3.3,44.0,25.72,13.0,1,290.96
p1_W1_E1.8,48.0,22.27,7.0,1,282.13
p1_W3_E3.8,48.0,21.94,8.0,1,279.43
p1_W1_E1.7,42.0,30.28,14.0,1,304.2
p1_W3_E3.9,54.0,17.96,3.0,1,271.73
p1_W1_E1.10,60.0,12.24,0.0,0,254.21
p1_W1_E1.9,54.0,19.98,4.0,1,298.29
p1_E2_N2.1,61.0,13.41,0.0,0,283.05
p1_N2_S2.3,60.0,15.38,1.0,1,270.04
p1_S2_N2.2,40.0,36.5,21.0,1,309.17
p1_W3_E3.10,60.0,16.25,0.0,0,274.07
p1_S2_N2.3,60.0,16.5,2.0,1,274.18
p1_W1_E1.11,66.0,8.35,0.0,0,245.18
p1_W3_S3.1,63.0,13.26,0.0,0,276.17
p1_W1_E1.12,72.0,8.12,0.0,0,237.23
p1_E3_W3.5,72.0,7.93,0.0,0,237.23
p1_W3_E3.5,30.0,31.62,18.0,1,292.45
p1_N2_S2.2,40.0,33.1,19.0,1,296.89
p1_E1_N3.2,120.0,7.18,0.0,0,168.35
p1_W3_E3.6,36.0,29.86,15.0,1,287.98
p1_W3_E3.11,66.0,9.41,0.0,0,249.94
p1_W1_E1.13,78.0,7.69,0.0,0,235.4
p1_W3_E3.7,42.0,23.72,10.0,1,285.15
p1_E_W.5,72.0,21.02,7.0,1,281.91
p1_S2_E2.1,63.0,31.26,10.0,1,326.52
p1_E_W.6,87.0,8.05,0.0,0,249.38
p1_W_E.13,78.0,18.14,2.0,1,271.72
p1_W3_E3.13,78.0,9.17,0.0,0,252.14
p1_S2_N2.1,20.0,37.19,20.0,1,310.03
p1_W_E.11,66.0,25.63,12.0,1,289.5
p1_S3_N3.4,80.0,16.93,4.0,1,274.82
p1_E3_N1.0,3.0,52.08,30.0,2,450.88
p1_S3_N3.3,60.0,38.18,24.0,1,308.76
p1_N3_S3.4,80.0,17.86,4.0,1,279.16
p1_W_E.14,84.0,13.61,0.0,0,282.18
p1_N3_S3.3,60.0,38.85,25.0,1,307.3
p1_N2_W2.1,63.0,17.18,1.0,1,275.96
p1_W_E.12,72.0,27.17,10.0,1,303.96
p1_N1_W3.1,63.0,37.16,22.0,1,319.69
p1_N1_S1.4,80.0,19.91,7.0,1,280.25
p1_S3_E3.2,123.0,21.04,8.0,1,197.08
p1_W1_S1.1,63.0,38.51,19.0,1,334.99
p1_S1_N1.4,80.0,20.85,6.0,1,292.96
p1_S1_N1.3,60.0,42.58,25.0,1,330.67
p1_W_E.15,90.0,8.74,0.0,0,237.14
p1_N1_S1.3,60.0,36.19,21.0,1,302.6
p1_N3_S3.5,100.0,6.89,0.0,0,235.09
p1_W_E.17,102.0,7.53,0.0,0,236.03
p1_W_E.16,96.0,7.78,0.0,0,233.5
p1_E_W.7,101.0,7.98,0.0,0,240.78
p1_N1_S1.5,100.0,8.37,0.0,0,243.39
p1_E3_W3.6,87.0,28.91,16.0,1,291.53
p1_E3_W3.7,101.0,15.22,2.0,1,273.27
p1_W3_E3.14,84.0,32.85,17.0,1,302.45
p1_N3_W1.1,63.0,51.7,32.0,2,339.45
p1_W3_E3.15,90.0,28.55,12.0,1,298.3
p1_W1_E1.17,102.0,15.8,2.0,1,265.72
p1_E1_W1.6,87.0,28.49,15.0,1,302.85
p1_N2_S2.5,100.0,20.32,8.0,1,284.47
p1_W3_E3.17,102.0,17.49,3.0,1,295.44
p1_S2_N2.4,80.0,41.22,29.0,1,307.32
p1_W1_E1.18,108.0,10.97,0.0,0,263.18
p1_W3_E3.12,72.0,31.89,17.0,1,296.51
p1_W3_E3.16,96.0,26.28,5.0,1,302.98
p1_W2_S2.1,63.0,55.67,35.0,2,362.23
p1_W1_E1.19,114.0,8.85,0.0,0,250.55
p1_E1_W1.8,116.0,7.3,0.0,0,244.67
p1_W1_E1.15,90.0,22.56,11.0,1,292.67
p1_W1_E1.16,96.0,28.57,9.0,1,303.32
p1_W3_E3.18,108.0,16.31,0.0,0,282.36
p1_W3_E3.19,114.0,9.82,0.0,0,249.32
p1_E1_W1.7,101.0,12.69,0.0,0,261.15
p1_W1_E1.20,120.0,7.78,0.0,0,243.99
p1_N2_S2.4,80.0,38.69,24.0,1,304.16
p1_E3_W3.8,116.0,8.35,0.0,0,242.83
p1_S2_N2.5,100.0,18.44,4.0,1,271.68
p1_E1_W1.5,72.0,32.2,15.0,1,290.07
p1_W1_E1.14,84.0,26.87,13.0,1,295.53
p1_S2_N2.6,120.0,8.71,0.0,0,245.54
p1_W3_S3.2,123.0,10.3,0.0,0,259.29
p1_W_E.19,114.0,24.41,12.0,1,280.85
p1_W3_E3.21,126.0,8.59,0.0,0,248.63
p1_W_E.21,126.0,14.35,1.0,1,267.86
p1_E_W.9,130.0,7.74,0.0,0,247.01
p1_W_E.22,132.0,10.69,0.0,0,269.6
p1_E3_N1.1,61.0,39.75,19.0,1,421.19
p1_W1_S1.2,123.0,21.64,8.0,1,288.37
p1_S1_N1.6,120.0,22.86,10.0,1,284.13
p1_W_E.18,108.0,29.3,16.0,1,289.6
p1_W_E.23,138.0,8.26,0.0,0,239.15
p1_N1_S1.6,120.0,26.69,8.0,1,310.7
p1_S3_N3.5,100.0,40.2,25.0,1,306.54
p1_N1_W3.2,123.0,25.09,5.0,1,299.84
p1_N3_S3.7,140.0,7.74,0.0,0,243.01
p1_S3_N3.7,140.0,8.26,0.0,0,246.23
p1_N3_S3.6,120.0,21.98,9.0,1,274.66
p1_W_E.20,120.0,18.56,4.0,1,269.69
p1_S3_N3.6,120.0,22.47,8.0,1,289.05
p1_S3_E3.3,183.0,10.24,0.0,0,168.02
p1_S1_N1.5,100.0,40.62,27.0,1,307.33
p1_N1_S1.7,140.0,8.2,0.0,0,244.83
p1_E_W.8,116.0,18.29,4.0,1,269.76
p1_E_W.10,144.0,8.15,0.0,0,236.17
p1_W_E.25,150.0,9.22,0.0,0,247.32
p1_W3_E3.22,132.0,29.47,16.0,1,292.49
p1_E3_W3.10,144.0,18.54,6.0,1,271.71
p1_E1_N3.3,180.0,25.38,15.0,1,202.22
p1_S1_E1.1,63.0,54.03,28.0,2,448.72
p1_N3_W1.2,123.0,39.75,19.0,2,335.04
p1_W_E.24,144.0,8.84,0.0,0,236.07
p1_W3_E3.25,150.0,14.12,0.0,0,283.83
p1_W1_E1.23,138.0,26.84,10.0,1,291.78
p1_W2_S2.2,123.0,44.61,19.0,2,343.89
p1_S2_E2.2,123.0,44.47,22.0,2,343.14
p1_W3_E3.23,138.0,22.36,9.0,1,284.16
p1_W1_E1.25,150.0,16.66,0.0,0,298.75
p1_E1_W1.11,159.0,8.09,0.0,0,246.63
p1_W3_E3.20,120.0,29.39,17.0,1,297.94
p1_E1_W1.9,130.0,30.36,16.0,1,293.85
p1_W1_E1.24,144.0,24.04,7.0,1,293.08
p1_S2_N2.8,160.0,8.37,0.0,0,250.42
p1_E3_W3.9,130.0,30.43,16.0,1,294.11
p1_W3_E3.24,144.0,19.47,4.0,1,283.91
p1_W3_E3.26,156.0,8.56,0.0,0,248.09
p1_W1_E1.21,126.0,28.61,16.0,1,285.63
p1_W1_E1.27,162.0,8.17,0.0,0,248.28
p1_E2_N2.2,120.0,41.12,16.0,2,342.09
p1_W3_E3.27,162.0,9.04,0.0,0,251.45
p1_W1_E1.22,132.0,39.85,16.0,1,310.07
p1_S2_N2.7,140.0,25.71,11.0,1,282.04
p1_N2_S2.6,120.0,40.32,26.0,1,298.47
p1_N2_S2.7,140.0,25.19,11.0,1,288.22
p1_W3_E3.28,168.0,7.48,0.0,0,238.59
p1_E1_W1.10,144.0,12.44,0.0,0,263.19
p1_N2_S2.8,160.0,16.39,0.0,0,282.02
p1_W1_E1.28,168.0,7.78,0.0,0,246.32
p1_W1_E1.26,156.0,8.73,0.0,0,246.01
p1_E1_W1.12,173.0,8.03,0.0,0,238.6
p1_W1_E1.29,174.0,7.2,0.0,0,241.07
p1_W3_E3.29,174.0,7.8,0.0,0,244.98
p1_E3_W3.11,159.0,8.89,0.0,0,244.41
p1_E_W.12,173.0,11.13,0.0,0,263.19
p1_W_E.26,156.0,28.89,15.0,1,293.6
p1_W_E.28,168.0,16.78,3.0,1,272.57
p1_N2_W2.2,123.0,58.54,37.0,2,366.85
p1_W_E.29,174.0,12.83,0.0,0,268.26
p1_N3_S3.9,180.0,8.68,0.0,0,249.04
p1_E3_N1.2,120.0,26.04,8.0,1,384.78
p1_S3_N3.8,160.0,29.79,16.0,1,295.72
p1_N1_S1.8,160.0,30.8,17.0,1,293.81
p1_W_E.30,180.0,8.85,0.0,0,241.3
p1_N3_S3.8,160.0,29.7,15.0,1,288.01
p1_W_E.31,186.0,7.55,0.0,0,250.89
p1_S1_N1.8,160.0,30.77,15.0,1,297.54
p1_S1_N1.9,180.0,14.82,0.0,0,283.2
p1_E_W.11,159.0,23.2,9.0,1,276.55
p1_E_W.13,188.0,7.91,0.0,0,240.11
p1_N1_S1.9,180.0,8.4,0.0,0,240.14
p1_N1_W3.3,182.0,11.77,0.0,0,261.33
p1_S3_N3.9,180.0,9.31,0.0,0,246.55
p1_S1_N1.7,140.0,39.12,24.0,1,312.04
p1_W_E.27,162.0,19.45,6.0,1,281.06
p1_W3_S3.3,183.0,26.39,10.0,1,295.66
p1_W_E.32,192.0,8.8,0.0,0,246.46
p1_E1_W1.13,188.0,19.29,6.0,1,284.88
p1_E1_N3.4,240.0,13.64,2.0,1,183.9
p1_N3_W1.3,182.0,24.25,8.0,1,291.26
p1_S2_N2.9,180.0,32.45,20.0,1,302.62
p1_W3_E3.32,192.0,16.51,4.0,1,272.42
p1_E1_W1.14,202.0,10.25,0.0,0,262.82
p1_S1_E1.2,123.0,34.63,10.0,2,422.36
p1_W3_E3.30,180.0,28.33,14.0,1,299.53
p1_N2_S2.9,180.0,33.11,20.0,1,309.6
p1_W2_S2.3,183.0,30.6,14.0,1,301.05
p1_E2_N2.3,180.0,33.73,17.0,1,305.69
p1_W1_E1.30,180.0,25.53,13.0,1,286.88
p1_S2_N2.10,200.0,15.44,1.0,1,265.54
p1_W1_E1.31,186.0,18.58,6.0,1,270.57
p1_W3_E3.31,186.0,21.72,9.0,1,282.85
p1_W1_E1.33,198.0,12.01,0.0,0,262.5
p1_E3_W3.14,202.0,8.32,0.0,0,242.89
p1_W3_E3.34,204.0,7.87,0.0,0,248.07
p1_W1_E1.32,192.0,25.95,4.0,1,301.05
p1_W3_E3.33,198.0,11.79,0.0,0,262.41
p1_W3_E3.35,210.0,8.62,0.0,0,242.05
p1_W3_E3.36,216.0,7.31,0.0,0,238.87
p1_E3_W3.12,173.0,29.97,16.0,1,291.12
p1_N2_S2.10,200.0,11.51,0.0,0,265.79
p1_W1_E1.36,216.0,7.92,0.0,0,237.05
p1_W1_E1.34,204.0,9.48,0.0,0,254.27
p1_W1_E1.37,222.0,8.47,0.0,0,249.69
p1_E3_W3.13,188.0,16.65,2.0,1,276.23
p1_E_W.15,216.0,14.39,2.0,1,276.67
p1_W3_E3.37,222.0,8.3,0.0,0,253.46
p1_S2_E2.3,183.0,43.84,21.0,3,350.71
p1_W_E.33,198.0,30.35,18.0,1,301.52
p1_E_W.14,202.0,31.29,15.0,1,306.82
p1_W_E.35,210.0,24.41,8.0,1,298.3
p1_W_E.37,222.0,13.03,0.0,0,267.26
p1_S1_N1.10,200.0,35.62,22.0,1,302.46
p1_S3_N3.10,200.0,35.65,21.0,1,304.78
p1_W1_E1.35,210.0,8.73,0.0,0,245.69
p1_S1_N1.11,220.0,15.7,2.0,1,264.91
p1_W1_S1.3,183.0,50.71,30.0,2,346.05
p1_N2_W2.3,183.0,34.7,12.0,3,328.89
p1_N1_S1.11,220.0,16.77,2.0,1,260.49
p1_S3_E3.4,243.0,38.43,26.0,1,213.07
p1_N1_S1.10,200.0,38.74,21.0,1,322.55
p1_W_E.36,216.0,16.5,2.0,1,279.9
p1_N3_S3.11,220.0,14.73,2.0,1,267.14
p1_W_E.34,204.0,23.83,11.0,1,285.63
p1_E_W.16,231.0,7.77,0.0,0,242.66
p1_N3_S3.10,200.0,33.68,20.0,1,295.37
p1_S3_N3.11,220.0,10.59,0.0,0,257.65
p1_N1_S1.12,240.0,7.82,0.0,0,243.44
p1_S1_N1.12,240.0,8.89,0.0,0,243.44
p1_N3_S3.12,240.0,8.23,0.0,0,246.0
p1_W_E.39,234.0,9.62,0.0,0,248.47
p1_W1_E1.39,234.0,19.48,6.0,1,279.22
p1_W_E.41,246.0,7.42,0.0,0,236.34
p1_S1_E1.3,183.0,27.97,4.0,1,408.15
p1_W3_E3.38,228.0,25.77,13.0,1,285.12
p1_E3_W3.16,231.0,22.74,11.0,1,277.68
p1_W3_E3.39,234.0,19.6,7.0,1,288.78
p1_E1_W1.17,245.0,8.85,0.0,0,247.78
p1_E3_W3.17,245.0,10.35,0.0,0,258.13
p1_W3_E3.41,246.0,9.47,0.0,0,260.68
p1_W1_E1.38,228.0,28.31,14.0,1,304.78
p1_W3_E3.40,240.0,14.37,0.0,0,263.21
p1_E1_W1.15,216.0,31.23,19.0,1,299.37
p1_W_E.38,228.0,10.15,0.0,0,252.23
p1_S2_N2.12,240.0,18.17,6.0,1,276.44
p1_E1_W1.16,231.0,22.01,7.0,1,275.02
p1_W3_S3.4,243.0,15.99,0.0,0,287.79
p1_W1_E1.41,246.0,8.95,0.0,0,249.2
p1_W3_E3.42,252.0,7.43,0.0,0,243.49
p1_E2_N2.4,240.0,19.22,3.0,1,288.8
p1_W1_E1.42,252.0,8.21,0.0,0,245.08
p1_N2_S2.11,220.0,37.08,24.0,1,300.83
p1_W1_E1.40,240.0,14.86,0.0,0,267.2
p1_E1_N3.5,300.0,7.07,0.0,0,161.85
p1_S2_N2.11,220.0,38.15,23.0,1,301.7
p1_W1_E1.43,258.0,8.3,0.0,0,244.21
p1_E1_W1.18,260.0,7.54,0.0,0,232.76
p1_N2_S2.13,260.0,7.35,0.0,0,235.15
p1_E3_W3.18,260.0,8.23,0.0,0,238.15
p1_S2_N2.13,260.0,7.73,0.0,0,243.55
p1_W3_E3.43,258.0,8.15,0.0,0,240.73
p1_W3_E3.44,264.0,8.42,0.0,0,242.03
p1_E_W.18,260.0,17.02,2.0,1,274.7
p1_E3_W3.15,216.0,30.9,17.0,1,295.6
p1_W_E.40,240.0,29.93,17.0,1,300.68
p1_N2_W2.4,243.0,27.01,7.0,1,317.74
p1_W1_S1.4,243.0,39.6,19.0,1,328.37
p1_S2_E2.4,243.0,23.66,5.0,2,310.64
p1_W_E.43,258.0,24.22,7.0,1,303.46
p1_N1_S1.13,260.0,21.91,8.0,1,281.0
p1_N3_S3.13,260.0,22.22,7.0,1,276.43
p1_E_W.19,274.0,7.7,0.0,0,236.23
p1_E_W.17,245.0,31.2,18.0,1,300.63
p1_W_E.42,252.0,25.58,10.0,1,300.74
p1_S1_N1.13,260.0,21.17,8.0,1,281.67
p1_W_E.45,270.0,13.73,0.0,0,261.04
p1_S3_E3.5,303.0,24.57,12.0,1,198.93
p1_W_E.44,264.0,21.37,2.0,1,300.84
p1_E3_N1.3,180.0,55.64,31.0,2,444.48
p1_N1_W3.4,243.0,43.24,27.0,1,339.92
p1_S3_N3.12,240.0,40.52,26.0,1,303.36
p1_N1_S1.14,280.0,8.01,0.0,0,237.14
p1_S1_N1.14,280.0,8.1,0.0,0,245.69
p1_S3_N3.14,280.0,7.81,0.0,0,245.92
p1_W_E.47,282.0,8.66,0.0,0,249.37
p1_W_E.48,288.0,8.01,0.0,0,244.73
p1_E_W.20,288.0,7.78,0.0,0,246.06
p1_S3_N3.13,260.0,16.54,4.0,1,276.76
p1_E3_W3.19,274.0,25.82,12.0,1,283.4
p1_W1_E1.46,276.0,24.19,11.0,1,278.92
p1_N3_W1.4,243.0,56.79,41.0,2,359.03
p1_W3_E3.46,276.0,24.66,10.0,1,282.67
p1_E1_W1.20,288.0,9.45,0.0,0,263.11
p1_W1_E1.48,288.0,14.43,0.0,0,268.67
p1_W1_E1.44,264.0,31.87,18.0,1,304.19
p1_S2_N2.14,280.0,25.38,11.0,1,289.65
p1_W1_E1.49,294.0,8.9,0.0,0,260.6
p1_W3_E3.48,288.0,18.0,0.0,0,300.58
p1_W1_E1.45,270.0,37.09,17.0,1,327.11
p1_W2_S2.4,243.0,61.0,39.0,2,369.57
p1_W3_E3.47,282.0,26.11,5.0,1,297.01
p1_W1_E1.50,300.0,7.82,0.0,0,246.27
p1_S2_N2.15,300.0,7.69,0.0,0,238.55
p1_W1_E1.47,282.0,26.97,6.0,1,303.05
p1_N2_S2.15,300.0,9.16,0.0,0,253.4
p1_W3_E3.45,270.0,26.68,13.0,1,289.19
p1_E1_W1.21,303.0,7.97,0.0,0,235.14
p1_E3_W3.21,303.0,7.81,0.0,0,240.36
p1_N2_S2.14,280.0,22.83,8.0,1,280.77
p1_N2_S2.12,240.0,45.03,28.0,1,333.01
p1_E1_W1.19,274.0,20.35,7.0,1,285.81
p1_W3_E3.49,294.0,8.42,0.0,0,244.03
p1_E3_W3.20,288.0,9.34,0.0,0,245.11
p1_W3_E3.52,312.0,10.22,0.0,0,248.91
p1_E_W.21,303.0,20.22,7.0,1,285.12
p1_S2_E2.5,303.0,21.22,6.0,1,297.16
p1_N2_W2.5,303.0,13.18,0.0,0,277.06
p1_W_E.51,306.0,20.27,4.0,1,294.23
p1_W_E.50,300.0,21.92,8.0,1,282.27
p1_E3_N1.4,240.0,45.56,10.0,2,423.84
p1_S1_N1.15,300.0,27.67,15.0,1,290.89
p1_S3_N3.15,300.0,26.98,15.0,1,299.6
p1_N3_S3.16,320.0,7.68,0.0,0,248.37
p1_N1_W3.5,303.0,26.5,11.0,1,303.95
p1_N3_S3.15,300.0,29.77,15.0,1,305.85
p1_W3_S3.5,303.0,10.06,0.0,0,262.3
p1_W_E.53,318.0,8.46,0.0,0,247.73
p1_N1_S1.15,300.0,28.12,14.0,1,297.27
p1_W1_S1.5,303.0,28.51,9.0,1,307.14
p1_W_E.52,312.0,18.87,0.0,0,283.04
p1_N3_S3.14,280.0,41.71,29.0,1,310.26
p1_W_E.54,324.0,8.86,0.0,0,250.58
p1_W_E.49,294.0,37.72,14.0,1,315.15
p1_E_W.22,317.0,9.25,0.0,0,252.22
p1_S3_E3.6,363.0,8.17,0.0,0,163.14
p1_W_E.46,276.0,32.84,17.0,1,297.22
p1_S1_N1.16,320.0,8.74,0.0,0,241.78
p1_E_W.23,332.0,7.99,0.0,0,233.37
p1_W1_E1.53,318.0,26.84,15.0,1,282.77
p1_N1_S1.16,320.0,8.48,0.0,0,241.16
p1_W_E.56,336.0,8.75,0.0,0,234.63
p1_E3_W3.22,317.0,29.01,15.0,1,298.96
p1_E3_W3.23,332.0,13.95,0.0,0,277.58
p1_N2_S2.17,340.0,9.5,0.0,0,255.77
p1_W1_E1.56,336.0,13.91,0.0,0,270.52
p1_E1_N3.6,363.0,22.48,13.0,1,189.94
p1_N3_W1.5,303.0,39.59,18.0,2,318.65
p1_W3_E3.53,318.0,27.84,13.0,1,303.38
p1_E1_W1.23,332.0,8.99,0.0,0,245.76
p1_W1_E1.57,342.0,9.86,0.0,0,252.68
p1_W3_E3.50,300.0,30.7,15.0,1,303.23
p1_W1_E1.54,324.0,29.71,11.0,1,292.97
p1_E1_W1.24,346.0,8.05,0.0,0,238.69
p1_E3_W3.24,346.0,7.77,0.0,0,242.93
p1_E1_W1.22,317.0,26.63,11.0,1,288.26
p1_W3_E3.56,336.0,18.92,0.0,0,299.4
p1_W2_S2.5,303.0,40.69,20.0,2,332.23
p1_W3_E3.54,324.0,27.21,7.0,1,307.03
p1_W1_E1.55,330.0,20.96,3.0,1,296.76
p1_N2_S2.16,320.0,28.65,16.0,1,292.46
p1_W3_E3.57,342.0,14.86,0.0,0,269.9
p1_W1_E1.51,306.0,29.37,15.0,1,296.53
p1_W3_E3.51,306.0,30.7,14.0,1,293.48
p1_W3_E3.55,330.0,22.69,3.0,1,289.08
p1_S2_N2.16,320.0,29.25,14.0,1,288.88
p1_W3_E3.59,354.0,8.19,0.0,0,246.7
p1_E2_N2.5,300.0,27.4,4.0,2,314.17
p1_W1_E1.59,354.0,8.3,0.0,0,238.82
p1_W1_E1.52,312.0,29.54,15.0,1,289.94
p1_W1_E1.58,348.0,10.5,0.0,0,250.34
p1_W_E.58,348.0,20.51,7.0,1,282.82
p1_E1_W1.25,360.0,7.8,0.0,0,237.58
p1_E_W.24,346.0,22.95,9.0,1,285.82
p1_W_E.59,354.0,16.67,4.0,1,284.81
p1_W_E.57,342.0,30.9,14.0,1,307.91
p1_S3_N3.17,340.0,34.17,20.0,1,296.93
p1_S1_N1.18,360.0,14.0,0.0,0,266.91
p1_N3_S3.18,360.0,14.03,1.0,1,264.12
p1_S1_N1.17,340.0,33.4,21.0,1,305.96
p1_N1_S1.18,360.0,13.35,1.0,1,267.84
p1_S3_N3.18,360.0,12.09,0.0,0,261.54
p1_W_E.62,372.0,8.26,0.0,0,242.56
p1_S3_N3.16,320.0,40.71,27.0,1,314.12
p1_N1_W3.6,362.0,19.79,0.0,0,294.65
p1_W_E.55,330.0,27.74,14.0,1,286.79
p1_N1_S1.17,340.0,31.68,18.0,1,286.55
p1_E_W.26,375.0,7.56,0.0,0,244.77
p1_W_E.60,360.0,9.83,0.0,0,256.62
p1_N3_S3.17,340.0,30.26,16.0,1,296.63
p1_W_E.63,378.0,8.3,0.0,0,245.02
p1_E_W.25,360.0,9.87,0.0,0,244.59
p1_S1_E1.4,243.0,106.25,69.0,5,567.13
p1_N3_W1.6,363.0,29.76,12.0,1,309.05
p1_E1_W1.26,375.0,17.0,4.0,1,273.47
p1_W_E.64,384.0,8.22,0.0,0,242.64
p1_W_E.61,366.0,10.03,0.0,0,247.75
p1_W1_E1.61,366.0,28.15,13.0,1,297.64
p1_E3_W3.26,375.0,18.74,5.0,1,277.51
p1_E1_N3.7,421.0,16.18,4.0,1,180.0
p1_W1_E1.62,372.0,22.84,8.0,1,284.09
p1_W1_E1.64,384.0,12.71,0.0,0,257.38
p1_E1_W1.27,389.0,8.18,0.0,0,239.38
p1_E2_N2.6,363.0,35.1,11.0,1,310.58
p1_W3_E3.63,378.0,19.79,4.0,1,292.21
p1_S2_N2.19,380.0,18.84,5.0,1,281.63
p1_W1_E1.65,390.0,8.69,0.0,0,248.15
p1_W3_E3.58,348.0,26.94,12.0,1,288.28
p1_E3_W3.25,360.0,31.48,16.0,1,308.2
p1_W1_E1.60,360.0,29.21,15.0,1,290.56
p1_W3_E3.60,360.0,33.56,17.0,1,299.35
p1_E3_W3.27,389.0,8.29,0.0,0,241.49
p1_W3_E3.61,366.0,25.99,11.0,1,291.21
p1_W1_E1.66,396.0,7.56,0.0,0,242.81
p1_W3_S3.6,363.0,40.94,19.0,2,342.25
p1_W3_E3.64,384.0,20.06,1.0,1,291.24
p1_N2_S2.19,380.0,16.57,2.0,1,280.01
p1_N2_S2.20,400.0,7.36,0.0,0,234.19
p1_N2_S2.18,360.0,36.61,21.0,1,317.12
p1_W1_E1.63,378.0,14.2,0.0,0,265.14
p1_S2_N2.20,400.0,8.35,0.0,0,243.18
p1_W3_E3.62,372.0,28.47,6.0,2,300.72
p1_W1_E1.67,402.0,8.0,0.0,0,249.72
p1_E1_W1.28,404.0,7.55,0.0,0,240.33
p1_W3_E3.67,402.0,10.0,0.0,0,243.48
p1_E_W.28,404.0,9.27,0.0,0,272.89
p1_W3_E3.66,396.0,8.35,0.0,0,251.43
p1_W2_S2.6,363.0,51.84,29.0,3,376.58
p1_S2_E2.6,363.0,52.92,30.0,2,352.11
p1_E_W.27,389.0,26.31,13.0,1,293.29
p1_W_E.65,390.0,24.73,11.0,1,286.56
p1_N2_W2.6,363.0,49.38,23.0,3,347.1
p1_S2_N2.17,340.0,41.33,25.0,1,321.0
p1_W_E.67,402.0,15.71,2.0,1,267.2
p1_E3_N1.5,300.0,77.32,45.0,4,507.07
p1_S1_N1.19,380.0,39.72,27.0,1,305.03
p1_S3_N3.19,380.0,39.71,28.0,1,304.58
p1_W3_E3.65,390.0,9.62,0.0,0,248.07
p1_W_E.66,396.0,17.19,5.0,1,270.8
p1_S3_N3.20,400.0,20.11,6.0,1,274.8
p1_W1_S1.6,363.0,58.25,37.0,2,359.47
p1_N3_S3.19,380.0,39.23,24.0,1,303.22
p1_W_E.68,408.0,10.12,0.0,0,261.77
p1_W_E.69,414.0,8.0,0.0,0,250.22
p1_S3_E3.7,423.0,37.98,27.0,1,215.38
p1_N1_S1.19,380.0,40.06,25.0,1,307.84
p1_S1_N1.20,400.0,19.28,5.0,1,277.69
p1_S1_N1.21,420.0,7.54,0.0,0,245.98
p1_W_E.70,420.0,8.26,0.0,0,240.61
p1_N1_S1.20,400.0,25.53,8.0,2,300.29
p1_N3_S3.21,420.0,8.78,0.0,0,235.44
p1_N3_S3.20,400.0,16.96,3.0,1,271.65
p1_W_E.71,426.0,8.88,0.0,0,243.81
p1_N3_W1.7,423.0,14.6,0.0,0,288.9
p1_W3_E3.68,408.0,29.88,15.0,1,304.83
p1_W1_E1.69,414.0,24.25,9.0,1,278.53
p1_S1_E1.5,303.0,85.97,47.0,5,526.43
p1_W3_E3.70,420.0,19.76,6.0,1,281.71
p1_E1_W1.30,432.0,7.73,0.0,0,250.94
p1_E_W.29,418.0,9.54,0.0,0,241.98
p1_E3_W3.28,404.0,30.78,16.0,1,289.95
p1_E1_W1.29,418.0,18.6,6.0,1,272.81
p1_N2_S2.21,420.0,22.85,8.0,1,287.96
p1_E2_N2.7,421.0,22.91,2.0,1,292.95
p1_W3_E3.71,426.0,14.64,2.0,1,264.96
p1_W1_E1.68,408.0,27.35,13.0,1,282.33
p1_W3_S3.7,423.0,19.77,0.0,0,296.3
p1_W3_E3.73,438.0,9.72,0.0,0,260.17
p1_S2_N2.21,420.0,21.38,8.0,1,284.91
p1_W1_E1.71,426.0,11.48,0.0,0,271.54
p1_W1_E1.70,420.0,16.13,3.0,1,272.16
p1_S2_N2.22,440.0,9.51,0.0,0,258.16
p1_E1_N3.8,480.0,7.65,0.0,0,166.29
p1_W1_E1.72,432.0,18.73,0.0,0,278.06
p1_W3_E3.72,432.0,18.76,0.0,0,296.37
p1_W3_E3.69,414.0,27.11,8.0,2,305.44
p1_W1_E1.73,438.0,14.19,0.0,0,266.77
p1_W3_E3.74,444.0,8.71,0.0,0,246.86
p1_E1_W1.31,447.0,8.22,0.0,0,234.35
p1_S2_N2.18,360.0,56.07,35.0,2,343.96
p1_W3_E3.75,450.0,7.29,0.0,0,237.84
p1_E3_W3.31,447.0,10.85,0.0,0,248.21
p1_E3_W3.30,432.0,8.52,0.0,0,247.9
p1_W1_E1.74,444.0,8.53,0.0,0,231.85
p1_E_W.31,447.0,13.39,0.0,0,271.98
p1_W_E.72,432.0,29.5,15.0,1,297.8
p1_W2_S2.7,423.0,32.87,10.0,3,328.9
p1_N2_W2.7,423.0,36.79,15.0,2,336.57
p1_W1_E1.75,450.0,8.46,0.0,0,242.39
p1_E3_W3.29,418.0,11.01,0.0,0,273.59
p1_W_E.74,444.0,18.69,6.0,1,272.28
p1_N1_S1.22,440.0,25.51,13.0,1,281.19
p1_W_E.73,438.0,20.89,8.0,1,284.73
p1_S3_N3.22,440.0,25.37,11.0,1,297.64
p1_W_E.75,450.0,17.56,0.0,0,284.85
p1_S3_N3.23,460.0,7.51,0.0,0,242.89
p1_N1_S1.23,460.0,7.8,0.0,0,245.97
p1_N1_S1.21,420.0,40.45,27.0,1,303.62
p1_S1_N1.23,460.0,9.08,0.0,0,243.17
p1_E_W.32,461.0,7.95,0.0,0,241.77
p1_W1_S1.7,422.0,47.61,20.0,2,344.03
p1_E_W.30,432.0,25.94,13.0,1,280.73
p1_S3_N3.21,420.0,41.75,27.0,1,312.77
p1_W_E.76,456.0,7.91,0.0,0,245.88
p1_S3_E3.8,483.0,26.2,15.0,1,195.54
p1_S1_N1.22,440.0,24.5,11.0,1,284.84
p1_N3_S3.22,440.0,22.75,10.0,1,275.13
p1_N3_S3.23,460.0,8.2,0.0,0,238.59
p1_N1_W3.7,423.0,40.53,25.0,1,314.79
p1_W_E.79,474.0,8.46,0.0,0,239.95
p1_W1_E1.76,456.0,27.68,15.0,1,291.17
p1_W3_E3.77,462.0,21.99,8.0,1,278.3
p1_E1_W1.33,476.0,7.9,0.0,0,244.55
p1_S1_E1.6,363.0,77.88,41.0,4,524.41
p1_S2_E2.7,423.0,65.51,37.0,4,380.52
p1_N2_S2.23,460.0,28.44,14.0,1,290.04
p1_W_E.77,462.0,8.6,0.0,0,245.0
p1_S2_N2.24,480.0,7.65,0.0,0,240.79
p1_S2_N2.23,460.0,29.3,16.0,1,290.39
p1_W1_E1.77,462.0,19.99,8.0,1,271.74
p1_E3_W3.33,476.0,8.12,0.0,0,236.01
p1_W1_E1.79,474.0,10.19,0.0,0,254.31
p1_N2_S2.24,480.0,11.03,0.0,0,254.44
p1_W3_E3.76,456.0,25.57,11.0,1,280.26
p1_W1_E1.81,486.0,7.27,0.0,0,245.53
p1_W1_E1.78,468.0,15.14,1.0,1,270.36
p1_W1_E1.80,480.0,9.81,0.0,0,256.74
p1_W3_S3.8,483.0,15.89,0.0,0,279.61
p1_E1_W1.34,490.0,8.35,0.0,0,238.46
p1_E3_W3.34,490.0,7.65,0.0,0,237.64
p1_W3_E3.79,474.0,8.66,0.0,0,252.22
p1_W3_E3.78,468.0,12.44,0.0,0,269.97
p1_W3_E3.80,480.0,18.08,0.0,0,270.28
p1_W3_E3.81,486.0,11.47,0.0,0,256.27
p1_W1_E1.82,492.0,8.42,0.0,0,234.45
p1_W3_E3.82,492.0,10.97,0.0,0,250.58
p1_W1_E1.83,498.0,7.9,0.0,0,246.55
p1_W3_E3.83,498.0,8.15,0.0,0,237.66
p1_E1_W1.32,461.0,16.72,2.0,1,282.52
p1_W_E.81,486.0,20.32,7.0,1,290.65
p1_E1_N3.9,540.0,6.73,0.0,0,163.72
p1_N2_W2.8,483.0,23.32,2.0,1,308.66
p1_W_E.82,492.0,17.05,4.0,1,261.95
p1_N3_S3.25,500.0,10.42,0.0,0,268.54
p1_W_E.78,468.0,31.19,19.0,1,298.87
p1_N1_S1.24,480.0,31.53,19.0,1,297.55
p1_W_E.84,504.0,7.11,0.0,0,250.98
p1_E3_N1.7,421.0,48.05,22.0,2,448.57
p1_E3_W3.32,461.0,14.04,0.0,0,281.23
p1_W_E.80,480.0,32.54,13.0,1,314.43
p1_N3_S3.24,480.0,32.54,18.0,1,299.23
p1_S3_N3.24,480.0,32.07,19.0,1,295.48
p1_E_W.35,504.0,8.15,0.0,0,235.45
p1_W1_S1.8,483.0,30.29,14.0,1,312.15
p1_W_E.83,498.0,14.83,0.0,0,284.57
p1_E3_N1.6,363.0,102.8,60.0,6,571.76
p1_E_W.33,476.0,28.53,14.0,1,285.39
p1_S1_N1.24,480.0,34.42,19.0,1,324.33
p1_S3_E3.9,543.0,10.09,0.0,0,167.49
p1_S1_N1.25,500.0,10.77,0.0,0,266.98
p1_W_E.85,510.0,8.05,0.0,0,252.65
p1_W_E.86,516.0,8.34,0.0,0,240.75
p1_E_W.34,490.0,14.4,0.0,0,263.2
p1_N1_W3.8,483.0,27.09,11.0,1,292.37
p1_E_W.36,519.0,8.0,0.0,0,242.67
p1_S3_N3.25,500.0,9.97,0.0,0,250.1
p1_E3_W3.36,519.0,8.88,0.0,0,259.88
p1_W3_E3.84,504.0,25.7,12.0,1,291.47
p1_E3_W3.35,504.0,25.91,12.0,1,291.89
p1_W1_E1.85,510.0,20.01,7.0,1,275.56
p1_N3_W1.8,483.0,46.39,25.0,2,334.35
p1_E1_W1.36,519.0,8.5,0.0,0,244.73
p1_W1_E1.87,522.0,10.33,0.0,0,250.92
p1_W1_E1.86,516.0,18.33,3.0,1,280.57
p1_S2_N2.26,520.0,14.77,3.0,1,267.47
p1_W2_S2.8,483.0,53.06,33.0,2,349.8
p1_S2_E2.8,483.0,48.2,26.0,3,353.52
p1_W1_E1.84,504.0,31.8,13.0,1,302.13
p1_W3_E3.85,510.0,17.94,6.0,1,268.27
p1_N2_S2.25,500.0,37.74,21.0,1,325.64
p1_S2_N2.25,500.0,35.11,21.0,1,307.34
p1_E1_W1.35,504.0,23.99,10.0,1,275.86
p1_E2_N2.8,480.0,49.1,23.0,3,356.78
p1_W3_E3.86,516.0,13.76,1.0,1,265.29
p1_E1_W1.37,533.0,7.53,0.0,0,237.27
p1_E3_W3.37,533.0,8.35,0.0,0,239.81
p1_W1_E1.89,534.0,7.15,0.0,0,248.3
p1_S1_E1.7,423.0,42.72,23.0,1,419.95
p1_N2_S2.26,520.0,12.1,0.0,0,261.99
p1_W3_E3.89,534.0,8.72,0.0,0,232.47
p1_N2_S2.22,440.0,69.85,49.0,2,363.42
p1_S2_N2.27,540.0,8.3,0.0,0,245.01
p1_W1_E1.90,540.0,8.53,0.0,0,242.62
p1_W_E.88,528.0,25.36,11.0,1,282.64
p1_E_W.37,533.0,20.54,6.0,1,282.89
p1_W3_S3.9,543.0,10.63,0.0,0,254.37
p1_W3_E3.88,528.0,9.2,0.0,0,255.42
p1_W_E.90,540.0,15.03,0.0,0,265.34
p1_E_W.38,548.0,8.25,0.0,0,238.63
p1_E3_N1.8,480.0,34.64,5.0,1,396.65
p1_W1_E1.88,528.0,9.62,0.0,0,255.3
p1_N3_S3.27,540.0,17.45,5.0,1,271.3
p1_W_E.91,546.0,11.56,0.0,0,259.28
p1_N3_S3.26,520.0,38.29,24.0,1,299.57
p1_N1_S1.27,540.0,17.85,4.0,1,279.93
p1_S1_N1.27,540.0,17.87,4.0,1,272.71
p1_S3_N3.27,540.0,18.04,4.0,1,279.83
p1_S1_N1.26,520.0,39.73,26.0,1,324.48
p1_W_E.92,552.0,8.43,0.0,0,237.61
p1_N1_S1.26,520.0,38.07,23.0,1,312.3
p1_W_E.87,522.0,28.47,15.0,1,290.22
p1_W1_S1.9,543.0,19.96,0.0,0,282.14
p1_W_E.89,534.0,20.35,5.0,1,286.29
p1_N1_S1.25,500.0,41.71,28.0,1,313.02
p1_S3_N3.26,520.0,35.52,21.0,1,310.22
p1_N1_W3.9,543.0,18.42,0.0,0,295.17
p1_S1_N1.28,560.0,7.15,0.0,0,238.48
p1_N3_S3.28,560.0,7.47,0.0,0,240.09
p1_N1_S1.28,560.0,8.25,0.0,0,249.14
p1_S3_N3.28,560.0,8.27,0.0,0,242.66
p1_S3_E3.10,603.0,11.97,0.0,0,160.99
p1_W_E.94,564.0,7.84,0.0,0,240.35
p1_W_E.93,558.0,8.22,0.0,0,235.75
p1_W1_E1.91,546.0,29.91,16.0,1,286.82
p1_N3_W1.9,543.0,32.53,13.0,2,317.99
p1_E1_W1.39,562.0,14.87,0.0,0,261.24
p1_E3_W3.38,548.0,28.82,14.0,1,302.15
p1_E1_N3.10,600.0,21.45,9.0,1,196.2
p1_S1_E1.8,483.0,46.78,22.0,2,442.73
p1_W1_E1.93,558.0,20.99,5.0,1,290.14
p1_E3_W3.39,562.0,10.06,0.0,0,258.82
p1_W2_S2.9,543.0,38.06,16.0,1,335.1
p1_W3_E3.90,540.0,30.77,15.0,1,298.49
p1_E2_N2.9,540.0,42.36,21.0,2,337.32
p1_W3_E3.95,570.0,9.11,0.0,0,263.15
p1_W1_E1.95,570.0,8.05,0.0,0,253.72
p1_W1_E1.92,552.0,21.49,9.0,1,276.29
p1_W3_E3.92,552.0,33.04,12.0,1,322.71
p1_W1_E1.96,576.0,9.01,0.0,0,252.71
p1_W1_E1.94,564.0,22.01,1.0,1,293.98
p1_E3_W3.40,576.0,8.25,0.0,0,243.01
p1_W3_E3.91,546.0,43.77,16.0,1,324.45
p1_N2_S2.29,580.0,10.84,0.0,0,254.66
p1_N2_S2.28,560.0,20.54,7.0,1,281.96
p1_W3_E3.96,576.0,15.84,0.0,0,270.14
p1_E1_W1.38,548.0,22.39,9.0,1,283.45
p1_N2_S2.27,540.0,36.98,22.0,1,312.25
p1_S2_N2.29,580.0,8.28,0.0,0,241.23
p1_W3_E3.94,564.0,18.1,0.0,0,281.55
p1_W_E.96,576.0,23.44,9.0,1,286.45
p1_W3_E3.97,582.0,17.21,0.0,0,271.95
p1_W_E.95,570.0,28.98,15.0,1,288.29
p1_N2_W2.9,543.0,54.02,26.0,3,373.72
p1_E1_W1.40,576.0,9.55,0.0,0,246.08
p1_W_E.97,582.0,19.55,6.0,1,281.87
p1_W_E.98,588.0,13.31,0.0,0,265.01
p1_W3_E3.98,588.0,12.99,0.0,0,252.74
p1_E_W.41,591.0,8.87,0.0,0,244.64
p1_W3_E3.93,558.0,44.57,6.0,1,322.86
p1_W3_E3.87,522.0,33.95,16.0,1,305.15
p1_W1_E1.97,582.0,8.57,0.0,0,242.69
p1_W_E.99,594.0,9.21,0.0,0,256.24
p1_N1_S1.29,580.0,23.92,9.0,1,280.4
p1_S1_N1.29,580.0,24.4,11.0,1,290.65
p1_N3_S3.29,580.0,23.84,11.0,1,280.93
p1_E_W.40,576.0,22.72,6.0,1,287.17
p1_W_E.100,600.0,8.37,0.0,0,238.11
p1_S1_N1.30,600.0,7.77,0.0,0,243.31
p1_E_W.39,562.0,28.63,15.0,1,291.59
p1_N1_S1.30,600.0,8.8,0.0,0,249.43
p1_S3_N3.29,580.0,22.35,8.0,1,278.42
p1_W_E.101,606.0,8.02,0.0,0,241.78
p1_W3_E3.99,594.0,27.55,15.0,1,293.3
p1_S1_E1.9,543.0,36.71,12.0,2,438.86
p1_N3_W1.10,603.0,20.19,2.0,1,293.25
p1_W3_E3.100,600.0,21.51,8.0,1,285.21
p1_E3_W3.42,605.0,19.54,4.0,1,287.17
p1_W1_E1.101,606.0,18.57,4.0,1,275.81
p1_W1_E1.99,594.0,28.33,13.0,1,309.9
p1_N2_S2.30,600.0,28.3,14.0,1,303.54
p1_E1_W1.43,620.0,8.07,0.0,0,247.52
p1_E1_W1.42,605.0,14.93,0.0,0,270.31
p1_S2_E2.9,543.0,82.69,57.0,4,406.28
p1_W2_S2.10,603.0,16.76,3.0,1,286.8
p1_E2_N2.10,600.0,17.42,1.0,1,278.5
p1_W1_E1.103,618.0,15.32,0.0,0,263.39
p1_W1_E1.102,612.0,10.83,0.0,0,267.9
p1_S2_N2.31,620.0,8.17,0.0,0,247.38
p1_W1_E1.100,600.0,35.17,11.0,1,309.01
p1_E3_W3.43,620.0,8.53,0.0,0,252.24
p1_S2_N2.30,600.0,23.46,8.0,1,279.1
p1_W3_S3.10,603.0,19.23,3.0,1,287.5
p1_W3_E3.102,612.0,17.83,0.0,0,285.99
p1_W1_E1.98,588.0,29.16,14.0,1,298.73
p1_E1_W1.41,591.0,25.98,11.0,1,284.07
p1_N2_S2.31,620.0,9.03,0.0,0,247.28
p1_W1_E1.104,624.0,8.53,0.0,0,247.09
p1_S2_N2.28,560.0,41.65,26.0,1,317.26
p1_W3_E3.104,624.0,15.67,0.0,0,269.02
p1_E1_N3.11,660.0,8.95,0.0,0,167.98
p1_W3_E3.101,606.0,11.82,0.0,0,258.34
p1_W1_E1.105,630.0,8.47,0.0,0,240.81
p1_W3_E3.105,630.0,12.05,0.0,0,258.96
p1_E3_W3.44,634.0,7.69,0.0,0,245.3
p1_W_E.103,618.0,26.17,14.0,1,288.67
p1_W3_E3.103,618.0,25.83,0.0,0,288.98
p1_E_W.44,634.0,9.65,0.0,0,271.04
p1_W3_E3.106,636.0,8.44,0.0,0,235.0
p1_S2_E2.10,603.0,42.13,15.0,2,343.67
p1_N2_W2.10,603.0,43.06,19.0,3,346.16
p1_W_E.105,630.0,16.41,2.0,1,276.52
p1_E1_W1.44,634.0,7.98,0.0,0,239.23
p1_E3_W3.41,591.0,23.71,9.0,1,285.49
p1_W_E.104,624.0,24.74,9.0,1,285.35
p1_N3_S3.32,640.0,8.64,0.0,0,259.86
p1_S3_N3.32,640.0,8.75,0.0,0,230.74
p1_W1_S1.10,603.0,47.42,27.0,2,335.02
p1_E_W.43,620.0,23.5,11.0,1,273.24
p1_S1_N1.31,620.0,30.16,18.0,1,284.26
p1_N3_S3.31,620.0,29.59,16.0,1,294.13
p1_N3_S3.30,600.0,40.8,26.0,1,306.7
p1_N1_S1.32,640.0,10.91,0.0,0,272.27
p1_E_W.42,605.0,31.14,17.0,1,282.87
p1_E_W.45,648.0,7.85,0.0,0,243.4
p1_S3_E3.11,663.0,29.27,16.0,1,198.84
p1_E3_N1.9,540.0,57.06,33.0,2,450.71
p1_S3_N3.31,620.0,37.15,18.0,2,326.68
p1_N1_W3.10,603.0,40.36,26.0,1,316.51
p1_S3_N3.30,600.0,40.97,25.0,1,309.4
p1_W_E.106,636.0,9.74,0.0,0,247.68
p1_N1_S1.31,620.0,25.75,12.0,1,281.58
p1_W_E.109,654.0,10.34,0.0,0,247.03
p1_W_E.102,612.0,27.25,14.0,1,287.09
p1_S1_N1.32,640.0,8.87,0.0,0,244.48
p1_W_E.107,642.0,11.27,0.0,0,249.94
p1_E3_W3.45,648.0,19.34,5.0,1,284.72
p1_W3_E3.108,648.0,20.16,7.0,1,283.32
p1_W1_E1.107,642.0,26.66,12.0,1,285.46
p1_S1_E1.10,603.0,12.95,0.0,0,359.68
p1_W_E.108,648.0,8.84,0.0,0,249.46
p1_E3_W3.46,663.0,8.17,0.0,0,242.71
p1_W3_E3.107,642.0,23.4,10.0,1,279.63
p1_E1_W1.45,648.0,19.01,5.0,1,268.42
p1_W3_E3.109,654.0,15.37,1.0,1,267.4
p1_W1_E1.106,636.0,30.57,17.0,1,288.53
p1_S2_N2.32,640.0,33.23,19.0,1,293.45
p1_W1_E1.108,648.0,26.31,8.0,1,305.41
p1_W1_E1.109,654.0,13.95,0.0,0,265.66
p1_W1_E1.110,660.0,15.94,0.0,0,307.62
p1_N2_S2.33,660.0,10.89,0.0,0,273.87
p1_S2_N2.33,660.0,10.52,0.0,0,264.42
p1_N2_S2.32,640.0,31.64,17.0,1,296.84
p1_W3_S3.11,663.0,10.8,0.0,0,258.23
p1_W3_E3.111,666.0,11.26,0.0,0,247.6
p1_W1_E1.111,666.0,12.2,0.0,0,271.12
p1_W3_E3.112,672.0,8.54,0.0,0,243.77
p1_E1_W1.46,663.0,8.52,0.0,0,246.25
p1_W3_E3.110,660.0,9.63,0.0,0,253.51
p1_E3_W3.47,677.0,7.62,0.0,0,246.84
p1_E1_N3.12,723.0,8.93,0.0,0,162.58
p1_W1_E1.112,672.0,9.52,0.0,0,249.21
p1_N2_W2.11,663.0,28.76,9.0,1,319.18
p1_E_W.47,677.0,13.92,2.0,1,263.89
p1_S2_E2.11,663.0,26.93,6.0,1,314.25
p1_E2_N2.11,660.0,32.51,13.0,2,328.96
p1_E1_W1.47,677.0,8.85,0.0,0,242.88
p1_W3_E3.113,678.0,8.7,0.0,0,236.7
p1_E_W.46,663.0,29.75,15.0,1,306.56
p1_W_E.112,672.0,22.11,6.0,1,278.35
p1_W_E.110,660.0,29.56,16.0,1,298.9
p1_E3_N1.10,600.0,53.28,31.0,2,444.01
p1_N3_S3.34,680.0,16.22,2.0,1,268.34
p1_S3_N3.34,680.0,15.91,2.0,1,278.87
p1_N1_S1.33,660.0,35.71,23.0,1,310.72
p1_S3_E3.12,723.0,18.57,7.0,1,189.59
p1_W1_S1.11,663.0,31.09,16.0,1,303.96
p1_S1_N1.33,660.0,35.36,21.0,1,299.81
p1_W_E.114,684.0,10.03,0.0,0,256.3
p1_W_E.115,690.0,11.88,0.0,0,257.55
p1_W_E.111,666.0,20.76,8.0,1,275.89
p1_W_E.113,678.0,25.48,3.0,1,300.68
p1_S3_N3.33,660.0,32.72,20.0,1,294.43
p1_N1_W3.11,663.0,32.35,16.0,1,302.89
p1_N1_S1.34,680.0,15.24,2.0,1,281.44
p1_S1_N1.34,680.0,15.42,1.0,1,273.38
p1_E_W.48,692.0,8.01,0.0,0,242.28
p1_S1_N1.35,700.0,7.46,0.0,0,237.47
p1_N1_S1.35,700.0,7.86,0.0,0,231.82
p1_S3_N3.35,700.0,8.09,0.0,0,238.63
p1_N3_S3.35,700.0,7.99,0.0,0,243.49
p1_W_E.117,702.0,8.53,0.0,0,239.42
p1_N3_S3.33,660.0,31.18,16.0,1,294.14
p1_W3_E3.114,684.0,29.26,16.0,1,293.84
p1_W3_E3.115,690.0,24.2,8.0,1,287.61
p1_E1_W1.49,706.0,8.29,0.0,0,247.04
p1_E3_W3.49,706.0,7.36,0.0,0,244.91
p1_W1_E1.114,684.0,30.77,16.0,1,290.89
p1_N3_W1.11,663.0,48.97,27.0,2,338.82
p1_W1_E1.113,678.0,29.47,16.0,1,296.98
p1_W1_E1.117,702.0,15.56,0.0,0,273.5
p1_N2_S2.34,680.0,38.45,26.0,1,308.41
p1_W_E.116,696.0,9.22,0.0,0,245.36
p1_W1_E1.115,690.0,22.94,8.0,1,289.69
p1_S2_N2.35,700.0,18.87,6.0,1,271.9
p1_W1_E1.118,708.0,10.32,0.0,0,265.56
p1_W2_S2.11,663.0,49.4,30.0,2,347.06
p1_E1_W1.48,692.0,19.6,6.0,1,282.23
p1_N2_S2.35,700.0,16.7,4.0,1,273.71
p1_W1_E1.119,714.0,8.13,0.0,0,245.18
p1_S2_N2.34,680.0,38.45,25.0,1,301.84
p1_W3_E3.116,696.0,18.12,4.0,1,274.98
p1_W3_E3.117,702.0,12.63,0.0,0,261.36
p1_W3_E3.119,714.0,10.8,0.0,0,253.69
p1_W1_E1.116,696.0,17.13,3.0,1,262.92
p1_E3_W3.48,692.0,17.89,4.0,1,270.58
p1_E3_W3.50,720.0,7.99,0.0,0,233.46
p1_N2_S2.36,720.0,8.4,0.0,0,246.59
p1_W3_E3.120,720.0,8.14,0.0,0,253.61
p1_W3_E3.118,708.0,9.59,0.0,0,250.26
p1_W1_E1.120,720.0,8.24,0.0,0,246.15
p1_S2_N2.36,720.0,8.7,0.0,0,239.94
p1_W1_E1.121,726.0,8.66,0.0,0,237.4
p1_W3_E3.121,726.0,8.79,0.0,0,232.29
p1_E_W.49,706.0,30.68,18.0,1,299.51
p1_E_W.50,720.0,16.75,3.0,1,270.66
p1_S2_E2.12,723.0,13.84,0.0,0,286.62
p1_W_E.119,714.0,24.18,8.0,1,300.78
p1_W3_S3.12,723.0,11.27,0.0,0,258.34
p1_E1_W1.50,720.0,8.52,0.0,0,251.49
p1_E3_N1.11,660.0,39.76,21.0,1,421.51
p1_W_E.120,720.0,19.95,4.0,1,274.63
p1_S1_N1.36,720.0,22.74,8.0,1,278.83
p1_E_W.51,735.0,8.41,0.0,0,242.2
p1_W_E.121,726.0,18.96,0.0,0,296.14
p1_W1_S1.12,723.0,15.26,0.0,0,278.68
p1_S3_N3.36,720.0,20.44,7.0,1,282.99
p1_S1_N1.37,740.0,8.32,0.0,0,239.13
p1_N3_S3.37,740.0,7.74,0.0,0,243.16
p1_S3_N3.37,740.0,7.86,0.0,0,244.0
p1_N1_S1.36,720.0,19.61,6.0,1,291.42
p1_N3_S3.36,720.0,19.93,5.0,1,269.8
p1_N1_W3.12,723.0,19.0,4.0,1,285.67
p1_N1_S1.37,740.0,9.84,0.0,0,253.99
p1_S3_E3.13,783.0,7.47,0.0,0,159.69
p1_W_E.124,744.0,7.4,0.0,0,237.11
p1_W_E.122,732.0,9.8,0.0,0,256.66
p1_W_E.118,708.0,22.97,8.0,1,294.72
p1_E3_W3.52,749.0,7.91,0.0,0,246.38
p1_N3_W1.12,723.0,37.21,15.0,2,331.12
p1_W1_E1.122,732.0,28.16,15.0,1,292.9
p1_W3_E3.122,732.0,27.99,15.0,1,292.8
p1_W1_E1.123,738.0,22.01,8.0,1,276.05
p1_W3_E3.123,738.0,22.54,7.0,1,277.03
p1_E_W.52,749.0,8.16,0.0,0,240.61
p1_E1_W1.51,735.0,23.72,12.0,1,285.18
p1_W_E.123,738.0,8.93,0.0,0,246.34
p1_W3_E3.124,744.0,17.89,4.0,1,273.55
p1_E1_N3.13,781.0,24.37,12.0,1,193.43
p1_E3_W3.51,735.0,23.55,10.0,1,279.56
p1_W3_E3.126,756.0,7.76,0.0,0,247.02
p1_N2_S2.37,740.0,25.16,11.0,1,278.28
p1_S2_N2.37,740.0,24.56,12.0,1,279.62
p1_W1_E1.125,750.0,10.44,0.0,0,248.27
p1_W3_E3.125,750.0,11.25,0.0,0,259.38
p1_W1_E1.124,744.0,16.68,3.0,1,270.92
p1_W2_S2.12,723.0,36.39,13.0,2,313.15
p1_E1_W1.52,749.0,8.89,0.0,0,256.46
p1_N2_S2.38,760.0,7.26,0.0,0,236.57
p1_W1_E1.127,762.0,8.22,0.0,0,240.47
p1_W3_E3.127,762.0,7.56,0.0,0,241.1
p1_S2_N2.38,760.0,8.5,0.0,0,233.95
p1_E1_W1.53,764.0,7.88,0.0,0,238.2
p1_E3_W3.53,764.0,7.9,0.0,0,244.03
p1_W3_E3.128,768.0,7.51,0.0,0,240.53
p1_W1_E1.128,768.0,7.96,0.0,0,246.06
p1_W1_E1.126,756.0,8.7,0.0,0,243.36
p1_W1_E1.129,774.0,8.18,0.0,0,246.47
p1_W3_E3.129,774.0,8.01,0.0,0,237.57
p1_W_E.126,756.0,26.82,13.0,1,288.68
p1_N2_W2.12,723.0,58.58,42.0,2,355.82
p1_E2_N2.12,723.0,61.82,32.0,4,381.41
p1_E_W.54,778.0,7.92,0.0,0,246.94
p1_E_W.53,764.0,19.02,3.0,1,278.11
p1_N1_S1.39,780.0,7.23,0.0,0,236.95
p1_N3_S3.39,780.0,7.01,0.0,0,247.71
p1_N1_S1.38,760.0,28.36,15.0,1,288.39
p1_W_E.128,768.0,20.19,2.0,1,305.4
p1_S1_N1.39,780.0,8.32,0.0,0,246.52
p1_S1_E1.11,663.0,75.57,39.0,5,521.73
p1_W_E.125,750.0,31.93,18.0,1,302.48
p1_S3_N3.38,760.0,29.23,15.0,1,311.59
p1_E3_N1.12,723.0,19.15,2.0,1,371.79
p1_W_E.127,762.0,27.18,9.0,1,303.2
p1_W_E.129,774.0,16.31,0.0,0,284.18
p1_S1_N1.38,760.0,28.62,14.0,1,296.22
p1_S3_N3.39,780.0,12.21,0.0,0,273.77
p1_W_E.130,780.0,8.26,0.0,0,242.82
p1_W_E.131,786.0,7.8,0.0,0,240.14
p1_N3_S3.38,760.0,23.47,10.0,1,283.14
p1_E_W.55,792.0,7.75,0.0,0,240.49
p1_W_E.132,792.0,8.59,0.0,0,241.47
p1_E3_W3.54,778.0,27.46,14.0,1,280.9
p1_W1_E1.131,786.0,19.57,6.0,1,283.51
p1_W3_E3.130,780.0,26.12,13.0,1,288.83
p1_N3_W1.13,783.0,23.4,9.0,1,295.83
p1_W1_E1.132,792.0,15.48,2.0,1,273.01
p1_W3_S3.13,783.0,25.94,9.0,1,295.97
p1_W1_E1.133,798.0,11.52,0.0,0,260.92
p1_E1_W1.54,778.0,31.69,15.0,1,315.96
p1_E1_N3.14,840.0,9.99,0.0,0,170.96
p1_N2_S2.39,780.0,30.98,18.0,1,296.71
p1_W2_S2.13,783.0,29.01,12.0,1,310.11
p1_E1_W1.55,792.0,9.8,0.0,0,264.37
p1_W1_E1.134,804.0,7.88,0.0,0,240.89
p1_W3_E3.133,798.0,15.17,0.0,0,274.11
p1_S2_N2.40,800.0,12.68,1.0,1,274.66
p1_N2_S2.40,800.0,13.97,0.0,0,268.68
p1_W3_E3.132,792.0,13.65,0.0,0,262.28
p1_E3_W3.56,807.0,7.96,0.0,0,250.09
p1_W1_E1.135,810.0,7.58,0.0,0,240.97
p1_W3_E3.131,786.0,18.84,5.0,1,280.46
p1_W3_E3.134,804.0,8.27,0.0,0,243.01
p1_S2_N2.39,780.0,29.35,15.0,1,302.01
p1_W3_E3.135,810.0,8.12,0.0,0,241.78
p1_W1_E1.136,816.0,8.05,0.0,0,251.12
p1_W3_E3.136,816.0,7.86,0.0,0,239.39
p1_W1_E1.130,780.0,21.8,7.0,1,279.03
p1_E1_W1.56,807.0,7.82,0.0,0,244.23
p1_E2_N2.13,781.0,46.77,26.0,3,347.57
p1_E1_W1.57,821.0,8.39,0.0,0,245.15
p1_E_W.57,821.0,8.06,0.0,0,242.24
p1_S2_E2.13,783.0,46.68,22.0,3,351.13
p1_N2_W2.13,783.0,46.76,20.0,3,357.72
p1_W_E.136,816.0,15.12,1.0,1,273.09
p1_S1_N1.40,800.0,33.25,19.0,1,303.45
p1_S1_E1.12,723.0,67.04,37.0,3,512.27
p1_N3_S3.40,800.0,34.51,19.0,1,298.57
p1_W_E.134,804.0,23.52,10.0,1,278.57
p1_S3_N3.41,820.0,14.23,1.0,1,265.55
p1_W1_S1.13,783.0,52.64,27.0,2,348.8
p1_S3_N3.40,800.0,35.26,20.0,1,306.66
p1_N3_S3.41,820.0,14.69,0.0,0,273.32
p1_W_E.135,810.0,26.67,9.0,1,289.1
p1_N1_S1.41,820.0,13.07,0.0,0,268.94
p1_S3_E3.14,843.0,36.4,20.0,1,209.89
p1_N1_S1.40,800.0,37.89,20.0,1,323.99
p1_W_E.137,822.0,8.91,0.0,0,258.59
p1_N1_W3.13,783.0,39.11,26.0,1,295.05
p1_E3_W3.55,792.0,10.64,0.0,0,257.92
p1_S1_N1.41,820.0,10.88,0.0,0,261.55
p1_W_E.139,834.0,7.19,0.0,0,238.92
p1_E_W.56,807.0,17.85,4.0,1,272.02
p1_E_W.58,836.0,7.69,0.0,0,243.58
p1_W_E.133,798.0,25.99,12.0,1,284.57
p1_W1_E1.138,828.0,23.65,11.0,1,282.44
p1_E1_W1.58,836.0,16.3,2.0,1,271.71
p1_W_E.138,828.0,8.88,0.0,0,246.25
p1_W3_E3.138,828.0,22.92,10.0,1,283.75
p1_E3_W3.58,836.0,16.34,1.0,1,268.73
p1_W3_E3.137,822.0,28.95,15.0,1,297.18
p1_W1_E1.141,846.0,8.33,0.0,0,251.39
p1_S1_E1.13,783.0,21.77,5.0,1,382.01
p1_N2_S2.41,820.0,36.58,24.0,1,305.85
p1_E3_W3.57,821.0,29.71,16.0,1,285.01
p1_W1_E1.139,834.0,22.44,8.0,1,266.32
p1_W1_E1.137,822.0,29.59,16.0,1,303.08
p1_W3_E3.139,834.0,19.6,4.0,1,283.62
p1_S2_N2.42,840.0,16.92,5.0,1,276.48
p1_E2_N2.14,840.0,17.41,2.0,1,287.52
p1_W3_S3.14,843.0,12.05,0.0,0,277.31
p1_E1_W1.59,850.0,7.9,0.0,0,240.57
p1_E3_W3.59,850.0,8.42,0.0,0,248.06
p1_W1_E1.142,852.0,7.36,0.0,0,240.0
p1_W3_E3.142,852.0,8.04,0.0,0,234.25
p1_N2_S2.42,840.0,15.8,2.0,1,268.92
p1_E1_N3.15,900.0,7.05,0.0,0,165.65
p1_W3_E3.140,840.0,13.82,0.0,0,261.77
p1_W1_E1.143,858.0,8.31,0.0,0,244.28
p1_W3_E3.143,858.0,7.98,0.0,0,249.02
p1_N2_S2.43,860.0,8.28,0.0,0,238.53
p1_E3_W3.60,864.0,8.34,0.0,0,244.04
p1_S2_N2.41,820.0,32.0,18.0,1,296.39
p1_W1_E1.140,840.0,11.05,0.0,0,254.47
p1_W3_E3.141,846.0,9.85,0.0,0,250.71
p1_N2_W2.14,843.0,33.13,12.0,2,333.02
p1_W_E.141,846.0,29.8,17.0,1,295.19
p1_W1_E1.144,864.0,8.15,0.0,0,242.22
p1_W3_E3.144,864.0,8.12,0.0,0,247.67
p1_W_E.143,858.0,19.05,4.0,1,281.95
p1_E_W.59,850.0,27.8,12.0,1,309.19
p1_E_W.60,864.0,8.39,0.0,0,239.05
p1_S3_N3.43,860.0,19.5,6.0,1,280.69
p1_W_E.145,870.0,9.09,0.0,0,252.28
p1_E3_N1.13,781.0,56.08,29.0,2,448.86
p1_S1_N1.42,840.0,40.08,25.0,1,305.76
p1_N3_S3.42,840.0,39.71,26.0,1,306.54
p1_W1_S1.14,843.0,36.99,16.0,1,322.71
p1_N3_S3.43,860.0,19.74,6.0,1,286.32
p1_S2_E2.14,843.0,17.29,2.0,1,295.8
p1_W_E.142,852.0,24.72,9.0,1,299.59
p1_S3_E3.15,903.0,22.47,10.0,1,191.27
p1_W_E.140,840.0,35.3,19.0,1,308.11
p1_W_E.146,876.0,7.46,0.0,0,242.04
p1_N1_W3.14,843.0,41.35,24.0,1,326.73
p1_W_E.144,864.0,13.74,0.0,0,270.71
p1_E_W.61,879.0,7.83,0.0,0,243.84
p1_N1_S1.43,860.0,28.65,7.0,1,315.09
p1_N1_S1.44,880.0,8.27,0.0,0,240.95
p1_S3_N3.44,880.0,8.6,0.0,0,246.28
p1_S1_N1.43,860.0,15.84,2.0,1,275.84
p1_N3_S3.44,880.0,7.66,0.0,0,248.96
p1_W_E.147,882.0,8.41,0.0,0,231.59
p1_S3_N3.42,840.0,35.24,23.0,1,304.18
p1_W_E.148,888.0,8.21,0.0,0,234.97
p1_N1_S1.42,840.0,35.47,20.0,1,305.43
p1_W1_E1.146,876.0,22.07,8.0,1,278.36
p1_E1_W1.61,879.0,18.86,4.0,1,279.45
p1_E3_W3.61,879.0,18.73,6.0,1,279.53
p1_N3_W1.14,843.0,55.2,35.0,2,346.56
p1_W3_E3.147,882.0,18.51,3.0,1,274.66
p1_W1_E1.148,888.0,11.76,0.0,0,260.58
p1_E1_W1.62,893.0,7.95,0.0,0,241.7
p1_E3_W3.62,893.0,7.74,0.0,0,238.41
p1_W3_E3.145,870.0,26.6,12.0,1,297.32
p1_W3_E3.149,894.0,8.76,0.0,0,253.59
p1_W1_E1.149,894.0,8.64,0.0,0,239.94
p1_S2_N2.44,880.0,22.21,9.0,1,284.62
p1_W1_E1.147,882.0,23.36,3.0,1,295.77
p1_E1_W1.60,864.0,31.32,19.0,1,293.36
p1_W1_E1.145,870.0,24.52,12.0,1,293.65
p1_W3_E3.150,900.0,9.1,0.0,0,246.41
p1_W3_E3.148,888.0,13.83,0.0,0,269.93
p1_S2_N2.45,900.0,7.98,0.0,0,249.51
p1_W3_S3.15,903.0,10.08,0.0,0,247.33
p1_N2_S2.44,880.0,19.7,6.0,1,281.72
p1_W1_E1.151,906.0,8.03,0.0,0,239.63
p1_S2_N2.43,860.0,40.19,25.0,1,313.83
p1_W3_E3.146,876.0,20.61,3.0,1,285.13
p1_E1_W1.63,908.0,8.18,0.0,0,246.93
p1_E3_W3.63,908.0,7.69,0.0,0,252.3
p1_W1_E1.150,900.0,8.63,0.0,0,252.08
p1_W1_E1.152,912.0,8.23,0.0,0,235.87
p1_W2_S2.14,843.0,75.15,51.0,4,398.55
p1_W_E.149,894.0,27.26,13.0,1,289.61
p1_S2_E2.15,903.0,14.94,0.0,0,277.99
p1_E_W.63,908.0,9.96,0.0,0,260.0
p1_S1_N1.45,900.0,25.34,12.0,1,286.02
p1_N3_S3.45,900.0,26.13,12.0,1,288.15
p1_W1_S1.15,903.0,24.22,8.0,1,306.21
p1_S1_N1.44,880.0,40.59,26.0,1,308.13
p1_N3_S3.46,920.0,8.41,0.0,0,242.64
p1_W_E.151,906.0,17.49,1.0,1,283.18
p1_S3_E3.16,963.0,9.52,0.0,0,166.22
p1_E_W.64,922.0,8.26,0.0,0,249.04
p1_S3_N3.45,900.0,24.39,11.0,1,288.07
p1_N1_S1.46,920.0,11.21,0.0,0,253.6
p1_W_E.150,900.0,17.5,4.0,1,270.36
p1_N1_S1.45,900.0,24.58,11.0,1,286.99
p1_S1_N1.46,920.0,8.21,0.0,0,243.67
p1_W_E.153,918.0,8.92,0.0,0,252.05
p1_E_W.62,893.0,24.43,11.0,1,279.43
p1_W_E.155,930.0,7.67,0.0,0,243.66
p1_N1_W3.15,903.0,20.9,5.0,1,288.49
p1_E1_W1.65,936.0,7.43,0.0,0,240.87
p1_E1_N3.16,960.0,27.16,17.0,1,196.56
p1_E3_W3.64,922.0,22.28,9.0,1,282.22
p1_W1_E1.154,924.0,19.24,6.0,1,274.35
p1_E3_W3.65,936.0,8.24,0.0,0,243.24
p1_W3_E3.155,930.0,15.56,0.0,0,277.94
p1_N3_W1.15,903.0,39.82,20.0,2,329.1
p1_W_E.154,924.0,11.04,0.0,0,252.22
p1_W3_E3.151,906.0,30.16,16.0,1,298.11
p1_W3_E3.156,936.0,11.34,0.0,0,255.28
p1_N2_S2.46,920.0,29.04,15.0,1,301.26
p1_W2_S2.15,903.0,45.16,23.0,2,345.72
p1_W3_E3.153,918.0,31.88,12.0,1,317.21
p1_W1_E1.157,942.0,8.18,0.0,0,239.86
p1_W1_E1.156,936.0,8.66,0.0,0,252.23
p1_W3_E3.157,942.0,8.19,0.0,0,240.86
p1_W3_E3.152,912.0,30.82,16.0,1,301.2
p1_E1_W1.64,922.0,19.57,7.0,1,281.26
p1_W3_E3.154,924.0,28.72,8.0,1,304.05
p1_W1_E1.155,930.0,20.02,1.0,1,280.7
p1_E2_N2.15,900.0,37.87,17.0,2,332.46
p1_S2_N2.46,920.0,33.72,15.0,1,323.26
p1_W3_E3.158,948.0,7.31,0.0,0,241.11
p1_W1_E1.158,948.0,8.37,0.0,0,245.47
p1_N2_S2.47,940.0,8.29,0.0,0,243.47
p1_N2_S2.45,900.0,40.5,26.0,1,309.54
p1_W1_E1.153,918.0,21.8,8.0,1,280.19
p1_S2_N2.47,940.0,18.03,0.0,0,294.69
p1_E1_W1.66,951.0,7.54,0.0,0,246.51
p1_W1_E1.159,954.0,7.9,0.0,0,242.1
p1_W3_E3.159,954.0,7.88,0.0,0,234.08
p1_W_E.157,942.0,25.2,11.0,1,289.33
p1_E_W.66,951.0,16.09,3.0,1,264.59
p1_E3_W3.66,951.0,8.85,0.0,0,248.11
p1_E_W.65,936.0,32.53,17.0,1,303.13
p1_N2_W2.15,903.0,59.3,33.0,2,362.37
p1_S1_N1.48,960.0,11.18,0.0,0,263.12
p1_N1_S1.47,940.0,32.09,18.0,1,299.96
p1_S1_N1.47,940.0,32.55,19.0,1,310.72
p1_N3_S3.47,940.0,32.05,18.0,1,292.06
p1_E3_N1.14,840.0,89.92,54.0,3,542.95
p1_N1_W3.16,963.0,10.33,0.0,0,254.6
p1_E_W.67,965.0,7.86,0.0,0,237.51
p1_W_E.158,948.0,25.95,7.0,1,297.75
p1_S3_N3.47,940.0,34.25,17.0,1,313.6
p1_W_E.161,966.0,9.92,0.0,0,246.56
p1_W_E.152,912.0,31.91,16.0,1,296.4
p1_S3_N3.48,960.0,8.8,0.0,0,240.85
p1_N3_S3.48,960.0,8.9,0.0,0,243.59
p1_W_E.162,972.0,7.86,0.0,0,239.15
p1_W_E.156,936.0,27.1,14.0,1,286.91
p1_W_E.159,954.0,11.24,0.0,0,254.53
p1_S3_E3.17,1023.0,7.06,0.0,0,160.22
p1_E_W.68,980.0,7.74,0.0,0,239.87
p1_S3_N3.46,920.0,38.86,23.0,1,302.6
p1_E3_N1.15,900.0,46.73,22.0,3,451.88
p1_W3_E3.161,966.0,23.76,10.0,1,290.92
p1_W_E.163,978.0,8.12,0.0,0,244.67
p1_S1_E1.14,843.0,100.9,62.0,5,553.27
p1_E1_W1.68,980.0,11.42,0.0,0,264.53
p1_W1_E1.161,966.0,23.46,11.0,1,292.65
p1_W1_E1.162,972.0,21.22,6.0,1,293.22
p1_W3_E3.160,960.0,28.19,14.0,1,282.42
p1_N3_W1.16,963.0,24.9,10.0,1,288.1
p1_E3_W3.68,980.0,14.13,0.0,0,265.78
p1_S2_N2.49,980.0,14.47,1.0,1,263.77
p1_E1_N3.17,1020.0,14.89,4.0,1,182.04
p1_E1_W1.67,965.0,25.8,12.0,1,299.25
p1_W1_E1.163,978.0,16.77,1.0,1,284.72
p1_E2_N2.16,960.0,36.48,20.0,1,318.53
p1_E3_W3.67,965.0,23.0,9.0,1,283.44
p1_W3_S3.16,963.0,30.56,13.0,1,303.78
p1_N2_S2.49,980.0,17.21,2.0,1,275.59
p1_S1_E1.15,903.0,31.35,4.0,2,415.46
p1_W1_E1.165,990.0,7.87,0.0,0,238.05
p1_W3_E3.165,990.0,8.04,0.0,0,240.75
p1_W1_E1.160,960.0,39.57,17.0,1,324.02
p1_N2_S2.48,960.0,39.14,21.0,1,342.83
p1_W3_E3.162,972.0,27.09,6.0,2,311.03
p1_W2_S2.16,963.0,20.26,0.0,0,296.38
p1_W1_E1.164,984.0,8.72,0.0,0,244.33
p1_W3_E3.164,984.0,17.17,0.0,0,281.04
p1_W3_E3.163,978.0,23.65,2.0,1,308.18
p1_E3_W3.69,994.0,8.2,0.0,0,228.03
p1_W1_E1.166,996.0,7.39,0.0,0,240.23
p1_W3_E3.166,996.0,7.7,0.0,0,237.36
p1_S2_N2.48,960.0,31.22,18.0,1,299.68
p1_W1_E1.167,1002.0,8.37,0.0,0,233.9
p1_N2_W2.16,963.0,50.79,28.0,3,363.41
p1_W_E.164,984.0,29.5,16.0,1,288.96
p1_E_W.69,994.0,19.49,5.0,1,280.22
p1_E_W.70,1008.0,8.27,0.0,0,239.58
p1_E1_W1.69,994.0,9.47,0.0,0,249.07
p1_N3_S3.49,980.0,38.04,25.0,1,303.84
p1_N1_S1.50,1000.0,17.66,5.0,1,270.88
p1_S3_N3.50,1000.0,17.83,5.0,1,268.02
p1_W_E.168,1008.0,10.9,0.0,0,263.73
p1_N1_S1.49,980.0,39.87,24.0,1,322.69
p1_S3_N3.49,980.0,36.73,22.0,1,300.79
p1_W_E.169,1014.0,7.57,0.0,0,239.35
p1_W1_S1.16,963.0,58.67,37.0,2,365.29
p1_W_E.160,960.0,32.08,19.0,1,302.66
p1_W_E.167,1002.0,22.41,0.0,0,281.97
p1_W_E.166,996.0,23.18,3.0,1,280.47
p1_S1_N1.50,1000.0,15.05,3.0,1,273.38
p1_S1_N1.49,980.0,35.42,21.0,1,296.16
p1_W_E.165,990.0,19.1,5.0,1,276.55
p1_N1_S1.48,960.0,37.53,21.0,1,304.18
p1_N1_S1.51,1020.0,7.84,0.0,0,246.88
p1_S1_N1.51,1020.0,7.94,0.0,0,246.08
p1_N3_S3.51,1020.0,8.31,0.0,0,241.11
p1_S3_N3.51,1020.0,7.82,0.0,0,239.64
p1_N3_S3.50,1000.0,14.34,0.0,0,271.37
p1_W_E.170,1020.0,8.62,0.0,0,252.15
p1_N1_W3.17,1023.0,8.56,0.0,0,253.48
p1_W_E.171,1026.0,7.8,0.0,0,246.93
p1_E1_W1.71,1023.0,11.84,0.0,0,275.26
p1_E3_W3.70,1008.0,27.64,16.0,1,293.87
p1_W1_E1.169,1014.0,21.95,9.0,1,284.53
p1_W3_E3.169,1014.0,22.08,9.0,1,285.35
p1_E_W.71,1023.0,8.15,0.0,0,237.89
p1_W1_E1.171,1026.0,11.65,0.0,0,269.11
p1_W3_E3.171,1026.0,11.78,0.0,0,259.01
p1_W1_E1.168,1008.0,31.58,14.0,1,304.42
p1_E3_W3.71,1023.0,16.0,0.0,0,285.67
p1_S1_E1.16,963.0,23.72,5.0,1,376.02
p1_S2_E2.16,963.0,78.06,48.0,4,399.06
p1_W3_E3.167,1002.0,29.31,17.0,1,285.69
p1_N2_S2.51,1020.0,21.31,8.0,1,280.3
p1_E2_N2.17,1020.0,21.49,7.0,1,291.82
p1_N2_S2.50,1000.0,40.59,27.0,1,315.72
p1_S2_N2.50,1000.0,39.95,27.0,1,307.81
p1_W2_S2.17,1023.0,20.14,3.0,1,284.43
p1_W1_E1.170,1020.0,16.82,2.0,1,270.89
p1_W1_E1.172,1032.0,8.76,0.0,0,239.95
p1_E3_W3.72,1037.0,7.88,0.0,0,245.81
p1_E1_W1.70,1008.0,24.84,10.0,1,288.19
p1_W3_E3.168,1008.0,25.21,12.0,1,278.91
p1_W1_E1.173,1038.0,7.98,0.0,0,234.52
p1_W3_E3.170,1020.0,15.61,1.0,1,272.69
p1_E1_N3.18,1083.0,7.91,0.0,0,164.38
p1_W3_E3.173,1038.0,9.5,0.0,0,253.15
p1_S2_N2.51,1020.0,17.66,4.0,1,271.36
p1_W3_S3.17,1023.0,18.22,0.0,0,293.8
p1_E1_W1.72,1037.0,7.77,0.0,0,244.27
p1_N2_S2.52,1040.0,8.18,0.0,0,243.85
p1_W3_E3.172,1032.0,8.73,0.0,0,239.28
p1_W1_E1.174,1044.0,8.11,0.0,0,237.68
p1_W3_E3.174,1044.0,8.18,0.0,0,234.91
p1_W1_E1.175,1050.0,8.11,0.0,0,244.1
p1_W3_E3.175,1050.0,8.31,0.0,0,242.87
p1_N2_W2.17,1023.0,36.31,14.0,2,333.0
p1_W_E.173,1038.0,20.75,8.0,1,283.48
p1_E_W.73,1052.0,7.85,0.0,0,254.77
p1_W_E.175,1050.0,10.79,0.0,0,268.15
p1_E_W.72,1037.0,22.37,8.0,1,288.38
p1_S2_E2.17,1023.0,29.73,10.0,2,315.58
p1_W_E.174,1044.0,18.73,4.0,1,288.72
p1_N1_S1.52,1040.0,24.03,10.0,1,282.51
p1_N3_S3.52,1040.0,23.94,11.0,1,293.81
p1_S3_N3.52,1040.0,23.86,10.0,1,281.86
p1_W_E.176,1056.0,8.58,0.0,0,242.47
p1_W_E.172,1032.0,32.74,12.0,1,328.71
p1_S1_N1.52,1040.0,24.73,10.0,1,281.96
p1_S3_E3.18,1083.0,27.65,15.0,1,202.82
p1_N1_S1.53,1060.0,8.77,0.0,0,241.47
p1_E3_N1.16,960.0,49.09,27.0,2,432.78
p1_S3_N3.53,1060.0,8.16,0.0,0,241.74
p1_W_E.177,1062.0,7.92,0.0,0,242.14
p1_W1_S1.17,1023.0,34.51,16.0,1,313.72
p1_E_W.74,1066.0,8.14,0.0,0,241.7
p1_E1_W1.73,1052.0,30.25,15.0,1,305.83
p1_W3_E3.176,1056.0,26.24,13.0,1,292.24
p1_E3_W3.74,1066.0,15.86,1.0,1,265.67
p1_W1_E1.177,1062.0,20.09,5.0,1,267.29
p1_W3_E3.177,1062.0,22.19,7.0,1,292.87
p1_W1_E1.179,1074.0,10.45,0.0,0,247.52
p1_W1_E1.178,1068.0,18.54,1.0,1,278.8
p1_W3_E3.178,1068.0,20.24,2.0,1,297.76
p1_W3_E3.180,1080.0,7.72,0.0,0,244.95
p1_E3_W3.75,1080.0,8.49,0.0,0,227.24
p1_E1_W1.75,1080.0,8.86,0.0,0,234.99
p1_N3_W1.17,1023.0,52.17,32.0,2,328.56
p1_S2_N2.52,1040.0,40.88,27.0,1,315.23
p1_S2_N2.54,1080.0,7.64,0.0,0,235.43
p1_N2_S2.53,1060.0,25.92,11.0,1,278.72
p1_W1_E1.180,1080.0,8.22,0.0,0,248.3
p1_W1_E1.176,1056.0,22.93,8.0,1,285.86
p1_N2_S2.54,1080.0,8.52,0.0,0,236.95
p1_W1_E1.181,1086.0,7.98,0.0,0,248.8
p1_E3_W3.73,1052.0,25.79,12.0,1,291.28
p1_E1_W1.74,1066.0,10.11,0.0,0,251.1
p1_W1_E1.182,1092.0,7.67,0.0,0,239.92
p1_W3_E3.182,1092.0,7.72,0.0,0,238.9
p1_W_E.180,1080.0,24.45,12.0,1,279.8
p1_W3_E3.181,1086.0,10.87,0.0,0,257.54
p1_E1_W1.76,1095.0,8.37,0.0,0,236.25
p1_E_W.76,1095.0,10.03,0.0,0,260.81
p1_N2_W2.18,1083.0,23.03,8.0,1,294.71
p1_E3_W3.76,1095.0,7.81,0.0,0,247.22
p1_E1_N3.19,1141.0,7.29,0.0,0,160.84
p1_W3_E3.179,1074.0,9.89,0.0,0,256.43
p1_E_W.75,1080.0,26.99,11.0,1,290.62
p1_S3_N3.55,1100.0,8.57,0.0,0,243.13
p1_W_E.178,1068.0,30.21,16.0,1,296.75
p1_S1_N1.54,1080.0,29.39,17.0,1,295.34
p1_N3_S3.54,1080.0,29.2,16.0,1,286.18
p1_W_E.179,1074.0,30.08,15.0,1,296.54
p1_S3_N3.54,1080.0,30.71,17.0,1,296.17
p1_W_E.183,1098.0,13.42,0.0,0,274.0
p1_S1_N1.55,1100.0,11.56,0.0,0,278.82
p1_N1_W3.18,1083.0,29.02,13.0,1,313.74
p1_N1_S1.55,1100.0,11.92,0.0,0,272.68
p1_W_E.184,1104.0,9.34,0.0,0,254.23
p1_E3_N1.17,1020.0,45.74,22.0,2,449.54
p1_N1_S1.54,1080.0,33.72,16.0,1,315.05
p1_W1_S1.18,1083.0,31.12,14.0,1,331.01
p1_S1_N1.53,1060.0,41.27,26.0,1,308.23
p1_N3_S3.53,1060.0,41.09,27.0,1,304.54
p1_W_E.182,1092.0,23.14,1.0,1,296.55
p1_W_E.181,1086.0,17.55,3.0,1,281.01
p1_S3_E3.19,1143.0,9.04,0.0,0,161.75
p1_E_W.77,1109.0,7.88,0.0,0,247.9
p1_W_E.186,1116.0,7.19,0.0,0,242.32
p1_E3_W3.77,1109.0,18.95,6.0,1,267.77
p1_W_E.185,1110.0,9.19,0.0,0,247.29
p1_W3_E3.186,1116.0,14.17,0.0,0,278.54
p1_S2_E2.18,1082.0,50.59,29.0,3,357.44
p1_W3_E3.185,1110.0,21.94,6.0,1,281.28
p1_N2_S2.56,1120.0,11.77,0.0,0,260.06
p1_E1_W1.78,1124.0,8.26,0.0,0,242.66
p1_E2_N2.18,1083.0,50.86,30.0,2,346.4
p1_N2_S2.55,1100.0,33.37,19.0,1,300.93
p1_W2_S2.18,1083.0,50.88,29.0,2,359.45
p1_W1_E1.184,1104.0,22.79,8.0,1,276.41
p1_S2_N2.56,1120.0,15.67,0.0,0,284.06
p1_W1_E1.187,1122.0,13.63,0.0,0,265.15
p1_S2_N2.55,1100.0,37.2,21.0,1,320.37
p1_W1_E1.188,1128.0,9.5,0.0,0,259.84
p1_S1_E1.17,1023.0,44.56,22.0,1,431.6
p1_W1_E1.183,1098.0,27.14,12.0,1,304.73
p1_W3_E3.184,1104.0,32.48,8.0,1,311.28
p1_W1_E1.185,1110.0,18.4,2.0,1,285.59
p1_W1_E1.189,1134.0,8.26,0.0,0,242.65
p1_S2_N2.53,1060.0,48.92,31.0,2,341.0
p1_W3_E3.183,1098.0,25.28,11.0,1,292.89
p1_E1_W1.77,1109.0,14.25,0.0,0,269.05
p1_W3_E3.187,1122.0,10.0,0.0,0,249.56
p1_W3_S3.18,1083.0,32.92,16.0,1,309.42
p1_W3_E3.188,1128.0,18.54,0.0,0,260.52
p1_E3_W3.79,1138.0,8.32,0.0,0,247.12
p1_W3_E3.189,1134.0,13.56,0.0,0,263.63
p1_W1_E1.190,1140.0,8.05,0.0,0,243.41
p1_W3_E3.190,1140.0,7.86,0.0,0,235.79
p1_E1_W1.79,1138.0,8.11,0.0,0,243.8
p1_N3_W1.18,1083.0,26.12,7.0,2,299.04
p1_W_E.187,1122.0,29.0,16.0,1,281.79
p1_W_E.188,1128.0,23.1,10.0,1,273.32
p1_E_W.79,1138.0,12.95,1.0,1,270.79
p1_W3_S3.19,1143.0,9.1,0.0,0,255.87
p1_W1_E1.186,1116.0,9.61,0.0,0,251.95
p1_E3_W3.78,1124.0,9.46,0.0,0,248.71
p1_W_E.191,1146.0,9.09,0.0,0,249.02
p1_S3_N3.56,1120.0,36.25,22.0,1,299.62
p1_S1_N1.57,1140.0,16.33,2.0,1,272.49
p1_N1_W3.19,1143.0,13.57,0.0,0,279.08
p1_N1_S1.56,1120.0,35.27,22.0,1,300.23
p1_N3_S3.56,1120.0,35.7,22.0,1,305.33
p1_W_E.190,1140.0,11.02,0.0,0,264.56
p1_E3_N1.18,1083.0,25.71,7.0,1,386.71
p1_W_E.192,1152.0,8.13,0.0,0,250.37
p1_E_W.80,1152.0,7.74,0.0,0,238.78
p1_N3_S3.55,1100.0,40.95,26.0,1,307.32
p1_N3_S3.57,1140.0,14.08,2.0,1,263.45
p1_S3_N3.57,1140.0,13.75,0.0,0,264.39
p1_S1_N1.56,1120.0,32.85,19.0,1,302.48
p1_S3_N3.58,1160.0,7.89,0.0,0,241.8
p1_N1_S1.58,1160.0,7.77,0.0,0,241.55
p1_W_E.194,1164.0,8.32,0.0,0,247.5
p1_W_E.189,1134.0,14.03,0.0,0,253.12
p1_W1_E1.191,1146.0,28.19,14.0,1,296.01
p1_W_E.193,1158.0,9.59,0.0,0,254.7
p1_S3_E3.20,1203.0,7.83,0.0,0,151.72
p1_N1_S1.57,1140.0,13.9,0.0,0,276.15
p1_E3_W3.80,1152.0,22.71,8.0,1,277.15
p1_W1_E1.193,1158.0,17.38,4.0,1,265.67
p1_E1_W1.81,1167.0,8.48,0.0,0,255.84
p1_W1_E1.192,1152.0,24.0,10.0,1,285.91
p1_W3_E3.192,1152.0,22.12,9.0,1,282.43
p1_E1_N3.20,1200.0,13.04,3.0,1,176.94
p1_E1_W1.80,1152.0,25.36,7.0,1,300.83
p1_W1_E1.194,1164.0,13.58,0.0,0,255.37
p1_N2_S2.57,1140.0,38.42,25.0,1,300.73
p1_N3_W1.19,1143.0,28.11,11.0,1,304.83
p1_E_W.78,1124.0,19.5,3.0,1,282.0
p1_W2_S2.19,1143.0,37.6,12.0,1,329.89
p1_E2_N2.19,1141.0,35.7,11.0,1,311.94
p1_W3_E3.194,1164.0,9.96,0.0,0,253.82
p1_W3_E3.195,1170.0,11.73,0.0,0,259.64
p1_S2_N2.57,1140.0,39.36,25.0,1,306.57
p1_E3_W3.81,1167.0,8.06,0.0,0,242.42
p1_W3_E3.191,1146.0,24.81,10.0,1,276.72
p1_W3_E3.193,1158.0,25.79,5.0,1,298.34
p1_W1_E1.195,1170.0,8.73,0.0,0,237.94
p1_W3_E3.196,1176.0,8.21,0.0,0,243.96
p1_N2_S2.59,1180.0,7.92,0.0,0,242.65
p1_W1_E1.196,1176.0,8.71,0.0,0,240.45
p1_S2_N2.59,1180.0,8.35,0.0,0,244.9
p1_E1_W1.82,1181.0,8.06,0.0,0,242.0
p1_E3_W3.82,1181.0,8.2,0.0,0,238.3
p1_W1_E1.197,1182.0,7.88,0.0,0,237.97
p1_S2_N2.58,1160.0,17.99,4.0,1,277.78
p1_E_W.82,1181.0,15.32,1.0,1,259.37
p1_W_E.195,1170.0,26.66,13.0,1,291.33
p1_S2_E2.19,1143.0,54.21,31.0,3,354.62
p1_E_W.81,1167.0,30.57,16.0,1,295.7
p1_N2_W2.19,1143.0,44.39,20.0,3,339.91
p1_S1_N1.59,1180.0,21.95,9.0,1,280.79
p1_N3_S3.59,1180.0,22.52,8.0,1,271.46
p1_S3_N3.59,1180.0,21.93,7.0,1,289.33
p1_W_E.197,1182.0,15.19,1.0,1,267.69
p1_E3_N1.19,1141.0,19.08,1.0,1,359.92
p1_W_E.199,1194.0,9.11,0.0,0,243.94
p1_W_E.196,1176.0,18.49,5.0,1,270.07
p1_W1_S1.19,1143.0,55.37,36.0,2,348.69
p1_S1_N1.58,1160.0,42.24,29.0,1,317.53
p1_W_E.198,1188.0,15.39,0.0,0,266.99
p1_N3_S3.58,1160.0,40.22,26.0,1,309.7
p1_N1_S1.60,1200.0,8.55,0.0,0,240.32
p1_S1_N1.60,1200.0,7.97,0.0,0,246.08
p1_E_W.83,1196.0,7.6,0.0,0,243.35
p1_W_E.200,1200.0,8.53,0.0,0,243.0
p1_N1_W3.20,1203.0,8.36,0.0,0,257.11
p1_N1_S1.59,1180.0,18.22,3.0,1,272.22
p1_W_E.201,1206.0,7.53,0.0,0,243.83
p1_N3_S3.60,1200.0,8.45,0.0,0,243.07
p1_E_W.84,1210.0,7.64,0.0,0,237.48
p1_W_E.202,1212.0,7.28,0.0,0,240.71
p1_E3_W3.83,1196.0,23.78,10.0,1,276.34
p1_W1_E1.198,1188.0,30.84,19.0,1,299.44
p1_E1_W1.83,1196.0,23.13,9.0,1,285.14
p1_N3_W1.20,1203.0,15.64,1.0,1,293.63
p1_E3_W3.84,1210.0,12.41,0.0,0,269.77
p1_S1_E1.19,1143.0,33.67,7.0,2,432.63
p1_W1_E1.199,1194.0,29.93,13.0,1,304.26
p1_E1_W1.84,1210.0,13.96,0.0,0,273.0
p1_S2_N2.60,1200.0,24.96,11.0,1,285.6
p1_W1_E1.202,1212.0,12.45,0.0,0,264.23
p1_W3_E3.197,1182.0,31.93,18.0,1,288.95
p1_W3_S3.20,1203.0,24.9,2.0,1,301.9
p1_E1_N3.21,1260.0,7.14,0.0,0,164.6
p1_W3_E3.199,1194.0,27.37,10.0,1,293.73
p1_W1_E1.200,1200.0,27.99,6.0,1,300.63
p1_W2_S2.20,1203.0,20.47,4.0,1,289.88
p1_W3_E3.198,1188.0,30.79,16.0,1,289.97
p1_W3_E3.202,1212.0,17.45,0.0,0,305.57
p1_N2_S2.61,1220.0,8.18,0.0,0,243.25
p1_W1_E1.201,1206.0,24.11,3.0,1,298.27
p1_W3_E3.200,1200.0,30.97,9.0,1,308.01
p1_W3_E3.201,1206.0,24.21,2.0,1,310.51
p1_N2_S2.58,1160.0,47.43,28.0,1,328.92
p1_W3_E3.204,1224.0,9.08,0.0,0,267.17
p1_E3_W3.85,1224.0,8.57,0.0,0,239.03
p1_W1_E1.204,1224.0,8.4,0.0,0,250.54
p1_N2_S2.60,1200.0,25.17,9.0,1,307.21
p1_S1_E1.18,1083.0,66.03,40.0,3,473.16
p1_W3_E3.205,1230.0,7.97,0.0,0,239.3
p1_E1_W1.85,1224.0,8.56,0.0,0,234.87
p1_W1_E1.203,1218.0,9.05,0.0,0,253.81
p1_W3_E3.203,1218.0,9.62,0.0,0,246.03
p1_E2_N2.20,1200.0,42.94,21.0,3,345.1
p1_W1_E1.205,1230.0,8.23,0.0,0,242.78
p1_N2_W2.20,1203.0,33.47,12.0,2,325.07
p1_S2_E2.20,1203.0,32.33,12.0,2,325.3
p1_S1_N1.61,1220.0,27.57,13.0,1,289.16
p1_E_W.86,1239.0,8.04,0.0,0,243.2
p1_W1_S1.20,1203.0,45.6,26.0,2,332.85
p1_N1_S1.62,1240.0,7.74,0.0,0,232.0
p1_N3_S3.62,1240.0,8.39,0.0,0,238.73
p1_N1_S1.61,1220.0,29.37,15.0,1,299.8
p1_W_E.206,1236.0,13.0,0.0,0,259.42
p1_S3_N3.62,1240.0,8.5,0.0,0,234.89
p1_N3_S3.61,1220.0,27.48,14.0,1,283.96
p1_E_W.85,1224.0,17.15,3.0,1,264.12
p1_S1_N1.62,1240.0,8.25,0.0,0,249.61
p1_S3_N3.61,1220.0,29.23,14.0,1,301.6
p1_W_E.204,1224.0,16.38,2.0,1,272.84
p1_S3_E3.21,1263.0,28.68,17.0,1,200.32
p1_W_E.207,1242.0,8.09,0.0,0,246.68
p1_W_E.203,1218.0,20.54,8.0,1,287.19
p1_W_E.208,1248.0,8.15,0.0,0,242.69
p1_S3_N3.60,1200.0,40.74,27.0,1,294.84
p1_W_E.205,1230.0,13.27,0.0,0,259.92
p1_E_W.87,1253.0,7.5,0.0,0,242.58
p1_W_E.209,1254.0,8.18,0.0,0,231.17
p1_W1_E1.207,1242.0,24.09,11.0,1,288.38
p1_E1_W1.87,1253.0,12.98,0.0,0,274.28
p1_E3_W3.87,1253.0,11.68,0.0,0,264.65
p1_E1_W1.86,1239.0,28.12,15.0,1,302.68
p1_W1_E1.209,1254.0,14.68,0.0,0,269.52
p1_S2_N2.63,1260.0,9.37,0.0,0,264.8
p1_W1_E1.210,1260.0,10.05,0.0,0,261.75
p1_N2_S2.63,1260.0,7.99,0.0,0,236.5
p1_N2_S2.62,1240.0,31.65,16.0,1,299.49
p1_W1_E1.208,1248.0,24.14,6.0,1,290.16
p1_W3_E3.206,1236.0,27.41,13.0,1,285.76
p1_E3_W3.86,1239.0,25.04,10.0,1,273.04
p1_W1_E1.211,1266.0,7.79,0.0,0,240.97
p1_W3_E3.208,1248.0,20.42,4.0,1,289.07
p1_W3_E3.210,1260.0,15.35,0.0,0,278.22
p1_W3_E3.207,1242.0,21.57,7.0,1,278.9
p1_W3_E3.211,1266.0,11.26,0.0,0,258.54
p1_E3_W3.88,1268.0,7.31,0.0,0,236.37
p1_W3_E3.209,1254.0,17.55,0.0,0,287.51
p1_E1_W1.88,1268.0,8.39,0.0,0,235.21
p1_W1_E1.212,1272.0,7.73,0.0,0,241.48
p1_W3_E3.212,1272.0,8.09,0.0,0,247.4
p1_W1_E1.206,1236.0,24.74,11.0,1,288.7
p1_S2_N2.61,1220.0,40.36,26.0,1,312.5
p1_W3_S3.21,1263.0,10.04,0.0,0,254.9
p1_E1_N3.22,1320.0,7.48,0.0,0,161.89
p1_W3_E3.213,1278.0,7.91,0.0,0,245.62
p1_E_W.89,1282.0,8.45,0.0,0,255.96
p1_W_E.212,1272.0,19.04,4.0,1,270.31
p1_E_W.88,1268.0,24.48,7.0,1,291.59
p1_S2_E2.21,1263.0,16.89,0.0,0,268.79
p1_N2_W2.21,1263.0,19.23,3.0,1,277.79
p1_S1_N1.64,1280.0,13.27,0.0,0,260.79
p1_W_E.214,1284.0,8.78,0.0,0,244.96
p1_N3_S3.63,1260.0,34.03,20.0,1,309.96
p1_W1_S1.21,1263.0,31.8,15.0,1,305.54
p1_W_E.211,1266.0,28.02,10.0,1,300.7
p1_N3_S3.64,1280.0,13.68,1.0,1,284.09
p1_E3_N1.20,1200.0,51.91,26.0,2,458.51
p1_N1_S1.64,1280.0,17.09,3.0,1,276.52
p1_S3_E3.22,1323.0,16.68,5.0,1,175.22
p1_N1_W3.21,1263.0,33.62,15.0,1,310.67
p1_S1_E1.20,1203.0,38.55,18.0,1,444.49
p1_N1_S1.63,1260.0,33.62,19.0,1,304.57
p1_W_E.215,1290.0,11.26,0.0,0,247.03
p1_S3_N3.63,1260.0,33.18,17.0,1,316.91
p1_W_E.216,1296.0,7.9,0.0,0,232.04
p1_W_E.213,1278.0,12.67,0.0,0,256.72
p1_S3_N3.64,1280.0,12.14,0.0,0,262.06
p1_W_E.210,1260.0,23.3,8.0,1,283.75
p1_W3_E3.215,1290.0,21.41,7.0,1,279.05
p1_S1_N1.63,1260.0,28.22,15.0,1,284.23
p1_E3_W3.89,1282.0,30.26,17.0,1,298.63
p1_W1_E1.215,1290.0,22.22,8.0,1,280.12
p1_N3_W1.21,1263.0,49.02,27.0,2,332.62
p1_W3_E3.214,1284.0,30.64,15.0,1,306.28
p1_E1_W1.90,1296.0,14.76,1.0,1,264.22
p1_W1_E1.213,1278.0,31.0,19.0,1,301.54
p1_W3_E3.217,1302.0,13.94,0.0,0,288.74
p1_S2_N2.65,1300.0,16.87,3.0,1,273.86
p1_W1_E1.217,1302.0,10.29,0.0,0,256.69
p1_W2_S2.21,1263.0,55.05,22.0,2,350.59
p1_W1_E1.214,1284.0,34.16,15.0,1,319.93
p1_W3_E3.216,1296.0,21.78,4.0,1,299.09
p1_E1_W1.89,1282.0,28.23,14.0,1,297.59
p1_E1_W1.91,1311.0,7.91,0.0,0,237.52
p1_N2_S2.64,1280.0,37.36,24.0,1,308.65
p1_W1_E1.218,1308.0,8.69,0.0,0,244.88
p1_E3_W3.91,1311.0,7.7,0.0,0,247.09
p1_E3_W3.90,1296.0,13.06,0.0,0,269.0
p1_W1_E1.216,1296.0,15.66,2.0,1,272.59
p1_W1_E1.219,1314.0,8.14,0.0,0,245.07
p1_S2_N2.64,1280.0,34.7,20.0,1,303.26
p1_W3_E3.218,1308.0,9.05,0.0,0,241.7
p1_S2_N2.62,1240.0,54.19,34.0,2,341.51
p1_W3_E3.220,1320.0,8.17,0.0,0,246.27
p1_S2_N2.66,1320.0,8.43,0.0,0,241.22
p1_N2_S2.66,1320.0,8.93,0.0,0,245.3
p1_N2_S2.65,1300.0,10.13,0.0,0,263.55
p1_E3_W3.92,1325.0,7.56,0.0,0,242.82
p1_E1_W1.92,1325.0,7.93,0.0,0,238.27
p1_E_W.92,1325.0,8.21,0.0,0,237.39
p1_W1_E1.220,1320.0,7.7,0.0,0,236.83
p1_W3_E3.219,1314.0,8.78,0.0,0,247.0
p1_W3_S3.22,1323.0,10.34,0.0,0,251.1
p1_E2_N2.21,1260.0,76.41,50.0,4,397.8
p1_W_E.217,1302.0,29.91,17.0,1,290.15
p1_S1_N1.65,1300.0,39.96,27.0,1,305.63
p1_S3_N3.65,1300.0,40.02,26.0,1,311.2
p1_N3_S3.66,1320.0,20.03,6.0,1,276.95
p1_S3_N3.66,1320.0,20.35,5.0,1,274.64
p1_W1_S1.22,1323.0,17.05,0.0,0,287.25
p1_N3_S3.65,1300.0,39.45,25.0,1,307.74
p1_N1_S1.66,1320.0,21.93,5.0,1,300.86
p1_E_W.90,1296.0,31.72,17.0,1,293.2
p1_E_W.91,1311.0,22.27,8.0,1,281.91
p1_W_E.218,1308.0,23.52,11.0,1,282.77
p1_W_E.220,1320.0,22.63,1.0,1,303.85
p1_W_E.219,1314.0,18.03,2.0,1,267.63
p1_S1_N1.66,1320.0,17.59,4.0,1,275.93
p1_S1_N1.67,1340.0,8.11,0.0,0,251.49
p1_N3_S3.67,1340.0,7.96,0.0,0,242.61
p1_W_E.221,1326.0,16.7,0.0,0,280.37
p1_N1_S1.67,1340.0,9.0,0.0,0,256.01
p1_N1_S1.65,1300.0,48.9,26.0,1,353.23
p1_N1_W3.22,1323.0,18.75,3.0,1,274.58
p1_W_E.223,1338.0,12.35,0.0,0,256.41
p1_W_E.222,1332.0,8.45,0.0,0,245.69
p1_W_E.224,1344.0,8.13,0.0,0,250.52
p1_S3_E3.23,1383.0,8.06,0.0,0,160.02
p1_S3_N3.67,1340.0,7.79,0.0,0,239.26
p1_E3_W3.93,1340.0,17.43,5.0,1,272.42
p1_E1_N3.23,1380.0,21.15,9.0,1,189.19
p1_N3_W1.22,1323.0,35.23,17.0,2,323.55
p1_E_W.93,1340.0,8.69,0.0,0,243.15
p1_E1_W1.93,1340.0,20.4,4.0,1,290.25
p1_W1_E1.221,1326.0,31.57,17.0,1,295.1
p1_W1_E1.223,1338.0,23.67,8.0,1,293.69
p1_E1_W1.94,1354.0,8.19,0.0,0,242.3
p1_E3_W3.94,1354.0,8.11,0.0,0,241.47
p1_N2_S2.67,1340.0,22.84,9.0,1,281.96
p1_E2_N2.22,1320.0,44.35,21.0,2,339.8
p1_W1_E1.226,1356.0,7.91,0.0,0,240.99
p1_W1_E1.222,1332.0,23.77,8.0,1,279.88
p1_E3_N1.21,1260.0,46.34,20.0,2,462.57
p1_W3_E3.221,1326.0,28.69,16.0,1,283.12
p1_W1_E1.224,1344.0,22.23,1.0,1,282.95
p1_W3_E3.223,1338.0,20.68,5.0,1,282.75
p1_S2_N2.67,1340.0,21.14,8.0,1,287.38
p1_S2_N2.68,1360.0,7.93,0.0,0,250.44
p1_W3_E3.224,1344.0,20.51,1.0,1,290.67
p1_W1_E1.225,1350.0,9.42,0.0,0,252.13
p1_W1_E1.227,1362.0,7.71,0.0,0,244.21
p1_W3_E3.225,1350.0,9.45,0.0,0,252.0
p1_W3_E3.227,1362.0,11.27,0.0,0,246.68
p1_W3_E3.222,1332.0,21.45,6.0,1,287.71
p1_W3_E3.228,1368.0,8.0,0.0,0,237.96
p1_E3_W3.95,1368.0,8.18,0.0,0,242.11
p1_W3_E3.226,1356.0,9.73,0.0,0,246.31
p1_E_W.95,1368.0,13.06,0.0,0,267.24
p1_W2_S2.22,1323.0,54.52,27.0,3,361.1
p1_S2_E2.22,1323.0,58.22,37.0,2,370.49
p1_N2_W2.22,1323.0,59.02,38.0,2,363.76
p1_E1_W1.95,1368.0,8.21,0.0,0,249.36
p1_W_E.226,1356.0,27.28,11.0,1,307.51
p1_E_W.94,1354.0,26.08,11.0,1,296.2
p1_W_E.225,1350.0,34.81,18.0,1,333.69
p1_S1_N1.68,1360.0,25.57,12.0,1,285.4
p1_W_E.228,1368.0,18.5,2.0,1,311.38
p1_S1_E1.21,1263.0,81.73,46.0,3,523.71
p1_W_E.227,1362.0,26.29,8.0,1,327.04
p1_S1_N1.69,1380.0,8.27,0.0,0,238.95
p1_S3_N3.69,1380.0,8.34,0.0,0,240.05
p1_N3_S3.69,1380.0,8.02,0.0,0,239.25
p1_N1_S1.68,1360.0,24.01,12.0,1,291.23
p1_S3_N3.68,1360.0,27.51,11.0,1,299.0
p1_N1_W3.23,1383.0,9.07,0.0,0,249.03
p1_E_W.96,1383.0,7.9,0.0,0,244.77
p1_N1_S1.69,1380.0,12.96,0.0,0,269.0
p1_W_E.231,1386.0,8.07,0.0,0,238.86
p1_W_E.229,1374.0,9.05,0.0,0,251.94
p1_N3_S3.68,1360.0,23.59,8.0,1,278.11
p1_W_E.230,1380.0,9.36,0.0,0,239.94
p1_W_E.232,1392.0,7.91,0.0,0,236.74
p1_W3_E3.230,1380.0,23.14,10.0,1,279.77
p1_N3_W1.23,1383.0,21.44,6.0,1,288.74
p1_W3_E3.229,1374.0,31.06,15.0,1,313.52
p1_W1_E1.231,1386.0,19.26,7.0,1,279.79
p1_W3_E3.231,1386.0,18.95,4.0,1,270.76
p1_E1_W1.97,1397.0,8.33,0.0,0,252.49
p1_E1_W1.96,1383.0,23.09,9.0,1,297.22
p1_E3_W3.97,1397.0,9.35,0.0,0,247.42
p1_W1_E1.233,1398.0,9.5,0.0,0,249.25
p1_W3_E3.233,1398.0,8.94,0.0,0,245.42
p1_W3_S3.23,1383.0,25.43,9.0,1,313.0
p1_E1_N3.24,1443.0,8.25,0.0,0,170.1
p1_N2_S2.69,1380.0,29.04,16.0,1,299.45
p1_S2_N2.69,1380.0,29.4,16.0,1,296.47
p1_E2_N2.23,1380.0,25.69,11.0,1,294.75
p1_W1_E1.228,1368.0,28.8,16.0,1,294.53
p1_W3_E3.234,1404.0,8.41,0.0,0,238.04
p1_W1_E1.229,1374.0,30.86,15.0,1,307.91
p1_N2_S2.70,1400.0,9.74,0.0,0,255.1
p1_W1_E1.230,1380.0,33.25,11.0,1,321.67
p1_W1_E1.232,1392.0,14.64,0.0,0,272.46
p1_S2_N2.70,1400.0,9.09,0.0,0,246.56
p1_W1_E1.234,1404.0,7.49,0.0,0,241.17
p1_W3_E3.235,1410.0,8.06,0.0,0,238.89
p1_E1_W1.98,1412.0,7.47,0.0,0,235.99
p1_E3_W3.98,1412.0,8.25,0.0,0,247.23
p1_W3_E3.232,1392.0,12.08,0.0,0,261.19
p1_W1_E1.235,1410.0,7.86,0.0,0,245.33
p1_E3_W3.96,1383.0,13.98,0.0,0,277.46
p1_W1_E1.236,1416.0,8.11,0.0,0,244.99
p1_W3_E3.236,1416.0,7.96,0.0,0,247.65
p1_W2_S2.23,1383.0,44.27,21.0,3,354.09
p1_S2_E2.23,1383.0,44.9,18.0,3,353.08
p1_N2_W2.23,1383.0,44.84,16.0,2,345.6
p1_W_E.234,1404.0,22.89,9.0,1,276.54
p1_E_W.98,1412.0,15.35,1.0,1,276.28
p1_W_E.236,1416.0,12.54,0.0,0,260.38
p1_E_W.97,1397.0,32.25,16.0,1,314.09
p1_N3_S3.70,1400.0,31.55,18.0,1,295.8
p1_W_E.237,1422.0,8.84,0.0,0,253.8
p1_S1_E1.22,1323.0,66.31,33.0,3,510.77
p1_W1_S1.23,1383.0,49.65,30.0,2,340.13
p1_W_E.235,1410.0,22.35,6.0,1,288.13
p1_S3_N3.71,1420.0,11.93,0.0,0,266.47
p1_S3_N3.70,1400.0,34.03,17.0,1,318.23
p1_S3_E3.24,1443.0,34.53,22.0,1,207.23
p1_N1_S1.70,1400.0,35.09,20.0,1,323.89
p1_N1_S1.71,1420.0,8.78,0.0,0,254.39
p1_W_E.238,1428.0,7.89,0.0,0,247.18
p1_W_E.233,1398.0,24.5,11.0,1,285.29
p1_N3_S3.71,1420.0,8.91,0.0,0,240.07
p1_S1_N1.71,1420.0,8.93,0.0,0,251.06
p1_W_E.239,1434.0,8.9,0.0,0,249.23
p1_E3_N1.22,1320.0,48.85,27.0,2,433.49
p1_S1_N1.70,1400.0,38.9,17.0,1,335.8
p1_E1_W1.100,1440.0,8.32,0.0,0,246.3
p1_E_W.100,1440.0,7.84,0.0,0,247.04
p1_E3_W3.100,1440.0,8.51,0.0,0,259.64
p1_E_W.99,1426.0,8.14,0.0,0,239.94
p1_W3_E3.238,1428.0,21.21,8.0,1,273.83
p1_W_E.240,1440.0,8.65,0.0,0,237.42
p1_W1_E1.237,1422.0,27.89,14.0,1,290.58
p1_E1_W1.99,1426.0,23.97,12.0,1,288.67
p1_E3_W3.99,1426.0,24.58,10.0,1,291.13
p1_W1_E1.238,1428.0,21.77,9.0,1,282.23
p1_W3_E3.237,1422.0,30.05,15.0,1,304.91
p1_W1_E1.239,1434.0,17.82,5.0,1,267.38
p1_W1_E1.240,1440.0,11.82,0.0,0,258.56
p1_W3_E3.240,1440.0,10.71,0.0,0,260.77
p1_W1_E1.241,1446.0,7.8,0.0,0,242.54
p1_W3_E3.241,1446.0,8.41,0.0,0,243.2
p1_N2_S2.71,1420.0,34.9,21.0,1,301.28
p1_S2_N2.71,1420.0,35.11,22.0,1,301.81
p1_S2_N2.72,1440.0,15.26,0.0,0,263.82
p1_W3_E3.239,1434.0,17.53,2.0,1,275.08
p1_W3_S3.24,1443.0,15.56,0.0,0,288.29
p1_N2_S2.72,1440.0,13.06,0.0,0,270.98
p1_W3_E3.242,1452.0,8.02,0.0,0,241.03
p1_E1_W1.101,1455.0,8.31,0.0,0,239.97
p1_N2_S2.68,1360.0,74.95,57.0,2,380.8
p1_E3_W3.101,1455.0,7.89,0.0,0,233.6
p1_W3_E3.243,1458.0,8.51,0.0,0,242.79
p1_S2_E2.24,1443.0,29.57,9.0,1,319.19
p1_N2_W2.24,1443.0,27.91,7.0,1,320.67
p1_W1_E1.242,1452.0,9.18,0.0,0,253.45
p1_W1_E1.243,1458.0,9.13,0.0,0,241.61
p1_E_W.102,1469.0,8.28,0.0,0,237.36
p1_E3_N1.23,1380.0,54.75,32.0,2,453.57
p1_W1_S1.24,1443.0,35.58,18.0,1,316.93
p1_N3_S3.73,1460.0,18.04,5.0,1,275.08
p1_W_E.242,1452.0,25.37,10.0,1,298.94
p1_S1_N1.73,1460.0,20.4,6.0,1,280.6
p1_W_E.244,1464.0,16.37,0.0,0,292.72
p1_S3_E3.25,1503.0,20.61,7.0,1,187.66
p1_S1_N1.72,1440.0,42.36,25.0,1,335.95
p1_N3_S3.72,1440.0,36.44,23.0,1,301.24
p1_S3_N3.72,1440.0,37.17,22.0,1,300.04
p1_N1_W3.24,1443.0,35.3,21.0,1,314.33
p1_W_E.243,1458.0,25.35,3.0,1,302.44
p1_N1_S1.73,1460.0,19.81,4.0,1,280.03
p1_N1_S1.72,1440.0,44.03,23.0,1,341.95
p1_E1_N3.25,1501.0,8.69,0.0,0,170.96
p1_S3_N3.73,1460.0,16.35,1.0,1,274.38
p1_W_E.245,1470.0,15.06,0.0,0,272.16
p1_W_E.241,1446.0,22.92,9.0,1,273.27
p1_W_E.246,1476.0,10.96,0.0,0,241.82
p1_S1_N1.74,1480.0,8.4,0.0,0,240.59
p1_W_E.247,1482.0,7.52,0.0,0,233.39
p1_E3_W3.103,1484.0,10.8,0.0,0,262.75
p1_W1_E1.245,1470.0,25.69,13.0,1,288.92
p1_E_W.103,1484.0,8.66,0.0,0,251.16
p1_W3_E3.244,1464.0,30.51,17.0,1,281.22
p1_W3_E3.246,1476.0,23.23,9.0,1,278.48
p1_S2_N2.74,1480.0,20.29,6.0,1,276.83
p1_E2_N2.24,1443.0,58.94,39.0,2,356.85
p1_W1_E1.246,1476.0,20.91,7.0,1,294.56
p1_N2_S2.74,1480.0,20.91,7.0,1,282.69
p1_E1_W1.103,1484.0,8.3,0.0,0,251.63
p1_W3_E3.248,1488.0,12.47,0.0,0,279.8
p1_N3_W1.24,1443.0,47.81,27.0,2,338.0
p1_N2_S2.73,1460.0,42.53,29.0,1,312.12
p1_W1_E1.244,1464.0,33.61,16.0,1,311.04
p1_E1_W1.102,1469.0,33.63,14.0,1,321.65
p1_W3_E3.245,1470.0,23.45,9.0,1,284.2
p1_W3_E3.249,1494.0,8.27,0.0,0,250.35
p1_W2_S2.24,1443.0,54.57,33.0,2,358.8
p1_S2_N2.73,1460.0,41.27,28.0,1,307.36
p1_E3_W3.104,1498.0,7.42,0.0,0,243.76
p1_E1_W1.104,1498.0,7.77,0.0,0,246.15
p1_N2_S2.75,1500.0,6.9,0.0,0,239.73
p1_S1_E1.23,1383.0,49.1,27.0,2,445.59
p1_W1_E1.247,1482.0,12.78,0.0,0,270.29
p1_E3_W3.102,1469.0,23.57,10.0,1,282.07
p1_W3_E3.247,1482.0,13.03,0.0,0,264.3
p1_W1_E1.250,1500.0,9.47,0.0,0,238.95
p1_W1_E1.248,1488.0,21.93,0.0,0,291.36
p1_W3_E3.250,1500.0,8.43,0.0,0,239.01
p1_W3_S3.25,1503.0,11.85,0.0,0,265.97
p1_W1_E1.249,1494.0,8.72,0.0,0,245.71
p1_W_E.249,1494.0,25.44,11.0,1,296.14
p1_S2_E2.25,1503.0,16.28,1.0,1,283.55
p1_N2_W2.25,1503.0,14.89,1.0,1,280.07
p1_W3_E3.251,1506.0,8.22,0.0,0,246.12
p1_W_E.248,1488.0,33.27,17.0,1,306.18
p1_W_E.251,1506.0,15.2,2.0,1,273.41
p1_E_W.105,1512.0,9.05,0.0,0,256.45
p1_E_W.104,1498.0,24.83,9.0,1,301.52
p1_W_E.250,1500.0,23.09,8.0,1,295.66
p1_N1_S1.75,1500.0,23.57,10.0,1,283.87
p1_E3_N1.24,1443.0,38.51,20.0,1,410.1
p1_N3_S3.75,1500.0,24.26,11.0,1,282.7
p1_S3_N3.75,1500.0,23.9,9.0,1,280.5
p1_W1_S1.25,1503.0,21.22,6.0,1,287.54
p1_W_E.252,1512.0,9.86,0.0,0,263.28
p1_W_E.253,1518.0,7.96,0.0,0,237.29
p1_S3_E3.26,1563.0,7.3,0.0,0,160.8
p1_S3_N3.76,1520.0,7.86,0.0,0,234.14
p1_N3_S3.74,1480.0,40.6,28.0,1,308.2
p1_S1_N1.75,1500.0,23.5,10.0,1,279.95
p1_S1_N1.76,1520.0,8.73,0.0,0,258.92
p1_N1_S1.76,1520.0,7.74,0.0,0,235.56
p1_E_W.101,1455.0,32.62,15.0,1,311.27
p1_N1_W3.25,1503.0,30.77,9.0,1,302.83
p1_N1_S1.74,1480.0,40.41,27.0,1,315.36
p1_S3_N3.74,1480.0,41.03,27.0,1,306.49
p1_W_E.255,1530.0,8.22,0.0,0,233.55
p1_E3_W3.105,1512.0,29.89,17.0,1,297.74
p1_W1_E1.253,1518.0,24.46,11.0,1,287.68
p1_E3_W3.106,1527.0,14.67,1.0,1,264.22
p1_E1_N3.26,1560.0,25.34,14.0,1,192.82
p1_W3_E3.253,1518.0,24.14,9.0,1,286.79
p1_W1_E1.255,1530.0,14.15,1.0,1,271.35
p1_W3_E3.255,1530.0,13.83,0.0,0,270.19
p1_N3_W1.25,1503.0,37.32,16.0,2,316.92
p1_W1_E1.251,1506.0,31.25,19.0,1,298.07
p1_S1_E1.24,1443.0,60.04,29.0,3,491.97
p1_W_E.254,1524.0,9.08,0.0,0,246.3
p1_W1_E1.256,1536.0,10.16,0.0,0,256.35
p1_W3_E3.256,1536.0,10.13,0.0,0,243.43
p1_E1_W1.105,1512.0,32.93,15.0,1,309.91
p1_N2_S2.77,1540.0,7.21,0.0,0,235.02
p1_W2_S2.25,1503.0,43.34,24.0,2,348.67
p1_W1_E1.252,1512.0,35.97,17.0,1,344.54
p1_W1_E1.254,1524.0,23.91,6.0,1,315.9
p1_E1_W1.107,1541.0,7.9,0.0,0,238.39
p1_E3_W3.107,1541.0,7.98,0.0,0,241.38
p1_N2_S2.76,1520.0,26.86,13.0,1,300.46
p1_E1_W1.106,1527.0,10.79,0.0,0,250.34
p1_W1_E1.257,1542.0,7.98,0.0,0,234.9
p1_E2_N2.25,1501.0,38.38,16.0,2,327.95
p1_W1_E1.258,1548.0,7.34,0.0,0,237.55
p1_W3_E3.254,1524.0,18.23,1.0,1,275.59
p1_W3_E3.252,1512.0,26.23,12.0,1,284.99
p1_W3_E3.257,1542.0,14.35,0.0,0,250.62
p1_W3_E3.258,1548.0,9.69,0.0,0,246.72
p1_W1_E1.259,1554.0,7.89,0.0,0,243.38
p1_W3_E3.259,1554.0,8.34,0.0,0,234.17
p1_E1_W1.108,1556.0,7.57,0.0,0,240.77
p1_E3_W3.108,1556.0,8.11,0.0,0,241.84
p1_W_E.256,1536.0,29.55,16.0,1,295.18
p1_E_W.107,1541.0,24.14,11.0,1,282.78
p1_E_W.106,1527.0,30.44,17.0,1,293.72
p1_W_E.258,1548.0,19.69,4.0,1,283.46
p1_S3_N3.77,1540.0,29.53,16.0,1,295.4
p1_W_E.257,1542.0,21.62,7.0,1,277.03
p1_S3_N3.78,1560.0,7.89,0.0,0,249.63
p1_N1_S1.77,1540.0,29.78,17.0,1,295.65
p1_S1_N1.77,1540.0,29.94,16.0,1,299.86
p1_N3_S3.77,1540.0,29.86,16.0,1,295.63
p1_E3_N1.25,1501.0,27.22,10.0,1,388.68
p1_W_E.259,1554.0,17.3,0.0,0,278.76
p1_E_W.108,1556.0,8.82,0.0,0,244.64
p1_W_E.260,1560.0,10.72,0.0,0,267.69
p1_N3_S3.78,1560.0,11.93,0.0,0,271.37
p1_W_E.261,1566.0,7.27,0.0,0,244.09
p1_N1_S1.78,1560.0,9.21,0.0,0,240.3
p1_E_W.109,1570.0,8.0,0.0,0,240.7
p1_N1_W3.26,1563.0,9.75,0.0,0,255.77
p1_S1_N1.78,1560.0,8.43,0.0,0,247.1
p1_W_E.262,1572.0,8.57,0.0,0,245.57
p1_E3_W3.109,1570.0,17.23,5.0,1,275.39
p1_W3_E3.260,1560.0,27.68,15.0,1,295.14
p1_W1_E1.261,1566.0,22.11,8.0,1,282.12
p1_N3_W1.26,1563.0,25.36,7.0,1,292.57
p1_W3_E3.261,1566.0,23.58,11.0,1,286.31
p1_E1_W1.110,1584.0,7.48,0.0,0,242.48
p1_W1_E1.260,1560.0,28.3,14.0,1,301.58
p1_E1_W1.109,1570.0,17.04,3.0,1,275.58
p1_W3_E3.263,1578.0,14.03,0.0,0,265.69
p1_E3_W3.110,1584.0,7.8,0.0,0,242.56
p1_N2_S2.78,1560.0,33.19,20.0,1,305.81
p1_E1_N3.27,1620.0,12.19,0.0,0,179.52
p1_S1_E1.25,1503.0,32.58,7.0,2,414.97
p1_W2_S2.26,1563.0,31.18,17.0,1,310.48
p1_W1_E1.262,1572.0,17.12,1.0,1,274.35
p1_N2_S2.79,1580.0,15.5,2.0,1,271.64
p1_W3_E3.262,1572.0,24.58,4.0,1,296.29
p1_W1_E1.265,1590.0,8.46,0.0,0,236.2
p1_W3_S3.26,1563.0,36.32,15.0,2,329.21
p1_W3_E3.264,1584.0,15.7,1.0,1,277.91
p1_W1_E1.263,1578.0,11.95,0.0,0,261.8
p1_S2_N2.75,1500.0,72.44,52.0,2,372.32
p1_W1_E1.266,1596.0,7.41,0.0,0,243.42
p1_W3_E3.265,1590.0,8.81,0.0,0,241.68
p1_W3_E3.266,1596.0,8.45,0.0,0,239.54
p1_S2_N2.76,1520.0,51.34,30.0,2,341.95
p1_S2_N2.77,1540.0,63.91,27.0,1,344.24
p1_S2_N2.78,1560.0,42.75,18.0,1,318.85
p1_E2_N2.26,1560.0,46.9,19.0,1,322.41
p1_W1_E1.264,1584.0,9.05,0.0,0,241.49
p1_S2_N2.79,1580.0,28.21,1.0,1,316.53
p1_E_W.111,1599.0,10.45,0.0,0,255.43
p1_W1_E1.267,1602.0,7.97,0.0,0,241.42
p1_W3_E3.267,1602.0,7.93,0.0,0,243.63
p1_N2_W2.26,1563.0,48.04,24.0,3,367.67
p1_E_W.110,1584.0,28.01,12.0,1,292.31
p1_E3_W3.111,1599.0,7.95,0.0,0,240.27
p1_N1_S1.80,1600.0,15.39,2.0,1,269.8
p1_W_E.265,1590.0,26.06,9.0,1,294.41
p1_N3_S3.80,1600.0,15.78,2.0,1,281.28
p1_S3_E3.27,1623.0,36.16,25.0,1,219.45
p1_S2_E2.26,1563.0,35.85,13.0,3,324.11
p1_S3_N3.80,1600.0,16.86,3.0,1,268.98
p1_S1_N1.79,1580.0,34.61,22.0,1,292.29
p1_N3_S3.79,1580.0,37.78,22.0,1,317.67
p1_W_E.263,1578.0,31.53,18.0,1,295.63
p1_W_E.267,1602.0,14.3,0.0,0,277.31
p1_W_E.268,1608.0,9.92,0.0,0,255.89
p1_E_W.112,1613.0,8.07,0.0,0,243.57
p1_W1_S1.26,1563.0,48.14,27.0,2,331.82
p1_W_E.269,1614.0,8.54,0.0,0,234.03
p1_N1_S1.79,1580.0,33.61,20.0,1,300.94
p1_W_E.264,1584.0,22.79,9.0,1,277.84
p1_W_E.266,1596.0,18.42,0.0,0,280.15
p1_N3_S3.76,1520.0,73.97,53.0,2,372.97
p1_S1_N1.80,1600.0,10.93,0.0,0,263.67
p1_S3_N3.79,1580.0,32.37,18.0,1,297.83
p1_W_E.270,1620.0,7.92,0.0,0,241.64
p1_N1_S1.81,1620.0,8.33,0.0,0,241.85
p1_S3_N3.81,1620.0,8.56,0.0,0,244.31
p1_W3_E3.268,1608.0,26.51,13.0,1,290.33
p1_E1_W1.112,1613.0,20.9,7.0,1,271.63
p1_W3_E3.269,1614.0,20.14,8.0,1,273.69
p1_W1_E1.269,1614.0,20.17,5.0,1,272.12
p1_W1_E1.271,1626.0,10.26,0.0,0,268.39
p1_W3_E3.271,1626.0,9.98,0.0,0,257.3
p1_E1_W1.113,1628.0,8.07,0.0,0,237.48
p1_W3_E3.270,1620.0,15.38,3.0,1,266.67
p1_E3_W3.113,1628.0,8.68,0.0,0,251.81
p1_N2_S2.81,1620.0,18.23,6.0,1,279.27
p1_N2_S2.80,1600.0,38.75,25.0,1,311.85
p1_E2_N2.27,1620.0,19.76,5.0,1,289.58
p1_W1_E1.272,1632.0,7.83,0.0,0,241.1
p1_E1_W1.111,1599.0,29.7,14.0,1,299.06
p1_W1_E1.270,1620.0,21.61,2.0,1,288.36
p1_W1_E1.268,1608.0,22.98,9.0,1,278.73
p1_E1_N3.28,1680.0,7.38,0.0,0,160.84
p1_W3_S3.27,1623.0,14.6,0.0,0,274.53
p1_N2_S2.82,1640.0,8.0,0.0,0,241.96
p1_E3_W3.112,1613.0,17.52,2.0,1,272.59
p1_S2_N2.81,1620.0,16.72,1.0,1,269.07
p1_W3_E3.272,1632.0,8.78,0.0,0,238.14
p1_W1_E1.273,1638.0,8.62,0.0,0,248.19
p1_S2_N2.80,1600.0,36.08,21.0,1,301.24
p1_E1_W1.114,1642.0,8.28,0.0,0,253.01
p1_S2_N2.82,1640.0,8.9,0.0,0,233.84
p1_E3_W3.114,1642.0,7.81,0.0,0,233.33
p1_W_E.271,1626.0,30.4,17.0,1,299.87
p1_W2_S2.27,1623.0,34.23,9.0,3,335.57
p1_E_W.114,1642.0,15.22,2.0,1,263.93
p1_N2_W2.27,1623.0,35.47,11.0,2,327.78
p1_E_W.113,1628.0,29.86,15.0,1,296.47
p1_W_E.274,1644.0,14.97,0.0,0,263.0
p1_W_E.275,1650.0,10.94,0.0,0,268.05
p1_S2_E2.27,1623.0,23.24,5.0,2,301.37
p1_W_E.273,1638.0,24.72,7.0,1,312.71
p1_W_E.272,1632.0,32.02,12.0,1,313.59
p1_E_W.115,1656.0,8.21,0.0,0,237.49
p1_S3_E3.28,1683.0,24.57,13.0,1,193.1
p1_N1_S1.82,1640.0,20.59,8.0,1,270.53
p1_W_E.276,1656.0,7.46,0.0,0,244.53
p1_S1_N1.82,1640.0,20.11,6.0,1,273.94
p1_E3_N1.26,1560.0,50.57,29.0,2,432.4
p1_N1_W3.27,1623.0,45.06,26.0,1,344.53
p1_S3_N3.83,1660.0,8.05,0.0,0,246.31
p1_W1_S1.27,1623.0,35.44,16.0,1,306.46
p1_S3_N3.82,1640.0,19.91,7.0,1,264.78
p1_N1_S1.83,1660.0,8.21,0.0,0,246.64
p1_E1_W1.116,1671.0,8.46,0.0,0,246.87
p1_N3_W1.27,1623.0,57.23,33.0,2,350.37
p1_W1_E1.275,1650.0,29.82,18.0,1,293.89
p1_E3_W3.115,1656.0,24.32,10.0,1,287.39
p1_E_W.116,1671.0,7.6,0.0,0,242.62
p1_S1_E1.26,1563.0,74.73,41.0,4,503.7
p1_N3_S3.81,1620.0,37.44,21.0,1,305.13
p1_N3_S3.82,1640.0,15.89,1.0,1,268.46
p1_W_E.277,1662.0,8.8,0.0,0,250.18
p1_E3_W3.116,1671.0,8.63,0.0,0,241.27
p1_S1_N1.81,1620.0,35.73,21.0,1,297.1
p1_W3_E3.275,1650.0,32.39,17.0,1,321.33
p1_W1_E1.276,1656.0,26.08,11.0,1,294.54
p1_W1_E1.278,1668.0,16.18,1.0,1,272.97
p1_W3_E3.279,1674.0,10.31,0.0,0,259.44
p1_W3_E3.273,1638.0,30.25,15.0,1,287.43
p1_W3_E3.278,1668.0,19.14,1.0,1,297.17
p1_W1_E1.279,1674.0,11.71,0.0,0,260.94
p1_S2_N2.83,1660.0,23.78,12.0,1,279.3
p1_W3_E3.277,1662.0,25.61,6.0,1,306.4
p1_N2_S2.84,1680.0,7.72,0.0,0,249.0
p1_W3_E3.276,1656.0,33.87,11.0,1,310.38
p1_E1_W1.115,1656.0,19.72,7.0,1,285.52
p1_N2_S2.83,1660.0,23.39,9.0,1,281.14
p1_W1_E1.280,1680.0,8.57,0.0,0,239.4
p1_W3_E3.281,1686.0,8.25,0.0,0,241.19
p1_W3_S3.28,1683.0,12.81,0.0,0,261.6
p1_W1_E1.281,1686.0,8.77,0.0,0,245.69
p1_W3_E3.280,1680.0,10.82,0.0,0,251.43
p1_W1_E1.282,1692.0,6.77,0.0,0,245.76
p1_W1_E1.274,1644.0,30.58,14.0,1,294.82
p1_W3_E3.274,1644.0,30.01,14.0,1,293.72
p1_W_E.279,1674.0,28.57,17.0,1,292.95
p1_E_W.117,1685.0,17.35,5.0,1,282.98
p1_E3_W3.117,1685.0,8.62,0.0,0,246.4
p1_E1_N3.29,1740.0,7.01,0.0,0,171.19
p1_N2_W2.28,1683.0,21.37,7.0,1,299.92
p1_W_E.281,1686.0,19.17,3.0,1,283.4
p1_W1_E1.277,1662.0,15.88,1.0,1,269.09
p1_S1_N1.85,1700.0,7.56,0.0,0,238.15
p1_N3_S3.85,1700.0,7.14,0.0,0,243.32
p1_W_E.278,1668.0,31.4,17.0,1,292.11
p1_W_E.283,1698.0,9.03,0.0,0,255.35
p1_N3_S3.84,1680.0,28.88,15.0,1,303.28
p1_N1_W3.28,1683.0,26.75,12.0,1,306.27
p1_N1_S1.84,1680.0,30.12,14.0,1,311.98
p1_S1_N1.84,1680.0,29.65,15.0,1,302.37
p1_W_E.282,1692.0,18.02,0.0,0,284.1
p1_W_E.280,1680.0,21.22,6.0,1,273.71
p1_S3_N3.84,1680.0,27.9,14.0,1,287.11
p1_E_W.118,1700.0,8.45,0.0,0,238.34
p1_W1_S1.28,1683.0,29.11,10.0,1,323.47
p1_W_E.284,1704.0,7.74,0.0,0,249.66
p1_S1_N1.83,1660.0,38.3,25.0,1,306.04
p1_S3_N3.85,1700.0,9.26,0.0,0,243.24
p1_N3_S3.83,1660.0,38.07,24.0,1,303.68
p1_N1_S1.85,1700.0,8.37,0.0,0,254.1
p1_E_W.119,1714.0,8.15,0.0,0,240.73
p1_S3_E3.29,1743.0,7.93,0.0,0,173.48
p1_E3_W3.119,1714.0,10.36,0.0,0,267.64
p1_W_E.286,1716.0,7.89,0.0,0,238.03
p1_W_E.285,1710.0,8.17,0.0,0,248.62
p1_N3_W1.28,1683.0,43.85,23.0,2,330.06
p1_W1_E1.283,1698.0,27.91,14.0,1,291.12
p1_W3_E3.283,1698.0,27.73,15.0,1,289.69
p1_E3_W3.118,1700.0,26.06,12.0,1,293.05
p1_W1_E1.285,1710.0,17.26,4.0,1,277.53
p1_W3_E3.285,1710.0,18.82,3.0,1,290.48
p1_E1_W1.119,1714.0,14.73,0.0,0,275.45
p1_N2_S2.86,1720.0,9.56,0.0,0,260.71
p1_W1_E1.287,1722.0,7.96,0.0,0,236.26
p1_S2_E2.28,1683.0,48.08,24.0,3,356.04
p1_E1_W1.118,1700.0,29.42,11.0,1,308.36
p1_N2_S2.85,1700.0,31.23,17.0,1,298.75
p1_S2_N2.85,1700.0,30.66,19.0,1,289.7
p1_W3_E3.287,1722.0,9.06,0.0,0,257.38
p1_W1_E1.286,1716.0,16.31,0.0,0,256.94
p1_S2_N2.86,1720.0,13.19,0.0,0,284.89
p1_W3_E3.286,1716.0,15.46,0.0,0,289.13
p1_W1_E1.288,1728.0,8.43,0.0,0,239.37
p1_E3_W3.120,1728.0,7.94,0.0,0,238.39
p1_W2_S2.28,1683.0,36.35,15.0,2,317.33
p1_W3_E3.284,1704.0,27.7,8.0,1,297.78
p1_W3_E3.288,1728.0,8.73,0.0,0,244.55
p1_E3_N1.27,1620.0,60.69,26.0,2,471.66
p1_S2_N2.84,1680.0,38.78,23.0,1,305.88
p1_W1_E1.284,1704.0,18.36,4.0,1,267.1
p1_E1_W1.117,1685.0,30.15,15.0,1,290.08
p1_E1_W1.120,1728.0,8.31,0.0,0,241.63
p1_W1_E1.290,1740.0,7.78,0.0,0,243.61
p1_W3_E3.282,1692.0,27.58,13.0,1,287.4
p1_W_E.287,1722.0,27.16,12.0,1,286.14
p1_W_E.288,1728.0,21.52,7.0,1,278.42
p1_E_W.120,1728.0,20.74,7.0,1,277.81
p1_E2_N2.28,1680.0,71.35,44.0,4,393.59
p1_W1_E1.289,1734.0,8.17,0.0,0,238.34
p1_W_E.290,1740.0,11.31,0.0,0,249.3
p1_E3_N1.28,1680.0,31.13,15.0,1,391.82
p1_N3_S3.86,1720.0,34.46,21.0,1,299.73
p1_N1_S1.87,1740.0,14.12,1.0,1,263.77
p1_S1_N1.87,1740.0,13.36,1.0,1,279.18
p1_W_E.291,1746.0,8.42,0.0,0,238.82
p1_S1_E1.27,1623.0,89.3,44.0,4,536.19
p1_S1_N1.86,1720.0,35.9,21.0,1,319.99
p1_W_E.289,1734.0,15.21,2.0,1,273.4
p1_N1_S1.86,1720.0,32.6,19.0,1,304.2
p1_S3_N3.86,1720.0,33.55,19.0,1,309.97
p1_N3_S3.87,1740.0,10.1,0.0,0,258.74
p1_E_W.122,1757.0,8.24,0.0,0,240.29
p1_E_W.121,1743.0,9.74,0.0,0,237.1
p2_N3_E1.0,1803.0,6.13,0.0,0,153.48
p1_N1_W3.29,1743.0,11.51,0.0,0,267.59
p1_W_E.294,1764.0,7.47,0.0,0,235.55
p1_N3_W1.29,1743.0,29.86,10.0,1,297.23
p1_W1_E1.291,1746.0,26.22,12.0,1,297.44
p1_W1_E1.292,1752.0,20.15,6.0,1,277.22
p1_E1_W1.122,1757.0,14.89,2.0,1,270.32
p2_E3_S3.0,1803.0,10.24,0.0,0,169.48
p1_N2_S2.87,1740.0,36.49,23.0,1,297.56
p1_E1_W1.121,1743.0,31.46,14.0,1,307.02
p1_W2_S2.29,1743.0,35.21,17.0,1,326.6
p1_S2_N2.88,1760.0,19.53,4.0,1,269.81
p1_W1_E1.293,1758.0,14.99,0.0,0,264.04
p1_N2_S2.88,1760.0,18.89,6.0,1,284.52
p1_W3_E3.289,1734.0,30.68,15.0,1,293.66
p1_S2_N2.87,1740.0,39.47,22.0,1,330.49
p1_W3_E3.292,1752.0,23.29,6.0,1,301.73
p1_W1_E1.294,1764.0,9.52,0.0,0,244.46
p1_W3_E3.290,1740.0,28.91,16.0,1,294.53
p1_E3_W3.123,1772.0,7.95,0.0,0,250.56
p1_W1_E1.296,1776.0,8.2,0.0,0,241.71
p1_E3_W3.121,1743.0,25.24,11.0,1,281.31
p1_W3_E3.295,1770.0,14.78,0.0,0,262.97
p1_E1_W1.123,1772.0,8.74,0.0,0,241.26
p1_W3_E3.296,1776.0,10.46,0.0,0,262.57
p1_W3_S3.29,1743.0,28.13,12.0,1,304.3
p1_W3_E3.294,1764.0,24.12,0.0,0,328.05
p1_S2_N2.89,1780.0,7.86,0.0,0,248.26
p1_W3_E3.291,1746.0,29.36,11.0,1,312.12
p1_W1_E1.297,1782.0,7.94,0.0,0,244.84
p1_W3_E3.297,1782.0,7.8,0.0,0,256.34
p1_W3_E3.293,1758.0,14.17,0.0,0,281.9
p1_E1_W1.124,1786.0,8.48,0.0,0,227.73
p1_E2_N2.29,1740.0,53.89,31.0,3,365.01
p1_N2_W2.29,1743.0,52.7,29.0,3,359.74
p1_E_W.123,1772.0,23.22,9.0,1,274.06
p1_E3_W3.124,1786.0,8.93,0.0,0,242.94
p1_E3_W3.122,1757.0,10.42,0.0,0,257.19
p1_W1_E1.295,1770.0,8.81,0.0,0,255.68
p1_W_E.296,1776.0,22.37,5.0,1,298.36
p1_W_E.293,1758.0,29.68,15.0,1,304.87
p1_N3_S3.88,1760.0,39.39,26.0,1,307.03
p1_N1_S1.89,1780.0,19.93,7.0,1,275.55
p1_N3_S3.89,1780.0,19.96,7.0,1,281.29
p1_S3_N3.89,1780.0,20.02,8.0,1,275.83
p1_W_E.298,1788.0,11.18,0.0,0,267.89
p1_S1_E1.28,1683.0,75.52,42.0,3,530.46
p1_W_E.292,1752.0,30.18,18.0,1,286.56
p1_S3_N3.88,1760.0,41.91,25.0,1,322.82
p1_W_E.299,1794.0,8.31,0.0,0,242.94
p1_S2_E2.29,1743.0,59.83,29.0,3,363.53
p1_N1_S1.88,1760.0,39.82,26.0,1,319.8
p1_W_E.295,1770.0,30.98,10.0,1,308.25
p1_W_E.297,1782.0,14.72,0.0,0,283.26
p1_E_W.124,1786.0,9.07,0.0,0,239.51
p1_S1_N1.88,1760.0,37.28,22.0,1,300.93
p1_S3_N3.87,1740.0,43.38,28.0,1,324.04
p1_S1_N1.89,1780.0,18.03,4.0,1,275.73
p2_N1_S1.0,1800.0,8.17,0.0,0,244.23
p2_S3_N3.0,1800.0,8.56,0.0,0,249.36
p2_S1_N1.0,1800.0,9.07,0.0,0,244.61
p1_W1_S1.29,1743.0,46.35,26.0,2,331.15
p2_W_E.0,1800.0,8.13,0.0,0,247.58
p2_N3_S3.0,1800.0,7.84,0.0,0,239.49
p2_E_W.1,1806.0,8.0,0.0,0,240.84
p1_W3_E3.299,1794.0,23.69,11.0,1,278.36
p2_E1_W1.0,1800.0,17.91,3.0,1,275.56
p2_E3_W3.0,1800.0,17.89,4.0,1,271.22
p1_W1_E1.299,1794.0,24.36,10.0,1,282.57
p2_S3_W3.0,1803.0,10.48,0.0,0,268.86
p1_S1_E1.29,1743.0,30.15,8.0,1,400.65
p2_W3_E3.0,1800.0,20.0,6.0,1,278.11
p2_E1_W1.1,1806.0,14.33,0.0,0,278.62
p2_E_W.0,1800.0,9.31,0.0,0,239.86
p2_E3_W3.2,1812.0,8.75,0.0,0,251.72
p1_W1_E1.298,1788.0,34.08,16.0,1,309.51
p1_W3_E3.298,1788.0,28.15,16.0,1,290.67
p2_N2_S2.0,1800.0,22.8,9.0,1,289.04
p2_S2_N2.0,1800.0,23.32,9.0,1,286.16
p2_W3_E3.1,1815.0,7.82,0.0,0,242.7
p2_E2_S2.0,1803.0,20.41,4.0,1,292.27
p2_W1_E1.1,1815.0,8.84,0.0,0,249.78
p2_E3_W3.1,1806.0,12.07,0.0,0,260.7
p2_E1_W1.3,1818.0,8.03,0.0,0,242.13
p2_E3_W3.3,1818.0,8.35,0.0,0,238.87
p2_W1_E1.0,1800.0,27.94,6.0,1,324.69
p2_S2_N2.1,1820.0,7.98,0.0,0,237.98
p2_E3_S3.1,1863.0,7.01,0.0,0,170.59
p2_E1_W1.2,1812.0,18.17,3.0,1,276.68
p1_N2_S2.89,1780.0,39.65,25.0,1,311.78
p2_E1_W1.4,1824.0,8.05,0.0,0,248.29
p2_W1_E1.2,1829.0,7.55,0.0,0,232.95
p2_W3_E3.2,1829.0,7.74,0.0,0,241.69
p2_E1_W1.5,1830.0,7.26,0.0,0,234.61
p2_W1_N3.0,1803.0,34.65,15.0,2,322.34
p2_W_E.2,1829.0,10.27,0.0,0,267.35
p2_E3_W3.5,1830.0,8.16,0.0,0,248.02
p2_E3_W3.4,1824.0,8.49,0.0,0,251.2
p2_W_E.1,1815.0,26.45,12.0,1,285.29
p2_E_W.3,1818.0,23.17,10.0,1,279.51
p2_N2_E2.0,1803.0,37.29,12.0,3,340.26
p2_E_W.2,1812.0,31.18,15.0,1,309.12
p2_S2_W2.0,1803.0,30.0,6.0,2,316.99
p2_E_W.6,1836.0,9.24,0.0,0,255.53
p2_N1_S1.1,1820.0,25.9,13.0,1,282.15
p2_S3_N3.1,1820.0,26.15,12.0,1,288.55
p2_E_W.5,1830.0,16.34,0.0,0,285.91
p2_N1_S1.2,1840.0,7.72,0.0,0,236.45
p2_N3_S3.2,1840.0,8.16,0.0,0,242.29
p2_N3_E1.1,1863.0,29.03,16.0,1,209.32
p2_S1_N1.2,1840.0,11.09,0.0,0,256.62
p2_W_E.3,1844.0,7.27,0.0,0,240.01
p1_E3_N1.29,1740.0,57.99,35.0,2,452.55
p2_E_W.4,1824.0,15.57,2.0,1,269.34
p2_S1_N1.1,1820.0,34.3,13.0,1,328.21
p2_S3_N3.2,1840.0,8.29,0.0,0,242.2
p2_S1_W1.0,1803.0,44.42,28.0,2,324.17
p2_N3_S3.1,1820.0,22.72,10.0,1,285.17
p2_W3_N1.0,1803.0,46.52,21.0,2,357.87
p2_W2_N2.0,1803.0,52.9,30.0,3,350.24
p2_E_W.8,1848.0,8.71,0.0,0,240.37
p2_E_W.9,1854.0,7.89,0.0,0,237.08
p2_E3_W3.6,1836.0,27.82,15.0,1,291.37
p2_W3_E3.3,1844.0,19.71,7.0,1,277.66
p2_E3_W3.8,1848.0,16.14,3.0,1,272.24
p2_E1_W1.6,1836.0,28.04,15.0,1,287.02
p2_E1_W1.7,1842.0,21.39,8.0,1,271.59
p2_E3_W3.9,1854.0,11.89,0.0,0,260.23
p2_W3_E3.4,1858.0,7.79,0.0,0,248.97
p2_N2_S2.3,1860.0,7.22,0.0,0,243.56
p2_S2_N2.2,1840.0,28.43,16.0,1,292.46
p2_E1_W1.10,1860.0,8.1,0.0,0,243.32
p2_S2_N2.3,1860.0,8.14,0.0,0,255.12
p2_E_W.7,1842.0,9.59,0.0,0,245.98
p2_E1_W1.9,1854.0,11.1,0.0,0,258.36
p2_E3_W3.10,1860.0,8.05,0.0,0,240.68
p2_W1_E1.4,1858.0,10.36,0.0,0,245.02
p2_N2_S2.1,1820.0,38.9,26.0,1,306.09
p2_N2_S2.2,1840.0,28.73,14.0,1,296.74
p2_E1_W1.11,1866.0,7.78,0.0,0,238.52
p2_W1_E1.3,1844.0,15.68,0.0,0,268.27
p2_W1_N3.1,1861.0,17.3,1.0,1,289.98
p2_E1_W1.12,1872.0,7.49,0.0,0,235.53
p2_E3_W3.12,1872.0,8.76,0.0,0,239.52
p2_W3_E3.5,1872.0,7.23,0.0,0,235.01
p2_E3_W3.7,1842.0,19.53,6.0,1,283.35
p2_E1_W1.13,1878.0,8.15,0.0,0,237.29
p2_W_E.4,1858.0,29.22,15.0,1,293.05
p2_S2_W2.1,1863.0,23.85,6.0,2,299.97
p2_E3_W3.11,1866.0,8.82,0.0,0,243.15
p2_E3_S3.2,1923.0,7.38,0.0,0,165.28
p2_E1_W1.8,1848.0,11.52,0.0,0,268.58
p2_N2_E2.1,1863.0,24.22,9.0,1,305.55
p2_E_W.10,1860.0,29.34,12.0,1,292.52
p2_W_E.5,1872.0,16.99,4.0,1,272.87
p2_N1_S1.4,1880.0,14.12,0.0,0,267.4
p2_N3_S3.4,1880.0,14.29,1.0,1,269.74
p2_S3_N3.3,1860.0,31.35,18.0,1,301.81
p2_W3_N1.1,1860.0,29.1,11.0,1,305.26
p2_E_W.12,1872.0,22.92,2.0,1,298.86
p2_W_E.6,1887.0,7.98,0.0,0,241.92
p2_E_W.11,1866.0,21.3,5.0,1,283.3
p2_N3_E1.2,1923.0,16.65,2.0,1,188.5
p2_S1_W1.1,1863.0,34.99,17.0,2,327.66
p2_E_W.13,1878.0,16.83,0.0,0,284.21
p2_N3_S3.3,1860.0,30.52,15.0,1,294.45
p2_S1_N1.4,1880.0,11.74,0.0,0,253.63
p2_S1_N1.3,1860.0,38.49,19.0,2,335.97
p2_E_W.16,1896.0,7.25,0.0,0,245.86
p2_E_W.14,1884.0,8.85,0.0,0,246.84
p2_W1_E1.7,1901.0,8.17,0.0,0,249.72
p2_W_E.7,1901.0,8.42,0.0,0,235.71
p2_E1_W1.14,1884.0,25.34,11.0,1,275.17
p2_E3_W3.14,1884.0,25.95,13.0,1,293.93
p2_W3_E3.6,1887.0,23.32,10.0,1,288.93
p2_E_W.17,1902.0,8.05,0.0,0,244.08
p2_N1_E3.0,1803.0,63.77,35.0,3,495.78
p2_S3_W3.1,1863.0,46.15,22.0,3,338.3
p2_W1_E1.6,1887.0,22.83,8.0,1,278.54
p2_E1_W1.16,1896.0,16.32,1.0,1,276.9
p2_E3_W3.17,1902.0,9.43,0.0,0,257.91
p2_W1_E1.5,1872.0,31.48,18.0,1,290.98
p2_E3_W3.15,1890.0,24.26,8.0,1,297.41
p2_W2_N2.1,1861.0,52.67,34.0,2,344.18
p2_S2_N2.4,1880.0,34.77,22.0,1,302.73
p2_E1_W1.15,1890.0,18.57,4.0,1,277.12
p2_E1_W1.17,1902.0,12.87,0.0,0,271.26
p2_E2_S2.1,1863.0,52.47,29.0,2,375.09
p2_N2_S2.5,1900.0,15.89,1.0,1,283.78
p2_W3_E3.7,1901.0,8.2,0.0,0,263.25
p2_E3_W3.13,1878.0,29.81,17.0,1,298.45
p2_E3_W3.18,1908.0,7.53,0.0,0,247.55
p2_S2_N2.5,1900.0,12.57,0.0,0,262.35
p2_E3_W3.19,1914.0,8.52,0.0,0,247.6
p2_W1_E1.8,1916.0,7.83,0.0,0,245.93
p2_W3_E3.8,1916.0,7.94,0.0,0,239.26
p2_E3_W3.16,1896.0,13.66,0.0,0,259.68
p2_E1_W1.18,1908.0,8.67,0.0,0,245.29
p2_E1_W1.20,1920.0,8.19,0.0,0,243.84
p2_E3_W3.20,1920.0,7.38,0.0,0,247.2
p2_N2_S2.6,1920.0,7.79,0.0,0,247.06
p2_E_W.19,1914.0,18.33,5.0,1,280.6
p2_W1_N3.2,1920.0,14.47,2.0,1,270.9
p2_N2_S2.4,1880.0,28.07,14.0,1,294.57
p2_E_W.15,1890.0,30.57,16.0,1,285.9
p2_W_E.8,1916.0,15.21,2.0,1,270.58
p2_E_W.20,1920.0,14.21,1.0,1,271.96
p2_S1_N1.6,1920.0,17.69,5.0,1,282.56
p2_N3_S3.6,1920.0,17.56,4.0,1,269.24
p2_W3_N1.2,1920.0,17.38,1.0,1,290.77
p2_E1_S1.0,1803.0,86.46,55.0,3,525.96
p2_S1_N1.5,1900.0,39.87,24.0,1,324.59
p2_E_W.18,1908.0,25.17,10.0,1,282.06
p2_N1_S1.6,1920.0,20.4,5.0,1,284.27
p2_N3_S3.5,1900.0,37.17,22.0,1,299.57
p2_S3_N3.6,1920.0,15.95,3.0,1,277.9
p2_S1_W1.2,1923.0,15.77,3.0,1,274.73
p2_S3_N3.4,1880.0,38.13,24.0,1,311.25
p2_E_W.23,1938.0,9.08,0.0,0,237.83
p2_N3_E1.3,1983.0,7.04,0.0,0,169.15
p2_E_W.21,1926.0,9.21,0.0,0,248.65
p2_S1_N1.7,1940.0,8.46,0.0,0,232.0
p2_N3_S3.7,1940.0,8.41,0.0,0,238.41
p2_N1_S1.3,1860.0,54.8,35.0,2,347.83
p2_S3_N3.5,1900.0,34.01,20.0,1,301.33
p2_N1_S1.7,1940.0,8.75,0.0,0,254.61
p2_E_W.22,1932.0,8.7,0.0,0,244.54
p2_W_E.10,1944.0,7.93,0.0,0,237.04
p2_E_W.24,1944.0,8.06,0.0,0,246.96
p2_N1_S1.5,1900.0,32.94,19.0,1,307.86
p2_W3_E3.10,1944.0,10.43,0.0,0,270.24
p2_W1_E1.9,1930.0,26.01,13.0,1,285.73
p2_W_E.9,1930.0,9.09,0.0,0,253.72
p2_E1_W1.24,1944.0,14.01,0.0,0,274.59
p2_E3_S3.3,1983.0,18.87,7.0,2,194.15
p2_E1_W1.25,1950.0,9.72,0.0,0,267.19
p2_E1_W1.19,1914.0,30.19,18.0,1,288.88
p2_E3_W3.21,1926.0,35.53,17.0,1,327.54
p2_W2_N2.2,1920.0,40.95,18.0,2,350.45
p2_E1_W1.23,1938.0,23.7,4.0,1,290.3
p2_W1_E1.10,1944.0,8.9,0.0,0,239.3
p2_E1_W1.22,1932.0,28.66,10.0,1,302.52
p2_E3_W3.23,1938.0,25.32,5.0,1,302.96
p2_N2_S2.7,1940.0,23.21,8.0,1,291.13
p2_S2_N2.7,1940.0,23.57,10.0,1,280.99
p2_S2_N2.6,1920.0,42.08,27.0,1,318.28
p2_S3_W3.2,1923.0,25.0,5.0,2,306.18
p2_E1_W1.26,1956.0,7.84,0.0,0,244.02
p2_E3_W3.26,1956.0,9.47,0.0,0,255.66
p2_E1_W1.21,1926.0,27.08,13.0,1,292.42
p2_W1_E1.11,1959.0,8.1,0.0,0,241.97
p2_N2_S2.8,1960.0,7.52,0.0,0,234.75
p2_E3_W3.22,1932.0,36.73,11.0,2,337.01
p2_E3_W3.24,1944.0,25.5,0.0,0,322.3
p2_E1_S1.1,1863.0,48.5,19.0,3,477.34
p2_E3_W3.27,1962.0,9.39,0.0,0,250.51
p2_E3_W3.25,1950.0,9.41,0.0,0,246.2
p2_S2_N2.8,1960.0,8.71,0.0,0,246.72
p2_E1_W1.27,1962.0,8.58,0.0,0,233.43
p2_E3_W3.28,1968.0,8.05,0.0,0,245.07
p2_W3_E3.9,1930.0,20.5,6.0,1,283.86
p2_E1_W1.28,1968.0,8.28,0.0,0,239.06
p2_E_W.26,1956.0,23.18,8.0,1,292.45
p2_N2_E2.2,1923.0,54.51,32.0,3,377.3
p2_W3_E3.11,1959.0,8.9,0.0,0,247.35
p2_S2_W2.2,1923.0,52.89,28.0,3,364.13
p2_E_W.25,1950.0,31.01,16.0,1,308.65
p2_W_E.12,1973.0,7.82,0.0,0,248.53
p2_E_W.28,1968.0,13.1,0.0,0,274.02
p2_E_W.29,1974.0,9.03,0.0,0,257.65
p2_S3_N3.8,1960.0,24.78,11.0,1,296.1
p2_W_E.11,1959.0,18.12,3.0,1,277.89
p2_N3_S3.9,1980.0,7.57,0.0,0,252.72
p2_E_W.27,1962.0,16.88,3.0,1,276.54
p2_S1_N1.9,1980.0,7.94,0.0,0,246.23
p2_S3_N3.7,1940.0,40.08,27.0,1,308.34
p2_N1_S1.8,1960.0,22.58,8.0,1,276.73
p2_S3_N3.9,1980.0,8.64,0.0,0,244.22
p2_E2_S2.2,1922.0,68.09,41.0,4,397.53
p2_S1_N1.8,1960.0,21.9,8.0,1,276.37
p2_N3_S3.8,1960.0,20.99,7.0,1,278.16
p2_S1_W1.3,1983.0,9.26,0.0,0,257.66
p2_E_W.30,1980.0,8.6,0.0,0,239.4
p2_E1_W1.30,1980.0,21.4,9.0,1,285.47
p2_W_E.13,1988.0,8.33,0.0,0,238.76
p2_E_W.32,1992.0,8.04,0.0,0,235.17
p2_W1_E1.12,1973.0,28.69,15.0,1,289.92
p2_W3_E3.12,1973.0,28.76,14.0,1,306.23
p2_E_W.31,1986.0,8.57,0.0,0,245.31
p2_N1_E3.1,1863.0,87.37,51.0,5,539.71
p2_N1_E3.2,1923.0,36.85,9.0,3,445.15
p2_W1_E1.13,1988.0,16.12,3.0,1,273.33
p2_W2_N2.3,1980.0,22.58,9.0,1,282.34
p2_S2_N2.9,1980.0,26.9,12.0,1,288.4
p2_W3_E3.14,2002.0,7.47,0.0,0,243.94
p2_S3_W3.3,1983.0,13.46,0.0,0,278.69
p2_W3_E3.13,1988.0,13.59,0.0,0,264.24
p2_N2_S2.10,2000.0,10.98,0.0,0,262.82
p2_E1_S1.2,1923.0,38.12,7.0,2,446.28
p2_E1_W1.29,1974.0,25.16,12.0,1,284.19
p2_E1_W1.34,2004.0,7.76,0.0,0,238.97
p2_E3_S3.4,2043.0,12.85,3.0,1,178.78
p2_E1_W1.32,1992.0,15.48,0.0,0,289.72
p2_E3_W3.30,1980.0,28.96,10.0,2,309.4
p2_E1_W1.33,1998.0,17.05,0.0,0,267.13
p2_E3_W3.29,1974.0,41.65,22.0,2,330.97
p2_W1_E1.14,2002.0,7.94,0.0,0,248.51
p2_N2_S2.9,1980.0,23.28,8.0,1,283.6
p2_E1_W1.31,1986.0,16.6,0.0,0,286.06
p2_E3_W3.34,2004.0,12.59,0.0,0,276.15
p2_E1_W1.35,2010.0,7.93,0.0,0,237.56
p2_W1_N3.3,1980.0,38.42,18.0,2,327.28
p2_E3_W3.35,2010.0,9.55,0.0,0,247.22
p2_S2_N2.10,2000.0,8.41,0.0,0,245.26
p2_E3_W3.32,1992.0,28.0,4.0,1,318.37
p2_E3_W3.31,1986.0,14.84,0.0,0,270.32
p2_E3_W3.33,1998.0,12.83,0.0,0,263.4
p2_W3_E3.15,2016.0,7.29,0.0,0,248.62
p2_W1_E1.15,2016.0,7.79,0.0,0,236.62
p2_W_E.15,2016.0,8.05,0.0,0,247.11
p2_S2_W2.3,1983.0,41.99,16.0,3,339.23
p2_N2_E2.3,1983.0,41.81,19.0,2,345.49
p2_E_W.34,2004.0,20.86,7.0,1,279.3
p2_E3_W3.36,2016.0,7.69,0.0,0,239.64
p2_E_W.36,2016.0,10.97,0.0,0,261.2
p2_S1_N1.11,2020.0,8.45,0.0,0,245.45
p2_N3_S3.11,2020.0,8.14,0.0,0,264.57
p2_S3_N3.11,2020.0,8.4,0.0,0,252.34
p2_W3_N1.3,1980.0,49.97,30.0,2,333.02
p2_E_W.33,1998.0,25.01,11.0,1,280.78
p2_S1_N1.10,2000.0,30.14,17.0,1,293.21
p2_N1_S1.10,2000.0,30.02,16.0,1,290.05
p2_E_W.35,2010.0,14.39,0.0,0,263.29
p2_E2_S2.3,1983.0,44.57,23.0,3,342.4
p2_S3_N3.10,2000.0,28.6,14.0,1,288.27
p2_N3_E1.4,2043.0,37.71,24.0,2,216.5
p2_E_W.37,2022.0,8.78,0.0,0,239.94
p2_W_E.16,2031.0,7.43,0.0,0,231.61
p2_N3_S3.10,2000.0,25.96,12.0,1,288.13
p2_E_W.39,2034.0,8.38,0.0,0,241.32
p2_W_E.14,2002.0,16.88,3.0,1,273.21
p2_E3_W3.37,2022.0,25.55,12.0,1,289.04
p2_W1_E1.16,2031.0,17.0,3.0,1,276.79
p2_E_W.40,2040.0,7.75,0.0,0,249.22
p2_N1_E3.3,1983.0,12.99,0.0,0,361.23
p2_E3_W3.39,2034.0,15.76,3.0,1,274.42
p2_E1_W1.39,2034.0,16.7,3.0,1,281.99
p2_W3_E3.16,2031.0,16.4,3.0,1,269.98
p2_N2_S2.11,2020.0,33.07,19.0,1,296.39
p2_E3_W3.38,2028.0,25.26,7.0,1,297.48
p2_W1_E1.17,2045.0,7.86,0.0,0,247.09
p2_W3_E3.17,2045.0,7.87,0.0,0,252.39
p2_E1_W1.37,2022.0,23.95,10.0,1,284.84
p2_E1_W1.40,2040.0,12.59,0.0,0,262.72
p2_E3_W3.40,2040.0,16.13,1.0,1,284.07
p2_E3_W3.42,2052.0,7.06,0.0,0,245.0
p2_E1_W1.41,2046.0,9.03,0.0,0,253.21
p2_E1_W1.42,2052.0,7.7,0.0,0,238.74
p2_E3_W3.41,2046.0,9.46,0.0,0,241.31
p2_S2_N2.12,2040.0,9.14,0.0,0,250.7
p2_W1_E1.18,2060.0,7.44,0.0,0,242.9
p2_E1_W1.36,2016.0,25.04,11.0,1,288.19
p2_N2_S2.12,2040.0,11.46,0.0,0,256.51
p2_W3_E3.18,2060.0,7.74,0.0,0,237.93
p2_E1_W1.38,2028.0,17.8,0.0,0,288.79
p2_E3_W3.43,2058.0,8.22,0.0,0,240.54
p2_S2_W2.4,2043.0,27.85,12.0,2,303.61
p2_E_W.41,2046.0,24.77,13.0,1,294.74
p2_W1_N3.4,2040.0,31.89,20.0,1,298.31
p2_W_E.17,2045.0,27.03,12.0,1,290.94
p2_E_W.42,2052.0,20.51,6.0,1,277.62
p2_N2_E2.4,2043.0,17.03,1.0,1,292.48
p2_W_E.18,2060.0,12.39,0.0,0,262.24
p2_E3_S3.5,2103.0,9.19,0.0,0,170.5
p2_S2_N2.11,2020.0,26.39,12.0,1,302.16
p2_W3_N1.4,2040.0,35.88,18.0,2,324.09
p2_E_W.43,2058.0,18.12,2.0,1,270.34
p2_N3_S3.13,2060.0,18.16,6.0,1,272.0
p2_E_W.45,2070.0,8.08,0.0,0,245.31
p2_E_W.44,2064.0,16.05,0.0,0,267.65
p2_S3_N3.12,2040.0,34.39,20.0,1,293.98
p2_S3_N3.13,2060.0,17.08,3.0,1,273.26
p2_E1_S1.3,1983.0,55.17,20.0,2,476.26
p2_W_E.19,2074.0,8.35,0.0,0,236.3
p2_N1_S1.11,2020.0,42.12,27.0,1,314.87
p2_E_W.46,2076.0,6.95,0.0,0,247.76
p2_N1_S1.12,2040.0,43.87,23.0,1,345.79
p2_S1_W1.4,2043.0,32.65,18.0,1,304.81
p2_N1_S1.13,2060.0,26.09,4.0,1,301.72
p2_E_W.38,2028.0,30.68,15.0,1,296.75
p2_S1_N1.12,2040.0,32.1,19.0,1,291.0
p2_S1_N1.13,2060.0,14.39,1.0,1,272.33
p2_N1_S1.14,2080.0,8.25,0.0,0,243.71
p2_N1_S1.9,1980.0,70.65,49.0,2,367.53
p2_S1_N1.14,2080.0,9.51,0.0,0,238.21
p2_S3_N3.14,2080.0,8.94,0.0,0,242.1
p2_N3_S3.12,2040.0,32.3,17.0,1,289.77
p2_N3_E1.5,2103.0,17.24,2.0,1,191.06
p2_W3_E3.19,2074.0,19.39,7.0,1,282.56
p2_S3_W3.4,2043.0,50.6,33.0,2,346.59
p2_E1_W1.44,2064.0,30.21,15.0,1,290.64
p2_W1_E1.19,2074.0,20.25,6.0,1,273.15
p2_E3_W3.45,2070.0,23.6,9.0,1,281.52
p2_E1_W1.43,2058.0,28.76,16.0,1,287.07
p2_E1_W1.47,2082.0,14.67,0.0,0,266.46
p2_E3_W3.47,2082.0,15.34,0.0,0,267.29
p2_S2_N2.13,2060.0,38.22,26.0,1,301.42
p2_E1_W1.48,2088.0,10.43,0.0,0,262.48
p2_W2_N2.4,2040.0,58.62,35.0,3,377.97
p2_N2_S2.13,2060.0,39.21,27.0,1,311.1
p2_E3_W3.48,2088.0,11.02,0.0,0,270.83
p2_W1_E1.20,2088.0,7.95,0.0,0,239.94
p2_W3_E3.20,2088.0,9.15,0.0,0,244.98
p2_E3_W3.49,2094.0,7.89,0.0,0,240.98
p2_E3_W3.46,2076.0,25.34,6.0,1,313.66
p2_S2_N2.14,2080.0,16.58,4.0,1,272.06
p2_E3_W3.44,2064.0,26.76,14.0,1,294.1
p2_N2_S2.15,2100.0,7.9,0.0,0,239.65
p2_W1_E1.21,2103.0,7.51,0.0,0,240.81
p2_E1_W1.45,2070.0,18.75,4.0,1,273.67
p2_W3_E3.21,2103.0,7.67,0.0,0,246.56
p2_E1_W1.46,2076.0,16.14,0.0,0,267.59
p2_E1_W1.49,2094.0,12.43,0.0,0,249.87
p2_E1_W1.50,2100.0,10.95,0.0,0,253.34
p2_S2_N2.15,2100.0,8.51,0.0,0,242.33
p2_E1_W1.51,2106.0,8.4,0.0,0,241.41
p2_N2_E2.5,2103.0,12.16,0.0,0,271.88
p2_N2_S2.14,2080.0,12.96,0.0,0,266.42
p2_S2_W2.5,2103.0,14.09,0.0,0,283.02
p2_E_W.47,2082.0,30.3,16.0,1,294.99
p2_W1_N3.5,2100.0,19.82,8.0,1,279.38
p2_E_W.51,2106.0,13.11,0.0,0,260.63
p2_E_W.49,2094.0,26.94,11.0,1,311.5
p2_E1_S1.4,2043.0,35.24,16.0,1,415.79
p2_N1_S1.15,2100.0,22.08,10.0,1,289.67
p2_N3_S3.15,2100.0,22.29,9.0,1,272.34
p2_W3_N1.5,2100.0,21.5,7.0,1,299.32
p2_E_W.52,2112.0,9.91,0.0,0,258.2
p2_E_W.48,2088.0,31.72,15.0,1,311.71
p2_E_W.50,2100.0,22.05,5.0,1,293.06
p2_W_E.22,2117.0,7.52,0.0,0,236.11
p2_E2_S2.4,2043.0,81.65,50.0,4,416.64
p2_S1_N1.15,2100.0,23.03,7.0,1,308.23
p2_W_E.21,2103.0,8.95,0.0,0,247.18
p2_E_W.53,2118.0,8.1,0.0,0,243.09
p2_S1_W1.5,2103.0,24.18,5.0,1,308.79
p2_S3_N3.15,2100.0,19.55,7.0,1,273.3
p2_S3_N3.16,2120.0,8.49,0.0,0,237.55
p2_W_E.20,2088.0,25.7,10.0,1,284.13
p2_N3_S3.14,2080.0,39.32,25.0,1,315.31
p2_E_W.54,2124.0,8.72,0.0,0,237.8
p2_N3_E1.6,2163.0,12.75,1.0,1,184.46
p2_N1_E3.4,2043.0,53.7,30.0,2,440.9
p2_W3_E3.22,2117.0,22.98,10.0,1,288.14
p2_E1_W1.53,2118.0,22.53,9.0,1,280.21
p2_E_W.55,2130.0,8.63,0.0,0,247.9
p2_W1_E1.23,2132.0,7.91,0.0,0,254.86
p2_E1_W1.56,2136.0,7.67,0.0,0,240.84
p2_E3_W3.52,2112.0,32.84,15.0,1,303.33
p2_N2_S2.16,2120.0,25.02,12.0,1,298.48
p2_W3_E3.23,2132.0,8.65,0.0,0,240.16
p2_W1_E1.22,2117.0,21.14,7.0,1,269.17
p2_S2_N2.16,2120.0,24.01,11.0,1,284.53
p2_E1_W1.54,2124.0,21.0,5.0,1,286.65
p2_E2_S2.5,2103.0,34.56,11.0,2,335.83
p2_E3_S3.6,2163.0,27.19,15.0,2,203.16
p2_N2_S2.17,2140.0,8.69,0.0,0,243.6
p2_S2_N2.17,2140.0,8.0,0.0,0,247.41
p2_E1_W1.57,2142.0,8.51,0.0,0,240.02
p2_W2_N2.5,2100.0,34.82,17.0,1,317.51
p2_W3_E3.24,2146.0,7.34,0.0,0,240.34
p2_S3_W3.5,2103.0,29.31,10.0,1,310.34
p2_W1_E1.24,2146.0,8.09,0.0,0,228.97
p2_E3_W3.50,2100.0,27.98,12.0,1,292.58
p2_E3_W3.51,2106.0,45.26,20.0,2,338.28
p2_E3_W3.54,2124.0,32.16,4.0,1,340.16
p2_E3_W3.56,2136.0,15.4,0.0,0,271.13
p2_E3_W3.57,2142.0,9.14,0.0,0,248.11
p2_E1_W1.58,2148.0,8.05,0.0,0,243.41
p2_E1_W1.52,2112.0,21.37,8.0,1,280.72
p2_E3_W3.58,2148.0,11.75,0.0,0,260.22
p2_E1_W1.59,2154.0,8.02,0.0,0,245.98
p2_E3_W3.59,2154.0,8.26,0.0,0,241.56
p2_E_W.56,2136.0,26.79,13.0,1,292.65
p2_E1_W1.55,2130.0,10.46,0.0,0,254.09
p2_E3_W3.53,2118.0,18.14,4.0,1,275.19
p2_E_W.58,2148.0,16.65,4.0,1,274.36
p2_W_E.23,2132.0,30.54,16.0,1,292.74
p2_E3_W3.55,2130.0,10.26,0.0,0,248.29
p2_S3_N3.17,2140.0,28.11,14.0,1,287.21
p2_W_E.25,2160.0,8.43,0.0,0,242.0
p2_N1_S1.18,2160.0,8.29,0.0,0,240.29
p2_N1_S1.17,2140.0,30.22,16.0,1,302.14
p2_N3_S3.16,2120.0,40.69,27.0,1,312.96
p2_E_W.57,2142.0,19.26,5.0,1,272.25
p2_E1_S1.5,2103.0,24.52,3.0,1,397.19
p2_N1_S1.16,2120.0,40.59,27.0,1,315.85
p2_S1_N1.16,2120.0,39.79,25.0,1,306.85
p2_W_E.24,2146.0,13.47,0.0,0,272.06
p2_E_W.59,2154.0,9.49,0.0,0,242.09
p2_E_W.60,2160.0,13.1,0.0,0,270.16
p2_S1_N1.18,2160.0,9.07,0.0,0,232.89
p2_S1_N1.17,2140.0,25.17,11.0,1,286.8
p2_N3_S3.17,2140.0,25.7,11.0,1,283.71
p2_E_W.62,2172.0,7.85,0.0,0,246.87
p2_W_E.26,2175.0,7.44,0.0,0,239.12
p2_S3_N3.18,2160.0,9.47,0.0,0,248.06
p2_E1_W1.60,2160.0,26.0,12.0,1,290.7
p2_W3_E3.25,2160.0,26.0,13.0,1,284.06
p2_S3_W3.6,2163.0,22.17,4.0,1,301.25
p2_E3_W3.60,2160.0,26.96,11.0,1,300.95
p2_E1_W1.61,2166.0,22.15,7.0,1,279.31
p2_E3_W3.61,2166.0,22.18,7.0,1,282.4
p2_W3_E3.26,2175.0,12.95,0.0,0,269.78
p2_W1_E1.25,2160.0,30.17,13.0,1,321.95
p2_S2_N2.18,2160.0,31.13,18.0,1,294.49
p2_E2_S2.6,2163.0,28.18,13.0,1,311.42
p2_E1_W1.62,2172.0,15.6,0.0,0,274.84
p2_N2_S2.19,2180.0,12.47,0.0,0,266.42
p2_E1_W1.64,2184.0,8.32,0.0,0,242.22
p2_E3_S3.7,2223.0,11.45,0.0,0,168.82
p2_W2_N2.6,2163.0,27.59,10.0,1,304.07
p2_E3_W3.64,2184.0,8.6,0.0,0,246.31
p2_S2_N2.19,2180.0,13.28,0.0,0,261.08
p2_W1_E1.26,2175.0,19.73,2.0,1,295.08
p2_W1_E1.27,2189.0,9.58,0.0,0,254.0
p2_E1_W1.65,2190.0,8.3,0.0,0,238.28
p2_E3_W3.62,2172.0,22.62,5.0,2,289.61
p2_E3_W3.63,2178.0,10.31,0.0,0,254.25
p2_E3_W3.65,2190.0,7.9,0.0,0,240.17
p2_N2_S2.18,2160.0,27.52,14.0,1,288.73
p2_E3_W3.66,2196.0,8.03,0.0,0,244.72
p2_W1_N3.6,2163.0,41.62,24.0,2,336.51
p2_E1_W1.63,2178.0,8.73,0.0,0,258.52
p2_W_E.27,2189.0,19.87,5.0,1,275.02
p2_W3_E3.27,2189.0,9.57,0.0,0,237.99
p2_E1_W1.66,2196.0,8.46,0.0,0,243.75
p2_S2_W2.6,2163.0,41.68,19.0,3,350.26
p2_E_W.66,2196.0,15.53,0.0,0,263.4
p2_W_E.28,2204.0,8.0,0.0,0,245.01
p2_W3_N1.6,2163.0,50.86,32.0,2,354.72
p2_N1_S1.19,2180.0,34.21,20.0,1,302.25
p2_S3_N3.19,2180.0,33.22,21.0,1,304.22
p2_S3_N3.20,2200.0,14.26,0.0,0,264.85
p2_E_W.67,2202.0,11.22,0.0,0,264.11
p2_E_W.61,2166.0,32.18,16.0,1,298.2
p2_E_W.64,2184.0,32.44,11.0,1,309.82
p2_S1_N1.20,2200.0,15.75,1.0,1,291.49
p2_E_W.68,2208.0,8.3,0.0,0,245.68
p2_N1_S1.20,2200.0,11.83,0.0,0,268.61
p2_E_W.63,2178.0,31.54,15.0,1,307.27
p2_N3_S3.19,2180.0,34.24,20.0,1,310.34
p2_N3_E1.7,2223.0,38.43,27.0,2,222.68
p2_N1_E3.5,2103.0,74.57,44.0,4,505.33
p2_N3_S3.20,2200.0,16.06,0.0,0,301.01
p2_N3_S3.18,2160.0,38.1,23.0,1,307.16
p2_S1_N1.19,2180.0,32.01,17.0,1,298.12
p2_E_W.65,2190.0,16.74,3.0,1,276.21
p2_W_E.29,2218.0,7.58,0.0,0,243.8
p2_E_W.69,2214.0,8.51,0.0,0,246.02
p2_S1_W1.6,2163.0,52.03,35.0,2,328.67
p2_W1_E1.28,2204.0,27.93,15.0,1,291.3
p2_W1_E1.29,2218.0,13.78,1.0,1,272.35
p2_W3_E3.29,2218.0,13.93,1.0,1,270.47
p2_E3_W3.67,2202.0,28.59,14.0,1,280.19
p2_E1_W1.68,2208.0,22.67,10.0,1,285.67
p2_E3_W3.69,2214.0,22.21,6.0,1,293.14
p2_S2_N2.21,2220.0,16.58,4.0,1,267.35
p2_E1_W1.67,2202.0,29.08,16.0,1,290.54
p2_E3_W3.68,2208.0,22.87,9.0,1,275.19
p2_E1_W1.69,2214.0,23.76,6.0,1,284.69
p2_W3_E3.28,2204.0,25.4,13.0,1,283.23
p2_E3_W3.70,2220.0,16.5,0.0,0,288.33
p2_N2_S2.20,2200.0,38.06,24.0,1,331.04
p2_E1_W1.71,2226.0,13.81,0.0,0,260.24
p2_W1_E1.30,2232.0,8.36,0.0,0,242.76
p2_E3_W3.72,2232.0,7.69,0.0,0,244.21
p2_E1_W1.70,2220.0,12.89,0.0,0,261.26
p2_S2_N2.20,2200.0,35.99,23.0,1,296.21
p2_W1_N3.7,2221.0,10.78,0.0,0,276.53
p2_E1_W1.72,2232.0,11.01,0.0,0,256.41
p2_N2_E2.6,2163.0,80.78,51.0,5,406.95
p2_E1_W1.73,2238.0,8.18,0.0,0,246.93
p2_N2_S2.21,2220.0,15.84,1.0,1,267.08
p2_N2_S2.22,2240.0,8.34,0.0,0,241.44
p2_S2_N2.22,2240.0,7.88,0.0,0,241.05
p2_E3_W3.71,2226.0,9.11,0.0,0,247.05
p2_W3_E3.30,2232.0,8.61,0.0,0,243.16
p2_E3_W3.73,2238.0,8.41,0.0,0,244.16
p2_E3_S3.8,2283.0,8.0,0.0,0,164.88
p2_S2_W2.7,2223.0,31.75,8.0,2,329.21
p2_N2_E2.7,2223.0,31.75,8.0,2,340.18
p2_W_E.30,2232.0,22.63,10.0,1,283.82
p2_E1_W1.74,2244.0,8.09,0.0,0,251.84
p2_W1_E1.31,2247.0,7.63,0.0,0,233.08
p2_E_W.71,2226.0,31.18,14.0,1,298.6
p2_E3_W3.74,2244.0,8.37,0.0,0,241.53
p2_S3_N3.21,2220.0,39.07,27.0,1,299.84
p2_W_E.31,2247.0,11.78,0.0,0,262.91
p2_W3_N1.7,2221.0,38.85,16.0,2,329.14
p2_E_W.74,2244.0,16.54,0.0,0,292.13
p2_E_W.70,2220.0,29.12,16.0,1,289.31
p2_N1_S1.22,2240.0,22.81,7.0,1,289.91
p2_E_W.72,2232.0,32.0,11.0,1,313.33
p2_S3_N3.22,2240.0,20.22,7.0,1,269.42
p2_E_W.75,2250.0,13.97,0.0,0,272.39
p2_N1_S1.21,2220.0,38.21,25.0,1,299.44
p2_S1_N1.22,2240.0,26.39,10.0,1,312.35
p2_N1_E3.6,2163.0,59.44,30.0,2,493.66
p2_S1_W1.7,2223.0,43.84,24.0,2,339.06
p2_E_W.76,2256.0,9.19,0.0,0,252.95
p2_N3_E1.8,2283.0,25.81,13.0,2,204.8
p2_N1_S1.23,2260.0,7.98,0.0,0,237.69
p2_N3_S3.22,2240.0,27.26,8.0,1,302.03
p2_E_W.73,2238.0,21.03,2.0,1,294.35
p2_E_W.77,2262.0,8.24,0.0,0,244.73
p2_N3_S3.23,2260.0,10.68,0.0,0,246.76
p2_W_E.32,2261.0,7.67,0.0,0,234.73
p2_E_W.78,2268.0,8.19,0.0,0,238.76
p2_N3_S3.21,2220.0,35.25,21.0,1,298.04
p2_S3_W3.7,2223.0,53.99,35.0,3,351.44
p2_E1_W1.75,2250.0,27.57,15.0,1,297.38
p2_W3_E3.31,2247.0,31.28,17.0,1,294.63
p2_W1_E1.32,2261.0,16.86,5.0,1,275.93
p2_E1_W1.76,2256.0,22.74,9.0,1,286.21
p2_W3_E3.32,2261.0,17.91,4.0,1,273.83
p2_E3_W3.78,2268.0,12.11,0.0,0,264.08
p2_S1_N1.21,2220.0,34.75,20.0,1,304.23
p2_S2_N2.23,2260.0,23.27,9.0,1,281.01
p2_E1_W1.79,2274.0,8.7,0.0,0,247.1
p2_W1_E1.33,2276.0,7.0,0.0,0,236.18
p2_E2_S2.7,2223.0,56.02,32.0,3,365.45
p2_E1_W1.78,2268.0,10.34,0.0,0,256.5
p2_E1_S1.6,2163.0,79.28,46.0,5,522.31
p2_N2_S2.23,2260.0,21.86,6.0,1,280.47
p2_W2_N2.7,2221.0,50.31,34.0,2,345.75
p2_E1_W1.80,2280.0,7.52,0.0,0,243.51
p2_E3_W3.75,2250.0,25.5,12.0,1,291.49
p2_E3_W3.79,2274.0,14.53,0.0,0,270.94
p2_N2_S2.24,2280.0,8.11,0.0,0,249.54
p2_S2_N2.24,2280.0,8.05,0.0,0,234.94
p2_E3_W3.76,2256.0,33.88,11.0,2,323.03
p2_E3_W3.77,2262.0,28.37,4.0,1,304.28
p2_W1_N3.8,2280.0,13.34,1.0,1,276.57
p2_E1_W1.81,2286.0,7.46,0.0,0,238.93
p2_W3_E3.33,2276.0,9.73,0.0,0,241.78
p2_E3_W3.80,2280.0,8.75,0.0,0,235.0
p2_W3_E3.34,2290.0,7.5,0.0,0,248.82
p2_E_W.79,2274.0,26.76,15.0,1,290.17
p2_S2_W2.8,2283.0,18.34,2.0,1,287.08
p2_E1_W1.77,2262.0,11.18,0.0,0,260.25
p2_N2_E2.8,2283.0,15.63,2.0,1,296.24
p2_E3_W3.81,2286.0,8.14,0.0,0,229.57
p2_W3_N1.8,2280.0,23.89,11.0,1,294.01
p2_E_W.80,2280.0,21.96,9.0,1,275.45
p2_N1_S1.24,2280.0,25.51,13.0,1,284.48
p2_N3_S3.24,2280.0,26.43,12.0,1,290.92
p2_E_W.81,2286.0,20.27,2.0,1,284.97
p2_S1_N1.24,2280.0,28.43,13.0,1,308.11
p2_S1_N1.23,2260.0,41.18,27.0,1,302.26
p2_S3_N3.23,2260.0,40.79,25.0,1,314.04
p2_N1_S1.25,2300.0,8.16,0.0,0,240.07
p2_N3_S3.25,2300.0,8.69,0.0,0,243.0
p2_S3_N3.25,2300.0,8.99,0.0,0,243.6
p2_W_E.34,2290.0,21.33,1.0,1,297.68
p2_E_W.82,2292.0,18.77,1.0,1,294.93
p2_W_E.33,2276.0,22.07,8.0,1,283.15
p2_E_W.83,2298.0,11.99,0.0,0,261.51
p2_S1_W1.8,2283.0,30.09,9.0,2,319.89
p2_W_E.35,2304.0,9.46,0.0,0,247.93
p2_N3_E1.9,2343.0,13.79,2.0,1,180.75
p2_S1_N1.25,2300.0,15.14,0.0,0,273.85
p2_E_W.85,2310.0,8.31,0.0,0,240.34
p2_E_W.84,2304.0,8.45,0.0,0,242.96
p2_E1_W1.83,2298.0,26.21,12.0,1,284.33
p2_E3_S3.9,2343.0,23.88,12.0,1,195.68
p2_S3_W3.8,2283.0,40.0,22.0,2,326.39
p2_E1_W1.85,2310.0,16.06,1.0,1,271.84
p2_W1_E1.35,2304.0,18.66,6.0,1,269.33
p2_W1_E1.36,2319.0,8.05,0.0,0,243.01
p2_W3_E3.36,2319.0,7.96,0.0,0,250.55
p2_E1_W1.86,2316.0,11.62,0.0,0,269.61
p2_S2_N2.26,2320.0,8.26,0.0,0,237.95
p2_E3_W3.85,2310.0,19.58,3.0,1,279.18
p2_E1_S1.7,2223.0,50.48,20.0,4,476.1
p2_E2_S2.8,2283.0,46.94,22.0,3,356.06
p2_S2_N2.25,2300.0,29.87,16.0,1,299.1
p2_E1_W1.84,2304.0,24.79,6.0,1,290.94
p2_W2_N2.8,2280.0,41.72,22.0,2,348.03
p2_E3_W3.86,2316.0,15.37,0.0,0,281.66
p2_W1_E1.34,2290.0,31.28,17.0,1,304.1
p2_W3_E3.35,2304.0,17.66,3.0,1,268.31
p2_N2_S2.25,2300.0,33.44,15.0,1,308.06
p2_E1_W1.87,2322.0,8.06,0.0,0,242.6
p2_E3_W3.83,2298.0,24.01,10.0,1,273.5
p2_E3_W3.87,2322.0,8.23,0.0,0,236.55
p2_E1_W1.88,2328.0,7.43,0.0,0,242.25
p2_N2_S2.26,2320.0,14.08,0.0,0,291.57
p2_E3_W3.88,2328.0,9.1,0.0,0,244.73
p2_E3_W3.82,2292.0,28.63,12.0,1,294.99
p2_E3_W3.84,2304.0,35.05,8.0,1,313.5
p2_E1_W1.82,2292.0,26.96,12.0,1,283.94
p2_W3_E3.37,2333.0,8.86,0.0,0,247.46
p2_E1_W1.89,2334.0,7.71,0.0,0,243.18
p2_E3_W3.89,2334.0,7.47,0.0,0,246.68
p2_W_E.36,2319.0,27.79,16.0,1,289.96
p2_W_E.37,2333.0,13.67,0.0,0,260.37
p2_W1_E1.37,2333.0,8.24,0.0,0,239.51
p2_E_W.89,2334.0,15.8,0.0,0,270.2
p2_S1_N1.27,2340.0,10.32,0.0,0,262.63
p2_E_W.87,2322.0,24.5,10.0,1,285.83
p2_N3_S3.27,2340.0,10.81,0.0,0,256.99
p2_S1_N1.26,2320.0,32.36,18.0,1,294.91
p2_N1_S1.26,2320.0,31.45,18.0,1,295.11
p2_E_W.88,2328.0,20.77,5.0,1,285.45
p2_W_E.38,2348.0,7.12,0.0,0,237.92
p2_E_W.86,2316.0,27.83,14.0,1,289.2
p2_N1_S1.27,2340.0,12.84,0.0,0,271.87
p2_S3_N3.27,2340.0,8.51,0.0,0,238.13
p2_E_W.91,2346.0,13.07,0.0,0,261.64
p2_S1_W1.9,2343.0,10.02,0.0,0,260.05
p2_N3_S3.26,2320.0,29.38,16.0,1,288.24
p2_S3_N3.24,2280.0,51.46,32.0,2,344.75
p2_S3_N3.26,2320.0,30.48,15.0,1,287.36
p2_E_W.90,2340.0,9.49,0.0,0,251.29
p2_E_W.93,2358.0,7.23,0.0,0,243.37
p2_E_W.92,2352.0,8.22,0.0,0,242.04
p2_N3_E1.10,2403.0,6.68,0.0,0,160.04
p2_E3_W3.90,2340.0,29.91,17.0,1,295.8
p2_W_E.39,2362.0,7.75,0.0,0,244.85
p2_N1_E3.7,2223.0,103.78,65.0,6,564.22
p2_W1_E1.39,2362.0,9.35,0.0,0,255.64
p2_W1_E1.38,2348.0,22.15,8.0,1,288.14
p2_E1_W1.90,2340.0,29.11,16.0,1,286.01
p2_E1_W1.91,2346.0,29.02,13.0,1,299.53
p2_E3_W3.91,2346.0,29.4,12.0,1,292.65
p2_E3_S3.10,2403.0,12.56,0.0,0,172.96
p2_E1_S1.8,2283.0,49.59,20.0,3,475.1
p2_E2_S2.9,2343.0,29.62,14.0,2,305.36
p2_E1_W1.92,2352.0,25.22,5.0,1,301.95
p2_E1_W1.93,2358.0,18.88,1.0,1,284.99
p2_N2_S2.27,2340.0,37.84,20.0,1,315.91
p2_S3_W3.9,2343.0,19.08,5.0,1,280.01
p2_E3_W3.92,2352.0,27.03,8.0,2,304.66
p2_E1_W1.94,2364.0,15.41,0.0,0,281.31
p2_E3_W3.95,2370.0,10.12,0.0,0,246.42
p2_W2_N2.9,2340.0,18.59,3.0,1,281.19
p2_S2_N2.28,2360.0,17.75,3.0,1,268.72
p2_E3_W3.93,2358.0,20.53,0.0,0,292.62
p2_S2_N2.27,2340.0,33.03,19.0,1,295.91
p2_W1_N3.9,2340.0,43.92,26.0,2,334.79
p2_N2_S2.28,2360.0,24.51,3.0,1,308.1
p2_W1_E1.40,2376.0,8.18,0.0,0,246.93
p2_E1_W1.96,2376.0,8.67,0.0,0,248.44
p2_W3_E3.38,2348.0,16.99,2.0,1,266.81
p2_E3_W3.96,2376.0,7.42,0.0,0,244.97
p2_E3_W3.97,2382.0,7.56,0.0,0,239.75
p2_E1_W1.97,2382.0,7.97,0.0,0,244.02
p2_W3_E3.40,2376.0,8.95,0.0,0,242.11
p2_N2_E2.9,2343.0,49.9,27.0,3,352.64
p2_E_W.95,2370.0,22.85,10.0,1,279.86
p2_E_W.97,2382.0,12.44,0.0,0,259.42
p2_W3_E3.39,2362.0,10.33,0.0,0,254.12
p2_W_E.40,2376.0,15.78,4.0,1,276.61
p2_E_W.98,2388.0,8.4,0.0,0,248.17
p2_S2_W2.9,2343.0,40.85,17.0,2,337.36
p2_N1_S1.28,2360.0,37.62,24.0,1,299.49
p2_E3_W3.94,2364.0,9.97,0.0,0,243.35
p2_E_W.96,2376.0,22.12,4.0,1,296.92
p2_N1_S1.29,2380.0,17.93,3.0,1,275.7
p2_S1_N1.29,2380.0,18.24,4.0,1,275.29
p2_W_E.41,2391.0,7.76,0.0,0,248.89
p2_N3_S3.28,2360.0,37.67,23.0,1,302.81
p2_E_W.94,2364.0,35.22,16.0,1,308.62
p2_S1_N1.28,2360.0,38.76,25.0,1,316.51
p2_E_W.99,2394.0,8.27,0.0,0,237.65
p2_W3_N1.9,2340.0,49.0,32.0,2,326.41
p2_N3_S3.29,2380.0,16.46,2.0,1,278.7
p2_S3_N3.29,2380.0,14.61,2.0,1,267.61
p2_S1_N1.30,2400.0,6.73,0.0,0,247.95
p2_E_W.100,2400.0,8.44,0.0,0,237.3
p2_S3_N3.30,2400.0,8.61,0.0,0,244.03
p2_N3_S3.30,2400.0,7.63,0.0,0,239.59
p2_E_W.101,2406.0,7.37,0.0,0,234.53
p2_E3_W3.98,2388.0,28.15,15.0,1,294.27
p2_W3_E3.41,2391.0,25.33,11.0,1,288.47
p2_E1_W1.99,2394.0,22.08,8.0,1,281.92
p2_S3_W3.10,2403.0,12.99,0.0,0,278.43
p2_N1_E3.8,2283.0,87.73,49.0,6,550.98
p2_S3_N3.28,2360.0,32.15,18.0,1,298.38
p2_N1_E3.9,2343.0,31.28,10.0,2,410.84
p2_E1_W1.98,2388.0,29.92,15.0,1,296.38
p2_E3_W3.100,2400.0,17.93,3.0,1,270.16
p2_W1_E1.41,2391.0,24.87,11.0,1,280.45
p2_W3_E3.42,2405.0,13.25,0.0,0,275.27
p2_E1_W1.100,2400.0,19.98,4.0,1,287.45
p2_W2_N2.10,2400.0,19.71,5.0,1,293.93
p2_E3_W3.101,2406.0,14.2,0.0,0,273.5
p2_S2_N2.29,2380.0,40.58,26.0,1,318.66
p2_E1_W1.102,2412.0,8.09,0.0,0,245.91
p2_E1_W1.95,2370.0,29.02,15.0,1,292.74
p2_E3_W3.99,2394.0,20.03,6.0,1,272.0
p2_E1_W1.101,2406.0,17.9,0.0,0,289.39
p2_E3_W3.102,2412.0,8.5,0.0,0,241.49
p2_N2_S2.29,2380.0,39.01,25.0,1,308.78
p2_E1_W1.103,2418.0,7.85,0.0,0,249.61
p2_E3_S3.11,2463.0,7.04,0.0,0,163.41
p2_N2_S2.30,2400.0,25.86,9.0,1,295.95
p2_W1_E1.42,2405.0,9.26,0.0,0,243.51
p2_E3_W3.103,2418.0,8.21,0.0,0,239.87
p2_W1_E1.43,2420.0,12.14,0.0,0,256.72
p2_S2_N2.31,2420.0,12.18,0.0,0,265.46
p2_E3_W3.104,2424.0,8.26,0.0,0,243.49
p2_E3_W3.105,2430.0,7.39,0.0,0,243.81
p2_S2_N2.30,2400.0,18.97,2.0,1,269.76
p2_N2_E2.10,2403.0,35.59,14.0,2,334.62
p2_W_E.43,2420.0,18.92,6.0,1,273.98
p2_S2_W2.10,2403.0,36.15,12.0,3,333.43
p2_E_W.102,2412.0,25.79,13.0,1,288.95
p2_W3_E3.43,2420.0,8.61,0.0,0,243.45
p2_E1_W1.104,2424.0,7.91,0.0,0,244.22
p2_W3_N1.10,2400.0,41.95,24.0,2,330.92
p2_E_W.106,2436.0,8.05,0.0,0,244.11
p2_S3_N3.31,2420.0,23.48,9.0,1,284.91
p2_E1_S1.9,2342.0,52.23,29.0,2,446.35
p2_W_E.44,2434.0,9.14,0.0,0,242.4
p2_N3_S3.32,2440.0,8.08,0.0,0,240.67
p2_S3_N3.32,2440.0,8.19,0.0,0,244.3
p2_S1_N1.31,2420.0,22.72,10.0,1,282.32
p2_E_W.103,2418.0,26.26,10.0,2,303.89
p2_E_W.107,2442.0,7.82,0.0,0,256.68
p2_N1_S1.30,2400.0,42.01,29.0,1,311.18
p2_S1_W1.10,2403.0,40.37,25.0,1,332.2
p2_W1_N3.10,2400.0,18.38,4.0,1,283.2
p2_E_W.105,2430.0,21.65,0.0,0,302.21
p2_N3_E1.11,2463.0,31.73,20.0,2,215.8
p2_W_E.42,2405.0,29.66,15.0,1,295.43
p2_N1_S1.32,2440.0,10.75,0.0,0,253.18
p2_S1_N1.32,2440.0,8.63,0.0,0,245.77
p2_W_E.45,2448.0,8.49,0.0,0,240.49
p2_E_W.108,2448.0,8.11,0.0,0,240.76
p2_N1_S1.31,2420.0,22.72,9.0,1,286.19
p2_N3_S3.31,2420.0,18.92,6.0,1,281.6
p2_E1_W1.106,2436.0,25.5,13.0,1,282.11
p2_W3_E3.45,2448.0,13.46,0.0,0,261.19
p2_E3_W3.106,2436.0,26.58,12.0,1,290.67
p2_E3_W3.107,2442.0,20.3,7.0,1,277.26
p2_W3_E3.44,2434.0,26.81,14.0,1,289.79
p2_W1_E1.45,2448.0,12.75,0.0,0,270.19
p2_W1_E1.44,2434.0,29.87,14.0,1,313.85
p2_E3_W3.108,2448.0,16.34,3.0,1,273.14
p2_E3_W3.109,2454.0,10.51,0.0,0,251.8
p2_E1_W1.105,2430.0,30.47,17.0,1,297.47
p2_E1_W1.107,2442.0,22.01,7.0,1,278.68
p2_S2_N2.32,2440.0,27.08,13.0,1,284.91
p2_E1_W1.109,2454.0,13.98,0.0,0,285.81
p2_E1_W1.110,2460.0,9.68,0.0,0,246.02
p2_E2_S2.10,2403.0,57.3,36.0,3,357.52
p2_N2_S2.31,2420.0,41.54,26.0,1,310.41
p2_W3_E3.46,2463.0,8.13,0.0,0,238.49
p2_E1_W1.108,2448.0,13.18,0.0,0,273.95
p2_W1_E1.46,2463.0,7.98,0.0,0,246.21
p2_N2_S2.32,2440.0,24.8,10.0,1,288.16
p2_E_W.104,2424.0,10.7,0.0,0,268.28
p2_N2_S2.33,2460.0,8.97,0.0,0,239.81
p2_E1_W1.111,2466.0,8.65,0.0,0,257.03
p2_E3_W3.111,2466.0,8.5,0.0,0,240.68
p2_E1_W1.112,2472.0,8.03,0.0,0,244.71
p2_S2_N2.33,2460.0,9.05,0.0,0,242.86
p2_E_W.109,2454.0,31.49,17.0,1,290.71
p2_S2_W2.11,2463.0,16.17,3.0,1,277.62
p2_W_E.46,2463.0,22.44,8.0,1,280.06
p2_E_W.110,2460.0,29.13,12.0,1,301.54
p2_E_W.113,2478.0,10.12,0.0,0,263.96
p2_E1_S1.10,2403.0,43.77,22.0,2,430.06
p2_E_W.112,2472.0,18.46,3.0,1,287.2
p2_W3_N1.11,2460.0,30.36,15.0,1,312.61
p2_E_W.111,2466.0,24.96,6.0,1,293.79
p2_W_E.47,2477.0,11.18,0.0,0,266.05
p2_S3_N3.33,2460.0,29.8,15.0,1,287.62
p2_S1_N1.33,2460.0,32.74,17.0,1,310.87
p2_N3_S3.33,2460.0,28.22,15.0,1,293.46
p2_S1_N1.34,2480.0,11.37,0.0,0,276.5
p2_S1_W1.11,2463.0,32.09,14.0,2,314.65
p2_E_W.115,2490.0,7.9,0.0,0,238.21
p2_N1_S1.33,2460.0,38.96,16.0,1,337.47
p2_N1_S1.34,2480.0,9.83,0.0,0,255.63
p2_N3_E1.12,2523.0,11.62,0.0,0,173.69
p2_N3_S3.34,2480.0,9.21,0.0,0,255.14
p2_E_W.116,2496.0,8.39,0.0,0,245.89
p2_E_W.114,2484.0,9.39,0.0,0,248.64
p2_W_E.48,2492.0,8.3,0.0,0,241.28
p2_S3_W3.11,2463.0,44.82,27.0,2,331.3
p2_E1_W1.113,2478.0,29.99,17.0,1,292.85
p2_S3_N3.34,2480.0,8.81,0.0,0,252.43
p2_E1_W1.114,2484.0,24.38,11.0,1,279.73
p2_W3_E3.48,2492.0,15.91,3.0,1,266.73
p2_W1_E1.48,2492.0,15.58,3.0,1,269.58
p2_E1_W1.117,2502.0,8.49,0.0,0,237.24
p2_E3_W3.115,2490.0,20.76,5.0,1,294.49
p2_N2_S2.35,2500.0,12.34,0.0,0,266.74
p2_S2_N2.35,2500.0,12.17,0.0,0,263.86
p2_W1_E1.47,2477.0,29.92,15.0,1,291.44
p2_S2_N2.34,2480.0,33.51,21.0,1,303.34
p2_E3_W3.117,2502.0,9.02,0.0,0,243.66
p2_W2_N2.11,2460.0,53.76,29.0,3,356.36
p2_W3_E3.49,2506.0,8.39,0.0,0,245.18
p2_N1_E3.10,2403.0,49.51,28.0,2,446.08
p2_E3_W3.113,2478.0,33.41,15.0,1,296.06
p2_W1_E1.49,2506.0,7.81,0.0,0,244.82
p2_E1_W1.118,2508.0,8.21,0.0,0,245.81
p2_N2_E2.11,2463.0,54.35,28.0,2,366.3
p2_E3_W3.116,2496.0,14.47,0.0,0,267.78
p2_N2_S2.34,2480.0,30.77,17.0,1,297.96
p2_E3_W3.118,2508.0,11.81,0.0,0,275.82
p2_E3_S3.12,2523.0,34.75,20.0,2,204.2
p2_E3_W3.114,2484.0,37.63,12.0,1,336.46
p2_E1_W1.119,2514.0,8.69,0.0,0,250.42
p2_E3_W3.119,2514.0,9.43,0.0,0,249.02
p2_E1_W1.115,2490.0,15.84,1.0,1,275.23
p2_E3_W3.110,2460.0,32.67,16.0,1,300.81
p2_E1_W1.116,2496.0,11.42,0.0,0,252.71
p2_W1_E1.50,2520.0,8.3,0.0,0,237.52
p2_E1_W1.120,2520.0,8.33,0.0,0,247.09
p2_E3_W3.120,2520.0,8.37,0.0,0,245.88
p2_W_E.50,2520.0,9.11,0.0,0,273.31
p2_W3_E3.50,2520.0,8.92,0.0,0,253.7
p2_W1_N3.11,2460.0,45.99,31.0,2,322.82
p2_E3_W3.112,2472.0,30.02,15.0,1,294.51
p2_E_W.117,2502.0,29.16,16.0,1,287.06
p2_W_E.49,2506.0,25.55,11.0,1,290.83
p2_E_W.118,2508.0,22.02,9.0,1,282.52
p2_E_W.119,2514.0,19.34,5.0,1,284.56
p2_E_W.120,2520.0,14.5,0.0,0,275.68
p2_E2_S2.11,2463.0,71.67,46.0,3,394.81
p2_N1_S1.35,2500.0,35.55,21.0,1,302.72
p2_S1_N1.35,2500.0,35.61,22.0,1,307.32
p2_S3_N3.35,2500.0,35.87,23.0,1,302.66
p2_S3_N3.36,2520.0,15.56,3.0,1,275.5
p2_N3_S3.35,2500.0,36.24,22.0,1,305.32
p2_E_W.121,2526.0,8.75,0.0,0,237.82
p2_S1_N1.36,2520.0,15.25,2.0,1,267.75
p2_E1_S1.11,2463.0,26.29,6.0,1,397.73
p2_W3_E3.47,2477.0,22.9,7.0,1,286.06
p2_N3_S3.36,2520.0,16.26,1.0,1,275.41
p2_W_E.51,2535.0,7.69,0.0,0,237.29
p2_N1_S1.36,2520.0,15.03,2.0,1,269.46
p2_E_W.122,2532.0,7.81,0.0,0,240.91
p2_N3_S3.37,2540.0,7.54,0.0,0,232.28
p2_E_W.123,2538.0,8.57,0.0,0,237.06
p2_N1_S1.37,2540.0,8.23,0.0,0,245.37
p2_N3_E1.13,2583.0,6.73,0.0,0,153.11
p2_N1_E3.11,2463.0,47.39,22.0,3,442.25
p2_W3_E3.51,2535.0,18.85,5.0,1,276.37
p2_S1_W1.12,2523.0,14.94,0.0,0,269.74
p2_W1_E1.51,2535.0,17.78,5.0,1,286.5
p2_S3_W3.12,2523.0,25.93,8.0,1,310.33
p2_W1_E1.52,2549.0,9.43,0.0,0,264.03
p2_N2_S2.36,2520.0,39.1,26.0,1,310.88
p2_S2_N2.36,2520.0,39.13,25.0,1,302.43
p2_E3_W3.124,2544.0,14.62,0.0,0,280.77
p2_E3_S3.13,2583.0,17.37,5.0,2,190.65
p2_E3_W3.121,2526.0,26.45,11.0,1,281.91
p2_W2_N2.12,2523.0,29.3,11.0,1,307.4
p2_E3_W3.122,2532.0,24.78,9.0,1,296.83
p2_N2_S2.37,2540.0,19.58,7.0,1,276.6
p2_E1_W1.121,2526.0,25.42,11.0,1,281.19
p2_E1_W1.122,2532.0,21.65,8.0,1,281.96
p2_E1_W1.124,2544.0,21.9,0.0,0,311.79
p2_E1_W1.123,2538.0,23.58,3.0,2,300.72
p2_S2_N2.38,2560.0,7.68,0.0,0,245.19
p2_E1_W1.126,2556.0,9.25,0.0,0,250.55
p2_E3_W3.126,2556.0,7.57,0.0,0,245.27
p2_W3_E3.52,2549.0,8.78,0.0,0,253.16
p2_E3_W3.127,2562.0,8.83,0.0,0,240.4
p2_W3_E3.53,2564.0,7.58,0.0,0,239.69
p2_E1_W1.125,2550.0,8.1,0.0,0,240.63
p2_E3_W3.125,2550.0,9.72,0.0,0,248.1
p2_W1_E1.53,2564.0,7.97,0.0,0,250.99
p2_W1_N3.12,2523.0,42.91,26.0,2,346.48
p2_E3_W3.123,2538.0,30.06,7.0,2,318.49
p2_E1_W1.128,2568.0,8.38,0.0,0,237.95
p2_E3_W3.128,2568.0,8.49,0.0,0,243.76
p2_E_W.126,2556.0,20.85,7.0,1,289.89
p2_E_W.127,2562.0,16.85,2.0,1,273.7
p2_E2_S2.12,2523.0,56.59,26.0,3,372.92
p2_S2_W2.12,2523.0,46.39,24.0,2,347.26
p2_E_W.128,2568.0,13.06,0.0,0,270.39
p2_W3_N1.12,2523.0,55.17,37.0,2,338.34
p2_S1_N1.38,2560.0,22.07,9.0,1,280.53
p2_N3_S3.38,2560.0,21.78,10.0,1,284.14
p2_S3_N3.38,2560.0,21.81,9.0,1,283.0
p2_E_W.124,2544.0,31.46,16.0,1,290.51
p2_N1_S1.38,2560.0,21.32,9.0,1,273.95
p2_W_E.54,2578.0,8.02,0.0,0,240.24
p2_S1_N1.37,2540.0,40.73,26.0,1,308.93
p2_S1_N1.39,2580.0,7.97,0.0,0,232.02
p2_N3_S3.39,2580.0,7.74,0.0,0,238.11
p2_S3_N3.39,2580.0,8.22,0.0,0,232.49
p2_E_W.129,2574.0,8.16,0.0,0,250.17
p2_E_W.130,2580.0,11.02,0.0,0,245.83
p2_N1_S1.39,2580.0,8.01,0.0,0,235.78
p2_W_E.52,2549.0,24.05,10.0,1,278.65
p2_S1_W1.13,2583.0,8.89,0.0,0,252.41
p2_E_W.125,2550.0,24.44,11.0,1,280.36
p2_E_W.131,2586.0,9.73,0.0,0,254.12
p2_W1_E1.54,2578.0,21.52,9.0,1,280.02
p2_W3_E3.54,2578.0,22.2,7.0,1,279.39
p2_E1_W1.130,2580.0,19.76,7.0,1,272.97
p2_W_E.55,2592.0,7.8,0.0,0,244.46
p2_E1_W1.129,2574.0,27.13,13.0,1,296.98
p2_S3_N3.37,2540.0,35.83,22.0,1,295.11
p2_E1_W1.127,2562.0,29.24,16.0,1,289.95
p2_E3_W3.129,2574.0,23.64,10.0,1,284.41
p2_E3_W3.132,2592.0,12.67,0.0,0,276.61
p2_W2_N2.13,2581.0,24.59,10.0,1,293.74
p2_E1_W1.131,2586.0,14.63,1.0,1,268.37
p2_E3_W3.131,2586.0,20.58,2.0,1,290.96
p2_E3_W3.130,2580.0,20.58,5.0,1,272.47
p2_S2_N2.39,2580.0,27.33,11.0,1,306.14
p2_E3_S3.14,2643.0,7.1,0.0,0,157.34
p2_W_E.53,2564.0,10.53,0.0,0,256.16
p2_E1_W1.132,2592.0,13.15,0.0,0,273.92
p2_N2_E2.12,2523.0,84.15,59.0,5,427.81
p2_E1_W1.133,2598.0,11.24,0.0,0,266.24
p2_E3_W3.133,2598.0,7.55,0.0,0,248.5
p2_N2_S2.38,2560.0,41.13,28.0,1,312.38
p2_E2_S2.13,2583.0,14.08,1.0,1,273.1
p2_N2_S2.39,2580.0,31.84,12.0,1,314.81
p2_N2_S2.40,2600.0,11.82,0.0,0,258.73
p2_E1_W1.134,2604.0,8.02,0.0,0,238.1
p2_W1_N3.13,2581.0,31.71,13.0,2,320.99
p2_W1_E1.55,2592.0,8.86,0.0,0,240.92
p2_S2_N2.37,2540.0,44.47,25.0,1,329.65
p2_W3_E3.55,2592.0,9.14,0.0,0,248.89
p2_S2_N2.40,2600.0,8.12,0.0,0,244.05
p2_E3_W3.134,2604.0,8.36,0.0,0,242.47
p2_S2_W2.13,2583.0,39.66,15.0,3,344.36
p2_N2_E2.13,2583.0,39.94,15.0,4,356.41
p2_E3_W3.135,2610.0,8.73,0.0,0,243.43
p2_E1_W1.135,2610.0,8.5,0.0,0,240.75
p2_N1_S1.40,2600.0,27.11,15.0,1,293.92
p2_S3_N3.40,2600.0,27.54,15.0,1,290.15
p2_W_E.56,2607.0,14.7,1.0,1,271.97
p2_W3_N1.13,2581.0,46.95,25.0,3,338.05
p2_E_W.132,2592.0,28.39,16.0,1,296.23
p2_E_W.133,2598.0,22.95,9.0,1,281.06
p2_S1_N1.40,2600.0,28.88,16.0,1,298.73
p2_E1_S1.12,2523.0,56.72,32.0,3,453.5
p2_N3_S3.40,2600.0,30.28,15.0,1,310.41
p2_E_W.134,2604.0,22.21,6.0,1,306.17
p2_E_W.136,2616.0,15.19,0.0,0,279.87
p2_E_W.137,2622.0,8.79,0.0,0,261.26
p2_E_W.135,2610.0,11.57,0.0,0,254.78
p2_N3_S3.41,2620.0,13.83,0.0,0,271.9
p2_N1_E3.12,2523.0,68.78,33.0,4,502.94
p2_N3_E1.14,2643.0,27.11,13.0,2,201.0
p2_E_W.138,2628.0,7.87,0.0,0,247.25
p2_E_W.139,2634.0,7.55,0.0,0,238.46
p2_N1_S1.41,2620.0,9.25,0.0,0,246.04
p2_S3_N3.41,2620.0,8.41,0.0,0,242.46
p2_E1_W1.137,2622.0,23.48,12.0,1,281.29
p2_W1_E1.58,2636.0,8.71,0.0,0,259.51
p2_W_E.58,2636.0,9.01,0.0,0,236.95
p2_E1_W1.136,2616.0,30.48,17.0,1,298.28
p2_W1_E1.57,2621.0,25.17,10.0,1,290.54
p2_W3_E3.57,2621.0,24.64,11.0,1,289.06
p2_E3_W3.137,2622.0,24.01,10.0,1,278.87
p2_W_E.57,2621.0,9.12,0.0,0,251.01
p2_E1_W1.138,2628.0,20.39,7.0,1,279.92
p2_E1_W1.139,2634.0,13.94,0.0,0,266.37
p2_E3_W3.139,2634.0,13.92,0.0,0,260.83
p2_N1_E3.13,2583.0,15.8,0.0,0,377.23
p2_W3_E3.56,2607.0,29.96,17.0,1,291.44
p2_E1_W1.140,2640.0,10.26,0.0,0,253.13
p2_E3_W3.140,2640.0,8.82,0.0,0,247.36
p2_S2_N2.42,2640.0,10.45,0.0,0,258.04
p2_N2_S2.41,2620.0,30.93,18.0,1,301.46
p2_S2_N2.41,2620.0,30.82,18.0,1,301.74
p2_W3_E3.58,2636.0,14.79,0.0,0,266.64
p2_S3_W3.13,2583.0,50.86,31.0,2,337.92
p2_W1_E1.56,2607.0,31.22,16.0,1,292.87
p2_E3_W3.138,2628.0,17.24,3.0,1,267.3
p2_E3_W3.141,2646.0,11.45,0.0,0,255.35
p2_E3_W3.136,2616.0,39.73,17.0,1,310.4
p2_W1_E1.59,2650.0,8.4,0.0,0,240.0
p2_W3_E3.59,2650.0,8.09,0.0,0,243.88
p2_N2_S2.42,2640.0,10.2,0.0,0,263.14
p2_E1_W1.141,2646.0,8.14,0.0,0,243.99
p2_E3_W3.142,2652.0,7.57,0.0,0,234.34
p2_W1_N3.14,2640.0,19.72,6.0,1,280.12
p2_E1_W1.143,2658.0,8.1,0.0,0,235.39
p2_E3_S3.15,2703.0,6.09,0.0,0,173.78
p2_S2_W2.14,2643.0,26.02,8.0,2,310.69
p2_N2_E2.14,2643.0,26.02,11.0,1,307.28
p2_W_E.59,2650.0,19.26,6.0,1,280.78
p2_E_W.140,2640.0,29.45,15.0,1,295.1
p2_W_E.60,2664.0,7.83,0.0,0,241.51
p2_E_W.144,2664.0,9.07,0.0,0,259.72
p2_N3_S3.42,2640.0,33.77,19.0,1,294.74
p2_S3_N3.42,2640.0,34.77,21.0,1,300.25
p2_W3_N1.14,2640.0,32.05,13.0,2,319.15
p2_E1_S1.13,2583.0,43.42,21.0,2,433.32
p2_E_W.142,2652.0,26.74,5.0,2,304.59
p2_S1_W1.14,2643.0,34.13,17.0,1,314.0
p2_S1_N1.43,2660.0,20.97,1.0,1,299.34
p2_S3_N3.43,2660.0,14.78,0.0,0,270.71
p2_N1_S1.42,2640.0,31.39,18.0,1,294.4
p2_S1_N1.42,2640.0,43.18,21.0,1,344.3
p2_N1_S1.43,2660.0,23.62,3.0,2,308.21
p2_N3_S3.43,2660.0,12.9,1.0,1,259.35
p2_N3_E1.15,2703.0,24.05,6.0,2,197.78
p2_W_E.61,2679.0,7.97,0.0,0,233.9
p2_E_W.141,2646.0,20.44,5.0,1,275.9
p2_S1_N1.41,2620.0,41.66,27.0,1,309.73
p2_E_W.143,2658.0,14.01,0.0,0,268.86
p2_E_W.145,2670.0,13.98,0.0,0,243.63
p2_W1_E1.61,2679.0,11.89,0.0,0,265.47
p2_E_W.147,2682.0,7.94,0.0,0,243.72
p2_S3_W3.14,2643.0,48.01,25.0,3,338.61
p2_W1_E1.60,2664.0,28.72,16.0,1,288.88
p2_E3_W3.145,2670.0,24.4,7.0,1,298.65
p2_E3_W3.143,2658.0,29.39,16.0,1,298.94
p2_E3_W3.147,2682.0,14.31,0.0,0,273.83
p2_E2_S2.14,2643.0,53.2,31.0,3,365.74
p2_W2_N2.14,2640.0,56.72,32.0,3,367.2
p2_E1_W1.142,2652.0,30.93,16.0,1,297.36
p2_S2_N2.44,2680.0,17.44,3.0,1,270.83
p2_E3_W3.144,2664.0,32.45,12.0,1,316.48
p2_E1_W1.147,2682.0,12.02,0.0,0,275.77
p2_E3_W3.148,2688.0,10.03,0.0,0,260.55
p2_N2_S2.43,2660.0,38.79,24.0,1,317.84
p2_E1_W1.145,2670.0,19.77,6.0,1,282.68
p2_N2_S2.44,2680.0,16.46,3.0,1,277.37
p2_S2_N2.43,2660.0,36.79,22.0,1,294.77
p2_E3_W3.146,2676.0,20.59,4.0,1,304.03
p2_E1_W1.148,2688.0,7.88,0.0,0,250.39
p2_W1_E1.62,2693.0,7.97,0.0,0,242.1
p2_E1_W1.149,2694.0,8.57,0.0,0,238.84
p2_E3_W3.149,2694.0,7.76,0.0,0,238.65
p2_E1_W1.146,2676.0,28.38,3.0,1,304.91
p2_E1_W1.144,2664.0,24.01,10.0,1,291.52
p2_W3_E3.61,2679.0,9.28,0.0,0,244.87
p2_W3_E3.60,2664.0,24.43,10.0,1,285.52
p2_S2_N2.45,2700.0,7.57,0.0,0,236.06
p2_W1_N3.15,2700.0,9.2,0.0,0,252.83
p2_W_E.62,2693.0,21.77,9.0,1,275.05
p2_E3_W3.151,2706.0,7.55,0.0,0,245.51
p2_E_W.149,2694.0,21.63,7.0,1,275.0
p2_E1_W1.150,2700.0,8.74,0.0,0,245.21
p2_E_W.146,2676.0,30.81,15.0,1,286.12
p2_E_W.148,2688.0,27.1,11.0,1,290.69
p2_N1_S1.45,2700.0,19.47,7.0,1,269.96
p2_N3_S3.44,2680.0,39.51,26.0,1,311.58
p2_S3_N3.44,2680.0,40.25,26.0,1,307.34
p2_S3_N3.45,2700.0,19.96,7.0,1,277.32
p2_W_E.63,2708.0,8.32,0.0,0,250.67
p2_E1_S1.14,2643.0,34.55,17.0,1,398.45
p2_N3_S3.45,2700.0,20.34,6.0,1,274.03
p2_W3_N1.15,2700.0,18.53,4.0,1,275.18
p2_E_W.151,2706.0,16.12,0.0,0,289.37
p2_N1_S1.44,2680.0,43.28,28.0,1,329.55
p2_S1_N1.44,2680.0,43.11,26.0,1,328.54
p2_E_W.150,2700.0,14.68,1.0,1,276.5
p2_E_W.153,2718.0,8.24,0.0,0,243.62
p2_S1_N1.46,2720.0,7.18,0.0,0,240.41
p2_N3_E1.16,2763.0,6.88,0.0,0,168.08
p2_E_W.152,2712.0,8.85,0.0,0,234.77
p2_N1_S1.46,2720.0,8.1,0.0,0,241.62
p2_S1_W1.15,2703.0,24.02,7.0,2,307.01
p2_W_E.64,2722.0,8.4,0.0,0,237.73
p2_N3_S3.46,2720.0,7.36,0.0,0,238.56
p2_S1_N1.45,2700.0,17.53,4.0,1,272.69
p2_W1_E1.64,2722.0,15.21,2.0,1,265.16
p2_W3_E3.63,2708.0,30.16,17.0,1,299.42
p2_E1_W1.152,2712.0,25.81,14.0,1,283.0
p2_W1_E1.63,2708.0,29.43,17.0,1,292.91
p2_N1_E3.14,2643.0,53.47,24.0,2,470.03
p2_E3_W3.150,2700.0,31.01,18.0,1,301.05
p2_S3_W3.15,2703.0,39.97,15.0,2,340.93
p2_E3_W3.153,2718.0,18.32,5.0,1,272.06
p2_E2_S2.15,2703.0,40.37,17.0,1,344.08
p2_E3_W3.155,2730.0,14.46,0.0,0,288.16
p2_W1_E1.65,2736.0,8.13,0.0,0,234.24
p2_W3_E3.62,2693.0,31.01,15.0,1,287.33
p2_E3_W3.152,2712.0,33.02,12.0,1,321.6
p2_N2_S2.46,2720.0,24.99,11.0,1,299.23
p2_E1_W1.151,2706.0,28.94,14.0,1,295.47
p2_W3_E3.64,2722.0,13.93,0.0,0,269.66
p2_N2_S2.45,2700.0,41.05,28.0,1,312.64
p2_W3_E3.65,2736.0,8.04,0.0,0,242.29
p2_E1_W1.153,2718.0,19.2,6.0,1,281.1
p2_S2_N2.46,2720.0,23.31,8.0,1,296.43
p2_E1_W1.154,2724.0,12.89,0.0,0,267.53
p2_N2_S2.47,2740.0,7.94,0.0,0,236.08
p2_E3_S3.16,2763.0,29.2,16.0,2,205.49
p2_W2_N2.15,2700.0,27.79,10.0,2,302.86
p2_E1_W1.155,2730.0,20.46,0.0,0,286.31
p2_E3_W3.157,2742.0,8.39,0.0,0,245.62
p2_E1_W1.157,2742.0,8.9,0.0,0,251.2
p2_E1_W1.156,2736.0,10.1,0.0,0,254.3
p2_E3_W3.154,2724.0,11.44,0.0,0,248.24
p2_E3_W3.158,2748.0,8.03,0.0,0,252.52
p2_E3_W3.156,2736.0,8.11,0.0,0,249.39
p2_W1_E1.66,2751.0,8.04,0.0,0,240.81
p2_W_E.66,2751.0,8.36,0.0,0,267.54
p2_W3_E3.66,2751.0,8.23,0.0,0,236.75
p2_E_W.156,2736.0,24.36,12.0,1,279.59
p2_S2_W2.15,2703.0,57.85,33.0,3,370.72
p2_W_E.65,2736.0,25.52,11.0,1,298.94
p2_N2_E2.15,2703.0,53.55,32.0,3,352.63
p2_E_W.158,2748.0,14.84,0.0,0,266.69
p2_S3_N3.47,2740.0,25.7,14.0,1,287.34
p2_E1_S1.15,2703.0,12.3,0.0,0,356.25
p2_S1_N1.47,2740.0,25.42,12.0,1,284.74
p2_E_W.157,2742.0,20.04,6.0,1,279.64
p2_N1_S1.48,2760.0,8.09,0.0,0,240.45
p2_S3_N3.48,2760.0,7.66,0.0,0,242.86
p2_E_W.154,2724.0,30.35,15.0,1,288.77
p2_S1_N1.48,2760.0,8.8,0.0,0,235.38
p2_S3_N3.46,2720.0,39.99,26.0,1,302.49
p2_E_W.155,2730.0,39.75,16.0,1,327.31
p2_N3_S3.48,2760.0,8.2,0.0,0,236.08
p2_N1_S1.47,2740.0,23.64,11.0,1,281.43
p2_S1_W1.16,2763.0,8.68,0.0,0,251.72
p2_E_W.159,2754.0,8.96,0.0,0,236.58
p2_W_E.67,2765.0,7.67,0.0,0,233.64
p2_E_W.161,2766.0,8.18,0.0,0,250.11
p2_N3_S3.47,2740.0,22.94,10.0,1,287.56
p2_E_W.162,2772.0,8.02,0.0,0,249.28
p2_E3_W3.159,2754.0,29.96,16.0,1,296.18
p2_E1_W1.160,2760.0,24.01,8.0,1,282.18
p2_S3_W3.16,2763.0,19.37,4.0,1,298.36
p2_N1_E3.15,2703.0,36.21,11.0,3,424.8
p2_W3_E3.67,2765.0,18.65,4.0,1,283.17
p2_E1_W1.161,2766.0,20.2,5.0,1,271.62
p2_E3_W3.162,2772.0,15.45,1.0,1,254.19
p2_E1_W1.162,2772.0,16.34,1.0,1,272.39
p2_W3_E3.68,2780.0,8.38,0.0,0,240.92
p2_N2_S2.48,2760.0,29.24,16.0,1,293.43
p2_E2_S2.16,2763.0,25.56,9.0,2,305.01
p2_E_W.160,2760.0,9.54,0.0,0,254.46
p2_E3_W3.160,2760.0,24.27,11.0,1,280.02
p2_W1_E1.68,2780.0,8.51,0.0,0,236.62
p2_N2_S2.49,2780.0,11.1,0.0,0,257.37
p2_E3_W3.161,2766.0,26.74,7.0,2,285.38
p2_E1_W1.158,2748.0,27.62,14.0,1,301.02
p2_E3_W3.163,2778.0,19.64,1.0,1,292.01
p2_S2_N2.49,2780.0,15.16,0.0,0,274.73
p2_W1_E1.67,2765.0,15.29,2.0,1,282.77
p2_E3_S3.17,2823.0,8.43,0.0,0,163.85
p2_S2_N2.47,2740.0,39.9,25.0,1,313.49
p2_S2_N2.48,2760.0,25.59,12.0,1,284.75
p2_W1_E1.69,2794.0,7.82,0.0,0,241.12
p2_E3_W3.164,2784.0,8.9,0.0,0,238.96
p2_E1_W1.164,2784.0,9.47,0.0,0,243.91
p2_E_W.164,2784.0,22.4,9.0,1,279.67
p2_E1_W1.159,2754.0,22.51,7.0,1,284.36
p2_N2_E2.16,2763.0,44.16,18.0,2,351.27
p2_W_E.69,2794.0,13.33,0.0,0,264.91
p2_E1_W1.165,2790.0,10.07,0.0,0,254.78
p2_S2_W2.16,2763.0,40.04,19.0,2,340.55
p2_W_E.68,2780.0,29.13,13.0,1,317.09
p2_E_W.166,2796.0,12.74,0.0,0,276.69
p2_S3_N3.50,2800.0,10.5,0.0,0,275.15
p2_E_W.163,2778.0,33.24,16.0,1,309.64
p2_N1_S1.50,2800.0,9.8,0.0,0,253.44
p2_S1_N1.50,2800.0,10.01,0.0,0,256.57
p2_N3_S3.50,2800.0,10.71,0.0,0,263.57
p2_E_W.167,2802.0,9.08,0.0,0,248.4
p2_E_W.165,2790.0,22.83,6.0,1,299.1
p2_N1_S1.49,2780.0,30.85,17.0,1,297.38
p2_E1_W1.163,2778.0,10.26,0.0,0,258.08
p2_S3_N3.49,2780.0,31.08,17.0,1,289.67
p2_W1_N3.16,2760.0,38.22,19.0,2,329.38
p2_W_E.70,2808.0,7.73,0.0,0,239.26
p2_E_W.168,2808.0,8.1,0.0,0,248.84
p2_W3_N1.16,2760.0,45.92,24.0,2,336.53
p2_N3_S3.49,2780.0,30.72,16.0,1,290.77
p2_N3_E1.17,2823.0,35.82,22.0,2,200.53
p2_S1_N1.49,2780.0,28.65,15.0,1,289.76
p2_N1_E3.16,2763.0,23.31,8.0,1,376.23
p2_E1_W1.167,2802.0,27.92,14.0,1,288.62
p2_W2_N2.16,2760.0,71.34,43.0,4,398.0
p2_E3_W3.166,2796.0,29.74,15.0,1,290.37
p2_W1_E1.70,2808.0,20.34,7.0,1,283.82
p2_E1_W1.169,2814.0,17.7,4.0,1,270.36
p2_W3_E3.71,2823.0,9.24,0.0,0,250.94
p2_W3_E3.70,2808.0,26.06,9.0,1,302.53
p2_E3_W3.168,2808.0,20.76,7.0,1,269.14
p2_S2_N2.50,2800.0,34.54,21.0,1,303.13
p2_N2_S2.51,2820.0,15.07,0.0,0,263.94
p2_W2_N2.17,2820.0,11.35,0.0,0,264.12
p2_E1_W1.170,2820.0,13.56,0.0,0,255.35
p2_W3_E3.69,2794.0,28.78,16.0,1,291.35
p2_W1_E1.71,2823.0,15.14,1.0,1,264.78
p2_E1_W1.168,2808.0,28.8,9.0,1,304.0
p2_E3_W3.169,2814.0,25.03,4.0,1,293.39
p2_E3_W3.170,2820.0,9.4,0.0,0,244.17
p2_E1_W1.166,2796.0,31.49,18.0,1,301.75
p2_E3_W3.172,2832.0,9.41,0.0,0,253.58
p2_E3_W3.165,2790.0,29.72,15.0,1,296.55
p2_S2_N2.51,2820.0,14.99,2.0,1,262.79
p2_E3_W3.167,2802.0,30.53,11.0,1,302.49
p2_W1_N3.17,2820.0,16.2,2.0,1,283.52
p2_E1_W1.172,2832.0,8.06,0.0,0,251.93
p2_W3_E3.72,2837.0,7.45,0.0,0,241.67
p2_W1_E1.72,2837.0,7.71,0.0,0,245.3
p2_E3_W3.173,2838.0,8.14,0.0,0,234.64
p2_N2_S2.50,2800.0,30.57,15.0,1,292.31
p2_E1_W1.173,2838.0,8.34,0.0,0,237.67
p2_E3_S3.18,2883.0,6.87,0.0,0,162.92
p2_E3_W3.174,2844.0,7.89,0.0,0,237.42
p2_S2_W2.17,2822.0,30.82,9.0,2,340.89
p2_W_E.72,2837.0,16.34,3.0,1,269.06
p2_N2_E2.17,2823.0,27.66,5.0,1,321.05
p2_E3_W3.171,2826.0,9.78,0.0,0,245.17
p2_W_E.71,2823.0,32.13,15.0,1,314.72
p2_E_W.171,2826.0,29.55,14.0,1,308.03
p2_E_W.169,2814.0,29.09,16.0,1,295.63
p2_W3_N1.17,2820.0,37.81,20.0,2,322.24
p2_N3_E1.18,2883.0,18.56,8.0,1,187.91
p2_N1_S1.52,2840.0,20.14,6.0,1,274.49
p2_N3_S3.52,2840.0,19.9,6.0,1,272.1
p2_S1_N1.52,2840.0,19.38,5.0,1,278.76
p2_S3_N3.52,2840.0,18.72,6.0,1,285.56
p2_S1_W1.17,2823.0,42.61,27.0,2,333.5
p2_W_E.73,2852.0,8.52,0.0,0,233.19
p2_N3_S3.51,2820.0,36.3,21.0,1,310.37
p2_E_W.176,2856.0,11.0,0.0,0,257.32
p2_S1_N1.51,2820.0,46.16,27.0,2,347.74
p2_S1_N1.53,2860.0,8.09,0.0,0,238.92
p2_S3_N3.53,2860.0,8.24,0.0,0,237.01
p2_E1_S1.16,2763.0,35.23,8.0,3,421.89
p2_S3_N3.51,2820.0,35.29,21.0,1,298.91
p2_E_W.172,2832.0,23.94,5.0,1,292.73
p2_E_W.175,2850.0,19.54,0.0,0,281.96
p2_E_W.174,2844.0,24.69,3.0,1,291.33
p2_E_W.173,2838.0,33.52,4.0,1,308.85
p2_W1_E1.74,2866.0,8.29,0.0,0,269.18
p2_N1_S1.51,2820.0,32.2,19.0,1,313.94
p2_E_W.170,2820.0,26.72,13.0,1,293.09
p2_W1_E1.73,2852.0,24.15,11.0,1,283.57
p2_W3_E3.73,2852.0,24.08,11.0,1,283.37
p2_E1_W1.176,2856.0,19.76,6.0,1,276.71
p2_W3_E3.74,2866.0,8.62,0.0,0,237.16
p2_E3_W3.176,2856.0,20.13,4.0,1,277.29
p2_E1_W1.178,2868.0,9.82,0.0,0,246.72
p2_S3_W3.17,2823.0,49.46,28.0,3,340.54
p2_E1_W1.177,2862.0,17.69,2.0,1,290.44
p2_S2_N2.53,2860.0,20.46,7.0,1,280.11
p2_E3_W3.177,2862.0,14.72,1.0,1,268.68
p2_E3_W3.175,2850.0,29.25,11.0,1,319.12
p2_E1_W1.179,2874.0,8.01,0.0,0,246.43
p2_E1_W1.175,2850.0,34.75,12.0,1,329.24
p2_N2_S2.53,2860.0,19.17,6.0,1,275.85
p2_E1_W1.171,2826.0,28.92,14.0,1,302.8
p2_E1_W1.174,2844.0,38.8,19.0,1,312.7
p2_E2_S2.17,2823.0,42.63,19.0,3,338.67
p2_N2_S2.52,2840.0,38.89,26.0,1,304.32
p2_S2_N2.52,2840.0,38.97,26.0,1,307.94
p2_S2_N2.54,2880.0,8.16,0.0,0,241.57
p2_N2_S2.54,2880.0,9.03,0.0,0,254.25
p2_E3_W3.178,2868.0,9.88,0.0,0,243.69
p2_E3_W3.179,2874.0,8.61,0.0,0,253.65
p2_E3_W3.181,2886.0,8.51,0.0,0,241.44
p2_W3_E3.75,2880.0,8.33,0.0,0,253.86
p2_W1_N3.18,2883.0,9.51,0.0,0,259.6
p2_W1_E1.75,2880.0,8.2,0.0,0,240.23
p2_S2_W2.18,2883.0,16.69,1.0,1,287.44
p2_E1_W1.181,2886.0,9.34,0.0,0,243.42
p2_E_W.179,2874.0,22.93,10.0,1,282.66
p2_E1_W1.180,2880.0,8.59,0.0,0,246.62
p2_E3_W3.180,2880.0,8.52,0.0,0,245.86
p2_E_W.178,2868.0,32.95,18.0,1,317.5
p2_W_E.76,2895.0,8.42,0.0,0,246.07
p2_N1_S1.54,2880.0,23.65,10.0,1,291.34
p2_S3_N3.54,2880.0,24.38,11.0,1,292.13
p2_E_W.177,2862.0,31.39,19.0,1,288.93
p2_S1_W1.18,2883.0,22.98,7.0,1,293.78
p2_E_W.181,2886.0,19.7,2.0,1,276.1
p2_W_E.74,2866.0,30.96,18.0,1,300.27
p2_N1_S1.55,2900.0,8.16,0.0,0,238.31
p2_S1_N1.55,2900.0,8.34,0.0,0,241.07
p2_S3_N3.55,2900.0,8.1,0.0,0,235.91
p2_W3_N1.18,2883.0,14.47,3.0,1,270.8
p2_S1_N1.54,2880.0,20.91,8.0,1,285.25
p2_N3_E1.19,2943.0,11.52,0.0,0,179.83
p2_E1_S1.17,2823.0,22.93,2.0,2,396.23
p2_W_E.75,2880.0,23.85,6.0,1,306.34
p2_E_W.180,2880.0,17.03,3.0,1,273.79
p2_N3_S3.55,2900.0,8.78,0.0,0,245.8
p2_W_E.77,2909.0,8.3,0.0,0,243.92
p2_E_W.183,2898.0,8.45,0.0,0,246.57
p2_E_W.182,2892.0,15.0,2.0,1,277.11
p2_E_W.185,2910.0,9.68,0.0,0,255.2
p2_N3_S3.53,2860.0,39.5,25.0,1,297.75
p2_W1_E1.77,2909.0,12.26,0.0,0,259.37
p2_N1_S1.53,2860.0,38.38,25.0,1,307.73
p2_S3_W3.18,2883.0,38.46,18.0,3,326.29
p2_E1_W1.183,2898.0,23.96,10.0,1,283.45
p2_N3_S3.54,2880.0,21.16,6.0,1,278.32
p2_W1_E1.76,2895.0,27.79,14.0,1,302.59
p2_W3_E3.76,2895.0,26.34,12.0,1,288.32
p2_E3_W3.182,2892.0,32.01,16.0,1,300.83
p2_E1_W1.185,2910.0,13.88,0.0,0,269.74
p2_W2_N2.18,2883.0,42.16,20.0,2,340.1
p2_E3_W3.183,2898.0,22.57,9.0,1,278.93
p2_E3_W3.185,2910.0,16.41,0.0,0,283.07
p2_E2_S2.18,2883.0,43.9,20.0,3,356.39
p2_S2_N2.55,2900.0,27.87,15.0,1,295.65
p2_E1_W1.186,2916.0,9.11,0.0,0,249.07
p2_S2_N2.56,2920.0,7.77,0.0,0,243.86
p2_E3_S3.19,2943.0,25.91,12.0,2,201.22
p2_N2_S2.56,2920.0,9.51,0.0,0,254.03
p2_E3_W3.187,2922.0,8.47,0.0,0,240.12
p2_W1_E1.78,2924.0,8.32,0.0,0,240.81
p2_W3_E3.78,2924.0,8.26,0.0,0,243.59
p2_E3_W3.184,2904.0,16.97,3.0,1,276.71
p2_E1_W1.187,2922.0,8.47,0.0,0,236.83
p2_E1_W1.188,2928.0,7.35,0.0,0,244.32
p2_E3_W3.188,2928.0,8.51,0.0,0,239.64
p2_N2_S2.55,2900.0,28.57,12.0,1,305.98
p2_W3_E3.77,2909.0,9.95,0.0,0,248.47
p2_E1_W1.182,2892.0,23.85,8.0,1,295.08
p2_E3_W3.189,2934.0,8.54,0.0,0,238.33
p2_E1_W1.184,2904.0,13.65,0.0,0,260.94
p2_E3_W3.186,2916.0,9.47,0.0,0,243.85
p2_E_W.187,2922.0,22.96,9.0,1,280.69
p2_W_E.79,2938.0,7.71,0.0,0,254.01
p2_E_W.186,2916.0,30.77,15.0,1,305.5
p2_N1_S1.57,2940.0,8.5,0.0,0,244.92
p2_S1_N1.57,2940.0,8.38,0.0,0,258.34
p2_N3_S3.57,2940.0,8.21,0.0,0,261.26
p2_W_E.78,2924.0,20.76,6.0,1,286.55
p2_S3_N3.57,2940.0,7.54,0.0,0,248.79
p2_N3_S3.56,2920.0,29.64,16.0,1,292.8
p2_S3_N3.56,2920.0,30.45,17.0,1,295.32
p2_S1_N1.56,2920.0,28.94,16.0,1,284.69
p2_N1_S1.56,2920.0,28.86,15.0,1,295.07
p2_N1_E3.17,2823.0,86.66,54.0,4,533.98
p2_N2_E2.18,2883.0,40.67,24.0,1,325.55
p2_E_W.189,2934.0,11.27,0.0,0,263.39
p2_E_W.190,2940.0,14.09,0.0,0,283.37
p2_S1_W1.19,2943.0,11.11,0.0,0,260.08
p2_E_W.184,2904.0,32.52,17.0,1,304.8
p2_E_W.191,2946.0,9.82,0.0,0,265.18
p2_E_W.188,2928.0,28.4,4.0,1,300.4
p2_E_W.192,2952.0,7.76,0.0,0,239.43
p2_W_E.80,2952.0,7.93,0.0,0,248.97
p2_S3_W3.19,2943.0,25.07,9.0,1,303.46
p2_E3_W3.190,2940.0,30.33,15.0,1,312.15
p2_W1_E1.80,2952.0,17.95,5.0,1,278.79
p2_W3_E3.80,2952.0,18.24,6.0,1,275.68
p2_S2_N2.57,2940.0,32.44,19.0,1,291.55
p2_E1_W1.191,2946.0,25.92,9.0,1,291.81
p2_E1_W1.190,2940.0,26.58,13.0,1,292.44
p2_E3_W3.193,2958.0,13.48,0.0,0,266.35
p2_S2_N2.58,2960.0,14.76,2.0,1,270.29
p2_E3_W3.194,2964.0,11.43,0.0,0,261.24
p2_W3_E3.81,2967.0,7.64,0.0,0,236.3
p2_N2_S2.58,2960.0,15.85,1.0,1,270.52
p2_E1_S1.18,2883.0,50.22,24.0,3,477.32
p2_E1_W1.189,2934.0,31.16,17.0,1,298.21
p2_E2_S2.19,2943.0,21.53,6.0,1,288.48
p2_W2_N2.19,2941.0,21.76,4.0,2,292.75
p2_E3_W3.195,2970.0,7.41,0.0,0,241.5
p2_E3_W3.191,2946.0,32.45,12.0,2,314.77
p2_E1_W1.194,2964.0,15.02,0.0,0,276.21
p2_W1_N3.19,2941.0,38.84,19.0,2,327.35
p2_E3_W3.192,2952.0,28.78,6.0,2,302.12
p2_E1_W1.195,2970.0,10.78,0.0,0,263.82
p2_W1_E1.79,2938.0,25.75,11.0,1,283.67
p2_W1_E1.81,2967.0,8.92,0.0,0,242.71
p2_E3_S3.20,3003.0,22.85,10.0,1,194.94
p2_N2_S2.57,2940.0,29.21,14.0,1,291.27
p2_E1_W1.196,2976.0,8.45,0.0,0,231.98
p2_E1_W1.193,2958.0,9.68,0.0,0,258.83
p2_W3_E3.79,2938.0,24.59,10.0,1,282.54
p2_W1_E1.82,2981.0,8.09,0.0,0,238.57
p2_W_E.82,2981.0,8.72,0.0,0,243.49
p2_E1_W1.197,2982.0,7.6,0.0,0,237.7
p2_E3_W3.197,2982.0,7.78,0.0,0,243.34
p2_E_W.193,2958.0,31.13,19.0,1,298.3
p2_E_W.194,2964.0,30.5,14.0,1,301.9
p2_W3_N1.19,2941.0,53.66,35.0,2,348.81
p2_E1_W1.192,2952.0,13.91,0.0,0,267.07
p2_S2_W2.19,2943.0,38.77,19.0,2,329.63
p2_S1_N1.58,2960.0,36.43,23.0,1,311.91
p2_S3_N3.58,2960.0,36.34,21.0,1,302.08
p2_N3_S3.58,2960.0,37.81,22.0,1,311.74
p2_E_W.197,2982.0,11.14,0.0,0,249.12
p2_E_W.198,2988.0,9.77,0.0,0,261.5
p2_N3_S3.59,2980.0,19.31,3.0,1,298.6
p2_N1_E3.18,2883.0,73.69,39.0,4,529.69
p2_W_E.81,2967.0,21.08,8.0,1,276.06
p2_N1_S1.59,2980.0,16.74,2.0,1,284.92
p2_E_W.199,2994.0,8.64,0.0,0,248.04
p2_N1_S1.58,2960.0,44.24,22.0,1,355.09
p2_E_W.195,2970.0,17.62,4.0,1,272.65
p2_W_E.83,2996.0,8.14,0.0,0,244.97
p2_N3_S3.60,3000.0,7.5,0.0,0,240.55
p2_E_W.196,2976.0,12.59,0.0,0,255.8
p2_E_W.200,3000.0,7.97,0.0,0,250.5
p2_S3_N3.60,3000.0,8.46,0.0,0,248.56
p2_S3_N3.59,2980.0,9.13,0.0,0,254.91
p2_E1_W1.198,2988.0,25.53,11.0,1,286.29
p2_W1_E1.83,2996.0,17.43,4.0,1,281.81
p2_E3_W3.199,2994.0,20.11,6.0,1,275.94
p2_N3_E1.20,3003.0,49.31,35.0,2,237.02
p2_E3_W3.200,3000.0,15.81,3.0,1,271.47
p2_E3_W3.198,2988.0,29.63,13.0,1,300.97
p2_N2_S2.60,3000.0,18.41,6.0,1,275.58
p2_W3_E3.84,3010.0,8.08,0.0,0,234.44
p2_N2_S2.59,2980.0,39.53,26.0,1,312.12
p2_S2_N2.59,2980.0,39.25,25.0,1,306.93
p2_W2_N2.20,3000.0,12.86,0.0,0,278.72
p2_E3_W3.196,2976.0,30.81,17.0,1,287.73
p2_W3_E3.83,2996.0,19.06,4.0,1,277.63
p2_N2_E2.19,2943.0,80.89,53.0,5,403.45
p2_E1_W1.199,2994.0,17.17,3.0,1,272.89
p2_E1_W1.200,3000.0,13.11,0.0,0,269.54
p2_W1_E1.84,3010.0,8.28,0.0,0,236.21
p2_W3_E3.82,2981.0,29.61,14.0,1,289.03
p2_E3_W3.203,3018.0,8.33,0.0,0,252.68
p2_E1_W1.201,3006.0,8.85,0.0,0,249.03
p2_E3_S3.21,3063.0,6.88,0.0,0,168.86
p2_S2_N2.61,3020.0,8.24,0.0,0,246.74
p2_E1_W1.202,3012.0,12.06,0.0,0,267.35
p2_W3_E3.85,3024.0,7.56,0.0,0,240.15
p2_W1_E1.85,3024.0,7.88,0.0,0,240.69
p2_E1_W1.203,3018.0,8.5,0.0,0,252.71
p2_E1_W1.204,3024.0,9.02,0.0,0,244.39
p2_W1_N3.20,3000.0,33.51,15.0,2,312.81
p2_S2_W2.20,3003.0,33.9,12.0,2,333.65
p2_E3_W3.201,3006.0,9.46,0.0,0,244.23
p2_N2_E2.20,3003.0,32.76,12.0,2,331.95
p2_E_W.202,3012.0,23.47,10.0,1,278.09
p2_E_W.201,3006.0,29.28,15.0,1,295.91
p2_N3_S3.61,3020.0,21.57,8.0,1,273.37
p2_W3_N1.20,3000.0,41.61,21.0,3,331.08
p2_S3_N3.61,3020.0,22.12,8.0,1,277.72
p2_E2_S2.20,3003.0,39.3,15.0,2,340.44
p2_W_E.84,3010.0,25.65,10.0,1,286.93
p2_W_E.85,3024.0,8.87,0.0,0,243.35
p2_S1_N1.61,3020.0,23.95,8.0,1,284.03
p2_E_W.203,3018.0,19.87,6.0,1,279.79
p2_E_W.206,3036.0,9.33,0.0,0,244.76
p2_E_W.205,3030.0,8.32,0.0,0,248.22
p2_W_E.86,3039.0,7.35,0.0,0,239.57
p2_S1_N1.60,3000.0,42.12,27.0,1,316.34
p2_E1_S1.19,2943.0,47.22,22.0,2,445.48
p2_S1_W1.20,3003.0,44.11,25.0,1,342.29
p2_S1_N1.62,3040.0,8.36,0.0,0,252.83
p2_N3_E1.21,3063.0,26.39,14.0,2,201.61
p2_N3_S3.62,3040.0,8.31,0.0,0,238.41
p2_N1_S1.61,3020.0,29.97,11.0,2,310.79
p2_S3_N3.62,3040.0,8.45,0.0,0,237.32
p2_N1_S1.62,3040.0,10.83,0.0,0,258.65
p2_S1_N1.59,2980.0,36.01,19.0,1,310.31
p2_E_W.204,3024.0,10.17,0.0,0,252.54
p2_W1_E1.86,3039.0,20.37,7.0,1,285.09
p2_W3_E3.87,3053.0,7.4,0.0,0,241.19
p2_W1_E1.87,3053.0,7.92,0.0,0,240.76
p2_N1_S1.60,3000.0,36.65,21.0,1,297.28
p2_E1_W1.205,3030.0,29.45,15.0,1,287.41
p2_E3_W3.205,3030.0,32.15,15.0,1,301.35
p2_E_W.207,3042.0,9.4,0.0,0,248.37
p2_W3_E3.86,3039.0,20.14,6.0,1,275.65
p2_N2_S2.62,3040.0,24.83,11.0,1,289.77
p2_S2_N2.62,3040.0,24.83,12.0,1,287.23
p2_E1_W1.206,3036.0,23.04,7.0,1,275.45
p2_E1_W1.207,3042.0,18.91,5.0,1,271.85
p2_N2_S2.63,3060.0,7.09,0.0,0,247.49
p2_S3_W3.20,3003.0,63.57,39.0,4,363.07
p2_E1_W1.208,3048.0,16.03,0.0,0,276.29
p2_E3_W3.207,3042.0,27.49,7.0,2,303.99
p2_E1_W1.209,3054.0,15.12,0.0,0,275.94
p2_E1_W1.210,3060.0,10.15,0.0,0,245.78
p2_N2_S2.61,3020.0,40.97,26.0,1,309.55
p2_S2_N2.63,3060.0,8.03,0.0,0,241.0
p2_E1_W1.211,3066.0,7.44,0.0,0,239.42
p2_S2_N2.60,3000.0,47.34,28.0,2,334.41
p2_E3_W3.209,3054.0,14.5,0.0,0,281.01
p2_N1_E3.19,2943.0,45.25,25.0,1,432.45
p2_E3_W3.208,3048.0,25.56,0.0,0,308.62
p2_E3_W3.211,3066.0,10.46,0.0,0,252.82
p2_W1_E1.88,3068.0,7.84,0.0,0,237.53
p2_E3_W3.212,3072.0,7.35,0.0,0,241.35
p2_E3_W3.210,3060.0,21.18,0.0,0,264.68
p2_E_W.209,3054.0,28.35,15.0,1,292.49
p2_N2_E2.21,3063.0,20.03,5.0,1,294.49
p2_W3_E3.88,3068.0,8.29,0.0,0,246.89
p2_E3_W3.206,3036.0,33.66,8.0,1,299.73
p2_S2_W2.21,3063.0,19.55,4.0,1,292.87
p2_E3_W3.202,3012.0,29.02,13.0,1,301.16
p2_E3_W3.204,3024.0,44.47,17.0,1,304.89
p2_S3_N3.63,3060.0,27.39,15.0,1,291.51
p2_W_E.88,3068.0,19.0,4.0,1,291.43
p2_E1_S1.20,3003.0,41.44,11.0,2,432.61
p2_N3_S3.63,3060.0,27.85,13.0,1,294.78
p2_W1_N3.21,3060.0,16.27,4.0,1,266.89
p2_W_E.87,3053.0,28.07,13.0,1,285.48
p2_W3_N1.21,3060.0,28.52,10.0,2,312.61
p2_N3_S3.64,3080.0,9.97,0.0,0,252.64
p2_S3_N3.64,3080.0,9.89,0.0,0,249.17
p2_S1_N1.63,3060.0,30.7,15.0,1,306.65
p2_N1_S1.64,3080.0,10.79,0.0,0,254.12
p2_S1_W1.21,3063.0,30.22,12.0,1,310.84
p2_S1_N1.64,3080.0,14.99,0.0,0,279.19
p2_N3_E1.22,3123.0,12.44,0.0,0,177.65
p2_E_W.212,3072.0,13.69,0.0,0,272.99
p2_E_W.213,3078.0,11.82,0.0,0,257.39
p2_E_W.214,3084.0,15.43,0.0,0,288.3
p2_E_W.208,3048.0,29.9,15.0,1,284.8
p2_E_W.215,3090.0,11.14,0.0,0,267.35
p2_E_W.210,3060.0,42.22,11.0,1,314.86
p2_E_W.211,3066.0,24.3,3.0,1,303.46
p2_W_E.89,3082.0,9.09,0.0,0,239.4
p2_N1_S1.63,3060.0,22.44,8.0,1,279.34
p2_E1_W1.214,3084.0,21.27,8.0,1,278.56
p2_W_E.90,3096.0,7.67,0.0,0,243.54
p2_W1_E1.89,3082.0,23.83,11.0,1,282.09
p2_E3_W3.214,3084.0,22.51,9.0,1,278.36
p2_W3_E3.90,3096.0,7.9,0.0,0,241.1
p2_W3_E3.89,3082.0,24.94,10.0,1,284.94
p2_E1_W1.216,3096.0,11.29,0.0,0,257.64
p2_E_W.216,3096.0,7.3,0.0,0,237.26
p2_N1_E3.20,3003.0,61.1,34.0,3,470.48
p2_E3_W3.216,3096.0,12.32,0.0,0,264.11
p2_S2_N2.64,3080.0,30.5,17.0,1,296.19
p2_E3_W3.217,3102.0,8.15,0.0,0,250.84
p2_S3_W3.21,3063.0,39.19,18.0,3,325.64
p2_E1_W1.212,3072.0,30.16,17.0,1,289.9
p2_E1_W1.213,3078.0,28.88,14.0,1,302.96
p2_W2_N2.21,3060.0,51.41,28.0,2,360.85
p2_E3_W3.213,3078.0,33.88,14.0,1,313.48
p2_E3_S3.22,3123.0,31.94,18.0,2,209.2
p2_W1_E1.90,3096.0,8.31,0.0,0,246.65
p2_N2_S2.65,3100.0,8.35,0.0,0,251.29
p2_S2_N2.65,3100.0,13.52,0.0,0,282.02
p2_N2_S2.64,3080.0,34.31,18.0,1,321.39
p2_E2_S2.21,3063.0,37.07,17.0,2,321.97
p2_E1_W1.217,3102.0,8.34,0.0,0,245.55
p2_E1_W1.218,3108.0,9.04,0.0,0,242.76
p2_E3_W3.215,3090.0,15.32,1.0,1,274.5
p2_E3_W3.218,3108.0,7.8,0.0,0,243.5
p2_E1_W1.215,3090.0,15.38,2.0,1,276.45
p2_W3_E3.91,3111.0,8.21,0.0,0,239.86
p2_E1_W1.219,3114.0,7.85,0.0,0,243.31
p2_W1_E1.91,3111.0,8.33,0.0,0,246.25
p2_E3_W3.220,3120.0,8.24,0.0,0,240.8
p2_E_W.218,3108.0,20.64,7.0,1,282.35
p2_W_E.91,3111.0,18.38,3.0,1,280.12
p2_E_W.219,3114.0,16.95,3.0,1,270.27
p2_E3_W3.219,3114.0,8.67,0.0,0,244.62
p2_S3_N3.65,3100.0,33.58,21.0,1,301.99
p2_S3_N3.66,3120.0,13.96,0.0,0,263.36
p2_W3_N1.22,3120.0,13.5,0.0,0,277.54
p2_E_W.217,3102.0,24.64,12.0,1,283.34
p2_S1_N1.65,3100.0,37.6,20.0,1,349.12
p2_E1_S1.21,3063.0,14.24,0.0,0,368.06
p2_S1_W1.22,3123.0,10.29,0.0,0,255.94
p2_N1_S1.65,3100.0,40.09,21.0,1,330.79
p2_S1_N1.66,3120.0,12.6,0.0,0,268.32
p2_N3_S3.66,3120.0,14.24,0.0,0,273.71
p2_N1_S1.66,3120.0,12.12,0.0,0,262.31
p2_E_W.222,3132.0,9.63,0.0,0,248.61
p2_N3_S3.65,3100.0,30.72,17.0,1,296.12
p2_N3_E1.23,3183.0,7.05,0.0,0,169.1
p2_E_W.220,3120.0,9.55,0.0,0,248.68
p2_E_W.223,3138.0,11.54,0.0,0,262.55
p2_W3_E3.93,3140.0,10.56,0.0,0,262.55
p2_S3_W3.22,3123.0,28.14,8.0,1,305.68
p2_N1_E3.21,3063.0,45.43,21.0,3,436.15
p2_W_E.92,3125.0,10.01,0.0,0,242.51
p2_E3_W3.222,3132.0,21.93,9.0,1,281.37
p2_E3_W3.224,3144.0,11.83,0.0,0,256.21
p2_E1_W1.220,3120.0,31.0,16.0,1,293.27
p2_N2_S2.66,3120.0,37.2,22.0,1,307.11
p2_W2_N2.22,3120.0,30.32,16.0,1,299.04
p2_W3_E3.92,3125.0,24.2,12.0,1,288.07
p2_E_W.221,3126.0,9.6,0.0,0,247.01
p2_W1_E1.93,3140.0,14.59,0.0,0,281.8
p2_E3_W3.223,3138.0,21.66,4.0,2,279.12
p2_E3_W3.221,3126.0,23.09,9.0,1,287.21
p2_N2_S2.67,3140.0,19.09,5.0,1,280.53
p2_E3_W3.225,3150.0,9.19,0.0,0,241.2
p2_W1_E1.94,3154.0,8.27,0.0,0,241.49
p2_W3_E3.94,3154.0,7.75,0.0,0,238.81
p2_S2_N2.66,3120.0,35.2,21.0,1,304.22
p2_E1_W1.223,3138.0,22.76,3.0,1,292.4
p2_E2_S2.22,3123.0,18.82,1.0,1,289.2
p2_S2_N2.67,3140.0,23.99,4.0,1,306.41
p2_E1_W1.221,3126.0,24.84,11.0,1,294.51
p2_E3_S3.23,3183.0,24.01,7.0,2,197.28
p2_E1_W1.224,3144.0,21.43,1.0,1,292.65
p2_N2_S2.68,3160.0,8.04,0.0,0,230.31
p2_S2_N2.68,3160.0,7.87,0.0,0,238.82
p2_E1_W1.222,3132.0,23.79,5.0,2,291.45
p2_E1_W1.225,3150.0,17.22,0.0,0,276.89
p2_E1_W1.227,3162.0,9.29,0.0,0,244.04
p2_E3_W3.226,3156.0,7.7,0.0,0,246.08
p2_S2_W2.22,3123.0,51.61,28.0,3,362.08
p2_E_W.225,3150.0,25.46,12.0,1,290.2
p2_W_E.95,3168.0,8.13,0.0,0,247.68
p2_W_E.94,3154.0,24.51,8.0,1,292.5
p2_E_W.227,3162.0,14.78,0.0,0,268.23
p2_N3_S3.67,3140.0,39.02,26.0,1,302.09
p2_N3_S3.68,3160.0,19.36,6.0,1,270.19
p2_W1_N3.22,3120.0,48.43,32.0,2,329.03
p2_E_W.228,3168.0,12.09,0.0,0,262.76
p2_E_W.224,3144.0,29.23,16.0,1,289.74
p2_S1_N1.68,3160.0,20.82,7.0,1,285.22
p2_S3_N3.67,3140.0,39.34,26.0,1,310.51
p2_E_W.229,3174.0,7.75,0.0,0,248.99
p2_N2_E2.22,3123.0,36.76,19.0,2,313.85
p2_S1_N1.67,3140.0,38.22,24.0,1,302.92
p2_N1_S1.68,3160.0,18.56,5.0,1,271.08
p2_W1_E1.92,3125.0,17.86,2.0,1,293.98
p2_E_W.226,3156.0,17.64,2.0,1,274.13
p2_S3_N3.68,3160.0,17.52,3.0,1,277.2
p2_S1_N1.69,3180.0,7.26,0.0,0,243.78
p2_W_E.93,3140.0,31.0,16.0,1,294.44
p2_N1_S1.67,3140.0,37.92,25.0,1,301.45
p2_E_W.230,3180.0,8.13,0.0,0,252.32
p2_N1_S1.69,3180.0,7.85,0.0,0,252.93
p2_N3_S3.69,3180.0,8.4,0.0,0,241.37
p2_S3_N3.69,3180.0,8.29,0.0,0,241.05
p2_W_E.96,3183.0,8.65,0.0,0,246.88
p2_N1_E3.22,3123.0,31.52,8.0,2,417.19
p2_S3_W3.23,3183.0,14.54,1.0,1,280.39
p2_E3_W3.228,3168.0,31.89,16.0,1,305.55
p2_W3_E3.96,3183.0,16.39,3.0,1,273.2
p2_E3_W3.231,3186.0,16.26,1.0,1,270.02
p2_W3_E3.95,3168.0,29.75,14.0,1,295.92
p2_E1_W1.229,3174.0,22.78,9.0,1,276.17
p2_S2_N2.69,3180.0,22.78,9.0,1,276.71
p2_W1_E1.96,3183.0,19.73,3.0,1,286.23
p2_E3_W3.229,3174.0,23.13,9.0,1,281.04
p2_E3_W3.230,3180.0,24.08,5.0,1,297.55
p2_E2_S2.23,3183.0,20.45,2.0,1,291.47
p2_E3_W3.233,3198.0,7.79,0.0,0,246.3
p2_E1_W1.230,3180.0,27.33,6.0,1,300.72
p2_S2_N2.70,3200.0,7.96,0.0,0,240.54
p2_E3_S3.24,3243.0,7.6,0.0,0,173.46
p2_W1_E1.95,3168.0,28.04,13.0,1,290.56
p2_E3_W3.232,3192.0,18.13,1.0,1,278.28
p2_E1_W1.226,3156.0,32.41,17.0,1,292.25
p2_E1_W1.231,3186.0,21.92,1.0,1,304.25
p2_W1_E1.97,3197.0,13.67,1.0,1,268.49
p2_E1_W1.228,3168.0,31.59,12.0,1,307.91
p2_E1_W1.232,3192.0,14.49,1.0,1,265.5
p2_N2_S2.70,3200.0,8.83,0.0,0,240.22
p2_E1_W1.234,3204.0,8.31,0.0,0,234.86
p2_E1_W1.233,3198.0,17.63,0.0,0,286.79
p2_E3_W3.234,3204.0,8.07,0.0,0,243.52
p2_E1_W1.235,3210.0,7.96,0.0,0,247.95
p2_N2_S2.69,3180.0,18.83,4.0,1,283.58
p2_E3_W3.235,3210.0,7.6,0.0,0,249.32
p2_W1_N3.23,3180.0,33.6,15.0,2,321.38
p2_W_E.98,3212.0,8.35,0.0,0,252.08
p2_E_W.232,3192.0,28.79,15.0,1,297.47
p2_W_E.97,3197.0,24.57,11.0,1,295.56
p2_N2_E2.23,3183.0,37.01,14.0,3,336.57
p2_S2_W2.23,3183.0,27.55,8.0,2,309.26
p2_W3_N1.23,3180.0,45.02,24.0,3,344.08
p2_N1_S1.70,3200.0,25.98,13.0,1,279.72
p2_N3_S3.70,3200.0,25.72,13.0,1,280.62
p2_E_W.234,3204.0,21.91,4.0,1,286.12
p2_E1_S1.22,3123.0,60.26,36.0,3,467.22
p2_S1_N1.70,3200.0,28.21,11.0,1,299.22
p2_E_W.236,3216.0,11.91,0.0,0,262.77
p2_N1_S1.71,3220.0,8.92,0.0,0,235.0
p2_N3_S3.71,3220.0,7.88,0.0,0,241.75
p2_E_W.233,3198.0,22.68,7.0,1,281.98
p2_N3_E1.24,3243.0,22.68,12.0,1,190.77
p2_S3_N3.70,3200.0,24.06,9.0,1,276.7
p2_S1_W1.23,3183.0,44.59,26.0,1,339.15
p2_S1_N1.71,3220.0,15.67,0.0,0,281.72
p2_E_W.238,3228.0,7.65,0.0,0,245.47
p2_W2_N2.23,3180.0,56.17,36.0,3,368.09
p2_E1_W1.237,3222.0,21.3,10.0,1,269.57
p2_W1_E1.99,3226.0,17.25,5.0,1,273.93
p2_E1_W1.236,3216.0,27.96,14.0,1,291.82
p2_W3_E3.99,3226.0,18.11,5.0,1,281.7
p2_E_W.235,3210.0,10.68,0.0,0,255.03
p2_W_E.99,3226.0,8.42,0.0,0,247.69
p2_E_W.237,3222.0,8.74,0.0,0,250.27
p2_E1_W1.238,3228.0,18.31,5.0,1,278.65
p2_E3_W3.238,3228.0,15.35,2.0,1,263.64
p2_E_W.239,3234.0,13.02,0.0,0,268.87
p2_W3_E3.100,3240.0,7.41,0.0,0,245.18
p2_S2_N2.71,3220.0,28.14,15.0,1,287.34
p2_E1_W1.240,3240.0,8.08,0.0,0,250.84
p2_S2_N2.72,3240.0,8.56,0.0,0,246.51
p2_E1_W1.239,3234.0,10.17,0.0,0,253.05
p2_E3_W3.239,3234.0,10.48,0.0,0,261.69
p2_N2_S2.72,3240.0,8.09,0.0,0,240.29
p2_W3_E3.97,3197.0,28.61,16.0,1,293.49
p2_W3_E3.98,3212.0,29.53,14.0,1,291.55
p2_E3_W3.236,3216.0,30.66,12.0,1,297.79
p2_N2_S2.71,3220.0,26.76,13.0,1,277.14
p2_E3_W3.241,3246.0,9.1,0.0,0,251.8
p2_W1_E1.98,3212.0,29.21,14.0,1,289.04
p2_E_W.231,3186.0,26.14,8.0,1,302.18
p2_W1_E1.100,3240.0,8.33,0.0,0,239.53
p2_W1_N3.24,3243.0,15.86,2.0,1,292.25
p2_E1_W1.241,3246.0,8.5,0.0,0,239.1
p2_E1_W1.242,3252.0,7.49,0.0,0,245.45
p2_E3_W3.237,3222.0,19.92,5.0,1,274.21
p2_E3_W3.242,3252.0,10.69,0.0,0,253.34
p2_W1_E1.101,3255.0,8.57,0.0,0,247.59
p2_E3_W3.227,3162.0,39.93,17.0,2,335.57
p2_E_W.240,3240.0,26.58,14.0,1,288.45
p2_E1_W1.243,3258.0,7.92,0.0,0,239.14
p2_E3_W3.243,3258.0,8.25,0.0,0,246.02
p2_W_E.100,3240.0,26.67,14.0,1,285.21
p2_S2_W2.24,3243.0,23.44,8.0,1,299.23
p2_N2_E2.24,3243.0,23.47,8.0,1,306.23
p2_E_W.241,3246.0,22.68,9.0,1,284.77
p2_W_E.101,3255.0,13.7,0.0,0,275.0
p2_E3_S3.25,3303.0,6.51,0.0,0,164.04
p2_N3_S3.72,3240.0,31.23,19.0,1,295.98
p2_S3_N3.72,3240.0,31.56,19.0,1,303.22
p2_E3_W3.240,3240.0,9.57,0.0,0,251.65
p2_E_W.243,3258.0,14.8,0.0,0,287.09
p2_S3_N3.73,3260.0,13.5,0.0,0,264.19
p2_E1_S1.23,3183.0,41.77,17.0,3,437.54
p2_N1_S1.73,3260.0,13.8,1.0,1,268.34
p2_S3_N3.71,3220.0,41.59,26.0,1,310.5
p2_W3_N1.24,3243.0,23.2,9.0,1,283.67
p2_N3_S3.73,3260.0,12.96,0.0,0,275.03
p2_N1_E3.23,3183.0,49.22,23.0,1,480.69
p2_S1_N1.72,3240.0,30.42,16.0,1,297.25
p2_E_W.245,3270.0,8.44,0.0,0,242.76
p2_N3_E1.25,3303.0,17.92,3.0,1,197.23
p2_S1_W1.24,3243.0,35.63,15.0,2,326.94
p2_S1_N1.73,3260.0,19.96,1.0,1,292.23
p2_W_E.102,3269.0,8.13,0.0,0,239.66
p2_E_W.244,3264.0,9.02,0.0,0,241.71
p2_E_W.246,3276.0,8.66,0.0,0,244.36
p2_E_W.242,3252.0,13.97,0.0,0,266.98
p2_E1_W1.244,3264.0,25.94,11.0,1,280.67
p2_W3_E3.102,3269.0,20.67,7.0,1,270.12
p2_E3_W3.245,3270.0,19.77,7.0,1,274.29
p2_E3_W3.244,3264.0,27.27,12.0,1,297.1
p2_W1_E1.103,3284.0,7.08,0.0,0,240.7
p2_E1_W1.246,3276.0,16.21,2.0,1,267.75
p2_W1_E1.102,3269.0,24.05,9.0,1,303.39
p2_S3_W3.24,3243.0,44.86,25.0,3,340.46
p2_E2_S2.24,3243.0,52.02,29.0,2,364.86
p2_W2_N2.24,3243.0,51.5,29.0,3,362.92
p2_N2_S2.73,3260.0,34.95,22.0,1,309.85
p2_S2_N2.74,3280.0,15.1,2.0,1,269.32
p2_E1_W1.247,3282.0,13.2,0.0,0,261.28
p2_W3_E3.103,3284.0,7.47,0.0,0,247.94
p2_E1_W1.245,3270.0,18.24,4.0,1,272.75
p2_S2_N2.73,3260.0,36.99,21.0,1,315.71
p2_E3_W3.248,3288.0,7.33,0.0,0,240.86
p2_E1_W1.249,3294.0,8.53,0.0,0,246.21
p2_N2_S2.74,3280.0,10.95,0.0,0,265.19
p2_W1_E1.104,3298.0,8.01,0.0,0,236.67
p2_N2_S2.75,3300.0,7.27,0.0,0,243.83
p2_E1_W1.250,3300.0,8.58,0.0,0,248.41
p2_W3_E3.101,3255.0,29.66,15.0,1,290.68
p2_E3_W3.247,3282.0,10.16,0.0,0,242.21
p2_E_W.248,3288.0,24.5,11.0,1,285.32
p2_W3_E3.104,3298.0,8.68,0.0,0,245.86
p2_E3_W3.250,3300.0,12.01,0.0,0,247.77
p2_E1_W1.248,3288.0,9.32,0.0,0,243.25
p2_W_E.104,3298.0,14.86,2.0,1,272.34
p2_E3_W3.246,3276.0,10.59,0.0,0,255.44
p2_E_W.247,3282.0,31.31,17.0,1,291.2
p2_W1_N3.25,3301.0,13.63,0.0,0,270.19
p2_W3_N1.25,3301.0,14.8,2.0,1,288.13
p2_E3_W3.249,3294.0,9.28,0.0,0,241.59
p2_S3_N3.74,3280.0,38.49,25.0,1,307.34
p2_S1_N1.75,3300.0,18.37,5.0,1,275.46
p2_N3_S3.75,3300.0,18.4,6.0,1,270.68
p2_N1_S1.74,3280.0,39.25,25.0,1,322.74
p2_E1_S1.24,3243.0,34.53,16.0,1,402.4
p2_S1_N1.74,3280.0,37.03,23.0,1,305.0
p2_N3_S3.74,3280.0,36.03,23.0,1,309.17
p2_N1_S1.75,3300.0,22.84,5.0,1,294.34
p2_S3_N3.75,3300.0,18.89,5.0,1,272.87
p2_E_W.252,3312.0,10.85,0.0,0,258.74
p2_E_W.249,3294.0,18.3,4.0,1,266.81
p2_E_W.251,3306.0,20.21,0.0,0,287.84
p2_S3_N3.76,3320.0,7.36,0.0,0,241.42
p2_W_E.103,3284.0,23.97,11.0,1,279.87
p2_E_W.250,3300.0,14.23,0.0,0,264.99
p2_N1_S1.76,3320.0,7.91,0.0,0,240.81
p2_S1_N1.76,3320.0,7.64,0.0,0,251.93
p2_N3_S3.76,3320.0,8.17,0.0,0,237.19
p2_N1_S1.72,3240.0,53.7,34.0,2,340.71
p2_S1_W1.25,3303.0,27.42,10.0,2,308.02
p2_W_E.105,3312.0,7.96,0.0,0,240.18
p2_N3_E1.26,3363.0,11.37,1.0,1,182.31
p2_W1_E1.106,3327.0,7.38,0.0,0,238.08
p2_W3_E3.106,3327.0,8.0,0.0,0,233.66
p2_S3_W3.25,3303.0,32.7,10.0,3,314.42
p2_E1_W1.251,3306.0,29.92,15.0,1,287.77
p2_E3_W3.251,3306.0,30.43,17.0,1,282.77
p2_W1_E1.105,3312.0,24.49,11.0,1,283.03
p2_E_W.253,3318.0,8.58,0.0,0,243.62
p2_E1_W1.253,3318.0,19.85,5.0,1,280.32
p2_W3_E3.105,3312.0,22.95,9.0,1,278.05
p2_E3_W3.253,3318.0,20.79,5.0,1,280.04
p2_N2_S2.76,3320.0,20.37,7.0,1,271.24
p2_E2_S2.25,3303.0,37.71,16.0,1,340.25
p2_W2_N2.25,3301.0,39.34,15.0,2,362.75
p2_E1_W1.252,3312.0,28.78,11.0,1,308.34
p2_E3_W3.252,3312.0,22.13,9.0,1,285.27
p2_E3_S3.26,3363.0,21.51,10.0,2,192.97
p2_S2_N2.76,3320.0,24.31,9.0,1,296.73
p2_E1_W1.254,3324.0,20.18,2.0,1,305.51
p2_S2_N2.75,3300.0,39.82,25.0,1,304.18
p2_E3_W3.254,3324.0,11.05,0.0,0,251.07
p2_E3_W3.255,3330.0,9.01,0.0,0,238.68
p2_W3_E3.107,3341.0,7.98,0.0,0,239.88
p2_S2_N2.77,3340.0,7.95,0.0,0,239.58
p2_E3_W3.257,3342.0,8.21,0.0,0,238.52
p2_E3_W3.256,3336.0,8.49,0.0,0,244.75
p2_E1_W1.256,3336.0,8.17,0.0,0,247.33
p2_E1_W1.255,3330.0,9.48,0.0,0,248.79
p2_E1_W1.258,3348.0,8.33,0.0,0,254.31
p2_S2_W2.25,3303.0,54.46,35.0,2,361.6
p2_N2_E2.25,3303.0,55.95,33.0,3,378.08
p2_E_W.256,3336.0,23.9,9.0,1,278.27
p2_E1_W1.257,3342.0,8.59,0.0,0,249.66
p2_W_E.107,3341.0,17.26,2.0,1,266.2
p2_S1_N1.77,3340.0,23.93,10.0,1,282.09
p2_E_W.254,3324.0,30.39,17.0,1,286.92
p2_E_W.255,3330.0,27.87,13.0,1,289.64
p2_N3_S3.77,3340.0,25.63,11.0,1,297.28
p2_N1_S1.77,3340.0,23.83,9.0,1,289.9
p2_N3_S3.78,3360.0,7.57,0.0,0,241.95
p2_N1_E3.24,3243.0,82.03,49.0,4,528.7
p2_N1_S1.78,3360.0,8.03,0.0,0,246.57
p2_S1_N1.78,3360.0,7.94,0.0,0,243.17
p2_S3_N3.78,3360.0,8.02,0.0,0,244.2
p2_E_W.258,3348.0,11.25,0.0,0,258.13
p2_S3_N3.77,3340.0,23.6,10.0,1,282.13
p2_E_W.257,3342.0,16.39,1.0,1,267.66
p2_E_W.259,3354.0,13.68,0.0,0,266.39
p2_E_W.260,3360.0,11.76,0.0,0,239.07
p2_S1_W1.26,3363.0,9.36,0.0,0,256.56
p2_E_W.261,3366.0,9.67,0.0,0,252.81
p2_W_E.106,3327.0,26.71,12.0,1,283.5
p2_W_E.109,3370.0,8.56,0.0,0,248.55
p2_E_W.262,3372.0,8.03,0.0,0,243.82
p2_W1_E1.108,3356.0,25.55,14.0,1,292.7
p2_W_E.108,3356.0,8.93,0.0,0,243.97
p2_W3_E3.108,3356.0,26.07,12.0,1,281.49
p2_E1_W1.260,3360.0,22.39,8.0,1,280.48
p2_S3_W3.26,3363.0,18.89,1.0,1,291.52
p2_E3_W3.259,3354.0,30.36,14.0,1,311.12
p2_E3_W3.258,3348.0,31.79,17.0,1,301.07
p2_E1_W1.259,3354.0,26.33,14.0,1,293.07
p2_E1_W1.262,3372.0,14.24,0.0,0,276.31
p2_E3_W3.262,3372.0,14.23,0.0,0,268.55
p2_N1_E3.25,3303.0,27.27,0.0,0,405.88
p2_W1_E1.107,3341.0,31.8,17.0,1,299.44
p2_S2_N2.78,3360.0,27.35,15.0,1,296.69
p2_E2_S2.26,3363.0,15.31,1.0,1,273.67
p2_W2_N2.26,3360.0,27.41,10.0,1,302.44
p2_E1_W1.261,3366.0,19.91,2.0,1,304.43
p2_N2_S2.78,3360.0,28.97,13.0,1,305.45
p2_E3_W3.261,3366.0,23.06,8.0,2,282.48
p2_W1_E1.109,3370.0,12.46,0.0,0,262.78
p2_E3_S3.27,3423.0,6.81,0.0,0,160.1
p2_E1_W1.264,3384.0,7.22,0.0,0,247.72
p2_E1_W1.263,3378.0,8.9,0.0,0,247.42
p2_W1_E1.110,3384.0,8.0,0.0,0,231.69
p2_E3_W3.264,3384.0,8.37,0.0,0,239.19
p2_N2_S2.77,3340.0,41.15,29.0,1,308.6
p2_E3_W3.260,3360.0,20.41,7.0,1,277.85
p2_S2_N2.79,3380.0,8.58,0.0,0,241.0
p2_E3_W3.263,3378.0,12.06,0.0,0,271.43
p2_N2_S2.79,3380.0,15.81,2.0,1,281.19
p2_W3_E3.110,3384.0,8.59,0.0,0,243.55
p2_E1_W1.265,3390.0,8.55,0.0,0,232.37
p2_E3_W3.265,3390.0,7.78,0.0,0,242.49
p2_E1_W1.266,3396.0,7.55,0.0,0,237.67
p2_W3_E3.109,3370.0,10.01,0.0,0,246.94
p2_E3_W3.266,3396.0,8.1,0.0,0,243.74
p2_S2_W2.26,3363.0,41.64,18.0,3,348.4
p2_E_W.264,3384.0,20.2,7.0,1,272.91
p2_N2_E2.26,3363.0,42.25,17.0,3,363.78
p2_E_W.263,3378.0,29.15,14.0,1,303.98
p2_W_E.111,3399.0,8.12,0.0,0,248.4
p2_S1_N1.80,3400.0,8.35,0.0,0,259.56
p2_S3_N3.80,3400.0,8.4,0.0,0,266.08
p2_N1_S1.80,3400.0,8.66,0.0,0,251.46
p2_W1_N3.26,3360.0,41.22,24.0,2,327.46
p2_N1_S1.79,3380.0,30.58,17.0,1,289.21
p2_N3_S3.79,3380.0,30.4,16.0,1,297.16
p2_S3_N3.79,3380.0,30.4,17.0,1,292.99
p2_N3_S3.80,3400.0,8.68,0.0,0,239.2
p2_W3_N1.26,3360.0,50.32,31.0,3,334.55
p2_S1_N1.79,3380.0,28.96,16.0,1,292.33
p2_W_E.110,3384.0,17.87,4.0,1,271.76
p2_E_W.267,3402.0,8.76,0.0,0,238.91
p2_E1_S1.25,3303.0,54.8,31.0,2,444.18
p2_E_W.265,3390.0,12.97,0.0,0,273.35
p2_N3_E1.27,3423.0,28.61,16.0,2,206.59
p2_W_E.112,3413.0,7.78,0.0,0,234.94
p2_E_W.266,3396.0,10.0,0.0,0,248.33
p2_E1_W1.268,3408.0,19.91,7.0,1,280.03
p2_E_W.270,3420.0,7.77,0.0,0,237.94
p2_E_W.268,3408.0,9.93,0.0,0,246.58
p2_W3_E3.112,3413.0,15.67,1.0,1,268.11
p2_E3_W3.268,3408.0,19.35,5.0,1,270.64
p2_N1_E3.26,3363.0,17.81,2.0,1,370.29
p2_E3_W3.270,3420.0,9.6,0.0,0,252.24
p2_W1_E1.111,3399.0,27.2,15.0,1,278.52
p2_S2_N2.81,3420.0,12.55,0.0,0,264.22
p2_S2_N2.80,3400.0,33.07,21.0,1,298.89
p2_E3_W3.267,3402.0,24.24,11.0,1,282.67
p2_W3_E3.111,3399.0,27.15,13.0,1,291.62
p2_N2_S2.80,3400.0,32.9,20.0,1,294.41
p2_W1_E1.112,3413.0,13.0,0.0,0,266.18
p2_W1_N3.27,3420.0,13.86,0.0,0,277.19
p2_E1_W1.270,3420.0,8.75,0.0,0,246.42
p2_W1_E1.113,3428.0,8.1,0.0,0,236.59
p2_W3_E3.113,3428.0,7.86,0.0,0,236.65
p2_E3_W3.269,3414.0,12.98,0.0,0,264.57
p2_E1_W1.267,3402.0,22.13,8.0,1,285.19
p2_N2_S2.81,3420.0,13.23,0.0,0,267.23
p2_E1_W1.271,3426.0,9.17,0.0,0,240.1
p2_E3_W3.272,3432.0,7.43,0.0,0,243.17
p2_E1_W1.269,3414.0,11.21,0.0,0,255.98
p2_E1_W1.272,3432.0,7.86,0.0,0,247.45
p2_E1_W1.273,3438.0,8.9,0.0,0,242.77
p2_W3_E3.114,3442.0,6.85,0.0,0,236.99
p2_S2_W2.27,3423.0,27.49,7.0,2,330.81
p2_W_E.113,3428.0,23.32,9.0,1,277.69
p2_N2_E2.27,3423.0,26.34,9.0,1,299.89
p2_E3_W3.273,3438.0,7.77,0.0,0,240.94
p2_E_W.272,3432.0,21.06,6.0,1,281.29
p2_E3_S3.28,3483.0,12.8,2.0,1,178.31
p2_W3_N1.27,3420.0,35.18,15.0,2,312.18
p2_E3_W3.271,3426.0,10.52,0.0,0,242.87
p2_W_E.114,3442.0,12.95,0.0,0,273.05
p2_E1_S1.26,3363.0,49.58,26.0,2,440.51
p2_E_W.274,3444.0,8.82,0.0,0,248.26
p2_S1_N1.81,3420.0,37.89,23.0,1,332.17
p2_N3_S3.82,3440.0,18.52,4.0,1,278.33
p2_E_W.269,3414.0,29.69,16.0,1,288.37
p2_E_W.275,3450.0,8.93,0.0,0,256.24
p2_S3_N3.81,3420.0,35.28,20.0,1,297.78
p2_E_W.271,3426.0,35.02,14.0,2,324.95
p2_S3_N3.82,3440.0,20.85,6.0,1,284.13
p2_S1_W1.27,3423.0,33.55,19.0,1,318.59
p2_E_W.276,3456.0,7.29,0.0,0,243.5
p2_E_W.273,3438.0,22.51,1.0,1,294.97
p2_S1_N1.82,3440.0,16.49,2.0,1,269.79
p2_N1_S1.81,3420.0,32.18,18.0,1,295.87
p2_N3_S3.81,3420.0,33.61,20.0,1,298.1
p2_N1_S1.82,3440.0,25.92,6.0,2,310.06
p2_N3_E1.28,3483.0,23.9,7.0,2,200.14
p2_S3_N3.83,3460.0,7.52,0.0,0,235.63
p2_N1_S1.83,3460.0,8.11,0.0,0,237.75
p2_E_W.277,3462.0,7.81,0.0,0,241.56
p2_E1_W1.275,3450.0,23.81,11.0,1,283.11
p2_E3_W3.275,3450.0,24.0,11.0,1,289.51
p2_W3_E3.115,3456.0,18.46,4.0,1,268.43
p2_S3_W3.27,3423.0,50.69,29.0,2,341.7
p2_E1_W1.274,3444.0,29.04,15.0,1,288.33
p2_E1_W1.277,3462.0,13.8,0.0,0,271.14
p2_E3_W3.278,3468.0,8.07,0.0,0,239.7
p2_N2_S2.83,3460.0,18.53,6.0,1,275.35
p2_E1_W1.278,3468.0,9.79,0.0,0,261.88
p2_W3_E3.116,3471.0,8.2,0.0,0,244.29
p2_N2_S2.82,3440.0,39.1,25.0,1,307.33
p2_E2_S2.27,3423.0,52.05,30.0,3,355.49
p2_W1_E1.115,3456.0,14.76,2.0,1,272.64
p2_W1_E1.114,3442.0,28.82,16.0,1,298.37
p2_W1_E1.116,3471.0,12.02,0.0,0,259.69
p2_W2_N2.27,3420.0,46.87,25.0,3,350.71
p2_E3_W3.274,3444.0,26.53,13.0,1,289.06
p2_E3_W3.279,3474.0,11.82,0.0,0,246.67
p2_E1_W1.280,3480.0,7.49,0.0,0,244.92
p2_E3_W3.280,3480.0,8.53,0.0,0,259.55
p2_E1_W1.276,3456.0,16.08,0.0,0,266.34
p2_S2_N2.83,3460.0,14.82,1.0,1,278.71
p2_S2_N2.82,3440.0,35.49,21.0,1,299.02
p2_N2_S2.84,3480.0,9.07,0.0,0,237.95
p2_E3_W3.277,3462.0,10.43,0.0,0,266.61
p2_S2_N2.84,3480.0,13.15,0.0,0,254.05
p2_W3_E3.117,3485.0,8.28,0.0,0,233.95
p2_W1_E1.117,3485.0,7.9,0.0,0,240.72
p2_E3_W3.281,3486.0,8.49,0.0,0,239.27
p2_E1_W1.279,3474.0,8.6,0.0,0,253.29
p2_E_W.279,3474.0,23.55,9.0,1,286.09
p2_S2_W2.28,3483.0,10.51,0.0,0,264.94
p2_N2_E2.28,3483.0,13.91,0.0,0,279.72
p2_E3_W3.276,3456.0,13.97,0.0,0,277.46
p2_W_E.117,3485.0,14.03,0.0,0,283.89
p2_W1_N3.28,3480.0,20.72,8.0,1,277.22
p2_N3_S3.84,3480.0,22.15,8.0,1,280.35
p2_S3_N3.84,3480.0,21.89,7.0,1,285.98
p2_W3_N1.28,3480.0,22.21,9.0,1,296.24
p2_E1_S1.27,3423.0,34.73,13.0,1,405.04
p2_W_E.115,3456.0,29.77,15.0,1,298.13
p2_E_W.280,3480.0,23.16,4.0,1,299.28
p2_S1_N1.84,3480.0,22.89,9.0,1,279.46
p2_W_E.116,3471.0,23.98,11.0,1,283.5
p2_E_W.281,3486.0,11.53,0.0,0,269.52
p2_S1_N1.83,3460.0,41.04,27.0,1,308.64
p2_N1_S1.84,3480.0,20.72,8.0,1,283.71
p2_W_E.118,3500.0,8.08,0.0,0,240.24
p2_N3_S3.83,3460.0,40.27,26.0,1,317.53
p2_E_W.278,3468.0,26.05,12.0,1,288.99
p2_E_W.282,3492.0,8.66,0.0,0,244.14
p2_S1_N1.85,3500.0,8.8,0.0,0,237.02
p2_N1_S1.85,3500.0,8.6,0.0,0,238.88
p2_S1_W1.28,3483.0,25.18,6.0,1,291.71
p2_E_W.283,3498.0,8.66,0.0,0,246.88
p2_N3_E1.29,3543.0,7.43,0.0,0,171.05
p2_S3_W3.28,3483.0,37.02,16.0,3,324.01
p2_E1_W1.283,3498.0,21.64,8.0,1,276.23
p2_W1_E1.118,3500.0,20.18,7.0,1,283.25
p2_N1_E3.27,3423.0,52.3,25.0,3,456.99
p2_E3_W3.282,3492.0,30.05,14.0,1,306.36
p2_E1_W1.285,3510.0,12.11,0.0,0,262.73
p2_W1_E1.119,3514.0,8.4,0.0,0,241.23
p2_W3_E3.119,3514.0,8.15,0.0,0,246.1
p2_E3_W3.283,3498.0,21.25,7.0,1,276.63
p2_E1_W1.284,3504.0,19.9,4.0,1,296.92
p2_E3_W3.284,3504.0,20.29,5.0,1,276.47
p2_N2_S2.85,3500.0,25.13,12.0,1,288.07
p2_E3_W3.285,3510.0,15.33,0.0,0,281.45
p2_E1_W1.282,3492.0,33.86,14.0,1,318.45
p2_E1_W1.281,3486.0,29.52,15.0,1,292.18
p2_E3_W3.286,3516.0,11.06,0.0,0,263.77
p2_S2_N2.85,3500.0,23.99,12.0,1,281.11
p2_W3_E3.118,3500.0,17.18,3.0,1,273.86
p2_E2_S2.28,3483.0,30.71,6.0,2,329.25
p2_E1_W1.287,3522.0,8.41,0.0,0,232.57
p2_W2_N2.28,3480.0,34.06,12.0,3,324.64
p2_E3_S3.29,3543.0,27.82,14.0,2,205.32
p2_W3_E3.120,3528.0,7.51,0.0,0,237.35
p2_E1_W1.288,3528.0,8.0,0.0,0,246.78
p2_E3_W3.288,3528.0,7.68,0.0,0,245.84
p2_E3_W3.287,3522.0,8.13,0.0,0,241.32
p2_W1_E1.120,3528.0,8.63,0.0,0,249.43
p2_S2_N2.86,3520.0,8.72,0.0,0,249.66
p2_N2_S2.86,3520.0,9.42,0.0,0,247.52
p2_E3_W3.289,3534.0,7.38,0.0,0,245.87
p2_E_W.286,3516.0,27.5,14.0,1,284.25
p2_W_E.120,3528.0,15.05,1.0,1,267.55
p2_W_E.119,3514.0,28.35,15.0,1,291.75
p2_E1_W1.289,3534.0,7.51,0.0,0,241.02
p2_E_W.284,3504.0,31.48,18.0,1,302.97
p2_E1_S1.28,3483.0,20.7,2.0,1,382.44
p2_S3_N3.86,3520.0,28.27,14.0,1,289.54
p2_S1_N1.87,3540.0,8.48,0.0,0,234.07
p2_S1_N1.86,3520.0,29.45,14.0,1,298.47
p2_N3_S3.86,3520.0,29.26,14.0,1,287.03
p2_N3_S3.87,3540.0,10.66,0.0,0,257.36
p2_W_E.121,3543.0,8.75,0.0,0,244.57
p2_E_W.285,3510.0,29.13,16.0,1,288.18
p2_S3_N3.85,3500.0,39.86,26.0,1,304.04
p2_E_W.287,3522.0,37.44,8.0,1,317.03
p2_E_W.288,3528.0,12.29,0.0,0,260.57
p2_E_W.289,3534.0,24.18,0.0,0,311.27
p2_N1_S1.87,3540.0,9.36,0.0,0,244.89
p2_N1_S1.86,3520.0,24.25,10.0,1,273.1
p2_E_W.290,3540.0,21.99,0.0,0,268.39
p2_S1_W1.29,3543.0,10.48,0.0,0,260.47
p2_E_W.291,3546.0,9.16,0.0,0,249.53
p2_E1_W1.290,3540.0,25.45,12.0,1,289.35
p2_W1_E1.121,3543.0,22.58,10.0,1,278.14
p2_S3_W3.29,3543.0,22.8,6.0,2,303.41
p2_E3_W3.291,3546.0,21.47,9.0,1,273.52
p2_W1_E1.122,3557.0,10.4,0.0,0,261.08
p2_W3_E3.122,3557.0,11.03,0.0,0,258.43
p2_S2_N2.87,3540.0,30.0,17.0,1,293.75
p2_E3_W3.293,3558.0,11.87,0.0,0,276.96
p2_N2_S2.87,3540.0,31.26,17.0,1,304.93
p2_W1_N3.29,3540.0,30.8,13.0,1,328.17
p2_E1_W1.292,3552.0,18.9,2.0,1,284.96
p2_E3_W3.294,3564.0,8.16,0.0,0,246.82
p2_E3_W3.290,3540.0,25.26,11.0,1,284.96
p2_E1_W1.293,3558.0,12.97,0.0,0,282.22
p2_E2_S2.29,3543.0,23.37,7.0,1,298.5
p2_E1_W1.286,3516.0,29.85,16.0,1,296.22
p2_E3_W3.292,3552.0,23.67,5.0,2,289.39
p2_N2_S2.88,3560.0,13.11,0.0,0,268.16
p2_S2_N2.88,3560.0,11.06,0.0,0,255.93
p2_E1_W1.294,3564.0,8.34,0.0,0,238.63
p2_E1_W1.291,3546.0,26.53,6.0,1,285.77
p2_E3_W3.295,3570.0,8.01,0.0,0,246.06
p2_W1_E1.123,3572.0,7.84,0.0,0,240.54
p2_W3_E3.123,3572.0,8.67,0.0,0,240.57
p2_W3_E3.121,3543.0,19.5,4.0,1,269.97
p2_E1_W1.295,3570.0,8.32,0.0,0,249.9
p2_E3_W3.296,3576.0,7.68,0.0,0,241.55
p2_E_W.294,3564.0,24.98,12.0,1,295.25
p2_S2_W2.29,3543.0,46.11,22.0,3,358.95
p2_E_W.296,3576.0,14.6,1.0,1,276.36
p2_N1_S1.88,3560.0,33.55,21.0,1,296.86
p2_N1_S1.89,3580.0,13.45,0.0,0,269.63
p2_N3_S3.89,3580.0,13.5,0.0,0,261.75
p2_S3_N3.89,3580.0,13.46,0.0,0,272.95
p2_N2_E2.29,3543.0,35.98,15.0,2,325.66
p2_S1_N1.89,3580.0,13.87,0.0,0,267.64
p2_E_W.292,3552.0,32.07,18.0,1,296.39
p2_S3_N3.88,3560.0,34.59,20.0,1,315.0
p2_W2_N2.29,3540.0,55.8,30.0,4,370.27
p2_S1_N1.88,3560.0,35.96,19.0,1,317.93
p2_E_W.295,3570.0,21.07,6.0,1,274.9
p2_W3_N1.29,3540.0,52.65,30.0,3,347.4
p2_E_W.293,3558.0,33.25,16.0,1,310.79
p2_N1_E3.28,3483.0,67.57,34.0,4,499.98
p2_N3_S3.88,3560.0,37.88,21.0,1,329.3
p2_W_E.122,3557.0,28.36,14.0,1,283.9
p2_W_E.123,3572.0,13.9,0.0,0,262.94
p2_W_E.124,3586.0,9.24,0.0,0,246.18
p2_S3_N3.87,3540.0,38.57,25.0,1,305.31
p2_E_W.297,3582.0,9.03,0.0,0,244.79
p2_E_W.299,3594.0,7.79,0.0,0,249.31
p2_N3_S3.85,3500.0,65.81,44.0,2,366.36
p2_E3_W3.297,3582.0,29.96,17.0,1,295.28
p2_W1_E1.124,3586.0,25.78,14.0,1,292.02
p2_W3_E3.124,3586.0,25.8,12.0,1,287.64
p2_E1_W1.298,3588.0,23.83,11.0,1,283.53
p2_E1_W1.299,3594.0,19.98,5.0,1,279.15
p2_E3_W3.299,3594.0,19.88,7.0,1,269.15
p2_N2_S2.89,3580.0,36.49,22.0,1,312.68
p2_E1_W1.297,3582.0,32.0,15.0,1,307.53
p2_E1_W1.296,3576.0,29.7,15.0,1,289.3
p2_E3_W3.298,3588.0,20.98,8.0,1,283.35
p2_E1_S1.29,3543.0,50.87,26.0,2,445.13
p2_N1_E3.29,3543.0,53.99,25.0,3,476.65
p2_E_W.298,3588.0,28.03,13.0,1,285.67
p2_S2_N2.89,3580.0,62.05,44.0,2,356.57
